a	啊
anf	按
an	安
anb	案
ai	爱
aa	阿
ao	奥
ane	岸
aod	澳
ait	埃
aic	艾
aiuc	碍
aib	癌
ano	暗
ah	昂
aor	傲
angn	鞍
aiw	哀
anq	氨
aif	挨
anr	俺
aof	熬
aiu	矮
aol	凹
ahy	盎
anon	胺
aie	隘
aofa	鳌
anj	铵
any	谙
ang	庵
aicv	蔼
aofw	敖
aao	腌
anh	黯
aoz	遨
aik	唉
aog	鏖
aop	袄
aibj	皑
aikx	哎
aot	坳
aob	翱
aok	嗷
aho	肮
aofl	拗
aox	懊
aoy	岙
and	鹌
aiy	霭
aiyv	霭
aakw	嗄
aofi	螯
aofm	骜
aio	暧
anm	桉
ain	嫒
aofq	獒
aiky	嗳
aofj	鏊
aak	吖
aiwy	瑷
ant	埯
aaj	锕
aikm	嗌
aon	媪
aogw	廒
aofe	聱
anqg	犴
aij	锿
aijy	锿
aiux	砹
ais	欸
ahp	卬
aiey	叆
aiuw	毐
aiua	毐
ank	唵
antn	垵
ana	𩽾
anrm	盦
aow	璈
aoa	奡
aoe	隩
anbn	安
anfn	按
aip	爱
aae	阿
aneg	岸
aopd	奥
aodd	澳
aicx	艾
aakk	啊
aibe	癌
anoo	暗
ahoe	昂
aorw	傲
anqn	氨
anrd	俺
aofh	熬
aiun	矮
aola	凹
ahym	盎
aiem	隘
anyo	谙
angd	庵
aaod	腌
anho	黯
aozw	遨
aogj	鏖
aopy	袄
aotl	坳
aobx	翱
aokw	嗷
ahoj	肮
aoxd	懊
andn	鹌
aioy	暧
anmn	桉
ainy	嫒
aaky	吖
aajk	锕
aonm	媪
aisr	欸
ahpe	卬
ankd	唵
aoww	璈
aoal	奡
aoed	隩
aipy	爱
aaek	阿
aq	安全
av	按照
ap	安排
ac	按错
au	按时
aj	安静
ag	昂贵
ad	按到
aw	安慰
ax	爱惜
ab	安保
af	安分
ak	拗口
al	按理
ar	黯然
as	暗算
at	凹凸
ay	安逸
az	暗自
am	暧昧
ae	挨饿
aaba	阿爸
aabo	阿伯
aabq	傲岸不群
aabx	皑皑白雪
aadb	嗷嗷待哺
aaff	安安分分
aafm	哀哀父母
aage	阿哥
aags	阿公
aaha	啊哈
aahs	阿訇
aaiq	暗暗称奇
aajp	阿姐
aajj	安安静静
aala	阿拉
aamw	阿妹
aama	阿妈
aamj	阿曼
aamf	阿门
aapo	阿婆
aapp	矮矮胖胖
aaqq	安安全全
aaqd	暗暗祈祷
aati	阿嚏
aavi	AA制
aaww	安安稳稳
aayi	阿姨
aaya	啊呀
aayo	啊哟
aayj	哀哀欲绝
aayy	安安逸逸
aaxx	安安心心
aaza	腌臜
aazu	暗暗咂舌
abai	爱不爱
abaq	安不安全
abay	安不安逸
abbd	按兵不动
abbu	哀兵必胜
abdg	安邦定国
abdi	安步当车
abdy	阿鼻地狱
abgo	熬不过
abgq	熬不过去
abhz	阿布哈兹
abjp	矮半截
abjb	按部就班
ablo	阿波罗
abla	埃博拉
ablk	爱别离苦
ablm	鞍不离马
abrz	爱兵如子
abuu	爱不释手
abvu	熬不住
abvb	阿布扎比
abvh	阿布扎哈
abvg	安邦治国
achx	暗藏祸心
acle	按错了
acqi	昂藏七尺
acrk	爱才若渴
acrm	爱财如命
acuj	暗藏杀机
acxj	暗藏玄机
adbl	爱搭不理
ader	安道尔
adic	暗度陈仓
adl	按道理
adli	奥地利
adly	澳大利亚
adtj	安定团结
adug	爱迪生
adwg	黯淡无光
adwn	安度晚年
adys	爱得要死
aebs	阿尔卑斯
aebd	爱而不得
aebu	哀而不伤
aeby	阿尔巴尼亚
aefa	阿尔法
aejy	阿尔及利亚
aeje	阿尔及尔
aelj	爱尔兰
afaf	安抚安抚
afet	埃菲尔铁塔
afhj	阿富汗
afti	阿凡提
afuj	安分守己
afxi	案发现场
agam	阿哥阿妹
agjy	爱岗敬业
agla	安哥拉
agru	爱国人士
agtk	阿根廷
aguy	熬更守夜
agve	爱国者
agvy	爱国主义
agvx	爱国之心
agzi	矮个子
ahby	哀鸿遍野
ahgv	昂贵
ahjv	爱恨交织
ahqi	昂起
ahrj	盎然
ahri	安好如初
ahsi	盎司
ahtz	昂头
ahug	安徽省
ahuz	昂首
ahv	爱好者
ahve	昂着
ahyh	昂扬
ahzh	肮脏
aiai	矮矮
aibm	癌变
aicd	爱才
aicc	艾草
aida	挨打
aidc	哀悼
aidd	爱戴
aiee	挨饿
aifa	挨罚
aifu	爱抚
aifw	爱妃
aigo	爱国
aigc	哀告
aige	挨个
aigh	爱岗
aihc	爱好
aihe	爱河
aihf	爱恨
aiho	爱火
aihu	爱护
aiio	暗戳戳
aiiz	哀愁
aiic	爱巢
aiig	爱称
aiii	爱吃
aijb	挨近
aiji	埃及
aijl	爱将
aikj	爱看
aiku	爱哭
aikz	隘口
aijq	艾灸
aijp	娭毑
aili	按常理
aile	矮了
ailm	爱恋
ailv	爱侣
aimu	爱慕
aima	挨骂
aimk	哀鸣
aimw	暧昧
aimb	爱民
aini	爱你
aiph	矮胖
aipi	挨批
aiqk	爱情
aiql	矮墙
aiqp	哀切
aiqq	哀求
airf	爱人
aisi	爱死
aiti	挨踢
aitj	哀叹
aitk	爱听
aits	哀痛
aitu	爱徒
aiuf	爱神
aiuh	爱上
aiui	碍事
aiuz	碍手
aive	挨着
aivg	癌症
aiwj	爱玩
aixb	爱心
aixi	爱惜
aixn	矮小
aixy	暗潮汹涌
aiya	哎呀
aiyi	爱意
aiyj	碍眼
aiyo	哎哟
aiyz	哎呦
aiyr	哀怨
aiys	爱用
aiyt	哀乐
aiyu	碍于
aiye	艾叶
aizi	矮子
aizg	爱憎
aizu	阿昌族
aizz	挨揍
aizd	挨宰
ajaj	安静安静
ajah	挨家挨户
ajbz	挨肩并足
ajcb	挨肩擦背
ajle	安静了
ajlh	安家落户
ajly	安居乐业
ajmd	阿基米德
ajnf	暗箭难防
ajsr	氨基酸
ajur	暗箭伤人
ajvy	安家置业
akbk	爱看不看
akla	安卡拉
albo	阿拉伯
albb	阿里巴巴
albl	爱理不理
albg	阿拉伯联合酋长国
albz	阿拉伯数字
alba	阿鲁巴
aldk	阿拉丁
alfp	按劳分配
alhv	安理会
allu	按理来说
alpk	奥林匹克
alqq	阿联酋
alqi	按劳取酬
alsi	安乐死
aluo	按理说
aluj	阿里山
alwo	安乐窝
alwf	埃里温
alyd	暗流涌动
alyt	暗里一套
amam	按摩按摩
amah	挨门挨户
amag	阿猫阿狗
amds	哀莫大于心死
amld	鞍马劳顿
amnv	爱莫能助
amrz	爱民如子
amsd	阿姆斯特丹
amvx	爱美之心
amvh	挨门逐户
amwq	奥妙无穷
amwl	傲慢无礼
amxr	爱慕虚荣
amyc	安眠药
amzi	爱面子
anan	暗暗
anbc	安保
anbh	安邦
anbj	案板
anbm	岸边
anbu	安瓿
anbv	按捺不住
anby	懊恼不已
anch	暗藏
anci	按此
anco	按错
ancy	暗忖
ancm	碍难从命
andc	暗道
andi	暗地
andj	暗淡
andk	安定
andu	安度
andy	安顿
anfa	案发
anff	安分
anfg	暗讽
anfh	安放
anfj	案犯
anfu	安抚
ange	暗格
angz	暗沟
anhc	暗号
anhd	暗害
anhe	暗合
anhj	暗含
anhl	暗黄
anhs	暗红
anhv	安徽
anhw	暗黑
anhy	安魂
ania	安插
anic	暗潮
anif	暗沉
anih	暗娼
anil	暗疮
aniu	暗处
aniy	鹌鹑
anji	按季
anjk	安静
anjm	案件
anjn	暗礁
anjp	按揭
anjr	案卷
anju	安居
anjx	安家
ankh	安康
ankv	暗亏
anli	案例
anla	安拉
anle	安乐
anlk	按铃
anlm	暗恋
anlq	暗流
anlv	暗绿
anly	氨纶
anmb	安民
anma	鞍马
anmf	暗门
anmm	安眠
anmi	安谧
anmo	按摩
anmj	安曼
annq	按钮
anna	按捺
anng	安能
annk	安宁
annm	按年
anpd	安排
anpw	安培
anqb	安寝
anqi	按期
anqk	案情
anqr	安全
anri	按日
anrj	安然
anrz	按揉
ansr	暗算
anso	暗锁
antd	安泰
antj	暗探
anto	安妥
antz	案头
anui	暗示
anua	暗杀
anuc	暗哨
anuj	鞍山
anue	安设
anuf	安神
anug	安生
anuh	岸上
anuo	按说
anuu	谙熟
anuv	安睡
anvl	安装
anvc	按照
anve	按着
anvi	安置
anvo	安卓
anvs	暗中
anvu	按住
anww	安慰
anwf	安稳
anxb	安心
anxi	安息
anxl	安详
anxm	暗线
anxn	暗笑
anxp	安歇
anxx	按下
anya	按压
anye	暗夜
anyi	安逸
anyk	暗影
anyt	按月
anyu	暗语
anys	暗涌
anzi	案子
anzh	安葬
anzo	安坐
aoao	嗷嗷
aoan	傲岸
aocc	凹槽
aodc	熬到
aodr	拗断
aodi	奥迪
aogo	熬过
aogu	傲骨
aohv	懊悔
aohf	凹痕
aoig	熬成
aojn	傲娇
aojb	凹进
aokz	拗口
aomj	傲慢
aomf	澳门
aomi	奥秘
aomn	奥妙
aomm	凹面
aonc	懊恼
aoqi	傲气
aorf	傲人
aorj	傲然
aosh	懊丧
aosi	熬死
aoth	熬汤
aotu	凹凸
aoui	傲视
aouu	奥数
aovz	澳洲
aovj	鏖战
aovi	熬制
aovu	熬煮
aoxl	翱翔
aoxm	凹陷
aoyc	熬药
aoye	熬夜
aoyk	熬鹰
aoyy	奥运
aoyi	奥义
aoyr	澳元
aoyz	遨游
aoxx	凹下
apap	安排安排
apld	安贫乐道
aqbx	哀其不幸
aqdd	安全带
aqdy	安全第一
aqhd	爱琴海
aqgj	安全感
aqju	安全局
aqjg	爱情价更高
aqmh	鞍前马后
aqqj	安全起见
aqrm	爱钱如命
aqpm	爱情片
aqxk	安全性
aqxu	安全系数
arrg	安然如故
arru	安然入睡
arrm	安然入眠
artl	傲然挺立
artu	安如泰山
arus	黯然失色
aruu	黯然神伤
arwy	安然无恙
arwu	安然无事
arxh	黯然销魂
aryl	傲然屹立
arzr	安然自若
asbj	阿塞拜疆
asey	埃塞俄比亚
ashe	艾森豪威尔
asjm	爱斯基摩
aska	奥斯卡
asle	爱死了
aslu	奥斯陆
asml	阿斯马拉
aspl	阿司匹林
asqb	暗送秋波
astn	阿斯塔纳
atbp	凹凸不平
atkq	暗通款曲
atjk	凹透镜
atsj	按图索骥
atug	安徒生
atvq	安土重迁
atyv	凹凸有致
atyj	哀痛欲绝
auaj	碍手碍脚
aubu	爱说不说
aubf	安守本分
audp	安神定魄
auhd	阿什哈巴德
aukb	昂首阔步
aukx	暗室亏心
aulm	安身立命
auma	阿诗玛
auny	爱沙尼亚
auqx	傲视群雄
autx	昂首挺胸
autq	唉声叹气
auuw	爱谁谁
auvd	安身之地
auvs	安身之所
auvl	安史之乱
auvi	安身之处
auwt	昂首望天
auws	爱生恶死
avbj	安装版
avew	安枕而卧
avff	安知非福
avfh	安知非祸
avms	暗中摸索
avml	安装目录
avrs	安之若素
avwy	安枕无忧
avyu	爱之欲其生
awaw	安慰安慰
awhv	奥委会
awjw	爱屋及乌
awtr	暗无天日
axbx	爱信不信
axcz	暗箱操作
axfp	按需分配
axhp	按下葫芦起来瓢
axjx	暗下决心
axjl	爱新觉罗
axle	安心了
axlo	阿修罗
axly	安心乐意
axwn	安享晚年
axuy	暗香疏影
axym	爱惜羽毛
ayhv	奥运会
ayst	爱因斯坦
ayvv	安营扎寨
ayww	哎呦喂
aywl	安有完卵
ayxv	安于现状
azbk	艾滋病
azfm	爱憎分明
azpc	腌臜泼才
azqx	暗自庆幸
azzd	爱咋咋地
b	不
bak	吧
bu	部
bc	报
bf	本
bww	备
bwl	北
bcby	宝
bcr	保
bn	表
bj	办
bk	并
bi	比
buv	步
ba	把
bnm	标
bw	被
bp	别
bmw	变
bda	百
bizt	逼
bid	必
bcb	包
buu	布
bap	八
bmr	便
bjp	版
bm	边
bkb	病
bd	白
bav	巴
basl	巴
bjd	半
bjw	班
bod	波
bms	编
bkq	兵
bup	补
bh	帮
bip	币
biv	笔
bou	博
bjv	般
bwr	倍
bof	播
bmz	遍
bjm	板
bibu	毕
bdk	败
bihb	秘
bbb	宾
bwlo	背
bdf	摆
bkd	冰
biz	避
bco	暴
bim	闭
bfv	笨
bfd	奔
bwm	杯
bjb	颁
bjr	伴
boul	勃
bo	拨
baf	拔
bcos	胞
bwkr	贝
bcc	薄
boc	薄
bhf	邦
bdrb	伯
bor	伯
bch	爆
bb	滨
bow	玻
bcu	饱
biu	壁
biut	壁
buf	捕
bcf	抱
bdu	拜
bwfi	辈
bjf	搬
bofc	搏
bwf	悲
bcrt	堡
bur	堡
bbw	斌
bbwv	斌
bhmf	榜
bwu	碑
bat	坝
bml	辩
bab	爸
bkuk	屏
bdm	柏
bom	柏
bodb	泊
bovb	舶
butf	埔
bay	霸
bidc	弊
bii	彼
bas	罢
biw	碧
bce	剥
boe	剥
bodl	渤
bku	饼
bbm	彬
bkh	炳
bjww	斑
bizl	鼻
bca	鲍
bmg	鞭
bhm	棒
biuo	臂
bwuo	臂
bjfd	扮
bbdr	濒
bkp	秉
bol	卜
bul	卜
bgb	甭
bgu	泵
bmk	贬
bnh	彪
bho	膀
bka	丙
but	埠
bomx	驳
bhj	镑
bhjf	镑
bhs	绑
bcou	曝
bhr	傍
bac	芭
bge	崩
bhu	磅
bovc	簿
buvc	簿
bpda	鳖
buk	哺
bux	怖
bic	蔽
bmkc	匾
baz	跋
bfc	苯
bccm	葆
bcd	瀑
bcv	豹
bafb	扒
bbd	殡
bakb	叭
bwp	卑
booz	脖
bidb	泌
bgi	蚌
bhi	蚌
bwx	悖
big	庇
bjfb	拌
bmh	扁
bcbd	刨
bcw	褒
bjfy	扳
bibl	痹
bbs	缤
bjl	瓣
boo	膊
bwwx	惫
bkf	摒
bib	毙
bpd	憋
bg	蹦
bjt	坂
bkm	柄
bovy	簸
bigg	弼
bocy	菠
bag	靶
bje	阪
bouc	礴
bgz	迸
bjs	绊
bgs	绷
bhy	谤
bcy	雹
bdr	佰
babb	疤
bov	箔
bwc	蓓
bipv	匕
bike	鄙
bchs	炮
bie	陛
bba	鬓
bmdx	卞
bbmb	槟
bnj	镖
bhme	梆
bczs	孢
bipu	裨
bduu	掰
boj	铂
boct	蕃
bmd	汴
bccs	苞
bnp	裱
bwe	陂
bcrh	煲
bavb	笆
buj	钚
bmlu	辫
bowq	亳
biur	贲
bal	耙
bojb	钵
bhd	浜
bhdb	浜
bob	帛
bidw	敝
baa	鲅
bwj	钡
bwq	狈
bpb	瘪
bdkr	呗
bwk	呗
bmu	砭
bkw	禀
bno	膘
bnq	飙
bicb	蓖
bam	粑
bae	岜
bwh	焙
bouu	擘
bcp	褓
bnjh	镳
bouz	饽
bmc	苄
bbf	摈
boz	跛
bad	灞
bbo	膑
bikb	吡
bmic	蝙
bdfu	捭
bivb	篦
bgk	嘣
bojd	钹
bir	俾
bij	铋
bdh	稗
bjjy	钣
bhc	蒡
bhcf	蒡
bwuk	碚
baj	钯
bjby	瘢
bnn	婊
bpdr	蹩
bibb	毖
bivu	筚
bcz	趵
bicz	荸
bicu	荜
bin	婢
boum	檗
bik	哔
bukb	卟
bma	鳊
bkbe	邴
bnmx	骠
bmsc	弁
bbwd	玢
bfj	锛
bidl	濞
bbj	镔
buz	逋
bafd	捌
bih	秕
bix	愎
bfs	畚
binb	妣
bnjs	飑
bbe	豳
bbg	髌
bnmu	杓
bguw	甏
bivl	箅
bbr	傧
bok	啵
boun	鹁
buo	晡
bwgu	庳
bigu	髀
bwgy	鞴
bit	畀
bidm	滗
bmp	褊
bacd	菝
bagd	魃
bjbw	癍
bfb	坌
bfdl	夯
biq	狴
biun	嬖
bmuc	碥
bna	鳔
buyn	醭
bwuj	鐾
bmx	忭
bnb	瘭
bozk	踣
bgj	镚
bgp	祊
boa	鲌
bamb	朳
bfn	犇
ban	妭
bao	胈
bayb	羓
baab	鲃
bbbe	邠
bfm	栟
bgw	琫
bhk	𠳐
bhw	玤
bhmk	棓
bht	塝
bhff	搒
bikr	赑
bibt	坒
birb	佖
bibe	邲
biy	诐
biwb	珌
bixy	觱
biwy	觱
biay	觱
bia	鲾
bjmb	柈
bjoy	昄
bjdy	湴
bjgb	靽
bko	昺
bki	蛃
bmf	抃
bmo	昪
bmcc	萹
bnr	俵
bnoy	脿
bnc	蔈
bnhx	熛
bnrh	儦
bnch	藨
boar	僰
boub	砵
bokz	哱
boab	鲌
boet	嶓
bojc	镈
boh	馞
buc	蔀
bwmu	椑
bwmy	糒
bojy	𬭛
bufn	𬷕
bomc	欂
bua	不
bfa	本
bwlb	北
bcrm	保
bjld	办
buvp	步
bwpy	被
bmwy	变
bdab	百
bpk	别
bwwt	备
bcbs	包
bapn	八
bmrg	便
bjpy	版
bmzl	边
bfdc	奔
bcfs	抱
bwfx	悲
burt	堡
batr	坝
bkbb	病
bavv	巴
body	波
bkqb	兵
bhfj	帮
bipj	币
bwrk	倍
boft	播
bdkw	败
bdfs	摆
bjbr	颁
bjrb	伴
bofd	拨
bccc	薄
bocc	薄
bhfe	邦
borb	伯
bowy	玻
bcus	饱
bdmb	柏
bomb	柏
bayo	霸
biiy	彼
bass	罢
bced	剥
boed	剥
bbmp	彬
bkhb	炳
bcas	鲍
bkpn	秉
bguu	泵
bmkf	贬
bnhp	彪
bhof	膀
bhse	绑
bacb	芭
bgeo	崩
buxj	怖
bicw	蔽
bazd	跋
bfcb	苯
bbdb	滨
bwpu	卑
bgif	蚌
bcwy	褒
bbsb	缤
booc	膊
bkfk	摒
bpdx	憋
bgzo	蹦
bagb	靶
bgzk	迸
bjsb	绊
bgso	绷
bhyf	谤
bgby	甭
bcys	雹
bwck	蓓
biet	陛
bbab	鬓
bmdb	汴
bnpy	裱
bwey	陂
bobj	帛
baad	鲅
bwjr	钡
bpbb	瘪
bkwx	禀
bnox	膘
bnqx	飙
baeb	岜
bwhk	焙
bmcb	苄
bbfb	摈
bozy	跛
bado	灞
bbob	膑
bgko	嘣
bajb	钯
binu	婢
biku	哔
bmac	鳊
bfjc	锛
buzf	逋
bbeu	豳
bbgb	髌
bbrb	傧
boky	啵
buof	晡
bitl	畀
bfbt	坌
biqt	狴
bnax	鳔
bnbx	瘭
bgjo	镚
bgpf	祊
band	妭
baod	胈
bgwl	琫
bhtf	塝
biat	鲾
bkob	昺
bkib	蛃
bmfb	抃
bmoc	昪
bnry	俵
bncx	蔈
bohz	馞
buad	不
bfaa	本
bijn	比较
bx	必须
bt	不同
bv	保证
bq	并且
by	必要
bz	不再
bs	比赛
bl	本来
br	不然
be	不饿
baba	爸爸
babc	八宝
babd	八百
babi	芭比
babk	把柄
babh	霸榜
bacc	拔草
bacg	八层
badm	八点
badc	霸道
bada	吧嗒
badn	拔掉
badz	巴豆
bael	北爱尔兰
bafg	把风
bafh	八方
bagc	拔高
bage	八个
bagr	把关
bags	罢工
bagu	八股
bagx	八卦
bagl	扒光
bahf	疤痕
bahe	拔河
bahu	跋扈
bahl	八荒
bahx	不安好心
baiu	拔出
bail	不按常理
baip	不按常理出牌
baie	扒车
baig	八成
baih	靶场
baii	把持
baji	吧唧
bajm	拔尖
bajn	八角
bajp	巴结
bakd	扒开
bake	罢课
baks	把控
baku	巴库
bala	扒拉
ball	八两
balb	巴林
bale	罢了
bali	巴黎
balk	霸凌
balu	八路
balw	芭蕾
bama	爸妈
bamc	拔毛
bamd	把脉
bamf	把门
bamm	罢免
banm	八年
bans	把弄
bapi	扒皮
bapo	八婆
baq	不安全
baqr	霸权
baqi	霸气
baqm	八千
baqu	拔取
bari	八日
basi	拔丝
basd	罢赛
basv	八岁
batd	吧台
batm	八天
batv	拔腿
baue	跋涉
baui	八十
bauu	巴蜀
bauz	把手
bave	八折
bavh	巴掌
bavj	霸占
bavu	霸主
bawo	把握
bawf	把稳
bawh	霸王
bawj	把玩
baxb	靶心
baxi	巴西
baxm	八仙
baxq	罢休
baxx	拔下
baxy	八旬
baya	拔牙
baye	霸业
bayk	拔营
bayi	八一
bayt	八月
bazi	八字
bazu	保安族
bbbi	并不比
bbbc	包不包
bbbu	不不不
bbbp	别别别
bbbh	帮不帮
bbbb	宾
bbbk	不卑不亢
bbby	褒贬不一
bbbq	百病不侵
bbbd	不比不知道
bbdc	办不到
bbdd	逼逼叨叨
bbde	巴不得
bbdn	百般刁难
bbdv	不必当真
bbdy	逼不得已
bbds	巴巴多斯
bbdt	包办代替
bbdj	并不多见
bbdg	步步登高
bbdl	不必多礼
bbff	缤纷
bbfi	百般奉承
bbfw	百般抚慰
bbgo	比不过
bbgr	宾馆
bbgu	步步高升
bbhv	并不会
bbhd	滨海
bbhe	滨河
bbhu	滨湖
bbhh	比比划划
bbhy	包办婚姻
bbig	办不成
bbiy	百步穿杨
bbiu	百病缠身
bbjl	滨江
bbjn	鬓角
bbju	比比皆是
bbjx	步步惊心
bbjb	步步紧逼
bbjv	标本兼治
bbjj	白白净净
bbko	不包括
bbke	宾客
bbku	必不可少
bbkq	必不可缺
bbl	八百里
bblb	濒临
bblh	步步莲花
bbli	宾利
bbll	冰冰凉凉
bblm	殡殓
bbly	巴比伦
bblx	便把令来行
bblf	白白浪费
bbmc	鬓毛
bbmm	爸爸妈妈
bbmh	帮帮忙
bbmd	把把脉
bbng	并不能
bbnn	白白嫩嫩
bbnf	别不耐烦
bbp	抱不平
bbpk	摆不平
bbpg	宾朋
bbpp	白白胖胖
bbqq	北半球
bbqi	摈弃
bbqg	彪炳千古
bbql	跛鳖千里
bbrd	兵败如山倒
bbry	并不容易
bbrw	并不认为
bbsi	濒死
bbth	棒棒糖
bbtt	蹦蹦跳跳
bbui	并不是
bbuz	摆摆手
bbuu	并不是说
bbuh	比不上
bbum	帮不上忙
bbul	步步生莲
bbuc	彪炳史册
bbvz	八宝粥
bbvd	并不知道
bbvm	百般折磨
bbvj	八拜之交
bbvu	宾主
bbvw	不辨真伪
bbvy	不白之冤
bbwu	坝坝舞
bbwj	北部湾
bbww	濒危
bbwx	白璧微瑕
bbwy	步步为营
bbwq	并不完全
bbwn	被逼无奈
bbwi	卑鄙无耻
bbxl	并不想
bbxb	别不信
bbxr	兵不血刃
bbxy	并不需要
bbyc	不必要
bbyh	北冰洋
bbyl	彬彬有礼
bbyu	宾语
bbyv	兵不厌诈
bbyd	并不一定
bbyw	并不意外
bbyf	饱饱眼福
bbyx	不必言谢
bbyy	巴布亚新几内亚
bbzi	半辈子
bbzh	殡葬
bbzy	不必在意
bbzr	不把自己当外人
bbzn	百般阻挠
bcan	保安
bcbc	宝宝
bcbf	保本
bcbi	包庇
bcbj	包办
bcbk	刨冰
bcbm	褒贬
bcbn	报表
bcbw	宝贝
bcch	爆仓
bccj	饱餐
bcco	报错
bccy	保存
bccd	包菜
bcda	报答
bcdc	报道
bcdi	保底
bcdj	保单
bcdk	保定
bcdm	宝典
bcdp	暴跌
bcds	暴动
bcdu	报毒
bcen	报恩
bceb	不辞而别
bcfa	爆发
bcfg	暴风
bcfh	包房
bcfu	报复
bcfw	报废
bcfy	不测风云
bcgc	报告
bcgd	宝盖
bcge	饱嗝
bcgj	包干
bcgl	曝光
bcgm	本草纲目
bcgo	包裹
bcgr	保管
bcgs	包公
bcgu	苞谷
bcgv	宝贵
bche	饱和
bchf	抱恨
bchj	包含
bchr	包换
bchu	保护
bchc	包好
bchx	包藏祸心
bcia	宝刹
bcic	爆炒
bcie	包车
bcih	包场
bcii	保持
bciu	爆出
bciz	报酬
bcil	刨床
bcjb	抱紧
bcjd	不存芥蒂
bcji	暴击
bcjk	报警
bcjl	褒奖
bcjm	保健
bcjp	保洁
bcju	保举
bcjx	报价
bcjy	暴君
bcko	包括
bckc	报考
bckj	报刊
bcke	剥壳
bcks	暴恐
bckd	爆开
bckr	病从口入
bcki	病从口入，祸从口出
bcku	宝库
bcl	不错了
bcle	报了
bclg	爆冷
bcli	暴力
bclj	包揽
bclk	不辞劳苦
bcln	爆料
bclo	包罗
bclp	爆裂
bclq	保留
bclr	暴乱
bclu	暴露
bclw	堡垒
bcmk	报名
bcma	宝马
bcmb	百辞莫辩
bcmi	保密
bcmj	饱满
bcmo	薄膜
bcmu	保姆
bcmw	胞妹
bcnr	保暖
bcnm	包年
bcnt	暴虐
bcnu	暴怒
bcpg	爆棚
bcpj	报盘
bcpi	报批
bcpn	包票
bcpm	薄片
bcpo	爆破
bcpw	包赔
bcqm	抱歉
bcqi	抱起
bcqk	报请
bcqr	保全
bcqu	抱屈
bcrf	保人
bcrs	包容
bcss	报送
bcsh	报丧
bcsi	暴死
bctv	包退
bcth	煲汤
bcta	宝塔
bctd	爆胎
bctj	报摊
bctk	报亭
bctn	暴跳
bctr	抱团
bctu	暴徒
bctz	包头
bcud	暴晒
bcue	报社
bcuf	报审
bcuh	报上
bcui	宝石
bcua	薄纱
bcuj	宝山
bcuq	抱残守缺
bcuu	报数
bcuv	报税
bcuz	保守
bcva	爆炸
bcve	抱着
bcvf	抱枕
bcvg	保证
bcvh	保障
bcvi	报纸
bcvj	报站
bcvl	包装
bcvs	保重
bcvu	抱住
bcvy	保准
bcvz	煲粥
bcwf	保温
bcwa	辩才无碍
bcwn	博茨瓦纳
bcwu	宝物
bcww	包围
bcxb	报信
bcxi	报喜
bcxk	暴行
bcxl	包厢
bcxm	保险
bcxn	报销
bcxq	保修
bcxs	胞兄
bcxt	暴雪
bcxx	包下
bcya	龅牙
bcye	包夜
bcyh	保养
bcyi	报以
bcyk	报应
bcyr	抱怨
bcyt	包月
bcyu	暴雨
bcyz	保佑
bcyd	饱餐一顿
bcza	包扎
bczc	暴躁
bczg	暴增
bczh	宝藏
bczi	包子
bczo	宝座
bczu	包租
bczz	暴走
bdan	不得安宁
bdb	不得不
bdbn	不代表
bdbc	百宝
bdbd	拜拜
bdbi	败笔
bdbj	白班
bdbk	百病
bdbl	宝刀不老
bdbm	百变
bdbp	拜别
bdbq	百毒不侵
bdbt	不得不低头
bdbu	摆布
bdbw	百倍
bdbx	不大不小
bdby	百读不厌
bdbf	不得不服
bdcd	白菜
bdcc	百草
bdcu	白醋
bdd	不单单
bddj	不大对劲
bdda	百搭
bddc	拜倒
bddd	白带
bddi	白底
bddk	白丁
bddm	白点
bdds	摆动
bddt	不登大雅之堂
bddu	百度
bddy	不登大雅
bdev	不得而知
bdei	背道而驰
bdeq	拔地而起
bdfa	白发
bdff	百分
bdfh	拜访
bdfj	白饭
bdfo	拜佛
bdfw	白费
bdfg	白癜风
bdgj	白干
bdgs	白宫
bdge	白鸽
bdgl	白光
bdgr	百官
bdgo	白果
bdgu	白骨
bdgw	白给
bdgi	波德戈里察
bdhl	憋得慌
bdhc	摆好
bdhe	百合
bdhk	败坏
bdho	百货
bdhs	不得好死
bdhu	不当回事
bdhv	拜会
bdhx	白话
bdhz	白底黑字
bdij	不动产
bdii	白痴
bdia	白茶
bdie	掰扯
bdir	百川
bdiu	摆出
bdig	摆成
bdih	不到长城非好汉
bdj	不对劲
bdjb	白金
bdjg	兵多将广
bdji	败绩
bdjk	白净
bdjm	摆件
bdjq	白酒
bdjr	白卷
bdju	败局
bdjx	败家
bdjy	败军
bdjw	不懂就问
bdkd	掰开
bdke	百科
bdko	摆阔
bdka	白卡
bdkj	白看
bdkh	遍地开花
bdkn	不大可能
bdky	不打诳语
bdln	不得了
bdli	背地里
bdlr	别捣乱
bdle	白了
bdlk	白领
bdlm	白脸
bdlo	败落
bdlu	白露
bdlw	败类
bdla	白蜡
bdlj	摆烂
bdlp	摆列
bdls	白龙
bdll	不得了了
bdlg	布达拉宫
bdma	白马
bdmc	白猫
bdmh	白忙
bdmi	百米
bdmj	摆满
bdmk	摆明
bdmm	白面
bdmn	白描
bdmo	白沫
bdmd	不达目的
bdnm	百年
bdnf	白嫩
bdnn	百鸟
bdns	摆弄
bdnl	表达能力
bdpk	摆平
bdpu	摆谱
bdpc	白跑
bdpi	白皮
bdpd	摆拍
bdpn	白嫖
bdps	布达佩斯
bdq	不定期
bdqi	白旗
bdqy	白裙
bdqf	不得其法
bdql	百强
bdqs	不得其所
bdqx	北斗七星
bdrf	白人
bdri	白日
bdrx	不得人心
bdrz	白肉
bdru	不动如山
bdsr	不打算
bdse	白色
bdsi	冰冻三尺
bdsh	冰冻三尺，非一日之寒
bdss	白送
bdsu	败诉
bdsv	百岁
bdtd	百态
bdth	白糖
bdtj	摆摊
bdtm	白天
bdtn	白条
bdto	拜托
bdtu	白兔
bdtv	败退
bdtz	白头
bdtp	白铁
bdtg	不断提高
bdti	拔得头筹
bdua	白纱
bdue	摆设
bdul	白霜
bduh	摆上
bdui	拜师
bduj	拜山
bduo	白说
bduf	拜神
bdus	不动声色
bduv	不得善终
bduz	拜寿
bdvf	别当真
bdvc	百兆
bdve	摆着
bdvg	摆正
bdvh	败仗
bdvi	白纸
bdvz	白昼
bdvj	百战
bdvo	白灼
bdvs	白种
bdvu	白术
bdvd	不懂装懂
bdvq	不雕琢不成器
bdw	本单位
bdwj	百万
bdww	百味
bdwh	拜望
bdwg	不倒翁
bdwu	白雾
bdwa	白袜
bdwl	宝刀未老
bdx	北斗星
bdxb	别担心
bdxi	白皙
bdxk	百姓
bdxm	白线
bdxp	拜谢
bdxt	白雪
bdxv	拔刀相助
bdxy	北大西洋
bdxz	半大小子
bdy	不等于
bdyb	白银
bdyc	白药
bdye	拜谒
bdyh	白羊
bdyi	不得已
bdyj	白眼
bdys	笨得要死
bdyl	弊大于利
bdyr	百元
bdyu	白玉
bdyv	步调一致
bdyy	白云
bdyk	不答应
bdyz	柏油
bdyw	不得有误
bdz	半吊子
bdzd	摆在
bdzi	白字
bdzo	白做
bdzu	白族
bdzv	不打自招
bdzz	败走
bebj	避而不见
bebd	避而不答
bebt	避而不谈
beby	备而不用
befm	不二法门
befz	不二法则
begj	巴尔干
begd	贝尔格莱德
beqy	布尔乔亚
bels	白俄罗斯
beuk	布尔什维克
bevx	不二之选
bevk	巴尔扎克
bfan	本案
bfbm	不方便
bfbc	不分彼此
bfbf	笨笨
bfbn	本表
bfbo	奔波
bfbu	本部
bfbd	百分百
bfbi	百分比
bfbv	百发百中
bfci	本次
bfcc	白发苍苍
bfcq	不复从前
bfcz	不复存在
bfcu	不负此生
bfdm	百分点
bfdh	本当
bfdi	本地
bfdj	笨蛋
bfdv	本队
bfdx	百废待兴
bfdn	不复当年
bfff	本分
bffw	本非
bffh	奔放
bffu	奔赴
bffz	不法分子
bfgd	本该
bfgh	避风港
bfgs	本宫
bfgo	本国
bfgx	不分高下
bfhc	百分号
bfhh	本行
bfhu	暴发户
bfhy	八方呼应
bfii	奔驰
bfih	本场
bfil	不费吹灰之力
bfiu	奔出
bfjb	本金
bfji	本季
bfjp	本届
bfjq	本就
bfjx	百废俱兴
bfjy	暴风疾雨
bfke	本科
bfkj	本刊
bfku	白费口舌
bfld	本来
bflk	本领
bfli	本利
bflv	百分率
bflq	白费力气
bfll	兵分两路
bflw	本类
bfly	本轮
bfmk	本名
bfmf	本门
bfmo	本末
bfmw	白富美
bfng	本能
bfnm	本年
bfnn	笨鸟
bfnw	不分你我
bfpc	奔跑
bfpm	本片
bfpn	本票
bfq	不服气
bfqb	不分青红皂白
bfqi	本期
bfqm	本钱
bfqy	本群
bfqr	不乏其人
bfqv	不分轻重
bfqu	白发青衫
bfrf	本人
bfri	本日
bfrq	不负如来不负卿
bfse	本色
bfsi	笨死
bfsh	奔丧
bfst	不负所托
bftg	奔腾
bftc	奔逃
bfti	本体
bftz	奔头
bftp	本帖
bftm	本田
bftn	本条
bftu	本土
bfty	悲愤填膺
bfuo	比方说
bfuf	本身
bfug	本省
bfui	本事
bfuu	本书
bfur	贲
bfuh	不负韶华
bfvb	百分之百
bfve	本着
bfvi	本质
bfvj	本站
bfvo	笨拙
bfvs	笨重
bfvf	本真
bfvg	并发症
bfvt	不法之徒
bfvu	笨猪
bfvw	不负众望
bfvy	百分之一
bfvz	本周
bfvh	本章
bfwf	本文
bfwu	本无
bfww	本位
bfwx	变法维新
bfwb	变废为宝
bfx	不放心
bfxb	本心
bfxi	本息
bfxj	白费心机
bfxk	本性
bfxl	本想
bfxn	本校
bfxv	不分轩轾
bfxw	不法行为
bfy	暴风雨
bfye	本页
bfyi	本意
bfyk	本应
bfyr	本源
bfyt	本月
bfys	奔涌
bfyz	不费一兵一卒
bfyu	并非易事
bfyv	笔锋一转
bfyy	不发一言
bfze	不负责
bfzz	奔走
bfzy	本尊
bfzi	本子
bfzo	本座
bfzr	不负责任
bfzl	不放在眼里
bgbd	半工半读
bgbg	不管不顾
bgbw	不管不问
bgbj	不干不净
bgbi	笔耕不辍
bgbl	包工包料
bgbu	蚌埠
bgbf	八个不忿
bgdh	不敢当
bgda	蹦跶
bgdd	绷带
bgdi	蹦迪
bgdr	绷断
bgdn	崩掉
bgdt	不共戴天
bgdj	半个多世纪
bgdy	半个多月
bgdu	半个多小时
bgee	不过尔尔
bgeq	不告而取
bgfa	迸发
bggr	甭管
bggt	不敢苟同
bggp	不敢高攀
bghk	崩坏
bghr	不甘后人
bghw	不敢或忘
bgil	蹦床
bgiu	蹦出
bgjk	白骨精
bgjb	绷紧
bgji	蹦极
bgjp	崩解
bgjj	百感交集
bgjm	不甘寂寞
bgjn	不干胶
bgkv	崩溃
bgl	不管了
bgle	崩了
bglp	崩裂
bglh	不甘落后
bglj	八国联军
bgll	波光粼粼
bglm	不敢掠美
bglu	不归路
bgmh	帮个忙
bgpk	不公平
bgpj	崩盘
bgqi	绷起
bgqx	卑躬屈膝
bgrc	不过如此
bgsg	闭关锁国
bgsf	不够塞牙缝
bgsy	不管三七二十一
bgta	崩塌
bgtn	蹦跳
bgtj	博古通今
bgty	不关痛痒
bgtz	包工头
bgue	迸射
bgui	办公室
bguj	半个世纪
bguo	甭说
bgur	不甘示弱
bgus	兵贵神速
bguy	杯弓蛇影
bguv	不敢擅专
bgvs	半个钟
bgve	绷着
bgvi	绷直
bgvu	绷住
bgvt	半个钟头
bgvf	秉公执法
bgvl	百舸争流
bgvx	不敢置信
bgvy	悲观主义
bgwf	八股文
bgwy	不敢妄言
bgwx	报告文学
bgwu	别跟我说
bgx	不更新
bgxk	不高兴
bgxb	不甘心
bgxl	甭想
bgxx	不敢相信
bgxq	不感兴趣
bgxu	半个小时
bgyt	半个月
bgyq	不顾一切
bgys	不够意思
bgyu	不甘于
bgyx	不苟言笑
bgyb	不敢越雷池一步
bgzi	半个字
bgzp	不攻自破
bgzu	闭关自守
bgzc	不敢造次
bgzv	八竿子打不着
bhba	不会吧
bhbh	帮帮
bhbk	棒冰
bhbm	不慌不忙
bhbj	饱汉不知饿汉饥
bhda	棒打
bhdj	榜单
bhdd	变化多端
bhdk	绑定
bhdr	不遑多让
bhdc	北海道
bhel	不寒而栗
bhes	不欢而散
bhfu	帮扶
bhfw	绑匪
bhge	不合格
bhgo	背黑锅
bhgl	别鹤孤鸾
bhgs	帮工
bhgv	帮规
bhgx	北回归线
bhgr	白虹贯日
bhgj	不患寡而患不均
bhhx	白花花
bhhe	棒喝
bhhv	帮会
bhhy	不怀好意
bhif	帮衬
bhig	磅秤
bhiv	棒槌
bhil	不合常理
bhjb	绑紧
bhji	棒极
bhjn	白胡椒
bhjx	绑架
bhke	蚌壳
bhky	帮困
bhl	不合理
bhli	白鹤亮翅
bhlt	冰火两重天
bhlc	绑牢
bhle	帮了
bhlh	悲欢离合
bhld	不回来
bhmc	变幻莫测
bhmh	帮忙
bhml	兵荒马乱
bhma	巴哈马
bhpn	绑票
bhpd	帮派
bhpj	不患贫而患不均
bhph	暴虎冯河
bhqu	不回去
bhqy	不合群
bhqf	百花齐放
bhql	帮腔
bhqq	棒球
bhqt	碧海青天
bhrf	帮人
bhre	不好惹
bhsr	不划算
bhsj	保护伞
bhsl	傍花随柳
bhtv	绑腿
bhuh	帮上
bhuf	傍身
bhuo	不好说
bhui	不合适
bhuy	不合时宜
bhuz	帮手
bhvu	帮助
bhve	帮着
bhvn	不惑之年
bhvt	抱恨终天
bhvy	百花争艳
bhwj	傍晚
bhwf	榜文
bhwi	变幻无常
bhwq	变化无穷
bhxx	帮下
bhxp	冰魂雪魄
bhxs	帮凶
bhxk	保护性
bhyh	榜样
bhyj	榜眼
bhys	不好意思
bhyt	背后一套
bhyv	白毫银针
bhzd	绑在
bhzi	棒子
bian	彼岸
bibd	必败
bibh	臂膀
bibi	比比
bibk	弊病
bibn	不吵不闹
bibj	罢黜百家
bibo	碧波
bibv	把持不住
bibw	必备
biby	百吃不厌
bici	彼此
bide	必得
bidg	壁灯
bidk	必定
bidr	弊端
bidu	必读
bidv	比对
bidd	笔袋
bidz	鼻窦
bids	壁咚
bidn	笔调
bida	必答
bidq	必成大器
bifh	比方
bifa	笔法
biff	比分
bifg	避风
bify	不成方圆
bigj	笔杆
bigl	避光
bigr	闭关
bigs	逼供
bigo	避过
bigt	百尺竿头
bigv	壁柜
bigx	壁挂
bigb	百尺竿头更进一步
bigh	百川归海
bihd	碧海
bihe	闭合
bihr	闭环
bihj	避寒
bihl	不差毫厘
biho	避祸
bihu	庇护
bihv	避讳
bihx	笔画
bihy	逼婚
biiu	壁橱
biic	B超
bijb	逼近
biji	笔记
bijk	毕竟
bijl	必将
bijm	鼻尖
bijq	必究
bijr	闭卷
bijy	不成敬意
bijx	笔架
bijv	别出机杼
bikd	避开
biks	鼻孔
bikc	必考
bikz	闭口
bikj	必看
bikg	避坑
bili	比例
bile	毙了
bilj	碧蓝
bill	鼻梁
bilu	笔录
bilv	比率
bilw	避雷
bilz	鄙陋
bilb	比邻
biln	拔出萝卜带出泥
bimc	鼻毛
bimf	闭门
bimj	鞭长莫及
bimk	笔名
bimm	避免
bimo	笔墨
bimu	闭幕
bimw	比美
bini	比拟
binj	避难
binv	婢女
bipb	比拼
bipo	逼迫
bipk	逼平
biqi	比起
biql	鼻腔
biqq	壁球
biqw	不成其为
biqv	必承其重
birh	避让
birj	必然
biru	比如
birf	鄙人
bis	鼻塞
bisd	比赛
bise	闭塞
biso	闭锁
bisa	比萨
bisi	必死
bisl	不出所料
bitc	笔套
bits	笔筒
bite	比特
biti	鼻涕
bitj	笔谈
bitk	笔挺
bitt	不成体统
bitz	鼻头
biuh	闭上
biui	鄙视
biuu	避暑
biua	必杀
biug	必胜
biuv	避税
biuy	笔顺
biuz	匕首
biuq	悲春伤秋
biux	不差上下
bivc	比照
bivd	逼债
bive	闭着
bivf	逼真
bivg	必争
bivj	臂展
bivh	臂章
bivi	壁纸
bivs	比重
bivm	不传之秘
bivt	不吃这一套
biwf	逼问
biwj	臂弯
biwu	比武
biwt	不成问题
bixb	笔芯
bixc	别出心裁
bixh	报仇雪恨
bixi	鼻息
bixk	笔形
bixm	避嫌
bixp	辟邪
bixq	必修
bixr	必选
bixt	鼻血
bixu	必须
bixw	不耻下问
bixx	陛下
biyb	鼻音
biyc	必要
biye	毕业
biyi	鼻翼
biyj	闭眼
biyr	不齿于人
biyt	抱成一团
biys	必用
biyu	比喻
biyy	避孕
biyz	必有
biyw	不出意外
bizi	鼻子
bizo	比作
bizu	鼻祖
bizv	闭嘴
bizz	逼走
bize	逼仄
bizh	不耻最后
bjan	办案
bjbd	半百
bjbf	版本
bjbc	板报
bjbi	半壁
bjbj	斑斑
bjbk	搬兵
bjbl	半斤八两
bjbm	半边
bjbo	斑驳
bjbs	不见不散
bjbu	颁布
bjbz	不骄不躁
bjbx	不疾不徐
bjbh	包教包会
bjch	半仓
bjcd	板材
bjci	班次
bjcy	板寸
bjcs	饱经沧桑
bjdc	搬到
bjda	半打
bjde	不见得
bjdg	板凳
bjdi	班底
bjdm	半点
bjdv	八九点钟
bjdn	不减当年
bjdr	半段
bjds	搬动
bjdu	伴读
bjdl	不记得了
bjdj	不计代价
bjel	比肩而立
bjev	不教而诛
bjez	不胫而走
bjeh	贝加尔湖
bjfa	办法
bjff	半分
bjfj	拌饭
bjft	不进反退
bjfu	饱经风霜
bjfq	不解风情
bjfi	宝剑锋从磨砺出
bjg	不及格
bjgk	别见怪
bjge	半个
bjgl	不见棺材不落泪
bjgs	办公
bjgv	版规
bjgr	八九个人
bjgy	八九个月
bjgx	白驹过隙
bjhc	办好
bjhv	搬回
bjhf	瘢痕
bjhj	半酣
bjhx	版画
bjhh	保驾护航
bjhg	不计后果
bjhy	别具慧眼
bjih	半场
bjie	班车
bjig	办成
bjij	班禅
bjiu	搬出
bjib	不计成本
bjj	不仅仅
bjjb	半斤
bjji	班级
bjjk	半径
bjjl	颁奖
bjjn	半角
bjjp	半截
bjjq	斑鸠
bjju	半句
bjjv	比肩接踵
bjjx	搬家
bjkk	版块
bjka	办卡
bjkd	搬开
bjks	半空
bjku	扮酷
bjkb	不积跬步
bjkl	不积跬步无以至千里
bjkg	白驹空谷
bjle	不见了
bjlh	伴郎
bjli	办理
bjlj	斑斓
bjln	边角料
bjlk	冰激凌
bjlo	半裸
bjlu	半路
bjlv	伴侣
bjla	半拉
bjlx	背井离乡
bjly	保加利亚
bjlz	兵精粮足
bjlt	布加勒斯特
bjma	斑马
bjmm	版面
bjmg	不结盟
bjmd	不结盟运动
bjmz	不讲面子
bjni	比基尼
bjnl	伴娘
bjnm	半年
bjns	搬弄
bjny	不拘泥于
bjpd	半拍
bjpk	半瓶
bjpo	半坡
bjpn	半票
bjpw	般配
bjpb	保健品
bjq	不久前
bjqm	搬迁
bjqq	并驾齐驱
bjql	不近情理
bjqr	版权
bjqu	不计其数
bjqx	不计前嫌
bjrc	不仅如此
bjrl	不绝如缕
bjri	半日
bjrq	不近人情
bjry	不尽人意
bjru	搬入
bjrj	不尽然
bjrt	半截入土
bjsd	半决赛
bjsi	半死
bjso	毕加索
bjsl	不见森林
bjss	不假思索
bjst	巴基斯坦
bjsv	伴随
bjsc	悲剧色彩
bjtm	半天
bjto	办妥
bjtr	不见天日
bjts	半桶
bjtu	半途
bjth	半躺
bjty	不见兔子不撒鹰
bju	北京市
bjuf	半身
bjug	半生
bjui	办事
bjuh	班上
bjuj	半山
bjuq	杯酒释兵权
bjuu	半数
bjuv	版税
bjuz	扳手
bjus	八九十岁
bjvz	半周
bjvd	必经之地
bjvc	不羁之才
bjvg	办证
bjvh	班长
bjve	伴着
bjvj	败军之将
bjvl	必经之路
bjvm	百家争鸣
bjvr	搬砖
bjvt	不经之谈
bjvu	版主
bjvx	不见真佛不烧香
bjvy	不解之缘
bjwf	斑纹
bjwg	保家卫国
bjwd	不讲武德
bjwj	办完
bjwm	不尽完美
bjwu	伴舞
bjwt	把酒问青天
bjx	百家姓
bjxs	北极熊
bjxk	颁行
bjxl	扮相
bjxm	半仙
bjxr	半悬
bjxj	不拘小节
bjxt	不尽相同
bjy	不经意
bjya	板鸭
bjye	半夜
bjyg	别具一格
bjyf	八九月份
bjyi	搬移
bjyj	扮演
bjyz	伴有
bjyr	半圆
bjyt	半月
bjyb	伴音
bjyv	不经一事不长一智
bjyy	搬运
bjyd	败局已定
bjyq	不讲义气
bjyh	不久以后
bjz	败家子
bjzi	班子
bjzo	扮作
bjzt	不进则退
bjzu	班组
bjzv	拌嘴
bjzz	伴奏
bjdx	北京大学
bjux	北京师范大学
bkan	并案
bkbw	背靠背
bkbc	冰雹
bkbn	并表
bkbd	兵败
bkbh	冰棒
bkbm	病变
bkbu	并不
bkbk	冰冰
bkby	百看不厌
bkbt	闭口不谈
bkbv	不可不知
bkbf	不可不防
bkcy	并存
bkcg	冰层
bkdc	冰岛
bkdd	冰袋
bkdy	不可动摇
bkdg	冰灯
bkdn	冰雕
bkds	冰冻
bkdm	冰点
bkdk	兵丁
bkdu	病毒
bkdl	背靠大树好乘凉
bkev	不可遏制
bkfa	兵法
bkfu	冰敷
bkfg	冰封
bkfh	病房
bkfr	不可否认
bkfw	并非
bkgz	并购
bkgc	禀告
bkgf	病根
bkgj	饼干
bkgd	冰盖
bkgl	不可估量
bkgr	不可告人
bkgb	不可改变
bkgs	秉公
bkgu	病故
bkgv	冰柜
bkgy	冰棍
bkhc	病号
bkhd	病害
bkhe	冰河
bkhx	冰花
bkhq	不可或缺
bkhr	病患
bkhj	冰寒
bkhu	不堪回首
bkig	秉承
bkii	秉持
bkiu	摒除
bkil	病床
bkir	冰川
bkij	冰铲
bkit	鼻孔朝天
bkjl	并将
bkjb	并进
bkjd	不可兼得
bkji	并击
bkjm	并肩
bkjk	冰晶
bkjn	冰窖
bkjq	并就
bkju	病句
bkjx	病假
bkjy	病菌
bkjv	不可居无竹
bkkk	冰块
bkkz	并口
bkkj	不可开交
bkkl	不可抗力
bklv	不考虑
bkle	病了
bkls	并拢
bklg	冰冷
bklh	槟榔
bkli	病例
bkll	冰凉
bklk	冰凌
bklm	并联
bklp	并列
bkly	不可理喻
bkmc	病猫
bkma	兵马
bkmb	百口莫辩
bkmk	禀明
bkmo	病魔
bkmv	不可名状
bkmw	并没
bkmm	不可磨灭
bkng	不可能
bkni	不可逆
bknv	不可逆转
bknd	不可能的
bknb	不可能吧
bkpd	并排
bkpi	兵痞
bkpf	不可偏废
bkpu	不靠谱
bkqi	兵器
bkqj	不可企及
bkqk	病情
bkqp	并且
bkqq	冰球
bkqr	兵权
bkqu	不可缺少
bkqx	不可全信
bkqf	不可侵犯
bkrf	病人
bkre	不堪入耳
bkrm	不堪入目
bkrx	碧空如洗
bkrs	病容
bkru	并入
bkry	宾客如云
bksi	病死
bksr	丙酸
bksm	不看僧面看佛面
bksy	不可思议
bkts	病痛
bkth	冰糖
bkta	病榻
bkti	病体
bktd	病态
bktr	兵团
bktv	病退
bkty	不可同日而语
bktx	不可推卸
bkuh	冰上
bkui	病逝
bkuj	冰山
bkul	冰霜
bkum	别开生面
bkuu	兵书
bkuv	冰水
bkux	不堪设想
bkvg	病症
bkvs	病重
bkvv	冰锥
bkvc	冰爪
bkvf	冰镇
bkvu	冰柱
bkvm	不可捉摸
bkvx	不可置信
bkvl	不可知论
bkvr	不可终日
bkwu	并无
bkww	并未
bkwh	并网
bkwj	丙烷
bkwy	不可外扬
bkxb	不开心
bkxd	不可懈怠
bkxu	不可小视
bkxk	并行
bkxl	冰箱
bkxp	冰鞋
bkxi	屏息
bkxq	不可小觑
bkxt	冰雪
bkxw	不可信其无
bkxx	不可想象
bky	不可以
bkym	不可以吗
bkyb	病因
bkyi	不可言传
bkyj	不堪一击
bkyk	兵营
bkys	并用
bkyu	并于
bkyv	不可言状
bkyy	不可逾越
bkyz	并有
bkyg	不快也光
bkzd	并在
bkzb	不可自拔
bkzc	不可造次
bkzu	不可再生
bkzi	饼子
bkzj	不堪造就
blbw	玻璃杯
blbq	不离不弃
blbj	波澜不惊
blbl	不伦不类
blby	表里不一
blbr	不冷不热
blbc	不理不睬
blbo	白萝卜
blbx	奔流不息
blcd	不理睬
blcj	不吝赐教
bldm	便利店
bldh	波罗的海
bldi	白兰地
bldx	薄利多销
bldf	布拉迪斯拉发
bleh	不劳而获
blej	比邻而居
blfw	别浪费
blfm	不露锋芒
blfy	不良反应
blfv	拨乱反正
blfl	别浪费了
blgf	板蓝根
blgv	巴拉圭
blge	布拉格
blhv	博览会
blhj	不留痕迹
bliy	碧螺春
blig	百炼成钢
blih	鬓乱钗横
blij	半路出家
blix	兵临城下
blie	布拉柴维尔
bljp	不了解
bljd	兵来将挡
bljj	濒临绝境
bljl	不良记录
bljy	八路军
blju	本来就是
bljn	步履艰难
blkd	不离开
blkj	不落窠臼
blkf	暴力抗法
blle	不聊了
blld	别乱来
blll	筚路蓝缕
bllv	不了了之
blmf	爆冷门
blmc	贝雷帽
blmv	摆龙门阵
blmm	本来面目
blmi	菠萝蜜
blpb	舶来品
blpc	别乱跑
blpu	步履蹒跚
blqq	保龄球
blqm	不留情面
blqf	波澜起伏
blqr	壁立千仞
blqu	博览群书
blqd	布里奇顿
blqx	暴力倾向
blry	表里如一
blrd	病来如山倒
blso	不利索
blsy	壁垒森严
blse	布鲁塞尔
blst	巴勒斯坦
bltu	柏拉图
blte	贝鲁特
blty	百里挑一
blth	白里透红
blu	不论是
blui	比利时
blus	不露声色
blub	不虑胜先虑败
blut	拨乱视听
blvf	避雷针
blvj	不吝指教
blvk	波澜壮阔
blvt	别来这一套
blw	芭蕾舞
blwu	白露为霜
blwi	逼良为娼
blwj	步履维艰
blwx	包罗万象
blwy	别来无恙
blxl	不理想
blxg	不良习惯
blxw	玻璃纤维
blxn	半老徐娘
blyu	不利于
blys	不利因素
blyv	表里一致
blyd	不留余地
blyw	本来以为
blyf	白龙鱼服
blz	伯利兹
blzu	布朗族
blzi	不良资产
blzs	暴戾恣睢
bmb	不明白
bmbb	不明不白
bmbc	编报
bmbd	变白
bmbo	辩驳
bmbp	辨别
bmbu	遍布
bmbm	便便
bmbi	闭门不出
bmbv	不蔓不枝
bmbx	半梦半醒
bmcg	别磨蹭
bmcd	辩才
bmce	鞭策
bmci	辩词
bmcj	便餐
bmda	变大
bmdr	变短
bmdc	编导
bmde	变得
bmdh	便当
bmdi	遍地
bmdj	扁担
bmdk	编订
bmdn	变调
bmds	变动
bmdv	编队
bmdz	扁豆
bmee	匾额
bmeh	不谋而合
bmeu	不默而生
bmfa	变法
bmfg	边锋
bmfh	边防
bmfj	便饭
bmfu	蝙蝠
bmge	变革
bmgg	变更
bmgr	边关
bmgu	变故
bmgx	变卦
bmgs	笔墨官司
bmhc	编号
bmhk	变坏
bmhr	变换
bmhu	辩护
bmhj	便函
bmhv	变回
bmhx	变化
bmhs	变红
bmhw	变黑
bmhl	变黄
bmia	变差
bmie	便车
bmig	变成
bmiv	边陲
bmih	变长
bmii	鞭笞
bmim	摆明车马
bmiu	病魔缠身
bmjp	便捷
bmji	编辑
bmjk	边境
bmjl	边疆
bmjm	边检
bmjn	边角
bmju	编剧
bmke	便可
bmkk	变快
bmkl	边框
bmlc	变老
bmle	变了
bmlg	变冷
bmli	便利
bmll	变量
bmlv	变绿
bmlj	变懒
bmlf	八面来风
bmlm	变脸
bmly	辩论
bmma	编码
bmmh	白茫茫
bmmb	便民
bmmc	边贸
bmmd	变卖
bmmf	边门
bmmi	便秘
bmmj	变慢
bmmk	辨明
bmnm	本命年
bmnf	班门弄斧
bmnu	不瞒你说
bmnn	便溺
bmnw	编内
bmnr	变暖
bmnj	辩难
bmpb	变频
bmph	变胖
bmpc	鞭炮
bmpd	编排
bmpj	变盘
bmpk	扁平
bmql	变强
bmqm	变迁
bmqt	扁鹊
bmqu	编曲
bmqv	不谋其政
bmqx	边卡
bmrf	辨认
bmru	编入
bmro	变弱
bmrr	变软
bmsd	边塞
bmse	变色
bmsg	闭门思过
bmst	闭目塞听
bmsu	变速
bmsy	贬损
bmtd	变态
bmta	鞭挞
bmtc	扁桃
bmti	变体
bmtm	变天
bmtn	便条
bmts	变通
bmth	便溏
bmuf	变身
bmuo	便说
bmua	变傻
bmug	变声
bmuh	边上
bmuu	变数
bmuz	变瘦
bmui	辨识
bmuk	表面上看
bmul	不明事理
bmvd	不毛之地
bmve	编者
bmvf	变阵
bmvg	辩证
bmvi	编制
bmvc	变招
bmvl	便装
bmvr	编撰
bmvs	变种
bmvu	编著
bmvv	百忙之中
bmvx	不明真相
bmvz	北美洲
bmvy	笔墨纸砚
bmvh	不买账
bmwd	编外
bmwf	变温
bmwu	编舞
bmwv	表面文章
bmww	变为
bmwx	兵马未动，粮草先行
bmwz	白马王子
bmxb	变心
bmxk	变形
bmxq	编修
bmxl	变相
bmxm	变现
bmxn	变小
bmxp	便携
bmxy	遍寻
bmxi	宝马香车
bmxx	表面现象
bmy	并没有
bmya	变压
bmye	遍野
bmyk	变硬
bmyb	编印
bmyh	变样
bmyi	变异
bmyj	边沿
bmyr	边缘
bmys	兵马俑
bmyu	便于
bmyz	便有
bmyt	表面一套
bmyq	不名一钱
bmyw	不名一文
bmyy	北冥有鱼
bmzc	编造
bmzi	辫子
bmzo	变作
bmzr	编纂
bmzu	编组
bmzy	不鸣则已
bnbd	表白
bnbf	标本
bnbh	标榜
bnbk	标兵
bnba	标靶
bnbn	不男不女
bnby	百年不遇
bnbj	不年不节
bncg	表层
bnda	表达
bndu	本年度
bndd	表带
bndi	表弟
bndj	表单
bndr	标段
bndm	标点
bndk	标定
bnew	不怒而威
bnfj	不耐烦
bngo	别难过
bnge	表格
bngs	表功
bngc	标高
bnhj	彪悍
bnhc	标号
bnhu	裱糊
bnhh	百年好合
bniu	标出
bnie	飙车
bnif	百鸟朝凤
bnii	标尺
bnjm	标间
bnje	不念旧恶
bnji	标记
bnjp	表姐
bnjt	表决
bnju	镖局
bnjx	标价
bnke	镖客
bnki	不难看出
bnle	别闹了
bnlu	表露
bnlm	表链
bnli	表里
bnma	巴拿马
bnmk	表明
bnmm	表面
bnmw	表妹
bnnw	表内
bnny	百年难遇
bnpi	表皮
bnpw	标配
bnpu	标普
bnpj	表盘
bnpd	标牌
bnqb	表亲
bnqk	表情
bnql	标枪
bnqm	标签
bnsc	表嫂
bnso	避难所
bnsr	玻尿酸
bnsy	饱暖思淫欲
bnti	标题
bntd	表态
bntz	表头
bntp	标贴
bnui	表示
bnuf	搬弄是非
bnug	飙升
bnuk	表率
bnuu	表述
bnur	百年树人
bnv	白内障
bnvy	标准
bnvf	表针
bnvh	表彰
bnvi	标志
bnvg	表征
bnvu	标注
bnwd	表外
bnwh	不能挽回
bnxm	表现
bnxf	笨鸟先飞
bnxk	表形
bnxl	表象
bnxs	表兄
bnxi	飙戏
bnxx	不难想象
bnyj	表演
bnye	表页
bnyh	表扬
bnyu	标语
bnyi	表意
bnyz	标有
bnyb	表音
bnzi	婊子
bnzb	不能自拔
bnzy	不能自已
bnzw	不怒自威
bngj	标杆
boai	博爱
boao	博鳌
bobc	播报
bobk	薄冰
bobo	伯伯
bobi	馞馝
bocd	菠菜
boda	拨打
bodc	波导
bode	博得
bodn	剥掉
bodo	剥夺
bodr	波段
bods	波动
bodz	搏斗
boen	波恩
bofa	播发
bofh	播放
bofu	伯父
bofg	波峰
bogg	脖颈
bogw	拨给
bogl	剥光
bogu	波谷
bohc	拨号
bohd	渤海
bohe	薄荷
bohv	驳回
bohw	波黑
boiu	播出
boih	波长
boii	驳斥
boie	泊车
boij	薄产
boji	波及
bojn	跛脚
bojl	播讲
bojq	薄酒
bojt	伯爵
bokd	拨开
boke	博客
bokr	拨款
bolb	柏林
bole	伯乐
bolh	波浪
boli	玻璃
bolj	波澜
bolo	菠萝
bola	拨拉
bold	舶来
bomk	搏命
bomm	薄面
bomu	伯母
bons	拨弄
bopi	剥皮
boqu	博取
boqi	勃起
boqk	薄情
bors	拨冗
bore	般若
boro	薄弱
boss	播送
bosa	播撒
bosi	波斯
botc	波涛
bots	拨通
botm	薄田
boua	搏杀
boui	博士
bove	波折
bovs	播种
bowf	波纹
boww	泊位
boxt	剥削
boxx	剥下
boxk	波形
boyi	博弈
boyb	播音
boyk	播映
bozi	脖子
bozu	跛足
bpba	别把
bpbp	不怕不怕
bpby	不偏不倚
bpbl	不破不立
bpbh	不怕不识货
bpcv	别催
bpde	别的
bpds	别动
bpdz	别逗
bpfa	别发
bpfh	别放
bpfj	别烦
bpgr	别管
bpgo	别国
bpgj	别干
bphg	不平衡
bphl	别慌
bphr	别换
bphe	别喝
bphz	别后
bphc	别号
bpi	不排除
bpic	别吵
bpii	别吃
bpie	别扯
bpig	别称
bpiu	别处
bpij	剥皮抽筋
bpji	别急
bpjn	蹩脚
bpjb	别进
bpjx	别家
bpkj	别看
bpkd	别开
bpku	别哭
bpke	别克
bpli	别离
bpld	别来
bple	别了
bplj	杯盘狼藉
bply	别论
bpmh	别忙
bpmd	别买
bpmf	憋闷
bpmk	别名
bpmu	不怕没柴烧
bpmz	宾朋满座
bpnq	别扭
bpnc	别闹
bpns	别弄
bpna	别拿
bppa	别怕
bppc	别跑
bppg	别碰
bppb	别贫
bpqi	憋气
bpqu	别去
bprf	别人
bprg	别扔
bprh	别让
bprl	鞭辟入里
bps	不怕死
bpsi	憋死
bpsj	瘪三
bptd	别太
bpti	别提
bptk	别听
bptj	别谈
bpu	白皮书
bpua	别傻
bpuh	别上
bpuo	别说
bpuj	别删
bpuu	别墅
bpuz	别手
bpuv	别睡
bpud	半瓶水，响叮当
bpvi	别致
bpve	憋着
bpvl	别装
bpvg	别整
bpvv	别追
bpvu	憋住
bpvf	别针
bpwh	别忘
bpwj	别玩
bpwu	别无
bpwf	别问
bpww	别为
bpxl	别想
bpxn	别笑
bpxp	别写
bpyi	不便宜
bpys	别用
bpyh	别样
bpyu	别于
bpyt	白跑一趟
bpyw	不怕一万
bpyy	不怕一万，就怕万一
bpzd	别再
bpzo	别做
bpzv	瘪嘴
bpzm	不平则鸣
bpzi	别字
bpzu	憋足
bpzz	别走
bqau	不欺暗室
bqbi	不清不楚
bqbn	不屈不挠
bqdk	不确定
bqdx	不确定性
bqev	不期而至
bqey	不期而遇
bqfm	避其锋芒
bqgk	不奇怪
bqgy	薄情寡义
bqhb	不求回报
bqhi	步其后尘
bqiu	不清楚
bqji	白切鸡
bqlb	冰淇淋
bqly	八千里路云和月
bqmv	兵强马壮
bqnw	别气馁
bqnu	屏气凝神
bqrf	不求人
bqrs	病去如抽丝
bqrq	避其锐气
bqlv	鼻青脸肿
bqsy	版权所有
bqtm	包青天
bqty	白鳍豚
bquj	不切实际
bqvg	比起这个
bqvq	不情之请
bqvy	霸权主义
bqwh	不求闻达于诸侯
bqy	不起眼
bqyr	不情愿
bqyg	不求有功
bqyj	冰清玉洁
bqzy	不起作用
bqzl	不请自来
brby	不仁不义
brbs	勃然变色
brde	不认得
brdh	不然的话
brdn	勃然大怒
brdw	哺乳动物
brfu	不容分说
brgh	病入膏肓
brgs	病入骨髓
brh	白热化
brhj	薄弱环节
brhu	不容忽视
brhi	步人后尘
brhx	不入虎穴
brhz	不入虎穴，焉得虎子
brjg	白日见鬼
brlg	不容乐观
brmg	白日梦
brmh	傍人门户
brmq	被人卖了还帮着数钱
brne	不然呢
brqi	哺乳期
brry	不如人意
brtw	不如退而结网
brui	不认识
bruo	比如说
brum	不辱使命
bruy	不如授人以渔
brv	不认账
brvg	步入正轨
brvu	不忍直视
brvh	不容置喙
brvy	不容置疑
brwz	别绕弯子
brxb	不忍心
brxk	包容性
brxu	不容许
brxj	兵戎相见
brxq	不容小觑
bryi	不容易
bryu	不容有失
bryj	不如意事常八九
brzd	不忍卒读
brzm	白日做梦
bsbh	半死不活
bsb	百思不得其解
bsbj	百思不解
bsbx	不死不休
bsbs	不三不四
bshg	不思悔改
bsjq	不思进取
bskb	白色恐怖
bsls	变色龙
bsln	巴塞罗那
bslw	不思量自难忘
bsny	波斯尼亚
bsrq	比死人多口气
bsuu	不算数
bsvk	不速之客
bswj	波斯湾
bswy	必死无疑
bsxb	不死心
btbt	拜托拜托
btby	不痛不痒
btbj	半推半就
btbk	不吐不快
btbn	笨头笨脑
btds	不太懂
btdk	抱头大哭
btdj	八抬大轿
btdl	白头到老
btdu	不停的说
btdr	不同的人
btee	白天鹅
btef	半途而废
btfa	白头发
btfx	不同凡响
btfb	不太方便
btfj	不退反进
btfs	不同凡俗
btgj	不太敢
btgf	别太过分
btgx	不太高兴
bthc	不太好
bthv	不太会
bthb	不太好吧
bthk	不太好看
bthy	白天黑夜
bthl	冰糖葫芦
btih	不提倡
btid	不同程度
btiu	不同程度上
btjm	不推荐
btjp	拔腿就跑
btjl	不太吉利
btkk	不痛快
btkn	不太可能
btkh	不太看好
btl	别提了
btlj	不太了解
btlm	并蹄莲
btlu	遍体鳞伤
btlx	不太理想
btle	拜托了
btlv	波特率
btli	抱头乱串
btly	不听老人言
btlq	不听老人言，吃亏在眼前
btmk	半透明
btmb	不太明白
btmy	不太满意
btmx	不太明显
btmr	悲天悯人
btaq	不太安全
btq	不听劝
btqr	趵突泉
btqi	不太清楚
btql	不通情理
btqn	抱团取暖
btru	不太认识
btrt	不太认同
btrl	暴跳如雷
btrq	不通人情
btti	扁桃体
bttk	抱头痛哭
bttw	暴殄天物
btuv	半桶水
btuf	不太舒服
btux	不太熟悉
btuy	不太适应
btud	半桶水，响叮当
btuc	抱头鼠窜
btuh	遍体生寒
btvi	不同之处
btvj	不同政见
btwj	别太晚
btwl	别太晚了
btwg	白头翁
btx	不太像
btxd	冰天雪地
btxl	白头偕老
btxy	波涛汹涌
btxh	不太喜欢
btxg	不太习惯
btxi	不同寻常
btyi	不同意
btyu	不同于
btyj	悲痛欲绝
btyy	不太一样
btyb	不提也罢
btzi	不太赞成
buan	不安
buba	不是吧
bubd	不败
bubf	不笨
bubi	不必
bubj	补办
bubk	步兵
bubl	百试百灵
bubm	不变
bubs	半身不遂
bubu	步步
bubw	不备
bubx	不声不响
buby	比上不足，比下有余
bubz	比上不足
bubc	变生不测
bubn	把屎把尿
buco	不错
buce	不测
bucg	不曾
buch	补仓
buci	不辞
bud	辨识度
budu	不堵
budt	不识大体
buda	不大
budc	不到
budd	不带
bude	不得
budg	不等
budh	不当
budi	不敌
budj	不但
budk	补丁
budo	不多
budr	不断
buds	不懂
budv	不对
budz	不都
budn	步调
buee	不饿
buer	不二
bueh	不说二话
bufa	步伐
buff	部分
bufh	不妨
bufj	不凡
bufu	不符
bufw	不菲
bufd	不守妇道
bufy	饱受非议
bugz	不够
bugr	不管
bugc	不高
bugd	不该
bugf	不跟
bugj	不敢
bugk	不怪
bugl	不光
bugo	不过
bugu	不顾
bugv	不贵
bugw	不给
bugs	不公
bugx	卜卦
buh	不适合
buhc	不好
buhd	不识好歹
buhe	不和
buhf	不很
buhi	班师回朝
buhj	不含
buhk	不坏
buhl	不慌
buho	捕获
buhr	不还
buhv	不会
buhx	不识好人心
buhu	白山黑水
buiu	办事处
buia	不差
buig	不成
buih	补偿
buii	不吃
buis	补充
buie	不扯
buix	杯水车薪
buiz	不愁
buid	不是吃素的
bujb	不仅
buji	不急
bujk	布景
bujm	部件
bujp	不解
bujq	不久
bujt	不觉
bujy	不均
buju	布局
bujn	补缴
bujl	不胜酒力
buja	备受煎熬
bujx	避实击虚
bukc	补考
buke	不可
bukf	不肯
buks	布控
bukh	宝山空回
bukj	不看
bukk	不快
bukl	百事可乐
buku	不哭
bukv	不愧
bulc	捕捞
buld	不来
bule	不说了
bulg	不冷
buli	不理
bulk	不灵
bull	不良
buln	不料
bulo	部落
bulj	补篮
bulp	捕猎
bulq	不留
bulu	逼上梁山
bulv	步履
bulw	不累
buly	不论
bulz	补漏
bulb	不吝
bulm	不练
buma	不是吗
bumd	不买
bumf	部门
bumh	不忙
bumj	不满
bumk	不明
bumm	不免
bumn	不妙
bump	不灭
bumw	不美
buml	不甚明了
bumu	背山面水
bung	不能
bunj	不难
bund	八十年代
buou	布偶
bupa	不怕
bupb	补品
bupi	布匹
bupk	不平
bupn	补票
bupw	不配
bupd	补拍
buqm	补签
buqi	补齐
buqf	不胜其烦
buqj	白手起家
buql	步枪
buqn	不巧
buqq	不求
buqr	不全
buqt	不缺
buqu	不去
buqx	冰释前嫌
buqc	比试切磋
bure	不热
burf	不忍
burh	不让
buri	不日
burj	不然
burs	不容
buru	不如
burx	不胜荣幸
busr	不算
busi	不死
buss	不送
busu	不俗
butg	不疼
butd	不太
buti	不提
butm	不填
buth	白砂糖
butj	不谈
butk	不停
buto	不妥
butp	补贴
buts	不同
butu	不图
buua	捕杀
buuc	不少
buuf	不慎
buug	不胜
buuh	补上
buui	不是
buul	不爽
buuo	不说
buuu	部署
buuv	补水
buuw	不识时务
buuy	不顺
buuz	部首
buue	不舍
buud	不是省油的灯
buuj	不失时机
buvh	部长
buvi	布置
buvf	布阵
buvo	捕捉
buvl	补妆
buvr	饱食终日
buvu	补助
buvx	不时之需
buvy	不准
buvz	步骤
buvg	补正
buvm	备受瞩目
buw	不失为
buwd	不外
buwf	不问
buwh	不忘
buwj	不玩
buwm	榜上无名
buwu	不无
buww	部位
buwy	必输无疑
buwt	不是问题
buxb	不信
buxt	不学
buxi	不惜
buxk	不行
buxl	不想
buxm	不限
buxn	不孝
buxp	不屑
buxq	补休
buxu	不许
buxx	部下
buxy	不逊
buxw	博士学位
buy	不适应
buya	不雅
buyb	不说也罢
buyc	不要
buyg	不是一个
buyi	不易
buyk	不应
buyh	补养
buyj	冰山一角
buym	榜上有名
buyp	不是鱼死，就是网破
buyr	不愿
buys	不用
buyt	不悦
buyu	不予
buyv	背水一战
buyy	败事有余
buyz	不由
buzd	不在
buzi	步子
buzo	不做
buzu	不足
bvbj	不知不觉
bvbb	包治百病
bvbd	百战不殆
bvbh	百折不回
bvbk	不折不扣
bvbl	保质保量
bvbn	百折不挠
bvbu	百战百胜
bvby	半遮半掩
bvdc	不知道
bvdl	不知道了
bvdm	不知道为什么
bvde	不值得
bvdn	不着调
bvdd	不知颠倒
bveb	不战而屈人之兵
bver	班珠尔
bveu	不战而胜
bvfa	辩证法
bvfj	不知凡几
bvgz	本职工作
bvgd	不知高低
bvgx	不知高下
bvgk	不知甘苦
bvgy	兵者诡道也
bvh	标准化
bvhx	屏住呼吸
bvhd	不知好歹
bvhz	白纸黑字
bvhj	不着痕迹
bvhg	不知悔改
bvii	不支持
bvil	不支持了
bvih	扮猪吃老虎
bvji	不着急
bvjb	保证金
bvjl	不知就里
bvjq	避重就轻
bvjt	不知进退
bvjh	宾主尽欢
bvjw	不追既往
bvlm	板着脸
bvli	不知廉耻
bvlu	不斩来使
bvlh	不知利害
bvkf	不置可否
bvmk	不知名
bvmt	彼之蜜糖
bvnt	不撞南墙不回头
bvpu	彼之砒霜
bvqm	不值钱
bvqq	不追求
bvqe	不知其二
bvqh	百转千回
bvqx	不知去向
bvqi	保质期
bvqk	不知情
bvqu	不知趣
bvqt	不正确
bvqv	不知轻重
bvqb	不知权变
bvqr	不知其所以然
bvrf	班主任
bvrg	宾至如归
bvrw	不知肉味
bvsc	不知所措
bvsw	不知所谓
bvsv	不知所终
bvsz	不知所踪
bvsh	不知死活
bvsy	不知所云
bvsr	不知所以然
bvtg	不折腾
bvtk	不中听
bvty	不知痛痒
bvtq	不知天上宫阙
bvth	不知天高地厚
bvui	不只是
bvug	不吱声
bvuq	不知深浅
bvus	不知生死
bvve	标志着
bvvd	必争之地
bvvf	不正之风
bvvj	伯仲之间
bvvv	不治之症
bvvz	不知者不罪
bvw	不指望
bvwh	不知为何
bvwk	败者为寇
bvwv	不知为不知
bvwj	避之唯恐不及
bvxk	标志性
bvxl	半炷香
bvxi	不知羞耻
bvy	不至于
bvys	不中用
bvyb	不至于吧
bvyj	闭着眼睛
bvyc	不止一次
bvyg	不止一个
bvyt	不值一提
bvyu	不值一哂
bvyv	白纸一张
bvyw	不值一文
bvyl	报之以李
bvyy	秉烛夜游
bvyh	秉烛夜话
bvzv	敝帚自珍
bvzl	不知自量
bwai	悲哀
bwan	备案
bwbc	背包
bwbh	不温不火
bwbi	卑鄙
bwbj	百闻不如一见
bwbm	北边
bwbu	背部
bwbw	不闻不问
bwcj	悲惨
bwcv	悲催
bwce	北侧
bwcx	不枉此行
bwdk	不稳定
bwdi	背地
bwdl	不无道理
bwda	北大
bwdr	北段
bwdc	被盗
bwdd	背带
bwdj	被单
bwds	被动
bwdv	背对
bwdz	北斗
bwdu	博闻多识
bwev	别无二致
bwff	备份
bwfa	北伐
bwfg	北风
bwfh	北方
bwfu	背负
bwfw	北非
bwg	博物馆
bwgc	被告
bwge	悲歌
bwgd	杯盖
bwgj	倍感
bwgl	背光
bwgo	背锅
bwgr	悲观
bwgx	不无关系
bwhc	备好
bwhd	北海
bwho	备货
bwhr	悲欢
bwhu	不外乎
bwhz	背后
bwhw	被黑
bwia	备查
bwii	贝齿
bwil	悲怆
bwiz	悲愁
bwiw	别无长物
bwix	不忘初心
bwiu	兵无常势
bwji	北极
bwjj	百无禁忌
bwjk	北京
bwjl	北疆
bwjm	卑贱
bwju	悲剧
bwjn	北郊
bwjx	倍加
bwjy	保外就医
bwkc	背靠
bwke	备课
bwku	悲苦
bwky	被困
bwkz	被扣
bwkv	不问可知
bwle	贝勒
bwli	背离
bwll	悲凉
bwln	备料
bwlp	卑劣
bwlu	北路
bwlw	蓓蕾
bwly	悖论
bwlj	惫懒
bwlz	背篓
bwmf	北门
bwmk	悲鸣
bwmb	悲悯
bwmm	背面
bwmw	北美
bwmq	悖谬
bwnt	被虐
bwnk	贝宁
bwou	北欧
bwpj	背叛
bwpk	北平
bwpm	被骗
bwpo	被迫
bwpn	北漂
bwqr	包围圈
bwqi	背起
bwqu	北区
bwqj	博闻强记
bwqk	悲情
bwql	被抢
bwqp	悲切
bwqv	博闻强识
bwqb	不畏强暴
bwrf	被人
bwru	被褥
bwrv	不为人知
bwss	背诵
bwsu	倍速
bwsi	贝斯
bwsq	别无所求
bwsd	不为所动
bwts	悲痛
bwtm	备添
bwtc	被套
bwtj	悲叹
bwtv	北腿
bwtq	别无他求
bwtn	别无他念
bwtt	别无他途
bwtk	霸王条款
bwta	贝塔
bwtz	被偷
bwtd	备胎
bwtw	别无他物
bwtf	别无他法
bwua	被杀
bwuh	悲伤
bwuu	背书
bwuz	备受
bwui	背时
bwv	保卫战
bwve	背着
bwvj	北站
bwvl	悲壮
bwvu	备注
bwvo	被捉
bwvi	卑职
bwvy	不务正业
bwvq	比武招亲
bwwf	碑文
bwwh	备忘
bwwo	被窝
bwwq	不为瓦全
bwww	卑微
bwwa	布娃娃
bwwy	不为五斗米折腰
bwxb	背心
bwxm	北线
bwxi	悲喜
bwxl	背向
bwxr	备选
bwxz	别无选择
bwys	备用
bwyb	背阴
bwyj	被淹
bwyg	霸王硬上弓
bwyh	北洋
bwyk	背影
bwyt	北约
bwyu	百无一用是书生
bwyy	备孕
bwyz	备有
bwzi	被子
bwzu	备足
bwzg	倍增
bxaa	白雪皑皑
bxb	便携版
bxba	不行吧
bxbx	半信不信
bxbq	补血补气
bxbd	不咸不淡
bxbk	白血病
bxbf	不修边幅
bxbj	半新不旧
bxbv	不相伯仲
bxbl	本相毕露
bxbt	本乡本土
bxby	半信半疑
bxbb	并行不悖
bxcx	不虚此行
bxcm	冰雪聪明
bxde	不晓得
bxdc	博学多才
bxdw	博学多闻
bxdu	不想多说
bxdh	彪形大汉
bxdx	碧血丹心
bxeg	败兴而归
bxev	不宣而战
bxfu	不相符
bxfw	保险费
bxfj	不嫌烦
bxfa	变戏法
bxgr	不习惯
bxgo	百香果
bxgl	不习惯了
bxgs	保险公司
bxgb	不惜工本
bxgd	兵行诡道
bxgh	八仙过海
bxgt	八仙过海，各显神通
bxgn	八仙过海，各显其能
bxgv	白雪公主
bxhr	不喜欢
bxhx	不像话
bxhj	不稀罕
bxhl	不想活了
bxie	别瞎扯
bxif	不相称
bxiu	笔下超生
bxjp	步行街
bxju	悲喜剧
bxjh	抱薪救火
bxjj	悲喜交集
bxke	必修课
bxkv	必先苦其心志
bxle	不行了
bxld	本小利大
bxlq	必先利其器
bxly	标新立异
bxlw	本小利微
bxma	不行吗
bxni	不像你
bxnl	不懈努力
bxny	本性难移
bxng	本性难改
bxnu	屏息凝神
bxpb	必需品
bxqi	保修期
bxqj	保险起见
bxqv	败絮其中
bxqy	背信弃义
bxru	不省人事
bxsq	不徇私情
bxu	半小时
bxui	八小时
bxuh	笔下生花
bxux	不相上下
bxvv	不祥之兆
bxvl	败下阵来
bxvu	饱学之士
bxvx	不信这个邪
bxvb	不屑置辩
bxvy	宝相庄严
bxwh	不希望
bxwj	冰消瓦解
bxwm	不相为谋
bxwu	不学无术
bxx	不小心
bxxb	不相信
bxxp	不信邪
bxyc	不需要
bxyu	不屑于
bxyv	不幸言中
bxyg	不屑一顾
bxyy	比下有余
bxyj	不惜一切代价
bxyd	不孝有三，无后为大
bxzs	不肖子孙
bybj	不一般
bybo	搏一搏
bybr	不依不饶
bybu	暴饮暴食
byby	不言不语
byc	贬义词
byci	褒义词
bycg	白云苍狗
bycu	便宜从事
bydk	不一定
byde	不由得
bydi	比亚迪
bydx	不用担心
bydv	不要当真
bydt	别有洞天
bydh	必要的话
bydu	不用多说
bydl	毕业典礼
bydz	八音迭奏
byef	不翼而飞
byet	不约而同
byey	不言而喻
byez	不一而足
byff	八月份
byfu	不由分说
byfw	别有风味
bygd	不应该
bygl	不用管了
bygr	不用管
bygf	比翼高飞
byhl	不要慌
byhf	必有后福
byhx	必有回响
byii	不要吃
byig	不夜城
byix	不以成败论英雄
byjb	不要紧
byjl	不宜久留
byjr	拨云见日
byjy	必有近忧
bykj	不要看
bykq	不用客气
byle	不用了
bylm	不要脸
bylu	柏油路
bylc	不予理睬
bylt	白云蓝天
bylh	不亦乐乎
bylq	饱以老拳
bylv	比翼连枝
bylw	毕业论文
bymd	不要买
bynn	比翼鸟
bynm	百余年
byns	布宜诺斯艾利斯
bypa	不要怕
byqm	不要钱
byqi	变压器
byqf	不厌其烦
byql	不远千里
byqx	白衣卿相
byqy	白云千载空悠悠
byrh	不要让
byrf	不由人
byrv	暴雨如注
bysg	半夜三更
bysq	必有所求
bytc	避孕套
bytd	别有天地
bytu	白衣天使
byuo	不要说
byui	彼一时
byuf	比翼双飞
byuu	布衣蔬食
byug	毕业生
byuj	毕业设计
byvi	不一致
byvg	毕业证
byvc	不义之财
byvs	鲍鱼之肆
byvj	布衣之交
byvl	必由之路
byvp	不予置评
byw	本以为
bywf	不要问
byww	别以为
bywj	不要忘记
bywi	不以为耻
bywl	不远万里
bywr	不以为然
bywu	必有我师
bywx	白玉无瑕
bywb	不以物喜，不以己悲
bywy	不以为意
byx	不允许
byxl	不影响
byxh	闭月羞花
byxk	必要性
byxp	不用谢
byxu	便宜行事
byxg	别有心肝
byy	不一样
byyh	病怏怏
byyj	病恹恹
byyi	不愿意
byyd	不一样的
byyt	不疑有他
byyl	不遗余力
byyf	别有一番
byyu	不亚于
byyx	别有用心
byyw	别有一番风味
byzd	不要再
byzu	布依族
byzo	白羊座
byzm	不言自明
byzv	不由自主
bzbw	不早不晚
bzbu	笨嘴笨舌
bzbg	不醉不归
bzcl	不在此列
bzdh	半自动化
bzfw	不做凤尾
bzgi	不足挂齿
bzhu	不在乎
bzhx	不在话下
bzhh	奔走呼号
bzig	不赞成
bzih	不在场
bzjx	不在家
bzji	璧坐玑驰
bzku	不做亏心事
bzle	不早了
bzll	不自量力
bzlu	笔走龙蛇
bzlj	憋足了劲
bzme	不怎么
bzmy	不怎么样
bzmi	败走麦城
bzmp	八字没一撇
bzmq	摆在面前
bzns	抱子弄孙
bzqu	不足取
bzqw	不在其位
bzqv	不在其位，不谋其政
bzrj	不自然
bzrc	不遭人妒是庸才
bzts	变则通
bztq	必遭天谴
bzuo	不早说
bzud	不择手段
bzui	不再是
bzvu	笨嘴拙舌
bzvj	百足之虫，死而不僵
bzvi	不足之处
bzww	不作为
bzwd	不足为外人道
bzwj	不足为据
bzwh	不足为患
bzwl	不足为虑
bzwp	不足为凭
bzwq	不足为奇
bzwx	不足为训
bzwg	不足为怪
bzwu	包在我身上
bzxm	不在线
bzxg	奔走相告
bzxl	憋在心里
bzy	不在意
bzyi	不足以
bzyu	不在于
bzyh	不咋样
bzym	不足与谋
bzyc	不赞一词
bzjt	不自觉
bzzd	不自在
c	才
civ	此
cs	从
ci	次
cy	村
cj	参
cdq	猜
cdp	采
cev	策
cdk	财
cyu	存
cgu	层
cur	促
cdm	材
cofo	措
cg	曾
cd	菜
ce	测
cc	草
ch	藏
cdpp	彩
cjd	残
cdu	裁
cep	册
ccf	操
co	错
ciy	词
cjl	餐
ciq	辞
cca	曹
chr	仓
cer	侧
cia	刺
cid	瓷
cu	粗
cvwy	衰
ciu	磁
cdc	蔡
csr	丛
csb	匆
ciby	兹
chc	苍
cjh	灿
cv	催
cya	寸
cse	聪
cei	厕
cib	慈
cjx	惨
cve	崔
cvo	脆
cfs	参
ciyg	差
chd	沧
ca	擦
cic	茨
cvx	翠
cjt	蚕
coft	挫
chv	舱
cz	凑
cvc	萃
csc	葱
cjf	掺
ccm	槽
cvm	粹
cvf	摧
cr	窜
cdz	踩
cuv	簇
crf	攒
cik	赐
cvw	璀
cuy	醋
ccmz	糙
cjw	璨
cip	祠
cuw	卒
cf	岑
cir	伺
civf	雌
cvb	瘁
cof	搓
csp	囱
cjxj	惭
cuz	蹴
cdo	睬
cofy	撮
cuq	猝
cck	嘈
crv	篡
cibb	疵
ccd	漕
csw	琮
cak	嚓
cvxu	悴
cyx	忖
csd	淙
cvd	淬
cgz	蹭
coz	蹉
cex	恻
cfd	涔
cjlm	粲
coj	锉
cju	孱
crz	蹿
coi	厝
coug	磋
coe	嵯
cgk	噌
cua	蹙
cuwr	蹙
cob	痤
csmr	枞
cys	皴
chrv	伧
chw	玱
czi	辏
cvk	啐
cibn	鹚
cim	糍
csm	骢
crfi	撺
cscr	苁
cuyv	酢
cuc	蔟
cikb	呲
cud	殂
cou	矬
czo	腠
cicb	茈
cswx	璁
crp	爨
cvmy	榱
cci	螬
cobg	瘥
cui	徂
crr	汆
coo	脞
cjm	骖
cjhp	黪
ccv	艚
crj	镩
col	鹾
ccu	𥕢
cdr	偲
coc	莝
cge	嶒
chrn	鸧
ciz	跐
cirr	佽
cidb	泚
cicd	莿
civa	𫚖
coct	莝
con	酂
csh	熜
csx	悰
cvs	缞
cvdf	漼
cyt	邨
csrr	从
civb	此
cda	才
cfsp	参
cjsp	参
cevn	策
cdkc	财
cyuz	存
cgus	层
curr	促
cgb	曾
cdcm	菜
ced	测
chci	藏
cduy	裁
cepa	册
ccfm	操
cojo	错
cjll	餐
ccao	曹
cerd	侧
ciad	刺
cidw	瓷
cum	粗
ciuy	磁
cdcx	蔡
csra	丛
cvr	催
cyad	寸
csex	聪
ceid	厕
cibx	慈
cvef	崔
cvov	脆
caf	擦
cicr	茨
chvv	舱
cscx	葱
cjfp	掺
ccmo	槽
cdqo	猜
cvmu	粹
cvff	摧
crb	窜
cdzm	踩
cuvu	簇
crfr	攒
cikw	赐
cuyo	醋
cjwm	璨
cfe	岑
cirk	伺
cvbu	瘁
cspw	囱
cuzy	蹴
cdom	睬
cuqu	猝
ccko	嘈
crvs	篡
cakx	嚓
cyxc	忖
csdx	淙
cvdu	淬
cgzo	蹭
cozg	蹉
cexd	恻
cfdv	涔
cjuz	孱
crzi	蹿
coio	厝
coeg	嵯
cgko	噌
cuar	蹙
cobt	痤
cysy	皴
czit	辏
cvku	啐
cimy	糍
csmx	骢
cudq	殂
cout	矬
czot	腠
crph	爨
ccio	螬
cuiq	徂
coot	脞
cjmp	骖
ccvo	艚
colg	鹾
ccuo	𥕢
cdrx	偲
cgeo	嶒
cizb	跐
cone	酂
csxx	悰
cvsy	缞
cyte	邨
cdap	才
cgbo	曾
cedd	测
cumq	粗
cvrf	催
cafx	擦
crbi	窜
cfev	岑
chwv	玱
cn	才能
cw	错误
cq	采取
ck	参考
cl	从来
cm	聪明
cb	从不
ct	从头
cx	才行
cp	存盘
cabm	擦边
cabu	擦布
cabw	擦背
caca	擦擦
cadn	擦掉
cadi	擦地
cagj	擦干
cagx	擦挂
cahj	擦汗
cahw	擦黑
cahf	擦痕
cahv	残奥会
caiu	擦除
caie	擦车
cajn	擦脚
call	擦亮
calm	擦脸
capo	擦破
capg	擦碰
cauh	擦伤
cauf	擦身
caui	擦拭
cauz	擦手
cave	擦着
caxi	擦洗
caxp	擦鞋
cayc	擦药
cbbr	残暴不仁
cbbj	残兵败将
cbbl	寸步不离
cbcg	从不曾
cbcb	惨白惨白
cbdc	猜不到
cbdj	残编断简
cbdy	词不达意
cbhv	才不会
cbjf	猝不及防
cbln	错不了
cblb	财不露白
cbui	才不是
cbqq	擦边球
cblv	残杯冷炙
cbnx	寸步难行
cbny	寸步难移
cbrd	惨不忍睹
cbvu	藏不住
cbvw	草本植物
cbvq	才薄智浅
cbwh	慈悲为怀
cbwl	苍白无力
cbzi	错别字
ccan	草案
ccbc	草包
ccbd	措辞不当
ccbf	草本
ccbj	操办
ccbl	寸草不留
ccbq	参差不齐
ccbu	寸草不生
ccby	参差不一
cccg	噌噌噌
cccv	催催催
cccc	曹操
cccl	参差错落
cccs	草丛
ccdc	操刀
ccdi	草地
ccdj	操蛋
ccdo	草垛
ccdm	槽点
ccdv	草堆
ccdd	层层叠叠
ccgc	草稿
ccgf	草根
ccgu	草菇
ccgk	匆匆过客
cchj	擦擦汗
ccih	操场
ccii	操持
ccil	草创
ccjp	草芥
ccji	草鸡
ccks	操控
cckz	草寇
cclc	操劳
cclm	操练
ccln	草料
cclu	草草了事
cclv	草绿
ccmb	草民
ccmc	草帽
ccmh	草莽
ccmi	糙米
ccmm	匆匆忙忙
ccmu	草木
ccmw	草莓
ccni	草拟
ccns	操弄
ccpb	残次品
ccpg	草棚
ccpj	操盘
ccpk	草坪
ccqm	草签
ccqp	操切
ccqi	操起
ccrn	凑凑热闹
ccsr	草酸
cctu	草图
cctd	草台
ccth	草堂
cctz	草头
ccuk	草率
ccug	草绳
ccui	草草收场
ccuu	草书
ccuw	草草收尾
ccub	草草收兵
ccuz	操守
ccvi	草纸
ccwu	草屋
ccxb	操心
ccxk	操行
ccxi	草席
ccxp	草鞋
ccyr	草原
ccyc	草药
ccye	草叶
ccya	槽牙
ccyj	操演
ccyh	从此以后
ccyt	草约
ccyu	草鱼
ccyy	漕运
cczo	操作
ccza	嘈杂
cczs	操纵
cczi	草字
cdbc	财宝
cdbo	财帛
cdbi	彩笔
cdbj	菜板
cdbm	采编
cdcd	猜猜
cdce	猜测
cdco	猜错
cddc	菜刀
cddd	彩带
cddo	猜度
cddg	彩灯
cddi	菜地
cddj	菜单
cddk	裁定
cddm	踩点
cddy	菜墩
cddp	菜碟
cddv	猜对
cddx	从大到小
cdfu	财富
cdfa	财阀
cdfg	裁缝
cdfh	采访
cdgz	采购
cdgj	才干
cdgf	菜根
cdgx	菜瓜
cdgg	菜羹
cdgk	才怪
cdgl	采光
cdgr	菜馆
cdhv	才会
cdhc	才好
cdhx	才华
cdhk	踩坏
cdhs	彩虹
cdho	财货
cdij	财产
cdic	彩超
cdih	菜场
cdia	采茶
cdie	裁撤
cdiu	猜出
cdjk	财经
cdji	采集
cdjm	裁剪
cdjt	裁决
cdjn	菜椒
cdjx	菜价
cdjy	裁军
cdjh	刺刀见红
cdjb	才德兼备
cdkf	才肯
cdks	踩空
cdkg	踩坑
cdkk	财会
cdkl	采矿
cdle	猜到了
cdln	材料
cdld	才来
cdli	彩礼
cdlj	菜篮
cdlk	彩铃
cdlw	踩雷
cdlt	才略
cdlu	财路
cdmc	财贸
cdmi	财迷
cdng	才能
cdna	采纳
cdns	菜农
cdnn	菜鸟
cdnr	采暖
cdnv	才女
cdpd	彩排
cdpf	彩喷
cdpj	裁判
cdpk	彩屏
cdpb	菜品
cdpn	彩票
cdpm	裁片
cdpu	菜谱
cdqc	财大气粗
cdqi	才气
cdqk	才情
cdqn	彩桥
cdqq	彩球
cdqr	猜拳
cdqu	采取
cdqp	裁切
cdse	彩色
cdsi	踩死
cdta	踩踏
cdth	菜汤
cdtd	菜薹
cdtj	菜摊
cdti	猜题
cdtr	财团
cdtu	彩图
cdtz	彩头
cdui	才是
cduf	财神
cduv	财税
cduz	采收
cduu	菜蔬
cdvg	财政
cdvc	彩照
cdvl	彩妆
cdvd	采摘
cdve	踩着
cdvi	材质
cdvs	猜中
cdvu	财主
cdwu	财务
cdwa	采挖
cdwl	此地无银三百两
cdwy	此地无银
cdwj	次贷危机
cdxk	才行
cdxb	菜心
cdxl	猜想
cdxm	踩线
cdxp	采血
cdxt	才学
cdxx	彩霞
cdys	采用
cdyb	彩印
cdyc	菜肴
cdye	菜叶
cdyh	采样
cdyi	猜疑
cdyr	裁员
cdyy	彩云
cdyz	才有
cdzi	才子
cebm	侧边
cece	测测
cedk	测定
ceds	策动
cedu	测度
ceer	侧耳
cefg	册封
cefj	策反
cehx	策划
cehv	测绘
ceiu	测出
ceju	测距
ceji	侧记
ceks	测控
cell	测量
celm	侧脸
celt	策略
celi	册立
cemm	侧面
cema	策马
cemf	侧门
cemu	侧目
cepk	测评
cerj	恻然
cerb	从恶如崩
ceso	厕所
cesr	测算
cesu	测速
cetz	侧头
ceth	侧躺
ceui	测试
ceuf	侧身
ceuv	侧睡
cevs	侧重
cevi	厕纸
cewo	侧卧
cexx	测下
ceyj	测验
ceyb	恻隐
ceyi	侧翼
ceyk	策应
cezi	册子
cezd	侧载
cfxm	才发现
cfbv	此风不可长
cfci	参差
cfcf	涔涔
cfmy	餐风沐雨
cfsl	餐风宿露
cfsz	村夫俗子
cfyl	餐风饮露
cfym	藏富于民
cggc	层高
cgbd	才高八斗
cgci	层次
cgcg	层层
cgdc	蹭到
cgdp	层叠
cgdn	蹭掉
cgdj	从古到今
cgdd	从高到低
cgdv	曾对
cgfj	蹭饭
cgho	曾获
cgie	蹭车
cgii	蹭吃
cgjk	曾经
cgjp	踩过界
cgji	层级
cgle	错过了
cglz	层楼
cglv	残羹冷炙
cgmm	层面
cgqu	曾去
cgqq	才高气清
cgrf	曾任
cgrn	凑个热闹
cgui	曾是
cguo	曾说
cguu	层数
cguf	残羹剩饭
cgvj	从古至今
cgwh	蹭网
cgww	菜过五味
cgxl	曾想
cgyz	曾有
cgys	曾用
cgyh	挫骨扬灰
cgzd	曾在
chbd	苍白
chbc	藏宝
chbl	残花败柳
chch	苍苍
chcu	仓促
chcv	苍翠
chdd	采花大盗
chel	从何而来
chgr	聪慧过人
chgu	才华盖世
chhd	沧海
chhc	藏好
chhl	仓皇
chhy	才华横溢
chiu	仓储
chit	仓皇出逃
chiv	才华出众
chji	催化剂
chjp	仓颉
chjn	藏娇
chjx	厝火积薪
chku	仓库
chl	词汇量
chlc	苍老
chll	苍凉
chmh	苍茫
chmf	舱门
chni	藏匿
chnw	舱内
chnf	错恨难返
chpb	藏品
chpd	慈航普度
chqs	苍穹
chqi	藏起
chsh	沧桑
chsi	藏私
chss	苍松
chst	沧海桑田
chtm	苍天
chuu	藏书
chuc	仓皇失措
chuf	藏身
chug	苍生
chuj	苍山
chuq	从何说起
chve	藏着
chvu	藏住
chvo	藏拙
chww	仓位
chyk	苍蝇
chys	沧海一粟
chyv	沧海遗珠
chyx	存乎一心
chzd	藏在
chzj	此话怎讲
ciai	慈爱
cian	此岸
ciba	糍粑
cibv	摧城拔寨
cibh	此唱彼和
cibp	辞别
cibq	层出不穷
cibw	慈悲
cibi	刺鼻
cici	此次
cich	蹭吃蹭喝
cidg	此等
cidr	此段
cidc	刺刀
cidd	磁带
cidf	粗茶淡饭
cidi	此地
cidm	词典
cidn	辞掉
cier	刺耳
cifj	此番
cifh	次方
cifu	赐福
cigw	赐给
cigs	辞工
cigr	辞官
cigu	刺骨
cigf	词根
cihd	辞海
cihh	擦出火花
cihx	此话
cihv	词汇
cihz	此后
cihy	赐婚
cihe	慈和
ciiu	此处
ciig	辞呈
ciih	磁场
ciir	刺穿
ciji	刺激
cijm	此间
cijn	赐教
ciju	此举
cijy	从长计议
cijj	草船借箭
cike	此刻
ciku	词库
cilw	此类
cila	刺啦
cilp	此列
cile	辞了
ciln	磁疗
cilu	此路
cili	磁力
cimu	慈母
cind	此乃
cinm	次年
cinv	次女
cipb	次品
cipj	磁盘
cipd	词牌
cipk	瓷瓶
cipo	刺破
ciqi	瓷器
ciqk	刺青
ciqm	此前
ciqu	辞去
ciqs	词穷
cirf	此人
ciri	次日
ciru	刺入
cirv	雌蕊
cise	辞色
cisi	赐死
citv	辞退
cith	祠堂
citj	刺探
citn	词条
citp	磁铁
cits	刺痛
ciua	刺杀
ciuf	刺身
ciug	此生
ciuh	刺伤
ciui	此时
ciuj	慈善
ciuu	次数
civi	辞职
civr	瓷砖
civs	此种
civv	词缀
ciwd	此外
ciwf	此文
ciww	刺猬
ciwo	次卧
cixr	次选
cixu	次序
cixi	慈禧
cixk	雌性
cixl	慈祥
cixp	辞谢
cixq	刺绣
cixs	雌雄
ciyc	次要
ciyi	词义
ciyj	刺眼
ciyu	词语
ciya	呲牙
ciyr	次元
ciyk	从长远看
cizc	辞藻
cizu	词组
cizi	次子
cjan	惨案
cjbd	惨败
cjbu	餐补
cjbf	残本
cjbc	残暴
cjbj	参半
cjbk	残兵
cjcy	残存
cjci	残次
cjcj	餐餐
cjch	曾经沧海
cjcu	曾经沧海难为水
cjdm	餐点
cjdc	餐刀
cjdi	残敌
cjdj	惨淡
cjds	残冬
cjdz	蚕豆
cjdh	残党
cjdl	采菊东篱
cjdx	采菊东篱下
cjeg	擦肩而过
cjfw	残废
cjgg	残羹
cjgr	参观
cjgu	参股
cjhd	残骸
cjhv	参会
cjhe	参合
cjho	惨祸
cjhz	餐后
cjhu	曾几何时
cjie	餐车
cjij	参禅
cjir	残喘
cjjx	参加
cjjb	餐巾
cjji	残疾
cjjq	残旧
cjjk	惨景
cjjm	参见
cjjn	惨叫
cjju	餐具
cjjy	参军
cjjr	残卷
cjkc	参考
cjkv	惭愧
cjkj	参看
cjku	残酷
cjle	惨了
cjlj	灿烂
cjlp	惨烈
cjli	惨厉
cjlq	残留
cjmz	参谋
cjnm	残年
cjpk	参评
cjpo	残破
cjqt	残缺
cjqr	餐券
cjqm	餐前
cjrf	残忍
cjrh	惨绝人寰
cjrj	惨然
cjrl	从谏如流
cjrm	草菅人命
cjry	从俭入奢易
cjsr	葱姜蒜
cjsd	参赛
cjse	惭色
cjsi	蚕丝
cjsy	残损
cjtk	餐厅
cjtd	餐台
cjtm	参天
cjti	残体
cjtq	从今天起
cjts	惨痛
cjtu	从今天开始
cjtz	参透
cjua	残杀
cjug	残生
cjui	蚕食
cjuu	参数
cjvc	参照
cjva	残渣
cjvg	参政
cjvi	残值
cjvj	参展
cjvl	惨状
cjvo	餐桌
cjvs	惨重
cjvh	残障
cjwu	参悟
cjwh	从今往后
cjxk	刺激性
cjxn	惨笑
cjxr	参选
cjxl	参详
cjxt	残雪
cjxp	残屑
cjyu	参与
cjys	蚕蛹
cjyb	餐饮
cjyi	餐椅
cjyh	从今以后
cjyj	参演
cjyt	参阅
cjyk	残影
cjyx	辞旧迎新
cjzc	惨遭
cjza	参杂
cjzj	参赞
cjzy	促进作用
cjzz	仓颉造字
ckck	参考参考
ckfl	从宽发落
cklx	摧枯拉朽
ckng	才可能
ckui	才开始
clbu	从来不
clbt	此路不通
clby	从来不用
clbh	从来不会
clbi	错漏百出
clca	擦了擦
clcq	猜来猜去
clcl	错了错了
clcm	蹙了蹙眉
cldj	催泪弹
cldm	灿烂夺目
cldv	层峦叠嶂
clfz	丛林法则
clhh	灿烂辉煌
cljr	层林尽染
clku	从零开始
clmy	从来没有
clrl	从令如流
clun	惨绿少年
clwh	藏龙卧虎
clxk	策略性
clxh	财力雄厚
clyv	错落有致
cmcm	参谋参谋
cmcv	聪明才智
cmde	慈母多败儿
cmeu	侧目而视
cmjg	从没见过
cmjb	草木皆兵
cmjd	聪明绝顶
cmfw	聪明反被聪明误
cmgr	聪明过人
cmmc	藏猫猫
cmqu	催眠曲
cmll	聪明伶俐
cmrf	聪明人
cmtu	从明天开始
cmtq	从明天起
cmum	慈眉善目
cmuq	才貌双全
cmvi	聪明之处
cmvy	摧眉折腰
cmxq	财迷心窍
cmxl	猜枚行令
cmyz	从没有
cmyq	草木一秋
cmyi	草木一春
cmyb	策马扬鞭
cmyu	聪明一世
cmyx	草莽英雄
cmyg	从没有过
cndb	从南到北
cngz	才能够
cnyh	从那以后
coai	错爱
coan	错案
cobd	挫败
cobj	搓板
coci	措辞
code	错的
codc	锉刀
coee	错愕
cofg	错峰
cogo	错过
cogk	错怪
cohe	撮合
coie	错车
coig	搓成
coil	痤疮
coiu	错处
cojt	错觉
cokd	错开
cokj	错看
cole	错了
colr	错乱
colz	错漏
colo	错落
coma	错码
cons	搓弄
copj	错判
corz	搓揉
corf	错认
coto	蹉跎
coti	错题
coua	错杀
couh	磋商
coui	措施
couz	搓手
cove	挫折
coww	错位
cowu	错误
coxi	搓洗
coys	错用
cozi	错字
cozc	搓澡
coza	错杂
cpdj	残篇断简
cpgu	擦屁股
cqbf	此起彼伏
cqbl	此起彼落
cqbq	残缺不全
cqcj	此情此景
cqfl	从轻发落
cqgr	才气过人
cqiv	从轻处置
cqld	藏起来
cqxl	猜拳行令
cqyv	藏巧于拙
cqzh	擦枪走火
cqvy	此曲只应天上有
crbp	从容不迫
crdc	窜到
crds	攒动
crdo	篡夺
crfx	灿若繁星
crfj	催人奋进
crgd	篡改
crgo	篡国
crhs	蹿红
criu	窜出
crjb	窜进
crji	攒机
crjy	从容就义
crlx	催人泪下
crnc	凑热闹
crne	酂
crqr	篡权
crqx	灿若群星
crru	窜入
crtc	窜逃
crvw	翠绕珠围
crww	篡位
crxi	灿若星辰
cryd	从容应对
crzr	从容自若
csbu	从不
csbd	葱白
csbg	寸丝不挂
cscb	苍松翠柏
csci	从此
cscs	匆匆
cscu	匆促
cser	从而
csfj	从犯
cshe	从何
cshv	聪慧
cshx	葱花
csjb	从今
csjl	葱姜
csjm	从简
csju	财色兼收
csjy	从军
cskr	从宽
cskk	沧桑坎坷
csld	从来
cslb	丛林
csll	从良
cslt	从略
cslv	葱绿
csmb	聪敏
csmh	匆忙
csmj	才思敏捷
csmk	聪明
csmw	从没
csqm	从前
csqk	从轻
csrs	从容
cssu	从速
cstz	从头
csui	从事
csug	丛生
csuu	从属
csvs	从中
csvg	从政
csww	从未
csxn	从小
csye	从业
csyj	从严
csyk	聪颖
csyz	从优
csyu	葱郁
cszc	从早
ctcj	寸土寸金
ctbr	寸土不让
ctbv	寸土必争
ctdw	从头到尾
ctdj	从头到脚
ctej	从天而降
ctiw	从头彻尾
ctku	从头开始
ctlw	藏头露尾
ctlg	从头来过
ctsy	蹉跎岁月
ctvw	从头至尾
ctuf	残汤剩饭
ctuq	从头说起
ctwm	粗通文墨
ctzi	醋坛子
ctzl	从头再来
ctzu	苍天在上
cub	测试版
cubc	粗暴
cubf	粗笨
cubi	粗鄙
cubj	措手不及
cubu	粗布
cucc	粗糙
cucd	此时此地
cuck	此时此刻
cucu	此生此世
cuda	粗大
cuds	促动
cudx	从上到下
cudj	搓手顿脚
cuee	蹙额
cueg	擦身而过
cuex	从上而下
cufh	粗放
cufa	猝发
cugl	粗犷
cugr	才识过人
cuhx	粗话
cuho	粗活
cuhc	粗豪
cuig	促成
cujb	促进
cujk	醋精
cuju	蹴鞠
cujc	错上加错
cujt	蚕食鲸吞
cukz	粗口
cukj	粗看
culu	粗鲁
culq	醋溜
culj	错失良机
cull	粗粮
culp	粗劣
cult	粗略
culz	粗陋
culi	粗粝
cumw	蹙眉
cuqi	粗气
cuqj	厕身其间
cuqm	粗浅
curf	粗人
curj	猝然
curl	从善如流
curd	从善如登
curn	从奢入俭难
cusu	粗俗
cusi	猝死
cusr	醋酸
cuti	粗体
cuts	粗通
cuui	促使
cuuk	粗率
cuuu	粗疏
cuuq	才疏识浅
cuvl	粗壮
cuvd	藏身之地
cuvi	藏身之处
cuvs	粗重
cuvv	从始至终
cuww	醋味
cuwf	粗纹
cuwu	此时无声胜有声
cuwh	此生无憾
cuxb	粗心
cuxi	粗细
cuxm	粗线
cuxn	促销
cuxx	促狭
cuxq	才疏学浅
cuye	粗野
cuyi	醋意
cuyj	粗盐
cuys	簇拥
cuzh	次生灾害
cvbi	催逼
cvbj	催办
cvbx	此长彼消
cvcj	璀璨
cvcu	催促
cvdc	才知道
cvdm	侧重点
cvdy	粗枝大叶
cvgu	脆骨
cvgj	操之过急
cvgr	才智过人
cvhv	摧毁
cvhx	催化
cvho	淬火
cvij	催产
cviz	财政赤字
cvhy	催婚
cvju	财政局
cvkr	催款
cvlv	翠绿
cvlw	催泪
cvlm	淬炼
cvlz	粗制滥造
cvmk	催命
cvmm	催眠
cvmr	藏之名山，传之其人
cvpi	脆皮
cvqu	萃取
cvqk	催情
cvro	脆弱
cvtu	催吐
cvtc	催讨
cvug	催生
cvuz	催收
cvuu	催熟
cvvd	催债
cvvu	翠竹
cvwu	参照物
cvww	翠微
cvwf	催问
cvwj	财政危机
cvxl	脆响
cvy	侧重于
cvyl	从中渔利
cvyn	残渣余孽
cvyu	翠玉
cvyx	粗中有细
cvyv	藏着掖着
cvyf	草长莺飞
cvzg	从中作梗
cwbi	错误百出
cwdy	从无到有
cwdq	篡位夺权
cwhv	村委会
cwjg	从未见过
cwjx	存亡绝续
cwlv	错误率
cwng	藏污纳垢
cwrd	惨无人道
cwyg	从未有过
cxbv	此消彼长
cxcx	操心操心
cxdy	粗心大意
cxdd	从小到大
cxdu	从下到上
cxet	促膝而谈
cxfu	磁悬浮
cxit	促膝长谈
cxny	藏形匿影
cxql	才想起来
cxsy	从心所欲
cxtn	粗线条
cxtx	促膝谈心
cxth	慈禧太后
cxtt	雌雄同体
cxyc	才需要
cxyt	促膝夜谈
cxzu	从现在开始
cybj	搓衣板
cybu	寸步
cyby	采阴补阳
cycd	猜一猜
cycv	催一催
cycz	凑一凑
cycy	参与参与
cycc	寸草
cydu	参与度
cydc	存到
cydd	存贷
cydh	存档
cydo	忖度
cydb	残垣断壁
cydz	从右到左
cybd	苍蝇不叮无缝的蛋
cydj	存单
cyev	从一而终
cyfh	存放
cyfu	村妇
cygf	存根
cygc	存稿
cygj	财源广进
cygg	财源滚滚
cygr	村官
cygu	村姑
cyho	存货
cyht	财运亨通
cyhy	粗言秽语
cyiu	存储
cyiy	此言差矣
cykr	存款
cykn	才有可能
cyku	从一开始
cykz	村口
cyll	存量
cyli	村里
cylo	村落
cylq	存留
cylp	皴裂
cylz	呲牙咧嘴
cymk	曾用名
cymb	村民
cymc	村
cypj	存盘
cypf	村野匹夫
cyqu	存取
cyqm	存钱
cyru	存入
cyry	从业人员
cysi	寸有所长
cyui	此一时
cyue	村舍
cyuf	存身
cyuh	村上
cyuu	此一时，彼一时
cyve	存折
cyvd	村寨
cyvf	村镇
cyvh	村长
cyvl	村庄
cyvu	存贮
cyvx	恻隐之心
cyww	存为
cywh	存亡
cyxb	存心
cyxu	存续
cyyz	存有
cyyi	存疑
cyye	村野
cyzd	存在
cyzi	村子
czcz	凑凑
czdc	凑到
czdw	从早到晚
czdy	从左到右
czfz	错综复杂
czfl	嘈杂纷乱
czgj	存在感
czgz	凑够
czhe	凑合
czig	凑成
cziu	凑出
czjb	凑近
czji	凑集
czjr	才子佳人
czjx	踩在脚下
czjl	存在即合理
czlp	错字连篇
cznj	藏踪蹑迹
czqn	凑巧
czqi	凑齐
czqu	凑趣
czqj	厕足其间
czqm	凑钱
cztd	操作台
cztl	惨遭屠戮
czuu	凑数
czuz	凑手
czxt	操作系统
czzu	凑足
czzi	凑字
d	的
daf	打
da	大
di	地
dc	到
dv	对
do	多
dk	定
ds	动
dg	等
de	得
dw	得
dml	电
div	第
dd	代
dh	当
dug	度
dz	都
dm	点
daz	达
dcz	道
dn	调
dcs	导
dsa	东
dhx	党
dj	但
dvt	堆
dve	队
djb	单
ddf	带
dei	德
drm	断
dr	段
dir	低
djf	担
dmg	店
dyk	吨
ddi	待
dig	底
duq	独
det	地
dul	都
dzz	逗
dzd	斗
duu	督
ddr	贷
du	读
dru	短
dgv	登
dgy	邓
dky	订
dcp	岛
dy	顿
dmlb	典
dav	答
dhm	档
dcr	倒
duf	毒
dif	抵
dyp	盾
dod	夺
dsc	董
djp	丹
drl	端
dsw	冬
dud	渡
dnf	掉
djo	胆
dgh	灯
dkd	顶
djoa	旦
djg	弹
dsd	洞
dka	丁
dib	弟
djv	蛋
dizy	迪
dum	杜
djd	淡
diz	递
ddu	戴
dcv	刀
djy	诞
dcd	盗
dza	豆
diw	帝
ddry	袋
dyw	敦
dsx	懂
dch	稻
dhc	荡
dvb	兑
diq	敌
dnkf	雕
dnw	鸟
dnp	鸟
dmbd	奠
dafk	搭
dp	跌
dit	堤
dic	蒂
dsdd	冻
dnk	吊
drj	锻
dczj	蹈
dut	堵
dis	缔
dq	丢
dsm	栋
dkov	鼎
dda	歹
dmbt	甸
dmub	碘
duk	赌
dmdr	淀
dmu	殿
dnj	钓
ddk	呆
duoo	睹
didk	滴
doj	朵
dhf	挡
dmf	垫
did	涤
dko	盯
duo	肚
dpy	叠
dgd	澄
ddz	逮
dcx	悼
dpi	蝶
dpz	迭
dkj	钉
dou	躲
dmur	颠
dyz	蹲
dzf	抖
dkjr	锭
djq	氮
dzp	兜
duj	镀
dkk	叮
djbe	郸
dze	陡
dmd	滇
dyt	墩
dixf	翟
dje	耽
dau	沓
dinp	娣
ddre	岱
dgvj	凳
ddru	傣
divy	笛
dpu	碟
dojl	铎
dcf	捣
dzbd	窦
dok	哆
dim	棣
dpb	爹
dich	荻
dudd	渎
dds	怠
dykt	囤
dgo	瞪
dnv	刁
drs	缎
drsy	缎
dmb	癫
duv	笃
dme	巅
doe	堕
dmx	惦
dpym	谍
dkr	仃
dgz	蹬
dsr	侗
diy	谛
dmfk	掂
dab	瘩
dck	叨
diqh	狄
dpp	牒
dide	邸
dsk	咚
dcpc	祷
dov	舵
ddd	殆
dik	嘀
dom	驮
dot	垛
ddrh	黛
dyd	沌
dox	惰
dyj	钝
dkjz	铤
dyh	炖
dhb	宕
dnvk	貂
dnd	凋
duke	嘟
dund	犊
djx	惮
dmby	癜
dun	妒
dakk	嗒
dkt	町
diud	砥
dmw	玷
dcfh	焘
dup	牍
djr	儋
dpl	耋
ditd	坻
dokx	哆
dyo	盹
dyzo	遁
dhup	砀
dhj	铛
dak	哒
dpk	喋
dozy	踱
ddtn	埭
diyd	诋
diwu	玓
djov	眈
doz	跺
din	嫡
dua	蠹
dvu	碓
dmr	佃
dnuk	碉
dad	耷
dag	鞑
dhp	裆
dywr	趸
djba	疸
dsek	峒
dgk	噔
dna	鲷
dsq	氡
dmz	踮
dnkd	叼
dij	镝
dzi	蚪
dhu	凼
dsxk	恫
dof	掇
dojd	剁
dkyd	酊
djfl	掸
diuj	碲
dmfr	靛
daga	靼
dkkr	啶
drh	煅
dzb	痘
dyut	砘
dmj	钿
dku	碇
dxk	嗲
dso	胴
dgu	磴
dsu	硐
drmy	椴
ddsk	绐
dcq	氘
digd	骶
domb	柁
ddw	玳
djk	啖
dzc	蔸
dhcu	菪
dge	嶝
dkor	腚
dzj	钭
dhy	谠
diu	氐
dap	褡
dst	垌
dumd	椟
dimd	柢
ddkt	呔
djer	聃
dvj	镦
dej	锝
dptm	堞
dkb	疔
dava	笪
ddzk	迨
dcfx	纛
dkw	玎
dax	怛
dirm	籴
dyuw	礅
dyjw	镦
dan	妲
dqj	铥
duh	黩
dvy	怼
djc	萏
dmtk	坫
dsdn	鸫
dzv	篼
drv	簖
dop	裰
dokm	哚
difr	提
ddun	大
dog	度
dja	石
dzyd	读
dutr	顿
dcj	帱
djbl	瘅
dcxd	忉
dio	睇
dpg	瓞
dpa	鲽
dse	岽
dsod	胨
duct	芏
dnjd	铫
dgog	戥
diue	觌
dmek	阽
dnjj	铞
dpt	垤
dpzm	蹀
dke	耵
dugi	髑
djkh	赕
dat	垯
dht	垱
dii	䗖
drt	塅
dhme	𣗋
diwj	𤧛
domd	杕
dazz	跶
dac	荙
dah	炟
dajz	𫟼
dcfd	捯
dcvd	舠
dca	鱽
ddid	轪
ddrt	垈
dde	叇
dek	嘚
dff	扽
dgw	璒
dhw	珰
dicu	菂
dinj	媂
dia	髢
diul	䃅
dizr	踶
digr	鞮
dizk	蹢
djva	疍
djxk	憺
dmh	扂
dmwr	琔
dnb	窎
doti	埵
doty	㙍
dpo	昳
dps	绖
dpop	䏲
drwy	瑖
dre	耑
duvs	厾
dvp	祋
dyxz	惇
dhdy	𬍡
djrl	𫢸
djsv	𬘘
dpej	𫶇
dsi	𬟽
dvjz	𬭚
daun	大
dity	地
dety	地
dcad	到
dvyc	对
dkbr	定
dsel	动
deic	得
dwi	得
dmlv	电
divp	第
dhxe	当
dogy	度
dmlh	点
dnyk	调
dcsc	导
dsad	东
djra	但
dver	队
deix	德
dafd	打
djak	石
dird	低
dmgk	店
ddic	待
ddrr	贷
duy	读
drua	短
dgva	登
dgye	邓
dcpe	岛
dytr	顿
davk	答
dcrd	倒
dufm	毒
difd	抵
dypo	盾
dscv	董
djpa	丹
dswd	冬
dnfu	掉
dghd	灯
dsdk	洞
dkal	丁
dibp	弟
dumt	杜
dizp	递
ddub	戴
dcvp	刀
dzaa	豆
dsxv	懂
dhcp	荡
dvbe	兑
diqw	敌
dnwd	鸟
dnpa	鸟
dvtf	堆
dpzu	跌
ditr	堤
dicj	蒂
drjy	锻
duto	堵
dqp	丢
ddax	歹
duko	赌
ddkm	呆
dhfe	挡
dmft	垫
dkod	盯
duot	肚
dpyq	叠
ddzn	逮
dpim	蝶
dkjd	钉
doum	躲
dyzc	蹲
djqh	氮
dzpe	兜
dzer	陡
dmdb	滇
dytw	墩
djev	耽
dauo	沓
dpum	碟
dzza	逗
dcfe	捣
doki	咄
dimn	棣
dpbx	爹
ddsx	怠
dgoa	瞪
dmbr	癫
duvm	笃
dmer	巅
doet	堕
dkrd	仃
dgza	蹬
dsrk	侗
dovb	舵
dikk	嘀
dydt	沌
doxo	惰
dyht	炖
dktd	町
dmwk	玷
djrk	儋
dplt	耋
dyot	盹
dhje	铛
dpkm	喋
dozm	跺
dink	嫡
dvuf	碓
dmrt	佃
dade	耷
dhpe	裆
dgka	噔
dnak	鲷
dsqd	氡
dmzk	踮
dijk	镝
dhuk	凼
dofy	掇
dzba	痘
dmjt	钿
dkur	碇
dxkx	嗲
dsok	胴
dgua	磴
dsuk	硐
ddwy	玳
dzce	蔸
dgea	嶝
dgja	镫
dzju	钭
dvjw	镦
dejc	锝
dkbd	疔
dkwd	玎
daxa	怛
dqjs	铥
djcj	萏
dzve	篼
drvj	簖
dopy	裰
dcjc	帱
diop	睇
dpgu	瓞
dpam	鲽
dsed	岽
dptt	垤
dked	耵
dhte	垱
drty	塅
dacz	荙
daha	炟
ddez	叇
dekc	嘚
dfft	扽
dgwa	璒
dhwe	珰
diay	髢
dmhk	扂
dnbn	窎
dpou	昳
dpst	绖
dree	耑
dvpy	祋
dsid	𬟽
dwic	得
dqps	丢
db	代表
df	地方
dx	东西
dl	到了
dt	代替
daan	答案
daai	大爱
daba	大把
dabc	打包
dabd	打败
dabi	大笔
dabj	打扮
dabk	大病
dabm	大便
dabn	达标
dabh	打榜
dabo	大伯
dabu	大步
dacj	大餐
daco	打错
dacs	大葱
daci	打词
dada	大大
dadc	大道
dadh	搭档
dadi	打底
dadj	大胆
dadm	打点
dadn	打掉
dado	大多
dadp	大跌
dadr	打断
dads	打动
dadu	大度
dadg	大灯
dadv	大队
dady	打盹
dadz	大豆
daee	大额
dafa	打发
daff	打分
dafg	大风
dafh	大方
dafj	打翻
dafo	大佛
dafu	答复
dagc	大搞
dagd	大概
dage	大哥
dagh	大纲
dagk	打怪
dagl	打光
dago	打过
dags	打工
dagu	打鼓
dagw	打给
dagx	大褂
dagy	打滚
dagz	打钩
dagr	达观
dahc	大号
dahd	大海
dahe	大河
dahg	大亨
dahj	大喊
dahk	打坏
daho	大伙
dahr	大患
dahs	大红
dahu	大户
dahv	大会
dahx	大话
dahy	打昏
dahz	大吼
dahh	打夯
daia	打岔
daie	打车
dair	打穿
daif	大臣
dail	大床
daig	达成
daii	大吃
daih	大厂
daiu	打出
daic	大吵
dajx	大家
daji	打击
dajk	大惊
dajb	打进
dajl	大奖
dajm	搭建
dajn	打搅
dajp	大街
dajq	搭救
dajr	答卷
daju	大局
dajy	大军
dajg	打熬筋骨
daka	打卡
dakc	大考
dakd	打开
dakr	打款
daks	打孔
daku	大哭
dakv	大亏
dakx	打垮
dakz	大口
dakg	大坑
dake	大可
dala	耷拉
dalc	大佬
dald	达赖
dale	打了
dalh	大浪
dali	搭理
dalk	大龄
dall	大量
dalm	大连
dalo	打落
dalj	打烂
dalp	打猎
dalr	打乱
dalu	大陆
dalv	大绿
dalw	打雷
dalz	大楼
damf	大门
dama	大妈
dami	大米
damd	大卖
damk	大名
damo	打磨
damw	大媒
damj	打满
danc	大脑
danj	大难
dand	打奶
dana	大拿
danl	大娘
danm	大年
danu	大怒
dapb	打拼
dapc	大炮
dapd	打牌
dapg	大鹏
dapi	大批
dapj	大盘
dapk	大屏
dapm	大片
dapo	打破
dapw	搭配
dapu	打谱
daqq	打球
daqm	打钱
daqi	大气
daqk	大庆
daql	搭腔
daqn	大桥
daqr	大权
daqu	打趣
darc	打扰
darf	大人
darh	大嚷
daru	打入
dasr	打算
dasc	打扫
dasd	大赛
dasi	打死
dasj	打散
dasv	打碎
dath	大堂
dati	答题
datj	打探
datk	打听
datp	打铁
dats	打通
datu	大图
datv	大腿
datz	大头
daua	大厦
daue	大赦
dauf	大神
dauv	打水
daug	大声
dauh	打伤
daui	大师
dauj	搭讪
dauk	大帅
dauu	大叔
dauz	打手
dauc	大勺
dave	打折
davf	打针
davh	打仗
davi	大致
davj	大战
davr	大专
davl	打桩
davs	大众
davu	打住
davc	大招
davz	大洲
dawh	大王
dawf	答问
dawu	大雾
dawj	打完
dawm	敌暗我明
daxi	大喜
daxk	大型
daxl	大象
daxn	大小
daxp	大写
daxq	大修
daxr	大选
daxt	大学
daxx	打下
daxm	大仙
daya	打压
dayz	大有
dayb	打印
daye	大爷
dayh	大洋
dayi	大意
dayy	大运
dayj	大雁
dayk	答应
dayr	大院
dayt	大约
dayu	大雨
daza	打杂
dazc	打造
dazd	搭载
dazg	大增
dazi	打字
dazo	打坐
dazs	大宗
dazu	德昂族
dazv	大嘴
datd	打胎
dban	多巴胺
dbbz	大半辈子
dbbp	打抱不平
dbco	都不错
dbcy	断壁残垣
dbcj	断编残简
dbdv	对不对
dbds	动不动
dbda	大不大
dbdo	多不多
dbdc	达不到
dbdu	对比度
dbdl	大包大揽
dbdd	得不到的
dbdb	打扮打扮
dbdx	大悲大喜
dbeg	大败而归
dbi	打不出
dbil	打不出来
dbiz	打不出字
dbiy	大病初愈
dbff	大部分
dbfr	大部分人
dbgo	打不过
dbgt	对簿公堂
dbgw	躲不过十五
dbhv	都不会
dbhu	打不还手
dbiu	得不偿失
dbij	东不成西不就
dbji	等不及
dbjq	低不就
dbkd	打不开
dbku	大败亏输
dbl	大不了
dbln	打不了
dblb	都柏林
dblk	逮捕令
dblm	刀疤脸
dblz	打不了字
dbld	大不列颠
dblx	大步流星
dbls	第比利斯
dbmk	道不明
dbmy	多边贸易
dbmv	淡泊明志
dbml	淡泊名利
dbng	都不能
dbnm	大半年
dbpa	地不怕
dbpw	德不配位
dbqi	对不起
dbqj	调兵遣将
dbru	倒不如
dbrl	倒背如流
dbrq	大不如前
dbrw	代表人物
dbry	东边日出西边雨
dbrr	大白若辱
dbri	大笔如椽
dbsi	打不死
dbt	大白天
dbtr	代表团
dbth	大白天说梦话
dbtm	道不同不相为谋
dbts	打不通
dbtx	独步天下
dbty	断壁颓垣
dbtu	打遍天下无敌手
dbtl	灯不挑不亮
dbui	倒不是
dbuz	搭把手
dbuh	对不上
dbux	待办事项
dbuu	多不胜数
dbuy	道不拾遗
dbvu	对不住
dbvi	蛋白质
dbvd	都不知道
dbvy	倒不至于
dbvs	打不着狐狸惹身骚
dbxk	代表性
dbxh	都不喜欢
dbxj	短兵相接
dbxl	电冰箱
dbxp	东奔西跑
dbxz	东奔西走
dbyk	大本营
dbyx	大白于天下
dbyf	大饱眼福
dbye	大半夜
dbyi	大病一场
dbyu	独步一时
dbyd	倒不一定
dbyy	都不一样
dbzz	带不走
dbzo	代表作
dbzv	单兵作战
dbzl	蹬鼻子上脸
dbzx	貂不足，狗尾续
dcba	刀疤
dcbd	道白
dcbi	倒闭
dcbj	盗版
dcbk	刀柄
dcbo	导播
dcbp	道别
dcbw	刀背
dcbm	道边
dccc	稻草
dcci	到此
dcda	到达
dcdc	叨叨
dcde	道德
dcdh	倒挡
dcdn	倒掉
dcdi	到底
dcdj	导弹
dcdk	到顶
dcdm	到点
dcdu	导读
dcdy	多才多艺
dcdb	大慈大悲
dcfa	道法
dcfu	到付
dcfg	刀锋
dcfw	盗匪
dcgz	导购
dcgc	祷告
dcgs	刀工
dcge	倒戈
dcgl	刀光
dcgh	到岗
dcgo	到过
dcgr	导管
dcgu	捣鼓
dcgv	捣鬼
dcgx	倒挂
dchc	倒好
dche	道贺
dchg	道行
dchh	导航
dcho	到货
dchv	捣毁
dchj	盗汗
dchw	多藏厚亡
dcia	刀叉
dcie	倒车
dcih	到场
dcii	捯饬
dciu	到处
dcjm	刀剑
dcjn	道教
dcju	道具
dcjx	到家
dcjq	倒酒
dcjt	盗掘
dcjb	德才兼备
dcji	得寸进尺
dckz	刀口
dckd	倒开
dckv	倒亏
dcl	打错了
dcld	到来
dcle	到了
dcli	道理
dclm	盗链
dclq	倒流
dclr	捣乱
dclu	道路
dcly	导论
dclt	倒掠
dclp	打错了算盘
dcmd	倒卖
dcmh	倒忙
dcmi	稻米
dcmu	盗墓
dcmw	倒霉
dcnw	岛内
dcnm	悼念
dcnn	导尿
dcph	道旁
dcpm	刀片
dcpw	倒赔
dcpo	道破
dcqi	到期
dcql	刀枪
dcqm	道歉
dcqn	刀鞘
dcqp	盗窃
dcqu	盗取
dcrf	刀刃
dcre	导热
dcru	导入
dcsi	到死
dcsv	捣碎
dctv	倒退
dcta	倒塌
dcts	导通
dctc	大错特错
dctd	倒台
dctg	倒腾
dcti	导体
dctk	到庭
dctm	稻田
dctp	倒贴
dctz	到头
dcuh	岛上
dcui	到时
dcuj	刀山
dcuu	倒数
dcuv	倒水
dcuz	到手
dcug	多财善贾
dcve	倒着
dcvh	到账
dcvi	导致
dcvj	到站
dcvr	倒转
dcvl	倒桩
dcvu	岛主
dcww	到位
dcwv	到此为止
dcxi	道喜
dcxu	倒叙
dcxl	导向
dcxm	导线
dcxn	到校
dcxp	道谢
dcxr	倒悬
dcxt	道学
dcxx	倒下
dcxy	大材小用
dcyj	导演
dcyb	导引
dcye	倒也
dcyc	倒要
dcyi	道义
dcyk	倒影
dcys	盗用
dcyu	岛屿
dcyz	导游
dcyr	大草原
dcyy	到此一游
dczi	刀子
dczz	盗走
dczu	刀俎
dczw	盗贼
dday	点灯熬油
ddbn	代表
ddbf	呆笨
ddbi	代笔
ddbj	代办
ddbk	带病
ddbr	咄咄逼人
ddbt	胆大包天
ddbu	逮捕
ddbq	担当不起
ddbh	多多包涵
ddbv	多多保重
ddbx	喋喋不休
ddba	动荡不安
ddbd	当断不断
ddbl	当断不断，反受其乱
ddci	代词
ddcc	躲躲藏藏
dddc	带到
dddd	点点滴滴
dddk	待定
dddm	带点
dddq	大敌当前
ddds	带动
dddu	歹毒
dddv	带队
dddo	怠惰
dddx	独断独行
dder	戴尔
ddff	大大方方
ddfh	单刀赴会
ddfu	大夫
ddfj	带饭
ddge	带个
ddgs	代工
ddgh	待岗
ddgg	大动干戈
ddgv	多多关照
ddgr	代管
ddgu	咄咄怪事
ddgw	带给
ddgx	呆瓜
ddgz	代沟
ddgo	待过
ddgy	躲得过初一
ddgj	打断骨头连着筋
ddhv	待会
ddho	带货
ddhx	打电话
ddhl	堵得慌
ddhb	颠倒黑白
ddhc	代号
ddhe	丹顶鹤
ddhf	打道回府
ddhr	打得火热
ddia	待查
ddij	待产
ddig	代称
ddiu	大打出手
ddih	代偿
ddix	得道成仙
ddie	电动车
ddjx	代价
ddji	待机
ddjm	待见
ddjb	带劲
ddjd	大大降低
ddjv	点到即止
ddke	代课
ddkc	代考
ddkf	大刀阔斧
ddkr	贷款
ddkz	代扣
ddl	得到了
ddlc	代劳
ddld	带来
ddle	带了
ddli	代理
ddlk	带领
ddll	大大咧咧
ddlu	带路
ddls	道德沦丧
ddly	躲得了初一
ddlw	躲得了初一躲不过十五
ddma	代码
ddmc	戴帽
ddmg	呆萌
ddmj	怠慢
ddmk	待命
ddmm	弟弟妹妹
ddnn	打打闹闹
ddnz	动动脑子
ddpc	电灯泡
ddpu	打地铺
ddpi	待批
ddqi	对得起
ddqf	跌宕起伏
ddqk	颠倒乾坤
ddqc	道德情操
ddql	带枪
ddqm	带钱
ddqq	的的确确
ddqu	带去
ddrf	待人
ddrl	对答如流
ddrx	打动人心
ddrm	大队人马
ddss	哆哆嗦嗦
ddt	点点头
ddti	代替
ddtj	待摊
ddtu	歹徒
ddtz	带头
ddty	大道同源
ddtg	大大提高
dduh	带上
ddua	呆傻
dduz	代收
dduu	袋鼠
dduf	颠倒是非
dduy	地动山摇
ddur	大多数人
dduv	动动手指
ddul	敌对势力
ddv	多动症
ddve	带着
ddvf	当地政府
ddvh	呆账
ddvi	呆滞
ddvk	大打折扣
ddvl	袋装
ddvr	单刀直入
ddvu	逮住
ddvv	兜兜转转
ddvx	独断专行
ddvg	代征
ddvj	多多指教
ddvn	当打之年
ddwh	大王
ddwb	地大物博
ddwx	当代文学
ddwv	点到为止
ddww	代为
ddwa	带娃
ddwf	东帝汶
ddxp	代谢
ddxl	带向
ddxb	带薪
ddxc	东躲西藏
ddxi	代代相传
ddxn	代销
ddxt	带血
ddxu	待续
ddxw	东倒西歪
ddxx	断断续续
ddye	待业
ddyi	歹意
ddyj	代言
ddys	堵得要死
ddym	独当一面
ddyp	倒打一耙
ddyx	淡淡一笑
ddyu	待遇
ddyy	代孕
ddyz	带有
ddzd	待在
ddzi	袋子
ddzo	呆坐
ddzu	傣族
ddzz	带走
ddzj	大大增加
ddzq	大大增强
debm	第二遍
debu	第二步
debo	第二波
debf	当耳边风
debk	得病
deba	嘚吧
debx	大恩不言谢
deci	第二次
decc	德操
dedc	得到
dedh	得当
dedd	大恩大德
deff	得分
defa	得法
defu	得而复失
dege	第二个
dego	德国
degz	大耳刮子
degy	第二个月
degq	第二个星期
dehv	大而化之
deig	得逞
deis	得宠
deiu	得出
dejl	得奖
dejq	得救
dejb	得劲
dejd	第二季度
deks	得空
dele	得了
delw	得嘞
deld	得来
deli	得力
dely	第二轮
demk	第二名
denm	第二年
depn	得票
depf	当耳旁风
deqr	大而全
deri	第二人称
dese	嘚瑟
detm	第二天
detn	第二条
deti	得体
deta	德尔塔
deug	得胜
deui	得失
deuz	得手
devs	第二种
devi	得知
devu	得主
devy	第二志愿
dewf	德文
deww	淡而无味
dewd	大而无当
dexk	德行
dexm	得闲
dexi	得悉
dexv	等而下之
deyh	德阳
deyi	得意
deyu	德语
deye	第二页
deyj	第二眼
deyv	大而言之
dezv	得罪
dfbc	电饭煲
dfbl	东方不亮西方亮
dfbv	当风秉烛
dfcb	大发慈悲
dfdu	大幅度
dfdg	大富大贵
dfdl	大风大浪
dfdj	巅峰对决
dfgo	电饭锅
dfhs	东方红
dfhv	洞房花烛
dfhy	洞房花烛夜
dfii	当饭吃
dfjc	大放厥词
dfkk	豆腐块
dfle	打发了
dflt	大发雷霆
dfls	大发牢骚
dfmm	单方面
dfmv	东方明珠
dfnc	豆腐脑
dfpp	大腹便便
dfqi	达·芬奇
dfru	豆腐乳
dfsw	答非所问
dftg	倒反天罡
dfu	电风扇
dfuj	打发时间
dfux	大发善心
dfuy	大幅上扬
dfuu	大幅上升
dfuv	大幅上涨
dfva	豆腐渣
dfvy	挡风遮雨
dfvj	大方之家
dfvv	大费周章
dfvz	巅峰之作
dfvf	地方政府
dfvi	豆腐渣工程
dfww	大范围
dfwy	大方无隅
dfwh	东方文化
dfwm	东方文明
dfxk	地方性
dfxd	大幅下跌
dfxc	大幅下挫
dfxj	大幅下降
dfyj	丹凤眼
dfyc	大放异彩
dfyf	东风压倒西风
dfyw	荡妇淫娃
dfza	顶风作案
dfzr	道法自然
dfzj	登峰造极
dfzy	毒副作用
dfzd	打翻在地
dgb	打个包
dgbc	登报
dgbi	等比
dgbm	等边
dgbf	打个比方
dgbv	丢官罢职
dgci	等次
dgdu	打个赌
dgdc	等到
dgdd	等待
dgdg	等等
dgdk	登顶
dgda	瞪大
dgdh	打个电话
dgfj	大锅饭
dgff	等分
dggx	顶呱呱
dgge	大哥哥
dggc	登高
dggi	大功告成
dggl	灯光
dggr	灯管
dghc	等号
dgho	灯火
dghv	等会
dghz	等候
dghx	灯花
dghu	电光火石
dghr	打狗还得看主人
dgi	打个岔
dgiy	胆固醇
dgie	等车
dgih	登场
dgia	等差
dgiu	登出
dgji	等级
dgju	灯具
dgjx	等价
dgjy	刀光剑影
dgjg	倒挂金钩
dgjv	倒挂金钟
dgkr	等宽
dgke	登科
dglb	登临
dgle	等了
dgls	灯笼
dglu	登录
dglv	大概率
dgll	等量
dgmo	大规模
dgmf	登门
dgmi	灯谜
dgn	多功能
dgng	渡过难关
dgnd	大过年的
dgpc	灯泡
dgpj	登攀
dgpy	顶个屁用
dgqu	打过去
dgqm	道个歉
dgql	打官腔
dgqg	得过且过
dgrf	等人
dgru	登入
dgrx	地广人稀
dgs	打官司
dgsi	等死
dgts	等同
dgtd	登台
dgtm	登天
dgtv	蹬腿
dguh	登上
dgui	灯饰
dguj	登山
dgvc	灯罩
dgve	等着
dgvi	等值
dgvu	灯烛
dgvy	帝国主义
dgvm	达观知命
dgvh	打个招呼
dgvq	大国重器
dgwd	等外
dgwf	等温
dgws	大公无私
dgwv	德高望重
dgwy	登高望远
dgxx	等下
dgxb	灯芯
dgxl	灯箱
dgxm	等闲
dgxn	等效
dgxu	多管闲事
dgxy	多个心眼
dgxg	达官显贵
dgyu	等于
dgyj	瞪眼
dgyk	灯影
dgyt	登月
dgyz	灯油
dgyc	等腰
dgyh	登高一呼
dgyi	道高一尺
dgyv	道高一尺，魔高一丈
dgzd	登载
dgzi	凳子
dgzo	灯座
dgzy	打躬作揖
dgan	登岸
dgab	定国安邦
dhan	档案
dhbj	挡板
dhbk	当兵
dhbu	裆部
dhci	档次
dhdi	当地
dhdc	挡道
dhdd	当代
dhdj	大喊大叫
dhdl	大红大绿
dhdz	大红大紫
dhfg	挡风
dhfu	荡妇
dhfw	党费
dhgj	读后感
dhgr	当官
dhgh	党纲
dhgo	当过
dhgv	当归
dhgy	大呼过瘾
dhha	打哈哈
dhhs	当红
dhhc	当好
dhhh	灯火辉煌
dhhu	大好河山
dhhv	党徽
dhhm	电话号码
dhhy	电话会议
dhi	大合唱
dhic	当朝
dhid	当差
dhig	当成
dhih	当场
dhiu	当初
dhie	打黑除恶
dhjb	当今
dhji	当即
dhjp	当街
dhjl	灯红酒绿
dhjm	党建
dhju	当局
dhjv	刁滑奸诈
dhjx	当家
dhkz	档口
dhks	当空
dhle	当了
dhll	大汗淋漓
dhlh	当啷
dhlt	大祸临头
dhlu	挡路
dhlv	大海捞针
dhlj	德黑兰
dhlk	党龄
dhmm	当面
dhnm	当年
dhnw	党内
dhnh	大好年华
dhpm	动画片
dhpc	大红袍
dhpd	党派
dhpk	荡平
dhpu	当铺
dhqm	当前
dhqi	档期
dhqr	当权
dhqy	党群
dhqu	大获全胜
dhqd	打虎亲兄弟
dhrj	当然
dhri	当日
dhrz	对号入座
dhso	导火索
dhtm	当天
dhtk	当庭
dhtz	当头
dhuh	当上
dhui	当时
dhuf	党参
dhug	大好时光
dhuv	定海神针
dhve	当着
dhvf	当真
dhvg	党政
dhvh	党章
dhvs	当中
dhvu	挡住
dhwd	党外
dhwj	当晚
dhww	党委
dhxb	当心
dhxm	当先
dhxn	党校
dhxr	当选
dhxx	当下
dhxk	党性
dhxp	大换血
dhxj	大呼小叫
dhxu	大好形势
dhye	当夜
dhyh	荡漾
dhyr	党员
dhyt	当月
dhyu	党羽
dhyx	打回原形
dhyi	东海扬尘
dhzo	当作
dhzd	挡在
dhzu	党组
diai	低矮
dian	堤岸
diba	堤坝
dibd	迪拜
dibj	地板
dibk	敌兵
dibn	地表
dibu	底部
dibf	低成本
dibi	大差不差
dicg	底层
dida	抵达
didc	地道
didd	地带
didg	低等
didh	抵挡
didi	弟弟
didl	大吹大擂
didm	地点
didn	低调
didr	地段
dids	地洞
didv	敌对
didw	大彻大悟
didb	大仇得报
dier	第二
difj	蛋炒饭
diff	低分
difh	地方
difu	地府
difl	大吹法螺
digc	底稿
digh	抵港
digo	帝国
digu	低估
digv	递归
digw	递给
digx	地瓜
digz	地沟
digs	地宫
dihj	倒春寒
dihc	低耗
dihl	帝皇
dihv	诋毁
dihz	敌后
diic	低潮
diif	低沉
diih	抵偿
diij	地产
diir	嫡传
diiu	抵触
diiv	低垂
dijq	第九
dijb	递进
diji	低级
dijm	递减
dijn	递交
dijp	地界
dijx	低价
dijy	敌军
dijv	独出机杼
dikd	低开
dikh	抵抗
diks	低空
dikx	东床快婿
dikz	抵扣
dil	洞察力
dilc	地牢
dild	抵赖
dile	低了
dilj	底栏
dili	地理
dilq	提溜
dilk	低领
dilm	低廉
dilo	低落
dilp	低劣
dilw	地雷
dily	涤纶
dilz	地漏
dimf	倒插门
dimc	地貌
dimi	低迷
dimk	地名
dimm	地面
dimw	弟妹
dimg	缔盟
ding	低能
dipb	低频
dipd	底牌
dipi	地皮
dipj	地盘
dipm	底片
dipu	地铺
dipw	低配
diqi	底气
diqk	敌情
diqb	地勤
diqj	洞察其奸
diqn	地壳
diqq	地球
diqt	的确
diqu	地区
dirf	敌人
dire	地热
diry	断肠人在天涯
dise	底色
disi	第四
disj	第三
diss	递送
disu	低俗
disy	得偿所愿
dith	低糖
ditj	地毯
ditk	迪厅
ditp	地铁
ditu	地图
ditv	递推
ditz	低头
ditm	底朝天
dite	倒持泰阿
diuc	低烧
diuf	东窗事发
diug	低声
diuh	地上
diui	地势
diuu	底数
diuv	地税
diuz	低手
diua	地煞
divd	抵债
dive	低着
divf	地震
divh	抵账
divi	地址
divu	地主
divr	地砖
diwa	低洼
diwf	低温
diwh	帝王
diwo	敌我
diww	地位
dixb	底薪
dixc	冬虫夏草
dixi	底细
dixj	雕虫小技
dixk	地形
dixm	底线
dixn	抵消
dixs	弟兄
dixt	滴血
dixx	地下
diya	抵押
diyb	低音
diyi	第一
diyj	递延
diys	抵用
diyc	低腰
diyr	地缘
diyt	缔约
diyu	低于
diyy	底蕴
diyq	洞察一切
diyp	打成一片
diyv	达成一致
dizc	缔造
dizg	递增
dizi	弟子
dizo	底座
dizz	低走
dizv	抵罪
didu	低度
djbc	担保
djbp	但别
djbd	蛋白
djbk	单兵
djbo	单薄
djbm	单边
djbf	打击报复
djbv	滴酒不沾
djbu	短见薄识
djci	单词
djce	单侧
djcg	单层
djcw	低级错误
djcb	断简残编
djcv	待价藏珠
djda	胆大
djdc	弹道
djdd	担待
djdg	对酒当歌
djdh	担当
djdj	淡淡
djdk	淡定
djdn	单调
djdq	大江东去
djds	丹东
djdu	单独
djdl	大吉大利
djde	大奸大恶
djdo	打架斗殴
djeg	待价而沽
djfa	单发
djfg	打机锋
djff	大家风范
djfd	大将风度
djfh	单方
djfj	但凡
djfu	担负
djfw	单飞
djfy	刀锯斧钺
djgc	蛋糕
djge	单个
djgh	单杠
djgj	胆敢
djgs	弹弓
djgv	单轨
djgo	单过
djgl	大驾光临
djgx	大家闺秀
djh	大家好
djhc	单号
djhh	单行
djhj	胆寒
djhl	蛋黄
djhe	单核
djhx	淡化
djhy	独具慧眼
djiy	单纯
djie	单车
djia	淡茶
djif	诞辰
djig	单程
djir	单传
djiu	淡出
djjp	大姐姐
djji	单机
djjl	殚精竭虑
djjh	等价交换
djjm	单间
djjr	蛋卷
djjt	旦角
djju	单据
djjx	单价
djjy	堆金积玉
djjz	渡尽劫波兄弟在
djkc	单靠
djkj	单看
djke	蛋壳
djks	单控
djkz	单口
djll	胆量
djle	淡了
djln	单聊
djlv	点击率
djld	当机立断
djlj	弹尽粮绝
djlm	单恋
djlp	单列
djlt	胆略
djlw	蛋类
djmo	淡漠
djmf	单门
djmd	丹麦
djmk	单名
djmm	单面
djmu	弹幕
djmg	打鸡骂狗
djni	耽溺
djnh	胆囊
djng	但能
djnb	大江南北
djpd	单排
djpk	单凭
djpb	单品
djpm	弹片
djpo	胆魄
djqt	但却
djqb	单亲
djqk	丹青
djqp	胆怯
djqq	但求
djqu	单曲
djqi	氮气
djqw	低级趣味
djrf	担任
djri	单日
djrj	淡然
djru	堆积如山
djse	单色
djt	第几天
djta	蛋挞
djtm	丹田
djtn	单挑
djtv	单腿
djtz	弹头
djtg	蛋疼
djti	地久天长
djts	独具特色
dju	倒计时
djui	但是
djuf	单身
djug	诞生
djuo	单说
djuj	待机时间
djup	担惊受怕
djus	大惊失色
djuu	单数
djuv	淡水
djuz	单手
djua	单杀
djul	短斤少两
djvb	点睛之笔
djvy	独具只眼
djvi	单指
djvl	淡妆
djvs	膻中
djvm	当局者迷
djvu	弹珠
djvj	斗酒只鸡
djww	单位
djwh	淡忘
djwj	弹丸
djwu	耽误
djwv	大局为重
djwf	但讲无妨
djxb	担心
djxg	大惊小怪
djxi	旦夕
djxl	单向
djxn	胆小
djxr	单选
djxx	大街小巷
djxm	对角线
djya	淡雅
djyc	弹药
djye	但也
djyu	耽于
djyd	大局已定
djyg	独具一格
djyk	定睛一看
djyi	单一
djyj	单眼
djyr	但愿
djyz	担忧
djzi	单字
djzf	度君子之腹
djzv	当家做主
djzg	斗鸡走狗
djdx	东京大学
dkan	定案
dkbb	大可不必
dkbc	订报
dkbj	顶班
dkbm	定编
dkbu	顶部
dkcg	顶层
dkcj	订餐
dkdc	道可道
dkdd	顶戴
dkdh	叮当
dkdg	顶灯
dkdj	订单
dkdm	定点
dkdn	定调
dkdo	顶多
dkdr	顶端
dkds	叮咚
dkdu	定都
dkdy	大快朵颐
dkdk	大口大口
dkee	定额
dkei	夺眶而出
dkfg	顶峰
dkfh	订房
dkfm	大开方便之门
dkgz	订购
dkgc	定稿
dkge	定格
dkgv	定规
dkgs	顶功
dkgo	定国
dkhv	定会
dkhc	定好
dkho	订货
dkhu	多快好省
dkhy	订婚
dkiq	大口喘气
dkjb	定金
dkji	顶级
dkjm	顶尖
dkju	定居
dkjx	定价
dkjl	定将
dkl	抵抗力
dkke	丁克
dkld	大开绿灯
dkle	多亏了
dkli	定力
dkll	定量
dklv	定律
dkly	定论
dklz	顶楼
dkmk	定名
dkn	都可能
dkng	定能
dknq	顶牛
dknh	豆蔻年华
dknk	叮咛
dkpn	订票
dkpg	顶棚
dkpk	顶屏
dkpj	盯盘
dkpw	顶配
dkpa	钉耙
dkqi	定期
dkqb	定亲
dkqj	丢盔弃甲
dkqk	定情
dkrj	定然
dkrf	盯人
dkrx	大快人心
dksi	盯死
dksy	定损
dkti	顶替
dktm	顶天
dktz	顶头
dktx	刀口舔血
dkth	打开天窗说亮话
dkuv	打瞌睡
dkuc	盯梢
dkug	鼎盛
dkuu	定数
dkuj	大开杀戒
dkuh	盯上
dkui	定时
dkvd	待客之道
dkve	盯着
dkvf	顶针
dkvg	订正
dkvi	定制
dkvl	顶撞
dkvu	叮嘱
dkww	定位
dkwv	大块文章
dkxx	定下
dkxb	定心
dkxj	丢盔卸甲
dkxk	定型
dkxl	定向
dkxp	钉鞋
dkxu	单口相声
dkyc	叮咬
dkyi	定义
dkyj	大开眼界
dkyr	定员
dkys	顶用
dkyt	订阅
dkyu	定于
dkzo	定做
dkzi	钉子
dkzu	鼎足
dkzv	顶嘴
dlba	得了吧
dlbm	倒了八辈子霉
dlbr	得理不饶人
dlbl	的黎波里
dlby	得来不易
dlcu	大老粗
dldo	多伦多
dldt	点了点头
dldj	跺了跺脚
dldl	掂量掂量
dldu	定了定神
dldd	多劳多得
dldf	颠鸾倒凤
dldq	颠来倒去
dldw	独来独往
dlet	夺路而逃
dlfs	独领风骚
dlgj	第六感
dlgh	打了个电话
dlhg	度量衡
dlhd	雕梁画栋
dlhf	雕龙画凤
dlib	大路朝天，各走一边
dljy	邓丽君
dljv	大力金刚指
dljq	大力加强
dljx	打了鸡血
dlle	带来了
dllv	滴溜溜转
dlmm	对立面
dlmb	顶礼膜拜
dlna	地拉那
dlpg	得了便宜还卖乖
dlqu	多了去
dlql	多了去了
dlqx	砥砺前行
dlqf	得来全不费工夫
dlqg	等量齐观
dlrf	代理人
dlrh	地利人和
dlsk	独立思考
dlsj	冬练三九
dltm	大冷天
dlti	独联体
dlth	地老天荒
dltu	大浪淘沙
dlui	大理石
dlut	锻炼身体
dlup	打了水漂
dlvu	顶梁柱
dlvc	栋梁之材
dlvi	大力支持
dlwu	得陇望蜀
dlwg	独立王国
dlxk	独立性
dlxi	东拉西扯
dlxv	鼎力相助
dlxg	丢了西瓜
dlyr	大老远
dlym	大老爷们
dlyj	打了一架
dlyd	打了一顿
dlzi	掉链子
dlzu	独龙族
dlzh	到了最后
dlzv	独立自主
dmar	道貌岸然
dmbc	电报
dmbh	电棒
dmbi	大门不出
dmbj	垫板
dmbl	独木不成林
dmbn	电表
dmbo	颠簸
dmbw	垫背
dmbk	点兵
dmbf	登门拜访
dmbm	大门不出二门不迈
dmc	代名词
dmcd	点菜
dmcj	点餐
dmch	典藏
dmci	电磁
dmco	点错
dmda	电大
dmdc	颠倒
dmdd	大名鼎鼎
dmdg	电灯
dmdh	典当
dmdi	垫底
dmdk	奠定
dmdm	点点
dmds	电动
dmdu	电镀
dmdy	大模大样
dmei	夺门而出
dmff	淀粉
dmfg	巅峰
dmfj	典范
dmfu	颠覆
dmfw	电费
dmgr	大满贯
dmge	点歌
dmgc	垫高
dmgy	电棍
dmgv	电柜
dmgl	当面鼓对面锣
dmgu	典故
dmgs	电工
dmhx	电话
dmhj	电焊
dmho	点火
dmhv	电汇
dmhe	电荷
dmhu	电弧
dmhz	殿后
dmhy	打马虎眼
dmii	电池
dmie	电车
dmic	点钞
dmim	低眉垂目
dmix	大梦初醒
dmji	点击
dmjk	电竞
dmjn	垫脚
dmjp	电解
dmjq	碘酒
dmjx	店家
dmjl	点将
dmju	电锯
dmjd	大马金刀
dmkd	点开
dmkl	癫狂
dmkr	垫款
dmli	典礼
dmlj	电缆
dmll	电量
dmln	电疗
dmlq	电流
dmlu	电路
dmlg	当面锣对面鼓
dmmm	店面
dmmu	电母
dmmf	店门
dmmk	点名
dmmc	点卯
dmmj	独门秘籍
dmnc	电脑
dmno	多米诺
dmng	电能
dmnw	店内
dmnm	惦念
dmnr	电暖
dmnp	多米诺骨牌
dmnv	独木难支
dmnj	多米尼加
dmnk	多米尼克
dmpk	点评
dmpo	点破
dmpu	店铺
dmpw	颠沛
dmqn	独木桥
dmqi	电器
dmqq	点球
dmqr	垫圈
dmqk	靛青
dmqv	到目前为止
dmre	电热
dmrf	大忙人
dmrj	点燃
dmrs	电容
dmru	玷辱
dmsr	点算
dmsl	倒霉死了
dmt	多媒体
dmtd	电台
dmth	殿堂
dmti	电梯
dmts	电筒
dmtz	点头
dmuz	垫手
dmuh	电商
dmud	多谋善断
dmuy	低眉顺眼
dmue	点射
dmui	电视
dmuj	电扇
dmuu	点数
dmug	大马士革
dmv	大拇指
dmvz	独木舟
dmvh	店长
dmva	电闸
dmve	垫着
dmvf	点阵
dmvi	垫支
dmvc	点着
dmvj	电站
dmvu	店主
dmvv	点缀
dmvy	低眉折腰
dmwh	电网
dmwd	店外
dmww	点位
dmwj	电玩
dmwu	玷污
dmwa	敌明我暗
dmxb	电信
dmxg	等米下锅
dmxk	典型
dmxm	电线
dmxt	点穴
dmxx	殿下
dmxy	电讯
dmxl	电箱
dmyk	电影
dmya	电压
dmyr	电源
dmyj	碘盐
dmyz	电邮
dmyt	当面一套
dmzh	滇藏
dmzi	电子
dmzj	点赞
dmzr	电钻
dmzu	电阻
dnbo	调拨
dnbc	掉包
dnbd	大逆不道
dnbi	凋敝
dnbk	调兵
dnbs	大难不死
dnbf	大难不死，必有后福
dnck	顿涅茨克
dndd	吊带
dndc	调到
dndg	吊灯
dnda	吊打
dndh	调档
dndk	吊顶
dnds	调动
dndu	调度
dndv	掉队
dndn	调调
dne	低能儿
dner	钓饵
dnfg	东南风
dngv	吊诡
dngs	雕工
dngz	吊钩
dngj	吊杆
dngx	吊挂
dnhz	多年后
dnhe	多瑙河
dnhr	调换
dnhv	调回
dnhg	刁横
dnhx	雕花
dnia	调查
dnie	吊车
dnij	貂蝉
dnil	吊床
dniu	调出
dniy	大年初一
dnjb	掉进
dnji	调集
dnjx	掉价
dnke	雕刻
dnkz	吊扣
dnle	掉了
dnli	调离
dnlk	凋零
dnlo	掉落
dnlj	吊篮
dnlz	碉楼
dnlt	大难临头
dnlw	掉泪
dnlf	大难临头各自飞
dnmj	刁蛮
dnmc	掉毛
dnmb	刁民
dnmf	调门
dnnj	刁难
dnpd	吊牌
dnpw	调配
dnpi	貂皮
dnpk	吊瓶
dnqu	调取
dnqm	调遣
dnqn	吊桥
dnrf	调任
dnru	调入
dnse	掉色
dnsh	吊丧
dnsi	屌丝
dnso	吊索
dnsu	雕塑
dntz	掉头
dntq	对牛弹琴
dnug	吊绳
dnuj	吊扇
dnud	掉色
dnui	雕饰
dnva	掉渣
dnve	吊着
dnvf	吊针
dnvl	吊装
dnvi	调职
dnvo	雕琢
dnvr	掉转
dnvv	吊坠
dnwj	刁顽
dnwh	凋亡
dnxx	掉下
dnxb	东南西北
dnxl	雕像
dnxm	掉线
dnxn	吊销
dnxp	凋谢
dny	东南亚
dnya	掉牙
dnyj	调研
dnys	调用
dnyt	调阅
dnyu	钓鱼
dnyl	多年以来
dnyh	多年以后
dnzd	掉在
dnzi	调子
dnzr	刁钻
dnzz	调走
dnzm	当牛做马
dnlu	对你来说
dnld	调来
dndx	东南大学
doai	多爱
dobj	多半
dobi	躲避
dobu	踱步
dobm	多变
dobn	夺标
dobk	多病
dobc	多报
doci	多次
docd	多彩
docg	多层
docj	多餐
doch	躲藏
doda	多大
dode	夺得
dodm	多点
dodo	多多
dodc	躲到
dodu	多读
dofh	多方
dogc	多高
doge	多个
dogo	躲过
dogr	夺冠
dogx	多寡
dohc	多好
doha	多哈
dohh	多行
dohv	夺回
dohk	多坏
doih	多长
doiu	多处
doia	多差
doij	多产
dois	多重
doig	剁成
doii	多吃
doji	多极
dojm	多见
dojn	剁椒
dojq	多久
dojx	多家
dojb	多金
dokd	躲开
dokj	多看
dokr	多款
dokk	多快
doks	多空
dokv	多亏
dole	多了
dolo	堕落
dolv	多虑
dolm	多练
doli	多例
dolj	躲懒
dome	多么
domg	多梦
domk	夺命
domm	多面
domu	夺目
domj	多慢
donm	多年
donj	多难
dopm	多篇
doqk	多情
doqi	多起
doqr	夺权
doqu	夺取
dorf	多人
dorh	躲让
dori	多日
dorz	多肉
doru	堕入
doso	哆嗦
dosv	剁碎
dotm	多天
dotk	多听
dotd	堕胎
dotz	多头
douc	多少
doui	多事
douj	躲闪
douo	多说
douu	多数
douz	剁手
doue	夺舍
dovd	躲债
dovr	多赚
dove	躲着
dovs	多种
dovi	多汁
dowf	多问
dowj	多晚
doww	多维
doxb	多心
doxk	惰性
doxl	多想
doxp	多谢
doxt	多学
doxr	多选
doxx	夺下
doyu	多余
doyb	多音
doyh	多样
doyr	多远
doys	多用
doyt	多月
doyi	多疑
doyy	多云
doyk	多赢
doyj	多言
dozd	躲在
dozi	多姿
doze	多则
dozv	多嘴
dozz	夺走
dozs	多宗
dozo	多做
dpbc	谍报
dpbw	叠被
dpbp	颠扑不破
dpci	叠词
dpd	大排档
dpdc	跌倒
dpda	跌打
dpdh	跌宕
dpdp	爹爹
dpdd	迭代
dpfu	跌幅
dpfh	叠放
dpff	跌份
dpie	电瓶车
dpig	叠成
dpiu	跌出
dpjn	跌跤
dpjx	叠加
dpkk	短平快
dple	跌了
dpll	颠沛流离
dplm	地痞流氓
dplx	箪瓢陋巷
dplo	跌落
dpmu	大屏幕
dpma	爹妈
dpnl	爹娘
dppm	碟片
dppo	跌破
dpqu	跌去
dpru	跌入
dpsi	跌死
dpsv	跌碎
dptk	跌停
dpug	打破砂锅
dpud	打破砂锅问到底
dpuh	跌伤
dpui	跌势
dpvi	跌至
dpvj	谍战
dpvz	东坡肘子
dpwu	肚皮舞
dpxm	地平线
dpww	爹味
dpxc	东拼西凑
dpxd	东跑西颠
dpxj	独辟蹊径
dpxu	短篇小说
dpxt	喋血
dpxz	大胖小子
dpys	蝶泳
dpyg	得便宜卖乖
dpyj	跌破眼镜
dpzi	碟子
dqbg	大巧不工
dqbr	刀枪不入
dqbz	底气不足
dqcg	大气层
dqcz	堆砌辞藻
dqdn	丢掉
dqdc	丢到
dqdl	大起大落
dqdy	多情多义
dqgw	丢给
dqhx	电气化
dqhi	荡气回肠
dqiz	丢丑
dqil	冬去春来
dqjb	丢进
dqju	打起精神
dqja	断情绝爱
dqjj	刀枪剑戟
dqld	打起来
dqle	丢了
dqlm	丢脸
dqll	打起来了
dqmq	打情骂俏
dqpb	大气磅礴
dqpl	大权旁落
dqpm	单枪匹马
dqqi	丢弃
dqqm	丢钱
dqqx	搭桥牵线
dqrf	丢人
dqru	丢入
dqrc	的确如此
dqrk	刀枪入库
dqrv	大巧若拙
dqsi	道琼斯
dqsz	得其所哉
dqui	丢失
dquz	底气十足
dquj	大千世界
dqve	当权者
dqwr	敌强我弱
dqwg	但求无过
dqwi	大器晚成
dqxx	丢下
dqxk	东瞧西看
dqya	大气压
dqzi	兜圈子
dqzw	大权在握
dran	断案
drbj	短板
drbw	断背
drbi	断臂
drbg	大人不记小人过
drbo	短波
drbr	当仁不让
drbl	打人不打脸
drcu	短促
drcd	端菜
drcg	断层
drci	断词
drdc	短刀
drdh	断档
drdk	断定
drdm	断电
drdr	短短
drdd	断代
drda	锻打
drdy	大仁大义
drfa	短发
drgf	断根
drgs	短工
drgh	洞若观火
drgy	短棍
drho	断货
drhy	断魂
drhz	断后
drhe	断喝
drhh	断航
dril	单人床
driu	短处
dria	端茶
drig	短程
drih	断肠
driv	淡然处之
drjm	短见
drjn	断交
drjt	断绝
drju	短剧
drjx	短假
drjw	待人接物
drjg	端人家碗，受人家管
drkd	断开
drkm	遁入空门
drkr	短款
drku	短裤
drkz	端口
drka	冬日可爱
drle	断了
drll	断粮
drlm	锻炼
drlo	段落
drlp	断裂
drlq	断流
drlu	短路
drlg	打入冷宫
drma	断码
drmk	短命
drmm	断面
drmu	端木
drmj	呆若木鸡
drnd	断奶
drni	端倪
drnm	多如牛毛
drp	短篇
drpm	短片
drpc	短跑
drpk	短评
drqi	短期
drqm	短浅
drqn	断桥
drqt	短缺
drqy	短裙
drqf	淡若清风
drrj	断然
drru	断乳
drrn	度日如年
drrr	得饶人处且饶人
drsa	夺人所爱
drsh	夺人所好
drss	断送
drtj	电热毯
drtm	大热天
drtt	动如脱兔
drtu	短途
drug	代人受过
druh	端上
drui	短视
druv	断水
druz	短寿
druc	煅烧
drus	断人生死
drve	端着
drvg	端正
drvl	端庄
drvi	断指
drvm	达人知命
drw	大人物
drwa	短袜
drwc	荡然无存
drwf	短文
drwh	断网
drwu	端午
drww	段位
drwk	吊人胃口
drxq	短袖
drxb	短信
drxl	端详
drxm	断线
drxn	短小
drxp	动人心魄
drxx	动人心弦
drxy	丢人现眼
dryu	短语
drya	断崖
dryj	断言
dryh	端阳
dryd	低人一等
dryi	待人以诚
dryl	大人有大量
dryx	淡然一笑
dryk	荡然一空
drzj	短暂
drzc	锻造
drzi	段子
drzo	端坐
dsb	第三遍
dsbi	动笔
dsbm	东边
dsbu	东部
dsbw	东北
dsbc	抵死不从
dsbx	单丝不成线
dsci	动词
dscu	动粗
dsce	东侧
dsch	冬藏
dsde	懂得
dsdr	东段
dsdh	动荡
dsdu	东渡
dsds	东东
dsdc	东道
dsf	第三方
dsfg	东风
dsfh	东方
dsfu	洞府
dsfw	东非
dsge	第三个
dsgj	动感
dsgo	东郭
dsgr	东莞
dsgs	动工
dsgu	冬菇
dsgx	冬瓜
dsgy	第三个月
dsgq	第三个星期
dshx	动画
dshd	东海
dshe	恫吓
dshh	懂行
dshj	东汉
dsie	动车
dsia	洞察
dsij	动产
dsil	冻疮
dsir	洞穿
dsiy	冬春
dsji	冬季
dsjn	东郊
dsjk	动静
dsjp	冻结
dsjx	东家
dsjl	冻僵
dsjm	洞见
dsjd	第四季度
dsju	抖擞精神
dskd	洞开
dsku	洞窟
dskz	洞口
dsle	懂了
dsli	动力
dsll	栋梁
dslp	冻裂
dslr	动乱
dsls	丢三落四
dslu	东路
dsly	第三轮
dsma	懂吗
dsmd	动脉
dsmf	东门
dsmg	东盟
dsmj	动漫
dsmm	冬眠
dsmo	冬末
dsmk	第三名
dsnm	第三年
dsnj	东南
dsng	动能
dsnu	动怒
dsnr	爹死娘嫁人，各人顾各人
dsou	东欧
dspo	东坡
dspy	箪食瓢饮
dsqu	东区
dsqi	动气
dsqk	动情
dsqm	动迁
dsrf	动人
dsri	冬日
dsrs	动容
dssi	冻死
dssy	冬笋
dstn	第三条
dstd	动态
dsti	胴体
dstj	动弹
dstk	动听
dstm	冬天
dstu	动图
dsuf	动身
dsug	东升
dsuh	冻伤
dsui	懂事
dsuj	东山
dsuz	动手
dsv	第三者
dsvs	第三种
dsvu	冻住
dsve	动辄
dsvi	冬至
dsvj	东站
dsvl	冬装
dswu	动物
dsxb	动心
dsxi	东西
dsxm	东线
dsxl	动向
dsxt	洞穴
dsxx	冬夏
dsxy	冬训
dsxs	低三下四
dsyr	动员
dsye	冬夜
dsyt	东岳
dsyh	东洋
dsya	东亚
dsyb	动因
dsyc	动摇
dsyi	动议
dsyk	东瀛
dsys	动用
dsyy	冬运
dszo	动作
dszu	侗族
dszv	动嘴
dtb	跌停板
dtbd	动弹不得
dtbh	当头棒喝
dtby	低头不语
dtbj	低头不见抬头见
dtdt	打听打听
dtdn	呆头呆脑
dtdh	得天独厚
dtdm	当头对面
dtee	呆头鹅
dtfd	洞天福地
dtfy	党同伐异
dtgv	大庭广众
dthu	洞庭湖
dthy	点头哈腰
dtir	打铁趁热
dtju	倒头就睡
dtl	到头来
dtld	顶天立地
dtlu	对他来说
dtqb	大提琴
dtru	登堂入室
dttd	断头台
dttg	打退堂鼓
dttu	道听途说
dttx	刀头舔血
dtuh	大体上
dtue	地头蛇
dtub	多退少补
dtus	顶头上司
dtuj	大同世界
dtvf	打头阵
dtvj	点头之交
dtvy	点头致意
dtxk	独特性
dtxd	大体相当
dtxm	东涂西抹
dtxy	大同小异
dtxz	大题小作
dtyu	等同于
dtyb	当头一棒
duai	独爱
dub	大手笔
dubm	多少遍
dubi	独臂
duba	独霸
dubc	读报
dubd	独白
dubf	读本
dubj	督办
dubl	滴水不漏
dubo	赌博
dubt	大事不糊涂
dubu	独步
dubr	对事不对人
duc	多少次
ducb	得失参半
ducc	毒草
ducd	独裁
duci	毒刺
duco	读错
ducu	督促
ducv	得失寸心知
duda	毒打
dudc	独到
dudu	嘟嘟
duds	读懂
dudf	大是大非
dudj	大手大脚
dudn	端屎端尿
dudy	倒数第一
dudk	笃定
dudm	丁是丁，卯是卯
dudq	嗲声嗲气
dudr	独断
dudz	肚兜
dudl	大树底下好乘凉
dufa	读法
dufu	杜甫
dufh	赌坊
dufj	大煞风景
duge	多少个
dugr	大使馆
dugo	度过
dugu	独孤
dugv	赌鬼
dugy	赌棍
dugz	单身贵族
duhd	毒害
duhe	渡河
duhz	到时候
duhf	妒恨
duhh	刀山火海
duho	妒火
duhv	董事会
duhx	大事化小
duhl	大事化小，小事化了
duhy	大受欢迎
duhj	箪食壶浆
duia	督察
duie	堵车
duig	都城
duih	赌场
duij	点石成金
duib	滴水成冰
duil	独创
duir	渡船
duis	毒虫
duiu	独处
duim	大水冲了龙王庙
dujb	镀金
dujh	大声疾呼
duji	妒忌
dujp	渡劫
dujq	毒酒
dujl	渡江
dujr	杜鹃
dujt	杜绝
duju	独居
dujx	独家
dujm	毒箭
dujn	独角
dujy	督军
duka	读卡
dukf	独守空房
dukh	杜康
dukz	渡口
duky	地势坤
dula	毒辣
dule	读了
duli	独立
dulj	独揽
dulq	毒瘤
dull	肚量
dulk	都灵
dulm	电闪雷鸣
duly	渡轮
dume	等什么
dumf	独门
dumn	独苗
dumo	镀膜
dumg	大水漫灌
dunh	嘟囔
duns	嘟哝
dunj	肚腩
dunm	多少年
dunq	多少年前
dunl	多少年来
duni	迪士尼
dupb	毒品
dupi	肚皮
dupd	赌牌
dupj	读书破万卷
dupn	打水漂
dupv	大事铺张
duqi	赌气
duqm	赌钱
duqq	赌球
duqu	读取
dur	多少人
durf	当事人
duri	度日
duru	低收入
duse	堵塞
dusi	堵死
dusq	大势所趋
dusf	大杀四方
dusu	毒素
dusw	大失所望
dute	独特
duti	独体
dutu	赌徒
duts	肚痛
duty	独吞
dutd	电视台
dutx	大赦天下
duua	毒杀
duue	毒蛇
duuf	独身
duug	独生
duui	都市
duuu	读书
duuz	毒手
duuo	读硕
duuj	多少时间
duvh	董事长
duvd	赌债
duve	读者
duvi	渎职
duvj	独占
duvo	赌桌
duvq	多事之秋
duvr	杜撰
duvu	赌注
duvz	赌咒
duwj	读完
duwo	赌窝
duwu	读物
duwf	但说无妨
duwy	多说无益
duwq	道是无晴却有晴
duxp	读写
duxk	毒性
duxb	笃信
duxl	独享
duxn	毒枭
duxm	独显
duxq	低声下气
duxy	低声细语
duya	毒牙
duyb	读音
duyc	毒药
duye	毒液
duyj	读研
duyr	独院
duyd	多少有点
duyx	多少有些
duyq	大势已去
duyv	独树一帜
duyz	独有
duzi	肚子
duzy	独尊
duzv	嘟嘴
duzn	独生子女
duzq	东山再起
duzz	独奏
dvan	对岸
dvat	独占鳌头
dvay	斗志昂扬
dvba	对吧
dvbd	对白
dvbi	对比
dvbj	对半
dvbn	对标
dvbu	党支部
dvci	对此
dvce	对策
dvco	对错
dvdc	都知道
dvde	对的
dvda	对答
dvdh	大智大慧
dvdd	对待
dvdg	对等
dvdi	对敌
dvdj	动辄得咎
dvdn	对调
dvdp	堆叠
dvdy	斗智斗勇
dvfh	对方
dvfu	对付
dvfv	大政方针
dvfr	洞中方一日
dvgj	对着干
dvge	对歌
dvgs	对公
dvh	大众化
dvhc	对号
dvhr	兑换
dvht	大展宏图
dvhx	对话
dvhu	打招呼
dvhd	地中海
dvif	对称
dvig	堆成
dvis	对冲
dvih	对唱
dvji	堆积
dvjl	兑奖
dvjn	对角
dvjp	对接
dvjt	对决
dvjb	对劲
dvju	对局
dvjx	对家
dvjg	党政机关
dvjy	大智近妖
dvkh	对抗
dvkd	对开
dvkz	对口
dvle	对了
dvli	对立
dvlm	对联
dvlp	队列
dvlq	对流
dvlu	对路
dvlw	对垒
dvlz	打肿脸充胖子
dvmm	对面
dvma	对吗
dvmf	对门
dvmj	堆满
dvnw	对内
dvnm	淡妆浓抹
dvny	淡妆浓抹总相宜
dvoo	对哦
dvou	对偶
dvqn	等着瞧
dvqg	大张旗鼓
dvqi	对齐
dvqu	兑取
dvqj	大展拳脚
dvqy	断章取义
dvrf	对人
dvry	大智若愚
dvsi	对私
dvsc	道之所存
dvsh	大战三百回合
dvtz	对头
dvui	对视
dvuu	对数
dvuw	对谁
dvuv	对谁
dvux	斗折蛇行
dvuz	对手
dvul	大致说来
dvvc	对照
dvve	对着
dvvf	对阵
dvvg	对症
dvvh	队长
dvvi	对峙
dvvj	对战
dvvr	对转
dvvy	对准
dvvl	对撞
dvwu	队伍
dvwd	对外
dvwg	敌众我寡
dvwk	当之无愧
dvwx	得之我幸
dvx	大中型
dvxp	大闸蟹
dvxj	胆战心惊
dvxk	队形
dvxl	对象
dvxm	兑现
dvxt	东征西讨
dvxw	东张西望
dvxx	对虾
dvxy	对症下药
dvyh	党中央
dvya	对呀
dvyb	对饮
dvyi	对弈
dvyj	对眼
dvyk	对应
dvyq	动之以情
dvyr	队员
dvyu	对于
dvyz	队友
dvzi	对子
dvzd	堆在
dwan	得按
dwba	得把
dwbt	大为不同
dwbm	大为不满
dwcs	得从
dwcl	断无此理
dwdg	得等
dwdv	得对
dwdl	独往独来
dwey	对我而言
dwez	达斡尔族
dwgd	得改
dwgr	得管
dwgh	大为光火
dwgg	大为改观
dwhv	得会
dwhr	得还
dwjp	端午节
dwjx	帝王将相
dwju	读万卷书
dwkz	吊胃口
dwkj	得看
dwkv	得亏
dwkf	对外开放
dwkd	跌无可跌
dwle	都忘了
dwlu	对我来说
dwmd	得买
dwmu	当我没说
dwmd	敌我矛盾
dwmy	对外贸易
dwna	得拿
dwnh	大为恼火
dwpc	得跑
dwqu	得去
dwsi	得死
dwsr	睹物思人
dwtk	得听
dwuh	得上
dwui	得是
dwuo	得说
dwuj	党委书记
dwvi	得治
dwvj	当务之急
dwvd	弹丸之地
dwvs	挡我者死
dwwf	得问
dwww	大无畏
dwxt	得学
dwxf	弹无虚发
dwxu	帝王心术
dwyr	动物园
dwyz	得有
dwyc	得要
dwys	得用
dwzd	得在
dwzz	得走
dxer	店小二
dxeq	东向而望，不见西墙
dxld	掉下来
dxlv	低效率
dxlq	倒吸了一口凉气
dxxp	大小写
dxxj	带薪休假
dxxk	大猩猩
dxxx	东想西想
dxal	大兴安岭
dxbm	大小便
dxbg	打小报告
dxby	大学毕业
dxbb	多行不义必自毙
dxbk	大卸八块
dxch	大刑伺候
dxdc	单行道
dxdx	多谢多谢
dxdb	大喜大悲
dxdh	涤瑕荡秽
dxfh	东西方
dxfv	断线风筝
dxff	大雪纷飞
dxgv	胆小鬼
dxgw	大喜过望
dxgd	单膝跪地
dxhw	灯下黑
dxhf	旦夕祸福
dxjp	大小姐
dxju	电信局
dxjh	短小精悍
dxjn	妒贤嫉能
dxjt	大相径庭
dxjv	大限将至
dxmc	大熊猫
dxmm	刀削面
dxmv	道消魔长
dxnu	倒行逆施
dxnb	东西南北
dxpu	胆小怕事
dxq	掉下去
dxqu	独行其是
dxqd	大行其道
dxqj	大学期间
dxqy	大型企业
dxrs	灯芯绒
dxru	胆小如鼠
dxrx	动心忍性
dxsi	单相思
dxsp	打小算盘
dxsd	大写锁定
dxth	低血糖
dxtm	大兴土木
dxug	大学生
dxui	地下室
dxuz	打下手
dxut	大显神通
dxuu	大显身手
dxuv	等闲视之
dxvb	等闲之辈
dxvj	旦夕之间
dxvp	断袖之癖
dxwj	定心丸
dxwx	大象无形
dxyh	大西洋
dxya	低血压
dxyu	得心应手
dxyl	打心眼里
dxyq	倒吸一口凉气
dxzu	东乡族
dxzv	到现在为止
dybm	第一遍
dybu	第一步
dybo	第一波
dybj	蹲班
dyba	大洋彼岸
dybc	大言不惭
dybl	倒也罢了
dybf	东亚病夫
dybt	大有不同
dybb	多有不便
dyby	大有裨益
dyci	第一次
dycd	炖菜
dyco	顿挫
dycu	敦促
dyce	蹲厕
dycb	断垣残壁
dydg	等一等
dyds	动一动
dydu	赌一赌
dydm	蹲点
dydb	大摇大摆
dydr	大鱼大肉
dydy	大眼瞪小眼
dydz	多有得罪
dyff	独一份
dyfu	蹲伏
dyfy	第一反应
dyfv	打预防针
dyfr	第一夫人
dyge	第一个
dygj	顿感
dygy	第一个月
dygq	第一个星期
dygg	东一个西一个
dygb	党员干部
dyhv	等一会
dyhc	顿号
dyhl	敦煌
dyhz	敦厚
dyhx	钝化
dyih	打圆场
dyiy	大鱼吃小鱼
dyji	打印机
dyjx	独一家
dyjh	答疑解惑
dyjn	钝角
dyjt	顿觉
dyjj	东一句西一句
dyju	第一件事
dyjd	第一季度
dyke	第一课
dykg	蹲坑
dykw	大有可为
dykk	倒要看看
dylk	等于零
dyly	第一轮
dylv	第一缕
dyle	打赢了
dylb	东一榔头西一棒
dylr	大义凛然
dyls	独眼龙
dylz	东一榔头西一棒子
dymk	第一名
dymx	电影明星
dymq	大义灭亲
dymu	得意门生
dynm	第一年
dypi	单眼皮
dypd	盾牌
dypt	大雨滂沱
dypp	大雨瓢泼
dyqu	遁去
dyqk	敦请
dyqx	掉以轻心
dyqq	大异其趣
dyqp	大雨倾盆
dyqi	低吟浅唱
dyqf	打一枪换个地方
dyrf	代言人
dyrc	但愿如此
dyrj	顿然
dyrz	大有人在
dyri	第一人称
dyrv	大雨如注
dytm	第一天
dytn	第一条
dyth	炖汤
dytd	钓鱼台
dytj	第一桶金
dytv	当一天和尚撞一天钟
dyu	倒也是
dyug	顿生
dyui	顿时
dyuz	蹲守
dyuj	第一时间
dyux	德艺双馨
dyul	第一生产力
dyuu	多一事不如少一事
dyuv	大意失荆州
dyv	大洋洲
dyvs	第一种
dyvu	倒玉柱
dyve	蹲着
dyvv	地缘政治
dyvt	大雅之堂
dyvz	得意之作
dyvy	第一志愿
dywj	大亚湾
dywu	顿悟
dyww	吨位
dywe	独一无二
dywx	得意忘形
dywv	大有文章
dywl	地狱无门闯进来
dywq	得鱼忘筌
dywy	得意忘言
dyx	等一下
dyxb	东摇西摆
dyxk	多样性
dyxx	蹲下
dyxp	多一些
dyxu	大音希声
dyxi	第一现场
dyy	得益于
dyyh	都一样
dyye	第一页
dyyj	第一眼
dyyx	第一印象
dyyd	盗亦有道
dyyu	大隐隐于市
dyyr	电影院
dyyy	得意洋洋
dyyv	第一乐章
dyzi	多音字
dyzu	顿足
dyzw	大有作为
dzbi	都比
dzbj	豆瓣
dzbc	豆包
dzbm	陡变
dzbu	都不
dzbx	胆子不小
dzcg	都曾
dzdc	多姿多彩
dzdi	兜底
dzdj	斗胆
dzdv	都对
dzds	抖动
dzdu	多嘴多舌
dzdn	多灾多难
dzdz	豆豆
dzee	窦娥
dzem	抵足而眠
dzel	鼎足而立
dzfa	斗法
dzff	豆粉
dzfg	兜风
dzfl	弟子服其劳
dzfu	豆腐
dzgw	都给
dzgf	逗哏
dzgj	豆干
dzgg	刁钻古怪
dzgv	待字闺中
dzgk	都怪
dzkk	都快
dzh	大杂烩
dzhu	钉子户
dzhc	逗号
dzhf	都很
dzhv	都会
dzhx	豆花
dzii	豆豉
dzij	抖颤
dzjl	豆浆
dzjn	豆角
dzji	打字机
dzjs	断子绝孙
dzjx	达则兼济天下
dzjy	陡峻
dzke	都可
dzkb	刁钻刻薄
dzkz	豆蔻
dzk	丁字裤
dzle	逗乐
dzlg	戴罪立功
dzl	肚子里
dzld	都来
dzli	兜里
dzlo	抖落
dzlq	逗留
dzlw	豆类
dzmw	都没
dzmn	豆苗
dzng	都能
dzns	逗弄
dznd	豆奶
dznq	斗牛
dzou	斗殴
dzpg	斗篷
dzpo	陡坡
dzql	打砸抢
dzqi	斗气
dzqn	陡峭
dzqr	兜圈
dzqu	都去
dzrj	陡然
dzrf	逗人
dzsz	抖擞
dzsf	鼎足三分
dzui	都是
dzua	豆沙
dzuo	都说
dzuz	兜售
dzuu	带在身上
dzub	带在身边
dzuw	电子商务
dzvg	斗争
dzvh	打嘴仗
dzvj	电子战
dzvi	斗志
dzva	豆渣
dzvu	鼎足之势
dzwo	逗我
dzwv	大做文章
dzwh	地藏王
dzxk	都行
dzxl	都想
dzxn	逗笑
dzxg	东走西顾
dzy	打字员
dzya	豆芽
dzyb	抖音
dzyc	都要
dzyr	独自一人
dzys	都用
dzyz	都有
dzyx	电子邮箱
dzyu	地造一双
dzzg	陡增
dzzd	都在
dzzi	豆子
dzzx	刀子嘴豆腐心
dzzv	斗嘴
dzpm	动作片
e	二
enk	嗯
er	而
erd	尔
ee	额
erp	儿
eeek	崿
eer	俄
en	恩
eey	恶
era	耳
eew	鹅
eez	遏
eeke	鄂
eei	厄
eeu	饿
eee	阿
eef	扼
erz	迩
een	娥
eea	鳄
eru	饵
eekw	哦
erde	洱
eeiw	蛾
eewk	噩
eex	愕
eeyb	讹
eej	锷
eeyt	垩
eenk	婀
eekn	鹗
eec	萼
enf	摁
ery	贰
erj	铒
eeyk	谔
eecw	莪
eeo	腭
eejw	锇
eekr	颚
eek	呃
eem	阏
eeuk	屙
eecv	苊
eeiv	轭
enc	蒽
erw	珥
err	佴
ere	鸸
erae	鲕
ei	欸
eree	陑
erep	耏
erk	咡
eekx	𫫇
eral	而
eraa	二
erdx	尔
eeb	额
erpv	儿
eerw	俄
enkx	恩
eeyx	恶
eewn	鹅
eezv	遏
eeuw	饿
eeew	峨
eefv	扼
erzx	迩
eenw	娥
eeak	鳄
erue	饵
eejk	锷
eeck	萼
enfx	摁
erje	铒
eeok	腭
eekv	呃
eemd	阏
encx	蒽
erwe	珥
eren	鸸
eis	欸
eebr	额
eisr	欸
eu	而是
eq	而且
et	儿童
ey	而已
ez	儿子
eg	恶搞
eb	而不
eh	鹤
ej	耳机
ek	儿科
el	恶劣
ev	二者
ew	额外
ef	而非
ed	恶毒
em	噩梦
ec	恩赐
ea	恩爱
es	饿死
ex	恶心
ep	恶评
ebdl	二八定律
ebee	饿不饿
ebfg	耳边风
ebfz	二八法则
ebhv	而不会
ebhz	耳鼻喉
ebhk	耳鼻喉科
ebjr	二八佳人
ebkw	二不跨五
eble	饿扁了
ebng	而不能
ebnh	二八年华
ebqu	而不去
ebsi	饿不死
ebsm	耳鬓厮磨
ebui	而不是
ebuz	二把手
ebwu	二百五
ebxl	而不像
ebxq	二不休
ebxp	儿不嫌母丑，狗不嫌家贫
ebxi	儿不嫌母丑
ebys	而不用
ecdv	二次大战
ecmm	耳聪目明
ecyr	二次元
edbn	儿大不由娘
edfz	二道贩子
edgm	二等公民
edjl	二等奖
edys	饿得要死
edyj	恩断义绝
edzi	饿肚子
eeaa	恩恩爱爱
eeba	恶霸
eebc	恶报
eebu	恶补
eedu	额度
eedj	鹅蛋
eeds	鄂尔多斯
eedk	额定
eedz	恶斗
eefu	恶妇
eegc	恶搞
eego	恶果
eegv	恶鬼
eegy	恶棍
eegz	恶狗
eegj	鹅肝
eehx	恶化
eehc	噩耗
eehl	鹅黄
eeiz	恶臭
eeir	讹传
eeih	鹅肠
eeji	恶疾
eejn	阿胶
eele	饿了
eelp	恶劣
eelh	饿狼
eemc	鹅毛
eemg	噩梦
eemk	恶名
eemo	恶魔
eemw	峨眉
eenm	恶念
eenl	额娘
eenn	厄尔尼诺
eeno	婀娜
eepk	恶评
eepn	饿殍
eeqi	恶气
eeqr	恶犬
eeqm	讹钱
eers	鹅绒
eerz	鹅肉
eerj	愕然
eerf	恶人
eesi	饿死
eesu	恶俗
eetz	额头
eetu	恶徒
eeua	扼杀
eeuz	扼守
eeui	屙屎
eevi	遏制
eeva	讹诈
eeve	饿着
eevj	恶战
eevu	扼住
eevo	恶浊
eevh	鹅掌
eewd	额外
eewf	俄文
eewj	扼腕
eexb	恶心
eexi	恶习
eexk	恶性
eeyc	扼要
eeyi	恶意
eeyu	鳄鱼
eeyy	厄运
eezw	恶贼
eezi	蛾子
efgs	阿房宫
efut	二佛升天
efvy	二分之一
egbd	峨冠博带
egde	厄瓜多尔
egmy	恶贯满盈
egqj	耳根清净
eger	恩格尔
egeu	恩格尔系数
egsi	恩格斯
egtz	二锅头
egzi	耳刮子
egzr	耳根子软
ehbu	二话不说
ehhf	恶狠狠
ehhd	恶狠狠地
ehmu	二话没说
ehny	娥皇女英
ehpu	饿虎扑食
ehuf	耳后生风
ehyi	二合一
ehyb	儿化音
eizz	二重奏
eijm	二重简码
eiuz	二传手
ejci	二简词
ejdu	二季度
ejib	恩将仇报
ejmn	恩贾梅纳
ejzi	二简字
ejtn	二荆条
ejvi	二进制
eliz	鄂伦春族
elsi	俄罗斯
elsz	俄罗斯族
eltv	二郎腿
elty	厄立特里亚
elui	鹅卵石
elvn	而立之年
elxv	二龙戏珠
elzi	二流子
embs	耳目闭塞
embm	二门不迈
emdx	鹅毛大雪
emhu	耳目喉舌
emmx	耳鸣目眩
emtf	阿弥陀佛
emuj	峨眉山
emvv	恶名昭彰
emvd	耳目众多
emyx	耳目一新
enai	恩爱
enci	恩赐
ende	恩德
endm	恩典
endc	摁倒
endz	婀娜多姿
enen	嗯嗯
engs	恩公
enhg	嗯哼
enhv	恩惠
eniz	恩仇
enis	恩宠
eniq	儿女成群
enji	二年级
enne	嗯呢
enna	嗯呐
enqk	恩情
enqi	儿女情长
enqd	儿女情长，英雄气短
enqj	儿女亲家
enrf	恩人
ensq	儿女私情
enui	恩师
envy	恩准
enyr	恩怨
enyi	恩义
enyu	恩遇
enze	恩泽
epfg	耳旁风
eqsh	阿其所好
eqtf	饿其体肤
erbu	而不
erba	二八
erbd	二百
erbi	二笔
erbm	耳边
erbw	耳背
erci	二次
ercg	二层
erdd	二代
erdg	二等
erdk	而定
erdo	耳朵
erdu	二度
erds	耳洞
erfw	而非
erff	二分
erfh	二房
erge	儿歌
ergf	耳根
ergl	耳光
ergo	而过
ergz	耳垢
ergu	耳鼓
erhr	耳环
erhc	二号
erho	二货
erhz	而后
erhd	洱海
erhu	二胡
erhv	二回
erhy	二婚
erig	而成
eris	二重
eriv	耳垂
erjb	而今
erji	耳机
erjm	耳尖
erke	儿科
erks	耳孔
erlz	二楼
erll	二两
erld	而来
erli	而立
erlc	二老
erln	饵料
erlq	二流
erls	耳聋
erlw	二类
erly	而论
erlh	儿郎
ermu	耳目
ermd	耳麦
ermk	耳鸣
ermo	耳膜
ermn	鸸鹋
ermr	耳濡目染
ernv	儿女
erng	而能
ernd	二奶
erpj	耳畔
erpb	二品
erqp	而且
erqi	二期
erqu	而去
errf	二人
erri	二日
erre	耳热
ersd	耳塞
ersi	而死
ersy	儿孙
erts	儿童
ertk	耳听
erui	二十
eruu	耳熟
eruz	二手
erug	而生
eruf	二审
eruy	耳顺
eruj	二人世界
erve	二者
ervj	二战
ervv	耳坠
ervc	耳罩
erwd	而外
erwf	耳闻
erwu	二五
erww	二位
erxb	二心
erxi	儿戏
erxh	耳软心活
erxm	二线
erxv	恶人先告状
eryi	而已
eryj	而言
eryr	二元
eryt	二月
eryu	耳语
erzi	儿子
esdd	饿死胆小的
esgt	饿死鬼投胎
esle	饿死了
esmt	儿孙满堂
esui	二三十
esux	饿死事小
esud	饿死事小，失节事大
esyf	二三月份
etbf	耳听八方
etby	儿童不宜
etfm	恩同父母
etjp	儿童节
etmm	耳提面命
etwu	耳听为虚，眼见为实
etwx	儿童文学
etzz	恩同再造
euba	二十八
eudo	二十多
eudn	二十多年
euds	二十多岁
euer	二十二
eueq	恶声恶气
eufh	二手房
euhj	二十好几
eujq	二十九
eujg	二十几个
eujs	二十几岁
eulq	二十六
euli	恶势力
euls	二十来岁
euie	二手车
euit	二十出头
euiq	额手称庆
eunm	二十年
eunx	耳熟能详
euqi	二十七
eusi	二十四
eusj	二十三
eusv	二十岁
eusu	二十四小时
euuj	二十世纪
euwu	二十五
euxq	额手相庆
euyi	二十一
euyv	恩深义重
euyj	二十一世纪
euyl	而胜于蓝
euzi	二傻子
euzu	二世祖
evbj	二者不可得兼
evby	二者必居其一
evij	二指禅
evjp	二者皆可抛
evru	恩重如山
evvj	二者之间
ewbu	恩威并施
ewbv	恩威并重
ewbj	耳闻不如一见
ewit	扼腕长叹
ewkz	鄂温克族
ewma	二维码
ewmd	耳闻目睹
ewmj	耳闻目见
ewtx	扼腕叹息
ewux	耳闻是虚
ewzd	二五仔
exiu	二线城市
exqy	儿行千里母担忧
exsl	恶心死了
exxh	恶性循环
exyi	二选一
exdu	恶向胆边生
exev	恶形恶状
exex	恶心恶心
eyeb	恶有恶报
eyff	二月份
eyfi	阿谀奉承
eyfm	恩怨分明
eyfy	阿谀逢迎
eyht	二氧化碳
eyqi	恩怨情仇
eytw	二一添作五
eyur	恶语伤人
eyuf	恩怨是非
eyvu	恶意中伤
eywv	尔虞我诈
eyxx	恶语相向
eyxj	恶语相加
eyyl	鳄鱼眼泪
ezju	恶作剧
eo	偶尔
f	发
fhd	方
fa	法
ff	分
fh	放
fupw	复
fug	府
fw	费
fuo	服
fg	风
fu	副
fj	反
fud	负
fub	富
ffr	份
fhh	房
fhe	防
fjc	范
fhy	访
fwv	飞
fwl	非
fup	福
fua	夫
fjq	犯
fgb	疯
fga	丰
ffs	纷
fz	否
fun	妇
ffd	奋
fuj	幅
fjpx	繁
fju	饭
fur	付
fas	罚
fuf	扶
fgt	封
fhs	纺
fjd	泛
fwo	肥
fubx	父
fuv	符
fjp	翻
fue	附
fugr	腐
fjj	凡
fge	峰
fap	乏
far	伐
fav	筏
fgf	奉
fut	赴
fwg	废
fjz	返
fjpt	番
fo	佛
ffm	粉
fgjy	凤
fhc	芳
fgj	锋
fjk	贩
fhr	仿
fudz	浮
fux	覆
fui	辅
fgd	冯
fwc	菲
ffq	氛
furc	傅
ffc	芬
furq	伏
fuk	赋
fgz	逢
fuit	辐
fuow	腹
fgs	缝
fht	坊
fjh	烦
fuof	肤
fgi	蜂
fupu	阜
fuh	馥
fjjf	帆
fupq	袱
fjm	樊
ffx	愤
fwol	肺
fwoj	肺
fhn	妨
fwkf	啡
fwd	沸
fus	缚
fwk	匪
fuad	甫
fgm	枫
fuq	氟
ffmb	粪
fam	阀
fft	坟
fwf	斐
fubj	斧
ffmh	焚
fupz	孚
fho	肪
fuff	拂
fgy	讽
furz	俘
fukc	咐
fuoc	腑
fgh	烽
ful	孵
fjct	藩
fuc	芙
fudk	涪
fwfi	蜚
fuba	釜
fwn	妃
fwy	诽
fwh	扉
ffy	酚
fwfx	翡
fwyf	霏
fhf	邡
fhv	舫
ffk	吩
fucq	茯
fhi	彷
ffb	忿
fwkq	吠
fubb	宓
fjjt	幡
fau	砝
fgr	俸
fjt	畈
fusd	绂
fulz	孵
fws	绯
fuy	讣
fukf	呋
fusb	罘
fwof	腓
fgdf	沣
fwb	痱
fucl	芾
fucj	芾
fwcl	芾
fwcj	芾
fart	垡
fwdb	淝
fhm	枋
fuz	跗
fuda	滏
faw	珐
fuiw	蝮
fha	鲂
fwxf	悱
ffmd	棼
fum	驸
fwm	榧
ffw	玢
fusf	绋
fuif	蚨
fgee	酆
fgfe	酆
fumz	桴
fgu	砜
fwa	鲱
fgc	葑
fzw	缶
fucy	菔
ffjd	鼢
fukw	呒
fhj	钫
fjcx	蘩
fuzf	趺
fucc	苻
fufc	拊
fuac	鲋
fjzt	蹯
ffdb	瀵
fuxf	怫
fjht	燔
fuhz	稃
fupe	郛
fucz	莩
fujn	幞
fwvf	篚
fwj	镄
ffa	鲼
fgk	唪
fufb	艴
fuyd	黻
fuyf	黼
fujf	𫓧
fucf	茀
fwmf	𬴂
fhof	昉
fhnf	牥
fumc	榑
ffcm	棻
fftd	坋
ffxd	翂
ffur	豮
fgdx	沨
fgtt	堼
fgec	崶
fgko	赗
fjw	璠
fjtt	墦
fucb	芣
fudx	㳇
fuwf	玞
fums	枹
fuwd	韨
fuu	砆
fudq	洑
fuwz	琈
fuer	𫖯
fuge	鄜
fuvm	簠
fwoi	朏
fwfd	剕
fwfm	棐
favd	发
fhdw	方
fwfr	费
fuoy	服
fgjx	风
fjpy	反
fudr	负
ffrd	份
fhhf	房
fhef	防
fjcv	范
fwvd	飞
fupt	福
fjqv	犯
fgal	丰
fune	妇
fzb	否
ffdt	奋
fujt	幅
fjuy	饭
fasd	罚
fgtc	封
fhsf	纺
fjdf	泛
fwob	肥
fuvc	符
fuec	附
fgef	峰
fapv	乏
farg	伐
futb	赴
fjzy	返
for	佛
fhcf	芳
fgjf	锋
fuxw	覆
fwcf	菲
ffqd	氛
fgzf	逢
fgsz	缝
fhtf	坊
ffxr	愤
fwdf	沸
fusc	缚
fgmx	枫
fuqf	氟
fgbx	疯
fftw	坟
fgyx	讽
fghf	烽
fwhf	扉
ffyd	酚
fhfe	邡
ffbx	忿
faus	砝
fgrl	俸
fjty	畈
fwsf	绯
faws	珐
fhaf	鲂
fwqf	狒
fgux	砜
fwaf	鲱
fgcc	葑
fzwk	缶
fhjf	钫
fwjr	镄
ffar	鲼
fjwt	璠
fzbk	否
forf	佛
fm	方面
fx	发现
fi	非常
fb	方便
fy	反应
fp	分配
fq	放弃
ft	繁体
fd	反对
fe	反而
fr	否认
fs	放松
fk	反馈
fn	烦恼
fv	反正
fc	讽刺
fl	分类
faan	法案
fabu	发布
fabc	法宝
fabd	发白
fabh	发榜
fabj	法办
fabk	发病
fabm	发辫
fabn	发表
facd	发财
faco	发错
fadd	发呆
fada	发达
fadc	发到
fadj	罚单
fadk	法定
fadm	发电
fads	发动
fadu	法度
fadx	发嗲
fadz	发抖
fafh	发放
faff	发奋
fafg	发疯
fafu	发福
fage	发个
fagw	发给
fagv	法规
fagc	发稿
fagl	发光
fags	发功
fago	法国
fagr	法官
fahc	法号
fahf	发狠
fahj	发函
fahl	发黄
faho	发火
fahr	发还
fahs	发红
fahv	发挥
fahw	发黑
fahx	发话
fahy	发昏
faiu	发出
faih	法场
faij	发颤
faie	发车
faiy	发春
faiz	发愁
faii	发痴
fajt	发觉
fajb	罚金
faji	法纪
fajk	法警
fajl	发奖
fajn	发酵
fajm	发件
fajq	罚酒
fajx	发夹
fajs	发窘
fakr	罚款
faky	发困
fakl	发狂
faku	发苦
fale	发了
fali	乏力
falc	法老
fald	发来
falg	发愣
fala	发蜡
falh	发廊
falk	法令
fall	发亮
falo	发落
falv	法律
faly	法轮
falj	法兰
fama	发麻
famf	阀门
famg	发蒙
famh	法盲
famk	发明
famo	罚没
famu	伐木
famw	发霉
famc	发毛
fanu	发怒
fanj	发难
fanp	发苶
fapd	发牌
faph	发胖
fapn	发票
fapw	发配
faqi	发起
faqk	发情
faqm	发钱
faqq	发球
faqx	发卡
fare	发热
farf	法人
farr	发软
fasc	发骚
fasj	发散
fasr	发酸
fass	发送
fash	发丧
fasi	发丝
fatk	法庭
fath	发烫
fatn	发条
fatp	发帖
fatu	发图
fauc	发烧
faue	发射
faug	发生
faui	发誓
fauu	法术
fauv	发水
fauz	发售
faua	发傻
favj	发展
favi	法治
favf	法阵
favg	发证
fawf	发文
fawh	法网
fawd	法外
faww	乏味
fawu	法务
faxk	发行
faxb	发信
faxi	罚息
faxm	发现
faxn	发小
faxp	发泄
faxt	法学
faxu	发虚
faxx	发下
fayj	发言
faya	发芽
fayb	发音
fayh	发扬
fayi	法医
fayr	法院
fayu	发育
fayy	发晕
fayz	发油
faze	法则
fazo	发作
fazj	发簪
fazi	法子
fbcv	风必摧之
fbdz	罚不当罪
fbeg	法不阿贵
fbfj	烦不烦
fbfb	方不方便
fbgu	奋不顾身
fbgd	富不过三代
fbiu	发不出
fbie	法不传六耳
fbju	奋笔疾书
fbk	放不开
fbkd	分不开
fblv	分辨率
fblx	分崩离析
fblz	凤表龙姿
fbm	方便面
fbmm	肤白貌美
fbqk	分不清
fbqi	分不清楚
fbqd	扶不起的阿斗
fbrq	法不容情
fbui	分别是
fbuh	犯不上
fbuq	扶不上墙
fbud	腹背受敌
fbuf	防不胜防
fbvc	犯不着
fbvm	方便之门
fbwu	反败为胜
fbxx	放不下
fbyj	翻白眼
fbyi	反编译
fbxi	非比寻常
fbzv	法不责众
fcbl	方寸不乱
fcdl	方寸大乱
fcjb	非此即彼
fcle	发错了
fcls	风餐露宿
fcml	服从命令
fcvv	凡此种种
fcvd	方寸之地
fcvf	发财致富
fcyl	方寸已乱
fczx	父慈子孝
fdbj	放荡不羁
fddu	肥嘟嘟
fddx	复旦大学
fddh	反对党
fddt	福地洞天
fdfd	辅导辅导
fdgh	梵蒂冈
fdgj	发达国家
fdgg	飞得更高
fdhi	凫短鹤长
fdij	房地产
fdix	釜底抽薪
fdj	发动机
fdji	发电机
fdjk	放大镜
fdjn	佛得角
fdjm	非打即骂
fdli	蜚短流长
fdly	富得流油
fdmf	防盗门
fdmb	奋斗目标
fdmd	福大命大
fdmj	防毒面具
fdpd	反对派
fdpp	风度翩翩
fdrj	妇道人家
fdsy	法度森严
fdui	反倒是
fduj	风刀霜剑
fdxx	放得下
fdyr	辅导员
fdyb	分道扬镳
fdys	烦得要死
fdyd	风大雨大
fdyv	粉雕玉琢
fdyi	防弹衣
febn	肥而不腻
fedd	富二代
fefh	飞蛾赴火
fegl	附耳过来
fems	福尔摩斯
feml	福尔马林
feph	飞蛾扑火
fesd	凡尔赛
feth	飞蛾投火
fevv	分而治之
ffbc	分包
ffbk	分兵
ffbb	缝缝补补
ffbd	粉白
ffbi	粉笔
ffbj	分班
ffbm	分辨
ffbp	分别
ffbu	分布
ffbw	分贝
ffcy	分寸
ffcg	分层
ffci	粉刺
ffcd	粉彩
ffdn	分掉
ffdc	丰富多彩
ffdd	疯疯癫癫
ffde	分得
ffdj	分担
ffdm	分店
ffdr	分段
ffdv	分队
ffdz	奋斗
ffdo	分舵
ffdp	粉蝶
ffdh	分档
ffdi	粉底
ffee	份额
ffet	泛泛而谈
ffff	纷纷
fffa	分发
fffh	芬芳
fffj	纷繁
fffu	吩咐
fffw	纷飞
fffy	芬芳馥郁
fffz	纷繁复杂
ffge	分隔
ffgw	分给
ffgg	风风光光
ffgr	分管
ffgs	分工
ffhc	分号
ffhf	愤恨
ffhh	分行
ffhq	夫复何求
ffhs	分红
ffhv	分会
ffhx	分化
ffhe	粉盒
ffig	分成
ffia	分叉
ffid	分拆
ffif	粉尘
ffih	分厂
ffil	反腐倡廉
ffiu	分出
ffii	粪池
ffjb	奋进
ffji	分级
ffjp	分解
ffjq	汾酒
ffjm	分拣
ffju	分局
ffjx	分家
ffjg	非富即贵
ffkd	分开
ffke	分科
ffkg	粪坑
ffks	分控
ffli	分离
fflj	芬兰
ffll	分量
fflp	分裂
fflq	分流
fflr	纷乱
ffls	发发牢骚
fflu	分录
fflw	分类
ffmf	愤懑
ffmi	分泌
ffmk	分明
ffmm	分娩
ffmn	分秒
ffmo	粉末
ffmu	坟墓
ffnu	愤怒
ffnf	粉嫩
ffnw	分内
ffpi	分批
ffpw	分配
ffpk	分屏
ffpd	分派
ffpu	粉扑
ffqi	分歧
ffqk	分清
ffqm	分钱
ffqq	分球
ffqu	分区
ffrc	纷扰
ffry	分润
ffrj	愤然
ffrr	纷纷扰扰
ffse	粉色
ffsi	粉丝
ffsu	分速
ffsj	分散
ffss	分送
ffsv	粉碎
ffsz	凡夫俗子
ffsd	非法所得
fftj	分摊
ffti	分体
fftn	粉条
fftq	奋发图强
ffts	粪桶
fftt	服服帖帖
fftu	粪土
fftz	分头
ffuc	焚烧
ffue	分社
ffuf	分身
ffui	粉饰
ffuu	分数
ffux	粉刷
ffuz	分手
ffuo	分说
ffuh	份上
ffv	分分钟
ffvg	纷争
ffvf	分针
ffvh	分账
ffvi	分支
ffvj	奋战
ffvb	泛泛之辈
ffvs	分钟
ffvl	分装
ffvx	非分之想
ffvy	肺腑之言
ffvv	方方正正
ffvc	非分之财
ffwd	分外
ffwf	分文
ffwi	反复无常
ffww	分为
ffwu	发愤忘食
ffxb	分心
ffxi	分析
ffxl	分享
ffxm	粉线
ffxn	分销
ffxu	奋发向上
ffye	分页
ffys	奋勇
ffyy	风风雨雨
ffyw	奋发有为
ffyz	分忧
ffyk	坟茔
ffzu	分组
ffza	纷杂
ffze	分则
ffzh	分赃
ffzi	分子
ffzo	分作
ffzz	贩夫走卒
fgak	富贵安康
fgbc	风暴
fgbi	封闭
fgbo	风波
fgbr	富贵逼人
fgbu	缝补
fgbw	丰碑
fgby	富贵不能淫
fgcd	风采
fgci	讽刺
fgcy	封存
fgda	风大
fgdi	封底
fgdk	封顶
fgdh	风挡
fgdc	风道
fgdm	疯癫
fgdu	风度
fgdn	疯掉
fgdz	风光大葬
fgds	反攻倒算
fgfj	风范
fgfu	丰富
fgfl	发光发亮
fgfr	发光发热
fgfi	复工复产
fgft	风高放火天
fgfh	风高放火
fgge	风格
fggc	奉告
fggd	封盖
fggj	风干
fggl	风光
fggr	凤冠
fggz	疯狗
fghc	封号
fghe	缝合
fghj	风寒
fghl	凤凰
fgho	烽火
fghr	奉还
fghv	峰会
fghx	风华
fghz	丰厚
fghk	富贵花开
fgic	风潮
fgie	风车
fgif	风尘
fgig	奉承
fgia	奉茶
fgir	风传
fgiv	风吹
fgiu	飞鸽传书
fgjb	封禁
fgjk	风景
fgjm	封建
fgju	房管局
fgjg	焚膏继晷
fgkl	疯狂
fgks	风控
fgkz	封口
fgld	反过来
fgle	疯了
fglh	风浪
fgli	锋利
fglk	风铃
fglq	风流
fglu	俸禄
fglw	风雷
fglr	峰峦
fgly	浮光掠影
fglz	凤骨龙姿
fgmc	风貌
fgmh	锋芒
fgmi	蜂蜜
fgmj	丰满
fgmk	奉命
fgmm	封面
fgmo	疯魔
fgmw	丰美
fgmf	封门
fgnn	蜂鸟
fgnc	发国难财
fgpw	奉陪
fgpi	封皮
fgpj	封盘
fgqk	风情
fgqi	风气
fgqr	奉劝
fgqu	风趣
fgqy	蜂群
fgqb	富国强兵
fgrc	丰饶
fgrf	缝纫
fgre	风热
fgrh	富贵荣华
fgrj	富贵人家
fgru	丰乳
fgry	丰润
fgrv	锋锐
fgsc	风骚
fgsi	封死
fgso	封锁
fgss	奉送
fgsu	风俗
fgtk	封停
fgtm	丰田
fgtn	封条
fgtu	风土
fgtz	风头
fgti	凤体
fgua	封杀
fguf	封神
fgug	丰盛
fguh	风尚
fgui	风湿
fguj	风扇
fgul	风霜
fguo	丰硕
fguu	枫树
fguv	风水
fguz	丰收
fgvg	风筝
fgvc	凤爪
fgvh	疯长
fgvi	峰值
fgvl	封装
fgvs	风中
fgvu	封住
fgvq	附骨之蛆
fgvj	附骨之疽
fgww	风味
fgwf	风闻
fgwh	蜂王
fgwj	丰功伟绩
fgwo	蜂窝
fgwx	风光无限
fgwt	法国梧桐
fgxi	缝隙
fgxk	奉行
fgxl	风向
fgxm	风险
fgxp	风邪
fgxq	富贵险中求
fgxs	丰胸
fgxt	风雪
fgxx	反戈相向
fgxy	封官许愿
fgya	风雅
fgyb	封印
fgye	枫叶
fgyh	奉养
fgyi	风衣
fgyj	烽烟
fgyk	丰盈
fgyn	风光旖旎
fgys	蜂拥
fgyt	风月
fgyu	风雨
fgyy	风云
fgzg	奉赠
fgzi	疯子
fgzj	放歌纵酒
fgzt	富贵在天
fgzu	丰足
fgzw	反躬自问
fgzx	反躬自省
fggu	风骨
fhai	妨碍
fhan	方案
fhbm	方便
fhbc	防暴
fhbk	防病
fhbu	方步
fhbw	防备
fhbh	放榜
fhbx	封侯拜相
fhbi	分毫不差
fhcd	方才
fhco	放错
fhcy	方寸
fhcc	芳草
fhch	方舱
fhcl	复合材料
fhda	放大
fhdc	放到
fhdd	房贷
fhde	方的
fhdh	放荡
fhdj	防弹
fhdk	房顶
fhdm	放电
fhdn	放掉
fhds	房东
fhdu	防毒
fhdv	方队
fhdz	防抖
fhfa	方法
fhfg	防风
fhfj	防范
fhfu	仿佛
fhfw	放飞
fhgo	放过
fhgl	放光
fhgv	放归
fhgz	放狗
fhgr	方管
fhgf	方根
fhgd	房改
fhge	方格
fhgu	放虎归山
fhhc	放好
fhhj	防寒
fhho	防火
fhhr	放缓
fhhs	防洪
fhhu	防护
fhhv	放回
fhhz	房后
fhhx	防滑
fhhd	妨害
fhic	防潮
fhie	房车
fhif	防尘
fhiz	防臭
fhis	防虫
fhig	方程
fhij	房产
fhiu	放出
fhiv	纺锤
fhjb	放进
fhjd	风华绝代
fhjn	方角
fhjm	房间
fhjx	放假
fhkd	放开
fhke	方可
fhkk	方块
fhkl	方框
fhkr	放宽
fhks	防控
fhka	房卡
fhl	肺活量
fhlb	芳邻
fhle	放了
fhlh	放浪
fhlk	芳龄
fhll	放量
fhlz	防漏
fhlm	方脸
fhlp	废话连篇
fhlt	方略
fhlv	峰回路转
fhlw	防雷
fhly	凤凰来仪
fhlj	繁华落尽
fhma	放马
fhmc	仿冒
fhmf	房门
fhmj	放慢
fhmk	芳名
fhmm	方面
fhmu	放牧
fhmw	防霉
fhng	方能
fhnq	放牛
fhnu	房奴
fhnw	房内
fhpi	放屁
fhpc	放炮
fhpm	方片
fhql	防火墙
fhqm	房前
fhqi	放弃
fhqr	放权
fhqu	防区
fhqk	放晴
fhrf	放任
fhrl	风和日丽
fhrs	芳容
fhru	放入
fhsi	放肆
fhsj	繁花似锦
fhss	放松
fhtd	飞黄腾达
fhth	方糖
fhtj	访谈
fhuc	放哨
fhud	防晒
fhuu	防暑
fhue	放射
fhuf	防身
fhug	放生
fhuh	放上
fhui	方式
fhua	纺纱
fhul	发号施令
fhuv	防水
fhuz	放手
fhux	福慧双修
fhvc	仿照
fhvd	放债
fhve	放着
fhvf	方针
fhvg	方正
fhvh	方丈
fhvi	防止
fhvm	风华正茂
fhvo	方桌
fhvu	房主
fhvz	方舟
fhwf	访问
fhwj	分化瓦解
fhwr	防患未然
fhwu	房屋
fhww	方位
fhxb	放心
fhxk	放行
fhxl	方向
fhxm	防线
fhxn	仿效
fhxt	放学
fhxp	放血
fhxx	放下
fhxq	防锈
fhxy	风花雪月
fhyf	凤凰于飞
fhyh	放养
fhyi	防疫
fhyj	方言
fhyk	放映
fhyr	方圆
fhyu	防御
fhyz	访友
fhzd	放在
fhzc	仿造
fhze	芳泽
fhzi	房子
fhzs	放纵
fhzu	房租
fhzz	放走
fhzy	发挥作用
fhwd	方外
fihc	非常好
fibh	非常棒
fibq	非常抱歉
fiby	非常必要
ficd	风吹草动
fido	非常多
fidc	非常道
fidi	风驰电掣
fida	非常大
fidj	付出代价
fiff	肥肠粉
fifi	非常非常
fifs	夫唱妇随
fify	非处方药
figc	非常高
figx	非常感谢
figj	非常关键
fiia	非常差
fijx	放长假
fijd	非常简单
fijm	非常紧密
fiju	非常及时
fikk	非常快
fikx	非常可惜
fike	妇产科
filg	非常冷
filj	非常理解
fild	风吹浪打
fill	风尘碌碌
fimj	非常慢
fimx	非常明显
fimq	非常密切
finj	非常难
fing	非常难过
fipb	非常普遍
fipt	非常普通
fipp	风尘仆仆
fiql	非常强
fiqi	非常清楚
fire	非常热
firy	非常容易
firv	非常认真
firu	风吹日晒
fiui	方程式
fiuv	房产税
fium	浮出水面
fiur	非常深入
fiuq	非常时期
fiuk	非常深刻
fivg	房产证
fivu	非常重视
fivw	非池中物
fivy	非常重要
fivx	覆巢之下
fiww	腐臭味
fiwr	非诚勿扰
fiwl	覆巢无完卵
fixm	放长线
fixh	非常喜欢
fixj	反唇相讥
fixy	放长线钓大鱼
fixw	非常希望
fiyx	非常有限
fiyd	风吹雨打
fiyg	非常严格
fiys	风吹云散
fiyv	非常严重
fizx	逢场作戏
fjan	翻案
fjbw	翻倍
fjbm	翻遍
fjbh	番邦
fjbf	范本
fjbi	反比
fjbj	翻版
fjbk	犯病
fjbo	反驳
fjbu	帆布
fjcd	饭菜
fjco	犯错
fjcy	风卷残云
fjda	反打
fjdc	反倒
fjdh	翻江倒海
fjdl	封疆大吏
fjdp	飞机大炮
fjdm	饭店
fjdo	繁多
fjds	反动
fjdu	贩毒
fjdv	反对
fjdi	非机动车
fjer	反而
fjfa	犯法
fjfg	反讽
fjfh	反方
fjfj	翻番
fjfu	反复
fjfw	翻飞
fjgv	犯规
fjgs	返工
fjgc	梵高
fjgd	翻盖
fjge	反戈
fjgj	反感
fjgl	反光
fjgh	返岗
fjgo	翻过
fjgr	饭馆
fjgy	翻滚
fjgu	反骨
fjhc	番号
fjhe	饭盒
fjhy	犯浑
fjhh	返航
fjhl	泛黄
fjhr	返还
fjhv	返回
fjhx	繁华
fjhz	饭后
fjia	反差
fjie	翻车
fjic	反超
fjif	凡尘
fjig	返程
fjih	反常
fjir	帆船
fjiu	翻出
fjis	犯冲
fjiz	范畴
fjji	反击
fjjm	犯贱
fjjr	翻卷
fjju	饭局
fjjx	返家
fjjp	反诘
fjjd	非奸即盗
fjkd	翻开
fjkh	反抗
fjkj	翻看
fjks	反恐
fjku	费尽口舌
fjkv	反馈
fjky	犯困
fjka	饭卡
fjkz	反口
fjle	烦了
fjlc	烦劳
fjli	范例
fjlk	翻领
fjlj	泛滥
fjlg	风急浪高
fjll	饭量
fjlm	翻脸
fjlr	烦乱
fjls	樊笼
fjlu	翻录
fjmc	繁茂
fjmd	贩卖
fjmf	烦闷
fjmh	繁忙
fjmi	繁密
fjmm	反面
fjmu	反目
fjma	反码
fjnc	烦恼
fjns	翻弄
fjnj	犯难
fjni	烦腻
fjpj	翻盘
fjpa	反扒
fjpm	翻篇
fjpd	反派
fjpn	饭票
fjpu	反扑
fjpb	返聘
fjqu	风景区
fjql	翻墙
fjqm	饭前
fjqp	番茄
fjqk	烦请
fjqz	负荆请罪
fjrf	烦人
fjrc	烦扰
fjrs	繁荣
fjrh	风景如画
fjsi	烦死
fjso	繁琐
fjsu	反诉
fjsl	费尽思量
fjtg	翻腾
fjth	饭堂
fjti	繁体
fjtj	反弹
fjtk	饭厅
fjtm	翻天
fjtr	饭团
fjts	饭桶
fjtx	富甲天下
fjua	反杀
fjue	反射
fjuf	翻身
fjug	繁盛
fjui	凡事
fjuu	番薯
fjuz	反手
fjuj	翻山
fjud	翻晒
fjuc	饭勺
fjuv	反水
fjuh	封建社会
fjvf	发家致富
fjvg	反正
fjvi	繁殖
fjvj	范进中举
fjvl	缚鸡之力
fjvo	饭桌
fjvr	反转
fjvs	繁重
fjvx	抚今追昔
fjvz	泛舟
fjvv	费尽周折
fjwf	反问
fjwh	藩王
fjwj	饭碗
fjww	范围
fjwu	反诬
fjx	分界线
fjxb	翻新
fjxj	费尽心机
fjxk	反省
fjxl	反向
fjxm	返现
fjxn	返校
fjxq	返修
fjxx	犯下
fjxs	费尽心思
fjyk	反映
fjyb	翻印
fjye	翻页
fjys	翻涌
fjyu	繁育
fjyf	富甲一方
fjyi	翻译
fjyj	繁衍
fjyc	反咬
fjyt	翻阅
fjyy	贩运
fjyz	烦忧
fjza	繁杂
fjzc	烦躁
fjzw	反贼
fjzi	贩子
fjzr	防君子不防小人
fjzu	返祖
fjzv	犯罪
fjxu	凡需
fkds	防空洞
fkdg	富可敌国
fkfw	封口费
fkfk	反馈反馈
fkjv	佛靠金装
fklj	风口浪尖
fkpc	放空炮
fkux	佛口蛇心
fkwv	反客为主
fkzi	方块字
flah	氟利昂
flbb	菲律宾
flbh	费力不讨好
flbj	放浪不羁
flbr	翻脸不认人
flcz	风流才子
fldv	峰峦叠嶂
flel	焚林而猎
flfw	福利费
flfl	疯了疯了
flfg	法律法规
flfq	翻来覆去
flfm	非驴非马
flgw	法律顾问
flgp	放了个屁
flgt	翻了个底朝天
flhx	风凉话
flhh	飞来横祸
flht	返老还童
flhu	风林火山
fliu	分理处
fliv	法轮常转
fliz	泛滥成灾
flkh	风流快活
flkf	法兰克福
flli	法拉利
fllq	风里来，雨里去
flls	佛罗伦萨
flmq	法律面前
flmd	法律面前人人平等
flnl	服了你了
flpu	飞利浦
flqi	费力气
flrw	风流人物
flrm	纷乱如麻
flry	风流儒雅
flsc	发牢骚
flth	富丽堂皇
fltt	风流倜傥
fltw	法律条文
fltx	法律体系
fluq	福禄双全
flux	福禄寿喜
flvk	饭来张口
flvd	法律制度
flvx	飞流直下
flvi	飞流直下三千尺
flwf	法令纹
flwu	非礼勿视
flwb	法力无边
flwt	非礼勿听
flwy	非礼勿言
flwd	非礼勿动
flwq	翻脸无情
flxi	法兰西
flxd	父老兄弟
flxh	放浪形骸
flxq	父老乡亲
flxs	风流潇洒
flxy	扶老携幼
flyr	福利院
flyf	翻了一番
flyd	弗洛伊德
flyu	风流韵事
flys	风流云散
flzi	负离子
flzt	飞龙在天
fmbl	锋芒毕露
fmbr	锋芒逼人
fmbv	分秒必争
fmdi	粉墨登场
fmgr	父母官
fmgl	放马过来
fmhp	放马后炮
fmii	反目成仇
fmjc	反面教材
fmle	发霉了
fmlz	风满楼
fmlj	凤毛麟角
fmmo	敷面膜
fmnj	风马牛不相及
fmpb	非卖品
fmqb	父母亲
fmqx	负面情绪
fmqq	风靡全球
fmrw	反面人物
fmsx	锋芒所向
fmtv	飞毛腿
fmvk	防民之口
fmvl	发明专利
fmvi	防民之口，甚于防川
fmwu	分泌物
fmxs	伐毛洗髓
fmye	驸马爷
fmyu	风靡一时
fmys	负面因素
fmyx	负面影响
fmzy	负面作用
fngj	逢年过节
fnle	发你了
fnjp	妇女节
fnjc	飞鸟尽良弓藏
fnjt	烦恼皆由强出头
fnmu	非你莫属
fnvu	分内之事
fnym	放你一马
fodm	佛典
fofa	佛法
fogl	佛光
fojn	佛教
fojk	佛经
fojx	佛家
fokj	佛龛
fomf	佛门
fosi	佛寺
foth	佛堂
foto	佛陀
fota	佛塔
fouj	佛山
fouz	佛手
fovu	佛珠
foxl	佛像
foxt	佛学
foxk	佛性
foye	佛爷
foya	佛牙
fozu	佛祖
fpdd	奉陪到底
fpgv	返璞归真
fplv	废品率
fplj	风平浪静
fpsr	氟哌酸
fpqi	发脾气
fpvg	肥胖症
fpzi	覆盆子
fqbk	非去不可
fqbn	夫妻本是同林鸟
fqdm	夫妻店
fqdx	反其道而行
fqdv	反其道而行之
fqfg	非亲非故
fqfh	饭前饭后
fqfp	夫妻肺片
fqfd	富强发达
fqfk	分期付款
fqfm	反清复明
fqhl	凤求凰
fqjl	番茄酱
fqle	放弃了
fqld	飞起来
fqll	飞起来了
fqqi	发情期
fqrf	发起人
fquu	夫妻双双
fqvs	肺气肿
fqvh	焚琴煮鹤
fqvv	奋起直追
fqvx	风气之先
fqw	废弃物
fqwu	废寝忘食
fqwv	风情万种
fqwr	非请勿入
fqwj	非请勿进
fqwh	房前屋后
fqyd	风轻云淡
fqyi	夫妻一场
fqyj	飞起一脚
fqyy	风起云涌
fqyz	封妻荫子
fqzu	飞禽走兽
frby	怫然不悦
frbx	凡人不可貌相
frdd	副热带
frdh	福如东海
frdx	辅仁大学
frfq	繁荣富强
frhw	幡然悔悟
friu	繁荣昌盛
frji	缝纫机
frjv	妇孺皆知
frnv	肤如凝脂
frqg	夫荣妻贵
frux	发人深省
frum	奉若神明
frus	发人深思
frvr	妇人之仁
frvh	逢人只说三分话
frvw	防人之心不可无
frxw	幡然醒悟
frzs	怫然作色
frzl	放任自流
fsbk	非死不可
fsfs	放松放松
fsju	非死即伤
fsle	烦死了
fsrf	烦死人
fsrq	风俗人情
fssz	风嗖嗖
fssw	发散思维
fsxk	发散性
fsxg	风俗习惯
ftbr	粪土不如
ftdh	赴汤蹈火
ftde	肥头大耳
ftdd	飞天遁地
ftex	非同儿戏
ftfx	非同凡响
ftfd	翻天覆地
ftiy	奉天承运
ftkl	分庭抗礼
ftrq	风土人情
ftry	凡胎肉眼
ftju	反贪局
ftjx	伏特加
ftvj	风头正劲
ftvu	风头正盛
ftvh	焚天煮海
ftvf	佛头着粪
ftwl	风头无两
ftwe	风头无二
ftxi	非同寻常
ftxk	非同小可
ftyb	非同一般
ftyu	风调雨顺
ftyl	冯唐易老
ftzi	繁体字
fuai	父爱
fuan	伏案
fubd	腐败
fubc	福报
fubf	副本
fubi	伏笔
fubk	伏兵
fubn	附表
fubu	腹部
fubw	父辈
fubt	肥水不流外人田
fuci	副词
fucs	服从
fudc	辅导
fudd	附带
fudj	负担
fudn	浮雕
fuds	浮动
fudu	幅度
fudi	府邸
fudm	浮点
fudh	翻山倒海
fufw	付费
furf	夫人
furo	扶弱
fufa	复发
fufh	复方
fufu	夫妇
fufj	缚手缚脚
fufl	费时费力
fugd	覆盖
fugc	腹稿
fugs	复工
fugi	放声歌唱
fugn	俯首甘为孺子牛
fugo	富国
fugu	复古
fugv	富贵
fugw	付给
fugx	发生关系
fuhc	符号
fuhe	符合
fuhj	复函
fuhl	风声鹤唳
fuho	复活
fuhw	腹黑
fuhu	伏虎
fuhv	赴会
fuhx	孵化
fuhy	复婚
fuii	扶持
fuia	复查
fuis	俯冲
fuiu	付出
fuiz	复仇
fuil	浮窗
fujb	附近
fuji	伏击
fujk	赴京
fujm	福建
fujq	负疚
fujw	防暑降温
fujs	愤世嫉俗
fuju	俯拾皆是
fujl	丰神俊朗
fujx	附加
fujy	夫君
fuke	妇科
fukv	浮亏
fukl	富矿
fuki	乏善可陈
fukj	俯瞰
fukr	付款
fukx	浮夸
fuka	副卡
fule	服了
fulc	父老
fuli	福利
fulj	腐烂
fulm	妇联
fuln	辅料
fulu	俘虏
fulw	负累
fulk	分水岭
fulq	番石榴
fulv	风水轮流转
fuma	驸马
fumm	负面
fumo	抚摸
fump	覆灭
fumu	父母
fumw	赴美
fumk	复命
fumb	富民
funs	抚弄
funi	拂逆
funu	覆水难收
funv	父女
fung	赋能
fupb	扶贫
fupd	复牌
fupk	浮萍
fupo	富婆
fupj	复盘
fuqb	父亲
fuqi	夫妻
fuqk	付清
fuql	富强
fuqm	肤浅
fuqn	浮桥
fuqr	复权
fuqt	福寿齐天
furj	复燃
furm	浮生若梦
fury	丰神如玉
furr	服软
furs	芙蓉
furu	腐乳
fuse	肤色
fusg	粉身碎骨
fush	扶桑
fuss	附送
fusu	复苏
fusi	赴死
futd	富态
fute	俯首帖耳
futi	附体
futm	福田
futp	服帖
futs	腹痛
futu	附图
futz	斧头
fuue	辐射
fuuf	复审
fuug	复生
fuuh	负伤
fuui	腐蚀
fuuq	风生水起
fuuu	附属
fuuv	赋税
fuuj	釜山
fuuy	抚顺
fuuz	扶手
fuvd	负债
fuvg	扶正
fuvh	付账
fuvi	复制
fuvl	服装
fuvo	附着
fuve	扶着
fuvs	负重
fuvu	辅助
fuvz	福州
fuvf	复诊
fuvt	飞上枝头
fuwg	富翁
fuwj	福寿无疆
fuwo	俯卧
fuwu	服务
fuww	复位
fuwh	覆亡
fuwy	翻手为云，覆手为雨
fuxb	负心
fuxi	复习
fuxk	复兴
fuxm	浮现
fuxl	福相
fuxn	拂晓
fuxp	腹泻
fuxq	腐朽
fuxr	复选
fuxs	父兄
fuxu	抚恤
fuxx	服下
fuyb	复印
fuyc	服药
fuye	副业
fuyh	抚养
fuyi	服役
fuyj	敷衍
fuyk	妇婴
fuya	府衙
fuyl	翻山越岭
fuyr	复原
fuys	服用
fuyt	赴约
fuyu	富裕
fuyy	浮云
fuyz	富有
fuyx	风霜雨雪
fuza	复杂
fuzc	浮躁
fuzd	负载
fuze	负责
fuzg	附赠
fuzi	父子
fuzl	犯上作乱
fuzo	辅佐
fuzs	副总
fuzu	富足
fuzv	负罪
fvcn	风烛残年
fvdl	付诸东流
fvfu	反政府
fvfv	非政府组织
fvgo	父之过
fvhx	法制化
fvlq	非主流
fvll	负债累累
fvlv	负债率
fvma	辅助码
fvqx	负重前行
fvqu	反治其身
fvsv	放之四海而皆准
fvtl	纷至沓来
fvuj	付诸实践
fvvs	发展中
fvvc	方针政策
fvvy	负重致远
fvvt	复制粘贴
fvvj	发展中国家
fvvn	风烛之年
fvvv	风中之烛
fvxk	辅助性
fvxl	福至心灵
fvxd	付诸行动
fvxy	附赘悬疣
fvxm	服装鞋帽
fvyi	分之一
fvyr	反之亦然
fvyj	付之一炬
fvyq	粉妆玉砌
fvyv	粉妆玉琢
fvyx	佛争一炷香
fvzh	父债子还
fvzx	飞针走线
fwai	肺癌
fwbf	飞奔
fwbh	诽谤
fwbk	肺病
fwbn	飞镖
fwbq	分文不取
fwbu	肺部
fwbv	分文不值
fwce	悱恻
fwci	废词
fwcv	翡翠
fwda	肥大
fwdc	飞到
fwdi	飞抵
fwdj	非但
fwdm	费电
fwdn	废掉
fwdp	飞碟
fwdu	飞渡
fwdw	非得
fwee	飞蛾
fwfa	非法
fwfj	非凡
fwfu	肺腑
fwfw	狒狒
fwgo	飞过
fwgd	防卫过当
fwgn	奉为圭臬
fwhv	飞回
fwhr	匪患
fwhs	绯红
fwhx	废话
fwhz	肥厚
fwhl	飞蝗
fwhh	法网恢恢
fwig	俯卧撑
fwih	非常
fwid	废柴
fwis	飞虫
fwic	匪巢
fwie	飞车
fwii	飞驰
fwir	飞船
fwiu	废除
fwjb	费劲
fwji	飞机
fwjk	非经
fwjm	飞剑
fwjp	费解
fwjq	废旧
fwkk	飞快
fwke	法外开恩
fwkm	奉为楷模
fwle	废了
fwli	费力
fwld	飞来
fwlt	飞掠
fwln	肥料
fwlo	飞落
fwls	飞龙
fwlv	费率
fwly	废物利用
fwlm	反误了卿卿性命
fwmw	肥美
fwma	飞马
fwmo	飞沫
fwnf	肥嫩
fwni	肥腻
fwnj	非难
fwnn	飞鸟
fwnq	肥牛
fwph	肥胖
fwpb	废品
fwpc	飞跑
fwpo	肥婆
fwpj	飞盘
fwpn	废票
fwpu	飞瀑
fwpm	肺片
fwq	服务器
fwqb	飞禽
fwqi	废弃
fwqm	费钱
fwqt	肥缺
fwqu	飞去
fwrz	肥肉
fwrf	废人
fwrj	繁文缛节
fwrr	方为人上人
fwsa	飞洒
fwsu	飞速
fwsj	飞散
fwso	飞梭
fwtg	沸腾
fwtk	飞艇
fwtm	飞天
fwtp	废铁
fwts	非同
fwtu	匪徒
fwtv	飞腿
fwty	肥臀
fwuf	费神
fwug	飞升
fwuh	飞上
fwui	费事
fwuo	非说
fwuv	废水
fwuz	肥瘦
fwva	废渣
fwvh	飞涨
fwvi	废纸
fwvl	肥壮
fwvu	肥猪
fwvz	非洲
fwvr	方外之人
fwwf	绯闻
fwwh	飞往
fwwo	肥沃
fwwu	废物
fwx	服务性
fwxb	费心
fwxk	飞行
fwxl	飞翔
fwxr	飞旋
fwxt	飞雪
fwxu	废墟
fwyr	服务员
fwyc	非要
fwye	扉页
fwyh	飞扬
fwyi	非议
fwyj	肺炎
fwys	费用
fwyt	飞跃
fwyu	飞鱼
fwyz	费油
fwzc	肥皂
fwzh	肺脏
fwzi	妃子
fwzl	非我族类
fwzw	飞贼
fwzz	飞走
fwzy	非我族类，其心必异
fwzu	风闻奏事
fxax	芳心暗许
fxbn	风向标
fxbx	放心不下
fxdi	发祥地
fxdg	翻箱倒柜
fxdd	繁星点点
fxdr	负心多是读书人
fxeq	拂袖而去
fxfx	复习复习
fxfl	费心费力
fxgj	方向感
fxgv	福星高照
fxgd	风险共担
fxhj	逢凶化吉
fxhf	福兮祸所伏
fxjb	抚恤金
fxjx	法学家
fxjj	风雪交加
fxjh	负薪救火
fxle	发现了
fxlb	焚香礼拜
fxlp	浮想联翩
fxmy	焚香沐浴
fxmt	繁星满天
fxpj	方向盘
fxry	赴险如夷
fxsi	法西斯
fxsj	繁星似锦
fxtz	风险投资
fxtd	放下屠刀
fxtf	放下屠刀，立地成佛
fxui	烦心事
fxwa	方兴未艾
fxwt	发现问题
fxxk	方向性
fxxn	风萧萧
fxxh	风萧萧兮易水寒
fxyr	飞行员
fxyu	风行一时
fxzw	抚心自问
fybm	放一边
fybj	妇幼保健
fybh	风云变幻
fybl	反应不过来
fybg	分一杯羹
fybt	风雨不透
fybr	浮云蔽日
fyci	反义词
fycd	发洋财
fydi	发源地
fydb	浮一大白
fydx	奋勇当先
fyev	蜂拥而至
fyer	蜂拥而入
fyel	蜂拥而来
fyeu	蜂拥而上
fyfy	翻云覆雨
fyge	发一个
fygc	发言稿
fygl	反应过来
fygd	发扬光大
fyhu	蜉蝣撼大树
fyix	富有成效
fyjm	复印件
fyjh	风云际会
fyji	风雨兼程
fyjj	风雨交加
fyjv	佛要金装
fyle	反映了
fylk	幅员辽阔
fylu	敷衍了事
fypy	风雨飘摇
fypl	风雨飘零
fyqr	发言权
fyrf	发言人
fyrh	非一日之寒
fyrw	风云人物
fyrp	风雨如磐
fyrg	非一日之功
fyss	匪夷所思
fysd	飞也似的
fysz	敷衍塞责
fysq	烽烟四起
fytv	风雨同舟
fytb	风云突变
fyuh	腹有诗书气自华
fyux	繁衍生息
fyuz	俯仰生姿
fyuw	浮游生物
fyvu	扶摇直上
fyvj	俯仰之间
fywz	风雨无阻
fywr	反以为荣
fywb	风月无边
fywk	负隅顽抗
fywl	扶摇万里
fyxk	防御性
fyxc	浮语虚辞
fyyk	反咬一口
fyyc	风韵犹存
fyzb	飞檐走壁
fyzu	丰衣足食
fzbj	放纵不羁
fzba	烦躁不安
fzby	烦躁不已
fzdk	否定
fzdh	否则的话
fzff	发自肺腑
fzfz	犯罪分子
fzgj	负罪感
fzih	奉子成婚
fziy	风姿绰约
fzjt	否决
fzjx	富则兼济天下
fzlv	犯罪率
fzqk	犯罪前科
fzr	负责人
fzrf	否认
fznx	发自内心
fzuq	富在深山有远亲
fzxk	复杂性
fzxu	放在心上
fzxl	佛祖心中留
fzys	副作用
fzyl	放在眼里
fzze	否则
g	个
grv	管
grb	官
gok	国
gsa	工
gsb	公
gc	高
gr	关
go	过
gdjg	钙
gdj	改
ge	各
gvf	规
gedk	哥
gen	革
gld	广
glw	广
gs	共
gj	干
gg	更
gol	果
gem	格
gw	给
gry	观
gzm	构
gd	该
gsr	供
gcf	搞
gcn	告
ghd	港
guuw	故
guo	股
gl	光
gfm	根
gjw	感
gjx	感
gsgl	功
gzk	购
gu	古
ghj	钢
gui	顾
gru	馆
gh	刚
gv	贵
gea	戈
ged	歌
gz	够
grg	贯
grvr	贯
grmr	贯
guk	固
guu	鼓
gsg	贡
gul	骨
gvl	归
ghe	岗
gx	挂
gsgw	攻
gur	估
gvi	轨
grbc	冠
gjt	赶
gdy	盖
gjv	敢
gja	甘
gjn	甘
ggl	耕
gf	跟
gow	郭
gsbk	宫
gub	谷
gdm	概
gch	稿
gzd	沟
grx	惯
gvm	桂
gxp	瓜
gy	滚
goj	锅
gk	怪
ghs	纲
gee	隔
grd	灌
gux	贾
gsgf	巩
gvmj	柜
gun	姑
geb	割
guz	孤
gjo	肝
gzq	狗
gead	戈
gjm	杆
grf	罐
gzj	钩
guh	雇
gvt	圭
gaa	夹
gec	葛
gjl	赣
gai	轧
gxq	刮
gsl	龚
ghk	冈
gdd	溉
gvp	鬼
guuu	辜
gzb	勾
ghm	杠
gcw	膏
gakk	咖
guc	菇
gkf	拐
gkfy	掴
grc	莞
gvu	硅
gcm	糕
ggg	庚
gge	耿
grs	纶
gvw	瑰
glz	逛
gowy	裹
gym	棍
ger	鸽
gsc	恭
ghf	缸
gxb	寡
ghfg	扛
gjmg	柑
gef	搁
gsf	拱
gzc	苟
ga	嘎
gsu	躬
gvz	跪
gay	尬
gau	尬
gju	矸
gvd	龟
gjvg	竿
gojy	帼
gsv	弓
gjh	秆
gjmw	橄
ggm	梗
gud	沽
godn	涡
gao	胳
geo	胳
grm	棺
gzt	垢
gev	舸
gvmt	闺
gak	噶
gxt	卦
gukk	咕
gda	丐
gukg	呱
gxkg	呱
gcj	镐
gyi	辊
gebq	疙
glq	犷
gfa	亘
gkq	乖
gcb	皋
gej	铬
gujk	锢
gjug	矸
guj	钴
ggt	埂
gvy	诡
ggy	羹
ggk	哽
geg	骼
gou	馃
gar	伽
guv	箍
gjd	淦
gudo	汩
gei	蛤
gxpb	褂
gekk	咯
gcy	羔
get	圪
glo	胱
gggr	赓
gho	肛
gzv	篝
gvv	癸
gan	尕
gum	梏
gubk	痼
grsv	矜
gejl	镉
gdk	赅
gue	崮
grr	倌
gaag	戛
gco	杲
gjc	苷
gcne	郜
gerr	颌
guik	轱
ghsv	罡
gzr	佝
gcp	睾
gzn	媾
gjf	擀
gjyg	酐
guun	鸪
gunk	牯
guim	蛊
gakj	呷
grcn	鹳
gvar	鳜
gfv	艮
gfe	艮
gcyk	诰
gsi	蚣
gomz	椁
gerq	仡
guy	诂
gvms	桧
gcc	藁
gsw	珙
gra	鳏
grp	盥
gvb	皈
gva	鲑
gsd	觥
guuy	毂
gvr	刽
goiy	蝈
gjs	绀
gop	虢
glk	咣
gvo	晷
gcv	篙
gso	肱
gjdg	泔
geu	硌
gug	鹘
gcsk	缟
goe	聒
gek	嗝
gxk	剐
gzy	诟
grfr	掼
gze	岣
gucg	菰
gus	罟
got	埚
gjtg	坩
gey	盖
guoy	臌
gdt	垓
gjog	旰
gvn	妫
gyw	衮
geal	鬲
geol	膈
gjb	疳
gzuy	彀
gxo	胍
gyu	磙
gzs	缑
gvoh	炅
gya	鲧
ggs	绠
gxqn	鸹
grdk	涫
ghl	戆
ges	纥
gfk	哏
gga	鲠
gzvk	笱
guuo	瞽
gvg	庋
gvvm	簋
gve	刿
gof	掴
gde	陔
ghv	筻
gys	绲
goez	崞
goi	蜾
gxm	栝
gjdw	澉
gcmu	槔
gep	袼
gfc	茛
gzg	鞲
gza	觏
guyk	酤
gua	鲴
gvbj	宄
gvk	匦
gokn	呙
gob	馘
gax	尜
gdn	戤
getl	塥
gel	哿
geiq	虼
gzz	遘
geuk	饹
ggo	暅
ght	堽
ghtl	鿍
gomg	粿
grak	鳤
gcvk	筶
gdo	晐
gggn	鹒
gvvt	筀
gdc	荄
gedl	滆
ggd	浭
ghdg	冮
ghmx	㭎
ghu	矼
gjwg	玕
gjax	鳡
gkv	夬
gldw	洸
goo	腘
grwk	琯
grwf	瓘
grh	爟
grva	毌
grcc	蒄
grpg	祼
gsk	唝
guok	𦙶
guyy	羖
gudy	瀔
gvdj	氿
gvte	邽
gvwt	珪
gvfl	鬶
gznk	姤
gdej	𬮿
gody	𬇹
gerk	合
goky	国
gsaa	工
gerl	个
grvk	管
gsbs	公
gcwk	高
grbt	关
gdjw	改
gvfe	规
genl	革
gldi	广
glwp	广
gscb	共
gjau	干
ggan	更
goln	果
gws	给
gwsk	给
gzms	构
gdyr	该
gsrb	供
gcnk	告
ghds	港
glxw	光
gfmg	根
gjwx	感
gzks	购
gcfk	搞
guuk	古
guir	顾
gruk	馆
ghkd	刚
gvvr	贵
gzbx	够
gulo	骨
ghex	岗
gxf	挂
gurk	估
gvij	轨
gjaa	甘
gjna	甘
gglj	耕
gowe	郭
gdmv	概
gxpn	瓜
ghsx	纲
geel	隔
grdf	灌
gebd	割
guzg	孤
gzqk	狗
gzjs	钩
guhf	雇
gvtt	圭
gaan	夹
gecv	葛
gjlr	赣
gxqd	刮
ggvr	颈
ghkx	冈
gddv	溉
gvps	鬼
gzbs	勾
gcwo	膏
guck	菇
gkfl	拐
gvut	硅
gcmh	糕
ggeh	耿
grsb	纶
gvwg	瑰
glzw	逛
gymb	棍
gern	鸽
gscx	恭
gxbd	寡
gefk	搁
gsfb	拱
gzck	苟
gakg	嘎
gayl	尬
gaul	尬
gjym	尴
gjum	尴
gsvv	弓
gjhg	秆
ggmg	粳
gaok	胳
geok	胳
gztk	垢
gevk	舸
gakv	噶
gxtb	卦
gdav	丐
gyib	辊
glqg	犷
gfaa	亘
gkqb	乖
gcbu	皋
ggyd	羹
ggkg	哽
gegk	骼
gark	伽
guvj	箍
geik	蛤
getq	圪
glow	胱
ghog	肛
gzvr	篝
ganx	尕
gumk	梏
gdkr	赅
guek	崮
grrk	倌
gcom	杲
gjcg	苷
gzrk	佝
gcpg	睾
gznr	媾
gjfg	擀
gfen	艮
gfvn	艮
gsis	蚣
gccm	藁
gswb	珙
grad	鳏
grpm	盥
gvby	皈
gvat	鲑
gsdw	觥
gvrd	刽
gjsg	绀
glkw	咣
gvok	晷
gsos	肱
gugn	鹘
goek	聒
gekl	嗝
gzyk	诟
gzek	岣
gusk	罟
gotn	埚
gdtr	垓
gvnw	妫
gywy	衮
gxog	胍
gzsu	缑
gyax	鲧
ggsg	绠
ghlx	戆
gesq	纥
gfkg	哏
ggag	鲠
gved	刿
gofy	掴
gder	陔
gysb	绲
gfcg	茛
gzae	觏
guak	鲴
gvkj	匦
gaxx	尜
gelk	哿
gzzr	遘
ggoa	暅
gdor	晐
gdcr	荄
ggdg	浭
ghug	矼
gkvn	夬
gooy	腘
grhf	爟
geym	盖
gxft	挂
gn	功能
gi	过程
gb	根本
gq	过去
gt	沟通
gp	公平
gm	干嘛
gabg	嘎嘣
gafj	公安分局
gaga	嘎嘎
gagh	敢爱敢恨
gaks	轧空
gaia	轧差
gaju	公安局
gali	咖喱
galn	尬聊
gala	旮旯
gama	伽马
gana	戛纳
gapu	高矮胖瘦
garj	嘎然
gatd	港澳台
gatm	各安天命
gavi	嘎吱
gavh	轧账
gayy	苟安一隅
gaza	曱甴
gazd	高傲自大
gbba	干巴巴
gbbl	古巴比伦
gbcv	嘎嘣脆
gbcm	敢不从命
gbde	怪不得
gbds	搞不懂
gbdk	搞不定
gbdv	寡不敌众
gbdx	各奔东西
gbdt	广播电台
gbdg	功不抵过
gbfz	概不负责
gbgz	够不够
gbgk	怪不怪
gbgj	敢不敢
gbgd	该不该
gbgw	给不给
gbgv	贵不贵
gbgl	顾不过来
gbgx	高不高兴
gbhc	搞不好
gbhg	哥本哈根
gbhm	敢把皇帝拉下马
gbig	高不成
gbii	功败垂成
gbij	高不成低不就
gbji	赶不及
gbjd	宫保鸡丁
gbkp	高不可攀
gbkm	功不可没
gbkn	更不可能
gbkj	国不可一日无君
gbln	管不了
gblb	个把礼拜
gbm	各部门
gbmf	官逼民反
gbng	更不能
gbni	哥白尼
gbpy	固本培元
gbqk	搞不清
gbqu	过不去
gbqr	果不其然
gbqi	搞不清楚
gbsi	公报私仇
gbtm	搞半天
gbti	更别提
gbtj	戈壁滩
gbu	跟不上
gbuh	赶不上
gbuo	更别说
gbvc	管不着
gbvu	管不住
gbvt	个把钟头
gbvx	官卑职小
gbvy	高标准
gbvj	管鲍之交
gbvq	高标准严要求
gbvg	胳膊肘往外拐
gbvz	胳膊肘
gbxi	鬼把戏
gbxu	个把小时
gbxq	个把星期
gbxg	鬼不像鬼
gbxf	甘拜下风
gbxr	各不相让
gbxt	各不相同
gbxv	改变现状
gbyt	个把月
gbyq	供不应求
gbyv	故布疑阵
gbzi	光膀子
gbzf	故步自封
gbzy	刚愎自用
gbyy	根本原因
gbyb	过把瘾
gbya	冈比亚
gbyu	更不用说
gcao	高傲
gcah	高昂
gcai	高矮
gcbj	公测版
gcbd	告白
gcbk	糕饼
gcbp	告别
gccg	高层
gcci	告辞
gccj	高参
gcco	搞错
gcdk	搞定
gcda	高大
gcdc	搞到
gcde	搞得
gcdg	高等
gcdh	高档
gcdi	高低
gcdm	糕点
gcdn	高调
gcdq	搞丢
gcdr	高端
gcds	搞懂
gcdu	高度
gcee	高额
gcer	高二
gcfa	告发
gcff	高分
gcfg	高峰
gcfu	告负
gcfw	高飞
gcfh	高仿
gcgc	高高
gcgs	高工
gcge	高歌
gcgl	高光
gcgf	高跟
gcgj	高干
gcgk	搞怪
gcgr	高管
gcgu	高估
gcgv	高贵
gchc	搞好
gchk	搞坏
gchj	高喊
gcho	搞活
gchu	高呼
gchy	搞混
gcic	高潮
gcig	搞成
gcih	高唱
gcij	高产
gciu	高处
gciv	告吹
gciz	稿酬
gcji	高级
gcjm	稿件
gcjp	告诫
gcjq	高就
gcju	高举
gcjx	高价
gcjk	告警
gckc	高考
gckd	高开
gckh	高亢
gckj	高看
gcks	高空
gckx	搞垮
gcl	搞错了
gcle	高了
gclg	高冷
gcli	高丽
gclk	高领
gcll	高亮
gclr	搞乱
gcly	高论
gclz	高楼
gcmc	高帽
gcmi	告密
gcmk	高明
gcnj	高难
gcpb	高频
gcpj	高攀
gcpo	告破
gcpn	高票
gcpw	高配
gcqk	高清
gcql	高强
gcqn	高跷
gcrf	高人
gcrc	告饶
gcsg	高僧
gcsi	搞死
gcss	高耸
gcsu	告诉
gcsj	高三
gctv	告退
gctd	高台
gcth	高汤
gctn	高挑
gctp	高铁
gctu	高徒
gcu	高才生
gcua	搞啥
gcuc	高烧
gcuf	高深
gcug	高声
gcuh	高尚
gcui	告示
gcuj	高山
gcuz	高手
gcuu	高数
gcub	顾此失彼
gcum	过从甚密
gcvc	高招
gcvh	高涨
gcvi	告知
gcvl	告状
gcvr	光彩照人
gcvs	高中
gcwf	高温
gcwj	睾丸
gcww	高位
gcxn	搞笑
gcxb	高薪
gcxi	高息
gcxk	高兴
gcxr	高悬
gcxx	高下
gcxs	高雄
gcya	高压
gcyb	高音
gcyc	膏药
gcyh	羔羊
gcyi	高一
gcyr	高原
gcyu	高于
gczi	稿子
gczz	高走
gczu	高祖
gcza	搞砸
gcze	膏泽
gczh	搞脏
gczv	告罪
gczc	搞糟
gdb	改编
gdbm	改变
gdbp	高低不平
gdby	感动不已
gdbh	丐帮
gdbj	改版
gdbt	狗胆包天
gdbr	狗都不如
gdco	改错
gddc	改道
gddh	该当
gddn	改掉
gdds	改动
gdda	该打
gdfh	盖房
gdfj	盖饭
gdgd	改改
gdge	改革
gdgo	改过
gdgr	改观
gdgw	该给
gdgc	改稿
gdgu	该股
gdgx	搞东搞西
gdgj	高低贵贱
gdhr	改换
gdhh	改行
gdhc	改好
gdhk	改坏
gdhu	更待何时
gdhv	改回
gdhx	钙化
gdhz	该当何罪
gdig	改成
gdii	割地称臣
gdiy	故地重游
gdij	耕读传家
gdjb	改进
gdjm	改建
gdjx	改嫁
gdju	顾大局
gdjy	高等教育
gdkl	概况
gdko	概括
gdkz	改口
gdle	改了
gdlj	概览
gdll	改良
gdlt	概略
gdlv	概率
gdly	概论
gdlz	盖楼
gdmc	盖帽
gdmk	改名
gdnm	概念
gdng	共渡难关
gdpi	刮地皮
gdpj	改判
gdpm	钙片
gdpk	割地赔款
gdqu	过得去
gdqi	改期
gdqm	改签
gdqs	各得其所
gdqf	高低起伏
gdrz	滚刀肉
gdri	改日
gdsi	该死
gdsr	概算
gdse	改色
gdtm	改天
gdtz	盖头
gdu	跟得上
gdug	广东省
gduh	盖上
gdui	盖世
gduj	改善
gduo	该说
gduu	概述
gdvg	改正
gdvh	盖章
gdvi	改制
gdvl	改装
gdvu	盖住
gdve	盖着
gdvv	改锥
gdvy	古典主义
gdvz	扛鼎之作
gdww	改为
gdwl	功德无量
gdwx	古典文学
gdwb	各打五十大板
gdxx	改下
gdxn	改小
gdxk	改性
gdxr	改选
gdxp	改写
gdxv	肝胆相照
gdxm	古道西风瘦马
gdyc	概要
gdyj	干瞪眼
gdym	功德圆满
gdyq	供大于求
gdys	改用
gdyx	高等院校
gdyy	古典音乐
gdz	鬼点子
gdzc	改造
gdzo	该做
gdzi	盖子
gdzx	公道自在人心
gdzu	改组
gdzj	广电总局
geai	割爱
gean	个案
geba	个把
gebj	隔板
gebf	歌本
gebi	隔壁
gebw	胳臂
gebo	胳膊
gebp	个别
gebn	各表
geci	歌词
gecc	割草
gecu	改恶从善
geda	疙瘩
gedd	感恩戴德
gedg	咯噔
gedi	各地
gedn	格调
gedr	隔断
gedz	格斗
gedh	格挡
gedj	歌单
gefh	各方
gefu	高尔夫
gefq	高尔夫球
gege	哥哥
gegf	孤儿寡妇
gegm	孤儿寡母
gego	各国
gegu	个股
gegv	广而告之
gehe	隔阂
gehh	各行
gehz	歌喉
geih	歌唱
geiu	各处
geji	各级
gejp	各界
gejx	各家
gejt	隔绝
geju	格局
gejm	隔间
gekd	隔开
geks	隔空
gelc	阁老
gele	隔了
geli	隔离
gelp	割裂
gelu	各路
gelw	各类
gelx	哥俩
gelz	阁楼
gemi	歌迷
gemk	革命
gemf	哥们
gemo	隔膜
gemd	割脉
geng	过而能改
genv	歌女
gepu	歌谱
gepi	嗝屁
gepk	各凭
gepd	鸽派
gequ	歌曲
geqm	搁浅
geqi	割弃
geql	隔墙
gere	隔热
gerf	各人
gerh	割让
geri	隔日
gerz	割肉
gesc	哥嫂
gese	各色
gess	歌颂
geti	个体
getj	歌坛
getk	歌厅
getm	隔天
getz	个头
gete	哥特
getb	感恩图报
geue	割舍
geug	歌声
geui	格式
geuu	个数
geuv	个税
geuz	歌手
geuj	格栅
geve	隔着
gevi	搁置
gevj	各占
gevs	各种
geww	各位
gewd	格外
gews	公而忘私
gewu	歌舞
gewj	割腕
gexl	各项
gexb	革新
gexk	个性
gexu	改恶向善
gexx	阁下
gexi	割席
geyb	隔音
geyk	膈应
geyi	各异
geyc	歌谣
geye	隔夜
geyh	各样
geyj	格言
geyl	恭而有礼
geys	歌咏
geyz	各有
gezi	各自
gezu	各族
gfbf	根本
gfbj	跟班
gfbr	功夫不负有心人
gfbu	根部
gfbl	高分辨率
gfcs	跟从
gfdj	跟单
gfdi	根底
gfdq	跟丢
gfdn	根雕
gfdz	跟斗
gfda	跟打
gffg	跟风
gfgu	根骨
gfgs	股份公司
gfgy	搞风搞雨
gfgw	苟富贵，勿相忘
gfhx	规范化
gfhe	高负荷
gfhc	根号
gfie	跟车
gfiu	根除
gfju	根据
gfjb	跟进
gfji	根基
gfjn	根脚
gfjk	根茎
gfjt	根绝
gfjy	光风霁月
gfjj	高风峻节
gfl	搞反了
gfle	跟了
gflj	高风亮节
gfmn	根苗
gfmq	国富民强
gfpd	跟拍
gfpm	功夫片
gfqi	高峰期
gfqm	跟前
gfqu	跟去
gfsv	跟随
gfuh	跟上
gfuz	跟手
gfuk	高富帅
gfug	鬼斧神工
gfve	跟着
gfvi	根治
gfvl	跟庄
gfxk	规范性
gfxu	根须
gfxi	根系
gfxm	高风险
gfxy	刮风下雨
gfyr	根源
gfyv	官复原职
gfyz	根由
gfys	股份有限公司
gfzs	跟踪
gfzi	根子
gfzu	孤芳自赏
gfdx	国防大学
ggai	更爱
ggbu	更不
ggbr	格格不入
ggbb	亘古不变
ggbm	亘古不灭
ggbf	各个部分
ggcj	更惨
ggcc	干干脆脆
ggcs	公共厕所
ggde	怪怪的
ggdo	更多
ggda	更大
ggdd	孤孤单单
ggdi	更低
ggdp	更迭
ggdr	更短
ggds	更懂
ggdu	耕读
ggdc	粳稻
ggdl	盖棺定论
ggdx	革故鼎新
ggee	更饿
ggel	滚滚而来
ggfj	更烦
ggfu	更夫
gggc	更高
gggd	更改
gggl	更广
gggx	公共关系
gggq	高高挂起
gggu	功高盖世
gggg	古古怪怪
gghc	更好
gghk	更坏
gghl	高官厚禄
gghr	更换
gghi	滚滚红尘
ggia	更差
ggih	更长
ggiz	更丑
ggis	公共场所
ggix	改革创新
ggjq	更久
ggjb	更近
ggjd	归根结底
ggjj	干干净净
ggjp	各个击破
ggjg	公共机构
ggju	更具
ggjx	更加
ggjv	关关雎鸠，在河之洲。
ggkk	更快
ggkr	更宽
ggka	更卡
ggku	更苦
ggkv	更亏
ggkf	改革开放
gglw	更累
gglr	更乱
gglg	更冷
ggll	光怪陆离
ggly	各个领域
ggld	刮骨疗毒
gglu	滚瓜烂熟
ggmk	更名
ggmw	更美
ggmh	更忙
ggmi	粳米
ggmj	更慢
ggmd	关公面前耍大刀
ggnj	更难
ggng	更能
ggnn	鼓鼓囊囊
ggpa	更怕
ggph	更胖
ggql	更强
ggqs	更穷
ggqk	更轻
ggqr	更全
ggqi	公共汽车
ggqq	骨骼清奇
ggrh	更让
ggre	更热
ggsd	歌功颂德
ggse	梗塞
ggsi	梗死
ggss	鬼鬼祟祟
ggsl	光杆司令
ggti	更替
ggtm	耕田
gguk	更帅
ggul	更爽
ggua	更傻
gguz	更瘦
gguy	公共事业
gguw	公共事务
gguc	更少
gguf	更深
ggui	更是
ggvg	更正
ggvf	搞搞震
ggvi	耿直
ggvj	过关斩将
ggvs	更重
ggvy	更准
ggvv	工工整整
ggvd	呱呱坠地
ggww	更为
ggwf	更稳
ggwj	更晚
ggwu	公共卫生
ggwy	亘古未有
ggxb	更新
ggxl	更像
ggxs	更凶
ggxp	高跟鞋
ggxh	官官相护
ggxj	高官显爵
ggxd	功过相抵
ggxm	更显
ggxn	更小
ggxx	高高兴兴
ggyu	归功于
ggyc	更要
ggyj	更严
ggye	哽咽
ggyh	耿耿于怀
ggyi	更衣
ggyk	更应
ggyq	供过于求
ggyr	更远
ggyy	耕耘
ggyz	更有
ggzc	更早
ggzi	高个子
ggzh	骨鲠在喉
ggzo	耕作
ggzu	高高在上
ggzx	改过自新
ggzd	高干子弟
ggzy	公共资源
ggjn	咕咕叫
ghao	港澳
ghba	刚把
ghbi	港币
ghbj	钢板
ghbv	关怀备至
ghbc	高回报
ghbl	干活不累
ghcd	刚才
ghcl	光辉灿烂
ghdc	刚到
ghdh	共和党
ghdu	港督
ghdk	钢钉
ghfu	鬼画符
ghg	共和国
ghgh	刚刚
ghgj	杠杆
ghgo	刚果
ghgr	钢管
ghgt	各怀鬼胎
ghgu	港股
ghgv	钢轨
ghgy	各行各业
ghhc	刚好
ghhx	钢化
ghii	刚吃
ghia	钢叉
ghih	纲常
ghiq	过河拆桥
ghjb	钢筋
ghju	港剧
ghji	纲纪
ghjk	杠精
ghjp	港姐
ghkv	钢盔
ghkz	港口
ghkl	更何况
ghku	更何况是
ghld	刚来
ghle	搞混了
ghlk	纲领
ghlp	刚烈
ghmg	刚猛
ghmf	肛门
ghmj	刚满
ghmt	改换门庭
ghqb	钢琴
ghql	刚强
ghqn	刚巧
ghqk	关汉卿
ghrx	蛊惑人心
ghru	隔行如隔山
ghry	各花入各眼
ghsi	钢丝
ghtd	港台
ghtk	岗亭
ghtp	钢铁
ghui	港式
ghuc	岗哨
ghuh	港商
ghuo	刚说
ghup	勾魂摄魄
ghuv	刚睡
ghvg	刚正
ghvi	刚直
ghvf	钢针
ghvu	钢珠
ghww	岗位
ghwh	肝火旺
ghwj	港湾
ghwu	港务
ghxt	刚学
ghxk	刚醒
ghxl	刚想
ghxu	刚需
ghxx	恭贺新禧
ghyb	钢印
ghyc	刚要
ghyk	刚硬
ghyg	孤魂野鬼
ghyi	刚毅
ghyr	港元
ghys	刚勇
ghzz	刚走
ghzd	古惑仔
ghzy	光合作用
ghjx	钢架
gibv	攻城拔寨
gibh	高处不胜寒
gicd	肝肠寸断
gidh	共产党
gidq	高潮迭起
gidy	共产党员
gigi	观察观察
gigv	管吃管住
gihd	改朝换代
gijx	歌唱家
gijc	觥筹交错
gijh	国仇家恨
gijj	各持己见
gili	观察力
gild	攻城略地
gilh	干柴烈火
gilk	刚出狼窝，又入虎口
gilu	贯彻落实
gimj	功成名就
ginu	鼓唇弄舌
giqu	滚出去
giui	工程师
giut	功成身退
givs	过程中
givx	贯彻执行
givy	共产主义
giwu	广场舞
giwj	刚吃完
giyi	高出一筹
gjai	肝癌
gjaj	国家安全局
gjbd	感觉不到
gjbf	赶奔
gjbc	感觉不错
gjbj	感激不尽
gjbg	国将不国
gjbk	肝病
gjbm	恭敬不如从命
gjbp	干瘪
gjbu	干部
gjbv	国家标准
gjbw	干杯
gjci	关键词
gjcc	甘草
gjcd	干才
gjce	供给侧
gjcv	干脆
gjdi	根据地
gjdc	感到
gjda	敢打
gjdd	诡计多端
gjdh	甘当
gjdj	肝胆
gjdn	干掉
gjdp	干爹
gjds	感动
gjdl	国家栋梁
gjdu	国家大事
gjdb	勾肩搭背
gjen	感恩
gjfw	过节费
gjfj	干饭
gjfu	赶赴
gjfv	孤军奋战
gjfa	公检法
gjgk	怪就怪
gjga	尴尬
gjgc	赶稿
gjgs	赶工
gjge	干戈
gjgh	各家各户
gjgj	敢干
gjgl	感光
gjgo	干过
gjgr	感官
gjgu	干股
gjgw	各就各位
gjgx	国际关系
gjgd	高举高打
gjhc	干好
gjhe	干涸
gjhj	干旱
gjhk	感怀
gjho	干活
gjhv	赶回
gjhx	感化
gjht	钢筋混凝土
gji	公交车
gjic	赶超
gjid	干柴
gjie	赶车
gjig	干成
gjih	赶场
gjiu	感触
gjiy	甘醇
gjit	干劲冲天
gjj	公积金
gjjb	赶紧
gjji	感激
gjjk	干净
gjjt	感觉
gjju	柑橘
gjjx	干架
gjjl	干将
gjjm	高精尖
gjjr	国际金融
gjjq	国家机器
gjjg	国家机关
gjkk	赶快
gjkc	赶考
gjkd	感慨
gjke	干咳
gjku	干枯
gjkv	感喟
gjkn	攻坚克难
gjlb	甘霖
gjld	赶来
gjle	干了
gjlg	干冷
gjlj	橄榄
gjll	干粮
gjlm	干练
gjlq	干流
gjlu	甘露
gjlc	干酪
gjlp	干裂
gjlh	感觉良好
gjls	干净利索
gjma	干嘛
gjmc	感冒
gjmh	赶忙
gjmz	国家民族
gjmu	国计民生
gjmv	纲举目张
gjmt	国进民退
gjmy	国际贸易
gjmm	擀面
gjnl	干娘
gjnm	感念
gjou	干呕
gjpc	赶跑
gjpw	感佩
gjpr	攻坚破锐
gjqk	感情
gjqn	赶巧
gjqr	甘泉
gjqu	赶去
gjqw	各就其位
gjqv	各尽其职
gjrc	干扰
gjrf	感人
gjrh	甘居人后
gjrj	感染
gjsb	拱肩缩背
gjse	干涩
gjsn	各尽所能
gjsu	甘肃
gjsj	管见所及
gjth	赶趟
gjtj	感叹
gjtl	感激涕零
gjtm	甘甜
gjtq	狗急跳墙
gjts	各具特色
gjua	干啥
gjue	干涉
gjuf	肝肾
gjuh	赶上
gjui	干事
gjuj	赶尽杀绝
gjul	干爽
gjuo	敢说
gjur	孤军深入
gjuz	感受
gjuw	国际事务
gjuy	广结善缘
gjun	钢筋水泥
gjvc	感召
gjve	甘蔗
gjvi	感知
gjvw	古今中外
gjvy	国际主义
gjvx	国家主席
gjvz	赣州
gjvm	国际知名
gjvj	过江之鲫
gjwf	敢问
gjwh	赶往
gjwj	干完
gjwu	感悟
gjww	甘为
gjwt	国际舞台
gjwb	古井无波
gjxb	甘心
gjxi	干洗
gjxk	感性
gjxl	感想
gjxm	干线
gjxn	干校
gjxq	甘休
gjxp	感谢
gjxx	赶下
gjxu	国际形势
gjyb	更进一步
gjyj	肝炎
gjyk	感应
gjyr	甘愿
gjyu	干预
gjyz	甘油
gjyv	刚极易折
gjz	关键字
gjzc	干燥
gjzd	赶在
gjzh	肝脏
gjzi	甘孜
gjzo	敢做
gjzv	孤军作战
gjzz	赶走
gjzb	国际资本
gkbk	怪病
gkcd	怪才
gkdj	怪诞
gkdd	拐带
gkdm	拐点
gkdz	高开低走
gkgk	乖乖
gkgy	拐棍
gkgz	高开高走
gkhx	怪话
gkih	公开场合
gkji	高科技
gkjn	拐角
gkjr	光可鉴人
gkle	怪了
gkld	孤苦伶仃
gklc	管窥蠡测
gklh	鬼哭狼嚎
gkli	乖离
gkmd	拐卖
gkmq	乖谬
gkml	广开门路
gkpi	怪癖
gkpm	拐骗
gkqn	乖巧
gkqr	怪圈
gkrf	怪人
gksd	公开赛
gktd	怪胎
gku	刚开始
gkug	怪声
gkui	怪事
gkuw	怪谁
gkuv	怪谁
gkuz	怪兽
gkuh	鬼哭神嚎
gkuj	共克时艰
gkvc	怪招
gkvh	拐杖
gkwj	拐弯
gkwq	感慨万千
gkwy	孤苦无依
gkwu	怪物
gkww	怪味
gkxb	公开信
gkxl	怪相
gkxn	怪笑
gkyi	怪异
gkyg	甘苦与共
gkyh	怪样
gkyk	功亏一篑
gkyl	广开言路
gkzv	怪罪
gkzd	怪哉
glbn	光标
glbj	光斑
glbo	广播
glbu	哥伦布
glbt	搞了半天
glby	哥伦比亚
glbl	给脸不要脸
glcd	光彩
glda	广大
gldc	广岛
gldh	咣当
gldm	光电
gldp	光碟
glds	广东
gldu	高楼大厦
gldd	高利贷
glfj	广泛
glfu	光伏
glfs	各领风骚
glgc	广告
glgl	逛逛
glgg	古里古怪
glgq	改来改去
glgu	光顾
glgw	孤陋寡闻
glgy	光棍
glhx	光滑
glho	光火
glhr	光环
glhv	光辉
glih	广场
glii	顾虑重重
gljp	逛街
gljk	光景
gljn	光脚
gljg	古灵精怪
gljy	格鲁吉亚
glkc	光靠
glko	广阔
glks	光控
gllk	孤零零
gllb	光临
gllj	光缆
glll	光亮
gllq	光溜
gllu	怪力乱神
gllv	高利率
glmh	光芒
glmk	光明
glmc	光猫
glmo	广漠
gln	过两年
glng	光能
glnm	光年
glnd	格林纳达
glpk	光凭
glpu	光谱
glpj	光盘
glqr	光圈
glqu	光驱
glrf	过来人
glrs	光荣
glrj	更阑人静
glsu	光速
gltm	过两天
gltk	光听
gltz	光头
gltu	光秃
gluo	光说
glui	光是
gluu	光束
gluf	广深
glum	古来圣贤皆寂寞
glvz	广州
glvc	光照
glve	光着
glvu	光柱
glvi	橄榄枝
glvy	官僚主义
glvd	过了这个村就没这个店
glvl	过了这个村就没这个店了
glww	广为
glwy	孤立无援
glwv	格林威治
glxi	广西
glxl	光想
glxm	光线
glxn	光效
glxk	规律性
glxt	光学
glxu	光绪
gly	管理员
glyu	鼓浪屿
glyb	光阴
glyi	广义
glyj	光焰
glyy	光晕
glyk	光影
glyr	光源
glyc	光耀
glze	光泽
glzi	光子
glzu	仡佬族
glzd	膏粱子弟
gldx	国立大学
gmbw	过目不忘
gmdh	国民党
gmdz	关门弟子
gmdg	关门打狗
gmdj	关门大吉
gmdy	沽名钓誉
gmfg	关门放狗
gmgr	鬼门关
gmgy	怪模怪样
gmgp	各门各派
gmgg	干没干过
gmh	规模化
gmhx	改名换姓
gmht	灌迷魂汤
gmis	过目成诵
gmjj	国民经济
gmlu	根目录
gmll	光明磊落
gmnw	概莫能外
gmqr	冠名权
gmsy	顾名思义
gmsu	光芒四射
gmsj	高锰酸钾
gmth	冠冕堂皇
gmug	革命尚未成功
gmur	国民收入
gmuv	国民生产总值
gmul	革命尚未成功，同志仍需努力
gmvh	擀面杖
gmvd	光明正大
gmvf	国民政府
gmvz	关门捉贼
gmwv	光芒万丈
gmwb	广袤无边
gmwy	广袤无垠
gmx	过敏性
gmxk	刮目相看
gmxd	刮目相待
gmxq	鬼迷心窍
gmxy	规模效益
gmxu	弓马娴熟
gmyq	哥们义气
gnby	敢怒不敢言
gndu	高难度
gndt	国难当头
gney	敢怒而不敢言
gngj	过年过节
gngn	孤男寡女
gngy	敢怒敢言
gngx	管宁割席
gnnd	姑奶奶
gnqi	更年期
gntd	肝脑涂地
gnui	国内市场
gnuv	国内生产总值
gnwd	国内外
gnxk	功能性
gnxx	故弄玄虚
gnyd	狗娘养的
goan	国安
goba	锅巴
gobb	国宾
gobc	国宝
gobh	过磅
gobj	过半
gobn	国标
gobp	国别
goco	过错
goce	国策
gocv	国粹
godc	国道
gode	过得
godh	过当
godi	过低
godm	过电
godo	过多
godr	果断
gods	果冻
godu	过度
gofa	国法
goff	过分
gofh	国防
gofu	果脯
gofg	国风
gogr	过关
gogc	过高
gogd	锅盖
goge	国歌
gogj	果敢
gogo	蝈蝈
gogs	国共
gohz	过后
gohc	过好
gohe	过河
gohd	过海
gohh	国航
goho	国货
gohu	过户
gohv	过会
gohx	国画
gohy	国魂
goig	过程
goih	过场
goii	国耻
goij	国产
gojb	裹紧
goji	国际
gojk	国境
gojq	果酒
gojl	过奖
gojn	裹脚
gojp	过节
gojt	果决
goju	锅具
gojx	国家
goke	过客
gokr	过宽
goku	国库
gokv	锅盔
gold	过来
gole	过了
goli	锅里
goll	过量
golu	过路
golv	过滤
gomf	国门
gomk	国名
gomb	过敏
gomu	过目
goma	国骂
gonm	过年
gonj	国难
gonw	国内
gons	果农
gopb	果品
gopi	果皮
gopj	果盘
goqu	过去
goqi	过期
goqk	国庆
goqn	过桥
goqq	国球
goqm	过谦
gorj	果然
gore	过热
gorf	果仁
gorz	果肉
gosr	果酸
gotp	锅贴
goth	果糖
gotu	国土
gotv	裹腿
gotd	锅台
gotz	过头
goug	过剩
goui	过时
gouh	过上
gouu	果树
gouv	国税
gouz	国手
gouf	过身
gove	过着
govi	果汁
govd	国债
govj	过站
govf	果真
govc	过招
govh	过账
govs	过重
govu	裹住
govl	锅庄
gowd	国外
gowf	过问
gowh	国王
gowj	过完
gowu	国务
goww	果味
goxp	过些
goxi	过膝
goxm	过线
goxl	果香
goxt	国学
goyu	过于
goyb	过瘾
goye	过夜
goyj	过眼
goyk	国营
goyr	果园
goyc	国药
goyy	国运
goyz	国有
gozc	过早
gozd	过载
gozh	国葬
gozi	果子
gozw	国贼
gpbt	狗屁不通
gpbu	各凭本事
gpbq	高攀不起
gpdz	狗屁倒灶
gpdy	割袍断义
gpdx	高抛低吸
gpgc	狗皮膏
gpgy	狗皮膏药
gpis	跟屁虫
gpjy	公平交易
gpjv	公平竞争
gpjw	国破家亡
gpmz	高朋满座
gpxk	公平性
gpuz	顾盼生姿
gpvy	公平正义
gpws	公平无私
gpzx	顾盼自雄
gqbh	顾前不顾后
gqbb	攻其不备
gqde	过去的
gqdj	顾全大局
gqiu	搞清楚
gqjp	国庆节
gqle	过去了
gqli	公权力
gqlx	归去来兮
gqmf	鬼敲门
gqsx	各取所需
gqsi	各取所长
gqsy	公器私用
gqtr	共青团
gqty	共青团员
gqtu	苟且偷生
gqta	苟且偷安
gqui	过去时
gqvq	关切之情
gqvx	苟且之心
gqwb	攻其无备
gqxi	高清晰
gqxm	苟全性命
gqxk	观其行
gqxu	苟全性命于乱世
gqyu	感情用事
gqyv	改旗易帜
gqyd	攻其一点
gqye	隔墙有耳
gqyq	鼓起勇气
gqzf	过期作废
grai	关爱
grah	个人爱好
grbh	供认不讳
grbi	关闭
grbk	官兵
grbd	官拜
grbj	刚柔并济
grbl	果然不出所料
grcd	棺材
grce	观测
grch	馆藏
grdc	管道
grdg	关灯
grds	关东
grdi	官邸
grdm	观点
grdn	关掉
grdu	贵人多忘事
grff	感人肺腑
grfh	官方
grfj	惯犯
grfu	官府
grgr	管管
grgl	观光
grgd	灌溉
grgj	观感
grgx	鳏寡
grgs	关公
grgo	棺椁
grhc	管好
grhk	关怀
grhr	官宦
grhu	关乎
grhx	官话
gria	观察
gril	关窗
grid	官差
grie	贯彻
grih	官场
grir	贯穿
grib	个人崇拜
grit	光荣传统
grjm	关键
grjb	关紧
grji	关机
grjn	管教
grjk	观景
grju	官居
grjp	关节
grjs	骨软筋酥
grjt	固若金汤
grjx	管家
grjy	冠军
grjj	工人阶级
grkj	观看
grks	管控
grkz	关口
grle	关了
grli	管理
grlm	关联
grln	官僚
grlj	灌篮
grls	骨肉离散
grly	个人利益
grmf	关门
grmi	官迷
grmk	冠名
grmo	观摩
grmu	灌木
grmw	官媒
grnm	观念
grng	官能
grni	管你
grqp	关切
grql	官腔
grqx	关卡
grrf	官人
grrw	个人认为
grsd	观赛
grse	观色
grsi	官司
grsu	个人所得税
grta	管他
grtk	关停
grts	贯通
grtz	罐头
grth	灌汤
grtu	官途
grtm	官田
grty	骨肉团圆
gruh	观赏
grui	管事
gruu	灌输
gruv	灌水
gruf	官绅
grvc	关照
grve	惯着
grvi	管制
grvl	罐装
grvs	观众
grvu	关注
grvh	关账
grvj	观战
grvy	个人主义
grwd	关外
grwh	观望
grwo	管我
grww	官威
grxb	关心
grxc	骨肉相残
grxi	关系
grxj	刚柔相济
grxk	惯性
grxr	官宣
grxl	骨肉相连
grxm	管线
grxx	管辖
grxg	个人习惯
grya	关押
gryh	官样
gryb	观音
gryd	高人一等
gryi	冠以
grym	改容易貌
gryj	个人意见
gryr	官员
grys	管用
gryt	管乐
gryu	关于
gryy	官运
gryc	官窑
gryx	个人英雄
grz	过日子
grzi	馆子
grzv	灌醉
grzx	各人自扫门前雪
grzy	个人自由
gsan	公安
gsbf	工本
gsbu	公布
gsbc	公报
gsbj	公办
gsce	公测
gsci	供词
gscy	共存
gsda	攻打
gsdc	公道
gsde	功德
gsdi	工地
gsdm	供电
gsdu	共度
gsdr	工段
gsdg	宫灯
gsdz	宫斗
gsdj	工单
gsdk	拱顶
gsds	勾三搭四
gsee	共轭
gsff	公分
gsfg	供奉
gsfj	共犯
gsfh	攻防
gsfu	功夫
gsfa	功法
gsfw	公费
gsfv	高速发展
gsfm	公私分明
gsga	贡嘎
gsgc	公告
gsgj	公干
gsgr	公关
gsgs	公共
gsgo	功过
gsgu	巩固
gsgx	古色古香
gsgy	各色各样
gshc	功耗
gshd	公海
gshe	恭贺
gshh	工行
gshj	公函
gsho	供货
gshv	工会
gshz	恭候
gsid	公差
gsia	公差
gsiu	共处
gsie	公车
gsif	功臣
gsig	工程
gsij	共产
gsih	工厂
gsii	公尺
gsil	共创
gsiw	隔三岔五
gsjb	公斤
gsji	攻击
gsjk	恭敬
gsjl	工匠
gsjx	公家
gsjm	弓箭
gsjn	公交
gsjq	贡酒
gsjt	公爵
gsju	工具
gsjp	攻讦
gskd	公开
gske	功课
gskr	公款
gska	工卡
gskk	公筷
gsll	公粮
gsly	公论
gslb	公私两便
gslc	功劳
gsli	公里
gslk	工龄
gslt	攻略
gslu	公路
gslv	功率
gslz	供楼
gsmk	共鸣
gsmb	公民
gsmm	共勉
gsmu	公募
gsmc	工贸
gsmf	拱门
gsng	功能
gsnq	公牛
gsnv	宫女
gsnr	供暖
gspb	贡品
gspk	公平
gspo	公婆
gspu	公仆
gspd	工牌
gsqq	供求
gsqi	工期
gsqn	拱桥
gsqr	公权
gsqk	公顷
gsqm	工钱
gsqu	攻取
gsqt	宫阙
gsqv	各司其职
gsrf	工人
gsrj	公然
gsre	供热
gsru	攻入
gsrd	各色人等
gsry	高耸入云
gssi	公司
gsss	恭送
gssu	公诉
gssy	公孙
gsts	共同
gstk	宫廷
gsti	供体
gsth	公堂
gstz	工头
gstx	国色天香
gsuf	躬身
gsug	公升
gsuh	工商
gsui	公式
gsuu	供述
gsuv	供水
gsuy	恭顺
gsuz	攻守
gsue	公社
gsvd	公债
gsvf	共振
gsvg	公正
gsvh	公章
gsvj	攻占
gsvl	工装
gsvs	公众
gsvi	公职
gsvu	公主
gsvo	供桌
gsvr	公转
gsvy	公司职员
gswf	公文
gswu	公务
gsww	恭维
gswh	公网
gsxl	共享
gsxb	工薪
gsxi	恭喜
gsxk	共性
gsxm	贡献
gsxn	功效
gsxq	公休
gsxt	供血
gsxu	工序
gsxy	功勋
gsye	工业
gsyh	供养
gsyj	公演
gsyi	工艺
gsyk	供应
gsyr	公园
gsys	公用
gsyu	公寓
gsyt	公约
gsyy	公允
gsyz	共有
gsyg	公司员工
gsza	公杂
gszd	公仔
gszi	工资
gszo	工作
gszv	高速增长
gtba	改天吧
gtbu	更谈不上
gtbw	顾头不顾尾
gtci	感叹词
gtdm	共同点
gtdd	感天动地
gtfg	刮台风
gtfm	故态复萌
gtgt	沟通沟通
gtgu	高抬贵手
gtgn	鬼头鬼脑
gthc	感叹号
gthu	个体户
gthm	改头换面
gthr	光天化日
gthx	光天化日之下
gthd	改天换地
gtiu	共同处
gtii	钢铁长城
gtj	国土局
gtju	狗头军师
gtjz	骨头架子
gtkl	高谈阔论
gtln	改天聊
gtlx	瓜田李下
gtly	共同利益
gtma	国泰民安
gtne	管他呢
gtnl	故土难离
gtnm	关塔那摩
gtse	古铜色
gtsy	管他三七二十一
gtsp	龟兔赛跑
gtt	光秃秃
gttu	高台跳水
gtti	共同体
gtuu	感同身受
gtui	共同市场
gtvi	共同之处
gtwx	歌台舞榭
gtyy	共同语言
gtyx	沟通一下
gtyb	各退一步
gtzi	狗腿子
guao	孤傲
guba	古巴
gubc	古堡
gubf	股本
gubj	古板
gubn	姑表
gubl	光说不练
gubh	过时不候
guch	谷仓
guci	故此
guce	估测
gucl	更上层楼
gudc	鼓捣
gudd	古代
gudi	谷底
gudg	根深蒂固
gudh	鼓荡
gudj	孤单
gudk	固定
gudl	瓜熟蒂落
gudm	古典
guds	股东
gudu	孤独
gudn	隔山打牛
guer	孤儿
guff	股份
gufa	古法
gufg	古风
gufj	孤帆
gufu	辜负
gugb	公事公办
gugh	各说各话
gugc	孤高
gugd	股改
guge	谷歌
gugg	故事梗概
gugj	骨干
gugk	古怪
gugl	公说公有理
gugo	故国
gugs	故宫
gugu	姑姑
gugx	孤寡
gugy	各式各样
gugq	怪声怪气
guhj	孤寒
guho	蛊惑
guhv	骨灰
guhx	固化
guhy	孤魂
guie	过山车
guia	古刹
guig	古城
guiv	鼓吹
gujb	古今
guji	估计
gujq	故旧
gujj	各抒己见
gujm	固件
gujp	骨节
guju	故居
gujx	骨架
gujy	孤军
guke	顾客
guku	孤苦
gulc	古老
guli	鼓励
gulz	孤陋
gulw	谷类
gulu	咕噜
gulv	顾虑
gulk	骨龄
gulp	骨裂
guld	古来
gull	果实累累
gulx	怪石嶙峋
gume	干什么
guma	姑妈
gumb	股民
gumc	高深莫测
gumo	估摸
gumu	古墓
gunl	姑娘
gunm	顾念
gunv	孤女
guns	鼓弄
gupn	股票
gupd	骨牌
gupf	骨盆
gupi	孤僻
gupj	顾盼
gupk	股评
gupu	古朴
gupo	姑婆
guqr	股权
guqb	古琴
guqi	骨气
guqk	雇请
guqm	古钱
guqp	姑且
guqu	故去
gurf	古人
guri	骨瘦如柴
gurr	拱手让人
gurj	固然
gurl	高手如林
gury	高手如云
gurz	骨肉
gurc	更是如此
guru	高收入
gusc	姑嫂
gusr	估算
gusu	姑苏
gusv	骨髓
gusi	古寺
gutz	骨头
gutd	固态
guti	固体
gutm	攻守同盟
guts	古铜
gutu	故土
gutb	盖世太保
guuf	孤身
guug	鼓声
guui	故事
guuj	孤山
guuz	固守
guve	骨折
guvf	古镇
guvg	古筝
guvh	故障
guvi	固执
guvl	古装
guvu	雇主
guvy	孤身只影
guvz	孤舟
guvo	固着
guwf	顾问
guwj	古玩
guwl	格杀勿论
guwu	鼓舞
guxk	孤星
guxi	姑息
guxl	故乡
guxr	拱手相让
guxt	骨血
guxy	古训
guya	古雅
guye	姑爷
guyi	故意
guyb	观世音
guyl	更上一层楼
guym	根深叶茂
guyr	雇员
guys	雇佣
guyu	古语
guyv	高山仰止
guyz	固有
guzc	鼓噪
guzi	谷子
guzo	故作
guzu	鼓足
guzd	股灾
guyh	工商银行
gvan	归案
gvbb	贵宾
gvbc	瑰宝
gvbd	跪拜
gvbe	刚正不阿
gvbi	规避
gvbk	归并
gvbm	诡辩
gvbw	龟背
gvbu	广种薄收
gvcd	鬼才
gvdc	轨道
gvdh	归档
gvdi	跪地
gvdk	规定
gvdl	国之栋梁
gvdv	归队
gvdr	刚中带柔
gver	龟儿
gvew	高枕而卧
gvfh	闺房
gvfj	规范
gvfu	归附
gvfw	贵妃
gvfp	归真返璞
gvge	规格
gvgf	归根
gvgg	贵庚
gvgk	鬼怪
gvgo	归国
gvgr	桂冠
gvgs	归功
gvgu	硅谷
gvgy	各种各样
gvgm	各找各妈
gvgv	咯吱咯吱
gvhc	公众号
gvho	鬼火
gvhr	归还
gvhx	规划
gvhy	鬼混
gvie	鬼扯
gvig	规程
gvic	归巢
gviu	鬼畜
gvis	公众场所
gvih	公众场合
gvji	轨迹
gvjj	固执己见
gvjm	贵贱
gvjn	硅胶
gvjp	归结
gvjq	归咎
gvjt	诡谲
gvju	规矩
gvjx	归家
gvkb	管中窥豹
gvke	贵客
gvku	鬼哭
gvkz	归口
gvlb	桂林
gvld	归来
gvle	贵了
gvli	瑰丽
gvlk	归零
gvlm	鬼脸
gvlu	归路
gvlv	规律
gvlw	归类
gvls	归拢
gvll	高质量
gvma	贵吗
gvmi	诡秘
gvmm	柜面
gvmo	规模
gvmw	鬼魅
gvmh	根正苗红
gvna	归纳
gvnm	孤枕难眠
gvnv	闺女
gvnn	归鸟
gvpi	桂皮
gvqr	规劝
gvqi	归期
gvqn	归侨
gvqq	跪求
gvqu	归去
gvrf	贵人
gvru	归入
gvry	甘之如饴
gvrc	果真如此
gvrw	公众人物
gvso	龟缩
gvsu	归宿
gvsw	个中三味
gvtd	柜台
gvtm	归天
gvtz	龟头
gvtu	归途
gvtn	规条
gvug	贵州省
gvuf	鬼神
gvuu	归属
gvuy	归顺
gvui	柜式
gvus	骨质疏松
gvva	诡诈
gvve	跪着
gvvg	规整
gvvh	规章
gvvs	贵重
gvvd	规章制度
gvvu	股掌之上
gvvz	贵州
gvvi	归置
gvvq	国之重器
gvwo	胳肢窝
gvws	公正无私
gvww	归位
gvwu	鬼屋
gvwy	高枕无忧
gvxx	跪下
gvxi	归西
gvxk	贵姓
gvxl	归降
gvxb	归心
gvxq	闺秀
gvyb	归隐
gvyx	关注一下
gvyc	各执一词
gvyh	贵阳
gvyi	诡异
gvyk	鬼影
gvyr	桂圆
gvyu	桂鱼
gvyv	孤注一掷
gvyy	各种原因
gvze	规则
gvzi	柜子
gvzu	贵族
gvzs	归总
gvzv	归罪
gvzw	个中滋味
gwbc	公文包
gwbk	攻无不克
gwdm	给点
gwdc	给到
gwfu	给付
gwgj	过五关斩六将
gwhv	给回
gwie	购物车
gwiu	给出
gwjl	古往今来
gwjy	古为今用
gwle	给了
gwli	给力
gwmj	拐弯抹角
gwpp	锅碗瓢盆
gwpm	歌舞片
gwqm	给钱
gwqk	国务卿
gwqv	各为其主
gwrf	给人
gwrv	广为人知
gwrq	高危人群
gwtv	姑妄听之
gwtx	敢为天下先
gwuu	个位数
gwui	国外市场
gwup	歌舞升平
gwuq	鼓舞士气
gwvx	购物中心
gwvv	格物致知
gwxd	狗尾续貂
gwyu	给予
gwyr	公务员
gwyi	给以
gwyy	宫外孕
gwyv	姑妄言之
gwzu	给足
gxai	挂碍
gxbk	冠心病
gxcg	剐蹭
gxca	刮擦
gxcd	挂彩
gxdr	挂断
gxdn	挂掉
gxdc	挂到
gxdh	挂挡
gxda	呱嗒
gxdj	勾心斗角
gxdm	高姓大名
gxfc	恭喜发财
gxff	瓜分
gxfg	刮风
gxfu	寡妇
gxfw	高消费
gxfq	关系匪浅
gxgz	挂钩
gxgx	恭喜恭喜
gxge	瓜葛
gxgo	瓜果
gxgs	刮宫
gxgv	改邪归正
gxh	个性化
gxhc	挂号
gxhf	刮痕
gxhk	挂怀
gxhu	关系户
gxhx	刮花
gxhe	寡合
gxhs	挂红
gxhd	更新换代
gxiu	挂出
gxji	挂机
gxjb	规行矩步
gxjj	孤行己见
gxjm	挂件
gxjp	挂接
gxjx	挂价
gxjc	工薪阶层
gxju	高新技术
gxkc	挂靠
gxkz	挂扣
gxkd	刮开
gxke	挂科
gxl	更新了
gxlv	高效率
gxlp	高下立判
gxle	挂了
gxli	挂历
gxlk	挂零
gxll	光鲜亮丽
gxlm	刮脸
gxlt	狗血淋头
gxls	公序良俗
gxma	挂码
gxmj	挂满
gxmk	挂名
gxmu	刮目
gxmm	挂面
gxmn	瓜苗
gxmq	关系密切
gxnm	挂念
gxny	隔靴挠痒
gxpd	挂牌
gxpi	瓜皮
gxpo	刮破
gxpt	狗血喷头
gxqi	挂起
gxqu	各行其是
gxqy	甘心情愿
gxqj	姑息迁就
gxqq	滚雪球
gxrf	寡人
gxru	感性认识
gxsy	隔靴搔痒
gxsj	归心似箭
gxtz	寡头
gxu	管闲事
gxua	刮痧
gxuh	挂上
gxui	挂失
gxuk	挂帅
gxut	各显神通
gxuo	刚想说
gxve	挂着
gxvh	挂账
gxvs	挂钟
gxvn	古稀之年
gxvi	挂职
gxvq	广西壮族自治区
gxvz	广西壮族
gxvb	各项指标
gxwf	寡闻
gxwu	攻心为上
gxxb	挂心
gxxl	卦象
gxxt	挂靴
gxya	高血压
gxyj	姑息养奸
gxyv	改弦易辙
gxyl	高薪养廉
gxzd	挂在
gxzi	瓜子
gxzl	关心则乱
gyb	过一遍
gybq	过意不去
gybh	棍棒
gybm	绲边
gybj	过犹不及
gybk	雇佣兵
gyci	苟延残喘
gycv	各有侧重
gyde	故意的
gydm	滚远点
gydr	过一段
gydc	滚到
gydj	滚蛋
gydl	告一段落
gyds	滚动
gydh	公用电话
gyfj	滚翻
gyfw	滚沸
gyfy	高原反应
gyfm	皈依佛门
gyfh	隔音符号
gygo	高压锅
gygd	各有各的
gygm	工业革命
gygy	滚滚
gygh	各有各好
gygf	国有国法
gyhv	滚回
gyht	官运亨通
gyjy	冠亚军
gyjl	鬼蜮伎俩
gykd	滚开
gykr	狗眼看人
gylm	供应链
gylb	各有利弊
gylo	滚落
gylw	挂一漏万
gyly	滚轮
gymu	滚木
gymm	光耀门楣
gynz	顾影弄姿
gypb	工艺品
gyps	观音菩萨
gypk	滚屏
gyqm	公元前
gyqq	各有千秋
gyqy	国有企业
gyre	滚热
gyrr	光阴荏苒
gysa	各有所爱
gysh	各有所好
gysi	各有所长
gysj	光阴似箭
gytm	过一天
gyth	滚烫
gytt	过一天算一天
gytr	挂羊头卖狗肉
gyts	滚筒
gyuu	工欲善其事
gyuq	工欲善其事，必先利其器
gyuv	更有甚者
gyuy	寡言少语
gyvf	过一阵
gyvi	公有制
gyvu	滚珠
gyvz	滚轴
gyvr	光艳照人
gyvd	膏腴之地
gywv	官样文章
gywm	工业文明
gyx	改一下
gyxx	逛一下
gyxk	公益性
gyxm	高压线
gyxj	工于心计
gyyu	归因于
gyyr	滚圆
gyyv	歌以咏志
gyyy	过眼云烟
gyys	固有一死
gyzi	棍子
gyzj	赶鸭子上架
gyzl	顾影自怜
gydx	工业大学
gzan	苟安
gzbf	够本
gzbk	诟病
gzbq	裹足不前
gzbw	赶早不赶晚
gzbg	工作报告
gzci	构词
gzda	勾搭
gzdh	勾当
gzds	狗洞
gzdj	够胆
gzdo	够多
gzdv	勾兑
gzdw	工作单位
gzdd	功在当代
gzfh	购房
gzfw	狗吠
gzge	公子哥
gzgc	够高
gzgr	狗官
gzgd	敢作敢当
gzgu	故作高深
gzgw	敢作敢为
gzgj	鼓足干劲
gzgg	个子高高
gzgz	狗狗
gzhc	够好
gzhe	沟壑
gzhf	够狠
gzhv	勾绘
gzho	篝火
gzhx	勾画
gzhy	勾魂
gzhj	工作环境
gzig	构成
gzie	购车
gziu	勾出
gzih	够长
gzii	够吃
gzjb	购进
gzji	钩稽
gzjm	构建
gzjn	狗叫
gzjp	勾结
gzjx	构架
gzjh	工作计划
gzkk	够快
gzkj	沟坎
gzle	够了
gzlm	勾连
gzli	骨子里
gzlj	够懒
gzly	狗嘴里吐不出象牙
gzlz	佝偻
gzll	狗粮
gzmd	购买
gzmh	够忙
gzmk	狗命
gznl	工作能力
gzpi	狗屁
gzpn	购票
gzpa	狗爬
gzqi	枸杞
gzql	够呛
gzqm	勾芡
gzqp	苟且
gzqr	苟全
gzqu	沟渠
gzri	工作日
gzrz	狗肉
gzrm	各族人民
gzry	工作人员
gzsi	构思
gzts	沟通
gztu	构图
gzty	狗嘴吐不出象牙
gztz	狗头
gztv	狗腿
gztd	工作态度
gztj	工作条件
gzuh	勾上
gzu	工作室
gzui	狗屎
gzuu	够数
gzuz	够受
gzuj	工作时间
gzuq	鼓足士气
gzvh	高增长
gzvd	故作镇定
gzvy	工作之余
gzvg	工作证
gzvf	钩针
gzvi	购置
gzvx	狗爪
gzvl	钩状
gzvu	构筑
gzwu	购物
gzwo	狗窝
gzww	够味
gzws	公子王孙
gzwv	各自为政
gzxr	勾选
gzxl	构想
gzxn	购销
gzxm	构陷
gzxk	构型
gzxp	狗血
gzxs	狗熊
gzxt	狗血
gzxy	工作需要
gzxx	鼓足信心
gzyb	勾引
gzyj	狗眼
gzys	够用
gzyt	顾左右而言他
gzyq	鼓足勇气
gzyz	光宗耀祖
gzzc	构造
gzzd	狗仔
gzzv	狗嘴
gzzi	钩子
gzzw	狗贼
gzzb	挂在嘴边
gzzj	工作总结
gzzf	工作作风
gzzt	故作姿态
h	和
hxr	化
hv	会
hh	行
her	合
hz	后
hc	好
hdd	海
hd	还
hxru	华
hod	活
hodk	活
hf	很
hxg	划
ho	或
hvk	回
hrw	环
hx	话
hrz	还
huuy	壶
huf	护
hu	户
hed	河
hxc	花
he	何
hor	货
hoc	获
hl	黄
hck	号
hs	红
hodr	火
hvf	挥
hvd	汇
hem	核
hudo	湖
hr	换
hxa	画
hhv	航
hw	黑
hdb	害
hry	欢
hua	互
hjd	汉
hsb	宏
hdz	孩
hzr	候
hsd	洪
hup	乎
huk	呼
ha	哈
hak	哈
hju	韩
hva	惠
hkx	怀
huu	胡
hj	含
hvxi	辉
hzi	厚
hri	患
hgi	衡
hk	坏
hlc	荒
hrs	缓
horh	伙
hvxh	恢
hyn	婚
hy	混
hel	贺
hlh	煌
hg	横
hcwm	毫
hcw	豪
hvi	徽
hlb	皇
hhm	杭
huw	忽
hcl	耗
hvs	绘
huh	虎
hxd	滑
hjo	旱
hjb	寒
hcd	浩
hvj	毁
hjdg	汗
hek	喝
het	赫
hvfx	慧
hkd	淮
hec	荷
hvu	灰
hfq	狠
hjdk	涵
hvko	贿
hzru	侯
hgx	恒
hrk	唤
hjl	函
hog	惑
hsi	轰
hsdn	鸿
hsg	弘
hjk	喊
hrh	焕
hud	沪
hye	魂
hoy	霍
herm	盒
hum	糊
hjx	悍
hhc	巷
hjbg	罕
hryv	幻
hjh	焊
hedn	鹤
hvuc	卉
hyd	浑
hyu	昏
hjux	翰
hop	祸
hsk	哄
hfx	恨
hlj	凰
hvx	悔
hct	郝
hfb	痕
hekx	吓
hki	徊
hzq	猴
hjg	邯
hekk	呵
hgw	亨
hzku	喉
hlx	慌
hvh	秽
hlo	晃
hjfx	撼
hvc	荟
hvo	晖
hvfe	彗
hvy	诲
hkm	槐
hldb	潢
hxk	哗
hrb	宦
hsh	烘
hob	豁
huc	葫
huq	狐
hjdx	瀚
hui	蝴
heq	禾
hepm	禾
hxm	桦
hly	谎
hlxw	惶
hjv	憨
hug	弧
hcb	皓
humr	核
heck	菏
hjf	捍
hrm	桓
hlv	簧
hlwb	璜
hvym	诲
helt	壑
hdw	亥
hrby	寰
hvw	珲
hyw	珲
hco	昊
hrd	涣
hep	褐
hve	隳
hzk	吼
hdkr	咳
hcj	镐
hhd	夯
hjy	酣
hjxg	悍
huwo	瑚
hdg	骸
hljw	幌
hld	湟
hli	蝗
hgk	哼
hcck	蒿
hhk	吭
hudw	浒
hwk	嘿
hdm	骇
hgwi	珩
hun	鹄
hctu	壕
hyc	荤
hvcx	蕙
huwj	琥
hai	蛤
haix	虾
hle	隍
hliw	徨
hvom	晦
huhb	扈
hcdr	灏
hxq	猾
hukj	唬
hvg	麾
hemr	阂
hudh	滹
hemm	阖
hdq	氦
hcku	嚎
hew	劾
hxj	铧
huxx	惚
hyub	馄
hey	诃
hjm	阚
hdk	嗨
hjz	鼾
herr	颌
hsbk	訇
hjge	邗
hci	蚝
hkz	踝
hjr	颔
hupk	祜
hgm	桁
hji	蚶
hvck	茴
hjok	晗
hvku	喙
hzz	齁
hrda	洹
hrde	浣
hrj	豢
hvm	桧
hcv	貉
hev	貉
hhdj	沆
hcor	颢
hgc	蘅
hsc	蕻
hlwo	肓
hvik	蛔
hrbe	郇
hsm	闳
hjc	菡
hlvw	篁
hrky	圜
hugn	鹘
hla	鳇
hsy	讧
huv	笏
hlib	蟥
hvdk	洄
hyy	诨
hhs	绗
hok	嚯
hocf	藿
heo	曷
haj	铪
huy	醐
hrq	獾
hra	鬟
hvwi	虺
hjgr	顸
hcc	薅
hea	翮
huqo	猢
hux	怙
hukx	唿
huhu	戽
hray	鬟
hhw	颃
hzv	篌
hoi	蠖
hes	纥
humu	槲
hrc	萑
hlbb	癀
hvix	蟪
hojh	钬
hjq	犴
hetm	盍
hscg	荭
hsx	黉
hzm	糇
hzg	骺
hzx	鲎
huho	煳
huun	鹕
hudg	瓠
hrzk	逭
hrdx	漶
hol	耠
hoj	镬
hjhk	焓
hzb	瘊
hue	岵
huny	鹱
hvkh	咴
hvex	翙
hydu	溷
hogx	夥
hdo	胲
hdy	醢
hjfw	撖
hscb	薨
hztu	堠
huih	轷
hrjy	锾
hrsy	缳
hrf	擐
hvkx	哕
hym	阍
hocd	劐
hof	攉
hxfu	砉
hex	翯
hgn	姮
hvuv	硊
hzp	垕
hjig	虷
hjek	嵅
hldw	滉
hrn	嬛
hzzk	逅
hcdt	淏
hcwe	鄗
hdkk	嗐
hehm	盉
heg	鞨
heuk	饸
hevq	龁
here	郃
hetk	垎
hedf	隺
heon	鹖
heh	熇
herh	龢
hgin	鸻
hje	崡
hjcg	蔊
hjon	暵
hjkw	㘎
hlkw	喤
hln	媓
hoky	嚄
hork	佸
hody	濩
hoe	彟
hohf	㸌
hrsn	鹮
hrca	荁
hre	峘
hro	㬊
hrdy	澴
hrv	貆
hrwq	𤩽
hskn	吽
hsl	竑
hsss	纮
hsu	翃
hsj	𬭎
hsjb	𫟹
hsbb	谼
huo	昒
huoh	昈
hudx	淴
huye	鄠
hunh	嫭
huay	鳠
hvmx	橞
hxn	婳
hxdt	觟
hzpe	郈
hzpt	垕
hza	鲘
hfyg	𬣳
homu	𬴃
hrse	𬘫
hsjs	𬭎
hzj	𬭤
hehk	和
hoh	和
huhk	和
hgii	行
hvr	会
hhi	行
hxrb	化
hzpk	后
hddm	海
hrzb	还
hoga	或
hvkk	回
hrwb	环
hxcb	花
herk	何
horr	货
hocq	获
hlcb	黄
hvfi	挥
hrfd	换
hxak	画
huaa	互
hjdy	汉
hsbs	宏
hdzr	孩
hsdb	洪
hupl	乎
hukh	呼
hakk	哈
hjuw	韩
hvax	惠
hjrk	含
hziz	厚
hrix	患
hkt	坏
hlcv	荒
hyno	婚
hydb	混
helr	贺
hgmb	横
hviw	徽
huwx	忽
hjog	旱
hjbd	寒
hcdk	浩
hvjy	毁
hekv	喝
hetd	赫
hkdf	淮
hgxa	恒
hrkd	唤
hjlk	函
hsig	虹
hsgs	弘
hjkk	喊
hyeg	魂
hoyf	霍
humo	糊
hjxx	憾
hhcs	巷
hjhg	焊
hydi	浑
hyuo	昏
hopn	祸
hskb	哄
hcte	郝
hfbg	痕
hzqu	猴
hgwl	亨
hlxv	慌
hlow	晃
hvcs	荟
hvoi	晖
hvyw	讳
hkmg	槐
hxku	哗
hrbd	痪
hshb	烘
huco	葫
huqg	狐
huio	蝴
heqn	禾
hjvx	憨
hugg	弧
hrma	桓
hlvb	簧
hdwr	亥
hcot	昊
hepv	褐
hvet	堕
hzkv	吼
hhdl	夯
hjyg	酣
hgkl	哼
hhkj	吭
hwkh	嘿
hdmr	骇
hunn	鹄
hyci	荤
haik	蛤
hxqg	猾
hvgm	麾
hewl	劾
hdkm	嗨
hjzg	鼾
hcim	蚝
hkzg	踝
hjrr	颔
hlzw	遑
hgmi	桁
hvms	桧
hevk	貉
hgci	蘅
hsms	闳
hjck	菡
hlaw	鳇
hsyg	讧
huvw	笏
hyyi	诨
hhsi	绗
hokf	嚯
heov	曷
hajk	铪
huyo	醐
hrqf	獾
hrae	鲩
heax	翮
hhwr	颃
hzvu	篌
hoiy	蠖
hesq	纥
hrcf	萑
hjqg	犴
hzgk	骺
hzxa	鲎
holk	耠
hojy	镬
huek	岵
hdor	胲
hdym	醢
hrfy	擐
hymo	阍
hoff	攉
hgna	姮
hrny	嬛
hlnw	媓
hoey	彟
hrea	峘
hroy	㬊
hrva	貆
huow	昒
hxnk	婳
hzak	鲘
hohk	和
hktb	坏
hn	湖南
hi	好处
hm	后面
hq	回去
hp	害怕
hb	何必
ht	后天
hada	哈达
hafo	哈佛
haha	哈哈
hakq	和蔼可亲
halz	哈喽
halo	哈罗
hama	蛤蟆
haqm	哈欠
haqi	哈气
haxm	海岸线
hbbc	汉堡包
hbbf	后半部分
hbbz	后半辈子
hbco	还不错
hbde	恨不得
hbdc	还不到
hbdb	货不对板
hbdd	黑白颠倒
hbdy	毫不动摇
hbdj	荷包蛋
hbdf	含苞待放
hbdi	悔不当初
hbdx	祸不单行
hbdu	话不多说
hbdq	恨不得有条地缝钻进去
hbfa	好办法
hbfm	黑白分明
hbft	魂不附体
hbfx	还本付息
hbfj	毫不费劲
hbfl	毫不费力
hbgz	还不够
hbgr	互不干扰
hbgl	回不过神来
hbhv	会不会
hbhc	好不好
hbhu	会不会是
hbhb	好吧好吧
hbhy	毫不讳言
hbij	画饼充饥
hbiy	毫不迟疑
hbiq	花不出去
hbil	虎豹豺狼
hbju	环保局
hbjy	毫不介意
hbjr	祸不及家人
hbjj	缓不济急
hbkk	还不快
hbkv	毫不夸张
hbkq	很不客气
hbl	花不了
hbld	回不来
hbls	合不拢
hblj	毫不利己
hblh	毫不理会
hblq	黑不溜秋
hblt	活蹦乱跳
hblc	互不理睬
hblz	胡编乱造
hblv	回报率
hbln	哈博罗内
hbng	还不能
hbqu	回不去
hbql	回不去了
hbqy	毫不起眼
hbqz	怀璧其罪
hbru	还不如
hbry	好不容易
hbsj	货比三家
hbtm	好半天
hbtj	话不投机
hbtl	化悲痛为力量
hbtd	话不投机半句多
hbui	还不是
hbug	湖北省
hbuc	还不少
hbue	虎不食儿
hbuu	魂不守舍
hbum	何不食肉糜
hbur	毫不示弱
hbvi	还不止
hbvd	还不知道
hbvy	还不至于
hbvj	缓兵之计
hbvu	虎贲之师
hbwj	花不完
hbws	悍不畏死
hbxk	还不行
hbxl	后备箱
hbxr	互不相容
hbxy	虎背熊腰
hbxq	互不相欠
hbxg	毫不相干
hbxs	毫不逊色
hbxu	红白喜事
hbxw	花边新闻
hbxx	狠不下心
hbye	后半夜
hbyd	还不一定
hbyx	互不影响
hbyf	含苞欲放
hbyy	毫不犹豫
hbyu	毫不掩饰
hbyb	海不扬波
hbzy	还不足以
hbzl	慌不择路
hcaa	好啊
hcan	毫安
hcba	好吧
hcbb	厚此薄彼
hcbc	好报
hcbh	好棒
hcbi	好比
hcbj	好办
hcbu	毫不
hcbk	好兵
hcby	怀才不遇
hccd	耗材
hccj	好惨
hccc	蒿草
hcde	好的
hcda	好大
hcdd	好歹
hcdh	浩荡
hcdm	好点
hcdo	好多
hcds	好动
hcdu	好赌
hcdz	好斗
hcdl	宏才大略
hcee	好饿
hcfw	耗费
hcfa	毫发
hcfh	豪放
hcfj	好烦
hcgj	好感
hcgc	好高
hcgk	好乖
hcgo	好过
hcgr	好官
hcgv	好贵
hcgz	壕沟
hcgl	耗光
hchc	好好
hche	好喝
hchj	好汉
hchk	好坏
hcho	好货
hchg	豪横
hchw	好黑
hchx	豪华
hcig	号称
hcih	好长
hcia	好差
hcii	好吃
hciu	好处
hciz	好丑
hcie	豪车
hcjb	耗尽
hcji	好记
hcjn	好觉
hcjp	浩劫
hcjq	好久
hcjx	好假
hcjk	好景
hcke	好客
hcki	祸从口出
hckj	好看
hckk	好快
hcky	好困
hckv	好亏
hcka	好卡
hcla	好啦
hcle	好了
hclg	好冷
hcli	毫厘
hclk	号令
hclr	好乱
hclm	好脸
hclw	好累
hclu	花丛老手
hcma	号码
hcmc	毫毛
hcmd	豪迈
hcmf	豪门
hcmg	好梦
hcmh	好忙
hcmi	毫米
hcmj	好慢
hcmn	毫秒
hcmw	好美
hcnj	好难
hcng	耗能
hcpk	好评
hcpa	好怕
hcpd	号牌
hcqi	好奇
hcqk	豪情
hcqn	好巧
hcql	好强
hcqq	好球
hcqu	耗去
hcrf	好人
hcrh	好让
hcrj	浩然
hcrr	好软
hcre	好热
hcsi	好似
hcse	好色
hcsy	耗损
hctc	嚎啕
hctg	好疼
hcts	好痛
hctj	祸从天降
hctk	好听
hctp	好帖
hcuc	好少
hcuf	耗神
hcug	毫升
hcui	好事
hcul	豪爽
hcur	获此殊荣
hcum	花草树木
hcuo	好说
hcuu	好书
hcux	好耍
hcuz	好受
hcvc	号召
hcvd	豪宅
hcve	好着
hcvj	好战
hcvr	好转
hcvk	好拽
hcvs	好重
hcvy	何错之有
hcwd	号外
hcwf	好文
hcwj	好玩
hcwu	毫无
hcxl	好像
hcxb	好心
hcxi	好戏
hcxm	好险
hcxn	好笑
hcxp	好些
hcxr	好悬
hcxs	好凶
hcxt	好学
hcxx	豪侠
hcyz	好友
hcyt	皓月
hcya	好呀
hcyb	豪饮
hcyi	好意
hcyr	好远
hcys	好用
hcyy	好运
hcyu	好于
hczd	好在
hczc	好早
hczh	好脏
hczi	耗子
hczo	好做
hczz	好走
hdan	海岸
hdba	海拔
hdbb	海滨
hdbc	海报
hdbj	荒诞不经
hdbk	害病
hdbm	海边
hdbu	还不
hdbz	虎毒不食子
hdci	好多次
hdcd	喝倒彩
hdcc	海草
hddr	好端端
hdds	黑洞洞
hddg	黄澄澄
hddu	黄赌毒
hddw	还得
hddo	还多
hddc	海盗
hddd	海带
hddi	海底
hdde	害得
hddj	海胆
hdda	横刀夺爱
hddz	好大的面子
hdfg	海风
hdfz	红得发紫
hdgh	海港
hdgj	还敢
hdgw	还给
hdgr	海关
hdgu	骸骨
hdgv	海龟
hdh	划等号
hdhc	还好
hdhj	海涵
hdho	海货
hdhe	海河
hdhu	或多或少
hdhv	还会
hdhx	忽大忽小
hdhd	很多很多
hdhs	鹤顶红
hdhn	何德何能
hdia	还差
hdih	还长
hdij	海产
hdic	海潮
hdis	害虫
hdiu	害处
hdjy	海军
hdjk	海景
hdjl	还将
hdjn	海角
hdjr	黄道吉日
hdku	害苦
hdkj	还看
hdkz	海口
hdkl	豁达开朗
hdl	好多了
hdlc	活到老
hdle	害了
hdld	还来
hdlh	海浪
hdli	海里
hdlz	皇帝轮流坐
hdll	海量
hdlo	海螺
hdls	洪都拉斯
hdlu	海路
hdlv	海底捞针
hdly	海轮
hdlm	横刀立马
hdma	海马
hdmm	海绵
hdmw	还没
hdn	很多年
hdnm	好多年
hdng	还能
hdnj	海南
hdnn	海鸟
hdnw	海内
hdnq	很多年前
hdou	海鸥
hdpa	害怕
hdpm	幻灯片
hdqu	红灯区
hdr	很多人
hdrf	害人
hdrj	骇然
hdsr	还算
hdsc	害臊
hdsi	害死
hdtk	还挺
hdty	海豚
hdtc	海涛
hdth	海棠
hdta	海獭
hdtd	海苔
hdti	孩提
hdtj	海滩
hdts	孩童
hdui	还是
hduo	还说
hduc	还少
hduh	海上
hduv	海水
hduf	海参
hdug	还剩
hdve	海蜇
hdvs	海中
hdvj	海战
hdwd	海外
hdwy	化敌为友
hdwj	海湾
hdwh	海王
hdwl	画地为牢
hdww	还未
hdxk	还行
hdxl	还想
hdxm	海鲜
hdxn	海啸
hdxq	害羞
hdxr	海选
hdxu	还需
hdxx	海峡
hdxy	蝴蝶效应
hdxb	邯郸学步
hdxg	好大喜功
hdxh	黑灯瞎火
hdyz	还有
hdya	海牙
hdyc	还要
hdyk	还应
hdyh	海洋
hdyi	骇异
hdyj	海燕
hdyr	还远
hdys	还用
hdyu	海域
hdyy	海运
hdzc	还早
hdzd	还在
hdzh	海葬
hdzi	孩子
hdzw	厚德载物
hdzb	话到嘴边
hdux	华东师范大学
heai	和蔼
hean	河岸
hebb	哈尔滨
hebc	荷包
hebf	惠而不费
hebi	何必
hebj	合办
hebk	合并
hebl	含而不露
hebm	河边
hebq	怙恶不悛
hebt	和而不同
hebu	何不
hebw	河北
hebh	河蚌
hecd	喝彩
hecg	何曾
heci	贺词
hedc	河道
hedr	河段
hedd	花儿朵朵
hedg	何等
hedi	何地
hedj	核弹
hedk	核定
hedm	喝点
hedv	核对
hefa	合法
hefg	和风
hefh	何方
hefj	盒饭
heff	河粉
hefu	和服
hefw	合肥
hege	合格
hegu	何故
hegv	合规
hegc	喝高
hegz	河沟
hehc	和好
hehd	皇恩浩荡
hehe	呵呵
heho	合伙
hehr	和缓
hehu	呵护
hehx	荷花
heia	喝茶
heig	合成
heih	合唱
heii	呵斥
heil	河床
heir	河川
heiu	何处
heiz	何愁
hej	华尔街
hejb	合金
heji	合计
hejp	和解
hejq	喝酒
heju	和局
hejm	核检
hejx	阖家
hejk	河景
heka	贺卡
hekl	何况
heku	何苦
hekz	河口
held	何来
heli	合理
helj	荷兰
helk	喝令
helq	河流
hels	合拢
hema	河马
hemn	禾苗
hemu	和睦
hemw	和美
hemz	合谋
hemg	荷尔蒙
henj	河南
heng	核能
henr	和暖
henw	河内
hepd	合拍
hepi	核批
hepj	河畔
hepk	和平
heqb	和亲
heqi	和气
heqq	何求
heqy	合群
heqm	呵欠
herf	何人
heri	何日
herj	赫然
heru	何如
hese	褐色
hesr	核算
hesv	贺岁
hetc	核桃
heth	喝汤
heti	合体
hetj	何谈
hets	合同
hety	河豚
heuf	合身
heug	和声
heuh	和尚
heui	合适
heua	喝啥
heuj	和善
heuv	喝水
heuy	和顺
heul	黑恶势力
hevc	合照
hevu	合住
hevh	合掌
heve	合着
hevi	何止
hevl	盒装
hevs	何种
hevy	核准
heva	合闸
hevj	核战
hewf	喝问
hewj	喝完
hewu	何物
heww	何谓
hewy	合二为一
hexp	和谐
hexb	核心
hexi	河西
hexj	赫尔辛基
hexk	鹤形
hexm	和弦
hexn	核销
hexu	何须
heye	荷叶
heyi	何以
heyj	合眼
heyk	合影
heys	何用
heyc	喝药
heyt	合约
hezi	盒子
hez	华尔兹
hezd	何在
heze	菏泽
hezh	合葬
hezo	合作
hezu	合租
hezv	喝醉
hezz	合奏
hebx	哈尔滨工业大学
hfai	很爱
hfan	很暗
hfbc	很薄
hfbd	很白
hfbf	很笨
hfbh	很棒
hfbj	豪放不羁
hfbu	很不
hfcj	很惨
hfcu	很粗
hfcd	很菜
hfcg	寒风刺骨
hfdo	很多
hfda	很大
hfdi	很低
hfdj	很淡
hfdr	很短
hfds	很懂
hfdu	狠毒
hfdv	很对
hffj	很烦
hfgc	很高
hfgl	很广
hfgv	很贵
hfgk	很怪
hfhc	很好
hfhf	狠狠
hfhk	很坏
hfho	很火
hfhv	很会
hfhw	很黑
hfhx	狠话
hfhy	呼风唤雨
hfhz	很厚
hfhd	很嗨
hfih	很长
hfia	很差
hfif	很沉
hfic	很吵
hfii	很迟
hfiz	很丑
hfis	很冲
hfjq	很久
hfjb	很近
hfjx	很假
hfji	痕迹
hfjp	鹤发鸡皮
hfkk	很快
hfka	很卡
hfkr	很宽
hfku	很酷
hfky	很困
hfle	恢复了
hfla	狠辣
hflc	很老
hflg	很冷
hflj	很烂
hflr	很乱
hflw	很累
hfll	很亮
hfli	狠厉
hfmh	很忙
hfmg	很猛
hfmj	很慢
hfmk	狠命
hfmn	很妙
hfmw	很美
hfnj	很难
hfng	很能
hfns	很浓
hfnq	很牛
hfpa	很怕
hfph	很胖
hfpm	很偏
hfps	魂飞魄散
hfql	很强
hfqm	很浅
hfqn	很巧
hfqr	很全
hfqt	洪福齐天
hfre	很热
hfrr	很软
hfrf	狠人
hfro	很弱
hfsr	很酸
hfsi	恨死
hfss	很松
hfsz	鹤发松姿
hfts	很痛
hfth	很烫
hftm	很甜
hftw	魂飞天外
hfty	鹤发童颜
hftz	恨透
hfuc	很少
hfua	很傻
hfuz	很瘦
hfuf	很深
hfui	很是
hfuk	很帅
hful	很爽
hfuu	很熟
hfvs	很重
hfvc	狠招
hfvd	很窄
hfvr	后发制人
hfvx	狠抓
hfwj	很晚
hfws	毫发无损
hfwu	毫发无伤
hfwz	虎父无犬子
hfwq	化腐为奇
hfxb	狠心
hfxl	很想
hfxi	很细
hfxm	很咸
hfxn	很小
hfxs	很凶
hfxv	后发先至
hfxy	和风细雨
hfxq	化腐朽为神奇
hfyj	很严
hfyk	很硬
hfyi	恨意
hfym	灰飞烟灭
hfyr	很远
hfyu	环肥燕瘦
hfyz	很有
hfyv	话锋一转
hfzc	很早
hfzh	很脏
hfdx	哈佛大学
hfyh	汇丰银行
hgbm	横匾
hgbj	厚古薄今
hgbx	后果不堪设想
hgcd	横财
hgdo	花骨朵
hgdu	横渡
hgdr	横断
hgdk	恒定
hgds	哈根达斯
hgfu	横幅
hgfv	回光返照
hggr	横贯
hggb	化干戈为玉帛
hggf	横亘
hggh	横杠
hggj	横杆
hghx	回个话
hghg	哼哼
hgho	横祸
hgha	哼哈
hght	换个话题
hghd	忽高忽低
hgif	横陈
hgih	哼唱
hgir	横穿
hgji	哼唧
hgjq	恒久
hgjj	宏观经济
hgkx	横跨
hgks	横空
hgle	花光了
hglv	合格率
hgll	衡量
hglp	横列
hgld	黑咕隆咚
hglf	华冠丽服
hgmj	横蛮
hgmm	红光满面
hgmw	横眉
hgpj	横盘
hgpk	横屏
hgpi	横批
hgpd	横排
hgqu	昏过去
hgqp	横切
hgql	缓过气来
hgnl	灰姑娘
hgr	回锅肉
hgrz	横肉
hgsc	横扫
hgsi	横死
hgtz	回过头
hgtl	回过头来
hgtn	横条
hgtq	回过头去
hgtk	宏观调控
hgti	和光同尘
hgu	花果山
hguf	回过神
hguu	横竖
hgug	恒生
hguj	怀古伤今
hgus	湖光山色
hgul	回过神来
hgvg	合格证
hgve	横着
hgvy	后顾之忧
hgwf	恒温
hgwo	横卧
hgwy	好高骛远
hgxb	恒心
hgxk	恒星
hgxl	横向
hgxm	横线
hgxi	花鼓戏
hgxy	欢歌笑语
hgxq	很感兴趣
hgyh	衡阳
hgyi	横溢
hgyq	缓过一口气
hgym	祸国殃民
hgyu	好钢用在刀刃上
hgyt	横越
hgzd	横在
hgzc	横遭
hgzf	后果自负
hgzx	悔过自新
hgzi	好果子吃
hhb	还好吧
hhba	惶惶不安
hhbb	好话不说二遍
hhbf	好坏不分
hhbj	航班
hhbq	含糊不清
hhbv	呵护备至
hhby	好汉不提当年勇
hhbk	好汉不吃眼前亏
hhbn	航标
hhbr	惶惶不可终日
hhbu	还好不是
hhcc	花花草草
hhcd	黄花菜
hhcl	黄花菜都凉了
hhci	行次
hhdc	航道
hhdr	航段
hhdu	呼呼大睡
hhdd	浩浩荡荡
hhdh	行当
hhdx	哈哈大笑
hhdn	黄花大闺女
hhee	浑浑噩噩
hhej	哼哈二将
hhex	缓缓而行
hhfg	何海峰
hhgv	行规
hhgc	行高
hhgn	黄花闺女
hhgz	花花公子
hhha	哈哈哈
hhhu	黑乎乎
hhhd	航海
hhhc	行号
hhhg	画虎画皮难画骨
hhhh	恍恍惚惚
hhho	行货
hhhs	好合好散
hhht	呼和浩特
hhhx	行话
hhhl	互惠互利
hhig	航程
hhii	昏昏沉沉
hhiz	花花肠子
hhif	宦海沉浮
hhiy	行行出状元
hhjn	黑胡椒
hhjx	行家
hhjm	行间
hhju	行距
hhjj	哼哼唧唧
hhjv	鸿鹄将至
hhjr	花花轿子人抬人
hhks	航空
hhlp	行列
hhlu	航路
hhlj	合乎逻辑
hhll	轰轰烈烈
hhmj	后悔莫及
hhmu	航母
hhnw	行内
hhnz	换换脑子
hhpd	航拍
hhpm	挥毫泼墨
hhqk	行情
hhqr	航权
hhqc	含糊其辞
hhqq	和和气气
hhqy	欢呼雀跃
hhrf	合伙人
hhry	挥汗如雨
hhri	和好如初
hhsu	航速
hhsl	后悔死了
hhsj	火花四溅
hhsm	挥毫洒墨
hhtm	航天
hhts	花花太岁
hhuo	好好说
hhuz	挥挥手
hhuh	好好说话
hhuu	行数
hhui	夯实
hhuj	花花世界
hhuw	虎虎生威
hhvg	赫赫之功
hhvl	黄河之水天上来
hhvu	悔恨终生
hhvh	行长
hhvj	航站
hhvv	慌慌张张
hhvz	杭州
hhwd	挥霍无度
hhwm	赫赫威名
hhwq	后患无穷
hhwu	行伍
hhwc	何患无辞
hhxk	航行
hhxl	航向
hhxm	航线
hhxx	好好学习
hhxu	好好学习，天天向上
hhyc	后悔药
hhyk	挥霍一空
hhyx	挥挥衣袖
hhye	行业
hhym	赫赫有名
hhyq	后会有期
hhyu	昏昏欲睡
hhyy	航运
hhyn	祸害遗千年
hhys	混合泳
hhyf	黄鹤一去不复返
hhzi	好孩子
hhzx	怀恨在心
hibu	何尝不是
hicy	何出此言
hide	好吃的
hids	混吃等死
hidq	回肠荡气
hifw	好处费
hifq	挥斥方遒
hihe	护城河
hihd	或长或短
hihh	好吃好喝
hihi	呼哧呼哧
hihv	憨吃哈胀
hihz	红橙黄绿青蓝紫
hiif	昏沉沉
hijm	回车键
hijv	回肠九转
hikd	寒窗苦读
hill	酣畅淋漓
hilz	好吃懒做
himu	回春妙手
himx	怀揣梦想
hiqu	豁出去
hiql	豁出去了
hiqq	寒蝉凄切
hirj	汗出如浆
hisu	红尘俗世
hitr	合唱团
hiui	候车室
hiuj	好长时间
hivj	火车站
hivv	横冲直撞
hivi	横冲直闯
hiwt	很成问题
hiwv	红尘万丈
hixw	合成纤维
hiyd	还差一点
hizx	回嗔作喜
hjak	阖家安康
hjbm	好几遍
hjbc	汉堡
hjbf	厚积薄发
hjbi	好景不长
hjbk	寒冰
hjbj	好久不见
hjbu	慧极必伤
hjci	好几次
hjdd	寒带
hjdi	旱地
hjdj	邯郸
hjdc	喊道
hjdm	汉典
hjds	寒冬
hjda	喊打
hjff	胡椒粉
hjfg	寒风
hjfu	汉服
hjfr	后继乏人
hjfl	后继乏力
hjgf	后脚跟
hjgc	函告
hjgd	涵盖
hjgl	寒光
hjgo	韩国
hjgz	函购
hjgu	横加干涉
hjgv	活见鬼
hjhv	好几回
hjhy	含混
hjho	憨货
hjhu	含糊
hjhl	火急火燎
hjhw	狐假虎威
hjhx	汉化
hjhz	憨厚
hjhj	憨憨
hjhq	很久很久以前
hjhs	好聚好散
hjhr	好酒好肉
hjhc	好酒好菜
hjic	寒潮
hjid	化茧成蝶
hjif	寒碜
hjih	酣畅
hjij	寒蝉
hjil	寒窗
hjiu	喊出
hjiz	汗臭
hjji	旱季
hjjm	罕见
hjjn	喊叫
hjjp	焊接
hjju	韩剧
hjjb	寒噤
hjjx	寒假
hjjl	汉江
hjjy	讳疾忌医
hjku	寒苦
hjkz	汉口
hjlb	翰林
hjlg	寒冷
hjlu	寒露
hjlc	旱涝
hjll	含量
hjle	好极了
hjlp	虎踞龙盘
hjlq	寒流
hjlw	含泪
hjlx	花街柳巷
hjmw	寒梅
hjmc	汗毛
hjmf	寒门
hjma	悍马
hjmi	胡搅蛮缠
hjnm	好几年
hjqi	寒气
hjqk	汗青
hjql	焊枪
hjrf	汉人
hjrj	悍然
hjre	寒热
hjrt	挥金如土
hjsr	寒酸
hjsv	好几岁
hjtm	好几天
hjth	汉唐
hjta	旱獭
hjtd	憨态
hjtn	焊条
hjty	海角天涯
hjtb	好酒贪杯
hjua	喊啥
hjue	寒舍
hjug	喊声
hjui	寒湿
hjul	寒霜
hjuj	汗衫
hjuu	函数
hjuv	汗水
hjuz	函授
hjud	黄金时代
hjve	含着
hjvi	憨直
hjvj	寒战
hjvn	花甲之年
hjvs	汉中
hjvu	汗珠
hjvz	横加指责
hjww	捍卫
hjwf	韩文
hjwr	后继无人
hjwl	后继无力
hjwg	祸及无辜
hjwy	怀瑾握瑜
hjxb	寒心
hjxk	喊醒
hjxm	汗腺
hjxp	寒邪
hjxi	焊锡
hjxf	阖家幸福
hjxn	憨笑
hjxr	寒暄
hjxt	汉学
hjxu	含蓄
hjye	汗液
hjyh	涵养
hjyi	含义
hjyj	汗颜
hjyr	喊冤
hjyu	汉语
hjys	悍勇
hjyz	含有
hjyt	欢聚一堂
hjyl	荒郊野岭
hjyw	荒郊野外
hjyq	很久以前
hjyy	行家一出手，就知有没有
hjzd	旱灾
hjzi	汉字
hjzu	汉族
hkbf	户口本
hkbu	户口簿
hkba	惶恐不安
hkbc	怀抱
hkbn	怀表
hkbw	淮北
hkby	红口白牙
hkde	坏的
hkdn	坏掉
hkdj	坏蛋
hkdi	会哭的孩子有奶吃
hkfg	花开富贵
hkfi	混口饭吃
hkgu	怀古
hkhx	坏话
hkhd	淮海
hkhe	淮河
hkhf	怀恨
hkhk	坏坏
hkhl	花开花落
hkik	怀揣
hkiu	坏处
hkiy	怀春
hkif	横看成岭侧成峰
hkji	黑科技
hkju	航空局
hkjq	怀旧
hkkv	花开堪折直须折
hkle	坏了
hkli	怀里
hklm	怀恋
hklv	花开两朵，各表一枝
hkmj	航空母舰
hknm	怀念
hknu	很可能是
hkpy	海阔凭鱼跃
hkrf	坏人
hkrz	怀柔
hksi	坏死
hksj	花开四季
hktd	怀胎
hktk	海阔天空
hktu	虎口逃生
hktx	虎口脱险
hkui	坏事
hkul	海枯石烂
hkuu	槐树
hkuh	怀上
hkvs	怀中
hkve	怀着
hkvh	坏账
hkwn	昏聩无能
hkxn	坏笑
hkxb	坏心
hkxe	黄口小儿
hkxl	怀想
hky	还可以
hkyi	怀疑
hkyu	虎口余生
hkyy	怀孕
hkyz	怀有
hlbc	谎报
hlbh	皇榜
hlbj	忽略不计
hlbo	胡萝卜
hlbu	旱涝保收
hlbw	何乐不为
hlbk	混乱不堪
hlbq	很了不起
hlbe	呼伦贝尔
hlcc	荒草
hlcy	荒村
hldc	荒岛
hldv	黄队
hldg	红绿灯
hldy	惠灵顿
hldm	火力点
hldh	晃荡
hldi	皇帝
hldj	荒诞
hlds	晃动
hldz	黄豆
hlen	皇恩
hlew	何乐而不为
hlfw	荒废
hlfu	皇甫
hlfg	黄蜂
hlgo	火龙果
hlgx	黄瓜
hlgl	黄光
hlgr	皇冠
hlgs	皇宫
hlgy	互利共赢
hlhe	黄河
hlhd	黄海
hlhl	晃晃
hlho	惶惑
hlhq	换来换去
hlhr	忽冷忽热
hlht	糊里糊涂
hlhh	互利互惠
hlhu	恍惚
hlhv	慌里慌张
hlhw	话里话外
hlhx	谎话
hlhy	黄昏
hlhz	皇后
hlic	皇朝
hlig	皇城
hlis	蝗虫
hlia	黄茶
hlit	好了疮疤忘了痛
hliu	皇储
hljb	黄金
hlji	惶急
hljk	狐狸精
hljl	黑龙江
hljn	荒郊
hljq	黄酒
hlju	后来居上
hljx	皇家
hlk	海陆空
hlks	惶恐
hlku	喝了口水
hll	回来了
hlla	火辣辣
hllq	灰溜溜
hlls	黄龙
hllp	胡咧咧
hlle	黄了
hlli	黄鹂
hllj	获利了结
hlll	荒凉
hllm	黄连
hllr	慌乱
hlly	遑论
hllk	皇陵
hlmg	红楼梦
hlmc	黄毛
hlmh	慌忙
hlmm	黄粱美梦
hlmo	荒漠
hlmq	荒谬
hlmw	黄梅
hlnn	火烈鸟
hlnm	荒年
hlnq	黄牛
hlpo	黄脸婆
hlpd	黄牌
hlpi	荒僻
hlpu	黄埔
hlpc	黄袍
hlpy	虎落平阳
hlpq	虎落平阳被犬欺
hlqb	皇亲
hlqq	荒丘
hlqr	黄泉
hlqt	黄雀
hlqi	黄芪
hlqk	火力全开
hlrj	恍然
hlru	恍如
hlro	恍若
hlse	黄色
hlsu	活力四射
hlt	昏了头
hlth	荒唐
hltc	黄桃
hltl	后浪推前浪
hltm	皇天
hlts	黄铜
hltu	黄土
hltz	囫囵吞枣
hlua	黄沙
hluf	慌神
hluh	皇上
hlui	皇室
hluj	黄山
hluv	花露水
hluw	寒来暑往
hlut	好了伤疤忘了疼
hlvh	慌张
hlvi	荒置
hlvs	黄种
hlvu	虎狼之师
hlw	好莱坞
hlwh	互联网
hlwu	荒芜
hlww	皇位
hlwv	化零为整
hlxm	黄线
hlxk	合理性
hlyb	荒淫
hlye	荒野
hlyh	话里有话
hlyj	谎言
hlyk	黄莺
hlym	黄粱一梦
hlyr	荒原
hlyv	坏了一锅粥
hlyz	晃悠
hlz	哈喇子
hlzi	幌子
hlzu	皇族
hlzz	回炉再造
hlzh	洪涝灾害
hmbk	坏毛病
hmbt	好马不回头
hmbc	好马不吃回头草
hmbx	昏迷不醒
hmce	花名册
hmdj	黑名单
hmfj	很麻烦
hmgx	哈密瓜
hmgl	汗马功劳
hmha	忽明忽暗
hmhm	好嘛好嘛
hmji	黄焖鸡
hmjl	荒谬绝伦
hmjg	鹤鸣九皋
hmly	横眉冷眼
hmlm	横眉立目
hmlv	横眉冷对千夫指
hmmg	灰蒙蒙
hmnm	横眉怒目
hmny	好梦难圆
hmpa	好马配好鞍
hmql	回马枪
hmru	讳莫如深
hmsu	红霉素
hmsh	侯门似海
hmsv	火冒三丈
hmuy	横眉竖眼
hmud	好谋善断
hmwl	横蛮无理
hmwy	浩渺无垠
hmxm	很明显
hmxi	黄梅戏
hmxk	毁灭性
hmyj	鸿门宴
hmyt	黄毛丫头
hmyx	回眸一笑
hmyu	回眸一笑百媚生
hnbi	海纳百川
hnbd	好男不与女斗
hncj	海内存知己
hndc	海南岛
hnfq	患难夫妻
hnhy	何年何月
hnhn	糊弄糊弄
hnid	汗牛充栋
hnjx	回娘家
hnjq	患难见真情
hnle	活腻了
hnln	红男绿女
hnlj	很难理解
hnll	火奴鲁鲁
hnmy	猴年马月
hntu	混凝土
hnu	海南省
hnug	湖南省
hnuc	后脑勺
hnvy	还能这样
hnvj	患难之交
hnwd	海内外
hnxx	很难想象
hnyg	患难与共
hnyi	花鸟鱼虫
hnzu	哈尼族
hnzy	还能怎样
hnux	华南师范大学
hoba	火把
hobc	火爆
hobi	货币
hobj	伙伴
hobk	火并
hoch	货仓
hoda	豁达
hodc	活到
hode	获得
hods	活动
hodv	火堆
hodj	货单
hofj	活泛
hofh	伙房
hofo	活佛
hofu	祸福
hogd	活该
hogf	祸根
hogl	火光
hogo	火锅
hogr	火罐
hogv	货柜
hogs	火攻
hohd	祸害
hoho	活活
hohr	祸患
hohs	火红
hohu	火狐
hohx	火花
hohz	火候
hoid	火柴
hoie	火车
hoih	火场
hoir	货船
hoiu	豁出
hoji	伙计
hojk	火警
hojl	获奖
hojm	火箭
hojp	活结
hojq	获救
hoju	火炬
hojx	货架
hokg	火坑
hokr	货款
hokz	活口
hokc	火烤
hokh	火炕
hoks	火控
hola	火辣
hole	活了
holi	活力
holo	活络
holr	霍乱
hols	火龙
holu	活路
holy	货轮
homd	活埋
homk	活命
homm	豁免
homn	火苗
honn	火鸟
hopb	货品
hopc	火炮
hopf	火盆
hopi	获批
hopo	活泼
hoqu	获取
hoqi	火气
hoql	火枪
hoqq	火球
hore	火热
horf	活人
horj	豁然
hosu	火速
hosd	活塞
hose	货色
hosy	货损
hotv	火腿
hoti	货梯
hotj	货摊
hoto	活脱
hotd	祸胎
hots	伙同
hotz	火头
hotr	火团
houc	火烧
houe	火舌
houg	获胜
houi	伙食
houj	火山
houv	祸水
houz	祸首
hove	或者
hovi	获知
hovo	活捉
hovs	火种
hovu	货主
hovy	获准
howu	货物
howh	火旺
hoxu	或许
hoxi	获悉
hoxk	火星
hoxl	藿香
hoxm	火线
hoxr	获选
hoxt	活血
hoyc	火药
hoye	活页
hoyh	货样
hoyi	获益
hoyj	火焰
hoyr	货源
hoyt	活跃
hoyy	货运
hoyz	或有
hozd	火灾
hoze	或则
hozg	获赠
hozh	火葬
hozi	活字
hozv	活罪
hpge	和平鸽
hpgy	狐朋狗友
hpgd	狐朋狗党
hpgi	和平共处
hpgz	和平共处五项原则
hphy	呼朋唤友
hphp	嗨皮嗨皮
hpjl	黄浦江
hpju	黄袍加身
hpjv	鸿篇巨制
hpjx	黄埔军校
hpll	很漂亮
hplc	胡拼乱凑
hpmm	海平面
hpnd	和平年代
hppu	红扑扑
hpti	和盘托出
hpuv	横平竖直
hpvy	和平主义
hpyz	好朋友
hpyb	呼朋引伴
hqbq	好巧不巧
hqbr	寒气逼人
hqdo	何其多
hqdy	何其毒也
hqgk	很奇怪
hqgq	皇亲国戚
hqgy	豪气干云
hqhl	合情合理
hqhv	或轻或重
hqhf	或起或伏
hqhy	河清海晏
hqhm	好奇害死猫
hqhc	何去何从
hqiu	很清楚
hqic	浩气长存
hqjx	划清界限
hqle	回去了
hqlt	呵欠连天
hqlw	红墙绿瓦
hqmm	含情脉脉
hqmh	豪情满怀
hqmx	魂牵梦系
hqmr	魂牵梦绕
hqmy	魂牵梦萦
hqmu	花钱买罪受
hqqi	黑漆漆
hqqu	黑黢黢
hqru	花钱如流水
hqtk	核潜艇
hquj	换气扇
hquc	和气生财
hqub	横七竖八
hqud	荷枪实弹
hqvx	后起之秀
hqvm	害群之马
hqvv	豪情壮志
hqwv	豪情万丈
hqxb	好奇心
hqxq	祸起萧墙
hqxr	寒气袭人
hqxt	花拳绣腿
hqyx	花前月下
hqyv	虎躯一震
hqzu	回去再说
hqzh	黄雀在后
hqzb	荒腔走板
hqyh	花旗银行
hrbc	环保
hrbi	环比
hrbf	还本
hrbj	诲人不倦
hrbk	患病
hrbq	害人不浅
hrbu	缓步
hrbv	浑然不知
hrbm	好人不长命
hrbs	活人不能让尿憋死
hrcy	缓存
hrdc	环岛
hrdd	还贷
hrdh	换挡
hrdn	换掉
hrdu	欢度
hrdg	幻灯
hrds	缓动
hrdw	恍然大悟
hrfa	焕发
hrfu	换肤
hrfh	换防
hrge	换个
hrgw	还给
hrgh	换岗
hrgo	缓过
hrgz	换购
hrgr	宦官
hrgy	花入各眼
hrgs	恨入骨髓
hrgt	豁然贯通
hrgu	环顾
hrhe	缓和
hrhh	换行
hrho	换货
hrhc	换号
hrhj	害人害己
hrhr	缓缓
hrhu	欢呼
hrhv	换回
hrhx	幻化
hrhd	环海
hrhy	还魂
hrie	换车
hrig	换成
hrih	欢畅
hris	缓冲
hrji	还击
hrjk	环境
hrjp	环节
hrjt	幻觉
hrju	欢聚
hrjx	还价
hrkk	欢快
hrkl	豁然开朗
hrkr	还款
hrkz	还口
hrld	换来
hrle	欢乐
hrli	还礼
hrlq	环流
hrlu	环路
hrmj	缓慢
hrmp	幻灭
hrmb	好人没好报
hrnj	患难
hrnz	好人难做
hrpo	缓坡
hrqi	换气
hrqk	欢庆
hrqm	还钱
hrqq	环球
hrqu	换取
hrrc	环绕
hrrf	换人
hrrj	焕然
hrru	恍然若失
hrrm	恍然如梦
hrsr	换算
hrsj	涣散
hrss	欢送
hrsu	还俗
hrtg	欢腾
hrti	浑然天成
hrtn	欢跳
hrtw	骇人听闻
hruh	换上
hrui	环视
hruj	环山
hruu	幻术
hruz	还手
hruv	换水
hrus	花容失色
hrvd	还债
hrve	患者
hrvh	还账
hrvl	环状
hrvq	浩然正气
hrvj	害人终害己
hrvy	害人之心不可有
hrvw	害人之心不可有，防人之心不可无
hrwv	浑然无知
hrww	换位
hrxb	欢心
hrxi	欢喜
hrxk	唤醒
hrxl	幻想
hrxm	环线
hrxn	欢笑
hrxp	换血
hrxx	换下
hrxs	浣熊
hrya	换牙
hryc	换药
hrye	换页
hryh	豢养
hryj	欢颜
hryk	欢迎
hrym	花容月貌
hryq	虎入羊群
hryr	还原
hryt	浑然一体
hryu	欢愉
hryx	焕然一新
hryz	患有
hryb	好人有好报
hrzo	换作
hrzv	还嘴
hrzu	换组
hrtk	幻听
hsbc	红包
hsbh	好死不如赖活
hsbi	红笔
hsbj	红斑
hsbm	红遍
hsbw	烘焙
hsda	宏大
hsdg	红灯
hsdm	红点
hsdi	红底
hsdv	红队
hsdj	红蛋
hsds	轰动
hsdz	红豆
hseg	横扫而过
hsff	红粉
hsfg	洪峰
hsfu	洪福
hsgj	烘干
hsgl	红光
hsgr	宏观
hsgz	鸿沟
hsgn	黑塞哥维那
hshc	还算好
hshl	洪荒
hsho	红火
hshs	红红
hshu	洪湖
hshx	红花
hsia	红茶
hsif	红尘
hsiz	红筹
hsiu	轰出
hsiy	红唇
hsir	哄传
hsjq	红酒
hsji	轰击
hsjn	红椒
hsjy	红军
hsjt	横死街头
hskc	烘烤
hske	哈萨克
hskz	哈萨克族
hskt	哈萨克斯坦
hslc	洪涝
hsle	红了
hsli	红利
hsll	洪亮
hslm	红脸
hslq	洪流
hsls	轰隆
hslx	胡思乱想
hsly	宏论
hslz	红楼
hslu	烘炉
hsmc	鸿毛
hsmg	鸿蒙
hsmi	红米
hsmk	轰鸣
hsmu	红木
hsmw	红梅
hsnl	红娘
hsnc	哄闹
hsnd	晦涩难懂
hspm	哄骗
hspd	红牌
hspj	红盘
hspi	红皮
hsqi	红旗
hsqy	红裙
hsqj	横扫千军
hsql	哄抢
hsrf	红人
hsri	红日
hsrj	轰然
hsru	鸿儒
hsry	红润
hsrc	话虽如此
hsrg	活死人肉白骨
hsse	红色
hsth	红糖
hstc	红桃
hstd	哄抬
hsto	烘托
hstu	宏图
hstj	红毯
hsuv	洪水
hsuc	红烧
hsuf	红参
hsuu	红薯
hsua	轰杀
hsux	活色生香
hsva	轰炸
hsve	哄着
hsvl	红妆
hsvs	红肿
hsvf	红疹
hsvu	红烛
hsvz	红轴
hsvt	好色之徒
hsvi	互诉衷肠
hsww	宏伟
hswd	红外
hsxb	红心
hsxk	红杏
hsxq	红袖
hsxm	红线
hsxn	哄笑
hsxl	烘箱
hsxt	红学
hsxx	红霞
hsyz	红油
hsye	红叶
hsyi	红衣
hsyh	弘扬
hsyj	红颜
hsyy	鸿运
hszc	红枣
hszd	洪灾
hszi	红字
hszr	挥洒自如
hszj	何似在人间
htb	横挑鼻子竖挑眼
htby	换汤不换药
htbg	恨铁不成钢
htbt	红透半边天
htbr	皇天不负有心人
htcc	回头草
htdx	哄堂大笑
htdd	撼天动地
htdk	嚎啕大哭
htdv	宏图大志
htee	黑天鹅
htfu	回天乏术
htgu	猴头菇
htgy	黄土高原
hthz	皇太后
hthd	昏天黑地
hthn	虎头虎脑
htht	皇天后土
htis	糊涂虫
htih	火腿肠
htjm	回头见
htjc	花团锦簇
htjd	花天酒地
htjx	回趟家
htke	回头客
htkj	憨态可掬
htkk	回头看看
htlv	回头率
htlu	滑铁卢
htlb	后台老板
htqd	呼天抢地
htrf	核桃仁
htts	红彤彤
htto	活脱脱
httl	灰头土脸
htuh	火头上
htua	回头是岸
htuw	虎头蛇尾
htvh	糊涂账
htvl	回天之力
htvx	昏头转向
htvk	化痰止咳
htwj	哄抬物价
htwl	回天无力
htwu	回天无术
htxd	欢天喜地
htxl	后天下之乐而乐
htxj	滑天下之大稽
htyj	很讨厌
htyh	红太阳
htyu	糊涂一时
htyw	互通有无
htyk	回头一看
htyx	回头一笑
htys	海天一色
htzi	皇太子
htzu	回头再说
huai	互爱
hubw	湖北
hubm	湖边
hubu	互补
hubo	互搏
hubb	湖滨
hubf	虎贲
hubc	虎豹
hubd	胡说八道
hubq	寒暑不侵
hubn	昏睡百年
huby	横尸遍野
hubl	海水不可斗量
hudj	虎胆
hudm	护垫
hudp	蝴蝶
hudr	护短
huds	互动
hudu	弧度
hudv	互怼
hudi	湖底
hudy	华盛顿
hudd	虎视眈眈
huer	忽而
hufa	护法
hufh	互访
hufu	护肤
hugc	胡搞
hugd	壶盖
hugu	虎骨
huhh	护航
huhj	呼喊
huhc	户号
huhl	火烧火燎
huhq	好声好气
huhr	互换
huhd	何时何地
huhs	绘声绘色
huhv	互惠
huhx	胡话
huhy	绘声绘影
huqi	呼气
huqj	皓首穷经
huqu	何事秋风悲画扇
huie	胡扯
huii	互斥
huiu	好事成双
huil	坏事传千里
huiv	胡吹
huiz	狐臭
huj	后视镜
hujn	呼叫
huji	户籍
hujk	湖景
hujq	呼救
hujx	护驾
hujy	火上浇油
hukz	户口
hukw	后生可畏
hul	黄鼠狼
huln	黄鼠狼给鸡拜年
hula	呼啦
hulc	和事佬
huld	胡来
hulh	虎狼
huli	狐狸
hulj	护栏
hulm	互联
hulr	胡乱
hult	忽略
hulu	葫芦
huly	囫囵
hulv	换手率
hull	好事连连
hume	喝什么
humk	户名
humf	虎门
humm	火烧眉毛
humw	狐媚
humy	浑水摸鱼
humj	毁尸灭迹
hunc	胡闹
hunj	湖南
huns	糊弄
hunw	户内
hupd	互派
hupj	湖畔
hupo	湖泊
hupv	横竖撇点折
hur	很少人
hurz	红烧肉
hurf	唬人
hurh	互让
hurj	忽然
hurl	鼾声如雷
huss	护送
husy	猢狲
hutu	糊涂
hutv	护腿
hutc	胡桃
huts	胡同
hutz	画蛇添足
huuc	呼哨
huuf	护身
huuz	护手
huug	呼声
huui	忽视
huuj	忽闪
huuo	胡说
huuu	户数
huuv	湖水
huud	浑身是胆
huul	海市蜃楼
huum	海誓山盟
huux	浑身上下
huut	浑身湿透
huvc	护照
huvi	沪指
huve	护着
huvs	湖中
huvl	还手之力
huvy	颔首致意
huvj	横生枝节
huvt	好事之徒
huvu	护住
huvz	湖州
huwd	户外
huwf	忽闻
huwu	回首往事
huww	护卫
huwq	化身万千
huwl	浑身无力
huxb	互信
huxi	呼吸
huxk	户型
huxl	互相
huxm	弧线
huxn	呼啸
huxt	虎穴
huxu	胡须
huxy	欢声笑语
huya	虎牙
huyi	狐疑
huyj	护眼
huyk	呼应
huyu	呼吁
huyz	忽悠
huyr	很少有人
huyh	火树银花
huyl	荒山野岭
huyy	虎视鹰扬
huz	红十字
huzv	活受罪
huzi	胡子
huzj	坏事做尽
hvan	灰暗
hvbc	汇报
hvbf	回本
hvbo	回拨
hvbd	灰白
hvbh	毁谤
hvbi	回避
hvbj	悔之不及
hvbk	回禀
hvbz	黑纸白字
hvbl	横征暴敛
hvbm	汇编
hvbn	徽标
hvbq	挥之不去
hvcj	会餐
hvcd	回踩
hvcv	荟萃
hvda	回答
hvdc	回到
hvdh	回荡
hvdj	回单
hvdm	回电
hvdn	毁掉
hvds	挥动
hvdu	会读
hvdv	汇兑
hvdl	黄钟大吕
hvfa	挥发
hvfg	汇丰
hvfh	回放
hvfj	回返
hvfu	恢复
hvfw	会费
hvgd	悔改
hvgo	回国
hvgr	会馆
hvgu	回顾
hvgv	回归
hvgz	回购
hvgy	回滚
hvgj	和衷共济
hvhc	挥毫
hvhe	回合
hvhf	悔恨
hvhh	回航
hvhk	毁坏
hvhj	后知后觉
hvhl	辉煌
hvho	挥霍
hvhs	恢弘
hvhv	回回
hvhx	回话
hvhr	回环
hvhy	回魂
hvhz	会后
hvic	回潮
hvie	回车
hvif	灰尘
hvig	回程
hvir	回传
hvih	会场
hvii	挥斥
hvis	蛔虫
hviy	回春
hviz	回抽
hvjb	灰烬
hvji	汇集
hvjk	回敬
hvjm	会见
hvjn	汇缴
hvjl	呼之即来
hvjq	挥之即去
hvjt	回绝
hvju	汇聚
hvjx	回家
hvkc	会考
hvke	会客
hvkj	回看
hvkr	汇款
hvkv	回馈
hvkz	回扣
hvld	回来
hvle	毁了
hvlh	回廊
hvli	花枝乱颤
hvlo	回落
hvlq	回流
hvls	回笼
hvlu	贿赂
hvlv	汇率
hvlp	厚着脸皮
hvlx	蕙质兰心
hvlw	挥泪
hvmb	惠民
hvmm	会面
hvmp	毁灭
hvmz	回眸
hvmf	回门
hvnr	回暖
hvp	化妆品
hvpb	回聘
hvpn	汇票
hvpu	惠普
hvqu	回去
hvqi	晦气
hvqk	回请
hvql	火中取栗
hvqm	会签
hvqr	挥拳
hvru	汇入
hvrs	毁容
hvrg	恨之入骨
hvsa	挥洒
hvse	灰色
hvso	会所
hvsr	汇算
hvsu	回溯
hvsy	毁损
hvss	回送
hvsg	红装素裹
hvtz	回头
hvtv	回退
hvth	回趟
hvtj	会谈
hvtm	回天
hvtn	回调
hvtp	回帖
hvts	会同
hvtu	绘图
hvuo	会说
hvuf	会审
hvug	回升
hvuh	会商
hvui	回事
hvuj	回删
hvuz	回收
hvue	会社
hvvf	会诊
hvvh	会长
hvvi	回执
hvvj	会展
hvvr	回转
hvvv	花枝招展
hvvz	惠州
hvvx	会展中心
hvwf	回稳
hvwh	回望
hvwl	化整为零
hvwu	挥舞
hvww	回味
hvwj	会玩
hvwy	悔之晚矣
hvxb	灰心
hvxk	彗星
hvxl	回想
hvxt	回血
hvxm	灰线
hvxp	诙谐
hvxr	回旋
hvxs	灰熊
hvxx	麾下
hvyb	回音
hvyi	会议
hvyj	慧眼
hvyk	回应
hvyr	会员
hvys	会用
hvyu	毁于
hvyt	毁约
hvyh	话中有话
hvyx	好整以暇
hvyz	会有
hvyc	何至于此
hvzs	汇总
hvzg	回赠
hvzi	汗珠子
hvzu	回族
hvzv	回嘴
hwan	黑暗
hwbd	黑白
hwbm	黑边
hwbh	黑帮
hwbj	黑板
hwbl	毫无保留
hwbf	毫无办法
hwdm	黑点
hwds	黑洞
hwdc	黑道
hwdi	黑底
hwdz	黑豆
hwev	毫无二致
hwff	黑粉
hwfa	黑发
hwg	和为贵
hwgo	黑锅
hwgv	黑鬼
hwgs	黑工
hwgx	毫无关系
hwgj	毫无顾忌
hwhw	嘿嘿
hwhu	黑户
hwhx	黑化
hwhd	黑海
hwhv	黑灰
hwhr	海外华人
hwhj	化为灰烬
hwie	黑车
hwia	黑茶
hwij	毫无察觉
hwjn	好望角
hwjb	黑金
hwjv	毫无节制
hwjj	互为犄角
hwjg	淮王鸡狗
hwkl	黑框
hwka	黑卡
hwke	黑客
hwl	好无聊
hwle	黑了
hwll	黑亮
hwlm	黑脸
hwln	黑料
hwlv	后无来者
hwly	毫无理由
hwlt	宏伟蓝图
hwma	黑马
hwmi	黑米
hwmc	黑猫
hwmu	黑幕
hwmw	黑莓
hwmb	宏伟目标
hwna	哈瓦那
hwni	黑泥
hwnu	黑奴
hwpk	黑屏
hwpi	黑皮
hwpc	黑袍
hwq	核武器
hwqk	婚外情
hwqi	黑旗
hwqy	黑裙
hwql	黑枪
hwqm	黑钱
hwrf	黑人
hwru	好为人师
hwry	荒无人烟
hwrg	含污忍垢
hwse	黑色
hwsi	黑丝
hwsk	换位思考
hwsv	毫无所知
hwtc	黑桃
hwti	黑体
hwtj	黑炭
hwtp	黑铁
hwtz	黑头
hwth	黑糖
hwtm	黑天
hwuz	黑手
hwua	黑纱
hwuc	黑哨
hwui	黑市
hwuj	黑山
hwve	黑着
hwvi	黑痣
hwvz	黑轴
hwvs	黑种
hwvm	化外之民
hwwu	黑雾
hwwo	黑窝
hwwq	回味无穷
hwvv	毫无征兆
hwwy	化为乌有
hwx	红外线
hwxb	黑心
hwxm	黑线
hwxl	黑箱
hwxq	嘿咻
hwxs	黑熊
hwxn	毫无悬念
hwyb	画外音
hwye	黑夜
hwyg	互为因果
hwyi	黑衣
hwyj	黑烟
hwyk	黑影
hwyt	混为一谈
hwyw	毫无疑问
hwyy	毫无意义
hwyv	毫无预兆
hwyd	户外运动
hwzi	黑字
hwzy	毫无作用
hwtu	黑土
hxba	还行吧
hxbc	花苞
hxbd	花白
hxbf	喝西北风
hxbi	画笔
hxbj	花瓣
hxbk	滑冰
hxbm	花边
hxbn	华表
hxbo	划拨
hxbp	话别
hxbu	画布
hxbw	华北
hxbb	含胸拔背
hxcc	花草
hxce	画册
hxcs	花丛
hxcd	花菜
hxcu	互相残杀
hxdm	花店
hxdq	含羞带怯
hxdb	韩信点兵
hxdl	花香蝶自来
hxdf	好心当成驴肝肺
hxdg	花灯
hxdj	华诞
hxdk	划定
hxdn	花掉
hxdo	花朵
hxdp	化蝶
hxds	华东
hxer	花儿
hxel	呼啸而来
hxee	花萼
hxff	划分
hxfg	画风
hxfh	花房
hxfw	花费
hxfa	画法
hxfy	化学反应
hxgc	画稿
hxgd	滑盖
hxgl	花光
hxgo	划过
hxgr	花冠
hxgs	化工
hxgu	花鼓
hxgv	划归
hxgw	欢欣鼓舞
hxhx	画画
hxhe	化合
hxhf	划痕
hxhr	花环
hxho	花活
hxhd	花海
hxhs	花红
hxhv	花卉
hxhy	活血化瘀
hxil	候选窗
hxia	花茶
hxie	花车
hxig	化成
hxii	花痴
hxiq	红杏出墙
hxir	划船
hxiu	画出
hxji	滑稽
hxjk	化境
hxjm	花剑
hxjn	花椒
hxjp	化解
hxjl	划桨
hxjq	含笑九泉
hxjr	画卷
hxju	话剧
hxjx	画家
hxjv	核心价值
hxkd	花开
hxkj	画刊
hxkr	划款
hxkv	花魁
hxl	候选栏
hxla	哗啦
hxle	花了
hxlq	滑溜
hxlc	话唠
hxlh	画廊
hxli	华丽
hxlj	花篮
hxlm	花脸
hxln	化疗
hxlo	滑落
hxlt	好戏连台
hxlw	花蕾
hxly	滑轮
hxlb	花心萝卜
hxmi	花蜜
hxmk	花名
hxmm	画面
hxmu	花木
hxmc	花猫
hxmw	华美
hxnj	华南
hxni	滑腻
hxnf	滑嫩
hxnn	花鸟
hxns	化脓
hxny	花香鸟语
hxpk	花瓶
hxpc	花炮
hxpf	花盆
hxpi	画皮
hxpo	滑坡
hxpr	含血喷人
hxpu	花圃
hxqi	花期
hxqk	划清
hxql	回想起来
hxqm	花钱
hxqn	华侨
hxqr	花圈
hxqu	花去
hxqy	欢欣雀跃
hxrf	华人
hxrj	哗然
hxrk	含辛茹苦
hxrv	花蕊
hxry	滑润
hxsr	划算
hxsa	花洒
hxse	花色
hxsq	灰心丧气
hxsy	花香四溢
hxsj	火星四溅
hxti	话题
hxtj	花坛
hxto	华佗
hxts	话筒
hxtu	画图
hxtx	横行天下
hxtz	滑头
hxtd	滑胎
hxtw	互相推诿
hxty	和谐统一
hxtb	含胸驼背
hxuo	话说
hxua	华沙
hxuc	花哨
hxuf	化身
hxug	花生
hxuh	画上
hxuv	划水
hxui	化石
hxuj	华山
hxul	滑爽
hxuu	话术
hxuy	后下手遭殃
hxvc	花招
hxvu	花猪
hxvj	画展
hxvi	画质
hxvl	化妆
hxvr	划转
hxvh	划账
hxvs	华中
hxvy	回心转意
hxvf	回形针
hxwd	化外
hxwf	花纹
hxww	化为
hxwu	话务
hxwy	化险为夷
hxwj	横行无忌
hxxb	花心
hxxp	花谢
hxxh	好行小惠
hxxi	华西
hxxk	滑行
hxxl	花香
hxxm	划线
hxxn	花销
hxxt	化学
hxxu	花絮
hxxx	华夏
hxyh	花样
hxya	画押
hxyr	花园
hxyb	话音
hxyi	华裔
hxyj	化验
hxyq	沆瀣一气
hxyu	话语
hxyc	互相依存
hxyx	会心一笑
hxyd	好像有点
hxzd	花在
hxzi	黑匣子
hxzo	化作
hxzl	河西走廊
hxzt	好戏在后头
hxzs	华夏子孙
hxhb	混淆黑白
hxut	混淆视听
hyan	昏暗
hybj	很一般
hybm	红颜薄命
hybi	花样百出
hybq	怀冤抱屈
hyby	很有必要
hybv	很有帮助
hybu	还有不少
hycb	毁誉参半
hycd	荤菜
hycl	话音才落
hydc	昏倒
hyde	好样的
hyda	混搭
hyds	混动
hydh	好勇斗狠
hydj	混蛋
hydr	魂断
hydy	混沌
hydl	很有道理
hydk	皓月当空
hydt	鸿运当头
hyee	浑噩
hyew	和衣而卧
hyfw	会议费
hyfh	婚房
hyfq	获益匪浅
hyfx	花样翻新
hyfz	婚否
hyg	还有个
hyge	换一个
hygv	魂归
hygl	话音刚落
hygd	互有高低
hygx	很有个性
hyhr	缓一缓
hyhe	混合
hyhc	诨号
hyhl	昏黄
hyhw	昏黑
hyhx	昏花
hyhy	混混
hyhz	婚后
hyhu	红颜祸水
hyhj	忽远忽近
hyhb	花样滑冰
hyhg	行有行规
hyhd	诲淫诲盗
hyhq	海晏河清
hyif	昏沉
hyig	混成
hyie	婚车
hyil	婚床
hyiu	鸿雁传书
hyj	后一句
hyjp	婚介
hyjb	混进
hyjd	何以见得
hyji	混迹
hyjj	火眼金睛
hyjm	婚检
hyjh	含英咀华
hyjq	喊冤叫屈
hyjt	昏厥
hyjx	婚假
hyjy	昏君
hyju	活要见人死要见尸
hykv	昏聩
hykn	很有可能
hylu	回忆录
hyli	婚礼
hylm	婚恋
hylr	混乱
hylk	魂灵
hyly	胡言乱语
hyld	获益良多
hyma	还有吗
hymc	薅羊毛
hymi	昏迷
hymk	诨名
hyns	含饴弄孙
hynh	花样年华
hypo	魂魄
hypb	混拼
hypd	混排
hypw	婚配
hypy	汉语拼音
hyqr	黑眼圈
hyqq	混球
hyqi	婚期
hyqk	婚庆
hyqm	婚前
hyqu	婚娶
hyqy	花言巧语
hyqh	后院起火
hyrj	浑然
hyru	混入
hys	好意思
hysi	昏死
hysu	荤素
hysh	婚丧
hyts	混同
hytz	昏头
hyty	馄饨
hyua	婚纱
hyuf	浑身
hyui	婚事
hyul	混双
hyuv	昏睡
hyvg	后遗症
hyvi	换言之
hyve	混着
hyvl	混装
hyvh	混账
hyvj	混战
hyvo	浑浊
hyvc	话已至此
hyvy	豪言壮语
hyvz	好一阵子
hyww	火药味
hywi	厚颜无耻
hywd	荒淫无度
hywl	话音未落
hywq	花冤枉钱
hyxx	换一下
hyxp	好一些
hyxn	混淆
hyxk	荤腥
hyxl	混响
hyxr	昏眩
hyxt	混血
hyxq	好言相劝
hyya	黑压压
hyyz	黑黝黝
hyyb	婚姻
hyyd	毁于一旦
hyyl	红颜易老
hyyx	回忆一下
hyyj	婚宴
hyyr	浑圆
hyyf	花园洋房
hyys	昏庸
hyyt	婚约
hyyu	婚育
hyyy	很有意义
hyyc	黑云压城城欲摧
hyza	混杂
hyzd	混在
hyzi	旱鸭子
hzai	厚爱
hzbm	后边
hzbo	厚薄
hzbu	候补
hzbw	后背
hzbl	汉贼不两立
hzcc	后槽
hzdc	厚道
hzdr	后端
hzdd	后代
hzdu	厚度
hzdy	后盾
hzdp	后爹
hzdm	后点
hzdg	后灯
hzdz	何足道哉
hzen	厚恩
hzey	涸泽而渔
hzfh	后方
hzfw	胡作非为
hzgf	后跟
hzgi	何足挂齿
hzgo	后果
hzgd	后盖
hzgr	喉管
hzgs	后宫
hzgu	后顾
hzgy	合作共赢
hzhu	洪泽湖
hzhv	后悔
hzhr	后患
hzhx	后话
hzhz	厚厚
hzhb	合作伙伴
hzhw	或早或晚
hzhi	或早或迟
hzie	候车
hzif	后尘
hzih	后场
hziu	后厨
hziw	猴子称大王
hzjb	后劲
hzji	候机
hzjn	后脚
hzjp	喉结
hzjt	侯爵
hzld	后来
hzli	厚礼
hzls	喉咙
hzlu	后路
hzly	后轮
hzlh	合纵连横
hzma	后妈
hzmu	后母
hzmf	后门
hzmm	后面
hznm	后年
hznc	后脑
hznl	后娘
hznn	候鸟
hznt	活罪难逃
hzpa	后怕
hzpd	后排
hzqb	后勤
hzqi	后期
hzqk	后倾
hzqy	合资企业
hzrf	后人
hzri	后日
hzsi	后嗣
hztd	后台
hztm	后天
hztv	后退
hztz	后头
hztt	猴子偷桃
hzue	喉舌
hzuj	后山
hzuf	候审
hzug	后生
hzui	后世
hzuz	后手
hzve	后者
hzvi	后置
hzvs	厚重
hzvv	后缀
hzvf	候诊
hzvr	后传
hzvy	何罪之有
hzwh	厚望
hzwf	后文
hzwq	何足为奇
hzwv	好自为之
hzww	后卫
hzxi	猴戏
hzxn	后效
hzxr	候选
hzxu	后续
hzyr	后院
hzyi	后裔
hzyc	后腰
hzyh	后仰
hzyj	后延
hzyq	很早以前
hzyk	合作愉快
hzzh	厚葬
hzzi	猴子
hzzo	后座
hzyu	后语
i	出
ia	差
ij	产
ig	成
ih	长
ihk	唱
iht	场
isp	重
ish	种
ighw	程
iha	厂
ie	车
iif	持
igt	城
iu	处
ihx	常
ilr	创
iam	查
ir	传
iuu	础
igv	承
iup	初
ifh	称
igh	称
ic	超
iyf	春
iue	除
isw	充
if	陈
iab	察
idy	差
ii	吃
irp	川
irv	船
icu	朝
izz	臭
izvc	筹
iefv	扯
iei	彻
is	冲
icd	潮
ihr	偿
ihrk	倘
igim	盛
iur	储
ihoo	昌
iac	茶
iy	纯
igq	乘
irb	穿
igy	诚
ifd	沉
ilg	床
iz	抽
ihu	畅
iuw	畜
igk	呈
iud	触
ium	楚
ief	撤
il	窗
ihro	倡
ise	崇
isv	虫
iid	池
id	拆
iiz	迟
ifo	晨
idv	柴
ifw	琛
ihxs	尝
ilm	闯
iit	赤
ifk	臣
igi	惩
izs	绸
iaf	插
ifx	尘
ich	炒
iv	吹
irl	串
izy	酬
iim	驰
iiu	尺
ifi	辰
igf	撑
iho	肠
ijm	阐
ifp	衬
ivp	垂
ilj	幢
izh	愁
icj	钞
iip	斥
ihxw	敞
izv	丑
iay	叉
iui	厨
iiv	齿
icf	抄
iax	刹
iyy	醇
iiux	翅
igd	澄
icv	巢
ijs	缠
isb	宠
ijfp	掺
iio	匙
ift	趁
iib	痴
ijp	禅
irk	喘
ivj	锤
ijw	颤
iudf	雏
izr	仇
ihq	猖
ighp	秤
izt	畴
iie	耻
iyd	淳
ivh	炊
ick	吵
iuuq	矗
ihn	娼
ioi	辍
ifxv	忱
iact	茬
ikf	揣
iyi	唇
ivmf	椎
ijj	铲
ive	陲
ilb	疮
igm	橙
ifdv	沈
ivm	槌
iih	炽
icvd	剿
iji	蝉
iaua	馇
igmv	骋
ics	绰
ios	绰
izhk	稠
iumc	橱
icko	嘲
iym	椿
iuj	锄
iupo	褚
iabe	岔
ied	澈
ifm	郴
igz	逞
iir	侈
isx	憧
izo	瞅
io	戳
iig	弛
ijf	搀
ihxy	裳
ihw	玚
iayq	诧
ijd	潺
iudh	滁
igo	瞠
iyfi	蠢
izzc	踌
iuz	躇
iep	掣
iikb	叱
ihi	徜
iiw	漦
ihy	昶
igl	丞
ijik	蟾
ivf	捶
iau	碴
iju	馋
iakx	嚓
iux	怵
irm	椽
iak	喳
igoi	晟
iitd	坻
ifb	宸
ilx	怆
ian	姹
ijx	忏
ico	晁
izx	惆
igje	铛
ifyv	谌
ihnj	嫦
ius	绌
iyw	鹑
iami	杈
iuf	搐
ikz	踹
idj	钗
iik	嗤
igtw	埕
iitn	墀
iude	刍
iad	汊
ifu	碜
igot	塍
iikd	哧
irx	舛
iap	衩
ijn	婵
ijuz	孱
ifkb	嗔
iic	茌
ihco	菖
ihao	鲳
iuh	黜
iff	抻
iia	豉
iiuw	敕
iumw	杵
ikk	啜
iok	啜
idvc	豺
iafm	搽
iamg	槎
isf	舂
ifr	伧
ivmi	棰
ihm	阊
iivk	笞
iiul	饬
irj	钏
igit	蛏
iuzc	蹰
iov	龊
iizk	踟
igmt	柽
ihri	伥
ihc	苌
igj	铖
izrc	俦
idr	侪
iet	坼
izb	瘳
iua	亍
iuel	亍
irz	遄
ijy	谄
ify	谶
igyw	酲
isc	茺
iuxr	憷
iyc	莼
iaj	镲
ijyd	谗
ijb	单
ioz	踔
ieu	砗
isj	铳
iamx	檫
iin	媸
irq	氚
iigd	魑
iivj	篪
ijda	澶
ifv	龀
igp	裎
iyio	蝽
ijmz	骣
ijuy	羼
ihwp	玚
icl	耖
iipj	褫
iipr	彳
idw	虿
idb	瘥
ihxk	惝
icx	怊
iii	螭
iibx	瘛
izj	帱
iajj	锸
iaq	猹
ijju	镡
ijz	躔
ijc	蒇
ijbn	冁
ihxb	鬯
igmi	枨
igko	噌
iiox	眵
iirx	傺
ikfj	搋
iibt	痓
isxv	翀
iuwy	琡
ivk	圌
izmk	椆
iozu	逴
irke	圌
iswe	珫
iae	嵖
iar	侘
iaz	蹅
icg	弨
ieo	㬚
ifob	瞋
ifbh	疢
ifmv	棽
igw	珵
igwl	琤
igbi	宬
igwi	珹
igxy	牚
igtr	赪
igdw	澂
igxa	憕
ihas	鲿
iirk	佁
iioy	胣
iifd	摛
ije	巉
ijjd	镵
ijze	辿
ijo	旵
ijk	啴
ijdt	瀍
ilk	噇
iox	惙
iury	俶
iuie	䢺
iuvx	䝙
iufk	摴
iudr	濋
ivr	倕
ivke	圌
ixh	欻
iywo	瑃
iya	䲠
izm	杻
izrn	犨
ifsm	𬘭
ijh	𬊤
iuvr	𬺓
iyjz	𬭚
iuvk	出
igwv	成
ihtp	场
ispa	重
ihap	厂
iea	车
iifc	持
igti	城
iuwb	处
ihxj	常
ilrd	创
igvn	承
ifhx	称
ighx	称
ict	超
iyfo	春
iueh	除
ife	陈
iabx	察
iayg	差
idyg	差
iikq	吃
irpl	川
irvk	船
icuo	朝
ieid	彻
ihrs	偿
iuro	储
iacm	茶
ihko	唱
igqn	乘
ilgm	床
ihup	畅
iuwt	畜
igkw	呈
iumr	楚
ilbw	窗
isex	崇
isvd	虫
ifon	晨
idvm	柴
ifwm	琛
ifkl	臣
igix	惩
izsk	绸
ifxt	尘
ivkr	吹
irll	串
izyv	酬
iimy	驰
iiun	尺
ifin	辰
ihop	肠
ijml	阐
ivpa	垂
iljl	幢
icju	钞
izva	丑
iayd	叉
iaxd	刹
izzq	臭
igda	澄
ijsl	缠
isbl	宠
iiob	匙
iftp	趁
iibk	痴
ivji	锤
ijwr	颤
izrj	仇
ihqo	猖
iztc	畴
iiev	耻
ivhr	炊
ihno	娼
ioiy	辍
ikfe	揣
iyik	唇
ivei	陲
ilbv	疮
igma	橙
iihb	炽
iosu	绰
iedw	澈
ifme	郴
igzw	逞
izoh	瞅
ion	婼
ionk	婼
ioxg	戳
iigy	弛
ijfd	搀
iuzo	躇
ijbl	单
iepu	掣
iiwk	啻
ihyo	昶
igla	丞
ivfi	捶
irmu	椽
ifbn	宸
ilxv	怆
ianq	姹
icod	晁
iuft	搐
ikze	踹
iadi	汊
ifup	碜
irxl	舛
iapi	衩
ieal	车
ijnl	婵
iuhi	黜
iiay	豉
ikky	啜
ioky	啜
ifrv	伧
ihmo	阊
irji	钏
iovr	龊
idrl	侪
izbp	瘳
iuad	亍
irze	遄
iyct	莼
isje	铳
ifvb	龀
igpw	裎
idwi	虿
idbg	瘥
iiid	螭
izjc	帱
iaqa	猹
ijzt	躔
ijcr	蒇
iaea	嵖
iarq	侘
iaza	蹅
icgk	弨
ieow	㬚
ijed	巉
ijoe	旵
ioxy	惙
ivri	倕
iyao	䲠
ifed	陈
ip	产品
iw	成为
ix	出现
it	传统
ib	成本
ik	窗口
in	承诺
iq	重启
im	重码
iaan	查案
iaba	插拔
iabj	查办
iabn	查表
iabo	插播
iabp	差别
iabw	茶杯
iacc	插槽
iaco	差错
iadc	岔道
iadg	差等
iadm	差点
iadu	查毒
iadv	插队
iaee	差额
iafg	查封
iafj	茶饭
iafh	查房
iagr	茶馆
iagh	查岗
iago	查过
iagz	茶垢
iahc	查号
iahv	茶会
iahe	查核
iaho	查获
iahu	茶壶
iahx	插话
iaiu	查处
iais	茶宠
iaia	查查
iaic	查抄
iaie	叉车
iaii	差池
iajb	差劲
iaji	茶几
iajm	插件
iajt	察觉
iaju	差距
iajx	差价
iajq	查究
iakc	查考
iakd	岔开
iakj	查看
iaka	插卡
iaks	插孔
iakz	插口
iale	差了
ialu	岔路
ialz	茶楼
ialv	茶滤
iald	尘埃落定
iamk	查明
iamj	插满
iama	查码
ians	茶农
iana	刹那
iapk	差评
iapn	查票
iapd	插排
iapj	茶盘
iaqk	查清
iaqi	岔气
iaqm	差钱
iaqu	插曲
iaru	插入
iase	茶色
iatz	插头
iatu	插图
iath	茶汤
iauc	叉烧
iauh	插上
iaue	茶社
iaui	查实
iauu	茶树
iauv	茶水
iauz	查收
iaug	差生
iavc	查找
iavg	查证
iavh	查账
iave	插着
iavz	茶轴
iawf	查问
iawj	茶碗
iaxn	插销
iaxm	插线
iaxp	差些
iaxu	插叙
iaxx	查下
iaxy	查询
iaxk	查形
iayc	叉腰
iaye	茶叶
iayb	茶饮
iayh	插秧
iayi	差异
iayj	查验
iayr	茶园
iayt	查阅
iazd	插在
iazi	叉子
iazo	插座
iazu	插足
iazv	插嘴
ibal	除暴安良
ibdo	差不多
ibdl	差不多了
ibdu	成败得失
ibds	吃不到葡萄说葡萄酸
ibfj	吃白饭
ibgr	吃不惯
ibgx	长臂管辖
ibgq	喘不过气
ibgk	丑八怪
ibhz	吃饱喝足
ibbc	吃不饱
ibbf	吃不饱饭
ibbj	处变不惊
ibbn	吃不饱穿不暖
ibbx	常备不懈
ibii	吃不吃
ibkd	吃不开
ibkw	臭不可闻
ible	吃饱了
ibln	差不了
iblm	唱白脸
ibll	储备粮
ibld	吃饱了撑的
iblv	吃饱了撑着
iblh	成不了气候
iblt	秤不离砣
iblz	吃不了兜着走
iblx	成败论英雄
ibmg	吃闭门羹
ibqu	出不去
ibtd	差不太多
ibue	出版社
ibuj	长白山
ibuz	插不上嘴
ibuq	成百上千
ibuv	赤膊上阵
ibvu	撑不住
ibvq	沉不住气
ibwq	诚不我欺
ibxx	吃不下
ibxn	吃不消
ibxq	吃不下去
ibxf	吃不下饭
ibyf	称霸一方
ibyl	臭不要脸
ibzj	成败在此一举
icbd	朝拜
icbf	抄本
icbm	超编
icbn	超标
icba	超拔
icbw	朝北
iccd	炒菜
icda	超大
icdo	超多
icdc	超导
icdd	朝代
icdi	抄底
icdn	炒掉
icds	朝东
icdu	超度
icdp	超跌
icdj	春蚕到死丝方尽
icee	超额
icfg	嘲讽
icfj	炒饭
icff	炒粉
icfu	朝服
icfh	炒房
icgo	超过
icgh	朝纲
icgs	朝贡
icgc	超高
icgu	炒股
ichs	潮红
ichu	超乎
ichv	朝会
ichc	超好
icho	炒货
ichz	朝后
iciu	超出
icie	超车
icih	超常
icif	朝臣
icji	超级
icjm	朝见
icjt	超绝
icjx	吵架
icjb	朝觐
icjy	重操旧业
icjh	趁此机会
ickk	超快
icku	超酷
icle	炒了
iclk	超龄
icll	超量
iclq	潮流
iclu	抄录
iclz	炒楼
icld	陈词滥调
icmd	超买
icmi	炒米
icmm	炒面
icnc	吵闹
icnj	朝南
icns	嘲弄
icpn	钞票
icpb	超频
icqm	超前
icql	超强
icqi	超期
icqy	超群
icrf	超人
icrh	吵嚷
icrj	超然
icrz	炒肉
icss	抄送
icsu	超速
ictk	朝廷
ictm	朝天
icto	超脱
icth	朝堂
icuz	抄手
icug	朝圣
icuh	朝上
icui	超市
icul	超爽
icuv	焯水
icuu	抄书
icuj	潮汕
icve	朝着
icvi	超支
icvg	朝政
icvo	超卓
icvs	超重
icvw	除此之外
icvz	潮州
icwd	朝外
icxi	抄袭
icxk	吵醒
icxl	朝向
icxm	朝鲜
icxn	嘲笑
icxp	抄写
icxt	巢穴
icxx	朝下
icxy	潮汛
icxc	出此下策
icyc	吃错药
icyt	超越
icye	朝野
icyr	超员
icys	潮涌
icyh	朝阳
icyl	吃错药了
icyw	长此以往
iczo	炒作
iczd	超载
iczv	吵嘴
icbc	抄报
idbx	拆东补西
idcc	柴草
idc	茝
idci	尺短寸长
iddm	沉甸甸
iddj	拆单
iddn	拆掉
iddu	抽刀断水
iddc	柴刀
idff	拆分
idfa	拆法
idfg	拆封
idfv	重蹈覆辙
idfu	臭豆腐
idhv	拆毁
idho	柴火
idiu	拆除
idig	拆成
idir	拆穿
idjx	唱独角戏
idjh	闯荡江湖
idji	拆机
idjm	拆建
idjp	拆解
idjy	赤道几内亚
idk	吃得开
idkv	吃点亏
idkd	拆开
idkk	吃得苦中苦
idkr	吃得苦中苦，方为人上人
idl	吃多了
idle	拆了
idlk	拆零
idlh	豺狼
idlv	差旅
idmi	柴米
idqi	充电器
idqm	拆迁
idqq	拆东墙补西墙
idqv	船到桥头自然直
idqy	超短裙
idrf	差人
idsj	拆散
idtd	拆台
idtv	吹得天花乱坠
idtx	唱对台戏
idu	成都市
idui	差事
iduu	称得上是
iduy	传道授业
iduh	传道授业解惑
idul	车到山前必有路
idvl	拆装
idvq	沉得住气
idvx	赤胆忠心
idx	吃得下
idxn	吃得消
idxb	拆信
idxi	拆洗
idxm	拆线
idxp	拆卸
idxx	拆下
idyz	柴油
idyi	差役
idys	蠢得要死
idzi	拆字
idzt	迟到早退
iean	撤案
iebk	撤兵
iebw	充耳不闻
ieby	嫦娥奔月
ieci	车次
iedc	车道
iedg	车灯
iedi	彻底
iedj	扯淡
iedk	车顶
iedr	扯断
ieds	扯动
iedv	车队
iedn	撤掉
iedz	车斗
iedh	撤档
iefe	出尔反尔
iefh	撤防
iefu	车夫
iefw	车费
iegu	彻骨
iehv	撤回
ieho	车祸
iehl	扯谎
iehc	车号
iehr	撤换
iehz	车后
iehu	扯呼
ieia	彻查
ieif	车臣
ieig	车程
ieil	车窗
ieir	车船
ieiu	扯出
ieie	车车
iejm	车间
ieji	车技
ieju	车距
iejx	车架
iejy	撤军
iejb	扯进
iejp	车接
ieku	车库
iekd	扯开
iekl	车况
iell	车辆
ielk	车龄
iele	撤了
ieli	撤离
ielq	车流
iely	车轮
ielp	车裂
iemf	车门
iema	车马
iemo	车模
ienw	车内
iepd	车牌
iepg	车棚
iepi	扯皮
iepk	扯平
iepn	车票
ieqm	车前
iequ	撤去
iesu	车速
ietd	车胎
ietv	撤退
ietz	车头
ieti	车体
ietp	车贴
ieuh	车上
ieuf	车身
ieui	车市
ieuz	车手
ieva	车闸
ievi	撤职
ieve	车辙
ievj	车站
ievu	车主
ievz	掣肘
ieww	车位
iewd	车外
iewj	除恶务尽
iewu	彻悟
iexn	撤销
iexk	车型
iexl	车厢
iexm	车险
iexx	撤下
ieys	车用
ieye	彻夜
ieyr	扯远
ieyu	惩恶扬善
iezi	车子
iezd	车载
iezu	车组
iezo	车座
iezz	撤走
ifai	尘埃
ifbc	晨报
ifbu	衬布
ifbs	茶饭不思
ifcu	陈醋
ifci	陈词
ifdi	沉底
ifdm	沉淀
ifdy	春风得意
ifdj	春风得意马蹄疾
ifdn	唱反调
iffg	尘封
iffu	沉浮
iffm	春风拂面
ifgl	晨光
ifgz	尘垢
ifgk	嗔怪
ifgv	陈规
ifhv	晨会
ifho	陈货
ifhy	晨昏
ifhe	超负荷
ifif	沉沉
ifir	沉船
ifiu	春风吹又生
ifjq	陈旧
ifjb	沉浸
ifji	趁机
ifjk	沉静
ifjl	沉降
ifjy	长发及腰
ifjw	除非己莫为
ifju	重复建设
ifku	衬裤
ifke	沉疴
ifle	吃饭了
iflm	晨练
iflu	晨露
iflp	陈列
iflr	趁乱
ifly	沉沦
iflb	车匪路霸
ifmb	臣民
ifmf	沉闷
ifmi	沉迷
ifmo	沉默
ifmm	沉湎
ifmn	吃饭骂娘
ifni	沉溺
ifnl	陈酿
ifnm	陈年
ifnu	嗔怒
ifny	嘲风弄月
ifpc	晨跑
ifpi	陈皮
ifpl	乘风破浪
ifpp	长发飘飘
ifpu	长风破浪会有时
ifq	吃饭去
ifql	吃饭去了
ifqy	衬裙
ifqp	臣妾
ifqu	晨曲
ifqk	陈情
ifre	趁热
ifru	沉入
ifsi	沉思
ifsu	陈诉
ifto	衬托
ifts	沉痛
iftu	尘土
iftz	出风头
ifue	陈设
ifui	尘世
ifuj	衬衫
ifuo	陈说
ifuu	陈述
ifuv	沉睡
ifum	充分说明
ifuz	趁手
ifva	沉渣
ifve	趁着
ifvi	称职
ifvo	沉着
ifvs	沉重
ifwf	沉稳
ifwu	晨雾
ifwx	茶饭无心
ifxk	长方形
ifxb	称心
ifxi	晨曦
ifxn	尘嚣
ifxx	沉下
ifyc	处方药
ifyb	沉吟
ifyd	春风一度
ifyf	乘风扬帆
ifyi	衬衣
ifyr	尘缘
ifzc	趁早
ifzi	臣子
ifzv	沉醉
ifzq	冲锋在前
igvi	橙汁
igvv	常规战争
igba	称霸
igbh	城邦
igbc	承包
igbd	成败
igbf	成本
igbw	城北
igbj	承办
igbk	称病
igbl	出工不出力
igcd	成才
igce	成册
igds	城东
igdc	称道
igdn	唱高调
igdg	称孤道寡
igdh	承当
igdi	称帝
igdj	承担
igdk	长歌当哭
igdu	成都
igdv	成对
igde	承德
igfa	惩罚
igff	成分
igfj	盛饭
igfh	城防
igfo	成佛
igfu	城府
igfr	成果斐然
iggs	成功
iggo	成果
iggr	城管
iggz	承购
iggj	撑杆
ighc	称号
ighl	橙黄
igho	成活
ighr	承欢
ighs	橙红
ighu	称呼
ighy	成婚
igie	乘车
igif	称臣
igis	成虫
igii	城池
igir	乘船
igiu	惩处
igji	成绩
igjm	城建
igjn	成交
igjp	承接
igjq	成就
igjk	乘警
igjx	成家
igkd	撑开
igke	乘客
igkf	诚恳
igks	程控
igle	成了
igli	成立
iglj	承揽
igll	乘凉
igls	成龙
iglz	城楼
iglv	成功率
iglu	车轱辘
iglx	陈规陋习
iglh	车轱辘话
igmf	城门
igmg	承蒙
igmj	吃干抹净
igmk	成名
igmu	瞠目
igmm	春光明媚
ignm	成年
igno	承诺
igng	逞能
ignj	城南
ignw	城内
igpb	成品
igpi	成批
igpm	成片
igpo	撑破
igqb	成亲
igqi	撑起
igqk	澄清
igql	逞强
igqr	成全
igqu	城区
igqy	成群
igrf	承认
igrh	承让
igrj	诚然
igru	诚如
igso	车管所
igse	橙色
igsi	撑死
igss	称颂
igsj	撑伞
igtc	成套
igtm	成天
igto	秤砣
igtz	城头
igug	乘胜
igui	城市
igul	成双
iguu	成熟
iguz	承受
igvc	诚招
igve	撑着
igvf	城镇
igvg	诚征
igvh	成长
igvs	承重
igvu	撑住
igwd	城外
igww	称为
igwf	成文
igwh	称王
igwu	乘务
igxb	诚心
igxi	城西
igxk	成型
igxl	城乡
igxm	呈现
igxn	成效
igxp	称谢
igxs	称雄
igxu	程序
igxx	城下
igyb	成因
igyc	撑腰
igyi	诚意
igyr	成员
igyu	成语
igyy	承运
igyt	呈阅
igyh	重归于好
igyn	冲冠一怒
igzd	承载
igzi	橙子
igzj	称赞
igzo	乘坐
igzu	承租
igzm	陈谷子烂芝麻
ihan	长安
ihbw	常备
ihbj	常伴
ihbi	长臂
ihbo	长波
ihbf	唱本
ihbl	钗横鬓乱
ihci	场次
ihcy	长存
ihda	长达
ihdc	肠道
ihde	常德
ihdg	长凳
ihdi	场地
ihdz	吃坏肚子
ihdj	趁火打劫
ihdr	长短
ihdu	长度
ihdm	长点
ihdd	春回大地
ihee	嫦娥
ihfa	长发
ihff	肠粉
ihfh	厂房
ihfj	常犯
ihfu	偿付
ihgv	常规
ihge	唱歌
ihgr	场馆
ihgs	唱功
ihgo	尝过
ihgy	长棍
ihgx	长褂
ihhv	茶话会
ihhe	场合
ihhr	偿还
ihhs	长虹
ihhk	常怀
ihhh	吃好喝好
ihhj	楚河汉界
ihib	唇红齿白
ihig	长城
ihih	常常
ihik	诚惶诚恐
ihiu	长处
ihiy	长春
ihir	长串
ihis	长虫
ihjm	常见
ihjk	场景
ihjl	长江
ihjp	长街
ihjq	长久
ihjr	长卷
ihjt	猖獗
ihju	长句
ihjx	厂家
ihji	娼妓
ihkd	敞开
ihke	常客
ihkk	畅快
ihkr	长款
ihkl	猖狂
ihks	长空
ihkc	长考
ihku	长裤
ihkz	敞口
ihkj	常看
ihli	常理
ihld	常来
ihlv	成活率
ihlh	长廊
ihll	敞亮
ihlm	春花烂漫
ihlp	蠢话连篇
ihlq	春寒料峭
ihls	吃喝拉撒
ihmn	城隍庙
ihmc	长毛
ihmk	偿命
ihmm	场面
ihnm	常年
ihnw	场内
ihpc	长跑
ihpm	唱片
ihpn	唱票
ihpg	敞篷
ihpd	吃喝嫖赌
ihqi	长期
ihqk	长青
ihql	唱腔
ihqr	长拳
ihqu	常去
ihqy	长裙
ihrf	常人
ihrj	怅然
ihre	唱喏
ihrw	车毁人亡
ihso	场所
ihtd	常态
ihtj	畅谈
ihtn	冲昏头脑
ihts	畅通
ihtt	成何体统
ihtu	长途
ihtv	长腿
ihua	长沙
ihue	常设
ihug	昌盛
ihuh	厂商
ihui	尝试
ihuo	常说
ihuu	常熟
ihuy	畅顺
ihuk	唱衰
ihuz	长寿
ihuj	长衫
ihut	丑话说在前头
ihvh	厂长
ihvd	偿债
ihve	唱着
ihvg	长征
ihvi	厂址
ihvl	吹灰之力
ihvu	常驻
ihvp	窗户纸一捅就破
ihwd	场外
ihwf	常温
ihwa	长袜
ihwh	怅惘
ihwj	唱完
ihwl	吃喝玩乐
ihwu	常务
ihww	肠胃
ihxl	畅想
ihxm	长线
ihxn	畅销
ihxt	长靴
ihxu	畅叙
ihxi	唱戏
ihxq	长袖
ihxx	尝下
ihyb	畅饮
ihye	长夜
ihyh	徜徉
ihyi	倡议
ihyj	常言
ihyz	畅游
ihyl	出乎意料
ihyw	出乎意外
ihyr	长远
ihys	常用
ihyu	长于
ihzi	厂子
ihzd	常在
ihzy	吹胡子瞪眼
ihzu	长足
iiba	吃吧
iibc	吃饱
iibh	翅膀
iibp	吃瘪
iibi	赤壁
iibl	迟迟不来
iibj	愁肠百结
iibo	赤膊
iibq	踟蹰不前
iicc	吃草
iicd	吃菜
iich	持仓
iicu	吃醋
iico	吃错
iicy	尺寸
iidc	迟到
iidd	痴呆
iidk	吃定
iidm	吃点
iidn	吃掉
iido	褫夺
iidr	楚楚动人
iidu	尺度
iidy	迟钝
iifj	吃饭
iifa	吃法
iifw	痴肥
iige	唱唱歌
iigl	吃光
iigo	吃过
iigu	持股
iigr	吃惯
iigx	吃瓜
iigq	重重关卡
iigw	唱唱歌跳跳舞
iihc	吃好
iihe	吃喝
iihk	吃坏
iiho	吃货
iihv	吃灰
iihh	吃吃喝喝
iihr	迟缓
iihs	赤红
iihy	吃荤
iihz	斥候
iiig	驰骋
iiii	迟迟
iiir	吃穿
iiia	吃茶
iiiv	处处掣肘
iiiu	踟蹰
iijq	持久
iijb	吃紧
iiji	驰骋疆场
iijj	长长久久
iijk	吃惊
iijn	赤脚
iijx	持家
iijp	持戒
iijh	重出江湖
iika	持卡
iikl	楚楚可怜
iiku	吃苦
iikv	吃亏
iike	吃客
iikn	重重困难
iild	迟来
iile	吃了
iilm	痴恋
iilg	齿冷
iili	吃力
iilo	赤裸
iilq	哧溜
iilp	炽烈
iila	嗤啦
iily	齿轮
iill	吃粮
iilk	敕令
iima	尺码
iimi	痴迷
iimk	驰名
iiml	初出茅庐
iimm	缠缠绵绵
iimu	迟暮
iimv	踌躇满志
iind	吃奶
iini	吃腻
iinf	插翅难飞
iing	称臣纳贡
iinn	吵吵闹闹
iint	插翅难逃
iipk	持平
iipb	处处碰壁
iiqu	传出去
iiqk	痴情
iiql	持枪
iire	炽热
iirf	吃人
iirr	吵吵嚷嚷
iiru	耻辱
iirz	吃肉
iisu	吃素
iise	赤色
iitg	常春藤
iith	池塘
iitz	吃透
iitv	斥退
iitp	赤铁
iiua	吃啥
iiug	吃剩
iiuf	赤身
iiui	吃屎
iiuh	吃上
iiuz	赤手
iiuv	吃水
iiuq	沉沉睡去
iiva	叱咤
iivg	持证
iivb	唇齿之邦
iivd	吃斋
iive	吃着
iivi	迟滞
iivs	持重
iivu	吃住
iivy	吃准
iivh	痴长
iivx	吃穿住行
iivv	扯扯拽拽
iiwj	吃完
iiwu	迟误
iiww	颤颤巍巍
iiwn	处处闻啼鸟
iixu	持续
iixb	痴心
iixn	耻笑
iixp	吃些
iixl	吃香
iixx	吃下
iixy	唇齿相依
iixd	赤诚相待
iiyz	持有
iiyc	吃药
iiyd	蠢蠢欲动
iiyi	迟疑
iiyj	迟延
iiyr	驰援
iiyy	绰绰有余
iizc	迟早
iize	斥责
iizi	尺子
iizu	赤足
ijbc	传家宝
ijbb	处惊不变
ijby	吃惊不已
ijbx	除旧布新
ijbq	出简不出全
ijcf	出嫁从夫
ijdi	产地
ijds	颤动
ijdz	颤抖
ijdk	禅定
ijdg	超级大国
ijdy	穿金戴银
ijdn	初见端倪
ijfa	阐发
ijfh	产房
ijfu	搀扶
ijfr	成绩斐然
ijgj	成就感
ijgv	馋鬼
ijgm	初具规模
ijgx	穿街过巷
ijhh	楚界汉河
ijhl	长江后浪推前浪
ijho	掺和
ijhv	忏悔
ijhz	产后
ijhj	吹尽黄沙始到金
ijij	潺潺
ijiu	铲除
ijil	产床
ijis	馋虫
ijie	铲车
ijix	初见成效
ijji	禅机
ijjp	缠结
ijjr	婵娟
ijjx	产假
ijjm	产检
ijke	产科
ijkl	春节快乐
ijkt	吃尽苦头
ijl	成交量
ijlu	长颈鹿
ijll	产量
ijlm	蝉联
ijlr	产卵
ijli	禅理
ijlv	掣襟露肘
ijlg	戳脊梁骨
ijly	成家立业
ijmc	馋猫
ijmk	阐明
ijmm	缠绵
ijmw	谄媚
ijmo	缠磨
ijng	产能
ijnk	谗佞
ijpb	产品
ijpk	铲平
ijpo	产婆
ijpl	船坚炮利
ijqr	产权
ijqi	产期
ijqm	产前
ijqu	产区
ijrc	缠绕
ijro	孱弱
ijrx	出将入相
ijrq	出简让全
ijsx	长江三峡
ijsb	传经送宝
ijsh	成吉思汗
ijtz	长镜头
ijtr	重见天日
ijtu	创巨痛深
ijtv	蝉蜕
ijuf	缠身
ijug	产生
ijui	阐释
ijuq	触景生情
ijuu	阐述
ijuv	掺水
ijud	差距甚大
ijv	持久战
ijve	缠着
ijvu	缠住
ijvh	禅杖
ijvi	产值
ijvj	长久之计
ijvv	沉肩坠肘
ijwu	产物
ijws	出家为僧
ijxn	产销
ijxm	产险
ijxx	产下
ijxq	禅修
ijyb	颤音
ijye	产业
ijyj	谗言
ijyr	禅院
ijyu	产于
ijyx	除旧迎新
ijza	掺杂
ijzi	产自
ijzu	缠足
ijzv	馋嘴
ijzs	禅宗
ijzx	穿街走巷
ikbj	触控板
ikce	揣测
ikdo	揣度
ikdh	插科打诨
ikei	冲口而出
ikfw	踹飞
ikgc	长宽高
ikgj	沉疴痼疾
ikiv	出口成章
ikjb	揣进
ikmo	揣摩
ikmj	初窥门径
iknl	吃苦耐劳
ikqi	喘口气
ikqf	春困秋乏
iktp	创可贴
ikur	出口伤人
ikjm	吹糠见米
iksi	踹死
iksj	沉疴宿疾
ikve	揣着
ikxf	敞开心扉
ikyc	吃糠咽菜
ikzq	吃亏在眼前
ilba	疮疤
ilbj	创办
ilbm	床边
ilbc	出类拔萃
ilbq	查漏补缺
ilbd	吃了豹子胆
ilbh	吃力不讨好
ilbu	吃粮不管事
ilbx	川流不息
ildj	床单
ildh	闯荡
ildm	床垫
ildi	床底
ildd	豺狼当道
ildk	吃了大亏
ildv	重峦叠嶂
ildn	初露端倪
ilfw	差旅费
ilfj	炒冷饭
ilfm	初露锋芒
ilfn	出离愤怒
ilff	踔厉奋发
ilgo	闯过
ilgr	闯关
ilgf	吃了个饭
ilhu	窗户
ilho	闯祸
ilhf	创痕
ilhv	创汇
ilhb	豺狼虎豹
ilia	查了查
ilih	尝了尝
ilio	戳了戳
iljb	闯进
iljm	创建
iljn	床脚
ilju	创举
ilkz	窗口
ilkj	创刊
ilkl	窗框
ilkx	乘龙快婿
ilkq	出了口气
illo	赤裸裸
illi	创立
illk	窗棂
illm	窗帘
ilma	吃了吗
ilmm	创面
ilmd	出了名的
ilpb	处理品
ilpt	触类旁通
ilpu	床铺
ilpw	吃里扒外
ilqi	处理器
ilqm	窗前
ilqz	吃了枪子
ilqj	春兰秋菊
ilrj	怆然
ilru	闯入
iltz	床头
ilta	床榻
iltd	窗台
ilts	创痛
iltv	垂帘听政
ilti	吹拉弹唱
iltj	初露头角
iluh	床上
ilui	创始
iluz	创收
ilua	窗纱
ilue	创设
ilvj	车轮战
ilvc	床罩
ilvd	初来乍到
ilvi	创制
ilwd	窗外
ilww	床位
ilxb	创新
ilxx	床下
ilxi	床戏
ilxd	吃了熊心豹子胆
ilyi	创意
ilye	创业
ilyx	查了一下
ilyj	吃了一惊
ilyq	出了一口气
ilyz	创优
ilzc	创造
ilzi	窗子
ilzo	创作
imbk	臭毛病
imby	沉默不语
imbl	出毛病了
imbs	长命百岁
imbv	愁眉不展
imbx	春眠不觉晓
imdc	崇明岛
imfc	缠绵悱恻
imfe	长目飞耳
imgy	沉默寡言
imgv	承蒙关照
imhc	出谋划策
imii	吃没吃
imig	吃没吃过
imim	炒买炒卖
imjx	触目惊心
imjj	窗明几净
imjs	沉湎酒色
imju	瞠目结舌
imkl	愁眉苦脸
imle	出门了
imld	车马劳顿
imlx	程门立雪
imly	愁眉泪眼
immk	重命名
immm	撑门面
impk	触摸屏
imqc	吹毛求疵
imrj	春满人间
imui	触摸式
imuh	城门失火
imuy	城门失火，殃及池鱼
imuj	沉默是金
imve	充满着
imvn	迟暮之年
imvv	臭名昭著
imvx	查明真相
imvw	驰名中外
imwy	沉默无语
imwd	除魔卫道
imwi	出没无常
imwh	春梦无痕
imwl	魑魅魍魉
imxc	出谋献策
imyu	沉迷于
imyy	柴米油盐
imyi	柴米油盐酱醋茶
imzw	出门在外
inbi	吹牛逼
inbg	吹牛不打草稿
inbn	传男不传女
inbm	趁你病要你命
indj	吃奶的劲
inhk	春暖花开
injm	刹那间
inju	陈年旧事
injv	陈年旧账
inle	吃腻了
inlj	陈年老酒
inly	长年累月
inmo	处女膜
inpi	吹牛皮
inpm	吹牛拍马
inqy	吃拿卡要
inrf	成年人
invw	除你之外
invj	刹那之间
inwu	陈年往事
inyu	沉溺于
inyn	痴男怨女
inz	处女作
inzo	处女座
inzd	唱念做打
inzw	常年在外
iobi	辍笔
iodc	戳到
iohc	绰号
ioir	戳穿
ioio	戳戳
ioji	戳记
ioli	踔厉
iopo	戳破
ioqi	啜泣
ioru	戳入
iovs	戳中
iove	戳着
ioxt	辍学
ioyt	绰约
ipdl	长篇大论
ipdv	IP地址
iphc	车牌号
ipld	长篇累牍
ipuu	承平盛世
ipxu	长篇小说
iqbb	乘其不备
iqbf	春秋笔法
iqbh	惩前毖后
iqby	出其不意
iqbl	查缺补漏
iqdn	重启电脑
iqdp	长枪短炮
iqdu	春秋鼎盛
iqdy	春情荡漾
iqfr	锄强扶弱
iqfh	茶前饭后
iqhu	逞强好胜
iqit	臭气冲天
iqil	潮起潮落
iqjd	成群结队
iqle	出去了
iqll	充其量
iqlz	重起炉灶
iqld	陈腔滥调
iqqh	承前启后
iqql	春去秋来
iqry	差强人意
iqts	出气筒
iqui	重庆市
iquu	常青树
iquj	唇枪舌剑
iquw	成千上万
iqvg	春秋战国
iqvr	长驱直入
iqvu	出奇制胜
iqwj	出去玩
iqwy	除却巫山不是云
iqxt	臭气熏天
iqyl	长期以来
iqyt	出去一趟
iqyx	出去一下
iqzz	出去走走
irbh	穿帮
irbk	传染病
irbb	乘人不备
irbj	宠辱不惊
irbm	传遍
irbo	传播
irbt	吃人不吐骨头
irbw	川贝
irby	吃软不吃硬
irbz	成人不自在
ircd	川菜
irch	船舱
irci	穿刺
irda	传达
irdc	传到
irdd	穿戴
irdi	传递
irdj	传单
irdt	趁热打铁
irdv	船队
irds	传动
irf	吃软饭
irfu	船夫
irfj	船帆
irff	传粉
irgo	穿过
irgs	串供
irgw	传给
irgj	传感
irhc	穿好
irhh	串行
irhr	传唤
irhv	传回
irhu	串户
irhx	传话
iriu	传出
irih	传唱
iria	穿插
iric	传抄
irig	传承
irir	串串
irjk	出入境
irjl	船桨
irjx	传家
irjn	传教
irju	川剧
irjw	宠辱皆忘
irjd	吃人家的嘴短
irjg	吃人家饭，受人家管
irkj	传看
irkd	传开
irkz	串口
irks	穿孔
irld	传来
irlk	传令
irlm	串联
irlq	串流
irlx	怆然泪下
irlg	常任理事国
irmf	串门
irmw	传媒
irmm	愁容满面
irpn	船票
irpo	穿破
irqi	传奇
irql	穿墙
irqq	传球
irqy	成仁取义
irqk	春荣秋枯
irrj	传染
irre	传热
irrf	传人
irru	传入
irss	传送
irso	穿梭
irsy	诚如斯言
irts	串通
irtz	穿透
irti	船体
irtd	出人头地
iruo	传说
iruf	传神
iruh	穿上
irui	传世
iruc	串烧
iruu	传输
iruz	传授
iruj	穿山
irum	痴人说梦
irve	穿着
irvf	传真
irvh	船长
irvi	船只
irvm	成人之美
irvo	穿着
irvc	传召
irvs	传中
irvu	船主
irva	船闸
irvw	趁人之危
irwf	传闻
irww	超然物外
irwu	船坞
irxi	喘息
irxk	穿行
irxm	船舷
irxn	传销
irxb	传信
irxp	穿鞋
irxy	传讯
irxs	川芎
irxh	仇人相见，分外眼红
iryt	穿越
iryj	传言
iryh	传扬
iryi	穿衣
iryc	传谣
iryu	川渝
iryl	出人意料
iryw	出人意外
iryb	出人意表
iryy	船运
iryr	船员
irzh	川藏
irzc	穿凿
irzr	吃人嘴软
isai	宠爱
isbd	崇拜
isbj	抽丝剥茧
isbo	重播
isbc	重报
iscc	虫草
isci	冲刺
isce	重测
iscs	差三错四
isds	冲动
isdk	冲顶
isda	重打
isdd	撑死胆大的
isdh	充当
isdj	冲淡
isdm	充电
isdn	冲掉
isdp	重叠
isdu	重读
iser	虫儿
isff	充分
isfg	冲锋
isfj	重返
isfu	重复
isgc	崇高
isgo	冲过
isgz	重构
isgv	重归
isgs	充公
ishe	重合
ishk	宠坏
isho	重获
ishd	虫害
ishv	重回
ishy	重婚
isia	冲茶
isis	重重
isih	重唱
isii	充斥
isiu	冲出
isjb	冲进
isji	冲击
isjk	憧憬
isjm	重建
isju	重聚
isjy	充军
iskd	重开
iskx	冲垮
isle	撑死了
isll	冲凉
isld	重来
islh	冲浪
isli	冲力
islr	虫卵
islm	重连
ismj	充满
isma	重码
ismk	重名
ismx	沉思默想
ismy	春色满园
isni	宠溺
ispo	冲破
ispw	充沛
ispc	冲泡
ispd	重拍
isqk	重庆
isqm	充钱
isqi	重启
isqr	冲拳
isru	冲入
isrj	重燃
issu	重塑
isse	充塞
issj	冲散
issy	重孙
issi	楚虽三户，亡秦必楚
istu	冲突
isti	重提
istk	重听
istm	冲天
isui	充实
isua	冲杀
isue	重设
isuf	重申
isuo	重说
isug	重生
isuh	崇尚
isuu	充数
isux	冲刷
isve	冲着
isvf	重振
isvg	重整
isvi	充值
isvl	重装
isvu	虫蛀
isvv	垂死挣扎
iswf	重温
iswu	宠物
isww	重围
isxb	重新
isxi	冲洗
isxk	宠幸
isxl	冲向
isxm	重现
isxn	冲销
isxp	重写
isxq	重修
isxt	充血
isxx	重下
isyu	充裕
isya	虫牙
isyj	重演
isyk	重影
isyh	重阳
isyi	充溢
isyz	重游
isyb	冲印
isyy	畅所欲言
iszi	虫子
iszu	充足
iszz	冲走
iszo	重做
iszc	冲澡
iszd	重载
itbt	长痛不如短痛
itbm	趁他病要他命
itbi	丑态百出
itbu	长途跋涉
itbl	丑态毕露
itby	垂头不语
itdg	床头灯
itdp	吹弹得破
itfg	穿堂风
itfy	尘土飞扬
itgv	床头柜
itgn	传统观念
itkp	吹弹可破
itiw	彻头彻尾
itin	蠢头蠢脑
itlm	出头露面
itmd	传统美德
itnn	出头鸟
itsq	垂头丧气
itsj	秤砣虽小压千斤
ittn	赤条条
ittg	赤条条来去无牵挂
ituh	传统社会
itvr	出头之日
itvg	呈堂证供
itwz	畅通无阻
itwh	传统文化
itww	出土文物
itxt	长筒靴
ityr	差太远
ityq	串通一气
ityu	长叹一声
ityl	差太远了
iubu	初步
iubb	出殡
iubf	出手不凡
iubj	出版
iubk	出兵
iubl	长生不老
iubw	储备
iubz	成事不足
iubq	承受不起
iuby	成事不足，败事有余
iubr	吃水不忘挖井人
iucy	储存
iucc	除草
iucd	出彩
iuch	储藏
iuci	初次
iuco	出错
iudc	出道
iudg	初等
iudi	触底
iudm	触电
iudn	除掉
iuds	出动
iuer	初二
iueq	抽身而去
iueu	乘势而上
iufu	长舌妇
iufa	出发
iuff	处分
iufh	厨房
iufj	触犯
iufr	出水芙蓉
iufw	除非
iugc	初稿
iugh	出港
iuge	出格
iugj	触感
iugo	出国
iugv	出轨
iugs	出工
iugr	储罐
iugz	除垢
iuhd	出海
iuhj	出汗
iuho	出货
iuhu	出乎
iuhx	初始化
iuhl	唱双簧
iuid	出差
iuif	除尘
iuig	出城
iuih	出场
iuij	出产
iuil	橱窗
iuis	除虫
iuiu	处处
iuiz	出丑
iuiy	初春
iuic	初潮
iujb	出尽
iuji	初级
iujm	初见
iujj	常胜将军
iujk	处境
iujl	崇山峻岭
iujn	触角
iujp	出界
iujt	处决
iuju	出局
iujx	出家
iujd	初始阶段
iukz	出口
iuku	出库
iukd	除开
iukk	诚实可靠
iukq	赤手空拳
iuks	触控
iukj	触手可及
iuli	处理
iuld	出来
iule	除了
iull	储量
iulm	初恋
iulo	出落
iuls	出笼
iulj	出栏
iulu	出路
iulp	出列
iult	赤身裸体
iume	吃什么
iuma	出马
iumd	出卖
iumf	出门
iumk	出名
iumm	出面
iumo	触摸
iumu	触目
iumj	除螨
iuml	车水马龙
iumt	抽水马桶
iuna	出纳
iunv	处女
iunn	雏鸟
iund	初生牛犊
iunl	承受能力
iuny	出生年月
iunh	初生牛犊不怕虎
iunj	处男
iunm	初年
iunu	触怒
iupb	出品
iupn	出票
iupd	出牌
iupg	触碰
iupk	触屏
iuqu	出去
iuqb	出勤
iuqi	初期
iuqm	出钱
iuqn	出鞘
iuqq	初秋
iuqr	出圈
iuqt	除却
iuqx	承上启下
iuqv	插手其中
iuqh	纯属巧合
iurf	出任
iurh	出神入化
iurs	出生入死
iurd	出双入对
iuru	出入
iusd	初赛
iuse	出色
iusi	处死
iusj	初三
iuso	处所
iush	仇深似海
iutz	出头
iutc	出逃
iutd	出台
iutn	出挑
iuti	出题
iutj	初探
iutk	出庭
iuts	触痛
iutu	出土
iuto	出脱
iuuf	出身
iuug	出生
iuui	厨师
iuuj	出山
iuuv	出水
iuuz	出售
iuul	除霜
iuux	诚实守信
iuvc	出招
iuvf	出诊
iuvg	出征
iuvh	处长
iuvi	处置
iuvj	出站
iuvs	初中
iuve	杵着
iuvt	初始状态
iuvd	处世之道
iuwd	除外
iuwf	初吻
iuwh	触网
iuwu	储物
iuwj	出师未捷
iuxi	出席
iuxk	雏形
iuxm	出现
iuxb	初心
iuxt	初学
iuxp	出血
iuxu	储蓄
iuxx	初夏
iuxl	出项
iuxv	春生夏长
iuxy	出巡
iuxg	纯属虚构
iuye	初夜
iuyi	初一
iuyj	出演
iuyr	出院
iuyu	处于
iuyz	出游
iuyc	除妖
iuyy	储运
iuyk	雏鹰
iuyl	穿山越岭
iuzd	处在
iuzi	出自
iuzt	成事在天
iuzf	处事作风
iuzu	出租
iuzz	出走
ivai	垂爱
ivbi	成正比
ivbw	捶背
ivbx	常抓不懈
ivdn	垂钓
ivda	捶打
ivdc	吹倒
ivdg	吹灯
ivdj	沉重代价
ivds	吹动
ivdb	穿着打扮
ivfg	吹风
ivfu	吹拂
ivfj	垂范
ivfy	叱咤风云
ivgj	吹干
ivgo	吹过
ivhl	差之毫厘
iviv	吹吹
ivil	潮涨潮落
ivja	长治久安
ivjb	吹进
ivju	炊具
ivjt	唱主角
ivkk	仇者快
ivkd	吹开
ivle	吹了
ivld	吹来
ivlm	锤炼
ivlq	垂柳
ivlw	垂泪
ivlo	吹落
ivmp	吹灭
ivmu	垂暮
ivmg	晨钟暮鼓
ivmz	陈芝麻烂谷子
ivmt	揣着明白装糊涂
ivnq	吹牛
ivnf	吃斋念佛
ivnd	纯真年代
ivpg	吹捧
ivpo	吹破
ivq	沉住气
ivqi	吹气
ivqk	垂青
ivqg	重整旗鼓
ivqr	传之其人
ivsi	垂死
ivsj	吹散
ivtz	吹头
ivtr	处之泰然
ivtv	捶腿
ivti	垂体
ivuc	吹哨
ivuv	吹水
ivuz	垂首
ivvi	垂直
ivve	吹着
ivvw	池中之物
ivw	称之为
ivww	垂危
ivwl	吃着碗里，望着锅里
ivwh	成者王侯
ivwk	成者王侯败者寇
ivxm	垂涎
ivxl	吹响
ivxn	吹箫
ivxu	吹嘘
ivxx	垂下
ivxy	垂询
ivyi	出主意
ivyb	嗤之以鼻
ivyg	朝中有人好做官
ivyh	持之以恒
ivyj	炊烟
ivyx	穿针引线
ivzz	吹奏
ivzi	锤子
ivzx	成竹在胸
iwbk	成王败寇
iwcr	查无此人
iwdd	吃我的住我的
iwfj	吃完饭
iwgv	储物柜
iwhv	常委会
iwib	称王称霸
iwih	唇亡齿寒
iwj	储物间
iwjh	传为佳话
iwjm	重温旧梦
iwkn	成为可能
iwle	吃完了
iwti	出问题
iwtl	出问题了
iwuj	查无实据
iwvw	除我之外
iwww	颤巍巍
iwwh	常务委员会
iwwy	常务委员
iwxl	储物箱
iwxt	臭味相投
iwyw	除我以外
ixbj	插线板
ixbg	痴心不改
ixby	垂涎不已
ixbd	持续不断
ixd	吃香的喝辣的
ixdy	春心荡漾
ixdd	称兄道弟
ixdt	长吁短叹
ixdz	捶胸顿足
ixdh	闯下大祸
ixer	乘虚而入
ixel	乘兴而来
ixfj	吃闲饭
ixfp	丑媳妇总得见公婆
ixhx	程序化
ixhl	吃香喝辣
ixht	船小好调头
ixiy	诚心诚意
ixif	吃现成饭
ixjh	重修旧好
ixjm	城乡居民
ixjl	处心积虑
ixjq	沉心静气
ixjy	诚信经营
ixjb	城乡结合部
ixjv	长效机制
ixku	重新开始
ixkd	春宵苦短
ixle	出现了
ixlg	重新来过
ixmo	扯线木偶
ixmd	春心萌动
ixnk	吃相难看
ixqu	吃下去
ixqd	春夏秋冬
ixqh	承先启后
ixry	称心如意
ixso	储蓄所
ixsi	垂涎三尺
ixsu	长相厮守
ixtk	吃相太难看
ixuu	畅销书
ixuw	长袖善舞
ixve	初学者
ixvj	喘息之间
ixvf	抽薪止沸
ixvm	城下之盟
ixwx	痴心妄想
ixwd	喘息未定
ixwz	畅行无阻
ixxk	持续性
ixxp	穿小鞋
ixxv	成效显著
ixyr	程序员
ixya	丑小鸭
ixyk	春宵一刻
ixyd	垂涎欲滴
ixyj	垂涎已久
ixzd	趁现在
ixzi	臭小子
ixzu	朝鲜族
ixzr	重新做人
iyar	春意盎然
iyb	创业板
iybd	纯白
iybf	蠢笨
iybj	迟疑不决
iybk	吃哑巴亏
iybx	出言不逊
iycd	蠢才
iycj	春蚕
iycv	纯粹
iycw	愁云惨雾
iydc	常言道
iydj	蠢蛋
iydm	差一点
iydu	纯度
iydd	差一点点
iydb	穿衣打扮
iydz	绰约多姿
iydx	沉冤得雪
iyff	春分
iyfg	春风
iyfh	茶余饭后
iyfx	传言非虚
iygl	春光
iygm	产业革命
iygc	唇膏
iygg	春耕
iygs	春宫
iyhx	春花
iyhj	春寒
iyho	蠢货
iyhv	春晖
iyhz	醇厚
iyig	春城
iyii	唇齿
iyia	春茶
iyic	春潮
iyih	尝一尝
iyit	彻夜长谈
iyjn	插一脚
iyju	插一句
iyjb	纯金
iyjh	茶余酒后
iyji	春季
iyjk	纯净
iyjm	纯碱
iyjp	纯洁
iyjr	春卷
iyl	差远了
iyli	纯利
iylm	春联
iyll	纯良
iylu	春意阑珊
iylx	臭鱼烂虾
iylv	蠢驴
iylw	春雷
iyly	沉鱼落雁
iyle	扯远了
iymb	沉冤莫白
iymc	纯毛
iymg	春梦
iymo	春末
iymm	纯棉
iymw	崇洋媚外
iynm	彻夜难眠
iynr	出淤泥而不染
iypu	淳朴
iypw	穿云破雾
iyqq	春秋
iyqk	纯情
iyqm	吃一堑
iyqv	吃一堑，长一智
iyrf	蠢人
iyri	春日
iysu	超音速
iyry	春雨如油
iysi	尺有所短，寸有所长
iysd	尺有所短
iyse	春色
iysy	春笋
iytm	春天
iytz	穿一条裤子
iyuu	纯属
iyue	唇舌
iyui	蠢事
iyuv	纯水
iyux	朝野上下
iyvf	纯真
iyvg	纯正
iyvl	春装
iyvs	纯种
iyvu	蠢猪
iyvy	池鱼之殃
iywj	春晚
iywn	出于无奈
iywv	出言无状
iywm	彻夜未眠
iyx	查一下
iyxb	春心
iyxh	成也萧何，败也萧何
iyxl	醇香
iyxk	唇形
iyxm	唇线
iyxn	春晓
iyxx	春夏
iyyc	春药
iyyi	春意
iyyu	春雨
iyyy	春运
iyyz	春游
iyye	春夜
iyyj	抽油烟机
iyzi	常用字
izbb	酬宾
izbj	筹办
izbw	筹备
izco	筹措
izdn	抽调
izda	抽打
izdi	仇敌
izdl	车载斗量
izdr	绸缎
izds	抽动
izdu	迟早的事
izee	丑恶
izfg	抽风
izfu	仇富
izgj	抽干
izgl	抽光
izgv	丑鬼
izgk	丑怪
izhf	仇恨
izfh	穿凿附会
izhj	臭汗
izhv	抽回
izhx	筹划
izhz	常在河边走
izia	抽查
izih	惆怅
izig	抽成
izis	臭虫
iziu	抽搐
izie	出租车
iziz	瞅瞅
izjb	抽筋
izjd	传宗接代
izji	筹集
izjl	抽奖
izjm	筹建
izjp	筹借
izjn	臭脚
izjt	丑角
izjx	仇家
izks	抽空
izkr	筹款
izku	愁苦
izli	抽离
izl	创造力
izlc	酬劳
izlz	丑陋
izma	筹码
izmf	愁闷
izmi	稠密
izmu	筹募
izmw	臭美
izmz	筹谋
iznv	丑女
iznj	丑男
izpi	臭屁
izpd	筹拍
izqm	抽签
izqi	抽泣
izqu	抽取
izrf	仇人
izrs	愁容
izsr	筹算
izsi	抽丝
izsv	抽穗
izss	抽送
iztd	丑态
izti	抽屉
iztz	抽头
izts	抽痛
izuf	抽身
izue	抽射
iztn	抽条
izua	仇杀
izui	仇视
izuv	抽水
izvs	抽中
izvi	抽纸
izvy	瞅准
izvx	赤子之心
izww	臭味
izwf	丑闻
izwj	抽完
izwk	成则为王，败则为寇
izxk	创造性
izxl	抽象
izxp	酬谢
izxt	抽血
izxu	愁绪
izyh	抽样
izyj	抽烟
izyr	仇怨
izyy	愁云
izye	抽噎
izya	抽芽
izyu	沉醉于
izzi	筹资
izzv	臭嘴
izzz	抽走
j	就
jmk	见
jimj	极
jmkj	贱
jk	经
jxrt	佳
jxb	家
jb	进
jmz	建
jidl	济
jx	加
jim	机
jbrv	今
jbr	金
jify	技
jl	将
jiy	记
jnl	教
jie	际
jip	及
jkw	京
jtd	决
jnw	交
jps	结
jpdn	解
jxrl	价
jm	间
jpt	界
jir	集
jyb	军
jmr	件
juuk	居
juu	局
jis	级
jisr	绩
ju	据
jld	江
jbz	近
ji	几
jp	接
jqb	究
jkm	精
juq	具
jihb	积
jux	举
jiv	己
jbry	仅
jkt	境
jpc	节
jni	较
jisj	纪
jml	坚
jy	均
jmm	检
jqp	九
jig	即
jldd	奖
jpuy	届
jmrz	健
jkle	竞
jbl	紧
jbi	尽
jly	讲
jmd	减
jmdj	渐
jkox	景
jle	降
jprl	介
juud	剧
jia	击
jpe	阶
jxr	假
jqd	酒
juk	巨
jigv	既
jq	久
jidw	激
jts	绝
jkck	警
jbd	津
jnd	角
jtdy	角
jnx	觉
jtx	觉
jid	急
jmv	简
jpi	街
jqq	救
jbp	斤
jql	旧
jmyg	艰
jiu	吉
jihz	季
jpr	借
jmzj	践
jmb	兼
jmlj	鉴
jkl	竟
jbm	禁
jmj	键
jibu	疾
jn	叫
jxl	架
jbj	锦
jpm	杰
jue	聚
jiz	迹
jr	卷
jka	井
juz	距
jkx	惊
jki	径
jlg	犟
jno	脚
jkf	静
jub	句
jpd	洁
jiyn	鸡
jiw	剂
jrf	捐
jbv	劲
jkv	劲
jns	缴
jkc	敬
jii	辑
jqs	纠
jkd	净
jivo	籍
jyr	俊
jpu	截
jnox	胶
jpn	姐
jxll	甲
juf	拒
jnil	轿
jnwe	郊
jnmx	校
jnr	焦
jpf	揭
jkj	镜
jib	寄
jbyo	晋
jma	柬
jxu	嘉
jpfr	捷
jif	挤
jlc	蒋
jur	俱
jxx	贾
jumj	柜
jlyn	姜
jyy	君
jtf	掘
jxlm	驾
jmrd	剑
jmx	尖
jmh	肩
jye	峻
jmve	舰
jte	崛
jkoo	睛
jmc	茧
jptl	劫
jyc	菌
jko	晶
jpg	戒
jmvd	箭
jxn	嫁
jyl	竣
jmbd	剪
jpb	皆
jby	谨
juc	菊
jit	圾
jil	冀
jbvl	筋
jxa	夹
jnml	骄
jmra	俭
jmu	碱
jldu	浆
jpl	竭
jufk	拘
jkvr	颈
jila	亟
jiby	寂
jiga	暨
jndw	浇
jbdy	浸
jido	脊
jizl	跻
jxan	夹
jnm	椒
juh	焗
jio	肌
jih	稽
jij	忌
jpmk	桔
jumk	驹
jldg	江
jyj	钧
jiuj	饥
jisk	给
jku	兢
jlk	匠
jldy	酱
jnu	礁
jlr	僵
jnrx	佼
jipx	祭
jxh	稼
jrj	眷
jrn	娟
jnc	蕉
jmn	奸
jrr	倦
jise	缉
jian	棘
juuj	矩
jpy	诫
jxj	钾
jty	诀
jbpx	襟
jmdq	歼
jnn	娇
jtq	獗
jitk	畸
jnul	矫
jym	骏
jpmb	楷
jxck	茄
jmfd	拣
jnf	搅
jug	鞠
jini	姬
jinl	姬
jyd	龟
jnsx	绞
jqj	舅
jsb	窘
jmf	捡
jny	酵
jph	秸
jsh	炯
jtfg	抉
jtp	爵
juj	锯
jpo	睫
jkdg	泾
jnv	剿
jqjh	灸
jnk	嚼
jtk	嚼
jrs	绢
jic	藉
jnux	饺
jibo	瘠
jrrn	隽
jyrn	隽
jnb	窖
jyye	郡
jnz	跤
juzk	踞
jlgi	强
jldm	桨
jukq	咀
jnix	蛟
jbw	瑾
jpfk	拮
jrjn	镌
jkax	鲸
jqf	揪
jnrw	侥
jism	羁
jkcg	茎
jsz	迥
jrd	涓
jtr	倔
jkco	菁
jkog	胫
jmdo	涧
jnq	狡
jrk	鹃
jrkv	圈
jiny	妓
jiyj	讥
jihw	稷
jxz	迦
jqwk	咎
jix	悸
jnnx	姣
jufm	掬
jlsl	绛
jyv	筠
jud	沮
jua	车
jxrk	伽
jin	嫉
jpcl	芥
jmvj	笺
jiej	岌
jqfa	韭
jti	厥
jtc	蕨
jxjr	颊
jikj	叽
jls	缰
jqw	玖
jtfy	攫
jnbx	皎
jtwy	珏
jiry	伎
jqpa	臼
jbh	烬
jke	阱
jkfu	旌
juck	莒
jkmg	粳
jto	矍
jkfe	靓
jxd	浃
jbs	缙
jqm	柩
jiae	鲫
jiyk	诘
jime	楫
jqt	赳
jmy	谏
jicl	荠
jkb	痉
jum	橘
jivb	箕
jtz	蹶
jxm	枷
jmuj	饯
jpuv	碣
jlgn	犟
jiyl	霁
jmjo	锏
jncx	茭
jxag	戛
jqjn	鸠
jms	缄
jtyk	谲
jubq	疽
jxc	荚
jqwn	鹫
jxbk	痂
jpkg	嗟
jpur	颉
jpil	蚧
jkr	儆
jujj	钜
jqi	厩
jut	趄
jul	且
jpv	孑
jne	峤
jmoa	睑
jigj	麂
jmbr	蹇
jbne	觐
jqk	啾
juzy	踽
jmo	腱
jiyt	畿
jpnr	婕
juw	琚
jxv	笳
jmck	菅
juv	龃
jtku	噱
jxw	珈
jink	犄
jmbx	翦
jnj	铰
jicj	芨
jpbe	疖
jik	唧
jpx	桀
jmmz	毽
jkz	迳
jiuy	屐
jpyg	讦
jkn	婧
jiak	髻
jup	裾
jbna	堇
jbc	荩
jla	豇
juqq	狙
jxe	岬
jxo	胛
jtm	桷
jna	鲛
jpbl	疥
jika	戢
jiqo	期
jqmv	阄
jtkr	噘
jtfr	撅
jmnz	犍
jbk	噤
jirk	佶
jirv	偈
jprv	偈
jurk	倨
jtmr	橛
jivk	笄
jxly	袈
jpyv	羯
jkoj	肼
jizx	跽
jndh	湫
juml	榉
jxje	郏
jmg	鞯
jniw	徼
jtv	孓
jxcy	葭
jmrn	牮
jlu	礓
jucq	苴
juyj	讵
jbga	廑
jbn	妗
jso	炅
jmme	枧
jldl	洚
jqmj	桕
juqf	雎
jrb	蠲
jiur	赍
jieo	嵴
jxjj	铗
jmdd	湔
jbma	槿
jqry	僦
jyby	皲
jiij	虮
jifk	掎
jmat	鲣
jmp	裥
jmzz	踺
jlcg	茳
jlm	糨
jnrn	鹪
jrq	狷
jyg	麇
jiwl	齑
jiqb	其
jial	鲚
jxzk	跏
jxi	蛱
jmfn	搛
jmsn	缣
jmbn	鹣
jnkh	噍
jbpv	衿
jidz	洎
jxf	恝
jmcn	蒹
jmyd	谫
jncj	艽
jblv	卺
jshk	扃
jujk	锔
jubn	窭
jtdg	觖
jtid	劂
jiit	墼
jica	蕺
jmad	戋
jmzk	趼
jll	耩
jpkb	喈
jkvd	刭
jkq	獍
jqa	鬏
jugk	鞫
juun	屦
juy	醵
jrjm	桊
jth	爝
jidx	漈
jkwx	璟
jman	鳒
jsoh	䐃
jbwy	珒
jbpy	祲
jbdo	溍
jbda	殣
jisd	罽
jigt	堲
jijt	𫓯
jiik	徛
jiaj	鱾
jiqx	惎
jipr	𫌀
jizo	蹐
jkdj	汫
jkrx	倞
jkqx	猄
jkfn	䴖
jkjo	鼱
jlo	膙
jlgx	弶
jlac	鳉
jmgz	鞬
jmgg	靬
jmoj	暕
jncb	藠
jnex	峧
jnwn	䴔
jnau	斠
jnbc	皭
jpul	劼
jpwl	玠
jpxc	悈
jpfx	絜
jpdb	湝
jpmn	檞
jqdj	氿
jqe	㠇
jrho	焆
jskk	冏
jst	坰
jss	䌹
jtw	玦
jtu	砄
jtrf	傕
jtqy	玃
juhk	焗
juej	岠
juo	䴗
jutc	弆
jueq	岨
judk	泃
juuq	砠
juek	崌
juvk	筥
juok	腒
juon	䴗
jxmr	槚
jyak	鲪
jyck	莙
jycw	葰
jyh	焌
jyt	鋆
jyo	晙
jytw	畯
jyw	珺
jywk	珺
jbjj	𬬱
jiax	𬶭
jiel	𬯀
jsmk	𬳶
juak	𬶋
jks	经
jiq	基
jbzj	进
jmzy	建
jqwy	就
jbra	金
jnlw	教
jiex	际
jnwx	交
jpsk	结
jirm	集
jipv	几
jkte	境
jpce	节
jytd	均
jqpv	九
jblx	紧
jpel	阶
jqdy	酒
juka	巨
jqpn	久
jndy	角
jnxe	觉
jtxe	觉
jmvo	简
jqqw	救
jbpl	斤
jqlo	旧
jiuk	吉
jpbu	家
jpro	借
jbmx	禁
jmjz	键
jpmh	杰
juen	聚
jkal	井
jlga	疆
jnoe	脚
jkfl	静
jiwd	剂
jrfo	捐
jnsw	缴
jkcw	敬
jqsl	纠
jyrw	俊
jpnq	姐
jpfv	揭
jkje	镜
jlcc	蒋
jlel	降
jurb	俱
jxxr	贾
jtfi	掘
jmxd	尖
jyew	峻
jtei	崛
jmcz	荐
jych	菌
jpbb	皆
jucm	菊
jual	车
jydw	浚
jmuk	碱
jnmy	椒
jioj	肌
jyjd	钧
jlkj	匠
jlra	僵
jrno	娟
jmng	奸
jrrv	倦
jtyg	诀
jtqr	獗
jnfe	搅
jugm	鞠
jsbr	颎
jsbk	窘
jtpc	爵
jpor	睫
jnkc	嚼
jtkc	嚼
jpco	藉
jbgj	靳
jnzx	跤
jbwa	瑾
jszk	迥
jrdo	涓
jtri	倔
jnqx	狡
jrkn	鹃
jixz	悸
jyvd	筠
jtir	厥
jtcr	蕨
jlsa	缰
jkej	阱
jtoy	矍
jqtl	赳
jkbg	痉
jtzr	蹶
jmsk	缄
jkrw	儆
jqiv	厩
jpva	孑
jqkh	啾
jmoz	腱
jxvk	笳
jxwk	珈
jkno	婧
jbcd	荩
jlag	豇
jxej	岬
jxoj	胛
jtmy	桷
jnax	鲛
jbkx	噤
jyfk	捃
jifl	𪟝
jpfn	㛃
juhj	炬
jtvn	孓
jrbi	蠲
jmpo	裥
jlmi	糨
jrqo	狷
jxfx	恝
jllr	耩
jpak	鲒
jkqe	獍
jqah	鬏
jloi	膙
jqey	㠇
jstk	坰
jssk	䌹
jyow	晙
jula	且
jksg	经
jbav	今
jj	解决
jg	结果
jt	今天
jc	精彩
jd	简单
je	金额
jh	几乎
jf	解放
jv	简直
ja	骄傲
js	计算
jz	节奏
jw	今晚
jo	奇偶
jabx	桀骜不驯
jaqm	举案齐眉
jasw	居安思危
jaub	节哀顺变
jave	紧挨着
jazd	骄傲自大
jazm	骄傲自满
jbai	紧挨
jbbu	进步
jbba	紧巴巴
jbbb	骄兵必败
jbbd	近百
jbbg	紧绷
jbbh	金榜
jbbi	金币
jbbm	金边
jbbo	禁播
jbbw	津巴布韦
jbci	仅此
jbcj	进餐
jbcu	紧促
jbcy	仅存
jbcz	紧凑
jbdd	近代
jbdi	禁地
jbdk	紧盯
jbdr	锦缎
jbdl	记不得了
jbdu	进度
jbdz	筋斗
jbde	见不得
jbdc	近道
jbdg	见不得光
jbdj	金丹
jbee	金额
jber	进而
jbex	结伴而行
jbfw	加班费
jbfa	金发
jbfh	谨防
jbfj	进犯
jbfu	绝不放手
jbff	旧病复发
jbg	基本功
jbgf	紧跟
jbgh	金刚
jbgl	金光
jbgo	巾帼
jbgr	尽管
jbgs	进攻
jbgu	筋骨
jbgv	金贵
jbgx	绝不姑息
jbhv	绝不会
jbhh	金碧辉煌
jbhk	襟怀
jbhl	金黄
jbho	进货
jbhr	尽欢
jbhu	近乎
jbhx	进化
jbhy	金婚
jbhz	今后
jbia	金叉
jbid	金钗
jbif	今晨
jbig	进程
jbih	进场
jbii	矜持
jbiu	进出
jbiy	久病成医
jbir	拒不承认
jbjb	仅仅
jbjk	进京
jbjt	禁绝
jbjd	加班加点
jbji	紧急
jbjn	近郊
jbjp	进阶
jbjm	觐见
jbju	金橘
jbjv	精兵简政
jbjx	进价
jbjy	进军
jbjq	交杯酒
jbjr	交白卷
jbka	金卡
jbkj	近看
jbkc	坚不可摧
jbkd	急不可待
jbkn	急不可耐
jbke	尽可
jbkk	尽快
jbkl	近况
jbku	金库
jbkz	进口
jbkg	揭不开锅
jbkv	家不可一日无主
jblb	近邻
jbld	进来
jbli	尽力
jblk	禁令
jbll	尽量
jblj	金兰
jblm	金莲
jblp	禁猎
jblr	禁脔
jblo	筋络
jbls	金龙
jbly	锦纶
jblu	近路
jbmf	进门
jbmi	紧密
jbmo	浸没
jbmd	筋脉
jbmc	金毛
jbnm	今年
jbnq	金牛
jbng	仅能
jbnv	剑拔弩张
jbph	近旁
jbpc	浸泡
jbpd	金牌
jbpi	捷报频传
jbpk	仅凭
jbpo	紧迫
jbq	记不清
jbql	记不清了
jbqb	近亲
jbqi	近期
jbqj	精兵强将
jbqk	尽情
jbqm	金钱
jbqn	紧俏
jbqq	进球
jbqt	紧缺
jbqu	进去
jbqy	进群
jbrc	即便如此
jbrf	健步如飞
jbri	今日
jbrj	尽然
jbrr	技不如人
jbrs	金融
jbru	进入
jbrx	今不如昔
jbsd	禁赛
jbse	金色
jbsi	近似
jbso	紧缩
jbsv	紧随
jbsy	戒备森严
jbtz	尽头
jbtm	今天
jbtq	记不太清
jbtj	基本条件
jbtn	金条
jbtp	津贴
jbtu	金榜题名时
jbtv	进退
jbti	吉布提
jbu	基本上
jbuh	脊背生寒
jbuf	谨慎
jbug	晋升
jbui	近视
jbuj	金山
jbuu	金属
jbuv	进水
jbvc	今朝
jbve	紧着
jbvh	紧张
jbvi	禁止
jbvj	进展
jbvf	金针
jbvo	金镯
jbvr	金砖
jbvs	尽忠
jbvu	进驻
jbvv	紧追
jbvx	紧抓
jbwj	今晚
jbwo	紧握
jbwu	进屋
jbww	仅为
jbwx	洁白无瑕
jbwz	久病无孝子
jbxk	进行
jbxb	尽心
jbxl	进项
jbxi	今昔
jbxm	仅限
jbxn	今宵
jbxq	锦绣
jbxf	箭不虚发
jbya	金牙
jbyb	金银
jbyc	紧要
jbye	今夜
jbyj	禁言
jbys	禁用
jbyu	金鱼
jbyy	禁运
jbyz	仅有
jbyx	简便易行
jbzc	今早
jbzd	尽在
jbze	尽责
jbzi	金子
jbzy	谨遵
jbzu	饥不择食
jbzz	酒不醉人人自醉
jbdm	近点
jbnh	锦囊
jbjl	讲不讲理
jcba	局促不安
jcbu	就此罢手
jccs	急匆匆
jccj	金灿灿
jcey	仅此而已
jcfi	精彩纷呈
jcjh	借此机会
jcjc	将错就错
jcjl	精彩绝伦
jcjy	惊才绝艳
jcky	饥餐渴饮
jcle	记错了
jcli	脚踩两只船
jclj	就此了结
jcqy	见财起意
jcsf	几次三番
jcum	紧蹙双眉
jcvj	精彩之极
jcwg	家财万贯
jcxh	结草衔环
jcyu	仅次于
jcyc	仅此一次
jczb	就此作罢
jdbn	仅代表
jdbj	脚底板
jdbf	绝大部分
jdbu	技多不压身
jdbl	旧的不去，新的不来
jdbh	绝对不会
jdby	坚定不移
jdbx	绝对不行
jdcm	绝顶聪明
jddi	娇滴滴
jddu	绝大多数
jddl	叫地地不灵
jddm	既当爹又当妈
jdeq	崛地而起
jdf	借贷方
jdfl	江东父老
jdfh	绝代风华
jdfj	绝地反击
jdfg	假道伐虢
jdgu	绝顶高手
jdgy	静电感应
jdh	接电话
jdhe	机顶盒
jdhx	皆大欢喜
jdhy	夹道欢迎
jdiy	旧地重游
jdie	机动车
jdil	机动车辆
jdiv	集大成者
jdjn	基督教
jdjj	亟待解决
jdjr	绝代佳人
jdle	几点了
jdlt	鸡蛋里挑骨头
jdlh	机动灵活
jdly	既得利益
jdld	加大力度
jdml	简单明了
jdmb	既定目标
jdmd	加德满都
jdpt	鸡蛋碰石头
jdq	经得起
jdqi	接地气
jdqc	就地取材
jdqu	绝地求生
jdsl	激动死了
jdsi	掘地三尺
jdui	绝对是
jdug	见多识广
jdur	借刀杀人
jduj	绝代双骄
jdub	剪刀石头布
jdv	景德镇
jdvs	几点钟
jdvf	就地正法
jdvl	家道中落
jdvw	井底之蛙
jdwm	借贷无门
jdwx	近代文学
jdx	决定性
jdxk	精雕细刻
jdxs	精打细算
jdxv	精雕细琢
jdxu	积德行善
jdxh	几度夕阳红
jdrx	激动人心
jdyu	就等于
jdyy	筋斗云
jdys	结党营私
jdyf	教导有方
jdyd	家大业大
jege	今儿个
jeij	剪恶除奸
jejv	久而久之
jejs	吉尔吉斯
jejt	吉尔吉斯斯坦
jels	接二连三
jeri	嫉恶如仇
jeyv	简而言之
jfby	疾风暴雨
jfcu	军法从事
jfdd	鸡飞蛋打
jffm	奖罚分明
jffq	结发夫妻
jfgt	鸡飞狗跳
jfgj	鸡飞狗叫
jfiv	见缝插针
jfj	解放军
jfjy	见风就是雨
jfjp	劫富济贫
jfjz	见缝就钻
jfle	解放了
jflj	街坊邻居
jfmm	几方面
jfor	绝非偶然
jfqm	解放前
jfsy	疾风扫落叶
jfsu	金风送爽
jfti	简繁体
jfud	见风使舵
jfum	久负盛名
jful	绝非善类
jfvs	几分钟
jfvc	疾风知劲草
jfvq	肌肤之亲
jfvj	酒逢知己
jfvy	疾风骤雨
jfvu	酒逢知己千杯少
jfvd	见风转舵
jfxn	见分晓
jfxb	今非昔比
jfxl	疾风迅雷
jfxi	接风洗尘
jfyf	奸夫淫妇
jfyl	金风玉露
jfyu	绝非易事
jfym	江枫渔火对愁眠
jfpm	警匪片
jgbg	见怪不怪
jgbf	价格不菲
jgbh	金箍棒
jgbx	居高不下
jgbd	就高不就低
jgbm	巾帼不让须眉
jgbu	金刚不坏之身
jgci	几个词
jgck	仅供参考
jgcl	金光灿烂
jgdg	聚光灯
jgeq	揭竿而起
jgfm	几个方面
jgfj	借古讽今
jgge	九宫格
jghh	几个回合
jghy	急公好义
jgih	加工厂
jgjk	金刚经
jgjc	鞠躬尽瘁
jgjj	加官晋爵
jgjl	急功近利
jgjs	假公济私
jgjy	鞠躬尽瘁，死而后已
jgli	举个例
jgle	见鬼了
jglh	几个来回
jglx	居高临下
jgly	建功立业
jglz	举个例子
jglb	几个礼拜
jgmm	见个面
jgmg	紧赶慢赶
jgmj	击鼓鸣金
jgne	结果呢
jgnm	金刚怒目
jgpk	截个屏
jgpy	交个朋友
jgq	几个钱
jgql	机关枪
jgqb	静观其变
jgqh	家国情怀
jgqm	金鼓齐鸣
jgqg	今古奇观
jgrf	几个人
jgrc	尽管如此
jgrh	结果如何
jgsi	见光死
jgsg	嫁狗随狗
jgsj	机关算尽
jgsx	酒过三巡
jgtu	截个图
jgtm	金戈铁马
jgtq	举国同庆
jgtx	家国天下
jgu	井冈山
jguj	几个世纪
jguu	金光闪闪
jgux	举国上下
jguz	将功赎罪
jguh	见鬼说鬼话
jguv	敬鬼神而远之
jgv	紧箍咒
jgve	紧跟着
jgvc	经国之才
jgvn	惊弓之鸟
jgvz	将功折罪
jgvt	几个钟头
jgvs	几个钟
jgvw	居功至伟
jgvy	军国主义
jgwf	甲骨文
jgwt	几个问题
jgx	金龟婿
jgxm	巾帼须眉
jgxu	几个小时
jgxq	几个星期
jgxz	精耕细作
jgxk	结构性
jgyt	几个月
jgyi	技高一筹
jgyx	巾帼英雄
jgyq	降格以求
jgyj	节骨眼
jgyu	节骨眼上
jgzi	几个字
jgza	居功自傲
jhbi	就好比
jhbt	迥乎不同
jhbk	计划不如变化快
jhbx	家花不如野花香
jher	酒酣耳热
jhen	江湖儿女
jhes	尽欢而散
jhfl	久旱逢甘霖
jhgf	脚后跟
jhgx	急火攻心
jhgh	计划赶不上变化
jhhh	江河湖海
jhhz	简化汉字
jhiu	交汇处
jhie	救护车
jhia	菊花茶
jhib	机会成本
jhji	交换机
jhjj	江湖救急
jhjp	饥寒交迫
jhju	见好就收
jhjy	静候佳音
jhjd	机会均等
jhl	就好了
jhle	搅黄了
jhlx	酒后乱性
jhma	激活码
jhmy	几乎没有
jhmm	机会渺茫
jhmk	计划没有变化快
jhnd	机会难得
jhpz	江湖骗子
jhqx	饥寒起盗心
jhrf	监护人
jhrx	江河日下
jhrw	机毁人亡
jht	交换台
jhtd	襟怀坦荡
jhtb	襟怀坦白
jhty	酒后吐真言
jhtf	教会徒弟饿死师傅
jhtx	几何图形
jhui	几乎是
jhuj	九华山
jhuc	惊慌失措
jhuy	镜花水月
jhuz	结婚生子
jhul	姜还是老的辣
jhvy	机会主义
jhwl	几乎为零
jhwd	惊魂未定
jhwx	家和万事兴
jhxl	就好像
jhxf	借花献佛
jhxi	旧恨新仇
jhxq	驾鹤西去
jhxy	驾鹤西游
jhxg	积毁销骨
jhy	嫁祸于
jhyp	惊鸿一瞥
jhyr	嫁祸于人
jhyu	劫后余生
jhzi	叫花子
jhdh	京杭大运河
jhdu	计划单列市
jhdx	浸会大学
jiah	激昂
jiba	几把
jibc	季报
jibd	几百
jibf	基本
jibi	击毙
jibj	羁绊
jibk	疾病
jibm	几遍
jibp	级别
jibq	纠缠不清
jibw	几倍
jibx	坚持不懈
jice	计策
jicd	荠菜
jicg	基层
jich	机舱
jici	几次
jico	记错
jicu	急促
jicy	寄存
jicv	集萃
jida	极大
jidd	亟待
jide	记得
jidc	寄到
jidu	季度
jidh	激荡
jidi	基地
jidk	既定
jidm	几点
jidn	基调
jidr	极端
jids	激动
jidj	鸡蛋
jidv	挤兑
jiee	饥饿
jier	继而
jieq	绝尘而去
jifa	激发
jiff	积分
jifg	讥讽
jifh	机房
jifj	几番
jifu	肌肤
jifw	计费
jigc	极高
jige	几个
jigl	激光
jigo	记过
jigr	机关
jigu	击鼓
jigs	济公
jigw	寄给
jigx	记挂
jigz	机构
jigd	鸡肠狗肚
jihc	记号
jihe	集合
jihf	嫉恨
jihl	饥荒
jiho	激活
jihr	疾患
jihu	几乎
jihv	机会
jihx	计划
jihj	饥寒
jiis	急冲冲
jiia	稽查
jiic	讥嘲
jiif	击沉
jiig	继承
jiih	机场
jiii	鸡翅
jiil	机床
jiir	击穿
jiiu	基础
jiie	计程车
jiiz	记仇
jijb	基金
jiji	积极
jijk	寂静
jijl	即将
jijm	击键
jijn	计较
jijp	季节
jijq	急救
jiju	几句
jijx	几家
jijy	季军
jijg	检察机关
jijj	坚持己见
jikk	几块
jike	饥渴
jiku	疾苦
jikv	击溃
jikx	击垮
jikz	忌口
jiks	疾控
jilb	吉林
jilc	记牢
jild	家长里短
jile	急了
jili	激励
jilk	机灵
jily	几轮
jill	计量
jiln	寂寥
jilo	击落
jilp	激烈
jilq	激流
jils	基隆
jilu	记录
jilv	纪律
jilw	积累
jimb	机敏
jimn	几秒
jimc	鸡毛
jimp	寂灭
jimh	急忙
jimd	寄卖
jimi	机密
jimk	几名
jimo	寂寞
jimu	继母
jimz	计谋
jina	缉拿
jing	技能
jinj	济南
jinm	几年
jinu	激怒
jinv	妓女
jind	挤奶
jiou	奇偶
jipb	极品
jipm	几篇
jipn	机票
jipo	急迫
jipd	鸡排
jipi	鸡皮
jipa	鸡扒
jipu	吉普
jiqi	机器
jiqk	激情
jiql	极强
jiqm	几千
jiqn	技巧
jiqy	集群
jiqp	急切
jiqt	急缺
jiqq	击球
jiqr	几圈
jiqu	汲取
jirf	几人
jiri	几日
jirl	酒池肉林
jirj	既然
jiro	积弱
jiru	记入
jirz	肌肉
jisc	祭扫
jisi	祭祀
jisu	极速
jisv	几岁
jiss	寄送
jita	吉他
jitc	几套
jitd	几台
jith	鸡汤
jiti	集体
jitj	祭坛
jitm	几天
jitn	几条
jito	寄托
jitq	金蝉脱壳
jitr	集团
jitv	鸡腿
jitz	鸡头
jiui	及时
jiua	击杀
jiuc	极少
jiuf	跻身
jiug	寄生
jiuu	技术
jiuv	积水
jiuz	棘手
jiuh	系上
jiun	精虫上脑
jivc	几招
jive	记者
jivf	急诊
jivg	急症
jivh	几张
jivi	几只
jivj	激战
jivs	集中
jivu	记住
jivv	脊椎
jivy	基准
jivz	几周
jivx	鸡爪
jivr	急转
jiva	叽喳
jivt	就吃这一套
jiww	几位
jiwh	既往
jiwf	祭文
jiwj	几万
jiwo	鸡窝
jiwu	既无
jixi	即席
jixk	记性
jixb	机芯
jixl	吉祥
jixm	极限
jixn	绩效
jixp	机械
jixq	机修
jixs	鸡胸
jixt	鸡血
jixu	继续
jixx	记下
jixy	集训
jixr	机选
jiya	挤压
jiyb	基因
jiyc	既要
jiye	几页
jiyh	几样
jiyi	记忆
jiyr	机缘
jiys	急用
jiyu	机遇
jiyz	既有
jiza	鸡杂
jizc	急躁
jizd	记载
jizg	激增
jizi	机子
jizj	积攒
jizu	机组
jizw	鸡贼
jjai	计将安出
jjb	精简版
jjbb	结结巴巴
jjbi	敬酒不吃
jjbj	敬酒不吃吃罚酒
jjbr	岌岌不可终日
jjbt	节节败退
jjbu	经久不衰
jjbx	经久不息
jjbg	久假不归
jjbl	解决不了
jjbs	将军百战死
jjby	九九八十一
jjch	经济舱
jjcu	荆棘丛生
jjcy	积极参与
jjcc	蒹葭苍苍
jjdi	聚集地
jjdd	简简单单
jjdl	金鸡独立
jjdx	踽踽独行
jjdv	阶级斗争
jjex	见机而行
jjf	加减法
jjfa	激将法
jjfu	久经风霜
jjfd	坚决反对
jjfv	急惊风撞着慢郎中
jjfz	积极分子
jjgu	肩胛骨
jjgl	犄角旮旯
jjgt	解甲归田
jjgy	九九归一
jjgg	叽叽咕咕
jjhx	几句话
jjhh	家家户户
jjhu	聚精会神
jjih	竞技场
jjii	进进出出
jjjj	斤斤计较
jjji	借酒浇愁
jjjl	几斤几两
jjjh	击节叫好
jjjq	积极进取
jjjf	经济纠纷
jjjz	戒骄戒躁
jjka	借记卡
jjkk	健健康康
jjkw	岌岌可危
jjkv	积极开展
jjky	久经考验
jjle	解决了
jjld	津津乐道
jjmf	解解闷
jjmw	金骏眉
jjmm	急急忙忙
jjml	简洁明了
jjnm	近几年
jjnv	绞尽脑汁
jjny	经久耐用
jjnl	近几年来
jjpu	节节攀升
jjph	家境贫寒
jjql	竭尽全力
jjri	节假日
jjrc	仅仅如此
jjrf	经纪人
jjrl	急急如律令
jjrx	久居人下
jjs	晋级赛
jjsd	静极思动
jjsj	嫁鸡随鸡
jjsg	嫁鸡随鸡，嫁狗随狗
jjsn	竭尽所能
jjst	荆棘塞途
jjtm	近几天
jjtq	经济特区
jjty	竞技体育
jjtd	积极推动
jjtx	兼济天下
jju	仅仅是
jjuj	旧金山
jjuz	狙击手
jjuu	结结实实
jjud	借鸡生蛋
jjuh	经济实惠
jjui	久经沙场
jjul	节节胜利
jjv	紧接着
jjve	佼佼者
jjvc	经济制裁
jjvu	掎角之势
jjvv	叽叽喳喳
jjvx	眷眷之心
jjvd	积极主动
jjvf	借酒装疯
jjwf	降降温
jjww	叽叽歪歪
jjwj	经济危机
jjwm	籍籍无名
jjwu	接近尾声
jjwt	解决问题
jjxk	积极性
jjxt	经济学
jjxm	警戒线
jjxy	经济效益
jjxd	借鸡下蛋
jjxu	见机行事
jjxj	经济学家
jjxl	涓涓细流
jjyt	井井有条
jjyj	家家有本难念的经
jjyu	炯炯有神
jjyw	津津有味
jjyy	兢兢业业
jjys	积极因素
jjyx	解决一下
jjyz	积极营造
jjyr	戒急用忍
jjzl	句句在理
jjzt	荆棘载途
jkai	敬爱
jkbc	警报
jkbd	叫苦不迭
jkbj	经办
jkbk	精兵
jkbn	竞标
jkbm	精编
jkbt	绝口不提
jkby	缄口不言
jkbu	颈部
jkbw	警备
jkbl	积跬步以至千里
jkcd	精彩
jkcv	精粹
jkdd	惊呆
jkdc	精到
jkdi	境地
jkdm	经典
jkds	惊动
jkdv	警队
jkdu	精度
jkdh	精当
jkee	净额
jkfd	艰苦奋斗
jkfh	警方
jkfw	经费
jkgo	经过
jkgc	警告
jkgj	竟敢
jkgk	精怪
jkgl	精光
jkgh	精钢
jkgr	景观
jkgd	井盖
jkgy	警棍
jkgu	进可攻，退可守
jkhx	精华
jkhv	警徽
jkhd	惊骇
jkhj	精悍
jkhl	惊慌
jkhu	惊呼
jkhy	惊魂
jkhz	静候
jkhc	警号
jkhe	敬贺
jkhh	京杭
jkia	警察
jkie	警车
jkig	京城
jkih	经常
jkis	精虫
jkii	精赤
jkil	经幢
jkiv	健康成长
jkiz	交口称赞
jkji	经济
jkjk	静静
jkjb	精进
jkjm	精简
jkjp	境界
jkjq	敬酒
jkjt	警觉
jkju	京剧
jkjx	竞价
jkjn	救苦救难
jkks	惊恐
jkke	荆轲
jkkl	境况
jklc	敬老
jkli	经历
jklk	精灵
jkll	精良
jklm	精炼
jklo	经络
jklr	痉挛
jklt	叫苦连天
jklv	劲旅
jklw	惊雷
jkly	腈纶
jkmb	警民
jkmc	经贸
jkmd	静脉
jkmf	荆门
jkmi	精密
jkmk	精明
jkmn	精妙
jkmo	静默
jkmm	镜面
jkmu	敬慕
jkmw	精美
jkng	尽可能
jknm	经年
jknn	饥渴难耐
jknw	境内
jknh	鸡口牛后
jkpb	精品
jkpf	井喷
jkpd	竞拍
jkpi	精辟
jkpm	镜片
jkpo	精魄
jkpw	敬佩
jkps	艰苦朴素
jkqi	惊奇
jkqk	敬请
jkql	京腔
jkqn	精巧
jkqr	警犬
jkqt	精确
jkqu	景区
jkrc	惊扰
jkrf	惊人
jkrj	竟然
jkrv	精锐
jksd	竞赛
jkse	景色
jksu	竞速
jksr	精算
jksk	捷克斯洛伐克
jkss	惊悚
jksv	精髓
jktc	惊涛
jktd	静态
jkti	警惕
jktj	惊叹
jktk	静听
jktm	惊天
jkts	精通
jktu	净土
jkty	鲸吞
jktz	镜头
jktp	精铁
jkua	鲸鲨
jkue	劲射
jkuf	精神
jkuh	经商
jkui	警示
jkuu	经书
jkuv	井水
jkuz	经受
jkve	惊蛰
jkvg	竞争
jkvh	警长
jkvi	精致
jkvj	精湛
jkvl	精装
jkvs	警钟
jkvu	竞逐
jkvv	颈椎
jkvy	精准
jkvk	健康状况
jkvx	疾控中心
jkwd	境外
jkwo	静卧
jkwf	经文
jkwu	景物
jkwv	惊恐万状
jkww	敬畏
jkxb	精心
jkxi	惊喜
jkxk	惊醒
jkxl	镜像
jkxm	惊险
jkxn	经销
jkxr	精选
jkxt	经血
jkxq	静修
jkxx	惊吓
jkxp	警械
jkya	惊讶
jkyb	静音
jkyc	精要
jkye	敬业
jkyh	敬仰
jkyi	敬意
jkyj	经验
jkyk	经营
jkys	经用
jkyl	金科玉律
jkyr	警员
jkyu	鲸鱼
jkyy	金口玉言
jkyz	精油
jkzg	净增
jkzi	镜子
jkzo	静坐
jkzu	京族
jkzz	竞走
jkzd	竟在
jlbu	俱乐部
jlbh	接力棒
jlbi	加勒比
jlbj	精力不济
jlbd	接连不断
jlba	焦虑不安
jlbw	江北
jlbb	江滨
jlbm	江边
jlbs	基里巴斯
jlcj	江郎才尽
jlco	讲错
jlcd	酱菜
jlcs	姜葱
jldc	降到
jldi	降低
jldz	豇豆
jlds	江东
jlew	尽力而为
jlej	结庐而居
jlfu	降幅
jlfa	奖罚
jlfr	居里夫人
jlgc	讲稿
jlgw	讲给
jlgr	将官
jlgl	叽里呱啦
jlgo	讲过
jlge	降格
jlgs	鸡零狗碎
jlgu	精力过剩
jlgh	接了个电话
jlhe	江河
jlhk	江淮
jlhr	解铃还须系铃人
jlhu	江湖
jlhv	将会
jlhx	讲话
jlhc	讲好
jlho	降火
jlig	奖惩
jlii	僵持
jlia	姜茶
jlih	疆场
jlip	精力充沛
jlij	积劳成疾
jljb	将近
jljk	江景
jlji	降级
jljl	讲讲
jljp	讲解
jljq	讲究
jljx	降价
jljy	将军
jlju	僵局
jljf	街里街坊
jljs	加拉加斯
jlke	讲课
jllb	降临
jlld	将来
jlli	奖励
jllk	将领
jllo	降落
jlln	酱料
jllt	伽利略
jllv	据理力争
jlmf	江门
jlmm	江面
jlmg	紧锣密鼓
jlnj	江南
jlnl	近两年来
jlpb	奖品
jlpd	奖牌
jlpk	讲评
jlpo	吉隆坡
jlpm	纪录片
jlqi	将其
jlqq	讲求
jlqr	奖券
jlqg	戒律清规
jlry	净利润
jlrf	匠人
jlrz	酱肉
jlru	军令如山
jlsu	江苏
jlsr	姜蒜
jlsj	降落伞
jltd	讲台
jltu	疆土
jlth	姜汤
jltj	讲坛
jlty	江豚
jltx	君临天下
jluk	将帅
jlug	缰绳
jluh	奖赏
jlua	讲啥
jlui	僵尸
jluj	江山
jluu	讲述
jluv	降水
jluz	讲授
jlum	举例说明
jlve	江浙
jlvs	江中
jlvh	奖章
jlvi	将至
jlvl	奖状
jlvd	久留之地
jlvm	捡了芝麻
jlvu	嗟来之食
jlvv	既来之，则安之
jlvg	捡了芝麻，丢了西瓜
jlww	降为
jlwf	降温
jlwj	讲完
jlwm	价廉物美
jlwu	精力旺盛
jlwy	见利忘义
jlxi	江西
jlxb	降薪
jlxl	奖项
jlxt	降雪
jlxu	降序
jlxx	见猎心喜
jlya	降压
jlye	浆液
jlyb	江阴
jlyc	将要
jlyj	讲演
jlyk	僵硬
jlys	将用
jlyt	急流勇退
jlyu	降雨
jlyi	讲义
jlyz	酱油
jlyd	剧烈运动
jlzo	讲座
jlzc	降噪
jlzd	将在
jlzv	犟嘴
jlzy	鸡烂嘴巴硬
jlzx	敬老尊贤
jldx	吉林大学
jmao	煎熬
jmai	兼爱
jmbf	简本
jmbc	简报
jmbh	肩膀
jmbu	肩部
jmbj	减半
jmbk	兼并
jmbm	简便
jmbp	鉴别
jmbw	兼备
jmbs	鉴貌辨色
jmcd	建材
jmce	检测
jmch	建仓
jmci	简词
jmcc	健美操
jmda	简答
jmdc	见到
jmde	兼得
jmdh	建党
jmdi	减低
jmdk	坚定
jmdm	检点
jmdn	剪掉
jmdp	间谍
jmdr	简短
jmdu	监督
jmdv	舰队
jmdz	鸡毛掸子
jmey	简明扼要
jmfa	减法
jmfg	剑锋
jmfh	建房
jmfj	简繁
jmfu	肩负
jmfw	减肥
jmff	减分
jmgf	鸡鸣狗吠
jmgk	见怪
jmgo	见过
jmgr	监管
jmgu	兼顾
jmgv	见鬼
jmgs	监工
jmge	间隔
jmgl	见光
jmgd	鸡鸣狗盗
jmhc	减号
jmhh	建行
jmhs	见红
jmho	贱货
jmhr	减缓
jmhu	监护
jmhv	捡回
jmhx	简化
jmhz	将门虎子
jmhy	旧貌换新颜
jmia	检查
jmiu	减除
jmif	奸臣
jmig	简称
jmih	建厂
jmii	坚持
jmij	减产
jmjb	渐进
jmji	剪辑
jmjl	健将
jmjm	渐渐
jmjn	尖叫
jmjp	间接
jmjt	坚决
jmju	间距
jmjx	减价
jmjy	监军
jmkc	监考
jmkd	剪开
jmke	剑客
jmkh	健康
jmkl	简况
jmks	监控
jmku	艰苦
jmkv	减亏
jmli	建立
jmlc	监牢
jmld	捡来
jmle	见了
jmll	见谅
jmlm	简练
jmlo	溅落
jmlt	简略
jmln	今明两年
jmlz	简陋
jmlu	检录
jmma	简码
jmmb	贱民
jmmc	键帽
jmmd	贱卖
jmmj	减慢
jmmk	简明
jmmm	见面
jmmo	建模
jmmp	歼灭
jmmw	健美
jmnj	艰难
jmns	渐浓
jmnk	奸佞
jmnw	贱内
jmnc	健脑
jmny	挤眉弄眼
jmpb	简拼
jmpi	健脾
jmpj	键盘
jmpk	简评
jmpn	检票
jmpd	减排
jmpu	简朴
jmqg	精明强干
jmqi	捡起
jmqk	减轻
jmql	坚强
jmqm	捡钱
jmqn	剑桥
jmqp	剪切
jmqr	健全
jmqu	减去
jmqv	静脉曲张
jmrf	兼任
jmro	减弱
jmrs	兼容
jmrv	尖锐
jmru	键入
jmse	艰涩
jmsv	剪碎
jmso	检索
jmsr	尖酸
jmsp	鸡毛蒜皮
jmsu	减速
jmsy	减损
jmsi	佳木斯
jmtz	箭头
jmtc	检讨
jmta	践踏
jmti	简体
jmtj	健谈
jmtk	坚挺
jmtp	剪贴
jmtv	减退
jmtx	姐妹同心
jmuc	减少
jmue	建设
jmuf	健身
jmuh	鉴赏
jmui	见识
jmuo	健硕
jmuu	简述
jmuv	减税
jmuz	坚守
jmut	金木水火土
jmvs	几秒钟
jmvi	兼职
jmva	奸诈
jmvf	坚贞
jmvg	见证
jmvh	舰长
jmvl	健壮
jmvu	建筑
jmvy	键准
jmvv	静谧之中
jmww	键位
jmwf	见闻
jmwd	见外
jmwh	健忘
jmwl	假冒伪劣
jmwq	举目无亲
jmwu	奸污
jmxb	坚信
jmxi	间隙
jmxk	践行
jmxm	艰险
jmxn	减小
jmxx	见下
jmxp	间歇
jmxq	检修
jmxr	拣选
jmxs	奸雄
jmxy	简讯
jmya	减压
jmyb	奸淫
jmyc	简要
jmyh	救民于水火
jmyi	建议
jmyj	检验
jmyk	坚硬
jmyr	减员
jmyt	简约
jmyu	鉴于
jmyz	兼有
jmza	间杂
jmzc	建造
jmzd	健在
jmzg	渐增
jmzo	兼做
jmze	简则
jmzi	尖子
jmzw	奸贼
jmzu	箭镞
jnan	教案
jnao	骄傲
jnbf	脚本
jnbj	搅拌
jnbm	狡辩
jnbu	脚步
jnbw	脚背
jnbk	交兵
jnbd	茭白
jncd	教材
jnch	窖藏
jnco	交错
jnda	较大
jndc	教导
jndd	交代
jndi	较低
jndk	校订
jndm	焦点
jndp	交叠
jndo	较多
jndr	较短
jnds	搅动
jndu	角度
jndv	校对
jnee	交恶
jner	焦耳
jnel	九牛二虎之力
jnfa	叫法
jnfd	酒囊饭袋
jnfg	交锋
jnfu	交付
jnfw	缴费
jngc	较高
jnge	交割
jngf	脚跟
jngl	较广
jngo	教过
jngr	教官
jngv	娇贵
jngw	交给
jngh	角钢
jnga	缉拿归案
jngx	急怒攻心
jngz	交媾
jnhc	较好
jnhe	交合
jnhg	骄横
jnhh	交行
jnhj	叫喊
jnhk	脚踝
jnhl	教皇
jnho	交货
jnhr	交换
jnhu	交互
jnhv	教会
jnhw	焦黑
jnhx	狡猾
jnhy	搅浑
jnhb	节能环保
jnia	交叉
jnid	交差
jnie	轿车
jnif	娇嗔
jnig	教程
jnih	较长
jnii	角尺
jnis	娇宠
jniu	交出
jniy	叫春
jnir	娇喘
jnjb	较近
jnji	交际
jnjk	交警
jnjm	脚尖
jnjn	教教
jnjp	交接
jnjr	交卷
jnjt	叫绝
jnju	焦距
jnjx	叫价
jnjy	借你吉言
jnke	教科
jnkj	校勘
jnkk	较快
jnkl	骄狂
jnkr	交款
jnku	叫苦
jnky	交困
jnld	叫来
jnli	脚力
jnll	较量
jnlg	脚冷
jnlm	教练
jnln	脚镣
jnlo	角落
jnlj	嚼烂
jnlq	交流
jnlr	搅乱
jnls	蛟龙
jnlv	焦虑
jnlk	教龄
jnlz	角楼
jnly	经年累月
jnma	叫骂
jnmd	叫卖
jnmf	叫门
jnmj	较慢
jnmn	俊男美女
jnmm	脚面
jnmo	角膜
jnmp	剿灭
jnmu	酵母
jnmw	娇媚
jnna	缴纳
jnnf	娇嫩
jnnh	胶囊
jnnj	较难
jnnl	娇娘
jnpb	纪念品
jnpd	教派
jnpf	脚盆
jnpm	胶片
jnpu	脚蹼
jnpw	交配
jnpj	绞盘
jnqi	娇气
jnqk	交情
jnql	较强
jnqm	交钱
jnqq	角球
jnqu	郊区
jnqv	艰难曲折
jnri	纪念日
jnrf	叫人
jnrh	叫嚷
jnro	较弱
jnrs	交融
jnrz	娇柔
jnrc	搅扰
jnso	教唆
jnsi	绞死
jnsu	酵素
jnts	交通
jnta	脚踏
jnth	教堂
jnti	交替
jntj	交谈
jntk	叫停
jntn	教条
jntu	教徒
jntz	交投
jntp	角铁
jnuf	较深
jnua	叫啥
jnuc	较少
jnue	交涉
jnug	叫声
jnuh	脚上
jnui	教师
jnuu	教书
jnuv	胶水
jnuz	教授
jnva	狡诈
jnve	叫着
jnvf	较真
jnvg	矫正
jnvh	脚掌
jnvi	脚趾
jnvj	交战
jnvo	焦灼
jnvs	较重
jnvu	浇筑
jnvy	校准
jnwd	郊外
jnwh	交往
jnwj	较晚
jnwu	教务
jnww	较为
jnxb	交心
jnxk	侥幸
jnxn	较小
jnxp	缴械
jnxq	娇羞
jnxr	脚癣
jnxt	教学
jnxv	解囊相助
jnxx	脚下
jnxy	教训
jnxz	艰难险阻
jnya	脚丫
jnyb	脚印
jnyh	教养
jnyi	交易
jnyj	校验
jnye	郊野
jnym	九牛一毛
jnyr	较远
jnyt	校阅
jnyu	教育
jnyy	搅匀
jnyz	交友
jnyl	今年以来
jnzc	焦躁
jnzi	饺子
jnzo	叫作
jnzs	骄纵
jnzu	基诺族
jndx	暨南大学
joti	佳偶天成
jpai	节哀
jpan	结案
jpao	桀骜
jpba	结巴
jpbc	解包
jpbd	洁白
jpbh	解绑
jpbj	接班
jpbo	接驳
jpbk	结冰
jpbm	街边
jpbw	戒备
jpbn	劫镖
jpcc	节操
jpcd	芥菜
jpcg	阶层
jpci	借此
jpcy	结存
jpda	解答
jpdc	街道
jpdd	接待
jpdj	接单
jpdg	街灯
jpdi	姐弟
jpdk	界定
jpdm	节点
jpdr	阶段
jpds	解冻
jpdu	解读
jpdh	接档
jpdv	结对
jpee	解饿
jpfa	揭发
jpfg	接风
jpfh	解放
jpfu	姐夫
jpfw	劫匪
jpgl	借光
jpgo	结果
jpgr	接管
jpgu	解雇
jpgv	接轨
jpgw	借给
jpgz	结构
jpgc	截稿
jpgd	鸡皮疙瘩
jpgg	桔梗
jpgj	秸秆
jphc	接好
jphe	结合
jphf	解恨
jphk	介怀
jpho	解惑
jphu	介乎
jphv	结汇
jphy	结婚
jphz	节后
jphx	接话
jphh	就怕货比货
jpia	接茬
jpie	接车
jpic	解嘲
jpig	竭诚
jpih	结肠
jpii	劫持
jpij	解馋
jpir	揭穿
jpiu	接触
jpiz	结仇
jpjb	接近
jpji	阶级
jpjk	结晶
jpjm	借鉴
jpjn	结交
jpjp	姐姐
jpjq	解救
jpjt	解决
jpju	结局
jpjx	节假
jpkd	解开
jpke	解渴
jpkr	借款
jpky	解困
jpkz	借口
jpld	借来
jple	借了
jpli	竭力
jpls	接龙
jplj	精疲力尽
jplk	节令
jplm	接连
jplq	截留
jplt	劫掠
jplu	揭露
jplv	戒律
jply	结论
jplw	街垒
jpma	解码
jpmc	睫毛
jpmf	解闷
jpmg	结盟
jpmi	解密
jpmj	届满
jpmm	界面
jpmo	芥末
jpmu	节目
jpmw	姐妹
jpmz	敬陪末座
jpna	接纳
jpng	节能
jpnh	解囊
jpnj	劫难
jpnw	界内
jppk	截屏
jppb	解聘
jppd	节拍
jppi	洁癖
jppj	接盘
jppo	揭破
jppz	解剖
jpqm	借钱
jpqb	结亲
jpqi	节气
jpqk	结清
jpqq	接球
jpqu	截取
jpqx	接洽
jpqr	解劝
jprf	接任
jprh	接壤
jpri	节日
jprj	截然
jpru	接入
jpre	解热
jprw	家破人亡
jprx	家贫如洗
jpsd	吉普赛
jpse	劫色
jpsj	解散
jpso	解锁
jpsr	结算
jpss	接送
jpsu	借宿
jptc	解套
jpti	接替
jptj	截瘫
jptk	接听
jptn	借条
jpto	解脱
jpts	接通
jptu	截图
jptz	街头
jpuc	介绍
jpue	结社
jpug	节省
jpuh	街上
jpui	解释
jpuo	解说
jpuu	结束
jpuz	接受
jpua	截杀
jpuf	洁身
jpvc	接招
jpvd	借债
jpve	接着
jpvf	接诊
jpvh	结账
jpvi	截止
jpvj	接站
jpvr	结转
jpvs	接种
jpvu	借助
jpvz	桀纣
jpwd	界外
jpwf	接吻
jpwh	结网
jpwu	街舞
jpww	结尾
jpwa	接娃
jpwy	就怕万一
jpxk	紧迫性
jpxx	接下
jpxb	戒心
jpxi	解析
jpxl	借坡下驴
jpxm	界限
jpxn	揭晓
jpxr	节选
jpxu	金盆洗手
jpya	解压
jpyb	皆因
jpyc	解药
jpye	结业
jpyi	介意
jpyj	戒烟
jpyk	接应
jpyr	结缘
jpys	借用
jpyt	节约
jpyu	介于
jpyz	皆有
jpzz	节奏
jpza	结扎
jpze	诘责
jpzo	杰作
jpzu	景颇族
jqai	旧爱
jqay	佶屈聱牙
jqba	酒吧
jqbd	九百
jqbj	旧版
jqbk	救兵
jqbl	鸡犬不留
jqbn	鸡犬不宁
jqbp	久别
jqbq	坚强不屈
jqbu	就不
jqbv	将勤补拙
jqbw	酒杯
jqbr	旌旗蔽日
jqci	就此
jqcd	韭菜
jqcj	就餐
jqco	纠错
jqcg	九层
jqdb	夹枪带棒
jqdg	久等
jqdi	就地
jqdm	酒店
jqdr	九段
jqdu	就读
jqel	极其恶劣
jqff	纠纷
jqfj	就范
jqfh	旧房
jqfl	奖勤罚懒
jqfr	旧情复燃
jqfu	舅父
jqge	九个
jqgh	酒缸
jqgo	救国
jqgr	酒馆
jqgs	九宫
jqgv	酒鬼
jqgy	究其根源
jqhv	就会
jqhc	就好
jqhe	纠合
jqhi	九曲回肠
jqhl	韭黄
jqhs	酒红
jqho	救火
jqhu	救护
jqhz	酒后
jqia	纠察
jqig	九成
jqij	纠缠
jqiu	救出
jqie	旧车
jqjb	就近
jqji	救济
jqjk	究竟
jqjl	九江
jqjp	纠结
jqjq	舅舅
jqju	旧居
jqjx	酒驾
jqjy	绝情绝义
jqkr	旧款
jqld	就来
jqlk	酒令
jqll	酒量
jqlq	久留
jqls	九龙
jqlw	酒类
jqlz	酒楼
jqma	舅妈
jqmc	旧貌
jqmg	旧梦
jqmk	救命
jqmu	舅母
jqn	几千年
jqnm	九年
jqng	就能
jqnl	酒酿
jqpk	酒瓶
jqpp	激情澎湃
jqpj	加权平均
jqqb	就寝
jqqm	九千
jqqi	酒气
jqqu	酒曲
jqqn	静悄悄
jqqr	酒泉
jqqx	捐弃前嫌
jqqd	敬请期待
jqr	机器人
jqrf	救人
jqri	九日
jqrz	酒肉
jqse	酒色
jqsr	就算
jqsv	九岁
jqsi	酒肆
jqsu	激情四射
jqsn	尽其所能
jqtm	九天
jqtp	旧帖
jqtu	酒徒
jqts	酒桶
jqui	就是
jquf	精气神
jqug	救生
jqut	鸡犬升天
jquu	救赎
jquv	酒水
jquz	就手
jqul	举起手来
jquw	九曲十八弯
jqvg	纠正
jqvd	旧宅
jqve	九折
jqvf	就诊
jqvo	酒桌
jqvl	酒庄
jqvh	旧账
jqvi	救治
jqvs	酒盅
jqvu	救助
jqvz	九州
jqvy	极其重要
jqvv	旌旗招展
jqvx	九泉之下
jqwf	久闻
jqwj	九万
jqwo	酒窝
jqwu	九五
jqww	久违
jqx	进取心
jqxb	揪心
jqxi	酒席
jqxk	就行
jqxl	就像
jqxn	九霄
jqxu	就绪
jqxm	酒仙
jqxw	鸡犬相闻
jqyc	就要
jqye	就业
jqyh	久仰
jqyi	就医
jqyj	酒宴
jqy	腱鞘炎
jqyb	酒瘾
jqyk	见钱眼开
jqyr	救援
jqyt	九月
jqyu	交浅言深
jqyy	究其原因
jqzd	救灾
jqzc	酒糟
jqzo	就座
jqzv	酒醉
jqdx	剑桥大学
jqpm	剧情片
jraf	见人矮三分
jrbb	坚韧不拔
jrbn	卷标
jrbt	截然不同
jrbx	兼容并蓄
jrdd	倦怠
jrds	卷动
jrev	戛然而止
jrfa	卷发
jrfd	肌肉发达
jrgu	眷顾
jrh	尖锐化
jrhi	噤若寒蝉
jrhx	绢花
jrii	卷尺
jriu	捐出
jris	君辱臣死
jriz	静若处子
jrig	酒肉穿肠过
jrjb	卷进
jrjr	涓涓
jrjj	渐入佳境
jrjv	见仁见智
jrjy	假仁假义
jrju	今日今时
jrke	镌刻
jrkr	捐款
jrkl	节日快乐
jrkq	计日可期
jrlm	眷恋
jrlv	眷侣
jrlw	节日礼物
jrlx	寄人篱下
jrmc	卷毛
jrnn	倦鸟
jrpy	酒肉朋友
jrpu	坚如磐石
jrqm	捐钱
jrqu	卷曲
jrqi	卷起
jrql	拒人千里
jrqw	拒人千里之外
jrrc	既然如此
jrrs	倦容
jrru	卷入
jrry	尽如人意
jrrh	救人如救火
jrse	倦色
jrso	卷缩
jrsj	急人所急
jrtx	吉人天相
jruo	假如说
jrui	尽人事
jrub	敬如上宾
jrue	卷舌
jruv	捐税
jrum	敬若神明
jruu	眷属
jruh	见人说人话
jrvu	捐助
jrvy	既然这样
jrvi	卷纸
jrvn	急人之难
jrvj	惊人之举
jrvz	卷轴
jrwu	捐物
jrwi	近日无仇
jrwj	金融危机
jrxk	兼容性
jrxm	捐献
jrxq	娟秀
jrxf	截然相反
jrxh	急如星火
jryi	倦意
jryj	卷烟
jrys	隽永
jryh	圈养
jrym	救人一命
jryu	孑然一身
jryw	拒人于千里之外
jryx	井然有序
jryy	佳人有约
jrzg	捐赠
jrzi	卷子
jrzs	卷宗
jrzx	吉人自有天相
jrzz	矫揉造作
jsbj	见死不救
jsbh	九死不悔
jsby	己所不欲
jscu	窘促
jscq	酒色财气
jsdu	加速度
jsdi	集散地
jsdd	减速带
jsfj	教唆犯
jsfu	救死扶伤
jsgy	集思广益
jshz	金丝猴
jshs	急三火四
jsji	计算机
jsjk	窘境
jsjs	炯炯
jskb	尖酸刻薄
jskl	窘况
jsky	窘困
jsle	急死了
jspo	窘迫
jsqi	计算器
jsqt	金丝雀
jsqh	紧随其后
jsqy	见色起意
jsrj	迥然
jstd	窘态
jsug	江苏省
jsua	金萨沙
jsvl	窘状
jsvt	酒色之徒
jswj	见所未见
jswi	聚散无常
jsxl	窘相
jsxv	境随心转
jsyi	迥异
jsyr	景色宜人
jsyu	九死一生
jspm	惊悚片
jtb	剪贴板
jtbi	绝壁
jtbj	绝版
jtbp	诀别
jtbu	绝不
jtby	惊叹不已
jtce	决策
jtde	觉得
jtdd	惊天动地
jtdi	决堤
jtdk	决定
jtdr	决断
jtdv	绝对
jtdz	决斗
jtdu	惊天地泣鬼神
jtew	具体而微
jtfh	借题发挥
jtfn	家庭妇女
jtfw	绝非
jtgr	晶体管
jtgj	交通工具
jtgs	集团公司
jtgy	姜太公钓鱼
jthc	绝好
jthl	惊涛骇浪
jtho	绝活
jthz	绝后
jthu	绝户
jthd	集体活动
jtia	觉察
jtif	绝尘
jtih	绝唱
jtil	卷土重来
jtiu	决出
jtjn	绝交
jtje	交头接耳
jtji	绝技
jtjk	绝境
jtjl	倔强
jtjt	决绝
jtju	绝句
jtjx	绝佳
jtjy	几天几夜
jtkd	掘开
jtkz	决口
jtlp	决裂
jtlv	倔驴
jtly	九天揽月
jtle	焦头烂额
jtli	脚踏两只船
jtln	进退两难
jtlj	景泰蓝
jtlu	绝路
jtmi	绝密
jtmn	绝妙
jtmw	绝美
jtmp	绝灭
jtmu	掘墓
jtmg	假途灭虢
jtnn	九头鸟
jtpw	绝配
jtpa	惊涛拍岸
jtqi	崛起
jtqk	绝情
jtqn	诀窍
jtqu	攫取
jtrj	决然
jtsb	家徒四壁
jtsd	决赛
jtse	角色
jtsk	狡兔三窟
jtsr	决算
jtsp	狡兔死走狗烹
jtsm	举头三尺有神明
jttu	掘土
jtty	叫天天不应
jtua	绝杀
jtuo	矍铄
jtud	脚踏实地
jtug	决胜
jtui	绝世
jtuz	绝收
jtuj	进退失据
jtun	交通枢纽
jtvc	绝招
jtvg	绝症
jtvj	决战
jtvs	绝种
jtvu	角逐
jtve	撅着
jtvf	家庭主妇
jtvy	集体主义
jtwd	经天纬地
jtwg	进退维谷
jtwh	绝望
jtwm	进退无门
jtwu	觉悟
jtww	爵位
jtwx	具体问题具体分析
jtxb	决心
jtxk	觉醒
jtxl	绝响
jtxt	绝学
jtxu	绝续
jtxw	街头巷尾
jtxx	精挑细选
jtxy	街谈巷议
jtyi	决议
jtyj	鸡同鸭讲
jtyn	金童玉女
jtyr	绝缘
jtyu	绝育
jtyd	进退有度
jtze	抉择
jtzv	噘嘴
jtzy	家庭作业
jtzm	兼听则明
jtzi	简体字
jtdx	交通大学
jtyh	交通银行
juab	济世安邦
juam	济世安民
juao	倨傲
jubc	举报
jubf	剧本
jubj	举办
jubk	举兵
jubo	巨擘
jubb	精神百倍
jubm	巨变
jubu	局部
jubw	具备
jubx	兼收并蓄
jubl	接受不了
jubr	今时不同往日
jubg	据实禀告
jubv	精神不振
juby	精神病院
juci	据此
jucj	聚餐
juco	举措
jucu	局促
jucf	精神财富
juda	巨大
judm	据点
judo	居多
juds	举动
judu	剧毒
judr	句段
judq	见识短浅
judj	家书抵万金
judl	绝世独立
judv	九十点钟
judi	江山代有才人出
juee	巨额
juev	结绳而治
jufa	句法
jufu	拒付
jufg	飓风
jufj	举凡
jufl	精神分裂
jufh	健身房
juge	几十个
jugf	嚼舌根
jugl	聚光
jugo	举国
jugr	举世公认
jugs	鞠躬
jugu	巨贾
jugy	娇生惯养
jugz	搅屎棍子
juhc	句号
juhe	聚合
juhl	橘黄
juhf	精神焕发
juhh	借尸还魂
juhs	惊世骇俗
juhv	聚会
juhx	菊花
juhz	居后
juis	寄生虫
juie	急刹车
juia	据查
juid	积少成多
juig	据称
juih	剧场
juii	锯齿
juir	据传
juit	聚沙成塔
juiu	举出
juiy	积水成渊
jujb	拘谨
juji	聚集
jujm	举荐
jujn	聚焦
jujl	金沙江
jujr	今时今日
jujt	拒绝
jujp	拒接
jujx	居家
jujq	雎鸠
juju	今生今世
jujd	军事基地
jukr	巨款
jukd	锯开
jukj	精神可嘉
julh	巨浪
juli	距离
julp	剧烈
julq	拘留
juls	巨龙
jult	近水楼台
julu	就事论事
juld	聚少离多
july	近水楼台先得月
jull	姜是老的辣
jumb	居民
jumm	局面
jumo	句末
jumu	剧目
junm	几十年
juna	拘拿
juni	拘泥
junw	惧内
junt	劫数难逃
junq	几十年前
junl	几十年来
junr	几十年如一日
jund	九十年代
junc	鸡尸牛从
jupa	惧怕
jupd	举牌
jupw	拒赔
juqi	举起
juqk	剧情
juqm	居前
juqr	俱全
juql	决胜千里
juqw	决胜千里之外
juqb	见识浅薄
juqx	尽释前嫌
jurf	巨人
jurh	江山如画
jurj	居然
juru	巨乳
juro	蒟蒻
jush	沮丧
juse	惧色
jusj	聚散
juso	居所
juth	锦上添花
juti	具体
jutn	锯条
jutj	巨贪
jutr	剧团
juts	剧痛
jutz	剧透
jutq	九省通衢
juui	局势
juuo	据说
juuu	拘束
juuz	拒收
juur	极少数人
juut	剪水双瞳
juvc	剧照
juve	举着
juvf	矩阵
juvg	举证
juvh	局长
juvi	举止
juvl	举手之劳
juvm	举世瞩目
juvs	居中
juvu	居住
juvy	经世致用
juvj	进身之阶
juvq	积善之家，必有余庆
juvv	精神支柱
juwd	局外
juwk	金石为开
juwm	举世闻名
juwu	举世无双
juww	句尾
juwg	绝世武功
juxb	居心
juxi	据悉
juxk	举行
juxl	及时行乐
juxm	局限
juxp	巨蟹
juxv	借水行舟
juxt	计上心头
juya	拘押
juyi	拘役
juyd	尽收眼底
juyf	九十月份
juyx	军事演习
juyg	江山易改
juyr	剧院
juyu	局域
juyy	骄奢淫逸
juyz	具有
juyv	精神一震
juyl	既生瑜何生亮
juzd	监守自盗
juzf	今是昨非
juzg	剧增
juzh	洁身自好
juzi	句子
juzo	剧作
juzj	经史子集
juzu	剧组
juyh	建设银行
jvbu	紧追不舍
jvbf	价值不菲
jvbd	见诸报端
jvbg	精忠报国
jvbj	接踵比肩
jvby	久治不愈
jvbq	坚贞不屈
jvcx	绝知此事要躬行
jvdc	就知道
jvdl	就知道了
jvdw	就知道玩
jvdb	聚众赌博
jvdi	尽职调查
jvdf	举止大方
jvev	接踵而至
jvel	接踵而来
jved	鸡争鹅斗
jvem	赍志而没
jvfg	鸡爪疯
jvgr	价值观
jvgz	九寨沟
jvgu	金针菇
jvhx	镜中花
jvhi	九转回肠
jvhf	卷帙浩繁
jviv	见招拆招
jvim	警钟长鸣
jvjk	假正经
jvjz	尽职尽责
jvjl	集中精力
jvjv	竭忠尽智
jvke	急诊科
jvl	竞争力
jvli	价值连城
jvlv	建章立制
jvll	基准利率
jvlx	君主立宪
jvlg	加州理工
jvle	记住了
jvme	就这么
jvmj	建筑面积
jvmw	拒之门外
jvmb	就这么办
jvmt	紧皱眉头
jvnf	积重难返
jvnu	聚众闹事
jvqi	鸠占鹊巢
jvqx	价值取向
jvqj	价值千金
jvri	截止日
jvrq	举重若轻
jvrn	禁止入内
jvsd	酒壮怂人胆
jvtz	脚趾头
jvui	简直是
jvuc	举止失措
jvuv	急中生智
jvvg	居住证
jvvi	近朱者赤
jvvh	近朱者赤，近墨者黑
jvvx	急转直下
jvvu	尽忠职守
jvwj	急转弯
jvwu	建筑物
jvwx	接着往下
jvwy	军中无戏言
jvwb	夹着尾巴
jvxl	集装箱
jvxm	甲状腺
jvxw	街知巷闻
jvy	就这样
jvyb	就这样吧
jvyl	就这样了
jvyf	见者有份
jvyg	教职员工
jvyy	金枝玉叶
jvyz	今朝有酒今朝醉
jvyh	击中要害
jvyu	就职于
jvyk	集中营
jvyj	肩周炎
jvyc	仅止于此
jvzv	句斟字酌
jvzu	聚众滋事
jwba	巨无霸
jwbj	既往不咎
jwbm	极为不满
jwbl	极为不利
jwbf	泾渭不分
jwbh	井蛙不可语海
jwcj	金屋藏娇
jwdu	经纬度
jwds	居无定所
jwdm	久闻大名
jwex	绝无二心
jwfm	泾渭分明
jwgv	矫枉过正
jwhv	居委会
jwhu	九尾狐
jwis	极为出色
jwiv	积微成著
jwiu	教无常师
jwjq	鸡尾酒
jwjy	绝无仅有
jwkl	继往开来
jwle	就为了
jwlj	据我了解
jwll	皆为利来
jwlw	皆为利往
jwmy	极为满意
jwnm	几万年
jwnr	家无宁日
jwrf	局外人
jwsv	据我所知
jwsn	尽我所能
jwsi	计无所出
jwsr	见物思人
jwtr	惊为天人
jwtc	救亡图存
jwth	精卫填海
jwui	家务事
jwuv	节外生枝
jwvg	健忘症
jwvx	敬畏之心
jwvr	局外之人
jwvv	见微知著
jwvl	鉴往知来
jwvy	极为重要
jwvz	九五之尊
jwww	经文纬武
jwxx	基围虾
jwxf	箭无虚发
jwyu	寄望于
jwzi	金无足赤
jxao	夹袄
jxau	敬贤爱士
jxbb	嘉宾
jxbg	驾崩
jxbi	假币
jxbj	加班
jxbw	加倍
jxbf	甲苯
jxbl	居心不良
jxbd	惊喜不断
jxby	惊喜不已
jxbm	敬谢不敏
jxbu	酒香不怕巷子深
jxbx	将心比心
jxcd	家财
jxcg	夹层
jxch	加仓
jxci	加词
jxcu	加粗
jxcj	加餐
jxcc	蒹霞苍苍
jxda	加大
jxdo	加多
jxdc	驾到
jxdd	夹带
jxdg	甲等
jxde	假的
jxdh	家当
jxdi	家底
jxdk	假定
jxdm	家电
jxdn	嫉贤妒能
jxdp	惊心动魄
jxdy	匠心独运
jxdj	匠心独具
jxdf	既想当婊子又要立牌坊
jxfa	加法
jxff	加分
jxfg	夹缝
jxfh	甲方
jxfu	家父
jxfw	钾肥
jxge	价格
jxgo	家国
jxgd	加盖
jxgc	加高
jxgj	甲肝
jxgs	加工
jxgu	加固
jxgv	家规
jxgw	嫁给
jxgz	架构
jxhc	加号
jxhd	加害
jxho	家伙
jxhu	锦绣河山
jxhf	吉凶祸福
jxhx	假话
jxhy	交相辉映
jxhz	加厚
jxhm	鸠形鹄面
jxia	价差
jxis	甲虫
jxic	假钞
jxie	驾车
jxiy	甲醇
jxif	家臣
jxig	加成
jxih	家常
jxij	家产
jxii	加持
jxir	家传
jxiu	家畜
jxiz	家丑
jxjb	加紧
jxji	加急
jxjl	嘉奖
jxjk	家境
jxjm	加减
jxjn	家教
jxjp	嫁接
jxjq	假酒
jxju	家具
jxjx	加价
jxjy	渐行渐远
jxjv	尽心尽职
jxjh	解析几何
jxkk	加快
jxke	夹克
jxkr	加宽
jxks	架空
jxkc	驾考
jxkh	甲亢
jxlb	驾临
jxld	接下来
jxle	加了
jxli	家里
jxlk	驾龄
jxlu	敬贤礼士
jxlh	积小流以成江海
jxma	加码
jxmc	假冒
jxmf	家门
jxmg	加盟
jxmi	加密
jxmj	加满
jxmk	假名
jxmm	加冕
jxmu	价目
jxmw	假寐
jxna	加纳
jxng	积习难改
jxnh	锦绣年华
jxnl	佳酿
jxnu	家奴
jxny	鲸吸牛饮
jxnw	基希讷乌
jxou	佳偶
jxpm	教学片
jxpb	家贫
jxpc	居心叵测
jxpg	加蓬
jxpu	家谱
jxpn	假票
jxqi	假期
jxql	加强
jxqb	家禽
jxqm	价钱
jxqy	加群
jxqn	架桥
jxqq	近乡情怯
jxqr	甲醛
jxqu	嫁娶
jxqk	嘉庆
jxre	加热
jxrf	家人
jxri	假日
jxrs	加绒
jxrj	戛然
jxro	假若
jxru	加入
jxry	吉祥如意
jxsu	加速
jxsd	加赛
jxsi	家私
jxso	枷锁
jxsr	甲酸
jxsq	见贤思齐
jxtk	家庭
jxth	加糖
jxtn	假条
jxti	假体
jxto	假托
jxua	袈裟
jxue	假设
jxuf	加深
jxuk	假摔
jxug	夹生
jxuh	加上
jxui	驾驶
jxuj	假山
jxuo	假说
jxuu	家属
jxuv	加水
jxuw	谨小慎微
jxuz	加收
jxun	今夕是何年
jxvc	驾照
jxve	夹着
jxvg	家政
jxvd	家宅
jxvh	家长
jxvi	价值
jxvl	假装
jxvs	加重
jxvz	假戏真做
jxvu	夹住
jxwj	甲烷
jxwy	寄希望于
jxwb	吉凶未卜
jxwv	锦绣文章
jxwf	加温
jxwu	家务
jxww	价位
jxwm	降下帷幕
jxxb	加薪
jxxe	居心险恶
jxxi	加息
jxxk	嘉兴
jxxl	家乡
jxxn	驾校
jxxt	家学
jxxu	嘉许
jxxy	家训
jxxv	教学相长
jxy	仅限于
jxya	假牙
jxyc	佳肴
jxye	家业
jxyh	家养
jxyi	加以
jxyj	家宴
jxyr	家园
jxys	家用
jxyu	驾驭
jxyw	九霄云外
jxyy	家学渊源
jxyk	惊喜欲狂
jxyz	加油
jxyt	交响乐
jxyd	机械运动
jxza	夹杂
jxzc	假造
jxzd	加载
jxzs	加总
jxzi	架子
jxzo	佳作
jxzu	家族
jxzw	家贼
jxpd	加派
jybu	进一步
jybi	均比
jybw	军备
jybd	甲乙丙丁
jybg	检验报告
jybv	九阴白骨爪
jybh	借一步说话
jyci	近义词
jycb	金银财宝
jycd	精于此道
jycs	假以辞色
jycx	决一雌雄
jydc	军刀
jydg	均等
jydh	解疑答惑
jydb	胶原蛋白
jydq	家用电器
jydm	久仰大名
jydv	军队
jydd	江洋大盗
jydl	极有道理
jyf	九月份
jyff	均分
jyfh	军方
jyfl	奖优罚劣
jyfs	举一反三
jyfu	军服
jyfw	军费
jyfa	军阀
jygs	竣工
jyge	军歌
jygh	军港
jygo	军国
jygr	军官
jygv	军规
jygu	菌菇
jygt	紧要关头
jygf	霁月光风
jyhg	均衡
jyhc	军号
jyho	军火
jyhy	军魂
jyhx	家喻户晓
jyhw	寄予厚望
jyhf	锦衣华服
jyif	君臣
jyie	军车
jyij	积忧成疾
jyiq	集腋成裘
jyiv	积羽沉舟
jyir	迥异常人
jyji	军纪
jyjm	军舰
jyjk	军警
jyjp	俊杰
jyjx	均价
jyju	教育局
jyjg	家有家规
jyjy	久仰久仰
jyke	均可
jykn	极有可能
jylh	俊朗
jylw	菌类
jylc	将遇良才
jyls	疾言厉色
jyli	记忆力
jylk	军令
jylp	皲裂
jylv	军旅
jyll	军粮
jyly	金玉良言
jyma	骏马
jymb	军民
jymc	军帽
jymt	金玉满堂
jymw	俊美
jyng	均能
jynj	俊男
jypu	假一赔十
jyqh	机缘巧合
jyqi	急于求成
jyqj	精益求精
jyqx	技压群雄
jyqn	俊俏
jyqr	军权
jyqu	军区
jyqk	军情
jyqf	技压群芳
jyqw	金玉其外
jyqv	将欲取之，必先予之
jyrf	军人
jyrs	军容
jyso	交易所
jysc	军嫂
jysh	骄阳似火
jysq	见异思迁
jysu	均速
jysv	决一死战
jysj	精于算计
jytj	均摊
jytr	军团
jyti	绝缘体
jytt	晶莹剔透
jyuj	节约时间
jyuu	均属
jyuf	决一胜负
jyuh	解疑释惑
jyui	军事
jyur	假以时日
jyux	谨言慎行
jyuv	经一事，长一智
jyvj	加油站
jyvh	军长
jyvl	军装
jyvi	均值
jyvg	军政
jyvs	军种
jyvt	经验之谈
jyvu	君主
jyvy	经验主义
jywh	君王
jywu	均无
jyww	均为
jywz	激扬文字
jyxx	记一下
jyxy	军训
jyxu	均需
jyxb	军心
jyxi	均系
jyxl	军饷
jyxm	均线
jyxn	军校
jyxt	教育学
jyxc	建言献策
jyxp	军械
jyxq	俊秀
jyxr	金银细软
jyyi	军医
jyyj	军演
jyyk	军营
jyys	军用
jyyt	军乐
jyyu	锦衣玉食
jyyw	见义勇为
jyyx	记忆犹新
jyyy	均匀
jyyz	均有
jyyc	均要
jyyr	鸡鸭鱼肉
jyyd	娇艳欲滴
jyz	脚丫子
jyzi	君子
jyzq	咎由自取
jyzo	几欲作呕
jyzx	减员增效
jzac	君子爱财
jzad	君子爱财，取之有道
jzbi	酒糟鼻
jzbu	尖嘴薄舌
jzba	焦躁不安
jzbq	君子不器
jzbv	尽在不言中
jzbh	君子不夺人所好
jzbx	君子不立危墙之下
jzdu	君子动口不动手
jzey	竭泽而渔
jzfb	酒足饭饱
jzhq	君子好逑
jzhs	尖嘴猴腮
jzgj	节奏感
jzgu	架子鼓
jzgq	君子固穷
jzij	净资产
jzjx	剧作家
jzjh	谨遵教诲
jzlj	君子兰
jznf	家贼难防
jzpf	剑走偏锋
jzqv	举足轻重
jzrz	腱子肉
jzta	金字塔
jztd	君子坦荡荡
jzud	君子慎独
jzvi	近在咫尺
jzvj	君子之交
jzvu	君子之交淡如水
jzvp	金字招牌
jzwf	教子无方
jzxf	箭在弦上，不得不发
jzxd	捷足先登
jzxu	箭在弦上
jzyu	就在于
jzya	姜子牙
jzyq	近在眼前
jzyf	教子有方
jzyy	君子一言
jzyi	君子远庖厨
jzyv	君子一言，驷马难追
k	可
kkt	块
kd	开
keh	科
kz	口
kj	看
kk	快
kl	况
kru	款
ke	克
keb	客
kcl	考
ks	空
ky	困
ksf	控
khg	康
klu	矿
ko	扩
kc	靠
kuc	苦
kof	括
ka	卡
kug	库
kew	刻
kjg	刊
kv	亏
kh	抗
kkr	会
key	课
kxz	跨
kr	宽
kf	肯
kom	阔
kzfx	抠
kzf	扣
kyo	昆
ksz	孔
ksg	恐
kjq	勘
keg	颗
klm	框
kjtv	堪
kfgt	垦
kde	凯
kdx	慨
kg	坑
klq	狂
kuk	哭
ked	渴
ku	哭
kakk	喀
keu	壳
kch	烤
kjt	堪
kup	裤
kx	夸
kvdt	奎
kvx	愧
kemk	柯
kju	砍
kyt	坤
kfg	恳
kem	棵
kak	咖
kvg	魁
kvur	馈
kum	枯
kub	窟
kjr	侃
kyf	捆
kekk	呵
kvd	溃
kxt	垮
ket	坷
khf	扛
khx	慷
kdm	楷
klo	旷
kfk	啃
klow	眶
kex	恪
kvk	匮
kog	廓
kec	苛
kzb	寇
khh	炕
kzk	叩
klk	匡
khw	亢
kkv	筷
klv	筐
kvc	葵
kvb	窥
kek	咳
keum	磕
kcf	拷
khm	糠
kjm	槛
kdxj	恺
kgj	铿
kjo	瞰
kewk	珂
kcj	铐
kvu	盔
kgk	吭
kxf	挎
kko	脍
kvz	逵
kakb	咔
kvo	睽
kehg	稞
klg	邝
kyw	琨
kkc	蒯
kdf	揩
krg	髋
khr	伉
kvj	馗
kver	聩
kjmw	阚
kvko	喟
keo	瞌
kvbw	夔
kedm	溘
kei	轲
kebg	窠
kvv	篑
kve	岿
kdjb	锴
kjrl	龛
kekm	嗑
kyj	锟
kya	鲲
kdjj	铠
ksr	倥
kebk	疴
kse	崆
kvkt	喹
kvf	揆
kveg	隗
kxo	胯
kdxq	忾
kugk	骷
keiu	蝌
kkrs	侩
kfv	龈
kzc	蔻
kcm	栲
kee	岢
klt	圹
klkw	哐
kvr	傀
kjqg	戡
kcu	尻
kkd	浍
kdt	垲
kkre	郐
kus	绔
kcn	犒
kvot	暌
khj	钪
kxr	侉
kld	夼
kvzt	跬
kewr	颏
kfp	裉
kly	诳
kegg	髁
kded	剀
klyw	诓
ksv	箜
kvcr	蒉
kzcv	芤
kud	刳
kvxr	愦
kyaw	髡
kym	阃
kes	缂
kux	喾
kkq	狯
kls	纩
komk	栝
koi	蛞
koz	适
keq	氪
kemg	骒
kkk	哙
kvxl	悝
kvi	蝰
kao	胩
kdjk	锎
kdc	蒈
kjc	莰
khmj	闶
kej	锞
kzo	眍
kzv	筘
kw	剋
kchf	㸆
kcd	洘
kdh	炌
kep	牁
kehk	炣
kgu	硁
kht	𡐓
kha	𩾌
kjul	磡
kjii	衎
kje	崁
kjev	嵁
kjtl	墈
kkf	㧟
kka	鲙
kldw	洭
klqn	𫛭
ksu	硿
kuu	矻
kukf	圐
kvvg	戣
kvh	煃
kxn	姱
kyh	焜
kyft	堃
kyu	壸
kyon	鹍
kzgx	𫸩
kda	开
kedk	可
kzl	口
kjuo	看
klde	况
krur	款
ksfg	控
khgn	康
klug	矿
kofg	扩
kcnf	靠
kuck	苦
kofk	括
kau	卡
kugi	库
kjgd	刊
kvev	亏
khfj	抗
kktg	块
keyg	课
kxzk	跨
krb	宽
kfvo	肯
kzfk	扣
kyob	昆
ksgx	恐
kjql	勘
klmw	框
kdej	凯
kdxv	慨
kgt	坑
klqw	狂
kukq	哭
kuy	酷
keuj	壳
kchv	烤
kjtr	坎
kupi	裤
kvxg	愧
kjur	砍
kytu	坤
kvgu	魁
kjrv	侃
kyfm	捆
kvdr	溃
kxtk	垮
khfg	扛
khxn	慷
kdmb	楷
klog	旷
kfko	啃
kvkr	匮
koge	廓
keck	苛
kzby	寇
khwj	亢
kkvg	筷
klvw	筐
kvct	葵
kvbe	窥
kekr	咳
kcfv	拷
khmn	糠
kjmm	槛
kgjt	铿
kjow	瞰
kcjv	铐
kvum	盔
kgkj	吭
kxfk	挎
kkos	脍
klge	邝
kywb	琨
kkcd	蒯
kdfb	揩
krge	髋
khrj	伉
keom	瞌
kvvr	篑
kvee	岿
kyjb	锟
kyab	鲲
ksrg	倥
kseg	崆
kvft	揆
kxok	胯
kfvg	龈
kzcy	蔻
kcmv	栲
keek	岢
kltg	圹
kvrg	傀
kkds	浍
kusk	绔
kcnk	犒
khjj	钪
kxrk	侉
kldi	夼
kfpg	裉
ksvg	箜
kesg	缂
kkqs	狯
klsg	纩
koik	蛞
kozk	适
keqe	氪
kkks	哙
kvit	蝰
kaob	胩
kdcb	蒈
kjcr	莰
kejg	锞
kzox	眍
kzvk	筘
kcdv	洘
khtn	𡐓
khan	𩾌
kjer	崁
kkfk	㧟
kkas	鲙
ksug	硿
kvht	煃
kxnk	姱
kyhb	焜
kyuy	壸
kdac	开
kzla	口
kaub	卡
krbe	宽
kuyk	酷
kn	可能
kt	开头
km	昆明
ki	开车
kb	恐怖
kp	恐怕
kq	况且
kady	卡顿
kada	咔哒
kafw	咖啡
kahc	卡号
kaie	卡车
kaia	咔嚓
kaii	卡尺
kaka	咔咔
kakz	卡扣
kanu	卡奴
kapm	卡片
kaqr	卡券
kaqi	卡其
kaqm	卡钳
kasi	卡死
kats	卡通
katc	卡套
kaui	喀什
kawf	卡文
kaww	卡位
kaxp	咯血
kavu	卡住
kbds	看不懂
kbdc	看不到
kbdx	口不对心
kber	喀布尔
kbfz	恐怖分子
kbgr	看不惯
kbge	刻薄寡恩
kbgd	愧不敢当
kbi	看不出
kbij	溃不成军
kbiu	科班出身
kbil	看不出来
kbjm	看不见
kbju	可不就是
kbjb	窥斑见豹
kbkj	看不看
kbkd	看不开
kbkf	肯不肯
kbky	可不可以
kbkn	可不可能
kbkx	开不开心
kbkl	考不考虑
kbkk	可不可靠
kbln	快不了
kblk	开不了口
kblx	快步流星
kbmb	看不明白
kbny	口不能言
kbqk	看不清
kbqi	看不起
kbqj	阔步前进
kbql	跬步千里
kbqn	卡布奇诺
kbrh	刻不容缓
kbtz	看不透
kbtd	看不太懂
kbtq	看不太清
kbui	可不是
kbuh	看不上
kbum	可不是吗
kbuy	看不顺眼
kbuq	快步上前
kbv	靠不住
kbvu	扛不住
kbvj	靠边站
kbvy	恐怖主义
kbxk	可比性
kbxq	看不下去
kbyc	可不要
kbyx	口不应心
kbys	空不异色
kbzi	哭鼻子
kbzv	恐怖组织
kbzy	口不择言
kbpm	恐怖片
kcan	靠岸
kcbw	拷贝
kcbm	靠边
kcdm	考点
kcda	拷打
kcee	烤鹅
kcff	考分
kchu	烤糊
kcgu	考古
kcgr	考官
kcgj	烤干
kche	考核
kcho	烤火
kchz	靠后
kcia	考察
kcir	烤串
kcif	看菜吃饭
kcih	考场
kcjb	靠近
kcji	烤鸡
kcjn	烤焦
kcjq	考究
kcjr	考卷
kcju	考据
kcjx	烤架
kckc	考考
kcle	看错了
kcla	考拉
kclc	犒劳
kcll	考量
kcls	靠拢
kclu	烤炉
kclv	考虑
kcpu	靠谱
kcpk	考评
kcpj	烤盘
kcqb	考勤
kcqi	烤漆
kcqm	靠前
kcqu	考取
kcru	考入
kcrz	烤肉
kcti	考题
kcug	考生
kcuh	考上
kcui	考试
kcuj	靠山
kcuu	烤熟
kcvg	考证
kcvf	靠枕
kcve	靠着
kcvs	考中
kcwj	考完
kcwf	拷问
kcxl	烤箱
kcyj	考验
kcyz	靠右
kcyi	靠椅
kcya	烤鸭
kczd	靠在
kczo	靠左
kdbj	开办
kdbm	靠点边
kdba	开拔
kdbn	开标
kdbo	开播
kdcd	开采
kdch	开仓
kdco	开错
kdd	看得懂
kddh	空荡荡
kddc	开导
kddg	开灯
kddm	开店
kddr	开端
kdds	开动
kddj	开单
kden	开恩
kdfa	开发
kdfg	开封
kdfh	开放
kdfj	开饭
kdfu	开赴
kdfl	亏大发了
kdg	看得惯
kdgr	开关
kdgs	开工
kdgj	开干
kdgx	开挂
kdgo	开国
kdgl	开光
kdge	凯歌
kdhk	开怀
kdhl	开荒
kdho	开火
kdhu	开户
kdhv	开会
kdhx	开花
kdhy	开荤
kdhe	开合
kdhn	哭爹喊娘
kdi	看得出
kdie	开车
kdia	苦丁茶
kdih	开场
kdil	开创
kdir	开船
kdiu	开除
kdiy	开春
kdii	开吃
kdj	肯德基
kdji	开机
kdjl	开奖
kdjp	开解
kdjr	开卷
kdjt	开掘
kdju	开局
kdjv	看得见摸得着
kdjx	铠甲
kdjm	看得见
kdda	开打
kdkz	开口
kdka	开卡
kdkd	开开
kdke	开课
kdkf	开垦
kdko	开阔
kdks	开孔
kdku	开裆裤
kdkx	可大可小
kdkm	可丁可卯
kdl	看到了
kdld	开来
kdle	开了
kdlh	开朗
kdli	开立
kdlm	开练
kdlk	凯迪拉克
kdlo	开罗
kdlp	开裂
kdlq	开溜
kdlu	开路
kdmf	开门
kdmj	开满
kdmk	开明
kdmo	楷模
kdmu	开幕
kdmg	开蒙
kdnm	开年
kdpj	开盘
kdpc	开炮
kdpd	开拍
kdpi	开辟
kdpm	开篇
kdpn	开票
kdq	看得起
kdqc	夸大其词
kdqi	开启
kdql	开枪
kdqn	开窍
kdqq	开球
kdqu	开去
kdrj	慨然
kdsd	开赛
kdsh	开嗓
kdso	开锁
kdth	开膛
kdti	楷体
kdtj	慨叹
kdtk	开庭
kdto	开拓
kdtd	开台
kdtp	开帖
kdts	开通
kdtz	开头
kdu	看电视
kdue	开设
kdui	开始
kduz	开售
kduj	开衫
kdur	开涮
kduu	楷书
kduv	开水
kduh	看得上
kdv	靠得住
kdva	开闸
kdvd	开斋
kdve	开着
kdvh	开张
kdvi	开支
kdvg	开征
kdvj	开展
kdvm	快刀斩乱麻
kdvu	克敌制胜
kdwh	开往
kdwd	开外
kdwu	开悟
kdww	开胃
kdxb	开心
kdxn	开销
kdxl	开箱
kdxr	凯旋
kdxt	开学
kdxm	开线
kdxk	可读性
kdy	看电影
kdye	开业
kdyj	开眼
kdyc	开药
kdyk	慨当以慷
kdyr	开源
kdyz	揩油
kdys	卡的要死
kdzd	开在
kdzc	开凿
kdzv	开罪
kdzz	开走
kdzi	凯子
keai	可爱
kebf	课本
kebu	可不
kebi	可比
keba	磕巴
kebj	刻板
kebm	可变
kebn	课表
kebo	刻薄
kebp	可别
kebw	可悲
kecg	可曾
kech	客舱
kedn	磕掉
kedu	刻度
kedv	客队
kedi	科第
kedz	蝌蚪
kefh	客房
kefj	客饭
kefu	克服
kefz	可否
kegr	客观
kegs	可供
kegu	刻骨
kegv	可贵
kehc	可好
kehf	可恨
kehj	可汗
kehr	科幻
kehu	客户
kehx	刻画
kehz	课后
keho	客货
keie	客车
keif	磕碜
keig	课程
keih	客场
keii	可耻
keir	客串
keji	科技
kejk	可敬
kejl	可将
kejm	可见
kejn	科教
kejq	可就
keju	科举
kejx	客家
kejj	渴而掘井
kekc	可靠
keke	苛刻
kekj	可看
keks	可控
keku	刻苦
kekz	可口
kelm	可怜
kela	克拉
kele	可乐
keli	颗粒
kelq	客流
kels	克隆
kelu	刻录
kely	客轮
kemj	客满
kemu	科目
kemm	可免
keng	可能
keni	可逆
kenc	可恼
kenm	渴念
kepa	可怕
kepg	磕碰
kepj	渴盼
kepn	客票
kepu	科普
keqb	可亲
keqi	客气
keqn	可巧
keqm	课前
keqq	渴求
kequ	可取
keqk	客卿
kerf	客人
kerj	可燃
kesi	渴死
kesr	可算
kesu	可塑
kesz	咳嗽
kesy	凯恩斯主义
ketc	客套
keth	课堂
keti	课题
ketj	可叹
ketk	客厅
ketn	可调
ketz	磕头
keuh	客商
keue	客舍
keui	可是
keuo	可说
keuu	可数
keuv	瞌睡
keuz	恪守
kevi	克制
keve	可着
kevg	苛政
kevh	科长
kevj	客栈
kevo	课桌
kewd	课外
kewf	课文
kewh	渴望
kewu	可恶
keww	可谓
kexb	可信
kexi	可惜
kexk	可行
kexn	可笑
kexr	可选
kexl	可想
kexp	可写
kext	科学
keyc	可要
keyi	可以
keyj	科研
keyr	客源
keys	可用
keyu	可与
keyy	客运
keye	课业
keze	苛责
kezg	可憎
kezi	刻字
kezo	客座
keza	苛杂
kfby	狂风暴雨
kfbq	口福不浅
kfdk	肯定
kfdz	狂风大作
kfel	狂风恶浪
kfgj	肯干
kfgx	空腹高心
kfhl	垦荒
kfil	跨凤乘鸾
kflc	啃老
kfld	狂蜂浪蝶
kfnh	狂风怒号
kfq	开发区
kfqu	空乏其身
kfqk	恳请
kfqq	恳求
kfqp	恳切
kftj	恳谈
kfuh	开发商
kfui	啃食
kfud	看风使舵
kfvy	口腹之欲
kfvr	夸父逐日
kfww	肯为
kfxk	开放性
kfxs	孔方兄
kfxf	口服心服
kfye	口服液
kfzi	孔夫子
kgbo	克格勃
kgbj	开弓不放箭
kgdp	坑爹
kgdc	坑道
kgds	坑洞
kggl	客观规律
kggs	跨国公司
kghd	坑害
kgii	吭哧
kgjj	口感绝佳
kgkq	可歌可泣
kgle	看过了
kgmg	坑蒙
kgmx	刻骨铭心
kgmj	开弓没有回头箭
kgpm	坑骗
kgql	铿锵
kgqi	吭气
kgqk	客观情况
kgqy	空谷跫音
kgqw	旷古奇闻
kgqc	砍瓜切菜
kgrf	坑人
kgtj	客观条件
kgug	吭声
kgua	坑杀
kguu	客观事实
kguz	口干舌燥
kgvg	恐高症
kgvi	可贵之处
kgwa	坑洼
kgwx	开个玩笑
kgww	旷古未闻
kgxk	客观性
kgyy	客观原因
kgys	客观因素
kgyl	空谷幽兰
kgzy	空谷足音
khai	抗癌
khbm	抗辩
khbj	困惑不解
khbd	葵花宝典
khdr	客户端
khdx	开怀大笑
khdk	康定
khdd	宽宏大度
khdl	宽宏大量
khdp	抗跌
khdu	抗毒
khds	抗冻
khev	口惠而实不至
khff	亢奋
khfu	康复
khfa	抗法
khha	苦哈哈
khhg	抗衡
khhj	抗旱
khhs	抗洪
khhy	抗婚
khho	扛活
khiy	开怀畅饮
khjy	抗菌
khjg	开花结果
khji	抗击
khju	抗拒
khjm	康健
khjz	抗洪救灾
khkd	慷慨
khli	伉俪
khle	康乐
khlv	狂轰滥炸
khmk	抗命
khqi	扛起
khql	扛枪
khri	抗日
khsu	抗诉
khti	抗体
khtd	康泰
khtz	炕头
khve	扛着
khvj	抗战
khvu	扛住
khvf	抗震
khvg	抗争
khvi	抗旨
khwb	苦海无边
khwy	刻画无盐
khxi	康熙
khxu	科幻小说
khyi	抗议
khya	抗压
khyr	抗原
khyc	抗药
khzi	葵花籽
khzd	抗灾
khzz	扛走
khpm	科幻片
kibd	开场白
kibn	课程表
kibj	科创板
kibg	开诚布公
kibx	口出不逊
kibq	口齿不清
kidc	快车道
kiji	空城计
kiky	口出狂言
kiki	吭哧吭哧
kild	看出来
kile	看穿了
kill	口齿伶俐
kilx	口齿留香
kiux	口齿生香
kivj	可乘之机
kivx	可乘之隙
kiwy	口出妄言
kixu	可持续
kixk	开创性
kixj	开诚相见
kiyj	堪称一绝
kjbc	看报
kjba	看吧
kjbk	看病
kjbi	堪比
kjbj	看板
kjbn	看表
kjbm	看遍
kjbf	刊本
kjbl	看家本领
kjbu	看家本事
kjce	勘测
kjco	看错
kjcy	抗拒从严
kjdc	看到
kjdv	看对
kjdo	看多
kjdu	可见度
kjda	看打
kjdd	看待
kjdg	刊登
kjdi	看低
kjdj	看淡
kjdm	看点
kjdn	砍掉
kjdp	看跌
kjdr	砍断
kjds	看懂
kjfa	看法
kjfh	看房
kjfg	克己奉公
kjfu	快捷方式
kjfl	克己复礼
kjgo	看过
kjgr	看管
kjgu	看顾
kjgc	看高
kjgl	苦尽甘来
kjhc	看好
kjhu	看护
kjho	看货
kjhd	看海
kjhx	看花
kjia	勘察
kjid	砍柴
kjig	看成
kjir	看穿
kjiu	看出
kjif	口角春风
kjix	科技创新
kjj	快捷键
kjjm	看见
kjjn	勘校
kjjx	看家
kjju	看剧
kjjk	看景
kjjp	勘界
kjkj	看看
kjku	看哭
kjke	坎坷
kjkd	看开
kjks	看空
kjl	看见了
kjld	看来
kjle	看了
kjlr	戡乱
kjlu	看路
kjlc	看老
kjma	看嘛
kjmf	看门
kjmk	看命
kjpo	看破
kjpj	看盘
kjpm	看片
kjpt	开疆辟土
kjqi	看齐
kjqk	看清
kjqq	看球
kjqu	看去
kjrf	看人
kjsi	看似
kjtd	看台
kjtj	勘探
kjtu	看图
kjtz	看透
kjti	看题
kjtm	看天
kjtp	看帖
kjua	看啥
kjuh	看上
kjui	会计师
kjuu	看书
kjuw	看谁
kjuv	看谁
kjuz	看守
kjuk	看衰
kjuj	看山
kjus	空即是色
kjve	看着
kjvh	看涨
kjvs	看中
kjvg	勘正
kjvf	看诊
kjvy	看准
kjvu	恪尽职守
kjwh	看望
kjwj	看完
kjwu	刊物
kjxx	看下
kjxi	看戏
kjxl	看向
kjxn	看小
kjxt	看雪
kjyz	堪忧
kjya	看押
kjyu	堪舆
kjyb	可见一斑
kjyh	看样
kjyj	勘验
kjyy	开卷有益
kjzd	看在
kjzi	空架子
kjzo	看作
kjzu	苛捐杂税
kjdx	科技大学
kkbc	快报
kkbj	快板
kkby	空口白牙
kkbp	快别
kkbb	磕磕绊绊
kkbh	空口白话
kkbg	慷慨悲歌
kkaq	苦苦哀求
kkbu	快步
kkbk	开口闭口
kkcj	快餐
kkdc	快到
kkdd	空空荡荡
kkdi	快递
kkdm	快点
kkdf	慷慨大方
kket	侃侃而谈
kkfu	快符
kkgj	快感
kkgs	快攻
kkho	快活
kkhh	快快活活
kkie	快车
kkis	快充
kkir	快船
kkic	慷慨陈词
kkjp	快捷
kkjb	快进
kkja	慷慨激昂
kkjy	慷慨就义
kkji	会计
kkjm	快件
kkjk	块茎
kkjn	慷慨解囊
kkkj	快看
kkku	哭哭哭
kkkl	可口可乐
kkkk	坎坎坷坷
kkld	快来
kkle	快乐
kkll	快快乐乐
kklw	块垒
kkly	苦口良药
kkmj	快慢
kkma	快马
kkmf	快门
kknl	刻苦耐劳
kkpc	快跑
kkpp	磕磕碰碰
kkpx	苦口婆心
kkqk	快请
kkqm	块钱
kkqq	客客气气
kkqt	夸夸其谈
kkqu	快去
kkry	空空如也
kksu	快速
kkss	抠抠搜搜
kktk	快艇
kktv	快退
kktz	块头
kktt	哭哭啼啼
kkuo	快说
kkuz	快手
kkui	快事
kkuy	开阔视野
kkuq	款款深情
kkuh	空口说白话
kkuu	口口声声
kkvc	快照
kkvv	苦苦挣扎
kkww	快慰
kkwp	空口无凭
kkxk	可靠性
kkxt	快学
kkxi	口口相传
kkxx	开开心心
kkxl	可可西里
kkxm	快线
kkxp	快些
kkxy	快讯
kkxv	口快心直
kkyc	快要
kkyi	快意
kkyf	慷慨以赴
kkzz	快走
kkzi	筷子
kkzu	看看再说
klao	狂傲
klbf	狂奔
klbc	狂暴
klbt	看了半天
klbj	苦乐不均
klbn	狂飙
klbd	可了不得
klbb	可怜巴巴
klcc	狂草
klch	矿藏
klcg	矿层
klds	矿洞
kldh	哐当
klda	旷达
kldg	矿灯
kldp	狂跌
kldk	框定
kldd	旷代
kldy	克罗地亚
kldf	开朗大方
klfg	狂风
klfh	狂放
klfu	匡扶
klfw	狂吠
klgs	旷工
klgu	旷古
klgt	开了个好头
klhr	狂欢
klhz	狂吼
klis	可怜虫
klic	狂潮
klij	矿产
klil	矿床
klif	靠脸吃饭
kljx	框架
kljk	矿井
kljn	狂叫
klke	旷课
klkl	框框
klkg	矿坑
klli	卡路里
kllo	空落落
kllr	狂乱
klmd	矿脉
klmg	克里姆林宫
klnu	狂怒
klnt	狂虐
klnj	矿难
klok	卡拉OK
klpm	诓骗
klpo	科伦坡
klqp	况且
klqr	矿泉
klqu	伉俪情深
klql	哭了起来
klre	狂热
klrf	狂人
klsr	匡算
klsc	狂扫
klst	苦辣酸甜
kltc	狂涛
kltu	狂徒
kltx	可怜天下父母心
klua	矿砂
klui	矿石
kluj	矿山
klvh	狂涨
klva	矿渣
klvg	匡正
klvi	可怜之人必有可恨之处
klwu	矿物
klwh	狂妄
klxn	狂笑
klxp	狂泻
klxi	狂喜
klxl	狂想
klxx	可怜兮兮
klxf	开路先锋
klye	狂野
klyj	狂言
klyu	诳语
klyy	看了一眼
klyh	亢龙有悔
klyx	看了一下
klzc	狂躁
klzs	考虑再三
kmdj	开门大吉
kmfj	口蜜腹剑
kmfi	枯木逢春
kmgz	看门狗
kmgp	坑蒙拐骗
kmhs	开门红
kmhf	口沫横飞
kmju	开门见山
kmjb	快马加鞭
kmjx	开门见喜
kmk	看没看
kmkj	看没看见
kmkg	看没看过
kmkd	看没看到
kmyd	开门揖盗
kmls	喀麦隆
kmsh	枯木死灰
kmui	开幕式
kmvd	孔孟之道
kmvl	口没遮拦
kmyb	快马一鞭
kmyi	抗美援朝
kmzi	扣帽子
knba	可能吧
kndu	跨年度
kndh	可能的话
kngj	克难攻坚
knii	困难重重
knkl	科纳克里
knle	看腻了
knma	可能吗
knhu	困难户
knui	可能是
knuv	苦难深重
knxk	可能性
knxb	康乃馨
knya	肯尼亚
kobp	阔别
kobj	扩版
kobm	扩编
kobu	阔步
koda	扩大
kogu	扩股
kohc	括号
kohu	括弧
koio	阔绰
kois	扩充
kojm	扩建
kojy	扩军
koks	扩孔
kolc	阔佬
koqi	阔气
kors	扩容
kosj	扩散
kouc	阔少
kovj	扩展
kovc	扩招
kovh	扩张
koxs	扩胸
koyb	扩音
koye	阔叶
koyu	蛞蝓
kozg	扩增
kpdx	宽袍大袖
kphi	看破红尘
kpla	堪培拉
kpyu	开篇伊始
kqbk	狂犬病
kqbu	口气不善
kqiu	看清楚
kqil	看清楚了
kqjh	空前绝后
kqkl	看情况
kqkh	快去快回
kqkq	客气客气
kqky	口腔溃疡
kqkj	克勤克俭
kqke	口腔科
kqkd	可圈可点
kqld	看起来
kquv	矿泉水
kqub	口轻舌薄
kqvi	可取之处
kqxv	苦其心志
kqyl	铿锵有力
krbd	岿然不动
krdd	宽带
krda	宽大
krdu	宽度
kree	款额
krfj	宽泛
krfu	宽幅
krgl	宽广
krgu	髋骨
krhz	宽厚
krhk	宽怀
krhs	宽宏
krhe	宽和
krih	宽敞
krij	旷日持久
krio	宽绰
krit	喟然长叹
krji	苦肉计
krjp	宽解
krko	宽阔
krkr	款款
krky	快人快语
krle	宽了
krls	看人脸色
krmj	旷日弥久
krnc	看热闹
krpk	宽屏
krqu	款曲
krrs	宽容
krrl	孔融让梨
krss	宽松
krti	宽体
krui	款式
kruu	宽恕
krud	快如闪电
krvd	宽窄
krvj	宽展
krww	宽慰
krxl	款项
krxb	宽心
krxh	口若悬河
krxm	宽限
krxk	款型
krxx	扣人心弦
krxc	看人下菜
krxu	看人行事
krxd	看人下菜碟
kryu	宽裕
krye	款爷
kryi	宽衣
kryz	宽宥
kryb	快人一步
krzs	宽纵
ksbd	空白
ksbu	恐怖
ksbk	卡萨布兰卡
ksch	空仓
ksdh	空挡
ksdi	空地
ksds	空洞
ksdc	孔道
ksee	空额
ksfh	空房
ksfj	空翻
ksfa	空乏
ksfu	空腹
ksgc	恐高
ksge	空格
ksgh	空港
ksgu	控股
kshl	恐慌
kshe	恐吓
kshh	空行
kshj	空喊
kshc	空号
kshr	空幻
kshx	空话
kshy	恐婚
kshz	箜篌
ksie	空车
ksig	空城
ksic	空巢
ksil	空窗
ksiu	空出
ksih	控场
ksjm	空间
ksjk	孔径
ksji	空寂
ksjl	空降
ksjp	空姐
ksju	恐惧
ksjy	空军
ksks	空空
ksko	空阔
kske	空壳
kskl	空旷
kskz	空口
ksle	空了
kslk	空灵
ksls	恐龙
ksly	空论
ksmf	空门
ksma	空码
ksmg	孔孟
ksmk	孔明
ksmn	孔庙
ksmx	苦思冥想
ksnj	空难
kspa	恐怕
kspj	控盘
kspk	空瓶
kspc	空炮
ksqi	空气
ksqm	空前
ksqq	控球
ksqt	孔雀
ksqb	空勤
kssu	控诉
kstn	空调
kstz	空头
kstj	空谈
ksts	崆峒
kstx	客死他乡
ksuz	空手
ksve	空着
ksvi	控制
ksvj	空战
ksvr	空转
ksvl	哭丧着脸
ksvs	空中
ksvu	空竹
ksvb	客随主便
ksww	空位
kswu	空无
kswj	空碗
kswo	科索沃
ksxk	可塑性
ksxb	空心
ksxi	空隙
ksxl	空想
ksxm	空闲
ksxx	空暇
ksxu	空虚
ksxy	快速响应
ksyy	空运
ksyu	空余
ksyj	孔眼
ksyz	控油
ksyx	客死异乡
kszd	空载
kszi	孔子
kszs	倥偬
ktbm	口吐白沫
ktdw	科特迪瓦
kter	卡塔尔
kthx	客套话
kthd	哭天喊地
ktij	口头禅
ktif	靠天吃饭
ktix	开拓创新
ktjq	开拓进取
ktff	口吐芬芳
ktkt	客套客套
ktlh	口吐莲花
ktlu	枯藤老树
ktly	枯藤老树昏鸦
ktml	哭天抹泪
ktpd	开天辟地
ktpn	磕头碰脑
ktqd	哭天抢地
ktrk	慷他人之慨
ktrs	磕头如捣蒜
ktuh	口头上
ktuz	看图识字
ktvp	空头支票
ktyu	口头语
ktyi	口蹄疫
kuai	酷爱
kuao	苦熬
kubi	苦逼
kuby	恪守不渝
kubz	开山鼻祖
kucc	枯草
kucy	库存
kuch	库藏
kudd	裤袋
kudg	苦等
kudh	裤裆
kudj	苦胆
kudu	苦读
kudz	裤兜
kudc	空手道
kueg	空手而归
kueh	空手而回
kufh	库房
kufg	裤缝
kugc	枯槁
kugj	苦干
kugo	苦果
kugr	裤管
kugs	苦工
kugu	枯骨
kugx	苦瓜
kuhx	口水话
kuhd	苦海
kuhj	哭喊
kuhl	枯黄
kuho	苦活
kuis	瞌睡虫
kuia	裤衩
kuid	苦差
kuiu	苦楚
kuj	跨世纪
kuji	枯寂
kujk	枯井
kujn	裤脚
kujp	枯竭
kujq	苦酒
kuku	苦苦
kukz	苦口
kukx	可上可下
kule	哭了
kulc	苦劳
kuli	苦力
kulm	苦练
kuls	窟窿
kulz	骷髅
kulk	哭灵
kulv	苦旅
kulw	苦累
kumf	苦闷
kumk	苦命
kumu	枯木
kumc	可数名词
kunc	苦恼
kunj	苦难
kund	酷暑难当
kunn	酷暑难耐
kupy	昆山片玉
kuqu	看上去
kuqi	哭泣
kuql	哭腔
kuqc	旷世奇才
kuqr	苦劝
kuqs	哭穷
kuqk	苦情
kuqn	苦荞
kure	酷热
kurs	库容
kuse	苦涩
kush	哭丧
kusi	酷似
kusu	哭诉
kusj	犒赏三军
kutz	苦头
kuts	苦痛
kutv	裤腿
kutg	枯藤
kutl	空手套白狼
kuua	哭啥
kuug	哭声
kuuu	酷暑
kuuv	苦水
kuuz	枯瘦
kuv	口水战
kuvh	口水仗
kuve	哭着
kuvu	苦主
kuvi	枯枝
kuvj	苦战
kuvs	苦衷
kuvv	口舌之争
kuvl	口舌之利
kuvk	口舌之快
kuvb	口舌之便
kuvz	开山之作
kuww	枯萎
kuwa	裤袜
kuwp	口说无凭
kuxb	苦心
kuxr	酷炫
kuxm	裤线
kuxq	苦修
kuxf	口是心非
kuxk	酷刑
kuxn	苦笑
kuxt	苦学
kuxh	空山新雨后
kuyy	哭晕
kuyc	裤腰
kuyd	困兽犹斗
kuye	枯叶
kuyi	苦役
kuyu	苦于
kuzc	枯燥
kuzi	裤子
kuzo	枯坐
kuzu	开山祖师
kvbj	看着办
kvbd	溃败
kvbf	亏本
kvbu	跬步
kvbk	溃兵
kvby	枯枝败叶
kvbv	控制不住
kvce	窥测
kvdd	亏待
kvdn	亏掉
kvdv	愧对
kvdi	溃堤
kvfa	匮乏
kvfu	亏负
kvfr	空中飞人
kvhx	葵花
kvhc	亏耗
kvin	开张吃三年
kvjm	窥见
kvjq	愧疚
kvjx	盔甲
kvjz	抗震救灾
kvks	亏空
kvkz	溃口
kvkv	看着看着
kvle	亏了
kvlg	空中楼阁
kvlj	溃烂
kvlw	傀儡
kvlr	溃乱
kvlv	空置率
kvmk	扩展名
kvmp	溃灭
kvmh	苛政猛于虎
kvmb	控制面板
kvpo	窥破
kvpk	窥屏
kvqj	刻舟求剑
kvqm	亏欠
kvrj	岿然
kvrk	脍炙人口
kvsy	亏损
kvsj	溃散
kvsi	窥伺
kvse	愧色
kvss	馈送
kvtc	溃逃
kvtj	窥探
kvtv	溃退
kvui	窥视
kvuz	魁首
kvub	匡正时弊
kvwu	魁梧
kvww	魁伟
kvxb	亏心
kvxu	亏虚
kvyh	溃疡
kvyr	魁元
kvyt	苦中有甜
kvzg	馈赠
kvzl	苦中作乐
kwbn	勘误表
kwbj	可望不可即
kwcd	开胃菜
kwej	可望而不可即
kwju	矿务局
kwte	科威特
kwui	可谓是
kwvi	矿物质
kwvl	口无遮拦
kwxn	开玩笑
kwxd	开玩笑的
kwyl	孔武有力
kwyr	空无一人
kwyw	空无一物
kwzd	狂妄自大
kxcd	空心菜
kxbc	挎包
kxbu	跨步
kxbd	哭笑不得
kxda	夸大
kxdk	夸
kxdu	跨度
kxdn	垮掉
kxev	可想而知
kxgo	跨国
kxgu	胯骨
kxgy	苦心孤诣
kxhh	跨行
kxhd	跨海
kxhe	跨河
kxhk	夸下海口
kxid	开小差
kxiu	跨出
kxjx	科学家
kxjk	跨境
kxjl	夸奖
kxjb	跨进
kxjp	跨界
kxji	跨级
kxjy	苦心经营
kxkz	夸口
kxkx	夸夸
kxke	夸克
kxkh	可喜可贺
kxl	可惜了
kxle	垮了
kxlf	空穴来风
kxlj	跨栏
kxlb	空心萝卜
kxnm	跨年
kxpk	跨屏
kxpd	跨排
kxru	跨入
kxsg	苦行僧
kxsl	开心死了
kxta	垮塌
kxtd	垮台
kxth	口香糖
kxty	空心汤圆
kxu	亏心事
kxui	跨市
kxug	跨省
kxvh	夸张
kxvj	可笑之极
kxvr	胯下之辱
kxxk	可行性
kxxx	胯下
kxxm	跨县
kxxl	跨乡
kxyt	跨越
kxyc	夸耀
kxyh	跨洋
kxyu	跨域
kxyi	空喜一场
kxzj	夸赞
kxzv	夸嘴
kxzc	开小灶
kybm	看一遍
kybu	看一步
kybh	捆绑
kybc	坤包
kybq	可遇不可求
kybk	看也不看
kybz	可一不可再
kydm	快一点
kydy	困顿
kydr	宽以待人
kydh	可以的话
kydq	快意当前
kyee	困厄
kyei	快意恩仇
kyeq	可遇而不可求
kyfa	困乏
kyfu	捆缚
kygy	可以攻玉
kyho	困惑
kyie	开夜车
kyis	昆虫
kyjk	困境
kyjl	开源节流
kyjr	困倦
kyjs	困窘
kyju	困局
kyjn	困觉
kyjd	宽衣解带
kykj	看一看
kyku	困苦
kykw	可有可无
kyky	快言快语
kykt	可盐可甜
kyl	可以了
kyle	困了
kyly	昆仑
kymk	昆明
kynj	困难
kypg	鲲鹏
kyqu	昆曲
kyql	昆腔
kyrc	困扰
kyrs	可与人言无二三
kysi	困死
kyui	跨越式
kyuz	困守
kyvj	客运站
kyvu	困住
kyve	捆着
kyvs	昆仲
kyxx	看一下
kyxk	抗药性
kyxp	快一些
kyxj	宽严相济
kyyj	看一眼
kyyi	困意
kyyu	困于
kyyx	溃于蚁穴
kyzi	看样子
kyzd	困在
kyza	捆扎
kzan	口岸
kzbd	叩拜
kzbi	口鼻
kzbw	口碑
kzcd	口才
kzdd	口袋
kzdj	口淡
kzdn	扣掉
kzds	扣动
kzdi	扣抵
kzfa	扣发
kzff	扣分
kzfw	扣费
kzfg	口风
kzfu	口服
kzgj	口感
kzgl	扣光
kzgs	口供
kzhc	口号
kzhs	口红
kzhj	口含
kzhx	扣划
kzhv	口惠
kziu	扣除
kzig	口称
kzii	口吃
kziz	口臭
kzie	扣车
kzji	口技
kziy	口唇
kzjk	口径
kzjm	扣减
kzjn	口角
kzjt	口诀
kzjb	扣紧
kzke	口渴
kzkk	口快
kzku	口苦
kzkr	扣款
kzlj	扣篮
kzlk	口令
kzll	口粮
kzli	口里
kzlq	扣留
kzlp	开宗立派
kzmf	抠门
kzmy	开宗明义
kzml	开足马力
kznw	口内
kzqm	扣钱
kzqi	口气
kzqb	口琴
kzql	口腔
kzqq	扣球
kzrz	扣肉
kzsr	口算
kzsz	抠搜
kztz	口头
kztn	口条
kztu	抠图
kzti	扣题
kzua	扣杀
kzuc	口哨
kzue	口舌
kzuo	口说
kzuh	扣上
kzui	口试
kzuu	口述
kzuv	口水
kzuz	叩首
kzvu	扣住
kzvo	口拙
kzvc	口罩
kzvs	口中
kzve	扣着
kzww	口味
kzwf	口吻
kzwu	口误
kzxx	扣下
kzxk	口型
kzxb	口信
kzxp	叩谢
kzy	看走眼
kzyj	抠字眼
kzya	扣押
kzyb	口音
kzyi	口译
kzyl	看在眼里
kzyu	口语
kzzi	口子
l	了
liwa	立
ld	来
liwl	理
liv	力
lih	利
llo	量
li	里
ll	两
lu	路
lkrr	领
lme	联
lc	老
lqdt	溜
lqd	流
ly	论
lb	林
lim	李
ln	料
lv	绿
lcc	劳
lp	列
la	拉
lvi	律
lii	历
lw	类
lm	连
lo	落
le	乐
lq	刘
lvf	旅
lir	例
lqw	六
llm	粮
lldg	良
lkr	令
ls	龙
los	罗
liw	离
ljb	兰
lqp	留
lbl	临
ltt	略
lpdh	烈
lk	另
lqe	陆
luej	陆
lz	楼
lnb	疗
lue	录
lms	练
liil	励
lvs	缕
lyi	轮
lr	乱
lwt	累
lky	零
lli	辆
lkeh	灵
lg	冷
lwy	雷
lip	礼
lvh	虑
lia	丽
luy	露
lzy	露
lua	鲁
lnz	辽
ljl	览
llw	亮
lld	梁
lh	浪
lcs	络
losk	络
leg	勒
lwg	勒
lpu	劣
lkv	龄
lmg	廉
lod	洛
lse	隆
lmh	炼
lihu	黎
lyr	伦
ljc	蓝
lul	卢
ldc	莱
ljv	篮
luh	炉
lvuw	履
lhdo	朗
lbr	邻
lmo	脸
lwd	泪
ldu	赖
ljm	栏
lqm	柳
lke	岭
lsw	弄
lkd	凌
liiw	厉
lcb	牢
lhd	郎
lzd	漏
lpd	裂
lje	岚
lbrr	赁
lvk	吕
lvj	铝
ljh	烂
lldx	凉
ljd	滥
lhg	廊
lmc	莲
lkw	玲
ljs	缆
lvu	屡
lug	鹿
lkj	铃
ljfe	揽
lmw	恋
lat	垃
lslt	垄
lcf	捞
lsv	笼
liml	粒
lpq	猎
llr	俩
lxr	俩
lng	廖
lqb	瘤
lic	莉
lmj	链
ldo	睐
lbw	琳
lbu	磷
lao	腊
lac	落
lak	啦
lup	禄
lcd	涝
loz	逻
lal	辣
ljdj	澜
luk	赂
lne	聊
lwc	蕾
ljf	拦
lqu	硫
lws	垒
lihm	梨
lze	陋
loi	螺
lbg	麟
luc	芦
lly	谅
lkc	菱
loj	锣
lugh	庐
livn	隶
lyrb	仑
lix	栗
lwu	磊
lys	纶
luu	碌
lhq	狼
lsf	拢
lai	蜡
lnbp	寥
lvq	氯
lomk	骆
lsl	聋
loc	萝
lmb	帘
ljx	懒
lidl	沥
lby	霖
lsel	陇
lrp	卵
lwf	擂
lhw	琅
lvsn	缕
ltf	掠
lnr	僚
lmx	怜
lihn	犁
lid	漓
lop	裸
lyd	沦
ljme	榄
lvd	滤
lba	鳞
lumb	麓
lmdz	涟
lqdd	浏
lik	哩
lodx	漯
lvr	侣
liq	狸
lzm	娄
lrd	滦
lnh	燎
lns	缭
lbdx	凛
lulr	颅
licu	藜
lvm	驴
lud	泸
lgx	愣
lis	罹
lwj	镭
lqmt	榴
lso	胧
lgmw	棱
lkm	棱
ldi	徕
lmr	敛
lkrs	伶
lrwe	峦
lbf	拎
lch	烙
loh	烙
livd	篱
lcn	姥
lnfk	撂
lgm	楞
lqwv	琉
lkcs	苓
lkes	聆
lulx	卤
ljw	斓
lof	摞
lswl	珑
lial	鲤
ludk	潞
lau	剌
lcr	佬
llox	晾
liuw	砺
lqut	馏
lzf	搂
lida	澧
lird	俐
luz	鹭
lrw	鸾
lnf	撩
lpdd	冽
leo	肋
lwo	肋
lmwz	琏
lidm	溧
lrwm	栾
luib	辘
lbzl	遴
lvmk	榈
laoj	旯
lbc	蔺
lom	骆
lsb	窿
luhl	虏
luw	璐
ljmn	婪
lce	崂
lkrx	翎
lzv	篓
liu	砾
lbwk	吝
ljmj	阑
lbm	粼
lck	唠
lmjn	镰
lok	咯
lnk	嘹
licl	莅
lyf	抡
lhm	榔
lij	锂
livl	笠
lkrw	瓴
lcy	酪
lov	箩
lqz	遛
lrwj	銮
llf	靓
lmdn	濂
lib	痢
lzk	喽
liy	雳
lsk	咙
ludb	漉
lrwu	挛
luko	噜
lus	绿
lrwz	孪
lmm	楝
lcdx	潦
lnd	潦
lzj	镂
ldv	籁
lddl	涞
lowk	珞
lirl	俪
lbe	嶙
lslu	砻
lirm	傈
lhi	螂
lekl	叻
lvrn	偻
lzr	偻
lpk	咧
lvp	褛
liya	醴
lqdj	鎏
lnj	镣
lzb	瘘
lil	郦
llz	踉
lbz	躏
luxg	戮
ljp	褴
lhml	阆
lma	鲢
lnbx	寮
lks	绫
lww	羸
luau	鲈
lhjl	锒
lpt	趔
lvfc	捋
lufl	掳
lum	橹
lwa	耒
lwfn	耒
ldd	濑
lkk	呤
locn	荦
lkmh	棂
lmd	殓
lzg	髅
lui	轳
luzu	逯
likl	喱
liz	逦
lbgx	廪
lqs	绺
ludu	渌
ldb	癞
lnc	蓼
lucp	蓼
lin	娌
lmdw	潋
lki	蛉
lkye	酃
lde	崃
ljsg	罱
lcbl	痨
lwr	儡
lbmx	檩
lou	硌
lhc	莨
llc	莨
lbk	啉
ljy	谰
lihq	戾
luf	撸
luln	鸬
low	雒
laul	砬
likq	唳
lbi	辚
lomx	骡
lcyp	醪
lit	坜
llmx	椋
laz	邋
lzl	耧
lzi	蝼
lhk	啷
lpa	鬣
lihh	黧
liqd	猁
lnjl	钌
lqj	镏
lwn	嫘
lhcl	蒗
liid	蜊
lnq	獠
lumu	栌
lumo	氇
limw	粝
llg	魉
lqf	旒
lab	瘌
ljj	镧
lcj	铑
lcp	乐
lea	鳓
lizl	跞
lozl	跞
lmp	裢
lmpa	裣
lptc	埒
lpf	捩
lka	鲮
lqh	熘
lzen	嵝
lob	瘰
lwsx	缧
lwyc	酹
lek	嘞
lwk	嘞
libl	疬
lbol	膦
lzc	蒌
lodl	泺
lofc	捋
lisd	缡
liaa	鳢
lmdx	奁
lny	尥
lnu	尥
lkms	柃
luo	胪
luj	镥
lrwr	脔
lhhl	稂
lgt	塄
liwn	嫠
lisk	詈
lmi	蠊
lna	鹩
lndn	鹩
lpz	躐
lqx	鹨
lvfo	膂
loo	脶
lwyl	诔
livm	篥
lrwn	娈
lbo	瞵
lqjv	锍
lsm	栊
lsbu	癃
luik	辂
lvhk	稆
loq	猡
lcjl	铹
lcm	栳
lcl	耢
ler	仂
led	泐
lwm	檑
lmcw	蔹
lbxx	懔
lut	垆
lor	倮
lbsm	𬘭
llcl	𬜯
lls	𫟅
lno	瞭
lngp	髎
lokx	啰
luv	箓
lux	勠
lkvs	舲
llrl	俍
lpav	𫚭
lqjt	飗
lsol	眬
lwct	藟
laj	镴
lag	鞡
laid	蝲
lbwl	璘
lcnp	嫪
lccb	荖
ldrl	俫
ldm	梾
leu	饹
lev	簕
lge	崚
lgtw	堎
lhh	烺
lhe	崀
lho	㫰
lhco	蓢
lhdt	塱
lhdm	㮾
liyd	醨
limu	㰀
ljpj	襕
lkp	祾
lkrn	鸰
lkt	坽
lkn	姈
lkos	昤
lkxw	㥄
llx	悢
llix	辌
lmmz	梿
lmwj	瑓
lnzx	蹽
lndp	漻
lnx	憭
lnvx	簝
locg	蓏
lpdn	䴕
lpe	峛
lpo	脟
lqjp	镠
lqwe	珋
lqst	罶
lqpn	鹠
lqdy	瑬
lskc	哢
ltfu	䂮
ltk	圙
lupy	甪
lucu	菉
luwu	琭
luht	稑
lurp	僇
ludo	澛
luck	蕗
lvo	𦝼
lwut	礌
lwtf	罍
lzo	䁖
lza	剅
laad	𬶟
liel	𫵷
lmaj	𬶠
lsvr	𬕂
luju	𬬻
levl	了
lda	来
livp	力
llol	量
lila	里
lla	两
luzk	路
lmet	联
lclb	老
lyyb	论
limz	李
lnm	料
lvw	率
lvwu	率
lccl	劳
lviy	律
lwmd	类
lack	落
lcck	落
lock	落
lep	乐
lqwd	刘
lvfn	旅
lqwb	六
llml	粮
lsu	龙
losx	罗
ljbs	兰
lqpt	留
lbla	临
lttk	略
lkkl	另
lqej	陆
lzmn	楼
lueu	录
lvsu	绿
lyib	轮
lrq	乱
lwtx	累
lwyt	雷
lipv	礼
liad	丽
lzyk	露
luao	鲁
lnzl	辽
lhdl	浪
lcsk	络
legl	勒
lpul	劣
lmgn	廉
lseu	隆
lmhd	炼
ljcm	蓝
ldcl	莱
lkew	陵
ljvm	篮
luhh	炉
lbre	邻
lmoa	脸
lwdo	泪
ldur	赖
ljms	栏
lqme	柳
lswc	弄
lkdw	凌
lhde	郎
lpdy	裂
ljex	岚
lvkk	吕
ljhs	烂
lhge	廊
lmcz	莲
lkws	玲
lvun	屡
lugb	鹿
lkjs	铃
lmwx	恋
latl	垃
lcfl	捞
lsvl	笼
lpqo	猎
lxrl	俩
lqbt	瘤
lmjz	链
ldol	睐
lbwm	琳
lbul	磷
laoo	腊
lakl	啦
lupu	禄
lcdl	涝
lozx	逻
lalu	辣
lnee	聊
ljfs	拦
lwst	垒
lzev	陋
lbdm	淋
loix	螺
lbgl	麟
lkcw	菱
lojx	锣
lwuu	磊
lysb	纶
lhql	狼
lsfl	拢
laio	蜡
locx	萝
ljxr	懒
lbym	霖
lrpd	卵
lwft	擂
lhwl	琅
ltfx	掠
lnrx	僚
lmxs	怜
lopg	裸
lydb	沦
lvdx	滤
lbal	鳞
lvrk	侣
liql	狸
lnhx	燎
lnsx	缭
lvmh	驴
lgxf	愣
lisf	罹
lwjt	镭
lmrw	敛
lbfs	拎
lchk	烙
lohk	烙
lcnb	姥
ljwj	斓
lofx	摞
laud	剌
lcrb	佬
lzfn	搂
luzn	鹭
lnfx	撩
leol	肋
lwol	肋
lbcf	蔺
luwk	璐
lcel	崂
lzvn	篓
lbmv	粼
lckl	唠
lokk	咯
lnkx	嘹
lyfb	抡
lhme	榔
lovx	箩
lqzt	遛
llfe	靓
lzkn	喽
liyl	雳
lskl	咙
ldvr	籁
lbel	嶙
lhie	螂
lvpn	褛
lnjx	镣
lzbn	瘘
llzl	踉
lbzf	躏
lmaz	鲢
lksw	绫
lwwf	羸
lptd	趔
lwan	耒
lzgn	髅
lqsk	绺
ldbr	癞
lncp	蓼
linl	娌
lkis	蛉
ldel	崃
lwrt	儡
louk	硌
lbkm	啉
lufo	撸
litl	坜
lazv	邋
lzln	耧
lzin	蝼
lhke	啷
lnqx	獠
lwnx	嫘
lqfv	旒
ljjj	镧
leal	鳓
lmpz	裢
lpfq	捩
lkaw	鲮
lqht	熘
lobx	瘰
lzcn	蒌
lnuu	尥
lujo	镥
lgtf	塄
lmin	蠊
lnan	鹩
loon	脶
lsml	栊
loqx	猡
lcmb	栳
lcll	耢
lerl	仂
ledl	泐
lwmt	檑
lorg	倮
lnox	瞭
lajv	镴
lagl	鞡
ldml	梾
leuk	饹
lgew	崚
lhel	崀
lhol	㫰
lped	峛
lkpw	祾
lkns	姈
lnmx	橑
lpoc	脟
ltkm	圙
lvon	𦝼
lzon	䁖
lzad	剅
lnvl	了
ldan	来
llad	两
lnmu	料
lepd	乐
lsud	龙
lrqv	乱
lx	联系
lt	两天
lj	了解
lf	浪费
laba	喇叭
labi	蜡笔
labd	蜡白
ladc	拉倒
ladi	拉低
ladk	拉丁
lads	拉动
lada	拉大
lafg	拉风
lagc	拉高
lagz	拉钩
lagj	拉杆
lahw	拉黑
lahv	拉回
laho	拉货
lahx	拉花
lahc	柳暗花明又一村
lahl	蜡黄
lahm	柳暗花明
lahr	拉环
laie	拉扯
laih	拉长
laiu	拉出
lajb	拉近
laji	垃圾
lajn	辣椒
lajl	辣酱
laju	拉锯
lajx	拉架
lakd	拉开
lakx	拉胯
lake	拉客
lala	啦啦
lali	拉力
lalm	拉链
lals	拉拢
lald	拉来
lamm	拉面
lamj	拉满
lama	喇嘛
lamw	腊梅
lann	拉尿
lapn	拉票
lapk	拉平
laqi	拉起
laqu	拉去
laqm	拉纤
larz	腊肉
larf	拉人
larj	蜡染
lasa	拉萨
lasi	拉丝
laso	拉锁
lasd	两岸三地
lata	邋遢
latd	拉抬
lats	拉通
latn	辣条
lauf	拉伸
laug	拉升
laui	拉屎
lauz	拉手
lauh	拉上
lave	拉着
lavk	拉拽
lava	拉闸
lavi	拉直
lavu	蜡烛
lavr	拉砖
laww	辣味
lawj	蜡丸
lawh	拉网
laxx	落下
laxi	拉稀
laxl	蜡像
laxm	拉线
layt	腊月
layv	两岸猿声啼不住
laza	拉杂
lazi	辣子
lazz	拉走
lbb	冷冰冰
lbba	淋巴
lbbc	拎包
lbbh	邻邦
lbbk	狼狈不堪
lbbb	两鬓斑白
lbbp	临别
lbcy	邻村
lbcx	力不从心
lbd	轮不到
lbde	了不得
lbdk	冷不丁
lbdc	临到
lbdi	林地
lbdu	利弊得失
lbdw	两不耽误
lbdp	连奔带跑
lbdl	连本带利
lbdt	连蹦带跳
lbdj	联邦调查局
lben	卢布尔雅那
lbfh	冷不防
lbfw	磷肥
lbgo	邻国
lbhh	老本行
lbhe	临河
lbhu	临湖
lbhd	临海
lbht	脸不红心不跳
lbih	林场
lbij	临产
lbil	临床
lbji	来不及
lbjm	零部件
lbjb	临近
lbjp	临界
lbjh	拉帮结伙
lbjl	来不及了
lbjn	兰博基尼
lbju	邻居
lbjx	邻家
lbjy	略表敬意
lbkc	临考
lbks	临空
lbkd	离不开
lbkf	礼不可废
lbkl	磷矿
lbkp	牢不可破
lbkv	乐不可支
lbld	来不来
lblw	累不累
lblg	冷不冷
lbln	临了
lblh	琳琅
lbli	邻里
lblp	凛冽
lbly	利比里亚
lblv	屡败屡战
lbmf	临门
lbmo	临摹
lbmu	林木
lbmm	厉兵秣马
lbnl	老板娘
lbnj	力不能及
lbnf	黎巴嫩
lbpc	两边跑
lbpo	罗布泊
lbpm	鳞片
lbpf	临盆
lbpd	邻排
lbqi	了不起
lbqk	拎不清
lbqc	萝卜青菜
lbqa	萝卜青菜，各有所爱
lbqu	临去
lbqb	劣币驱逐良币
lbrj	凛然
lbs	老不死
lbse	吝啬
lbsi	临死
lbsr	磷酸
lbsu	乐不思蜀
lbsd	老不死的
lbt	礼拜天
lbtm	老半天
lbtp	临帖
lbts	临潼
lbtz	临头
lbti	力拔头筹
lbug	邻省
lbui	临时
lbur	力不胜任
lbuv	临睡
lbue	邻舍
lbuy	路不拾遗
lbut	狼奔豕突
lbuh	力拔山河
lbuz	两把刷子
lbvu	留不住
lbvz	腊八粥
lbvf	临阵
lbvi	林芝
lbvj	临战
lbvl	鳞状
lbvs	临终
lbwj	狼狈为奸
lbwb	凌波微步
lbwu	两不误
lbwv	狼狈万状
lbve	拎着
lbvt	老蚌珠胎
lbx	老百姓
lbxi	吝惜
lbxk	临行
lbxm	邻县
lbxy	聊表心意
lbxq	两不相欠
lbxg	两不相干
lbxt	林学
lbxr	遴选
lbxl	拉不下脸
lbyb	林荫
lbyr	林园
lbyu	淋雨
lbyi	临沂
lbya	利比亚
lbyh	礼崩乐坏
lbzi	林子
lbzo	邻座
lbzu	珞巴族
lbzz	临走
lcao	老媪
lcba	老爸
lcbc	劳保
lcbf	老本
lcbj	老板
lcbk	老兵
lcbo	老伯
lcbn	老表
lcbp	乐此不疲
lcbw	老辈
lccv	立此存照
lccu	了此残生
lcda	老大
lcdc	唠叨
lcdi	老弟
lcdm	老店
lcdp	老爹
lcds	劳动
lcdy	劳顿
lcdz	老豆
lcdn	老调
lcdg	老登
lcer	老二
lcfj	劳烦
lcfh	牢房
lcfu	老夫
lcgs	老公
lcgd	劳改
lcge	老哥
lcgu	牢固
lchj	老汉
lcho	老火
lchu	老虎
lchx	老化
lciz	老抽
lcig	老成
lcic	老巢
lcji	牢记
lcjq	老旧
lcjm	老茧
lcjn	老窖
lcjp	老姐
lcjx	老家
lcjy	劳军
lcjb	捞金
lckc	牢靠
lckr	老款
lcke	唠嗑
lcku	劳苦
lcla	老辣
lclc	姥姥
lcle	老了
lcli	劳力
lclk	老龄
lclm	老练
lcls	牢笼
lclu	劳碌
lclw	劳累
lcly	量才录用
lcma	老妈
lcmw	老妹
lcmk	老命
lcmd	老迈
lcmf	牢门
lcmo	劳模
lcmu	老母
lcna	老衲
lcnl	老娘
lcnm	老年
lcnn	老鸟
lcpo	老婆
lcpd	老牌
lcqu	捞取
lcqm	捞钱
lcqi	老气
lcqr	老拳
lcrf	老人
lcry	绿草如茵
lcsc	牢骚
lcsj	老三
lcsf	屡次三番
lcsy	劳损
lcsi	老死
lctz	老头
lctd	老太
lctm	老天
lctp	老铁
lctu	老土
lctc	老套
lcth	老汤
lcui	老师
lcuc	老少
lcuf	劳神
lcuo	老说
lcuu	老鼠
lcuz	老手
lcve	老者
lcvb	鳞次栉比
lcvf	落枕
lcvh	老丈
lcvd	老宅
lcvq	零存整取
lcww	另存为
lcwd	老外
lcwg	老翁
lcwo	老挝
lcwu	劳务
lcwk	落草为寇
lcxs	老兄
lcxb	劳心
lcxl	老乡
lcxn	老小
lcxq	老朽
lcya	老鸭
lcyb	烙印
lcye	老爷
lcyk	老鹰
lcyr	老远
lcyu	捞鱼
lcyz	老友
lcyc	老妖
lcyi	劳役
lczc	老早
lczi	老子
lczo	劳作
lczs	老总
lczu	老祖
lcza	流窜作案
ldba	来吧
ldbb	来宾
ldbd	雷打不动
ldbi	漏洞百出
ldbl	另当别论
ldbx	老大不小
ldbs	累得半死
ldci	来此
ldcg	粮多草广
lddc	来到
lddr	来段
ldde	来得
lddm	来电
ldf	老地方
ldfh	来访
ldfj	来犯
ldg	老大哥
ldge	来个
ldgc	来稿
ldgo	来过
ldgz	劳动改造
ldgb	领导干部
ldhv	来回
ldho	来火
ldhj	来函
ldil	赖床
ldic	来潮
ldif	立地成佛
ldit	老调重弹
ldix	拉东扯西
ldji	来得及
ldjb	来劲
ldju	劳动局
ldjj	雷电交加
ldjl	来讲
ldjm	来件
ldjp	老大姐
ldkd	离得开
ldke	来客
ldkj	来看
ldle	来了
ldla	来啦
ldlb	来临
ldli	来历
ldlu	来路
ldln	懒得理你
ldlh	六道轮回
ldma	来吗
ldmv	拉丁美洲
ldmy	灵丹妙药
ldnj	老大难
ldnm	来年
ldnl	老大娘
ldpi	赖皮
ldpc	榴弹炮
ldq	懒得去
ldqu	来去
ldqm	来钱
ldqz	留得青山在
ldr	两代人
ldrf	来人
ldri	来日
ldru	狼多肉少
ldry	锒铛入狱
ldrm	劳动人民
ldrg	礼多人不怪
ldrk	来得容易去得快
ldtz	来头
ldtj	李代桃僵
ldtb	老大徒伤悲
ldty	立定跳远
ldug	来生
ldui	来世
lduo	来说
ldvu	留得住
ldve	来着
ldvh	赖账
ldvj	来战
ldwh	来往
ldwj	来玩
ldwf	来文
ldwi	老大无成
ldwq	力大无穷
ldwa	落袋为安
ldxk	流动性
ldxx	来下
ldxb	来信
ldxi	来袭
ldxl	来向
ldxm	浪得虚名
ldya	老掉牙
ldyl	老掉牙了
ldyx	两点一线
ldys	累得要死
ldyq	溜达一圈
ldyu	落地有声
ldyb	利大于弊
ldyi	来意
ldyr	来源
ldyv	老当益壮
ldyy	乱点鸳鸯
ldyz	来由
ldye	略懂一二
ldyp	乱点鸳鸯谱
ldzi	来自
ldzj	流动资金
ldzm	拉丁字母
ldzr	连带责任
leby	来而不往非礼也
lebs	老而不死
lebz	老而不死是为贼
lebu	两耳不闻窗外事
lede	乐得
legr	乐观
lehe	乐呵
lejm	乐见
lelk	勒令
lemj	老而弥坚
lequ	乐趣
leso	勒索
letm	乐天
letu	乐土
letv	笼而统之
leui	乐事
leuj	乐山
lewf	乐而忘返
lewg	劳而无功
leyr	乐园
leyi	乐意
leyu	乐于
lezi	乐子
lfbu	流芳百世
lffw	龙飞凤舞
lfgs	卢浮宫
lfgf	立方根
lfhu	绿肥红瘦
lfhm	鸾凤和鸣
lfix	龙凤呈祥
lfjg	立法机关
lfle	浪费了
lflq	老夫老妻
lflt	两房两厅
lfmm	两方面
lfmi	立方米
lfqg	流芳千古
lftd	龙凤胎
lfti	立方体
lfuv	轮番上阵
lfuq	老夫少妻
lfvs	两分钟
lfws	落发为僧
lfye	老佛爷
lfyt	两房一厅
lfyf	罗敷有夫
lgao	冷傲
lgbj	两个半
lgbi	楞逼
lgbk	冷冰
lgbq	连根拔起
lgci	两个词
lgch	冷藏
lgcd	冷菜
lgd	老古董
lgdj	冷淡
lgds	冷冻
lgdp	连滚带爬
lgdh	留个电话
lgdy	两个多月
lgdu	两个多小时
lgdv	两个多钟
lgdr	连锅端
lgfw	驴肝肺
lgfg	冷风
lgfj	冷饭
lgfn	龙肝凤脑
lgfs	龙肝凤髓
lgfm	两个方面
lgfu	冷敷
lgg	老公公
lggv	冷柜
lggs	冷宫
lggo	冷锅
lggl	冷光
lghu	泸沽湖
lghj	冷汗
lghg	冷哼
lghl	两个黄鹂鸣翠柳
lgih	冷场
lgj	老规矩
lgjb	两国交兵
lgju	两国交兵，不斩来使
lgji	冷寂
lgjk	冷静
lgjm	冷箭
lgjn	棱角
lgjy	冷峻
lgke	理工科
lgku	冷酷
lgle	冷了
lgli	利滚利
lglg	冷冷
lglm	冷脸
lglo	冷落
lglb	两个礼拜
lgmf	冷门
lgmo	冷漠
lgmm	冷面
lgmj	擂鼓鸣金
lgnr	冷暖
lgnk	冷凝
lgnx	留个念想
lgpi	冷僻
lgpj	冷盘
lgqk	冷清
lgqi	冷气
lgqj	六根清净
lgql	冷枪
lgqt	冷却
lgrf	两个人
lgre	冷热
lgsi	冷死
lgso	冷缩
lgse	冷色
lgsk	卢甘斯克
lgth	冷烫
lgtm	冷天
lgui	愣是
lguf	愣神
lguv	冷水
lguj	立功受奖
lguz	立功赎罪
lgvs	两个钟
lgvb	立国之本
lgve	愣着
lgvg	愣怔
lgvj	冷战
lgvt	两个钟头
lgvu	愣住
lgvy	乐观主义
lgvx	灵光乍现
lgwt	两个问题
lgxn	冷笑
lgxt	冷血
lgxk	冷醒
lgxu	两个小时
lgxq	两个星期
lgxy	留个心眼
lgyt	两个月
lgyx	灵光一现
lgyb	冷饮
lgyc	流光溢彩
lgyi	略高一筹
lgyj	冷眼
lgyu	冷遇
lgzi	两个字
lgdx	理工大学
lhba	厉害吧
lhbc	脸红脖子粗
lhbw	狼狈
lhcd	六合彩
lhdh	浪荡
lhdu	朗读
lhdp	连哄带骗
lhdj	连喊带叫
lhdb	灵活多变
lhdy	梨花带雨
lhet	落荒而逃
lhfw	浪费
lhfh	廊坊
lhfg	浪峰
lhgz	狼狗
lhgo	联合国
lhgx	利害关系
lhhc	狼嚎
lhhd	狼孩
lhhe	乐呵呵
lhhs	乱哄哄
lhhx	浪花
lhic	浪潮
lhiq	炉火纯青
lhit	利害冲突
lhj	连环计
lhjd	灵活机动
lhji	狼藉
lhjm	浪尖
lhjn	浪叫
lhjj	烈火见真金
lhjy	郎君
lhjk	老花镜
lhks	陆海空
lhle	厉害了
lhli	老黄历
lhlh	朗朗
lhlu	落花流水
lhly	两河流域
lhlj	乱喊乱叫
lhma	癞蛤蟆
lhmj	浪漫
lhmr	癞蛤蟆想吃天鹅肉
lhnq	老黄牛
lhna	氯化钠
lhpd	老虎屁股摸不得
lhqr	狼犬
lhqy	狼群
lhqn	廊桥
lhqm	零花钱
lhrf	狼人
lhrw	灵魂人物
lhss	朗诵
lhtu	老糊涂
lhtc	浪涛
lhtz	榔头
lhti	老汉推车
lhui	两回事
lhug	朗声
lhuh	老和尚
lhvi	兰花指
lhvf	联合政府
lhvs	郎中
lhwo	狼窝
lhwh	联欢晚会
lhxk	灵活性
lhxd	两虎相斗
lhxg	利害相关
lhxt	脸红心跳
lhxv	两虎相争
lhxq	两害相权取其轻
lhy	老花眼
lhya	狼牙
lhyg	利害攸关
lhyj	狼烟
lhyy	落花有意
lhyb	礼坏乐崩
lhzi	浪子
lhzu	拉祜族
lian	立案
liba	篱笆
libc	礼包
libd	礼拜
libi	利弊
libm	里边
libp	离别
libb	礼宾
libx	离愁别绪
liby	来处不易
libz	驴唇不对马嘴
libh	离愁别恨
licd	理财
lici	历次
lico	力挫
licg	里层
lidc	力道
lidd	历代
lidh	理当
lidj	礼单
lidk	立定
lids	立冬
lidu	力度
lidv	离队
lidg	立等
lido	利多
lidp	连吹带捧
lifa	立法
lifh	立方
lifu	礼服
lifo	礼佛
lifs	令出法随
ligd	理该
ligh	离岗
lige	立个
ligo	立国
ligs	立功
ligv	厉鬼
lihd	厉害
lihc	利好
lihe	离合
lihv	理会
lihy	离婚
liho	理货
lihx	梨花
lihr	罹患
lihz	立候
liht	脸朝黄土背朝天
liia	利差
liic	历朝
liig	历程
liih	立场
liii	利齿
liis	凌迟处死
liiu	理出
liiv	老成持重
liiy	立春
liiz	离愁
lijb	礼金
lijf	六朝金粉
liji	立即
lijk	历经
lijl	丽江
lijm	利剑
lijn	立交
lijp	理解
lijr	良辰吉日
liju	例句
lijx	离家
likd	离开
like	立刻
liks	利空
likv	理亏
lilb	莅临
lild	历来
lile	离了
lill	力量
liln	理疗
lilm	历练
lilo	利落
lils	里弄
lilv	利率
lily	理论
lilk	立领
lima	立马
limc	礼貌
limi	厘米
limj	良辰美景
limk	黎明
limm	里面
limb	利民
linj	罹难
linm	理念
linn	利尿
lipb	礼品
lipc	礼炮
lipu	离谱
lipw	理赔
lipg	力捧
liqi	力气
liqk	理清
liqq	力求
liqu	离去
liqr	礼券
liqm	利钱
lirf	离任
lirh	礼让
liri	丽日
liru	例如
liry	利润
lisu	礼俗
lisc	离骚
lisi	李四
lisj	离散
liso	利索
lise	栗色
lith	礼堂
liti	立体
litk	力挺
litu	力图
litz	里头
liuf	立身
liug	厉声
liui	历史
liuu	隶属
liuv	丽水
liuy	理顺
livc	利爪
livg	力争
livi	理智
livj	力战
livu	立柱
live	立着
liwd	例外
liwu	礼物
liwo	梨涡
lixb	离心
lixi	利息
lixk	理性
lixl	理想
lixm	离线
lixn	离校
lixq	离休
lixt	力学
lixx	立夏
lixw	六畜兴旺
liyi	利益
liyk	理应
liyr	梨园
liys	利用
liyt	立约
liyu	利于
liyz	理由
liye	立业
liyc	力邀
liyv	乱成一锅粥
lizi	例子
lizj	礼赞
lizo	力作
lizu	立足
lizv	利嘴
lizz	乱臣贼子
ljbf	蓝本
ljbg	屡教不改
ljbb	劣迹斑斑
ljbj	篮板
ljbl	谅解备忘录
ljbp	路见不平
ljbv	屡禁不止
ljbx	屡见不鲜
ljcc	兰草
ljcy	揽存
ljcs	历尽沧桑
ljcd	路经此地
ljcx	乱箭攒心
ljdm	落脚点
ljdd	垃圾袋
ljde	懒得
ljdh	拦挡
ljdi	蓝底
ljdn	烂掉
ljdo	懒惰
ljdk	拉家带口
ljdv	蓝队
ljfa	滥伐
ljfm	棱角分明
ljfg	廉洁奉公
ljfh	两极分化
ljfi	龙驹凤雏
ljfl	老骥伏枥
ljfn	良家妇女
ljgj	栏杆
ljgv	懒鬼
ljgl	蓝光
ljgo	揽过
ljhj	懒汉
ljhx	兰花
ljhu	老江湖
ljho	揽活
ljhm	龙精虎猛
ljhq	炼精化气
ljia	龙井茶
ljie	缆车
ljih	拉家常
ljig	蜡炬成灰泪始干
ljim	老将出马
ljil	老将出马，一个顶俩
ljis	懒虫
ljiz	蓝筹
ljjl	辣椒酱
ljjm	揽件
ljjh	老奸巨猾
ljji	拦击
ljjk	亮晶晶
ljjn	懒觉
ljjp	拦截
ljjx	历尽艰辛
ljke	揽客
ljkl	篮筐
ljkd	勒紧裤腰带
ljli	理解力
ljle	烂了
ljlj	蓝蓝
ljlk	蓝领
ljlu	拦路
ljlv	褴褛
ljll	廉价劳动力
ljmu	栏目
ljmw	蓝莓
ljmx	历久弥新
ljmh	恋酒迷花
ljni	烂泥
ljpd	离经叛道
ljpk	蓝屏
ljpm	烂片
ljqn	立交桥
ljqq	篮球
ljqk	滥情
ljqy	蓝裙
ljqi	乐见其成
ljqr	恋奸情热
ljqg	屡建奇功
ljqu	量价齐升
ljrf	懒人
ljru	揽入
ljrz	烂肉
ljse	蓝色
ljsj	懒散
ljsu	烂俗
ljsw	逻辑思维
ljsy	流金岁月
ljts	垃圾桶
ljtj	篮坛
ljtm	蓝天
ljtu	蓝图
ljtz	烂透
ljtv	励精图治
ljty	浪迹天涯
ljui	两件事
ljuz	揽收
ljua	滥杀
ljub	乐极生悲
ljug	缆绳
ljuj	阑珊
ljuu	烂熟
ljvi	临界值
ljve	拦着
ljvh	烂账
ljvt	临界状态
ljvy	利己主义
ljvu	拦住
ljvz	兰州
ljvj	拉锯战
ljwh	拦网
ljww	阑尾
ljxl	垃圾箱
ljxm	蓝线
ljxp	篮协
ljxu	落井下石
ljxx	拦下
ljxk	逻辑性
ljyz	辣椒油
ljyu	凌驾于
ljya	蓝牙
ljyc	拦腰
ljyd	灵机一动
ljyb	略见一斑
ljys	滥用
ljyj	蓝颜
ljyx	了解一下
ljzi	篮子
ljzl	廉洁自律
ljzu	拦阻
ljzv	烂醉
ljzx	乱箭攒心
lkai	令爱
lkan	另案
lkbj	领班
lkbm	灵便
lkbk	领兵
lkce	另册
lkcy	另存
lkdc	领导
lkdd	领带
lkdh	铃铛
lkdi	领地
lkdj	灵丹
lkdk	伶仃
lkdm	零点
lkds	灵动
lkdu	零度
lkdv	领队
lkdp	领跌
lkff	零分
lkgj	灵感
lkgg	劳苦功高
lkgl	灵光
lkgk	灵怪
lkgs	零工
lkgr	领馆
lkho	灵活
lkhc	零号
lkhe	零和
lkhd	领海
lkhh	领航
lkhu	令狐
lkhv	领会
lkhx	零花
lkhy	灵魂
lkie	灵车
lkif	凌晨
lkih	领唱
lkii	凌迟
lkic	零钞
lkjl	领奖
lkjm	零件
lkjn	领教
lkjp	领结
lkju	另据
lkjq	灵柩
lkjx	凌驾
lkjy	领军
lkji	另计
lkks	领空
lkkz	领口
lkkr	领款
lklw	另类
lklu	领路
lklf	乱砍滥伐
lklh	令郎
lkli	凌厉
lklo	零落
lklr	凌乱
lkls	玲珑
lklt	领略
lkmb	灵敏
lkmk	领命
lkmu	陵墓
lkmz	另谋
lkmi	另觅
lkmw	灵媒
lknj	岭南
lknt	凌虐
lkpc	领跑
lkpi	另辟
lkpd	令牌
lkpk	伶俜
lkq	冷空气
lkqb	陵寝
lkqi	灵气
lkqk	领情
lkqm	零钱
lkqn	灵巧
lkqu	领取
lkrf	令人
lkru	凌辱
lksj	零散
lksv	零碎
lksr	另算
lkss	雷克萨斯
lkth	令堂
lktk	聆听
lkts	灵通
lktu	领土
lktz	领头
lktd	灵台
lkuv	流口水
lkui	零食
lkuo	另说
lkug	铃声
lkuh	零上
lkuz	零售
lkvc	另找
lkve	领着
lkvi	灵芝
lkvu	领主
lkvl	另装
lkvg	领证
lkvh	领涨
lkwd	另外
lkwu	领悟
lkww	灵位
lkwq	冷酷无情
lkwm	拉开帷幕
lkxk	另行
lkxl	另想
lkxi	灵犀
lkxm	领先
lkxn	凌霄
lkxy	凌汛
lkxq	领袖
lkxr	另选
lkxx	零下
lkyc	灵药
lkyh	领养
lkyi	灵异
lkyj	灵验
lkyk	雷克雅未克
lkyr	陵园
lkys	领用
lkyu	领域
lkyy	凌云
lkyz	另有
lkyx	良苦用心
lkz	两口子
lkzv	零嘴
lkzo	另做
lkzi	领子
lkzz	领走
lkzy	令尊
llan	两岸
llbm	两遍
llba	两把
llbo	两拨
llbd	两百
llbf	两本
llbi	两笔
llbj	凉拌
llbu	两步
llbw	两倍
llbh	两帮
llbt	浪里白条
llbb	两鬓
llbs	罗里吧嗦
llcc	粮草
llcg	两层
llcj	两餐
llcd	凉菜
llce	两侧
llch	粮仓
llci	两次
llcy	两寸
lldc	两道
llda	量大
llds	两栋
lldd	两代
lldy	两顿
lldj	两单
lldf	落落大方
lldi	两地
lldm	两点
lldr	两端
lldu	亮度
lldv	两对
lldo	良多
lldp	凉碟
lldz	老来得子
llex	量力而行
llew	量力而为
llff	两份
llfg	凉风
llfh	良方
llfu	联络方式
llfc	乱了方寸
llfi	沦落风尘
llfx	雷厉风行
llge	两个
llgf	两根
llgu	两股
llgx	凉瓜
llgh	落落寡欢
llgj	晾干
llgl	亮光
llgo	两国
llh	老龄化
llhj	联络函
llhc	良好
llhe	两盒
llhh	两行
llhx	量化
llhv	两回
llhu	拦路虎
llhl	粮荒
lliu	两处
llig	两成
llih	两场
llic	两朝
llia	凉茶
llis	两重
llil	两床
llid	两肋插刀
llie	靓车
llif	良辰
llii	拉拉扯扯
llij	量产
llju	两句
llji	良机
lljj	赖赖唧唧
lljn	两脚
lljp	谅解
lljq	良久
lljv	淋漓尽致
lljt	流落街头
lljx	两家
lljy	两军
llk	老两口
llke	两颗
llkk	凉快
llkr	两款
llku	良苦
llkz	两口
lll	狼来了
lllv	捋了捋
llln	聊了聊
lllg	愣了愣
llle	亮了
llli	靓丽
llly	两轮
lllj	理论联系实际
llll	凉凉
llls	啰里啰嗦
lllt	邋里邋遢
lllw	两类
lllq	聊来聊去
llla	啦啦啦
llmb	良民
llmf	两门
llmi	两米
llmk	两名
llmm	两面
llmw	两枚
llmo	粮秣
llnm	两年
llnj	两难
llnv	靓女
llpk	两瓶
llpm	两篇
llpd	两排
llpg	凉棚
llph	两旁
llpi	两批
llpf	两盆
llpj	两盘
llpn	粮票
llpw	拉郎配
llq	浏览器
llqi	亮起
llqk	朗朗乾坤
llql	踉跄
llqm	两千
llqq	来来去去
llqr	两全
llrf	两人
llri	两日
llrx	笼络人心
llrc	历来如此
llse	亮色
llsv	两岁
llso	两所
llsz	两艘
llss	零零碎碎
llt	聊聊天
lltc	两套
lltz	两头
lltd	两台
llth	亮堂
lltk	凉亭
lltm	两天
lltn	两条
lltv	两腿
llts	量筒
llto	凉拖
lltt	邋邋遢遢
lltx	勠力同心
lluh	理论上
lluo	两说
llud	晾晒
lluf	量身
llur	寥寥数人
llui	粮食
lluj	梁山
lluk	朗朗上口
llul	凉爽
llus	流离失所
lluu	老老实实
lluv	凉水
lluy	寥寥数语
lluz	两手
llvh	两张
llvc	靓照
llve	两者
llvi	两只
llvs	两种
llvu	梁祝
llvv	林林种种
llvz	两周
llvj	乱了阵脚
llvt	老来这一套
llwf	流连忘返
llwj	两万
llww	两位
llxb	良心
llxi	凉席
llxk	良性
llxl	亮相
llxn	良宵
llxp	凉鞋
llxx	两下
llyc	良药
llyr	良缘
llyh	两样
llyi	两翼
llyj	两眼
llys	两用
llyz	粮油
llyx	聊了一下
llzo	两座
llzd	靓仔
llzi	量子
llzm	历历在目
llzz	林林总总
llzh	老泪纵横
llxu	乱了心神
lmai	恋爱
lmbc	联保
lmbd	连败
lmbh	联邦
lmbi	练笔
lmbj	连绵不绝
lmbk	练兵
lmbo	联播
lmbu	脸部
lmbx	黎民百姓
lmcd	敛财
lmci	连词
lmda	连打
lmdc	镰刀
lmdp	连蒙带骗
lmdh	连蒙带唬
lmdd	连带
lmdj	脸蛋
lmdk	罗曼蒂克
lmds	联动
lmdv	连队
lmdg	罗马帝国
lmdu	连读
lmfh	联防
lmfa	连发
lmfj	连番
lmfc	劳民费财
lmge	连个
lmgo	练过
lmgh	炼钢
lmgr	连贯
lmgs	练功
lmgj	另谋高就
lmgv	廉明公正
lmhc	连号
lmhe	联合
lmhr	连环
lmhs	脸红
lmhx	莲花
lmhu	连呼
lmhz	狸猫换太子
lmig	练成
lmii	廉耻
lmil	连闯
lmir	连串
lmiu	练出
lmjb	连襟
lmji	联机
lmjm	练剑
lmjp	连接
lmjq	恋旧
lmju	龙马精神
lmjx	廉价
lmjy	联军
lmks	脸孔
lmld	来没来
lmlo	联络
lmli	连理
lmlm	练练
lmlw	连累
lmlh	连廊
lmly	冷眉冷眼
lmlv	老迈龙钟
lmlg	来没来过
lmmj	路漫漫
lmmb	怜悯
lmmg	联盟
lmmh	连忙
lmmk	联名
lmmm	脸面
lmmw	联袂
lmmu	帘幕
lmmx	路漫漫其修远兮
lmma	老妈妈
lmnm	连年
lmnd	炼奶
lmnu	连弩
lmny	罗马尼亚
lmou	莲藕
lmpf	脸盆
lmpg	莲蓬
lmph	脸庞
lmpi	脸皮
lmpj	脸盘
lmpm	连篇
lmpo	廉颇
lmpu	脸谱
lmqk	恋情
lmqq	练球
lmqm	敛钱
lmqu	恋曲
lmqr	练拳
lmqi	练气
lmqf	连绵起伏
lmqs	溜门撬锁
lmrf	恋人
lmri	连日
lmrs	莲蓉
lmru	炼乳
lmsd	联赛
lmse	脸色
lmso	连锁
lmtm	连天
lmti	连体
lmtn	链条
lmts	联通
lmtd	莲台
lmtp	炼铁
lmui	两码事
lmuc	劳民伤财
lmug	连胜
lmuh	脸上
lmus	老谋深算
lmut	老马识途
lmuu	脸熟
lmuz	联手
lmvf	龙门阵
lmve	连着
lmvg	廉政
lmvh	连长
lmvi	炼制
lmvj	恋战
lmvl	连庄
lmvz	连轴
lmvu	连珠
lmvv	连缀
lmvy	浪漫主义
lmwh	联网
lmwu	练舞
lmwq	冷漠无情
lmxi	练习
lmxk	脸型
lmxl	联想
lmxm	连线
lmxu	连续
lmxx	练下
lmxp	连写
lmxr	连选
lmye	连夜
lmyb	联姻
lmyi	涟漪
lmyk	联营
lmyu	炼狱
lmyy	联运
lmyz	炼油
lmyj	临门一脚
lmz	绿帽子
lmzc	连遭
lmzd	连载
lmzi	练字
lmzo	连坐
lmzu	廉租
lnbl	流年不利
lnbo	撩拨
lncc	潦草
lndc	料到
lnde	了得
lndk	料定
lndr	了断
lndz	老年得子
lnfa	疗法
lnfq	烂泥扶不上墙
lnhe	辽河
lnhq	烂泥糊不上墙
lnig	疗程
lnid	老年痴呆
lnic	老牛吃嫩草
lnji	料及
lnjp	了解
lnjq	料酒
lnju	了局
lnkc	镣铐
lnkd	撩开
lnko	辽阔
lnli	料理
lnll	嘹亮
lnln	聊聊
lnlo	寥落
lnlr	缭乱
lnmw	撩妹
lnnd	老奶奶
lnnk	辽宁
lnpi	老牛破车
lnqm	两年前
lnqt	了却
lnqi	聊起
lnqn	料峭
lnrc	缭绕
lnrf	撩人
lnrj	了然
lnre	撩惹
lnsc	撩骚
lnsu	流年似水
lntm	聊天
lnui	了事
lnud	老牛舐犊
lnug	辽宁省
lnuh	疗伤
lnvd	聊斋
lnve	聊着
lnvh	了账
lpvf	列阵
lnwh	瞭望
lnwu	了无
lnxl	料想
lnxn	疗效
lnxx	撂下
lnyh	疗养
lnyu	疗愈
lnya	獠牙
lnyr	燎原
lnzd	撂在
lnzi	料子
lnzv	冷暖自知
lobd	落败
lobf	裸奔
lobh	落榜
lobi	落笔
lobo	萝卜
loci	裸辞
locc	落草
lodc	落到
lodd	落袋
lode	落得
lodi	落地
lodj	落单
lodk	螺钉
lodm	落点
lofa	落发
logu	锣鼓
lohj	罗汉
lohy	裸婚
lohu	落户
lohx	落花
lohz	落后
loia	落差
loic	落潮
loig	落成
loiv	落槌
loji	逻辑
lojn	落脚
lojr	裸捐
lokl	箩筐
lokr	落款
loks	落空
lolu	裸露
lolp	罗列
lolw	落泪
loli	萝莉
lole	罗勒
loma	罗马
lomc	螺帽
lomo	落寞
lomu	落幕
lonj	落难
lonv	裸女
lopj	罗盘
lopo	落魄
loqr	罗圈
lori	落日
loru	落入
losi	螺丝
loso	啰嗦
loti	裸体
loto	骆驼
loui	落实
lour	螺栓
louj	落山
louv	落水
lovc	裸照
lovi	罗织
lovl	裸装
lowf	螺纹
lowh	落网
lowu	落伍
loxx	落下
loxr	螺旋
loyh	洛阳
loye	落叶
loyu	落雨
loyj	裸眼
lozd	落在
lozi	骡子
lozo	落座
lpbn	列表
lpbc	猎豹
lpbm	裂变
lpbu	猎捕
lpbk	列兵
lpbo	裂帛
lpdc	列岛
lpdg	劣等
lpdv	列队
lpdu	烈度
lpfg	裂缝
lpg	癞皮狗
lpgz	猎狗
lpgf	劣根
lpgo	列国
lphz	脸皮厚
lpho	烈火
lphf	裂痕
lphj	龙盘虎踞
lphu	猎户
lpiu	列出
lpie	列车
lpih	猎场
lpjm	零配件
lpju	列举
lpji	劣迹
lpjq	烈酒
lpkd	裂开
lpkz	裂口
lpkr	列宽
lply	廉颇老矣
lpld	连篇累牍
lpmf	捞偏门
lpmk	列明
lpma	烈马
lpnk	列宁
lpnv	烈女
lppo	老婆婆
lppg	乱蓬蓬
lpqi	猎奇
lpql	猎枪
lpqp	趔趄
lpqr	猎犬
lpqu	猎取
lpru	列入
lprf	猎人
lpri	烈日
lptn	拉皮条
lptz	猎头
lpua	猎杀
lpui	劣势
lpuz	猎手
lpvi	劣质
lpvy	力排众议
lpwu	猎物
lpwf	裂纹
lpww	列为
lpxi	列席
lpxj	另辟蹊径
lpxk	烈性
lpyz	老朋友
lpyj	烈焰
lpyk	猎鹰
lpzv	咧嘴
lqbd	六百
lqbg	屡劝不改
lqbk	溜冰
lqbr	六亲不认
lqbu	留步
lqbh	刘邦
lqbz	乱七八糟
lqbw	刘备
lqcy	留存
lqcg	六层
lqcc	来去匆匆
lqcq	理屈词穷
lqcr	流窜
lqcu	了却残生
lqda	溜达
lqdc	流到
lqdn	溜掉
lqdi	留底
lqdm	六点
lqdv	六七点钟
lqds	流动
lqdu	流毒
lqdh	留档
lqdw	两栖动物
lqdq	留取丹心照汗青
lqdf	乱拳打死老师傅
lqfh	流放
lqff	六分
lqgw	留给
lqge	六个
lqgj	流感
lqgl	流光
lqgz	遛狗
lqgr	六七个人
lqgy	六七个月
lqgm	另请高明
lqgo	流过
lqhd	刘海
lqhf	留痕
lqhj	流汗
lqhl	硫黄
lqhc	溜号
lqhq	老气横秋
lqhu	炼气化神
lqih	流畅
lqic	六朝
lqig	流程
lqij	流产
lqir	流传
lqiu	流出
lqji	留级
lqjk	流经
lqjg	劳其筋骨
lqju	了却君王天下事
lqks	留空
lqke	留客
lqkz	流寇
lqlh	流浪
lqli	流利
lqle	溜了
lqlj	浏览
lqll	流量
lqlm	留恋
lqlo	流落
lqlq	溜溜
lqlu	流露
lqlw	流泪
lqlz	另起炉灶
lqmh	流氓
lqmw	柳眉
lqmk	留名
lqmb	流民
lqmf	留门
lqn	六七年
lqnm	留念
lqnn	遛鸟
lqpd	流派
lqqm	六千
lqqk	留情
lqqi	六七
lqqq	琉球
lqqv	礼轻情意重
lqqy	郎情妾意
lqru	流入
lqri	六日
lqrf	来去如风
lqsd	零敲碎打
lqsv	六岁
lqsj	流散
lqsr	硫酸
lqsu	留宿
lqts	流通
lqth	流淌
lqti	流体
lqtm	六天
lqtx	理清头绪
lqua	流沙
lquf	留神
lqui	流失
lquu	柳树
lquc	柳梢
lquv	流水
lquz	留守
lqus	六七十岁
lqve	留着
lqvr	流转
lqvu	留住
lqvz	柳州
lqvi	留置
lqwh	流亡
lqwj	遛弯
lqwz	来去无踪
lqwq	乐趣无穷
lqwk	六亲无靠
lqxb	留心
lqxk	流行
lqxl	流向
lqxm	流线
lqxn	留校
lqxt	留学
lqxp	流血
lqxu	柳絮
lqxx	留下
lqxy	两情相悦
lqyj	留言
lqyc	柳腰
lqye	柳叶
lqyy	流云
lqyf	六七月份
lqyh	留洋
lqyi	留意
lqyk	留影
lqys	留用
lqyt	六月
lqyu	流域
lqyz	留有
lqyr	溜圆
lqzd	留在
lqzu	留足
lqzo	留作
lqzm	良禽择木
lqzy	来去自由
lqzz	溜走
lqzq	良禽择木而栖
lran	乱按
lraw	令人安慰
lrbc	老弱病残
lrba	令人不安
lrbk	令人不快
lrbi	令人不齿
lrbu	冷若冰霜
lrbj	令人不解
lrbm	乱编
lrcr	乱窜
lrcd	乱猜
lrcb	老弱残兵
lrds	乱动
lrdq	乱丢
lrdm	乱点
lrda	乱打
lrdj	卵蛋
lrdh	乱党
lrdr	令人动容
lrdx	令人担心
lrdy	令人担忧
lrdk	烈日当空
lrew	令人扼腕
lrfa	乱发
lrfh	乱放
lrfw	乱飞
lrfj	令人费解
lrfg	令人反感
lrfk	令人愤慨
lrfi	来日方长
lrfv	令人发指
lrfr	老弱妇孺
lrgc	乱搞
lrgy	乱棍
lrgd	乱改
lrgg	令人尴尬
lrgk	令人感慨
lrgw	令人鼓舞
lrgx	令人高兴
lrhx	乱花
lrhj	乱喊
lrhl	乱晃
lrhp	令人害怕
lrhw	令人回味
lrhy	令人怀疑
lrii	乱吃
lric	卵巢
lrie	乱扯
lrih	乱唱
lrif	乱臣
lril	乱闯
lrix	寥若晨星
lriq	利刃出鞘
lrij	令人吃惊
lrim	令人瞠目
lrj	老人家
lrjl	乱讲
lrjn	乱叫
lrju	乱局
lrjm	乱箭
lrjv	路人皆知
lrja	令人骄傲
lrjj	令人叫绝
lrjd	令人激动
lrjp	令人敬佩
lrjt	令人惊叹
lrjx	令人惊喜
lrjy	令人惊讶
lrjw	令人敬畏
lrkj	乱砍
lrlv	利润率
lrld	乱来
lrle	乱了
lrly	乱伦
lrlq	乱流
lrlj	利人利己
lrma	乱码
lrmo	乱摸
lrmb	乱民
lrmx	令人目眩
lrmy	令人满意
lrng	令人难过
lrnk	令人难堪
lrnw	令人难忘
lrpc	乱跑
lrpf	令人喷饭
lrqr	乱拳
lrqy	泪如泉涌
lrqj	令人起敬
lrqd	令人期待
lrqp	令人钦佩
lrrg	乱扔
lrru	乱入
lrsf	礼让三分
lrst	冷热酸甜
lrtc	乱套
lrtu	乱涂
lrtj	乱弹
lrtk	乱停
lrty	令人讨厌
lrtt	令人头疼
lrtx	令人痛心
lrtf	令人叹服
lruo	乱说
lruw	令人神往
lrug	孪生
lrui	乱世
lrus	令人深思
lruy	令人生厌
lrvr	乱转
lrvg	乱整
lrvl	乱撞
lrvn	两日之内
lrvf	令人振奋
lrvv	了如指掌
lrvm	令人瞩目
lrvx	令人窒息
lrwi	量入为出
lrxf	令人信服
lrxj	令人心悸
lrxl	乱想
lrxp	乱写
lrxu	乱序
lrxk	乱性
lrxm	令人羡慕
lrxv	令人心折
lrxt	令人心痛
lrxw	令人向往
lrxx	令人遐想
lrxh	令人心寒
lrxi	寥若星辰
lrys	乱用
lryc	乱咬
lryx	泪如雨下
lryh	落日余晖
lryw	令人厌恶
lryy	烈日炎炎
lryf	懒人有懒福
lrzi	卵子
lrzz	乱走
lrzo	令人作呕
lrzt	令人赞叹
lrzu	令人咋舌
lsbc	卢森堡
lsbf	里斯本
lsbl	老死不相往来
lsbj	力所不及
lsbd	力所不逮
lsby	离死不远
lsbr	理所不容
lsci	两三次
lscb	脸色苍白
lscc	里三层外三层
lsdc	螺丝刀
lsdm	两三点
lsdv	两三点钟
lsdr	垄断
lsds	隆冬
lsdj	龙胆
lsen	隆恩
lsfg	龙凤
lsff	螺蛳粉
lsfu	罗斯福
lsfv	两三分钟
lsfy	连锁反应
lsfc	露宿风餐
lsge	两三个
lsgr	两三个人
lsgv	两三个钟
lsgy	两三个月
lsgz	两三个字
lsgu	龙骨
lsgs	龙宫
lsh	络腮胡
lshv	两三回
lshb	绿色环保
lshu	龙虎
lshz	络腮胡子
lsil	龙床
lsis	拉三扯四
lsju	两三句
lsjk	龙井
lsjh	两三句话
lskz	龙口
lsle	累死了
lslh	累死累活
lslo	笼络
lsld	临死拉个垫背的
lsls	劳斯莱斯
lslb	龙鳞
lsmd	龙脉
lsmf	龙门
lsma	龙马
lsnm	两三年
lsnj	力所能及
lspc	龙袍
lsqi	隆起
lsrf	累死人
lsru	隆乳
lsrd	老僧入定
lss	凉飕飕
lssz	冷飕飕
lssv	两三岁
lstm	两三天
lsth	弄堂
lstc	龙套
lstj	龙潭
lsts	笼统
lsti	龙体
lstg	龙腾
lstz	龙头
lsto	莱索托
lstd	绿色通道
lsuu	鹿死谁手
lsvc	笼罩
lsvs	隆重
lsvz	龙舟
lsvw	绿色植物
lswh	龙王
lsws	拉斯维加斯
lswb	脸色微变
lsxx	龙虾
lsxs	隆胸
lsxi	陇西
lsxu	两三小时
lsyu	类似于
lsya	聋哑
lsyb	龙吟
lsyd	理所应当
lsyj	龙眼
lsyi	龙椅
lszi	笼子
lszu	傈僳族
ltbn	略表
ltby	蓝天白云
ltbx	来头不小
ltbr	两头不是人
ltbh	两头不讨好
ltcy	量体裁衣
ltdj	鹿特丹
ltdd	略带
ltdo	掠夺
ltdr	略短
ltds	略懂
ltdi	略低
ltda	略大
ltdp	聊天打屁
ltdu	连汤带水
ltdw	连头带尾
ltdn	连头带脑
ltg	立体感
ltgj	略感
ltgv	略贵
ltgs	楼堂馆所
ltgo	略过
ltgc	略高
ltgl	搂头盖脸
lthc	略好
lthy	狼吞虎咽
lthx	龙潭虎穴
ltig	略称
ltih	略长
ltia	略差
ltji	落汤鸡
ltju	略举
ltjm	略减
ltjx	兰亭集序
ltkk	略快
ltlu	两条路
ltln	愣头愣脑
ltlh	乱涂乱画
ltlt	略略
ltly	流通领域
ltlv	老态龙钟
ltmj	略慢
ltpo	老太婆
ltpd	乐天派
ltqk	愣头青
ltqb	乱弹琴
ltql	略强
ltqu	略去
ltqd	流通渠道
ltro	略弱
ltsx	犁庭扫穴
lttv	两条腿
ltts	略同
lttu	略图
lttd	老太太
ltug	立体声
ltuc	略少
ltuw	两天晒网
ltvb	力透纸背
ltvm	乐天知命
ltvn	雷霆之怒
ltw	立陶宛
ltwg	里通外国
ltwj	雷霆万钧
ltwl	离题万里
ltww	略微
ltwy	拉脱维亚
ltxt	老同学
ltxn	略小
ltxm	略显
ltxq	离退休
ltye	老天爷
ltyk	掠影
ltyl	雷霆雨露
ltyz	略有
ltyy	老天有眼
ltyj	雷霆一击
ltyh	领头羊
ltz	烂摊子
ltzi	老头子
ltzo	略作
ltzg	略增
ltzz	掠走
lusy	芦笋
lusi	鹭鸶
luso	卢梭
lubm	路边
lubo	录播
lubi	卢比
lubf	流水不腐
luba	六神不安
lubj	老实巴交
lub	临时抱佛脚
lubn	路标
lubq	敛声屏气
lubx	敛声屏息
lubu	屡试不爽
lucd	卤菜
luci	鸬鹚
luch	辣手摧花
ludg	路灯
ludi	陆地
ludm	露点
ludr	路段
ludj	卤蛋
ludv	量身定制
ludx	雷声大，雨点小
ludy	鲁钝
lufh	录放
lufw	路费
lugz	落水狗
lugj	老鼠过街
lugd	老鼠过街人人喊打
lugo	路过
lugu	露骨
lugs	临时工
luho	炉火
luhx	路滑
luhu	路虎
luhv	芦荟
luhc	芦蒿
luhz	龙蛇混杂
luhj	六十花甲
luig	路程
luii	路痴
luil	绿水长流
luiq	吕氏春秋
luit	老生常谈
luiu	露出
luiy	绿树成荫
lujn	鹿角
luji	洛杉矶
lujk	路径
lujy	陆军
lujz	梁上君子
lujv	老少皆知
lujr	乱世佳人
lujt	龙生九子各不同
lukc	路考
lukk	两手空空
lukl	路况
lukz	路口
lulb	绿林
lult	掳掠
lulu	陆路
luli	陆离
lume	聊什么
lumh	鲁莽
lumm	路面
lunw	颅内
lund	六十年代
lupd	路牌
luph	路旁
lupk	录屏
luqu	录取
luqn	路桥
luqi	露脐
luqy	临时起意
lur	老实人
lurf	路人
lurs	鹿茸
luru	录入
lurz	卤肉
lusu	露宿
lutm	露天
lutd	露台
lutu	路途
luug	芦笙
luuh	路上
luuj	庐山
luuu	路数
luuv	露水
luvh	路障
luvi	录制
luvj	陆战
luva	炉渣
luvg	路政
luvb	两手准备
luvd	乱世重典
luvm	庐山真面目
luvu	露珠
luvz	泸州
luwg	滥杀无辜
luwl	礼尚往来
luwq	流水无情
luwr	两世为人
luwv	六神无主
luww	芦苇
luxl	录像
luxm	路线
luxu	陆续
luxx	来势汹汹
luxk	临时性
luxt	历史学
luxy	老少咸宜
luxj	历史学家
luyb	录音
luyr	路远
luyi	略胜一筹
luyk	露营
luys	录用
luyu	鲈鱼
luyw	聊胜于无
luyx	烂熟于心
luyy	陆运
luyz	路由
luyj	路演
luyd	乱世用重典
luyv	劳师远征
luyg	历史沿革
luzc	炉灶
luzi	路子
luzz	老神在在
luzy	流水作业
lvbo	铝箔
lvby	来之不易
lvbj	来者不拒
lvbu	来者不善
lvbl	来者不善，善者不来
lvci	屡次
lvds	律动
lvdd	履带
lvdg	绿灯
lvdv	绿队
lvdi	绿地
lvdn	滤掉
lvdj	溜之大吉
lvdy	连枝带叶
lvdm	旅店
lvdz	绿豆
lvfa	律法
lvfj	屡犯
lvfw	旅费
lvgr	旅馆
lvgl	绿光
lvho	屡获
lvhd	龙争虎斗
lvhx	绿化
lvia	绿茶
lvig	旅程
lvji	律己
lvjk	滤镜
lvju	旅居
lvjz	履职尽责
lvjp	两者皆可抛
lvka	绿卡
lvke	旅客
lvkv	来者可追
lvlv	屡屡
lvlb	屡战屡败
lvlu	屡战屡胜
lvle	绿了
lvli	履历
lvlk	律令
lvlo	绿萝
lvmc	绿帽
lvmq	临阵磨枪
lvpj	绿盘
lvpi	绿皮
lvqi	氯气
lvqy	绿裙
lvqv	理直气壮
lvqu	乱中取胜
lvrz	驴肉
lvrf	旅人
lvse	绿色
lvso	律所
lvsy	连中三元
lvtu	旅途
lvtn	律条
lvts	临阵退缩
lvtt	临阵脱逃
lvue	旅社
lvui	律师
lvuv	绿水
lvuy	捋顺
lvuz	屡受
lvuc	铝勺
lvvr	连轴转
lvvz	绿洲
lvva	滤渣
lvvh	旅长
lvvi	滤纸
lvvj	两者之间
lvvn	笼中之鸟
lvvy	聊斋志异
lvvd	立锥之地
lvwh	滤网
lvxk	旅行
lvxb	滤芯
lvxm	绿线
lvyu	雷阵雨
lvyb	绿茵
lvye	绿叶
lvyt	履约
lvyz	旅游
lvzi	驴子
lvzc	屡遭
lwbp	类别
lwbi	类比
lwbg	泪崩
lwbc	雷暴
lwbf	泪奔
lwbj	临危不惧
lwbl	临危不乱
lwbr	里外不是人
lwcj	累惨
lwci	累次
lwda	雷达
lwdc	累到
lwdm	雷电
lwdi	泪滴
lwfg	雷锋
lwfj	累犯
lwgl	泪光
lwgr	雷管
lwgu	肋骨
lwgs	雷公
lwhf	泪痕
lwhk	累坏
lwhx	泪花
lwho	累活
lwii	雷池
lwji	累计
lwjx	累加
lwjb	勒紧
lwjy	了无惧意
lwkl	力挽狂澜
lwkx	累垮
lwle	累了
lwlo	磊落
lwlq	泪流
lwlr	累卵
lwlz	烂尾楼
lwll	老吾老以及人之老
lwmu	类目
lwmk	雷鸣
lwmg	老王卖瓜
lwnm	累年
lwpd	肋排
lwpi	雷劈
lwpa	累趴
lwqq	垒球
lwqg	了无牵挂
lwqu	雷区
lwrf	累人
lwro	羸弱
lwsi	类似
lwsa	泪洒
lwsy	老无所依
lwtd	擂台
lwtk	雷霆
lwts	雷同
lwtj	累瘫
lwtv	类推
lwtn	肋条
lwuf	雷神
lwug	雷声
lwui	累世
lwue	镭射
lwuq	了无生趣
lwum	临危受命
lwuv	泪水
lwve	累着
lwvv	累赘
lwvu	泪珠
lwvi	泪痣
lwvy	漏网之鱼
lwxk	类型
lwxb	沦为笑柄
lwxm	泪腺
lwyj	泪眼
lwyu	雷雨
lwye	泪液
lwyy	雷云
lwyz	来无影，去无踪
lxbu	联系不上
lxbj	离乡背井
lxbd	连续不断
lxbz	略显不足
lxbk	老朽不堪
lxdh	联系电话
lxdd	连消带打
lxdw	冷血动物
lxfu	联系方式
lxfz	量小非君子
lxgu	例行公事
lxgf	狼心狗肺
lxgy	流星赶月
lxgq	流行歌曲
lxju	连续剧
lxjx	老乡见老乡
lxh	柳下惠
lxhx	理想化
lxhc	老相好
lxhb	龙行虎步
lxhv	兰心蕙质
lxhd	炼虚合道
lxin	老羞成怒
lxjv	令行禁止
lxjy	厉行节约
lxjj	厉行节俭
lxjq	老学究
lxl	留下来
lxle	留下了
lxlx	联系联系
lxld	离心离德
lxll	劳心劳力
lxli	连下两城
lxlw	量小力微
lxpm	溜须拍马
lxpd	零星片段
lxqu	拉下去
lxqf	两袖清风
lxqy	两厢情愿
lxrf	俩人
lxry	履险如夷
lxru	理性认识
lxst	郎心似铁
lxtr	旅行团
lxtv	另行通知
lxui	两小时
lxue	旅行社
lxug	留学生
lxve	老想着
lxvj	离弦之箭
lxvy	理想主义
lxvv	理想主义者
lxvd	理想中的
lxwc	两小无猜
lxwm	落下帷幕
lxxk	连续性
lxxh	良性循环
lxxu	礼贤下士
lxxy	怜香惜玉
lxyi	略逊一筹
lxyr	礼下于人
lxyh	落霞余晖
lxyf	落霞与孤鹜齐飞
lxzi	两下子
lyaj	乐业安居
lyb	另一半
lybu	留言簿
lybh	礼乐崩坏
lybd	力有不逮
lybf	落英缤纷
lybj	轮班
lybm	论辩
lybq	良莠不齐
lybw	老一辈
lyci	轮次
lycc	来也匆匆
lydc	轮到
lydm	论点
lydn	论调
lydr	论断
lydy	伦敦
lydi	论敌
lydd	老一代
lyde	利雅得
lydu	轮渡
lyds	轮动
lydt	鲤鱼打挺
lydg	路有冻死骨
lyew	略有耳闻
lyff	劳燕分飞
lyfv	两眼发直
lyfg	两眼放光
lyfx	六月飞雪
lyfd	乱云飞渡
lyfj	轮番
lyfy	流言蜚语
lyfm	另一方面
lyfh	龙吟凤哕
lyfr	乱云飞渡仍从容
lyge	另一个
lygg	落叶归根
lygh	轮岗
lygr	另一个人
lygu	轮毂
lygj	羚羊挂角
lyhe	莱茵河
lyhu	另一回事
lyhh	老眼昏花
lyhr	轮换
lyhv	轮回
lyhx	轮滑
lyhi	烈焰红唇
lyih	伦常
lyir	轮船
lyii	轮齿
lyiu	滥竽充数
lyjm	论剑
lyju	论据
lyji	录音机
lyjh	劳逸结合
lyjv	利用价值
lyjn	累月经年
lyko	轮廓
lyks	轮空
lykk	良药苦口
lykd	另眼看待
lyl	利用率
lylv	捋一捋
lylo	沦落
lyli	伦理
lylq	轮流
lyln	聊一聊
lylm	练一练
lyly	冷言冷语
lylw	两眼泪汪汪
lymm	另一面
lymw	柳叶眉
lyml	泪眼朦胧
lyp	录音棚
lypj	轮盘
lypg	冷眼旁观
lyps	泪眼婆娑
lyq	路由器
lyqi	抡起
lyqm	零用钱
lyqt	另有企图
lyqy	连衣裙
lyqr	另有其人
lyrc	理应如此
lyrl	里约热内卢
lysh	沦丧
lysv	另有所指
lyst	另有所图
lysl	老有所乐
lysi	老有所成
lysq	狼烟四起
lysw	老有所为
lysy	老有所依
lytn	老油条
lyth	来一趟
lytj	论坛
lytd	轮胎
lyti	论题
lytm	鲤鱼跳龙门
lyuz	露一手
lyuo	论说
lyuu	论述
lyug	老于世故
lyuc	赖以生存
lyvs	另一种
lyvg	论证
lyvi	轮值
lyvj	论战
lyvl	路遥知马力
lyvr	乐于助人
lyvu	论著
lyvv	流言止于智者
lyvz	牢狱之灾
lyvb	礼仪之邦
lyvq	落叶知秋
lyw	另一位
lywf	论文
lywh	里应外合
lywd	力有未逮
lyww	沦为
lywu	赖以为生
lyxm	沦陷
lyxd	冷眼相待
lyxk	另眼相看
lyxq	轮休
lyxu	流于形式
lyxx	利欲熏心
lyxy	轮训
lyy	来源于
lyyh	两眼一抹黑
lyyi	轮椅
lyyq	另有隐情
lyyu	论语
lyyz	绿油油
lyye	老爷爷
lyyd	留有余地
lyz	老样子
lyzi	轮子
lyzv	论罪
lyzo	轮作
lyzw	聊以自慰
lyzy	聊以自娱
lzbc	搂抱
lzbw	露背
lzbj	楼板
lzcg	楼层
lzdc	楼道
lzdi	露底
lzdk	楼顶
lzdm	漏电
lzdn	漏掉
lzds	漏洞
lzdz	漏斗
lzdl	烂在肚子里
lzdy	林子大了，什么鸟都有
lzfg	漏风
lzfh	楼房
lzfu	露富
lzfa	漏发
lzgl	漏光
lzge	楼阁
lzgu	蝼蛄
lzh	老字号
lzhc	楼号
lzhx	楼花
lzhf	路在何方
lzhh	浪子回头金不换
lzht	浪子回头
lziu	露出
lziz	露丑
lzir	楼船
lzji	漏记
lzjm	露肩
lzjp	漏接
lzjb	搂紧
lzjx	楼价
lzjn	留作纪念
lzks	镂空
lzke	镂刻
lzlm	露脸
lzlo	喽啰
lzlj	楼兰
lzlz	列祖列宗
lzls	龙子龙孙
lzmm	露面
lzpj	楼盘
lzpd	楼牌
lzpb	论资排辈
lzqi	漏气
lzqp	露怯
lzqy	楼群
lzqv	乐在其中
lzqq	利在千秋
lzqj	来踪去迹
lzrn	烂醉如泥
lzsu	陋俗
lzsr	漏算
lzti	楼梯
lztd	楼台
lzty	另作他用
lzuh	楼上
lzuv	漏水
lzuc	漏勺
lzui	楼市
lzvd	立足之地
lzve	搂着
lzvu	楼主
lzwh	漏网
lzww	立足未稳
lzwj	立字为据
lzxx	楼下
lzxi	陋习
lzxl	露相
lzxm	露馅
lzyi	蝼蚁
lzyz	漏油
lzyt	乱作一团
lzyu	漏雨
lzyx	狼子野心
lzyh	老子英雄儿好汉
lzyb	晾在一边
lzzc	乱糟糟
lzzo	楼座
lzzd	乱糟糟的
lzzi	乐滋滋
lzzs	老祖宗
m	没
mak	嘛
makm	骂
mb	民
mf	们
mm	面
mu	目
mko	明
mk	名
mfd	门
mwyd	美
mw	每
mcp	贸
me	么
mav	马
mom	模
mum	模
mi	米
mkr	命
mjd	满
md	买
mdu	卖
mc	毛
mz	某
mibe	密
mua	木
muu	木
muw	亩
mmm	棉
mmmj	棉
mwh	煤
mmd	免
muc	幕
muv	母
mgcu	蒙
mgcn	蒙
mih	秘
mo	摸
munw	牧
mgo	盟
mwmm	梅
mcs	矛
mck	冒
mco	冒
mooo	冒
moc	莫
ma	吗
magu	摩
mdf	麦
mzy	谋
mbp	敏
mag	麻
mau	码
mdz	迈
mh	忙
mg	梦
moh	墨
mhw	盲
mgq	猛
mnc	苗
mcv	貌
mj	慢
mjoy	曼
man	妈
mohq	默
mp	灭
miz	迷
mjdy	漫
muh	穆
mog	磨
mwm	枚
mgzm	孟
mkk	鸣
mn	秒
mof	抹
mod	漠
mun	姆
mcc	茂
mwn	妹
mnn	妙
mnf	描
muct	墓
mdo	脉
mucx	慕
mccp	茅
moo	膜
mcj	帽
mdt	埋
mjtl	埋
maw	玛
mig	弥
mng	庙
mkj	铭
mwv	眉
mms	绵
mmsm	缅
mwg	魅
mus	牟
mzs	牟
munt	牡
mcq	猫
mogg	魔
mhc	芒
mucl	募
mbm	闽
mno	瞄
mmdl	勉
mjc	蔓
mhcw	茫
mmo	眠
mwy	霉
mib	蜜
modm	沫
muo	睦
moe	陌
maf	抹
mofm	抹
mgc	萌
miy	谜
mfm	闷
mip	觅
mqs	缪
mjo	瞒
mca	髦
mob	寞
migf	靡
mwo	昧
mjw	蛮
mwno	媚
mai	蚂
maps	么
mww	玫
mud	沐
mwym	酶
mid	泌
mwj	镁
mhwm	氓
mja	鳗
muco	暮
mcjt	锚
mju	馒
mmov	冕
mmk	冕
muf	拇
mwd	湄
mgou	朦
mgon	朦
mbmw	闵
mhcc	莽
mkb	冥
mocu	摹
mzo	眸
mgj	锰
munb	姥
mcm	懋
mwb	寐
mnd	渺
mqy	谬
mwc	莓
mcw	袤
mocm	蓦
mio	眯
miq	猕
mou	馍
mwp	袂
mpc	蔑
mgm	檬
mbl	皿
mwmo	楣
miym	谧
mbd	泯
moy	谟
mkc	茗
mmn	娩
mnu	淼
mik	咪
mcn	牦
mbe	岷
mcpe	卯
mgzl	勐
mgw	氓
mcje	铆
mcl	耄
muj	钼
migm	糜
mwgm	糜
mgx	懵
mmom	腼
mbx	悯
mkd	溟
mce	峁
mibb	宓
mjj	幔
mky	酩
mwe	嵋
mnce	藐
mhi	蟒
mido	汨
mbwm	珉
mji	螨
mohm	秣
mdy	霾
miyz	醚
mkob	瞑
mpv	篾
mns	缈
mff	扪
mfh	焖
mfdx	懑
mdk	唛
maid	蟆
mnz	邈
movk	貉
mbf	抿
mhwe	邙
mcwo	瑁
mki	螟
mike	嘧
mige	弭
mgi	蜢
mond	嫫
maq	犸
mgiw	虻
mbk	黾
mmkd	黾
mpvv	乜
moj	镆
mooy	脉
mjs	缦
mody	殁
mcce	茆
mzk	哞
mzsp	缪
mbs	缗
mjjy	镘
miom	脒
mdc	荬
mjcr	颟
mcf	旄
mcd	泖
mwjo	镅
mgiu	蠓
mgin	蠓
mibj	幂
mol	耱
mam	杩
mdw	劢
mjty	墁
mbw	玟
mon	嬷
mcoe	昴
mcso	瞀
mwdv	浼
mgvn	艨
mipx	祢
migx	縻
mic	蘼
mil	芈
mial	芈
mncn	鹋
mnm	杪
mpk	咩
mbmx	愍
mogm	麽
mzsj	鍪
mzi	蛑
mgcw	甍
mgv	艋
mim	敉
mnou	眇
mzr	侔
mhu	硭
mhd	漭
mwvn	鹛
mfj	钔
mgco	瞢
mgu	礞
mgun	礞
mnk	喵
mbc	苠
mbpa	鳘
mov	貊
maz	孖
midm	洣
mjay	鬘
map	祃
mazz	孖
mbo	旻
mbwx	忞
mbdo	湣
mbuo	碈
mcom	眊
mccm	芼
mcmm	楙
mgqu	獴
mgqn	獴
mgju	幪
mgjn	幪
mgud	尨
mgk	𫑡
mge	㠓
mhn	牤
mhid	厖
mhud	尨
mhnd	牻
mipb	祕
mjn	嫚
mkdk	洺
mkcb	蓂
mma	丏
mmml	勔
mmav	𩾃
mmx	愐
mwnd	媄
mwwo	瑂
mzkm	呣
mjck	𬜬
most	𬙊
moay	无
moa	末
mujm	𬭁
mmaa	面
muk	目
mkoo	明
mfdv	门
mcpr	贸
mep	么
momd	模
mumd	模
mkre	命
mjdl	满
mdvd	买
mdud	卖
mcpv	毛
muun	木
muan	木
muwt	亩
mwhm	煤
mucj	幕
muvd	母
mihb	秘
moan	末
mgom	盟
mcsp	矛
mcko	冒
mcoo	冒
mocd	莫
mdfw	麦
mzym	谋
mbpw	敏
magm	麻
maum	码
mdzw	迈
mhx	忙
mgmx	梦
moht	墨
mhwo	盲
mgqm	猛
mnct	苗
mjx	慢
mpa	灭
mizm	迷
muhp	穆
mkkn	鸣
mofd	摸
mccw	茂
mwnw	妹
mnnu	妙
mnft	描
mnsp	缪
mdoy	脉
mood	膜
mcjo	帽
mdtl	埋
mawm	玛
mmsj	绵
musn	牟
mzsn	牟
mcqt	猫
mbmi	闽
mnot	瞄
mjcy	蔓
muot	睦
moeb	陌
mafm	抹
mfmx	闷
mipe	觅
mqsp	缪
mjol	瞒
mcam	髦
mwow	昧
mjwi	蛮
maim	蚂
mudm	沐
midb	泌
mwjd	镁
mjuy	馒
mmkv	冕
mufm	拇
mwdo	湄
mkbb	冥
mzon	眸
mcmx	懋
mndu	渺
mqyp	谬
mwcm	莓
mcwy	袤
miqx	猕
moud	馍
mpcu	蔑
mgmu	檬
mgmn	檬
mbla	皿
mbdm	泯
moyd	谟
mkck	茗
mmnv	娩
mikm	咪
mcnm	牦
mbem	岷
mujo	钼
mgxo	懵
mbxw	悯
mkdb	溟
mcee	峁
mweo	嵋
mhic	蟒
mjyy	谩
mjil	螨
mdyl	霾
mpvu	篾
mffm	扪
mfhx	焖
mdkw	唛
mnze	邈
mbfm	抿
mkib	螟
mgim	蜢
maqm	犸
mbkd	黾
mgwm	氓
movd	貘
mumn	毪
mdjw	鿏
mojd	镆
mzkn	哞
mbso	缗
mcfm	旄
mcde	泖
mdwl	劢
micf	蘼
mpky	咩
mzin	蛑
mgvm	艋
mzrn	侔
mjgv	鞔
mhuw	硭
mfjm	钔
mnkt	喵
mbcm	苠
movb	貊
mapm	祃
mbow	旻
mgke	𫑡
mgeu	㠓
mgen	㠓
mhnw	牤
mjny	嫚
moap	万
muka	目
meps	么
mjxy	慢
mpah	灭
my	满意
mq	目前
mx	明显
ml	美丽
mt	明天
mv	每周
ms	貌似
mr	默认
maan	马鞍
mabi	麻痹
mabu	抹布
mabm	马鞭
mabn	码表
mabw	马背
mabh	马帮
madc	骂道
mada	马达
madd	麻袋
madv	马队
maff	马粪
mafg	马蜂
mafj	麻烦
mafu	马夫
mafw	吗啡
mafh	码放
mago	骂过
magx	马褂
mahu	马虎
mahl	蚂蟥
mahx	麻花
maie	马车
maih	码长
majl	麻将
majn	马脚
majp	骂街
majq	马厩
maju	马驹
majx	马甲
make	马克
malu	马路
mala	麻辣
mali	麻利
malq	麻溜
malm	马脸
malp	马列
mama	妈妈
mami	妈咪
mamu	麻木
mamk	骂名
mamm	马面
manc	玛瑙
mand	马奶
manl	骂娘
mann	马尿
mans	码农
mapg	马棚
mapi	马屁
maqt	麻雀
marf	骂人
marz	马肉
mats	马桶
matz	码头
mati	马蹄
mauh	马上
mauu	马术
maua	麻纱
maug	麻绳
mava	蚂蚱
mavh	马掌
mavf	麻疹
maww	马尾
mawf	码文
maxi	马戏
maxm	麻线
maxt	马靴
mayi	蚂蚁
maya	妈呀
maye	妈耶
mayc	麻药
mayz	麻油
mayr	码元
mazd	马仔
mazw	马贼
mazi	码字
mazu	妈祖
mazs	马鬃
mazv	麻醉
mbxr	民选
mbdn	民调
mbdp	忙不迭
mbdd	门不当户不对
mbbj	民办
mbbk	民兵
mbbm	民变
mbbn	姆巴巴内
mbcv	民粹
mbdy	麻痹大意
mbfa	民法
mbff	民愤
mbfg	民风
mbfh	民房
mbfu	名不副实
mbgj	敏感
mbgs	民工
mbge	民歌
mbgl	忙不过来
mbgo	民国
mbgt	面不改色心不跳
mbgx	漠不关心
mbhh	民航
mbhv	敏慧
mbhe	迈巴赫
mbhk	骂不还口
mbie	末班车
mbjm	民间
mbjk	民警
mbjl	蛮不讲理
mbjp	敏捷
mbju	民居
mbjv	名不见经传
mbjx	漫不经心
mbjr	貌不惊人
mbjj	民不举官不究
mbjy	命不久矣
mbky	妙不可言
mbkf	密不可分
mble	明白了
mblu	民不聊生
mbld	免不了的
mbln	免不了
mbmp	泯灭
mbmb	明不明白
mbmh	忙不忙
mbmd	买不买
mbmf	闷不闷
mbmt	没病没痛
mbnj	闽南
mbnv	民女
mbpd	慢半拍
mbpk	鸣不平
mbq	买不起
mbqi	民企
mbqk	民情
mbqr	民权
mbqv	漫步其中
mbrf	明白人
mbrv	敏锐
mbrd	目不忍睹
mbsg	面壁思过
mbsu	民俗
mbtz	摸不透
mbtt	马不停蹄
mbtf	密不透风
mbu	莫不是
mbud	目不识丁
mbuf	明辨是非
mbug	民生
mbuh	妙笔生花
mbui	民事
mbuu	美不胜收
mbur	秘不示人
mbve	明摆着
mbvd	民宅
mbvg	民政
mbvj	目不转睛
mbvl	绵薄之力
mbvw	木本植物
mbvn	摸不着头脑
mbvs	民众
mbvu	民主
mbvc	摸不着
mbvb	命比纸薄
mbvx	摸不着头绪
mbww	明白无误
mbwi	密不外传
mbxb	民心
mbxi	名不虚传
mbxj	目不暇接
mbxu	目不斜视
mbxl	抹不下脸
mby	没必要
mbyc	民谣
mbyi	民意
mbyy	民运
mbyj	民谚
mbyk	民营
mbyr	民怨
mbys	民用
mbyt	民乐
mbyd	民不与官斗
mbzu	民族
mbzh	满不在乎
mbzy	满不在意
mbzv	抿嘴
mbzw	民贼
mcbk	毛病
mcbu	猫步
mcbi	毛笔
mcbm	毛边
mccc	毛糙
mcci	毛刺
mccd	冒菜
mcdk	铆钉
mcdm	锚点
mcdu	毛肚
mcdy	矛盾
mcdz	毛豆
mcds	猫冬
mcdp	耄耋
mcfa	毛发
mcfh	茅房
mcfj	冒犯
mcfg	毛峰
mcgu	莫测高深
mchj	冒汗
mchc	冒号
mchd	毛孩
mchm	谋财害命
mcho	冒火
mchv	帽徽
mciu	冒出
mcis	冒充
mcjb	毛巾
mcjm	冒尖
mckg	茅坑
mcks	毛孔
mcku	毛裤
mcli	毛利
mclk	冒领
mcln	毛料
mclu	茅庐
mclv	毛驴
mcll	猫粮
mclm	猫脸
mcmc	猫猫
mcmi	茂密
mcmk	冒名
mcmw	冒昧
mcni	猫腻
mcnq	牦牛
mcnn	猫尿
mcnh	毛囊
mcpc	冒泡
mcpd	冒牌
mcpi	毛皮
mcpm	毛片
mcpg	茅棚
mcqm	毛钱
mcqi	冒气
mcqq	毛球
mcrs	毛绒
mcrj	贸然
mcro	貌若
mcsi	貌似
mcse	毛色
mctz	矛头
mctd	茅台
mctj	毛毯
mctc	毛桃
mcui	冒失
mcug	茂盛
mcuw	名存实亡
mcux	毛刷
mcve	冒着
mcvs	毛重
mcvu	毛竹
mcvx	猫爪
mcvy	民粹主义
mcwu	茅屋
mcxm	冒险
mcxs	猫熊
mcxl	貌相
mcyi	贸易
mcyj	冒烟
mcys	冒用
mcyu	冒雨
mcyc	猫腰
mczi	帽子
mczw	毛贼
mczc	毛躁
mczb	芒刺在背
mczx	母慈子孝
mdbu	迈步
mdbc	卖报
mdbj	买办
mdbg	磨刀不误砍柴工
mdbo	脉搏
mdcd	买菜
mdco	买错
mdch	埋藏
mddc	买到
mddi	目的地
mddj	买单
mddm	买点
mddn	卖掉
mddr	买断
mdds	脉动
mddz	酩酊大醉
mddy	没多大必要
mded	谋定而后动
mdfh	买房
mdfu	埋伏
mdfd	命大福大
mdgj	麦秆
mdgk	卖乖
mdgo	卖国
mdgw	卖给
mdgx	卖瓜
mdgi	马到功成
mdgl	忙得过来
mdhf	忙得很
mdha	马大哈
mdhd	门当户对
mdhh	磨刀霍霍
mdhv	买回
mdhu	没当回事
mdhs	牡丹花下死
mdhl	牡丹花下死，做鬼也风流
mdig	马到成功
mdih	卖唱
mdis	脉冲
mdiu	卖出
mdiy	卖春
mdjb	买进
mdjq	没多久
mdjl	牡丹江
mdjx	买家
mdjj	马达加斯加
mdkd	目瞪口呆
mdks	卖空
mdl	马德里
mdlc	麦当劳
mdld	买来
mdle	买了
mdli	卖力
mdlo	脉络
mdlz	买楼
mdlh	麦浪
mdlw	埋雷
mdmm	面对面
mdmg	卖萌
mdmn	麦苗
mdmh	麦芒
mdmd	买卖
mdmk	卖命
mdmo	埋没
mdms	满打满算
mdmx	没大没小
mdmi	猛打猛冲
mdmq	明刀明枪
mdns	卖弄
mdpj	买盘
mdpm	麦片
mdpn	买票
mdqm	卖钱
mdqn	卖俏
mdru	买入
mdrz	卖肉
mdsv	麦穗
mdtm	麦田
mdts	买通
mdtz	埋头
mdtd	埋汰
mdui	磨刀石
mdue	埋设
mduf	卖身
mduh	迈上
mdvu	买主
mdvh	买账
mdvz	灭顶之灾
mdvy	满地找牙
mdvn	耄耋之年
mdwj	卖完
mdwx	面带微笑
mdwv	懵懂无知
mdwy	蒙得维的亚
mdx	埋下
mdxk	目的性
mdxl	迈向
mdxn	卖笑
mdxx	买下
mdxm	埋线
mdxu	面对现实
mdya	麦芽
mdyb	卖淫
mdyc	买药
mdyi	卖艺
mdys	忙得要死
mdzz	买走
mdzd	埋在
mdzh	埋葬
mdzi	麦子
mdzo	卖座
mdzv	买醉
mebf	墨尔本
mebx	秘而不宣
medf	马尔代夫
medl	摩尔定律
medw	摩尔多瓦
mege	明儿个
mehd	谋而后动
meqk	门儿清
mesy	买二送一
meta	马耳他
mevf	迷而知返
meyn	卖儿鬻女
mfbm	门边
mfba	门把
mfbj	门板
mfdc	门道
mfdi	门第
mfds	门洞
mfdm	门店
mffg	门缝
mffw	门扉
mffh	门房
mffa	门阀
mfgv	门规
mfgy	闷棍
mfgh	门岗
mfgq	民富国强
mfhr	门环
mfhu	门户
mfhc	门号
mfhg	闷哼
mfhq	命赴黄泉
mfhy	满腹狐疑
mfhz	门后
mfhe	满负荷
mfil	门窗
mfii	门齿
mfjk	门径
mfjb	门禁
mfjl	门将
mfjq	闷酒
mfkz	门口
mfkl	门框
mfkj	门槛
mfka	门卡
mfke	门客
mfle	麻烦了
mflk	门铃
mfli	门里
mflm	门帘
mflu	门路
mflw	门类
mflz	门楼
mflh	门廊
mfls	满腹牢骚
mfmm	门面
mfmw	门楣
mfnw	门内
mfnu	马放南山
mfpn	门票
mfpd	门派
mfph	门旁
mfqm	门前
mfqi	闷气
mfql	门墙
mfqq	门球
mfqu	名副其实
mfrf	门人
mfre	闷热
mfso	门锁
mfsc	闷骚
mfsi	闷死
mfsl	麻烦死了
mfsw	眉飞色舞
mftk	门厅
mftz	闷头
mfts	门童
mftu	门徒
mfth	命犯桃花
mfui	门市
mfuf	门神
mfug	门生
mfuh	门上
mfur	门栓
mfvs	每分钟
mfvu	门柱
mfvf	门诊
mfwo	马蜂窝
mfwd	门外
mfwi	莫非王臣
mfwt	莫非王土
mfwc	免费午餐
mfww	门卫
mfxm	没发现
mfxx	门下
mfxi	门吸
mfyk	没反应
mfyl	没反应过来
mfya	门牙
mfyt	满腹疑团
mfyx	眉飞眼笑
mgbi	蒙蔽
mgd	没搞懂
mgdc	梦到
mgds	懵懂
mgdr	梦断
mgbj	蒙板
mgdq	目光短浅
mgdj	没过多久
mgfu	没工夫
mgfa	萌发
mggu	蒙古
mggo	盟国
mggs	猛攻
mggz	蒙垢
mghr	梦幻
mghu	猛虎
mghv	梦回
mghx	梦话
mghy	蒙混
mgii	猛吃
mgif	蒙尘
mgis	萌宠
mgiv	暮鼓晨钟
mgiy	目光长远
mgih	慢工出细活
mgjj	目光炯炯
mgjd	每个阶段
mgjq	民贵君轻
mgjk	梦境
mgjm	梦见
mgji	猛击
mgjl	猛将
mgjy	盟军
mgkl	锰矿
mgli	梦里
mgle	懵了
mglp	猛烈
mglh	孟浪
mgls	朦胧
mgln	猛料
mgmg	蒙蒙
mgmm	蒙面
mgmw	梦寐
mgmd	孟买
mgma	猛犸
mgml	蒙哥马利
mgnj	猛男
mgnv	猛女
mgpc	冒个泡
mgpm	蒙骗
mgpo	孟婆
mgpy	卖狗皮膏药
mgqr	蒙圈
mgqb	猛禽
mgrf	每个人
mgrj	猛然
mgrc	命该如此
mgsr	毛骨悚然
mgru	目光如鼠
mgtu	莫管他人瓦上霜
mgug	萌生
mguh	蒙上
mgui	猛士
mguz	猛兽
mguc	魔鬼身材
mguu	目光闪烁
mgvh	猛涨
mgvs	梦中
mgvu	盟主
mgvv	目光灼灼
mgve	蒙着
mgvf	美国政府
mgvx	没个正型
mgwu	名古屋
mgwn	铭感五内
mgxi	没关系
mgxl	梦想
mgxk	梦醒
mgxb	萌新
mgxq	蒙羞
mgxx	孟夏
mgxh	慢工细活
mgy	每个月
mgya	萌芽
mgyc	莫过于此
mgyi	梦呓
mgyj	梦魇
mgyr	蒙冤
mgyt	盟约
mgyu	莫过于
mgyv	魔高一丈
mgyz	梦游
mgyd	眉高眼低
mgz	每个字
mgzd	蒙在
mgzg	猛增
mgzi	孟子
mgzu	蒙族
mhbq	模糊不清
mhbj	迷惑不解
mhcs	盲从
mhci	芒刺
mhcd	盲猜
mhda	盲打
mhdm	盲点
mhds	盲动
mhdc	盲道
mhdy	曼哈顿
mhei	面红耳赤
mheg	沐猴而冠
mhgo	芒果
mhgg	蒙混过关
mhgu	没回过神
mhgi	没好果子吃
mhhl	明晃晃
mhhj	莽汉
mhhu	幕后黑手
mhho	忙活
mhhe	盲盒
mhih	盲肠
mhju	面黄肌瘦
mhl	梅花鹿
mhlq	盲流
mhlr	忙乱
mhlu	忙碌
mhlt	明后两天
mhmu	盲目
mhma	忙吗
mhmh	茫茫
mhmd	穆罕默德
mhpc	马后炮
mhpy	梦幻泡影
mhqi	灭火器
mhqu	盲区
mhqx	满汉全席
mhrj	茫然
mhrf	盲人
mhsi	忙死
mhsl	眠花宿柳
mhtm	明后天
mhtc	猕猴桃
mhth	迷魂汤
mhua	忙啥
mhue	蟒蛇
mhuo	没话说
mhul	貌合神离
mhve	忙着
mhvs	芒种
mhvh	没话找话
mhvf	迷魂阵
mhvj	门户之见
mhvl	莽撞
mhvv	明火执仗
mhvu	幕后主使
mhwj	忙完
mhwf	盲文
mhwl	蛮横无理
mhxr	盲选
mhxb	盲信
mhxw	满怀希望
mhxx	满怀信心
mhxl	梅花香自苦寒来
mhyb	模糊音
mhyc	蒙汗药
mhyu	忙于
mhyv	名花有主
mhzh	梦幻组合
mian	谜案
miaf	明察暗访
mibu	弥补
mibd	米白
mibi	密闭
mibc	密保
mibf	秘本
mibw	没齿不忘
micd	迷彩
micu	米醋
mich	秘藏
micw	谋朝篡位
midc	迷倒
midg	迷瞪
midi	谜底
midu	密度
mifj	米饭
mifg	密封
miff	米粉
mifh	秘方
mifw	糜费
mify	满城风雨
migc	米糕
migh	米缸
migr	蜜罐
migs	迷宫
migj	蜜柑
migp	没吃过猪肉，还没见过猪跑
mihe	弥合
mihl	米黄
miho	迷惑
mihr	迷幻
mihu	迷糊
mihy	迷魂
mihh	迷航
mihz	猕猴
mihv	密会
mihj	密函
mihx	米花
miir	秘传
miis	米虫
miii	米尺
miiv	磨杵成针
miji	密集
miju	蜜橘
mijm	蜜饯
mijq	米酒
mijl	米浆
mijx	米价
mijt	秘诀
mijb	迷津
mijk	秘境
mikh	米糠
milb	密林
mill	米粮
mile	弥勒
mili	迷离
milq	弥留
milj	米兰
milk	密令
milm	迷恋
milr	迷乱
milu	迷路
mima	密码
mimh	迷茫
mimi	秘密
mimj	弥漫
mimw	迷妹
mimm	米面
mimg	迷蒙
mimz	密谋
mimd	猛冲猛打
mini	迷你
minn	泌尿
minw	没齿难忘
mipu	米铺
miqi	眯起
miqg	名垂千古
miqu	名垂青史
miqh	明察秋毫
miqp	密切
mirf	迷人
miru	面沉如水
mise	米色
misi	迷死
misa	弥撒
mish	民淳俗厚
mist	曼彻斯特
mitr	谜团
mits	米桶
mitc	蜜桃
mith	蜜糖
mitj	密探
miti	谜题
mitu	迷途
mitz	马齿徒增
miuh	迷上
miui	迷失
miuu	秘书
miuc	名垂史册
mivu	迷住
mive	眯着
mivi	蜜汁
mivf	迷阵
mivz	米粥
mivc	密诏
miwu	迷雾
miwf	秘闻
miwh	迷惘
mixi	没出息
mixm	米线
mixb	迷信
miyc	迷药
miyt	蜜月
miyu	谜语
miyy	密云
miyj	眯眼
mizc	蜜枣
mizv	迷醉
mjbh	蛮棒
mjbu	漫步
mjbc	瞒报
mjch	满仓
mjdm	慢点
mjdd	慢待
mjdi	满地
mjdo	蛮多
mjds	蛮懂
mjdu	摩加迪沙
mjdc	没精打采
mjee	满额
mjff	满分
mjfu	满腹
mjgj	蛮干
mjgc	蛮高
mjgk	蛮乖
mjgo	漫过
mjg	没见过
mjge	慢歌
mjgr	没几个人
mjgu	曼谷
mjgx	明镜高悬
mjgm	没见过世面
mjh	每句话
mjhc	蛮好
mjhv	蛮会
mjhg	蛮横
mjhk	满怀
mjhl	蛮荒
mjhx	漫画
mjhj	颟顸
mjie	慢车
mjig	满城
mjih	漫长
mjis	螨虫
mjii	慢吃
mjjb	蛮劲
mjjp	满街
mjji	满级
mjjv	摩肩接踵
mjjk	民间疾苦
mjkz	满口
mjkk	蛮快
mjla	孟加拉
mjle	慢了
mjlm	满脸
mjln	慢聊
mjlf	门捷列夫
mjmj	慢慢
mjma	谩骂
mjmf	满门
mjmm	满面
mjmn	曼妙
mjmu	满目
mjnq	慢牛
mjnj	蛮难
mjpk	满屏
mjpc	慢跑
mjpm	瞒骗
mjqb	满勤
mjql	满腔
mjqk	满清
mjre	慢热
mjrx	灭绝人性
mjsu	慢速
mjsl	磨叽死了
mjsy	门禁森严
mjt	没几天
mjth	满堂
mjtj	漫谈
mjtm	漫天
mjtz	馒头
mjui	满是
mjuo	慢说
mjuf	满身
mjuz	满手
mjub	鸣金收兵
mjve	瞒着
mjvu	瞒住
mjvz	满洲
mjvo	满桌
mjvy	蛮准
mjvr	目击证人
mjwg	墨迹未干
mjxb	满心
mjxk	慢性
mjxp	慢些
mjxt	满血
mjxw	摸金校尉
mjyi	满意
mjyj	蔓延
mjyr	埋怨
mjyt	满月
mjyz	漫游
mjys	慢用
mjy	马鲛鱼
mjyu	鳗鱼
mjyf	毛将焉附
mjyx	铭记于心
mjzc	蛮早
mjzd	满载
mjzo	满座
mjzu	满足
mjzv	满嘴
mjzi	蛮子
mjzz	慢走
mjzx	铭记在心
mjli	蛮力
mkan	明暗
mkbd	明白
mkbn	名表
mkbm	明辨
mkbi	冥币
mkbl	马可波罗
mkcd	名菜
mkce	名册
mkci	名词
mkds	没看懂
mkdc	没看到
mkdj	名单
mkdi	鸣笛
mkdg	明灯
mkda	命大
mkdm	名店
mkdr	明断
mkdd	明代
mkdy	满口答应
mkee	名额
mker	明儿
mked	梅开二度
mkfg	麦克风
mkff	名分
mkfh	鸣放
mkfj	明矾
mkgv	名贵
mkgf	命根
mkgj	铭感
mkhx	名画
mkhc	名号
mkho	明火
mkhz	猫哭耗子
mkhy	满口胡言
mkhv	名讳
mkhl	明黄
mkhb	猫哭耗子假慈悲
mkia	明察
mkic	明朝
mkie	明澈
mkig	名称
mkih	命长
mkiu	明处
mkis	螟虫
mkil	没看出来
mkjb	鸣金
mkji	铭记
mkjk	明镜
mkjl	名将
mkjm	明鉴
mkjn	名叫
mkjp	名节
mkjq	名酒
mkjt	名角
mkju	名句
mkjx	名家
mkjy	明君
mkke	铭刻
mkkk	明快
mkku	命苦
mklk	命令
mklh	明朗
mkli	名利
mkll	明亮
mkln	明了
mklp	名列
mklq	名流
mklu	名录
mkly	密克罗尼西亚
mkmd	命脉
mkmf	名门
mkmk	明明
mkmm	明面
mkmo	名模
mkmu	名目
mkma	明码
mkmv	莫可名状
mkmw	明媚
mkmz	明眸
mkmp	明灭
mkng	没可能
mknm	明年
mkpm	名片
mkpd	名牌
mkqt	明确
mkqi	名气
mkqm	明前
mkqk	明清
mkql	明抢
mkqu	名曲
mkrf	名人
mkri	明日
mksi	马克思
mksy	马克思主义
mktm	明天
mkth	名堂
mkti	命题
mktz	名头
mktp	名帖
mkuo	明说
mkui	名师
mkug	名声
mkuj	名山
mkuu	命数
mkuc	鸣哨
mkvg	明证
mkvf	名震
mkvi	明智
mkvs	命中
mkvu	明珠
mkwj	明晚
mkww	名为
mkwu	明悟
mkwf	明文
mkwh	名望
mkxi	明细
mkxk	明星
mkxl	冥想
mkxm	明显
mkxn	名校
mkxp	鸣谢
mkxx	名下
mkyi	名义
mkyj	名言
mkyz	名优
mkyr	名媛
mkyk	命硬
mkyq	目空一切
mkyt	明月
mkyu	名誉
mkyx	每况愈下
mkyy	命运
mkzi	名字
mkzc	明早
mkzv	名嘴
mkzk	免开尊口
mkzo	名作
mlal	明里暗里
mlaw	明来暗往
mlbu	名列榜首
mlbz	妈拉巴子
mlcv	绵里藏针
mldc	没料到
mldj	没来得及
mldr	美丽动人
mldx	满脸堆笑
mlge	摩洛哥
mlhx	茉莉花
mlhu	母老虎
mlhi	茉莉花茶
mliu	美联储
mlih	名利场
mlis	满脸春色
mlif	满脸春风
mljm	美利坚
mljx	马六甲
mljv	明令禁止
mljz	名流巨子
mlkd	鸣锣开道
mllv	毛利率
mllk	模棱两可
mlmo	摸了摸
mlmb	抿了抿
mlmu	没老没少
mlmp	没脸没皮
mlmz	抿了抿嘴
mlmy	眯了眯眼
mlmh	美轮美奂
mlmw	忙里忙外
mlns	面露难色
mlq	买路钱
mlqm	名列前茅
mlqs	毛里求斯
mlqu	名留青史
mlss	马拉松
mlsu	魅力四射
mlth	麻辣烫
mltx	忙里偷闲
mlty	蜜里调油
mlu	马铃薯
mluu	名利双收
mlun	妙龄少女
mlve	面临着
mlvw	满脸皱纹
mlvd	命里注定
mlvz	满脸褶子
mlvv	米粒之珠
mlvh	米粒之珠，也放光华
mlvj	弥留之际
mlvy	马列主义
mlww	马拉维
mlwq	命里无时莫强求
mlxr	满脸笑容
mlxy	马来西亚
mlxg	目露凶光
mlyz	没理由
mlya	马来亚
mlyx	摸了一下
mlyt	明里一套
mlyh	睦邻友好
mlyq	眉来眼去
mlyy	命里有时终须有
mlzu	仫佬族
mllx	马里兰大学
mmao	棉袄
mmbd	没明白
mmbb	明明白白
mmbc	面包
mmbi	面壁
mmbj	面板
mmbl	闷闷不乐
mmbo	绵薄
mmbr	麻木不仁
mmbu	面部
mmbw	棉被
mmby	默默不语
mmbz	买卖不成仁义在
mmcc	磨磨蹭蹭
mmcl	满目苍凉
mmde	免得
mmdv	面对
mmdn	免掉
mmdm	缅甸
mmdh	茫茫大海
mmdt	冒名顶替
mmdd	懵懵懂懂
mmee	面额
mmel	慕名而来
mmfw	免费
mmfd	名目繁多
mmff	面粉
mmfh	棉纺
mmfx	默默奉献
mmgf	绵亘
mmgx	名门闺秀
mmgr	面馆
mmgy	默默耕耘
mmgd	绵绵瓜瓞
mmhh	马马虎虎
mmhg	满面红光
mmhi	明眸皓齿
mmhk	缅怀
mmhq	脉脉含情
mmhu	面糊
mmhv	眉毛胡子一把抓
mmhx	棉花
mmis	毛毛虫
mmif	面陈
mmig	面呈
mmih	绵长
mmiq	眉目传情
mmiu	免除
mmic	面朝
mmil	漫漫长路
mmiy	漫漫长夜
mmiv	美梦成真
mmji	面积
mmjd	面面俱到
mmjj	磨磨叽叽
mmjl	美妙绝伦
mmjh	灭门绝户
mmjm	免检
mmju	面具
mmjx	面颊
mmjb	面筋
mmks	面孔
mmku	棉裤
mmkc	免考
mmkz	面目可憎
mmlb	面临
mmld	慢慢来
mmle	免了
mmli	勉励
mmll	骂骂咧咧
mmln	面料
mmlu	面露
mmlg	盲目乐观
mmmc	面貌
mmma	棉麻
mmmd	买买买
mmmn	喵喵喵
mmmi	绵密
mmmm	密密麻麻
mmmo	面膜
mmmu	面目
mmmf	面门
mmmz	某某某
mmnf	面嫩
mmph	面庞
mmpf	面盆
mmpc	棉袍
mmpi	面皮
mmpn	免票
mmpw	免赔
mmpx	美目盼兮
mmqm	面前
mmql	勉强
mmqf	面目全非
mmqq	棉球
mmqu	免去
mmqx	面洽
mmqi	明末清初
mmrs	面容
mmru	免入
mmrr	绵软
mmrh	貌美如花
mmse	面色
mmsq	孟母三迁
mmsu	免俗
mmtz	摸摸头
mmth	面汤
mmti	免提
mmtj	面谈
mmtm	腼腆
mmtn	面条
mmtr	面团
mmtx	名满天下
mmtt	慢慢吞吞
mmu	明明是
mmui	面试
mmua	面纱
mmug	面生
mmuj	面善
mmul	面霜
mmuu	面熟
mmuv	免税
mmuz	免受
mmuh	面上
mmv	每秒钟
mmvs	冥冥中
mmvc	面罩
mmvd	明目张胆
mmvg	免征
mmvi	面值
mmvq	明媒正娶
mmvn	面目狰狞
mmvu	绵竹
mmvj	免战
mmvv	冥冥之中
mmvy	靡靡之音
mmvp	名门正派
mmwa	棉袜
mmwu	默默无声
mmwv	蒙昧无知
mmww	默默无闻
mmwy	默默无言
mmwz	名门望族
mmxl	面向
mmxi	免息
mmxm	棉线
mmxp	棉鞋
mmxq	面面相觑
mmxu	棉絮
mmxy	蒙蒙细雨
mmxr	满面笑容
mmy	毛毛雨
mmyh	绵阳
mmyi	免疫
mmyj	绵延
mmyq	梦寐以求
mmyu	免于
mmyx	面目一新
mmyy	慢慢悠悠
mmzi	面子
mmze	免责
mmzv	免罪
mmzc	免遭
mmzz	毛毛躁躁
mnbn	秒表
mnbi	妙笔
mnbm	描边
mnbb	面南背北
mnds	秒懂
mndn	秒掉
mndj	明年到我家
mnfa	妙法
mnfh	妙方
mnfs	卖弄风骚
mngy	木讷寡言
mnge	摩纳哥
mngx	马那瓜
mnhw	慕尼黑
mnhu	没那回事
mnhv	描绘
mnhc	庙号
mnhx	描画
mnhs	描红
mnhi	没你好果子吃
mniu	妙处
mnir	妙传
mnji	妙计
mnjb	描金
mnla	马尼拉
mnlk	妙龄
mnlu	蒙娜丽莎
mnly	妙论
mnlm	木牛流马
mnmh	渺茫
mnmj	妙曼
mnmo	描摹
mnmw	描眉
mnmu	苗木
mnmn	喵喵
mnmy	某年某月
mnmr	某年某月某日
mnpu	苗圃
mnpd	秒拍
mnql	秒抢
mnqu	妙趣
mnry	美女如云
mntn	苗条
mnth	庙堂
mntu	描图
mntz	苗头
mnua	秒杀
mnui	藐视
mnuu	描述
mnuz	妙手
mnuj	秒删
mnvy	瞄准
mnvc	妙招
mnve	瞄着
mnvf	秒针
mnvj	莫逆之交
mnvs	秒钟
mnwu	喵呜
mnwf	妙文
mnxp	描写
mnxn	渺小
mnyi	木乃伊
mnys	妙用
mnyu	庙宇
mnyn	卖男鬻女
mnzd	妙哉
mnzi	苗子
mnzu	苗族
moai	默哀
mobw	漠北
mobc	墨宝
mobj	末班
mobd	膜拜
mobu	莫不
mobf	摹本
moca	摩擦
moce	莫测
mocg	磨蹭
moda	莫大
modc	摸到
modd	末代
modg	摩登
modi	摸底
modk	没顶
modn	抹掉
modr	末端
modu	默读
moer	摩尔
mofa	魔法
moff	磨粉
mofh	模仿
mofj	模范
mofw	莫非
mogd	魔改
mogf	摩根
mogl	磨光
mogu	蘑菇
mogv	魔鬼
mogk	莫怪
mogc	摸高
mohe	磨合
mohh	末行
mohr	魔幻
mohu	模糊
mohw	抹黑
moiu	摸出
moia	抹茶
moiz	莫愁
moji	磨叽
mojk	墨镜
mojn	魔教
mojp	摩羯
moju	磨具
mojb	摸金
mojl	摸奖
mokk	模块
moku	魔窟
moka	摩卡
moli	魔力
molm	磨炼
moln	末了
molo	没落
molq	末流
molu	末路
molw	抹泪
molv	墨绿
molk	抹零
momk	莫名
momm	磨面
momo	默默
momp	磨灭
momi	抹蜜
moni	模拟
monj	磨难
monm	末年
monv	魔女
mopk	抹平
mopa	莫怕
mopo	磨破
mopd	摸排
mopj	磨盘
mopi	磨皮
moqi	默契
moqk	摸清
moqu	抹去
morf	默认
mori	末日
morj	默然
moro	莫若
moru	莫如
moso	摸索
moss	默诵
mosr	默算
mosv	磨碎
mosy	磨损
mote	模特
motm	摩天
moto	摩托
motz	摸透
moua	抹杀
mouc	末梢
moug	陌生
moui	模式
mouu	魔术
mouv	墨水
mouh	抹上
mouz	没收
mouf	魔神
mouo	莫说
movc	魔爪
move	摸着
movh	魔掌
movi	墨汁
movy	摸准
movg	魔怔
movz	魔咒
mowh	魔王
moww	末尾
mowf	莫问
moxk	模型
moxp	默写
moxu	默许
moxs	抹胸
moya	磨牙
moyu	摸鱼
moye	莫邪
mozu	模组
mozo	末座
mozi	墨子
mozd	抹在
mpbj	谋篇布局
mpbi	马屁不穿
mpdn	灭掉
mpdg	灭灯
mpdk	灭顶
mpdf	麻婆豆腐
mpf	毛坯房
mpgd	摸爬滚打
mph	冒牌货
mphc	门牌号
mpho	灭火
mpis	灭虫
mpig	蔑称
mpjk	马屁精
mpjt	灭绝
mpji	灭迹
mpjy	灭菌
mpju	满盘皆输
mpkz	灭口
mpmf	灭门
mpml	没皮没脸
mpqi	没脾气
mpth	孟婆汤
mpto	马普托
mpui	蔑视
mpua	灭杀
mpvs	灭种
mpwh	灭亡
mpwf	灭蚊
mpzu	灭族
mpzp	磨破嘴皮
mpzg	母凭子贵
mpdx	名牌大学
mqaj	明枪暗箭
mqbl	牟取暴利
mqcv	摩拳擦掌
mqdy	马其顿
mqdo	玛奇朵
mqgo	没去过
mqgd	明确规定
mqgv	密切关注
mqhu	妙趣横生
mqhz	梅妻鹤子
mqii	暮气沉沉
mqkl	目前看来
mqle	没钱了
mqly	谬论
mqlk	目前来看
mqlx	密切联系
mqmy	美其名曰
mqmh	忙前忙后
mqmx	眉清目秀
mqmv	没轻没重
mqrx	满腔热血
mqrq	满腔热情
mqri	满腔热忱
mqsl	谋取私利
mqsx	麻雀虽小
mqsq	麻雀虽小，五脏俱全
mquz	默契十足
mquq	莫欺少年穷
mquj	鸣枪示警
mqwu	谬误
mqwv	目前为止
mqww	明确无误
mqxk	明确性
mqxz	马前小卒
mqxg	密切相关
mqyd	明枪易躲
mqzc	煤气灶
mqzj	谬赞
mqzu	马前卒
mrbh	明人不说暗话
mrby	默然不语
mrbu	明人不做暗事
mrbj	茫然不解
mrbv	盲人把烛
mrbz	骂人不带脏字
mrer	美人儿
mrfr	明日复明日
mrgr	没人管
mrgy	美如冠玉
mrhh	明日黄花
mrhi	明日黄花蝶也愁
mrhu	蓦然回首
mrim	美人迟暮
mrji	美人计
mrjn	美人蕉
mrli	没人理
mrlc	没人理睬
mrmy	没日没夜
mrmf	美容美发
mrmx	盲人摸象
mrpa	貌若潘安
mrpz	美人胚子
mrqm	盲人骑瞎马
mrrs	毛茸茸
mrry	美人如玉
mrru	茫然若失
mrsg	茫然四顾
mrsh	面如死灰
mrtx	貌若天仙
mrth	面如桃花
mrts	面如土色
mrux	盲人说象
mrwc	茫然无措
mrvv	漠然置之
mrvr	泯然众人
mrxk	没人性
mrxm	盲人瞎马
mryc	没人要
mryu	美人鱼
mryy	美容养颜
msbu	慢三步
msbk	莫桑比克
mscm	暮色苍茫
mscb	面色苍白
msdk	茅塞顿开
mshq	命丧黄泉
msk	马赛克
mske	莫斯科
mskx	冥思苦想
mskt	马斯科特
msle	忙死了
mslb	穆斯林
msnv	面色凝重
msrt	面色如土
mstq	面色铁青
msww	没所谓
mszj	毛遂自荐
mszu	摩梭族
msys	埋三怨四
mtaj	明推暗就
mtbf	满头白发
mtcy	没头苍蝇
mtds	没听懂
mtdh	满头大汗
mtdu	摩天大厦
mtdl	摩天大楼
mtdz	弥天大罪
mtdi	命途多舛
mtf	满天飞
mtfw	漫天飞舞
mtfx	满天繁星
mtfy	马踏飞燕
mtgo	没听过
mtgh	瞒天过海
mtgu	莫谈国事
mtgy	迷途羔羊
mtgd	木头疙瘩
mths	满堂红
mthc	满堂喝彩
mtie	摩托车
mtjm	没听见
mtjs	眉头紧锁
mtjc	眉头紧蹙
mtjj	漫天叫价
mtkg	埋头苦干
mtkj	漫天开价
mtly	摩天轮
mtll	门庭冷落
mtlm	马蹄莲
mtlo	曼陀罗
mtmn	没头没脑
mtqk	没听清
mtqi	蒙太奇
mtrf	木头人
mtru	门庭若市
mtsl	慢条斯理
mtty	慢吞吞
mtuo	没听说
mtug	没听说过
mtvf	迷途知返
mtvu	庙堂之上
mtwu	满头雾水
mtwv	眉头微皱
mtwc	眉头微蹙
mtxk	满天星
mtxd	满天星斗
mtxz	毛头小子
mtxw	冒天下之大不韪
mtyk	猫头鹰
mtyj	漫天要价
mtyv	眉头一皱
muai	母爱
muaj	明升暗降
mubf	木本
mubh	木棒
mubj	模板
mubn	目标
mubu	幕布
mubw	墓碑
mubb	幕宾
mubx	闷声不响
muby	漫山遍野
mubq	马善被人骑
mucc	牧草
mucd	木材
muce	目测
mudi	目的
mudj	牡丹
mudn	木雕
mudg	木凳
mudu	目睹
mudc	墓道
mudv	名声大振
mudh	满身大汗
mudq	妙手丹青
mudb	民生凋敝
mudz	名声大噪
muer	木耳
mufa	木筏
mufu	幕府
mufc	闷声发大财
mufl	名士风流
mug	没事干
mugj	名胜古迹
mugl	目光
mugs	木工
mugu	募股
mugx	木瓜
mugy	木棍
mugz	母狗
muge	牧歌
mugv	木柜
mugt	名师高徒
muhe	木盒
muhl	马上回来
muhi	妙手回春
muhz	幕后
muhq	免伤和气
muih	牧场
muil	木床
muid	木柴
muij	亩产
muir	木船
muii	木尺
muiy	暮春
muig	墨守成规
muit	名师出高徒
mujp	满世界
mujx	木架
muji	母鸡
mujr	募捐
muju	模具
mujb	木槿
mujl	木匠
mujy	面授机宜
mujh	没事就好
muke	木刻
mukk	妙手空空
mukh	马上看花
mulu	目录
mulb	睦邻
muli	牡蛎
muln	木料
mulj	木兰
muls	木笼
mulh	母狼
muld	玛莎拉蒂
mulg	麻省理工
mume	没什么
muma	木马
mumb	牧民
mumf	木门
mumm	木棉
mumx	没上没下
mumu	没事没事
mumi	马瘦毛长
mumj	毛手毛脚
mumq	闷声闷气
mumk	慕名
mune	木讷
munf	名实难副
munm	暮年
munq	母牛
munv	母女
muod	妙手偶得
muou	木偶
mupd	木牌
mupm	木片
mupg	木棚
muqb	母亲
muqm	目前
muqn	木桥
muqq	暮秋
muqi	木器
muqt	马失前蹄
muqu	牧区
muql	幕墙
muqx	瞒上欺下
murf	陌生人
murj	木然
murs	慕容
muru	母乳
murx	妙手仁心
muse	暮色
muss	目送
musd	木塞
mutz	木头
mutn	木条
muti	母体
mutj	木炭
mutk	卖身投靠
muts	木桶
mutl	没事偷着乐
muui	目视
muuv	马首是瞻
muvi	拇指
muvl	木桩
muvo	木桌
muvu	母猪
muvy	媒妁之言
muwu	木屋
muwf	木纹
muwg	面上无光
muxn	母校
muxi	母系
muxk	木星
muxl	木箱
muxp	木屑
muxr	目眩
muxt	墓穴
muxx	木匣
muxu	苜蓿
muyh	模样
muyi	木椅
muyk	母婴
muyr	墓园
muyu	沐浴
muyg	面上有光
muzi	母子
muzh	墓葬
muzr	谋事在人
muzt	谋事在人，成事在天
muzw	名声在外
mulx	麻省理工大学
mvat	明珠暗投
mvad	明争暗斗
mvb	门诊部
mvbu	明哲保身
mvbv	明知不可为而为之
mvbz	美中不足
mvdc	没找到
mvd	明知道
mvdh	民主党
mvdp	民主党派
mvdx	明正典刑
mvff	铭诸肺腑
mvgw	明知故问
mvgf	明知故犯
mvhx	民主化
mvhu	没这回事
mviu	蜜汁叉烧
mvic	忙中出错
mvjm	没主见
mvju	民政局
mvlv	命中率
mvlx	昧着良心
mvme	没这么
mvmn	忙这忙那
mvml	没着没落
mvmv	忙着忙着
mvlu	猫捉老鼠
mvmg	民脂民膏
mvmk	墓志铭
mvpd	免战牌
mvqr	梦中情人
mvql	谬之千里
mvru	民主人士
mvsj	目之所及
mvsy	满招损，谦受益
mvtx	名震天下
mvte	莫扎特
mvu	摸着石头过河
mvug	名至实归
mvuh	明知山有虎
mvux	明知山有虎，偏向虎山行
mvvc	没找着
mvvd	命中注定
mvvj	明智之举
mvwh	没指望
mvwg	墨汁未干
mvwr	目中无人
mvxi	毛主席
mvyi	没注意
mvyu	名正言顺
mvyy	某种意义
mwbd	美白
mwbq	面无表情
mwbj	漫无边际
mwbk	没病
mwbl	冥顽不灵
mwbm	没变
mwbu	每部
mwbw	没被
mwbi	眉笔
mwci	每次
mwco	没错
mwdc	每到
mwdd	没带
mwdy	每顿
mwde	美德
mwdh	每当
mwdr	每段
mwds	没动
mwdu	梅毒
mwdm	没电
mwfa	没法
mwff	每份
mwfg	每逢
mwfh	美方
mwfu	妹夫
mwfj	目无法纪
mwge	每个
mwgj	美感
mwgo	美国
mwgr	美观
mwgs	美工
mwgu	每股
mwgv	玫瑰
mwgw	没给
mwgz	没够
mwgl	镁光
mwgd	没改
mwhc	美好
mwhh	每行
mwho	魅惑
mwhu	每户
mwhv	每回
mwhx	梅花
mwhj	门外汉
mwii	没吃
mwia	没差
mwic	美钞
mwid	美差
mwig	美称
mwiz	美丑
mwjb	没劲
mwji	美籍
mwjk	美景
mwjm	每件
mwjp	媒介
mwjq	美酒
mwju	美剧
mwjx	每家
mwjy	美味佳肴
mwjv	明文禁止
mwkz	没胃口
mwks	没空
mwkj	没看
mwkv	没亏
mwkl	煤矿
mwkr	每款
mwkk	美味可口
mwli	魅力
mwld	没来
mwle	没了
mwlj	霉烂
mwlm	没脸
mwlu	煤炉
mwmc	眉毛
mwmd	漫无目的
mwmf	没门
mwmg	美梦
mwmj	美满
mwmk	美名
mwml	没完没了
mwmn	美妙
mwmu	眉目
mwmw	妹妹
mwmz	美眸
mwng	没能
mwns	没弄
mwnc	没闹
mwnm	每年
mwnv	美女
mwnj	美男
mwou	美欧
mwpm	每篇
mwpn	没票
mwpc	没跑
mwpb	没品
mwpw	没陪
mwpi	每批
mwpg	没碰
mwpo	媒婆
mwpu	没谱
mwqi	煤气
mwqm	没钱
mwqn	勉为其难
mwqq	煤球
mwqr	没权
mwqu	没去
mwrf	每人
mwri	每日
mwrh	没让
mwrz	没肉
mwrj	美髯
mwrs	美容
mwru	美乳
mwry	渺无人烟
mwsr	没算
mwss	没送
mwse	美色
mwsi	没死
mwsu	媚俗
mwt	没问题
mwtl	没问题了
mwti	媒体
mwtj	煤炭
mwtk	没听
mwtm	每天
mwtn	每条
mwtu	美图
mwtv	美腿
mwtr	美团
mwtz	眉头
mwtd	每台
mwts	美瞳
mwty	美臀
mwtx	茫无头绪
mwtt	末位淘汰
mwua	没啥
mwuc	眉梢
mwug	美声
mwui	没事
mwuj	眉山
mwuo	没说
mwuu	美术
mwuv	没睡
mwul	每双
mwvi	每只
mwvs	每种
mwvy	没准
mwvl	美妆
mwvo	每桌
mwvd	美债
mwvz	美洲
mwva	煤渣
mwve	没辙
mwvj	漫无止境
mwwd	媚外
mwwj	每晚
mwww	美味
mwwf	目无王法
mwxi	没戏
mwxp	没写
mwxl	没想
mwxb	眉心
mwxn	媚笑
mwxq	没羞
mwxt	美学
mwxs	面无血色
mwyc	没要
mwye	每页
mwyh	每样
mwyi	美意
mwyj	美颜
mwyr	美元
mwys	没用
mwyt	每月
mwyk	魅影
mwyu	没雨
mwyy	霉运
mwyx	渺无音信
mwyz	没有
mwyf	马无夜草不肥
mwzz	没走
mwzd	没在
mwzo	没做
mwza	没咋
mwzv	没醉
mwzi	妹子
mxbn	明细表
mxbk	慢性病
mxdc	没想到
mxdx	某些东西
mxfb	埋下伏笔
mxgo	没想过
mxge	墨西哥
mxgi	墨西哥城
mxhx	满心欢喜
mxiv	梦想成真
mxjx	明心见性
mxkg	铭心刻骨
mxmb	没想明白
mxmf	没心没肺
mxms	没羞没臊
mxpm	明信片
mxqu	没兴趣
mxqk	没心情
mxrf	某些人
mxsx	民心所向
mxui	每小时
mxuf	梦醒时分
mxuh	母系社会
mxum	目眩神迷
mxur	买凶杀人
mxve	没闲着
mxvh	明细账
mxvd	明修栈道
mxwx	名下无虚
mxwl	面向未来
mxxg	毛细血管
mxxb	密西西比
mxyz	莫须有
mxyy	慢性咽炎
mxyl	木秀于林
mxyv	木秀于林，风必摧之
mxyx	命悬一线
mxzi	慢性子
mxzw	扪心自问
mxzg	门下走狗
mymo	摸一摸
mymv	每一秒钟
mymr	某月某日
mymc	没有免费的午餐
mybu	每一步
mybi	每一笔
mybw	没有把握
myby	没有必要
mybf	没有办法
mybq	没有不透风的墙
mybx	没有不散的筵席
mybh	贸易保护
mybl	贸易壁垒
mybd	绵延不断
myci	每一次
mycs	面有菜色
mydu	满意度
mydm	慢一点
mydi	命运多舛
mydr	每一段
mydh	没有的话
myff	每一份
myfv	每一分钟
myfm	某一方面
myft	民怨沸腾
myge	每一个
mygo	没用过
mygs	磨洋工
mygr	每一个人
mygy	没有规矩不成方圆
mygz	每一个字
myhi	没有好果子吃
myih	梦一场
myia	母夜叉
myis	满园春色
myiv	木已成舟
myjm	没意见
myjh	每一句话
myju	每一件事
myjj	美言几句
myjq	鸣冤叫屈
myjy	明月几时有
myke	每一刻
myle	满意了
myly	没有理由
mylu	沐浴露
myli	免疫力
mylv	妙语连珠
mynm	每一年
myns	面有难色
mypd	慢一拍
mypi	卖淫嫖娼
myq	牧羊犬
myqr	卖友求荣
myql	谬以千里
myqy	民营企业
myqf	明月清风
myr	没有人
myrf	明眼人
myrv	妙语如珠
myrs	媚眼如丝
mysi	没意思
mysd	名誉扫地
mysh	名扬四海
mysy	买一送一
mytm	每一天
mytx	名扬天下
myuh	名义上
myuj	没有时间
myut	民以食为天
myvs	每一种
myvj	贸易战
myvw	名扬中外
myww	每一位
mywt	没有问题
mywx	美玉无瑕
myxl	每一项
myyz	慢悠悠
myyy	没有意义
myzo	牡羊座
mzbu	某部
mzbl	满足不了
mzci	某次
mzds	毛泽东
mzde	某得
mzdk	谋定
mzdo	谋夺
mzdr	某段
mzdi	某地
mzdx	毛泽东思想
mzdy	民族大义
mzeg	满载而归
mzfj	谋反
mzfx	民族复兴
mzgj	满足感
mzge	某个
mzgl	蒙在鼓里
mzhx	谋划
mzhd	谋害
mzhq	满嘴胡吣
mziu	某处
mzjm	某件
mzjf	灭自己威风
mzjx	某家
mzle	满足了
mzli	牟利
mzlt	谋略
mzlw	某类
mzlj	卯足了劲
mzme	没怎么
mzmm	谋面
mzmz	某某
mzmw	没滋没味
mznm	某年
mznj	某男
mznv	某女
mzpi	满嘴跑火车
mzqq	谋求
mzqu	牟取
mzrf	某人
mzri	某日
mzsr	谋算
mzsi	谋私
mztm	某天
mzuh	面子上
mzua	谋杀
mzug	谋生
mzui	谋士
mzvs	某种
mzvg	弥足珍贵
mzvi	谋职
mzvy	民族主义
mzww	某位
mzxp	某些
mzxl	某项
mzxf	帽子戏法
mzxd	埋在心底
mzyt	某月
mzyh	某样
mzyu	名噪一时
mzyx	民族英雄
mzz	美滋滋
mzzi	眸子
n	你
nak	哪
nm	年
ng	能
nsdn	浓
nsd	农
nw	内
nju	南
nja	南
njag	南
nj	难
na	那
nwv	那
nv	女
nmr	念
nk	宁
nunl	努
nas	纳
nar	拿
niu	尼
nco	脑
njt	男
ne	呢
nikb	呢
nwk	哪
nq	牛
ni	你
noy	诺
nb	您
nqs	纽
nln	娘
ndv	乃
nkd	凝
ndn	奶
nqf	扭
nde	耐
nr	暖
nif	拟
nc	闹
ns	弄
nn	鸟
no	挪
nly	酿
nan	娜
non	娜
nnu	尿
ndd	奈
niz	逆
nf	嫩
nh	囊
nhu	馕
npe	聂
nmm	粘
nir	倪
nu	怒
ncx	恼
nin	妮
nun	奴
ncf	挠
nt	虐
njm	楠
nio	腻
np	捏
nqj	钮
nik	匿
naj	钠
ney	讷
nakn	呐
nek	呐
neke	哪
niy	霓
nmi	辗
nmu	碾
npd	涅
nkf	拧
npj	镍
ncw	瑙
nid	泥
njk	喃
ntb	疟
nkdd	泞
nkm	柠
nwu	馁
nom	糯
nso	脓
nnp	袅
nsr	侬
naf	捺
nung	弩
nma	廿
nmca	廿
ncd	淖
nifb	旎
npc	孽
nqfl	拗
nox	懦
nmfx	捻
nha	囊
nor	傩
ndnv	鼐
nmf	撵
niob	昵
nmfk	拈
nkk	咛
nmc	蔫
nqn	妞
nit	坭
nkq	狞
ndc	萘
nmt	埝
npcm	蘖
nvj	钕
npk	啮
npz	蹑
nij	铌
nhuy	馕
npky	嗫
njkn	囡
ndq	氖
ncb	孬
nok	喏
nia	鲵
nmak	鲇
nct	垴
nmfi	辇
npzm	臬
nhk	囔
nho	曩
nmh	黏
npjy	镊
nper	颞
nqx	忸
nirb	伲
nno	脲
nkr	佞
nsk	哝
ncj	铙
npv	乜
nix	怩
nunm	驽
nfr	恁
njty	赧
nioe	睨
ndm	柰
nap	衲
nau	南
njo	腩
nji	蝻
nck	呶
nofd	搦
ncu	硇
ncq	猱
nnc	茑
nnd	溺
ndr	佴
naju	镎
nao	肭
ndcn	艿
nci	蛲
npet	陧
nvx	衄
noj	锘
nhf	攮
niq	猊
nke	聍
nkb	甯
nqq	狃
nunz	孥
nunr	胬
naym	乸
nace	𦰡
ncqe	峱
ncoe	臑
ndep	耏
nds	能
nhzy	齉
nie	𨺙
nic	薿
njc	萳
njn	婻
nkcd	苧
noc	𦰡
npem	嵲
npm	𫔶
nqm	杻
nsh	秾
nunu	砮
nsyn	𬪩
nhay	囊
nmp	年
ngs	能
nwld	内
njyf	难
nwve	那
nvv	女
nirx	你
nmrx	念
nkbd	宁
nasn	纳
niub	尼
ncok	脑
njtl	男
nekb	呢
nidb	泥
noyk	诺
nbr	恁
nqsi	纽
ndvp	乃
ndnn	奶
nqfi	扭
ndec	耐
nro	暖
nifr	拟
ncm	闹
nsw	弄
nnw	鸟
nof	挪
nlyl	酿
none	娜
nnuu	尿
nddx	奈
nizp	逆
npey	聂
nmmk	粘
nire	倪
ninb	妮
nuny	奴
ncfw	挠
nth	虐
njmg	楠
nior	腻
npf	捏
nzl	耨
nqji	钮
nikk	匿
nekn	呐
nmin	辗
nmun	碾
npdt	涅
nkfd	拧
ncwx	瑙
nidd	溺
njkg	喃
neyn	讷
ntba	疟
nkmd	柠
nwun	馁
nome	糯
nson	脓
nnpy	袅
nsrn	侬
nafx	捺
nmaa	廿
ncdu	淖
npcz	孽
noxe	懦
norf	傩
nmch	蔫
nitb	坭
nkqd	狞
ndcx	萘
nmtx	埝
nvjn	钕
npkk	啮
npzy	蹑
nijb	铌
ndqn	氖
ncbz	孬
nokk	喏
niae	鲵
nctk	垴
nhky	囔
nhoy	曩
nqxi	忸
nnou	脲
nkrn	佞
nskn	哝
ncjw	铙
npvv	乜
nixb	怩
nfrx	恁
ndmx	柰
napn	衲
naug	南
njog	腩
ncky	呶
ncux	硇
ncqm	猱
nncn	茑
naon	肭
nciw	蛲
nvxi	衄
nojk	锘
nhfy	攮
niqe	猊
nked	聍
nkby	甯
niee	𨺙
nicr	薿
njcg	萳
njng	婻
noce	𦰡
npmm	𫔶
nqmi	杻
nshn	秾
nmpl	年
ngsb	能
nvva	女
nbrx	您
nroy	暖
ncmj	闹
nswc	弄
nnwd	鸟
nnpa	鸟
nofe	挪
ntha	虐
npft	捏
ndsb	能
nzlc	耨
nl	努力
nx	那些
ny	那样
nd	难道
nz	脑子
nabf	那本
nabh	那帮
nabj	那般
nabm	那边
naci	那次
naco	拿错
nacv	纳粹
nadc	拿到
nadn	拿掉
nadm	那点
nadr	那段
nadk	拿定
naer	那儿
naff	那份
nafu	纳福
nage	那个
nagj	哪敢
nagw	拿给
nago	拿过
nags	纳贡
nahc	那好
nahd	那还
nahj	呐喊
nahv	拿回
naiu	拿出
najm	那件
najn	那叫
najp	那届
najq	那就
najx	那家
nakr	那款
nake	那可
nakd	拿开
nakk	那块
nald	拿来
nali	那里
nall	纳凉
nalj	纳兰
name	那么
namf	纳闷
namm	那面
nami	纳米
namo	南无
nang	哪能
nanm	那年
nane	哪呢
nanp	拿捏
napa	哪怕
napi	那批
napm	那篇
naqi	拿起
naqp	纳妾
naqu	拿去
naqm	拿钱
narf	那人
naru	纳入
naso	哪所
nasz	那艘
nasi	那厮
nasc	拿骚
natc	那套
natd	那台
natm	那天
natn	那条
natp	拿铁
naui	那时
naua	那啥
nauv	纳税
nauz	拿手
nave	拿着
navh	那张
navi	哪知
navs	那种
nawj	那晚
naww	那位
naxp	那些
naxx	拿下
naxk	那行
naxl	哪像
nayh	那样
nayz	哪有
naye	那也
nazz	拿走
nazo	那座
nbds	弄不懂
nbdu	内比都
nbdy	拿不定主意
nbe	尼泊尔
nber	诺贝尔
nbej	诺贝尔奖
nbgo	拗不过
nbh	弄不好
nbhc	您好
nbhh	牛逼哄哄
nbht	牛不喝水强按头
nbhj	捏把汗
nbig	难不成
nbic	南北朝
nbiu	拿不出手
nbil	拿不出来
nbjq	那不就
nbju	那不就是
nbke	怒不可遏
nblu	鸟不拉屎
nbls	那不勒斯
nbmb	弄不明白
nbmd	内部矛盾
nbqk	弄不清
nbqi	弄不清楚
nbng	能不能
nbnj	难不难
nbnq	闹别扭
nbnv	女扮男装
nbqq	南半球
nbry	你不仁我不义
nbui	那不是
nbvu	耐不住
nbvw	难辨真伪
nbvy	拿不准
nbyd	那不一定
nbzi	牛鼻子
ncbu	脑补
ncbd	闹掰
ncbj	内测版
nccj	脑残
ncdd	脑袋
ncds	脑洞
ncde	闹得
ncda	闹大
ncfj	闹翻
ncgg	脑梗
ncgv	闹鬼
ncgx	脑瓜
ncgj	脑干
nchd	脑海
nchf	恼恨
ncho	恼火
nchz	脑后
nchs	闹哄
nciu	闹出
ncig	闹成
nciz	脑抽
ncjb	脑筋
ncju	闹剧
ncjl	闹僵
ncji	脑际
ncke	脑壳
ncle	弄错了
ncli	脑力
nclk	闹铃
ncll	脑量
nclu	瑙鲁
nclq	脑瘤
ncmf	脑门
ncmo	脑膜
ncnu	恼怒
ncnc	挠挠
ncnw	脑内
ncnm	男才女貌
ncqj	难辞其咎
ncrf	恼人
ncs	女厕所
ncsu	脑速
ncsv	脑髓
ncso	男厕所
nctg	闹腾
nctz	挠头
nctj	脑瘫
ncui	闹事
ncvs	闹钟
ncve	闹着
ncwd	脑外
ncxb	闹心
ncxk	闹醒
ncxq	怒从心头起
ncyh	挠痒
nczi	脑子
ndbo	脑电波
ndbd	那倒不一定
ndbl	女大不中留
ndbn	女大不由娘
ndbh	那倒不会
ndbu	那倒不是
nddh	男大当婚
nddj	女大当嫁
ndff	奶粉
ndfj	耐烦
ndgx	脑袋瓜
ndgo	奶锅
ndgz	脑袋瓜子
ndge	南丁格尔
ndhe	奈何
ndhj	耐寒
ndhl	奶黄
ndht	难得糊涂
ndia	奶茶
ndiu	拿得出手
ndjq	耐久
ndjy	年代久远
ndkj	耐看
ndle	拿到了
ndli	耐力
ndlc	奶酪
ndma	奶妈
ndmo	耐磨
ndmk	奶名
ndnd	奶奶
ndni	男盗女娼
ndnl	奶娘
ndnq	奶牛
ndpk	奶瓶
ndpc	奶泡
ndqi	拿得起
ndqx	拿得起放得下
ndre	耐热
ndth	奶糖
ndtz	奶头
ndu	那倒是
ndui	乃是
ndub	女大十八变
nduj	那段时间
nduo	难道说
nduv	奶水
nduz	耐受
ndvi	乃至
ndvc	奶罩
ndvg	尿毒症
ndvu	耐得住
ndvy	拿定主意
ndxb	耐心
ndxk	耐性
ndxi	奶昔
ndxs	奶凶
ndxl	奶香
ndxu	牛刀小试
ndys	耐用
ndyj	难得一见
ndyz	奶油
ndyu	那倒也是
ndzv	奶嘴
ndzi	奶子
ndzh	耐脏
nedq	男儿当自强
nene	讷讷
nexj	男儿膝下有黄金
neva	哪吒
neyt	男儿有泪不轻弹
nfbc	难分彼此
nfbd	嫩白
nfbv	难分伯仲
nfcc	嫩草
nffu	嫩肤
nffp	逆风翻盘
nfgx	难分高下
nfhx	嫩滑
nfhl	嫩黄
nfhs	嫩红
nfip	农副产品
nfig	怒发冲冠
nflv	嫩绿
nflq	年富力强
nfmm	哪方面
nfmo	嫩模
nfnf	嫩嫩
nfnj	难分难解
nfnu	难分难舍
nfrz	嫩肉
nfxl	逆反心理
nfxv	难分轩轾
nfya	嫩芽
nfye	嫩叶
nfyn	年复一年
ngan	尼姑庵
ngds	能动
ngdk	尼古丁
ngdu	年高德劭
ngbu	能不
ngbb	年过半百
ngc	哪个词
ngci	那个词
ngcs	哪根葱
ngfz	能否
ngfg	南国风光
nggz	能够
nggj	能干
nghc	能耗
nghj	年过花甲
ngii	能吃
ngif	能臣
ngiv	能吹
ngjm	能见
ngli	能力
ngll	能量
ngmd	牛高马大
ngnd	能耐
ngnu	能攻能守
ngnv	男耕女织
ngqu	能去
ngqj	能工巧匠
ngr	哪个人
ngrf	那个人
ngrh	能让
ngtu	哪管他人瓦上霜
ngsl	难过死了
ngsu	年过三十
nguo	能说
nguv	能睡
nguu	牛鬼蛇神
nguw	能歌善舞
nguz	能手
ngvl	能装
ngve	能者
ngxk	能行
ngxn	能效
ngys	能用
ngyr	能源
ngyz	能有
ngz	哪个字
ngzi	那个字
ngzo	能做
nhbc	那还不错
nhbh	哪壶不开提哪壶
nhdg	霓虹灯
nhdl	那还得了
nhle	弄好了
nhld	那还了得
nhgx	怒火攻心
nhhu	黏糊糊
nhhs	闹哄哄
nhko	囊括
nhkd	内行看门道
nhnh	囔囔
nhnj	男婚女嫁
nhna	男欢女爱
nhqn	奈何桥
nhrc	拈花惹草
nhsu	年华似水
nhvs	囊肿
nhvw	呐喊助威
nhwv	怒火万丈
nhwh	你好我好
nhvu	怒火中烧
nhyu	那还用说
nhyx	拈花一笑
nhz	女孩子
nhzi	男孩子
niai	溺爱
niba	泥巴
nibj	拟办
nich	匿藏
nidi	泥地
nidk	拟定
nier	逆耳
nifg	逆风
nifj	逆反
nigu	尼姑
nigc	拟稿
nigl	逆光
nigz	泥垢
nihc	你好
nihs	霓虹
nihe	拟合
niig	昵称
niia	逆差
niih	霓裳
nijk	逆境
nijl	泥浆
niji	匿迹
nikg	泥坑
nil	拿出来
nilx	你俩
nile	腻了
nilb	逆鳞
nilq	逆流
nils	尼龙
nimf	你们
nimk	匿名
ninj	呢喃
nink	泥泞
ninc	泥淖
ninu	能吃能睡
ninh	能吃能喝
nipb	农产品
niqq	泥鳅
nirs	呢绒
nirf	拟人
nisu	泥塑
nitj	泥潭
nitm	逆天
nitu	泥土
nitv	逆推
nitd	拟态
nith	泥塘
niua	泥沙
niui	逆势
niuv	溺水
niug	拟声
nivr	逆转
nivc	泥沼
niwd	腻歪
niww	腻味
niwu	拟物
niwj	泥丸
niwh	溺亡
nixk	逆行
nixi	逆袭
nixu	逆序
niyu	拧成一股绳
niyy	霓裳羽衣
nizi	逆子
njyk	男婴
njai	难捱
njao	难熬
njan	南岸
njbw	南北
njbc	难保
njbj	难办
njbm	南边
njbu	南部
njbb	男宾
njbk	男兵
njbq	内举不避亲
njbv	南橘北枳
njce	南侧
njd	能见度
njde	难得
njda	难打
njdc	难道
njdr	南段
njdh	难当
njdk	男丁
njdm	难点
njds	难懂
njdu	难度
njdj	男单
njdv	男队
njdl	年纪大了
njer	男儿
njfh	南方
njfg	南风
njfw	南非
njfx	怒极反笑
njg	哪几个
njge	那几个
njgc	难搞
njgk	难怪
njgo	难过
njgr	难关
njgs	南宫
njgx	南瓜
njgd	难改
njh	哪句话
njhx	那句话
njhd	男孩
njhh	南航
njhj	南韩
njih	南昌
njii	难吃
njij	难缠
njig	难成
njis	南充
njiu	难处
njiv	弄假成真
njjm	牛角尖
njji	南极
njjk	南京
njjn	南郊
njjl	南疆
njjp	难解
njjw	脑筋急转弯
njkd	南开
njkf	难啃
njkr	男款
njke	男科
njkj	难看
njli	凝聚力
njle	难了
njln	难料
njlg	尼加拉瓜
njlj	男篮
njlu	南路
njmb	难民
njmu	楠木
njmd	难买
njmf	南门
njmi	难觅
njmm	难免
njmw	南美
njmj	南蛮
njnd	难耐
njnf	难解难分
njnj	喃喃
njnk	南宁
njnv	男女
njns	难弄
njou	南欧
njpd	男排
njpk	男乒
njpu	男仆
njpw	男配
njpb	男频
njqu	南区
njql	南墙
njqb	男寝
njqq	年纪轻轻
njqr	南拳
njrf	男人
njrj	赧然
njrs	难容
njss	南宋
njse	男色
njsl	那就算了
njtm	那几天
njtc	难逃
njti	难题
njtk	难听
njtr	男团
njts	南通
njuf	男神
njug	男生
njui	男士
njuj	南山
njul	男双
njuo	难说
njuz	难受
njuu	那就是说
njux	年久失修
njvz	南极洲
njvc	难找
njvj	南站
njvl	男装
njvu	男主
njvy	宁静致远
njvm	难解之谜
njwh	难忘
njwa	男娃
njwf	难闻
njww	难为
njws	内紧外松
njxk	男性
njxp	男鞋
njxn	难消
njxt	难学
njxx	南下
njxm	南线
njy	诺基亚
njyi	难以
njya	南亚
njyh	南洋
njyj	难言
njys	难用
njyt	南岳
njyu	难于
njyz	男友
njzi	男子
njzd	男仔
njzo	难做
njzu	男足
njzz	难走
njdx	南京大学
nkbo	宁波
nkba	拧巴
nkbx	那可不行
nkdr	拧断
nkdx	南开大学
nkgu	凝固
nkif	佞臣
nkju	凝聚
nkjb	拧紧
nkjk	宁静
nkjp	凝结
nkke	宁可
nkkf	宁肯
nkkd	拧开
nklm	凝练
nkmg	柠檬
nkmz	凝眸
nkri	宁日
nkrj	凝然
nkrx	囊空如洗
nksi	宁死
nksl	难看死了
nksh	囊括四海
nkts	脑壳痛
nktg	脑壳疼
nkui	凝视
nkuf	凝神
nkuy	讷口少言
nkur	宁可食无肉
nkvs	凝重
nkvi	凝滞
nkvq	宁可直中取，不可曲中求
nkwh	凝望
nkwy	扭亏为盈
nkxx	宁夏
nkxn	狞笑
nkxt	凝血
nkxy	宁可信其有
nkyr	宁愿
nkym	南柯一梦
nlbw	南来北往
nlde	哪来的
nldr	年龄段
nldq	内陆地区
nleu	逆流而上
nlfd	努力奋斗
nlig	酿成
nliu	酿出
nljx	娘家
nljq	酿酒
nljj	拿了鸡毛当令箭
nlkq	哪凉快哪呆着去
nllv	年利率
nllu	年老力衰
nlld	脑力劳动
nlmf	娘们
nlmi	酿蜜
nlmy	农林牧副渔
nlnp	捏了捏
nlnl	娘娘
nlnt	挠了挠头
nlnq	弄来弄去
nlqb	娘亲
nlsu	年老色衰
nlsj	能力所及
nltd	娘胎
nlti	能力突出
nltr	年老体弱
nltu	年老体衰
nluu	逆来顺受
nluh	奴隶社会
nlv	奴隶制
nlvi	酿制
nlvb	女流之辈
nlvn	牛郎织女
nlvy	拿来主义
nlww	你来我往
nlyi	娘姨
nlyh	捏了一把汗
nlzi	娘子
nlzc	酿造
nmbc	年报
nmbn	年表
nmbd	念白
nmby	纳米比亚
nmco	念错
nmdo	那么多
nmdc	念叨
nmdd	年代
nmdi	年底
nmdu	年度
nmdn	那么多年
nmdr	那么多人
nmdy	浓眉大眼
nmeu	怒目而视
nmes	宁鸣而死
nmef	南无阿弥陀佛
nmff	年份
nmfo	念佛
nmfu	黏附
nmfw	年费
nmfj	年饭
nmgu	内蒙古
nmgc	年糕
nmgf	年根
nmgq	内蒙古自治区
nmgr	年关
nmgl	年光
nmhc	年号
nmhe	黏合
nmho	年货
nmhk	蔫坏
nmhu	那么回事
nmhv	年会
nmhx	年华
nmhz	年后
nmif	脑满肠肥
nmij	年产
nmiu	年初
nmiz	黏稠
nmjb	年仅
nmji	年纪
nmjk	念经
nmjm	年检
nmjp	年节
nmjq	念旧
nmjx	年假
nmjn	黏胶
nmjy	年均
nmka	年卡
nmlk	年龄
nmlc	年老
nmli	年利
nmly	年轮
nmlv	年率
nmmd	年迈
nmmj	年满
nmmo	年末
nmnw	年内
nmnm	年年
nmpu	年谱
nmqk	年轻
nmqi	年期
nmqm	年前
nmqy	农民起义
nmrf	粘人
nmru	年入
nmss	念诵
nmsv	年岁
nmsi	碾死
nmtp	黏贴
nmtu	黏土
nmtz	念头
nmtr	年迈体弱
nmuc	年少
nmuf	年审
nmuu	念书
nmuz	粘手
nmuh	黏上
nmui	农贸市场
nmvz	南美洲
nmvc	浓墨重彩
nmvh	年长
nmvs	年终
nmvu	黏住
nmve	黏着
nmvi	粘滞
nmww	年尾
nmx	匿名信
nmxb	年薪
nmxi	年息
nmxk	黏性
nmxl	念想
nmxm	年限
nmyj	脑膜炎
nmyt	年月
nmya	碾压
nmye	黏液
nmyu	鲇鱼
nmyz	年幼
nmzi	脑门子
nmzd	黏在
nmzz	撵走
nnsr	尿酸
nnbu	尿布
nnbw	念念不忘
nnbx	哪能不湿鞋
nndc	尿道
nndj	鸟蛋
nndu	尿毒
nndd	念念叨叨
nndp	男女搭配
nner	鸟儿
nnff	鸟粪
nnhu	尿壶
nnhh	黏黏糊糊
nnic	鸟巢
nnil	尿床
nnji	尿急
nnjn	鸟叫
nnjm	尿检
nnkj	鸟瞰
nnkh	尿炕
nnkg	难能可贵
nnli	努努力
nnlw	鸟类
nnls	鸟笼
nnly	男女老幼
nnlu	男女老少
nnmk	鸟鸣
nnnn	尿尿
nnno	袅娜
nnpb	尿频
nnpm	尿片
nnpd	男女平等
nnq	娘娘腔
nnql	鸟枪
nnqt	鸟雀
nnqy	鸟群
nnrf	鸟人
nnrz	鸟肉
nnrh	泥牛入海
nnsu	尿素
nnss	年年岁岁
nnth	尿糖
nnti	鸟啼
nntz	鸟头
nntt	袅袅婷婷
nnui	鸟屎
nnuz	鸟兽
nnuq	男女授受不亲
nnwh	能奈我何
nnww	腻腻歪歪
nnwn	你侬我侬
nnwo	鸟窝
nnxp	尿血
nnyu	鸟语
nnye	尿液
nnyh	鸟样
nnys	鸟用
nnyc	念念有词
nnyi	尿意
nnyy	年年有余
nnyr	年年有今日
nnyb	男女有别
nnz	努努嘴
nnzv	鸟嘴
nnzy	喃喃自语
nods	挪动
nofu	懦夫
noiu	挪出
nokd	挪开
nomi	糯米
nono	诺诺
noro	懦弱
noww	挪威
nowo	挪窝
noyi	挪移
noyj	诺言
noys	挪用
npgf	孽根
nphe	啮合
npiu	孽畜
npig	捏成
npjb	捏紧
npjl	女怕嫁错郎
nply	拿破仑
npns	捏弄
nppj	涅槃
npqi	牛脾气
npqk	镍氢
nprz	捏揉
npru	嗫嚅
nprh	男怕入错行
npsi	捏死
npsv	捏碎
npsh	泥菩萨过河
npui	哪怕是
npvd	孽债
npvh	孽障
npvs	孽种
npvu	捏住
npvi	牛皮纸
npxr	牛皮癣
npy	女朋友
npyz	男朋友
npyr	孽缘
npzc	捏造
npzi	镊子
nqai	纽埃
nqbi	牛逼
nqbd	南腔北调
nqbt	南拳北腿
nqbv	怒其不争
nqbl	宁缺不滥
nqdd	纽带
nqda	扭打
nqdr	扭断
nqdc	牛刀
nqds	扭动
nqdz	牛痘
nqdu	牛犊
nqdy	牛顿
nqer	牛耳
nqff	牛粪
nqfv	弄巧反拙
nqgu	牛股
nqgo	扭过
nqhx	年轻化
nqhs	能掐会算
nqhl	牛黄
nqhp	鸟枪换炮
nqia	牛叉
nqie	牛车
nqii	怒气冲冲
nqit	怒气冲天
nqiv	弄巧成拙
nqjb	牛津
nqjn	牛角
nqju	扭矩
nqjr	牛圈
nqjm	牛腱
nqkv	扭亏
nqkz	纽扣
nqle	哪去了
nqlq	牛柳
nqli	扭力
nqlh	牛郎
nqlv	年轻力壮
nqma	牛马
nqmc	牛毛
nqmy	浓情蜜意
nqnd	牛奶
nqni	忸怩
nqnq	妞妞
nqnj	牛腩
nqnp	扭捏
nqnu	能屈能伸
nqpi	牛皮
nqpd	牛排
nqpa	牛扒
nqpg	牛棚
nqpv	拈轻怕重
nqqi	牛气
nqqu	扭曲
nqqy	牛群
nqr	年轻人
nqrf	牛人
nqrz	牛肉
nqru	牛乳
nqss	扭送
nqtz	扭头
nqui	牛市
nquf	扭身
nquh	扭伤
nqvr	扭转
nqve	扭着
nqvu	扭住
nqvy	女权主义
nqwa	牛蛙
nqwy	你情我愿
nqwl	宁缺毋滥
nqyt	纽约
nqyb	牛饮
nqyh	牛羊
nqyc	扭腰
nqyz	牛油
nqyj	牛眼
nqyw	年轻有为
nqzd	牛仔
nqza	牛杂
nqzu	拿腔作势
nrbi	能人辈出
nrbh	男人不坏
nrba	女人不爱
nrds	暖冬
nrdt	难如登天
nrer	尼日尔
nrfg	暖风
nrfh	暖房
nrge	暖阁
nrho	暖和
nrhu	暖壶
nrih	暖场
nril	暖床
nriy	暖春
nrjn	暖脚
nrjr	拿人家的手软
nrlq	暖流
nrlu	暖炉
nrly	尼日利亚
nrmm	牛肉面
nrnr	暖暖
nrnj	暖男
nrpo	男人婆
nrpk	暖瓶
nrpg	暖棚
nrqi	暖气
nrqc	拿人钱财
nrrs	暖融融
nrse	暖色
nrsn	能人所不能
nruz	暖手
nruf	暖身
nrud	拿人手短
nrw	女人味
nrww	暖胃
nrxb	暖心
nrxw	耐人寻味
nrxv	女人心海底针
nryi	暖意
nryh	暖阳
nryu	能人异士
nrzr	能忍则忍
nsbq	宁死不屈
nsbc	宁死不从
nscy	农村
nsco	弄错
nscd	弄菜
nsdj	浓淡
nsdm	弄点
nsda	弄大
nsde	弄得
nsdk	纳斯达克
nsdr	弄断
nsds	弄懂
nsdu	浓度
nsdc	弄到
nsdq	弄丢
nsfj	弄饭
nsfu	农夫
nsge	弄个
nsgj	弄干
nsgo	弄过
nsgg	农耕
nsgv	弄鬼
nshc	弄好
nshh	农行
nshk	弄坏
nshx	弄花
nshv	弄回
nshy	弄混
nsho	农活
nshu	农户
nshz	浓厚
nsig	弄成
nsih	农场
nsia	浓茶
nsij	农产
nsiu	弄出
nsiz	浓稠
nsiy	浓醇
nsif	弄臣
nsil	脓疮
nsic	拈酸吃醋
nsjx	农家
nsjl	弄僵
nsju	农具
nsjb	弄进
nsku	弄哭
nskd	弄开
nskx	弄垮
nskf	农垦
nsli	农历
nslm	弄脸
nslf	南斯拉夫
nslp	浓烈
nslr	弄乱
nsmb	农民
nsmc	农贸
nsmw	浓眉
nsmh	农忙
nsmi	浓密
nsmu	农牧
nsmd	泥塑木雕
nsns	浓浓
nsnu	农奴
nspo	弄破
nsqk	弄清
nsqu	弄去
nsqr	弄权
nsqm	弄钱
nsso	浓缩
nssi	弄死
nssh	农桑
nsts	弄通
nstg	弄疼
nstj	浓痰
nstm	农田
nsth	浓汤
nstz	弄头
nsu	年三十
nsui	弄湿
nsuu	弄熟
nsuh	弄伤
nsue	农舍
nsvl	浓妆
nsvs	浓重
nsve	弄着
nsvz	弄皱
nswu	浓雾
nswh	你死我活
nsxl	浓香
nsxk	弄醒
nsxm	农闲
nsxt	农学
nsyc	农药
nsye	农业
nsyu	浓郁
nsyj	浓烟
nsys	农用
nsyi	农艺
nszh	弄脏
nszc	弄糟
nszz	弄走
ntbz	牛头不对马嘴
ntdd	虐待
ntdg	脑体倒挂
ntfu	虐俘
ntgm	逆天改命
ntji	疟疾
ntlu	那条路
ntlm	虐恋
ntmm	牛头马面
ntnt	闹腾闹腾
ntqq	虐囚
ntsl	难听死了
ntua	虐杀
ntul	农田水利
ntxb	虐心
nubi	奴婢
nubq	凝神屏气
nubd	南水北调
nucd	奴才
nudc	怒道
nudj	年少多金
nuex	逆势而行
nufh	怒放
nuho	怒火
nuhc	怒号
nuhd	能说会道
nuhe	怒喝
nuhx	拿手好戏
nuhz	怒吼
nuii	怒斥
nujm	弩箭
nujl	怒江
nujn	难上加难
nujx	泥沙俱下
nuli	努力
nulq	泥石流
nume	那什么
numa	怒骂
numu	怒目
nunf	难舍难分
nunx	能上能下
nunj	蹑手蹑脚
nunq	奶声奶气
nupu	奴仆
nuq	闹市区
nuqi	怒气
nuqd	南沙群岛
nuqk	年少轻狂
nuqu	年少气盛
nurf	纳税人
nurj	年深日久
nurs	怒容
nusj	鸟兽散
nuse	怒色
nusl	难受死了
nutl	努山塔拉
nuui	怒视
nuvf	逆时针
nuwv	年少无知
nuwx	女生外向
nuww	内圣外王
nuxk	奴性
nuxv	逆水行舟
nuyi	奴役
nuyx	女士优先
nuyw	年少有为
nuyg	年事已高
nuzr	那是自然
nuzu	怒族
nuzv	努嘴
nvbj	女伴
nvbk	女兵
nvbb	女宾
nvbv	南征北战
nvbw	宁折不弯
nvbh	难者不会
nvce	女厕
nvdc	哪知道
nvdh	脑震荡
nvdj	女单
nvdv	女队
nvdl	能者多劳
nvdm	浓妆淡抹
nver	女儿
nvfh	女方
nvgs	女工
nvgv	女鬼
nvhd	女孩
nvhl	女皇
nvhj	女中豪杰
nvjk	女警
nvjr	女眷
nvjl	年终奖
nvjs	鸟之将死
nvjj	拿着鸡毛当令箭
nvkr	女款
nvlh	女郎
nvlj	女篮
nvlq	女流
nvmo	女魔
nvnu	女奴
nvpu	女仆
nvpw	女配
nvpb	女频
nvpd	女排
nvpk	女乒
nvqr	女权
nvqb	女寝
nvqi	女气
nvqj	闹中取静
nvqk	扭转乾坤
nvrf	女人
nvse	女色
nvsw	年终岁尾
nvtr	女团
nvts	女童
nvug	女生
nvuf	女神
nvui	女士
nvul	女双
nvuv	能征善战
nvus	逆转生死
nvvl	女装
nvvu	女主
nvvw	囊中之物
nvwj	闹着玩
nvwh	女王
nvwa	女娃
nvwd	你争我夺
nvwg	你追我赶
nvwv	你知我知
nvwu	女巫
nvxk	女性
nvxp	女鞋
nvxs	囊中羞涩
nvxu	女婿
nvxx	女侠
nvyu	乃至于
nvyc	女妖
nvyk	女婴
nvyh	捏着一把汗
nvym	浓妆艳抹
nvys	女佣
nvyz	女友
nvyw	你中有我
nvyy	逆转阴阳
nvzi	女子
nvzd	女仔
nvzu	女足
nwtv	内退
nwtk	内廷
nwtd	内胎
nwui	内饰
nwuf	内审
nwbu	内部
nwbi	内壁
nwbb	内宾
nwbt	女娲补天
nwce	内测
nwcy	内存
nwcj	内参
nwcg	内层
nwdi	内地
nwdn	内调
nwdj	内胆
nwdk	内定
nwdz	内斗
nwer	内耳
nwfu	内服
nwgs	内功
nwge	内阁
nwgj	内外勾结
nwgv	内鬼
nwhj	内涵
nwhr	内环
nwhc	内耗
nwhe	内核
nwhh	内行
nwhx	内化
nwhs	内讧
nwhd	内海
nwif	内衬
nwih	内场
nwig	内城
nwjq	内疚
nwji	内急
nwjk	内径
nwjm	内奸
nwjn	内角
nwjr	内卷
nwjx	内外兼修
nwjg	内外夹攻
nwjh	宁为鸡口，毋为牛后
nwke	内科
nwkl	内框
nwks	内控
nwku	内裤
nwkj	内刊
nwlc	内涝
nwli	内力
nwlr	内乱
nwlu	内陆
nwlm	内敛
nwlg	内冷
nwmu	内幕
nwma	内码
nwmm	内面
nwmf	内门
nwmo	内膜
nwmg	内蒙
nwnj	内难
nwnw	能文能武
nwpb	内聘
nwpj	内盘
nwq	难为情
nwqk	内情
nwqi	内气
nwqb	内勤
nwqm	内嵌
nwql	内墙
nwqr	内圈
nwqp	内切
nwrs	内容
nwrf	内人
nwre	内热
nwso	内缩
nwue	内设
nwuh	内伤
nwuw	鸟为食亡
nwvc	内招
nwvd	内债
nwvg	内政
nwvi	内置
nwvj	内战
nwvs	内中
nwvw	逆我者亡
nwwd	内外
nwwh	内网
nwwu	内务
nwwf	内文
nwxb	内心
nwxl	内向
nwxm	内线
nwxn	内销
nwxi	内息
nwxq	内秀
nwxu	内需
nwxk	内省
nwyi	内衣
nwyb	内因
nwyk	内应
nwys	宁为玉碎
nwyy	内蕴
nwyz	内忧
nwyr	女为悦己者容
nwzd	内在
nwzh	内脏
nwzi	内资
nwzw	内贼
nxbc	脑细胞
nxdb	内心独白
nxge	那些个
nxh	女性化
nxhx	男性化
nxhq	宁夏回族自治区
nxin	恼羞成怒
nxlj	纽西兰
nxnm	那些年
nxnd	难兄难弟
nxrf	那些人
nxr	哪些人
nxrz	那些日子
nxsw	逆向思维
nxur	脑血栓
nxui	内心深处
nxys	怒形于色
nxzi	那小子
nxzj	弄虚作假
nxzu	纳西族
nybu	那一步
nybq	哪也别去
nybm	难以避免
nybh	捏一把汗
nybv	南辕北辙
nybx	奴颜婢膝
nyc	哪一次
nyci	那一次
nycx	匿影藏形
nydm	哪一点
nydh	那样的话
nydx	农业大学
nyfj	年夜饭
nyge	哪一个
nygg	浓烟滚滚
nykr	哪一款
nyke	那一刻
nyri	年月日
nyrh	那又如何
nyru	难以忍受
nygb	难以改变
nygu	难以割舍
nygl	难以估量
nygx	年逾古稀
nyhv	哪一回
nyhx	鸟语花香
nyin	那一刹那
nyiu	难以承受
nyif	弄月嘲风
nyj	农业局
nyju	难以接受
nyjj	难以解决
nykj	难以抗拒
nylj	难以理解
nymm	难以磨灭
nynm	那一年
nynk	内衣内裤
nyqi	难以启齿
nyqj	难以企及
nyqx	匿影潜形
nyt	哪一天
nytm	那一天
nytc	那一套
nyjr	娘要嫁人
nymv	难以名状
nymg	奴颜媚骨
nymx	讷言敏行
nyub	能言善辩
nyut	难于上青天
nyvs	哪一种
nyvx	难以置信
nyvm	难以捉摸
nyvy	难言之隐
nyvh	宁有种乎
nyvj	你有张良计
nyvt	你有张良计，我有过墙梯
nyww	哪一位
nywn	你以为呢
nywy	你言我语
nywh	内忧外患
nywj	难以为继
nywm	农业文明
nywv	年幼无知
nyx	弄一下
nyxt	脑溢血
nyxx	难以想象
nyxr	难以形容
nyxy	难以下咽
nyxu	奶油小生
nyy	暖洋洋
nyyy	难以言喻
nyyl	难以预料
nyyv	难以言状
nyyu	难以言说
nyyh	农业银行
nyyx	囊萤映雪
nyzy	难以自抑
nyzb	难以自拔
nzle	拿走了
nzli	脑子里
nzbu	脑子不好使
nzhj	男子汉
nzhf	男子汉大丈夫
nzjy	娘子军
nzju	脑子进水
nzjt	宁做鸡头
nzjw	宁做鸡头不做凤尾
nzku	牛仔裤
nzny	男左女右
nznb	男尊女卑
nzqx	脑子缺根弦
nzty	挪作他用
nzux	泥足深陷
nzwu	农作物
nzyq	黏在一起
nzzz	念兹在兹
o	哦
oo	喔
ou	欧
our	偶
ouky	殴
ouk	呕
ouc	藕
ouy	讴
oukn	鸥
oukx	区
oukw	瓯
ook	噢
og	嗯
ogk	唔
onk	唔
omk	呣
omkw	呒
ogkk	唔
onkk	唔
oud	沤
oul	耦
oux	怄
ooky	嚄
oulk	𠙶
ouhx	𬉼
ookw	哦
ookt	喔
oukr	欧
oury	偶
oucy	藕
ouyx	讴
ookd	噢
ogkx	嗯
onkx	嗯
oudx	沤
ouly	耦
ouxx	怄
omkm	呣
ov	欧洲
oe	偶尔
or	偶然
ox	偶像
oy	欧阳
ot	呕吐
odsl	藕断丝连
ofxk	偶发性
ogti	欧共体
ogne	嗯呢
ogna	嗯呐
oghg	嗯哼
ogog	嗯嗯
olba	欧罗巴
onon	嗯呐嗯呐
ooho	哦豁
ooyo	喔唷
opke	欧佩克
orxk	偶然性
ouda	殴打
oude	偶得
ouer	偶尔
ouff	藕粉
oufa	偶发
ouge	讴歌
ougj	偶感
ouhe	耦合
ouho	偶或
oujm	偶见
oujx	藕夹
oule	欧了
oumg	欧盟
oumu	欧姆
oumw	欧美
oupm	藕片
ouqi	怄气
ourj	偶然
ousi	藕丝
ouse	藕色
outu	呕吐
ouuu	偶数
ouui	欧式
ouvz	欧洲
ouxl	偶像
ouxt	呕血
ouya	欧亚
ouyi	偶一
ouyh	欧阳
ouyr	欧元
ouyu	偶遇
ouyz	偶有
oxlx	呕心沥血
oydl	欧亚大陆
oywv	偶一为之
oyxq	欧阳修
p	平
pa	怕
pc	跑
pb	品
pi	批
pw	配
pky	评
pmrg	便
po	破
pdp	牌
pwt	培
pm	片
pd	排
pu	普
pn	票
pdd	派
pbb	贫
pjb	判
pdf	拍
popx	繁
piv	皮
pgon	鹏
pmv	篇
pot	坡
pj	盘
poz	迫
pgo	朋
puou	暴
pbe	聘
pjpt	番
pmr	偏
pwk	赔
pk	凭
puj	铺
pudf	浦
pbv	频
pov	颇
piuu	辟
pmm	骗
pgu	彭
pch	炮
pgop	膨
pwr	佩
ph	旁
pwe	陪
pkb	瓶
pum	朴
purt	堡
pjd	潘
pjm	攀
pucf	葡
pgc	蓬
pku	屏
pik	啤
podb	泊
pbf	拼
puy	谱
put	埔
pike	匹
pfk	喷
pnd	漂
pkc	萍
pjo	盼
pf	盆
pg	碰
pnx	飘
puf	扑
pcd	泡
podn	婆
phg	庞
pkcp	苹
pgm	棚
pif	披
pib	疲
paj	帕
pcf	抛
pkq	乒
pav	爬
pwd	沛
pod	泼
pgf	捧
pob	魄
phq	乓
pkt	坪
pjt	畔
pur	仆
phof	膀
pz	剖
pir	僻
pdi	徘
puc	蒲
pho	胖
puo	曝
pitb	毗
pgw	烹
pit	坯
phu	磅
pio	脾
pmhx	翩
pgv	篷
pud	瀑
paf	扒
pnn	嫖
pjby	叛
piuk	譬
pmh	扁
pudc	溥
pcb	刨
pwf	裴
piud	劈
pin	媲
pgd	澎
pcp	袍
pukf	圃
pwo	胚
piu	屁
puw	璞
pddf	湃
pudn	濮
paz	趴
puck	菩
pom	粕
pomb	朴
pomz	桲
ppd	瞥
paw	琶
piw	琵
pnxg	瓢
phi	螃
pop	鄱
pak	啪
pp	撇
puof	脯
pow	珀
pibe	邳
pipe	邳
pjz	蹒
pac	葩
pgfp	抨
pjv	磐
pjob	胖
pipu	裨
pguo	硼
pibk	痞
pibu	癖
pie	陂
poe	陂
pgx	怦
piba	丕
puz	蹼
phif	彷
pal	耙
pam	杷
pim	枇
pnxd	剽
pck	咆
piku	噼
piy	霹
pdr	俳
pdz	迫
pkm	枰
phd	滂
pgup	砰
pjvp	爿
pji	蟠
pdk	哌
phz	逄
pbvu	颦
pns	缥
pcbs	疱
pub	匍
pgk	嘭
pikb	吡
pcg	庖
pcq	狍
pis	纰
pok	叵
piub	砒
pbnk	姘
pkn	娉
pij	铍
pmmk	骈
pzfk	掊
pjdb	泮
pwy	霈
pid	淠
pmo	胼
pndz	殍
puk	噗
pno	瞟
pnm	朴
pip	郫
pwfl	旆
pwfj	旆
pitu	埤
pmz	蹁
pmy	谝
pnk	嘌
pjpb	袢
pwj	帔
piou	睥
ppc	苤
pbn	嫔
povk	笸
pumo	氆
pwka	呸
pwkp	呸
pwyk	醅
piib	蚍
pitj	圮
pavb	筢
phl	耪
pws	辔
pbnb	牝
pjp	襻
pfd	湓
pish	罴
pii	蜱
pkr	俜
pkap	鲆
pobt	皤
pujo	镨
pco	脬
pgi	蟛
pivb	貔
pirb	仳
pmn	犏
poj	钋
pgt	堋
piuw	甓
pni	螵
pojk	钷
pdc	蒎
pwjk	锫
pieu	陴
ppq	氕
pzw	裒
pujn	镤
pgcf	芃
pjvm	槃
putn	墣
pbw	玭
pgmy	椪
pgdo	淜
pgff	搒
phy	雱
pha	鳑
pirp	伾
pira	伾
pidu	澼
piun	䴙
pjut	磻
pkd	洴
pkdp	泙
pkck	荓
pkdv	涄
pmng	㛹
pmmg	楩
pnc	薸
pojd	䥽
pudo	潽
puyf	酺
puh	穙
pzf	抔
pbcr	𬞟
pima	𬳵
pimp	𬳵
ppjw	𬭯
pwdr	𬇙
pbk	品
pka	平
pifb	批
pkyp	评
pou	破
pdpu	牌
pwtk	培
pmpv	片
pdff	排
pubo	普
pbbr	贫
pjbd	判
pmvc	篇
poty	坡
pozb	迫
pcz	跑
pgoo	朋
pbev	聘
pmrc	偏
pwkk	赔
pkrj	凭
pujf	铺
pbvr	频
povr	颇
pmmc	骗
pwrj	佩
phw	旁
pwek	陪
pumb	朴
pjdt	潘
pjmu	攀
pgcz	蓬
pkuk	屏
pbfk	拼
puyo	谱
putf	埔
pfkr	喷
pndx	漂
pjod	盼
pguy	碰
pufb	扑
pgmo	棚
pify	披
piby	疲
pcfl	抛
pkqp	乒
pwdl	沛
podd	泼
pgfl	捧
pobg	魄
phqd	乓
pktp	坪
pjtb	畔
purb	仆
pzl	剖
pdif	徘
phob	胖
pgwh	烹
pitp	坯
phuf	磅
pgvz	篷
pafb	扒
pnnx	嫖
pcbd	刨
pwfy	裴
pinb	媲
pgdp	澎
pwop	胚
pwoa	胚
puwn	璞
pazb	趴
ppdo	瞥
pawb	琶
piwb	琵
pope	鄱
pakb	啪
ppf	撇
powb	珀
pjzl	蹒
pacb	葩
pjvu	磐
piey	陂
poey	陂
pgxp	怦
puzn	蹼
palb	耙
pamb	杷
pdzb	迫
pkmp	枰
phdf	滂
pjit	蟠
pdkn	哌
phzl	逄
pnsx	缥
pubf	匍
pgkp	嘭
pcgs	庖
pcqs	狍
pisb	纰
pokk	叵
pknv	娉
pijy	铍
pwyl	霈
pmok	胼
pukn	噗
pnox	瞟
pnmb	朴
pnmx	骠
pmzc	蹁
pnkx	嘌
pwjy	帔
ppcp	苤
phlf	耪
pwsk	辔
pjpu	襻
pfdm	湓
piiu	蜱
pcoz	脬
pgip	蟛
pmnc	犏
pgto	堋
pnix	螵
pdcn	蒎
ppqp	氕
pzwy	裒
pbwb	玭
phyf	雱
phaf	鳑
pncx	薸
puhn	穙
pzfb	抔
pbkk	品
pkau	平
pouy	破
pczs	跑
phwf	旁
pzld	剖
ppfw	撇
px	培训
pt	平台
pv	配置
pl	漂亮
pq	脾气
ps	配送
pe	普洱
pr	骗人
py	拼音
padc	爬到
pada	啪嗒
paeq	拍案而起
pafu	趴伏
pago	爬过
pagl	怕光
pagv	怕鬼
pahw	怕黑
pais	爬虫
paiu	爬出
pajb	爬进
pajj	拍案叫绝
paku	怕苦
pale	怕了
palz	爬楼
palc	帕劳
palw	怕累
palg	怕冷
pamj	爬满
papa	啪啪
papo	爬坡
paqi	爬起
paqp	扒窃
paql	爬墙
parf	怕人
pare	怕热
pasi	怕死
pati	爬梯
patg	怕疼
pats	怕痛
paui	怕是
paua	怕啥
pauw	怕谁
pauv	怕谁
paug	怕生
pauh	爬上
pauj	爬山
pauu	爬树
pauz	扒手
pave	趴着
pawu	平安无事
paxx	趴下
paxk	爬行
paxq	怕羞
paxb	怕
paxl	平安喜乐
payh	怕痒
payc	怕要
payy	偏安一隅
pazd	趴在
pazz	爬走
pazh	怕脏
pbbk	疲惫不堪
pbbo	拼搏
pbbv	排兵布阵
pbcz	拼凑
pbci	频次
pbcu	颦蹙
pbd	跑不掉
pbds	跑不动
pbdc	频道
pbde	品德
pbdj	拼单
pbdr	频段
pbdn	平板电脑
pbdu	频度
pbdy	迫不得已
pbel	扑鼻而来
pbei	喷薄而出
pbff	漂白粉
pbfa	贫乏
pbfj	频繁
pbfu	贫富
pbfw	嫔妃
pbfv	蓬勃发展
pbgu	皮包骨
pbge	品格
pbhj	贫寒
pbhe	拼合
pbih	品尝
pbia	品茶
pbig	拼成
pbie	拼车
pbij	拍板成交
pbir	频传
pbjp	拼接
pbji	贫瘠
pbjq	品酒
pbjb	拼劲
pbjd	迫不及待
pbjj	贫病交加
pbjm	贫贱
pbju	姘居
pbku	贫苦
pbks	品控
pbky	贫困
pbln	跑不了
pblv	频率
pble	拼了
pbli	聘礼
pblw	品类
pblm	跑不了庙
pbmk	拼命
pbmb	贫民
pbmc	品貌
pbmi	频密
pbpa	怕不怕
pbpb	频频
pbpu	频谱
pbpd	品牌
pbpj	拼盘
pbpk	品评
pbpl	漂不漂亮
pbps	怕不怕死
pbqs	贫穷
pbqi	聘期
pbql	拼抢
pbqk	聘请
pbqy	平步青云
pbrf	聘任
pbro	贫弱
pbrg	频仍
pbsi	拼死
pbsg	贫僧
pbtu	拼图
pbtr	拼团
pbtz	姘头
pbto	品脱
pbu	配不上
pbui	赔不是
pbua	拼杀
pbuh	蓬荜生辉
pbuu	聘书
pbuj	蓬勃生机
pbvi	品质
pbvl	拼装
pbvs	品种
pbvg	拼争
pbvq	蓬勃朝气
pbww	品味
pbwg	平白无故
pbwj	品玩
pbwd	漂泊无定
pbx	普遍性
pbxk	品行
pbxm	频现
pbxl	品相
pbxp	拼写
pbxt	贫血
pbxu	蓬勃向上
pbyb	拼音
pbyi	喷薄欲出
pbys	聘用
pbzv	贫嘴
pbzi	拼字
pbza	品咂
pbzh	蓬荜增辉
pcba	泡吧
pcbk	炮兵
pcbm	跑遍
pcbu	跑步
pccd	泡菜
pccc	跑操
pcco	跑错
pcdc	跑到
pcdj	炮弹
pcds	跑动
pcdn	跑调
pcdq	跑丢
pcff	跑分
pcfj	泡饭
pcgl	抛光
pcgo	跑过
pcho	炮火
pchv	炮灰
pchs	炮轰
pcie	跑车
pcia	泡茶
pciu	抛出
pcjb	跑进
pcjn	泡椒
pcji	炮击
pcjm	炮舰
pcjq	泡酒
pckd	抛开
pcks	抛空
pckz	炮口
pckg	刨坑
pcku	跑酷
pcle	跑了
pcld	跑来
pcli	抛离
pclu	跑路
pclz	炮楼
pcrh	皮糙肉厚
pcmo	泡沫
pcma	跑马
pcmc	抛锚
pcmm	泡面
pcmz	破财免灾
pcnq	泡妞
pcpc	泡泡
pcpj	抛盘
pcpn	跑票
pcpm	跑偏
pcps	骗财骗色
pcqi	抛弃
pcqt	抛却
pcqu	跑去
pcqr	跑圈
pcsa	抛洒
pctv	跑腿
pctz	抛投
pcta	炮塔
pcts	炮筒
pctd	炮台
pcth	泡汤
pcti	跑题
pctk	炮艇
pcuz	抛售
pcuv	泡水
pcue	抛射
pcug	炮声
pcvi	炮制
pcve	跑着
pcvf	疱疹
pcvh	炮仗
pcvj	炮战
pcwj	跑完
pcww	跑位
pcwu	抛物
pcwh	泡网
pcxx	抛下
pcxn	咆哮
pcxp	跑鞋
pcxz	破财消灾
pcyr	跑远
pcyk	泡影
pcyj	炮眼
pczd	泡在
pczc	泡澡
pczi	袍子
pcze	袍泽
pddm	屁颠颠
pddj	派单
pddu	排毒
pddn	排掉
pdan	拍案
pdbh	跑单帮
pdbj	排版
pdbu	排布
pdbi	排比
pdbk	派兵
pdbm	牌匾
pdbp	派别
pdci	排次
pdch	普渡慈航
pdda	拍打
pddc	派到
pddh	拍档
pddk	排定
pddv	排队
pdeq	平地而起
pdfa	派发
pdfh	排放
pdfb	平地风波
pdgu	排骨
pdhh	排行
pdhc	排号
pdhk	徘徊
pdho	派活
pdhl	平等互利
pdia	排查
pdig	排成
pdih	排场
pdii	排斥
pdiu	排除
pdie	派车
pdji	排挤
pdjm	派件
pdjn	庖丁解牛
pdjp	排解
pdjq	牌九
pdju	牌局
pdjx	牌价
pdkd	排开
pdks	排空
pdlp	排列
pdld	派来
pdlm	排练
pdll	排量
pdlc	排涝
pdlu	跑得了和尚
pdlr	排卵
pdlw	排雷
pdlz	牌楼
pdlt	跑断了腿
pdli	判断力
pdla	潘多拉
pdlh	潘多拉魔盒
pdmk	排名
pdmd	拍卖
pdmm	排面
pdnn	排尿
pdnh	抛到脑后
pdpd	拍拍
pdpm	拍片
pdpx	跑东跑西
pdqm	派遣
pdqi	排气
pdqq	排球
pdqu	派去
pdql	平地起高楼
pdrf	派人
pdru	排入
pdss	派送
pdtz	派头
pdta	排他
pdto	拍拖
pduv	排水
pdue	拍摄
pdug	派生
pduh	派上
pduz	拍手
pdve	排着
pdvc	拍照
pdvh	排长
pdvo	牌桌
pdvr	拍砖
pdvu	派驻
pdww	排位
pdwd	排外
pdwj	拍完
pdwh	派往
pdwu	排污
pdwq	平淡无奇
pdxi	拍戏
pdxm	排险
pdxp	排泄
pdxu	排序
pdxx	拍下
pdxd	平等相待
pdyj	排烟
pdyz	排忧
pdyr	派员
pdys	怕得要死
pdzd	排在
pdzi	牌子
pehl	破而后立
pfbk	皮肤病
pfbo	喷薄
pfdi	盆地
pfdx	捧腹大笑
pffa	喷发
pffj	喷饭
pfff	喷粪
pffh	贫富分化
pfgr	喷灌
pfgm	皮肤过敏
pfho	喷火
pfhv	喷绘
pfhx	喷画
pfhu	蚍蜉撼树
pfi	剖腹产
pfiu	喷出
pfiv	破釜沉舟
pfij	贫富差距
pfjk	盆景
pfjm	喷溅
pfke	皮肤科
pfmi	平方米
pfmj	泼妇骂街
pfmo	喷墨
pfpf	佩服佩服
pfqr	喷泉
pfqi	喷气
pfql	盆腔
pfqs	平分秋色
pfqz	抛夫弃子
pfsa	喷洒
pfti	喷嚏
pftu	喷涂
pftz	喷头
pfue	喷射
pfuv	喷水
pfvv	颇费周折
pfvl	劈风斩浪
pfvx	平反昭雪
pfvy	匹夫之勇
pfwu	喷雾
pfwz	匹夫无罪
pfxt	喷血
pfxl	喷香
pfys	喷涌
pfyc	喷药
pfyu	盆浴
pfyz	匹夫有责
pfz	票贩子
pfzd	盆栽
pfzi	盆子
pfzv	喷嘴
pfyh	浦发银行
pgbi	碰壁
pgbo	蓬勃
pgbw	捧杯
pgbu	赔个不是
pgci	碰瓷
pgcj	盘根错节
pgcd	捧高踩低
pgdc	碰到
pgdh	朋党
pgdn	碰掉
pgfj	碰翻
pgfu	捧腹
pggf	捧哏
pghs	捧红
pghx	膨化
pgih	捧场
pgiu	碰触
pgia	烹茶
pgjm	碰见
pgji	抨击
pgjd	刨根究底
pgke	朋克
pgld	蓬莱
pglr	蓬乱
pgmm	碰面
pgnl	屁滚尿流
pgpd	澎湃
pgpg	砰砰
pgpu	破罐破摔
pgqn	碰巧
pgqi	捧起
pgrf	烹饪
pgrj	怦然
pgri	捧个人场
pgss	蓬松
pgsv	碰碎
pgtn	烹调
pgtz	碰头
pgua	捧杀
pguh	碰上
pgud	爬高上低
pguv	披挂上阵
pgve	捧着
pgvh	膨胀
pgvi	烹制
pgvu	烹煮
pgvl	碰撞
pgvq	旁观者清
pgwu	棚屋
pgwd	刨根问底
pgyz	朋友
pgyk	蒲公英
pgzc	泡个澡
pgzz	捧走
pgzu	破罐子破摔
phbh	排行榜
phbd	旁白
phbm	旁边
phbo	磅礴
phbq	徘徊不前
phce	旁侧
phda	庞大
phdy	胖墩
phdl	披红戴绿
phgr	旁观
phgu	旁顾
phgl	膀胱
phgc	披红挂彩
phhu	胖乎乎
phhl	彷徨
phlt	炮火连天
phmf	旁门
phnq	胖妞
phph	胖胖
phrf	旁人
phtk	旁听
phto	滂沱
phuz	胖瘦
phvg	旁证
phvu	旁注
phvi	旁支
phxk	破坏性
phxp	螃蟹
phxi	旁系
phzi	胖子
phzz	胖揍
phza	庞杂
phlo	旁落
piao	皮袄
pibc	皮包
pibm	皮鞭
pibo	批驳
pibw	疲惫
pici	批次
picg	皮层
picc	皮草
pidd	皮带
pidi	匹敌
pidj	皮蛋
pidz	批斗
pidb	铺床叠被
pifa	批发
pifg	披风
pifu	皮肤
pigu	屁股
pigd	批改
pige	皮革
pigx	披挂
pihc	癖好
pihx	屁话
pihz	皮厚
piia	劈叉
piid	劈柴
piii	皮尺
pijb	皮筋
pijg	派出机构
pijk	僻静
pijm	披肩
pijq	啤酒
pijr	疲倦
piju	皮具
pijx	皮夹
pikd	劈开
pill	批量
pilb	毗邻
pilc	疲劳
pilw	疲累
pili	霹雳
pilm	毗连
pilu	披露
pilz	纰漏
pimc	皮毛
pimw	媲美
pimb	屁民
pimx	破除迷信
pinh	皮囊
pini	睥睨
pipa	琵琶
pipj	批判
pipi	屁屁
piph	骗吃骗喝
pipk	批评
pipw	匹配
piqi	脾气
piqu	泼出去的水
piqq	皮球
pirr	疲软
piru	譬如
pirz	皮肉
piro	疲弱
pisj	披散
pisa	披萨
pisi	劈死
piso	派出所
pita	疲沓
pitc	皮套
pitk	皮艇
pitn	皮条
pitv	劈腿
pitd	疲态
piti	䴙䴘
piui	批示
piuh	披上
piul	砒霜
pive	披着
pivf	皮疹
pivi	皮质
pivu	批注
pivy	批准
pivr	批转
piwf	批文
piwl	鹏程万里
piwn	排除万难
piww	脾胃
pixb	平常心
pixk	脾性
pixu	脾虚
pixl	皮箱
pixm	郫县
pixp	皮鞋
pixq	貔貅
pixt	皮靴
pixx	皮下
piyc	辟谣
piyi	皮衣
piyj	皮炎
piyh	皮痒
piys	屁用
piyt	批阅
piyu	批语
pizi	痞子
pizh	脾脏
pizd	披在
pjbi	攀比
pjbk	叛兵
pjbl	片甲不留
pjbc	片甲不存
pjbm	叛变
pjbo	盘剥
pjbp	判别
pjcy	盘存
pjdu	啤酒肚
pjdg	攀登
pjdh	叛党
pjdi	盘底
pjdk	判定
pjdm	盘点
pjdc	盼到
pjdp	盘跌
pjdr	判断
pjei	破茧而出
pjfa	判罚
pjfu	攀附
pjgr	判官
pjgc	攀高
pjgo	叛国
pjgu	盘古
pjgw	判给
pjgf	盘亘
pjho	盘活
pjhz	盘后
pjhr	盘桓
pjia	盘查
pjie	攀扯
pjij	盘缠
pjiu	判处
pjid	破茧成蝶
pjiy	破镜重圆
pjjt	判决
pjjp	盘结
pjju	盘踞
pjjy	叛军
pjkv	盘亏
pjkz	盘口
pjku	盘库
pjlu	破纪录
pjlv	普及率
pjli	叛离
pjlr	叛乱
pjlx	破旧立新
pjmk	判明
pjmm	盘面
pjni	叛逆
pjns	盘弄
pjpa	攀爬
pjpw	判赔
pjpj	盼盼
pjqb	攀亲
pjqi	盘起
pjql	拼尽全力
pjrc	盘绕
pjsr	盘算
pjsi	牝鸡司晨
pjtc	蟠桃
pjtj	攀谈
pjtl	否极泰来
pjtu	叛徒
pjtv	盘腿
pjtz	盼头
pjug	攀升
pjuh	攀上
pjui	磐石
pjuj	蹒跚
pjuu	判决书
pjuy	抛家舍业
pjve	盼着
pjvg	盘整
pjvh	盘账
pjvj	披荆斩棘
pjvr	披坚执锐
pjvs	盘中
pjvy	平均主义
pjwh	盼望
pjwf	盘问
pjwu	攀诬
pjwj	炮舰外交
pjxr	盘旋
pjxi	盘膝
pjxk	判刑
pjxl	破家县令
pjyj	攀岩
pjyr	攀援
pjyk	盘盈
pjyt	攀越
pjyu	番禺
pjzi	盘子
pjzo	盘坐
pjzw	叛贼
pjzv	判罪
pkan	平安
pkbc	屏保
pkbi	屏蔽
pkbj	平板
pkbw	平辈
pkce	评测
pkch	平仓
pkdg	平等
pkdi	平地
pkdj	平淡
pkdk	评定
pkdm	评点
pkdn	凭吊
pkdr	评断
pkdq	贫困地区
pkfj	平凡
pkff	评分
pkfg	屏风
pkfh	平方
pkfu	平复
pkgo	苹果
pkgd	瓶盖
pkgu	评估
pkgl	平光
pkhg	平衡
pkhe	平和
pkhr	平缓
pkhx	平滑
pkih	平常
pkiu	评出
pkji	评级
pkjk	平静
pkjl	评奖
pkjn	平角
pkjp	凭借
pkjr	评卷
pkju	凭据
pkjx	评价
pkjy	平均
pkjj	贫困交加
pkks	凭空
pkkz	瓶口
pkkd	平开
pkly	评论
pkli	评理
pkld	贫困潦倒
pkmb	平民
pkmi	平米
pkmm	平面
pkmu	屏幕
pknz	凭空捏造
pkpj	评判
pkpl	怕苦怕累
pkpu	平铺
pkph	乒乓
pkpk	评评
pkrh	平壤
pkri	平日
pkrv	皮开肉绽
pksu	平素
pksd	瓶塞
pktd	平台
pkth	平躺
pktj	平坦
pktk	娉婷
pktm	平添
pktz	平头
pkuf	评审
pkua	凭啥
pkug	平生
pkuh	评上
pkui	平时
pkuo	评说
pkuu	评述
pkuy	平顺
pkuz	平手
pkvg	凭证
pkve	凭着
pkvh	屏障
pkvi	平直
pkvl	瓶装
pkvu	评注
pkwf	平稳
pkwo	平卧
pkww	评委
pkxr	评选
pkxi	平息
pkxk	平行
pkxm	贫困线
pkyi	评议
pkyr	平原
pkys	平庸
pkyt	评阅
pkyu	评语
pkzi	瓶子
pkzu	平足
pkze	平仄
plbk	破烂不堪
plbi	纰漏百出
pldq	赔礼道歉
pldv	普罗大众
plgk	扑了个空
plhx	漂亮话
plho	破烂货
plhm	跑了和尚跑不了庙
plff	攀龙附凤
plfb	赔了夫人又折兵
plmk	拼了命
plmb	帕拉马里博
pllm	拼了老命
plpd	拍了拍
plpl	噼里啪啦
plpq	跑来跑去
plrm	频来入梦
pltc	跑龙套
pluv	泼冷水
plun	普里什蒂纳
plvz	蒲柳之姿
plvx	炮烙之刑
plyy	瞟了一眼
plyh	碰了一鼻子灰
plyq	皮里阳秋
plzh	排列组合
pmai	偏爱
pmbu	偏不
pmbd	偏白
pmbc	偏薄
pmbw	偏北
pmbx	平民百姓
pmbm	盆满钵满
pmbh	蓬门荜户
pmcd	骗财
pmdr	片段
pmda	偏大
pmdi	偏低
pmdc	骗到
pmde	骗得
pmdo	偏多
pmdm	偏殿
pmds	偏东
pmdq	匹马单枪
pmdx	披麻戴孝
pmel	扑面而来
pmei	破门而出
pmer	破门而入
pmey	帕米尔高原
pmfu	篇幅
pmfg	偏锋
pmfh	偏方
pmfw	偏废
pmgc	偏高
pmgl	偏光
pmgv	偏贵
pmgh	跑马观花
pmgo	骗过
pmhc	偏好
pmhy	骗婚
pmhu	偏护
pmhh	偏航
pmhw	偏黑
pmhl	偏黄
pmhs	偏红
pmhz	偏厚
pmia	偏差
pmih	片场
pmiz	片酬
pmjm	偏见
pmjb	偏紧
pmji	偏激
pmju	骗局
pmjk	片警
pmjx	片甲
pmku	贫民窟
pmke	片刻
pmli	偏离
pmle	骗了
pmlc	偏劳
pmlv	偏绿
pmlj	偏蓝
pmlg	偏冷
pmmf	偏门
pmmm	片面
pmmu	篇目
pmnj	偏南
pmp	拍马屁
pmph	偏旁
pmpi	偏僻
pmpm	偏偏
pmpo	偏颇
pmq	贫民区
pmqm	骗钱
pmqn	偏巧
pmql	偏强
pmqu	骗取
pmqk	偏轻
pmrf	骗人
pmro	偏弱
pmrj	翩然
pmre	偏热
pmrr	偏软
pmsi	偏私
pmse	骗色
pmss	偏松
pmsr	偏酸
pmsl	拼命三郎
pmtu	平面图
pmtj	偏袒
pmtz	片头
pmti	偏题
pmtm	偏甜
pmuc	偏少
pmuu	骗术
pmuh	偏上
pmui	偏食
pmuz	偏瘦
pmuo	偏说
pmug	偏生
pmvh	篇章
pmvi	偏执
pmvr	偏转
pmvs	偏重
pmvz	扁舟
pmww	片尾
pmxl	偏向
pmxp	偏斜
pmxn	偏小
pmxx	偏下
pmxb	偏心
pmxm	翩跹
pmxi	偏西
pmyc	偏要
pmyi	便宜
pmyr	偏远
pmyk	偏硬
pmyz	偏右
pmyt	片约
pmzd	旁门左道
pmzi	骗子
pmzu	普米族
pmzz	骗走
pmzo	偏左
pnbo	漂泊
pnbd	漂白
pndd	飘带
pndh	飘荡
pnds	飘动
pnfu	漂浮
pnfh	票房
pnfw	飘飞
pnfj	票贩
pngo	飘过
pngf	票根
pnhu	飘忽
pnhj	剽悍
pnhs	飘红
pnhv	票汇
pnih	嫖娼
pnis	瓢虫
pnil	飘窗
pnju	票据
pnjb	飘进
pnji	嫖妓
pnjx	票价
pnjf	排难解纷
pnke	嫖客
pnkr	票款
pnll	漂亮
pnld	飘来
pnlk	嘌呤
pnlo	飘落
pnlq	漂流
pnmm	票面
pnmn	缥缈
pnpn	飘飘
pnqp	剽窃
pnqi	骠骑
pnql	跑哪去了
pnrj	飘然
pnsa	飘洒
pnsj	飘散
pnsu	嫖宿
pntx	睥睨天下
pnuu	票数
pnui	飘逝
pnve	飘着
pnvg	票证
pnwu	票务
pnxt	飘雪
pnxl	飘香
pnxr	票选
pnxx	飘下
pnxi	漂洗
pnyc	飘摇
pnyh	飘扬
pnyi	飘逸
pnyu	飘雨
pnyz	票友
pnzz	飘走
pnzi	票子
poan	破案
pobd	破败
pobk	破冰
pobu	破布
pobi	破壁
pocd	破财
poce	叵测
podc	坡道
podo	颇多
pods	破洞
podu	坡度
pofu	泼妇
pofw	破费
pofg	颇丰
pofa	破发
poff	泼粪
pofh	破防
poge	破格
pogc	颇高
pogj	颇感
pogx	破瓜
pogs	破功
pohk	破坏
pohd	迫害
poho	破获
pohz	泼猴
poij	破产
poie	破车
poiu	破除
poig	破城
poil	破窗
pojb	迫近
pojl	迫降
pojp	破解
pojq	破旧
poju	颇具
pojx	婆家
pojm	破茧
pokd	破开
poke	破壳
poks	破空
pola	泼辣
poli	魄力
polj	破烂
polo	破落
polp	破裂
pomo	泼墨
pomp	破灭
pomf	破门
poma	婆妈
pomu	婆母
ponl	婆娘
pong	颇能
popi	泼皮
popo	婆婆
poqp	迫切
posv	破碎
posa	泼洒
poso	婆娑
posy	破损
poti	破题
poui	迫使
pouv	泼水
pouz	颇受
pouf	颇深
povj	破绽
povf	破阵
poww	颇为
poxi	婆媳
poxl	破相
poxn	破晓
poxp	破鞋
poyu	迫于
poyi	破译
poyb	破音
poyz	颇有
ppaa	平平安安
ppbu	偏旁部首
ppbb	蓬蓬勃勃
ppcc	拼拼凑凑
ppdd	平平淡淡
ppdy	瓢泼大雨
ppdt	频频点头
ppdl	铺平道路
ppff	平平凡凡
ppfi	仆仆风尘
ppgg	瓶瓶罐罐
ppii	平平常常
ppgz	翩翩公子
ppjm	瞥见
ppjy	批评教育
ppjj	平平静静
ppkd	撇开
ppll	漂漂亮亮
ppmp	拍拍马屁
ppmm	婆婆妈妈
pppa	啪啪啪
pppp	噼噼啪啪
pppg	拍拍屁股
ppqq	乒乓球
ppqk	撇清
ppqw	翩翩起舞
pprj	飘飘然
pprx	飘飘若仙
ppth	泡泡糖
pptt	普普通通
ppuk	爬坡上坎
ppun	翩翩少年
ppuu	朴朴实实
ppvx	平铺直叙
ppvv	批评指正
ppvu	平铺直述
ppww	平平稳稳
ppwq	平平无奇
ppwl	泼皮无赖
ppxx	撇下
ppyq	碰碰运气
ppyx	飘飘欲仙
ppz	撇撇嘴
ppzv	撇嘴
ppzz	平平仄仄
ppzx	劈啪作响
pqcj	旁敲侧击
pqld	爬起来
pqle	抛弃了
pqph	跑前跑后
pqpz	平起平坐
pqqz	抛妻弃子
pqui	喷气式
pqxk	迫切性
pqxy	迫切需要
prdw	庞然大物
prev	飘然而至
prfy	飘若浮云
prhg	判若鸿沟
prjh	翩若惊鸿
prli	平日里
prlr	判若两人
prqw	翩然起舞
prrx	飘然若仙
prvk	皮肉之苦
prwr	旁若无人
prxd	怦然心动
pryn	判若云泥
pruo	譬如说
psby	菩萨保佑
psdm	菩萨低眉
pslk	蒲松龄
psph	拼死拼活
psps	盘算盘算
psqw	婆娑起舞
psxi	菩萨心肠
psyb	拼死一搏
ptbx	平头百姓
ptdg	破土动工
ptdy	滂沱大雨
ptdh	泼天大祸
ptei	破土而出
pten	娉婷婀娜
ptex	破涕而笑
ptgj	葡萄干
ptgd	铺天盖地
ptgl	劈头盖脸
ptgm	蓬头垢面
ptgn	劈头盖脑
pthx	普通话
ptjq	葡萄酒
ptke	皮条客
pthl	破天荒
ptle	泡汤了
ptlu	抛头颅
ptlm	抛头露面
ptll	抛头露脸
ptlz	品头论足
ptlt	破铜烂铁
ptlx	抛头颅洒热血
ptnn	娉婷袅娜
ptpt	扑通扑通
ptpx	偏听偏信
ptpz	评头品足
ptrf	普通人
ptsf	披头散发
ptth	葡萄糖
ptts	偏头痛
pttg	偏头疼
pttq	普天同庆
ptuj	普陀山
ptvx	普天之下
ptvl	平头正脸
ptwx	破涕为笑
ptxk	排他性
ptya	葡萄牙
ptza	偏听则暗
pubi	扑鼻
publ	平时不努力
pubm	普遍
pubu	瀑布
pubx	平时不烧香
pucs	仆从
puda	扑打
pudu	普度
pudh	排山倒海
pudm	铺垫
puds	浦东
pudi	铺地
pudt	葡式蛋挞
pudl	披霜带露
puer	普洱
pufa	普法
puff	扑粉
pufu	匍匐
pugd	铺盖
pugv	铺轨
puhv	普惠
puho	铺货
puia	普查
puif	铺陈
puii	噗嗤
puik	拍手称快
puil	铺床
puji	普及
pujq	扑救
pujl	普降
pujp	扑街
pujh	拍手叫好
pujv	普世价值
pukd	铺开
puke	扑克
puks	扑空
pul	盘山路
pulu	铺路
puld	扑来
pulq	蒲柳
pulg	扑棱
puly	平沙落雁
pume	怕什么
pumj	铺满
pump	扑灭
puml	扑朔迷离
pumm	铺面
pumy	屁事没有
pupk	铺平
pupd	铺排
pupu	噗噗
pupl	婆说婆有理
puqu	谱曲
puqi	铺砌
purf	仆人
pusa	菩萨
pusu	朴素
putc	葡萄
putg	扑腾
puti	菩提
putm	莆田
puto	普陀
putr	蒲团
puts	普通
puui	朴实
puua	扑杀
puue	铺设
puud	曝晒
puuj	蒲扇
puuu	爬山涉水
puvh	铺张
puvc	普照
puvj	铺展
puvz	胼手胝足
puwh	朴实无华
puww	铺位
puxk	普适性
puxm	普贤
puxf	萍水相逢
puxb	蹒跚学步
puxl	扑向
puxp	谱写
puxr	普选
puxi	浦西
puxu	铺叙
puyu	璞玉
puyi	派上用场
puzi	铺子
pvby	旁征博引
pvbf	皮之不存，毛将焉附
pvbc	皮之不存
pvbi	破绽百出
pvfd	品种繁多
pvhc	破折号
pvhx	攀枝花
pvlf	铺张浪费
pvmj	旁枝末节
pvnh	抛之脑后
pvpa	怕只怕
pvvu	破竹之势
pvvz	片纸只字
pvyu	偏重于
pvyy	抛砖引玉
pvyl	披着羊皮的狼
pwtu	配图
pwbw	配备
pwbf	赔本
pwbi	配比
pwbj	陪伴
pwby	颇为不易
pwbl	片瓦不留
pwcd	配菜
pwcj	配餐
pwdc	佩刀
pwda	配搭
pwdd	佩戴
pwdm	配电
pwdn	赔掉
pwdu	陪读
pwdv	配对
pwee	配额
pwfa	配发
pwfh	配方
pwfu	佩服
pwgu	配股
pwgf	培根
pwhe	配合
pwhc	配好
pwhu	陪护
pwho	配货
pwhy	破瓦寒窑
pwih	赔偿
pwif	陪衬
pwil	陪床
pwig	配成
pwji	配给
pwjm	配件
pwjq	陪酒
pwie	配车
pwjt	配角
pwjx	陪嫁
pwke	陪客
pwkr	赔款
pwle	赔了
pwli	赔礼
pwlm	陪练
pwln	配料
pwlv	赔率
pwou	配偶
pwpw	陪陪
pwpc	陪跑
pwqm	赔钱
pwqu	配曲
pwqi	配齐
pwse	配色
pwss	配送
pwsi	赔死
pwta	陪她
pwtc	配套
pwtd	胚胎
pwts	陪同
pwuh	配上
pwuz	配售
pwui	配饰
pwuf	陪审
pwvi	配置
pwvs	配种
pwve	陪着
pwvl	配装
pwwc	片瓦无存
pwxm	抛物线
pwxy	培训
pwxn	赔笑
pwxi	配戏
pwxr	脾胃虚弱
pwyb	配音
pwyc	配药
pwya	胚芽
pwye	陪夜
pwyh	培养
pwyt	配乐
pwyu	培育
pwyj	盼望已久
pwyx	平稳运行
pwzv	赔罪
pwzh	陪葬
pxbj	培训班
pxdy	披星戴月
pxdb	郫县豆瓣
pxel	平心而论
pxez	盘膝而坐
pxfw	培训费
pxgx	婆媳关系
pxhx	偏向虎山行
pxjq	平心静气
pxjy	品学兼优
pxkj	平行空间
pxll	派系林立
pxpu	拍胸脯
pxpx	培训培训
pxqu	旁系亲属
pxrx	皮笑肉不笑
pxrl	咆哮如雷
pxvn	贫下中农
pxxm	平行线
pxyu	偏向于
pxyj	偏心眼
pxza	偏信则暗
pybm	疲于奔命
pybb	疲于奔波
pybh	碰一鼻子灰
pyei	喷涌而出
pygh	漂洋过海
pyhu	鄱阳湖
pyix	颇有成效
pylu	破衣烂衫
pyjn	排忧解难
pyjr	平易近人
pymh	便宜没好货
pypb	拼一拼
pypy	培养培养
pyqr	朋友圈
pyqq	朋友妻不可欺
pyth	跑一趟
pytw	喷云吐雾
pyvb	平庸之辈
pyvy	片言只语
pyvz	片言只字
pywh	便宜无好货
pywc	颇有微词
pywz	拼音文字
pywn	迫于无奈
pyx	皮影戏
pyxi	旁逸斜出
pyxd	颇有心得
pyxu	迫于形势
pyyf	疲于应付
pyzm	拼音字母
pzbu	贫嘴薄舌
pzfu	剖腹
pzju	贫嘴贱舌
pzkd	剖开
pzmm	剖面
pzmj	迫在眉睫
pzul	捧在手里
pzux	捧在手心
pzxi	剖析
q	去
qiqo	期
qiwc	弃
qr	全
qir	企
qu	区
qm	前
qi	其
qit	起
ql	强
qkx	情
qq	求
que	取
qrm	权
qtf	缺
qtu	确
qip	气
qkf	青
qy	群
qkd	清
qmp	千
qmj	钱
qpq	切
qk	请
qt	却
qp	且
qia	七
qqw	球
qb	亲
qik	器
qki	轻
qidq	汽
qkg	庆
qmv	签
qn	桥
qidk	奇
qrjd	券
qul	曲
qiw	齐
qute	趋
qih	启
qqh	秋
qbn	勤
qlf	抢
qud	渠
qmdo	潜
qif	旗
qkr	倾
qbr	侵
qny	乔
qrb	泉
qs	穷
qut	趣
qnrl	侨
qmz	迁
qbf	秦
qian	妻
qmdr	欠
qrk	圈
qlt	墙
qlm	枪
qmsq	纤
qng	巧
qx	恰
qxu	卡
qmdn	牵
qbj	钦
qbw	琴
qum	驱
qnx	悄
qrj	拳
qxd	洽
qiv	歧
qmd	浅
qbrd	禽
qry	劝
qkb	顷
qqp	丘
qiq	欺
qsw	琼
quu	屈
qim	骑
qifd	契
qkp	卿
qnw	敲
qpb	窃
qqq	邱
qnr	俏
qizq	迄
qmzk	遣
qmy	谦
qlo	腔
qila	亟
qrd	犬
qmu	乾
qiwx	戚
qiad	戚
qie	岂
qiey	岐
qmb	歉
qko	晴
qtuf	雀
qmh	黔
qyp	裙
qmyz	谴
qiwk	琦
qimx	栖
qno	瞧
qqr	仇
qkq	氢
qiwb	琪
qidl	泣
qqb	酋
quux	躯
qbc	芹
qme	嵌
quii	衢
qbd	沁
qipv	乞
qpc	茄
qpu	砌
qipe	祁
qqqy	裘
qqd	龟
qna	翘
qiek	崎
qnb	窍
qis	绮
qiu	砌
quen	娶
qipb	祺
qiz	蹊
qbb	寝
qidn	凄
qmro	倩
qne	峭
qbfd	擒
qkc	擎
qup	祛
qpj	锲
qqk	囚
qmjg	钳
qidb	淇
qimj	杞
qrjw	铨
qrbw	痊
quo	瞿
qtc	鹊
qmc	茜
qnj	锹
qnu	壳
qmhw	虔
qkqo	氰
qljc	锵
qio	脐
qnf	撬
qpx	怯
qig	麒
qitj	圻
quex	岖
qryw	诠
qlk	呛
qbx	覃
qtm	阙
qrcw	荃
qpr	伽
qxf	掐
qmi	堑
qpxj	惬
qsb	穹
qly	羌
qnc	荞
qicu	芪
qbk	噙
qnz	跷
qnmh	樵
qqzy	遒
qkuf	罄
qkro	倩
qnxh	憔
quv	龋
quh	觑
qmeq	阡
qtb	瘸
qtmf	榷
qitt	畦
qicl	荠
qku	磬
qri	蜷
qlc	蔷
qkio	蜻
qbs	矜
qil	耆
qngo	鞘
qice	葺
quok	朐
qth	炔
qicn	萋
qlp	襁
qld	将
qmfo	掮
qlyg	羟
qiao	鳍
qlz	跄
qkv	箐
qiqx	綦
qpl	妾
quiq	蛐
qqa	鳅
qiy	讫
qnm	橇
qbkh	嗪
qqiv	虬
qpt	趄
qbfr	揿
qqi	蚯
qnel	峤
qub	癯
qui	蛆
qic	蕲
qmjv	钤
qqdr	泅
qiej	屺
qsg	邛
qlmk	樯
qpf	挈
qlpg	戕
qmf	扦
quc	苣
qij	颀
qiel	亓
qiur	碛
qmcq	芊
qsc	茕
qid	柒
qrc	颧
qpxe	郄
qtmt	阕
qmn	犍
qbdh	溱
qmcc	荨
qbcv	芩
qyz	逡
qnyo	诮
qqmh	楸
qumq	阒
qrs	绻
qxg	髂
qmr	仟
qmcr	芡
qnyh	谯
qqdh	湫
qmxt	悭
qms	缱
qbry	衾
qka	鲭
qkl	亲
qln	嫱
qsv	筇
qsve	筇
qqqj	犰
qmra	佥
qicb	萁
qkck	苘
qqz	逑
quy	诎
qubl	劬
qucm	蕖
qxp	袷
qikx	嘁
qii	蛴
qlr	戗
qsgi	蛩
qqv	巯
qtux	悫
qlh	炝
qucz	蘧
quom	氍
qyg	麇
qlj	镪
quhw	黢
qxc	葜
qmix	愆
qbjy	锓
quiy	蠼
qrv	筌
qra	鬈
qmo	肷
qljo	锖
qngl	鞒
qkh	黥
qqrq	俅
quw	璩
qrx	悛
qriw	辁
qiib	蜞
qmek	岍
qmbu	搴
qmx	慊
qmim	椠
qli	蜣
qnuw	硗
qnrd	劁
qns	缲
qbm	檎
qkcm	檠
qsgj	銎
qqkq	赇
qqzj	鼽
qqm	糗
qubn	鸲
quum	磲
qrtq	畎
qiwj	玘
qix	愭
qin	婍
qtt	埆
qtx	𬒈
quci	䓛
qutx	𫭟
qyk	囷
qiud	碶
qups	袪
qbmy	骎
qbe	嵚
qbxa	慬
qijk	锜
qizk	踦
qiue	𨙸
qiuk	呇
qiae	郪
qick	䓫
qizy	跂
qihm	棨
qiux	磜
qiab	鲯
qkw	勍
qkuo	碃
qlw	玱
qlci	蔃
qmtq	圲
qmre	伣
qmco	蒨
qmun	磏
qnul	硚
qnuf	雀
qpbv	癿
qqg	鞧
qqc	萩
qqj	𨱇
qqjk	訄
qqhn	鹙
qqwp	璆
qrr	佺
qrmv	棬
qrw	瑔
qrau	鳈
qro	𨟠
qscl	䓖
qtty	埆
qtmo	棤
qutq	坥
qums	㭕
queq	𪨰
quos	胠
qulk	竘
quj	鼩
qudf	灈
qxfb	拤
qmso	𬘬
qrrw	全
qirv	企
quk	区
qiqb	其
qkxo	情
qqad	求
quey	取
qrmy	权
qtuy	确
qkfo	青
qyyy	群
qmpu	千
qmjj	钱
qpqd	切
qkyo	请
qtte	却
qpla	且
qiav	七
qqwq	球
qikk	器
qtfg	缺
qkgd	庆
qmva	签
qnml	桥
qula	曲
qiwl	齐
qlfv	抢
qifb	旗
qkrr	倾
qnyl	乔
qsbl	穷
quty	趣
qmzq	迁
qrkv	圈
qlmv	枪
qngv	巧
qxx	恰
qxub	卡
qbwv	琴
qnxo	悄
qxdk	洽
qivy	歧
qkbr	顷
qqpa	丘
qswx	琼
qkpe	卿
qnwy	敲
qpbd	窃
qqqe	邱
qnro	俏
qmyn	谦
qlog	腔
qrdd	犬
qmuq	乾
qmbr	歉
qkoo	晴
qypk	裙
qnoh	瞧
qkqg	氢
qqby	酋
qbcj	芹
qmer	嵌
qbdx	沁
qpck	茄
qpud	砌
qnax	翘
qisk	绮
qbby	寝
qneo	峭
qpjd	锲
quof	瞿
qtcn	鹊
qmcx	茜
qnjh	锹
qnuj	壳
qiol	脐
qnfm	撬
qpxs	怯
qigb	麒
qlkv	呛
qbxu	覃
qtmr	阙
qprk	伽
qxfj	掐
qmit	堑
qsbg	穹
qncl	荞
qbkd	噙
qnzw	跷
quvy	龋
quhe	觑
qriv	蜷
qlck	蔷
qthg	炔
qlpi	襁
qlzv	跄
qpln	妾
qqah	鳅
qiyq	讫
qptq	趄
qsge	邛
qmfq	扦
qucj	苣
qijr	颀
qscu	茕
qrcr	颧
qmnz	犍
qyzw	逡
qrsv	绻
qxgk	髂
qmrq	仟
qmsz	缱
qkao	鲭
qlnk	嫱
qqzq	逑
qxpk	袷
qlrg	戗
qygh	麇
qxcd	葜
qrvw	筌
qrav	鬈
qmor	肷
qrxw	悛
qliq	蜣
qliv	蜣
qnsm	缲
qbmd	檎
qink	婍
qykh	囷
qlwv	玱
qqch	萩
qroe	𨟠
qxxk	恰
qv	其中
qd	确定
qj	期间
qf	缺乏
qc	其次
qw	千万
qz	亲自
qg	奇怪
qe	全额
qh	切换
qo	群殴
qade	亲爱的
qatm	弃暗投明
qagl	乞哀告怜
qbax	寝不安席
qbbi	亲笔
qbbd	区别不大
qbbf	前半部分
qbbz	千杯不醉
qbbh	千般不好
qbcd	芹菜
qbci	钦赐
qbdk	钦定
qbdo	侵夺
qbdm	钦点
qbdv	七八点钟
qbdp	亲爹
qbdw	穷兵黩武
qbdl	气不打一处来
qber	亲耳
qbff	勤奋
qbfj	侵犯
qbfu	亲肤
qbgo	秦国
qbgu	敲边鼓
qbgs	寝宫
qbgr	七八个人
qbgy	七八个月
qbgz	岂不怪哉
qbhd	侵害
qbhe	亲和
qbhj	秦汉
qbho	擒获
qbhx	侵华
qbhu	取保候审
qbic	秦朝
qbid	钦差
qbir	亲传
qbiu	泣不成声
qbjb	亲近
qbjm	勤俭
qbjr	亲眷
qbjq	前不久
qbjx	起步价
qbju	情报局
qbjj	情比金坚
qbkf	勤恳
qbkk	勤快
qbkx	岂不可惜
qbkz	亲口
qbku	勤苦
qbln	去不了
qbld	起不来
qblu	拳不离手
qblc	勤劳
qblb	亲临
qbli	亲历
qblk	秦岭
qblm	勤练
qblt	侵略
qblw	禽类
qbmi	亲密
qbmk	钦命
qbmm	勤勉
qbmu	钦慕
qbma	亲妈
qbmz	岂不美哉
qbnm	七八年
qbna	擒拿
qbni	亲昵
qbnl	亲娘
qbnn	禽鸟
qbpw	钦佩
qbpg	亲朋
qbpu	琴谱
qbq	瞧不起
qbqu	去不去
qbqb	亲亲
qbqi	亲戚
qbqk	亲情
qbql	秦腔
qbqp	亲切
qbqr	侵权
qbqg	奇不奇怪
qbrc	侵扰
qbre	亲热
qbrf	亲人
qbru	侵入
qbrq	妻不如妾
qbrt	妾不如偷
qbse	琴瑟
qbsv	七八岁
qbte	丘比特
qbty	侵吞
qbu	岂不是
qbuo	且不说
qbuh	瞧不上
qbuf	亲身
qbug	亲生
qbui	寝室
qbuj	亲善
qbuu	亲属
qbuz	亲手
qbus	七八十岁
qbvi	却不知
qbve	噙着
qbvg	勤政
qbvj	侵占
qbvu	擒住
qbvd	前不着村，后不着店
qbwf	亲吻
qbwh	千变万化
qbwl	轻薄无礼
qbwb	千遍万遍
qbwj	千百万
qbwu	勤务
qbxb	亲信
qbxm	琴弦
qbxi	侵袭
qbxt	勤学
qbyj	亲眼
qbyr	亲缘
qbyf	七八月份
qbyn	祛病延年
qbys	秦俑
qbyu	勤于
qbyz	亲友
qbz	翘辫子
qbza	勤杂
qbzi	亲自
qbzj	情不自禁
qbzy	情不自已
qbzv	亲嘴
qbzu	亲族
qbzw	擒贼
qbzz	齐步走
qcdl	强词夺理
qcla	青菜萝卜各有所爱
qcql	群策群力
qcqc	切磋切磋
qcqj	去粗取精
qcsy	青葱岁月
qcvy	轻财重义
qcwc	千错万错
qcxy	七彩祥云
qcyg	七彩阳光
qcye	清脆悦耳
qcyd	青翠欲滴
qczj	遣词造句
qdbf	气度不凡
qdfu	清道夫
qdfo	齐大非偶
qdgv	请多关照
qdgx	裙带关系
qdgf	青灯古佛
qdgy	七大姑八大姨
qdhu	千岛湖
qdhi	恰到好处
qdhj	青灯黄卷
qdle	取得了
qdir	气垫船
qdik	情窦初开
qdin	枪打出头鸟
qdiv	屈打成招
qdjt	拳打脚踢
qdnf	千叮咛万嘱咐
qdnu	情到浓时
qdqi	瞧得起
qdqd	敲打敲打
qdtg	巧夺天工
qdty	求大同，存小异
qduj	前段时间
qdux	气定神闲
qduu	气大伤身
qdve	期待着
qdvj	请多指教
qdvt	墙倒众人推
qdwg	千刀万剐
qdwv	千叮万嘱
qdxk	确定性
qdyj	期待已久
qdys	气得要死
qdyx	取大优先
qebu	锲而不舍
qebb	千儿八百
qebd	求而不得
qedv	取而代之
qelx	妻儿老小
qewx	千恩万谢
qeyj	轻而易举
qfbi	全封闭
qfbj	千方百计
qfbd	起伏不定
qfdy	情非得已
qfdu	棋逢对手
qfdd	起伏跌宕
qfdc	棋逢对手，将遇良才
qfge	秋风过耳
qfgu	奇峰怪石
qfhc	千分号
qfhj	前赴后继
qfhy	前俯后仰
qfhx	勤奋好学
qfjf	千帆竞发
qfky	凄风苦雨
qfly	凄风冷雨
qfmy	清风明月
qfni	巧妇难为无米之炊
qfqi	潜伏期
qfqf	欺负欺负
qfqh	恰逢其会
qfqy	秋风秋雨
qfsu	秋风送爽
qfss	秋风瑟瑟
qfsv	千夫所指
qfsy	秋风扫落叶
qfty	气愤填膺
qfvi	千分之
qfvt	切肤之痛
qfvy	千分之一
qfww	全方位
qfwv	全副武装
qfxk	启发性
qfxs	秋风萧瑟
qfxl	清风徐来
qfxg	七分像鬼
qfyu	确非易事
qgbs	气个半死
qgbg	七拐八拐
qgbb	千古不变
qgbf	七个不服
qgbt	缺胳膊少腿
qgbq	七拱八翘
qgdj	穷光蛋
qgdd	乾纲独断
qgdy	全国第一
qggu	气鼓鼓
qggd	全国各地
qghg	曲高和寡
qghx	去国怀乡
qgih	气贯长虹
qgjb	缺根筋
qgji	千古绝唱
qgjn	强弓劲弩
qgjl	清规戒律
qgjq	前功尽弃
qgjx	勤工俭学
qgjd	穷根究底
qgle	奇怪了
qgmw	轻歌曼舞
qgmm	清肝明目
qgnu	清官难断家务事
qgrv	强干弱枝
qgqq	曲棍球
qgqg	岂敢岂敢
qgqi	倾国倾城
qgql	桥归桥，路归路
qgqu	秋高气爽
qguv	情根深种
qgvv	窃钩者诛
qgvh	窃国者侯
qgxk	全国性
qgxd	旗鼓相当
qgxs	敲骨吸髓
qgyc	奇光异彩
qgy	气管炎
qgyj	庆功宴
qgyk	抢购一空
qgyn	强弓硬弩
qgyd	千古一帝
qgyv	棋高一着
qgze	潜规则
qgzi	枪杆子
qgzc	岂敢造次
qgzb	其怪自败
qgzr	千古罪人
qhbv	千回百转
qhbl	劝和不劝离
qhci	青花瓷
qhbj	青黄不接
qhbu	欺行霸市
qhbs	七荤八素
qhbd	清华北大
qhdc	秦皇岛
qhhu	气呼呼
qhhe	秦淮河
qhhy	前呼后拥
qhhw	秦皇汉武
qhjn	前后脚
qhjj	前后夹击
qhkj	奇货可居
qhli	亲和力
qhlb	权衡利弊
qhnx	骑虎难下
qhqv	权衡轻重
qhsv	秋后算账
qhth	秋海棠
qhug	青海省
qhwu	氰化物
qhwf	秋毫无犯
qhwh	千呼万唤
qhxf	恰好相反
qhyk	情何以堪
qhyr	气候宜人
qhyc	奇花异草
qhym	奇花异木
qhyp	漆黑一片
qhyt	漆黑一团
qhzb	青红皂白
qhzy	前后左右
qhzs	权衡再三
qhdx	清华大学
qibc	起爆
qibd	七百
qibi	起笔
qibk	骑兵
qibl	千锤百炼
qibu	起步
qibw	齐备
qibg	气泵
qicc	起草
qicd	器材
qici	其次
qicj	凄惨
qicy	七寸
qicg	七层
qidc	祈祷
qidg	汽灯
qidi	启迪
qidj	契丹
qidm	起点
qidr	气短
qids	启动
qidd	期待
qidu	气度
qidz	青春痘
qidf	清茶淡饭
qidt	气沉丹田
qiee	企鹅
qier	妻儿
qiei	倾巢而出
qifa	启发
qiff	气氛
qifg	启封
qifh	期房
qifu	欺负
qifw	起飞
qigd	乞丐
qige	七个
qigh	气缸
qigj	岂敢
qigk	奇怪
qigr	器官
qigs	气功
qigo	起锅
qigv	奇诡
qihc	旗号
qihh	启航
qihe	契合
qihk	气坏
qiho	期货
qihr	奇幻
qihs	起哄
qihv	岂会
qihw	漆黑
qihx	气话
qihz	气候
qihj	气焊
qiia	沏茶
qiid	倾巢出动
qiie	汽车
qiig	启程
qiih	气场
qiii	启齿
qiil	起床
qiis	气冲冲
qiir	气喘
qiiu	起初
qijb	迄今
qijm	旗舰
qijc	轻车简从
qiji	奇迹
qijn	起脚
qijp	气节
qijt	气绝
qiju	起居
qijv	浅尝即止
qijx	起家
qijd	清澈见底
qike	岂可
qikf	岂肯
qikj	期刊
qiks	气孔
qiku	凄苦
qikd	起开
qikg	弃坑
qilb	麒麟
qild	起来
qilg	凄冷
qili	起立
qilk	欺凌
qill	凄凉
qiln	岂料
qilo	起落
qilq	气流
qilu	歧路
qilv	七律
qile	起床了
qima	起码
qimc	起锚
qimg	启蒙
qimb	器皿
qimi	凄迷
qimk	起名
qimw	凄美
qimn	奇妙
qimo	期末
qimf	奇门
qimz	奇谋
qing	岂能
qind	气冲牛斗
qinm	七年
qinc	气恼
qinv	妻女
qinw	气馁
qinu	青春年少
qinh	气囊
qine	七尺男儿
qipa	奇葩
qipc	气泡
qipd	气派
qipj	期盼
qipk	齐平
qipm	欺骗
qipn	期票
qipo	气魄
qipu	棋谱
qiql	砌墙
qiqk	凄清
qiqm	七千
qiqn	蹊跷
qiqp	妻妾
qiqq	气球
qiqr	齐全
qiqt	奇缺
qiqu	崎岖
qiqi	青春期
qirf	气人
qiri	七日
qirj	凄然
qiru	欺辱
qirs	岂容
qirn	气喘如牛
qisd	棋赛
qise	气色
qisi	气死
qisj	前程似锦
qiso	其所
qisu	起诉
qisv	七岁
qita	其他
qitc	乞讨
qitd	气态
qite	奇特
qits	气筒
qith	切齿痛恨
qiti	气体
qitk	汽艇
qitm	七天
qitn	起跳
qitr	气团
qitu	企图
qitz	起头
qiui	其实
qiuf	起身
qiug	齐声
qiul	轻车熟路
qiuj	青城山
qiuu	气数
qiuv	汽水
qiuz	骑手
qiva	欺诈
qive	七折
qivg	齐整
qivi	气质
qivz	起皱
qivj	前车之鉴
qivl	气壮
qivs	其中
qivf	奇珍
qivc	奇招
qivv	浅尝辄止
qivh	起承转合
qiwf	气温
qiwh	期望
qiww	气味
qiwu	前尘往事
qiwi	千穿万穿
qixm	期限
qixb	齐心
qixk	骑行
qixs	气胸
qixq	汽修
qixh	气冲霄汉
qixi	气息
qixl	气象
qixn	奇效
qixp	器械
qixt	气血
qixu	期许
qixx	旗下
qixr	气旋
qixy	七旬
qiya	气压
qiyy	气运
qiyb	起因
qiye	企业
qiyi	歧义
qiyj	气焰
qiyk	弃婴
qiyl	青出于蓝
qiyr	起源
qiys	启用
qiyt	七月
qiyu	其余
qiyd	前程远大
qiyz	汽油
qiyh	弃养
qizc	起早
qizd	骑在
qizi	妻子
qizz	骑走
qjci	前几次
qjce	清君侧
qjbh	气急败坏
qjbm	千娇百媚
qjbj	请将不如激将
qjbx	趋吉避凶
qjbq	青筋暴起
qjdm	旗舰店
qjdk	千斤顶
qjdi	倾家荡产
qjdl	缺斤短两
qjde	屈居第二
qjer	丘吉尔
qjfu	全家福
qjfx	气极反笑
qjfm	全军覆没
qjfl	穷家富路
qjft	抢尽风头
qjge	前几个
qjgs	清洁工
qjgz	前脚刚走
qjgy	前几个月
qjhg	前倨后恭
qjij	勤俭持家
qjji	清洁剂
qjjr	情景交融
qjjy	勤俭节约
qjll	请见谅
qjlu	轻解罗裳
qjlx	勤加练习
qjmk	前几名
qjma	取件码
qjmy	强奸民意
qjmx	千金买笑
qjmg	千金买骨
qjnm	前几年
qjnq	千金难求
qjpj	全键盘
qjql	倾尽全力
qjqj	切记切记
qjri	前几日
qjrw	请君入瓮
qjrf	其疾如风
qjsu	七局四胜
qjsl	千金散尽还复来
qjtm	前几天
qjty	曲径通幽
qjtx	弃旧图新
qjul	缺斤少两
qjub	强将手下无弱兵
qjuw	气绝身亡
qjvg	齐家治国
qjvd	千斤重担
qjvf	千钧重负
qjvx	情急之下
qjvh	秦晋之好
qjvu	情急智生
qjvz	欺君之罪
qjvt	千金之子，坐不垂堂
qjwv	迄今为止
qjy	取决于
qjyu	穷极一生
qjyc	齐集于此
qjyt	齐聚一堂
qjyn	千金一诺
qjyv	千金一掷
qjyd	千军易得
qjzz	前脚走
qjwd	轻举妄动
qjwh	千家万户
qjwl	穷极无聊
qjwm	千军万马
qjwu	欺君罔上
qjww	清静无为
qjxj	千金小姐
qjyf	千钧一发
qjyr	强加于人
qjyy	琼浆玉液
qjyq	奇技淫巧
qkai	情爱
qkan	请安
qkbc	情报
qkbd	清白
qkbm	轻便
qkbo	轻薄
qkbh	青帮
qkbu	轻口薄舌
qkcc	情操
qkcd	青菜
qkce	清册
qkcu	轻蹙
qkch	清仓
qkci	请辞
qkcv	清脆
qkcs	青葱
qkdc	青岛
qkdi	情敌
qkdj	清单
qkdm	清点
qkdn	情调
qkdu	轻度
qkdg	青灯
qkdd	清代
qkdz	青豆
qkdy	清炖
qkgc	清高
qkge	情歌
qkgj	情感
qkgl	青光
qkgr	清官
qkgs	轻功
qkgv	轻轨
qkgx	青瓜
qkgo	青果
qkhd	青海
qkhe	庆贺
qkhk	情怀
qkhx	清华
qkhr	清欢
qkhc	青蒿
qkho	清货
qkhg	轻哼
qkhl	青黄
qkia	清查
qkic	清朝
qkie	清澈
qkif	清晨
qkig	倾城
qkih	情场
qkiu	清楚
qkiy	青春
qkis	青虫
qkjb	请进
qkjk	情景
qkjm	请柬
qkjn	请教
qkji	情急
qkjp	清洁
qkjx	请假
qkjd	清可见底
qkkl	情况
qkke	请客
qkkj	请看
qkkk	轻快
qkks	清空
qkku	清苦
qkld	青睐
qklm	清廉
qklh	晴朗
qkli	清理
qklk	清零
qkll	清凉
qklq	清流
qklv	情侣
qklz	青楼
qklp	清冽
qkls	青龙
qklg	清冷
qkmk	清明
qkmi	情迷
qkmw	青梅
qkmm	情面
qkmp	轻蔑
qkmu	倾慕
qkmj	轻慢
qkmn	青苗
qkmd	清迈
qkmh	青芒
qkma	清码
qkmv	穷寇莫追
qknm	青年
qknt	轻虐
qkpk	清屏
qkpd	轻拍
qkpb	清贫
qkpj	清盘
qkpn	轻飘
qkpf	倾盆
qkpl	晴空霹雳
qkqk	轻轻
qkqq	请求
qkqn	轻巧
qkqu	情趣
qkqr	清泉
qkqi	氢气
qkqm	清欠
qkrf	情人
qkrz	轻柔
qkre	清热
qkrc	轻饶
qkrj	穷苦人家
qkse	青色
qksr	清算
qkss	轻松
qksu	倾诉
qksc	清扫
qksi	青丝
qksl	请客送礼
qktm	晴天
qktd	青苔
qktj	轻叹
qkth	清汤
qktk	倾听
qktn	轻佻
qktp	请帖
qkts	青铜
qktu	倾吐
qkto	请托
qktv	清退
qktg	青藤
qkug	轻声
qkua	轻纱
qkuj	青山
qkuh	轻伤
qkui	请示
qkuk	轻率
qkul	清爽
qkuu	情书
qkuv	清水
qkue	轻奢
qkuz	清收
qkvf	清真
qkvg	清蒸
qkvs	轻重
qkvl	轻装
qkvu	庆祝
qkvd	情债
qkvh	清账
qkvz	青轴
qkve	轻者
qkvi	情致
qkvo	清浊
qkvj	顷刻之间
qkwa	青蛙
qkwf	请问
qkwu	请勿
qkwh	情网
qkwl	晴空万里
qkwv	穷寇勿追
qkww	轻微
qkwj	清婉
qkxb	清新
qkxi	清晰
qkxk	清醒
qkxl	倾向
qkxm	清闲
qkxp	倾斜
qkxq	清秀
qkxu	情绪
qkyi	轻易
qkys	请用
qkyk	轻盈
qkyj	青烟
qkyy	青云
qkyz	清幽
qkxx	情况下
qkxn	倾销
qkyr	情愿
qkyu	情欲
qkya	清雅
qkzc	清早
qkzv	请罪
qkze	轻则
qkzh	青藏
qkzo	请坐
qkzi	青紫
qkff	情分
qkfu	情妇
qkfg	清风
qkfh	轻放
qlbc	强暴
qlbi	墙壁
qlbd	抢白
qlbl	七零八落
qlbx	七里八乡
qlbf	千里不同风
qlbm	墙边
qlbu	七老八十
qlbh	趋利避害
qlbg	曲里八拐
qlbs	七零八碎
qlda	强大
qldc	强盗
qldr	抢断
qldg	敲锣打鼓
qldi	强敌
qldj	其利断金
qldn	强调
qldo	抢夺
qldu	强度
qldh	强档
qldv	强队
qlds	墙洞
qldy	枪林弹雨
qldp	千里搭长棚
qlem	千里鹅毛
qlfa	枪法
qlfg	墙缝
qlge	前两个
qlgu	潜力股
qlgk	奇了怪
qlgj	禽流感
qlgs	强攻
qlgw	曲里拐弯
qlgf	墙根
qlgl	抢光
qlgo	强国
qlgr	枪管
qlgz	抢购
qlhu	秋老虎
qlhv	抢回
qlhd	戕害
qlhg	强横
qlhj	强悍
qlhx	强化
qlhy	抢婚
qlid	强拆
qlig	秦楼楚馆
qlji	枪击
qljk	强劲
qljm	强奸
qljn	墙角
qljp	抢劫
qljq	抢救
qljt	枪决
qljx	强加
qlkz	枪口
qlki	嘁哩喀喳
qlkx	墙里开花墙外香
qllp	强烈
qllb	强邻
qlli	强力
qllk	强令
qllt	抢掠
qlld	抢来
qllh	蜣螂
qllq	强留
qlln	去留两难
qlmm	墙面
qlma	千里马
qlmh	清理门户
qlmn	轻拢慢捻
qlnq	强扭
qlnw	墙内
qlpc	枪炮
qlpd	抢拍
qlpo	强迫
qlqq	强求
qlqb	抢亲
qlql	强强
qlqm	抢钱
qlqr	强权
qlqy	墙裙
qlqw	亲力亲为
qlrf	抢人
qlro	强弱
qlrr	其乐融融
qlsr	强酸
qlsm	千里送鹅毛
qltm	前两天
qlth	枪膛
qltj	抢滩
qlto	枪托
qltc	枪套
qltt	千里迢迢
qltz	墙头
qltv	强推
qlti	墙体
qltk	强停
qlts	清丽脱俗
qltf	千里同风
qlui	强势
qluz	抢手
qlua	枪杀
qluf	强身
qlug	强盛
qluh	墙上
qlur	枪栓
qluv	呛水
qluu	枪术
qlvd	千里之堤
qlve	强者
qlvf	强震
qlvi	强制
qlvj	抢占
qlvl	强壮
qlvu	抢注
qlvv	情理之中
qlvx	千里之行
qlvm	骑驴找马
qlwd	墙外
qlwf	强吻
qlwq	其乐无穷
qlwu	群龙无首
qlwy	歧路亡羊
qlww	蔷薇
qlx	前列腺
qlxk	强行
qlxl	强项
qlxi	抢戏
qlxm	抢先
qlxn	强效
qlxp	枪械
qlxq	抢修
qlxy	前列腺炎
qlyz	清凉油
qlyj	抢眼
qlyk	强硬
qlyx	亲了一下
qlyf	全力以赴
qlyq	千里姻缘一线牵
qlyv	欠了一屁股债
qlyd	青龙偃月刀
qlyu	强于
qlya	强压
qlyr	墙垣
qlyy	琼楼玉宇
qlzs	妻离子散
qlzu	羌族
qlzz	抢走
qman	欠安
qmbc	钱包
qmbi	铅笔
qmbj	牵绊
qmbm	前边
qmbo	浅薄
qmbd	浅白
qmbw	前辈
qmby	其貌不扬
qmcd	钱财
qmcg	浅层
qmch	潜藏
qmci	前次
qmce	前侧
qmdc	签到
qmdm	前点
qmdd	钱袋
qmdj	签单
qmdk	签订
qmds	牵动
qmda	欠打
qmdu	迁都
qmdg	前灯
qmdx	轻描淡写
qmee	前额
qmfa	签发
qmff	千分
qmfg	前锋
qmfh	前方
qmfj	遣返
qmfu	潜伏
qmfw	欠费
qmfv	全面发展
qmgx	牵挂
qmgs	谦恭
qmgu	千古
qmgi	全面贯彻
qmhd	浅海
qmhe	谦和
qmhs	浅红
qmhl	浅黄
qmhv	浅灰
qmhz	前后
qmhu	千户
qmie	牵扯
qmic	前朝
qmif	前尘
qmig	前程
qmih	前场
qmii	千尺
qmiz	欠抽
qmjb	前进
qmjk	前景
qmjq	迁就
qmjm	浅见
qmjn	前脚
qmju	前句
qmjx	欠佳
qmjp	清明节
qmjz	勤勉尽责
qmji	亲密接触
qmky	乾坤
qmke	千克
qmkr	欠款
qmkv	潜亏
qmli	千里
qmld	前来
qmlj	浅蓝
qmlh	前浪
qmlv	浅绿
qmlm	牵连
qmlp	前列
qmlq	潜流
qmls	乾隆
qmlb	悭吝
qmlw	群魔乱舞
qmly	前轮
qmlz	浅陋
qmll	钱粮
qmlu	前路
qmmm	前面
qmmf	前门
qmmi	千米
qmmk	签名
qmmo	阡陌
qmnm	千年
qmng	潜能
qmnu	迁怒
qmnv	倩女
qmpd	前排
qmpi	签批
qmq	去没去
qmqi	前期
qmql	牵强
qmqm	浅浅
qmqr	缱绻
qmqq	千秋
qmqt	欠缺
qmqu	前去
qmqk	前倾
qmqg	去没去过
qmrf	前任
qmrh	谦让
qmri	前日
qmrj	歉然
qmru	嵌入
qmse	浅色
qmsj	遣散
qmss	遣送
qmsv	千岁
qmsu	青霉素
qmsx	启蒙思想
qmtc	潜逃
qmtd	前台
qmti	前提
qmtj	浅谈
qmtk	潜艇
qmtm	前天
qmtn	欠条
qmto	欠妥
qmtu	前途
qmtv	前腿
qmtz	牵头
qmuj	前山
qmuc	前哨
qmue	牵涉
qmuf	前身
qmug	前生
qmui	前世
qmuu	签署
qmuv	潜水
qmuz	签收
qmvc	千兆
qmvd	欠债
qmve	前者
qmvg	签证
qmvh	欠账
qmvi	前置
qmvj	前瞻
qmvx	前爪
qmvl	犬马之劳
qmvm	青梅竹马
qmvr	前传
qmvu	签注
qmvv	前缀
qmwf	前文
qmwj	千万
qmwa	千瓦
qmwh	前往
qmwu	钱物
qmww	前卫
qmwk	其名为鲲
qmxb	潜心
qmxi	前夕
qmxx	签下
qmxk	前行
qmxm	前线
qmxn	浅笑
qmxp	前些
qmxs	前胸
qmxu	谦虚
qmxy	谦逊
qmyb	牵引
qmye	前夜
qmyi	迁移
qmyj	前沿
qmyk	倩影
qmyr	千元
qmys	潜泳
qmyt	签约
qmya	其鸣也哀
qmzd	潜在
qmze	谴责
qmzi	签字
qmzz	前奏
qmzh	阡陌纵横
qnbj	翘班
qnbc	侨胞
qnbi	峭壁
qnbv	勤能补拙
qnbn	欺男霸女
qncv	憔悴
qnco	敲错
qncj	青年才俊
qndk	敲定
qnda	敲打
qndr	桥段
qndn	敲掉
qnds	桥洞
qndy	桥墩
qndt	强扭的瓜不甜
qndh	千年等一回
qnfu	樵夫
qngx	轻诺寡信
qnhe	巧合
qniu	翘楚
qnjb	巧劲
qnji	敲击
qnjm	瞧见
qnjp	桥接
qnju	侨居
qnjr	侨眷
qnjx	桥架
qnke	翘课
qnkd	撬开
qnkx	墙内开花墙外香
qnl	去哪了
qnll	桥梁
qnle	巧了
qnli	俏丽
qnlo	敲锣
qnly	千年老妖
qnmb	侨民
qnmm	桥面
qnmd	荞麦
qnmf	敲门
qnmn	巧妙
qnmu	乔木
qnpi	俏皮
qnpd	桥牌
qnpo	敲破
qnpj	翘盼
qnqi	翘起
qnqm	乔迁
qnqn	悄悄
qnqf	轻拿轻放
qnrj	悄然
qnsv	敲碎
qnso	撬锁
qntz	桥头
qnty	翘臀
qntq	去年同期
qnuh	桥上
qnug	悄声
qnuz	翘首
qnue	翘舌
qnva	敲诈
qnve	瞧着
qnvl	乔装
qnvm	强弩之末
qnvs	敲钟
qnvy	七年之痒
qnwx	千难万险
qnwz	千难万阻
qnwb	千年王八
qnwn	千难万难
qnwh	其奈我何
qnxx	桥下
qnxl	敲响
qnxu	倾囊相授
qnyj	巧言
qnyr	迁怒于人
qnyu	巧遇
qnzj	情难自禁
qpan	窃案
qpbc	七拼八凑
qpbu	且不
qpbw	七平八稳
qpcd	切菜
qpco	切磋
qpdr	切断
qpdn	切掉
qpdk	切丁
qpdo	窃夺
qpdy	倾盆大雨
qpff	切分
qpfu	切腹
qpfd	全盘否定
qpge	切割
qpgx	茄瓜
qpgo	窃国
qphx	俏皮话
qphe	切合
qphj	前仆后继
qphr	切换
qphv	切回
qphy	亲朋好友
qpiu	切除
qpig	切成
qpih	怯场
qpii	切齿
qpji	切记
qpju	全盘皆输
qpkd	切开
qpkj	且看
qpkk	切块
qpkz	切口
qplh	前怕狼，后怕虎
qpmj	且慢
qpmd	切脉
qpmi	窃密
qpmm	切面
qpmo	切莫
qpno	怯懦
qppn	轻飘飘
qppm	切片
qppj	切盼
qpqp	切切
qpqm	枪炮齐鸣
qpqu	窃取
qpro	怯弱
qpru	切入
qprz	切肉
qpsv	切碎
qpsi	切丝
qpti	切题
qptk	窃听
qptu	切图
qptg	全票通过
qpuf	切身
qpug	怯生
qpui	切实
qpuo	且说
qpuv	拳怕少壮
qpv	强迫症
qpvf	怯阵
qpvs	切中
qpvu	且住
qpvg	七品芝麻官
qpwu	切勿
qpxi	窃喜
qpxm	切线
qpxn	窃笑
qpxk	欺骗性
qpxh	全盘西化
qpyi	惬意
qpyl	千篇一律
qpyz	且有
qpzi	茄子
qpzw	窃贼
qqwf	求稳
qqws	千秋万岁
qqwz	千秋万载
qqwy	千秋伟业
qqaa	期期艾艾
qqai	求爱
qqbj	跷跷板
qqbb	七七八八
qqbp	崎岖不平
qqbg	千奇百怪
qqbh	球棒
qqbm	求变
qqbo	秋波
qqci	龟兹
qqcc	凄凄惨惨
qqcd	求财
qqcx	区区此心
qqdb	全权代表
qqdd	敲敲打打
qqde	求得
qqdf	群情鼎沸
qqds	秋冬
qqdv	球队
qqdu	泅渡
qqdy	千秋大业
qqer	蛐蛐儿
qqev	群起而攻之
qqfg	秋风
qqff	秋分
qqfh	牵强附会
qqfj	囚犯
qqgc	求告
qqgz	求购
qqgr	球馆
qqgg	奇奇怪怪
qqgv	群起攻之
qqhx	全球化
qqhe	求和
qqhc	秋毫
qqhr	求欢
qqhy	求婚
qqhz	秋后
qqhh	前前后后
qqhd	强取豪夺
qqia	秋茶
qqie	囚车
qqih	球场
qqij	秋蝉
qqii	清清楚楚
qqiq	妻妾成群
qqiy	权倾朝野
qqjb	囚禁
qqji	秋季
qqjm	求见
qqjn	求教
qqjp	求解
qqjq	求救
qqju	秋菊
qqjy	权钱交易
qqjl	茕茕孑立
qqjz	谦谦君子
qqjf	群情激奋
qqja	群情激昂
qqjh	取其精华
qqku	秋裤
qqkv	秋葵
qqkk	勤勤恳恳
qqlk	丘陵
qqlc	囚牢
qqls	囚笼
qqlw	球类
qqlx	七窍流血
qqly	七情六欲
qqll	起起落落
qqlh	强强联合
qqlu	强强联手
qqmf	球门
qqmi	球迷
qqmm	球面
qqmo	秋末
qqou	求偶
qqpd	球拍
qqpi	裘皮
qqpc	球泡
qqpy	亲戚朋友
qqqb	求亲
qqqk	求情
qqqm	秋千
qqqq	求求
qqqr	求全
qqqu	求取
qqqz	七擒七纵
qqrc	求饶
qqrf	求人
qqri	秋日
qqrj	虬髯
qqrr	亲亲热热
qqse	秋色
qqsd	球赛
qqso	求索
qqsi	求死
qqss	轻轻松松
qqsy	窃窃私语
qqsj	七七四十九
qqsf	全取三分
qqtm	秋天
qqtd	球台
qqti	球体
qqts	球童
qqtu	囚徒
qqtr	全情投入
qqug	求生
qqui	糗事
qquf	求神
qquh	琴棋书画
qquu	确确实实
qquv	秋水
qquy	七窍生烟
qquz	秋收
qqul	秋霜
qqvf	求真
qqvg	求证
qqvh	酋长
qqvi	求职
qqvj	求战
qqvl	秋装
qqvu	求助
qqvv	曲曲折折
qqvx	乔迁之喜
qqwd	千秋万代
qqwh	球王
qqww	千千万万
qqwr	阒其无人
qqxt	求学
qqxb	求新
qqxf	恰恰相反
qqxk	球星
qqxp	球鞋
qqxu	区区小事
qqxh	鹊桥相会
qqyr	球员
qqyb	蚯蚓
qqyi	秋衣
qqyt	秋月
qqyu	秋雨
qqyz	秋游
qqye	秋叶
qqzb	求全责备
qqzp	去其糟粕
qrbt	全然不同
qrbg	全然不顾
qrbv	全然不知
qrwd	圈外
qrdi	圈地
qrdm	圈点
qrdr	求仁得仁
qrbf	全本
qrbl	弃若敝履
qrbj	全班
qrbk	权柄
qrbu	全部
qrbc	全包
qrcd	全才
qrcy	全村
qrco	全错
qrch	全仓
qrda	拳打
qrdc	劝导
qrdh	权当
qrdk	圈定
qrdv	全对
qrdz	全都
qree	全额
qrfa	拳法
qrfu	全副
qrfj	劝返
qrfw	全废
qrff	圈粉
qrgc	劝告
qrgo	全国
qrgu	颧骨
qrgv	权贵
qrgk	全怪
qrgs	全功
qrgw	全给
qrgr	亲如骨肉
qrhg	权衡
qrhv	全会
qrhe	劝和
qrhu	全乎
qrhm	轻如鸿毛
qris	权充
qrif	权臣
qrig	全程
qrih	全场
qrie	全车
qriu	圈出
qrji	拳击
qrjm	劝谏
qrjk	全景
qrjb	劝进
qrjn	全角
qrjp	劝解
qrjq	劝酒
qrju	全局
qrjx	全家
qrjy	全军
qrkr	全款
qrkc	全靠
qrkj	全看
qrkd	全开
qrli	权利
qrlo	全裸
qrma	全码
qrmb	全民
qrmc	全貌
qrmk	全名
qrmm	全面
qrmz	权谋
qrmp	全灭
qrnm	全年
qrng	全能
qrnw	圈内
qrpk	全屏
qrpb	全拼
qrpj	全盘
qrpm	全篇
qrpn	全票
qrpu	拳谱
qrpc	全抛
qrpy	欺软怕硬
qrqq	全球
qrqb	全勤
qrqf	恰如其分
qrqk	全清
qrqm	圈钱
qrqp	权且
qrqr	全权
qrrh	全让
qrri	全日
qrrj	全然
qrsn	强人所难
qrsu	全速
qrso	蜷缩
qrtc	圈套
qrti	全体
qrtm	全天
qrtk	全听
qrtu	欺人太甚
qrtv	劝退
qrtz	拳头
qruf	全身
qrug	全省
qruh	券商
qrui	全市
qruj	全删
qruo	劝说
qruu	权术
qruv	泉水
qruz	亲如手足
qrvg	权证
qrvh	权杖
qrvi	全职
qrvs	权重
qrva	权诈
qrvz	泉州
qrvf	齐人之福
qrwf	全文
qrwh	全网
qrwu	全无
qrww	权威
qrxb	全新
qrxi	全息
qrxl	劝降
qrxm	权限
qrxn	全校
qrxp	沁人心脾
qrxr	全选
qrxx	泉下
qryi	权益
qryj	泉眼
qryr	全员
qrya	犬牙
qryh	全羊
qryx	确认一下
qrym	千人一面
qryt	杞人忧天
qryu	痊愈
qrys	气若游丝
qryl	气若幽兰
qrzi	圈子
qrzo	权作
qrze	全责
qrzl	前人栽树，后人乘凉
qrzu	劝阻
qsbh	七死八活
qsbn	求死不能
qsdk	穹顶
qsfg	穷疯
qsgo	穷国
qsgv	穷鬼
qshu	起死回生
qshx	前思后想
qshm	琴瑟和鸣
qsjx	前三甲
qsjb	穷尽
qsju	穷举
qsjl	琼浆
qsky	穷困
qsku	穷苦
qskz	穷寇
qsle	气死了
qslz	琼楼
qslu	穹庐
qsls	穹隆
qsmk	前三名
qsmx	奇思妙想
qspp	琴瑟琵琶
qsrf	穷人
qssr	穷酸
qsuu	起诉书
qsuq	情随事迁
qswl	千丝万缕
qsww	前所未闻
qswj	前所未见
qswy	前所未有
qsws	千算万算
qsxy	轻松写意
qsyz	穷游
qsyk	轻松愉快
qszr	轻松自如
qtbc	确保
qtbj	雀斑
qtbr	青天白日
qtbu	却不
qtbw	却被
qtbm	缺编
qtci	缺词
qtcc	墙头草
qtcy	求同存异
qtdm	缺点
qtde	缺德
qtdk	确定
qtdu	蜻蜓点水
qtee	缺额
qter	雀儿
qtfa	缺乏
qtgd	缺钙
qtgl	奇谈怪论
qtgm	清汤挂面
qtgr	情同骨肉
qtgu	清汤寡水
qthz	全天候
qthj	缺憾
qtho	缺货
qthu	确乎
qthq	前凸后翘
qti	钱塘潮
qtik	亲痛仇快
qtic	雀巢
qtjl	钱塘江
qtjm	情同姐妹
qtkz	缺口
qtke	缺课
qtkj	囚徒困境
qtli	确立
qtlz	缺漏
qtml	穷途末路
qtmd	去他妈的
qtmw	却没
qtng	却能
qtnd	去他娘的
qtpl	晴天霹雳
qtqi	青铜器
qtqb	缺勤
qtqm	缺钱
qtqn	鹊桥
qtqp	确切
qtqw	掐头去尾
qtrf	确认
qtrh	却让
qtry	全体人员
qtsy	缺损
qttp	缺铁
qttv	瘸腿
qttj	前提条件
qtuc	缺少
qtug	缺省
qtuv	缺水
qtuu	确属
qtuh	气吞山河
qtui	确实
qtuo	却说
qtuz	情同手足
qtud	青铜时代
qtvf	确诊
qtww	缺位
qtwx	千头万绪
qtwb	前途未卜
qtwl	前途无量
qtwh	气吞万里如虎
qtxm	缺陷
qtxb	确信
qtxi	缺席
qtxu	确需
qtxt	缺血
qtyz	却又
qtyc	却要
qtye	却也
qtyr	缺员
qtyh	缺氧
qtya	缺牙
qtyt	雀跃
qtzd	却在
qtzc	确凿
qtzi	瘸子
qubj	祛斑
qubp	区别
qubi	趋避
qubr	禽兽不如
qubx	七上八下
qubd	求生不得
quba	寝食不安
qubf	求神拜佛
qubg	青山不改
qubu	情深不寿
qucd	屈才
quce	驱策
qucs	屈从
qudc	渠道
qudd	取代
qude	取得
qudi	取缔
qudn	去掉
qudr	区段
quds	驱动
qudu	曲度
qudm	欺世盗名
queu	穷山恶水
quet	全身而退
quer	七十二
queb	七十二变
queh	七十二行
quem	螓首蛾眉
quff	区分
qufa	取法
qufg	曲风
qufu	屈服
qugo	去过
qugl	屈光
qugj	驱赶
qugr	亲生骨肉
qugv	全神贯注
qugm	囚首垢面
qugx	七十古稀
qugs	秋水共长天一色
quhc	区号
quhh	气势恢宏
quhj	驱寒
quho	取货
quhv	取回
quhx	区划
quhl	秦始皇
quie	驱车
quiu	去除
quis	驱虫
quir	清水出芙蓉
qujb	趋近
qujk	取经
qujl	亲身经历
qujh	齐声叫好
qujm	区间
qujp	曲解
qujq	屈就
qujt	取决
quju	屈居
qujx	屈驾
qujy	穷奢极欲
qukr	取款
qukk	区块
quke	躯壳
qukx	切实可行
qule	取乐
qulq	去留
qulu	去路
quli	驱离
qulv	曲率
quly	切身利益
qulm	青史留名
qume	缺什么
quma	去吗
qumu	曲目
qumm	曲面
qumk	取名
qumo	驱魔
qumx	欺上瞒下
qumz	欺师灭祖
qun	青少年
qunf	其实难副
quna	寝食难安
qunm	去年
qunr	取暖
qunc	取闹
qund	七十年代
qupn	取票
qupd	曲牌
qupb	气势磅礴
qupe	欺善怕恶
qupw	翘首盼望
qupi	去皮
qupu	曲谱
quqm	取钱
quqn	取巧
quqb	娶亲
quqi	曲奇
quqj	轻手轻脚
quqq	怯声怯气
ququ	区区
quru	屈辱
qurh	气势如虹
quri	去日
qurl	强手如林
qurn	请神容易送神难
qusi	去死
quse	取色
qush	情深似海
qusj	驱散
qusv	去岁
qusx	欺霜赛雪
qusz	蠼螋
qutk	潜水艇
quti	躯体
quts	趋同
qutj	祛痰
quth	切身体会
qutt	漆身吞炭
quue	取舍
quug	取胜
quui	趋势
quuf	屈伸
quuq	全胜时期
quve	曲折
quvi	曲直
quvg	取证
quvu	驱逐
quvh	区长
quvz	衢州
quwh	去往
quwb	求神问卜
quwf	趣闻
quwu	千山万水
quww	趣味
quwx	欺上罔下
quwy	气煞我也
quxb	取信
quxi	屈膝
quxl	去向
quxm	曲线
quxn	取消
quxp	驱邪
quxx	取下
quxy	轻声细语
quxq	求胜心切
quye	企事业
quyw	企事业单位
quyd	翘首以待
quyh	取样
quyi	曲艺
quym	清水衙门
quyp	翘首以盼
quyq	情深缘浅
quyv	情深义重
quyr	屈原
quys	取用
quyt	取悦
quyu	区域
quyj	气数已尽
quyz	青山依旧在
quzz	取走
quzy	屈尊
quzi	曲子
qvam	勤政爱民
qvbd	求之不得
qvby	弃之不用
qvbt	牵着不走，打着倒退
qvbg	却之不恭
qvbj	取之不尽
qvbk	七折八扣
qvbu	穷追不舍
qvbz	牵着鼻子走
qvcu	强制措施
qvdm	起征点
qvdb	乔装打扮
qvdi	浅斟低唱
qvdv	轻重倒置
qvdy	枪支弹药
qvfu	区政府
qvgh	敲竹杠
qvgg	齐抓共管
qvgu	强中更有强中手
qvhj	轻重缓急
qvhg	前瞻后顾
qvhq	欠债还钱
qvhw	秦砖汉瓦
qvij	驱逐出境
qvji	起重机
qvjm	驱逐舰
qvjc	轻装简从
qvku	屈指可数
qvkx	弃之可惜
qvlj	清正廉洁
qvlm	清正廉明
qvlx	群众路线
qvls	敲诈勒索
qvlq	曲折离奇
qvmd	穷追猛打
qvnm	青壮年
qvnu	罄竹难书
qvqt	且战且退
qvqn	全知全能
qvrs	曲终人散
qvrn	气壮如牛
qvrj	弃之如敝屐
qvrw	趋之若鹜
qvrk	求知若渴
qvrl	弃之如敝履
qvsi	清真寺
qvsv	情之所钟
qvtg	穷折腾
qvts	亲者痛
qvtk	亲者痛仇者快
qvuv	轻装上阵
qvub	切中时弊
qvuh	气壮山河
qvut	缺肢少腿
qvuj	起止时间
qvvy	其中之一
qvwu	求真务实
qvwq	千真万确
qvwy	曲折蜿蜒
qvxk	强制性
qvxm	旗帜鲜明
qvy	求知欲
qvyb	奇珍异宝
qvyf	奇装异服
qvyh	切中要害
qvyq	情真意切
qvys	掐指一算
qvyg	其中一个
qvyd	取之有道
qvym	取之于民
qvyu	轻舟已过万重山
qvzz	牵着走
qvzi	前阵子
qvzq	清者自清
qvzu	强中自有强中手
qwbp	千万别
qwbn	七歪八扭
qwbg	七弯八拐
qwby	千万不要
qwbm	情文并茂
qwcv	去伪存真
qwcj	去芜存菁
qwdr	请勿打扰
qwgr	前无古人
qwgu	奇文共赏
qwhu	趣味横生
qwji	气雾剂
qwjk	潜望镜
qwma	区位码
qwny	起舞弄清影
qwqw	千万千万
qwru	权威人士
qwux	悄无声息
qwui	全无是处
qwvi	期望值
qwwq	其味无穷
qwx	权威性
qwxk	趣味性
qwxt	趣味相投
qwxg	全无心肝
qwyu	趣闻轶事
qwyr	阒无一人
qxbn	掐表
qxbm	去向不明
qxby	其心必异
qxcc	群星璀璨
qxdu	清晰度
qxdh	恰当
qxdn	掐掉
qxdq	牵线搭桥
qxdl	情绪低落
qxdr	掐断
qxdv	亲兄弟明算账
qxfg	恰逢
qxgz	洽购
qxgv	奇形怪状
qxgy	清心寡欲
qxgj	群雄割据
qxhx	情绪化
qxhc	恰好
qxhl	齐心合力
qxhw	勤学好问
qxj	气象局
qxjd	情绪激动
qxje	穷凶极恶
qxjx	穷形极相
qxjg	曲线救国
qxju	谦虚谨慎
qxjz	抢险救灾
qxke	卡壳
qxkv	其心可诛
qxkl	勤学苦练
qxkj	清晰可见
qxle	取消了
qxmp	掐灭
qxmu	欺下瞒上
qxnm	前些年
qxpr	穷乡僻壤
qxpy	穷乡僻野
qxqx	恰恰
qxqn	恰巧
qxqy	全心全意
qxri	前些日
qxru	恰如
qxrz	前些日子
qxrk	求贤若渴
qxrl	其臭如兰
qxsi	掐死
qxsr	掐算
qxtm	前些天
qxtu	曲线图
qxtd	气象台
qxtj	洽谈
qxts	清新脱俗
qxtb	前胸贴后背
qxui	恰是
qxuh	洽商
qxuf	缺心少肺
qxuu	全校师生
qxus	勤学善思
qxvu	掐住
qxvi	裙下之臣
qxvy	掐准
qxvl	群雄逐鹿
qxwk	千辛万苦
qxwq	气象万千
qxwy	确信无疑
qxxl	齐心协力
qxy	倾向于
qxyu	恰遇
qxyb	抢先一步
qxyd	浅显易懂
qxym	取信于民
qxyv	泉下有知
qxyj	缺心眼
qxyy	气息奄奄
qxyr	巧笑嫣然
qxzi	卡子
qybn	晴雨表
qybd	裙摆
qybm	裙边
qybk	缺一不可
qybu	千依百顺
qyby	前言不搭后语
qybf	轻徭薄赋
qyci	去一次
qycc	去也匆匆
qycl	岂有此理
qydr	前一段
qydc	群岛
qydd	裙带
qydv	情有独钟
qydw	企业单位
qyff	七月份
qyfa	群发
qyfu	趋炎附势
qyfy	曲意逢迎
qyfi	曲意奉承
qyfq	轻言放弃
qygo	奇异果
qygl	企业管理
qygy	奇言怪语
qyh	区域化
qyhv	全运会
qyhc	群号
qyhg	前因后果
qyhy	前言后语
qyhh	前仰后合
qyhm	轻于鸿毛
qyhx	强颜欢笑
qyif	秋月春风
qyir	取义成仁
qyj	前一句
qyjx	群架
qyjn	裙角
qyjc	犬牙交错
qyju	群居
qyjd	前一阶段
qyku	裙裤
qykz	群口
qyky	情有可原
qyli	强有力
qyll	请原谅
qyln	群聊
qylz	裙楼
qylo	群落
qyls	巧言令色
qymk	群名
qymh	潜移默化
qymm	情意绵绵
qymd	亲眼目睹
qynh	强压怒火
qyou	群殴
qypv	欠一屁股债
qyqn	瞧一瞧
qyqu	确有其事
qyrh	巧言如簧
qyrm	妾意如棉
qyse	清一色
qysj	亲眼所见
qysl	穷源溯流
qysu	企业所得税
qytm	前一天
qyth	去一趟
qyti	群体
qytx	窃玉偷香
qyui	潜意识
qyuj	群山
qyuv	潜意识中
qyuu	缺衣少食
qyuy	缺医少药
qyur	迁延时日
qyul	潜意识里
qyvf	前一阵
qyvs	群众
qyvl	裙装
qyvj	权宜之计
qyvu	群主
qyvz	前一阵子
qywj	前一晚
qyww	窃以为
qywh	企业文化
qywy	千言万语
qywd	趋于稳定
qyx	区域性
qyxa	器宇轩昂
qyxk	群星
qyxs	群雄
qyxy	轻言细语
qyxt	气焰熏天
qyxv	气焰嚣张
qyxj	青眼相加
qyy	起源于
qyyf	穷于应付
qyyk	群英
qyyn	求爷爷告奶奶
qyyu	其言也善
qyyz	群友
qyyj	青眼有加
qyyv	犬牙鹰爪
qyzi	裙子
qyzu	群组
qzav	潜滋暗长
qzbi	签字笔
qzbm	穷则变
qzbt	千姿百态
qzbu	七嘴八舌
qzds	全自动
qzdu	穷则独善其身
qzfj	屈尊俯就
qzgv	签字盖章
qzgy	青藏高原
qzhy	签字画押
qzim	亲自出马
qzjd	亲子鉴定
qzmh	起早摸黑
qznf	千载难逢
qznw	穷在闹市无人问
qzqw	擒贼擒王
qzsb	穷则思变
qzth	起早贪黑
qzwy	确凿无疑
qzxw	擒贼先擒王
qzys	起作用
qzyu	千载一时
qzyt	蜷作一团
r	人
rup	入
ri	日
ru	如
rf	任
rj	然
rfr	忍
rfy	认
re	热
rh	让
rs	容
rsc	荣
rg	仍
rsa	融
rjd	染
rvw	瑞
ryd	润
rz	肉
ro	若
rfre	仁
rr	软
rog	弱
rc	绕
rjh	燃
rcf	扰
rss	绒
rupv	乳
rvj	锐
rht	壤
rzs	柔
rur	儒
rui	辱
rsd	溶
rcu	饶
rud	汝
rgf	扔
rsck	蓉
rfw	韧
rre	阮
rsh	熔
rfd	刃
rfs	纫
rec	惹
reck	若
rjl	冉
rhf	攘
ruc	茹
rsg	戎
rfu	饪
rsm	榕
rhk	嚷
rvl	睿
ror	偌
rupc	褥
rvcn	芮
rsce	茸
rzf	揉
rsb	冗
ruz	孺
rude	濡
rvc	蕊
rym	闰
rse	嵘
rfn	妊
ruie	蠕
rzm	糅
rfc	荏
rjc	苒
rzg	鞣
rfh	稔
rcn	娆
rhw	瓤
rzz	蹂
rja	髯
rfq	壬
rfp	壬
rvcu	蕤
rfrr	仞
rfi	轫
ruk	嚅
rek	喏
rfpr	衽
rus	缛
rov	箬
rudc	溽
rhh	穰
ruj	铷
rvi	蚋
rhp	禳
rcm	桡
rudk	洳
rvm	枘
rji	蚺
rcc	荛
rsq	狨
rsi	蝾
ruce	薷
rupe	襦
rucc	蓐
rfsr	纴
rhd	瀼
run	嬬
rsj	镕
rhry	儴
rhc	蘘
ron	婼
roc	蒻
roch	爇
rrt	堧
rrn	媆
rsjk	镕
rsw	瑢
rune	嬬
rvd	汭
rfpn	人
rik	日
rupn	入
runk	如
ref	热
rhy	让
rscm	荣
rgr	仍
rsai	融
rvwe	瑞
rydw	润
rock	若
rri	软
rogd	弱
rcs	绕
rjhh	燃
rcfy	扰
rssu	绒
rfrx	忍
rvje	锐
rzsm	柔
rure	儒
rsdk	溶
rcuw	饶
rudn	汝
rgfn	扔
rfwr	韧
rree	阮
rshk	熔
recx	惹
rjla	冉
rhfy	攘
ruck	茹
rsgu	戎
rfur	饪
rsmk	榕
rhky	嚷
rvlo	睿
rork	偌
rzfm	揉
rsbj	冗
ruze	孺
rvcx	蕊
rymw	闰
rsem	嵘
rfnr	妊
rfcr	荏
rjcr	苒
rzgm	鞣
rcnw	娆
rhwg	瓤
rzzm	蹂
rjar	髯
rfqa	壬
rfpu	壬
ruke	嚅
rekk	喏
rusc	缛
rovk	箬
rhhy	穰
rvin	蚋
rhpy	禳
rcmw	桡
rvmn	枘
rjir	蚺
rccw	荛
rsqu	狨
rsim	蝾
rhdy	瀼
rhcy	蘘
ronk	婼
roce	鄀
rocd	蒻
rrtd	堧
rrnd	媆
rswk	瑢
rvdn	汭
rika	日
refh	热
rgrn	仍
rrir	软
rcsw	绕
rq	日期
rw	认为
rb	日本
rx	如下
rv	认真
rm	人们
ry	容易
rl	人类
rk	认可
ra	热爱
rt	认同
rn	热闹
rp	人品
rd	认得
rbde	容不得
rbdg	肉包打狗
rbgq	绕不过去
rbgz	日本鬼子
rbfi	入不敷出
rbfw	人不犯我
rbhj	人比花娇
rbfr	人不犯我，我不犯人
rbiu	认不出
rbjf	弱不禁风
rbkl	人不可貌相，海水不可斗量
rbkd	锐不可当
rbkx	人不可貌相
rbln	饶不了
rblg	日不落帝国
rbqi	惹不起
rbqq	惹不起还躲不起
rbrh	让不让
rbre	热不热
rbru	认不认识
rbrr	让不让人
rbrg	人不如故
rbry	容不容易
rbui	若不是
rbuv	如臂使指
rbvu	忍不住
rbwj	人不为己
rbwm	人不为己，天诛地灭
rbxx	容不下
rbxr	人不像人
rbxu	日薄西山
rbxj	日不暇给
rbzg	肉包子打狗
rcbi	人才辈出
rcdc	绕道
rcds	扰动
rcey	如此而已
rcgo	绕过
rchv	绕回
rchc	人才荟萃
rcih	绕场
rcjj	人才济济
rckd	绕开
rckl	如此看来
rclr	扰乱
rcle	饶了
rclk	人财两空
rclu	绕路
rcmb	扰民
rcmk	饶命
rcqr	绕圈
rcrf	饶人
rcrh	扰攘
rcue	饶舌
rcul	如此说来
rcuu	饶恕
rcuh	如此甚好
rcve	绕着
rcvb	如此这般
rcvd	如此之多
rcvj	冗词赘句
rcwj	绕弯
rcxk	绕行
rcxi	绕膝
rcxz	如此下作
rcyr	绕远
rcyy	绕晕
rcyl	如此一来
rczv	绕嘴
rdd	肉嘟嘟
rddb	人大代表
rddu	人多地少
rdex	绕道而行
rdem	任督二脉
rdgj	肉毒杆菌
rdho	惹的祸
rdhh	人多好干活
rdkz	人多口杂
rdld	人多力量大
rdrj	人淡如菊
rdrm	任打任骂
rdrf	认打认罚
rduv	人多势众
rduz	人多手杂
rdut	人定胜天
rduu	人地生疏
rdvy	人道主义
rdwm	入地无门
rdxy	热岛效应
rdxw	人丁兴旺
rdyu	热带鱼
rdyz	人多眼杂
rdyl	热带雨林
rdys	热得要死
rdzi	软刀子
rdzz	人多嘴杂
reai	热爱
rebo	热播
recd	热菜
reci	热词
redm	热点
redd	热带
redu	热度
refg	热风
refj	热饭
refu	热敷
regz	热狗
rego	热锅
reho	惹祸
rehu	热乎
reig	热诚
reih	热场
reia	热茶
reic	热潮
reif	热忱
rejm	热键
reji	惹急
relp	热烈
rela	热辣
relh	热浪
reli	热力
rell	热量
relm	热恋
relq	热流
relw	热泪
remj	日耳曼
remd	热卖
remf	热门
remb	热敏
renc	热闹
reng	热能
renu	惹怒
repk	热评
reqk	热情
reqi	热气
reqp	热切
rerf	惹人
rere	热热
resi	热死
retu	热土
resz	热搜
reth	热汤
retm	热天
reuf	热身
reui	惹事
reuh	惹上
reuv	热水
revs	热衷
revh	热胀
rewf	热吻
rewh	热望
rewu	热舞
rexb	热心
rexm	热线
rexn	热销
rext	热血
reyj	惹眼
reyi	热议
reyb	热饮
rfyh	认养
rfai	仁爱
rfcd	人才
rfci	仁慈
rfco	认错
rfcm	人非草木
rfda	人大
rfdc	人道
rfdd	韧带
rfde	认得
rfdk	认定
rffh	人防
rffa	认罚
rffj	人犯
rfgs	人工
rfge	人格
rfgz	认购
rfgu	认股
rfhd	人海
rfhe	任何
rfhh	人行
rfhz	仁厚
rfhx	人话
rfho	人祸
rfic	人潮
rfiu	认出
rfil	认床
rfig	人称
rfir	仁川
rfjx	人家
rfjb	韧劲
rfji	人际
rfjm	人间
rfjn	任教
rfjp	人杰
rfjy	人均
rfjk	人精
rfjr	认捐
rfkz	人口
rfke	认可
rflw	人类
rflu	认路
rfle	忍了
rfli	人力
rflk	认领
rfly	人伦
rflq	人流
rfmb	人民
rfma	人马
rfmf	人们
rfmd	人脉
rfmk	任命
rfmm	任免
rfnc	人脑
rfnd	忍耐
rfou	人偶
rfpb	人品
rfpk	任凭
rfpv	如法炮制
rfqi	人气
rfqk	人情
rfqr	人权
rfqy	人群
rfrh	忍让
rfru	忍辱
rfrf	忍忍
rfrz	人肉
rfrj	荏苒
rfss	认怂
rfts	认同
rfti	人体
rftz	人头
rfuf	人参
rfug	人生
rfui	认识
rfuu	认输
rfuz	忍受
rfue	人设
rfux	人非圣贤
rfvf	认真
rfva	人渣
rfve	忍着
rfvg	认证
rfvh	认账
rfvi	认知
rfvs	人种
rfvu	忍住
rfvy	认准
rfwf	人文
rfww	认为
rfwu	人物
rfxb	忍心
rfxk	任性
rfxl	人像
rfxr	人选
rfxs	仁兄
rfxu	人逢喜事
rfyc	人妖
rfyi	任意
rfyj	人烟
rfyk	人影
rfyr	人员
rfys	任用
rfyu	人浮于事
rfyz	任由
rfz	人贩子
rfzc	人造
rfzi	认字
rfzv	认罪
rgdc	扔到
rgdn	扔掉
rggw	扔给
rggl	荣归故里
rghv	仍会
rghf	容光焕发
rghx	人工呼吸
rgiu	扔出
rgjq	仍旧
rgjb	扔进
rgjy	人工降雨
rgke	仍可
rgle	扔了
rglm	人过留名
rglu	人过留名，雁过留声
rgly	热锅里的蚂蚁
rgmd	人高马大
rgng	仍能
rgnh	若干年后
rgqr	绕个圈
rgqi	扔弃
rgrj	仍然
rgsq	如隔三秋
rgui	仍是
rguj	人工授精
rgut	人鬼殊途
rguy	热锅上的蚂蚁
rgvn	人工智能
rgww	仍未
rgxx	扔下
rgxu	仍需
rgyu	日光浴
rgyc	仍要
rgyi	仍以
rgyv	人各有志
rgzh	如鲠在喉
rhbu	让步
rhdc	让道
rhfg	荣华富贵
rhgw	让给
rhgt	融会贯通
rhhu	热乎乎
rhhs	热烘烘
rhhj	日后好相见
rhiu	让出
rhit	热火朝天
rhjb	热乎劲
rhkd	让开
rhlu	让路
rhli	让利
rhmm	人海茫茫
rhmj	如花美眷
rhqi	让其
rhr	任何人
rhrf	让人
rhrh	嚷嚷
rhrt	如火如荼
rhsy	如花似玉
rhsd	如花似朵
rhsj	如花似锦
rhty	如虎添翼
rhui	任何事
rhuh	如何是好
rhuu	惹火烧身
rhvb	如获至宝
rhvu	人海战术
rhww	让位
rhxm	让贤
rhyu	人活一世
rhzo	让座
rhzi	如何自处
ribn	日程表
ribc	日报
ribf	日本
ribj	日班
riez	日出而作
rifw	入场费
rigl	日光
rigv	日晷
rihz	日后
rihj	日韩
rihx	日化
riih	日常
riig	日程
riij	日产
riiu	日出
rijm	日渐
riji	日记
rijq	日久
riju	日剧
rijy	日均
rijp	日结
rikz	日寇
rili	日历
rilo	日落
rimu	日暮
rimm	日冕
rinw	日内
riqr	入场券
riqi	日期
riqm	日前
riqu	日趋
riri	日日
rirz	如痴如醉
rirk	如痴如狂
rirh	人潮人海
rirl	日出日落
rise	日色
ritz	日头
riud	日晒
riui	日食
riuh	日常生活
rivc	日照
rivi	日志
rivf	日臻
riwf	日文
riwh	人畜无害
rixm	日线
rixx	日下
rixb	日薪
rixy	人潮汹涌
riye	日夜
riyi	日益
riyr	日元
riys	日用
riyt	日月
riyu	日语
riyv	如出一辙
riyy	日常用语
rizi	日子
riza	日杂
rjae	忍饥挨饿
rjbk	染病
rjbh	如假包换
rjbj	忍俊不禁
rjdm	燃点
rjdu	染毒
rjds	燃动
rjdl	人杰地灵
rjdy	人间地狱
rjdj	日进斗金
rjer	然而
rjfa	染发
rjfh	燃放
rjfz	然否
rjfp	人间凡品
rjgh	染缸
rjgx	人际关系
rjhz	然后
rjhs	染红
rjhw	染黑
rjhl	染黄
rjhc	燃耗
rjhv	人迹罕至
rjig	染成
rjju	燃具
rjjb	燃尽
rjjv	人尽皆知
rjjw	人际交往
rjjx	日久见人心
rjkf	人尽可夫
rjlv	容积率
rjln	燃料
rjmo	肉夹馍
rjmm	燃面
rjmw	人间美味
rjnu	日久年深
rjnw	人间能得几回闻
rjpj	软键盘
rjqi	燃气
rjqc	人尽其才
rjqr	如见其人
rjqy	人尽其用
rjqj	日进千金
rjrj	冉冉
rjra	人见人爱
rjrk	人见人爱花见花开
rjrl	若即若离
rjse	染色
rjsk	如饥似渴
rjsq	如胶似漆
rjti	日久天长
rjuc	燃烧
rjuh	染上
rjuq	日久生情
rjuw	日渐式微
rjvi	染指
rjva	燃炸
rjvq	人间重晚晴
rjvu	人急智生
rjvd	人间正道
rjvf	人间蒸发
rjws	入境问俗
rjwj	日进万金
rjwi	人敬我一尺
rjxt	染血
rjyz	燃油
rjyl	日积月累
rjyj	日就月将
rjyv	人皆有之
rjyh	人间烟火
rjze	然则
rjzx	如箭在弦
rkjh	入口即化
rklk	绕口令
rkmf	人困马乏
rkqi	热空气
rkrk	让开让开
rkvd	人口众多
rkyv	人靠衣装
rkya	人靠衣装马靠鞍
rlbb	如履薄冰
rldd	如临大敌
rlex	日落而息
rlfg	人来疯
rlfo	如来佛
rlff	弱柳扶风
rlfz	如来佛祖
rlge	如雷贯耳
rlhy	热烈欢迎
rlib	人力成本
rliw	人来车往
rlij	人老成精
rljq	绕了几圈
rlll	人流量
rlla	热辣辣
rlpd	如履平地
rlqj	如临其境
rlrz	揉了揉
rlrq	绕来绕去
rlrw	人来人往
rlry	任劳任怨
rlrv	人流如织
rlsh	如狼似虎
rlsr	绕梁三日
rlsu	热力四射
rltg	热脸贴冷屁股
rlut	扰乱视听
rluy	如临深渊
rlvh	人老珠黄
rlwj	日理万机
rlwm	人类文明
rlwl	人力物力
rlxj	人离乡贱
rlxu	日落西山
rlyk	热泪盈眶
rlyq	绕了一圈
rlzy	人力资源
rlzl	肉烂在锅里
rmbi	人民币
rmfx	如梦方醒
rmgt	人命关天
rmgx	人脉关系
rmgy	人模狗样
rmif	如沐春风
rmix	如梦初醒
rmmm	软绵绵
rmqv	人民群众
rmry	人模人样
rmrh	如梦如幻
rmra	若明若暗
rmsf	入木三分
rmsh	如梦似幻
rmth	人面桃花
rmtq	日暮途穷
rmux	人面兽心
rmuy	戎马生涯
rmvf	人民政府
rmvq	孺慕之情
rmvj	燃眉之急
rmvb	入幕之宾
rmwh	人满为患
rmyp	软磨硬泡
rmyd	人莫予毒
rmyu	戎马一生
rmyx	茹毛饮血
rmzb	如芒在背
rmdx	人民大学
rmdu	如蒙大赦
rmxu	日暮乡关何处是
rmyh	人民银行
rnbv	忍耐不住
rnli	忍耐力
rnrn	热闹热闹
rnsy	如你所愿
rnus	如鸟兽散
rnwa	日内瓦
rnxs	阮囊羞涩
robu	若不
robc	弱爆
rodm	弱点
rodv	弱队
roda	偌大
rofw	若非
rogj	若干
rogo	弱国
rogr	弱冠
rohx	弱化
rohe	若何
rojm	弱碱
rolv	弱旅
rong	若能
roro	弱弱
rosr	弱酸
roui	弱势
rouo	若说
rove	弱者
rovi	弱智
rowu	若无
roxn	弱小
roxl	弱项
roxu	若需
royz	若有
royc	若要
royu	弱于
rozd	若再
rpdx	人品低下
rpfq	任凭风浪起
rpiv	人怕出名猪怕壮
rppa	软趴趴
rpui	日偏食
rpxx	如烹小鲜
rqev	如期而至
rqfg	如蛆附骨
rqjx	如期举行
rqlk	人去楼空
rqln	人情冷暖
rqld	人情练达
rqlv	人情练达即文章
rqmy	柔情蜜意
rqmv	人强马壮
rqqq	热气球
rqrs	如泣如诉
rqrh	人前人后
rqrl	入情入理
rqrc	如切如磋
rqsu	柔情似水
rqtt	热气腾腾
rqtu	忍气吞声
rqui	日全食
rqug	人情世故
rqux	如期实现
rqv	人情债
rqvd	人穷志短
rqww	人情味
rqwi	如期完成
rqwq	人弃我取
rqxu	认清现实
rqyj	日清月结
rqyy	热情洋溢
rqzi	绕圈子
rqzc	燃气灶
rqzr	任其自然
rrba	忍忍吧
rrbb	任人摆布
rrbr	如若不然
rrbj	荣辱不惊
rrdj	软蛋
rrdm	软垫
rrdr	软缎
rrdv	人人得而诛之
rrdu	荣辱得失
rrex	日入而息
rrfj	软饭
rrfv	忍辱负重
rrfw	人若犯我
rrfu	如日方升
rrfr	人若犯我，我必犯人
rrgu	软骨
rrgc	软膏
rrgr	软管
rrhx	软化
rrho	软和
rrhd	人人喊打
rrhj	如入画境
rrhh	热热乎乎
rrhg	忍辱含垢
rrii	软尺
rril	软床
rrjm	软件
rrjb	软禁
rrjv	人人皆知
rrjz	仁人君子
rrkq	软弱可欺
rrle	软了
rrlw	软肋
rrmc	软毛
rrno	软糯
rrnn	热热闹闹
rrpj	软盘
rrpd	人人平等
rrqm	人如其名
rrqq	忍辱求全
rrqu	弱肉强食
rrro	软弱
rrrr	软软
rrti	软体
rrth	软糖
rrtu	忍辱偷生
rruf	热热身
rruv	软水
rruq	冉冉升起
rrvt	如日中天
rrvl	容人之量
rrvv	认认真真
rrvu	仁人志士
rrvm	惹人注目
rrwo	软卧
rrwg	柔若无骨
rrwn	软弱无能
rrwj	如入无人之境
rrwf	软文
rrwq	任人唯亲
rrwx	任人唯贤
rrwl	软弱无力
rrwr	人人为我，我为人人
rrxk	柔韧性
rrxi	软席
rrxh	让人笑话
rrxa	惹人喜爱
rryk	软硬
rryu	软玉
rryg	荣辱与共
rryy	日日夜夜
rryz	人人有责
rrzo	软座
rrzg	任人宰割
rrzw	人人自危
rsbu	绒布
rsbk	融冰
rsbs	人算不如天算
rsco	容错
rsdm	熔点
rsdr	熔断
rsds	溶洞
rsdg	荣登
rsfj	冗繁
rsgl	荣光
rsgv	人所共知
rshe	融合
rsho	荣获
rshx	融化
rshv	融汇
rsih	冗长
rsji	溶剂
rsjp	溶解
rsjb	融进
rsjy	乳酸菌
rsku	绒裤
rskb	如丧考妣
rsle	热死了
rsli	荣立
rsll	容量
rslq	容留
rslu	熔炉
rslm	熔炼
rsma	戎马
rsmc	容貌
rsna	容纳
rsqi	容器
rsqr	融券
rsqx	融洽
rsrf	容忍
rsrh	容让
rsru	融入
rsrs	润色润色
rsrm	人死如灯灭
rsti	染色体
rsts	融通
rsuf	容身
rsug	荣升
rsuu	榕树
rsvl	戎装
rsvu	熔铸
rsvv	冗赘
rsxk	荣幸
rsxu	容许
rsxx	容下
rsxt	溶血
rsyi	容易
rsyc	荣耀
rsye	溶液
rsyj	容颜
rsyk	荣膺
rsyr	蝾螈
rsyu	荣誉
rsyx	日思夜想
rsyn	日思夜念
rszi	融资
rsza	冗杂
rtcd	人头攒动
rtcx	人同此心
rtdw	软体动物
rtga	忍痛割爱
rtgi	人体工程
rtma	人头马
rtsu	如图所示
rttg	热腾腾
rtta	软塌塌
rtuv	人头税
rtwa	入土为安
ruaq	人身安全
rubu	如不
rubd	乳白
rubt	人生百态
rubq	人善被人欺
rubb	人生不满百
rubj	人生不如意事十之八九
ruby	人生不满百，常怀千岁忧
rucg	入室操戈
ruci	如此
rudf	人声鼎沸
rudw	肉食动物
rudh	入党
rudi	入地
ruds	蠕动
rudu	人生地不熟
ruer	入耳
rufg	如风
rufh	乳房
rufy	妊娠反应
rug	人生观
rugo	如果
rugf	人神共愤
rugh	入港
rugj	人身攻击
rugr	入关
rugu	入股
ruge	如歌
rugz	乳沟
rugc	乳膏
ruhe	如何
ruhh	入行
ruho	入伙
ruhu	入户
ruhv	入会
ruhx	如花
ruhf	人生何处不相逢
ruih	入场
ruig	入城
ruic	如潮
ruis	蠕虫
ruiu	如初
ruil	褥疮
ruju	人社局
rujb	如今
rujh	人生几何
rujk	入境
ruji	入籍
rujn	乳胶
rujv	如数家珍
rujx	儒家
rujl	人生经历
ruku	入库
rukz	入口
rukg	入坑
rukd	人生苦短
rulp	入列
rulc	乳酪
ruld	如来
rulq	入流
rulu	人生路不熟
rulm	入殓
rumf	入门
ruma	辱骂
rumg	如梦
rumi	入迷
rumk	乳名
rumm	入眠
rumo	辱没
rumu	乳母
rumb	人生目标
rung	如能
runc	入脑
runl	乳娘
runq	乳牛
runw	入内
runf	人寿年丰
rupk	热水瓶
rupb	乳品
ruq	热水器
ruqb	入侵
ruqr	入圈
ruqq	入秋
ruqt	弱势群体
ruqi	如期
ruqy	入群
ruqm	如前
ruro	如若
ruru	认识认识
rurh	人山人海
rurm	人生如梦
rurx	人生如戏
rurq	人生如棋
rurj	人生若只如初见
rusg	日上三竿
rusq	弱水三千
rusi	如斯
ruso	如梭
rusr	乳酸
rusu	如上所述
rusy	弱水三千只取一瓢饮
ruts	如同
ruti	如题
rutu	如图
rutz	乳头
ruto	入托
rutr	入团
rutg	人是铁饭是钢
ruuz	入手
ruuf	惹是生非
ruug	儒生
ruuh	如上
ruui	如实
ruuu	如数
ruuv	入睡
ruvc	乳罩
ruvf	如释重负
ruvh	入账
ruvi	入职
ruvu	入住
ruvv	入赘
ruvd	容身之地
ruvb	肉食者鄙
ruww	入围
ruwh	入网
ruwu	入伍
ruwg	人谁无过
ruxx	如下
ruxt	入学
ruxm	乳腺
ruxb	入心
ruxr	入选
ruxu	如需
ruxi	入戏
ruxy	柔声细语
ruya	儒雅
ruyi	如意
ruyj	如烟
ruye	乳液
ruyu	如玉
ruyl	日晒雨淋
ruyr	如愿
ruys	如用
ruyt	如约
ruyv	人是衣妆
ruyy	如云
ruyz	如有
ruyh	日升月恒
ruyc	如要
ruzc	热水澡
ruzi	褥子
ruzo	入座
ruzu	人生在世
ruzy	人身自由
ruzs	人生自古谁无死
rvar	仁者爱人
rvci	肉中刺
rvcq	任重才轻
rvdm	瑞典
rvdy	任重道远
rvdg	柔中带刚
rvey	任重而道远
rvhx	锐化
rviq	人之常情
rvit	人至察则无徒
rviu	人之初，性本善
rvjm	锐减
rvjn	锐角
rvjr	仁者见仁
rvjs	人之将死
rvju	人之将死，其言也善
rvli	锐利
rvls	热胀冷缩
rvlf	人中龙凤
rvlu	仁者乐山
rvnh	如之奈何
rvqi	锐气
rvrz	绕指柔
rvrm	如琢如磨
rvui	瑞士
rvvi	睿智
rvvl	人中之龙
rvwm	日臻完美
rvwu	日臻完善
rvwd	仁者无敌
rvwv	人证物证
rvxt	瑞雪
rvyu	热衷于
rvyi	锐意
rvyj	仁至义尽
rvyq	人争一口气
rwan	攘外安内
rwcs	人为财死
rwdr	人为刀俎，我为鱼肉
rwdl	人文地理
rwgz	人往高处走
rwgh	人文关怀
rwhf	人无横财不富
rwkr	忍无可忍
rwlj	任务栏
rwqu	若无其事
rwqh	人无千日好
rwrl	人五人六
rwwr	人无完人
rwwy	人无我有
rwxu	润物细无声
rwxl	人无信不立
rwvy	人文主义
rwvx	人亡政息
rwyy	人无远虑，必有近忧
rwyl	人无远虑
rwyq	人微言轻
rwyr	人外有人
rwyt	融为一体
rwzi	绕弯子
rwzg	若为自由故
rxbx	人心不足蛇吞象
rxbg	人心不古
rxdc	人行道
rxft	热血沸腾
rxfd	人心浮动
rxgd	人小鬼大
rxgp	人心隔肚皮
rxhx	人性化
rxhs	人心涣散
rxhd	人行横道
rxhh	人心惶惶
rxih	热心肠
rxmc	人心莫测
rxne	热血男儿
rxnc	人心难测
rxql	日行千里
rxqy	人心齐泰山移
rxrf	热心人
rxru	仁心仁术
rxrg	柔心弱骨
rxss	入乡随俗
rxsx	人心所向
rxsg	人心所归
rxsj	人心丧尽
rxsb	人心思变
rxsd	人心思定
rxun	任贤使能
rxvv	荣幸之至
rxvd	容膝之地
rxvn	瑞雪兆丰年
rxwg	乳臭未干
rxww	任性妄为
rxxe	人心险恶
rxxb	人心向背
rxxu	人心向善
rxyy	日新月异
rxyu	日行一善
rybi	软硬不吃
rycl	日夜操劳
ryct	日月蹉跎
rydd	仁义道德
rydq	绕一大圈
rydf	人有旦夕祸福
rydu	如鱼得水
ryev	如约而至
ryfu	润肤
ryfq	饶有风趣
ryft	肉眼凡胎
ryff	肉眼凡夫
rygj	荣誉感
rygh	日月光华
ryhx	润滑
ryhl	人欲横流
ryiy	润唇
ryih	荣誉称号
ryju	软硬兼施
ryji	日夜兼程
ryjz	仁义君子
ryjq	锐意进取
ryjx	如意吉祥
ryjy	日以继夜
rykw	人言可畏
rykj	肉眼可见
rylp	人要脸树要皮
rylx	仁义礼智信
rylt	如有雷同
rymf	人仰马翻
rynm	闰年
rypb	日用品
ryqr	绕一圈
ryqf	人以群分
ryqg	日月齐光
ryrf	忍一忍
ryrz	揉一揉
ryry	润润
ryrs	日月如梭
ryrv	若要人不知
ryrw	若有若无
ryrx	若隐若现
rysm	日有所思，夜有所梦
ryse	润色
rysp	如意算盘
ryss	若有所思
rysw	若有所悟
rysu	若有所失
rysx	如影随形
rysj	人有三急
rytj	日月潭
ryti	日益突出
ryth	日月同辉
ryui	润湿
ryuv	如有神助
ryut	人妖殊途
ryvu	仁义之师
ryvi	如蝇逐臭
rywh	容易忘
rywu	如烟往事
rywx	软玉温香
rywf	儒以文乱法
rywg	日月无光
ryxq	饶有兴趣
ryxv	饶有兴致
ryxi	日月星辰
ryxu	人烟稀少
ryyt	闰月
ryyi	如愿以偿
ryyy	人云亦云
ryyv	日益严重
ryyl	容颜易老
ryze	润泽
ryzv	日益增长
ryzz	人言啧啧
rzbc	肉包
rzbk	肉饼
rzbo	肉搏
rzco	揉搓
rzci	肉刺
rzdc	柔道
rzdj	肉弹
rzdk	肉丁
rzdy	肉盾
rzdm	人走灯灭
rzfu	肉脯
rzgj	肉感
rzgv	肉桂
rzgl	柔光
rzgg	肉羹
rzgz	认祖归宗
rzhe	柔和
rzhx	柔滑
rzih	柔肠
rzir	肉串
rzif	如坐春风
rzig	揉成
rzil	人走茶凉
rzji	肉鸡
rzjl	肉酱
rzjx	肉价
rzjh	人赃俱获
rzjj	人在江湖，身不由己
rzkj	孺子可教
rzlb	蹂躏
rzlq	肉瘤
rzlw	肉类
rzlj	如遭雷击
rzma	肉麻
rzmm	揉面
rzmw	柔美
rzmi	肉糜
rznq	孺子牛
rznf	柔嫩
rznp	揉捏
rzpm	肉片
rzpn	肉票
rzpd	肉排
rzpi	肉皮
rzpu	肉铺
rzqk	柔情
rzqb	肉禽
rzrr	柔软
rzrf	柔韧
rzro	柔弱
rzrz	揉揉
rzri	如醉如痴
rzse	肉色
rzsi	肉丝
rzss	肉松
rzsv	揉碎
rzti	肉体
rzts	肉痛
rztg	肉疼
rzth	肉汤
rzuy	柔顺
rzuf	肉身
rzui	肉食
rzve	揉着
rzvi	肉质
rzvv	如坐针毡
rzwj	肉丸
rzwx	人在屋檐下
rzwt	人在屋檐下，不得不低头
rzxk	柔性
rzxm	肉馅
rzxl	肉香
rzyj	肉眼
rzyu	肉欲
rzya	肉芽
rzyz	荣宗耀祖
rzyy	日滋月益
rzzs	肉粽
rzzf	认贼作父
s	三
sve	随
sid	死
sit	思
siv	司
so	所
si	四
sitc	寺
siq	斯
se	色
suz	速
sd	赛
sr	算
suf	素
su	苏
syf	损
ss	送
sv	岁
sih	私
sou	索
suyi	诉
svk	虽
ssm	松
sj	散
syz	孙
sir	似
sdb	塞
siva	丝
sf	森
sac	萨
sos	缩
subt	塑
suv	肃
ssb	宋
sur	俗
sry	酸
shy	桑
sc	扫
soj	锁
siu	饲
sub	宿
shu	丧
sad	洒
sa	撒
ssy	讼
svu	碎
szv	艘
sz	搜
svez	隧
ssbr	颂
socu	莎
scm	骚
svz	遂
sia	肆
syv	笋
svg	髓
sjr	伞
src	蒜
svh	穗
ssre	耸
som	梭
sew	瑟
seb	塞
svs	绥
sg	僧
sux	粟
sed	涩
sudo	溯
sif	撕
ssyy	诵
scn	嫂
shk	嗓
sow	琐
side	泗
sveo	隋
svzu	邃
suy	酥
sse	嵩
suj	夙
sirk	伺
scmo	梢
sikk	嗣
sip	祀
sirl	食
scs	缫
sii	厮
sim	驷
sik	嘶
syc	荪
ssd	淞
szf	擞
sokx	嗦
szkr	嗽
sok	嗦
sokr	唢
sij	锶
seu	啬
svof	睢
svi	祟
suxx	愫
sdo	腮
sal	飒
sodn	娑
svd	濉
szk	嗖
suvr	簌
susb	缩
ssr	怂
sua	稣
saa	卅
sym	榫
scf	搔
ssxu	悚
sar	仨
shf	搡
szp	叟
surm	僳
syr	隼
szu	馊
suyw	谡
sivv	巳
sses	崧
soc	蓑
siij	蛳
siks	咝
sika	咝
seh	穑
soy	羧
svyu	谇
szc	薮
svo	睢
sdk	噻
sej	铯
scb	瘙
ssl	竦
sadu	挲
sod	娑
sjs	叁
sjss	叁
sco	臊
scom	臊
ssc	菘
sscs	菘
sda	鳃
sdax	鳃
sil	耜
szj	飕
sivk	笥
sud	涑
syq	狲
syqx	狲
somu	桫
szku	嗾
sjm	糁
sjmp	糁
sju	馓
sjuw	馓
srq	狻
srqw	狻
syx	飧
syxl	飧
sct	埽
sctj	埽
soko	嗍
sisn	鸶
sivn	鸶
sis	缌
sisx	缌
sidj	澌
sin	姒
sinr	姒
suc	蔌
sucr	蔌
soo	睃
soow	睃
sids	汜
szd	溲
szdy	溲
suk	嗉
sukx	嗉
svc	荽
svcn	荽
scsm	缲
sao	脎
saom	脎
sjsm	毵
shum	磉
siae	兕
szjy	锼
szi	螋
sziy	螋
szo	瞍
szoy	瞍
siw	漦
sewb	璱
sidu	涘
sag	靸
sagj	靸
sadw	潵
scd	溞
sipj	虒
sirx	偲
sie	㟃
siek	㟃
simx	楒
sodx	溹
ssnu	娀
subu	窣
sug	甦
sugu	甦
surx	傃
suzb	蹜
sviz	𫟦
szcg	蒐
svjz	𬭼
sja	三
sitx	思
siqj	斯
sedb	色
suzu	速
sdbr	赛
srv	算
sufx	素
sucb	苏
syfr	损
ssz	送
svex	岁
sihs	私
soux	索
sidb	死
svki	虽
ssms	松
syzx	孙
sirr	似
sfmm	森
saci	萨
sosb	缩
suvd	肃
ssbm	宋
surk	俗
sryw	酸
shym	桑
scfe	扫
sojr	锁
siuk	饲
subb	宿
shun	丧
sadx	洒
saf	撒
szvy	艘
szfy	搜
scmi	骚
siay	肆
syvy	笋
svgz	髓
sjru	伞
srcx	蒜
somw	梭
sebt	塞
svsn	绥
sgro	僧
sedv	涩
sifj	撕
scny	嫂
shkm	嗓
sowr	琐
ssek	嵩
sujd	夙
sips	祀
scsg	缫
sime	驷
sycx	荪
szfw	擞
sokw	唆
svix	祟
sdox	腮
siru	俟
salx	飒
svdf	濉
szky	嗖
ssrx	怂
suah	稣
saal	卅
symu	榫
scfi	搔
sars	仨
shfm	搡
szpy	叟
syru	隼
szuy	馊
socy	蓑
sehk	穑
soyw	羧
ssxs	忪
szcw	薮
svot	眭
sdkt	噻
sejb	铯
scbi	瘙
sodu	挲
sjae	三
srvc	算
sszt	送
safw	撒
sm	什么
sy	所以
sx	思想
sk	思考
sw	所谓
sh	似乎
sb	随便
sq	索取
sl	算了
sp	碎片
sn	随你
st	三天
sabm	洒遍
sadn	撒刁
sadj	撒旦
sahl	撒谎
sahr	撒欢
sahx	撒花
sajn	撒娇
sajx	洒家
sakd	撒开
salo	洒落
salw	洒泪
sald	撒赖
sann	撒尿
sapo	撒泼
saqi	撒气
sasc	洒扫
sato	洒脱
satv	撒腿
sauz	撒手
saul	飒爽
sauv	洒水
savs	撒种
sawh	撒网
saxx	洒下
saye	撒野
sbbb	三步并作两步
sbdc	三班倒
sbdy	随波荡漾
sbda	斯巴达
sbdk	斯巴达克
sbgr	三不管
sbgh	死不改悔
sbho	三把火
sbhg	死不悔改
sbiw	思不出位
sbji	所不及
sbjk	三拜九叩
sbkn	俗不可耐
sble	随便了
sblm	算不了什么
sblh	三百六十行
sblw	三百六十五
sblj	酸不拉几
sbld	酸不溜丢
sbmm	死不瞑目
sbni	随便你
sbnl	随便你了
sbqu	三部曲
sbpo	三八婆
sbqy	溯本求源
sbsr	算不算
sbuh	算不上
sbuu	随便说说
sbv	三不沾
sbvj	损兵折将
sbvl	随波逐流
sbxl	四不像
sbxu	素不相识
sbxv	死不旋踵
sbyr	虽败犹荣
sbyy	散兵游勇
sbyk	色不异空
sbyu	三步一岗，五步一哨
sbzi	腮帮子
sbzx	死不足惜
scba	扫把
scbc	骚包
scbf	色彩缤纷
scbl	色彩斑斓
scbu	三寸不烂之舌
scdh	扫荡
scdi	扫地
scds	骚动
scdu	扫毒
scgo	扫过
schl	扫黄
schw	扫黑
scho	扫货
sciu	扫除
scjl	三寸金莲
scke	骚客
sclr	骚乱
sclm	扫脸
sclw	扫雷
scma	扫码
scmh	扫盲
scmn	扫描
scmu	扫墓
scpk	扫平
scqi	骚气
scqk	扫清
scrc	骚扰
scsc	嫂嫂
scsd	三从四德
sctz	搔头
scue	扫射
scui	扫视
scvz	扫帚
scvu	三寸之舌
scww	扫尾
scxk	扫兴
scxt	扫雪
scxu	似曾相识
scxl	似曾相识燕归来
scyh	瘙痒
sczi	嫂子
sdbw	塞北
sdbt	色胆包天
sddc	赛道
sddr	赛段
sddm	赛点
sddb	随地大小便
sdfd	似懂非懂
sdfm	四大发明
sdgw	塞给
sdgm	斯德哥尔摩
sdgo	赛过
sdhs	腮红
sdhv	赛会
sdhz	赛后
sdih	赛场
sdie	赛车
sdig	赛程
sdim	扫地出门
sdib	撒豆成兵
sdjl	三等奖
sdjb	塞进
sdji	赛季
sdjk	四大皆空
sdkl	赛况
sdle	死定了
sdlq	随大流
sdlb	斯大林
sdlt	死到临头
sdmj	塞满
sdma	赛马
sdmv	四大名著
sdpc	赛跑
sdqm	赛前
sdqi	赛期
sdqs	死得其所
sdqu	赛区
sdrf	三代人
sdtz	死对头
sdtk	赛艇
sduv	所得税
sduh	塞上
sdui	赛事
sduu	算得上是
sduj	锁定胜局
sdvi	赛制
sdvu	僧多粥少
sdwd	塞外
sdwf	赛文
sdxx	私底下
sdyh	四大洋
sdya	塞牙
sdyi	搔到痒处
sdzi	塞子
sebj	色斑
seby	色而不淫
secd	色彩
sedd	色带
sedj	色胆
sedn	色调
sedu	色度
sefu	死而复生
segv	色鬼
segl	色光
sehc	色号
sehy	死而后已
seia	色差
seji	塞积
sejp	色戒
sekk	色块
seka	色卡
selh	色狼
sela	色拉
seln	酸儿辣女
semh	色盲
semi	色迷
semo	色魔
sepu	色谱
seqk	色情
seqq	色球
sero	色弱
sesu	色素
sese	瑟瑟
seso	瑟缩
setu	色图
seuk	色衰
sevi	色值
sewf	色温
seww	涩味
sewh	死而无憾
sewy	塞尔维亚
sewd	萨尔瓦多
sexl	色相
sexb	色心
sexi	色系
seyz	色诱
seyu	色欲
seyh	色样
seyi	色艺
seze	色泽
sfbm	四方八面
sfcd	私房菜
sfdu	三分毒
sfdc	随风倒
sfdl	司法独立
sfeq	随风而去
sfeu	随风而逝
sfhj	森寒
sfix	司法程序
sflb	森林
sflc	三番两次
sflt	三房两厅
sfju	司法局
sfjd	司法鉴定
sfpy	随风飘扬
sfqm	私房钱
sfqq	三分球
sfqy	随风潜入夜
sfrj	森然
sfsc	三番四次
sfsf	森森
sfsx	送佛送到西
sftm	三伏天
sftx	三分天下
sfvs	三分钟
sfvd	随风转舵
sfvy	三分之一
sfve	三分之二
sfwc	三番五次
sfwl	四分五裂
sfxr	三分像人
sfxg	三分像人，七分像鬼
sfyj	森严
sfya	索菲亚
sfyt	三房一厅
sfyy	随风摇曳
sgbj	三个半
sgbv	三观不正
sgby	三更半夜
sgdc	僧道
sgdy	三个多月
sgdl	三国鼎立
sgdu	三个多小时
sgdv	三个多钟
sgdj	三更灯火五更鸡
sgfs	损公肥私
sgfm	三个方面
sghi	三个和尚没水吃
sgij	三个臭皮匠
sgil	三个臭皮匠，赛过诸葛亮
sgjh	三观尽毁
sgjk	三跪九叩
sglj	苏格兰
sglz	仨瓜俩枣
sglb	萨格勒布
sgld	苏格拉底
sglp	三姑六婆
sglv	僧侣
sgly	三宫六院
sgml	三顾茅庐
sgmr	四顾茫然
sgni	僧尼
sgpi	算个屁
sgpc	僧袍
sgqx	三管齐下
sgr	三个人
sgrf	僧人
sgsu	僧俗
sgsg	死贵死贵
sguf	三更时分
sgvl	赛过诸葛亮
sgv	三个钟
sgvs	僧众
sgvt	三个钟头
sgvi	三国志
sgwt	三个问题
sgwi	三纲五常
sgwr	四顾无人
sgxq	三个星期
sgxu	三个小时
sgy	三个月
sgyt	四个月
sgyy	三国演义
sgyc	死过一次
sgz	三个字
sgzi	四个字
shba	桑巴
shbx	死活不信
shbi	丝毫不差
shcj	桑蚕
shd	松花蛋
shdj	丧胆
shdf	扫黄打非
shfu	丧服
shfr	死灰复燃
shgm	死灰槁木
shjl	松花江
shju	随行就市
shjd	三花聚顶
shla	撒哈拉
shlm	撒哈拉沙漠
shlp	丧魂落魄
shli	丧礼
shmf	嗓门
shmk	丧命
shna	桑拿
shou	丧偶
shqi	丧气
shqp	三魂七魄
shsu	四环素
shsy	岁寒三友
shts	死胡同
shtm	桑田
shug	丧生
shuf	桑葚
shui	丧失
shup	四海升平
shuu	桑树
shuh	俗话说得好
shuo	俗话说
shvs	丧钟
shvd	四海之内皆兄弟
shwd	三皇五帝
shws	三呼万岁
shwj	四海为家
shxu	三好学生
shyi	三合一
shyr	四合院
shyb	嗓音
shye	桑叶
shyj	四海一家
shyn	松鹤延年
shzi	嗓子
shzh	丧葬
siyc	撕咬
sibf	私奔
sibd	四百
sibi	撕逼
sibj	死板
sibm	思辨
sibz	四处奔走
sici	四次
sicg	四层
sich	私藏
sicy	思忖
sidd	丝带
sidh	死党
sidm	四点
sidi	死敌
sidn	撕掉
sifa	司法
siff	四分
sifh	四方
sifu	私服
sige	四个
sigd	搜肠刮肚
sigl	死光
sigo	死过
sigu	四顾
sigv	死鬼
sigz	死狗
sigx	丝瓜
sihc	丝毫
sihd	四海
sihx	丝滑
sihj	嘶喊
siho	死活
sihr	死缓
sihu	似乎
sihv	撕毁
sihy	厮混
sihz	死后
siig	死撑
siia	死叉
siis	四重
siic	思潮
siie	撕扯
siir	四川
siiu	四处
siif	死沉
siiy	思春
siiz	丝绸
siji	司机
siju	死局
sijn	死角
sijp	死结
sijx	私家
sijb	丝巾
sijm	三重简码
sikc	思考
sikd	撕开
sikh	死扛
sike	死磕
sikj	随处可见
silb	四邻
silj	撕烂
silc	死牢
sild	三长两短
sile	死了
silz	四楼
sili	私立
silk	司令
sill	思量
siln	私聊
silp	撕裂
silq	四六
silu	思路
silv	思虑
sily	四轮
sima	司马
simi	私密
simk	死命
simm	四面
simn	寺庙
simu	私募
simz	思谋
simf	四门
simo	厮磨
sinj	死难
sinm	思念
sint	肆虐
sinh	私囊
sina	私拿
sipn	撕票
sipo	撕破
sipb	四品
sipk	四平
sipl	四处飘零
siqi	死期
siqk	私情
siqf	思潮起伏
siqm	四千
siqq	死囚
siqu	死去
sirf	私人
siri	四日
sirs	丝绒
sisi	死死
siso	思索
sisv	四岁
sisj	四散
sitm	四天
sits	私通
situ	司徒
sity	私吞
siug	四川省
siua	厮杀
siue	四射
siuf	死神
siuh	死伤
siui	四十
siuu	私塾
siuv	死水
siuz	死守
sivu	死猪
sive	死者
sivi	四肢
sivl	丝绸之路
sivz	四周
sivd	私宅
sivj	死战
siww	思维
siwa	丝袜
siwf	斯文
siwh	死亡
siwj	四万
siwu	四五
sixb	死心
sixk	死刑
sixl	思想
sixt	死穴
sixu	思绪
sixx	私下
sixy	死讯
siya	嘶哑
siyb	死因
siyh	饲养
siyi	肆意
siyk	私营
siyr	寺院
siys	私用
siyt	四月
siyu	死于
siyz	私有
siz	三重奏
sizz	四重奏
sizi	私自
sizd	死在
sizo	四座
sizv	死罪
sida	厮打
sidx	四川大学
sjyh	散养
sjzo	散座
sjba	三八
sjbd	三百
sjbf	三本
sjbm	三遍
sjbo	散播
sjbu	散步
sjbw	三倍
sjbk	伞兵
sjbi	四脚八叉
sjcd	私家菜
sjci	三次
sjcg	三层
sjcj	三餐
sjcy	三寸
sjd	三季度
sjdu	四季度
sjda	散打
sjdj	散弹
sjdd	三代
sjdy	三顿
sjdm	三点
sjdz	四季豆
sjed	伺机而动
sjfh	三方
sjfg	撒酒疯
sjfa	散发
sjff	三分
sjfu	三伏
sjfc	四季发财
sjfm	四季分明
sjge	三个
sjgr	三观
sjgl	散光
sjgs	散工
sjgo	三国
sjgg	三更
sjhx	三句话
sjhc	三号
sjhe	三盒
sjho	散伙
sjhu	散户
sjhv	散会
sjhh	三句话不离本行
sjie	私家车
sjih	散场
sjiu	三处
sjig	三成
sjii	三尺
sjis	三重
sjit	四脚朝天
sjiq	四季常青
sjji	三级
sjju	三句
sjjm	三件
sjjb	三斤
sjjy	三军
sjjd	所见即所得
sjjl	三教九流
sjjc	散尽家财
sjjn	三角
sjjq	三九
sjjx	散架
sjkd	散开
sjke	散客
sjlz	三楼
sjly	三轮
sjle	散了
sjll	三两
sjlo	散落
sjlq	三流
sjlr	散乱
sjlw	三类
sjlt	所见略同
sjlu	三局两胜
sjmf	三门
sjmk	三名
sjmj	散漫
sjmw	三枚
sjmi	三驾马车
sjnm	三年
sjpd	三排
sjpk	三瓶
sjpm	三篇
sjpw	三陪
sjpb	三品
sjpj	三盘
sjpf	三盆
sjpi	三批
sjqr	丧家犬
sjqu	散去
sjqi	三七
sjqk	三缄其口
sjqm	三千
sjqa	三聚氰胺
sjre	散热
sjrf	三人
sjri	三日
sjsi	三四
sjsv	三岁
sjsj	散散
sjsb	耸肩缩背
sjsd	随叫随到
sjsw	所见所闻
sjsh	三江四海
sjtm	三天
sjtc	三套
sjtn	三条
sjtl	丧尽天良
sjts	三通
sjui	三十
sjue	散射
sjuk	色即是空
sjvs	三种
sjve	三者
sjvl	散装
sjvq	丧家之犬
sjvz	三周
sjvh	三张
sjwf	散文
sjwj	三万
sjww	三位
sjwu	三五
sjx	三角形
sjxb	散心
sjxi	散席
sjxk	三星
sjxx	三峡
sjxm	三线
sjya	三亚
sjyb	随机应变
sjyt	三月
sjyx	送旧迎新
skjg	司空见惯
skpl	斯科普里
skqi	松口气
sksi	萨克斯
sksk	思考思考
skti	思考题
skyu	随口一说
skyw	随口一问
skyx	思考一下
slba	算了吧
slbj	酸了吧唧
slbk	四六不靠
sldd	塑料袋
slfk	斯洛伐克
slgr	三连冠
slie	三轮车
sljd	三六九等
sllq	酸溜溜
slld	酸溜溜的
sllk	斯里兰卡
slke	斯洛克
slkq	松了口气
slkm	僧来看佛面
slla	塞拉利昂
slmf	所罗门
slnj	苏里南
slnr	色厉内荏
slqd	四轮驱动
slqu	死里求生
slrw	萨拉热窝
slsr	算了算
slsl	算了算了
slsj	耸了耸肩
slt	缩略图
sltu	死里逃生
slui	苏黎世
slwu	三令五申
slwx	森罗万象
slwy	斯洛文尼亚
slxx	三两下
slxq	思来想去
slyr	司令员
slyt	死路一条
slyq	松了一口气
slzu	撒拉族
smbf	四面八方
smda	思密达
smdy	死马当活马医
smgl	司马光
smig	四面楚歌
smit	素面朝天
smjt	四目交投
smkh	四面开花
smli	索马里
smmi	色眯眯
smnv	驷马难追
smng	岁末年关
smni	岁末年初
smpu	素昧平生
smqu	司马青衫
smsy	似模似样
smth	酸梅汤
smud	四面受敌
smvi	三明治
smvy	三民主义
smvh	三昧真火
smvx	司马昭之心
smvv	司马昭之心，路人皆知
smxk	丧门星
smxd	四目相对
smyi	扫描仪
snba	随你吧
snbm	三年不鸣
snbv	三年不开张
sndb	随你的便
snj	三年级
snjb	死脑筋
snji	四年级
snje	塞内加尔
snke	斯诺克
snqm	三年前
snqy	三年清知府，十万雪花银
snle	随你了
snlz	三年两载
snwz	三年五载
sobm	锁边
soci	所赐
sodc	索道
sode	所得
sodk	锁定
sodr	缩短
sofh	缩放
sofj	所犯
sogu	锁骨
sogo	锁国
soga	嗦嘎
soho	所获
sohr	索还
sohv	缩回
soha	梭哈
sohc	锁好
sohz	锁喉
soiu	所处
soii	所持
soig	所成
soih	所长
sojb	缩进
sojm	缩减
sojx	索价
soks	锁孔
sokz	锁扣
solp	所列
sole	锁了
soln	所料
soll	缩量
solm	锁链
solt	缩略
somf	锁门
somk	索命
sona	唢呐
song	所能
sopk	锁屏
sopw	索赔
soqu	索取
soqm	所欠
sorj	索然
sosv	琐碎
sosi	锁死
soti	锁体
soto	所托
sotp	锁帖
sotz	锁头
souh	锁上
soui	琐事
souo	所说
souu	所属
souv	缩水
souz	所受
sovh	所长
sovd	缩窄
sovi	所致
sovu	锁住
sove	锁着
sowf	所闻
soww	所谓
soxk	索性
soxm	所限
soxn	缩小
soxp	缩写
soxt	所学
soxu	所需
soyb	索引
soyj	所言
soyc	索要
soyi	所以
soyk	缩影
soyr	所愿
soyz	所有
soys	所用
soyt	锁钥
sozd	所在
sozi	梭子
sozo	所做
spbw	四平八稳
spdg	撒泼打滚
splm	撕破脸
spll	死皮赖脸
splp	撕破脸皮
spls	塞浦路斯
sqbl	死乞白赖
sqbu	三拳不敌四手
sqdh	俗气得很
sqey	三七二十一
sqfl	三权分立
sqfs	三千烦恼丝
sqhl	死去活来
sqii	死气沉沉
sqiu	三千宠爱在一身
sqkd	三七开
sqld	算起来
sqlj	三拳两脚
spnv	撒泡尿照照
spsy	三朋四友
sqqn	死翘翘
sqrg	丧权辱国
sqsh	速去速回
sqsq	三妻四妾
sqsy	三请四邀
sqwy	虽千万人吾往矣
sqxh	思前想后
sqyi	三缺一
srbj	损人不利己
srcd	酸菜
srco	算错
srci	私人财产
srdc	算到
srdu	酸度
srdk	算定
srdf	送入洞房
srfa	算法
srgx	算卦
srhx	算话
sriu	酸楚
srih	三人成虎
sriz	酸臭
srji	算计
srjm	酸碱
srku	酸苦
srle	算了
srla	酸辣
srld	算来
srli	算力
srlj	损人利己
srmk	算命
srma	酸麻
srmn	蒜苗
srmw	酸梅
srmi	蒜米
srmo	蒜末
srmy	虽然没有
srnd	酸奶
srni	蒜泥
srpj	算盘
srqk	算清
srqm	算钱
srqj	肃然起敬
srqy	思如泉涌
srrr	酸软
srrs	蒜蓉
srsr	算算
srse	酸涩
srsy	酸笋
srsh	色若死灰
srts	酸痛
srtg	酸疼
srtm	酸甜
srth	酸汤
srtd	蒜薹
srtw	耸人听闻
srtz	蒜头
srua	算啥
srui	算是
sruh	算上
srul	酸爽
sruv	酸水
sruu	算数
srvh	算账
srvy	算准
srvn	三日之内
srww	酸味
srx	三人行
srxt	洒热血
srxx	算下
srxk	酸性
srxl	蒜香
srxu	三人行，必有我师
sryu	酸雨
srzo	算作
srzc	酸枣
srzd	算在
ssbu	散散步
ssbc	怂包
ssbd	松柏
ssbh	松绑
ssbp	送别
ssbb	随随便便
ssbt	四散奔逃
ssco	送错
sscv	松脆
ssci	宋词
sscd	送菜
sscj	送餐
ssda	送达
ssdc	送到
ssds	松动
ssdu	诵读
ssdd	宋代
ssdm	三四点
ssdv	三四点钟
ssex	三思而行
ssfj	送饭
ssfv	三四分钟
ssff	四四方方
ssfd	瑟瑟发抖
ssfi	随俗浮沉
ssgw	送给
ssgo	松果
ssgr	三四个人
ssgy	三四个月
ssge	颂歌
ssgu	送股
sshv	送回
ssho	送货
sshr	送还
sshx	送花
ssiu	送出
ssic	宋朝
ssii	松弛
ssj	耸耸肩
ssjb	送进
ssjk	诵经
ssjm	送检
ssjn	送交
sskd	松开
sske	送客
sskk	松松垮垮
sskz	松口
sskx	松垮
sski	搜索枯肠
ssle	送了
sslb	松林
ssld	送来
ssli	送礼
sslu	松露
ssll	三三两两
ssmk	送命
ssmu	松木
ssnn	岁岁年年
ssn	三四年
ssnm	碎碎念
ssnf	松嫩
ssnt	岁岁年年人不同
sspa	岁岁平安
ssqu	送去
ssqb	送亲
ssqm	送钱
ssrf	送人
ssrj	悚然
ssrs	松茸
ssrk	丝丝入扣
ssrr	松软
ssru	送入
sssv	三四岁
ssss	松松
sssj	松散
sssi	送死
sssx	所思所想
sstm	三四天
ssti	宋体
sstc	松涛
ssto	松脱
sstu	松土
sstt	酸酸甜甜
ssui	三四十
ssus	三四十岁
ssuf	送审
ssuh	送上
ssuj	嵩山
ssuu	松鼠
ssuv	送水
ssuz	松手
ssvi	送至
ssvj	送站
ssvs	送终
sswh	送往
ssww	斯斯文文
ssxb	送信
ssxk	送行
ssxl	松香
ssxp	松懈
ssxe	三岁小儿
ssxh	三岁小孩
ssyh	颂扬
ssyi	送医
ssyf	三四月份
ssys	怂恿
ssyu	虽死犹生
ssyq	搜索引擎
ssyv	岁岁有今朝
sszz	送走
sszv	松嘴
sszh	送葬
sszi	松子
stba	随他吧
stbd	四通八达
stbq	四体不勤
stbw	三天不打，上房揭瓦
stdy	三天打鱼
stdw	三天打鱼，两天晒网
sthu	三堂会审
stjp	撒腿就跑
stjt	斯图加特
stkl	酸甜苦辣
stkk	酸甜可口
stkx	酸甜苦辣咸
stle	随他了
stlu	三条路
stlb	三头六臂
stlt	三天两头
stqu	随他去
stqb	随他去吧
stst	酸痛酸痛
stsy	三天三夜
stt	扫堂腿
sttv	四条腿
stwg	缩头乌龟
stsn	缩头缩脑
stfx	斯坦福大学
stxy	扫榻相迎
styd	扫榻以待
suai	色衰爱弛
subd	素白
subc	速报
subk	酥饼
subg	撒手不管
subj	四时八节
subh	四十不惑
sucd	素材
sucj	素餐
sucv	酥脆
suda	苏打
sudi	速递
sudj	苏丹
suds	速冻
sudu	速度
sudn	三十多年
suer	塞舌尔
suef	似是而非
suel	三十而立
sueq	撒手而去
sufg	塑封
sufh	随声附和
sufu	素服
sugj	速干
sugh	塑钢
sugv	速归
sugt	三十功名尘与土
suho	私生活
suhh	苏杭
suhv	速回
suhx	俗话
suhy	色授魂与
suhj	三十好几
suig	俗称
suia	速查
suir	速传
suiz	宿仇
suit	三十出头
suji	速记
sujk	肃静
sujn	塑胶
sujt	速决
sujl	速降
sujx	俗家
sujs	三十几岁
suku	诉苦
suln	塑料
suld	素来
suli	肃立
sulj	三十六计
sulm	苏联
sulu	速录
sulv	速率
suls	三十来岁
sume	算什么
sumf	送上门
sumn	素描
suma	酥麻
sumk	宿命
summ	素面
sumu	肃穆
suml	送上门来
sun	三十年
sunm	俗念
sunl	随手拈来
sunz	搔首弄姿
sunh	似水年华
sund	三十年河东
sunx	三十年河西
sunv	私生女
suqq	诉求
suqu	速去
suqi	俗气
suqk	肃清
surf	俗人
surz	酥肉
surh	撒手人寰
surj	肃然
surq	似水柔情
surr	酥软
surs	速溶
sus	三十岁
susv	四十岁
suss	诉讼
susd	随时随地
susk	随时随刻
susj	缩手缩脚
susr	速算
susu	速速
suse	素色
sutk	随身听
sutc	俗套
suth	酥糖
sutt	四世同堂
suua	肃杀
suue	宿舍
suuf	塑身
suui	素食
suuo	诉说
suuu	素数
suvi	素质
suvl	诉状
suvu	诉诸
suvz	苏州
suwj	所剩无几
suwr	四舍五入
suwu	俗物
suwl	死水微澜
suwd	碎尸万段
suwy	三山五岳
suxk	苏醒
suxl	塑像
suxn	速效
suxm	素馅
suxq	苏绣
suxs	酥胸
suxp	速写
suxd	随身携带
suya	素雅
suyr	夙愿
suyj	素颜
suyh	素养
suyk	宿营
suyu	俗语
suyx	三生有幸
suyz	素有
suyt	死水一潭
suzc	塑造
suzv	宿醉
suzi	私生子
svbm	随便
svbi	随笔
svbu	碎步
svbk	碎冰
svbh	四肢百骸
svbd	所知不多
svbt	死猪不怕开水烫
svcs	随从
svdd	随带
svdc	隧道
svdi	随地
svds	隧洞
svel	随之而来
svfg	随风
svfd	四肢发达
svfh	随访
svgj	随感
svgx	丝竹管弦
svhc	虽好
svhe	随和
svhz	随后
svhx	碎花
svic	隋朝
sviu	随处
svji	随机
svjk	绥靖
svjl	三贞九烈
svjy	随军
svkk	碎块
svkz	随口
svle	碎了
svlp	碎裂
svli	随礼
svmo	岁末
svmu	岁暮
svng	虽能
svni	随你
svpm	碎片
svqm	随迁
svqu	三战全胜
svrj	虽然
svrz	碎肉
svru	岁入
svsv	岁岁
svsu	随俗
svsj	速战速决
svta	随他
svts	随同
svth	隋唐
svui	随时
svuj	孙中山
svuf	随身
svuo	虽说
svuu	岁数
svuz	随手
svve	随着
svvi	随之
svwo	随我
svwu	虽无
svww	虽未
svwl	四肢无力
svwd	死者为大
svxb	随心
svxk	随行
svxl	随想
svxp	碎屑
svxi	随喜
svy	馊主意
svyi	随意
svyr	随缘
svyt	岁月
svyz	虽有
svyb	碎银
svze	虽则
svzv	碎嘴
svzh	随葬
swbl	斯文败类
swd	四五点
swdm	塞翁得马
swdv	死无对证
swdu	思维定势
swdt	思维导图
swfv	三五分钟
swfu	思维方式
swgr	四五个人
swgy	四五个月
swhu	所为何事
swhl	所为何来
swhy	三五好友
swiq	三五成群
swiu	俗务缠身
swjd	肆无忌惮
swjc	酸文假醋
swks	孙悟空
swlv	死亡率
swmu	思维模式
swmm	素未谋面
swnm	三五年
swn	四五年
swqu	死无全尸
swsv	四五岁
swsd	斯文扫地
swt	三五天
swtm	四五天
swui	四五十
swus	四五十岁
swum	塞翁失马
swuf	塞翁失马，安知非福
swul	斯威士兰
swyu	三文鱼
swyc	算无遗策
swyl	送往迎来
swyf	四五月份
swyt	三位一体
swyr	所谓伊人
swzd	死无葬身之地
sxbg	死性不改
sxbk	丧心病狂
sxcj	素袖藏金
sxey	三心二意
sxfx	似笑非笑
sxiu	三线城市
sxji	四星级
sxj	三星级
sxjx	思想家
sxli	私下里
sxly	三心两意
sxlx	三下两下
sxjj	思想境界
sxlf	撕心裂肺
sxpm	所向披靡
sxqq	思乡情切
sxrk	思贤如渴
sxsy	随心所欲
sxtd	死心塌地
sxui	三小时
sxuu	私相授受
sxvh	算下账
sxvb	思想准备
sxww	色香味
sxwr	四下无人
sxwu	三省吾身
sxwd	所向无敌
sxwe	三下五除二
sxwq	思绪万千
sxxk	思想性
sxyj	死心眼
sxym	夙兴夜寐
sxzn	私心杂念
syal	死于安乐
sybu	算一步
sybq	死一边去
sybr	岁月不饶人
sybi	四仰八叉
sybl	森严壁垒
sybw	三月不知肉味
sybv	虽远必诛
sybh	四野八荒
sybx	所言不虚
sycc	四叶草
syci	私有财产
sycf	宿雨餐风
syct	岁月蹉跎
sycl	岁月催人老
sydx	所以动心忍性
syer	孙儿
syea	随遇而安
syew	肆意而为
syff	四月份
syfm	死于非命
syfx	所言非虚
syfg	塞牙缝
sygj	笋干
syhx	私有化
syhc	损耗
syhd	损害
syhk	损坏
syhv	损毁
syhj	死亦何惧
syjm	笋尖
syju	所言极是
syjh	岁月静好
sykq	松一口气
sykt	三阳开泰
syly	三言两语
symz	死要面子
symm	死也瞑目
syne	所以呢
synv	孙女
syqr	所有权
syqy	私营企业
syrf	损人
syrj	所以然
syrs	岁月如梭
syrl	岁月如流
syrr	岁月荏苒
syrw	似有若无
sysc	扫一扫
sysy	孙孙
sysw	似有似无
sytm	算一天
sytz	死丫头
syuo	所以说
syuh	损伤
syun	所以说呢
syui	损失
syvi	所有制
syvc	损招
syvr	岁月峥嵘
sywq	岁月无情
syww	肆意妄为
sywx	死亦为鬼雄
syxk	随意性
syyj	扫一眼
syyi	损益
syyg	死有余辜
syyz	损友
syzi	孙子
syzg	夙夜在公
szbu	搜捕
szbn	三灾八难
szbf	孙子兵法
szdc	搜到
szdi	所在地
szdl	三足鼎立
szgz	搜狗
szgx	搜刮
szhu	搜狐
szia	搜查
sziu	搜出
szji	搜集
szjn	搜缴
szjq	搜救
szjk	三字经
szkm	死罪可免
szkt	死罪可免，活罪难逃
szlo	搜罗
szso	搜索
szsw	所作所为
sztd	色字头上一把刀
szuf	搜身
szww	馊味
szxy	搜寻
szyj	嗓子眼
szys	四则运算
t	他
tab	它
ts	同
ti	体
tm	天
tifo	替
tif	提
tsz	通
tio	题
tnw	条
te	特
tn	调
tzf	投
tss	统
tr	团
tds	台
tz	头
tv	推
tj	谈
tuu	土
ta	她
tpj	铁
tub	突
tu	图
td	太
tmqx	舔
tmk	田
tdt	态
tc	套
tk	听
tkg	庭
to	拖
tcdf	淘
tcy	讨
tjfm	探
tvz	退
tkr	停
tki	厅
too	脱
tsl	童
thx	堂
tuz	途
tjt	坦
taf	拓
tdfu	泰
tatk	塔
tzz	透
tp	贴
thg	唐
tsb	痛
tnf	挑
tnz	跳
tjf	摊
tjg	弹
tce	陶
tgo	腾
tof	托
tje	炭
thm	糖
tjts	坛
tui	徒
tcd	涛
tsj	铜
tmd	添
tjd	滩
tzr	偷
tmt	填
taz	踏
tar	他
tcz	逃
tjr	贪
top	妥
tjk	叹
tvo	腿
tud	涂
tkz	廷
tim	梯
tkf	挺
tcm	桃
th	汤
thtk	塘
tmq	甜
tdf	抬
tdo	胎
tuk	吐
tkw	亭
tcc	萄
tyt	吞
tdd	汰
tkv	艇
tjy	谭
tsm	桶
tjdu	潭
tg	疼
tcf	掏
tuuo	屠
tat	塌
tju	碳
tjm	毯
tya	屯
tudd	兔
thu	躺
tgc	藤
tsv	筒
tiz	踢
tjb	瘫
tht	趟
tcdj	滔
tixw	惕
tgou	滕
thr	倘
thxm	棠
tom	驼
thd	烫
tiod	剔
tam	榻
tizj	蹄
tau	沓
thdk	淌
tnzk	迢
tadx	漯
toe	陀
tsd	彤
tcw	韬
tkn	婷
tuh	秃
tul	凸
tyk	囤
tkd	汀
tpjk	帖
tno	眺
tsr	侗
tik	啼
tod	沱
tsrd	佟
tho	膛
tsdl	潼
ton	鸵
tdj	钛
tuc	荼
tckd	叨
tjma	檀
tjbh	痰
tsf	捅
tdc	苔
tmx	恬
trd	湍
tjp	袒
taq	獭
tvp	褪
tomd	驮
tjtd	坍
thf	搪
tsy	酮
tyo	豚
tjx	覃
tjj	钽
tvh	颓
tdct	薹
tkj	铤
tvi	蜕
tiu	屉
tib	剃
tid	涕
tkh	烃
tok	唾
tky	霆
tak	嗒
tkt	町
tcfh	焘
tmo	腆
tij	锑
tir	倜
tyu	臀
tkiz	蜓
tjux	忐
tot	坨
tex	忑
tjo	昙
tdot	肽
tsug	砼
tafz	挞
tyut	饨
tso	瞳
tix	悌
tsx	恸
tor	佗
tcdd	洮
tmr	佃
tou	砣
tjh	郯
toz	跎
tnc	苕
tnb	窕
thj	镗
tck	啕
tazx	蹋
tdz	跆
tsek	峒
tdse	邰
tey	忒
tvy	忒
twy	忒
trt	疃
thre	傥
tsrg	仝
tizh	逖
tog	庹
tmj	钿
thi	螳
tcs	绦
tgj	誊
tnvk	笤
tnr	佻
tsk	嗵
tomb	柁
tjja	钽
tuj	钍
trf	抟
tyow	暾
tic	荑
tmm	阗
tmtx	忝
toa	橐
tazj	趿
tda	鲐
tiy	醍
tsrl	僮
tst	垌
tckl	饕
tpd	餮
tzg	骰
taj	铊
toj	铊
tdk	呔
tej	铽
tmdp	殄
tdy	酞
thn	帑
tkc	葶
tucd	菟
taa	鳎
tisp	绨
tnim	粜
tjjh	锬
thy	羰
tcey	鼗
tibn	鹈
tmtw	畋
tnak	髫
tpc	萜
tut	堍
tad	溻
thmt	樘
toy	酡
tis	缇
tkm	梃
trv	彖
tokd	鼍
thxk	惝
tamz	闼
tdm	骀
tdsh	炱
thik	螗
tip	裼
tkcz	莛
tov	箨
tjju	镡
thw	瑭
tek	慝
tmf	掭
tmw	瑱
tnp	祧
tnv	龆
tni	蜩
tna	鲦
tsc	茼
tuy	酴
tomi	柝
tauz	鿎
tjuu	磹
tjw	璮
tse	峂
tsn	㛚
tvg	魋
tamx	阘
tktd	圢
tkdd	渟
tmob	晪
tnod	朓
tsyk	𫍣
tsol	曈
tap	褟
tag	鞳
tcg	弢
tcmc	梼
tcmf	𫘦
tcsf	绹
tgh	熥
tgoi	螣
tgox	縢
tgoa	䲢
thk	嘡
thz	蹚
thje	镋
thxe	䣘
tiry	俶
tia	鳀
tin	媞
timr	𫘨
tiwr	瑅
tipn	䴘
tifz	擿
tjrh	倓
tjkl	啴
tjxh	惔
tjmt	榃
tkrz	侹
tkwz	珽
tkmw	桯
tkrr	颋
tmdk	湉
tmdt	沺
tmod	盷
tmdb	淟
tnn	嬥
torq	侂
tsed	峂
tshk	烔
tsa	鲖
tsml	橦
tshl	穜
tslx	𦒍
tumh	梌
tucq	葖
tuhh	稌
tuo	腯
tyat	鲀
tytt	坉
tksz	𬘩
toab	𬶍
tum	𬳿
tver	𬯎
tirb	体
tifr	提
tszy	通
tior	题
tnwm	条
ten	特
tnyk	调
tzfy	投
trk	团
tdsk	台
tvff	推
tabb	它
tan	她
tpju	铁
tubq	突
tmku	田
tdtx	态
tcds	套
tkgz	庭
tofq	托
tvzg	退
tkrd	停
tooe	脱
tsll	童
tafu	拓
tzzn	透
thgk	唐
tsby	痛
tnfd	挑
tnzd	跳
tjgl	弹
tcef	陶
tgom	腾
tofy	拖
tjeh	炭
thmk	糖
tuir	徒
tmdx	添
tjdf	滩
tzrd	偷
tmtb	填
tazo	踏
topn	妥
tjky	叹
tvoz	腿
tkzr	廷
timp	梯
tkfz	挺
tcmd	桃
thdp	汤
tmqg	甜
tdfk	抬
tdok	胎
tukt	吐
tkwd	亭
tccf	萄
tddt	汰
tkvz	艇
tsmy	桶
tgb	疼
tatx	塌
tjmh	毯
tyav	屯
thuk	躺
tgcu	藤
tsvk	筒
tizw	踢
tjbf	瘫
thrk	倘
thdh	烫
toeb	陀
tcwj	韬
tknd	婷
tuhj	秃
tula	凸
tykt	囤
tsrk	侗
tikj	啼
todb	沱
thot	膛
tonb	鸵
tdjt	钛
tuch	荼
tsfy	捅
tdck	苔
trde	湍
tjpa	袒
taqr	獭
tvpz	褪
thfk	搪
tyou	豚
tkjz	铤
tiuu	屉
tibd	剃
tidp	涕
tkhg	烃
toki	唾
takk	嗒
tirk	倜
tyuo	臀
totb	坨
texx	忑
tjos	昙
torb	佗
tmrt	佃
toub	砣
tozb	跎
tnck	苕
tnbd	窕
thjt	镗
tckf	啕
teyx	忒
tvyx	忒
twyx	忒
trtl	疃
togi	庹
tmjt	钿
thit	螳
tcsm	绦
tgjk	誊
tnrd	佻
tskz	嗵
trfv	抟
ticy	荑
tmmb	阗
toam	橐
tdak	鲐
tstk	垌
tpdl	餮
tzgy	骰
tdkt	呔
tdyt	酞
thnj	帑
tkcd	葶
taax	鳎
tpck	萜
tutd	堍
toyb	酡
tisr	缇
tkmz	梃
trvu	彖
tdmk	骀
tipw	裼
tovl	箨
thwk	瑭
tekx	慝
tmfx	掭
tnpd	祧
tnik	蜩
tnam	鲦
tsck	茼
tjwa	璮
tvgf	魋
tapx	褟
tagk	鞳
tcgy	弢
tghz	熥
thkt	嘡
thzt	蹚
tiar	鳀
tinr	媞
tnnf	嬥
tsak	鲖
tuoo	腯
tenc	特
trkc	团
tgbd	疼
tb	特别
tl	讨论
ty	统一
tw	台湾
tx	同学
tq	天气
tt	天天
tf	头发
tabj	踏板
tabu	踏步
tabf	拓本
tabp	凸凹不平
tadk	塔顶
tadn	塔吊
tafa	挞伐
tafh	塌方
taiu	踏出
taiy	踏春
tajb	踏进
tajm	塔尖
taks	踏空
tale	太矮了
talx	他俩
talb	塔林
talz	塔楼
tamf	他们
tapk	踏平
tapm	拓片
taqk	踏青
tarf	他人
tari	他日
taru	踏入
taua	他杀
tauh	踏上
taui	踏实
tave	踏着
taxt	踏雪
taxm	塌陷
tayb	拓印
tazu	踏足
tbco	挺不错
tbcd	挺不错的
tbck	坦白从宽
tbcr	投笔从戎
tbds	听不懂
tbdc	听不到
tbdj	坦白地讲
tbdi	螳臂当车
tbdl	天崩地裂
tbdu	太不懂事
tbdz	填饱肚子
tbdx	天崩地陷
tbdd	铁板钉钉
tbgo	通不过
tbgq	透不过气
tbhv	推杯换盏
tbiu	听不出
tbil	听不出来
tbku	脱不开身
tble	太棒了
tbls	谈不拢
tblu	土八路
tblj	挑拨离间
tblx	脱不了干系
tbpa	天不怕
tbpp	天不怕地不怕
tbqk	听不清
tbqi	听不清楚
tbqt	抬不起头
tbry	挺不容易
tbsu	退避三舍
tbsy	推本溯源
tbtk	听不听
tbtx	同班同学
tbtj	天兵天将
tbtt	头版头条
tbtg	疼不疼
tbts	痛不痛
tbtq	听不太清
tbuh	谈不上
tbuj	铁布衫
tbvi	恬不知耻
tbvl	推波助澜
tbwz	提笔忘字
tbwj	土崩瓦解
tbxx	太不小心
tbxh	太不像话
tbxu	逃避现实
tbxl	同病相怜
tbxq	特别行政区
tbxd	同胞兄弟
tbyk	铁板一块
tbyu	痛不欲生
tbzi	土包子
tbzm	天不作美
tbjm	听不见
tbjq	听不进去
tbjj	太不讲究
tbjy	头把交椅
tbjz	添兵减灶
tbjn	天不假年
tbjx	太白金星
tcbc	淘宝
tcbi	逃避
tcbk	逃兵
tcci	陶瓷
tccj	套餐
tccr	逃窜
tcdc	逃到
tcdn	逃掉
tcdk	逃顶
tcdy	逃遁
tcdb	天材地宝
tcdq	天残地缺
tcfa	讨伐
tcff	掏粪
tcfj	逃犯
tcgo	逃过
tchx	桃花
tchc	讨好
tchl	逃荒
tchm	图财害命
tchr	讨还
tchs	桃红
tchv	讨回
tchy	逃婚
tciu	掏出
tcjn	讨教
tcjx	讨价
tcjb	淘金
tcjm	套间
tcke	逃课
tcks	掏空
tcle	听错了
tcly	讨论
tclc	套牢
tcli	逃离
tclt	韬略
tclu	套路
tclj	糖醋里脊
tcmi	淘米
tcmk	逃命
tcmu	桃木
tcmo	掏摸
tcnj	逃难
tcni	逃匿
tcns	套弄
tcpc	逃跑
tcpn	逃票
tcpd	套牌
tcpg	糖醋排骨
tcqi	淘气
tcqn	讨巧
tcqm	掏钱
tcqu	套取
tcqy	套裙
tcqr	套圈
tcql	掏枪
tcrc	讨饶
tcrf	桃仁
tcry	天从人愿
tcse	桃色
tcsj	逃散
tcso	套索
tctd	淘汰
tctc	滔滔
tctm	滔天
tcto	逃脱
tcts	套筒
tcti	套题
tctp	饕餮
tcug	逃生
tcuj	套衫
tcuh	套上
tcuu	桃树
tcuv	逃税
tcui	讨食
tcvd	讨债
tcve	套着
tcvl	套装
tcvu	套住
tcvh	讨账
tcwh	逃亡
tcwa	套娃
tcxm	套现
tcxb	掏心
tcxi	淘洗
tcxt	逃学
tcyc	讨要
tcye	陶冶
tcyi	逃逸
tcyj	讨厌
tcyr	桃园
tcys	套用
tczi	桃子
tczv	陶醉
tczz	逃走
tczd	套在
tdai	太矮
tdan	太暗
tdbf	太笨
tdbh	太棒
tdbd	太白
tdba	太把
tdbc	太饱
tdbi	台币
tdbu	太不
tdbw	台北
tdbr	天地不容
tdbg	天地不仁以万物为刍狗
tdch	头等舱
tdci	台词
tdcj	太惨
tdcu	太粗
tdcd	太菜
tdda	太大
tddg	台灯
tddi	太低
tddo	太多
tddj	太淡
tddr	太短
tdds	太懂
tddu	态度
tddz	泰斗
tddl	头都大了
tdee	太饿
tder	胎儿
tdfw	太费
tdfg	台风
tdfj	太烦
tdfx	偷得浮生半日闲
tdgc	太高
tdgj	太敢
tdgh	抬杠
tdgl	太广
tdgo	泰国
tdgv	太贵
tdgs	太公
tdgu	太古
tdhc	太好
tdhx	太花
tdhd	台海
tdhf	太狠
tdhk	太坏
tdhh	太行
tdhq	跳到黄河洗不清
tdhu	太湖
tdhw	太黑
tdhz	太后
tdhy	天妒红颜
tdih	太长
tdia	太差
tdiy	太蠢
tdic	太吵
tdii	太迟
tdil	推倒重来
tdiq	天道酬勤
tdiu	抬出
tdiz	太丑
tdjb	太近
tdji	太极
tdjl	贪多嚼不烂
tdjm	太监
tdjn	胎教
tdjp	台阶
tdjq	太久
tdju	抬举
tdjx	太假
tdjy	太君
tdkk	太快
tdkg	太坑
tdka	太卡
tdkv	太亏
tdkl	太狂
tdkr	太宽
tdks	太空
tdku	太苦
tdky	太困
tdkz	太抠
tdle	太多了
tdld	谈得来
tdlc	太老
tdlg	太冷
tdla	太辣
tdli	台历
tdlj	太懒
tdll	太亮
tdlp	天打雷劈
tdlr	太乱
tdlw	太累
tdlx	天地良心
tdmc	胎毛
tdmh	太忙
tdmj	太慢
tdmg	太猛
tdmm	台面
tdmw	太美
tdmn	太庙
tdnj	太难
tdnf	太嫩
tdng	太能
tdns	太浓
tdnq	太牛
tdni	太腻
tdpk	太平
tdpb	太拼
tdph	太胖
tdpj	胎盘
tdpm	太偏
tdpo	太婆
tdq	提得起
tdqi	抬起
tdqk	太轻
tdqm	太浅
tdql	太强
tdqn	太巧
tdqq	台球
tdqr	泰拳
tdqs	太穷
tdqu	舔犊情深
tdre	太热
tdrj	泰然
tdro	太弱
tdrr	太软
tdrd	坦荡如砥
tdst	痛定思痛
tdss	太怂
tdsv	太岁
tdsu	太俗
tdtz	抬头
tdtd	太太
tdtv	抬腿
tdtg	太疼
tdtm	太甜
tdth	太烫
tdtj	太贪
tdtu	天地同寿
tdu	谈得上
tdua	太傻
tduc	太少
tduk	太帅
tduz	太瘦
tduf	太深
tduh	台上
tdui	态势
tduj	泰山
tdug	抬升
tduv	太水
tdul	太爽
tdvs	太重
tdve	抬着
tdvd	太窄
tdvi	太直
tdvy	太准
tdvh	台账
tdvr	同道中人
tdvu	泰铢
tdvz	台州
tdva	太渣
tdvj	天地之间
tdwj	太晚
tdww	胎位
tdwy	贪得无厌
tdwh	太旺
tdwd	太歪
tdxn	太小
tdxm	太闲
tdxs	太凶
tdxr	太玄
tdxu	太虚
tdxx	台下
tdxl	太想
tdxi	太细
tdxt	太学
tdyj	抬眼
tdyb	太阴
tdye	太爷
tdyh	太阳
tdyi	太医
tdyr	太远
tdyk	太硬
tdya	胎压
tdyu	泰语
tdys	疼得要死
tdym	疼得要命
tdyv	挑灯夜战
tdyc	天妒英才
tdzc	太早
tdza	太杂
tdzh	太脏
tdzi	太子
tdzz	抬走
tdzu	太祖
tdzw	太贼
tdzk	添丁增口
tebp	特别
tebw	听而不闻
teby	痛而不言
teci	特此
tedm	特点
tedn	拖儿带女
teda	特大
tedg	特等
tedi	特地
tedk	特定
tegs	特工
tegv	推而广之
tehc	特好
tehu	特护
tehv	堂而皇之
teih	特长
teij	特产
teji	特级
tejk	特警
tejw	退而结网
tejx	特价
tekj	特刊
tekk	特快
teky	特困
teli	特例
teme	特么
temd	特卖
tepi	特批
tepd	特派
teqi	土耳其
teqr	特权
tequ	特区
teqb	特勤
teqm	特遣
teqc	退而求其次
tese	特色
teso	托儿所
teuu	特殊
teue	特赦
teui	特使
teuz	特首
tevg	特征
tevc	特招
tevi	特质
tevs	特种
tevy	特准
tewu	特务
texk	特性
texn	特效
texp	特写
texu	特许
texy	特训
teyc	特邀
teyi	特意
teyt	特约
teyz	特有
tezx	铤而走险
tfbm	挺方便
tfbd	挺方便的
tfbx	通风报信
tfdf	天翻地覆
tfgr	通风管
tfid	头发长见识短
tfiu	徒费唇舌
tfjb	太费劲
tfju	挑肥拣瘦
tfjy	听风就是雨
tfkz	通风口
tfle	太烦了
tflx	条分缕析
tfmj	突飞猛进
tfqx	突发奇想
tfuy	听风是雨
tfvg	天府之国
tfvu	托付终身
tfwj	铁饭碗
tfwo	土匪窝
tfxk	突发性
tfxu	徒费心神
tfyb	天赋异禀
tfym	同父异母
tfyt	天方夜谭
tgai	疼爱
tgbm	藤编
tgbi	同工不同酬
tger	泰戈尔
tgdh	天高地厚
tgdd	天公地道
tgdu	天罡地煞
tgdv	天干地支
tgdy	天高地远
tgff	太过分
tgfw	腾飞
tgfl	太过分了
tggu	头盖骨
tggk	同甘共苦
tghk	天高海阔
tghl	退耕还林
tghy	天高皇帝远
tgiu	腾出
tgic	誊抄
tgji	铁公鸡
tgjx	藤甲
tgjn	藤椒
tgjl	偷工减料
tgjt	提高警惕
tgks	腾空
tgle	太贵了
tglo	藤萝
tglu	唐古拉山
tglj	谈古论今
tgno	腾挪
tgnx	吐故纳新
tgq	通个气
tgqi	腾起
tgqn	藤桥
tgqq	藤球
tgqf	痛改前非
tgqu	天高气爽
tgrf	天高任鸟飞
tgry	替古人担忧
tgts	疼痛
tgtg	腾腾
tgti	同工同酬
tgtn	藤条
tguf	讨个说法
tgvv	铁骨铮铮
tgwj	藤蔓
tgwl	贪官污吏
tgwz	天干物燥
tgxk	提个醒
tgxp	誊写
tgxy	腾讯
tgxi	疼惜
tgxq	弹冠相庆
tgxb	特古西加尔巴
tgml	天刚蒙蒙亮
tgyb	铁观音
tgye	涂改液
tgyy	腾云
tgyi	藤椅
tgyt	腾跃
tgyd	天高云淡
tgyf	天各一方
tgyh	韬光养晦
tgyj	同归于尽
tgyq	同工异曲
tgzm	天公作美
thbj	天花板
thbc	汤包
thbm	溏便
thbv	蜕化变质
thcu	糖醋
thci	搪瓷
thcd	汤菜
thda	天昏地暗
thdc	躺倒
thdd	唐代
thdi	堂弟
thdl	天荒地老
thff	糖分
thfa	烫发
thge	堂哥
thgg	汤羹
thgj	糖苷
thgd	醍醐灌顶
thgn	偷换概念
thgv	天潢贵胄
thgo	糖果
thgr	糖罐
thhc	躺好
thhv	躺会
thhj	淌汗
thhl	堂皇
thho	倘或
thic	唐朝
thii	汤匙
thil	太好吃了
thjb	烫金
thji	汤剂
thjl	糖浆
thjq	糖酒
thjk	糖精
thjp	堂姐
thjx	汤加
thle	太好了
thlh	螳螂
thll	桃红柳绿
thly	挑花了眼
thlu	土豪劣绅
thlv	天花乱坠
thlj	谈婚论嫁
thmm	汤面
thmw	堂妹
thnn	糖尿
thnv	头昏脑涨
thnh	徒呼奈何
thpk	躺平
thpf	汤盆
thpv	通货膨胀
thrf	唐人
thro	倘若
thry	谈何容易
thrq	铁汉柔情
thrz	痛何如哉
thsu	褪黑素
thsg	唐僧
thsi	烫死
thss	唐宋
thsb	投怀送抱
thsc	堂嫂
thse	搪塞
thth	堂堂
thtu	唐突
thtz	烫头
thtr	汤团
thtv	拖后腿
thuy	同花顺
thuc	汤勺
thuh	烫伤
thui	唐诗
thuj	唐山
thuv	糖水
thuz	烫手
thve	躺着
thvi	汤汁
thvl	唐装
thwu	堂屋
thwj	挺好玩
thwd	挺好玩的
thwl	太好玩了
thxs	堂兄
thxx	躺下
thxb	溏心
thxt	淌血
thyb	唐寅
thyc	汤药
thys	挺好用
thyd	挺好用的
thyg	铁画银钩
thyh	头昏眼花
thyi	躺椅
thyr	汤圆
thyx	昙花一现
thyl	太好用了
thyy	桃花运
thzd	躺在
thzv	烫嘴
tian	提案
tiba	提拔
tibc	提包
tibi	提笔
tibu	替补
tibv	推崇备至
tibh	蹄膀
tibj	替班
ticc	体操
ticd	题材
tici	题词
tidc	提到
tidd	替代
tida	踢打
tidh	提档
tidj	天长地久
tidk	同仇敌忾
tidm	提点
tidu	梯度
tidv	梯队
tidy	天差地远
tidz	提兜
tidn	踢掉
tidb	天差地别
tifa	体罚
tigc	提高
tige	体格
tigh	提纲
tigj	提干
tigo	提过
tigr	踢馆
tigs	提供
tigv	同床共枕
tigx	突出贡献
tihv	体会
tiho	提货
tihr	替换
tihx	提花
tihu	鹈鹕
tiia	体察
tiig	提成
tiih	提倡
tiiu	提出
tiiv	铁杵成针
tiix	推陈出新
tiiy	提纯
tijl	太差劲了
tijg	统筹兼顾
tiji	体积
tijm	体检
tijn	提交
tijp	题解
tijx	提价
tijb	蹄筋
tijj	同场竞技
tijh	退出江湖
tikr	提款
tiku	题库
tikd	踢开
tikc	替考
til	太差了
tila	提拉
tile	踢了
tili	体力
till	体谅
tilm	提炼
tilq	提留
timc	体貌
timk	提名
timm	体面
timu	题目
timv	铁杵磨成针
ting	体能
tini	替你
tinw	体内
tipo	体魄
tiph	蹄髈
tiqm	提前
tiqb	提亲
tiqi	提起
tiqq	踢球
tiqu	提取
tiql	体腔
tiqk	提请
tirf	踢人
tirj	天长日久
tiro	体弱
tisu	提速
tisi	踢死
titp	体贴
titz	剃头
tita	替他
titd	体态
tith	倜傥
titi	提提
titj	体坛
titm	梯田
tits	体统
tity	铁齿铜牙
titv	踢腿
tiuf	提神
tiug	提升
tiui	提示
tiuz	提手
tiuk	体衰
tiut	逃出生天
tive	提着
tivg	体征
tivi	体质
tivf	提振
tivs	体重
tivd	突出重点
tiwd	体外
tiwf	提问
tiwo	替我
tiww	体味
tiwu	体悟
tixl	体香
tixd	坦诚相待
tixf	痛彻心扉
tixi	体系
tixk	提醒
tixm	体现
tixn	体校
tixp	提携
tixu	体恤
tixr	体癣
tixj	坦诚相见
tiyc	提要
tiye	体液
tiyi	提议
tiyj	体验
tiym	同床异梦
tiyr	体院
tiyu	体育
tiya	剔牙
tiyv	同出一辙
tizc	提早
tizi	梯子
tizo	天秤座
tjan	探案
tjbd	坦白
tjbc	摊薄
tjbj	探班
tjbk	探病
tjbg	谈崩
tjbm	偷鸡不着蚀把米
tjbw	贪杯
tjbl	天机不可泄露
tjce	探测
tjci	叹词
tjcd	贪财
tjdb	投机倒把
tjdk	拖家带口
tjdc	谈到
tjdh	坦荡
tjdi	探底
tjdm	摊点
tjdt	田间地头
tjdy	天经地义
tjex	退居二线
tjfh	探访
tjfj	摊贩
tjfu	贪腐
tjfd	团结奋斗
tjff	碳粉
tjge	探戈
tjgo	谈过
tjgr	贪官
tjgs	贪功
tjhc	叹号
tjhe	弹劾
tjhj	讨价还价
tjhl	弹簧
tjho	炭火
tjhq	跳进黄河洗不清
tjhr	瘫痪
tjhu	袒护
tjhx	谈话
tjiu	弹出
tjia	探查
tjig	坦诚
tjif	坦陈
tjih	弹唱
tjii	贪吃
tjil	弹窗
tjji	谈及
tjjm	探监
tjjq	探究
tjjr	推己及人
tjjl	团结就是力量
tjjy	天将降大任于斯人也
tjkd	摊开
tjkj	探勘
tjke	坦克
tjkz	塔吉克族
tjkt	塔吉克斯坦
tjle	听见了
tjlk	通缉令
tjly	谈论
tjli	弹力
tjlj	贪婪
tjlm	贪恋
tjlu	探路
tjlw	探雷
tjls	谈拢
tjnm	贪念
tjpk	摊平
tjpf	炭盆
tjmo	贪墨
tjmi	探秘
tjmk	探明
tjmu	檀木
tjmg	偷鸡摸狗
tjpd	摊牌
tjpj	谈判
tjpx	天将破晓
tjqr	太极拳
tjqb	探亲
tjqi	叹气
tjqk	谈情
tjqq	投机取巧
tjql	团结起来
tjrj	坦然
tjrr	瘫软
tjsd	田径赛
tjse	贪色
tjso	探索
tjsu	碳素
tjsr	碳酸
tjsm	田忌赛马
tjsx	退居三线
tjta	坍塌
tjtc	探讨
tjte	忐忑
tjtj	谈谈
tjtk	探听
tjtm	谈天
tjtn	弹跳
tjto	谈妥
tjtu	贪图
tjtz	探头
tjuz	摊手
tjuv	贪睡
tjue	弹射
tjuf	探身
tjui	探视
tjuk	坦率
tjuh	摊上
tjuc	炭烧
tjuj	推金山
tjve	谈着
tjvh	探长
tjvf	探针
tjvi	弹指
tjvm	脱缰之马
tjvr	头角峥嵘
tjvu	摊主
tjwu	贪污
tjwf	探问
tjwh	探望
tjwj	贪玩
tjww	摊位
tjwg	土鸡瓦狗
tjxb	贪心
tjxi	叹息
tjxk	弹性
tjxl	檀香
tjxm	探险
tjxn	摊销
tjxu	投井下石
tjxy	探寻
tjya	弹压
tjyj	坦言
tjyu	贪欲
tjyz	探幽
tjym	脱缰野马
tjyh	听君一席话
tjyv	团结一致
tjzh	贪赃
tjzi	摊子
tjzo	瘫坐
tjzu	土家族
tjzv	贪嘴
tjzz	弹奏
tjdx	同济大学
tkvg	听证
tkvf	听诊
tkvy	挺准
tkvh	厅长
tkba	挺拔
tkbh	挺棒
tkbj	停板
tkbo	停泊
tkbd	停摆
tkbq	填空补缺
tkbk	痛苦不堪
tkbu	停步
tkco	听错
tkcs	听从
tkdc	听到
tkda	挺大
tkdh	停当
tkdm	停电
tkdo	挺多
tkdn	停掉
tkds	听懂
tkdy	停顿
tkei	脱口而出
tkeq	腾空而起
tkfa	停发
tkfh	停放
tkfj	挺烦
tkfw	停飞
tkgc	挺高
tkge	听歌
tkgk	挺怪
tkgo	听过
tkgs	停工
tkgv	挺贵
tkgg	停更
tkhc	挺好
tkhk	挺坏
tkho	停火
tkhv	挺会
tkhx	听话
tkhz	听候
tkie	停车
tkia	挺差
tkid	听差
tkih	挺长
tkig	听成
tkij	停产
tkiu	听出
tkjb	挺近
tkji	停机
tkjl	听讲
tkjm	听见
tkjq	挺久
tkjt	听觉
tkju	厅局
tkjx	挺假
tkkk	挺快
tkkc	停靠
tkke	听课
tkkj	停刊
tkko	挺括
tkl	太快了
tkle	听了
tklr	挺乱
tkli	听力
tklj	挺烂
tkll	痛快淋漓
tklq	停留
tklk	听令
tklt	痛哭流涕
tklw	挺累
tklu	摊开来说
tklg	塔克拉玛干
tkmh	挺忙
tkmj	挺慢
tkmk	听命
tkmt	土库曼斯坦
tkng	挺能
tknj	挺难
tknq	挺牛
tkni	听腻
tkpk	听凭
tkpd	停牌
tkq	叹口气
tkqi	挺起
tkqk	听清
tkql	挺强
tkqr	挺全
tkqu	听取
tkrf	听任
tksc	挺骚
tkse	挺色
tksu	挺俗
tksd	停赛
tkss	挺松
tkth	厅堂
tktk	听听
tkts	听筒
tkto	停妥
tkuo	听说
tkua	挺傻
tkuc	挺少
tkuf	挺身
tkuh	庭上
tkui	停驶
tkul	挺爽
tkuu	挺熟
tkuv	停水
tkuz	停手
tkve	听着
tkvi	停止
tkvj	停战
tkvl	听装
tkvs	听众
tkvu	挺住
tkwf	听闻
tkwj	听完
tkxx	停下
tkxi	停息
tkxb	听信
tkxl	挺像
tkxp	停歇
tkxs	挺胸
tkxm	挺闲
tkxq	脱口秀
tkyb	听音
tkye	停业
tkyr	挺远
tkyj	挺严
tkys	停用
tkyz	挺有
tkzi	亭子
tlai	谈恋爱
tlbt	听了半天
tlbv	体力不支
tlbj	土了吧唧
tlbi	螳螂捕蝉
tlby	桃李不言
tlbh	螳螂捕蝉，黄雀在后
tlbx	桃李不言，下自成蹊
tldx	特立独行
tldw	天罗地网
tlef	徒劳而返
tlfj	吐鲁番
tlfm	条理分明
tlhd	挺厉害
tlho	体力活
tlhl	涕泪横流
tlht	拖了后腿
tlhv	偷梁换柱
tlhw	同流合污
tlhz	通力合作
tlji	拖拉机
tlju	铁路局
tljj	涕泪交加
tljl	涕泪交零
tlkh	脱离苦海
tlkq	叹了口气
tlkp	脱了裤子放屁
tlle	太累了
tlld	体力劳动
tlmx	桃李满天下
tlmh	塔里木河
tlnr	天理难容
tlng	特立尼达和多巴哥
tlqq	天朗气清
tlqj	统揽全局
tlrf	同龄人
tlrq	天理人情
tlsi	托拉斯
tlt	舔了舔
tltm	挑了挑眉
tltq	挑来挑去
tltl	讨论讨论
tltv	推了推
tltj	谈了谈
tluj	脱离实际
tlvl	天伦之乐
tlvj	屠龙之技
tlvu	天籁之声
tlvv	天理昭昭
tlvy	天籁之音
tlwg	徒劳无功
tlwf	特拉维夫
tlwy	徒劳无益
tlxb	铁了心
tlxf	袒露心扉
tlxu	袒露心声
tlxi	跳梁小丑
tlyi	陀螺仪
tlyx	提了一下
tlyq	叹了一口气
tlym	特洛伊木马
tlzi	捅娄子
tmqr	填权
tmqs	天穹
tmaa	天啊
tmb	挑毛病
tmbc	填报
tmbg	图谋不轨
tmbk	天兵
tmbm	天边
tmbn	填表
tmbu	填补
tmbw	天命不可违
tmcd	天才
tmco	填错
tmci	天赐
tmda	天大
tmdu	添堵
tmdc	天道
tmde	他妈的
tmdi	天地
tmdj	填单
tmdm	甜点
tmee	天鹅
tmff	天分
tmfj	添饭
tmfu	天赋
tmfl	太麻烦了
tmfd	挺麻烦的
tmfw	捅马蜂窝
tmgo	天国
tmgc	天高
tmgg	田埂
tmgh	天罡
tmgj	天干
tmgl	天光
tmgs	天宫
tmgx	甜瓜
tmgi	土木工程
tmhw	天黑
tmhz	天后
tmhe	天河
tmhd	填海
tmhj	天寒
tmhl	天皇
tmhx	天花
tmho	天火
tmis	填充
tmic	天朝
tmig	天秤
tmih	天长
tmii	天池
tmij	田产
tmil	天窗
tmjb	天津
tmjk	田径
tmji	天际
tmjm	田间
tmjn	天骄
tmjp	天劫
tmjq	甜酒
tmjx	添加
tmjl	天将
tmkj	田坎
tmks	天空
tmle	太慢了
tmld	天籁
tmlg	天冷
tmli	天理
tmlj	天蓝
tmll	天亮
tmly	天伦
tmlm	田联
tmlo	田螺
tmlp	填列
tmlr	添乱
tmln	填料
tmls	天龙
tmma	天马
tmmf	天门
tmmc	天猫
tmmi	甜蜜
tmmj	填满
tmmk	天明
tmmu	天幕
tmmw	甜美
tmml	天蒙蒙亮
tmnm	天年
tmna	天哪
tmni	甜腻
tmnv	天女
tmpk	天平
tmpb	甜品
tmqi	天气
tmqk	天晴
tmqm	天谴
tmqn	天桥
tmre	天热
tmrj	天然
tmru	填入
tmrw	头面人物
tmse	天色
tmtd	天台
tmth	天堂
tmti	天梯
tmtj	天坛
tmtk	天庭
tmtm	天天
tmtn	天条
tmtz	甜头
tmts	甜筒
tmtg	听没听过
tmuh	天上
tmue	添设
tmuf	天神
tmug	天生
tmui	天使
tmuj	天山
tmuu	天书
tmuv	天水
tmua	天煞
tmv	投名状
tmvf	天真
tmvi	添置
tmvl	田庄
tmve	腆着
tmvu	天竺
tmvn	天命之年
tmwf	天文
tmwd	天外
tmwh	天王
tmws	铁面无私
tmww	甜味
tmxb	甜心
tmxk	天性
tmxu	听命行事
tmxm	天线
tmxp	填写
tmxx	天下
tmxr	贪慕虚荣
tmxz	唾沫星子
tmya	天涯
tmye	田野
tmyi	天意
tmyr	田园
tmzi	天子
tmzd	天灾
tmzh	天葬
tnan	条案
tnbj	跳板
tnbo	挑拨
tnbk	糖尿病
tncc	跳槽
tnci	挑刺
tnco	挑错
tnch	调仓
tndz	挑逗
tndc	跳到
tndi	调低
tndr	调短
tnda	调大
tnds	跳动
tndb	天南地北
tndu	拖泥带水
tnfu	条幅
tnfj	条反
tnfr	头脑发热
tngc	调高
tngg	调羹
tngo	跳过
tngv	条规
tnhe	调和
tnhd	跳海
tnhb	天南海北
tniu	跳出
tnig	调成
tnif	条陈
tnjm	条件
tnjb	跳进
tnjd	头脑简单
tnji	调剂
tnjn	调教
tnjp	调节
tnjx	调价
tnjq	调酒
tnkj	调侃
tnkr	条款
tnks	调控
tnkk	条块
tnle	太难了
tnli	调理
tnlk	条令
tnln	调料
tnlz	跳楼
tnma	条码
tnmk	挑明
tnmu	条目
tnmw	挑眉
tnns	挑弄
tnpb	调频
tnpi	调皮
tnpo	挑破
tnpn	跳票
tnpw	调配
tnqi	挑起
tnqk	调情
tnql	跳墙
tnqw	探囊取物
tnrf	挑人
tnru	跳入
tnrj	挑染
tnry	天怒人怨
tnsi	突尼斯
tnsj	跳伞
tnse	调色
tnso	挑唆
tnsu	调速
tnsh	天女散花
tnti	挑剔
tntd	跳台
tntz	跳投
tntk	调停
tntn	条条
tnto	跳脱
tnuv	跳水
tnug	跳绳
tnui	调试
tnuu	条数
tnva	跳闸
tnve	跳着
tnvg	调整
tnvi	调制
tnvj	挑战
tnvr	跳转
tnvl	条状
tnvs	挑中
tnvy	调准
tnvz	笤帚
tnvc	鸵鸟政策
tnwf	条纹
tnwh	眺望
tnwu	跳舞
tnww	调味
tnxr	挑选
tnxb	挑衅
tnxi	调戏
tnxk	条形
tnxp	调谐
tnxm	跳线
tnxq	调休
tnxu	调序
tnxn	调小
tnyh	调养
tnyr	跳远
tnyt	跳跃
tnya	跳崖
tnyy	调匀
tnyb	调音
tnzc	跳蚤
tnzi	条子
tnzv	挑嘴
toba	拖把
tobu	拖布
tobw	驼背
tobi	托庇
tobk	托病
toci	托词
toda	托大
todh	妥当
todn	脱掉
todd	拖带
tods	拖动
todi	拖地
todc	拖到
todv	驼队
todz	拖斗
tofa	脱发
tofg	驼峰
tofh	拖放
tofu	托付
tofz	妥否
togc	脱稿
togl	脱光
togr	托管
togu	托孤
togv	脱轨
togz	脱钩
togh	脱岗
togx	拖挂
tohl	拓荒
tohs	酡红
toij	脱产
toie	拖车
toir	拖船
toih	拖长
toia	沱茶
toji	脱机
tojp	脱节
tojq	脱臼
tojb	拖进
tojl	脱缰
tojx	托架
toju	托举
tokr	拓宽
tokx	拖垮
toky	脱困
tokz	脱口
toli	脱离
tola	拖拉
tole	脱了
tolk	驼铃
tolo	脱落
tolw	拖累
toly	拖轮
toma	唾骂
tomc	脱毛
tomg	托梦
tomj	拖慢
tomk	托名
tomo	唾沫
tonn	鸵鸟
topb	脱贫
topi	脱皮
topj	托盘
topu	拓扑
toqm	拖欠
toqi	唾弃
toqu	脱去
toql	拖腔
torf	托人
tosu	脱俗
tosd	托腮
tose	脱色
tota	拖沓
toto	妥妥
totc	脱逃
totp	妥帖
totu	脱兔
touf	脱身
touj	妥善
touv	脱水
touz	脱手
toug	托生
tove	拖着
tovi	脱脂
tovj	拓展
tovu	拖住
tovk	拖拽
toww	妥为
toxm	脱险
toxn	脱销
toxp	妥协
toxx	脱下
toxk	拖行
toxl	拖箱
toye	唾液
toyi	脱衣
toyj	拖延
toyk	拖影
toyr	椭圆
toyy	托运
toyh	脱氧
tozz	拖走
tozv	脱罪
tpmo	贴膜
tpmj	贴满
tpma	铁马
tpmz	叨陪末座
tpqm	贴钱
tpan	铁案
tpbj	铁板
tpba	贴吧
tpbm	贴边
tpbh	铁棒
tpbi	铁臂
tpbk	铁饼
tpbu	贴补
tpda	铁打
tpdc	铁道
tpdk	铁定
tpdd	调皮捣蛋
tpfu	通配符
tpfm	头皮发麻
tpfv	头皮发炸
tpgj	铁杆
tpgz	铁钩
tpgk	铁拐
tpgo	铁锅
tpgv	铁轨
tpgy	铁棍
tpgr	铁管
tpgu	铁骨
tphe	贴合
tphr	铁环
tphv	铁灰
tpiu	贴出
tpil	铁窗
tpiv	铁锤
tpjb	贴近
tpji	贴己
tpjn	铁脚
tpjx	铁架
tpjl	铁匠
tpjy	铁军
tpjm	太平间
tpkz	突破口
tpkk	铁块
tpkl	铁矿
tplu	铁路
tplv	铁律
tplk	铁岭
tpls	铁笼
tplm	铁链
tpmm	贴面
tpmf	铁门
tpmu	铁幕
tppi	铁皮
tppm	贴片
tppd	贴牌
tppn	贴票
tpq	踢皮球
tpqi	铁器
tpqn	铁锹
tpqk	铁青
tpqp	贴切
tpqq	铁球
tpqr	铁拳
tprf	铁人
tpsi	铁丝
tpso	铁索
tptu	贴图
tpta	铁塔
tpti	铁蹄
tpts	铁桶
tptz	铁头
tptf	踏破铁鞋无觅处，得来全不费工夫
tpuf	贴身
tpua	铁砂
tpui	铁石
tpuu	铁树
tpuv	贴水
tpve	贴着
tpvi	贴纸
tpva	铁闸
tpvf	脱贫致富
tpvg	铁证
tpvh	铁掌
tpwj	铁腕
tpxk	突破性
tpxb	贴心
tpxi	贴息
tpxl	头破血流
tpxm	贴现
tpxq	铁锈
tpxt	铁血
tpyh	太平洋
tpyd	挺便宜的
tpyl	太便宜了
tpzi	帖子
tpzd	贴在
tqbx	图穷匕见
tqbv	套期保值
tqdc	跆拳道
tqdl	通情达理
tqdb	通权达变
tqfy	探亲访友
tqgd	挺奇怪的
tqhl	兔起鹘落
tqiu	听清楚
tqjx	探亲假
tqky	投亲靠友
tqle	太强了
tqld	听起来
tqll	提前量
tqlv	同气连枝
tqmh	台前幕后
tqql	天清气朗
tqsh	投其所好
tqtb	铜墙铁壁
tqua	谈情说爱
tqwq	天气晚来秋
tqxb	同情心
tqxq	同气相求
tqyj	听其言
tqyb	天气预报
tqym	吐气扬眉
tqyx	听其言而观其行
tqzr	听其自然
trbd	团拜
trdv	团队
trdb	体弱多病
trey	同日而语
trfw	团费
trgz	团购
trgs	痛入骨髓
trgj	天人共鉴
trho	团伙
trhy	天人合一
trht	拖人后腿
triv	泰然处之
trii	投入产出
trj	唐人街
trji	湍急
trjp	团结
trju	团聚
trjv	天人交战
trle	太弱了
trlq	湍流
trmi	甜如蜜
trmp	团灭
trmd	坦然面对
trqi	天然气
trql	突如其来
trqu	天然去雕饰
trti	团体
trtr	团团
truv	坦然受之
trvb	天壤之别
trvh	团长
trww	团委
trwu	天人五衰
trxm	讨人嫌
trxh	讨人喜欢
trxz	替人消灾
tryi	挺容易
tryd	挺容易的
tryj	讨人厌
tryl	天若有情天亦老
tryr	团圆
tryg	天人永隔
trzr	泰然自若
tsbc	通报
tsbi	同比
tsbj	同伴
tsbk	通病
tsbu	同步
tsbw	同辈
tsbm	通便
tsbo	铜箔
tscy	同村
tscd	通才
tsda	通达
tsdc	通道
tsde	痛得
tsdg	同等
tsdh	同党
tsdi	通敌
tsdm	通电
tsdp	通牒
tsdu	通读
tsdv	通兑
tsfg	通风
tsfh	同房
tsfj	同犯
tsfv	胎死腹中
tsfw	通匪
tsgo	通过
tsgv	替死鬼
tsgc	通告
tsgj	同感
tsgp	兔死狗烹
tsgr	通关
tsgs	童工
tsgz	统购
tsgu	捅咕
tshb	兔死狐悲
tshc	茼蒿
tshf	痛恨
tshh	同行
tsho	同伙
tshs	通红
tshx	通话
tshy	通婚
tshv	痛悔
tshr	铜环
tsig	统称
tsie	通车
tsif	痛陈
tsih	通常
tsii	通吃
tsil	同窗
tsiu	痛处
tsiv	铜锤
tsiz	统筹
tsji	统计
tsjn	痛脚
tsjk	痛经
tsjm	通奸
tsjs	挑三拣四
tsjt	痛觉
tsju	同居
tsjx	通假
tsjp	同届
tskr	同款
tskc	统考
tskk	痛快
tsks	瞳孔
tsku	痛苦
tskl	铜矿
tsle	同乐
tsli	同理
tslj	统揽
tslk	同龄
tsln	同僚
tslo	铜锣
tslu	同路
tslw	同类
tsly	通论
tslq	同流
tsla	特斯拉
tsma	痛骂
tsmf	同门
tsmg	同盟
tsmk	同名
tsmz	同谋
tsmm	同眠
tsnm	童年
tsnj	童男
tsnv	童女
tsny	坦桑尼亚
tsou	痛殴
tspo	捅破
tspm	通篇
tspb	同频
tspd	铜牌
tspj	通盘
tspn	通票
tspw	通配
tspu	通铺
tspk	同屏
tspc	同袍
tsqi	同期
tsqq	同求
tsqk	同情
tsqb	通勤
tsqm	铜钱
tsqn	通窍
tsqu	童趣
tsqy	筒裙
tsrf	同仁
tsri	同日
tsrs	通融
tsry	天随人愿
tssi	铜丝
tsse	同色
tsso	通缩
tssu	通俗
tssv	同岁
tstm	通天
tsts	通通
tstd	同台
tsti	通体
tstt	太岁头上动土
tstu	通途
tstz	通透
tsth	同堂
tsuh	同上
tsui	同时
tsuu	同属
tsuz	同手
tsuv	同睡
tsuk	统率
tsuy	通顺
tsua	通杀
tsvf	童贞
tsvh	通胀
tsvu	同住
tsvi	通知
tsvs	同种
tsvj	统战
tsvl	童装
tsvo	同桌
tsvc	统招
tswf	同问
tswh	通往
tswq	童叟无欺
tswu	同屋
tsww	同为
tsxb	通信
tsxi	痛惜
tsxk	同行
tsxl	通向
tsxq	铜臭
tsxm	铜线
tsxn	通宵
tsxp	童鞋
tsxt	同学
tsxx	统辖
tsxy	通讯
tsyb	同音
tsyc	童谣
tsye	同业
tsyh	同样
tsyi	同意
tsyr	同源
tsys	通用
tsyj	童颜
tsyl	碳酸饮料
tsyd	通俗易懂
tszd	同在
tsze	通则
tszi	童子
tszv	同罪
tszo	同坐
tszs	推三阻四
tszu	同组
ttay	贪图安逸
ttbj	滔滔不绝
ttba	忐忑不安
ttbf	谈吐不凡
ttbl	投桃报李
ttd	妥妥当当
ttdd	坦坦荡荡
ttdc	饕餮大餐
ttdl	田头地里
ttdm	条条大路通罗马
ttdx	天塌地陷
ttdz	滔天大罪
ttez	塔塔尔族
ttgu	退堂鼓
ttgg	坛坛罐罐
tthg	脱胎换骨
tthh	堂堂皇皇
tthr	偷天换日
ttij	土特产
ttid	通天彻地
ttjk	凸透镜
ttju	滔滔江水
ttjl	滔天巨浪
ttji	推土机
ttjj	挑挑拣拣
ttjh	套套近乎
ttkk	痛痛快快
ttkl	太痛苦了
ttle	淘汰了
ttlg	亭台楼阁
ttll	拖拖拉拉
ttld	谈天论地
ttmi	榻榻米
ttmk	听天命
ttmm	偷偷摸摸
ttnr	头疼脑热
ttnn	头头脑脑
ttnh	滔天怒火
ttpp	太太平平
ttqi	透透气
ttqu	吞炭漆身
ttrw	体贴入微
ttsd	淘汰赛
ttsl	头疼死了
ttss	推推搡搡
tttn	探头探脑
tttx	抬头挺胸
tttt	吞吞吐吐
tttr	剃头挑子一头热
ttuf	提提神
ttuy	饕餮盛宴
ttut	吐吐舌头
ttud	头头是道
ttuu	踏踏实实
ttux	亭台水榭
ttvr	团团转
ttvj	头痛之极
ttvg	贪天之功
ttvv	堂堂正正
ttwu	跳跳舞
ttwf	抬头纹
ttwv	团团围住
ttxu	天天向上
ttxl	天塌下来
ttxd	替天行道
ttyl	亭亭玉立
ttym	听天由命
ttyt	头痛医头
ttyj	头痛医头，脚痛医脚
ttyy	团团圆圆
ttyz	天堂有路你不走
ttzx	滔天罪行
tuce	图册
tuan	图案
tuao	凸凹
tubc	图报
tubd	泰山北斗
tubm	突变
tubn	图标
tubo	吐蕃
tubu	徒步
tubp	土鳖
tubb	天上不会掉馅饼
tucc	吐槽
tucg	图层
tudy	土墩
tudb	天上掉馅饼
tudl	天时地利
tudc	屠刀
tudi	土地
tudk	秃顶
tudu	荼毒
tudx	听说读写
tudz	土豆
tudh	天时地利人和
tuer	徒儿
tuei	挺身而出
tufa	突发
tufu	屠夫
tufw	土匪
tufh	土方
tugr	图书馆
tugo	听说过
tugj	塔什干
tugd	涂改
tuge	图个
tugs	同生共死
tugc	他山攻错
tugx	天煞孤星
tuhe	挺适合
tuhc	土豪
tuhl	土黄
tuho	土货
tuhw	涂黑
tuhx	图画
tuig	屠城
tuij	土产
tuiu	突出
tuiy	兔唇
tuji	突击
tujk	途径
tujb	突进
tujm	土建
tujp	图解
tujl	突降
tujq	秃鹫
tujt	突厥
tukh	土炕
tuku	图库
tukz	吐口
tukd	唾手可得
tukq	徒手空拳
tulc	徒劳
tule	吐了
tulq	徒留
tuli	图例
tuln	涂料
tuls	屠龙
tulu	吐露
tulv	天生丽质
tulj	太上老君
tumj	涂满
tumm	凸面
tumo	涂抹
tumu	土木
tumz	图谋
tumi	荼蘼
tuna	吐纳
tupm	图片
tupi	土坯
tupo	突破
tups	贪生怕死
tupu	图谱
tuqi	突起
tuql	图强
tuqq	土丘
tuqk	特殊情况
turj	突然
turh	土壤
turu	突入
turz	兔肉
tuse	涂色
tusy	徒孙
tusi	吐司
tusc	唐诗宋词
tusm	头上三尺有神明
tusv	台上三分钟
tusg	台上三分钟，台下十年功
tutg	图腾
tutj	吐痰
tutu	兔兔
tutv	土生土长
tutz	秃头
tutx	台上台下
tutr	同是天涯沦落人
tuua	屠杀
tuuf	突审
tuui	图示
tuuh	图上
tuuu	图书
tuuz	徒手
tuuy	烫手山芋
tuud	听谁说的
tuvi	图纸
tuvs	途中
tuvh	图章
tuvu	土著
tuvl	涂装
tuvy	他山之石，可以攻玉
tuwf	图文
tuwl	投石问路
tuwu	突兀
tuww	突围
tuwy	天生我材必有用
tux	特殊性
tuxi	突袭
tuxp	吐血
tuxn	提神醒脑
tuxk	图形
tuxl	图像
tuxm	凸显
tuxt	吐血
tuxy	同声相应
tuyb	提示音
tuya	涂鸦
tuyk	秃鹰
tuyz	徒有
tuyi	太师椅
tuyd	天生一对
tuyj	涛声依旧
tuyh	图样
tuyu	土语
tuyw	天生尤物
tuzd	屠宰
tuzg	徒增
tuzh	土葬
tuzi	兔子
tuzu	土族
tvbd	颓败
tvbi	退避
tvbk	退兵
tvbm	蜕变
tvbq	停滞不前
tvbu	退步
tvbw	推背
tvce	推测
tvci	推辞
tvdc	推倒
tvdn	推掉
tvdh	退党
tvdk	退订
tvdr	推断
tvds	推动
tvdu	腿肚
tvdi	退敌
tvdz	腆着肚子
tvdm	天诛地灭
tvdv	天知地知
tvfh	退房
tvfj	推翻
tvfw	颓废
tvfa	腿法
tvgl	推广
tvge	退格
tvgw	退给
tvgj	同舟共济
tvgu	退股
tvgc	退稿
tvho	退货
tvhr	退换
tvhv	退回
tvhx	退化
tvhy	退婚
tvhz	退后
tvic	退潮
tvie	推车
tvih	退场
tvii	推迟
tvis	推崇
tviu	退出
tvj	天主教
tvjm	推荐
tvju	推举
tvjb	推进
tvji	推挤
tvjn	腿脚
tvjp	推介
tvjq	头重脚轻
tvjj	统治阶级
tvjw	添砖加瓦
tvjy	添枝加叶
tvjz	天之骄子
tvkd	推开
tvkr	退款
tvkg	退坑
tvl	偷着乐
tvla	推拉
tvle	退了
tvli	推理
tvlm	天真烂漫
tvlj	通知栏
tvlu	退路
tvlv	通胀率
tvly	推论
tvm	同志们
tvmi	颓靡
tvmc	腿毛
tvmo	推磨
tvma	腿麻
tvmf	推门
tvna	推拿
tvnq	头撞南墙
tvpi	蜕皮
tvpn	退票
tvpw	退赔
tvqn	推敲
tvqm	退钱
tvqb	退亲
tvqt	退却
tvqu	退去
tvqy	退群
tvrh	退让
tvrf	推人
tvre	退热
tvrj	颓然
tvrr	腿软
tvru	铁证如山
tvrv	听之任之
tvrl	同志仍需努力
tvss	推送
tvsr	推算
tvse	褪色
tvsh	颓丧
tvso	退缩
tvsj	退散
tvto	推脱
tvte	推特
tvth	颓唐
tvtk	退庭
tvtv	听着听着
tvuu	通知书
tvuh	腿上
tvuc	退烧
tvue	推射
tvui	退市
tvuo	推说
tvuv	退税
tvuz	推手
tvv	统治者
tvve	推着
tvvi	退职
tvvj	弹指之间
tvvy	题中之义
tvwu	退伍
tvww	推诿
tvwx	天真无邪
tvwy	天助我也
tvxq	退休
tvxi	腿细
tvxk	推行
tvxl	推向
tvxn	推销
tvxp	推卸
tvxr	推选
tvxt	退学
tvxx	退下
tvxu	推许
tvyb	退隐
tvyi	退役
tvyj	推演
tvyy	逃之夭夭
tvyt	投之以桃
tvzh	退赃
tvzu	退租
tvzi	推子
tvzz	退走
twbm	图文并茂
twdc	台湾岛
twdl	天文地理
twer	天无二日
twfx	天外飞仙
twfh	贪污腐化
twgv	叹为观止
twhx	题外话
twhh	天网恢恢
twji	体温计
twjr	退伍军人
twjl	天无绝人之路
twkt	退无可退
twle	太晚了
twlk	天外来客
twlu	图瓦卢
twlz	天王老子
twlp	天王老子都不怕
twnc	天威难测
twpb	调味品
twsu	同位素
twtd	天文台
twug	台湾省
twuz	天文数字
twuh	贪污受贿
twwf	体无完肤
twxj	天文学家
twxh	体外循环
twyt	天外有天
txbz	贪心不足
txbx	贪心不足蛇吞象
txbu	天下本无事
txcu	天下苍生
txdc	剃须刀
txdd	提心吊胆
txdl	天下大乱
txdu	天下大事
txdv	天旋地转
txdy	天下第一
txfu	谈笑风生
txhl	同心合力
txiu	体现出
txjb	退休金
txjm	天行健
txjx	痛下决心
txjf	啼笑皆非
txju	痛心疾首
txlu	通讯录
txlv	贴现率
txlb	袒胸露背
txlr	袒胸露乳
txlf	袒胸露腹
txlm	同性恋
txmf	同学们
txma	条形码
txmo	提线木偶
txmc	天下没有白吃的午餐
txmx	天下没有不散的筵席
txpy	贪小便宜
txpk	贪小便宜吃大亏
txqy	偷香窃玉
txrn	推贤让能
txrr	天下攘攘
txtd	同心同德
txtx	同喜同喜
txtf	掏心掏肺
txtp	天下太平
txue	通讯社
txud	贪小失大
txuu	痛下杀手
txug	台下十年功
txvg	通行证
txvf	推心置腹
txww	铜臭味
txwd	天下无敌
txwg	天下为公
txwh	天下乌鸦一般黑
txwm	童心未泯
txwz	掏心窝子
txwu	天下无双
txwx	天下无不散之筵席
txxk	挑衅性
txxi	同性相斥
txxl	同心协力
txxw	天下兴亡
txxx	天下熙熙
txxm	踏雪寻梅
txy	同心圆
txyv	他乡遇故知
txyr	谈笑有鸿儒
txyx	提醒一下
txzr	谈笑自若
txzo	天蝎座
txzu	汤显祖
tyb	退一步
tybc	掏腰包
tybk	吞并
tybu	臀部
tyby	天有不测风云
tybh	头也不回
tyc	头一次
tyci	同义词
tycj	头一次见
tycl	太阳从西边出来
tydn	吞掉
tydd	天摇地动
tydf	天圆地方
tydl	体育锻炼
tyei	脱颖而出
tyfu	吞服
tyfg	田园风光
tyge	同一个
tygr	体育馆
tygn	特异功能
tygh	同业公会
tyhv	头一回
tyhj	天涯海角
tyho	囤货
tyhc	天涯何处无芳草
tyih	体育场
tyii	吞吃
tyji	囤积
tyjb	吞进
tyjc	添油加醋
tyjh	土洋结合
tyjy	桃园结义
tyjw	腾云驾雾
tyjk	添衣加裤
tyl	太远了
tyle	吞了
tymo	吞没
tymp	吞灭
tymk	陶渊明
tymg	田园牧歌
tymx	头晕目眩
tymy	甜言蜜语
tyng	太阳能
tynw	天意难违
tynr	天意弄人
typk	拖油瓶
typz	褪
typd	糖衣炮弹
tyqc	陶冶情操
tyqb	徒有其表
tyqm	徒有其名
tyrl	天涯若比邻
tysl	讨厌死了
tytj	谈一谈
tyto	拖一拖
tytm	屯田
tytu	吞吐
tytw	吞云吐雾
tyty	体验体验
tyui	吞噬
tyuj	同一时间
tyuq	同一时期
tyvy	童言稚语
tyvx	统一战线
tyvb	天渊之别
tyww	臀围
tywf	天衣无缝
tywj	童言无忌
tywb	退一万步
tywu	退一万步说
tywx	同一屋檐下
tyx	通用性
tyxi	太阳系
tyxt	太阳穴
tyxy	天要下雨
tyxm	徒有虚名
tyxk	椭圆形
tyxw	跳跃性思维
tyxx	吞下
tyxr	天要下雨，娘要嫁人
tyyi	投影仪
tyys	挺有意思
tyyh	头晕眼花
tyyj	吞咽
tyzi	同音字
tzan	投案
tzbn	投标
tzbc	投保
tzbi	投币
tzbf	投奔
tzbj	头版
tzbu	头部
tzci	头次
tzcy	头寸
tzcd	头彩
tzda	头大
tzdc	偷盗
tzdd	头戴
tzdg	头等
tzdh	投档
tzdi	投递
tzdj	投弹
tzdk	头顶
tzdu	偷渡
tzfa	头发
tzfg	透风
tzfh	投放
tzfn	徒增烦恼
tzgc	投稿
tzgl	透光
tzgo	透过
tzgu	头骨
tzgs	头功
tzhy	头昏
tzhc	头号
tzhe	投河
tzhh	投行
tzhr	偷欢
tzhl	投资回报率
tzie	透彻
tzig	投诚
tzii	偷吃
tziu	透出
tzij	投产
tziz	头筹
tzji	投机
tzjq	通则久
tzjb	头巾
tzjk	头颈
tzjn	头角
tzjl	头奖
tzjx	天子脚下
tzkv	头盔
tzks	偷空
tzkc	投靠
tzkj	偷看
tzle	太早了
tzlu	透露
tzlj	偷懒
tzlk	头领
tzll	透亮
tzlm	头脸
tzlp	偷猎
tzlc	投资理财
tzmk	透明
tzmm	头面
tzmu	头目
tzmn	偷瞄
tznc	头脑
tznu	天作孽犹可恕
tznw	天作孽犹可违
tzpn	投票
tzpk	投屏
tzpd	偷拍
tzpi	头皮
tzpc	偷跑
tzqi	透气
tzqk	偷情
tzqp	偷窃
tzqu	偷取
tzqn	偷巧
tzqq	头球
tzqc	天纵其才
tzru	投入
tzrf	偷人
tzrh	天灾人祸
tzsu	投诉
tzss	投送
tzts	头痛
tztc	头套
tztd	投胎
tztg	头疼
tztk	偷听
tztm	头天
tztn	头条
tzto	头陀
tztz	偷偷
tzuh	头上
tzue	投射
tzuf	投身
tzug	偷生
tzui	透视
tzuv	偷税
tzuz	投手
tzv	投资者
tzve	透着
tzvh	天作之合
tzvc	天纵之才
tzvi	透支
tzvu	投注
tzvs	投中
tzww	头尾
tzwf	贪赃枉法
tzxi	偷袭
tzxt	偷学
tzxl	头像
tzxm	头衔
tzxn	偷笑
tzxu	头绪
tzxp	头屑
tzy	替罪羊
tzyc	投药
tzyk	投影
tzyr	投缘
tzyy	头晕
tzyz	头油
tzzi	投资
tzzv	偷嘴
tzzz	偷走
tzyt	偷越
tzyh	投资银行
u	是
uio	时
uia	十
uibt	室
ui	事
uh	上
uiw	市
ug	生
uib	实
ue	设
uep	社
uo	说
uv	水
uguo	省
uhw	商
uir	使
uzbc	守
uzv	收
uj	山
uiav	世
uuv	书
uc	少
uzp	手
uify	施
uf	深
uiy	式
uu	数
uz	受
uvh	税
uvye	说
uifl	势
uip	视
uzb	首
ufp	身
ufpu	神
ukwu	率
uiyb	识
uil	师
uzr	售
uiln	史
uie	示
uiak	石
uirl	食
uin	始
uiua	士
uipf	失
ul	双
ujy	善
ugu	声
uiz	适
uiyg	试
ufr	伸
ufb	审
uuu	属
ugp	升
uum	树
uad	沙
ugo	胜
uui	输
ucs	绍
uzf	授
ufl	申
uy	顺
uua	束
ufq	甚
uuz	述
uhx	尚
uef	摄
uhr	伤
uvy	谁
uw	谁
uus	署
ugi	盛
uirr	似
ued	涉
ueu	射
uiyc	诗
uuw	熟
uzw	熟
ufd	沈
uudv	殊
ugqn	乘
uai	厦
uucv	蔬
uiuj	饰
uidq	殖
uer	舍
uax	杀
uchw	烧
uje	陕
uipl	释
uhxr	赏
uzfc	寿
ugy	圣
uxu	刷
uim	驶
ugq	剩
uipv	氏
uur	舒
ukw	衰
ujm	闪
uvo	睡
uou	硕
uizj	逝
ugn	牲
ufx	慎
uuvv	疏
ujp	衫
uid	湿
ujf	擅
uch	稍
uuj	鼠
uas	纱
uudy	淑
ufdp	渗
ufs	绅
uei	蛇
uuuy	叔
uumd	术
uk	帅
ujd	汕
uuo	暑
ujh	扇
uumx	枢
uau	砂
ugs	绳
ua	啥
uiu	蚀
uiq	狮
uzby	瘦
ucd	邵
ula	爽
uld	爽
uac	莎
uzbk	兽
uult	墅
uaxd	刹
uyo	瞬
uifk	誓
uck	哨
ukf	摔
ujmp	杉
ujb	单
uly	霜
uif	拾
uiv	尸
ukk	甩
udv	筛
ujfp	掺
uar	傻
uflo	肾
ueq	舌
uuoo	曙
uiob	匙
uuf	抒
udo	晒
ucl	韶
ujw	珊
ujpl	禅
uul	竖
uusi	蜀
uoh	烁
uiru	仕
uimj	柿
uob	朔
uuc	薯
uedo	奢
uumv	梳
uyp	舜
uipt	矢
urmw	栓
uxe	耍
uiec	峙
uex	慑
uefk	拾
uadh	煞
ujc	删
ujo	膳
uuwd	戍
uuad	戍
uun	恕
ujs	缮
uirc	侍
uuww	孰
ucf	捎
ufc	莘
uikr	噬
uika	噬
ucb	勺
uik	嗜
ujk	赡
ucm	梢
ur	拴
ugv	笙
ujmc	栅
uud	澍
uudu	沭
uzq	狩
urd	涮
uuk	赎
uug	庶
uet	赦
uek	赊
ujn	姗
ujz	跚
uifg	拭
uudr	漱
uerx	佘
uiky	嘘
uium	屎
ueg	麝
ufku	呻
uix	恃
uja	鳝
uuwt	塾
ufn	婶
uerr	歙
ugul	甥
ufnn	娠
ufu	砷
uht	墒
uii	轼
ujna	嬗
uert	畲
uge	嵊
uzs	绶
uho	晌
uyk	吮
ugoi	晟
uki	蟀
uoj	铄
uada	鲨
uay	霎
uam	杉
ufyv	谌
ugd	渑
ucg	鞘
ufi	蜃
uccu	芍
uln	孀
ucc	苕
uak	嗄
ujye	讪
uxk	唰
ujv	舢
ujpp	衫
ucdl	劭
ucdk	召
uusl	纾
ujck	苫
uhtk	垧
uucy	菽
ujbe	疝
ujfl	掸
uhdp	觞
ujoa	膻
uhd	殇
uuh	黍
uab	痧
uady	裟
uuod	腧
urm	栓
ucv	艄
uicc	莳
uaj	铩
ueqk	猞
uijj	铈
uiym	谥
ufk	哂
uian	豕
uiac	鲥
uji	蟮
ufm	椹
ufmv	棽
ucmu	杓
ufcv	葚
uhh	熵
uhs	绱
uit	螫
uurm	毹
uon	妁
uldl	泷
ufmp	糁
udy	酾
uiyl	酾
uobm	槊
ujt	埏
uivr	筮
ucdo	潲
uitc	埘
uixg	弑
uoc	蒴
ufy	谂
uufx	摅
uakn	唼
uaq	歃
ujmx	骟
uedy	滠
uful	矧
ufo	胂
uic	蓍
uiai	鲺
uiur	贳
uof	搠
uldx	漴
uue	隃
ugou	昇
uco	睄
ucmk	柖
uem	阇
uee	𪨶
ufbp	瘆
ufhm	燊
ufw	珅
ufre	侁
ufou	瞫
uget	陞
uidb	奭
uite	邿
uiun	鸤
uiox	䏡
uimg	栻
uiaj	𫚕
ujfh	掞
ujj	钐
ujoh	晱
ujek	嶦
uluo	礵
ulyn	鹴
uro	腨
uuny	婌
uym	楯
ufju	𬬹
uiyr	𬤊
ujtl	𫮃
uior	是
ugpf	生
uioc	时
uept	社
uoy	说
uhwk	商
uial	十
uzvw	收
ucx	少
uzpl	手
uzpy	受
uvhe	税
uipe	视
uzbz	首
ufpp	身
uilj	师
uzrk	售
uiex	示
uink	始
ulyy	双
ugup	声
uizk	适
ufbu	审
ugpc	升
uumc	树
ucsk	绍
uzfy	授
uyi	顺
uefy	摄
uhrl	伤
uwyf	谁
uuso	署
ugim	盛
uedp	涉
uefj	折
ueuc	射
uuwh	熟
ufdv	沈
uaiw	厦
uerk	舍
uaxm	杀
ujej	陕
uxud	刷
ugqd	剩
uurl	舒
ukwy	衰
uvoi	睡
uour	硕
ujfa	擅
uujv	鼠
uasu	纱
ufsp	参
ueib	蛇
ujde	汕
ugsd	绳
uakk	啥
uiqj	狮
ucde	邵
ulan	爽
uacu	莎
uyol	瞬
ucko	哨
ulyo	霜
uivp	尸
ukkv	甩
uarw	傻
uufl	抒
udox	晒
uclk	韶
ujwc	珊
uypl	舜
uxen	耍
uexy	慑
ujcd	删
ujok	膳
uunx	恕
ujsk	缮
ucfo	捎
ufcu	莘
uiko	嗜
ujkk	赡
ucmo	梢
uzqc	狩
urdd	涮
uukd	赎
uugh	庶
uetw	赦
uekx	赊
ujnc	姗
ujzc	跚
uegc	麝
uixc	恃
ujak	鳝
ufnu	婶
uhok	晌
uyke	吮
uojl	铄
uayn	霎
ulno	孀
ucck	苕
uakw	嗄
uxkd	唰
urma	闩
uajm	铩
ujik	蟮
uhsk	绱
uonu	妁
udyl	酾
uaqr	歃
uofo	搠
ucoo	睄
uemo	阇
ueei	𪨶
uroe	腨
uymo	楯
uoye	说
uyir	顺
ud	收到
ux	首先
uq	事情
ut	身体
um	上面
ub	顺便
up	双拼
us	神似
uabc	沙包
uabd	煞白
uabi	傻逼
uabu	纱布
uadd	沙袋
uadg	傻等
uadi	杀敌
uadj	傻蛋
uadn	杀掉
uadp	杀跌
uadu	杀毒
uafa	沙发
uagx	傻瓜
uagl	杀光
uago	砂锅
uahd	杀害
uahe	沙盒
uahl	沙皇
uahx	傻话
uaie	刹车
uaif	沙尘
uaih	沙场
uail	纱窗
uais	杀虫
uaiu	杀出
uajb	纱巾
uaji	杀鸡
uajt	杀绝
uajl	沙姜
uajx	杀价
uajy	杀菌
uakg	沙坑
uala	沙拉
uale	杀了
uals	沙龙
uali	砂砾
ualu	杀戮
ualy	砂轮
ualz	沙漏
uami	沙弥
uamo	沙漠
uamp	杀灭
uamc	傻帽
uanq	傻妞
uanv	傻女
uann	傻鸟
uapj	沙盘
uaqi	杀气
uaqq	沙丘
uaqk	杀青
uarf	杀人
uaru	杀入
uasi	杀死
uatj	沙滩
uate	沙特
uath	砂糖
uatu	沙土
uatz	杀头
uatv	杀退
uaua	傻傻
uaug	杀生
uauf	杀神
uauh	杀伤
uaui	啥事
uauz	杀手
uavu	杀猪
uavi	砂纸
uavc	杀招
uavz	沙洲
uawz	少安毋躁
uaxn	傻笑
uaxk	煞星
uaya	沙哑
uayj	傻眼
uayu	鲨鱼
uayi	杀意
uayh	啥样
uays	啥用
uazi	傻子
ubbf	上半部分
ubbx	誓不罢休
ubbz	上半辈子
ubby	十八般武艺
ubbq	十八般兵器
ubcm	恕不从命
ubff	少部分
ubfg	恕不奉告
ubfc	十步芳草
ubfm	上兵伐谋
ubdk	说不定
ubde	舍不得
ubdc	收不到
ubdb	圣彼得堡
ubdl	山崩地裂
ubdm	上不得台面
ubdz	十八代祖宗
ubdq	生不带来，死不带去
ubfp	恕不奉陪
ubfu	生不逢时
ubgo	说不过
ubgz	睡不够
ubgb	事倍功半
ubgf	食不果腹
ubgj	事不关己
ubgq	说不过去
ubgs	事不过三
ubgu	少不更事
ubgw	食不甘味
ubgx	善罢甘休
ubhc	说不好
ubhv	收不回
ubhj	睡不好觉
ubih	上半场
ubik	说不出口
ubil	说不出来
ubj	社保局
ubjn	胜不骄，败不馁
ubju	少不经事
ubjs	十八九岁
ubjd	深不见底
ubjq	疏不间亲
ubka	社保卡
ubkc	深不可测
ubkd	势不可挡
ubkv	尚不可知
ubln	受不了
ubll	势不两立
uble	上班了
ublv	树碑立传
ublq	神兵利器
ublu	稍不留神
ublm	上不了台面
ublj	傻不拉叽
ubld	傻不愣登
ubmb	说不明白
ubml	身败名裂
ubnm	上半年
ubnu	寿比南山
ubqk	说不清
ubqi	说不清楚
ubqu	上不去
ubqm	舍本求末
ubqy	深表歉意
ubrs	生不如死
ubri	少不入川
ubsv	十八岁
ubsr	士别三日
ubtd	双胞胎
ubts	说不通
ubtm	傻白甜
ubtq	深表同情
ubtu	睡不踏实
ubtj	神兵天将
ubu	是不是
ubui	时不时
ubua	傻不傻
ubuo	说不说
ubuz	手把手
ubuh	适不适合
ubuj	手不释卷
ubuu	数不胜数
ubux	实报实销
ubul	说不上来
ubum	失败是成功之母
ubvc	睡不着
ubvd	谁不知道
ubvj	神不知鬼不觉
ubvm	舍本逐末
ubvw	食不知味
ubvy	说不准
ubvi	殊不知
ubvv	山不转水转
ubvt	上不着天
ubwj	说不完
ubwd	时不我待
ubwy	时不我与
ubwr	誓不为人
ubxk	睡不醒
ubxh	谁不喜欢
ubxy	食不下咽
ubxm	实不相瞒
ubye	上半夜
ubyi	事不宜迟
ubyj	身不由己
ubyt	生搬硬套
ubys	恕不远送
ubyy	是不一样
ubyh	深表遗憾
ubyx	食不厌精，脍不厌细
ubz	上辈子
ubzi	使绊子
ubzl	时不再来
ubzg	山不在高
ubzu	水不在深
ucaw	恃才傲物
ucbc	少报
ucbk	烧饼
ucbw	烧杯
ucbd	烧白
ucbl	深藏不露
uccd	烧菜
ucda	稍大
ucdc	烧到
ucdd	捎带
ucdg	稍等
ucdm	少点
ucds	少动
ucdn	烧掉
ucdr	稍短
ucdi	稍低
ucer	少儿
ucee	烧鹅
ucfj	烧饭
ucfu	少妇
ucfy	神采飞扬
ucgf	诗词歌赋
ucgl	烧光
ucgj	稍感
ucgc	稍高
ucgw	捎给
ucgo	烧锅
ucgv	稍贵
ucgm	深藏功与名
uchc	稍好
uchs	烧红
uchl	烧荒
ucho	烧火
uchv	烧毁
uchz	稍后
uchk	烧坏
uchu	烧糊
uchx	韶华
uchj	生存环境
ucia	稍差
ucig	烧成
ucid	烧柴
ucii	少吃
ucih	稍长
ucj	收藏夹
ucji	烧鸡
ucjl	少将
ucjm	少见
ucjn	烧焦
ucjq	烧酒
ucjv	上层建筑
ucjx	稍加
uckc	烧烤
uckd	烧开
uckk	稍快
uckj	少看
uckv	少亏
uclb	少林
ucld	少来
ucll	少量
ucle	少了
uclu	烧录
ucla	烧腊
uclv	生存率
uclh	舌灿莲花
ucmd	烧麦
ucmw	烧煤
ucmj	稍慢
ucnm	少年
ucnu	守财奴
ucnc	烧脑
ucnj	少男
ucnv	少女
ucnd	少奶
ucnl	生存能力
ucpb	收藏品
ucpk	烧瓶
ucqm	烧钱
ucqu	捎去
ucqx	哨卡
ucqk	少顷
ucrz	烧肉
ucsr	少算
ucsi	烧死
ucso	哨所
ucth	烧汤
ucti	少提
uctj	烧炭
ucuu	少数
ucuc	稍稍
ucug	哨声
ucuh	烧伤
ucui	少时
ucuj	韶山
ucuk	少帅
ucuo	少说
ucuv	烧水
ucuf	剩菜剩饭
ucvc	烧着
ucvi	烧制
ucvu	少主
ucvd	生财之道
ucvj	身残志坚
ucvl	少壮
ucvo	烧灼
ucww	稍微
ucwj	稍晚
ucxb	烧心
ucxi	稍息
ucxk	绍兴
ucxl	烧香
ucxm	稍显
ucxn	少校
ucxp	少些
ucxu	少许
ucxy	稍逊
ucxt	上蹿下跳
ucyu	少于
ucyj	少言
ucye	少爷
ucya	烧鸭
ucyr	稍远
ucyb	哨音
ucyc	芍药
ucyd	生财有道
ucyy	神采奕奕
ucyz	稍有
ucyx	受此影响
ucyl	生存压力
uczz	少走
uczo	稍作
uczc	稍早
ucze	少则
uczi	勺子
udbh	啥都不会
udby	上帝保佑
udbt	说的比唱的好听
udbi	手到病除
uddv	说得对
uddi	说到底
uddh	手动挡
uddj	晒单
uddx	说东道西
uddr	山顶洞人
udfw	水电费
udfu	士大夫
udfy	是敌非友
udge	十多个
udgj	晒干
udgu	树大根深
udgq	说得过去
udgv	失道寡助
udhc	说得好
udhl	瘆得慌
udhw	晒黑
udhs	树倒猢狲散
udia	筛查
udiu	晒出
udil	时代潮流
udjp	圣诞节
udji	生旦净丑
udju	水电局
udjx	声东击西
udkh	筛糠
udkl	圣诞快乐
udku	山东快书
udl	收到了
udln	受得了
udlb	势单力薄
udlg	势单力孤
udlt	事到临头
udlr	圣诞老人
udle	上当了
udli	势大力沉
udmw	收到没
udmy	神丹妙药
udmg	圣多明各
udmb	圣多美和普林西比
udnm	十多年
udnl	十多年了
udnj	蜀道难
udnt	蜀道难，难于上青天
udpd	耍大牌
udqk	说得清
udqs	说得轻松
udqi	水到渠成
udqf	适得其反
udql	手到擒来
udqu	舐犊情深
udrf	十多人
udrj	事到如今
udrx	世道人心
udsi	晒死
udtm	十多天
udts	手电筒
udti	识大体
udtt	上得厅堂
udtu	晒图
udtd	晒台
udug	山东省
udud	晒晒
uduc	是对是错
uduy	是敌是友
udui	水滴石穿
udup	上当受骗
udux	时断时续
uduu	胜读十年书
uduh	上刀山，下火海
udvj	闪电战
udvf	树大招风
udvc	睡得着
udwz	数典忘祖
udwp	硕大无朋
udxr	筛选
udxi	世代相传
udxx	生动形象
udxk	煽动性
udxm	升斗小民
udys	傻得要死
udyr	示敌以弱
udyb	伤敌一千，自损八百
udym	守得云开见月明
udyg	圣地亚哥
udyu	书到用时方恨少
udz	书呆子
udzi	色子
udzd	说到做到
udzy	师道尊严
udzj	生当作人杰
uean	涉案
uebw	设备
uebc	社保
uebf	折本
uebh	食而不化
uebj	视而不见
uebl	疏而不漏
uebz	述而不作
uebu	十恶不赦
ueby	少儿不宜
uecg	十二层
uede	舍得
uedj	蛇胆
uedu	蛇毒
uedk	设定
uedm	十二点
uedn	射雕
uedg	射灯
uefa	设法
uefh	设防
uefm	善恶分明
uefu	慑服
ueff	十二分
uefd	失而复得
uegf	舌根
uegs	社工
uegz	赊购
uegy	十二个月
uehv	社会
uehx	奢华
uehy	摄魂
uehl	涉黄
uehw	涉黑
ueig	射程
ueii	奢侈
ueiu	射出
ueir	射穿
ueil	十二重楼
uejb	射进
ueji	设计
uejk	射精
uejm	舌尖
uejn	社交
ueju	设局
ueli	设立
uelp	涉猎
uelu	摄录
uely	社论
uemf	射门
uemm	赦免
uemi	奢靡
uemk	舍命
uepk	社评
uepb	射频
uepd	生而平等
uepi	蛇皮
ueqi	舍弃
ueqm	赊欠
ueqy	社群
ueqq	奢求
uequ	社区
ueqx	设卡
ueru	摄入
uero	设若
uesv	十二岁
uesi	社死
uesu	射速
uess	十二三岁
uetd	舌苔
uetj	奢谈
uetr	社团
uetz	舌头
uetv	蛇蜕
ueua	射杀
ueuf	舍身
ueui	设施
ueuv	涉水
ueuz	射手
uevg	摄政
uevh	社长
uevi	设置
uevj	舌战
uevs	射中
uevv	生而知之
uewh	奢望
uewd	涉外
ueww	设为
uewf	舌吻
uewr	生而为人
uexk	蛇形
uexl	摄像
uexx	设下
uexm	涉嫌
uexn	赊销
uexp	蛇蝎
ueyt	十二月
ueyj	设宴
ueyk	摄影
ueyn	生儿育女
ueyr	社员
ueyz	舍友
ueyf	十二月份
uezu	涉足
ufao	深奥
ufai	深爱
ufan	深谙
ufbc	申报
ufbj	申办
ufbn	深表
ufbk	肾病
ufbm	身边
ufbs	伤风败俗
ufbf	是非不分
ufbg	是福不是祸，是祸躲不过
ufcd	身材
ufcg	深层
ufch	深藏
ufcj	身残
ufdc	伸到
ufda	甚大
ufdh	煽风点火
ufdk	审定
ufdm	神殿
ufdg	神灯
ufdr	身段
ufdu	深度
ufdy	深蹲
ufdn	神雕
ufe	顺风耳
ufer	甚而
ufff	身份
uffa	身法
uffo	神佛
uffm	赏罚分明
uffu	神父
uffh	慎防
ufgc	身高
ufgf	申根
ufgu	身故
ufgg	深耕
ufgj	深感
ufgv	深闺
ufgk	神怪
ufgy	神棍
ufgl	深广
ufgs	神功
ufgz	申购
ufgd	杀伐果断
ufhb	是非黑白
ufhc	甚好
ufho	甚或
ufhd	深海
ufhe	审核
ufhy	神魂
ufhl	深黄
ufhk	身怀
ufhr	身患
ufhu	深沪
ufhs	深红
ufhv	深灰
ufhx	神话
ufhz	身后
ufia	审查
ufii	申斥
ufif	深沉
ufih	伸长
ufir	身穿
ufiu	伸出
ufiz	深仇
ufjd	杀伐决断
ufj	煞风景
ufjb	伸进
ufji	审计
ufjn	深交
ufjj	删繁就简
ufjy	说风就是雨
ufjk	神经
ufjm	神剑
ufjp	杀富济贫
ufjq	深究
ufjx	身价
ufjw	上房揭瓦
ufkd	伸开
ufke	深刻
ufkg	深坑
ufkj	神龛
ufks	深恐
ufkv	肾亏
ufkx	煞费苦心
ufle	舒服了
ufli	审理
ufll	身量
uflj	深蓝
uflv	深绿
uflk	神灵
ufln	神聊
ufls	神龙
uflm	师傅领进门
uflr	师傅领进门，修行靠个人
uflh	说风凉话
ufme	什么
ufmi	神秘
ufmk	申明
ufmn	神庙
ufmo	神魔
ufmd	深埋
ufmw	审美
ufnl	婶娘
ufnv	神女
ufns	神农
ufph	身旁
ufpi	审批
ufpj	审判
ufpk	审评
ufqh	适逢其会
ufqi	神奇
ufqk	申请
ufqm	深浅
ufqp	深切
ufqq	深秋
ufqr	神权
ufqu	身躯
ufqv	是非曲直
ufru	深入
ufrf	瘆人
ufrx	世风日下
ufse	深色
ufsi	深思
ufso	伸缩
ufsr	神算
ufsu	申诉
ufsv	深邃
uftd	神态
ufti	身体
uftj	神探
ufts	神通
uftv	伸腿
uftz	渗透
uftc	深套
ufuf	深深
ufug	神圣
ufuh	身上
ufui	绅士
ufuj	深山
ufuu	申述
ufuv	渗水
ufuz	伸手
ufue	神社
ufuk	肾衰
ufud	收复失地
ufvg	身份证
ufvd	是非之地
ufvf	深圳
ufvw	深孚众望
ufvy	十分之一
ufvh	伸张
ufvi	甚至
ufvj	伸展
ufvo	身着
ufvr	身负重任
ufvs	慎重
ufvz	神州
ufvk	是非只为多开口
ufwf	审问
ufwh	身亡
ufwu	神武
ufww	身为
ufwv	胜负未知
ufxb	身心
ufxk	身形
ufxl	神像
ufxm	神仙
ufxn	神效
ufxr	慎选
ufxt	神学
ufxu	肾虚
ufxy	审讯
ufxx	师范学校
ufyb	呻吟
ufye	深夜
ufyh	沈阳
ufyi	审议
ufyj	审验
ufyk	身影
ufyr	深渊
ufys	慎用
ufyt	审阅
ufyu	甚于
ufyy	神韵
ufyz	神游
ufyx	收发由心
ufzc	深造
ufzd	身在
ufzh	肾脏
ufzi	身子
ufzr	收放自如
ufdx	师范大学
ugbk	生病
ugbd	胜败
ugbh	食古不化
ugbm	生变
ugbo	声波
ugbu	声部
ugby	深更半夜
ugcd	生菜
ugci	生词
ugcy	生存
ugda	盛大
ugdc	升到
ugdd	声带
ugde	省得
ugdi	圣地
ugdj	圣诞
ugdm	省电
ugdn	声调
ugdp	升跌
ugds	生动
ugdg	闪光灯
ugdw	施工单位
ugdz	生瓜蛋子
ugeg	善贾而沽
ugen	圣恩
ugfu	胜负
ugfj	剩饭
ugff	省份
ugfh	盛放
ugfc	升官发财
ugfy	生根发芽
ugfa	生发
uggz	山沟沟
uggr	升官
uggc	升高
uggf	生根
uggo	胜过
ugge	升格
uggy	生滚
ugho	生活
ughr	生还
ughv	省会
ughx	升华
ughc	生蚝
ughj	睡个好觉
ughy	山高皇帝远
ugif	生辰
ugig	生成
ugii	生吃
ugij	生产
ugir	盛传
ugiu	胜出
ugiz	生抽
ugjb	省劲
ugju	胜局
ugjc	硕果仅存
ugjg	说干就干
ugji	升级
ugjm	生煎
ugjk	圣经
ugjl	升降
ugjp	圣洁
ugjq	时过境迁
ugka	声卡
ugkd	盛开
ugkl	盛况
ugks	声控
ugke	生客
ugkz	牲口
ugle	省了
ugld	生来
uglg	生冷
ugli	胜利
uglk	生灵
uglt	省略
uglu	生路
uglv	胜率
uglh	声浪
ugln	生料
ugll	硕果累累
uglx	瘦骨嶙峋
ugly	伸个懒腰
uglb	上个礼拜
ugmc	神鬼莫测
ugmg	生猛
ugmi	生米
ugmk	生命
ugmu	声母
ugmf	生门
ugmw	说个没完
ugmt	视功名如粪土
ugmj	时乖命蹇
ugna	声呐
ugnm	盛年
ugnv	剩女
ugnu	盛怒
ugnw	省内
ugpa	生怕
ugpb	声频
ugpi	生僻
ugpk	生平
ugqb	生擒
ugqi	生气
ugqk	盛情
ugqm	省钱
ugqu	省去
ugqx	双管齐下
ugqg	树高千丈，落叶归根
ugri	生日
ugrf	胜任
ugrz	生肉
ugrr	时光荏苒
ugru	时光如水
ugse	生涩
ugsg	圣僧
ugsi	生死
ugso	绳索
ugsr	胜算
ugsu	胜诉
ugtz	摔跟头
ugtc	声讨
ugtd	生态
ugtg	升腾
ugti	绳梯
ugtj	圣坛
ugtm	升天
ugtp	生铁
ugty	生吞
uguh	升上
uguy	山高水远
ugud	时高时低
ugux	上纲上线
ugug	省省
uguv	圣水
uguj	上个世纪
ugui	省事
uguk	盛衰
ugus	水光山色
uguu	生疏
uguz	生手
ugve	省着
ugvh	生长
ugvi	升职
ugvu	生猪
ugvj	圣战
ugvl	盛装
ugva	生榨
ugvv	收官之战
ugvd	事关重大
ugwu	生物
ugwf	升温
ugwh	声望
ugwd	省外
ugww	省委
ugwa	生娃
ugwc	尸骨无存
ugxx	剩下
ugxb	省心
ugxi	生息
ugxk	盛行
ugxl	声响
ugxm	生鲜
ugxn	生效
ugxq	生锈
ugxy	声讯
ugxt	升学
ugxu	升序
ugxz	深耕细作
ugyb	声音
ugya	生涯
ugyh	生养
ugyi	生意
ugyj	盛宴
ugyk	生硬
ugyr	声援
ugyt	声乐
ugyu	剩余
ugyy	声韵
ugyz	省油
ugzi	绳子
ugzj	盛赞
uhan	上岸
uhbc	上报
uhba	伤疤
uhbb	上宾
uhbd	上百
uhbh	上榜
uhbj	上班
uhbk	伤病
uhbm	上边
uhbn	商标
uhbr	水火不容
uhbq	水火不侵
uhbu	上部
uhbw	伤悲
uhby	尸横遍野
uhci	上次
uhcc	上操
uhcd	上菜
uhce	上策
uhcg	上层
uhch	上苍
uhcj	伤残
uhcy	尚存
uhdd	尚待
uhdc	上道
uhdg	上等
uhdh	上当
uhdi	上帝
uhdk	商定
uhdm	商店
uhdn	上吊
uhdr	上端
uhdy	疏忽大意
uhee	上颚
uhfh	上方
uhfa	赏罚
uhff	上坟
uhfg	伤风
uhfj	商贩
uhfu	上浮
uhfw	售后服务
uhgj	伤感
uhgx	守活寡
uhge	上个
uhgh	上岗
uhgl	赏光
uhgp	摄魂勾魄
uhgr	上官
uhgs	上供
uhgu	上古
uhgz	上钩
uhgg	深化改革
uhhd	上海
uhhc	上好
uhhh	商行
uhhe	上颌
uhhf	伤痕
uhhj	伤寒
uhhk	伤怀
uhho	上火
uhhu	商户
uhhv	上回
uhhx	上滑
uhie	上车
uhig	商城
uhih	商场
uhil	上床
uhir	上传
uhis	上冲
uhic	商朝
uhim	收回成命
uhji	上级
uhjk	上镜
uhjb	上进
uhjj	身怀绝技
uhjl	上将
uhjm	商检
uhjn	上交
uhjp	上街
uhju	上句
uhjx	商家
uhke	上课
uhks	上空
uhkz	伤口
uhll	商量
uhld	上来
uhle	上了
uhlj	身怀六甲
uhlm	上联
uhlp	失魂落魄
uhlq	上流
uhlu	上路
uhlv	商旅
uhlz	上楼
uhmm	上面
uhma	上马
uhmb	生花妙笔
uhmc	商贸
uhmf	上门
uhnm	上年
uhnf	时和年丰
uhng	尚能
uhnc	上脑
uhpk	上屏
uhpb	商品
uhpd	上排
uhpm	上篇
uhpo	上坡
uhpu	商铺
uhql	耍花腔
uhqi	上期
uhqr	商圈
uhqm	上前
uhqn	上翘
uhqp	尚且
uhqk	伤情
uhqt	商榷
uhqu	上去
uhqj	神乎其技
uhqx	商洽
uhqq	商丘
uhrc	上饶
uhrf	商人
uhse	上色
uhsi	上司
uhso	上锁
uhsr	上算
uhsu	上诉
uhsd	圣何塞
uhsh	说话算话
uhsj	水花四溅
uhtc	商讨
uhtd	上台
uhti	上体
uhtj	商谈
uhtm	上天
uhtn	上调
uhtr	商团
uhts	伤痛
uhtu	上图
uhtz	上头
uhth	上膛
uhu	上海市
uhuo	实话说
uhua	商厦
uhue	商社
uhuf	上身
uhug	上升
uhuh	时好时坏
uhui	上市
uhuj	上山
uhuu	上述
uhuv	上税
uhuz	上手
uhv	受害者
uhvr	水浒传
uhve	伤者
uhvf	上阵
uhvg	上证
uhvh	上涨
uhvi	上肢
uhvj	商战
uhvl	上装
uhvo	上桌
uhvy	社会主义
uhvd	社会制度
uhvz	上周
uhvb	生花之笔
uhwf	上文
uhwh	上网
uhwj	赏玩
uhwd	时候未到
uhwq	水火无情
uhwu	上午
uhww	尚未
uhws	山呼万岁
uhxb	伤心
uhxi	赏析
uhxk	上行
uhxm	上线
uhxn	上校
uhxt	上学
uhxu	尚需
uhxx	上下
uhxy	上旬
uhxl	上香
uhxj	社会学家
uhyj	上演
uhyb	上瘾
uhyc	上药
uhye	商业
uhyh	上扬
uhyi	上衣
uhya	上牙
uhyk	上映
uhyr	伤员
uhys	商用
uhyt	上月
uhyu	伤愈
uhyz	上游
uhyv	抒怀言志
uhzd	尚在
uhzc	尚早
uhzo	上座
uhzz	上奏
uhzy	社会资源
uhdx	上海大学
uhux	上海师范大学
uhjd	上海交大
uifa	施法
uiba	十八
uibc	时报
uibd	失败
uibf	蚀本
uibi	势必
uibj	石板
uibk	士兵
uibm	事变
uibo	试播
uibp	识别
uibw	十倍
uibz	生辰八字
uibq	伤春悲秋
uicd	食材
uice	失策
uici	诗词
uico	失措
uicu	食醋
uicg	十层
uics	师从
uidc	世道
uidd	时代
uide	使得
uidh	适当
uidi	师弟
uidj	实弹
uidm	十点
uidn	石雕
uido	拾掇
uidr	时段
uidu	适度
uidy	石墩
uier	十二
uiej	恃宠而骄
uiff	十分
uifh	释放
uifj	示范
uifo	石佛
uifu	师傅
uifw	是非
uifz	是否
uigc	石膏
uige	诗歌
uigj	实干
uigl	时光
uigm	神出鬼没
uigo	试过
uigr	试管
uigs	施工
uigu	事故
uihc	嗜好
uihe	适合
uihg	失衡
uihk	释怀
uihl	山川河流
uiho	识货
uihr	使唤
uihu	视乎
uihv	实惠
uihx	实话
uihy	噬魂
uihz	时候
uiia	视察
uiic	诗抄
uiiu	实处
uiif	时辰
uiig	实诚
uiih	市场
uiie	试车
uiii	市尺
uiil	视窗
uiir	失传
uiis	失宠
uiiv	实锤
uiiz	世仇
uijb	使劲
uiji	实际
uijm	实践
uijk	失敬
uijn	视角
uijp	世界
uijq	十九
uijr	试卷
uijt	视觉
uiju	诗句
uijx	施加
uijy	省吃俭用
uike	时刻
uikk	石块
uikl	实况
uiks	时空
uiku	石窟
uikj	试看
uild	驶来
uilv	生产率
uila	石蜡
uilb	石林
uile	试了
uilg	湿冷
uilh	侍郎
uili	实力
uilk	失灵
uill	适量
uilm	失恋
uilo	失落
uilq	十六
uilu	实录
uima	是吗
uimb	市民
uimc	时髦
uimi	十米
uimk	使命
uimm	失眠
uimf	师门
uimo	始末
uimu	师母
uimw	师妹
uinl	师娘
uinm	十年
uinn	屎尿
uint	施虐
uinv	侍女
uinw	室内
uins	侍弄
uipb	视频
uipj	实盘
uipk	时评
uipm	诗篇
uipo	识破
uipu	食谱
uipw	适配
uipd	实拍
uiqk	事情
uiql	十强
uiqm	事前
uiqi	时期
uiqn	石桥
uiqp	失窃
uiqr	实权
uiqu	失去
uiqh	势成骑虎
uire	湿热
uirf	诗人
uiri	时日
uirj	释然
uiro	示弱
uirs	市容
uiry	湿润
uirz	食肉
uirg	双重人格
uise	失色
uisv	十岁
uisi	十四
uisj	十三
uisr	失算
uisu	时速
uisy	石笋
uitd	事态
uith	食堂
uiti	实体
uitj	试探
uitk	视听
uitm	十天
uitn	失调
uitr	使团
uits	视同
uitu	试图
uitz	石头
uiui	实施
uiuv	试水
uiue	施舍
uiuf	失身
uiug	师生
uiuh	时尚
uiul	山重水复疑无路
uiuo	实说
uiuu	实属
uiuz	失手
uiud	生出事端
uiuy	山长水远
uive	试着
uivf	时针
uivg	市政
uivh	市长
uivi	实质
uivj	实战
uivl	时装
uivs	始终
uivy	失准
uivu	施主
uiwd	室外
uiwf	试问
uiwh	失望
uiwu	失误
uiwj	十万
uiwm	师出无名
uiwn	事出无奈
uiww	视为
uixb	实心
uixi	实习
uixk	实行
uixl	事项
uixm	实现
uixn	失效
uixq	失修
uixr	诗选
uixs	师兄
uixt	失血
uixu	时序
uixx	试下
uiye	事业
uiya	施压
uiyh	式样
uiyi	十一
uiyj	实验
uiyk	适应
uiys	使用
uiyt	十月
uiyu	食欲
uiyy	事出有因
uiyz	室友
uizd	实在
uize	实则
uizo	视作
uizi	狮子
uizs	失踪
uizu	十足
uizy	师尊
ujao	山坳
ujar	生机盎然
ujaf	世间安得两全法
ujbc	善报
ujbh	沙家浜
ujbz	时间不早
ujbl	时间不早了
ujbb	生机勃勃
ujbu	盛极必衰
ujbf	善本
ujbg	山崩
ujbi	闪避
ujbm	善变
ujbv	身经百战
ujbw	扇贝
ujby	手脚并用
ujbk	神经病
ujbr	时间不等人
ujbx	数见不鲜
ujci	删词
ujco	删错
ujcy	山村
ujcq	事急从权
ujcl	神经错乱
ujcs	圣基茨和尼维斯
ujcv	社稷次之
ujdc	山道
ujdd	善待
ujdg	少见多怪
ujdi	山地
ujdk	山顶
ujdm	闪电
ujdn	删掉
ujdo	闪躲
ujds	山东
ujdu	善妒
ujdv	世界大战
ujdt	伤筋动骨一百天
ujdz	世家大族
ujdy	世界第一
ujee	善恶
ujeu	盛极而衰
ujfg	山峰
ujfu	闪付
ujgr	世界观
ujgc	山高
ujgd	删改
ujge	山歌
ujgh	山冈
ujgl	闪光
ujgo	闪过
ujgu	山谷
ujgz	山沟
ujgj	世界冠军
ujgw	身居高位
ujgk	杀鸡给猴看
ujgy	双节棍
ujgm	神经过敏
ujhe	山河
ujhv	闪回
ujhh	删行
ujho	山火
ujhs	山洪
ujhd	山海
ujhu	珊瑚
ujhy	闪婚
ujhz	善后
ujhp	世界和平
ujhb	双剑合璧
ujht	数九寒天
ujhx	舒筋活血
ujia	山茶
ujig	山城
ujih	擅长
ujir	山川
ujiu	删除
ujil	擅闯
ujib	时间成本
ujiv	实践出真知
ujjh	杀鸡儆猴
ujjk	山景
ujjm	删减
ujjn	山脚
ujjr	舍己救人
ujjl	世界纪录
ujji	深居简出
ujju	善举
ujjp	时间紧迫
ujjc	时间紧促
ujkd	闪开
ujkr	善款
ujku	数据库
ujke	神经科
ujlb	山林
ujld	势均力敌
ujle	删了
ujli	山里
ujll	善良
ujlw	善类
ujlr	山峦
ujlu	山路
ujlk	山岭
ujlj	山岚
ujmb	山民
ujmd	山脉
ujmf	山门
ujmm	扇面
ujml	手脚麻利
ujmr	世界末日
ujmn	释迦牟尼
ujms	神机妙算
ujmo	世纪末
ujmu	神经末梢
ujnm	善念
ujnd	山奈
ujpk	闪屏
ujpb	生机蓬勃
ujpo	山坡
ujqk	煽情
ujql	杀鸡取卵
ujqq	山丘
ujqr	山泉
ujqt	山雀
ujqu	山区
ujqy	舍近求远
ujrf	闪人
ujrh	禅让
ujrj	潸然
ujry	善解人意
ujrm	嗜酒如命
ujrg	身娇肉贵
ujse	山色
ujsv	十几岁
ujsu	膳宿
ujtv	闪退
ujti	山体
ujtp	删帖
ujtz	汕头
uju	实际上
ujud	失节事大
ujuf	山神
ujuh	山上
ujui	善事
ujuj	闪闪
ujuo	闪烁
ujur	神经衰弱
ujuu	杉树
ujuv	山水
ujva	山楂
ujvd	山寨
ujve	闪着
ujvf	山珍
ujvj	善战
ujvl	山庄
ujvs	山中
ujvi	十进制
ujvt	市井之徒
ujvv	扇坠
ujvm	实践证明
ujvk	生津止渴
ujvu	食君之禄，忠君之事
ujwh	善忘
ujwa	山洼
ujwo	山窝
ujwr	舍己为人
ujwj	世界屋脊
ujwd	时机未到
ujwg	伤及无辜
ujwl	市井无赖
ujx	上进心
ujxb	善心
ujxl	山乡
ujxh	杀鸡吓猴
ujxi	山西
ujxk	扇形
ujxm	闪现
ujxn	讪笑
ujxx	山下
ujxd	实际行动
ujxt	神经系统
ujxr	市井小人
ujyu	善于
ujyi	善意
ujys	善用
ujyr	善缘
ujya	山崖
ujyc	闪耀
ujyh	赡养
ujyt	山岳
ujyk	手疾眼快
ujyl	世界一流
ujyd	杀鸡焉用牛刀
ujzi	擅自
ujzd	善哉
ujzw	山贼
ukbn	时刻表
ukbd	衰败
ukbm	衰变
ukbu	率部
ukbz	甩开膀子
ukcd	帅才
ukdc	摔倒
ukda	摔打
ukdn	甩掉
ukds	甩动
ukdr	摔断
ukdv	率队
ukdd	帅呆
ukev	适可而止
ukfu	帅府
ukfr	矢口否认
ukfq	首开风气
ukge	帅哥
ukgo	甩锅
ukhk	摔坏
ukho	甩货
ukiu	甩出
ukjp	衰竭
ukjm	衰减
ukjn	摔跤
ukjl	首开纪录
ukkd	甩开
ukke	甩客
ukkq	盛况空前
uklq	顺口溜
uklh	屎壳郎
uklc	衰老
ukle	摔了
uklk	率领
uklo	衰落
uklj	摔烂
ukmd	甩卖
ukpo	摔破
ukq	顺口气
ukqi	帅气
ukro	衰弱
ukrp	守口如瓶
ukrr	是可忍，孰不可忍
uksi	摔死
uksv	摔碎
uktv	衰退
ukto	甩脱
ukti	衰替
ukuh	摔伤
ukuz	甩手
ukun	受苦受难
ukum	时快时慢
ukud	双卡双待
ukur	士可杀不可辱
ukvf	率真
ukvi	率直
ukwh	衰亡
ukww	甩尾
ukxm	率先
ukxk	率性
ukxx	摔下
ukxq	衰朽
ukyr	社科院
ukyb	帅印
ukzv	水可载舟
ulbw	双倍
ulbi	双臂
ulbm	双边
ulbn	双标
ulbt	说了半天
ulbs	生老病死
ulby	十里不同音
ulbx	十里八乡
ulbj	始料不及
ulcg	双层
ulcv	爽脆
ulce	双侧
ulda	双打
ulds	霜冻
uldc	双刀
uldj	手榴弹
uler	双耳
ulex	顺流而下
ulfh	双方
ulff	双份
ulfg	双峰
ulfw	双飞
ulfc	失了分寸
ulfq	事了拂衣去
ulge	十来个
ulgj	失落感
ulgq	杀了个回马枪
ulgi	水利工程
ulgh	双杠
ulgr	双关
ulgv	双规
ulgu	胜利果实
ulh	省略号
ulhc	双号
ulhe	双核
ulhx	爽滑
ulhh	生龙活虎
ulhi	说来话长
ulhl	双簧
ulis	双重
uliv	顺理成章
uliy	双唇
ulji	双击
ulit	十里长亭
ulj	睡懒觉
uljy	生力军
uljl	霜降
uljv	十六进制
uljm	双肩
uljn	双脚
ulju	孀居
uljw	神龙见首不见尾
uljx	双颊
ulkk	爽快
ulkz	爽口
ulkd	双开
ulks	双控
ullk	水灵灵
ullh	爽朗
ulli	爽利
ulln	双料
ulls	双龙
ullu	湿漉漉
ullq	水里来火里去
ulmh	耍流氓
ulmm	双面
ulmu	双目
ulmw	双眉
ulmz	双眸
ulmf	双门
ulnm	十来年
ulnj	上了年纪
ulpd	双排
ulpb	双拼
ulqb	双亲
ulqi	双栖
ulqx	石榴裙下
ulqs	十六七岁
ulqj	身临其境
ulqr	双全
ulrf	双人
ulru	双乳
ulrx	收揽人心
ulsr	说了算
ulsi	少林寺
ulse	双色
ulsb	生离死别
ulsv	十六岁
ultz	水龙头
ultm	十来天
ultt	生灵涂炭
ultv	双腿
ulty	水来土掩
ulu	试了试
ulul	双双
uluu	双数
uluz	双手
ulun	水利枢纽
ului	水落石出
uluq	说来说去
ulur	时冷时热
ulvi	爽直
ulvb	神来之笔
ulvq	始乱终弃
ulvu	擅离职守
ulvt	少来这一套
ulwf	爽文
ulwj	始料未及
ulwt	生理问题
ulwu	生理卫生
ulxb	双薪
ulxk	双形
ulxl	双向
ulxm	双线
ulxq	双休
ulxs	双雄
ulxi	双喜
ulxv	双龙戏珠
ulxy	圣卢西亚
ulyc	伸懒腰
ulyj	双眼
ulye	霜叶
ulyk	双赢
ulyt	爽约
ulyi	生拉硬扯
ulyg	少了一个
ulyu	双语
ulyv	时来运转
ulyx	试了一下
ulzu	双足
ulzw	胜利在望
ulzm	是骡子是马
ulzl	是骡子是马，拉出来溜溜
ulzi	上了贼船
umbz	睡眠不足
umbx	生命不息
umcg	鼠目寸光
umci	生命财产
umdy	善莫大焉
umdq	水墨丹青
umdv	声名大振
umdz	声名大噪
umgj	神秘感
umgf	水磨工夫
umhc	书名号
umhu	山盟海誓
umhx	生猛海鲜
umig	生命诚可贵
umjn	双面胶
umjl	手忙脚乱
umju	水漫金山
umjc	双眉紧蹙
umli	生命力
umlj	声名狼藉
umln	圣马力诺
ummc	神秘莫测
ummf	十面埋伏
umpl	审美疲劳
umpz	舍命陪君子
umqi	生闷气
umqq	声名鹊起
umqh	水木清华
umrx	收买人心
umrd	神目如电
umtc	水蜜桃
umuu	说明书
umuo	说没说
umuh	市面上
umul	熟门熟路
umux	山明水秀
umum	双目失明
umug	说没说过
umvi	实名制
umvy	生命之源
umvf	生米煮成熟饭
umvx	盛名之下
umvu	盛名之下无虚士
umxm	生命线
umxi	石墨烯
umxx	神秘兮兮
umyr	守门员
umyb	声名远播
umyd	拭目以待
umyl	深谋远虑
umyy	声名远扬
umzi	数目字
umzf	生米做成熟饭
unuq	熟能生巧
unjb	伤脑筋
unan	施耐庵
unbi	史努比
unjw	十拿九稳
unjv	上年结转
unum	十年树木
unli	少年老成
unby	手脑并用
unbl	少年不努力
unbw	少年不识愁滋味
uncm	恕难从命
unet	少年儿童
ungs	少年宫
ungr	输尿管
unhb	山南海北
unhi	十年寒窗
unu	十年生死两茫茫
unhx	十年河东，十年河西
unjx	神农架
unjy	十年九不遇
undv	少年得志
undl	十年动乱
unmj	十年磨一剑
unpi	说你胖你就喘
unpu	十年怕井绳
unrr	十年如一日
unun	少男少女
unur	十年树木，百年树人
unwg	孰能无过
unwz	恕你无罪
unxn	善男信女
untq	上年同期
unzv	水能载舟
uoba	说吧
uobo	硕博
uoci	说辞
uoco	说错
uode	说得
uoda	硕大
uodc	说到
uods	说动
uodm	说点
uofa	说法
uofu	说服
uofj	说反
uofg	朔风
uogo	说过
uogw	说给
uohc	说好
uohl	说谎
uohx	说话
uohe	说合
uoiu	说出
uoig	说成
uoih	说唱
uoir	说穿
uojn	说教
uoju	说句
uokd	说开
uoke	说客
uole	说了
uold	说来
uoli	说理
uolz	说漏
uomk	说明
uoma	说嘛
uomw	说媒
uopo	说破
uoqk	说情
uoqb	说亲
uoqi	说起
uotz	说透
uots	说通
uoua	说啥
uoug	说声
uoui	硕士
uouo	说说
uouu	说书
uove	说着
uovs	说中
uowj	说完
uoxx	说下
uoxi	说戏
uoxl	说项
uoxn	说笑
uoxp	说些
upfh	商品房
upgc	水平高
upjx	双拼加形
upmm	水平面
upqi	适配器
uprj	水平如镜
uptj	石破天惊
upud	受骗上当
upux	双拼双形
upvj	双拼助记
upxm	水平线
upxl	顺坡下驴
upyx	水平有限
upz	生僻字
upzi	屎盆子
upzv	耍贫嘴
upzo	水瓶座
uqbc	受气包
uqbb	生气勃勃
uqbm	声情并茂
uqbs	十七八岁
uqbq	上气不接下气
uqct	视钱财如粪土
uqdl	手起刀落
uqdw	说千道万
uqfr	蜀犬吠日
uqgv	士气高涨
uqgt	鼠窃狗偷
uqgd	鼠窃狗盗
uqhy	诗情画意
uqhv	生擒活捉
uqhx	神气活现
uqhh	神情恍惚
uqiu	说清楚
uqit	杀气冲天
uqkd	盛情款待
uqle	失去了
uqld	说起来
uqlr	盛气凌人
uqlv	身强力壮
uqlj	势穷力竭
uqmy	社情民意
uqnm	数千年
uqnq	盛情难却
uqnu	双拳难敌四手
uqqu	神清气爽
uqrc	尚且如此
uqry	身轻如燕
uqsv	十七岁
uqtv	身强体壮
uqtt	杀气腾腾
uqu	手牵手
uquu	申请书
uqum	十全十美
uqub	说七说八
uquj	山穷水尽
uqux	山清水秀
uquz	神气十足
uquv	孰轻孰重
uqvu	手牵着手
uqwy	水清无鱼
uqxm	双曲线
uqxd	上情下达
uqxt	声气相通
uqyv	首屈一指
uqyw	身轻言微
uqzr	顺其自然
uqzw	胜券在握
urbf	收入不菲
urbd	时日不多
urbx	杀人不见血
urby	杀人不眨眼
urcj	视如草芥
urdb	杀人夺宝
urfa	输入法
urfh	杀人放火
urgs	深入骨髓
urzj	山人自有妙计
urh	说人话
urhv	声如洪钟
urhx	深入虎穴
uril	双人床
urim	杀人偿命
uriq	杀人偿命，欠债还钱
urjm	双刃剑
urjv	世人皆知
urjr	水乳交融
urji	视如己出
urkl	生日快乐
urki	视如寇仇
urlx	潸然泪下
urll	势如累卵
urmk	杀人灭口
urnv	收入囊中
urpd	生日派对
urpv	势如破竹
urqi	深入浅出
urrx	深入人心
urrm	杀人如麻
urru	爽然若失
urrt	手如柔荑
urso	收容所
urse	栓塞
urur	涮涮
uruh	势如水火
urud	时日尚短
urug	是人是鬼
uruu	熟人熟事
uruw	水软山温
urvu	拴住
urvt	受人之托
urvb	视如珍宝
urvn	十日之内
urvl	商人重利轻别离
urwd	视若无睹
urww	视若罔闻
urwj	生人勿进
urxi	涮洗
urxv	深入细致
urxu	杀人凶手
urxp	摄人心魄
urxh	生如夏花
urxm	射人先射马
uryb	授人以柄
uryi	胜人一筹
uryh	杀人越货
uryk	胜任愉快
ury	授人以鱼，不如授人以渔
uryy	授人以鱼
uryf	傻人有傻福
usby	生死不渝
usbl	生死不离
usbd	殊死搏斗
usbv	生死不知
usbm	生死不明
uscw	生死存亡
usdm	十三点
usds	说三道四
usdn	失散多年
usdx	身死道消
usdd	瘦死的骆驼比马大
usgt	生死关头
usgy	少私寡欲
ushh	神思恍惚
ushf	生死祸福
ushv	神色慌张
ushj	世所罕见
usjl	声色俱厉
usjz	生死抉择
uslj	声嘶力竭
uslb	生死离别
uslh	生死轮回
usld	瘦死骆驼比马大
usnl	生死难料
usnv	神色凝重
usqm	声色犬马
usrg	视死如归
uss	十三岁
usss	十三四岁
ussv	十四岁
usul	深思熟虑
usuf	双宿双飞
usuh	是死是活
usug	水色山光
uswb	生死未卜
uswi	生死无常
usws	十四五岁
uswu	十死无生
usxy	生死相依
usxb	生死相搏
usxs	生死相随
usyg	生死与共
usym	生死有命
usyl	深思远虑
usyt	生死有命，富贵在天
uszr	神色自若
usv	生死战
usvj	生死之交
usvw	食髓知味
usvv	生死之战
utab	沙特阿拉伯
utby	十天半月
utbf	水土不服
utbu	身体不适
utex	视同儿戏
utff	身体发肤
utfv	事态发展
utfm	身体发肤，受之父母
utgd	神通广大
utgl	神头鬼脸
uthl	伤天害理
uthb	生吞活剥
uthj	生态环境
utie	手推车
utj	手头紧
utju	砂糖橘
utjk	身体健康
utjt	说停就停
utjb	石头剪刀布
utle	伤透了
utlm	识途老马
utlr	视同路人
utlx	身体力行
utlu	水土流失
utmg	顺藤摸瓜
utnj	伤透脑筋
utph	生态平衡
utrd	上天入地
utrq	世态人情
uttg	殊途同归
utuh	势同水火
utun	傻头傻脑
utut	试探试探
utvb	率土之滨
utwl	上天无路
utwm	上天无路，入地无门
utxk	试探性
utxt	生态系统
utxj	水天相接
utxx	上吐下泻
utyh	晒太阳
utyl	世态炎凉
utyr	顺天应人
utys	水天一色
utzr	神态自若
uuan	书案
uuay	叔叔阿姨
uuba	试试吧
uubc	书包
uubo	叔伯
uubd	数百
uubf	书本
uubm	戍边
uubn	鼠标
uubq	授受不亲
uubu	恕不
uubv	伸手不见五指
uubw	数倍
uubx	生生不息
uuby	莎士比亚
uubr	伸手不打笑脸人
uucd	蔬菜
uuci	数次
uucs	树丛
uuco	输错
uuce	书册
uudx	收拾东西
uudb	束手待毙
uudc	疏导
uudd	神神叨叨
uude	输得
uudi	属地
uudm	书店
uudn	输掉
uudj	书单
uuds	树洞
uudq	生杀大权
uudz	深山大泽
uudw	世事洞明皆学问
uuee	数额
uuew	顺势而为
uuey	说说而已
uufu	舒服
uufa	书法
uuff	舒舒服服
uufg	闪闪发光
uufh	书房
uufe	赏善罚恶
uufd	绅士风度
uugc	书稿
uuge	数个
uugf	树根
uugj	树干
uugl	曙光
uugv	书柜
uugw	输给
uugr	树冠
uugo	蔬果
uugx	树挂
uugs	上市公司
uugy	上上个月
uugg	神神鬼鬼
uuhc	书号
uuhd	声势浩大
uuhj	蜀汉
uuhk	抒怀
uuhr	舒缓
uuhu	疏忽
uuhz	术后
uuhv	赎回
uuhx	书画
uuhl	收受贿赂
uuig	书城
uuia	树杈
uuid	设身处地
uuih	舒畅
uuik	说时迟，那时快
uuir	杀身成仁
uuis	书虫
uuiu	输出
uuix	嗜杀成性
uujb	赎金
uuji	书记
uujk	十室九空
uujj	删删减减
uujm	杀手锏
uujp	疏解
uujq	束手就擒
uujr	书卷
uuju	数据
uujx	暑假
uujy	疏浚
uukj	书刊
uuke	熟客
uuky	纾困
uukk	时时刻刻
uukh	树上开花
uuks	数控
uuku	书库
uukz	漱口
uulb	树林
uule	输了
uuli	梳理
uulv	收视率
uuld	首鼠两端
uull	数量
uulm	熟练
uulo	数落
uulp	数列
uulz	疏漏
uulk	树龄
uulj	少说两句
uume	说什么
uuma	数码
uumi	疏密
uumk	书名
uumm	书面
uumn	树苗
uumu	数目
uumw	书眉
uumz	少数民族
uuml	深山密林
uung	孰能
uuni	数你
uunm	数年
uunq	枢纽
uunv	淑女
uunl	世事难料
uup	少数派
uupd	竖排
uupi	树皮
uupk	竖屏
uupm	薯片
uupg	束手旁观
uupl	身世飘零
uuq	上上签
uuqc	闪烁其词
uuqh	深受其害
uuqi	暑期
uuqk	抒情
uuqm	书签
uuqq	输球
uuqu	实事求是
uuqy	顺手牵羊
uuql	烧杀抢掠
uure	暑热
uurf	熟人
uuri	数日
uurj	倏然
uurz	熟肉
uurq	顺水人情
uurr	盛衰荣辱
uurs	殊荣
uuru	输入
uury	守身如玉
uurc	事实如此
uurn	上山容易下山难
uusj	疏散
uuss	输送
uusc	叔嫂
uuts	疏通
uutj	舒坦
uutn	薯条
uuty	晒晒太阳
uutv	顺水推舟
uutz	梳头
uutk	失声痛哭
uutd	收拾停当
uuuw	谁谁谁
uuuc	树梢
uuue	书社
uuuf	赎身
uuug	书生
uuuh	书上
uuui	舒适
uuuj	束手束脚
uuul	舒爽
uuuo	述说
uuuu	叔叔
uuuv	熟睡
uuuz	熟手
uuub	事实胜于雄辩
uuvs	书中
uuvd	书斋
uuve	竖着
uuvf	顺时针
uuvh	舒张
uuvi	数值
uuvj	舒展
uuvl	梳妆
uuvo	书桌
uuvx	上上之选
uuvq	首善之区
uuvm	事实证明
uuvg	甩手掌柜
uuvt	杀声震天
uuvw	水生植物
uuwf	熟文
uuwc	束手无策
uuwi	世事无常
uuwn	实属无奈
uuwv	识时务者
uuws	舍生忘死
uuwj	识时务者为俊杰
uuwu	涉世未深
uuwo	恕我
uuwy	伤势未愈
uuxb	舒心
uuxi	熟悉
uuxk	属性
uuxl	属相
uuxm	竖线
uuxp	书写
uuxq	蜀绣
uuxs	肾上腺素
uuxt	数学
uuxx	属下
uuxz	莘莘学子
uuxw	硕士学位
uuxh	尸山血海
uuyu	属于
uuyb	树荫
uuyz	输油
uuyd	生杀予夺
uuye	树叶
uuyh	输氧
uuyi	身首异处
uuyk	输赢
uuyr	疏远
uuyt	数月
uuyw	蛇鼠一窝
uuyn	世上已千年
uuyj	睡上一觉
uuyq	书生意气
uuzi	数字
uuzu	数组
uuzv	赎罪
uuzz	实实在在
uuzn	史上最牛
uuzo	射手座
uuzh	说实在话
uuzx	沙沙作响
uvan	水岸
uvai	谁爱
uvba	睡吧
uvbw	水杯
uvbn	水表
uvbg	水泵
uvbm	水边
uvbo	水波
uvbu	谁不
uvbj	十之八九
uvbl	善者不来
uvbq	神志不清
uvbx	始终不懈
uvby	矢志不渝
uvbk	施展不开
uvcc	水槽
uvcd	水彩
uvco	谁错
uvd	谁知道
uvdc	水稻
uvdd	睡袋
uvdi	水滴
uvdj	税单
uvdm	水电
uvdz	谁都
uvdv	谁对
uvdo	水多
uvds	谁懂
uvdh	谁当
uvdt	守株待兔
uvdy	深宅大院
uvdb	梳妆打扮
uvee	税额
uvf	市政府
uvfa	税法
uvff	水分
uvfh	睡房
uvfu	税负
uvfw	水费
uvfy	生长发育
uvfr	山中方一日
uvfb	上阵父子兵
uvfm	受之父母
uvgj	谁敢
uvgg	束之高阁
uvgk	水怪
uvgo	水果
uvgr	水管
uvgz	水沟
uvgv	水鬼
uvhv	谁会
uvho	水货
uvhr	水患
uvhu	水壶
uvhx	水花
uvhz	税后
uvhc	睡好
uvhw	山珍海味
uvhl	失之毫厘
uvij	水产
uvie	水车
uvig	水涨船高
uvii	水池
uvil	舌绽春雷
uvif	谁主沉浮
uvjn	睡觉
uvjb	税金
uvjg	市直机关
uvjd	说正经的
uvjy	水军
uvjk	水晶
uvjm	水碱
uvjp	水解
uvjq	水酒
uvjr	时至今日
uvji	始终坚持
uvku	水库
uvkg	水坑
uvkr	税款
uvle	睡了
uvli	水里
uvlk	水灵
uvln	水疗
uvll	水量
uvlw	水雷
uvlm	睡莲
uvlq	水流
uvlu	水路
uvlv	税率
uvlx	十指连心
uvly	水中捞月
uvlt	十指连弹
uvlh	舌绽莲花
uvmm	睡眠
uvmg	睡梦
uvmo	水墨
uvmu	水母
uvmw	谁没
uvni	水泥
uvnf	水嫩
uvnn	水鸟
uvnq	水牛
uvnr	水暖
uvpk	水瓶
uvpc	水泡
uvpf	水盆
uvpn	税票
uvpp	失之偏颇
uvq	水蒸气
uvqi	水汽
uvql	水枪
uvqm	睡前
uvqq	水球
uvqu	水渠
uvqg	生殖器官
uvqr	舌战群儒
uvqy	水至清则无鱼
uvrh	谁让
uvry	始终如一
uvrs	逝者如斯
uvse	水色
uvsi	睡死
uvsy	收之桑榆
uvtz	手指头
uvta	水塔
uvtd	睡态
uvth	水塘
uvti	水体
uvtm	水田
uvtj	水潭
uvtp	水帖
uvts	水桶
uvtu	水土
uvtw	上知天文
uvtl	上知天文，下知地理
uvui	深圳市
uvuo	谁说
uvue	水蛇
uvuf	水深
uvuh	水上
uvuu	睡熟
uvuz	税收
uvuv	说着说着
uvv	谁知
uvvc	睡着
uvve	睡着
uvvs	水中
uvva	水闸
uvvi	水质
uvvj	水战
uvvq	寿终正寝
uvvu	水煮
uvvy	水准
uvw	水文
uvwu	税务
uvww	水位
uvwf	水温
uvwa	水洼
uvwd	说着玩的
uvwk	胜者为王败者寇
uvwh	山中无老虎
uvwm	失之我命
uvx	实质性
uvxb	手掌心
uvxi	水洗
uvxk	睡醒
uvxl	水乡
uvxp	水榭
uvxm	水仙
uvxx	水下
uvxt	生殖系统
uvxv	上蒸下煮
uvxy	上智下愚
uvya	水压
uvyb	水印
uvyz	谁有
uvyc	谁要
uvyd	是这样的
uvyf	绳之以法
uvyg	始终一贯
uvyi	睡衣
uvyj	水淹
uvyk	受之有愧
uvyr	水源
uvyu	水域
uvyy	水运
uvys	谁用
uvyt	水中月
uvyh	水中月镜中花
uvzd	水灾
uvzc	水藻
uvzi	睡姿
uvzu	水族
uvzh	水葬
uvzo	谁做
uvzy	杀猪宰羊
uwai	谁爱
uwbu	谁不
uwbl	十万八千里
uwby	殊为不易
uwch	商务舱
uwco	谁错
uwct	手无寸铁
uwcv	伤亡惨重
uwcy	身无彩凤双飞翼
uwdz	谁都
uwds	谁懂
uwdv	谁对
uwdh	谁当
uwdl	水往低处流
uwdu	十万大山
uwdx	生物多样性
uwfw	身无分文
uwfl	手无缚鸡之力
uwgj	谁敢
uwgr	谁管
uwgi	生物工程
uwgz	收尾工作
uwhc	上午好
uwhv	谁会
uwhz	谁后
uwhd	谁还
uwhj	十万火急
uwhl	暑往寒来
uwhy	首尾呼应
uwie	商务车
uwiw	身无长物
uwii	身无长处
uwit	上屋抽梯
uwix	水无常形
uwju	税务局
uwjx	谁家
uwjn	谁叫
uwjl	谁将
uwjx	事无巨细
uwjd	事无绝对
uwjy	收为己用
uwjz	说文解字
uwkj	谁看
uwkf	谁肯
uwkv	尚未可知
uwkl	生无可恋
uwkx	殊为可惜
uwle	失误了
uwld	耍无赖
uwlz	商务楼
uwln	谁料
uwls	十五六岁
uwlm	食物链
uwmw	谁没
uwmo	视网膜
uwmm	恕我冒昧
uwng	谁能
uwnd	殊为难得
uwpa	谁怕
uwpw	上无片瓦
uwqr	生物圈
uwqu	谁去
uwql	史无前例
uwqu	舍我其谁
uwrh	谁让
uwso	事务所
uwsc	尸位素餐
uwsv	十五岁
uwss	圣文森特和格林纳丁斯
uwti	啥问题
uwtj	深恶痛绝
uwty	世外桃源
uwuz	手挽手
uwuu	十位数
uwuo	谁说
uwuw	谁谁
uwuj	市委书记
uwul	恕我失礼
uwue	杀无赦
uwv	生物钟
uwvd	食物中毒
uwvl	失物招领
uwvs	士为知己者死
uwvi	谁知
uwvw	身外之物
uwvy	恕我直言
uwwd	爽歪歪
uwwh	水汪汪
uwwt	视为畏途
uwxl	谁想
uwxb	谁信
uwxm	谁先
uwxv	守望相助
uwxy	首尾相应
uwyz	谁有
uwyc	谁要
uwye	谁也
uwys	谁用
uwyr	谁愿
uwyu	山外有山
uwyx	示威游行
uwzd	谁在
uwzo	谁做
uwzd	手舞足蹈
uwzv	世卫组织
uxb	上下班
uxbd	刷白
uxba	双下巴
uxbj	手下败将
uxbt	水泄不通
uxby	深信不疑
uxbf	烧香拜佛
uxcm	耍小聪明
uxdj	刷单
uxdi	师兄弟
uxdn	刷掉
uxdv	少先队
uxdf	兽性大发
uxdy	少先队员
uxdl	上下打量
uxew	率性而为
uxfw	手续费
uxff	刷分
uxfd	上下浮动
uxgo	刷锅
uxhx	说瞎话
uxhg	耍横
uxhz	耍猴
uxiu	甚嚣尘上
uxix	嗜血成性
uxif	率先垂范
uxji	刷机
uxjm	耍贱
uxjp	身心俱疲
uxjk	身心健康
uxjl	神仙眷侣
uxjg	神仙精怪
uxjx	数学家
uxka	刷卡
uxku	耍酷
uxl	睡醒了
uxlv	升学率
uxle	刷了
uxld	耍赖
uxlm	刷脸
uxlq	手下留情
uxlu	赏心乐事
uxly	身陷囹圄
uxlj	少小离家
uxlb	生性凉薄
uxmd	书香门第
uxlh	说心里话
uxns	耍弄
uxnc	耍闹
uxng	伤心难过
uxpk	刷屏
uxpu	上下铺
uxqi	实习期
uxqm	耍钱
uxqn	十项全能
uxqu	上下其手
uxqs	上下求索
uxqx	上下齐心
uxqv	深陷其中
uxri	双休日
uxrf	耍人
uxt	摄像头
uxtz	刷头
uxtu	刷图
uxtp	刷帖
uxtx	上下同心
uxug	山西省
uxux	刷刷
uxuk	耍帅
uxuy	实心实意
uxuz	身先士卒
uxuw	收效甚微
uxub	手心手背
uxum	水秀山明
uxul	省心省力
uxvi	受限制
uxvj	瞬息之间
uxvg	身陷桎梏
uxwf	上下文
uxwj	刷碗
uxwb	瞬息万变
uxwc	少小无猜
uxwt	世袭罔替
uxwm	歃血为盟
uxwn	上下五千年
uxxb	刷新
uxxn	耍笑
uxxk	时效性
uxxi	刷洗
uxxx	上行下效
uxxd	上行下达
uxyu	受限于
uxya	刷牙
uxyq	深吸一口气
uxyh	水性杨花
uxyr	失信于人
uxyi	稍逊一筹
uxym	赏心悦目
uxyl	升学压力
uxyx	上下一心
uxyj	伤心欲绝
uxzi	刷子
uxzy	上下左右
uybm	顺便
uybe	说一不二
uybj	十有八九
uybq	拾遗补阙
uybv	食欲不振
uyc	上一次
uycg	十一层
uyci	顺次
uycs	顺从
uycf	山野村夫
uydd	顺带
uydm	十一点
uydc	顺道
uyde	顺德
uydh	顺当
uydw	事业单位
uydz	食欲大增
uyer	顺耳
uyed	十一二点
uyes	十一二岁
uyef	食言而肥
uyeg	铩羽而归
uyey	十一二月
uyff	十月份
uyfg	顺风
uyfq	受益匪浅
uyfu	时有发生
uyfd	是友非敌
uyfy	是耶非耶
uyfh	扇阴风，点鬼火
uyfi	甚于防川
uyfw	适用范围
uyge	上一个
uygi	深有感触
uygy	少言寡语
uygs	商业公司
uyhc	双引号
uyhh	生亦何欢
uyia	顺差
uyih	顺畅
uyij	顺产
uyii	稍有差池
uyhx	顺滑
uyhu	顺乎
uyht	十月怀胎
uyiy	师夷长技以制夷
uyjm	瞬间
uyji	收音机
uyjp	商业街
uyjk	顺境
uyjb	杀一儆百
uyju	煞有介事
uyjh	授业解惑
uyjv	树欲静而风不止
uyjn	事因经过始知难
uykz	顺口
uyle	失业了
uyli	顺利
uylu	顺路
uylq	顺溜
uylv	失业率
uyld	受益良多
uylx	上有老下有小
uymb	顺民
uyml	睡眼朦胧
uyn	上一年
uynm	十余年
uynl	适应能力
uypi	双眼皮
uyq	试用期
uyqg	数易其稿
uyqi	顺气
uyqj	数以千计
uyqu	煞有其事
uyqx	商业气息
uyqw	说一千道一万
uyrz	涮羊肉
uysi	啥意思
uysv	顺遂
uysh	上有所好
uyss	生于斯长于斯
uysd	是药三分毒
uytc	说一套
uytd	收银台
uytt	手眼通天
uytq	寿与天齐
uytx	神游太虚
uyth	深有体会
uytg	深有同感
uytw	神游天外
uytu	示意图
uyu	试一试
uyue	数一数二
uyug	说一声
uyuo	说一说
uyui	顺势
uyul	孰优孰劣
uyuv	顺水
uyux	时隐时现
uyuw	时有时无
uyuy	世易时移
uyuz	顺手
uyub	善有善报
uyvs	是一种
uyve	顺着
uyvy	实用主义
uyvc	事已至此
uyvg	术有专攻
uyvf	谁与争锋
uyvn	善游者溺
uyvu	顺祝
uyvi	顺治
uyww	顺位
uywr	深以为然
uywj	数以万计
uywu	双眼无神
uyxx	试一下
uyxl	生意兴隆
uyxb	顺心
uyxg	实言相告
uyxi	瞬息
uyxs	睡眼惺忪
uyxu	顺序
uyxk	实用性
uyxd	水银泻地
uyxp	少一些
uyy	适用于
uyyu	施以援手
uyyj	顺眼
uyyk	顺应
uyyi	瞬移
uyys	山肴野蔌
uyyl	山雨欲来
uyyr	收银员
uyyw	事与愿违
uyyt	十一月
uyyf	十一月份
uyyg	术业有专攻
uyyx	手有余香
uyzv	顺嘴
uyzi	顺子
uyzo	双鱼座
uyzx	始于足下
uyyh	生于忧患
uzgv	收归
uzbu	首部
uzbm	收编
uzbd	势在必得
uzbf	数罪并罚
uzbt	狮子搏兔
uzbl	狮子搏兔，亦用全力
uzbi	手臂
uzbn	手表
uzbo	首播
uzbw	手背
uzbj	手办
uzbx	势在必行
uzch	收藏
uzce	手册
uzci	首次
uzcg	首层
uzco	受挫
uzcu	手粗
uzcj	手残
uzcy	收存
uzdc	受到
uzdv	收队
uzdd	手袋
uzda	首打
uzdj	寿诞
uzdz	手抖
uzdk	狮子大开口
uzdm	手电
uzdr	手段
uzds	手动
uzdu	首都
uzer	首尔
uzee	首恶
uzfa	手法
uzfh	售房
uzff	身在福中不知福
uzfj	首犯
uzfu	首付
uzfw	收费
uzgc	瘦高
uzge	收割
uzgj	手感
uzgo	受过
uzgr	收官
uzgs	手工
uzgx	守寡
uzgz	收购
uzgy	神憎鬼厌
uzhd	受害
uzhw	手黑
uzhx	手滑
uzhs	收红
uzhg	守恒
uzhh	首行
uzhj	受寒
uzho	收获
uzhu	守护
uzhv	收回
uzhz	售后
uzhr	手环
uzil	首创
uzir	手串
uzic	受潮
uzio	手戳
uzif	寿辰
uzig	收成
uzih	首场
uzii	手持
uzis	手冲
uziu	售出
uzjb	受尽
uzji	手机
uzjk	受惊
uzjm	收件
uzjn	手脚
uzjp	首届
uzjq	守旧
uzjl	授奖
uzjr	手绢
uzjt	十字街头
uzju	收据
uzjx	售价
uzjz	说走就走
uzkj	收看
uzkc	手铐
uzke	授课
uzkf	首肯
uzkk	手快
uzkr	收款
uzks	受控
uzku	受苦
uzky	受困
uzkz	收口
uzle	瘦了
uzli	手里
uzlk	首领
uzll	受凉
uzlg	手冷
uzlm	收敛
uzlo	收罗
uzlj	收揽
uzlp	狩猎
uzlq	收留
uzls	收拢
uzlu	收录
uzlw	受累
uzly	首轮
uzlz	售楼
uzlv	收绿
uzmk	寿命
uzma	手麻
uzmd	收买
uzmf	守门
uzmo	首末
uzmj	手慢
uzmm	寿面
uzmu	守墓
uznc	首脑
uzna	收纳
uznj	受难
uznt	受虐
uzno	守诺
uznu	手弩
uzpa	手帕
uzpb	受聘
uzpi	首批
uzpj	收盘
uzpm	受骗
uzpn	售票
uzpz	耍嘴皮子
uzqb	手勤
uzqi	收起
uzqk	售罄
uzql	手枪
uzqm	收钱
uzqn	手巧
uzqq	手球
uzqr	授权
uzqs	受穷
uzqt	胜造七级浮屠
uzqu	收取
uzre	受热
uzrf	首任
uzri	首日
uzrh	受让
uzro	瘦弱
uzrr	手软
uzrs	收容
uzru	收入
uzrw	事在人为
uzrz	瘦肉
uzsi	寿司
uzso	收缩
uzsv	守岁
uzsy	受损
uzsu	手速
uzsr	手酸
uztz	手头
uztc	手套
uzti	手提
uztu	收徒
uztj	收摊
uztk	收听
uztn	收条
uzto	受托
uztv	首推
uzuf	瘦身
uzuh	手上
uzui	收拾
uzul	手霜
uzuu	手术
uzua	手刹
uzug	实在是高
uzuv	收税
uzuz	收受
uzvi	手指
uzvj	首站
uzvz	手肘
uzva	手札
uzvd	收窄
uzve	守着
uzvh	手掌
uzvo	手镯
uzvq	手足之情
uzvs	手中
uzvu	守住
uzvx	手抓
uzvv	擅作主张
uzwc	手足无措
uzwh	守望
uzwj	手腕
uzwo	手握
uzwu	手误
uzww	收尾
uzwl	少走弯路
uzxx	收下
uzxr	首选
uzxb	手心
uzxi	首席
uzxk	寿星
uzxl	首相
uzxm	首先
uzxn	瘦小
uzxp	手写
uzxt	瘦削
uzxu	手续
uzxc	手足相残
uzxy	受训
uzxv	实则虚之
uzy	受阻于
uzya	收押
uzyb	收银
uzyc	首要
uzye	首页
uzyz	手游
uzyh	手痒
uzyy	受孕
uzyi	收益
uzyk	首映
uzys	受用
uzyt	守约
uzyu	授予
uzyv	始作俑者
uzyj	寿宴
uzze	守则
uzzd	守在
uzz	双子座
uzzo	首座
uzzi	瘦子
uzzu	受阻
uzzv	受罪
v	这
vidn	之
vs	中
vjlg	战
vju	展
vu	主
vip	制
vgbv	症
vgv	政
vh	长
vss	终
vsp	重
vel	者
vsh	种
ve	着
vg	正
vid	治
vipr	质
vra	专
vie	职
vi	只
viux	志
via	至
vif	指
vifw	执
vgy	证
visb	织
viuy	支
vhg	张
vr	转
vyd	准
vrr	传
vgd	争
vgl	烝
vfj	镇
vir	值
vl	装
vsr	众
vzd	州
vgu	整
viu	知
vf	真
viuq	直
vj	占
vx	抓
vur	住
vz	周
vcf	招
vco	照
vud	注
vuql	助
viaw	致
vzdl	洲
vzdv	洲
vjl	站
vhl	章
visq	置
vil	止
vuz	逐
vuc	著
vgi	征
vldq	状
vcyo	着
vfju	针
vuv	筑
vc	找
vcd	召
vft	圳
vcu	朝
vdbq	宅
vdr	债
vv	追
vimq	植
vis	纸
vff	振
vhe	障
vdfl	择
vumv	驻
vupw	朱
vun	朱
vct	赵
vsj	钟
vlg	庄
vuw	珠
vgb	郑
vhd	涨
ved	浙
vhx	掌
vfy	震
vld	壮
vsv	忠
vfw	珍
va	扎
vup	祝
vef	折
vfe	阵
vuq	猪
vhj	帐
vuy	诸
vos	缴
vum	柱
vidq	殖
vih	秩
vho	胀
vupl	竹
vugg	竹
vsrv	仲
vrk	赚
vfyp	诊
vdbm	寨
vah	炸
vib	旨
vit	址
vidj	滞
vhlp	彰
vefk	哲
vdf	摘
vo	桌
vol	卓
voyo	着
vce	兆
vuj	铸
vim	枝
vsw	衷
vlf	撞
vru	砖
vha	丈
vuo	瞩
vzp	舟
vfr	侦
vgf	挣
vzm	骤
vic	芝
vso	肿
vcok	昭
vrf	撰
vldn	妆
vio	脂
vzi	轴
vje	崭
vay	诈
vij	帜
vlj	幢
vgc	蒸
vhr	仗
vai	轧
vjm	粘
vof	捉
vamj	闸
vch	肇
vlm	桩
vdb	窄
vuk	嘱
vuka	贮
vad	渣
vzia	昼
vioy	肢
vec	蔗
vdw	斋
vjd	沾
vcs	罩
vzb	宙
vjo	瞻
vez	遮
vow	琢
vul	煮
vgo	睁
vfa	臻
vjw	颤
vfl	贞
vgj	铮
vhdu	漳
vve	坠
vihf	稚
vakv	咋
vcj	钊
vap	乍
vjdk	詹
vfm	枕
vdx	翟
vji	斩
vcdk	沼
voh	灼
vzg	粥
vvs	缀
vzdy	皱
vvm	椎
vod	浊
viyo	酯
vsz	踵
vife	掷
vuh	烛
vhm	樟
viec	峙
vfmr	桢
vhk	账
vhmv	杖
vei	辙
voy	酌
vam	榨
vrv	篆
vfk	赈
vjj	盏
viph	炙
vjin	辗
vofi	拙
vjs	绽
vyy	谆
vime	栉
virt	侄
vzo	肘
vuca	苎
vhw	璋
vfp	祯
vfpb	禛
veiv	辄
vupo	褚
vfjr	帧
vamv	札
vcp	爪
vxp	爪
vjmk	毡
voc	茁
vjmj	栈
vfx	甄
vamc	栅
vicv	芷
vvj	锥
vodn	涿
vui	蛛
vuf	拄
vujv	铢
vfq	斟
vudv	洙
vibt	窒
vii	咫
vuve	竺
vk	拽
vjc	蘸
vao	眨
vuiv	蛀
vge	峥
vrd	沌
vik	吱
vura	伫
vfs	缜
vzk	咒
vuml	杼
vfv	箴
vvf	赘
vizv	趾
vem	柘
vfb	疹
vibc	痔
voj	镯
vsb	冢
viik	蜘
vze	帚
viae	郅
vak	喳
vzyo	胄
vheu	嶂
vhrj	仉
vzs	绉
vurv	侏
vej	锗
vimt	桎
viuf	雉
vep	褶
vcy	诏
vgx	怔
vvx	惴
vakm	喋
vhb	瘴
vipv	祉
vsvm	盅
vok	啄
vefi	蛰
vlp	奘
vlv	奘
vfu	砧
vhi	蟑
vuyv	诛
viep	陟
vgyl	诤
veg	鹧
vey	谪
vet	赭
vgq	狰
vga	丁
vzsc	纣
vhq	獐
vhju	幛
vfmh	榛
vaj	铡
vodf	濯
vucv	茱
vohu	焯
vfdn	鸩
vibx	痣
viit	蛭
vor	倬
vrub	馔
vaiv	蚱
vrkv	啭
vuvo	箸
vsxs	忪
vuhv	炷
vzn	妯
voff	擢
vfi	轸
viy	识
viz	踯
vulx	翥
vckk	啁
vzkk	啁
vfh	稹
viiw	徵
vzy	诌
vvr	隹
vfd	溱
vfc	蓁
viod	胝
vre	颛
vimv	栀
vou	斫
voco	著
vakq	吒
vjfd	旃
vlr	僮
vgjv	钲
vifr	贽
vipp	豸
veum	磔
vfop	胗
vyo	肫
vfmv	椹
vvmf	骓
vzpx	繇
vcm	棹
vifn	鸷
vzu	碡
vau	砟
vjy	谵
vfo	朕
viib	轵
voyn	诼
vdbx	瘵
vdp	祭
vdrd	侧
vftp	畛
viv	彘
vidl	觯
vsjv	锺
vumo	槠
vumd	术
vaf	揸
vama	查
vcv	笊
vck	嘲
vifx	絷
vswi	螽
vzv	籀
vuvy	舳
vab	痄
vjf	搌
vitq	埴
vzyc	酎
vvsz	缒
vhn	嫜
vix	忮
viem	骘
vizr	踬
vzc	荮
vubn	瘃
vugv	麈
vubv	疰
vodr	浞
vop	禚
vafv	拃
vek	啫
vodu	汋
veu	喆
vidv	沚
vafq	挓
vadx	奓
vadg	溠
vaa	鲊
vaux	䃎
vav	劄
vaya	鲝
vaz	齇
vcfd	旐
vcog	曌
vefo	晢
velk	詟
vegi	䗪
vfwb	瑱
vfsl	纼
vfpp	袗
vffv	揕
vfck	葴
vfab	鬒
vhou	暲
vicb	𦭜
vigc	庤
viot	晊
vimx	梽
vitc	畤
vijr	锧
vihq	稙
vimo	榰
viur	疐
vjjk	飐
vjmd	栴
vjr	偡
vjwn	鹯
vja	鳣
vom	椓
vojo	䦃
vome	棁
vomn	椓
voyy	叕
vocu	䓬
voo	晫
vro	䏝
vrrb	僎
vscv	茽
vshl	穜
vus	纻
vume	柷
vuuy	属
vuuv	砫
vxa	髽
vyi	衠
vzx	㤘
vziv	辀
vzvn	鸼
vznk	婤
vcav	𬶐
vcjk	𬬿
vimr	𬃊
vofn	𬸦
vysz	𬘯
vezw	这
vwz	这
vjun	展
vgvw	政
vspa	重
velo	者
veyo	着
vgav	正
vrad	专
vieb	职
vikb	只
viat	至
vifo	指
vgyv	证
vhgi	张
vri	转
vydf	准
vrrv	传
vgdl	争
vglh	烝
virq	值
vldy	装
vsrr	众
vfub	真
vcoh	照
vssd	终
vila	止
vuco	著
vgiv	征
vcfk	招
vfti	圳
vdrr	债
vvz	追
vffn	振
vunn	朱
vctx	赵
vlgt	庄
vuwv	珠
vgbe	郑
vhdi	涨
vfyn	震
vsvx	忠
vfwp	珍
vupe	祝
vfei	阵
vuqo	猪
vhji	帐
vuyo	诸
vosw	缴
vhoi	胀
vrkn	赚
vitv	址
vdfk	摘
volm	桌
vced	兆
vujc	铸
vimy	枝
vswy	衷
vlfl	撞
vruv	砖
vhan	丈
vuoy	瞩
vzpd	舟
vfrr	侦
vgfl	挣
vzmn	骤
vsov	肿
vrfb	撰
vioo	脂
vziy	轴
vjej	崭
vayv	诈
vljl	幢
vgch	蒸
vhrv	仗
vofr	捉
vlmt	桩
vuky	嘱
vech	蔗
vdwe	斋
vcsu	罩
vzby	宙
vjok	瞻
vezh	遮
vown	琢
vgol	睁
vfah	臻
vjwr	颤
vgjl	铮
vvet	坠
vcjd	钊
vapa	乍
vdxf	翟
vjij	斩
vvsy	缀
vuhi	烛
vhki	账
veiw	辙
vfkn	赈
vjsr	绽
vzoc	肘
vfpr	祯
vxpn	爪
voci	茁
vfxw	甄
vvjf	锥
vufv	拄
vfqu	斟
vkf	拽
vaof	眨
vgel	峥
vrdt	沌
viky	吱
vfsb	缜
vfvk	箴
vvfr	赘
vemu	柘
voji	镯
vzej	帚
vaka	喳
vzse	绉
vejo	锗
vepb	褶
vgxv	怔
vvxe	惴
vokn	啄
vlpd	奘
vegn	鹧
veyk	谪
veto	赭
vgal	丁
vhqu	獐
vajd	铡
voru	倬
vzny	妯
vfip	轸
vfhb	稹
vouj	斫
vlrl	僮
vyot	肫
vzum	碡
vauv	砟
vfot	朕
vdpx	祭
vivb	彘
vafa	揸
vcko	嘲
vzvt	籀
vabv	痄
vjfn	搌
vhnu	嫜
vzcc	荮
veko	啫
veuk	喆
vaav	鲊
vavd	劄
vazq	齇
vjrv	偡
vjaa	鳣
voou	晫
vrov	䏝
vusa	纻
vxat	髽
vwzw	这
vriv	转
vvzk	追
vkfy	拽
vy	这样
vd	知道
vw	掌握
vb	准备
vn	只能
vq	正确
vm	这么
vt	折腾
vp	只怕
vaaj	治安案件
vaba	眨巴
vacd	榨菜
vada	渣打
vadc	铡刀
vade	乍得
vadj	炸弹
vadn	炸掉
vadr	炸断
vadv	扎堆
vafw	炸飞
vafj	炸翻
vagf	扎根
vagj	榨干
vago	炸锅
vagh	轧钢
vahl	札幌
vahu	咋呼
vahv	炸毁
vaji	炸鸡
vajl	炸酱
vajm	乍见
vajr	诈捐
vakz	闸口
vakd	炸开
vale	炸了
valj	栅栏
valc	扎牢
valp	炸裂
valw	炸雷
vamf	闸门
vamg	蚱蜢
vanj	渣男
vanv	渣女
vapm	诈骗
vapk	炸平
vaqu	榨取
vasi	炸死
vatu	渣土
vauh	炸伤
vaui	扎实
vauz	扎手
vavi	榨汁
vavh	扎账
vava	渣渣
vavf	扎针
vawo	炸窝
vaxb	扎心
vaxl	诈降
vayc	炸药
vayj	眨眼
vayk	扎营
vayz	榨油
vazi	渣滓
vbba	皱巴巴
vbbq	止步不前
vbbx	朝不保夕
vbbb	治标不治本
vbbh	纸包不住火
vbco	真不错
vble	准备了
vblt	直布罗陀
vblb	卓别林
vbdc	找不到
vbdk	指不定
vbdb	找不到北
vbgo	只不过
vbgw	转不过弯
vbgj	周边国家
vbgh	振臂高呼
vbhc	准备好
vbhl	准备好了
vbjp	猪八戒
vbjm	直播间
vbjx	准备就绪
vbju	这不就是
vbjr	治病救人
vbkd	睁不开
vbku	真不愧是
vbky	睁不开眼
vbmm	招兵买马
vbqy	正本清源
vbqn	郑板桥
vbqx	钟不敲不响
vbry	真不容易
vbrq	长别人志气
vbsy	追本溯源
vbsn	中饱私囊
vbui	这不是
vbuh	追不上
vbub	针砭时弊
vbum	丈八蛇矛
vbvc	找不着
vbvd	知不知道
vbvi	支不支持
vbvt	照搬照套
vbvy	准不准
vbvj	站不住脚
vbvb	找不着北
vbwu	转败为胜
vbwx	转悲为喜
vbxx	装不下
vbxk	照本宣科
vby	止步于
vbyh	振臂一呼
vbyc	止步于此
vbyu	诈败佯输
vbzi	这辈子
vbzc	志不在此
vcan	招安
vcbg	知错不改
vcbj	照搬
vcbu	找补
vcbk	招兵
vcbm	找遍
vcbn	招标
vcbw	罩杯
vcci	照此
vccd	招财
vcdc	找到
vcdd	招待
vcdi	着地
vcdn	着调
vcda	找打
vcff	找份
vcfu	照拂
vcfg	招风
vcgu	照顾
vcgo	找过
vcgc	昭告
vcgj	招干
vcgr	照管
vcgs	招工
vcgy	志存高远
vche	兆赫
vchh	招行
vcho	着火
vchr	召唤
vchu	招呼
vchv	找回
vchy	招魂
vciu	找出
vciz	找抽
vcia	找茬
vcic	照抄
vcig	斩草除根
vcih	照常
vcjb	招财进宝
vcjg	知错就改
vcji	着急
vcjm	召见
vcjq	照旧
vcjx	招架
vckc	招考
vckd	召开
vckj	照看
vcld	找来
vcle	找了
vcli	照理
vclj	招揽
vclk	找零
vclu	招录
vcll	照亮
vcln	照料
vcmi	着迷
vcmk	照明
vcmm	照面
vcmo	着魔
vcmu	招募
vcma	找骂
vcnt	找虐
vcna	招纳
vcng	知错能改
vcpb	招聘
vcpd	招牌
vcpk	找平
vcpm	照片
vcpn	招嫖
vcqi	朝气
vcqm	找钱
vcqk	肇庆
vcqb	招亲
vcrf	找人
vcre	招惹
vcsi	找死
vctp	招贴
vctz	兆头
vcue	照射
vcug	招生
vcuh	招商
vcui	招式
vcul	真材实料
vcuo	照说
vcuu	招数
vcuj	罩衫
vcux	真才实学
vcub	注册商标
vcuz	招手
vcvc	找找
vcve	照着
vcvh	照章
vcvy	找准
vcvi	招致
vcvj	招展
vcvu	罩住
vcvv	招赘
vcwa	兆瓦
vcxy	找寻
vcxi	朝夕
vcxl	照相
vcxm	招贤
vcxp	找些
vcxt	昭雪
vcxx	找下
vcya	爪牙
vcyb	招引
vcyc	照耀
vcyh	照样
vcyk	照应
vcyi	罩衣
vcyj	只此一家
vczi	罩子
vcze	沼泽
vczo	照做
vczu	招租
vczb	注册资本
vczj	注册资金
vdbb	诸多不便
vdbi	债多不愁
vdbv	战斗不止
vdbd	知道不知道
vdcd	择菜
vdcu	志大才疏
vddm	摘点
vddn	摘掉
vddw	主导地位
vddb	捉刀代笔
vddd	种豆得豆
vddi	宅邸
vdde	摘得
vdfj	斋饭
vdfu	窄幅
vdfx	抓大放小
vdfw	正当防卫
vdgs	钟点工
vdgm	正大光明
vdhx	这段话
vdhl	直捣黄龙
vdiu	摘除
vdic	摘抄
vdir	长大成人
vdij	主动出击
vdj	战斗机
vdji	摘记
vdjp	斋戒
vdjc	张灯结彩
vdjd	真的假的
vdjt	斩钉截铁
vdju	指点江山
vdkr	债款
vdl	知道了
vdle	找到了
vdli	战斗力
vdlu	摘录
vdma	知道吗
vdmc	摘帽
vdmj	指点迷津
vdmf	宅门
vdnm	正当年
vdnj	宅男
vdnv	宅女
vdpd	摘牌
vdqr	债权
vdqu	摘取
vdqy	主动请缨
vdrq	煮豆燃萁
vdso	招待所
vdtt	直达天听
vdui	这倒是
vduj	这段时间
vduf	掌灯时分
vdvu	债主
vdvq	真刀真枪
vdvj	站得住脚
vdwu	债务
vdxn	窄小
vdxk	针对性
vdxr	摘选
vdxx	摘下
vdxz	直到现在
vdxl	值得信赖
vdyy	撞大运
vdyb	摘引
vdyc	摘要
vdym	志得意满
vdyr	宅院
vdyt	值得一提
vdyu	这倒也是
vdyj	睁大眼睛
vdye	指点一二
vdzi	寨子
vdzr	镇定自若
vddx	重点大学
vdyh	渣打银行
vebm	这边
vebh	这帮
vebc	这包
vebo	这波
vebw	这杯
vebi	遮蔽
vebq	卓尔不群
vebf	这本
vebu	这部
veba	这把
vebj	正儿八经
veci	这次
vecg	这层
vedh	遮挡
vedm	这点
vedj	这单
vedd	这代
vedp	折叠
vedr	折断
vedg	这等
vedk	这顶
veds	这栋
vedy	这顿
vedz	这都
veer	这儿
veff	这份
vefj	折返
vefu	这副
vefh	这方
vegf	折耳根
vege	这个
vegr	这关
vego	这锅
vegd	遮盖
vegl	遮光
vegu	鹧鸪
vegv	折桂
vehe	折合
vehf	折痕
vehv	这回
vehd	这还
vehh	这行
vehc	这号
vehn	丈二和尚摸不着头脑
vehu	丈二和尚
veih	这场
veiu	这出
veig	折成
veii	折尺
veiz	遮丑
vejx	这家
vejl	浙江
vejp	这届
vejq	折旧
veju	这句
vejm	这件
veji	这季
vejg	丈二金刚
vekz	折扣
vekr	这款
veke	这可
veli	这里
velj	遮拦
velp	这列
velw	这类
vell	这辆
velx	这俩
vely	这轮
velz	这楼
veld	周恩来
veme	这么
vemo	折磨
vemw	这枚
vemm	这面
vemk	这名
venm	这年
vens	抓耳挠腮
vepi	这批
vepm	这篇
vepj	这盘
vepk	这瓶
veqi	这期
veqy	这群
verh	折让
verf	这人
vesr	折算
vesy	折损
veso	这所
vesz	这艘
vesi	这厮
vetn	这条
vetg	折腾
vetm	这天
vetc	这套
veti	这题
vetz	这头
veth	蔗糖
vetb	知恩图报
veuf	这身
veul	这双
veua	折杀
veue	折射
veui	这时
veuj	折扇
veuz	折寿
vevs	这种
vevh	这张
vevi	这只
vevc	这招
vevu	遮住
vevz	褶皱
vevv	珍而重之
veww	这位
vewj	这晚
vexx	这下
vext	哲学
vexl	这项
vexm	折现
vexp	这些
vexq	遮羞
veyh	这样
veyt	这月
veyc	折腰
veyj	遮掩
veyb	遮荫
veyu	遮雨
veyi	折翼
veye	这也
veyl	震耳欲聋
vezo	这座
vezs	这总
vezu	这组
vezy	这尊
vezi	褶子
vfai	真爱
vfbc	珍宝
vfbf	真笨
vfbh	真棒
vfbi	振臂
vfbj	砧板
vfbm	针砭
vfbp	甄别
vfby	遮风避雨
vfcc	贞操
vfce	侦测
vfch	珍藏
vfci	针刺
vfcj	真惨
vfde	真的
vfdh	震荡
vfda	真大
vfdi	阵地
vfdk	镇定
vfdm	争分夺秒
vfdo	真多
vfdu	真毒
vfdz	真逗
vfdr	诊断
vfds	震动
vfdv	针对
vfdy	遮风挡雨
vfer	真二
vffa	阵法
vfff	振奋
vffg	阵风
vffj	真烦
vffu	振幅
vffw	诊费
vfgv	珍贵
vfgc	真高
vfgr	针管
vfge	真格
vfgj	真敢
vfgk	真乖
vfgy	追风赶月
vfgg	政府工作报告
vfgo	榛果
vfhc	真好
vfhj	震撼
vfhk	真坏
vfhx	真话
vfhf	真狠
vfhw	真黑
vfih	真长
vfia	侦查
vfic	争风吃醋
vfig	真诚
vfij	震颤
vfir	真传
vfiz	真丑
vfii	振翅
vfjb	枕巾
vfji	真迹
vfjk	震惊
vfjl	镇江
vfjm	针尖
vfjn	阵脚
vfjp	贞洁
vfjq	针灸
vfjx	真假
vfjy	真菌
vfjg	政府机关
vfkk	真快
vfks	真空
vfkv	真亏
vfkg	真坑
vfli	真理
vflj	真懒
vflr	真乱
vflg	真冷
vflk	真灵
vfln	诊疗
vflw	真累
vflv	帧率
vflp	阵列
vfmi	缜密
vfmj	真慢
vfmk	真名
vfmu	装疯卖傻
vfmw	真美
vfmg	真猛
vfmn	真妙
vfmd	诊脉
vfmy	栉风沐雨
vfng	真能
vfnq	真牛
vfnu	震怒
vfnj	真难
vfpa	真怕
vfpi	真皮
vfpo	侦破
vfqb	珍禽
vfqi	真气
vfqk	真情
vfqn	真巧
vfqp	真切
vfql	真枪
vfrs	阵容
vfre	真热
vfrf	真人
vfru	执法如山
vfrx	振奋人心
vfrd	招蜂惹蝶
vfsi	真丝
vfso	诊所
vftc	枕套
vftj	侦探
vfts	阵痛
vftz	枕头
vfua	真傻
vfuc	真少
vfue	震慑
vfuh	镇上
vful	真爽
vfui	真实
vfuk	真帅
vfuz	镇守
vfuf	真身
vfuu	帧数
vfvd	镇宅
vfvf	阵阵
vfvg	真正
vfvy	真准
vfvh	镇长
vfvi	真挚
vfvo	斟酌
vfvs	珍重
vfva	针扎
vfvu	珍珠
vfwh	阵亡
vfwj	珍玩
vfww	真伪
vfxb	真心
vfxd	针锋相对
vfxi	珍惜
vfxk	振兴
vfxl	真相
vfxn	真小
vfxm	阵线
vfxy	侦讯
vfxq	珍馐
vfxr	甄选
vfxs	真凶
vfxv	朝发夕至
vfyz	真有
vfya	镇压
vfyj	针眼
vfyk	阵营
vfym	枝繁叶茂
vfyd	招蜂引蝶
vfyr	真元
vfyu	阵雨
vfye	针叶
vfyi	昼伏夜出
vfzo	振作
vfzd	赈灾
vfzc	真早
vfzi	镇子
vfzh	真脏
vfdx	政法大学
vgab	治国安邦
vgam	治国安民
vgba	争霸
vgbf	正本
vgbi	正比
vgbj	正版
vgbk	征兵
vgbm	争辩
vgbq	珠光宝气
vgbr	猪狗不如
vgbu	正步
vgbw	正北
vgcy	中关村
vgce	政策
vgci	证词
vgcj	正餐
vgda	睁大
vgdc	正道
vgds	正东
vgde	征得
vgdg	种瓜得瓜
vgdd	枕戈待旦
vgdh	正当
vgdk	征订
vgdm	整点
vgdi	征地
vgdn	征调
vgdo	争夺
vgdr	争端
vgdv	正对
vgdy	整顿
vgdz	争斗
vgdu	这个倒是
vgfa	蒸发
vgfg	争锋
vgfh	正方
vgfj	正反
vgfu	政府
vgge	整个
vggc	征稿
vggd	整改
vggr	征管
vggz	直勾勾
vggh	政纲
vggl	争光
vggo	蒸锅
vggu	整蛊
vggv	正规
vggs	政工
vghc	正好
vghe	整合
vghh	整行
vghy	征婚
vghr	正欢
vghv	争辉
vghz	症候
vgic	争吵
vgie	整车
vgis	争宠
vgif	征尘
vgig	征程
vgih	正常
vgii	整饬
vgil	争创
vgiu	整除
vgjd	追根究底
vgji	征集
vgjk	正经
vgjm	证件
vgjp	整洁
vgjq	拯救
vgju	证据
vgjn	蒸饺
vgkd	睁开
vgke	政客
vgkc	蒸烤
vgkk	整块
vgkx	整垮
vgll	诸葛亮
vglz	钟鼓楼
vgli	整理
vglk	政令
vglq	蒸馏
vgls	蒸笼
vgly	争论
vglm	正脸
vglp	整列
vgld	张冠李戴
vglb	这个礼拜
vgmk	证明
vgma	正码
vgmh	正忙
vgmf	正门
vgmm	正面
vgnm	整年
vgnk	狰狞
vgnj	正南
vgns	正浓
vgnx	主观能动性
vgpb	正品
vgpd	正派
vgpj	整盘
vgpm	整篇
vgpi	整批
vgqi	整齐
vgql	争抢
vgqm	挣钱
vgqn	正巧
vgqq	征求
vgqr	证券
vgqt	正确
vgqu	争取
vgqy	趾高气扬
vgqa	趾高气昂
vgqc	斩瓜切菜
vgr	这个人
vgrf	证人
vgri	整日
vgrs	整容
vgru	正如
vgrz	蒸肉
vgrc	正该如此
vgrm	中国人民
vgsi	整死
vgse	正色
vgsu	整肃
vgsy	追根溯源
vgtz	转过头
vgtc	整套
vgtg	蒸腾
vgti	整体
vgtj	政坛
vgtk	正厅
vgtm	整天
vgtn	整条
vgto	挣脱
vgts	正统
vgtu	正途
vgtq	转过头去
vgtl	转过头来
vgtx	昭告天下
vguf	政审
vgui	正式
vguj	震古烁今
vgul	转过身来
vguu	证书
vguv	征税
vguz	征收
vguo	正说
vgug	争胜
vguq	转过身去
vguh	这个时候
vgva	挣扎
vgvc	征兆
vgvd	知根知底
vgve	争着
vgvg	整整
vgvu	蒸煮
vgvi	政治
vgvj	征战
vgvl	症状
vgvr	正传
vgvs	郑重
vgvy	至关重要
vgvz	郑州
vgvf	中国政府
vgvv	贞观之治
vgw	转个弯
vgwf	正文
vgwt	这个问题
vgwx	中国文学
vgwj	整晚
vgwu	政务
vgww	政委
vgwd	追根问底
vgxb	征信
vgxi	正西
vgxk	整形
vgxl	正想
vgxm	争先
vgxp	政协
vgxq	整修
vgxs	争雄
vgxy	征询
vgxg	朝过夕改
vgxu	众寡悬殊
vgxd	追根寻底
vgyu	植根于
vgyz	征友
vgyc	正要
vgyd	忠肝义胆
vgye	整夜
vgyi	正义
vgyj	睁眼
vgys	征用
vgyt	正月
vgyx	朝歌夜弦
vgzi	这个字
vgzd	正在
vgze	正则
vgzs	正宗
vgrx	中国人民大学
vgyh	中国银行
vhai	障碍
vhbf	账本
vhbh	专横跋扈
vhbn	长膘
vhbu	账簿
vhbw	长辈
vhcc	长草
vhce	账册
vhda	长大
vhde	长得
vhdc	涨到
vhdg	掌灯
vhdj	账单
vhdo	掌舵
vhdp	涨跌
vhfa	章法
vhfh	账房
vhfu	丈夫
vhff	战火纷飞
vhgr	掌管
vhgu	掌故
vhgv	掌柜
vhgc	长高
vhgo	掌掴
vhhc	账号
vhhs	涨红
vhhu	账户
vhhv	章回
vhiu	长出
vhic	涨潮
vhis	长虫
vhig	章程
vhjb	长进
vhjp	章节
vhjx	涨价
vhjn	掌教
vhjm	仗剑
vhjl	壮怀激烈
vhkd	张开
vhkl	张狂
vhkr	账款
vhks	掌控
vhkz	张口
vhlc	长老
vhle	涨了
vhlm	长脸
vhlh	蟑螂
vhlk	账龄
vhll	丈量
vhlo	张罗
vhli	张力
vhlu	忠厚老实
vhmf	掌门
vhmj	长满
vhmm	账面
vhmu	账目
vhmz	中华民族
vhmg	中华民国
vhnc	樟脑
vhnv	长女
vhpg	帐篷
vhph	长胖
vhqi	胀气
vhqr	掌权
vhqm	直呼其名
vhrc	沾花惹草
vhrd	指挥若定
vhrf	丈人
vhrg	中华人民共和国
vhrm	中华人民
vhrx	震撼人心
vhrz	长肉
vhsy	长孙
vhsj	张三
vhtk	涨停
vhtc	账套
vhtp	张贴
vhts	胀痛
vhu	这回事
vhud	这话说的
vhuc	掌勺
vhug	掌声
vhuh	掌上
vhui	涨势
vhuv	涨水
vhuu	樟树
vhve	仗着
vhvs	掌中
vhvi	掌指
vhvy	之乎者也
vhvh	涨涨
vhwh	张望
vhwf	掌纹
vhwo	掌握
vhwu	账务
vhwy	正合我意
vhxb	掌心
vhxl	长相
vhxm	彰显
vhxs	长兄
vhxu	朝花夕拾
vhyh	张扬
vhya	长牙
vhyi	仗义
vhyu	章鱼
vhyz	长幼
vhyb	掌印
vhyw	这还用问
vhzv	张嘴
vhzd	长在
vhzi	长子
vhze	杖责
vhzy	中和作用
vhzb	只好做罢
viai	挚爱
vian	治安
vibd	直白
vibf	直奔
vibi	纸币
vibw	纸杯
vibj	值班
vibk	治病
vibm	质变
vibn	指标
vibo	直播
vibu	止步
vibv	忠臣不事二主
vicd	制裁
vice	之策
vici	至此
vicj	致残
vida	直达
vidd	纸袋
vide	值得
vidc	指导
vidi	质地
vidk	指定
vidm	指点
vido	之多
vidp	止跌
vidg	只等
vids	制动
vidu	制度
vidz	智斗
vidh	值当
vier	侄儿
viey	知耻而后勇
vifu	支付
vifa	执法
viff	之分
vifg	指缝
vifh	脂肪
vifz	知否
vige	之歌
vigj	质感
vigk	只怪
vigl	之光
vigo	治国
vigr	直观
vigs	职工
vigu	桎梏
vigw	只给
viga	吱嘎
vigf	展翅高飞
vihc	只好
vihg	制衡
vihh	支行
vihv	智慧
vihi	朱唇皓齿
vihj	致函
vihr	置换
vihu	知乎
vihz	之后
vihe	纸盒
vihy	知耻后勇
viif	直陈
viig	支撑
viii	支持
viic	纸钞
viil	痔疮
viis	直冲
viiu	指出
viih	职场
viia	只差
vijb	至今
viji	知己
vijl	直降
vijk	直径
vijm	之间
vijn	指教
vijp	直接
vijt	直觉
vijx	指甲
vijj	中产阶级
viju	终成眷属
vijy	知耻近乎勇
vikj	只看
vikc	只靠
vike	止咳
vikf	只肯
vikk	直快
viks	指控
viku	智库
vild	舟车劳顿
vilg	制冷
vili	治理
vilk	指令
vill	质量
viln	治疗
vilo	直落
vilp	之列
vilq	滞留
vilu	之路
vilm	直连
vilv	支持率
vilw	之类
vilj	芝兰
vima	芝麻
vimb	殖民
vimd	只卖
vimf	之门
vimk	致命
vimm	直面
vimj	枝蔓
vimu	之母
vimz	智谋
vimi	执迷
ving	智能
vina	只拿
vinf	稚嫩
vinh	智囊
vinj	指南
vinm	执念
vinu	制怒
vinq	执拗
vinv	侄女
vinw	之内
vipa	只怕
vipb	制品
vipd	指派
vipj	只盼
vipk	只凭
vipm	制片
vipn	支票
vipu	质朴
vipw	支配
viqb	执勤
viqi	志气
viqk	知情
viql	咫尺千里
viqm	之前
viqq	只求
viqr	职权
viqu	支取
vire	炙热
virf	只认
viri	之日
viru	植入
visy	止损
vise	滞涩
visi	致死
visu	质素
vish	治丧
vitg	止疼
viti	肢体
vitk	只听
vitn	纸条
vits	直通
vitu	制图
vity	咫尺天涯
vitz	指头
viuc	至少
viui	知识
viue	直射
viug	只剩
viuh	之上
viuk	直率
viul	直爽
viuo	直说
viuu	指数
viuz	制售
vivc	执照
vivd	指摘
vive	智者
vivf	指针
vivg	执政
vivh	智障
vivi	直至
vivj	之战
vivo	执着
vivs	之中
vivu	蜘蛛
vivv	直追
vivy	只准
viwd	之外
viwf	指纹
viwh	指望
viwu	植物
viww	职位
viwx	转嗔为喜
vixb	知心
vixi	窒息
vixk	执行
vixl	只想
vixm	直线
vixn	知晓
vixp	致谢
vixr	之选
vixt	止血
vixu	秩序
vixx	之下
vixy	质询
viya	质押
viyb	指引
viyc	只要
viye	职业
viyh	止痒
viyi	之一
viyj	直言
viyr	支援
viys	只用
viyt	制约
viyu	至于
viyk	直营
viyz	只有
viyf	筑巢引凤
viyd	张弛有度
vizc	制造
vizd	旨在
vize	职责
vizi	侄子
vizo	制作
vizu	知足
vizy	至尊
vjag	忠君爱国
vjbm	沾边
vjbb	正经八百
vjbc	战报
vjbd	战败
vjbi	占比
vjbl	真金不怕火炼
vjby	真金白银
vjbo	展播
vjbu	占卜
vjbv	招架不住
vjbw	战备
vjch	斩仓
vjci	助记词
vjcl	铢积寸累
vjdc	栈道
vjdi	占地
vjdm	站点
vjdr	斩断
vjdz	战斗
vjdv	战队
vjdy	摘金夺银
vjdd	洲际导弹
vjdq	斩将夺旗
vjfa	战法
vjfh	绽放
vjfj	战犯
vjfu	战俘
vjge	芝加哥
vjgh	站岗
vjgl	沾光
vjgv	展柜
vjgo	战国
vjgr	展馆
vjgs	战功
vjgu	战鼓
vjgx	占卦
vjhx	这句话
vjhc	战壕
vjho	战火
vjhv	展会
vjhz	战后
vjhy	战魂
vjie	战车
vjih	战场
vjii	展翅
vjir	战船
vjiu	展出
vjjb	占尽
vjji	战绩
vjjl	湛江
vjjm	战舰
vjjp	张家界
vjju	占据
vjjv	捉襟见肘
vjkd	展开
vjkl	战况
vjld	直截了当
vjle	占了
vjli	站立
vjlj	展览
vjlk	占领
vjlm	粘连
vjlp	绽裂
vjlr	战乱
vjlt	战略
vjlu	展露
vjln	蘸料
vjlx	煮酒论英雄
vjll	中坚力量
vjma	战马
vjmm	炸酱面
vjmh	着急忙慌
vjmy	至今没有
vjmb	终极目标
vjmv	专家门诊
vjmg	指鸡骂狗
vjnm	这几年
vjnq	知己难求
vjnb	真假难辨
vjpj	椎间盘
vjpd	站牌
vjpb	展品
vjpc	战袍
vjpk	战平
vjpn	站票
vjpi	椎间盘突出
vjqi	站起
vjqm	站前
vjqu	展区
vjqr	占全
vjqn	栈桥
vjqz	证据确凿
vjqq	斩将搴旗
vjrj	沾染
vjsi	战死
vjtm	这几天
vjtd	站台
vjtk	展厅
vjtp	粘贴
vjty	仗剑天涯
vjua	斩杀
vjuf	战神
vjug	战胜
vjuh	站上
vjui	展示
vjul	长见识了
vjuj	斩尽杀绝
vjum	只见树木
vjuu	战术
vjuz	斩首
vjuv	蘸水
vjve	站着
vjvg	战争
vjvb	知己知彼
vjvf	战阵
vjvl	站桩
vjvh	站长
vjvr	辗转
vjvu	站住
vjvw	站脚助威
vjwf	站稳
vjwh	展望
vjwu	站务
vjww	占位
vjwv	至今为止
vjwz	正襟危坐
vjwl	铸剑为犁
vjxb	崭新
vjxk	占星
vjxl	站相
vjxm	展现
vjxn	展销
vjxu	折节下士
vjye	展业
vjyk	展映
vjyh	瞻仰
vjyj	展演
vjyi	战役
vjyb	转基因
vjys	占用
vjyz	占有
vjzd	站在
vjzi	站姿
vjsv	珠江三角洲
vjdx	浙江大学
vjsy	战损
vkbk	张口闭口
vkby	中看不中用
vkju	张口结舌
vklk	逐客令
vknt	众口难调
vkqi	拽起
vkui	这可是
vkuj	众口铄金
vkvg	准考证
vkvu	拽住
vkvk	拽拽
vkvy	专款专用
vkww	重口味
vkwu	真可谓是
vkwy	转亏为盈
vkxi	只可惜
vkyr	中科院
vkyb	赵匡胤
vkyc	众口一词
vkyh	只可意会
vkyg	只可远观
vkyi	只可意会，不可言传
vkyj	睁开眼睛
vlbw	装备
vlbh	珠联璧合
vlbj	装扮
vlbk	装病
vlbn	装裱
vlbi	装逼
vlbx	争论不休
vlda	壮大
vldc	撞到
vldd	装袋
vldj	壮胆
vldk	装订
vldr	撞断
vlds	装懂
vldv	中流砥柱
vldu	竹篮打水
vldm	装点
vlfg	装疯
vlfj	撞翻
vlfd	种类繁多
vlfk	振聋发聩
vlgc	状告
vlgr	壮观
vlgk	装怪
vlgv	装柜
vlgu	庄股
vlgy	重力感应
vlhu	纸老虎
vlhc	装好
vlhv	装回
vlhj	壮汉
vlhl	装潢
vlho	装货
vlie	装车
vlir	装船
vlig	装成
vliu	装出
vljt	斩立决
vljb	装进
vlji	撞击
vljm	撞见
vlju	壮举
vljx	庄家
vljz	株连九族
vljq	转了几圈
vlkl	状况
vlko	壮阔
vlkd	撞开
vlku	装酷
vlle	着凉了
vllg	直愣愣
vlli	壮丽
vllm	撞脸
vllp	壮烈
vlmj	装满
vlmx	斩落马下
vlmg	朝令暮改
vlmw	壮美
vlmf	撞门
vlmy	至理名言
vlmd	指路明灯
vln	这两年
vlnm	壮年
vlnf	装嫩
vlpo	撞破
vlpm	撞骗
vlps	支离破碎
vlpw	装配
vlpj	装盘
vlpb	战利品
vlql	撞墙
vlqs	装穷
vlrf	撞人
vlru	装入
vlrs	妆容
vlsi	撞死
vlsr	装蒜
vlse	撞色
vlsv	撞碎
vltm	这两天
vltx	逐鹿天下
vltz	真龙天子
vltd	状态
vltj	崭露头角
vlu	蒸馏水
vlua	装傻
vluh	装上
vlui	装饰
vluu	装束
vluj	撞衫
vluv	装睡
vlvr	周六周日
vlvd	治理整顿
vlvl	装装
vlve	装着
vlvf	撞针
vlvi	装置
vlvq	转来转去
vlvs	庄重
vlvu	庄主
vlvy	逐鹿中原
vlvm	皱了皱眉
vlvt	皱了皱眉头
vlwm	指鹿为马
vlxq	装修
vlxg	朝令夕改
vlxk	壮行
vlxl	装箱
vlxp	装卸
vlxx	装下
vlxd	众里寻他千百度
vly	致力于
vlyh	壮阳
vlyj	庄严
vlyr	状元
vlyu	状语
vlyx	钟灵毓秀
vlyy	装运
vlyz	装有
vlyq	转了一圈
vlzo	装作
vlzi	庄子
vlzd	装载
vlzu	壮族
vlzy	装聋作哑
vmbf	这么笨
vmbw	执迷不悟
vmbh	执迷不悔
vmbt	捉摸不透
vmbd	捉摸不定
vmch	捉迷藏
vmdo	这么多
vmda	这么大
vmdu	知名度
vmdi	殖民地
vmdy	直眉瞪眼
vmdl	争名夺利
vmdn	这么多年
vmdr	这么多人
vmdm	专卖店
vmdx	指名道姓
vmgv	这么贵
vmgc	这么高
vmgr	芝麻官
vmhc	这么好
vmhh	照猫画虎
vmhu	这么回事
vmih	这么长
vmiz	这么丑
vmia	这么差
vmjq	这么久
vmjd	这么简单
vmjb	真没劲
vmji	朱门酒肉臭
vmk	这么快
vmkk	众目睽睽
vmkm	芝麻开门
vml	这么懒
vmlh	直冒冷汗
vmld	芝麻绿豆
vmlf	珠穆朗玛峰
vmlj	钟鸣漏尽
vmlm	珠穆朗玛
vmlr	专门利人
vmmj	这么慢
vmmf	这么麻烦
vmmg	这么猛
vmnj	这么难
vmnl	丈母娘
vmnn	啄木鸟
vmph	这么胖
vmqn	这么巧
vmrf	掌门人
vmrw	正面人物
vmru	知名人士
vmtz	皱眉头
vmuo	这么说
vmuc	这么少
vmul	这么爽
vmvz	中美洲
vmvx	站没站相
vmvy	殖民主义
vmvl	追名逐利
vmwj	这么晚
vmxn	这么小
vmxl	这么想
vmxs	这么凶
vmyr	这么远
vmyj	致命一击
vmzc	这么早
vmzy	装模作样
vmvm	琢磨琢磨
vnac	智能ABC
vndn	指哪打哪
vndz	中年得子
vner	执牛耳
vnej	知难而进
vnet	知难而退
vneu	知难而上
vngk	只能怪
vnga	捉拿归案
vnhd	中南海
vnhh	乍暖还寒
vnjb	滞纳金
vnjj	终南捷径
vnll	正能量
vnnf	众怒难犯
vnqn	重男轻女
vnrf	中年人
vntz	这年头
vntr	智囊团
vnuo	只能说
vnui	之能事
vnvf	指南针
vnwx	转怒为喜
vnyx	转念一想
vnzi	猪脑子
vnzb	只能作罢
voan	桌案
vobu	桌布
vobm	桌边
vobi	着笔
vodc	捉到
vodv	捉对
vodi	桌底
vodm	桌垫
vogv	捉鬼
vois	捉虫
vojk	拙荆
vojm	捉奸
vojq	浊酒
vojt	卓绝
voli	着力
voll	酌量
volo	着落
volp	拙劣
volu	着陆
vomm	桌面
vomo	琢磨
vons	捉弄
vona	捉拿
voph	桌旁
voqq	桌球
voqi	浊气
voqk	酌情
vore	灼热
vorj	卓然
vose	着色
vots	灼痛
vouh	桌上
voui	着实
vouz	着手
vouc	灼烧
voug	擢升
vovs	着重
vovl	着装
vovo	灼灼
vovu	捉住
voxl	着想
voyz	桌游
voyb	浊音
voyi	桌椅
voyj	着眼
voyt	卓越
voyu	捉鱼
voyc	捉妖
vozi	桌子
vozo	拙作
vozw	捉贼
vozh	捉赃
vpgy	猪朋狗友
vprf	制片人
vpql	众叛亲离
vpuj	真凭实据
vpwy	只怕万一
vpwh	质朴无华
vpxu	中篇小说
vpyi	占便宜
vpyr	只怕有心人
vqbv	知其不可而为之
vqbb	知情不报
vqdg	沾亲带故
vqdf	只欠东风
vqdl	争权夺利
vqdy	争奇斗艳
vqfh	正前方
vqg	支气管
vqgh	瞻前顾后
vqgy	支气管炎
vqgr	至亲骨肉
vqgs	证券公司
vqgb	真情告白
vqhu	争强好胜
vqhy	整齐划一
vqil	酌情处理
vqij	重拳出击
vqjp	中秋节
vqju	中情局
vqjs	证券交易所
vqkl	中秋快乐
vqkh	争前恐后
vqld	站起来
vql	准确率
vqlv	正确率
vqll	真情流露
vqly	濯清涟而不妖
vqlr	正气凛然
vqmt	皱起眉头
vqmi	朝秦暮楚
vqpb	朝气蓬勃
vqqu	珍禽奇兽
vqrj	知其然
vqsr	知其所以然
vqsl	赵钱孙李
vquq	知情识趣
vqug	真情实感
vquy	真情实意
vqud	真枪实弹
vquz	中气十足
vqvq	争取争取
vqvy	重情重义
vqvx	至情至性
vqww	准确无误
vqwt	稚气未脱
vqx	准确性
vqxt	志趣相投
vqxk	周期性
vqyi	知其一
vqyu	终其一生
vqyp	只取一瓢
vqyy	只取一瓢饮
vqzu	装腔作势
vran	专案
vrbm	转变
vrbb	终日奔波
vrbj	专版
vrbo	转播
vrbx	真人不露相
vrcy	转存
vrcd	专才
vrcl	诸如此类
vrcm	众人侧目
vrdc	转到
vrda	转达
vrdi	专递
vrdm	赚点
vrdr	专断
vrds	转动
vrem	遮人耳目
vrer	转而
vrfa	转发
vrfh	专访
vrgc	转告
vrgs	专攻
vrgh	转岗
vrgj	专干
vrgo	转过
vrgr	专管
vrgv	专柜
vrgw	转给
vrh	转圜
vrhr	转换
vrhc	转好
vrhg	专横
vrhh	转行
vrhv	转回
vrhx	转化
vrie	专车
vrig	专程
vrih	专长
vrij	转产
vriu	转出
vrjx	专家
vrji	专辑
vrjm	专拣
vrjn	转交
vrjp	转接
vrjz	正人君子
vrjv	众人皆知
vrke	专科
vrkj	专刊
vrkk	砖块
vrkr	转款
vrkz	转口
vrkd	指日可待
vrle	赚了
vrld	转来
vrlg	转冷
vrli	专利
vrlj	专栏
vrlp	专列
vrlu	转录
vrlm	转脸
vrmf	专门
vrmd	专卖
vrma	转码
vrmw	专美
vrml	郑人买履
vrnm	转念
vrnr	转暖
vrpj	转盘
vrqm	赚钱
vrqk	专情
vrql	转强
vrqr	转圈
vrqu	赚取
vrrf	专人
vrrh	转让
vrrj	昭然若揭
vrro	转弱
vrru	转入
vrss	转送
vrsu	转速
vrsy	峥嵘岁月
vrti	专题
vrto	转托
vrtp	转帖
vrtz	砖头
vrtn	专挑
vrtd	转台
vrtu	重如泰山
vrua	专杀
vrue	专设
vruf	转身
vrug	众人拾柴火焰高
vrui	转世
vruj	专擅
vrur	知人善任
vruu	专属
vruy	转瞬
vruz	转手
vrve	转折
vrvf	逐日追风
vrvg	转正
vrvh	转账
vrvi	专职
vrvj	转战
vrvr	转转
vrvu	专注
vrvm	知人之明
vrvx	知人知面不知心
vrvz	转轴
vrvy	直人直语
vrwg	主人翁
vrwj	转弯
vrwa	砖瓦
vrwf	撰文
vrwl	助人为乐
vrww	置若罔闻
vrxb	专心
vrxk	转型
vrxl	转向
vrxm	专线
vrxp	撰写
vrxq	专修
vrxt	转学
vrxu	颛顼
vryc	砖窑
vryd	置人于死地
vrye	专业
vryi	转移
vryj	转眼
vryk	专营
vryr	专员
vrys	专用
vryy	转运
vryz	转悠
vrzz	转走
vrzu	转租
vrzg	转增
vrzd	转载
vrze	专责
vrzo	专做
vsai	钟爱
vsan	重案
vsbd	钟摆
vsbh	重磅
vsbk	重病
vsbn	钟表
vsbo	中波
vsbu	中部
vsby	至死不渝
vsbw	至死不悟
vsbb	至死不变
vscd	种菜
vscc	种草
vscg	中层
vsco	重挫
vsch	重仓
vscj	中餐
vsce	中策
vsda	重大
vsdg	中等
vsdh	中档
vsdi	种地
vsdj	重担
vsde	中德
vsdm	重点
vsdo	众多
vsdr	中断
vsds	中东
vsdu	中毒
vsdv	中队
vsdk	钟鼎
vsee	中俄
vsfh	中方
vsff	中分
vsfj	中饭
vsfu	重负
vsfa	中法
vsfg	中锋
vsfw	中非
vsfx	至死方休
vsgo	中国
vsgc	忠告
vsgs	中共
vsgv	终归
vsgu	钟鼓
vsgb	折损过半
vshc	中号
vshh	中行
vshj	中韩
vsho	重活
vshx	中华
vshv	终会
vshy	忠魂
vshz	忠厚
vsig	忠诚
vsiz	众筹
vsij	中产
vsif	忠臣
vsih	中场
vsil	重创
vsiy	仲春
vsjb	重金
vsji	中级
vsjl	中奖
vsjm	中间
vsjp	中介
vsjq	终究
vskf	中肯
vsks	中控
vskc	中考
vskj	中看
vskk	肿块
vskv	钟馗
vslc	终老
vslv	致死率
vsli	中立
vsll	重量
vsln	终了
vslp	忠烈
vslq	肿瘤
vsls	张三李四
vslu	中路
vslw	种类
vslz	钟楼
vsmw	中美
vsma	种马
vsmh	指桑骂槐
vsmj	蛛丝马迹
vsms	朝三暮四
vsmx	朝思暮想
vsnm	中年
vsnu	众怒
vsnq	种牛
vsou	中欧
vspd	中排
vspj	中盘
vspm	中篇
vsqi	中期
vsqk	钟情
vsql	中枪
vsqm	中签
vsqq	中秋
vsqu	中区
vsqr	重拳
vsqy	重色轻友
vsrf	众人
vsri	中日
vsrd	诸色人等
vstu	中途
vstk	中听
vsth	中堂
vstm	种田
vsto	重托
vsts	肿痛
vstz	钟头
vsuf	终身
vsug	终生
vsuh	重伤
vsui	重视
vsuj	中山
vsuu	中暑
vsuv	重水
vsvc	中招
vsvh	肿胀
vsvg	重症
vsvf	忠贞
vsvi	终止
vsvr	中转
vsvs	种种
vsvu	种猪
vsve	重者
vsvv	众所周知
vswd	中外
vswf	中文
vswu	中午
vsww	中卫
vsxb	重心
vsxn	忠孝
vsxp	中邪
vsxi	中西
vsxk	中性
vsxm	中线
vsxt	中学
vsxu	终须
vsxx	种下
vsxy	中旬
vsy	之所以
vsyc	重要
vsye	中叶
vsyh	中央
vsyt	中越
vsya	中亚
vsyz	中游
vsyi	中医
vsyj	忠言
vsyk	中英
vsyr	中原
vsys	重用
vsyu	终于
vsyb	重音
vsyx	昼思夜想
vsze	重则
vszi	种子
vszv	重罪
vszu	种族
vtaj	珠胎暗结
vtbj	涨停板
vtbr	遮天蔽日
vtbn	招投标
vtdh	志同道合
vtdd	震天动地
vtdz	竹筒倒豆子
vtfu	指天发誓
vtgr	转托管
vtgd	遮天盖地
vtgv	债台高筑
vthd	指天画地
vtie	直通车
vtlj	状态栏
vtlu	这条路
vtme	真特么
vtml	指条明路
vtrz	猪头肉
vtrh	政通人和
vtrq	长他人志气
vtrf	长他人志气，灭自己威风
vttk	直挺挺
vtum	獐头鼠目
vtur	指天誓日
vtvt	折腾折腾
vtxi	重头戏
vtxn	针头线脑
vtxu	侦探小说
vtzi	猪蹄子
vugh	驻港
vub	正式版
vubc	珠宝
vubi	主笔
vubj	主办
vubk	驻兵
vubm	主编
vubo	主播
vubu	逐步
vuby	诸事不宜
vubg	只守不攻
vuce	注册
vuch	贮藏
vuci	主次
vucy	贮存
vucs	主从
vucd	煮菜
vuda	主打
vudc	主导
vudi	驻地
vudk	注定
vudn	主调
vudl	知书达理
vudm	住店
vudo	诸多
vuds	主动
vudu	猪肚
vudw	壮士断腕
vudq	纸上得来终觉浅
vudr	只是当时已惘然
vudz	煮熟的鸭子
vuej	逐水而居
vufa	竹筏
vufg	珠峰
vufh	住房
vufj	煮饭
vufu	祝福
vufw	煮沸
vufy	众说纷纭
vufz	知识分子
vuge	诸葛
vugj	猪肝
vugl	烛光
vugr	主管
vugu	主顾
vugo	住过
vugs	助攻
vugy	竹棍
vugz	猪狗
vuhd	珠海
vuhe	祝贺
vuhh	逐行
vuhs	朱红
vuhj	指手画脚
vuho	烛火
vuhu	住户
vuhx	驻华
vuhy	主婚
vuhz	诸侯
vuic	筑巢
vuig	主城
vuih	主场
vuii	主持
vuij	助产
vuia	煮茶
vuil	装傻充愣
vuiq	知识产权
vuis	蛀虫
vuiu	住处
vuiy	朱唇
vuji	主机
vujj	直抒己见
vujk	驻京
vujl	珠江
vujm	逐渐
vujp	注解
vujq	铸就
vujr	猪圈
vujt	主角
vuju	转瞬即逝
vujx	住家
vujy	驻军
vujn	猪脚
vujh	只是近黄昏
vujz	转身就走
vuks	主控
vukc	主考
vukz	住口
vukk	竹筷
vukl	竹筐
vukr	炙手可热
vulb	竹林
vuln	主料
vulz	主楼
vulc	筑牢
vuli	助理
vulj	竹篮
vulm	株连
vulo	猪猡
vulq	主流
vulu	逐鹿
vulw	烛泪
vulh	逐浪
vult	转世灵童
vuld	掌声雷动
vumk	注明
vumg	筑梦
vumc	猪毛
vumf	朱门
vumj	注满
vumm	柱面
vumu	瞩目
vumz	主谋
vump	诛灭
vums	朝生暮死
vunc	猪脑
vung	装神弄鬼
vunm	逐年
vupb	主频
vupc	助跑
vupd	猪排
vupi	猪皮
vupu	主仆
vupa	猪扒
vuqm	竹签
vuqr	主权
vuqt	朱雀
vuqv	置身其中
vuqd	舟山群岛
vurf	主任
vuri	逐日
vurj	助燃
vuru	注入
vurz	猪肉
vurl	掌声如雷
vurx	震慑人心
vurc	正是如此
vurr	志士仁人
vusd	粥少僧多
vusi	蛛丝
vuso	住所
vusr	珠算
vusu	住宿
vusy	竹笋
vutd	烛台
vuti	主题
vutv	主推
vutn	逐条
vuto	嘱托
vutp	铸铁
vuts	竹筒
vutj	竹炭
vutz	猪头
vuty	肇事逃逸
vutb	纸上谈兵
vuue	注射
vuui	注视
vuuk	主帅
vuuu	煮熟
vuuw	置身事外
vuux	诸事顺心
vuuj	中枢神经
vuuz	助手
vuua	朱砂
vuug	壮士十年归
vuus	诸事顺遂
vuva	驻扎
vuvd	住宅
vuvl	柱状
vuvx	主抓
vuvt	只手遮天
vuvj	转瞬之间
vuvf	助阵
vuvh	主张
vuvi	住址
vuvm	至善至美
vuvs	注重
vuvz	株洲
vuwd	驻外
vuwg	这山望着那山高
vuwo	主卧
vuww	诸位
vuwf	猪瘟
vux	真实性
vuxx	住下
vuxb	猪心
vuxt	助学
vuxi	主席
vuxk	助兴
vuxl	逐项
vuxm	主线
vuxn	注销
vuxq	主修
vuxr	主选
vuxy	直抒胸臆
vuxv	真实写照
vuya	蛀牙
vuyb	注音
vuyc	主要
vuye	主页
vuyi	注意
vuyj	主演
vuyx	直上云霄
vuyf	壮士一去兮不复返
vuyk	主营
vuyr	住院
vuyu	主语
vuyz	猪油
vuzc	铸造
vuzd	主宰
vuzi	柱子
vuzl	植树造林
vuzo	著作
vuzu	驻足
vuzv	住嘴
vudx	中山大学
vuyh	招商银行
vvbw	正准备
vvbx	争执不下
vvbb	皱皱巴巴
vvba	惴惴不安
vvbe	忠贞不二
vvbl	置之不理
vvbu	追捕
vvby	忠贞不渝
vvbk	追兵
vvbp	只赚不赔
vvdm	转折点
vvdh	执政党
vvda	追打
vvdc	追悼
vvdd	指指点点
vvdf	整装待发
vvdi	坠地
vvdw	置之度外
vvfc	辗转反侧
vvfg	追风
vvgc	追高
vvgj	追赶
vvgt	转折关头
vvhd	坠海
vvhv	追回
vvhx	政治化
vvhh	咋咋呼呼
vvia	追查
vvif	整装出发
vviy	支柱产业
vvih	追偿
vvii	众志成城
vviv	茁壮成长
vvjh	谆谆教诲
vvjd	谆谆教导
vvjz	照照镜子
vvji	追击
vvjj	真真假假
vvjl	召之即来
vvjn	追缴
vvjq	追究
vvjv	智者见智
vvjx	追加
vvju	追剧
vvjr	直至今日
vvjw	政治局常委
vvkr	追款
vvlo	坠落
vvld	追来
vvly	壮志凌云
vvlz	坠楼
vvlu	智者乐水
vvmg	追梦
vvma	坠马
vvmk	追命
vvmt	皱着眉头
vvmm	朝朝暮暮
vvmu	占着茅坑不拉屎
vvnh	置之脑后
vvnm	辗转难眠
vvpg	追捧
vvpm	战争片
vvqq	追求
vvqu	郑重其事
vvqy	只知其一
vvqe	只知其一不知其二
vvql	智者千虑
vvrf	追认
vvru	坠入
vvrz	赘肉
vvrx	直指人心
vvsd	置之死地
vvsi	追思
vvso	追索
vvsu	追溯
vvsv	追随
vvtc	追讨
vvtv	政治体制
vvti	锥体
vvtg	铮铮铁骨
vvui	这种事
vvua	追杀
vvuh	追上
vvuz	追授
vvuu	扎扎实实
vvud	追涨杀跌
vvul	涨知识了
vvut	站着说话不嫌腰疼
vvvu	追逐
vvve	追着
vvvh	追涨
vvvj	真知灼见
vvvd	追债
vvvv	重中之重
vvvx	只争朝夕
vvww	追尾
vvwf	追问
vvwi	壮志未酬
vvwn	助纣为虐
vvws	正直无私
vvwh	坠亡
vvwv	知之为知之
vvxm	中轴线
vvxk	追星
vvxy	追寻
vvxs	追凶
vvxh	正中下怀
vvxj	政治学家
vvy	睁只眼闭只眼
vvyu	专注于
vvyc	振振有词
vvyi	追忆
vvya	坠崖
vvyj	睁着眼睛
vvyr	只重衣衫不重人
vvyy	遮遮掩掩
vvyd	政治运动
vvyh	睁着眼睛说瞎话
vvyx	置之一笑
vvzs	追踪
vvze	追责
vvzh	追赃
vvzi	坠子
vvzx	沾沾自喜
vvzv	浊者自浊
vwbj	中文版
vwbf	这本
vwbh	这帮
vwbc	这包
vwba	这把
vwbu	战无不胜
vwby	知无不言
vwci	这次
vwcr	珠围翠绕
vwdm	这点
vwww	这位
vwwj	这晚
vwdj	这单
vwdx	中文大学
vwdc	爪哇岛
vwdy	朝闻道，夕死可矣
vwfu	这副
vwfh	这方
vwfq	治外法权
vwge	这个
vwgr	这关
vwgo	这锅
vwhc	中午好
vwhv	这回
vwhh	这行
vwih	这场
vwiu	这出
vwjx	这家
vwju	这句
vwjp	这届
vwjm	这件
vwji	这季
vwjg	站稳脚跟
vwjy	占为己有
vwkk	这块
vwkr	这款
vwlp	这列
vwlw	这类
vwll	这辆
vwly	这轮
vwlv	张王李赵
vwmk	这名
vwmw	这枚
vwmm	这面
vwmj	转弯抹角
vwmb	真伪莫辨
vwnm	这年
vwnb	真伪难辨
vwpi	这批
vwpm	这篇
vwpj	这盘
vwpk	这瓶
vwqi	这期
vwqy	这群
vwqc	支吾其词
vwrf	这人
vwso	这所
vwsz	这艘
vwsg	众望所归
vwtm	这天
vwtn	这条
vwtc	这套
vwti	这题
vwtz	这头
vwui	这时
vwul	这双
vwuf	这身
vwvs	这种
vwvh	这张
vwvi	这只
vwvc	这招
vwvb	追亡逐北
vwvw	周吴郑王
vwwa	转危为安
vwxx	这下
vwxp	这些
vwxl	这项
vwxs	朝闻夕死
vwxw	植物纤维
vwyi	这玩意
vwyt	这月
vwyr	植物园
vwzo	这座
vwzu	这组
vwzy	这尊
vxbj	中小板
vxbu	抓捕
vxbw	重心不稳
vxby	壮心不已
vxbq	忠孝不能两全
vxbl	正邪不两立
vxcg	锥心刺骨
vxdc	抓到
vxdu	抓赌
vxdb	真相大白
vxdd	周旋到底
vxdw	珍稀动物
vxfj	正相反
vxge	这些个
vxgr	照相馆
vxgy	众星拱月
vxgg	忠心耿耿
vxgu	主心骨
vxgo	轴心国
vxgm	中小规模
vxgd	中小股东
vxhx	这些话
vxhb	中西合璧
vxhc	抓好
vxhf	抓痕
vxho	抓获
vxhy	知行合一
vxiy	真心诚意
vxji	照相机
vxjb	抓紧
vxjx	哲学家
vxjt	忠孝节悌
vxjq	抓阄
vxjl	直线距离
vxjr	秩序井然
vxjy	忠孝节义
vxju	抓举
vxkl	抓狂
vxkh	争先恐后
vxli	执行力
vxle	抓了
vxlv	主旋律
vxlq	忠孝两全
vxmv	珍馐美馔
vxnm	这些年
vxnc	抓挠
vxnl	这些年来
vxnf	抓心挠肺
vxng	抓心挠肝
vxnu	招贤纳士
vxnp	招降纳叛
vxpd	抓拍
vxpy	众星捧月
vxq	中心区
vxqi	抓起
vxqu	抓取
vxqy	中小企业
vxr	这些人
vxrf	抓人
vxrs	抓绒
vxrz	这些日子
vxrh	宅心仁厚
vxsx	中心思想
vxtm	这些天
vxtu	抓图
vxug	中学生
vxuz	抓手
vxuu	直线上升
vxui	直辖市
vxuy	真心实意
vxun	重信守诺
vxvu	抓住
vxve	抓着
vxvx	抓抓
vxvt	锥心之痛
vxvy	真心真意
vxvv	专心致志
vxvh	只许州官放火
vxvd	只许州官放火，不许百姓点灯
vxxx	抓瞎
vxxi	朝夕相处
vxxb	朝夕相伴
vxyu	只限于
vxyc	抓药
vxyh	抓痒
vxyj	众星云集
vxyx	只羡鸳鸯不羡仙
vxz	这下子
vxzi	爪子
vxzw	抓贼
vybu	这一步
vybk	职业病
vybc	准保
vybh	直言不讳
vybw	准备
vybd	桌椅板凳
vyci	这一次
vycy	正有此意
vycu	职业操守
vydm	准点
vydq	中原地区
vydt	中央电视台
vydh	这样的话
vydg	周瑜打黄盖
vydx	这样都行
vydl	争妍斗丽
vydd	职业道德
vyer	扎伊尔
vyfa	障眼法
vyge	找一个
vygu	招摇过市
vygt	中央广播电台
vyh	这一回
vyhv	准会
vyhx	准话
vyhu	专业户
vyig	准成
vyim	斩妖除魔
vyix	卓有成效
vyii	止于唇齿
vyjm	转眼间
vyjk	照妖镜
vyjd	状元及第
vyjn	专业技能
vyjq	中央集权
vykk	这一块
vykl	这样看来
vyli	注意力
vylv	占有率
vylr	正义凛然
vyls	正言厉色
vyly	专业领域
vymu	这一幕
vymc	专有名词
vymy	朝云暮雨
vymb	仗义每多屠狗辈
vyn	这一年
vyng	准能
vyne	忠言逆耳
vynd	真有你的
vyny	这样那样
vynm	知音难觅
vynx	知音难寻
vynq	知音难求
vypy	只言片语
vyqr	转一圈
vyqk	竹叶青
vyqt	准确
vyqj	中央情报局
vyru	准入
vyrc	专业人才
vyrf	中央人民政府
vyrt	中央人民广播电台
vysr	这也算
vysy	职业素养
vysm	庄严肃穆
vysd	置于死地
vytm	这一天
vytc	这一套
vytu	重于泰山
vytz	准头
vyu	主要是
vyug	吱一声
vyui	准时
vyuu	准数
vyul	这样说来
vyuq	智勇双全
vyuc	仗义疏财
vyuh	睁眼说瞎话
vyuv	只缘身在此山中
vyuy	专业术语
vyux	注意事项
vyv	志愿者
vyvi	长一智
vyvh	朱元璋
vyvj	迍邅
vyvd	中庸之道
vyve	知遇之恩
vyvp	招摇撞骗
vyvu	忠于职守
vyvy	仗义执言
vywf	中英文
vywv	张牙舞爪
vyww	正因为
vywi	只因未到伤心处
vywn	质疑问难
vyx	重要性
vyxx	睁眼瞎
vyxq	这样下去
vyxb	准信
vyxk	准星
vyxn	知易行难
vyxu	准许
vyyz	准有
vyyg	只有一个
vyyc	只有一次
vyyl	这样一来
vyyx	这样也行
vyyr	珠圆玉润
vyyu	准予
vyyy	睁一眼闭一眼
vyzi	这样子
vyze	准则
vyzz	准奏
vyzb	长幼尊卑
vyyh	中央银行
vzbm	周边
vzbc	周报
vzbd	志在必得
vzbt	只字不提
vzbu	肘部
vzbq	驻足不前
vzbw	照做不误
vzbs	拙嘴笨腮
vzbj	诸子百家
vzcy	重在参与
vzdc	周到
vzdx	众醉独醒
vzer	周二
vzgr	州官
vzgs	周公
vzgy	志在高远
vzhx	栀子花
vzhv	周会
vzie	舟车
vzig	轴承
vzih	周长
vzic	周朝
vzil	知足常乐
vzji	洲际
vzju	轴距
vzjm	纸醉金迷
vzjl	骤降
vzkj	周刊
vzlq	周六
vzli	妯娌
vzma	咒骂
vzmf	知子莫若父
vzmi	周密
vzmo	周末
vzmw	皱眉
vznm	周年
vzpy	只字片语
vzqi	周期
vzql	志在千里
vzqu	撞在枪口上
vzqr	周全
vzri	周日
vzrj	骤然
vzrh	招灾惹祸
vzsf	志在四方
vzsi	周四
vzsj	周三
vzsv	周岁
vztm	周天
vztk	骤停
vzuf	周身
vzuj	舟山
vzve	皱褶
vzvg	周正
vzvi	周知
vzvh	州长
vzvj	逐字逐句
vzvl	执子之手，与子偕老
vzvr	周转
vzvz	捉贼捉赃
vzww	周围
vzwf	皱纹
vzwh	纣王
vzwu	周五
vzwt	只字未提
vzxb	轴心
vzxl	周详
vzxm	周线
vzxr	周旋
vzxi	折子戏
vzxe	止增笑耳
vzye	昼夜
vzyi	周一
vzyu	咒语
vzyz	周游
vzzc	周遭
vzzg	骤增
vzzi	肘子
w	我
wwrl	位
ww	为
wwa	未
wd	外
wjw	玩
wja	万
wuw	务
wfw	文
wf	问
wwh	委
wun	物
wu	无
wua	五
wj	完
wh	王
whwx	忘
whw	望
wfm	闻
whi	往
wws	维
wfh	稳
wuav	武
wwv	卫
wwkw	围
whk	网
wjo	晚
wjd	湾
wupg	午
wfd	温
wwz	违
wuk	吴
wup	舞
wwx	威
www	玮
wwwn	威
wwad	威
wwr	伟
wur	伍
wwd	危
wwk	味
wwi	微
wud	污
wo	我
waa	瓦
wupa	乌
wwzr	遗
wuy	误
whwv	亡
wwkf	唯
wwy	谓
wuyx	恶
wuu	屋
who	旺
wwrw	伪
wa	挖
wwux	慰
whd	汪
wwu	尾
wwum	尾
wob	窝
wwhg	魏
wuo	晤
wju	碗
wan	娃
wje	顽
wwal	韦
wux	悟
wod	沃
wg	翁
woi	卧
wjf	挽
wfs	纹
wuyl	雾
wjwg	弯
wwt	胃
wjcy	蔓
wwj	帷
wwkn	喂
wuc	芜
wjp	丸
wdb	歪
wdp	歪
wwe	巍
wwcn	萎
wjc	莞
wwcc	蔚
wjb	皖
wwsw	纬
wjbv	宛
wum	梧
wwuc	尉
wof	握
wjn	婉
wad	洼
wap	袜
wfk	吻
wai	蛙
wjov	腕
wwdo	渭
wwxf	惟
wfi	蚊
wal	凹
wub	勿
wwc	薇
wwcw	苇
wug	巫
wwhw	炜
wurm	侮
whm	枉
whwn	妄
wfy	雯
wutw	坞
wodn	涡
wwty	圩
wfwx	紊
wuv	毋
wak	哇
wukw	呜
wwn	娓
wfb	瘟
wwyn	诿
wji	蜿
wjx	惋
wuj	钨
wou	斡
wuwe	邬
wjh	烷
wodt	渥
wuf	捂
wfdw	汶
wusn	鹜
woj	幄
wuae	兀
wus	婺
wgk	嗡
whx	惘
wgb	瓮
wunw	妩
wjwv	琬
woin	蜗
war	佤
wde	崴
wufd	於
wuad	戊
wugp	戊
wwmv	桅
whkw	罔
wjt	畹
wwrn	偎
wuan	鹉
wjav	豌
wok	喔
wwzn	逶
wor	倭
wann	娲
wwq	猥
wjbd	剜
wui	蜈
wukk	唔
wweg	隗
wwb	痿
wwqo	猬
wgc	蓊
wusm	骛
wjs	纨
wwdw	涠
wwo	韪
wurw	仵
wwhn	煨
woc	莴
wwvm	艉
wov	龌
whiw	辋
wuh	焐
wfwd	刎
wucw	芴
wjsk	绾
wwjw	帏
wwm	闱
wjoe	脘
woo	肟
whg	魍
wugw	庑
wjcv	菀
wunk	牾
wfp	璺
wfww	玟
wut	圬
wjcw	芄
wwao	鲔
wouw	硪
wuxw	忤
wgcf	蕹
wuz	迕
wubk	痦
wao	腽
wfmy	阌
wwdv	洈
wat	畖
wfhw	炆
wfmm	榅
wfmw	𫘜
wfim	辒
wfa	鳁
wgbn	鹟
whyw	尪
whuw	尪
whuv	尢
wjtg	塆
wjne	妧
wjnk	婠
wjmv	椀
woz	踒
wort	偓
wodv	涴
wue	屼
wudw	𣲘
wuow	旿
wuek	峿
wuwv	珷
wugn	鹀
wwyc	霨
wwfw	㧑
wwun	碨
wwcz	薳
wwac	鳚
wgjx	𬭩
wjdw	𬇕
wwav	𬶏
wwdr	𬱟
wwje	𬭬
wwow	𬀩
wop	我
wjap	万
wuwl	务
wuay	无
wuaa	五
wha	王
wfme	闻
whiv	往
wwsf	维
wwva	卫
whkx	网
wjdg	湾
wfdm	温
wwzw	违
wukt	吴
wupl	舞
wwiw	微
woft	握
waad	瓦
wwyo	谓
wuut	屋
whow	旺
wjwe	玩
whdw	汪
wobn	窝
wuok	晤
want	娃
wody	沃
wgbx	翁
woib	卧
wjfv	挽
wfsw	纹
wwjf	帷
wwdf	潍
wwen	崴
wdbv	歪
wdpv	歪
wjce	莞
wjbe	皖
wofz	挝
wjnv	婉
wadt	洼
wfkw	吻
wait	蛙
wfiw	蚊
wubp	勿
wfyw	雯
wuva	毋
wakt	哇
wjiv	蜿
wujw	钨
wouu	斡
wjhe	烷
wufk	捂
wojt	幄
wgkx	嗡
whxw	惘
wgbw	瓮
warw	佤
wden	崴
wjtv	畹
wokt	喔
worn	倭
wuit	蜈
wgcx	蓊
wjsw	纨
wocn	莴
wovt	龌
wuhk	焐
wook	肟
whgw	魍
wfpy	璺
waom	腽
watg	坬
wfam	鳁
wozn	踒
wuew	屼
wopd	我
what	王
wm	我们
wt	问题
wi	完成
wl	为了
wq	完全
wz	文字
wx	无线
wy	唯一
wr	微软
wc	为此
wn	无奈
wv	位置
wb	五笔
wk	唯恐
wp	网盘
ws	猥琐
we	玩儿
wabu	挖补
wadc	挖到
wadi	洼地
wads	挖洞
wadn	挖掉
waff	挖坟
wafh	瓦房
wagr	瓦罐
waiu	挖出
wajt	挖掘
wajp	瓦解
wakd	挖开
wakg	挖坑
waks	挖空
waku	挖苦
wakl	挖矿
wakc	哇靠
wala	哇啦
wali	瓦砾
wamw	挖煤
wani	我爱你
wapm	瓦片
waqm	挖潜
wasd	哇塞
wasi	瓦斯
wate	瓦特
waui	王安石
wawa	娃娃
ways	蛙泳
wazi	袜子
wazu	佤族
wazz	挖走
wbbc	喂不饱
wbbz	万变不离其宗
wbbu	万般不舍
wbbh	万般不好
wbcc	窝边草
wbdj	王八蛋
wbdt	文不对题
wbdy	万不得已
wbfr	我不犯人
wbgo	玩不过
wbgv	完璧归赵
wbgz	王八羔子
wbhx	五笔画
wbig	完不成
wbjp	万般皆下品
wbjd	文不加点
wbln	忘不了
wblu	微波炉
wbly	威逼利诱
wbll	万般留恋
wbqi	玩不起
wbql	卧冰求鲤
wbry	我不入地狱谁入地狱
wbui	无不是
wbuy	无病呻吟
wbvr	玩不转
wbvu	握不住
wbvl	微薄之力
wbvm	无本之木
wbw	玩不玩
wbwj	无边无际
wbwn	万般无奈
wbwz	无病无灾
wbwl	无不无聊
wbxv	未卜先知
wbyu	无补于事
wbzx	五笔字型
wbzd	微不足道
wbzi	卧病在床
wcbf	五彩缤纷
wcbl	五彩斑斓
wcfi	五彩纷呈
wctq	无从谈起
wcuq	稳操胜券
wcuj	唯才是举
wcvx	无从知晓
wcwd	无才无德
wcxz	无从选择
wcxu	无从下手
wczo	误操作
wdai	无大碍
wdbc	外包
wdbf	无毒不丈夫
wdbg	吾道不孤
wdbb	外宾
wdbd	尾大不掉
wdbi	外币
wdbm	外边
wdbn	外表
wdbu	外部
wdce	外侧
wdcd	外财
wdcg	外层
wdds	无底洞
wddd	外带
wddi	外地
wddn	外调
wddc	歪倒
wddy	围点打援
wddf	吴带当风
wder	外耳
wdfg	歪风
wdfh	外放
wdfu	外敷
wdgr	外观
wdgo	外国
wdgs	外公
wdgx	外挂
wdhv	外汇
wdhd	外海
wdhc	外号
wdhh	外行
wdhx	外化
wdhr	外环
wdhk	温得和克
wdiu	外出
wdih	外场
wdig	外城
wdii	弯道超车
wdir	外传
wdji	外籍
wdjk	外径
wdjm	外间
wdjn	外交
wdjp	外界
wdjq	五毒俱全
wdjx	外加
wdke	外科
wdkl	外框
wdkk	外快
wdku	外裤
wdl	完蛋了
wdlh	武大郎
wdld	外来
wdle	歪了
wdli	外力
wdlq	外流
wdlm	外链
wdlg	外冷
wdlt	王道乐土
wdlx	伟大领袖
wdlu	外露
wdly	维多利亚
wdmm	外面
wdmf	外门
wdma	外码
wdmc	外贸
wdmd	外卖
wdmw	外媒
wdmy	五斗米折腰
wdml	危地马拉
wdnq	舞刀弄枪
wdnb	舞刀弄棒
wdpo	外婆
wdpd	外派
wdpb	外聘
wdpj	外盘
wdql	外墙
wdqm	外迁
wdqr	外圈
wdqp	外切
wdqu	歪曲
wdqb	外勤
wdqi	外企
wdrf	外人
wdre	外热
wdsy	外孙
wdss	外送
wdsc	五大三粗
wdsi	挖地三尺
wdtc	外套
wdtj	外滩
wdtz	外头
wdtd	外胎
wdti	问答题
wdue	外设
wdug	外省
wduh	外伤
wdui	外事
wdub	无胆鼠辈
wduc	五短身材
wduj	武当山
wduz	无敌手
wdvz	五大洲
wdve	歪着
wdvc	外罩
wdvd	外债
wdvh	外长
wdvi	外置
wdvj	外展
wdvr	外传
wdvt	未定之天
wdvv	歪打正着
wdvy	问鼎中原
wdww	外围
wdwf	外文
wdwh	外网
wdwu	外物
wdwv	误打误撞
wdx	稳定性
wdxb	外心
wdxk	外形
wdxl	外向
wdxm	外线
wdxn	外销
wdxp	外泄
wdxu	外需
wdyu	外语
wdyb	外因
wdyh	外扬
wdyi	外衣
wdyj	外延
wdym	问道于盲
wdyo	无独有偶
wdyr	外援
wdys	外用
wdyv	无动于衷
wdyx	无敌于天下
wdyy	外运
wdzd	外在
wdzi	外资
wdzr	无地自容
wdzu	外族
wdzv	歪嘴
wede	万恶的
weqb	望而却步
webz	无恶不作
weyx	莞尔一笑
weyu	万恶淫为首
wefy	忘恩负义
wema	沃尔玛
wemz	王二麻子
wens	维尔纽斯
weuw	望而生畏
wevy	万恶之源
wewo	沃尔沃
wext	望而兴叹
wfan	文案
wfbc	温饱
wfbf	文本
wfbi	文笔
wfbj	违法必究
wfbd	纹风不动
wfbl	无风不起浪
wfbm	威风八面
wfbp	吻别
wfbr	为富不仁
wfbu	稳步
wfcd	文采
wfci	文辞
wfcv	文萃
wfcy	温存
wfda	问答
wfdc	问道
wfdd	温带
wfdh	文档
wfdk	稳定
wfdu	温度
wfdr	文段
wfed	闻风而动
wfeq	闻风而起
wfev	闻风而至
wfet	望风而逃
wffg	文风
wffz	违法犯罪
wfgo	问过
wfgc	文稿
wfge	文革
wfgr	文官
wfgu	稳固
wfgx	万分感谢
wfgz	万法归宗
wfgy	万法归一
wfhc	问号
wfhe	温和
wfho	文火
wfhx	文化
wfhz	问候
wfhf	吻痕
wfia	温差
wfil	温床
wfir	汶川
wfis	蚊虫
wfiu	问出
wfjm	文件
wfji	文集
wfjk	文静
wfjb	问津
wfjn	文教
wfjr	问卷
wfju	文具
wfjy	万分景仰
wfke	文科
wfks	温控
wfkx	无法可想
wfku	枉费口舌
wflr	紊乱
wfld	文莱
wfli	纹理
wflj	违法乱纪
wfll	威风凛凛
wflm	五福临门
wflu	纹路
wfmh	文盲
wfmi	文秘
wfmk	文明
wfmo	文墨
wfnr	温暖
wfna	稳拿
wfnj	问难
wfny	外方内圆
wfpk	文凭
wfpi	文痞
wfpm	望风披靡
wfqr	温泉
wfqi	问起
wfqk	温情
wfqd	无法确定
wfqj	无法企及
wfql	无风起浪
wfrz	温柔
wfre	温热
wfrr	温软
wfrf	文人
wfro	文弱
wfry	温润
wfsi	文思
wfsb	文房四宝
wfsd	闻风丧胆
wfsf	微服私访
wfti	问题
wftj	文坛
wftk	闻听
wfto	稳妥
wfty	温吞
wfuu	文书
wfuf	纹身
wfui	问世
wfuv	温水
wfuy	温顺
wfv	五分钟
wfvd	文摘
wfvh	文章
wfvi	文职
wfvj	问斩
wfvs	稳重
wfvf	问诊
wfvu	稳住
wfvz	温州
wfvy	万分之一
wfwf	问问
wfwj	温婉
wfwu	文物
wfwh	无法挽回
wfwt	无法无天
wfwg	违法违规
wfxx	问下
wfxb	温馨
wfxi	温习
wfxl	蚊香
wfxm	文献
wfxr	文选
wfxs	文胸
wfxt	文学
wfxy	问询
wfxj	枉费心机
wfxq	歪风邪气
wfxz	无法选择
wfxu	无福消受
wfya	文雅
wfyb	纹银
wfyj	闻言
wfyi	文艺
wfyu	文娱
wfyk	稳赢
wfyr	文员
wfyy	无法言喻
wfzi	文字
wfze	问责
wfzv	问罪
wfzo	稳坐
wfzb	无法自拔
wfzd	为非作歹
wfzy	无副作用
wgbf	五谷不分
wgbh	顽固不化
wgbl	无功不受禄
wgcd	蕹菜
wgda	乌干达
wgdi	王公大臣
wgdj	无关大局
wgdt	无关大体
wgdv	五官端正
wgex	温故而知新
wgef	无功而返
wget	无功而退
wgev	无果而终
wgfg	晚高峰
wgfd	五谷丰登
wgfp	无根浮萍
wggz	王公贵族
wghx	温哥华
wghu	无怪乎
wgig	瓮城
wgic	万古长存
wgiq	万古长青
wgji	乌骨鸡
wgjc	万贯家财
wgjq	为国捐躯
wgjy	无关紧要
wgj	无规矩不成方圆
wgke	五官科
wgle	玩够了
wglf	万古流芳
wglz	歪瓜裂枣
wglh	五谷轮回
wgli	万国来朝
wgmj	武功秘籍
wgnu	亡国奴
wgnr	外刚内柔
wgqv	位高权重
wgqq	万古千秋
wgrf	外国人
wgry	务工人员
wgty	无关痛痒
wguf	文过饰非
wgul	无功受禄
wgus	五光十色
wgvx	温故知新
wgvg	为国争光
wgvy	亡国之音
wgwg	嗡嗡
wgwx	外国文学
wgwm	为国为民
wgwd	乌龟王八蛋
wgxu	翁婿
wgyt	五个月
wgyv	物归原主
wgyq	无官一身轻
wgzi	五个字
wgzx	闻过则喜
wgzl	五谷杂粮
whjk	网警
whaz	呜呼哀哉
whba	网吧
whbf	忘本
whbm	五花八门
whbt	无话不谈
whbu	无话不说
whbd	维和部队
whbw	往北
whci	忘词
whcl	卧虎藏龙
whdb	五花大绑
whdc	王道
whdm	网点
whdn	忘掉
whds	往东
whdz	网兜
whdr	网段
whdd	网贷
wher	王二
whf	未婚夫
whfa	王法
whfg	望风
whfj	往返
whfu	王府
whfw	王妃
whge	网格
whgl	忘光
whgo	王国
whgr	网管
whgs	王宫
whgu	亡故
whgz	网购
whgy	无后顾之忧
whhz	往后
whhk	忘怀
whhv	往回
whhy	亡魂
whhs	网红
whic	王朝
whig	妄称
whih	往常
whis	网虫
whiu	王储
whib	外汇储备
whid	文化程度
whji	忘记
whjm	望见
whju	网剧
whjp	往届
whjx	王侯将相
whjh	王侯将相宁有种乎
whka	网卡
whks	网孔
whke	网课
whku	无话可说
whkn	外行看热闹
whle	忘了
whlo	网络
whld	往来
whlk	亡灵
whlm	网恋
whln	网聊
whlu	网路
whmb	网民
whmi	网迷
whmk	网名
whmd	文火慢炖
whnm	往年
whnj	往南
whpj	网盘
whpd	王牌
whpu	旺铺
whq	未婚妻
whqm	往前
whqi	往期
whqq	网球
whqr	王权
whqt	忘却
whqu	望去
whqk	忘情
whqw	微乎其微
whqy	万壑千岩
whrz	五花肉
whri	往日
whrj	枉然
whsu	网速
whsh	五湖四海
whsy	忘乎所以
wht	万花筒
whtb	物华天宝
whtj	网坛
whts	网通
whtu	妄图
whug	旺盛
whuh	网上
whui	往事
whvj	网站
whve	望着
whvi	网址
whva	王炸
whvu	玩忽职守
whvv	乌合之众
whvl	万壑争流
whwd	往外
whwh	往往
whwf	网文
whwo	忘我
whww	王位
whws	完好无损
whwy	晚婚晚育
whxi	往西
whxl	妄想
whxm	网线
whxn	网校
whxx	往下
whxk	忘形
whxy	未婚先孕
whyz	往右
whyb	网银
whye	网页
whyh	汪洋
whyi	网易
whyj	网眼
whyt	望月
whyu	妄语
whyf	为害一方
whzi	王子
whzo	往左
whzu	望族
whzf	玩火自焚
whdx	武汉大学
wiau	无处安身
wiaz	龌龊腌臜
wibz	无处不在
wibk	未尝不可
wibq	卧床不起
wicu	无处藏身
wid	胃肠道
widc	无处躲藏
widx	无处遁形
wien	吴承恩
wigz	无肠公子
wijj	无产阶级
wikq	无处可去
wikt	无处可逃
wikx	无处可寻
wile	完成了
wima	无重码
wimj	望尘莫及
winm	未成年
winr	未成年人
winv	外弛内张
wiqy	无出其右
wiru	无处容身
wisv	物超所值
wiqu	望穿秋水
wive	无产者
wivt	无耻之徒
wivy	无耻之尤
wiwd	问长问短
wiyp	维持原判
wjan	晚安
wjbb	晚节不保
wjbc	晚报
wjbf	物极必反
wjbi	完毕
wjbj	晚班
wjbw	晚辈
wjbx	瓦解冰消
wjci	婉辞
wjcj	晚餐
wjcl	外交辞令
wjcx	万箭攒心
wjdc	弯道
wjdp	碗碟
wjdi	碗底
wjdj	完蛋
wjdm	晚点
wjdr	万端
wjdu	弯度
wjdy	万吨
wjdz	豌豆
wjdd	万代
wjdl	五角大楼
wjdh	万家灯火
wjer	莞尔
wjee	万恶
wjev	无疾而终
wjfa	玩法
wjff	万分
wjfg	晚风
wjfj	晚饭
wjfu	万福
wjgo	玩过
wjgu	顽固
wjgc	完稿
wjge	挽歌
wjgr	万贯
wjgs	完工
wjgv	碗柜
wjgt	危急关头
wjhc	完好
wjho	玩火
wjhv	晚会
wjhy	晚婚
wjhu	万户
wjig	完成
wjiu	玩出
wjih	晚场
wjiy	晚春
wjis	万重
wjix	万箭穿心
wjii	危机重重
wjic	妄加揣测
wjj	文件夹
wjjb	万金
wjji	顽疾
wjjk	晚景
wjjm	晚间
wjjp	完结
wjjq	挽救
wjju	玩具
wjjx	玩家
wjkh	顽抗
wjke	晚课
wjkg	无家可归
wjki	无机可乘
wjkk	碗筷
wjku	纨绔
wjkx	无迹可寻
wjkz	碗口
wjle	完了
wjli	万里
wjlm	挽联
wjlp	顽劣
wjlq	挽留
wjlu	弯路
wjll	万两
wjln	外焦里嫩
wjm	文件名
wjmb	万民
wjmi	万米
wjmj	完满
wjmk	玩命
wjmw	完美
wjng	万能
wjnj	万难
wjnm	万年
wjns	玩弄
wjou	玩偶
wjpi	顽皮
wjpn	玩票
wjpd	玩牌
wjqr	完全
wjqi	晚期
wjql	顽强
wjqq	晚秋
wjqm	万千
wjqu	弯曲
wjqw	闻鸡起舞
wjqy	物尽其用
wjrf	万人
wjri	位极人臣
wjrj	宛然
wjro	宛若
wjru	宛如
wjrv	我敬人一丈
wjsf	危机四伏
wjsv	万岁
wjsu	五局三胜
wjts	顽童
wjtz	弯头
wjuh	晚上
wjuv	晚睡
wjui	完事
wjuj	完善
wjug	完胜
wjul	晚霜
wjuu	晚熟
wjux	玩耍
wjuz	万寿
wjuy	未尽事宜
wjuk	危急时刻
wjus	吾将上下而求索
wjuf	万家生佛
wjvg	完整
wjvh	万丈
wjve	挽着
wjvb	无价之宝
wjvj	刎颈之交
wjvr	婉转
wjvs	万众
wjvt	无稽之谈
wjvu	挽住
wjvz	妄加指责
wjwj	玩玩
wjwu	万物
wjww	玩味
wjxi	惋惜
wjxk	万幸
wjxn	玩笑
wjxx	晚霞
wjxp	晚些
wjxl	万象
wjyi	万一
wjyc	弯腰
wjyj	晚宴
wjyl	我见犹怜
wjyr	万元
wjyt	婉约
wjyx	未经允许
wjyu	无济于事
wjym	问计于民
wjz	伪君子
wjzi	丸子
wkbr	无孔不入
wkbb	无可辩驳
wkbn	无可比拟
wkbm	无可避免
wkbj	唯恐避之不及
wkdk	胃口大开
wkfg	无可奉告
wkfr	无可否认
wkfy	无可非议
wkhf	无可厚非
wkhy	无可讳言
wkjy	无可救药
wkkj	无可抗拒
wklj	乌克兰
wkld	挽狂澜于既倒
wkmv	无可名状
wknh	无可奈何
wknq	无可奈何花落去
wkqd	无可取代
wkpd	无可匹敌
wkqx	未可全抛一片心
wktd	无可替代
wktl	唯恐天下不乱
wktt	无可挑剔
wkuu	外科手术
wkvy	无可争议
wkvh	无可置喙
wkvv	无可指摘
wkvb	无可争辩
wkvz	无可指责
wkwh	无可挽回
wkwk	无可无不可
wkxk	五颗星
wkxl	无可限量
wkxs	挖空心思
wkyh	胃溃疡
wkym	网开一面
wkyu	无愧于
wkyx	无愧于心
wkyv	无可言状
wkzd	纨绔子弟
wlba	忘了吧
wlbz	为老不尊
wlbt	乌兰巴托
wlcx	无理寸步难行
wlch	万绿丛中一点红
wldm	五六点
wldv	五六点钟
wldz	窝里斗
wlfj	窝里反
wlgv	乌拉圭
wlgy	五六个月
wlgu	武林高手
wlgj	温良恭俭
wlgr	五六个人
wlhx	网络化
wlht	无力回天
wlhd	五雷轰顶
wlha	蔚蓝海岸
wlhj	外来和尚好念经
wlia	乌龙茶
wlii	万里长城
wljj	万籁俱寂
wljr	无脸见人
wljf	无理搅三分
wlkr	往来款
wlkh	雾里看花
wlkt	无路可退
wlkz	无路可走
wlkq	未来可期
wlma	无理码
wlmq	乌鲁木齐
wlnm	五六年
wlnr	外冷内热
wlpy	屋漏偏逢连夜雨
wlqq	乌龙球
wlqk	万里晴空
wlqn	无理取闹
wlqm	位列前茅
wlqs	万缕千丝
wlqu	五劳七伤
wlrh	无论如何
wlrk	外来人口
wlsv	五六岁
wlsl	无聊死了
wltm	玩两天
wltz	无厘头
wlta	瓦莱塔
wlty	万里挑一
wltd	无聊透顶
wltt	万里迢迢
wlu	无论是
wlui	五六十
wlus	五六十岁
wlut	唯利是图
wlud	网络时代
wlvd	无立锥之地
wlvy	万里之遥
wlwf	问了问
wlwh	物联网
wlwu	王老五
wlwl	哇凉哇凉
wlwv	五里雾中
wlwy	万里无云
wlwd	往来无白丁
wlxg	物离乡贵
wlxu	未老先衰
wlxb	位列仙班
wlxj	物理学家
wlye	五粮液
wlyf	五六月份
wlyx	玩了一下
wmbv	萎靡不振
wmbm	闻名不如见面
wmbt	万马奔腾
wmfu	五马分尸
wmho	无名火
wmhx	污名化
wmih	为民除害
wmiz	蛙鸣蝉噪
wmjl	物美价廉
wmlm	文明礼貌
wmmg	雾蒙蒙
wmnn	王母娘娘
wmqm	为民请命
wmqj	万马千军
wmqv	寤寐求之
wmqy	万马齐喑
wmdr	妩媚动人
wmsd	五迷三道
wmtu	亡命徒
wmty	亡命天涯
wmui	无名氏
wmuc	唯命是从
wmut	唯命是听
wmuh	文明社会
wmv	无名指
wmvb	无名之辈
wmvy	完美主义
wmvi	无米之炊
wmvk	望梅止渴
wmvr	万木争荣
wmvt	亡命之徒
wmvw	无冕之王
wmwf	问没问
wmwj	完没完
wmwx	惟妙惟肖
wmwq	完美无缺
wmwg	玩没玩过
wmxd	歪门邪道
wmxb	无名小辈
wmxe	闻名遐迩
wmxz	无名小卒
wmyx	无名英雄
wmyu	闻名于世
wnat	瓦努阿图
wndm	问牛答马
wnfw	窝囊废
wnif	望女成凤
wnjm	万能键
wnji	五年级
wnjh	万念俱灰
wnjf	五内俱焚
wnjn	忘年交
wnle	玩腻了
wnli	万年历
wnms	未能免俗
wnqi	窝囊气
wnqx	畏难情绪
wnri	温暖如春
wnry	吴侬软语
wnrf	五内如焚
wnrl	委内瑞拉
wnsi	威尼斯
wnsy	为你所用
wnuo	毋宁说
wnuw	唯你是问
wnvx	无奈之下
wnvj	忘年之交
wnvb	无能之辈
wnvu	污泥浊水
wnwl	无能为力
wnyv	玩弄于股掌之中
wnyj	玩弄于股掌之间
wobk	卧病
wobm	窝边
wobw	我辈
wobp	握别
woch	窝藏
wocc	卧槽
wodi	卧底
wodc	卧倒
wodm	窝点
wofh	卧房
wogo	我国
wogv	卧轨
wogs	窝工
woho	窝火
woil	卧床
woio	龌龊
wojb	握紧
woju	蜗居
wokz	倭寇
wolx	我俩
wols	卧龙
woli	窝里
woly	涡轮
wolq	涡流
womf	我们
wonh	窝囊
wonq	蜗牛
wopu	卧铺
wopg	窝棚
woqr	握拳
woqi	窝气
wosy	莴笋
wotz	窝头
wota	卧榻
wotu	沃土
woue	卧射
woui	卧室
wouz	握手
wove	握着
wovu	握住
woxb	窝心
woxr	斡旋
wozi	卧姿
wozh	窝赃
wply	威迫利诱
wpmg	王婆卖瓜
wpwj	无凭无据
wqby	无奇不有
wqbu	无巧不成书
wqbt	完全不同
wqbz	乌七八糟
wqgw	无权过问
wqjn	挖墙脚
wqmm	温情脉脉
wqmh	乌漆嘛黑
wqqq	委曲求全
wqsk	为情所困
wqsy	忘其所以
wqtx	无期徒刑
wqtt	雾气腾腾
wqvc	万全之策
wqvj	万全之计
wqvg	外强中干
wqwg	无牵无挂
wqwj	无穷无尽
wqwu	无权无势
wqwy	无情无义
wqxi	五禽戏
wqxk	文曲星
wqxb	望其项背
wrbh	无肉不欢
wrbd	巍然不动
wrbi	剜肉补疮
wrdh	温柔敦厚
wrfm	为人父母
wrgw	无人过问
wriu	为人处世
wrif	蔚然成风
wrji	无人机
wrju	无人驾驶
wrjl	味如嚼蜡
wrkx	万人空巷
wrll	危如累卵
wrlc	无人理睬
wrmi	万人迷
wrmw	为人民服务
wrmk	文人墨客
wrnd	无人能敌
wrng	外柔内刚
wrnj	无人能及
wrpu	稳如磐石
wrqt	误入歧途
wrqr	文如其人
wrry	温润如玉
wrru	惘然若失
wrsx	吾日三省
wrsi	为人所不齿
wrsu	吾日三省吾身
wrtu	稳如泰山
wrub	为人师表
wruh	无人生还
wruv	为人熟知
wrux	为人说项
wrvx	无人知晓
wrvu	万人之上
wrvv	为人正直
wrwj	无人问津
wrwy	往日无怨
wrxq	文人相轻
wryr	污染源
wryu	文人雅士
wryl	巍然屹立
wrzd	误人子弟
wrzj	为人作嫁
wrzy	为人作嫁衣
wsbn	无所不能
wsbv	无所不知
wsbx	无所不晓
wsbd	纹丝不动
wsbw	无所不为
wsbb	无所不包
wsbc	万死不辞
wsbj	无所不用其极
wsbl	五色斑斓
wsbq	畏缩不前
wsbt	无所不通
wsby	无所不有
wsbz	无所不在
wsdx	无所遁形
wsfx	无私奉献
wsgj	无所顾忌
wsgz	王孙公子
wsjd	无所忌惮
wsln	外酥里嫩
wsld	往死里打
wsme	为什么
wsnv	外孙女
wsqy	文思泉涌
wsqq	万岁千秋
wsry	文思如泉涌
wsuu	无所事事
wsuc	无所适从
wsw	无所谓
wswl	无所谓了
wsws	物色物色
wswj	无所畏惧
wsww	闻所未闻
wsyw	为所欲为
wsyu	万死一生
wsyx	无所用心
wsyb	无所依傍
wsyy	我所欲也
wszw	无所作为
wtbh	乌托邦
wtbd	问题不大
wtcd	万头攒动
wtcy	无头苍蝇
wtfm	无痛分娩
wtgu	勿谈国事
wthx	渥太华
wtjm	无条件
wtjl	味同嚼蜡
wtmk	维他命
wtrf	委托人
wtry	为他人作嫁衣
wtru	为他人作嫁衣裳
wtrx	为他人着想
wttd	五体投地
wtui	问题是
wtuu	委托书
wtuj	五台山
wtvu	卧榻之上
wtvc	卧榻之侧
wtwl	文韬武略
wtxl	文天祥
wtxx	为天下先
wtzp	无土栽培
wuai	无碍
wubb	五十步笑百步
wubc	误报
wubd	五百
wubg	玩世不恭
wubi	务必
wubj	舞伴
wubm	无边
wubu	舞步
wubr	万事不求人
wubw	为时不晚
wucd	五彩
wuci	五次
wucg	五层
wucj	午餐
wuco	无措
wucs	无从
wuda	武打
wudc	舞蹈
wudh	武当
wudi	无敌
wudg	雾灯
wudk	屋顶
wudm	五点
wudr	无端
wuds	舞动
wudu	无毒
wudy	无伤大雅
wudz	武斗
wudj	万事大吉
wufa	无法
wufg	无缝
wufh	无妨
wufj	午饭
wufu	武夫
wufw	无非
wuff	五分
wugo	无果
wugc	诬告
wuge	五个
wugr	无关
wugs	武功
wugu	无辜
wugv	乌龟
wugz	污垢
wugk	无怪
wuhc	晚上好
wuhd	无害
wuhf	无痕
wuhj	武汉
wuho	无货
wuhu	芜湖
wuhv	误会
wuhw	乌黑
wuhx	无话
wuhz	午后
wuht	万事亨通
wuhh	五行
wuhy	武魂
wuia	误差
wuig	五成
wuih	无偿
wuii	无耻
wuij	物产
wuir	误传
wuis	无重
wuiu	误触
wujb	无尽
wujf	万事俱备，只欠东风
wuji	无极
wujk	武警
wujl	武将
wujm	物件
wujn	午觉
wujp	误解
wujr	为山九仞
wuju	舞剧
wujx	物价
wuke	无可
wukl	无框
wuks	悟空
wukz	无事可做
wukg	无事可干
wukn	万事开头难
wukv	无愧
wuly	无论
wule	误了
wulb	武林
wuld	无赖
wulf	万世流芳
wuli	物理
wull	无量
wuln	无聊
wulq	物流
wuls	乌龙
wulv	无虑
wula	乌拉
wulz	五十六个民族
wume	为什么
wuma	无码
wumd	雾霾
wumc	乌纱帽
wumk	无名
wumm	无眠
wump	污蔑
wumw	妩媚
wund	无奈
wung	无能
wunc	无脑
wuni	污泥
wunv	舞女
wunl	舞娘
wunm	五年
wuns	务农
wupb	物品
wupj	误判
wupo	巫婆
wupm	望山跑死马
wuqs	无穷
wuqi	武器
wuqk	无情
wuql	物伤其类
wuqm	五千
wuqq	务求
wuqr	无权
wuqt	无缺
wuqu	误区
wurc	勿扰
wuri	五日
wurf	物是人非
wurj	污染
wuru	侮辱
wury	万事如意
wuse	物色
wusi	无私
wuso	无所
wusj	雾散
wusu	维生素
wusv	五岁
wusy	无损
wusg	武僧
wuss	雾凇
wusk	午时三刻
wutd	舞台
wuti	物体
wutk	舞厅
wutm	五天
wuth	无糖
wuts	梧桐
wutt	五世同堂
wuua	乌纱
wuue	唯手熟尔
wuub	万世师表
wuuy	万事顺意
wuuf	无神
wuug	无声
wuuh	误伤
wuui	无视
wuuj	误删
wuul	无双
wuuu	无数
wuuv	污水
wuuz	为时尚早
wuus	万事顺遂
wuve	五折
wuvf	误诊
wuvg	无证
wuvi	物质
wuvl	武装
wuvo	污浊
wuvs	物种
wuvu	无助
wuvz	梧州
wuvw	万兽之王
wuvm	五十知天命
wuvd	为数众多
wuwd	屋外
wuwh	勿忘
wuwj	五万
wuwo	无我
wuwu	无误
wuww	无谓
wuwk	无时无刻
wuwx	无声无息
wuwq	瓮声瓮气
wuwy	为时晚矣
wuxb	无心
wuxi	无锡
wuxk	无形
wuxm	无限
wuxn	无效
wuxl	五香
wuxp	无邪
wuxq	午休
wuxt	武学
wuxu	无须
wuxx	武侠
wuxy	温室效应
wuxd	无事献殷勤，非奸即盗
wuya	乌鸦
wuyc	勿要
wuye	物业
wuyi	无意
wuyy	乌云
wuyz	无忧
wuyj	屋檐
wuyr	无缘
wuys	无用
wuyt	五月
wuyu	无语
wuyb	无垠
wuyw	为时已晚
wuyh	握手言和
wuyq	无事一身轻
wuzh	五脏
wuzi	屋子
wuzo	无座
wuzt	无师自通
wuzv	无罪
wuzw	乌贼
wvai	无障碍
wvgu	尾椎骨
wvgm	万丈光芒
wvgl	王者归来
wvgj	顽瘴痼疾
wvgq	万丈高楼平地起
wvbb	文质彬彬
wvcm	为之侧目
wvdj	围追堵截
wvdr	为之动容
wvfu	万嘱咐
wvfi	误中副车
wvfd	为之奋斗
wvfy	无政府主义
wvhx	无纸化
wvhf	稳准狠
wvhi	万丈红尘
wvjk	无止境
wvjy	无照经营
wvju	无证驾驶
wvji	物质基础
wvkf	未置可否
wvkx	无章可循
wvmt	吾之蜜糖
wvpu	吾之砒霜
wvqj	稳中求进
wvqy	物种起源
wvqd	万众期待
wvqu	文章千古事
wvsb	闻之色变
wvuy	无中生有
wvuh	物质生活
wvvz	文绉绉
wvvb	瓮中捉鳖
wvvd	文绉绉的
wvvm	万众瞩目
wvvw	无知者无畏
wvwn	问这问那
wvwq	完整无缺
wvwl	无遮无拦
wvwj	无知无觉
wvwm	物质文明
wvwd	稳扎稳打
wvwg	文治武功
wvwy	万中无一
wvwv	玩着玩着
wvxk	完整性
wvxx	万丈雄心
wvxh	稳中向好
wvy	无助于
wvys	恶之欲其死
wvyu	稳中有升
wvyv	为之一振
wvyx	万众一心
wvyn	我中有你
wvyq	无债一身轻
wvzj	闻者足戒
wwfu	未付
wwhs	微红
wwhc	尾号
wwai	胃癌
wwan	未按
wwba	尾巴
wwbf	为本
wwbi	未必
wwbc	喂饱
wwbk	胃病
wwbl	无往不利
wwbo	微薄
wwbq	威武不屈
wwbu	尾部
wwbv	无微不至
wwbw	违背
wwbn	万万不能
wwbg	文武百官
wwcg	未曾
wwci	为此
wwcm	微微蹙眉
wwcq	微微蹙起
wwda	伟大
wwdc	味道
wwdg	尾灯
wwdk	未定
wwdd	稳稳当当
wwdl	娓娓道来
wwde	武无第二
wwdn	微雕
wwdt	娓娓动听
wwdu	唯独
wwdy	委顿
wwdz	唯我独尊
wwdx	未完待续
wwee	巍峨
wwet	娓娓而谈
wwev	无为而治
wwey	温文尔雅
wwer	维吾尔
wwez	维吾尔族
wwel	无往而不利
wwfa	违法
wwfg	威风
wwfh	潍坊
wwfj	违反
wwfs	万物复苏
wwgv	违规
wwgc	位高
wwgu	尾骨
wwge	伟哥
wwgj	桅杆
wwgl	微光
wwgo	未果
wwgr	围观
wwgs	围攻
wwhd	危害
wwhe	为何
wwho	尾货
wwhr	为患
wwhu	维护
wwhy	未婚
wwic	伪钞
wwig	围城
wwih	未尝
wwii	维持
wwil	微创
wwix	勿忘初心
wwjb	围巾
wwji	危机
wwjj	文文静静
wwjk	未经
wwjm	未见
wwjn	围剿
wwjp	未接
wwjq	五味俱全
wwjt	味觉
wwju	畏惧
wwjv	围魏救赵
wwjx	为佳
wwjy	伪军
wwjl	万物皆有灵
wwkd	未开
wwke	未可
wwkh	违抗
wwkr	尾款
wwks	唯恐
wwky	围困
wwkz	胃口
wwl	玩完了
wwlm	娃娃脸
wwlc	慰劳
wwld	未来
wwle	为了
wwli	威力
wwla	微辣
wwlj	蔚蓝
wwlk	违令
wwll	微量
wwlp	伪劣
wwls	围拢
wwlz	危楼
wwlu	围炉
wwlw	味蕾
wwmb	为民
wwmg	威猛
wwmi	萎靡
wwmj	未满
wwmk	威名
wwmm	未免
wwmn	微妙
wwmo	微末
wwmu	帷幕
wwmw	唯美
wwmd	万万没想到
wwnd	喂奶
wwng	未能
wwnj	为难
wwni	违逆
wwnl	伪娘
wwnm	舞文弄墨
wwnn	唯唯诺诺
wwou	围殴
wwpj	尾盘
wwpd	委派
wwpw	委培
wwph	微胖
wwqi	为期
wwql	围墙
wwqp	畏怯
wwqq	完完全全
wwqr	维权
wwqu	委屈
wwqy	围裙
wwqc	文武全才
wwqn	兀兀穷年
wwrc	围绕
wwrf	为人
wwrj	蔚然
wwro	微弱
wwrs	为荣
wwre	微热
wwrv	葳蕤
wwrr	弯弯绕绕
wwso	萎缩
wwss	畏畏缩缩
wwsr	胃酸
wwsv	尾随
wwsy	为我所用
wwtn	微调
wwto	委托
wwts	胃痛
wwtg	胃疼
wwtu	位图
wwtk	违停
wwtz	窝窝头
wwtt	稳稳妥妥
wwua	为啥
wwuu	尾数
wwue	威慑
wwuf	委身
wwug	卫生
wwui	卫视
wwuj	伪善
wwuq	文武双全
wwuy	望文生义
wwuz	为首
wwup	为万世开太平
wwve	围着
wwvf	威震
wwvg	蔚为壮观
wwvh	违章
wwvi	为止
wwvl	伪装
wwvs	为重
wwvu	为主
wwvv	尾椎
wwvy	为准
wwvz	无妄之灾
wwvd	文武之道
wwwf	慰问
wwww	微微
wwwh	威望
wwwj	委婉
wwwo	帷幄
wwwq	望闻问切
wwwu	威武
wwxb	威信
wwxi	维系
wwxk	卫星
wwxl	未向
wwxm	危险
wwxn	微笑
wwxp	威胁
wwxq	维修
wwxy	微醺
wwxs	为兄
wwxx	歪歪斜斜
wwxu	温婉贤淑
wwya	威压
wwye	伟业
wwyh	喂养
wwyi	唯一
wwyj	威严
wwyr	委员
wwyt	违约
wwyu	位于
wwyx	微微一笑
wwyz	唯有
wwyb	尾音
wwyv	微微一怔
wwyl	万物有灵
wwzc	伪造
wwzi	位子
wwzu	维族
wwzv	畏罪
wwzy	为尊
wwzx	嗡嗡作响
wwzj	勿忘在莒
wxam	吴下阿蒙
wxbf	戊戌变法
wxch	妄下雌黄
wxdm	无线电
wxdy	无需多言
wxdu	无需多说
wxdv	无形当中
wxfu	无暇分身
wxgx	万象更新
wxgy	闻弦歌而知雅意
wxgj	无暇顾及
wxhq	五星红旗
wxiv	胃下垂
wxid	卧薪尝胆
wxiy	无心插柳柳成荫
wxji	五星级
wxjx	文学家
wxjg	无暇兼顾
wxkj	无懈可击
wxki	无隙可乘
wxly	威胁利诱
wxlv	无心恋战
wxnb	蜗行牛步
wxpu	五线谱
wxpm	武侠片
wxqi	危险期
wxsd	威信扫地
wxtm	温馨甜蜜
wxvs	无形中
wxvi	无休止
wxvu	无心之失
wxvg	无心之过
wxvy	唯心主义
wxvv	无形之中
wxwh	无线网
wxwy	无形无影
wxwk	问心无愧
wxws	我行我素
wxwv	无休无止
wxwb	无喜无悲
wxxk	危险性
wxxu	武侠小说
wxzi	无形资产
wxrf	外星人
wxyk	问心有愧
wxyj	五险一金
wybu	晚一步
wybq	五音不全
wybl	亡羊补牢
wybv	无一不知
wydm	晚一点
wydh	汪洋大海
wydy	微言大义
wydg	唯有读书高
wyev	勿以恶小而为之
wyff	五月份
wyfj	无以复加
wyfx	文艺复兴
wygs	无用功
wygq	武艺高强
wygt	我有过墙梯
wyhy	污言秽语
wyhl	物欲横流
wyim	未雨绸缪
wyiq	我欲乘风归去
wyjm	无意间
wyjb	违约金
wyjk	望远镜
wykj	无药可救
wykt	五羊开泰
wyli	无压力
wylb	无与伦比
wylj	物以类聚
wyld	万应灵丹
wyls	五颜六色
wylw	无一例外
wymb	乌云密布
wymh	午夜梦回
wymv	无以名状
wyna	维也纳
wyny	无语凝噎
wynf	外圆内方
wyqv	蜿蜒曲折
wyqy	万语千言
wyql	沃野千里
wyry	无业人员
wyst	危言耸听
wysv	物有所值
wytb	弯腰驼背
wyuj	武夷山
wyui	无疑是
wyuf	午夜时分
wyuw	勿以善小而不为
wyvs	无意中
wyvr	委以重任
wyvb	五洋捉鳖
wyve	闻一知二
wyvq	乌烟瘴气
wyvu	无源之水
wyvv	无意之中
wyvy	毋庸置疑
wyvl	无以至千里
wywf	文言文
wywq	无欲无求
wywb	无以为报
wywy	乌泱乌泱
wywd	无用武之地
wywg	无缘无故
wywh	无怨无悔
wywi	无冤无仇
wywj	无以为继
wywk	无依无靠
wywl	无忧无虑
wywz	无影无踪
wywx	无影无形
wyxx	问一下
wyxi	玩游戏
wyxg	物以稀为贵
wyxj	婉言谢绝
wyxm	无一幸免
wyxt	望洋兴叹
wyxc	为伊消得人憔悴
wyyu	无异于
wyyh	乌泱泱
wyyc	唯一一次
wyyg	唯一一个
wyyd	无言以对
wyyi	望眼欲穿
wyyj	我意已决
wyyb	无以言表
wyyl	万有引力
wyym	无业游民
wyzv	乌鸦嘴
wyzg	无欲则刚
wyzd	文以载道
wzbk	乌兹别克
wzbz	乌孜别克族
wzbt	乌兹别克斯坦
wzdx	危在旦夕
wzdk	五子登科
wzdt	稳坐钓鱼台
wzfu	外祖父
wzfb	妄自菲薄
wzfz	王子犯法与庶民同罪
wzil	望子成龙
wzic	妄自揣测
wzjq	五脏俱全
wzjm	无则加勉
wzli	屋子里
wzlf	五脏六腑
wzmu	外祖母
wzqi	五子棋
wzqh	万紫千红
wzqt	畏罪潜逃
wzqv	无足轻重
wzqy	外资企业
wztm	武则天
wztd	无罪推定
wztu	无字天书
wzxi	晚自习
wzyx	文字游戏
wzzd	妄自尊大
wzzu	畏罪自杀
x	小
xkx	性
xkkt	型
xk	行
xb	新
xt	学
xmw	现
xx	下
xbd	心
xlp	向
xp	些
xi	系
xia	西
xlg	项
xm	先
xlm	相
xbr	信
xmq	县
xkk	形
xnw	效
xl	想
xnj	销
xlv	乡
xpu	协
xu	需
xnd	消
xr	选
xkxb	兴
xuy	许
xms	线
xus	续
xyy	讯
xld	象
xig	席
xme	限
xiz	息
xnm	校
xup	须
xlk	响
xlh	香
xrb	宣
xmo	显
xq	修
xix	希
xmea	险
xiv	习
xko	星
xpb	写
xle	降
xyyi	训
xmu	献
xlr	像
xik	吸
xqh	秀
xug	序
xiu	喜
xma	鲜
xis	细
xrjd	券
xpp	血
xtp	血
xyz	迅
xxa	夏
xpy	谢
xsx	凶
xsu	雄
xui	徐
xpm	械
xim	析
xqr	休
xye	寻
xno	晓
xn	笑
xty	雪
xiy	戏
xlw	享
xxe	峡
xkkd	刑
xlvo	箱
xxiw	厦
xyyo	询
xid	洗
xipx	悉
xbl	辛
xlpy	祥
xpg	鞋
xkt	幸
xkn	姓
xuc	蓄
xuw	畜
xyi	循
xmb	宪
xbjr	欣
xij	锡
xky	醒
xuh	虚
xxik	辖
xuky	吁
xidd	溪
xmsq	纤
xrf	旋
xyb	旬
xmej	陷
xmm	闲
xixo	惜
xnx	肖
xih	稀
xyzv	巡
xil	袭
xml	贤
xsk	兄
xs	熊
xuso	绪
xip	夕
xxy	霞
xldo	湘
xbcj	薪
xpob	胁
xpr	斜
xly	详
xmr	仙
xpf	携
xso	胸
xpx	懈
xur	叙
xmi	衔
xioj	晰
xrq	悬
xic	昔
xydu	汛
xnl	孝
xnc	萧
xnxd	削
xinx	牺
xidx	汐
xpfd	契
xlmn	橡
xlc	巷
xqp	袖
xpw	卸
xppe	卸
xmf	掀
xyk	勋
xkke	邢
xmx	咸
xmwk	咸
xmad	咸
xqs	绣
xlyx	翔
xioo	腊
xtc	薛
xxi	虾
xnds	潇
xpd	泄
xuj	旭
xkm	杏
xikh	熙
xlwy	襄
xmn	嫌
xxq	狭
xli	厢
xsb	匈
xyzx	逊
xbu	馨
xri	轩
xtb	穴
xpye	邪
xxk	吓
xqm	朽
xmy	羡
xpo	歇
xbjj	鑫
xqj	锈
xmg	弦
xbc	芯
xin	媳
xyp	熏
xxr	侠
xlj	镶
xxoy	暇
xmou	腺
ximx	栖
xnu	硝
xrk	喧
xbj	锌
xnb	宵
xxz	遐
xrw	玄
xio	膝
xqy	羞
xpdy	泻
xie	隙
xrs	绚
xyio	徇
xsd	汹
xnk	啸
xux	恤
xiun	犀
xydw	浚
xpuo	屑
xut	墟
xnkk	嚣
xum	栩
xunx	絮
xbxj	忻
xuty	圩
xizd	蹊
xib	兮
xxo	瞎
xyd	殉
xpfj	挟
xmbm	痫
xmv	舷
xrd	渲
xbcu	莘
xym	驯
xmuj	馅
xiod	曦
xph	燮
xrwr	璇
xpmc	榭
xipk	禧
xndo	淆
xicx	茜
xkou	腥
xmye	酰
xun	婿
xpi	蝎
xidy	玺
xbo	昕
xnkz	哮
xnvw	筱
xrh	炫
xtg	靴
xtx	削
xuwa	戌
xua	戌
xya	鲟
xuv	胥
xxkj	匣
xnz	逍
xuk	嘘
xudw	浒
xrc	萱
xii	徙
xpfr	撷
xuo	煦
xiyd	羲
xije	铣
xmj	铣
xidj	淅
xrby	癣
xprb	偕
xqk	嗅
xqb	宿
xrdr	漩
xikk	嘻
xro	眩
xuyk	酗
xbx	衅
xkq	猩
xku	省
xyc	薰
xxw	瑕
xlx	飨
xqe	岫
xroa	暄
xqd	溴
xqz	臭
xiuh	熹
xmd	冼
xyco	荀
xydc	浔
xkxg	悻
xkcu	荥
xmdz	涎
xmzf	暹
xmme	籼
xnv	箫
xiix	蟋
xqg	庥
xrha	煊
xrj	铉
xuyx	诩
xydo	洵
xixe	郗
xmjr	锨
xmce	苋
xnp	枭
xpwy	亵
xikj	唏
xke	陉
xyeo	峋
xlu	饷
xuoy	盱
xlso	缃
xpmd	楔
xpur	颉
xlmy	骧
xucb	蓿
ximb	皙
xieh	隰
xpsr	缬
xqu	馐
xblr	歆
xxh	黠
xmz	跹
xmk	见
xlcx	芗
xyt	埙
ximn	樨
xys	巽
xtk	噱
xpa	鲑
xpdj	瀣
xmc	藓
xta	鳕
xybe	郇
xud	溆
xiij	蜥
xrm	楦
xyxo	恂
xplx	勰
ximw	檄
xsc	芎
xxu	硖
xxf	罅
xxv	叚
xrdy	泫
xycc	荨
xir	翕
xime	阋
xtf	踅
xybo	窨
xmmn	鹇
xlja	鲞
xivx	舾
xiur	屣
xxqj	狎
xnkw	哓
xns	绡
xqkm	咻
xudx	洫
xmqe	氙
xni	蛸
xuwr	顼
xycu	蕈
xne	崤
xbp	囟
xby	䜣
xkup	饧
xige	觋
xmca	莶
xmyw	霰
xpc	薤
xqa	髹
xyo	曛
xirk	僖
xiym	醯
xijd	鼷
xmze	跣
xnmv	枵
xkf	擤
xukl	勖
xuol	勖
xru	碹
xipw	裼
xiuq	饩
xmqa	猃
xps	绁
xpgn	廨
xpq	獬
xkud	硎
xkc	荇
xqrn	鸺
xqv	貅
xumo	糈
xyq	獯
xicr	蓰
xmp	祆
xlco	葙
xng	魈
xpzy	躞
xpk	叶
xuf	砉
xrr	儇
xikt	咥
xrka	咺
xrry	伭
xrwy	玹
xroy	昡
xbh	炘
xbrx	伈
xidh	潟
xibe	郤
xiou	肸
xibx	窸
xism	枲
xisk	绤
xiwx	𠅤
xird	傒
ximd	𫘬
xieb	嶍
xiev	嶲
xiok	暿
xiwl	釐
xiab	鳛
xieg	巇
xihd	爔
xidk	觿
xkjd	铏
xkhu	煋
xlwk	珦
xmfc	挦
xmry	伭
xmxr	忺
xmqx	狝
xmwy	玹
xmoe	𪾢
xmyk	𫍯
xmpu	禒
xmoh	㬎
xmnj	孅
xnkn	鸮
xndx	洨
xnxx	恔
xnjj	虓
xndz	涍
xnqj	猇
xnyy	𫍲
xnxw	敩
xnbb	皛
xnis	蟏
xprd	偰
xpfx	絜
xprt	㙦
xpcn	薢
xqw	琇
xqdo	滫
xqro	脩
xqwo	珛
xrwa	瑄
xrx	愃
xry	𫍽
xrp	禤
xrmy	𫠊
xrii	衒
xrjo	𫓶
xror	暶
xrsx	翾
xsdw	夐
xsy	讻
xtcb	茓
xtxe	峃
xtxw	敩
xupn	媭
xugv	魆
xuok	昫
xuwx	珝
xutl	垿
xuyo	谞
xuse	𦈡
xyw	珣
xymo	栒
xykb	噀
xysh	𫄸
xyh	𬊈
xiak	𬶮
xlsy	𬙋
xmbn	𬸣
xyee	𬩽
xywc	𬍤
xkii	行
xblj	新
xtxz	学
xmwe	现
xxab	下
xnld	小
xlpk	向
xiaa	西
xmne	先
xbrk	信
xmqs	县
xkkp	形
xlmx	想
xnjo	销
xlvp	乡
xpub	协
xuye	需
xuyw	许
xusd	续
xyyu	讯
xldn	象
xmeg	限
xizx	息
xnmx	校
xmoy	显
xqrp	修
xixj	希
xivd	习
xpby	写
xlel	降
xmuq	献
xlrn	像
xqhn	秀
xugl	序
xmay	鲜
xist	细
xxaw	夏
ximj	析
xqrm	休
xyec	寻
xnow	晓
xnvy	笑
xiyg	戏
xlwz	享
xxej	峡
xpgt	鞋
xktg	幸
xuct	蓄
xmbe	宪
xijw	锡
xrfr	旋
xnxo	肖
xily	袭
xmlr	贤
xske	兄
xss	熊
xpfn	携
xsok	胸
xury	叙
xrqx	悬
xico	昔
xqpy	袖
xpwe	卸
xmfr	掀
xykl	勋
xqsn	绣
xtcu	薛
xxix	虾
xujo	旭
xmnn	嫌
xlio	厢
xtbb	穴
xxkx	吓
xqmv	朽
xpor	歇
xmgy	弦
xbcx	芯
xyph	熏
xljy	镶
xnbo	宵
xxzy	遐
xiex	隙
xrso	绚
xsdk	汹
xumx	栩
xibv	兮
xxok	瞎
xnyo	霄
xrda	渲
xphy	燮
xpiv	蝎
xboj	昕
xrhy	炫
xtgb	靴
xuad	戌
xyac	鲟
xuvo	胥
xrca	萱
xiir	徙
xuoh	煦
xmje	铣
xqkq	嗅
xqbb	宿
xkuo	省
xych	薰
xxwy	瑕
xqey	岫
xqdq	溴
xqzq	臭
xqgm	庥
xrjy	铉
xkeg	陉
xluk	饷
xpzn	邂
xmke	见
xytr	埙
xysb	巽
xpat	鲑
xtae	鳕
xudy	溆
xrma	楦
xscg	芎
xtfr	踅
xnio	蛸
xneo	崤
xbpx	囟
xpcj	薤
xqam	髹
xyoh	曛
xkfl	擤
xrua	碹
xpqn	獬
xqvm	貅
xyqh	獯
xmpt	祆
xpku	叶
xqwn	琇
xrxa	愃
xrpx	禤
xywo	珣
xssh	熊
xpv	𬹼
xz	现在
xy	需要
xw	希望
xh	喜欢
xa	西安
xd	相当
xg	习惯
xf	相反
xj	现金
xv	下周
xc	下次
xo	西欧
xe	险恶
xajh	笑傲江湖
xajd	西安交大
xajx	西安交通大学
xald	心安理得
xawu	相安无事
xaxu	相爱相杀
xbai	心爱
xban	心安
xbbj	新版
xbbk	心病
xbbm	新编
xbbu	信步
xbbo	香饽饽
xbba	凶巴巴
xbbh	象拔蚌
xbbf	下半部分
xbbz	下半辈子
xbci	新词
xbda	心大
xbdb	想不到吧
xbdc	想不到
xbdd	信贷
xbde	心得
xbdg	行不得也哥哥
xbdi	心底
xbdm	新店
xbds	心动
xbdv	喧宾夺主
xbf	西北风
xbfg	信封
xbfh	新房
xbfj	心烦
xbfu	信服
xbfw	心肺
xbfa	心法
xbgo	信不过
xbgc	新高
xbge	新歌
xbgj	心肝
xbgg	心梗
xbgm	行不更名
xbgu	新股
xbgv	新贵
xbgx	行不更名，坐不改姓
xbgr	𫷷
xbhv	学不会
xbhc	信号
xbhf	心狠
xbhj	心寒
xbhl	心慌
xbhk	心怀
xbhr	新欢
xbhw	心黑
xbhx	新华
xbhy	新婚
xbi	下半场
xbic	新潮
xbid	信差
xbie	新车
xbih	心肠
xbis	新宠
xbiu	新出
xbiy	新春
xbiz	薪酬
xbil	想不出来
xbiv	下笔成章
xbji	心机
xbjp	心结
xbjk	心境
xbjl	新疆
xbjb	新进
xbjm	新建
xbjq	新旧
xbju	新居
xbjy	小本经营
xbkd	想不开
xbke	星巴克
xbkj	心坎
xbkr	新款
xbku	辛苦
xbkz	心口
xblm	小白脸
xbla	辛辣
xblw	心累
xblg	心冷
xblv	心率
xblc	辛劳
xbld	信赖
xblh	新郎
xbli	心里
xblk	心灵
xbll	心凉
xblt	下不来台
xblu	心路
xbly	西伯利亚
xble	下班了
xbmu	心目
xbmo	心魔
xbmd	心脉
xbmb	想不明白
xbn	下半年
xbnl	新娘
xbnm	新年
xbnw	心内
xbpb	新品
xbpd	新派
xbpm	芯片
xbq	想不起
xbqb	辛勤
xbqi	新奇
xbqk	心情
xbql	想不起来
xbqp	心切
xbqu	新区
xbqn	心窍
xbqy	下笔千言
xbrf	信任
xbrj	欣然
xbre	心热
xbrm	幸不辱命
xbrr	心软
xbru	下笔如有神
xbrv	新锐
xbsi	心思
xbsr	心酸
xbsv	心碎
xbso	心锁
xbsj	小瘪三
xbt	想不通
xbtd	心态
xbtg	心疼
xbtm	新添
xbtn	心跳
xbto	信托
xbtp	新帖
xbts	心痛
xbtu	信徒
xbty	信笔涂鸦
xbtz	心头
xbuf	心神
xbuj	心善
xbue	新设
xbug	新生
xbuh	欣赏
xbui	心事
xbuu	新书
xbuo	心说
xbuv	薪水
xbuy	小本生意
xbuz	新手
xbv	闲不住
xbva	信札
xbvc	新招
xbvg	新政
xbvi	心智
xbvl	新装
xbvs	心中
xbvu	新著
xbvh	新张
xbvx	相比之下
xbvd	选边站队
xbwf	新闻
xbwl	下不为例
xbwo	心窝
xbwu	信物
xbww	欣慰
xbwg	血本无归
xbxb	信心
xbxi	信息
xbxg	习不习惯
xbxk	新型
xbxl	心想
xbxm	新鲜
xbxq	新秀
xbxs	心胸
xbxt	心血
xbxu	心虚
xbxh	喜不喜欢
xbxy	需不需要
xbxn	信不信由你
xbya	西班牙
xbyc	新药
xbyh	信仰
xbyi	心意
xbyj	心眼
xbyk	新颖
xbyr	心愿
xbys	信用
xbyt	新月
xbyu	信誉
xbyv	邪不压正
xbyy	瑕不掩瑜
xbye	下半夜
xbz	下辈子
xbzg	新增
xbzh	心脏
xbzi	薪资
xbzo	新作
xbzu	喜不自胜
xbzj	喜不自禁
xbzv	心醉
xbzy	心不在焉
xcba	下次吧
xcbm	秀才不出门
xcbf	小葱拌豆腐
xcdl	雄才大略
xcgj	心存感激
xchl	喜从何来
xcle	写错了
xcjm	下次见
xcjx	心存侥幸
xcjd	心存芥蒂
xcjw	心存敬畏
xcmk	小聪明
xcmr	心慈面软
xctj	喜从天降
xcur	心慈手软
xcun	心存善念
xcuy	心存善意
xcwl	雄才伟略
xcxb	瞎操心
xcyl	心存疑虑
xcyd	小菜一碟
xcyb	秀才遇到兵
xcyq	秀才遇到兵，有理说不清
xczi	秀才造反，三年不成
xdbc	相当不错
xdbx	想都别想
xdbj	细大不捐
xddi	小弟弟
xddh	响当当
xddg	吸顶灯
xdda	羞答答
xddy	笑掉大牙
xddl	相对独立
xdey	相对而言
xdez	席地而坐
xdfh	小地方
xdgo	信得过
xdgz	喜得贵子
xdhl	闲得慌
xdhx	现代化
xdiu	想当初
xdif	下得厨房
xdj	洗涤剂
xdji	小肚鸡肠
xdjl	心胆俱裂
xdju	凶多吉少
xdjm	兄弟姐妹
xdjx	下定决心
xdkd	想得开
xdkn	相当困难
xdkg	相当可观
xdl	想多了
xdle	学到了
xdlc	学到老
xdli	新德里
xdlq	下大力气
xdlu	相对来说
xdmw	想得美
xdmm	斜对面
xdmf	相当麻烦
xdmu	闲的没事
xdnm	想当年
xdnh	虚度年华
xdnn	想到哪说到哪
xdrj	想当然
xdry	相当容易
xdrf	许多人
xdts	行得通
xdtu	心电图
xdth	心得体会
xdtx	兄弟同心
xdtj	兄弟同心，其利断金
xdul	心地善良
xduh	小的时候
xdud	相对湿度
xdum	心荡神迷
xdui	行到水穷处
xdwf	现代文
xdwx	现代文学
xdwk	先睹为快
xdwn	胸大无脑
xdwy	相对无言
xdwl	闲得无聊
xdxk	相对性
xdxx	小道消息
xdxn	小打小闹
xdxd	先到先得
xdxq	兄弟阋墙
xdyu	相当于
xdyv	形单影只
xdyq	小赌怡情
xdys	闲得要死
xdzo	小动作
xeby	笑而不语
xebu	秀而不实
xedy	希尔顿
xedn	携儿带女
xegt	洗耳恭听
xejk	小而精
xeke	小儿科
xemb	小儿麻痹
xetb	挟恩图报
xeuh	形而上
xeuv	学而时习之
xeux	形而上学
xewj	悬而未决
xewm	遐迩闻名
xexx	形而下
xexh	小恩小惠
xeyj	显而易见
xeyv	小而言之
xeyu	学而优则仕
xeyx	玄而又玄
xfap	媳妇熬成婆
xfby	兴奋不已
xfbq	相逢不用忙归去
xfcy	晓风残月
xfdu	小幅度
xfdj	西风东渐
xfdg	仙风道骨
xfdh	心腹大患
xfhw	相逢恨晚
xfhu	相逢何必曾相识
xfil	悬浮窗
xfie	消防车
xfji	兴奋剂
xfjz	相夫教子
xfja	小富即安
xfjd	兴奋激动
xfkf	心服口服
xflw	行拂乱其所为
xfpb	消费品
xfqz	心浮气躁
xfsy	学非所用
xftd	消防通道
xfu	洗发水
xfuv	消费税
xfur	消防栓
xfuf	想方设法
xfve	消费者
xfvh	心腹之患
xfvr	先发制人
xfwi	学富五车
xfwh	西方文化
xfwm	西方文明
xfxm	新发现
xfxi	相辅相成
xfxy	腥风血雨
xfyr	消防员
xfyl	心烦意乱
xfyu	先发优势
xfyi	相逢一笑泯恩仇
xfyf	西风压倒东风
xfzl	兴风作浪
xgbj	修改版
xgbs	吓个半死
xgbb	心肝宝贝
xgbg	县官不如现管
xgbi	响鼓不需重锤
xgcg	小高层
xgcl	兴高采烈
xgcs	萧规曹随
xgdc	香港岛
xgdj	循规蹈矩
xgdi	小姑独处
xgdx	香港大学
xghs	先公后私
xgf	闲工夫
xgfu	下功夫
xgfw	心肝肺
xgic	性高潮
xgir	习惯成自然
xgjp	膝关节
xgjd	寻根究底
xgle	习惯了
xglb	下个礼拜
xgyt	下个月
xgyu	习惯于
xglj	小概率事件
xgll	香格里拉
xgge	小哥哥
xggc	修改稿
xggm	小国寡民
xggz	相关工作
xgmy	乡规民约
xgnl	小姑娘
xgni	小鬼难缠
xgqa	心高气傲
xgqy	心甘情愿
xgry	相关人员
xgu	习惯上
xguj	下个世纪
xguu	星光闪闪
xguh	新官上任三把火
xgur	新官上任
xgvx	学贯中西
xgwj	先干为敬
xgwd	寻根问底
xgwv	霞光万丈
xgwy	相顾无言
xgxk	习惯性
xgxi	性关系
xgxg	修改修改
xgxh	形槁心灰
xgxq	下个星期
xgyd	侠肝义胆
xgzc	洗个澡
xgzr	相关责任人
xgzy	小鬼遭殃
xgvz	血光之灾
xhbj	小伙伴
xhbl	消化不良
xhby	羞花闭月
xhbg	心怀不轨
xhbi	笑话百出
xhbx	纤毫毕现
xhcl	星汉灿烂
xhdg	信号灯
xhdj	消耗殆尽
xhdp	销魂夺魄
xhdv	胸怀大志
xhdb	血红蛋白
xhdl	绣虎雕龙
xhfj	下回分解
xhgt	心怀鬼胎
xhhe	笑呵呵
xhha	笑哈哈
xhhd	笑呵呵的
xhie	瞎胡扯
xhiu	鲜花插在牛粪上
xhjh	新欢旧好
xhji	闲话家常
xhju	悬壶济世
xhkg	胸怀宽广
xhkl	新婚快乐
xhle	学会了
xhly	星火燎原
xhma	喜欢吗
xhnc	瞎胡闹
xhnf	心花怒放
xhpc	心怀叵测
xhrg	虚怀若谷
xhtd	胸怀坦荡
xhtx	心怀天下
xhu	西红柿
xhuh	行贿受贿
xhue	新华社
xhur	消火栓
xhui	血海深仇
xhul	心狠手辣
xhup	小鹤双拼
xhuu	闲话少说
xhug	销魂蚀骨
xhvr	向后转
xhvj	相互之间
xhvv	胸怀壮志
xhvt	绣花枕头
xhwu	小黑屋
xhwn	嘘寒问暖
xhwf	循环往复
xhwl	寻花问柳
xhwy	学海无涯
xhwv	学会为止
xhxm	下划线
xhxh	幸会幸会
xhxi	薪火相传
xhxt	循环系统
xhy	歇后语
xhyc	闲花野草
xhye	新婚燕尔
xhyl	心灰意冷
xhyq	虚晃一枪
xhyx	小鹤音形
xhyu	显赫一时
xhyv	心回意转
xhz	小孩子
xhzd	新华字典
xhzi	小伙子
xhzl	寻欢作乐
xiai	喜爱
xian	西安
xibc	细胞
xibd	惜败
xibj	戏班
xibm	西边
xibo	稀薄
xibp	惜别
xibr	纤尘不染
xibu	西部
xibw	西北
xibf	戏本
xibb	夏虫不可语冰
xicj	西餐
xice	西侧
xide	现成的
xidg	熄灯
xidi	洗涤
xidn	洗掉
xidr	西段
xidu	吸毒
xidm	西点
xiee	喜恶
xifh	西方
xifa	戏法
xiff	细分
xifg	西风
xifw	西非
xifj	稀饭
xifu	媳妇
xigd	膝盖
xigj	喜感
xigo	洗过
xigr	习惯
xigu	硒鼓
xigx	西瓜
xihc	喜好
xiho	熄火
xihr	喜欢
xiha	嘻哈
xihu	西湖
xihj	稀罕
xihx	细化
xiia	细查
xiie	洗车
xiif	洗尘
xiig	戏称
xiih	西昌
xiis	兴冲冲
xiiz	吸筹
xijh	新仇旧恨
xiji	袭击
xijj	新春佳节
xijk	洗净
xijm	席间
xijn	洗脚
xijp	细节
xijb	吸进
xijq	喜酒
xijr	席卷
xiju	喜剧
xijy	细菌
xijl	行车记录
xike	稀客
xiku	西裤
xikl	锡矿
xila	希腊
xild	袭来
xile	洗了
xili	犀利
xilj	稀烂
xill	细粮
xilm	洗脸
xilo	奚落
xilp	系列
xilq	溪流
xilu	西路
xilx	咸吃萝卜淡操心
ximc	细毛
ximf	西门
ximi	细密
ximp	熄灭
ximu	细目
xima	戏码
xina	吸纳
xinc	洗脑
xinf	细嫩
xini	细腻
xinj	西南
xink	西宁
xinq	犀牛
xins	戏弄
xinu	息怒
xipd	洗牌
xipi	嬉皮
xipj	洗盘
xipn	戏票
xipb	细品
xipu	系谱
xipm	宣传片
xipp	心潮澎湃
xiq	吸尘器
xiqi	稀奇
xiqk	喜庆
xiqm	洗钱
xiqt	稀缺
xiqu	西区
xiqb	西芹
xiqf	心潮起伏
xirc	袭扰
xirf	喜人
xiri	昔日
xirz	息肉
xirj	洗染
xirh	熙攘
xiro	细弱
xirr	细软
xiru	吸入
xise	喜色
xish	喜丧
xiss	稀松
xisu	习俗
xisv	细碎
xiso	细索
xits	系统
xitd	戏台
xith	喜糖
xiti	习题
xitm	西天
xitu	稀土
xito	洗脱
xitz	洗头
xitc	行差踏错
xiuc	稀少
xiug	牺牲
xiui	喜事
xiuj	西山
xiuk	蟋蟀
xiuo	戏说
xiuu	系数
xiuv	溪水
xiuw	心驰神往
xiux	洗刷
xiuy	吸吮
xiuz	吸收
xivc	夕照
xivg	修成正果
xivb	现场直播
xivh	细账
xivi	细致
xivj	西站
xivl	西装
xivs	戏中
xivu	吸住
xiwh	希望
xiwj	洗碗
xiwu	习武
xiww	细微
xiwf	细纹
xixb	细心
xixi	嘻嘻
xixk	习性
xixl	细想
xixn	细小
xixm	西线
xixt	吸血
xixu	唏嘘
xixx	西夏
xixy	喜讯
xiya	西亚
xiyb	吸引
xiyc	西药
xiyh	夕阳
xiyi	西医
xiyj	吸烟
xiyr	戏院
xiyk	喜迎
xiys	行成于思
xiyt	喜悦
xiyu	西域
xiyx	响彻云霄
xiyz	稀有
xizc	洗澡
xize	细则
xizh	西藏
xizi	戏子
xizl	心诚则灵
xizo	习作
xjb	性价比
xjbb	血迹斑斑
xjbi	相交不拆
xjbg	星级宾馆
xjby	小家碧玉
xjbf	想尽办法
xjdr	现阶段
xjdv	心惊胆战
xjdg	消极怠工
xjeq	喜极而泣
xjgs	心肌梗塞
xjhx	戏剧化
xjhj	相煎何急
xjhi	薪尽火传
xjhl	心急火燎
xjhw	相见恨晚
xjho	瞎搅和
xjh	小家伙
xjie	小轿车
xjiv	洗剪吹
xjix	相继出现
xjif	心急吃不了热豆腐
xjjp	小姐姐
xjjq	小九九
xjja	雄赳赳，气昂昂
xjjm	行将就木
xjjd	星级酒店
xjjk	洗洁精
xjjb	细节决定成败
xjku	小金库
xjky	形迹可疑
xjl	下结论
xjle	下架了
xjlq	下九流
xjly	喜结良缘
xjln	下脚料
xjmy	细嚼慢咽
xjpo	新加坡
xjqu	陷进去
xjqh	洗尽铅华
xjrb	相敬如宾
xjru	心静如水
xjrf	心急如焚
xjrt	心惊肉跳
xjts	心绞痛
xjtj	先决条件
xjtr	学究天人
xjtx	席卷天下
xjvm	先见之明
xjwl	闲极无聊
xjwb	血溅五步
xjwq	新疆维吾尔自治区
xjx	戏剧性
xjxc	献计献策
xjxk	先进性
xjxu	相机行事
xjyu	相较于
xjyr	新纪元
xjyi	虚惊一场
xjyk	洗劫一空
xjys	消极因素
xjyy	心旌摇曳
xjyd	心旌摇荡
xjzq	小家子气
xjzi	小舅子
xjzl	心静自然凉
xjpx	新加坡国立大学
xjpm	喜剧片
xkaa	行啊
xkai	性爱
xkbp	性别
xkbu	行不
xkba	行吧
xkbh	兴邦
xkbj	兴办
xkbk	性病
xkby	心口不一
xkcc	行草
xkch	信口雌黄
xkci	行刺
xkcy	幸存
xkds	行动
xkdm	想开点
xkde	幸得
xkdz	星斗
xker	幸而
xkfa	刑法
xkff	兴奋
xkfh	行房
xkfu	幸福
xkfy	笑看风云
xkge	性格
xkgj	性感
xkgl	星光
xkgo	兴国
xkgs	行宫
xkhc	型号
xkhe	星河
xkhj	星汉
xkhl	杏黄
xkho	星火
xkhs	猩红
xkhv	幸会
xkhx	杏花
xkht	先苦后甜
xkie	行车
xkif	星辰
xkig	形成
xkih	刑场
xkir	行船
xkiz	腥臭
xkik	笑口常开
xkjb	行进
xkji	星级
xkjk	刑警
xkjm	兴建
xkjn	性交
xkjq	醒酒
xkjt	醒觉
xkju	刑拘
xkjy	行军
xkjl	行将
xkkh	信口开河
xkks	星空
xkkv	幸亏
xkle	行了
xkla	行啦
xklb	杏林
xkld	醒来
xklf	休克疗法
xkli	行李
xkls	兴隆
xklu	行路
xklv	刑律
xklp	行猎
xkly	相看两不厌
xkma	行吗
xkmc	形貌
xkmk	姓名
xkmm	幸免
xkmu	醒目
xkng	性能
xknc	醒脑
xknh	行囊
xknu	性奴
xknd	羞愧难当
xkpm	行骗
xkpr	血口喷人
xkqb	性侵
xkqi	星期
xkqk	性情
xkqp	行窃
xkqq	星球
xkqr	行权
xkqu	兴趣
xkrs	形容
xkrf	行人
xkrj	悻然
xkru	形如
xkry	心口如一
xksi	形似
xksc	腥臊
xkse	行色
xkss	惺忪
xktd	形态
xkti	形体
xktj	兴叹
xktp	心宽体胖
xkts	形同
xktz	行头
xktu	星图
xkug	兴盛
xkui	形式
xkuf	幸甚
xkuj	行善
xkuk	兴衰
xkuu	行书
xkuy	心旷神怡
xkuh	小康社会
xkve	醒着
xkvf	刑侦
xkvg	行政
xkvi	性质
xkvl	形状
xkvj	小康之家
xkww	行为
xkwf	行文
xkwh	兴旺
xkwu	醒悟
xkxu	兴许
xkxi	星系
xkxk	星星
xkxl	形象
xkxn	行销
xkxq	星宿
xkxs	行凶
xkxy	刑讯
xkye	兴业
xkyt	星月
xkyi	行医
xkyj	杏眼
xkyu	性欲
xkyy	幸运
xkzz	行走
xkzo	星座
xkzi	性子
xkzs	行踪
xlai	相爱
xlan	香案
xlau	心理暗示
xlaw	心理安慰
xlba	行了吧
xlbc	箱包
xlbb	香槟
xlbe	迅雷不及掩耳
xlbi	相比
xlbj	相伴
xlbu	相簿
xlbh	相帮
xlbm	下落不明
xlbo	香波
xlbr	下里巴人
xlbw	相悖
xlbv	血流不止
xlbq	心律不齐
xlcc	香草
xlcs	香葱
xlcd	香菜
xlce	相册
xlcg	悬梁刺股
xlcu	香醋
xlcv	香脆
xlcy	乡村
xlda	想打
xldc	想到
xldg	相等
xldh	相当
xldd	相待
xldi	相抵
xlds	响动
xldv	相对
xldj	性冷淡
xldz	绚丽多姿
xlfa	想法
xlff	香粉
xlfg	相逢
xlfh	相仿
xlfj	相反
xlfu	相符
xlfx	心理分析
xlfd	心理负担
xlgc	相告
xlge	相隔
xlgh	香港
xlgj	相干
xlgo	想过
xlgr	相关
xlgs	相公
xlgx	香瓜
xlgu	香菇
xlgy	心灵感应
xlgz	洗了个澡
xlhb	先礼后兵
xlhc	想好
xlhd	先来后到
xlhe	祥和
xlhl	稀里哗啦
xlho	香火
xlhj	香汗
xlhu	相互
xlhv	相会
xlhx	像话
xlhz	向后
xlht	稀里糊涂
xlia	相差
xlii	想吃
xlis	相冲
xlie	响彻
xlif	相称
xlig	想成
xlih	香肠
xlir	相传
xliu	相处
xliy	香醇
xliz	乡愁
xlib	兴利除弊
xlil	心理承受能力
xljb	相近
xljc	心力交瘁
xljt	新老交替
xlji	相机
xljk	香精
xljl	湘江
xljm	相见
xljn	香蕉
xljp	详解
xlju	相聚
xljx	相加
xlkd	想开
xlke	相克
xlkj	想看
xlkl	相框
xlku	想哭
xlkz	小两口
xlkq	吁了口气
xllb	相邻
xlld	向来
xlll	响亮
xllm	项链
xllq	想留
xlls	降龙
xlle	享乐
xlln	香料
xlla	香辣
xllt	详略
xllu	香炉
xllw	响雷
xlli	心路历程
xllv	小鹿乱撞
xllk	响铃
xlmb	乡民
xlmc	相貌
xlmm	相面
xlmu	项目
xlmo	降魔
xlma	想吗
xlnm	想念
xlnw	向内
xlnh	香囊
xlnl	心理年龄
xlpi	橡皮
xlpm	相片
xlpc	想跑
xlpu	相扑
xlpw	相配
xlqb	相亲
xlqi	想起
xlqu	想去
xlqk	详情
xlqm	向前
xlqr	项圈
xlql	笑了起来
xlqj	仙露琼浆
xlrf	相认
xlro	相若
xlrc	向来如此
xlrm	心乱如麻
xlrs	相容
xlrv	祥瑞
xlrw	熙来攘往
xlsi	相似
xlsu	像素
xlsv	相随
xlst	雪里送炭
xlsf	夏练三伏
xlti	箱体
xltk	想听
xltj	湘潭
xltm	香甜
xlto	相托
xlts	相同
xltu	乡土
xltz	相投
xlua	想啥
xluf	乡绅
xlug	相声
xluh	向上
xlui	相识
xluj	香山
xluo	想说
xluq	心灵手巧
xluu	详述
xluv	香水
xluz	享受
xlve	想着
xlvf	乡镇
xlvg	象征
xlvh	乡长
xlvi	相知
xlvj	巷战
xlvl	相撞
xlvs	相中
xlvu	相助
xlvd	新来乍到
xlva	心理障碍
xlvb	心理准备
xlwd	向外
xlwh	向往
xlwf	想问
xlwu	闲来无事
xlww	香味
xlwt	心理问题
xlxb	相信
xlxf	狭路相逢
xlxi	详细
xlxk	象形
xlxl	想象
xlxp	想些
xlxn	想笑
xlxt	想学
xlxu	相许
xlxx	乡下
xlxm	象限
xlxy	香薰
xlxq	想来想去
xlxj	心理学家
xlya	象牙
xlyb	乡音
xlyc	想要
xlyh	像样
xlyi	相依
xlyj	香烟
xlyk	相应
xlys	享用
xlyt	相约
xlyq	吸了一口气
xlyu	相遇
xlyy	祥云
xlyz	向右
xlye	乡野
xlyl	心理压力
xlyg	心里有鬼
xlyd	心里有底
xlzc	香皂
xlzz	想走
xlzi	箱子
xlzo	向左
xlze	香泽
xlzr	镶钻
xlzx	心理咨询
xlzy	心理作用
xlzj	悬梁自尽
xmbc	献宝
xmbd	显摆
xmbk	馅饼
xmbp	先别
xmbw	先辈
xmci	献词
xmcc	仙草
xmcd	咸菜
xmcy	现存
xmdd	现代
xmde	显得
xmdi	贤弟
xmdj	咸蛋
xmdk	限定
xmdn	掀掉
xmda	先达
xmdo	嫌多
xmdr	线段
xmdu	限度
xmdc	先到
xmdh	闲荡
xmee	限额
xmfa	宪法
xmfg	先锋
xmfh	现房
xmfj	嫌烦
xmff	县份
xmfv	血脉偾张
xmgl	闲逛
xmgr	县官
xmgu	仙姑
xmgv	嫌贵
xmgw	献给
xmgz	限购
xmh	瞎忙活
xmhc	限号
xmhd	陷害
xmhe	显赫
xmho	现货
xmhu	笑面虎
xmhs	鲜红
xmhv	贤惠
xmhx	鲜花
xmhz	先后
xmic	现钞
xmie	闲扯
xmif	贤臣
xmig	县城
xmih	现场
xmii	先吃
xmij	限产
xmiu	献出
xmiz	献丑
xmjb	先进
xmji	先机
xmjk	陷阱
xmjp	衔接
xmjt	先决
xmjx	现价
xmjy	险峻
xmjg	性命交关
xmjh	羡慕嫉妒恨
xmkr	现款
xmka	显卡
xmkd	掀开
xmkj	先看
xmle	闲了
xmkl	现况
xmli	先例
xmlk	县令
xmll	限量
xmln	闲聊
xmlw	嫌累
xmlg	嫌冷
xmlo	陷落
xmlp	先烈
xmlu	线路
xmld	先来
xmlq	限流
xmly	喜马拉雅
xmmi	笑眯眯
xmmk	鲜明
xmmu	羡慕
xmmw	鲜美
xmmm	限免
xmmb	先民
xmnd	鲜奶
xmnf	鲜嫩
xmng	贤能
xmnm	现年
xmnv	仙女
xmpm	闲篇
xmpp	相貌平平
xmpz	瞎猫碰到死耗子
xmqb	先秦
xmqi	嫌弃
xmqk	闲情
xmqm	先前
xmqr	线圈
xmqu	先去
xmqd	胸闷气短
xmrf	闲人
xmrj	显然
xmrz	鲜肉
xmro	纤弱
xmru	陷入
xmre	嫌热
xmsj	闲散
xmso	线索
xmsu	限速
xmsi	席梦思
xmsl	羡慕死了
xmtn	线条
xmtc	仙桃
xmti	纤体
xmtj	闲谈
xmtm	先天
xmtr	线团
xmtt	相貌堂堂
xmtz	先头
xmuc	嫌少
xmuf	现身
xmug	先生
xmuh	线上
xmui	显示
xmuz	先手
xmul	卸磨杀驴
xmuo	先说
xmuu	娴熟
xmua	羡煞
xmvs	心目中
xmvc	先兆
xmve	闲着
xmvf	荨麻疹
xmvg	现正
xmvh	县长
xmvi	限制
xmvl	现状
xmvu	显著
xmvy	性命之忧
xmwd	邪门歪道
xmwg	仙翁
xmww	纤维
xmwu	嫌恶
xmxb	闲心
xmxi	纤细
xmxk	限行
xmxl	现象
xmxm	显现
xmxp	险些
xmxq	纤秀
xmxt	鲜血
xmxx	闲暇
xmxy	像模像样
xmxg	想没想过
xmxh	小门小户
xmys	先用
xmyz	现有
xmya	县衙
xmyc	险要
xmyu	咸鱼
xmyh	咸阳
xmyi	嫌疑
xmyj	鲜艳
xmyl	心明眼亮
xmyn	幸免于难
xmyg	性命攸关
xmza	闲杂
xmzc	险遭
xmzd	现在
xmzi	仙子
xmzu	先祖
xmzz	先走
xmzh	嫌脏
xmzg	嫌憎
xmdx	厦门大学
xnan	销案
xnao	笑傲
xnal	喜怒哀乐
xnbf	小本
xnbk	笑柄
xnbd	小白
xnbu	小步
xnbl	徐娘半老
xnbm	小便
xnbp	小别
xnbw	小辈
xnbs	喜怒不形于色
xncc	小草
xncd	小菜
xncs	小葱
xnco	小错
xnci	消磁
xncy	小村
xndc	小道
xnde	晓得
xndi	小弟
xndm	小店
xndn	小调
xndu	消毒
xndv	小队
xnee	小额
xner	小儿
xnev	小女儿状
xnfw	消费
xnfa	效法
xnfh	消防
xnfj	小贩
xnfu	校服
xnfg	校风
xngo	效果
xngr	小官
xngu	小姑
xngv	小鬼
xnge	小哥
xngz	小狗
xnhc	消耗
xnhd	小孩
xnhe	小鹤
xnho	小伙
xnhu	销户
xnhv	销毁
xnhx	笑话
xnhy	销魂
xnhj	小寒
xnic	小炒
xnie	小车
xnif	消沉
xnig	小城
xnih	小厂
xnii	小吃
xnij	小产
xnir	哮喘
xniu	消除
xniz	小丑
xnil	小床
xnjb	宵禁
xnji	消极
xnjk	孝敬
xnjq	小酒
xnjn	小脚
xnjp	小姐
xnjx	小家
xnjm	小件
xnkd	小楷
xnku	笑哭
xnke	小可
xnkh	小康
xnkj	小看
xnks	小孔
xnkc	小考
xnkg	小坑
xnkl	新年快乐
xnlc	效劳
xnle	笑了
xnli	效力
xnll	销量
xnlm	笑脸
xnln	笑料
xnlu	小路
xnlv	效率
xnlz	小楼
xnma	笑骂
xnmc	小猫
xnmd	小麦
xnmf	校门
xnmi	小米
xnmb	小民
xnmj	小满
xnmo	消磨
xnmp	消灭
xnmw	小妹
xnmk	效命
xnna	笑纳
xnng	效能
xnnn	小鸟
xnnq	小妞
xnnm	小年
xnnw	校内
xnnc	小脑
xnpb	小品
xnpn	小票
xnpi	削皮
xnpm	小片
xnqu	小区
xnqi	小气
xnqk	校庆
xnqm	消遣
xnqn	小巧
xnqq	小球
xnrs	笑容
xnrf	小人
xnsa	潇洒
xnse	萧瑟
xnsi	笑死
xnsj	消散
xnso	萧索
xnsr	硝酸
xntz	小偷
xntn	萧条
xntj	小摊
xntk	消停
xntv	小腿
xnua	笑啥
xnui	消失
xnue	校舍
xnug	小声
xnuv	小睡
xnuj	小山
xnuo	小说
xnuu	小数
xnuy	孝顺
xnuz	销售
xnuc	小勺
xnve	笑着
xnvu	小猪
xnvo	小酌
xnvf	小镇
xnvh	校长
xnvi	小指
xnvj	小站
xnvr	小篆
xnvs	小众
xnwd	校外
xnwh	消亡
xnwi	喜怒无常
xnwj	小碗
xnwu	小屋
xnww	校尉
xnxb	小心
xnxi	消息
xnxk	小型
xnxl	小巷
xnxn	小小
xnxp	小写
xnxs	枭雄
xnxt	小学
xnxm	消闲
xnxy	校训
xnxg	心脑血管
xnxu	虚拟现实
xny	小于
xnyc	逍遥
xnye	宵夜
xnyh	小样
xnyi	效益
xnyj	消炎
xnyk	效应
xnyr	校园
xnys	效用
xnyu	小雨
xnyz	校友
xnyb	消音
xnzc	小灶
xnzd	消灾
xnzh	销赃
xnzi	小子
xnzu	小组
xnzo	小坐
xpaf	嫌贫爱富
xpbj	协办
xpbm	斜边
xpbi	笑贫不笑娼
xpcd	歇菜
xpco	写错
xpci	谢辞
xpca	橡皮擦
xpdc	邪道
xpdd	携带
xpdi	鞋底
xpdk	协定
xpdn	卸掉
xpdm	鞋垫
xpdu	亵渎
xpdz	械斗
xpee	邪恶
xpen	谢恩
xpfa	写法
xpff	泄愤
xpfh	协防
xpgc	写稿
xpgv	鞋柜
xpgf	鞋跟
xpgh	斜杠
xpgo	写过
xpgw	写给
xpgr	协管
xphc	写好
xphe	协和
xphf	泄恨
xphl	蟹黄
xpho	卸货
xphs	泄洪
xphu	邪乎
xphv	协会
xphz	邂逅
xphd	小屁孩
xpia	协查
xpii	挟持
xpie	卸车
xpig	写成
xpif	谢忱
xpiu	写出
xpjt	谢绝
xpj	橡皮筋
xpjb	写进
xpjk	协警
xpjn	邪教
xpjq	写就
xpke	蟹壳
xpkc	斜靠
xpl	泄漏
xple	谢了
xplu	邪路
xplz	泄露
xplv	斜率
xpli	协力
xpld	吓破了胆
xpmj	写满
xpmf	邪门
xpmi	泄密
xpmk	写明
xpmm	斜面
xpmo	邪魔
xpma	鞋码
xpmu	谢幕
xpmw	邪魅
xpni	橡皮泥
xpnm	邪念
xpnr	细皮嫩肉
xppf	香喷喷
xppd	香喷喷的
xppo	斜坡
xpqi	泄气
xpqr	写全
xpqh	心平气和
xprf	卸任
xpru	写入
xprz	蟹肉
xpsi	写死
xpsu	歇宿
xpsv	邪祟
xptn	协调
xpti	斜体
xpts	协同
xptc	鞋套
xpue	斜射
xpul	香飘十里
xpug	写生
xpuh	协商
xpui	写实
xpuu	写书
xpuz	携手
xpvc	写照
xpve	写着
xpvf	写真
xpvl	卸妆
xpvu	协助
xpvi	挟制
xpvj	新瓶装旧酒
xpwa	鞋袜
xpwf	写文
xpwj	写完
xpww	些微
xpxb	写信
xpxi	歇息
xpxk	谐星
xpxl	嬉皮笑脸
xpxm	斜线
xpxp	谢谢
xpxt	谐谑
xpxu	些许
xpxx	写下
xpyb	谐音
xpyc	泻药
xpyu	泄欲
xpyh	斜阳
xpyi	协议
xpyj	斜眼
xpyt	协约
xpyz	小朋友
xpzd	卸载
xpzi	鞋子
xpz	协作
xpzo	写作
xpzv	谢罪
xqer	星期二
xqgk	休怪
xqye	休业
xqyi	星期一
xqyx	修葺一新
xqar	兴趣盎然
xqah	兴趣爱好
xqbj	休班
xqbn	袖标
xqbu	修补
xqbl	修桥补路
xqcd	秀才
xqci	修辞
xqcj	羞惭
xqdk	修订
xqfu	修复
xqfa	秀发
xqff	羞愤
xqfg	血气方刚
xqgd	修改
xqgg	稀奇古怪
xqhc	修好
xqhu	修护
xqhs	羞红
xqhx	绣花
xqhv	休会
xqiu	想清楚
xqie	修车
xqih	修长
xqii	羞耻
xqjm	修建
xqjt	嗅觉
xqjx	休假
xqjn	修脚
xqji	锈迹
xqjy	虚情假意
xqke	休克
xqkv	羞愧
xqkj	向前看
xqkz	袖口
xqld	想起来
xqle	想起了
xqli	修理
xqll	小巧玲珑
xqlm	修炼
xqlq	星期六
xqlo	修罗
xqlu	修路
xqlj	小桥流水人家
xqmm	休眠
xqml	效犬马之劳
xqmu	朽木
xqmw	秀美
xqnv	修女
xqnc	羞恼
xqnj	羞赧
xqpw	修配
xqpb	香气扑鼻
xqqi	秀气
xqqn	修桥
xqqp	羞怯
xqqq	绣球
xqrf	羞人
xqru	羞辱
xqri	星期日
xqsj	星期三
xqsi	星期四
xqsc	羞臊
xqse	羞涩
xqtm	星期天
xqtc	袖套
xqtk	休庭
xqts	袖筒
xqud	下情上达
xquf	修身
xqui	修饰
xquj	修缮
xquu	修书
xquy	相去甚远
xqvg	休整
xqvf	修真
xqvh	袖章
xqvi	休止
xqvj	休战
xqvu	修筑
xqvr	性情中人
xqwj	相去无几
xqwf	徇情枉法
xqwu	星期五
xqww	修为
xqxi	休息
xqxa	相亲相爱
xqxg	休戚相关
xqxk	修行
xqxl	休想
xqxm	休闲
xqxt	休学
xqyg	休戚与共
xqyh	修养
xqyu	羞于
xqyc	休要
xqyv	闲情逸致
xqyy	喜气洋洋
xqzc	修造
xqzi	袖子
xrjb	旋紧
xran	悬案
xrao	玄奥
xrah	轩昂
xrba	选拔
xrbm	选编
xrbu	宣布
xrbk	虚弱不堪
xrci	选词
xrcd	选材
xrco	选错
xrdk	选定
xrdm	选点
xrdj	选单
xrdu	宣读
xrdb	轩然大波
xrdv	小人得志
xrdg	心如刀割
xrff	想入非非
xrfm	血肉丰满
xrfg	旋风
xrfu	悬浮
xrgz	选购
xrgu	选股
xrgc	宣告
xrgr	玄关
xrgx	悬挂
xrhc	选好
xrhu	玄乎
xrhf	血肉横飞
xrhj	先人后己
xrhr	玄幻
xrhx	喧哗
xrig	宣称
xrir	宣传
xriu	选出
xriv	悬垂
xris	选重
xriw	陷入重围
xriq	小人长戚戚
xrji	玄机
xrju	选举
xrjl	宣讲
xrjn	宣教
xrku	炫酷
xrkj	笑容可掬
xrkg	形容枯槁
xrkm	形如枯木
xrks	悬空
xrkv	向日葵
xrkw	夏日可畏
xrlv	旋律
xrli	绚丽
xrlj	绚烂
xrll	悬梁
xrlu	选录
xrmb	选民
xrmh	血肉模糊
xrmm	笑容满面
xrmn	玄妙
xrmu	炫目
xrmw	选美
xrnc	喧闹
xrnm	悬念
xrnq	旋钮
xrpd	选派
xrpj	宣判
xrpn	选票
xrpw	选配
xrpb	选聘
xrqu	选取
xrrf	选人
xrrh	喧嚷
xrrj	渲染
xrsh	心如死灰
xrss	选送
xrsy	玄孙
xrti	选题
xrtk	悬停
xrts	宣统
xrtu	心如铁石
xruh	悬赏
xrui	宣誓
xruu	悬殊
xruz	选手
xrvr	旋转
xrve	悬着
xrvc	宣召
xrvh	仙人掌
xrvq	血肉之躯
xrvj	宣战
xrvi	选址
xrvs	选中
xrvu	心如止水
xrvx	小人之心
xrwj	悬腕
xrwo	漩涡
xrwu	玄武
xrwv	先入为主
xrxb	虚荣心
xrxl	选项
xrxn	喧嚣
xrxp	宣泄
xrxq	选修
xrxk	选型
xrxt	玄学
xrxu	玄虚
xrya	悬崖
xryc	炫耀
xryh	宣扬
xryi	悬疑
xryj	宣言
xrym	相濡以沫
xryr	轩辕
xrys	选用
xryy	眩晕
xryg	闲人一个
xrze	选择
xrzd	悬在
xrzh	玄奘
xrzo	选座
xsan	凶案
xsbc	胸包
xsbk	雄兵
xsbm	雄辩
xsbu	胸部
xsba	雄霸
xsbf	挟私报复
xsbp	见素抱朴
xscj	凶残
xscc	行色匆匆
xsdi	兄弟
xsdu	相似度
xsdj	熊胆
xsdm	胸垫
xsdl	歇斯底里
xsee	凶恶
xseu	向死而生
xsff	泄私愤
xsfg	雄风
xsfj	凶犯
xsfu	胸腹
xsgl	凶光
xsgr	雄关
xshz	雄厚
xshf	凶狠
xshg	凶横
xshx	胸花
xshj	凶悍
xshk	胸怀
xshl	雄黄
xshy	雄浑
xshu	险死还生
xsjb	胸襟
xsji	胸肌
xsjm	雄健
xsju	雄踞
xsjy	新四军
xskz	胸口
xska	胸卡
xskc	秀色可餐
xsle	笑死了
xslj	下三滥
xslu	雄鹿
xslk	凶灵
xsmc	熊猫
xsmg	凶猛
xsmf	胸闷
xsmh	寻死觅活
xsmw	兄妹
xsnu	匈奴
xsnm	凶年
xspj	小算盘
xspu	胸脯
xspm	胸片
xspd	胸牌
xspi	稀松平常
xsqm	胸前
xsqi	凶器
xsql	胸腔
xsrf	吓死人
xsrc	性骚扰
xsrv	雄蕊
xsrj	心素如简
xsrs	心丧若死
xssc	兄嫂
xsth	胸膛
xstd	兄台
xstu	凶徒
xsua	凶杀
xsuf	凶神
xsui	熊市
xsuz	凶手
xsvc	胸罩
xsvu	雄主
xsvd	凶宅
xsvh	熊掌
xsvf	胸针
xsvl	雄壮
xsvs	胸中
xsvv	胸椎
xswl	笑死我了
xswb	徇私舞弊
xswf	徇私枉法
xswj	凶顽
xsww	胸围
xsxb	雄心
xsxs	熊熊
xsxk	雄性
xsxl	凶相
xsxm	凶险
xsyk	雄鹰
xsys	汹涌
xsyj	凶焰
xsyh	熊样
xszi	雄姿
xtai	血癌
xtan	血案
xtba	学霸
xtbd	雪白
xtbf	血本
xtbg	雪崩
xtbi	雪碧
xtbl	相提并论
xtbz	先天不足
xtbn	虚头巴脑
xtby	雄图霸业
xtch	雪藏
xtcc	血槽
xtcl	心同此理
xtdc	学到
xtdi	学弟
xtdm	学点
xtdv	雪堆
xtdu	血毒
xtdz	小题大做
xtfa	学法
xtff	学分
xtfg	学风
xtfu	学府
xtfw	学费
xtgc	雪糕
xtgr	血管
xtgo	学过
xtgy	形态各异
xtgi	系统工程
xthv	学会
xthc	学好
xthf	血痕
xthj	血汗
xthk	学坏
xths	血红
xthx	雪花
xtha	雪蛤
xtig	学成
xtic	学潮
xtie	学车
xtii	雪耻
xtiz	血仇
xtj	下台阶
xtji	血迹
xtjk	雪景
xtjm	削减
xtjl	血浆
xtjp	学姐
xtjq	学究
xtjx	雪茄
xtjs	心跳加速
xtke	学科
xtkk	血块
xtku	血库
xtkv	血亏
xtl	想通了
xtld	学来
xtli	学历
xtlk	学龄
xtll	雪亮
xtlm	雪莲
xtlu	血路
xtlq	血流
xtlw	血泪
xtle	学了
xtmk	学名
xtmd	血脉
xtmw	学妹
xtml	形同陌路
xtnm	学年
xtnn	血尿
xtpd	学派
xtpm	雪片
xtpb	血拼
xtpo	血泊
xtq	小提琴
xtqu	学区
xtqx	乡土气息
xtqb	血亲
xtqi	学期
xtqk	血清
xtqm	学前
xtqn	雪橇
xtqj	西天取经
xtrz	血肉
xtrf	雪人
xtrj	血染
xtrn	削铁如泥
xtro	削弱
xtse	血色
xtsa	血洒
xtsi	血丝
xtss	雪松
xttz	噱头
xtth	血糖
xttm	雪天
xtts	血统
xttu	学徒
xtug	学生
xtuh	相谈甚欢
xtue	学社
xtui	学士
xtuj	雪山
xtuo	学说
xtur	血栓
xtuu	学术
xtuv	血水
xtve	学者
xtvd	血债
xtvs	血肿
xtvh	学长
xtvi	血脂
xtvj	血战
xtva	学渣
xtww	学位
xtwf	学问
xtwj	学完
xtwu	学武
xtwl	雄韬伟略
xtxb	闲庭信步
xtxd	谢天谢地
xtxf	小摊小贩
xtxi	学习
xtxk	血腥
xtxm	小偷小摸
xtxn	学校
xtxt	学学
xtxu	形同虚设
xtxl	先天下之忧而忧，后天下之乐而乐
xtxy	先天下之忧而忧
xtya	血压
xtye	学业
xtyh	血样
xtyy	血晕
xtyi	学艺
xtyr	学院
xtyu	鳕鱼
xtzi	靴子
xtzb	悉听尊便
xtzd	雪灾
xtza	学杂
xtzh	挟天子以令诸侯
xtzz	小兔崽子
xuaj	刑事案件
xuba	心神不安
xubc	虚报
xubd	心神不定
xubm	续编
xubq	消受不起
xubr	形势逼人
xubn	西双版纳
xubg	学术报告
xubv	心术不正
xuci	虚词
xudc	絮叨
xudk	续订
xudm	小数点
xudd	信誓旦旦
xudf	蓄势待发
xudo	许多
xudu	虚度
xudn	续貂
xudr	先声夺人
xudv	兴师动众
xudj	消失殆尽
xueu	凶神恶煞
xuef	蓄势而发
xuex	相视而笑
xufw	续费
xufa	须发
xufm	小试锋芒
xufu	虚浮
xufz	刑事犯罪
xugc	虚高
xugz	虚构
xugs	叙功
xuhc	序号
xuhh	续航
xuhj	虚汗
xuhx	虚化
xuhy	许婚
xuhl	小事化了
xuho	虚火
xuhr	虚幻
xuhs	蓄洪
xuhv	学生会
xuhz	小时候
xuih	许昌
xuij	畜产
xuil	细水长流
xuir	续传
xuii	心事重重
xuin	信守承诺
xuib	兴衰成败
xuji	续集
xujm	形神俱灭
xujp	续借
xujq	许久
xuju	雪上加霜
xujd	行善积德
xujx	虚假
xujb	形神兼备
xujl	学术交流
xujy	心生惧意
xuke	许可
xuks	虚空
xukx	虚夸
xukd	虚开
xulp	序列
xulu	显山露水
xuly	绪论
xuli	蓄力
xuld	徐来
xule	消失了
xulw	学术论文
xull	新生力量
xume	想什么
xumb	小市民
xumk	续命
xumu	序幕
xumw	须眉
xumz	蓄谋
xuni	虚拟
xunj	销声匿迹
xunl	信手拈来
xund	小试牛刀
xuno	许诺
xunr	息事宁人
xupb	续聘
xupg	袖手旁观
xupr	羡煞旁人
xuph	虚胖
xupm	续篇
xupw	许配
xupk	显示屏
xuq	显示器
xuqi	续期
xuqm	续签
xuqq	需求
xuqu	序曲
xuqx	携手前行
xuqd	西沙群岛
xuqg	仙山琼阁
xurf	心上人
xuri	旭日
xuro	虚弱
xurs	虚荣
xurt	项上人头
xurj	惜时如金
xusv	虚岁
xusp	形势所迫
xusu	学生宿舍
xuss	刑事诉讼
xutj	叙谈
xuto	虚脱
xuui	叙事
xuue	虚设
xuuw	新生事物
xuuf	现身说法
xuup	欣赏水平
xuud	学生时代
xuuh	现实生活
xuuj	现实世界
xuul	新手上路
xuug	嘘声
xuuo	叙说
xuuu	叙述
xuuv	蓄水
xuvi	须知
xuvz	徐州
xuvh	序章
xuvg	行驶证
xuvy	形式主义
xuvb	稀世珍宝
xuvv	稀世之珍
xuwf	序文
xuwh	虚妄
xuwu	虚无
xuww	虚伪
xuwz	兴师问罪
xuwt	现实问题
xuws	欣生恶死
xuxb	虚心
xuxp	续写
xuxi	嘘唏
xuxf	小商小贩
xuxk	相生相克
xuxm	虚线
xuxu	徐徐
xuxx	许下
xuxw	学士学位
xuxr	形势喜人
xuxj	小手小脚
xuxq	细声细气
xuxy	细声细语
xuyc	需要
xuyh	蓄养
xuyi	蓄意
xuyj	序言
xuyr	许愿
xuys	需用
xuyt	续约
xuyu	须臾
xuyv	小事一桩
xuyb	学识渊博
xuyy	现实意义
xuyp	洗漱用品
xuzg	虚增
xuzc	虚造
xuzo	续作
xuzi	小叔子
xuzr	行尸走肉
xuzu	续租
xvbj	修正版
xvbh	嚣张跋扈
xvbb	兴致勃勃
xvbx	心照不宣
xvbm	行政部门
xvdc	想知道
xvdm	心知肚明
xvdw	行政单位
xvdd	血战到底
xvdl	下知地理
xvdv	侠之大者
xver	下周二
xvf	县政府
xvfu	乡政府
xvgl	西装革履
xvhv	瞎指挥
xvhw	相知恨晚
xvhz	先斩后奏
xvkk	心直口快
xvkl	下逐客令
xvji	限制级
xvjg	行政机关
xvjd	小中见大
xvjv	新账旧账
xvjs	新账旧账一起算
xvlq	下周六
xvll	血债累累
xvls	新账老账一起算
xvmo	下周末
xvmu	闲着没事
xvmg	闲着没事干
xvmj	细枝末节
xvq	行政区
xvqu	险中求胜
xvqq	兴致缺缺
xvqh	行政区划
xvri	下周日
xvrw	细致入微
xvsj	下周三
xvsi	下周四
xvst	雪中送炭
xvsx	心中所想
xvt	瞎折腾
xvtg	显著提高
xvuu	虚张声势
xvvj	寻章摘句
xvvy	修正主义
xvw	下周五
xvwu	心中无数
xvwj	项庄舞剑
xvwm	削职为民
xvxk	象征性
xvxv	想着想着
xvxh	血债血还
xvxi	血债血偿
xvxj	先知先觉
xvyi	下周一
xvyd	心中一动
xvyt	心中一痛
xvyg	心中有鬼
xvyk	笑逐颜开
xvyq	小酌怡情
xvyl	晓之以理
xvyn	行之有年
xvyu	心中有数
xvyx	行之有效
xvyy	象征意义
xvyv	闲着也是闲着
xwdv	胸无大志
xwdm	胸无点墨
xwey	心无二用
xwfd	兴旺发达
xwgi	希望工程
xwga	心无挂碍
xwhc	下午好
xwhv	秀外慧中
xwia	下午茶
xwif	胸无城府
xwji	洗碗机
xwjk	显微镜
xwjw	小巫见大巫
xwle	想歪了
xwlj	喜闻乐见
xwll	行万里路
xwlb	新闻联播
xwmj	细微末节
xwpm	虚无缥缈
xwpw	心无旁骛
xwrv	鲜为人知
xwsr	兴味索然
xwuj	县委书记
xwvj	学无止境
xwvy	弦外之音
xwww	心外无物
xwxx	想问下
xwxs	衔尾相随
xwxt	臭味相投
xwyi	夏威夷
xwyd	虚位以待
xwyt	吓我一跳
xwyh	相忘于江湖
xwzn	心无杂念
xxdr	下端
xxai	狭隘
xxan	瞎按
xxal	小兴安岭
xxba	下巴
xxbf	想想办法
xxbb	雄心勃勃
xxbd	瞎掰
xxbi	下笔
xxbj	下班
xxbl	凶相毕露
xxbm	下边
xxbn	心绪不宁
xxbu	下部
xxby	唏嘘不已
xxbg	刑讯逼供
xxci	下次
xxcd	瞎猜
xxce	下策
xxcg	下层
xxco	下挫
xxda	下达
xxdi	下地
xxdc	吓到
xxdd	许许多多
xxde	吓得
xxdg	下等
xxdh	熊熊大火
xxdj	下单
xxdk	下定
xxdp	下跌
xxdu	下毒
xxdm	小心点
xxee	下颚
xxex	相向而行
xxfa	下发
xxfg	下风
xxfh	下方
xxfj	下凡
xxfu	下浮
xxff	学习方法
xxg	新鲜感
xxgr	下官
xxgj	瞎干
xxgd	瞎改
xxgc	瞎搞
xxge	下个
xxgh	下岗
xxgl	瞎逛
xxgm	洗心革面
xxgy	下下个月
xxgu	峡谷
xxgv	下跪
xxgo	下锅
xxhc	行行好
xxhd	下海
xxhe	下颌
xxhh	嘻嘻哈哈
xxhk	吓坏
xxhu	吓唬
xxhv	下回
xxhx	下滑
xxhz	夏侯
xxhy	瞎混
xxie	下车
xxif	下沉
xxig	下乘
xxih	下场
xxil	下床
xxiu	下厨
xxiv	下垂
xxic	夏朝
xxij	学习成绩
xxji	夏季
xxjj	循序渐进
xxjl	下降
xxjm	下贱
xxjn	虾饺
xxjp	下届
xxjq	下酒
xxju	下句
xxjx	下架
xxke	下课
xxkk	辛辛苦苦
xxkg	心胸宽广
xxku	吓哭
xxkq	新鲜空气
xxkr	夏款
xxl	想象力
xxla	下拉
xxld	下来
xxle	下了
xxli	心血来潮
xxlk	下令
xxln	瞎聊
xxll	淅淅沥沥
xxlm	下联
xxlh	熊熊烈火
xxlo	下落
xxlp	下列
xxlq	下流
xxlv	侠侣
xxlz	下楼
xxlt	消息灵通
xxlj	新西兰
xxmh	瞎忙
xxma	下马
xxmf	厦门
xxmg	瞎蒙
xxmo	夏末
xxmi	虾米
xxmm	下面
xxmc	小心没大错
xxni	谢谢你
xxnc	瞎闹
xxnj	小小年纪
xxnm	嬉笑怒骂
xxns	瞎弄
xxnn	吓尿
xxnv	侠女
xxnw	辖内
xxnl	学习能力
xxpc	吓跑
xxpb	下品
xxpd	下排
xxpa	吓怕
xxpj	下盘
xxpo	下坡
xxpu	下铺
xxqu	下去
xxqi	下棋
xxqm	下潜
xxqq	夏秋
xxqw	细嗅蔷薇
xxrf	吓人
xxri	夏日
xxrk	欣喜若狂
xxrn	选贤任能
xxrr	熙熙攘攘
xxru	栩栩如生
xxrl	新新人类
xxrz	先小人后君子
xxsi	吓死
xxss	形形色色
xxsw	形象思维
xxtm	夏天
xxta	下榻
xxtc	下套
xxtd	下台
xxtj	下探
xxti	下体
xxtn	下调
xxtu	下图
xxts	下同
xxtv	吓退
xxtz	下头
xxue	下设
xxuf	下身
xxug	小学生
xxui	心想事成
xxus	相形失色
xxuj	下山
xxuo	瞎说
xxuq	先下手为强
xxuu	下属
xxuv	下水
xxua	吓傻
xxuy	循循善诱
xxuz	下手
xxvs	想象中
xxvd	狭窄
xxvr	瞎转
xxvh	星星之火
xxvi	下肢
xxvl	夏装
xxvu	下注
xxvv	下坠
xxvy	行侠仗义
xxvz	下周
xxve	吓着
xxvg	瞎整
xxvx	瞎抓
xxvq	欣喜之情
xxwa	夏娃
xxwf	下文
xxwu	下午
xxwv	心向往之
xxwz	象形文字
xxww	血腥味
xxx	笑嘻嘻
xxxi	罅隙
xxxk	下行
xxxl	下乡
xxxm	下线
xxxb	小修小补
xxxp	瞎写
xxxn	狭小
xxxy	下旬
xxxt	下雪
xxxr	欣欣向荣
xxxv	心胸狭窄
xxxx	惺惺相惜
xxxg	息息相关
xxxa	心胸狭隘
xxyu	下雨
xxye	夏夜
xxya	下牙
xxyi	狭义
xxyt	下月
xxyb	下阴
xxyz	下游
xxyc	下药
xxyd	小心一点
xxyx	休息一下
xxyy	小心翼翼
xxyj	喜新厌旧
xxyk	喜笑颜开
xxys	喜形于色
xxzd	下载
xxzi	瞎子
xxzo	下作
xxzu	寻衅滋事
xxzt	惺惺作态
xxzl	学习资料
xxzh	下葬
xxzr	修行在个人
xybu	下一步
xybc	寻宝
xybg	心有不甘
xybl	形影不离
xybj	学艺不精
xybf	蓄意报复
xyci	下一次
xycb	喜忧参半
xycf	乡野村妇
xydd	新一代
xydv	心有独钟
xydg	兄友弟恭
xydm	鲜艳夺目
xyer	幸运儿
xyeq	向隅而泣
xyff	洗衣粉
xyfh	寻访
xyfm	降妖伏魔
xyfu	驯服
xyfw	逍遥法外
xyge	下一个
xygg	硝烟滚滚
xygo	殉国
xygf	寻根
xygv	勋贵
xygx	血缘关系
xygu	虚应故事
xyhr	循环
xyhc	讯号
xyhh	巡航
xyhv	巡回
xyhx	训话
xyhw	熏黑
xyhy	先抑后扬
xyia	巡查
xyif	心悦诚服
xyih	寻常
xyii	训斥
xyiz	寻仇
xyiq	相映成趣
xyiv	胸有成竹
xyix	相沿成习
xyim	降妖除魔
xyiy	夕阳产业
xyj	洗衣机
xyjm	巡检
xyjx	询价
xyjb	悬崖绝壁
xyju	稀有金属
xyji	迅即
xyjk	巡警
xyjp	迅捷
xyjt	勋爵
xyjr	现役军人
xyka	信用卡
xyke	下一刻
xykc	熏烤
xyl	吸引力
xyli	匈牙利
xylm	训练
xylo	巡逻
xylt	心有灵犀一点通
xylu	行云流水
xylw	迅雷
xylk	训令
xylx	心有灵犀
xylh	晓以利害
xymg	迅猛
xymi	寻觅
xymx	想也没想
xymm	硝烟弥漫
xymq	小有名气
xymh	心有猛虎
xymw	心有猛虎，细嗅蔷薇
xyn	下一年
xynj	殉难
xynn	心痒难耐
xynm	鲜衣怒马
xypv	稀有品种
xypd	学院派
xypp	汹涌澎湃
xypw	心有旁骛
xyqb	悬崖峭壁
xyqi	汛期
xyqk	殉情
xyqq	寻求
xyrf	寻人
xyr	吸引人
xyrj	熏染
xyrz	熏肉
xyri	旬日
xyrh	笑靥如花
xyse	逊色
xysi	寻思
xysu	迅速
xysy	闲言碎语
xytc	熏陶
xytu	西雅图
xyta	象牙塔
xytn	吓一跳
xyu	下意识
xyuf	西洋参
xyuu	协议书
xyui	巡视
xyuj	巡山
xyuc	巡哨
xyux	休养生息
xyuz	驯兽
xyud	下意识的
xyuv	骁勇善战
xyuy	享有盛誉
xyvc	寻找
xyve	循着
xyvh	勋章
xyvi	殉职
xyvj	巡展
xyvf	巡诊
xyvg	熏蒸
xyvt	象牙之塔
xyvy	学以致用
xywf	询问
xywi	习以为常
xywj	侠以武犯禁
xywm	相依为命
xywv	信以为真
xyww	羞与为伍
xywy	虚与委蛇
xywh	夕阳无限好
xyx	想一想
xyxi	讯息
xyxb	寻衅
xyxk	巡行
xyxl	熏香
xyxt	心意相通
xyxc	献言献策
xyxf	血雨腥风
xyxs	形影相随
xyxd	形影相吊
xyxu	相由心生
xyxx	夕阳西下
xyxy	闲言闲语
xyxh	血液循环
xyxw	相依相偎
xyye	巡夜
xyyh	闲云野鹤
xyyj	巡演
xyyl	行有余力
xyym	心猿意马
xyyq	吸引眼球
xyys	稀有元素
xyyz	巡游
xyyy	小隐隐于野
xyzg	兴妖作怪
xyzh	殉葬
xyzi	小姨子
xyzu	寻租
xyzs	寻踪
xyzz	逍遥自在
xyzn	心有杂念
xzbk	心脏病
xzbd	行踪不定
xzfw	学杂费
xzix	下自成蹊
xzjm	写字间
xzkl	现在看来
xzlz	写字楼
xzlh	幸灾乐祸
xzlu	现在来说
xzmo	瞎琢磨
xzmj	寻踪觅迹
xzmx	瞎子摸象
xzqu	协奏曲
xzrf	闲杂人
xzrd	闲杂人等
xzrj	惜字如金
xzti	选择题
xztd	写字台
xzul	削足适履
xzuv	虚则实之
xzum	心醉神迷
xzxk	选择性
xzxs	孝子贤孙
xzye	写作业
xzyf	雄姿英发
xzym	仙姿玉貌
xzyd	虚左以待
xzzq	西藏自治区
y	一
yzuy	友
yijk	已经
yzv	又
yz	有
yell	野
yel	业
yc	要
yi	以
ys	用
yua	于
yt	月
yr	元
ye	也
yu	与
yrke	园
yrk	员
yiv	已
yk	应
yzl	由
yilx	意
ykck	营
yiy	议
yidx	义
yb	因
yre	院
yri	原
yjy	严
yju	研
yyz	运
yuwo	育
yib	益
yh	样
yirv	亿
yzr	优
yio	易
ybex	隐
ybg	引
ya	亚
ycps	么
yrd	源
yiku	医
yko	影
yjm	验
yts	约
yic	艺
yhm	杨
yhy	养
ytt	越
yhl	央
ybj	银
yzd	游
yir	依
yzdy	油
ykc	英
yrz	远
ytp	乐
ycc	药
yur	余
yhe	阳
yus	预
yut	域
yjd	演
yjw	言
yj	眼
ybp	印
yusl	予
yy	云
yuz	遇
yrix	愿
ybl	音
yhd	洋
yai	压
ykz	迎
yhf	扬
ysd	永
yih	移
ysf	拥
yuy	语
ykoy	映
yzu	右
yjh	烟
yjdk	沿
yuxk	誉
yuw	玉
yew	夜
yek	叶
yzye	邮
yud	鱼
yjz	延
yuad	雨
yiwy	衣
yis	异
ytz	跃
yiry	仪
yzyd	尤
yzud	尤
yibq	宜
yku	硬
ybu	饮
yss	勇
yiz	遗
yibr	疑
ycz	邀
yrf	援
yjt	盐
yay	雅
yhbl	羊
ykn	盈
yuda	渔
yaa	牙
yupk	裕
yzx	忧
yrkr	圆
yed	液
yil	毅
yiyq	谊
yys	允
ykw	赢
yzyl	幼
yjhh	炎
yiw	亦
yurx	愈
yun	娱
yjn	燕
yja	燕
ycf	摇
yubr	欲
yuky	吁
ybe	阴
yaf	押
yje	岩
yiby	疫
yedk	冶
yupb	舆
yrs	缘
yii	役
yub	宇
yixv	忆
ycx	耀
ytm	阅
yif	抑
yux	羽
ykb	颖
yrt	袁
yzq	犹
yzy	诱
yivv	乙
yiyl	译
yjb	宴
yuzd	逾
yco	腰
yjf	艳
yea	页
yczf	遥
yhq	氧
yji	颜
ytq	岳
yeb	爷
yzrx	悠
ycnd	姚
yaj	鸭
yusn	豫
yrx	怨
yee	耶
yhr	仰
yix	翼
ycb	窑
ybn	姻
yuu	郁
yak	呀
ytpv	粤
yze	幽
yuby	寓
ytx	悦
yyn	孕
ykk	婴
yiib	蛇
yid	溢
ybpy	殷
yjp	殷
yim	椅
yjip	彦
yaiv	轧
yuq	狱
yuk	喻
yui	御
yycm	蕴
ybd	淫
yad	涯
yyl	韵
yjfd	掩
ybv	尹
ykg	鹰
yjmj	阎
ysg	庸
yuxd	愉
ycw	瑶
yck	咬
yjif	雁
yhh	秧
yrdl	渊
yup	禹
yurd	俞
yizd	逸
yae	崖
yrc	苑
ysry	俑
yucc	蔚
yac	芽
ybc	荫
yumd	榆
ytk	曰
yuyx	愚
yca	尧
ysz	踊
yekd	咽
yjk	咽
yyy	酝
yyls	耘
yaky	哑
yjiq	厌
ycj	钥
ytjo	钥
yiiy	蚁
ybk	吟
yudd	渝
yia	夷
yuuc	尉
ysr	佣
ykch	荧
yikb	邑
yzrk	佑
ybb	瘾
ycy	谣
ycyf	谣
yem	椰
yisl	绎
yrb	冤
ybbb	寅
ysk	咏
yuh	虞
yue	屿
yiwk	裔
yuek	峪
yyo	晕
ycxo	肴
yyb	匀
ykm	樱
yjtn	堰
yin	姨
yugg	粥
yayn	鸦
ykwy	瑛
yum	驭
ybcd	茵
yjue	砚
yihb	熠
yuwd	瑜
yisu	矣
yrn	媛
ysw	雍
yeh	烨
yjkk	唁
yul	禺
yyc	芸
yki	蝇
yupv	毓
yie	屹
yan	娅
yye	陨
yikr	颐
yrq	猿
ycp	夭
yrta	垣
yirk	倚
yiyo	诣
yioy	胰
yzpy	釉
yhb	痒
ykcx	萦
yjvh	焉
yjon	晏
yhbp	疡
yo	哟
yzm	柚
yuey	隅
ykcn	莺
yhdy	泱
yssy	甬
ykbr	颍
ycr	侥
ycky	吆
yjiz	蜒
ysj	镛
yzj	铀
yza	鱿
ycba	疟
yuc	芋
yjr	俨
yyu	熨
yjo	腌
yjnk	妍
yefn	掖
yiwc	弈
yiiu	轶
yks	缨
ykd	瀛
ykny	媖
yubd	瘀
yiml	驿
yzko	囿
ycn	妖
ybtj	圻
yjyp	谚
yiu	壹
yuzy	迂
yrtx	塬
yhyx	恙
yso	臃
yyk	郧
yrte	垸
yelp	曳
yjwe	兖
yjv	筵
yyv	筠
ybt	垠
yiq	猗
yuhl	煜
yhyn	鸯
yjrn	偃
yhi	徉
yjms	闫
yeou	晔
yuo	昱
yzaa	酉
yzxa	酉
yzrw	攸
yzh	黝
ycv	幺
yiox	臆
yiad	弋
ykkf	罂
yijy	铱
yab	丫
yjnh	嫣
yifk	旖
yeyv	谒
yufd	於
yriy	辕
ykcu	荥
ybne	鄞
yupn	臾
ycm	杳
ykci	萤
yzcn	莠
ysv	邕
yzbq	猷
yaiy	蚜
yjdt	湮
yuym	盂
yjir	赝
yizy	迤
yjod	胭
yiru	佚
ysi	蛹
yuv	聿
yeo	腋
ykdy	滢
ykcj	蓥
yiyk	诒
ycpj	舀
yhry	佯
yssx	恿
yuvy	竽
yat	垭
yeka	噎
yunx	妪
yyxi	恽
yyw	韫
ytml	栎
yar	伢
yiux	懿
ykke	郢
yiuk	饴
yiel	峄
yuoy	腴
yuyd	谕
ycbl	窈
yife	揖
yiok	眙
ycof	曜
ybi	蚓
yry	鸢
yybe	郓
yij	镒
ykct	茔
yirq	仡
ybqd	氤
yhx	怏
yuf	揄
yyq	氲
yef	揶
yihx	黟
yjdb	滟
yuvk	龉
ytj	钺
yyd	殒
yaq	氩
yam	桠
ybpv	胤
yzi	蚰
yrw	瑗
yaw	琊
ykkn	嘤
yzb	疣
yhhp	炀
yhhy	烊
yei	靥
yiky	咿
yifb	挹
yism	缢
ysx	慵
yzk	呦
yikv	呓
yurt	俣
yrky	圜
yyxm	愠
yswt	壅
yug	庾
yzil	蚴
yunl	妤
yik	咦
yier	嶷
yixc	羿
ycpn	鹞
yijv	钇
yida	殪
ysb	痈
yafn	揠
yey	邺
ysa	鳙
yjx	恹
yrp	爰
yjed	崦
yjc	芫
yrce	芫
yicy	荑
yicx	薏
yzcy	莸
yuyr	欤
ybbo	窨
yred	鼋
ytmv	樾
ybko	喑
yst	墉
yyod	昀
ycxx	爻
yiiw	蜴
ybjd	铟
yzc	莜
yikx	噫
ykwn	璎
yzjo	铕
yzbo	宥
yuma	阈
yibx	癔
ybdd	洇
yued	嵛
yhg	鞅
ybq	氤
ybx	夤
ykbn	瘿
yswl	饔
yuyk	雩
yubn	鹆
yrm	橼
yucv	菀
yjj	鼹
ycpx	繇
yzpx	繇
yicr	苡
ybkl	吲
ysky	喁
yzla	卣
yzpf	牖
yikm	嗌
yao	睚
yjil	餍
yci	徭
yibt	瘗
yoko	唷
yukg	圉
yuia	蜮
yaz	迓
yiro	佾
yitw	埸
yby	霪
ybce	茚
yzjy	鼬
ycik	轺
yej	铘
yit	圯
yubg	窳
yuuy	饫
yucr	蓣
ytd	瀹
ycjd	铫
yjs	罨
ycaf	鳐
yce	崾
ycef	陶
yivy	舣
ykon	媵
yzro	侑
yuqh	狳
ytr	龠
ytkx	哕
yty	说
yaey	岈
yau	砑
ycwd	珧
ykf	撄
yujc	舁
yrxo	眢
yrv	箢
yrfu	掾
yto	刖
yyqe	狁
yeu	馌
yivk	𬺈
yjsb	𬙂
ysm	栐
ysy	颙
ytey	彟
yth	爚
yuwy	玙
yudo	淯
yupd	褕
yyyr	𫖳
yhjp	钖
yzay	鲉
yawy	玡
yatt	堐
yaqd	猰
ybxo	愔
ybm	訚
ybug	硍
ybej	崟
ybxr	歅
ybdy	溵
ybpt	禋
yblx	慭
ybkk	嚚
ybw	珢
ycew	峣
ycg	靿
ycbo	窅
ycnf	媱
ycs	约
yho	旸
yhj	飏
yhw	玚
yhk	咉
yhty	垟
yhyy	羕
yidb	浥
yip	祎
yipn	乂
yiim	螠
yimy	杙
yiou	昳
yibl	宧
yium	尾
yirl	食
yinx	嫕
yisx	𫄷
yivx	簃
yird	㑊
yjkz	觃
yjde	沇
yjlt	䶮
yjeq	𪩘
yjrc	弇
yjmh	棪
yjdc	渰
yjth	墕
yjdh	漹
yjin	蝘
yjbg	戭
yjhw	甗
ykcf	䓨
ykdm	溁
yrdy	湲
yrne	妧
yrio	蜎
yrnx	嫄
yrmx	𫘪
yshy	㶲
ysty	埇
ysge	鄘
ysay	鲬
ysdf	澭
yyh	馧
ytw	玥
yuto	堉
yudr	滪
yuqd	㺄
yucd	薁
yuzk	遹
yuhk	燏
yywr	赟
yysm	缊
yyns	妘
yzp	祐
yzmh	槱
yzlw	耰
ybmt	𬮱
yicn	𬟁
yjkn	𬸘
ytqn	𬸚
yiaa	一
yela	业
yskl	用
yual	于
ytka	月
yree	元
yev	也
yuaa	与
yykr	员
ykga	应
yyzs	运
yzvn	又
yhmy	样
yzry	优
yaay	亚
yrdx	源
ykop	影
yicv	艺
yhyl	养
yttv	越
yhlg	央
yzdz	游
ytpd	乐
yccu	药
yurh	余
yheo	阳
yuta	域
yjog	眼
ybpe	印
yyes	云
yblo	音
yaid	压
ykze	迎
yhfp	扬
ysfy	拥
yewn	夜
yeku	叶
ytzy	跃
ybur	饮
yssl	勇
yizr	遗
yczw	邀
yjtm	盐
yayf	雅
yaap	牙
yzxy	忧
yunt	娱
yjah	燕
ybeo	阴
yafj	押
yjeu	岩
ycxf	耀
ytme	阅
yrty	袁
yzqy	犹
yzyn	诱
yjbn	宴
ycon	腰
year	页
ytqe	岳
yebe	爷
yajn	鸭
yrxx	怨
yeee	耶
yhre	仰
ycbf	窑
ybnd	姻
yzey	幽
ytxe	悦
yynz	孕
yjpy	殷
yukd	喻
yuie	御
ybdr	淫
yadt	涯
ybvp	尹
ykgn	鹰
yaet	崖
yrcv	苑
yacy	芽
ycaw	尧
yszy	踊
yjkd	咽
ycjo	钥
ybbx	瘾
yeme	椰
yyoi	晕
yiny	姨
yumy	驭
yrny	媛
yycs	芸
ykid	蝇
yany	娅
yrqy	猿
ycpd	夭
yok	唷
ycrw	侥
ysjl	镛
yksn	缨
ykdf	瀛
ycny	妖
ysof	臃
yyke	郧
ybtg	垠
yuol	昱
yzhl	黝
ycvs	幺
yabl	丫
ysvb	邕
yeon	腋
yaty	垭
yary	伢
yryn	鸢
yhxy	怏
yyqm	氲
yefe	揶
yamy	桠
yawe	琊
yeim	靥
yzkl	呦
ysby	痈
ysal	鳙
yrpy	爰
yjce	芫
ystl	墉
yzcw	莜
yhgy	鞅
yaot	睚
ycif	徭
yazy	迓
yeje	铘
yjsd	罨
ycen	崾
ytrc	龠
yauy	砑
ykfn	撄
ytod	刖
ysmy	栐
ybmk	訚
ycgl	靿
yhop	旸
yhwp	玚
yhky	咉
yipw	祎
ytwo	玥
yevv	也
yoku	哟
yq	要求
yd	一定
yw	因为
yg	应该
yv	一直
yx	一下
yn	云南
yl	原来
yp	一片
yf	缘分
ym	郁闷
yaan	雅安
yaba	哑巴
yabc	押宝
yabm	压扁
yabo	鸭脖
yabk	牙病
yacc	牙槽
yadc	压倒
yadh	亚当
yadi	压低
yadv	压队
yadj	鸭蛋
yadk	压顶
yadm	雅典
yadr	压断
yadn	牙雕
yafg	牙缝
yagf	压根
yagc	牙膏
yagr	雅观
yagz	牙垢
yagj	鸭肝
yagl	亚光
yago	压过
yagv	有碍观瞻
yahk	压坏
yahz	押后
yahv	押回
yahr	丫鬟
yahw	雅黑
yahf	压痕
yahu	雅虎
yahc	雅号
yaho	哑火
yaie	押车
yaii	牙齿
yaih	鸭肠
yail	牙床
yaif	牙碜
yais	蚜虫
yajb	押金
yajk	雅静
yajm	雅间
yajp	押解
yaju	哑剧
yajx	压价
yajy	亚军
yake	牙科
yakx	压垮
yaki	有案可查
yakr	押款
yakz	牙口
yali	压力
yalk	哑铃
yall	雅量
yamm	阴暗面
yama	亚麻
yamf	衙门
yami	哑谜
yanw	衙内
yapo	压迫
yapc	哑炮
yapm	鸦片
yaqm	牙签
yaqu	雅趣
yaql	压强
yarz	鸭肉
yarf	雅人
yarj	哑然
yars	鸭绒
yaso	压缩
yasi	压死
yass	押送
yasu	雅俗
yasv	压碎
yata	压塌
yatd	亚太
yatg	牙疼
yats	牙痛
yatz	丫头
yatk	丫挺
yaue	鸭舌
yauc	压哨
yaui	雅士
yaux	牙刷
yauh	因爱生恨
yavz	亚洲
yava	压榨
yave	压着
yavf	压阵
yavi	压制
yavu	压住
yavh	鸭掌
yawh	押往
yawj	压弯
yaxm	压线
yaxk	雅兴
yaxt	鸭血
yaxp	鸭血
yaxx	压下
yayb	牙龈
yayi	压抑
yayu	亚于
yayy	押韵
yayh	又爱又恨
yazd	压在
yazi	鸭子
yazo	雅座
ybdp	阴跌
yban	阴暗
ybba	眼巴巴
ybbj	一般般
ybbc	引爆
ybbd	银白
ybbh	夜不闭户
ybbi	隐蔽
ybbn	音标
ybbq	一病不起
ybbt	衣不蔽体
ybbu	一步步
ybbm	一遍遍
ybbl	一把鼻涕一把泪
ybch	隐藏
ybci	因此
ybcc	一步错，步步错
ybco	也不错
ybdc	引导
ybde	引得
ybdh	淫荡
ybdi	阴蒂
ybdn	音调
ybds	引动
ybdt	一步登天
ybdu	印度
ybdw	一步到位
ybdg	一笔带过
ybdz	引逗
ybeg	掩鼻而过
ybel	有备而来
yber	因而
ybey	一般而言
ybff	一部分
ybfa	引发
ybfg	阴风
ybfu	音符
ybfl	永不分离
ybfq	月白风清
ybfr	一部分人
ybgf	银根
ybgl	银光
ybgo	因果
ybgu	因故
ybgx	一笔勾销
ybgs	夜不归宿
ybgz	阴沟
ybh	也不会
ybhc	引号
ybhe	银河
ybhh	银行
ybhj	隐含
ybhm	烟波浩渺
ybho	引火
ybhr	隐患
ybhf	印痕
ybhv	隐晦
ybhx	印花
ybhy	阴魂
ybhb	一报还一报
ybia	饮茶
ybic	印钞
ybid	银钗
ybif	阴沉
ybig	言必称
ybih	吟唱
ybij	引产
ybil	哑巴吃黄连
ybir	银川
ybiu	引出
ybim	夜不成寐
ybiy	阴唇
ybjb	引进
ybjf	眼不见，心不烦
ybji	印记
ybjj	眼不见为净
ybjk	阴茎
ybjl	由表及里
ybjm	引荐
ybjp	音节
ybjq	饮酒
ybju	隐居
ybjr	也不尽然
ybjy	言不及义
ybjg	养不教父之过
ybjx	语不惊人死不休
ybjn	养不教
ybkv	哑巴亏
ybkd	引开
ybkj	遥不可及
ybkt	仰不愧天
ybkq	一鼻孔出气
yblj	用不了多久
ybld	引来
yble	淫乐
yblg	阴冷
ybli	阴历
yblk	引领
ybll	音量
yblm	银联
ybln	饮料
yblq	引流
yblr	淫乱
yblu	一不留神
yblv	音律
yblw	也不例外
ybmd	阴霾
ybmc	阴毛
ybmi	隐秘
ybmj	隐瞒
ybmu	银幕
ybmz	阴谋
ybmo	隐没
ybma	饮马
ybng	也不能
ybni	印尼
ybnh	阴囊
ybnm	夜不能寐
ybnu	也不能说
ybnj	一把年纪
ybpb	音频
ybpd	银牌
ybpk	银屏
ybpm	犹抱琵琶半遮面
ybpn	银票
ybqb	殷勤
ybqi	引起
ybqk	引擎
ybqp	殷切
ybqr	养兵千日
ybqu	养兵千日，用兵一时
ybr	要不然
ybrc	义不容辞
ybrx	衣不如新
ybrg	衣不如新，人不如故
ybrf	隐忍
ybrj	印染
ybrm	原班人马
ybru	引入
ybry	也不容易
ybrz	阴柔
ybsr	也不算
ybse	银色
ybsf	阴森
ybsg	夜半三更
ybsi	隐私
ybss	吟诵
ybsu	因素
ybsv	一波三折
ybsy	阴损
ybst	一步三回头
ybtm	阴天
ybth	印堂
ybts	隐痛
ybtv	隐退
ybto	音托
ybtd	一败涂地
ybtt	仪表堂堂
ybuf	隐身
ybui	饮食
ybuh	用不上
ybuu	引述
ybuv	饮水
ybux	印刷
ybuj	银山
ybuw	也不失为
ybuz	一把手
ybun	一把屎一把尿
ybvc	用不着
ybvb	以暴制暴
ybvd	也不知道
ybve	印着
ybvf	银针
ybvg	印证
ybvh	印章
ybvi	音质
ybvz	银轴
ybvj	一本正经
ybvl	一臂之力
ybvq	玉不琢，不成器
ybvs	隐衷
ybvu	以彼之道还治其人之身
ybvy	一步之遥
ybww	因为
ybwf	引文
ybwh	有备无患
ybwg	也不为过
ybwl	一本万利
ybwp	一波未平
ybwq	一波未平一波又起
ybwe	一般无二
ybxb	音信
ybxi	因袭
ybxu	阴虚
ybxt	一比吓一跳
ybxk	隐形
ybxl	印象
ybxm	阴险
ybxn	音效
ybxp	淫邪
ybxv	鹬蚌相争
ybxx	一不小心
ybxy	音讯
ybxq	咽不下这口气
ybxz	欲把西湖比西子
ybya	银牙
ybyb	隐隐
ybyc	要不要
ybyh	阴阳
ybyi	音译
ybyk	阴影
ybyr	姻缘
ybys	引用
ybyt	音乐
ybyu	阴雨
ybye	夤夜
ybyz	引诱
ybyd	也不一定
ybyf	一饱眼福
ybyx	允不允许
ybyj	要不要紧
ybyl	要不要脸
ybyq	亦步亦趋
ybyv	言不由衷
ybyy	愿不愿意
ybyg	也不应该
ybym	越帮越忙
ybz	一辈子
ybzo	一不做
ybzi	银子
ybzw	淫贼
ybzm	也不怎么
ybzb	一败再败
ybzh	一鼻子灰
ybzv	拥兵自重
ybzx	一不做，二不休
ybzy	有鼻子有眼
ycai	要隘
ycan	要案
ycbc	腰包
ycbd	摇摆
ycbj	腰板
ycbu	要不
yccc	药草
yccd	药材
ycci	一次次
ycdc	要道
ycdd	腰带
ycde	要得
ycdf	阴曹地府
ycdh	摇荡
ycdi	要地
ycdk	咬定
ycdm	要点
ycdn	咬掉
ycdr	咬断
ycds	摇动
ycdz	以词定字
ycer	幺儿
ycej	一蹴而就
ycel	由此而来
ycff	药粉
ycfh	药房
ycfj	要饭
ycfu	腰腹
ycfw	药费
ycfa	妖法
ycfi	异彩纷呈
ycgc	药膏
ycgs	邀功
ycgo	腰果
ycgj	腰杆
ycgk	妖怪
ycgr	药罐
ycgu	腰鼓
ycgy	摇滚
ychc	要好
ychd	要害
yche	吆喝
ychl	摇晃
ycho	要货
ychv	要回
ychx	要花
ycis	要冲
ycih	以次充好
ycii	瑶池
ycir	谣传
ycjb	要紧
ycjg	有错就改
ycjl	言辞激烈
ycji	药剂
ycjk	妖精
ycjm	腰间
ycjq	药酒
ycjt	要诀
ycjx	要价
yckj	要看
yckk	要快
ycks	遥控
yckx	腰胯
yckl	由此看来
yckv	由此可知
ycln	原材料
ycld	要来
yclj	摇篮
ycli	药理
yclk	要领
yclm	要脸
yclt	以此类推
yclu	摇橹
ycme	要么
ycmk	要命
ycmu	要目
ycmm	药棉
ycmo	妖魔
ycmw	妖媚
ycng	要能
ycnp	妖孽
ycnv	妖女
ycpb	药品
ycpk	药瓶
ycpu	药铺
ycpm	药片
ycpo	咬破
ycqq	要求
ycqk	邀请
ycqi	妖气
ycql	要强
ycqm	要钱
ycrc	妖娆
ycrf	咬人
ycrh	要让
ycsd	要塞
ycsi	要死
ycsr	腰酸
ycsu	要素
yctz	摇头
yctg	腰疼
yctn	窈窕
ycts	腰痛
yctv	腰腿
yctu	与此同时
ycuf	腰身
ycuh	咬伤
ycui	要是
ycuj	因材施教
ycuo	要说
ycuu	妖术
ycuv	药水
ycuy	尧舜
ycvi	腰肢
ycve	夭折
ycvh	要账
ycvd	要债
ycvu	咬住
ycvv	腰椎
ycwf	要闻
ycwh	遥望
ycwj	药丸
ycwu	药物
ycww	腰围
ycwr	以此为荣
ycwv	以此为准
ycxk	药性
ycxl	要想
ycxn	药效
ycxp	要挟
ycxt	药学
ycya	咬牙
ycyb	药引
ycyc	摇摇
ycye	摇曳
ycyg	与此有关
ycyi	阴错阳差
ycyj	谣言
ycym	一草一木
ycyq	淫词艳曲
ycyr	遥远
ycys	要用
ycyt	邀约
ycyy	越挫越勇
ycyz	要有
yczi	咬字
yczc	一错再错
yczu	瑶族
yczz	言辞凿凿
yda	印第安
ydar	印第安人
ydb	一大半
ydba	一大把
ydbr	一大帮人
ydbj	一动不如一静
ydbo	一大波
ydbd	一动不动
ydbi	药到病除
ydbh	一大帮
ydbu	言多必失
ydby	以德报怨
ydcr	应对从容
ydd	一点点
yddf	有的地方
yddm	以点带面
yddu	压倒多数
yddv	一大堆
yder	一点儿
ydei	易地而处
ydel	远道而来
ydeg	一带而过
ydfj	一顿饭
ydff	一顿饭功夫
ydfi	雨打风吹
ydfw	一定范围
ydfl	一代风流
ydfq	云淡风轻
ydfu	有的放矢
ydfr	以德服人
ydfg	羊癫疯
ydgs	一等功
ydgd	以毒攻毒
ydgm	以点概面
ydhx	一段话
ydhz	焉得虎子
ydir	一大串
ydiy	远渡重洋
ydid	一定程度
ydiu	一定程度上
ydjl	一等奖
ydjp	一大截
ydju	邮电局
ydjz	一大家子
ydjm	一地鸡毛
ydjv	一点就着
ydjh	衣带渐宽终不悔
ydkz	一大口
ydkj	一道坎
ydky	一定可以
ydkl	元旦快乐
ydli	意大利
ydlo	一大摞
ydld	一刀两断
ydma	源代码
ydmf	有点麻烦
ydna	雅典娜
ydny	印度尼西亚
ydpm	一大片
ydpi	一大批
ydqy	一大群
ydqp	一刀切
ydqx	以大欺小
ydqg	欲戴其冠
ydr	有的人
ydrf	一代人
ydrl	应答如流
ydsu	胰岛素
ydsm	亚当·斯密
ydsb	亚的斯亚贝巴
ydsi	约定俗成
ydsy	一箪食，一瓢饮
ydsg	一箪食，一豆羹
ydtz	冤大头
ydtb	原地踏步
ydtx	一定条件下
ydtj	一代天骄
ydui	有点事
yduh	有的时候
yduq	有待商榷
ydur	诱敌深入
yduo	应当说
ydum	赢得生前身后名
ydv	用得着
ydvc	应对之策
ydvy	因地制宜
ydwj	亚丁湾
ydwt	有点问题
ydwk	一睹为快
ydwm	羊大为美
ydxp	运动鞋
ydxu	异端邪说
ydxk	压倒性
ydxr	一代新人换旧人
ydy	运动员
ydyh	印度洋
ydyb	一点也不
ydyd	一点一滴
ydyl	一带一路
ydyp	有的一拼
ydyu	有得有失
ydyy	有多远滚多远
ydyq	压倒一切
ydyr	伊甸园
ydys	有点意思
ydzc	一大早
ydzq	一肚子气
ydzh	一肚子火
ydzu	一肚子坏水
ydzi	一肚子
yeba	也罢
yebj	夜班
yebp	也别
yebu	也不
yebc	业报
yebf	引而不发
yecc	野草
yecd	野菜
yecg	也曾
yeci	页次
yecj	野餐
yedg	夜灯
yedc	噎到
yedi	野地
yedl	掩耳盗铃
yedm	夜店
yedw	也得
yedv	也对
yedz	也都
yedt	悦耳动听
yefw	也非
yefl	养儿防老
yegd	也该
yegw	也给
yegj	也敢
yegk	也怪
yegl	夜光
yego	野果
yegv	夜归
yegz	野狗
yehc	也好
yehd	也还
yehf	也很
yeho	野火
yehu	夜壶
yehv	也会
yehx	野花
yeia	夜叉
yeie	以讹传讹
yeih	夜场
yeiv	野炊
yejb	冶金
yeji	业绩
yejk	液晶
yejm	夜间
yejn	页脚
yejp	业界
yejq	也就
yeke	也可
yekj	也看
yekk	也快
yeks	夜空
yeld	也来
yeli	夜里
yelm	冶炼
yelu	耶鲁
yelv	耶律
yelh	野狼
yema	野马
yemc	野猫
yemf	也门
yemh	夜盲
yemj	野蛮
yemm	页面
yemu	夜幕
yemw	页眉
yenj	也难
yeng	也能
yenq	野牛
yenw	业内
yepa	也怕
yepd	夜拍
yepc	夜跑
yepm	叶片
yeqk	也请
yequ	野趣
yerf	野人
yerh	也让
yers	椰蓉
yesr	也算
yese	夜色
yesu	耶稣
yesi	噎死
yesy	爷孙
yesj	一二三
yess	一二三四
yesw	一二三四五
yesl	一二三四五六
yesq	一二三四五六七
yetd	液态
yeti	液体
yetp	冶铁
yetk	也挺
yetu	野兔
yeuo	也说
yeug	野生
yeui	也是
yeuu	页数
yeuz	野兽
yeue	有二说二
yeve	业者
yevj	野战
yevh	业障
yevs	野种
yevu	业主
yewd	野外
yewj	夜晚
yewo	腋窝
yewu	业务
yeww	野味
yewx	言而无信
yexk	也行
yexu	也许
yexb	野心
yexi	夜袭
yexl	也想
yexn	夜宵
yexx	腋下
yeya	液压
yeyc	也要
yeye	爷爷
yeyf	一二月份
yeyi	业已
yeyj	夜宴
yeyk	野营
yeyr	幼儿园
yeys	也用
yeyu	业余
yeyx	言而有信
yeyz	也有
yeyn	养儿育女
yez	幺蛾子
yezd	一而再
yezi	叶子
yezs	一而再，再而三
yfbc	以防不测
yfbd	原封不动
yfbq	艳福不浅
yfbx	有福不享
yfbu	一发不可收
yfby	有法不依
yfcu	预防措施
yfcm	严父慈母
yfcv	莺飞草长
yfdk	一夫当关，万夫莫开
yfdg	一夫当关
yfdq	一夫多妻
yfdf	要风得风
yfdy	要风得风，要雨得雨
yffu	一帆风顺
yfgy	一分耕耘
yfgh	一分耕耘，一分收获
yfho	一分货
yfhx	一幅画
yfit	一反常态
yfiu	一佛出世
yfjh	一分价钱一分货
yfjq	一分价钱
yfjw	一反既往
yfkr	预付款
yfku	一番口舌
yfky	有法可依
yfle	要疯了
yfly	有凤来仪
yfld	幼发拉底
yfmm	一方面
yfny	吟风弄月
yfqm	一分钱
yfqh	一分钱一分货
yfqj	一发千钧
yfru	亦复如是
yfsv	约法三章
yfst	有负所托
yfsu	严防死守
yfsx	用非所学
yftx	有福同享
yftd	有福同享，有难同当
yfty	义愤填膺
yfuh	一分收获
yfuf	遇佛杀佛
yfur	一方水土养一方人
yfvs	一分钟
yfvv	阴风阵阵
yfvf	有夫之妇
yfvr	有福之人
yfvx	研发中心
yfwe	一分为二
yfwy	以防万一
yfxb	一封信
yfyu	依附于
yfyi	有房有车
yfyt	一房一厅
yfyf	愚夫愚妇
yfyr	应付裕如
yfym	一分一秒
yfys	移风易俗
yfyq	一夫一妻
yfyw	阳奉阴违
yfyh	扬帆远航
yfyy	鸢飞鱼跃
yfzi	一份子
yfzr	应付自如
ygbj	一个半
ygbm	雁过拔毛
ygbg	一个比一个
ygbv	一官半职
ygbx	一个巴掌拍不响
ygby	因果报应
ygbq	一个鼻孔出气
ygde	应该的
ygdy	一个多月
ygdv	一个多钟
ygdd	阳关大道
ygdl	一个顶俩
ygdc	阳关道
ygdr	一锅端
ygdu	一个多小时
ygdq	一个多星期
ygci	一个词
ygcl	阳光灿烂
ygeg	一个二个
ygej	一干二净
ygel	一概而论
ygef	有感而发
yger	鱼贯而入
ygei	鱼贯而出
ygff	一公分
ygfi	阴沟翻船
ygfm	一个方面
ygfj	以古非今
ygfq	异国风情
ygge	一个个
yggy	云贵高原
yggx	因果关系
yggu	圆鼓鼓
yghv	一锅烩
yghl	叶公好龙
yghx	以观后效
ygii	衣冠楚楚
ygil	一个唱红脸，一个唱白脸
ygj	一个劲
ygjb	一根筋
ygjq	压根就
ygjg	要怪就怪
ygjh	一个机会
ygkj	油光可鉴
ygl	英格兰
yglj	严格来讲
yglb	一个礼拜
yglz	一个例子
yglg	一个两个
yglh	一个来回
yglk	一个萝卜一个坑
ygll	眼观六路
yglu	雁过留声
yglv	一国两制
ygli	阴沟里翻船
yglf	眼观六路，耳听八方
ygmg	一个梦
ygmm	阳光明媚
ygmv	欲盖弥彰
ygmz	一个模子
ygnc	一股脑
ygpk	荧光屏
ygpv	阳光普照
ygqu	言过其实
ygqi	一顾倾人城
ygrf	一个人
ygru	月光如水
ygrd	艺高人胆大
ygsl	眼观四路
ygsj	勇冠三军
ygtq	雨过天晴
ygtx	异国他乡
ygtd	一个头两个大
ygui	应该是
ygul	严格说来
yguo	应该说
yguu	应该说是
ygux	有关事项
yguy	有关事宜
yguf	掩过饰非
ygud	眼高手低
yguj	一个世纪
yguw	一个上午
yguv	一个手指
ygut	一个手指头
ygvs	一个钟
ygvi	有功之臣
ygvq	阳刚之气
ygvj	有过之而无不及
ygvz	一锅粥
ygvu	倚官仗势
ygvt	一个钟头
ygvv	言归正传
ygwt	一个问题
ygwu	一个晚上
ygxq	一个星期
ygxu	一个小时
ygxw	一个下午
ygxh	因果循环
ygxv	因公殉职
ygyt	一个月
ygyd	眼高于顶
ygyh	言归于好
ygyj	有根有据
ygym	忧国忧民
ygyy	一个原因
ygyq	严格要求
ygys	于公于私
ygyu	愚公移山
ygyw	莺歌燕舞
ygyg	一个一个
ygyz	鱼肝油
ygya	一个愿打，一个愿挨
ygzi	一个字
ygzq	一鼓作气
ygzl	油光锃亮
ygzd	一竿子到底
ygzs	一棍子打死
ygzu	裕固族
yhbf	样本
yhbj	样板
yhbn	样表
yhbk	养病
yhbm	扬鞭
yhba	氧吧
yhbs	阴魂不散
yhbv	烟花爆竹
yhby	一呼百应
yhbt	一行白鹭上青天
yhcs	洋葱
yhda	养大
yhdq	沿海地区
yhdd	玉皇大帝
yhdf	因祸得福
yhdx	羽化登仙
yhej	一挥而就
yher	一会儿
yhes	一哄而散
yheu	一哄而上
yhff	养分
yhfg	月黑风高
yhfh	洋房
yhfj	扬帆
yhfa	养发
yhfu	欲火焚身
yhgc	羊羔
yhge	秧歌
yhgg	引吭高歌
yhgh	阳刚
yhgl	阳光
yhgr	阳关
yhgz	养狗
yhgs	佯攻
yhgu	养蛊
yhhh	央行
yhho	养活
yhhu	养护
yhhx	氧化
yhie	洋车
yhig	养成
yhiu	浴火重生
yhis	雨后春笋
yhiq	雨后初晴
yhix	羽化成仙
yhiy	阳春
yhjn	羊角
yhji	养鸡
yhjr	羊圈
yhjh	一会就好
yhjm	移花接木
yhjj	有何见教
yhjq	洋酒
yhju	有话就说
yhjx	养家
yhka	银行卡
yhku	有话快说
yhlc	养老
yhld	仰赖
yhli	阳历
yhlu	养路
yhll	眼花缭乱
yhln	养料
yhlx	烟花柳巷
yhlp	依葫芦画瓢
yhlq	杨柳
yhmc	羊毛
yhmk	扬名
yhmm	仰面
yhmn	秧苗
yhmp	与虎谋皮
yhmu	仰慕
yhmw	杨梅
yhnd	羊奶
yhnq	洋妞
yhnn	养鸟
yhnu	洋奴
yhnt	欲壑难填
yhnv	养女
yhpb	样品
yhpd	羊排
yhpc	洋炮
yhpi	羊皮
yhpk	阳平
yhpm	样片
yhpj	洋盘
yhqr	优惠券
yhqi	氧气
yhql	洋枪
yhqq	央求
yhqx	又好气又好笑
yhqv	迂回曲折
yhqy	羊群
yhrf	洋人
yhrs	羊绒
yhrz	羊肉
yhrx	殷红如血
yhsu	叶黄素
yhsj	阳伞
yht	雨花台
yhtd	阳台
yhtz	仰头
yhtc	杨桃
yhto	羊驼
yhtm	秧田
yhu	一回事
yhuf	养身
yhug	养生
yhuh	养伤
yhui	样式
yhuz	阳寿
yhuo	阳朔
yhuv	羊水
yhuu	引火烧身
yhuy	月黑杀人夜
yhuj	野火烧不尽
yhur	月黑杀人
yhv	与会者
yhve	养着
yhvh	仰仗
yhvi	养殖
yhvl	佯装
yhvu	养猪
yhvz	扬州
yhvd	阳宅
yhvj	有何指教
yhwf	洋文
yhwh	仰望
yhwo	仰卧
yhwl	有害无利
yhwq	贻害无穷
yhwg	以和为贵
yhwu	洋务
yhww	阳痿
yhwc	倚红偎翠
yhwy	有害无益
yhxi	异乎寻常
yhxk	阳性
yhxl	洋相
yhxm	阳线
yhxv	鱼和熊掌
yhyh	样样
yhyi	洋溢
yhyj	养眼
yhyr	颐和园
yhys	仰泳
yhyu	养鱼
yhyg	游魂野鬼
yhzi	样子
yhzs	炎黄子孙
yhzv	洋罪
yhzf	引火自焚
yian	议案
yiba	一把
yibb	宜宾
yibc	医保
yibd	一百
yibf	一本
yibh	一帮
yibi	一笔
yibj	一般
yibk	一并
yibm	一遍
yibn	仪表
yibo	衣钵
yibp	一别
yibu	一步
yibw	一倍
yice	一侧
yicg	一层
yici	一次
yicj	一餐
yics	依从
yicu	一簇
yidk	一定
yidc	一道
yidd	一代
yide	医德
yidz	一抖
yidg	一等
yidh	一挡
yidi	异地
yidm	一点
yido	一朵
yidr	一段
yids	移动
yidu	一度
yidv	一堆
yidy	一顿
yidj	一旦
yidp	一碟
yiec	一差二错
yief	一触而发
yieq	扬长而去
yifa	依法
yiff	一份
yifg	一封
yifh	乙方
yifj	一番
yifu	衣服
yifw	已非
yifs	言出法随
yige	一个
yigc	译稿
yigd	一概
yigf	一根
yigj	乙肝
yigo	已过
yigr	一贯
yigs	一共
yigu	一股
yigv	衣柜
yigh	一缸
yihc	一号
yihe	一盒
yihh	一行
yihd	遗骸
yihf	遗恨
yihj	遗憾
yihl	一晃
yiho	疑惑
yihr	一环
yihu	医护
yihv	一回
yihy	已婚
yihz	以后
yiig	议程
yiif	阴沉沉
yiih	一场
yiij	遗产
yiir	遗传
yiil	一床
yiii	一尺
yiis	益虫
yijb	一斤
yiji	以及
yijm	意见
yijn	移交
yijl	已将
yijp	一届
yijq	依旧
yiju	依据
yijx	一家
yijr	语出惊人
yijj	有产阶级
yijf	一触即发
yikc	依靠
yikd	移开
yike	一颗
yikj	一看
yikk	一块
yikz	一口
yiks	一场空
yild	依赖
yilg	一愣
yilh	伊朗
yili	毅力
yilj	一览
yilk	衣领
yill	一辆
yilm	依恋
yiln	医疗
yilo	遗落
yilp	一列
yilq	遗留
yilu	一路
yilv	一律
yilw	一类
yily	议论
yilz	遗漏
yimg	一场梦
yimk	一名
yimc	衣帽
yima	姨妈
yimb	移民
yimf	一门
yimi	乙醚
yimm	以免
yimn	一秒
yimo	一抹
yimu	一幕
yimw	一枚
yimd	夜长梦多
yimv	一筹莫展
yina	一刹那
yini	旖旎
yinj	疑难
yinl	姨娘
yinm	意念
yinv	义女
yinw	以内
ying	异能
yipm	一篇
yipb	一品
yipd	一排
yiph	一旁
yipi	一批
yipk	一瓶
yipf	一盆
yipp	一瞥
yipj	一盘
yiqi	一起
yiqk	疫情
yiql	一枪
yiqm	以前
yiqp	一切
yiqq	以求
yiqr	一圈
yiqt	乙炔
yiqu	一曲
yiqy	一群
yiqg	永垂千古
yirf	艺人
yiri	一日
yirj	依然
yirs	易容
yise	一色
yisi	意思
yiso	一所
yisz	一艘
yiss	移送
yisv	一岁
yisc	一扫
yisj	逸散
yisr	乙酸
yisy	阳春三月
yitc	一套
yitd	一台
yith	一趟
yiti	一体
yitm	一天
yitn	一条
yito	依托
yitr	疑团
yits	异同
yitu	意图
yitz	一头
yitv	已退
yiua	一霎
yiuc	一勺
yiub	一传十十传百
yiuf	一身
yiug	医生
yiuh	以上
yiui	意识
yiuj	一闪
yiul	遗孀
yiuo	一说
yiuu	艺术
yiuy	一瞬
yiuz	一首
yivi	一致
yivc	依照
yive	依着
yivf	一阵
yivh	一张
yivj	驿站
yivl	衣装
yivo	衣着
yivs	一种
yivu	医嘱
yivr	已转
yivz	一周
yivg	癔症
yiwd	意外
yiwf	疑问
yiwg	腰缠万贯
yiwh	以往
yiwj	一万
yiwn	遗臭万年
yiwm	以丑为美
yiwo	一窝
yiwu	义务
yiwv	运筹帷幄之中
yiww	以为
yixx	以下
yixb	疑心
yixy	依循
yixi	依稀
yixk	异性
yixm	一线
yixn	一笑
yixp	一些
yixl	意向
yixq	衣袖
yixs	疑凶
yixt	医学
yixd	以诚相待
yixj	一场虚惊
yiya	咿呀
yiyb	意淫
yiyc	医药
yiyx	宜嗔宜喜
yiye	一夜
yiyh	一样
yiyi	意义
yiyj	遗言
yiyr	医院
yiys	易用
yiyt	一月
yiyu	抑郁
yiyy	又臭又硬
yiyz	已有
yizc	一早
yize	一则
yizh	胰脏
yizi	椅子
yizm	一锤子买卖
yizo	一座
yizs	一宗
yizu	彝族
yizz	移走
yjbu	眼部
yjba	盐巴
yjan	延安
yjbd	眼白
yjbi	岩壁
yjbj	严办
yjbk	眼病
yjbm	演变
yjbo	演播
yjbq	玉洁冰清
yjbv	一蹶不振
yjbx	应接不暇
yjbl	有机玻璃
yjbt	月经不调
yjbz	有几把刷子
yjcc	烟草
yjcg	岩层
yjcd	腌菜
yjch	掩藏
yjci	言辞
yjcs	烟囱
yjcv	引咎辞职
yjcx	一决雌雄
yjca	冤假错案
yjck	一脚踩空
yjdd	眼袋
yjda	雅加达
yjdi	眼底
yjdj	有简打简
yjdm	唁电
yjdr	以己度人
yjds	岩洞
yjdu	研读
yjdz	烟斗
yjdl	引颈待戮
yjev	一击而中
yjfa	研发
yjff	盐分
yjfh	严防
yjfj	厌烦
yjfu	眼福
yjft	用进废退
yjfy	应激反应
yjfb	与己方便
yjgd	掩盖
yjge	严格
yjgr	烟管
yjgo	演过
yjgh	烟缸
yjgk	一将功成万骨枯
yjgl	眼光
yjgu	夜静更深
yjgv	烟鬼
yjgz	烟垢
yjgt	远近高低各不同
yjgx	一决高下
yjhc	演好
yjhd	沿海
yjhf	厌恨
yjhi	有机合成
yjhk	养家糊口
yjhl	炎黄
yjhj	严寒
yjho	验货
yjhr	延缓
yjhs	眼红
yjhu	掩护
yjhv	宴会
yjhx	眼花
yjhz	咽喉
yjhy	欲拒还迎
yjia	严查
yjig	严惩
yjih	延长
yjii	延迟
yjij	眼馋
yjim	一举成名
yjiu	演出
yjik	鹰击长空
yjiy	殃及池鱼
yjix	一箭穿心
yjjb	严禁
yjjd	引经据典
yjjg	远交近攻
yjji	演技
yjjk	眼睛
yjjl	演讲
yjjm	眼见
yjjn	眼角
yjjp	眼界
yjjq	研究
yjjr	厌倦
yjjy	严峻
yjju	盐焗
yjjc	有奖竞猜
yjjv	一击即中
yjke	眼科
yjki	有机可乘
yjkx	有迹可循
yjkg	严加看管
yjkj	眼看
yjkl	眼眶
yjks	严控
yjku	严酷
yjld	一举两得
yjli	眼里
yjlk	严令
yjlm	演练
yjln	颜料
yjlj	延揽
yjlo	阎罗
yjle	阉了
yjls	腰肌劳损
yjlu	沿路
yjlv	以假乱真
yjlw	眼泪
yjly	言论
yjlx	一家老小
yjlh	有句老话
yjmb	烟民
yjmi	严密
yjmk	严明
yjmm	颜面
yjmo	淹没
yjmd	掩埋
yjmz	眼眸
yjmp	湮灭
yjmu	烟幕
yjma	掩码
yjng	焉能
yjny	也就那样
yjnq	一将难求
yjpb	赝品
yjpi	眼皮
yjpj	研判
yjpn	验票
yjqi	延期
yjqk	宴请
yjql	用尽全力
yjqm	眼前
yjqq	眼球
yjqr	眼圈
yjqt	燕雀
yjqx	一见倾心
yjqv	御驾亲征
yjqu	远近亲疏
yjre	炎热
yjrg	一见如故
yjrj	嫣然
yjru	俨如
yjrz	腌肉
yjrf	一家人
yjry	由俭入奢易
yjrh	一家人不说两家话
yjrq	有简让全
yjso	研究所
yjse	颜色
yjsi	淹死
yjsr	盐酸
yjsu	严肃
yjsh	烟嗓
yjsv	芫荽
yjsz	语惊四座
yjsk	一家三口
yjsl	一己私利
yjsm	一鸡死，一鸡鸣
yjtc	研讨
yjtd	烟台
yjti	掩体
yjtj	言谈
yjtq	异军突起
yjtu	沿途
yjtz	烟头
yjtk	一脚踏空
yjtx	永结同心
yjuk	眼疾手快
yjup	有机食品
yjuc	有机蔬菜
yjud	一箭双雕
yjuf	眼神
yjug	衍生
yjui	演示
yjuo	演说
yjuu	眼熟
yjuv	盐水
yjuz	验收
yjul	眼霜
yjvc	眼罩
yjve	沿着
yjvg	验证
yjvi	颜值
yjvj	延展
yjvo	眼拙
yjvq	一见钟情
yjvs	严重
yjvu	眼珠
yjvy	一家之言
yjvz	欲加之罪
yjvd	一箭之地
yjvv	一家之主
yjvl	一己之力
yjwh	阎王
yjwo	燕窝
yjwg	殃及无辜
yjwt	以进为退
yjwl	有教无类
yjwq	有简无全
yjwu	延误
yjww	烟味
yjwx	有惊无险
yjwm	远近闻名
yjxi	演戏
yjxj	用尽心机
yjxs	英俊潇洒
yjxk	言行
yjxl	一觉醒来
yjxm	沿线
yjxq	研修
yjxr	养精蓄锐
yjxt	验血
yjxu	延续
yjxx	眼下
yjxy	烟熏
yjyb	烟瘾
yjyy	眼晕
yjyx	又惊又喜
yjyc	眼药
yjyd	一举一动
yjyl	寓教于乐
yjye	烟叶
yjyg	言简意赅
yjyh	艳阳
yjyi	演绎
yjyk	眼影
yjyn	有借有还，再借不难
yjyq	业精于勤
yjyr	演员
yjys	沿用
yjyu	言语
yjyv	一惊一乍
yjyj	咽炎
yjya	应急预案
yjyz	蜒蚰
yjzi	燕子
yjzl	牙尖嘴利
yjzv	烟嘴
yjzz	演奏
yjza	演砸
ykbb	迎宾
ykbh	英镑
ykbi	硬币
ykbm	应变
ykbt	一刻不停
ykbv	一客不烦二主
ykcd	英才
ykcy	英寸
ykda	应答
ykde	赢得
ykdh	应当
ykdi	营地
ykdp	影碟
ykdu	硬度
ykdv	应对
ykdc	一看到
yker	婴儿
yken	一哭二闹
yked	一哭二闹三上吊
ykfa	英法
ykfg	迎风
ykfh	营房
ykfu	应付
ykfv	亦可覆舟
ykgd	应该
ykgl	荧光
ykgo	英国
ykhe	迎合
ykhc	英豪
ykhj	英汉
ykhk	萦怀
ykho	萤火
ykhv	赢回
ykhx	樱花
ykhy	英魂
ykhz	影后
ykhb	一颗红心两手准备
ykif	映衬
ykig	影城
ykii	英尺
ykiy	迎春
ykiz	应酬
ykjp	迎接
ykjb	有口皆碑
ykji	应急
ykjk	应景
ykjm	硬件
ykjq	营救
ykjr	云开见日
ykju	影剧
ykjx	赢家
ykjy	英俊
ykkc	应考
ykkv	盈亏
ykle	赢了
ykli	盈利
yklz	影楼
yklu	一颗老鼠屎
yklv	一颗老鼠屎，坏了一锅粥
ykld	迎来
yklh	硬朗
ykly	英伦
yklk	英灵
yklp	英烈
yklx	一口老血
ykmi	影迷
ykmk	英明
ykmm	迎面
ykmo	英模
ykmw	英美
ykmc	硬毛
ykng	有可能
ykno	应诺
ykna	应纳
yknm	英年
yknf	有口难分
yknb	有口难辩
ykpm	影片
ykpb	应聘
ykpj	硬盘
ykpd	鹰派
ykpk	荧屏
ykq	一口气
ykqm	赢钱
ykqq	赢球
ykqb	迎亲
ykqi	硬气
ykqj	一刻千金
ykqt	盈缺
ykqr	鹰犬
ykqu	迎娶
ykqy	又恐琼楼玉宇
ykrc	萦绕
ykri	云开日出
ykss	迎送
yksu	罂粟
yksd	硬塞
yksy	鹰隼
ykst	忆苦思甜
yksh	眼空四海
yktc	樱桃
ykti	硬体
ykth	硬糖
yktj	影坛
yktk	硬挺
yktu	异口同声
yktz	迎头
ykue	映射
ykug	应声
ykuh	硬伤
ykui	影视
ykuv	应税
ykuo	硬说
ykuz	应收
ykud	一块石头落了地
ykv	眼看着
ykvc	鹰爪
ykvd	营寨
ykve	迎着
ykvg	应征
ykvh	营长
ykvi	英制
ykvj	迎战
ykvs	一刻钟
ykwf	英文
ykwl	欲哭无泪
ykws	云开雾散
ykwo	硬卧
ykwu	鹦鹉
ykww	应为
ykwx	有口无心
ykxl	影响
ykxb	迎新
ykxk	影星
ykxn	营销
ykxs	英雄
ykys	应用
ykyb	影音
ykyc	应邀
ykyd	一口咬定
ykye	营业
ykyh	营养
ykyj	应验
ykyk	一口一口
ykyg	一口一个
ykyr	影院
ykyu	英语
ykyy	营运
ykyz	应有
ykzc	营造
ykzi	影子
ykzo	硬座
ykzv	鹰嘴
ykzl	有空再聊
ykdx	医科大学
ylbn	一览表
ylbv	一鳞半爪
ylbd	意料不到
ylbh	于理不合
ylbl	一了百了
ylbz	有两把刷子
ylbg	有理不在声高
ylci	一两次
yldm	一两点
yldv	一两点钟
yldw	由里到外
yldh	舆论大哗
yleq	一来二去
ylew	一来二往
ylfw	医疗费
ylfv	一两分钟
ylff	议论纷纷
ylfr	以理服人
ylfi	一路风尘
ylfs	引领风骚
ylfh	原路返回
ylge	一两个
ylgv	一两个钟
ylgy	一两个月
ylgz	一两个字
ylgg	叶落归根
ylgm	用力过猛
ylgr	易拉罐
ylgw	与狼共舞
ylgl	一浪高过一浪
ylhv	一两回
ylhj	远来和尚好看经
ylhz	鱼龙混杂
ylhx	一脸坏笑
ylho	一路货
ylir	一连串
ylib	因利乘便
ylid	一力承当
ylii	疑虑重重
ylih	游乐场
ylix	远离尘嚣
ylit	优良传统
ylj	一两句
yljb	养老金
yljy	御林军
yljh	一两句话
yljt	一连几天
yljv	雨露均沾
yljj	因陋就简
ylju	以卵击石
yljd	舆论监督
ylke	伊拉克
ylkt	有利可图
ylkx	一脸苦相
ylle	又来了
yllu	一粒老鼠屎
yllv	一粒老鼠屎，坏了一锅粥
ylmf	跃龙门
ylml	倚老卖老
ylmm	一脸迷茫
ylmr	一脸茫然
ylnm	一两年
ylnf	一路逆风
ylpa	一路平安
ylpu	一路攀升
ylqr	娱乐圈
ylqv	一落千丈
ylqm	意乱情迷
ylrc	原来如此
ylrj	夜阑人静
ylru	引狼入室
yls	一两岁
ylsw	迎来送往
ylsv	养老送终
ylsl	耶路撒冷
ylsu	叶绿素
ylsd	英伦三岛
yltm	一两天
yltx	一路同行
yltu	以卵投石
yltj	有利条件
yluh	一路上
ylui	原来是
ylub	伊丽莎白
ylud	亚历山大
yluf	一路顺风
yluu	衣来伸手
ylum	意乱神迷
yluq	有理说不清
ylvs	意料中
ylvu	意料中事
ylvv	意料之中
ylvq	叶落知秋
ylvw	意料之外
ylvf	优劣之分
ylvx	一览众山小
ylw	阎罗王
ylwg	一脸无辜
ylwh	以邻为壑
ylwu	与邻为善
ylww	眼泪汪汪
ylwl	云里雾里
ylwy	一览无余
ylwt	月落乌啼霜满天
ylx	依赖性
ylxu	一两小时
ylxd	以礼相待
ylxi	月落星沉
ylxk	娱乐性
ylxz	有两下子
ylxp	一路小跑
ylxm	以泪洗面
ylxq	一路向前
ylxf	游龙戏凤
ylxg	眼露凶光
ylxj	瑶琳仙境
ylxx	月朗星稀
ylxv	游龙戏珠
ylxh	一力降十会
yly	越来越
ylyb	有利有弊
ylyi	越来越差
ylyw	有来有往
ylyd	越来越多
ylye	又冷又饿
ylyh	越来越好
ylyx	越来越像
ylyj	有理有据
ylyk	又累又困
ylyl	娱乐娱乐
ylyn	越来越难
ylyq	妖里妖气
ylyr	一冷一热
ylyv	有零有整
ylyz	有理由
ylyt	摇了摇头
ylyu	有利于
ylyy	一劳永逸
ylzi	一揽子
ylzy	言论自由
ylzl	有龙则灵
ylzd	夜郎自大
ylzx	有理走遍天下
ylzh	一路走好
ylzr	雨露滋润
ylzj	雅鲁藏布江
yldx	耶鲁大学
ymbk	有毛病
ymbb	一毛不拔
ymbf	也没办法
ymbd	延绵不断
ymcd	油麦菜
ymcc	益母草
ymdc	一面倒
ymdj	烟幕弹
ymdx	一马当先
ymdq	越陌度阡
ymer	爷们儿
ymeq	掩面而泣
ymel	迎面而来
ymfq	幽默风趣
ymfm	羽毛丰满
ymg	幽默感
ymgr	玉门关
ymgd	有目共睹
ymgc	有没搞错
ymgg	妖魔鬼怪
ymgj	阴谋诡计
ymgm	一码归一码
ymgx	也没关系
ymhx	妖魔化
ymhw	一抹黑
ymhv	鱼目混珠
ymhz	鱼目混杂
ymiu	羊毛出在羊身上
ymit	仰面朝天
ymj	牙买加
ymjr	一鸣惊人
ymju	颜面尽失
ymjl	夜幕降临
ymjm	也没见
ymjx	眼冒金星
ymjj	勇猛精进
ymlu	压马路
ymls	一抹亮色
ymlh	愚昧落后
ymlr	一目了然
ymlm	圆满落幕
ymmu	一幕幕
ymmg	雨蒙蒙
ymmq	倚门卖俏
ymlw	扬名立万
ymmz	游牧民族
ymmx	倚门卖笑
ymrf	虞美人
ymxy	亚马逊
ymxx	月明星稀
ymxb	以命相搏
ymxm	以毛相马
ymnd	榆木脑袋
ymny	亚美尼亚
ympi	一马平川
ympp	衣袂飘飘
ymqm	一毛钱
ymqq	羽毛球
ymqr	以貌取人
ymqy	缘木求鱼
ymsl	郁闷死了
yms	一亩三分地
ymsd	颜面扫地
ymsg	游目四顾
ymtq	扬眉吐气
ymtx	誉满天下
ymtl	与民同乐
ymui	一码事
ymuh	一目十行
ymuk	眼明手快
ymuw	英明神武
ymvs	一秒钟
ymvy	一面之缘
ymvc	一面之词
ymvj	一面之交
ymvu	验明正身
ymvq	仰慕之情
ymvl	与民争利
ymvv	揠苗助长
ymvx	鱼米之乡
ymwu	有名无实
ymwf	羽毛未丰
ymwh	一命呜呼
ymwj	野马无缰
ymwb	以民为本
ymwm	以梦为马
ymwv	愚昧无知
ymxi	一脉相承
ymxt	一脉相通
ymxl	眼明心亮
ymxs	一门心思
ymyz	有没有
ymyy	一模一样
ymyx	有名有姓
ymyu	英明一世
ymyr	圆明园
ymyh	越描越黑
ymyb	跃马扬鞭
ymzi	夜猫子
ymzl	夜猫子进宅，无事不来
ynbz	一年半载
ynbn	有奶便是娘
yndt	一年到头
yneu	迎难而上
ynew	由内而外
ynfg	旖旎风光
ynfv	亦能覆舟
yngk	也难怪
ynhi	有你好果子吃
ynix	遇难成祥
ynim	一念成魔
ynji	一年级
ynjc	一念及此
ynkf	怨女旷夫
ynni	油腻腻
ynpd	夜尿频多
ynqm	一年前
ynqj	一诺千金
ynru	业内人士
ynsj	一年四季
yntd	有难同当
ynv	一年之计在于春
ynvi	一念之差
ynvj	一念之间
ynvb	云泥之别
ynvc	一念至此
ynvx	一怒之下
ynvv	疑难重症
ynvn	一年之内
ynvh	一年之后
ynug	云南省
ynwr	以你为荣
ynwx	余怒未消
ynyd	一年一度
ynyn	一男一女
ynyc	一年一次
ynyu	延年益寿
ynzv	疑难杂症
ynzu	英年早逝
yoho	哟嚯
ypbx	一片冰心
ypbh	一片冰心在玉壶
ypdx	眼皮底下
ypeh	一炮而红
ypfj	一票否决
ypgu	一屁股
ypgv	一屁股债
ypgq	以偏概全
ypgm	一片光明
ypgf	勇攀高峰
yphy	一派胡言
yphl	一片混乱
yphr	一片哗然
ypht	一抔黄土
ypjh	一拍即合
ypjf	有屁就放
ypjt	一片焦土
ypkb	一片空白
ypkx	一片苦心
ypkf	有屁快放
ypli	有魄力
yplj	一片狼藉
ypls	一拍两散
yplu	一盆冷水
ypmi	一平米
ypma	一匹马
ypnq	一票难求
yppm	一片片
ypqh	一片漆黑
yprx	一贫如洗
ypsu	一盘散沙
ypsj	一片死寂
yptt	一片坦途
ypuh	一曝十寒
ypuj	一片生机
ypvl	一拼之力
ypvz	扬葩振藻
ypwy	一片汪洋
ypxy	一片心意
ypyk	硬碰硬
ypyp	一片一片
ypyj	有凭有据
ypyx	一颦一笑
ypyc	一颦一簇
ypyv	有赔有赚
ypzi	眼皮子
ypzx	眼皮子底下
ypzl	有朋自远方来
yqav	燕雀安知鸿鹄之志
yqb	远亲不如近邻
yqbd	阴晴不定
yqbu	语气不善
yqbr	英气逼人
yqbm	欲求不满
yqbf	一去不复返
yqbl	移情别恋
yqbt	一窍不通
yqbv	一钱不值
yqby	有求必应
yqbh	逾期不候
yqdm	优缺点
yqdu	元气大伤
yqdl	玉砌雕阑
yqdn	一切都有可能
yqeb	一穷二白
yqei	一清二楚
yqfh	右前方
yqff	意气风发
yqfb	缘浅福薄
yqfx	粤犬吠雪
yqfz	有其父必有其子
yqge	一千个
yqgz	欲擒故纵
yqgf	引起公愤
yqhj	邀请函
yqhc	运气好
yqhu	逸趣横生
yqhd	油腔滑调
yqhi	一气呵成
yqit	怨气冲天
yqjm	元器件
yqji	一骑绝尘
yqjn	一切皆有可能
yqjv	一切尽在不言中
yqkv	眼前亏
yqkj	勇气可嘉
yqky	有情可原
yqld	用起来
yqlr	以强凌弱
yqms	以权谋私
yqml	有气没力
yqn	一千年
yqnh	摇旗呐喊
yqnm	有钱能使鬼推磨
yqqi	雨凄凄
yqqu	缘浅情深
yqqm	欲穷千里目
yqql	欲穷千里目，更上一层楼
yqr	有钱人
yqrf	有情人
yqrd	以其人之道
yqru	由浅入深
yqri	一切如常
yqrx	一腔热血
yqsi	用其所长
yqtg	异曲同工
yqtx	有期徒刑
yqtm	异曲同工之妙
yqui	尤其是
yquu	摇钱树
yquo	与其说
yqvy	与其这样
yqvh	一丘之貉
yqvx	一气之下
yqvg	一墙之隔
yqwl	有气无力
yqwh	有去无回
yqwu	鸦雀无声
yqxg	偃旗息鼓
yqxu	言情小说
yqxb	涌泉相报
yqxt	意气相投
yqxi	意气消沉
yqy	有求于
yqyy	有情有义
yqyj	寓情于景
yqyl	眼前一亮
yqyq	予取予求
yqyf	一起一伏
yqyr	有求于人
yqyn	有求于你
yqyu	意气用事
yqyx	怡情养性
yqym	缘起缘灭
yqsy	一切随缘
yqyh	一前一后
yqyg	一瘸一拐
yrlk	圆领
yran	冤案
yrbc	元宝
yrbd	用人不当
yrbf	原本
yrbj	原版
yrbi	远比
yrbk	援兵
yrbo	渊博
yrbu	遇人不淑
yrbx	仰人鼻息
yrby	用人不疑
yrbq	一日不见如隔三秋
yrda	远大
yrdc	远道
yrdd	元代
yrde	圆的
yrdi	原地
yrdj	元旦
yrdk	原定
yrdm	远点
yrds	远东
yrdu	怨毒
yrdv	怨怼
yrdr	远端
yrdt	一人得道，鸡犬升天
yrej	迎刃而解
yrem	掩人耳目
yreu	油然而生
yrey	因人而异
yrfg	原封
yrfb	与人方便
yrfz	诱人犯罪
yrff	缘分
yrfh	远方
yrfv	易如反掌
yrfw	远非
yrfe	一日夫妻百日恩
yrfy	因人废言
yrgu	缘故
yrgc	原告
yrgd	优柔寡断
yrge	远隔
yrgs	员工
yrgr	圆管
yrgv	圆规
yrgw	依然故我
yrhx	圆滑
yrhf	怨恨
yrhe	缘何
yrhg	雍容华贵
yrhh	远航
yrhl	圆谎
yrhr	圆环
yrhu	圆弧
yrhy	冤魂
yrhz	猿猴
yrhk	羊入虎口
yric	远超
yrig	远程
yrih	原唱
yrij	原产
yril	原创
yriu	远处
yriz	冤仇
yrjp	愚人节
yrjb	远近
yrjn	圆角
yrji	原籍
yrjk	远景
yrjm	原件
yrjl	原浆
yrjq	援救
yrjr	毅然决然
yrjw	一如既往
yrjx	原价
yrjy	援军
yrjz	与日俱增
yrju	悠然见南山
yrks	圆孔
yrkj	远看
yrkl	原矿
yrkg	以柔克刚
yrku	贻人口实
yrkh	一日看尽长安花
yrlb	园林
yrlc	元老
yrld	原来
yrli	原理
yrll	原谅
yrlm	圆脸
yrln	原料
yrlo	院落
yrlu	原路
yrlq	源流
yrlv	远虑
yrlr	一日两日
yrma	源码
yrmc	原貌
yrmf	远门
yrmg	圆梦
yrmj	圆满
yrmk	原名
yrmw	原煤
yrmz	远谋
yrmu	原木
yrnd	有容乃大
yrnm	元年
yrnp	冤孽
yrnu	怨怒
yrnw	院内
yrou	怨偶
yrpj	原判
yrpu	园圃
yrpw	原配
yrpm	羊肉泡馍
yrqb	远亲
yrqi	元气
yrqk	冤情
yrqm	元钱
yrql	一日千里
yrqq	圆球
yrqr	圆圈
yrqu	园区
yrry	圆润
yrrs	圆融
yrrf	猿人
yrrg	依然如故
yrru	引人入胜
yrrv	游人如织
yrsc	一日三餐
yrse	原色
yrsi	冤死
yrso	院所
yrsq	一日三秋
yrsu	元素
yrsx	一日三省
yrsw	有辱斯文
yrtl	艳如桃李
yrtn	远眺
yrtp	原帖
yrts	圆筒
yrtu	原图
yrtz	源头
yrth	原汤
yrui	原始
yrue	远射
yrug	原生
yruu	圆熟
yruk	元帅
yruf	元神
yrux	哑然失笑
yruv	有如神助
yruz	元首
yrus	引人深思
yruq	以弱胜强
yrvg	远征
yrvh	院长
yrvr	圆转
yrvi	原值
yrvl	原装
yrve	远着
yrvm	引人注目
yrvo	圆桌
yrvu	援助
yrvv	圆锥
yrvx	一人之下
yrvn	一日之内
yrvz	圆周
yrwb	以人为本
yrwv	与人无争
yrwd	员外
yrwf	原文
yrwh	愿望
yrwj	以人为镜
yrwu	与人为善
yrww	原味
yrwy	月如无恨月长圆
yrwx	一如往昔
yrxb	圆心
yrxk	圆形
yrxl	原想
yrxm	原先
yrxn	元宵
yrxs	元凶
yrxy	元勋
yrxi	院系
yryb	原因
yrye	原野
yryh	鸳鸯
yryi	愿意
yryj	怨言
yryr	远远
yryt	元月
yryu	源于
yryx	嫣然一笑
yryy	游刃有余
yryz	原有
yryl	映入眼帘
yryc	一日一次
yrym	耀人眼目
yrze	原则
yrzi	院子
yrzo	原作
yrzr	庸人自扰
yrzu	远足
yrzz	远走
yrzh	援藏
yrzd	怡然自得
yrzv	庸人自扰之
ysdn	用掉
ysdy	拥趸
ysdo	勇夺
ysdz	勇斗
ysdu	拥堵
ysbc	拥抱
ysbg	一丝不苟
ysbh	要死不活
ysbk	佣兵
ysbp	永别
ysbt	腰酸背痛
ysbu	永不
ysbv	有所不知
ysbl	一死百了
ysbw	有所不为
yscj	用餐
yscd	庸才
ysci	用词
ysco	用错
yscy	永存
ysdc	用到
ysdd	拥戴
ysdi	用地
ysdm	用电
ysds	涌动
yseg	一扫而光
ysek	一扫而空
ysew	有所耳闻
ysfa	用法
ysfj	用饭
ysfg	因私废公
ysfl	云散风流
ysgj	勇敢
ysgl	用光
ysgo	用过
ysgr	用惯
ysgs	用功
ysgu	雅俗共赏
yshc	用好
yshf	严丝合缝
yshg	永恒
yshu	用户
yshv	用回
yshs	吆三喝四
ysia	用茶
ysie	用车
ysih	用场
ysii	泳池
ysiu	用处
ysiy	咏春
ysiv	永垂
ysjb	佣金
ysji	拥挤
ysjq	永久
ysjt	永诀
ysju	用具
ysjn	用脚
ysjk	泳镜
ysjs	一损俱损
ysjd	耶稣基督
ysku	泳裤
yslp	以色列
ysld	用来
ysle	用了
ysli	用力
yslj	慵懒
ysll	用量
ysln	用料
yslu	庸碌
yslq	涌流
yslv	一死了之
yslr	夜色撩人
yslb	伊斯兰堡
yslc	压死骆驼的最后一根稻草
ysnc	用脑
ysnw	忧思难忘
ysmg	勇猛
ysmc	泳帽
ysml	夜色迷离
yspb	用品
ysq	压岁钱
ysqu	用去
ysqr	涌泉
ysqi	勇气
ysqm	用钱
ysqb	有所区别
ysrf	佣人
ysrs	雍容
ysru	涌入
yssi	一丝丝
yssu	庸俗
ysse	拥塞
yssf	阴森森
ystj	泳坛
ystu	用途
ystg	有所提高
yste	伊斯坦布尔
ysu	也算是
ysug	永生
ysuh	用上
ysuv	用水
ysui	勇士
ysuy	野蔌山肴
ysuz	用手
ysuj	用膳
ysve	用着
ysvg	雍正
ysvl	泳装
ysvs	臃肿
ysvu	永驻
yswb	营私舞弊
yswj	用完
yswf	拥吻
yswp	鱼死网破
yswy	有损无益
yswu	有死无生
ysxx	用下
ysxb	用心
ysxk	用刑
ysxl	涌向
ysxm	涌现
ysxu	永续
ysyr	永远
ysyc	用药
ysyi	泳衣
ysys	用用
ysyt	踊跃
ysyu	用于
ysyz	拥有
ysyb	用印
ysyx	意思一下
ysyj	有色眼镜
ysyh	一丝一毫
yszo	用作
yszu	用足
yszi	泳姿
yszd	欲速则不达
yszw	有所作为
ytbc	月报
ytbk	月饼
ytbu	越不
ytbj	月半
ytbw	有条不紊
ytbt	一通百通
ytcd	粤菜
ytda	越大
ytdo	越多
ytdi	月底
ytdj	约旦
ytdk	约定
ytds	越冬
ytdu	阅读
ytdv	乐队
ytdc	约到
ytdw	一天到晚
ytdx	仰天大笑
ytdh	一条道跑到黑
yte	英特尔
yter	悦耳
ytff	月份
ytfa	越发
ytfw	岳飞
ytfm	油头粉面
ytfu	岳父
ytgl	月光
ytgj	乐感
ytgo	越过
ytgs	月供
ytgv	越轨
ytgu	迎头赶上
ythv	约会
ythc	约好
ythe	约合
ythn	摇头晃脑
ythq	一团和气
ytht	一塌糊涂
ythu	源头活水
ythx	月华
ythy	言谈话语
ythi	玉体横陈
ytiu	月初
ytit	仰天长叹
ytix	仰天长啸
ytjc	言听计从
ytji	月季
ytjj	一探究竟
ytjk	月经
ytjm	约见
ytjp	月结
ytjr	阅卷
ytju	越剧
ytjv	言谈举止
ytjy	月均
ytjh	一统江湖
ytke	一堂课
ytkj	月刊
ytlu	一条路
ytlc	月老
ytlo	月落
ytle	约了
ytli	阅历
ytlj	阅览
ytlv	月率
ytll	月亮
ytlm	一团乱麻
ytls	一条龙
ytlh	一条路走到黑
ytlt	一天两天
ytlw	一推六二五
ytmi	乐迷
ytmk	月明
ytmn	有头没脑
ytmo	月末
ytmu	岳母
ytnw	月内
ytnj	越南
ytne	英特纳雄耐尔
ytpi	阅批
ytpn	月票
ytpu	乐谱
ytpk	乐评
ytpz	丫头片子
ytqi	乐器
ytql	越强
ytqq	月球
ytqr	越权
ytqm	跃迁
ytqt	月缺
ytqu	乐曲
ytqh	一团漆黑
ytqb	由他去吧
ytrj	跃然
ytse	月色
ytsc	月嫂
ytsu	一潭死水
yttd	月台
yttr	乐团
yttx	一统天下
yttj	迎头痛击
yttn	一条条
ytu	一坨屎
ytuu	约束
ytug	跃升
ytuc	越少
ytui	越是
ytuo	越说
ytuz	乐手
ytuh	约上
ytun	窈窕淑女
ytur	应天顺人
ytvs	月中
ytvh	乐章
ytvd	勇挑重担
ytvj	约占
ytvx	晕头转向
ytvf	扬汤止沸
ytwh	因特网
ytwf	仪态万方
ytwq	仪态万千
ytwj	以退为进
ytwk	一吐为快
ytwn	有头无脑
ytwr	有天无日
ytwu	一头雾水
ytww	约为
ytxb	月薪
ytxi	月息
ytxl	蝇头小利
ytxz	樱桃小嘴
ytxu	引体向上
ytxn	越小
ytxm	月线
ytxq	粤绣
ytxx	月下
ytya	月牙
ytye	越野
ytyh	岳阳
ytyl	有头有脸
ytyc	一天一次
ytyr	月圆
ytyt	月月
ytyu	粤语
ytyv	渊渟岳峙
ytyw	有头有尾
ytyy	一天一夜
ytyd	怨天怨地
ytzc	一团糟
ytzi	月子
ytzu	月租
ytzt	一拖再拖
yuan	预案
yubj	与时并进
yubb	一手包办
yubc	预报
yubf	愚笨
yubh	一时半会
yubk	语病
yubo	余波
yubu	依山傍水
yubv	掩饰不住
yubw	预备
yubx	一声不响
yuce	预测
yuci	鱼刺
yucy	渔村
yuch	一手策划
yucq	远胜从前
yudc	遇到
yudi	余地
yudk	预定
yudu	鱼肚
yudl	遗世独立
yudw	野生动物
yudm	雨点
yudn	语调
yudy	愚钝
yuee	余额
yuen	一石二鸟
yueu	一闪而逝
yuer	鱼儿
yuex	由上而下
yueg	一闪而过
yufa	语法
yufh	预防
yufm	衣食父母
yufx	以身犯险
yufo	玉佛
yufu	预付
yufz	与否
yugc	预告
yugh	鱼缸
yugl	余光
yugs	愚公
yuge	一首歌
yugj	预感
yugy	有失公允
yugu	预估
yugz	预购
yugx	雨刮
yuhu	于是乎
yuhb	优势互补
yuhd	遇害
yuhe	愈合
yuhf	燕瘦环肥
yuhh	宇航
yuhj	御寒
yuho	欲火
yuhv	迂回
yuht	一时糊涂
yuhx	游手好闲
yuhz	有时候
yuhq	一生何求
yuij	预产
yuig	玉成
yuih	浴场
yuii	鱼翅
yuir	渔船
yuis	应声虫
yuiy	愚蠢
yuid	一时冲动
yuib	因势乘便
yuic	与世长辞
yuiq	元神出窍
yuit	严师出高徒
yuj	右上角
yujy	益生菌
yujm	遇见
yujn	预交
yujp	郁结
yuju	语句
yujx	瑜伽
yuji	预计
yujb	浴巾
yujk	预警
yujf	玉石俱焚
yujj	与时俱进
yujq	一手交钱
yujh	一手交货
yujl	与生俱来
yukk	愉快
yukr	余款
yukv	预亏
yukc	预考
yulb	鱼鳞
yuli	余力
yulv	伛偻
yuld	因势利导
yulh	一身冷汗
yule	娱乐
yulf	玉树临风
yulj	预览
yulk	育龄
yull	雨量
yuln	预料
yulq	预留
yulr	鱼卵
yult	优胜劣汰
yulu	语录
yulw	鱼类
yulx	一声令下
yuly	舆论
yulm	一尸两命
yulg	鹰视狼顾
yume	用什么
yumb	渔民
yumc	羽毛
yumf	郁闷
yumi	玉米
yumk	域名
yumn	鱼苗
yumw	愚昧
yumz	预谋
yumx	烟视媚行
yumu	有事没事
yuni	淤泥
yunj	遇难
yunm	欲念
yung	易守难攻
yunn	饮食男女
yunp	余孽
yuns	愚弄
yunv	玉女
yund	已属难得
yupc	浴袍
yupf	浴盆
yupi	雨披
yupj	预判
yupw	玉佩
yupm	鱼片
yupp	有失偏颇
yupa	一生平安
yuqi	语气
yuqy	鱼群
yuqj	饮食起居
yuqb	以示清白
yuqq	欲求
yuqt	余缺
yuqk	淤青
yuqm	御前
yure	预热
yurf	育人
yurc	也是如此
yurj	夜深人静
yurs	羽绒
yurz	鱼肉
yurn	由奢入俭难
yuri	议事日程
yusd	预赛
yuse	语塞
yusi	雨丝
yusj	雨伞
yuso	寓所
yusr	预算
yusu	语速
yuss	雨凇
yusk	一时三刻
yusy	饮水思源
yush	以身饲虎
yutd	语态
yuth	鱼塘
yuti	预提
yutm	雨天
yutr	一视同仁
yutt	一手托天
yutu	玉兔
yutv	玉腿
yutz	鱼头
yutp	熨帖
yuux	雨刷
yuud	以少胜多
yuue	预设
yuuf	以身试法
yuug	余生
yuuh	遇上
yuui	于是
yuuu	遇神杀神
yuuv	雨水
yuuz	预售
yuun	一石数鸟
yuvc	预兆
yuvf	余震
yuvh	鱼水之欢
yuvd	养生之道
yuvg	由守转攻
yuvq	一身正气
yuvi	预支
yuvl	预装
yuvj	一时之间
yuvn	有生之年
yuvo	玉镯
yuvs	雨中
yuvt	一手遮天
yuvu	预祝
yuvv	由始至终
yuvx	衣食住行
yuvz	宇宙
yuwf	语文
yuwg	渔翁
yuwj	鱼丸
yuwh	欲望
yuwi	一事无成
yuwb	于事无补
yuwk	有恃无恐
yuwl	一时无两
yuwe	一时无二
yuwu	游山玩水
yuwv	与世无争
yuww	鱼尾
yuxg	以身殉国
yuxq	一时兴起
yuxi	预习
yuxl	预想
yuxm	预先
yuxr	预选
yuxs	愚兄
yuxt	淤血
yuxp	雨鞋
yuxu	语序
yuxv	以身殉职
yuxx	余下
yuyb	语音
yuyz	鱼油
yuyg	疑神疑鬼
yuyh	越少越好
yuyi	予以
yuyj	语言
yuye	雨夜
yuyl	有史以来
yuyw	远胜于我
yuyn	益寿延年
yuys	御用
yuyt	预约
yuyu	一生一世
yuyv	有始有终
yuyy	亦师亦友
yuzv	鱼嘴
yuzp	影视作品
yuzh	一失足成千古恨
yuzj	玉簪
yuzu	狱卒
yuzz	以身作则
yvam	拥政爱民
yvbi	圆珠笔
yvbj	一知半解
yvbt	与众不同
yvbu	一着不慎
yvbv	抑制不住
yvbr	意志薄弱
yvby	一朝被蛇咬
yvbm	邮政编码
yvbg	有志不在年高
yvbh	云中白鹤
yvcy	义正辞严
yvdm	悠着点
yvdk	眼中钉
yvdg	一盏灯
yvdc	眼中钉，肉中刺
yvdn	一专多能
yvdx	一枝独秀
yvfg	一阵风
yvfc	一展风采
yvff	焉知非福
yvfx	医者父母心
yvgx	衣着光鲜
yvgw	一纸公文
yvgv	远瞩高瞻
yvhx	一枝花
yvhu	有这回事
yvhl	一枕黄粱
yvhj	已臻化境
yvhh	宇宙洪荒
yvij	一指禅
yvil	言之成理
yvjm	有主见
yvju	邮政局
yvjx	一针见血
yvjq	意志坚强
yvjp	腰椎间盘
yvkx	有章可循
yvkw	一纸空文
yvli	意志力
yvlv	圆周率
yvma	验证码
yvmb	原住民
yvmy	一直没有
yvmg	仰之弥高
yvml	寅支卯粮
yvmk	掩住面孔
yvq	一朝权在手
yvqj	一掷千金
yvqd	愚者千虑，必有一得
yvqt	一柱擎天
yvqu	颐指气使
yvql	愚者千虑
yvqx	一朝权在手，便把令来行
yvu	一只手
yvuz	言之尚早
yvuh	言志抒怀
yvr	意中人
yvry	演职人员
yvuf	胭脂水粉
yvrf	运指如飞
yvsg	银装素裹
yvsi	一展所长
yvtm	一整天
yvtp	硬着头皮
yvty	一致同意
yvtu	硬着头皮上
yvut	以正视听
yvug	愿者上钩
yvv	眼睁睁
yvvg	月中折桂
yvvf	一阵阵
yvvi	有志者事竟成
yvvu	有志之士
yvvk	饮鸩止渴
yvvy	由衷之言
yvww	言之无物
yvwx	言者无心
yvwy	言者无心，听者有意
yvwz	言者无罪
yvwj	言者无罪，闻者足戒
yvwv	云遮雾罩
yvx	一致性
yvxi	语重心长
yvxz	由着性子
yvxu	一桩心事
yvxk	严重性
yvxl	一炷香
yvxs	以壮行色
yvxw	云蒸霞蔚
yvy	有助于
yvyj	一转眼
yvya	咬着牙
yvys	一至于斯
yvyc	一周一次
yvyd	严阵以待
yvyv	一阵一阵
yvym	用之于民
yvyi	一张一弛
yvyl	一直以来
yvyr	有朝一日
yvyu	一招一式
yvyw	原汁原味
yvyx	一朝一夕
yvyy	越战越勇
yvyf	一眨眼功夫
yvzi	一阵子
yvzz	言之凿凿
ywb	英文版
ywbj	言无不尽
ywbd	有问必答
ywbm	一文不名
ywbv	一文不值
ywdj	一网打尽
ywdl	渔翁得利
ywev	一望而知
ywej	言无二价
ywen	由外而内
ywf	一窝蜂
ywfg	义无反顾
ywge	一万个
ywhg	与我何干
ywhu	以为憾事
ywhy	以武会友
ywhl	吆五喝六
ywhj	阎王好见
ywiw	一无长物
ywjm	源文件
ywjy	义务教育
ywjz	咬文嚼字
ywkj	依我看
ywkq	一无可取
ywkv	也未可知
ywlc	语无伦次
ywlr	云雾缭绕
ywmk	英文名
ywmm	烟雾弥漫
ywmw	有完没完
ywnm	一万年
ywnr	永无宁日
ywpd	夷为平地
ywqm	冤枉钱
ywql	摇尾乞怜
ywqu	一往情深
ywqx	愿闻其详
ywqz	仰卧起坐
ywrc	尤为如此
yws	一问三不知
ywsd	一无所得
ywsh	一无所获
ywsi	一无所成
ywsq	一无所求
ywsu	一无所失
ywsv	一无所知
ywsy	一无所有
ywsn	一无所能
ywsj	一无所惧
ywti	有问题
ywtr	一味退让
ywuh	一晚上
ywui	一无是处
ywuc	野外生存
ywup	一碗水端平
ywve	意味着
ywvd	用武之地
ywvj	永无止境
ywvq	勇往直前
ywvy	言外之意
ywvx	意外之喜
ywwa	洋娃娃
ywwf	鱼尾纹
ywwg	与我无关
ywwj	一望无际
ywwq	一往无前
ywwy	一望无垠
ywx	一物降一物
ywxu	鹦鹉学舌
ywxv	永无休止
ywxw	偃武修文
ywyr	业务员
ywye	阎王爷
ywyu	一五一十
ywyw	耀武扬威
ywyx	杳无音信
ywyd	一问一答
ywyy	幼吾幼以及人之幼
ywzw	一误再误
yxba	也许吧
yxbs	英雄本色
yxbb	野心勃勃
yxbd	意想不到
yxbl	原形毕露
yxbr	于心不忍
yxby	言行不一
yxbi	英雄辈出
yxcc	鱼腥草
yxco	一小撮
yxcb	忧喜参半
yxdc	一想到
yxdi	压箱底
yxdf	贻笑大方
yxdx	有些东西
yxdu	有线电视
yxdn	遥想当年
yxdl	阴险毒辣
yxey	一心二用
yxeg	一笑而过
yxeb	鸭行鹅步
yxfh	右下方
yxfu	以下犯上
yxfv	浴血奋战
yxgs	有限公司
yxgz	游戏规则
yxh	有些话
yxhr	于心何忍
yxhq	月下花前
yxhx	以血还血
yxhw	阴虚火旺
yxhy	遥相呼应
yxhl	烟熏火燎
yxhh	英雄好汉
yxhj	英雄豪杰
yxiu	一线城市
yxii	忧心忡忡
yxim	英雄迟暮
yxjn	右下角
yxjv	言行举止
yxjd	以小见大
yxjm	英雄救美
yxje	元凶巨恶
yxji	远香近臭
yxjp	元宵节
yxjf	严刑峻法
yxki	有隙可乘
yxlp	一系列
yxlk	用心良苦
yxld	一系列的
yxlr	月下老人
yxlu	意兴阑珊
yxlv	一笑了之
yxli	影响力
yxly	一心两用
yxma	音形码
yxmm	隐姓埋名
yxml	英雄末路
yxmi	英雄莫问出处
yxng	英雄难过美人关
yxnx	野性难驯
yxpb	异香扑鼻
yxq	有效期
yxqu	有兴趣
yxqd	英雄气短
yxqi	一雪前耻
yxqj	一笑千金
yxql	一泻千里
yxqw	音信全无
yxqy	一厢情愿
yxr	有些人
yxrc	一向如此
yxrf	忧心如焚
yxrh	意下如何
yxrj	游戏人间
yxrm	饮血茹毛
yxru	游戏人生
yxrs	鱼香肉丝
yxrx	以小人之心
yxrv	要想人不知
yxsd	预选赛
yxsx	有心算无心
yxst	英雄所见略同
yxtj	一席谈
yxtk	异想天开
yxu	一小时
yxuw	游行示威
yxud	因小失大
yxuh	有些时候
yxuk	印象深刻
yxug	疑心生暗鬼
yxuq	有些事情
yxuj	因循守旧
yxuc	一息尚存
yxvs	印象中
yxvd	一席之地
yxvv	一笑置之
yxvj	一夕之间
yxvu	一心只读圣贤书
yxvy	言下之意
yxwu	一下午
yxwl	有心无力
yxwt	有些问题
yxws	云消雾散
yxxk	有效性
yxxw	一线希望
yxxe	用心险恶
yxwd	英雄无用武之地
yxxx	异性相吸
yxya	亚细亚
yxyi	一向以
yxyr	有血有肉
yxys	烟消云散
yxyu	越陷越深
yxyj	隐形眼镜
yxyv	言行一致
yxyy	一心一意
yxyn	又羞又恼
yxzi	一下子
yxzr	有限责任
yxzm	有仙则名
yxzs	有限责任公司
yxzk	有心栽花花不开
yyah	业余爱好
yybb	原原本本
yybl	营养不良
yybd	源源不断
yybf	一言不发
yybh	一言不合
yybv	一言蔽之
yybj	犹豫不决
yybu	依依不舍
yybx	语焉不详
yyby	一言半语
yybg	远远不够
yybr	阴翳蔽日
yycc	郁郁葱葱
yyci	有一次
yycd	云彩
yycg	云层
yych	蕴藏
yydc	晕倒
yydm	有一点
yydd	有一点点
yydg	泱泱大国
yydb	以一敌百
yydi	运抵
yydl	以逸待劳
yydn	由易到难
yydo	云朵
yydp	一语道破
yydr	云端
yyds	运动
yydu	一衣带水
yydy	洋洋得意
yydz	熨斗
yydh	愿意的话
yydj	运单
yyeu	应运而生
yyer	一拥而入
yyej	一饮而尽
yyev	郁郁而终
yyex	一跃而下
yyeq	一跃而起
yyeh	怏怏而回
yyf	一月份
yyfl	一夜风流
yyfu	孕妇
yyfw	运费
yyff	淫雨霏霏
yygj	优越感
yygs	运功
yygh	郁郁寡欢
yygq	阴阳怪气
yygv	艳阳高照
yygw	一一过问
yygx	一意孤行
yygg	蝇营狗苟
yygu	褕衣甘食
yyhj	蕴含
yyhd	云海
yyhe	运河
yyhr	云鬟
yyhh	摇摇晃晃
yyhq	一夜回到解放前
yyhw	意欲何为
yyhz	用意何在
yyhl	依样画葫芦
yyht	一氧化碳
yyhv	妖言惑众
yyhy	以牙还牙
yyhx	欲语还休
yyif	匀称
yyie	晕车
yyic	运钞
yyig	运程
yyi	影影绰绰
yyii	一语成谶
yyib	运营成本
yyij	囿于成见
yyir	晕船
yyiz	运筹
yyim	一夜成名
yyiw	一跃成为
yyj	有意见
yyjk	压压惊
yyjm	孕检
yyjn	韵脚
yyjc	油盐酱醋
yyjd	一言九鼎
yyji	一言既出
yyjq	一应俱全
yyjr	夜以继日
yyjt	样样精通
yyjh	因缘际会
yyjy	应有尽有
yyjx	预言家
yyjv	营养价值
yykn	也有可能
yykf	狺狺狂吠
yyle	晕了
yyld	运来
yyli	源远流长
yylj	严以律己
yyll	庸庸碌碌
yylm	鱼跃龙门
yylo	陨落
yylr	余音缭绕
yylt	银样镴枪头
yylv	韵律
yylx	遥遥领先
yylb	有一利必有一弊
yylg	阴阳两隔
yymu	韵母
yymb	阴云密布
yymk	殒命
yymm	阴雨绵绵
yynj	云南
yynl	酝酿
yynn	余音袅袅
yyno	允诺
yynu	愠怒
yypb	韵频
yypj	云盘
yypd	一语破的
yypv	一叶扁舟
yypk	熨平
yyqc	隐约其辞
yyqi	运气
yyqj	玉液琼浆
yyqk	一夜情
yyqt	云雀
yyqq	运球
yyqf	艳压群芳
yyqh	因缘巧合
yyrf	有缘人
yyrj	晕染
yyrl	余音绕梁
yyry	与有荣焉
yyse	愠色
yysi	晕死
yysr	运算
yyss	运送
yysu	匀速
yysj	云散
yysv	意有所指
yysy	悠悠岁月
yysf	云游四方
yytm	有一天
yytz	摇摇头
yytc	有一套
yytk	营业厅
yyth	熨烫
yyti	云梯
yyty	云吞
yytp	陨铁
yytv	冤有头，债有主
yytn	颐养天年
yyuv	饮用水
yyug	一语双关
yyuy	有一说一
yyuh	熠熠生辉
yyui	陨石
yyuu	运输
yyuj	业余时间
yyuz	摇曳生姿
yyvf	晕针
yyvd	一语中的
yyvy	允准
yyve	养育之恩
yyvs	有一种
yyvz	有一阵子
yyvg	抑郁症
yyvi	韵致
yyvj	一夜之间
yyvm	一叶障目
yyvq	一叶知秋
yyvb	易与之辈
yyvr	运转
yyvu	芸芸众生
yyvv	营业执照
yywf	有缘无分
yywa	引以为傲
yywd	一言为定
yywe	有一无二
yywh	运往
yywi	引以为耻
yywj	意犹未尽
yywm	有勇无谋
yywq	遥遥无期
yywu	云雾
yywv	有眼无珠
yyww	韵味
yywy	有意无意
yywl	焉有完卵
yyxb	冤冤相报
yyx	优越性
yyxp	晕血
yyxt	晕血
yyxd	遥遥相对
yyxk	运行
yyxn	云霄
yyxr	晕眩
yyxu	允许
yyxx	云霞
yyxy	欲扬先抑
yyxv	鱼与熊掌
yyxg	阴阳相隔
yyyj	云烟
yyyk	运营
yyyl	愈演愈烈
yyys	运用
yyyt	燕语莺啼
yyyu	孕育
yyym	有勇有谋
yyyv	欲言又止
yyyx	奄奄一息
yyyy	隐隐约约
yyyz	云游
yyyd	有氧运动
yyyc	一月一次
yyyb	溢于言表
yyzd	运载
yyze	言犹在耳
yyzo	运作
yyzr	运用自如
yyzt	隐隐作痛
yyzu	有孕在身
yyzx	有言在先
yyzz	运走
yzai	友爱
yzan	幽暗
yzbc	邮包
yzbh	友邦
yzbi	一字不差
yzbk	有病
yzbd	又白
yzbl	一字不漏
yzbm	右边
yzbn	油表
yzbp	有别
yzbu	又不
yzbg	油泵
yzbb	睚眦必报
yzbx	意在笔先
yzcd	油菜
yzce	右侧
yzcg	油层
yzci	由此
yzco	有错
yzcs	又从
yzcu	又粗
yzdc	诱导
yzdd	有待
yzdr	有段
yzdg	油灯
yzdh	游荡
yzdi	邮递
yzda	犹大
yzdj	原子弹
yzdm	有点
yzdp	越俎代庖
yzds	游动
yzdu	有毒
yzdw	又得
yzer	幼儿
yzen	有恩
yzee	又饿
yzeu	易子而食
yzfw	邮费
yzfa	诱发
yzff	忧愤
yzfj	忧烦
yzfu	有福
yzfx	一醉方休
yzgr	有关
yzge	有个
yzgd	又该
yzgs	有功
yzgw	又给
yzgf	远走高飞
yzgj	有感
yzgk	诱拐
yzgl	油光
yzgo	有过
yzgu	幽谷
yzgv	有则改之
yzgz	邮购
yzhc	友好
yzhd	有害
yzhe	有何
yzho	诱惑
yzhr	忧患
yzhu	油嘴滑舌
yzhv	优惠
yzhw	又黑
yzhx	优化
yzhy	幽魂
yzhz	优厚
yzid	邮差
yzig	又称
yzii	又吃
yzih	有偿
yzio	邮戳
yzir	游船
yzis	幼虫
yziy	养尊处优
yziz	有仇
yziv	一字长蛇阵
yzjb	有劲
yzjl	有奖
yzjg	纡尊降贵
yzjj	移樽就教
yzji	邮寄
yzjk	幽静
yzjm	邮件
yzjn	右脚
yzjp	游街
yzjq	悠久
yzju	邮局
yzjx	油价
yzke	游客
yzks	有空
yzkk	又快
yzku	油库
yzkv	有愧
yzlc	有劳
yzld	又来
yzle	有了
yzli	有利
yzlj	游览
yzln	油料
yzlb	友邻
yzlk	幽灵
yzll	优良
yzlm	有脸
yzlp	优劣
yzls	游龙
yzlv	忧虑
yzly	游轮
yzlu	右路
yzlr	又乱
yzlg	又冷
yzma	有吗
yzmb	游民
yzmf	油门
yzmk	有名
yzmm	右面
yzmn	幼苗
yzmo	幽默
yzmu	游牧
yzmw	优美
yzng	又能
yznf	又嫩
yznc	右脑
yzni	油腻
yznj	有难
yznm	幼年
yznv	幼女
yzpm	诱骗
yzpk	油瓶
yzpa	又怕
yzph	又胖
yzpc	又跑
yzpu	有谱
yzpn	邮票
yzpd	右派
yzpg	意在沛公
yzqd	一再强调
yzqi	尤其
yzqj	一字千金
yzqk	友情
yzqm	有钱
yzqr	有权
yzqu	有趣
yzrf	有人
yzrh	又让
yzre	又热
yzrj	悠然
yzru	犹如
yzso	有所
yzss	又送
yzse	有色
yzsu	英姿飒爽
yzsy	有损
yzsi	忧思
yztv	右腿
yztd	犹太
yztb	远在天边
yztq	远在天边，近在眼前
yztx	远走他乡
yzti	幼体
yztk	游艇
yztm	油田
yztn	油条
yzts	幼童
yztz	由头
yztp	与子同袍
yzua	有啥
yzuu	有数
yzuf	有神
yzuh	忧伤
yzui	优势
yzuj	友善
yzuo	又说
yzuc	又少
yzuk	又帅
yzuv	油水
yzuw	有谁
yzuz	右手
yzug	有声
yzve	有着
yzva	油炸
yzvg	邮政
yzvi	幼稚
yzvc	又找
yzvl	又装
yzvy	又准
yzvd	以子之矛，攻子之盾
yzvr	右转
yzvs	有种
yzvu	有助
yzwu	有误
yzwf	又问
yzwx	有嘴无心
yzwh	有望
yzwj	游玩
yzww	尤为
yzwo	优渥
yzxb	有心
yzxi	游戏
yzxk	游行
yzxl	邮箱
yzxt	游学
yzxx	游侠
yzxm	有限
yzxn	有效
yzxp	有些
yzxq	优秀
yzxr	优选
yzxu	有序
yzxs	右胸
yzya	优雅
yzyb	诱因
yzyc	又要
yzyh	悠扬
yzyi	友谊
yzyj	右眼
yzyr	有缘
yzys	有用
yzyt	优越
yzyu	由于
yzyw	有滋有味
yzyy	越走越远
yzyz	优哉游哉
yzyv	妍姿艳质
yzyp	越走越偏
yzzd	又在
yzzo	一座座
yzzi	柚子
yzze	有责
yzzz	游走
yzzv	有罪
yzzc	又遭
z	在
ziv	子
zort	坐
zor	作
zid	资
zip	自
zs	总
zg	增
zv	最
zu	组
zczo	遭
zcz	造
zo	做
zz	走
zef	责
ze	则
zd	再
zuf	族
zuk	足
zi	字
zgb	曾
zed	泽
zog	座
zc	早
zssx	综
zvs	罪
zdb	灾
zou	左
zf	怎
zup	祖
zaj	杂
zefl	择
zjn	赞
zuh	租
zsb	宗
zdu	载
zaf	扎
zyb	尊
zji	暂
zyz	遵
zue	阻
zoo	昨
zss	纵
zgk	赠
zrj	钻
zrk	赚
zzft	奏
zzd	邹
zzf	揍
zidy	滋
zdum	栽
zsz	踪
zvk	嘴
zdr	仔
zho	脏
zh	藏
zidn	姿
zivx	紫
zakz	咱
zjk	咱
zib	兹
zhc	葬
zca	枣
zdbu	宰
zvy	醉
ziz	孜
zorg	佐
zck	噪
zch	灶
zidt	淄
zau	砸
zhk	赃
zimz	籽
zchm	燥
zow	琢
zcm	糟
zcy	凿
zczm	躁
za	咋
zcc	藻
zcb	皂
zsm	棕
zjf	攒
zcd	澡
zrv	纂
zw	贼
zim	梓
zduk	哉
zia	鲻
zha	臧
zhw	臧
zuw	卒
zvkq	咀
zin	姊
zek	啧
zekv	咋
zof	撮
zik	吱
zrf	攥
zwk	贼
zakj	匝
zgx	憎
zop	祚
zih	秭
zom	柞
zidx	恣
zokt	唑
zde	崽
zsmx	粽
zsa	鬃
zgj	锃
zci	蚤
zur	俎
zdv	甾
zak	咂
zhp	奘
zhv	奘
zya	鳟
zuy	诅
zjwo	昝
zibz	孳
zsr	偬
zjv	簪
zivk	訾
zidu	滓
zjm	糌
zij	锱
zsmr	枞
zjw	瓒
zym	樽
zei	仄
zgbw	甑
zjij	錾
zok	嘬
zevr	箦
zrs	缵
zii	辎
zit	趑
zivb	龇
zoy	酢
zio	眦
zekr	赜
zis	缁
zzy	诹
zox	怍
zikb	呲
zev	笮
zov	笮
zevv	舴
zgso	罾
zgsx	综
zivp	笫
zie	嵫
ziab	髭
zvc	蕞
zic	茈
zjt	趱
zhm	驵
zgs	缯
zzm	驺
zze	陬
zoe	阼
zeo	昃
zuc	菹
zafx	拶
zjfx	拶
zckq	唣
zez	迮
zej	帻
zfy	谮
zivy	觜
zvv	觜
zil	耔
zso	腙
zzee	鄹
zza	鲰
zrz	躜
zyf	撙
zoov	胙
ziky	嗞
zoev	岞
zsrx	倧
zao	臜
zcw	璪
zcvz	簉
zgbe	鄫
zhpy	牂
ziy	鄑
zijy	镃
zicv	鼒
zjne	酂
zofu	捽
zsbr	疭
zsaw	鬷
zuwq	珇
zueu	崒
zwa	鲗
zyk	噂
zye	嶟
zdut	在
zorv	作
zipo	自
ziva	子
zvo	最
zus	组
zczk	造
zorw	做
zefr	责
zekd	则
zda	再
zukr	足
zgbo	曾
zedl	泽
zogt	座
zco	早
zvsf	罪
zdbh	灾
zfv	怎
zupq	祖
zir	仔
zjnr	赞
zuhq	租
zafv	扎
zybc	尊
zjio	暂
zyzc	遵
zueq	阻
zgko	赠
zszx	踪
zvky	嘴
zdrz	仔
zhot	脏
zhci	藏
zirz	仔
ziby	兹
zhcc	葬
zcad	枣
zvyu	醉
zizw	孜
zcht	灶
zauj	砸
zhkt	赃
zown	琢
zcmo	糟
zakv	咋
zccm	藻
zcbq	皂
zjfr	攒
zrvx	纂
ziat	鲻
zhwi	臧
zhad	臧
zinp	姊
zofy	撮
zrfx	攥
zgxo	憎
zopv	祚
zihp	秭
zomv	柞
zdex	崽
zsax	鬃
zgjw	锃
zcii	蚤
zurq	俎
zdvt	甾
zhvd	奘
zhpd	奘
zyac	鳟
zuyq	诅
zjvo	簪
zjmo	糌
zjwr	瓒
zymc	樽
zeir	仄
zoky	嘬
zrsr	缵
ziit	辎
zitr	趑
zoyv	酢
ziob	眦
zist	缁
zoxv	怍
zovv	笮
ziey	嵫
zvcy	蕞
zicb	茈
zjtr	趱
zhmq	驵
zzme	驺
zzey	陬
zeor	昃
zucq	菹
zezv	迮
zejr	帻
zfyo	谮
zilz	耔
zsox	腙
zzay	鲰
zrzr	躜
zaor	臜
zcwm	璪
zwad	鲗
zykc	噂
zyec	嶟
zvoy	最
zusq	组
zdar	再
zcou	早
zfvx	怎
zx	在线
zj	自己
zp	作品
zr	自然
zm	怎么
zy	怎样
zt	昨天
zl	走了
zq	暂且
zn	怎能
zb	咋不
zk	最快
zabj	咋办
zabu	咋不
zacc	杂草
zadi	咋地
zadc	砸到
zafw	杂费
zagc	咋搞
zagj	杂感
zaho	杂货
zahe	杂合
zahk	砸坏
zahv	杂烩
zaif	杂陈
zaji	杂技
zajn	杂交
zajx	杂家
zaju	杂居
zajm	杂件
zale	咋了
zala	咋啦
zalw	杂类
zalj	砸烂
zall	杂粮
zalr	杂乱
zamc	杂毛
zamo	咂摸
zanm	杂念
zapd	杂牌
zapo	砸破
zapj	砸盘
zaqi	扎起
zaqm	砸钱
zaql	砸墙
zarj	扎染
zarz	杂糅
zasv	杂碎
zase	杂色
zasi	砸死
zatj	杂谈
zata	杂沓
zaue	咂舌
zaui	杂事
zauu	杂书
zauv	杂税
zaux	杂耍
zavi	杂志
zavs	杂种
zavg	咋整
zawf	杂文
zawu	杂物
zaxl	杂项
zayh	咋样
zayb	杂音
zayi	杂役
zayu	杂鱼
zayj	杂言
zazv	咂嘴
zbdc	做不到
zbdl	走不动了
zbdv	资不抵债
zbdy	自不待言
zbgx	坐不改姓
zbhc	做不好
zbhv	总不会
zbiu	做不出
zbih	足不出户
zbin	坐北朝南
zbjx	资本家
zbji	再不济
zbjk	赞不绝口
zbjm	自报家门
zbjr	罪不及家人
zbkd	走不开
zbkn	总不可能
zbkq	最不可取
zbln	做不了
zblv	做不了主
zbll	自不量力
zblj	脏不拉叽
zbng	总不能
zbrj	再不然
zbry	最不容易
zbrv	罪不容诛
zbtg	凿壁偷光
zbui	资本市场
zbug	作壁上观
zbvu	坐不住
zbvg	自闭症
zbvl	坐不住了
zbvd	咋不知道
zbvs	罪不致死
zbvy	资本主义
zbxn	自北向南
zbya	赞比亚
zbyb	左膀右臂
zbz	在不在
zbzd	自编自导
zbzq	自暴自弃
zbzu	咋不早说
zbzk	贼不走空
zcan	早安
zcbj	早班
zcbc	早报
zcbw	早被
zcbo	早勃
zccc	早操
zcce	造册
zcci	造词
zccj	早餐
zccu	杂草丛生
zcdc	遭到
zcdm	早点
zcds	躁动
zcfg	遭逢
zcfh	造访
zcfj	早饭
zcfu	造福
zcgc	糟糕
zcgd	早该
zchv	早会
zchs	枣红
zchx	造化
zchy	早婚
zcia	早茶
zcif	早晨
zcig	造成
zcih	早场
zcij	早产
zcir	造船
zciu	造出
zciy	早春
zcji	遭际
zcjm	糟践
zcjp	遭劫
zcjq	早就
zcju	造句
zcjx	造价
zcjn	早教
zcke	早课
zckh	糟糠
zcle	早了
zclm	早恋
zclw	藻类
zclb	造林
zcnm	早年
zcnj	遭难
zcnp	造孽
zcpj	早盘
zcpf	澡盆
zcpo	糟粕
zcqi	早期
zcqm	早前
zcqq	早秋
zcqj	在此期间
zcri	早日
zcre	燥热
zcsi	早死
zcta	糟蹋
zctd	灶台
zcth	澡堂
zctv	早退
zctm	造田
zcuh	早上
zcuo	早说
zcug	噪声
zcui	早市
zcuj	早膳
zcuk	早衰
zcuu	早熟
zcuv	早睡
zcuz	遭受
zcvi	早知
zcvq	在此之前
zcwj	早晚
zcwu	造物
zcxk	造型
zcxb	糟心
zcxh	自惭形秽
zcxm	早先
zcxp	早些
zcxt	造血
zcyb	噪音
zcyc	造谣
zcyh	遭殃
zcyi	早已
zcyy	早孕
zcyk	造影
zcyj	在此一举
zcyu	遭遇
zcyz	早有
zczc	早早
zczd	早在
zczi	枣子
zczv	遭罪
zddo	再多
zddc	栽倒
zdan	在案
zdbj	再版
zdba	躁动不安
zdbm	在编
zdbo	载波
zdbx	最毒不过妇人心
zdci	再次
zdce	在册
zdda	再大
zddg	再等
zddu	再度
zddh	自动挡
zdee	灾厄
zdej	罪大恶极
zdff	最低分
zdfj	再犯
zdfz	坐地分赃
zdfx	最毒妇人心
zdgw	再给
zdgj	再敢
zdgc	再高
zdgv	再贵
zdge	宰割
zdgh	在岗
zdgy	走得更远
zdh	自动化
zdhc	再好
zdhd	灾害
zdhh	在行
zdhl	灾荒
zdho	灾祸
zdhr	灾患
zdhu	在乎
zdhv	再会
zdhx	栽花
zdhy	再婚
zdhz	灾后
zdhe	载荷
zdih	在场
zdia	再差
zdil	再创
zdid	最大程度
zdjm	再见
zdji	在即
zdjx	在家
zdkj	再看
zdkk	再快
zdke	载客
zdkn	最大可能
zdle	做到了
zdld	再来
zdli	在理
zdlu	总的来说
zdlk	总的来看
zdlj	总的来讲
zdma	在吗
zdmb	灾民
zdmh	再忙
zdmk	载明
zdnj	灾难
zdna	在哪
zdnl	最大努力
zdnm	灾年
zdnw	在内
zdpw	栽培
zdph	在旁
zdpm	左道旁门
zdqu	灾区
zdqk	灾情
zdql	自得其乐
zdqj	坐地起价
zdqi	坐等其成
zdrf	在任
zdrh	再让
zdru	载入
zdsj	再三
zdtc	在逃
zdti	载体
zdtp	自动调频
zdua	宰杀
zdug	再生
zduh	在上
zdui	在世
zduo	再说
zduu	栽树
zdup	自动上屏
zdve	再者
zdvi	在职
zdvs	载重
zdvj	再战
zdwd	在外
zdwj	再晚
zdwh	在望
zdwo	在握
zdwu	再无
zdww	在位
zdwt	最大问题
zdxm	再现
zdxk	再行
zdxl	宰相
zdxn	在校
zdxt	在学
zdxx	在下
zdxu	再续
zdxd	最大限度
zdy	自定义
zdya	在押
zdye	再也
zdyi	在意
zdys	再用
zdyu	在于
zdyh	再等一会
zdyz	再有
zdyd	左等右等
zdzc	再造
zdze	再则
zdzh	栽赃
zdzi	崽子
zdzo	在座
zdzy	自导自演
zdzq	做大做强
zebw	责备
zebl	杂而不乱
zeda	责打
zedd	作恶多端
zefa	责罚
zegj	罪恶感
zege	昨儿个
zegk	责怪
zehv	则会
zeig	责成
zeji	择机
zejl	则将
zeke	则可
zelk	责令
zeld	坐而论道
zema	责骂
zenj	责难
zeng	则能
zeou	择偶
zeqi	择期
zerf	责任
zeri	择日
zesj	再而三
zett	罪恶滔天
zeui	则是
zeue	咋舌
zeug	仄声
zewf	责问
zewu	则无
zeyz	择优
zeyc	则要
zeye	择业
zeyv	总而言之
zeze	啧啧
zfbj	怎办
zfbu	怎不
zfdi	怎地
zfgj	怎敢
zfhc	怎好
zfhv	怎会
zfir	字符串
zfji	字符集
zfke	怎可
zfkf	怎肯
zfme	怎么
zfng	怎能
zfnd	怎奈
zfvi	怎知
zfwg	自废武功
zfyf	造福一方
zfyh	怎样
zfyk	自负盈亏
zfym	造福于民
zfyl	子非鱼，安知鱼之乐
zfzb	作法自毙
zgbd	增白
zgbp	赠别
zger	自个儿
zgbk	增兵
zgbt	怎敢不低头
zgbu	增补
zgbx	自顾不暇
zgch	增仓
zgda	增大
zgdl	自甘堕落
zgdo	增多
zgff	最高分
zgfa	增发
zgfu	增幅
zgfw	增肥
zgfy	自告奋勇
zggc	增高
zggl	增光
zghf	憎恨
zghv	增辉
zgih	走过场
zgii	增持
zgij	增产
zgjb	增进
zgjm	增减
zgjx	增加
zgjn	再过几年
zgjt	再过几天
zgjj	最高境界
zgle	足够了
zgli	赠礼
zgll	增量
zgln	再过两年
zgmt	砸锅卖铁
zgpb	赠品
zgpd	增派
zgpn	赠票
zgql	增强
zgqr	赠券
zgqg	再顾倾人国
zgsi	总公司
zgse	增色
zgss	赠送
zgsu	增速
zgsy	曾孙
zgtz	栽跟头
zgtm	增添
zgtc	增光添彩
zguz	增收
zgue	增设
zgug	增生
zguj	增删
zgum	自古圣贤多寂寞
zgvh	增长
zgvi	增值
zgvj	糟糕之极
zgvu	资格证书
zgwu	憎恶
zgws	罪该万死
zgwl	锃光瓦亮
zgxn	增效
zgxr	增选
zgxl	增项
zgyi	增益
zgyu	赠予
zgyj	赠言
zgyt	赠阅
zgyr	增援
zgya	增压
zgyl	自古以来
zgyp	左顾右盼
zgyn	自古英雄出少年
zgz	自顾自
zgzi	增资
zgzd	自高自大
zgzu	曾祖
zgzw	载歌载舞
zhbc	藏胞
zhbm	脏辫
zhbh	纵横捭阖
zhao	藏獒
zhbg	再好不过
zhbl	坐怀不乱
zhd	最好的
zhde	最坏的
zhds	作何打算
zhfu	脏腑
zhfy	作何反应
zhgj	自豪感
zhgr	赃官
zhgl	综合国力
zhgu	纵虎归山
zhgt	最后关头
zhgx	作何感想
zhho	脏活
zhhx	脏话
zhii	纵横驰骋
zhjm	组合键
zhjc	纵横交错
zhju	作何解释
zhjd	作何决定
zhjh	纵横江湖
zhkr	赃款
zhle	脏了
zhli	葬礼
zhlr	脏乱
zhlh	脏活累活
zhmb	藏民
zhmf	走后门
zhnr	造化弄人
zhpu	杂货铺
zhpj	作何评价
zhqk	藏青
zhqi	自毁前程
zhrm	走火入魔
zhss	葬送
zhsh	纵横四海
zhtc	增辉添彩
zhtd	最后通牒
zhui	咋回事
zhuf	葬身
zhuv	脏水
zhuk	最后时刻
zhvz	贼喊捉贼
zhvb	作何准备
zhwf	藏文
zhwu	赃物
zhxk	综合性
zhxz	作何选择
zhyu	藏语
zhyc	最后一次
zhyt	最后一天
zhyg	最后一个
zhym	最后一秒
zhyv	最后一分钟
zhyk	最后一刻
zhzu	藏族
zhzy	早婚早育
zhzi	脏字
ziai	自爱
ziao	自傲
zibc	自保
zibn	字表
zibd	自白
zibf	资本
zibi	自闭
zibj	自办
zibm	自编
zibo	淄博
zibu	滋补
zibw	自卑
zicd	紫菜
zice	自测
zici	字词
zicj	自残
zics	自从
zicy	自忖
zida	自大
zidd	自带
zide	自得
zidk	自定
zidi	子弟
zidj	子弹
zidm	字典
zidr	字段
zids	自动
zifa	自发
ziff	自焚
zifg	自封
zifh	资方
zifu	自负
zifw	资费
zify	子承父业
zifj	藏传佛教
zige	资格
zigf	字根
zigl	紫光
zigs	子宫
zigu	自古
zigj	自甘
zihc	自豪
zihs	紫红
zihv	自会
zihw	自黑
zihx	字画
ziia	自查
ziic	自嘲
ziig	自称
ziii	自持
ziij	资产
ziil	自创
ziiv	自吹
ziiz	自筹
ziiu	自处
zijb	资金
ziji	自己
zijj	资产阶级
zijm	自建
zijp	字节
zijq	自救
zijt	自觉
ziju	字据
zijx	自家
zijk	紫荆
zikc	自考
ziks	自控
ziku	字库
zikk	字块
zikx	自夸
zile	紫了
zili	自理
zilm	自恋
ziln	资料
zilv	自律
zild	自来
zilw	子类
zimb	子民
zimf	祖传秘方
zimi	紫米
zimj	自满
zimm	字面
zimo	自摸
zimu	字母
zimw	姊妹
zimc	自贸
zint	自虐
zinv	子女
zipb	字频
zipd	自拍
zipk	自评
zipf	祖传配方
ziq	走出去
ziql	自强
ziqm	自谦
ziqq	自求
ziqi	自启
ziqu	自取
ziqx	自洽
zirc	滋扰
zirf	自认
zirj	自然
ziro	自若
ziru	自如
ziry	滋润
zirs	姿容
zise	紫色
zisi	自私
zisy	子孙
zisu	紫苏
zitd	姿态
ziti	字体
zitn	字条
zitp	字帖
zitj	紫檀
zits	紫铜
zitz	字头
ziua	自杀
ziuf	自身
ziug	滋生
ziui	姿势
ziue	自设
ziuk	坐吃山空
ziuu	字数
ziuz	自首
zivc	自找
zivh	滋长
zivi	资质
zivr	自传
zivs	自重
zivu	自助
ziww	滋味
ziwf	自问
ziwd	紫外
ziwh	子网
ziwg	早出晚归
ziwo	自我
ziwu	子午
zixb	自信
zixi	仔细
zixk	自行
zixn	自小
zixq	自修
zixr	自选
zixt	自学
zixu	自诩
zixx	紫霞
zixy	咨询
zixg	再创新高
ziyb	滋阴
ziye	子夜
ziyh	滋养
ziyi	恣意
ziyj	字眼
ziyk	自营
ziym	子丑寅卯
ziyp	自成一派
ziyr	资源
ziys	自用
ziyt	子曰
ziyu	自愈
ziyz	自由
ziya	龇牙
zizc	自造
zizd	自在
zize	自责
zizl	自吹自擂
zizy	自尊
zizu	自足
zjan	暂按
zjbu	暂不
zjbp	暂别
zjcy	暂存
zjde	总觉得
zjdd	暂代
zjdk	暂定
zjdu	自己动手
zjfk	作奸犯科
zjfm	自掘坟墓
zjge	赞歌
zjgc	暂告
zjgt	坐井观天
zjhr	暂缓
zjhx	紫荆花
zjig	赞成
zjix	走街串巷
zjjq	咱就
zjjp	暂借
zjju	暂居
zjjb	攒劲
zjjn	最近几年
zjkz	暂扣
zjl	总经理
zjli	暂离
zjlp	暂列
zjlx	咱俩
zjlq	暂留
zjmf	咱们
zjmm	暂免
zjmw	赞美
zjnt	在劫难逃
zjpw	赞佩
zjph	嘴尖皮厚
zjqt	暂缺
zjqm	攒钱
zjqp	暂且
zjrq	自即日起
zjss	赞颂
zjtj	赞叹
zjtk	暂停
zjts	赞同
zjui	暂时
zjuf	遵纪守法
zjuh	赞赏
zjuk	嘴尖舌快
zjvu	赞助
zjvl	早就知道了
zjvx	自荐枕席
zjvj	总角之交
zjwu	暂无
zjww	暂未
zjx	总结性
zjxk	暂行
zjxu	赞许
zjxy	宗教信仰
zjyh	赞扬
zjyb	再进一步
zjyd	罪加一等
zjys	暂用
zjyu	赞誉
zjyz	自驾游
zjzj	攒攒
zjzi	簪子
zjzz	自给自足
zjzf	作茧自缚
zjzl	再接再厉
zjzy	自觉自愿
zkbr	自愧不如
zkfr	自愧弗如
zkhu	罪魁祸首
zkii	坐困愁城
zkvq	糟糠之妻
zkyk	左看右看
zkyu	坐看云起时
zkzi	钻空子
zkzl	再苦再累
zkzk	走开走开
zlay	尊老爱幼
zlba	坐立不安
zlbd	坐冷板凳
zldi	自留地
zlfu	走漏风声
zlgu	自力更生
zlgm	做了个梦
zlhj	字里行间
zlia	脏乱差
zllj	紫罗兰
zlmh	自立门户
zlna	坐立难安
zlqj	总揽全局
zltz	糟老头子
zluv	自来水
zlvj	自乱阵脚
zlwv	杂乱无章
zlwx	杂乱无序
zlxg	再立新功
zly	坐落于
zlyb	再来一遍
zlyc	再来一次
zlyd	揍了一顿
zlyu	左邻右舍
zlyt	嘴里一套
zlzd	坐落在
zlzq	走来走去
zlzl	咋啦咋啦
zmbj	怎么办
zmbx	怎么不行
zmbf	自命不凡
zmda	怎么打
zmdi	怎么滴
zmdu	怎么读
zmdg	走马灯
zmdl	怎么得了
zmdy	自鸣得意
zmeq	择木而栖
zmgc	怎么搞
zmgd	怎么搞的
zmgh	走马观花
zmhv	怎么会
zmhu	怎么回事
zmhj	走马换将
zmig	怎么成
zmil	自谋出路
zmjq	怎么就
zmkj	怎么看
zmkh	走马看花
zmkn	怎么可能
zmky	怎么可以
zmle	怎么了
zmlv	祖母绿
zmng	怎么能
zmpo	怎么破
zmqu	自贸区
zmqg	自命清高
zmqh	钻木取火
zmti	自媒体
zmuo	怎么说
zmun	怎么说呢
zmur	走马上任
zmuy	贼眉鼠眼
zmwj	怎么玩
zmxp	怎么写
zmxk	怎么行
zmyh	怎么样
zmys	怎么用
zmyl	怎么样了
zmzo	怎么做
zmzd	在没在
zmzz	走没走
zmzm	琢磨琢磨
zmzk	自卖自夸
zmzx	坐没坐相
zmzg	做没做过
zmve	怎么着
zmvd	怎么知道
zmvy	怎么这样
znib	走南闯北
znjj	钻牛角尖
znuo	怎能说
znus	作鸟兽散
znuv	罪孽深重
znvh	在那之后
znxk	灾难性
znxb	自南向北
znxe	最难消受美人恩
znzm	做牛做马
zoan	作案
zoai	做爱
zobm	左边
zoba	作罢
zobc	作保
zobi	作弊
zobj	做伴
zobn	坐标
zobp	作别
zoce	左侧
zocc	做操
zocd	做菜
zoch	座舱
zoci	作词
zocj	佐餐
zoco	做错
zodc	做到
zoda	作答
zode	做得
zodg	坐等
zodj	做单
zodk	坐定
zodm	坐垫
zodo	做多
zods	做东
zodv	作对
zoee	作恶
zofa	做法
zofg	作风
zofh	作坊
zofj	做饭
zofw	作废
zogg	作梗
zogk	作怪
zogo	做过
zogr	做官
zogs	做工
zogu	作古
zogv	做鬼
zohc	做好
zohe	作何
zohv	做回
zohx	左滑
zoiu	做出
zoie	坐车
zoig	做成
zoij	坐禅
zoir	坐船
zoji	座机
zojm	左键
zojn	左脚
zojx	作家
zojb	左近
zojq	做旧
zoke	作客
zoks	做空
zole	做了
zolc	坐牢
zolp	左列
zoln	佐料
zolo	坐落
zolr	作乱
zola	坐蜡
zoly	左轮
zolu	左路
zomg	做梦
zomj	坐满
zomm	左面
zomo	琢磨
zomw	做媒
zons	作弄
zonc	左脑
zonj	作难
zonp	作孽
zoou	作呕
zopb	作品
zopd	做派
zopj	做盘
zopw	作陪
zoqu	作曲
zoqi	坐骑
zorf	做人
zori	昨日
zosv	作祟
zosi	作死
zose	作色
zotm	昨天
zotd	作态
zots	作痛
zouf	作甚
zoug	作声
zouh	坐上
zoti	做题
zotj	座谈
zotu	作图
zotv	左腿
zoth	坐堂
zoui	做事
zouu	作数
zouz	左手
zove	作者
zovf	坐镇
zovg	做证
zovi	坐支
zovj	作战
zovl	坐庄
zovr	左转
zovu	做主
zovy	作准
zowf	作文
zowj	昨晚
zowu	作物
zoww	作为
zoxp	做些
zoxi	作息
zoxq	作秀
zoxu	作序
zoxx	坐下
zoxl	坐享
zoxs	左胸
zoxy	作训
zoye	作业
zoyi	座椅
zoyj	左眼
zoys	作用
zoyz	左右
zozd	坐在
zozu	做足
zozi	坐姿
zozo	做作
zozw	做贼
zpzi	左撇子
zqbx	自强不息
zqbl	暂且不论
zqdf	自求多福
zqdl	紫气东来
zqfh	左前方
zqfy	走亲访友
zqma	最起码
zqmw	自取灭亡
zqqr	自欺欺人
zqzh	早去早回
zqzb	杂七杂八
zqzj	自轻自贱
zqzl	自强自立
zrbr	择日不如撞日
zrdc	钻到
zrds	钻洞
zrdm	自认倒霉
zrer	自然而然
zreu	择人而噬
zrfy	自然反应
zrgj	责任感
zrgl	自然规律
zriu	钻出
zrjb	钻进
zrjk	钻井
zrjp	钻戒
zrks	钻孔
zrlx	做人留一线
zrmg	赠人玫瑰
zrru	钻入
zrtz	钻头
zrtj	钻探
zrui	钻石
zruc	载入史册
zrug	作如是观
zrve	攥着
zrww	自认为
zrx	责任心
zrxb	钻心
zryj	钻研
zryk	钻营
zrzh	自然灾害
zrzu	做人做事
zsbc	在所不辞
zsbi	总比
zsbm	总编
zsbu	总部
zsbx	在所不惜
zscd	总裁
zsci	宗祠
zscj	总参
zsdw	总得
zsdv	纵队
zsdm	总店
zsdu	总督
zsdo	总舵
zsee	总额
zsff	总分
zsgv	总归
zsgs	总共
zsgd	总该
zsgh	总纲
zsgr	总管
zshd	子孙后代
zshe	综合
zshg	纵横
zshh	总行
zsho	纵火
zshv	总会
zsig	总称
zsih	总厂
zsjp	总结
zsji	总计
zsjm	总监
zsjn	宗教
zsju	总局
zsjx	总价
zsjq	纵酒
zsko	总括
zsks	总控
zskl	再三考虑
zsli	总理
zsll	总量
zslp	纵列
zslv	棕榈
zslj	总览
zsly	总论
zsmf	宗门
zsma	纵马
zsmc	鬃毛
zsmn	宗庙
zsmu	总目
zsmt	子孙满堂
zsng	总能
zsnm	在所难免
zspa	总怕
zspd	宗派
zspk	总评
zspu	宗谱
zsqk	纵情
zsqb	宗亲
zsrj	纵然
zsrs	纵容
zsse	棕色
zssr	总算
zssd	祖孙三代
zsts	总统
zstd	总台
zsti	总体
zstj	总坛
zsuf	纵深
zsug	纵声
zsuh	综上
zsui	总是
zsuo	总说
zsuu	总数
zsvh	总账
zsvi	总之
zsvl	总装
zsvj	总站
zsvu	宗主
zswu	总务
zswd	子孙万代
zsxl	总想
zsxm	总线
zsxs	棕熊
zsyc	总要
zsyi	综艺
zsyk	踪影
zsyu	纵欲
zsyx	左思右想
zsyz	总有
zsze	总则
zszd	总在
zszi	粽子
zszl	自私自利
zszr	总纂
zszs	再三再四
zszu	宗族
ztbr	自叹不如
ztby	赞叹不已
ztfr	自叹弗如
ztki	自讨苦吃
zthv	座谈会
ztle	糟蹋了
ztlw	自投罗网
ztlu	总体来说
ztmq	自讨没趣
ztey	总体而言
ztqm	遭天谴
ztuh	总体上
ztuu	总体上说
ztul	总体说来
ztuj	总体上讲
ztvl	在天之灵
ztwq	姿态万千
ztwl	走投无路
ztxk	嘴甜心苦
ztyb	自掏腰包
ztyl	在天有灵
ztzi	自弹自唱
ztzn	贼头贼脑
zuai	阻碍
zubb	座上宾
zubf	足本
zubu	足部
zubw	祖辈
zubp	组别
zubd	作声不得
zubg	坐视不管
zubr	嘴上不饶人
zuci	组词
zudh	阻挡
zudr	阻断
zudv	组队
zudi	足底
zuee	足额
zuex	自上而下
zueg	自食恶果
zuec	择善而从
zufh	租房
zufm	再生父母
zufu	祖父
zuff	祖坟
zugz	足够
zugd	坐山观虎斗
zuge	阻隔
zugf	足跟
zugo	祖国
zugv	族规
zugw	租给
zuhc	早上好
zuhe	组合
zuhk	足踝
zuhu	租户
zuhf	早生华发
zuig	组成
zuie	租车
zuir	祖传
zuiu	租出
zuj	左上角
zujn	左上角
zujb	租金
zuji	足迹
zujm	组建
zujp	租借
zuju	组局
zujx	租价
zujt	阻绝
zujf	昨是今非
zuke	租客
zukk	组块
zukh	阻抗
zuli	阻力
zulb	租赁
zulj	阻拦
zull	足量
zuln	足疗
zulw	族类
zume	做什么
zumu	祖母
zums	醉生梦死
zunc	阻挠
zuni	阻尼
zunb	自身难保
zupu	族谱
zuqq	足球
zuqg	自食其果
zuqi	租期
zuql	自食其力
zuqr	族权
zuqu	组曲
zuqy	自食其言
zurc	阻扰
zurf	族人
zuru	租入
zurj	阻燃
zusd	阻塞
zuse	阻塞
zusv	卒岁
zusy	祖孙
zusu	综上所述
zusj	再衰三竭
zutu	组图
zutd	兹事体大
zutj	足坛
zutr	组团
zuuz	租售
zuug	自视甚高
zuuh	祖上
zuui	祖师
zuvd	尊师重道
zuvh	组长
zuvi	组织
zuvj	尊师重教
zuvl	组装
zuvu	租住
zuvv	自始至终
zuvz	诅咒
zuwh	组网
zuwu	祖屋
zuwv	资深望重
zuxk	暂时性
zuxm	祖先
zuxp	足协
zuxx	租下
zuxy	祖训
zuye	祖业
zuyf	在水一方
zuyi	足以
zuyl	坐收渔利
zuyr	组员
zuys	租用
zuyt	租约
zuyu	足浴
zuyz	足有
zuyk	祖茔
zuyb	再说一遍
zuyc	再说一次
zuzu	足足
zuzh	自说自话
zuzi	组字
zuzm	自生自灭
zuzs	祖宗
zuzq	早睡早起
zvai	最爱
zvan	罪案
zvba	嘴巴
zvbh	最棒
zvbf	最笨
zvbm	嘴边
zvbu	最不
zvbl	阻止不了
zvbj	锱铢必较
zvci	最次
zvd	早知道
zvda	最大
zvdc	醉倒
zvdi	最低
zvds	最懂
zvdm	足智多谋
zvdn	嘴刁
zvdo	最多
zvdr	最短
zvdu	最毒
zvee	罪恶
zveu	择主而事
zvfj	最烦
zvfu	最服
zvfm	在这方面
zvfv	载舟覆舟
zvgc	最高
zvgk	最乖
zvgo	罪过
zvgv	最贵
zvgd	最该
zvhz	最后
zvhc	最好
zvhk	最坏
zvhx	醉话
zvhv	最会
zvhj	醉汉
zvhh	再铸辉煌
zvih	最长
zvia	最差
zvii	最迟
zvij	嘴馋
zviu	最初
zviy	嘴唇
zviz	最丑
zvig	再正常不过
zvjb	最近
zvjm	嘴贱
zvjn	嘴角
zvjq	醉酒
zvji	早知今日，何必当初
zvjr	早知今日
zvju	最具
zvjv	字斟句酌
zvjx	最佳
zvki	自找苦吃
zvkk	最快
zvku	最酷
zvkv	罪魁
zvle	醉了
zvlv	增长率
zvlg	最冷
zvl	自制力
zvli	嘴里
zvlj	最烂
zvll	最亮
zvlm	嘴脸
zvmw	最美
zvmj	最慢
zvmk	罪名
zvmo	最末
zvmh	最忙
zvmf	自找麻烦
zvmd	最终目的
zvmb	最终目标
zvmq	自找没趣
zvng	最能
zvnj	最难
zvnp	罪孽
zvnq	最牛
zvpa	最怕
zvpi	嘴皮
zvqu	自治区
zvqk	最轻
zvql	最强
zvqm	最前
zvqi	最气
zvqn	走着瞧
zvqr	最全
zvqt	最缺
zvqb	最亲
zvqs	最穷
zvqy	字正腔圆
zvrf	罪人
zvre	最热
zvrh	最让
zvro	最弱
zvrr	嘴软
zvrc	早知如此
zvtd	醉态
zvtm	嘴甜
zvtj	资治通鉴
zvue	杂志社
zvuc	最少
zvuh	嘴上
zvui	最是
zvua	最傻
zvuv	增值税
zvvg	罪证
zvvl	罪状
zvvm	自知之明
zvvs	最终
zvvy	最准
zvvq	在这之前
zvww	最为
zvwj	最晚
zvwo	醉卧
zvwu	最无
zvxb	最新
zvxk	罪行
zvxl	最想
zvxm	最先
zvxn	最小
zvxs	最凶
zvxi	最细
zvxr	最炫
zvyj	醉眼
zvyk	嘴硬
zvyr	最远
zvyz	最优
zvye	罪业
zvyi	左支右绌
zvzc	最早
zvze	罪责
zvzv	最最
zvzy	自斟自饮
zwaw	自我安慰
zwba	坐卧不安
zwbn	坐卧不宁
zwbx	自我表现
zwbh	自我保护
zwdj	贼胆
zwgj	自我感觉
zwgh	自我感觉良好
zwir	贼船
zwju	自我介绍
zwkz	贼寇
zwlu	走弯路
zwll	贼亮
zwpd	责无旁贷
zwpp	自我批评
zwpu	足慰平生
zwrf	贼人
zwtz	自我陶醉
zwuh	走为上
zwuc	走为上策
zwuj	走为上计
zwvh	做文章
zwvu	造物主
zwvj	醉翁之意不在酒
zwvy	醉翁之意
zwwo	贼窝
zwxm	紫外线
zwxb	贼心
zwxx	座无虚席
zwxu	自我牺牲
zwyj	贼眼
zwyu	自我意识
zwyw	左问右问
zwzi	贼子
zwzh	贼赃
zwzf	作威作福
zwzd	自问自答
zxbs	贼心不死
zxcu	自相残杀
zxdm	尊姓大名
zxdj	自寻短见
zxdi	宰相肚里能撑船
zxeu	自下而上
zxfh	左下方
zxfn	自寻烦恼
zxgd	暂行规定
zxhr	最喜欢
zxie	自行车
zxic	自学成才
zxih	走乡串户
zxjn	左下角
zxld	坐下来
zxll	罪行累累
zxnm	早些年
zxmd	自相矛盾
zxmm	自信满满
zxpl	走下坡路
zxq	走下去
zxqy	再续前缘
zxqi	坐享其成
zxqu	自行其是
zxsl	自寻死路
zxug	在校生
zxuh	早些时候
zxuj	作息时间
zxwy	子虚乌有
zxxb	自信心
zxxi	脏兮兮
zxxy	醉醺醺
zxyi	再下一城
zxyk	仔细一看
zybw	尊卑
zybu	走一步
zybb	走一步看一步
zyci	再一次
zycs	遵从
zycn	怎样才能
zydm	早一点
zydu	自由度
zydb	坐以待毙
zyew	早有耳闻
zyej	自远而近
zyfy	左右逢源
zyfr	自由放任
zyfc	自有分寸
zygv	尊贵
zygl	自有公论
zyhx	自由化
zyhv	造谣惑众
zyhb	左右互搏
zyhj	左右互击
zyig	尊称
zyis	尊崇
zyjk	尊敬
zyji	遵纪
zyjx	尊驾
zyjs	尊严尽丧
zyjv	自由竞争
zykg	左右开弓
zykn	最有可能
zyli	作用力
zylk	遵令
zyln	左右两难
zylq	择优录取
zyly	择优录用
zylz	龇牙咧嘴
zylt	自由落体
zymk	遵命
zymy	再也没有
zyqi	在一起
zyqu	自圆其说
zyqx	坐言起行
zyqn	增益其所不能
zyqr	足音跫然
zyrs	尊容
zysm	自由散漫
zytc	做一套
zytv	做一天和尚撞一天钟
zytl	择优汰劣
zyu	左右手
zyui	尊师
zyuu	造谣生事
zyuy	子曰诗云
zyuz	遵守
zyvs	尊重
zyvc	遵照
zyvh	尊长
zyvi	遵旨
zyve	尊者
zyvu	造谣中伤
zyvy	自由职业
zyw	自以为
zywj	自以为得计
zywn	左右为难
zywu	自以为是
zyww	恣意妄为
zyxy	遵循
zyxk	尊姓
zyxl	尊享
zyxr	嘴硬心软
zyyj	尊严
zyyi	遵义
zyys	自由泳
zyyb	左拥右抱
zyyd	罪有应得
zyyt	总有一天
zyyx	总有一些
zyym	早有预谋
zyyh	左摇右晃
zyyz	子欲养而亲不在
zyzi	坐月子
zyzl	自娱自乐
zyzy	自言自语
zyzz	自由自在
zzba	走吧
zzbb	祖祖辈辈
zzbj	孜孜不倦
zzbm	走遍
zzbr	自在不成人
zzbu	走步
zzco	走错
zzcm	自作聪明
zzdi	走低
zzde	走得
zzdn	走调
zzdq	自作多情
zzds	走动
zzdu	走读
zzdc	走到
zzfh	走访
zzfg	走风
zzfu	曾祖父
zzgo	走过
zzgc	走高
zzgl	走光
zzgz	走狗
zzhc	走好
zzhv	走回
zzho	走火
zzhs	走红
zziu	走出
zziq	啧啧称奇
zzjb	走进
zzjl	走自己的路
zzjj	字字句句
zzkd	走开
zzkk	走走看看
zzle	走了
zzla	走啦
zzld	走来
zzlh	走廊
zzlu	走路
zzlz	走漏
zzmk	奏明
zzmu	曾祖母
zznt	罪责难逃
zznh	自作孽不可活
zzql	走强
zzqk	奏请
zzqu	走去
zzqi	走起
zzqn	走俏
zzrf	走人
zzro	走弱
zzpm	走偏
zzpp	仄仄平平
zzrr	走软
zzru	走入
zzsi	走私
zzsj	走散
zzss	子子孙孙
zztd	走台
zzti	走题
zztt	走走停停
zzui	走势
zzuf	走神
zzuh	走上
zzuz	走兽
zzuv	走水
zzud	祖宗十八代
zzve	走着
zzvh	奏章
zzvv	自作主张
zzvj	字字珠玑
zzvy	字字箴言
zzvq	孜孜追求
zzwj	走完
zzwf	走稳
zzww	走位
zzx	自尊心
zzxb	走心
zzxi	早自习
zzxl	走向
zzxn	奏效
zzxk	走形
zzxh	栽赃陷害
zzxx	做贼心虚
zzxy	自在逍遥
zzyh	走样
zzyj	走眼
zzyq	孜孜以求
zzyr	走远
zzyt	奏乐
zzyy	走运
zzzz	走走
zzze	啧啧啧
zzzu	自作自受
zzza	自尊自爱
alsj	阿拉斯加
akse	阿肯色
adhe	爱达荷
aawa	艾奥瓦
agst	奥古斯塔
anbs	安那波利斯
aebn	奥尔巴尼
astk	奥斯汀
alpy	奥林匹亚
bkln	北卡罗来纳
bdkt	北达科他
bxfy	宾夕法尼亚
byxi	博伊西
btlr	巴吞鲁日
budy	波士顿
bsmd	俾斯麦
dkss	得克萨斯
dmyb	得梅因
ehee	俄亥俄
eklm	俄克拉何马
elgh	俄勒冈
ekli	俄克拉何马城
flld	佛罗里达
fmte	佛蒙特
fjny	弗吉尼亚
fnks	菲尼克斯
hemk	怀俄明
htfd	哈特福德
hlna	海伦那
hlsb	哈里斯堡
iesd	查尔斯顿
jlfy	加利福尼亚
klld	科罗拉多
kndg	康涅狄格
kssi	堪萨斯
ktji	肯塔基
kkde	康科德
lysn	路易斯安那
lumj	里士满
mllj	马里兰
msvs	马萨诸塞
mxgf	密歇根
mnsu	秒速
mnsd	明尼苏达
msli	密苏里
mdna	蒙大拿
mdxy	麦迪逊
nblj	内布拉斯加
nhda	内华达
nkln	南卡罗来纳
ndkt	南达科他
nuwe	纳什维尔
plws	普罗维登斯
sklt	萨克拉门托
spld	斯普林菲尔德
slmu	塞勒姆
txuj	檀香山
tpka	托皮卡
tldy	特伦顿
ublo	圣保罗
wskx	威斯康星
xhbe	新罕布什尔
xzxi	新泽西
xfjy	西弗吉尼亚
xuig	小石城
ylbm	亚拉巴马
ylsn	亚利桑那
ylny	伊利诺伊
ydan	印第安纳
ytld	亚特兰大
ydas	印第安纳波利斯
zvya	佐治亚
djfo	丹佛
mmyb	缅因
baib	蚆
bcms	枹
bdpo	白
bfrc	倴
bftd	坋
bndh	瀌
bnfx	摽
bnfy	表
bopd	袯
cccu	草
ciwb	玼
cowg	瑳
czdt	凑
djwa	亶
dkcr	萣
dowl	亸
doyd	剟
dpmm	楪
drpy	段
dvww	敦
dwkc	嘚
dymo	楯
eedw	涐
eetv	堨
fwla	非
gajo	旮
gajv	钆
gewk	各
gfzg	跟
gguo	𬒔
ghtv	堽
gkxt	怪
gliw	𨐈
glmw	桄
gltw	垙
gssg	红
gutk	堌
gxyt	诖
gydy	滚
gzlk	耇
hcnz	好
hcrd	侴
hfig	很
hjtg	垾
hjwk	琀
hssg	红
hsub	硔
hswg	玒
hvpw	袆
hvtx	恚
hwjh	𬭶
hwlh	黑
hxyk	话
hyxo	惛
iatq	垞
idcl	茝
idfi	拆
iggw	庱
igrr	偁
iisj	𫄨
iixw	瓻
ijgt	廛
ijgk	韂
ijlp	产
ijle	觇
ijrd	儳
irto	堾
irrv	传
isdy	涌
isdv	冲
isde	㳘
isdx	漴
ixhr	欻
iyst	纯
izfy	抽
jbta	墐
jbua	馑
jkgx	麖
jrxe	鄄
jsdk	泂
jtjr	镢
junb	犋
juny	娵
jxku	斝
kkxg	快
ksbg	空
kstg	埪
kuuq	矻
kvmt	骙
kvmu	櫆
kwud	剋
kykm	困
kymm	阃
kynb	婫
kypi	裈
kyxm	悃
kyyb	醌
lafl	拉
lbvm	箖
lctl	𫭼
ldlr	赉
lhtl	埌
lhvl	筤
ljue	𬒗
llsx	𫟅
lmun	磏
lnnx	嫽
lntp	𪤗
lqtp	疁
lscl	茏
lsd	泷
lsdl	泷
lsdu	漋
ltjc	锊
lvc	葎
lvcy	葎
lvty	垏
lwbt	癗
lyjb	𬬭
lykb	囵
lytb	𫭢
lztn	𪣻
mbvv	民
mfrm	们
mfwl	𫞩
mfwq	亹
mhmw	杧
mmrm	偭
moko	冒
murm	仫
muz	𧿹
muzm	𧿹
mzgm	某
ndzx	迺
nfnw	嫩
nfnd	媆
nige	麑
niie	𫐐
nive	𫠜
nqpl	牛
nurc	傉
nuvy	笯
nvex	恧
padb	潖
pfbm	盆
pggo	弸
pia	鲏
piay	鲏
pice	苉
pic	芘
picb	芘
piqp	狉
piqa	狉
pkip	蚲
pkw	玶
pkwp	玶
pmtc	𡎚
poyd	酦
pwxb	衃
qbga	廑
qixo	愭
qkko	圊
qlgi	强
qmmq	杄
qpvj	箧
qrn	婘
qrnv	婘
qufm	麹
rim	驲
rimo	驲
rjph	然
rjr	䎃
rjrx	䎃
rrw	瓀
rrwe	瓀
rzi	𫐓
rzim	𫐓
rznr	肉
sdtx	思
sjcw	散
sopj	所
ssf	㧐
ssfy	㧐
sums	骕
susn	鹔
svfz	旞
svpz	襚
svw	璲
svwz	璲
szgy	廋
tary	他
tcx	慆
tcxj	慆
thlk	耥
tit	趯
titf	趯
tjch	菼
tmad	天
tmck	黇
toc	萚
tocl	萚
totq	圫
trh	煓
trhe	煓
trqe	猯
tuw	㻬
tuwk	㻬
tyhz	焞
ucwk	玿
uddb	色
ueyy	设
ufa	鲹
ufap	鲹
ufee	屾
uhla	上
ujtk	墡
ulmo	骦
urfw	拴
uuev	陎
uvje	帨
vhpn	长
vllx	戆
vrwu	瑑
vsm	柊
vsmd	柊
vxf	挝
vxfz	挝
vxfv	抓
vybt	窀
vzr	㑇
vzre	㑇
wab	窊
wabg	窊
wafv	挖
wfc	芠
wfcw	芠
wfcm	蕰
wgdx	滃
wwgg	廆
xnrx	翛
xqio	䗛
xxmj	柙
yba	䲟
ybae	䲟
ybsd	𬘡
ycdw	滧
ycqf	猺
yctt	垚
yere	倻
yigb	廙
ytiw	𫐄
ytv	籥
ytvc	籥
yyhm	煴
yytj	鋆
yzgb	麀
zcum	𥖨
zcxz	慥
zgto	增
zgu	矰
zguo	矰
zjb	寁
zjbr	寁
zvm	槜
zvmn	槜
zyj	𨱔
zyjc	𨱔
zyrc	僔
zztr	走
bmv	编织
bwz	杯子
cdd	彩蛋
day	大于
fjs	反思
god	过渡
gvj	诡计
hcm	好吗
heu	何时
hsq	宏碁
hxw	华为
jky	精英
jmi	检察
jpj	捷径
kvt	喟叹
mcy	毛衣
nab	哪边
nac	哪次
nad	哪点
nae	哪儿
nag	哪个
nal	哪里
nat	哪天
nav	哪种
naw	哪位
nax	哪些
nay	哪样
qru	权势
uij	时间
uvp	水平
xiw	席位
xxj	下级
xyf	巡抚
bau	把守
bax	把戏
bci	报仇
bcj	宝剑
bcx	保鲜
bdn	拜年
bdt	摆脱
bmi	编程
bmj	辩解
bmq	便签
bng	表哥
box	博学
boy	波音
bpq	憋屈
buq	补全
bwb	北部
cdj	猜忌
cih	伺候
cjg	餐馆
cjj	残局
cjs	惨死
crd	撺掇
cyg	存管
dai	搭车
daj	打架
dal	打理
dcb	倒逼
dci	导出
dcu	倒是
ddb	呆板
ddg	代购
ddh	带回
ddj	代驾
dev	得志
dey	得以
dgj	登记
dgl	登陆
dhv	当众
dip	地痞
dix	低效
djj	淡季
djz	胆子
dkv	顶住
dpj	跌价
drd	断点
dsj	动机
dui	独唱
duz	独自
dvv	对账
erx	儿媳
fah	发货
fax	发型
fay	发炎
ffg	分割
ffh	粉红
ffj	分界
ffl	奋力
ffu	分神
fgx	奉献
fhk	访客
fhu	防守
fhw	防伪
fjf	反腐
fji	反查
fjr	凡人
fjv	反之
fuw	抚慰
fwu	费时
fww	飞舞
gcg	搞鬼
gci	高超
gcq	搞清
gcs	高速
gcx	高效
gez	鸽子
ghb	钢笔
ghy	纲要
glx	光纤
gom	国民
goq	国企
gox	裹挟
goz	聒噪
grl	惯例
grt	关头
grw	官网
gsh	公会
gsj	共计
gsm	功名
gsp	攻破
gsy	共用
gsz	公子
guw	古文
gvh	桂花
gvs	龟速
hch	浩瀚
hcu	豪绅
hef	何妨
hei	何尝
hjj	汉奸
hlq	皇权
hou	火势
hov	活着
hrl	换了
hru	换手
hvb	回报
hvv	徽章
hxf	话费
hxx	滑雪
hzt	后腿
hzu	后市
iah	插画
iai	查出
icm	超卖
ies	撤诉
iev	车展
igb	城堡
igu	诚实
igx	诚信
ihd	尝到
ihz	场子
iil	迟了
ilu	创伤
ird	传导
isg	冲高
isz	重组
iug	橱柜
iuv	初衷
iuy	出于
iyj	春节
izi	踌躇
jlh	浆糊
jlj	奖金
jmq	剑鞘
jmt	监听
jng	浇灌
jnh	叫唤
jpk	接口
jpw	解围
jqg	纠葛
jyu	军师
kef	客服
kji	堪称
kkl	快了
ksq	空缺
kvq	亏钱
kxg	跨过
kzj	扣缴
kzu	扣税
lcu	老实
lif	理发
lig	理工
lkx	零星
lmt	连同
lpv	列支
lql	榴莲
lrx	乱象
lsz	聋子
lvx	履行
mcx	毛线
mdd	卖点
mdg	迈过
mdi	迈出
mdj	卖家
mdp	卖票
mdr	迈入
mdv	卖主
mgb	懵逼
mif	蜜蜂
mij	秘籍
mjz	满族
mkm	命名
mkv	明知
mkx	明晰
mml	免礼
mmt	免谈
mow	末位
mub	木板
mwq	每期
mwr	没人
mwu	美食
nmj	年级
nms	碾碎
nul	奴隶
nwc	内侧
nwl	内里
pdv	牌照
pdx	派息
pju	盘升
pkj	瓶颈
pny	漂移
pof	颇费
pol	破例
qib	岂不
qkj	清静
qks	青涩
qky	情谊
qlb	枪毙
qlv	墙纸
qml	潜力
qmt	嵌套
qnq	瞧瞧
qrl	权力
qrt	全套
qux	取笑
rfv	任职
rfx	韧性
rou	若是
ruv	乳汁
ruy	入眼
six	私信
siy	司仪
sjb	散布
sjw	三维
soh	索贿
sox	所幸
sri	算出
sru	算术
suu	俗世
svj	随即
tcr	叨扰
tdg	抬高
tev	特制
tii	剔除
tiv	体制
tiw	体温
tjz	毯子
tkb	停播
tng	跳高
tnk	跳空
tny	条约
tox	拖鞋
tsh	童话
tsi	同城
tsq	通气
tsu	同事
tvb	腿部
tvf	退费
tzk	偷窥
tzx	投降
ual	傻了
uej	涉及
uev	赊账
ufh	深化
uft	神坛
ufz	身姿
ugc	剩菜
ugf	升幅
ugj	生姜
ugl	生理
ugm	声明
uhc	赏赐
uig	使馆
uih	使坏
ujl	闪亮
uod	说道
uux	书信
uvl	水利
uzg	收工
uzh	收货
uzj	收集
uzl	受理
uzn	手拿
uzu	手势
uzx	手下
vcb	照办
vcl	着凉
vcx	朝霞
vdq	债券
vdz	宅子
vig	只管
viq	值钱
viw	质问
vjx	战线
vli	撞车
vrt	转头
vrx	专项
vry	专研
vsc	仲裁
vsd	终点
vsl	重力
vsu	忠实
vsx	中心
vut	主体
vuu	注释
vvh	坠毁
vzq	皱起
wdj	外接
wdk	外壳
wdm	外貌
wdu	外甥
wfj	稳健
wfu	文殊
wfz	蚊子
whb	王八
whj	旺季
whu	往上
whv	王者
why	网友
wjl	晚了
wjv	玩转
wjy	玩意
wwf	微风
xbs	心算
xkh	幸好
xki	行程
xkj	性急
xkv	兴致
xlb	想必
xlf	享福
xll	相连
xlq	象棋
xls	相思
xlt	相通
xlz	巷子
xnh	消化
xsv	兄长
xsw	雄伟
xub	续保
xuu	虚实
xxc	瑕疵
xxd	下蛋
ycd	药店
ycu	钥匙
yjg	阉割
yjl	严厉
yrl	远离
ysh	拥护
yzg	油锅
zav	杂质
zcf	造反
zcj	造就
zcl	糟了
zcq	早起
zdk	宰客
zif	字符
zig	自贡
ziu	资深
zix	资讯
zoj	作假
zsj	踪迹
zsu	宗师
zsv	宗旨
zsx	纵向
zuv	阻止
zzj	走近
beb	博而不精
bvb	不着边际
ddn	嘟嘟囔囔
fmb	分门别类
fyb	飞扬跋扈
gag	隔岸观火
gwj	高屋建瓴
hfy	花繁叶茂
jfb	金发碧眼
jgb	将功补过
jjj	将计就计
jjy	济济一堂
mmh	迷迷糊糊
mrt	美若天仙
ppl	破破烂烂
qjb	奇经八脉
rhm	人欢马叫
rrq	扰人清梦
ttk	条条框框
ttm	甜甜蜜蜜
tty	头痛欲裂
uqh	深情厚谊
urw	时日无多
usx	食色性也
usy	生死攸关
wbf	我必犯人
wqb	为期不远
wvu	万丈深渊
wyh	毋庸讳言
xgw	霞光万道
yfb	有法必依
yfi	一飞冲天
yqe	一清二白
yqw	余情未了
zhi	自毁长城
zqq	自取其辱
zqz	在情在理
bqu	不求甚解
eyx	恶言相向
fyf	风言风语
ggj	恭恭敬敬
jey	兼而有之
ubg	事半功倍
ygq	邀功请赏
word	Word
exce	Excel
ppt	PPT
txt	TXT
gdp	GDP
wifi	WiFi
emoj	Emoji
xhg	https://flypy.cc
