ochguu	丁
ochgve	丂
ochgve	七
ocuuhg	丄
ochguu	丅
ochgpp	丆
ochgppve	万
ochgia	丈
ochger	三
ocuuhghg	上
ochgbu	下
ochgppuu	丌
ochgxn	不
ocrfhg	丒
ocythg	且
ocbuhg	丕
ocnmve	世
ocsahg	丗
ocjbhg	丘
ochgnw	丙
ocuubahg	业
occshg	丛
ochgvexn	东
ochgqu	丟
ocbwhg	丠
ocppqu	丢
ocyapp	严
ocbaya	並
ockzvi	𧾷
ocrfll	𩙿
ocveuu	丩
ocdmhg	亠
ocrfuu	个
ocbauu	丫
ocbkuu	丬
ockzuu	中
ocujuu	丯
ocsjuu	丰
oclvuu	串
ocjqdm	丸
ocdmwh	主
ocjkdm	丼
ocppna	乂
ocvepp	乃
ocvedm	乄
ocdcna	久
ocverf	乆
ocppqi	乇
ocppsi	么
ocdmia	义
ocppba	乊
ocppvi	乏
ocrfppna	乑
ocqqpp	乒
ocqqdm	乓
ocqmbw	乖
ochebw	乘
ocveve	乜
ocvepp	九
ocrfyi	乞
ocmpuu	也
ocvebk	习
ocujve	乢
ocycve	乣
ocxxyi	乤
ocdzyi	乧
octdve	乨
ocvjve	乩
ocyitm	乪
ocjxyi	乫
ocjuyi	乬
ocuiyi	乭
ocmcyi	乮
ochuyi	乯
ocvetz	买
ocueve	乱
occiyi	乲
ocveyi	乴
ocxbvs	忡
ocxbve	乵
ocfuyi	乶
ocuayi	乷
ocyemu	乸
ocvove	乹
ocsoyi	乺
ocyuyi	乻
ocvuyi	乼
ocveyi	乽
ocvoqi	乾
ocgvri	亀
oclbve	亃
ocyive	亄
ocveuu	了
ocdcuu	亇
ochghg	二
ochgdk	亍
oceruu	于
ocerve	亏
ocerve	亐
ocersi	云
ochghu	互
ocgsve	五
occchg	井
ocerer	亖
ocujer	亗
ochgdj	亘
ochgqp	亙
ochgye	亚
occier	些
oclwer	亝
ocwfve	亡
ocwfji	亢
ocdmqi	亣
oclqia	交
oclipp	产
ocwftm	亩
ocyive	亪
ocwfdj	亱
oclimu	亲
ocyivi	亵
ocxldj	亸
ocppna	人
ocppuu	亻
ocrfhg	亼
ocrfdm	亽
ocrfve	亾
ocrfyi	亿
ocrfui	什
ocrfer	仁
ocrfli	仂
ocrfdk	仃
ocihrf	仄
ocrfyz	仅
ocrfbu	仆
ocrfjq	仇
ocrfba	仈
ocrfji	仉
ocrfrf	仌
ocrfnd	仍
ocrfrf	从
ocrfsi	仏
ocrfui	仐
ocrfbi	仑
ocrfee	仓
ocrfzi	仔
ocrfui	仕
ocrfye	他
ocrfvh	仗
ocrfcy	付
ocrfuj	仙
ocrfuj	仚
ocrfto	仛
ocrfgs	仜
ocrfgs	仝
ocrfrf	仞
ocrfqm	仟
ocrfgj	仠
ocrfqi	仡
ocrfuc	仢
ocrfyi	代
ocrfxn	仦
ocuhrf	仧
ocrfsj	仨
ocrfuh	仩
ocrfyi	仪
ocrfme	仫
ocrfmf	们
ocrffj	仮
ocrfuc	仯
ocrfmc	仰
ocrfjb	仱
ocrfvs	仲
ocrfbi	仳
ocrfyt	仴
ocrfwu	仵
ocrfnq	件
ocrfjp	价
ocrfyc	仸
ocrffg	仹
ocrfxt	仺
ocrfrf	任
ocrfwh	仼
ocrfff	份
ocrfhu	仾
ocrffh	仿
ocrfgs	伀
ocrfvi	企
ocrffu	伂
ocrfyu	伃
ocrfdn	伄
ocrfty	伅
ocrfwu	伆
ocrfuu	伇
ocrfxb	伈
ocrfkh	伉
ocrfyb	伊
ocrfji	伋
ocrfee	伌
ocrfwu	伍
ocrfvi	伎
ocrfqr	伏
ocrfge	伐
ocrfmu	休
ocrfjb	伒
ocrfbu	伓
ocrfrs	伔
ocrffu	伕
ocrfyz	伖
ocrfcs	众
ocrfyz	优
ocrfho	伙
ocrfyy	会
ocrfqu	伛
ocrfyy	伝
ocrfww	伟
ocrfvr	传
ocrfie	伡
ocrfya	伢
ocrfjm	伣
ocrfih	伥
ocrfly	伦
ocrfch	伧
ocrfyy	伨
ocrfwf	伩
ocrfww	伪
ocrfii	伬
ocrfxr	伭
ocrfnu	伮
ocrfbd	伯
ocrfgu	估
ocrfni	伲
ocrfui	伳
ocrfbj	伴
ocrfsi	伵
ocrflk	伶
ocrfyz	伷
ocrfuf	伸
ocrfqp	伹
ocrfsi	伺
ocrfpk	伻
ocrfyi	似
ocrfjx	伽
ocrfpi	伾
ocrfvi	伿
ocrfkz	佀
ocrftd	佁
ocrfvg	佂
ocrftm	佃
ocrfgj	佄
ocrfww	佅
ocrfdj	但
ocrfnk	佇
ocrfbu	佈
ocrfqu	佉
ocrfpi	佊
ocrfvc	佋
ocrfci	佌
ocrfli	位
ocrfdi	低
ocrfvu	住
ocrfzo	佐
ocrfyz	佑
ocrfyh	佒
ocrfbf	体
ocrfvj	佔
ocrfke	何
ocrfbi	佖
ocrfta	佗
ocrfui	佘
ocrfhe	余
ocrfui	佚
ocrffu	佛
ocrfva	作
ocrfju	佝
ocrfds	佟
ocrfer	你
ocrfju	佢
ocrfys	佣
ocrfwa	佤
ocrfui	佦
ocrfka	佧
ocrfbc	佨
ocrfhv	佪
ocrfge	佫
ocrflc	佬
ocrfjl	佭
ocrfhe	佮
ocrfyh	佯
ocrfbd	佰
ocrfmk	佲
ocrfgv	佳
ocrfer	佴
ocrfbk	併
ocrfji	佶
ocrfgf	佷
ocrfue	佸
ocrfww	佹
ocrfqr	佺
ocrfvc	佻
ocrfjn	佼
ocrfci	佽
ocrfli	使
ocrfxk	侀
ocrfxm	侁
ocrfvi	侄
ocrfhd	侅
ocmucs	來
ocrfyi	侇
ocrfdo	侈
ocrfkx	侉
ocrfgl	侊
ocrflp	例
ocjbyy	侌
ocrfsi	侍
ocrfmi	侎
ocrfvu	侏
ocrfxt	侐
ocrfyz	侑
ocrfan	侒
ocrfyu	侓
ocrfmz	侔
ocrfer	侕
ocrfts	侗
ocrfvd	侘
ocrfui	侙
ocrfxy	侚
ocrfgs	供
ocrfvz	侜
ocrfyi	依
ocrfru	侞
ocrfcy	侟
ocrfjx	侠
ocrfxi	価
ocrfzd	侢
ocrflv	侣
ocrfkc	侤
ocrfyc	侥
ocrfvf	侦
ocrfze	侧
ocrfqn	侨
ocrfhv	侩
ocrfqi	侪
ocrfwh	侫
ocrfns	侬
ocrfjb	侭
ocrfmw	侮
ocrfjy	侰
ocrfig	侱
ocrfif	侲
ocrfzo	侳
ocrflv	侶
ocrfju	侷
ocrfdz	侸
ocrftk	侹
ocrfcf	侺
ocrfdv	侻
ocrfbo	侼
ocrfnj	侽
ocrfxn	侾
ocrfgg	便
ocrfto	俀
ocrfwu	俁
ocrfxi	係
ocrfzu	促
ocrfwo	俄
ocrfqq	俅
ocrfyu	俆
ocrfkl	俇
ocrfgc	俈
ocrfwu	俉
ocrfqy	俊
ocrfyi	俋
ocrffu	俌
ocrfll	俍
ocrfxn	俏
ocrfli	俐
ocrfys	俑
ocrfwj	俒
ocrfjk	俓
ocrfjm	俔
ocrfss	俕
ocrffz	俖
ocrfgu	俗
ocrffu	俘
ocrfxi	俙
ocrfli	俚
ocrfmm	俛
ocrfdd	保
ocrfyi	俟
ocrfjx	俠
ocrfyj	信
ocrfwu	俣
ocrfdi	俤
ocrfie	俥
ocrfuz	俦
ocrfvi	俧
ocrfyj	俨
ocrfll	俩
ocrfli	俪
ocrfld	俫
ocrfsi	俬
ocrfqm	俭
ocrffu	俯
ocrfhe	俰
ocrfju	俱
ocjnli	俲
ocrffw	俳
ocrfbn	俵
ocrfuu	俶
ocrffw	俷
ocrffg	俸
ocrfya	俹
ocrfyj	俺
ocrfbw	俻
ocrfyu	俼
ocrfxb	俽
ocrfbw	俾
ocrfhu	俿
ocrfih	倀
ocrfvi	倁
ocrfjq	倃
ocrfyc	倄
ocrfzu	倅
ocrfll	倆
ocrfwj	倇
ocrfld	倈
ocrfgu	個
ocrfgr	倌
ocrfpz	倍
ocrfdm	倎
ocrfmf	們
ocrfdc	倒
ocrfyj	倓
ocrfqu	倔
ocrfiv	倕
ocrfxk	倖
ocrfpg	倗
ocrfuh	倘
ocrfqi	倚
ocrfqi	倛
ocrfvz	倜
ocvorf	倝
ocrfjk	倞
ocrfxi	借
ocrfvv	倠
ocrfih	倡
ocrfjp	倢
ocrffh	倣
ocrfks	倥
ocrfjr	倦
ocrfzs	倧
ocrfju	倨
ocrfqk	倩
ocrfer	倪
ocrfly	倫
ocrfvo	倬
ocrfww	倭
ocrfgo	倮
ocrfss	倯
ocrflk	倰
ocrfky	倱
ocrfds	倲
ocrfui	倳
ocrfbf	倴
ocrfwu	倵
ocrfnd	倷
ocrfcd	倸
ocrfze	债
ocrfye	倻
ocrfvi	值
ocrfue	倽
ocrfqk	倾
ocrfqp	倿
ocrfyk	偀
ocrfqm	偂
ocrfvs	偅
ocrfiy	偆
ocrfxx	假
ocrfhe	偈
ocrfww	偉
ocrfyu	偊
ocrfpk	偋
ocrfro	偌
ocrfui	偍
ocrfww	偎
ocrfbm	偏
ocrfyj	偐
ocrffg	偑
ocrfyh	偒
ocrfwu	偓
ocrfjp	偕
ocrfve	偖
ocrfug	偗
ocrfpb	偘
ocrfdi	偙
ocrfgu	做
ocrftk	停
ocrfbw	偝
ocrfye	偞
ocrfhl	偟
ocrfyc	偠
ocrfuf	偡
ocrfqq	偢
ocrfyb	偣
ocrfqq	偤
ocrfjm	健
ocrfxu	偦
ocrfid	偨
ocrffu	偩
ocrffu	偪
ocrfdd	偫
ocrfmm	偭
ocrfai	偯
ocrfqi	偰
ocrfdy	偱
ocrfsi	偲
ocrfdr	偳
ocrfze	側
ocrfvf	偵
ocrfyu	偶
ocrfyu	偷
ocrflz	偻
ocrfww	偽
ocrfbf	偾
ocrfih	偿
ocrfgv	傀
ocrfsz	傁
ocrfsi	傂
ocrfsu	傃
ocrfyr	傆
ocrfrs	傇
ocrfsu	傈
ocrfru	傉
ocrfyr	傊
ocrfgz	傋
ocrfma	傌
ocrfph	傍
ocrfvf	傎
ocrfth	傏
ocrfgc	傐
ocrfjp	傑
ocrfxi	傒
ocrfuj	傓
ocrfjm	傔
ocrfhe	傕
ocrfch	傖
ocrfxu	傗
ocrfxn	傚
ocrfrs	傛
ocrfyc	傜
ocrfia	傞
ocrfwg	傟
ocrftc	傠
ocwwli	傡
ocrfjx	傢
ocrftd	傣
ocrfzd	傤
ocrfdh	傥
ocrfgu	傦
ocrfbb	傧
ocrfvu	储
ocrfnj	傩
ocrfcj	傪
ocrflw	傫
ocrfcv	催
ocrfys	傭
ocrfcc	傮
ocrfbg	傰
ocrfcs	傱
ocrfao	傲
ocrfvr	傳
ocrfqu	傴
ocrfze	債
ocrfqi	傶
ocrful	傸
ocrfjk	傹
ocrfji	傺
ocrfvh	傽
ocrfqk	傾
ocrfyj	傿
ocrfdd	僀
ocrfxi	僁
ocrflz	僂
ocrfpn	僄
ocrfjb	僅
ocrflm	僆
ocrfmj	僈
ocrftj	僋
ocrfds	働
ocrfxl	像
ocrfuj	僐
ocrfqn	僑
ocrfjs	僒
ocrfgv	僓
ocrfzy	僔
ocrfxi	僖
ocrflc	僗
ocrfih	僘
ocrfhl	僙
ocrfln	僚
ocrfqi	僛
ocrfdg	僜
ocrfij	僝
ocrfww	僞
ocrfji	僟
ocrffj	僠
ocrfhv	僡
ocrfuy	僢
ocrfti	僣
ocrfdj	僤
ocrfyc	僥
ocrfjq	僦
ocrfzg	僧
ocrfbf	僨
ocrfxm	僩
ocrfee	僫
ocrfjn	僬
ocrfts	僮
ocrflb	僯
ocjirf	僰
ocrfgu	僱
ocrfsu	僳
ocrfjm	僴
ocrfjl	僵
ocrfmm	僶
ocrfye	僷
ocrfjb	僸
ocrfjx	價
ocrfzc	僺
ocrfpi	僻
ocrfiz	僽
ocrfai	僾
ocrfse	僿
ocrfyi	儀
ocrfjy	儁
ocrfns	儂
ocrfdj	儃
ocrfyi	億
ocrfdh	儅
ocrfjk	儆
ocrfhv	儈
ocrfqm	儉
ocrfiu	儊
ocrfvj	儋
ocrfjn	儌
ocrfzd	儎
ocrfcj	儏
ocrfbb	儐
ocrfxu	儒
ocrftd	儓
ocrfuz	儔
ocrfqi	儕
ocrfjm	儖
ocrfyi	儗
ocrfjb	儘
ocrfqm	儙
ocrfmg	儚
ocrfwu	儛
ocrfnk	儜
ocrfrs	儝
ocrfer	儞
ocrfuh	償
ocrflv	儢
ocrfgl	儣
ocrfbc	儤
ocrfmd	儥
ocrfvi	儨
ocrfci	儩
ocrfyz	優
ocrfhc	儫
ocrfll	儬
ocrfqb	儭
ocrfli	儮
ocrfww	儰
ocrfls	儱
ocrfvu	儲
ocrfxl	儴
ocrfli	儷
ocrflo	儸
ocrfzj	儹
ocrfnj	儺
ocrfdh	儻
ocrfyj	儼
ocrflw	儽
ocrfnh	儾
ocppve	儿
ochger	兀
ocsier	允
ocerer	元
ockzer	兄
ocwfyy	充
ocxser	兇
ocnqer	先
ocxnwu	光
ocgser	兊
ocuixs	克
ocbaxs	兌
ocjqer	児
ocbaxs	兑
ocjqer	兒
ocjiji	兓
ocmmdm	兔
ocaoer	兕
oclqyy	兖
oclqxs	兗
ocyrtd	兘
ockeui	兙
octhxs	党
ockeqm	兛
ockeff	兝
ockemc	兞
ocxmxm	兟
ockebd	兡
ockeke	兢
ockeli	兣
ocglgl	兤
ocppna	入
ocruve	兦
ocklru	內
ocrfwh	全
ocppna	八
ocbasi	公
ocwfba	六
ocbaqn	兮
ocbaer	兯
ocbasj	兰
ocgsba	共
ocwhba	兲
ocbatm	关
ocqqba	兵
ocgser	其
ocffii	兺
ocdjvj	冁
ocuuve	冂
ockler	冃
ockler	冄
ocklrf	内
ocuikl	冇
ocklia	冈
ockltu	冉
ocklcc	冊
ocklkz	冋
ochgrj	再
ocjkzd	冓
ocrixu	冔
ocrimm	冕
ocdmve	冖
ocbcji	冗
ocbcer	冘
ocbcyu	写
ocbcuj	冚
ocbcie	军
ocbcyi	农
ocbcqp	冝
ocbcmi	冞
ocbcqu	冣
ocbctu	冤
ocbclb	冧
ocbcfu	冨
ocbcmu	冪
ocdmhg	冫
ocdabk	冭
ocbkgs	冮
ocbkma	冯
ocbkuv	冰
ocbkhu	冱
ocbkvs	冲
ocbkgk	决
ocbkya	冴
ocbkxs	况
ocbktd	冶
ocbklk	冷
ocbkrfer	冷
ocbkbj	冸
ocbkba	冹
ocbkmb	冺
ocbkds	冻
ocbkxm	冼
ocbklp	冽
ocbkhe	冾
ocbkyu	冿
ocbkvg	净
ocbkuu	凁
ocbkmm	凂
ocbkyu	凃
ocbkqi	凄
ocbkgu	凅
ocbkvv	准
ocbkss	凇
ocbkvg	凈
ocbkjk	凉
ocbkqk	凊
ocbkvz	凋
ocbklk	凌
ocbkds	凍
ocbkjb	凎
ocbkxm	减
ocbkzz	凑
ocbkqi	凒
ocbksu	凓
ocbkch	凔
ocbkmk	凕
ocvyui	凖
ocbkcv	凗
ocbksi	凘
ocbkjb	凚
ocbkyi	凝
ocbkmd	凟
ocppve	几
ocjidm	凡
ocppji	凢
ocuuji	凣
ocjiyz	凤
ocuiji	凥
ocwfji	処
ocjijb	凧
ocjiyy	凨
ocjimu	凩
ocjivi	凪
ocnnji	凫
ocrfji	凭
ocjibd	凮
ocqiji	凯
ocjihl	凰
ocqiji	凱
ocjijm	凲
ocdgji	凳
ocfgji	凴
ocveuu	凵
ociakl	凶
octukl	凷
occckl	出
oceruj	击
ocuvkl	凼
ocvepp	刀
ocvehg	刁
ocuuuu	刂
ocdcdm	刃
ocdcna	刄
ocdcba	刅
ocbadc	分
ocqidc	切
ociadc	刈
ocqidc	刉
ocgjdc	刊
ocqmdc	刋
occydc	刌
ocdcxt	刍
ocwudc	刎
ocqidc	刏
ocdjdc	刐
ockddc	刑
ocgedc	划
ocyrdc	刓
ocgkdc	刔
ocytdc	刖
ocdddc	列
ocwfdc	刘
ocbwdc	则
ocghdc	刚
occhdc	创
ocfudc	刜
ocppdc	初
ocqpdc	刞
ocvcdc	刟
occedc	删
ocmbdc	刡
oclkdc	刢
octddc	刣
ocbjdc	判
ocqudc	刦
ocqudc	刧
ocbcdc	刨
ochedc	利
oclkdc	别
ocjmdc	刬
ocuedc	刮
ocgfdc	刯
ocvidc	到
ocgvdc	刲
ockxdc	刳
ocerdc	刵
ocjrdc	券
ocuadc	刹
occidc	刺
ochddc	刻
ocqurf	刼
ochvdc	刽
ocjxdc	刾
ocsvdc	刿
ocqidc	剀
ocdodc	剁
ocqidc	剂
ocdidc	剃
ocjkdc	剄
ocdzdc	剅
oclldc	剆
ocbwdc	則
ocjrdc	剈
oczodc	剉
ocxndc	削
ockedc	剋
ocuudc	剌
ocbkrf	剏
ocgodc	剐
ocqmdc	剑
ocxidc	剒
ocyidc	剔
ocfwdc	剕
ocpzdc	剖
ocqidc	剘
ocuidc	剚
ocghdc	剛
ocwjdc	剜
ocludc	剝
ocqidc	剞
ocvodc	剟
ocjkdc	剠
ocyjdc	剡
ocludc	剥
ocyjdc	剦
ocjudc	剧
ocigdc	剩
ocqmdc	剪
ocdudc	剫
ocdrdc	剬
ocwudc	剭
ocgodc	剮
ocfudc	副
ochddc	割
ocqidc	剴
occhdc	創
octrdc	剶
ocijdc	剷
ocvrdc	剸
ocbgdc	剻
occjdc	剼
ocpndc	剽
ocqudc	剾
ocicdc	剿
ocjndc	劁
ocjtdc	劂
ochxdc	劃
ocdadc	劄
ocuudc	劅
oclmdc	劆
ocpidc	劈
ochvdc	劊
oczcdc	劋
ocsvdc	劌
ocqmdc	劍
ocqmdc	劎
ochodc	劐
ocqidc	劑
ocqmrf	劒
ocbidc	劓
ocvidc	劕
oczjdc	劗
ocmidc	劘
oclidc	劙
ocuudc	劚
ocvepp	力
oclive	劜
ocyzli	劝
ocliba	办
ocgsli	功
oclikz	加
ocwfli	务
ocwjli	劢
ocucli	劣
ocjbli	劤
ockhli	劥
ocuzli	劧
ocyyli	动
ocqpli	助
ocnuli	努
ocquli	劫
ocjuli	劬
ocvcli	劭
ocuili	劮
ocuili	劯
ocbdli	劰
oclili	励
ocjrli	劵
ochzli	劶
ocyhli	劷
ocgvli	劸
ocjnli	効
ocmzli	劺
ocklli	劻
ocjili	劼
oclpli	劽
ochdli	劾
ocvili	势
ockeli	勀
ocjkli	勁
ocgcli	勂
ocboli	勃
ocmwli	勄
ocuuli	勅
ocllli	勆
ocysli	勇
ocysli	勈
ocmmli	勉
ockeli	勊
ocyrli	勋
ocjrli	勌
ocjkli	勍
ocluli	勎
ocpzli	勏
ocmgli	勐
ocldli	勑
ocgeli	勒
ocjpli	勓
ocmmli	勔
ocvsli	動
ocmcli	勖
ocrivu	勗
ocufli	勘
ocmcwu	務
ocyrli	勛
ocwgli	勜
ocytqr	勝
ocmoli	募
ocpnli	勡
oczeli	勣
ocjbli	勤
ocqlli	勥
ocicli	勦
ocxlli	勨
ocqnli	勪
ocfjli	勫
octsli	勭
ocdjli	勯
ocwjli	勱
ocdsho	勲
ocxyli	勳
oclvli	勴
ocwjli	勵
ocieli	勶
ocxlli	勷
ocppve	勹
ocbcdm	勺
ocbcer	勻
ocbcjq	勼
ocbcrf	勽
ocbcsi	勾
ocbcbk	匀
ocbcia	匁
ocbcbi	匂
ocbcwh	匄
ocbcsi	包
ocwudm	匆
ocbcxi	匇
ocbcxs	匈
ocbcpk	匉
ocbcmi	匊
ocbcfz	匋
ocbche	匌
ocbcfu	匍
ocbcyj	匎
ockxbc	匏
ocbcfu	匐
ocbcgs	匑
ocppve	匕
ocrfbi	化
ocjlbi	北
ocuibi	匙
ockljq	匛
ocklye	匜
ockljb	匝
ocklgs	匞
ocklkh	匟
ockljb	匠
ocklwh	匡
ocklwu	匢
ockljx	匣
ocklyu	匤
ocklbm	匥
ocklgv	匦
ockljx	匧
ocklvl	匨
ocklfw	匪
ocklyu	匬
ocklgv	匭
ocklgv	匮
ocklhk	匯
ockldj	匰
ocklgv	匱
ocklqm	匳
ocklsr	匴
ocklmd	匵
ockljq	匶
ocklqu	匷
ochgve	匸
ockler	匹
ocklia	区
ocklui	医
ocklhe	匼
ocklbm	匾
ocklro	匿
ocklpb	區
ochguu	十
ocveui	卂
ocppui	千
ocirhg	卅
ocjqui	卆
ocppcc	升
ocppgj	午
ocuicc	卉
ocuinm	卋
ochxui	华
ocuibj	协
ocuimd	卖
ocufui	卙
ocuifu	博
ocuudm	卜
ocdmxx	卞
ockzbu	卟
ocuhbu	卡
ocvjkl	卣
ocvjia	卤
ocgvbu	卦
ocifbu	卧
ocveuu	卩
ocerdm	卪
ocerhg	卫
ocgser	卭
ocdcee	危
ocvcer	卲
ocgfer	即
ocquer	却
ocdoer	卶
ocjree	卷
ocfzer	卸
ocxter	卹
ocigee	卺
ocguer	卻
ocwuww	卼
ocxper	厁
ochgpp	厂
ocdcih	厃
ocihee	厄
ocihdk	厅
ocihli	历
ocihto	厇
ocihgj	厈
ocihwj	厉
ocihya	厊
ocihqr	厌
ocihie	厍
ocihdi	厎
ocihva	厏
ocihls	厐
ocihii	厑
ocihfz	厒
ocihgv	厓
ocihvi	厔
ocihze	厕
ocihls	厖
ocihxb	厗
ocihli	厘
ocihie	厙
ocihtk	厛
ocihiv	厜
ocihxi	厝
ocihfw	厞
ocihze	厠
ocihqr	厡
ocihxl	厢
ocyjjx	厣
ocihxx	厦
ocihvf	厧
ocihji	厩
ocihjb	厪
ocihao	厫
ocihsi	厮
ocihih	厰
ocihqm	厱
ocihwj	厲
ocyjjx	厴
ocvedm	厶
ocuisi	厷
ocsisi	厸
ocjqsi	厹
ocdasi	厺
ocqusi	去
ocsixn	厼
ocvequ	厾
ocqpsi	县
oclwvf	參
ocyyai	叆
ocyydd	叇
ocvena	又
ocyzdm	叉
ocuiyz	友
ocyzyz	双
ocjqyz	収
ocvevi	叏
ocppyz	叐
ocyzul	叒
ocyzyzyz	叒
oculul	叕
ocyzyzyz	叕
oceryz	取
ocyiyz	变
ocyuyz	叙
ocbjfj	叛
oczdyz	叜
ocrvyz	叡
ocklhg	口
ocuikz	古
ocbckz	句
ockzli	另
ockzdc	叧
ockzdc	叨
ockzer	叩
ockzba	只
ockzjq	叫
ocdckz	召
ockzba	叭
ockzdk	叮
ocdkkz	可
ocsikz	台
ockzbi	叱
ocklia	史
ocuikz	右
ocjqkz	叴
ocklkz	叵
ockzui	叶
ockzqn	号
ockzyz	叹
ockzru	叺
ockzli	叻
ockzdn	叼
ockzji	叽
oclnkz	叾
ockzgs	叿
ockzqm	吀
ockzyu	吁
ocwhkz	吂
ockzqi	吃
ocwfkz	各
ockzkz	吅
ockzyc	吆
ockzzi	吇
ocuikz	吉
ockzjb	吊
ockzcy	吋
ocxikz	名
ockztu	吐
ocppjs	向
ockzto	吒
ockzxx	吓
ockzye	吔
ockzkz	吕
ockzya	吖
ockzma	吗
ockzwu	吘
ockzho	吙
ockzyb	吚
ocybkz	君
ockziz	吜
ocwfkz	吝
octmkz	吞
ockzjb	吟
ockzqr	吠
ockzbi	吡
ocxbkz	吢
ockzxb	吣
ockzjp	吤
ockzbu	吥
ocbukz	否
ockzba	吧
ockzty	吨
ockzff	吩
ockzhx	吪
ocjbkz	含
ockzjb	听
ockzkh	吭
ockzyy	吮
ochukz	启
ockzgs	吰
ockzvi	吱
ockzyb	吲
ockztm	吴
ockzuc	吵
ockznw	吶
ockzgk	吷
ockzji	吸
ockzqm	吹
ockzuu	吺
ockzwu	吻
ockzks	吼
ockznq	吽
ocwukz	吾
ocnqkz	吿
ockzya	呀
ockzyy	呁
ockzee	呃
ocndgu	呄
ockzwf	呅
ockzmu	呆
ocuvkz	呇
ockzwh	呈
ocnqkz	告
ockzfu	呋
ockzdz	呌
ockzyy	呍
ockzii	呎
ockzug	呏
ockznw	呐
ocyckz	呑
ockzwu	呒
ockzyi	呓
ockztd	呔
ockzqu	呕
ockzli	呖
ockzbw	呗
ockzbw	员
ockznw	呙
ockzwf	呚
ockzch	呛
ockzwu	呜
ockzsi	呞
ockzxr	呟
ockzbf	呠
ockzmb	呡
ockzni	呢
ockzmu	呣
ockzlk	呤
ockzrj	呥
ockzyz	呦
ockzdi	呧
ockzui	呩
ockzxs	呪
ockzvj	呫
ockzsi	呬
ockzui	呭
ockzvi	呮
ockzpk	呯
occikz	呰
ockzgx	呱
ockzci	呲
ockzww	味
ockzju	呴
ockzke	呵
ockznu	呶
ockzjx	呷
ockzpi	呸
ockzui	呹
ockzhc	呺
ockzuf	呻
ockzhu	呼
ockzdj	呾
ockzqu	呿
ockzqp	咀
ockzgj	咁
ockzza	咂
ockzta	咃
ockziu	咄
oclikz	咅
ockzbc	咆
ockzbi	咇
ockzfu	咈
ockzyh	咉
ockzhe	咊
ockzva	咋
ochekz	和
ockztd	咍
ociukz	咎
ockzys	咏
ockzfu	咐
ockzda	咑
ockzwa	咓
ockzka	咔
ockzgu	咕
ockzjx	咖
ockzzo	咗
ockzbu	咘
ockzls	咙
ockzds	咚
ockznk	咛
ockzta	咜
ockzsi	咝
ockzkd	咞
ockzbd	咟
ockzer	咠
ockzer	咡
ockzgl	咣
ockzvd	咤
ockzvi	咥
ockzyi	咦
ockzlp	咧
occikz	咨
ockzyh	咩
ockzmi	咪
ociivi	咫
ockzjn	咬
ockzji	咭
ockzvu	咮
ockzge	咯
ockzxy	咰
ockzzi	咱
ockzgr	咲
ockzhd	咳
ockzhv	咴
ockzkx	咵
ockzue	咶
ockzvc	咷
ocxukz	咸
ockzan	咹
ockzgf	咺
ockzxq	咻
ockzyb	咽
ockzlc	咾
ockzyi	咿
ocyikz	哀
ockzxi	哂
ockzts	哃
ockzgs	哄
ockzxs	哅
ockzdo	哆
ockzgv	哇
ockzhe	哈
ockzyz	哊
ockzdi	哋
ockzpd	哌
ockzxl	响
ockzai	哎
ockzgf	哏
ockzkl	哐
ockzya	哑
ockzda	哒
ockzyc	哓
ockzbi	哔
ockzsv	哕
ockznm	哖
ockzhx	哗
ockzxk	哘
ockzhv	哙
ockzdo	哚
ociiff	哛
ockzqi	哜
ockzns	哝
ockzmz	哞
ockzyt	哟
ockzgc	哠
ockzbw	員
ockzns	哢
ockzdz	哣
ockzls	哤
ockeke	哥
ockzwo	哦
ockzii	哧
ockzxn	哨
ockzli	哩
ockzna	哪
ockzzu	哫
ockzhe	哬
ockzxn	哮
ockzjm	哯
ockzlc	哰
ockzbo	哱
ocvekz	哲
ockzve	哳
ockzll	哴
ockzbp	哵
ockzto	哸
ockzfu	哹
ockzfu	哺
ockzhj	哻
ockzhg	哼
ockzgg	哽
ockzdv	哾
ocjxke	哿
ockzxq	唀
ockzyj	唁
ockzgu	唂
ockzjn	唃
ockzbw	唄
ockzhj	唅
ockzqy	唆
ocifkz	唇
ockzyi	唈
ockzyi	唉
ockzjx	唊
ockzyu	唋
ockzyj	唌
ockzwj	唍
ockzli	唎
ockzxi	唏
ockzzo	唑
ockzyz	唒
ockzie	唓
ockzwu	唔
ockzzz	唗
ockzdi	唙
ockzmd	唛
ocmoii	唜
ockzgs	唝
ockzdz	唞
ocquii	唟
ockzlc	唠
ockzll	唡
ockzzc	唣
ockzhr	唤
ockzlg	唥
ockzua	唦
ockzji	唧
ockzzu	唨
ockzww	唩
ockzfg	唪
ockzjb	唫
ockzhu	唬
ockzqi	唭
ocvvkz	售
ockzvv	唯
ockzux	唰
ockzih	唱
ockzer	唲
ockzli	唳
ockzql	唴
ockzyj	唵
ockzxi	唶
ockzyu	唷
ockznm	唸
ockzyu	唹
ockzdm	唺
ockzld	唻
ockzqp	唼
ockzxi	唽
ockziv	唾
ockzhu	唿
ockzvz	啁
ockzru	啂
ockzkf	啃
ockzvo	啅
ockzxk	啈
ockzlb	啉
ockzaa	啊
ockzcd	啋
ockzks	啌
ockzxl	啍
ocwuwu	啎
ocmfkz	問
ockzzu	啐
ockzjp	啑
ockzqu	啒
ockzyj	啖
ockzwj	啘
ockzqi	啛
ockzvo	啜
ockzhe	啝
ockzya	啞
ocqiwf	啟
ockzfw	啡
ockzll	啢
ockzxp	啣
ockzbw	啤
ockzue	啥
ockzla	啦
ockzze	啧
ockzqk	啨
ockzgx	啩
ockzpd	啪
ockzve	啫
ockzvr	啭
ockzii	啮
ockzgo	啯
ockzlo	啰
ockzyj	啱
ockzde	啲
ockzjr	啳
ockzdj	啴
ockzbo	啵
ockzdk	啶
ockzlh	啷
ockzsu	啸
ockzju	啹
ockzyh	啺
ocdikz	啻
ockzdi	啼
ockzqq	啾
ockzuf	啿
ockzke	喀
ockzyu	喁
ockzww	喂
ockznj	喃
ockzyu	喅
ocjiji	喆
ockzla	喇
ockzjp	喈
ockzhz	喉
ockzxm	喊
ockzye	喋
ockzid	喍
ockzgo	喎
ockzro	喏
ockzyu	喐
ockzyb	喑
ockzyc	喓
ockzwu	喔
ockzmm	喕
ockzku	喖
ockzjy	喗
ockzdr	喘
ockztr	喙
ockzhr	喚
ockzyr	喛
ockzhe	喝
ockzww	喟
ockzvs	喠
ockzww	喡
ockzhl	喤
ockzdu	喥
ocpbuj	喦
ockzxr	喧
ockzll	喨
ockzqi	喫
ockzyj	喭
ockzbf	喯
ockzui	喰
ockzli	喱
ockzyt	喲
ockzia	喳
ockzww	喴
ockzmn	喵
ockzbf	喷
ocfuii	喸
ockzkv	喹
ockzxi	喺
ockzyu	喻
ockzji	喼
ockzlz	喽
ocpbmu	喿
ockzsi	嗁
ockzyc	嗂
ockzgc	嗃
ockzxx	嗄
ockziz	嗅
ockzch	嗆
ockzsu	嗉
ockzgs	嗊
ockzyi	嗌
ockzuo	嗍
ockzma	嗎
ockzia	嗏
ockzhd	嗐
ockzhe	嗑
ockzsh	嗓
ockzvf	嗔
ockzru	嗕
ockzsz	嗖
ockzgu	嗗
ockzxi	嗘
ockzph	嗙
ockzwu	嗚
ockzjm	嗛
ockzge	嗝
ockzzi	嗞
ockzia	嗟
ocfuge	嗠
ockzwg	嗡
ockzwf	嗢
ockzii	嗤
ockzgc	嗥
ockzso	嗦
ocjxly	嗧
ockzhd	嗨
ockzqb	嗪
ockznp	嗫
ockzhe	嗬
ocviii	嗭
ockzud	嗮
ockzen	嗯
ockzna	嗱
ockzdp	嗲
ockzai	嗳
ockzts	嗵
ockzbi	嗶
ockzao	嗷
ocaokz	嗸
ockzlm	嗹
ockzcv	嗺
ockzuu	嗻
ockzmo	嗼
ockzzu	嗾
ockztj	嗿
ockzdi	嘀
ockzqi	嘁
ockzys	嘃
ockzxn	嘄
ockzji	嘅
ockzcj	嘇
ockzcc	嘈
ockzya	嘊
ockzjn	嘋
ockzpn	嘌
ockzlz	嘍
ockzga	嘎
ocguxx	嘏
ockzhv	嘒
ockzgo	嘓
ockzqu	嘔
ockzyj	嘕
ockzze	嘖
ocuhvi	嘗
ockzxu	嘘
ockzpo	嘙
ockzde	嘚
ockzma	嘛
ockzmd	嘜
ockzhu	嘝
ockzle	嘞
ockzdz	嘟
ockzjx	嘠
ockzth	嘡
ockzye	嘢
ockzbg	嘣
ockzyk	嘤
ockzxi	嘥
ocviyc	嘦
ockzmi	嘧
ockzhx	嘩
ockzmd	嘪
ockzrj	嘫
ockzzv	嘬
ockzpg	嘭
ockzlc	嘮
ockzsu	嘯
ockzji	嘰
ockzuu	嘱
ockzic	嘲
ockzgv	嘳
ockzyc	嘵
ockzsi	嘶
ockzwu	嘸
ockzln	嘹
ockzqn	嘺
ockzxi	嘻
ockzdj	嘽
ockztj	嘾
ockzhw	嘿
ockzee	噁
ockzzy	噂
ockzfj	噃
ockzjp	噄
ockzww	噅
ockzts	噇
ockzjq	噈
ockzgj	噉
ockzdy	噋
ockzzg	噌
ockzjn	噍
ockzyi	噎
ockzlb	噒
ockzxu	噓
ockzdg	噔
ocwwkz	噕
ockzqb	噖
ockzjt	噘
ockzqb	噙
ockzxy	噚
ockzlu	噜
ockzqm	噞
ockzda	噠
ockzvj	噡
ockzao	噢
ockzuu	噣
ockzjb	噤
ockzns	噥
ockzsv	噦
ockzwj	噧
ockzzc	噪
ockzyi	噫
ockzjn	噭
ockzai	噯
ockzys	噰
ockzhv	噲
ockzyu	噳
ockzbf	噴
ocdckz	噵
ockzge	噶
ockzdy	噸
ockzdh	噹
ockzxb	噺
ockzse	噻
ockzpi	噼
ocxipi	噽
ockzcv	噿
ockznk	嚀
ockzvd	嚁
ockzjm	嚂
ockzho	嚄
ockzxu	嚅
ockzhc	嚆
ockzhe	嚇
ockzyj	嚈
ockzdv	嚉
ockzbi	嚊
ockzuz	嚋
ockzqi	嚌
ockzjb	嚍
ockzhc	嚎
ockzxy	嚑
ockzme	嚒
ockzca	嚓
ockzlu	嚕
ockzhv	嚖
ockzbc	嚗
ockzyz	嚘
ockzii	嚙
ockzle	嚛
ockzmo	嚜
ockzgl	嚝
ockzli	嚟
ockzlq	嚠
ockzxp	嚡
ockzmo	嚤
ockzyj	嚥
ockzli	嚦
ockzlu	嚧
ockzls	嚨
ockzfu	嚩
ockzqb	嚫
ockzpb	嚬
ocxifz	嚭
ocxlxl	嚮
ockzho	嚯
ockzmo	嚰
ocxldj	嚲
ockzyk	嚶
ockzxl	嚷
ockzdm	嚸
ockzxx	嚹
ockzjt	嚼
ockzvv	嚽
ockzjq	嚿
ockzvr	囀
ockznp	囁
ockzza	囃
ockzli	囄
ocdjvj	囅
ockzli	囇
ockzyi	囈
ockzlo	囉
ockzzj	囋
ockzsu	囌
ocxixi	囍
ockzzg	囎
ockzxm	囐
ockzuu	囑
ockznh	囔
ockzlj	囕
ockzlo	囖
ocklhg	囗
ocklsi	囘
ocklrf	囚
ockler	四
ocklsi	囜
ocklzi	囝
ocklkz	回
ocklda	因
ocklnv	囡
ocklcd	团
ocklcy	団
ocklty	囤
ocklkh	囥
ockluv	囦
ocklbu	囨
ocklyy	囩
ocklwu	囫
ocklyr	园
ocklhx	囮
ocklwh	囯
ocklmu	困
ockljk	囲
ocklww	围
ocklly	囵
ocklhe	囷
ocklvg	囸
ockllk	囹
ocklgu	固
ocklmb	囻
ockltd	囼
ocklyu	国
ocklds	图
ocklyz	囿
ocklyj	圁
ocklui	圂
ocklfu	圃
ocklwu	圄
ocklyr	圆
ocklly	圇
ockljr	圈
ocklxk	圉
ocklqk	圊
ocklho	國
ockldr	圌
ocklww	圍
ocklyr	圎
ocklvr	圑
ocklyr	園
ocklyr	圓
ocklhe	圔
ockluu	圕
ocklvr	團
ocklgv	圚
ockllr	圞
ocuihg	土
octuve	圠
octudm	圡
octudk	圢
ocyztu	圣
octubu	圤
octuer	圥
octuru	圦
ocihtu	圧
octuyu	圩
octuqi	圪
octuto	圫
octukv	圬
octutu	圭
octuji	圮
octusi	圯
octuye	地
ocqmtu	圱
octuqm	圲
octuir	圳
octuuc	圴
octuuh	圵
ocdatu	圶
octuxx	圷
octuuj	圸
octugl	圹
octuyi	场
octujb	圻
ocritu	圼
octuwu	圽
octuji	圾
octujp	圿
octuvi	址
octuui	坁
octufj	坂
octuyr	坃
octuuu	坄
octujb	坅
octuwf	坆
octuyy	均
octurs	坈
octuty	坉
octufh	坊
octufg	坋
ocfftu	坌
octudj	坍
octuqm	坎
octubu	坏
octukh	坑
ocbitu	坒
ocjktu	坓
ocuvtu	坔
ocvxtu	坕
ocyrtu	坖
octugk	块
octuhu	坘
octuyy	坛
octuli	坜
octubw	坝
octuwu	坞
octuwf	坟
ocdvtu	坠
octupi	坡
octubj	坢
octhtu	坣
octuuf	坤
octuqp	坥
octudj	坦
octuui	坧
octuta	坨
octugj	坩
octupk	坪
octuvj	坫
octugx	坬
octuni	坭
octutd	坮
octupi	坯
octujs	坰
octuyh	坱
octufu	坲
octuyz	坳
octuqq	坵
octumu	坶
octuke	坷
octuju	坸
octuxt	坹
octuba	坺
octudi	坻
octuii	坼
octulk	坽
octunk	坾
octufu	坿
octuhu	垀
octuui	垁
octuli	垃
oclstu	垄
octuls	垅
octulu	垆
octuao	垇
ocddtu	垈
octubc	垉
octumb	垊
ocxktu	型
octuts	垌
octuzi	垍
octuge	垎
octuyu	垏
occitu	垐
octudo	垑
oclwtu	垒
octuhd	垓
ocxitu	垔
ochztu	垕
octudv	垖
octuvc	垗
octufu	垘
octugl	垙
octudo	垛
octuww	垝
octuvd	垞
octuyh	垟
octugf	垠
ocfatu	垡
octuhz	垢
octugf	垣
octuvi	垤
octuhe	垥
ocgftu	垦
octuxl	垧
octuuz	垨
ocyatu	垩
octubk	垪
ocvitu	垫
octugs	垬
octuya	垭
octukx	垮
octuda	垯
octudh	垱
octuqi	垲
octuxk	垳
octuan	垵
octuxb	垶
octujm	垷
octuwj	垸
octubh	垹
octufu	垺
octubw	垻
ocyitu	垼
ocyitu	垽
octuhj	垾
octuxu	垿
octucf	埁
octugg	埂
octuyi	埃
octufg	埄
ocfhtu	埅
octujn	埆
octuys	埇
octuqy	埈
octujx	埉
octuli	埋
octull	埌
octujr	埍
octuig	城
octuyj	埏
ocvetu	埑
octufu	埔
octuig	埕
octuhx	埖
octubu	埗
octuui	埘
octuyr	埙
octugo	埚
octujs	埛
oclbtu	埜
octunm	埝
octudk	埞
octuho	域
octufu	埠
octuya	埡
octujr	埢
octuzu	埣
octubw	埤
octuqk	埥
octuwj	埦
octuju	埧
octuly	埨
octuvg	埩
octuks	埪
octuuh	埫
octuds	埬
octuli	埭
octuyj	埮
octuyj	埯
octucd	埰
octuuu	埱
octufg	埲
octuvi	埴
octuiv	埵
ocluwj	埶
ocxkwj	執
octuyi	埸
octupz	培
ocqitu	基
octuxl	埻
octuqi	埼
octuvz	埽
ocqutu	埾
ocnitu	埿
octuqu	堀
octugo	堁
ocuhtu	堂
octuer	堄
octuvv	堆
octugh	堈
octuyu	堉
ocyatu	堊
octupg	堋
octugu	堌
octutu	堍
octulk	堎
ocfhtu	堏
ocvjtu	堑
octuky	堒
octuan	堓
octutu	堗
octujy	堚
octufu	堛
octujm	堜
octugo	堝
octuye	堞
octutr	堟
octuhz	堠
ocbctu	堡
octubc	堢
octuyu	堣
octuui	堤
octujp	堦
octuhe	堨
octuhg	堩
octuuf	堪
octuyu	堬
octuhl	堭
ocycwu	堯
ocjitu	堲
octumw	堳
octuyh	場
octuve	堵
octuyb	堷
octufg	堸
octuvs	堹
octujp	堺
ocjbtu	堻
ocfgtu	堼
octugh	堽
octuiy	堾
octuxm	堿
octupk	塀
octuxl	塂
octuhl	塃
octudr	塅
octuwj	塆
octuxr	塇
ocjitu	塈
octuji	塉
octugv	塊
octurs	塎
octuqi	塏
octusu	塐
ocuotu	塑
octuui	塒
octumk	塓
octuwg	塕
octuig	塖
octutu	塗
octuth	塘
octugc	塙
octuvs	塚
octusu	塛
octuph	塝
octuvv	塠
octuvf	塡
octuwu	塢
octuyr	塤
octuge	塥
ocvftu	塦
octuyi	塧
octugs	塨
octuyc	塪
octuvf	填
octuyr	塬
octuwf	塭
octuue	塮
octulq	塯
ochdtu	塰
oclhtu	塱
octufg	塳
octubg	塴
oclutu	塵
octulu	塶
octulu	塷
octuqu	塸
ocvjtu	塹
ocmatu	塺
octumo	塻
octuvr	塼
octuul	塽
ocuutu	塾
octulz	塿
octuxi	墀
octumj	墁
octupn	墂
octujk	境
octuqi	墄
ocyetu	墅
octudd	墆
octuvh	墇
octukj	墈
octuys	墉
ocvitu	墊
octucj	墋
octuuu	墌
octugo	墎
ocjltu	墏
octujb	墐
octudi	墑
octuuh	墒
ocmotu	墓
octucv	墔
octuyj	墕
octuqm	墘
octuse	墙
octull	墚
octuww	墛
ocdvtu	墜
octuyc	墝
octuzg	增
octuxu	墟
octudj	墠
octuuj	墡
octufa	墢
octugv	墤
octuts	墥
octufj	墦
octuqn	墧
ochwtu	墨
octudy	墩
ocdytu	墪
octuzy	墫
ocyrtu	墬
octuug	墭
ocsvtu	墮
ocdotu	墯
octutj	墰
octudg	墱
octuwu	墲
octubf	墳
octuhl	墴
octuyy	墵
octuda	墶
octuhx	墷
octuvu	墸
octujm	墹
octuao	墺
octuse	墻
octujn	墽
octupi	壀
ocpitu	壁
ocdmtu	壂
octujl	壃
ocystu	壅
octudj	壇
octudh	壋
ocjmtu	壍
octuxy	壎
octujm	壏
ocertu	壐
ocyjtu	壓
octuuz	壔
octuhc	壕
octuxu	壖
octujb	壗
octugl	壙
octulu	壚
octutj	壜
octuyi	壝
oclstu	壟
octuls	壠
ocrvug	壡
octuli	壢
octulm	壣
octuxl	壤
octuyj	壧
octuba	壩
octuwj	壪
ocuihg	士
ocppui	壬
ocuier	壭
ocjlui	壮
ocpjui	壯
ocuirs	壳
ocjiqm	壴
octuxu	壻
ocuizy	壿
ocppyz	夂
ocndyz	夃
ocwfbu	处
ocwfnq	夅
ocwffg	夆
ocwftm	备
ocwfmi	夈
ocyiwf	変
ocppyz	夊
oczowf	夎
ocdcdm	夕
ocxibu	外
ocxiee	夗
ocxier	夘
ocjidd	夙
ocxixi	多
ocxtxi	夛
ocxiug	夝
ocwdii	夞
ocjudo	够
ocdoju	夠
ocdoji	夡
ocxiyb	夤
ocgodo	夥
ocufdo	夦
ochgrf	大
ocveda	夨
ochgda	天
ocdadm	奄
ocdadm	太
ocerrf	夫
ocppda	夭
ocuugk	央
ocdali	夯
ocppfu	失
ocdaui	夲
ocdaer	夳
ocdaxn	夵
ocdada	夶
ocdags	夷
ocdakv	夸
ocerho	夹
ocdacy	夺
ocdakz	夻
ocdair	夼
ocdayy	夽
ocdacs	夾
ocdaba	夿
ocbuda	奀
ocdaqu	奁
ocdadi	奃
ocdamc	奅
ocdaju	奆
ocdake	奇
ocdaui	奈
ocdatm	奋
ocvjda	奌
ocdagv	奎
ociytm	奏
ocdahd	奒
ocdado	奓
ocdahv	奔
ocyida	奕
ocdaih	套
ocsiyj	奙
ocdamk	奛
ocfwda	奜
ocdavz	奝
ocdavv	奞
ocdapg	奟
ocqqda	奠
ocdave	奢
octmmk	奣
ocdamm	奤
ocwuda	奦
ocdaqu	奩
ocdayr	奫
ocjlda	奬
ocdasv	奯
ocuedj	奲
ocnvyz	奴
ocnvdk	奵
ocnvnd	奶
ocnvqm	奷
ocnvgj	奸
ocnvye	她
ocnvjq	奺
ocnvnv	奻
ocnvto	奼
ocnvzi	好
ocnvuj	奾
ocwjnv	奿
ocjinv	妀
ocnvuc	妁
ocnvkz	如
ocnvji	妃
ocwhnv	妄
ocnvgs	妅
ocjlnv	妆
ocnvxt	妇
ocnvma	妈
ocnvyb	妉
ocnvrf	妊
ocnvfu	妋
ocnvjk	妌
ocnvkd	妍
ocnvjp	妎
ocnvwf	妏
ocnvgs	妐
ocnvba	妑
ocnvhu	妒
ocnvvi	妓
ocnvkh	妔
ocnvvs	妕
ocnvyc	妖
ocnvjb	妗
ocnvyy	妘
ocnvuc	妙
ocnvbu	妚
ocnvgk	妜
ocpjnv	妝
ocnviz	妞
ocrinv	妟
ocnvnw	妠
ocnvjb	妡
ocnvff	妢
ocnvbi	妣
ocnvyu	妤
ocvxnv	妥
ocnvfg	妦
ocnvyr	妧
ocnvfh	妨
ocnvwu	妩
ocnvqu	妪
ocnvww	妫
ocnvui	妬
ocnvba	妭
ocnvni	妮
ocnvyz	妯
ocnvva	妰
ocnvvc	妱
ocnvdj	妲
ocnver	妳
ocwjnv	妴
ocnvvu	妵
ocnvxr	妶
ocnvui	妷
ocnvke	妸
ocnvww	妹
ocnvmo	妺
ocnvbi	妼
ocnvuf	妽
oclinv	妾
ocjxnv	妿
ocnvhe	姀
ocnvju	姁
ocnvfj	姂
ocnvvg	姃
ocnvmb	姄
ocnvbj	姅
ocnvmu	姆
ocfunv	姇
ocnvlk	姈
ocnvfu	姉
ocnvzi	姊
ocnvtd	始
ocnvrj	姌
ocnvyh	姎
ocnvgj	姏
ocnvqp	姐
ocnvgu	姑
ocnvyi	姒
ocnvug	姓
ochenv	委
occinv	姕
ocnvju	姖
ocnvce	姗
ocnvbk	姘
ocnvrf	姙
ocnvvc	姚
ocnvts	姛
ocyhnv	姜
ocnvvu	姝
ocnvji	姞
ocnvhd	姟
ocnvxl	姠
ocnvue	姡
ocnvjn	姣
ocnvhz	姤
ocnvlc	姥
ocnvyi	姨
ocnvnm	姩
ocnvvi	姪
ocnvif	姫
ocnvif	姬
ocnvgf	姮
ocnvgl	姯
ocnvxy	姰
ocnvkx	姱
ocnvan	姲
ocnvmk	姳
oclpnv	姴
ocnvhe	姶
ocnvyz	姷
ocnvvd	姹
ocnvxm	姺
ocnvyb	姻
ocnvdo	姼
ocnvww	姽
ocnvqr	姾
occinv	姿
ocnvrs	娀
ocxunv	威
ocnvgs	娂
ocnvgv	娃
ocminv	娄
ocnvya	娅
ocnvyc	娆
ocnvqn	娇
ocyinv	娈
ocnvjm	娊
ocnvxn	娋
ocnvli	娌
ocnvig	娍
ocvenv	娎
ocnvls	娏
ocnvfu	娐
ocuanv	娑
ocnvmw	娒
ocnvww	娓
ocnvke	娔
ocnvuu	娕
ocnvzu	娖
ocnvtk	娗
ocnvll	娘
ocnvjk	娙
ocnvnj	娚
ocnvwu	娛
ocnvna	娜
ocnvfz	娝
ocnvto	娞
ocnvyr	娟
ocnvif	娠
ocnvvi	娡
ocnvhj	娢
ocnvdi	娣
ocvlnv	娤
ocnvwo	娥
ocnvbk	娦
ocnvdv	娧
ocnvhj	娨
ocnvmm	娩
ocnvwu	娪
ocnvyj	娫
ocnvwu	娬
ocnvyi	娭
ocnvyj	娮
ocnvwu	娯
ocnvsi	娰
ocnvwu	娱
ocnvgo	娲
ocnvli	娳
ocnvxm	娴
ocnvqu	娵
ocqunv	娶
ocnviv	娷
ocnvqi	娸
ocnvxr	娹
ocnvvo	娺
ocnvds	娻
ocnvih	娼
ocnvlu	娽
ocaanv	娿
ocnvaa	婀
ocnvbo	婂
ocnvzs	婃
ocnvpz	婄
ocbonv	婆
ocnvcd	婇
ocnvlk	婈
ocnvwj	婉
ocnvbn	婊
ocnvhu	婋
ocnvuu	婌
ocnvqi	婍
ocnvvv	婎
ocnvtu	婏
ocnvgo	婐
ocnvww	婑
ocnvyj	婒
ocfwnv	婓
ocnvfw	婔
ocnvjp	婕
ocnvtm	婖
ocnver	婗
ocnvjr	婘
ocnvvg	婙
ocnvhy	婚
ocnvjk	婛
ocnvdk	婝
ocnbxk	婞
ocnvgu	婟
ocnvgr	婠
ocnvld	婡
ocnvbw	婢
ocnvvz	婤
ocnvvo	婥
ocnvvz	婦
ocnvqk	婧
ocnvly	婨
ocnvan	婩
oclbnv	婪
ocnvky	婫
ocnvya	婭
ocnvju	婮
oclinv	婯
ocnvdm	婰
ocxrnv	婱
ocnvhx	婲
ocnvhx	婳
ocnvdj	婵
ocnvuf	婶
ocnvtk	婷
ocnvyh	婸
ocnvyc	婹
ocnvnj	婻
ocnvro	婼
ocnvxx	婽
ocnvxu	婿
ocnvyu	媀
ocnvww	媁
ocnvdi	媂
ocnvrz	媃
ocnvmw	媄
ocnvuf	媅
ocnvqb	媇
ocnvjy	媈
ocnvwu	媉
ocnvqm	媊
ocnviy	媋
ocnvmn	媌
ocnvfu	媍
ocnvve	媎
ocnvdr	媏
ocnvvs	媑
ocnvmz	媒
ocnvhl	媓
ocnvmm	媔
ocnvyk	媖
ocnvxr	媗
ocnvjp	媘
ocnvww	媙
ocnvmw	媚
ocnvyr	媛
ocnvvf	媜
ocqqnv	媝
ocnvui	媞
ocnvye	媟
ocnvjm	媡
ocnvmc	媢
ocnvrj	媣
ocnvsi	媤
ocnvbm	媥
ocnvww	媦
ocnvgo	媧
ocnvqq	媨
ocnvhu	媩
ocnvwf	媪
ocnvbc	媬
ocxunv	媭
ocnvyu	媮
ocnvww	媯
ocnviu	媰
ocnvxi	媳
ocnvyr	媴
ocnvrs	媶
ocnvru	媷
ocnvii	媸
ocnvlq	媹
ocbjnv	媻
ocnvwf	媼
ocnvma	媽
ocnvgz	媾
ocnvgv	媿
ocnvqb	嫀
ocnvjx	嫁
ocnvsz	嫂
ocnvvf	嫃
ocnvyr	嫄
ocnvia	嫅
ocnvrs	嫆
ocnvmk	嫇
ocnvji	嫉
ocnvsu	嫊
ocnvro	嫋
ocnvjm	嫌
ocnvyc	嫍
ocnvph	嫎
ocnvlh	嫏
ocbuyc	嫑
ocnvai	嫒
ocnvbb	嫔
ocnvpn	嫖
ocnvqu	嫗
ocnvlw	嫘
ocnvxr	嫙
ocnvmj	嫚
ocnvvh	嫜
ocnvkh	嫝
ocnvys	嫞
ocnvni	嫟
ocnvdi	嫡
ocgvnv	嫢
ocnvyj	嫣
ocnvjb	嫤
ocnvvr	嫥
ocnvih	嫦
ocnvze	嫧
ocnvii	嫩
ocnvmo	嫫
ocnvuu	嫬
ocaonv	嫯
ocnvse	嫱
ocnvma	嫲
ocbinv	嫳
ocnvgu	嫴
ocnvwu	嫵
ocnvjn	嫶
ocnvsv	嫷
ocnvuj	嫸
ocnvhl	嫹
ocnvxm	嫺
ocnvxm	嫻
ocnvhw	嫼
ocnvln	嫽
ocnvlb	嫾
ocnvhx	嫿
ocnvww	嬀
ocnvdg	嬁
ocxunv	嬃
ocnvyi	嬄
ocnvhx	嬅
ocnvgv	嬇
ocnvyc	嬈
ocnvxi	嬉
ocnvdj	嬋
ocnvqn	嬌
ocnvfj	嬏
ocnvqm	嬐
ocnvyi	嬑
ocnvhv	嬒
ocnvjn	嬓
ocpinv	嬖
ocnvdj	嬗
ocnvsv	嬘
ocnvse	嬙
ocnvlm	嬚
ocxbnv	嬜
ocnvnn	嬝
ocnvds	嬞
ocnvyi	嬟
ocnvzc	嬠
ocnvai	嬡
ocnvnk	嬣
ocnvme	嬤
ocnvvd	嬥
ocnvuz	嬦
ocnvjb	嬧
ocnvci	嬨
ocnvyu	嬩
ocnvbb	嬪
ocnvrs	嬫
ocnvxu	嬬
ocnver	嬭
ocyjnv	嬮
ocnvtd	嬯
ocjmnv	嬱
ocnvho	嬳
ocnvmm	嬵
ocnvbi	嬶
ocnvme	嬷
ocnvxk	嬹
ocnvmd	嬻
ocnvlq	嬼
ocnvld	嬾
ocnvyj	嬿
ocnvul	孀
ocnvxl	孃
ocnvlj	孄
ocnvyk	孆
ocnvul	孇
ocnvmi	孊
ocnvli	孋
ocnvyj	孍
ocnvuu	孎
oclnhg	子
oclnhg	孑
oclnhg	孒
oclnna	孓
oczive	孔
ocndzi	孕
oczizi	孖
ocbczi	字
oczixn	孙
ocvxzi	孚
ocziwf	孜
oclczi	孝
oczixb	孞
oczimb	孟
ocsizi	孠
oczitd	孡
oczibc	孢
ochezi	季
oczigx	孤
ocnuzi	孥
ocyzzi	孧
oczima	孨
oczihd	孩
ocyizi	孪
oczixi	孫
ocbuhc	孬
oczibw	孭
oczizs	孮
ocxlwj	孰
ocziya	孲
oclrfu	孵
ocpizi	孹
oczixu	孺
oczijb	孻
ocxtzi	孽
ocziyk	孾
ocdmbc	宀
ocbcdk	宁
ocbcji	宂
ocbcbi	它
ocbcjq	宄
ocbcto	宅
ocbcgs	宆
ocbcyu	宇
ocbccy	守
ocbcnv	安
ocbcqr	宊
ocbcmu	宋
ocbcyr	完
ocbclq	宍
ocbcyc	宎
ocbcgs	宏
ocbchu	宐
ocbcjk	宑
ocbcmc	宒
ocbcbi	宓
ocbcvu	宔
ocbcui	宕
ocbchs	宖
ocbcui	宗
ocbckz	官
ocbcyz	宙
ocbcwj	宛
ocbcqp	宜
ocbcyu	宝
ocbctz	实
ocbciy	実
ocbcls	宠
ocbcuf	审
ocbcge	客
ocbcgf	宣
ocbcvi	室
ocbcyz	宥
ocbcif	宦
ocbcvc	宨
ocbcmi	宩
ocbcxm	宪
ocbclv	宫
ocbcig	宬
ocbcjy	宭
ocbclv	宮
ocbcxn	宯
ocbcxb	宰
ocbczo	宱
ocbcdd	宲
ocbcxn	宵
ocbcui	家
ocbcbm	宷
ocbcif	宸
ocbcgu	容
ocbcxm	宽
ocbcbk	宾
ocbcbd	宿
ocbccd	寀
ocbcjp	寁
ocbcuu	寂
ocbctu	寃
ocbcqi	寄
ocmiuj	密
ocbcqk	寈
ocbcvv	寉
ocbcvf	寊
ocbcfu	富
ocbchr	寏
ocbcqb	寑
ocbcyu	寓
ocbcui	寔
ocbcjb	寖
ocmirj	寗
ocbcvf	寘
ocbcmo	寞
ocbcji	察
ocbclz	寠
ocbcgr	實
ocbcfj	審
ocbcww	寪
ocbchv	寭
ocbcln	寮
ocbcjy	寯
ocbcyi	寲
ocbcqb	寴
ocbcls	寵
ocbcfg	寷
ocyzcy	对
octucy	寺
ocxtcy	寻
ocsicy	导
ocvxcy	寽
ocwfcy	対
ocfgcy	寿
ocpocy	尀
ocgvcy	封
ocfucy	尃
ocufcy	射
ockecy	尅
ocqqcy	尊
ocdccy	導
ocuuba	小
ocxnna	尐
ocxnpp	少
ocrfxn	尒
ocrfxn	尓
ocdcxn	尔
ocndxn	尕
ocxnda	尖
ocuhxn	尗
ocxntu	尘
ocxnjs	尙
ocxnjs	尚
ocjmxn	尜
octhyy	尝
ocuiuc	尟
ocufuc	尠
ocglky	尡
ocuive	尢
ocbaer	尣
ocyzdm	尤
ocyzuc	尥
ocyzuj	尨
ocyzwh	尪
ocwuwh	尫
ocyzjp	尬
ochvwu	尭
ocyzww	尯
ocyzvs	尰
ocjkyz	就
ocyzjm	尲
ocyzgu	尳
ocyzjm	尴
ocyzgv	尵
ocwujm	尶
ocyzjm	尷
ocklpp	尸
ocuina	尺
ocuijq	尻
ocuibi	尼
ociidm	尽
ocuimc	尾
ocuiuv	尿
ocuibi	屁
ocuiyy	层
ocuibw	屃
ocuixt	屄
ocuigu	居
ocuitm	屇
ocuiiu	屈
ocuiui	屉
ocuiyz	届
ocuivi	屋
ocuidn	屌
ocuisi	屍
ocuimi	屎
ocuibk	屏
ocuixn	屑
ocuiif	屒
ocuibw	屓
ocqqni	屔
ocuixb	屖
ocwwcy	屗
ocwwzi	屘
ocuiaa	屙
ocuiyu	屚
ocuifw	屝
ocuiyu	属
ocuiye	屟
ocuive	屠
ocuilz	屡
ocuilz	屢
ocuixi	屣
ocuizg	層
ocuiln	屪
ockluu	屮
ocqmcc	屰
ocuukl	山
ocppuj	屲
ocruuj	屳
ocujli	屴
ocujih	屵
ocujdc	屶
ocujnd	屷
ocujgs	屸
ocujqi	屹
ocujji	屺
ocujrf	屻
ocujwu	屼
ocujgj	屽
ocujuj	屾
ocujyu	屿
ocujuj	岀
ocujxi	岁
ocujji	岂
ocujrf	岃
ocujyt	岄
ocujfj	岅
ocujyc	岆
ocujmc	岇
ocujya	岈
ocujwu	岉
ocbauj	岊
ocujji	岋
ocujji	岌
ocujkd	岍
ocujff	岎
ocujyr	岏
ocujvi	岐
ocujjb	岑
ocujjb	岒
ocujjb	岓
ocffuj	岔
ocujjp	岕
ocujqu	岖
ocujgh	岗
ocujjm	岘
ocycuj	岙
ocujfg	岚
ocnnuj	岛
ocujba	岜
ocujva	岝
ocujva	岞
ocujyh	岟
ocujju	岠
ocujke	岢
ocujju	岣
ocujxt	岤
ocujpi	岥
ocujli	岦
ocujvc	岧
ocujqp	岨
ocujui	岩
ocujfu	岪
ocujyz	岫
ocujjx	岬
ocujlk	岭
ocujta	岮
ocujpi	岯
ocujyz	岰
ocdduj	岱
ocujxs	岲
ocqquj	岳
ocujqq	岴
ocujgu	岵
ocujbd	岶
ocujmb	岷
ocujvc	岹
ocujlk	岺
ocujdi	岻
ocujpk	岼
ocujds	岽
ocujvj	岾
ocujgv	岿
ocujyz	峀
ocujmc	峁
ocujds	峂
ocujbm	峅
ocujhe	峆
ocujhe	峇
ocujge	峈
ocujge	峉
ocdvuj	峊
ocujxy	峋
ocujvi	峌
ocujyu	峍
ocujgf	峎
ocujer	峏
ocujhd	峐
ocujqr	峑
ocujts	峒
ocujyi	峓
ocujlc	峔
ocujan	峖
ocujww	峗
ocujgf	峘
ocujsi	峙
ocujlp	峛
ocujqi	峜
ocujts	峝
ocujww	峞
ocujyz	峟
ocujjx	峡
ocujlp	峢
ocujyc	峣
ocujqn	峤
ocujvg	峥
ocyiuj	峦
ocujjn	峧
ocujwo	峨
ocujwo	峩
ocujgu	峪
ocujxp	峫
ocujfu	峬
ocujxn	峭
ocujjy	峮
ocujfg	峯
ocujfg	峰
ocujli	峲
ocujyz	峳
ocujjm	峴
ocujhs	峵
ocnnuj	島
ocujxb	峷
ocujig	峸
ocyuuj	峹
ocujgg	峺
ocujqy	峻
ocujgc	峼
ocujjx	峽
ocyiuj	峾
ocujwu	峿
ocujll	崀
ocujkj	崁
ocujlc	崂
ocujld	崃
ocujqm	崄
ocujjn	崅
ocujks	崆
ocujzs	崇
oczsuj	崈
ocujda	崉
ocujlb	崊
ocujju	崌
ocujld	崍
ocujqi	崎
ocujhy	崏
ocujky	崐
ocujky	崑
ocujzu	崒
ocujgu	崓
ocujvv	崔
ocujgh	崗
ocujly	崘
ocujly	崙
ocujlk	崚
ocujqu	崛
ocujiv	崜
ocujqk	崝
ocujxl	崞
ocujjb	崟
ocujds	崠
ocujhj	崡
ocujvg	崢
ocujww	崣
ocujyc	崤
ocujbw	崥
ocujyj	崦
ocujss	崧
ocujjp	崨
ocujpg	崩
ocujzu	崪
ocujqu	崫
ocujds	崬
ocujvj	崭
ocujgu	崮
ocujjb	崯
ocujze	崱
ocujhl	崲
ocujyu	崳
ocujww	崴
ocujyh	崵
ocujfg	崶
ocujqq	崷
ocujye	崸
ocujdi	崹
ocujui	崺
ocujdd	崻
ocujui	崼
ocujsi	崽
ocujyc	崾
ocujvu	嵀
ocujuf	嵁
ocujlv	嵂
ocujyj	嵃
ocujmw	嵄
ocujxm	嵅
ocujyr	嵈
ocujtk	嵉
ocujig	嵊
ocujmw	嵋
ocujyu	嵎
ocujfg	嵐
ocujhe	嵑
ocpbuj	嵒
ocujpb	嵓
ocujww	嵔
ocujia	嵖
ocujrs	嵘
ocujke	嵙
ocujqb	嵚
ocujyu	嵛
ocujlz	嵝
ocujxi	嵠
ocujwg	嵡
ocujch	嵢
ocujth	嵣
ocujjp	嵥
ocujqi	嵦
ocujlq	嵧
ocujwu	嵨
ocujgc	嵩
ocujgc	嵪
ocujzi	嵫
ocujgv	嵬
ocujph	嵭
ocujvf	嵮
ocujia	嵯
ocujjm	嵰
ocujrs	嵱
ocujia	嵳
ocujji	嵴
ocujui	嵵
ocujro	嵶
ocujcs	嵷
ocujcs	嵸
ocujql	嵹
ocujkh	嵻
ocujij	嵼
ocujdd	嵽
ocujcj	嵾
ocujdk	嵿
ocujyu	嶀
ocujlz	嶁
ocujvh	嶂
ocujvj	嶃
ocujvj	嶄
ocaouj	嶅
ocujcc	嶆
ocujqu	嶇
ocujjl	嶈
ocujww	嶉
ocujtv	嶊
ocujnn	嶋
ocujnn	嶌
ocujww	嶎
ocujls	嶐
ocujxl	嶑
ocujzg	嶒
ocujfj	嶓
ocujqb	嶔
ocujjn	嶕
ocujlc	嶗
ocujvj	嶘
ocujlb	嶙
ocujln	嶚
ocujln	嶛
ocujdg	嶝
ocsvuj	嶞
ocujzy	嶟
ocujqn	嶠
ocujjt	嶡
ocujyc	嶢
ocujjn	嶣
ocujyc	嶤
ocujjt	嶥
ocujvj	嶦
ocujns	嶩
ocujye	嶪
ocujye	嶫
ocujyi	嶬
ocujqm	嶮
ocujji	嶯
ocujjp	嶰
ocujge	嶱
ocaouj	嶴
ocujzv	嶵
ocujww	嶶
ocujyi	嶷
ocujrs	嶸
ocujuz	嶹
ocujlk	嶺
ocujjp	嶻
ocujyu	嶼
ocujyu	嶽
ocujxu	嶿
ocujwj	巁
occvjs	巂
ocujls	巃
ocujls	巄
ocujdm	巅
ocujyk	巆
ocujju	巈
ocujyk	巊
ocujgv	巋
ocujww	巍
ocujzj	巑
ocujdm	巔
ocujyj	巖
ocujyj	巗
ocujxm	巚
ocveve	𠄏
ocveve	巜
ocviir	巡
ocirgo	巢
ocxkgo	巣
oceruu	工
ocuigs	左
ocgsqn	巧
ocklkl	巨
ocgsfj	巩
ocjuve	巪
ocgscs	巫
ocgsfu	巭
ocyhgs	差
ocjklq	巰
ocklve	己
ocklve	已
ocklve	巳
ocsiuu	巴
ocvcsi	巶
ocgssi	巷
ocifsi	巸
ocigji	巹
ocjrji	巻
ocbaii	巼
ockluu	巾
ochgjb	巿
ochgjb	帀
ocppjb	币
ocwfjb	市
ocuijb	布
ocjbdk	帄
ocjbfj	帆
ocyukl	帇
ocjbff	帉
ocjbba	帊
ocuijb	帋
ociabu	希
ochujb	帍
ocjbyb	帎
ocjbww	帏
ocjbih	帐
ocnujb	帑
ocddjb	帒
ocjbmo	帓
ocjbpi	帔
ocjbbd	帕
ocjbvj	帖
ocjbba	帗
ocxtjb	帘
ocjbui	帙
ocbdjb	帛
ocjbvi	帜
ocjbbd	帞
ocyijb	帟
ocjqjb	帠
ocjbbk	帡
ocjbhe	帢
ocjrjb	帣
ocrujb	帤
ocdvjb	帥
ocjbvf	帧
ocjbdv	帨
ocjbxn	帩
ocjbif	帪
ocjydn	帬
ocbhjb	帮
ocdcvz	帰
ocjbuz	帱
ocjbih	帳
ocjbwj	帵
ocjbvv	帷
octhdn	常
ocjbqp	帹
ocjbqi	帺
ocjbze	帻
ocjbgo	帼
ocjbmc	帽
ocjbve	帾
ocjbhz	帿
ocjbvf	幀
ocjbye	幁
ocjbww	幃
ocjbwu	幄
ocjbfu	幅
ocjbhe	幆
ocfgjb	幇
ocjbpk	幈
ocjbye	幉
ocjbgs	幊
ocbjjb	幋
ocjbhl	幌
ocjbyc	幍
ocjbmk	幎
ocjbjx	幏
ocjbcj	幓
ocjbmj	幔
ocmojb	幕
ocjbpn	幖
ocjbgo	幗
ocjbze	幘
ocjbmo	幙
ocbhbo	幚
ocjbvh	幛
ocjbjk	幜
ocjbdj	幝
ocjbwu	幠
ocjbfj	幡
ocjbts	幢
ocbijb	幣
ocihjb	幤
ocjbvh	幥
ocpijb	幦
ocjbzc	幧
ocjbvj	幨
ocjbbf	幩
ocjbmg	幪
ocfgbo	幫
ocjbuz	幬
ocjbmp	幭
ocjbiu	幮
ocjbjp	幯
ocjbxm	幰
ocjblj	幱
ochgui	干
ocgjba	平
ocgjgj	幵
ocbakd	并
ocvesi	幺
ocycve	幻
ocycli	幼
ocdmih	广
ocglbi	庀
ocgldk	庁
ocglrf	庂
ocglsi	広
ocgltu	庄
ocglme	庅
ocglda	庆
ocglbi	庇
ocgljb	庈
ocglty	庉
ocglmu	床
ocglvi	庋
ocglya	庌
ocgljb	庍
ocgljp	庎
ocglyu	序
ocglhu	庐
ocglwu	庑
ocvldm	庒
ocglie	库
ocgldi	底
ocglbc	庖
ocglvj	店
ocgljx	庘
ocglyz	庙
ocglci	庛
ocglfu	府
ocglds	庝
ocglls	庞
ocglfa	废
ocglyh	庠
ocglyi	庡
ocglvi	庢
ocglvc	庣
ocglsi	庤
ocglxq	庥
ocglzo	座
ocglxn	庨
ocglyu	庩
ocglji	庪
ocglie	庫
ocglls	庬
ocgltk	庭
ocglyz	庮
ocglfu	庯
ocglbk	庰
ocgllk	庱
ocglld	庲
ocglbw	庳
ocglxi	庴
ocglyj	庵
ocglli	康
ocglqk	庼
ocglyu	庽
ocglyu	庾
ocglmn	庿
ocglze	廁
ocglxl	廂
ocglhe	廅
ocglgv	廆
ocgllq	廇
ocglxx	廈
ocgljm	廉
ocgllh	廊
ocglsz	廋
ocglbu	廍
ocglqk	廎
ocglji	廐
ocgljb	廑
ocglao	廒
ocglgo	廓
ocgllz	廔
ocglyb	廕
ocgldd	廗
ocgllu	廘
ocgltu	廜
ocglsi	廝
ocglqb	廞
ocglic	廟
ocglih	廠
ocglwu	廡
ocglfa	廢
ocglhl	廣
ockuii	廤
ocglhv	廥
ocglpi	廦
ocglse	廧
ocgljp	廨
ocgllu	廬
ocglji	廭
ocglyk	廮
ocglxm	廯
ocgltk	廰
ocglli	廲
ocgltk	廳
ocvena	廴
ocviir	廵
ocvirf	廷
ocviyz	廸
ocvibd	廹
ocviyu	建
ocvihv	廻
ocvixi	廼
ocvihv	廽
occchg	廿
ochgcc	开
ocsicc	弁
ocsicc	异
ocwfbm	弃
ocwhcc	弄
ocffcc	弅
ocqucc	弆
ochecc	弇
ocyicc	弈
ocvlcc	弉
ocbicc	弊
ocyihg	弌
ocyier	弍
ocyisj	弎
ocyigs	式
ocuaui	弑
ocklve	弓
ocgsuu	弔
ocgsuu	引
ocgshg	弖
ocgssi	弘
ocgsyu	弙
ocbadn	弚
ocgsye	弛
ocgsgs	弜
ocgsba	弝
ocgsqm	弞
ocgsih	张
ocgsju	弡
ocgsfu	弣
ocgsdi	弤
ocgser	弥
ocgsxr	弦
ocgsgx	弧
ocgsvc	弨
ocnugs	弩
ocgsif	弫
ocgsif	弬
ocgser	弭
ocjrgs	弮
ocyigs	弯
ocgsxn	弰
ocgsyr	弲
ocgsjk	弳
ocgsxl	弴
ocgsih	張
ocgsjk	弶
ocgspg	弸
ocgsdj	弹
ocgssv	强
ocgsye	弽
ocgsdj	弾
ocgsge	彁
ocgsbi	彃
ocgsqu	彄
ocbigs	彆
ocgssu	彇
ocgsdj	彈
ocgshl	彉
ocgsjl	彊
ocgser	彌
ocgsgl	彍
ocgsjt	彏
ocklhg	彐
ocxnxt	当
ochuuv	彔
ocxtuv	录
ocxyho	彟
ocxyho	彠
ockduj	形
ocwfuj	彣
ocdjuj	彤
ocijuj	彦
ocliuj	彨
occduj	彩
ochuuj	彪
ocvzuj	彫
oclbuj	彬
ocrsuj	彮
ocpnuj	彯
ocvhuj	彰
ocjkuj	影
ocliuj	彲
ocpprf	彳
ocrfuc	彴
ocrfye	彵
ocrfji	彶
ocrffh	彷
ocrfgs	彸
ocrfuu	役
ocrfwh	彺
ocrfqp	彻
ocrfpi	彼
ocrfdi	彽
ocrflk	彾
ocrffu	彿
ocrfvu	往
ocrfvg	征
ocrfqp	徂
ocrfug	徃
ocrfsi	待
ocrfxi	徆
ociuxy	徇
ocrfgf	很
ociuyh	徉
ocrfhv	徊
ocrfyu	律
ocrfgv	徍
ocrfig	徎
ocrfbu	徏
ocrfyu	徐
ocrfjk	徑
ocrfzz	徒
ocrfvi	徔
ocrfld	徕
ocrfzs	徖
ocrfde	得
ocrffw	徘
ocrfjm	徚
ocrfqi	徛
ocrfuh	徜
ocrfvi	徝
ocrfvz	徟
ocrfld	徠
ocrfxp	御
ocrfjp	徢
ocrfxi	徣
ocrfjm	徤
ocrfui	徥
ocrfxx	徦
ocrfbm	徧
ocrfhl	徨
ocrffu	復
ocrfdy	循
ocrfww	徫
ocrfph	徬
ocrfxi	徯
ocrfpn	徱
ocrfxi	徲
ocrfbi	徶
ocrfts	徸
ocrfyc	徺
ocrfhv	徻
ocrfjn	徼
ocrfls	徿
ocrfxl	忀
ocrfqu	忂
ocxbpp	必
ocxbyi	忆
ocxbli	忇
ocerxb	忈
ocxbdc	忉
ocxbdk	忊
ocxbji	忋
ocjixb	忌
ocrfxb	忍
ocqmxb	忎
ocxbqm	忏
ocuhxb	忐
ocxxxb	忑
ocyixb	忒
ocxbgj	忓
ocxbqi	忔
ocxbda	忕
ocxbcy	忖
ocuixb	志
ocwhxb	忘
ocxbwh	忙
ocxbye	忚
ocxbfj	忛
ocglxb	応
ocycxn	忝
ocwfxb	忞
ocxbwf	忟
ocvsxb	忠
ocwuxb	忢
ocxbji	忣
ocxbwu	忤
ocqixb	忥
ocxbjp	忦
ocxbyz	忧
ocxbyr	忨
ocgsxb	忩
ocxbgs	忪
ocxbgk	快
ocxbyu	忬
ocxbbm	忭
ocxbvi	忮
ocxbui	忯
ocxbyb	忱
ocxbtd	忲
ocxbty	忳
ocxbjb	忴
ocjbxb	念
ocxbyy	忶
ocxbxs	忷
ocxbiz	忸
ocxbwh	忹
ocxbqm	忺
ocxbjb	忻
ocxbkh	忼
ocwuxb	忽
ocxbqi	忾
ocffxb	忿
ocxbbu	怀
octdxb	态
occsxb	怂
ocxbwu	怃
ocxbqu	怄
ocxbih	怅
ocxbch	怆
ocxbju	怇
ocxbui	怈
ocxbbc	怉
ocxbvc	怊
ocxbmb	怋
ocxbpi	怌
ocxbva	怍
ocvaxb	怎
ocxbyh	怏
ocxbju	怐
ocxbbj	怑
ocnuxb	怒
ocxbnu	怓
ocxbvg	怔
ocxbbd	怕
ocxbbu	怖
ocxbvj	怗
ocguxb	怘
ocxbgu	怙
ocxbqp	怚
ocxbdj	怛
ocxblk	怜
octmxb	思
ocxbyz	怞
ocxbdi	怟
octdxb	怠
ocxbtd	怡
ocxbui	怢
ocuixb	怣
ocfuxb	怤
ociuxb	急
ocxbpk	怦
ocxbug	性
ocwjxb	怨
ocxbni	怩
ocxbug	怪
ocxbfu	怫
ocxbsi	怬
ocxbbi	怭
ocxbyz	怮
ocxbqu	怯
ocxbxr	怰
occsxb	怱
ocxbbk	怲
ocxbxs	怳
ocxbyt	怴
ocxbuu	怵
ocxbpi	怶
ocuuxb	怸
octaxb	怹
ocxbys	怺
ocdvxb	怼
ocxbww	怽
ocxbvi	怾
ocxbdo	恀
ocrfxb	恁
ocxbxy	恂
ocxbsi	恃
ocxbji	恄
ocxblc	恅
ocxbkl	恇
ocxbmz	恈
ocxbvi	恉
ocyixb	恋
ocxbvc	恌
ocxbgl	恍
ocxbvi	恎
ochcxb	恏
ocgsxb	恐
ocxbww	恑
ocxbgf	恒
ocxbxi	恓
ocxbjn	恔
ocruxb	恕
ocxbxb	恖
ocxbkx	恗
ocxbxq	恘
ocyhxb	恙
ocgvxb	恚
ocxbhv	恛
ocxbui	恜
ocxbyi	恞
ocxbxs	恟
ocxbzd	恠
ocxbhv	恢
occixb	恣
ocxbxt	恤
ocerxb	恥
ocxbxl	恦
ocerxb	恧
ocxbgf	恨
ocybxb	恩
ocxbge	恪
ocxbts	恫
ocxbue	恬
ocgsxn	恭
ocxbqr	恮
oczixb	息
ocxbhe	恰
ocxbbk	恲
ocgfxb	恳
ocyaxb	恶
ocxqxb	恷
ocxbds	恸
ocxbyj	恹
ocxbqi	恺
ocxbze	恻
ocxbjy	恽
ocxbmh	恾
ocysxb	恿
ocxbys	悀
ocxbyr	悁
ocxbky	悃
ocxbxn	悄
ocxbdv	悅
ocyuxb	悆
ocxbyu	悇
ocxbjp	悈
ocbmxb	悉
ocvexb	悊
ocxblb	悋
ocxbdi	悌
ocxbhj	悍
ocxbgc	悎
ocxbjx	悏
ocdixb	悐
ocxbfu	悑
ocxbyi	悒
ocxbjm	悓
ocxbmw	悔
ocxbxi	悕
ocxbbo	悖
ocxbmm	悗
ocyixb	悘
ocxbhg	悙
ocxbuu	悚
ocxbqy	悛
ocxbig	悜
ocxbli	悝
ocxbwu	悞
ocxbwu	悟
ocyzxb	悠
oclixb	悡
ocxbll	悢
ocirxb	患
occsxb	悤
ocyjxb	悥
ocxbdv	悦
ocxbli	悧
ocnixb	您
ockexb	悫
ocxmxb	悬
ocxbjm	悭
ocxbwu	悮
ocxbmb	悯
ocxbzs	悰
ocxbfw	悱
ocfwxb	悲
ocxbzu	悴
ocxbih	悵
ocmfxb	悶
ocxbli	悷
ocxbji	悸
ocgrxb	悹
ocxbgr	悺
ocxbxk	悻
ocxbvo	悼
ocxbqi	悽
ocxbks	悾
ocxbtm	悿
ocxbly	惀
ocxixb	惁
ocxbky	惃
ocuuxb	惄
ocxbqk	情
ocxbvz	惆
ocxbxl	惇
ocxbgo	惈
ocvjxb	惉
ocxbjk	惊
ocxbwj	惋
ocbcyr	惌
ocxbjb	惍
ocqixb	惎
ocxblb	惏
ocxbho	惐
ochoxb	惑
ochexb	惒
ocxbjr	惓
ocxbyj	惔
ocxbyi	惕
ocyixb	惖
ocxbnm	惗
ocxbwh	惘
ocxbvo	惙
ocxbhu	惚
ocxbhy	惛
ocxbxi	惜
ocxbuh	惝
ocxbxb	惞
ocxbvv	惟
ocyaxb	惡
ocwuxb	惣
ocxbxr	惤
ocyuxb	惥
ocxbdm	惦
ocxbju	惧
ocxbcj	惨
ocvgxb	惩
ocvixb	惪
ocbwxb	惫
ocxbvj	惭
ocxbdj	惮
ocxbgr	惯
ocxbjy	惲
ocxlxb	想
ocxbdr	惴
ocxbye	惵
ocxbhl	惶
ociyxb	惷
ocroxb	惹
ocxbxk	惺
ocxbze	惻
ocxbbm	惼
ocxbui	惿
ocxbqq	愀
ocqqxb	愁
ocboxb	愂
ocxbxr	愃
ocxbww	愄
ocxbge	愅
ocyjxb	愆
ocxbww	愇
ocyuxb	愈
ocxbyu	愉
ocxbfu	愊
ocxbyr	愋
ocxbhr	愌
ocxbfu	愎
ocybxb	意
ocxbmm	愐
ocxbys	愑
ocxbhe	愒
ocxbyh	愓
ocxbyb	愔
ocxbuf	愖
ocxbke	愘
ockexb	愙
ocyuxb	愚
ocxmxb	感
ocxbwf	愠
ocxbsi	愢
ocxbbf	愤
ocxbyk	愥
ocxbgv	愦
ocxbgv	愧
ocxbgs	愩
ocxbyr	愪
ocxbsu	愫
ocuoxb	愬
ocxbyc	愮
ocxbvi	愯
ocxbhl	愰
ocxbji	愱
ocxbgu	愲
ocxbch	愴
ocxbro	愵
ocxbqi	愷
ocxbrs	愹
ocxbcc	愺
ocsyxb	愻
ocxbvf	愼
ocxbvr	愽
ocxbqi	愾
ocyrxb	愿
ocxbxi	慀
ocysxb	慂
ocxbwg	慃
ocxbsu	慄
ocxbzc	慅
ocxbyc	慆
ocybxb	慇
oczixb	慈
ocxbxu	慉
ocxbjm	慊
ocngxb	態
ocxbhl	慌
ocxbwf	慍
ocxbvf	慎
ocxbmk	慏
ocgsxb	慐
ocxbnp	慑
ocxbcc	慒
ocxbpn	慓
ocxbmo	慔
ocmoxn	慕
ocxbgo	慖
ociixb	慗
ocxbcj	慘
ocvjxb	慙
ocxbvj	慚
ocxbcv	慛
ocmbxb	慜
ocnixb	慝
ocxbvh	慞
ocxbds	慟
ocxbao	慠
ocxbul	慡
ocxbmj	慢
ocxbgr	慣
ocxbzc	慥
ocjqxb	慦
ochvxb	慧
ocxbji	慨
ocxblm	慩
ocxbqu	慪
occsxb	慫
ocxbjb	慬
ochusi	慮
ocwwxb	慰
ocxbvr	慱
ocxbmj	慲
ocxbjm	慳
ocxbxi	慴
ocxbys	慵
ocxbkh	慷
ocddxb	慸
ocvixb	慹
ocxblz	慺
ocxbjr	慻
ocqixb	慼
ocxbqi	慽
ocyuxb	慾
ocisxb	憃
ocdsxb	憅
ocxbth	憆
octmxb	憇
ocxbxu	憈
ocxbpg	憉
ocbwxb	憊
ocbixb	憋
ocjyxb	憌
ocxbqn	憍
ocxbzg	憎
ocxbji	憏
ocxblb	憐
ocfgxb	憑
ocxbgv	憒
ocxbhv	憓
ocxbjn	憔
ocxbdg	憕
ocxbxi	憘
ocxixb	憙
ocxbdj	憚
ocxbtj	憛
ocxbsv	憜
ocdyxb	憝
ocxbdy	憞
ocxbsu	憟
ocjtxb	憠
ocxbce	憡
ocxbyc	憢
ocxbfj	憣
ocxbbf	憤
oclcxb	憥
ocxblc	憦
ocxbts	憧
ocgjxb	憨
ocxbxm	憪
ocxbmb	憫
ocxbjk	憬
ocxbln	憭
ocxbwu	憮
ocxbjq	憱
ocxbxy	憳
ocxbmm	憴
ocpixb	憵
ocxbyi	憶
ocxbiu	憷
ocxbqm	憸
ocxbns	憹
ocxbvj	憺
ocxbdj	憻
ocjkxb	憼
ocxbcs	憽
ocxbgj	憾
ocxbjn	憿
ocxbhv	懀
ocxbds	懂
ocqbxb	懃
ocxbqb	懄
ocxbzc	懆
ocxbjp	懈
ocxbao	懊
ocxbse	懎
ocxbjy	懏
ocmjxb	懑
ocxbld	懒
ocxbai	懓
ocyjxb	懕
ocxbhe	懗
ocvixb	懘
ocxbyu	懙
ocxbtd	懛
ocxbmg	懜
ocxbyi	懝
ocxbmg	懞
ocdvxb	懟
ocxbqi	懠
ocxbme	懡
ocxbjm	懢
ocmjxb	懣
ocxbuz	懤
ocxbxu	懦
ocxbnk	懧
ocxbyj	懨
ocxbyh	懩
ocxbbc	懪
ocxbvi	懫
ocglxb	懬
ocxbgl	懭
ocxbyz	懮
ocfuxb	懯
ocxblq	懰
ocxbmp	懱
ocvgxb	懲
ocxbhv	懳
ocxbmg	懵
ocxbld	懶
ocxbxl	懹
ocxbqu	懼
ocxbnp	懾
ocyizi	懿
ocnjxb	戁
ocxbmi	戂
ocxbdh	戃
ocxbjt	戄
ocgjxb	戆
ocgjxb	戇
ocyipp	戈
ocgeve	戉
ocgepp	戊
ocgehg	戋
ocwuhg	戌
ocwudm	戍
ocgeui	戎
ocyzge	戏
ocwuve	成
ocgecc	戒
ocgekz	戓
ocgege	戔
ocpjge	戕
occhge	戗
ocvjge	战
octsge	戙
ocgeig	戜
ocbwge	戝
ocvoge	戟
ocybge	戠
ocufge	戡
ocgvge	戣
ocykge	戤
ocxkge	戥
ocdjge	戦
occhge	戧
ocgege	戨
ocjbge	戩
ocyzho	戫
ocjbge	戬
ocybge	戭
ocxuge	戯
ocdjge	戰
ocxuge	戱
ocvdge	戳
ocquge	戵
ocdmui	户
ochgui	戸
ochuyi	戹
ochusi	戺
ochuda	戻
ochudz	戽
ochuqr	戾
ochufh	房
ochuvj	扂
ochujs	扃
ochuxl	扄
ochudo	扅
ochuyi	扆
ochuyu	扇
ochuyi	扈
ochufw	扉
ochuyj	扊
ocuzve	扎
ocuzjq	扏
ocuzli	扐
ocuzbu	扑
ocuzba	扒
ocuzdk	打
ocuznd	扔
ocuzsi	払
ocuzru	扖
ocuztu	扗
ocuzto	托
ocuzvh	扙
ocuzuc	扚
ocuzgs	扛
ocuzyu	扜
ocuzkv	扝
ocuzgj	扞
ocuzxy	扟
ocuzia	扠
ocuzye	扡
ocuzqi	扢
ocuzkz	扣
ocuzwu	扤
ocuzgj	扦
ocuzwj	执
ocuzrf	扨
ocuzgl	扩
ocuzmf	扪
ocuzxt	扫
ocuzyi	扬
ocuziz	扭
ocuzff	扮
ocuzvi	扯
ocuzyz	扰
ocuzji	扱
ocuzjb	扲
ocuzfj	扳
ocuzjp	扴
ocuzfu	扶
ocuzyc	扷
ocuzpm	扸
ocuzbi	批
ocuzui	扺
ocuzqm	扻
ocuzee	扼
ocuzty	扽
ocuzge	找
ocuzvi	技
ocuzyy	抁
ocuzwh	抂
ocuzbm	抃
ocuzuc	抄
ocuzgz	抅
ocuzwf	抆
ocuzri	抇
ocuzyt	抈
ocuzgk	抉
ocuzba	把
ocuzxb	抋
ocuzyb	抌
ocuzug	抍
ocuzyy	抎
ocuzyr	抏
ocuznw	抐
ocuzmc	抑
ocuzyu	抒
ocuzvx	抓
ocuzbu	抔
ocuzuu	投
ocuzdz	抖
ocuzkh	抗
ocuzjb	折
ocuzuz	抙
ocuzwu	抚
ocuzyz	抜
ocuzhr	抝
ocuzii	択
ocuzvr	抟
ocuzqu	抠
ocuzly	抡
ocuzch	抢
ocuzyy	抣
ocuzhu	护
ocuzbk	抦
ocuzvi	抧
ocuzpk	抨
ocuzrj	抩
ocuzbu	抪
ocuzpi	披
ocuztd	抬
ocuzvf	抮
ocuzqp	抯
ocuzyh	抰
ocuzbc	抱
ocuzke	抲
ocuzni	抳
ocuzui	抴
ocuzdi	抵
ocuzui	抶
ocuzpi	抷
ocuzfj	抸
ocuzmo	抹
ocuzww	抺
ocuzuf	抻
ocuzjx	押
ocuzyz	抽
ocuzqu	抾
ocuzmb	抿
ocuzxs	拀
ocuzjx	拁
ocuzfu	拂
ocuzva	拃
ocuzvu	拄
ocuzdj	担
ocuzii	拆
ocuzmu	拇
ocuzvj	拈
ocuzli	拉
ocuzfu	拊
ocuzbj	拌
ocuzbd	拍
ocuzlk	拎
ocnuuz	拏
ocuzlk	拐
ocuzgj	拑
ocuzju	拒
ocuzui	拓
ocuzba	拔
ocuzta	拕
ocuzyz	拗
ocuzju	拘
ocuziu	拙
ocuzbm	拚
ocuzvc	招
ocuzqq	拞
ocuzyi	拟
ocuzls	拢
ocuzka	拤
ocuzys	拥
ocuzlj	拦
ocuznk	拧
ocuzfa	拨
ocuzxi	拪
ocuzgf	拫
ocuzue	括
ocuzui	拭
ocuzji	拮
ocuzig	拯
ocuzrf	拰
ocuzgs	拱
ocgsuz	拲
ocjruz	拳
ocuzqr	拴
ocuzcy	拵
ocuzkc	拷
ocuzdo	拸
ocuzci	拺
ocuzhv	拻
ocuzbk	拼
ocuzyi	拽
ocuzhe	拾
ocheuz	拿
ocuzpd	挀
ocuzsi	持
ocuzgv	挂
ocuzvi	挃
ocuzgl	挄
ocuzdo	挆
ocuzvi	指
ocuzan	按
ocuzif	挋
ocuzge	挌
ocuzjn	挍
ocuzkx	挎
ocuzts	挏
ocruuz	挐
ocuzvc	挑
ocuzlp	挒
ocuzvd	挓
ocuzyi	挔
ocuzer	挕
ocuzyi	挗
ocuzlp	挘
ocxkuz	挙
ocviuz	挚
ocyiuz	挛
ocuzya	挜
ocuzgo	挝
ocuzda	挞
ocuzjx	挟
ocuzyc	挠
ocuzdh	挡
ocuzqn	挢
ocuzvg	挣
ocuzqi	挤
ocuzjy	挥
ocuzxy	挦
ocuzyu	挧
ocuzyi	挨
ocuzdv	挩
ocuzna	挪
ocuzzo	挫
ocuzbo	挬
ocuzgg	挭
ocuzdi	挮
ocuzif	振
ocuzig	挰
ocuzua	挱
ocuauz	挲
ocuzjk	挳
ocuzmw	挴
ocuzns	挵
ocuzju	挶
ocuzbh	挷
ocuzjm	挸
ocuzyi	挹
ocuztk	挺
ocuzyj	挻
ocuzto	挼
ocuzmm	挽
ocuzjx	挾
ocuzfg	捀
ocuzgc	捁
ocuzwu	捂
ocuzjy	捃
ocuzqq	捄
ocuzys	捅
ocuzky	捆
ocuzii	捇
ocuzyu	捈
ocuzzu	捉
ocuzfu	捊
ocuzbp	捌
ocuzhj	捍
ocuzxn	捎
ocuzyr	捐
ocuzuu	捒
ocuzxp	捓
ocuzjn	捔
ocuzfu	捕
ocuzwj	捖
ocuzbu	捗
ocuzqy	捘
ocuzie	捙
ocuzli	捚
ocuzlv	捛
ocuzdv	捝
ocuzlc	捞
ocuzyr	损
ocuzbk	捠
ocuzqm	捡
ocuzhr	换
ocuzdc	捣
ocuzww	捤
ocuzwj	捥
ocuzjb	捦
ocuzfg	捧
ocuzue	捨
ocuzli	捩
ocuzhy	捪
ocuzmf	捫
ocuzfu	捬
ocuzbw	捭
ocuzju	据
ocuzdc	捯
ocuzgo	捰
ocuzjr	捲
ocuzyt	捳
ocuzdm	捵
ocuziv	捶
ocuzjp	捷
ocuzli	捸
ocuzbf	捹
ocuznd	捺
ocuznm	捻
ocuzww	捼
ocuzzu	捽
ocuzgr	捾
ocuzqi	捿
ocuzxb	掀
ocuzih	掁
ocuzdm	掂
ocuzvz	掃
ocuzly	掄
ocuzqk	掅
ocuzgh	掆
ocuzvo	掇
ocuzuz	授
ocuzvo	掉
ocuzpz	掊
ocuzdi	掋
ocuhuz	掌
ocuzky	掍
ocuzqi	掎
ocuzqi	掑
ocuzfw	排
ocuzuu	掓
ocuzlk	掕
ocuzye	掖
ocuzya	掗
ocuzqu	掘
ocuzvg	掙
ocuzll	掚
ocuzgx	掛
ocuzer	掜
ocuzho	掝
ocuzyj	掞
ocuzdk	掟
ocuzjk	掠
ocuzcd	採
ocviuz	掣
ocuzpg	掤
ocuzqp	接
ocuzyi	掦
ocuzks	控
ocuzvv	推
ocuzyj	掩
ocuzxi	措
ocuzqu	掫
ocuztm	掭
ocuzjm	掮
ocuzkf	掯
ocuzlu	掳
ocuzgo	掴
ocuzmk	掵
ocuzgg	掶
ocuzvg	掷
ocuzdj	掸
ocuzmg	掹
ocuzcj	掺
ocuzgr	掼
ocuzbk	掽
ocuztr	掾
ocuzro	掿
ocuzjm	揀
ocuzvf	揁
ocuzqq	揂
ocuzqm	揃
ocuzyu	揄
ocyjuz	揅
ocuzgv	揆
ocuznj	揇
ocuzhs	揈
ocuzrz	揉
ocuzfu	揊
ocuzww	揋
ocuzsi	揌
ocuzzz	揍
ocuzxr	揎
ocuzmn	描
ocuzui	提
ocuzui	揓
ocuzuf	揕
ocuzdy	揗
ocuzhl	揘
ocuzbm	揙
ocuzyh	揚
ocuzhr	換
ocuzyb	揞
ocuzxu	揟
ocuzwu	握
ocuzke	揢
ocuzdr	揣
ocuzji	揤
ocuzdi	揥
ocuzci	揦
occiuz	揧
ocuztk	揨
ocuzjp	揩
ocuzqq	揪
ocqquz	揫
ocuztu	揬
ocuzhe	揭
ocuzjy	揮
ocuzhg	揯
ocuzvs	揰
ocxtuz	揱
ocuzye	揲
ocuzqi	揳
ocuzjm	揵
ocuzye	揶
ocuzia	揸
ocuzbw	揹
ocuzww	揻
ocuzbg	揼
ocuzlj	揽
ocuzwf	揾
ocuzqb	揿
ocuzge	搁
ocuzlz	搂
ocuzzs	搃
ocuzhg	搄
ocuzjt	搅
ocuzgz	搆
ocuzqb	搇
ocuzrs	搈
ocuzhe	搉
ocuziu	搊
ocuzsi	搋
ocuzvj	搌
ocuzyr	損
ocuzsy	搎
ocuzfu	搏
ocuzxu	搐
ocuzrs	搑
ocuzph	搒
ocuzia	搓
ocuzzc	搔
ocuzhe	搕
ocuzyc	搖
ocuzdc	搗
ocuzqi	搘
ocuzru	搙
ocuzjm	搛
ocuzsz	搜
ocuziz	搝
ocuzgc	搞
ocuzxr	搟
ocuzuo	搠
ocuzsh	搡
ocuzjb	搢
ocuzwu	搣
ocuzyi	搤
ocuzvv	搥
ocuzro	搦
ocuzuj	搧
ocuzjp	搩
ocuzth	搪
ocbjuz	搫
ocuzbj	搬
ocuzsu	搮
ocuzyc	搯
ocuzgu	搰
ocuzhd	搳
ocuzwf	搵
ocuzch	搶
ocuzvf	搷
ocuzqb	搸
ocuzge	搹
ocuzjy	携
ocuzqr	搼
ocuzia	搽
ocuzvd	搾
ocuzwu	摀
ocuzen	摁
ocuzer	摂
ocuzgs	摃
ocuznp	摄
ocuzlv	摅
ocuzba	摆
ocuzbb	摈
ocuznj	摊
ocuzua	摋
ocuzij	摌
ocuzsu	摍
ocuzis	摏
ocuzcs	摐
ocuzgo	摑
ocuzpk	摒
ocuzfg	摓
ocuzlv	摔
ocuzdd	摕
ocuzji	摖
ocuzdi	摘
ocuzlm	摙
ocuzth	摚
ocuzli	摛
ocuzgr	摜
ocuzlu	摝
ocuzlw	摞
ocuzlz	摟
ocuzji	摡
ocuzul	摤
ocuzcv	摧
ocuzxi	摨
ocmauz	摩
ocuzjl	摪
ocuzgv	摫
ocuzjk	摬
ocuzuu	摭
ocaouz	摮
ocviuz	摯
ocuzmj	摱
ocuzvj	摲
ocuzqu	摳
ocuzqi	摵
ocuzvr	摶
ocuzic	摷
ocuzmo	摸
ocmouz	摹
ocuzxi	摺
ocuzcj	摻
ocuzjm	摼
ocuzpn	摽
ocuzql	摾
ocuzqm	撁
ocuzyk	撄
ocuzjt	撅
ocbiuz	撆
ocuzbi	撇
ocuzlc	撈
ocdyuz	撉
ocuzxm	撊
ocuzgv	撌
ocuzyi	撎
ocuzxy	撏
ocuzvh	撑
ocuzsj	撒
ocuzyc	撓
ocuzjk	撔
ocuzsi	撕
ocuzgj	撖
ocuzhl	撗
ocuzda	撘
ocuzzy	撙
ocuzrj	撚
ocuzlb	撛
ocuzdg	撜
ocuzww	撝
ocuzts	撞
ocuzqn	撟
ocuzji	撠
ocuztj	撢
ocuzdj	撣
ocuzfa	撥
ocuzue	撦
ocuzjt	撧
ocuzjn	撨
ocuzln	撩
ocuzwu	撫
ocuzqn	撬
ocuzfj	播
ocuzzv	撮
ocuzve	撯
ocuzxy	撰
ocuzsv	撱
ocuzqb	撳
ocuzdy	撴
ocuzhx	撶
ocuzlu	撸
ocuzjt	撹
ocuzcr	撺
ocuzda	撻
ocuzgj	撼
ocuzjn	撽
ocuzgo	撾
ocuzqm	撿
ocuzys	擁
ocuzlw	擂
ocuzns	擃
ocuzdj	擅
ocuzvu	擆
ocuzye	擈
ocuzuu	擉
ocuzdh	擋
ocuzzc	操
ocjkuz	擎
ocuzjk	擏
ocuzji	擑
ocuzqb	擒
ocuzhv	擓
ocuzvj	擔
ocuzjy	擕
ocuzge	擖
ocuzpi	擗
ocpiuz	擘
ocuzao	擙
ocuzye	擛
ocuzxm	擜
ocuzmg	擝
ocuzuu	擞
ocuzer	擟
ocuzqi	擠
ocuztd	擡
ocuzvd	擢
ocuzuz	擣
ocuzbi	擤
ocuzca	擦
ocyuuz	擧
ocuzxu	擩
ocyjuz	擪
ocuzyj	擫
ocuzyi	擬
ocuzho	擭
ocuzjp	擮
ocuzbb	擯
ocuznk	擰
ocuzge	擱
ocuzjp	擳
ocuzgl	擴
ocuzmo	擵
ocuzjm	擶
ocuzuu	擻
ocuzlu	擼
ocuzle	擽
ocuzyz	擾
ocuzyh	攁
ocuzcd	攃
ocuzlv	攄
ocuzxm	攇
ocuzho	攉
ocuzli	攊
ocuzld	攋
ocuzlu	攎
ocuzls	攏
ocuzju	攑
ocuzzj	攒
ocuzjm	攓
ocuzlj	攔
ocuzyk	攖
ocuzxl	攘
ocuzyk	攚
ocuznp	攝
ocuzmi	攠
ocuzli	攡
ocuzzj	攢
ocuznj	攤
ocuzli	攦
ocuzdm	攧
ocuzdh	攩
ocuzjt	攪
ocuzlj	攬
ocuzli	攭
ocuznh	攮
ocuiyz	支
ocvili	攰
oclivi	攱
ocqivi	攲
ocvixy	攳
ocrfia	攵
ocjqwf	收
ocqnwf	攷
ocjiwf	改
ocsiwf	攺
ocgswf	攻
ocgjwf	攼
ocffwf	攽
ocfhwf	放
ocvgwf	政
ocbdwf	敀
ocvjpu	敁
ocjuwf	敂
ocmbwf	敃
ocmcwf	敄
ocguwf	故
ochepu	敆
occiwf	敇
ocjnwf	效
ocmiwf	敉
ocgewf	敋
ocuewf	敌
ocyupu	敍
ocmwwf	敏
ocifwf	敐
ocqqwf	救
ocufwf	敒
ocdvwf	敓
ocwuwf	敔
ocuuwf	敕
ocbwwf	敗
ocyuwf	敘
ocxnwf	教
ocdvwf	敚
ocqmwf	敛
ocnmwf	敜
ocbiwf	敝
ocuhwf	敞
ocdmwf	敟
ocvopu	敠
ocyipu	敡
ocgopu	敤
ocyjpu	敥
ocxlwf	敦
ocqipu	敧
ocpzwf	敨
ocxtwf	敩
ocvowf	敪
ocgzwf	敬
ocyhwf	敭
oclzwf	数
ocqipu	敱
ocgcpu	敲
ocqiwf	敳
ociivg	整
ocdiwf	敵
ocifwf	敶
oclzwf	數
ocqupu	敺
ocxipu	敼
ocqnpu	敽
ocujwf	敾
ocqnwf	敿
ocuupu	斀
ocqmwf	斂
ocbisi	斃
ocxtpu	斅
ocxtwf	斆
ocwfia	文
ocwfzi	斈
ocqier	斉
ocwfer	斊
ocwfer	斋
ocwfwu	斌
ocwfjm	斍
ocqiui	斎
ocwfll	斏
ocfwwf	斐
ocwfbm	斒
ocwflj	斓
ocwflj	斕
ocxidz	斘
ocmidz	料
ocjndz	斛
ocyudz	斜
ocyudz	斞
ocufdz	斟
ocgzdz	斠
ochldz	斢
ocuudz	斣
ocjbdm	斥
ocjbjb	斦
ocfujb	斧
ocpjjb	斨
ociejb	斩
ocjujb	斪
ocuijb	斫
ociejb	斬
ocxijb	斮
ocqijb	斯
ocqbjb	新
ocvejb	斱
ocjbjb	斳
oclbjb	斴
ocjbuu	斶
ocuujb	斸
ocdmwj	方
ocfhjp	斺
ocfhlq	旈
ocfufh	旉
ocfhqi	旑
ocfhjm	旔
ocyuii	旕
ocfhfj	旙
ochgyz	无
ocgfji	既
ocgoji	旤
ocklhg	日
ocrihg	旦
ocuuri	旧
ocbiri	旨
ocriui	早
ocriui	旪
ocridc	旫
ocbcri	旬
ocjqri	旭
ocjqri	旮
ocrijq	旯
ocrigj	旰
ocrigj	旱
ocrida	旲
ocriuc	旳
ocriyu	旴
ocriuj	旵
ocricy	时
ocrigl	旷
ocriyi	旸
ocriwh	旺
ocriwf	旻
ocriwf	旼
ocrity	旽
octyri	旾
ocriwu	旿
ocriyy	昀
ocrifu	昁
ocrimc	昂
ocrize	昃
ocrifj	昄
ocriji	昅
ocribi	昆
ocriug	昇
ocrihu	昈
ocrifh	昉
ocritm	昊
octmri	昋
ocriri	昌
ocriri	昍
ocriyt	明
ocuiri	昏
ocriff	昐
ocrijb	昑
ocriwu	昒
ocriwu	易
ocgsri	昔
ocrijb	昕
ocrigs	昖
ocrilq	昗
ocrifh	昘
ocriyy	昙
ocriju	昛
ocdjwu	昜
ociuri	昝
ocribk	昞
ocriug	星
ocriyh	映
ocrixr	昡
ocriiu	昢
ocrivf	昣
ocrilk	昤
ociyri	春
ocriww	昧
ocriva	昨
ocrimo	昩
ocribm	昪
ocriju	昫
ocmbri	昬
ocrivc	昭
ocrigs	昮
ocrivg	昰
ocrili	昱
ocrifu	昲
ocriui	昳
ocrimc	昴
ocrini	昵
ocysri	昶
ocrimb	昷
ocrids	昸
ocriys	昹
ocribk	昺
ociidj	昼
ocrils	昽
ocriye	显
ocrivc	晀
ocrivc	晁
ocrisi	時
ocrigl	晃
ocrigl	晄
ocrigf	晅
ocrigv	晆
ocrikx	晇
ocrijn	晈
ocrivi	晊
ocyari	晋
ocrixl	晌
ocrits	晍
ocrigs	晎
ocrian	晏
ocrihd	晐
ocrixl	晑
ocrixi	晒
ocriyc	晓
ocrihx	晔
ocrijy	晕
ocrijy	晖
ocrihj	晗
ocrihj	晘
ocriqy	晙
ocrimm	晚
ocrijm	晛
ocridi	晜
ocyudj	晝
ocrixi	晞
ocriig	晟
ocriig	晠
ocrifu	晡
ocveri	晢
ocrive	晣
ocriwu	晤
ocriwj	晥
ocrimw	晦
ocrigc	晧
ocriif	晨
ocridm	晪
ocrivo	晫
ocrizu	晬
ocrivz	晭
ocbkri	普
ocrijk	景
ocrixi	晰
ocriyj	晱
ocrier	晲
ocxiri	晳
ocriqk	晴
ocrivg	晸
ocriyi	晹
ocviri	智
ocriyj	晻
ocriwj	晼
ocrilb	晽
ocrijk	晾
ocriih	晿
ocriwh	暀
ocvjri	暂
ocrifw	暃
ocrixr	暄
ocrihg	暅
ocriui	暆
ocrixx	暇
ocrijy	暈
ocrijy	暉
ocriye	暊
ocrigv	暌
ocrihe	暍
ocriyk	暎
ocrive	暏
ocriww	暐
ocrive	暑
ocrixk	暒
ocrinj	暔
ocrijm	暕
ocriyr	暖
ocriyb	暗
ocriyh	暘
ocriiy	暙
ocriyc	暚
ocriia	暛
ocrimk	暝
ocrinp	暞
ocriqi	暟
ocrigc	暠
ocriwg	暡
ocufyh	暢
ocriqi	暣
ocrigc	暤
ocriyj	暥
ocriai	暧
ocjidj	暨
ocriji	暩
ocrimj	暪
ocvjri	暫
ocmori	暮
ocrimo	暯
ocrics	暰
ocrini	暱
ocrivh	暲
ocrihv	暳
ocrixr	暶
ocrivr	暷
ocriln	暸
ocridj	暺
ocrijk	暻
ocbiri	暼
ocrilb	暽
ocridy	暾
ocrixi	暿
ocriyi	曀
ocrihl	曂
ocridd	曃
ocrihx	曄
ocrihx	曅
ocriyy	曇
ocrits	曈
ocriyc	曉
ocrifw	曊
ocritj	曋
ocmkks	曌
ocrixl	曏
ocjkug	曐
ocjkvf	曑
ocrijn	曒
ocrijk	曔
ocrivj	曕
ocriai	曖
ocriye	曗
ocrixu	曘
ocriuu	曙
ocrimg	曚
ocrixy	曛
ocrivd	曜
ocribc	曝
ocriwj	曞
ocjkif	曟
ocrigl	曠
ocriln	曢
ocriyj	曣
ocriho	曤
ocrilu	曥
ocriyi	曦
ocrirs	曧
ocrils	曨
ocrixl	曩
ocrilo	曪
ocrili	曬
ocridh	曭
ocriyj	曮
ocriuu	曯
ocklhg	曰
ocriuu	曱
ocklcc	曲
ocriia	曳
ocyedm	曵
ocwuri	曶
ocyuri	書
ocriir	曻
ocriqu	最
ocufjm	朄
ocquhe	朅
oczgwu	朆
ochvbw	朇
ockler	月
ocuiyt	有
ocytyr	朊
ocytyt	朋
ocytff	朌
ocytlk	朎
ocytiu	朏
ocytju	朐
ocytui	朑
ocytrz	朒
ocytvc	朓
ocniyt	朔
ocytgr	朕
ocytll	朖
ocytqy	朘
ocjsyt	朙
ocwhmk	朚
ocytxl	朜
ocvoyt	朝
ocqiyt	朞
ocqiyt	期
ocytyk	朠
ocytts	朣
ocpgpg	朤
ocytlc	朥
ocytmg	朦
ocytls	朧
ocuirf	木
ochgxn	朩
ochgmu	未
ochgmu	末
ocmuhg	本
ocmuve	札
ocmudm	术
ocmuyi	朰
ocppww	朱
ocmurf	朲
ocmuba	朳
ocmubu	朴
ocjimu	朵
ocndmu	朶
ocmudc	朷
ocmuli	朸
ocmujq	朹
ocmuji	机
ocmujq	朻
ocmubi	朼
ocmuqn	朽
ocmudk	朾
ociamu	杀
ocmuru	杁
ocjqmu	杂
ocmuyz	权
ocmuqm	杄
ocmuyu	杅
ocmugj	杆
ocmukv	杇
ocmuia	杈
ocmuuj	杉
ocmuir	杊
ocmufj	杋
ocmuwu	杌
ocmuzi	杍
ocmuzi	李
ocmukz	杏
ocmucd	材
ocmucy	村
ocmurf	杒
ocmuuc	杓
ocmuto	杔
ocmuda	杕
ocmuvh	杖
ocwhmu	杗
ocuimu	杘
ocmuyi	杙
ocmuqi	杚
ocmugs	杛
ocmutu	杜
ocmuye	杝
ocmuji	杞
ocmukl	束
ocmugs	杠
ocwfmu	条
ocmugs	杢
ocmuuj	杣
ocmuwj	杤
ochgmi	来
ocmujq	杦
ocmuwh	杧
ocmuyi	杨
ocmuma	杩
ocmuuc	杪
ocmuvi	杫
ocmuyr	杬
ocmukh	杭
ocmufu	杮
ocmubu	杯
ocmuho	杰
ocmuri	東
ocrimu	杲
ocmuri	杳
ocmuqm	杴
ocmuwu	杵
ocmuty	杶
ocmuba	杷
ocmuuu	杸
ocmuhx	杹
ocmuxb	杺
ocmuiz	杻
ocmuyu	杼
ocmuuz	杽
ocmugs	松
ocmufj	板
ocgsmu	枀
ocmuji	极
ocmuyt	枂
ocmuyy	枃
ocmugz	构
ocmukd	枅
ocmumc	枆
ocmubi	枇
ocbimu	枈
ocmuwh	枉
ocmumc	枊
ocmufh	枋
ocmuff	枌
ocmuxi	枍
ocmufu	枎
ocmujb	析
ocmuhu	枑
ocmuya	枒
ocmudz	枓
ocmujb	枔
ocmuyb	枕
ocmuyc	枖
ocmumu	林
ocmunw	枘
ocmuee	枙
ocmuwf	枚
ocmuvx	枛
ocrimu	果
ocmuvi	枝
ocmucs	枞
ocmuyy	枟
ocmuug	枡
ocmuqu	枢
ocmuqr	枤
ocmuli	枥
ocmuhu	枦
ocmujm	枧
ocmuih	枨
ocmugs	枩
ocmuch	枪
ocmufg	枫
ocmudj	枬
ocnnmu	枭
ocmuvj	枮
ocmugu	枯
ocmupk	枰
ocmutd	枱
octdmu	枲
ocmuvi	枳
ocmuhc	枵
ocjxmu	架
ocmujx	枷
ocmuju	枸
ocmubc	枹
ocmumo	枺
ocmuui	枻
ocuimu	枼
ocmubf	枾
ocmuhv	枿
ocmupi	柀
ocmuta	柁
ocmulk	柃
ocmubk	柄
ocmuni	柅
ocmuli	柆
ocmuhe	柇
ocmubj	柈
ocmufj	柉
ocmuds	柊
ocddmu	柋
ocmusi	柌
ocmuyh	柍
ocmufu	柎
ocmubd	柏
ocgjmu	某
ocmugj	柑
ocmcmu	柔
ocmumc	柕
ocmuvc	柖
ocmuui	柘
ocmujx	柙
ocmuyz	柚
ocmuuf	柛
ocmuju	柜
ocmuii	柝
ocmuva	柞
ocmurj	柟
ocmunk	柠
ocmugs	柡
ocmudi	柢
ocmuui	柣
ocmuqp	柤
ocmudj	查
ocmudj	柦
ocmugx	柧
ocmubu	柨
ocmuyz	柪
ocmufu	柫
ocuuba	柬
ocmuba	柭
ocmuiu	柮
ocmuke	柯
ocmuui	柰
ocmuvu	柱
ocmubi	柲
ocmumc	柳
occimu	柴
ocmusi	柶
ocmuxs	柷
ocmupi	柸
ocmuzi	柹
ocmulk	柺
ocmuqp	査
ocmuxt	柼
ocmuug	柽
ocmuvg	柾
ocmuui	柿
ocmumu	栂
ocmuce	栅
ocmuui	标
ocmujm	栈
ocmujp	栉
ocmuls	栊
ocmuds	栋
ocmulu	栌
ocmuug	栍
ocmule	栎
ocmulj	栏
ocmuys	栐
ocmudv	树
ocmuxy	栒
ocmuqr	栓
ocmuif	栕
ocmuxi	栖
ocximu	栗
ocmudo	栘
ocmujl	栙
ocmugr	栚
ocmuci	栜
ocmuue	栝
ocmubk	栟
ocrfmu	栠
ocmujn	校
ocmubd	栢
ocmurf	栣
ocmubk	栤
occimu	栥
ocmuvz	栦
ocmuye	栧
ocmuci	栨
ocmuyu	栩
ocmuvu	株
ocmucy	栫
ocmuse	栬
ocmuer	栭
ocmuer	栮
ocmuyz	栯
ocmufa	栰
ocmugs	栱
ocmukc	栲
ocmulc	栳
ocmulp	栵
ocmuyb	栶
ocmuyh	样
ocmuhd	核
ocmugf	根
ocmuvi	栺
ocmuui	栻
ocmuge	格
ocyimu	栾
ocmufu	栿
ocirmu	桀
ocmuxk	桁
ocmugv	桂
ocmuvc	桃
ocmugl	桄
ocmuww	桅
ocmukl	框
ocrumu	桇
ocanmu	案
ocmuan	桉
ocjrmu	桊
ocmuyi	桋
ocmukx	桍
ocmuvi	桎
ocmuqs	桏
ocmuts	桐
ocromu	桑
ochvmu	桒
ocmugf	桓
ocmuji	桔
ocmujq	桕
ocmuxt	桖
ocmudv	桘
ocmumz	桙
ocmuir	桝
ocmuya	桠
ocmuyc	桡
ocmuvf	桢
ocmudh	档
ocmuqn	桥
ocmuhx	桦
ocmuhv	桧
ocmuvl	桩
ocmuxy	桪
ocmuua	桫
ocuamu	桬
ocmuif	桭
ocmufz	桮
ocmuig	桯
ocmujk	桱
ocmubo	桲
ocmufu	桴
ocmuto	桵
ocmuys	桶
ocmujn	桷
ocmuxi	桸
ocmull	桹
ocmufg	桻
ocmuzo	桽
ocmujy	桾
ocmuhj	桿
ocmuuu	梀
ocmuqq	梂
ocmutk	梃
ocmuyz	梄
ocmumw	梅
ocmubh	梆
ocmuns	梇
ocmuhg	梈
ocmuvl	梉
ocvemu	梊
ocmuyr	梋
ocmuyu	梌
ocmuzc	梍
ocmugc	梏
ocmudi	梑
ocmuhj	梒
ocmuxb	梓
ocmurf	梕
ocmubw	梖
ocmugg	梗
ocmujm	梘
ocmuir	梙
ocmumm	梚
ocmuna	梛
ocmujx	梜
ocmuji	梞
ocnnmu	梟
ocmulv	梠
ocmuwj	梡
ocmuxn	梢
ocmucf	梣
oclbxi	梦
ocmuwu	梧
oclimu	梨
ocmuli	梩
ocmudz	梪
ocmuqy	梭
ocmuju	梮
ocmudi	梯
ocmujp	械
ocmuky	梱
ocmudv	梲
ocmulq	梳
ocmuyj	梴
oclbfj	梵
ocmuww	梶
ocmuli	梸
ocmubk	梹
oclbxx	梺
ocmufu	梻
ocmuuz	梼
ocmuvi	梽
ocmuld	梾
ocmulm	梿
ocmuqm	检
ocmudv	棁
ocmulk	棂
ocmubk	棅
ocmuly	棆
ocmuqk	棈
ocmubo	棉
ocqimu	棊
ocmuqi	棋
ocmucd	棌
ocmuky	棍
ocmude	棏
ocfwmu	棐
ocmufw	棑
ocmufg	棒
ocmupz	棓
ocmuhy	棔
ocmuzs	棕
ocmuih	棖
occici	棗
occici	棘
ocmuli	棙
ocmupg	棚
ocmuyu	棛
ocmuyu	棜
ocmugu	棝
ocmuds	棟
octhdd	棠
ocmugh	棡
ocmuwh	棢
ocmuli	棣
ocmuxi	棤
oclbyc	棥
ocmuvg	棦
ocmuyj	棪
ocmuho	棫
ocmujr	棬
ocmuye	棭
ocmulb	森
ocmumumu	森
ocmunm	棯
ocmuiv	棰
ocmulk	棱
ocmuqi	棲
ocmuvo	棳
ocmufu	棴
ocmugo	棵
ocmuld	棶
ocmuqu	棷
ocqumu	棸
ocmuvo	棹
ocmugr	棺
ocffmu	棻
oclbff	棼
oclbjb	棽
oclbrs	棾
ocmuer	棿
ocmuwj	椀
ocmuxl	椁
ocmulu	椂
ocmuhu	椃
ocmuqp	椄
ocmuqi	椅
ocmuvz	椆
ocmuju	椇
ocwfjp	椉
ocmuzu	椊
ocmujk	椋
ocmuks	椌
ocmuvi	植
ocmuvv	椎
ocmuya	椏
ocmuju	椐
ocmubw	椑
ocmuuu	椒
ocmufh	椖
ocmudk	椗
oclbvi	椘
ocmuih	椙
ocmumf	椚
ocmuhx	椛
ocgvmu	椝
ocximu	椞
ocmumd	椟
ocvjmu	椠
ocmudc	椡
ocmugo	椢
ocmudm	椣
ocmulo	椤
ocmuvi	椥
ocmuqr	椦
ocmumk	椧
ocmufu	椨
ocmugg	椩
ocmubk	椪
ocmudj	椫
ocmuyi	椬
ocmucj	椮
ocmudr	椯
ocmuye	椰
ocmufu	椱
ocmuww	椲
ocmuww	椳
ocmudr	椴
ocmuxx	椵
ocmuxm	椷
ocmuui	椸
ocmuuf	椹
ocmubc	椺
ocmuyj	椼
ocmutr	椽
ocmuqm	椾
ocmuiy	椿
ocmuyu	楀
ocmuke	楁
ocmuia	楂
ocmuwu	楃
ocmubm	楄
ocmufu	楅
ocmuyc	楆
ocmugo	楇
ocmuxu	楈
ocmuro	楉
ocmuyh	楊
ocmuci	楋
ocmuyj	楌
ocmujy	楎
ocmukv	楏
ocmujp	楐
ocmugv	楑
ocmusi	楒
ocmufg	楓
ocmuqi	楔
ocmuji	楖
ocmujm	楗
oclbpi	楚
ocmuku	楛
ocmuhu	楜
ocmujm	楝
ocmutk	楟
ocmunj	楠
ocmuqq	楢
ocmumw	楣
ocmuyr	楥
ocmuxr	楦
ocmuyk	楧
ocmuvf	楨
ocmubm	楩
ocmuye	楪
ocmuhe	楬
ocmuve	楮
ocmudy	楯
ocmuyu	楰
ocmuzz	楱
ocmuww	楲
ocmumz	楳
ocmudi	楴
ocmuji	極
oczimu	楶
ocmujp	楷
ocmuqq	楸
ocmuyk	楹
ocmurz	楺
ocmuhl	楻
ocmulz	楼
ocmuqr	楾
ocmuxl	楿
ocmupb	榀
ocmuui	榁
ocmuji	概
oclbtm	榃
ocmulj	榄
ocmuwf	榅
ocmuyu	榆
ocmuqb	榇
ocmuju	榉
ocmuuf	榊
ocmufw	榌
ocmuxx	榎
ocmuyi	榏
ocmuvj	榐
ocmuro	榒
ocmulh	榔
ocmurs	榕
ocmujb	榗
ocjumu	榘
ocmugc	榚
ocmuqb	榛
ocmuph	榜
ocmuua	榝
ocmuyr	榞
ocmuzd	榟
ocmumk	榠
ocmusu	榡
ocmujx	榢
ocmuyc	榣
ocmujp	榤
ocmuhl	榥
ocmufw	榧
ocmuvd	榨
ocmuqm	榩
ocmuma	榪
ocmusy	榫
ocmuyr	榬
ocmuue	榭
ocmuui	榯
ocmuuk	榱
ocmuwf	榲
ocmutk	榳
ocmulq	榴
ocmurs	榵
ocmuth	榶
ocmuhe	榷
ocmumd	榸
ocmusi	榹
ocmuhe	榼
ocmuxi	榽
ocmugu	榾
ocmuqi	榿
ocgcmu	槀
ocmugc	槁
ocmusy	槂
ocbjmu	槃
ocmuyc	槄
ocmuge	槅
ocmuxy	槆
ocmuvf	槇
ocmuru	槈
ocmuji	槉
ocuomu	槊
ocmugz	構
ocmuvv	槌
ocmuch	槍
ocmuia	槎
ocmujm	槏
ocmugv	槐
ocdddd	槑
ocmuxu	槒
ocmugs	槓
ocmugc	槔
ocmuvo	槕
ocmuvf	槙
ocmujx	槚
ocmujm	槛
ocmujy	槜
ocmudc	槝
ocmubb	槟
ocmuvu	槠
ocmush	槡
ocmuxi	槢
ocmuji	槣
ocmulm	槤
ocmuhv	槥
ocmuys	槦
ocvjmu	槧
ocmugo	槨
ocjimu	槩
ocmuvr	槫
ocmuqi	槭
ocmucj	槮
ocmucv	槯
ocmufg	槰
ocmuhu	槲
ocjlmu	槳
ocmuhu	槴
ocmuhr	槵
ocmugo	槶
ocmukh	槺
ocmugv	𬃀
ocmugv	槻
ocgvmu	槼
ocmucc	槽
ocmumj	槾
ocmujb	槿
ocmudi	樀
ocmuis	樁
ocmulh	樃
ocmuif	樄
ocmucs	樅
ocmuli	樆
ocmuxq	樇
ocmujk	樈
ocmuul	樉
ocmuts	樋
ocmugr	樌
ocmuze	樍
ocmusu	樎
ocmulw	樏
ocmulu	樐
ocmull	樑
ocmumi	樒
ocmulz	樓
ocmuic	樔
ocheke	樖
ocmuyu	樗
ocmuth	樘
ocmupn	標
ocmulu	樚
ocmuuu	樜
ocmuqu	樞
ocmuvh	樟
ocmumj	樠
ocmumo	模
ocmunn	樢
ocmuyh	樣
ocmutn	樤
ocmuxi	樨
ocmuhl	横
ocmujm	樫
ocmuji	樭
ocmuse	樯
ocmuxt	樰
ocmuyk	樱
ocmuer	樲
ocmuxy	樳
ocmujn	樵
ocmuzv	樶
oclbqu	樷
ocmuhx	樺
ocmugv	樻
ocmuij	樼
ocmuzy	樽
ocmuyt	樾
ocmudj	樿
ocmusy	橁
ocmudm	橂
ocmufa	橃
ocmugj	橄
ocmuwu	橅
ocmuqn	橇
ocmuyc	橈
ocmulb	橉
ocmuqn	橋
ocmuxm	橌
ocmufj	橎
ocmuuj	橏
ocmuln	橑
ocmuyy	橒
ocmuuy	橓
ocmudy	橔
ocmuth	橖
ocmumg	橗
ocmudg	橙
ocmusu	橚
ocmujt	橛
ocjtmu	橜
ocmutj	橝
ocmuhv	橞
ocmuji	機
ocmuxl	橡
ocmusv	橢
ocmunk	橣
ocrvmu	橤
ocvumu	橥
ocmuts	橦
ocmuzg	橧
ocmubf	橨
ocmurj	橪
ocmugu	橭
ocmumc	橮
ocmulc	橯
ocmuiu	橱
ocmuxi	橲
ocmuzi	橴
ocmusj	橵
ocmuji	橶
ocmujk	橸
ocmulu	橹
ocmujm	橺
ocmuyr	橼
ocmuda	橽
ocmuzc	橾
ocmujl	橿
ocmudj	檀
ocmuns	檂
ocmujn	檄
ocmusv	檅
ocmujy	檇
ocmuug	檉
ocmugj	檊
ocmuzv	檌
ocmuyi	檍
ocmuqb	檎
ocmuye	檏
ocmuvj	檐
ocmulw	檑
oclbfg	檒
ocmuhv	檓
ocmudh	檔
ocmusv	檖
ocpimu	檗
ocmupi	檘
ocmudk	檙
ocmuiu	檚
ocmugo	檛
ocmuhv	檜
ocmuji	檝
ocmujp	檞
ocmujx	檟
ocjkmu	檠
ocmuqm	檢
ocmuse	檣
ocmudc	檤
ocmuyi	檥
ocmupn	檦
ocmucs	檧
ocmuxm	檨
ocmule	檪
ocmuca	檫
ocmumg	檬
ocmuyb	檭
ocmuuz	檮
ocmutd	檯
ocmumm	檰
ocmuji	檱
ocmutr	檲
ocmubb	檳
ocmuho	檴
ocmuer	檷
ocmunk	檸
ocmuhc	檺
ocmujm	檻
ocmuxu	檽
ocyjmu	檿
ocmuqi	櫀
ocmumi	櫁
ocmuvd	櫂
ocmukv	櫃
ocmuxy	櫄
ocmuqi	櫅
ocmukv	櫆
ocmudg	櫈
ocmuge	櫊
ocmuyz	櫌
ocmuvi	櫍
ocmugl	櫎
ocmuqm	櫏
ocmucd	櫒
ocmulu	櫓
ocmuwj	櫔
ocmulv	櫖
ocmump	櫗
ocmuhv	櫘
ocmujp	櫛
ocmumd	櫝
ocmuyr	櫞
ocmule	櫟
ocmufw	櫠
ocmuvu	櫡
ocmuuu	櫢
ocmujm	櫤
ocmuiu	櫥
ocmuqk	櫦
ocmuvu	櫧
ocmulu	櫨
ocmuli	櫪
ocvumu	櫫
ocmuqb	櫬
ocmuji	櫭
ocmuee	櫮
ocmusu	櫯
ocmuyu	櫲
ocmuls	櫳
ocmuld	櫴
ocmujn	櫵
ocmuxm	櫶
ocmugv	櫷
ocmuju	櫸
ocmuxn	櫹
ocmuyk	櫻
ocybmu	櫽
ocmuyc	櫾
ocmuyk	櫿
ocmuxl	欀
oclbns	欁
ocmubo	欂
ocmulj	欄
ocmuju	欅
ocmuul	欆
ocmunp	欇
ocmuqu	欋
ocmuch	欌
ocmujq	欍
ocmulo	欏
ocmuli	欐
ocmuzj	欑
ocmudh	欓
ocmujt	欔
ocmuyj	欕
ocmulj	欖
ocmuuu	欘
ocmulw	欙
ocmuli	欚
ocmuba	欛
ocmunh	欜
ocmulk	欞
ocmugr	欟
ocdcrf	欠
ocbkqm	次
ocyzqm	欢
ocjbqm	欣
ocyuqm	欤
ocriqm	欥
ocjbqm	欦
ocquqm	欧
ocjuqm	欨
ocvcqm	欩
ociuqm	欪
ocfzqm	欫
ochdqm	欬
ocybqm	欭
ocniqm	欮
ocjiqm	欯
ocxtqm	欰
ocheqm	欱
ocguqm	欲
ocllqm	欴
ocuuqm	欶
ocxiqm	欷
ocyiqm	欸
ocqiqm	欹
ocqiqm	欺
ocyjqm	欻
ocvoqm	欼
ocjbqm	欽
ocndqm	歀
ocufqm	歁
ocdrqm	歂
ocgoqm	歄
ocybqm	歆
ocheqm	歇
ocyuqm	歈
ocjmqm	歉
ocgcqm	歊
ocsiqm	歋
ocgeqm	歌
ocwuqm	歍
ocjbqm	歏
ocquqm	歐
ocdiqm	歒
ocxuqm	歔
ocbfqm	歕
ocxiqm	歖
ocsuqm	歗
ocyjqm	歘
ocujqm	歚
ocqmqm	歛
ocuuqm	歜
ocyuqm	歟
ocuhuu	止
ochgvi	正
ocvibi	此
ocviuc	步
ocvivi	歧
ocvizz	歨
ocviuc	歩
ocbuvg	歪
ocviju	歫
ocvivz	歬
ocvisi	歭
ocvivs	歱
ocvize	歵
occiyu	歶
ochgxi	歹
ocddbi	死
ocddqm	歼
ocddjb	歽
ocddwu	歾
ocddyc	殀
ocdduu	殁
ocddqp	殂
ocddyh	殃
ocddvf	殄
ocddug	殅
ocddtd	殆
ocddxt	殈
ocddxy	殉
ocddvu	殊
ocddjm	残
ocddjk	殌
ocddfu	殍
ocddjx	殎
ocddqq	殏
ocdduu	殐
ocddke	殑
ocddyr	殒
ocddqm	殓
ocddli	殔
ocddpz	殕
ocddvi	殖
ocddyj	殗
ocddhy	殙
ocdddj	殚
ocddji	殛
ocddye	殜
ocddqb	殝
ocddyr	殞
ocddwf	殟
ocddiz	殠
ocddbb	殡
ocdddd	殢
ocddjb	殣
ocddyb	殥
ocddnn	殦
ocddjq	殧
ocddgv	殨
ocddcj	殩
ocddyi	殪
ocdddj	殫
ocddjl	殭
ocddqm	殮
ocddbb	殯
ocddmd	殰
ocjiyz	殳
ocquuu	殴
ocvuuu	殶
ocuguu	殸
ocyiuu	殹
ocuauu	殺
ockeuu	殻
ocycuu	殽
ocveuu	殾
ocgcuu	毃
ocquuu	毆
oclrdr	毈
ocrfgr	毎
ocrfmu	每
ocuiwu	毐
ocmuye	毑
ocfgmu	毒
ocmwlq	毓
ocbibi	比
ocbiui	毕
ocbibi	毖
octmbi	毗
octmbi	毘
ocbisi	毙
ocmcxn	毜
ocmcuj	毝
ocbimc	毞
ocucmc	毟
ocjxmc	毠
ocmcvj	毡
ocmcxi	毢
ocyumc	毣
ocmcxy	毥
ocermc	毦
ocmcrs	毧
ocmcxm	毨
ocmcmi	毩
ocmcmz	毪
ocmcqq	毬
ocdzmc	毭
ocmcyj	毯
ocmcpz	毰
ocvomc	毲
ocmcfw	毴
occjmc	毵
ocmccj	毶
ocmcmc	毷
ocmcsi	毸
ocyumc	毹
ocmcyu	毺
ochemc	毼
ocmcjm	毽
occjmc	毿
oclzmc	氀
ocmcmo	氁
octsmc	氃
ocihmc	氅
ocmcpu	氆
ocmclu	氇
ocdjmc	氈
oczcmc	氉
ocmcdj	氊
ocmgmc	氋
ocmclu	氌
ocqumc	氍
ocuidm	氐
ocuiui	氒
ocwhmb	氓
ocqipp	氕
ocqind	氖
ocqiia	気
ocqiuj	氙
ocqiir	氚
ocqiff	氛
ocqiri	氜
ocqinw	氝
ocqibk	氞
ocqifu	氟
ocqiuf	氠
ocqids	氡
ocqimi	氣
ocqiyb	氤
ocqixi	氥
ocqihd	氦
ocqiyh	氧
ocqian	氨
ocqiya	氩
ocqike	氪
ocqijk	氫
ocqiya	氬
ocqids	氭
ocqiyj	氮
ocqilu	氯
ocqiqk	氰
ocqiyh	氱
ocqiwf	氲
ocqiwf	氳
ocdmuv	氷
ocyiuv	氹
ocuvli	氻
ocuvrf	氼
ocrfuv	氽
ocuvee	氾
ocuvjq	氿
ocuvdk	汀
ocuvui	汁
ocuvba	汃
ocuvrf	汄
ocuvqn	汅
ocruuv	汆
ocuvkl	汇
ocuvdn	汈
ocuvyz	汉
ocuvia	汊
ocuvuc	汋
ocuvir	汌
ocuvwj	汍
ocuvfj	汎
ocuvda	汏
ocuvxi	汐
ocuvto	汑
ocuvwh	汒
ocuvzi	汓
ocuvqi	汔
ocuvuj	汕
ocujuv	汖
ocuvgj	汗
ocuvqm	汘
ocuvyu	汙
ocuvyu	汚
ocuvxy	汛
ocuvsi	汜
ocuvnv	汝
ocgsuv	汞
ocuvgs	江
ocuvye	池
ocuvkv	污
ocuvtu	汢
ocuvjq	汣
ocuvyi	汤
ocuvvi	汥
ocuvui	汦
ocuvkd	汧
ocuvri	汨
ocuvri	汩
ocuvwh	汪
ocuvjk	汫
ocjkuv	汬
ocuvnw	汭
ocuvyy	汮
ocuvgs	汯
ocuvtd	汰
ocuvqr	汱
ocuvji	汲
ocuvfj	汳
ocuvbm	汴
ocuvjb	汵
ocuvwf	汶
ocuvwf	汷
ocuvfh	汸
ocuvxs	汹
ocuvgk	決
ocuvwu	汻
ocuvnq	汼
ocuvqi	汽
ocuvff	汾
ocuvyu	汿
ocuvyu	沀
ocuvxb	沁
ocuvjb	沂
ocuvyc	沃
ocuvyy	沄
ocuvyr	沅
ocuvkh	沆
ocuvyy	沇
ocuvyb	沈
ocuvrs	沉
ocybuv	沊
ocuvyz	沋
ocuvty	沌
ocuvhu	沍
ocuvhx	沎
ocuvqp	沏
ocuvmu	沐
ocuviz	沑
ocuvri	沓
ocuvmm	湎
ocuvmm	沔
ocuvwu	沕
ocuvvs	沖
octmuv	沗
ocuvbi	沘
ocuvuc	沙
ocuvvi	沚
ocuvui	沛
ocuvpm	沜
ocuvuv	沝
ocuvgz	沟
ocuvvx	沠
ocuvuu	没
ocuvii	沢
ocuvfg	沣
ocuvqu	沤
ocuvli	沥
ocuvly	沦
ocuvch	沧
ocuvfg	沨
ocuvww	沩
ocuvhu	沪
ocuvmo	沫
ocuvww	沬
ocuvuu	沭
ocuvqp	沮
ocuvui	沯
ocuvui	沰
ocuvta	沱
ocuvke	河
ocuvvf	沴
ocuver	沵
ocuvui	沶
ocuvba	沷
ocuvfu	沸
ocuvyz	油
ocuvtm	沺
ocuvtd	治
ocuvvc	沼
ocuvgu	沽
ocuvvj	沾
ocuvsi	泀
ocuvxs	況
ocuvjs	泂
ocuvju	泃
ocuvui	泄
ocuvqq	泅
ocuvui	泆
ocuvjx	泇
ocuvds	泈
ocbduv	泉
ocuvbd	泊
ocuvhv	泋
ocuvbi	泌
ocuvbf	泍
ocuvva	泎
ocuviu	泏
ocuvyz	泑
ocuvgx	泒
ocuvhs	泓
ocuvgj	泔
ocuvqu	法
ocuvmc	泖
ocuvsi	泗
ocuvhu	泘
ocuvpk	泙
ocuvci	泚
ocuvfj	泛
ocuvdi	泜
ocuvii	泝
ocuvnk	泞
ocuvvg	泟
ocuvlk	泠
ocuvbc	泡
ocuvpi	波
ocuvli	泣
ocuvyi	泤
ocuvni	泥
ocuvyt	泧
ocuvvu	注
ocuvug	泩
ocuvmu	泪
ocuvxr	泫
ocuvxt	泬
ocuvfu	泭
ocuvbj	泮
ocuvmb	泯
ociyuv	泰
ocuvyh	泱
ocuvzi	泲
ocuvys	泳
ocuvmb	泴
ocuiuv	泵
ocuvls	泷
ocuvlu	泸
ocuvdj	泹
ocuvle	泺
ocuvxp	泻
ocuvfa	泼
ocuvgf	泿
ocuvvz	洀
ocuvji	洁
ocuvyi	洂
ocuvhv	洃
ocuvhv	洄
ocuvzd	洅
ocuvig	洆
ocuvyb	洇
ocuvww	洈
ocuvhz	洉
ocuvcy	洊
ocuvyh	洋
ocuvlp	洌
ocuvif	洍
ocuvzi	洎
ocuver	洏
ocuvxk	洐
ocuvfu	洑
ocuvxi	洒
ocuvci	洓
ocuvsi	洔
ocuvwu	洖
ocuvxm	洗
ocuvkc	洘
ocuvvu	洙
ocuvjl	洚
ocuvge	洛
ocgeuv	洜
ocuvan	洝
ocuvts	洞
ocuvyi	洟
ocuvmz	洠
ocuvlw	洡
ocuvyi	洢
ocuvmi	洣
ocuvqr	洤
ocuvyu	津
ocuvbd	洦
ocuvyz	洧
ocuvjn	洨
ocuvye	洩
ocuvgs	洪
ocuvxt	洫
ocuvsu	洬
ocuvkl	洭
ocuvvc	洮
ocuvju	洰
ocuver	洱
ocuvvz	洲
ocuvru	洳
ocuvbk	洴
ocuvxy	洵
ocuvxs	洶
ocuvvi	洷
ocuvgl	洸
ocuvgf	洹
ocuvmk	洺
ocuvue	活
ocuvgv	洼
ocuvhe	洽
ocuvpd	派
ocuvkx	洿
ocuvqu	浀
ocuvlq	流
ocuvgr	浂
ocuvjx	浃
ocuvvg	浄
ocuvjm	浅
ocuvyc	浇
ocuvvf	浈
ocuvui	浉
ocuvis	浊
ocuvze	测
ocuvfa	浌
ocuvhv	浍
ocuvqi	济
ocuvlq	浏
ocuvij	浐
ocuvjy	浑
ocuvxu	浒
ocuvns	浓
ocuvxy	浔
ocuvjb	浕
ocuvqq	浗
ocuvww	浘
ocuvve	浙
ocuvqy	浚
ocuvhj	浛
ocuvbk	浜
ocuvls	浝
ocuvzu	浞
ocuvyz	浟
ocuvxi	浠
ocuvbo	浡
ocuvdz	浢
ocuvwj	浣
ocuvhs	浤
ocuvyi	浥
ocuvfu	浦
ocuvig	浧
ocuvss	浨
ocuvgc	浩
ocuvll	浪
ocuvhj	浫
ocuvli	浬
ocuvgg	浭
ocuvfu	浮
ocuvwu	浯
ocuvli	浰
ocuvif	浱
ocuvfg	浲
ocuvgu	浴
ocuvts	浵
ocuvlc	浶
ocuvmw	海
ocuvjx	浹
ocuvis	浺
ocuvjs	浻
ocuvmm	浼
ocuvto	浽
ocuvii	浾
ocuvbw	浿
ocuvjm	涀
ocuvuj	涁
ocuvyu	涂
ocuvky	涃
ocuvgj	涆
ocuvjk	涇
ocuvxn	消
ocuvbu	涉
ocuvrf	涊
ocuvys	涌
ocuvxn	涍
ocuvyj	涎
ocuvtk	涏
ocuvwo	涐
ocuvuu	涑
ocuvjy	涒
ocuvyr	涓
ocuvcf	涔
ocuvdi	涕
ocuvww	涖
ocuvdv	涗
ocuvyi	涘
ocuvdv	涚
ocuvuz	涛
ocuvlc	涝
ocuvld	涞
ocuvlm	涟
ocuvww	涠
ocuvgo	涡
ocuvyr	涢
ocuvhr	涣
ocuvtn	涤
ocuvhg	涥
ocuvry	润
ocuvjm	涧
ocuvvh	涨
ocuvpz	涪
ocuvgr	涫
ocuvxk	涬
ocuvuz	涭
ocuvux	涮
ocuvvo	涰
ocuvih	涱
ocuvye	液
ocuvks	涳
ocuvwj	涴
ocuvhj	涵
ocuviv	涶
ocuvds	涷
ocuvgu	涸
ocuvww	涹
ocuvju	涺
ocuvue	涻
ocuvjk	涼
ocuvhy	涽
ocuvda	涾
ocuvdk	淀
ocuvqp	淁
ocuvde	淂
ocuvjr	淃
ocuvxi	淅
ocuvyc	淆
ocuvqi	淇
ocuvqu	淈
ocuvgo	淉
ocuvlb	淋
ocuvuh	淌
ocuvvz	淍
ocuvfg	淎
ocuvhc	淏
ocuvih	淐
ocuvuu	淑
ocuvqi	淒
ocuvfh	淓
ocuvvi	淔
ocuvlu	淕
ocuvvo	淖
ocuvzs	淙
ocuvli	淚
ocuvvi	淛
ocuvpg	淜
ocuvfw	淝
ocuvss	淞
ocuvdm	淟
ocuvbi	淠
ocuvyj	淡
ocuvho	淢
ocuver	淣
ocuvyu	淤
ocuvlu	淥
ocuvjb	淦
ocuvmi	淧
ocuvvg	淨
ocuvlk	淩
ocuvly	淪
ocuvzu	淬
ocuvvv	淮
ocuvyu	淯
ocuvnm	淰
ocuvhu	淲
ocuvxl	淳
ocuvhu	淴
ocuvld	淶
ocuvky	混
ocuvyj	淹
ocuvtm	添
ocuvvi	淽
ocjbuv	淾
ocuvbo	淿
ocuvbf	渀
ocuvmb	渂
ocuvro	渃
ocuvfw	渄
ocuvqk	清
ocuvlu	渌
ocuvze	渍
ocbkmd	渎
ocuvqi	渏
ocuvvj	渐
ocuvmm	渑
ocuvbw	渒
ocuvyu	渔
ocuvuf	渖
ocuvcj	渗
ocuvrz	渘
ocuvhr	渙
ocuvve	渚
ocuvxm	減
ocuvyu	渝
ocuvuz	渞
ocuvtk	渟
ocuvdu	渡
ocuvfg	渢
ocuvia	渣
ocuvbo	渤
ocuvwu	渥
ocuvgo	渦
ocuvdi	渧
ocuvww	渨
ocuvwf	温
ocuvyu	渪
ocuvye	渫
ocuvze	測
ocuvww	渭
ocuvke	渮
ocuvxl	港
ocuvhs	渱
ocuvxr	渲
ocuvmi	渳
ocuvhe	渴
ocuvmn	渵
ocuvyk	渶
ocuvhs	渹
ocuvmn	渺
ocuvug	渻
ocuvmw	渼
ocuvzd	渽
ocuvjy	渾
ocuvnd	渿
ocuvgv	湀
ocuvui	湁
ocuvbd	湃
ocuvmw	湄
ocuvjm	湅
ocuvyb	湆
ocuvmz	湈
ocuvtm	湉
ocuvzz	湊
ocuvww	湋
ocuvui	湌
ocuvdr	湍
ocuvye	湏
ocuvbd	湐
ocuvxu	湑
ocuvpf	湓
ocuvqm	湔
ocuvjm	湕
ocuvhu	湖
ocuvfg	湗
ocuvxl	湘
ocuvyi	湙
ocuvyb	湚
ocuvuf	湛
ocuvui	湜
ocuvjp	湝
ocuvvf	湞
ocuvhl	湟
ocuvtj	湠
ocuvyu	湡
ocuvfu	湢
ocuvui	湤
ocuvtu	湥
ocuvxk	湦
ocuvys	湧
ocuvvs	湩
ocuvtr	湪
ocuvqq	湫
ocqquv	湬
ocuvqq	湭
ocuvyh	湯
ocuvyr	湲
ocuvnj	湳
ocuvbk	湴
ocuvqr	湶
ocuviy	湷
ocuvll	湸
ocuvli	湹
ocuvbc	湺
ocuvwj	湾
ocuvxm	湿
ocuvrs	溁
ocuvci	溂
ocuvgv	溃
ocuvjm	溅
ocuvxu	溆
ocuvlz	溇
ocuvww	溈
ocuvji	溉
ocuvxx	溊
ocuvyk	溋
ocuvjb	溍
ocuvgv	溎
ocuvth	溏
ocuvyr	源
ocuvyr	溒
ocuvjm	溓
ocuvgc	溔
ochkui	準
ocuvig	溗
ocuvhe	溘
ocuvtd	溙
ocuvlq	溜
ocuvgz	溝
ocuvzc	溞
ocuvmk	溟
ocuvia	溠
ocuvui	溡
ocuvyi	溢
ocuvly	溣
ocuvma	溤
ocuvsu	溧
ocuvzd	溨
ocuvwu	溩
ocuvxi	溪
ocuvwf	溫
ocuvui	溮
ocuvuo	溯
ocuvqi	溰
ocuvqb	溱
ocuvsz	溲
ocuvyr	溳
ocuviz	溴
ocuvyb	溵
ocuvrs	溶
ocuvsu	溸
ocuvso	溹
ocuvro	溺
ocuvru	溽
ocuvgv	溾
ocuvbj	溿
ocuvxu	滀
ocuviu	滁
ocuvph	滂
ocuvwg	滃
ocuvch	滄
ocuvge	滆
ocuvvf	滇
ocuvgc	滈
ocuvhl	滉
ocuvqi	滊
ocuvzi	滋
ocuvtn	滌
ocuvii	滍
ocuvfu	滏
ocuvjp	滐
ocuvgu	滑
ocuvge	滒
ocuvzd	滓
ocuvyc	滔
ocuvuk	滖
ocuvbi	滗
ocuvyc	滛
ocuvgc	滜
ocuvdd	滞
ocuvyj	滟
ocuvnp	滠
ocuvyk	滢
ocuviy	滣
ocuvlv	滤
ocuvjm	滥
ocuvlr	滦
ocuvxn	滧
ocuvbb	滨
ocuvnj	滩
ocuvyu	滪
ocuvxq	滫
ocuvhu	滬
ocuvbi	滭
ocuvbn	滮
ocuvdd	滯
ocuvjk	滰
ocuvkz	滱
ocuvcj	滲
ocuvuh	滳
ocuvdi	滴
ocuvmi	滵
ocuvao	滶
ocuvlu	滷
ocuvxu	滸
ocuvyz	滺
ocuvij	滻
ocuvfj	滼
ocuvys	滽
ocuvmj	滿
ocuvyu	漁
ocuvpn	漂
ocuvji	漃
ocuvya	漄
ocuvic	漅
ocuvxi	漇
ocuvji	漈
ocuvlu	漉
ocuvlz	漊
ocuvls	漋
ocuvjb	漌
ocuvgo	漍
ocuvcs	漎
ocviuv	漐
ocuvql	漒
ocuvli	漓
ocuvyb	演
ocuvcc	漕
ocuvjn	漖
ocuvvr	漙
ocuvqu	漚
ocuvxi	漝
ocuvmi	漞
ocuvth	漟
ocuvmo	漠
ocuvlm	漣
ocuvqm	漧
ocuvfg	漨
ocuvxr	漩
ocuvyi	漪
ocuvmj	漫
ocuvze	漬
ocuvmh	漭
ocuvkh	漮
ocuvlw	漯
ocuvbg	漰
ocuvvh	漲
ocuvvh	漳
ocuvis	漴
octuwf	漵
ocuvhr	漶
ocuvgo	漷
ocuvvj	漸
ocuvyj	漹
ocuvul	漺
ocuvcv	漼
ocuvxi	漽
ocjluv	漿
ocuvii	潄
ocuvyk	潆
ocuvxn	潇
ocuvky	潉
ocuvlm	潋
ocuvvi	潌
ocuvww	潍
ocuvbi	潎
ocuvjn	潐
ocuvfa	潑
ocuvxl	潒
ocuvhv	潓
ocuvjp	潔
ocuvwu	潕
ocuvpa	潖
ocuvji	潗
ocuvfj	潘
ocuvww	潙
ocuvsu	潚
ocuvti	潜
ocuvlu	潞
ocuvxy	潠
ocuvdy	潡
ocuvhl	潢
ocuvmb	潣
ocuvsu	潥
ocuvln	潦
ocuvzg	潧
ocuvvs	潨
ocuvvi	潪
ocuvdj	潬
ocuvtj	潭
ocuvic	潮
ocuvxy	潯
ocuvgv	潰
ocuvyi	潱
ocuvuc	潲
ocuvtu	潳
ocuvvu	潴
ocuvsj	潵
ocuvhw	潶
ocuvbi	潷
ocuvsf	潹
ocuvij	潺
ocuvuu	潻
ocuvts	潼
ocuvpu	潽
ocuvlb	潾
ocuvww	潿
ocxuuv	澃
ocuvdg	澄
ocuvhx	澅
ocuvyc	澆
ocuvlc	澇
ocuvgj	澉
ocuvzy	澊
ocuvjk	澋
ocuvsi	澌
ocuvpg	澎
ocuvyy	澐
ocuvxl	澒
ocuvfu	澓
ocuvhc	澔
ocuvhx	澕
ocuvxm	澖
ocuvjm	澗
ocuvlu	澛
ocuvlj	澜
ocuvnk	澝
ocuvyu	澞
ocuvmm	澠
ocuvzc	澡
ocuvdh	澢
ocuvgj	澣
ocuvjp	澥
ocuvyu	澦
ocuvlk	澪
ocuvwj	澫
ocuvvi	澬
ocuvys	澭
ocuvhv	澮
ocuvcj	澯
ocuvqm	澰
ocuvdm	澱
ocuvye	澲
ocuvao	澳
ocuvxb	澵
ocuvdj	澶
ocuvgj	澸
ocuvvj	澹
ocuvyi	澺
ocuvsv	澻
ocuvpi	澼
ocuvda	澾
ocuvjb	澿
ocuvjn	激
ocuvuu	濁
ocuvlm	濂
ocuvns	濃
ocuvgo	濄
ocuvbf	濆
ocuvse	濇
ocuvji	濈
oclwvv	濉
ocuvsv	濊
ocuviu	濋
ocvsda	濌
ocuvcs	濍
ocuvdk	濎
ocuvse	濏
ocuvuu	濐
ocuvld	濑
ocuvpb	濒
ocuvlm	濓
ocuver	濔
ocuvuu	濖
ocuvmu	濗
ocuvnk	濘
ocuvrs	濚
ocuvmg	濛
ocuvjb	濜
ocuvqi	濝
ocuvbi	濞
ocuvqi	濟
ocuvhc	濠
ocuvxu	濡
ocuvcv	濢
ocuvuz	濤
ocuvdv	濧
ocuvci	濨
ocuvho	濩
ocuvjm	濫
ocuvrv	濬
ocuvvd	濯
ocuvww	濰
ocuvbb	濱
ocuvgu	濲
ocuvyk	濴
ocuvmj	濷
ocuvch	濸
ocuvjm	濺
ocuvle	濼
ocuvlv	濾
ocuvwj	濿
ocuvyz	瀀
ocuvyh	瀁
ocuvlu	瀂
ocuvci	瀃
ocuvjp	瀄
ocuvyk	瀅
ocuvmd	瀆
ocuvgl	瀇
ocuvxp	瀉
ocuvmp	瀎
ocuvlq	瀏
ocuvbc	瀑
ocuvvg	瀓
ocuvpb	瀕
ocuvho	瀖
ocuvxm	瀗
ocuvlu	瀘
ocuvqb	瀙
ocuvhj	瀚
ocuvrs	瀜
ocuvli	瀝
ocuvjk	瀞
ocuvxn	瀟
ocuvyk	瀠
ocuvsv	瀡
ocuvyi	瀢
ocuvvu	瀦
ocuvls	瀧
ocuvld	瀨
ocuvtu	瀩
ocmbqr	瀪
ocuvld	瀬
ocuvuu	瀭
ocuvlb	瀮
ocuvyk	瀯
ocuvmi	瀰
ocuvlm	瀲
ocuvyj	瀳
ocuvyk	瀴
ocuvlb	瀶
ocuvyi	瀷
ocuvly	瀹
ocuvdd	瀻
ocuvxl	瀼
ocuvjm	瀽
ocuvlj	瀾
ocuvfj	瀿
ocuvul	灀
ocuvjt	灂
ocuvfg	灃
ocuvnp	灄
ocuvlj	灆
ocuvqu	灈
ocuvqt	灍
ocuvhc	灏
ocuvyk	灐
ocuvli	灑
ocuvzj	灒
ocuvli	灕
ocuvmi	灖
ocuvnj	灘
ocuvdh	灙
ocuvjt	灚
ocuvij	灛
ocuvyk	灜
ocuvba	灞
ocuvuu	灟
ocuvlj	灠
ocuvnh	灢
ocuvwj	灣
ocuvlr	灤
ocuvxm	灦
ocuvyj	灧
ocuvgj	灨
ocbarf	火
ochgho	灭
ochoer	灮
ochodk	灯
ocuiho	灰
ochodc	灱
ochodc	灲
ocbcho	灳
ochogs	灴
ocxtho	灵
ochotu	灶
ochocc	灷
ocjqho	灸
ochoto	灹
ochoye	灺
octuho	灻
ochouc	灼
ocirho	災
ocbcho	灾
ochouj	灿
ochoyi	炀
ocjiho	炁
ochogs	炂
ocffho	炃
ochoiz	炄
ocriho	炅
ochowf	炆
ochowf	炇
ochouu	炈
ochohu	炉
ochoqm	炊
ochobu	炋
ochojp	炌
ochofj	炍
ochoho	炎
ochoho	炏
ochofg	炐
ochomu	炑
ochouc	炒
ochodz	炓
ochogk	炔
ochokh	炕
ochoty	炖
ocnmho	炗
ochojb	炘
ocriho	炚
ochohx	炛
ochoww	炜
ochoch	炝
ochobm	炞
ochodj	炟
ochojx	炠
ochovg	炡
ochouu	炢
ochoke	炣
ochovc	炤
ochofu	炥
ochoba	炦
ochota	炨
ocholk	炩
ochoiu	炪
ochoxr	炫
ochoju	炬
ocujhv	炭
ochobc	炮
ochojs	炯
ocbcho	炰
octdho	炱
ochotd	炲
ochobk	炳
ochoyh	炴
ochods	炵
ochovj	炶
ochovu	炷
ochova	炸
ocvjho	点
ochoui	炻
ochovi	炽
ochoxs	炾
ochohu	烀
ochole	烁
ocholj	烂
ochojn	烄
ochoxt	烅
ochoxk	烆
ochoqr	烇
oclpho	烈
ochoyh	烊
ocxqho	烋
ochoxq	烌
ochoxm	烍
ockdho	烎
ocwuho	烏
ochovz	烐
ochovc	烑
ochoui	烒
ochogv	烓
ochots	烔
ocwump	烕
ochohd	烗
ochogs	烘
ochoge	烙
ochohe	烚
ochois	烛
ochogf	烜
ochopu	烞
ochoyb	烟
ochoyz	烠
ochogs	烡
ochovd	烢
ochohv	烣
ochokc	烤
ochoif	烥
ochoye	烦
ochoyc	烧
ochohx	烨
ochohv	烩
ochogr	烪
octhho	烫
ochojb	烬
ocviho	热
oclpho	烮
ochoxi	烯
ochofu	烰
ochojs	烱
ocveho	烲
ochofu	烳
ochojk	烴
ochouc	烵
ochotk	烶
ochowj	烷
ochomw	烸
ochgho	烹
ocholl	烺
ochoyj	烻
ochoui	烼
ochofg	烽
ocyjtu	烾
ochots	烿
ochogu	焀
ocivho	焁
ocyzho	焂
ochoii	焃
ocjyho	焄
ochogc	焅
ochoyr	焆
ochoxn	焇
ochohj	焊
ocvlho	焋
ochoqy	焌
ochodi	焍
ocveho	焎
ochowu	焐
ochoky	焑
ocholv	焒
ochohj	焓
ochohr	焕
ochomf	焖
ochoju	焗
ocuzho	焘
ochopz	焙
oclbho	焚
ocmfho	焛
ochoky	焜
ochohy	焝
ochoxl	焞
ochoxi	焟
ochozu	焠
ochoks	焢
ocquho	焣
ocfuho	焤
ochowj	焥
ocvvho	焦
ochopg	焩
ochoqs	焪
ochorv	焫
ochoyi	焬
ochoxb	焮
ochovo	焯
ochoye	焲
ochovv	焳
ochoyu	焴
ochogh	焵
ochobw	焷
ochowh	焹
ochoug	焺
ochoih	焻
ocmkho	焽
ochonm	焾
ochogg	焿
ochoqu	煀
ochouf	煁
ochoge	煂
ochokv	煃
ochovs	煄
ochodr	煅
ochoxx	煆
ochojy	煇
ochofg	煈
ochojm	煉
ochoxr	煊
ochoxk	煋
ochohl	煌
ochoqq	煍
ocqmho	煎
ochofu	煏
ochoyk	煐
ocveho	煑
ochoww	煒
ochodr	煓
ocyjvj	煔
ochoyr	煖
ochoxm	煘
ochoyu	煜
ochomw	煝
ochoww	煟
ochoye	煠
ochojm	煡
ochorz	煣
ochomz	煤
ochohr	煥
ocvcho	照
ochoww	煨
ochoye	煩
ochoqq	煪
ochosv	煫
ochoyh	煬
ocveho	煮
ochojp	煯
ochopb	煰
ochogo	煱
ocbcho	煲
ochohu	煳
ochowf	煴
ochonj	煵
ochoui	煶
ocholl	煷
ochobm	煸
ochogz	煹
ochotv	煺
ochoth	煻
ochoiu	煼
ochouj	煽
ochoen	煾
ochovr	煿
ochohl	熀
ochoqi	熂
ocwuho	熃
ochoxi	熄
ochowf	熅
ochohe	熆
ochogc	熇
ochoyr	熉
ocngho	熊
ocngho	熋
ochouj	熌
ochogs	熍
ochoyc	熎
ocqmhw	熏
ochomk	熐
ochojm	熑
ochowu	熓
ochors	熔
ochogs	熕
ochoyc	熖
ochoch	熗
ocholq	熘
ochobi	熚
ochopn	熛
ocholu	熝
ochojm	熞
ocuuho	熟
ochoyu	熠
ocholz	熡
ochofg	熢
ochocv	熣
ochoyi	熤
ochots	熥
ochoqt	熦
occsho	熧
ocwwho	熨
ochohu	熩
ochoyi	熪
ochouu	熫
ocaoho	熬
ochvho	熭
ochoqu	熰
ochomj	熳
ochoky	熴
ochouh	熵
ochozv	熶
ochozg	熷
ocxiho	熹
ochoxi	熺
ochosu	熽
ochohl	熿
ochodj	燀
ochohx	燁
ochotj	燂
ochorj	燃
ocluyj	燅
ochoqn	燆
ochozy	燇
ochodg	燈
ochody	燉
ocyjmu	燊
ochojn	燋
ochobf	燌
ochosi	燍
ocholn	燎
ocholb	燐
ochots	燑
ochoyc	燒
ochofj	燔
ochoxy	燖
ochoxm	燗
ochomb	燘
octhho	燙
ocyjyj	燚
ochomf	燜
ochojk	燝
ochoao	燠
ochowj	燤
ochozc	燥
ochocj	燦
ochosv	燧
ochoyi	燨
ochojn	燩
ochocs	燪
ocholm	燫
ochohv	燬
ochouu	燭
ocholk	燯
ochoai	燰
ochoyi	燱
ochovc	燳
ochohv	燴
ochoda	燵
ochons	燶
ochoxu	燸
ochoxy	燻
ochojb	燼
ochouz	燽
ocuzho	燾
ochovd	燿
ochohe	爀
ochojm	爁
ochors	爃
ochowj	爄
ochomo	爅
ochobc	爆
occcre	爇
ocholv	爈
ochogl	爌
ochole	爍
ocholn	爎
ocholi	爏
ocholu	爐
ochojn	爑
ocviln	爒
ochoyi	爔
ochols	爖
ochocj	爘
ochoxl	爙
ocholj	爛
ochojt	爝
ochois	爞
ochoqu	爠
ocmiho	爢
ochodh	爣
ochouu	爥
ocholj	爦
ocholk	爧
ocppxk	爫
ocvxba	爬
ocvxbc	爮
ocvxrj	爯
ocwwln	爳
ocgovx	爴
ocbaia	父
ocfuer	爷
ocfuba	爸
ocfudo	爹
ocfuye	爺
ociaia	爻
ocycqp	爼
ocpjmu	牀
ocpjke	牁
ocpjyh	牂
ocpjye	牃
ocpjch	牄
ocpjys	牅
ocpjse	牆
ocpmfj	版
ocpmbj	牉
ocpmvc	牊
ocpmbw	牌
ocpmmd	牍
ocpmyu	牏
ocpmbm	牑
ocpmye	牒
ocpmph	牓
ocpmvr	牔
ocpmys	牗
ocpmmd	牘
ocuhya	牚
ocrfui	牛
ocnqbi	牝
ocnqli	牞
ocsinq	牟
ocnqye	牠
ocnqtu	牡
ocbcnq	牢
ocnqrf	牣
ocnqwh	牤
ocnqfh	牥
ocnqmc	牦
ocnqwf	牧
ocnqkh	牨
ocnqwu	物
ocnqnq	牪
ocnqge	牫
ocnqzi	牬
ocnqsi	牭
ocddnq	牮
ocnqgu	牯
ocnqyz	牰
ocnqke	牱
ocnqug	牲
ocnqmu	牳
ocnqdi	牴
ocjrnq	牶
ocnqqr	牷
ocnqzi	牸
ocnqsi	特
ocnqxi	牺
ocnqls	牻
ocnqjk	牼
ocnqwu	牾
ocnqgc	牿
oclinq	犁
ocnqpz	犃
ocnqqi	犄
ocnqgh	犅
ocnqvi	犆
ocnqjr	犈
ocnqxl	犉
ocnqmd	犊
ocnqju	犋
ocnqxx	犌
ocnqjm	犍
ocfgnq	犎
ocnqbm	犏
ocnqke	犐
ocnqgc	犒
ocnqiu	犓
ocnqqi	犔
ocnqhd	犗
ocmanq	犘
ocnqcj	犙
ocwwnq	犚
ocnqdy	犜
ocnqts	犝
ocnqqn	犞
ocqlnq	犟
ocnqyi	犠
ocnqwj	犡
ocnqmd	犢
ocnqbc	犦
ocnqyi	犧
ocwwnq	犩
ocdadm	犬
ocyzdm	犮
ocqree	犯
ocqrjq	犰
ocqrwj	犱
ocqrcd	犲
ocqruc	犳
ocqrgj	犴
ocqrqi	犵
ocjlqr	状
ocqrgl	犷
ocqrma	犸
ocqryz	犹
ocqrkh	犺
ocqrfu	犻
ocqrks	犼
ocqrya	犽
ocqrqr	犾
ocqrbm	犿
ocpjqr	狀
ocqryy	狁
ocqrwh	狂
ocqriz	狃
ocqrho	狄
ocqrrf	狅
ocqrvs	狆
ocqrmu	狇
ocqrbw	狈
ocqrpi	狉
ocmuqr	狊
ocqrui	狋
ocqrug	狌
ocqrbc	狍
ocqrjx	狎
ocqrgx	狐
ocqrlk	狑
ocqrfu	狒
ocqrpi	狓
ocqrni	狔
ocqryz	狕
ocqrxt	狖
ocqrju	狗
ocqryt	狘
ocqrqp	狙
ocqrdj	狚
ocqrbd	狛
ocqrgu	狜
ocqrer	狝
ocqrnk	狞
ocqrgf	狟
ocqrgf	狠
ocqrjn	狡
ocqrge	狢
ocqrvc	狣
ocqrji	狤
ocqrxy	狥
ocqrue	狧
ocqrrs	狨
ocqruz	狩
ocqrts	狪
ocqrlc	狫
ocqris	独
ocqrjx	狭
ocqrui	狮
ocqrhv	狯
ocqrvg	狰
ocqrsy	狲
ocqryu	狳
ocqrls	狵
ocqrxi	狶
ocqryr	狷
ocqrli	狸
ocqrjx	狹
ocqryj	狺
ocqrqy	狻
ocqrll	狼
ocqrbw	狽
ocqrve	狾
ocqryj	狿
ocqrua	猀
ocqrli	猁
ocqrhj	猂
ocqrqm	猃
ocqrjk	猄
ocqrfw	猅
ocfwqr	猆
ocqrhu	猇
ocqrbw	猈
ocqrqi	猉
ocqrer	猊
ocldqr	猌
ocqrld	猍
ocqrxi	猎
ocqrjm	猏
ocqrql	猐
ocqrky	猑
ocqrgo	猓
ocqrzs	猔
ocqrmi	猕
ocqrih	猖
ocqrqi	猗
ocqrvi	猘
ocqrvg	猙
ocqrvv	猚
ocqrmg	猛
ocqrqk	猜
ocqrzu	猝
ocqrue	猞
ocqrdm	猠
ocqrlo	猡
ocqrhu	猢
ocqrgv	猤
ocqrww	猥
ocqrfg	猦
ocqrgo	猧
ocqryr	猨
ocqrxk	猩
ocqrve	猪
ocqrmn	猫
ocqrww	猬
ocqrtr	猭
ocnjqr	献
ocqrdr	猯
ocqrqi	猰
ocqrrz	猱
ocqrhe	猲
ocqrxx	猳
ocqrhz	猴
ocqrbm	猵
ocqrqq	猶
ocqqqr	猷
ocqrmw	猸
ocqria	猹
ocqrsy	猻
ocqrvr	猼
ocqrmk	猽
ocqrgu	猾
ocqryr	猿
ocqrsz	獀
ocqrma	獁
ocqryr	獂
ocqiqr	獃
ocqrui	獅
ocqrgc	獆
ocqryi	獈
ocqrqb	獉
ocqrch	獊
ocqrmj	獌
ocqrjk	獍
ocjlqr	獎
ocqrmo	獏
ocqrvh	獐
ocqrvj	獑
ocaoqr	獒
ocqrao	獓
ocqrcv	獕
ocqrbf	獖
ocqrjt	獗
ocbiqr	獘
ocqrbi	獙
ocqrhl	獚
ocqrlb	獜
ocqrts	獞
ocqryc	獟
ocqrln	獠
ocqrqn	獢
ocqrdy	獤
ocqrjn	獥
ocqrge	獦
ocqruu	獨
ocqrsv	獩
ocqrhv	獪
ocqrqm	獫
ocqrjp	獬
ocqrld	獭
ocqrer	獮
ocqrxy	獯
ocqrnk	獰
ocqrbb	獱
ocqrho	獲
ocqrxu	獳
ocqrmg	獴
ocqryz	獶
ocqrgl	獷
ocuzqr	獸
ocqrlu	獹
ocqrld	獺
ocqrmi	獼
ocqrxl	獽
ocqrlo	玀
ocqryj	玁
ocwfyc	玄
ocxruc	玅
ocxrxr	玆
ocwhdm	玉
ocwhdm	玊
ochgtu	王
ocwhve	玌
ocppwh	玍
ocwhdk	玎
ocwhli	玏
ocwhba	玐
ocwhji	玑
ocwhgd	玒
ocwhuc	玓
ocwhir	玔
ocwhgj	玕
ocwhjq	玖
ocwhyu	玗
ocwhji	玘
ocwhyu	玙
ocwhyi	玚
ocwhma	玛
ocwhgs	玜
ocwhwu	玝
ocwhfu	玞
ocwhwf	玟
ocwhjp	玠
ocwhya	玡
ocwhff	玢
ocwhbm	玣
ocwhfg	玤
ocwhyt	玥
ocwhgk	玦
ocwhyy	玧
ocwhwh	玨
ocwhyr	玩
ocwhjb	玪
ocwhwf	玫
ocwhdj	玬
ocwhbi	玭
ocwhww	玮
ocwhbu	环
ocwhjm	现
ocwhch	玱
ocwhlk	玲
ocwhdd	玳
ocwhui	玴
ocwhgj	玵
ocwhpk	玶
ocwhvj	玷
ocwhbc	玸
ocwhxr	玹
oceryu	玺
ocwhpi	玻
ocwhci	玼
ocwhju	玽
ocwhjx	玾
ocwhvc	玿
ocwhbd	珀
ocwhwa	珁
ocwhke	珂
ocwhrj	珃
ocwhug	珄
ocwhuf	珅
ocwhtd	珆
ocwhqp	珇
ocwhjx	珈
ocwhmb	珉
ocwhce	珊
ocwhmc	珋
ocwhbi	珌
ocwhvf	珍
ocwher	珎
ocwhyu	珏
ocwhqu	珐
ocwhls	珑
ocwhyu	珒
ocwhjn	珓
ocwhcy	珔
ocwhgl	珖
ocwhxm	珗
ocwhvz	珘
ocwhgs	珙
ocwhyb	珚
ocwhyz	珛
ocwhyh	珜
ocwhyu	珝
ocwhge	珞
ocwhsu	珟
ocwhvu	珠
ocwhgf	珢
ocwhxy	珣
ocwhfz	珤
ocwher	珥
ocwhxl	珦
ocwhvc	珧
ocwhhe	珨
ocwhxk	珩
ocwhgv	珪
ocwhis	珫
ocwhxu	珬
ocwhlc	珯
ocwhdh	珰
ocwhjy	珲
ocwhwo	珴
ocwhig	珵
ocwhdi	珶
ocwhbb	珷
ocwhwu	珸
ocwhig	珹
ocwhjy	珺
ocwhmw	珻
ocwhbw	珼
ocwhtk	珽
ocwhjm	現
ocwhzu	珿
ocwhhj	琀
ocwhyj	琂
ocwhqq	球
ocwhyr	琄
ocwhll	琅
ocwhli	理
ocwhxq	琇
ocwhfu	琈
ocwhlq	琉
ocwhxp	琊
ocwhxi	琋
ocwhcf	琌
ocwhli	琍
ocwhjb	琎
ocwhlm	琏
ocwhxn	琑
ocwhfg	琒
ocwhwj	琓
ocwhdk	琔
ocwhbw	琕
ocwhzu	琗
ocwhhy	琘
ocwhho	琙
ocwhju	琚
ocwhld	琜
ocwhmb	琝
ocmkyu	琞
ocwhvv	琟
ocwhdm	琠
ocwhuu	琡
ocwhpz	琣
ocwhvg	琤
ocwhhu	琥
ocwhqi	琦
ocyayu	琧
ocwhky	琨
ocwhih	琩
ocwhqi	琪
ocwhfg	琫
ocwhwj	琬
ocwhlu	琭
ocwhzs	琮
ocwhgr	琯
ocwhyj	琰
ocwhvz	琱
ocwhfw	琲
ocwhlb	琳
ocwhql	琷
ocwhvo	琸
ocwhfa	琺
ocwhjb	琻
ocwhjk	琼
ocwhve	琽
ocwhjp	琾
ocwhjy	琿
ocwhyu	瑀
ocwhmc	瑁
ocwhmw	瑂
ocwhiy	瑃
ocwhxr	瑄
ocwhui	瑅
ocwhxk	瑆
ocwhdu	瑇
ocwhrz	瑈
ocwhxm	瑊
ocwhww	瑋
ocwhhr	瑍
ocwhjp	瑎
ocwhir	瑏
ocwhqm	瑐
ocwhtr	瑑
ocwhyh	瑒
ocwhjm	瑓
ocwhqr	瑔
ocwhxx	瑕
ocwhdr	瑖
ocwhyr	瑗
ocwhye	瑘
ocwhhu	瑚
ocwhyk	瑛
ocwhyu	瑜
ocwhhl	瑝
ocwhdr	瑞
ocwhlq	瑠
ocwhui	瑡
ocwhrs	瑢
ocwhwf	瑥
ocwhwu	瑦
ocwhqb	瑧
ocwhjb	瑨
ocwhma	瑪
ocwhyc	瑫
oclqyu	瑬
ocwhth	瑭
ocwhsu	瑮
ocwhlh	瑯
ocwhgv	瑰
ocwhvf	瑱
ocwhch	瑲
ocwhia	瑳
ocwhzc	瑵
ocwhai	瑷
ocwhbb	瑸
ocwhtu	瑹
ocwhih	瑺
ocwhgr	瑻
ocwhvr	瑼
ocwhcs	瑽
ocwhjb	瑾
ocwhcv	璀
ocwhji	璂
ocwhli	璃
ocwhjk	璄
ocwhic	璅
ocwhxr	璇
ocwhao	璈
ocwhlm	璉
ocwhmj	璊
ocwhvh	璋
ocwhyb	璌
ocwhhx	璍
ocwhyk	璎
ocwhlu	璐
ocwhwu	璑
ocwhdg	璒
ocwhzg	璔
ocwhxy	璕
ocwhqu	璖
octhyu	璗
ocwhlb	璘
ocwhln	璙
ocwhsu	璛
ocwhhl	璜
ocwhgv	璝
ocwhjk	璟
ocwhfj	璠
ocwhjb	璡
ocwhji	璣
ocwhhv	璤
ocwhjk	璥
ocwhai	璦
ocpiyu	璧
ocwhzc	璪
ocwhdh	璫
ocwhyy	璭
ocwhhv	璯
ocwhse	璱
ocwhsv	璲
ocwhiu	璴
ocwhyu	璵
ocwhjb	璶
ocwhfu	璷
ocwhbb	璸
ocwhuz	璹
ocwhcv	璻
ocwhjm	璼
oceryu	璽
ocwhqi	璾
ocwhrv	璿
ocwhxu	瓀
ocwhho	瓁
ocwhmd	瓄
ocwhle	瓅
ocwhvi	瓆
ocwhyz	瓇
ocwhli	瓈
ocwhui	瓋
ocwhsv	瓍
ocwhld	瓎
ocwhls	瓏
ocwhlu	瓐
ocwhli	瓑
ocwhzj	瓒
ocwhlj	瓓
ocwhyk	瓔
ocmiyu	瓕
ocwhxl	瓖
ocwhtc	瓙
ocwhzj	瓚
ocwhxm	瓛
ocgxuc	瓝
ocgxui	瓞
ocgxbc	瓟
ockxgx	瓠
ocxkgx	瓡
ocpngx	瓢
ocxlgx	瓤
ocwaui	瓧
ocgswa	瓨
ocwaqm	瓩
ocwafj	瓪
ocffwa	瓫
ocfhwa	瓬
ocybwa	瓭
ocgswa	瓮
ocquwa	瓯
ocwaff	瓰
ocwamc	瓱
ocwaty	瓲
ocguwa	瓳
oclkwa	瓴
octdwa	瓵
ocbkwa	瓶
occiwa	瓷
ocwabd	瓸
ocyrwa	瓹
ocihwa	瓺
ocxiwa	瓻
ocwali	瓼
ocuhwa	瓽
ocwwwa	瓾
ocpzwa	瓿
ocivwa	甀
ocbmwa	甂
ocqqwa	甃
ocwali	甅
ocziwa	甆
ocnpwa	甈
ocjmwa	甉
oclzwa	甊
ocdiwa	甋
ocquwa	甌
ocvrwa	甎
ocpgwa	甏
oclbwa	甐
oczgwa	甑
ocwuwa	甒
ocpiwa	甓
ocvjwa	甔
ocyswa	甕
ocnmhg	甘
ocyigj	甙
ocqive	甚
ocgjue	甛
ocuegj	甜
ochugj	甝
ocuhgj	甞
ocppfg	生
ocriug	甠
ocugug	甡
ocijug	産
ocuiug	甤
ocugnj	甥
ocggug	甦
ocytuu	用
ocytve	甩
ocppys	甪
ocsiys	甬
ocbuys	甭
ocwuys	甮
ocklui	田
ocriuu	由
ocriuu	甲
ocriuu	申
ocriuu	甴
ocrive	电
ocpptm	甶
octmli	男
ocbctm	甸
ocyzqn	甹
octmdk	町
octmdk	甼
octmir	甽
ocirtm	甾
octmwh	甿
octmqi	畀
ocyzqi	畁
octmjq	畂
ocufuc	畃
ocxktm	畄
ocufyi	畅
ocmusi	畆
octmyy	畇
octmfj	畈
octmfu	畉
octmjk	畊
octmwf	畋
octmjp	界
octmjp	畍
octmqr	畎
ochotm	畑
ocmurf	畒
ocuvtm	畓
octmbj	畔
octmtm	畕
octmgx	畖
ocdmfu	畗
octmrj	畘
ocmctm	留
ocsiff	畚
octmvf	畛
ocxrtm	畜
ocmujq	畝
ocbdtm	畠
octmhd	畡
ochetm	畣
octmsi	畤
octmge	略
octmgv	畦
octmge	畧
ocmitm	畨
octmyi	畩
ocbmtm	番
ocyutm	畬
octmyu	畭
octmmw	畮
octmqy	畯
octmgs	異
ocuetm	畲
octmuz	畴
ocyuhx	畵
ocuhtm	當
octmvo	畷
octmqi	畸
octmwj	畹
octmyh	畼
octmvs	畽
octmts	疃
octmlb	疄
octmjl	疅
octmuz	疇
ocvezz	疋
ocpidj	疍
ocglbk	疒
ocbknd	疓
ocbkdk	疔
ocbkbi	疕
ocbker	疖
ocbkln	疗
ocbkgs	疘
ocbkqi	疙
ocbkjq	疚
ocbkcy	疛
ocbkxx	疜
ocbkuj	疝
ocbkkv	疞
ocbkxt	疟
ocbkwj	疠
ocbkyi	疡
ocbkho	疢
ocbkls	疣
ocbkba	疤
ocbkjp	疥
ocbkgk	疦
ocbkui	疧
ocbkya	疨
ocbkbi	疪
ocbkuu	疫
ocbkli	疬
ocbkcs	疭
ocbkch	疮
ocbkfg	疯
ocbkvu	疰
ocbkbc	疱
ocbkpi	疲
ocbkgj	疳
ocbkke	疴
ocbkci	疵
ocbkui	疶
ocbkdi	疷
ocbkdj	疸
ocbkvf	疹
ocbkfj	疺
ocbkvi	疻
ocbkds	疼
ocbkqp	疽
ocbkui	疾
ocbkfu	疿
ocbkju	痀
ocbkvj	痁
ocbkjx	痂
ocbkxr	痃
ocbkva	痄
ocbkbk	病
ocbkni	痆
ocbkvg	症
ocbkys	痈
ocbkqr	痊
ocbkis	痋
ocbkts	痌
ocbkyi	痍
ocbkhd	痎
ocbkyz	痏
ocbkhv	痐
ocbkdo	痑
ocbkyh	痒
ocbkvi	痓
ocbksi	痔
ocbkgf	痕
ocbkya	痖
ocbkmw	痗
ocbkdz	痘
ocbkjk	痙
ocbkxn	痚
ocbkys	痛
ocbktu	痜
ocbkls	痝
ocbkfz	痞
ocbkxn	痟
ocbkqy	痠
ocbkfu	痡
ocbkli	痢
ocbkvi	痣
ocbkzo	痤
ocbkdv	痥
ocbkwu	痦
ocbkua	痧
ocbklc	痨
ocbkhr	痪
ocbkxm	痫
ocbkyi	痬
ocbkpg	痭
ocbkih	痮
ocbkgr	痯
ocbkyj	痰
ocbkfw	痱
ocbklb	痳
ocbkvi	痴
ocbkji	痵
ocbkdm	痶
ocbkyj	痷
ocbkvi	痸
ocbkbi	痹
ocbkbw	痺
ocbkhy	痻
ocbkgu	痼
ocbkvv	痽
ocbkaa	痾
ocbkww	痿
ocbkyu	瘀
ocbkzu	瘁
ocbkya	瘂
ocbkxi	瘄
ocbkdj	瘅
ocbkcj	瘆
ocbkvs	瘇
ocbkqi	瘈
ocbkyu	瘉
ocbkhz	瘊
ocbkfg	瘋
ocbkci	瘌
ocbkyh	瘍
ocbkuf	瘎
ocbkve	瘏
ocbkyu	瘐
ocbkgo	瘑
ocbkjy	瘒
ocbkhr	瘓
ocbkku	瘔
ocbkxx	瘕
ocbkyb	瘖
ocbklz	瘘
ocbkzc	瘙
ocbkxi	瘜
ocbkwf	瘟
ocbkji	瘠
ocbkch	瘡
ocbkbj	瘢
ocbkgv	瘣
ocbklq	瘤
ocbkia	瘥
ocbksz	瘦
ocbknt	瘧
ocbkvf	瘨
ocbknj	瘫
ocbkvh	瘬
ocbkpn	瘭
ocbkcj	瘮
ocbkzu	瘯
ocbklw	瘰
ocbkcs	瘲
ocbkvh	瘴
ocbkji	瘵
ocbkii	瘷
ocbkdn	瘹
ocbklz	瘻
ocbkmo	瘼
ocbkjb	瘽
ocbkyb	瘾
ocbkyk	瘿
ocbkhl	癀
ocbkfu	癁
ocbkln	療
ocbkls	癃
ocbkjn	癄
ocbklc	癆
ocbkxm	癇
ocbkfa	癈
ocbkdj	癉
ocbkyb	癊
ocbkee	癋
ocbkbj	癍
ocbkjm	癎
ocbkhv	癐
ocbkns	癑
ocbkyu	癒
ocbkww	癓
ocbkyi	癔
ocbkys	癕
ocbkpi	癖
ocbklw	癗
ocbkwj	癘
ocbkuu	癙
ocbkvj	癚
ocbkdm	癜
ocbkld	癞
ocbkqi	癠
ocbkyi	癡
ocbkyh	癢
ocbkxm	癣
ocbkjp	癤
ocbkvg	癥
ocbkmo	癦
ocbkli	癧
ocbkho	癨
ocbkld	癩
ocbkji	癪
ocbkdm	癫
ocbkxm	癬
ocbkyk	癭
ocbkyb	癮
ocbkqu	癯
ocbknj	癱
ocbkdm	癲
ocbklw	癳
ocdggj	癷
ocdgtm	癸
ocdguu	癹
ocdgdz	登
ocppri	白
ochgbd	百
ocbdve	癿
ocbdbi	皀
ocbdui	皁
ocbdqi	皂
ocbder	皃
ocbduc	的
ocbdba	皅
ocbibd	皆
ocbdwh	皇
ocbdfj	皈
ocbdci	皉
ocbdlk	皊
ocbdbf	皋
ocbdmo	皌
ocbdjn	皎
ocbdbk	皏
ocbdqi	皑
ocbdwo	皒
ocbdgc	皓
ocbdhj	皔
ocbdbd	皕
ocbdwj	皖
ocbdvz	皗
ocbdqk	皘
ocxibd	皙
ocbdqi	皚
ocbdgc	皜
ochlgl	皝
ocbdgc	皞
ocbdze	皟
ocbdcv	皠
ocbdyc	皢
ocbdhx	皣
ocbdfj	皤
ocbdjn	皦
ocbdai	皧
ochlhl	皩
ocbdle	皪
ocbdho	皬
ocbdjt	皭
ocpigj	皯
ocpibc	皰
ociupi	皱
ocjypi	皲
ocqqpi	皳
ocqypi	皴
ocxipi	皵
ociapi	皶
ocjypi	皸
ocpijy	皹
ocyipi	皼
ocdjpi	皽
ocmdpi	皾
ocbumb	盀
ocndmb	盁
ocyumb	盂
ocbumb	盃
ocdnmb	盄
ocvsmb	盅
ocffmb	盆
octdmb	盇
ochemb	盉
ocbamb	盋
ocwjmb	盌
ocqumb	盍
ocyhmb	盎
ocjmmb	盏
ochemb	盒
ochvmb	盔
ocyhmb	盖
occimb	盗
ocvzmb	盘
ocfumb	盙
ocqqmb	盚
ocigmb	盛
oclumb	盝
ocmkmb	盟
octrmb	盠
ocbjmb	盤
ocxumb	盨
octhmb	盪
ockler	目
ocmudk	盯
ocmugj	盰
ocmuyu	盱
ocwhmu	盲
ocmuwh	盳
ocuiqp	直
ocmuqi	盵
ocmuyr	盶
ocmuyy	盷
ocmumu	相
ocmuty	盹
ocmujb	盺
ocmuxi	盻
ocmuff	盼
ocmufg	盽
ocmuwf	盿
ocmuyt	眀
ocucmu	省
ocmuui	眂
ocmuyy	眃
ocmumm	眄
ocmufj	眅
ocmufh	眆
ocmuuc	眇
ocmuyb	眈
ocmumc	眊
ocuzmu	看
ocmuqu	眍
ocmuui	眎
ocmuyh	眏
ocmuvg	眐
ocmuyz	眑
ocmuuf	眒
ocmuyt	眓
ocmuvf	眕
ocmuxs	眖
ocmuju	眗
ocmutd	眙
ocugmu	眚
ocmuww	眛
ocmumo	眜
ocmunk	眝
ocuiju	真
ocmumb	眠
ocmudi	眡
ocwjmu	眢
ocmuui	眣
ocmuni	眤
occimu	眥
ocmuci	眦
ocmuvc	眧
ocmufj	眨
ocmuxr	眩
ocmubk	眪
ocmubj	眫
ocmuls	眬
ocmugv	眭
ocmuts	眮
ocmumi	眯
ocmuvi	眰
ocmuyi	眱
ocmuer	眲
ocmumk	眳
ocmuxy	眴
ocmudo	眵
ocmukl	眶
ocjrmu	眷
ocmumz	眸
ocmugr	眹
ocmuvc	眺
ocmuyh	眻
ocmugf	眼
ocmupd	眽
ocmuys	眿
ocyhmu	着
ocmuvg	睁
ocmuqy	睃
ocmuxn	睄
ocmuhj	睅
ocmuwj	睆
ocmudi	睇
ocmuig	睈
ocmuzo	睉
ocmuyr	睊
ocmuwo	睋
ocmumm	睌
ocmujm	睍
ocmuxi	睎
ocmuky	睏
ocmuld	睐
ocmuqm	睑
ocmuyj	睒
ocmudm	睓
ocmuly	睔
ocmuwj	睕
ocmulk	睖
ocmuyi	睗
ocmuli	睙
ocmuqk	睛
ocmuvg	睜
ocmuld	睞
ocmuzu	睟
ocmujr	睠
ocmuiv	睡
ocmuvv	睢
ocuumu	督
ocmubi	睤
ocmubw	睥
ocmulu	睦
ocmuhy	睧
ocmuer	睨
ocmulu	睩
ocsixk	睪
ocmujp	睫
ocmucd	睬
ocmuvz	睭
ocmuyu	睮
ocmuro	睰
ocmuxx	睱
ocmuxk	睲
ocmukv	睳
ocmujy	睴
ocmuzd	睵
ocmuiy	睶
ocmujm	睷
ocmumw	睸
ocmuve	睹
ocmuhz	睺
ocmuxr	睻
ocmuui	睼
ocmugv	睽
ocdyba	瞂
ocmudy	瞃
ocmumn	瞄
ocmuqq	瞅
ocmugv	瞆
ocmumi	瞇
ocmuwg	瞈
ocmuth	瞊
ocmuvf	瞋
ocmuhe	瞌
ocmusz	瞍
ocmuhd	瞎
ocmumk	瞑
ocmuxy	瞓
ocmuze	瞔
ocmuvh	瞕
ocmunn	瞗
ocmuqu	瞘
ocmumo	瞙
ocmuyb	瞚
ocmucs	瞛
ocmulz	瞜
ocmuli	瞝
ocmumj	瞞
ocmupn	瞟
ocmuth	瞠
ocmugv	瞡
ocmuhr	瞣
ocbimu	瞥
ocmuxi	瞦
ocmujn	瞧
ocmuuu	瞩
ocmudg	瞪
ocmutj	瞫
ocmuuy	瞬
ocmuln	瞭
ocmuxm	瞯
ocmugj	瞰
ocmuhx	瞱
ocmuts	瞳
ocmuwu	瞴
ocmulb	瞵
ocmugv	瞶
ocmujm	瞷
ocmuye	瞸
ocmuai	瞹
ocmuhv	瞺
ocmuvj	瞻
ocmuqm	瞼
ocgumu	瞽
ocmuww	矀
ocmuiz	矁
ocmuzc	矂
ocmunk	矃
ocmuxy	矄
ocmuvd	矅
ocmuho	矆
ocmumg	矇
ocmubb	矉
ocmumm	矊
ocmuwj	矋
ocmugl	矌
ocmuho	矐
ocmulu	矑
ocmumg	矒
ocmuls	矓
ocmuli	矖
ocmudh	矘
ocmukj	矙
ocmuuu	矚
ocyupp	矛
ocyujb	矜
ocmclk	矝
ocmcjs	矞
ocmcxn	矟
ocmcxi	矠
ocmcjt	矡
ocpptm	矢
ocsiui	矣
ocgsui	矤
ocuikz	知
ocuiyb	矧
ocuiyc	矨
ocuiju	矩
ocuivz	矪
ocuiqn	矫
ocuizo	矬
ocuidz	短
ocuiww	矮
ocuiqn	矯
ocuizg	矰
ocuiho	矱
ocuidk	矴
ocuidc	矵
ocuiji	矶
ocuizi	矷
ocuigj	矸
ocuiwu	矹
ocuito	矺
ocuiqi	矻
ocuigs	矼
ocuixi	矽
ocuifj	矾
ocuigl	矿
ocuiyi	砀
ocuima	码
ocuiuc	砂
ocuidj	砃
ocuigk	砄
ocuiuv	砅
ocuifu	砆
ocuiwf	砇
ocuiee	砈
ocfgui	砉
ocuikh	砊
ocuivi	砋
ocuiqp	砌
ocuiqm	砍
ocuijp	砎
ocuiff	砏
ocuiji	砐
ocuiya	砑
ocuibi	砒
ocuiuu	砓
ocuikd	研
ocuivr	砖
ocuiie	砗
ocuity	砘
ocuiwa	砙
ocuijm	砚
ocuijb	砛
ocuifg	砜
ocuiqu	砝
ocuimo	砞
ocuiva	砟
ocuiqp	砠
ocuiyu	砡
ocuike	砢
ocuita	砣
ocuidi	砥
occiui	砦
ocuivj	砧
ocuifu	砩
ocuimu	砪
ocuivu	砫
ocuili	砬
ocuifj	砭
ocnuui	砮
ocuipk	砰
ocuilk	砱
ocuibc	砲
ocuiui	砳
ocuipi	破
ocuibf	砵
ocuibd	砶
ocuiuf	砷
ocuiza	砸
ocuiai	砹
ocuili	砺
oclsui	砻
ocuits	砼
ocuiys	砽
ocuile	砾
ocuiiu	础
ocuiqr	硂
ocuivu	硃
ocuigl	硄
ocuigv	硅
ocuihe	硆
ocuixb	硇
ocuiji	硈
ocuiyu	硉
ocuiww	硊
ocuihd	硋
ocuige	硌
ocuigf	硍
ocuixk	硎
ocuits	硐
ocuibk	硑
ocuixi	硒
ocuilc	硓
ocuigs	硔
ocuiye	硕
ocuijx	硖
ocuiyc	硗
ocuihv	硘
ocuiqi	硙
ocuiqn	硚
ocuiyi	硛
ocuijk	硜
ocuixn	硝
ocuigc	硞
ocuiyj	硟
ocuill	硠
ocuihs	硡
ocuiyu	硢
ocuixn	硣
ocuijx	硤
ocuils	硥
ocuins	硦
ocuiys	硧
ocuiie	硨
ocveui	硩
ocuiwo	硪
ocuilq	硫
ocuigg	硬
ocuimh	硭
ocuijn	确
ocuijm	硯
ocuaui	硰
ocuiky	硱
ocuigu	硲
ocuiii	硳
ocuihx	硴
ocuilu	硵
ocuicf	硶
ocuiqm	硷
ocuian	硸
ocuiss	硹
ocuipg	硼
ocuiyj	硽
ocuiiv	硾
ocuiks	硿
ocuivg	碀
ocqiui	碁
ocuizs	碂
ocuiqk	碃
ocuilb	碄
ocboui	碆
ocuidk	碇
ocuihy	碈
ocuivz	碉
ocuilu	碌
ocuide	碍
ocuizu	碎
ocuixi	碏
ocuilk	碐
ocuibw	碑
ocuijb	碒
ocuivv	碓
ocuiwu	碔
ocuiqi	碕
ocuily	碖
ocuiwj	碗
ocuidm	碘
ocuigh	碙
ocuipz	碚
ocuize	碛
ocuicj	碜
ocpbui	碞
ocuiye	碟
ocuitk	碠
ocuidu	碡
ocuigo	碢
ocuihe	碣
ocuiyk	碤
ocuibm	碥
ocuike	碦
ocuiww	碨
ocuiye	碩
ocuiuf	碪
ocuidr	碫
ocuixx	碬
ocuiyh	碭
ocuiui	碮
ocuibk	碰
ocuixm	碱
ocuidi	碲
ocuitj	碳
ocuiia	碴
ocuivf	碵
ocuiqi	碶
ocuidy	碷
ocuifg	碸
ocuixr	碹
ocuihe	確
ocuigc	碻
ocuima	碼
ocuigs	碽
ocuivj	碾
ocuixp	碿
ocuini	磀
ocuizi	磁
ocuilq	磂
ocuisi	磃
ocuith	磄
ocuiph	磅
ocuigu	磆
ocuigv	磈
ocuish	磉
ocuiia	磋
ocuivf	磌
ocuihd	磍
ocuixi	磎
ocuijm	磏
ocbjui	磐
ocuiqi	磑
ocuiyr	磒
ocuivv	磓
ocuijp	磔
ocuihe	磕
ocuixi	磖
ocuivr	磗
ocuiyc	磘
ocuivr	磚
ocvjui	磛
ocuiji	磜
ocuiao	磝
ocuibg	磞
ocuilu	磠
ocuikj	磡
ocuiul	磢
ocuicj	磣
ocuiyb	磤
ocuilw	磥
ocuipn	磦
ocuize	磧
ocmaui	磨
ocuiqi	磩
ocuicv	磪
ocuics	磫
ocuily	磮
ocuiji	磯
ocuiuj	磰
ocuilc	磱
ocuiqu	磲
ocuizg	磳
ocuidg	磴
ocuijm	磵
ocuilb	磷
ocuidm	磸
ocuitj	磹
ocuihl	磺
ocuifj	磻
ocuiji	磼
ocuiyc	磽
ocuidj	磾
ocuixm	礀
ocuijn	礁
ocuixi	礂
ocuivh	礃
ocuiqn	礄
ocuidy	礅
ocuiqm	礆
ocuiao	礇
ocuisv	礈
ocuijn	礉
ocuilw	礌
ocuige	礍
ocuiiu	礎
ocuiye	礏
ocuidh	礑
ocuiyi	礒
ocuijl	礓
ocuipi	礔
ocpiui	礕
ocuiyu	礖
ocuibb	礗
ocuiyi	礙
ocuijm	礛
ocyuui	礜
ocuixu	礝
ocuimg	礞
ocuici	礠
ocuiyh	礢
ocuimp	礣
ocuicd	礤
ocuixm	礥
ocuigl	礦
ocuivi	礩
ocuiwj	礪
ocuile	礫
ocfjui	礬
ocuiho	礭
ocuiyk	礯
ocuili	礰
oclsui	礱
ocuils	礲
ocuimo	礳
ocuibo	礴
ocuiul	礵
ocuilj	礷
ocuizj	礸
ocuiyj	礹
ocerxn	示
ocppve	礼
ocppnd	礽
ocpptu	社
ocppuc	礿
ocppsi	祀
ocpper	祁
ocppye	祂
ocppma	祃
ocppjp	祄
ocppyc	祅
ocppyc	祆
ocppui	祇
ocppjb	祈
ocppvi	祉
ocppfh	祊
ocppuu	祋
ocppvs	祌
ocpprf	祍
ocppww	祎
ocppui	祏
ocppyz	祐
ocppui	祑
ocppvc	祒
ocppba	祓
ocppfu	祔
ocppbi	祕
ocppqp	祖
ocppdi	祗
ocuiui	祘
ocppww	祙
ocppva	祚
ocppqu	祛
ocppgu	祜
ocppxs	祝
ocppuf	神
ociuui	祟
ocppsi	祠
occiui	祡
ocpper	祢
ocppyu	祤
ocppyh	祥
ocppwu	祦
ocppvc	祧
ocxiui	票
ocppvu	祩
ocppww	祪
ocpphe	祫
ocppvi	祬
ocppji	祮
ocppvf	祯
ocppgc	祰
ocppdv	祱
ocppif	祳
ocppjp	祴
ocppky	祵
ocppdi	祶
ocppuz	祷
ocppgo	祸
ocppqi	祺
ocppgu	祻
ocppgo	祼
ocppzu	祽
ocpplk	祾
ocpplu	祿
oclbui	禁
ocppvz	禂
ocppvi	禃
ocpplu	禄
ocppdj	禅
ocuibw	禆
ocppve	禇
ocppjy	禈
ocppqq	禉
ocppqi	禊
ocppzi	禌
ocppgo	禍
ocppvf	禎
ocppfu	福
ocppyr	禐
ocppyu	禑
ocpptr	禒
ocppyh	禓
ocppui	禔
ocppww	禕
ocppmz	禖
ocppsi	禗
ocppdi	禘
ocppbw	禙
ocppgc	禚
ocppvf	禛
ocppgc	禞
ocppth	禟
ocppsi	禠
ocppma	禡
ocppvr	禣
ocppji	禥
ocyuui	禦
ocppxi	禧
ocppji	禨
ocppdj	禪
ocpptj	禫
ocpphv	禬
ocuisv	禭
ocppns	禯
ocpper	禰
ocppuz	禱
ocppwj	禲
ocppxl	禳
ocpply	禴
ocppti	禵
ocppzj	禶
ocpplw	禷
ocklsi	禸
ocrfli	禽
ocppmu	禾
ocheer	禿
ochend	秀
ochesi	私
ocherf	秂
ocheji	秃
ochezi	秄
ocheto	秅
ochegj	秆
ochewj	秇
ocheuj	秈
ochext	秉
ocheqm	秊
ocheho	秋
ochohe	秌
ochevs	种
ocheff	秎
ochemc	秏
ocheyy	秐
ochedz	科
ocheuc	秒
ochevi	秓
ochekh	秔
ochebi	秕
ocheui	秖
ocheyc	秗
ochebi	秘
ochegu	秙
ochebj	秚
ochepi	秛
ocheni	秜
ochehe	秝
ocheyz	秞
ocheqp	租
ochepi	秠
ocheba	秡
ochelk	秢
ochemo	秣
ochepk	秤
ochevj	秥
ociyhe	秦
ocheyh	秧
ocheva	秨
ocheui	秩
ochedi	秪
ocheuu	秫
ocheju	秬
ochezi	秭
ochetd	秮
ochevi	积
ocheer	称
ochets	秱
ochesi	秲
ocheue	秳
ochehe	秴
ocheyb	秵
occihe	秶
ochevi	秷
ocheji	秸
ocherf	秹
ochevd	秺
ochedo	移
ochevu	秼
ochesv	秽
ochens	秾
ochefu	秿
ochexi	稀
ochell	稂
ochefu	稃
ocheqy	稄
ochedv	稅
ochelv	稆
ocheky	稇
ochehj	稈
ochegg	稉
ochedi	稊
ocheig	程
ocheyu	稌
ochexn	稍
ochedv	税
ocheya	稏
ochely	稐
ochelu	稑
ochegu	稒
ochexi	稓
ochenm	稔
ochexl	稕
ochepz	稖
ochebw	稗
ocheqi	稘
ochevi	稙
ochevv	稚
ochelk	稜
ochepg	稝
ochego	稞
ochevz	稠
ochezu	稡
ocheho	稢
ocyuhe	稣
ochejk	稤
ocheww	稦
ocheqi	稧
ochebm	稨
ocheww	稩
ochefu	稪
ochefu	稫
ochejp	稭
ochevs	種
ochexu	稰
ocheji	稳
ochejm	稴
ochezi	稵
ocheyu	稶
ochexu	稸
ochevf	稹
ocheyc	稻
ochejx	稼
ocgche	稾
ochegc	稿
ochers	穁
ochers	穃
ocheji	穄
ochekh	穅
ochecj	穇
ocmahe	穈
ochexi	穉
ocheji	穊
ocyuhe	穌
ocheze	積
ochese	穑
ochenn	穒
ochehl	穔
ocheji	穕
ocheji	穖
ochehv	穗
ocheyc	穘
ocheqn	穚
ochejn	穛
ochets	穜
ochezv	穝
ochelu	穞
ochesv	穟
ochens	穠
ochese	穡
ochesv	穢
ochexu	穤
ocheyu	穥
ochebb	穦
ocheqi	穧
octugv	穨
ocheer	穪
ocheho	穫
ochegl	穬
ochelu	穭
ochexl	穰
ochejt	穱
ocheli	穲
ochezj	穳
ocbcba	穴
ocxtyi	穵
ocxtjq	究
ocxtli	穷
ocxtxi	穸
ocxtgs	穹
ocxtgs	空
ocxtyu	穻
ocxtmu	穼
ocxtjk	穽
ocxtyc	穾
ocxtya	穿
ocxtty	窀
ocxtqr	突
ocxtnq	窂
ocxtqp	窃
ocxtva	窄
ocxtmu	窅
ocxtfj	窆
ocxtbc	窇
ocxtyz	窈
ocxtbk	窉
ocxtgx	窊
ocxtiu	窋
ocxtmc	窌
ocxtqn	窍
ocxtnn	窎
ocxtgv	窐
ocxtfz	窑
ocxtvi	窒
ocxtjn	窔
ocxtvc	窕
ocxtgc	窖
ocxtcs	窗
ocxtjy	窘
ocxtxn	窙
ocxtig	窚
ocxtir	窜
ocxtgo	窝
ocxtqu	窟
ocxtgo	窠
ocxtvo	窡
ocxtho	窢
ocxtzu	窣
ocxtky	窤
ocxtgv	窥
ocxtmd	窦
ocxtvo	窧
ocxtyb	窨
ocxtgo	窩
ocxtwa	窪
ocxtqi	窫
ocxtyu	窬
ocxtlz	窭
ocxtgs	窮
ocxtgc	窯
ocxtyc	窰
ocxttn	窱
ocxtln	窲
ocxtvf	窴
ocxtnn	窵
ocxtlz	窶
ocxtln	窷
ocxtxi	窸
ocxtgv	窺
ocilxb	窻
ocxtic	窼
ocxtkr	窾
ocxtls	窿
ocxtqn	竁
ocxtln	竂
ocxtuu	竄
ocxtjn	竅
ocxtmd	竇
ocxtls	竉
ocwfqm	立
ocliji	竌
ocliui	竍
oclicc	竎
ocliqm	竏
ocliuu	竐
ocligs	竑
oclimc	竓
ocliug	竔
ocliff	竕
ocliuc	竗
ocliju	竘
oclivj	站
oclink	竚
oclilk	竛
oclidm	竜
oclili	竝
oclixs	竞
ocyber	竟
oclizc	章
oclibd	竡
ocliyi	竢
ocliqy	竣
oclihs	竤
oclili	童
ocliuu	竦
ocliuf	竧
oclivo	竨
ocliyi	竩
oclivg	竫
ocliyu	竬
oclihe	竭
oclipk	竮
oclidr	端
oclili	竰
oclivr	竱
oclizg	竲
oclidg	竳
oclizy	竴
ocjkjk	競
ocjkjk	竸
ocgege	竹
ocvuer	竺
ocvuli	竻
ocvufj	竼
ocvuyu	竽
ocvuye	竾
ocvugj	竿
ocvuwh	笀
ocvugs	笁
ocvuwj	笂
ocvuma	笃
ocvukd	笄
ocvuyc	笅
ocvuba	笆
ocvubm	笇
ocvuji	笈
ocvuyy	笉
ocvuvx	笊
ocvuyb	笋
ocvuya	笌
ocvunw	笍
ocvuyr	笎
ocvuwu	笏
ocvukh	笐
ocvuyc	笑
ocvujb	笒
ocvubi	笓
ocvumc	笔
ocvujm	笕
ocvuyi	笖
ocvuds	笗
ocvuvj	笘
ocvuug	笙
ocvujx	笚
ocvuyz	笛
ocvuiu	笜
ocvutd	笞
ocvugx	笟
ocvuli	笠
ocvuqp	笡
ocvumb	笢
ocvubc	笣
ocvuvc	笤
ocvusi	笥
ocvufu	符
ocvuce	笧
ocvubf	笨
ocvudd	笩
ocvudj	笪
ocvuzi	笫
ocvudn	第
ocvulk	笭
ocvuva	笮
ocvunu	笯
ocvufu	笰
ocvuju	笱
ocvubm	笲
ocvujx	笳
ocvuke	笴
ocvuui	笶
ocvumc	笷
ocvuui	笹
ocvujm	笺
ocvuls	笼
ocvumb	笽
ocvubm	笾
ocvuge	笿
ocvugv	筀
ocvuqu	筁
ocvuii	筂
ocvuyb	筃
ocvuvc	筄
ocvuxm	筅
ocvuyu	筆
ocvuqs	筇
ocvuue	筈
ocvusi	等
ocvujn	筊
ocvule	筋
ocvuqr	筌
ocvuxy	筍
ocvuru	筎
ocvufa	筏
ocvukl	筐
ocvugs	筑
ocvuts	筒
ocvuhe	答
ocvuxk	筕
ocvuci	策
ocvuvs	筗
ocvukz	筘
ocvulw	筙
ocvubi	筚
ocvuui	筛
ocvudh	筜
ocvuvg	筝
ocvuss	筞
ocvufu	筟
ocvujy	筠
ocvuyu	筡
ocvuba	筢
ocvuli	筣
ocvull	筤
ocvulv	筥
ocvuwj	筦
ocvujm	筧
ocvuhj	筨
ocvuys	筩
ocvuxx	筪
ocvubw	筫
ocvuig	筬
ocvuns	筭
ocvuwu	筮
ocvuvu	筯
ocvuzo	筰
ocvuyz	筱
ocvuxn	筲
ocvutk	筳
ocvujx	筴
ocvuyj	筵
ocvugc	筶
ocvukk	筷
ocvuhj	筸
ocvuuz	筹
ocvugg	筻
ocvuyr	筼
ocvuwu	筽
ocvuqm	签
ocvutn	筿
ocvujm	简
ocvupz	箁
ocvuld	箂
ocvuqu	箃
ocvubw	箄
ocvubi	箅
ocvugu	箇
ocvuvi	箈
ocvugk	箉
ocvuyu	箊
ocvudc	箌
ocvuhu	箎
ocvuvg	箏
ocvuqk	箐
ocvujp	箑
ocvuvz	箒
ocvulu	箓
ocvubo	箔
ocvuqi	箕
ocvulb	箖
ocvufu	箙
ocvugu	箛
ocvuks	箜
ocvujr	箞
ocvuky	箟
ocvuiv	箠
ocvugr	管
ocvuwj	箢
ocvuci	箣
ocvuzu	箤
ocvubo	箥
ocvuze	箦
ocvuze	箨
ocvulo	箩
ocvudj	箪
ocvusu	箫
ocvuro	箬
ocvuqm	箭
ocvuxr	箮
ocvubm	箯
ocsyzi	箰
ocvuxl	箱
ocvuxi	箲
ocvupk	箳
ocvuxm	箴
ocvuug	箵
ocvuhu	箶
ocvuui	箷
ocvuve	箸
ocvuyt	箹
ocvuiy	箺
ocvulv	箻
ocvuwu	箼
ocvuvs	箽
ocvuxt	箾
ocvuji	節
ocvuhl	篁
ocvuxk	篂
ocvumw	篃
ocvudr	篅
ocvutr	篆
ocvubm	篇
ocvufg	篈
ocvumu	築
ocvuhs	篊
ocvuhz	篌
ocvuqq	篍
ocvumn	篎
ocvugv	篑
ocvuui	篒
ocvulz	篓
ocvuyr	篔
ocvuhe	篕
ocvuth	篖
ocvuvi	篗
ocvuiu	篘
ocvugc	篙
ocvufw	篚
ocvuro	篛
ocvuvg	篜
ocvugz	篝
ocvunp	篞
ocvuqm	篟
ocvutn	篠
ocvugs	篢
ocvuph	篣
ocvuma	篤
ocvusu	篥
ocvuhe	篧
ocvuiu	篨
ocvuui	篩
ocvusi	篪
ocvuuz	篫
ocvuch	篬
ocvujm	篮
ocvuqm	篯
ocvubu	篰
ocvuli	篱
ocvuhv	篲
ocvubi	篳
ocvuvu	篴
ocvucs	篵
ocvuyj	篶
ocvufg	篷
ocvucj	篸
ocvubw	篺
ocvupn	篻
ocvudz	篼
ocvuyu	篽
ocvuvr	篿
ocvuze	簀
ocvuxi	簁
ocvugo	簂
ocvuyi	簃
ocvuhu	簄
ocvuij	簅
ocvukz	簆
ocvuzu	簇
ocvuzc	簉
ocvuji	簊
ocvulz	簍
ocvuco	簎
ocvulu	簏
ocvurr	簐
ocvuuk	簑
ocvuuk	簔
ocvule	簕
ocvudr	簖
ocvull	簗
ocvubo	簙
ocvusi	簛
ocvuth	簜
ocvuln	簝
ocvudj	簞
ocvutj	簟
ocvujm	簡
ocvumb	簢
ocvugv	簣
ocvumd	簤
ocvuqn	簥
ocvudg	簦
ocvuhl	簧
ocvuxy	簨
ocvulc	簩
ocvusu	簫
ocvulu	簬
ocvuti	簮
ocvuqi	簯
ocvupd	簰
ocvupi	簲
ocvugj	簳
ocvulu	簶
ocvuvj	簷
ocvudh	簹
ocvuse	簺
ocvugo	簻
ocvuqm	簽
ocvulm	簾
ocvufu	簿
ocvuld	籁
ocvujm	籃
ocvukv	籄
ocvuyu	籅
ocvuho	籆
ocvuhc	籇
ocvuvf	籈
ocvutd	籉
ocvuvd	籊
ocvuer	籋
ocvuuz	籌
ocvuyi	籎
ocvuqi	籏
ocvutg	籐
ocvupj	籓
ocvuuu	籔
ocvulq	籕
ocvuho	籗
ocvutg	籘
ocvulu	籚
ocvuqm	籛
ocvuze	籜
ocvuld	籟
ocvuls	籠
ocvujm	籡
ocvulm	籢
ocvulj	籣
ocvuly	籥
ocvuvs	籦
ocvulm	籨
ocvubm	籩
ocvudr	籪
ocvuzj	籫
ocvuli	籬
ocvuli	籭
ocvulo	籮
ocvuyk	籯
ocvujt	籰
ocbamu	米
ocrumi	籴
ocmiui	籵
ocmiji	籶
ocmito	籷
ocmixy	籸
ocminv	籹
ocmiqi	籺
ocmida	类
ocmiuj	籼
ocmizi	籽
ocmirf	籾
ocmicy	籿
ocmivh	粀
ocmiqm	粁
ocjqmi	粂
ocmibi	粃
ocmifj	粄
ocmiwu	粅
ocmiuc	粆
ocmikh	粇
ocmiiz	粈
ocmiff	粉
ocbimi	粊
ocmiyb	粌
ocmimc	粍
ocmiii	粎
ocmitd	粏
ocmihu	粐
ocmiba	粑
ocmili	粒
ocmigj	粓
ocmiju	粔
ocmibd	粕
ocmimo	粖
ocmiqp	粗
ocmivj	粘
ocmiyz	粙
ociumi	粜
ocmuli	粝
ocmixi	粞
ocximi	粟
ocmigs	粠
ocmits	粡
occimi	粢
ocmice	粣
ocmiir	粦
ocmivl	粧
ocmibd	粨
ocmilc	粩
ocmigs	粪
ocmier	粫
ocmiqu	粬
ocmihe	粭
ocmill	粮
ocmijm	粯
ocmifu	粰
ocmigg	粳
ocmili	粴
ocmilu	粶
ocmiqi	粸
ocmizu	粹
ocmibw	粺
ocmiih	粻
ocmizs	粽
ocmiqk	精
ocmigo	粿
ocmihx	糀
ocmicj	糁
ocmiuf	糂
ocmiyh	糃
ocmibm	糄
ocmirz	糅
ocmimm	糆
ocmihz	糇
ocmixu	糈
ocmihu	糊
ocmiqm	糋
ocmizi	糍
ocmili	糎
ocmixp	糏
ocmivr	糐
ocmiro	糑
ocmizc	糔
ocmigc	糕
ocmith	糖
ocmiiz	糗
ocmijx	糘
ocmizc	糙
ocmivl	糚
ocmith	糛
ocmami	糜
ocmicj	糝
ocmicc	糟
ocmikh	糠
ocmijk	糡
ocmimo	糢
ocmisj	糤
ocmixi	糦
ocmill	糧
ocmiql	糨
ocmihv	糩
ocpimi	糪
ocmiuu	糬
ocmijm	糮
ocmixu	糯
ocmitr	糰
ocmiwj	糲
ocxtmi	糵
ocycxn	糸
ocsijq	纠
ocsiyu	纡
ocsigs	红
ocsicy	纣
ocsiqm	纤
ocsiqi	纥
ocsiuc	约
ocsiji	级
ocsiwj	纨
ocsigl	纩
ocsiji	纪
ocsirf	纫
ocsiww	纬
ocsiyy	纭
ocsigs	纮
ocsity	纯
ocsibi	纰
ocsiuc	纱
ocsigh	纲
ocsinw	纳
ocsirf	纴
ocsics	纵
ocsily	纶
ocsiff	纷
ocsiui	纸
ocwfwf	纹
ocsifh	纺
ocsiyb	纼
ocsiiz	纽
ocsiyu	纾
ocsijm	线
ocsigj	绀
ocsiui	绁
ocsiba	绂
ocsiqp	组
ocsiuf	绅
ocsitm	细
ocsivi	织
ocsids	终
ocsiiu	绉
ocsibj	绊
ocsifu	绋
ocsiiu	绌
ocsivc	绍
ocsitd	绐
ocsibh	绑
ocsirs	绒
ocsiji	结
ocsikx	绔
ocsiyc	绕
ocsivi	绖
ocsixk	绗
ocsihv	绘
ocsihe	给
ocsixy	绚
ocsijl	绛
ocsige	络
ocsise	绝
ocsijn	绞
ocsiis	统
ocsigg	绠
ocsixn	绡
ocsiyr	罥
ocsiyr	瞏
ocsiyr	绢
ocsixq	绣
ocsigu	绤
ocsitn	绦
ocsidi	绨
ocsize	绩
ocsive	绪
ocsilk	绫
ocsiyk	绬
ocsimd	续
ocsiqi	绮
ocsifw	绯
ocsivo	绰
ocsiuh	绱
ocsiky	绲
ocsimm	绳
ocsivv	维
ocsibo	绵
ocsiuz	绶
ocsipg	绷
ocsivz	绸
ocsijq	绺
ocsijr	绻
ocsizs	综
ocsidk	绽
ocsigr	绾
ocsilu	绿
ocsivo	缀
ocsige	缂
ocsixl	缃
ocsixm	缄
ocsimm	缅
ocsilj	缆
ocsiui	缇
ocsimn	缈
ocsiwf	缊
ocsigv	缋
ocsisi	缌
ocsiiv	缍
ocsidr	缎
ocsibm	缏
ocsiqr	缐
ocsihz	缑
ocsivv	缒
ocsiyr	缓
ocsidi	缔
ocsilz	缕
ocsibm	编
ocsitr	缘
ocsijb	缙
ocsiru	缛
ocsivf	缜
ocsifg	缝
ocsiuk	缞
ocsigc	缟
ocsili	缡
ocsiyi	缢
ocsijm	缣
ocsibb	缤
ocsipn	缥
ocsimj	缦
ocsilw	缧
ocsiyk	缨
ocsisu	缩
ocjpye	缬
ocsiln	缭
ocsiuj	缮
ocsizg	缯
ocsijl	缰
ocsiqm	缱
ocsizc	缲
ocsijn	缴
ocsizj	缵
ocsive	糺
ocppsi	系
ocsili	糼
ocsidk	糽
ocsijq	糾
ocsidc	糿
ocsiji	紀
ocsiia	紁
ocsicy	紂
ocsiir	紃
ocsiuc	約
ocsigs	紅
ocsiyu	紆
ocsiqi	紇
ocsiwj	紈
ocsirf	紉
ocwfsi	紊
ocsiwf	紋
ocsiyz	紌
ocsinw	納
ocsiqr	紎
ocsidz	紏
ocsiiz	紐
ocsibu	紑
ocsijp	紒
ocsiyu	紓
ocsity	純
ocsibi	紕
ocsiyb	紖
ocsiuc	紗
ocsigs	紘
ocsiui	紙
ocsiji	級
ocsiff	紛
ocsiyy	紜
ocsirf	紝
ocsiyb	紞
ocsijb	紟
ocfgsi	素
ocsifh	紡
ocsijb	紤
ocvasi	紥
ocsiba	紦
ocsifu	紨
ocsiui	紩
ocsici	紪
occisi	紫
ocsiyz	紬
ocsihs	紭
ocvasi	紮
octmsi	累
ocsitm	細
ocsiba	紱
ocsiui	紲
ocsiuf	紳
ocsipi	紴
ocsink	紵
ocsiqu	紶
ocsilk	紷
ocsivu	紸
ocsivc	紹
ocsigj	紺
ocsiyh	紻
ocsifu	紼
ocsita	紽
ocsivf	紾
ocsitd	紿
ocsiiu	絀
ocsids	終
ocsixr	絃
ocsiqp	組
ocsijs	絅
ocsibj	絆
ocsiju	絇
ocsibd	絈
ocsiuu	絉
ocsibf	絊
ocsiug	経
ocsirf	絍
ocsixk	絎
ocsiyi	絏
ocsiji	結
ocsivu	絑
ocsivz	絒
ocsigv	絓
ocsibd	絔
ocsigl	絖
ocsihv	絗
ocsici	絘
ocsigf	絙
ocsikx	絝
ocsijn	絞
ocsiqr	絟
ocsiyz	絠
ocsige	絡
ocsixy	絢
ocsibk	絣
ocsixi	絤
ocsifu	絥
ocsihe	給
ocsits	絧
ocsirs	絨
ocsivc	絩
ocsiyb	絪
oclwsi	絫
ocsiue	絬
ocjrsi	絭
ocrusi	絮
ocsihd	絯
ocsivi	絰
ocsiis	統
ocsisi	絲
ocsijl	絳
ocsiyh	絴
ocsihv	絵
ocsise	絶
ocvisi	絷
ocsijm	絸
ocsiyr	絹
ocsixi	絺
ocsimm	絻
ocsivi	絼
ocsilv	絽
ocsiig	絾
ocsiqq	絿
ocsiuu	綀
ocsibh	綁
ocsixn	綃
ocsiwj	綄
ocsigg	綆
ocsiyz	綇
ocsidi	綈
ocsixq	綉
ocsijx	綊
ocsihs	綋
ocsigu	綌
ocsibo	綍
ocsitk	綎
ocsito	綏
ocsidv	綐
ocsiky	綑
ocsifu	綒
ocsijk	經
ockxxi	綔
ocsivi	綕
ocsiyj	綖
ocsijs	綗
ocsifg	綘
ocsirf	綛
ocsizs	綜
ocsilb	綝
ocsiiv	綞
ocsili	綟
ocsilu	綠
ocsijk	綡
ocsivz	綢
ocsijr	綣
ocucsi	綤
ocsibi	綥
ocqisi	綦
ocsixl	綧
ocsiqi	綨
ocsiwj	綩
ocsiqk	綪
ocsiuz	綬
ocsivv	維
ocsigr	綰
ocsigh	綱
ocsiwh	網
ocsipg	綳
ocsivo	綴
ocsicd	綵
ocsigo	綶
ocsizu	綷
ocsily	綸
ocsijq	綹
ocsiqi	綺
ocsidk	綻
ocsibw	綼
ocsivo	綽
ocsilk	綾
ocsibo	綿
ocsiqi	緀
ocsijp	緁
ocsiyj	緂
ocsiky	緄
ocsiqu	緅
ocsiyi	緆
ocsixk	緈
ocsill	緉
ocsifw	緋
ocsiww	緌
ocsihy	緍
ocsiho	緎
ocmwxi	緐
ocsilu	緑
ocsive	緒
ocsiyk	緓
ocsiuh	緔
ocsixl	緗
ocsixm	緘
ocsige	緙
ocsiqr	線
ocboxi	緜
ocsidr	緞
ocsivs	緟
ocsidi	締
ocsimn	緢
ocsitr	緣
ocsiye	緤
ocsibc	緥
ocsisi	緦
ocsiqq	緧
ocsibm	編
ocsiyr	緩
ocsihg	緪
ocsimm	緬
ocsiww	緭
ocsifu	緮
ocsiww	緯
ocsiyu	緰
ocsihz	緱
ocsimn	緲
ocgljp	緳
ocsijm	練
ocsibm	緶
ocsijy	緷
ocsiui	緹
ocsigo	緺
ocsivi	緻
ocsiwf	緼
ocsivf	緽
ocsili	緾
ocsidd	緿
ocsixx	縀
ocsizs	縂
ocsixu	縃
ocsiww	縅
ocsihg	縆
ocsixr	縇
ocsijb	縉
ocsiyi	縊
ocsivv	縋
ocsini	縌
ocsiph	縍
ocsigu	縎
ocbjsi	縏
ocsiiu	縐
ocsijm	縑
ocsiia	縒
ocsiyr	縓
ocsish	縔
ocsiwf	縕
ocsihd	縖
ocsiuk	縗
ocsixi	縘
ocsirs	縙
ocsiyc	縚
ocsivr	縛
ocsiyr	縜
ocsivf	縝
ocsigc	縞
ocsiru	縟
ocsizd	縡
ocxmxi	縣
ocsisu	縤
ocsiqb	縥
ocsitn	縧
ocsihl	縨
ocsiji	縩
ocsibi	縪
ocsifg	縫
ocsiqi	縬
ocsili	縭
ocsisu	縮
ocsiyb	縯
ocsixi	縰
ocsics	縱
ocsilw	縲
ocsivr	縳
ocsiqm	縴
ocsimj	縵
ocvisi	縶
ocsilz	縷
ocsimo	縸
ocsipn	縹
ocsilm	縺
ocmasi	縻
ocsixr	縼
ocsize	績
ocsicj	縿
ocsicv	繀
ocmbsi	繁
ocsilv	繂
ocsibg	繃
ocsiic	繅
ocsiql	繈
ocsirj	繎
ocsixy	繏
ocsihv	繐
ocsiqn	繑
ocsizg	繒
ocsizv	繓
ocsiuj	繕
ocsisj	繖
ocsilb	繗
ocsifj	繙
ocsiln	繚
ocsuvo	繛
ocsizy	繜
ocsixm	繝
ocsiyc	繞
ocsidj	繟
ocrvsi	繠
ocsisu	繡
ocsigv	繢
ocsihx	繣
ocsixi	繥
ocsiql	繦
ocsiyy	繧
ocsida	繨
ocsimm	繩
ocsihv	繪
ocsise	繬
ocsijl	繮
ocsizc	繰
ocsics	繱
ocsijp	繲
ocsijn	繳
ocpisi	繴
ocsidj	繵
ocsiyi	繶
ocsins	繷
ocsisv	繸
ocsiua	繺
ocsixu	繻
ocsibb	繽
ocsiqm	繾
ocsijm	繿
ocsipu	纀
ocsixy	纁
ocsiqi	纃
ocsipg	纄
ocsile	纅
ocsimo	纆
ocsigl	纊
ocsiyz	纋
ocsimd	續
ocjnye	纐
ocsilu	纑
ocsiyk	纓
ocsixl	纕
ocsizj	纘
ocsilo	纙
ocsili	纚
ocsilj	纜
ocsilw	纝
ocsilm	纞
ocwukl	缶
ocfzer	缷
ocfzgs	缸
ocfzho	缹
ocfzgk	缺
ocfzwa	缻
ocfzqm	缼
ocfzbf	缽
ocfzbk	缾
ocfzhz	缿
ocfzvc	罀
ocfzgh	罁
ocfzgr	罆
ocfzzy	罇
ocfztj	罈
ocfzvh	罉
ocysfz	罋
ocfztj	罎
ocfzlu	罏
ocklia	罓
ocsixi	罗
ocsibu	罘
ocsigx	罛
ocsivu	罜
ocsiqp	罝
ocsimc	罞
ocsigu	罟
ocsimb	罠
ocsivg	罡
ocsiqu	罢
ocsigv	罣
ocsidi	罤
ocsifu	罦
ocsilb	罧
ocsiyj	罨
ocsivo	罩
ocsifw	罪
ocsigx	罫
ocsivo	罬
ocsiho	罭
ocsivi	置
ocsiyb	罯
ocsinj	罱
ocsive	署
ocsisi	罳
ocsima	罵
ocsilq	罶
ocsing	罷
ocsitc	罸
ocsiww	罹
ocsiic	罺
ocsiww	罻
ocsibi	罼
ocsizg	罾
ocsits	罿
ocsimu	羃
ocsiio	羄
ocsiww	羅
ocsixs	羆
ocyhve	羌
ocdayh	羍
ocyhda	美
ocyhuj	羏
ocyhjq	羑
ocyhff	羒
ocyhba	羓
ocyhho	羔
ocyhys	羕
ocyhuu	羖
ocqlsi	羗
ocytyh	羘
ocyhho	羙
ocyhlk	羚
ocyhfu	羛
ocyhnk	羜
ocyhdi	羝
ocyhiz	羞
ocyhyi	羠
ocyhci	羡
ocyhrs	羢
ocjyyh	羣
ocjyyh	群
ocyhjk	羥
ocyhwj	羦
ocyhqy	羧
ocyhwo	義
ocyhll	羪
ocyhks	羫
ocyhxm	羬
ocyhyu	羭
ocyhhe	羯
ocyhtj	羰
ocyhyr	羱
ocyhfj	羳
ocyhbf	羵
ocyhdj	羶
ocyhqm	羷
ocgcmw	羹
ocyhxu	羺
ocyhqk	羻
ocuiuj	羼
ocxixi	羽
ocyugs	羾
ocyucc	羿
ocyuvs	翀
ocgsyu	翁
ocyuff	翂
ocgsyu	翃
ocyuvi	翄
ocviyu	翅
ocyuba	翇
ocjxyu	翈
ocbfyu	翉
ocliyu	翊
ocyuli	翋
ocyuli	翌
ocyupi	翍
oclkyu	翎
ocyuvf	翏
ocyuui	翐
ocyuju	翑
ocyubd	習
ocjiyu	翓
ocyhyu	翔
ocheyu	翕
ocheyu	翖
ocdoyu	翗
ocycyu	翘
ocsvyu	翙
ocyujy	翚
ocyujx	翜
ochsyu	翝
ocyujk	翞
ocyuvv	翟
ocyuzu	翠
ocfwyu	翡
ocvzyu	翢
ocyuqp	翣
ocveyu	翥
ocqmyu	翦
ocxryu	翧
ocyuui	翨
ocbmyu	翩
ocxiyr	翫
ocyujy	翬
ocyuhz	翭
ocgeyu	翮
ocyugc	翯
ocgcyu	翱
ocpnyu	翲
ocyulm	翴
ocyunn	翵
oclbyu	翷
ocbfyu	翸
ocycyu	翹
ocfjyu	翻
ocsvyu	翽
ocuzyu	翿
ocglvd	耀
oclcbi	老
octupp	耂
oclcqn	考
oclcmc	耄
oclcri	者
oclcri	耆
oclcju	耇
oclcju	耈
ockckz	耉
oclcvi	耊
oclcvi	耋
ocernv	耍
ocerda	耎
oceruj	耏
ocercy	耐
ocujer	耑
ocfgrf	耒
oclwdk	耓
oclwzi	耔
oclwjk	耕
oclwuc	耖
oclwmc	耗
oclwyy	耘
oclwba	耙
oclwpi	耚
oclwtd	耛
oclwkz	耜
oclwqp	耝
oclwjx	耞
oclwju	耟
oclwhe	耠
oclwvu	耡
oclwlc	耢
oclwly	耣
oclwxi	耤
oclwuh	耥
oclwyu	耦
oclwlz	耧
oclwru	耨
oclwgz	耩
oclwph	耪
oclwze	耫
oclwlz	耬
oclwji	耭
oclwlc	耮
oclwho	耯
oclwmo	耱
ocerve	耴
ocerdk	耵
ocerer	耶
ocdaer	耷
occser	耸
ocerjb	耹
oceryy	耺
ocervi	耻
oceryb	耽
ocergs	耾
ocerho	耿
ocerge	聀
ocerff	聁
ocerul	聂
ocerrj	聃
ocervf	聄
ocerui	聅
ocerlk	聆
ocervg	聇
oceryz	聈
oceriu	聉
ocermc	聊
oclser	聋
ocervi	职
ocernk	聍
ocervc	聎
ocerer	聏
ocerji	聐
ocerer	聑
ocerue	聒
ocgser	聓
ocergr	联
ocergc	聕
ocerjx	聗
ocerqk	聙
ocerbw	聛
ocerks	聜
ocerho	聝
ocmfer	聞
ocvier	聟
ocerbk	聠
ocerdk	聢
ocerer	聣
ocertk	聤
oceryu	聥
ocergv	聧
ocergv	聩
ocerzs	聪
ocerwg	聬
ocergv	聭
ocaoer	聱
occser	聳
ocergv	聵
ocervj	聸
ocernk	聹
ocerca	聺
ocjmer	聻
oclser	聾
ocyuer	聿
ocxtuu	肀
ochuyu	肁
ocddyu	肂
ocihyu	肆
ocnwrf	肉
ocytyi	肊
ocytli	肋
ocytji	肌
ocytjq	肍
ocbcyt	肎
ocrurz	肏
ocytqi	肐
ocytuc	肑
ocytwj	肒
ocwhyt	肓
ocytye	肔
ocytrf	肕
ocxnyt	肖
ocytnv	肗
ocytcy	肘
ockzyt	肙
ocyttu	肚
ocytgs	肛
ocytuj	肜
ocytgj	肝
ocytyi	肞
ocytkv	肟
ocytyi	肠
ocytuu	股
ocytvi	肢
ocytjb	肣
ocytfu	肤
ocytba	肥
ocytff	肦
ocytbu	肧
ocytfg	肨
ochuyt	肩
ocytfh	肪
ocytty	肫
ocytyz	肬
ocytnw	肭
ocytkh	肮
ocviyt	肯
ocytqr	肰
ocytgs	肱
ocytwu	肳
ociayz	肴
ocytjb	肵
ocytbi	肶
ocytqm	肷
ocytxi	肹
ocytui	肺
ocytjk	肼
ocyttd	肽
ocytvs	肿
ocytih	胀
ocytbj	胁
ocytuf	胂
octmyt	胃
ocyzyt	胄
ocytui	胅
ocytdj	胆
ocytfu	胇
ocytba	胈
ocytbd	胉
ocytju	胊
ocytvj	胋
ocbwyt	背
ocytgx	胍
ocyttd	胎
ocytzi	胏
ocytiu	胐
ocytvi	胑
ocytni	胒
ocytpk	胓
occirz	胔
ocytfu	胕
ocytbj	胖
ocytvf	胗
ocytxr	胘
ocytva	胙
ocytpi	胚
ocytjx	胛
ocytug	胜
ocytdi	胝
ocytbc	胞
ocytmu	胟
ocytqu	胠
ocguyt	胡
ocytke	胢
ocpiyt	胥
ocytyh	胦
ocytls	胧
ocytds	胨
ocytka	胩
ocytlu	胪
ocnurz	胬
ocytyb	胭
ocytjl	胮
ocytkx	胯
ocytyi	胰
ocytgl	胱
ocythd	胲
ocytge	胳
ocytts	胴
ocytvi	胵
ocytjn	胶
ocxsyt	胷
ocytxs	胸
ocyter	胹
ocytan	胺
ocytxk	胻
ocytbk	胼
ocytgv	胿
ocigyt	脀
ocytvc	脁
ocytvi	脂
ocytse	脃
ocythv	脄
ocytww	脆
ocytpd	脈
ocytys	脉
ocytnm	脌
ocythv	脍
ocytua	脎
ocytvl	脏
ocytqi	脐
ocytmi	脒
ocytns	脓
ocyirz	脔
ocytmm	脕
ocytbo	脖
ocytwj	脘
ocytqq	脙
ocytqt	脚
ocytjk	脛
ocythg	脝
ocytzo	脞
ocytyj	脠
ocyttk	脡
ocytmw	脢
ocifyt	脣
ocytif	脤
ocytjx	脥
ocyttv	脦
ocytqy	脧
ocytuu	脨
ocytxi	脪
ocytdv	脫
ocytig	脭
ocytto	脮
ocytfu	脯
ocytdz	脰
ocytdv	脱
ocytnn	脲
ocytfz	脴
ocytwu	脵
ocytgo	脶
ocytli	脷
ocytqm	脸
ocytih	脹
ocytzu	脺
ocytjp	脻
ocytll	脼
ocytvv	脽
ocytbw	脾
ocytbn	脿
ocytly	腀
ocytgo	腂
ocytjr	腃
ocytiv	腄
ocytyj	腅
ocytdm	腆
ocytww	腇
ocytqk	腈
ocyter	腉
ocytxi	腊
ocytye	腋
ocytyj	腌
ocytnm	腍
ocytvo	腏
ocfurz	腐
ocytfu	腑
ocytju	腒
ocytfw	腓
ocytks	腔
ocytwj	腕
ocytds	腖
ocytgo	腘
ocytzs	腙
ocytdk	腚
ocytwu	腛
ocytmz	腜
ocyttr	腞
ocytui	腟
ocytzz	腠
ocytgo	腡
ocytyu	腢
ocytdi	腣
ocytyb	腤
ocytxk	腥
ocytyu	腧
ocytdr	腨
ocytnj	腩
ocytjy	腪
ocytvs	腫
ocytrz	腬
ocytsi	腮
ocytdy	腯
ocytyc	腰
ocytjm	腱
ocytww	腲
ocytqt	腳
ocytyu	腴
ocytxx	腵
ocytdr	腶
ocytfu	腷
ocytyh	腸
ocytfu	腹
ocytqr	腺
ocyter	腻
ocytmm	腼
ocytwf	腽
ocyttv	腿
ocytph	膀
ocytjm	膁
ocytwf	膃
ocytsz	膄
ocytth	膅
ocytsu	膆
ocytvv	膇
ocytge	膈
ocytyi	膉
ocytji	膌
ocytxi	膎
oclvrz	膐
ocytbb	膑
ocytqu	膒
ocytlu	膔
ocytgo	膕
ocytfg	膖
ocytcv	膗
ocytpn	膘
ocytql	膙
ochuww	膚
ocytth	膛
ocytmo	膜
ocytvr	膞
ocytlv	膟
ocytjr	膡
ocytlz	膢
ocytvi	膣
ocytxt	膤
ocytlb	膦
ocytts	膧
ocytpg	膨
ocyter	膩
ocytln	膫
ocytqn	膬
ocytgv	膭
ocytyc	膮
ocytdg	膯
ocytfj	膰
ocytjn	膲
ocytuj	膳
ocytwu	膴
ocytcv	膵
ocytxl	膷
ocytbf	膹
ocytdj	膻
ocytgo	膼
ocytvj	膽
ocythv	膾
ocytns	膿
ocdmyt	臀
ocytlm	臁
ocpiyt	臂
ocytys	臃
ocytuu	臅
ocytyi	臆
ocytjy	臇
ocytge	臈
ocytqm	臉
ocytzc	臊
ocdmrz	臋
ocytgu	臌
ocytqi	臍
ocytcv	臎
ocytbb	臏
ocytxy	臐
ocytxu	臑
ocytho	臒
ocytxm	臔
ocxkyt	臖
ocytkr	臗
ocytyj	臙
ocytlu	臚
ocytho	臛
ocytzj	臜
ocytqu	臞
ocytch	臟
ocnjrz	臡
ocytzj	臢
ocifyz	臤
ocifrf	臥
ocifif	臦
ocppmu	自
oczive	臫
oczimu	臬
ocziqr	臭
oczisi	臰
ocnpww	臲
ocviwf	致
ocvige	臵
ocvicy	臶
ocvivi	臸
ocviig	臹
ocviqb	臻
ocdcjq	臽
ocjqrf	臾
ocqmjq	臿
ocvxjq	舀
ocjqcc	舁
ociyjq	舂
ocjqyu	舃
ocjqnj	舅
ocqmkz	舌
ocrfue	舍
ocuejq	舏
ocueui	舐
ocuerj	舑
ocueyu	舒
ocueyi	舓
ocueyj	舕
ocuefu	舖
ocuefu	舗
ocuegr	舘
ocuevj	舚
ocxinq	舛
ocvzdc	舠
ocvzgs	舡
ocvzuj	舢
ocvzyi	舣
ocvzfj	舤
ocvzba	舥
ocvztd	舦
ocvzfj	舨
ocvzgs	舩
ocvzkh	航
ocvzfh	舫
ocvzuu	般
ocvzbi	舭
ocvzhu	舮
ocvzvs	舯
ocvzjm	舰
ocvzch	舱
ocvzlk	舲
ocvzyz	舳
ocvzva	舴
ocvzta	舵
ocvzbd	舶
ocvzxr	舷
ocvzke	舸
ocvzjx	舺
ocvzlu	舻
ocvzgs	舼
ocvzjl	舽
ocvzxi	舾
ocvzkx	舿
ocvzfu	艀
ocvzgc	艁
ocvzfg	艂
ocvzli	艃
ocvzxn	艄
ocvzyu	艅
ocvzll	艆
ocvztk	艇
ocvzlq	艈
ocvzww	艉
ocvzbo	艊
ocvzmg	艋
ocvznm	艌
ocvzju	艍
ocvzhl	艎
ocvzuz	艏
ocvzbm	艑
ocvzmc	艒
ocvzye	艓
ocvzdu	艔
ocvzph	艕
ocvzia	艖
ocvzyi	艗
ocvzsz	艘
ocvzch	艙
ocvzcc	艚
ocvzlz	艛
ocvzdd	艜
ocvzxt	艝
ocvzts	艟
ocvzdg	艠
ocvzdh	艡
ocvzse	艢
ocvzyi	艤
ocvzji	艥
ocvzjm	艦
ocvzho	艧
ocvzmg	艨
ocvzqi	艩
ocvzlu	艪
ocvzlu	艫
ocvzul	艭
ocdmgf	良
ocyzgf	艰
ocdcba	色
ocfgse	艳
ocfuse	艴
ocbkse	艵
ocfgse	艷
occccc	艸
occcyi	艺
occcli	艻
occcdk	艼
occcjq	艽
occcia	艾
occcnd	艿
occcdc	芀
occcji	芁
occcer	节
occcfj	芃
occcwj	芄
occcyi	芅
occcia	芆
occcjb	芇
occcgj	芉
occcqm	芊
occcyu	芋
occckv	芌
occcuc	芍
occcgs	芎
occctu	芏
occcxx	芐
occcji	芑
occcwh	芒
occczi	芓
occcxi	芕
occcda	芖
occcxl	芗
occcbi	芘
occcfu	芙
occcty	芚
occcyb	芛
occcwu	芜
occcvi	芝
occcqi	芞
occcuu	芟
occcwf	芠
occcqm	芡
occcrf	芢
occcbu	芣
occcks	芤
occcjp	芥
occchu	芦
occcyu	芧
occcji	芨
occcjb	芩
occcui	芪
occcyr	芫
occcff	芬
occcba	芭
occcnw	芮
occcxb	芯
occcvi	芰
occchx	花
occcfh	芳
occcwu	芴
occcgk	芵
occcgz	芶
occcvi	芷
occcyy	芸
occcjb	芹
occcyc	芺
occcmc	芼
occcya	芽
occcfu	芾
occcrg	芿
occckh	苀
occccs	苁
occcho	苂
occcyz	苃
occcbm	苄
occcyi	苅
occcqp	苆
occcww	苇
occcli	苈
occcpi	苉
occcee	苊
occcjm	苋
occcih	苌
occcch	苍
occcbj	苏
occcwj	苑
occcrj	苒
occclk	苓
occctd	苔
occcvc	苕
occcyz	苖
occctm	苗
occcjs	苘
occcli	苙
occcys	苚
occcke	苛
occcmu	苜
occcbw	苝
occcbc	苞
occcju	苟
occcmb	苠
occcyi	苡
occckz	苢
occcju	苣
occcpi	苤
occcyz	若
occcgu	苦
occcnk	苧
occcni	苨
occcbd	苩
occcbk	苪
occcvj	苫
occcqq	苬
occcyz	苭
occcxm	苮
occcbf	苯
occchs	苰
occcyh	英
occcva	苲
occcds	苳
occcqp	苴
occcui	苵
occcgj	苷
occchu	苸
occcpk	苹
occcmu	苺
occcfu	苻
occcug	苼
occcgx	苽
occcbi	苾
occcww	苿
occcfu	茀
occciu	茁
occcwu	茂
occcjx	茄
occcmc	茅
occcmc	茆
occcba	茇
occcci	茈
occcmo	茉
occcqq	茊
occcdi	茋
occcui	茌
occcju	茍
occcls	茏
occccs	茐
occcnn	茑
occcxt	茓
occcge	茖
occcmk	茗
occcrs	茙
occcyb	茚
occcll	茛
occcxi	茜
occcif	茝
occcif	茞
occcyu	茟
occcxq	茠
occczi	茡
occclp	茢
occcwu	茣
occcdo	茤
occcgv	茥
occcci	茦
occcis	茧
occcci	茨
occchz	茩
occcgl	茪
occczd	茬
occcjn	茭
occcfu	茯
occcvu	茱
occcjl	茳
occchv	茴
occcyb	茵
occcfa	茷
occcer	茸
occcru	茹
occcis	茺
occcts	茼
occcvs	茽
occckd	茾
occcgs	茿
occcxy	荀
occcgf	荁
occckx	荂
occcqr	荃
occchd	荄
occche	荅
occcxk	荇
occcir	荈
occczc	草
occcxk	荊
occcer	荋
occcan	荌
occcuz	荍
occcvi	荎
occcrf	荏
occccy	荐
occcyi	荑
occchl	荒
occcbk	荓
occcle	荕
occclc	荖
occcuu	荗
occcvl	荘
occcda	荙
occcjx	荚
occcyc	荛
occcbi	荜
occcze	荝
occcqn	荞
occchv	荟
occcqi	荠
occcth	荡
occcyu	荢
occcjy	荤
occcxy	荨
occcjb	荩
occcsy	荪
occcyb	荫
occcmd	荬
occchs	荭
occccy	荮
occcyt	药
occcdu	荰
occcww	荱
occcli	荲
occcdz	荳
occcfu	荴
occcrf	荵
occcyb	荶
occche	荷
occcbo	荸
occcbu	荹
occcjy	荺
occcdi	荻
occcyu	荼
occcto	荽
occcqy	荾
occcig	荿
occcif	莀
occcwu	莁
occcbp	莂
occcxi	莃
occcgg	莄
occcww	莅
occcfu	莆
occcvu	莇
occcmw	莈
occcli	莉
occcvl	莊
occczo	莋
occcdv	莌
occcqq	莍
occcua	莎
occcic	莏
occcuf	莐
occcfg	莑
occclv	莒
occcmw	莓
occcjs	莔
occcxk	莕
occcjk	莖
occcie	莗
occcxb	莘
occcjy	莙
occcyj	莚
occctk	莛
occcyz	莜
occczo	莝
occcwj	莞
occchj	莟
occcxq	莠
occczu	莡
occcjx	莢
occcwh	莣
occcyz	莤
occcxn	莦
occcjm	莧
occcll	莨
occcfu	莩
occcwo	莪
occcmm	莬
occcji	莭
occcnj	莮
occcmu	莯
occckj	莰
occcld	莱
occclm	莲
occcui	莳
occcgo	莴
occcqm	莶
occcyz	莸
occciy	莼
occcbf	莾
occcci	莿
occcwj	菀
occcqk	菁
occcde	菂
occcds	菄
occcgr	菅
occcqu	菆
occcgu	菇
occcla	菈
occclu	菉
occcww	菋
occcnm	菍
occcky	菎
occche	菏
occcgo	菓
occcfu	菔
occcly	菕
occcih	菖
occciz	菗
occcss	菘
occciv	菙
occcmf	菛
occccd	菜
occcba	菝
occctu	菟
occcbo	菠
occchj	菡
occcbc	菢
occcjr	菤
occcxi	菥
occcjb	菦
occcdi	菧
occcqp	菨
occcpz	菩
occcdh	菪
occcvc	菬
occcvi	菭
occcgg	菮
occcgu	菰
occclk	菱
occcfw	菲
occcjb	菳
occcyj	菴
occcwh	菵
occcfg	菶
occcvz	菷
occcyu	菸
occcju	菹
occcjm	菺
occclb	菻
occcyj	菼
occcuu	菽
occctm	菾
occcdc	菿
occchu	萀
occcqi	萁
occche	萂
occczu	萃
occcbw	萆
occcih	萇
occcfw	萉
occcld	萊
occcqi	萋
occcmk	萌
occcpk	萍
occcww	萎
occcjp	萐
occcvv	萑
occcyi	萓
occcvc	萔
occcer	萖
occczs	萗
occcnd	萘
occcvf	萙
occcze	萚
occctp	萜
occclo	萝
occcpg	萠
occcbo	萡
occcpc	萢
occcdk	萣
occcsu	萧
occcqq	萩
occcke	萪
occcxl	萫
occcyu	萬
occcyu	萭
occcyu	萮
occcfu	萯
occcjm	萰
occcxr	萱
occcyr	萲
occcnj	萳
occcze	萴
occcgo	萵
occciy	萶
occcxt	萷
occcyu	萸
occcbm	萹
occcmc	萺
occcyb	萻
occclo	落
occcyk	萾
occcho	萿
occcko	葀
occcjl	葁
occcmm	葂
occczo	葃
occczu	葅
occcbc	葆
occcrz	葇
octdmu	葈
occcye	葉
occcjm	葌
occcfu	葍
occclv	葎
occcjb	葏
occcpf	葐
occcfg	葑
occchs	葒
occchs	葓
occchz	葔
occcyj	葕
occctu	葖
occcve	著
occcxl	葙
occcuf	葚
occche	葛
occcqi	葜
occcjb	葝
occcmi	葞
occchl	葟
occcqb	葠
occcpu	葡
occcvs	董
occcvz	葤
occcqm	葥
occcww	葦
occcbo	葧
occcww	葨
occchu	葫
occcxx	葭
occcdr	葮
occcyt	葯
occcjy	葰
occcqr	葲
occcww	葳
occcxm	葴
occcgv	葵
occctk	葶
occcjy	葷
occcsi	葸
occcui	葹
occcfg	葻
occcyc	葽
occcyr	葾
occcmw	葿
occcwf	蒀
occcuu	蒁
occcdi	蒂
occctr	蒃
occcgr	蒄
occcrj	蒅
occcjp	蒈
occcgv	蒉
ochxii	蒊
occcjl	蒋
occclz	蒌
occcww	蒍
occcpd	蒎
occcgv	蒐
occcyb	蒑
occcui	蒒
occciy	蒓
occcui	蒔
occcwf	蒕
occcvf	蒖
occclh	蒗
ocruuz	蒘
occcmg	蒙
occcge	蒚
occcqt	蒛
occcyr	蒝
occcxi	蒠
occcph	蒡
occciu	蒢
occcxu	蒣
occctu	蒤
occclq	蒥
occcvi	蒦
ocmcvj	蒧
occcqm	蒨
occczu	蒩
occcvr	蒪
occcia	蒫
occcyr	蒬
occche	蒮
occcbj	蒰
occcbu	蒱
occcpu	蒲
occcna	蒳
occcuo	蒴
occcxi	蒵
occcff	蒶
occcyr	蒷
occcjm	蒹
occcji	蒺
occcro	蒻
occcch	蒼
occcen	蒽
occcmi	蒾
occcgc	蒿
occcsy	蓀
occcqb	蓁
occcmk	蓂
occcsz	蓃
occcxu	蓄
occclq	蓅
occcxi	蓆
occcgu	蓇
occclh	蓈
occcrs	蓉
occcwg	蓊
occche	蓋
occcth	蓎
occcru	蓐
occcuk	蓑
occcxr	蓒
occcbw	蓓
occcgc	蓔
occcgv	蓕
occctu	蓗
occczo	蓙
occcxq	蓚
occcii	蓛
occcpw	蓜
occcjm	蓝
occcyc	蓞
occcli	蓠
occcjb	蓡
occclh	蓢
occcyu	蓣
occclk	蓤
ocmoma	蓦
occctn	蓧
occcxq	蓨
occcwu	蓩
occcts	蓪
occcvu	蓫
occcfg	蓬
occcan	蓭
occclm	蓮
occccs	蓯
occcxi	蓰
occcqu	蓲
occcjb	蓳
occcvr	蓴
occcjp	蓵
occcww	蓶
occctv	蓷
occccc	蓸
occcyu	蓹
occcvi	蓻
occcbi	蓽
occclu	蓾
occcsu	蓿
occcbu	蔀
occcvh	蔁
occclw	蔂
occcql	蔃
occcwf	蔄
occcji	蔇
occcpn	蔈
occchj	蔊
occcuu	蔋
occclu	蔍
occcue	蔎
occcuh	蔏
occcdi	蔐
occcmj	蔓
occcfu	蔔
occcdd	蔕
occcuu	蔗
occccj	蔘
occcxr	蔙
occcww	蔚
occchu	蔛
occcao	蔜
occcmi	蔝
occclz	蔞
occczu	蔟
occcvs	蔠
occcji	蔡
occcpo	蔢
occcjl	蔣
occcmi	蔤
occcnn	蔦
occchv	蔧
occcqr	蔨
occcyb	蔩
occcvj	蔪
occcyj	蔫
occcuu	蔬
occcyb	蔭
occcgo	蔮
occcif	蔯
occchu	蔰
occcua	蔱
occcqk	蔳
occcma	蔴
ocmcif	蔵
occcze	蔶
occcse	蔷
occcdz	蔸
occclm	蔹
occckz	蔻
occcbi	蔽
occcww	蔿
occcji	蕀
occcxy	蕁
occcfj	蕃
occcmf	蕄
occcdj	蕇
occctj	蕈
occcjn	蕉
occcrv	蕊
occcjk	蕌
occcyu	蕍
occcqn	蕎
occcvu	蕏
occcxm	蕑
occcmd	蕒
occcyy	蕓
occcbc	蕔
occcqu	蕖
occclu	蕗
occcyc	蕘
occchv	蕙
occcbw	蕜
occcjt	蕝
occczv	蕞
occcfa	蕟
occcxu	蕠
occcbf	蕡
occcgv	蕢
occcuy	蕣
occcya	蕥
occcxu	蕦
occcfu	蕧
occcjt	蕨
occcth	蕩
occcwu	蕪
occcts	蕫
occcsu	蕭
occcls	蕯
occcwf	蕰
occcuc	蕱
occcjm	蕳
occcyy	蕴
occclk	蕶
occcyu	蕷
occcxx	蕸
occcys	蕹
occcji	蕺
occcsi	蕼
occcns	蕽
occclw	蕾
occcwf	薀
occcao	薁
occcjn	薂
occcfu	薄
occcai	薆
occcww	薇
occchv	薈
occcsv	薉
occcvi	薋
occcxl	薌
occclr	薍
occcyi	薏
occcjl	薑
occccj	薒
occcse	薔
occclm	薕
occcgo	薖
occcyr	薗
occcda	薘
occcvi	薙
occcpi	薜
occcvj	薝
occcqm	薟
occcfj	薠
occcdk	薡
occcjp	薢
occcgu	薣
occcuu	薥
occcxb	薪
occcle	薬
occcuu	薮
occcuu	薯
occcxy	薰
occcdv	薱
occcbb	薲
occcyr	薳
occcnk	薴
occcuz	薵
occcli	薶
occcxu	薷
occcpn	薸
occcqi	薺
occcvf	薽
occcer	薾
occcyi	薿
ochcmu	藁
occcju	藂
occcqi	藄
occcfa	藅
occcqm	藆
occcyu	藇
occckv	藈
occcvd	藋
occcmi	藌
occcjm	藍
occcjb	藎
occczh	藏
occcmc	藐
occcxm	藓
occcln	藔
occcou	藕
occcxm	藖
occclv	藘
occcyi	藙
occcmd	藚
occcxp	藛
occcli	藜
occclw	藞
occcui	藡
occcvg	藢
occctg	藤
occcle	藥
occcmo	藦
occchr	藧
occcpj	藩
occcuu	藪
occctj	藫
occcqs	藭
occcqn	藮
occcww	藯
occclq	藰
occcuu	藲
ochche	藳
occcyy	藴
occcli	藶
occcvu	藷
occcvu	藸
occcye	藹
occczc	藻
occcxm	藼
occcqb	藽
occcld	藾
occcho	藿
occcze	蘀
occcee	蘁
occchg	蘅
occclu	蘆
occcsu	蘇
occctv	蘈
occcyy	蘊
occcpb	蘋
occcmo	蘑
occcyk	蘔
occcfg	蘕
ocxtmu	蘖
occcxl	蘘
occcxm	蘚
occcju	蘜
occclm	蘝
occclm	蘞
occcyb	蘟
occcyk	蘡
occcls	蘢
occcly	蘥
occcyc	蘨
occcfj	蘩
occclj	蘫
occcgv	蘬
occclj	蘭
occcmj	蘰
occclw	蘱
occcfg	蘴
occcvi	蘵
occcww	蘶
occcjn	蘸
occchk	蘹
occcli	蘺
occcmi	蘼
occchk	蘾
occclo	蘿
occclu	虂
occctg	虅
occclw	虆
occclr	虊
ocbimm	虌
ochuji	虎
ochuli	虏
ochuxb	虑
ocjqhu	虓
ochuwf	虔
ochuhu	虖
ochuqq	虗
ochuqp	虘
ochubi	虙
ochuye	虚
ochuye	虛
ochunj	虜
ochuwu	虝
ochuwu	虞
ochchu	號
ocjnhu	虠
ocxuba	虡
ocwuhu	虣
ochuhu	虤
ocisve	虬
ocisdc	虭
ocisji	虮
ocisjq	虯
ocisdk	虰
ocveis	虱
ocisbu	虲
ocisuc	虳
ocisto	虴
ocisye	虵
ocisyu	虶
ocisgj	虷
ociszi	虸
ocisgs	虹
ocwuis	虺
ociswh	虻
ocisqi	虼
ockzis	虽
ocisxx	虾
ocwjis	虿
ocuiis	蚀
ocisyi	蚁
ocisma	蚂
ocxlis	蚃
ocisfh	蚄
ocisee	蚅
ocisba	蚆
ocisii	蚇
ociskd	蚈
ocwfis	蚉
ociswf	蚊
ocisnw	蚋
ocisfg	蚌
ocisbi	蚍
ocisri	蚎
ocisyt	蚏
ocisyy	蚐
ocisvi	蚑
ocisdj	蚒
ocisyb	蚓
ocisui	蚔
octmis	蚕
ocisyr	蚖
ocisgk	蚗
ocisyz	蚘
ocisjb	蚙
ocisjb	蚚
ocisvs	蚛
ocisya	蚜
ocismc	蚝
ocismu	蚞
ociswh	蚟
ocffis	蚠
ocisff	蚡
ociskh	蚢
ocisgs	蚣
ociais	蚤
ocisfu	蚥
ocisjp	蚧
ocisfu	蚨
ocisdz	蚪
ocisbc	蚫
ocisjm	蚬
ocisni	蚭
ocisdd	蚮
ocisqq	蚯
ocisyz	蚰
ocisva	蚱
ocispk	蚲
ocisdi	蚳
ocisyz	蚴
ociske	蚵
ocisgj	蚶
ocisju	蚷
ocisii	蚸
ocisfu	蚹
ocisrj	蚺
ocvais	蚻
ocisju	蚼
ocispi	蚽
ocispi	蚾
ocisxr	蚿
ocisvu	蛀
ocisvc	蛁
ocisba	蛂
ocisbk	蛃
ocisgu	蛄
ocisvj	蛅
ocisqp	蛆
ocista	蛇
ocisui	蛈
ocislk	蛉
ocismb	蛊
ocpiis	蛋
ocisgx	蛌
ocisli	蛎
ocisug	蛏
ocisqu	蛐
ocismz	蛑
ocisge	蛒
ocishv	蛔
ocisyz	蛕
ocisls	蛖
ocdvis	蛗
ocisyh	蛘
ocisgv	蛙
ocislp	蛚
ocisvu	蛛
ocisyi	蛜
ocisgf	蛝
ocisue	蛞
ocisjn	蛟
ocisyu	蛡
ocisbk	蛢
ocisji	蛣
ocishe	蛤
ocisdo	蛥
ocisyi	蛦
ociswh	蛧
ocisbd	蛨
ocgsis	蛩
ocisww	蛫
ocgsis	蛬
ocisvi	蛭
ocyiis	蛮
ocislc	蛯
ocviis	蛰
ocisjx	蛱
ocisyc	蛲
ocisui	蛳
ocisqi	蛴
ocisjk	蛵
ocisqq	蛷
ocisxn	蛸
ocisys	蛹
ocisjx	蛺
ocisdv	蛻
ocisie	蛼
ocisbw	蛽
ociswo	蛾
ocishj	蛿
ocisfg	蜂
ocifis	蜃
ocisif	蜄
ocisfu	蜅
ocisjm	蜆
ocveis	蜇
ociswu	蜈
ocisfu	蜉
ocisli	蜊
ocisll	蜋
ocisyu	蜍
ocisyr	蜎
ocisxq	蜏
ocisjp	蜐
ocyjis	蜑
ocisyj	蜒
ocistk	蜓
ocisdm	蜔
ocisdv	蜕
ocishv	蜖
ocisgo	蜗
ocisvi	蜘
ocisss	蜙
ocfwis	蜚
ocisju	蜛
ocmiis	蜜
ocqiis	蜝
ocisqi	蜞
ocisyu	蜟
ocisxi	蜡
ocismg	蜢
ocisql	蜣
ocxiis	蜤
ocisxi	蜥
ocisly	蜦
ocisli	蜧
ocisjp	蜨
ocisvz	蜩
ocisky	蜫
ocishj	蜬
ocisho	蜮
ocisfg	蜯
ocfwis	蜰
ocisbw	蜱
ocisww	蜲
ocisxl	蜳
ocisyi	蜴
ociszu	蜶
ocisjr	蜷
ocisrv	蜹
ociser	蜺
ocisqk	蜻
ocisvv	蜼
ocisll	蜽
ocisgo	蜾
ociswj	蜿
ocisds	蝀
ocyais	蝁
ocisbj	蝂
ocisvo	蝃
ociswh	蝄
ocismi	蝆
ocismm	蝇
ocisgo	蝈
ocisdj	蝉
ocisdk	蝊
ociske	蝌
ocisji	蝍
ocishe	蝎
ocistk	蝏
ocismc	蝐
ocisxu	蝑
ocismm	蝒
ocisyu	蝓
ocisjp	蝔
ocuiis	蝕
ocisxr	蝖
ocishl	蝗
ocisbm	蝙
ocisrz	蝚
ocisww	蝛
ocisfu	蝜
ocistr	蝝
ocismw	蝞
ocisww	蝟
ocisfu	蝠
ocisye	蝢
ocisqq	蝤
ocisxx	蝦
ocisyk	蝧
ocisvs	蝩
ocisyh	蝪
ocisve	蝫
ocisui	蝭
ocisfu	蝮
ocisyr	蝯
ociskv	蝰
ocisci	蝲
ocisdu	蝳
ocishu	蝴
ocqqis	蝵
ocisye	蝶
ocisgo	蝸
ociswf	蝹
ocisyu	蝺
ocisnj	蝻
ocislz	蝼
ocisiy	蝽
ocisrs	蝾
ocjlis	螀
ocistv	螁
ocislh	螂
ocisph	螃
ocisui	螄
ocisxi	螅
ociszi	螆
ocisxi	螇
ocisyr	螈
ociswg	螉
ocisjm	螊
ocissz	螋
ocbjis	螌
ocgeis	融
ocisge	螎
ocisji	螏
ociswu	螐
ocisiz	螑
ocisqb	螓
ocissi	螔
ocisgu	螖
ocisth	螗
ocisqi	螘
ocngis	螚
ocishd	螛
ocisgv	螝
ocisma	螞
ocismk	螟
ocisyi	螠
ocisch	螥
ocissu	螦
ocisqi	螧
ocistn	螩
ocisuh	螪
ocueis	螫
ociscc	螬
ocisli	螭
ocisdd	螮
ocaois	螯
ocislu	螰
ocwwis	螱
ocisvi	螲
ocisth	螳
ocifis	螴
ocispn	螵
ocyuis	螸
ocisvj	螹
ocislw	螺
ocislz	螻
ocisjb	螼
ocisyb	螾
ocjlis	螿
ocislv	蟀
ocisxn	蟂
ocismj	蟃
ocviis	蟄
ocisuu	蟅
ocismo	蟆
ocmois	蟇
ocisgo	蟈
ocisxi	蟋
ocisli	蟍
ocismj	蟎
ocisxn	蟏
ocisih	蟐
ocisvh	蟑
ocismh	蟒
ocisxl	蟓
ocishw	蟔
ocissi	蟖
ocisdd	蟘
ocpgis	蟚
ocispg	蟛
ocisqn	蟜
ocisqu	蟝
ocbiis	蟞
ocisln	蟟
ocisfj	蟠
ocisww	蟡
ocisxi	蟢
ocisji	蟣
ocisxy	蟤
ocishl	蟥
ocisbf	蟦
ocislc	蟧
ocjtis	蟨
ocisjt	蟩
ocishv	蟪
ocistj	蟫
ocisdj	蟬
ocisjn	蟭
ocisuj	蟮
ocisyc	蟯
ocissu	蟰
ociswu	蟱
ocisxy	蟳
ocsiis	蟴
ocisiu	蟵
ocisug	蟶
ocisdh	蟷
ocjpis	蟹
ocisdj	蟺
ocisyi	蟻
ocjkis	蟼
ocisda	蟽
ocisvj	蟾
ocisvi	蠀
ocxlis	蠁
ocisye	蠂
ocisqb	蠄
ocismm	蠅
ocwjis	蠆
ociswj	蠇
oczwis	蠈
ocislm	蠊
ocisuu	蠋
ocisxp	蠍
ocisjp	蠏
ocisqi	蠐
ocisrs	蠑
oceris	蠒
ocismg	蠓
ocishc	蠔
ocisxu	蠕
ocisho	蠖
ocisvd	蠗
ocisjp	蠘
ocisbb	蠙
ocismp	蠛
ocfjis	蠜
ocjpis	蠞
ociswj	蠣
ocislu	蠦
ocisxn	蠨
ocisvu	蠩
oclsis	蠪
ocisls	蠬
ocisxl	蠰
ocismb	蠱
ocyiuu	蠲
ocisyk	蠳
ocisuu	蠴
ocisqu	蠷
ocisuu	蠾
ocppmb	血
ocwhxt	衁
ocxtrf	衂
ocxtbu	衃
ocxtiz	衄
ocxtbj	衅
ocxtpd	衇
ocxter	衈
ocxtge	衉
ocxtmp	衊
ocrfiu	行
ocxkuv	衍
ocxkgj	衎
ocxkyr	衏
ocxkju	衐
ocxklk	衑
ocxkxr	衒
ocxkuu	術
ocxkjb	衔
ocxkts	衕
ocxkgs	衖
ocxkgv	街
ocxkfz	衘
ocxkwu	衙
ocxkhu	衚
ocxkww	衛
ocxkuz	衜
ocxkvs	衝
ocxkvf	衠
ocxkqu	衢
ocwfyi	衣
ocppdm	衤
ocppbu	补
ocppgj	衦
ocppyu	衧
ocfgyi	表
ocppia	衩
ocppye	衪
ocppuj	衫
ocppcy	衬
ocppfu	衭
ocyigs	衮
ocppff	衯
ocppji	衱
ocppnw	衲
ocppgs	衳
ocppyb	衴
ocppri	衵
ocppvs	衶
ocyivs	衷
ocppjp	衸
ocppui	衹
ocyiya	衺
ocppvi	衼
ocpprf	衽
ocjbyi	衾
ocppjb	衿
ocppyy	袀
ocppgk	袂
ocqpyi	袃
ocppyc	袄
ocnnyi	袅
ocppww	袆
ocppdj	袇
ocjxyi	袈
ocppta	袉
ocpplk	袊
ocddyi	袋
ocyibc	袌
ocppbc	袍
ocppyz	袎
ocppzo	袏
ocppbi	袐
ocppvc	袑
ocppdj	袒
ocppqp	袓
ocppke	袔
ocppxt	袕
ocppyz	袖
ocppvf	袗
ocppbd	袙
ocppba	袚
ocppdi	袛
ocppmo	袜
ocppfu	袝
ocppui	袟
ocyiui	袠
ocpprj	袡
ocppbj	袢
ocppui	袣
ocyimc	袤
ocppui	袥
ocppiu	袦
ocppju	袧
ocppxr	袨
ocppvj	袩
ocppqu	袪
ocpppi	被
ocyitd	袬
oclsyi	袭
ocppfa	袯
ocmuyi	袰
ocppfu	袱
ocyido	袲
ocppdo	袳
ocppkx	袴
ocpprf	袵
ocppjl	袶
ocpphe	袷
ocppcy	袸
ocppbd	袹
ocppji	袺
ocpper	袻
ocppge	袼
ocppru	袽
ocppvu	袾
ocppgv	袿
ocppyb	裀
oclpyi	裂
ocppxk	裄
ocvlyi	装
ocppdh	裆
ocppxt	裇
ocppjy	裈
ocppgf	裉
ocnnyi	裊
ocppdz	裋
ocppjx	裌
ocppky	裍
ocppig	裎
ocyili	裏
ocppyr	裐
ocppuf	裑
ocyijq	裒
ocppjp	裓
ocyijs	裔
ocppgu	裕
ocppif	裖
ocpplq	裗
ocqqyi	裘
ocppjy	裙
ocveyi	裚
ocyiyi	裛
ocppfu	補
ocvlyi	裝
ocppdv	裞
ocuayi	裟
ocjyyi	裠
ocppli	裡
ocpplm	裢
ocppqm	裣
ocppku	裤
ocppjm	裥
ocppyj	裧
ocppbw	裨
ocppky	裩
ocpplk	裬
ocpphu	裭
ocppih	裮
ocppvz	裯
ocppvo	裰
ocppbn	裱
ocppll	裲
ocuhyi	裳
ocfwyi	裴
ocyifw	裵
ocppfw	裶
ocppjr	裷
ocppgo	裸
ocyigo	裹
ocppyj	裺
ocuuyi	裻
ocppyi	裼
ocviyi	製
ocppju	裾
ocppqi	裿
ocppqi	褀
ocgoyi	褁
ocppgx	褂
ocppkf	褃
ocppqi	褄
ocppdi	褅
ocppui	褆
ocppfu	複
ocppvs	褈
ocppqi	褉
ocppbm	褊
ocppye	褋
ocppjy	褌
ocppdr	褍
ocpphe	褐
ocppyr	褑
ocyibc	褒
ocppbc	褓
ocppfu	褔
ocppyu	褕
ocpptr	褖
ocppww	褘
ocppbw	褙
ocppve	褚
ocpplz	褛
ocbcyi	褜
ocppdj	褝
ocppwf	褞
ocppgz	褠
ocyigv	褢
ocpprs	褣
ocppyr	褤
ocppru	褥
ocppng	褦
ocggyi	褧
ocppia	褨
ocbjyi	褩
ocpptv	褪
ocppsi	褫
ocppsh	褬
ocyima	褭
ocppxi	褯
ocppku	褲
ocpplm	褳
ocppjm	褴
ocppli	褵
ocppxi	褷
ocpplz	褸
ocviyi	褺
ocwwyi	褽
ocpppn	褾
ocppcc	褿
ocppze	襀
ocppql	襁
ocppcj	襂
ocppbi	襅
ocppjm	襇
ocppxy	襈
ocppxm	襉
ocppzv	襊
ocppji	襋
ocppdj	襌
ocppji	襍
ocppfj	襎
ocppfa	襏
ocppxl	襐
ocppxy	襑
ocppbi	襒
ocppyc	襓
ocppmj	襔
ocpplj	襕
ocppao	襖
ocpphv	襘
ocppzc	襙
ocppsv	襚
ocppns	襛
ocppvj	襜
ocppqm	襝
ocpiyi	襞
ocppjb	襟
ocppdh	襠
ocppuu	襡
ocppdj	襢
ocppbi	襣
ocppjm	襤
ocpppu	襥
ocppxu	襦
ocpper	襧
ocppdv	襨
ocppmd	襩
ocppmp	襪
ocppbc	襮
ocppqb	襯
ocppld	襰
ocppls	襱
oclsyi	襲
ocpplj	襴
ocppnp	襵
ocppdd	襶
ocppju	襷
ocppzj	襸
ocppli	襹
ocppjm	襺
ocpppj	襻
ocppyi	襼
ocxinv	要
ocxifj	覂
ocxizc	覃
ocxifu	覄
ocycwu	覅
ocxijn	覈
ocmuer	見
ocyzjm	覌
ocxnjm	覍
ocjmzi	覎
ocfujm	規
ocjmyc	覐
ocpmjm	覑
ocmcjm	覒
ocvxjm	覓
ocbujm	覔
ocbijm	覕
ocppjm	視
ocsijm	覗
ocvjjm	覘
ocerjm	覙
ocpdjm	覛
ocvcjm	覜
ocjmjm	覞
ocvijm	覟
ocjyjm	覠
ocwujm	覡
ocyjjm	覢
ocwwjm	覣
ochujm	覤
ocdmjm	覥
ocyujm	覦
ocvejm	覩
ocqbjm	親
ocphjm	覫
ocqijm	覬
ocmkjm	覭
ocgzjm	覯
ocvjjm	覱
ocjbjm	覲
ocdgjm	覴
ocxmjm	覵
ocxujm	覷
ocjmjm	覸
ocjmww	覹
ocerjm	覼
ocmdjm	覿
ockler	见
ocyzjm	观
ocjmzi	觃
ocfujm	规
ocvxjm	觅
ocppjm	视
ocvjjm	觇
ocqijm	觊
ocwujm	觋
ocmdjm	觌
ocdmjm	觍
ocyujm	觎
ocgzjm	觏
ocjbjm	觐
ocxujm	觑
ocdcys	角
ocjnjq	觓
ocjnli	觔
ocnqjn	觕
ocjngk	觖
ocjnui	觗
ocjnuc	觘
ocjnji	觙
ocjngx	觚
ocjndj	觛
occijn	觜
ocjndi	觝
ocjngv	觟
ocjrjn	觠
ocjnge	觡
ocjnww	觤
ocjngl	觥
ocjnis	触
ocjnyh	觧
ocjngs	觨
ocjnqq	觩
ocjnxb	觪
ocjnuu	觫
ocjner	觬
ocjnqi	觭
ocjnlu	觮
ocjndj	觯
ocjnve	觰
ocxmjn	觱
ocjnhl	觵
ocjndj	觶
ocjnuu	觸
ocjnjy	觹
ocyijn	觺
ocjnle	觻
ocjnyj	觾
ocyjdk	訂
ocyjbu	訃
ocjqyj	訄
ocyjjq	訅
ocyjjq	訆
ocbcyj	訇
ocyjui	計
ocyjfj	訉
ocyjxy	訊
ocyjuc	訋
ocyjgs	訌
ocyjia	訍
ocyjcy	討
ocyjyu	訏
ocyjgj	訐
ocyjye	訑
ocyjrf	訒
ocyjir	訓
ocujyj	訔
ocyjuj	訕
ocyjqi	訖
ocyjto	託
ocyjji	記
ocyjwj	訙
ocmfyj	訚
ocyjhx	訛
ocyjff	訜
ocyjya	訝
ocyjyc	訞
ocyjgs	訟
ocyjyb	訠
ocyjjb	訡
ocyjjb	訢
ocyjgk	訣
ocyjyc	訤
ocyjnw	訥
ocyjyb	訦
ocyjyz	訧
ocyjvi	訨
ocyjxs	訩
ocyjfh	訪
ocyjxb	訫
ocyjuc	訬
ocyjuu	設
ocyjkd	訮
ocyjji	訯
ocyjty	訰
ocyjwu	許
ocyjvs	訲
ocyjii	訳
ocyjii	訴
ocyjsi	訵
ocyjke	訶
ocyjuf	訷
ocyjhe	訸
ocyjuu	訹
ocyjvf	診
ocyjvu	註
ocyjvg	証
ocyjju	訽
occiyj	訾
ocyjci	訿
ocyjvj	詀
ocyjgu	詁
ocyjfu	詂
ocyjxr	詃
ocyjui	詄
ocyjlk	詅
ocyjdi	詆
ocyjyh	詇
ocsiyj	詈
ocyjnu	詉
ocyjbj	詊
ocyjxs	詋
ocyjgj	詌
ocyjui	詍
ocyjju	詎
ocyjyz	詏
ocyjva	詐
ocyjta	詑
ocyjtd	詒
ocyjqu	詓
ocyjvc	詔
ocyjpk	評
ocyjpi	詖
ocyjjs	詗
ocyjiu	詘
ocyjba	詙
ocyjdj	詚
ocyjqp	詛
ocyjnk	詝
ocyjsi	詞
oclsyj	詟
ocyjys	詠
ocyjyu	詡
ocyjxy	詢
ocyjvi	詣
ocyjhe	詥
ocyjui	試
ocyjjn	詨
ocyjsi	詩
ocyjgf	詪
ocyjvd	詫
ocyjhz	詬
ocyjww	詭
ocyjqr	詮
ocyjzi	詯
ocyjji	詰
ocyjue	話
ocyjhd	該
ocyjyh	詳
ocyjyz	詴
ocyjxm	詵
ocyjvz	詶
ocyjts	詷
ocyjmi	詸
ocyjmk	詺
ocyjge	詻
ocyjhv	詼
ocyjxs	詾
ocyjgv	詿
ocyjer	誀
ocyjbk	誁
ocyjvc	誂
ocyjdo	誃
ocyjlw	誄
ocyjvu	誅
ocyjkl	誆
ocyjkx	誇
ocyjvi	誈
ocxkyj	誉
ocjryj	誊
ocyjji	誋
ocyjvi	誌
ocyjrf	認
ocyjuu	誎
ocyjll	誏
ocyjwo	誐
ocyjkl	誑
ocyjyi	誒
ocveyj	誓
ocyjtk	誔
ocyjyj	誕
ocyjbo	誖
ocyjli	誗
ocyjxq	誘
ocyjjk	誙
ocyjxn	誚
ocyjqy	誜
ocyjhj	誝
ocyjwu	語
ocyjxn	誟
ocyjig	誠
ocyjjp	誡
ocyjjm	誢
ocyjwu	誣
ocyjwu	誤
ocyjgc	誥
ocyjys	誦
ocyjfu	誧
ocyjmw	誨
ocyjyj	誩
ocyjdv	說
ocyjif	誫
ocyjdv	説
ocyjhx	誮
ocyjih	誯
ocyjvv	誰
ocyjjp	誱
ocyjgo	課
ocyjqu	誳
ocyjzs	誴
ocyjyc	誵
ocyjzu	誶
ocyjwh	誷
ocyjxr	誸
ocyjfw	誹
ocyjld	誺
ocyjda	誻
ocyjyi	誼
ocyjer	誽
ocmfyj	誾
ocyjvz	調
ocyjbw	諀
ocyjvo	諁
ocyjlb	諃
ocyjxl	諄
ocqiyj	諅
ocyjqi	諆
ocyjyj	談
ocyjiv	諈
ocyjww	諉
ocyjqk	請
ocyjds	諌
ocyjvg	諍
ocyjxi	諎
ocyjqu	諏
ockjyj	諐
ocyjjk	諒
ocyjuu	諔
ocyjhu	諕
ocyjly	論
ocyjnm	諗
ocyjbn	諘
ocyjhy	諙
ocyjdk	諚
ocyjyu	諛
ocyjye	諜
ocyjxu	諝
ocyjbm	諞
ocyjui	諟
ocyjxr	諠
ocyjjy	諢
ocyjgo	諣
ocyjvs	諥
ocyjdi	諦
ocyjjp	諧
ocyjfu	諨
ocyjbk	諩
ocyjtk	諪
ocyjjm	諫
ocyjyu	諭
ocyjzi	諮
ocyjdr	諯
ocyjsi	諰
ocyjww	諱
ocyjyb	諳
ocyjxm	諴
ocyjnj	諵
ocyjuf	諶
ocyjfg	諷
ocyjve	諸
ocyjyh	諹
ocyjyj	諺
ocyjhl	諻
ocyjyr	諼
ocyjge	諽
ocyjro	諾
ocyjmz	謀
ocyjhe	謁
ocyjww	謂
ocyjxk	謃
ocytjr	謄
ocyjiu	謅
ocyjuj	謆
ocyjgv	謉
ocyjhl	謊
ocyjjp	謋
ocyjge	謌
ocyjmi	謎
ocyjsz	謏
ocyjxi	謑
ocyjch	謒
ocyjvf	謓
ocyjnt	謔
ocyjsi	謕
ocyjph	謗
ocyjjm	謙
ocyjyi	謚
ocyjgz	講
ocyjyr	謜
ocyjue	謝
ocyjgc	謞
ocyjyc	謟
ocyjyc	謠
ocyjyc	謡
ocyjvi	謢
ocyjyu	謣
ocyjpn	謤
ocyjli	謧
ocyjmo	謨
ocmoyj	謩
ocyjuh	謪
ocyjdi	謫
ocyjjm	謭
ocyjze	謮
ocyjlm	謰
ocyjlz	謱
ocyjcj	謲
ocyjqu	謳
ocyjgr	謴
ocyjxi	謵
ocyjuu	謶
ocaoyj	謷
ocyjao	謸
ocyjjb	謹
ocviyj	謺
ocyjyi	謻
ocqlyj	謽
ocyjmj	謾
ocyjic	謿
ocyjgj	譀
ocyjhx	譁
ocyjdj	譂
ocyjxu	譃
ocyjzg	譄
ocyjxi	譆
ocyjue	譇
ocyjdy	譈
ocyjdg	證
ocyjyc	譊
ocyjxm	譋
ocyjww	譌
ocyjji	譏
ocyjzy	譐
ocyjqn	譑
ocyjfj	譒
ocyjhv	譓
ocyjxy	譔
ocyjwu	譕
ocyjda	譗
ocyjjn	譙
ocyjtj	譚
ocyjti	譛
ocyjpu	譜
ocyjmm	譝
ocyjzc	譟
ocyjdj	譠
ocyjdh	譡
ocyjsv	譢
ocyjqm	譣
ocyjjn	譤
ocjnyj	譥
ocjkyj	警
ocyjlm	譧
ocyjns	譨
ocyjyi	譩
ocyjge	譪
ocyjvj	譫
ocpiyj	譬
ocyjhv	譭
ocyjhv	譮
ocyjyi	議
ocyjxu	譳
ocyjqm	譴
ocyjdv	譵
ocyjho	護
ocyjuz	譸
ocyjhc	譹
ocyjyi	譺
ocyuyj	譽
ocyjjm	譾
ocyjhv	譿
ocyjmd	讀
ocyjui	讁
ocwwyj	讆
ocyjli	讈
ocyjyi	讉
oclsyj	讋
ocyjyj	讌
ocyjee	讍
ocwwyj	讏
ocyjly	讑
ocyjxl	讓
ocyjyb	讔
ocyjlj	讕
ocyjnp	讘
ocyjzj	讚
ocyjyi	讛
ocyjdh	讜
ocyjyj	讝
ocyjxm	讞
ocduyj	讟
ocdmve	讠
ocyjui	计
ocyjdk	订
ocyjbu	讣
ocyjrf	认
ocyjji	讥
ocyjgj	讦
ocyjgs	讧
ocyjcy	讨
ocyjuh	让
ocyjuj	讪
ocyjqi	讫
ocyjto	讬
ocyjir	训
ocyjyi	议
ocyjxy	讯
ocyjji	记
ocyjrf	讱
ocyjjk	讲
ocyjww	讳
ocyjqu	讴
ocyjju	讵
ocyjya	讶
ocyjnw	讷
ocyjwu	许
ocyjhx	讹
ocyjly	论
ocyjxs	讻
ocyjgs	讼
ocyjfg	讽
ocyjuu	设
ocyjfh	访
ocyjgk	诀
ocyjvg	证
ocyjgu	诂
ocyjke	诃
ocyjpk	评
ocyjqp	诅
ocyjvi	识
ocyjjs	诇
ocyjva	诈
ocyjii	诉
ocyjvf	诊
ocyjdi	诋
ocyjiu	诌
ocyjsi	词
ocyjiu	诎
ocyjvc	诏
ocyjpi	诐
ocyjtd	诒
ocyjkl	诓
ocyjlw	诔
ocyjui	试
ocyjgv	诖
ocyjsi	诗
ocyjji	诘
ocyjhv	诙
ocyjig	诚
ocyjvu	诛
ocyjxm	诜
ocyjue	话
ocyjyj	诞
ocyjhz	诟
ocyjqr	诠
ocyjww	诡
ocyjxy	询
ocyjvi	诣
ocyjvg	诤
ocyjhd	该
ocyjyh	详
ocyjvd	诧
ocyjjy	诨
ocyjyu	诩
ocyjuz	诪
ocyjjp	诫
ocyjwu	诬
ocyjwu	语
ocyjxn	诮
ocyjwu	误
ocyjgc	诰
ocyjxq	诱
ocyjmw	诲
ocyjkl	诳
ocyjdv	说
ocyjys	诵
ocyjyi	诶
ocyjqk	请
ocyjve	诸
ocyjqu	诹
ocyjro	诺
ocyjmd	读
ocyjfw	诽
ocyjgo	课
ocyjww	诿
ocyjyu	谀
ocyjvv	谁
ocyjnm	谂
ocyjvz	调
ocyjjk	谅
ocyjxl	谆
ocyjzu	谇
ocyjyj	谈
ocyjuf	谉
ocyjyi	谊
ocyjmz	谋
ocyjuf	谌
ocyjye	谍
ocyjhl	谎
ocyjjm	谏
ocyjjp	谐
ocyjhe	谒
ocyjww	谓
ocyjyu	谕
ocyjyr	谖
ocyjzi	谘
ocyjyb	谙
ocyjyj	谚
ocyjdi	谛
ocyjmi	谜
ocyjbm	谝
ocyjxu	谞
ocyjmo	谟
ocyjdh	谠
ocyjue	谢
ocyjph	谤
ocyjyi	谥
ocyjjm	谦
ocyjjb	谨
ocyjmj	谩
ocyjdi	谪
ocyjjm	谫
ocyjtj	谭
ocyjjn	谯
ocyjlj	谰
ocyjpu	谱
ocyjxm	谳
ocyjqm	谴
ocyjvj	谵
ocqmgu	谸
ocgugs	谹
ocguya	谺
ocguji	谻
ocgugs	谼
ocguhj	谽
ocguks	谾
ocxigu	谿
ocguxi	豀
ochdgu	豁
ocgugj	豃
ocgumd	豄
ocguls	豅
ocdzgs	豇
ocujdz	豈
ocdzvi	豉
ocqudz	豊
ocdzwj	豌
ocdzbw	豍
ocdzjm	豏
ocfgdi	豒
ocfghe	豔
ocuidm	豖
ocwuui	豗
ocuity	豘
ocliui	豙
ocytui	豚
ocuiuu	豛
ocuikd	豜
ocuiba	豝
ocuiju	豞
ocuiqp	豠
ocjrui	豢
ocuigf	豤
ocuihd	豥
ochuui	豦
ocuifu	豧
ocuixi	豨
ocuiui	豩
ocyuxl	豫
ocuive	豬
ocuixx	豭
ocuibf	豮
ocuixi	豯
ocuiwf	豱
ocuiyr	豲
ocuidi	豴
ocuics	豵
ocuibf	豶
ocuiyi	豷
ocviuc	豹
ocvicd	豺
ocvigj	豻
ocvibi	豼
ocvinw	豽
ocvipi	豾
ocviju	豿
ocviiu	貀
ocvixt	貁
ocvivc	貂
ocvibd	貃
ocviyu	貄
ocvixq	貅
ocvigf	貆
ocvigf	貇
ocvivz	貈
ocvige	貉
ocvibd	貊
ocvihj	貋
ocvili	貍
ocvier	貎
ocvibw	貏
ocviyu	貐
ocvixx	貑
ocvidr	貒
ocvimn	貓
ocvixi	貕
ocviyi	貖
ocvilz	貗
ocvimo	貘
ocviqu	貙
ocvidj	貚
ocvijt	貜
ocmuba	貝
ocsibw	貟
ocdcbw	負
ocbwcd	財
ocgsbw	貢
ocyibw	貣
ocbwye	貤
ocbwkh	貥
ocbwyr	貦
ocffbw	貧
ochxbw	貨
ocbwfj	販
ocjbbw	貪
ocgrbw	貫
ocfgbw	責
ocbwnk	貯
ocuibw	貰
ocbwpi	貱
occibw	貲
ocbwfj	貶
ocsibw	買
ocddbw	貸
ocbwug	貹
ocbwxs	貺
ocfubw	費
ocbwvj	貼
ocbwtd	貽
ocbwdi	貾
ocmcbw	貿
ocjxbw	賀
ochvbw	賁
ocbwge	賂
ocrfbw	賃
ocbwyz	賄
ocbwhd	賅
ocbwbk	賆
occibw	資
ocxibw	賈
ocbwxt	賉
ocbwrs	賊
ocbwjn	賋
ochdbw	賌
ocbwvl	賍
ocbwbw	賏
ocbwqy	賐
ocbwif	賑
ocbwue	賒
ocbwqq	賕
ocbwyu	賖
ocbwir	賗
ocbwvz	賙
ocldbw	賚
ocbwyi	賜
octhyr	賞
ocbwdm	賟
ocbwpz	賠
ocggbw	賡
ocuimd	賣
ocbwzu	賥
ocbwwu	賦
ocbwyj	賧
oczsbw	賨
ocbwzs	賩
ocbwih	賬
ocbwve	賭
ocbwiy	賰
ocbwjy	賱
ocbcbw	賲
ocbwzd	賳
ocuufu	賴
ocbwmc	賵
ocbwch	賶
ocbwyi	賹
ocbwjm	賺
ocbwvr	賻
ocbwgz	購
ocifze	賾
ocbwcj	贂
ocbwhr	贃
ocvibw	贄
ocaobw	贅
ocbwbn	贆
ocbbbw	贇
ocbwzg	贈
ocbwtj	贉
ocyjbw	贋
ocbwvj	贍
ocbwwj	贎
ocbwjb	贐
ocvhgs	贑
ocbwzh	贓
oclrmd	贕
ocbwmd	贖
ocbwuh	贘
ocbwls	贚
ocbwch	贜
ocklrf	贝
ocdcbw	负
ocsibw	贠
ocgsbw	贡
ocbwcd	财
ocfgbw	责
ocbwwf	败
ocbwih	账
ochxbw	货
ocbwfj	贩
ocjbbw	贪
ocffbw	贫
ocbwfj	贬
ocbwgz	购
ocgrbw	贯
ocbwjm	贱
ochvbw	贲
ocuibw	贳
ocbwvj	贴
ocbwxs	贶
ocddbw	贷
ocmcbw	贸
ocfubw	费
ocjxbw	贺
ocbwtd	贻
ocbwrs	贼
ocvibw	贽
ocxibw	贾
ocbwyz	贿
occibw	赀
ocrfbw	赁
ocbwge	赂
ocbwvl	赃
occibw	资
ocbwhd	赅
ocbwjb	赆
ocbwqq	赇
ocbwif	赈
ocldbw	赉
ocbwyu	赊
ocbwwu	赋
ocbwve	赌
ocbwmd	赎
octhyr	赏
ocbwyi	赐
ocbwvz	赒
ocbwpz	赔
ocbwyj	赕
ocuufu	赖
ocbwmc	赗
ocaobw	赘
ocbwjm	赚
ocifze	赜
ocbbbw	赟
ocbwzg	赠
ocbwvj	赡
ociiqm	赥
ociiwf	赦
ociiis	赨
ociise	赩
ociivf	赪
ociiii	赫
ociivf	赬
ociive	赭
ociixx	赮
ociith	赯
octuzz	走
oczzli	赲
oczzjq	赳
oczzbu	赴
oczzia	赵
oczzgj	赶
oczzji	起
oczzuj	赸
oczzyy	赹
oczzjb	赺
oczzuc	赻
oczzqm	赼
oczzgk	赽
oczzjb	赾
oczzui	赿
oczzzi	趀
oczzvf	趁
oczzer	趂
oczzui	趃
oczzqp	趄
oczzvc	超
oczzdi	趆
oczzli	趇
oczzvj	趈
oczziu	趉
oczzyt	越
oczziu	趋
oczzji	趌
oczzdo	趍
oczzvu	趎
oczzue	趏
oczzyu	趐
oczzci	趑
oczzvc	趒
oczzdo	趓
oczzlp	趔
oczzhj	趕
oczzzo	趖
oczzzu	趗
oczzww	趘
oczzxn	趙
oczzuu	趚
oczzjb	趛
oczznm	趝
oczzxi	趞
oczzuh	趟
oczzvo	趠
oczzvv	趡
oczzlu	趢
oczzqu	趣
oczzdh	趤
oczzqq	趥
oczzzi	趦
oczzui	趧
oczziu	趨
oczzhl	趪
oczzqn	趫
oczzyc	趬
oczzjn	趭
oczzzc	趮
oczzvd	趯
oczzer	趰
oczzzj	趱
oczzzj	趲
ockzzz	足
oczuba	趴
oczuuc	趵
oczuyu	趶
oczuqi	趷
ocwjzu	趸
oczugk	趹
oczufu	趺
oczujb	趻
oczukd	趼
oczufh	趽
oczuvi	趾
oczuji	趿
oczuyt	跀
oczuba	跁
oczuvi	跂
oczuyc	跃
oczuch	跄
oczuii	跅
oczutd	跆
oczuui	跇
oczuvf	跈
oczulk	跉
oczuww	跊
oczuba	跋
oczuui	跌
oczugu	跍
oczuta	跎
oczujx	跏
oczuci	跐
oczubc	跑
oczuke	跒
oczuvu	跓
oczuju	跔
oczuvj	跕
oczuui	跖
oczufu	跗
oczubj	跘
oczuqp	跙
oczuce	跚
oczupi	跛
oczuni	跜
oczuju	距
oczule	跞
oczugf	跟
oczuyi	跠
oczuyi	跡
oczudo	跢
oczuxm	跣
oczujn	跤
oczuvu	跦
oczuqr	跧
oczukx	跨
oczuyi	跩
oczuww	跪
ocgszu	跫
oczugv	跬
oczujl	跭
oczuvi	跮
oczuge	路
oczubk	跰
oczusi	跱
oczuhe	跲
oczuvc	跳
oczuxi	跴
oczujm	践
oczuda	跶
oczuyc	跷
oczubi	跸
oczuqm	跹
oczudo	跺
oczuqi	跻
oczuju	跼
oczuji	跽
ocyzzu	跾
oczuzz	跿
oczuzu	踀
oczujk	踁
oczuxn	踃
oczubu	踄
ocvezu	踅
oczuqy	踆
oczumw	踇
oczuuu	踈
oczull	踉
oczuys	踊
oczuqt	踋
oczuuz	踌
oczuxn	踍
oczufz	踎
oczuda	踏
oczuqi	踑
oczuww	踒
oczuvv	踓
oczuvo	踔
oczujp	踕
oczuxi	踖
oczunm	踗
oczuqu	踙
oczuly	踚
oczulu	踛
oczulk	踜
oczugo	踝
oczuju	踞
oczuvi	踟
oczuwj	踠
oczujr	踡
oczuyi	踢
oczuzu	踤
oczuqp	踥
oczuqi	踦
oczuuu	踧
oczucd	踩
oczuzs	踪
oczubk	踫
oczuvi	踬
oczuvg	踭
oczudm	踮
oczuvg	踯
oczuyu	踰
oczudu	踱
oczudy	踲
oczuiy	踳
oczuys	踴
oczuvs	踵
oczuui	踶
oczuve	踷
oczuuf	踸
oczudr	踹
oczujm	踺
oczugo	踻
oczuyh	踼
oczuyu	踽
oczufu	踾
oczuqq	踿
oczuye	蹀
oczubm	蹁
oczurz	蹂
oczuro	蹃
oczudi	蹄
oczuia	蹅
oczutv	蹆
ocviyc	蹈
oczuia	蹉
oczuxi	蹊
oczuch	蹌
oczuvj	蹍
oczuvf	蹎
oczusi	蹏
oczuji	蹐
oczunp	蹑
oczulq	蹓
ocvjzu	蹔
oczubi	蹕
oczuis	蹖
oczulu	蹗
ocqizu	蹙
oczuth	蹚
oczudd	蹛
oczusu	蹜
oczuxi	蹝
oczuqk	蹞
oczuze	蹟
oczuuu	蹠
oczujl	蹡
oczudi	蹢
oczumj	蹣
oczucs	蹤
oczulm	蹥
oczubg	蹦
oczucc	蹧
oczurj	蹨
ocbizu	蹩
oczugv	蹪
oczudg	蹬
oczuzg	蹭
oczufj	蹯
oczuiu	蹰
oczuts	蹱
oczuzy	蹲
oczufa	蹳
oczujq	蹴
ocjqzu	蹵
oczujt	蹶
ocjtzu	蹷
oczulb	蹸
oczuyc	蹺
oczuqn	蹻
oczuln	蹽
oczudy	蹾
oczucr	蹿
oczugr	躀
oczuzc	躁
oczuda	躂
oczupi	躃
ocpizu	躄
oczuuu	躅
oczuvu	躇
oczujn	躈
ocwjzu	躉
oczuuz	躊
oczuqi	躋
oczuwu	躌
oczuvd	躍
oczuer	躎
oczulb	躏
oczule	躒
oczuvi	躓
oczuiu	躕
ocwwzu	躗
oczuls	躘
oczuqm	躚
ocwwzu	躛
oczuzj	躜
oczulj	躝
oczuxl	躟
ocxtzu	躠
oczunp	躡
oczuqu	躣
oczuji	躤
oczuzj	躦
oczuli	躧
oczujt	躩
ocufgs	躬
ocufyb	躭
ocufff	躮
ocufqu	躯
ocufbf	躰
ocufdo	躲
ocuflv	躳
ocufll	躴
ocufrf	躵
ocufgo	躶
ocufww	躷
ocufqi	躸
ocufuh	躺
ocufks	躻
ocufih	躼
ocufmw	躾
ocufkh	躿
ocufqu	軀
ocuflz	軁
ocuflc	軂
ocufdj	軃
ocufyj	軅
ocufuz	軇
ocufyk	軈
ocufbc	軉
ocieve	軋
ociejq	軌
ocbcie	軍
ociekz	軎
ociewu	軏
ociexy	軐
ocieda	軑
ociegj	軒
ociefj	軓
ocierf	軔
ocieuj	軕
ociewh	軖
ocieuu	軗
ociety	軘
ociepu	軙
ocietd	軚
ocieee	軛
ocienw	軜
ocieui	軝
ociemc	軞
ocieqm	軟
ocierf	軠
ociejb	軡
ocieyy	転
ociehu	軤
ocieju	軥
ociexs	軦
ociedi	軧
ocielk	軨
ocietd	軩
ocieyz	軪
ocievf	軫
ociekl	軭
ocieyh	軮
ociepk	軯
ocbwie	軰
ociegx	軱
ociegu	軲
ociebc	軳
ocievu	軴
ociefu	軵
ocieba	軷
ocieyz	軸
ocievi	軹
ocievc	軺
ocieke	軻
ocieui	軼
ocieug	軽
ocieui	軾
ociebk	軿
ocieer	輀
ociegs	輁
ocgsie	輂
ociejn	較
ociegl	輄
ociege	輅
ociehd	輆
ocieqr	輇
ocievz	輈
ocievi	輊
ociegu	輍
ociexn	輎
ocieyz	輏
ociewj	輐
ociejy	輑
ociemm	輓
ociefu	輔
ociejk	輕
ocievz	輖
ocieer	輗
ocielk	輘
ociequ	輙
ociell	輛
ocgljy	輝
ociewh	輞
ocievo	輟
ociego	輠
ocieqi	輢
ociepg	輣
ocieqk	輤
ocieky	輥
ociegr	輨
ocfwie	輩
ociely	輪
ociefw	輫
ociejk	輬
ocierz	輮
ocieyh	輰
ociexm	輱
ociedr	輲
ociezz	輳
ociedy	輴
ociehe	輵
ocieqq	輶
ociehs	輷
ocieyu	輸
ociefu	輹
ociefu	輻
ociewf	輼
ocievj	輾
ociewf	轀
ocieyc	轁
ocieqb	轃
ociehd	轄
ocieyr	轅
ocielu	轆
ocieic	轈
ocievr	轉
ociehv	轊
ocielm	轋
ociext	轌
ocieqn	轎
ocieij	轏
ocieln	轑
ociebf	轒
ociefj	轓
ocielb	轔
ociege	轕
ociese	轖
ociegj	轗
ocieyi	轙
ociedv	轛
ociexu	轜
ocyuie	轝
ociejm	轞
ociele	轢
ocieli	轣
ocielu	轤
ocieve	轧
ociejq	轨
ociegj	轩
ocieda	轪
ocierf	轫
ocievr	转
ocieee	轭
ociely	轮
ocieqm	软
ocieul	轰
ociegu	轱
ocieke	轲
ocielu	轳
ocieyz	轴
ocievi	轵
ocieui	轶
ociehu	轷
ocievf	轸
ociele	轹
ocievc	轺
ocieui	轼
ocievi	轾
ocieqn	轿
ocievz	辀
ocieqr	辁
ociege	辂
ociejn	较
ociefu	辅
ociell	辆
ocfwie	辈
ocgljy	辉
ocieky	辊
ociewh	辋
ociejk	辌
ocievo	辍
ociezz	辏
ociefu	辐
ociewf	辒
ocieyu	输
ocieyr	辕
ociehd	辖
ocievj	辗
ocielu	辘
ocielb	辚
ocliui	辛
ocguxb	辜
octdxb	辝
ocuexb	辞
oczixb	辠
ocxbxb	辡
ocuuxb	辢
ocxbuu	辣
ocuzxb	辤
ocifcy	辱
ocquif	農
oclbif	辳
ocdjif	辴
ocujzz	辵
ocvihg	辷
ocvind	辸
ocvili	边
ocvidc	辺
ocviui	辻
ocviru	込
ocviln	辽
ocvida	达
ocviuj	辿
ocvigj	迀
ocviqm	迁
ocviyu	迂
ocvikv	迃
ocviqi	迄
ocvixy	迅
ocviye	迆
ocvicy	过
ocviwj	迈
ocviui	迉
ocviwh	迋
ocviyt	迌
ocvity	迍
ocvimc	迎
ocvitd	迏
ocviyy	运
ocvijb	近
ocvikh	迒
ocviya	迓
ocvifj	返
ocviwu	迕
ocviqr	迖
ocvitm	迗
ocvibu	还
ocviwf	这
ocvivs	迚
ocvijk	进
ocviyr	远
ocviww	违
ocviie	连
ocviii	迟
ocvivj	迠
ocvini	迡
ocvivc	迢
ocviui	迣
ocvijs	迥
ocvijx	迦
ocviuf	迧
ocvitd	迨
ocvier	迩
ocviyz	迪
ocvibd	迫
ocvivu	迬
ocviui	迭
ocviva	迮
ocviwd	迯
ocviuu	述
ocvita	迱
ocviqu	迲
ocvihv	迴
ocvits	迵
ocviyz	迶
ocvimi	迷
ocvibk	迸
ocviyi	迹
ocvixi	迺
ocvido	迻
ocviji	迼
ocvidv	追
ocvilp	迾
ocvixy	迿
ocvigf	退
ocvigr	送
ocviue	适
ocvivc	逃
ocvijl	逄
ocvihz	逅
ocvini	逆
ocvidi	逇
ocvixl	逈
ocvixm	选
ocvisy	逊
ocvifu	逋
ocvixn	逍
ocviyz	逎
ocvixq	透
ocviui	逐
ocviqq	逑
ocvidi	递
ocviyu	途
ocvijk	逕
ocvidi	逖
ocvidz	逗
ocviyi	逘
ocviyj	這
ocviys	通
ocvikl	逛
ocviwu	逜
ocvive	逝
ocviig	逞
ocviuu	速
ocvigc	造
ocviqy	逡
ocvifg	逢
ocviie	連
ocviua	逤
ocvihv	逥
ocvili	逦
ocvigu	逧
ocvild	逨
ocvibf	逩
ocvixi	逪
ocvivo	逫
ocvigr	逭
ocvili	逮
ocvilu	逯
ocvivz	週
ocvivv	進
ocviyu	逳
ocvivo	逴
ocvilu	逵
ocviww	逶
ocviyi	逷
ocvitu	逸
ocvixk	逹
ocvilo	逻
ocvifu	逼
ocviro	逽
ocviyu	逾
ocviyh	逿
ocvidy	遁
ocvisv	遂
ocviyj	遃
ocvidr	遄
ocdivi	遆
ocviyu	遇
ocviui	遈
ocvivf	遉
ocvijy	運
ocvibm	遍
ocvigo	過
ocvihe	遏
ocvixx	遐
ocvihl	遑
ocviqq	遒
ocviuz	道
ocviww	違
ocvinj	遖
ocvigv	遗
ocvigz	遘
ocviyc	遙
ocvisz	遚
ocvilq	遛
ocvisy	遜
ocvisi	遞
ocviyr	遠
ocviuo	遡
ocvima	遤
ocvigr	遦
ocvivh	遧
ocviao	遨
ocvidi	適
ocvicj	遪
ocviii	遫
ocsuqm	遬
ocvicc	遭
ocviuu	遮
ocvity	遯
ocvidd	遰
ocvilz	遱
ocvixi	遲
ocvilb	遴
ocvizy	遵
ocviyc	遶
ocvixy	選
ocvigv	遺
ocviln	遼
ocvipi	避
ocviwj	邁
ocvijp	邂
ocvidj	邅
ocvidg	邆
ocvier	邇
ocvili	邌
ocvilo	邏
ocvili	邐
ockzba	邑
ocdker	邒
ocyzer	邓
ocjier	邔
ociryi	邕
ocujer	邖
ocgjer	邗
ocyuer	邘
ocwher	邙
ocnver	邚
ocgser	邛
ocxier	邜
ocgler	邝
ocfuer	邞
ockher	邟
ocffer	邠
ocfher	邡
ockder	邢
ocjber	邤
ocyber	邥
ocfger	邦
ocyrer	邧
octyer	邨
ochoer	邩
ocyaer	邪
ocfgyi	邫
ocwuer	邬
ocjuer	邭
ocyzer	邮
ocgjer	邯
octder	邰
ocqqer	邱
ocbier	邲
ocpier	邳
ocbker	邴
ocvcer	邵
ocbwer	邶
ocwaer	邷
ocdier	邸
ociuer	邹
ocyeer	邺
oclker	邻
ockler	邼
ocgvxt	邽
ocvuer	邾
ocsier	邿
ockxer	郀
ocyzer	郁
ochder	郂
ocheer	郃
ocvier	郅
ocjier	郆
ocxyer	郇
ochzer	郈
ocjner	郊
oczier	郋
ocgvyi	郌
ocvzer	郍
ocjxer	郏
ochver	郐
ocgrer	郑
ocllyi	郒
ocjyer	郓
ocyjer	郔
ociger	郕
ocdzer	郖
ocxier	郗
oclver	郘
ocfuer	郙
ocwuer	郚
ocgcer	郜
ociier	郝
ocller	郞
ocjxer	郟
ocgger	郠
ocjyer	郡
ociger	郢
ocboer	郣
ocguer	郤
ocbwer	郥
oclier	郦
ocyrer	郧
ocpzer	部
ocycer	郩
ocqier	郪
ocbwer	郫
ocqker	郬
ocxler	郭
ocvzer	郮
ocyjer	郯
ocquer	郰
ocbker	郱
oclder	郲
ocerer	郳
oclber	郴
ociver	郵
ocpzyi	郶
ocdjer	郸
ocwwer	郼
ocveer	都
ocmwer	郿
ocroer	鄀
ocbwer	鄁
ocyuer	鄃
ocyuer	鄅
ocjyer	鄆
ochzer	鄇
ocgver	鄈
ocxllh	鄉
ocxlye	鄊
ocszer	鄋
octher	鄌
ocmker	鄍
ocxier	鄎
ocruer	鄏
ocxuer	鄐
ocjber	鄑
ocizer	鄓
ocwuer	鄔
ocyrer	鄖
ocgcer	鄗
ocyser	鄘
ocmoer	鄚
ocicer	鄛
ocluer	鄜
ocjber	鄞
ocvrer	鄟
ocxner	鄡
ocyjer	鄢
ocvher	鄣
ocmjer	鄤
ocnner	鄥
ocwuer	鄦
ocdger	鄧
ocbiyi	鄨
ocxyer	鄩
ocfwer	鄪
oczger	鄫
ocwwer	鄬
ocdmer	鄭
ocmcer	鄮
ocujer	鄯
oclber	鄰
ocfjer	鄱
ocdjer	鄲
ocmmer	鄳
ocyeer	鄴
oczcer	鄵
ochver	鄶
ocmger	鄸
ocjuer	鄹
ocgler	鄺
ocyzer	鄾
ocyjer	酀
oczjer	酂
oczjer	酇
oclier	酈
ocxihg	酉
ocyzdk	酊
ocbayz	酋
ocyzuc	酌
ocyzji	配
ocyzcy	酎
ocyzye	酏
ocyzgj	酐
ocyzyu	酑
ocuvyz	酒
ocjbyz	酓
ocyzmc	酕
ocyzyb	酖
ocyzxs	酗
ocyzuu	酘
ocyzdz	酙
ocyzff	酚
ocyzyr	酛
ocyzfu	酜
ocyzyy	酝
ocyztd	酞
ocyzvj	酟
ocyzke	酠
ocyzta	酡
ocyzva	酢
ocyzgj	酣
ocyzgu	酤
ocyzhe	酥
ocyzfa	酦
ocyzuz	酧
ocyzmk	酩
ocyzge	酪
ocyzqr	酫
ocyzvz	酬
ocyzyz	酭
ocyzts	酮
ocyzvi	酯
ocyzxm	酰
ocyzig	酲
ocyzyu	酴
ocyzxn	酵
ocyzmw	酶
ocyzgc	酷
ocyzqy	酸
ocyzfu	酺
ocyzfu	酻
ocyzlq	酼
ocyzyj	酽
ocyzli	酾
ocyzll	酿
ocyzvv	醀
ocyzlu	醁
ocyzlb	醂
ocyzyj	醃
ocyzpz	醅
ocyzxl	醇
ocyzyj	醈
ocyzzu	醉
ocyzvo	醊
ocyzxi	醋
ocyzky	醌
ocyzui	醍
ocyzxm	醎
ocyzve	醏
ocyzhu	醐
ocyzxu	醑
ocyzxk	醒
ocqqyz	醔
ocyzwf	醖
ocyzhe	醘
ocyzsz	醙
ocyzmi	醚
ocyzgv	醜
ocyzia	醝
ocyzwf	醞
ocyzah	醠
ocyzvd	醡
ocyzth	醣
ocyzpn	醥
ocyzcj	醦
ocyzqu	醧
ocyzli	醨
ocyzcc	醩
ocjlyz	醬
ocyzjn	醮
ocyztj	醰
ocyzfa	醱
ocyzns	醲
ocyzqm	醶
ocyzyi	醷
ocyzxu	醹
ocyzxy	醺
ocyzuz	醻
ocyzyj	醼
ocyzmi	醾
ocyzmi	醿
ocyzxl	釀
ocyzjt	釂
ocyzli	釃
ocyzmi	釄
ocyzyj	釅
ocppmi	釆
ocvxmu	采
ocbmii	釈
ocbmyz	釉
ocjxer	里
ocqmli	重
ocliyu	野
ocdjli	量
ocjbve	钆
ocjbyi	钇
ocjbui	针
ocjbdk	钉
ocjbdc	钊
ocjbbu	钋
ocjbln	钌
ocjbtu	钍
ocjbqm	钎
ocjbir	钏
ocjbuj	钐
ocjbji	钑
ocjbfj	钒
ocjbuc	钓
ocjbmf	钔
ocjbnv	钕
ocjbyi	钖
ocjbia	钗
ocjbkd	钘
ocjbgd	钙
ocjbbu	钚
ocjbtd	钛
ocjbju	钜
ocjbty	钝
ocjbuc	钞
ocjbvs	钟
ocjbnw	钠
ocjbbw	钡
ocjbgh	钢
ocjbfj	钣
ocjbjb	钤
ocjbyt	钥
ocjbqm	钦
ocjbyy	钧
ocjbwu	钨
ocjbgz	钩
ocjbkh	钪
ocjbfh	钫
ocjbho	钬
ocjbdz	钭
ocjbiz	钮
ocjbba	钯
ocjbyu	钰
ocjbjm	钱
ocjbvg	钲
ocklgj	钳
ocjbgu	钴
ocjbbf	钵
ocjbke	钶
ocjbpo	钷
ocjbbu	钸
ocjbba	钹
ocjbyt	钺
ocjbvj	钻
ocjbmu	钼
ocjbdj	钽
ocjbjx	钾
ocjbtm	钿
ocjbyz	铀
ocjbui	铁
ocjbbd	铂
ocjblk	铃
ocjble	铄
ocjbmc	铆
ocjbbc	铇
ocjbui	铈
ocjbxr	铉
ocjbta	铊
ocjbbi	铋
ocjbni	铌
ocjbpi	铍
ocjbxk	铏
ocjbkc	铐
ocjblc	铑
ocjber	铒
ocjbmh	铓
ocjbya	铔
ocjbyz	铕
ocjbig	铖
ocjbjx	铗
ocjbxp	铘
ocjbyc	铙
ocjbvi	铚
ocjbdh	铛
ocjbts	铜
ocjblv	铝
ocjbdn	铞
ocjbyb	铟
ocjbqi	铠
ocjbze	铡
ocjbvu	铢
ocjbxm	铣
ocjbtk	铤
ocjbdq	铥
ocjbue	铦
ocjbhx	铧
ocjbqr	铨
ocjbua	铩
ocjbhe	铪
ocjbvc	铫
ocjbge	铬
ocjbmk	铭
ocjbvg	铮
ocjbse	铯
ocjbjn	铰
ocjbyi	铱
ocjbij	铲
ocjbis	铳
ocjbth	铴
ocjban	铵
ocjbgf	银
ocjbru	铷
ocjbuz	铸
ocjblc	铹
ocjbfu	铺
ocjbwu	铻
ocjbld	铼
ocjbtv	铽
ocjblm	链
ocjbjm	铿
ocjbxn	销
ocjbli	锂
ocjbig	锃
ocjbvu	锄
ocjbgo	锅
ocjbgc	锆
ocjbwo	锇
ocjbxq	锈
ocjbzo	锉
ocjbfg	锋
ocjbxb	锌
ocjblq	锍
ocjbjm	锏
ocjbdv	锐
ocjbdi	锑
ocjbll	锒
ocjbju	锔
ocjbaa	锕
ocjbqk	锖
ocjbve	锗
ocjbro	锘
ocjbxi	错
ocjbmn	锚
ocjbbf	锛
ocjbqi	锜
ocjbde	锝
ocjbgo	锞
ocjbky	锟
ocjbih	锠
ocjbyi	锡
ocjbgu	锢
ocjblo	锣
ocjbiv	锤
ocjbvv	锥
ocjbbo	锦
ocjbvi	锧
ocjbxb	锨
ocjbjr	锩
ocjbhu	锪
ocjbpz	锫
ocjbyj	锬
ocjbdk	锭
ocjbjm	键
ocjbju	锯
ocjbmg	锰
ocjbqi	锲
ocjbyk	锳
ocjbjp	锴
ocjbjl	锵
ocjbsi	锶
ocjbqq	锹
ocjbvs	锺
ocjbdr	锻
ocjbsz	锼
ocjbhl	锽
ocjbyr	锾
ocjbai	锿
ocjbdu	镀
ocjbmw	镁
ocjblz	镂
ocjbzi	镃
ocjbfw	镄
ocjbmw	镅
ocjbmo	镆
ocjbvf	镇
ocjbge	镉
ocjbnp	镊
ocjbdh	镋
ocjbjy	镌
ocjbnp	镍
ocjbna	镎
ocjblq	镏
ocjbgc	镐
ocjbph	镑
ocwuyi	镒
ocjbjx	镓
ocjbbb	镔
ocjbrs	镕
ocjbpn	镖
ocjbth	镗
ocjbmj	镘
ocjblw	镙
ocjbbg	镚
ocjbys	镛
ocjbjk	镜
ocjbdi	镝
ocjbzu	镞
ocjbxr	镟
ocjbtj	镡
ocjbjt	镢
ocjbln	镣
ocjblu	镥
ocjbdy	镦
ocjblj	镧
ocjbpu	镨
ocjbcr	镩
ocjbql	镪
ocjbdg	镫
ocjbho	镬
ocjblw	镭
ocjbuu	镯
ocjblm	镰
ocjbyi	镱
ocjbca	镲
ocjbxl	镶
ocjbve	釓
ocjbyi	釔
ocjbln	釕
ocjbdc	釖
ocjbdc	釗
ocjbdk	釘
ocjbbu	釙
ocjbjq	釚
ocjbli	釛
ocjbui	針
ocjbru	釞
ocjbba	釟
ocjbji	釠
ocbajb	釡
ocjbnd	釢
ocjbuc	釣
ocjbuj	釤
ocjbxn	釥
ocjbkz	釦
ocjbir	釧
ocjbzi	釨
ocjbfj	釩
ocjbyu	釪
ocjbkv	釫
ocjbgj	釬
ocjbgs	釭
ocjbcd	釮
ocjbwh	釯
ocjbrf	釰
ocjbda	釱
ocjbsi	釲
ocjbqi	釳
ocjbyi	釴
ocjbia	釵
ocjbye	釶
ocjbtu	釷
ocjbxi	釸
ocjbnv	釹
ocjbqm	釺
ocjbwj	釻
ocjbvx	釽
ocjbya	釾
ocjbjb	釿
ocjbba	鈀
ocjbfh	鈁
ocjbyb	鈂
ocjbkd	鈃
ocjbdz	鈄
ocjbyt	鈅
ocjbgs	鈆
ocjbfu	鈇
ocjbbu	鈈
ocjbnw	鈉
ocjbxb	鈊
ocjbhx	鈋
ocjbgk	鈌
ocjbty	鈍
ocjbgz	鈎
ocjbyb	鈏
ocjbjb	鈐
ocjbfj	鈑
ocjbji	鈒
ocjbrf	鈓
ocjbuc	鈔
ocjbiz	鈕
ocjbff	鈖
ocjbyy	鈗
ocjbvi	鈘
ocjbpu	鈙
ocjbbi	鈚
ocjbge	鈛
ocjbgs	鈜
ocjbnq	鈝
ocjbyy	鈞
ocjbdn	鈟
ocjbuu	鈠
ocjbvs	鈡
ocjbmu	鈢
ocjbgd	鈣
ocjbri	鈤
ocjbho	鈥
ocjbtd	鈦
ocjbkh	鈧
ocjbyr	鈨
ocjbhu	鈩
ocjbee	鈪
ocjbwf	鈫
ocjbii	鈬
occijb	鈭
ocjbni	鈮
ocjbiu	鈯
ocjbui	鈰
ocjbmb	鈱
ocjbgx	鈲
ocjbke	鈳
ocjblk	鈴
ocjbbk	鈵
ocjbtd	鈶
ocjbgu	鈷
ocjbba	鈸
ocjbpi	鈹
ocjbyu	鈺
ocjbkz	鈻
ocjbva	鈼
ocjbbu	鈽
ocjbyz	鈾
ocjbtm	鈿
ocjbjx	鉀
ocjbvf	鉁
ocjbui	鉂
ocjbui	鉃
ocjbui	鉄
ocjbju	鉅
ocjbvj	鉆
ocjbta	鉈
ocjbxr	鉉
ocjbvc	鉊
ocjbbc	鉋
ocjbhe	鉌
ocjbbi	鉍
ocjbug	鉎
ocjbqp	鉏
ocjbui	鉐
ocjbbd	鉑
ocjbvu	鉒
ocjbza	鉔
ocjbpo	鉕
ocjbds	鉖
ocjbgj	鉗
ocjbfu	鉘
ocjbvi	鉙
ocjbmc	鉚
ocjbfu	鉜
ocjbli	鉝
ocjbyt	鉞
ocjbpi	鉟
ocjbyh	鉠
ocjbbj	鉡
ocjbbf	鉢
ocjbqu	鉣
ocjbju	鉤
ocjbuu	鉥
ocjbvg	鉦
ocjbmu	鉧
ocjber	鉨
ocjbui	鉪
ocjbjx	鉫
ocjbmu	鉬
ocjbdj	鉭
ocjbuf	鉮
ocjbyi	鉯
ocjbsi	鉰
ocjbka	鉲
ocjbbw	鉳
ocjbis	鉵
ocjbxk	鉶
ocjbgs	鉷
ocjbjn	鉸
ocjbdo	鉹
ocjber	鉺
ocjbge	鉻
ocjbbk	鉼
ocjbui	鉽
ocjbmz	鉾
ocjbhe	鉿
ocjbgf	銀
ocjbxy	銁
ocjbvz	銂
ocjbis	銃
ocjbxl	銄
ocjbts	銅
ocjbbd	銆
ocjblw	銇
ocjbgv	銈
ocjbyu	銉
ocjbxu	銊
ocjbrf	銋
ocjbcy	銌
ocjbvi	銍
ocgsjb	銎
ocjbce	銏
oclpjb	銐
ocjbxm	銑
ocjbqr	銓
ocjbyi	銕
ocjbvu	銖
ocjbhz	銗
ocjbmk	銘
ocjbkx	銙
ocjbvc	銚
ocjbue	銛
ocxkjb	銜
ocjbxq	銝
ocxyjb	銞
ocjblc	銠
ocjbji	銡
ocjbru	銣
ocjbmi	銤
ocjbyi	銥
ocjbyb	銦
ocjbgl	銧
ocjban	銨
ocjbdq	銩
ocjbyz	銪
ocjbse	銫
ocjbkc	銬
ocyijb	銮
ocjbsi	銯
ocjbai	銰
ocjbdn	銱
ocjbhj	銲
ocjbdv	銳
ocvejb	銴
ocjbuf	銵
ocjbqq	銶
ocjbxn	銷
ocjbxq	銹
ocvljb	銺
ocjbdi	銻
ocjbzo	銼
ocjbgs	銾
ocjbys	銿
ocjbdz	鋀
ocjblv	鋁
ocjbmw	鋂
ocjbll	鋃
ocjbxb	鋅
ocjyjb	鋆
ocjbbw	鋇
ocwojb	鋈
ocjbuu	鋉
ocjbgu	鋊
ocjbyj	鋋
ocjbtk	鋌
ocjbbo	鋍
ocjbwj	鋎
ocjbjx	鋏
ocjbhs	鋐
ocjbqy	鋑
ocjbfg	鋒
ocjbli	鋓
ocjbmm	鋔
ocjbvi	鋕
ocjbto	鋖
ocjbyr	鋗
ocjbwu	鋘
ocjbwu	鋙
ocyzjb	鋚
ocjbir	鋛
ocjbzu	鋜
ocjbjk	鋞
ocjbif	鋠
ocjbhj	鋡
ocjbfu	鋢
ocjbxp	鋣
ocjbvu	鋤
ocjbig	鋥
ocjbju	鋦
ocjbjm	鋧
ocjbwo	鋨
ocjbmh	鋩
ocjbfu	鋪
oclijb	鋫
ocbjjb	鋬
ocjbdv	鋭
ocjbig	鋮
ocjbgc	鋯
ocjbli	鋰
ocjbtv	鋱
ocjbbk	鋲
ocjbuz	鋳
ocjbke	鋴
ocjbtu	鋵
ocjblq	鋶
ocjbqu	鋷
ocjbju	鋸
ocjbih	鋹
ocjbwj	鋺
ocjbgh	鋼
ocjbvo	鋽
ocjbuh	鋿
ocjbly	錀
ocjbgo	錁
ocjblk	錂
ocbojb	錃
ocjblu	錄
ocjbqk	錆
ocjbpz	錇
ocjbjr	錈
ocjbhy	錉
ocjbzu	錊
ocjbpg	錋
ocjban	錌
ocjbbw	錍
ocjbya	錏
ocjbvv	錐
ocjbli	錑
ocjbaa	錒
ocjbql	錓
ocjbda	錔
ocjbky	錕
ocuujb	錖
ocjbww	錗
ocjbiv	錘
ocjbvg	錚
ocjbbf	錛
ocjbnm	錜
ocjbzs	錝
ocjbxl	錞
ocjbyj	錟
ocjbdk	錠
ocjbqi	錡
ocjbvo	錣
ocjbqi	錤
ocjbyu	錥
ocjbbo	錦
ocjbgr	錧
ocjbmn	錨
ocjbih	錩
ocjbdm	錪
ocjbyi	錫
ocjbds	錬
ocjbvz	錭
ocjbgu	錮
ocjbxi	錯
ocjbjp	錰
ocjblu	録
ocjbmg	錳
ocjblu	錴
ocjbhx	錵
ocjbbn	錶
ocjbva	錷
ocjbld	錸
ocjbkf	錹
ocjbfh	錺
ocjbwu	錻
ocjbnd	錼
ocvjjb	錾
ocjbhu	錿
ocjbde	鍀
ocjbxb	鍁
ocjbjb	鍂
ocjbhu	鍃
ocjbjk	鍄
ocjbfa	鍅
ocjbmf	鍆
ocjbjp	鍇
ocjbyk	鍈
ocjbui	鍉
ocjbjm	鍊
ocjbgo	鍋
ocxijb	鍌
ocjbdu	鍍
ocjbdy	鍎
ocjbww	鍏
ocjbfu	鍑
ocjbrz	鍒
ocjbjy	鍕
ocjbuf	鍖
ocjbdi	鍗
ocjbze	鍘
ochsjb	鍙
ocjbyh	鍚
ocjbdr	鍛
ocjbxx	鍜
ocjbyu	鍝
ocjbvf	鍞
ocjbxk	鍟
ocjbhl	鍠
ocjbww	鍡
ocjbfu	鍢
ocjbuc	鍣
ocjbqi	鍥
ocjbui	鍦
ocjbhs	鍧
ocjbgv	鍨
ocjbro	鍩
ocqqjb	鍫
ocjbqq	鍬
ocjbhz	鍭
ocjbyu	鍮
ocjbyr	鍰
ocjbye	鍱
ocjbdr	鍴
ocjbjm	鍵
ocjbsi	鍶
ocjbkv	鍷
ocjbhu	鍸
ocjbxr	鍹
ocjbve	鍺
ocjbhe	鍻
ocjbxm	鍼
ocjbbm	鍽
ocjbvs	鍾
ocjbxq	鎀
ocjbye	鎁
ocjbmw	鎂
ocjbpd	鎃
ocjbai	鎄
ocjbjp	鎅
ocjbqm	鎆
ocjbmw	鎇
ocjbia	鎈
ocjbph	鎊
ocjbhd	鎋
ocjbjm	鎌
ocjbso	鎍
ocjbqi	鎎
oclqjb	鎏
ocjbyc	鎐
ocjbhe	鎑
ocjbru	鎒
ocjbwg	鎓
ocjbrs	鎔
ocjbth	鎕
ocjbch	鎗
ocjbge	鎘
ocjbuo	鎙
ocjbvv	鎚
ocjbvr	鎛
ocbjjb	鎜
ocjbsh	鎟
ocjbgh	鎠
ocjbzi	鎡
ocjbwu	鎢
ocjbhl	鎤
octnjb	鎥
ocjblq	鎦
ocjbqi	鎧
ocjbsy	鎨
ocjbua	鎩
ocjbsz	鎪
ocjbgc	鎬
ocjbvf	鎭
ocjbvf	鎮
ocjblh	鎯
ocjbyi	鎰
ocjbyr	鎱
ocjbdh	鎲
ocjbnp	鎳
ocjbxi	鎴
ocjbjx	鎵
ocjbge	鎶
ocjbma	鎷
ocjbjy	鎸
ocjbss	鎹
ocjbzu	鎺
ocjbwf	鎾
ocjbna	鎿
ocjblu	鏀
ocjbic	鏁
ocjbqu	鏂
ocjbzu	鏃
ocjbvr	鏄
ocjbxq	鏅
ocjbgr	鏆
ocjbxr	鏇
ocjblm	鏈
ocaojb	鏊
ocjbmj	鏋
ocjbmo	鏌
ocjblw	鏍
ocjbbi	鏎
ocjbhv	鏏
ocjbdi	鏑
ocjbcj	鏒
ocjbyb	鏔
ocjblu	鏕
oclujb	鏖
ocjbjm	鏗
ocjbjl	鏘
ocjbcv	鏙
ocjbqi	鏚
ocjbih	鏛
ocjbth	鏜
ocjbmj	鏝
ocjbys	鏞
ocjbij	鏟
ocjbfg	鏠
ocjbjk	鏡
ocjbpn	鏢
ocjbuu	鏣
ocjblz	鏤
ocjbsu	鏥
ocjbcs	鏦
ocvjjb	鏨
ocjbvj	鏩
ocjbcc	鏪
ocjbli	鏫
ocjbxi	鏭
ocjbkh	鏮
ocjbul	鏯
ocjbbg	鏰
ocjbvh	鏱
ocjbqm	鏲
ocjbzg	鏳
ocjblu	鏴
ocjbhx	鏵
ocjbji	鏶
ocjbhv	鏸
ocjbql	鏹
ocjbfa	鏺
ocjblb	鏻
ocjbce	鏼
ocjbsu	鏽
ocjbsj	鏾
ocjbth	鏿
ocjbgv	鐀
ocjbsi	鐁
ocjbyc	鐃
ocjbhl	鐄
ocbijb	鐅
ocdvjb	鐆
ocjbfj	鐇
ocjbqn	鐈
ocjbxy	鐉
ocjbyh	鐊
ocjbth	鐋
ocjbxl	鐌
ocjbjn	鐎
ocjbzy	鐏
ocjbln	鐐
ocjbjp	鐑
ocjblc	鐒
ocjbdy	鐓
ocjbtj	鐔
ocjbji	鐖
ocjbxm	鐗
ocjbts	鐘
ocjbdg	鐙
ocjbee	鐚
ocjbjk	鐛
ocdyjb	鐜
ocjbjt	鐝
ocjbxy	鐞
ocjbti	鐟
ocjbpu	鐠
ocjbvh	鐣
ocjbdk	鐤
ocjbuj	鐥
ocjbjm	鐧
ocjbfw	鐨
ocjbsv	鐩
ocjbjy	鐫
ocjbsv	鐬
ocjbao	鐭
ocjblm	鐮
ocjbvu	鐯
ocjbzc	鐰
ocjbqm	鐱
ocjbuu	鐲
ocjblw	鐳
ocjbpi	鐴
ocjbye	鐷
ocjbgo	鐹
ocjbdh	鐺
ocjbbf	鐼
ocjbda	鐽
ocpijb	鐾
ocjbyi	鐿
ocjbai	鑀
ocjbxy	鑂
ocjbvd	鑃
ocjbuz	鑄
ocjbrs	鑅
ocjbdv	鑆
ocjbqi	鑇
ocjber	鑈
ocjbho	鑊
ocqkjb	鑋
ocjbbb	鑌
ocjbkv	鑎
ocjbnk	鑏
ocjbxu	鑐
ocjbjm	鑑
ocjbqm	鑓
ocjbca	鑔
ocjbvi	鑕
ocjbmp	鑖
ocjbli	鑗
ocjbgl	鑛
ocjbuh	鑜
ocjbpg	鑝
ocjbmd	鑟
ocjble	鑠
ocjbii	鑡
ocjblv	鑢
ocjbbc	鑤
ocjblu	鑥
ocjbxm	鑦
ocjbkr	鑧
ocjbls	鑨
ocjbee	鑩
ocjblu	鑪
ocjblj	鑬
ocjblj	鑭
ocjbbo	鑮
ocjbly	鑰
ocjbxl	鑲
ocjbjm	鑳
ocjbch	鑶
ocjbnp	鑷
ocjbqu	鑺
ocjbpj	鑻
ocjblo	鑼
ocjbzj	鑽
ocjbxm	钀
ocjbjt	钁
ocjbdh	钂
ocjbuu	钃
ocihjq	镹
ocihyc	镺
ocihui	镻
ocihqu	镼
ocihln	镽
ociher	镾
ocmfhg	闩
ocmfrf	闪
ocmfsj	闫
ocmfgj	闬
ocmfcd	闭
ocmfkz	问
ocmfma	闯
ocmfwh	闰
ocmfww	闱
ocmfmu	闲
ocmfgs	闳
ocmfri	间
ocmfwf	闵
ocmfkh	闶
ocmfxb	闷
ocmfjx	闸
ocmfui	闹
ocmfgv	闺
ocmfer	闻
ocmfda	闼
ocmfis	闽
ocmflv	闾
ocmfqi	闿
ocmffa	阀
ocmfge	阁
ocmfhd	阂
ocmfky	阃
ocmfgv	阄
ocmfdv	阅
ocmfll	阆
ocmfve	阇
ocmfho	阈
ocmfyj	阉
ocmfih	阊
ocmfer	阋
ocmfuz	阌
ocmfhy	阍
ocmfjq	阎
ocmfyu	阏
ocmfdj	阐
ocmfjm	阑
ocmfgv	阓
ocmfho	阔
ocmfgv	阕
ocmfhe	阖
ocmfvf	阗
ocmfgj	阚
ocmfpp	閁
ocmfhg	閂
ocmfrf	閃
ocmfrf	閄
ocmfdk	閅
ocmfsj	閆
ocmfxx	閇
ocmfgj	閈
ocmfcd	閉
ocmfuj	閊
ocmfkd	開
ocmfkh	閌
ocmffh	閍
ocmfgs	閎
ocmfwh	閏
ocmfmc	閐
ocmfmu	閑
ocmfyt	閒
ocmfri	間
ocmfwf	閔
ocmfya	閕
ocmfuv	閖
ocmfdz	閗
ocmfjx	閘
ocmfui	閙
ocmfli	閚
ocmfpk	閛
ocmfke	閜
ocmflk	閝
ocmfbm	閞
ocmfbi	閟
ocmfyu	閠
ocmfhd	閡
ocmfgr	関
ocmfge	閣
ocmfhe	閤
ocmffa	閥
ocmfvs	閦
ocmfgs	閧
ocmfgv	閨
ocmfis	閩
ocmfxi	閪
ocmfky	閫
ocmfll	閬
ocmflv	閭
ocmftk	閮
ocmfua	閯
ocmfjq	閰
ocmfdv	閱
ocmfdv	閲
ocmfie	閳
ocmfbw	閴
ocmfvv	閵
ocmfih	閶
ocuauj	閷
ocmfya	閸
ocmfyj	閹
ocmfmb	閺
ocmfyu	閼
ocmfhy	閽
ocmfho	閾
ocmfuz	閿
ocmfxl	闀
ocmfmf	闁
ocmfjr	闂
ocmfyc	闄
ocmfpb	闆
ocmfyb	闇
ocmfww	闈
ocmfho	闊
ocmfgv	闋
ocmfjm	闌
ocmfve	闍
ocmfqr	闎
ocmffg	闏
ocmfvf	闐
ocmfnp	闑
ocjmyu	闒
ocmfqi	闓
ocmfhe	闔
ocmfma	闖
ocmfgv	闚
ocmfth	闛
ocmfbd	闝
ocmfgj	闞
ocmfgv	闠
ocmfdj	闡
ocmfpi	闢
ocmfdh	闣
ocmfda	闥
ocmfyr	闧
ocdvui	阜
ocveuu	阝
ocerli	阞
ocerrf	队
ocerxy	阠
ocerqm	阡
ocerwu	阢
ocerqi	阣
ocerye	阤
oceruv	阥
ocerho	阦
ocerdz	阧
oceree	阨
ocerug	阩
ocerfj	阪
ocerbu	阫
ocerkh	阬
oceryy	阭
oceryr	阮
ocervi	阯
ocerbi	阰
ocerjk	阱
ocerfh	防
ocerri	阳
oceryt	阴
ocerie	阵
ocerjp	阶
ocervg	阷
ocerqu	阹
ocerdi	阺
ocerqp	阻
ocerva	阼
ocervj	阽
ocerlk	阾
ocerke	阿
ocerta	陀
ocerpi	陂
ocerbk	陃
ocerfu	附
ocerui	际
ocerji	陆
ocerls	陇
ocerds	陈
ocerdo	陊
ocerbd	陌
ocerjl	降
ocervu	陎
oceryz	陏
ocergf	限
ocerer	陑
ocerww	陒
ocerkx	陓
ocerhd	陔
ocerjx	陕
ocerqy	陖
ocerxn	陗
ocerjk	陘
ocerif	陙
ocerwu	陚
ocerjx	陜
ocerjx	陝
ocerbu	陟
ocerfu	陠
ocerzz	陡
ocerwj	院
ocerie	陣
oceryu	除
oceruz	陦
oceryr	陨
ocerqm	险
ocerpz	陪
ocerfw	陫
ocerqu	陬
ocerqi	陭
ocervv	陮
ocerly	陯
oceriv	陲
ocerds	陳
ocerbw	陴
ocerlk	陵
ocerlu	陸
ocerve	陼
oceryh	陽
ocervs	隀
oceryu	隃
ocerui	隄
oceryu	隅
ocerww	隇
ocerww	隈
ocersv	隊
oceryb	隌
ocerhl	隍
ocerjp	階
ocerji	隐
ocerqi	隑
ocerjm	隒
ocerge	隔
oceryr	隕
ocerwu	隖
ocerqk	隗
oceryi	隘
ocerth	隚
ocerji	際
ocervh	障
ocernn	隝
ocerao	隞
oceric	隟
ocerij	隡
oceryc	隢
ocerlb	隣
ocergv	隤
ocerdg	隥
ocerpi	隦
ocersv	隧
ocerao	隩
ocerqm	險
ocerbf	隫
ocerer	隬
ocerxu	隭
ocerqi	隮
oceruz	隯
ocsvxn	隳
ocerls	隴
ocxtuv	隶
ocndli	隸
ocvvyz	隻
ocvvui	隼
ocvvnd	隽
ocyzvv	难
ocyivv	隿
ocucvv	雀
ocjbvv	雂
ockdvv	雃
ocgsvv	雄
ocyavv	雅
ocvvmu	集
ochuvv	雇
occcvv	雈
ocuivv	雉
ocjuvv	雊
occivv	雌
ocqpvv	雎
ociuvv	雏
ochuvv	雐
oczavv	雑
ocgevv	雒
ocyuvv	雓
ocvvvv	雔
ocvzvv	雕
ocsvvv	雖
ocdjho	雘
ocxivv	雞
oclivv	離
ocyukv	雩
ocyuxt	雪
ocyuxx	雫
ocyumu	雬
ocyuji	雭
ocyumc	雮
ocyuwf	雯
ocyuff	雰
ocyufh	雱
ocyuyy	雲
ocyuli	雳
ocyuli	雴
ocyuyh	雵
ocyulk	零
ocyutm	雷
ocyugj	雸
ocyubc	雹
ocyumc	雺
ocyudm	電
ocyuui	雼
ocyuhu	雽
ocyuwu	雾
ocyuvc	雿
ocyuer	需
ocyuqi	霁
ocyumu	霂
ocyuuf	霃
ocyuxn	霄
ocyuyj	霅
ocyutk	霆
ocyuif	震
ocyupw	霈
ocyumw	霉
ocyuqi	霋
ocyuvz	霌
ocyuvv	霍
ocyuqp	霎
ocyufw	霏
ocyuhs	霐
ocyuvj	霑
ocyyjb	霒
ocyuer	霓
ocyuvu	霔
ocyyty	霕
ocyulb	霖
ocyulk	霗
ocyuds	霘
ocyuyk	霙
ocyuxl	霜
ocyuxx	霞
ocyuhs	霟
ocyumd	霢
ocyuyr	霣
ocyulq	霤
ocyubb	霦
ocyuwu	霧
ocyuww	霨
ocyugo	霩
ocyuyb	霪
ocyuxi	霫
oclwgs	霬
ocyuye	霭
ocyuvj	霮
ocyudg	霯
ocyusj	霰
ocyulu	露
ocyuls	霳
ocyyli	霴
ocyuji	霵
ocyuph	霶
ocyupi	霹
ocyuww	霺
ocyyqi	霼
ocyuqi	霽
ocyumg	靀
ocyuli	靂
ocyuye	靄
ocyyfw	靅
ocyydd	靆
ocyuls	靇
ocyyai	靉
ocyufg	靊
ocyuli	靋
ocyubc	靌
ocyuhe	靏
ocfgyt	青
ocqkjm	靓
ocqkqi	靔
ocvgqk	靕
ocliqk	靖
ocqkgl	靗
ocqkse	靘
ocqkvg	静
ocqkjm	靚
ocqkdk	靛
ocqkvg	靜
ocqkqi	靝
ocfwmc	靟
ocgcfw	靠
ocmafw	靡
ocmmbc	靤
ocyjmm	靥
ocmmjm	靦
ocmmgv	靧
ocyjmm	靨
ocgedk	靪
ocgeia	靫
ocgegj	靬
ocgerf	靭
ocgeuc	靮
ocgetu	靯
ocgewu	靰
ocgejb	靲
ocgejb	靳
ocgehx	靴
ocgeiz	靵
ocgeba	靶
ocgeyb	靷
ocgeji	靸
ocgenw	靹
ocgemo	靺
ocgeqp	靻
ocgedj	靼
ocgebj	靽
ocgeui	靾
ocgeyz	靿
ocgevc	鞀
ocgepi	鞁
ocgehe	鞂
ocgehs	鞃
ocgebc	鞄
ocgeyh	鞅
ocgebk	鞆
ocgeyb	鞇
ocgehe	鞈
ocgevc	鞉
ocgeji	鞊
ocgegv	鞋
ocange	鞌
ocgean	鞍
ocgegf	鞎
ocgsge	鞏
ocgeda	鞑
ocgeqn	鞒
ocgeig	鞓
ocgemm	鞔
ocgegg	鞕
ocgeto	鞖
ocgexn	鞘
ocgeyr	鞙
ocgeks	鞚
ocgepz	鞛
ocgeda	鞜
ocgeuh	鞝
ocgebw	鞞
ocgexl	鞟
ocgela	鞡
ocgeye	鞢
ocgerz	鞣
ocfgge	鞤
ocgeqq	鞦
ocgeqq	鞧
ocgehe	鞨
ocgext	鞩
ocgejm	鞬
ocgebm	鞭
ocgeui	鞮
ocgejm	鞯
ocgewf	鞰
ocgeyc	鞱
ocgegz	鞲
ocgexi	鞵
ocbjge	鞶
ocgege	鞷
ocgebi	鞸
ocgego	鞹
ocgeth	鞺
ocgelz	鞻
ocgegv	鞼
ocgeqn	鞽
ocgehx	鞾
ocgeji	鞿
ocgejl	韁
ocgevj	韂
ocgeda	韃
ocgeho	韄
ocgeqm	韆
ocgemd	韇
ocgemp	韈
ocgeyj	韉
ocwwrf	韌
ocwwba	韍
ocwwmo	韎
ocjrww	韏
ocwwhe	韐
ocglww	韑
ocwwxn	韒
ocvoww	韓
ocwwih	韔
ocwwxl	韕
ocwwrz	韖
ocwwjy	韗
ocwwye	韘
ocuiww	韙
ocwwge	韚
ocwwyc	韜
ocwwgz	韝
ocwwwf	韞
ocwwgc	韟
ocwwbi	韠
ocwwhx	韡
ocwwhv	韢
ocwwuu	韣
ocwwmp	韤
ocwwmd	韥
ocwwrf	韧
ocwwba	韨
ocvoww	韩
ocuiww	韪
ocwwwf	韫
ocwwyc	韬
ocfwhg	韭
ocfwhg	韮
occcjq	韮
ocliri	音
ocybyy	韵
ocybvc	韶
ocybiu	韷
ocybfg	韸
ocybhl	韹
ocybyk	韺
ocybyr	韻
ocybfg	韼
ocxlyb	響
ocybho	頀
ocdkye	頂
ocbiye	頃
ocjqye	頄
ocgsye	項
ocirye	順
ocgjye	頇
ocujye	須
ocviye	頉
ocwhye	頊
oceeye	頋
ocgsye	頌
ocviye	頍
ocjbye	頎
ockhye	頏
ocyuye	預
ocyrye	頑
ocffye	頒
octyye	頓
ocyzye	頔
ocvjye	頕
ocbjye	頖
ocpiye	頗
oclkye	領
ocvgye	頙
ocugye	頚
oclwye	頛
ocheye	頜
ocjnye	頝
ocanye	頞
ocgeye	頟
ocwwye	頠
ocjiye	頡
ocueye	頢
ocifye	頣
ocifye	頤
ochdye	頦
ocdvye	頧
ocyuye	頨
ocbkye	頩
ocmiye	頪
ocvcye	頫
ocjxye	頬
ocdzye	頭
ocjxye	頰
octkye	頲
ociiye	頳
ocjyye	頵
ocgcye	頶
ochjye	頷
ocjkye	頸
ocxqye	頺
ocbuye	頻
ocuuye	頼
octuye	頽
ocxuci	頾
ocvvye	顀
ocdkye	顁
ocldye	顂
ocyjye	顃
ochjye	顄
ocjmye	顅
ocgoye	顆
oczuye	顇
ocjbye	顉
ocfuye	顊
ocsiye	顋
ocuiye	題
ockeye	額
ocjyye	顐
ocxmye	顑
ocyuye	顒
ocdrye	顓
ocyjye	顔
ocxmye	顕
ocqiye	顗
ocyrye	願
ocshye	顙
ocvfye	顚
ocvfye	顛
ocgzye	顜
ocguye	顝
ocpnye	顠
ocmjye	顢
ocqiye	顣
ocycye	顤
ocjkye	顥
ocjnye	顦
ocguye	顧
ocqmye	顩
ocsvye	顪
ocdjye	顫
ocxuye	顬
ocmgye	顭
ocbbye	顮
ocpbbw	顰
ocluye	顱
ocnpye	顳
ocdkye	顶
ocbiye	顷
ocgjye	顸
ocgsye	项
ocirye	顺
ocujye	须
ocwhye	顼
ocyrye	顽
oceeye	顾
octyye	顿
ocjbye	颀
ocffye	颁
ocgsye	颂
ockhye	颃
ocyuye	预
ocluye	颅
oclkye	领
ocpiye	颇
ocjiye	颉
ocjxye	颊
octkye	颋
ocheye	颌
ochdye	颏
ocifye	颐
ocbuye	频
octuye	颓
ochjye	颔
ocgoye	颗
ocuiye	题
ocyuye	颙
ocdrye	颛
ocyjye	颜
ockeye	额
ocnpye	颞
ocvfye	颠
ocshye	颡
ocjkye	颢
ocdjye	颤
ocxuye	颥
ocpbbw	颦
ocjiia	风
ocfgyi	飏
ocfgvj	飐
ocfgbc	飑
oclifg	飒
ocfgju	飓
ocfgsi	飔
ocfgsz	飕
ocycfg	飖
ocfglq	飗
ocpnfg	飘
ocfgyj	飚
ocjiis	風
ocfguj	颩
ocxxfg	颪
ocfgfu	颫
ocfgya	颬
ocfgvj	颭
ocfgbc	颮
oclifg	颯
ocfgba	颰
ocfgtd	颱
ocfglp	颲
ocfgue	颳
ocfgxn	颵
ocfgju	颶
ocfgyj	颷
ocfgsi	颸
ocfgww	颹
ocfgyh	颺
ocycfg	颻
ocfgsz	颼
ocqifg	颽
ocfgzc	颾
ocmafg	颿
ocfglq	飀
ocxifg	飁
ocfgpn	飃
ocpnfg	飄
ocbnfg	飙
ocbnfg	飆
ocfgbn	飇
ocfgyj	飈
ocfgln	飉
ocyjfg	飊
ocfgse	飋
ocfjfw	飜
ocvebk	飞
ocrfll	食
ocdcve	饣
ocuidk	饤
ocuiji	饥
ocuito	饦
ocuiyi	饧
ocuity	饨
ocuiqi	饩
ocuirf	饪
ocuiyc	饫
ocuifj	饭
ocuiqm	饮
ocuijm	饯
ocuibc	饱
ocuisi	饲
ocuiiu	饳
ocuitd	饴
ocuier	饵
ocuiyc	饶
ocuixl	饷
ocuihe	饸
ocuige	饹
ocuijn	饺
ocuiyi	饻
ocuibk	饼
ocuibo	饽
ocuidz	饾
ocuiwo	饿
ocuiyu	馀
ocuito	馁
ocuiqy	馂
ocuigo	馃
ocuiky	馄
ocuigr	馆
ocuiia	馇
ocuigv	馈
ocuigu	馉
ocuisz	馊
ocuihe	馌
ocuimo	馍
ocuivr	馎
ocuilq	馏
ocuixq	馐
ocuijb	馑
ocuimj	馒
ocuisj	馓
ocuixy	馔
ocuinh	馕
ocrfll	飠
ocbkui	飡
ocuiji	飢
ocuidk	飣
ocuirf	飤
ocuito	飥
ocuigj	飦
ocxiui	飧
ocxlui	飨
ocuity	飩
ocuirf	飪
ocuiyc	飫
ocjrll	飬
ocuifj	飯
ocuibm	飰
ocddui	飱
ocuiqm	飲
ocuivu	飳
ocuitd	飴
ocuiva	飵
ocuibi	飶
ocuiqp	飷
ochcui	飸
ocuimc	飹
occiui	飺
ocuivf	飻
ocuisi	飼
ocuibc	飽
ocuiiu	飿
ocuiai	餀
ocuirf	餁
ocuiue	餂
ocuijn	餃
ocuihe	餄
ocuibk	餅
ocuivc	餆
ocuits	餇
occiui	餈
ocuixl	餉
ocyhui	養
ocjrui	餋
ocuier	餌
ocyjui	餍
ocuige	餎
ocuiyi	餏
ocuibo	餑
ocuito	餒
ocuiwo	餓
ocuifu	餔
ocuiqy	餕
ocuidz	餖
ocuiuu	餗
ocuiyu	餘
ocuixi	餙
ocuiyc	餚
ocuiky	餛
ocuigo	餜
ocuifh	餝
ocuivo	餟
ocuipz	餢
ocuiyj	餣
ocuiyj	餤
ocfwui	餥
ocuiih	餦
ocuiww	餧
ocuigr	館
ocuijy	餫
ocuihu	餬
ocuihl	餭
ocuitr	餯
ocuiyj	餰
ocuihz	餱
ocuihe	餲
ocuiyh	餳
ocuibf	餴
ocuiww	餵
ocuigu	餶
ocuiia	餷
ocuiss	餸
ocuith	餹
ocuivr	餺
ocuigc	餻
ocuiqi	餼
ocuigv	餽
ocuilq	餾
ocuisz	餿
ocuiyc	饀
ocuihe	饁
ocuiwf	饂
ocuimo	饃
ocuith	饄
ocuimj	饅
ocuibi	饆
ocuiqu	饇
ocuixq	饈
ocuijb	饉
ocuisj	饊
ocuigv	饋
ocuixy	饌
ocuiuj	饍
ocuixi	饎
ocgjui	饏
ocuiyi	饐
ocuiji	饑
ocuiyc	饒
ocuith	饓
ocysui	饔
ocuisv	饖
ocxlui	饗
ocuidj	饘
ocuibf	饙
ocuimg	饛
ocyjui	饜
ocuimo	饝
ocuixl	饟
ocuilo	饠
ocuizj	饡
ocuinh	饢
ocqmzi	首
ocjquz	馗
ocuzho	馘
ocheri	香
ocxlff	馚
ocxlba	馛
ocxlni	馜
ocxlbi	馝
ocxlbo	馞
ocxlfu	馟
ocxlhj	馠
ocxlfw	馡
ocxlyj	馣
ocxlhe	馤
ocxlfu	馥
ocxljm	馦
ocxlwf	馧
ocxlbf	馩
ocxlbb	馪
ocmayz	驭
ocmada	驮
ocmair	驯
ocmaye	驰
ocmaqu	驱
ocmari	驲
ocmayc	驳
ocmahu	驴
ocmaqp	驵
ocmaui	驶
ocmasi	驷
ocmafu	驸
ocmaju	驹
ocmaiu	驺
ocmavu	驻
ocmata	驼
ocnuma	驽
ocjxma	驾
ocmatd	骀
ocmayc	骁
ocmayb	骃
ocmaqn	骄
ocmahx	骅
ocmage	骆
ocmahd	骇
ocmabk	骈
ocmali	骊
ocmaqm	验
ocmaxb	骍
ocmaqy	骏
ocmaqi	骐
ocmaqi	骑
ocmago	骒
ocmavv	骓
ocmazs	骔
ocmasu	骕
ocmacj	骖
ocmabm	骗
ocmagv	骙
ocmazc	骚
ocaoma	骜
ocmalq	骝
ocmauj	骟
ocmapn	骠
ocmalw	骡
ocmaij	骣
ocmaju	骤
ocmaul	骦
ocmaxl	骧
ocmayz	馭
ocbkma	馮
ocmagj	馯
ocmauc	馰
ocmada	馱
ocmato	馲
ocmaye	馳
ocmair	馴
ocmacc	馵
ocmavi	馶
ocmafu	馷
ocmajb	馸
ocmari	馹
ocmaji	馺
ocmayy	馻
ocmawf	馼
ocmavs	馽
ocmayb	馾
ocmahu	馿
ocmayz	駀
ocmayc	駁
ocmagk	駃
ocmatd	駄
ocmaii	駅
ocmaqu	駆
ocmawf	駇
ocmaqq	駈
ocmajs	駉
ocmapi	駊
ocmavc	駋
ocwjma	駌
ocmapk	駍
ocmayz	駎
ocmaju	駏
ocmavu	駐
ocnuma	駑
ocmaju	駒
ocmapi	駓
ocmaqp	駔
ocjxma	駕
ocmalk	駖
ocmavf	駗
ocmatd	駘
ocmafu	駙
ocmayh	駚
ocmaui	駛
ocmabi	駜
ocmata	駝
ocmasi	駟
ocmamc	駠
ocmabk	駢
ocmavc	駣
ocmavi	駤
ocmars	駥
ocjrma	駦
ocmats	駧
ocmaxy	駨
ocmaqr	駩
ocmaxm	駪
ocmagl	駫
ocmaer	駬
ocmahd	駭
ocmajn	駮
ocmavu	駯
ocmayb	駰
ocmage	駱
ocmavz	駲
ocmayj	駳
ocmajp	駴
ocmaju	駶
ocmauu	駷
ocmals	駹
ocmall	駺
ocmahj	駻
ocmayu	駼
ocmayr	駽
ocmadv	駾
ocmaqy	駿
ocmawo	騀
ocmaxb	騂
ocmayi	騃
ocmalu	騄
ocmavv	騅
ocmavz	騆
ocmaue	騇
ocmaky	騉
ocmald	騋
ocmazs	騌
ocmago	騍
ocmaqi	騎
ocmaqi	騏
ocmanm	騐
ocmafw	騑
ocmahe	騔
ocmayc	騕
ocbmma	騗
ocmabm	騙
ocmaqm	騚
ocmafw	騛
ocmahl	騜
ocmajm	騝
ocmayu	騟
ocmaui	騠
ocmaqr	騡
ocmaxx	騢
ocmagv	騤
ocmarz	騥
ocmasi	騦
ocmago	騧
ocmadj	騨
ocmagv	騩
ocmasz	騪
ocmaig	騬
ocmalq	騮
ocmaph	騯
ocmaxi	騱
ocmacc	騲
ocmama	騳
ocmayj	騴
ocmayr	騵
ocmaiu	騶
ocmazc	騷
ocmauj	騸
ocmajb	騹
ocvima	騺
ocmaul	騻
ocmalu	騼
ocmaxi	騽
ocmalw	騾
ocmavh	騿
ocmoma	驀
ocaoma	驁
ocmacj	驂
ocmapn	驃
ocmaqu	驅
ocmabi	驆
ocmaxu	驉
ocmahx	驊
ocmafa	驋
ocmasu	驌
ocmayc	驍
ocmalb	驎
ocmaij	驏
ocmady	驐
ocmadj	驒
ocmazg	驓
ocmatj	驔
ocmaqn	驕
ocmaqm	驗
ocmadj	驙
ocjkma	驚
ocmaye	驜
ocmabb	驞
ocmaju	驟
ocmayj	驠
oclsma	驡
ocmalu	驢
ocmaxl	驤
ocmaul	驦
ocmaju	驧
ocmali	驪
ocgujq	骩
ocgufj	骪
ocguwj	骫
ocguyu	骬
ocgugj	骭
ocguyi	骮
ocgukh	骯
ocguuu	骰
ocgujp	骱
ocgubc	骲
ocgupi	骳
ocguci	骴
ocgubf	骵
ocgudi	骶
ocgugu	骷
ocguhd	骸
ocgujn	骹
ocguhz	骺
ocgukx	骻
ocguge	骼
ocguto	骽
ocgugg	骾
ocgubk	骿
ocgubw	髀
ocgugo	髁
ocguke	髂
ocguyu	髃
ocgulz	髅
ocguvr	髆
ocgugc	髇
ocguph	髈
ocguhe	髉
ocguia	髊
ocgukr	髋
ocgubb	髌
ocguma	髍
ocgulz	髏
ocguyc	髐
ocguuu	髑
ocguzh	髒
ocgubb	髕
ocgukr	髖
ocgulu	髗
ocgckh	髚
ocgcug	髜
ocgclc	髝
ocgczc	髞
ocihuj	髟
ocbnji	髠
ocbnwu	髡
ocbnye	髢
ocbnfh	髣
ocbnmu	髤
ocbnmc	髦
ocbnyb	髧
ocbnyr	髨
ocbnmm	髩
ocbnyz	髪
ocbnvc	髫
ocbnpi	髬
ocbnci	髭
ocbnba	髮
ocbnrj	髯
ocbnui	髰
ocbnbc	髱
ocbnpi	髲
ocbnmc	髳
ocbnfu	髴
ocbner	髵
ocbner	髶
ocbnqu	髷
ocbngs	髸
ocbnxq	髹
ocbnue	髺
ocbnji	髻
ocbnfg	髼
ocbnzo	髽
ocbnxn	髾
ocbnua	髿
ocbndi	鬀
ocbnli	鬁
ocbnbk	鬂
ocbnzs	鬃
ocbnyi	鬄
ocbnpg	鬅
ocbnss	鬆
ocbnvg	鬇
ocbnjr	鬈
ocbniy	鬊
ocbnqm	鬋
ocbnhu	鬍
ocbnci	鬎
ocbnqq	鬏
ocbnqi	鬐
ocbnjm	鬑
ocbnvf	鬒
ocbnbb	鬓
ocbnfg	鬔
ocbnmo	鬕
ocbncj	鬖
ocbnmj	鬗
ocbnmj	鬘
ocbnzg	鬙
ocbnxu	鬚
ocbnxm	鬜
ocbnjm	鬝
ocbnns	鬞
ocbnhv	鬠
ocbnnk	鬡
ocbnbb	鬢
ocbnve	鬣
ocbnxl	鬤
ocdzdz	鬦
ocdzui	鬧
ocdzgs	鬨
ocdzer	鬩
ocdzgj	鬫
ocdzgv	鬮
ochuge	鬳
ocgefu	鬴
ocgvge	鬶
ocgelq	鬸
ocgvge	鬹
ocvzge	鬻
ocgvuj	鬽
ocgvvi	鬾
ocgvjb	鬿
ocgvjp	魀
ocgvdz	魁
ocyygv	魂
ocgvba	魃
ocbdgv	魄
ocgvww	魅
ocgvyt	魆
ocyjgv	魇
ocgvxn	魈
ocgvll	魉
ocgvho	魊
ocgvvv	魋
ocgvqi	魌
ocgvwh	魍
ocgvll	魎
ocwwgv	魏
ocgvjm	魐
ocgvli	魑
ocgvpn	魒
ocgvbi	魓
ocmagv	魔
ocgvji	魕
ocgvxu	魖
ocuzgv	魗
ocyjgv	魘
ocjmgv	魙
ocyudc	鱽
ocyuji	鱾
ocyuyz	鱿
ocyuty	鲀
ocyuri	鲁
ocyufh	鲂
ocyuba	鲃
ocyuke	鲄
ocyuba	鲅
ocyupk	鲆
ocyuvj	鲇
ocyulu	鲈
ocyuyz	鲉
ocyuva	鲊
ocyufu	鲋
ocyubd	鲌
ocyubc	鲍
ocyupi	鲏
ocyutd	鲐
ocyugv	鲑
ocyuji	鲒
ocyukc	鲓
ocyuyz	鲔
ocyuer	鲕
ocyuts	鲖
ocyuze	鲗
ocyuhz	鲘
ocyuhv	鲙
ocyuqi	鲚
ocyujn	鲛
ocyuyh	鲜
ocyhyu	鲝
ocjryu	鲞
ocyuxy	鲟
ocyugg	鲠
ocyuli	鲡
ocyulm	鲢
ocyujm	鲣
ocyuli	鲤
ocyuui	鲥
ocyutn	鲦
ocyuxi	鲧
ocuayu	鲨
ocyuwj	鲩
ocyujy	鲪
ocyuji	鲫
ocyuys	鲬
ocyuqk	鲭
ocyulk	鲮
ocyuqi	鲯
ocyuqu	鲰
ocyufw	鲱
ocyuky	鲲
ocyuih	鲳
ocyugu	鲴
ocyuer	鲵
ocyunm	鲶
ocyuvz	鲷
ocyujk	鲸
ocyucj	鲹
ocyuui	鲺
ocyubf	鲼
ocyuye	鲽
ocyufu	鲾
ocyuih	鲿
ocyuui	鳀
ocyuwf	鳁
ocyuww	鳂
ocyusi	鳃
ocyuqq	鳅
ocyufu	鳆
ocyuhl	鳇
ocyuqr	鳈
ocyujl	鳉
ocyubm	鳊
ocyuzc	鳋
ocaoyu	鳌
ocyuph	鳑
ocyujm	鳒
ocyule	鳓
ocyupn	鳔
ocyuxt	鳕
ocbiyu	鳖
ocyumj	鳗
ocmbyu	鳘
ocyuys	鳙
ocyuww	鳚
ocyujt	鳜
ocyuuj	鳝
ocyulb	鳞
ocyuzy	鳟
ocyuho	鳠
ocyugj	鳡
ocyudj	鳣
ocyugr	鳤
ocyudc	魛
ocyurf	魜
ocyudc	魝
ocyuru	魞
ocyugs	魟
ocyuto	魠
ocyuuc	魡
ocyuji	魢
ocyuyu	魣
ocyuhx	魤
ocyuji	魥
ocyuuc	魦
ocyukh	魧
ocyuty	魨
ocyuwu	魩
ocyujp	魪
ocyuyb	魫
ocyufj	魬
ocyuyr	魭
ocyubi	魮
ocyuri	魯
ocyuwf	魰
ocyuhu	魱
ocyuhu	魲
ocyufh	魴
ocyuff	魵
ocyunw	魶
ocyuyz	魷
ocyupm	魸
ocyumc	魹
ocyuke	魺
ocyujx	魻
ocyuqu	魼
ocyugj	魽
ocyupi	魾
ocyulk	魿
ocyuta	鮀
ocyuba	鮁
ocyuqq	鮂
ocyupk	鮃
ocyufu	鮄
ocyubi	鮅
occiyu	鮆
ocyuww	鮇
ocyuju	鮈
ocyuvc	鮉
ocyubd	鮊
ocyuyz	鮋
ocyuxr	鮌
ocyupi	鮍
ocyuvj	鮎
ocyuug	鮏
ocyutd	鮐
ocyubc	鮑
ocyufu	鮒
ocyuva	鮓
ocyuju	鮔
ocyugu	鮕
ocyuui	鮖
ocyuds	鮗
ocyudd	鮘
ocyuyu	鮙
ocyuji	鮚
ocyuhz	鮜
ocjryu	鮝
ocyuer	鮞
ocyuan	鮟
ocyuww	鮠
ocyuvc	鮡
ocyuvu	鮢
ocyuyb	鮣
oclpyu	鮤
ocyuge	鮥
ocyuts	鮦
ocyuyi	鮧
ocyuvi	鮨
ocyubk	鮩
ocyuyz	鮪
ocyujn	鮫
ocyukx	鮬
ocyugv	鮭
ocyuyh	鮮
ocyuhe	鮯
ocyuhv	鮰
ocyulc	鮱
ocyufu	鮲
ocyukc	鮳
ocyuxq	鮴
ocyudv	鮵
ocyujy	鮶
ocyudi	鮷
ocyumm	鮸
ocyuxn	鮹
ocyhyu	鮺
ocyuqy	鮻
ocyuyu	鮽
ocyuto	鮾
ocyuxi	鯀
ocyugg	鯁
ocyuyz	鯂
ocyuwu	鯃
ocyuqq	鯄
ocyuyj	鯅
ocyufu	鯆
ocyuwj	鯇
ocyuli	鯉
ocuayu	鯊
ocyuua	鯋
ocyugc	鯌
ocyulq	鯍
ocyuig	鯎
ocyuli	鯏
ocyuzz	鯐
ocyuxi	鯑
ocyuys	鯒
ocyuuf	鯓
ocyuqi	鯕
ocyuqk	鯖
ocyuww	鯘
ocyuxl	鯙
ocyuji	鯚
ocyuvz	鯛
ocyuqp	鯜
ocyugu	鯝
ocyuvz	鯞
ocyuds	鯟
ocyuld	鯠
ocyufw	鯡
ocyuer	鯢
ocyuyi	鯣
ocyuky	鯤
ocyulu	鯥
ocyujq	鯦
ocyuih	鯧
ocyujk	鯨
ocyuly	鯩
ocyulk	鯪
ocyuqu	鯫
ocyumg	鯭
ocyuzs	鯮
ocyuvi	鯯
ocyunm	鯰
ocyuhu	鯱
ocyuyu	鯲
ocyudi	鯳
ocyuui	鯴
ocyucj	鯵
ocyujy	鯶
ocyuui	鯷
ocyuhz	鯸
ocyuxk	鯹
ocyuve	鯺
ocyuci	鯻
ocyuji	鯽
ocyubm	鯾
ocyubm	鯿
ocyuyr	鰀
ocyuqr	鰁
ocyuze	鰂
ocyuww	鰃
ocyuww	鰄
ocyuyu	鰅
ocyuiy	鰆
ocyurz	鰇
ocyuye	鰈
ocyuhl	鰉
ocyujm	鰊
ocyuqq	鰌
ocyuqq	鰍
ocyujm	鰎
ocyufu	鰏
ocyuyh	鰑
ocyufu	鰒
ocyusi	鰓
ocyuxm	鰔
ocyuxx	鰕
ocyuhu	鰗
ocyuui	鰘
ocyuro	鰙
ocyuxr	鰚
ocyuwf	鰛
ocyujm	鰜
ocyugc	鰝
ocyuwu	鰞
ocyuph	鰟
ocyuzc	鰠
ocyulq	鰡
ocyuma	鰢
ocyuui	鰣
ocyuui	鰤
ocyuzi	鰦
ocyuyc	鰩
ocyuhe	鰪
ocyurs	鰫
ocyuqm	鰬
ocyuqi	鰭
ocyuwf	鰮
ocyuro	鰯
ocyuuf	鰰
ocyulm	鰱
ocaoyu	鰲
ocyule	鰳
ocmbyu	鰵
ocyuji	鰶
ocyutn	鰷
ocyuqu	鰸
ocyujm	鰹
ocyucj	鰺
ocyumj	鰻
ocyuxi	鰼
ocyucc	鰽
ocyupn	鰾
ocyuze	鰿
ocjiyu	鱀
ocyuvu	鱁
ocyujl	鱂
ocyuxq	鱃
ocyuvr	鱄
ocyuys	鱅
ocyuvh	鱆
ocyukh	鱇
ocyuxt	鱈
ocbiyu	鱉
ocyuxu	鱋
ocyuxl	鱌
ocyufa	鱍
ocyuqn	鱎
ocyutj	鱏
ocyusu	鱐
ocyuhl	鱑
ocyuzy	鱒
ocyudj	鱓
ocyuuj	鱔
ocyufj	鱕
ocyujt	鱖
ocyulb	鱗
ocyuxy	鱘
ocyuyc	鱙
ocyuxi	鱚
ocyuzg	鱛
ocyuxl	鱜
ocyubf	鱝
ocyuhv	鱠
ocyuzw	鱡
ocyuzc	鱢
ocyudj	鱣
ocyugj	鱤
ocyusv	鱥
ocyumm	鱦
ocyulw	鱩
ocyuuu	鱪
ocyuai	鱫
ocyuxu	鱬
ocyuqi	鱭
ocyuyu	鱮
ocyuho	鱯
ocyuuu	鱰
ocyuwj	鱱
ocyule	鱳
ocyump	鱴
ocyuvf	鱵
ocyuyh	鱶
ocyuee	鱷
ocyulu	鱸
ocyuli	鱺
ocnnhg	鸟
ocjqnn	鸠
ocyznn	鸡
ocyinn	鸢
ockznn	鸣
ocuinn	鸤
ocqunn	鸥
ocyann	鸦
occhnn	鸧
ocybnn	鸩
ocgunn	鸪
ocdsnn	鸫
oclunn	鸬
ocjxnn	鸭
ochcnn	鸮
ocyhnn	鸯
oclknn	鸰
ocdinn	鸱
ocjunn	鸲
ocwjnn	鸳
ocnnta	鸵
ocsinn	鸶
ocvinn	鸷
ocernn	鸸
ocuenn	鸹
ocxqnn	鸺
ocxknn	鸻
ocvznn	鸼
octdnn	鸽
ocyinn	鸾
ocjlnn	鸿
ocwunn	鹀
ocbonn	鹁
oclinn	鹂
ocyrnn	鹃
ocgcnn	鹄
ocwonn	鹅
ocgunn	鹆
ocxmnn	鹇
ocdinn	鹈
ocwunn	鹉
ocxinn	鹊
ocmnnn	鹋
ocyjnn	鹌
ockynn	鹍
ocbwnn	鹎
ocpgnn	鹏
ocxlnn	鹑
ocggnn	鹒
ocwjnn	鹓
ocsunn	鹔
ochunn	鹕
ocgunn	鹘
ocqqnn	鹙
oczinn	鹚
ocmwnn	鹛
ocgenn	鹝
ocwgnn	鹟
oclqnn	鹠
ocjinn	鹡
ocyinn	鹢
ocjmnn	鹣
ochenn	鹤
ocyknn	鹦
ocuunn	鹧
oclnnn	鹩
ocjnnn	鹪
ocjqnn	鹫
oclunn	鹭
ocnnho	鹱
ocmgnn	鹲
oculnn	鹴
ocnnho	鳥
ocnnyi	鳦
ocnnji	鳧
ocnnli	鳨
ocjqnn	鳩
ocbunn	鳪
ocihnn	鳫
ocnnji	鳬
ocdcnn	鳭
ocyznn	鳮
ocjinn	鳯
ocrunn	鳰
ocgjnn	鳱
ocuinn	鳲
ockznn	鳴
ocxynn	鳵
ocyinn	鳶
ocvinn	鳷
ochunn	鳸
ocjbnn	鳹
ocfunn	鳺
ocffnn	鳻
ocwfnn	鳼
ockdnn	鳽
ocwhnn	鳿
ocbunn	鴀
ocycnn	鴁
ocgknn	鴂
ocnngk	鴃
ocpinn	鴄
ocdjnn	鴅
ocybnn	鴆
ocyann	鴉
ocvgnn	鴊
ocfhnn	鴋
octmnn	鴌
ocwfnn	鴍
ocqunn	鴎
ocnndd	鴏
ocjxnn	鴐
ocnunn	鴑
oclknn	鴒
ocbinn	鴓
ocfjnn	鴔
ocnnta	鴕
ocmbnn	鴖
oclinn	鴗
ocbmnn	鴘
ocuinn	鴙
ocnnke	鴚
ocwjnn	鴛
occinn	鴜
ocjunn	鴝
ochcnn	鴞
ocdinn	鴟
ocdjnn	鴠
ocqpnn	鴡
ocyznn	鴢
ocgunn	鴣
ocnnds	鴤
ocnnxt	鴥
ocyhnn	鴦
ocjxnn	鴨
ocuinn	鴩
ocxtnn	鴪
octmnn	鴫
ocdvnn	鴭
ockxnn	鴮
ocernn	鴯
ocuenn	鴰
ocainn	鴱
ocvinn	鴲
ocannn	鴳
ocxknn	鴴
ocvcnn	鴵
ocjinn	鴶
oclpnn	鴷
ocvunn	鴸
ocyhnn	鴹
ocyinn	鴺
ocjlnn	鴻
ocnnge	鴼
ocrunn	鴽
ocmznn	鴾
ochenn	鴿
ocrfnn	鵀
ocjnnn	鵁
ocxqnn	鵂
ocvznn	鵃
ocvinn	鵄
ocgenn	鵅
ocxknn	鵆
ocnmnn	鵇
ocernn	鵈
ocyinn	鵉
ocjxnn	鵊
ocjinn	鵋
ocnnyu	鵌
ocwjnn	鵍
octonn	鵎
ocfunn	鵏
ocwunn	鵐
ocyrnn	鵑
ocgunn	鵒
ocbonn	鵓
ocnnqy	鵔
ocqynn	鵕
ocgfnn	鵖
ocxinn	鵗
ocjynn	鵘
ocbwnn	鵙
octunn	鵚
ocjknn	鵛
ocdinn	鵜
ocwonn	鵝
ocwonn	鵞
ocklnn	鵟
ocgcnn	鵠
ocwunn	鵡
ocufnn	鵢
ocuunn	鵣
ocjnnn	鵤
ocpjnn	鵥
ocnnlu	鵦
ocbknn	鵧
ocuenn	鵨
ocfunn	鵩
ocyjnn	鵪
ocvonn	鵫
ocpgnn	鵬
ocjbnn	鵭
ocbwnn	鵯
ocvznn	鵰
oclunn	鵱
ocxinn	鵲
ocjmnn	鵳
octunn	鵵
ocyann	鵶
ocwjnn	鵷
ocqinn	鵸
ocyenn	鵺
ocnnvv	鵻
ocksnn	鵼
ocvonn	鵽
ockynn	鵾
ocnnug	鵿
ocnnqi	鶀
ocjknn	鶁
ocernn	鶂
ocnner	鶃
ocqknn	鶄
ocldnn	鶆
ocdsnn	鶇
ocqinn	鶈
ocxlnn	鶉
ocggnn	鶊
ocjunn	鶋
ocqunn	鶌
ocyinn	鶍
oczsnn	鶎
ocuunn	鶐
ocmnnn	鶓
ocrznn	鶔
ocybnn	鶕
ocqqnn	鶖
ocuinn	鶗
ochunn	鶘
ocdinn	鶙
ocjpnn	鶛
ocmcnn	鶜
ocfunn	鶝
ocdynn	鶞
octunn	鶟
ochenn	鶡
ocyrnn	鶢
ocbmnn	鶣
ocjynn	鶤
ocmwnn	鶥
ochunn	鶦
ocyknn	鶧
octrnn	鶨
ocjmnn	鶫
occhnn	鶬
ocfhnn	鶭
ocgcnn	鶮
ocyrnn	鶰
ocwgnn	鶲
ocnnui	鶳
ochenn	鶴
octhnn	鶶
ochdnn	鶷
ocronn	鶸
oclqnn	鶹
ocjinn	鶺
ocgunn	鶻
ocjmnn	鶼
ocsynn	鶽
oczinn	鶿
oczinn	鷀
ocyinn	鷁
ocycnn	鷂
ocyjnn	鷃
ocxinn	鷄
ocsunn	鷅
ocvfnn	鷆
ocnnsi	鷈
ocsinn	鷉
ocgenn	鷊
octunn	鷋
ocnnma	鷌
ocnpnn	鷍
ocgcnn	鷎
ocvfnn	鷏
ocifnn	鷐
oclinn	鷑
ocvrnn	鷒
ocuunn	鷓
ocaonn	鷔
ocwwnn	鷕
ocqunn	鷗
ociinn	鷘
ocvinn	鷙
ocysnn	鷛
oclznn	鷜
ocbinn	鷝
oculnn	鷞
oczunn	鷟
ocyunn	鷠
ocwunn	鷡
ocjtnn	鷢
octjnn	鷣
ocdjnn	鷤
ocjnnn	鷦
ocyinn	鷧
ochxnn	鷨
ocbinn	鷩
ocsunn	鷫
ochlnn	鷬
ocfjnn	鷭
ocqnnn	鷮
oclnnn	鷯
ocjqnn	鷲
ocxmnn	鷳
ocxmnn	鷴
octunn	鷵
ocmdnn	鷶
oczynn	鷷
oclunn	鷺
ocnndy	鷻
ocjmnn	鷼
ocyinn	鷾
ocpinn	鷿
ocuunn	鸀
ocxinn	鸂
ocnnyi	鸃
ocjnnn	鸄
ocyunn	鸆
ocdjnn	鸇
ocyenn	鸈
ocyhnn	鸉
ocpinn	鸊
ocnknn	鸋
ocnnho	鸌
ocernn	鸍
ocmgnn	鸏
ocvdnn	鸐
ocyunn	鸑
ocyunn	鸒
ocnnbc	鸔
oclunn	鸕
ochonn	鸖
oclsnn	鸗
oculnn	鸘
oclynn	鸙
ocyknn	鸚
ocqunn	鸜
oclinn	鸝
oclujb	鹶
oclulk	鹷
ocluxm	鹹
ocluia	鹺
oclujm	鹻
ocluqm	鹼
ocluia	鹾
oclubi	麀
ocdclu	麁
ocluji	麂
ocluho	麃
ocfflu	麄
oclubc	麅
ocluqp	麆
ocluhe	麇
ocluvu	麈
ocmilu	麊
oclumi	麋
ocluwu	麌
oclulq	麍
ocluif	麎
oclujy	麏
oclulb	麐
ocluer	麑
ocluqi	麒
oclblu	麓
oclujq	麔
oclujk	麖
oclilu	麗
ocluxl	麘
ocluxm	麙
ocluxx	麚
oclumi	麛
oclusu	麜
ocluue	麝
ocluvh	麞
oclulb	麟
oclujl	麠
ocluqi	麡
ocluyj	麣
ocldwf	麥
ocfgwf	麦
ocmdqi	麧
ocmduc	麨
ocmdfu	麩
ocmdmm	麪
ocmdgd	麫
ocmdpi	麬
ocmdbc	麭
ocmdqu	麮
ocmdqu	麯
ocmdmz	麰
ocmdfu	麱
ocmdjm	麲
ocmdld	麳
ocmdmm	麵
ocmdli	麶
ocmdfg	麷
ocmdfu	麸
ocmdmm	麺
ocgllb	麻
ocmayc	麼
ocmame	麽
ocmamc	麾
ocmalv	麿
ocmaqu	黀
ocmaxl	黁
ocmabf	黂
ochljb	黅
ochlyb	黆
ochlvj	黇
ochlvu	黈
ochlgv	黊
ocglhl	黋
ocuuvj	黏
ocuuli	黐
ocliho	黒
ochwyi	黓
ochwjb	黔
ochwyb	黕
ochwji	黖
ochwty	黗
ochwqr	默
ochwgj	黚
ocddhw	黛
ochwiu	黜
ochwyz	黝
ochwvj	點
ochwdo	黟
ochwji	黠
ocyjhw	黡
ochwqy	黢
ochwmw	黣
ochwyj	黤
ochwjk	黥
ochwwj	黦
ocuhhw	黨
ochwmd	黩
ochwcj	黪
ochwxm	黬
ochwuf	黮
ochwyb	黯
ochwvf	黰
ochwcj	黲
ochwvj	黵
ocyjhw	黶
ochwmd	黷
ochwlu	黸
ocyebi	黹
ockldm	黽
ockzdm	黾
ocyrmm	黿
ocqumm	鼁
ocdjmm	鼂
ocgvmm	鼃
ocvumm	鼄
ocvimm	鼅
ocmkmm	鼆
ocaomm	鼇
ocbimm	鼈
ocpimm	鼊
ocyrmm	鼋
ocdjmm	鼌
ocbcdk	鼏
occddk	鼒
ocguds	鼕
ochvgu	鼖
ocvcgu	鼗
ocgubw	鼙
ocguih	鼚
ocgujq	鼛
ocguzc	鼜
ocyrgu	鼝
ocguth	鼞
ocgudg	鼟
ocuuff	鼢
ocuuqr	鼣
ocuuwf	鼤
ocuuba	鼥
ocuuvc	鼦
ocuuta	鼧
ocuuds	鼨
ocuuju	鼩
ocuuug	鼪
ocuuui	鼫
ocuuyz	鼬
ocuusi	鼭
ocuutk	鼮
ocuuwu	鼯
ocuubw	鼰
ocuuqk	鼱
ocuujy	鼲
ocuutu	鼵
ocuusi	鼶
ocuuxi	鼷
ocuujm	鼸
ocuuyj	鼹
ocbijq	鼼
ocbijq	鼽
ocbigj	鼾
ocbiwu	鼿
ocbiwa	齀
ocbiju	齁
ocbili	齂
ocbihe	齃
ocbiia	齄
ocbiiz	齅
ocbins	齈
ocbinh	齉
ocqixn	齋
ocqiho	齌
ocqimb	齍
ocqibw	齎
ocqijq	齏
ocqijq	齑
ociibi	龀
ociiqi	龁
ociijb	龂
ociiqp	龃
ociilk	龄
ociibc	龅
ociivc	龆
ociici	龇
ociigf	龈
ociiwu	龉
ociizu	龊
ociiyu	龋
ociiwu	龌
ociive	齓
ociibi	齔
ociiqi	齕
ociiya	齖
ociijb	齗
ociijp	齘
ociibc	齙
ociiva	齚
ociiui	齛
ociici	齜
ociitd	齝
ociivi	齞
ociiqp	齟
ociivc	齠
ociilk	齡
ociiju	齣
ocjrii	齤
ociiyi	齥
ociigf	齦
ociijq	齨
ociijn	齩
ociizu	齪
ociiky	齫
ociiwu	齬
ociiso	齭
ociiqi	齮
ociier	齯
ociixi	齰
ociiqu	齱
ociiyu	齲
ociijy	齳
ociiyj	齴
ociiyu	齵
ociiwu	齷
ociiyi	齸
ociaii	齹
ociiiu	齺
ociivf	齻
ociiiu	齼
ociijb	齽
ocxmii	齾
ocihls	龎
oclscc	龏
ocglls	龐
oclstm	龑
oclsui	龒
ocyzls	龓
oclsgs	龔
ochels	龕
oclsls	龖
oclsda	龘
ocdada	𪚥
ocyzpp	龙
oclsgs	龚
ochels	龛
ochegv	龝
ocbigv	龞
oclyqm	龡
oclyhe	龢
oclylu	龣
oclyjp	龤
oclyye	龥
ochoih	龦
ocriuu	龧
ocklvv	龨
occcjb	龩
oczzrf	龪
ocjbwh	龬
ocmayi	龮
ocjbwu	龯
ocklia	龱
ocjbku	龲
oclulu	龳
ocvedm	龴
ocsjuu	龶
occchg	龷
ocxnbc	龸
ocuizc	龺
octurv	龼
ochoyu	龽
occcjx	龿
ocyjgs	鿁
ocienn	鿂
ocmujx	鿃
ocpplk	鿅
ocppyz	鿆
ocrfvg	鿇
ocrfii	鿈
ocrfwu	鿉
occcvi	鿊
ocppxi	鿋
octujl	鿍
ocuida	鿎
ocjbmd	鿏
ocyujq	鿐
ocbkyu	鿑
occcye	鿒
occcye	鿓
ocjbge	鿔
ocyudj	鿕
ochehg	鿖
ocyihe	鿘
ocyike	鿙
ocyige	鿚
oclker	鿛
oclaer	鿜
oclger	鿝
oclper	鿞
oclier	鿟
oclier	鿠
ocloer	鿡
ocyehe	鿢
ocyeke	鿣
ocyege	鿤
oclher	鿥
ocykww	鿦
oclser	鿧
oclwer	鿨
ocluer	鿩
ocsvho	鿪
ocqiao	鿫
ocuitm	鿬
ocjber	鿭
ocgldd	鿮
ocuvhj	鿰
ocwhba	鿱
ocdzlc	鿲
ocyudo	鿳
ocyuds	鿴
ocyuvi	鿵
ocyull	鿶
ocyuyb	鿷
ocyudo	鿸
ocyumi	鿹
ocmdnn	鿺
ocuubu	鿻
ocuujx	鿼
ockzvd	鿽
octulh	鿾
occchg	㐀
ocsiuu	㐃
ocuive	㐄
ocppna	㐅
ocjqyi	㐇
ocruyi	㐈
ocdkyi	㐉
ocuiyi	㐊
octuyi	㐋
ocrfye	㐌
ocvxyi	㐍
ocwfyi	㐎
ocwuyi	㐏
ocnuyi	㐐
ocdsyi	㐑
ocvcyi	㐒
ockeyi	㐓
ocyzyi	㐕
ocjive	㐖
oclcyi	㐗
ocmiyi	㐘
ocdzyi	㐙
ocwuyi	㐚
ocyzyi	㐛
ocqqjq	㐜
ocjuyi	㐝
ocqiyi	㐞
ocfwyi	㐟
ocruyi	㐠
ocfuyi	㐢
ockuyi	㐣
ocjqvf	㐤
ociuyi	㐥
ocjuyi	㐦
ocyuyu	㐨
ocjkjk	㐩
ocwfxs	㐫
ocwfhv	㐭
ocrfkz	㐰
ocrfuj	㐱
ocrfda	㐲
ocrfwu	㐳
ocrfxi	㐴
ocrfyu	㐵
ocrfsi	㐶
ocrfma	㐷
ocrfqm	㐸
ocrfqi	㐹
ocrfnw	㐻
ocrfug	㐼
ocrffg	㐽
ocrfyr	㐾
ocrfuz	㐿
ocrftd	㑀
ocrfiu	㑁
ocrfbk	㑂
ocrfyz	㑃
ocrfmu	㑄
ocrfxs	㑆
ocrfiu	㑇
ocrfds	㑈
ocrfsu	㑉
ocrfyi	㑊
ocrfqu	㑋
ocrfkl	㑌
ocrflw	㑍
ocrfuz	㑏
ocrfzi	㑑
ocrfye	㑔
ocrfsv	㑕
ocrfvs	㑖
ocrfuf	㑗
ocrfjp	㑘
ocrfna	㑚
ocrfuu	㑛
ocrfve	㑜
ocrfns	㑝
ocrfbk	㑟
ocrfjm	㑠
ocrfji	㑡
ocrfqt	㑢
ocrflb	㑣
ocrfmn	㑤
ocrfyi	㑥
ocrfli	㑦
ocrfji	㑧
ocrflo	㑩
ocrfnm	㑫
ocrfgu	㑬
ocrfbi	㑭
ocrfjy	㑮
ocrfye	㑯
ocrftr	㑰
ocrfrz	㑱
ocrfnj	㑲
ocrfiu	㑳
ocrfji	㑵
ocrfqi	㑶
ocrfng	㑷
ocrfjy	㑺
ocrfmi	㑻
ocrflt	㑼
ocrfth	㑽
ocrfic	㑿
ocrfdi	㒀
ocrfvu	㒂
ocrfer	㒃
ocrfrj	㒄
ocrfwu	㒇
ocrfgj	㒈
ocrfth	㒉
ocrfsi	㒋
ocrfhj	㒏
ocrfsy	㒐
ocrfhv	㒑
ocrfye	㒒
ocrfda	㒓
ocrfuu	㒔
ocrfys	㒕
ocrfwj	㒖
ocrfuu	㒘
ocrfmm	㒙
ocrfvd	㒛
ocrfyu	㒜
ocrfmp	㒝
ocrfyc	㒡
ocrfly	㒢
ocrfyk	㒣
ocrfnp	㒤
ocrffg	㒥
ocrfli	㒧
ocrfli	㒩
ocyrwh	㒬
ocxsxs	㒭
ocyrui	㒮
ocglhx	㒯
ocrugs	㒰
ocruxi	㒱
ocruri	㒲
ocruiu	㒴
ocbdba	㒵
ocbabd	㒶
ocbaui	㒸
ocvfvf	㒹
ocbcbu	㓀
ocbcba	㓁
occjyb	㓄
ocbkdk	㓅
ocbkly	㓆
ocbkyc	㓇
ocbkui	㓈
ocbkue	㓉
ocbkts	㓊
ocbkgs	㓋
ocbkqr	㓌
ocbkis	㓍
ocbkjs	㓏
ocbklu	㓐
ocbkxk	㓑
ocbknj	㓓
ocbkue	㓔
ocbkbi	㓖
ocbkjp	㓗
ocsuyu	㓘
ocwfkl	㓙
ocgsdc	㓚
ocgsdc	㓛
ocycdc	㓜
ocjkdc	㓝
ocfgdc	㓞
ocpidc	㓟
ocvjdc	㓠
ocfzdc	㓡
ocgedc	㓢
ochedc	㓣
ocjidc	㓤
ocdhdc	㓥
ocbddc	㓦
ochjdc	㓧
ocjxdc	㓨
ocjndc	㓩
oclldc	㓪
ocqrdc	㓬
ochedc	㓭
ocvzdc	㓮
ochxdc	㓰
ocyudc	㓱
ocbmdc	㓲
ocuidc	㓳
ocqidc	㓶
ocnpdc	㓷
ocqmdc	㓺
ocghdc	㓻
ocisdc	㓽
ocxidc	㓾
ocuudc	㓿
ocjkdc	㔀
ocdgdc	㔁
oclbdc	㔂
ocjtdc	㔃
ocsudc	㔄
ocsudc	㔅
ocfadc	㔇
ocfwdc	㔈
ocuudc	㔉
ocdjdc	㔊
ocjmdc	㔋
ocjudc	㔌
ocsrdc	㔍
oclwdc	㔏
ocxtdc	㔑
ocqmli	㔓
ocjxve	㔔
ocqili	㔕
ocjxve	㔖
ocfuli	㔗
ociuli	㔘
ocbkli	㔙
ocueli	㔚
ocjili	㔛
ocfuli	㔜
ocllli	㔝
ocgkli	㔞
ocheli	㔠
ocjtli	㔢
ocyhli	㔦
ocluli	㔧
ocbcbw	㔨
ocbche	㔩
ocbclu	㔪
ocuibi	㔫
ocbizc	㔬
ocbiui	㔭
ocklwd	㔰
ocklyu	㔱
ocklji	㔳
ocklxy	㔵
ocklgj	㔶
ocklbk	㔷
ocklsi	㔸
ocuili	㔹
ocbuui	㔻
octvui	㔼
ocveve	㔾
ochgjq	㔿
ocyzee	㕀
ocihjb	㕂
ocihkd	㕃
ocihjx	㕅
ocihgu	㕆
ocihli	㕇
ocihyi	㕈
ocihhe	㕉
ocihfu	㕊
ocihjb	㕋
ocihde	㕌
ocihvv	㕍
ocihhe	㕎
ocihyi	㕒
ocihmo	㕓
ocihtk	㕔
ocsisi	㕕
oclwmu	㕖
ocqytu	㕙
ociadm	㕚
ocyzyz	㕛
ocvsyz	㕜
ocguyz	㕝
ocvyyz	㕠
ocbakz	㕣
ockzjq	㕤
ockzrf	㕥
ockzda	㕦
ockzui	㕧
ockzfj	㕨
ockzfg	㕩
ockzyb	㕪
ockzfh	㕫
ockzgs	㕬
ockzyc	㕭
ockzfu	㕮
ocnwkz	㕯
ockzmc	㕰
ockzyz	㕱
ockzmu	㕲
ockzxs	㕳
ockzrs	㕴
ockzwh	㕵
ockzwu	㕶
ockzbd	㕷
ockzli	㕸
ockzba	㕹
ocdmfz	㕻
ockzyi	㕽
ocxnii	㕾
ochekz	㕿
ockzyu	㖀
ockzye	㖂
ockzhz	㖃
ockzvz	㖄
ockzxu	㖅
ockzqu	㖆
ockzer	㖇
oclckz	㖈
ockzqi	㖉
ockzxy	㖊
ocjpii	㖋
ocizii	㖌
ocdzii	㖍
ociijp	㖎
ockzjp	㖑
ockzdi	㖒
ockzfg	㖓
ockzty	㖔
ockzxb	㖕
ocxbkz	㖖
ockzcf	㖗
ockzif	㖘
ocjxii	㖙
ocfuii	㖚
ocguii	㖛
ocwwii	㖝
ockzgo	㖞
ockzuz	㖟
ockznd	㖠
ockzye	㖡
ockzpz	㖣
ockzhj	㖤
ockzds	㖦
ockzhy	㖧
ockzlu	㖨
ockzqu	㖩
ockzho	㖪
ockzlk	㖫
ockztm	㖭
ockzly	㖮
octsii	㖯
ociits	㖰
ocyekz	㖱
ocruii	㖲
ocruii	㖳
ockzju	㖵
ockzui	㖷
ockznt	㖸
ockzpf	㖹
ockziy	㖺
ockzrz	㖻
ockzmz	㖼
ockzye	㖽
ockzye	㖿
ockzyz	㗀
ockzug	㗂
ockzhu	㗅
ockzge	㗆
ockzxx	㗇
ockzys	㗈
ockzui	㗌
ockzxl	㗍
ockzjx	㗎
ockzwd	㗏
ockzbd	㗑
ockzai	㗒
ockzvv	㗓
ockzqm	㗔
ockzgz	㗕
ockzyc	㗖
oclkbw	㗗
ockzvr	㗘
ockziu	㗙
ockzsu	㗚
ockzxn	㗛
ockzxu	㗜
ockzyh	㗝
ockzpo	㗞
ocvuii	㗟
ocuiii	㗠
ockzds	㗢
ockzdd	㗣
ocqikz	㗤
ockzgo	㗥
ockzln	㗦
ockzvi	㗧
ockzxi	㗩
ockzzi	㗪
ockzji	㗫
ocuhdo	㗬
ockzxi	㗭
ocmkgg	㗮
ocveii	㗯
ockzcs	㗰
ockzji	㗱
ockzhx	㗲
ockzda	㗳
ockzxm	㗴
ockzix	㗵
ockzfa	㗶
ockzgo	㗻
ockzye	㗼
ocxlkz	㗽
ockzxt	㗾
ockzci	㘂
ockzre	㘃
ockzlg	㘄
ockztd	㘆
ockzrs	㘇
ockzyi	㘈
ockzjp	㘉
ockzxm	㘋
ockzju	㘌
ockzkj	㘎
ocdcii	㘏
ocvsii	㘒
ockzlj	㘓
ockzsd	㘔
ockzlj	㘕
ockzyj	㘖
ockzqu	㘗
ockzyj	㘙
ockzkj	㘚
ocklyz	㘝
ocklli	㘞
ocklcc	㘟
ocklbi	㘠
ockljx	㘡
ocklgl	㘢
ocklyr	㘣
ocklyr	㘤
ocklyc	㘥
octuli	㘦
octuyu	㘧
octunw	㘨
octubi	㘩
octumc	㘪
octujk	㘫
octugz	㘬
octuhr	㘭
octuii	㘮
octudz	㘰
octurj	㘱
ocbwtu	㘳
octubu	㘵
ocirtu	㘶
octuai	㘷
ocsitu	㘸
occitu	㘹
octufa	㘺
octuyb	㘻
octukc	㘼
octuyu	㘾
octujq	㙀
octumw	㙁
octudv	㙂
octubk	㙃
octudd	㙅
octuhs	㙆
octuhu	㙈
octudm	㙉
octuih	㙊
octuqi	㙋
octusu	㙌
octuvo	㙍
octuww	㙎
octufu	㙏
octudr	㙐
ocyutu	㙑
ocyctu	㙓
octuww	㙔
octuww	㙕
octuyu	㙖
octuww	㙗
octuyc	㙘
octuvr	㙛
ocgctu	㙜
octunp	㙞
octulh	㙟
octucs	㙡
octumj	㙢
octuvh	㙣
ocxptu	㙦
octuji	㙨
octuln	㙩
octuyi	㙪
octuji	㙫
octujt	㙭
octuda	㙮
ocjptu	㙰
ochctu	㙱
octuys	㙲
octugj	㙳
octuvj	㙴
octupu	㙸
octumg	㙹
octukv	㙺
octuxt	㙾
octuyi	㙿
ocycyc	㚁
octunh	㚂
ocxiui	㚈
ocnddo	㚉
ocdohd	㚊
ocdovz	㚋
ocdogo	㚌
ocdogv	㚍
ocdakl	㚎
ocdacc	㚏
ocdada	㚐
ocxtda	㚑
ocdamu	㚓
ocdafu	㚕
ocbdda	㚖
ocdaqp	㚗
ocfufu	㚘
ocjxda	㚙
ocdamk	㚚
ocdavi	㚛
ocdaho	㚜
ocdajx	㚝
ocdalb	㚞
ocdagc	㚠
ocqiqi	㚡
ocrfnv	㚢
ocnvnv	㚣
ocnvyi	㚤
ocnvyu	㚥
ocnvqi	㚦
ocnvgl	㚧
ocnvxy	㚨
ocnvmc	㚪
ocnvji	㚫
ocnvyy	㚬
ocnvyz	㚭
ocnvrs	㚮
ocnvfg	㚯
ocnvpi	㚰
ocnvqq	㚱
ocnvvj	㚲
ocnvjx	㚳
ocnvbu	㚴
ocnvds	㚵
ocnvkz	㚶
ocnvsi	㚸
ocnvmc	㚹
ocnvyy	㚺
octmnv	㚻
ocnvtm	㚼
ocqnnv	㚽
ocnvxs	㚾
ocnvbc	㚿
ocnviu	㛀
ocnvpk	㛁
ocnvyi	㛄
ocnver	㛅
ocnvvl	㛇
ocnvkc	㛈
ocnvxi	㛉
ocnvdo	㛊
ocnvmz	㛌
ocnvjx	㛍
ocnvlv	㛎
ocnvqq	㛏
ocnvgg	㛐
ocnvdz	㛒
ocnvxi	㛓
ocnvfg	㛔
ocnvyi	㛕
ocnvqy	㛖
ocnvzo	㛗
ocnvbo	㛘
ocnvxb	㛙
ocnvys	㛚
ocnvuf	㛛
ocyznv	㛜
ocnvbw	㛝
ocnvns	㛞
ocnvhr	㛟
ocnvjm	㛠
ocnvwj	㛡
ocnvxq	㛢
ocnvyr	㛣
ocnvli	㛤
ocnvda	㛥
ocnvlb	㛦
ocnvyj	㛧
ocnvql	㛨
ocnvyu	㛩
ocnvyj	㛪
ocnvyi	㛫
ocnvlu	㛬
ocnvxi	㛭
ocnvmm	㛯
ocnvww	㛱
ocnvye	㛲
ocdinv	㛳
ocnvtj	㛶
ocnvbm	㛹
ocnvyb	㛺
ocnvkv	㛻
ocnvxm	㛾
ocnvdd	㛿
ocnvxl	㜀
ocnvia	㜁
ocfgnv	㜂
ocnvxb	㜃
ocnvfg	㜄
ocnvxu	㜅
ocnvmi	㜆
ocwunv	㜈
ocnvvj	㜊
ocnvyi	㜋
ocnvth	㜍
ocnvxi	㜎
ocnvyr	㜏
ocnvqi	㜐
ocpunv	㜑
ocnvjk	㜔
ocnvlm	㜕
ocnvcc	㜖
ocnvcj	㜗
ocnvlu	㜙
ocnvsu	㜚
ocnvrr	㜛
ocnvao	㜜
ocvjnv	㜞
ocnvgj	㜟
ocnvcv	㜠
ocnvcs	㜡
ocnvlz	㜢
ocnvrj	㜣
ocnvtj	㜤
ocnvmd	㜥
ocnvxy	㜦
ocnvjt	㜧
ocnvxi	㜨
ocnvao	㜩
ocxbnv	㜪
ocnvww	㜫
ocnvvj	㜬
ocnvdh	㜭
ocnvjm	㜮
ocnvxi	㜯
ocnvle	㜰
ocnvvi	㜱
ocnvmg	㜴
ocminv	㜷
ocxtnv	㜸
ocnvqu	㜹
ocnvzj	㜺
ocnvlm	㜻
ocirzi	㜽
oczijp	㜾
ocziyu	㜿
ocmuzi	㝀
ocxyzi	㝁
oczive	㝂
oczimm	㝃
ocxlty	㝄
oczixi	㝆
ocxlxl	㝇
ocbchg	㝉
ocbcyz	㝊
ocbcln	㝋
ocbcjq	㝌
ocbcyu	㝍
ocbcvi	㝎
ocbcjp	㝏
ocbcgs	㝐
ocbcfh	㝑
ocbcgu	㝒
ocbche	㝓
ocbcjn	㝔
ocbcdo	㝖
ocbcll	㝗
ocbcyj	㝘
ocbcyj	㝚
ocbcxi	㝜
ocbclb	㝝
ocbcya	㝞
ocdmmk	㝠
ocbcqu	㝡
ocbcyu	㝢
ocbcqi	㝣
ocbcgz	㝤
ocbcjy	㝦
ocanzo	㝧
ocbcyr	㝨
ocbckh	㝩
ocbcvi	㝪
ocbcls	㝫
ochdfu	㝬
ocbcxk	㝭
ocbcqn	㝯
ochgxn	㝳
ocyrcy	㝴
ocdjcy	㝵
ocuctu	㝹
ocjmuc	㝺
ocjbuc	㝻
ocyzyu	㝼
ocyzuv	㝽
ocyzzo	㝾
ocyzpi	㝿
ocyzhv	㞀
ocyzto	㞂
ocguyz	㞃
ocyzyj	㞄
ocyzgo	㞅
ocyzqi	㞆
ocyzww	㞇
ocyzbm	㞈
ocyzia	㞉
ocuiyz	㞋
ocuizi	㞌
ocuiwj	㞍
ocuiba	㞎
ocuifj	㞏
ocuili	㞐
ocuizi	㞒
ocuivi	㞓
ocuido	㞔
ocuici	㞖
ocuiqq	㞗
ocwwuv	㞙
ocqiui	㞝
ocuics	㞞
ocuidm	㞟
ocuiln	㞠
occchg	㞢
occcff	㞣
ocujrf	㞤
ocujru	㞥
ocujji	㞦
ocujnd	㞧
ocujzi	㞨
ocujfj	㞩
ocxtuj	㞪
ocujvi	㞫
ocujgs	㞬
ocdauj	㞭
ocjiuj	㞯
ocujwu	㞰
ocujri	㞱
ocujvs	㞲
ocujdz	㞳
ocujui	㞴
ocujwf	㞵
ocujwf	㞶
occcwh	㞷
ocujbu	㞸
ocujke	㞹
ocujui	㞺
ocujhc	㞻
ociguj	㞼
ocujyt	㞽
ocujni	㞾
ocheuj	㟀
ocujmu	㟂
ocujsi	㟃
ocujyh	㟄
ocujhx	㟆
ocujzo	㟇
ocujqq	㟈
ocujlc	㟉
ocujfu	㟊
ocujdv	㟋
ocujls	㟌
ocujll	㟍
ocujto	㟎
ocujhj	㟏
ocujmh	㟐
ocujbo	㟑
ocujjy	㟒
ocujxi	㟓
ocujhj	㟔
ocujns	㟖
ocujvz	㟘
ocujxi	㟙
ocviuj	㟚
ocujmi	㟜
ocujpz	㟝
ocujxl	㟟
ocujgh	㟠
ocujjr	㟡
ocujqi	㟢
ocujss	㟣
ocujlu	㟤
ocujcj	㟥
ocujjy	㟦
ocujdr	㟨
ocujww	㟪
ocujqr	㟫
ocujsz	㟬
ocujtu	㟮
ocujke	㟯
ocujmk	㟰
ocujgc	㟱
ocujyr	㟲
ocujsu	㟳
ocujgv	㟴
ocujgh	㟵
ocujyr	㟶
ocujgc	㟸
ocujln	㟹
ocujlz	㟺
ocvjuj	㟻
ocujao	㟼
ocujpn	㟽
ocujys	㟾
ocujmh	㟿
ocnnuj	㠀
ocujcj	㠁
ocujao	㠂
ocujdi	㠃
ocujxi	㠄
ocujfu	㠅
ocujdj	㠆
ocujjq	㠇
ocujts	㠉
ocujxu	㠊
ocujqi	㠌
ocujji	㠍
ocujji	㠎
ocujhx	㠏
ocujqn	㠐
ocujzv	㠑
ocujpn	㠒
ocujmg	㠓
ocujpi	㠔
ocujww	㠕
ocujyi	㠖
ocujao	㠗
ocujyu	㠘
ocujhc	㠙
ocujdv	㠚
ocujho	㠛
ocujyi	㠜
ocvguj	㠞
ocujli	㠟
ocujlu	㠠
ocwwyi	㠢
ocujli	㠣
ocujxl	㠤
ocujfg	㠦
ocujmi	㠧
ochguh	㠪
ocgsfu	㠫
ocpugs	㠮
ocjxji	㠰
ocsiqi	㠱
ocjbbi	㠲
ocrfjb	㠳
ocjbrf	㠴
ocwhjb	㠵
ocjbji	㠷
ocjbfu	㠸
ocjbjp	㠹
ocjbuc	㠺
oclcjb	㠻
ocjbjb	㠼
ocjbds	㠽
ocwjjb	㠾
occijb	㠿
ocjbkx	㡁
oclpjb	㡂
ocjbxy	㡄
ocjbdo	㡅
ocjbhl	㡆
ocjbmm	㡈
ocjbxr	㡉
ocjbyj	㡋
ocjbcj	㡎
ocjbyu	㡏
ocjbqm	㡐
ocqqjb	㡑
ocjbdy	㡒
ocjbjy	㡓
ocjbyk	㡕
ocjbvs	㡖
ocjbsi	㡗
ocjbjm	㡘
ocjbgz	㡚
ocjbhl	㡛
ocjbji	㡜
ocjbfg	㡝
ocjblz	㡞
ocjbcc	㡟
ocjbdg	㡠
ocjbiu	㡡
ocjbye	㡤
ocjbbb	㡦
ocyche	㡫
ocjiqi	㡮
ocglto	㡯
ocglyu	㡰
ocgljq	㡱
ocglge	㡲
ocglui	㡳
ocglli	㡴
ocgllk	㡵
ocglvi	㡶
ocglbf	㡷
ocglva	㡸
ocglqp	㡹
ocgldj	㡺
ocglmc	㡻
ocglyi	㡼
ocglyu	㡽
ocglgf	㡾
ocglni	㡿
ocglci	㢀
ocgldo	㢁
ocgldv	㢂
ocglll	㢃
ocgldz	㢄
ocglns	㢅
ocglli	㢆
ocglyj	㢇
ocglvv	㢈
ocglqi	㢊
ocglii	㢋
ocglaa	㢌
ocglyk	㢍
ocglyu	㢏
ocglgo	㢐
ocglsy	㢑
ocglvh	㢓
ocglcs	㢔
ocglfj	㢖
ocglqn	㢗
ocglqb	㢙
ocglqm	㢛
ocglsu	㢝
ocglyi	㢞
ocvivi	㢟
ocvijs	㢠
ocjlcc	㢡
ocihcc	㢢
ocjkcc	㢣
ocdkbc	㢤
octsyi	㢥
ocgeyi	㢦
ocgshg	㢧
ocgsgj	㢨
ocgsuc	㢩
ocgskv	㢪
ocgsuj	㢫
ocgsgs	㢬
ocgspu	㢭
ocgsmb	㢯
ocgspi	㢰
ocgshe	㢵
ocgsbd	㢶
ocgssv	㢷
ocgsxb	㢹
ocgsqp	㢺
ocgsww	㢻
ocgsbi	㢼
ocgsmi	㢽
ocgshz	㢿
ocgsvf	㣀
ocgsge	㣂
ocgsqu	㣄
ocgsxi	㣆
ocgsuj	㣉
ocwfuj	㣊
ocjkuj	㣋
ocvjuj	㣌
octduj	㣍
ocqruj	㣐
ocysuj	㣑
oczguj	㣒
occjuj	㣓
ocrfdk	㣔
ocrfda	㣕
ocrftd	㣖
ocrfhu	㣗
ocrfju	㣘
ocrfyz	㣙
ocrfts	㣚
ocrfhe	㣛
ocrfxk	㣜
ocrfrs	㣝
ocrfji	㣟
ocrfvs	㣡
ocrfdi	㣢
ocrfjx	㣣
ocrfui	㣥
ocrfww	㣦
ocrfgu	㣨
ocrflb	㣩
ocrfyr	㣪
ocrfvs	㣫
ocrfnj	㣮
ocrfxp	㣯
ocrfxi	㣰
ocrfze	㣱
ocrfwu	㣳
ocrfhl	㣴
ocrfda	㣵
ocrfdj	㣶
ocrfnk	㣷
ocrfyk	㣹
ocxbdm	㣺
ociaxb	㣻
ocxbrf	㣼
ocnvxb	㣽
ocxbia	㣾
ocxbuc	㣿
octmxb	㤁
ocjixb	㤂
ocxbfh	㤃
ocxbfu	㤄
ocjixb	㤅
ocxbfj	㤆
ocxbyc	㤇
ocxbxb	㤈
ocxbya	㤉
ocxbyc	㤊
ocxbff	㤋
ocxbgj	㤌
ocqnxb	㤍
ocjxxb	㤎
ocxbds	㤏
ocvjxb	㤐
ocxbyz	㤑
ocxbbf	㤒
ocxbbf	㤓
ocxbfu	㤔
ocxbiu	㤕
ocxbnk	㤖
ociyxn	㤗
ocxbiu	㤘
ocxbxk	㤚
ocxbrf	㤛
ocxbuu	㤜
ocxbis	㤝
ocxbvd	㤞
ocquxb	㤟
oclpxb	㤠
ocxblp	㤡
ocxbyz	㤢
ocbkxb	㤣
ocxbhd	㤥
ocxbli	㤦
ocxbhz	㤧
ocxbgs	㤨
ocgexb	㤩
ochgyr	㤪
ocyzxb	㤫
ocxbgv	㤬
ocxbqn	㤭
ocklxb	㤮
ocxbjs	㤯
oczoxb	㤰
ocxbdz	㤱
ocjxxb	㤲
ocxbfz	㤳
oczixb	㤵
ocxbls	㤶
ocxbhj	㤷
ocxbii	㤸
ocxbqq	㤹
ocxbhl	㤺
oclrxb	㤻
ocxbjp	㤼
ocxbuz	㤽
ocxbyj	㤿
ocxbvi	㥀
ocxbde	㥂
ocxbmf	㥃
ocxblk	㥄
ocxbuz	㥅
ocxbli	㥆
octpxb	㥈
ocxbpz	㥉
ocxbpg	㥊
ocyixb	㥋
ocxbqi	㥍
ocxbdm	㥏
ocmkxb	㥐
ocxbcd	㥒
ocxbqi	㥓
ocxbyu	㥔
ocyjxb	㥕
ocxbmb	㥗
ocqprf	㥘
ocxbvs	㥙
ocxbyu	㥚
ocxbji	㥛
ocxbww	㥜
ocxbmi	㥝
ocxbsv	㥞
ocxbtr	㥟
ocxbxu	㥠
ocxbqq	㥢
ockvxb	㥣
ocjbxb	㥤
ocxbyu	㥥
ocxbye	㥧
ocwaxb	㥨
ocxbve	㥩
ocxblz	㥪
ocxbph	㥬
ocxbtd	㥭
ocxbiu	㥮
ocxbsz	㥰
ocxbfw	㥱
ocvfxb	㥲
ocxbyr	㥳
ocxbsi	㥴
ocmbsi	㥸
ocffxb	㥹
ocxbhe	㥺
ocxbyj	㥼
ocxbze	㥽
ocxbni	㥾
ocaoxb	㥿
ocxbfg	㦀
oclmxb	㦁
ocihxb	㦂
ocxbij	㦃
ocmaxb	㦄
ocxbdd	㦅
ocxblu	㦇
ocxbgd	㦈
ocxbyi	㦉
ocxbhx	㦊
ocxbue	㦋
ocqnxb	㦌
ocxbhx	㦎
ocxbxy	㦏
ocxber	㦐
ocxbgj	㦑
ocxbrj	㦓
ocxbls	㦕
ocxbmf	㦖
ocxbjb	㦗
ocjnxb	㦘
ocxbyu	㦙
ocyuxb	㦛
ocxbho	㦜
ocmcxb	㦝
ocuzxb	㦞
oclixb	㦟
ocxbdv	㦠
ocxble	㦡
ocxbjp	㦢
ocwwxb	㦣
ocxbxm	㦥
ocxblj	㦨
ocxbyb	㦩
ocxbzj	㦫
ocxblo	㦬
ocxblk	㦭
ocgeer	㦮
occsge	㦰
ocgege	㦴
ocvuge	㦵
ocgevi	㦶
ocysge	㦷
ocvoge	㦸
ocyhge	㦹
ocruge	㦺
ocxige	㦻
ocisge	㦼
ochuye	㦾
ochumu	㦿
ochuji	㧀
ochuqu	㧁
ochutm	㧂
ocuzjq	㧃
ocuzkl	㧄
ocuzdc	㧅
ocuzjb	㧆
ocuzgs	㧈
ocuzqi	㧉
ocuzfu	㧊
ocuzqr	㧋
ocuzmc	㧌
ocuzfh	㧍
ocuzya	㧎
ocuzgh	㧏
ocuzul	㧐
ocuzww	㧑
ocuzxt	㧒
ocuzgx	㧓
ocuzwu	㧔
ocuzmc	㧕
ocuzci	㧗
occiuz	㧘
ocuzbi	㧙
ocuzwa	㧚
ocuzza	㧜
ocjxuz	㧝
ocuzhv	㧟
ocuzhd	㧡
ocuzyb	㧢
ocuzvu	㧣
ocuzis	㧤
ocuzxm	㧥
ocuzxy	㧦
ocuzlq	㧧
ocuzhz	㧨
ocuzww	㧪
ocuzer	㧫
ocgsuz	㧬
ocqsuz	㧭
ocuzjq	㧮
ocuzlc	㧯
ocuzle	㧰
ocheuz	㧱
ocuzss	㧲
ocbjuz	㧳
ocuzwo	㧴
ocuzfz	㧵
ocuzuf	㧶
ocuzty	㧷
ocuzhg	㧸
ocuzde	㧹
ocuzda	㧺
ocuzbn	㧼
ocuzgu	㧽
ocuzhu	㧾
ocuzbk	㨀
ocuzvi	㨁
ocuzds	㨂
ocuzxl	㨃
ocuzvz	㨄
ocuzrv	㨅
ocuzlb	㨆
ocbouz	㨇
ocuzve	㨋
ocfguz	㨍
ocuztj	㨏
ocuzbc	㨐
ocuzkv	㨒
ocuzxm	㨔
ocuzyk	㨕
ocuzvi	㨖
ocuzug	㨘
ocuzxi	㨙
ocuzxy	㨚
ocuzuj	㨛
ocuzqm	㨜
ocuzxp	㨝
ocuzsu	㨞
ocuzqi	㨟
ocuzmk	㨠
ocuzng	㨢
ocuzwg	㨣
ocuzna	㨥
ocuzvi	㨦
ocuzlq	㨨
ocuztk	㨩
ocuzhl	㨪
ocuzjm	㨫
ocuzyr	㨬
ocuzhu	㨭
ocuzdz	㨮
ocuzgo	㨯
ocuzji	㨳
ocuzqm	㨴
ocuzjm	㨵
ocuznn	㨶
ocuzjb	㨷
ocuzmi	㨸
ocuzhv	㨹
ocuzmj	㨺
ocvjuz	㨻
ocltuz	㨼
ocuzfu	㨽
ocuzyh	㨾
ocuziu	㨿
ocuzhu	㩂
ocuzhj	㩃
ocuzzd	㩄
ocuzjq	㩆
ocuzhx	㩇
ocuzjs	㩈
ocuzsu	㩋
ocuzfw	㩌
ocuzce	㩍
ocuzhw	㩏
ocuzdg	㩐
ocuzjb	㩒
ochvuz	㩓
ocuzdm	㩔
ocuzlk	㩕
ocuzjl	㩖
ocuzyi	㩘
ocuzse	㩙
ocuzmg	㩚
ocuztr	㩛
ocuzjm	㩜
ocuzhc	㩝
ocuzrs	㩞
ocuzzd	㩟
ocuzlw	㩡
ocuzmp	㩢
ocuzfu	㩤
ocuzbc	㩧
ocuzhv	㩨
ocuzyk	㩩
ocuzvi	㩫
ocuzxt	㩭
ocuzju	㩮
ocuzfj	㩯
ocuzjt	㩱
ocuzul	㩳
ocuzqu	㩴
ocuzxm	㩵
ocuzqm	㩷
ocbivi	㩺
ocwwvi	㩻
ocdovi	㩼
ocuuvi	㩽
ocivvi	㩾
ocqiwf	㩿
ocyuwf	㪀
ocjbpu	㪁
ocqipu	㪂
ockepu	㪃
ocfuwf	㪄
ocbkpu	㪅
ocdipu	㪆
ocxmwf	㪇
ocgvpu	㪈
ochewf	㪉
ocjypu	㪊
ochjpu	㪋
ocyspu	㪌
ocbowf	㪍
ocjxpu	㪎
ocbwpu	㪏
oclipu	㪐
ocyjpu	㪑
ocerpu	㪒
ocgkpu	㪓
oclbpu	㪔
ocvopu	㪕
oclupu	㪖
ocpzpu	㪗
ocgowf	㪙
ocxiwf	㪚
ocufpu	㪛
ocdrpu	㪜
ocjmpu	㪝
ocmcpu	㪞
ocjmpu	㪠
ochdpu	㪡
ocszpu	㪢
ocgcwf	㪣
ocbiwf	㪤
ocybwf	㪦
ocujpu	㪨
ocsupu	㪩
ocrvpu	㪫
ocvdpu	㪬
oclupu	㪭
ocwfmi	㪰
ocwfhr	㪱
ocdzve	㪲
ocdzve	㪳
ocyrdz	㪴
ocbjdz	㪵
ocbddz	㪶
ocdzdz	㪷
ocqidz	㪸
oclzdz	㪹
ockejb	㪼
ocgejb	㪾
ocihjb	㫀
ocuujb	㫂
ocfhrf	㫃
ocfhfh	㫄
ocyuve	㫇
ocyuve	㫈
ocfhww	㫉
ocribi	㫐
ocrili	㫑
ocricc	㫒
ocriqi	㫓
ocriuh	㫔
ocriwu	㫕
ocuhri	㫖
ocrizi	㫗
ocburi	㫘
ocrifu	㫙
ocwuri	㫚
ocrixs	㫛
ocridj	㫜
ocridi	㫝
ocribj	㫠
ocrids	㫡
ocriqu	㫢
ocridm	㫣
ocriys	㫤
ocrimk	㫥
ocrimi	㫧
ocrian	㫨
ochvri	㫩
ociyjq	㫪
ocriya	㫫
ocrixy	㫬
ocrisi	㫭
occiri	㫮
ocihwu	㫯
ocrill	㫰
ocriii	㫱
ocribo	㫲
ocifri	㫳
ocrixn	㫴
ocrifw	㫵
ocrivz	㫶
ocqiri	㫷
ocrijp	㫸
ocriso	㫹
ocrily	㫻
ocrivi	㫼
ocrilu	㫽
ocriuh	㫾
ocrivv	㫿
ocrixl	㬀
ocriqx	㬁
ocriyu	㬂
ocrihr	㬇
ocriwf	㬈
ocriyr	㬊
ocrihz	㬋
ocrivr	㬍
ocrige	㬏
ocrijb	㬐
ocrigo	㬑
ocrimh	㬒
ocripn	㬓
ocrixl	㬕
ocriqi	㬖
ocrirj	㬗
ocrisu	㬘
ocriww	㬙
ocrizg	㬝
ocwuzg	㬟
ocriua	㬠
ocrilk	㬡
ocriyi	㬢
ocridv	㬣
ocriho	㬦
ocrihe	㬨
ocrihv	㬩
ocjkyi	㬪
ocyjri	㬫
ocriqu	㬬
ocrijt	㬭
ocrinj	㬮
ocrilw	㬯
ocrirf	㬰
ocggyi	㬲
ocytwu	㬳
ocytgs	㬴
ocytjn	㬵
ocytgc	㬶
ocytky	㬷
ocythx	㬸
ocytvg	㬹
ocythl	㬻
ocyzfu	㬼
ocytdy	㬿
ocmund	㭁
ocmuxn	㭂
ocmuyc	㭃
ocmuxy	㭄
ocmusj	㭅
ocndmo	㭆
ocmuyy	㭇
ocmugk	㭈
occcmu	㭉
ocmupm	㭊
ocmufg	㭋
ocmunq	㭌
ocmugh	㭎
ocmuww	㭏
ocdamo	㭐
ocmuww	㭑
ocmukz	㭒
ocmubm	㭓
ocmuhu	㭔
ocmuqu	㭕
ocmudd	㭖
ocmumb	㭗
ocmuhe	㭘
ocmusi	㭙
ocmupd	㭛
ocmurs	㭜
oclbjq	㭝
ocmulp	㭞
ocgsmu	㭟
ocmuxm	㭠
ocmuxb	㭡
ocmuxk	㭢
ocmuwf	㭣
ocmunn	㭤
ocmufu	㭥
ocmuvd	㭦
ocvzmu	㭧
ocmuxp	㭨
ocmufu	㭪
ocmuzo	㭫
ocmuui	㭬
ocmubp	㭭
occici	㭰
ocmuxx	㭱
ocmugu	㭲
ocmuxn	㭳
ocmujm	㭴
ocmudm	㭵
ocmufh	㭶
ocmunj	㭷
ocmutu	㭸
ocmuxr	㭹
ocmuyj	㭺
ocmuuh	㭻
ocmuda	㭼
ocmudi	㭽
ocmuqu	㭾
ocmuah	㭿
ocmuhj	㮀
ocmuyc	㮁
ocjumu	㮂
ocmuww	㮃
ocmuvv	㮅
ocmutm	㮇
ocmund	㮈
ocmuxx	㮉
oclbyu	㮊
ocmuyu	㮋
ocmumm	㮌
ocqmmu	㮍
ocmubw	㮎
ocmund	㮏
ocmuug	㮐
ocmuhg	㮓
ocmuvs	㮔
ocmuge	㮖
ocjbmu	㮗
ocmuui	㮛
ocmuqt	㮝
ocmuzi	㮞
ocmurs	㮠
ocjumu	㮡
ocmuhz	㮢
ocjimu	㮣
ocrsmu	㮤
ocmuso	㮦
ocmuwu	㮧
ocmuxi	㮩
ocmuhd	㮫
ocmuwg	㮬
ocmuqp	㮮
ocmuiu	㮲
ocmuvf	㮳
ocmusz	㮴
ocmuuo	㮶
ocmuss	㮸
ocmuvi	㮹
ocmuzc	㮻
ocmuuj	㮼
ocmubj	㮽
oclhmu	㮾
ocmubi	㮿
ocmuxr	㯀
ocmupw	㯁
ocmudd	㯂
ocmuij	㯆
ocmusu	㯈
ocmuyj	㯊
ocmuvu	㯌
ocmujl	㯍
oclbyj	㯎
ocsvmu	㯐
ocmuvh	㯑
ocmumi	㯒
ocqnmu	㯔
ocmusi	㯕
ocmuxm	㯗
ocmukr	㯘
ocmuda	㯚
ocmuhu	㯛
ocmucv	㯜
ocmulu	㯝
oclblu	㯟
ocmuqm	㯠
ocmuxy	㯢
ocldld	㯤
ocdsds	㯥
ocmuic	㯧
ocmusu	㯨
ocshyi	㯩
ocmulk	㯪
oclbjm	㯬
ocmuuu	㯮
ocmuvi	㯰
ocmujb	㯲
ocmujk	㯳
ocmurs	㯴
ocmuds	㯵
ocmupu	㯷
ocmujb	㯸
ocmuzc	㯾
ocmuli	㰀
ocmulw	㰁
ocmmxi	㰃
ocmujm	㰄
ocmuui	㰅
oclblm	㰈
ocmuvf	㰉
ocmupb	㰋
ocmuho	㰌
oclsmu	㰍
ocmugc	㰏
ocmusv	㰐
ocmuxt	㰒
ocmuyi	㰕
ocmulj	㰖
ocmucu	㰗
ocmuyi	㰘
ocmunj	㰙
ocmuli	㰚
ocsiqm	㰝
ocujqm	㰞
ocqiqm	㰟
ockhqm	㰠
ocjpqm	㰡
ockdqm	㰢
occiqm	㰣
ockeqm	㰤
ocuiqm	㰥
ocquqm	㰦
octdqm	㰧
ocviqm	㰨
ocisqm	㰩
ocgvqm	㰪
ocxmqm	㰫
ocxyqm	㰬
ockxqm	㰭
ocifqm	㰮
ocdzqm	㰯
ocjxqm	㰰
ochoqm	㰲
ocyaqm	㰳
ocpzqm	㰴
oczuqm	㰵
ocjqqm	㰶
ocsiqm	㰷
ocxmqm	㰹
ocxxqm	㰺
ocxiqm	㰿
ockhqm	㱂
ochwqm	㱄
ocyiqm	㱅
ocseqm	㱇
ocjbqm	㱈
ocyeqm	㱉
ocyzqm	㱊
ochoqm	㱋
ocnpqm	㱌
ocervi	㱏
ocvixi	㱑
ocvike	㱒
ocvilk	㱓
occixi	㱔
ocvivz	㱕
ocvizu	㱖
ocviiz	㱗
ocyjvi	㱘
ocddqn	㱙
ocddyt	㱚
ocdddd	㱛
ocddzz	㱜
ocsili	㱝
ocddli	㱞
ocddpi	㱟
ocddgu	㱠
ocddxm	㱡
ocddll	㱢
ocddto	㱣
ocddxi	㱤
ocddlk	㱥
ocddqi	㱦
ocddwj	㱧
ocdddk	㱨
ocddmd	㱩
ocddjm	㱫
ocddww	㱬
ocdddr	㱭
ocddgv	㱮
ocddqi	㱯
ocddzd	㱰
ocddgv	㱱
ocddyi	㱲
ocmodd	㱳
ocddze	㱴
ocddbf	㱵
ocddpg	㱶
ocddji	㱷
ocddpi	㱸
ocddli	㱹
ocddlu	㱺
ocddlw	㱻
ocsiuu	㱼
ocybuu	㱽
ochduu	㱾
ocifuu	㲀
ocksuu	㲁
ocuhuu	㲂
ochduu	㲅
ocmcnd	㲌
ocvimc	㲍
ocmcmc	㲎
ocpmmc	㲏
ocmcjb	㲐
ocmcuv	㲑
ocjumc	㲒
ocmcuu	㲓
ocxbmc	㲔
ocxnmc	㲖
ocfumc	㲗
ocbwmc	㲘
ocmclq	㲙
ocuamc	㲚
ocvimc	㲛
ocyjmc	㲜
ocmcvv	㲝
oczumc	㲞
ocykmc	㲟
ocndmc	㲡
ocbmmc	㲢
ocszmc	㲣
ocukmc	㲤
octhmc	㲥
ocmczc	㲧
ocrsmc	㲨
ocdgmc	㲪
ocjnmc	㲬
ocyjmc	㲭
ocmcda	㲮
ocjmmc	㲯
ocnkmc	㲰
ocdiui	㲳
ocqivs	㲴
ocqixn	㲵
ocqilu	㲶
ocqidj	㲷
ocuvyi	㲸
ocuvji	㲹
ocuvqi	㲺
ocrfuv	㲻
ocuvia	㲼
ocuvrf	㲽
ocbcuv	㲾
ocuvgl	㲿
ocuvge	㳀
ocuvze	㳁
ocuvgs	㳂
ocuvqm	㳄
ocuvbu	㳅
ocuvdz	㳆
ocuvfu	㳇
ocuvyt	㳉
ocuvwf	㳊
ocuvqq	㳋
ocuvjx	㳌
ocuvbu	㳍
ocuvbm	㳎
ocuvui	㳏
ocuvva	㳐
ocuvmb	㳑
ocuvyz	㳓
ocuvdv	㳔
ocuvlj	㳕
ocuvyi	㳖
ocuvis	㳘
ocuvuu	㳚
ocuvyu	㳛
ocuvxq	㳜
ocuvrf	㳝
ocuvvs	㳞
ocgsuv	㳟
ocuvda	㳠
ocuvgo	㳡
ocuvqn	㳢
ocuvlc	㳣
ocuvns	㳥
ocuvjp	㳦
ocjldj	㳩
ocuvfz	㳪
ocuvjq	㳫
ocuvdd	㳭
ocuvnn	㳮
ocuvxb	㳯
ocuvqi	㳰
ocuvyh	㳱
ocuvtd	㳲
ocuvke	㳳
ocuvji	㳵
ocuvru	㳶
ocuvhx	㳸
ocuvwh	㳹
ocuvxi	㳻
ochouv	㳼
ocuvmi	㳽
ocuvql	㳾
ocjlrj	㴂
ocuvjs	㴄
ocuvvz	㴆
ocuvyt	㴈
ocuvsu	㴋
ocuvgu	㴌
ocuvig	㴍
ocuvnd	㴎
ocuvmm	㴐
ocuvyi	㴒
ocuvsi	㴓
ocuvji	㴔
ocuvge	㴖
ocuvyc	㴗
ocuvmc	㴘
ocuvsv	㴚
ocuvvi	㴛
ocuvbm	㴜
ocuvhz	㴟
ocuvxl	㴡
ocuvvu	㴤
ocuvqn	㴥
ocuvgs	㴦
ocuvxi	㴧
ocuvvf	㴨
ocuvnp	㴪
ocuvjy	㴫
ocuvue	㴬
ocuvxp	㴮
ocuvvi	㴯
ocuvng	㴰
ocuvsi	㴲
ocuvhe	㴶
ocuvdj	㴷
ocuvuj	㴸
ocuvmi	㴹
ocuvjx	㴺
ocuvsu	㴼
ocuvxi	㴽
ocbowf	㴾
ocuvdk	㴿
ocuvzu	㵀
ocuvuu	㵂
ocuvue	㵃
ocuvtj	㵅
ocmigc	㵆
ocuvtm	㵇
ocuvlb	㵉
ocuvzv	㵊
ocuvmd	㵋
ocuvxy	㵌
ocuvmf	㵍
ocuvxm	㵎
ocuvcv	㵏
ocuvjt	㵐
ocuvhe	㵑
ocuvfw	㵒
ocuvue	㵔
ocuvxu	㵖
ocfguv	㵗
ocuvxi	㵙
ocuvuj	㵛
ocuvyi	㵝
ocuviz	㵞
ocuvww	㵟
ocuvku	㵠
ocuvbc	㵡
ocuvlw	㵢
ocuvxp	㵣
ocuvge	㵧
ocpiuv	㵨
ocuvye	㵩
ocuvxm	㵪
ocuvvu	㵭
ocuvfg	㵯
ocuvyu	㵰
ocpncy	㵱
ocuvwu	㵲
ocuvln	㵳
ocuvzh	㵴
ocuvju	㵵
ocuvjp	㵶
ocujmo	㵹
ocuvxp	㵼
ocuvll	㵾
ocuvgo	㶁
ocuvhl	㶂
ocuvwu	㶃
ocuvxt	㶅
ocuvvu	㶆
ocuvhg	㶇
ocuvyk	㶈
ocxinn	㶉
ocuvlm	㶌
ocuvxm	㶍
ocuvhd	㶎
ocuvyb	㶏
ocuvyk	㶐
ocuvlm	㶑
ocuvil	㶒
ocuvch	㶓
ocuvjm	㶕
ocuvlw	㶟
ocuvyi	㶠
ocjiho	㶡
ochojq	㶢
ocgjho	㶣
ochoxi	㶤
ochogj	㶥
ochoyu	㶦
ochonw	㶧
ocbuho	㶨
ochoyb	㶩
ocbuho	㶪
ochomo	㶬
ochoyz	㶭
ocbkho	㶮
ochomc	㶯
ochogj	㶰
ochobf	㶱
ochoys	㶲
ocyuho	㶳
ochodo	㶴
ocrfho	㶵
ochons	㶶
ochoxy	㶷
ochogs	㶹
ochoty	㶺
ocfgho	㶻
ochoyi	㶼
ochogo	㶽
ocximp	㶾
ochobo	㶿
ochoys	㷁
ochoih	㷃
ochogo	㷄
ocquho	㷅
ochofu	㷆
ocdohv	㷇
ochoyj	㷈
oclbho	㷊
ochoyj	㷋
ochovz	㷌
ocholy	㷍
ochohe	㷎
ochoyu	㷒
ocqqho	㷕
ocjsvc	㷖
ochoqm	㷙
ochotk	㷚
ocbcho	㷛
ochoyi	㷜
ochotu	㷝
ochohz	㷞
ochovv	㷟
ocyjir	㷠
ociaho	㷢
ocyjig	㷥
ocggho	㷦
ochoyr	㷧
ochojy	㷪
ochomo	㷬
ocfgho	㷭
ochocc	㷮
ocholi	㷰
ocngho	㷱
ochods	㷲
ocyjho	㷳
ochohw	㷵
ocbwho	㷶
ochoxy	㷷
ochovo	㷹
ochowu	㷻
ochouj	㷽
ochoqm	㷿
ochoye	㸁
ocsvho	㸂
ochwvj	㸃
ochoqi	㸄
ochojp	㸅
ochokc	㸆
ochold	㸊
ocvifj	㸋
ochoho	㸌
ochonp	㸎
ocmiho	㸏
ocnjho	㸐
ocvxrf	㸒
ocvxri	㸓
ocvxvi	㸕
ocfuqp	㸖
ocfuts	㸗
ocfuve	㸙
ocycyc	㸚
ocpjvc	㸛
ocpjks	㸜
ocpmqm	㸝
ocpmpm	㸞
ocpmvi	㸟
ocpmvc	㸠
ocpmvu	㸡
ocpmye	㸣
ocyagf	㸧
ocnqjq	㸨
ocnqgj	㸩
ocnqir	㸪
ocnqjb	㸫
ocnqfu	㸬
ocnqba	㸭
ocnqff	㸮
ocnqdz	㸯
ocnqta	㸰
ocnqva	㸲
ocnqlk	㸳
ocuinq	㸴
ocnqji	㸵
ocnqyb	㸶
ocnqhz	㸸
ocuanq	㸺
ocnqyi	㸻
ocnqfg	㸼
ocnqbw	㸽
ocnqrf	㸾
ocnqke	㸿
ocnqbo	㹀
ocnqjk	㹁
ocfwnq	㹃
ocnqjy	㹆
ocnqhe	㹇
ocnqyr	㹉
ocnqhe	㹊
ocnqxq	㹋
ocnqij	㹌
ocnqdi	㹍
ocnqlw	㹎
ocnqjb	㹏
occsnq	㹐
ocnqer	㹑
ocnqyc	㹓
ocnqjl	㹔
ocwjnq	㹕
ocnqhr	㹖
ocnquz	㹗
ocnqxu	㹘
ocnqyk	㹚
ocqrqr	㹜
ocqrui	㹝
ocqrjb	㹞
ocqrgk	㹟
ocqrty	㹠
ocqrxr	㹡
ocqrjx	㹢
ocqrds	㹣
ocqrqu	㹤
ocqrvu	㹥
ocqrvc	㹦
ocqryh	㹧
ocqryz	㹨
ocqrug	㹩
ocqrce	㹪
ocqryi	㹫
ocqrli	㹬
ocqryi	㹭
ocqrbd	㹮
ocqrxq	㹯
ocqrgl	㹰
ocqrzu	㹱
ocqrxn	㹲
ocqrwu	㹳
ocqrgg	㹴
ocqrjk	㹵
ocqrtk	㹶
ocxiqr	㹷
ocqrgg	㹹
ocqrda	㹺
ocqrww	㹻
ocqrjq	㹾
ocqrvo	㹿
ocqrhu	㺀
ocqrxm	㺂
ocqrgz	㺃
ocqryu	㺄
ocqrii	㺈
ocqryh	㺊
ocqrwg	㺋
ocqrjm	㺌
ocqrbb	㺍
ocqrys	㺎
ocqrlz	㺏
ocqric	㺐
ocqrcj	㺑
ocqrze	㺓
ocqrww	㺔
ocqrfj	㺕
ocqrgj	㺖
ocqrdj	㺗
ocqrjn	㺘
ocqrda	㺚
ocqrns	㺜
ocqrjm	㺝
ocqryu	㺞
ocqrvd	㺟
ocqrli	㺡
ocqrho	㺢
ocqrlm	㺦
ocqrxn	㺧
ocwhsi	㺨
ocwhjq	㺩
ocwhbu	㺪
ocwhdc	㺫
ocwhfj	㺬
ocwhzi	㺭
ocwhkv	㺮
ocwhda	㺯
ocrgyu	㺱
ocwhiz	㺲
ocwhpu	㺳
ocwhqr	㺴
ocwhqm	㺵
ocwhdz	㺶
ocwhuu	㺷
ocwhbm	㺹
ocwhmu	㺺
ocwhfu	㺻
ocwhpi	㺼
ocwhpi	㺽
ocwhjs	㺾
ocwhif	㺿
ocwhhv	㻁
ocwhbk	㻂
ocquyu	㻃
ocwhhv	㻅
ocwhqr	㻇
ocwhhz	㻈
ocwhbu	㻉
ocwhmm	㻊
ocwhuu	㻋
ocwhyu	㻌
ocwhwu	㻍
ocwhlk	㻏
ocwhqy	㻐
ocwhji	㻑
ocwhqu	㻓
ocwhiv	㻔
ocwhqu	㻕
ocwhli	㻖
ocfwyu	㻗
ocwhuf	㻘
ocwhyu	㻙
ocwhpg	㻚
ocwhyi	㻛
ocwhci	㻝
ocwhbm	㻞
ocwhtu	㻠
ocwhye	㻡
ocwhui	㻢
ocwhuf	㻣
ocwhgz	㻤
ocwhqq	㻥
ocwhyu	㻦
ocwhjp	㻧
ocwhjm	㻩
ocwhjy	㻪
ocwhbi	㻫
ocwhlv	㻭
ocwhji	㻮
ocwhhv	㻰
ocwhfg	㻱
ocwhlz	㻲
ocwhli	㻳
ocwhmj	㻴
ocwhij	㻵
ocwhbi	㻶
ocwhji	㻷
ocwhdy	㻻
ocwhtj	㻼
ocwhjy	㻽
ocysyu	㻾
ocwhuu	㻿
ocwhda	㼀
ocwhyi	㼁
ocwhgl	㼅
ocwhyk	㼆
ocwhlo	㼈
ocgxyb	㼉
octygx	㼊
ocgugx	㼋
ocgxgx	㼌
oclwgx	㼍
ocgxjn	㼎
octogx	㼏
ocbmgx	㼐
ocjmgx	㼑
ocgxyh	㼒
ocgxjm	㼓
ocwfgx	㼔
ocdhgx	㼕
ocgxli	㼖
ocdkwa	㼗
ocujwa	㼘
ocjbwa	㼙
ockhwa	㼚
ockdwa	㼛
ocyhwa	㼜
ocwjwa	㼝
ocpkwa	㼞
ocbdwa	㼟
octawa	㼠
ocvuwa	㼡
ocifwa	㼢
ocbdwa	㼣
ockcwa	㼥
ocgswa	㼦
ocyswa	㼧
ochjwa	㼨
ocigwa	㼩
ocjxwa	㼪
ocgowa	㼫
ocxkwa	㼬
ocqiwa	㼮
ocdswa	㼯
ocbwwa	㼰
ocugwa	㼳
ocyuwa	㼴
ocuiwa	㼵
ocyuwa	㼶
ocdrwa	㼷
ocrswa	㼸
ochlwa	㼹
octhwa	㼺
occswa	㼻
ocpnwa	㼼
oculwa	㼽
ocluwa	㼾
octswa	㼿
ocdmwa	㽀
ocfjwa	㽃
ocsiwa	㽄
ocdgwa	㽅
ocdhwa	㽆
ocyiwa	㽈
ocgjwa	㽍
ocufyb	㽎
ocqxgj	㽏
ocgjjm	㽐
ocgjtj	㽑
ocnjug	㽒
octmli	㽖
octmrf	㽗
octmkh	㽘
octmyy	㽙
octmnq	㽚
octmju	㽛
ocwjtm	㽜
oclptm	㽝
octmjx	㽠
octmbw	㽡
octmyj	㽢
octmho	㽣
octmrz	㽥
octmzi	㽧
octmia	㽨
octmcj	㽩
octmzg	㽪
ocystm	㽫
ocfufu	㽬
octmxu	㽭
ocpgpi	㽰
ocbkjq	㽱
ocbkqn	㽲
ocbkyu	㽳
ocbkvh	㽴
ocbktu	㽵
ocbkji	㽶
ocbkuv	㽷
ocbkyb	㽸
ocbkfj	㽹
ocbkji	㽺
ocbkvi	㽻
ocbkyb	㽼
ocbkgu	㽽
ocbkiu	㽾
ocbkgx	㽿
ocbkqu	㾀
ocbkuu	㾁
ocbktd	㾂
ocbkta	㾃
ocbkyz	㾄
ocbkzi	㾅
ocbkrj	㾆
ocbkmu	㾇
ocbkfu	㾈
ocbklk	㾉
ocbkci	㾊
ocbkxq	㾋
ocbkxm	㾌
ocbker	㾍
ocbkao	㾎
ocbkgv	㾏
ocbklp	㾐
ocbkhe	㾑
ocbkru	㾒
ocbkyr	㾓
ocbklv	㾔
ocbkxb	㾕
ocbkli	㾖
ocbkll	㾗
ocbkgg	㾘
ocbkxi	㾙
ocbkxp	㾚
ocbkjx	㾜
ocbkie	㾝
ocbkyz	㾞
ocbkbu	㾟
ocbkkl	㾠
ocbkqt	㾡
ocbkld	㾢
ocbkjb	㾣
ocbkks	㾤
ocbkuu	㾥
ocbkpz	㾦
ocbkgo	㾧
ocbkqi	㾨
ocbkgk	㾩
ocbkug	㾪
ocbkbm	㾫
ocbkjp	㾬
ocbkqq	㾭
ocbkhl	㾮
ocbkww	㾯
ocbkhu	㾰
ocbkao	㾲
ocbkzi	㾳
ocbkia	㾴
ocbkji	㾵
ocbkgu	㾶
ocbksi	㾷
ocbkgc	㾸
ocbkid	㾹
ocbkma	㾺
ocbkiu	㾻
ocbktv	㾼
ocbkvv	㾽
ocbkjm	㾾
ocbklh	㾿
ocbkbj	㿀
ocbkgc	㿁
ocbkdd	㿃
ocbkxi	㿅
ocbkxi	㿇
ocbkgv	㿉
ocbkzc	㿋
ocbkqm	㿌
ocbkjp	㿍
ocbkbf	㿎
ocbkvd	㿑
ocbkuz	㿒
ocbklu	㿖
ocbktv	㿗
ocbkyk	㿘
ocbklo	㿚
ocbkli	㿛
ocbdsi	㿝
ocbdmc	㿞
ocbdbd	㿟
ocbdgl	㿠
ocbdvc	㿡
ocmkbd	㿢
ocbdhe	㿣
ocbdiy	㿤
ocbdhe	㿥
ocbduz	㿧
ocbdli	㿨
ocbddh	㿩
ocpiwj	㿪
ocbipi	㿫
ocpiba	㿬
ociipi	㿭
ocyhpi	㿮
ochepi	㿯
ocjnpi	㿰
ocvepi	㿱
ocqipi	㿲
ocdapi	㿴
ocphpi	㿶
ociapi	㿷
ocpimj	㿸
ocpida	㿹
ocbcpi	㿺
ocgjmb	㿻
ockdmb	㿼
ocximb	㿽
ocnkmb	㿾
ocpimb	㿿
ocyzmb	䀁
ocanmb	䀂
ocuimb	䀃
ocmimb	䀄
ocuemb	䀅
ocjimb	䀈
ocqnmb	䀉
ocgjmb	䀍
ocmuqn	䀎
ocbcmu	䀏
ocmuuj	䀐
ocmuia	䀑
ocmuqm	䀒
ocmuwj	䀓
ocmurf	䀔
ocmuyb	䀕
ocmutm	䀖
ocmugk	䀗
ocmukd	䀘
ocmuqp	䀙
ocmumc	䀚
ocmuwu	䀛
ocwumu	䀜
ocmubi	䀝
ocmudz	䀞
ocmufu	䀟
ocmumu	䀠
ocmuvj	䀡
ocmuui	䀢
ocmubi	䀣
ocwdmu	䀤
ocmule	䀥
ocmugu	䀦
ocmugs	䀧
ocmuue	䀨
ocmuge	䀩
ocmuxk	䀪
ocmuhe	䀫
ocmuqr	䀬
ocmuhd	䀭
ocmuhl	䀮
ocmufu	䀯
ocmugu	䀰
ocmufg	䀱
ocmumw	䀲
ocmuuu	䀳
ocmujk	䀴
ocmuyi	䀵
ocmull	䀶
ocmujp	䀷
ocvemu	䀸
ocmujx	䀹
ocyzmu	䀺
ocmuif	䀼
ocmuyj	䀽
ocmuve	䀿
ocmuve	䁀
ocmujk	䁁
ocmubn	䁃
ocmuxk	䁄
ocmumg	䁅
ocmuyj	䁆
ocmimu	䁇
ocmuye	䁋
ocmuww	䁌
ocmuxm	䁍
ocmutk	䁎
ocmuyc	䁏
ocmuyk	䁐
ocmuyh	䁑
ocmuyr	䁔
ocmulz	䁖
ocmuqi	䁗
ocmuyc	䁘
ocmuyj	䁙
ocmuyr	䁚
ocmugv	䁛
ocmuhl	䁜
ocmuia	䁟
ocmujm	䁠
ocmuuj	䁡
ocmuxr	䁢
ocmuvr	䁣
ocmudi	䁤
ocmuni	䁥
ocmugo	䁨
ocmuyu	䁩
ocmuvj	䁪
ocmuhw	䁫
ocmuzg	䁬
ocmubn	䁭
ocmuxl	䁰
ocmuyc	䁱
ocmumd	䁲
ocmumh	䁳
ocmudj	䁴
ocmujn	䁶
ocmuns	䁸
ocmupi	䁹
ocmule	䁻
ocmumo	䁼
ocmump	䁾
ocmomu	䁿
ocmuyi	䂀
ocmuqu	䂂
ocmujt	䂃
ocmujt	䂄
ocmumj	䂅
ocmcuc	䂆
ocmciz	䂇
ocmcis	䂈
ocmchz	䂉
ocmcxl	䂊
ocmcts	䂌
ocmcbc	䂍
ocmczj	䂎
ocuivc	䂏
ocuiiu	䂐
ocuici	䂑
ocuiji	䂒
ocuijm	䂓
ocuixk	䂔
ocuitr	䂕
ocuidm	䂖
ocuibi	䂗
ocuiia	䂘
ocuier	䂙
ocuiyc	䂚
ocuiyu	䂛
ocuifg	䂜
ocuige	䂝
ocuimu	䂞
ocjxui	䂟
ocuiui	䂠
ocuiqq	䂡
ocuids	䂢
ocuici	䂣
ocuifu	䂤
ocuimb	䂥
ocuivf	䂦
ocuier	䂧
ocuiii	䂨
ocuiyb	䂩
ocuivc	䂪
ocuijl	䂫
ocgsui	䂬
ocuijn	䂭
ocuivl	䂯
ocuili	䂰
ocuidv	䂱
ocjpui	䂲
ocuizo	䂳
ocuiyj	䂴
ocuigs	䂵
ocuijp	䂶
ocuigk	䂷
ocuiho	䂸
ocuivi	䂹
ocuigo	䂺
ocuiih	䂻
ocuinm	䂼
ocuivo	䂽
ocuild	䂾
ocuida	䂿
ocuiqi	䃀
ocuiya	䃁
ocuiky	䃂
ocuiwh	䃃
ocuijk	䃄
ocuidj	䃅
ocuiqi	䃆
ocuibo	䃇
ocuijp	䃈
ocuiyu	䃋
ocuisv	䃍
ocuixk	䃏
ocuitu	䃐
ocuibj	䃑
ocuige	䃒
ocuigz	䃓
ocuigs	䃔
ocuiwu	䃖
ocuibo	䃗
ocuijm	䃘
ocuilu	䃙
ocuizu	䃚
ocuilm	䃛
ocuijn	䃝
ocuuui	䃞
ocuisj	䃟
ocuixr	䃠
ocuiqb	䃢
ocuiww	䃣
ocuisu	䃤
ocuits	䃥
ocdyui	䃦
oclsui	䃧
ocuiql	䃨
ocuins	䃩
ocuidj	䃪
ocuivj	䃫
ocuiww	䃬
ocuigj	䃭
ocuida	䃮
ocuile	䃯
ocuica	䃰
ocuivu	䃴
ocuilj	䃹
ocuimi	䃺
ocuiba	䃻
ocppbu	䃼
ocppvi	䃽
ocppbi	䃾
ocppfu	䃿
ocppge	䄀
ocppui	䄁
ocppyz	䄂
ocppyh	䄃
ocppyb	䄄
ocjrui	䄅
ocppue	䄆
ocppig	䄇
ocppdz	䄈
ocppwo	䄉
ocppvi	䄊
ocppyj	䄋
ocppvo	䄌
ocppxi	䄍
ocppqi	䄎
ocpphy	䄑
ocppnm	䄒
ocpphl	䄓
ocppyu	䄔
ocppyu	䄖
ocppph	䄘
ocppmk	䄙
ocppcc	䄚
ocpplz	䄛
ocppli	䄜
ocppis	䄝
ocppji	䄞
ocqnui	䄟
ocppdj	䄠
ocppvj	䄡
ocppqi	䄢
ocppmd	䄣
ocppld	䄤
ocpplk	䄥
ocheln	䄦
ochend	䄧
ocheyu	䄨
ocheyi	䄩
ocheuc	䄪
ocheji	䄫
ocheye	䄬
ocheqm	䄭
ochefu	䄮
ochekd	䄯
ocheya	䄰
ochefh	䄱
ochenw	䄲
ochevi	䄳
ocheyt	䄴
ochenq	䄵
ochefu	䄶
ocheui	䄷
ochebd	䄸
ocheyi	䄺
ochevc	䄻
ochexi	䄽
ochers	䄾
ocheyi	䄿
ochelp	䅀
ocanhe	䅁
ochege	䅂
ocgshe	䅃
ochegv	䅅
ocheci	䅆
ocxihe	䅇
ocjrhe	䅈
ocheya	䅉
ochemm	䅋
ocheyr	䅌
ochetk	䅍
ochexq	䅎
ocheww	䅏
ochejm	䅐
ocheto	䅑
ochemh	䅒
ocheju	䅕
ocheyj	䅖
ocheww	䅗
ocheld	䅘
ocheky	䅙
ochejr	䅚
ocheih	䅛
ocheiv	䅜
ocheks	䅝
ochede	䅞
ochecj	䅟
ocheui	䅠
ocheye	䅡
ochevz	䅢
ochehl	䅣
ochehe	䅥
ochemn	䅦
ocheyb	䅧
ochexl	䅨
ochegv	䅪
ocheyi	䅬
ocheph	䅭
ochech	䅮
ocheth	䅯
ocheen	䅰
ocheqi	䅱
ocheqi	䅲
ocheiu	䅳
ocheso	䅴
ochegc	䅵
ocheru	䅶
ochetu	䅷
ocheuf	䅸
ochelz	䅹
ochepn	䅺
ocheli	䅻
ochemj	䅼
ochehx	䅿
ochehw	䆀
ochelm	䆂
ocdche	䆃
ochedj	䆄
ochevi	䆅
ochezc	䆆
ocheii	䆈
ochegv	䆋
ochels	䆍
ocheff	䆏
ocxtdk	䆑
ocxtwj	䆒
ocxtyy	䆓
ocxtvs	䆔
ocxtgk	䆕
ocxtgs	䆖
ocxtjn	䆗
ocxtjx	䆘
ocxtvg	䆙
ocxtts	䆚
ocxtva	䆛
ocxtyz	䆜
ocxtxt	䆝
ocxthe	䆟
ocxtif	䆠
ocxtll	䆡
ocxtif	䆣
ocxtuf	䆤
ocxtui	䆥
ocxtyj	䆦
ocxtww	䆧
ocxthc	䆨
ocglks	䆪
ocxtyr	䆬
ocxtxr	䆭
ocxtjb	䆮
ocxtqu	䆰
ocxtdj	䆱
ocxtkh	䆲
ocxtvu	䆳
ocxtzg	䆵
ocxtjn	䆶
ocxtdg	䆸
ocxtts	䆹
ocxtfj	䆺
ocxtgj	䆻
ocxtgo	䆼
ocxtjm	䆾
ocxtxm	䇁
ocliuu	䇂
oclisi	䇃
ocliqi	䇄
oclige	䇅
oclidz	䇆
oclimb	䇇
ocliug	䇈
ocliui	䇉
oclido	䇋
oclixn	䇌
oclizu	䇍
oclixi	䇎
oclixl	䇏
oclili	䇐
oclibw	䇑
ocjili	䇒
ocxuli	䇓
oclixu	䇕
ocvugs	䇗
ocvuhu	䇘
ocvuyb	䇙
ocvupu	䇚
ocvuvi	䇛
ocvuqm	䇜
ocvuge	䇝
ocvugj	䇞
ocvuvu	䇠
ocvunk	䇡
ocvugu	䇢
ocvubk	䇤
ocvuvg	䇥
ocvuyh	䇦
ocvujl	䇨
ocvuyi	䇩
ocvuvi	䇪
ocvuif	䇫
ocvuvu	䇬
ocvulc	䇭
ocvurf	䇮
ocvuer	䇯
ocvuig	䇰
ocvujx	䇲
ocvuxi	䇴
ocvuyi	䇵
ocvujn	䇶
ocvubp	䇷
ocvuig	䇸
ocvujy	䇹
ocvudz	䇺
ocvuww	䇻
ocvuyi	䇼
ocvuve	䇽
ocvuyj	䇾
ocvuuu	䇿
ocvuuj	䈀
ocvuly	䈁
ocvubk	䈂
ocvuvc	䈃
ocvuhj	䈄
ocvuho	䈅
ocvuli	䈆
ocvuvo	䈇
ocvufw	䈈
ocvuqp	䈉
ocvulk	䈊
ocvuda	䈋
ocvuju	䈌
ocvumh	䈍
ocvuye	䈎
ocvufu	䈏
ocvuhv	䈐
ocvugo	䈑
ocvunj	䈒
ocvuhe	䈓
ocvuxx	䈔
ocvuui	䈕
ocvuke	䈖
ocvujy	䈗
ocvuzi	䈘
ocvuvz	䈙
ocvudd	䈚
ocvuqb	䈜
ocvuxu	䈝
ocvuze	䈟
ocvuyr	䈠
ocvuvg	䈣
ocvugj	䈤
ocvuww	䈧
ocvuxm	䈨
ocvujm	䈩
ocvuge	䈪
ocvuna	䈫
ocvupu	䈬
ocvugv	䈭
ocvuvf	䈯
ocvuuc	䈰
ocvuyc	䈱
ocvubj	䈲
ocvujm	䈴
ocvuwg	䈵
ocvurs	䈶
ocvuge	䈷
ocvuhu	䈸
ocvusu	䈹
ocvuvs	䈺
ocvupu	䈻
ocvumi	䈼
ocvujb	䈽
ocvuuc	䈾
ocvuuu	䉀
ocvulk	䉁
ocvulw	䉂
ocvujl	䉃
ocvulk	䉄
ocvuvi	䉅
ocvunn	䉆
ocvusj	䉈
ocvumw	䉋
ocvudv	䉌
ocvumf	䉍
ocvuth	䉎
ocvujp	䉏
ocvugu	䉐
ocvuwu	䉑
ocvufj	䉒
ocvuke	䉓
ocvucj	䉔
ocvuzg	䉕
ocvuyi	䉗
ocvuzs	䉘
ocvuyy	䉙
ocvuao	䉛
ocvuvi	䉜
ocvuyi	䉝
ocvugj	䉞
ocvuww	䉠
ocvudj	䉡
ocvuse	䉢
ocvuuu	䉤
ocvuqm	䉦
ocvulq	䉧
ocvuyi	䉨
ocvuuu	䉩
ocvuli	䉫
ocvufw	䉬
ocvuxm	䉯
ocvumi	䉲
ocvuxm	䉳
ocvuxl	䉴
ocvuul	䉶
ocvuyj	䉷
ocvubm	䉸
ocvulk	䉹
ocmigs	䉺
ocmiui	䉻
ocmijb	䉼
ocmibj	䉽
ocbwmi	䉾
ocmihu	䉿
ocmigu	䊀
ocmixm	䊁
ocmici	䊂
ocgsmi	䊄
ocmimk	䊅
ocjqmi	䊆
ocmifu	䊇
ocmimw	䊈
ocmiss	䊉
ocmiww	䊊
ocmivl	䊋
ocmibi	䊌
ocmijr	䊎
ocmiyj	䊏
ocmiky	䊐
ocmiuh	䊑
ocmivv	䊒
ocmiui	䊓
ocmiyk	䊔
ocmijm	䊕
ocminj	䊖
ocmihl	䊗
ocmivz	䊘
ocyjmi	䊙
ocmivv	䊚
ocmiua	䊛
ocmivr	䊜
ocmixi	䊝
ocmidi	䊞
ocmimj	䊟
ocjimi	䊠
ocmimj	䊡
ocjlmi	䊢
ocmihl	䊣
ocmitj	䊤
ocmisu	䊥
ocmiyi	䊦
ocmifw	䊧
ocmifj	䊩
ocmiwj	䊪
ocmizv	䊫
ockemi	䊬
ocmiuz	䊭
ocmivd	䊮
ocmigl	䊯
ocmivu	䊰
ocsuij	䊲
ocmimi	䊳
ocmiqm	䊴
ocsijq	䊵
ocsiye	䊶
ocsicd	䊷
ocsikv	䊸
ocsiqm	䊹
ocsihu	䊺
ocsiqm	䊻
ocsivi	䊼
ocsigk	䊽
ocsimu	䊾
ocsifu	䊿
ochusi	䋀
ocsikh	䋁
ocsiyc	䋂
ocsimc	䋃
ocsigh	䋄
ocsinq	䋅
ocsihu	䋆
ocsiii	䋇
ocnusi	䋈
ocsixt	䋉
ocsivg	䋊
ocsimb	䋋
ocsiju	䋌
ocsike	䋍
ocsidj	䋎
ocsiva	䋏
ocsiyt	䋐
ocsibk	䋑
ocsimc	䋒
ocsiiu	䋓
ocsipi	䋔
ocrfsi	䋕
ocsiyu	䋖
ocsiif	䋗
ocsilw	䋘
ocsier	䋙
ocsiyu	䋚
ocsimi	䋛
ocsiwh	䋞
ocsiji	䋟
ocsifu	䋠
ocsiyu	䋡
ocvesi	䋢
ocmwsi	䋣
ocsuuc	䋤
ocsili	䋥
ocsimw	䋦
ocsiju	䋧
ocsipz	䋨
ocsier	䋩
ocsiaa	䋪
ocsivg	䋫
ocsitm	䋬
ocsiyu	䋭
ocsijb	䋮
ocjusi	䋰
ocsild	䋱
ocsimm	䋲
ocsibw	䋳
ocsirz	䋴
ocsihe	䋵
ocsiye	䋶
ocsidy	䋸
ocsifu	䋹
ocsiqq	䋺
ocsinj	䋻
ocsiyk	䋼
ocsifg	䋽
ocsiww	䋿
ocsike	䌀
ocsiyc	䌁
ocsiwu	䌂
ocsixt	䌃
ocsith	䌅
ocsigv	䌆
ocsiso	䌇
ocsigh	䌉
ocsiyc	䌊
ocsixi	䌌
ocsijb	䌍
ocltsi	䌎
ocsimi	䌏
ocsimi	䌐
ocsijm	䌑
ocsilu	䌒
ocsiqu	䌔
ocsima	䌕
ocsiji	䌖
ocsiwu	䌗
ocbisi	䌘
ocsihl	䌙
ocsisu	䌚
ocsiye	䌜
ocsijb	䌝
ocsiqm	䌞
ocsipi	䌟
ocsilk	䌢
ocsigr	䌣
ocsier	䌤
ocsivd	䌦
ocsiuz	䌧
ocsicd	䌨
ocsimp	䌩
ocsilj	䌫
ocsils	䌬
ocsijn	䌭
ocsiul	䌮
ocsinp	䌰
ocsixy	䌲
ocsixi	䌳
ocsilw	䌴
ocsiuu	䌵
ocsicd	䌶
ocsiyz	䌷
ocsivr	䌸
ocsijs	䌹
ocsier	䌺
ocsiyu	䌻
ocsidv	䌼
ocsicd	䌽
ocsinj	䌾
ocsifu	䌿
ocsijm	䍀
ocsisv	䍁
ocfzyu	䍂
ocvxfz	䍃
ocfzvj	䍄
ocfzlk	䍅
ocfznk	䍆
ocfzfj	䍇
ocfzpk	䍈
ocfzvi	䍉
ocfzjn	䍊
ocfziv	䍋
ocfzpz	䍌
ocfzyj	䍎
ocsigj	䍐
ocwhgj	䍑
ocsimu	䍒
ocsiya	䍓
ocsigs	䍔
ocsidi	䍕
ocsibc	䍖
ocsixr	䍗
ocsimi	䍘
ocsimw	䍙
ocsill	䍚
ocsigu	䍛
ocsivv	䍜
ocsida	䍝
ocwhho	䍞
ocsili	䍠
ocsilu	䍡
ocsiwu	䍢
ocsilw	䍣
ocsiqi	䍤
ocsili	䍥
ocsili	䍦
ocnqyh	䍧
ocyhfu	䍨
ocyhwf	䍩
ocyhmo	䍪
ocyhta	䍫
ocyhpk	䍬
ocyhmu	䍭
ocyhvc	䍮
ocyhww	䍯
ocyhyb	䍰
ocyhyu	䍱
ocyher	䍲
ocyhvo	䍳
ocyhww	䍴
ocyhvg	䍵
ocyhds	䍶
ocyhww	䍷
ocyhvr	䍸
ocyhiz	䍹
ocyhhr	䍺
ocyhxy	䍻
ocyhli	䍽
ockdyu	䍾
ocyuwh	䍿
ocyuyt	䎀
ocguyu	䎁
ocyubc	䎂
ocrjyu	䎃
ocvcyu	䎄
ocbdyu	䎅
ocyulk	䎆
ocvzyu	䎇
ocyuyi	䎈
ocyuuu	䎉
ocgeyu	䎊
ocgcyu	䎋
ocyuzu	䎌
ocyufu	䎍
ochjyu	䎏
ocvoyu	䎐
ocyulu	䎑
ocyuda	䎓
ocyuvr	䎔
oczgyu	䎖
ocqnyu	䎗
ocsuyu	䎘
ocbbyu	䎙
ocyuhv	䎚
oclckz	䎛
oclclc	䎜
oclcyu	䎝
ocveve	䎞
ocnver	䎟
ocwjer	䎠
ocerho	䎡
oclwqi	䎢
oclwyi	䎣
oclwju	䎤
oclwgu	䎥
oclwyj	䎦
oclwpz	䎧
oclwyj	䎨
oclwde	䎪
oclwba	䎬
oclwzc	䎭
oclwdi	䎮
oceryi	䎲
oceryt	䎳
ocerjk	䎴
ocerbi	䎵
oceruf	䎶
ocervu	䎷
ocerwu	䎸
ocbmer	䎹
ocervi	䎺
ocervz	䎻
ocerlu	䎼
ocerhy	䎽
ocerly	䎾
ocerqq	䎿
ocerci	䏀
ocerzd	䏁
ocersz	䏂
ocermk	䏃
ocervi	䏄
ocerji	䏅
ocercc	䏆
ocerpn	䏇
ocerls	䏊
ocbayt	䏌
ocsiyt	䏍
ocytfj	䏎
ocytyu	䏏
ocytgk	䏐
ocytpm	䏒
ocytyr	䏓
ocytiz	䏔
ocytrf	䏕
ocytyb	䏖
ocytqi	䏗
ocytpi	䏘
ocytyb	䏙
ocytuc	䏚
ocytyy	䏛
ocytji	䏜
ocytvr	䏝
ocytmo	䏞
ocytbi	䏟
ocytli	䏠
ocytui	䏡
ocytpi	䏢
ocytqp	䏣
ocytsi	䏤
ocytrj	䏥
ocytue	䏦
ocytdo	䏧
ocytdv	䏨
ocythe	䏩
ocyter	䏪
ocytxq	䏫
ocytmz	䏬
ocytvu	䏭
ocytvi	䏯
ocytrf	䏰
ocytju	䏱
ocytdi	䏲
ocytve	䏳
ocytxn	䏴
ocytls	䏵
ocythj	䏷
ocytwu	䏸
ocytjm	䏹
ocytfg	䏺
ocytpz	䏽
ocytfg	䏾
ocytqi	䐀
ocytlu	䐂
ocytcd	䐆
ocytvi	䐈
ocytky	䐊
ocdmyt	䐌
ocytui	䐎
ocytiy	䐏
ocytqq	䐐
ocytye	䐑
ocytye	䐓
ocytbm	䐔
ocytui	䐖
ocytve	䐗
ocytyr	䐘
ocytge	䐙
ocytji	䐚
ocytda	䐛
ocytvf	䐜
ocytro	䐞
ocytgz	䐟
ocythl	䐠
ocytiu	䐢
ocytyr	䐣
ocytia	䐤
ocytwg	䐥
ocythe	䐦
ocytgc	䐧
ocytqi	䐩
ocytjy	䐪
ocytcs	䐫
ocytcc	䐬
ocytdd	䐭
ocytij	䐮
ocytlw	䐯
ocytxq	䐰
ocytdi	䐱
ocytxi	䐲
ocytyu	䐳
ocjiyt	䐴
ocythl	䐵
ocytdj	䐷
ocythx	䐸
ocytsu	䐹
ocyttj	䐺
ocytgu	䐻
ocytjp	䐼
ocytmj	䐽
ocytao	䐿
ocytpi	䑀
ocytyu	䑂
ocytmg	䑃
ocytbi	䑄
ocytmg	䑅
ocytyh	䑆
ocytvi	䑇
ocytle	䑈
ocytyi	䑊
ocytxl	䑋
ocytlj	䑌
ocytyk	䑍
ocvirf	䑒
ocjqfu	䑔
ocjqjp	䑖
ocjqyh	䑗
ocjqia	䑘
ocueyt	䑚
ocuedi	䑛
ocueye	䑜
ocuyhl	䑟
ocvzln	䑠
ocvzia	䑡
ocvzwu	䑢
ocvzuj	䑣
ocvzjb	䑤
ocvzji	䑥
ocvzju	䑦
ocvzfu	䑧
ocvzgu	䑩
ocvzhe	䑪
ocvzbk	䑫
ocvzvc	䑬
ocvzjl	䑭
ocvzdo	䑮
ocvzdi	䑯
ocvzbu	䑰
ocvzwj	䑱
ocvzvo	䑲
ocvzly	䑳
ocvzqi	䑴
ocvzqk	䑶
ocvzjm	䑷
ocvzzs	䑸
ocvzfg	䑺
ocvziu	䑼
ocvzvi	䑾
ocvzsu	䑿
ocvzfu	䒀
ocvzxi	䒁
ocvzjl	䒂
ocvzzc	䒃
ocvzjr	䒅
ocvzfu	䒇
ocvzbf	䒈
ocvzwu	䒉
ocxise	䒊
ocyhse	䒋
ocmkse	䒌
ocphse	䒍
ocmhse	䒎
oczgse	䒏
ocmgse	䒐
ocbahg	䒑
occcdn	䒒
occcqn	䒓
occcba	䒔
occcxn	䒕
occcxy	䒖
occcqi	䒗
occcwf	䒘
occcuh	䒙
occcuc	䒚
occchr	䒛
occcnq	䒜
occcyc	䒝
occcyb	䒞
occcdj	䒟
occcfg	䒠
occcyb	䒡
occcmc	䒢
occcri	䒤
ocgsjb	䒥
occcfj	䒦
occcqu	䒧
occcui	䒨
occche	䒩
occcbm	䒪
occcdd	䒫
occcui	䒬
occckl	䒰
occcig	䒱
occcdo	䒳
occcyz	䒴
occchc	䒵
occcye	䒶
occcue	䒷
occcxt	䒸
occclw	䒹
occcsi	䒺
occcqu	䒼
occcwh	䒽
occcyi	䒾
occcji	䓀
occcsi	䓁
occcyj	䓂
occcyi	䓃
occcyi	䓅
occcve	䓆
occcii	䓇
occcyi	䓈
occcxp	䓉
occcwu	䓊
occcvi	䓌
occchj	䓍
occcvo	䓎
occcfz	䓏
occcdm	䓒
occcuz	䓓
occcxn	䓔
occcyr	䓕
occcqs	䓖
occcjq	䓘
occcgk	䓙
occcqu	䓛
occcmg	䓝
occcli	䓞
occcvz	䓟
occcda	䓠
occcvi	䓡
occcgu	䓢
occcll	䓣
occchu	䓤
ocrucc	䓥
occcdm	䓦
occcji	䓧
occcvi	䓩
occcyi	䓪
occcqi	䓫
occcvo	䓬
occcua	䓭
occcdu	䓯
occcid	䓱
occchf	䓳
occcpb	䓵
occcci	䓶
occcjm	䓸
occcui	䓹
occcmw	䓺
occcji	䓽
occcso	䓾
occcwo	䔀
occcsu	䔁
occczd	䔂
occczu	䔃
occcyc	䔄
occcge	䔅
occcli	䔆
occcqi	䔇
occcgs	䔈
occcua	䔋
occcgc	䔌
occcma	䔍
occcsu	䔎
occczc	䔏
occcqm	䔐
occcxp	䔑
occcpw	䔒
occcxu	䔓
occcjk	䔔
occcpu	䔕
occclk	䔖
occcxl	䔗
occcdn	䔙
occcqk	䔛
occczi	䔝
occclv	䔞
occcyi	䔟
occcuc	䔠
occcyu	䔡
occcli	䔣
occcmw	䔦
occcli	䔧
occcii	䔩
occcul	䔪
occcuu	䔫
occcnk	䔭
occcsi	䔮
occcfu	䔰
occcyi	䔱
occcdg	䔲
occcrj	䔳
occcxm	䔵
occcti	䔶
occcqb	䔷
occcbn	䔸
occcdv	䔹
occcsv	䔺
occcdy	䔻
occcke	䔽
occcjp	䔾
occczy	䔿
occckr	䕀
occcsc	䕅
occcyu	䕆
occcdp	䕈
occcdj	䕊
occcth	䕋
occcvi	䕌
occcyi	䕍
occcyi	䕏
occcfu	䕐
occcjx	䕒
occcca	䕓
occcmj	䕕
occcxy	䕖
occcbi	䕗
occclk	䕘
occcjp	䕙
occckv	䕚
occccv	䕜
occclh	䕞
occcxk	䕟
occcfw	䕠
occche	䕣
occcdj	䕤
occctg	䕨
occcze	䕪
occcpn	䕯
occctz	䕱
occcmi	䕳
occcmi	䕷
occcxx	䕸
occcza	䕹
occcli	䕻
occcnj	䕼
occcvu	䕽
occcyj	䕾
occcxn	䖀
ocwjyi	䖁
occclk	䖅
occcnl	䖆
ochubi	䖈
ochuyu	䖉
ociahu	䖊
ochurf	䖋
ochudc	䖌
ochuwf	䖍
ocerhu	䖎
ochucs	䖏
ocjbhu	䖐
ochuri	䖑
ochudz	䖒
ociuhu	䖓
ocquhu	䖔
ochuqp	䖕
ochujx	䖖
ochuxm	䖗
ochutu	䖘
ocwosi	䖙
ochuwu	䖚
ochuso	䖛
ocppis	䖝
ociscy	䖞
ocwhis	䖟
ocisfj	䖠
ocisiz	䖡
ocisuc	䖢
ocisvx	䖣
ocwjis	䖤
ocmcis	䖥
ocisiu	䖦
ocisdj	䖧
ocisui	䖨
ocisbi	䖩
occiis	䖪
ocisjx	䖬
ocjris	䖭
ocisxl	䖮
ocgvis	䖯
ocispd	䖰
ociskl	䖱
ocisxy	䖲
ocisvd	䖳
ocisvc	䖴
ocisis	䖵
ocisui	䖶
ocisxi	䖷
ocwois	䖸
ocislq	䖻
ocisqt	䖼
ocliis	䖽
ociswj	䖾
ocislk	䗀
ocisqi	䗁
ocishu	䗂
ocisfu	䗄
ocisih	䗅
ocisgr	䗆
ocismh	䗈
ocisih	䗉
ocisyj	䗊
ocismz	䗋
ocisxk	䗌
octris	䗍
ocuiis	䗐
ocisyu	䗑
ocisbk	䗒
ocishz	䗔
ocwjis	䗕
ocisdd	䗖
ocisji	䗗
ocishe	䗘
ocisvr	䗚
ocisxq	䗛
ocislq	䗜
ocufis	䗝
ocxris	䗠
ocisyj	䗡
ociszc	䗢
ocisys	䗤
ociscs	䗥
ocisfg	䗦
ociskh	䗧
ocisyu	䗨
ocisqi	䗩
ocuuis	䗪
ocisma	䗫
ocfgis	䗬
ocishr	䗭
ocisul	䗮
ocisjb	䗯
ocisgr	䗰
ocislb	䗲
ocisdg	䗳
ocisjl	䗵
ocisge	䗶
ocisyi	䗷
ocysis	䗸
ocisci	䗹
ocisjp	䗻
ocisxy	䗼
ocwwis	䗽
ocisnk	䗿
ocjpis	䘁
ocismo	䘃
ocisxm	䘆
ocwfis	䘇
ocisli	䘈
octmis	䘉
ocismp	䘊
ociswj	䘎
ocxter	䘏
ocxtys	䘑
ocxtqy	䘒
ocxtke	䘔
ocxkkh	䘕
ocxkfz	䘖
ocxksu	䘘
ocyiui	䘚
ocppji	䘛
ocppjb	䘜
ocppyi	䘝
ocppma	䘞
ocppdn	䘟
ocbiyi	䘡
ocppnk	䘢
ocppci	䘣
ocppuu	䘤
ocppjx	䘥
ocppni	䘦
ocppyh	䘧
ocppjn	䘨
ocppxy	䘩
ocppis	䘪
ocruyi	䘫
ocpprs	䘬
ocppvi	䘭
ocppxn	䘯
ocppyj	䘰
ocyigu	䘱
ocppjb	䘳
ocppss	䘴
ocpplu	䘵
ocpphj	䘶
ocppbi	䘷
ocppye	䘸
ocppzu	䘹
ocppdk	䘺
ocppyu	䘻
ocppwj	䘼
ocpper	䘽
ocppgr	䘾
ocppqu	䘿
ocpppg	䙀
ocppyc	䙅
ocppgv	䙆
ocpphz	䙈
ocppdy	䙉
ocppdd	䙊
ocppxr	䙋
ocppgv	䙌
ocppfw	䙍
ocppxi	䙎
ocppvr	䙏
ocppge	䙐
ocppuk	䙑
ocppxu	䙒
ocppba	䙓
ocppqu	䙔
ocppcs	䙕
ocppbg	䙖
ocppdi	䙗
ocppqi	䙘
ocppxi	䙙
ocnnyi	䙚
ocppfg	䙜
ocppdg	䙞
ocppww	䙟
ocppjt	䙠
ocppgv	䙡
ocppzg	䙢
ocppgo	䙤
ocpplk	䙥
ocppmg	䙦
ocppxy	䙧
ocppmg	䙩
ocfjyi	䙪
ocppyk	䙬
ocppjm	䙭
ocppcu	䙯
ocppli	䙰
ocppuu	䙱
ocxida	䙲
ocxiho	䙳
ocxigv	䙵
ocxins	䙶
ocjmcy	䙷
ocjmcy	䙸
ockdjm	䙹
ochojm	䙺
oczijm	䙻
ocvcjm	䙼
octajm	䙾
ocwwjm	䙿
ocvzjm	䚀
ocxljm	䚁
ociijm	䚂
oclujm	䚄
ocldjm	䚅
ocykjm	䚆
ocugjm	䚇
ocqijm	䚉
ocyijm	䚊
ocyrjm	䚋
ocgcjm	䚌
oczejm	䚍
ocisjm	䚎
oclbjm	䚏
ocvijm	䚐
ocmdjm	䚑
octsjm	䚒
octjjm	䚓
ocbbjm	䚔
oclijm	䚕
oclkjm	䚖
ocjngs	䚗
ocxkjn	䚘
ocjngf	䚙
ocjnxm	䚚
ocjngc	䚛
ocjnbw	䚜
ocjnzu	䚝
ocjnld	䚞
ocjnde	䚟
ocjnky	䚠
ocjnsi	䚡
ocjnye	䚢
ocjnui	䚣
ocjnyu	䚤
ocjnro	䚥
ocjnsi	䚦
ocjnfa	䚨
ocjnqn	䚩
ocjnjn	䚫
ocjnlb	䚬
ocyjnd	䚮
ocyjdc	䚯
ocyjbi	䚰
ocyjxn	䚱
ocyjuj	䚲
ocyjvi	䚳
ocyjyt	䚴
ocyjdz	䚵
ocyjtm	䚶
ocyjxi	䚷
ocyjjp	䚸
ocyjbi	䚹
ocyjwf	䚺
ocyjiz	䚼
ocyjmc	䚽
ocyjrf	䚾
ocyjqm	䚿
ocyjfj	䛀
ocyjug	䛂
ocyjyr	䛃
ocyjwj	䛄
ocyjjx	䛅
ocyjyz	䛆
ocyjui	䛈
ocyjmb	䛉
ocyjvi	䛊
ocyjwu	䛋
ocyjbc	䛌
ocyjfu	䛍
ocyjxt	䛎
ocyjni	䛏
ocsiyj	䛐
ocyjbi	䛑
ocqnyj	䛒
ocyjer	䛔
ocyjyi	䛖
ocifyj	䛗
ocyjrf	䛘
ocyjxq	䛙
ocyjhv	䛛
ocyjxb	䛜
ocyjhj	䛞
ocyjjx	䛟
ocyjdz	䛠
ocyjtu	䛢
ocyjzu	䛤
ocyjxi	䛥
ocyjgu	䛦
ocyjxb	䛨
ocyjya	䛩
ocyjqs	䛪
ocyjih	䛫
ocyjxk	䛭
ocyjjq	䛮
ocyjju	䛯
ocyjky	䛰
ocyjvs	䛱
ocyjbo	䛲
ocyjyj	䛳
ocyjqi	䛴
ocyjuz	䛵
ocyjwj	䛷
ocyjdm	䛸
ocyjtr	䛹
ocyjjp	䛺
ocyjdy	䛻
ocyjsu	䛾
ocyjge	䛿
ocyjgc	䜂
ocuwtu	䜃
ocyjxi	䜄
ocyjcv	䜅
ocmayj	䜆
ocyjic	䜈
ocyjcc	䜊
ocyjgv	䜋
ocyjln	䜍
ocyjlc	䜎
ocyjsv	䜏
ocsvyj	䜐
ocyjee	䜑
ocyjao	䜒
ocyjye	䜓
ocyjwj	䜕
ocyjjx	䜖
ocyjgj	䜗
ocyjjk	䜘
ocyjrv	䜜
ocyjqi	䜞
ocyjvi	䜠
ocyjyz	䜡
ocyjxm	䜢
ocyjjb	䜣
ocyjgs	䜤
ocyjxy	䜦
ocyjhr	䜨
ocyjyj	䜩
ocgujq	䜪
ocgugs	䜫
ocguyz	䜬
ocgulc	䜮
ocgugc	䜰
ocgumj	䜱
ocdzve	䜳
ocdzpu	䜴
ocdzpi	䜵
ocdzjl	䜶
ocdzww	䜸
ocdzuu	䜹
ocdzxi	䜺
ocdzui	䜻
ocdzyu	䜽
ocdzyb	䜾
ocdzlq	䝀
ocdzul	䝄
ocuitu	䝅
ocwuui	䝆
ocuiee	䝈
ocuijp	䝊
ocuizs	䝋
ocuivo	䝌
ocuijy	䝍
ocuidr	䝎
ocuilz	䝏
ocuisv	䝐
ocuits	䝑
ocuiju	䝒
ocuinp	䝕
ocvivx	䝖
ocvimu	䝗
ocviuu	䝘
ocviqu	䝙
ocvini	䝚
ocvipi	䝛
ocviqy	䝜
ocviqi	䝝
ocvihu	䝞
ocviqi	䝟
ocviyr	䝠
ocvimj	䝡
ocvimj	䝢
ocviqu	䝣
ocviln	䝤
ocvivs	䝦
ocbwyy	䝧
ocbwvf	䝩
ocbwpi	䝪
ocbwva	䝫
ocbwvu	䝬
ocbwju	䝭
ocbwxr	䝮
ocbwsi	䝰
ocbwjb	䝲
ocbwfu	䝵
ocbwjk	䝶
ocvibw	䝷
ocbwwj	䝹
ocbwju	䝻
ocbwqk	䝼
ocwubw	䝾
ocyubw	䝿
ocbwhz	䞀
ocbwvi	䞃
ocuibw	䞄
ocbwiy	䞅
ocbwww	䞈
ocbwqb	䞋
ocbwue	䞌
ocbwqk	䞍
ocbwih	䞎
ocbwsi	䞏
ocbwiy	䞐
ociigs	䞑
ociits	䞒
ociijk	䞓
ociiww	䞔
ociixu	䞕
oczzyi	䞖
oczzcd	䞗
oczzqi	䞘
oczzvi	䞚
oczzmm	䞛
oczzbu	䞜
oczzyu	䞝
oczzfu	䞞
oczzbd	䞟
oczzui	䞠
oczzdj	䞡
oczzva	䞢
oczzii	䞣
oczzju	䞤
oczzyz	䞥
oczzge	䞦
oczzhz	䞧
oczzgv	䞨
oczzhe	䞩
oczzjl	䞪
oczzjy	䞫
oczzxq	䞬
oczzqy	䞭
oczzyu	䞮
oczzfu	䞯
oczzii	䞰
oczzgu	䞱
oczzwo	䞲
oczzpz	䞳
oczzvz	䞴
oczzvo	䞵
oczzyi	䞶
oczzqu	䞷
oczzhl	䞹
oczzdy	䞺
oczzys	䞻
oczztr	䞼
oczzso	䞽
oczzsi	䞾
oczzia	䟀
oczzic	䟁
oczzmj	䟂
oczzcj	䟃
oczzze	䟄
ocvjzz	䟅
oczzbi	䟆
oczzji	䟇
oczzuu	䟉
oczzvj	䟋
oczzjp	䟌
oczzle	䟏
oczzli	䟐
oczzly	䟑
oczudk	䟓
oczubu	䟔
oczuia	䟕
oczuuj	䟖
oczuui	䟗
oczukh	䟘
oczuqp	䟙
oczuqi	䟚
oczufu	䟛
oczunw	䟜
oczuuu	䟝
oczuuc	䟞
ociizu	䟟
oczuyt	䟠
oczudi	䟡
oczuer	䟢
oczuuu	䟣
oczubi	䟤
oczumc	䟥
oczutm	䟧
oczumb	䟨
oczuqu	䟩
oczufj	䟪
octhzu	䟫
oczuqq	䟬
oczuva	䟭
oczufu	䟮
oczuue	䟯
oczuxk	䟰
oczuci	䟱
oczuis	䟲
oczuyu	䟳
oczuif	䟴
oczuqq	䟵
oczuzo	䟶
oczuve	䟷
oczubw	䟺
oczuyu	䟻
oczuwu	䟼
oczulq	䟽
oczuvo	䟾
oczulu	䟿
oczuuh	䠀
oclbzu	䠂
oczull	䠃
oczudm	䠄
oczuih	䠆
oczuqu	䠇
oczuli	䠈
oczugr	䠉
oczufw	䠊
oczubw	䠋
oczuxx	䠍
oczuwu	䠎
oczugv	䠏
oczukv	䠑
oczuhu	䠒
oczuqq	䠓
oczusv	䠔
oczuid	䠕
oczuzi	䠖
oczuiz	䠗
oczuph	䠙
oczuyc	䠛
oczurs	䠜
oczuyr	䠝
oczuqi	䠞
ocvizu	䠟
ocddzu	䠠
oczuxy	䠣
oczudj	䠤
oczubi	䠥
oczuvi	䠦
oczutu	䠧
oczuvj	䠨
oczusv	䠩
oczuju	䠫
oczudg	䠬
oczuld	䠭
oczuly	䠯
oczuuu	䠱
ocuflk	䠲
ocufiu	䠳
ocufli	䠴
ocuffu	䠵
ocufui	䠶
ocufvc	䠷
ocufkx	䠸
ocufhd	䠹
ocufwf	䠺
ocufqs	䠻
ocufyu	䠼
ocufqi	䠽
ocufuj	䠾
ocufgv	䠿
ocufdj	䡀
ocufls	䡁
ociejq	䡂
ocieli	䡃
ocieji	䡄
ocieir	䡅
ociegs	䡆
ocieyr	䡇
ocieyc	䡈
ociekh	䡉
ociefj	䡊
ocievi	䡋
ociegs	䡌
ociefu	䡍
ociehu	䡎
ociehs	䡏
ocieta	䡐
ociemb	䡑
ocietm	䡒
ocxkie	䡓
ociedo	䡔
ocieig	䡕
ocgsie	䡗
ociedm	䡘
ociell	䡙
ocieie	䡛
ocielu	䡜
ociewj	䡝
ocjuie	䡞
ociebw	䡟
ocievf	䡠
ociejp	䡡
ociebm	䡢
ociejy	䡣
ocveie	䡤
ociers	䡥
ociesh	䡦
ociewu	䡧
ociaie	䡨
ocievf	䡩
ocieuj	䡪
ociefg	䡫
ociemj	䡬
ociexq	䡭
ociecs	䡮
ociequ	䡱
ociedj	䡲
ociesi	䡳
ociets	䡴
ociesv	䡵
ociepi	䡶
ociehv	䡺
ociezj	䡽
ociexm	䡾
ocielk	䡿
ocieqi	䢀
ocieyt	䢁
ocieli	䢂
ocpiia	䢃
ocjqif	䢅
ocrsru	䢆
ocifhv	䢈
ocvizi	䢊
ocviqi	䢋
ocvifu	䢌
ocvifh	䢍
ocvikd	䢎
ocvidz	䢏
ocviqp	䢐
ocvidi	䢑
ocvijn	䢒
ocviyu	䢓
ocvihe	䢔
ocvixu	䢕
ocviyu	䢖
ocviqu	䢗
ocviuz	䢘
ocvibw	䢙
ocvigg	䢚
ocvijs	䢛
ocvivz	䢜
ocviya	䢝
ocvilb	䢞
ocvifh	䢟
ocviye	䢡
ocvich	䢢
ocvilv	䢦
ocvics	䢨
ocviqn	䢪
ocvisv	䢫
ocviuy	䢬
ocvixm	䢭
ocvilw	䢮
ocvivd	䢰
ocvimd	䢱
ocvijt	䢲
ocjier	䢳
ocgjer	䢴
ocyyer	䢵
ocmuer	䢶
ocdjer	䢷
ocqper	䢸
ocjuer	䢹
ociuer	䢺
ocifer	䢻
ocgser	䢼
ocgsyi	䢽
ocxmer	䢾
ocaner	䢿
ocwwer	䣀
ocyuer	䣁
oclwer	䣂
ocfzer	䣃
ocyuer	䣄
ocifer	䣅
ocjker	䣆
ocqqer	䣇
ocyiyi	䣈
ocuayi	䣉
ocuher	䣊
occder	䣋
ocdier	䣌
ocyjer	䣍
ocgser	䣏
ocyker	䣐
oclier	䣑
ocgver	䣒
ocgeer	䣓
ocmaer	䣕
ocmayi	䣖
ocgcyi	䣗
octher	䣘
ocbger	䣙
oclzer	䣚
octuer	䣝
octier	䣠
ocyier	䣡
ocdher	䣣
ocjter	䣤
ocyzbi	䣥
ocyzli	䣦
ocyzyi	䣧
ocyzty	䣩
ocyzfu	䣪
ocyzvi	䣫
ocyzge	䣬
ocyzqr	䣭
ocyzba	䣮
ocyzqp	䣯
ocyzju	䣰
ocyzju	䣱
ocyzbm	䣲
ocyzsi	䣳
ocyzer	䣵
ocyzue	䣶
ocyzvu	䣷
ocrfyz	䣸
ocyzfa	䣹
ocyzyr	䣺
ocyzhj	䣻
ocyzjk	䣼
ocviyz	䣽
ocyzyi	䣾
ocyzyu	䣿
ocyzro	䤀
ocyzuf	䤁
ocyzmz	䤂
ocyzyb	䤃
ocyzmm	䤄
ocyzyu	䤅
ocyzgv	䤆
ocyzrs	䤊
ocqqho	䤋
ocyzch	䤌
ocyzmj	䤍
ocyzhl	䤑
ocyzji	䤒
ocyzmg	䤓
ocjmyz	䤔
ocyzle	䤕
ocyzbc	䤖
ocyzli	䤙
ocytli	䤚
ocjbjq	䤛
ocjbmc	䤝
ocjbyz	䤞
ocjbrs	䤟
ocjbvi	䤠
ocjbrj	䤡
ocjblk	䤢
ocjbhu	䤣
ocjbhd	䤤
ocjbww	䤥
ocjbfa	䤦
ocjbhv	䤧
ocjbpd	䤨
ocjbvd	䤩
ocjbdo	䤪
ocjbcf	䤫
ocjbua	䤬
ocjbxi	䤭
ocjbbu	䤮
ocjbxk	䤯
ockjjb	䤰
ocjbii	䤲
ocjbye	䤳
ocjbhj	䤴
ocjbfw	䤵
ocjbyj	䤶
ocjbtr	䤸
ocjbvo	䤺
ocjbqr	䤼
ocjbyc	䤾
ocjbqp	䤿
ocjbii	䥀
ocjbhe	䥃
ocjbuj	䥇
ocjbmh	䥈
ocjbze	䥊
ocjbpg	䥋
ocvijb	䥍
ocjbyu	䥏
ocwujb	䥐
ocjbmd	䥑
ocqljb	䥒
ocjbji	䥓
ocjbsu	䥔
ocjbbi	䥕
ocjbdm	䥖
ocjbkr	䥗
ocjbdv	䥙
ocjbjp	䥛
ocjbxm	䥜
ocjbjn	䥞
ocjbjp	䥟
ocjbdp	䥡
ocgujb	䥢
ochvjb	䥣
ocjbbc	䥤
ocjblm	䥥
ocjbrv	䥧
ocjbww	䥩
ocjbjp	䥫
ocjbxp	䥱
ocjbou	䥲
ocjbyz	䥳
ocjbxn	䥵
ocjbli	䥶
ocmijb	䥸
ocjbya	䥺
ocjbwu	䥻
ocjbwu	䥼
ocjbfa	䥽
ocjbxp	䥾
ocjbyu	䦀
ocjbbh	䦁
ocjbuj	䦂
ocjbvu	䦃
ocjbuj	䦅
ocjbjt	䦆
ocihzo	䦈
ocihsi	䦉
ocihao	䦋
ocmftu	䦌
ocmfqi	䦍
ocmfyr	䦎
ocmfjp	䦏
ocmfuz	䦐
ocmfgk	䦑
ocmfui	䦒
ocmfvj	䦓
ocmfdj	䦔
ocmfbk	䦕
ocmfji	䦖
ocmfxt	䦗
ocmfgf	䦘
ocmfsi	䦙
ocmfue	䦚
ocmfvg	䦛
ocmfwu	䦜
ocmfii	䦝
ocmfwh	䦞
ocmfzo	䦟
ocmfgr	䦡
ocmffa	䦢
ocmfpz	䦣
ocmfvo	䦤
ocmflb	䦥
ocmfjb	䦦
ocmfer	䦧
ocmfds	䦨
ocmfhe	䦪
ocmfyk	䦫
ocmfqi	䦬
ocmfxl	䦭
ocmfiy	䦮
ocmfvi	䦯
ocmfww	䦱
ocmfvj	䦲
ocmfxl	䦳
ocmfer	䦵
ocmfvg	䦶
ocmfzo	䦷
ocmfyu	䦸
ocerui	䦹
ocerdk	䦺
ocerzi	䦻
ocergk	䦼
oceryu	䦽
ocdvyy	䦾
ocervs	䦿
ocergs	䧀
ocerju	䧁
ocervc	䧂
ocertm	䧃
ocerge	䧄
oceryi	䧅
ocergs	䧆
oceryi	䧇
ocerxi	䧈
ocerli	䧉
ocergc	䧊
ocerjm	䧋
ocerto	䧌
ocergu	䧍
oceryr	䧎
ocerfg	䧏
ocerxl	䧐
ocerdk	䧑
ocerld	䧒
ocervz	䧓
ocernm	䧔
ocerho	䧕
ocerfu	䧗
ocertr	䧘
ocergc	䧚
ocerph	䧛
ocerth	䧜
ocerii	䧝
ocerma	䧞
oceryc	䧟
ocervr	䧠
ocerys	䧡
ocerqu	䧢
ocerpn	䧣
ocerhv	䧥
ocerww	䧦
oceryi	䧧
ocerye	䧨
ocergj	䧩
ocerhc	䧫
ocerbb	䧬
ocerxm	䧮
ocjqvv	䧱
ocgjvv	䧲
ocvivv	䧳
ocvivv	䧴
ocybvv	䧵
ocvvlq	䧶
ocdsvv	䧷
ocguvv	䧸
ocyzvv	䧺
ochevv	䧻
ocgcvv	䧼
ocbmvv	䧽
ocuevv	䧾
ocxivv	䧿
ocqqvv	䨂
ocyjvv	䨃
oclnvv	䨅
ocbivv	䨆
ocvivi	䨇
ocbbvv	䨈
ocykvv	䨉
ocyuto	䨋
ocyuyr	䨌
ocyujk	䨍
ocyuhs	䨎
ocyuci	䨏
ocyuhe	䨐
ocyuyi	䨑
ocyuyu	䨒
ocyuhv	䨓
ocyugl	䨔
ocyuyz	䨖
ocyufu	䨗
ocyujm	䨘
ocyuhu	䨚
ocyuxi	䨛
ocyupg	䨜
ocyuqk	䨝
ocyuyu	䨞
ocyuwa	䨟
ocyuhe	䨠
ocyuhj	䨡
ocyuuf	䨢
ocyuge	䨣
ocyudi	䨤
ocyuvi	䨥
ocyuph	䨦
ocyuvv	䨨
ocyuuf	䨩
ocyumd	䨪
ocyumd	䨫
ocyulb	䨬
ocyyxn	䨭
ocyuhv	䨮
ocyuif	䨯
ocyufu	䨱
ocxutu	䨲
ocyudv	䨴
ocyutj	䨵
ocyuyb	䨸
ocqkho	䨼
ocfwji	䨽
ocglfw	䨾
octmfw	䨿
ocfwbw	䩀
ocfwqn	䩁
ocmmjb	䩂
ocmmbi	䩃
ocmmjm	䩄
ocmmpi	䩅
ocmmva	䩆
ocmmvj	䩇
ocmmmw	䩈
ocmmfu	䩉
ocmmwj	䩊
ocmmma	䩋
ocmmjn	䩌
ocmmln	䩍
ocmmqm	䩎
ocmmmp	䩏
ocgeqi	䩐
ocgegs	䩑
ocgeyu	䩒
ocgegz	䩓
ocgeuu	䩔
ocgemc	䩕
ocgeuc	䩖
ocgeyt	䩗
ocgexr	䩙
ocgedi	䩚
ocgebi	䩛
ocgeyz	䩜
ocgegx	䩝
ocgevj	䩞
ocgeyi	䩟
ocgetk	䩠
ocgejx	䩡
ocgeve	䩢
ocgeyu	䩣
ocgejm	䩤
ocgeyj	䩥
ocyzge	䩦
ocgeyj	䩧
ocgeih	䩨
ocgewj	䩩
ocgegr	䩪
ocgell	䩫
ocgefg	䩬
ocgeqi	䩭
ocgelu	䩮
ocgeji	䩯
ocgeyu	䩱
ocgedu	䩲
ocgehu	䩴
ocgejy	䩵
ocgeii	䩶
ocgeph	䩷
ocgers	䩸
ocgege	䩹
ocgewg	䩺
ocgema	䩻
ocgefg	䩼
ocgequ	䩽
ocgeuu	䩾
ocgebf	䩿
ocgeji	䪂
ocgedy	䪃
ocgehl	䪄
ocgeuu	䪅
ocgeqm	䪈
ocgels	䪊
ocgeyi	䪋
ocgelj	䪍
ocwwnw	䪏
ocwwbi	䪐
ocwwta	䪑
ocwwvu	䪒
ocwwvj	䪓
ocwwfu	䪔
ocwwfu	䪖
ocwwxx	䪗
ocwwui	䪘
ocwwvr	䪙
ocwwfj	䪛
ocwwvj	䪜
ocwwho	䪝
octmjq	䪞
ocjqfj	䪤
ocybgs	䪦
ocybye	䪧
ocybuc	䪨
ocybjb	䪩
ocjxyb	䪪
ocybjk	䪫
ocybbo	䪬
ocybyb	䪭
ocybiu	䪮
ocybyi	䪰
ocjiye	䪱
ocwuye	䪲
ocybye	䪳
ocybye	䪴
ocyaye	䪵
ocqpye	䪶
ocjuye	䪷
ocmbye	䪸
ocpiye	䪹
ocquye	䪺
ocbmye	䪻
ociuye	䪼
ochcye	䪽
ocyevf	䪾
ocxbye	䪿
ocgfye	䫀
ocziye	䫁
ocdoye	䫂
ocifye	䫃
ocdvye	䫄
ocssye	䫅
ocigye	䫆
occfye	䫈
ocviye	䫉
ocfzye	䫊
ocwwye	䫋
ocbwye	䫌
ocfwye	䫍
ocvoye	䫎
ocqiye	䫏
oclbye	䫐
ocqiye	䫑
ochyye	䫒
ocpzye	䫓
ocqiye	䫔
ocdiye	䫕
ocufye	䫖
ocxxye	䫗
ocheye	䫘
ocgoye	䫚
ochzye	䫛
ocyzye	䫜
ocxlye	䫝
ocgcye	䫞
ocyrye	䫟
ocjmye	䫡
ocsiye	䫢
ocxiye	䫣
ocmkye	䫤
ocgvye	䫥
ocheye	䫦
ocgcye	䫧
ocaoye	䫨
occjye	䫩
oculye	䫪
oclzye	䫫
ocgvye	䫭
ocxyye	䫮
ocyiye	䫯
ocyelb	䫰
ocgjye	䫲
ocuuye	䫳
ocjbye	䫴
ocfjye	䫶
oceeye	䫷
ocfgdc	䫸
ocfggs	䫹
ocgsfg	䫺
ocfgri	䫻
ocfggk	䫼
ocfgmc	䫽
ocfgbi	䫾
ocfgvc	䫿
ocfgyz	䬀
ocfgta	䬁
ocfgyt	䬂
ocfgli	䬃
ocfgxu	䬄
ocfgli	䬆
ocdvfg	䬇
ocfgdv	䬈
ocfgii	䬉
ocfgjx	䬊
ocfglk	䬋
ochufg	䬌
ocfghu	䬍
ocfgho	䬎
ocfgpz	䬏
ocfgww	䬐
ocfgww	䬑
ocfgyb	䬓
ocfgyu	䬔
ocfgfg	䬕
ocfghl	䬖
ocyhfg	䬗
ocfggc	䬘
ocfgyc	䬙
ocfgma	䬚
ocfgbi	䬛
ocfgli	䬜
ocfghl	䬝
ocfguz	䬞
ocfglq	䬟
ocyufw	䬠
ocvefw	䬡
ocuidc	䬢
ocuiqi	䬣
ocuiui	䬤
ocyiui	䬥
ocuiuu	䬦
ocuiyr	䬧
ocbuui	䬩
ocuibu	䬪
ocuidi	䬫
ocuiyh	䬬
ocdcui	䬭
ocuiyi	䬮
ocuivj	䬯
ocuivc	䬰
ocuibf	䬱
ocuiju	䬲
ocuibj	䬳
ocuimo	䬴
ocuihd	䬵
ocuigf	䬶
ocuido	䬷
ocuivi	䬹
ocuiyh	䬺
ocuiyr	䬼
ocuidv	䬽
ocuidi	䬾
ocuiww	䬿
ocuixy	䭀
ocveui	䭁
ocuiyi	䭂
ocuinm	䭃
ocuiui	䭄
ocuigu	䭅
ocwoui	䭆
ocuijm	䭈
ocuiyk	䭊
ocuibc	䭋
ochuui	䭌
ocuiye	䭎
ocuibm	䭏
ocuiyh	䭐
ocuijm	䭑
ocuixi	䭒
ocuiqi	䭓
ocuivv	䭔
ocvjui	䭕
ocuiuu	䭖
ocuijk	䭗
ocuijk	䭘
ocuits	䭚
ocuigj	䭛
ocuiln	䭜
ocuihv	䭝
ocuiye	䭟
ocuilm	䭠
ocuink	䭢
ocuiqi	䭣
ocuiqm	䭤
ocuiyh	䭥
ocuibo	䭦
ocuimi	䭧
ocuimi	䭩
ocuill	䭪
ocviuz	䭫
ocuzye	䭭
ocbnuz	䭮
ocxliu	䭯
ocxlfg	䭰
ocxlbi	䭱
ocxlqi	䭲
ocwwxl	䭳
ocmaui	䭴
ocmafj	䭵
ocmaqi	䭶
ocmamc	䭷
ocmafu	䭸
ocmamc	䭹
ocmakh	䭺
ocmaff	䭻
ocmaqi	䭼
ocmanq	䭽
ocmaqr	䭾
ocmaui	䭿
ocmabc	䮀
ocmabm	䮁
ocmaba	䮂
ocmaqu	䮃
ocmaxr	䮄
ocmayt	䮅
ocmayu	䮇
ocmado	䮈
ocmayi	䮊
ocmalp	䮋
ocmaxq	䮌
ocmayi	䮍
ocmaxi	䮎
ocmawu	䮏
ocmajs	䮐
ocmafu	䮒
ocmavo	䮓
ocmaiv	䮔
ocmavo	䮕
ocmaih	䮖
ocmaan	䮗
ocmaer	䮘
ocmaho	䮙
ocmalk	䮚
ocmafu	䮛
ocmaye	䮜
ocmajy	䮝
ocmaiy	䮞
ocmafu	䮠
ocmafu	䮡
ocmash	䮣
ocmahe	䮤
ocmage	䮥
ocmagc	䮦
ocmazd	䮨
ocmagu	䮩
ocmajp	䮪
ocmalz	䮫
ocmamo	䮬
ocmami	䮭
ocmamd	䮮
ocmaao	䮯
ocmadi	䮰
ocmavu	䮱
ocmahl	䮲
ocmafj	䮳
ocmadg	䮴
ocmats	䮵
ocmaji	䮶
ocmauu	䮷
ocmasv	䮹
ocmaqi	䮺
ocmauz	䮻
ocmals	䮾
ocmajm	䮿
ocmanp	䯀
ocmalw	䯁
ocmaan	䯃
ocmago	䯄
ocmanp	䯅
ocguve	䯆
ocguli	䯇
ocguyr	䯈
ocguqm	䯉
ocguke	䯊
ocguba	䯋
ocgulk	䯍
ocguue	䯏
ocgurz	䯐
ocgugl	䯑
ocguxk	䯒
ocgugv	䯓
ocguvd	䯔
ocgutk	䯕
ocgull	䯖
ocguwj	䯘
ocgufu	䯙
ocguwj	䯛
ocguyi	䯜
ocgugo	䯞
ocgusv	䯟
ocguwf	䯠
ocgujm	䯡
ocmagu	䯢
ocgugv	䯣
ocguhv	䯤
ocgump	䯦
ocgcda	䯨
ocgcba	䯩
ocgcye	䯪
ocjkgc	䯫
ocbnyz	䯭
ocbnnd	䯮
ocbnuc	䯯
ocbnjp	䯰
ocbnbu	䯱
ocbnba	䯲
ocbngs	䯳
ocbnuu	䯴
ocbnhv	䯵
ocbnqp	䯶
ocbnrs	䯷
ocbnci	䯸
ocbngc	䯻
ocbndi	䯼
ocbnpz	䯽
ocbnvz	䯾
ocbnzu	䯿
ocbnww	䰀
ocbnlu	䰁
ocbncd	䰂
ocbnbk	䰃
ocbnsi	䰄
ocbnye	䰅
ocbnrz	䰆
ocbnve	䰇
ocbnia	䰈
ocbnbj	䰉
ocbnvr	䰊
ocbnyj	䰋
ocbncs	䰌
ocbngv	䰎
ocbnjp	䰏
ocbnjm	䰐
ocbnxu	䰑
ocbnmg	䰒
ocbnlu	䰕
ocbnzj	䰖
ocgevi	䰙
ocgewf	䰚
ocgewa	䰛
ocgezg	䰝
ocyygv	䰟
ocgvuf	䰠
ocgvui	䰡
ocgvxk	䰢
ocgvwh	䰣
ocdsgv	䰤
ochogv	䰥
ocgvbw	䰦
ocgvhu	䰧
ocgvmw	䰨
ocvegv	䰩
ocjigv	䰪
ocgvyc	䰫
ocgvyi	䰮
ocgvyi	䰯
ocxugv	䰰
oclkgv	䰱
ocyuve	䰲
ocyudk	䰳
ocyuqi	䰴
ocyuzi	䰵
ocyuwh	䰶
ocyufg	䰷
ocyugs	䰸
ocyuge	䰹
ocyujb	䰺
ocyuwf	䰻
ocyujb	䰼
ocyufu	䰽
ocyuba	䰾
ocyuyh	䱀
ocyubf	䱁
ocyuyz	䱂
ocyuui	䱃
ocyugx	䱄
ocyumo	䱅
ocyuyy	䱆
ocyudj	䱇
ocyuui	䱈
ocyuqp	䱉
ocyumi	䱊
ocyugs	䱋
ocyuif	䱌
ocyugf	䱎
ocyudz	䱏
ocyufu	䱐
ocyuve	䱑
ocyuyi	䱒
ocyutk	䱓
ocyuyz	䱔
ocyumw	䱕
ocliyu	䱘
ocyuuu	䱙
ocyulu	䱚
ocyuho	䱛
ocyuxi	䱜
ocyubw	䱝
ocyund	䱞
ocyuju	䱟
ocyuvg	䱢
ocyuzu	䱣
ocviyu	䱥
ocyuvv	䱦
ocyujr	䱧
ocyuci	䱨
ocyuwh	䱩
ocyubn	䱪
occiyu	䱫
ocyuxu	䱬
ocyuhg	䱭
ocyuqi	䱮
ocyuvs	䱰
ocyudi	䱱
ocyutr	䱲
ocyuli	䱳
ocyuhg	䱴
ocyuwg	䱵
ocyulh	䱶
ocyusz	䱸
ocyuia	䱹
ocyuqi	䱺
ocyugu	䱻
ocyuvj	䱼
ocyuch	䱽
ocyulz	䱾
ocyuvj	䱿
ocviyu	䲀
ocyuww	䲁
ocyuxr	䲂
ocyuic	䲃
ocyumb	䲄
ocyugv	䲅
ocyuyu	䲆
ocyusu	䲇
ocyuma	䲈
ocyusi	䲉
ocyusv	䲊
ocyuti	䲋
ocyukr	䲌
ocyugj	䲎
ocyulc	䲏
ocyuyi	䲑
ocyujp	䲒
ocyuqm	䲓
ocyujl	䲔
ocyupu	䲕
ocyuuz	䲖
ocyugr	䲘
ocyujp	䲙
ocyuld	䲚
ocyumg	䲛
ocyuch	䲝
ocyuli	䲞
ocyuyb	䲟
ocyuiy	䲠
ocyuqq	䲡
ocyujq	䲤
ocjqnn	䲥
ocnnda	䲦
octunn	䲧
ocgsnn	䲨
ocuinn	䲩
ocdann	䲪
ocwunn	䲫
ocnnui	䲬
ocuinn	䲭
ocyrnn	䲮
ocjinn	䲯
ocyynn	䲰
ocnnfh	䲱
ocgsnn	䲲
ockhnn	䲳
ochonn	䲴
ocucnn	䲵
ocyrnn	䲶
ocnnmu	䲷
ocjpnn	䲸
ocpinn	䲹
ocgjnn	䲺
ocxrnn	䲻
ocugnn	䲼
ocuinn	䲽
ocqnnn	䲾
ocninn	䲿
ocnnui	䳀
ocnnba	䳁
ocvcnn	䳂
ocnnwj	䳃
occinn	䳄
ocnnvi	䳅
ocbdnn	䳆
ocmunn	䳇
ocnnbc	䳈
ocdsnn	䳉
ocbann	䳊
ocisnn	䳋
ocgsnn	䳍
ocjqnn	䳎
ocgvnn	䳏
occinn	䳐
ocyznn	䳑
ocdknn	䳒
oclcnn	䳓
ocjqnn	䳔
ocfunn	䳕
ocnnwo	䳗
ocnnwo	䳘
ochjnn	䳚
ocyunn	䳜
ocpznn	䳝
ocfgnn	䳞
ocmknn	䳟
ocivnn	䳠
ocvvnn	䳡
ocqinn	䳢
ocbinn	䳤
oclknn	䳥
ocxrnn	䳦
ocnnhz	䳧
ochlnn	䳨
ocycnn	䳩
ocdrnn	䳪
ocgvnn	䳫
ocgenn	䳬
ocjinn	䳭
ocmdnn	䳮
ocvsnn	䳯
ocbcnn	䳰
ocwunn	䳱
ocvfnn	䳲
ocnnxi	䳶
occsnn	䳷
ocmann	䳸
ocnnkz	䳹
ocvjnn	䳻
ocnnqu	䳼
occvnn	䳽
ocdgnn	䳾
ocrjnn	䳿
octsnn	䴀
ocyunn	䴁
ocxlnn	䴂
ocycnn	䴃
ocuynn	䴄
ocbfnn	䴅
oclknn	䴇
ocaonn	䴈
ocyinn	䴊
ocnnmg	䴌
ocyjnn	䴏
ocbcnn	䴐
oclknn	䴒
ocbinn	䴓
ocjnnn	䴔
oclpnn	䴕
ocqknn	䴖
ocsinn	䴘
ocpinn	䴙
oclukh	䴚
ocluxn	䴛
oclugv	䴜
ocluzv	䴝
ocluvd	䴞
oclufj	䴟
ocluyc	䴠
oclumu	䴢
ocluhu	䴣
ocluug	䴤
oclujx	䴥
ocluyj	䴦
ocluww	䴧
ocluyr	䴨
oclupn	䴩
oclulu	䴪
oclulk	䴫
ocmdyi	䴬
ocmdcd	䴭
ocmduj	䴮
ocmdwu	䴯
ocmdge	䴰
ocmdta	䴱
ocmdmo	䴲
ocmdxt	䴳
ocmdvj	䴴
ocmdbk	䴵
ocmdfg	䴶
ocmdwj	䴷
ocmdfu	䴸
ocmdgo	䴹
ocmdpz	䴺
ocmdbw	䴽
ocmdia	䴾
ocmdjl	䵁
ocmddi	䵂
ocmdhl	䵃
ocaomd	䵅
ocmdmg	䵆
ocmawf	䵇
ochzma	䵈
ocmayu	䵉
ocdjhl	䵊
ochlyz	䵋
ochljx	䵌
ochlxl	䵍
ochldr	䵎
ochldj	䵐
ocuurf	䵑
ocuuri	䵒
ocuunq	䵓
ocuuds	䵔
ocuuju	䵕
ocuufu	䵗
ocuuyh	䵘
ocuuyc	䵚
ocuujm	䵛
ocuuns	䵜
ochwve	䵝
ochwdc	䵞
ochwgj	䵟
ochwuc	䵠
octmhw	䵡
ochwww	䵢
ochwdj	䵣
ockdhw	䵤
ochwse	䵥
ocdkhw	䵧
ochwls	䵨
oclihw	䵩
ochwky	䵪
ocwjhw	䵫
ochwda	䵬
ochwve	䵭
ochwyh	䵮
ochwvs	䵯
ochwxi	䵱
ochwzc	䵲
ochwhv	䵳
ochwmm	䵴
ocjumm	䵶
ocgvmm	䵷
ocqqmm	䵸
octudk	䵺
ocdkhv	䵻
ocjldk	䵼
ocguqu	䵽
ocfugu	䵾
ocguvj	䵿
ocguhe	䶀
ocguda	䶁
ocuuuc	䶂
ocuujb	䶃
ocuupk	䶄
ocuuge	䶅
ocuuvv	䶆
ocuuvz	䶇
ocuuvr	䶈
ocuulq	䶉
ocbiiz	䶊
ocbiji	䶋
ocbibc	䶌
ocvibi	䶍
ocbihe	䶎
ocdibi	䶏
ocbihv	䶐
ocqinv	䶒
ocjbqi	䶓
ociiye	䶔
ociiba	䶕
ociijb	䶖
ociike	䶗
ociili	䶘
ociiju	䶙
ociiis	䶚
oclpii	䶛
ociigc	䶜
ociijx	䶝
ociiqi	䶞
ocxmii	䶠
ociize	䶡
ociixm	䶢
ociiqi	䶣
ociigu	䶤
ociize	䶦
ociiyc	䶧
ociiqm	䶨
ociiqi	䶩
ociijp	䶪
ociiyj	䶫
oclswh	䶭
oclstm	䶮
ocnvgv	䶯
ocgvmc	䶰
ocdsgv	䶱
ocrjgv	䶲
oclykh	䶳
ocivly	䶴
oclysi	䶵
ocuhti	䶶
ockzer	䶷
ockzme	䶸
ocklpp	䶹
ocytnw	䶺
ocytyb	䶻
ocyuqm	䶾
ocuier	䶿
ochgve	𠀁
ochgyi	𠀂
ocklhg	𠀃
ocppui	𠀆
ockler	𠀇
ocvhdm	𠀋
occcve	𠀍
ocjkhg	𠀎
octyhg	𠀏
ocvshg	𠀐
ochgxi	𠀒
ocybhg	𠀓
ochudm	𠀕
ocgsdm	𠀖
ocgspp	𠀗
ocwuwu	𠀘
ocernw	𠀛
ochgye	𠀜
ocxxuh	𠀝
ocnmia	𠀠
ochgxm	𠀡
ochgci	𠀢
ochgvz	𠀦
ocbasj	𠀧
ocxxji	𠀨
ocbmve	𠀭
ocbuuc	𠀰
ocbufu	𠀱
ocdkdo	𠀲
ocyixx	𠀳
ociuxx	𠀴
ocyrdm	𠀻
ocbuhv	𠀾
ocxxiv	𠀿
ocuidd	𠁀
ocmcya	𠁁
ocvedk	𠁂
ocbuuu	𠁃
oclyxx	𠁄
ocbuvi	𠁆
ocbuyi	𠁇
ochghl	𠁉
ocbuds	𠁋
ocbuye	𠁌
ocbumw	𠁍
oclmxx	𠁎
ocddxx	𠁑
ocbuvf	𠁒
ocbuyu	𠁓
ocbuva	𠁙
ocxxhv	𠁚
ocbudc	𠁛
ocbkys	𠁜
ocbkxm	𠁝
ocbuhv	𠁞
ocbkjm	𠁟
ocuuve	𠁡
ocuuve	𠁢
ocxtuu	𠁣
ocerkl	𠁤
ocvser	𠁦
ocxivs	𠁨
ocrfvs	𠁪
ocjqxq	𠁫
ocvstd	𠁯
ocirir	𠁷
ocirzu	𠁸
ocvsyu	𠁹
ocirda	𠁺
ocirlw	𠁻
ocverf	𠁽
occcwf	𠂀
ocqqwj	𠂃
ocdjhe	𠂄
ocyswj	𠂅
ocpppp	𠂆
ochgpp	𠂇
ocvepp	𠂈
ocpphg	𠂉
ocppve	𠂊
ocpptu	𠂒
ocppme	𠂓
ocppfu	𠂕
ocfghg	𠂖
ocerxi	𠂗
ocycpp	𠂚
ocppvi	𠂛
ocppvs	𠂝
ocppji	𠂡
ocppkz	𠂤
ocndbm	𠂪
ocbmnd	𠂫
ocppba	𠂬
occind	𠂱
ocppld	𠂲
ocxbnm	𠂺
ocppww	𠂽
ocdvbu	𠂾
ocdvpi	𠃂
ocpdpd	𠃄
ocdvbm	𠃆
ocuuhg	𠃎
ocveve	𠃏
ocyiyi	𠃐
ocuive	𠃒
ocveer	𠃔
ocjqer	𠃕
ocgsve	𠃖
ocyuyi	𠃗
ocjqjq	𠃙
ocjive	𠃚
ocxtuu	𠃛
ocuiuu	𠃜
ocyixn	𠃝
ocnmve	𠃟
ocyiuc	𠃣
ocveww	𠃥
ocyzve	𠃦
ocfwfw	𠃧
ocjqvf	𠃩
ocquve	𠃪
ocyinn	𠃮
ocxqyi	𠃯
ocbove	𠃱
ocvvve	𠃲
ocjqlv	𠃳
ocyuve	𠃴
ocvove	𠃵
ocuzve	𠃶
ocjiyi	𠃷
ocyiuz	𠃺
ocwgve	𠃽
ocruyu	𠄀
ocjqqq	𠄁
ocyeve	𠄅
ocruge	𠄇
ocruvs	𠄉
ocveuu	𠄍
ocveuu	𠄐
ocppcd	𠄒
oclkdk	𠄖
ociger	𠄘
ocuiyu	𠄜
ochghg	𠄞
ochghg	𠄟
ochghg	𠄠
ochgqp	𠄣
octyer	𠄤
ocyuyu	𠄥
ocerji	𠄦
ocbaer	𠄧
octder	𠄩
ociger	𠄪
occier	𠄬
ockvbf	𠄯
ocwudm	𠄲
ocerjp	𠄳
ocyyfu	𠄴
ocrfwu	𠄶
ocjkjm	𠄺
ocwulb	𠄻
ocnjwu	𠄼
ocerpd	𠄽
ocerqu	𠄾
ocerww	𠄿
ocviyy	𠅀
ocwfcs	𠅃
ocwfmu	𠅅
ocqmwh	𠅇
ocwfbk	𠅈
ocxrui	𠅋
ocmowh	𠅍
ocwhui	𠅎
ocuiwh	𠅐
ocwhmo	𠅒
ocwfyi	𠅔
ocdkye	𠅗
ocwfui	𠅚
ocwfli	𠅜
ockhqy	𠅣
ocwfsi	𠅤
ocwfww	𠅥
ocwfmm	𠅦
ocjkyr	𠅮
ocyiyi	𠅯
ocgzye	𠅱
ocwhyr	𠅳
ocwfjl	𠅵
ocwhjr	𠅻
ocwhvi	𠅼
ocwfao	𠆇
ocxlye	𠆓
ocxler	𠆔
octkye	𠆙
ocxldj	𠆞
ocppna	𠆢
ochgrf	𠆣
ocrfuu	𠆤
ocrfpp	𠆥
ocrfrf	𠆧
ocrfln	𠆨
ocrffj	𠆩
ocrfcd	𠆫
ocrfyu	𠆬
ocrfir	𠆯
ocrfgl	𠆲
ocrfuh	𠆳
ocfurf	𠆴
ocrfxi	𠆵
ocrfyb	𠆶
ocjqjp	𠆷
ocrfpu	𠆸
ocvfve	𠆹
ocrfkd	𠆻
ocrfgs	𠆽
ocrflq	𠆾
ocrfwu	𠆿
ocjbyz	𠇀
ocrfyb	𠇁
ocrfhx	𠇃
ocrftm	𠇄
ocrfvi	𠇈
ocrfppna	𠇊
ocrfkd	𠇋
ocyyrf	𠇌
ocrfxn	𠇍
ocrfcc	𠇎
ocrfjb	𠇏
ocrfyu	𠇐
ocrffu	𠇑
ocrfmc	𠇔
ocrfba	𠇕
ocrffj	𠇖
ocrfgx	𠇗
ocrfyt	𠇘
ocrfjx	𠇚
ocrfys	𠇟
ocwwrf	𠇠
ocrfui	𠇣
ocrfyu	𠇤
ocrfrj	𠇦
ocjpjq	𠇧
ocrfmc	𠇩
ocrfbk	𠇮
ocrfqq	𠇯
ocrfui	𠇰
ocrfmo	𠇱
ocrfuu	𠇲
ocrfhh	𠇴
ocrfjs	𠇶
ocrfug	𠇷
ocrfjx	𠇺
ocrfsi	𠇻
ocrfhu	𠇼
ocrfza	𠇽
occcrf	𠇿
ocgskz	𠈂
ocrfif	𠈄
ocrfuz	𠈅
ocrfdv	𠈆
ocrfxb	𠈈
ocrfrs	𠈋
occscs	𠈌
ocrfdo	𠈎
ocherf	𠈏
ocrfye	𠈐
ocrfgl	𠈑
ocrfgf	𠈗
ocrfgv	𠈘
ocrfzd	𠈚
ocrfse	𠈜
ocrfir	𠈞
ocrfyb	𠈟
ocrfnm	𠈠
ocxmrf	𠈣
ocrfgr	𠈪
ocrfjr	𠈫
ocrflc	𠈭
ocrfzu	𠈮
ocrfyj	𠈰
ocrfua	𠈱
ocrflk	𠈳
ocrfsi	𠈴
ocrfls	𠈵
ocrfji	𠈶
ocrftv	𠈸
ocrfda	𠉂
ocrfxp	𠉃
ocrfxb	𠉄
ocrfbi	𠉆
ocrfxk	𠉉
ocrfmh	𠉋
ocrfyr	𠉌
ocrfky	𠉍
ocrffg	𠉏
ocrfhj	𠉐
ocrfxq	𠉑
occsdm	𠉒
ocrflr	𠉗
ocrfig	𠉛
ocrfww	𠉜
ocjbni	𠉞
ocxqqm	𠉟
ocrfvi	𠉠
ocrfbu	𠉡
ocrfhy	𠉣
ocrfda	𠉤
ocrfqu	𠉧
ocrfdu	𠉩
ocrfwh	𠉫
ocrfqr	𠉮
ocrfqi	𠉯
ocrffh	𠉱
ocheba	𠉲
ocrfyu	𠉴
ocrfdk	𠉵
ocrfig	𠉹
ochehx	𠉼
ocvswf	𠉿
ocrfan	𠊀
ocrfyy	𠊁
ocrfjb	𠊄
ocrfmk	𠊈
ochvwu	𠊉
ocrfyj	𠊌
ocrfqi	𠊔
ocrfjm	𠊘
ocrfyi	𠊙
ocrfde	𠊚
ocderf	𠊛
ocddtd	𠊝
ocrfvs	𠊞
ocrfff	𠊠
ocrfql	𠊡
ocrfbk	𠊧
ocrfqt	𠊬
ocrfxm	𠊭
ocrfgo	𠊰
ocrftu	𠊲
ocrfvi	𠊷
ocrfgv	𠊾
ocrfxr	𠊿
ocrfys	𠋀
ocrfjl	𠋄
ocrfbm	𠋅
ocrfqb	𠋆
ocrfyi	𠋈
ocrffw	𠋉
ocrfbg	𠋊
ocrftj	𠋌
ocrfji	𠋎
ocrfyr	𠋏
ocrfyz	𠋔
ocrfjm	𠋖
ocrfww	𠋘
ocxxdc	𠋙
ocrfmn	𠋝
ocrfyu	𠋟
ocrfyr	𠋠
ocrfui	𠋡
ocrfui	𠋤
ocrfmw	𠋥
ocrfmz	𠋦
ocrfhg	𠋧
ocrfhz	𠋫
ocrfyc	𠋯
ocrfxp	𠋱
ocrfso	𠋲
ocrfuj	𠋴
ocrfqm	𠋵
ocrfmk	𠋶
ocrfii	𠋷
ocrfzc	𠋺
ocrflq	𠌃
ocrfvj	𠌄
ocqrmc	𠌆
ocrflh	𠌇
ocldba	𠌊
ocsuxy	𠌋
ocrfcc	𠌓
ocrfxx	𠌘
ocrfss	𠌡
ocsuwj	𠌢
ocrfwu	𠌥
ocrfna	𠌦
ocrfna	𠌧
ocrffw	𠌨
ocrfbi	𠌫
ocrfxi	𠌬
ocrflv	𠌭
ocrfuu	𠌮
ocrfli	𠌯
ocrfji	𠌰
ocrfvj	𠌲
ocrfis	𠌴
ocrfnn	𠌵
ocrfvi	𠌷
ocrfhr	𠌼
ocrfmb	𠍁
ocrfji	𠍃
ocrfmd	𠍅
ocrfli	𠍆
ocrfqm	𠍉
ocrfsu	𠍊
ocrfii	𠍏
oclkhu	𠍐
ocrfwf	𠍒
ocrfly	𠍓
ocrfky	𠍕
ocrfdn	𠍖
ochejq	𠍗
ocddvi	𠍜
ocdsfu	𠍟
ocsuji	𠍠
ocrfpd	𠍣
ocrfbm	𠍥
ocrfxm	𠍦
ocrfma	𠍨
ocbwji	𠍭
ocrfbi	𠍯
ocrfji	𠍱
ocrfqu	𠍲
ocrfyh	𠍵
ocrfji	𠍷
ocrfda	𠍹
ocrfyi	𠍼
ocrfue	𠍽
ocrfgr	𠍿
ocrfhw	𠎁
ocrfdy	𠎄
ocrfxy	𠎅
ocrffa	𠎆
ochevg	𠎈
ocrfyy	𠎉
ocrfsf	𠎊
ocrfwf	𠎋
ochehx	𠎍
ocrfpg	𠎎
ochevs	𠎏
ocrfjk	𠎐
ocrfhx	𠎑
ocrfmf	𠎒
ocrfmb	𠎓
ocrfbf	𠎔
ocldhe	𠎙
ocrfqi	𠎞
ocviyz	𠎟
ocrfjk	𠎠
ocrfql	𠎦
ocrfjp	𠎧
ocrfgw	𠎨
ocrfbw	𠎩
ocrflv	𠎪
ocrfic	𠎫
ocrfdg	𠎬
ocrfsj	𠎭
ocrfjt	𠎮
ocrfth	𠎯
ocyuyu	𠎳
ocrfse	𠎸
ocrfww	𠎺
ocrfdy	𠎻
ocrfpn	𠎼
ocrfjp	𠎿
ocrfgo	𠏀
ocrfww	𠏁
ocrfee	𠏃
ocrfug	𠏄
ocrfku	𠏅
ocrfpu	𠏆
ocvoyu	𠏉
ocrfyu	𠏋
ocrfsu	𠏐
occhtd	𠏓
ocxqyc	𠏕
ocrfuu	𠏙
ocrfyu	𠏚
ocrfkv	𠏠
ocrflk	𠏡
ocrflr	𠏢
occhlk	𠏧
ocrfju	𠏭
ocrfdv	𠏮
ocrfqm	𠏯
ocrfuu	𠏲
ocvssi	𠏳
ocrffg	𠏵
ocrfgx	𠏶
ocrfmi	𠏷
ocrfkv	𠏺
ocrfrv	𠏻
ocrfjx	𠏼
ocrfbi	𠏿
ocrfmg	𠐁
ocldld	𠐇
ocrfjp	𠐉
ocrfuu	𠐊
ocrfuu	𠐍
ocrfmj	𠐎
ocrfcd	𠐐
ocrfyh	𠐒
ocrfyk	𠐓
ocrflu	𠐔
ocrflb	𠐕
ocqmji	𠐖
ocheyj	𠐗
ocrfjm	𠐘
ocyulb	𠐙
ocrfui	𠐝
ocrflw	𠐞
ocrfln	𠐟
ocrfuz	𠐠
ocrfbw	𠐡
ocrfhj	𠐣
ocrfmg	𠐧
ocrfxt	𠐮
ocrflu	𠐳
ocrfho	𠐶
ocyudv	𠐸
ocrfpb	𠐺
ocrfjm	𠐻
ocrflb	𠐼
ocrfgv	𠐽
ocrfhs	𠐿
ocrfdd	𠑀
ocjmqm	𠑁
ocqier	𠑂
ocrflj	𠑈
ocsutv	𠑉
ocsjns	𠑋
ocrfyi	𠑌
occhch	𠑐
ocwwfg	𠑒
ocyhyu	𠑕
ocwwww	𠑖
ocrfdm	𠑘
ocrfis	𠑙
ocyuvd	𠑝
ocrfbm	𠑟
ocrfyi	𠑢
ocrfiz	𠑥
ocrfnp	𠑦
ocrfqr	𠑧
ocrfkj	𠑨
ocrfjt	𠑩
ocrfxn	𠑪
ocrfhs	𠑭
ochvjk	𠑱
ocqmqm	𠑲
ocuher	𠑷
octyer	𠑸
ocwfxs	𠑽
ociuwu	𠒄
ocxber	𠒆
ocyriz	𠒉
ocnner	𠒎
ociyyr	𠒏
ockewj	𠒐
ocxmyr	𠒑
ocxmyb	𠒒
ocyrxi	𠒓
ocyypd	𠒕
ochvyr	𠒖
ocgluf	𠒗
ockejb	𠒙
ockedz	𠒚
ocjxxm	𠒛
ocglbk	𠒝
ockehc	𠒠
ocyrtu	𠒢
ocxmxk	𠒣
ocqler	𠒤
ocglil	𠒥
ocgllv	𠒦
ocjier	𠒧
ocisjk	𠒨
ocisyi	𠒩
ocglgo	𠒪
ocglmk	𠒫
ocglho	𠒬
ockexi	𠒭
ocvcxi	𠒮
ocrzer	𠒯
ocernj	𠒰
ocpier	𠒱
ocbiyy	𠒳
ocgljm	𠒵
ocxmxb	𠒷
ocxigl	𠒸
ocyrgv	𠒺
ocyrpu	𠒻
ocglhl	𠒼
ocmmdu	𠒾
ocgldi	𠒿
ocglyh	𠓁
ocglqt	𠓃
ocmmma	𠓄
ocgllh	𠓇
ockeyu	𠓈
ocgldj	𠓊
ocgllm	𠓌
ockedy	𠓎
ockevj	𠓏
ocglrs	𠓐
ocgllu	𠓑
ocermg	𠓔
ocyrzj	𠓕
ocgllj	𠓖
ocycxi	𠓘
ocruhg	𠓛
ocruru	𠓜
ocruui	𠓝
ocruer	𠓞
ocruqi	𠓟
ocrupu	𠓠
ocruqi	𠓡
ocruuz	𠓢
ocruxb	𠓣
ocrutm	𠓦
ocruhu	𠓧
ocbcru	𠓨
oclwru	𠓩
ocrubk	𠓫
oclbru	𠓬
ocrulb	𠓭
ocrumm	𠓮
ocruks	𠓯
ocrujp	𠓲
ocqrmc	𠓳
ocddru	𠓶
ocruul	𠓷
ocqrly	𠓹
ocwuru	𠓺
ocqrly	𠓻
ocrubw	𠓽
ocbahg	𠔀
ocbaba	𠔁
ocqmve	𠔃
ocqmve	𠔄
ocbaui	𠔅
ocbavs	𠔈
ocbafu	𠔉
ocqqba	𠔊
ocbayz	𠔍
ocffff	𠔑
ocbajq	𠔒
ocyzlq	𠔔
ocbauu	𠔗
ocfugs	𠔘
ocbavi	𠔟
ocffji	𠔠
ocqiff	𠔡
ocffvi	𠔢
ocgsgs	𠔣
ochegs	𠔤
oclkbk	𠔦
ocqiva	𠔫
octmvf	𠔬
ocbacj	𠔭
ocjmfj	𠔮
ocijjm	𠔳
ocqiju	𠔴
ocqiqi	𠔵
ocqivf	𠔶
ocihgs	𠔷
ocjmxm	𠔺
ocklhg	𠔼
ocklkl	𠔽
ocklrf	𠔿
ocklyz	𠕀
ocklcc	𠕁
ocklwh	𠕃
ocmchg	𠕆
ocmcdm	𠕇
ockljk	𠕋
ocklri	𠕌
ockliu	𠕐
ockluv	𠕒
ocrjvj	𠕟
ockldd	𠕡
ocvijs	𠕧
ocjsyu	𠕨
ockldk	𠕪
oczdjm	𠕱
ocbcru	𠕳
ocbcjq	𠕴
ocbcfj	𠕵
ocbcwu	𠕶
ocbcnv	𠕷
ocbcwf	𠕸
ocbctm	𠕹
ocbcgs	𠕺
ocbcyr	𠕻
ocbclq	𠕼
ocbcuv	𠕽
ocbcri	𠕾
ocbchx	𠕿
ocbcui	𠖀
ocbcli	𠖃
ocbcts	𠖄
ocbcyz	𠖅
ocbcyi	𠖊
ocbcif	𠖌
ocbcvo	𠖎
ocbcqi	𠖏
ocybgf	𠖑
ocrspd	𠖒
ocbcsi	𠖓
ocbcvf	𠖕
ocbcma	𠖖
ocbcna	𠖘
ocbcln	𠖛
ocbcpn	𠖟
ocbcie	𠖢
ocbcls	𠖥
ocbcdm	𠖩
ocbkve	𠖬
ocbkln	𠖭
ocbkjq	𠖮
ocbkqi	𠖯
ocbkyi	𠖰
ocbkff	𠖲
ocbkwu	𠖳
ocbkwu	𠖴
ocbkxb	𠖶
ocbkjs	𠖷
ocbkjx	𠖹
ocbkka	𠖺
ocbkmu	𠖻
ocbkva	𠖽
ocbkmo	𠖾
ocbkys	𠖿
ocbkge	𠗂
ocbkyb	𠗃
ocbkdo	𠗄
ocbkxt	𠗅
ocbkhv	𠗇
ocbkqq	𠗈
ocbkjx	𠗉
ocbkjk	𠗊
ocbkrf	𠗋
ocbkke	𠗌
ocbkuf	𠗏
ocbkwu	𠗐
ocbkfu	𠗒
ocbkyr	𠗓
ocbkli	𠗔
ocbkqy	𠗕
ocbkgu	𠗖
ocbkdm	𠗘
ocbkhj	𠗙
ocbkzu	𠗚
ocbkdk	𠗞
ocbktu	𠗟
ocbkmg	𠗠
ocbkcd	𠗡
ocbkly	𠗣
ocbkwh	𠗤
ocbkyb	𠗥
ocbkze	𠗧
ocbkye	𠗨
ocbkai	𠗪
ocbkhr	𠗫
ocbkuf	𠗮
ocbkqr	𠗯
ocbkvf	𠗰
ocbkjm	𠗳
ocbkph	𠗵
ocbkth	𠗶
ocbklh	𠗷
ocbkgs	𠗸
ocbklp	𠗹
ocbkyi	𠗺
ocbkjm	𠗻
ocbkqi	𠗼
ocbkul	𠗾
ocbkcj	𠗿
ocbkbu	𠘁
ocbkds	𠘃
ocbkqb	𠘅
ocbksf	𠘆
ocbkij	𠘈
ocbkjk	𠘉
ocbkns	𠘊
ocbkdk	𠘋
ocbkjl	𠘌
ocbkhv	𠘎
ocbkdj	𠘐
ocbkls	𠘓
ocbkxi	𠘕
ocbkvi	𠘖
ocrihj	𠘗
ocbkle	𠘙
ocbkmo	𠘚
ocbkgl	𠘛
ocbkld	𠘝
ocbkli	𠘟
ocbkjt	𠘣
ocbkyj	𠘥
ocppve	𠘧
ocppve	𠘨
ocbiji	𠘩
ocjijq	𠘪
ocjiyz	𠘫
ocjiji	𠘬
ocsiji	𠘭
ociaji	𠘮
ocjisi	𠘯
ocjiia	𠘰
ocjiuj	𠘱
ocjiuj	𠘳
ocjiqm	𠘴
ocbuji	𠘶
octyji	𠘸
ocfjfj	𠘻
ocjiiu	𠘼
ocjiqu	𠘾
ocwjji	𠙀
ocvgji	𠙁
ocjivi	𠙂
ocjili	𠙅
ocjnji	𠙇
ocjifz	𠙈
ocifji	𠙉
ocdvji	𠙋
ocjiyh	𠙌
ocjiis	𠙍
ocvuji	𠙎
ocfgji	𠙖
ocxkfj	𠙜
ocycji	𠙞
ocxnji	𠙟
ocjiba	𠙣
ocjijp	𠙤
ocqnji	𠙪
ocpifj	𠙮
ocysfj	𠙰
ocveuu	𠙴
ochgkl	𠙵
oclnkl	𠙶
ocuikl	𠙷
ocsikl	𠙸
ocqmkl	𠙺
ocgjkl	𠙻
ockzkl	𠙼
ocuikl	𠙽
ocfgkl	𠙾
octdkl	𠚀
ocfukl	𠚁
ocgskl	𠚅
ocaouu	𠚆
ocbkkl	𠚇
ocuikl	𠚈
ochekl	𠚉
ocbikl	𠚊
ocjikl	𠚌
ociumu	𠚐
ocklwh	𠚖
ocyckl	𠚘
ocycao	𠚜
ocklyc	𠚡
ocloiu	𠚢
ocvepp	𠚣
ocppsi	𠚤
ocdcdc	𠚥
ocdcsi	𠚦
ocerdc	𠚧
ocjqdc	𠚨
ocbudc	𠚩
ocdcdc	𠚪
ocyzdc	𠚫
ocbudc	𠚬
ocucdc	𠚭
ocdcqi	𠚮
ocwudc	𠚯
ocnvdc	𠚰
ocqmdc	𠚲
ocgldc	𠚳
ocirdc	𠚴
ocjidc	𠚵
ocuzdc	𠚶
ocfudc	𠚷
ocgzdc	𠚸
ocuudc	𠚹
ocucdc	𠚺
ocffdc	𠚼
ocvidc	𠚽
ocyadc	𠚾
ocgsdc	𠛀
ocpmdc	𠛁
ocuzdc	𠛃
ocycdc	𠛄
ocqudc	𠛅
ocwudc	𠛆
ocrfda	𠛇
ocfudc	𠛈
ocfgdc	𠛉
ocuidc	𠛊
ocbadc	𠛋
ocybdc	𠛌
ocfhdc	𠛍
ocjudc	𠛎
ocwwdc	𠛐
ocxrdc	𠛑
ocgxdc	𠛒
ocmcdc	𠛓
oczidc	𠛔
ocbwdc	𠛙
ocjkdc	𠛜
ocjkrf	𠛝
ochvdc	𠛟
ocwjdc	𠛠
ocbidc	𠛡
ocvadc	𠛢
ocdjdc	𠛣
ocvjdc	𠛤
ocbkdc	𠛥
oclwdc	𠛨
ocsidc	𠛩
ocvcdc	𠛪
ocdodc	𠛫
ocybdc	𠛭
ocqrdc	𠛮
ochddc	𠛳
ocgfdc	𠛵
ocvsff	𠛸
ocfzdc	𠛺
ocbkdc	𠛼
ocjbdc	𠛾
ocisdc	𠛿
ocyidc	𠜁
ocjqdc	𠜃
ocxtdc	𠜄
ocjndc	𠜅
ocyidc	𠜆
ocyudc	𠜈
ocigdc	𠜉
ocxmdc	𠜎
ocdndc	𠜏
ocdvdc	𠜑
ociedc	𠜒
ocdidc	𠜓
ocxidc	𠜗
ocfudc	𠜙
ocjsdc	𠜛
ockydc	𠜠
oclidc	𠜣
ocgvrf	𠜤
ociedc	𠜥
ochdrf	𠜨
ocdjdc	𠜬
ocmwdc	𠜮
ocgcdc	𠜯
ocbwdc	𠜱
ocyadc	𠜲
ocpgdc	𠜳
ocgodc	𠜴
oclidc	𠜺
ochodc	𠜻
ocqudc	𠜾
ocjrff	𠝂
ocpcdc	𠝇
ocyzxk	𠝊
ocgkdc	𠝍
ocdcmf	𠝎
ochxdc	𠝐
ociidc	𠝓
ocuidc	𠝔
ocdcky	𠝕
ocxidc	𠝖
ocbwdc	𠝘
ocqkdc	𠝜
ocyedc	𠝝
ocykdc	𠝟
ocvsdc	𠝤
ockvdc	𠝥
ocrfua	𠝨
ociydc	𠝩
ocmwdc	𠝫
ocpkdc	𠝭
ocsvdc	𠝮
ocliwu	𠝯
ocwwui	𠝰
ocxldc	𠝲
ocxrdc	𠝳
ocivdc	𠝶
ocnnff	𠝷
ocjpdc	𠝹
ocmzdc	𠝺
ocufdc	𠝻
ocmzdc	𠝼
ocsidc	𠞄
ocwudc	𠞆
ocsudc	𠞉
ociadc	𠞊
ocsudc	𠞓
ocvsrf	𠞕
ocgsdc	𠞖
ocwjdc	𠞚
ocujdc	𠞛
ocycdc	𠞞
ocgcdc	𠞟
ocdcvi	𠞠
ocgudc	𠞡
ocbjdc	𠞢
ocgzdc	𠞣
ocmadc	𠞥
ocjxdc	𠞦
ocmadc	𠞧
oclvdc	𠞩
ocaodc	𠞪
oclzdc	𠞭
oculdc	𠞮
ocxtdc	𠞯
ocicdc	𠞰
ocjbdc	𠞱
occhrf	𠞴
ocdidc	𠞶
ocnndc	𠞸
ocxidc	𠞹
oclplb	𠞺
oclvdc	𠞻
ocdcnn	𠟀
oczgdc	𠟂
oczydc	𠟃
octidc	𠟆
ocbidc	𠟈
ocijdc	𠟉
ocycdc	𠟋
ocpudc	𠟌
octsdc	𠟍
ochedc	𠟒
ocyydc	𠟙
ocdgdc	𠟚
ocjydc	𠟠
ocyjdc	𠟡
ocxydc	𠟢
ocjidc	𠟣
ocujdc	𠟤
ocjmgx	𠟥
ocsedc	𠟦
ocvjdc	𠟧
oclkdc	𠟨
ocsedc	𠟩
ocyedc	𠟪
ocdkdc	𠟭
oczcdc	𠟯
ockudc	𠟶
ocdcyu	𠟹
ocxudc	𠟺
ocicdc	𠟾
ocicdc	𠟿
ocjmdc	𠠀
oczzxt	𠠄
occhdc	𠠈
ocghgf	𠠊
oclidc	𠠍
ocgldc	𠠎
ocwjdc	𠠏
ocuzrf	𠠐
ocjpdc	𠠑
ocmodc	𠠒
ocmddc	𠠔
oclndc	𠠙
ociidc	𠠚
ochodc	𠠛
oclidc	𠠝
oclmdc	𠠟
ocmdrf	𠠠
ocmidc	𠠣
ocfufu	𠠦
ocnpdc	𠠨
oclidc	𠠫
ocijdc	𠠮
oclkdc	𠠱
ocppli	𠠲
ocjqli	𠠳
oclili	𠠴
ocjqli	𠠵
ocqili	𠠶
occdli	𠠸
ocybli	𠠹
ocyrli	𠠺
ocfjli	𠠻
ocwfli	𠠼
ocholi	𠠽
ocliba	𠠾
oclili	𠠿
ocyali	𠡁
ocfuli	𠡂
oclizo	𠡃
ocpili	𠡄
ocxrli	𠡆
octdli	𠡇
ocbdli	𠡈
ocguli	𠡉
ocjsli	𠡋
ocugli	𠡍
ocdjli	𠡎
ocugli	𠡏
ocjxqn	𠡐
ocdvli	𠡒
ocanli	𠡓
oclqli	𠡖
ocifli	𠡗
oclizd	𠡘
oclipu	𠡙
ocgfli	𠡚
ocybli	𠡛
ocisli	𠡜
ocqqli	𠡟
ocldli	𠡠
ocggli	𠡣
oclqli	𠡤
oclibk	𠡥
oclbli	𠡧
ocwwli	𠡨
oclili	𠡩
ocdmli	𠡪
oclili	𠡫
ocjxli	𠡬
oclkli	𠡭
ocpgli	𠡮
ocuili	𠡯
ocquli	𠡰
ocmmli	𠡳
ocwuli	𠡵
ocqrli	𠡶
ocuili	𠡸
ocuzli	𠡼
ocyhli	𠢃
ochdli	𠢆
ocjqgs	𠢈
ocgzli	𠢉
ocliyr	𠢋
ociyuc	𠢌
ocqmli	𠢍
ocjqnj	𠢎
ocbmhh	𠢏
ocruli	𠢑
ocmoli	𠢓
ocquli	𠢔
ocaoli	𠢕
ocdili	𠢗
ociili	𠢙
ocjrli	𠢚
ocmjli	𠢝
ocvivu	𠢞
ocvuvi	𠢟
ocjili	𠢠
ocdali	𠢡
ocrzyz	𠢢
oclpdm	𠢣
ocjtli	𠢤
ocfwli	𠢥
ocvzqr	𠢧
ocycli	𠢩
ocbili	𠢪
ocwuli	𠢬
ocjtli	𠢭
ocjbli	𠢱
ocjpli	𠢲
ocseli	𠢳
ocjbli	𠢵
ocicli	𠢶
ocglli	𠢹
ocbili	𠢽
ocjmli	𠣂
ocxtli	𠣅
ocxumm	𠣉
ocbcui	𠣌
ocbcgj	𠣍
ocbcyc	𠣎
ocbcvi	𠣏
ocbcyr	𠣑
ocbcrf	𠣒
ocbcyy	𠣓
octowu	𠣔
ocbcvu	𠣕
ocbcxr	𠣖
ocbcqu	𠣗
ocbcvz	𠣘
ocbcgf	𠣙
ocgzmu	𠣛
ocbcis	𠣜
ocdjyy	𠣝
ocbcie	𠣞
ocbcqy	𠣟
ocuuuc	𠣩
ocjuju	𠣪
ocvcju	𠣫
ocxyxi	𠣬
ocbcpz	𠣭
ocbcmn	𠣯
ocbcve	𠣰
ocvouc	𠣳
ocbcfu	𠣴
ocbcvr	𠣵
ocbcbp	𠣶
ocgzuc	𠣷
ocbcji	𠣹
ocndbc	𠣼
ocbcgj	𠣽
ocbcfu	𠣾
ocwuve	𠤆
ocbcqs	𠤊
ocbcis	𠤋
ocwuvu	𠤌
ocppve	𠤎
ocbiui	𠤏
ocbiwu	𠤐
ocbiui	𠤑
ocdcta	𠤓
ocbigj	𠤔
ocbiui	𠤕
ocbiyi	𠤘
ocvijb	𠤚
ocuhbi	𠤠
ocbwqq	𠤢
ocbivf	𠤤
ocbiti	𠤧
ocveve	𠤬
ocklrf	𠤭
ockljb	𠤮
ocklbu	𠤯
ocklgs	𠤰
ocklfu	𠤱
ocklty	𠤲
ocklgu	𠤳
ocklvi	𠤴
ocklug	𠤵
ocklfz	𠤸
ocklqr	𠤹
ocklmi	𠤻
ocklyz	𠤼
ocklyb	𠤾
ocklhj	𠤿
ocklfz	𠥀
ocripi	𠥄
ocklyj	𠥇
ocklkj	𠥈
ocklbw	𠥉
ocklqi	𠥊
ocklbo	𠥋
ocklbi	𠥌
ocklaa	𠥍
ocklww	𠥎
ocklfu	𠥏
ocklch	𠥐
ockltn	𠥑
ocklyc	𠥒
ocklkl	𠥓
ocklhe	𠥕
ockldd	𠥖
ocklzy	𠥙
ocklxp	𠥜
ocklzd	𠥠
ocklwu	𠥢
ocklyi	𠥦
ocklis	𠥨
ockldc	𠥭
ocklnw	𠥮
ocklui	𠥯
ocklmc	𠥰
ockliu	𠥱
ocklgl	𠥳
ocklyj	𠥵
ocklhu	𠥶
ocqufj	𠥷
ocquwu	𠥹
ocququ	𠥺
occchg	𠥻
ocuiui	𠥼
ocmuhg	𠥽
ocjqui	𠥾
oceeui	𠥿
ocuhui	𠦀
ocqmqm	𠦅
ocriui	𠦆
ocjkui	𠦈
ocuijb	𠦉
ocyyui	𠦊
ocuhqm	𠦋
occccc	𠦌
ocuics	𠦏
occcfg	𠦒
ocmpui	𠦓
ocuikz	𠦗
ocgsui	𠦘
ocnmnm	𠦜
ocuizc	𠦝
ocbwqm	𠦞
ocfjui	𠦦
ocxkui	𠦧
ocuimw	𠦩
ochvbf	𠦪
ocyubf	𠦮
ocbjgf	𠦯
ocvoug	𠦲
ocyjqm	𠦳
ocvobm	𠦷
ocuivu	𠦹
ocbjlk	𠦻
ocuihv	𠦽
ocigug	𠦿
ocuidh	𠧁
ocuijk	𠧂
ocfubw	𠧃
ocvohj	𠧄
ocgobw	𠧅
ocgudj	𠧈
ocgudj	𠧉
ocuger	𠧌
ocxuug	𠧍
ocburf	𠧓
ocuhwf	𠧔
ocuhui	𠧕
ocuhxx	𠧗
ocvcbu	𠧙
ocvjrf	𠧚
ocuhii	𠧛
ocvcbu	𠧞
ocluve	𠧟
ocluve	𠧤
ocvjwf	𠧧
ocgebu	𠧨
ocmwbu	𠧩
ocjybu	𠧬
ocdapu	𠧭
ocwwbu	𠧮
ocvjbi	𠧸
ocnjwd	𠨃
oclujs	𠨄
ocgzwd	𠨊
ocjqer	𠨍
oceeee	𠨎
ocyzer	𠨏
ocbier	𠨐
ocwher	𠨑
ocbier	𠨒
ocerer	𠨖
ocbier	𠨘
ocxier	𠨚
ocwher	𠨛
ocwwwu	𠨜
ocjqji	𠨞
ocjijq	𠨠
ocvlmc	𠨡
ocwwqy	𠨢
ocmcya	𠨣
ocwwyc	𠨪
ocihbi	𠨬
ocihzi	𠨯
ocihye	𠨱
occcih	𠨲
ociher	𠨳
ocihjp	𠨴
ocihfg	𠨵
ocihfu	𠨶
ocihfj	𠨹
ocihwu	𠨺
ocihuu	𠨻
ocihww	𠨼
ocihbi	𠨽
ocihuz	𠨾
ocihui	𠨿
ocihds	𠩁
ocihqu	𠩂
ociuih	𠩃
ocihwa	𠩅
ocihci	𠩆
ocihvu	𠩈
ocihiu	𠩉
ocihvi	𠩊
ocihni	𠩋
ocihif	𠩐
ocihvc	𠩓
ocihmi	𠩕
ocihjx	𠩘
ocihwo	𠩙
ocihyz	𠩚
ocihzo	𠩜
ocihfh	𠩝
ocihbw	𠩠
ocihbo	𠩡
ocihtk	𠩢
oczexs	𠩣
ocihig	𠩥
ocihnu	𠩨
ocihci	𠩪
ociher	𠩫
ocihld	𠩬
ocihxl	𠩭
ocihbw	𠩲
ocihlb	𠩵
ocihdm	𠩷
ocihui	𠩸
ocihdr	𠩻
ocihqq	𠩾
ocihbm	𠪂
ocihmw	𠪃
ocihmn	𠪄
ocihxx	𠪅
ocihfg	𠪆
ocihsz	𠪇
ocihia	𠪉
ocihjm	𠪊
ocihlq	𠪐
ocihgj	𠪚
ocihdm	𠪝
ocihtu	𠪡
ocihqb	𠪢
ocihsj	𠪣
ocyruv	𠪥
ocihhw	𠪩
ocihpi	𠪮
ocihqb	𠪲
ocihiu	𠪴
ocihyy	𠪷
ocihye	𠪸
ocihbi	𠫀
ocihlu	𠫂
octdhz	𠫅
ochztd	𠫆
ocihdm	𠫉
ocihtk	𠫊
ocihsu	𠫋
oclizu	𠫏
ochgsi	𠫓
ochgsi	𠫔
ocyisi	𠫕
ocsive	𠫖
ocjisi	𠫗
ocsiui	𠫘
ocyyuu	𠫝
ocsimu	𠫡
ocfgsi	𠫢
ocsinw	𠫣
ociags	𠫤
ocsibk	𠫧
oclwqn	𠫫
oclwrf	𠫯
oclwsj	𠫰
ocquji	𠫳
ocquuc	𠫴
ocsili	𠫶
ocsjsj	𠫽
ocqudo	𠫾
ocqufu	𠬃
ocqujk	𠬇
ocqubw	𠬈
ocquvg	𠬉
ocbkqy	𠬌
ocqymm	𠬍
oclwqi	𠬎
ocmzwh	𠬏
ocqugu	𠬒
oclwdk	𠬔
ocgsyi	𠬗
occjll	𠬙
ocjqyz	𠬚
ocdcyz	𠬛
ocjqyz	𠬞
ocyzsi	𠬟
ocbayz	𠬠
occcyz	𠬢
ocjbyz	𠬥
ocjlyz	𠬧
oceryz	𠬨
ocvxyz	𠬪
ocbaji	𠬬
ocyzyz	𠬭
ocffyz	𠬰
oclkyz	𠬱
ocyzsi	𠬹
oculcc	𠬺
ocyzlw	𠬽
ocrokz	𠭀
ocbwyz	𠭁
ocyzxn	𠭂
ocifyz	𠭃
ocuuyz	𠭄
ocyzvg	𠭅
ocmuyz	𠭇
ocvoee	𠭋
ocyuyz	𠭍
ocyzqi	𠭑
ocihyz	𠭒
ocdvfj	𠭔
ocrokz	𠭞
octryz	𠭣
oclvfj	𠭤
ocbasz	𠭦
ocrogs	𠭨
ocyzji	𠭫
ocyzwu	𠭬
ocvoiu	𠭴
ocueyz	𠭷
ocpiyz	𠮃
ocvodv	𠮄
oculbd	𠮆
ocdequ	𠮊
ocvoyc	𠮐
ocjuyz	𠮑
ocvhvo	𠮒
ocyzli	𠮔
ockzyi	𠮙
ockzdm	𠮚
ochgkz	𠮛
ockzve	𠮜
ockzuu	𠮝
ocyikz	𠮞
ockzqi	𠮟
ockzbc	𠮠
ockzer	𠮡
ocyzkz	𠮢
ociakz	𠮣
ocdckz	𠮥
ocbakz	𠮦
ockzdc	𠮧
ockznd	𠮨
ockzln	𠮩
ocwjkz	𠮫
ockzwj	𠮬
ockzuc	𠮭
ocppyz	𠮮
ocjikz	𠮯
ockzir	𠮰
ockzkv	𠮱
ockzkv	𠮲
ocuhkz	𠮳
ocxxkz	𠮴
ockzuh	𠮵
ockzge	𠮶
octukz	𠮷
ockzcd	𠮹
ockzjq	𠮻
ockzcc	𠮽
ockzwu	𠮾
ockzuj	𠮿
ockzir	𠯀
ockzzi	𠯂
ockzrf	𠯄
ockzyi	𠯅
ockznv	𠯆
ockzji	𠯇
ockzda	𠯈
ocvchg	𠯉
ockzyu	𠯊
ockzxi	𠯋
ociayz	𠯌
ockzji	𠯎
ockzqi	𠯏
ockzri	𠯐
ocuikz	𠯑
ochxkz	𠯒
ocjbkz	𠯓
ockzpi	𠯔
ockzpi	𠯕
ockzhu	𠯖
ockzfj	𠯘
ocuigu	𠯛
ockzgz	𠯜
ockzhu	𠯞
ockzjm	𠯟
ockzww	𠯠
ockzsa	𠯢
ockzvi	𠯣
ockzjk	𠯤
ockzqp	𠯦
ocffkz	𠯨
ockzva	𠯩
ockzdd	𠯪
ockzge	𠯫
ockzzz	𠯬
ockzri	𠯭
ockzpm	𠯯
ockzuf	𠯰
ockzyt	𠯲
ocwukz	𠯳
ockzbm	𠯴
ockztk	𠯸
ockzrg	𠯹
ockzhr	𠯻
ockzdk	𠯼
ockzvi	𠯽
ockziz	𠯾
ockzlq	𠯿
ockzgd	𠰁
ockzyr	𠰂
ockzrf	𠰃
ockzyu	𠰄
ockzuz	𠰅
ockzhs	𠰈
ockzvc	𠰉
ockzpi	𠰊
ockzqq	𠰋
ockzmo	𠰌
ockzvu	𠰍
ockzfj	𠰏
ockzpo	𠰐
ockzhe	𠰓
ocmukz	𠰔
ociukz	𠰕
ockzmb	𠰘
ockzkj	𠰙
ocujgu	𠰛
ockzhu	𠰜
ocsikz	𠰝
ocrflv	𠰞
ockzju	𠰠
ockzbj	𠰢
ocbikz	𠰣
ocqmyz	𠰥
ocyskz	𠰦
ockzyu	𠰧
ockzys	𠰩
ockzvg	𠰪
ociykz	𠰫
ockzyz	𠰬
ockzmc	𠰭
ockzug	𠰮
ockzcs	𠰯
ocddkz	𠰰
ockzjp	𠰱
ockzuu	𠰲
ockzbk	𠰳
ockzui	𠰴
ochgjy	𠰶
ockzlu	𠰷
ockzdd	𠰺
ockzwd	𠰻
ockzfu	𠰼
ockzig	𠰿
ockzpi	𠱀
ockztu	𠱂
ockzao	𠱃
ockzmb	𠱄
ockzug	𠱅
ockzyy	𠱆
ockzxt	𠱇
ockzui	𠱈
ockzvf	𠱉
ockzui	𠱊
ockzyz	𠱋
ockzfj	𠱍
ockzwu	𠱐
ocvukz	𠱒
ockzww	𠱓
ockzuz	𠱔
ockzxb	𠱖
ockzni	𠱘
ocdcjs	𠱛
ockzcy	𠱜
ockzza	𠱞
ockzhj	𠱢
ockzlw	𠱤
ockzhv	𠱥
ocwutd	𠱩
ockzqr	𠱴
ockzyu	𠱶
ockzmk	𠱷
ockzif	𠱸
ockzto	𠱹
ockzig	𠱺
ockzzd	𠱻
ockzkc	𠱼
ockzzd	𠱽
ockzsi	𠱾
oclikz	𠲀
ockzyb	𠲃
ockzse	𠲅
ockzrf	𠲉
ockzci	𠲋
ockzuu	𠲌
ockzdq	𠲍
ockzfa	𠲎
ockzrf	𠲏
ockzjl	𠲓
ockzyi	𠲔
ockzvl	𠲕
ockzyi	𠲖
ocyhkz	𠲘
ockzma	𠲚
ockzhv	𠲛
ockzvg	𠲜
ockzkh	𠲞
ockzjm	𠲟
ockzuz	𠲠
ockzhc	𠲡
ockzdn	𠲢
ockzxt	𠲣
ockzru	𠲤
ockzli	𠲥
ockzrs	𠲦
ockzui	𠲧
ockzii	𠲨
oclqgu	𠲩
ocycqm	𠲭
ockzjk	𠲮
ocmwkz	𠲯
ockzjy	𠲰
ocfgge	𠲱
ockzuf	𠲳
ockztz	𠲴
ockzjp	𠲵
ockzmm	𠲶
ockznj	𠲸
ockzji	𠲹
ockzji	𠲺
ocyikz	𠲻
ockzjq	𠲼
ockzfu	𠲽
ockzuu	𠲿
ockzys	𠳀
ockzky	𠳁
ockzgs	𠳃
ocwukz	𠳄
ocbmkz	𠳅
octkkz	𠳇
ockequ	𠳊
ocquke	𠳌
ockzsi	𠳎
ockzie	𠳏
ockzbh	𠳐
ockzbi	𠳓
ockzqu	𠳔
ockzic	𠳕
ockzke	𠳗
ockzyz	𠳘
octddd	𠳙
ockzgd	𠳚
ockzfz	𠳝
ockzqt	𠳞
ockzir	𠳡
ociibi	𠳢
ockzbu	𠳤
ockzmw	𠳨
ocguys	𠳫
ocgugu	𠳬
ockzke	𠳭
ocyzjs	𠳮
ochchc	𠳯
ockzlu	𠳱
ockzdd	𠳳
ockztu	𠳶
ockzil	𠳹
ockzlb	𠳺
ockzss	𠳼
ockzhj	𠳾
ockzww	𠳿
ockznu	𠴂
ockztv	𠴆
ockzbk	𠴇
ockzhs	𠴈
ockzrr	𠴉
ockzlv	𠴊
ockzpc	𠴋
ockzlk	𠴌
ockzrf	𠴍
ockzwo	𠴎
ockzmh	𠴏
ockznq	𠴐
ockzlk	𠴒
ockzdi	𠴓
ockzig	𠴔
ockzmn	𠴕
ockzww	𠴖
ockzdu	𠴗
ockzcy	𠴘
ockzba	𠴙
ockzzo	𠴚
ockzqs	𠴛
ockzji	𠴜
ockzwh	𠴝
ockzbj	𠴞
ockzmi	𠴟
ockzug	𠴢
octuxb	𠴤
ockzuf	𠴥
ocjuvu	𠴦
ockzro	𠴧
ockzgr	𠴨
ockzqi	𠴩
ockzuu	𠴫
ockzyi	𠴭
ockzff	𠴮
ockzjq	𠴰
ockzgu	𠴱
ockzda	𠴲
ockzyc	𠴳
ockzvz	𠴵
ocbokz	𠴸
ockzqi	𠴹
ockzdc	𠴼
ocpbui	𠵀
ocvzkz	𠵁
oclbkz	𠵂
ockzhx	𠵅
ockzdj	𠵆
ockzqi	𠵇
ockzmw	𠵈
ockzhh	𠵉
ocyhgu	𠵊
ockzyi	𠵌
ocxikz	𠵍
ockzgu	𠵎
ockzqp	𠵐
ockzbk	𠵔
ockzlu	𠵕
ochcgl	𠵗
ockzmf	𠵘
ockzlk	𠵙
ockzan	𠵚
ocpbqn	𠵛
ockzwh	𠵜
ockzya	𠵝
ocgcwu	𠵞
ockzva	𠵣
ocwuwu	𠵥
ocwuwu	𠵦
ockzde	𠵨
ockzgo	𠵩
ockzah	𠵫
ocpbyz	𠵬
ockzgx	𠵯
ockzyi	𠵱
ochzke	𠵲
ockzmk	𠵴
ochebj	𠵵
ockzmi	𠵸
ockzgh	𠵹
ockzzs	𠵻
ockzmg	𠵼
ockzfa	𠵽
ockzhx	𠵾
ockzpi	𠵿
ockzwj	𠶃
ockzvc	𠶅
ocdnys	𠶇
ockzue	𠶈
ockzpk	𠶉
ockzpo	𠶊
ockzjp	𠶋
ockzjb	𠶌
ockzvf	𠶍
ockzbi	𠶎
ockzbk	𠶏
ockzyk	𠶐
ockzbn	𠶓
ockzgk	𠶔
ockzvc	𠶕
ockzwh	𠶖
ockzvi	𠶗
ockelp	𠶘
ockzjk	𠶛
ockzvi	𠶜
ockzui	𠶝
ockzxk	𠶞
ockzya	𠶟
ockzvi	𠶠
ockzyz	𠶢
ockzmw	𠶣
ockzuh	𠶤
ockzqs	𠶥
ockzmn	𠶦
ockzdm	𠶧
ockzvi	𠶨
ocjigu	𠶮
ockzvo	𠶯
ockege	𠶱
ocqige	𠶶
ockzqt	𠶸
ockzke	𠶾
ockzqm	𠷁
ockzdd	𠷂
ockzvo	𠷅
ockzui	𠷇
ockzlv	𠷈
ockzjx	𠷉
ockzbm	𠷊
ockzhz	𠷋
ockzze	𠷌
ocwjgo	𠷏
ockzhg	𠷐
ockzfg	𠷕
ocyjkz	𠷗
ockzui	𠷚
oczoju	𠷜
oclrgu	𠷞
ockzjp	𠷟
ocbdhe	𠷡
ockzsv	𠷣
ockzbc	𠷤
ockztk	𠷥
ockzmm	𠷦
ockzbm	𠷨
ockzjl	𠷩
ockzjm	𠷬
ockzdu	𠷮
ockzmw	𠷯
ockzmm	𠷰
ockzhz	𠷴
ockzvz	𠷵
ockzxl	𠷹
ockzbo	𠷺
ocufcy	𠷻
ockzzf	𠷿
ockzpd	𠸁
ockztu	𠸂
ockzyk	𠸄
occiji	𠸆
ockzda	𠸊
ockzku	𠸋
ockzsv	𠸌
ockzmw	𠸍
ockzqo	𠸏
ockzjb	𠸐
ockzxt	𠸑
ockzbc	𠸒
ockzko	𠸓
ockzyb	𠸕
ockzlk	𠸖
ociugu	𠸗
ockzsu	𠸘
ocguns	𠸙
ockzgz	𠸚
ocmkxm	𠸛
ocxmmk	𠸜
ockzbw	𠸟
ockzfu	𠸢
ockzhs	𠸣
ockzdd	𠸤
ockzji	𠸥
ockzkj	𠸦
ockzke	𠸧
ockzli	𠸨
ockzvf	𠸩
ockzlo	𠸪
ockzzz	𠸫
ockzqb	𠸬
ocuikz	𠸭
ockzlz	𠸳
ockuwh	𠸶
ockzfu	𠸷
ockziy	𠸸
ockzyu	𠸹
ockzni	𠸺
ockzjm	𠸻
ockzsy	𠹀
ockzci	𠹂
ockzah	𠹃
ockzgs	𠹅
ockzdj	𠹆
ockzcc	𠹊
ockzji	𠹋
ockzng	𠹌
ockzrs	𠹍
ockzzc	𠹏
ockznp	𠹑
ockzgs	𠹒
ockzth	𠹔
ockzbc	𠹕
ockzvj	𠹖
ockzve	𠹗
ockzqp	𠹙
ockzyr	𠹚
ockzqi	𠹛
ocpbvi	𠹜
ocyikz	𠹩
ocpzju	𠹪
ocgoyr	𠹬
ockzge	𠹭
ockzbi	𠹯
ockzbm	𠹰
ockzqu	𠹱
ockzve	𠹲
ockzjp	𠹳
ockzjy	𠹴
ockzyj	𠹵
ockzpg	𠹶
ockzee	𠹷
ockzqb	𠹸
ockzly	𠹹
ockzmd	𠹺
ockzvf	𠹻
ockzzd	𠹼
ocuzvc	𠹾
ockzro	𠺁
ocvfkz	𠺃
ockzlp	𠺅
ockztc	𠺆
ockzrs	𠺊
ockzqt	𠺋
ockzgv	𠺌
ocmakz	𠺎
ockzii	𠺏
ockzxi	𠺒
ockzvc	𠺓
ockzlq	𠺕
ockzmi	𠺗
ockzlh	𠺘
ockztv	𠺙
ockzbj	𠺚
ockzge	𠺝
ockzku	𠺟
ockzjx	𠺢
ockzbo	𠺣
ocvcuz	𠺥
ockzjp	𠺦
ockztn	𠺧
ocerxb	𠺨
ockzlq	𠺩
ockzqi	𠺪
ockzln	𠺫
ockzqi	𠺬
ockzfg	𠺭
ockzui	𠺮
ocyrwh	𠺯
ockzig	𠺰
ockzks	𠺱
ockzvf	𠺲
ockzna	𠺶
ockzvu	𠺷
ockzjb	𠺸
ockzyi	𠺹
ockzgv	𠺺
ockzji	𠺻
ocmiqm	𠺼
ockzua	𠺽
ockzvu	𠺾
ockzyr	𠺿
ockztu	𠻀
ocqlsi	𠻁
ockzxr	𠻃
ockzhl	𠻄
ockzbm	𠻅
ockzvf	𠻆
ocddyi	𠻇
ockzyj	𠻈
ockzui	𠻉
ockzxi	𠻊
ockzlo	𠻐
ockzhe	𠻓
ocpbug	𠻖
ockzli	𠻗
ockzqt	𠻘
ocmokz	𠻚
ockzzc	𠻛
ockzlv	𠻜
ocpbvf	𠻝
ockzkh	𠻞
ockzlk	𠻠
ockzyu	𠻢
ockzsu	𠻣
ockzyb	𠻤
ockzic	𠻥
ockzjb	𠻨
ockzdj	𠻪
ockztu	𠻬
ocldhv	𠻮
ockzlk	𠻱
ockzue	𠻲
ockzii	𠻳
ockzlh	𠻴
ockzmh	𠻵
ockzxm	𠻷
ockztm	𠻹
ockzbi	𠻻
ockzmw	𠻽
ockzwh	𠻾
ockzij	𠻿
ockzvh	𠼀
ockzif	𠼂
ocvjkz	𠼃
ockzwf	𠼋
ockzzo	𠼏
ockzli	𠼐
ocgcgc	𠼑
ockzbf	𠼒
ockzih	𠼔
ockzpd	𠼕
ockzlj	𠼖
ockzvj	𠼗
ockzul	𠼙
ockzbd	𠼚
ockzli	𠼝
ocheya	𠼞
ockzql	𠼢
ockzjm	𠼤
ockzmj	𠼦
ockzly	𠼩
ockzyi	𠼪
ockzuh	𠼬
ockzww	𠼮
ockzxu	𠼯
ockzgg	𠼰
ockzlw	𠼱
ockzdv	𠼲
ockzqm	𠼳
ockzqk	𠼴
ockztk	𠼵
octdzd	𠼷
ockzyj	𠼸
ockzdj	𠼺
ockzji	𠼻
ockzmi	𠼽
ockzis	𠼾
ockzou	𠽀
ockziu	𠽁
ockzdj	𠽂
ockzvi	𠽃
ockztj	𠽄
ockzis	𠽅
ockzne	𠽆
ockzqm	𠽈
ockzuf	𠽉
ockzmb	𠽊
ockzni	𠽋
ockzxt	𠽌
ockzyb	𠽍
ockzya	𠽎
ockzxm	𠽏
ockzyu	𠽐
ockzii	𠽑
ockzdk	𠽒
ockzuu	𠽔
ockzjp	𠽕
ockzvu	𠽖
ockzyj	𠽗
ocwwxl	𠽘
ockzjx	𠽙
ockevs	𠽚
ockzyb	𠽛
ockzhy	𠽞
ockzdr	𠽠
ockzhv	𠽡
ockzbo	𠽢
ockzji	𠽤
ockzbi	𠽩
ockzer	𠽬
ockzti	𠽮
ockzdi	𠽯
ockzqn	𠽶
ockzve	𠽻
ockzpu	𠽾
ockzgu	𠽿
ockziu	𠾇
ockzqi	𠾍
ockzsj	𠾎
ockzue	𠾏
ockzls	𠾐
ockzya	𠾒
ockzvc	𠾓
ockzuv	𠾔
ockzdv	𠾕
ockzfu	𠾙
ockzfw	𠾚
ockzhl	𠾛
ockzff	𠾞
ockzdg	𠾡
ockzsf	𠾣
ocsfkz	𠾤
ocgelk	𠾥
ockzbw	𠾦
ockzqm	𠾨
ockzxu	𠾫
ockzqb	𠾬
ockzww	𠾭
ockzti	𠾱
ockzyt	𠾲
ockzbh	𠾴
ockzjk	𠾶
ockzbc	𠾷
ockzic	𠾸
octyzu	𠾹
ockzuj	𠾺
ockzvj	𠾻
ockzjt	𠾼
ockzui	𠾾
ockzxl	𠾿
ockzuc	𠿀
ockzqi	𠿁
ockzia	𠿂
ockzmw	𠿃
ockzyu	𠿄
ockzjp	𠿇
ockziz	𠿈
ockzyt	𠿋
ockzdm	𠿍
ockzjm	𠿏
ockzgj	𠿑
ockzxp	𠿒
ocqnkh	𠿕
ockzse	𠿗
ockzjy	𠿘
ockzbc	𠿙
ockzye	𠿚
ockziu	𠿝
ockzdj	𠿞
ockzji	𠿠
ockzxm	𠿢
ockzgu	𠿤
ockzgj	𠿨
ockzrv	𠿩
ockzjx	𠿪
ockzua	𠿬
ockzhx	𠿭
ockzyb	𠿮
ockzww	𠿯
ockzdc	𠿱
ocuzdj	𠿲
ockzlm	𠿳
ockznc	𠿷
ockzee	𠿸
ockzzh	𠿺
ocqnyr	𠿻
ockzua	𠿼
ockzyi	𠿿
ockzse	𡀁
ockzlw	𡀂
ockzvf	𡀃
ockzhu	𡀄
ocxibu	𡀆
ockzds	𡀇
ockzyu	𡀍
ockzww	𡀎
ockzlu	𡀔
ockzbo	𡀖
ockzui	𡀗
ockzku	𡀙
ocsosi	𡀚
ockzji	𡀞
ockzsv	𡀟
ockzbw	𡀠
ockzni	𡀡
ockzss	𡀢
ockzqb	𡀣
ockzpa	𡀥
ockzwf	𡀦
ockzlo	𡀩
ocvcpd	𡀪
ockzsv	𡀬
ockzjq	𡀭
ockznn	𡀮
ockzcr	𡀯
ockzcv	𡀰
ockzhc	𡀱
ockzgd	𡀲
ockzqy	𡀳
ockzkx	𡀵
ockzyr	𡀶
ockzdy	𡀷
ocgcyh	𡀻
ockzlv	𡀿
ochdpu	𡁁
ockzui	𡁃
ockzio	𡁇
ocmavs	𡁉
ochdqm	𡁍
ockzyu	𡁎
ockzmg	𡁏
ockzjk	𡁔
ocdjcc	𡁘
ockzkd	𡁙
ockzhj	𡁚
ockznf	𡁛
ockzho	𡁜
ockzqn	𡁞
ockzbb	𡁟
ockzer	𡁠
ockzge	𡁤
ockzzh	𡁧
ocdvkz	𡁨
ocyrug	𡁩
ockzyb	𡁬
ocmifw	𡁭
ockzwo	𡁮
ockzdo	𡁯
ockzxi	𡁱
ocdjba	𡁳
ockztr	𡁴
ockzjb	𡁵
ockzjp	𡁶
ockzyz	𡁹
ockzgy	𡁺
ockzvc	𡁻
ockzpn	𡁼
ockzuo	𡁾
ockzgc	𡂀
ockzts	𡂁
ockzyu	𡂂
ockzhy	𡂃
ockzlq	𡂆
ockzpu	𡂈
ockzui	𡂉
ocifuc	𡂌
ockzlv	𡂎
ockzvi	𡂒
ockzui	𡂓
ockzln	𡂕
ockzwj	𡂖
ockzii	𡂙
ockzmd	𡂝
oczcbc	𡂟
ockzcd	𡂠
ockzuu	𡂡
ockzxn	𡂢
ockzve	𡂪
ockzpg	𡂫
ocjyjb	𡂬
ockzou	𡂮
oclblh	𡂯
ockzlb	𡂰
ockzdg	𡂱
ockzlw	𡂳
ockzlm	𡂴
ockzyk	𡂵
ockzkr	𡂷
ockzyh	𡂺
ockzqk	𡂻
ockzma	𡂼
ockztg	𡂾
ockzou	𡂿
ockzyi	𡃀
ockzll	𡃁
ockzji	𡃃
ockzyk	𡃅
ockzbi	𡃇
ockzjx	𡃉
ockzji	𡃊
oclyyr	𡃋
ockzjm	𡃍
ockzfj	𡃎
ockzdo	𡃏
ockzqk	𡃑
ockzpu	𡃒
ockzbo	𡃓
ockzln	𡃔
ockzqs	𡃕
ockzlv	𡃖
ockzmo	𡃗
ockztj	𡃘
ockzmp	𡃙
ockzly	𡃝
ockzzj	𡃞
oclskz	𡃡
ockzji	𡃢
ocuzge	𡃣
ockzld	𡃤
ocgezi	𡃭
octhyh	𡃯
ockzxk	𡃳
ockzsv	𡃴
ockzys	𡃵
ockzxi	𡃶
occinn	𡃸
ockzvj	𡃹
ockzqn	𡃼
ockzru	𡃽
ockzma	𡄃
ockzcj	𡄄
ockzxt	𡄆
ockzdu	𡄍
ockzjb	𡄎
ockzhj	𡄏
ockzjm	𡄓
ockzug	𡄔
ockzyk	𡄖
ockzxx	𡄟
ocmker	𡄠
ockzmi	𡄣
ockzhd	𡄤
ockzlm	𡄥
ockzlb	𡄦
ockzjl	𡄧
ockzsv	𡄪
ockzqm	𡄫
ochehy	𡄬
ockzss	𡄭
ockzyi	𡄯
ocujzu	𡄰
ockzcu	𡄱
ocruuz	𡄲
ockzsa	𡄳
octiye	𡄶
ocyizi	𡄻
ockzxp	𡄽
ockzjb	𡄾
octkdj	𡅄
ockzee	𡅅
ockzch	𡅆
ockzjm	𡅉
ockzrc	𡅍
ockzli	𡅏
oclkuj	𡅐
ockzrc	𡅒
ocxixi	𡅕
ocmkyh	𡅖
ockzla	𡅘
ockzyy	𡅙
ockzug	𡅠
oceege	𡅡
ockzjb	𡅢
ockzxn	𡅣
ocxijb	𡅤
ockzdm	𡅥
ockznj	𡅧
ockzyj	𡅩
ockzyr	𡅪
ockzjn	𡅫
ockzhk	𡅬
ockzgr	𡅭
ockzwf	𡅯
ockzqr	𡅳
ockzui	𡅵
ockzqm	𡅶
ockzyi	𡅷
ocxijb	𡅸
ockzbm	𡅼
ockzhs	𡆀
ockziy	𡆂
ocujuj	𡆃
ockzlo	𡆆
ockzho	𡆇
ocvcdh	𡆊
ockzjn	𡆌
ocdjdj	𡆎
ocxnke	𡆔
ockzlm	𡆕
ockzvj	𡆖
ockzxm	𡆘
ockzij	𡆙
ockzqu	𡆚
ocklyi	𡆠
ocklna	𡆡
ocklia	𡆢
ocklru	𡆣
ockler	𡆤
ocklbu	𡆥
ocklba	𡆦
ocklxn	𡆧
ocklyc	𡆩
ocklcc	𡆪
ockljb	𡆫
ocklgs	𡆬
ocklwj	𡆭
ocklui	𡆮
ockluj	𡆯
ockluj	𡆱
ocklwh	𡆲
ocklsi	𡆳
ockliz	𡆴
ocklwu	𡆶
ocklgd	𡆸
ocklyu	𡆹
ockluz	𡆺
ocklug	𡆼
ocklxi	𡆽
ocklgs	𡆾
ocklui	𡆿
ockluu	𡇀
ocklho	𡇂
ocklba	𡇃
ocklul	𡇄
ocklfh	𡇅
ocklff	𡇇
ocklui	𡇈
ocklbu	𡇊
ockluv	𡇋
ocklmu	𡇌
ockltm	𡇍
ocklxr	𡇎
ocklbf	𡇐
ocklkz	𡇑
ocklmi	𡇒
ocklvi	𡇓
ocklif	𡇖
ockldo	𡇘
ockldo	𡇙
ocklbd	𡇚
ocklue	𡇜
ocklzi	𡇝
ocklhe	𡇞
ocbagu	𡇤
ocklbk	𡇥
ockldz	𡇧
ocklnj	𡇨
ocklgc	𡇪
ocklys	𡇮
ockluu	𡇯
ocklru	𡇲
ocklmk	𡇳
ockldh	𡇵
ocklgk	𡇸
ockltu	𡇹
ocklzu	𡇻
ocklhe	𡇼
ocklci	𡇿
ocklya	𡈀
ocklhl	𡈁
ocklbn	𡈂
ocgujp	𡈅
ocklvs	𡈈
ocklro	𡈉
ocklma	𡈊
ocklwu	𡈎
ocklqi	𡈏
ocklvf	𡈓
ockljr	𡈕
ocklmo	𡈗
ocklnn	𡈙
ocklyr	𡈛
ocklpn	𡈜
ocklyj	𡈟
ocklvh	𡈠
ocklvs	𡈡
ocbayr	𡈤
ocklvu	𡈥
ocklyc	𡈦
ocklts	𡈩
ocklcr	𡈬
ocklyu	𡈭
ocbuyr	𡈯
ocklyu	𡈰
ocklhr	𡈵
ocyrly	𡈺
ockllm	𡈻
ocpptu	𡈼
octudm	𡈽
ocvetu	𡈾
octuui	𡈿
ocbatu	𡉀
octund	𡉁
oclitu	𡉂
octuih	𡉃
ocuitu	𡉄
octukl	𡉅
octukl	𡉆
octurf	𡉇
ocuzwh	𡉈
octuvh	𡉋
octujq	𡉌
octugs	𡉎
octuyi	𡉏
ocgstu	𡉐
octuda	𡉑
octunv	𡉓
ocrftu	𡉔
octuwj	𡉕
octugs	𡉖
octuzi	𡉗
ocfgtu	𡉘
ocjitu	𡉙
octuqi	𡉛
ocqitu	𡉝
octugs	𡉞
ocpjtu	𡉟
octuwh	𡉠
ocmutu	𡉣
ocbutu	𡉤
octuvs	𡉥
octuwu	𡉦
octuug	𡉧
octuqi	𡉨
octuqr	𡉩
octuya	𡉪
octytu	𡉫
octuri	𡉭
octunq	𡉯
ocxstu	𡉰
ocyytu	𡉲
octuhu	𡉴
ocbatu	𡉷
ocpptu	𡉹
octuuv	𡉺
ocugtu	𡉼
octulq	𡉽
octuxb	𡉾
octumu	𡉿
octutd	𡊀
octumc	𡊁
ocmctu	𡊂
ocfjtu	𡊃
ocbmtu	𡊅
octuui	𡊆
octumo	𡊉
octukz	𡊊
ocgvyz	𡊋
octuuu	𡊍
ocmctu	𡊎
octukl	𡊐
octuer	𡊑
octuui	𡊔
octubf	𡊖
octujx	𡊗
octjtu	𡊙
octubd	𡊚
octuqu	𡊛
octugu	𡊜
ocwatu	𡊝
ocpktu	𡊞
octumu	𡊟
octujx	𡊠
octuyz	𡊡
octuce	𡊢
ocqqtu	𡊣
octuys	𡊤
octuju	𡊦
octumc	𡊧
octuxr	𡊨
octuyu	𡊩
ocbitu	𡊭
octubm	𡊯
octutm	𡊰
octuvc	𡊱
octuvu	𡊲
octuug	𡊳
ocnitu	𡊴
ocuitu	𡊵
octuyb	𡊶
octurs	𡊸
ocxitu	𡊹
ochjtu	𡊺
octulp	𡊻
ocgstu	𡊼
octuis	𡊿
octuli	𡋀
octunm	𡋂
octulw	𡋃
octuqr	𡋄
ocantu	𡋅
ocxitu	𡋆
ocuutu	𡋊
ocgstu	𡋍
octulc	𡋎
octuxt	𡋒
octusi	𡋔
octuxy	𡋕
ocjmtu	𡋖
octuhv	𡋗
ocybtu	𡋘
octuhv	𡋙
ocjmtu	𡋚
ochetu	𡋛
octujn	𡋟
ocquyi	𡋡
octugv	𡋣
octujb	𡋤
octuji	𡋥
octubd	𡋦
ocyutu	𡋬
octubo	𡋯
octuns	𡋱
ocbjtu	𡋴
ocuatu	𡋷
octutk	𡋺
ocwutu	𡋻
octuke	𡋼
octuii	𡋽
ocbptu	𡋾
octulv	𡋿
octubp	𡌀
ocfftu	𡌂
octugc	𡌃
octuie	𡌄
ocfutu	𡌅
ocyutu	𡌆
octuna	𡌈
octuxn	𡌉
ocqqtu	𡌊
octuqq	𡌋
ocugtu	𡌍
ocyjtu	𡌎
octuuf	𡌏
ocxktu	𡌑
octuxn	𡌔
octuyu	𡌘
octuzo	𡌚
octuju	𡌟
octudi	𡌠
octudi	𡌡
octuhj	𡌢
ocgvqr	𡌤
ocfwtu	𡌦
octuyu	𡌧
octuda	𡌩
ocdoug	𡌪
ocuetu	𡌫
ocvotu	𡌭
ocxptu	𡌯
ocnitu	𡌰
ocgvju	𡌲
ochotu	𡌳
ocvitu	𡌴
occctu	𡌵
octubk	𡌶
octubi	𡌸
octugg	𡌻
ocfhtu	𡌼
octudm	𡌽
octujk	𡌿
octufh	𡍀
ocvitu	𡍁
ocbuzo	𡍂
ocfutu	𡍃
octuju	𡍄
octuff	𡍆
octubo	𡍈
octubw	𡍉
octubf	𡍋
octuvo	𡍎
octudi	𡍓
octulu	𡍖
octuvi	𡍘
octulb	𡍚
octumf	𡍜
octurv	𡍝
octutm	𡍞
octugu	𡍢
octubm	𡍣
octuid	𡍥
octujy	𡍦
octubo	𡍧
octudu	𡍨
octuze	𡍫
ochftu	𡍭
octuda	𡍲
ocjytu	𡍵
ocvitu	𡍶
octuhg	𡍷
ocpbtu	𡍸
octubd	𡍹
octuwg	𡍻
octutu	𡍼
ocqmtu	𡍽
ochutu	𡎁
octutj	𡎅
octudy	𡎆
octufg	𡎈
ocvetu	𡎉
ocfjtu	𡎊
octuhz	𡎋
octuqr	𡎏
ocluji	𡎐
octuyj	𡎑
ochotu	𡎒
octuwu	𡎔
octuyr	𡎖
octuyk	𡎘
octubm	𡎚
octupf	𡎛
octunj	𡎜
octugv	𡎝
octuvf	𡎞
octuxl	𡎟
octuyk	𡎠
octumz	𡎡
oczowd	𡎢
octuvc	𡎣
octumw	𡎤
ocwdzo	𡎥
oczowd	𡎦
oczoqp	𡎬
octuts	𡎭
octuxp	𡎮
ocgctu	𡎲
ocrotu	𡎳
octugs	𡎴
ocujtu	𡎶
ocvutu	𡎺
octuzo	𡎻
octuhv	𡏁
oczutu	𡏄
oclhtu	𡏅
octuyh	𡏆
octuvg	𡏈
octuyj	𡏉
octujm	𡏊
ocputu	𡏋
octuru	𡏌
ocqbtu	𡏑
ocgftu	𡏒
octuhe	𡏖
octuxx	𡏘
octusi	𡏚
octuxi	𡏛
oclkwu	𡏜
octujp	𡏝
octugz	𡏞
octuyc	𡏟
octuxs	𡏠
octuma	𡏢
octuiz	𡏣
octuni	𡏤
octuve	𡏥
octuia	𡏦
octubw	𡏧
ocdvzo	𡏩
oclqtu	𡏬
octuxn	𡏭
octuic	𡏮
octubd	𡏯
octulw	𡏱
octuji	𡏲
ociitu	𡏴
oclktu	𡏹
octuao	𡏼
octuxi	𡏽
octuji	𡏾
octubu	𡏿
octuxt	𡐅
octudj	𡐆
octuly	𡐇
octucc	𡐋
octuvu	𡐌
octuhc	𡐒
octukh	𡐓
octuyb	𡐔
octujm	𡐖
octuhu	𡐗
octude	𡐙
octuyu	𡐚
octuvj	𡐛
ocbitu	𡐞
ocdygv	𡐠
octudd	𡐡
octufu	𡐣
octujp	𡐤
octusv	𡐦
octupu	𡐭
octuww	𡐮
octuxx	𡐯
ocivbk	𡐱
ochltu	𡐳
octupg	𡐶
ociutu	𡐷
octujk	𡐹
octutc	𡐺
octuvi	𡐻
octuti	𡐾
ocvftu	𡑁
octuvh	𡑄
octull	𡑆
ocivdv	𡑈
octufu	𡑉
octurj	𡑋
octulc	𡑍
octuxy	𡑎
octhtu	𡑑
octugj	𡑒
octusf	𡑓
octudv	𡑖
octujn	𡑛
octulb	𡑝
octusv	𡑞
octugo	𡑟
octuye	𡑢
octuku	𡑣
octuyb	𡑨
octunn	𡑩
octuge	𡑪
octuhv	𡑭
octuse	𡑮
octuqm	𡑯
octuyr	𡑰
octuqy	𡑱
octujb	𡑲
octudm	𡑴
octuyu	𡑾
octuye	𡑿
octuhv	𡒂
ocaotu	𡒃
oczhtu	𡒉
ocyutu	𡒊
octuqm	𡒌
ocjutu	𡒍
octuvd	𡒔
ocgdtu	𡒖
ocmjtu	𡒗
octuch	𡒝
octuzh	𡒤
oczhuh	𡒥
octubb	𡒨
oczoyi	𡒪
octugz	𡒫
octuji	𡒬
octuln	𡒭
octumg	𡒯
ocditu	𡒱
octukr	𡒵
octuyh	𡒶
octupm	𡒺
octuvi	𡒻
octudg	𡓂
octulw	𡓃
octupg	𡓄
octuyb	𡓅
oclizo	𡓆
octulu	𡓇
octuji	𡓈
octufw	𡓊
ocdvww	𡓋
octuww	𡓎
octulb	𡓏
octuee	𡓐
octuld	𡓒
ocycig	𡓖
ocsvtu	𡓗
octuho	𡓘
octudu	𡓞
octuvg	𡓟
octuco	𡓠
octuyk	𡓡
ocyjzo	𡓢
octuvj	𡓥
ocdhtu	𡓪
octuyk	𡓫
ocmitu	𡓭
ocwwzo	𡓮
octuvs	𡓯
octunp	𡓳
octuff	𡓴
ocsvtu	𡓷
octuxy	𡓽
octuli	𡓾
octunj	𡔃
oclstu	𡔆
oclwtu	𡔇
octuli	𡔉
octuxm	𡔎
octulj	𡔑
octubm	𡔖
ocdcui	𡔛
ocuiui	𡔜
ocwhrf	𡔞
ocjiir	𡔠
ocuiwu	𡔣
ocjidj	𡔤
ocjigs	𡔦
ocjirs	𡔧
ocjrrf	𡔨
ocuifw	𡔭
ocjiji	𡔯
ockezz	𡔿
ocuijk	𡕁
ochush	𡕏
ocuzvz	𡕐
ocuzpg	𡕑
ocndwf	𡕔
ocwfzi	𡕕
ocwfnq	𡕘
ocwfyt	𡕙
ocwfjm	𡕚
ocwjwf	𡕞
octuwf	𡕟
ocwuwf	𡕠
ocmpwf	𡕢
ociywf	𡕤
ocmuwf	𡕥
ockhqy	𡕧
ocqykh	𡕬
ocqulk	𡕮
ocxxxi	𡕵
ocjuwf	𡖁
ocxibi	𡖅
ocjixi	𡖆
ocxixi	𡖇
ocxier	𡖉
ocxiji	𡖊
ocxiho	𡖋
ocxivs	𡖌
ocdoli	𡖎
ocwjyu	𡖏
ocdoye	𡖐
ocdouc	𡖑
ocdoyy	𡖒
ocdoyb	𡖓
ocxiji	𡖖
ocdowf	𡖙
ocmkjk	𡖚
ocxijs	𡖛
ocdogz	𡖜
ocdorj	𡖝
ocdovj	𡖞
ocdota	𡖟
ocdozo	𡖠
ocvjxi	𡖡
ocdotd	𡖤
ocwdnj	𡖦
ocdovi	𡖧
ocdoan	𡖨
ocdozd	𡖪
ocdovz	𡖫
ocdoxm	𡖬
ocdokx	𡖮
ocdouu	𡖯
ocxibj	𡖱
ocdoto	𡖲
ocjxdo	𡖳
ocyevj	𡖵
ocmoxi	𡖶
ocmkye	𡖺
ocdovi	𡖻
ocbkdo	𡖼
ocdoqi	𡖾
ocdogo	𡖿
ocvedo	𡗀
ocdohz	𡗁
ociado	𡗂
ocjmdo	𡗄
ocximi	𡗅
oclzdo	𡗆
ocycdo	𡗉
ocdoyc	𡗊
ocdoys	𡗌
ocyhdo	𡗍
ocdozj	𡗎
ocyjdo	𡗏
ocmgju	𡗐
ocdahg	𡗓
ocdauu	𡗔
ocdaba	𡗕
ocklda	𡗖
ocsjrf	𡗗
octmuu	𡗘
octmve	𡗙
ochgnw	𡗚
ocbcda	𡗛
ocdaba	𡗜
ocdags	𡗝
ocycda	𡗞
ocdage	𡗟
ocdacc	𡗡
ocdanq	𡗢
octmdk	𡗣
ocdaty	𡗥
ocdajp	𡗦
ocdawu	𡗧
ocdahu	𡗨
ochoda	𡗩
ocbida	𡗬
ocvxda	𡗮
ocffda	𡗯
ocdazz	𡗱
ocdajb	𡗲
ocgsda	𡗳
ocdadz	𡗴
ocdayb	𡗵
octmuh	𡗶
ocdagx	𡗷
ocdava	𡗸
ocdabm	𡗹
ocbcgr	𡗺
ocfuda	𡗻
ocdaci	𡗼
ocnmjp	𡗾
ocsatm	𡗿
ockeda	𡘀
ocdamb	𡘃
ocdaqq	𡘄
ocdayu	𡘇
ocfuda	𡘉
ocdayz	𡘊
occida	𡘌
ocdagf	𡘍
ocdahc	𡘏
ocjqda	𡘑
octdtm	𡘒
ociyvi	𡘕
ocdais	𡘗
ocdayi	𡘚
ocdauu	𡘝
ocifda	𡘡
ociida	𡘥
ocdabu	𡘧
ocjqda	𡘩
ocdauf	𡘪
ocdazo	𡘫
ocveda	𡘭
ocmoui	𡘮
oclbda	𡘯
ocdadz	𡘰
ocdall	𡘳
ocdabi	𡘴
ocdaih	𡘷
octmuu	𡘸
oclbda	𡘽
ocvlda	𡘾
ocuipd	𡘿
ocjrqq	𡙅
ocivgk	𡙇
ocdakj	𡙍
ocdayj	𡙓
ocdakv	𡙔
octugk	𡙖
ocdapb	𡙗
ocdahl	𡙙
oczida	𡙛
ocdavi	𡙜
ocgcda	𡙡
ocffda	𡙢
ocdaxx	𡙣
ocyimh	𡙧
ocyijx	𡙩
ocdauz	𡙬
ocgvda	𡙭
ocuuda	𡙰
octvda	𡙱
ocjkda	𡙴
ocdayj	𡙵
ocdaji	𡙸
ocbida	𡚁
ocdyda	𡚃
ocputm	𡚈
octmdc	𡚑
ocdald	𡚚
ocdaqu	𡚝
ocdoho	𡚞
ocdanj	𡚟
ocdajt	𡚠
ocsuda	𡚡
ocdasu	𡚢
ochrch	𡚥
ocnvdm	𡚦
ocnvbi	𡚧
ocnvbi	𡚨
ocyznv	𡚩
ocjqnv	𡚪
ocnvji	𡚫
ocernv	𡚬
ocnvba	𡚭
ocjqnv	𡚮
ocnvkv	𡚯
ocjqnv	𡚰
ocnvsi	𡚱
ocnvwu	𡚲
ocnvtu	𡚳
ocujnv	𡚴
ocnvxi	𡚵
ocucnv	𡚷
ocnvme	𡚸
ocnvvh	𡚹
ocnvwj	𡚺
ocnvda	𡚻
ocnvui	𡚼
ociznv	𡚽
ocnvuu	𡚾
ocnvxb	𡚿
ocnvyz	𡛀
ocnvwu	𡛁
ocnvyb	𡛂
ocnvdd	𡛃
ocnvii	𡛄
ocnvyb	𡛅
ocnvwf	𡛇
ocnvug	𡛈
ocrfnv	𡛉
ocnvuz	𡛊
octmnv	𡛌
ocyynv	𡛍
ocnvge	𡛏
ocffnv	𡛑
oculnv	𡛒
ocnvdj	𡛓
ocnvgd	𡛔
ocnvtd	𡛕
ocnvee	𡛖
ocbinv	𡛗
ocnvpi	𡛘
ocnvyz	𡛙
ocnvhu	𡛚
ocnviu	𡛛
ocnvdi	𡛜
ocddnv	𡛝
ocnvbm	𡛞
ocnvyt	𡛟
ocnvqu	𡛠
ocnvpi	𡛡
ocbjnv	𡛤
ocnvta	𡛥
ocnvbk	𡛦
ocnvvf	𡛧
ocnvka	𡛨
ocnvli	𡛩
ocnvpi	𡛫
ocpinv	𡛬
ocnvui	𡛭
ocnvyz	𡛮
ocnvfu	𡛯
ocnvvi	𡛰
ocnvdd	𡛲
ocnvbd	𡛳
ocnvii	𡛴
ocvgnv	𡛵
ocnvui	𡛶
ocmcnv	𡛺
ocnvys	𡛻
ocnvyu	𡛼
ocyznv	𡛽
ocnvys	𡛾
ocnvzo	𡛿
ocnvgx	𡜁
ocwunv	𡜂
ocnvyi	𡜄
ocnvxk	𡜇
ocnvza	𡜉
ocnvfz	𡜊
ocnvhl	𡜋
ocnvzi	𡜍
ocnvuu	𡜐
ocnvcy	𡜒
ocnvvi	𡜖
ocnver	𡜚
octsnv	𡜝
ocrfnv	𡜟
ocnvjl	𡜠
ocnvdi	𡜤
ocnvdv	𡜥
ochvnv	𡜦
ocnvxb	𡜧
ocnvxq	𡜨
ocjinv	𡜩
ocnvyi	𡜬
ocybnv	𡜭
ocnvji	𡜱
ocnvgc	𡜲
ocnvyz	𡜳
ocnvfu	𡜵
ocjsnv	𡜸
ocxpnv	𡜹
ocnvxk	𡜺
ocnvss	𡜻
ocnvhv	𡜼
ocxnnv	𡜽
ocnvxu	𡜾
ocnvmu	𡜿
ocnvie	𡝀
ocuunv	𡝁
ocnvvl	𡝂
ocnvbu	𡝃
ocnvjs	𡝆
ocnvve	𡝊
ocifnv	𡝌
ocnvui	𡝍
ochjnv	𡝎
ocnvyu	𡝐
ocjpnv	𡝔
ocnvrf	𡝖
ocnvjy	𡝗
ocnvig	𡝚
ocwhnv	𡝝
ocfwnv	𡝞
ocminv	𡝠
ocnvli	𡝢
ocuhnv	𡝣
ocnvru	𡝦
ocvinv	𡝧
ochynv	𡝪
ocvjnv	𡝫
ocnvbc	𡝬
ocnvyi	𡝮
ocnvli	𡝯
ocnvla	𡝰
ocnvff	𡝱
ocnvhu	𡝲
ocnvvi	𡝳
ocnvyr	𡝴
ocnvzu	𡝵
ocfhnv	𡝶
octhan	𡝷
ocqlnv	𡝸
ocnvmg	𡝹
ocnvmw	𡝺
ocnvya	𡝿
ocnvuh	𡞀
ocnvqm	𡞁
ocnvue	𡞆
ocnvpg	𡞇
ocnvhe	𡞈
ocnvcj	𡞋
ocnvmm	𡞎
ocnvnd	𡞏
ocvznv	𡞒
ocnvbw	𡞕
ocnvdi	𡞖
ocnvfg	𡞗
ocnvqp	𡞘
ocnvmh	𡞙
ocnvkf	𡞚
ocqqnv	𡞜
ocnvuz	𡞝
ocnvug	𡞞
ocpjnv	𡞟
ochonv	𡞠
ocnvkw	𡞢
ocxmnv	𡞣
ocyrnv	𡞩
ocnvfu	𡞪
ocnvnd	𡞫
ocnvku	𡞯
ocnvzi	𡞰
ocnvlz	𡞱
ocnvgv	𡞳
ocnvpk	𡞴
ocnvhr	𡞵
ocnvvg	𡞷
ocnvci	𡞸
ocnvjm	𡞹
ocnvux	𡞾
ocnvlk	𡟀
ocnvgu	𡟁
ocnvyr	𡟃
ocnvyu	𡟄
ocnvyt	𡟅
ocnvpf	𡟆
ocnvtr	𡟇
ocnvdy	𡟈
ocnvqq	𡟊
ocnvge	𡟍
ocnvsv	𡟎
ocnvhz	𡟑
ocnvai	𡟓
ocnvzi	𡟔
ocuinv	𡟕
ocjmda	𡟗
ocnvxk	𡟙
ocnvyk	𡟚
ocnvpk	𡟛
ocnvjl	𡟜
ocnvsv	𡟝
ocnvxq	𡟞
ocnvyu	𡟥
ocujnv	𡟨
ocnvxp	𡟩
ocnvui	𡟪
ocnvgs	𡟫
ocnven	𡟯
ocnvyr	𡟰
ocnvxy	𡟱
ocnvhd	𡟲
ocnvvv	𡟴
ocnvge	𡟵
ocnvgc	𡟷
ocnvwg	𡟸
ocnvvi	𡟹
ocnvxx	𡟺
ocnvyb	𡟻
ocnvtk	𡟾
ocjlwu	𡟿
ocnvgc	𡠀
ocnvzc	𡠁
ocnvjb	𡠂
ocnvwu	𡠄
ocnvtn	𡠊
ocuinv	𡠋
ocwuyc	𡠍
ocnvsh	𡠏
ocvinv	𡠗
ocnvts	𡠙
ocnvbi	𡠚
ocnvhr	𡠛
ocmonv	𡠜
ocxmnv	𡠝
ocnvfu	𡠞
ocnvuu	𡠟
ocnvth	𡠠
ocnvji	𡠣
ocnvql	𡠤
ocqlnv	𡠥
ocnvdi	𡠨
ocnvjm	𡠩
ocnvmj	𡠪
ocnvmw	𡠫
ocnvue	𡠬
ocnvxt	𡠭
ocnvky	𡠰
ocnvly	𡠱
ocnvbi	𡠳
ocnvyu	𡠵
ocnvdn	𡠶
ocninv	𡠷
ocnvdd	𡠹
ocnvzc	𡠻
ociinv	𡠼
ocnvqi	𡠽
ocnvxn	𡠿
ocnvjr	𡡀
ocnvxi	𡡁
ocnvyh	𡡂
ocnvnn	𡡅
ocnvyj	𡡆
ocnvgd	𡡇
ocnvbg	𡡈
ocmanv	𡡉
ocnvic	𡡊
ocfhzu	𡡍
ocucnv	𡡏
ocnvzg	𡡑
ocnvsi	𡡒
ocnvzv	𡡔
ocjtnv	𡡕
ocsvnv	𡡙
ocnvug	𡡛
ocnvpu	𡡝
ocnvuy	𡡞
ocnvjk	𡡡
ocnvth	𡡢
ocnvju	𡡣
ocnvji	𡡤
ocnvqu	𡡥
ocnvdv	𡡦
ocnvvi	𡡧
ocnvfu	𡡩
ocnvdy	𡡬
ocjlyz	𡡭
ocnvlc	𡡯
ocnvqb	𡡱
ocnvic	𡡲
ocnvya	𡡳
ocnvwj	𡡶
ocnvlk	𡡷
ocnvbi	𡡹
ocnvmn	𡡺
ocnvxy	𡢀
ocnvjm	𡢃
ocnvmb	𡢄
ocnvyy	𡢅
ocnvee	𡢇
octhnv	𡢈
oclzhz	𡢐
ochvnv	𡢕
ocnvmm	𡢘
ocnviu	𡢟
ocnvyu	𡢢
ocnvgo	𡢤
ocnvug	𡢨
ocnvye	𡢬
ocnvpn	𡢱
ocnvgj	𡢳
ocnvhv	𡢶
ocjmnj	𡢹
ocnvvd	𡢻
ocnvpu	𡢼
ocnvlw	𡢽
ocnvjb	𡢾
ocnvns	𡢿
ocnvni	𡣄
ocnvwu	𡣆
ocnvuu	𡣈
ocwwww	𡣉
ocpncy	𡣋
ocnvkv	𡣓
ocnvih	𡣖
ocnvjx	𡣗
ocnvqi	𡣙
ocnvkr	𡣚
ocnvuo	𡣛
ocnvcv	𡣝
ocnvju	𡣞
ocnvwf	𡣟
ocvsww	𡣢
oclknj	𡣤
ocmjnv	𡣩
ocnvui	𡣪
ocnvmo	𡣫
ocnvlv	𡣭
ocnvcd	𡣮
ocnvln	𡣲
ocnvfu	𡣷
ocnvhv	𡣺
ocnvlm	𡣻
ocnvxn	𡣾
ocnvqb	𡤅
ocyjnv	𡤈
ocnvpb	𡤉
ocrfve	𡤊
ocnvli	𡤌
ocwwyr	𡤍
ocnvxt	𡤏
ocnvsd	𡤐
ocnvql	𡤑
ocnvju	𡤒
ocuimd	𡤓
ocmdui	𡤔
ocnvxx	𡤕
ocnvnp	𡤙
ocnvvr	𡤛
ocyizi	𡤜
ocnvee	𡤝
ocnvgv	𡤞
ochclw	𡤟
ocnvli	𡤠
ocnvgr	𡤡
ocnvlo	𡤢
ocnvyi	𡤦
ocnvbc	𡤧
ocnvyj	𡤩
ocnvjt	𡤬
ocnvdh	𡤭
ocnvlw	𡤯
ocnvyk	𡤰
ocnvlj	𡤱
ocnvji	𡤴
ocnvyi	𡤵
ocnvwj	𡤶
ocnvqm	𡤷
ocnvyj	𡤸
ocnvlr	𡤻
oclnhg	𡤼
oczihg	𡤽
oczier	𡤾
oczirf	𡤿
ocziba	𡥀
oczidc	𡥁
ocuizi	𡥂
oczinv	𡥃
oczikz	𡥄
ocuzzi	𡥅
ocizzi	𡥆
ocyczi	𡥈
oczimc	𡥊
ocziri	𡥌
occizi	𡥎
ocziva	𡥑
ocwwzi	𡥒
oczimu	𡥓
octmzi	𡥔
ocddzi	𡥖
ocmuzi	𡥘
oczivc	𡥙
oczike	𡥚
oczivu	𡥛
ocxizi	𡥟
oczixt	𡥠
oczijn	𡥡
oczilw	𡥤
oczido	𡥥
oczima	𡥦
oczijb	𡥧
ocmari	𡥨
oczidi	𡥩
ocziyj	𡥪
ochezi	𡥫
oclizi	𡥬
ocerfu	𡥭
ocfhzi	𡥮
oczivi	𡥰
oczivz	𡥱
ocerzi	𡥲
ocdmzi	𡥳
ocziky	𡥵
ocziyu	𡥶
ocwwyy	𡥸
ocxlgk	𡥹
ocqqzi	𡥻
oczifu	𡥼
oczigo	𡥾
oczivs	𡥿
ocksmk	𡦀
octrzi	𡦁
oczizi	𡦂
ocdofu	𡦄
ocziiu	𡦅
ocbwyy	𡦆
oclkgu	𡦈
ocziwf	𡦉
oczijb	𡦌
ocziqi	𡦎
ocgvzi	𡦑
ocziky	𡦒
ocziqt	𡦓
ocdiyy	𡦔
oczivr	𡦕
oczimj	𡦖
ocxluu	𡦚
ocwoxl	𡦛
oczits	𡦜
ocvzxn	𡦝
oczicj	𡦞
ocxlbw	𡦟
ocvizi	𡦠
ocxlve	𡦡
ocfuvs	𡦢
ocuuzi	𡦤
ocjizu	𡦧
ocxlhu	𡦨
oczivi	𡦫
oczixt	𡦰
ocgukv	𡦶
ochext	𡦸
ocbcnd	𡦺
ocbcee	𡦻
ocbcrf	𡦼
ocbcwh	𡦽
ocxthg	𡦿
ocbcye	𡧀
ocbcma	𡧁
ocbciu	𡧃
ocbcwj	𡧄
ocbccc	𡧅
ocbcgs	𡧇
ocbcyu	𡧈
ocbcwu	𡧉
ocbcwj	𡧊
ocbcff	𡧋
ocbcmm	𡧍
ocbcgd	𡧎
ocbcdd	𡧒
ocbcyt	𡧓
ocbcuu	𡧔
ocbcwa	𡧗
ocbcmc	𡧙
ocbcfu	𡧛
ocbcmu	𡧟
ocbcvg	𡧡
ocbcyz	𡧣
ocbcui	𡧦
ocbcqp	𡧧
ocbciu	𡧨
ocbcgv	𡧩
ocbcww	𡧭
ocbcfz	𡧰
ocnkvs	𡧲
ocbcxi	𡧳
ocbcmz	𡧷
ocvzhg	𡧹
ocbcdv	𡧺
ocbchz	𡧻
ocxtri	𡧼
ocbchl	𡧽
ocbcyu	𡨀
ocbcii	𡨁
ocbcwu	𡨂
ocbcqq	𡨃
ocbcju	𡨅
ocyiba	𡨋
ocuzvs	𡨌
oczdcy	𡨎
oczdkz	𡨐
ocmikl	𡨑
ocbcli	𡨖
ocbczc	𡨗
ocbcmm	𡨚
ocbcfg	𡨛
oczdxi	𡨝
ocbcgc	𡨟
ocbczo	𡨠
ocbchr	𡨡
ocbcju	𡨢
ocbcvo	𡨤
ocbcvz	𡨦
ocbczu	𡨧
ocbchy	𡨩
ocbczs	𡨫
ocbcss	𡨭
ocbcfw	𡨰
ocbcjx	𡨱
ocbcbn	𡨲
ocbcjs	𡨶
ocnkzi	𡨸
ocuznk	𡨹
ocnkuz	𡨺
ocbcru	𡨻
ocbcyj	𡨼
ocbcug	𡨽
ocbctr	𡩀
ocbcqb	𡩁
ocbchg	𡩃
ocbcmm	𡩄
ocuuta	𡩆
ocbclz	𡩊
ocbcjm	𡩌
ocmimu	𡩎
ocbcmw	𡩏
ocbckj	𡩒
ocbcyu	𡩗
ocbcyb	𡩘
ocbcsv	𡩙
ocanbd	𡩛
ocbcso	𡩡
ocbctn	𡩢
ocbcjp	𡩣
ocbcjp	𡩤
ocbcwg	𡩥
ocbcjy	𡩫
oczsmc	𡩰
ocbcyc	𡩴
ocyiyh	𡩶
ocbcyj	𡩷
ocbcyc	𡩹
ocbcwu	𡩺
ocbcqu	𡩾
ocnkve	𡪄
ocnkxq	𡪇
ocbcji	𡪈
ocbcln	𡪉
ocbcmg	𡪎
ocxrdj	𡪏
oczdmu	𡪔
ocmixt	𡪖
ocanmk	𡪙
ocbcuf	𡪜
ocbczg	𡪠
ocbckr	𡪡
ocbcqn	𡪣
ocbchx	𡪤
ocbcve	𡪦
ocbcyc	𡪩
ocbcgj	𡪯
ocbcbn	𡪱
ocbcgv	𡪲
ocsulq	𡪴
ocanli	𡪸
ocbcdg	𡪺
ocyjgu	𡪻
ocbcyu	𡪾
ocbcao	𡪿
ocbcjn	𡫀
ocbcse	𡫆
ocbcmu	𡫌
ocbclm	𡫐
ocbcdm	𡫓
ocbcie	𡫠
oclcwf	𡫡
ocbcou	𡫢
ocbcfu	𡫣
ockeke	𡫥
ocwjru	𡫦
ocmijm	𡫨
oclbyb	𡫫
ocbcli	𡫯
ochdke	𡫲
ochdxm	𡫴
ochjns	𡫶
ocnkji	𡫸
ocfuze	𡬂
ocbcdm	𡬅
ocbcmg	𡬆
ocisxx	𡬈
ocdyse	𡬉
ocnkyi	𡬗
occyuu	𡬝
ochecy	𡬟
ocgfcy	𡬠
ocjucy	𡬡
ocmccy	𡬢
ocxscy	𡬣
ocufcy	𡬤
ocxtcy	𡬪
ocvzcy	𡬫
ocgrcy	𡬮
ocvzii	𡬰
ocjkcy	𡬱
oczecy	𡬷
ocghcy	𡬺
ocghcy	𡬼
ocpncy	𡬽
ocqucy	𡬿
ocuude	𡭂
ocbkru	𡭃
ocyccy	𡭄
ocvrnw	𡭇
ocbjue	𡭉
ocuuba	𡭔
ochgxn	𡭕
oclnba	𡭖
ocruxn	𡭗
ocndxn	𡭘
ocsjxn	𡭚
ocxncc	𡭛
ocmfxn	𡭜
ocucxn	𡭝
ocxnho	𡭞
ocucda	𡭟
octhbi	𡭠
ocxnmu	𡭢
ocxnuc	𡭣
ocxnwh	𡭤
ocwuuc	𡭥
ocxnbf	𡭦
ociuxn	𡭧
ocmuxn	𡭨
ocxnbi	𡭬
ocxnli	𡭭
ocxnyz	𡭮
ocvcxn	𡭰
ociuuc	𡭱
ocuciu	𡭲
ocmaxn	𡭳
octhjx	𡭵
ocxnui	𡭷
ocucts	𡭸
ochduc	𡭹
ocucer	𡭺
ocjmty	𡭻
ocxnru	𡭾
ocuhvi	𡭿
ocucjs	𡮀
ocxnwj	𡮄
ocerxn	𡮅
ocxnmf	𡮆
oczuxn	𡮇
ocruxn	𡮈
ocmfxn	𡮉
ocxnmw	𡮋
ocxnbi	𡮌
ocxnvo	𡮍
ockhjk	𡮎
ocucru	𡮑
ocgkuc	𡮓
ocmwxn	𡮔
octhir	𡮕
ocmzuc	𡮘
ocngxn	𡮙
ocxnnp	𡮛
ocxnxn	𡮜
ochduc	𡮞
ocermw	𡮠
ocxnbi	𡮣
ocbixn	𡮤
ocxnbi	𡮥
occcuc	𡮦
ocmdxn	𡮨
ocbiuc	𡮩
ocxnqi	𡮪
ocrjxn	𡮫
ocxnmf	𡮬
ocxyxn	𡮭
ocxnmf	𡮮
ocuczc	𡮯
ocxnui	𡮲
ocmduc	𡮳
ocuhvs	𡮵
ocvsuh	𡮶
ocxnxm	𡮷
ocxyjm	𡮸
ocucmg	𡮹
ocxmxn	𡮺
ocjmuc	𡮻
ocjmdy	𡮽
ocuive	𡯁
ocbaji	𡯂
ocuibi	𡯃
ocyzli	𡯄
ocwuyz	𡯅
ocyzsi	𡯆
ocyzdc	𡯇
ocyzrf	𡯈
ocyzyz	𡯉
ochgyz	𡯊
ocyzgj	𡯋
ocyzxi	𡯌
ocyzuj	𡯎
ocyzdz	𡯏
ocyzmu	𡯐
ocwujp	𡯓
ocyzff	𡯕
ocyzwu	𡯖
ocyzfj	𡯘
ocyzri	𡯙
ocyzxt	𡯜
ocwuui	𡯝
ocyzbk	𡯞
ocyzri	𡯟
ocyzbc	𡯡
ocyzue	𡯢
ocyzgf	𡯣
ocyzis	𡯥
ocyzdo	𡯦
ocyzzo	𡯨
ocyzxn	𡯩
ocyzgs	𡯯
ocyzjp	𡯰
ocyzpz	𡯳
ocyzvo	𡯴
ocyzww	𡯵
ocyzye	𡯺
ocyzui	𡯻
ocyjyz	𡯼
ocyzxm	𡯽
ocyzqq	𡯾
ocyzfu	𡯿
ocwuvs	𡰁
ocyzyc	𡰃
ocyzxi	𡰄
ocwugu	𡰅
ocyznp	𡰆
ocnpwu	𡰈
ocyzcv	𡰋
ocyzlz	𡰌
oclzyz	𡰍
ocyznn	𡰎
ocxuyz	𡰐
ocyzqn	𡰑
ocyzts	𡰒
oclzyz	𡰓
ocqnyz	𡰘
ocdmyz	𡰙
oclbyz	𡰚
ocyzlw	𡰠
ocklpp	𡰣
ocbaui	𡰤
ocuier	𡰥
ocuirf	𡰦
ocybve	𡰧
ocuidk	𡰨
ocuixt	𡰩
ocuikz	𡰪
ocuiia	𡰫
ocuigs	𡰬
ocklui	𡰮
ocuijb	𡰯
ociier	𡰰
ocuigs	𡰱
ocuiui	𡰲
ocuixi	𡰳
ocuipu	𡰵
ocuiri	𡰶
ocuidz	𡰷
ocuivi	𡰸
ocuiks	𡰼
ocuiyz	𡰽
ocuizi	𡰾
ocuiui	𡱁
ocuiqu	𡱅
ocuibk	𡱆
ocuivj	𡱇
ocuiju	𡱈
ocybyb	𡱉
ocyzui	𡱋
ocuigf	𡱌
ocuihd	𡱍
ocuirz	𡱎
ocuisi	𡱏
ocuiyi	𡱐
ocuigs	𡱒
ocuivu	𡱖
ocuigl	𡱘
ocuiuz	𡱙
ociiui	𡱛
ocuivc	𡱜
ocuiyh	𡱝
ocuini	𡱞
ocjiui	𡱠
ocuier	𡱡
ocuiyi	𡱢
ocuiqy	𡱥
octoui	𡱩
ocuiwo	𡱫
ocwwzi	𡱬
ocwwgj	𡱭
ocuins	𡱯
ocuiui	𡱰
ocuiua	𡱳
ocwwxn	𡱵
ocuilv	𡱶
ocghii	𡱸
ocuiya	𡱻
ocuigo	𡱼
ocuihu	𡱽
ocuiqu	𡱾
ocuiyi	𡱿
ocuiks	𡲀
ocuivi	𡲅
ocwwwf	𡲈
ocwwri	𡲉
ocwwyt	𡲊
ocuibw	𡲎
ocuiru	𡲐
ocuiqq	𡲚
ocuiqo	𡲢
ocuijl	𡲣
ocwwqp	𡲤
ocwwug	𡲥
ocwwww	𡲧
ocwwqu	𡲨
ocwwyy	𡲪
ocwwbu	𡲫
ocwwyi	𡲭
ocuixu	𡲰
ocuiro	𡲳
ocwwmi	𡲸
ocuiji	𡲺
ocwwhd	𡲼
ocwwww	𡳀
ocuitd	𡳁
ocuiqi	𡳂
ocwwhv	𡳃
ocuiji	𡳅
ocwwns	𡳊
ocwwlv	𡳎
ocwwhx	𡳒
ocwwzs	𡳓
ocwwcj	𡳔
ocwwfw	𡳕
ocwwhx	𡳖
ocjuho	𡳚
ocuiji	𡳛
ocwwji	𡳜
ocwwzu	𡳝
ocuilb	𡳞
ocuivi	𡳠
ociidz	𡳢
ocdzui	𡳣
ociidz	𡳤
ocuisv	𡳥
ocyzpk	𡳧
ocwwuu	𡳩
ocwwdv	𡳪
ocuimo	𡳫
ocuilu	𡳬
ocuiji	𡳮
ocuiqn	𡳯
oclvgu	𡳰
ocwwwj	𡳱
ocwwhv	𡳳
ocuifu	𡳷
ocwwpo	𡳺
ocduwu	𡳽
ocklve	𡳾
occcer	𡴀
occcyc	𡴁
ocyucc	𡴃
occcjb	𡴅
occclq	𡴆
occcfg	𡴇
octyfj	𡴉
occcmu	𡴋
occcdv	𡴎
occczc	𡴐
occcmw	𡴕
occclv	𡴗
ocycni	𡴘
octybk	𡴢
octyvg	𡴣
occcli	𡴥
occchw	𡴦
ocujyi	𡴭
ocujve	𡴮
ocujyi	𡴯
ocujee	𡴱
ocdcuj	𡴲
ockluj	𡴳
ocjquj	𡴴
ocujdk	𡴵
ociauj	𡴷
oceruj	𡴸
ocujer	𡴹
oceruj	𡴺
ocdcuj	𡴻
ocujee	𡴼
ocujli	𡴽
ocujyi	𡴾
ocujwj	𡴿
ocujwh	𡵀
ocujgj	𡵃
ocujir	𡵅
ocujsi	𡵆
ocujzi	𡵇
ocujyz	𡵈
ocujwu	𡵉
ocujia	𡵌
ocwhuj	𡵍
ocwjuj	𡵎
ocujyc	𡵏
ocrfuj	𡵑
ocsiuj	𡵒
ocujgs	𡵓
ocujyz	𡵔
ocdjuj	𡵕
ocujho	𡵖
ocujhu	𡵘
ocujmc	𡵙
ocujjp	𡵚
ocujfu	𡵛
ocujnq	𡵜
ocujcs	𡵝
ocujfg	𡵞
ocujba	𡵟
ocwfuj	𡵡
ocujyz	𡵢
ocnquj	𡵣
ocujya	𡵥
ocujgs	𡵦
ocujyr	𡵧
ocujpu	𡵨
ocviuj	𡵩
ocujpm	𡵫
ocujmu	𡵬
octyuj	𡵭
ocujuc	𡵯
ocujuv	𡵰
ocujjb	𡵱
ocujwf	𡵲
ocujff	𡵳
ocujgs	𡵴
ocwuuj	𡵶
ocujii	𡵸
ocujgz	𡵺
ocujkh	𡵻
ocujho	𡵼
ocksuj	𡵾
ocujhr	𡵿
ocujnw	𡶀
ocujty	𡶁
ocujbc	𡶄
ocujpo	𡶅
ocujpo	𡶆
ocbiuj	𡶇
ocujui	𡶈
ocujfj	𡶉
ocujui	𡶌
ocujww	𡶎
ocujiu	𡶏
ocujjx	𡶐
ocujgj	𡶑
ocujfu	𡶒
ockluj	𡶓
ocujwu	𡶔
ocpiuj	𡶕
ocujba	𡶖
ocujmb	𡶗
ocmbuj	𡶘
ocujwu	𡶙
ocujtm	𡶚
ocujka	𡶛
ocujii	𡶜
ocujjs	𡶝
ocujds	𡶞
ocujwj	𡶟
ocujbj	𡶡
ocujxs	𡶢
ocujys	𡶤
ocujjx	𡶥
ocujqq	𡶦
ocujli	𡶧
ocsiuj	𡶩
ocuiuj	𡶪
ocujdv	𡶫
ocwhuj	𡶬
ocujxk	𡶭
ocujxb	𡶯
ocujlc	𡶰
ocujij	𡶴
ocujgs	𡶵
ocujjl	𡶶
ocujir	𡶷
ockziu	𡶸
ocujzi	𡶻
ocujxi	𡶼
ocujig	𡶽
ocujbd	𡶾
ocgluj	𡷀
ocujmk	𡷂
ocujgv	𡷅
ocgfuj	𡷆
ocnnuj	𡷊
ocujjl	𡷍
ocujyu	𡷎
ocujyu	𡷏
ocujgf	𡷐
ocujci	𡷑
ocujdo	𡷔
ocujww	𡷕
ocujie	𡷖
ocujwj	𡷗
ocujbp	𡷘
ocujna	𡷙
ocujhj	𡷛
ocujji	𡷞
ocujns	𡷟
ocujtz	𡷠
ocujyr	𡷡
ocujwh	𡷢
ocujyu	𡷣
ocujwu	𡷤
ocgcuj	𡷥
ocjiuj	𡷦
ocujyb	𡷧
ocujjk	𡷨
ocujig	𡷫
ocujmm	𡷭
ocujwu	𡷯
ocujif	𡷰
ocujww	𡷱
ocujkg	𡷲
ocujcf	𡷴
ocujdd	𡷵
ocujnn	𡷷
ocujxn	𡷸
ocujjm	𡷹
ocujuu	𡷽
ocujyz	𡷾
ocujzu	𡷿
ocujjs	𡸀
ocivuj	𡸁
ocujyu	𡸂
ocujqm	𡸃
ocujzo	𡸄
ocujtn	𡸇
ocujli	𡸉
ocujmm	𡸊
ocujvu	𡸌
ocujji	𡸎
ocujww	𡸏
ocujyi	𡸑
ocujli	𡸒
ocujqs	𡸕
ocujgo	𡸖
ocujva	𡸗
ocujqu	𡸘
ocujvi	𡸜
ocujfu	𡸠
ocujer	𡸢
ocujer	𡸣
ocujql	𡸤
ocujwj	𡸥
ocujqu	𡸨
ocujjr	𡸩
ocujui	𡸪
ocujbk	𡸫
ocujlu	𡸮
ocujcd	𡸯
ocujfh	𡸰
ocujva	𡸲
ocujvg	𡸵
ocujzs	𡸶
ocujqi	𡸷
ocujyu	𡸹
ocujqk	𡸺
ocujky	𡸼
ocujvi	𡸽
ocujmm	𡸾
ocgkuj	𡹁
ocujlk	𡹃
ocujya	𡹄
ocyauj	𡹅
ocujlb	𡹇
ocujjp	𡹈
ocujqi	𡹉
ocujmb	𡹋
ocujmk	𡹌
occcgu	𡹍
ocujvv	𡹐
ocujnm	𡹓
ocujpg	𡹔
ocujqs	𡹗
ocujvz	𡹙
oclbuj	𡹚
ocujyj	𡹛
ocujww	𡹜
ocujks	𡹝
ocujjk	𡹞
ocujvf	𡹟
ocujyi	𡹠
ocujjk	𡹡
ocujjb	𡹢
ocujaa	𡹣
ocujdk	𡹦
ocujuu	𡹧
ocujji	𡹪
ocujgo	𡹬
ocujui	𡹭
ocujmc	𡹰
ocujxu	𡹲
ocujwg	𡹳
ocujhz	𡹵
ocujjl	𡹷
ochuuj	𡹹
ocujxt	𡹺
ocujke	𡺀
ocujxx	𡺁
ocujbm	𡺂
ocujjl	𡺃
ocujvj	𡺄
ocujjm	𡺅
ocujyb	𡺈
ocujli	𡺉
ocujye	𡺋
ocujhr	𡺌
ocujvs	𡺍
ocujve	𡺐
ocujye	𡺑
ocujjp	𡺓
ocuiuj	𡺔
ocujyz	𡺖
ocujkj	𡺗
ocujqq	𡺘
ocujqr	𡺙
ocujqq	𡺚
ocujyb	𡺞
ocujxr	𡺟
ocujjy	𡺠
ocujyk	𡺡
ocujze	𡺢
ocujtk	𡺣
ocujfg	𡺤
ocujyu	𡺥
ocujww	𡺨
ocujgo	𡺩
ocujyc	𡺫
ocujyi	𡺬
ocujgs	𡺭
ocujyc	𡺯
ocujwu	𡺱
ocujjy	𡺲
ocujid	𡺵
ocujxx	𡺷
ocujqi	𡺸
ocujqr	𡺹
ocujgs	𡺺
ocujnp	𡺼
ocujjb	𡺽
ocujsy	𡺾
ocujlk	𡺿
ocujsz	𡻁
ocujpo	𡻂
ocujgs	𡻃
ocujui	𡻄
ocujdc	𡻅
ocujqb	𡻈
ocujgz	𡻉
ocujhe	𡻊
ocujgu	𡻋
occvnd	𡻎
ocujwg	𡻐
ocujvs	𡻑
ocwuuj	𡻒
ocujbw	𡻓
ocujlh	𡻔
ocujyr	𡻖
ocujvf	𡻗
ocujgd	𡻘
ocujgo	𡻙
ocujkh	𡻚
ocujvi	𡻜
ocujic	𡻝
ocujbi	𡻞
ocujmo	𡻟
ocujuu	𡻠
ocujyi	𡻣
ocmauj	𡻤
ocujma	𡻥
ociiuj	𡻧
ocujmj	𡻩
ocujzu	𡻬
ocujlw	𡻭
ocujhu	𡻮
ocujul	𡻯
ocujji	𡻰
ocujlw	𡻱
ocujgo	𡻳
ocujlk	𡻴
ocujqi	𡻷
ocujji	𡻸
ocujdd	𡻺
ocujli	𡼁
ocujlu	𡼂
ocujpo	𡼃
ocujvi	𡼄
ocujln	𡼅
ocujiu	𡼆
ocujvi	𡼈
ocdsuj	𡼉
ocujth	𡼍
ocujxi	𡼎
ocujjm	𡼏
ocujdm	𡼓
ocujxl	𡼔
ocujjy	𡼕
ocdyuj	𡼖
ocujjx	𡼛
ocujbf	𡼝
ocujdz	𡼞
ocujji	𡼠
ocujhw	𡼡
ocujxy	𡼢
ocujsu	𡼣
ocujdj	𡼤
ocujxm	𡼥
ocujxi	𡼧
ocujjk	𡼩
ocujda	𡼪
ocujti	𡼫
ocujtj	𡼬
ocujjk	𡼮
ocdjuj	𡼯
ocujww	𡼱
ocujqb	𡼲
ocujzg	𡼳
ocujlb	𡼵
ocujbi	𡼸
ocujlg	𡼹
ocujic	𡼼
ocujyb	𡼽
ocujhv	𡼾
ocujku	𡼿
ocujgu	𡽂
ocujjn	𡽄
ocujyy	𡽅
ocujwj	𡽇
ocujqi	𡽉
ocujdh	𡽊
ocujlu	𡽋
ocguuj	𡽌
ocujqm	𡽎
ocdrmm	𡽏
ocujmm	𡽑
ocujjp	𡽖
ocujqm	𡽗
ocujlu	𡽘
ocujxp	𡽙
ocujdv	𡽛
ocujhc	𡽝
ocujln	𡽟
ocujvd	𡽢
ocujyj	𡽣
ocujln	𡽦
ocujju	𡽨
ocujtd	𡽩
ocujnf	𡽫
ocyuuj	𡽬
ocujvg	𡽮
ocujvs	𡽯
ocujww	𡽰
ocujjp	𡽱
ocujbh	𡽲
ocujjm	𡽳
ocujzh	𡽴
ocujdv	𡽵
ocujbi	𡽶
ocujlk	𡽹
ocyuuj	𡽺
ocujjm	𡽻
ocujjm	𡽾
ocujuu	𡾄
ocujlv	𡾅
ocujee	𡾆
ocujgl	𡾇
ocujqs	𡾈
ocujmo	𡾉
ocujlw	𡾏
ocujii	𡾐
ocujle	𡾒
ocujee	𡾙
ocujho	𡾜
ocujyi	𡾞
ocujxm	𡾢
ocujtz	𡾣
occvmf	𡾧
oclsuj	𡾩
ocujdu	𡾬
ocujxm	𡾮
ocujyb	𡾯
ocujjm	𡾰
ocujmi	𡾱
ocujxt	𡾲
ocujzs	𡾳
ocujlm	𡾴
ocwwww	𡾵
ocujyk	𡾶
ocujyk	𡾸
ocujzh	𡾻
ocujul	𡾼
ocujfg	𡾿
ocwwuj	𡿁
ocujee	𡿃
ocujch	𡿄
ocujlo	𡿇
ocnjuj	𡿊
ocujzj	𡿍
ocujli	𡿎
ocujlo	𡿏
ocujmi	𡿐
ocujjn	𡿑
ocujnp	𡿒
ocujdh	𡿓
ocujlw	𡿔
ocujji	𡿙
ocujlw	𡿜
ocujnh	𡿝
ocujwj	𡿞
ocujlb	𡿠
ocujlk	𡿡
ockvmm	𡿢
ocujij	𡿣
ocirhg	𡿧
ocppdm	𡿨
ocirxi	𡿪
ocwhir	𡿫
ocirir	𡿭
ocriir	𡿯
ocxtir	𡿰
ocirys	𡿲
ocirgu	𡿵
ocirbf	𡿶
ocirlv	𡿷
ocirxb	𡿺
ocirvv	𡿾
ochoir	𡿿
ocicic	𢀌
ocgsve	𢀒
ocgsve	𢀓
ocgsve	𢀔
ocgsve	𢀕
ocgsjq	𢀙
ocgskz	𢀛
ocgsji	𢀜
ocuzzo	𢀠
oczozo	𢀡
ocgsjm	𢀢
ocgsdr	𢀤
ocjubh	𢀥
ocjuso	𢀦
ocjuly	𢀧
ocjulh	𢀨
ocjkpk	𢀫
ocjulh	𢀬
ocjuic	𢀭
ocjusu	𢀱
ocjuld	𢀲
ocxtve	𢀳
ocjiji	𢀵
ocgsji	𢀶
ocigsi	𢀷
ocddsi	𢀸
ocdvsi	𢀹
ocgrji	𢀻
ocgsba	𢀼
ocigsi	𢀾
ocigba	𢀿
ocgsbc	𢁀
ocqisi	𢁂
ocdiji	𢁆
ocigba	𢁇
ocuisi	𢁈
ocbaui	𢁊
ocbalk	𢁋
ocbaww	𢁍
ocbald	𢁑
ocjbji	𢁒
ocsijb	𢁔
ocjbuc	𢁕
ocjbda	𢁖
ocjbgj	𢁗
ocjbuj	𢁘
ocwfjb	𢁙
ocjbsj	𢁚
ocuibi	𢁛
ocjbcy	𢁜
ocjbjb	𢁝
ocxijb	𢁟
ocjbgs	𢁠
ocjbkv	𢁢
ocjbwh	𢁣
ocffjb	𢁥
ocjbbi	𢁦
ocjbqm	𢁧
ocybjb	𢁨
ocjbnw	𢁩
ocjbgk	𢁪
ocycjb	𢁫
ocjbvx	𢁬
ocjbjb	𢁮
ocjbri	𢁯
ocjbyc	𢁱
ocjbyy	𢁲
ocddjb	𢁳
ocjbpu	𢁵
ocjbgs	𢁷
ocjbfh	𢁸
ocjbbu	𢁻
ocjbnk	𢁼
ocjbbi	𢁽
ocjbvc	𢁾
ocjbvg	𢁿
ocjbfu	𢂀
ocjbju	𢂁
oclkjb	𢂂
ocjbva	𢂃
ocjbxr	𢂄
ocjbfu	𢂆
ocjbqp	𢂈
ocjbyz	𢂊
ocwfdn	𢂋
ocjbdd	𢂌
ocjbzi	𢂍
ocjbyz	𢂎
ocfufu	𢂏
ocjbui	𢂑
ocjbyi	𢂒
ocjbts	𢂓
ocjbgs	𢂔
ocjbww	𢂕
ocybjb	𢂗
ocjbqr	𢂘
oclqjb	𢂙
ocybbu	𢂜
ocjbye	𢂝
ocycbu	𢂞
ochljb	𢂠
ocjbgf	𢂡
ocjblc	𢂢
ocjbcy	𢂣
ocfuba	𢂤
ocjblp	𢂥
ocjbrf	𢂧
ocnubi	𢂬
ocjbvg	𢂰
ocjbyr	𢂱
ocjbgu	𢂲
ocjbmw	𢂳
ocjbvi	𢂴
ocjbjp	𢂵
ocjbjs	𢂶
ocfuhe	𢂷
ocjbrf	𢂻
ocvejb	𢂼
ocjbjy	𢂽
ocjbmh	𢂾
ocjbjx	𢂿
ocjbwu	𢃀
ocvujb	𢃃
ocjbil	𢃅
ocjyjb	𢃆
ocjbli	𢃇
ocjbns	𢃈
ocjbbp	𢃉
ocbusi	𢃊
occibu	𢃌
ocjbbw	𢃍
ocjbho	𢃎
ocjbzs	𢃏
ocjbks	𢃐
ocjbih	𢃑
ocjbzu	𢃒
ocjbss	𢃓
ocjbyj	𢃔
ocjbda	𢃕
ocjbvz	𢃖
ocjbhj	𢃗
ocjbgr	𢃙
ocjbky	𢃚
ocqijb	𢃛
ocjbvi	𢃜
ocuujb	𢃝
ocjbvz	𢃞
ocjbxi	𢃟
ocjbtu	𢃠
ocjbyi	𢃡
ocjbqk	𢃢
ocjbqu	𢃣
ochojb	𢃤
ocjbgo	𢃦
ocjbjr	𢃩
ocssjb	𢃪
ocqmjb	𢃬
ocjbmm	𢃮
ocjbgv	𢃯
ocjbui	𢃰
ocjbmz	𢃱
ocjbge	𢃲
ocvzba	𢃳
occijb	𢃴
ocjbdu	𢃶
ocjbqq	𢃸
ocboji	𢃺
ocjbmw	𢃼
ocjbyc	𢃽
ocjbjm	𢃿
ocvuui	𢄂
ocjbpd	𢄃
ocbogz	𢄇
ocjbyb	𢄈
ocjbgv	𢄊
ocjbua	𢄌
ocjbhe	𢄍
ocjbph	𢄎
ocjbuj	𢄒
ocjbwu	𢄓
ocrfdd	𢄔
ocbojs	𢄗
ocvujb	𢄘
ocjbyr	𢄙
ocbobc	𢄝
ocmijb	𢄞
ocjbts	𢄟
ocjbqu	𢄠
ocjbhv	𢄣
ocvjjb	𢄤
ocjbnn	𢄦
oczujb	𢄧
ocjbyb	𢄨
ocjbdd	𢄩
ocdiju	𢄫
ocjbxi	𢄭
ocjbmb	𢄯
ocjblm	𢄱
ocxrjb	𢄲
ocjbue	𢄳
ocjbxl	𢄵
ocjbhx	𢄶
ocjbln	𢄷
ocjbzv	𢄸
ocjbqn	𢄹
ocjbjn	𢄺
ocjbsj	𢄻
ocxujb	𢄼
ocjber	𢄽
ocjbtj	𢅀
ocfubo	𢅁
ocbabu	𢅄
ocjbjt	𢅅
ocjbmg	𢅆
ocwujb	𢅊
ocjbzg	𢅋
ocwwjb	𢅌
ocjbjn	𢅎
ocjblm	𢅏
ocjbqm	𢅐
ocjbua	𢅑
ocjbdj	𢅒
ocjbvu	𢅔
ocjbsv	𢅕
ocjblm	𢅖
ocjbgo	𢅗
ocjbpn	𢅚
ocdils	𢅛
ocvzvz	𢅜
ocdmjb	𢅝
ocbolu	𢅞
ocjbyi	𢅟
ocyjjb	𢅠
ocjbjm	𢅡
ocjbtd	𢅣
ocvzui	𢅦
ocjbmm	𢅧
ocuivz	𢅨
ocjbhv	𢅫
ocbovf	𢅬
ocjbld	𢅭
ocjbff	𢅯
ocjbmg	𢅴
oclmjb	𢅸
ocjbly	𢅹
ocuuxi	𢅺
ocjbul	𢅻
ocjblo	𢅾
ocuumu	𢆅
ocbagj	𢆉
ocpkdk	𢆊
ocyygj	𢆋
ocqmri	𢆍
ocuhkd	𢆒
ocbupk	𢆓
ocpkfj	𢆕
ocwugj	𢆖
ocbkiz	𢆗
ocnmqm	𢆘
ockduu	𢆚
ockdbk	𢆛
ochegj	𢆜
ocuigj	𢆝
ocyzbk	𢆟
ocldpk	𢆠
ocrunm	𢆡
ocbkye	𢆣
ocjrnm	𢆤
ocnjnm	𢆥
ocxkmw	𢆧
ocvixk	𢆨
ocxkmd	𢆪
ocnmsv	𢆫
ocpkch	𢆮
ocycuu	𢆯
ochgyc	𢆰
ocveyc	𢆱
ocycli	𢆲
ocycln	𢆳
ocycln	𢆴
ocycdn	𢆵
ocycyc	𢆶
ocycuc	𢆷
ocycyy	𢆹
ocxbyc	𢆿
ocycua	𢇄
ocxiyc	𢇌
ocycxl	𢇐
ocjiqi	𢇓
ocyzjk	𢇔
ocyzyz	𢇕
ocglxx	𢇗
ocglnv	𢇘
ocglyi	𢇙
ocglye	𢇚
ocglgj	𢇛
ocglwh	𢇜
ocglyc	𢇝
ocglkz	𢇞
ocglwu	𢇟
ocglkv	𢇡
ocgluj	𢇢
ocglqm	𢇣
ocgluv	𢇤
ocglrf	𢇦
ocglyb	𢇧
ocglkd	𢇩
ocglfj	𢇪
ocglfj	𢇫
ocglyz	𢇬
ocglpu	𢇮
ocgljb	𢇯
ocglyy	𢇰
ocglxi	𢇱
ocglhe	𢇲
ocglpi	𢇳
ocglbu	𢇴
ocgltm	𢇶
ocglba	𢇷
ocglui	𢇸
ocglqq	𢇹
ocgljs	𢇺
ocglui	𢇻
ocglgj	𢇾
ocgliu	𢇿
ocglye	𢈀
ocglhe	𢈁
ocglkz	𢈂
ocglgx	𢈅
ocglvc	𢈆
ocglxm	𢈇
ocglhe	𢈈
ocglts	𢈉
ocglfz	𢈊
ocglww	𢈌
ocglmi	𢈍
ocglgs	𢈎
ocglai	𢈒
ocglyz	𢈓
ocglpd	𢈕
ocglzd	𢈖
ocgljx	𢈙
ocgllv	𢈚
ocglky	𢈛
ocglvl	𢈜
ocglqq	𢈝
ocglyi	𢈟
ocgluu	𢈠
ocglqy	𢈡
ocglir	𢈢
ocglcs	𢈣
ocgljm	𢈥
ocglfg	𢈦
ocglbu	𢈨
ocglzz	𢈩
ocglwu	𢈪
ocglif	𢈫
ocglxn	𢈭
ocgluf	𢈯
ocggui	𢈰
ocglli	𢈱
ocgljk	𢈴
ocglks	𢈵
ocglhu	𢈶
ocglbi	𢈷
ocglnm	𢈸
ocglfu	𢈹
ocgljp	𢈻
ocglzu	𢈼
ocglqu	𢈾
ocglho	𢈿
ocglyu	𢉀
ocglpg	𢉁
ocglgr	𢉂
ocglue	𢉃
ocgljb	𢉅
ocgljm	𢉆
ocgluu	𢉌
ocglqk	𢉑
ocgluh	𢉒
ocgltu	𢉕
ocglji	𢉗
ocglyj	𢉘
ocglru	𢉚
ocglve	𢉜
ocglww	𢉝
ocglbm	𢉞
ocglhf	𢉟
ocglyu	𢉠
ocglsi	𢉡
ocglhu	𢉢
ocglbc	𢉣
ocgljx	𢉤
ocglhe	𢉥
ocgljy	𢉦
ocglmu	𢉧
ocglci	𢉨
ocglyb	𢉩
ocglid	𢉪
ocglsv	𢉭
ocgluf	𢉮
ocglro	𢉳
ocglui	𢉴
ocfutm	𢉶
ocglqq	𢉷
ocglhv	𢉸
ocglku	𢉽
ocglyz	𢉾
ocglma	𢉿
ocglsi	𢊀
ocglvi	𢊄
ocglvv	𢊅
ocglji	𢊌
ocglqp	𢊏
ocgluf	𢊖
ocglmo	𢊗
ocglxi	𢊚
ocglcv	𢊛
ocglvh	𢊜
ocmayu	𢊢
ocglpn	𢊣
ocglih	𢊥
ocglyu	𢊦
ocglyu	𢊧
ocggmi	𢊪
ocglpw	𢊫
ocglgv	𢊮
ocglww	𢊯
ocglsj	𢊰
ocglbf	𢊱
ocglsf	𢊲
ocmayt	𢊶
ocglxu	𢊼
ocglyj	𢊽
ocfubw	𢊾
ocgluu	𢋂
ocgldj	𢋃
ocgljy	𢋄
ocglxb	𢋆
ocglsu	𢋈
ocglys	𢋊
ocglww	𢋋
ocgljb	𢋎
ocglji	𢋐
ocglwu	𢋑
ocglho	𢋒
ocglww	𢋘
ocmais	𢋙
ocglbi	𢋛
ocgllk	𢋞
ocluhe	𢋟
ocdidi	𢋠
ocgllu	𢋡
ocglyz	𢋣
ocgllw	𢋧
ocglmo	𢋨
ocuuzu	𢋳
ocdddi	𢋴
oclujy	𢋵
ocglld	𢋷
ocgllm	𢋻
ocmajq	𢌁
ocgllm	𢌃
ocglqu	𢌄
ocglli	𢌈
ocglns	𢌊
ocnsgl	𢌌
ocmimu	𢌑
ocgllk	𢌔
ocviui	𢌗
ocviuj	𢌘
ocviqm	𢌙
ocviuj	𢌚
ocvivg	𢌛
ocviuz	𢌜
ocvivf	𢌝
ocviyu	𢌟
ocvifu	𢌠
ocvifg	𢌢
ocvizo	𢌣
ocviig	𢌥
ocviui	𢌪
ocerhg	𢌬
occcdm	𢌭
ocwfcc	𢌮
ocrfcc	𢌯
ocyucc	𢌱
ocujcc	𢌲
ocgecc	𢌵
ocmucc	𢌶
ocnwcc	𢌷
oclqcc	𢌸
ocigcc	𢌼
ocsasa	𢌽
octmcc	𢌿
ockzcc	𢍀
ocyzcc	𢍁
oczicc	𢍂
ocychv	𢍃
ocxbcc	𢍄
ocfucc	𢍅
ocsicc	𢍈
ocjrcc	𢍊
occscc	𢍍
ocgccc	𢍎
ocbmcc	𢍏
ocqicc	𢍐
ocbocc	𢍑
ocjrcc	𢍕
ocqqcc	𢍜
octrcc	𢍝
ocqxcc	𢍡
ocsucc	𢍣
ocuocc	𢍥
ocqidm	𢍺
ocyive	𢍻
ochgyi	𢍼
ocyzyi	𢍽
ocpjyi	𢍿
ocyiyt	𢎀
ocyiri	𢎃
ockeyi	𢎄
ocyiju	𢎅
ocyivi	𢎆
ocyivu	𢎉
ocxkyi	𢎋
ocgjdd	𢎌
ociuui	𢎍
oczgyi	𢎒
ocuayi	𢎓
ocwuhe	𢎔
ociiyi	𢎕
ocquyi	𢎖
ocklve	𢎗
ocveve	𢎘
ocgsdm	𢎚
ocgsdm	𢎛
ocklve	𢎜
ocxtve	𢎝
ocgsve	𢎞
ocgsuu	𢎟
ocgsuu	𢎠
ocgsna	𢎡
ocgsrf	𢎢
ocgsyz	𢎤
ocgser	𢎥
ocrfgs	𢎦
ocgsjq	𢎩
ocgsji	𢎪
ocgswj	𢎫
ocgsjb	𢎭
ocgsyu	𢎰
ocgstu	𢎳
ocgsda	𢎴
ocfuuu	𢎵
ocgsfh	𢎷
ocgshu	𢎸
ocgsgk	𢎹
ocgsyu	𢎻
ocgsvi	𢎼
ocgsji	𢎽
ocgstm	𢎾
ocgswf	𢎿
ocgsjb	𢏂
ocgsyb	𢏄
ocgsho	𢏅
ocgsgu	𢏆
ocfugs	𢏇
ocgskz	𢏈
ocgspk	𢏊
ocgsta	𢏋
ocgswu	𢏌
ocgssi	𢏎
ocgsbj	𢏑
ocxygs	𢏔
ocgsts	𢏕
ocyugs	𢏖
ockdgs	𢏗
ocgsyh	𢏙
ocgssi	𢏛
ocgsdo	𢏜
ocgsig	𢏞
ocgsjl	𢏠
ocgsxm	𢏡
ocqugs	𢏢
ocgsqu	𢏣
ocgsqy	𢏤
ocgshj	𢏥
ocgsyi	𢏦
ocgsjn	𢏧
ocvegs	𢏨
ocfugs	𢏪
ocgszo	𢏬
ocgslq	𢏭
ocgshu	𢏯
ocgsvg	𢏰
ocgser	𢏱
ocgsbk	𢏳
ocgsiv	𢏴
ocgsjp	𢏵
ocgsvi	𢏶
ocgsqu	𢏷
ocgsdk	𢏹
ocgswj	𢏿
ocgsui	𢐂
ocgsbm	𢐃
ocgstr	𢐄
ocgsph	𢐊
ocgssi	𢐋
ocgsjm	𢐎
ocgsbg	𢐒
ocvhgs	𢐓
ocgscs	𢐔
ocgspn	𢐕
ocgsyu	𢐗
ocgsgo	𢐚
ocgszg	𢐞
ocgsqn	𢐟
ocgsfj	𢐠
ocgsxl	𢐣
ocpigs	𢐦
ocjkgs	𢐧
ocmiis	𢐩
ocgsns	𢐪
ocvzjb	𢐫
ocgsxu	𢐰
ocgslu	𢐸
ocgsxl	𢐿
ocgsmi	𢑀
ocgsxn	𢑁
ocycgs	𢑂
ocgsyc	𢑄
ocgsjq	𢑇
ocgszj	𢑊
ocxnxt	𢑐
ocxtxt	𢑑
ocxtnv	𢑒
ochufu	𢑓
ocxtjx	𢑖
ocxtdm	𢑜
ochugv	𢑣
ochvya	𢑹
oclubc	𢑾
ocnduj	𢒀
ocnduj	𢒁
ocjquj	𢒂
ocgsuj	𢒄
ocxbuj	𢒆
ocyruj	𢒇
ocjkuj	𢒈
ocujqp	𢒉
ocysuj	𢒋
ocuiuj	𢒌
ocfuuj	𢒍
ocujfu	𢒏
oczouj	𢒐
ocfuuj	𢒒
ochouj	𢒖
ocyiuj	𢒗
ocqluj	𢒘
ocgouj	𢒙
ocluuj	𢒚
ocvouj	𢒛
ocjmuj	𢒞
ocvfuj	𢒟
ocvovf	𢒨
ocujxi	𢒩
ocujxy	𢒫
ocujjk	𢒬
ocyzyu	𢒰
ocsvuj	𢒱
ocyjxl	𢒶
ocxupz	𢒷
ocmiuj	𢒺
ocrfyi	𢒼
ocrfve	𢒽
ocrfjq	𢒾
ocrfee	𢒿
ocrfyi	𢓀
ocrfgs	𢓁
ocrftu	𢓂
ocrfwj	𢓃
ocrfkd	𢓄
ocrfcs	𢓅
ocrfyr	𢓆
ocrfnw	𢓇
ocrfyy	𢓈
ocrffj	𢓉
ocrfvi	𢓊
ocrfmc	𢓋
ocrflq	𢓌
ocrftm	𢓍
ocrfnq	𢓐
ocrfqm	𢓑
ocrfrj	𢓒
ocrfva	𢓓
ocrfli	𢓔
ocrfvj	𢓕
ocrfpi	𢓖
ocrfci	𢓗
ocrfds	𢓘
ocrfni	𢓚
ocrfww	𢓛
ocrfge	𢓜
ocrfvc	𢓝
ocrfig	𢓞
ocrfvz	𢓟
ocrfxm	𢓠
ocrfyi	𢓡
ocrfkx	𢓢
ocrfci	𢓣
ocrfjl	𢓤
ocrfgl	𢓥
ocrfdi	𢓧
ocrfyb	𢓨
ocrfyi	𢓪
ocrfxb	𢓫
ocrfxi	𢓬
ocrfqy	𢓭
ocrfxn	𢓮
ocrfkl	𢓯
ocrfto	𢓰
ocrffg	𢓱
ocrfwu	𢓲
ocrfxq	𢓵
ocrfys	𢓶
ocrfui	𢓻
ocrfgu	𢓾
ocrflk	𢔁
ocrfyj	𢔂
ocrfvo	𢔄
ocrfds	𢔅
ocrfqi	𢔆
ocrfhj	𢔈
ocrfvi	𢔊
ocrfss	𢔋
ocrfbw	𢔌
ocrfuz	𢔏
ocxyqn	𢔐
ocrfjr	𢔑
ocrfih	𢔒
ocrffg	𢔓
ocrfji	𢔔
ocxkui	𢔖
ocrfzu	𢔙
ocrfxk	𢔛
ocrfiv	𢔝
ocrfrz	𢔟
ocrfjp	𢔡
ocrfyu	𢔢
ocrfvf	𢔤
ocrfww	𢔥
ocrfpk	𢔧
ocrfve	𢔪
ocxkxm	𢔬
ocrfci	𢔯
ocrfmw	𢔰
ocrfqt	𢔱
ocrfzc	𢔳
ocrfgz	𢔵
ocrfge	𢔸
ocrfjx	𢔻
ocrfvf	𢔿
ocxkns	𢕁
ocrfss	𢕈
ocxyxi	𢕊
ocxkwj	𢕋
ocrflq	𢕍
ocrfbi	𢕏
ocrfxr	𢕐
ocrflv	𢕑
ocrfqu	𢕓
ocrfvh	𢕔
ocrfcj	𢕕
ocrfji	𢕗
ocrfcv	𢕘
ocrfmg	𢕙
ocrffg	𢕝
ocrfao	𢕟
ocrfii	𢕡
ocrfrr	𢕢
ocrfcs	𢕩
ocrfqn	𢕪
ocrfkr	𢕫
ocrfgj	𢕭
ocrftj	𢕯
ocrfzy	𢕰
octusi	𢕳
ocxkxl	𢕵
ocrfww	𢕷
ocrflb	𢕸
ocrfsv	𢕺
ocrfvj	𢕻
ocrfpi	𢕾
oclvir	𢖀
octuts	𢖂
ocrfjp	𢖆
ocrfvd	𢖈
ocxkyu	𢖍
ocrfmd	𢖏
ocrfti	𢖑
ocrfyz	𢖒
ocrflv	𢖓
ocrfbc	𢖔
ochzlz	𢖕
oclzhz	𢖖
ocuucs	𢖗
ocrfxm	𢖘
ocrfli	𢖙
ocrfyc	𢖟
ocrfyk	𢖠
ocrfti	𢖤
ocrfmi	𢖥
ocrfjt	𢖦
ocrfnh	𢖧
ocveba	𢖩
ocxbve	𢖪
ocdcxb	𢖫
ocxbbi	𢖬
ocxbee	𢖭
ocyibi	𢖮
ocxbji	𢖯
oclixb	𢖰
ocxbnd	𢖱
ocxbto	𢖲
ocxbyu	𢖳
ocqixb	𢖴
ocxbnv	𢖵
ocgsxb	𢖶
ocxbgs	𢖷
ocxbgs	𢖸
ocxbxn	𢖹
ocxbyi	𢖺
ocxbwf	𢖻
ocyixb	𢖼
octuxb	𢖽
ocxnxb	𢖿
ockzxb	𢗀
ocxbkv	𢗃
ocxbxx	𢗄
ocxbvh	𢗆
ocxbxi	𢗇
ocbidk	𢗈
ocxbnw	𢗉
ocjpxb	𢗊
ocxbyy	𢗋
ocxbba	𢗌
ocxbuu	𢗎
ocqixb	𢗏
ocybxb	𢗐
ocxbrs	𢗑
ocxbfg	𢗒
ocyuxb	𢗓
ocxbmm	𢗔
ocxbgz	𢗕
ocxbrf	𢗖
ocxbqr	𢗗
ocxbwu	𢗘
ocxbgd	𢗙
ocxbdd	𢗚
ocxbii	𢗜
ocxbhu	𢗝
ocxbgs	𢗞
ocxbqp	𢗠
ocxbwf	𢗡
ocxbug	𢗢
ocfgxb	𢗣
ocfuxb	𢗤
ocmuxb	𢗦
ocqpxb	𢗧
ocuvxb	𢗨
ocuixb	𢗪
ocbuxb	𢗫
ocyaxb	𢗬
ocrixb	𢗭
ocxbxs	𢗮
ocytxb	𢗯
ocxbxb	𢗰
ocyuxb	𢗱
ocxbfu	𢗲
ocxbmc	𢗳
ocxbxi	𢗴
ocxbks	𢗵
ocxbuv	𢗷
ocxbdz	𢗸
ocjbxb	𢗹
ocbiwh	𢗺
oclqxb	𢗻
ocxbhu	𢗼
ocxbbi	𢗽
ocxbmc	𢗾
ocxbmo	𢗿
ocxbba	𢘀
ocxbmu	𢘃
ocxbqq	𢘄
ocmcxb	𢘅
ocdjxb	𢘇
ocxbjx	𢘉
ocxbuf	𢘊
ocddxb	𢘋
ocxbhs	𢘌
ocfuxb	𢘍
ocxbts	𢘐
ochgvs	𢘑
ocnixb	𢘒
ocmuxb	𢘓
ocxbmc	𢘕
ocppvs	𢘗
ocxbls	𢘙
ocxbii	𢘛
ocxbsi	𢘜
ocxber	𢘝
ocerxb	𢘞
ocxbke	𢘟
ocbwxb	𢘠
ocugxb	𢘡
ocbdxb	𢘣
ocbjxb	𢘤
ocxbui	𢘥
ocxbyy	𢘩
ocvgxb	𢘫
ocxbys	𢘭
ocxbli	𢘮
octaxb	𢘯
ocwuxb	𢘱
ocyhxb	𢘲
ochexb	𢘳
ocxbyu	𢘶
ocxbis	𢘷
ocxbjl	𢘸
ocxbua	𢘹
ocxbmi	𢘺
ocmixb	𢘻
ocxbyi	𢘽
ocxbru	𢘾
ocxbci	𢙀
ocwuxb	𢙁
ocgsxb	𢙄
ochexb	𢙅
ocxbzi	𢙆
ocxbyi	𢙇
ocxbci	𢙊
ochvxb	𢙍
ocsyxb	𢙏
ocxbns	𢙐
ocxbmd	𢙑
ocxbyc	𢙒
ocxbhv	𢙓
ocxbli	𢙔
ocxbyi	𢙕
ocxbwh	𢙗
ocxber	𢙘
ocxbse	𢙚
ocxbmk	𢙛
ocxbxm	𢙝
ocifxb	𢙞
ocyixb	𢙠
ocxkxb	𢙡
ocxixb	𢙣
ocxbcy	𢙨
ocxblw	𢙩
ocxbyb	𢙫
ocxbyi	𢙬
ocjmxb	𢙭
oczdxb	𢙮
ocbdxb	𢙯
ocxbns	𢙱
ocxblv	𢙲
ocxbvl	𢙳
ochjxb	𢙶
ocxbdi	𢙹
ocxbvi	𢙺
ocxbjk	𢙼
ocmwxb	𢙽
ocxbgg	𢙾
ocxbcf	𢙿
ocxbyj	𢚀
ocxbji	𢚁
ocxbzo	𢚂
ocxblc	𢚄
ocbjxb	𢚅
ocxbvu	𢚆
ocjsxb	𢚊
ocyuxb	𢚎
occfxb	𢚏
ocuexb	𢚒
ocdixb	𢚖
ocxbss	𢚗
ocxbyj	𢚘
ocxbwh	𢚚
ocxbke	𢚛
ocxbyi	𢚝
ochgxb	𢚟
ocssxb	𢚠
ocqqxb	𢚡
ocgdxb	𢚢
ocboxb	𢚦
ochgxi	𢚧
ochexb	𢚨
ocxbkl	𢚯
ocxbgd	𢚲
occyxb	𢚳
ocxbrf	𢚴
ocxbvi	𢚵
ocxbto	𢚶
ocxbie	𢚷
ocnsxb	𢚸
ocxbty	𢚺
ocxbji	𢚼
ocxbmm	𢚽
ocxbhr	𢚾
ocmfxb	𢛀
ocvixb	𢛁
ocvoxb	𢛂
ocjqxb	𢛃
ocxbgu	𢛅
ocxrxb	𢛆
ocvzxb	𢛇
ocxbiv	𢛉
ocxbww	𢛊
ocxbvi	𢛍
ocxbbi	𢛎
ocxbqu	𢛏
ocjuxb	𢛑
ocxbss	𢛒
oclbxb	𢛓
ocxbds	𢛔
ocxlxb	𢛖
ocxbqr	𢛗
ocxbyc	𢛘
ocxbqs	𢛙
ocifxb	𢛚
ocxbwh	𢛛
ocnixb	𢛜
ocihxb	𢛝
ocxbbw	𢛞
ocxbya	𢛟
ocmbxb	𢛣
ocuisi	𢛥
ocvvxb	𢛧
ocxbyu	𢛨
ocmfxn	𢛩
ocmixb	𢛬
ocmuxb	𢛮
ocxbhx	𢛯
ocxbbk	𢛰
ocivxb	𢛲
ocxbmg	𢛴
ocxbvg	𢛵
ocwoxb	𢛶
ocxbfh	𢛷
ocxbdk	𢛸
ocxbbc	𢛺
ocxbuu	𢛼
ocxbih	𢛽
ocxbtu	𢛾
ocxbug	𢛿
ocxbjp	𢜀
ocguxb	𢜃
oclkxb	𢜅
ocfuxb	𢜆
ocvaxb	𢜉
ocnmxb	𢜋
ocvcxb	𢜌
ocmkxb	𢜏
ocxbvv	𢜐
oclyxb	𢜒
ocvixb	𢜔
ocxbfg	𢜗
ocxbbf	𢜘
ocxbxb	𢜛
ocxbhu	𢜜
ocxbui	𢜝
ocxbld	𢜞
ocxbgh	𢜟
ocxbmk	𢜠
ocxbqp	𢜡
ocxbbi	𢜢
ocxbjq	𢜥
ocyexb	𢜨
ocxbxm	𢜩
ocxbro	𢜪
ocxbug	𢜫
ocxbdu	𢜬
ocxbqt	𢜭
ocxbmz	𢜮
ocmzxb	𢜯
ocxbhz	𢜵
ocxbrz	𢜸
ocxbai	𢜺
ocxbgv	𢜽
ocxbjx	𢜿
ocxbtu	𢝀
ocxbhs	𢝁
ocxbdu	𢝂
ocdixb	𢝃
ocxbxx	𢝄
ocxxxb	𢝅
ocxbvs	𢝆
ocxbvs	𢝈
ocxbda	𢝉
ocyexb	𢝊
ocxbll	𢝋
ocxbmc	𢝌
ocqpxb	𢝍
ocxbqr	𢝓
oczexb	𢝔
ocufxb	𢝖
ocxbbw	𢝙
ocxbxi	𢝚
ocxbqi	𢝛
ocxbtk	𢝜
ocxbye	𢝞
ocxbiy	𢝣
ocbkxb	𢝦
ochfxb	𢝧
ockuxb	𢝨
ocdrxb	𢝪
ocvexb	𢝬
ochsxb	𢝳
ocfwxb	𢝵
ocxbux	𢝶
ocxbjp	𢝷
ocxbgo	𢝸
ocxbdy	𢝺
ocxbfg	𢞁
ocxbpf	𢞂
ocxbhs	𢞃
ocxbgz	𢞄
ocxbyc	𢞅
ocxbyj	𢞆
ocxbtd	𢞇
ocdsxb	𢞉
ocxbgs	𢞏
ocxbhd	𢞐
ocuaxb	𢞒
ocxblq	𢞓
ocroxb	𢞔
ocxbhe	𢞕
ocxbxn	𢞖
ocbdnm	𢞘
ocggxb	𢞚
ocxbxp	𢞜
ocxbmi	𢞞
ocxbgc	𢞟
ocxbgz	𢞡
ochvsi	𢞨
ochdxb	𢞩
ocxbwu	𢞬
oclqxb	𢞭
ocvrxb	𢞯
ocmbsi	𢞰
ocjixb	𢞱
ocxbvd	𢞲
ocxben	𢞴
ocfwbi	𢞵
ocxbtr	𢞶
ocxbgs	𢞺
ocxbjm	𢞻
ocxbjp	𢞼
ocmixb	𢞽
ocyuxb	𢞿
ocmaxb	𢟀
ocbjxb	𢟁
ocxqxb	𢟅
oclixb	𢟆
ocxbks	𢟈
ocxbig	𢟊
ocxbvv	𢟋
ocxbua	𢟌
ocxbtu	𢟎
ocxblp	𢟏
ocxbvu	𢟐
ocxbxr	𢟑
ocxbng	𢟒
ocxbzd	𢟓
ocxbtv	𢟔
ocxbna	𢟕
ocxbjb	𢟖
ocxbnp	𢟗
ocxbvf	𢟙
ocxxxb	𢟜
ocxbyb	𢟝
ocxbds	𢟞
ocxbga	𢟟
ocxbli	𢟢
ocxbyh	𢟣
ocxblu	𢟧
ocxbmh	𢟨
ocxbhv	𢟩
ocjixb	𢟪
ocmjxb	𢟮
ocruxb	𢟲
ocxblv	𢟳
ocxbru	𢟹
ocuexb	𢟻
ocxbmg	𢟼
ocmoxb	𢟽
ocxbse	𢠁
ocxbii	𢠂
ocxbis	𢠄
ocxbis	𢠅
ocxbts	𢠆
ocxbxu	𢠇
ocxbpb	𢠈
ocxbou	𢠉
ocxbsj	𢠊
ocxbql	𢠌
ocxbky	𢠎
ocxbhe	𢠏
ocxbyu	𢠐
ockhxb	𢠓
ocjmxb	𢠔
ocldrf	𢠗
ocouxb	𢠙
octzxb	𢠚
ocjnxb	𢠛
ocgoxb	𢠝
ocxbkz	𢠠
ocxbww	𢠢
ocxbif	𢠣
ocxbdj	𢠤
ocxbqm	𢠥
ocxbmb	𢠨
ocxbma	𢠩
ocxbuu	𢠫
ocxbji	𢠭
ocxblh	𢠯
ocxbcs	𢠰
ocxbfu	𢠲
ocxbbi	𢠳
oclbxb	𢠴
ocxbih	𢠵
ocmfxb	𢠶
ocxbxl	𢠷
ocdjxb	𢠸
ocxbsi	𢠹
ocxbfa	𢠺
ocxbdd	𢠻
ocxbmd	𢠼
ocxbxl	𢠽
ocxbww	𢠿
ocxbhw	𢡀
octhxb	𢡂
oclihr	𢡃
ocxbgu	𢡇
ocxbge	𢡍
ocxbyu	𢡎
ocmgxb	𢡗
ocmfff	𢡙
ocxbti	𢡚
ocmjxb	𢡛
ocxbkr	𢡜
ocsvxb	𢡢
ocmfmb	𢡥
ocxbji	𢡧
ocxbdg	𢡩
ocvvxb	𢡫
ocqbxb	𢡮
ocgoxb	𢡲
ocwwxb	𢡺
ocmbxb	𢡻
ocxbxm	𢡿
ocxbjm	𢢀
ocxbij	𢢁
ocxbjp	𢢂
ocxbic	𢢅
ocxbuj	𢢆
ocxbzv	𢢇
ocxbhj	𢢈
ocroxb	𢢉
ocxbdv	𢢊
ocihxb	𢢌
ocxbpu	𢢏
ocbwxb	𢢑
ocxbys	𢢓
ocxbge	𢢖
ocxbuu	𢢗
ocxbxp	𢢚
ocxbye	𢢜
ocxbsv	𢢝
ocjpxb	𢢣
ocxbjk	𢢩
ociyxb	𢢫
ocxbqb	𢢬
ocyuxb	𢢭
ocxbww	𢢯
ocxbye	𢢲
ocxbua	𢢴
ocyrxb	𢢵
ocmaxb	𢢷
ocxbpn	𢢼
ocxbvi	𢢾
ocxbyi	𢣂
ocxbsv	𢣃
ocxbgo	𢣄
ocxblo	𢣅
ocxbss	𢣆
ocxbxb	𢣇
ocpuxb	𢣋
ocbwxb	𢣍
ocxbbb	𢣐
ocyixb	𢣕
ocxbme	𢣗
ocwwxb	𢣘
ocxber	𢣚
ocisli	𢣛
ocyuxn	𢣟
oclmxb	𢣣
ocxbxy	𢣤
occjxb	𢣥
ocxbbi	𢣦
ocxbyb	𢣩
ocvhxb	𢣪
ocyirv	𢣫
ocerxb	𢣭
ocguxb	𢣯
ocybxb	𢣰
ocrvuu	𢣳
ocxbvd	𢣷
ocxbyu	𢣸
ocxbjb	𢣺
ocxbca	𢣼
ocxbmo	𢣾
ocxblv	𢣿
ocxkxb	𢤀
oclixb	𢤂
ocnixb	𢤃
ocxbwj	𢤆
ocxbma	𢤇
ocuixb	𢤊
occoxb	𢤎
ockdhr	𢤏
oclqxb	𢤐
ocvlxb	𢤖
ocxbuh	𢤗
ocxbvf	𢤝
ocxbxm	𢤞
ocxbvf	𢤟
ocxbie	𢤠
ocxblw	𢤡
ocxbre	𢤢
ocxbjm	𢤣
ocisxb	𢤤
ocxbyk	𢤨
ocxbli	𢤩
ocxbsv	𢤪
ocxbju	𢤫
ocxbff	𢤬
ocxbls	𢤱
oclsxb	𢤲
ocduxb	𢤷
ocxbsv	𢤸
ocjuxb	𢤹
ocxbyi	𢤻
ocxbjn	𢤼
ocxbxk	𢤽
ocxbxt	𢤾
ocldxb	𢤿
ocyzug	𢥀
ocxbvu	𢥃
ocxbjb	𢥅
ocxbvj	𢥇
ocxblu	𢥈
ocxbdh	𢥉
ocxblj	𢥊
ocxbxm	𢥌
ocxbyk	𢥏
ocvhxi	𢥔
oclixb	𢥗
ocyzjl	𢥙
ocxbjt	𢥚
ocxbis	𢥞
ocxbul	𢥠
ocxbjb	𢥢
ocyrxb	𢥧
ocxbnj	𢥪
ocyyxb	𢥫
ocxbli	𢥬
ocyixx	𢥭
ocizxb	𢥰
ocxbyj	𢥴
ocxiyi	𢥷
ocxblj	𢥸
ocxbba	𢥻
ocxbli	𢥾
ocxbgu	𢦃
ocxbgj	𢦅
ocxbmj	𢦈
ocgrxb	𢦉
ocpolm	𢦋
ochgge	𢦌
ocgepp	𢦍
ocjqge	𢦎
ocuige	𢦏
ocklge	𢦐
ocyiuj	𢦑
ocfgge	𢦒
ocwudc	𢦓
occdge	𢦔
ocqrge	𢦖
ocgewj	𢦗
ocgeyc	𢦙
ocgeji	𢦚
occsge	𢦜
ocgevx	𢦞
ocgejb	𢦟
ocgewu	𢦠
ocwugj	𢦡
ocgeri	𢦣
ocpmge	𢦤
ocgelq	𢦥
ocgejx	𢦦
ocmcge	𢦧
ocgeys	𢦨
ocwuwu	𢦩
ockege	𢦪
ocxige	𢦫
ocgewa	𢦭
ocguge	𢦮
octdge	𢦯
ocwujb	𢦲
ocgevu	𢦴
ocgemc	𢦵
ocxuuv	𢦹
ocwuvc	𢦽
ocifge	𢦿
ochjge	𢧀
ocbuge	𢧁
ocjyge	𢧃
ocigge	𢧄
ocyuge	𢧅
ocgehj	𢧆
ocxige	𢧉
ochori	𢧋
ocgeig	𢧌
octmge	𢧏
ocdjge	𢧐
ocwuhj	𢧒
ocwuig	𢧓
ocgeiy	𢧔
ocdyge	𢧕
ocdkga	𢧖
ocgoge	𢧘
ocysge	𢧙
ocnmig	𢧚
ocjmge	𢧥
ocwuyc	𢧦
ocuujp	𢧧
ocgegv	𢧩
octhge	𢧪
ocshge	𢧱
ocwoxp	𢧲
ocysge	𢧳
ocaoge	𢧴
ocqtge	𢧵
ocgoge	𢧷
ocgemu	𢧹
ocluge	𢧽
ocmoge	𢨃
ocjrge	𢨄
oczgge	𢨉
ocxlho	𢨊
ochoho	𢨋
oczher	𢨑
octsge	𢨒
ocuage	𢨓
ocqmge	𢨔
ocvjge	𢨕
occdge	𢨝
ocgcge	𢨠
ochuve	𢨤
ochghu	𢨥
ochuui	𢨦
ochuer	𢨧
ochurf	𢨨
ochubi	𢨩
ochusi	𢨪
ochutu	𢨫
ochucc	𢨬
ochunv	𢨭
ochuqm	𢨮
ochuhu	𢨯
ochufu	𢨰
ochugs	𢨱
ochufh	𢨲
ochuhu	𢨳
ochuba	𢨴
ochuwu	𢨵
ochuli	𢨶
ochuqp	𢨷
ochuvu	𢨸
ochumc	𢨺
ochuui	𢨻
ochuye	𢨼
ochuhu	𢨽
ochubk	𢨿
ochuju	𢩁
ochuyz	𢩃
ochuvi	𢩄
ochuhe	𢩅
ochugf	𢩆
ochuer	𢩇
ochuvi	𢩈
ochugs	𢩉
ochugl	𢩊
ochuji	𢩋
ochurz	𢩌
ochumi	𢩎
ochufz	𢩏
ochulk	𢩑
ochufw	𢩒
ochuxk	𢩓
ochuya	𢩔
ochuhe	𢩘
ocqiqi	𢩙
ocbmsi	𢩚
ochugs	𢩛
ochuzu	𢩜
ocjxbm	𢩟
ocfhpg	𢩣
ocgumj	𢩤
ocuzyi	𢩥
ocveuz	𢩦
ocuzyi	𢩧
ocuzqn	𢩨
ocuzia	𢩩
ocuzln	𢩪
ocuzji	𢩫
ocuzdc	𢩬
ocuzcy	𢩭
ocuzyi	𢩮
ocuzcd	𢩱
ocuzuj	𢩳
ocuzjt	𢩴
ocuzji	𢩵
ocuzto	𢩷
ocwfuz	𢩸
ocuzxx	𢩹
ocuzme	𢩻
ocuzyc	𢩼
ocuzyi	𢩽
ocuzwj	𢩾
ocuzui	𢩿
ocuzda	𢪂
ocuzqp	𢪃
ocuzxi	𢪆
ocpjuz	𢪇
ocuzyb	𢪉
ocuzpu	𢪊
ocuzfg	𢪋
ocuzgs	𢪌
ocuzhx	𢪎
ocuzri	𢪏
ocuzcs	𢪐
ocuzji	𢪑
ocuzuz	𢪒
ocyuuz	𢪓
ocuzhu	𢪔
ocuzwf	𢪖
ocuzpu	𢪗
ocffuz	𢪘
ocuzrs	𢪚
ocuzwf	𢪛
ocuzjk	𢪝
ocuzvs	𢪠
ocuzwu	𢪥
ocuznq	𢪧
ocuzrs	𢪨
ocuzgd	𢪪
ocuzpj	𢪫
ocuzks	𢪬
ocuzrf	𢪭
ocuzmu	𢪮
ocuztd	𢪯
ocuzdd	𢪰
ocuzwu	𢪱
ocuzji	𢪳
ocuzpi	𢪵
ocuzhc	𢪶
ocuzmu	𢪷
ocwjuz	𢪸
ociguz	𢪻
ocuzsi	𢪾
ocguuz	𢪿
ocquuz	𢫀
ocuzjn	𢫃
ocuzva	𢫄
ocuzbf	𢫆
ocuzgu	𢫈
ocuzhh	𢫉
ocuzdv	𢫊
ocuztu	𢫋
ocuzta	𢫌
ocuzcs	𢫍
ocuzwd	𢫑
ocuzig	𢫒
ocuznu	𢫓
ocuzxr	𢫔
ocuzys	𢫕
ocuzuu	𢫖
ocuzbd	𢫗
ocuzlu	𢫘
ocuzdd	𢫙
ocuzqn	𢫚
ocuzyu	𢫛
ocuzds	𢫝
ocuzug	𢫞
ocuzui	𢫟
ocuzhs	𢫠
ocuzyy	𢫡
ocuzbw	𢫣
ocuzxs	𢫤
ocuzxb	𢫥
ocuzbd	𢫦
ocuzvz	𢫧
ocuzrs	𢫨
ocuzxq	𢫩
ocuzyu	𢫫
ocuzua	𢫬
ocuzrz	𢫭
ocuzfu	𢫯
ociruz	𢫰
ocuzxk	𢫱
occiuz	𢫴
ocuzzc	𢫵
ocuzwu	𢫸
ocuzdq	𢫻
ocuzis	𢫼
ocuzkh	𢬀
ocuzvl	𢬂
ocuzyb	𢬃
ocuzbk	𢬄
ocuzjm	𢬅
ocuzuz	𢬇
ocuzgr	𢬈
ocuzmi	𢬊
ocuzyj	𢬍
ocuzgf	𢬎
ocuzro	𢬏
ocuzxu	𢬐
ocuzqu	𢬑
ocuzir	𢬓
ocuzxt	𢬔
ocuzqi	𢬖
ocuzlw	𢬗
ocuzse	𢬘
ocyuuz	𢬙
ocuzdn	𢬚
ocuzsi	𢬡
ocuzdn	𢬢
ocuzxi	𢬣
ocuzkl	𢬤
ocuzjl	𢬥
ocuzli	𢬦
ocuznm	𢬧
ocuzru	𢬨
ocuzfa	𢬩
ocigdk	𢬫
ocigee	𢬬
ocuzxu	𢬮
ocuzjp	𢬱
ocuzhe	𢬲
ocuztu	𢬳
ocuzqi	𢬵
ocuzxi	𢬾
ocuzjp	𢬿
ocuzxi	𢭁
ocuzlc	𢭂
ocuzdz	𢭃
ocuzji	𢭄
ocuzxq	𢭆
ocuzcs	𢭇
ocuzfz	𢭉
ocuzjl	𢭎
ocuzuz	𢭏
octoii	𢭑
ocuzjq	𢭕
ocuzll	𢭗
ocuzqt	𢭙
ocuzke	𢭜
ocuzrf	𢭝
ocuzcf	𢭞
ocuzvu	𢭟
ocuzzo	𢭢
ocuzxn	𢭦
ocuzil	𢭩
ocuzke	𢭪
ocuzrr	𢭫
ocuzbj	𢭬
ocuzzc	𢭭
ocuzgd	𢭮
ocuzdu	𢭰
ocuzdj	𢭱
ocuzbw	𢭲
ocuzyz	𢭳
ocuzkk	𢭴
ocuznu	𢭵
ocuzww	𢭶
ocuzff	𢭷
ocuzxu	𢭸
ocuzlb	𢭹
ocuzvi	𢭺
ocuziv	𢭻
ocuzmn	𢭼
ocuzuf	𢭽
ocuzpg	𢭾
ocuzpw	𢭿
ocuziu	𢮀
ocuzyu	𢮁
ocuzxr	𢮂
ocuzff	𢮈
ocuzva	𢮊
ocuzig	𢮋
ocuzqs	𢮍
ocuzhu	𢮎
ocuzpz	𢮏
ocuzuh	𢮐
ocuzlu	𢮑
ocuzfu	𢮒
ocuzvi	𢮓
ocwjuz	𢮘
ocuzqr	𢮙
ocuzhc	𢮚
ocqiuz	𢮜
ocquuz	𢮝
ocuzbi	𢮧
ocuzgu	𢮩
ocuznu	𢮫
ocvoxn	𢮬
ocuzju	𢮭
ocuzke	𢮰
ocuzzs	𢮱
ocuzyu	𢮳
ocuzih	𢮵
ocuzfh	𢮷
ocuzan	𢮹
ocuzqq	𢮼
ocuzgk	𢮿
ocuztu	𢯂
ocuzlu	𢯅
ocuzde	𢯊
ocuzfu	𢯋
ocuzux	𢯍
ocuzyc	𢯎
ocuzbi	𢯏
ocuzgu	𢯐
ocuzgk	𢯑
ocuzba	𢯓
ocuzgx	𢯔
ocuzyi	𢯕
ocuzqp	𢯖
ocuzji	𢯗
ocuzhx	𢯘
ocuzvi	𢯙
ocuzru	𢯚
ocuzqi	𢯛
ocuzwu	𢯞
ocuztj	𢯟
ocuzbo	𢯠
ocuzyu	𢯡
ocuzso	𢯢
ocuzah	𢯤
ocuzyr	𢯥
ocuzld	𢯦
ocuzfu	𢯨
ocuzze	𢯩
ocuzdr	𢯫
ocuzww	𢯮
ocuzlv	𢯰
ocuzui	𢯶
ocuzww	𢯷
ocuzge	𢯹
ocuzyu	𢯺
ocuzyj	𢯼
ocuzmc	𢯾
ocuzbc	𢯿
ocuzfu	𢰆
ocuzsi	𢰇
ocuzvi	𢰗
ocuzyz	𢰛
ocuzmc	𢰝
ocuzyz	𢰠
ocuzhz	𢰡
ocuzuz	𢰢
ocuztd	𢰥
ocuziy	𢰦
ochguz	𢰨
ocuzzi	𢰩
ocuzys	𢰭
ocuzhu	𢰮
ocuzmw	𢰲
ocuzyc	𢰳
ocuzgu	𢰴
ocuzyk	𢰶
ocuzdm	𢰷
ocuzgo	𢰸
ocuzyt	𢰹
ocuzji	𢰽
ocuzdd	𢰾
ocuzmu	𢱁
ocuzke	𢱃
ocuzzi	𢱆
ocuzxx	𢱈
ocuzwd	𢱉
ocuzdu	𢱋
ocuzjx	𢱌
ocuzmm	𢱍
ocuzbd	𢱎
ocuzdk	𢱏
ocuzyc	𢱐
ocuzmw	𢱒
ocuzxi	𢱓
ocuzpf	𢱔
ocuzda	𢱕
ocuzmz	𢱖
ocuzku	𢱗
ocuzyj	𢱘
ocuzhd	𢱙
ocuzfg	𢱚
ocuzsa	𢱛
ocuzdd	𢱜
ocuzvo	𢱝
ocuzvo	𢱞
ocuzii	𢱟
ocuzso	𢱢
ocuzji	𢱣
ocuzss	𢱤
ocuzti	𢱦
ocuzwf	𢱨
ocuzgh	𢱫
ocuztv	𢱸
ocuzvf	𢲂
ocuzve	𢲃
ocuzii	𢲆
ocuzji	𢲈
ocuzli	𢲊
ocuzyj	𢲋
ocuzue	𢲌
ocuzui	𢲐
ocuzxn	𢲑
ocuzuj	𢲒
ocuzbj	𢲔
ocuztu	𢲛
ocuzsy	𢲜
ociyuz	𢲝
ocuzqp	𢲞
oczduz	𢲟
ocuzdj	𢲠
ocuzna	𢲡
ocuziu	𢲢
ocuzgc	𢲤
ocuzvf	𢲥
ocuzhd	𢲨
ocuzji	𢲩
ocuzmd	𢲪
ocuzma	𢲫
ocuzuu	𢲬
ocuzpw	𢲭
ocuzii	𢲮
ocuzjx	𢲯
ocuzgz	𢲱
ocuzlh	𢲲
ocuzue	𢲳
ocwwuz	𢲴
ocuzcc	𢲵
ocuzlu	𢲸
ocuzii	𢲹
ocuzvi	𢲼
ocuzbi	𢲾
ocuzma	𢳀
ocuzbi	𢳂
ocuzyj	𢳃
ocuzxr	𢳄
ocglie	𢳅
ocuzao	𢳆
ocuzzu	𢳇
oczuuz	𢳈
ocuzll	𢳑
ocsuuz	𢳔
ocuzve	𢳘
ocuzxn	𢳚
ocuzxi	𢳜
ocuzle	𢳝
ocuzts	𢳟
ocuzmh	𢳠
ocuzuh	𢳣
ocuzzc	𢳥
ocuzkh	𢳧
ocuzsu	𢳪
ocuzvh	𢳫
ocuzxt	𢳬
ocuzii	𢳯
ocuzdj	𢳱
ocuzly	𢳳
ocuzyu	𢳶
ocuzmb	𢳺
ocuzds	𢳾
ocuzbm	𢴂
ocuzhc	𢴅
ocuzqk	𢴆
ocuzvi	𢴇
ocuztu	𢴉
ocuzvu	𢴊
ocuzvs	𢴋
ocuzwf	𢴌
ocuzyb	𢴍
ocuzto	𢴎
ocuzyb	𢴏
ocuzyi	𢴐
ocuzxi	𢴑
ocdvho	𢴒
ocuzfj	𢴔
ocuzqi	𢴖
ocuzdj	𢴗
ocuzcd	𢴘
ocuzld	𢴙
ocuzni	𢴚
ocveji	𢴛
ocuzif	𢴟
ocuzbf	𢴢
ocuzzg	𢴣
ocuzth	𢴤
ocuzhv	𢴥
ocuzxl	𢴦
ocuzer	𢴧
ocuzbi	𢴩
ocuzkr	𢴪
ocuzbj	𢴬
ocjtuz	𢴭
ocuzxu	𢴮
ocuzji	𢴰
ocuzjp	𢴲
octhuz	𢴳
ocuzyj	𢴵
ocjtuz	𢴺
ocuzyc	𢴽
ocuzbw	𢴾
ocuzic	𢴿
ocuzsy	𢵀
ocuzyy	𢵆
ocuzuj	𢵈
ocuzbm	𢵉
ocuzdz	𢵋
ocuzdv	𢵌
ocuzlm	𢵑
ocuzic	𢵒
ocuzpg	𢵓
ocuzij	𢵔
ocuzju	𢵗
ocuztc	𢵘
ocuztp	𢵚
ocuzcd	𢵛
ocuzbf	𢵜
ocuzmc	𢵝
ocuzfw	𢵞
ocjpuz	𢵠
ocqbuz	𢵡
ocuzmb	𢵢
ocuzee	𢵣
ocucuz	𢵥
ocuzdr	𢵦
ocuzjm	𢵧
ocbcuz	𢵨
ocuzdv	𢵩
ocuzfw	𢵪
ocuzdm	𢵫
ocuzxy	𢵬
ocuzld	𢵭
ocuzmd	𢵯
ocuzgw	𢵰
ocuzsf	𢵳
ocuzgo	𢵵
ocuzdy	𢵶
ocuzge	𢵷
ocuzji	𢵸
ocuzvj	𢵺
ocuzve	𢵻
ocuzyt	𢵼
ocuzuu	𢵽
ocuzzv	𢶀
ocuzyy	𢶂
ocuzfj	𢶃
ocfuye	𢶄
ocuzxp	𢶆
ocuzbc	𢶉
ocuzpn	𢶏
ocuznn	𢶑
ocuzhv	𢶒
ocuzjm	𢶕
ocuzhv	𢶙
ocysuz	𢶜
ocuzua	𢶞
ocuzww	𢶟
ocjnuz	𢶡
ocuzdp	𢶣
ocuzxt	𢶤
ocuzlm	𢶧
ocuzzd	𢶪
ocuzug	𢶫
ocuzwj	𢶯
ocuzcs	𢶰
ocuziz	𢶲
ocuzci	𢶴
ocuzyi	𢶶
ocuzjp	𢶷
ocuzan	𢶹
ocuzww	𢶼
ocuzvi	𢶾
ocuzdy	𢶿
ocuzyu	𢷀
ocuznj	𢷁
ocuzcj	𢷂
ocuznc	𢷃
ocuzmp	𢷄
ocuzlu	𢷅
ocuzdj	𢷆
ocuzku	𢷈
ocuzsv	𢷊
ocuzpu	𢷏
ocuzjp	𢷒
ocuzhe	𢷓
ocuzyi	𢷔
ocuzmc	𢷕
ocuzju	𢷗
ocuzqm	𢷘
ocuzks	𢷙
ocuzxy	𢷠
ocuzyu	𢷣
ocuzyj	𢷩
ocuzkv	𢷪
ocuzyc	𢷫
ocuzuz	𢷬
ocuzdv	𢷮
ocuzqk	𢷰
ocuzkv	𢷴
ocuzwu	𢷵
ocuzlq	𢷶
ocuzvu	𢷷
ocuzvg	𢷸
ocuzmd	𢷺
ocuzyr	𢷻
ocxkuz	𢸁
ocuzjm	𢸄
ocuzfj	𢸅
ocuzmo	𢸆
ocvdqm	𢸈
ocuzth	𢸋
ocuzvf	𢸍
ocuzkr	𢸎
ocuzdi	𢸑
ocuzxm	𢸒
ocuzmo	𢸓
ocuzgo	𢸗
ocuzln	𢸘
ocuzpg	𢸚
ocuzdn	𢸛
ocuzqm	𢸝
ocuzdg	𢸞
ocuzjm	𢸟
ocuzke	𢸠
ocuzii	𢸡
ocuzvr	𢸢
ocuzyi	𢸤
ocuzyi	𢸦
ocuzvf	𢸩
ocuzsu	𢸫
oclsuz	𢸭
ocuzxn	𢸳
ocuzbi	𢸵
ocuztz	𢸸
ocuzjn	𢸺
ocuzjb	𢸼
ocuzxk	𢸾
ocuzyk	𢹃
ocuzvo	𢹅
ocuzxp	𢹆
ocuztu	𢹉
ocuzii	𢹊
ocuzii	𢹌
ocuzff	𢹔
ocuzqk	𢹘
ocuzxm	𢹛
ocuzdc	𢹡
ocuzjn	𢹣
ocuzqu	𢹤
ocuzlm	𢹦
ocuziz	𢹧
ocuzul	𢹩
ocuzsj	𢹪
ocqpmi	𢹫
ocuzxn	𢹱
ocuzsa	𢹵
ocuzee	𢹷
ocuzlj	𢹹
ocuzza	𢹼
ocuzgv	𢹾
ocuzli	𢹿
ocuzfu	𢺁
ocuzjm	𢺃
ocuzgr	𢺄
ocuzqm	𢺅
ocnjuz	𢺋
ocuzla	𢺎
ocuzpj	𢺏
ocuzyi	𢺐
ocuzlw	𢺑
ocuzyb	𢺓
ocuzbc	𢺔
ocuzyj	𢺘
ocuzlj	𢺙
ocuzvs	𢺚
ocuzij	𢺛
ocuzyy	𢺝
ocuzba	𢺞
ocuzij	𢺟
ocuzuu	𢺡
ocuzlw	𢺢
ocuziy	𢺨
ocuzhs	𢺩
ocuztk	𢺭
ocuzwj	𢺯
ocuzlk	𢺰
ocuzmj	𢺳
ocbivi	𢺵
ocvijb	𢺶
ocfuvi	𢺷
ocvivi	𢺸
ocffvi	𢺹
ocviff	𢺺
ocfuvi	𢺻
ocjbvi	𢺼
ocycvi	𢺽
ocdivi	𢺾
ocuivi	𢺿
ocfzvi	𢻂
ocquvi	𢻅
ochevi	𢻆
ocmkvi	𢻇
ocvido	𢻈
ochdvi	𢻉
ocwuvi	𢻊
ocvilv	𢻋
ocyivi	𢻌
ocxkvi	𢻏
ocqlvi	𢻐
ocyjvi	𢻑
ocuhvi	𢻒
ocxlvi	𢻓
ocgovi	𢻔
ocybvi	𢻕
ocuivi	𢻖
ocshvi	𢻚
ochdvi	𢻜
ocguvi	𢻠
oclnvi	𢻢
ocqnvi	𢻤
oczcvi	𢻥
ocuuvi	𢻧
ocqivi	𢻪
ocyepu	𢻫
ocwhwf	𢻬
ocucpu	𢻭
ocerwf	𢻮
ocwfzi	𢻯
ocsipu	𢻰
ocyewf	𢻱
ocfupu	𢻳
octypu	𢻴
ocfupu	𢻵
ocjbpu	𢻶
ocbapu	𢻷
ocyypu	𢻸
ocbiwf	𢻹
ochupu	𢻻
ocybpu	𢻼
ocpuyt	𢻿
ocrspu	𢼀
ocycwf	𢼂
ocgzwf	𢼃
ochuwf	𢼄
ocfuwf	𢼆
ocyywf	𢼇
ocybwf	𢼈
octdwf	𢼉
octawf	𢼊
ocbcpu	𢼌
ociupu	𢼍
ocvapu	𢼎
ocjuwf	𢼑
ocjupu	𢼒
ocjxwf	𢼓
ockewf	𢼔
ocdiwf	𢼕
ocuipu	𢼗
ocxswf	𢼙
ocgepu	𢼛
ocyiwf	𢼜
ocyhpu	𢼝
ocuapu	𢼢
ocjipu	𢼣
ocuepu	𢼤
ocgspu	𢼦
ocifpu	𢼧
ocwwpu	𢼨
ocbkpu	𢼩
ocgswf	𢼭
ocwwwf	𢼮
ocglpu	𢼯
ocqupu	𢼰
ocvupu	𢼲
ocklwf	𢼳
ocglwf	𢼴
ochdwf	𢼵
ocbkwf	𢼶
ocfupu	𢼹
ocvepu	𢼺
octopu	𢼻
ocxnpu	𢼼
ocgupu	𢼽
ocpull	𢽂
octkpu	𢽄
octuwf	𢽈
ocwjwf	𢽉
ocfuwf	𢽊
ocgcwf	𢽍
ochjwf	𢽎
ocjywf	𢽏
ocxnwf	𢽐
ocxswf	𢽔
ocjmpu	𢽕
ocwwwf	𢽙
ocnnpu	𢽜
ocvvpu	𢽝
ocxkpu	𢽞
ocldwf	𢽟
ocyjwf	𢽡
ockspu	𢽦
ocvzpu	𢽧
ochupu	𢽨
ocpgpu	𢽩
ocvzpu	𢽪
ocdswf	𢽬
ocvzwf	𢽰
ocyjwf	𢽱
ocliwf	𢽲
oclbwf	𢽳
ocnnwf	𢽷
ochywf	𢽹
ocyjwf	𢽻
ocqiwf	𢽽
ocxtpu	𢽾
ocvepu	𢾀
ocwwpu	𢾁
ocyuwf	𢾄
ocduwf	𢾅
ocjppu	𢾆
ocfupu	𢾇
ocqbwf	𢾉
octkpu	𢾊
octjpu	𢾋
ociypu	𢾎
ockepu	𢾏
ocybpu	𢾑
ocdupu	𢾖
oclwwf	𢾗
ocvgvi	𢾘
ocyhpu	𢾙
ocybwf	𢾚
octkwf	𢾛
ociywf	𢾜
ocwwwf	𢾝
octjwf	𢾡
ocufwf	𢾤
ocvgpu	𢾧
ochepu	𢾩
ocshpu	𢾪
ociipu	𢾫
ocvrwf	𢾭
ocgspu	𢾮
ocrupu	𢾯
ocropu	𢾲
occcwf	𢾳
ocfwwf	𢾺
ocfwpu	𢾻
ocrowf	𢾼
ocigpu	𢾽
ocgepu	𢾿
ocyrwf	𢿃
oclupu	𢿇
occjpu	𢿈
ociivg	𢿋
ocpnpu	𢿏
ocgrpu	𢿒
ocmjpu	𢿕
ocpnwf	𢿖
oclywf	𢿗
ocquwf	𢿛
ocmjwf	𢿜
oclnpu	𢿞
ocbfpu	𢿠
ocycpu	𢿣
ocdgpu	𢿤
ocfjpu	𢿥
octhpu	𢿧
ocycwf	𢿲
octhwf	𢿵
occepu	𢿸
oclbwf	𢿻
ocxywf	𢿼
oczcpu	𢿾
ocsepu	𢿿
oclwpu	𣀀
ocvjpu	𣀁
oclmpu	𣀃
ocuuwf	𣀈
oczcwf	𣀉
oclmwf	𣀊
ocerpu	𣀑
ocjupu	𣀒
ocuzpu	𣀓
ocsrpu	𣀔
ocuzwf	𣀘
ocbcpu	𣀛
oclepu	𣀝
oclvpu	𣀞
ocbauu	𣀟
ocbcwf	𣀠
oclipu	𣀥
ocqiwf	𣀬
ocxlpu	𣀮
ocffpu	𣀲
ocnpwf	𣀳
oczjpu	𣀶
oclipu	𣀷
ocjmpu	𣀸
oczjwf	𣀹
ocuupu	𣀻
ocuuwf	𣀼
ocrfwf	𣁁
ocxnwf	𣁂
ocwfnq	𣁄
ocfhwf	𣁅
ocwfbi	𣁆
ocwfvg	𣁇
ocwfbc	𣁈
ocbiwf	𣁉
ocbkwf	𣁊
ocwfzc	𣁌
ocwfyj	𣁎
ocyuwf	𣁏
ocwfjm	𣁐
ocwfvu	𣁑
ocnnwf	𣁓
oclbju	𣁔
ocvowf	𣁖
octjwf	𣁗
ocwfgo	𣁘
ocwfji	𣁚
ocmjwf	𣁜
ocwfys	𣁠
ocwfpn	𣁡
ocbiwf	𣁢
oclbwf	𣁣
ocwfjm	𣁥
ocbbqr	𣁦
ocklui	𣁬
ocfgdz	𣁮
ocdzyr	𣁯
ocdzjb	𣁰
ocufdz	𣁱
ocdzds	𣁲
ocuedz	𣁳
ochedz	𣁴
ocyhdz	𣁵
ocdzvc	𣁶
ocihdz	𣁸
ocdzyz	𣁹
ocvedz	𣂃
ocgodz	𣂄
ocphdz	𣂆
ocdidz	𣂉
ocwwdz	𣂊
ochugc	𣂋
ocdzuu	𣂌
ocmjdz	𣂎
oclijb	𣂒
ocjbtu	𣂓
ocpmjb	𣂔
ocqijb	𣂕
ockdjb	𣂖
ocjkjb	𣂗
ocppjb	𣂘
ocjbii	𣂙
ocvujb	𣂛
ocifjb	𣂜
ocjbxl	𣂝
oclljb	𣂞
ocvojb	𣂣
ocpgjb	𣂤
ocqijb	𣂦
ocyijb	𣂨
ocivjb	𣂩
ocyajb	𣂪
ocyujb	𣂮
ochejb	𣂰
octkjb	𣂳
ocjbtk	𣂴
octrjb	𣂵
ocjbjb	𣂷
ocqujb	𣂻
ocgojb	𣂽
ocuujb	𣃁
ochxjb	𣃂
ocjkjb	𣃄
ocdgjb	𣃆
ocvujb	𣃈
ocjbdh	𣃉
ocsrjb	𣃍
ocjbjb	𣃏
ocvujb	𣃑
ocqujb	𣃖
ocfhdc	𣃗
ocfhge	𣃘
ocfhkh	𣃚
ocfhho	𣃛
ocdzfh	𣃜
ocfhyh	𣃝
ocfhlk	𣃠
ocfhxr	𣃡
ocfhpi	𣃣
ocpifh	𣃤
ocfhdn	𣃫
ocfhkl	𣃱
ocyuer	𣃶
ocfhgu	𣃺
ocfhyj	𣃾
ocfhuz	𣄁
ocfhjp	𣄂
ocfhqi	𣄃
ocfhqb	𣄄
ocfhly	𣄇
ocfhjy	𣄈
ocpofh	𣄋
ocfhui	𣄍
ocfhvr	𣄎
ocyuzd	𣄒
ocfhbi	𣄓
ocfhpn	𣄔
ocfhsv	𣄚
ocfhts	𣄛
ocfhgv	𣄜
ocfhqm	𣄝
ocfhyu	𣄣
ocfhlu	𣄤
ocphvi	𣄥
ocphli	𣄬
ocjikz	𣄮
ocjike	𣄰
ocjigv	𣄱
ocjiww	𣄲
ocwuir	𣄳
ocjijk	𣄴
ocjkji	𣄵
ocjigo	𣄸
ocxiwu	𣄹
ocjiww	𣄺
ocriyi	𣄻
ochgri	𣄼
ocyiri	𣄽
ocdjhg	𣄾
ocridk	𣄿
ocwfri	𣅀
ocrirf	𣅁
ocriwf	𣅂
ocribu	𣅃
ocviri	𣅄
ocrind	𣅅
ocriwh	𣅇
ocwfri	𣅈
ocrirf	𣅉
ocrikz	𣅊
ocriqm	𣅋
ocqmri	𣅌
ocklri	𣅍
ocqmri	𣅑
ocrito	𣅒
ocrinv	𣅓
ocriir	𣅕
ocriwh	𣅖
ocriji	𣅗
ocrikv	𣅘
ocrikv	𣅙
ocrinw	𣅚
ocbiri	𣅜
ocriyb	𣅟
ocriqi	𣅠
ocrigk	𣅡
ocriqr	𣅤
ocrihu	𣅥
ocwhri	𣅨
ocribi	𣅪
ocrinq	𣅫
ocriug	𣅮
ocgdri	𣅰
ocriiz	𣅴
ocrixb	𣅵
ocrilq	𣅶
ocrixs	𣅷
ocrita	𣅸
ocriyz	𣅺
ocrijs	𣅻
ocrijx	𣅼
ocriiu	𣅽
ocrjri	𣅾
ocritd	𣅿
ocrirj	𣆀
ocpiri	𣆁
ocrixr	𣆂
ocrifj	𣆅
ocribd	𣆆
ocuiri	𣆇
ocriwu	𣆈
ocwjri	𣆌
ocripi	𣆏
ocrilu	𣆐
occeri	𣆑
ocriuu	𣆒
ocrivz	𣆔
ocrihl	𣆖
ocrihe	𣆗
ocrili	𣆘
ocrihj	𣆙
ocrido	𣆚
ocxiri	𣆛
ocrier	𣆝
ocdjvg	𣆞
occidj	𣆟
ocriww	𣆡
ocriis	𣆣
ocglri	𣆤
ocglri	𣆥
ocrivu	𣆦
ocjqri	𣆫
ocriuu	𣆭
ocrivl	𣆮
ocrixk	𣆯
ocriyi	𣆰
ocricy	𣆱
ocrigg	𣆳
ocriyj	𣆴
ocrijq	𣆵
ocmmri	𣆶
ocrixn	𣆺
ocriqi	𣆻
ocjqri	𣇀
ocrijk	𣇁
ocricf	𣇂
ocjrjq	𣇃
ocrive	𣇄
ocriqi	𣇅
ocriss	𣇆
ocyjdj	𣇇
ocrijy	𣇉
ocrifz	𣇊
ocridv	𣇋
ocrivi	𣇌
ocrijx	𣇍
ocrixk	𣇏
ocriii	𣇐
ocriig	𣇒
ocrifg	𣇔
ocriwo	𣇕
ocliri	𣇘
ocrixb	𣇛
ocribw	𣇜
ocrilg	𣇝
ocriyu	𣇞
ocrilc	𣇟
ocriji	𣇠
ocriji	𣇡
ocribi	𣇢
ocrivi	𣇣
ocrihu	𣇤
ocriiv	𣇦
ocrivi	𣇧
ocrili	𣇨
ocyari	𣇩
ocrigo	𣇫
ocriqs	𣇬
ocrilb	𣇰
ocrihy	𣇲
ocriqi	𣇳
ocmklq	𣇴
ocrimk	𣇵
ocrifh	𣇷
ocmbri	𣇹
ocdmri	𣇺
ocrizs	𣇼
ocrivo	𣇽
ocrilk	𣇾
ocriyc	𣇿
ocriky	𣈀
ocmkrf	𣈂
ocriru	𣈃
ocricd	𣈄
oclbri	𣈅
ocbumk	𣈇
ocuuri	𣈉
ocmuri	𣈊
ocriye	𣈋
ocriyi	𣈍
ocrixi	𣈏
ocrixk	𣈑
ocriqi	𣈒
ocripi	𣈓
ocridm	𣈔
ocrimw	𣈕
ocrifg	𣈖
ocderi	𣈗
ocridm	𣈘
ocrili	𣈙
ocrivl	𣈚
ocrigx	𣈛
ocride	𣈜
ocriks	𣈞
ocyhxy	𣈟
ocuivh	𣈡
ocribw	𣈢
ocrimm	𣈣
ocriyu	𣈥
ocriyu	𣈦
ocrigj	𣈨
ocukri	𣈪
ocriyu	𣈫
ocritr	𣈬
ocriyu	𣈭
ocriui	𣈮
ocriyu	𣈯
ocrifu	𣈰
ocufyi	𣈱
ocrimw	𣈲
ocrimm	𣈳
ocrimn	𣈴
ocriyu	𣈵
ocrihg	𣈶
ocrihl	𣈷
ocrimw	𣈸
ocriyc	𣈹
ocrizd	𣈻
ocrifg	𣈼
ocriye	𣈽
ocfgui	𣉄
ocrizz	𣉅
ocriui	𣉆
ocrize	𣉇
ochyvc	𣉈
ocrigv	𣉉
ocriyc	𣉋
ocriww	𣉌
ocriww	𣉍
ocriia	𣉎
ocrilk	𣉏
ocriuu	𣉐
ocrihe	𣉒
ocrizc	𣉔
ocrish	𣉕
ocriah	𣉗
ocngri	𣉘
ocriua	𣉜
ocyirs	𣉝
ocrigc	𣉞
ocriqi	𣉟
ocqqyh	𣉠
ochjtk	𣉡
ocrimi	𣉢
ocrixy	𣉤
ocriyb	𣉥
ocrixn	𣉧
ocrigv	𣉨
ocrihl	𣉪
ocriyh	𣉫
ocrivf	𣉮
octuri	𣉯
ocrivi	𣉲
ocriba	𣉳
ocrivi	𣉴
ocriiu	𣉵
ocrihc	𣉶
ocyili	𣉷
ocriji	𣉸
ocrixu	𣉹
ocyhui	𣉺
ocrigd	𣉼
ocrili	𣉽
ocriqu	𣉾
ocricc	𣉿
ocaori	𣊁
ocwuri	𣊃
ocriyb	𣊇
ocrilu	𣊈
ocriji	𣊉
ochjvi	𣊋
ocridv	𣊌
ocrima	𣊍
ocrivi	𣊎
ocriif	𣊐
ocuisi	𣊒
ocviri	𣊓
ocriyj	𣊕
ocjkda	𣊖
ocriyu	𣊗
ocriyu	𣊘
ocrivj	𣊙
ocriix	𣊞
ocrigj	𣊟
ocxixi	𣊣
ocxuif	𣊤
ocmkmk	𣊧
ocrifj	𣊩
ocihih	𣊫
ocriuy	𣊬
ocriyy	𣊯
ocriwu	𣊲
ocribi	𣊶
ocyiyi	𣊷
ocrits	𣊹
ocrijm	𣊺
ocjkll	𣊼
ocribw	𣊾
ocriic	𣊿
oclcxk	𣋀
ocrizv	𣋁
ocriic	𣋂
ocriil	𣋃
ocxixl	𣋄
ocriao	𣋉
ocridj	𣋊
ocrimm	𣋋
ocrins	𣋏
ocmkve	𣋐
ocriye	𣋑
ocrikv	𣋒
ocridm	𣋔
ociyfg	𣋕
ocrizv	𣋖
ocrihv	𣋘
ocridm	𣋙
ocrixb	𣋚
ocrilo	𣋛
ocrijb	𣋜
ocrizc	𣋝
ocrime	𣋟
ocriqi	𣋠
ocrijk	𣋢
ocrijm	𣋣
ociyqb	𣋨
ocrila	𣋩
ocribb	𣋪
ocjmri	𣋫
ocriuz	𣋬
ocbcfj	𣋰
ocrile	𣋵
ocriqs	𣋶
ocrigl	𣋷
ocribi	𣋹
ocrimd	𣋺
ocrimp	𣋻
ocrilu	𣋼
ocrijm	𣋽
ocrike	𣋾
ocrivu	𣌁
ocrivu	𣌂
ocrili	𣌅
ocrivu	𣌆
ocrixx	𣌊
ocrilm	𣌋
ocxkxu	𣌌
ocrinp	𣌍
ocuiww	𣌎
ocdeho	𣌏
ocyidv	𣌒
ocriee	𣌔
ocrixy	𣌕
ocrinj	𣌖
ocrijt	𣌗
ocrikj	𣌙
ocxkli	𣌜
ocpuyh	𣌞
ocrilk	𣌟
ocrixn	𣌢
ocriuc	𣌤
ocriff	𣌥
ocriyu	𣌦
ocufyy	𣌨
ocribw	𣌫
ocheri	𣌭
ocrivz	𣌮
ocriji	𣌯
ocrile	𣌰
ocquuc	𣌱
ocquyt	𣌴
ocquji	𣌵
ocgsqu	𣌶
ocriji	𣌸
ocqupi	𣌹
ocqujn	𣌺
ocufds	𣌾
ocriiu	𣌿
ocqudd	𣍀
ocwwqu	𣍁
ocguqu	𣍂
ocjmuf	𣍃
ocbnqu	𣍅
ocggqu	𣍇
ocrigo	𣍉
ochejb	𣍊
ochvxx	𣍋
ocyrqu	𣍍
oczgyr	𣍎
ocggia	𣍏
ocwuhv	𣍐
ocrier	𣍓
ocquyc	𣍕
occcds	𣍖
ocqbqu	𣍗
ocgglm	𣍙
ocuulk	𣍚
ocppyt	𣍝
ocytrf	𣍞
ocytqi	𣍠
ocqiyt	𣍣
ocuvyt	𣍤
ocytxs	𣍦
ociuyt	𣍧
ocyter	𣍨
ocythe	𣍩
ocytbk	𣍪
ocythu	𣍭
ocytni	𣍮
ocytjy	𣍯
ocytjx	𣍰
ocyths	𣍱
ocyzke	𣍳
ocytlb	𣍵
ocytll	𣍷
ocytho	𣍻
ocvzyt	𣍼
ocytyu	𣍾
ocytld	𣍿
ocytdm	𣎀
ocytuh	𣎃
ocythg	𣎄
ocythe	𣎅
ocyzig	𣎉
ocytmw	𣎊
ocguyz	𣎏
ocytkr	𣎑
ocytxr	𣎓
ocytxm	𣎔
ocytvi	𣎖
ocythw	𣎚
ocytmm	𣎜
ocytxy	𣎟
ocicyt	𣎠
ocpgdk	𣎡
ocytic	𣎢
ocytjn	𣎣
ocyzqu	𣎥
ocytcs	𣎨
ocyjyt	𣎩
ocytgc	𣎪
ocyttr	𣎫
ocyzfu	𣎬
ocytyi	𣎮
ocytxy	𣎰
ocytdh	𣎲
ocuier	𣎳
ochgge	𣎴
occcrf	𣎵
ocmuhg	𣎶
ocmuyi	𣎷
ocmuln	𣎸
ocklmu	𣎻
ocsimu	𣎼
ocqimu	𣎽
ocbcmu	𣎾
oceemu	𣎿
ocmudc	𣏀
ociauu	𣏂
ocmuxt	𣏃
octumu	𣏅
ocmume	𣏈
ocrfmu	𣏉
ocmusi	𣏌
oczimu	𣏍
ocmuya	𣏎
ocmuxi	𣏐
ocmujb	𣏑
ocmuyu	𣏓
ocvimu	𣏔
ocmuyb	𣏖
ocyumu	𣏗
ocmujb	𣏘
ocmuqi	𣏙
ocmuui	𣏚
ocmumm	𣏜
ocmurs	𣏝
ocmuyz	𣏞
ocmuyc	𣏠
ocmuzz	𣏡
ocmuvr	𣏢
ocmubm	𣏣
ocmufu	𣏤
ocmulq	𣏥
ochomu	𣏦
ocmuii	𣏧
ocmujk	𣏨
ocgemu	𣏩
ocmuul	𣏪
ocmuri	𣏬
ocmuwu	𣏭
ocppuu	𣏮
ocffmu	𣏰
ocmurf	𣏴
ocmuuv	𣏶
ocmuho	𣏹
ocmuks	𣏺
ocnmmu	𣏼
ocmupu	𣏽
ocmuge	𣏾
ocmutm	𣏿
ocmuwf	𣐀
ocyymu	𣐂
oceemu	𣐃
ocmuvs	𣐄
ocmurf	𣐅
ocmuqp	𣐆
ocfgmu	𣐇
ocnimu	𣐉
ocmuyt	𣐋
ocmupi	𣐌
ocmuwa	𣐎
ocmuci	𣐑
ocmujs	𣐒
ocmutk	𣐘
ocmuxr	𣐙
ocmuhs	𣐜
ocmuza	𣐝
ocmuyz	𣐞
ocmumb	𣐡
ocmujq	𣐤
ocmumu	𣐥
ocmund	𣐨
ocbdmu	𣐩
ocmutm	𣐬
ocmutm	𣐭
ocqqmu	𣐮
ociumu	𣐯
ocmujn	𣐲
ocmuui	𣐳
ocmuui	𣐴
ocgfmu	𣐻
ocliww	𣐽
ocmuxq	𣐾
ocmuyi	𣐿
ocmuwu	𣑀
ocmuis	𣑁
ocmusi	𣑇
ocmuzi	𣑉
ocmuzd	𣑊
ocmuuz	𣑋
ocvavc	𣑌
ocldxx	𣑎
ocmubk	𣑏
ocmudn	𣑐
ocmuzi	𣑑
ocghcy	𣑓
ocqrmu	𣑔
ocmuig	𣑕
ocsimu	𣑘
ocmuro	𣑚
ocwwrj	𣑜
ocmutr	𣑝
ochemu	𣑠
ocfamu	𣑡
ocmuxu	𣑢
ocmuxs	𣑤
ocgsmu	𣑦
ocmuhv	𣑩
ocmudo	𣑫
ocmuzc	𣑬
ocmuvz	𣑮
ocmuvc	𣑯
ocmulw	𣑳
ocmujl	𣑴
ocmuyu	𣑵
ocmuli	𣑶
ocmujm	𣑷
octsmu	𣑸
ocmuis	𣑺
ocmunm	𣑻
oclbji	𣑽
ocuhxk	𣑾
ocmuyi	𣒃
ocmuxp	𣒄
ocmuke	𣒆
ocmutu	𣒇
ocmugo	𣒌
ocmuhe	𣒍
ocssmu	𣒐
ocmumu	𣒑
ocmujq	𣒔
ocmuke	𣒖
ocmuqt	𣒗
ocmuxk	𣒙
ocuumu	𣒛
oclbir	𣒜
ocmuie	𣒞
ocwwqu	𣒠
ocujmu	𣒡
ocmumh	𣒣
ocgkmu	𣒧
ocmwmu	𣒫
ocmuiv	𣒱
ocmulc	𣒲
ocgswh	𣒳
ocmuxq	𣒴
ocmugd	𣒵
ocmuli	𣒶
oclumu	𣒷
ocyzmu	𣒼
ocmupg	𣒾
ocxbmu	𣓀
ocmubw	𣓂
ocmurv	𣓃
ocmull	𣓈
ocmujp	𣓉
ocmuui	𣓊
ocmubi	𣓋
ocmujq	𣓌
oclbmu	𣓏
ocmuyz	𣓐
ocmimu	𣓔
ocmujm	𣓖
ocldxi	𣓚
ocmufj	𣓦
ocbomu	𣓬
ocmulw	𣓭
ocfhmu	𣓯
oclbjp	𣓴
ocmumg	𣓶
ocmuwu	𣓸
ocpiuu	𣓺
ocmubn	𣓻
ocuilb	𣓼
ocmuyi	𣓾
ocmulc	𣓿
ocmuxb	𣔀
ocmumk	𣔂
ocmuff	𣔄
ocmujb	𣔅
ocmuqq	𣔆
ocvimu	𣔇
ocmufw	𣔉
ocmujb	𣔋
ocmutn	𣔌
ocmwmo	𣔍
ocmubi	𣔐
ocmubi	𣔓
ocrujp	𣔕
ocmuxb	𣔙
ocfumu	𣔚
ocmugu	𣔞
ocmuqb	𣔠
ocmupo	𣔡
ocmuii	𣔢
ocddyu	𣔣
ocmuui	𣔤
ocmuvg	𣔥
ocmukf	𣔨
ocuubu	𣔩
ocmugk	𣔪
ocmulu	𣔭
ocmuyu	𣔯
ocmuvi	𣔰
ocmudi	𣔴
ocmufj	𣔶
ocmumc	𣔺
ocmutu	𣔻
ocmugj	𣔼
ocgvmu	𣔽
ocmusv	𣔾
ocwamu	𣕁
ocmuyu	𣕃
ocxtmu	𣕇
ocmugz	𣕉
ocgzwf	𣕌
oclbtm	𣕎
ockomu	𣕔
ocmulv	𣕖
ocmumc	𣕚
ocmuzi	𣕜
ocmujl	𣕞
ocqbmu	𣕟
ocmuxl	𣕦
ocmujx	𣕧
oclbug	𣕪
ocmudu	𣕬
ocmuxk	𣕭
ociymu	𣕮
oclblk	𣕯
ocmuhg	𣕲
ocmutj	𣕴
ocmulk	𣕵
ocmuyk	𣕺
ocmukj	𣕻
oclbju	𣕽
oclbbi	𣕾
ocdrmu	𣖃
ocmuzd	𣖋
ocmuwd	𣖍
ocmupb	𣖎
ocmupo	𣖐
ocmuhz	𣖔
ocmupk	𣖕
ocmuii	𣖖
ocmuhs	𣖘
ocmumw	𣖙
ocmuqo	𣖚
oczumo	𣖛
ocmuww	𣖜
ocmuji	𣖟
ocmuvo	𣖠
ocmuze	𣖡
ocmozu	𣖢
ocldtd	𣖤
ocyuye	𣖦
ocmuid	𣖧
ocmuah	𣖮
ocmuci	𣖲
ocmuzo	𣖵
ocwumu	𣖶
ocmuji	𣖷
ocmulv	𣖺
ocyrtu	𣗃
ocmuhl	𣗄
ocmuan	𣗈
ocmudh	𣗋
ocmumi	𣗌
ocmuvf	𣗑
ocmuvf	𣗒
ocwwve	𣗓
ocmutv	𣗔
ocmusu	𣗖
ocmutd	𣗘
ocmunj	𣗙
oclbge	𣗛
ocmubj	𣗝
ocmuyj	𣗤
ocuuuu	𣗥
ocuuys	𣗧
ocmuia	𣗪
ocmuiz	𣗬
ocmuna	𣗯
oclixx	𣗱
ocmugh	𣗵
ocmuyh	𣗹
ocmuyr	𣗼
oclyvu	𣗾
ocmuzu	𣗿
ocmuxq	𣘀
ocmuge	𣘁
ocaimu	𣘂
ocmuna	𣘆
ocvuly	𣘈
ocmutu	𣘊
ocmuvu	𣘌
ocmuku	𣘍
ocrsbu	𣘏
ocldld	𣘐
ocmuba	𣘓
ocmuxn	𣘖
ocmuni	𣘗
ocmuuf	𣘘
ocmubu	𣘙
ocmulv	𣘚
ocmudz	𣘛
ocmuii	𣘜
ocjxmu	𣘟
ocmuua	𣘡
ocaomu	𣘢
ocmuji	𣘤
ocmubi	𣘥
ocmufu	𣘧
ocmuxi	𣘩
ocmuln	𣘪
ocddhu	𣘫
ocmubi	𣘮
ocmude	𣘱
ocmuzi	𣘲
ochumu	𣘳
ocmuyb	𣘴
ocmuyi	𣘵
ocmujm	𣘷
ocmuyb	𣘹
ocmutu	𣘻
ocldjm	𣘾
ocmuvi	𣙀
ocmuqi	𣙆
ocdvmu	𣙇
ocvouu	𣙈
ocmugh	𣙋
ocmuky	𣙍
ocmuwf	𣙎
ocmucd	𣙓
ocmuli	𣙔
ocmumb	𣙕
ocvimu	𣙗
ocmuii	𣙙
ocmuti	𣙝
ocmuih	𣙟
ocmuqr	𣙢
ocjmmu	𣙤
ocmugd	𣙥
ocmuvi	𣙦
ocmuyj	𣙧
ocmuis	𣙩
ocmuma	𣙪
ocmuli	𣙫
ocsuju	𣙬
ocmutn	𣙭
ocmudv	𣙯
ocnish	𣙰
ocmumh	𣙷
ocvuvo	𣙸
ocuuky	𣙹
ocmufw	𣙿
ocfhqi	𣚂
ocmujp	𣚃
ocsimu	𣚄
ocmupa	𣚒
ocmuuu	𣚚
ocmuxu	𣚛
ocmuql	𣚦
ocmuve	𣚫
ocmujp	𣚬
ocmuju	𣚭
ocmuve	𣚰
ocmupu	𣚴
ocmuff	𣚵
ocmuqb	𣚶
ocmucd	𣚸
ocmzmm	𣚻
ocmuti	𣚽
ocmumb	𣚾
ocmuih	𣚿
ocmull	𣛀
ocmnmu	𣛁
ocmujy	𣛃
ocmulj	𣛄
oclbkf	𣛅
ocmudg	𣛆
ocldly	𣛌
ocmujb	𣛎
ocgogo	𣛕
ocqmle	𣛙
ocmurv	𣛚
ocmuhx	𣛛
ocmuji	𣛜
ocmuxy	𣛝
ocmuvh	𣛟
ocmumd	𣛠
ocmuyu	𣛡
ocgold	𣛤
ocmubw	𣛥
ocmuyz	𣛦
ocmusf	𣛧
ocmuic	𣛨
ocmuxu	𣛪
ocmuqk	𣛬
ocmudz	𣛭
ocmuug	𣛮
ocmuvu	𣛰
ocmugj	𣛴
ocmuua	𣛶
ocmuvj	𣛷
ocmuzw	𣛸
ocmuir	𣛹
ocmudp	𣛻
ocmuyu	𣛿
ocirmu	𣜅
ocmuva	𣜊
ocuuma	𣜋
ocmuuu	𣜌
ochcmu	𣜍
oclbxm	𣜕
ocmudp	𣜖
ocmuiz	𣜙
ocmuyu	𣜛
ocmuwj	𣜜
ocqmmu	𣜟
ocmuxi	𣜠
ocgoyu	𣜢
oczcyb	𣜣
ocjnmu	𣜥
ocdcmu	𣜦
ocvimu	𣜫
ocmuai	𣜬
ocmujm	𣜭
ocmuxr	𣜯
ocmulm	𣜰
ocvuly	𣜱
ocmudy	𣜲
ocmuyu	𣜴
ocmuhc	𣜵
ocmuee	𣜶
ocmuiz	𣜷
ocmuyy	𣜸
ocshdi	𣜹
ocldru	𣜻
ocmuxl	𣜼
ocshig	𣜽
ocwwve	𣜾
ocmuye	𣜿
ocmuqb	𣝀
ocmuks	𣝃
ocmuyi	𣝅
ocyimu	𣝆
ocmudv	𣝉
ocmujb	𣝌
ocmuhc	𣝏
ocyumu	𣝑
oclbhe	𣝒
ocmuyj	𣝓
ocmujm	𣝕
ocuuic	𣝞
ocwfmu	𣝟
ocmujp	𣝠
ocmuyh	𣝡
ocmucv	𣝦
ocmuer	𣝧
ocmujp	𣝫
ocsuda	𣝭
ocuumj	𣝮
occiji	𣝯
ocmufg	𣝲
ocmulv	𣝵
ocmusr	𣝶
ocuzmu	𣝷
oclbgv	𣝹
ocmuvf	𣝾
ocmurs	𣞁
ocddqu	𣞃
ocmohv	𣞄
ocgovf	𣞅
ocvuzy	𣞊
ocmuuu	𣞍
ocmulj	𣞎
ocmuxp	𣞐
ocmufu	𣞒
ocmulq	𣞗
ocmumc	𣞠
ocmuve	𣞢
ocmuww	𣞨
ocmumo	𣞩
ocmumo	𣞪
ocjmsh	𣞰
ocmukc	𣞳
ocliju	𣞴
ocshuf	𣞵
ocmubc	𣞺
ocmudg	𣞽
ocmudo	𣟁
ocmukr	𣟂
ocmuln	𣟆
ocwwmu	𣟉
ocigcy	𣟑
ocmumo	𣟖
ocmulm	𣟚
ocmuyj	𣟛
ocmujb	𣟡
ocmuyk	𣟤
ocmuyi	𣟧
ocmutv	𣟩
ocmuma	𣟭
ocmujm	𣟯
ocmuxm	𣟲
ocmuhd	𣟳
ocvimu	𣟶
ocmulm	𣟺
ocycmu	𣟾
ocmuyt	𣟿
ocsuij	𣠁
ocmuff	𣠂
ocmump	𣠉
ocmupg	𣠑
ocwwvu	𣠕
ocwwvu	𣠖
ocmugv	𣠗
oczamu	𣠛
ocnpmu	𣠞
ocmuti	𣠢
ocmuza	𣠥
ocmulj	𣠩
ocmujm	𣠰
ocmuli	𣠲
ocrzvj	𣠳
ocmujm	𣠷
ocmugr	𣠸
ocmuzr	𣠹
ocmuqm	𣠺
ocmulw	𣠾
ocmumi	𣡂
ochush	𣡆
ocshao	𣡉
ocmuyi	𣡊
ocmuxm	𣡌
ocjiji	𣡍
ocmuqr	𣡒
ocmulj	𣡓
ocgold	𣡙
ocgold	𣡚
ocbwle	𣡝
ocmuiy	𣡢
ocmuwj	𣡩
ocbaji	𣡯
ocmuxm	𣡲
ocmulr	𣡵
ocmuyj	𣡶
ocmutk	𣡹
ocerqm	𣢀
ocuiqm	𣢁
ocuiqm	𣢂
ocviqm	𣢃
ocycqm	𣢄
ocwhqm	𣢅
ocqiqm	𣢆
ocjiqm	𣢇
ocgsqm	𣢈
ochxqm	𣢉
ocwuqm	𣢊
ocbiqm	𣢋
ocybqm	𣢌
ocxiqm	𣢍
ocuiqm	𣢎
ocffqm	𣢏
ocqmqm	𣢐
ocucqm	𣢒
ocnmqm	𣢓
ocjiqm	𣢕
ochuqm	𣢖
ocjxqm	𣢗
ocufqm	𣢘
occiqm	𣢙
ocgxqm	𣢚
ocyzqm	𣢜
oclkqm	𣢝
ocniqm	𣢞
ocgjqm	𣢟
ocbiqm	𣢠
ocugqm	𣢡
ocyzqm	𣢢
ocgfqm	𣢣
ocvjqm	𣢤
ocqqqm	𣢥
ocliqm	𣢦
ocyuqm	𣢧
ochzqm	𣢨
ocwwqm	𣢪
ocifqm	𣢮
ocueqm	𣢯
ocviqm	𣢶
ocgeqm	𣢷
oclwqm	𣢹
ochjqm	𣢺
occfqm	𣢽
ocmuqm	𣢿
occirj	𣣀
ocjixb	𣣁
ocwuqm	𣣄
ocigqm	𣣆
ocnmqm	𣣈
ocerqm	𣣉
oclkqm	𣣋
ocsici	𣣌
ochuqm	𣣍
ocyuqm	𣣎
ochyqm	𣣏
ocfuqm	𣣐
ochjqm	𣣖
ocihqm	𣣘
ocyjqm	𣣚
ocjiqm	𣣝
ocjyqm	𣣞
ockeqm	𣣟
ochzqm	𣣠
ocxbqm	𣣢
ocqqqm	𣣫
ocycqm	𣣳
ocgcqm	𣣵
ochdqm	𣣶
ociiqm	𣣷
ocheqm	𣣹
ocxxqm	𣣺
ocyiqm	𣣼
ocyuqm	𣤁
ocrsqm	𣤄
ocjuhr	𣤅
ocfwqm	𣤆
ocheqm	𣤇
oczeqm	𣤈
octjqm	𣤉
ocxiqm	𣤊
oclzqm	𣤋
ochoiv	𣤐
ocluqm	𣤓
ocsiqm	𣤘
ocqnqm	𣤙
ocjnqm	𣤚
ocbnqm	𣤛
ocsvqm	𣤠
ocaoqm	𣤡
oclmqm	𣤤
ochoqm	𣤨
ocvdqm	𣤩
ocuzqm	𣤫
ocgjci	𣤮
ocmdqm	𣤯
ocleqm	𣤰
oceeqm	𣤲
ocykqm	𣤵
ocxlqm	𣤸
ocgrqm	𣤿
ocuuqm	𣥀
ocvive	𣥃
ochgvi	𣥄
ocvibi	𣥅
ocvixy	𣥇
ocvijb	𣥈
ociivi	𣥉
ocwhvi	𣥊
ocviuh	𣥌
ocvijb	𣥍
ocvikd	𣥎
ocviyi	𣥏
ocvics	𣥐
ocvivi	𣥒
ocvivi	𣥓
ocvivi	𣥕
ocvivi	𣥖
ocvivi	𣥗
ocviba	𣥘
ocycvi	𣥚
ocvgxi	𣥛
ocviri	𣥜
ocffvi	𣥝
ocvijk	𣥞
ocvijk	𣥟
ocvivi	𣥠
ocvimc	𣥡
oclivi	𣥢
ocvipi	𣥣
ocvitm	𣥤
occiqm	𣥥
ocvigf	𣥦
occiji	𣥨
ocvigv	𣥮
ocviyz	𣥯
ocvili	𣥱
ocyuvi	𣥳
ocvgvu	𣥵
ocviuu	𣥹
ocuhvi	𣥺
ocvilk	𣥻
ocvidu	𣥽
ocvida	𣥾
ocyyvi	𣦀
ocvizs	𣦅
ocvifu	𣦇
ocvive	𣦈
ocviug	𣦉
ocvigv	𣦌
ocyivg	𣦍
ocvguh	𣦎
ocvigh	𣦐
ocwuvi	𣦑
ocviji	𣦒
ocvgvf	𣦓
ocvobu	𣦖
ocnnvi	𣦘
octhvg	𣦛
ocviqn	𣦜
ocvizy	𣦝
ocvits	𣦟
ocvitu	𣦠
ocvivu	𣦡
ocpivi	𣦢
ocdyvg	𣦤
ocvgyc	𣦥
ocsvmu	𣦦
ocsviu	𣦧
ocsvyb	𣦫
ocsvuj	𣦭
oczusv	𣦮
oclili	𣦰
ocddve	𣦷
ocddrf	𣦸
ocddrf	𣦹
ocddli	𣦺
ocddyz	𣦼
ocddji	𣦽
ocddyu	𣦿
ocdduc	𣧀
ocddkv	𣧁
ocddda	𣧂
ocddto	𣧃
ocirdd	𣧄
ocddtu	𣧅
ocddyi	𣧆
ocdduj	𣧈
ocddji	𣧉
ocddiz	𣧊
ocddqm	𣧋
ocddge	𣧌
ocddnw	𣧍
ocddgk	𣧎
ocddpu	𣧏
ocddvi	𣧐
ocddxs	𣧑
ocddgz	𣧔
ocddyc	𣧕
ocddyz	𣧗
ocddnq	𣧘
ocdduz	𣧙
ocytdd	𣧚
ocddho	𣧛
ocddba	𣧜
ocddqq	𣧝
ocddui	𣧞
ocddmb	𣧟
ocddyt	𣧡
ocdder	𣧢
ocddmo	𣧣
ocddke	𣧤
ocddyz	𣧥
ocddbu	𣧦
ocddba	𣧧
ocddds	𣧩
ocddiu	𣧪
ocddva	𣧫
ocddju	𣧬
ocddqq	𣧭
ocddgu	𣧮
ocddhu	𣧯
ocddbk	𣧰
ocddmi	𣧲
ocddge	𣧳
ocddyu	𣧴
ocddxu	𣧵
ocdddo	𣧷
ocddci	𣧸
ocdder	𣧹
ocddrz	𣧻
ocddww	𣧼
ocddgf	𣧾
ocddlp	𣧿
ocbusi	𣨀
ocddci	𣨁
ocddvi	𣨂
ocddhe	𣨄
ocddfu	𣨈
ocddhg	𣨉
ocddve	𣨋
ocddyj	𣨌
ocddjn	𣨍
ocddzo	𣨎
ocddzo	𣨐
ocddxi	𣨒
ocddgc	𣨓
ocddbo	𣨔
ocddlv	𣨕
ocxidd	𣨗
ocddww	𣨙
ocddzu	𣨛
ocddye	𣨜
ocddyu	𣨝
ocddfg	𣨞
ocddyi	𣨟
ocddxb	𣨠
ocddyt	𣨡
ocddqu	𣨢
ocddjk	𣨣
ocddho	𣨤
ocddpg	𣨥
ocddyu	𣨧
ocddyi	𣨩
ocddgo	𣨪
ocddvv	𣨫
ocddyj	𣨬
ocddgr	𣨭
ocddhy	𣨯
octosi	𣨰
ocddgo	𣨱
ocdddu	𣨲
ocddmz	𣨴
ocddhe	𣨵
ocddtr	𣨶
ocddgo	𣨷
ocddyj	𣨹
ocddgu	𣨺
ocdddd	𣨼
ocddyk	𣨽
ocddxk	𣨾
ocddjy	𣨿
ocddbm	𣩀
ocsive	𣩁
ocvesi	𣩂
ocddji	𣩃
ocddhe	𣩄
ocddgc	𣩅
ocddmk	𣩆
ocfusi	𣩇
ocddia	𣩈
ocddjp	𣩊
ocddmo	𣩎
ocddlu	𣩏
ocddsu	𣩐
ocddcv	𣩑
ocddcc	𣩒
ocddic	𣩓
ocddgr	𣩔
ocddyu	𣩕
ocddjl	𣩗
ocddvr	𣩘
ocddyj	𣩙
ocddqu	𣩛
ocddjk	𣩜
ocddxm	𣩝
ocddxm	𣩞
ocdddg	𣩟
ocddsi	𣩠
ocddzv	𣩡
ocddln	𣩢
ocddee	𣩤
ocddmd	𣩥
ocddyc	𣩦
ocdduj	𣩧
ocddye	𣩨
ocpidd	𣩩
ocddsv	𣩪
ocddye	𣩫
ocyusi	𣩭
ocddhv	𣩮
ocddvd	𣩰
ocqlsi	𣩴
ocsvsi	𣩸
ocddlj	𣩼
ocddxl	𣩽
ocddlo	𣩿
ocdddm	𣪀
ocddzj	𣪁
ocdjuu	𣪂
ocqmuu	𣪄
ocvguu	𣪅
ochcuu	𣪆
ocguuu	𣪇
ocdouu	𣪈
ocqquu	𣪋
ocdzuu	𣪌
ocyruu	𣪓
ocbmuu	𣪖
ocvouu	𣪙
ocxiuu	𣪚
ocgkuu	𣪜
ocyuuu	𣪟
ocwwuu	𣪡
octkuu	𣪢
ockjuu	𣪦
oczduu	𣪮
ocgsuu	𣪯
ocwjuu	𣪰
ocqiuu	𣪱
ocvjuu	𣪵
occjuu	𣪶
ocqnuu	𣪽
octhuu	𣪿
ocycuu	𣫁
ocgund	𣫉
ocqmuu	𣫍
ocuzuu	𣫐
ocsruu	𣫑
octmdm	𣫕
ocqmuu	𣫢
ocliuu	𣫧
ocguhv	𣫪
ocwfmu	𣫭
oczimu	𣫮
ocmumu	𣫯
ocmuba	𣫰
ocyymu	𣫱
ocmudk	𣫲
ocgvmu	𣫴
ocdadu	𣫵
ocxndu	𣫶
ocmwbj	𣫷
ocmwui	𣫸
ocjxdu	𣫹
ocmwyu	𣫺
ocmwwj	𣫼
ocmwrs	𣫾
ocmwlu	𣬁
ocbigj	𣬂
ocbiff	𣬄
ocbibi	𣬅
ocbifj	𣬆
ocxbbi	𣬈
ocxbbi	𣬉
ocbikd	𣬊
ocmnbi	𣬍
octsky	𣬑
ocmcer	𣬜
ocmcln	𣬝
ocmcdc	𣬞
ocmcdc	𣬟
ocmcji	𣬠
ocirmc	𣬡
ocmcjb	𣬢
ocmckz	𣬣
ocmcer	𣬤
ocmczi	𣬥
ockzmc	𣬦
ocmckz	𣬧
ocmcjq	𣬨
ocffmc	𣬩
ocfumc	𣬪
ocmcjp	𣬫
ocmcji	𣬬
ocpimc	𣬮
ocmcdz	𣬯
ocmcri	𣬰
ocmccs	𣬱
ocmcwf	𣬲
ocmcnq	𣬳
ocmcqm	𣬴
ocfhmc	𣬵
ocmcba	𣬶
ocbamc	𣬷
ocvcmc	𣬸
oclkmc	𣬹
ocugmc	𣬺
ocigmc	𣬻
ocmcpi	𣬼
ocmcwu	𣬽
ocpimc	𣬾
ocmcva	𣬿
ocbcmc	𣭀
occimc	𣭁
ocuimc	𣭂
ocqqmc	𣭃
ocnumc	𣭄
ocmcmc	𣭅
ocmctd	𣭆
ocmcmu	𣭇
ocmcbi	𣭈
ocmcli	𣭉
ocmcyz	𣭊
ocmcjx	𣭋
ocmcuu	𣭍
ocmcgu	𣭎
ocmcui	𣭏
ocmcww	𣭐
ocmciu	𣭑
ocmcmu	𣭒
ocmcvi	𣭓
ocmclk	𣭔
ocmcvf	𣭕
ochcmc	𣭖
ocfumc	𣭘
ocmcni	𣭙
ocmcbc	𣭚
ocmcfj	𣭛
ocmcyu	𣭜
ocmche	𣭝
ocmcer	𣭞
ocxmmc	𣭟
ocrumc	𣭠
ocxmmc	𣭡
oclcmc	𣭢
ocmcbi	𣭤
ocmcjb	𣭥
ocmcis	𣭦
ocmcdo	𣭧
ocmcmk	𣭨
ocmcfu	𣭩
ocmcue	𣭪
ocjrmc	𣭮
ocmcyi	𣭯
ocmzmc	𣭰
ocmcxn	𣭱
ocysmc	𣭲
ocqqmc	𣭳
ocmcuu	𣭴
ocuumc	𣭵
ocjxmc	𣭶
ocbomc	𣭷
ochjmc	𣭸
oczumc	𣭻
ocnnmc	𣭼
ocifmc	𣭽
ocmcfu	𣭾
ocmcns	𣭿
oclimc	𣮀
ocmcxq	𣮁
ocmcli	𣮂
ocmcdd	𣮃
ocmcto	𣮄
ocmcua	𣮅
ocdvmc	𣮆
ocwumc	𣮇
ocqumc	𣮈
ocldmc	𣮉
ocdemc	𣮊
ocjpmc	𣮌
ocmcqp	𣮍
ocmcky	𣮎
ocmcbw	𣮐
ocmcih	𣮑
ocggmc	𣮒
ocgomc	𣮔
ocmcmm	𣮗
ocmcjk	𣮘
ocmcfh	𣮙
ocmcqk	𣮛
ocmcuh	𣮜
ocmcue	𣮞
ocsjmc	𣮟
ocbfmc	𣮡
ocxlmc	𣮢
ocmcgg	𣮣
ocmczs	𣮤
ocndmc	𣮦
ocbkmc	𣮧
ocmcyu	𣮨
ocmcqq	𣮩
ocrzmc	𣮪
ocxxmc	𣮫
ocqbmc	𣮭
ocmwmc	𣮮
ocxxmc	𣮱
ocmchs	𣮴
ocyumc	𣮵
ocmcxk	𣮶
ocmche	𣮷
ocmcuz	𣮹
ocmcmw	𣮺
ocmcmm	𣮻
ocmcdr	𣮼
ocmmmc	𣮿
ocmcmc	𣯀
ocmcyu	𣯁
ocmcbc	𣯂
oczimc	𣯃
ocqimc	𣯆
ocgcmc	𣯇
ocmcph	𣯊
ocmcru	𣯋
ocsomc	𣯌
ocmcsy	𣯍
ocwfmc	𣯎
ocmcrs	𣯏
ocmcwu	𣯑
ocmcju	𣯒
ocmcrs	𣯔
ocmcgc	𣯖
ocmcqi	𣯘
ocmcch	𣯙
ocmcsz	𣯜
ocphmc	𣯟
ocmcso	𣯢
ocmcli	𣯤
ocmcxi	𣯥
ocjimc	𣯦
ocmccv	𣯧
occsmc	𣯨
ocmcmj	𣯩
ocmcxi	𣯪
ocmclz	𣯫
ocmhmc	𣯬
ocximc	𣯮
occvmc	𣯯
ocpwmc	𣯱
ocmomc	𣯳
ocmcbi	𣯴
ocdimc	𣯵
ocmccj	𣯶
ocqumc	𣯸
ocqnmc	𣯹
ocbfmc	𣯻
ocsumc	𣯼
ocpumc	𣯽
ocmczg	𣯿
ocmcfa	𣰀
ocmcrj	𣰂
ocmcdg	𣰆
ocmcji	𣰈
ocbimc	𣰉
ocnsmc	𣰊
ocgemc	𣰌
ocmcww	𣰏
ocqqmc	𣰐
ocmclw	𣰑
ocmcww	𣰒
ocmczc	𣰕
ocbdqn	𣰗
ocmcjb	𣰙
ocsrmc	𣰚
ocmcvd	𣰞
oclvmc	𣰢
ocmczs	𣰤
ocmcmg	𣰥
ocmcjm	𣰦
ocbbmc	𣰨
ocmcic	𣰩
ocmcie	𣰪
ocmcmd	𣰬
oclumc	𣰯
ocmcls	𣰵
ocxlmc	𣰶
ocmcnp	𣰼
ocmcqu	𣰽
ocmcch	𣰾
oclimc	𣰿
ocmclo	𣱀
ocbmmc	𣱂
ocyjmc	𣱄
ocwhmb	𣱅
ochuui	𣱆
ocsiui	𣱇
ocmbba	𣱈
ocyymb	𣱉
ocppdi	𣱊
ocqidc	𣱕
ocqibk	𣱖
ocqinv	𣱘
ocqiyt	𣱙
ocqidd	𣱚
ocqiho	𣱛
ocqids	𣱝
ocqidd	𣱞
ocqitm	𣱟
ocqili	𣱠
ocxyqi	𣱡
ocqiyi	𣱢
ocqiky	𣱣
ocqihu	𣱤
ocqipf	𣱦
ocqivs	𣱧
ocqijm	𣱨
ocqipn	𣱪
ocxiqi	𣱬
ocqiqk	𣱮
ocqipn	𣱯
ocuvhg	𣱲
ochguv	𣱳
ocuvve	𣱴
ocwfuv	𣱵
ocuvbu	𣱶
ocihuv	𣱷
ocuvru	𣱸
ocdcuv	𣱹
ocuvba	𣱺
ocuvji	𣱻
ocuvdc	𣱼
ocuvnd	𣱽
ocuvln	𣱾
ocuvru	𣱿
ocuvuj	𣲀
ociruv	𣲂
ocuvji	𣲆
ocuviu	𣲇
ocysdc	𣲈
ocuvxx	𣲉
ocuvwf	𣲋
ocuvwu	𣲍
ocjbuv	𣲎
ocuvpu	𣲏
ocuvzz	𣲓
ocuvww	𣲗
ocuvwu	𣲘
ocuvuv	𣲙
ocuvrf	𣲚
ocjkuv	𣲜
ocuvva	𣲞
ocuvnm	𣲟
ocuvdd	𣲠
ocuvee	𣲣
ocuvjp	𣲤
ocuvdj	𣲥
ocuvuc	𣲦
ocuvho	𣲧
ocuvya	𣲨
ocuvba	𣲩
ocuvji	𣲪
ocuvyb	𣲫
ocuvuz	𣲬
ocuvmc	𣲭
ocbuuv	𣲮
ocuvba	𣲯
ocuvvi	𣲰
ochouv	𣲱
ocuvhe	𣲲
ocuvpo	𣲳
ocfuuv	𣲴
ocuvvi	𣲵
ocuvrj	𣲹
ocuvug	𣲾
ocguuv	𣳂
ocfguv	𣳆
ocuvzo	𣳇
ocuvxm	𣳈
ocuvsi	𣳉
ocuvvg	𣳋
ocuvpi	𣳎
ocuvuf	𣳑
ocuvka	𣳓
ocuvys	𣳔
ocwwuv	𣳕
ocuvgu	𣳖
ocuvmu	𣳗
ocuvfj	𣳜
ocuvpi	𣳟
ocuvmu	𣳠
ocuvwu	𣳡
ocuvwd	𣳢
ocuvxb	𣳦
ocuvdv	𣳨
ocuvci	𣳩
ocuvli	𣳪
ocuvfz	𣳬
ocuvlv	𣳮
ocuvnj	𣳲
ocxiuv	𣳳
ocuvlw	𣳵
ocziuv	𣳻
ocuvdo	𣳼
ocjruv	𣳾
ocuvyu	𣳿
ocuvhd	𣴃
ocuvyu	𣴆
ocuvyj	𣴇
ocuvse	𣴊
ocuvsi	𣴍
ocyhuv	𣴎
ocysys	𣴏
oclcuv	𣴐
ocuvjm	𣴒
ocuvjm	𣴓
ocuvdo	𣴙
ocuvrs	𣴛
ocuvto	𣴜
ocuvvc	𣴝
ocuvvl	𣴣
ocuvkl	𣴥
ocguuv	𣴲
ocuvzo	𣴳
ocmwuv	𣴴
ocuvzo	𣴶
ocuvic	𣴷
ocuvbo	𣵁
ocuvil	𣵄
ocuvjq	𣵇
ocuvli	𣵎
ocuvie	𣵐
ocuvwf	𣵓
ocuvxq	𣵛
ocbobu	𣵝
ocuvty	𣵞
ocuvui	𣵠
ocuvhj	𣵡
ocuvhe	𣵣
ocuvdj	𣵤
ocuvdm	𣵦
ocuvyj	𣵧
ocuvvu	𣵪
ocuvbh	𣵮
ocivuv	𣵯
ocuvlb	𣵰
ocuvbj	𣵲
ocysuv	𣵳
ocuvyb	𣵴
ocuvji	𣵵
ocuviv	𣵶
ocuvhj	𣵷
ocuvto	𣵻
ocuvgj	𣵼
ocuvya	𣵾
ocuvkj	𣵿
ocmupm	𣶁
ocuvwh	𣶂
ocuvvo	𣶃
ocuvqs	𣶆
ocuvli	𣶇
ocuvwh	𣶈
ocuvhu	𣶉
ocuvmo	𣶊
ocuvvi	𣶋
ocuvvl	𣶍
ocuvjp	𣶏
ocpmpj	𣶒
ocuvhx	𣶩
ocuvwh	𣶪
ocuvvi	𣶫
ocuvji	𣶬
ocuvlu	𣶭
ocuvmf	𣶯
ocuvaa	𣶰
ocuvvi	𣶱
ocuvvs	𣶴
ocuvcd	𣶶
ocuvbk	𣶸
ocuvyi	𣶺
ocuvff	𣶼
ocuvyy	𣶽
ocuvmi	𣶿
ocuvdm	𣷀
ocuvbc	𣷂
ocuvgg	𣷄
ocuvji	𣷉
ocuvyu	𣷌
ocuvhe	𣷓
ocuvfh	𣷔
ocquuv	𣷗
ocjxuv	𣷚
ocuvmk	𣷠
ocuvvs	𣷡
ocuvgh	𣷣
ocuvfh	𣷫
ocuvbi	𣷭
ocuvjb	𣷯
ocuvyj	𣷰
ocuvui	𣷱
ocuvso	𣷲
ocuvdi	𣷳
ocuvbn	𣷴
ocuvbm	𣷷
ocuvvi	𣷸
ocuvqb	𣷽
ocuvgv	𣷾
ocuvko	𣸅
ocuvbm	𣸇
ocjkqr	𣸕
ocvuye	𣸚
ocuvxt	𣸛
ocuvpj	𣸜
ocuvbi	𣸢
ocuvbf	𣸣
ocuvyj	𣸥
ocuvyk	𣸨
ocuvdy	𣸩
ocuvfu	𣸪
ocuvlw	𣸫
ocuvvc	𣸬
ocuvyu	𣸭
ocuvyr	𣸱
ocuvqi	𣸲
ocuvww	𣸵
ocuvcj	𣸶
ocuvpk	𣸹
ocuvmc	𣸻
ocuvdm	𣸾
ocboff	𣹁
ocuvdr	𣹂
ocqmuv	𣹅
ocuake	𣹇
ocuvfu	𣹋
ocuvsv	𣹑
ocuvtd	𣹓
ocuvlv	𣹕
ocuvvf	𣹗
ocuvdd	𣹘
ocuvyu	𣹙
ocuvhl	𣹛
ocuvji	𣹜
ocuvvs	𣹞
ocuvgs	𣹟
ocuvyr	𣹠
ocuvqi	𣹡
ocuvqm	𣹥
ocuvvd	𣹧
ocuvku	𣹫
oclquv	𣹭
ocbdqr	𣹻
ocuvyj	𣺂
ocuvyi	𣺈
ocuvlb	𣺉
ocuvjx	𣺊
ocuvxi	𣺋
oceruc	𣺌
oclwui	𣺐
ocuvxr	𣺕
ocuvgs	𣺖
ocuvcc	𣺞
ocuvcd	𣺠
ocuviu	𣺥
ocuvvi	𣺦
ocuouv	𣺩
ocuvyr	𣺪
ocuvxq	𣺫
ocuvhl	𣺬
ocuvtc	𣺮
ocuvuc	𣺰
ocuvsy	𣺱
ocyhho	𣺸
ocuvvj	𣺹
ocuvtu	𣺺
ocuvah	𣺻
ocuvdh	𣺼
ocuvba	𣺽
ocuvru	𣺾
ocuvna	𣻀
ocuvvf	𣻁
ocuvve	𣻂
ocuvbw	𣻃
ocuvxu	𣻄
ocjiua	𣻅
ocuvsy	𣻆
ocuvtv	𣻇
ocuvfg	𣻈
ocuvxn	𣻏
ocuvua	𣻑
ocuvjk	𣻓
ocuvma	𣻕
ocuvyi	𣻗
ocuvuc	𣻘
ocuvuu	𣻚
ocuvis	𣻛
ocuvfu	𣻜
ocuvxp	𣻠
ocuvll	𣻡
ocuvts	𣻢
ocuvnm	𣻧
ocuvue	𣻪
oclwyu	𣻫
ocqriu	𣻮
ocqkuv	𣻯
ocuvww	𣻰
ocuvvz	𣻱
ocuvqk	𣻳
ocuvww	𣻷
ocuvih	𣻸
ocuvjm	𣻹
ocuvji	𣻺
ocuvgr	𣻻
ocuvhc	𣻼
ocuvjk	𣻽
ocnpuc	𣻾
ocuvuf	𣻿
ocyhys	𣼁
ocuvdj	𣼈
ocuvmd	𣼊
ocuvly	𣼍
ocuvqt	𣼎
ocuvyj	𣼐
ocmifu	𣼔
ocuvli	𣼖
ocuvvl	𣼥
ocuvlv	𣼧
ocuvyb	𣼩
ocuvye	𣼫
ocuvdv	𣼭
ocuvui	𣼮
ocuvpw	𣼯
ocuvou	𣼱
ocuvww	𣼲
ocuvvi	𣼳
ocuvrr	𣼴
ocuvli	𣼵
ocuvwf	𣼶
ocuvle	𣼷
ocuvga	𣼸
ocuvyj	𣼹
ocuvif	𣼼
ocuvlh	𣼽
ocuvln	𣼾
ocuvgo	𣽅
ocuvvu	𣽆
oclwgc	𣽋
ocuvee	𣽏
ocuvvo	𣽗
ocuvda	𣽛
ocjlfg	𣽝
ocuvkr	𣽟
ocuvbo	𣽡
ocuvce	𣽤
ocuvqb	𣽧
ocuvhj	𣽬
ocuvyc	𣽮
ocuvqm	𣽲
ocuvkv	𣽴
ocuvci	𣽷
ocuvjn	𣽸
ocuvbn	𣽼
ocuvig	𣽿
ocuvqi	𣾁
ocuvdm	𣾇
ocuvlm	𣾍
ocuvqi	𣾏
ocuvyi	𣾐
ocuvsh	𣾓
ocuvqb	𣾔
ocuvlk	𣾖
ocuvmn	𣾜
ocuvqb	𣾠
ocuvvh	𣾦
ocuvrv	𣾫
ocuvjt	𣾵
ocuvdv	𣾶
ocuvqn	𣾷
ocuvti	𣾸
ocuvyi	𣾹
ocuvve	𣾻
ocuvyt	𣾼
ocuvqn	𣾽
ocuapz	𣾾
ocuvww	𣾿
ocuvsv	𣿂
ocuvsv	𣿄
ocuvds	𣿅
ocuvfu	𣿆
ocuvvi	𣿉
ocuvee	𣿌
ocuvzw	𣿐
ocuvzv	𣿓
ocuvpn	𣿖
ocuvyh	𣿘
ocuvfg	𣿝
ocuvgo	𣿞
ocuvjx	𣿦
ocuvyk	𣿩
ocuvdc	𣿪
ocuvdp	𣿫
ocuvhv	𣿬
ocuvyi	𣿭
ocuvkv	𣿮
ocuvnc	𣿸
ocuvyr	𣿹
ocuvyc	𣿺
ocuvjm	𣿽
ocuvyt	𤀀
ocuvjk	𤀂
ocuvmg	𤀄
ochdsi	𤀇
ocuvjl	𤀌
ocuvui	𤀏
ocuvdi	𤀐
ocuvyu	𤀒
ocuvlu	𤀓
ocuvyb	𤀔
ocuvse	𤀕
ocuvww	𤀖
ocxilv	𤀗
ocuvmk	𤀙
ocnild	𤀛
ocuvjk	𤀜
ocuvvu	𤀞
ocuvxi	𤀠
ocfaks	𤀢
oclwyr	𤀣
ocuvsr	𤀤
ocuvvu	𤀥
ocuvwf	𤀳
ocjbyu	𤀷
ocuvjx	𤀺
ocuvlv	𤀼
ocuvqi	𤀽
ocuvvh	𤁀
ocuvui	𤁂
ocmjuj	𤁃
ocuvtd	𤁅
ocuvrs	𤁇
ocuvli	𤁋
ocuvge	𤁐
ocuvyi	𤁒
ocuvyc	𤁓
ocuvkv	𤁔
ocuvla	𤁕
ocuvlo	𤁖
ocuvmm	𤁗
ocveyy	𤁛
ocuvmb	𤁝
ocmjuv	𤁞
ocuvyc	𤁠
ocuvii	𤁧
ocuvvi	𤁩
ochoye	𤁪
ocuvcd	𤁱
ocuvie	𤁲
ocuvju	𤁴
ocuvui	𤁷
ocuvln	𤁸
ocmjtm	𤂀
ocuvdn	𤂂
ocfuhu	𤂆
ocuvlm	𤂍
ocuvxm	𤂐
ocuvyk	𤂖
ocuvmc	𤂚
ocuvxn	𤂣
ocuvpg	𤂧
ocuvmo	𤂨
ocuvvf	𤂪
ocuvpf	𤂫
ocuvlw	𤂬
ocuvzv	𤂭
ocuvli	𤂱
ocuvtg	𤂵
ocuvlj	𤂺
ocuvyu	𤂻
ocuvxy	𤃂
ocuvtj	𤃅
ocuvhr	𤃆
ocuvyj	𤃇
ocuvtz	𤃌
ocuvfw	𤃍
ocuvbi	𤃎
ocuvgr	𤃗
ocuvpn	𤃛
ocuvln	𤃜
ocuvyk	𤃡
ocuvta	𤃧
ocuvhs	𤃫
ocuvmi	𤃰
ocuvho	𤄀
ocuvve	𤄁
ocuvgg	𤄂
ocuvko	𤄃
ocmujq	𤄄
ocuvli	𤄆
oclbuv	𤄈
ocuvzs	𤄋
ocvemp	𤄌
ocjqlq	𤄍
ocuvza	𤄖
ocuvxn	𤄙
ocuvpb	𤄠
ocyuwo	𤄣
ocpjgs	𤄤
ocuvji	𤄬
ocuvti	𤄭
ocuvyj	𤄰
ocuvvf	𤄱
ocuvjb	𤄲
ocuvlo	𤄷
ocuvlw	𤄹
ocuvbm	𤄺
ocuvxi	𤄽
ocuvli	𤄿
ocuvlw	𤅀
ocuvta	𤅂
ocuvxm	𤅊
ocuvrh	𤅑
ocuvji	𤅔
ocuviz	𤅕
ocuvpb	𤅖
ocuvyj	𤅙
ocuvpn	𤅜
ocuvlu	𤅟
ocuvmo	𤅠
ocuviy	𤅧
ochjnn	𤅩
ocuvyi	𤅮
ocuvgu	𤅱
ocvoqi	𤅴
ocuvsv	𤅵
ocuvbm	𤅶
ocuvlk	𤅷
ocuvyj	𤅸
ocuvxb	𤅺
ochohg	𤆂
ocsiho	𤆃
ocndho	𤆄
ocrfho	𤆅
ocyzho	𤆆
ochobi	𤆇
ochond	𤆈
ocdkho	𤆉
ochobu	𤆊
ocruho	𤆋
ochoyz	𤆌
ocdaho	𤆍
ocuzho	𤆎
ochokv	𤆏
ocjqho	𤆐
ochoir	𤆑
ochogl	𤆓
ocjiho	𤆔
ocrfho	𤆕
ockzho	𤆗
ochofj	𤆘
ochosj	𤆜
ochopu	𤆝
ochowu	𤆞
ochoyi	𤆟
ochogs	𤆠
ochowu	𤆡
ocholy	𤆢
ochoji	𤆣
ochors	𤆤
ochoyy	𤆥
ochowh	𤆦
ochouv	𤆩
ocvsho	𤆪
ocmcho	𤆬
ochoug	𤆭
ochofu	𤆮
oclcho	𤆯
ocmuho	𤆰
ocuvho	𤆲
ochoba	𤆵
ochoff	𤆶
ochohx	𤆷
ochoxb	𤆸
ochoya	𤆹
ochoks	𤆺
ochoqp	𤆻
ochonk	𤆼
ochocc	𤆽
ochodj	𤇁
ochoug	𤇂
ocholi	𤇃
ochouj	𤇄
ochoqp	𤇅
ocuiho	𤇈
ochopk	𤇊
ochoui	𤇋
ochogu	𤇌
ocuuho	𤇍
ocigho	𤇏
octhho	𤇑
ochoce	𤇒
ocugho	𤇓
ocheho	𤇕
ocwjho	𤇘
ochoqp	𤇙
ochoii	𤇚
ochomb	𤇜
ocfuho	𤇝
ocjxho	𤇞
ochuho	𤇠
ocdiho	𤇡
ochobd	𤇢
ochoug	𤇣
ochoqn	𤇤
ocholi	𤇥
ochowu	𤇦
ochoui	𤇧
ochopi	𤇨
ochobi	𤇩
ochovf	𤇪
ocheho	𤇫
occiho	𤇬
ochols	𤇭
ochofj	𤇮
ocyiho	𤇯
ocfaho	𤇰
ocrfho	𤇲
ochoxu	𤇳
ocifho	𤇴
ochoig	𤇶
ocppho	𤇷
ocifho	𤇸
ochobi	𤇹
ochojl	𤇺
ochodh	𤇻
ochoan	𤇼
ochors	𤇽
ochomi	𤇿
ochouz	𤈁
ochoji	𤈄
ochoxi	𤈇
ocgsho	𤈈
ocgsho	𤈉
ochocy	𤈊
ochoxl	𤈍
ochoxy	𤈎
ochoue	𤈏
ochovu	𤈐
ochofz	𤈒
ocdoho	𤈕
ocseho	𤈖
ocholp	𤈘
ochoyi	𤈙
ochogl	𤈛
ochovi	𤈜
ochoai	𤈝
ocholw	𤈞
ocruho	𤈟
ochoyu	𤈠
ocxqho	𤈢
ocfzho	𤈣
ochoxs	𤈤
ochoww	𤈦
ochoyi	𤈧
ocyhho	𤈩
ochojp	𤈪
ochoyr	𤈶
ochoqm	𤈷
ocujyj	𤈹
ochohs	𤈻
ochoxb	𤈼
ochohg	𤈽
ocqqho	𤈿
ocgjho	𤉀
ocwwho	𤉂
ochorf	𤉃
ocuiho	𤉄
ocjyho	𤉅
ochowu	𤉇
ocliho	𤉉
ocigho	𤉋
ocliho	𤉌
ocholc	𤉍
ocucho	𤉎
ochovi	𤉒
ochvyz	𤉓
ochozo	𤉔
ocyzhv	𤉕
ochoie	𤉖
ochoxn	𤉗
ochoyj	𤉘
ochojy	𤉙
ochoiv	𤉚
ochozo	𤉛
ochoil	𤉜
occcyj	𤉞
ocufho	𤉠
ochobi	𤉤
ochoww	𤉦
ochoho	𤉨
ochoyu	𤉪
ocvijs	𤉭
ocycho	𤉲
ochozs	𤉳
ochoyc	𤉶
ochoju	𤉸
ochoho	𤉹
ochojr	𤉼
ocdmho	𤉽
ocpzho	𤉿
ochoxt	𤊀
ocvjho	𤊁
ochoyi	𤊃
ochoqi	𤊄
ocjiho	𤊅
ochoff	𤊈
ochomk	𤊉
ochofh	𤊊
ochojp	𤊍
ochogu	𤊎
ocpgho	𤊏
ochouz	𤊐
ocxbho	𤊑
ocholu	𤊒
ochoer	𤊓
ochobk	𤊔
ochocd	𤊕
ocyaho	𤊗
ocwuho	𤊘
ocvvho	𤊙
ochoih	𤊞
ochodk	𤊟
ochofg	𤊡
ochode	𤊢
ocvuhv	𤊣
ochoyj	𤊤
ocholk	𤊥
ochofh	𤊦
ochovi	𤊧
ochoho	𤊨
ocholb	𤊩
ochopo	𤊫
ochofw	𤊬
ocvyho	𤊯
ochobm	𤊰
ochoji	𤊵
ochoci	𤊶
ochobw	𤊷
ocxmho	𤊸
ochobo	𤊹
ochotr	𤊺
ochomc	𤊻
ocyjgj	𤊼
ocyhho	𤋁
ocqqho	𤋃
ocwuyj	𤋆
ochopk	𤋊
ocsvho	𤋌
ocqmho	𤋎
ocholz	𤋏
ochoyc	𤋑
ochovi	𤋖
ocxuho	𤋗
ochosi	𤋘
ochomn	𤋙
ocvcho	𤋜
ochofu	𤋟
ochoyt	𤋢
ocqqho	𤋦
ochoxl	𤋭
ocvsho	𤋱
ochodd	𤋵
ocholk	𤋶
ochozz	𤋷
ochoqi	𤋸
ochoku	𤋹
ochovf	𤋺
ochopd	𤋻
ochoku	𤋼
ochojp	𤋽
ochoyb	𤋾
ochovo	𤋿
ochoji	𤌀
ochove	𤌄
ochojl	𤌅
ochowu	𤌆
ocbwho	𤌈
oczdho	𤌊
ochogv	𤌋
ochohe	𤌍
ochowg	𤌏
ochogh	𤌗
ochoso	𤌘
ochohv	𤌚
ocvyho	𤌞
ochosu	𤌣
ochoxx	𤌤
ochoge	𤌦
ochosh	𤌧
ocbnho	𤌩
ochoma	𤌬
ochovf	𤌭
ochovf	𤌯
ochoxi	𤌳
ochojp	𤌴
ochong	𤌶
ochocc	𤌸
ocgcho	𤌾
ochoji	𤌿
ocuaho	𤍁
ochohd	𤍃
ochozu	𤍄
ocholp	𤍅
ochoru	𤍇
ochoqi	𤍈
ochosu	𤍊
ocqiho	𤍋
ocuglk	𤍌
ocholh	𤍎
ochozi	𤍏
octvho	𤍐
ochovs	𤍑
ochoic	𤍒
ocyeho	𤍓
ochovj	𤍖
ocwjjs	𤍘
ochocj	𤍜
ocpnho	𤍟
ocviho	𤍠
ocyjtu	𤍢
ochovh	𤍤
ocuuho	𤍨
ochogo	𤍪
ocdvho	𤍫
ocgvho	𤍮
ochoqm	𤍯
ocxtho	𤍱
ochohr	𤍲
ocqtho	𤍳
ochoif	𤍴
ocjlho	𤍵
ocholw	𤍶
ochovr	𤍿
ochoyj	𤎄
ocaoho	𤎅
ochoth	𤎌
ochogo	𤎍
ochoma	𤎎
ochoni	𤎐
ochovi	𤎒
ocqklk	𤎓
ochoyh	𤎔
ochoxi	𤎕
ochokh	𤎖
ochoyb	𤎛
ocholh	𤎜
ocyjho	𤎝
ocviyj	𤎢
oclcuc	𤎤
ocboyj	𤎥
ocbiho	𤎨
ocdvho	𤎩
oczgho	𤎯
oczgho	𤎰
ochojy	𤎱
ocholl	𤎲
ochoww	𤎶
ochoxn	𤎻
ocjqho	𤎼
ochogr	𤎽
ocjqho	𤏅
oczsho	𤏇
ochoyi	𤏈
ocqbho	𤏊
ochofa	𤏋
ochojm	𤏐
ocihyj	𤏒
ochohc	𤏔
ochoti	𤏖
ochosf	𤏗
ochoho	𤏘
ochoyj	𤏚
ocbwho	𤏛
ocwwho	𤏜
ocvilu	𤏝
ocfuwu	𤏠
ocjiho	𤏡
ochodv	𤏢
ochosu	𤏣
ocxiho	𤏤
ochojp	𤏦
ochoda	𤏧
ochoxi	𤏨
ocxyho	𤏩
ocholc	𤏪
ochobi	𤏫
ochoil	𤏬
ochoih	𤏮
ochobi	𤏰
ochove	𤏲
ochogv	𤏳
ocxiho	𤏴
ochovu	𤏸
ocbwho	𤏹
ocrfho	𤏼
ochojl	𤐀
ocqbho	𤐂
ochojp	𤐃
ochojm	𤐄
ochoqy	𤐆
ochogj	𤐉
ochobc	𤐊
ochoye	𤐌
ochovj	𤐐
ochoua	𤐑
ochovj	𤐒
ochoxi	𤐓
ocyjjy	𤐕
ochojb	𤐖
ochopi	𤐙
ochonc	𤐛
ochoww	𤐜
ocholw	𤐝
ocyjku	𤐞
ocholu	𤐠
ochokk	𤐡
ochodk	𤐣
ochoxi	𤐤
ocyjyk	𤐥
ochoer	𤐨
ochouz	𤐭
ochoho	𤐰
ochojx	𤐵
ochohc	𤐶
ochotd	𤐽
ockuho	𤐿
ocvijm	𤑃
ochoyu	𤑉
ocyjyk	𤑋
ocwuky	𤑎
ocfuho	𤑏
ocfuho	𤑐
ocviic	𤑗
octgho	𤑘
ochoyk	𤑚
ocholm	𤑞
ocholu	𤑟
ochohv	𤑡
ochoui	𤑦
ochopg	𤑫
ocholi	𤑬
ocholw	𤑭
ochomo	𤑮
ochojm	𤑯
ocholb	𤑲
ochoxn	𤑳
octjyj	𤑶
ocholj	𤑸
ocsvho	𤑾
ocholm	𤑿
ocholm	𤒄
ochogv	𤒅
ochoyj	𤒈
ochopu	𤒊
ochoma	𤒌
ochoxt	𤒎
ochofu	𤒔
oczcho	𤒕
ochodu	𤒘
ocvfuu	𤒙
ochons	𤒚
oclmho	𤒡
ocholm	𤒤
oclmho	𤒥
ocholm	𤒦
ochoyk	𤒨
ochoyi	𤒩
ochoui	𤒴
octcho	𤒵
ocwfho	𤒸
ocglyj	𤒼
ochoxy	𤓂
ochojm	𤓃
ocholj	𤓆
ocnjho	𤓉
ochobm	𤓋
ochonj	𤓌
ochozj	𤓎
ochomi	𤓒
ocholo	𤓓
ocqrho	𤓘
ochoij	𤓙
ochoyc	𤓛
ocyjli	𤓧
ocyjxt	𤓨
ochobm	𤓩
ocvxyi	𤓱
ocvxer	𤓲
ocvxqi	𤓳
ocvxxi	𤓵
ocvxdz	𤓺
ocvxtm	𤓻
ocvxff	𤓼
ocvxnu	𤔀
occdve	𤔁
ocvxmc	𤔃
ocvxke	𤔄
ocvxui	𤔅
ocvxys	𤔆
ocvxqp	𤔈
ocvxtm	𤔉
ocvxju	𤔋
ocjivx	𤔎
ocvxvu	𤔏
ocvxlv	𤔑
ocgovx	𤔖
ocquvx	𤔛
ocvxfu	𤔜
ocyuvx	𤔝
ocvxww	𤔡
ocvxzc	𤔢
ocvxsz	𤔣
ocycmu	𤔥
ocmavx	𤔨
ocvxgo	𤔩
ocvxmj	𤔫
ocvxbi	𤔯
ocycqu	𤔱
ocvxdh	𤔶
ocykvg	𤔷
ocmgvx	𤔻
ocvxmg	𤔽
ocmgvx	𤔾
ocxiiu	𤕂
ocfuyu	𤕎
ocfuuj	𤕏
ocfukd	𤕑
ocfuke	𤕒
ocfuxp	𤕓
ocvafu	𤕔
ocfuyi	𤕕
ocfuqu	𤕖
ocfugs	𤕙
ocycpu	𤕝
ocycnk	𤕞
ocycpi	𤕟
ocycuz	𤕠
ochgpj	𤕫
ocpjhg	𤕬
ocpjyz	𤕭
ocpjye	𤕮
ocpjuv	𤕯
ocpjpm	𤕰
ocpjqp	𤕲
ocpjba	𤕳
ocpjlk	𤕵
ocpjvc	𤕷
ocpjvl	𤕸
ocpjci	𤕹
ocpjwu	𤕻
ocpjbm	𤕽
ocpjqq	𤕾
ocpjfg	𤖀
ocpjuu	𤖂
ocpjli	𤖃
ocpjgo	𤖇
ocpjbk	𤖉
ocpjui	𤖌
ocpjji	𤖏
ocpjsh	𤖒
ocpjze	𤖓
ocpjhl	𤖖
ocpjbf	𤖘
ocjldj	𤖛
ocpjlk	𤖜
ocpjvj	𤖝
ocpjji	𤖞
ocpjpi	𤖟
ocpjln	𤖡
ocpjli	𤖢
ocpjlk	𤖦
ocpmve	𤖨
ocpmnv	𤖩
ocpmye	𤖪
ocpmfj	𤖫
ocpmuu	𤖬
ocpmff	𤖭
ocpmgz	𤖮
ocpmbu	𤖯
ocpmhe	𤖱
ocpmgu	𤖲
ocpmpk	𤖳
ocpmii	𤖴
ocpmju	𤖵
ocpmbk	𤖶
ocpmpi	𤖷
ocpmvu	𤖸
ocpmli	𤖹
ocpmlp	𤖺
ocpmdo	𤖻
ocpmpd	𤖼
ocpmxl	𤖽
ocpmts	𤖾
ocpmll	𤗀
ocpmzu	𤗁
ocpmqq	𤗂
ocpmfu	𤗃
ocpmcs	𤗄
ocpmmw	𤗆
ocpmks	𤗇
ocpmqp	𤗈
ocpmfw	𤗋
ocpmbw	𤗌
ocpmwj	𤗍
ocpmyj	𤗎
ocpmpz	𤗏
ocpmfh	𤗐
ocpmhu	𤗑
ocpmig	𤗓
ocpmmg	𤗖
ocpmds	𤗗
ocpmui	𤗘
ocpmfu	𤗚
ocpmjm	𤗛
ocpmxx	𤗜
ocpmyu	𤗝
ocpmtk	𤗞
ocqbpm	𤗟
ocvepm	𤗡
ocpmsi	𤗢
ocpmgs	𤗤
ocpmge	𤗦
ocpmgv	𤗧
ocpmxi	𤗨
ocpmlv	𤗪
ocpmli	𤗫
ocpmlz	𤗬
ocpmze	𤗮
ocpmcv	𤗯
ocpmcc	𤗰
ocpmcj	𤗲
ocpmfa	𤗳
ocpmgv	𤗴
ocpmhl	𤗶
ocpmlb	𤗷
ocpmbf	𤗸
ocpmfj	𤗹
ocpmpi	𤗺
ocpmvj	𤗻
ocpmse	𤗼
ocpmye	𤗽
ocpmdh	𤗾
ocpmtd	𤗿
ocpmuz	𤘀
ocpmmg	𤘁
ocpmmg	𤘂
ocpmli	𤘃
ocyazi	𤘅
ocyaya	𤘆
ocyavj	𤘇
ocyajq	𤘈
ocyawo	𤘋
ocyaqi	𤘌
ocyahy	𤘏
ocyayu	𤘐
ocyaqi	𤘑
ocaoya	𤘒
ocyank	𤘓
ochgnq	𤘔
ocnqee	𤘕
ocnqdk	𤘖
ocnqmp	𤘗
ocnqkz	𤘘
ocnqnv	𤘙
ocnqyi	𤘚
ocnqyz	𤘜
ocffnq	𤘝
ocnqtm	𤘠
ocnqjb	𤘡
ocnqbu	𤘢
ocnqyb	𤘣
ocbinq	𤘤
ocnqbi	𤘥
ocnqjp	𤘦
ocnqnq	𤘧
ocjbnq	𤘨
oculnq	𤘩
ocnqdj	𤘪
ocnqty	𤘫
ocnqmu	𤘬
ocnqho	𤘭
ocbunq	𤘮
ocnqqm	𤘯
ocnqqr	𤘲
ocnqpu	𤘴
ocrinq	𤘵
ocnquz	𤘶
ocnqpi	𤘹
ocnqrj	𤘼
ocnqju	𤘽
ocnqpk	𤘾
ocbwnq	𤘿
ocnqvf	𤙁
ocnqbf	𤙃
ocjxnq	𤙄
ocnqbu	𤙅
ocnqjx	𤙇
ocnqui	𤙈
ocnqni	𤙌
ocnqpi	𤙎
ocqunq	𤙏
ocnqka	𤙐
ocnqge	𤙑
ocnqts	𤙓
ocnqvc	𤙔
ocnqis	𤙕
ochenq	𤙖
ocuznq	𤙘
ocnqww	𤙙
ocnqyu	𤙛
ocnqxn	𤙜
ocnqyi	𤙝
ociunq	𤙟
ocnqqq	𤙠
ocnqxb	𤙡
ochjnq	𤙣
ocnqfu	𤙤
ocnqke	𤙥
ocnqui	𤙦
ocnqjm	𤙧
ocnquu	𤙨
ocnqmw	𤙩
ocnqvi	𤙪
ocnqwu	𤙬
ocnqfu	𤙭
ocnqii	𤙮
ocnqlc	𤙯
ocnqde	𤙰
ocnque	𤙱
ocvinq	𤙲
ocnqbw	𤙳
ocnqvo	𤙴
ocnqvv	𤙵
ocnqjp	𤙶
ocnqzs	𤙷
ocnqhu	𤙹
ocjrnq	𤙻
ocnquh	𤙽
ocnqbk	𤙾
ocnqyt	𤙿
ocnqcd	𤚀
ocycnq	𤚁
ocnqdi	𤚃
ocmzmz	𤚅
ocqunq	𤚉
ocnqnm	𤚋
ocnqii	𤚍
ocnqyu	𤚎
ocnqvs	𤚏
ocnqmn	𤚐
ocnque	𤚑
ocnqjl	𤚖
ocnqxr	𤚗
ocnqyc	𤚘
ocnqhr	𤚙
ocnqdu	𤚚
ocnqmm	𤚛
ocuunq	𤚜
ocnqhl	𤚝
ocnqdd	𤚟
ocnqdu	𤚡
ocnqdi	𤚢
ocnqmw	𤚤
ocmzhj	𤚥
ocvalc	𤚧
ocnqqb	𤚩
ocnqth	𤚫
ocnqch	𤚬
ocnqyc	𤚭
ocnqiz	𤚯
ocnqph	𤚰
ocnqgu	𤚱
ocnqqm	𤚳
ocnqma	𤚴
ocmzvo	𤚷
ocgcnq	𤚸
ocnqvr	𤚽
ocnqru	𤚾
ocnqwf	𤛁
ocnqgv	𤛂
ocnqxu	𤛅
ocnqvf	𤛇
ocnqxi	𤛊
ocnqth	𤛋
ocnqww	𤛌
ocnqcv	𤛍
ocmbnq	𤛎
ocnqqu	𤛐
ocnqys	𤛑
ocnqmj	𤛔
ocnqmh	𤛘
ocnqxq	𤛛
ocsunq	𤛝
ocnqbi	𤛞
ocnqlz	𤛠
ocnqzg	𤛢
ocnqhl	𤛥
ocnqjt	𤛦
ocnqxy	𤛧
ocnqww	𤛨
ocnqsv	𤛩
ocnqmd	𤛬
ocnqlc	𤛮
ocnquu	𤛯
ocnqww	𤛲
ocnqjp	𤛳
ocnqwj	𤛶
ocnqse	𤛷
ocnqgj	𤛸
ocnqvd	𤛹
ocnqli	𤛼
ocnqyz	𤛾
ocmzgj	𤜁
ocwwnq	𤜂
ocnqho	𤜅
ocnqls	𤜆
ocnqyk	𤜉
ocnqch	𤜐
ocnqlw	𤜖
ocnqiy	𤜗
ocmonq	𤜘
ocnqlk	𤜙
ocqrhg	𤜚
ocqrli	𤜜
ocqrji	𤜝
ocqrba	𤜞
ocqrjq	𤜟
ocqrnd	𤜠
ocqrer	𤜡
ocqrxy	𤜢
ocqrye	𤜣
ocqrto	𤜤
ocqryi	𤜥
ocqrfj	𤜦
ocjbqr	𤜧
ocqrwh	𤜪
ocqria	𤜫
ocqruj	𤜬
ocqrzi	𤜭
ocqrcy	𤜮
ocqrji	𤜯
ocqrjb	𤜰
ocqrba	𤜱
ocfuqr	𤜲
ocqryb	𤜴
ocqrkd	𤜵
ocqrvx	𤜶
ocqrhu	𤜷
ocqree	𤜸
ocqrqm	𤜹
ocqrbi	𤜻
ocqryy	𤜼
ocqrnw	𤜽
ocqrji	𤜾
ocqmqr	𤝀
ocqrtd	𤝁
ocqrmc	𤝄
ocqrgs	𤝅
ocqrqm	𤝆
ocqruu	𤝈
ocqryu	𤝉
ocqrwf	𤝋
ocqryr	𤝌
ocqrri	𤝍
ocqruv	𤝎
ocqrbm	𤝏
ocqrhc	𤝐
ocqrfj	𤝑
ocqriu	𤝒
ocqrvj	𤝓
ocqrfu	𤝔
ocqrmu	𤝕
ocqrvi	𤝖
ocqrtm	𤝗
ocqrhu	𤝘
ocqrju	𤝙
ocqruf	𤝚
ocqrta	𤝛
ocqrba	𤝜
ocqruu	𤝞
ocfuqr	𤝟
ocqrdn	𤝠
ocbdqr	𤝡
ocqriu	𤝥
ocqrmc	𤝩
ocqrrj	𤝫
ocqrdi	𤝬
ocqrci	𤝭
ocziqr	𤝮
ocqrfu	𤝯
ocqrhe	𤝰
ocqryb	𤝱
ocqrwu	𤝲
ocqryi	𤝳
ocqrbk	𤝴
ocqrjl	𤝷
ocqrmi	𤝸
ocqrvu	𤝹
ocqrdo	𤝻
ocqrzi	𤝼
ocqryu	𤝽
ocqrkl	𤝿
ocqris	𤞀
ocqrvi	𤞂
ocqrsv	𤞃
ocqrpd	𤞅
ocqrgv	𤞇
ocqruu	𤞉
ocqrlp	𤞊
ocqrzc	𤞋
ocqrvd	𤞌
ocqrxi	𤞏
ocqrcy	𤞐
ocqrhv	𤞑
ocqrgs	𤞒
ocqrxm	𤞓
ocqrui	𤞔
ocqrzd	𤞕
ocqrlw	𤞖
ocqrjm	𤞗
ocqrrf	𤞘
ocqrxn	𤞚
ocvlqr	𤞛
ocqrfz	𤞜
ocqrvi	𤞝
ocqrgu	𤞞
ocqrdz	𤞟
ocqrua	𤞠
ocqrxp	𤞡
ocyrqr	𤞣
ocqryj	𤞤
ocqrdd	𤞥
ocqrmw	𤞦
ocqrky	𤞧
ocqrfu	𤞨
ocqrvu	𤞩
ocqrlv	𤞪
ocqrjp	𤞫
ocqrns	𤞬
ocqrjm	𤞭
ocqrqq	𤞰
ocqrui	𤞱
ocqrfu	𤞲
ocqrjn	𤞴
ocqrwj	𤞵
ocqrhj	𤞶
ocqrgc	𤞺
ocqrhj	𤞻
ocqrlb	𤞼
ocqrmh	𤞽
oczcqr	𤟀
ocqrjp	𤟃
ocqrks	𤟄
ocqrua	𤟆
ocqryj	𤟇
ocqrds	𤟈
ocqran	𤟉
ocqrwj	𤟊
ocjnli	𤟋
ocqryi	𤟍
ocqrqu	𤟎
ocuuqr	𤟏
ocqrli	𤟑
ocqrih	𤟔
ocqrcd	𤟖
ocqruz	𤟗
ocqrlu	𤟘
ocviqr	𤟙
ocqrtu	𤟛
ocqryb	𤟟
ocqrxu	𤟠
ocqrhl	𤟡
ocdyqr	𤟢
ocqryk	𤟣
ocqrjy	𤟤
ocqrui	𤟥
ocqrsi	𤟧
ocsvqr	𤟩
ocqrtu	𤟪
ocdrqr	𤟮
ocqrmm	𤟯
ocqrci	𤟰
ocqrfu	𤟱
ocqrjl	𤟲
ocgzff	𤟳
ocqrjy	𤟴
ocqrwd	𤟷
ocqryu	𤟹
ocqrhs	𤟼
ocqrui	𤟽
ocqrdi	𤟾
ocqrxr	𤟿
ocqruz	𤠁
ocqrtd	𤠂
ocqrjb	𤠃
ocqrbw	𤠅
ocqrai	𤠆
ocqrge	𤠇
ocqryk	𤠉
ocxrqr	𤠊
ocqrlz	𤠋
ocqrid	𤠌
ocqrbj	𤠍
ocqrlq	𤠑
ocqrxi	𤠓
ocqryr	𤠔
ocqrxu	𤠕
ocqrgc	𤠖
ocqrng	𤠗
ocqrzc	𤠘
ocqrge	𤠙
ocqrsu	𤠚
ocqrtk	𤠜
ocqria	𤠝
ocqruk	𤠠
ocqrhe	𤠡
ocqrhz	𤠣
ocqrhl	𤠤
ocqrsu	𤠫
ocqrue	𤠭
ocqriu	𤠮
ocqrth	𤠯
ocqrgz	𤠰
ocqrai	𤠱
ocqrqi	𤠲
ocqrqi	𤠳
ocqryr	𤠴
ocqrvf	𤠶
ociiqr	𤠷
ocqrlh	𤠸
ocqrdd	𤠹
ocqrbi	𤠺
ocqrdi	𤠻
ocqrqi	𤠽
ocqrqu	𤠾
ocqrjm	𤠿
ocqryh	𤡀
ocqrmj	𤡁
ocqrlw	𤡂
ocqrcs	𤡆
ocqrhc	𤡇
ocqrxu	𤡈
ocqrlu	𤡊
ocqrrr	𤡋
ocqruu	𤡍
ocqrcc	𤡐
ocqrpn	𤡑
ocqrye	𤡒
ocqrgo	𤡓
ocqrxn	𤡔
ocqrnn	𤡕
ocqrve	𤡖
ocqrsj	𤡙
ocqrji	𤡚
ocqrhr	𤡟
ocqrif	𤡠
ocqrli	𤡢
ocqrxu	𤡣
ocqrxm	𤡥
ocqrxm	𤡦
ocqrrv	𤡧
oclbqr	𤡩
ocqrsv	𤡪
ocqryi	𤡬
ocqrpg	𤡭
ocqrrj	𤡮
ocqrbj	𤡰
ocqrgv	𤡱
ocguqr	𤡵
ocqrqu	𤡷
ocqrxl	𤡸
ocdmqr	𤡽
oceeqr	𤡾
ocdaqr	𤡿
ocqrxi	𤢀
ocqrsu	𤢂
ocqrih	𤢄
ocqrnk	𤢆
ocqrbi	𤢇
ocqrdg	𤢈
ocqrlu	𤢊
ocqrqb	𤢌
ocqrdh	𤢎
ocqrdj	𤢏
ocqrys	𤢐
ocqrkv	𤢑
ocqrxp	𤢔
ocqrzc	𤢖
ocqrlw	𤢗
ocqryi	𤢛
ocuuqr	𤢜
ocqruu	𤢡
ocqrpi	𤢣
ocqrwj	𤢥
ocqrhc	𤢨
ocqrsv	𤢩
ocqrtd	𤢬
ocqrhc	𤢭
ocqryb	𤢲
ocqrbi	𤢳
ocqrle	𤢴
ocqrwj	𤢵
ocqrqs	𤢶
ocqrln	𤢸
ocqrui	𤢼
ocqrvi	𤢽
ocqrjm	𤢾
ocqrlw	𤢿
ocqrlu	𤣃
ochoqr	𤣅
ocqrlm	𤣆
ocqrxt	𤣌
ocqryk	𤣎
ocqrnp	𤣒
ocqrqu	𤣓
ocqrji	𤣕
ocqrfg	𤣖
ocqrxi	𤣗
ocmkvu	𤣘
ocqryj	𤣚
ocqrdh	𤣞
ocqrlj	𤣟
ocduvi	𤣡
ocqrlk	𤣤
ocxrhe	𤣨
ochgtu	𤣩
ocwher	𤣪
ocwhve	𤣫
ocjqyu	𤣬
ocwhqi	𤣮
ocwhto	𤣯
ocwhtu	𤣰
ocwhyi	𤣱
ocwhxy	𤣲
ocwhqm	𤣳
ocwhyu	𤣴
ocwhme	𤣵
ocyuuj	𤣶
ocwhnv	𤣷
ocwhvh	𤣸
ocwhyb	𤣹
ocwhvx	𤣺
ocnwyu	𤣼
ocwhgs	𤣾
ocwhkd	𤣿
ocwhty	𤤀
ocwhfh	𤤁
ocwhyu	𤤂
ocwhuu	𤤄
ocwhwu	𤤅
ocwhjb	𤤆
ocwhtm	𤤇
ocwhuc	𤤉
ocycyu	𤤋
ocwhrs	𤤌
ocwhji	𤤍
ocfuyu	𤤎
ocwhii	𤤐
ocwhba	𤤒
ocwhli	𤤔
ocwhfu	𤤕
ocwhfu	𤤖
ocwhni	𤤗
ocbwwh	𤤘
ocyuui	𤤙
ocwhvu	𤤛
ocwhbk	𤤝
ocwhui	𤤟
ocwhyh	𤤠
ocwhhe	𤤤
ocwhui	𤤥
ocwhtm	𤤦
ocwhyz	𤤧
ocwhys	𤤪
ocwhwd	𤤫
ocwhyz	𤤬
ocwhui	𤤭
ocwhds	𤤮
ocwhys	𤤯
ocwhbu	𤤰
ocwhyi	𤤳
ocyuyu	𤤴
ocgsyu	𤤶
ocwhdv	𤤷
ocwhdo	𤤸
ocwhci	𤤹
ocwhyi	𤤺
ocwhbd	𤤿
ocwhdo	𤥀
ocwhmk	𤥁
ocwhyi	𤥂
ocwhan	𤥃
ocwhmi	𤥄
ocwhvz	𤥅
ocwhzd	𤥆
ocwhvi	𤥇
ocwhyb	𤥋
ocruyu	𤥏
ocwhji	𤥐
ocwhwh	𤥑
ocwhxi	𤥒
ocheyu	𤥓
ocsuyu	𤥔
ocwhww	𤥕
ocwhfz	𤥖
ocwhhj	𤥚
ocwhxn	𤥝
ocwhyi	𤥞
ocwhhs	𤥠
ocwhqi	𤥡
ocwhgc	𤥢
ocwhke	𤥣
ocwhss	𤥤
ocwhui	𤥨
ocwhgu	𤥫
ocwhie	𤥭
ocwhdd	𤥯
ocqqyu	𤥲
ocwhky	𤥳
ocwhvi	𤥴
ocwhjx	𤥵
ocwhna	𤥶
ocxqyu	𤥹
ocwhhr	𤥺
ocwhyj	𤥻
ocwhyu	𤥽
ocwhye	𤥿
ocmiyu	𤦀
ochoyu	𤦂
ocldyu	𤦃
ocfwwh	𤦅
ocwhgh	𤦇
ocwhff	𤦈
ocwhda	𤦊
ocwhbk	𤦋
ocwhyi	𤦌
ocwhpw	𤦍
ocwhly	𤦎
ochowh	𤦒
ocwhjr	𤦔
ocwhmg	𤦕
ocwhxi	𤦘
ocwhhx	𤦙
ocwhju	𤦚
ocwhue	𤦜
ocwhbo	𤦝
ocwhfu	𤦞
ocquyu	𤦟
ocqiwh	𤦢
ocwher	𤦤
ocffwh	𤦦
ocwhvi	𤦧
ocwhya	𤦩
ocwhds	𤦪
ocwhlk	𤦫
ocwhnm	𤦬
ocwhqk	𤦭
ocwhvi	𤦮
ocwhyj	𤦷
ocwhbc	𤦸
ocwhvf	𤦹
ocwhll	𤦻
ocwhzi	𤦾
ocwhzi	𤦿
ocwhmz	𤧀
ocwhui	𤧁
ocwhqi	𤧃
ocwhyc	𤧄
ocwhpk	𤧅
ocwhxl	𤧇
ocwhxl	𤧈
ocwhkv	𤧊
ocwhux	𤧋
ocwhyr	𤧌
ocwhlk	𤧍
ocwhqq	𤧐
ocwhfg	𤧑
ocwhpf	𤧒
ocwhmm	𤧔
ocwhww	𤧖
ocwhgo	𤧗
ocwhxl	𤧘
ocwhyu	𤧙
ocwhdi	𤧛
ocwhhz	𤧝
ocwhmw	𤧞
ocwhtk	𤧟
ocwhjm	𤧣
ocpoyu	𤧥
ocyuqq	𤧦
ocwhvv	𤧫
ocwhph	𤧭
ocwhgs	𤧴
ocwhvr	𤧵
ocwhxx	𤧶
ocwhvj	𤧷
ocwhqi	𤧸
ocwhzi	𤧹
ocwhtk	𤧻
ocwhgc	𤧼
ocwhvd	𤧿
ocwhjb	𤨁
ocwhsu	𤨄
ocwhui	𤨅
ocwhhl	𤨆
ocwhxi	𤨊
ocwhjx	𤨎
ocycyu	𤨐
ocwhen	𤨒
ocwhia	𤨓
ocwhle	𤨕
ocwhhu	𤨖
ocwfxb	𤨘
ocleyu	𤨙
ocwhlu	𤨞
ocwhqi	𤨟
ocwhth	𤨠
ocwhlh	𤨡
ocjqwh	𤨣
ocwhji	𤨥
ocwhyi	𤨦
ocwhpn	𤨧
ocwhmb	𤨨
ocwhxq	𤨩
ocwhdi	𤨬
ocwhys	𤨭
ocwhdd	𤨮
ocwhis	𤨲
ocwhlw	𤨴
ocwhcj	𤨵
ocwhgs	𤨶
ocyuvh	𤨼
occdyu	𤨽
ocwhky	𤨾
ocwhjl	𤨿
ocwhsj	𤩀
ocwhlc	𤩂
ocwhxy	𤩄
ocwhyc	𤩊
ocwhvj	𤩌
ocqbfu	𤩍
ocwhjm	𤩎
ocwhig	𤩏
ocwhsi	𤩐
ocwhpu	𤩓
ocwhts	𤩔
ocwhuj	𤩕
ocwhhu	𤩖
ocwhsu	𤩗
ocwhzv	𤩛
ocwhjk	𤩜
ocwhqn	𤩝
ocwhxi	𤩠
ocwhuy	𤩥
ocwhjp	𤩦
ocwhdj	𤩧
ocwhxl	𤩪
ocwhww	𤩫
ocwhxl	𤩬
ocwhhc	𤩭
ocdmyu	𤩱
ocwhge	𤩲
ocwhbf	𤩳
ocwhdm	𤩴
ocwhye	𤩶
ocwhkv	𤩸
ocpiwh	𤩹
ocyuyi	𤩺
ocwhxm	𤩽
ocwhcs	𤩿
ocwhyu	𤪂
ocwhlk	𤪊
ocwhqi	𤪌
ocyuyu	𤪐
ocwhmg	𤪑
ocwhgr	𤪔
ocwhwu	𤪕
ocwhhc	𤪗
ocwhjx	𤪘
ocwher	𤪙
ocwhjp	𤪚
ocwhrs	𤪜
ocwhyu	𤪝
ocwhpu	𤪟
ocwhxy	𤪠
ocwhrs	𤪤
ocwhnk	𤪥
ocwhyi	𤪦
ocwhfg	𤪧
ocwhvr	𤪪
ocwhmo	𤪯
ocwhwj	𤪲
ocwhhv	𤪳
ocwhmu	𤪶
ocwhii	𤪷
ocwhuh	𤪸
ocwhyk	𤫁
ocwhxk	𤫂
ocwhhg	𤫄
ocrfxi	𤫆
ocwhyj	𤫇
ocwhyk	𤫎
ocwhhd	𤫐
ocwhxx	𤫑
ocwhbc	𤫖
ocwhli	𤫚
ocwhbc	𤫞
ocwhli	𤫟
ocwhyj	𤫠
ocwhlu	𤫢
ocwhlw	𤫤
ocwhba	𤫦
ocwhlk	𤫩
octogx	𤫪
ocffgx	𤫫
ocgxfg	𤫬
ocgxty	𤫭
ocgxyt	𤫮
ocybgx	𤫯
ocgxfu	𤫰
ocjugx	𤫱
oclkgx	𤫲
ocgxtd	𤫳
ocuigx	𤫴
ocgxue	𤫵
ocjigx	𤫶
occigx	𤫷
ocgxkx	𤫸
ocgxxi	𤫺
ocbugx	𤫻
ocgxdi	𤫼
ocgxjm	𤫽
ocgxxn	𤫾
ocyugx	𤫿
ocgxyu	𤬀
ocgogx	𤬁
ocuugx	𤬂
ocpzgx	𤬃
ocgxih	𤬅
ocihgx	𤬆
ochzgx	𤬈
ocgvgx	𤬉
ocgxbm	𤬊
ocgxgo	𤬋
octrgx	𤬌
ocycgx	𤬍
ocgxdd	𤬎
oclzgx	𤬏
ocgxwf	𤬒
ocjmgx	𤬓
ocgxyc	𤬔
ochugx	𤬗
ocgxlm	𤬚
oclugx	𤬛
ocgxlu	𤬜
ocgxxl	𤬞
ocbcwa	𤬦
ocwaui	𤬧
ocwafj	𤬨
ocyiwa	𤬩
octuwa	𤬪
ocwaxy	𤬫
ochowa	𤬬
ocbuwa	𤬭
ocwajb	𤬯
ocjbwa	𤬰
ocwawu	𤬱
ocwanw	𤬲
ockzwa	𤬴
ocdiwa	𤬵
ocyswa	𤬶
ociuwa	𤬷
ocwaug	𤬸
ocwuwa	𤬹
ocyhwa	𤬺
ocwalk	𤬻
ociuwa	𤬼
ocdowa	𤬾
ocgvwa	𤬿
octswa	𤭁
ocvzwa	𤭂
ocerwa	𤭃
ocwabk	𤭅
ocwats	𤭆
ocuewa	𤭇
ocvcwa	𤭈
ocjlwa	𤭊
ocdiwa	𤭌
ocwuwa	𤭎
ocguwa	𤭏
ocmwwa	𤭐
ocwuwa	𤭑
ocllwa	𤭒
ocjkwa	𤭓
ociewa	𤭔
oclqwa	𤭕
ocwaih	𤭖
ocwahj	𤭙
ocwagc	𤭚
ocghwa	𤭛
ocluwa	𤭝
ocxlwa	𤭞
ocfuwa	𤭟
ocquwa	𤭡
oczuwa	𤭢
ocqiwa	𤭣
ocruwa	𤭤
ocnmwa	𤭥
ocqiwa	𤭦
ocjpwa	𤭧
ocxlwa	𤭪
ocgewa	𤭫
ocghwa	𤭬
ocbcwa	𤭭
ocvswa	𤭮
ocwaqr	𤭯
ochuwa	𤭱
ocyewa	𤭴
ocwayb	𤭵
ocwayu	𤭷
ocpkwa	𤭸
ocahwa	𤭹
ocghwa	𤭺
ocgewa	𤭻
ocziwa	𤮀
ocwath	𤮂
ocwaah	𤮃
ocwage	𤮄
ocxuwa	𤮆
ocyswa	𤮇
oclwwa	𤮉
ockhwa	𤮊
ocgowa	𤮋
ocwajp	𤮌
ocwavr	𤮍
ochlwa	𤮏
oczywa	𤮐
ocwabw	𤮑
ocwalv	𤮒
ocsiwa	𤮓
ocbiwa	𤮕
ocwalu	𤮗
oclwwa	𤮚
ocdjwa	𤮜
ocwwwa	𤮞
ocwakk	𤮟
ocwamg	𤮠
ocfuwa	𤮣
ocwaou	𤮥
octjwa	𤮦
ocluwa	𤮧
oclswa	𤮨
ocnpwa	𤮱
oclkwa	𤮹
ocgjgj	𤮻
ocyigj	𤮼
ocgjgj	𤮽
ocwugj	𤮾
ocgjwu	𤮿
ocgjgj	𤯀
ocuigj	𤯁
ocgjqr	𤯂
ocmugj	𤯃
ocgjui	𤯄
ocgjvg	𤯅
ocgjyj	𤯆
ocgjyj	𤯇
ocgjve	𤯈
ociagj	𤯊
ocgjuu	𤯋
ocmagj	𤯌
occcer	𤯓
ochgug	𤯔
ocugnv	𤯕
ocdaug	𤯗
ocugdz	𤯘
ocugvi	𤯙
ocbuug	𤯚
ocugwf	𤯛
ocugyt	𤯝
ocugdj	𤯞
ocugmu	𤯟
ocybug	𤯠
ocugci	𤯡
oclwug	𤯢
ocugzi	𤯣
ocheug	𤯤
ocruug	𤯥
ociuug	𤯦
ocugns	𤯨
ocnsug	𤯩
ocugxq	𤯪
ocugwo	𤯫
ocugjs	𤯬
ocbkug	𤯭
ocughu	𤯮
ocuiug	𤯯
ocugdi	𤯰
ocqiug	𤯱
ocjlug	𤯲
ocuyug	𤯷
ocugjb	𤯸
ocugqb	𤯺
ocugmg	𤯻
ocmgug	𤯾
ocdiij	𤯿
ocjuug	𤰁
ocugxl	𤰂
ocdcys	𤰄
ocwfys	𤰅
oczuys	𤰉
ocycys	𤰊
ocyzys	𤰋
ocxlys	𤰎
ochgtm	𤰓
ochgyz	𤰔
octmyz	𤰖
ocrftm	𤰗
octmbu	𤰘
ocjqtm	𤰙
ocjqtm	𤰚
oclitm	𤰛
octmsi	𤰜
octmir	𤰝
octmgj	𤰟
octmgj	𤰠
ocwhtm	𤰡
octmqi	𤰢
ocyzxt	𤰣
octmyu	𤰤
octmcy	𤰥
octmto	𤰦
ocxitm	𤰧
octmui	𤰨
octmyu	𤰩
octmff	𤰪
octmuc	𤰬
ocgetm	𤰭
octmgk	𤰮
ocyzvx	𤰰
ochgff	𤰳
ocufri	𤰶
ocufba	𤰷
octmho	𤰹
ocbutm	𤰺
ocgstm	𤰻
octmnq	𤰼
octmpm	𤰽
octmyt	𤰾
octmwu	𤰿
octmfu	𤱀
ocyzfu	𤱁
octmyy	𤱂
octmmu	𤱃
octmuv	𤱄
octmnw	𤱅
ocfutm	𤱇
ocmubu	𤱈
ocyzgk	𤱉
octmqp	𤱌
octmpi	𤱍
octmyz	𤱎
octmpi	𤱐
ocufuf	𤱓
ocmume	𤱔
octmmb	𤱕
octmli	𤱗
ocnjqi	𤱘
octmbf	𤱙
octmhe	𤱛
ochetm	𤱜
octmds	𤱞
octmiu	𤱟
octmvc	𤱠
ocjxdd	𤱢
ocrjjx	𤱣
ocyznk	𤱤
octmif	𤱥
octmdo	𤱧
octmgs	𤱨
octmvc	𤱩
ocyutm	𤱪
octmxy	𤱬
octmww	𤱯
octmpd	𤱰
octmdi	𤱲
octmgl	𤱳
ocjrtm	𤱵
ocmuqr	𤱶
ocgstm	𤱺
octmif	𤱼
ocjpxx	𤲂
ocgsdm	𤲅
octmif	𤲆
octmmm	𤲈
octmzu	𤲊
ocnstm	𤲌
ocjxjx	𤲍
octmjq	𤲏
octmbk	𤲒
octmld	𤲓
octmui	𤲔
octmly	𤲕
octmtm	𤲖
octmih	𤲘
octmds	𤲚
octmxk	𤲜
ocldtm	𤲝
octmqk	𤲟
octmzu	𤲠
ocyatm	𤲢
ocyzjp	𤲣
octmvo	𤲤
octmmu	𤲧
octmjr	𤲨
octmyj	𤲩
octmlk	𤲪
octmyr	𤲫
ocjxmc	𤲰
octmyu	𤲳
octmdd	𤲵
ocnjnj	𤲶
oczitm	𤲸
octmro	𤲹
octmxi	𤲺
octmgs	𤲻
ocwwyi	𤲼
ocyamu	𤲾
octmig	𤳁
ocyzxi	𤳃
ocyzba	𤳄
ocnjld	𤳆
ocldnj	𤳇
octmuu	𤳌
octmze	𤳎
ocyzuu	𤳐
ocvztm	𤳕
ocfjqu	𤳖
ocqufj	𤳗
ocufdg	𤳘
octmwj	𤳙
ocqufj	𤳛
octmyy	𤳟
ocnjgs	𤳢
octmbi	𤳣
ocyzlu	𤳨
ocyjtm	𤳪
octmgl	𤳱
ocfjfu	𤳺
octmls	𤳽
octmtc	𤴃
octmiz	𤴆
octmlw	𤴈
ochgzz	𤴓
ocvevi	𤴔
ocerzz	𤴕
occspi	𤴙
ocuupi	𤴚
oclbpi	𤴜
ocddpi	𤴟
ocjlpi	𤴠
ocvipi	𤴢
ocpipi	𤴣
ocbkyi	𤴥
ocbkjq	𤴦
ocbkia	𤴧
ocbkyz	𤴨
ocbkbu	𤴩
ocbkji	𤴪
ocbkdk	𤴫
ocbkdc	𤴬
ocbkba	𤴭
ocbkwj	𤴯
ocbkwu	𤴰
ocbkto	𤴱
ocbkgj	𤴲
ocbkzi	𤴳
ocbkyi	𤴵
ocbkui	𤴶
ocbkmu	𤴷
ocbkqi	𤴸
ocbkfu	𤴹
ocbkrs	𤴺
ocbkqr	𤴻
ocbkqm	𤴼
ocbkjb	𤴽
ocbkjb	𤴾
ocbkji	𤵀
ocbkvi	𤵁
ocbkxb	𤵂
ocbknq	𤵃
ocbkgs	𤵄
ocbkxs	𤵅
ocbkgz	𤵆
ocbkff	𤵇
ocbkyu	𤵈
ocbktd	𤵉
ocbkty	𤵊
ocbkuc	𤵌
ocbkwu	𤵍
ocbkwu	𤵐
ocbkppna	𤵑
ocbkwf	𤵒
ocbkyy	𤵔
ocbkxi	𤵕
ocbkri	𤵖
ocbkbu	𤵗
ocbkbi	𤵘
ocbkug	𤵙
ocbkpi	𤵛
ocbker	𤵜
ocbkmu	𤵝
ocbkmc	𤵠
ocbkhu	𤵡
ocbkqq	𤵢
ocbkpk	𤵣
ocbkmb	𤵤
ocbkhe	𤵥
ocbkva	𤵦
ocbkta	𤵩
ocbkvc	𤵪
ocbkui	𤵫
ocbkba	𤵬
ocbkjx	𤵭
ocbkiu	𤵰
ocbklk	𤵱
ocbkbf	𤵳
ocbkui	𤵴
ocbkjl	𤵸
ocbkji	𤵹
ocbkyi	𤵺
ocbkxl	𤵼
ocbkai	𤵽
ocbkvd	𤵾
ocbkjn	𤶀
ocbklc	𤶁
ocbkvc	𤶃
ocbkrf	𤶄
ocbkxy	𤶇
ocbkxi	𤶈
ocbkhv	𤶊
ocbkse	𤶋
ocbkvu	𤶎
ocbkgl	𤶏
ocbkcy	𤶐
ocbkyb	𤶑
ocbkbm	𤶒
ocbkty	𤶕
ocbkfu	𤶖
ocbkyi	𤶗
ocbkyj	𤶘
ocbkzo	𤶙
ocbkyi	𤶛
ocbkvl	𤶜
ocbkrf	𤶝
ocbkfg	𤶞
ocbkyu	𤶠
ocbkvz	𤶡
ocbkyi	𤶣
ocbkns	𤶦
ocbkyr	𤶧
ocbkqq	𤶩
ocbktn	𤶫
ocbkuu	𤶬
ocbkdd	𤶭
ocbkqi	𤶮
ocbkyz	𤶯
ocbkir	𤶱
ocbkig	𤶲
ocbkgc	𤶳
ocbkuf	𤶴
ocbkwh	𤶶
ocbkjy	𤶷
ocbkna	𤶸
ocbkju	𤶹
ocbkiv	𤶺
ocbkjm	𤶻
ocbkmh	𤶼
ocbkbo	𤶽
ocbklb	𤶾
ocbkfw	𤷂
ocbkjr	𤷄
ocbker	𤷅
ocbkds	𤷆
ocbkho	𤷇
ocbknd	𤷈
ocbkji	𤷉
ocbkqi	𤷍
ocbkfu	𤷎
ocbkmh	𤷐
ocbkjq	𤷑
ocbkxb	𤷓
ocbkly	𤷔
ocbkcd	𤷕
ocbklk	𤷖
ocbkbi	𤷗
ocbkvo	𤷘
ocbkde	𤷙
ocbklu	𤷚
ocbkuh	𤷛
ocbkyt	𤷝
ocbkla	𤷟
ocbkmw	𤷠
ocbkhu	𤷡
ocbkju	𤷢
ocbkiv	𤷣
ocbkyc	𤷤
ocbkjk	𤷦
ocbkwj	𤷧
ocbkvi	𤷩
ocbkmg	𤷪
ocbkci	𤷫
ocbkde	𤷭
ocbkwh	𤷮
ocbkux	𤷯
ocbkfg	𤷰
ocbkmf	𤷱
ocbkyj	𤷳
ocbkyi	𤷴
ocbkpo	𤷵
ocbkbn	𤷶
ocbkxl	𤷼
ocbkqt	𤷽
ocbktu	𤷿
ocbkxu	𤸀
ocbktr	𤸁
ocbkww	𤸆
ocbkqq	𤸈
ocbksv	𤸉
ocbkdd	𤸊
ocbkjp	𤸋
ocbkhe	𤸎
ocbknd	𤸏
ocbkfu	𤸑
ocbkyu	𤸒
ocbkvi	𤸓
ocbkpb	𤸔
ocbkai	𤸖
ocbkvf	𤸘
ocbkdu	𤸚
ocbksi	𤸛
ocbkyh	𤸜
ocbkys	𤸝
ocbkii	𤸟
ocbkmn	𤸠
ocbkyk	𤸡
ocbkui	𤸤
ocbktk	𤸥
ocbkxr	𤸧
ocbkmm	𤸩
ocbkqp	𤸪
ocbkyr	𤸫
ocbkuk	𤸬
ocbktu	𤸭
ocbkxp	𤸮
ocbksh	𤸯
ocbkhe	𤸱
ocbkvg	𤸲
ocbkqi	𤸳
ocbkso	𤸴
ocbkvr	𤸵
ocbkqy	𤸷
ocbkyi	𤸸
ocbkwu	𤸼
ocbkgc	𤹂
ocbkvi	𤹆
ocbkxx	𤹉
ocbkui	𤹌
ocbkng	𤹍
ocbklp	𤹐
ocbkqu	𤹒
ocbkjy	𤹓
ocbkph	𤹔
ocbken	𤹕
ocbkxr	𤹖
ocbkwg	𤹗
ocbkru	𤹘
ocbkvu	𤹙
ocbkgs	𤹜
ocbkbi	𤹝
ocbkdi	𤹞
ocbkuh	𤹟
ocbkze	𤹠
ocbklm	𤹨
ocbkqu	𤹪
ocbkde	𤹬
ocbkys	𤹯
ocbkih	𤹰
ocmauj	𤹳
ocmanv	𤹴
ocbkvr	𤹵
ocbknn	𤹷
ocbkgd	𤹺
ocbkbn	𤹼
ocbkne	𤹽
ocbkyu	𤹿
ocbkts	𤺄
ocbktu	𤺈
ocbkww	𤺉
ocbksi	𤺊
ocbkvf	𤺋
ocbkdg	𤺌
ocbkgj	𤺍
ocbkfj	𤺏
ocbkbi	𤺓
ocbkfw	𤺕
ocbkmb	𤺖
ocbkjp	𤺚
ocbkxm	𤺛
ocbkxu	𤺞
ocbksf	𤺢
ocbkjt	𤺤
ocbkda	𤺥
ocbkzg	𤺧
ocbkil	𤺨
ocbkuj	𤺪
ocbkrv	𤺫
ocbkpg	𤺬
ocbkbi	𤺭
ocbkgu	𤺮
ocbkmf	𤺯
ocbkqb	𤺰
ocbkrj	𤺱
ocbkih	𤺲
ocbkxi	𤺳
ocbkbc	𤺴
ocbkji	𤺷
ocbkww	𤺸
ocbkyh	𤺹
ocbkdj	𤺺
ocbkjy	𤺻
ocbklu	𤺼
ocbkqy	𤺽
ocbkao	𤺾
ocbksv	𤻀
ocbkuu	𤻃
ocbksv	𤻄
ocbkai	𤻅
ocbkwj	𤻆
ocbkiu	𤻇
ocbktv	𤻊
ocbkgo	𤻌
ocbkjb	𤻎
ocbkhv	𤻏
ocbkxb	𤻐
ocbklm	𤻑
ocbksv	𤻒
ocqibk	𤻓
ocbkvu	𤻔
ocbkww	𤻕
ocbkbi	𤻖
ocbkho	𤻙
ocbkjp	𤻛
ocbknk	𤻝
ocbker	𤻞
ocbkmg	𤻟
ocbktd	𤻡
ocbkgr	𤻥
ocbkpj	𤻧
ocbkdr	𤻨
ocbkxs	𤻩
ocbkxu	𤻪
ocbkdv	𤻫
ocbkla	𤻬
ocbkyu	𤻭
ocbklv	𤻱
ocbkle	𤻲
ocbklw	𤻳
ocbktg	𤻴
ocbkbm	𤻶
ocbkuu	𤻺
ocbkmp	𤻻
ocbklu	𤻼
ocbkii	𤻽
ocbkdj	𤻾
ocbksu	𤼀
ocbkmg	𤼁
ocbkxm	𤼂
ocbkls	𤼃
ocbkqi	𤼅
ocbktg	𤼆
ocbkxk	𤼈
ocbkhj	𤼉
ocbkyi	𤼌
ocbklm	𤼏
ocbklj	𤼓
ocbkvi	𤼕
ocbkis	𤼖
ocbklw	𤼘
ocbkli	𤼠
ocbkhr	𤼢
ocbklm	𤼣
ocdgee	𤼥
ocdgyz	𤼦
ocdgpu	𤼧
ocdgmu	𤼨
ocdgui	𤼩
ocdgbm	𤼪
ocdgis	𤼭
ocdgzu	𤼯
ocdgli	𤼶
ocdgcc	𤼷
ocdguh	𤼸
ocdgbd	𤼹
ocdgii	𤼻
ocbduu	𤼽
ocbdve	𤼾
ocbdln	𤽀
ocbdui	𤽁
ocbdgj	𤽂
ocbdir	𤽃
ocbdwu	𤽅
ocbdho	𤽈
ocbdff	𤽉
ocbdbi	𤽊
ocbdfu	𤽌
ocbdqi	𤽍
ocbdyy	𤽎
ocbdbi	𤽏
ocbdpu	𤽐
ocbdvi	𤽑
ocbdsa	𤽒
ocbdhh	𤽘
ocbdyz	𤽙
ocbdww	𤽜
ocvubd	𤽞
ocbdgx	𤽡
ocbdvg	𤽢
ocbibd	𤽣
occibd	𤽤
ocbdge	𤽥
ocbdfz	𤽦
ocbdsi	𤽨
ocbdqy	𤽭
ocbdxb	𤽮
ocbduz	𤽯
ocbdzu	𤽱
ocbdnj	𤽲
ocbdxn	𤽴
ocbdpc	𤽵
ocbdww	𤽶
ocbdig	𤽷
ocbdvl	𤽸
ocbdbw	𤽹
ocbdlu	𤽺
ocbdvv	𤽼
ocbkbd	𤽽
ocbdhu	𤽾
ocbdnm	𤽿
ocbdze	𤾀
ocbdbw	𤾁
ocbdwj	𤾂
ocbdyj	𤾃
ocbdfw	𤾅
ocbder	𤾆
ocbder	𤾇
ocbdjy	𤾈
ocbdyh	𤾉
ocqrvc	𤾌
ocbdlb	𤾓
ocbdrs	𤾔
ocbdru	𤾖
ocglhl	𤾗
ocbdch	𤾙
ocbdnp	𤾚
ocbdpn	𤾛
ocbdma	𤾝
ocbdxu	𤾟
ocbddj	𤾠
ocbdww	𤾡
ocbddg	𤾢
ocbdzg	𤾥
ocbdye	𤾧
ocbdlk	𤾨
ocbdvd	𤾫
ocbdmg	𤾬
ochluu	𤾭
ocbdyr	𤾮
ocbdmj	𤾯
ocbdyi	𤾰
ocbdnk	𤾱
ochlgc	𤾲
ocuuhl	𤾳
ocbdbi	𤾵
ocbdpu	𤾷
ocbdhx	𤾹
ochldj	𤾺
ocbole	𤾾
ocbdzj	𤿀
ocbdxi	𤿂
ocbdlk	𤿅
ocpidk	𤿆
ocpidc	𤿇
ocucpi	𤿈
ocpiuc	𤿉
ocgjpi	𤿊
ocpicd	𤿋
ockzpi	𤿌
ocpiyu	𤿍
ocbipi	𤿎
ocnwpi	𤿏
ockdpi	𤿐
ocpinw	𤿒
ocycpi	𤿓
ocdjpi	𤿔
ocmbpi	𤿕
ocmopi	𤿖
ocpimo	𤿗
ocvcpi	𤿘
occipi	𤿙
ocqppi	𤿚
ocpigu	𤿛
ocqupi	𤿜
ocvjpi	𤿝
ocgupi	𤿞
ocxypi	𤿟
ocjipi	𤿠
ocwwpi	𤿡
ocxipi	𤿢
ocvupi	𤿤
ocpido	𤿦
ochjpi	𤿧
ocxnpi	𤿨
ocgcpi	𤿩
ocdvpi	𤿫
ocpins	𤿬
ocpifu	𤿭
ocmmpi	𤿯
ocnspi	𤿰
ocbppi	𤿱
ocmdpi	𤿲
oclupi	𤿴
ocvopi	𤿵
ocdmpi	𤿶
ocpixi	𤿸
ocxkpi	𤿹
ocqipi	𤿺
ocfwpi	𤿻
ocuhpi	𤿼
ocdapi	𤿽
ocbwpi	𤿾
ocvepi	𥀁
ocfgpi	𥀂
ochzpi	𥀃
ocyjpi	𥀆
ocnjpi	𥀇
ocpiww	𥀊
ocpitd	𥀌
ocngpi	𥀍
oclqpi	𥀓
oclupi	𥀔
ocbipi	𥀕
ocmjpi	𥀗
ocpicc	𥀛
ocpisu	𥀝
ocxqpi	𥀞
ocpigv	𥀠
ocbfpi	𥀢
ocgepi	𥀥
ocpimm	𥀨
ocmmpi	𥀩
ocpiys	𥀪
ocxupi	𥀫
ocyjpi	𥀬
ocpixu	𥀭
ocncpi	𥀮
ocpimp	𥀯
ocglpi	𥀱
ocpimd	𥀲
ocpimo	𥀳
ocqipi	𥀴
oclupi	𥀵
ocxlpi	𥀶
ocpiul	𥀸
ocjmpi	𥀹
ocmbqn	𥀿
ocdcmb	𥁀
ocgsmb	𥁁
ocjpmb	𥁂
ocwhmb	𥁃
ockvmb	𥁄
ocnvmb	𥁅
ocyamb	𥁆
ocdzmb	𥁇
ocvimb	𥁈
ocgrmb	𥁉
ocyzmb	𥁊
ocjbmb	𥁌
ocmbgk	𥁍
ocysmb	𥁎
ocvcmb	𥁏
octdmb	𥁐
ocbimb	𥁑
ocyzmb	𥁒
ocyzmb	𥁓
ocmbfj	𥁔
ocqqmb	𥁕
octamb	𥁗
oczdmb	𥁙
ocmcmb	𥁚
ocmcmb	𥁛
ocdnmb	𥁜
ocyumb	𥁞
oclpmb	𥁟
ocjrmb	𥁠
ocwumb	𥁡
ocqnmb	𥁢
ocuimb	𥁦
ochvmb	𥁧
ochcmb	𥁨
ocufmb	𥁭
ocyzmb	𥁮
oczumb	𥁯
ocjsmb	𥁰
ocuamb	𥁲
ocffmb	𥁳
ocwfmb	𥁴
ocfjmb	𥁷
ocjrmb	𥁸
oclbmb	𥁹
ocuumb	𥁽
ocpgmb	𥂀
ocxlmb	𥂅
ocqmmb	𥂆
ocheju	𥂇
ocpumb	𥂈
octydc	𥂉
octumb	𥂋
ocgemb	𥂌
ockumb	𥂍
occdmb	𥂑
ocmamb	𥂓
ocvimb	𥂕
ocirmb	𥂟
ocaomb	𥂢
ocgomb	𥂣
ocdymb	𥂦
ocyuhe	𥂨
ocsjmb	𥂪
occjmb	𥂫
ochwmb	𥂮
ocfgmb	𥂳
ocdmmb	𥂴
ocyhmb	𥂸
ocyiyi	𥂺
oclrmb	𥂽
ocbjmb	𥂾
ocqmmb	𥃒
ochuhe	𥃕
ocjmmb	𥃗
ocgdzg	𥃙
ocjbhe	𥃞
ocluyi	𥃠
ocmuve	𥃤
ocmuve	𥃥
ocrfmu	𥃦
ocmujq	𥃧
ocmubu	𥃨
ocmubi	𥃩
ocmuui	𥃪
ocmuyz	𥃫
ocmukl	𥃬
ocuimu	𥃭
ocrumu	𥃮
ocmuji	𥃯
ocwfmu	𥃰
ocmurf	𥃱
ocmucc	𥃲
ocmukv	𥃳
ocmuxy	𥃴
ocmufj	𥃵
ocmucy	𥃷
ocmuye	𥃸
ocmuir	𥃹
ocmuwu	𥃺
ocxnmu	𥃻
ocmume	𥃼
ocmugs	𥃽
ocmutu	𥃾
ocmugs	𥃿
ocvxmu	𥄃
ocmuvx	𥄄
ocmuhu	𥄅
ocuimu	𥄇
oclqmu	𥄈
ocmunw	𥄋
ocmujp	𥄍
ocmupu	𥄎
ocmuvi	𥄏
ocmuwf	𥄐
ocmufu	𥄑
ocmuhx	𥄒
ocbumu	𥄓
ocmufu	𥄔
occcmu	𥄕
ocmuyu	𥄛
ocffmu	𥄟
ocmuhr	𥄠
ocmuvs	𥄡
ocmumu	𥄢
ocmuho	𥄣
ocmcmu	𥄥
ocmukh	𥄦
ocmuho	𥄧
ocmuiz	𥄨
ocwumu	𥄪
ocmuji	𥄫
ocmuwu	𥄬
ocmuwu	𥄭
ocmurf	𥄮
ocmujb	𥄯
ocmurf	𥄰
ocfumu	𥄱
ocsimu	𥄲
ocsiuv	𥄳
ocmuxt	𥄴
ocmuuu	𥄵
ocmusi	𥄶
ocmuju	𥄷
ocmumc	𥄸
ocmubc	𥄹
ocmuta	𥄻
ocmugx	𥄼
ocmuva	𥅁
ocmuta	𥅂
ocmudj	𥅃
ocnumu	𥅄
ocmuji	𥅅
ocmurj	𥅆
ocmuli	𥅈
ocppmc	𥅉
ocmupi	𥅊
ocmuui	𥅋
oclkmu	𥅍
ocmukz	𥅑
ocmuqq	𥅔
ocmuvu	𥅖
ocmupi	𥅗
ocmuer	𥅘
ocmubk	𥅙
ocmukx	𥅚
ocmuxu	𥅛
ocmuxu	𥅜
ockdmu	𥅝
ocmuui	𥅞
ocmujn	𥅟
ocmuhz	𥅠
ocmuer	𥅡
ocmuan	𥅥
ocmulw	𥅦
ocmuxt	𥅧
ocmugf	𥅨
ocmufa	𥅩
ocmuuz	𥅪
oclpmu	𥅮
ocmurs	𥅯
ocmuvu	𥅲
ocmukd	𥅳
ocmujx	𥅴
ocmuse	𥅺
ocmuis	𥅻
ocmumi	𥅼
ochemu	𥅽
ocmuvl	𥅾
ocmuvi	𥅿
ocmujl	𥆀
ocmulp	𥆁
ocmurf	𥆂
ocmuru	𥆃
ocmugl	𥆄
ocjimu	𥆅
ocgsmu	𥆇
ocmuui	𥆋
ocmujn	𥆌
ocmuig	𥆏
ocmuwu	𥆐
ocmutk	𥆑
ocmuuf	𥆓
ocmuxn	𥆔
ocmudz	𥆖
ocmubw	𥆘
ocmuls	𥆙
ocmuwh	𥆚
ocyimu	𥆛
ocmuwh	𥆜
ocuamu	𥆝
ocmudv	𥆟
ocmuhj	𥆡
oclimu	𥆤
ocmuzz	𥆥
ocmury	𥆧
ocmulq	𥆨
ocmuxk	𥆪
ocmudd	𥆫
ocmufu	𥆬
ocmufu	𥆭
ocmucf	𥆱
ocmuji	𥆹
ocmuyz	𥆺
ocmulv	𥆻
ocmuli	𥆼
ocmuyb	𥆽
ocmurf	𥆾
ocmuqq	𥆿
ocmumh	𥇀
ocmuvu	𥇁
ocmubp	𥇂
ocmudi	𥇃
ocmmmu	𥇅
ocmuua	𥇇
ocmuql	𥇉
ocmuky	𥇊
ocmumh	𥇋
ocmuvo	𥇍
ocmumi	𥇎
ocmujs	𥇏
ocmujb	𥇐
ocmull	𥇑
ocmuqp	𥇒
ocmudk	𥇓
ocmuih	𥇔
ocmuvi	𥇕
ocfwmu	𥇖
ocmujp	𥇗
ochomu	𥇙
ocmuqi	𥇚
ocmuxl	𥇜
ocmuvj	𥇢
ocmuqu	𥇣
ocmuxi	𥇦
ocmund	𥇧
ocmufw	𥇪
ocmugo	𥇬
ocmuvi	𥇭
ocmuhu	𥇰
ocbomu	𥇲
ocmuvz	𥇳
ocmujb	𥇶
ocmuyj	𥇷
ocmuyt	𥇸
ocmude	𥇹
ocmuvl	𥇺
ocmuvz	𥇻
ocrumu	𥇽
ocmuho	𥇿
ocmuyk	𥈁
ocmuji	𥈂
ocxlmu	𥈄
ocmumm	𥈅
ocmumc	𥈆
ocmuhr	𥈉
ocmuyu	𥈋
ocmuxq	𥈌
ocmuhe	𥈎
ocmuid	𥈐
ocmugo	𥈓
ocmuye	𥈗
ocmuci	𥈙
ocmund	𥈡
ocmumw	𥈢
ocmuxi	𥈣
ocmuhf	𥈥
ocmukj	𥈧
ocmudr	𥈨
ocmuxl	𥈩
ocmuyu	𥈬
ocmuli	𥈯
ocmuhs	𥈰
ocmuyk	𥈱
ocmuji	𥈲
ocmutu	𥈳
ocmunt	𥈴
ocmujm	𥈵
ocmunj	𥈶
ocmuir	𥈹
ocbjmu	𥈼
ocmugs	𥈿
ocmuhl	𥉂
ocngmu	𥉃
ocmugu	𥉄
ocmuge	𥉅
ocmugz	𥉇
ocmuxq	𥉈
ocmutn	𥉉
ocmuma	𥉊
ocmuii	𥉍
ocmuxi	𥉐
ocmuhe	𥉑
ocmunp	𥉒
ocggmu	𥉔
ocmusi	𥉘
ocmuqi	𥉙
ocmuyj	𥉛
ocmuqb	𥉜
ocmubj	𥉟
ocwumu	𥉠
ocmuph	𥉣
ocmuni	𥉥
ocmmmu	𥉦
ocmuro	𥉧
ocmuhd	𥉪
ocmuve	𥉭
ocmuuo	𥉮
ocmugv	𥉯
ocmuyc	𥉰
ocmuvj	𥉲
ocmulq	𥉳
ocmumi	𥉴
ocmamu	𥉵
ocmulu	𥉶
ocmuqi	𥉷
ocmujm	𥉸
ocmulw	𥉹
ocmuvi	𥉺
ocmuji	𥉻
ocmuxn	𥉼
ocmukh	𥉽
ocmucj	𥊀
ocmuxi	𥊂
ocmuya	𥊅
ocmuli	𥊈
ocmumi	𥊋
ocmuic	𥊌
ocvimu	𥊍
ocmuis	𥊎
ocmumj	𥊑
ocmufg	𥊒
ocmuij	𥊓
ocmuuh	𥊔
ocmudv	𥊖
ocmudj	𥊗
ocmuji	𥊘
ocmuma	𥊚
ocmuwh	𥊛
ocmujt	𥊜
ocmuvi	𥊝
ocmugo	𥊞
ocmwrf	𥊟
ocmuis	𥊠
ocmurr	𥊡
ocviuh	𥊢
ocuhvi	𥊣
ocmude	𥊤
ocmuxm	𥊥
ocmuwu	𥊦
ocmulm	𥊩
ocmuww	𥊪
ocmugr	𥊫
ocmuji	𥊬
ocmuzy	𥊭
ocmuhx	𥊮
ocmujp	𥊯
ocmuug	𥊱
ocmuth	𥊲
ocmuuj	𥊳
ocmuzv	𥊴
ocmudd	𥊵
ocmurj	𥊶
ocmuxm	𥊺
ocmudy	𥋆
ocmuvh	𥋇
ocycmu	𥋈
ocmuqn	𥋊
ocmuti	𥋋
ocmusj	𥋌
ocmuvi	𥋒
ocmujk	𥋓
ocmuxu	𥋖
ocmubi	𥋗
ocmuye	𥋙
ocmuuu	𥋛
ocmumm	𥋝
ocmulk	𥋞
ocmuyi	𥋟
ocmupn	𥋠
ocmujx	𥋣
ocmuua	𥋧
ocwwmu	𥋪
ocmulm	𥋲
ocmuww	𥋳
ocmujb	𥋴
ocmuxb	𥋵
ocmulo	𥋷
ocmulw	𥋸
ocdemm	𥋹
ocmuqb	𥋼
ocmuvc	𥋽
ocmuds	𥋾
ocmuhe	𥋿
ocmuca	𥌀
ocmuer	𥌃
ocyjmu	𥌅
ocmuuz	𥌆
ocmuwu	𥌇
ocmujm	𥌈
ocmumg	𥌋
ocmuxu	𥌎
ocmwmk	𥌏
ocmurv	𥌑
ocmuuu	𥌓
ocmwku	𥌙
ocmumd	𥌚
ocmuli	𥌛
ocmufj	𥌞
ocmulv	𥌠
ocmuln	𥌢
ocmuke	𥌥
ocmulu	𥌧
ocmude	𥌩
ocmuvr	𥌫
ocmuli	𥌮
ocmuyi	𥌰
ocmuyk	𥌴
ocmujb	𥌹
ocmuly	𥌺
ocmulj	𥌻
ocmuyk	𥌽
ocmuyk	𥌾
ocgvmu	𥍁
ocmuyj	𥍂
ocmusv	𥍃
ocmuhs	𥍇
ocmunp	𥍉
ocmulj	𥍍
ocmujn	𥍑
ocmuyj	𥍓
ocmulw	𥍔
ocmulj	𥍖
ocmubm	𥍚
ocmchg	𥍝
ocmcrf	𥍞
ocmcuu	𥍟
ocmcxi	𥍠
ocmcbd	𥍡
ocmchc	𥍣
ocmcmc	𥍤
ocmcwu	𥍥
ocmcww	𥍨
ocmcts	𥍩
ocmcvi	𥍪
ocmcll	𥍫
ocmcqy	𥍬
ocmcve	𥍭
ocmcfg	𥍮
ocmcuc	𥍰
ocmcgc	𥍱
ocrznw	𥍲
ocrziz	𥍳
ocmcyi	𥍴
ocmcnm	𥍵
ocmcui	𥍸
ocmcjm	𥍹
ocmcyk	𥍼
ocmcvs	𥍽
ocmcjp	𥍾
ocmcdy	𥍿
ocmcye	𥎀
ocmcvj	𥎁
ocmcrs	𥎂
ocmcqi	𥎃
ocmcch	𥎄
ocmchd	𥎆
ocmcjb	𥎊
ocmcfg	𥎌
ocmcze	𥎍
ocmcjp	𥎎
ocmcer	𥎖
ocmcyu	𥎗
ocmcxu	𥎘
ocmckv	𥎛
ocmczj	𥎝
ocmcqu	𥎡
ocihui	𥎦
ocuiui	𥎧
ocviui	𥎩
ocuiwf	𥎪
ocuibi	𥎬
ocuiri	𥎭
ocuifj	𥎮
ocuiqm	𥎯
ocuiqu	𥎰
ocuiba	𥎱
ocuimu	𥎳
ocuitm	𥎴
ocuike	𥎵
ocuimu	𥎶
ocuibd	𥎷
ocuixr	𥎸
ocuivi	𥎹
ocuivc	𥎺
ocvzui	𥎻
ocuiww	𥎾
ocuixu	𥎿
ocuibd	𥏄
ocuizc	𥏅
ocuizi	𥏆
ocjrui	𥏇
ocuiyu	𥏊
ocxmui	𥏋
ocuixm	𥏌
ocuimk	𥏍
ocuitk	𥏎
ocuitu	𥏐
ocuiwu	𥏒
ocuixb	𥏔
ocuihs	𥏕
ocuiyi	𥏖
ocuixq	𥏗
ocuiqu	𥏘
ocuijr	𥏙
ocuiqi	𥏜
ocuiya	𥏝
ocuivo	𥏞
ocuibi	𥏟
ocuibw	𥏠
ocuiqp	𥏡
ocuivo	𥏥
ocuivz	𥏨
ocuihu	𥏩
ocuijp	𥏪
ocuiyh	𥏫
ocyhui	𥏬
ocuiye	𥏭
ocuiyb	𥏮
ocvizc	𥏯
ocuivs	𥏱
ocuich	𥏲
ocldyi	𥏳
ocuilq	𥏵
ocuiqi	𥏸
ocuigc	𥏹
ocuiia	𥏺
ocuiwf	𥏿
ocuisi	𥐀
ocpuui	𥐄
ocuipu	𥐅
ocdrbj	𥐆
ocdrgf	𥐇
ocuiuu	𥐈
ocgfdr	𥐉
ocuijn	𥐊
ocdrai	𥐋
ocuiqi	𥐌
ocdrdz	𥐍
ocuixu	𥐎
ocdrju	𥐏
ocuiyk	𥐑
ocdrgu	𥐒
ocdrwf	𥐔
ocuive	𥐕
ocuiee	𥐗
ocuiba	𥐙
ocuibu	𥐚
ocuidc	𥐛
ocuijq	𥐜
ocuiuc	𥐝
ocuiwh	𥐞
ocuiyi	𥐟
ocuiwj	𥐠
ocuiiu	𥐡
ocuiuj	𥐢
ocuiir	𥐣
ocuiji	𥐦
ocuicc	𥐧
ocuiye	𥐨
ocuiyy	𥐩
ocuigs	𥐪
ocuicc	𥐫
ocuiqi	𥐬
ocuiwu	𥐭
ocuiii	𥐮
ocuiyy	𥐯
ocuiqu	𥐰
ocuirs	𥐱
ocuiwu	𥐳
ocuibu	𥐴
ocuipi	𥐵
ocuiyz	𥐶
ocuiyy	𥐸
ocuijk	𥐹
ocuigh	𥐻
ocuimc	𥐽
ocuigz	𥐾
ocuidz	𥐿
ocuiyb	𥑀
ocuiba	𥑁
ocuivi	𥑂
ocuibm	𥑃
ocuijx	𥑆
ocuiui	𥑇
ocuiug	𥑋
ocuinu	𥑌
ocuibj	𥑍
ocuijs	𥑎
ocuiui	𥑏
ocuijx	𥑐
ocuiyz	𥑑
ocuigx	𥑔
ocuiba	𥑕
ocuibi	𥑖
ocuiww	𥑘
ocgsui	𥑙
ocuiyz	𥑛
ocuipi	𥑜
ocuiig	𥑝
ocuiyh	𥑞
ocuigj	𥑠
ocuiuu	𥑡
ocuibu	𥑢
ocuiyz	𥑤
ocuiug	𥑥
ocugui	𥑦
ocfuui	𥑧
ocuixt	𥑫
ocuice	𥑬
ocuiju	𥑭
ocuigu	𥑮
ocuizo	𥑰
ocuidj	𥑲
ocuirs	𥑳
ocuiyi	𥑴
ocuidv	𥑵
ocuilw	𥑶
ocuiyu	𥑷
ocuivz	𥑸
ocuikx	𥑹
ocuini	𥑺
ocuixm	𥑻
ocfaui	𥑼
ocuihv	𥑾
ocuiyz	𥑿
ocuivz	𥒁
ocuilp	𥒂
ocuimi	𥒄
ocuili	𥒅
ocuigr	𥒆
ocuian	𥒇
ocuivd	𥒈
ocuiyu	𥒉
ocuimk	𥒊
ocuifz	𥒋
ocuixt	𥒌
ocuise	𥒍
ocgvui	𥒐
ocuizd	𥒒
ocuivi	𥒓
ocuizi	𥒕
ocuihz	𥒖
ocuixy	𥒘
ocuixs	𥒚
ocuibk	砯
ocuibk	𥒜
ocuiis	𥒝
ocuiyh	𥒞
ocsiui	𥒟
ocyuui	𥒠
ocuiig	𥒡
ocuido	𥒥
ocuidi	𥒦
ocuilc	𥒪
ocuifu	𥒫
ocuiss	𥒬
ocuizu	𥒭
ocuiww	𥒮
ocuifu	𥒰
ocuixk	𥒱
ocuiyi	𥒲
ocdhkh	𥒳
ocuiyi	𥒵
ocuixi	𥒶
ocuibh	𥒷
ocuiqq	𥒸
ocuivi	𥒺
ocuibp	𥒻
ocuibu	𥒼
ocuiwu	𥒾
ocuics	𥓁
ocuihj	𥓂
ocuitn	𥓃
ocuili	𥓄
ocuilv	𥓅
ocuiig	𥓉
ocxiui	𥓊
ocuier	𥓋
ocuiql	𥓌
ocuuui	𥓍
ocuili	𥓎
ocuili	𥓏
ocuijp	𥓐
ocuiua	𥓑
ocuiww	𥓔
ocuiyi	𥓘
oclbui	𥓙
ocuihu	𥓚
ocuild	𥓜
ocuids	𥓝
ocuihj	𥓞
ocuiuh	𥓡
ocuiih	𥓥
ocuilu	𥓪
ocuidc	𥓫
ocdcui	𥓬
ocuifu	𥓭
ocuiqs	𥓰
ocuibi	𥓳
ocuifh	𥓴
ocuidi	𥓵
ocuibw	𥓶
ocuigg	𥓷
ocuiuj	𥓸
ocuiid	𥓽
ocuihs	𥔀
ocuifu	𥔁
ocuihg	𥔂
ocuiww	𥔃
ocuijp	𥔅
ocuiwf	𥔋
ocuiqq	𥔍
ocuigr	𥔒
ocuiui	𥔔
ocuiyc	𥔖
ocuidr	𥔗
ocuiyu	𥔘
ocuiyr	𥔙
ocuiyr	𥔛
ocuixl	𥔜
ocuipf	𥔞
ocuixl	𥔡
ocuiyu	𥔢
ocuijl	𥔣
ocuibw	𥔦
ocuivs	𥔧
ockjui	𥔩
ocuiww	𥔬
ocuiqm	𥔮
ocuihv	𥔯
ocuibc	𥔰
ocuiuj	𥔱
ocuixi	𥔷
ocuigs	𥔸
ocuixx	𥔹
ocufui	𥔻
ocuihl	𥔾
ocuiyc	𥔿
ocuiwg	𥕀
ocuiji	𥕂
ocuimd	𥕄
ocuimh	𥕊
ocuisz	𥕋
ocuivj	𥕌
ocuilz	𥕍
ocuikh	𥕎
ocuigo	𥕏
ocuidi	𥕐
ocuimo	𥕓
ockjyj	𥕔
ocuigo	𥕖
ocuiic	𥕘
ocuiji	𥕛
ocuigr	𥕜
ocuivh	𥕞
ocuiln	𥕡
ocuicc	𥕢
ocuide	𥕣
ocuigd	𥕤
ocuiqu	𥕥
ocuidd	𥕧
ocuili	𥕮
ocuisu	𥕯
ocuixu	𥕰
ocuipg	𥕱
ocuijt	𥕲
ocjtui	𥕳
ocuiln	𥕴
ocuigj	𥕵
ocuisi	𥕶
ocuizv	𥕸
ocuiqn	𥕹
ocuiwu	𥕻
ocpgui	𥕽
ocfjui	𥕿
ocuibf	𥖀
ocuizy	𥖁
ocuixm	𥖄
ocuiyy	𥖅
ocuixy	𥖇
ocuijk	𥖉
ocuigr	𥖏
ocuidv	𥖐
ocwwpo	𥖑
ocpolv	𥖓
ocuivj	𥖔
oclvpo	𥖕
ocpoba	𥖖
ocuiji	𥖙
ocuiku	𥖚
ocuivu	𥖛
ocuijb	𥖜
ocuilm	𥖝
ocuilk	𥖟
ocuiuu	𥖠
ocxlui	𥖡
ocuiye	𥖢
ocuiwj	𥖣
ocuigo	𥖤
ocuiai	𥖦
ocuizc	𥖨
ocuihv	𥖩
ocuiho	𥖪
ocuiqi	𥖭
ocuicv	𥖮
ocuihc	𥖰
ocuiuz	𥖲
ochkui	𥖸
octsui	𥖹
ocpomw	𥖺
ocuiuu	𥖻
ocuilv	𥖼
ocuixp	𥖽
ocuiui	𥖾
ocuimd	𥖿
ocuiln	𥗀
ocuivu	𥗁
ocuimo	𥗂
ocuiou	𥗄
ocuilu	𥗆
ocuiii	𥗊
ocuibc	𥗋
ocuiju	𥗌
ocuili	𥗍
ocuiji	𥗎
ocuiyk	𥗏
ocuilw	𥗐
ocuiqb	𥗒
ocuild	𥗓
ocuidh	𥗔
ocuiyj	𥗕
ocuidu	𥗖
ocuixt	𥗙
ocqmui	𥗛
ocuivj	𥗜
ocuixl	𥗝
ocuiyk	𥗞
ocuili	𥗠
ocuiyk	𥗡
ocuimp	𥗥
ocuivs	𥗦
ocuiji	𥗩
ocuiqu	𥗫
ocuiza	𥗭
ocuiqt	𥗮
oczaui	𥗱
ocuiee	𥗳
ocuilo	𥗴
ocuisu	𥗹
ocuilw	𥗼
ocuilj	𥗽
ocuinh	𥗾
ocuilo	𥘁
ocuibm	𥘂
ocuilk	𥘃
ocppyi	𥘆
ocppbi	𥘇
ocbiui	𥘈
ocppdc	𥘉
ocppjq	𥘊
ocppli	𥘋
ocppji	𥘌
oclibk	𥘍
ocppuj	𥘎
ocppgj	𥘏
ocxtui	𥘐
ocppcy	𥘑
ocppyi	𥘒
ocppia	𥘓
ocppcd	𥘔
ocppqi	𥘕
ocuiyi	𥘖
ocppri	𥘗
ocppdj	𥘘
ocppho	𥘙
ocppxb	𥘚
ocppwh	𥘛
ocppji	𥘜
ocppgh	𥘝
ocppjb	𥘞
ocppyy	𥘟
ocpphu	𥘡
ocviui	𥘣
ocppuc	𥘤
ocppug	𥘥
ocppwf	𥘦
ocppwu	𥘨
ocppyy	𥘩
ocppwu	𥘪
ocppke	𥘫
ocppfu	𥘬
ocppvu	𥘭
ocppju	𥘮
ocppmo	𥘯
ocppkz	𥘰
ocppxs	𥘱
ocppqp	𥘲
ocppwa	𥘳
ocpppk	𥘴
ocppdj	𥘵
ocliff	𥘶
ocliuc	𥘷
ocppli	𥘸
ocppju	𥘹
ocppvg	𥘺
ocpppi	𥘻
ocppvf	𥘼
ocppbj	𥘽
ociyui	𥘿
ocppzo	𥙀
ocppqq	𥙂
ocppbd	𥙃
ocppui	𥙅
ocppxr	𥙆
ocuita	𥙇
ocpptd	𥙉
ocdgui	𥙊
ocppiu	𥙋
ocppzi	𥙌
ocppuf	𥙍
ocpppd	𥙎
ocpphz	𥙐
ocppgl	𥙑
ocliqu	𥙒
ocliys	𥙓
ocppan	𥙔
ocpplc	𥙕
ocppgs	𥙖
ocppxi	𥙘
ocppdn	𥙙
ocpprf	𥙛
ocppyz	𥙜
ocppxm	𥙝
ocppgv	𥙞
ocpper	𥙟
ocppdv	𥙢
ocppxy	𥙣
ocruui	𥙦
oclier	𥙧
ocppdo	𥙨
ocliyi	𥙩
oclibj	𥙪
ocppyz	𥙫
ocppxn	𥙬
ocppui	𥙮
ocppfu	𥙳
ocppgg	𥙴
ocppmm	𥙵
ocppyu	𥙶
ocppfu	𥙷
ocppqq	𥙹
ocppbu	𥙺
ocppii	𥙼
ocppxq	𥙾
ocppgu	𥙿
ocppfu	𥚀
ocppqy	𥚂
ocppli	𥚃
oclili	𥚄
oclier	𥚅
ocpprf	𥚆
ocliue	𥚇
ocppbi	𥚈
ocpplu	𥚊
ocppgo	𥚌
ocppzs	𥚎
ocppgg	𥚏
ocppju	𥚑
ocppld	𥚒
ocppuu	𥚔
ocppih	𥚕
ocppcd	𥚖
ocpply	𥚗
ocppbf	𥚙
ocpphu	𥚚
ocppky	𥚛
ocppxl	𥚠
ociuzs	𥚢
ocliyu	𥚤
oclili	𥚥
ocppxu	𥚩
ocppzi	𥚭
ocppuf	𥚮
ocliyi	𥚯
ocppke	𥚰
ocppyb	𥚱
ocppci	𥚲
ocppye	𥚴
ocppmw	𥚵
ocppww	𥚷
ocppww	𥚸
ocppbm	𥚹
ocppjp	𥚺
ocppdr	𥚻
ocpplq	𥛅
oclibd	𥛉
ocppuj	𥛊
ocppsh	𥛋
ocppgs	𥛌
ocppyr	𥛍
ocppxi	𥛎
ocpphe	𥛐
ocppru	𥛑
ocppgu	𥛔
ocppue	𥛖
ocppbi	𥛘
ocppdi	𥛚
ocppfg	𥛝
ocpplu	𥛞
ocppmi	𥛟
ocppis	𥛢
ocppdd	𥛣
ocppvr	𥛥
ocpppn	𥛦
ocpplw	𥛧
ocppxi	𥛨
ocppll	𥛫
oclivi	𥛭
ocppfj	𥛮
ocppln	𥛰
ocpgui	𥛱
ocppjn	𥛲
ocppxu	𥛳
ocpphx	𥛵
ocppuj	𥛶
ocpplb	𥛷
ocpphv	𥛸
ocppxi	𥛹
ocpppg	𥛻
ocwwzu	𥜀
ocpplm	𥜁
ocpnlq	𥜆
ocppyi	𥜇
ocppye	𥜈
ocppyt	𥜊
ocppqm	𥜋
ocppao	𥜌
ocppwj	𥜍
ocppse	𥜎
ocppmm	𥜐
ocppyj	𥜒
ocppjm	𥜓
ocppvd	𥜔
ocppxu	𥜗
ocjmui	𥜙
ocppyz	𥜚
ocpplv	𥜜
ocppgl	𥜟
ocpplu	𥜠
oclijm	𥜤
ocppfg	𥜪
ocppli	𥜰
ocppjm	𥜲
ocpppj	𥜳
ocppqm	𥜴
ocppjt	𥜵
ociryu	𥜿
ocyuye	𥝀
ocyuee	𥝂
ocfuyu	𥝃
ocjqyu	𥝇
ocyuyu	𥝉
ocppmu	𥝌
ochehg	𥝍
ocheyi	𥝎
ocheve	𥝏
ocheyz	𥝐
ocheqn	𥝑
ochebu	𥝒
ochebi	𥝓
ochejp	𥝔
ochewh	𥝕
ocheqi	𥝖
ocheyi	𥝗
ochexi	𥝘
ochegs	𥝙
ocheda	𥝚
ocheda	𥝛
ochekv	𥝜
ocheyu	𥝝
ocheuj	𥝞
ochetu	𥝟
ocheme	𥝠
ochexy	𥝡
ochebu	𥝣
ochewu	𥝤
ocheji	𥝥
ocheiz	𥝦
ocheba	𥝧
ocvxhe	𥝩
ocheji	𥝪
ochenq	𥝫
ocheqi	𥝬
ochegk	𥝭
ochekd	𥝯
ochemu	𥝰
ocheyu	𥝱
ocheyy	𥝲
ochedj	𥝳
ocheyb	𥝴
ochejp	𥝵
ochegs	𥝶
ochejk	𥝷
ocheuv	𥝸
ochejb	𥝹
ocheuu	𥝻
ochedn	𥝼
ochegd	𥝽
ochejx	𥝿
ocheuf	𥞁
ochefu	𥞂
ocheiu	𥞃
ochepm	𥞄
ocheci	𥞅
ocheui	𥞆
ochegj	𥞈
ocheww	𥞊
ochequ	𥞋
ochegj	𥞌
ocheke	𥞍
ochebu	𥞎
ochexs	𥞏
ochekz	𥞐
ocheui	𥞑
ocheta	𥞒
ochemb	𥞔
ocheys	𥞖
ochecy	𥞘
ocheru	𥞚
ochedo	𥞛
ochejl	𥞜
ochelc	𥞠
ochedn	𥞡
ocheir	𥞢
oclphe	𥞥
ochejx	𥞦
ochexk	𥞧
ochehd	𥞨
ochebk	𥞩
ochemi	𥞪
ochemi	𥞫
ochean	𥞬
ocheyu	𥞰
ocqshe	𥞱
ochebp	𥞲
ochebo	𥞳
ochegc	𥞴
ochejx	𥞵
ochefz	𥞶
ochezu	𥞺
ochebi	𥞻
ochexb	𥞽
ocliui	𥞿
ochemd	𥟀
ocheyz	𥟁
ocheld	𥟂
ochejq	𥟅
ocheqq	𥟇
ocheuu	𥟈
ochetu	𥟉
ochewu	𥟊
ocheqi	𥟋
ochepg	𥟌
ochefw	𥟍
ocheqr	𥟎
ocheqi	𥟏
ochedk	𥟐
ochevo	𥟒
ochegr	𥟓
ocheqm	𥟕
ocheyi	𥟘
ochezs	𥟡
ocheyj	𥟢
ocheqp	𥟣
ocheli	𥟤
ocheuu	𥟧
ochejb	𥟨
ochecd	𥟩
ocheju	𥟭
ochebk	𥟱
ochehy	𥟴
ochewj	𥟶
octuli	𥟹
ocyidc	𥟻
ochewu	𥟽
ocheku	𥟾
ocdoww	𥟿
ochexk	𥠀
ochego	𥠁
ochesv	𥠂
ocheyz	𥠃
ochedr	𥠄
ochehr	𥠅
ochexm	𥠆
ocheji	𥠈
ocheze	𥠉
ocherz	𥠊
ochemc	𥠏
ocheke	𥠑
ochedi	𥠒
ocheye	𥠓
ocheiy	𥠔
ocheyu	𥠕
ocheqr	𥠘
ocheyk	𥠚
ocheyh	𥠜
ochlhe	𥠟
ochetk	𥠣
ocheui	𥠥
ochemw	𥠦
ocwwdo	𥠨
ochezz	𥠬
ocvshe	𥠭
ochenj	𥠮
ochesi	𥠱
ochesu	𥠲
ochegu	𥠳
ochevr	𥠵
ochefw	𥠶
ochelq	𥠷
ochejp	𥠹
ochewf	𥠺
ochevi	𥠽
ochegz	𥠾
ochexq	𥠿
ochegv	𥡂
ochehl	𥡃
ochegc	𥡅
ocheuj	𥡇
ochevv	𥡈
ocwwdv	𥡉
ocheuj	𥡕
ochema	𥡗
ocxihe	𥡙
ochelw	𥡜
ocbkbk	𥡝
ocheis	𥡟
ocheul	𥡠
ocmohe	𥡡
ochelv	𥡢
ochejb	𥡣
ochedi	𥡦
ocheyi	𥡪
ochevi	𥡫
ochecs	𥡬
ocivww	𥡭
oczehe	𥡯
ocheys	𥡲
ochevr	𥡵
ocheis	𥡶
ochemo	𥡸
ochemj	𥡹
ochehu	𥡿
ocxqsv	𥢁
ochema	𥢂
ocsivf	𥢅
ocsivf	𥢆
ochebf	𥢊
ochefj	𥢌
ochegu	𥢍
ochezy	𥢎
ochetj	𥢏
ochelc	𥢒
ochesu	𥢕
ochexi	𥢗
ocheyy	𥢚
ochexy	𥢛
ochedg	𥢜
ochegv	𥢢
ochezg	𥢥
ocheij	𥢨
ochejp	𥢪
ochege	𥢫
ocheww	𥢬
ochebi	𥢭
ocherj	𥢯
ocheug	𥢱
ocheve	𥢳
ochelk	𥢴
ochehv	𥢶
ochedh	𥢷
ochege	𥢸
ochejn	𥢹
ochejb	𥢻
ochecj	𥢽
ocheai	𥣁
ocqmhe	𥣂
ocheyt	𥣄
ocheuu	𥣅
ocheye	𥣈
ocheuu	𥣋
ocheyy	𥣐
ocheds	𥣑
ocheyu	𥣒
ocheci	𥣓
ocheyi	𥣖
ochenk	𥣗
ocheyj	𥣘
ocheju	𥣙
ochemg	𥣛
ochepu	𥣜
ochevd	𥣞
ocxqgv	𥣧
ochemp	𥣫
ochewj	𥣭
ochejp	𥣮
ocheyz	𥣯
ochehv	𥣴
ocheli	𥣵
ocviir	𥣽
ocheli	𥤀
ocxqxu	𥤃
ocheyj	𥤆
ochely	𥤉
ocnphe	𥤋
ocheyi	𥤌
ochebm	𥤓
ochedh	𥤗
ochejt	𥤘
ochelj	𥤝
ochelk	𥤞
ocheyj	𥤟
ocxtln	𥤣
ocxtji	𥤤
ocxtqi	𥤥
ocxtyz	𥤦
ocxttu	𥤧
ocxtnv	𥤨
ocxtwh	𥤩
ocxtzi	𥤪
ocxtxt	𥤫
ocxtda	𥤮
ocxtjq	𥤯
ocxtcc	𥤰
ocxtgj	𥤱
ocxtxx	𥤲
ocxtkd	𥤴
ocxtmm	𥤵
ocxtqi	𥤶
ocxtyb	𥤷
ocxtyr	𥤸
ocxtyc	𥤹
ocxtuz	𥤺
ocxtbi	𥤻
ocxtuv	𥤼
ocxtwu	𥤽
ocksxt	𥤾
ocjqui	𥤿
ocxtlq	𥥀
ocxtxb	𥥁
ocxtfu	𥥂
ocxtyt	𥥃
ocxtff	𥥄
ocxtks	𥥅
ocxthr	𥥆
ocxtuu	𥥇
ocxths	𥥈
ocxtyz	𥥉
ocxtmb	𥥊
ocxtlk	𥥋
ocxtui	𥥌
ocxtqp	𥥐
ocxtbf	𥥑
ocxtui	𥥓
ocxtui	𥥔
ocxtni	𥥕
ocxtgu	𥥖
ocxtdm	𥥗
ocxtww	𥥘
ocxtgs	𥥙
ocxtba	𥥛
ocxtys	𥥝
ocxtwa	𥥟
ocxtww	𥥠
ocxtgs	𥥡
ocxtgf	𥥣
ocxtir	𥥤
ocxtli	𥥥
ocxtlc	𥥧
ocxtxl	𥥩
ocxtmi	𥥪
ocxtsi	𥥮
ocxter	𥥯
ocxtuu	𥥰
ocxtsi	𥥱
ocxtvz	𥥳
ocxtyi	𥥴
ocxtyh	𥥵
ocxttk	𥥶
ocxtdz	𥥷
ocxtyu	𥥸
ocxtmc	𥥺
ocxtjk	𥥻
ocxtqq	𥥽
ocxtyr	𥥾
ocxtjm	𥦀
ocxtys	𥦁
ocxtbp	𥦂
ocxtgd	𥦄
ocxttz	𥦆
ocxtuu	𥦈
ocxtli	𥦉
ocxtzo	𥦊
ocxtns	𥦌
ocxtbw	𥦎
ocxtbm	𥦓
ocxtkj	𥦔
ocxtfu	𥦘
ocxtmm	𥦙
ocbwjq	𥦚
ocxtgx	𥦛
ocxtpg	𥦜
ocxtlb	𥦝
ocxtdm	𥦟
ocxtvu	𥦠
ocxtqu	𥦡
ocxtxp	𥦢
ocxtjb	𥦨
ocxtyj	𥦩
ocxtgx	𥦫
ocxtxk	𥦭
ocxtfw	𥦯
ocxttu	𥦱
ocxtya	𥦳
ocxths	𥦷
ocxtfu	𥦸
ocxthr	𥦺
ocxtui	𥦽
ocxtzs	𥧁
ocxtyu	𥧆
ocxtke	𥧇
ocxtyr	𥧉
ocxtwu	𥧊
ocxtpk	𥧋
ocxtxl	𥧎
ocxtve	𥧏
ocxtvf	𥧑
ocxtgz	𥧒
ocxtma	𥧓
ocxtqi	𥧔
ocxtlq	𥧕
ocjqqu	𥧖
ocxtxx	𥧜
ocxtwu	𥧝
ocxtgs	𥧡
ocxtia	𥧣
ocxtlq	𥧥
ocxtna	𥧩
ocnsks	𥧪
ocxtlh	𥧫
ocxtjm	𥧬
ocxtmj	𥧭
ocxtdi	𥧮
ocxtys	𥧱
ocxtxi	𥧶
ocxtyc	𥧹
ocxtuz	𥧿
ocxtql	𥨀
ocxtlu	𥨁
ocxtue	𥨅
ocxtao	𥨆
ocxtbd	𥨇
ocirns	𥨋
ocxtfu	𥨍
ocxttj	𥨎
ocxtxk	𥨕
ocxtyh	𥨛
ocxtjt	𥨟
ocxtjy	𥨣
ocxtuu	𥨧
ocksgs	𥨨
ocxtao	𥨩
ocxtmm	𥨫
ocxtyi	𥨯
ocxtou	𥨱
ocjqjn	𥨶
ocxtli	𥨹
ocxtli	𥨻
ocxtqb	𥨾
ocxtji	𥨿
ocxtcc	𥩃
ocxtxk	𥩆
ocxthj	𥩇
ocirlw	𥩉
ocirlu	𥩍
ocxtlk	𥩔
ocliji	𥩕
oclibu	𥩖
ocliwu	𥩗
ocliuc	𥩘
ocliba	𥩙
ocliwf	𥩛
oclipm	𥩜
ocliuz	𥩝
ocligz	𥩞
ocvgli	𥩠
ocliyt	𥩡
ocliqp	𥩢
oclivu	𥩣
oclike	𥩤
oclini	𥩥
oclidd	𥩦
ocijyu	𥩧
ocliyu	𥩨
ocligj	𥩩
ocligu	𥩪
oclijx	𥩫
ocliju	𥩮
ocliyy	𥩯
ocliju	𥩰
oclifa	𥩱
oclihd	𥩲
oclisi	𥩳
oczdli	𥩴
oclibk	𥩵
oclilv	𥩶
oclixt	𥩹
oclijx	𥩺
oclihe	𥩻
oclivc	𥩼
ocliuz	𥩽
oclibo	𥩾
oclifu	𥪀
oclijx	𥪂
ocliiv	𥪅
ocliqq	𥪆
ocpzyy	𥪇
ocligu	𥪉
ocliqu	𥪊
oclilu	𥪋
oclitm	𥪌
ocliww	𥪍
ocliqu	𥪏
ocliqi	𥪓
ocliyi	𥪔
oclibk	𥪕
oclizs	𥪗
ocliuf	𥪘
ocliye	𥪙
oclifu	𥪚
ocvgli	𥪛
oclitk	𥪜
oclidi	𥪟
oclijy	𥪠
octsba	𥪢
oclive	𥪤
ocliiu	𥪥
oclixi	𥪦
oclivf	𥪧
ocliyr	𥪩
ocliqi	𥪪
ocvjli	𥪭
oclivh	𥪮
ocliyc	𥪯
ocxrli	𥪱
oclijp	𥪲
oclizv	𥪳
ocvhjl	𥪴
ocvzli	𥪷
oclidg	𥪸
oclisv	𥪹
ocpzyr	𥪾
oclids	𥪿
oclihv	𥫁
ocxyts	𥫂
ocliyi	𥫃
ocvhwf	𥫊
oclilw	𥫌
octsyr	𥫎
ocjkxx	𥫏
ocvuuu	𥫘
ocvudk	𥫙
ocvukl	𥫚
ocvusi	𥫛
ocvuia	𥫜
ocvuyi	𥫝
ocvuzi	𥫞
ocvuji	𥫟
ocvucc	𥫠
ocvukv	𥫡
ocvuia	𥫢
ocvuyu	𥫣
ocvugs	𥫤
ocvuto	𥫥
ocvutu	𥫦
ocvuir	𥫨
ocvuuc	𥫩
ocvuxx	𥫫
ocvunv	𥫭
ocvuvs	𥫯
ocvulq	𥫰
ocvuty	𥫱
ocvucc	𥫲
ocvufh	𥫳
ocvufu	𥫴
ocvutd	𥫵
ocvuqi	𥫶
ocvuuv	𥫸
ocvuyb	𥫹
ocvurs	𥫺
ocvudj	𥫼
ocvuui	𥫽
ocvuwf	𥫾
ocvuhu	𥫿
ocvuyy	𥬀
ocvuuc	𥬃
ocvuuz	𥬄
ocvuyt	𥬅
ocvujk	𥬆
ocvuqr	𥬇
ocvucs	𥬈
ocvugz	𥬉
ocvujb	𥬊
ocvuxi	𥬋
ocvuta	𥬌
ocvuxm	𥬍
ocvumo	𥬎
ocvuhu	𥬏
ocvuuf	𥬐
ocvuba	𥬒
ocvuyz	𥬓
ocvuqu	𥬔
ocvurj	𥬕
ocvuji	𥬗
ocvuju	𥬙
ocvubd	𥬝
ocvuer	𥬞
ocvuiy	𥬟
ocvuiu	𥬠
ocvuyz	𥬡
ocvuzo	𥬢
ocvuqn	𥬤
ocvumu	𥬥
ocvumu	𥬦
ocvuqq	𥬨
ocvuni	𥬩
ocvurs	𥬪
ocvuir	𥬫
ocvulp	𥬭
ocvujl	𥬮
ocvukc	𥬯
ocvuis	𥬱
ocvudo	𥬲
ocvuci	𥬳
ocvuyh	𥬴
ocvuer	𥬵
ocvugs	𥬹
ocvuwf	𥬼
ocvuji	𥬾
ocvumi	𥭁
ocvuvf	𥭃
ocvuxl	𥭈
ocvuhv	𥭉
ocvurz	𥭊
ocvudo	𥭋
ocvuvd	𥭌
ocvujm	𥭍
ocvumz	𥭏
ocvuqq	𥭑
ocvuvo	𥭓
ocvuxp	𥭕
ocvufg	𥭗
ocvuxi	𥭘
ocvumh	𥭚
ocvuyz	𥭛
ocvuji	𥭜
ocvumn	𥭝
ocvuyr	𥭞
ocvuqy	𥭟
ocvuwu	𥭠
ocvuvi	𥭡
ocvuis	𥭥
ocvuzo	𥭭
ocvujs	𥭮
ocvulc	𥭲
ocvudi	𥭳
ocvuxb	𥭴
ocvuna	𥭵
ocvumh	𥭶
ocvuug	𥭺
ocvuzu	𥭽
ocvuir	𥭾
ocvuhe	𥮆
ocvubh	𥮇
ocvufu	𥮉
ocvudu	𥮊
ocvuti	𥮋
ocvudm	𥮏
ocvuvz	𥮐
ocvujq	𥮑
ocvuvj	𥮒
ocvuhh	𥮕
ocvuvi	𥮖
ocvunm	𥮘
ocvumi	𥮜
ocvuqu	𥮝
ocvunm	𥮠
ocvumk	𥮡
ocvuli	𥮤
ocvuxi	𥮥
ocvull	𥮩
ocvuyi	𥮬
ocfuda	𥮯
ocvuhu	𥮰
ocvuih	𥮲
ocvuya	𥮳
ocvuzs	𥮵
ocvuui	𥮸
ocvubc	𥮼
ocvucj	𥮾
ocbiho	𥮿
ocvujb	𥯀
ocvuwh	𥯂
ocvuyj	𥯃
ocvuvv	𥯄
ocvuss	𥯆
ocvuru	𥯇
ocvubj	𥯈
ocvuye	𥯊
ocvumk	𥯋
ocvuvi	𥯌
ocvumw	𥯍
ocvudm	𥯎
ocvugs	𥯏
ocvuzd	𥯒
ocvuuf	𥯓
ocvuyu	𥯔
ocvuyh	𥯕
ocvudu	𥯖
ocvuye	𥯘
ocvujb	𥯙
ocvuke	𥯚
ocvulo	𥯛
ocvuww	𥯜
ocvutu	𥯝
ocvubd	𥯟
ocvupd	𥯠
ocvupi	𥯡
ocvutk	𥯢
ocvuww	𥯤
ocvujm	𥯦
ocvusi	𥯨
ocvuvo	𥯩
ocvuzz	𥯪
ocvugv	𥯫
ocvuzo	𥯭
ocvuyu	𥯮
ocvuyk	𥯰
octrvu	𥯵
ocvuku	𥯶
ocvuvu	𥯸
ocvucc	𥯹
ocvujy	𥰃
ocvugz	𥰄
ocvudi	𥰆
ocvuji	𥰇
ocdaxx	𥰊
ocvuke	𥰋
ocvuxr	𥰌
ocvuci	𥰍
ocvupb	𥰔
ocvung	𥰘
ocvufu	𥰛
ocvutc	𥰜
ocvuxi	𥰝
ocvusz	𥰞
ocvuyr	𥰟
ocvulv	𥰠
ocvuii	𥰡
ocvuuj	𥰢
ocvulq	𥰣
ocvulq	𥰤
ocvuxi	𥰥
ocvuji	𥰦
ocvuyi	𥰧
ocvuia	𥰭
ocvuge	𥰯
ocvuzc	𥰱
ocvuhs	𥰲
ocsyxi	𥰴
ocvupz	𥰵
ocvuhd	𥰶
ocvujb	𥰸
ocvujn	𥰹
ocvuuu	𥰺
ocvuso	𥰼
ocvuvd	𥰾
ocsymu	𥰿
ocvucj	𥱄
ocvuue	𥱈
ocvulh	𥱉
ocvuxi	𥱊
ocvuhz	𥱌
ocjmmb	𥱔
ocvusy	𥱖
ocvuxi	𥱛
ocvukl	𥱜
ocdacs	𥱣
ocvuxq	𥱤
ocvuqb	𥱧
ocvusu	𥱨
ocvugu	𥱪
ocvutc	𥱫
ocvuji	𥱬
ocvuui	𥱯
ocvutu	𥱰
ocvuvj	𥱱
ocvuqm	𥱲
ocvulh	𥱳
ocvubu	𥱴
ocvuxi	𥱵
ocvuul	𥱶
ocvutj	𥱷
ocvuqu	𥱸
ocvumo	𥱹
ocvutu	𥱻
ocvuqr	𥱽
ocvulu	𥱾
ocvuiu	𥱿
ocvuic	𥲀
ocvudj	𥲄
ocvuts	𥲆
ocvumj	𥲈
ocvuln	𥲊
ocvuhj	𥲌
ocvucc	𥲍
ocvulu	𥲎
ocvuwu	𥲐
ocvumj	𥲑
ocvuzi	𥲕
ocvucs	𥲚
ocvudn	𥲟
ocvuwh	𥲠
ocvuxu	𥲤
ocvuhe	𥲥
ocvuli	𥲧
ocvujm	𥲫
ocvudd	𥲭
ocvujn	𥲯
ocvuhk	𥲱
ocvufg	𥲶
ocvuww	𥳀
ocvuyb	𥳄
ocvuve	𥳅
ocvubi	𥳆
ocvufu	𥳇
ocvuqn	𥳈
ocvudz	𥳉
ocvufa	𥳊
ocvuls	𥳌
ocvuxy	𥳍
ocvuis	𥳎
ocvuji	𥳏
ocvuxm	𥳑
ocvuuc	𥳓
ocvusv	𥳔
ocvuuu	𥳕
ocvubw	𥳖
ocvuxu	𥳗
ocvuts	𥳘
ocvuir	𥳙
ocvurj	𥳚
ocvujq	𥳛
ocvuyh	𥳜
ocvurv	𥳝
ocvulb	𥳞
ocvujb	𥳟
ocvubf	𥳡
ocvudm	𥳢
ocvuzv	𥳣
ocvunk	𥳥
ocvisr	𥳪
ocvuhw	𥳬
ocvuzy	𥳰
ocvuti	𥳳
ocvujt	𥳵
ocvuvh	𥳶
ocvuqi	𥳽
ocvujy	𥳾
ocvuyi	𥳿
ocvuxi	𥴅
ocvubc	𥴆
ocvubh	𥴇
ocvuvj	𥴈
ocvugj	𥴊
ocvubw	𥴖
ocvuts	𥴗
ocvumw	𥴘
ocvuvv	𥴛
ocvuvc	𥴜
ocvuww	𥴞
ocvuvi	𥴢
ocvujm	𥴤
ocvusv	𥴦
ocvuai	𥴨
ocvuge	𥴩
ocvuyu	𥴪
ocvudm	𥴫
ocvupi	𥴬
ocvubo	𥴮
ocvujk	𥴰
ocvucj	𥴷
occebw	𥴹
ocvuci	𥴺
ocvuql	𥴻
ocvuye	𥴼
ocvudi	𥴽
ocvuyu	𥵂
ocvuvj	𥵃
ocvulq	𥵄
ocvuyi	𥵆
ocvurv	𥵇
ocvuyj	𥵈
ocvulw	𥵉
ocvuhv	𥵊
ocvuui	𥵍
ocvuhv	𥵓
ocvubw	𥵔
ocvuvc	𥵕
ocvusd	𥵖
ocvuxb	𥵗
ocvuvc	𥵙
ocvuqb	𥵚
ocvuns	𥵛
ocvupu	𥵜
ocvulk	𥵝
ocvujp	𥵞
ocvuuu	𥵟
ocvugu	𥵠
ocvugz	𥵡
ocvudv	𥵢
ocvudr	𥵣
ocvuio	𥵤
ocvumj	𥵥
ocvujb	𥵧
ocvufu	𥵩
ocvuju	𥵫
ocvuln	𥵬
ocvumu	𥵵
ocvuli	𥵷
ocvuzs	𥵹
ocvuww	𥵻
ocvuvs	𥵾
ocvumg	𥵿
ocvula	𥶁
ocjido	𥶂
ocvumg	𥶃
ocvunf	𥶄
ocvulq	𥶅
ocvulu	𥶇
ocvuvz	𥶈
ocvufj	𥶋
ocvulv	𥶌
ocvuhr	𥶍
ocvudn	𥶏
ocvuyh	𥶑
ocvuxp	𥶘
ocvuhv	𥶙
ocvuly	𥶡
ocvuln	𥶣
ocvumd	𥶦
ocvulh	𥶨
ocvuyk	𥶩
ocgvdi	𥶯
ocvupo	𥶱
ocvulw	𥶲
ocvujm	𥶳
ocvudo	𥶴
ocvujk	𥶹
ocvusv	𥶻
ocvusv	𥶼
ocvuww	𥶽
ocvuyj	𥷀
ocvuqi	𥷇
ocvuln	𥷊
ocvuhj	𥷌
ocvupb	𥷎
ocvujb	𥷏
ocvuli	𥷒
ocvuli	𥷗
ocvuty	𥷝
ocvuju	𥷥
ocvunp	𥷨
ocvuza	𥷩
ocvuxx	𥷫
ocvujt	𥷮
ocvufu	𥷱
ocvuxi	𥸀
ocvunj	𥸁
ocvudh	𥸈
oclsmu	𥸉
ocvuij	𥸍
ocvutg	𥸎
ocvulu	𥸐
ocvulw	𥸕
ocvusa	𥸗
ocvuio	𥸛
ocvuti	𥸠
ocvugj	𥸡
ocvemi	𥸥
ocvemi	𥸦
ocmidk	𥸧
ocklmi	𥸨
ocmiyz	𥸩
ocmirf	𥸪
ocmier	𥸬
ocmicc	𥸭
octumi	𥸮
ocmiwj	𥸯
ocmiiu	𥸰
ocmigs	𥸲
ocmivi	𥸳
ocmimm	𥸴
ocmity	𥸵
ocmikd	𥸶
ocmiqm	𥸷
ocmiwf	𥸹
ocmipm	𥸺
ocmiqi	𥸽
ocmimc	𥸾
ocbami	𥸿
ocmixb	𥹀
ocmiva	𥹁
ocmipi	𥹂
ocmifu	𥹃
ocmibi	𥹅
ocmini	𥹆
ocmibm	𥹇
ocmita	𥹈
ocmisi	𥹊
ocmitd	𥹋
ocjxmi	𥹌
ocmink	𥹍
ocmiui	𥹑
ocmipk	𥹒
ocmiqu	𥹓
ocmiba	𥹔
ocmilk	𥹕
ocmipi	𥹖
ocmibk	𥹘
ocmivc	𥹙
ocmigf	𥹚
ocmijn	𥹜
ocmixl	𥹝
ocmiyi	𥹞
ocmido	𥹠
ocrumi	𥹡
ocmier	𥹢
ocmidh	𥹥
ocxymi	𥹦
ocmiyu	𥹧
ocmiui	𥹨
ocmisi	𥹩
ocmijl	𥹪
ocmimi	𥹫
ocmikc	𥹬
ocmiir	𥹮
ocmilw	𥹯
oclzjq	𥹰
ocmiyz	𥹱
ocmidv	𥹲
ocmiwj	𥹳
ocmibu	𥹴
ocmiuu	𥹵
ocmixn	𥹶
ocmilq	𥹷
ocmibo	𥹸
ocwwmi	𥹹
ocmiqi	𥹻
ocmifg	𥹾
ocmidi	𥺀
ocmijs	𥺂
ocmivi	𥺃
ocmixn	𥺄
ocmiuz	𥺅
ocmiig	𥺆
ocmive	𥺈
ocmidz	𥺉
ocmigc	𥺊
ocmiyu	𥺌
ocmihj	𥺍
ocmiiv	𥺏
ocmitk	𥺐
ocmilv	𥺓
ocivmi	𥺔
ocmiba	𥺕
ocmifz	𥺖
ocmifw	𥺘
ocmilk	𥺙
ocmixi	𥺚
ocnimi	𥺜
ocmivz	𥺝
ocmiyu	𥺞
ocfwmi	𥺟
ocmibw	𥺢
ocuumi	𥺤
ocmiyi	𥺥
ocmidm	𥺦
ocmigg	𥺧
ocmimg	𥺬
ocmixi	𥺮
ocmiff	𥺯
ocmiuu	𥺱
ocmivg	𥺲
ocminm	𥺴
ocmiqu	𥺷
ocmiwj	𥺹
ocmijb	𥺻
ocmiya	𥺼
ocmily	𥺽
ocmikf	𥺾
ocmiqi	𥺿
ocmijq	𥻀
ocmidr	𥻁
ocmijm	𥻂
ocmici	𥻃
ocmijp	𥻄
ocmifu	𥻅
ocmixm	𥻇
ocmiye	𥻈
ocmihe	𥻉
oclbba	𥻋
occimi	𥻌
ocmisi	𥻏
ocmiui	𥻐
ocmiyu	𥻑
ocmizi	𥻓
ocmisv	𥻖
ocmiia	𥻗
oclbir	𥻘
ocmimw	𥻙
ocmiyb	𥻚
ocmivs	𥻝
ocmike	𥻞
ocmimn	𥻠
ocmimw	𥻡
ocmizj	𥻢
ocmiii	𥻣
ocmiiu	𥻤
ocmige	𥻥
ocuami	𥻦
ocmijm	𥻧
ocmiso	𥻨
ocmimk	𥻩
ocmivi	𥻬
ocmiph	𥻭
ocmizd	𥻮
ocmigz	𥻰
ocmiyr	𥻱
ocmich	𥻲
ocxxmi	𥻴
ocmiui	𥻵
ocmiqi	𥻶
ocmigc	𥻷
ocmiia	𥻹
ocmixi	𥻺
ocmina	𥻻
ocmiwu	𥻼
ocmili	𥻿
ocmiqi	𥼀
ocmilv	𥼁
ocmicv	𥼂
ocmize	𥼃
ocmiuu	𥼌
ocmisu	𥼍
ocmixi	𥼔
ocmili	𥼕
ocmimb	𥼖
ocmiji	𥼘
ocmijn	𥼚
ocqnmi	𥼛
ocmiqb	𥼝
ocmiwu	𥼣
ocmisi	𥼤
ocmigo	𥼧
ocmigv	𥼩
ocmilb	𥼭
ocmihw	𥼯
ocmidg	𥼰
ocmiqn	𥼱
ocmigj	𥼲
ocmiee	𥼳
ocmijm	𥼴
ocmiug	𥼵
ocmidj	𥼷
ocmilk	𥼸
ocmihv	𥼹
ocmivi	𥼻
ocmifu	𥼼
ocmidh	𥼽
ocmizc	𥼾
ocmiyb	𥽁
ochvmi	𥽂
ocmicj	𥽆
ocmigj	𥽇
ocmiqm	𥽋
ocmidc	𥽌
ocmijb	𥽍
ocmixm	𥽎
ocmime	𥽓
ocmimm	𥽔
ocmica	𥽕
ocmile	𥽗
ocmimp	𥽘
ocmilv	𥽜
ocmiqk	𥽝
ocmimo	𥽞
ocmiyz	𥽟
ocffff	𥽡
ocmifj	𥽢
ocviff	𥽤
ocmiho	𥽥
ocmimo	𥽨
ocmiii	𥽩
ocmidu	𥽪
ocmiyj	𥽫
ocmixl	𥽬
ocmilj	𥽭
ocmimi	𥽰
ocmirc	𥽵
ocmizj	𥽷
ocsuzc	𥽹
ocmilo	𥽺
ocmidh	𥽻
ocmilk	𥾂
ocmimj	𥾃
ocsiui	𥾅
ocsiln	𥾇
ocbasi	𥾈
ocsibc	𥾉
ocsiji	𥾊
ocsind	𥾋
ocsijp	𥾌
ocsigj	𥾍
ocsiqi	𥾎
ocsigs	𥾏
ocsiyi	𥾐
ocsige	𥾓
ocsiwu	𥾕
ocsixn	𥾗
ocsitu	𥾘
ocsirs	𥾚
ocsiqp	𥾛
ocxssi	𥾜
ocsimm	𥾝
ocqisi	𥾟
ocsiyy	𥾡
ocsivi	𥾣
ocycsi	𥾥
ocsiqi	𥾦
ocsifu	𥾧
ocsiqi	𥾨
ocfjsi	𥾩
ocsifg	𥾫
ocsigx	𥾭
ocsige	𥾮
ocsidn	𥾯
ocsinm	𥾰
ocsiva	𥾱
ocsipu	𥾲
ocsifj	𥾵
ocsiyt	𥾶
ocsiug	𥾷
ocsiwu	𥾸
ocsiuz	𥾹
ocsics	𥾺
oclqsi	𥾻
ocsibm	𥾽
ocsipu	𥾾
ocsiwu	𥾿
ocsiri	𥿀
ocsiwh	𥿁
ocsixb	𥿂
ocjxsi	𥿃
ocsidi	𥿄
ocuisi	𥿅
ocsisi	𥿆
ocsipi	𥿇
ocsimo	𥿉
ocsiii	𥿊
ocsibm	𥿋
ocsiyz	𥿌
ocsigu	𥿍
ocsiwj	𥿎
ocfusi	𥿏
ocsikz	𥿓
ocsivj	𥿕
ocsisi	𥿖
ocsivi	𥿗
ocsihe	𥿘
ocsirj	𥿛
ocddsi	𥿝
ocsita	𥿞
ocsibu	𥿠
ocsini	𥿡
ocsiqn	𥿣
ocsiqq	𥿤
ocsiui	𥿥
ocsivz	𥿦
ocsixl	𥿧
ocsimk	𥿨
occisi	𥿩
ocsido	𥿫
ocsini	𥿬
ocsiui	𥿮
ocsipd	𥿯
ocsiyy	𥿱
ocsixb	𥿳
ocsimz	𥿵
ocsier	𥿶
ocsiyi	𥿹
ocsiwh	𥿺
ocsivi	𥿻
ocsihl	𥿼
ocsian	𥿽
ocsiuz	𥿾
ocansi	𦀀
ocsiro	𦀁
ocsinm	𦀅
ocsixm	𦀈
ocsido	𦀉
ocsiyi	𦀊
ocsibk	𦀋
ocsiru	𦀌
ocsilp	𦀎
ocsiuz	𦀏
ocsivl	𦀐
ocsilq	𦀑
ocsixb	𦀓
ocsiyi	𦀕
ocsijp	𦀖
ocsiii	𦀗
ocsics	𦀙
ocsiig	𦀚
ocsiua	𦀛
ocsivl	𦀜
ocsijs	𦀝
ocuasi	𦀟
ocsilq	𦀠
ocsiwu	𦀡
ocucsi	𦀧
ocsina	𦀨
ocsibo	𦀪
ocsill	𦀬
ocsiju	𦀯
ocsijy	𦀲
ocsiuz	𦀳
ocsimh	𦀴
ocsiir	𦀵
ocsiqy	𦀷
ocsicy	𦀹
ocsiie	𦀺
ocsigd	𦀻
ocsigc	𦀽
ocsiil	𦀾
ocsiww	𦀿
ocsibw	𦁀
ocsinq	𦁁
ocsibj	𦁂
ocsiif	𦁄
ocsiiu	𦁅
ocsiks	𦁈
ocsiqp	𦁉
ocsigx	𦁊
ocsixi	𦁎
ocsiyj	𦁏
ocsiqu	𦁐
ocsihu	𦁕
ocsivz	𦁖
ocsibu	𦁗
oclixi	𦁝
ocsimk	𦁠
ocsiih	𦁢
ocsigu	𦁣
ocsinm	𦁤
ocsidm	𦁦
ocsimg	𦁧
ocsilu	𦁪
ocqusi	𦁫
ocxisi	𦁬
ocsihu	𦁲
ocsiji	𦁳
ocsigg	𦁶
ocfhgs	𦁷
ocsimk	𦁸
ocsiye	𦁹
ocsimf	𦁺
ocsimw	𦁼
ocsiwh	𦁽
ochsyh	𦁾
ocsigu	𦁿
ocsidu	𦂀
ocsisv	𦂁
ocsitk	𦂃
ocsijp	𦂄
ocsivz	𦂈
ocfgsi	𦂌
ocsiro	𦂍
ocqqsi	𦂎
ocsiqm	𦂒
ocsimm	𦂔
ocsiyu	𦂕
ocxtsi	𦂗
ocsiui	𦂛
ocsiyz	𦂣
ocsipk	𦂤
ocsibg	𦂥
ocsike	𦂦
ocsilh	𦂧
ocsijm	𦂩
ocsiye	𦂫
ocsike	𦂭
ocsifg	𦂱
ocsipo	𦂸
ocsifw	𦂹
ocsiyb	𦂺
ocsilv	𦂻
ocsiuf	𦂼
ocsitu	𦂽
ocsidp	𦂾
ocsibo	𦂿
ocsidd	𦃀
ocsiqt	𦃁
ocsifw	𦃄
ocsuge	𦃅
ocsoge	𦃆
ocsisi	𦃇
ocsisz	𦃈
ocsisu	𦃊
ocsiua	𦃏
ocsizc	𦃐
ocsihl	𦃑
ocsilq	𦃓
ocsige	𦃔
ocsiuj	𦃖
ocuosi	𦃗
ocsixy	𦃜
ocihjb	𦃢
ocwusi	𦃤
ocsigz	𦃪
ocsixq	𦃬
ocsidc	𦃭
ocsijx	𦃲
ocsilm	𦃳
ocsiks	𦃵
ocsigg	𦃸
ocsich	𦃹
ocsihz	𦃺
ocsiic	𦃻
ocsimk	𦃼
ocsilp	𦃾
ocsiba	𦃿
ocsima	𦄀
ocsitv	𦄁
ocsidd	𦄂
ocsive	𦄃
ocsijy	𦄄
ocsimd	𦄆
ocsinp	𦄇
ocsivc	𦄈
ocqisi	𦄉
ocsinn	𦄋
ocsiul	𦄍
ocsiuc	𦄏
oclusi	𦄐
ocsihv	𦄑
ocsibm	𦄒
ocsidz	𦄓
ocsivi	𦄔
ocsiuu	𦄝
ocsiwf	𦄞
ocnesi	𦄠
ocsiys	𦄢
ocsidj	𦄦
ocsicc	𦄧
ocsisv	𦄫
ocsiky	𦄬
ocsitz	𦄭
ocvrsi	𦄯
ocsigo	𦄰
ocsixi	𦄵
ocsits	𦄷
ocsiss	𦄸
ocsidn	𦄹
ocsilh	𦄺
ocsigr	𦄻
ocsixu	𦄼
ocsiqu	𦄽
ocsihw	𦄿
ocsixy	𦅀
ocsiue	𦅁
ocsiww	𦅂
ocsijn	𦅃
ocsits	𦅅
ocsidm	𦅆
ocsish	𦅇
ocsipg	𦅈
ocsiuu	𦅉
ocsixy	𦅑
ocxusi	𦅓
ochwsi	𦅔
ocsovo	𦅕
ocsixm	𦅗
ocsijm	𦅘
ocsiwf	𦅙
ocsink	𦅜
ocsive	𦅝
ocsicd	𦅞
ocsihx	𦅠
ocsijk	𦅡
ocsimb	𦅤
ocsiti	𦅦
ocsihv	𦅩
ocsumk	𦅫
ocsidv	𦅭
ocsisj	𦅮
ocsidg	𦅯
ocsitj	𦅰
ocsivu	𦅱
ocsiyt	𦅲
ocsisv	𦅵
ocsige	𦅶
ocsivu	𦅷
ocsuyr	𦅻
ocsivj	𦅼
ocjnsi	𦅾
ocsiyy	𦅿
ocsixm	𦆀
ocsiuu	𦆂
ocjmqm	𦆃
ocsise	𦆄
ocsilm	𦆆
ocsijy	𦆈
ocsiyt	𦆒
ocsiww	𦆓
ocsiai	𦆔
ocsilw	𦆙
ocsinn	𦆚
ocsiju	𦆜
ocpncy	𦆝
ocsiwu	𦆞
ocsimg	𦆟
ocsikv	𦆠
ocsiyi	𦆦
ocsiwj	𦆨
ocsigo	𦆪
ocsink	𦆭
ocsirs	𦆱
ocsiln	𦆲
ocsiyc	𦆸
ocsidv	𦆹
ocsilk	𦆺
ocsikr	𦆼
ocsolv	𦆽
ocsulv	𦆾
ocsibc	𦆿
ocsihv	𦇀
ocsifu	𦇁
ocsivu	𦇃
ocuusi	𦇆
ocsihv	𦇊
ocsixn	𦇋
ocsimo	𦇑
ocsilw	𦇒
ocsili	𦇔
ocsipb	𦇖
ocsiju	𦇙
ocsild	𦇛
ocsiyk	𦇝
ocsiyi	𦇞
ocsijx	𦇦
ocsiyj	𦇩
ocsixm	𦇫
ocsily	𦇬
ocsivs	𦇮
ocsimi	𦇯
ocsicu	𦇰
ocsich	𦇴
ocsimi	𦇺
ocsinh	𦈃
ocwfbc	𦈆
ocsiii	𦈈
ocsijy	𦈉
ocsiwu	𦈊
ocsiyz	𦈋
ocsiuu	𦈌
ocsidj	𦈎
ocsihy	𦈏
ocsilm	𦈐
ocsiww	𦈓
ocsigu	𦈔
ocsiyu	𦈕
ocsifw	𦈗
ocsinp	𦈙
ocsiqi	𦈚
ocsizv	𦈛
ocsiji	𦈜
ocsixy	𦈝
ocsipi	𦈞
ocsijb	𦈟
ocsixu	𦈡
ocwuvi	𦈢
ocfzkv	𦈣
ocfziu	𦈥
ocfzho	𦈦
ocfzbu	𦈧
ocfzkd	𦈨
ocfzwa	𦈪
occifz	𦈬
ocfzuu	𦈭
ocfzvg	𦈮
ocfzgv	𦈰
occifz	𦈱
ocfzhd	𦈲
ociifz	𦈳
ocfzfu	𦈴
ocfzjk	𦈵
ocfzfz	𦈶
ocfzlq	𦈷
ocfzho	𦈸
ocuhfz	𦈹
ocfzvz	𦈺
ocivfz	𦈼
ocfzuz	𦈽
ocfzbo	𦈿
ocfzui	𦉁
ocfzvs	𦉂
ocfzye	𦉃
ocfzia	𦉆
ocfzpk	𦉇
ocfzlq	𦉉
ocfzvr	𦉊
ocfzcv	𦉎
ocfzyu	𦉏
ocfzpk	𦉐
ocfzqu	𦉒
ocfznn	𦉓
ocfzdj	𦉕
ocfzyc	𦉗
ocfzvj	𦉜
ocfzii	𦉟
ocxmfz	𦉧
ockler	𦉪
ocsidk	𦉬
ockler	𦉭
ocghbi	𦉮
ocwhhg	𦉯
ocklqm	𦉰
ocsiqi	𦉱
ocklul	𦉳
ocsiui	𦉴
ocsiba	𦉵
ocsibc	𦉶
ocsitu	𦉷
ocwhwh	𦉸
ocsiuc	𦉹
ocsida	𦉼
ocwhwh	𦉽
ocsiwh	𦉾
ocsibi	𦊁
ocsihu	𦊂
ocsijb	𦊃
ocsiwh	𦊄
ocsivi	𦊆
ocsiyt	𦊈
ocsitm	𦊊
ocghmu	𦊋
ocwhhu	𦊍
ocsiui	𦊎
ocsimu	𦊏
ocsiju	𦊐
ocsimc	𦊑
ocsiju	𦊒
ocsilk	𦊓
ocghqp	𦊕
ocwhhe	𦊘
ocsibf	𦊚
ocsisi	𦊛
ocsihe	𦊜
ocwhvu	𦊝
ocwhmb	𦊞
ocwhgu	𦊟
ocwhbc	𦊠
ocwhgx	𦊡
ocsili	𦊢
ocghdm	𦊣
ocsidj	𦊥
ocwhqp	𦊩
ocwhhe	𦊪
ocsigl	𦊫
ocghyi	𦊬
ocwhmi	𦊮
ocsixu	𦊯
ocsige	𦊲
ocsihe	𦊴
ocsiji	𦊵
ocwhyi	𦊶
ocsikl	𦊺
ocsilv	𦊼
ocsiui	𦊽
ocsifz	𦊾
ocsihj	𦋁
ocsiui	𦋂
ocwhfu	𦋄
ocsigu	𦋆
ocghvo	𦋇
ocsifu	𦋉
ocsiqi	𦋊
ocsiyj	𦋎
ocsilu	𦋏
ocwhfz	𦋑
ocsijr	𦋓
ocwhbi	𦋕
ocwhvo	𦋖
ocwhlb	𦋗
ocwhyj	𦋙
ocwhvo	𦋚
ocwhfw	𦋛
ocwhvv	𦋜
ocsivz	𦋝
ocsixt	𦋞
ocsixr	𦋠
ocsimz	𦋡
ocsiui	𦋤
ocsiyt	𦋥
ocwhve	𦋧
ocsiui	𦋨
ocwhyb	𦋫
ocwhsi	𦋮
ocsijm	𦋰
ocsigh	𦋳
ocghfu	𦋵
ocsiuj	𦋺
ocwhma	𦋻
ocwhng	𦋼
ocsizu	𦋽
ocsicc	𦋿
ocsicj	𦌀
ocsilz	𦌁
ocsics	𦌇
ocsijp	𦌈
ocsiii	𦌉
ocwhlu	𦌏
ocwhww	𦌐
ocwhlz	𦌑
ocsiln	𦌒
ocsixy	𦌔
ocsilu	𦌕
ocsiix	𦌗
ocsidm	𦌚
ocwhts	𦌜
ocwhzg	𦌝
ocsilu	𦌟
ocsipi	𦌠
ocsimm	𦌡
ocsiwu	𦌬
ocsiqi	𦌰
ocwhxs	𦌲
ocwhwu	𦌳
ocwhww	𦌴
ocsixm	𦌶
ocsimd	𦌷
ocghls	𦌼
ocsihr	𦌾
ocsili	𦌿
ocsinj	𦍀
ocwhhr	𦍃
ocqmtu	𦍌
ocqmui	𦍍
ocqmww	𦍎
ocyhrf	𦍏
ocrfyh	𦍐
ocqldm	𦍑
octuyh	𦍒
ocyhye	𦍔
ocqryh	𦍕
ocyhyu	𦍗
ocyhyr	𦍘
ocddyh	𦍙
ocyhzi	𦍜
ocyhhu	𦍞
ocyhli	𦍠
ocyhwf	𦍡
ocwfyh	𦍢
ocyhty	𦍣
ocyhyt	𦍤
ocyhiu	𦍦
occiyh	𦍧
ocyhgu	𦍩
ocyhvf	𦍪
ocyhxr	𦍫
ocguyh	𦍬
ocyhwa	𦍭
ocjlsi	𦍯
ocyhba	𦍱
ocddyh	𦍲
ocyhgx	𦍳
ocyher	𦍴
ocyhju	𦍵
ocyhpi	𦍷
ocdoyh	𦍹
ocyhzi	𦍺
ocyhts	𦍻
ocyhgf	𦍼
ocyhzi	𦍾
ocyhji	𦎁
ocyher	𦎂
ocyhsi	𦎄
ocyhui	𦎇
ocyhjn	𦎈
ocyhvi	𦎋
ocyhhj	𦎌
ocyhyj	𦎍
ocyhfu	𦎎
ocyhuu	𦎏
ocyhli	𦎐
ocyhlv	𦎑
ocufyh	𦎒
ocyhlq	𦎓
ocyhho	𦎘
ocjlsi	𦎛
ocyhru	𦎞
ocgcho	𦎟
ocyhju	𦎠
ocmwug	𦎡
ocyhji	𦎢
ocyhrz	𦎤
ocyhjp	𦎥
ocmwyh	𦎨
ocyhyh	𦎪
ocyhxk	𦎬
ocyhfu	𦎭
ocyhxx	𦎮
ocyhgu	𦎰
ocyhhd	𦎱
ocyhgc	𦎴
ocyhng	𦎵
ocviyh	𦎷
ocyhze	𦎸
ocyhlz	𦎹
ocyhjk	𦎺
ocyhgr	𦎻
ocmwpg	𦎿
ocwuyh	𦏃
ocmwdj	𦏄
ocyhjt	𦏅
ocyhts	𦏆
ocyhhw	𦏉
ocyhti	𦏋
ocyhpu	𦏏
ocyhji	𦏑
ocmwmn	𦏒
ocqybf	𦏓
ocyhxi	𦏔
ocyhuu	𦏕
ocyhjp	𦏘
ocyhzc	𦏛
ocyuyh	𦏜
ocyhuz	𦏟
ocyhmd	𦏢
ocyhvf	𦏣
ocyhli	𦏩
ocyhlk	𦏰
ocyuve	𦏳
ocyuyu	𦏴
ocyuyi	𦏵
ocdayu	𦏷
ocyuye	𦏸
ocyugj	𦏹
ocgsyu	𦏺
ocyukv	𦏻
ocgsyu	𦏼
ocyucy	𦏽
ocujyu	𦏿
ocyuwh	𦐀
ocyeyu	𦐁
ocyuge	𦐂
ockhyu	𦐄
ocyuji	𦐅
ocyuba	𦐆
ocriyu	𦐇
ocffyu	𦐈
ocyuui	𦐊
ocgkyu	𦐋
ocyugs	𦐌
ocyugk	𦐍
ocyuji	𦐏
ocyuwf	𦐐
ocwfyu	𦐑
ocyuug	𦐒
ocyuyz	𦐓
ocyumu	𦐔
ocyuui	𦐕
ocyuvi	𦐖
ocyuba	𦐗
ocyurj	𦐘
ocyubd	𦐚
ocjuyu	𦐛
ocyupk	𦐜
ocuiyu	𦐝
ocuiyu	𦐞
ocyudi	𦐠
ocfuyu	𦐡
ocpiyu	𦐢
ocyuvu	𦐣
ochdyu	𦐤
ocyuxy	𦐥
ocyuge	𦐦
ocyukd	𦐧
ocvuyu	𦐨
ocyuvz	𦐩
ocyuyi	𦐪
ocyuhe	𦐬
ocgvyu	𦐰
ocxuyu	𦐴
ocbkyu	𦐵
ocfzyu	𦐸
ocyuxb	𦐹
ocxnyu	𦐺
ocyzyu	𦐻
ocviyu	𦐼
ocyryu	𦐽
ocuuyu	𦐾
ocyutk	𦐿
ocyuqy	𦑁
ocqyyu	𦑂
ocggyu	𦑃
ocyuyi	𦑄
ocllyu	𦑅
ocigyu	𦑆
ocdayu	𦑇
ocyujp	𦑈
ocyuqk	𦑊
oczuyu	𦑋
ocyuho	𦑌
ochoyu	𦑍
ocyuyj	𦑎
ocyuvv	𦑏
ocyujb	𦑕
ocyuqk	𦑖
ocujgk	𦑗
ocxmyu	𦑘
octryu	𦑙
ocyuyr	𦑛
ocgeyu	𦑜
ocvsyu	𦑝
ocyufu	𦑞
ocyuhs	𦑟
ocyuhl	𦑠
ocuiyu	𦑡
ochzyu	𦑤
ocyuve	𦑥
ocqmyu	𦑦
ocyuui	𦑧
ocyujy	𦑩
ocuiyu	𦑫
ocfuyu	𦑭
ocyubm	𦑮
ocyujp	𦑯
ocyuyr	𦑰
ocheyu	𦑱
ocngyu	𦑴
ocvryu	𦑵
ociayu	𦑺
ocwwyu	𦑻
ocqiyu	𦒀
ocyuia	𦒁
ocyuhv	𦒄
ocxiyu	𦒆
ocglxi	𦒉
octsyu	𦒍
ocyuhv	𦒎
ocyuyc	𦒏
ocyubi	𦒐
ocyuyc	𦒒
ocyuqn	𦒓
ocyuzg	𦒗
ocqiwg	𦒙
ocyuih	𦒚
ocdjyu	𦒜
ocgjyu	𦒝
ocgcyu	𦒢
ocyuer	𦒤
ocwgiz	𦒥
ochoyu	𦒧
ocyukr	𦒨
oclsyu	𦒮
octdvd	𦒰
oclcdk	𦒱
oclcji	𦒲
oclcgs	𦒳
oclcuj	𦒴
oclckz	𦒵
oclcwu	𦒶
oclcmc	𦒷
oclcwu	𦒸
oclclq	𦒹
oclcvj	𦒻
oclcvu	𦒼
oclcsi	𦒽
oclcvj	𦒾
oclcmu	𦒿
oclcvi	𦓀
ocqiju	𦓂
ocgclc	𦓄
oclcia	𦓅
oclcqu	𦓇
oclclu	𦓉
oclchv	𦓊
ocwwlc	𦓌
ocerdc	𦓎
ocjqer	𦓏
ocerjq	𦓑
ochoer	𦓒
ocwaer	𦓓
ocerer	𦓔
oceryi	𦓕
ocerrf	𦓖
ocdrba	𦓗
ocwwdr	𦓛
ocdrfu	𦓞
ocvidr	𦓟
ocmaer	𦓡
ocdrgl	𦓣
ocppww	𦓤
oclwer	𦓥
oclwbu	𦓦
oclwba	𦓧
oclwsi	𦓨
ocwflw	𦓫
oclwpk	𦓬
oclwcs	𦓭
oclwjk	𦓮
oclwgv	𦓯
oclwqr	𦓰
oclwge	𦓱
oclwru	𦓲
oclwgs	𦓳
oclwxn	𦓴
oclwli	𦓵
oclwif	𦓶
oclwyy	𦓷
oclwbw	𦓸
oclwld	𦓹
oclwvg	𦓺
oclwyi	𦓻
oclwky	𦓼
oclwww	𦓽
oclwqi	𦓿
oclwui	𦔂
oclwyk	𦔃
oclwug	𦔄
oclwtu	𦔅
oclwfu	𦔆
oclwrz	𦔇
oclwvs	𦔉
oclwyu	𦔊
oclwrs	𦔋
oclwqi	𦔌
oclwvr	𦔍
oclwhe	𦔏
oclwyr	𦔐
oclwzi	𦔒
oclwli	𦔓
oclwmj	𦔔
oclwlm	𦔖
oclwji	𦔙
oclwmj	𦔚
oclwts	𦔛
oclwqb	𦔟
oclwug	𦔤
oclwhv	𦔦
oclwyu	𦔧
oclwyi	𦔫
oclwqu	𦔬
oclwmi	𦔭
ocerve	𦔮
ocbaer	𦔯
ocbcer	𦔰
ocjqer	𦔱
ocerqn	𦔲
ocerli	𦔳
ocrfer	𦔴
ocruer	𦔵
oceree	𦔶
oceryc	𦔷
ocergs	𦔸
oceria	𦔹
oceruj	𦔺
ocerkz	𦔻
ocerpu	𦔼
ocerrf	𦔽
ocerfu	𦔾
ocertm	𦔿
ocerqp	𦕀
ocmuer	𦕂
ocerdj	𦕃
ocerjb	𦕄
ocermc	𦕅
ocerya	𦕆
oceruc	𦕈
ocucer	𦕉
ocuier	𦕌
ocerrs	𦕍
ocerxi	𦕎
ocervs	𦕏
ocergj	𦕐
ocerdi	𦕑
ocervj	𦕒
ocwjer	𦕕
ocerys	𦕘
ocerju	𦕙
ocerfu	𦕚
ocermb	𦕛
ocerww	𦕜
ocerui	𦕝
ocerys	𦕟
ocergs	𦕠
oceryj	𦕣
ocergl	𦕤
ocerrs	𦕧
ocergf	𦕨
ocerxi	𦕩
ocbuqu	𦕪
ocerqi	𦕫
ocerdo	𦕰
ocersi	𦕱
ocerhe	𦕲
ocerlc	𦕳
ocerlc	𦕵
ocerve	𦕶
ocergs	𦕷
ocerli	𦕸
ocerhs	𦕹
ocercs	𦕻
oceruf	𦕽
ocerfu	𦖀
ocerxi	𦖁
ocerqi	𦖂
ocerjm	𦖃
ocerrf	𦖆
ocerbp	𦖇
oceryj	𦖈
ocerwh	𦖉
ocerqi	𦖊
oceriv	𦖋
ocerdm	𦖌
ocergo	𦖍
ocerxp	𦖐
oceryi	𦖑
ocerzu	𦖒
ocerfw	𦖕
ocerhu	𦖖
occder	𦖗
ocerue	𦖘
occier	𦖝
ochyer	𦖞
ocerhu	𦖟
oceryj	𦖠
ocerde	𦖡
oceryb	𦖢
ocerqq	𦖣
ocerxk	𦖤
ocerye	𦖦
occier	𦖨
oceryu	𦖭
ocerui	𦖮
ocerww	𦖯
ocquuu	𦖰
ocerzd	𦖱
ocerxx	𦖲
oceryr	𦖵
ocsier	𦖷
ocerzi	𦖺
ocersi	𦖻
ocergu	𦖼
ocerjm	𦖾
ocervf	𦗀
ocvfer	𦗁
ocerni	𦗄
ocerww	𦗇
ocerrs	𦗋
oceryc	𦗌
ocerph	𦗍
ocerlh	𦗏
ocerdi	𦗑
ocergo	𦗒
ocerlu	𦗓
oceric	𦗔
ocmaer	𦗕
ocerxi	𦗗
ocquyk	𦗘
ocvjer	𦗚
ocerqu	𦗛
ocercs	𦗜
ocervj	𦗝
ocerji	𦗞
ocerjn	𦗠
ocertj	𦗡
oceruj	𦗢
ocerhw	𦗣
ocbier	𦗥
ocerda	𦗧
ocerqn	𦗨
ocergj	𦗪
ocerjm	𦗬
ocpger	𦗭
ocerlb	𦗲
ocerns	𦗳
ocerdh	𦗴
ocerzc	𦗵
ocerww	𦗸
ocerqm	𦗹
ocguer	𦗺
ocqmer	𦗼
oceryi	𦘀
ocerwf	𦘁
ocermm	𦘂
ocergl	𦘅
oceruh	𦘆
ocervg	𦘇
ocerle	𦘈
ocerli	𦘊
ocerli	𦘐
ocerkj	𦘑
ocyuhg	𦘒
ocyuli	𦘓
ocyuuj	𦘔
ocddyu	𦘖
ocuiyu	𦘗
ocluyu	𦘞
ocyuve	𦘠
ocuuys	𦘢
ochxji	𦘣
ocsuui	𦘤
ocwwhx	𦘧
ocytba	𦘩
ocytbi	𦘪
ocbcrz	𦘫
ocyzrz	𦘬
ocytdk	𦘭
ocytmp	𦘮
ocytsi	𦘯
ocytqn	𦘰
ocytbu	𦘱
ocytru	𦘲
ocytto	𦘴
ocytir	𦘶
ocytyc	𦘷
ocytuj	𦘹
ocytsi	𦘺
ocwhrz	𦘻
ocyuyt	𦘼
ocrznv	𦘽
ocrzwj	𦘾
ocytfj	𦙀
ocythu	𦙁
ocburz	𦙂
ocxsyt	𦙄
ocythu	𦙅
ocytui	𦙆
ochoyt	𦙊
ocwuyt	𦙑
ocytdz	𦙒
ocytyz	𦙓
ocvxyt	𦙔
octmyt	𦙖
ocytwu	𦙗
ocytuv	𦙙
ocuzyt	𦙚
ocytee	𦙜
ocytxs	𦙞
ocwfyt	𦙟
ocvirz	𦙡
ocrzyb	𦙢
ocytmu	𦙣
ocytmc	𦙤
ocytks	𦙥
ocytxb	𦙦
ocrzuc	𦙧
ocytdn	𦙨
oclcrz	𦙩
ocytvg	𦙫
ocytpi	𦙬
ocytds	𦙭
ocytxt	𦙮
ocddyt	𦙯
ocytui	𦙰
ocjxrz	𦙲
ocytvu	𦙴
ocwjyt	𦙵
ocytgu	𦙶
ocytys	𦙸
ocjxyt	𦙺
ocytmp	𦙻
occiyt	𦙼
ocytce	𦙽
ocytug	𦙾
ocytxs	𦙿
ocytbf	𦚄
ociuyt	𦚅
ocrzpi	𦚆
ocmcrz	𦚇
ocytui	𦚈
ocythc	𦚊
ocsiyt	𦚋
ocwfxn	𦚍
ocliyt	𦚎
ocliyt	𦚏
ocytta	𦚐
ocrzqu	𦚒
ocrzbj	𦚓
ocytvc	𦚔
ocytgj	𦚕
ocytfj	𦚖
ocytza	𦚗
ocuirz	𦚘
ocytci	𦚚
ocddrz	𦚛
ocytmo	𦚜
ocytkl	𦚞
ocytif	𦚟
ocytif	𦚠
ocytxt	𦚡
ocytgf	𦚣
ocytyu	𦚤
ocytfz	𦚥
ocytig	𦚦
ocytxy	𦚧
ocytdo	𦚩
ocytyi	𦚪
ocytis	𦚭
ocrfrz	𦚮
oceryu	𦚯
ocytlc	𦚱
ocytis	𦚳
ocgsyt	𦚴
ocytxi	𦚵
ocheyt	𦚶
ocherz	𦚷
ocytgf	𦚸
ocythu	𦚹
ocytqu	𦚼
ocrzge	𦛃
ocrzan	𦛅
ocigrz	𦛆
ocjtrz	𦛇
ocytyi	𦛈
ocytdn	𦛉
ocytcy	𦛊
ocytji	𦛋
ocytyu	𦛌
ocytzd	𦛍
ocytyz	𦛒
ocytjq	𦛓
ocytjp	𦛕
ocytlv	𦛗
ocytii	𦛘
ocytig	𦛙
ocytxb	𦛛
ocythj	𦛜
ocyurz	𦛝
ocytyi	𦛞
ocytgg	𦛟
ocytdi	𦛡
ocytzz	𦛣
ocytlc	𦛨
ocytgc	𦛩
ocytgu	𦛱
ocytjn	𦛲
ocrzqt	𦛶
ocytys	𦛸
ocytbp	𦛺
ocytcy	𦛻
ocytbk	𦛼
ocytyb	𦛽
ocytnq	𦛾
ocytmh	𦛿
ocytfw	𦜀
ocrzfg	𦜁
ocytbh	𦜅
ocythj	𦜆
ocytqu	𦜇
ocytvi	𦜋
ocytfh	𦜍
ocytig	𦜎
ocytli	𦜏
ocytgr	𦜐
ocytxb	𦜓
ocytya	𦜖
ocviyt	𦜗
ocytru	𦜘
ocytbi	𦜠
ocytvi	𦜡
ocytlu	𦜣
ocytlk	𦜥
ocytvs	𦜦
ocytyi	𦜧
ocytkf	𦜨
ocythu	𦜩
ocytrv	𦜬
ocytbf	𦜭
ocytvo	𦜰
ocytpg	𦜳
ocguyt	𦜴
ocytjq	𦜵
ocrzyj	𦜽
ocvirz	𦜾
ocytnd	𦝀
ocytqi	𦝁
ocytde	𦝂
ocytlb	𦝃
ocytlk	𦝄
ocytff	𦝅
ocytdi	𦝉
ocytmf	𦝋
ocytfa	𦝌
ocfarz	𦝎
ocytyu	𦝑
ocytqu	𦝒
ocytvi	𦝔
ocytfu	𦝗
ocrzjr	𦝘
ocxirz	𦝙
ocytyk	𦝚
ocytww	𦝛
ocytqi	𦝜
ocythr	𦝝
ocyttk	𦝞
ocytli	𦝟
ocytgv	𦝢
ocytke	𦝣
ocytbk	𦝤
ocytuf	𦝧
ocytjp	𦝨
ocytww	𦝩
ocycyt	𦝫
ocyttu	𦝬
ocukyt	𦝭
ocytqq	𦝱
ocythe	𦝲
ocytpk	𦝷
ocytmw	𦝺
ocytxr	𦝻
ocytlz	𦝼
ocwdyt	𦝽
ocytdm	𦝿
octdwf	𦞀
ocytzd	𦞁
ocytyu	𦞇
ocythz	𦞈
ocrzjp	𦞉
ocythg	𦞌
ocjirz	𦞍
ocytyj	𦞎
ocwwrz	𦞏
ocytnt	𦞐
ocytbw	𦞑
ocytdd	𦞒
ocytpd	𦞓
ocythl	𦞔
ocytkj	𦞖
ocrzjm	𦞘
ocytgv	𦞙
ocytxp	𦞚
ocytch	𦞛
ocytxi	𦞜
ocytqi	𦞝
ocytsy	𦞠
ocytzc	𦞣
ocytzd	𦞤
ocythe	𦞦
ocytlq	𦞧
ocytgs	𦞨
ocytvg	𦞪
ocytni	𦞮
ocytqi	𦞯
ocytsu	𦞰
ocrzgv	𦞱
ocytii	𦞲
ocytrs	𦞳
ocytgc	𦞵
ocytyj	𦞷
ocytbg	𦞸
ocytru	𦞹
ocytcc	𦞻
ocytyc	𦞼
ocytgu	𦞽
ocytmi	𦟂
ocytsh	𦟄
ocytig	𦟇
ocythd	𦟈
ocytgj	𦟉
ocytpw	𦟊
ocytbw	𦟋
ocytvj	𦟌
ociarz	𦟎
ocytku	𦟏
ocytma	𦟐
ocytyi	𦟑
octycv	𦟒
ocfuyt	𦟓
ocytvi	𦟔
ocrzma	𦟖
ocytnj	𦟗
ocytyb	𦟘
ocytys	𦟛
ocytze	𦟜
ocytma	𦟟
ocytqi	𦟠
ocjirz	𦟡
ocytxq	𦟤
ocytvu	𦟥
ocrzmo	𦟦
ocytlm	𦟪
ocytmh	𦟮
ocytle	𦟯
ocytsu	𦟱
ocwfyt	𦟲
ocytic	𦟳
ocytvj	𦟶
ocytpw	𦟷
ocytye	𦟸
ocytly	𦟹
ocytni	𦟻
ocytbi	𦟼
ocytmi	𦟽
ocytqu	𦟾
ocytdv	𦟿
ocviuu	𦠁
ocnnrz	𦠂
ocytji	𦠄
ocytxy	𦠅
ocytxy	𦠆
ocytzg	𦠇
ocytyi	𦠉
ocytbn	𦠎
ocytue	𦠏
ocytsj	𦠐
ocytjt	𦠑
ocjtyt	𦠒
ocjmld	𦠘
ocytqn	𦠚
ocytti	𦠛
ocythx	𦠜
ocbiyt	𦠞
ocytjq	𦠢
ocytrv	𦠤
ocytxm	𦠥
ocytuu	𦠦
ocytsi	𦠭
ocytxm	𦠯
ocjmvo	𦠰
ocytfa	𦠱
ocytee	𦠲
ocytij	𦠳
ocytqb	𦠴
ocytdv	𦠵
ocicrz	𦠶
occsxu	𦠷
ocvivi	𦠹
ocviky	𦠺
ocytfw	𦠻
ocytww	𦠽
ocytji	𦠾
ocytdh	𦡁
ocytds	𦡂
ocytdz	𦡄
ocytku	𦡆
ocysrz	𦡈
ocmgyt	𦡉
ocytdy	𦡋
ocytdm	𦡏
ocwwyt	𦡒
ocytuu	𦡔
ocytbc	𦡕
ocsvyt	𦡖
ocytiz	𦡗
ocysyt	𦡚
ocrzbf	𦡛
ocpirz	𦡜
ocrzai	𦡝
ocytjb	𦡞
ocbwlk	𦡟
ocnsji	𦡠
ocytlz	𦡢
ocytni	𦡥
ocytds	𦡦
ocytye	𦡧
ocxier	𦡩
ocytyi	𦡫
ocytqb	𦡬
ocytpu	𦡮
ocytda	𦡯
ocytvd	𦡱
ocytnk	𦡲
ocytuz	𦡴
ocytjm	𦡶
ocytdv	𦡷
ocytyi	𦡸
ocyirz	𦡼
ocufww	𦡾
ocyttd	𦢀
ocytch	𦢁
ocytpw	𦢄
ocyiyt	𦢇
ocyter	𦢈
ocytmi	𦢉
ocytbc	𦢊
ocytmd	𦢌
ocytgl	𦢎
ocytmo	𦢓
ocythv	𦢔
ocytfu	𦢚
ocytlv	𦢛
ocytuz	𦢝
ocytlu	𦢞
ocytpu	𦢟
ocytii	𦢠
ocytsu	𦢦
ocytmg	𦢧
ocytxn	𦢩
ocytsv	𦢪
ocytls	𦢫
ocytrv	𦢬
ocytxk	𦢯
ocxkrz	𦢰
ocytwu	𦢲
ocjmww	𦢳
octotu	𦢴
ocyttv	𦢶
ocytma	𦢷
ocytbo	𦢸
ochorz	𦢽
ocytnp	𦣀
ocytfg	𦣂
ocytjt	𦣅
ocytmi	𦣆
ocytlo	𦣇
ocytbo	𦣈
ocnjyt	𦣊
ocytnj	𦣎
ocytsu	𦣑
ocytjt	𦣒
ocytpn	𦣕
ocytnh	𦣘
ocytlm	𦣛
ocujif	𦣟
ocifff	𦣡
ociffu	𦣢
ocifge	𦣣
ocifbi	𦣥
ocifif	𦣦
ocifrf	𦣨
ocifif	𦣩
ocifqi	𦣫
ocdiif	𦣭
ocguif	𦣮
ocifxx	𦣯
ocnjwo	𦣰
ocifze	𦣱
ocifjn	𦣳
ocziuu	𦣺
ochgzi	𦣻
ocziwu	𦣾
oczige	𦣿
oczida	𦤀
ocziuu	𦤂
ocziwh	𦤃
occczi	𦤄
occczi	𦤅
ocziyy	𦤆
oczifj	𦤇
oczics	𦤈
oczigs	𦤉
ocziiz	𦤊
oczibf	𦤎
oczitm	𦤏
ocizgk	𦤕
oczizu	𦤖
oczind	𦤗
ocnpiu	𦤙
ocizba	𦤚
oczibd	𦤛
oczixq	𦤜
ocwwnp	𦤞
ocxbiz	𦤟
ocizhv	𦤠
ocizyi	𦤡
ocboiz	𦤣
oczixl	𦤥
ocizhe	𦤦
ociznd	𦤧
ocizwf	𦤨
oczilm	𦤩
ocheiz	𦤪
oczibi	𦤫
ocizhd	𦤬
oczilp	𦤭
octviz	𦤮
ocizkj	𦤯
ociztj	𦤰
ocizjb	𦤱
ocjtzi	𦤲
ocyzvi	𦤵
ocviwf	𦤶
ocvijq	𦤷
ocirvi	𦤸
ocvibu	𦤹
ocvipu	𦤺
ocgxvi	𦤻
ocvini	𦤽
ocvidj	𦤾
ocvidm	𦥃
ocqivi	𦥄
ocvizz	𦥇
ocuiwu	𦥉
ocsyvi	𦥊
ocviuu	𦥌
ocvixx	𦥍
ocvivi	𦥎
ocjquu	𦥔
ocjqcy	𦥘
ocjqia	𦥙
ocqmjq	𦥛
ocxijq	𦥜
ocvxjq	𦥝
ocjqqm	𦥞
ocjqyb	𦥟
ocjqfu	𦥡
ocjqyz	𦥣
ocjqmo	𦥦
ocjqvi	𦥧
ocjqxt	𦥨
ocjqyz	𦥪
ocjqva	𦥬
ocnijq	𦥭
ocjqgl	𦥰
ocyukz	𦥳
ocjqnj	𦥶
ocjqiv	𦥻
ocvier	𦦃
ocjqzz	𦦅
ocjqdr	𦦇
ocycvc	𦦌
ocjqvr	𦦐
ocyufg	𦦙
ocyuyu	𦦚
ocihjq	𦦢
ocjqzv	𦦣
ocycyj	𦦨
ocyuqr	𦦮
ocjquz	𦦰
ocyudv	𦦳
ocyuyi	𦦸
ocisuz	𦦾
ocyker	𦦿
oclvjq	𦧃
ocuehg	𦧆
ocueye	𦧇
ocuejb	𦧈
ocuevi	𦧉
ocueyy	𦧊
ocuenq	𦧋
ocueug	𦧌
ocvxue	𦧍
ocjbue	𦧎
ocuejk	𦧏
ocueta	𦧑
ocuegu	𦧒
ocuegx	𦧔
ocziue	𦧗
ocrzue	𦧘
ocuevu	𦧙
ocueue	𦧚
ocuehe	𦧛
ocueli	𦧜
ocueyj	𦧝
ocueda	𦧟
ocboue	𦧠
ocyjue	𦧡
ocuely	𦧣
ocdaue	𦧥
ocueuz	𦧦
ocueui	𦧧
ocuexm	𦧩
ocuiue	𦧪
ocuetr	𦧫
octrue	𦧬
ocuehd	𦧮
ocuexi	𦧯
ocxiue	𦧰
ocuexi	𦧱
ocuelw	𦧲
ocuedj	𦧴
ocuuue	𦧶
ocuelm	𦧷
ocuexy	𦧸
ocueld	𦧺
ocuelj	𦧼
oclbxy	𦧾
ocmzwu	𦨂
ocvzyi	𦨇
ocvzrf	𦨈
ocvzdc	𦨉
ocvznd	𦨋
ocvzee	𦨌
ocvzdk	𦨍
ocvzto	𦨎
ocvzqi	𦨏
ocvzda	𦨐
ocvzcd	𦨑
ocvzyi	𦨒
ocvzuc	𦨓
ocvzrf	𦨔
ocvzuc	𦨖
ocvzpu	𦨗
ocvzqi	𦨘
ocvzri	𦨙
ocvzqr	𦨚
ocvzgz	𦨛
ocvzge	𦨜
ocvzhu	𦨝
ocvzyr	𦨞
ocvzvi	𦨟
ocvzfu	𦨡
ocvzdi	𦨢
ocvzvc	𦨣
ocysvz	𦨤
ocvziu	𦨥
ocjxvz	𦨦
ocvzmu	𦨧
ocvzyr	𦨨
ocvzls	𦨩
ocvzdj	𦨪
ocvzpk	𦨫
ocvzys	𦨬
ocvzpi	𦨭
ocvzdd	𦨮
ocvzue	𦨯
ocvzqs	𦨰
ocvzyu	𦨱
ocvzwu	𦨳
ocvzts	𦨴
ocvzxk	𦨵
ocvzgr	𦨶
ocvzfa	𦨷
ocvzww	𦨹
ocvzgl	𦨻
ocvzwu	𦨼
ocvzcf	𦨽
ocvzhg	𦨾
ocvzjx	𦩀
ocvztn	𦩁
ocvzdv	𦩃
ocvzhj	𦩅
ocvzwo	𦩆
ocvzyi	𦩈
ocyivz	𦩉
ocvzer	𦩊
ocvzfw	𦩋
ocvzjp	𦩌
ocvzvz	𦩍
ocvzvv	𦩏
ocvzld	𦩑
ocvzya	𦩒
ocvzsj	𦩓
ocvzhu	𦩕
ocvzbw	𦩖
ocvzyj	𦩗
ocvzdk	𦩘
ocvzmw	𦩚
ocvzju	𦩛
ocvzpz	𦩜
ocvzww	𦩝
ocvzyu	𦩞
ocvzfu	𦩟
ocvzxk	𦩠
ocvzfu	𦩡
ocvzxm	𦩢
ocvzqi	𦩣
ocvztu	𦩤
ocvzhe	𦩥
ocvzjb	𦩨
ocvzjx	𦩪
ocvzww	𦩬
ocvzsi	𦩭
ocvzyr	𦩮
ocvzvs	𦩰
ocvzqq	𦩲
ocvzve	𦩳
ocvzqi	𦩴
ocvzjm	𦩵
ocvzxi	𦩶
ocvzgz	𦩷
ocvzro	𦩸
ocvzyc	𦩹
ocvzgs	𦩼
ocvzyc	𦩾
ocvzth	𦪀
ocvztu	𦪂
ocvztk	𦪅
ocvzji	𦪆
ocvzlu	𦪇
ocaovz	𦪈
ocvzhk	𦪉
ocvzqi	𦪊
ocvzxq	𦪋
ocvzji	𦪌
ocvzfg	𦪎
ocvzts	𦪏
ocvzfa	𦪑
ocvzgv	𦪒
ocvzsu	𦪓
ocvzdy	𦪔
ocvzln	𦪕
ocvzfj	𦪖
ocvzhl	𦪗
ocvzjt	𦪘
ocvzzy	𦪚
ocvzyc	𦪛
ocvzqn	𦪞
ocvzpg	𦪟
ocvzhx	𦪠
ocvzxu	𦪡
ocvzdj	𦪢
ocdjvz	𦪣
ocvzvh	𦪦
ocvzgj	𦪧
ocvzlk	𦪩
ocvzcj	𦪫
ocvzxp	𦪬
ocvzda	𦪭
ocvzhc	𦪳
ocvzji	𦪵
ocvzmo	𦪷
ocvzkr	𦪻
ocvzji	𦪼
ocvzls	𦪽
ocvzli	𦪾
oclsvz	𦪿
ocvzzj	𦫅
ocvzjt	𦫇
ocvzli	𦫈
ocvzgv	𦫉
ocvzlk	𦫊
ocwhgf	𦫋
ochegf	𦫌
ocllkd	𦫍
oclwgf	𦫎
ocllbk	𦫏
ocxill	𦫑
ocsexi	𦫓
ocdgse	𦫔
ocwwse	𦫕
ocsebd	𦫖
ocpise	𦫗
ocsefa	𦫘
ocbdse	𦫙
ockxse	𦫚
ocbose	𦫛
ocqyse	𦫝
ocyjse	𦫟
ocigse	𦫠
ocqise	𦫡
ocuhse	𦫢
ocseye	𦫤
ocmmse	𦫥
ocyrse	𦫦
ocmwse	𦫧
ocyjse	𦫨
ocwgse	𦫫
ocxise	𦫬
ocvfse	𦫭
ocyrse	𦫮
ocxyse	𦫯
ocmgse	𦫰
ocbise	𦫱
occcuu	𦫳
occcve	𦫴
ocvecc	𦫵
occcjq	𦫶
occcrf	𦫸
ocgspp	𦫺
occcrf	𦫻
occcln	𦫼
occcer	𦫽
occcee	𦫾
occcyz	𦫿
ocgsve	𦬀
occccd	𦬁
occcwu	𦬂
occcto	𦬃
occcrf	𦬄
occckz	𦬅
occccc	𦬇
occcsi	𦬊
ocgsli	𦬋
occcyz	𦬍
occcye	𦬎
occccc	𦬏
occcnv	𦬑
occcyz	𦬓
occcvx	𦬔
occcvs	𦬕
occciz	𦬖
occcge	𦬗
occcgs	𦬘
occcpu	𦬙
occchu	𦬚
occcmm	𦬛
ocgsyc	𦬜
occctm	𦬞
occccc	𦬠
occcsa	𦬢
occcii	𦬨
occclq	𦬩
occcqr	𦬫
occcwh	𦬬
occcuv	𦬭
occcrs	𦬮
occcuf	𦬯
occcug	𦬱
occcnm	𦬵
occcwu	𦬶
occczi	𦬷
occcuu	𦬸
occcdj	𦬹
occcxs	𦬺
occcnu	𦬻
occcer	𦬼
occcxr	𦬾
ocgsqn	𦭃
occcwa	𦭈
occcka	𦭌
occcvf	𦭏
occcii	𦭐
occctk	𦭑
occcvg	𦭒
occcui	𦭓
occcys	𦭔
occcig	𦭕
occcjx	𦭖
occcqm	𦭛
occcvi	𦭜
occcsi	𦭝
occcta	𦭟
occcsi	𦭡
occcvg	𦭢
occcvu	𦭦
occcza	𦭧
occcxs	𦭪
occcqs	𦭭
occcru	𦭰
occcyu	𦭳
occcvz	𦭴
occcyh	𦭵
occcxm	𦭶
occcmz	𦭷
occcvz	𦭸
occchv	𦭹
occcjq	𦭻
occcyi	𦭽
occcya	𦭿
occcvi	𦮂
ocmhir	𦮋
occcgs	𦮎
occcjl	𦮔
occcnj	𦮗
occcmh	𦮝
occcxu	𦮠
occcxu	𦮣
occcff	𦮪
occcyi	𦮰
occcva	𦮲
occcqi	𦮳
occcnm	𦮴
occcwf	𦮶
occcbw	𦮷
occcyi	𦮸
occcsi	𦮺
occcyr	𦮻
occcji	𦮼
occcgc	𦮽
ocfftu	𦯀
occcju	𦯃
occcxu	𦯅
occcmc	𦯆
occcbo	𦯉
occccs	𦯎
occcyh	𦯒
occczu	𦯓
occcdi	𦯔
occcss	𦯕
ocvixn	𦯝
occclr	𦯠
occcue	𦯬
ocffwu	𦯲
ocffcc	𦯳
occcer	𦯵
occcjs	𦯶
occcmn	𦯷
occcqb	𦯹
occcwf	𦯻
occchj	𦯼
ocxbnv	𦯽
ocfuxi	𦰀
occcli	𦰁
occctn	𦰏
occclk	𦰐
occcmu	𦰓
occcpc	𦰖
ocbicc	𦰙
occcwo	𦰚
occcff	𦰛
occcrr	𦰟
occcna	𦰡
occcdi	𦰣
occclc	𦰤
occcgd	𦰦
occcni	𦰫
occcbo	𦰬
occcui	𦰯
occcuh	𦰱
occcxu	𦰲
occcmi	𦰴
occcuz	𦰹
occcfu	𦰺
occcpi	𦰽
occcii	𦰿
occcyu	𦱀
occcxr	𦱁
occcho	𦱂
ocyumb	𦱃
occchu	𦱄
occcju	𦱅
occcto	𦱆
occcks	𦱇
occcvg	𦱊
occcmh	𦱋
occcgh	𦱌
occcui	𦱎
occcmu	𦱒
ocmncc	𦱓
occche	𦱕
occcfu	𦱖
ocmuwf	𦱛
ocmhmb	𦱣
occcjp	𦱥
occcbk	𦱮
occcpk	𦱾
occcyi	𦲀
occcni	𦲁
occcqs	𦲄
occcvz	𦲅
ocjpcc	𦲈
occcxp	𦲉
occclu	𦲊
occcfh	𦲏
occcjp	𦲓
occcya	𦲕
occcvl	𦲚
ocxbmu	𦲜
occcmu	𦲝
occcsj	𦲞
occcvi	𦲟
occcyi	𦲤
occcue	𦲧
occcfu	𦲫
ocfucc	𦲱
occcmw	𦲲
occcvg	𦲵
occcig	𦲶
occcqi	𦲷
occcyu	𦲸
occcye	𦲹
occcui	𦲺
occcxb	𦲽
occcfa	𦲾
occcmw	𦳀
occcye	𦳃
occcbm	𦳄
occctm	𦳇
occcpi	𦳈
occcji	𦳌
occcnd	𦳐
occcmz	𦳑
occcfu	𦳓
occcdu	𦳔
occccc	𦳕
occcug	𦳗
occcia	𦳘
occcvi	𦳙
occcui	𦳚
occcgv	𦳛
occcyh	𦳝
occcbd	𦳞
occcww	𦳢
ocxyda	𦳣
occcmn	𦳥
occczd	𦳦
ocmumu	𦳮
ocjkdc	𦳲
occcvo	𦳵
ocmhis	𦳶
occcqq	𦳷
occcbk	𦳼
occcrs	𦴇
occcro	𦴈
occcyh	𦴊
occcgj	𦴑
ocxikz	𦴖
occctn	𦴚
occcyk	𦴤
occcxy	𦴥
occcke	𦴦
occcfw	𦴧
occcxb	𦴩
occchf	𦴭
ocfjcc	𦴮
ocuccc	𦴰
ocuvia	𦴶
occczz	𦴺
occctd	𦴼
occcur	𦴽
occclk	𦴿
occcmm	𦵀
occcyu	𦵁
occclq	𦵂
occcvf	𦵄
occcdr	𦵓
occchg	𦵕
occcji	𦵗
occcux	𦵘
occcru	𦵙
occcnu	𦵚
occcsa	𦵜
occcxi	𦵠
occcgs	𦵡
occcuf	𦵢
occclh	𦵧
occcjq	𦵩
occcso	𦵫
occchd	𦵯
occcxp	𦵱
occcjp	𦵴
occcgz	𦵷
occcgg	𦵸
occcuj	𦵹
occcjb	𦵻
occcjy	𦵼
occchl	𦵽
occcji	𦵾
occcpz	𦵿
occcwu	𦶀
occcyi	𦶂
occcnp	𦶄
occcnq	𦶆
occcci	𦶉
occcuj	𦶋
occcdn	𦶌
occcks	𦶐
occcuu	𦶕
occchr	𦶙
occcff	𦶚
occcig	𦶝
occcre	𦶟
occcgf	𦶠
occchc	𦶡
occchh	𦶢
occclp	𦶣
occcyr	𦶤
occcee	𦶥
occcna	𦶦
occcyi	𦶩
ocrscc	𦶪
occcjy	𦶬
occcyj	𦶳
occchj	𦶷
occcqr	𦶸
occcvj	𦶻
occcue	𦶼
occcbj	𦶾
occcsh	𦶿
occcfw	𦷁
occcgg	𦷂
occcnl	𦷄
occcxx	𦷈
occcly	𦷉
ochxhe	𦷌
occcvi	𦷍
occcbc	𦷒
occcee	𦷖
occcxx	𦷜
occcxn	𦷟
ocmouj	𦷤
occcmi	𦷥
occcgs	𦷧
ociavi	𦷨
occcbm	𦷩
occchd	𦷫
occcmi	𦷬
occchv	𦷭
occcwu	𦷮
occcmd	𦷯
occcfu	𦷰
ocvivz	𦷱
occcss	𦷴
ocruuv	𦷸
occcji	𦸀
occcdj	𦸁
occcuf	𦸂
occcjm	𦸃
occctz	𦸄
occcuu	𦸇
occcwj	𦸌
occcto	𦸍
occccv	𦸏
occclu	𦸐
occcyi	𦸒
occcfu	𦸕
occcqi	𦸗
occcga	𦸘
occcyz	𦸙
occcxi	𦸚
occcic	𦸛
occcxi	𦸝
occcmi	𦸡
occcjm	𦸮
ocufmu	𦸯
occcij	𦸰
occcfu	𦸱
occcou	𦸲
ociucc	𦸶
occchw	𦸽
occcvh	𦸾
occcxi	𦹀
occcfu	𦹃
occcuc	𦹄
occcwj	𦹅
occchk	𦹏
occcgo	𦹐
occcwh	𦹑
occcjx	𦹜
occcds	𦹝
occccd	𦹤
ocmoho	𦹪
occccd	𦹮
ocgucc	𦹯
occchy	𦹲
occctj	𦹳
occcgu	𦹵
occcpw	𦹷
occctm	𦹸
occcya	𦹹
occcyb	𦹻
occchc	𦹾
occcqk	𦺄
occcxy	𦺈
occcfu	𦺉
occcjn	𦺏
occccj	𦺐
occcwu	𦺒
occcic	𦺓
occcuu	𦺗
occclc	𦺜
occchu	𦺟
occcvh	𦺡
occcjp	𦺢
occcxl	𦺣
occcrz	𦺤
occcdz	𦺥
occchj	𦺦
occcge	𦺧
occcxl	𦺨
occcji	𦺬
ocyrbw	𦺲
occcji	𦺴
occclb	𦺸
occcln	𦺹
occcsj	𦺻
ocqimu	𦻆
occcqi	𦻊
occcxi	𦻎
occcic	𦻐
ocmoyu	𦻒
occcig	𦻓
occcfw	𦻔
occcyb	𦻕
occcjb	𦻗
occcti	𦻘
occcji	𦻝
octccc	𦻦
occcqi	𦻬
ocfhhu	𦻮
occcwf	𦻱
occcwf	𦻲
occcjp	𦻴
occcqb	𦻵
occcil	𦼃
occcee	𦼇
occclg	𦼊
ocqmwj	𦼌
occcwj	𦼍
occczg	𦼏
occcyj	𦼐
occcyj	𦼓
occcln	𦼔
occcth	𦼕
occcxi	𦼗
occcsf	𦼚
occcif	𦼛
occcnc	𦼝
occcts	𦼟
occcve	𦼥
occcug	𦼦
occcgj	𦼮
occcsv	𦼯
occcjy	𦼱
occcdh	𦼲
occcih	𦼳
occcyh	𦼴
occcgc	𦼸
occcdy	𦼿
occcjk	𦽁
occcdm	𦽄
occcjm	𦽇
occcsi	𦽊
occcdk	𦽍
occclu	𦽎
occcfu	𦽏
occchv	𦽐
occczw	𦽒
occcjb	𦽔
occcbi	𦽗
occcbm	𦽟
occcjn	𦽨
occcgj	𦽫
occcji	𦽯
ocmcvg	𦽰
occcqq	𦽲
occcyu	𦽳
occcjk	𦽴
occcye	𦽶
occcli	𦽼
occclq	𦽾
occcjx	𦽿
ocykmw	𦾇
occczc	𦾈
occcfg	𦾌
ochxjx	𦾏
occcpn	𦾑
occcis	𦾖
occcyu	𦾚
occcww	𦾛
occhuj	𦾝
occcvj	𦾟
occcue	𦾠
occcuf	𦾢
occcyu	𦾤
occcyy	𦾥
occcuu	𦾧
occcve	𦾬
occclv	𦾯
occcrs	𦾵
occcjm	𦾶
occcdr	𦾸
occcsr	𦾹
occcyc	𦾺
occcyc	𦾾
occcjk	𦾿
occcih	𦿄
ocmoll	𦿉
occcpu	𦿍
occcmg	𦿏
occcvf	𦿒
occcbi	𦿔
occcbi	𦿝
occcqi	𦿟
ocmgcc	𦿢
ocxucc	𦿤
occcmj	𦿭
occcma	𦿰
occcyu	𧀀
occcme	𧀋
occcuu	𧀌
occcgc	𧀎
occcis	𧀏
occcgv	𧀐
occcvs	𧀑
occcnf	𧀒
occclv	𧀓
occcxs	𧀛
occcdi	𧀝
ocgoli	𧀞
occcjn	𧀡
occcdp	𧀢
occcuw	𧀣
occcii	𧀤
occcyz	𧀥
occclu	𧀦
occcci	𧀩
occcln	𧀪
occcuh	𧀫
occcxi	𧀬
occcfj	𧀭
occcfu	𧀮
occcti	𧀰
occcyt	𧀲
occcfu	𧀴
occcpu	𧀸
occcve	𧀹
occcsv	𧁂
occcui	𧁐
occcuf	𧁑
occcyh	𧁒
occcns	𧁓
occcyh	𧁙
occchv	𧁜
occcan	𧁟
occcma	𧁦
occcis	𧁬
occcji	𧁭
occcww	𧁮
occcdi	𧁱
occcjm	𧁴
occcfu	𧁵
ockuku	𧁷
ockuku	𧁹
occcjm	𧁺
occcsv	𧁼
occcdu	𧁿
occcvj	𧂁
occcqm	𧂂
occchj	𧂃
occcjm	𧂆
occccc	𧂈
ochcsi	𧂎
occcln	𧂏
occcji	𧂐
ocyjcc	𧂑
ochclc	𧂕
ocyubw	𧂟
occcyi	𧂠
occcgu	𧂣
ocdizu	𧂨
occcbc	𧂫
occcjk	𧂮
occcyy	𧂯
ocfjcc	𧂵
occcbi	𧂸
occcxm	𧂹
occcqn	𧂼
ocvohx	𧂽
occcjb	𧃃
ocsuxb	𧃅
occclu	𧃆
occcuj	𧃇
ocmoui	𧃊
occcta	𧃌
occcjm	𧃑
occclv	𧃒
occcjm	𧃕
occchj	𧃙
occcgz	𧃛
occciz	𧃝
occcyi	𧃟
occcru	𧃨
ocsazi	𧃯
occcmi	𧃲
occcso	𧃴
ockudg	𧃵
occchv	𧃸
ochxye	𧃹
occcyk	𧃽
occccs	𧃿
occcxx	𧄁
octdln	𧄈
occczs	𧄉
ocwjdk	𧄌
occcqn	𧄍
occcfu	𧄏
occcul	𧄐
occcqu	𧄒
occciu	𧄔
occcvi	𧄕
ocyjcc	𧄣
occcfu	𧄦
occcji	𧄰
occcqn	𧄳
ocwjye	𧄴
occclp	𧄵
occcui	𧄹
occcdm	𧄺
occcli	𧄻
occczj	𧄽
occcjl	𧅁
occcjm	𧅆
ocmohw	𧅌
occcwu	𧅑
occcqs	𧅓
occcla	𧅕
occcdh	𧅗
occcjt	𧅚
ocvixn	𧅣
occcbc	𧅤
occcxb	𧅥
occcjt	𧅫
ocgomj	𧅬
occcmg	𧅭
occcli	𧅮
occchu	𧅰
occcnh	𧅺
occcif	𧆂
occcbp	𧆊
occclm	𧆎
occcgj	𧆐
ochuyz	𧆛
ochukv	𧆜
ochuyi	𧆝
ochujb	𧆞
ochujq	𧆟
ochuuz	𧆠
ocjihu	𧆡
ochujq	𧆢
ochujx	𧆥
ocqihu	𧆦
ochutm	𧆨
ochuqi	𧆫
ochujq	𧆬
ochuyz	𧆭
ochucd	𧆯
ochuzi	𧆰
ochuyz	𧆴
ochugs	𧆷
ochuho	𧆸
ochuxb	𧆹
oclkhu	𧆺
ochugu	𧆻
ochuds	𧆼
ochubd	𧆽
ochugs	𧆾
ochuys	𧆿
ochubk	𧇀
ochufw	𧇁
ochulb	𧇃
ocxuyu	𧇊
ochuts	𧇌
ocfzhu	𧇍
ochuhe	𧇎
ocyzhu	𧇐
ocjphu	𧇑
ochudv	𧇓
ochunj	𧇙
ochubo	𧇚
ocuuhu	𧇝
ochuql	𧇞
ochuvz	𧇟
ocxukh	𧇠
octuhu	𧇢
ochulb	𧇥
ocfahu	𧇦
ochulb	𧇨
ochuqi	𧇫
ochuwu	𧇭
ochuhe	𧇮
ochuji	𧇯
ochuhu	𧇰
ochuxm	𧇱
ochuiy	𧇶
ochehu	𧇷
ochuqq	𧇸
ochuhz	𧇹
ocglxu	𧇺
ochumk	𧇻
ochudk	𧈂
ochuxx	𧈄
ochuvs	𧈆
ochubb	𧈇
ochuic	𧈈
ocichu	𧈊
ocdjhu	𧈍
oclnhu	𧈏
ochulu	𧈔
ocyzlu	𧈕
ochuuz	𧈙
ocqbsi	𧈛
ochutg	𧈜
ocisyi	𧈝
ocisve	𧈞
ocklis	𧈟
ocuiis	𧈠
ocyzis	𧈡
ocisba	𧈢
ocisnd	𧈣
ocjqis	𧈤
ocissi	𧈥
ocndis	𧈦
ocsiis	𧈧
ocxnis	𧈨
ocyiis	𧈩
occcis	𧈪
ocgsis	𧈫
ocgsis	𧈬
ociswu	𧈭
ociswj	𧈮
ociskv	𧈯
ocviis	𧈰
ocyiis	𧈱
ocxyis	𧈲
ocisrf	𧈳
ocisgl	𧈴
ocissj	𧈵
ocisir	𧈶
ocisxi	𧈷
ocwfis	𧈸
ocdais	𧈹
ocisyi	𧈺
ocisuu	𧈻
ocispm	𧈼
ocisgs	𧈽
ocisho	𧈾
ocisgh	𧈿
ocisvi	𧉀
ocqiis	𧉁
ocistm	𧉂
ocisyy	𧉃
ocismm	𧉄
ocisyb	𧉅
ociszz	𧉆
ocisbu	𧉈
ocfgis	𧉉
ocfuis	𧉊
ocviis	𧉌
ocisyt	𧉎
ocisul	𧉐
ocistd	𧉑
ocvais	𧉒
ocmuis	𧉓
ocisks	𧉔
ocycis	𧉕
ocisnq	𧉖
ocyris	𧉗
ocviis	𧉘
ocisty	𧉙
ociswu	𧉚
ocuiis	𧉜
ocisgd	𧉝
ocisnk	𧉞
ocistd	𧉟
ocissi	𧉠
ocisxt	𧉢
ocisyu	𧉣
ocisbm	𧉤
ocbwis	𧉥
ociswu	𧉦
ocisqu	𧉧
ocisbu	𧉩
ocjxis	𧉪
ocismb	𧉬
ocnuis	𧉭
ocismu	𧉯
ociser	𧉰
ocisuu	𧉱
ocxtis	𧉴
ocvuis	𧉶
ocheis	𧉷
ocisfu	𧉸
ocisva	𧉹
ocuiis	𧉺
ocisbj	𧉻
ocisli	𧉼
ocisui	𧉽
ociyis	𧉾
ocisww	𧉿
ocisjx	𧊀
ocismu	𧊁
ocisds	𧊂
ocisvi	𧊄
ocislk	𧊅
ocfuis	𧊆
ocddis	𧊇
ocmbis	𧊈
ocisfj	𧊉
ocisys	𧊊
ocisuf	𧊋
ocisqn	𧊌
ocisui	𧊍
ocisyt	𧊎
ocishd	𧊏
ocisyu	𧊐
occiis	𧊒
ocisvz	𧊓
ocxkis	𧊔
ocisrs	𧊕
ocisui	𧊖
ociser	𧊗
ociskx	𧊘
ocisvi	𧊙
ocists	𧊚
ocishz	𧊛
ocisni	𧊜
ocisxk	𧊞
ocruis	𧊟
ocisyu	𧊠
ocqsis	𧊡
ocliis	𧊢
ocisyi	𧊣
ocisyi	𧊤
ocisuu	𧊥
ocisfz	𧊦
ocheis	𧊧
ocisyb	𧊭
ocysis	𧊯
ocyiis	𧊰
ocisqr	𧊲
ocisgf	𧊳
ocisig	𧊴
ocisdo	𧊶
ociswh	𧊷
ocisci	𧊸
ocanis	𧊹
ocisif	𧊺
ocisxk	𧊽
ocmiis	𧊾
oclpis	𧊿
ocisvz	𧋀
ociszd	𧋁
ociscy	𧋃
ocisgs	𧋄
ocisjb	𧋅
ocislw	𧋆
ocisvi	𧋈
ocisgu	𧋉
ocuais	𧋊
ociswu	𧋋
ocisve	𧋍
ocisli	𧋎
ocisji	𧋏
ocisuu	𧋐
ocisgg	𧋑
ocisii	𧋒
ocisgc	𧋓
ocgsis	𧋔
ocisky	𧋕
ocisdi	𧋘
ociscs	𧋙
ocqqis	𧋛
ocismw	𧋟
ocuiis	𧋠
ocisbo	𧋢
ociszu	𧋥
ocisww	𧋦
ociszz	𧋨
oczuis	𧋩
ocisyu	𧋪
ocisxi	𧋬
ocisnj	𧋱
ocfgis	𧋴
ociskl	𧋵
ocismw	𧋶
ocisji	𧋷
ocisig	𧋸
ocisvi	𧋺
ocislb	𧋻
ocisns	𧋼
ocismh	𧋽
ocisyi	𧋾
ociskk	𧋿
ocisty	𧌀
ocyzis	𧌁
ocisbu	𧌂
ocisqp	𧌃
ocisyj	𧌄
ocisuz	𧌅
ocisks	𧌆
ocispg	𧌇
ocisvz	𧌈
ocislu	𧌉
ocisye	𧌊
ocisxp	𧌋
ocislu	𧌍
ocisdm	𧌎
ocisda	𧌏
occiis	𧌐
ocisqu	𧌑
ochois	𧌒
ocisfu	𧌓
ocviis	𧌔
ocisue	𧌖
ocisqu	𧌗
ocfuis	𧌘
ocyuis	𧌙
ocisjs	𧌚
ocfuis	𧌛
ocbwis	𧌠
ocisui	𧌡
ocjuis	𧌪
ocisjk	𧌬
ocisiv	𧌯
ocisjl	𧌰
ocfhis	𧌱
ocviis	𧌲
ocisfw	𧌳
ocisqi	𧌴
ocyhis	𧌶
ocisvo	𧌸
ocisyj	𧌹
ocssis	𧌻
ocisdc	𧌼
ocisbi	𧌽
ocbjis	𧌿
ocisgg	𧍁
ocisfw	𧍃
ocuiis	𧍅
ocisgu	𧍆
ocisui	𧍇
ocisdm	𧍈
ocisdi	𧍉
ocisde	𧍋
ocisvc	𧍌
ocisld	𧍍
ocishy	𧍎
ocisgu	𧍏
ocisdr	𧍒
ocukis	𧍓
ocisyc	𧍔
ocisqt	𧍕
ocisug	𧍖
ocisro	𧍗
ocisyz	𧍘
ocfjis	𧍙
ocisys	𧍛
ocisgv	𧍜
ocisdi	𧍝
ocmcis	𧍟
ocisze	𧍡
ocyjis	𧍢
ocmnis	𧍣
ocissi	𧍤
ocisww	𧍥
ocbicj	𧍦
ocisxm	𧍧
ocisyu	𧍪
ocisww	𧍫
ocisqr	𧍭
ocisfg	𧍯
ocisui	𧍱
ocisbm	𧍲
ocisyu	𧍳
ocisjm	𧍴
ochuis	𧍵
ocislv	𧍶
ocrois	𧍷
ocbmis	𧍻
ocisjp	𧎁
ocxxis	𧎂
ociszc	𧎇
ocisjy	𧎊
ocisii	𧎋
ociyis	𧎌
ocgois	𧎏
ocisqq	𧎐
ocishr	𧎑
ocisyt	𧎒
ocisbf	𧎔
ocbwcj	𧎕
ockeis	𧎗
ocisyj	𧎘
ocisdr	𧎚
ocistu	𧎛
ociswu	𧎜
ociszz	𧎝
ocisyb	𧎠
ocisgs	𧎡
ocisrs	𧎣
ocissy	𧎤
ocisuj	𧎥
ocisgs	𧎦
ocisjp	𧎩
octeis	𧎬
ocueis	𧎭
ocisqt	𧎯
ocvjis	𧎰
ocisso	𧎳
ocisve	𧎴
ocisqi	𧎵
ocisiu	𧎷
ocisgc	𧎸
ocisge	𧎺
ocwuis	𧎻
ocisyc	𧎼
ocisjb	𧎽
ocjiis	𧎿
oczive	𧏄
ocuiis	𧏍
ocwfis	𧏎
ocyris	𧏐
ocisbb	𧏖
ociszi	𧏗
ocisbj	𧏘
octcis	𧏛
ocisia	𧏞
ocffis	𧏟
ocissh	𧏠
ocisxx	𧏡
ocisxn	𧏣
ocqiis	𧏨
ocisua	𧏫
ocisii	𧏬
ocisyh	𧏮
ocisru	𧏯
ocisdj	𧏰
ocisah	𧏱
ocislp	𧏲
ocisbu	𧏳
ocisvv	𧏴
ocisvf	𧏶
ocisxu	𧏷
ocisdi	𧏸
ocisqu	𧏺
ocisbi	𧏻
ocniis	𧏾
ocisvu	𧏿
ocisyu	𧐄
ocjiis	𧐆
ocisww	𧐇
oczuis	𧐈
ocisvh	𧐊
ocwwis	𧐌
ocisis	𧐍
ocismi	𧐎
ocisze	𧐐
ocissu	𧐒
ocyeis	𧐓
ocisxi	𧐔
ocisvr	𧐕
ocislm	𧐖
ocisxr	𧐗
ociswu	𧐙
ocisuf	𧐞
ocluis	𧐠
ocishc	𧐢
ocislt	𧐣
ocisqm	𧐤
ocisjp	𧐥
ocisly	𧐩
ocisue	𧐭
ocvjis	𧐮
ocltis	𧐯
occsis	𧐱
ocissu	𧐴
ocqiis	𧐶
ocisyi	𧐹
ocists	𧐺
ocisdv	𧐻
ocisdn	𧐼
ocisdj	𧐽
ocisbu	𧐾
ocisis	𧐿
ocisic	𧑀
ociscj	𧑁
ocisji	𧑂
ocisao	𧑃
ocisvs	𧑄
ocisyt	𧑅
ocists	𧑆
ocisfw	𧑈
ocisjk	𧑊
ocisgv	𧑋
ocishx	𧑍
ocisuu	𧑏
ocisdy	𧑒
ocisuu	𧑓
ocisdd	𧑔
ocisee	𧑕
ocisnk	𧑗
octhis	𧑘
ocisjq	𧑙
ocishj	𧑚
ocissu	𧑛
ocispi	𧑜
ocisls	𧑟
ocispa	𧑡
ocycis	𧑣
ocfjis	𧑪
ocveis	𧑭
ociser	𧑰
ocisve	𧑱
ocvsis	𧑸
ocispu	𧑹
ocisjp	𧑻
ocisjt	𧑾
ocisbi	𧒀
ocuuis	𧒁
ocisjm	𧒄
ocisbm	𧒅
ociszy	𧒆
ocisvu	𧒇
ociuis	𧒉
ocisvi	𧒊
ocislj	𧒋
ocislu	𧒌
ocluis	𧒍
ocisuu	𧒑
ocisse	𧒓
ocisgo	𧒖
ocisse	𧒗
occcmc	𧒚
oclwis	𧒜
ocveis	𧒢
ocisyr	𧒪
ocisnn	𧒬
ocisyi	𧒭
ociszc	𧒮
ocishv	𧒯
ocisww	𧒰
ocisys	𧒱
ocislm	𧒲
ocisdc	𧒴
ociscj	𧒷
ocisiz	𧒸
ocisyt	𧒹
ocisjq	𧒺
ocislw	𧒽
ocdhis	𧒾
ociszw	𧒿
ocisai	𧓁
ocxpis	𧓃
ocispi	𧓄
ocisns	𧓅
ociscr	𧓆
ocisdm	𧓇
ocisjy	𧓈
ocqiis	𧓉
ocisju	𧓏
ocjkis	𧓔
ocistr	𧓘
ocispj	𧓙
ocisjm	𧓦
ocisbi	𧓧
ocisyb	𧓪
ocismm	𧓭
ocbiis	𧓮
ocisww	𧓯
ocisyh	𧓲
ocisvi	𧓳
ocistk	𧓴
ocispg	𧓶
ocisxp	𧓺
ocislv	𧓻
ocwjis	𧓽
ocbcis	𧔃
ocisle	𧔉
ocisiu	𧔋
ocisli	𧔌
ocislu	𧔎
ocwfis	𧔔
ocismd	𧔖
ocisbc	𧔙
ocisqs	𧔚
ocisdg	𧔛
ociszj	𧔜
ocisli	𧔝
ocqmis	𧔢
ocisld	𧔣
ocisyi	𧔥
ocisyj	𧔦
ocdnis	𧔨
ocpbis	𧔪
occcis	𧔴
ocbiis	𧔻
ocisge	𧔼
ocistv	𧔾
ocisdn	𧔿
ocisbi	𧕀
ocisyk	𧕄
ocisxm	𧕇
ocisly	𧕋
ocisyk	𧕍
ocxtis	𧕏
ocmcis	𧕑
ocfuis	𧕒
ocisxx	𧕖
ocislj	𧕗
ocissv	𧕘
ocwwis	𧕞
ocisul	𧕟
ocisfu	𧕡
ocmois	𧕤
ocismo	𧕥
ocisch	𧕨
ocisnp	𧕩
ocisli	𧕬
ocislj	𧕭
ocisli	𧕮
ocisli	𧕯
ocislw	𧕳
ocnjis	𧕴
occciy	𧕷
ocgeiy	𧕹
ocisph	𧕻
ocfwis	𧕿
ocjbgu	𧖂
ocisxm	𧖃
ocpiis	𧖈
ocistg	𧖍
ocislj	𧖐
ocisnh	𧖒
ocgeis	𧖓
ocislr	𧖖
ocxmis	𧖙
ocislk	𧖜
ocismj	𧖣
ocmwmj	𧖦
ocxtdk	𧖧
ocxtqn	𧖨
ocxtli	𧖩
ocxtxi	𧖪
ocxtgk	𧖫
ocvixt	𧖭
ocxtri	𧖮
ocbuxt	𧖯
ocxtmc	𧖰
ocxtmc	𧖱
ocxthe	𧖲
octsxt	𧖳
ocpdxt	𧖴
ocxtmm	𧖵
ocufxt	𧖶
ocxtrf	𧖷
ocjsxt	𧖸
ocxtui	𧖹
ocxtho	𧖻
ocxtjq	𧖼
ocmkxt	𧖽
ocxthj	𧖾
ocxtug	𧖿
ocxtuf	𧗀
ocxtsi	𧗂
ocxtmz	𧗅
ocxtru	𧗈
ocpuxt	𧗉
ocxtcj	𧗋
ocgdxt	𧗍
ocxtgv	𧗏
ocxtgj	𧗐
ocjixt	𧗒
ocjixt	𧗓
ocxtjy	𧗔
ocyjxt	𧗖
ocxtbi	𧗗
ocgjxt	𧗜
ocxkjq	𧗝
ocxkrf	𧗞
ocxkrf	𧗟
ocxkbk	𧗠
ocxkyz	𧗢
ocxkuj	𧗣
ocxkqm	𧗤
ocxktu	𧗥
ocxkkd	𧗦
ocxkri	𧗧
ocxkji	𧗨
ocbuxk	𧗩
ocxkvg	𧗪
ocxkgl	𧗯
ocxkjm	𧗰
ocxkmi	𧗱
ocxkyj	𧗳
ocxkys	𧗴
ocxkxb	𧗶
ocxkqq	𧗷
ocxkyb	𧗹
ocxklv	𧗿
ocxkic	𧘀
ocxkts	𧘂
ocxkmd	𧘃
ocxkmd	𧘅
ocppln	𧘈
ocyikl	𧘉
ocyiji	𧘊
ocppba	𧘋
ocppnd	𧘌
ocppgs	𧘍
ocyikv	𧘎
ocppgs	𧘏
ocppto	𧘐
ocppuc	𧘑
ocppvh	𧘓
ocppxx	𧘔
ocppuh	𧘕
ockzyi	𧘗
ocyiyu	𧘘
ocppkv	𧘚
ocppqm	𧘜
ocyimc	𧘝
ocppdz	𧘞
ocppfu	𧘟
ocyiff	𧘠
ocppuc	𧘡
ocpphu	𧘢
ocppuu	𧘣
ocppgz	𧘤
ocppiz	𧘥
ocyiwh	𧘦
ocyidn	𧘨
ocfhyi	𧘩
ocppya	𧘪
ocyicc	𧘫
ocppcc	𧘬
ocyijb	𧘭
ocyixs	𧘮
ocyiyt	𧘯
ocppbn	𧘰
ocppbi	𧘱
ocppvi	𧘲
ocfuyi	𧘴
ocppwf	𧘶
ocppvx	𧘷
ocppty	𧘸
ocpptd	𧘹
ocppfg	𧘺
ocppjb	𧘻
ocnuyi	𧘽
ocppvg	𧘿
ocppli	𧙀
occiyi	𧙁
ocppfu	𧙂
ocyike	𧙃
ocppbf	𧙄
ocpppo	𧙅
ocppgx	𧙆
ocppsi	𧙈
ocyiiu	𧙉
ocppvi	𧙋
ocyibc	𧙌
ocuiyi	𧙍
ocyiju	𧙎
ocyiyz	𧙏
ocbfyi	𧙐
ockeyi	𧙑
ocppva	𧙓
ocppug	𧙔
ocppww	𧙕
ocppgu	𧙖
ocppyz	𧙗
ocbcyi	𧙘
ocuiyi	𧙙
ocyiys	𧙚
ocppbu	𧙛
ocbkyi	𧙜
ocppii	𧙝
ocppci	𧙞
ocppyi	𧙟
ocppuu	𧙠
ocppyi	𧙡
ocppui	𧙢
ocppyi	𧙣
ocppts	𧙥
ocppkd	𧙧
ocrfyi	𧙨
ocyilp	𧙩
ocyihv	𧙪
ocpper	𧙫
ocjryi	𧙯
ocppkc	𧙲
ocheyi	𧙳
ocyuyi	𧙶
ocpplp	𧙷
ocppxl	𧙹
ocpphz	𧙺
ocppyu	𧙻
ocppis	𧙽
ocppyi	𧙿
ocppmw	𧚀
ocppwj	𧚁
ocppns	𧚂
ocppxi	𧚃
ocppwo	𧚄
ocppll	𧚅
ocppbo	𧚆
ocppmm	𧚇
ocppji	𧚈
ocppqy	𧚉
ocppfg	𧚋
ocyivl	𧚌
ocyiqq	𧚍
ocppuu	𧚏
ocmuyi	𧚒
ocppys	𧚔
ocppzu	𧚖
ocppxq	𧚘
ocppzo	𧚙
ocyijs	𧚞
ocppww	𧚟
ocnsyi	𧚠
ocliyi	𧚣
ocyiii	𧚤
ocppqu	𧚥
ocppjp	𧚨
ocppqp	𧚪
ocppqk	𧚫
ocppks	𧚬
ocppbk	𧚭
ocppvv	𧚮
ocppuz	𧚯
ocyivo	𧚰
ocppvi	𧚳
ocppsv	𧚴
ocppjp	𧚻
ocyibi	𧚽
ocquyi	𧚿
oclbyi	𧛀
ocppgu	𧛂
ocppda	𧛆
ocppih	𧛇
ocpply	𧛈
ocyimw	𧛉
ocppxi	𧛊
ocppnm	𧛋
ocpplk	𧛎
ocppzi	𧛏
ocppwu	𧛐
ocppdu	𧛔
ocppmc	𧛕
ocppui	𧛖
ocpptu	𧛗
ocppji	𧛘
ocppww	𧛚
ocfgyi	𧛜
ocpphu	𧛞
ocppxk	𧛟
ocppxm	𧛡
ocppvi	𧛢
ocxxyi	𧛣
ocuhyi	𧛨
ocppgz	𧛩
ocyihu	𧛫
ocppro	𧛭
ocppnd	𧛮
ocqmyi	𧛯
ocppmw	𧛰
ocbcyi	𧛱
ocppzd	𧛷
ocppiu	𧛸
ocppwg	𧛹
ocppso	𧛻
ocppue	𧛼
ocpphe	𧛾
ocppmk	𧜀
ocppua	𧜁
ocppui	𧜂
ocppqi	𧜃
ocpphd	𧜅
ocgcyi	𧜉
ociiyi	𧜌
ocppmh	𧜒
ocppgu	𧜓
ocppxp	𧜔
ocppxn	𧜕
ocppvf	𧜖
ocppma	𧜗
ocppyr	𧜘
ocppgs	𧜙
ocqiyi	𧜚
ocpplh	𧜛
ocppmj	𧜞
ocuhyi	𧜟
ocpplv	𧜠
ocppgd	𧜡
ocppnn	𧜣
ocppuu	𧜥
ocppsu	𧜦
ocppis	𧜧
ocyilu	𧜫
ocppuu	𧜭
ocppqu	𧜱
ocppji	𧜳
ocppgv	𧜴
ocppdd	𧜵
ocppjm	𧜶
ocppcd	𧜹
ocppbn	𧜺
ocdsyi	𧜻
ocppxr	𧜽
ocpphe	𧝂
ocppfw	𧝇
ocppjn	𧝈
ocppdy	𧝋
ocppsv	𧝍
ocppts	𧝎
ocpphl	𧝒
ocpptj	𧝓
ocppxu	𧝔
ocyiww	𧝕
ocwwyi	𧝖
ocdyyi	𧝗
ocppve	𧝙
ockvyi	𧝛
ocppln	𧝜
ocppld	𧝝
ocppji	𧝞
ocihyi	𧝟
ocppsj	𧝠
ocppda	𧝡
ocppsi	𧝤
ocppvc	𧝨
ocppxy	𧝩
ocbiyi	𧝬
ocppjn	𧝳
ocppdu	𧝴
ocppye	𧝵
ocppge	𧝶
ochvyi	𧝷
ocppys	𧝸
ocpppn	𧝼
ocppxp	𧝽
ocppjl	𧝿
ocppuu	𧞀
ocpppi	𧞃
ocppyt	𧞄
ocppda	𧞅
ocppxl	𧞆
ocppai	𧞇
ocnryi	𧞈
ocppjp	𧞊
ocpplm	𧞋
ocppca	𧞍
ocppyu	𧞏
ocguyi	𧞒
ocppqi	𧞓
ocppdr	𧞖
ocvfyi	𧞙
ocppjp	𧞛
ocppxs	𧞞
ocppyj	𧞣
ocppho	𧞤
ocyito	𧞥
ocppou	𧞨
ocppuu	𧞫
ocyidn	𧞴
ocppwj	𧞵
ocppdu	𧞶
ocppyi	𧞸
ocppii	𧞽
ocppmo	𧞾
ocppli	𧞿
ocppvj	𧟀
ocppxl	𧟄
ocppyj	𧟆
ocpply	𧟇
ocpplj	𧟋
ocpplo	𧟌
ocppqm	𧟑
ocppyj	𧟓
ocppnh	𧟘
ocpplk	𧟙
ocxihg	𧟠
ocxihg	𧟡
ocvexi	𧟢
ocxiji	𧟣
ocxicc	𧟤
ocxicc	𧟥
ocxiqi	𧟦
ocxitd	𧟧
ocxiug	𧟨
ocxiyt	𧟩
ocxiyu	𧟪
ocxike	𧟫
ocxiqq	𧟬
ocwuyc	𧟰
ocxifu	𧟱
ocxijb	𧟴
ocxifu	𧟵
ocxibd	𧟸
ocxivo	𧟻
ocxing	𧟽
ocxihx	𧠁
ocfuyi	𧠅
oczier	𧠆
ocyzjm	𧠈
ocyejm	𧠉
ocjmcc	𧠋
ocjmcc	𧠌
ocfujm	𧠎
oceejm	𧠏
ocjmyu	𧠐
ocjmmc	𧠑
ocrfjm	𧠒
ocycjm	𧠔
ocjmdz	𧠕
ocjmya	𧠖
ocjmri	𧠗
ocjmvx	𧠘
ocvxjm	𧠙
ocffjm	𧠚
ocvijm	𧠛
octdjm	𧠜
ocvfjm	𧠝
ocdijm	𧠟
ocmbjm	𧠠
ocqpjm	𧠢
ocpijm	𧠣
ocfujm	𧠤
ocjmmu	𧠦
ocysjm	𧠧
ocpdjm	𧠨
ocgsjm	𧠩
ocvijm	𧠫
ocjmjn	𧠭
ocjijm	𧠯
ochljm	𧠰
ochvjm	𧠲
ocjmsi	𧠴
occijm	𧠵
ocyzjm	𧠶
ocjnjm	𧠷
ocgvjm	𧠹
ocxmjm	𧠺
ocjmyj	𧠻
ocgcjm	𧠼
ocfujm	𧠾
ocdzjm	𧡀
ochsjm	𧡃
ocjmui	𧡄
ocjmnj	𧡇
ocigjm	𧡈
octijm	𧡊
ocjmjm	𧡌
ocdsjm	𧡍
ocerjm	𧡎
ocvojm	𧡏
ocvijm	𧡐
ocjmpd	𧡒
ocuzjm	𧡓
ocjmuu	𧡕
ocvvjm	𧡖
ocvijm	𧡚
ocldjm	𧡛
ocmkjm	𧡜
ocjmdm	𧡝
ocjxjm	𧡞
ocbkjm	𧡟
ocjyjm	𧡡
ocxrjm	𧡢
ocqqjm	𧡣
ocbmjm	𧡤
ocxljm	𧡥
ocuijm	𧡨
ocyrjm	𧡩
ocufjm	𧡪
ocgvjm	𧡫
ocjmui	𧡭
ocxljm	𧡮
ocuijm	𧡰
ocybjm	𧡱
ociyjm	𧡲
ocjmjm	𧡴
ocdajm	𧡵
ocxkjm	𧡶
ocjmyc	𧡷
ocqijm	𧡺
ocsujm	𧢀
ocjmru	𧢁
oclzjm	𧢃
ocpnjm	𧢄
ocisjm	𧢆
ocxijm	𧢇
ocwfjm	𧢈
ocjmyu	𧢊
ocbijm	𧢍
oczgjm	𧢐
ocjmjm	𧢑
ocwwjm	𧢒
ocwwjm	𧢓
ocfjjm	𧢜
ocwjjm	𧢝
ociijm	𧢟
ocjmvg	𧢡
oclyjm	𧢢
ocjmww	𧢤
ocgvjm	𧢦
ocqujm	𧢩
ocgvjm	𧢫
ocjtjm	𧢭
oclkjt	𧢱
ocjnve	𧢳
ocjndk	𧢴
ocjnqn	𧢵
ocjnbi	𧢶
ocjnia	𧢷
ocjngs	𧢸
ocjnjb	𧢹
ocjngs	𧢺
ocjnnq	𧢻
ocpjjn	𧢼
ocjnhx	𧢽
ocjnji	𧢾
ocjnfu	𧢿
ocjnpu	𧣀
ocjnyb	𧣁
ocjnee	𧣂
ocjnba	𧣃
ocjnvi	𧣄
ocbijn	𧣅
ocvijn	𧣆
ocjnuu	𧣇
ocjnnq	𧣈
ocpmjn	𧣉
ocjnjb	𧣊
ocjnjp	𧣋
ochojn	𧣌
ocjnrs	𧣍
ocjnyy	𧣏
ocjnya	𧣐
ocjngj	𧣑
ocjnju	𧣒
ocjnvu	𧣓
ocjnui	𧣔
ocjnqq	𧣕
ocjnta	𧣖
ocjngu	𧣗
ocjnxr	𧣙
ocjnsi	𧣛
ocjnqq	𧣜
ocjnva	𧣝
ocjnqp	𧣞
ocjnvg	𧣠
ocdojn	𧣡
ocjngf	𧣢
ocjndo	𧣣
ocjnjn	𧣦
ocjnyi	𧣧
ocjnif	𧣨
ocjnxi	𧣩
ocjnxn	𧣪
ocjnzu	𧣫
ocjnvi	𧣭
ocjnyz	𧣮
ocvejn	𧣯
ocjngg	𧣲
ocjngu	𧣳
ocjnly	𧣵
ocjnvz	𧣷
ocjnvo	𧣸
ocjnyj	𧣹
ocjnvo	𧣺
ocjnju	𧣻
ocjnho	𧣼
ocjnvv	𧣽
ocjnhu	𧣾
ocjnjk	𧤀
ocjnlk	𧤁
oclkjn	𧤂
ocjnbi	𧤃
ochojn	𧤅
ocjnmi	𧤆
ocvijn	𧤊
ocjndi	𧤍
ocjnxr	𧤎
ocjngo	𧤐
ocjnge	𧤒
ocjnqq	𧤕
ocjnww	𧤖
ocjndr	𧤗
ocuijn	𧤘
ocqqjn	𧤙
ocjnqb	𧤛
ocjnge	𧤜
ocjnph	𧤞
ocjnqi	𧤟
ocjnjp	𧤠
ocjnvi	𧤡
ocjncc	𧤣
ocjnjy	𧤤
ocjnqm	𧤥
ocjnyj	𧤨
ocbajp	𧤭
ocjngo	𧤯
ocjnuf	𧤱
ocjnjm	𧤵
octvjn	𧤹
ocjnue	𧤺
ocjnhx	𧤻
ocjnjt	𧤼
ocjnxm	𧤽
ocjpxl	𧥁
ocjndv	𧥃
ocjnji	𧥄
ocjnww	𧥇
ocjnjm	𧥈
ocjnhc	𧥉
ocjnvd	𧥋
ocjngl	𧥌
ocjnyh	𧥐
ocbaiu	𧥔
ocjnli	𧥖
ocveyj	𧥝
ocyjuu	𧥞
ocyjve	𧥟
ocjqyj	𧥠
ocviyj	𧥡
ocdayj	𧥢
ocyjkz	𧥣
ocyjui	𧥤
ociryj	𧥥
ocyjyu	𧥦
ocxiyj	𧥧
ocyjyz	𧥩
ocyjhu	𧥮
ocyjrg	𧥰
ocyjfu	𧥱
ocwuyj	𧥲
ocyjmc	𧥴
ocyjri	𧥵
ocyjwh	𧥶
ocyjqi	𧥷
ocyjnq	𧥸
ocyjfg	𧥹
ocyjyy	𧥺
ocyjyy	𧥼
ocyjge	𧥾
ocuvyj	𧥿
ocyjyu	𧦃
ocyjui	𧦄
ocyjqu	𧦅
ocyjhu	𧦈
ocyjgd	𧦉
ocriyj	𧦊
ocyjuv	𧦋
ocyjuz	𧦌
ocyjwu	𧦍
ocyjvx	𧦐
ocyjkh	𧦑
ocyjpm	𧦓
ocjiyj	𧦔
ocjiyj	𧦕
ocytyj	𧦗
ocyjhu	𧦝
ocyjbu	𧦞
ocyjfj	𧦟
ocyjee	𧦠
ocyjhc	𧦢
ocyjjx	𧦤
ocmuyj	𧦥
ocyjrj	𧦦
ocyjwd	𧦨
ocgsyj	𧦪
ocyjkz	𧦫
ocyjta	𧦭
ocyjli	𧦰
ocxtyj	𧦱
ocjxyj	𧦲
ocyjui	𧦳
ocdgyj	𧦴
ocyjtm	𧦵
ocyjbf	𧦹
ocyjqq	𧦺
ocyjgx	𧦼
ocyjer	𧦽
ocyjbk	𧦿
ocyjwa	𧧀
ocwjyj	𧧁
ocifyj	𧧃
ocyjwh	𧧄
ocyjli	𧧅
ocyjdv	𧧆
ocyjsi	𧧈
ocyjlp	𧧋
ocyjxi	𧧍
ocruyj	𧧏
ocyjxu	𧧐
ocijyj	𧧑
ocyjci	𧧒
ocyjxt	𧧓
ocyjvz	𧧔
ocyjzi	𧧕
ocyjjq	𧧖
ocyjse	𧧘
ocyjwh	𧧜
ocyjhl	𧧢
ocyjgr	𧧤
ocyjqu	𧧥
ocyjxl	𧧦
ocwhyj	𧧧
ocyjdo	𧧨
ocyjyi	𧧩
ocyjyu	𧧪
ocyjjl	𧧭
ocyjgl	𧧯
ocyjif	𧧰
ocyjjx	𧧵
ocyjyu	𧧶
ocyjqq	𧧷
ocyjbp	𧧸
ocyjzo	𧧻
ocyjfg	𧧽
ocyjbw	𧧾
ocyjzo	𧨀
ocyhyj	𧨁
ocyjhe	𧨂
ocyjii	𧨃
ocyjlq	𧨆
ocwuyj	𧨈
ocyjwj	𧨎
ocyjhg	𧨑
ocyjgg	𧨒
ocyjmh	𧨔
ocyjmm	𧨕
ocyjjn	𧨖
ocyjxk	𧨘
ocyjyr	𧨜
ocyjjs	𧨝
ocyjyj	𧨟
ocyjjy	𧨡
ocyjtm	𧨩
ocyjbi	𧨬
ocyjfu	𧨮
ocyjvi	𧨰
ocyjdi	𧨱
ocuhyj	𧨲
ocyjvo	𧨳
ocyjui	𧨴
ocyjkf	𧨷
ocyjdm	𧨸
ocyjlu	𧨹
ocgsyj	𧨻
ocyjfu	𧨽
ocyjii	𧩀
ocyjli	𧩈
ocyjgg	𧩉
oclbyj	𧩋
ocyjmg	𧩌
ocyjyi	𧩎
ocyjhu	𧩓
ocyjqp	𧩕
ocquyj	𧩞
ocyjuh	𧩡
ocyjmm	𧩤
ocyjji	𧩦
ocyjdu	𧩧
ocyjhz	𧩨
ocyjye	𧩬
ocyjpk	𧩱
ocyjci	𧩲
ocyjqi	𧩶
ocyjyr	𧩷
ocyjui	𧩹
ocyjhf	𧩺
ocyjzz	𧩻
ocyjvi	𧩼
ocyjyi	𧪁
ocyjxb	𧪄
ocyjnu	𧪅
ocyjke	𧪆
ocyjda	𧪇
ocyjqm	𧪈
ocyjdm	𧪊
ocyjwf	𧪍
ocyjsv	𧪎
ocyjww	𧪏
ocyjpk	𧪐
ocyjxl	𧪑
ocyjqr	𧪒
ocyjyu	𧪓
ocyjxx	𧪕
ocyjia	𧪘
ocyjqi	𧪚
ocyjwu	𧪛
ocyjuo	𧪜
ocyjig	𧪝
ocyjhe	𧪞
ocyjji	𧪠
ocyjqi	𧪡
ocyjqi	𧪢
ocyjvg	𧪣
ocyjma	𧪨
ocyjxi	𧪩
ocyjah	𧪪
ocyjlq	𧪭
ociayj	𧪰
ocyjvv	𧪲
ocgvyj	𧪵
ocyjzd	𧪹
ocyjyr	𧪼
ocyjjb	𧪽
ocyjsy	𧪾
ocyjyr	𧫁
ocgsyj	𧫃
ocyjbn	𧫄
ocyjdh	𧫆
ocyuyj	𧫊
ocuoyj	𧫋
ocyjzi	𧫎
ocgvyj	𧫏
ocyjlu	𧫓
ocyjji	𧫕
ocyjlw	𧫖
ocyjul	𧫗
ocyjjk	𧫙
ocyjdd	𧫚
ocyjyh	𧫛
ocjiyj	𧫜
ocyjji	𧫠
ocyjvi	𧫡
ocyjwh	𧫢
ociiyj	𧫣
ocyjbi	𧫤
ocyjan	𧫥
ocyjmj	𧫩
ocyjvh	𧫱
ocyjqi	𧫳
ocyjly	𧫶
ocvjlk	𧫹
ocyjdc	𧫺
ocyjsu	𧫻
ocyjma	𧫼
ocyjjq	𧫾
ocyjxy	𧫿
ocyjhe	𧬂
ocyjtu	𧬅
ocyjuj	𧬆
ocyjyi	𧬇
ocsiyj	𧬊
ocyjfa	𧬋
ocyjmh	𧬏
ocyjgu	𧬕
ocyjjm	𧬘
ocyjfu	𧬙
ocyjxl	𧬛
ocyjsi	𧬜
ocyjyy	𧬞
ocyjuu	𧬠
ocyjts	𧬤
ocyjdz	𧬥
ocvgvg	𧬦
ocyjkv	𧬧
ocyjsv	𧬨
ocyjyy	𧬪
ocyjjm	𧬫
ocyjye	𧬬
ocxlyj	𧬰
ocyjjr	𧬸
ocyjdi	𧬺
ocyjda	𧬻
ocyjug	𧬼
ocyjca	𧭂
ocyjic	𧭄
ocyjnk	𧭈
ocyjer	𧭉
ocyjmg	𧭊
ocyjju	𧭍
ocyjpu	𧭎
ocyjtd	𧭏
ocyiyj	𧭐
ocyjjm	𧭗
ocyjuo	𧭚
ocyjlv	𧭜
ocyjcd	𧭝
ocyjii	𧭟
ocyjxp	𧭠
ocyjwj	𧭡
ocyjuh	𧭢
ocyjgo	𧭣
ocyjbc	𧭤
ocyjle	𧭥
ocyjve	𧭧
ocyjgl	𧭰
ocyjqm	𧭱
ocyjmw	𧭵
ocyjlu	𧭷
ocpbyj	𧭹
ocyjqb	𧭼
ocyjhd	𧮅
ocyjyk	𧮆
ocyjmd	𧮇
ocyjjm	𧮈
ocybyj	𧮐
ocyjil	𧮕
ocyjli	𧮛
ocbbyj	𧮝
ocyjjt	𧮞
ocyjlw	𧮢
ocyjlj	𧮤
ocyjvj	𧮪
ocguxy	𧮬
ocguwj	𧮭
ocguqm	𧮮
ocgsgu	𧮯
ocgujb	𧮰
ocguff	𧮱
ocgugj	𧮳
ocgugu	𧮴
ocguhe	𧮵
ocguhz	𧮶
ocguvz	𧮻
ocguhu	𧮽
ocguue	𧮿
ocguyk	𧯀
ocguhz	𧯁
ocguxm	𧯃
ocxlgu	𧯄
ocguxl	𧯅
ocguhd	𧯆
ocrsgu	𧯉
ocgulc	𧯍
ocguxm	𧯎
ocgujm	𧯑
ocguzg	𧯒
ocgurv	𧯕
ocgukj	𧯘
ocgulk	𧯙
ocbadz	𧯚
occcdz	𧯛
ocbcdz	𧯜
ocdzto	𧯝
ocdzjb	𧯞
ocfudz	𧯟
ocdzju	𧯠
ocwjdz	𧯡
ocigdz	𧯢
ocdzva	𧯤
ocjrdz	𧯦
ocdzdo	𧯨
ocdzzu	𧯩
ocdzdi	𧯪
ocdgdk	𧯫
ocdzjk	𧯬
ocdzqi	𧯯
ocdzho	𧯱
ocdzld	𧯲
ocwjdz	𧯳
oclbdz	𧯴
ocdzfg	𧯵
ocqike	𧯶
ocyiuu	𧯸
ocybdz	𧯹
ocjnqi	𧯺
ocdzlz	𧰃
ocxlqi	𧰄
ocdzbi	𧰆
ocwudz	𧰈
ocdzln	𧰉
ocdzlc	𧰎
ocdzdg	𧰐
ochcdz	𧰑
oclbdg	𧰔
ocdznk	𧰗
ocqiji	𧰙
ocyidc	𧰝
ocgvdg	𧰥
ocyiui	𧰦
ocuidk	𧰩
ocgjui	𧰪
ocuijq	𧰫
ochgsv	𧰬
ocriui	𧰮
ocuigs	𧰯
ocuiyz	𧰰
ochuui	𧰲
ocuigz	𧰴
ocuikl	𧰶
ocuimu	𧰷
ocuipi	𧰸
ocuiiu	𧰹
ocuilk	𧰻
ocaoui	𧰽
ocuiai	𧰿
ocuixm	𧱀
ocuits	𧱁
ocuigf	𧱂
ocaoui	𧱃
ocuiyi	𧱅
ocuiyu	𧱇
ocuihv	𧱉
ocuiss	𧱍
ocuiww	𧱎
ocxbui	𧱏
ocuixn	𧱐
ocuivu	𧱑
ocuils	𧱓
ocuiyi	𧱕
ocuiqp	𧱙
ocuijm	𧱚
ocuiqu	𧱛
ocuily	𧱜
ocvoui	𧱝
ocuiky	𧱟
ocuiks	𧱡
ocuiww	𧱨
ocuibm	𧱩
ocuizz	𧱪
ocuiyu	𧱬
ocuiyj	𧱱
ocuiqi	𧱲
ocuimk	𧱴
ocuith	𧱵
ocuivr	𧱹
ocuiyi	𧱺
ocuimi	𧱻
ocuimj	𧱼
ocuiys	𧱿
ocuiqm	𧲀
ocuilb	𧲂
ocuimb	𧲃
ocuiww	𧲄
ocuizg	𧲅
ocuigv	𧲆
ocuipi	𧲉
ocuimg	𧲍
ocmgui	𧲎
ocuibc	𧲐
ocwwui	𧲔
ocuils	𧲖
ocyjui	𧲛
ocpixl	𧲜
ocwwty	𧲝
ocvive	𧲠
ocvili	𧲡
ocvito	𧲢
ocvicy	𧲣
ocvinq	𧲤
ocviri	𧲥
ocviyr	𧲦
ocviba	𧲧
ocvikd	𧲨
ocviyt	𧲩
ocvikh	𧲪
ocviji	𧲫
ocviui	𧲬
ocvizo	𧲭
ocviva	𧲮
ocviba	𧲯
ocviqq	𧲰
ocviyh	𧲱
ocvigx	𧲲
ocvixs	𧲳
ocvids	𧲴
ocviug	𧲵
ocviuu	𧲷
ocvivj	𧲸
ocviyz	𧲹
ocvipk	𧲺
ocvivi	𧲻
ocvibc	𧲼
ocviju	𧲽
ocvihz	𧲿
ocvido	𧳁
ocvifu	𧳂
ocviis	𧳃
ocvixb	𧳄
ocvili	𧳅
ocvits	𧳆
ocvihe	𧳇
ocvijq	𧳈
ocvibk	𧳉
ocvijn	𧳊
ocvidi	𧳋
ocvitu	𧳌
ocvixn	𧳍
ocviwu	𧳎
ocvifz	𧳏
ocvixi	𧳐
ocvils	𧳑
ocvibw	𧳒
ocvill	𧳓
ocvild	𧳕
ocvihj	𧳘
ocvili	𧳙
ocvizu	𧳚
ocviqp	𧳛
ocvivz	𧳜
ocvivo	𧳝
ocvivv	𧳞
ocvild	𧳟
ocvibi	𧳠
ocviui	𧳡
ocviky	𧳢
ocvids	𧳣
ocviii	𧳤
ocvicd	𧳥
ocvijp	𧳧
ocvirz	𧳨
ocvitr	𧳩
ocviww	𧳪
ocviqq	𧳫
ocvimw	𧳬
ocviyr	𧳭
ocvivs	𧳮
ocvive	𧳯
ocvijy	𧳰
ocvivr	𧳵
ocvisz	𧳶
ocviyr	𧳷
ocvigu	𧳸
ocviiu	𧳹
ocvilq	𧳽
ocvili	𧴁
ocvifg	𧴂
ocvivj	𧴃
ocviys	𧴄
ocviul	𧴅
ocvixu	𧴆
ocvijk	𧴈
ocvihr	𧴊
ocvipn	𧴋
ocvibf	𧴍
ocviqb	𧴐
ocviww	𧴑
ocviyi	𧴒
ocvihw	𧴔
ocvirv	𧴕
ocvisv	𧴖
ocviys	𧴗
ocvihv	𧴚
ocvijp	𧴛
ocvizc	𧴜
ocvimj	𧴝
ocvipg	𧴟
ocvili	𧴠
ocvild	𧴡
ocviyj	𧴣
ocbwbu	𧴤
oclibw	𧴥
ocqibw	𧴦
ocbwli	𧴧
ocwfbw	𧴨
ocbwba	𧴩
ocxnbw	𧴪
ocbwcy	𧴫
ocbwrf	𧴬
ocujbw	𧴭
ocyibw	𧴮
ocbwzi	𧴯
ocbwyi	𧴰
ocbwnv	𧴱
ocirbw	𧴲
ocyybw	𧴳
ocribw	𧴴
ocbwyb	𧴸
ocgsbw	𧴹
ocwfbw	𧴻
ocbwdz	𧴼
ocbwwh	𧴽
ociibw	𧴾
ocmubw	𧴿
ocbwuc	𧵁
ocbwyt	𧵂
ocbwuz	𧵃
ocbwui	𧵄
ocbwba	𧵅
ocbwjb	𧵆
ocbwgz	𧵈
ocbwer	𧵉
ocbwgj	𧵊
ocbwui	𧵋
ocbwyh	𧵌
ocwjbw	𧵍
ocgubw	𧵎
ocwdbw	𧵏
ocbwgu	𧵑
ocnkbw	𧵒
ocbwvc	𧵓
ocuibw	𧵔
ocysbw	𧵕
ocbwww	𧵖
octmbw	𧵗
ocbwrj	𧵘
ocbwvi	𧵙
ocbwke	𧵛
ocbwyt	𧵝
ocbwgx	𧵟
ociubw	𧵠
ocbwce	𧵡
ocbwbc	𧵢
ocbwxy	𧵣
ocbwuz	𧵤
ocbwww	𧵥
ocbwgl	𧵦
ocbwan	𧵨
occibw	𧵩
ocbwpd	𧵬
ockdbw	𧵭
oclwbw	𧵱
ocsibw	𧵲
ocbwyu	𧵴
ocbwmi	𧵵
ocbwmd	𧵷
ocbwvu	𧵺
ocbwui	𧵻
ocvibw	𧵼
ocwhbw	𧵽
ocuzbw	𧵿
ocyryy	𧶀
ocyubw	𧶁
ocbwuu	𧶂
ocyuvf	𧶃
ocbwvg	𧶄
ocbwmw	𧶅
ocbwlb	𧶆
ocbwve	𧶇
ocbwxn	𧶈
ocwjbw	𧶉
ocyryy	𧶊
ocbuyr	𧶏
ocbwig	𧶔
ocbwwo	𧶕
ocbwxi	𧶖
ocbwhj	𧶗
ocjxbw	𧶘
ocbwfu	𧶙
ocbwld	𧶛
ocbwue	𧶟
ocmibw	𧶡
ocbwih	𧶧
ocllbw	𧶪
ocbwbn	𧶫
ocbwda	𧶬
ocbwbf	𧶭
ocbwgu	𧶮
ocbwgs	𧶯
ocbwyu	𧶰
ocbwdd	𧶱
ocbwdr	𧶲
ocbwxu	𧶳
ocbwdu	𧶴
ocmdfj	𧶶
ocvgze	𧶷
ocbwvf	𧶸
ocbwtk	𧶺
ocmcbw	𧶻
ocbwyh	𧶽
ocbwmw	𧶾
ocbwuf	𧶿
ocrvba	𧷁
ocbwqq	𧷂
ocbwdr	𧷃
ocbwui	𧷆
ocycbw	𧷋
ocmibw	𧷍
ocffbf	𧷐
ocbwvf	𧷒
ociumd	𧷓
ocbwuj	𧷘
ocbwgv	𧷛
ocbwwg	𧷜
ocivyr	𧷝
ocffbb	𧷟
ocbnbw	𧷠
ocbwlz	𧷡
ocbwic	𧷣
ocbwmi	𧷦
ocwwgv	𧷪
ocbwjr	𧷬
ocuhbw	𧷮
ocyrpz	𧷯
ocbwlw	𧷳
ocbwmo	𧷸
ocbwzc	𧷹
ocyrly	𧷺
ocbwyj	𧷼
ocbwdz	𧷿
ocbibw	𧸁
ocbwgj	𧸂
ocbwgv	𧸃
ocbwcd	𧸄
ocbibb	𧸈
ocbwts	𧸌
ocbwlb	𧸍
ocbwmd	𧸏
ocbwer	𧸐
oczgbw	𧸑
ocdrbw	𧸒
ocbwve	𧸓
ocbwbb	𧸔
ocbwlm	𧸖
ocbwsv	𧸗
ocbwqm	𧸘
ocbwsv	𧸙
ocbwlu	𧸚
ocbwlm	𧸜
ocmdbj	𧸝
ocbwyi	𧸡
ocbwye	𧸢
ocbwhv	𧸤
ocbwjm	𧸦
ocyubw	𧸧
ocxybw	𧸬
ocbwvd	𧸭
ocbwww	𧸮
ocuigv	𧸯
ocbwqk	𧸰
ocbwwj	𧸱
ocbwvi	𧸲
ocbwln	𧸴
ocmdlr	𧸷
ocxpbw	𧸹
ocbwqs	𧸺
ocbwgl	𧸼
ocbwyi	𧸽
ocbwxp	𧸿
ocbwxn	𧹀
ocycpb	𧹅
ocbwly	𧹊
ocddww	𧹋
ocyivi	𧹌
ocglzj	𧹍
ocbwzj	𧹏
ocbwlo	𧹐
ocbwww	𧹑
ocsibw	𧹒
ocbwig	𧹓
ocbwih	𧹔
ocbwju	𧹕
ocbwdm	𧹖
ocbwhr	𧹗
ociidk	𧹙
ocdkii	𧹚
ociivi	𧹛
ociiji	𧹜
ociids	𧹝
ociipi	𧹞
ociita	𧹟
ociibd	𧹡
ociiyb	𧹢
ociihj	𧹣
ociizu	𧹤
ociidu	𧹥
ociijm	𧹦
ocxiii	𧹨
ociids	𧹩
ociily	𧹪
oclbii	𧹫
ociifu	𧹭
ociidr	𧹮
ociijm	𧹯
ociixl	𧹰
ociiuf	𧹱
ociixu	𧹴
ociiqi	𧹵
ociilw	𧹶
ociiqn	𧹺
ociidu	𧹻
ociidz	𧹼
ocyiii	𧹾
ocyczz	𧺆
oczzve	𧺇
oczzdc	𧺈
oczzyz	𧺉
oczzbi	𧺊
oczzji	𧺋
oczzru	𧺌
oczzba	𧺍
oczzjq	𧺎
oczzye	𧺏
oczzui	𧺑
oczzxx	𧺒
oczzjq	𧺓
oczztu	𧺔
oczzuc	𧺕
oczzjp	𧺖
oczziu	𧺗
oczzcy	𧺘
oczzzi	𧺙
oczzkz	𧺚
oczzqm	𧺛
oczznv	𧺜
oczzri	𧺝
oczzqi	𧺞
oczzyb	𧺟
oczzvi	𧺠
oczzfu	𧺡
oczzuu	𧺢
oczzcs	𧺣
oczzyu	𧺥
oczznm	𧺧
oczzxb	𧺨
oczzho	𧺩
oczzgd	𧺪
oczzii	𧺫
oczznw	𧺬
oczzgs	𧺭
oczzff	𧺮
oczzdz	𧺯
oczzdd	𧺰
oczzge	𧺱
oczzbi	𧺲
oczzhu	𧺳
oczzwu	𧺴
oczzuv	𧺵
oczzuu	𧺶
oczzqu	𧺷
oczzjs	𧺸
oczzju	𧺹
oczzba	𧺺
oczzxr	𧺻
oczzci	𧺼
oczzkz	𧺽
oczzbj	𧺾
oczzui	𧺿
oczzqq	𧻁
oczzmu	𧻃
oczzvu	𧻄
ocjxzz	𧻅
oczzww	𧻇
oczzpk	𧻈
oczzyz	𧻉
oczzug	𧻊
oczzlk	𧻋
oczzvi	𧻍
oczzmb	𧻎
oczzwd	𧻏
oczzyi	𧻑
oczzbk	𧻓
oczzkl	𧻔
oczzci	𧻕
oczzvz	𧻖
oczzxu	𧻗
oczzbd	𧻙
oczzgf	𧻚
oczzxy	𧻛
oczzww	𧻜
oczztk	𧻟
oczzgf	𧻠
oczzhv	𧻢
oczzrz	𧻣
oczzqr	𧻤
oczzxk	𧻥
oczzjn	𧻨
oczzlc	𧻩
oczzrs	𧻪
oczzyi	𧻭
oczzgc	𧻰
oczzqq	𧻱
oczzli	𧻲
oczzfz	𧻳
oczzll	𧻴
oczzjx	𧻵
oczzxi	𧻶
oczzfu	𧻷
oczzve	𧻸
oczzys	𧻹
oczzkl	𧻺
oczuzz	𧻻
oczzis	𧻽
oczzdz	𧻿
oczzbw	𧼀
oczzlb	𧼁
oczzzz	𧼂
oczzdi	𧼃
oczzzo	𧼄
oczzuf	𧼅
oczzxi	𧼆
oczzjm	𧼊
oczzvi	𧼋
ocvizz	𧼌
oczzlk	𧼍
oczzyj	𧼎
oczzxr	𧼏
oczzho	𧼑
oczzds	𧼓
oczzlk	𧼔
oczzci	𧼕
oclbzz	𧼖
oczzqi	𧼘
oczzjr	𧼚
oczzld	𧼛
oczzbu	𧼝
oczzmo	𧼟
oczzbw	𧼠
oczzyc	𧼡
oczzbo	𧼣
oczzdc	𧼤
oczztu	𧼧
oczzhe	𧼨
oczzvs	𧼩
oczzqi	𧼪
oczzww	𧼫
oczzyh	𧼮
oczzyu	𧼯
oczzfu	𧼱
oczzpk	𧼲
oczzdr	𧼴
oczzqr	𧼷
oczzmm	𧼸
oczzvc	𧼹
oczzyu	𧼺
oczzro	𧼼
oczzgo	𧼽
oczzji	𧼾
oczzyt	𧼿
oczzxl	𧽂
oczzye	𧽅
oczzli	𧽆
ocyiqi	𧽇
ocqiyi	𧽈
oczzyj	𧽉
oczzqi	𧽊
oczzwu	𧽋
oczzgu	𧽌
oczzvf	𧽍
oczzyc	𧽎
oczzsz	𧽏
oczzqm	𧽐
oczzji	𧽑
oczziz	𧽒
oczzqb	𧽕
oczzlq	𧽖
oczzlh	𧽗
oczzru	𧽘
oczzma	𧽙
oczzyr	𧽚
oczzyr	𧽛
oczzch	𧽜
oczzgz	𧽝
oczzyj	𧽞
oczzqt	𧽟
oczzcv	𧽠
oczzjm	𧽡
oczzvr	𧽢
oczzvh	𧽣
oczzpn	𧽤
oczzlu	𧽥
oczzdi	𧽦
oczzis	𧽧
oczzmi	𧽨
ocjlzz	𧽩
oczznn	𧽪
oczzvj	𧽯
oczzlw	𧽲
oczzcs	𧽵
oczzww	𧽶
oczzsu	𧽷
oczzjt	𧽸
oczztj	𧽼
oczzln	𧽽
oczzsj	𧽾
oczzts	𧽿
oczzji	𧾂
oczzpu	𧾃
oczzjb	𧾄
oczzdg	𧾊
oczzxy	𧾌
oczzdj	𧾍
oczzqm	𧾏
oczzjn	𧾐
oczzpi	𧾑
oczzvi	𧾒
oczzgj	𧾔
oczzwj	𧾗
oczzww	𧾘
oczzqi	𧾙
oczzyu	𧾚
oczzho	𧾛
oczzyz	𧾤
oczzmd	𧾥
oczzww	𧾦
oczzlv	𧾧
oczzxm	𧾨
oczzls	𧾪
oczzji	𧾯
oczzyi	𧾰
oczzqu	𧾱
oczzlj	𧾲
oczzfg	𧾳
oczzjt	𧾵
ochgzu	𧾸
oczuve	𧾹
ocruzu	𧾺
oczujq	𧾻
oczuli	𧾼
oczuui	𧾽
oczuji	𧾾
oczuln	𧾿
oczudc	𧿀
oczuwu	𧿁
oczugj	𧿂
ocuizu	𧿃
oczuqi	𧿄
oczuxy	𧿅
oczuyi	𧿆
oczuye	𧿇
oczugl	𧿈
oczukv	𧿉
oczuto	𧿌
ochezz	𧿍
oczuqm	𧿐
oczuyi	𧿑
oczuyb	𧿒
oczuiz	𧿔
oczuhx	𧿕
oczuxs	𧿖
oczuug	𧿘
oczuyr	𧿙
oczuff	𧿚
oczucs	𧿛
oczudj	𧿜
oczuxi	𧿝
oczuqm	𧿞
oczuhu	𧿟
oczuqr	𧿡
oczufg	𧿣
oczubu	𧿤
oczubi	𧿥
oczujb	𧿧
oczufj	𧿨
oczujp	𧿩
oczudz	𧿫
oczuty	𧿬
oczuri	𧿭
oczuho	𧿮
oczuyb	𧿯
oczunm	𧿰
oczugs	𧿱
oczuzi	𧿲
oczufu	𧿳
oczumo	𧿴
oczujx	𧿵
oczuyu	𧿷
oczumu	𧿹
oczuiu	𧿺
oczugx	𧿼
oczupo	𧿽
oczubf	𧿾
occizu	𧿿
oczuls	𨀁
ocuizu	𨀂
oczuug	𨀃
oczuwa	𨀄
oczurj	𨀅
oczubw	𨀈
oczunk	𨀉
oczuyy	𨀊
oczuui	𨀋
oczulk	𨀌
oczuys	𨀍
oczuli	𨀎
oczudj	𨀏
oczuds	𨀐
ocwdzu	𨀑
oczubu	𨀒
oczukl	𨀕
oczuhd	𨀖
oczuyh	𨀘
oczuji	𨀙
oczucy	𨀛
oczuts	𨀜
oczuro	𨀝
oczuyu	𨀞
oczuhv	𨀡
oczuqi	𨀣
oczulw	𨀤
oczuci	𨀥
oczuig	𨀧
oczuqu	𨀪
oczuzd	𨀬
oczuqs	𨀯
oczubk	𨀰
oczumd	𨀱
ocquzu	𨀲
oczufa	𨀳
oczuxy	𨀴
oczuvl	𨀵
ocyizu	𨀶
oczumi	𨀷
oczuvd	𨀸
oczujl	𨀹
oczulp	𨀺
oczurs	𨀻
oczulc	𨀼
oczudn	𨀽
oczuru	𨀾
oczujx	𨁂
oczudi	𨁃
oczuhj	𨁄
oczuxb	𨁅
oczuyj	𨁆
oczuty	𨁇
oczugg	𨁈
oczuky	𨁉
oczucf	𨁊
oczudz	𨁋
oczuna	𨁌
oczujm	𨁍
oczuig	𨁎
oczufu	𨁏
oczuqi	𨁐
oczudv	𨁑
oczugc	𨁒
oczuzo	𨁔
oczugu	𨁖
oczutk	𨁗
ociezu	𨁘
oczumm	𨁙
oczuwj	𨁚
ocqqzu	𨁛
oczufu	𨁜
oczubo	𨁝
oczuwo	𨁟
oczuto	𨁡
ocbmzu	𨁢
oczuil	𨁤
ocduzu	𨁥
oczuns	𨁦
oczukl	𨁨
oczuba	𨁩
oczuyz	𨁪
oczuli	𨁫
oczuuf	𨁬
oczumn	𨁭
oczulb	𨁮
oczuii	𨁯
oczuiv	𨁰
oczuww	𨁱
oczuyi	𨁲
oczujm	𨁴
oczufu	𨁵
oczuya	𨁶
oczuvi	𨁷
oczuli	𨁸
oczuyj	𨁹
oczuju	𨁺
oczubf	𨁼
oczude	𨁽
oczuzu	𨂀
oczuyj	𨂁
oczuvi	𨂂
oczupg	𨂃
oczuui	𨂄
oczubi	𨂅
oczuvz	𨂊
oczudk	𨂌
oczuyu	𨂎
oczuld	𨂐
oczuye	𨂒
oczuyu	𨂔
oczulb	𨂕
oczuqi	𨂖
oczugu	𨂗
oczujk	𨂙
oczuhu	𨂜
ocbkzu	𨂝
oczubk	𨂞
oczuye	𨂠
oczuzz	𨂡
ocjizu	𨂢
oczuvi	𨂤
oczuke	𨂥
oczutr	𨂦
oczuyj	𨂪
oczudu	𨂭
oczubm	𨂯
oczuqi	𨂰
oczujy	𨂱
oczupk	𨂲
oczuli	𨂷
oczuhz	𨂸
oczuwj	𨂺
oczuvi	𨂼
oczubg	𨂽
oczunj	𨂾
oczuwd	𨂿
oczujm	𨃀
oczucd	𨃁
oczuxm	𨃂
oczuhe	𨃃
oczuww	𨃄
oczubd	𨃅
oczujl	𨃇
oczuxl	𨃈
oczudd	𨃉
oczudm	𨃊
oczufu	𨃋
oczuii	𨃌
oczutu	𨃍
oczuqb	𨃏
oczutd	𨃐
oczutn	𨃑
oczuia	𨃓
oczunp	𨃔
oczuxu	𨃕
oczuiu	𨃘
oczusu	𨃙
oczutn	𨃜
oczutu	𨃝
ocbjzu	𨃞
oczubj	𨃟
oczuth	𨃠
oczuxi	𨃡
oczuzc	𨃣
oczugc	𨃤
oczujp	𨃥
ocvjzu	𨃨
oczuuj	𨃩
oczuqr	𨃪
ocdczu	𨃫
oczuvv	𨃬
oczuzd	𨃭
oczuui	𨃯
oczujm	𨃰
ocuuzu	𨃲
oczung	𨃳
oczugu	𨃴
oczuvf	𨃵
oczuge	𨃶
oczuvu	𨃷
oczulh	𨃹
oczuna	𨃺
oczulp	𨃻
oczuru	𨃽
oczuig	𨃾
oczudj	𨄁
oczulh	𨄂
oczuvu	𨄃
oczulm	𨄄
oczuqu	𨄅
oczull	𨄈
oczuij	𨄉
oczuji	𨄊
oczuxi	𨄌
oczucv	𨄍
oczuji	𨄎
oczupn	𨄏
oczuzi	𨄐
oczufu	𨄑
oczuic	𨄓
oczuvr	𨄔
oczuzu	𨄕
oczukh	𨄗
oczunn	𨄙
ocjlzu	𨄚
oczulz	𨄜
ocwuzu	𨄝
oczusu	𨄞
ocdvzu	𨄟
oczuxi	𨄠
ocuuzu	𨄡
oczuqm	𨄢
oczumd	𨄣
oczuqt	𨄤
occszu	𨄦
oczuao	𨄨
oczufu	𨄩
ocmazu	𨄬
oczulv	𨄮
ocwwzu	𨄯
oczuvh	𨄰
oczulw	𨄱
oczuhr	𨄲
oczuvi	𨄴
oczudc	𨄵
oczuyh	𨄶
oczuul	𨄷
oczuzc	𨄹
oczudv	𨄺
oczuyb	𨄻
oczuyi	𨄼
oczuxm	𨄽
oczuji	𨄾
oczuvs	𨄿
oczuli	𨅀
oczuli	𨅁
oczuis	𨅃
oczurr	𨅄
occvzu	𨅇
oczulh	𨅉
oczusu	𨅋
oczuww	𨅌
oczujm	𨅍
oczuzv	𨅎
oczulj	𨅏
ocwuzu	𨅐
oczuxu	𨅑
oczuue	𨅓
oczuti	𨅕
oczusj	𨅖
oczubi	𨅗
ocpgzu	𨅘
ocaozu	𨅚
oczuuu	𨅛
oczuda	𨅞
ocqbzu	𨅠
oczubw	𨅥
oczuth	𨅨
oczulj	𨅬
oczutj	𨅭
oczudz	𨅮
oczuhx	𨅯
oczuji	𨅰
ocfjzu	𨅴
oczudv	𨅷
oczudg	𨅸
oczuic	𨅹
oczugj	𨅺
oczujn	𨅻
oczuld	𨅼
oczuxm	𨅽
oczusf	𨅾
oczuyt	𨅿
oczuxm	𨆀
oczudj	𨆁
oczujb	𨆃
oczuiu	𨆄
oczuva	𨆇
oczudh	𨆉
ocguzu	𨆊
oczuyi	𨆋
oczufj	𨆌
oczuge	𨆍
oczuzw	𨆎
oczusv	𨆏
oczuqb	𨆓
oczugo	𨆔
ocxmzu	𨆕
oczulk	𨆖
oczuyt	𨆗
oczuqm	𨆘
oczuse	𨆙
oczudy	𨆛
ocfjzu	𨆜
oczuhv	𨆝
oczuns	𨆞
oczuds	𨆟
oczukv	𨆠
oczuye	𨆡
oczulw	𨆢
oczuwj	𨆣
oczuqy	𨆤
ocsyzu	𨆥
oczubm	𨆩
ocqkzu	𨆪
oczupu	𨆯
oczupu	𨆶
oczudv	𨆷
oczuyr	𨆸
oczula	𨆹
oczupn	𨆺
ocmjzu	𨆻
oczume	𨆽
oczuca	𨆾
oczuge	𨆿
oczuqm	𨇀
oczugl	𨇁
oczuie	𨇂
oczuyz	𨇄
oczubc	𨇅
oczuwj	𨇆
oczulw	𨇒
ocjmzu	𨇓
oczulu	𨇖
oczuli	𨇗
oclszu	𨇘
oczuww	𨇙
oczuyj	𨇟
oczumo	𨇢
oczulj	𨇣
oczuxm	𨇤
oczujm	𨇥
oczuxt	𨇨
oczuqt	𨇮
oczuul	𨇯
oczudr	𨇰
oczubm	𨇱
oczuww	𨇷
oczujt	𨇺
oczumi	𨇻
oczulo	𨇽
oczujm	𨇿
oczudm	𨈀
oczuji	𨈁
oczulj	𨈇
oczuwj	𨈊
oczulm	𨈌
oczulr	𨈎
ocufbu	𨈒
ocufxn	𨈓
ocuffj	𨈔
ocufer	𨈕
ocufkz	𨈖
ockzuf	𨈗
ocufuc	𨈘
ocufpu	𨈙
ocufbi	𨈚
ocufvi	𨈛
ocufdj	𨈝
ocufge	𨈟
ocufyc	𨈠
ocufwf	𨈡
ocufkh	𨈢
ocufyz	𨈣
ocufyr	𨈤
ocufmc	𨈥
ocufyb	𨈧
ocufba	𨈩
ocufvi	𨈪
ocufvu	𨈫
ocufqq	𨈬
ocufrj	𨈭
ocufuf	𨈮
ocufyy	𨈯
ocufgu	𨈰
ocufdj	𨈱
ocufju	𨈳
ocufpi	𨈵
ocufmu	𨈶
ocufta	𨈷
ocufue	𨈸
ocufts	𨈹
ocuflc	𨈺
ocufzi	𨈻
ocufgr	𨈽
ocufbk	𨈾
ocheuf	𨈿
ocufgl	𨉁
ocrfuf	𨉃
ocufse	𨉆
ocuftk	𨉈
ocufdv	𨉋
ocufzu	𨉌
ocufif	𨉎
ocufmm	𨉏
ocufwo	𨉐
ocufig	𨉑
ocufvo	𨉔
ocufli	𨉕
ocmfuf	𨉖
ocufbc	𨉗
ocufjb	𨉘
ocufyj	𨉚
ocufvz	𨉜
ocufwj	𨉝
ocuflk	𨉞
ocufmk	𨉟
ocufbj	𨉠
ocufiv	𨉡
ocufvs	𨉢
ocufxx	𨉣
ocufhl	𨉤
ocufmm	𨉥
ocufgu	𨉦
ocufdr	𨉨
ocufiy	𨉩
ocufhe	𨉪
ocuftk	𨉬
ocufmw	𨉭
ocuflh	𨉰
ocufro	𨉱
ocufgc	𨉲
ocufwg	𨉳
ocufrs	𨉴
ocufgv	𨉵
ocufia	𨉶
ocufrs	𨉷
ocufma	𨉸
ocufgo	𨉹
ocufpb	𨉺
ocufrr	𨉻
ocufee	𨉼
ocufhw	𨊂
ocfjuf	𨊃
ocuffj	𨊄
ocufyc	𨊅
ocufhl	𨊇
ocuftj	𨊈
ocufqn	𨊉
ocufmd	𨊋
ocuflb	𨊌
ocufvj	𨊍
ocufjr	𨊏
ocufgo	𨊐
ocufjl	𨊑
ocufuu	𨊒
ocufnk	𨊓
ocufjm	𨊔
ocufbb	𨊕
ocuflv	𨊖
ocquxb	𨊘
ocuflw	𨊚
ocufli	𨊛
ocufnp	𨊞
ocieee	𨊠
ociedk	𨊡
ociesi	𨊢
ociebu	𨊣
ocierf	𨊤
ociekl	𨊥
ocuiie	𨊦
ociegs	𨊧
ocieuj	𨊨
ocieir	𨊩
ocieiu	𨊫
ociecy	𨊭
ocieyu	𨊮
ocieqi	𨊰
ocieyu	𨊱
ocieji	𨊲
ociexb	𨊳
ociewf	𨊴
ociegz	𨊵
ociers	𨊶
ocieyy	𨊷
ocieyt	𨊸
ocieba	𨊹
ocievi	𨊺
ociekd	𨊻
ocieyb	𨊼
ociefu	𨊽
ociegh	𨊾
ocieiz	𨋀
ocieff	𨋂
ocieji	𨋃
ocieyb	𨋄
ocbiie	𨋅
ociehu	𨋆
ocieuv	𨋈
ocuvie	𨋉
ociewu	𨋊
ocieyu	𨋋
ocieul	𨋌
ocieyy	𨋍
ocieer	𨋎
ociewa	𨋐
ociebm	𨋒
ocieui	𨋓
ocieyu	𨋔
ociemc	𨋕
ociemc	𨋖
ocieni	𨋗
ocieva	𨋘
ocieuf	𨋙
ociegs	𨋝
ociebu	𨋞
ocheie	𨋟
ociuie	𨋡
ocieli	𨋢
ociebk	𨋣
ocielu	𨋤
ociefu	𨋥
ocbdie	𨋧
ociegf	𨋨
ociefu	𨋩
ociejl	𨋪
ocievc	𨋫
ocigie	𨋬
ociese	𨋭
ociexy	𨋮
ocieyi	𨋯
ocieci	𨋰
ociedv	𨋱
ociebk	𨋲
ocieyb	𨋳
ociean	𨋴
ocieci	𨋵
ociejx	𨋸
ociewh	𨋹
ocjqie	𨋺
ocieyh	𨋽
ocieyu	𨋾
ocieer	𨌀
ocievi	𨌁
ociekl	𨌃
ocvlie	𨌄
ocyhie	𨌅
ociehs	𨌆
ocieui	𨌇
ocieuf	𨌈
ocieyr	𨌉
ocieqi	𨌋
ociexb	𨌍
ocieyu	𨌎
ociemd	𨌐
ocieif	𨌑
ociegc	𨌒
ociedv	𨌔
ociujy	𨌗
ocieqy	𨌘
ocielq	𨌙
ocielc	𨌚
ocieuu	𨌛
ocmmie	𨌜
ocieqt	𨌞
ocieil	𨌟
ocielu	𨌠
ociemc	𨌡
ocievg	𨌢
ocierv	𨌣
ocieyj	𨌧
ocieuh	𨌩
ociejr	𨌫
ocievo	𨌬
ocieda	𨌭
ociedi	𨌮
ocieyu	𨌯
ociehy	𨌲
ociekf	𨌳
ocievv	𨌴
ocieyi	𨌵
ociemh	𨌶
ocieyj	𨌹
ocieds	𨌿
ociedc	𨍀
ocieju	𨍄
ocieih	𨍆
ocieke	𨍇
ocieqq	𨍊
ociego	𨍋
ociepk	𨍍
ociedu	𨍏
ociexu	𨍐
ocieyb	𨍑
ocieye	𨍕
ocieqt	𨍖
ociedu	𨍛
ocieuf	𨍜
ociege	𨍝
ocieyk	𨍞
ociemm	𨍠
ociezi	𨍢
ocieuz	𨍣
ocieux	𨍥
ocielz	𨍦
ociehl	𨍧
ociesv	𨍨
ocieph	𨍩
ocieyb	𨍪
ociesu	𨍫
ociejb	𨍬
ocievr	𨍭
ociege	𨍮
ociehe	𨍰
ocieig	𨍱
ocieyc	𨍳
ocieth	𨍴
ociers	𨍷
ocielq	𨍸
ociegv	𨍹
ociegu	𨍾
ociegc	𨎀
ociemk	𨎁
ocieiy	𨎂
ociewg	𨎃
ociema	𨎇
ocieth	𨎋
ocviie	𨎌
ociekh	𨎍
ociego	𨎎
ociexi	𨎒
octhie	𨎖
ociell	𨎛
ociecc	𨎝
ocieao	𨎞
ocielt	𨎟
ocieys	𨎢
ociedg	𨎤
ociehv	𨎥
ociepg	𨎧
ociegv	𨎨
ociehl	𨎩
ociexm	𨎫
ocieyc	𨎬
ocielu	𨎲
ociedh	𨎴
ocieji	𨎵
ocielm	𨎷
ocievj	𨎻
ocielw	𨎿
ocieyy	𨏂
ociejl	𨏃
ocqker	𨏄
ociers	𨏍
ocievi	𨏑
ocielw	𨏒
ociemd	𨏔
ociepg	𨏕
ocielu	𨏗
ocpbie	𨏞
ocfuie	𨏟
ociels	𨏠
ocieyi	𨏢
ociexm	𨏥
ocluie	𨏧
ociebo	𨏫
ocielj	𨏭
ocieyb	𨏱
ocnmie	𨏲
ocienp	𨏴
ociejt	𨏹
ociedh	𨏻
ocieli	𨏽
ocxmie	𨏾
ocxbie	𨐃
ocieuu	𨐅
ociekd	𨐆
ociels	𨐇
ociegl	𨐈
ociexm	𨐊
ocliui	𨐋
ocxbhg	𨐌
ocujxb	𨐍
ocxbnv	𨐎
ocxbpm	𨐏
ocxbyy	𨐑
ocguxb	𨐒
ocvcxb	𨐓
ocdoxb	𨐔
ocuaxb	𨐖
ocxbts	𨐗
ocqixb	𨐙
ocjyxb	𨐚
ocnnxb	𨐛
ocxbbw	𨐜
ocgrxb	𨐝
ocguxb	𨐞
ocxbku	𨐡
ocpicc	𨐢
ocxbjm	𨐤
ocxbge	𨐥
ocxbfg	𨐦
ocpijk	𨐨
ocxbjm	𨐩
ocxbro	𨐪
ocpiff	𨐯
ocpijx	𨐴
ocxbhx	𨐶
ocxbva	𨐷
ocxbdg	𨐸
ocxbns	𨐺
ocpigr	𨐽
ocvebm	𨐾
ocxbvi	𨐿
ocgugu	𨑀
ocxkxb	𨑁
ociffz	𨑅
ocxiif	𨑇
ocdons	𨑊
ocvijq	𨑍
ocvier	𨑏
ocviwh	𨑑
ocvitu	𨑒
ocviji	𨑓
ocvikz	𨑕
ocvisi	𨑖
ocviuh	𨑗
ocvifj	𨑙
ocvixi	𨑚
ocvixx	𨑜
ocvirf	𨑠
ocvigk	𨑣
ocvivi	𨑤
ocviwu	𨑥
ocviyu	𨑦
ocvinw	𨑧
ocviri	𨑨
ocvidn	𨑩
ocvigs	𨑪
ocviyz	𨑫
ocvinm	𨑬
ocvivi	𨑭
ocviuf	𨑮
ocviho	𨑯
ocvidd	𨑰
ocviul	𨑱
ocviuz	𨑲
ocvinq	𨑴
ocvijp	𨑸
ocvics	𨑹
ocvimc	𨑺
ocviyb	𨑻
ocviji	𨑽
ocviuv	𨑾
ocvibj	𨒃
ocvivi	𨒅
ocvijx	𨒇
ocvizi	𨒉
ocviqq	𨒊
ocviyt	𨒋
ocvivg	𨒌
ocvihv	𨒍
ocviyz	𨒐
ocviju	𨒑
ocmdui	𨒒
ocviui	𨒔
ocvifu	𨒕
ocvimc	𨒖
ocviys	𨒗
ocviui	𨒙
ocvimu	𨒚
ocvibi	𨒜
ocviiu	𨒞
ocvids	𨒟
ocviju	𨒡
ocvici	𨒤
ocviyb	𨒦
ocviyi	𨒧
ocvihd	𨒨
ocvier	𨒩
ocvici	𨒪
ocviyh	𨒫
ocvivi	𨒬
ocvihv	𨒭
ocvici	𨒮
ocvigs	𨒱
ocvivu	𨒲
ocvilw	𨒴
ocvise	𨒶
ocviis	𨒷
ocvicy	𨒸
ocvibd	𨒹
ocvigl	𨒺
ocvixi	𨒿
ocvixi	𨓇
ocviuf	𨓉
ocviqi	𨓋
ocvilv	𨓐
ocuhyk	𨓑
ocvizo	𨓕
ocvidv	𨓚
ocvimm	𨓜
ocvilq	𨓞
ocvins	𨓡
ocjbwu	𨓢
ocvili	𨓦
ocvijn	𨓨
ocvinn	𨓪
ocvida	𨓬
ocviqu	𨓭
ocvijp	𨓰
ocvikj	𨓲
ocviyc	𨓳
ocvixp	𨓴
ocvilu	𨓻
ocviqk	𨓽
ocviqi	𨓾
ocvifw	𨓿
ocviyu	𨔆
ocvivi	𨔈
ocvizu	𨔊
ocvigu	𨔌
ocvifg	𨔐
ocvikf	𨔑
ocvivi	𨔓
ocvika	𨔗
ocvihu	𨔛
ocvivs	𨔝
ocviye	𨔞
ocviiv	𨔠
ocvijx	𨔣
ocvipk	𨔧
ocviuc	𨔴
ocvitr	𨔵
ocvige	𨔷
ocviqo	𨔽
ocvive	𨔾
ocvuui	𨔿
ocvimm	𨕂
ocviui	𨕄
ocviiy	𨕌
ocvifu	𨕍
ocviui	𨕒
ocvifw	𨕗
ocviyu	𨕘
ocvibu	𨕝
ocvivd	𨕠
ocvicc	𨕡
ocvixu	𨕢
ocviuf	𨕫
ocuhlm	𨕭
ocviru	𨕯
ocviqi	𨕰
ocvibj	𨕴
ocvvuu	𨕵
ocvihr	𨕹
ocviji	𨕾
ocviii	𨖀
ocvilh	𨖅
ocvivr	𨖇
ocvize	𨖊
ocviyh	𨖌
ocviii	𨖎
ocvijk	𨖑
ocbuts	𨖕
ocvivs	𨖙
ocviyu	𨖜
ocglwh	𨖢
ocmcsu	𨖧
ocviyi	𨖨
ocvijr	𨖩
ocviug	𨖬
ocviya	𨖭
oczclq	𨖰
ocviqm	𨖱
ocuglm	𨖲
ocviyr	𨖳
ocviwu	𨖴
ocvijn	𨖵
ocvixl	𨖶
ocvibi	𨖷
ocviww	𨖿
ocviji	𨗂
ocviyj	𨗄
ocvijk	𨗈
ocvidz	𨗊
ocvidv	𨗎
ocvijk	𨗏
ocvixs	𨗑
ocvidm	𨗖
ocviuj	𨗚
ocviic	𨗛
oclksu	𨗜
ocvijp	𨗟
ocviyy	𨗠
ocvihv	𨗥
ocviqm	𨗦
ocvivj	𨗧
ocviww	𨗨
ocviye	𨗩
ocviwo	𨗲
ocdcxn	𨗳
ocviye	𨗸
ocvilk	𨗺
ocvizv	𨗻
ocviyi	𨘆
ocviho	𨘌
ocqqlm	𨘑
ocviyu	𨘕
ocvidv	𨘗
ocwwsu	𨘘
ocvilz	𨘠
ocvicc	𨘨
ocsuvg	𨘱
ocvikc	𨘴
ocvili	𨘸
ocycsi	𨘺
ocviho	𨘾
ocviyc	𨙂
ocvily	𨙄
ocvisd	𨙇
ocvixx	𨙉
ocjpyr	𨙌
ocvijn	𨙍
ocviyi	𨙒
ocvinp	𨙓
octslv	𨙖
oclwtv	𨙝
ocviiy	𨙥
ockzba	𨙨
ocuier	𨙩
ockzer	𨙫
ocjier	𨙬
octuer	𨙭
ocfjer	𨙮
occyer	𨙯
ocuzer	𨙰
ockver	𨙱
ociaer	𨙳
occder	𨙴
ocxler	𨙵
ocfuer	𨙶
ocjker	𨙷
ocvier	𨙸
ocucer	𨙹
ocizer	𨙺
ocrfer	𨙼
ocjber	𨙽
ocviyi	𨙾
ocgser	𨙿
ocbuer	𨚀
ocjier	𨚁
ocfuer	𨚅
ockdyi	𨚆
ocffyi	𨚇
ocucyi	𨚈
ochoyi	𨚊
ocyiho	𨚋
ocdder	𨚌
ocbier	𨚍
ochuer	𨚎
ocucyi	𨚒
ocfuer	𨚓
ocbcer	𨚔
ocbmer	𨚕
occier	𨚖
ocrjer	𨚗
ocwwer	𨚘
ochcer	𨚙
ocbjyi	𨚚
ocyuer	𨚝
ocyzer	𨚞
ocdser	𨚟
ocgjyi	𨚠
ocigyi	𨚡
ocjker	𨚢
ocvger	𨚣
ocuger	𨚥
ocjxer	𨚧
ockeer	𨚩
oclier	𨚪
ocquer	𨚫
ocqqyi	𨚬
ocfuyi	𨚭
ocbder	𨚮
octser	𨚯
oczcer	𨚰
ociger	𨚱
occyer	𨚲
ocruer	𨚴
ocnmer	𨚶
ocmker	𨚷
ocxier	𨚹
ocyzyi	𨚺
oclcyi	𨚻
ocyiyz	𨚼
ocnmyi	𨚽
ocdqer	𨛀
ocyher	𨛁
ocdoer	𨛅
ocrzer	𨛇
ocqrer	𨛈
ocseer	𨛉
oclier	𨛋
ocxner	𨛍
ochjer	𨛎
oczoer	𨛏
ocqyer	𨛐
ocjier	𨛑
ocbuer	𨛒
ocnser	𨛓
ocfzer	𨛔
ocyier	𨛗
ocuiyi	𨛛
ocyiyi	𨛜
ocyrer	𨛡
ocxker	𨛢
ochjer	𨛣
ocuier	𨛤
ocjner	𨛥
ocjyyi	𨛦
ocxner	𨛨
ocieer	𨛩
ocbker	𨛪
ocfwyi	𨛬
ocueer	𨛭
ocjuer	𨛮
ocyier	𨛯
ocvger	𨛰
oczser	𨛱
ocxier	𨛳
ochcer	𨛴
ochuer	𨛵
ocuzer	𨛶
ochuyi	𨛸
ocqier	𨛺
ocyuer	𨛼
ocgker	𨛽
ocigyi	𨛾
ocquyi	𨛿
ocyjyi	𨜀
ocuhyi	𨜂
ocyuer	𨜄
ocqier	𨜅
ocgrer	𨜌
ocyker	𨜏
ocsier	𨜐
ocqier	𨜒
ocvfer	𨜓
ochler	𨜔
ocyuer	𨜖
ocwuer	𨜘
ocrzer	𨜙
ocuger	𨜜
ocveyi	𨜞
ocqqer	𨜟
ocwwer	𨜠
ocjper	𨜡
ocwwyi	𨜢
ocqiyi	𨜣
ocmmer	𨜧
ocqrer	𨜩
ocjler	𨜰
ocivyi	𨜲
ocgser	𨜳
ocheer	𨜴
ocwfer	𨜵
ocyier	𨜶
ocpher	𨜷
ocwger	𨜺
ocqmer	𨜻
ocsuer	𨜼
occher	𨜾
ocgver	𨝀
ocyrer	𨝂
ochder	𨝃
ociger	𨝄
ocgeer	𨝆
ocvfer	𨝊
ocjier	𨝋
ocqmer	𨝌
ockher	𨝎
oclier	𨝏
occjer	𨝐
ocgrer	𨝑
ocpner	𨝓
ocgder	𨝕
ocuher	𨝗
octuer	𨝛
ocqmyi	𨝝
ocjiyi	𨝠
ociser	𨝡
octhyi	𨝦
occoer	𨝨
ocwuyi	𨝬
ocfger	𨝭
octser	𨝯
ocqner	𨝰
ocjner	𨝱
ochler	𨝴
oclner	𨝷
octjer	𨝸
ocxuer	𨝹
oclnyi	𨝼
ocyyer	𨝽
ocdmyi	𨞀
oclbyi	𨞁
ocuuer	𨞃
ocyjer	𨞇
ocdjyi	𨞏
ocuger	𨞐
ocaoer	𨞓
ocuuer	𨞕
oclker	𨞖
ocmger	𨞚
ocgeer	𨞛
ocjxer	𨞝
ochvyi	𨞡
ocsver	𨞣
ochver	𨞤
ocvder	𨞩
ocuzer	𨞪
ocmger	𨞫
ocjuyi	𨞮
ocmgyi	𨞯
ocbier	𨞳
ocwjer	𨞺
ocmjer	𨞼
ocxker	𨞾
ocgger	𨞿
oclier	𨟀
ocvger	𨟃
ocfjyi	𨟄
ocfjer	𨟅
oclner	𨟆
ocluer	𨟇
ocvier	𨟊
oclier	𨟑
ocmger	𨟒
ochoer	𨟓
ocmoer	𨟖
ocyker	𨟙
ocxler	𨟚
ocxldz	𨟞
ocquer	𨟠
ocluer	𨟤
oclker	𨟯
ocyzer	𨟰
ocyzfj	𨟱
ocyiyz	𨟲
ocyzyi	𨟳
ocyzyy	𨟴
ocyzbi	𨟵
ocgeyz	𨟶
ocyzbu	𨟷
ocyzwu	𨟸
ocyzjb	𨟹
ocyzmm	𨟺
ocpjyz	𨟻
ocyzkh	𨟼
ochoyz	𨟽
ocyzui	𨟾
ocyzyc	𨟿
ocyzrs	𨠁
ocyzhu	𨠂
ocyzpu	𨠃
ocyzyz	𨠄
ocyzqm	𨠅
ocuvyz	𨠆
ocyzjb	𨠇
ocyzxb	𨠉
ocyzuv	𨠊
ocyzgx	𨠋
ocyzds	𨠌
ocyzdd	𨠍
ocyzlk	𨠎
ocyzdi	𨠏
ocyzci	𨠐
ocyzzi	𨠓
ocyzbi	𨠔
ocyzys	𨠕
ocyzbc	𨠖
ocyzyh	𨠗
ocyzbd	𨠘
ocyzpi	𨠙
ocyzdj	𨠚
ocyzwa	𨠛
ocyzpi	𨠜
ocyzww	𨠝
ocyzcs	𨠞
ocyzpk	𨠟
ocyzug	𨠠
ocbmyz	𨠢
ocyzvg	𨠣
ocyzrs	𨠤
ocyzww	𨠥
ocyzjn	𨠦
oceryz	𨠧
ocyzqi	𨠨
ocyzvz	𨠩
ocqqyz	𨠫
ocyzlc	𨠬
ocheyz	𨠭
ocyzxs	𨠮
ocfayz	𨠰
ocyzrf	𨠲
ocyzhd	𨠳
ocyzxi	𨠴
ocyzgl	𨠵
ocyzse	𨠶
ocyzjk	𨠸
ocyzhg	𨠺
ocyzwj	𨠻
ocyzss	𨠼
ocyzig	𨠽
ocyzjx	𨠿
ocyzxn	𨡀
ocyzjm	𨡁
ocyzxi	𨡂
ocyzfg	𨡃
ocyzyj	𨡄
ocyzvl	𨡈
ocyzbp	𨡊
ocyzxk	𨡋
ocyzww	𨡌
ocyzda	𨡍
ocyznm	𨡎
ocyzdm	𨡏
ocviyz	𨡐
ocyzvz	𨡑
ocuhyz	𨡔
ocyzbw	𨡕
ocyzqs	𨡗
ocyzvi	𨡘
ocyzdj	𨡙
ocyzyu	𨡚
ocyzyc	𨡜
ocyzmm	𨡞
ocnmyz	𨡣
ocyzvl	𨡧
ocyzqi	𨡨
ocyzui	𨡪
ocyzjy	𨡫
ocyznj	𨡯
ocyzku	𨡱
ocyzqq	𨡲
ocyzqq	𨡴
ocyzvs	𨡵
ochuyz	𨡷
ocyzqr	𨡹
ocyzgv	𨡺
ocyzsi	𨡾
ocyzui	𨢁
ocyzyb	𨢂
ocqqzu	𨢅
ocyzsh	𨢆
ocyzlq	𨢇
ocvoqq	𨢈
ocyzqi	𨢉
ocyzge	𨢌
ocyzqi	𨢍
ocyzmk	𨢎
ocyzph	𨢐
ocyzjm	𨢑
ocyzgc	𨢓
ocyzia	𨢕
ocyzyi	𨢘
ociayz	𨢚
ocvdyz	𨢛
ocyzhe	𨢜
ocyzyc	𨢝
ocyzbi	𨢡
ocyzmo	𨢢
ocyzqk	𨢣
ocyzmj	𨢥
ocyzze	𨢦
ocyzyc	𨢧
ocyzic	𨢪
ocyztu	𨢬
ocyzyu	𨢭
ocyzsu	𨢲
ocyzhe	𨢴
ocyzji	𨢵
ocyzpg	𨢶
ocyzlu	𨢷
ocyzgd	𨢸
ocyzyj	𨢻
ocyzdj	𨢿
ocyzln	𨣀
ocyzuj	𨣁
ocyzlc	𨣃
ocyzhx	𨣄
ocyzzv	𨣅
ocyzdm	𨣆
ocyzxm	𨣇
ocyzgv	𨣈
ocyzjm	𨣉
ocyzue	𨣍
ocyzda	𨣏
ocyzts	𨣒
ocyzdc	𨣕
ocyzlk	𨣖
ocyzbc	𨣙
ocyzdj	𨣚
ocyzgj	𨣝
ocyzyi	𨣞
ocyzww	𨣟
ocqqsu	𨣡
ocyzsv	𨣢
ocyzjb	𨣤
ocyzai	𨣥
ocyzyu	𨣦
ocyzqi	𨣧
ocyzjm	𨣨
ocyzkv	𨣫
ocyzmp	𨣱
ocyzmo	𨣴
ocyzli	𨣷
ocyzlj	𨣸
ocyzsu	𨣺
ocmiyz	𨣾
ocyzch	𨤃
ocyzzj	𨤆
ocyzlj	𨤋
ocyzlk	𨤍
ocyzyj	𨤎
ocklbm	𨤏
ocwwcd	𨤔
ocbmyj	𨤕
ocbmye	𨤘
ocbmgz	𨤚
ocbmrs	𨤛
ocbmgc	𨤟
ocbmvd	𨤠
ocbmgl	𨤡
ocucli	𨤢
ocliye	𨤤
oclier	𨤧
ocbili	𨤩
ocgsli	𨤬
ocldli	𨤭
ocliyj	𨤮
oclits	𨤯
ocerli	𨤰
ocuili	𨤱
oclbli	𨤳
ocvsjp	𨤴
oclidj	𨤵
ocvsvs	𨤶
ociili	𨤸
ocvsji	𨤹
ocerli	𨤻
ocjbbi	𨤽
ocjbrf	𨤿
ocjbyz	𨥁
ocjbjp	𨥂
ocjbvh	𨥅
ocjbjq	𨥆
ocjbcy	𨥇
ocjbji	𨥈
ocjbuj	𨥉
ocjbqi	𨥊
ocjbuz	𨥋
ocjbui	𨥌
ocjbxs	𨥍
ocjbcs	𨥎
ocfujb	𨥏
ocjbiz	𨥐
ocjbcc	𨥑
ocyyjb	𨥒
ocqpjb	𨥓
ocjbqp	𨥔
ocjbyy	𨥕
ocjbul	𨥖
ocuvjb	𨥗
ocjbjk	𨥙
ocjbhu	𨥛
ocjbyc	𨥜
ocjbvx	𨥝
ocjbxi	𨥟
ocjbyb	𨥠
ocjbyu	𨥤
ocjbcc	𨥥
ocjbzi	𨥦
ocjbfj	𨥧
ocjbmc	𨥨
ocmcjb	𨥫
ocnujb	𨥬
ocjbys	𨥭
ocjbui	𨥮
ocjbwa	𨥯
ocjbyz	𨥰
ocjbqq	𨥱
ocuijb	𨥴
ocjbdd	𨥶
oclkjb	𨥷
ocjbxs	𨥸
ocjbhs	𨥺
ocjbva	𨥼
ocjbjs	𨥽
ocjbpk	𨥾
ocjbqn	𨥿
ocjbjn	𨦀
ocjbui	𨦁
ocjbli	𨦂
ocjbua	𨦅
ocjbjx	𨦇
ocjbqu	𨦈
ocjbci	𨦉
ocyhjb	𨦋
ocjbif	𨦍
ocjbmd	𨦎
ocjbkl	𨦑
ocjblp	𨦒
ocrujb	𨦔
ocjbhv	𨦗
ocjblp	𨦙
ocjbfu	𨦛
ocjbvz	𨦞
ocjbjl	𨦟
occijb	𨦠
ocjbyh	𨦡
ocjbyu	𨦢
ocjbii	𨦥
ocjbyu	𨦦
ocjbnm	𨦧
ocjbwh	𨦩
ocjbyh	𨦪
ocjbyu	𨦫
ocjbve	𨦬
ocjblc	𨦭
ocjijb	𨦮
ocjbyi	𨦯
ocjbcs	𨦱
ocjbjp	𨦲
ocjqjb	𨦴
ocjbfu	𨦶
ocjbxk	𨦹
ocjbyi	𨦺
ocjbnj	𨦻
ocjbyj	𨦼
ocjblb	𨦽
ocjbdu	𨧀
ocufjb	𨧁
ocjbxk	𨧃
ocjbxx	𨧄
ocjbug	𨧅
ocjbfz	𨧆
ocmwjb	𨧊
ocjbty	𨧐
ocjbyj	𨧕
ocjbil	𨧖
ocjbpj	𨧘
ocjbyi	𨧚
ocjbbh	𨧜
ocjbdj	𨧝
ocjbrf	𨧟
ocjbgj	𨧠
ocjbjy	𨧡
ocjbbp	𨧢
ocjbke	𨧣
ocjbhg	𨧤
ocjbxp	𨧥
ocjbrv	𨧨
ocjbdh	𨧩
ocjbvz	𨧪
ocjbui	𨧫
ocjbqi	𨧬
ocmijb	𨧮
ocjbgk	𨧰
ocjbqu	𨧱
ocvijb	𨧳
ocjbuu	𨧷
ocbjjb	𨧸
ocjbmk	𨧹
ocjbbk	𨧺
ocjbxr	𨧻
ocjbff	𨧼
ocuejb	𨧽
ocjbks	𨨀
ocjbll	𨨄
ocjbho	𨨅
ocjbjs	𨨋
ocjbqq	𨨎
ocjbbo	𨨏
ocjbdd	𨨐
ochejb	𨨑
ocjbuz	𨨒
ocjbmw	𨨓
ocjbjm	𨨔
ocjbcj	𨨕
oclbjb	𨨗
ocjbhe	𨨛
ocjbru	𨨜
ocjbue	𨨝
ocjbfu	𨨞
ocjbyu	𨨡
ocjbiv	𨨢
ocjbju	𨨣
ocjbmw	𨨦
ocjbqp	𨨧
ocjbvg	𨨨
ocjbvs	𨨩
ocjbvi	𨨪
ocjbcd	𨨫
ocjbmi	𨨮
ocjbzz	𨨯
ocjbho	𨨱
ocjbii	𨨲
ocjbyj	𨨵
ocjbxp	𨨶
ocjbtu	𨨷
ocjbda	𨨹
ocxtjb	𨨺
ocjbiy	𨩃
ocjbyu	𨩄
ocjbhs	𨩅
ocjbww	𨩆
ocjbnj	𨩇
ocjbbw	𨩈
ocjbhr	𨩉
ocjbqq	𨩊
ocjbww	𨩋
ocjbyi	𨩌
ocjbjl	𨩍
ocjbll	𨩎
ocjblz	𨩐
ocjbuu	𨩔
ocjblk	𨩖
ocjbpb	𨩗
ocjbyk	𨩙
ocjbbc	𨩚
ocjbxk	𨩛
ocjbug	𨩠
ocjbkj	𨩢
ocjbpf	𨩣
ocjbfg	𨩥
ocjbgz	𨩦
ocnjjb	𨩧
ocjbia	𨩨
ocjbmc	𨩩
ocjbbm	𨩫
ocjbui	𨩭
ocjbmm	𨩯
ocjbyj	𨩱
ocjbzi	𨩲
ocjbir	𨩴
ocjbgr	𨩶
ocjbxx	𨩷
ocjbnt	𨩽
ocjbhz	𨩿
ocjbmz	𨪀
ocjbyc	𨪁
ocjbsv	𨪂
ocjbtk	𨪃
ocpimc	𨪅
ocjbgv	𨪈
ocjbsi	𨪉
ocjbzc	𨪊
ocjbgz	𨪋
ocjbqi	𨪌
ocjbso	𨪍
ocjbyu	𨪎
ocjbji	𨪏
ocqmdc	𨪑
ocjbmk	𨪓
ocjbiu	𨪕
ocjbxr	𨪚
ocjbyr	𨪛
ocjben	𨪜
ocjbqm	𨪝
ocjbro	𨪤
ocjbvu	𨪥
ocjbqb	𨪦
ocjbia	𨪩
ocjbrs	𨪪
ocmuju	𨪵
ocjbyj	𨪶
ocjbgu	𨪷
ocjbvj	𨫀
ocjbzd	𨫃
ocjbbj	𨫄
ocjbly	𨫅
ocjbtk	𨫆
ocjbvf	𨫇
ocjbzo	𨫈
ocjbui	𨫉
ocjbsu	𨫊
ocjbgs	𨫋
ocjbjb	𨫌
ocjblv	𨫏
ocjbvi	𨫐
ocjbhr	𨫑
ocjbkz	𨫕
ocjbui	𨫞
ocjbll	𨫟
ocjbqt	𨫠
ocjbjm	𨫡
ocjbuh	𨫢
ocqqjb	𨫣
ocjbts	𨫤
ocjljb	𨫥
ocjbxi	𨫧
ocjbsu	𨫩
ocjbqk	𨫫
ocjbqm	𨫬
ocjblk	𨫭
ocjbue	𨫯
ocjbvl	𨫲
ocjbgo	𨫵
ocjbyu	𨫷
ocjbhe	𨫸
ocjbtv	𨫻
ocjbao	𨫼
ocjbuf	𨫽
ocjbii	𨫾
ocjbkv	𨫿
ocjbyu	𨬆
ocjbma	𨬈
ocjbdv	𨬉
ocjbjn	𨬊
ocjbmm	𨬋
ocjbky	𨬌
ocjbsv	𨬍
ocjbts	𨬎
ocjtjb	𨬐
ocjbgj	𨬒
ocjbyt	𨬓
ocjbij	𨬖
ocjbxu	𨬗
ocjbxx	𨬜
ocjbww	𨬞
ocjbgu	𨬟
ocjbqu	𨬡
ocjbxm	𨬢
ocjbve	𨬣
ocjbjt	𨬥
ocjbqb	𨬩
ocjbfu	𨬬
ocjbxi	𨬯
ocjbxl	𨬰
ocjbdg	𨬻
ocxljb	𨬽
ocjbbi	𨬾
ocjbhw	𨭆
ocbbjb	𨭉
ocjbpg	𨭌
ocjbbw	𨭍
ocjbxi	𨭎
ocjbql	𨭏
ocjbdj	𨭐
octsjb	𨭑
ocjbql	𨭒
ocjbdj	𨭖
ocjbhv	𨭗
ocjbmm	𨭘
ocjbpn	𨭚
ocjbge	𨭛
ocjbua	𨭝
ocjbjb	𨭠
ocjbtc	𨭡
ocjbiu	𨭣
ocjbye	𨭥
ocjbyr	𨭦
ocjbci	𨭨
ocjbxb	𨭩
ocjbdc	𨭪
ocjbwj	𨭬
ocjblk	𨭭
ocjbvj	𨭮
ocjbug	𨭰
ocjbgu	𨭸
ocjbxm	𨭹
ocjbjb	𨭺
ocjbuu	𨭿
ocjbyt	𨮁
ocjbjp	𨮂
ocjbxb	𨮈
ocjbqy	𨮉
ocjbvf	𨮊
ocjbyu	𨮋
ocjbyu	𨮌
ocjblo	𨮎
ocjbcj	𨮏
ocjbdy	𨮐
ocjbcv	𨮑
ocjbmg	𨮒
ocjbpu	𨮓
ocjbyu	𨮔
ocyujb	𨮖
ocjbhc	𨮙
ocjbln	𨮛
ocjmjb	𨮜
ocdvjb	𨮝
ocjbhj	𨮟
ocjbtu	𨮢
ocjbch	𨮤
ocjbrs	𨮥
ocjbwu	𨮧
ocjbjb	𨮨
ocerjb	𨮪
ocjbqk	𨮫
ocbncy	𨮬
ocjbsi	𨮭
ocjbsr	𨮰
ocjbge	𨮱
ocjbxs	𨮳
ocjbmg	𨮵
ocjbpn	𨮶
ocjblq	𨮸
ocjbui	𨮹
ocjbvf	𨮼
ocjbvu	𨮿
ocjbji	𨯀
ocjbvf	𨯂
ocjbuu	𨯃
ocjbwj	𨯅
ocjbln	𨯈
ocjbtk	𨯊
ocjbfu	𨯋
ocjblm	𨯌
ocqbxt	𨯎
ocjbyi	𨯑
ocjbcd	𨯓
ocjbkc	𨯕
ocjbyk	𨯗
ocjbjm	𨯘
ocjbqk	𨯙
ocjbhv	𨯚
ocjbyb	𨯛
ocjbsv	𨯝
ocjbho	𨯟
ocjbmg	𨯠
ocjbbi	𨯥
ocjbqb	𨯦
ocjbyj	𨯧
ocjbhj	𨯪
ocjbyi	𨯯
ocjbxt	𨯰
ocjbtz	𨯲
ocjbxk	𨯵
ocjbxm	𨯶
ocjbtv	𨯸
ocjbdu	𨯹
ocjbli	𨯽
ocjbju	𨯾
ocjbjm	𨯿
ocjbyj	𨰂
ocjbyk	𨰃
ocjbhd	𨰄
ocjblm	𨰇
ocjbqk	𨰈
ocjbli	𨰋
ocjbis	𨰍
ocjbtm	𨰎
ocjblj	𨰗
ocjbfg	𨰘
ocjbul	𨰚
ocjbjt	𨰜
ocjbjm	𨰝
ocjbmi	𨰞
ocjblw	𨰠
ocjbxi	𨰡
ocjbli	𨰣
ocjblw	𨰥
ocjbbc	𨰦
ocjbis	𨰧
ocjbui	𨰪
ocjbyj	𨰫
ocjbqm	𨰬
ocjbzr	𨰭
ocjbbc	𨰰
ocjblj	𨰲
ochsjb	𨰵
ocjbif	𨰸
ocjbjm	𨰹
ocjbbm	𨰺
ocjblr	𨰼
ocjblr	𨰽
ocjbma	𨰾
ocjbqi	𨰿
ocjbhu	𨱀
ocjbuu	𨱁
ocjbhx	𨱂
ocjbgx	𨱃
ocjbiu	𨱄
ocjbvf	𨱅
ocjbwu	𨱆
ocjbqq	𨱇
ocjbuu	𨱈
ocjbjk	𨱉
ocjbqu	𨱊
ocjblk	𨱋
ocjbgr	𨱌
ocjblh	𨱍
ocjbyu	𨱎
ocjbhl	𨱑
ocjbjn	𨱓
ocjbzy	𨱔
ocjbjp	𨱕
ocjbww	𨱖
ocihji	𨱙
ocihuu	𨱚
ocihgs	𨱛
ocihvi	𨱜
ocihwf	𨱝
ocihmc	𨱞
ocihqm	𨱟
ocihyt	𨱠
ocihui	𨱡
ocihyu	𨱢
ocihrs	𨱤
ocbuih	𨱥
ocihiu	𨱦
ocihyz	𨱧
ocihmc	𨱨
ocihgj	𨱫
ocihvj	𨱬
ocihhc	𨱭
ocihfu	𨱰
ocihmu	𨱱
ocihci	𨱲
ocihge	𨱴
ocihvc	𨱵
ocihji	𨱻
ocsiih	𨱼
ocihyi	𨱽
ocihyi	𨱾
ocihrs	𨱿
ocihns	𨲀
ocihii	𨲂
ocihdd	𨲃
ocihrf	𨲅
ocihxn	𨲆
ocihzs	𨲇
ocihvv	𨲈
ocihiv	𨲉
ocihan	𨲊
ocihbw	𨲋
ocihvg	𨲌
ocihih	𨲍
ocihyi	𨲎
ocihjr	𨲏
ocihlu	𨲒
ocihug	𨲓
ocyuih	𨲖
ocihve	𨲘
ocihye	𨲙
ocihuz	𨲛
ocihbm	𨲜
ocihti	𨲞
ocihrs	𨲟
ocihia	𨲠
ocihji	𨲡
ocihqi	𨲤
ocihcs	𨲧
ocihij	𨲨
ocihmj	𨲩
ocihze	𨲪
ocihfg	𨲫
ocihqn	𨲭
ocihlc	𨲮
ocihzg	𨲯
ocihns	𨲳
ocihwj	𨲴
ocihdj	𨲵
ocihdj	𨲷
ocihnk	𨲸
ocihjp	𨲹
ocihbb	𨲺
ocihls	𨳁
ocihxl	𨳃
ocihzj	𨳄
ocihnh	𨳆
ocmfna	𨳉
ocmfjq	𨳊
ocmfji	𨳋
ocmfqi	𨳍
ocmfer	𨳎
ocermf	𨳏
ocmfnv	𨳐
ocmfwh	𨳑
ocmfxn	𨳒
ocmfda	𨳓
ocsjmf	𨳔
ocmfzi	𨳕
ocmfir	𨳖
ocmfgs	𨳗
ocmfty	𨳘
ocmfnw	𨳙
ocmfff	𨳚
ocmfji	𨳛
ocmfjb	𨳜
ocmfrf	𨳝
ocmfiz	𨳞
ocmfgh	𨳠
ocmfcc	𨳡
ocmfpu	𨳢
ocmfxi	𨳣
ocmfdn	𨳤
ocmful	𨳦
ocmfyz	𨳧
ocmftm	𨳨
ocmfjk	𨳩
ocmfbu	𨳫
ocmfyb	𨳬
ocmfpm	𨳭
ocmfge	𨳮
ocmfnq	𨳯
ocmfwu	𨳰
ocwumf	𨳱
ocmfbm	𨳲
ocmfvu	𨳳
ocmfer	𨳴
ocmfbk	𨳵
ocmfmb	𨳶
ocmfta	𨳷
ocmftm	𨳸
ocmfcc	𨳹
ocmfui	𨳺
ocmfgj	𨳼
ocmfju	𨳽
ocmfyz	𨳾
ocmfwd	𨳿
ocmfjs	𨴀
ocmfuf	𨴁
ocmfva	𨴃
ocmfdm	𨴄
ocmfmc	𨴅
ocmfda	𨴆
ocmfpi	𨴈
ocmfui	𨴊
ocmfxr	𨴋
ocmfmz	𨴍
ocmfer	𨴎
ocmfts	𨴏
ocmfxm	𨴐
ocmfkl	𨴑
ocmfww	𨴓
ocmfvi	𨴗
ockdmf	𨴚
ocmflc	𨴛
ocmfyz	𨴜
ocmfzc	𨴝
ocmfnm	𨴞
ocmfxk	𨴠
ocmfvc	𨴡
ocmfdo	𨴢
ocmfan	𨴣
ocmfvd	𨴥
ocmfuu	𨴨
ocmfyu	𨴩
ocmffu	𨴪
ocmffu	𨴫
ocmfgc	𨴬
ocmfys	𨴭
ocmfui	𨴯
ocmfzo	𨴰
ocmfyi	𨴱
ocmfxb	𨴲
ocmfbk	𨴴
ocmfhs	𨴵
ocmfxq	𨴷
ocmfxk	𨴸
ocmfxn	𨴹
ocmfcy	𨴺
ocmfli	𨴻
ocmfjm	𨴼
ocmfbp	𨴾
ocmfdj	𨵀
ocmfbo	𨵁
ocmfmm	𨵃
ocmfwj	𨵄
ocmfhe	𨵅
ocmfxi	𨵆
ocmffw	𨵈
ocmfxk	𨵉
ocmfww	𨵋
ocmfaa	𨵌
ocmfvj	𨵍
ocmfde	𨵏
ocmfgu	𨵐
ocmfug	𨵒
ocmfvi	𨵔
ocmfvs	𨵖
ocmfgx	𨵗
ocmfhu	𨵘
ocmfju	𨵙
ocmfgo	𨵚
ocmfmk	𨵛
ocmfmm	𨵜
ocmfda	𨵝
ocmfgk	𨵞
ocmffu	𨵟
ocmfqu	𨵡
ocmfqi	𨵤
ocmfug	𨵥
ocmfyu	𨵦
ocmfgo	𨵧
ocmffu	𨵩
ocmfye	𨵪
ocmfro	𨵫
ocmfxm	𨵬
ocmfjm	𨵭
ocmfvs	𨵮
ocmfwu	𨵱
ocmfye	𨵳
ocmfnj	𨵴
ocmfyh	𨵶
ocmfwf	𨵷
ocmfbm	𨵸
ocmfxi	𨵺
ocmfyj	𨶁
ocmfyi	𨶂
ocmfgc	𨶅
ocmfch	𨶆
ocmfwu	𨶇
ocmfth	𨶈
ocmfsy	𨶉
ocmfmi	𨶌
ocmfyr	𨶎
ocmfqt	𨶏
ocmfui	𨶐
ocmfiz	𨶑
ocmfyc	𨶒
ocuaxm	𨶓
ocmflh	𨶗
ocmfng	𨶙
ocmfgs	𨶛
ocmfuu	𨶝
ocmfnn	𨶠
ocmfyu	𨶢
ocmfvh	𨶤
ocmfce	𨶨
ocmfgd	𨶩
ocmfji	𨶫
ocmfhx	𨶬
ocmfwu	𨶭
ocmfyi	𨶮
ocmfhw	𨶯
ocmfhl	𨶰
ocmfhx	𨶱
ocmfjn	𨶲
ocmfui	𨶳
ocmfue	𨶶
ocmfxy	𨶷
ocmffj	𨶸
ocmfmn	𨶺
ocmfts	𨶻
ocmfdg	𨶿
ocmflo	𨷀
ocmfyc	𨷁
ocmfbc	𨷂
ocmfsv	𨷃
ocmfwf	𨷇
ocmfwj	𨷈
ocmfww	𨷋
ocmflw	𨷏
ocmfxy	𨷔
ocmfhv	𨷕
ocmfxu	𨷘
ocmfuu	𨷙
ocmfmi	𨷛
ocmfyi	𨷞
ocmfvg	𨷣
ocmfli	𨷦
ocmfjk	𨷧
ocmftz	𨷩
ocvvmf	𨷫
ocmfju	𨷯
ocmfyc	𨷱
ocmfly	𨷲
ocmfyj	𨷳
ocjumf	𨷶
ocmfis	𨷷
ocmfgv	𨷺
ocmfyj	𨷽
ocmfxl	𨷿
ocmfzi	𨸀
ocmfwh	𨸁
ocmffh	𨸂
ocmfmc	𨸃
ocmfgf	𨸄
ocmfvi	𨸅
ocmffu	𨸆
ocmfbm	𨸇
ocmfmw	𨸈
ocmfqt	𨸊
ocmfjn	𨸋
ocmfyi	𨸌
ocjihe	𨸍
ocmfly	𨸎
ocdvkl	𨸏
ocernd	𨸐
ocerqn	𨸑
ocerjq	𨸒
ocerdc	𨸓
ocerji	𨸔
oceryz	𨸕
ocergs	𨸖
ocergj	𨸗
ocergl	𨸘
ocerer	𨸙
ocerji	𨸚
ocerqi	𨸛
oceruu	𨸜
ocerui	𨸝
ocerqu	𨸟
ocervi	𨸠
ocernq	𨸡
ocerjb	𨸢
ocerff	𨸣
ocerkd	𨸦
ocerhu	𨸧
ocerwf	𨸩
ocerxr	𨸫
oceruf	𨸬
ocerpo	𨸭
ocergx	𨸯
ocerrj	𨸱
ocerui	𨸲
oceryy	𨸳
ocerpk	𨸶
ocerpi	𨸹
ocerjx	𨸺
ocerbi	𨸼
ocerbw	𨸾
ocerci	𨹀
oceris	𨹁
ocergl	𨹂
ocerdo	𨹄
ocerdv	𨹅
ocervs	𨹊
ocerrz	𨹌
ocerjn	𨹍
ocervd	𨹏
ocerqr	𨹑
oceruu	𨹒
ocerse	𨹔
ocerbk	𨹗
ocerxu	𨹘
ocerty	𨹙
ocerig	𨹚
ocerdz	𨹜
oceryi	𨹝
oceris	𨹤
ocerdi	𨹥
ocerdd	𨹦
ocermd	𨹧
ocerdv	𨹪
ocerzo	𨹫
ocerlv	𨹬
ocerfz	𨹭
ocerii	𨹮
ocerhv	𨹰
ocerxq	𨹳
ocerfu	𨹴
ocerjr	𨹵
ocerqi	𨹷
ocerpg	𨹹
ocerfu	𨹺
ocerdm	𨹻
ocergh	𨹽
ocervi	𨹾
ocergo	𨺁
ocerhj	𨺂
ocerjp	𨺇
ocercd	𨺉
ocerwj	𨺋
ocerqi	𨺌
oceryj	𨺍
oceruu	𨺏
ocervo	𨺑
ocerug	𨺒
ocfuvz	𨺔
ocerer	𨺙
ocervz	𨺜
ocervo	𨺝
ocervf	𨺟
ocerdy	𨺠
ocerfg	𨺢
ocerdr	𨺣
ocerfu	𨺤
ocerqq	𨺧
ocerjm	𨺩
ocerjp	𨺬
ocersi	𨺯
ocermw	𨺰
ocertk	𨺱
oceryu	𨺲
ocerys	𨺳
ocerah	𨺸
ocerqq	𨺹
oceryu	𨺺
ocerxx	𨺽
ocerxi	𨻁
oceryj	𨻂
ocerfw	𨻃
ocernp	𨻄
ocersi	𨻆
ocfuwu	𨻑
ocermi	𨻖
ocersh	𨻗
ocerhl	𨻙
ocerjb	𨻜
ocertc	𨻝
ocervv	𨻡
oceryr	𨻣
ocerlq	𨻧
oceriz	𨻬
ocerbg	𨻱
oceryj	𨻳
ocerjn	𨻴
ocercv	𨻵
ocerkh	𨻷
ocerxi	𨻸
ocergd	𨻹
ocerqk	𨻺
ocerlz	𨻻
ocerlw	𨻽
ocerqm	𨼀
ocerji	𨼂
ocerqm	𨼃
ocerwu	𨼊
ocerxu	𨼋
ocerqb	𨼌
ocerjt	𨼎
ocertu	𨼑
ocerdj	𨼒
ocervi	𨼓
ocerxy	𨼔
ocerjk	𨼗
ocerbw	𨼚
ocerxm	𨼝
ocertc	𨼞
ocerfj	𨼠
ocifqm	𨼤
ocerzv	𨼥
ocerxi	𨼩
oceriu	𨼪
ocerjp	𨼬
ocervj	𨼮
ocerug	𨼳
ocerdh	𨼴
ocaaru	𨼼
ocdvho	𨼾
ocermg	𨼿
oceryj	𨽀
ocerju	𨽁
ocerpu	𨽂
oceruu	𨽉
ocermd	𨽍
ocergl	𨽏
ocerln	𨽒
ocfuyk	𨽓
ocfutk	𨽕
ocerpb	𨽗
ocsver	𨽛
ocerlu	𨽜
oceryj	𨽞
oceryi	𨽟
ocerxl	𨽢
ocernp	𨽦
ocerlk	𨽲
oclitm	𨽶
ochdli	𨽷
ocihli	𨽸
ocmmli	𨽺
oclili	𨽼
ocqivv	𨾅
ocdnvv	𨾆
ocbuvv	𨾇
ocuivv	𨾈
ocjqvv	𨾉
ocgsvv	𨾊
ocuivv	𨾋
ocyuvv	𨾌
ocyivv	𨾍
ocvvui	𨾎
ocvvwf	𨾏
ocxyvv	𨾑
ockhvv	𨾒
ocgevv	𨾓
ocfhvv	𨾔
ocgkvv	𨾕
ocvgvv	𨾖
ocycvv	𨾘
ocfuvv	𨾚
ocuivv	𨾛
ocvvyy	𨾜
ocfuvv	𨾝
ocwuvv	𨾟
oclkvv	𨾠
ocufvv	𨾡
ocqnvv	𨾢
ocmcvv	𨾣
ocuivv	𨾤
ocmuvv	𨾥
ocdivv	𨾦
ocmbvv	𨾧
ocvuvv	𨾨
ocbavv	𨾩
ocfuvv	𨾪
oczovv	𨾬
oczovv	𨾭
ocnuvv	𨾯
octdvv	𨾱
ocvuvv	𨾲
ocruvv	𨾵
ocanvv	𨾶
ocxmvv	𨾷
oclpvv	𨾸
ocjqvv	𨾹
ockxvv	𨾺
ocvvlp	𨾻
ocwwvv	𨾼
ocvivv	𨾽
ocvcvv	𨾾
ocervv	𨾿
ocjqvv	𨿀
ocrfvv	𨿂
ocrfvv	𨿃
ocmkvv	𨿅
ocaivv	𨿆
ocvvrz	𨿇
ocjnsi	𨿈
ocjkvv	𨿋
ocfuvv	𨿌
ocwovv	𨿍
ocbwvv	𨿎
ocwuvv	𨿏
ochjvv	𨿑
ocyivv	𨿒
ocqyvv	𨿓
ocyrvv	𨿔
ocxivv	𨿕
octuvv	𨿖
ocklvv	𨿗
ocvvdi	𨿘
oclsvv	𨿙
ocfuvv	𨿚
ocvvxi	𨿛
ocguvv	𨿜
ocdivv	𨿝
ocjnkz	𨿞
ocxkvv	𨿟
ocivvv	𨿠
ocxlvv	𨿡
ocdsvv	𨿢
ocqivv	𨿣
ocyevv	𨿤
ocpzvv	𨿦
ocvovv	𨿧
ocvovv	𨿨
ocqivv	𨿩
ockyvv	𨿪
ocqivv	𨿫
ocqkvv	𨿬
octuvv	𨿮
ocuhvv	𨿰
ocjmvv	𨿱
ocluvv	𨿲
ocbwvv	𨿵
ocggvv	𨿶
ocvovv	𨿷
ochyvv	𨿹
ocghvv	𨿺
oczuvv	𨿼
ocyuvv	𨿾
ocvsvv	𨿿
ocgvvv	𩀁
ocycvv	𩀄
octrvv	𩀅
octuvv	𩀆
ocxrvv	𩀈
ochuvv	𩀉
ocjpvv	𩀊
ocyuvv	𩀌
ocyuvv	𩀍
ocdyvv	𩀐
ocyuvv	𩀑
ocxbvv	𩀕
ocvvsi	𩀗
ocycvv	𩀘
octhvv	𩀛
ocguvv	𩀜
ocllvi	𩀝
occhvv	𩀞
ocqivv	𩀡
ocjbvv	𩀤
oczuvv	𩀥
ocxivv	𩀦
ocvjvv	𩀧
ocvvcs	𩀨
oclivv	𩀩
ocmavv	𩀪
ocquvv	𩀫
ocvvys	𩀬
ocifvv	𩀭
oclzvv	𩀮
ocihvv	𩀯
occsvv	𩀰
ocnsxs	𩀳
ocbfvv	𩀴
ochxvv	𩀵
ocsvvv	𩀶
ocfjvv	𩀷
ocycvv	𩀸
ocmdvv	𩀺
ocjqvv	𩀻
octjvv	𩀽
ocjtvv	𩀾
octivv	𩁀
ocuuvv	𩁄
ocyivv	𩁈
ocdjvv	𩁉
ocpivv	𩁊
ocuuvv	𩁍
oclkvv	𩁎
ocvjvv	𩁏
ocluvv	𩁐
ocyhvv	𩁒
ocyuvv	𩁓
ocnkvv	𩁔
ocyuvv	𩁕
ocervv	𩁖
ocvdvv	𩁙
ocmpvv	𩁝
occdvv	𩁞
oclivv	𩁟
ocbcvv	𩁠
ocguvv	𩁡
ocyhvv	𩁥
oclwvi	𩁦
ocluvv	𩁨
ocquvv	𩁯
ocjijm	𩁱
ocyuyi	𩁶
ocyudk	𩁷
ocyuji	𩁸
ocyuyu	𩁹
ocyuuj	𩁺
ocyunv	𩁻
ocxiyu	𩁼
ocyugs	𩁽
ocyuxt	𩁿
ocyugj	𩂀
ocyuwu	𩂁
ocyuwu	𩂂
ocyugk	𩂃
ocyuty	𩂄
ocyuge	𩂅
ocyubu	𩂆
ocyujb	𩂇
ocyuxb	𩂈
ocyutm	𩂉
ocyuwh	𩂊
ocyujb	𩂋
ocyupm	𩂌
ocyuuv	𩂍
ocyufu	𩂎
ocyuvi	𩂏
ocyurf	𩂐
ocyuds	𩂓
ocyuba	𩂔
ocyufu	𩂕
ocyuva	𩂖
ocyuiu	𩂗
ocyujx	𩂘
ocyuui	𩂚
ocyufu	𩂛
ocyucs	𩂜
ocyuui	𩂝
ocyumc	𩂞
ocyuwu	𩂟
ocyudd	𩂠
ocyugx	𩂡
ocyuge	𩂣
ocyuvz	𩂤
ocyuyb	𩂥
ocyubk	𩂦
ocyuwu	𩂧
ocyumi	𩂮
ocyuxq	𩂯
ocyuru	𩂰
ocyuyi	𩂱
ocyuya	𩂳
ocyuci	𩂴
ocyulp	𩂶
ocyurr	𩂷
ocyuif	𩂸
ocyuyi	𩂹
ocyuuu	𩂺
ocyugg	𩂼
ocyuns	𩂽
ocyujy	𩂿
ocyuyj	𩃀
ocyumw	𩃁
ocyuls	𩃄
ocyujy	𩃇
ocyuzu	𩃈
ocyuwu	𩃉
ocyuxk	𩃋
ocxtho	𩃏
ocyudi	𩃐
ocyuiv	𩃒
ocyujp	𩃖
ocyuyj	𩃗
oclwda	𩃙
ocyuqi	𩃜
ocyumw	𩃝
ocyynw	𩃠
ocyuzu	𩃣
ocyuqi	𩃤
ocyupw	𩃥
ocyuvi	𩃦
ocyubc	𩃧
ocyubd	𩃫
ocyuss	𩃭
ocyuyi	𩃮
ocyuto	𩃱
ocyufg	𩃳
ocyurj	𩃵
ocyyba	𩃶
ocyydd	𩃷
ocyyfu	𩃸
ocyuhz	𩃺
ocyupd	𩄂
ocyuiy	𩄄
ocyuwf	𩄅
ocyuxk	𩄆
ocyuji	𩄊
ocyuwu	𩄌
ocyuqq	𩄍
ocyumw	𩄎
ocyufg	𩄏
ocyujl	𩄐
ocyunj	𩄑
ocyuyb	𩄒
ocyuye	𩄓
ocyuvg	𩄔
ocyuui	𩄕
ocyutr	𩄖
ocyuwg	𩄘
ocyuvf	𩄚
ocyuvf	𩄛
ocyuso	𩄜
ocyuia	𩄝
ocyuqi	𩄟
ocyuvf	𩄠
ocyujm	𩄡
ocyugz	𩄢
ocyumi	𩄧
ocyugu	𩄨
ocyuwu	𩄭
ocyutv	𩄮
ocyulp	𩄰
ocyumi	𩄲
ocyufg	𩄴
ocyuna	𩄵
ocyumo	𩄻
ocyulz	𩄽
ocyuze	𩄾
ocyuvi	𩅀
ocyumh	𩅁
ocyuvr	𩅂
ocyuis	𩅃
ocyulu	𩅄
ocyubu	𩅇
ocyuvh	𩅈
ocyuvs	𩅉
ocyujm	𩅋
ocyumj	𩅍
oclwmc	𩅎
ocyuyu	𩅔
ocyusu	𩅘
ocyucj	𩅙
ocyudv	𩅚
ocyufg	𩅛
ocyulh	𩅜
ocyyyj	𩅝
ocyuvs	𩅞
ocyujk	𩅟
ocyusv	𩅡
ocyujn	𩅢
ocyudv	𩅥
ocyudj	𩅦
ocyuvs	𩅧
ocyuxl	𩅪
ocyubi	𩅭
ocyuti	𩅮
ocyusi	𩅰
ocyuke	𩅳
ocyuhy	𩅴
ocxtuf	𩅷
ocyumw	𩅹
ocyuxu	𩅺
ocyuve	𩅻
ocyuqm	𩅼
ocyuns	𩅽
ocyyuf	𩅾
ocyufu	𩅿
ocyuhv	𩆁
ocyuvi	𩆂
ocyuvi	𩆃
ocyuys	𩆄
ocyudk	𩆆
ocxumm	𩆊
ocyuyc	𩆋
ocyulm	𩆌
ocyulq	𩆎
ocyuye	𩆏
ocyusr	𩆑
ocyumj	𩆓
ocyudm	𩆔
ocyuvf	𩆛
octuxu	𩆟
ocyumg	𩆠
ocyuyc	𩆡
oclwyb	𩆢
ocyycc	𩆦
ocyufg	𩆨
ocyuuu	𩆩
ocyump	𩆪
ocyuqi	𩆮
ocyusv	𩆰
ocyulu	𩆴
ocyuxm	𩆵
ocyuxl	𩆶
ocyuul	𩆿
ocyupm	𩇂
ocyubc	𩇉
ocyulo	𩇍
ocyuqm	𩇏
ocyuqu	𩇐
ocqkuj	𩇕
ocyrqk	𩇖
ocqkji	𩇗
ocquqk	𩇘
ocqklk	𩇙
ocqktd	𩇚
ocugqk	𩇛
ocqkxm	𩇜
ocbkll	𩇟
ocqkhe	𩇠
ocqkuf	𩇡
ocqkvh	𩇢
ocqkse	𩇣
ocdafw	𩇩
ocfwjb	𩇪
ocfwzi	𩇫
ocfwkz	𩇬
ocfwho	𩇭
ocfwuz	𩇮
ocfwba	𩇯
ocfwyr	𩇲
ocwufw	𩇳
ocfwff	𩇴
ocfwgu	𩇵
ocbffw	𩇶
ocfwts	𩇷
ocfwgc	𩇸
ocfwuu	𩇹
octyfw	𩇺
ocfwrf	𩇻
ocfwff	𩇼
ocfjfw	𩇾
ocfwfj	𩈀
ocdvfw	𩈁
ocfwbw	𩈂
ocmmcy	𩈃
ocmmrf	𩈄
ocmmgj	𩈅
ocmmba	𩈆
ocmmiz	𩈇
ocmmfg	𩈈
ocmmyb	𩈉
ocmmyz	𩈊
ocmmjp	𩈋
ocmmrs	𩈌
ocmmdj	𩈍
ocmmqn	𩈎
ocmmyz	𩈏
ocmmww	𩈐
ocmmhe	𩈒
ocmmpi	𩈓
ocmmke	𩈔
ocmmgx	𩈕
ocmmlk	𩈖
ocmmys	𩈗
ocmomm	𩈘
ocmmue	𩈙
ocmmbk	𩈚
ocmmpd	𩈛
ocmmdv	𩈜
ocmmjk	𩈡
ocmmrf	𩈢
ocmmhj	𩈣
ocmmzu	𩈤
ocmmqy	𩈥
ocmmmm	𩈦
ocjxmm	𩈧
ocfumm	𩈨
ocmmna	𩈩
ocmmvl	𩈪
ocmmnd	𩈫
ocmmgr	𩈬
ocmmyi	𩈭
ocmmvz	𩈮
ocmmyj	𩈯
ocmimm	𩈰
ocwjmm	𩈱
ocmmmm	𩈲
ocmmmm	𩈳
ocmmyb	𩈴
ocmmnd	𩈶
ocmmxl	𩈷
ocmmiz	𩈸
ocmmmk	𩈹
ocmmwu	𩈺
ocvjmm	𩈻
ocmmcj	𩈼
ocdjmm	𩉀
ocmmdj	𩉁
ocmmrj	𩉄
ocyjmm	𩉅
ocmmdj	𩉊
ocmmci	𩉋
ocmmme	𩉌
ocjmmm	𩉍
ocmmyi	𩉏
ocmmca	𩉐
ocmmmo	𩉑
ocmmqu	𩉗
ocqumm	𩉘
ocmmlo	𩉙
ocmmmi	𩉚
ocgedc	𩉛
ocgeji	𩉜
ocgewj	𩉝
ocgekv	𩉞
ocgeyi	𩉠
ocgejp	𩉡
ocgeqm	𩉢
ocgemm	𩉣
ocgeyc	𩉤
ocgeyb	𩉥
ocgegs	𩉦
ocgefg	𩉧
ocgevi	𩉨
ocgewf	𩉩
ocgemc	𩉪
ocgebi	𩉫
ocgeui	𩉬
ocgegs	𩉭
ocgevi	𩉮
ocgeyr	𩉯
ocgehu	𩉱
ocgepu	𩉲
ocgeee	𩉴
ocgeff	𩉵
ocgehr	𩉷
ocgeju	𩉸
ocgeni	𩉹
ocgeta	𩉺
ocgeuf	𩉼
ocgefu	𩉽
ocgejx	𩉾
ocgeju	𩉿
ocgebd	𩊀
ocgeyr	𩊁
ocgelk	𩊂
ocgewd	𩊃
ocyzge	𩊄
ocgemc	𩊅
ocgeke	𩊆
ocgeyu	𩊇
ocuige	𩊈
ocgegu	𩊉
ocgeba	𩊊
ocgeli	𩊌
ocgeys	𩊍
ocgejx	𩊏
ocgeer	𩊐
ocgeyh	𩊑
ocgeyi	𩊒
ocgekx	𩊓
ocgejn	𩊔
ocgeyb	𩊕
ocgebk	𩊖
ocgets	𩊗
ocgebd	𩊘
ocgefu	𩊙
ocgege	𩊚
ocgeww	𩊛
ocgedo	𩊜
ocgevi	𩊝
ocgevi	𩊞
ocgegl	𩊠
ocgelp	𩊡
ocgesi	𩊢
ocgevu	𩊣
ocgedo	𩊥
ocgeuz	𩊦
ocgeig	𩊨
ocgefg	𩊩
ocgedz	𩊪
ocgerf	𩊫
ocgefu	𩊬
ocgedv	𩊭
ocgeua	𩊮
ocgeuu	𩊯
ocgemw	𩊱
ocgevi	𩊴
ocgebu	𩊶
ocgedj	𩊹
ocgejn	𩊺
ocgeqy	𩊻
ocgexi	𩊽
ocgeys	𩊾
ocgexi	𩊿
ocgevo	𩋁
ocgefw	𩋂
ocgequ	𩋄
ocgetm	𩋅
ocgebi	𩋇
ocgeho	𩋉
ocgeyj	𩋊
ocgeyi	𩋌
ocgetn	𩋍
ocgequ	𩋎
ocgenm	𩋏
ocgepg	𩋒
ocgejx	𩋔
ocgehx	𩋖
ocgego	𩋗
ocgevv	𩋘
ocgevz	𩋙
ocgehu	𩋚
ocgeju	𩋜
ocgefu	𩋟
ocgemm	𩋠
ocgeui	𩋡
ocgexr	𩋢
ocgedi	𩋣
ocgeww	𩋤
ocgexx	𩋥
ocgedr	𩋦
ocgejp	𩋧
ocgefu	𩋨
ocgevi	𩋩
ocgeyr	𩋫
ocgeyh	𩋬
ocgemm	𩋭
ocgefg	𩋮
ocgevz	𩋰
ocgeqm	𩋳
ocgehz	𩋴
ocgeve	𩋵
ocgelq	𩋶
ocgeci	𩋷
ocgemw	𩋼
ocgeke	𩋽
ocgeww	𩋾
ocgemw	𩋿
ocgetr	𩌁
ocgetd	𩌂
ocgegv	𩌃
ocgeiu	𩌄
ocgesz	𩌅
ocgeso	𩌈
ocgetd	𩌉
ocgegs	𩌌
ocgehe	𩌍
ocgebw	𩌎
ocgevr	𩌏
ocgeyr	𩌑
ocgehz	𩌖
ocgewu	𩌗
ocgeqb	𩌘
ocgevf	𩌙
ocgetn	𩌜
ocgevv	𩌝
ocgegc	𩌡
ocgeia	𩌢
ocgexi	𩌦
ocgemo	𩌧
ocgeys	𩌨
ocgecv	𩌩
ocgeze	𩌪
ocgelu	𩌫
ocgevh	𩌬
ocgecj	𩌰
ocgeiu	𩌲
ocgedd	𩌴
ocgejm	𩌵
ocgelw	𩌹
oclwge	𩌺
ocgeql	𩌾
ocgeic	𩍀
octcge	𩍂
ocgemd	𩍃
ocgets	𩍅
ocgeww	𩍇
ocgeda	𩍈
ocgegj	𩍉
ocgedj	𩍍
ocgehj	𩍎
ocgefu	𩍏
ocgedg	𩍐
ocgeys	𩍓
ocgedj	𩍕
ocgeyi	𩍖
ocgepu	𩍘
ocgese	𩍙
ocgesv	𩍚
ocgege	𩍛
ocgejp	𩍝
ocgelw	𩍢
ocgeye	𩍣
ocgexu	𩍥
ocgeer	𩍦
ocgeju	𩍧
ocgekv	𩍨
ocgepu	𩍩
ocgevd	𩍪
ocgemg	𩍬
ocgeji	𩍮
ocgevi	𩍵
ocgexm	𩍹
ocgelu	𩍼
ocgebo	𩍿
ocgejm	𩎀
ocgefj	𩎆
ocgezj	𩎈
ocgeli	𩎉
ocgelo	𩎊
ocgexm	𩎌
ocxmge	𩎍
ocwwgj	𩎒
ocwwqr	𩎓
ocwwyc	𩎔
ocwwji	𩎕
ocwwjb	𩎖
ocwwqm	𩎗
ocwwbc	𩎘
ocwwyt	𩎙
ocwwii	𩎚
ocwwfu	𩎛
ocwwpi	𩎜
ocwwyr	𩎝
octdww	𩎞
ocwwww	𩎟
ocwwfu	𩎠
ocfuww	𩎡
ocwwvc	𩎣
ocwwgf	𩎤
ocwwyi	𩎥
ocwwjn	𩎦
ocwwfu	𩎧
ocwwgf	𩎨
ocwwyb	𩎪
ocwwdo	𩎫
ocwwge	𩎬
ocwwyi	𩎭
ocwwuu	𩎯
ocwwdv	𩎰
ocwwjx	𩎱
ocfuww	𩎵
ocwwyi	𩎶
ocwwjr	𩎸
ocwwho	𩎹
ocwwwj	𩎺
ocwwfw	𩎻
ocwwto	𩎼
ocwwda	𩎽
ocwwpc	𩎾
ocwwih	𩎿
ocwwbw	𩏂
ocwwbi	𩏃
ocwwbw	𩏄
ocwwyr	𩏅
ocwwxr	𩏆
ocwwdr	𩏇
ocwwji	𩏊
ocwwdy	𩏋
ocwwhe	𩏌
ocwwgv	𩏐
ochdww	𩏓
ocqrww	𩏗
ocwwcv	𩏘
ocwwic	𩏙
ocwwhv	𩏚
ocwwlz	𩏝
ocwwlw	𩏞
ocwwdg	𩏠
ocwwgv	𩏡
ocwwjn	𩏢
ocxuww	𩏣
ocwwdj	𩏥
ochxww	𩏧
ocwwys	𩏨
ocwwqm	𩏩
ocwwse	𩏫
ocwwbo	𩏭
ocwwkv	𩏱
ocwwhv	𩏲
ocwwpo	𩏳
ocwwbo	𩏵
ocwwjt	𩏺
ocwwnw	𩏼
ocwwui	𩏿
ocwwxx	𩐀
ocddjq	𩐁
oculjq	𩐂
octyjq	𩐄
ocdvjq	𩐌
ocmojq	𩐍
ociijq	𩐎
ocfjjq	𩐏
ocybjq	𩐗
ocyryb	𩐘
ocybjb	𩐙
ocybfu	𩐚
ocybwa	𩐛
ocybbc	𩐜
ocybju	𩐝
ocdoyb	𩐞
ocybjn	𩐟
ocybgs	𩐠
ocxlyb	𩐢
ocybgl	𩐣
ocybts	𩐤
ocybhe	𩐥
ocybyi	𩐦
ocybhj	𩐧
ocybjl	𩐨
ocybjy	𩐩
ocybyr	𩐪
ocybuu	𩐫
ocybnm	𩐭
ocybye	𩐱
ocybmc	𩐲
ocybye	𩐳
octkyb	𩐴
ocybgs	𩐵
ocybts	𩐹
ocybjk	𩐺
ocybmo	𩐻
ocybsu	𩐼
ocybjk	𩐿
ocybww	𩑁
ocybuu	𩑂
ocybye	𩑃
ocyblw	𩑆
ocybgl	𩑈
ocyblk	𩑊
ocyzye	𩑌
ocjiye	𩑏
ociaye	𩑐
ocmeye	𩑑
octoye	𩑒
ocxyye	𩑓
ocqiye	𩑔
ockvye	𩑕
ocwjye	𩑖
ocycye	𩑗
ocyeuj	𩑘
ocrfye	𩑙
ocfgye	𩑚
ocycye	𩑛
ocrsye	𩑜
ocmcye	𩑝
ocjbye	𩑟
ocqiye	𩑡
ocbuye	𩑢
ocyzye	𩑣
ocwuye	𩑤
ocuiye	𩑥
ocizye	𩑧
ocnqye	𩑩
ocnmye	𩑪
ocjiye	𩑬
ochxye	𩑭
ocwuye	𩑮
ocdzye	𩑯
ocdjye	𩑰
ocbaye	𩑱
ocyzye	𩑲
ocpkye	𩑳
ocyzye	𩑴
ocwwye	𩑵
ocguye	𩑶
ocmoye	𩑷
ockeye	𩑸
ocxrye	𩑹
ocrjye	𩑺
ocbdye	𩑻
ocpoye	𩑼
occiye	𩑽
ocdiye	𩑾
octaye	𩒂
ocwuye	𩒃
occeye	𩒄
ocbfye	𩒅
ocxsye	𩒇
ocvfye	𩒉
ocvuye	𩒊
octdye	𩒎
ochvye	𩒏
ocviye	𩒐
ocklye	𩒑
ocgsye	𩒓
ocniye	𩒕
ockdye	𩒖
octsye	𩒗
ocisye	𩒘
ocxmye	𩒙
ocglye	𩒚
ocfzye	𩒡
ocgfye	𩒢
ocjqye	𩒦
ocviye	𩒨
ocqqye	𩒮
ocwoye	𩒰
ockyye	𩒱
ocgsye	𩒴
ocieye	𩒷
ocfuye	𩒺
ocybye	𩒻
ocysye	𩒼
ocxiye	𩒽
ocwuye	𩒾
oclsye	𩒿
ocqyye	𩓀
ocdiye	𩓂
ocjnye	𩓅
ocxiye	𩓇
ocldye	𩓋
ocyiye	𩓎
ocboye	𩓐
ocfuye	𩓖
ocqiye	𩓗
ochsye	𩓘
ocjuye	𩓛
ocmhye	𩓜
ocbiye	𩓝
ocvgye	𩓞
ocviye	𩓡
ocanye	𩓤
ocytye	𩓥
ocquye	𩓦
ocyiye	𩓧
ocqkye	𩓨
ocyaye	𩓩
ocluye	𩓪
ocjrye	𩓫
occdye	𩓰
ocueye	𩓱
ocbnye	𩓳
ocyjye	𩓹
ocjsye	𩓺
ocxurj	𩓾
ocsvye	𩔀
ocmmye	𩔁
octrye	𩔂
ocyrye	𩔃
ocgvye	𩔆
ochlye	𩔇
ocgeye	𩔈
ocyeye	𩔊
ocyuye	𩔐
ocyeye	𩔑
ocyuye	𩔔
ocqqye	𩔕
oclwye	𩔖
oclzye	𩔗
ocysye	𩔘
ocwgye	𩔚
ocrsye	𩔜
ocqbye	𩔝
ocmiye	𩔢
ocsuye	𩔥
ocvvye	𩔦
ocjxye	𩔧
ocxiye	𩔨
ocyrye	𩔭
ocbjye	𩔮
ocyiye	𩔱
oclqye	𩔲
oczeye	𩔳
ocluye	𩔴
ocljye	𩔵
ocmaye	𩔶
ocmoye	𩔷
ocquye	𩔸
ocuuye	𩔼
ocxubw	𩔾
ocaoye	𩕀
oclwye	𩕃
ocvhye	𩕆
octsye	𩕉
ocujye	𩕊
ocnkye	𩕋
ocsfye	𩕌
ocfjye	𩕏
oclnye	𩕐
ocxlye	𩕓
oclbye	𩕔
octiye	𩕗
ocxuye	𩕚
ockvye	𩕜
ocyeye	𩕟
ocseye	𩕡
ocdkye	𩕢
ocbiye	𩕬
ocyrye	𩕮
ocuzye	𩕯
ocmgye	𩕱
ocyiye	𩕲
ocnkye	𩕳
occhye	𩕹
ociiye	𩖁
ocuuye	𩖅
ocykye	𩖍
ochsye	𩖎
occuye	𩖑
ocyryr	𩖒
ocyjye	𩖖
ocjbye	𩖗
ocuifg	𩖘
ocfgli	𩖙
ocfguc	𩖚
ocfgfj	𩖛
ocfgxy	𩖜
ocfguj	𩖞
ocxkfg	𩖟
ocfgnv	𩖠
ocfgxi	𩖡
ocfggs	𩖢
ocwffg	𩖣
ocfgty	𩖤
ocfguc	𩖥
ocfgjb	𩖦
ocfgho	𩖧
ocfgwu	𩖨
ocfgji	𩖪
ocfgfh	𩖫
ocfufg	𩖬
ocfgfu	𩖭
ocfgqr	𩖮
ocfgnw	𩖯
ocfgwf	𩖰
ocfguv	𩖱
ocbufg	𩖲
ocfgvi	𩖳
ocfgmc	𩖴
ocfglk	𩖵
ocfguu	𩖶
ocfgiu	𩖷
ocfghc	𩖸
ocfgni	𩖹
ocfggj	𩖺
ocfgys	𩖻
ocfgfu	𩖼
ocfgpi	𩖽
ocwjfg	𩖿
ocfgbd	𩗀
ocfgxr	𩗁
ocfgmo	𩗂
ocfgqp	𩗃
ocfggs	𩗄
ocfgxq	𩗆
ocfghz	𩗇
ocfgdo	𩗈
ocfgua	𩗉
ocfgji	𩗊
ocfgvz	𩗋
ocfglq	𩗌
ocfgyu	𩗍
ocfgui	𩗎
ocxifg	𩗏
ocfgmi	𩗐
ocfgjn	𩗒
ocfgbo	𩗓
octofg	𩗔
ocfgqq	𩗕
ocfgll	𩗖
ocfgbw	𩗗
ocfgww	𩗘
ocfgve	𩗙
ocfgyz	𩗚
ocfgui	𩗛
ocfgww	𩗜
ocfgis	𩗝
ocfgbm	𩗞
ocfgqi	𩗠
ocfguz	𩗡
ocfggs	𩗢
ocfguu	𩗣
ocfghj	𩗤
ocfgyi	𩗥
ocfhfg	𩗧
ocfgvi	𩗨
ocjbfg	𩗩
ocfgvz	𩗪
ocfgbw	𩗫
ocfgjk	𩗬
ocfgli	𩗭
ocwwfg	𩗯
ocfgiv	𩗰
ocfgxi	𩗱
ocfgvg	𩗲
ocfgjp	𩗳
ocfgfg	𩗴
ocfguh	𩗵
ocfgzu	𩗶
ocfgyj	𩗷
ocyjfg	𩗹
ocfgyi	𩗺
ocfgvs	𩗻
ocfgqk	𩗼
ocfgya	𩗽
ocfgll	𩗾
ocfgyu	𩗿
ocfgvo	𩘀
ocjkfg	𩘁
ocfgmw	𩘄
ocjpfg	𩘅
ocfgfu	𩘆
ocfghs	𩘇
ocfgyz	𩘈
ocfgyu	𩘉
ocfgci	𩘊
ocfghz	𩘋
ocfgqq	𩘌
ocfggs	𩘎
ocfgye	𩘏
ocfgtr	𩘐
ocfgyk	𩘑
ocxrfg	𩘒
ocykfg	𩘕
ocfgjp	𩘗
ocfgqr	𩘘
ocwwfg	𩘚
ocfgth	𩘜
ocfgso	𩘝
ocfgqi	𩘞
ocfgsu	𩘟
ocfgqb	𩘢
ocfgsu	𩘣
ocfgqi	𩘥
ocfgue	𩘧
ocrsfg	𩘨
ocfgtv	𩘩
ocfgrs	𩘪
ocfghd	𩘫
ocfgtv	𩘬
ocfgxq	𩘭
ocaofg	𩘮
ocfgvr	𩘯
ocfgsu	𩘰
ocfglv	𩘱
ocfgnn	𩘲
ocfgcc	𩘳
ocfgxi	𩘴
ocfgnn	𩘵
ocfgxr	𩘶
ocfgsu	𩘹
ocfggv	𩘺
ocfgdg	𩘼
octhfg	𩘽
ocfgdj	𩘾
octjfg	𩙀
ochlfg	𩙁
oclnfg	𩙂
ocwwfg	𩙃
ocdgfg	𩙄
ocfgth	𩙆
ocfgsv	𩙇
ocfgzc	𩙈
ocfgww	𩙉
ocfgyu	𩙋
ocfgyu	𩙍
oclqfg	𩙔
ocbcfg	𩙕
ocfgli	𩙖
ocfgls	𩙘
ocfglu	𩙙
ocfgxn	𩙚
ocfghs	𩙛
ocnpfg	𩙝
ocfgba	𩙥
ocfgbd	𩙦
ocfguz	𩙧
ocfgsu	𩙨
ocfgvo	𩙩
ocfgyj	𩙪
ocfgzc	𩙫
ocfggv	𩙬
ocfgso	𩙭
ocfggc	𩙮
ocfghl	𩙯
ocfgzc	𩙰
ocnqfw	𩙲
oclkfw	𩙳
ocjyfw	𩙵
ocgcfw	𩙷
ocngfw	𩙸
ocfgfw	𩙹
ocfwbw	𩙻
ocdjfw	𩙼
ocuive	𩚂
ocuiyz	𩚄
ocuibu	𩚅
ocuiru	𩚆
ocuicc	𩚇
ocuiuc	𩚈
ocuiye	𩚉
ocuiwu	𩚌
ocuijb	𩚍
ocuiuj	𩚎
ocxiui	𩚏
ocuiwj	𩚐
ocuifj	𩚑
ocuirf	𩚒
ocirui	𩚓
ocuinv	𩚔
ocuijb	𩚕
ocuiiz	𩚖
ocuirs	𩚗
ocuigz	𩚘
ocuiuc	𩚙
ocuiee	𩚚
ocuinw	𩚛
ocjbui	𩚜
ocuigk	𩚟
ocuifh	𩚠
ocuivi	𩚡
ocuihu	𩚢
ocuiri	𩚣
ocuiqi	𩚤
ocuiba	𩚥
ocuiqp	𩚦
ocuige	𩚧
ocuiqq	𩚨
ocuigu	𩚩
ocuiui	𩚪
ocuivg	𩚫
ocuifu	𩚭
ocuifj	𩚮
ocuini	𩚯
ocuihv	𩚰
ocuijs	𩚱
ocuijx	𩚲
ocuibm	𩚳
ocwjui	𩚴
ocuigj	𩚵
ocuixs	𩚶
ocliui	𩚷
ocuilk	𩚹
ocuipi	𩚼
ocuiyu	𩚽
ocbwui	𩚾
ocmcui	𩛁
ocuinu	𩛂
ocuigx	𩛃
ocuibk	𩛄
ocuibd	𩛇
ocddui	𩛈
ocuiif	𩛉
ocuifz	𩛊
ocuidv	𩛍
ocuiji	𩛑
ocfzui	𩛒
ocuixm	𩛔
ocfzui	𩛕
ocuian	𩛖
ocuigs	𩛘
ocyiui	𩛚
ocuigs	𩛛
ocuifu	𩛞
ocuimm	𩛟
ocuizo	𩛠
ocuill	𩛡
ocyzui	𩛢
ocuivi	𩛣
ocuiys	𩛤
ocuiig	𩛦
ocuihj	𩛧
ocuijx	𩛩
ocuiyu	𩛭
ocuisi	𩛮
ocuijs	𩛯
ocqqui	𩛰
ocuixn	𩛱
ocuimh	𩛲
ocuidd	𩛴
ocuifz	𩛷
ocuimw	𩛸
ocuilu	𩛼
ocuili	𩛾
ocuiyi	𩛿
ocuiiv	𩜀
ocuilk	𩜁
ocuiuu	𩜂
ocuiju	𩜃
ocuiya	𩜄
ocuixi	𩜅
ocuijr	𩜇
ocuiue	𩜉
ocuiuh	𩜋
ocuiwj	𩜌
ocuids	𩜍
ocuiqk	𩜎
ocuiyu	𩜏
ocuivv	𩜑
ocndyh	𩜒
ocuicd	𩜓
ocbiui	𩜔
ocmcui	𩜕
ocuibw	𩜗
ocuizu	𩜘
ocuixk	𩜜
ocuiqq	𩜞
ocuiah	𩜟
ocuiyj	𩜠
ocfhui	𩜢
ocuibo	𩜤
ocboui	𩜥
ocuidk	𩜦
ocuind	𩜪
ocuimw	𩜫
ocuike	𩜭
ocuifu	𩜰
ocuiuf	𩜱
ocuifu	𩜲
ocuiys	𩜳
ocuizi	𩜴
ocuidr	𩜵
ocuiyu	𩜶
ocuirz	𩜷
ocaoui	𩜸
ocuihs	𩜺
ocpbui	𩜻
ocuive	𩜼
ocuiyj	𩜽
ocyjui	𩜾
ocuigo	𩝄
ocuijl	𩝅
ocuihr	𩝆
ocuimz	𩝇
ocuixm	𩝈
ocuiui	𩝊
ocuiqq	𩝋
ocuisv	𩝌
ocuimw	𩝏
ocuizi	𩝐
ocuixr	𩝑
ocuixu	𩝔
ocuiye	𩝗
ocuiqi	𩝙
ocuiii	𩝚
ocuihd	𩝛
ocuigc	𩝝
ocuich	𩝞
ocuiiz	𩝠
ocpplh	𩝢
ocuisu	𩝥
ocuixq	𩝧
ocuizd	𩝪
ocjlui	𩝫
ocuiia	𩝭
ocuiyi	𩝱
ocuixu	𩝲
ocuijl	𩝴
ocuiwu	𩝷
ocuiyr	𩝸
ocuivf	𩝻
ocuiql	𩝽
ocuiuh	𩝾
ocuidi	𩝿
ocuicj	𩞀
ocmaui	𩞁
ochuui	𩞂
ocuicc	𩞄
ocuicv	𩞅
ocuics	𩞆
ocluui	𩞇
ocuivu	𩞈
ocuiis	𩞉
ocuiji	𩞊
ocuiys	𩞋
ocuisu	𩞍
ocjbui	𩞎
ocuivj	𩞏
occsui	𩞐
ociiui	𩞕
ocuigd	𩞖
ocuimj	𩞘
ocuilm	𩞙
ocjiui	𩞚
ocuisv	𩞢
ocdyui	𩞤
ocuiih	𩞥
ocuivh	𩞦
ocuixl	𩞧
ocuihl	𩞩
ocuidg	𩞬
ocuiyh	𩞭
ocuill	𩞯
ocuida	𩞰
ocuiti	𩞲
ocuihu	𩞵
ocuisu	𩞸
ocuilb	𩞻
ocuifa	𩞽
ocuiuu	𩞾
ocuigj	𩞿
ocuiys	𩟀
ocuigo	𩟂
ocuilk	𩟃
ocuixi	𩟄
ocuiqm	𩟅
ocuiao	𩟇
ocuidh	𩟈
ocuins	𩟊
ocuivj	𩟋
ocuizc	𩟎
ocuivj	𩟏
ocuida	𩟐
ocuiho	𩟓
ocuica	𩟔
ocuiuz	𩟕
ocjmui	𩟗
ocuivg	𩟘
ocuijp	𩟙
ocuijb	𩟝
ocuimg	𩟞
ocuime	𩟠
ocuidv	𩟡
ocuipu	𩟢
ocuile	𩟧
ocuiln	𩟩
ocuilw	𩟬
ocuils	𩟭
ocuiho	𩟯
ocuidu	𩟵
ocuiqu	𩟹
ocuilj	𩟺
ocuilk	𩟽
ocuiui	𩟾
ocuinw	𩟿
ocuiba	𩠀
ocuigj	𩠁
ocuijx	𩠃
ocuild	𩠄
ocuida	𩠅
ocuidk	𩠆
ocuixy	𩠇
ocuinm	𩠈
ocuijr	𩠉
ocuidr	𩠊
ocuixu	𩠋
ocuiss	𩠌
ocuixr	𩠍
ocuicc	𩠎
ocuivh	𩠏
ocdkuz	𩠑
ocuzqi	𩠓
ocuzmc	𩠔
ocuzba	𩠕
ocpiuz	𩠗
ocuzwd	𩠘
ocbauz	𩠙
ocuzhd	𩠚
ocuzif	𩠛
ocuzhv	𩠠
ocuzfu	𩠤
ocxnuz	𩠦
ocuzju	𩠧
ocuzuz	𩠬
ocuzwu	𩠭
ocuzji	𩠯
ocuzvv	𩠱
ocuzgo	𩠲
ocuzvv	𩠳
ocuzhv	𩠴
ocuzzd	𩠵
ocnfuz	𩠶
ocuzdu	𩠸
ocdruz	𩠹
ocxlhg	𩠺
ocxljb	𩠻
ocheyc	𩠼
ocxlmu	𩠽
ocbkxl	𩠾
ocxlmo	𩠿
ocxllk	𩡁
ocxlvc	𩡂
ocxluf	𩡃
ocxlhe	𩡄
ocxlmi	𩡅
ocxlfg	𩡇
ocxlxn	𩡈
ocxlff	𩡉
ocwwxl	𩡊
ocxltm	𩡋
ocxlxl	𩡌
ocxlyz	𩡎
ocxlyu	𩡏
ocxlxl	𩡐
ocxlwg	𩡓
ocxlhd	𩡔
ocphxl	𩡕
ocxlai	𩡖
ocxliz	𩡗
ocxlxx	𩡘
ocxlmj	𩡙
ocxlgd	𩡚
ocwwxl	𩡛
ocxllh	𩡜
ocxltj	𩡝
ocxlgv	𩡞
ocuuxl	𩡠
ocxlbi	𩡡
ocxlai	𩡣
ocmaxi	𩡧
ocppma	𩡨
ocmaba	𩡩
ocuima	𩡪
ocjima	𩡫
ocmabu	𩡭
ocmarf	𩡮
ocmadk	𩡯
ocmaxy	𩡰
ocdama	𩡱
ocmarf	𩡲
ocmakz	𩡳
ocmaqm	𩡴
ocxyma	𩡵
ocmatu	𩡶
ocqrma	𩡷
ocmaqi	𩡹
ocmajp	𩡺
ocmayc	𩡻
ocmabm	𩡼
ocpjma	𩡽
ocmauc	𩡾
ocaoma	𩡿
ocmaty	𩢀
oculma	𩢂
ocmayr	𩢄
ocmage	𩢅
ocmajb	𩢇
ochuma	𩢉
ocmayt	𩢋
ocwfma	𩢌
ocmagx	𩢍
ocmaiu	𩢎
ocmava	𩢐
occima	𩢑
ocmayz	𩢒
ocmacc	𩢓
ocmabj	𩢔
ocmabf	𩢕
ocmamo	𩢖
ocmapo	𩢘
ocmaxs	𩢛
ocmapm	𩢝
octdma	𩢠
ocmarj	𩢡
ocmavi	𩢢
ocmayu	𩢤
ocyhma	𩢥
ocmads	𩢦
ocmaqu	𩢧
ocmagj	𩢨
ocmagu	𩢪
ocugma	𩢫
ocmalu	𩢬
ocmaci	𩢭
ocxqma	𩢮
ocmafu	𩢰
ocmahv	𩢱
ocmali	𩢲
ocyuma	𩢳
ocmaji	𩢴
ocmavd	𩢵
ocmabd	𩢷
ocmavz	𩢸
ocmajq	𩢹
ocvuma	𩢻
ocmakl	𩢼
ocgsma	𩢽
oclpma	𩢾
ocmafz	𩢿
ocmarz	𩣀
ocxmma	𩣂
ocjqma	𩣅
ocmayh	𩣆
ocmahl	𩣇
ocruma	𩣉
ocmaxu	𩣊
ocmayz	𩣋
ocmaye	𩣌
ocmayh	𩣍
ocirma	𩣏
ochlma	𩣐
ocmaan	𩣑
ocmakx	𩣔
ocmajl	𩣕
ocmalb	𩣖
ocqqma	𩣗
ocmafz	𩣚
ocmafz	𩣜
ocmabu	𩣝
ocmaji	𩣞
ocuama	𩣟
ocuama	𩣠
ocmabo	𩣡
ocmacs	𩣢
ocwoma	𩣣
ocmagu	𩣥
ocmamm	𩣦
ocmato	𩣧
ocwoma	𩣨
ocmave	𩣩
ocmali	𩣫
ocmatu	𩣮
ocmada	𩣯
ocmalu	𩣱
ocmadm	𩣲
ocmads	𩣳
ocmawj	𩣵
ocmkma	𩣶
ocivma	𩣷
ocmafu	𩣸
ocquma	𩣹
ocmabf	𩣺
ocmaks	𩣼
ocmabk	𩤀
ocmaya	𩤃
ocmaju	𩤅
oclbma	𩤆
ocmaly	𩤇
ocmaxi	𩤈
ocmahx	𩤉
ochuma	𩤌
ocmadm	𩤎
ocmazu	𩤏
ocmayi	𩤒
ocmaqu	𩤓
ocmayj	𩤔
ocmabn	𩤕
ocmatk	𩤙
ocmadr	𩤚
ocmayu	𩤛
ocmave	𩤜
ocmayh	𩤟
ocmajp	𩤠
ocxrma	𩤡
ocmadi	𩤢
ocmadr	𩤣
ocmmma	𩤤
ocmaxm	𩤥
ocjmma	𩤦
ocmatj	𩤧
ocmaqb	𩤨
ockema	𩤩
ocmaww	𩤮
ocykma	𩤯
ocmaci	𩤲
ocmaxk	𩤵
ocmaah	𩤶
ocmaqi	𩤷
ocmaww	𩤸
ocmaxl	𩤹
ocyuma	𩤺
ocmasi	𩤽
ocmaqm	𩤾
ocmaqi	𩥀
ocmath	𩥁
ocmaqi	𩥂
ocmavf	𩥄
ocmayc	𩥅
ocmalv	𩥆
ocmavj	𩥇
ocmawf	𩥈
ocmaqi	𩥉
ocgcma	𩥊
ocmama	𩥋
ocmahd	𩥌
ocmawu	𩥎
ocmaui	𩥐
ocycma	𩥓
ocmdma	𩥔
ocmajb	𩥕
ocmaia	𩥙
ocmaqb	𩥚
ocmawg	𩥛
ocmazi	𩥝
ocqima	𩥞
ocgvma	𩥢
ocmayc	𩥣
ocwuma	𩥦
ocmaro	𩥩
ocmais	𩥫
ocmali	𩥬
ocmayu	𩥭
ocmaij	𩥮
ocmali	𩥴
ocmaii	𩥹
ocmays	𩥻
ocmaqi	𩥼
ocmatu	𩥽
ocmasu	𩥿
ocmali	𩦀
ocmaxm	𩦂
ocmaxm	𩦃
ocmaxi	𩦇
ocbima	𩦉
ocmahj	𩦊
ocmaji	𩦋
ocmash	𩦌
octsma	𩦍
ocmafw	𩦎
ocmauj	𩦐
ocmajt	𩦒
ocmaxy	𩦖
ocmacv	𩦗
ocmaln	𩦚
ocmaug	𩦝
ocmage	𩦞
ocmakv	𩦟
ocmapn	𩦠
ocyuma	𩦡
ocmayu	𩦢
ocmaji	𩦤
ocmabf	𩦥
ocmazh	𩦦
ocjnma	𩦨
ocmajy	𩦩
ocmann	𩦫
ocmaye	𩦭
ocmahv	𩦱
ocmajp	𩦷
ocmajm	𩦹
ocmamg	𩦺
ocmatd	𩦽
ocbncy	𩦾
ocmale	𩧂
ocmawj	𩧃
ocmavi	𩧄
ocmafj	𩧅
ocmacd	𩧇
ocmamd	𩧈
ocmagl	𩧉
ocmali	𩧋
ocmalw	𩧍
ocmaho	𩧏
ocmaxn	𩧓
ocmaqu	𩧘
ocquma	𩧚
ocmavr	𩧜
ocjtma	𩧡
ocmalv	𩧥
ocmajp	𩧦
ocmali	𩧧
ocmayz	𩧨
ocmajm	𩧩
ocmals	𩧪
ocmayh	𩧫
ocmarj	𩧬
ocmaui	𩧭
oclpma	𩧮
ocmafa	𩧯
ocmajy	𩧰
ocmaqi	𩧱
ocmats	𩧲
ocmavz	𩧳
ocmaqr	𩧴
ocmaji	𩧵
ocirma	𩧶
oclcma	𩧷
oclima	𩧸
ocmali	𩧹
ocmaju	𩧺
ocmawj	𩧻
ocmabf	𩧼
ocmagu	𩧽
ocmafu	𩧿
ocmahe	𩨀
ocmaiy	𩨁
ocmazs	𩨂
ocmajm	𩨃
ocmasz	𩨄
ocmaww	𩨅
ocmatk	𩨆
ocmalz	𩨇
ocmayu	𩨈
ocmaci	𩨉
ocmaqm	𩨊
ocmavf	𩨋
ocmavj	𩨍
ocmafj	𩨏
ocgudk	𩨑
ocguji	𩨒
ocgubu	𩨓
ocjqgu	𩨔
ocguyi	𩨕
ocguxy	𩨖
ocgukv	𩨗
ocguqi	𩨘
ocgugs	𩨙
ocgunv	𩨚
ocguto	𩨛
ocguba	𩨜
ocguvi	𩨝
ocguji	𩨞
ocguyc	𩨟
ocguya	𩨠
ocguuc	𩨡
ocguvx	𩨢
ocgufh	𩨣
ocguyb	𩨥
ocguxi	𩨦
ocgubi	𩨨
ocgufj	𩨩
ocguyb	𩨫
ocguxr	𩨬
ocguta	𩨭
ocguii	𩨯
ocguui	𩨰
occigu	𩨱
ocgubi	𩨲
ociugu	𩨳
ocguhc	𩨴
ocguvi	𩨵
ocguiu	𩨸
ocgujx	𩨹
ocguvu	𩨻
ocguqq	𩨼
ocgudv	𩨽
ocguww	𩨾
ocguhv	𩨿
ocguis	𩩁
ocguhe	𩩂
ocgukd	𩩄
ocguts	𩩅
ocisgu	𩩇
ocguhv	𩩈
ocguxn	𩩉
ocguhj	𩩊
ocgujk	𩩋
ocguxi	𩩌
ocguyr	𩩐
ocguwu	𩩑
ocguui	𩩒
ocguxn	𩩓
ocguzu	𩩔
ocguns	𩩖
ocguue	𩩗
ocyugu	𩩘
ocgubi	𩩚
ocguqi	𩩛
ocguks	𩩝
ocguiv	𩩞
ocguvo	𩩟
ocguzu	𩩠
ocgulk	𩩡
ocguer	𩩢
ocguyu	𩩣
ocguya	𩩤
ocguyu	𩩦
ocguyj	𩩧
ocgubn	𩩩
ocihgu	𩩪
ocguih	𩩫
ocguug	𩩭
ocgudu	𩩮
ocgubm	𩩯
ocgujp	𩩰
ocguxx	𩩱
ocguhe	𩩲
ocguvs	𩩳
ocguxm	𩩴
ocguhz	𩩵
ocguui	𩩶
ocguyj	𩩷
ocguge	𩩸
ocguqr	𩩺
ocgudy	𩩻
ocguyb	𩩿
ocguvv	𩪀
ocgugv	𩪁
ocguqi	𩪂
ocguhd	𩪃
ocgugu	𩪆
ocgulu	𩪉
ocgupn	𩪊
ocaogu	𩪋
ocgufg	𩪌
ocguqu	𩪍
ocgumh	𩪎
ocgugo	𩪐
ocguic	𩪑
ocgucv	𩪓
ocguao	𩪕
ocgubi	𩪖
ocgujt	𩪗
ocguts	𩪘
ocguln	𩪚
ocjtgu	𩪜
ocguxy	𩪞
ocdmgu	𩪡
ocguxb	𩪢
ocguyi	𩪣
ocguye	𩪤
ocgulk	𩪥
ocgupi	𩪧
ocgulm	𩪬
ocguho	𩪭
ocgume	𩪮
ocguxu	𩪰
ocguxy	𩪱
ocguii	𩪲
ocguyh	𩪴
ocguuu	𩪵
ocgujp	𩪶
ocgusv	𩪷
ocguli	𩪸
ocgutj	𩪺
ocgudr	𩪽
ocgcwj	𩪿
ocgcui	𩫀
ocgcmc	𩫁
ocgcks	𩫂
ocgcdz	𩫄
ocgcge	𩫅
ocgcug	𩫆
ocbugc	𩫇
ocgcqr	𩫈
ocgcpi	𩫋
ocgcjs	𩫌
ocgcug	𩫍
ocbkgc	𩫐
ocgcbk	𩫑
ocgcsi	𩫓
ocgcui	𩫕
ocgcyr	𩫘
ocgcuf	𩫙
ocgczu	𩫛
ocgcbw	𩫝
ocgctr	𩫞
ocgcgs	𩫢
ocgcyr	𩫣
ocgcjp	𩫤
ocicgc	𩫥
ocgccj	𩫦
ocgcbi	𩫬
ocgcis	𩫲
ocbnjq	𩫴
ocbnba	𩫵
ocbnln	𩫶
ocbnqi	𩫷
ocbnli	𩫸
ocbnjb	𩫹
ocbnuj	𩫺
ocbnji	𩫻
ocbnfj	𩫼
ocbntu	𩫽
ocbnya	𩫾
ocbnnw	𩬀
ocbnui	𩬁
ocbnyc	𩬃
ocbnzz	𩬄
ocbndj	𩬅
ocbngd	𩬆
ocbnqr	𩬇
ocbnbi	𩬈
ocbnff	𩬉
ocbnho	𩬊
ocbnyy	𩬌
ocbngr	𩬍
ocbnrf	𩬎
ocbnyt	𩬏
ocbnvx	𩬐
ocbnvj	𩬑
ocbnlk	𩬔
ocbnwu	𩬕
ocbnvf	𩬖
ocbnyz	𩬗
ocbner	𩬘
ocbnfu	𩬙
ocbngj	𩬚
ocbnbk	𩬝
ocbnmu	𩬞
ocbnva	𩬟
ocbntd	𩬠
ocbnqq	𩬡
ocbniu	𩬢
ocbnls	𩬤
ocbnce	𩬥
ocbnli	𩬦
ocbnvg	𩬧
ocbnqu	𩬨
ocbngu	𩬩
ocbnfj	𩬪
ocbnvi	𩬫
ocbnui	𩬭
ocbnys	𩬮
ocbngs	𩬰
ocbnvc	𩬱
ocbnyi	𩬲
ocbnrz	𩬳
ocbnyb	𩬵
ocbnyu	𩬶
ocbnni	𩬸
ocbnkl	𩬹
ocbnvi	𩬺
ocbndo	𩬻
ocbnya	𩬾
ocbnyi	𩬿
ocbnyz	𩭀
ocbngl	𩭂
ocbnis	𩭃
ocbnmi	𩭄
ocbnyu	𩭅
ocbnhe	𩭆
ocbnli	𩭇
ocbnxi	𩭉
ocbnju	𩭊
ocbnky	𩭋
ocbnjx	𩭌
ocbnfz	𩭍
ocbnto	𩭏
ocbnui	𩭐
ocbnii	𩭑
ocbnls	𩭒
ocbnyz	𩭓
ocbnfh	𩭔
ocbnxk	𩭖
ocbnfu	𩭗
ocbncd	𩭘
ocbnjk	𩭙
ocbndd	𩭚
ocbnjn	𩭛
ocbniv	𩭜
ocbnwo	𩭝
ocbnli	𩭞
ocbnvo	𩭟
ocbnjm	𩭠
ocbnxi	𩭡
ocbnan	𩭢
ocbnda	𩭣
ocbniv	𩭦
ocbnbw	𩭧
ocbnih	𩭨
ocbnds	𩭩
ocbnqu	𩭪
ocbnll	𩭫
ocbnfu	𩭬
ocbnky	𩭭
ocbnnm	𩭮
ocbnya	𩭯
ocbnyc	𩭰
ocbnde	𩭲
ocbnhu	𩭳
ocbnks	𩭴
ocbngr	𩭵
ocbnyz	𩭶
ocbnld	𩭷
ocbncj	𩭹
ocbnfu	𩭺
ocbnbc	𩭼
ocbnke	𩭽
ocbnbw	𩭿
ocbnqi	𩮁
ocbnhe	𩮂
ocbnze	𩮆
ocbnqq	𩮈
ocbnyb	𩮋
ocbnxl	𩮌
ocbnui	𩮍
ocbnia	𩮎
ocbnxm	𩮏
ocbnyu	𩮐
ocbngo	𩮑
ocbnjy	𩮔
ocbnqb	𩮕
ocbnqi	𩮖
ocbngc	𩮘
ocbnrs	𩮙
ocbnzc	𩮚
ocbnso	𩮛
ocbnti	𩮜
ocbnhd	𩮝
ocbnli	𩮞
ocbnrs	𩮠
ocbnji	𩮦
ocbnsh	𩮧
ocbnhe	𩮨
ocbnch	𩮩
ocbnua	𩮫
ocbnwg	𩮬
ocbnui	𩮭
ocbnwu	𩮮
ocbnao	𩮯
ocbnis	𩮱
ocbnij	𩮲
ocbnpn	𩮳
ocbncv	𩮴
ocbndz	𩮷
ocbnii	𩮸
ocbnlw	𩮹
ocbnwu	𩮼
ocbnvi	𩮿
ocbnsu	𩯀
ocbnlz	𩯁
ocbnji	𩯂
ocbnfw	𩯃
ocbnzy	𩯄
ocbnfu	𩯅
ocbnyc	𩯆
ocbndg	𩯇
ocbnzv	𩯉
ocbnln	𩯊
ocbnji	𩯋
ocbnfa	𩯌
ocbnug	𩯎
ocbnuu	𩯕
ocbnzs	𩯖
ocbnhw	𩯗
ocbnqn	𩯘
ocbnsv	𩯚
ocbnjn	𩯛
ocbnge	𩯝
ocbncj	𩯞
ocbnzc	𩯟
ocbnuu	𩯡
ocbndj	𩯤
ocbnuz	𩯦
ocbner	𩯨
ocbnzh	𩯩
ocbnli	𩯬
ocbnmj	𩯮
ocbnbc	𩯱
ocbnlw	𩯹
ocbnli	𩯺
ocbnmg	𩯼
ocbnld	𩯽
ocbnls	𩰀
ocbnbb	𩰄
ocbnch	𩰅
ocbnnh	𩰉
ocwhuu	𩰊
ocuuwh	𩰋
ocdzqi	𩰌
ocdzbm	𩰍
ocdzge	𩰎
ocdzff	𩰏
ocdzyz	𩰑
ocdzdz	𩰒
ocdzxl	𩰓
ocdzjb	𩰔
ocdzgu	𩰛
ocdzbb	𩰝
ocdzer	𩰞
ocgenq	𩰫
ocgege	𩰭
ocgedz	𩰮
ocgegu	𩰯
ocyhge	𩰱
ocgegv	𩰳
ocgeer	𩰴
ocgegf	𩰵
ocgehd	𩰶
ocgejk	𩰹
ocgeqy	𩰺
ocgeqq	𩰻
ocfuge	𩰾
ocgejm	𩱃
ocgege	𩱇
ocgeiu	𩱈
ocgefu	𩱉
ocgcge	𩱋
ocaoge	𩱏
ocgeuh	𩱐
ocjlge	𩱑
ocgeqq	𩱘
ocyuge	𩱢
ocgvli	𩱹
ocgver	𩱺
ocgvbu	𩱻
ocjqgv	𩱼
ocwugv	𩱽
octogv	𩱾
ocwhgv	𩱿
ocgvuj	𩲀
ocgvxi	𩲁
ocgver	𩲂
ocgvuc	𩲃
ocyzgv	𩲄
ocgvcy	𩲅
ocgvuj	𩲈
ocwhgv	𩲉
ocgvmc	𩲊
ockhgv	𩲋
ocfhgv	𩲌
ocgvnq	𩲍
ocgvuc	𩲎
ochxgv	𩲏
ocgvwu	𩲐
ocgvyy	𩲑
ocgvih	𩲒
ocgvyc	𩲓
ocgvho	𩲕
ocbigv	𩲖
ocgvfg	𩲗
oclcgv	𩲘
ocgvmu	𩲙
ocppgv	𩲚
ochxgv	𩲜
ocgvff	𩲝
ocgvyt	𩲞
ocgvqm	𩲟
ocgvfh	𩲠
ocppgv	𩲡
ocgvpi	𩲢
ocjxgv	𩲣
ocgvvc	𩲤
ocgvtd	𩲥
ocgvvj	𩲦
occigv	𩲨
ocgvlk	𩲩
ocgver	𩲪
ocuigv	𩲫
ocgvta	𩲮
ocgvbj	𩲯
ocgvgu	𩲱
ocgvqp	𩲲
ocgvjx	𩲳
ocgvyh	𩲴
ocgvug	𩲵
ocuigv	𩲶
ocgvhe	𩲷
ocbdgv	𩲸
ocgvua	𩲺
ocgvjn	𩲻
ocgvhu	𩲼
ocgver	𩲽
ocyzgv	𩲾
ocgvvi	𩳀
ocglgv	𩳁
ocuagv	𩳃
ocqugv	𩳄
ocgvvu	𩳅
ocgvlw	𩳆
oczigv	𩳈
ocgvvz	𩳉
ocgvmk	𩳊
ocgvhe	𩳋
ocgvwu	𩳌
ocgvjk	𩳍
ocgvfu	𩳎
ocvigv	𩳏
ocgvfu	𩳐
ocgvua	𩳑
ocgvuu	𩳒
ocgvli	𩳓
ocxngv	𩳔
ocgvto	𩳕
ocgvju	𩳖
ocgvwj	𩳚
ocgvie	𩳛
ocgvyz	𩳜
octygv	𩳝
ocgvqq	𩳞
ocgvui	𩳟
ocgvyj	𩳢
ocgvqi	𩳣
ocgvih	𩳤
ocgvvi	𩳦
ocyugv	𩳧
ocgvug	𩳪
ocllgv	𩳮
ocgvii	𩳲
ocgvld	𩳳
ocgvgx	𩳴
ocyegv	𩳶
ocgvww	𩳷
ocgvmn	𩳸
ocgvjp	𩳻
ockegv	𩳼
ociygv	𩳽
ocgvmm	𩳾
ocbwgv	𩳿
ocgvve	𩴀
ocgvxm	𩴁
ocgvvs	𩴂
ocgvji	𩴃
ocgvbm	𩴄
ocgvqi	𩴅
ocgvua	𩴇
ocgvyr	𩴉
ocgvia	𩴊
ocgvjm	𩴌
ocgvsz	𩴍
ocgvji	𩴎
ocgvlv	𩴐
ocgvcj	𩴑
ocqlgv	𩴒
ocgvys	𩴔
ocvjgv	𩴕
ocjrgv	𩴖
ocgvjb	𩴗
ocgviu	𩴘
ocgvuf	𩴙
ocgvdg	𩴝
ocgvww	𩴞
ocuegv	𩴟
ocgvlb	𩴠
ocgvgu	𩴡
ocgvln	𩴤
ocxugv	𩴥
ocjmgv	𩴦
ocgvjn	𩴧
ocgvyj	𩴩
ocjigv	𩴪
ocmdgv	𩴬
ocgvww	𩴰
ocbbgv	𩴱
ocmggv	𩴲
ocgvca	𩴳
ocgvjm	𩴵
ocgvxu	𩴶
ocyigv	𩴷
ocgvbb	𩴸
ocgvvd	𩴹
ocmdgv	𩴺
ocyhgv	𩴽
ocgvmp	𩴾
ocgvqu	𩵅
ocgvzj	𩵆
ocgvlo	𩵇
ocgvjt	𩵈
ocyuji	𩽹
ocyufu	𩽺
ocyufu	𩽻
ocyujy	𩽼
ocyuvd	𩽽
ocyuan	𩽾
ocyudo	𩽿
ocyuqq	𩾁
ocyuuz	𩾂
ocyumm	𩾃
ocyuxy	𩾄
ocyutu	𩾅
ocyuni	𩾆
ocyuhu	𩾇
ocyuuu	𩾈
ocyuxu	𩾊
ocyuvs	𩾋
ocyukh	𩾌
ocyuyz	𩾎
ocyurf	𩵋
ocyuln	𩵌
ocyujq	𩵍
ocyuyz	𩵎
ocyubi	𩵏
ocyuqi	𩵐
ocyuba	𩵒
ocyuli	𩵓
ocyuye	𩵔
ocyurf	𩵕
ocyuxn	𩵖
ocyusi	𩵗
ocyutu	𩵘
ocyuir	𩵙
ocyutu	𩵚
ocyzyu	𩵛
ocyuge	𩵜
ocyucd	𩵝
ocyuqm	𩵞
ocyugj	𩵟
ocyunq	𩵠
ocyuee	𩵡
ocyuqm	𩵢
ocyubu	𩵣
ocyuuu	𩵤
ocyuqr	𩵥
ocyumu	𩵦
ocyuqi	𩵧
ocyurs	𩵨
ocyufu	𩵩
ocyuji	𩵪
ocybyu	𩵫
ocyudz	𩵬
ocyuwh	𩵭
ocucyu	𩵮
ocyuho	𩵰
ocyuwu	𩵱
ocyuyc	𩵲
ocwfyu	𩵳
ocmuyu	𩵴
ocyuvs	𩵵
ocyryu	𩵶
ocyufu	𩵹
ocyuyt	𩵺
ocyugz	𩵻
ocyuyz	𩵼
ocyuxb	𩵽
ocyuvi	𩵾
ocyuya	𩶀
ocyubk	𩶁
ocyunk	𩶂
ocyuvu	𩶃
ocyuuu	𩶄
ocyudi	𩶅
ocyuci	𩶆
ocyuui	𩶇
ocyuhu	𩶈
ocyubu	𩶉
ocsiyu	𩶊
ocyumu	𩶋
ocyuiu	𩶌
ocyurj	𩶎
ocyuwa	𩶏
ocyubj	𩶐
ocyubd	𩶑
ocyumc	𩶒
ociyyu	𩶓
ocmuyu	𩶔
ocddyu	𩶕
ocyumu	𩶖
ocyuer	𩶗
ocyuli	𩶘
ocyuys	𩶙
ocyujx	𩶛
ocyuug	𩶜
ocyuvg	𩶝
ocyufj	𩶟
ocyumz	𩶢
ocyuvz	𩶣
ocyuxm	𩶤
ocyuis	𩶥
ocyuzd	𩶦
ocyujq	𩶧
ocyurz	𩶩
ocyuvi	𩶪
ocyuxt	𩶫
ocyusi	𩶬
ocyuwu	𩶭
ocruyu	𩶯
ocyudo	𩶰
ocyuvd	𩶱
occiyu	𩶲
ocyuii	𩶴
ocyule	𩶵
ocyuhl	𩶶
ocyugl	𩶸
ocyurs	𩶺
ocyuho	𩶻
ocyuua	𩶼
ocyulp	𩶽
ocyuyb	𩶾
ocjqyu	𩶿
ocrfyu	𩷀
ocyujl	𩷄
ocyuhv	𩷆
ocyulp	𩷈
ocyuyi	𩷉
ocyuuz	𩷊
ocyuli	𩷋
ocyuyi	𩷍
ocyudi	𩷎
ocyujk	𩷏
ocyuju	𩷐
ocyucf	𩷒
ocyuvi	𩷓
ocyuxb	𩷔
ocyull	𩷕
ocyubu	𩷖
ocyukl	𩷗
ocyuji	𩷘
ocyuls	𩷙
ocyubo	𩷚
ocyujn	𩷛
ocyugu	𩷝
ociuyu	𩷞
ocyujx	𩷟
ocyukh	𩷠
ocjqyu	𩷡
ocyuig	𩷣
ocyubp	𩷤
ocyuwo	𩷦
ocyuii	𩷧
ocyuxn	𩷨
ocyuif	𩷩
ocyujm	𩷪
ocyuyr	𩷫
ocklyu	𩷬
ocyufg	𩷭
ocwoyu	𩷯
ocyuxy	𩷰
ocyuji	𩷱
ocyuww	𩷳
ocyuty	𩷵
ocyumh	𩷶
ocyuvo	𩷹
ocyufu	𩷺
ocyuqr	𩷼
ocyuda	𩷽
ocyuqi	𩷾
ocyupg	𩸀
ocyubi	𩸁
ocyuff	𩸂
ocyutu	𩸃
ocyugo	𩸄
ocyufu	𩸅
ocyuyj	𩸆
ocyayu	𩸇
ocyupi	𩸉
ocyubo	𩸊
ocyuya	𩸋
ocyumk	𩸍
ocyudk	𩸎
ocyuru	𩸐
ocyuql	𩸑
ocyugh	𩸒
ocboyu	𩸓
ocxbyu	𩸔
ocyuih	𩸕
ocyayu	𩸖
ocyufh	𩸗
ocyugr	𩸘
ocyuli	𩸙
ocyuyy	𩸜
ocssyu	𩸝
ocyuqi	𩸞
ocyuuz	𩸣
ocyufu	𩸤
ocyuyj	𩸥
ocyuni	𩸦
ocniyu	𩸧
ocyuyi	𩸨
ocyuwj	𩸩
ocwjyu	𩸪
ocyuiv	𩸫
ocyupz	𩸬
ocyuli	𩸭
ocyufg	𩸮
ocyuvo	𩸯
ocyugu	𩸰
ocyujb	𩸱
ocyuui	𩸲
ocyumw	𩸳
ocyuvi	𩸴
ocyuvg	𩸵
ocyuyj	𩸶
ocyuqi	𩸸
ocyumi	𩸹
ocyuhx	𩸽
ocyuye	𩸾
ocyuzz	𩹀
ocyubk	𩹁
ocyuww	𩹂
ocyuke	𩹃
ocyuhe	𩹄
ocyuyk	𩹅
ocyutk	𩹇
ocyuvi	𩹈
ocyufw	𩹉
ocyugv	𩹍
ocyuyb	𩹎
ocyujl	𩹖
ocyull	𩹗
ocyupd	𩹘
ocyumc	𩹛
ocyuku	𩹜
ocyudu	𩹝
ocyunj	𩹞
ocyund	𩹟
ocyumm	𩹠
ocyuah	𩹡
ocyugo	𩹢
ocqqyu	𩹤
ocyufg	𩹥
ocyudr	𩹨
ocyufu	𩹩
ocyumw	𩹪
ocyuku	𩹬
ocyuii	𩹭
ocyumz	𩹮
ocyuzd	𩹯
ocyuvf	𩹰
ocyuxu	𩹱
ocyuvr	𩹲
ocyuyc	𩹴
ocyuth	𩹶
ocyugv	𩹷
ocyugs	𩹸
ocyuvi	𩹹
ocyuge	𩹺
ocyuyj	𩹽
ocyuna	𩹾
ocyuge	𩹿
ocyuji	𩺀
ociayu	𩺃
ocnayu	𩺈
ocyuii	𩺉
ocyuhl	𩺊
ocyumi	𩺍
ocyujy	𩺐
ocbjyu	𩺓
ocyuvf	𩺘
ocyusi	𩺛
ocyuni	𩺝
ocyush	𩺞
ocyuhz	𩺟
ocyubj	𩺡
ocyuve	𩺢
ocyuic	𩺣
ocyusu	𩺤
ocyuiu	𩺥
ocyuiy	𩺦
ocyufg	𩺨
ocyuba	𩺩
ocyubj	𩺪
ocyujy	𩺫
ocyuvv	𩺬
ocyulu	𩺮
oczuyu	𩺯
ocyuyu	𩺰
ocyuni	𩺱
ocyuua	𩺳
ocyumj	𩺴
ocyuuf	𩺵
ocyubi	𩺷
ocyuji	𩺺
ocyugd	𩺻
ociiyu	𩺾
ocyujk	𩺿
ocyuzu	𩻀
ocyumo	𩻁
ocyuis	𩻃
ocyuyu	𩻇
ocyuua	𩻈
ocyuli	𩻌
ocwwyu	𩻍
ocyuij	𩻏
ocyuli	𩻑
ocyuli	𩻒
ocyutu	𩻓
ocyuui	𩻔
ocyuyj	𩻖
ocyubu	𩻗
ocyuxm	𩻘
ocyuwu	𩻚
ocyuxy	𩻝
ocyuww	𩻟
ocyuts	𩻡
ocyuij	𩻣
ocyuhw	𩻤
ocyugo	𩻧
ocihyu	𩻪
ocyupg	𩻬
ocyuyi	𩻭
ocyuhx	𩻮
ocyuvh	𩻰
ocyujk	𩻱
ocyudd	𩻸
ocyuic	𩻹
ocyubw	𩻺
ocyuln	𩻻
ocyuhx	𩻽
ocyujm	𩻾
ocyuww	𩼀
ocyudz	𩼁
ocyujk	𩼃
ocyuns	𩼅
ocyugo	𩼆
ocyucj	𩼇
ocyuao	𩼈
ocyudh	𩼉
ocyuye	𩼋
ocyuww	𩼌
ocyupi	𩼎
ocyuse	𩼒
ocyulm	𩼔
ocyulm	𩼖
ocyuiz	𩼗
ocyuge	𩼙
ocyugj	𩼛
ocyuuu	𩼟
ocjpyu	𩼠
ocpiyu	𩼢
ocyugo	𩼣
ocyuju	𩼦
ocyubb	𩼧
ocyuyi	𩼨
ocyutr	𩼯
ocyuci	𩼰
ocyujm	𩼳
ocyjyu	𩼴
ocyuln	𩼶
ocyudv	𩼷
ocdvyu	𩼸
ocyuyu	𩼹
ocyuch	𩼺
ocyuli	𩼽
ocyuuw	𩽀
ocyulb	𩽂
ocyuvi	𩽄
ocyumd	𩽆
ocyuyz	𩽇
ocyulu	𩽈
ocyuuz	𩽉
ocyulw	𩽊
ocyuuu	𩽋
ocyuyi	𩽎
ocyuli	𩽏
ocyucj	𩽐
ocyuyj	𩽒
ocldyu	𩽓
ocyudu	𩽖
ocyuhv	𩽚
ocyubo	𩽛
ocyujm	𩽜
ocyuqk	𩽡
ocyuyk	𩽢
ocyump	𩽣
ocyuiz	𩽤
ocyulj	𩽥
ocyuul	𩽧
ocyuqu	𩽩
ocyunp	𩽪
ocyulj	𩽭
ocyuch	𩽮
ocyulo	𩽰
ocyubm	𩽲
ocyudh	𩽳
ocyuyj	𩽴
ocyuli	𩽵
ocyuba	𩽷
ocnnqm	𪉁
ocyynn	𪉂
ocwfnn	𪉃
ociinn	𪉄
ocuinn	𪉅
ocvinn	𪉆
ocnnxu	𪉇
occinn	𪉈
ocvlnn	𪉉
ochxnn	𪉊
ocirnn	𪉋
ocqqnn	𪉌
octunn	𪉍
ochynn	𪉎
ocmznn	𪉏
ocyunn	𪉐
ocaonn	𪉑
ocbjnn	𪉒
ocnnvf	𪉕
ochgnn	𩾏
ocnnve	𩾐
ocppnn	𩾑
ocnnln	𩾒
ocnner	𩾓
ocqinn	𩾔
ocbinn	𩾕
ocnnnd	𩾖
ocdnnn	𩾗
ociann	𩾘
ocnnqi	𩾙
ocdknn	𩾚
ocjqnn	𩾛
ocnnli	𩾜
ocnngj	𩾝
ocwjnn	𩾞
ocxnnn	𩾟
ocjinn	𩾠
ocnnuc	𩾡
ocyinn	𩾢
ocirnn	𩾣
ocqinn	𩾥
ocglnn	𩾦
ocnnir	𩾧
ocfjnn	𩾨
ocnnji	𩾩
ocdann	𩾪
ocnngs	𩾫
ocnngs	𩾬
ocqmnn	𩾭
ocmenn	𩾮
ocuvnn	𩾯
ocvinn	𩾰
ocnnmc	𩾱
ocwunn	𩾲
ocnnmm	𩾳
ocnnjp	𩾴
ocyznn	𩾵
ocnnji	𩾶
ocgenn	𩾷
oczenn	𩾸
ochxnn	𩾹
ocjknn	𩾺
ocqinn	𩾻
ocuvnn	𩾼
ocnnxb	𩾽
ocycnn	𩾾
ocfunn	𩾿
ocvsnn	𩿀
ocnnqr	𩿁
ocmcnn	𩿂
ocyynn	𩿃
ocpjnn	𩿄
ocgsnn	𩿅
ochunn	𩿇
ocffnn	𩿈
ocnnff	𩿉
ocytnn	𩿊
ochunn	𩿍
ocyunn	𩿎
oculnn	𩿏
ocjinn	𩿑
ocnnnq	𩿓
ocfjnn	𩿔
ocnnyy	𩿖
ocyunn	𩿗
ocnnmc	𩿘
ocnnge	𩿙
ocnndz	𩿚
ocqrnn	𩿛
ochvnn	𩿜
ocjunn	𩿝
ocvann	𩿞
ocqunn	𩿟
ocnnyt	𩿠
ocnntd	𩿡
ocvunn	𩿢
ocmonn	𩿣
ocvann	𩿤
ocernn	𩿥
ocvinn	𩿦
ocfunn	𩿧
ocqqnn	𩿨
ociunn	𩿩
ociinn	𩿪
ocyznn	𩿬
ocuunn	𩿯
ocytnn	𩿰
ocyunn	𩿱
ocwwnn	𩿲
ocvgnn	𩿳
ocnngu	𩿵
ocyhnn	𩿶
ocppnn	𩿷
ocqnnn	𩿸
ocqunn	𩿹
ocwann	𩿺
ocbwnn	𩿻
ocnnjx	𩿼
ocysnn	𩿾
ociunn	𩿿
ocbcnn	𪀀
ocnnjx	𪀁
ocnnyz	𪀂
ocvjnn	𪀄
ocgxnn	𪀅
ocuinn	𪀆
ocnnpi	𪀇
ocwjnn	𪀈
ockenn	𪀉
ocnnju	𪀊
ocnnjx	𪀋
ocnnjx	𪀌
ocnndi	𪀍
ocuinn	𪀎
ocnnju	𪀏
ocnnfj	𪀐
ocpinn	𪀑
ocnnvi	𪀒
ocnndo	𪀓
ocnnsi	𪀔
ocyinn	𪀕
ocwwnn	𪀗
ocjlnn	𪀘
ocyunn	𪀙
ocnnrs	𪀚
ocgsnn	𪀛
occinn	𪀜
ocninn	𪀝
ochlnn	𪀞
ochvnn	𪀟
ocnnxy	𪀠
ocfunn	𪀢
ocuann	𪀣
ocnnjl	𪀤
ocvdnn	𪀥
ocuinn	𪀦
oclcnn	𪀧
ocdonn	𪀩
ocxqnn	𪀪
ochvnn	𪀬
octsnn	𪀭
ochcnn	𪀮
ocglnn	𪀯
ocyinn	𪀰
ocjrnn	𪀲
ocnnmi	𪀳
ocnnyu	𪀴
ocrsnn	𪀵
ocxmnn	𪀷
ocnnui	𪀸
ocxinn	𪀹
ocpbnn	𪀻
ocrfnn	𪀼
ocxynn	𪀽
ocirnn	𪀾
ocminn	𪀿
ocyunn	𪁀
ocyinn	𪁂
ocjmnn	𪁃
ocnnji	𪁄
ocsenn	𪁅
ocnnhz	𪁆
ocisnn	𪁇
ocvlnn	𪁈
ocnnjn	𪁉
ocvenn	𪁊
ocignn	𪁋
ociinn	𪁌
ocjpnn	𪁍
ocxnnn	𪁎
occfnn	𪁏
oclinn	𪁐
ocdvnn	𪁑
ocnnls	𪁒
ocvinn	𪁓
oclcnn	𪁔
ocwonn	𪁕
ocqqnn	𪁖
ocnnyi	𪁗
ocwhnn	𪁘
ocwunn	𪁙
ocyinn	𪁛
ocllnn	𪁜
ocdznn	𪁞
ochjnn	𪁟
ocfhnn	𪁢
ocddnn	𪁣
ocuinn	𪁥
ocifnn	𪁧
ocnnyi	𪁨
ocnndi	𪁩
oclsnn	𪁪
ocnnjp	𪁫
ocnnfu	𪁭
ocxqnn	𪁮
ocvinn	𪁰
ocilnn	𪁱
ociunn	𪁲
oclvnn	𪁳
ocnngu	𪁴
ocjunn	𪁵
ocgonn	𪁶
ocnnql	𪁸
ocnnfw	𪁹
ocuhnn	𪁺
ocxinn	𪁻
ocbonn	𪁼
oczunn	𪁽
ocssnn	𪁿
ocnnfu	𪂀
ocminn	𪂁
ocvonn	𪂂
ocnnbw	𪂃
ociinn	𪂄
ocvinn	𪂅
ochynn	𪂆
ocihnn	𪂇
ocyjnn	𪂈
ochonn	𪂉
ocnnto	𪂊
ocnnvz	𪂋
ocdann	𪂌
ocnnxl	𪂎
ocfwnn	𪂏
ocdinn	𪂑
ochunn	𪂒
ocjunn	𪂔
ocyunn	𪂕
ocfunn	𪂖
ocnnpg	𪂙
ocnnlu	𪂚
ocqinn	𪂛
ocmwnn	𪂜
ocnnds	𪂝
ocfwnn	𪂞
ocbinn	𪂟
ocgonn	𪂠
ocmknn	𪂡
ocannn	𪂢
ocvvnn	𪂣
ocmknn	𪂤
ocfunn	𪂥
ocwjnn	𪂦
ocnnwj	𪂧
oclinn	𪂩
ocvznn	𪂪
ochunn	𪂬
ocnnwj	𪂭
ocgunn	𪂮
ocnngu	𪂯
ocnndi	𪂰
ocnnvo	𪂱
ocgunn	𪂲
ocnnky	𪂳
ocnnqk	𪂴
ochonn	𪂵
ocxmnn	𪂶
ociynn	𪂹
ocjinn	𪂺
ocxlnn	𪂼
ocpfnn	𪂽
ocuinn	𪂾
ocnnui	𪂿
ocnngo	𪃀
ocbcnn	𪃁
oclqnn	𪃂
ocfunn	𪃃
ocsinn	𪃄
ocxtnn	𪃅
ocnnzz	𪃆
ocqinn	𪃈
ocyhnn	𪃌
ocyunn	𪃍
ocyunn	𪃎
ocmznn	𪃏
ocnnmn	𪃐
ocmcnn	𪃑
ocdunn	𪃒
ocfunn	𪃓
oclonn	𪃕
ocnnxr	𪃗
oczdnn	𪃘
ocvenn	𪃙
ocyjnn	𪃛
ocddnn	𪃝
ocnnmn	𪃞
ochsnn	𪃡
ocnjnn	𪃢
ociynn	𪃣
ocmnnn	𪃦
ocmnnn	𪃧
ocyznn	𪃨
ocqqnn	𪃩
ocyunn	𪃪
ocqqnn	𪃬
ockenn	𪃭
ocwunn	𪃮
ocyrnn	𪃰
ochznn	𪃱
ocnnve	𪃲
ocyknn	𪃳
ocnnia	𪃵
ochznn	𪃶
ocyenn	𪃸
ocjinn	𪃹
ocgznn	𪃺
ocmdnn	𪃻
ocxinn	𪃼
ocfunn	𪃽
ocrsnn	𪃾
ocgenn	𪃿
ocbjnn	𪄀
ocyrnn	𪄁
ocxxnn	𪄂
ocdnnn	𪄄
ocuann	𪄅
ocfunn	𪄇
ocnnqb	𪄈
ocgsnn	𪄌
ocgenn	𪄎
ocbnnn	𪄒
ocnngv	𪄔
ocbjnn	𪄕
ocqinn	𪄖
ocnnxi	𪄛
ocuinn	𪄜
ocnnwu	𪄝
ocnniu	𪄞
ocvjnn	𪄡
ochcnn	𪄣
octcnn	𪄤
ocnngu	𪄥
ocnnia	𪄦
ocnnni	𪄧
ocucnn	𪄨
ocnnsy	𪄩
octunn	𪄫
ocyunn	𪄮
ocgvnn	𪄯
ocdinn	𪄱
ocuhnn	𪄲
ocmdnn	𪄳
ocmbnn	𪄴
ocjinn	𪄵
ocxinn	𪄶
oczenn	𪄸
ocihnn	𪄹
ocnnis	𪄻
ocwwnn	𪄼
ocjbnn	𪅀
ocisnn	𪅁
ocvhnn	𪅂
ocpnnn	𪅃
oclvnn	𪅄
ocltnn	𪅅
oclinn	𪅆
oclknn	𪅋
oclinn	𪅌
ocycnn	𪅎
ocmonn	𪅐
ocjknn	𪅑
ocqtnn	𪅓
ochlhl	𪅔
ocicnn	𪅕
ocisnn	𪅖
ocnnvr	𪅘
ociinn	𪅙
ocnnlz	𪅛
ocnncs	𪅜
ocnnnn	𪅝
ocnnys	𪅟
ocxqnn	𪅠
ocjmnn	𪅤
ocnngo	𪅦
ocdvnn	𪅧
ocyinn	𪅨
occjnn	𪅩
ocgonn	𪅪
ocyunn	𪅫
ocyjnn	𪅬
ocxqnn	𪅭
ocminn	𪅮
ocfgnn	𪅯
ocuunn	𪅰
ocuunn	𪅱
oceenn	𪅴
ocihnn	𪅶
ocjpnn	𪅸
ocnnji	𪅹
ochznn	𪅺
ocqinn	𪅾
ocsvnn	𪅿
ocvznn	𪆀
ocsinn	𪆁
ocqunn	𪆂
ocdynn	𪆃
ocnnjn	𪆄
ocisnn	𪆊
ocjpnn	𪆋
ocyznn	𪆎
ocnnts	𪆏
ocjinn	𪆐
ocyjnn	𪆒
ocnnyi	𪆖
ocsinn	𪆗
ocicnn	𪆘
ocjtnn	𪆙
ocyynn	𪆚
ocxunn	𪆛
ocuunn	𪆜
ocdynn	𪆝
oclbnn	𪆞
ocfunn	𪆠
ocnknn	𪆢
ocjknn	𪆣
ochwnn	𪆤
ocnnjn	𪆥
ocxunn	𪆦
ocnnyt	𪆧
ocjqnn	𪆩
ocnnqu	𪆫
ocnnlu	𪆬
ocnnsu	𪆭
ocnsnn	𪆯
ocgenn	𪆰
ocjxnn	𪆲
ocnnjy	𪆳
ockvnn	𪆴
occjnn	𪆶
ochxnn	𪆸
ocgonn	𪆹
ocvjnn	𪆻
oclwnn	𪆼
oclunn	𪆽
ocgunn	𪇀
ocdhnn	𪇁
ocnnuu	𪇆
ocqmnn	𪇇
ocainn	𪇈
ocysnn	𪇉
ocnnpi	𪇊
ocnnww	𪇋
ocnnns	𪇌
ocnngo	𪇍
ocjbnn	𪇎
ocjlnn	𪇏
ocxynn	𪇑
ocjknn	𪇒
ocmgnn	𪇓
occinn	𪇔
ocbbnn	𪇕
ocjmnn	𪇖
ocgunn	𪇗
ocuznn	𪇘
ochonn	𪇡
ocnnqi	𪇥
ocnnpu	𪇨
ocybnn	𪇩
ocvdnn	𪇪
ocnnkv	𪇫
ocyunn	𪇬
occdnn	𪇭
oclunn	𪇯
ocbcnn	𪇰
oclenn	𪇱
ocnnvf	𪇳
ocmpnn	𪇴
ocglnn	𪇵
ocjnnn	𪇶
oclvnn	𪇸
ocuwnn	𪇻
ocvfnn	𪈁
oclunn	𪈂
ocmgnn	𪈆
ocqmnn	𪈇
ocdunn	𪈌
ocldnn	𪈎
ocyjnn	𪈏
ocldnn	𪈐
ocnnlu	𪈒
ocxtnn	𪈔
oclsnn	𪈗
ochsnn	𪈘
ocnnxt	𪈙
oclvnn	𪈜
ocxtnn	𪈟
ocyknn	𪈠
ocyunn	𪈡
ocnnyk	𪈤
ocxynn	𪈧
ocljnn	𪈭
ochonn	𪈯
oclonn	𪈰
ocnnli	𪈳
ocjtnn	𪈴
ocgrnn	𪈸
ocuunn	𪈺
ocqrnn	𪈻
ocyknn	𪈾
ocmjnn	𪈿
oclutu	𪉖
ocluda	𪉗
ocluuu	𪉘
oclumc	𪉚
oclurs	𪉛
ocluvj	𪉜
ocmclu	𪉝
oclumb	𪉟
ocluwu	𪉠
ocludz	𪉣
ocyhlu	𪉤
oclumw	𪉥
ocluyj	𪉧
ocluih	𪉨
oclufg	𪉪
ocqllu	𪉬
ocluww	𪉭
ocluzz	𪉮
ocluuf	𪉯
ocluyu	𪉰
oclubm	𪉱
ocxmlu	𪉳
oclumz	𪉴
ocialu	𪉵
ocluwf	𪉸
ocluij	𪉺
ocislu	𪉻
oclumj	𪉽
oclumb	𪉾
oclugj	𪉿
ocluww	𪊃
oclugj	𪊄
oclujb	𪊅
ocluqi	𪊆
oclujm	𪊇
ocluxl	𪊊
ocluji	𪊋
oclujq	𪊌
oclusi	𪊍
ocluwf	𪊎
ocluqr	𪊏
oclufu	𪊐
oclukd	𪊑
ocluyt	𪊒
ocluwf	𪊓
ocluqi	𪊔
oclubi	𪊕
ocluwu	𪊖
ocluuz	𪊗
ocluyi	𪊘
ocluwf	𪊙
ocluba	𪊚
ocluyz	𪊛
oclubf	𪊜
ocluba	𪊝
ocluui	𪊞
ocluug	𪊟
ocbwlu	𪊠
oclubc	𪊡
ocluui	𪊢
oclumu	𪊣
ocluju	𪊤
oclugf	𪊥
ocluyb	𪊦
oclugv	𪊧
ocluvi	𪊨
ocluhz	𪊪
ocluer	𪊫
ocluyi	𪊬
ocluyu	𪊮
oclupb	𪊯
ocluzi	𪊰
ocluge	𪊲
ocluyi	𪊳
ocluqy	𪊴
oclujk	𪊵
oclutk	𪊶
ocluxn	𪊷
ocluyu	𪊸
ocluvu	𪊹
oclulb	𪊺
ocluky	𪊽
oclubw	𪊾
oclugu	𪊿
ocluie	𪋀
ocluui	𪋁
oclumu	𪋂
oclukl	𪋃
ocluqu	𪋄
ocluwj	𪋅
ocluky	𪋆
ocluvv	𪋇
oclumi	𪋈
ocluyu	𪋉
oclugo	𪋊
oclubk	𪋋
ocluzu	𪋌
ocluyz	𪋎
ocluve	𪋏
ocluve	𪋑
ocluxl	𪋒
oclufg	𪋖
oclumi	𪋗
oclucc	𪋛
oclubi	𪋜
oclusu	𪋝
oclunn	𪋞
ocluvh	𪋟
oclull	𪋥
ocffli	𪋨
ocluuu	𪋩
oclulk	𪋪
ocluye	𪋫
ocluyu	𪋬
oclilk	𪋭
ocluyu	𪋮
ocluxu	𪋯
ocluuu	𪋰
oclufg	𪋴
ocluyj	𪋹
ocmdbi	𪋼
ocmdqn	𪋽
ocmdli	𪋾
ocmdbu	𪋿
ocmdln	𪌀
ocmdwh	𪌁
ocmdto	𪌂
ocmdgj	𪌃
ocmdsi	𪌄
ocmdnw	𪌅
ocmdfj	𪌆
ocmdqi	𪌇
ocmdbi	𪌈
ocmddz	𪌉
ocmdgk	𪌊
ocmdty	𪌋
ocmdho	𪌌
ocmdjb	𪌍
ocmdmu	𪌎
ocmdpu	𪌏
ocmduz	𪌐
ocmdwf	𪌑
ocmdqm	𪌒
ocmduu	𪌓
ocmdmu	𪌔
ocmdvc	𪌕
ocmdju	𪌖
ocmdhe	𪌗
ocmdvu	𪌘
ocmdwu	𪌙
ocmdbm	𪌚
ocmdkz	𪌛
ocmdug	𪌜
ocmdyt	𪌝
ocmdyu	𪌞
ocmdva	𪌟
ocmdts	𪌢
ocmdge	𪌣
ocmddv	𪌤
ocmdhv	𪌦
ocmdji	𪌧
ocmdue	𪌩
ocmdvc	𪌪
ocmddo	𪌫
ocmdmi	𪌬
ocmdyr	𪌭
ocmdua	𪌮
ocmdxn	𪌯
ocmdbo	𪌰
ocmdli	𪌱
ocjqmd	𪌲
ocmdzo	𪌴
ocmdqq	𪌵
ocmduu	𪌶
ocmdbu	𪌷
ocmdxi	𪌹
ocmdjy	𪌺
ocmdys	𪌻
ocmdky	𪌽
ocmdbw	𪌾
ocmdnm	𪌿
ocmdqi	𪍀
ocmdks	𪍂
ocmdhu	𪍃
ocmdlu	𪍄
ocmdye	𪍅
ocmdvv	𪍇
ocmdvo	𪍈
ocmdbn	𪍊
ocmdgo	𪍌
ocmdyu	𪍍
ocmdke	𪍎
ocmdfu	𪍏
ocmdye	𪍐
ocmdqq	𪍑
ocmdhu	𪍒
ocmdvf	𪍕
ocmdqq	𪍗
ocmdrz	𪍚
ocmdxp	𪍛
ocmdwf	𪍝
ocmdbw	𪍞
ocmdso	𪍟
ocmdvr	𪍡
ocmdlz	𪍣
ocmdmo	𪍤
ocmdlm	𪍦
ocxrmd	𪍧
ocmdic	𪍨
ocmdmj	𪍩
ocmdbi	𪍪
ocmdua	𪍬
ocmdao	𪍮
ocmdlw	𪍯
ocmdti	𪍲
ocmdsv	𪍳
ocmdlb	𪍴
ocmdtj	𪍵
ocmduj	𪍶
ocmdqn	𪍷
ocmduu	𪍹
oczcmd	𪍻
ocmdzc	𪍽
ocmdgl	𪍿
oclsmd	𪎁
ocxtmd	𪎃
ocmdbo	𪎄
ocmdsa	𪎅
ocmdlo	𪎆
ocmdyi	𪎈
ocmdjm	𪎉
ocmduc	𪎊
ocmdvj	𪎋
ocmdld	𪎌
ocmdzs	𪎏
ocmddd	𪎐
ocmaji	𪎑
ocglfj	𪎒
ocrfma	𪎓
ocmags	𪎔
ocmaff	𪎕
ocmaho	𪎖
ocmari	𪎗
ocmapu	𪎘
ocmakd	𪎙
ocmauz	𪎚
ocmayr	𪎛
ocmadm	𪎜
ocmabf	𪎝
ocmayh	𪎞
ocmatm	𪎟
ocmado	𪎠
ocmavu	𪎡
ocmaxi	𪎢
ocmalq	𪎣
ocwoma	𪎤
ocmayi	𪎥
ocmalb	𪎦
ocmayi	𪎧
ocyuma	𪎨
ocmago	𪎩
ocmaiu	𪎪
ocmirf	𪎫
ocmauu	𪎭
ocmiuz	𪎮
ocmagv	𪎯
ocmabf	𪎰
ocmaxu	𪎱
ochlyz	𪎳
ochlkh	𪎵
ochlty	𪎶
ochlmc	𪎷
ochlrs	𪎸
ochlyr	𪎹
ochlii	𪎺
ochlig	𪎻
octshl	𪎼
ochlis	𪎽
ochlue	𪎾
ochler	𪎿
ochlvi	𪏀
ochljn	𪏁
ochldz	𪏄
ochljk	𪏅
ocxlhl	𪏆
ochlho	𪏇
ochlxi	𪏈
ochldk	𪏉
ochlyj	𪏋
ochlvv	𪏌
ocvzhl	𪏎
ochlhu	𪏐
ocbohl	𪏑
ocbwhl	𪏒
ochlhl	𪏓
ochlye	𪏔
ochljy	𪏕
ochlbm	𪏗
ochlvs	𪏘
ochlyr	𪏚
ochlng	𪏛
ochlwu	𪏝
ochlyu	𪏞
ochlmo	𪏟
ochlkh	𪏢
ochlho	𪏤
ochxhl	𪏥
ochluu	𪏦
ochlgl	𪏪
ocuunv	𪏮
ocuuri	𪏰
ocuuxi	𪏱
ocuuiz	𪏲
ocuuhu	𪏳
ocuujb	𪏴
ocuuwu	𪏵
ocuubc	𪏶
ocnuuu	𪏷
ocuuni	𪏸
ocuuhu	𪏹
ocuubi	𪏺
ocuugu	𪏻
ocuugj	𪏽
ocuuvu	𪏿
ocuudo	𪐀
ocuurf	𪐁
ocuujr	𪐂
ocuufg	𪐃
ocuubw	𪐄
ocuubi	𪐆
ocuuvs	𪐈
ocuuhu	𪐉
ocuujm	𪐋
ocuuni	𪐌
ocuulm	𪐍
ocuuma	𪐎
ocuudi	𪐏
ocuuuu	𪐐
ocuuyi	𪐔
ocuuls	𪐖
ochwyi	𪐘
ochwbu	𪐙
ochwqn	𪐚
ochwdc	𪐛
ochwqi	𪐜
ochwda	𪐝
ochwto	𪐞
ochwwj	𪐟
ocdahw	𪐡
ochwtu	𪐢
ochwzi	𪐣
ochwyz	𪐤
ochwtd	𪐥
ochwkh	𪐦
ochwyu	𪐧
ochwrs	𪐨
ochwho	𪐩
ochwwf	𪐫
ochwyr	𪐬
ochwxi	𪐭
ochwuu	𪐮
ochwgz	𪐯
ocwfhw	𪐰
ochwjp	𪐱
ochwvf	𪐲
ochwvu	𪐴
ochwqp	𪐵
ochwyt	𪐶
ochwxr	𪐷
ochwlk	𪐸
ochwhe	𪐺
ochwfu	𪐻
ochwbc	𪐼
ociuhw	𪐽
ochwui	𪐾
ochwjl	𪐿
ochwhv	𪑀
ochwyi	𪑁
ochwua	𪑂
ochwhv	𪑅
ochwuu	𪑆
ochwhe	𪑇
ochwjm	𪑈
ochwxn	𪑊
ochwgu	𪑌
ochwyu	𪑏
ocwwhw	𪑐
ochwyb	𪑑
ochwxl	𪑒
ochwyj	𪑓
ochwlu	𪑔
ochwhy	𪑕
ochwbf	𪑖
ochwqp	𪑗
ochwjb	𪑙
ochwld	𪑚
ochwvi	𪑜
ochwho	𪑝
occihw	𪑟
ochwli	𪑠
ochwnm	𪑡
ochwhe	𪑦
ochwye	𪑧
ochwnd	𪑨
ocgrhw	𪑪
ochwsv	𪑫
ochwtk	𪑬
ochwkv	𪑭
ochwnj	𪑮
ochwlv	𪑯
ochwpk	𪑰
ochwwu	𪑱
ochwyr	𪑲
ochwvf	𪑳
ochwyu	𪑴
ochwrz	𪑶
ochwye	𪑸
ochwjp	𪑹
ochwhz	𪑻
ochwjm	𪑼
ochwid	𪑽
ochwru	𪑾
ochwzi	𪑿
ocbjhw	𪒀
ochwyu	𪒃
ochwmk	𪒄
ochwqb	𪒆
ochwqi	𪒉
ochwvi	𪒊
ochwbj	𪒋
oclbhw	𪒍
ochwlu	𪒏
ochwmi	𪒐
ochwze	𪒑
ochwys	𪒒
ochwli	𪒔
ochwuf	𪒗
ochwdg	𪒘
ochwzv	𪒙
ocuuhw	𪒚
ochwdv	𪒛
ochwhv	𪒜
ochwyy	𪒝
ochwzg	𪒟
ochwgj	𪒠
ochwdd	𪒡
ochwtj	𪒤
ochwyt	𪒥
ochwsv	𪒩
ochwwj	𪒪
ochwqm	𪒫
ochwns	𪒬
ochwqb	𪒭
ochwdm	𪒮
ochwbf	𪒰
ochwai	𪒱
ochwye	𪒲
ochwyr	𪒳
ochwtd	𪒴
ochwdv	𪒶
ochwvf	𪒹
ochwcd	𪒼
ochwlw	𪒽
ochwli	𪓀
ochwtj	𪓂
ochwxl	𪓃
ochwch	𪓅
ochwdm	𪓇
ochwnp	𪓈
ocppmm	𪓑
ocjqmm	𪓒
ocjqmm	𪓓
occcmm	𪓔
oclqmm	𪓖
ocfumm	𪓗
ocrjmm	𪓚
ocyhmm	𪓛
ocpimm	𪓜
ocmmju	𪓞
ocjumm	𪓟
ocbcmm	𪓠
ocjqmm	𪓢
ocyrmm	𪓣
ocyumm	𪓦
ocifmm	𪓧
ocjumm	𪓩
ocmmig	𪓪
ocujmm	𪓫
ocermm	𪓬
ocvomm	𪓭
ochemm	𪓮
ocmimm	𪓯
ocqqmm	𪓰
ocmmmm	𪓱
ocwfmm	𪓲
ocqqmm	𪓵
ocximm	𪓷
oclqmm	𪓸
ocmamm	𪓹
ocdjmm	𪓼
ocdjmm	𪓽
ocermm	𪓿
ockldk	𪔃
octudk	𪔄
ockzdk	𪔅
ocdkgj	𪔆
ocmudk	𪔇
ocdkhv	𪔊
ocgutu	𪔋
octugu	𪔌
ocgufg	𪔍
ocguyy	𪔎
ocgugu	𪔐
ocguui	𪔑
ocsigu	𪔒
ocguvc	𪔓
ocgujl	𪔔
ocgufz	𪔕
ocguis	𪔖
ocguyb	𪔗
ocguva	𪔘
ocguyh	𪔙
ocguts	𪔚
ocguvc	𪔛
ocguys	𪔜
ocgujn	𪔝
ocgufg	𪔞
ocguui	𪔟
ocnsgu	𪔠
ocbwgu	𪔡
ocguks	𪔣
ocguds	𪔦
ocguyb	𪔧
ocguge	𪔨
ocguxm	𪔩
ocgubf	𪔭
ocguhe	𪔮
ocguqi	𪔯
ocguyr	𪔱
ocgufg	𪔲
oclsgu	𪔳
ocguls	𪔴
ocgubf	𪔵
ocguls	𪔷
ocuudn	𪔸
ocuudc	𪔹
ocuurf	𪔺
ocuuwf	𪔻
ocuujq	𪔼
ocuuyb	𪔽
ocuukd	𪔾
ocuupu	𪔿
ocuuyr	𪕀
ocuurs	𪕁
ocuuuu	𪕂
ocuufh	𪕃
ocuuty	𪕅
ocuuqm	𪕆
ocuukh	𪕇
ocuuri	𪕈
ocuuhu	𪕉
occiuu	𪕊
ocuumc	𪕋
ocuulk	𪕌
ocuujs	𪕍
ocuuxt	𪕏
ocuuvj	𪕐
ocuuci	𪕑
ocuubk	𪕒
ocuugl	𪕓
ocuuer	𪕔
ocuuis	𪕕
ocuuji	𪕖
ocgluu	𪕗
ocgeuu	𪕘
ocuuts	𪕙
ocuuhj	𪕛
ocuuwu	𪕜
ocuuzu	𪕝
ocuuqy	𪕞
ocuufu	𪕟
ocuulk	𪕠
ocwuuu	𪕡
ocuujk	𪕣
ocuujs	𪕥
ocuudi	𪕧
ocuuer	𪕨
ocuuyi	𪕩
ocvvuu	𪕪
ocuuyh	𪕫
ocuudi	𪕬
ocuuhe	𪕭
ochuuu	𪕮
ocuuye	𪕯
ocuuxx	𪕰
ocuuhu	𪕱
ocuufu	𪕲
ocuusi	𪕳
ocuufg	𪕴
ocuuui	𪕵
ocuuyi	𪕶
ocuuth	𪕹
ocuubc	𪕺
ocsiuu	𪕻
ocjmuu	𪕼
ocuuiu	𪕾
ocuuqt	𪖀
ocuucs	𪖁
ocuuli	𪖂
ocuujn	𪖄
ocuubf	𪖅
ocuufa	𪖆
ocuufj	𪖇
ocuusi	𪖉
ocuuye	𪖊
ocuujp	𪖋
ocuulu	𪖌
ocuuli	𪖍
ocuuqu	𪖏
ocbive	𪖐
ocjqbi	𪖒
ocbijq	𪖓
ocbirf	𪖔
ocyabi	𪖕
ocbiwf	𪖖
ocbiqm	𪖗
ocbidz	𪖘
ocbigz	𪖙
ocbivj	𪖚
ocbiqq	𪖛
ocbipi	𪖞
ocbigj	𪖟
ocbivc	𪖠
ocbiww	𪖡
ocbigv	𪖢
ocbivi	𪖣
ocwwbi	𪖤
ocbixi	𪖥
ocbidi	𪖦
ocbijx	𪖨
ocxibi	𪖪
ocbimw	𪖫
ocmwbi	𪖬
ocbide	𪖭
ocbijp	𪖮
ocbibm	𪖯
ocbidi	𪖰
ocbixx	𪖲
ocbijm	𪖳
ocbiqi	𪖴
ocbilv	𪖶
ocbilz	𪖹
ocbiji	𪖺
ocbiti	𪖽
ocbiww	𪖾
ocbiys	𪖿
ocbixp	𪗀
ocbili	𪗁
ocqiyz	𪗅
ocglqi	𪗆
ocqiyt	𪗇
ocqidd	𪗈
ocqihe	𪗉
ociuqi	𪗊
ocqiyi	𪗋
ocqirz	𪗌
ocqiqi	𪗍
ocqiyu	𪗏
ociiba	𪗔
ociiui	𪗕
ocrfii	𪗖
ociiji	𪗗
ociiuj	𪗘
ociigj	𪗙
ociikd	𪗛
ociikh	𪗜
ociinw	𪗝
ociiqi	𪗞
ociiqi	𪗟
ociige	𪗠
ociipu	𪗡
ociivx	𪗢
ociidj	𪗤
ociiwu	𪗥
ociivj	𪗦
ociiui	𪗧
ociiiu	𪗨
ociita	𪗩
ociisi	𪗪
ociiui	𪗫
ocjxii	𪗬
ocnuii	𪗭
ociihe	𪗮
ociiis	𪗯
ociixr	𪗰
ociigj	𪗳
ociinu	𪗵
occiii	𪗶
ociivi	𪗷
ociimk	𪗸
ociigv	𪗹
ociisi	𪗺
ociivi	𪗻
ociise	𪗼
ociiue	𪗽
ociiji	𪗾
ociilp	𪗿
ociibk	𪘀
ociihe	𪘁
ociiyz	𪘃
ocisii	𪘅
ociixq	𪘆
ociihz	𪘇
ociivc	𪘈
ociido	𪘉
ociige	𪘊
ociili	𪘌
ociits	𪘍
ociiyj	𪘎
oczuii	𪘏
ociiwo	𪘐
ociiqy	𪘑
ociihj	𪘒
oczoii	𪘓
ocveii	𪘔
octoii	𪘕
ociijp	𪘖
ocjxii	𪘘
ocyjii	𪘙
ociiuu	𪘜
ociiif	𪘝
ociixn	𪘞
ociizo	𪘡
ociiww	𪘣
ocviii	𪘥
ociizu	𪘧
ociild	𪘨
ociivv	𪘮
ociihu	𪘰
ociiyc	𪘱
ociiyi	𪘲
ociiqu	𪘳
ociilk	𪘵
ociimf	𪘶
ocquii	𪘸
ociihe	𪘹
ociike	𪘺
occiii	𪘼
ociint	𪘽
ociiid	𪘿
ociixu	𪙀
ociiia	𪙁
ociigo	𪙃
ochfii	𪙈
ociiia	𪙉
ociijm	𪙊
ocxpii	𪙌
ociivr	𪙍
ociich	𪙎
ociihd	𪙏
ociixp	𪙑
ociivj	𪙕
ociini	𪙛
ociivi	𪙜
ociijl	𪙝
ociiij	𪙞
ociijb	𪙟
ocaoii	𪙠
ociicc	𪙡
ociidj	𪙣
ociizv	𪙦
ociiji	𪙧
ociijm	𪙨
ociixm	𪙩
ociixu	𪙫
ociizg	𪙭
ociige	𪙰
ociivi	𪙳
ociiyi	𪙴
ociidj	𪙵
ociiii	𪙹
ociiwj	𪙺
ociili	𪙽
ociilu	𪙾
oclmii	𪚀
oclmii	𪚁
ociibo	𪚂
ociilm	𪚄
ociijt	𪚅
ociizj	𪚇
ociibo	𪚈
ociidm	𪚉
ociixm	𪚋
ociiuu	𪚌
ociibk	𪚏
oclsjb	𪚑
ocgjls	𪚒
ocqrls	𪚓
oclsda	𪚔
ocjbls	𪚕
ocpmls	𪚖
ocddls	𪚗
ocdjls	𪚘
oclkls	𪚙
oclsvs	𪚚
oclsdz	𪚛
oclskd	𪚜
ocgvls	𪚝
oclsyz	𪚞
oclswu	𪚠
ocguls	𪚡
oclsfw	𪚢
oclswh	𪚤
ockzgv	𪚩
ocxigv	𪚪
ocgvjb	𪚬
ocgvgz	𪚭
ochogv	𪚯
ocgvho	𪚰
ochogv	𪚱
ocgzgv	𪚵
ocgvju	𪚶
ocpigv	𪚷
ocqugv	𪚸
ocvugv	𪚹
ocyhgv	𪚻
ochegv	𪚼
ocgvds	𪚽
occvgv	𪛂
oclugv	𪛅
ocihgv	𪛆
ocgvtu	𪛇
oclyjb	𪛊
oclyih	𪛋
oclyhu	𪛌
oclyyb	𪛏
oclylu	𪛓
oclygv	𪛕
ochger	𪜁
ochgwj	𪜂
ocbuke	𪜄
ocwjqm	𪜇
ocuuto	𪜈
ocvspk	𪜉
ocdmve	𪜊
ocndri	𪜌
ocqmvc	𪜍
ocqnkh	𪜎
ocycni	𪜏
ocyihx	𪜐
ocmoyi	𪜑
ocyiji	𪜒
ocjmyi	𪜓
ocjqqu	𪜔
ocveve	𪜕
ocxyhv	𪜖
ocjqho	𪜗
ocpove	𪜘
ocrubu	𪜛
ocbwln	𪜜
ocyuqi	𪜝
ocyyqb	𪜞
ocuuyy	𪜟
ocwffj	𪜠
ocjqwh	𪜡
ocwfjq	𪜢
octklq	𪜦
ocrfia	𪜧
ocrfgz	𪜩
ocrfiz	𪜫
ocrfmu	𪜮
ocrflk	𪜯
ocrfhe	𪜰
ocrfhe	𪜱
ocrfii	𪜲
ocrfmb	𪜳
ocrfhs	𪜴
ocrfvi	𪜵
ocrfyb	𪜶
ocrfzi	𪜸
ocrfyu	𪜹
ocrfvz	𪜺
ocrfii	𪜻
ocrfli	𪜽
ocrfvu	𪜾
ocrfjn	𪝀
ocrgii	𪝁
ocyuia	𪝃
ocrfmw	𪝅
ocrffh	𪝆
ocrfuz	𪝈
ocrftn	𪝉
ocrfdi	𪝊
ocrfxl	𪝋
ocrfhu	𪝍
ocxqlk	𪝎
ocrfhz	𪝐
ocrfwf	𪝑
ocrfdr	𪝒
ocrfyr	𪝔
ocrfpf	𪝕
ocrfgs	𪝖
ocldyy	𪝗
ocrfhe	𪝙
ocrfhl	𪝚
ocrfyb	𪝛
ocrfui	𪝜
ocrfvf	𪝝
ocrfyi	𪝞
ocrfro	𪝟
ocrfmo	𪝡
ocrfji	𪝣
ocrfyb	𪝤
ocrfve	𪝦
ocjxge	𪝪
ocrfsv	𪝬
ocrfyu	𪝭
ocxbxm	𪝮
ocwwde	𪝯
ocrfma	𪝰
occvge	𪝱
ocqqvu	𪝲
ocrfhj	𪝳
ocrfqm	𪝴
ocrflq	𪝵
ocrfni	𪝷
ocpmmn	𪝹
ocrfxx	𪝺
ocdcsa	𪝻
ocrfyk	𪝼
ocvfye	𪝽
ocglge	𪞀
ocmmsi	𪞁
ocmmzc	𪞂
ocglxk	𪞃
ocxmxn	𪞄
ocistd	𪞅
ocglcj	𪞆
ocqrff	𪞇
ocbagr	𪞈
ocjigs	𪞉
ocbauh	𪞊
ocjmhe	𪞍
ocklgu	𪞎
ocbcwj	𪞏
ocbcui	𪞓
ocbkfj	𪞖
ocbknw	𪞗
ocbkjb	𪞘
ocbkwf	𪞙
ocbkii	𪞚
ocbktm	𪞛
ocbkbd	𪞜
ocbkig	𪞞
oclgln	𪞠
ocbkue	𪞡
ocbkhu	𪞣
ocbknm	𪞤
ocbkzs	𪞥
ocbkww	𪞦
oclgdd	𪞧
ocbktk	𪞨
ocbkfu	𪞪
ocbkii	𪞫
ocbkvh	𪞬
ocbkyc	𪞭
ocbklk	𪞮
ocbkhc	𪞯
ocbkil	𪞰
ocuirs	𪞱
ocjivj	𪞲
ocgkji	𪞳
ocjiji	𪞴
ocjixt	𪞵
ociucc	𪞷
ociurf	𪞹
ociuru	𪞺
ocfudc	𪞾
octydc	𪞿
ocdcfh	𪟀
ocbadc	𪟁
ocvjdc	𪟂
ocnidc	𪟄
ocjtdc	𪟅
ocyudc	𪟆
ocvedc	𪟈
ocgedc	𪟋
ocjmdc	𪟎
ocffvg	𪟐
oczudc	𪟒
ocjidc	𪟕
ocjbdc	𪟖
ocjxdk	𪟗
ocqqli	𪟘
ocgfli	𪟙
ocmkli	𪟚
ocuali	𪟜
oczeli	𪟝
ocnjcd	𪟞
ocybli	𪟠
ocnjke	𪟡
ocyili	𪟢
ocnsnj	𪟤
ochxli	𪟥
ocnjvv	𪟦
ocbive	𪟨
ocbitm	𪟩
ocbwbu	𪟪
ocbihl	𪟫
ocklyt	𪟬
ocquyi	𪟮
ocklli	𪟯
ocklxi	𪟱
ocwuge	𪟳
ocvowj	𪟵
ocbjuh	𪟶
ocvomz	𪟷
ocbjph	𪟸
ocsolk	𪟹
ocvoyu	𪟺
oczuxy	𪟼
ocwwbu	𪟾
ocvobu	𪟿
ocheer	𪠁
ocyzji	𪠂
ocihma	𪠃
ocihdm	𪠄
ocihji	𪠅
ocihbk	𪠆
ocihii	𪠇
ocihvi	𪠋
ocihqk	𪠌
ocihih	𪠍
ocyjpi	𪠏
ocihvr	𪠑
ocihhl	𪠓
ocihww	𪠕
ochztd	𪠗
ocihjp	𪠘
ocquni	𪠝
ocdoqu	𪠞
occjyb	𪠟
ocyihd	𪠠
occjll	𪠡
ocqugl	𪠢
ociayz	𪠣
ocdcyz	𪠤
ocyzyt	𪠥
ocxiyz	𪠧
ocjqyz	𪠨
ocueyz	𪠩
ocgrfj	𪠫
ocfjzu	𪠭
ocrsyz	𪠮
ocquyz	𪠯
ockzyz	𪠲
ockzie	𪠳
ockzly	𪠵
ocuikz	𪠷
ockzle	𪠸
ocppkz	𪠹
ockzvi	𪠺
ockzlq	𪠻
ockzrz	𪠼
ockzdh	𪠽
ockzvz	𪠾
ockzvu	𪠿
ockzqn	𪡀
ockzis	𪡁
ockzmd	𪡃
ockzxx	𪡄
ockzni	𪡇
ockzbo	𪡈
oclvge	𪡉
ockzvi	𪡊
ockzqm	𪡋
oclbge	𪡍
oclklk	𪡎
ockzlm	𪡏
ocyzhv	𪡐
ockeru	𪡑
ockzxk	𪡒
ockzky	𪡓
ocwfwu	𪡕
ocuiyb	𪡖
ockzxb	𪡗
ocgudv	𪡜
ockzxl	𪡝
ockzgv	𪡞
ockzjy	𪡟
ockzqr	𪡠
ockzhs	𪡡
ocpdkz	𪡤
ockzhs	𪡥
ockzqq	𪡧
ockzui	𪡨
ockzyr	𪡫
ocbdgc	𪡬
ockzpw	𪡭
ocyrmf	𪡯
ockzhc	𪡱
ocpztd	𪡳
ockzji	𪡴
ockzjr	𪡵
ockzyr	𪡶
ockziu	𪡷
ockzjp	𪡸
ockzug	𪡾
ockzjk	𪡿
ockzbo	𪢁
ockzve	𪢂
ockzyi	𪢄
ockzwo	𪢅
oclbvi	𪢇
ochzlz	𪢈
ockzts	𪢉
ockzvs	𪢊
ockzlj	𪢌
ockzjp	𪢍
ockzug	𪢎
ociyii	𪢏
ockzld	𪢐
ockzuu	𪢒
ockzvv	𪢕
ockzwf	𪢖
ockzmi	𪢗
ockzla	𪢘
ockzco	𪢚
ocyrvg	𪢛
ockzpu	𪢜
ockzde	𪢝
ocgcqn	𪢡
ocxiyi	𪢢
ocximk	𪢣
ockzjn	𪢤
ockzbm	𪢥
ocgewu	𪢦
ockztk	𪢧
ocklwf	𪢨
ocklpi	𪢩
ocklyh	𪢪
ocklie	𪢫
ocklky	𪢬
ocklbk	𪢭
ockllr	𪢮
ocyrwj	𪢰
octubu	𪢱
octuyz	𪢲
ocquve	𪢳
octutu	𪢴
octufj	𪢵
ocwftu	𪢶
octuwh	𪢷
octuwu	𪢸
octumc	𪢹
octupu	𪢺
octuyt	𪢻
octuhx	𪢼
octufg	𪢽
ochotu	𪢾
octuuv	𪢿
octuba	𪣀
octuyy	𪣁
octuks	𪣂
octubk	𪣃
octuui	𪣅
octuds	𪣆
octufj	𪣇
octuys	𪣉
octubi	𪣊
octucy	𪣋
octuer	𪣌
octuvu	𪣎
octuvz	𪣏
octuvl	𪣐
octuns	𪣑
octujy	𪣒
octuwu	𪣔
octuke	𪣕
ociftu	𪣗
octuwu	𪣘
octuli	𪣛
octuxq	𪣜
octuzc	𪣝
octuhj	𪣟
octulb	𪣠
ocwotu	𪣡
octuwf	𪣢
octujy	𪣣
octuxi	𪣤
octuwu	𪣥
octumk	𪣦
octuih	𪣧
octukf	𪣩
octuke	𪣫
octugr	𪣬
ocbotu	𪣭
octuni	𪣮
octuyi	𪣯
oclage	𪣱
octumn	𪣲
octuvg	𪣴
octubw	𪣵
ocxutu	𪣶
octuhr	𪣷
ocxutu	𪣸
octutk	𪣹
octuqx	𪣺
octulz	𪣻
octuyi	𪣼
ocugbo	𪣽
octung	𪣾
octuyj	𪤃
octuba	𪤄
octudh	𪤅
octuuj	𪤆
octuch	𪤇
ocbjtu	𪤈
oclhtu	𪤊
octuli	𪤋
octush	𪤌
octuvj	𪤍
octulm	𪤎
octuji	𪤏
octugo	𪤑
octuhe	𪤒
octumb	𪤓
octuij	𪤕
octujl	𪤖
octulm	𪤚
octuqn	𪤛
ocyhtu	𪤝
octulw	𪤠
octuzc	𪤢
octuyu	𪤣
octulu	𪤤
octuyi	𪤥
octuyu	𪤧
octubi	𪤨
octuqi	𪤪
oclwtu	𪤬
octuii	𪤭
octuln	𪤮
octulb	𪤰
ocugge	𪤲
ocyiyi	𪤴
ocvglk	𪤶
ocxijb	𪤷
ocwdge	𪤸
ocximi	𪤹
ocdopi	𪤻
ocxilh	𪤼
oclkdo	𪤽
ocxiic	𪤾
ocdave	𪥁
ocdadc	𪥂
ocfudk	𪥃
ocmuda	𪥄
ocdage	𪥅
ocbkda	𪥇
ocdapk	𪥈
octmba	𪥉
ocwwda	𪥊
ocdaww	𪥋
ocklda	𪥎
ociyui	𪥐
ocndnd	𪥑
ocivda	𪥒
ocksda	𪥔
ocdaqu	𪥕
ocqmda	𪥗
ocdsda	𪥝
ocgdda	𪥞
ocdvda	𪥡
ocxihl	𪥣
ocuhnv	𪥤
ocnvge	𪥥
ocnvhu	𪥦
ocnvvi	𪥧
ocnvri	𪥨
ocnvpu	𪥩
ocnvul	𪥫
ocnvyy	𪥬
ocnvjq	𪥮
ocgenu	𪥯
ocnvnk	𪥰
ocnvci	𪥱
ocnvdn	𪥳
oczinv	𪥴
ocnvyu	𪥵
ocnvbh	𪥶
ocbonv	𪥷
ocwuhc	𪥸
ocjmfj	𪥻
ocnvqi	𪥼
ocnvih	𪥽
ocnvmd	𪥿
ocnvfh	𪦀
ocnvdm	𪦃
ocnvfg	𪦇
ocnvdr	𪦋
ocnvzi	𪦌
ocwhgl	𪦍
ocnvyj	𪦎
ocnvji	𪦏
ocnvqm	𪦒
ocnvmm	𪦓
ocnvch	𪦔
ocnvdp	𪦕
ocnvbd	𪦚
ocnvve	𪦜
ocnvuu	𪦝
ocnvxi	𪦞
ochcyu	𪦟
ocnvuu	𪦨
ocnvyt	𪦪
ocnvge	𪦫
ocnvxm	𪦬
ocnvyk	𪦯
ocnvee	𪦰
ocnvyk	𪦱
ocuimd	𪦲
ocnvjm	𪦴
oczivi	𪦶
oczige	𪦷
oczilq	𪦸
ocziwf	𪦹
oczibd	𪦺
ochezi	𪦻
oczide	𪦼
ocziui	𪦿
ocziyk	𪧀
oczivi	𪧁
ocxlvs	𪧃
ocguww	𪧄
ocbcii	𪧆
ocbcpj	𪧇
ocbctm	𪧈
ocbcvf	𪧉
ocbckz	𪧊
ocbczu	𪧎
ocbcbo	𪧐
ocbcbo	𪧓
ocbclz	𪧘
ocziuz	𪧚
ocbcao	𪧜
ocmiys	𪧟
ocmiqp	𪧠
ocviuz	𪧡
ocbczv	𪧨
ocbcxb	𪧭
ocbcsr	𪧯
ocfuyz	𪧰
ochjji	𪧱
ocbcyi	𪧴
ocxicy	𪧷
ocsiui	𪧸
ocuicy	𪧺
ocuebj	𪧻
ocxycv	𪧾
ocnwxn	𪧿
ocxniu	𪨀
ocfuxn	𪨁
ocucpb	𪨄
ocxnvi	𪨅
ocwugv	𪨇
ocyzsv	𪨈
ocuics	𪨊
ociijx	𪨎
ocuibu	𪨏
ocjbtd	𪨐
ociiie	𪨑
ocuigc	𪨓
ocwwiu	𪨕
ocwwjx	𪨖
ocwwzo	𪨙
ocpkvu	𪨚
ocpkvi	𪨛
ociiuu	𪨜
ocwwxl	𪨝
oclvza	𪨞
ocwwpu	𪨟
oclvbj	𪨠
ocujxx	𪨢
ocujqi	𪨣
ocxnuj	𪨤
ocujye	𪨥
ocujqi	𪨦
ocujly	𪨧
ocujbm	𪨨
ocujva	𪨩
ocujce	𪨪
ocujmc	𪨫
ocujxr	𪨬
ocujhs	𪨭
ocujhs	𪨮
ociguj	𪨯
ocujqu	𪨰
ocujvc	𪨱
ocujfz	𪨲
ocujxk	𪨳
ocujvu	𪨴
ocjiuj	𪨵
ocujyj	𪨷
ocujiv	𪨸
ocujgo	𪨹
ocujlg	𪨺
ocujnd	𪨼
ocujuz	𪨾
ocujzu	𪩁
ocujnj	𪩂
ocujui	𪩃
ocujhl	𪩅
ocujxp	𪩆
ocujlz	𪩇
ocujvr	𪩉
ocujen	𪩊
ocujff	𪩋
ocujqk	𪩌
ocujvr	𪩍
ocujyk	𪩎
ocujlu	𪩏
ocujan	𪩑
ocujyi	𪩒
ocujhx	𪩓
ocujfa	𪩕
ocujij	𪩖
ocujxm	𪩘
ocujhv	𪩚
ocujqm	𪩞
ocujli	𪩠
ocirba	𪩡
ocfzir	𪩢
ocdags	𪩣
ocjulp	𪩤
ocjulb	𪩥
ocjulb	𪩦
octkju	𪩧
ocjusv	𪩩
ocjulm	𪩪
ociyji	𪩫
ocbage	𪩬
ocbald	𪩭
ocbalk	𪩮
ocsiij	𪩯
ocbalj	𪩱
ocjbwu	𪩳
ocjbmf	𪩴
ocxkfu	𪩵
ocjbdj	𪩷
ocjbbf	𪩸
ocjbbd	𪩹
ocvzgk	𪩺
ocjbsu	𪩻
ocjbww	𪩼
ocjbyu	𪩽
ocjbtj	𪩿
ocuiid	𪪀
ocgjjk	𪪁
ocvogj	𪪂
ocbkbk	𪪃
ocpkrf	𪪄
ocpkyj	𪪅
ocpknm	𪪆
ocpkph	𪪇
ocbwnm	𪪈
ocxkmb	𪪉
ocycuc	𪪊
ocglfu	𪪌
ocglwf	𪪍
ocglvg	𪪎
ocgllu	𪪏
ochuwf	𪪐
ocglqn	𪪑
ocgljy	𪪒
ocglfz	𪪓
ocglji	𪪗
ocglhc	𪪙
ocglnt	𪪛
ocglse	𪪞
ocglhr	𪪟
ocfuyi	𪪠
ocgljm	𪪢
ocmadj	𪪤
ocglyi	𪪧
ocnsuu	𪪩
ocduii	𪪪
ocviyu	𪪬
ocvipk	𪪭
ocvitm	𪪮
ocvijk	𪪯
ocvihl	𪪱
ocgscc	𪪳
ocqqcc	𪪵
ocdicc	𪪶
ocffcc	𪪷
ocgskz	𪪺
ocgsbk	𪪻
ocgsbi	𪪼
ocgsxt	𪪽
ocgsqu	𪪿
ocgsww	𪫀
ocgsyb	𪫂
ocdiyr	𪫃
ocgsul	𪫄
ocuvxt	𪫆
ocxkfg	𪫊
ocrfwf	𪫋
ocrfls	𪫌
ocrfvi	𪫍
ocrftu	𪫐
ocrfww	𪫑
oclvge	𪫓
ocrfvr	𪫖
ocfalv	𪫚
ocxbqi	𪫝
ocxbtu	𪫞
ocxbmu	𪫟
ocbixb	𪫠
ocxbli	𪫡
ocxbvi	𪫣
ocxbyy	𪫤
ocdnxb	𪫥
ocxbzo	𪫦
ocxbke	𪫧
ocmuxb	𪫩
ocxbjs	𪫪
ocrfxb	𪫫
ocxbvu	𪫬
ocxbkc	𪫭
ocxbbd	𪫮
oclvxb	𪫰
ocffxb	𪫱
ocxban	𪫲
ocyixb	𪫳
ocnsxb	𪫵
ocnmge	𪫶
ocuzxb	𪫷
ocxbqt	𪫸
ocxbgu	𪫹
ocxbqm	𪫺
ocxbwj	𪫻
ocdmdv	𪫼
ocxbvi	𪫿
ocxbgk	𪬁
ocsixb	𪬂
ocxbyi	𪬃
ocdhxb	𪬅
ocfhxb	𪬆
ocgoxb	𪬋
ocjiba	𪬎
ocxbxl	𪬏
ocuzxb	𪬐
ocxbuu	𪬔
ocxbjb	𪬕
ocxbuj	𪬖
ocxbyi	𪬘
ocxbjr	𪬙
ocxbbb	𪬚
ocrsxb	𪬛
ocxbyh	𪬝
ocbbxb	𪬟
ocxbxm	𪬡
ocxibi	𪬤
ocuhxb	𪬥
ocxbyb	𪬦
ocjijk	𪬧
ocxbll	𪬨
ocxyxb	𪬩
ocyige	𪬫
ockkvg	𪬭
ocxbug	𪬮
ocldxb	𪬯
ocxbyr	𪬱
ocffhf	𪬲
ocwhyr	𪬳
ocxbxb	𪬴
ocsuxb	𪬵
ocxbqm	𪬷
ocxblm	𪬸
ocffxm	𪬼
ocjibw	𪬽
ocbmxb	𪭀
ocxbee	𪭄
ocgehg	𪭉
ocgeli	𪭊
ocgemb	𪭌
ocgsge	𪭍
ocgefu	𪭐
ocvjge	𪭕
ocgrge	𪭖
ochuju	𪭘
ocuzxi	𪭜
ocuzww	𪭝
ocuzwu	𪭟
ocuzuf	𪭡
ocuzcs	𪭢
ocuzuu	𪭣
ocuzvg	𪭤
ocuzzo	𪭥
ocuzer	𪭧
ocuzui	𪭨
ocuzdd	𪭩
ocuzce	𪭪
ocdafh	𪭫
ocuzvs	𪭮
ocuzhv	𪭯
ocuzyh	𪭰
ocuzjt	𪭱
ocuzgf	𪭳
ocuzzz	𪭴
ocuzll	𪭵
ocuzir	𪭶
ocuzdd	𪭷
ocuzli	𪭼
ocuzvl	𪭿
ocuzrr	𪮀
ocuzci	𪮁
ocpger	𪮂
ocvjuz	𪮃
ocuztn	𪮅
ocuzui	𪮈
ocuzsu	𪮋
ocuzmz	𪮍
ocuzsi	𪮏
ocuzpb	𪮐
ocuzkj	𪮑
ocuzkj	𪮒
ocuzlo	𪮔
ocuzfw	𪮕
ocuzjt	𪮖
ocghuz	𪮚
ocuzui	𪮛
ocuzvi	𪮞
ocuzdp	𪮟
ocuzlm	𪮠
ocuzlh	𪮡
ocuzyr	𪮢
ocjive	𪮣
ocuzbg	𪮤
ocuzir	𪮥
ocuzde	𪮦
ocuzys	𪮧
ocuzuf	𪮨
ocuzcu	𪮩
ocuzxi	𪮬
ocdnge	𪮮
ocyige	𪮯
ocuzmf	𪮰
ocuzxl	𪮱
ocuzxm	𪮲
ocuzmj	𪮳
ocuzlv	𪮴
ocuzld	𪮶
ocuzjb	𪮺
ocuzzj	𪮻
ocuzvi	𪮽
ocuzqk	𪮿
ocuzjx	𪯀
ocuzyk	𪯂
ocuzqr	𪯄
ocfuwf	𪯈
ocugpu	𪯉
ocuzge	𪯊
ocjxpu	𪯋
ocdvwf	𪯌
ocggwf	𪯍
ocxkwf	𪯎
ochuwf	𪯏
ocdiwf	𪯐
ocsuwf	𪯑
ocbowf	𪯒
occcwf	𪯓
ocuhwf	𪯔
ocfhzo	𪯕
ocsjff	𪯗
ocfhsu	𪯛
ocsjsa	𪯝
ocfhsv	𪯞
ocwfir	𪯠
ocvswf	𪯡
ocwfwf	𪯢
ocwfsi	𪯣
ocwfhe	𪯤
ocwfdm	𪯦
ocwfjb	𪯧
ocwfvi	𪯩
ocwfgc	𪯪
ocdzqq	𪯫
ochzdz	𪯬
ocfwdz	𪯭
ocxpvi	𪯰
ocjbwf	𪯱
ocfhjb	𪯲
ocfhvj	𪯴
ocklfh	𪯵
ocfhyh	𪯷
ocfhih	𪯹
ocfhnm	𪯺
ocfhdk	𪯻
ocfhyr	𪯾
ocfhmj	𪯿
ocfhfw	𪰂
ocqibj	𪰃
ocrigs	𪰆
ocrige	𪰇
ocriyr	𪰈
ocrijk	𪰉
ocrivi	𪰊
ocriwf	𪰋
ocrimc	𪰌
ocridz	𪰍
ocwfri	𪰎
ocrike	𪰏
ocribf	𪰐
ocriyu	𪰑
ocriui	𪰒
ocripk	𪰓
ocriyh	𪰔
ocriui	𪰕
ocriui	𪰖
ocribi	𪰗
ocrijx	𪰘
ocriji	𪰙
ocrilc	𪰚
ocsiri	𪰛
ocriui	𪰜
ocrinm	𪰟
ocrijl	𪰠
ocriqr	𪰡
ocrivz	𪰢
ocriyu	𪰣
ocriru	𪰤
ocrizo	𪰦
ocrihs	𪰧
ocrild	𪰪
ocribf	𪰫
ocdjli	𪰬
ocrivg	𪰭
ocrivi	𪰮
ocuiyz	𪰯
ocuige	𪰰
ocrivg	𪰱
ocrihz	𪰲
ocriqi	𪰳
ocridr	𪰴
ocriys	𪰵
ocrifw	𪰶
ocrijm	𪰷
ocrisu	𪰸
ocrimd	𪰹
ocrich	𪰻
ocrith	𪰼
ocriku	𪰽
ocuivi	𪰾
ocuizi	𪰿
ocrilw	𪱀
ocyili	𪱁
ocrivu	𪱂
ocrimb	𪱃
ocriyb	𪱄
ocrive	𪱅
ocrihv	𪱇
ocjkri	𪱈
ocrild	𪱉
ocxkhe	𪱊
ocriuj	𪱋
ocrilc	𪱌
ocriyi	𪱍
ocxkyu	𪱎
ocybug	𪱐
ocrixl	𪱒
oczvge	𪱕
oczgjb	𪱗
ocquyc	𪱘
ocytyz	𪱙
ocytuh	𪱚
ocybyt	𪱛
octdyt	𪱜
ocigyt	𪱝
ocbjyt	𪱟
ocytue	𪱡
ocytwh	𪱣
ocyzwo	𪱤
ocytbf	𪱥
ocythl	𪱦
ocytll	𪱧
ocytli	𪱩
ocytyb	𪱬
ocwhgs	𪱮
ocmuxx	𪱱
ocmuuh	𪱲
ocmukz	𪱳
ocmunv	𪱴
ocirmu	𪱵
ocjkmu	𪱶
ocmubw	𪱷
ocmuuv	𪱹
ocmuzo	𪱺
ocmubf	𪱻
ocwwjb	𪱼
ocmuys	𪱽
ocmuer	𪱾
ocmuqq	𪲀
ocmuhv	𪲄
ocwwpk	𪲅
ocmuqu	𪲇
ocmuhz	𪲉
ocmujl	𪲋
ocmuqi	𪲎
ocmuii	𪲒
ocmudz	𪲓
ocmuli	𪲔
occilk	𪲕
ocmudd	𪲖
ocmuwo	𪲘
oclgmu	𪲜
ocmuil	𪲝
ocmuql	𪲞
ocmuxk	𪲟
oclbyy	𪲡
ocmzge	𪲣
ocuulk	𪲥
ocmuhu	𪲨
ocfuld	𪲬
ocuurr	𪲭
ocmufw	𪲮
ocmuhr	𪲰
ocmuyi	𪲱
ocuimu	𪲳
oclbyz	𪲴
oclbiu	𪲵
occiuu	𪲸
oclbmu	𪲹
ocmuah	𪲺
ocmubd	𪲻
ocmuxb	𪲼
ocuave	𪲽
ocgruu	𪲿
ocmuyb	𪳀
ocmudu	𪳁
ocmuuz	𪳂
ocmull	𪳄
ocmulo	𪳅
ocmuys	𪳆
ocmujx	𪳇
ocxqnm	𪳋
ocduvu	𪳌
ocmunp	𪳍
ocggmu	𪳎
ocmuic	𪳒
ocvomu	𪳓
ocvuly	𪳔
ocmuig	𪳕
ocmuai	𪳗
ocvymu	𪳙
ocmuuu	𪳛
ocmuvg	𪳜
ocmujn	𪳞
oclbmm	𪳟
ocmuzc	𪳤
ochjgo	𪳨
ocmupo	𪳪
ocshyz	𪳫
ocmuyi	𪳮
ocmugo	𪳰
ocmuvi	𪳲
ocjiba	𪳴
ocmuww	𪳵
ocmuhj	𪳶
octhmu	𪳷
ocmudv	𪳹
ocmuhe	𪳺
ocvulb	𪳻
ocveww	𪳼
ocmuzd	𪳾
ocgodu	𪳿
ocmutn	𪴁
ocmuao	𪴃
ocvudz	𪴄
ocmuci	𪴆
ocxkqu	𪴋
ocmugr	𪴌
ocmuui	𪴎
oclimj	𪴏
ocmuln	𪴔
ocmulb	𪴖
ocmutj	𪴘
ocmuzj	𪴙
ocmuul	𪴜
ocludc	𪴝
oclemk	𪴞
ocrsye	𪴣
ocmujt	𪴤
ocmubc	𪴥
ocyeye	𪴨
ocfhqm	𪴩
ocxiqm	𪴮
ocxmqm	𪴯
ocroqm	𪴰
ocwgqm	𪴱
ocwuvi	𪴵
ocvigf	𪴶
ocviys	𪴷
ocvgfa	𪴹
ocldvg	𪴺
ocwdvc	𪴻
ocwdmn	𪴽
ocyuvi	𪴿
ocddbc	𪵀
ocddjm	𪵄
ocddly	𪵅
ocddvf	𪵆
ocddld	𪵇
ockxuu	𪵈
ocxnuu	𪵋
ocuuii	𪵌
ocmkuu	𪵍
ocyjuu	𪵏
ocwjuu	𪵒
ocmwjk	𪵔
ocbidc	𪵕
ocmcyi	𪵖
ocmcyt	𪵗
ocmcho	𪵘
ocmcju	𪵙
ocmcxr	𪵚
ocmclw	𪵛
ocmcgr	𪵜
oclbmc	𪵝
ocmcli	𪵞
ocmcmw	𪵟
ocmcna	𪵠
ocmclu	𪵡
ocmcbb	𪵢
ocyyqi	𪵣
ocqike	𪵤
ocqimw	𪵥
ocybqi	𪵦
ocqiao	𪵧
ocsiuv	𪵨
ocuvxx	𪵩
ocdauv	𪵪
ocuvyi	𪵫
ocuvjb	𪵮
ocuvyb	𪵰
ocuvli	𪵱
ocuvao	𪵲
ocuvui	𪵳
ocysyt	𪵵
ocuvdi	𪵸
ocuvqs	𪵹
ocuvse	𪵼
ocuvro	𪵽
ocuvxk	𪵾
ocdkqr	𪵿
ocuvnj	𪶀
ocuvjm	𪶂
ocuvbp	𪶃
ocuvui	𪶄
ocuvue	𪶅
ocuvdi	𪶆
ocwotu	𪶇
ocuvqs	𪶉
ocwfcy	𪶊
ocuvmn	𪶋
ocuvdc	𪶌
ocuvvc	𪶎
ocfage	𪶏
ocuvan	𪶐
ocuvlo	𪶒
ocuvjx	𪶔
ocuvye	𪶘
ocuvkv	𪶙
ocxluv	𪶛
ocuvpb	𪶜
ocwhtd	𪶝
ocmwui	𪶟
ocuvjy	𪶠
ocuvhg	𪶥
ocuvai	𪶦
ocuvlr	𪶧
ocuvnu	𪶨
ocuvdd	𪶩
ocuvpw	𪶪
ocuvfw	𪶬
ocuvlp	𪶭
ocuvee	𪶮
ocbnuv	𪶰
ocuvyb	𪶲
ocuvvi	𪶵
ocuvzo	𪶶
ocuvwf	𪶸
ocuvtk	𪶹
ocuaji	𪶼
ocuvsh	𪶽
ocuvlz	𪶾
ocmouv	𪷂
ocuvto	𪷄
ocuvjm	𪷇
ocuvgr	𪷈
ocuvxi	𪷉
ocuvyi	𪷊
ocuvll	𪷍
ocuviu	𪷏
ocuvya	𪷐
ocuvll	𪷑
ocuvtc	𪷒
ocmwii	𪷔
ocuvfw	𪷕
ocuvrj	𪷖
ocuvpi	𪷗
ocuvie	𪷘
ocuvcr	𪷚
ocuvfu	𪷛
ocvuwf	𪷡
ocuvhc	𪷢
ocqilk	𪷥
ocuvyy	𪷦
ocuvqy	𪷧
ocwupb	𪷪
ocuvjb	𪷬
ocuvgv	𪷭
ocxiue	𪷮
ocuvzs	𪷯
ocuvuc	𪷰
ocuvsd	𪷱
ocuvre	𪷴
ocuvyb	𪷵
ocxilk	𪷶
ocuvln	𪷷
ocuvqk	𪷸
ocuvqm	𪷻
ocuvzj	𪷽
ocuvgv	𪷾
ocuvxx	𪸀
ocdupo	𪸁
ocqkqi	𪸃
ocljge	𪸄
ocuvrs	𪸆
ocuviz	𪸈
ocuvjk	𪸉
ocjkyc	𪸊
ocuvqm	𪸋
ocyiho	𪸍
ochoqi	𪸏
ochorf	𪸐
ochoyr	𪸑
ochohu	𪸒
ocwuho	𪸓
ochovi	𪸔
ochoqi	𪸕
ochoyy	𪸗
ochoqu	𪸘
ochoww	𪸙
ochoyz	𪸚
ochoyu	𪸛
ochoqq	𪸜
ocholk	𪸝
ochoer	𪸞
ochowd	𪸟
ochoys	𪸠
ochohs	𪸡
ochopi	𪸢
oczcho	𪸣
ochoig	𪸤
ochoer	𪸥
oclcho	𪸦
ochodn	𪸧
ochojy	𪸩
ochoyu	𪸪
ochogg	𪸫
ochoho	𪸬
ochobw	𪸭
ochoto	𪸯
ochovc	𪸳
ochoqi	𪸴
ochowu	𪸵
ocholu	𪸷
ochodm	𪸸
ochoah	𪸺
ochomb	𪸻
ochovz	𪸼
ochovi	𪸽
ochovg	𪸾
ocxlho	𪸿
ochomg	𪹁
oclkug	𪹂
ocucho	𪹃
ochond	𪹅
ochotj	𪹇
ochoui	𪹈
ochoyu	𪹊
ochoyu	𪹋
ochohz	𪹍
ochomw	𪹏
ocvcyj	𪹑
ochojb	𪹓
ocycho	𪹗
ochoxu	𪹘
ochobj	𪹙
ochoph	𪹚
ochouo	𪹛
ochoku	𪹜
ochozd	𪹞
ochonj	𪹠
ochobb	𪹡
ochoxu	𪹣
ochoji	𪹥
ochodi	𪹧
ochoys	𪹨
ochoee	𪹪
ochopg	𪹫
octpho	𪹭
ocqnho	𪹮
ochoji	𪹯
ocwfvv	𪹰
ochouu	𪹳
ochoiu	𪹵
ocboho	𪹸
ochota	𪹹
ochofj	𪹺
ochoca	𪹾
ocbbho	𪹿
ochocv	𪺀
ochomd	𪺁
ocpcth	𪺃
ocholi	𪺇
ochoxm	𪺉
ocvxxt	𪺍
ocvxxs	𪺎
ocvxui	𪺏
ocvxqu	𪺐
ocvxih	𪺑
ocvgdk	𪺓
ocvgwj	𪺗
ocvgvf	𪺘
ocfufz	𪺛
ocfuji	𪺜
ocycnq	𪺝
ocpjyj	𪺞
ocpmgf	𪺢
ocpmuz	𪺣
ocpmbp	𪺤
ocpmnm	𪺥
ocpmla	𪺦
ocyagk	𪺧
ocyazu	𪺨
ocnqto	𪺩
ocnqls	𪺪
ocndnq	𪺫
ocnqxu	𪺬
ocnqqn	𪺭
ocnqyj	𪺯
ocnqbw	𪺰
ocnqgz	𪺱
ocnqbw	𪺵
ocxtnq	𪺶
ocqrch	𪺷
ocqriu	𪺸
ocqrnu	𪺹
ocqrtr	𪺺
ocqrns	𪺻
ocqrif	𪺼
ocldqr	𪺽
ocqrmf	𪺿
ocqrbk	𪻁
ocqrdy	𪻂
ocqrlv	𪻃
ocqrmw	𪻄
ocqryr	𪻅
ocqrgv	𪻆
ocqrql	𪻈
ocvugf	𪻊
ocqriu	𪻋
ocwhyz	𪻍
ocwhyy	𪻎
ocwhji	𪻏
ocwhcs	𪻐
ocwhkh	𪻑
ocwhxb	𪻒
ocwhho	𪻓
ocwhyb	𪻔
ocwhgu	𪻕
ocwhgf	𪻘
ocwhui	𪻙
ocwhai	𪻚
ocwhts	𪻛
ocwhxq	𪻜
ocwhyu	𪻝
ocwhhd	𪻞
ocwhns	𪻠
ocwhdz	𪻡
ocwhve	𪻢
ocwhjs	𪻣
ocwhbk	𪻤
ocwhhg	𪻥
ocwhnd	𪻦
ocwhlu	𪻧
ocwhmd	𪻨
ocwhxi	𪻩
ocwhmk	𪻪
ocwhwh	𪻫
ocwhyt	𪻬
ocwhfh	𪻯
ocwhhj	𪻱
ocwhgr	𪻲
ocwhnj	𪻳
ocwhli	𪻵
ocwhhz	𪻶
ocwhro	𪻷
ocwhke	𪻸
ocxkyu	𪻹
ocwhgv	𪻺
ocwhug	𪻻
ocwhke	𪻽
ocwhyj	𪻾
ocwhdu	𪻿
ocwhdi	𪼀
ocwhyi	𪼁
ocwhtd	𪼃
ocwhyr	𪼄
ocwhyr	𪼆
ocwhtu	𪼊
ocwhbi	𪼋
ocwhvi	𪼌
ocwhsh	𪼏
ocwhul	𪼐
ocwhjm	𪼑
ocwhgr	𪼒
ocwhgo	𪼓
ocwhzu	𪼕
ocwhwf	𪼗
ocwhmm	𪼚
ocwhji	𪼛
ocwhjq	𪼝
ocwhxi	𪼟
ocwhfa	𪼠
ocwhjl	𪼡
ocwhao	𪼣
ocwhvj	𪼤
ocwhlm	𪼥
ocwhyi	𪼦
ocwhch	𪼧
ocwhpj	𪼪
ocwhlb	𪼬
ocwhxm	𪼭
ocwhhr	𪼮
ocwhxi	𪼯
ocwhju	𪼰
ocwhdh	𪼲
ocgxda	𪼳
ocgxih	𪼴
ocwasi	𪼶
ocwawh	𪼷
ocwaho	𪼸
ocwabf	𪼹
ocwaju	𪼻
ocwauz	𪼼
ocwayk	𪼿
ocgcgj	𪽀
ocugbu	𪽁
ocmdug	𪽂
ocugfg	𪽃
ocuguh	𪽄
ocdiug	𪽅
octmjq	𪽇
octmyi	𪽈
octmyr	𪽊
ocvxtm	𪽋
octmwf	𪽌
octmke	𪽍
octmke	𪽎
octmlk	𪽏
ocppjp	𪽐
octmis	𪽒
octmjm	𪽔
ocbcnj	𪽕
ocnatm	𪽖
ociihx	𪽗
octmlu	𪽘
octmfg	𪽙
octmdr	𪽜
ocbayz	𪽝
octmyu	𪽟
ocbafj	𪽡
octmjn	𪽢
ocpidg	𪽥
octmyi	𪽦
ocbkdd	𪽨
ocbkrg	𪽩
ocbkih	𪽪
ocbkvx	𪽫
ocbkww	𪽬
ocbkjm	𪽭
ocbklu	𪽮
ocbkzu	𪽰
ocbkqs	𪽱
ocbkyc	𪽳
ocbkgu	𪽵
ocbkge	𪽶
ocbkyt	𪽸
ocbdmu	𪽻
ocbdwf	𪽼
ocbdqq	𪽽
ocbdbw	𪽾
ocbdmm	𪽿
ocbdho	𪾀
ocbdfa	𪾁
ochlxs	𪾂
ocbdww	𪾃
ocbdyb	𪾄
ocbdyi	𪾅
ocpige	𪾆
ocpiwf	𪾇
ocpiyc	𪾈
ocpiye	𪾉
ocyzmb	𪾊
ockemb	𪾌
ocxsmb	𪾍
ocmmmb	𪾐
ocbcmb	𪾑
ocigmb	𪾓
ocxumb	𪾔
ocmbnn	𪾖
ocfjmb	𪾗
ocmuyu	𪾟
ocmuuc	𪾠
ocmuyz	𪾡
ocmujm	𪾢
ocmuwu	𪾤
ocmuhc	𪾥
ocmulu	𪾦
ocmulk	𪾧
ocmuyu	𪾩
ocmuci	𪾪
ocmuvu	𪾫
ocmulr	𪾬
ocmulb	𪾭
ocmuxb	𪾯
ocmufh	𪾰
ocmuug	𪾱
ocmuyb	𪾲
ocmuww	𪾳
ocmuui	𪾴
ocmusu	𪾵
ocmujy	𪾷
ocmubb	𪾸
ocmudd	𪾹
ocmimu	𪾺
ocqtmu	𪾻
ocmuyi	𪾼
ocmumb	𪾽
ocmuda	𪾾
ocmupu	𪾿
ocmuyu	𪿀
ocvgmu	𪿂
ockjxy	𪿃
ocmuyk	𪿅
ocmcjb	𪿆
ocmcyr	𪿇
ocuimu	𪿈
ocuiuc	𪿉
ocuiya	𪿊
ocuiqi	𪿋
ocuirz	𪿌
ocvibp	𪿍
ocuiue	𪿎
ocdrly	𪿏
ocuiuu	𪿐
ocuiyr	𪿑
ocuiju	𪿕
ocuixr	𪿖
ocuini	𪿗
ocuitd	𪿘
ocuihv	𪿙
ocuisi	𪿚
ocuiis	𪿛
ocxkui	𪿝
ocuiuz	𪿞
ocuiif	𪿟
ocuiyr	𪿠
ocuihj	𪿡
ocuixb	𪿢
ocuina	𪿣
ocuimw	𪿥
ocuibn	𪿦
ocuifw	𪿨
ocuiju	𪿩
ocuibd	𪿪
ocmajn	𪿫
ocuijx	𪿭
ocuirs	𪿮
ocuivu	𪿯
ocuipj	𪿱
ocuiyc	𪿲
ocuima	𪿳
ocuiij	𪿴
ocuijp	𪿶
oclwge	𪿸
ocuiju	𪿼
ocvuly	𪿽
ocuifj	𪿾
ocppnv	𫀁
ocppnw	𫀃
ocwuui	𫀄
ocppvj	𫀅
ocppbc	𫀆
ocpplw	𫀇
ocppts	𫀈
ocppxt	𫀉
ocppyi	𫀊
ocppjx	𫀋
ocppli	𫀌
ocppyj	𫀎
ocppwj	𫀏
ocppwu	𫀐
ocppvo	𫀑
ocppyi	𫀒
ocppmm	𫀓
ocpper	𫀗
ocppli	𫀘
ocppwf	𫀚
ocqbui	𫀜
ocppch	𫀞
ocsiyu	𫀟
ocppih	𫀠
ocppww	𫀢
ocppji	𫀣
ocppyj	𫀤
oclixi	𫀥
ocppuu	𫀦
ochegs	𫀧
ochejm	𫀨
ochewu	𫀩
ochetm	𫀪
ocheiu	𫀬
ochedh	𫀮
ochexu	𫀯
ochevc	𫀰
ochehz	𫀱
ocheke	𫀲
ochewj	𫀶
ocherf	𫀷
ocheju	𫀸
ochemk	𫀹
ochegg	𫀻
ochesi	𫀼
ocheyu	𫀽
ochetr	𫀿
ochejm	𫁀
ocheba	𫁂
ochexn	𫁄
ocvfsi	𫁅
ocheyi	𫁈
ocxtfh	𫁊
ocxtjs	𫁋
ocxtzd	𫁌
ocxtvu	𫁍
ocksks	𫁎
ocxtmn	𫁐
ocxtvs	𫁑
ocxtvv	𫁒
ockskl	𫁔
ocxtmm	𫁕
ocxtgv	𫁖
ocxtjt	𫁗
ocxtmm	𫁘
ocirly	𫁛
oclige	𫁞
oclivr	𫁟
oclice	𫁠
oclinn	𫁡
ocliyu	𫁢
oclijn	𫁣
oclidm	𫁥
ocliju	𫁦
oclidd	𫁧
ocliww	𫁨
oclijl	𫁫
oclilc	𫁭
ocerli	𫁮
ocvubu	𫁰
ocvuww	𫁱
ocvuwu	𫁲
ocvuww	𫁳
ocvudz	𫁵
ocvuii	𫁶
ocvuul	𫁷
ocvuwu	𫁸
ocvuza	𫁹
ocvuye	𫁺
ocvuzd	𫁻
ocvufj	𫁼
ocvuui	𫁾
ocvuie	𫁿
ocvubo	𫂀
ocvumw	𫂂
ocvumb	𫂃
ocvufu	𫂅
ocvugo	𫂆
ocvude	𫂇
ocvufw	𫂈
ocvumz	𫂋
ocsyda	𫂎
ocvutd	𫂐
ocvuvu	𫂒
ocvuqi	𫂓
ocvubw	𫂕
ocvuai	𫂖
ocvumi	𫂗
ocvuii	𫂙
ocvumw	𫂚
ocvukh	𫂞
ocvuma	𫂟
ocvuhv	𫂠
ocvuji	𫂡
ocvuqi	𫂣
ocvuxl	𫂤
ocdgfu	𫂨
ocvufu	𫂩
ocxnxt	𫂪
ocvuhg	𫂬
ocjiji	𫂮
ocndmi	𫂲
ocujmi	𫂳
ocmiye	𫂴
ocmiri	𫂵
ocmifg	𫂶
ocmiza	𫂸
ocmiui	𫂹
ocmitm	𫂺
ocmijq	𫂻
ocmier	𫂼
ocmirs	𫂽
ocmiyb	𫂾
ocuami	𫂿
ocmian	𫃀
ocmiqq	𫃁
ocmiqu	𫃂
ocmiqq	𫃃
ocuimi	𫃆
ocsuty	𫃉
ocmivf	𫃋
ocmivj	𫃌
ocmiys	𫃍
ocmima	𫃎
ocmijk	𫃏
ocmimf	𫃐
ocmilc	𫃑
ocmigo	𫃓
ocvjjr	𫃔
ocmici	𫃕
ocmijp	𫃖
ocffbj	𫃘
ocsibu	𫃚
ocersi	𫃛
ocsikz	𫃜
ocsiyi	𫃝
ocsivs	𫃞
ocsiww	𫃟
ocsibc	𫃠
ocsili	𫃡
ocsixq	𫃢
ocsizi	𫃣
ocsiru	𫃤
ocsizu	𫃥
ocsigv	𫃧
ocsinq	𫃩
ocsiuu	𫃬
ocsiwh	𫃮
ocsisj	𫃰
ocsivz	𫃲
ocsihr	𫃴
ocsilz	𫃵
ocsilo	𫃶
ocsimw	𫃷
ocsitc	𫃹
ocsirs	𫃻
ocsiln	𫃼
ocsixt	𫃽
ocsimg	𫄁
ocsibi	𫄂
ocsidy	𫄃
ocsilv	𫄄
ocsigj	𫄅
ocsisv	𫄆
ocsizd	𫄇
ocsilo	𫄈
ocsilu	𫄉
ocsiui	𫄋
ocsifg	𫄍
ocsilv	𫄎
ocsivf	𫄏
ocffpd	𫄐
ocsimo	𫄓
ocsidh	𫄗
ocsive	𫄙
ocsihu	𫄚
ocsijb	𫄛
ocsimc	𫄜
ocsidn	𫄝
ocsipi	𫄞
ocsigf	𫄠
ocsits	𫄡
ocsifu	𫄢
ocsins	𫄣
ocsida	𫄤
ocsili	𫄥
ocsijp	𫄦
ocsiyj	𫄧
ocsixi	𫄨
ocsimw	𫄩
ocsish	𫄪
ocsili	𫄫
ocsiye	𫄬
ocsifu	𫄭
ocsiyk	𫄮
ocsiph	𫄰
ocsise	𫄱
ocsimo	𫄲
ocsixi	𫄳
ocsilv	𫄴
ocsipg	𫄵
ocsiql	𫄶
ocsiyi	𫄷
ocsixy	𫄸
ocfzig	𫄺
ocfzvv	𫄻
ocfzmz	𫄼
ocfzyc	𫄾
ocjkfz	𫄿
ocsikv	𫅀
ocsihx	𫅁
ocsiui	𫅂
ocsivc	𫅄
ocsiqi	𫅅
ocwhqi	𫅆
ocsijb	𫅇
ocsipw	𫅉
ocsihv	𫅋
ocsils	𫅍
ocyhkl	𫅎
ocyhvg	𫅏
ocyhyh	𫅐
ocyhdj	𫅑
ocyhmb	𫅒
ocyhyh	𫅓
ocyhgf	𫅔
ocmwkz	𫅖
ocyhbf	𫅗
ocyhqo	𫅘
ocyhgh	𫅙
ocmwbk	𫅚
ocyhbg	𫅛
oclkuj	𫅜
ocmwdj	𫅝
oclluj	𫅞
ocmwkz	𫅟
ocmwye	𫅠
ocxquj	𫅡
octuyu	𫅢
ocyryu	𫅣
ocyulk	𫅤
ocqiyu	𫅥
ocniyu	𫅦
ocyuyh	𫅧
ocyuie	𫅨
ocyugg	𫅩
ocyufw	𫅪
ocbdyu	𫅫
ocybyu	𫅬
ocbbyu	𫅭
ocyusu	𫅯
ocbwyu	𫅰
oclcii	𫅳
oclcnu	𫅴
oclcfh	𫅵
oclcve	𫅶
ocialc	𫅷
oclcxm	𫅸
oclwtm	𫅹
oclwer	𫅺
oclwqu	𫅻
oclwlm	𫅼
oclwiy	𫅽
oclwlq	𫅾
oclwfw	𫅿
ocerer	𫆀
ocerqm	𫆁
ocerqr	𫆂
ocuzer	𫆃
ocerig	𫆅
oceryi	𫆆
ocercd	𫆇
ocqqer	𫆉
ocerge	𫆋
oceryi	𫆌
ocerlh	𫆍
ocxier	𫆎
ocjmer	𫆏
ocerdj	𫆐
ocernh	𫆓
ocndyu	𫆕
ocytmc	𫆗
ocytbm	𫆘
octhyt	𫆙
ocytyz	𫆚
ocytdd	𫆛
ocrzni	𫆜
ocytbi	𫆝
ocytpj	𫆠
ocyuge	𫆡
oclkyt	𫆢
ocytgu	𫆣
ocytjb	𫆤
ocjmkh	𫆥
ocytug	𫆦
ocytlv	𫆧
ocytqm	𫆨
ocrzai	𫆫
ocrzmi	𫆭
ocytsy	𫆮
ocaorz	𫆰
ocytvi	𫆱
ocytmj	𫆳
ocmiyt	𫆴
ocythv	𫆵
ocvojm	𫆶
ocrzzy	𫆸
ocrznc	𫆺
ocvirr	𫆻
ocyung	𫆽
ocwwmi	𫆿
ocytli	𫇀
ocwunc	𫇂
ocytli	𫇃
ocyunh	𫇄
ocifwu	𫇅
ocifif	𫇆
ocifwo	𫇇
ocifzu	𫇈
oczizi	𫇊
ocziqr	𫇋
ocizyj	𫇌
ocviuu	𫇎
ocvild	𫇏
ocviji	𫇐
ocvivf	𫇑
ocuevu	𫇕
ocuelb	𫇖
ocueld	𫇘
ocvzqm	𫇚
ocvzlu	𫇛
ocvzro	𫇜
ocvzxx	𫇝
ocvzmj	𫇞
ocvzbw	𫇟
ocvzuz	𫇠
ocvzyi	𫇢
ochese	𫇤
occcbu	𫇥
occcbc	𫇦
occcir	𫇨
occcwu	𫇩
occcgh	𫇪
occcfu	𫇫
occcww	𫇭
occcyt	𫇮
occchc	𫇯
occcjq	𫇰
occczd	𫇱
occcqr	𫇲
occciu	𫇴
occcnd	𫇵
occczd	𫇶
occckc	𫇷
occcvu	𫇸
occcvl	𫇺
occcii	𫇻
occcns	𫇽
occcuu	𫇿
occciv	𫈀
occckl	𫈃
occcsi	𫈄
occcgu	𫈅
occcjx	𫈆
occcyz	𫈈
occcjm	𫈉
occcbi	𫈋
occcjb	𫈎
occcys	𫈏
occcxk	𫈐
occcwf	𫈑
occcbn	𫈒
occcwu	𫈓
occcfh	𫈚
occcvz	𫈛
occcyz	𫈜
occcif	𫈟
ocqotu	𫈠
occchz	𫈢
occcke	𫈥
occcjp	𫈨
ochxww	𫈪
occcyh	𫈭
occcai	𫈮
occcqx	𫈰
occcyj	𫈱
occcjt	𫈵
occcts	𫈷
occche	𫈺
occcqi	𫉀
occcai	𫉁
occcvu	𫉄
occcuu	𫉅
occchl	𫉉
occcdv	𫉊
occcmd	𫉍
occcwu	𫉎
occcih	𫉒
occcww	𫉔
ociajx	𫉕
occcbo	𫉖
occcys	𫉘
occcgr	𫉜
occcjy	𫉟
occchc	𫉢
occchu	𫉣
occcyh	𫉤
occcui	𫉥
occcmk	𫉩
occcxb	𫉮
occcll	𫉱
occcse	𫉲
octdfw	𫉳
occcdm	𫉷
occcge	𫉸
occcjb	𫉺
ocgoer	𫉻
ocmpge	𫉼
occclz	𫊁
occciz	𫊃
occdji	𫊈
occchu	𫊊
ocyecf	𫊍
ocxttu	𫊎
ockuyc	𫊐
occcgv	𫊒
occchs	𫊓
ocvulp	𫊔
occcqi	𫊖
ocytuu	𫊚
ochukz	𫊝
ochuxt	𫊞
ochurf	𫊟
ochufg	𫊠
ochuzi	𫊡
ochuyu	𫊣
ocisbi	𫊤
ocistu	𫊥
ocisya	𫊦
ocisqp	𫊧
ocisqi	𫊨
ocisji	𫊩
ocisih	𫊪
ocisyh	𫊬
ocyhis	𫊭
ocislu	𫊮
ocishu	𫊯
ociswd	𫊰
oceris	𫊱
ocisli	𫊳
ocisto	𫊴
ocissi	𫊵
ocisgl	𫊶
ocisua	𫊷
ocisqn	𫊸
ocishv	𫊹
ocissi	𫊺
ocisxy	𫊻
ocyuis	𫊼
ocisbp	𫊽
ocisuf	𫊾
ocisss	𫋀
ocisxb	𫋁
ocisqi	𫋂
ocisyu	𫋃
ocisqq	𫋄
ocisjb	𫋅
ocisjb	𫋆
ocisxn	𫋇
ocisfh	𫋈
ockeis	𫋉
ocisbw	𫋋
ocisdd	𫋌
ociske	𫋍
ocisuz	𫋎
ocisiy	𫋏
ocisgs	𫋐
ocisbj	𫋑
ocisjx	𫋕
ocisfu	𫋖
ocisqt	𫋗
ocisxi	𫋘
ocisql	𫋙
ocisjk	𫋛
ocisji	𫋝
ocisuz	𫋤
ocisqu	𫋦
ocisgl	𫋧
ocisjm	𫋨
ocxtbi	𫋪
ociyxt	𫋫
ocxtvh	𫋬
ocxkji	𫋮
ocxkhl	𫋯
ocxkvi	𫋰
ocxkyk	𫋱
ocppqu	𫋲
ocppfh	𫋳
oclqyi	𫋴
ocppuf	𫋵
ociuge	𫋶
ocppyz	𫋸
ocppyc	𫋹
ocppvc	𫋺
ocpphv	𫋻
ocppsi	𫋼
ocppjn	𫋽
ocppmw	𫋿
ocppze	𫌀
ocppvi	𫌁
ocppww	𫌂
ocppsj	𫌄
ocppyh	𫌅
ocppsz	𫌆
ocppnp	𫌇
ocppdc	𫌈
ocppgc	𫌉
ocppji	𫌊
ocppis	𫌌
octoyi	𫌎
ocjlyi	𫌏
ocppyt	𫌐
ocpppu	𫌑
ocppts	𫌒
ocppli	𫌕
ocppxp	𫌗
ocppjm	𫌙
ocxihe	𫌚
ocxifg	𫌛
ocjmnv	𫌜
ocjmxs	𫌝
ocxijm	𫌞
ocxkjm	𫌟
octijm	𫌠
ocjmnj	𫌢
ocjmye	𫌣
ocjmyj	𫌧
ocerjm	𫌨
ocjmju	𫌩
ocpdjm	𫌪
ocjmjm	𫌫
ocpnjm	𫌬
ocjmww	𫌭
ocjnkx	𫌮
ocjnqn	𫌯
ocjnyh	𫌰
ocjnww	𫌱
ocyjcc	𫌲
ocyjnv	𫌳
ocyjwf	𫌴
oculyj	𫌵
ocyjpi	𫌶
ocdmyj	𫌷
ocddyj	𫌸
ocxiyj	𫌺
ocyjyi	𫌻
ocyjie	𫌼
ocyjto	𫌽
ocyjxi	𫌾
ocyjqi	𫌿
ocyjjb	𫍀
ocyjug	𫍂
ocyjys	𫍃
ocyjfw	𫍄
ocyjrz	𫍅
ocyjrs	𫍇
ocyjfj	𫍉
ocyjjm	𫍊
ocyjwf	𫍋
ocyjts	𫍌
ocmzuc	𫍍
ocyjji	𫍎
ocyjuu	𫍏
ocpbyj	𫍐
ocyjui	𫍒
ocjiji	𫍕
ocyjyi	𫍖
ocyjci	𫍗
ocyjuu	𫍘
ocyjye	𫍙
ocyjyc	𫍚
ocyjff	𫍛
ocyjqu	𫍜
ocyjhu	𫍞
ocyjwj	𫍠
ocyjta	𫍡
ocyjyc	𫍢
ocyjts	𫍣
ocyjqn	𫍤
ocyjvc	𫍥
ocyjns	𫍦
ocyjld	𫍧
ocyjif	𫍨
ocyjgo	𫍩
ocyjji	𫍪
ocyjyj	𫍫
ocyjwh	𫍬
ocyjqp	𫍭
ocyjqu	𫍮
ocyjxm	𫍯
ocyjsi	𫍰
ocyjdr	𫍱
ocyjsz	𫍲
ocyjvs	𫍳
ocyjlz	𫍴
ocyjao	𫍵
ocyjvi	𫍶
ocyjgv	𫍷
ocyjuj	𫍸
ocyjxi	𫍻
ocyjts	𫍼
ocyjnk	𫍾
ocyjjm	𫍿
ocgurf	𫎀
ocjkgu	𫎁
ocwwgu	𫎂
ocfudz	𫎃
ocuihg	𫎅
ocuics	𫎆
ocndui	𫎉
ocviyi	𫎊
ocviyz	𫎋
ocvilz	𫎌
ocbwyu	𫎏
ocbwqi	𫎐
ocbwge	𫎑
ocbwfh	𫎒
ocuibw	𫎔
ocbwfu	𫎕
ocbwhe	𫎖
ocbwfz	𫎗
ocvebw	𫎘
ocbwdv	𫎙
ocmdge	𫎚
ocbwjp	𫎝
ocbwww	𫎞
ocbwqi	𫎟
ocbwjq	𫎢
ocpbxm	𫎤
ocbwls	𫎦
ocbwju	𫎧
ocbwqm	𫎨
ocbwqb	𫎪
ocbwtj	𫎫
ocvhgs	𫎬
ociivi	𫎮
ociixi	𫎯
ociixi	𫎰
oczzli	𫎱
oczzui	𫎲
oczzbi	𫎳
oczzts	𫎴
oczzke	𫎵
oczzgs	𫎶
oczzig	𫎷
oczzvj	𫎸
oczzde	𫎹
oczzcj	𫎺
oczzxk	𫎻
ocqian	𫎼
oczzhe	𫎽
oczzul	𫎿
oczucy	𫏀
oczuwf	𫏂
oczuih	𫏃
oczugj	𫏄
oczuyh	𫏅
oczufa	𫏆
oczugs	𫏇
oczugl	𫏈
oczumk	𫏉
oczurf	𫏊
oczuqn	𫏋
oczuld	𫏌
oczugd	𫏍
oczuqk	𫏏
ocvjzu	𫏐
oczulo	𫏑
oczuba	𫏒
oczugk	𫏓
ocmmzu	𫏔
ocqkzu	𫏕
oczuyr	𫏖
oczudr	𫏗
oczubw	𫏚
oczuxi	𫏛
oczugo	𫏜
oczucu	𫏝
oczudr	𫏞
oczulj	𫏠
oczuxl	𫏡
oczujl	𫏣
oczukx	𫏥
oczuxu	𫏧
oczuxm	𫏨
oczuyi	𫏩
ocufis	𫏪
ocufvd	𫏫
ocufuf	𫏬
ocufni	𫏮
ocufdr	𫏰
ocufhv	𫏱
ociekv	𫏲
ociege	𫏳
ociebd	𫏴
ocigie	𫏵
ociejx	𫏶
ocieww	𫏸
ocieyr	𫏺
oclzie	𫏻
ociequ	𫐀
ociewu	𫐄
ocieuj	𫐅
ocieli	𫐆
ocienw	𫐇
ocieba	𫐈
ocielk	𫐉
ocviie	𫐋
ociebk	𫐌
ocieuf	𫐍
ocieqi	𫐎
ocievz	𫐏
ocieer	𫐐
ociegr	𫐑
ociehs	𫐒
ocierz	𫐓
ociehe	𫐔
ociehv	𫐕
ociegj	𫐘
ocxbci	𫐛
ocxbgd	𫐝
ocviuu	𫐞
ocviyi	𫐟
ocvimu	𫐠
ocvijb	𫐡
ocvigu	𫐢
ocvibk	𫐣
ocvilc	𫐥
ocvike	𫐦
ocvifu	𫐧
ocviii	𫐨
ocvizo	𫐩
ocbmer	𫐪
ocvivg	𫐭
ocvily	𫐮
ocviyu	𫐯
ocvier	𫐰
ocvizs	𫐱
ocvidk	𫐲
ocvuba	𫐴
ocviqq	𫐵
ocvilz	𫐷
ocvimw	𫐹
ocviyb	𫐺
ocviph	𫐼
ocvubu	𫐾
ocsumc	𫐿
ocviyi	𫑁
ocsulk	𫑅
ocjbqi	𫑇
ocviyu	𫑈
ocbmyr	𫑊
ocsumz	𫑋
ocqmwf	𫑍
ocviyj	𫑎
ocnavu	𫑏
ocsuli	𫑐
ocgonm	𫑑
ocsubw	𫑒
ocviyk	𫑔
ocvrer	𫑘
ocyter	𫑛
ocvcer	𫑜
ocyier	𫑝
ocyjer	𫑟
ocmmer	𫑡
ocbhvs	𫑢
ocwwer	𫑤
ociyer	𫑥
ocyjer	𫑦
ocquer	𫑧
ocyuer	𫑨
ocyher	𫑩
oclwer	𫑪
ocvier	𫑫
ocqker	𫑭
oclhgc	𫑯
oclser	𫑰
oclhic	𫑱
ocyzwj	𫑳
ocyzcy	𫑴
ocyzyb	𫑵
ocyzdz	𫑶
ocyzqm	𫑷
ocpwjb	𫑸
ocyzld	𫑹
ocyzui	𫑺
ocyzzy	𫑼
ocyzuu	𫑽
ocyzjn	𫑿
oclifu	𫒁
ocerli	𫒂
ocvsni	𫒃
ocvsnp	𫒅
ocjbuh	𫒆
ocjbto	𫒇
ocjbnv	𫒈
ocjber	𫒉
ocjbfg	𫒊
ocjbwf	𫒋
ocjbjp	𫒌
ocjbwu	𫒍
ocjbuv	𫒎
ocjbmb	𫒏
ocjbii	𫒐
ocjbqq	𫒒
ocjbwd	𫒓
ocjbug	𫒔
ocjbxi	𫒖
ocjbye	𫒗
ocjbfz	𫒘
ocjbuz	𫒙
ocjbyi	𫒚
ocjbzi	𫒛
ocjbgg	𫒝
ocjbjp	𫒞
ocjbyu	𫒟
ocjbxi	𫒠
ocjbhj	𫒢
ocjbwh	𫒥
ocjbvi	𫒦
ocjbyu	𫒧
ocjbky	𫒨
ocjbfg	𫒩
ocjber	𫒪
ocjbde	𫒫
ocjbii	𫒬
ocjbbc	𫒭
ocjbbd	𫒲
ocjbyu	𫒳
ocjbke	𫒴
ocjbwu	𫒷
ocjbni	𫒼
ocjbna	𫒾
ocjbdd	𫒿
ocjble	𫓀
ocjbis	𫓁
ocjbbo	𫓆
ocjbll	𫓉
ocjbda	𫓌
ocjbfu	𫓍
ocjbbi	𫓎
ocjbgj	𫓏
ocjbcs	𫓑
ocjbns	𫓒
ocjbyi	𫓔
ocjbfu	𫓘
ocjbww	𫓙
ocjbcv	𫓚
ocjbma	𫓟
ocjbug	𫓠
ocjbyi	𫓢
ocjbba	𫓥
ocjbzi	𫓦
ocjbfu	𫓧
ocjbge	𫓨
ocjbcs	𫓩
ocjbgs	𫓪
ocjbxi	𫓫
ocjbza	𫓬
ocjbyh	𫓭
ocjbiu	𫓮
ocjbgv	𫓯
ocjbxu	𫓰
ocjbqn	𫓱
ocjbxy	𫓲
ocjbli	𫓳
ocjbmz	𫓴
ocjbif	𫓵
ocjbyr	𫓶
ocjbqi	𫓹
ocjblu	𫓺
ocjbnm	𫓻
ocjbhe	𫓼
ocjbzs	𫓽
ocjbyu	𫓾
ocjbiv	𫓿
ocjbjm	𫔀
ocjbbf	𫔁
ocjbui	𫔂
ocjblj	𫔃
ocjbrz	𫔄
ocjbso	𫔅
ocjbba	𫔆
ocjbuo	𫔈
ocjbyk	𫔉
ocjbsu	𫔊
ocjbkr	𫔋
ocjbsj	𫔌
ocjbfj	𫔍
ocjbij	𫔏
ocjbgu	𫔐
ocjbdj	𫔑
ocjbxs	𫔒
ocjbho	𫔓
ocjblw	𫔕
ocihns	𫔖
ocihtm	𫔗
ocmfuu	𫔘
ocgsmf	𫔙
ocmfvs	𫔚
ocmfhx	𫔛
ocmfgu	𫔜
ocmfmu	𫔝
ocmfyz	𫔞
ocmfdd	𫔟
ocmfds	𫔠
ocmfdz	𫔡
ocmfir	𫔢
ocmfli	𫔣
ocmfqi	𫔥
ocmfui	𫔨
ocmfmo	𫔩
ocmfyi	𫔪
ocwjmf	𫔬
ocmfkd	𫔭
ocmfyt	𫔮
ocmfdz	𫔯
ocmfbm	𫔰
ocmfyi	𫔱
ocmfxn	𫔲
ocmfvv	𫔴
ocmfvi	𫔵
ocncwf	𫔹
ocerda	𫔺
ocerwf	𫔻
oceryz	𫔼
ocerug	𫔽
ocerer	𫔾
ocyhdk	𫔿
ocergr	𫕀
ocerwu	𫕁
ocerjq	𫕂
ocerju	𫕄
ocerhe	𫕈
oceryr	𫕉
ocerbm	𫕌
ocerxr	𫕍
ocerwg	𫕎
ocerul	𫕐
ocerfu	𫕑
ocerdi	𫕒
ocerln	𫕔
ocaayb	𫕖
ocvvcs	𫕚
ocuevv	𫕛
ocwuvv	𫕜
ocyuer	𫕝
ocyutu	𫕞
ocyuyt	𫕟
ocyuba	𫕠
ocyubw	𫕡
ocyumu	𫕢
ocwjxt	𫕣
ocyurf	𫕤
ocyuyr	𫕥
ocyuwf	𫕦
ocyuff	𫕧
ocyucj	𫕨
ocyuhs	𫕩
ocyulp	𫕪
ocyuvf	𫕫
ocyule	𫕬
ocyuww	𫕯
ocyuji	𫕱
ocyuyu	𫕲
ocyujp	𫕴
ocyuze	𫕵
ocyubi	𫕶
ocyugr	𫕷
ocqkge	𫕸
ocqkug	𫕹
ocqkbj	𫕺
ocqkqk	𫕻
ocqkjk	𫕼
ochefw	𫕽
ocvifw	𫕾
ocmmmo	𫖀
ocmmvc	𫖁
ocnamm	𫖂
ocmmgv	𫖃
ocjxmm	𫖄
ocgels	𫖅
ocgevi	𫖆
ocgehx	𫖇
ocyuge	𫖈
ocgetj	𫖊
ocgedm	𫖋
ocwunq	𫖌
ocwwfu	𫖍
ocjkww	𫖎
ocwwmj	𫖏
ocwwjb	𫖑
ocwwbi	𫖒
ocwwbw	𫖓
ocwwgz	𫖕
ocwwdg	𫖖
ocybdz	𫖗
ocybbm	𫖘
ocybvf	𫖙
ocybyb	𫖚
ocybhx	𫖛
ocybmu	𫖜
ocbiye	𫖝
ociiye	𫖞
ocvfye	𫖣
ocwuye	𫖤
ocuyuh	𫖦
ocyejk	𫖧
ocqiye	𫖪
ocybye	𫖫
ocyevf	𫖬
octdye	𫖭
ocqiye	𫖮
ocvcye	𫖯
ocdoye	𫖰
ocgfye	𫖱
ocyrye	𫖲
ocjyye	𫖳
oczeye	𫖴
ocytye	𫖵
ocjmye	𫖶
ocyeye	𫖷
ocyrye	𫖸
ocqiye	𫖹
ocfjye	𫖺
ocgsfg	𫖻
ocbifg	𫗅
ocfghv	𫗆
ocfgri	𫗇
ocfgbo	𫗈
ocfgfg	𫗉
ocfgyb	𫗊
ocfgse	𫗋
ocbffw	𫗌
oclcui	𫗍
ocuiju	𫗎
ocuiyz	𫗏
ocuiqr	𫗐
ocuian	𫗒
ocuigc	𫗓
ocuinj	𫗕
ocuimm	𫗖
ocuimw	𫗗
ocuize	𫗙
ocjmui	𫗚
ocuige	𫗛
ocuixu	𫗜
ocuijm	𫗝
ocuigj	𫗞
ocuiyr	𫗟
ocuiih	𫗠
ocuigu	𫗡
ocuiva	𫗢
ocuibi	𫗣
ocuijy	𫗥
ocuifu	𫗦
ocuiuu	𫗧
ocuill	𫗨
ocuilo	𫗩
ocuiww	𫗪
ocuihu	𫗫
ocuiww	𫗭
ocuihl	𫗮
ocuihz	𫗯
ocuivv	𫗰
ocuijm	𫗱
ocuisi	𫗲
ocuiql	𫗳
ocuixl	𫗵
ocuzhu	𫗶
ocuzdd	𫗷
ocuzxi	𫗸
ocuzao	𫗺
ocuzmn	𫗻
ocxlgv	𫗼
ocxlqr	𫗽
ocxlvi	𫗾
ocxlfw	𫗿
ocxlao	𫘀
ocxlze	𫘁
ocxlji	𫘂
ocxlxb	𫘃
ocxlbc	𫘄
ocmaia	𫘅
ocmafu	𫘆
ocmapi	𫘇
ocmauu	𫘈
ocmaho	𫘉
ocmaxi	𫘊
ocmaqk	𫘋
ocmahu	𫘌
ocmuma	𫘎
ocmamm	𫘏
ocmavs	𫘐
ocmamw	𫘑
ocmavr	𫘒
ocmajm	𫘕
ocvima	𫘖
ocmald	𫘗
ocluma	𫘘
ocmafg	𫘙
ocmaff	𫘚
ocmagj	𫘛
ocmawf	𫘜
ocmagk	𫘝
ocmapi	𫘟
ocmavi	𫘠
ocmagl	𫘡
ocmaxk	𫘢
ocmahj	𫘣
ocmayi	𫘤
ocmaky	𫘥
ocmalu	𫘧
ocmaui	𫘨
ocmahl	𫘩
ocmayr	𫘪
ocmayj	𫘫
ocmaxi	𫘬
ocmaul	𫘭
ocmadi	𫘮
ocmazg	𫘯
ocmadj	𫘰
ocguxu	𫘲
ocgujm	𫘳
ocguwu	𫘴
ocgcln	𫘵
ocqqgc	𫘶
ocgczc	𫘷
ocbnyi	𫘸
ocbnjq	𫘹
ocbnnv	𫘺
ocbnrs	𫘻
ocbnyz	𫘼
ocbnhv	𫘽
ocbnif	𫘾
ocbnjy	𫘿
ocbnmm	𫙁
ocbnlz	𫙂
ocgevs	𫙄
ocgeys	𫙅
ocgvba	𫙈
ocgvfu	𫙉
ocgvyh	𫙊
ocligv	𫙋
ocgxgv	𫙌
ocgvmg	𫙍
ocgvdj	𫙎
ocyuyu	𫚈
ocyugs	𫚉
ocyuyi	𫚊
ocyuvr	𫚋
ocyuuc	𫚌
ocyuff	𫚍
ocyubk	𫚎
ocyubf	𫚏
ocyuyh	𫚐
ocyubi	𫚑
ocyufu	𫚒
oclpyu	𫚓
ocyuhv	𫚔
ocyuui	𫚕
occiyu	𫚖
ocyuhe	𫚗
ocyuhx	𫚘
ocyufu	𫚙
ocyudv	𫚛
ocyugv	𫚜
ocyugo	𫚝
ocyujr	𫚠
ocyuvz	𫚡
ocyubm	𫚣
ocyuzi	𫚤
ocyuxx	𫚥
ocyurs	𫚦
ocyucc	𫚧
ocyubu	𫚨
ocyupg	𫚩
ocyuzc	𫚫
ocyuln	𫚬
ocyuui	𫙏
ocyucc	𫙐
ocyuyb	𫙒
ocyulu	𫙔
ocyuxt	𫙕
ocyuni	𫙖
ocyumb	𫙗
ocyuxi	𫙘
ocyuse	𫙙
ocyuxk	𫙚
ocyulw	𫙛
ocyuwh	𫙜
ocyujr	𫙝
ocyuyu	𫙟
ocyuui	𫙠
ocliyu	𫙣
ocyuhh	𫙤
ocyuuh	𫙥
ocwuyu	𫙦
ocyujb	𫙧
ocyudr	𫙨
ocyuzi	𫙩
ocyuah	𫙬
ocyujp	𫙮
ocyuxq	𫙯
ocyuqm	𫙱
ocyuih	𫙲
ocyufu	𫙳
ocyuxi	𫙶
ocyugv	𫙷
ocyulj	𫙹
ocyuji	𫙺
ocyufu	𫙻
ocyudg	𫙼
ocyuwj	𫙽
ocyuxb	𫚀
ocyuvi	𫚁
ocyujp	𫚂
ocyubw	𫚄
ocyuyr	𫚆
ocyuuu	𫚇
ockdnn	𫛚
ocvinn	𫛛
ocbunn	𫛜
ocdjnn	𫛝
ocnngk	𫛞
oclsnn	𫛟
ocvann	𫛠
ocfjnn	𫛡
ocnknn	𫛢
ocnnxt	𫛣
ocjxnn	𫛤
ocjxnn	𫛥
ockxnn	𫛦
ocbknn	𫛨
ocannn	𫛩
ocrunn	𫛪
ocyrnn	𫛫
ocyunn	𫛬
ocklnn	𫛭
ocbinn	𫛮
ocfhnn	𫛯
ocqinn	𫛰
ocvonn	𫛱
ocvznn	𫛲
ocfunn	𫛳
ocdjnn	𫛴
ocqunn	𫛵
ochunn	𫛷
ocuinn	𫛸
ocmnnn	𫛹
ocnnhz	𫛺
ocdunn	𫛻
ocgvnn	𫛼
ocsunn	𫛽
ocuenn	𫛿
ocifnn	𫜀
ocbinn	𫜁
ocvhnn	𫜂
octjnn	𫜃
oczynn	𫜄
oclnnn	𫜆
ocyinn	𫚮
ocbinn	𫚰
ocnngz	𫚱
ocrsnn	𫚲
ocnnvj	𫚳
ochenn	𫚴
ocmcnn	𫚵
ochunn	𫚶
occenn	𫚷
ocnnyz	𫚸
ocpdnn	𫚺
ochcnn	𫚻
ocnnyr	𫚼
ocwunn	𫚾
ocyznn	𫚿
ocnann	𫛀
ocwunn	𫛁
ocbunn	𫛄
ocnunn	𫛇
ocnngu	𫛈
ocyenn	𫛉
ocfwnn	𫛊
ocddnn	𫛋
ocgenn	𫛌
ocxnnn	𫛎
ocgonn	𫛐
ocshnn	𫛑
ocnnhx	𫛓
ocwwnn	𫛔
ocjnnn	𫛕
octjnn	𫛗
oclumi	𫜇
ocmwlu	𫜈
ocluyu	𫜉
ocluwf	𫜊
ocluli	𫜋
ocluqm	𫜌
ocluge	𫜍
oclblu	𫜏
ocmdhu	𫜐
ocmdfg	𫜑
ocmdta	𫜒
ocmdyr	𫜓
ocmdbw	𫜔
ocmaji	𫜖
ocmali	𫜗
ocfuhl	𫜘
ochwmm	𫜙
ochwhu	𫜚
ochwfw	𫜛
ochwmm	𫜞
ocqqmm	𫜟
ocdkzi	𫜠
ocdkph	𫜡
ocuuhg	𫜢
ocuudg	𫜣
ocbiqr	𫜤
ociifu	𫜦
ociiba	𫜨
ociijn	𫜪
ociifu	𫜫
ociixi	𫜬
ociiso	𫜭
ociiyj	𫜮
ociihd	𫜯
ocxmii	𫜰
ocyzls	𫜲
ocrjgv	𫜳
ocffly	𫜴
ocqikl	𫝁
ocpprf	𫝄
ocrfjy	𫝈
ocbkjm	𫝎
ocbkyj	𫝏
ocvili	𫝑
ocjqui	𫝒
ockzyz	𫝘
ocxluh	𫝙
ocxlts	𫝛
ockzza	𫝜
ockzwu	𫝞
ocsvtu	𫝡
ocjrtm	𫝤
ocmwll	𫝥
ocnvbw	𫝦
ocnvqi	𫝧
ocnvjy	𫝨
ocnvuz	𫝩
ocnvgs	𫝪
ocnvld	𫝫
ocnvgv	𫝬
ocnvyk	𫝭
ocnvlj	𫝮
ocujgs	𫝳
ocujhz	𫝴
ocujuz	𫝵
ocuzuk	𫝺
ocuzhv	𫝻
ocuzxq	𫝽
ocuzmd	𫝾
ocvliu	𫝿
ocfhyi	𫞀
ocfhmw	𫞁
ocriyu	𫞂
ocytxy	𫞅
ocuidm	𫞕
ocmbdm	𫞖
ocuvmb	𫞗
ocuvzi	𫞚
ocuvvu	𫞛
ocuvqt	𫞝
ocholk	𫞠
ochors	𫞡
ocqrjm	𫞣
ocwhbw	𫞥
ocwhqi	𫞦
ocwhlc	𫞧
ocwhjm	𫞨
octmyi	𫞫
ocbkug	𫞬
ocbkcd	𫞭
ocbdju	𫞮
ocmujl	𫞳
ocppwu	𫞶
ochehv	𫞷
ocheds	𫞸
oclidk	𫞻
oclizd	𫞼
ocmixt	𫟀
ocsihj	𫟂
ocsirf	𫟃
ocsihs	𫟄
ocsijk	𫟅
ocsivs	𫟆
ocsiln	𫟇
ocersi	𫟉
ocytxi	𫟊
occcwd	𫟌
occclk	𫟑
occcdj	𫟕
ocisca	𫟗
ocvsyi	𫟚
ocyjvi	𫟞
ocyjbj	𫟟
ocyjdj	𫟠
ocyjzs	𫟡
ocyjjx	𫟢
oczush	𫟣
ocieta	𫟤
ocievf	𫟥
ociesv	𫟦
ocvidk	𫟧
oclier	𫟫
ocvier	𫟬
ockeer	𫟭
ocyzdq	𫟮
ocwfli	𫟯
ocjbdh	𫟰
ocjbjq	𫟲
ocjbsi	𫟳
ocjbff	𫟴
ocjbyy	𫟵
ocjbce	𫟶
ocjbli	𫟷
ocjbui	𫟸
ocjbgs	𫟹
ocjbhd	𫟺
ocjbvz	𫟻
ocjbda	𫟼
ocjbgk	𫟽
ocjbia	𫟿
ocmflk	𫠂
ocerxm	𫠃
ocwwhd	𫠄
ocwwge	𫠅
ocviye	𫠆
ocfgwf	𫠇
ocfgbi	𫠈
ocmahg	𫠉
ocmaxr	𫠊
ocmalu	𫠋
ocmapn	𫠌
ocyuvf	𫠍
ocyujx	𫠎
ocyumu	𫠏
ocyugj	𫠐
ocyusz	𫠑
ocyuvh	𫠒
ocnnhg	𫠓
ocgsnn	𫠖
ociiuu	𫠙
ociixk	𫠛
ociier	𫠜
ochgve	𫠠
ochgge	𫠡
ocuhdk	𫠢
ocfgbc	𫠤
ocbkve	𫠥
ocwuxx	𫠧
ocdvhg	𫠨
ocyixx	𫠪
ocbuyr	𫠫
ocbuvs	𫠬
ocbubu	𫠭
ocvixx	𫠮
ocnsxx	𫠯
ocxxwo	𫠰
ocgfvi	𫠱
ocbuqu	𫠲
ocxxly	𫠳
ocqqhv	𫠴
ocbukf	𫠶
ocuhfg	𫠷
ocuhxn	𫠸
ocuhng	𫠹
ocuhkf	𫠺
ocbuxb	𫠻
ocuhvo	𫠼
ocuhqk	𫠽
ocuhdg	𫠿
ocjmbk	𫡁
ocjmbk	𫡂
ocnduu	𫡄
ocjqjq	𫡅
ocffvs	𫡇
oczivs	𫡉
ocirjr	𫡌
ocviir	𫡍
oclwir	𫡎
ocrfpp	𫡏
ocndge	𫡐
ocrfcs	𫡑
ocpprj	𫡒
ocerpp	𫡓
ocgegd	𫡔
ocppqq	𫡕
ocrfji	𫡖
ocfgji	𫡗
ocrfgk	𫡘
ocgkhg	𫡙
ocdvyu	𫡚
ocyivi	𫡛
ocdvzi	𫡜
ocndui	𫡝
ocwuwh	𫡟
ocjqmd	𫡠
ocqnyu	𫡡
ocyitu	𫡢
ocyiwf	𫡣
ocyihe	𫡥
ocvfjq	𫡦
ocvedq	𫡧
ocyiqq	𫡨
ocmzyi	𫡪
ocyinj	𫡫
ocwjgo	𫡬
ocmdyi	𫡭
ocmiyi	𫡮
ocicyi	𫡯
oculer	𫡱
ocwuxx	𫡲
ocjkji	𫡳
ocwunj	𫡵
ocyyuf	𫡶
ocyabd	𫡷
ocerqk	𫡸
ocwhyr	𫡻
ocmumu	𫡼
ocjnlv	𫡽
ocrfhg	𫢅
ocrfqn	𫢆
ocrfdc	𫢈
ocrfgj	𫢉
ocbage	𫢊
ocrftm	𫢋
ocrfdj	𫢌
ocjbrf	𫢍
ocrfyy	𫢎
ocrfji	𫢐
ocrfiy	𫢑
ocrfls	𫢒
ocrfui	𫢓
ocrfgv	𫢔
ocrgge	𫢖
ocrfvf	𫢗
ocrfdv	𫢘
ocrfds	𫢙
ocrfye	𫢜
ocrfyu	𫢝
ocrfyz	𫢞
ocrfgs	𫢟
oclkdc	𫢣
ocrfhs	𫢦
ocrflb	𫢧
ocrfmf	𫢨
ocnijb	𫢩
ocrflm	𫢪
ocddui	𫢫
ocrflc	𫢬
ocrfhx	𫢮
ocrfya	𫢯
ocrfug	𫢰
ocrfxm	𫢲
ocdixx	𫢵
ocrfdm	𫢶
ocrfxl	𫢷
ocrfdj	𫢸
ocrfis	𫢹
ocrfcj	𫢺
octddd	𫢼
ocrfbd	𫢾
ocrfwd	𫣀
ocrfyk	𫣂
oclkan	𫣃
ocrfqi	𫣅
ocrfen	𫣆
oclvpu	𫣇
oclvwf	𫣈
ocrfjm	𫣉
ocrfai	𫣊
ocrfuk	𫣐
ocrfrr	𫣑
ocrfde	𫣓
ocrfvh	𫣖
ocrftj	𫣗
ocldli	𫣙
oclild	𫣚
ocqmqm	𫣛
oclyqr	𫣝
ocrfxu	𫣞
ocrfju	𫣟
ocrfvi	𫣠
ocrffu	𫣡
ocrfmj	𫣢
ocrfww	𫣤
ocrfdi	𫣥
ocrftk	𫣦
ocrfvi	𫣧
ocrfdk	𫣨
ocrfxb	𫣩
ocpmuc	𫣪
ocrfuu	𫣫
ocbcli	𫣯
ocufyr	𫣰
ocpmfj	𫣱
ocrfxm	𫣴
ocsivf	𫣵
ocrfkc	𫣶
ocrfkr	𫣷
ocsgui	𫣸
ocheqn	𫣹
ocqmvg	𫣺
ocrfld	𫣻
ocrflb	𫣼
ocrfjn	𫣾
octhvi	𫤁
ocrfxk	𫤂
ocrfbi	𫤃
ocuitv	𫤄
ocrfhd	𫤇
ocsutv	𫤈
ocqklv	𫤉
ocyuyh	𫤋
ocqrly	𫤍
ocqkvg	𫤎
ocqkyk	𫤏
ocrfqm	𫤐
ocpmvi	𫤑
ocqkrs	𫤒
ocqktv	𫤓
ocrfyk	𫤔
ocqkpn	𫤕
ocyrta	𫤙
ocgllk	𫤚
ocdvfg	𫤛
ocxsdi	𫤜
ocyruz	𫤞
ocxshl	𫤟
ocxmky	𫤠
ocgllw	𫤡
ocxmij	𫤢
ocycji	𫤣
ocglil	𫤤
ocglyc	𫤦
ocqrqr	𫤪
ocbamm	𫤫
occjba	𫤯
ocqiji	𫤱
ocqivh	𫤴
ocghqu	𫤷
ocbcif	𫤹
ocbchj	𫤺
ocbcjt	𫤼
ocbkyi	𫤾
ocbkyu	𫤿
ocbkui	𫥀
ocbkjb	𫥁
ocbkyt	𫥂
ocbkyb	𫥃
ocbkvj	𫥄
ocbkyh	𫥅
ocbkys	𫥆
ocbkvc	𫥈
ocbkvi	𫥉
ocbkww	𫥊
ocbkgf	𫥋
ocbkns	𫥌
ocbkyj	𫥍
ocbkmw	𫥏
ocbkde	𫥐
ocbkci	𫥑
ocbkyu	𫥓
ocbkqb	𫥔
oclggj	𫥕
oclgwd	𫥖
oclgji	𫥘
ocbkcj	𫥚
ocbkzc	𫥛
oclgzu	𫥜
ocbkqb	𫥝
ociubk	𫥤
ocwuiu	𫥫
ociucc	𫥬
ocmjiu	𫥭
ocdcda	𫥰
ocdczi	𫥱
octddc	𫥲
oclidc	𫥳
ocbadc	𫥴
oclidc	𫥵
ocpkdc	𫥶
octudc	𫥷
ocdcvj	𫥸
ocyedc	𫥺
ocdclk	𫥻
ocyadc	𫥼
ocqndc	𫥽
ocmidc	𫥾
ocjndc	𫥿
ocuidc	𫦀
ocbfdc	𫦃
ocyidc	𫦄
ocsudc	𫦅
oczudc	𫦆
oczurf	𫦈
oclzdc	𫦉
ocybdc	𫦊
ocjldc	𫦋
ocjtdc	𫦌
ocsodc	𫦎
ocnadc	𫦏
ocgcdc	𫦑
ocdidc	𫦒
oczudc	𫦓
ocjldc	𫦔
ocqndc	𫦙
oclsdc	𫦞
ocsvge	𫦢
oclihg	𫦤
ocjxhg	𫦥
oczoli	𫦦
oclifj	𫦧
ocmili	𫦨
ocllli	𫦩
ocyrli	𫦪
ocjqvu	𫦬
oclill	𫦭
ocqili	𫦮
oclbli	𫦯
oclcli	𫦰
ocjtli	𫦳
ochlli	𫦴
ocnkvu	𫦵
ocnjlc	𫦶
oclcli	𫦸
ocnjjp	𫦻
ocvdli	𫦼
ocqbug	𫦽
ocxtli	𫦾
ocbctu	𫧀
ocbcir	𫧁
ocgcuc	𫧂
ocwuhv	𫧃
ocbcvf	𫧄
ocbibi	𫧇
ocufbi	𫧈
ocklkl	𫧋
ocklri	𫧍
ocklvi	𫧎
ocklcs	𫧏
ocklmu	𫧐
ocklgf	𫧑
ocklts	𫧒
ocklfu	𫧓
ocyixs	𫧕
ocklhl	𫧖
ocqudi	𫧜
ocnuui	𫧞
ocbjyi	𫧟
ocgufg	𫧡
ocnjge	𫧣
ocuivr	𫧤
ocuimj	𫧥
oclvge	𫧦
oclmug	𫧧
ocvowf	𫧩
ocugns	𫧪
ocwuvu	𫧬
ocvozc	𫧭
ocmdbu	𫧮
ocvjnw	𫧯
ocbuhu	𫧰
ockake	𫧱
ockahs	𫧲
ockaho	𫧳
ocvjvo	𫧴
ockaye	𫧵
ockajk	𫧶
ocvfdg	𫧸
ocdker	𫧹
ocrfer	𫧺
oclrcc	𫧼
oclrvl	𫧾
oclrmd	𫧿
ocihjb	𫨂
ocihww	𫨃
ocihbm	𫨄
ocihbd	𫨅
ocihjx	𫨆
ocihyh	𫨇
ocihgu	𫨊
ocihuh	𫨋
ocihye	𫨌
oczewo	𫨎
ocihyb	𫨏
ocihma	𫨑
ocihbj	𫨕
ocihbu	𫨚
ocihjs	𫨛
ocihyb	𫨜
ocihys	𫨠
ocyjqi	𫨥
ocsibu	𫨦
ocggsi	𫨨
ocsivf	𫨫
ocquld	𫨬
ocquyi	𫨭
ocquue	𫨮
ocqubw	𫨯
ocbwqu	𫨰
ocqnyz	𫨲
ocdjyz	𫨳
ocwwyz	𫨴
ocwuyz	𫨵
ocqpyz	𫨶
ocbdyz	𫨷
ocuiyz	𫨸
oculpi	𫨹
ocviyz	𫨺
ocdsyz	𫨽
ocxlyz	𫨿
ocndyz	𫩀
oculzu	𫩅
ocliyz	𫩆
ocliqu	𫩉
ocfjlw	𫩍
oclyul	𫩎
ockluu	𫩏
ockzqn	𫩐
ockzjb	𫩒
ockzwh	𫩔
ockzgl	𫩕
ockzmf	𫩖
ockzia	𫩗
ockzvs	𫩘
oclvve	𫩙
ockzgh	𫩚
ockzcs	𫩛
ockzvx	𫩜
ockzvi	𫩝
ockzqn	𫩟
octhkz	𫩠
ockzbw	𫩡
ockzui	𫩢
ocyhkz	𫩣
ockzye	𫩤
ockzjq	𫩥
oclkkz	𫩧
ocwjkz	𫩨
ockziu	𫩩
ockzlj	𫩪
ockzyj	𫩫
ockzzc	𫩭
ockzis	𫩮
ockzqi	𫩯
ockzxm	𫩱
ockzhz	𫩲
ockzww	𫩳
ockzli	𫩵
oclikz	𫩶
ockzbm	𫩸
ockzsi	𫩹
ockzjb	𫩺
ocmakz	𫩼
ockzkh	𫩽
ockzbj	𫩾
ockzgo	𫪀
ockzld	𫪁
ockzyj	𫪂
ockzli	𫪃
ockzjm	𫪄
ockzui	𫪅
ockzxi	𫪈
ocvivi	𫪉
ocuiui	𫪊
ocwokz	𫪋
ockzif	𫪌
ockzqb	𫪍
ockzkk	𫪎
ockzju	𫪐
ockzbj	𫪒
ockzmm	𫪓
ocgusi	𫪔
ochcxm	𫪕
ockzwu	𫪗
ockzou	𫪘
ockzvj	𫪚
ockzih	𫪛
ockzff	𫪝
ochzui	𫪣
ockzqr	𫪤
ockzii	𫪥
ockzvi	𫪦
ockzxn	𫪧
ocxsgl	𫪨
ocviyz	𫪩
ockzvi	𫪪
ocviyz	𫪫
ockzlk	𫪬
ockzdi	𫪭
ockzmu	𫪰
ockzux	𫪱
ockzbk	𫪲
ockzbg	𫪴
ockzgs	𫪵
ockzwa	𫪶
ocwusi	𫪸
ocnsgu	𫪹
ockzdd	𫪺
ockzpo	𫪼
ockzqb	𫪽
ockzfw	𫫁
ockzhd	𫫂
ockzai	𫫃
ockzxp	𫫄
ockzdz	𫫅
ockzee	𫫇
ocbuhe	𫫈
ockzvi	𫫊
ockzlb	𫫋
ocpzvc	𫫌
ockzfj	𫫏
oclhkz	𫫐
oclkzu	𫫑
ockzuu	𫫒
ockzdm	𫫓
ockzee	𫫖
ocfzfz	𫫘
ockzcd	𫫜
ocuenm	𫫞
ockztz	𫫟
ockzsu	𫫠
ockzan	𫫡
ockzbw	𫫢
ockzqm	𫫣
ockzcs	𫫥
ockzyj	𫫦
ockzvh	𫫧
ockzbj	𫫨
ockzqs	𫫩
ockzkr	𫫬
ockzvh	𫫮
ockzmc	𫫯
ockzuy	𫫰
ockzdy	𫫲
ockzts	𫫴
ockzlv	𫫵
ockzvj	𫫷
ocxtkz	𫫸
octyyj	𫫹
ockzpb	𫫺
ockzxr	𫫻
ockzpb	𫫾
ockzlk	𫫿
ockzdo	𫬀
ockzlq	𫬂
ockzhx	𫬃
ockzfj	𫬆
ocyrju	𫬊
ockzpw	𫬍
ocueli	𫬎
ockzln	𫬏
ockzsd	𫬐
ocvcww	𫬑
ockzsa	𫬒
ockzlc	𫬓
ocddvu	𫬕
ockzvh	𫬖
ocmkwf	𫬚
ockzvy	𫬛
ockzqb	𫬜
ockzua	𫬝
ockzxk	𫬞
ockzdm	𫬟
ockzlj	𫬠
ocyryk	𫬡
ockugo	𫬢
ockumn	𫬣
ockzni	𫬤
ockzsu	𫬥
ockzud	𫬧
ocuhbf	𫬩
oclblb	𫬪
ockzji	𫬬
ockzxx	𫬭
ocwusv	𫬮
ockzmd	𫬱
ockzji	𫬵
ockzqi	𫬷
ocxifu	𫬸
ockzxi	𫬹
ockzjk	𫬺
ockzjt	𫬻
ockziu	𫬼
ockzyk	𫬿
ockzjm	𫭀
ockzli	𫭁
ocklui	𫭂
ocklyb	𫭃
ocklww	𫭆
ocklcy	𫭇
ocklxy	𫭈
ocklhj	𫭉
ocklhs	𫭊
ocklyu	𫭌
ocklyh	𫭍
ocklyu	𫭎
ocklyb	𫭏
ochvlv	𫭐
ocklmd	𫭑
ocgoro	𫭔
oclyyr	𫭕
octuyi	𫭖
octuba	𫭗
octuer	𫭘
octukz	𫭙
octuxn	𫭚
octutm	𫭛
octusa	𫭜
octufu	𫭝
octuvr	𫭞
octuqu	𫭟
ocvitu	𫭠
octupm	𫭡
octuly	𫭢
octuji	𫭤
octuww	𫭥
octulk	𫭦
octuyy	𫭧
octufa	𫭨
ocditu	𫭩
octuyc	𫭪
octuui	𫭫
octuqu	𫭭
octuze	𫭮
octuxy	𫭯
octuvi	𫭰
octuyj	𫭲
ocgvji	𫭳
oclitu	𫭴
octunq	𫭵
oclgtu	𫭶
octuyj	𫭷
octuhg	𫭸
ocnatu	𫭹
octuji	𫭻
octulc	𫭼
octulo	𫭽
octujb	𫭾
octuvz	𫮀
octuzs	𫮁
octumn	𫮂
octudj	𫮃
ocaatu	𫮄
octucj	𫮅
octugu	𫮆
octuli	𫮈
octupk	𫮉
octuyr	𫮊
ocwdzo	𫮋
octull	𫮌
ocpdtu	𫮏
octuuz	𫮐
octujm	𫮑
octupo	𫮒
octuyu	𫮓
octuqb	𫮔
octudc	𫮖
octuvf	𫮗
octulb	𫮚
octuky	𫮞
ocyutu	𫮟
octupj	𫮠
octudj	𫮡
octuts	𫮢
ocquzo	𫮣
ocdvji	𫮥
octubw	𫮦
octuxl	𫮧
octudg	𫮨
octuwo	𫮪
octuql	𫮬
ocjbke	𫮭
octuwj	𫮮
occrtu	𫮯
ocjinm	𫮱
octumu	𫮲
octurs	𫮴
ocmdpz	𫮷
occjtu	𫮸
ocyutu	𫮻
octuii	𫮼
octuql	𫮽
ocistu	𫯀
ocugnu	𫯅
ocyirs	𫯈
ocmzwu	𫯊
ocmwwf	𫯋
ocdodk	𫯍
ocximw	𫯎
ocyiwd	𫯏
ocdobf	𫯐
ocufxi	𫯑
ocdons	𫯒
oclddo	𫯓
ocqido	𫯔
ocruwd	𫯕
ocdoss	𫯖
ocdojr	𫯗
ocdolm	𫯙
ocdonh	𫯚
ocppda	𫯛
ocdajb	𫯜
ocuhtm	𫯝
ocdavs	𫯞
ociynq	𫯠
ocdapk	𫯡
ocdayt	𫯢
ocdoyu	𫯣
ocfugu	𫯤
ocdasv	𫯥
ocdaui	𫯦
ocdazo	𫯧
ocwwtm	𫯨
ocbftm	𫯩
ocdafu	𫯫
octmky	𫯬
ocdayh	𫯭
ocdauy	𫯮
ocfuvs	𫯰
ocvuyi	𫯲
ocvsfu	𫯳
ocdabu	𫯵
ocdayr	𫯶
ocdasv	𫯻
ocqive	𫯽
octche	𫯾
ocqida	𫰁
ocuedj	𫰂
ocjxye	𫰃
ocxige	𫰄
ocsuda	𫰅
ocnvyi	𫰆
ocnvsi	𫰇
ocnvxx	𫰈
ocnvfj	𫰉
ocirnv	𫰊
ocnvqr	𫰋
ocnvwu	𫰌
ocnvww	𫰍
ocnvya	𫰎
ocnvvi	𫰏
ocnvqm	𫰑
ocnvyt	𫰒
ocnvnq	𫰔
ocnvrg	𫰕
ocnvuv	𫰖
ocnvkj	𫰘
ocnvqm	𫰙
ocnvzd	𫰝
ocnvlp	𫰞
ocnvdh	𫰠
ocnvhx	𫰡
ocnvhv	𫰢
ocnvli	𫰣
ocnvmi	𫰤
ocnvuz	𫰦
ocnvyh	𫰧
ocnvmd	𫰨
ocnvxn	𫰪
ocnvgh	𫰬
ocnvii	𫰭
ocnvky	𫰯
ocnvqm	𫰰
ocmmnv	𫰲
ocnvhg	𫰳
ocnvlc	𫰴
ocwwnv	𫰵
ocpinv	𫰷
ocjmmc	𫰸
ocgvnv	𫰹
ocnvyu	𫰺
ocnvwh	𫰻
ocnvyy	𫰼
ocnvjb	𫰾
ocnvnm	𫱁
ocnvhj	𫱂
ocjmhe	𫱅
ocnvfu	𫱆
ocnvbw	𫱉
ocnvhe	𫱊
ocnvbd	𫱋
ocnvgr	𫱌
ocnvll	𫱍
ocwhgs	𫱏
ocnvyi	𫱐
ocnvbm	𫱑
ocnvpw	𫱓
ocnvgs	𫱔
ocnvjm	𫱕
ocruhe	𫱖
ocnvna	𫱗
ocnvwf	𫱚
ocnvyh	𫱛
ocnvgs	𫱜
ocnvzi	𫱝
ocnvnj	𫱞
ocnvgv	𫱟
ocnvvl	𫱡
ocnvgo	𫱣
ocbkwh	𫱤
ocnvuh	𫱨
ocnudu	𫱩
ochcuh	𫱪
ocnvxi	𫱫
ocguww	𫱬
ocnvwf	𫱭
ocnvhv	𫱮
ocnvtc	𫱰
ocnvjy	𫱳
ocnvzy	𫱵
ocnvsu	𫱷
ocjmtd	𫱸
ocnvqq	𫱹
ocnvgu	𫱺
ocnvjk	𫱻
ocnvcj	𫱼
ocnvxr	𫱽
ocnvyr	𫱾
ocernv	𫲅
ocnvyi	𫲆
ocnvrs	𫲇
ocnvfg	𫲉
ocnvxy	𫲊
ocnvln	𫲋
ocnvmo	𫲍
ocnvmu	𫲎
ocnvmj	𫲏
ocnvuh	𫲐
ocnvjn	𫲔
ocnvzj	𫲗
ocnvls	𫲘
ocnvsv	𫲙
ocnvww	𫲛
ocnvlj	𫲝
ocziyz	𫲡
ocziju	𫲢
ocvczi	𫲤
ocziyi	𫲥
oczidv	𫲦
oczijb	𫲧
ocqpzi	𫲨
ocrozi	𫲩
ocyzzi	𫲪
ocyyve	𫲬
oczijk	𫲭
ocvcsy	𫲰
ocsizi	𫲱
occyqy	𫲳
ocbctu	𫲵
ocbcrf	𫲶
ocbcfu	𫲷
ocbcfg	𫲸
ocbcvs	𫲹
ocbcvi	𫲺
ocbcwu	𫲻
ocbcji	𫲼
ocbcxb	𫲽
ocbcli	𫲿
ocbcyz	𫳀
ocbcya	𫳃
ocbcyh	𫳅
ocbctk	𫳋
ocbcyz	𫳌
ocbcxk	𫳐
ocbcyj	𫳑
ocbcds	𫳒
ocgsyz	𫳓
ocbchu	𫳔
ocbcpg	𫳕
oczink	𫳘
ocbcvf	𫳚
ocbcye	𫳜
ocbcmn	𫳝
ocbcyh	𫳞
ocbcdr	𫳟
ocmiho	𫳡
ocbcjm	𫳣
ocbcyr	𫳧
ocbcyb	𫳪
ocmizd	𫳬
ocbchv	𫳯
ocbcqq	𫳰
ocbcjb	𫳱
ocyisi	𫳲
ocbcif	𫳳
oclche	𫳵
ochdji	𫳶
ocmiwu	𫳹
ocbcuu	𫳺
ocbcjl	𫳻
ocybxb	𫳾
ocybmb	𫴃
ocbcwj	𫴆
ocjiys	𫴇
ocbcyi	𫴌
ocbcyj	𫴍
ocbcpi	𫴎
ochjgj	𫴐
ocbbuj	𫴑
ocbcfu	𫴗
ocmicf	𫴚
ocnkta	𫴞
ocxyxb	𫴭
ocderf	𫴮
oczecy	𫴯
ocxymw	𫴱
ocxyna	𫴲
ocxyns	𫴳
ocmjcy	𫴴
ocxybd	𫴵
ocxylw	𫴷
ocxnri	𫴸
ocnwxn	𫴹
ocvaxn	𫴺
ocucnw	𫴻
ocbixn	𫴼
octhji	𫴽
ocxnky	𫴾
ocdexn	𫴿
ocuhuh	𫵁
ocdhpi	𫵃
ocykxn	𫵄
ocuhyi	𫵅
ocugsi	𫵆
ocmwer	𫵇
ocmfxn	𫵈
oclhjm	𫵉
ocucjp	𫵊
ocyixn	𫵋
ocuhiv	𫵌
ocxnpb	𫵍
ocyzbk	𫵎
ocyzbi	𫵏
ocytwu	𫵐
ocuinw	𫵓
ocuiyt	𫵔
ocuivx	𫵕
ocuiui	𫵖
ociiyb	𫵗
ocuibi	𫵘
ocjbcy	𫵛
ocwwuj	𫵞
ociito	𫵟
ocwwce	𫵡
ocququ	𫵢
ocwwqq	𫵣
ocpkvc	𫵥
ocjuyu	𫵦
ocjbtd	𫵧
ocpkvi	𫵨
ocuixk	𫵪
oclvpi	𫵫
oclvgo	𫵭
ocujui	𫵱
ocujdk	𫵲
ocujji	𫵳
ocujyz	𫵴
ocujyi	𫵵
ocujww	𫵶
ocujli	𫵷
ocujdv	𫵹
ocujse	𫵺
ocujan	𫵻
ocujgg	𫵼
ocmwuj	𫵾
ocujxq	𫵿
ocujss	𫶀
ocujyi	𫶁
ocujan	𫶂
ocujbm	𫶄
ocujcj	𫶅
ocujww	𫶆
ocujdd	𫶇
ocujpk	𫶈
ocujwu	𫶉
ocujjm	𫶊
ocujlq	𫶌
ocujmk	𫶍
ocujrs	𫶎
ocujee	𫶏
ocujsh	𫶐
ocujlb	𫶒
ocujji	𫶓
ocgjuj	𫶔
ocujyk	𫶕
ocyhuj	𫶖
ocujlw	𫶘
ocujkv	𫶙
ocssge	𫶜
ocujpb	𫶡
ocujlu	𫶢
ocujhg	𫶣
ocujbm	𫶦
ocyuir	𫶨
ocgsgs	𫶫
ocgsui	𫶬
ocrfgs	𫶭
ocgsyy	𫶮
ocianv	𫶯
ociavi	𫶰
ocqncc	𫶱
ocgsuu	𫶳
ocialv	𫶴
ocband	𫶵
ocsike	𫶶
oclvba	𫶷
ocbali	𫶸
ocyzsi	𫶹
ocbajm	𫶻
ocbala	𫶼
ocjbbu	𫶽
ocjbrf	𫶾
ocfjpp	𫶿
ocjbmc	𫷀
ocfujb	𫷁
ocjbji	𫷂
ocfucs	𫷃
ocjbjy	𫷅
ocjbgh	𫷆
ocxlui	𫷇
ocxujb	𫷈
ocjbxm	𫷉
ocjbvf	𫷊
ocjbqi	𫷋
ocjbjm	𫷌
ocboni	𫷍
ocjbth	𫷎
ocvijb	𫷏
ocjbds	𫷐
ocjbdh	𫷑
ocjbtz	𫷒
ocihly	𫷓
ocgjqi	𫷔
ocgjji	𫷖
ocnmnu	𫷗
ocpkpg	𫷚
ocnmnj	𫷜
ocpkqm	𫷝
ocnmbw	𫷞
ocyckc	𫷟
ocyzvv	𫷤
ocgljq	𫷥
ocglcy	𫷦
ocglgs	𫷧
ocglvu	𫷨
ocglyi	𫷩
ocglbh	𫷪
ocglld	𫷬
ocglzu	𫷭
ocglyb	𫷮
ocilfj	𫷰
ocglbf	𫷱
ocglyj	𫷳
ocglic	𫷴
ocggfj	𫷵
ocglqb	𫷷
ocglui	𫷸
ocgllz	𫷹
ocglue	𫷺
ocggbk	𫷻
ocglvi	𫷼
ocglyk	𫷾
ocgldm	𫸃
ocglpu	𫸆
ocxuda	𫸉
ocglis	𫸊
ocglzo	𫸋
ocglug	𫸌
ocglvo	𫸍
ocglqk	𫸎
ocglmk	𫸏
ocglvu	𫸐
ocviui	𫸑
ocvilu	𫸒
ocjmia	𫸕
ocxtcc	𫸖
ocytcc	𫸗
ocsicc	𫸙
ocifcc	𫸚
ocwwcc	𫸛
ocfwcc	𫸝
ocjtcc	𫸤
ocgsda	𫸥
ocgscc	𫸦
ocgskz	𫸧
ocdkfu	𫸨
ocgsqu	𫸩
ocgsgs	𫸪
ocgsyz	𫸫
ocybyb	𫸬
ocgsci	𫸮
ocgsli	𫸱
ocijgs	𫸲
ocgsbw	𫸳
ocfuqp	𫸴
ocgsna	𫸶
ocybns	𫸷
ocfuyc	𫸻
ocdiyj	𫸽
ocgsui	𫸾
ocdjfj	𫸿
ocgsii	𫹁
ocpixt	𫹄
ocvzui	𫹅
ocyzuj	𫹉
ocrfnv	𫹌
ocrfvi	𫹍
ocrfmu	𫹎
ocrfpu	𫹏
ocrfho	𫹐
ocrfkj	𫹑
ocrfli	𫹒
ocrfyu	𫹓
ocrfql	𫹕
ocrfmb	𫹗
ocrfmu	𫹘
ocrffg	𫹚
ocrfia	𫹜
ocrfma	𫹞
ocrfxn	𫹠
ocrfjb	𫹡
ocrfln	𫹣
ocvidd	𫹦
ocrfyj	𫹪
ocxbqn	𫹫
ocdcxn	𫹬
ocndxb	𫹭
ocxbyu	𫹮
ocgjxb	𫹯
ocxbmf	𫹰
ocirxb	𫹱
ocgexb	𫹳
ocxbww	𫹴
ocyrxb	𫹵
ocxbuc	𫹶
ocxbul	𫹷
ocxbui	𫹺
ocwwxb	𫹻
ocxbds	𫹼
ocbcxb	𫹾
ocnkxb	𫹿
ocjxxb	𫺁
ocxbjx	𫺂
ocxbhx	𫺆
ocxbru	𫺈
ocjrxb	𫺉
ocxbqi	𫺊
ocruxb	𫺋
ocxbgs	𫺌
ocxbbh	𫺎
ochjxb	𫺐
ocxbjm	𫺒
ocxbmf	𫺓
ocjyxb	𫺔
ocucxb	𫺕
ocxblc	𫺘
ockjxb	𫺛
octuxb	𫺜
ocxbgg	𫺝
ocpoxb	𫺠
oclkxb	𫺡
ocxbpb	𫺢
ocxbtj	𫺣
ocxbvf	𫺤
ochjdc	𫺥
ocffgj	𫺦
ocxbbd	𫺨
ocxbyh	𫺪
ocxbvg	𫺫
ocxbpk	𫺬
ocxbdd	𫺭
ocgsxb	𫺯
ocxbxy	𫺰
ocxbia	𫺳
ocwhyr	𫺴
ocgcxb	𫺵
ocxbvf	𫺶
ocnjxb	𫺷
ocrrxb	𫺸
ocxbkv	𫺹
ocxbih	𫺺
ocxbyj	𫺻
ocxilk	𫺽
ocffhj	𫺾
ocxbsu	𫺿
ocxbji	𫻀
ocnugf	𫻂
ocxbjk	𫻄
ocpaji	𫻅
ocnuhj	𫻈
ocrffu	𫻉
ocxbxr	𫻊
ocpaui	𫻋
ocxbci	𫻌
ocuuxb	𫻍
ocxbxb	𫻎
ocxbpi	𫻏
ocksui	𫻐
ocxbkv	𫻑
octuxb	𫻒
ocxbjm	𫻔
ocxbfu	𫻖
ocxbyi	𫻗
ochurj	𫻜
ocxbho	𫻞
ocxbyi	𫻟
ockvzu	𫻣
ocxbyj	𫻤
ocjixb	𫻥
ocqnge	𫻦
oclige	𫻧
ocgeda	𫻨
ocgefg	𫻩
ocgexb	𫻪
ocgeui	𫻫
ocsige	𫻬
ocgvge	𫻮
ocgerz	𫻯
ocgejn	𫻱
ocqqge	𫻲
ocgcge	𫻵
ocvege	𫻷
ocrsrs	𫻸
ocuhge	𫻹
ochuge	𫻺
ocerge	𫻻
ocgevv	𫻼
ocignm	𫻽
ocvrge	𫼁
ocvsfa	𫼂
ocgenn	𫼃
ocxige	𫼅
ocgemd	𫼇
ochuge	𫼉
ochudm	𫼊
ochugv	𫼋
ochugs	𫼌
ochufu	𫼍
ochuve	𫼏
ochuju	𫼐
ocveuz	𫼓
ocuzdc	𫼔
ocuzjq	𫼖
ocuzma	𫼗
ocuzdj	𫼘
ocuzui	𫼙
ocuzlq	𫼚
ocuzdn	𫼛
ocuzvj	𫼜
ocuziu	𫼝
ocuzhu	𫼞
ocuzvu	𫼠
ocuzbi	𫼣
ocuzze	𫼤
ocuzqi	𫼥
ocuzhx	𫼧
ocuzfu	𫼨
ocuzij	𫼪
ocuzbi	𫼫
ocuzyi	𫼬
ocuzns	𫼮
ocuzbm	𫼯
ocuzru	𫼰
ocuzgs	𫼱
ocuzld	𫼲
ocuzmh	𫼳
ocuzlv	𫼴
ocuzlu	𫼵
ocuzyi	𫼷
ocuzhj	𫼹
ocuzkl	𫼺
ocuzbo	𫼻
ocuzmf	𫼽
ocuzji	𫼾
ocuzgd	𫼿
ocuzna	𫽀
ocuzlm	𫽁
ocjiff	𫽂
ocuzji	𫽄
ocuzhx	𫽇
ocuzfu	𫽈
ocuzxt	𫽊
ocuzlo	𫽋
octzwu	𫽌
ocuzii	𫽎
ocuzxn	𫽐
ocuzhu	𫽒
ocuznc	𫽔
ocuzbm	𫽕
ocuzzu	𫽖
ocuzbw	𫽗
ocuzxl	𫽙
ocuzgz	𫽚
ocuzjp	𫽜
ocuzha	𫽞
octzvc	𫽟
ocuzpf	𫽡
ocuzdu	𫽢
ocuzjl	𫽣
ocuzlu	𫽤
ocuzju	𫽥
ocuzrj	𫽦
ocuzfw	𫽧
ocuzdy	𫽫
ocuzyr	𫽭
ocuzdh	𫽮
ocqmuz	𫽯
ocuiri	𫽰
ocuznn	𫽲
ocuzbi	𫽳
ocuzif	𫽴
ocbagl	𫽶
ocizyu	𫽹
ocuzmj	𫽺
ocuzye	𫽼
ocuztz	𫽾
ocuzpo	𫾀
ocuzyj	𫾁
ocuzqb	𫾂
ocuzxn	𫾃
ocuzll	𫾄
ocuzyu	𫾆
ocuzhx	𫾈
ocuzwj	𫾊
ocuzxl	𫾋
ocuzds	𫾍
ocuzpu	𫾎
ocuziz	𫾏
ocuzli	𫾐
ocuzji	𫾑
ocuzcv	𫾒
ocuzqm	𫾔
ocuzmu	𫾕
ocbdyr	𫾖
ocuzly	𫾗
ocuztj	𫾘
ocuzmo	𫾚
ocuzlm	𫾛
ocmoju	𫾝
ocuziz	𫾡
ocgcvi	𫾣
ocycvi	𫾤
ocvivd	𫾥
ocrfpu	𫾦
octowf	𫾧
ocwfwf	𫾨
ocvawf	𫾩
ocjiwf	𫾪
ocliwf	𫾫
ocerwf	𫾬
ocvuwf	𫾭
ocifwf	𫾱
oclipu	𫾲
ocuzwf	𫾳
ocjmwf	𫾴
ochjwf	𫾵
ocbmwf	𫾶
ocucpu	𫾸
ochuwf	𫾹
ocyiwf	𫾻
ocycwf	𫾼
ocmkwf	𫾽
ocnmpu	𫾿
ocjkwf	𫿀
ocmnwf	𫿁
ochlwf	𫿃
ocfhqp	𫿇
ocngwf	𫿌
ochlwf	𫿍
ocgdso	𫿐
ocwwwf	𫿒
ocfjwf	𫿓
ocgrwf	𫿖
ocuupu	𫿗
ocdmwf	𫿚
ocyjgj	𫿞
oclswf	𫿤
ocfgwf	𫿩
ocwfer	𫿭
ocvgwf	𫿮
ocziwf	𫿰
oclbwf	𫿱
ocwfyj	𫿲
ocyidz	𫿳
ocdzfu	𫿴
ocgvdz	𫿶
ocqixp	𫿸
ocxijb	𫿽
oclejb	𫿾
ocfuln	𫿿
ocfhpw	𬀎
ocfhye	𬀗
ocfhqi	𬀛
ocjigo	𬀥
ocqiri	𬀦
ocrixx	𬀧
ocrijq	𬀨
ocriww	𬀩
ocrijm	𬀪
ocwfri	𬀫
ocrigu	𬀬
ocrilu	𬀭
ocridv	𬀮
ocrilp	𬀰
ocriqi	𬀱
ocrigr	𬀲
ocriyi	𬀳
ocjrri	𬀴
oczcui	𬀵
ocxkdc	𬀶
ocrfyh	𬀷
ocridi	𬀹
ocyiyi	𬀺
ocrilu	𬀻
ocdjvu	𬀼
ocriky	𬀾
ocrily	𬀿
ochyuc	𬁀
ocriyi	𬁁
ocmbri	𬁂
ocriig	𬁃
oczckj	𬁄
ocrihs	𬁅
ocyrri	𬁆
ocrivs	𬁇
ocrilh	𬁈
ocrixu	𬁊
ocriqk	𬁋
ocrirs	𬁎
ocrivu	𬁑
ocriwu	𬁒
ocuihj	𬁔
ocriyc	𬁕
ocxklc	𬁖
ocrifu	𬁗
ocrilj	𬁘
ocrixr	𬁙
ocxkyu	𬁚
ocrilm	𬁛
ocrimg	𬁜
ocrijn	𬁞
ocricy	𬁟
ocrixl	𬁠
ocyzri	𬁡
ocyiri	𬁢
ocucri	𬁤
ockcqu	𬁥
ocrivf	𬁨
ocuuqp	𬁫
ocjkmc	𬁬
oczgaa	𬁭
oczgtm	𬁮
ocytui	𬁰
ocytcd	𬁱
ocytme	𬁲
ocytma	𬁳
ocytyy	𬁴
ocytqu	𬁵
ocwuyt	𬁶
ocytyc	𬁷
ocytch	𬁸
ociuyt	𬁹
ocytya	𬁺
ocytlw	𬁻
occiyt	𬁼
ocytyr	𬁽
ocytql	𬁿
ocytry	𬂀
ocytjy	𬂁
ocytlo	𬂂
ocyeyt	𬂃
ocytdj	𬂅
oclhge	𬂆
ocytbj	𬂇
ocytmk	𬂊
ocytng	𬂌
ocxlyt	𬂏
ocyzij	𬂑
ocytug	𬂒
ockfqi	𬂕
ochguu	𬂛
ocmuhg	𬂜
ocmucy	𬂝
ocuhmu	𬂞
ocmuwu	𬂠
ocmuwu	𬂡
ocmujp	𬂣
ocmuji	𬂤
ocuuqi	𬂥
ocwwww	𬂧
occyge	𬂨
ocmujx	𬂩
ocdvmu	𬂫
ocmufh	𬂬
ocmuxl	𬂭
ocmuua	𬂮
ocmuns	𬂰
octhmu	𬂱
ocmuwu	𬂳
ocmuvu	𬂶
ocmwuc	𬂸
ocmubo	𬂺
ocmuyi	𬂼
oclbwu	𬂽
ocvili	𬂿
oclbwu	𬃂
ocuuuu	𬃅
ocmuyt	𬃆
ocmuue	𬃉
ocmuvi	𬃊
ocmubo	𬃍
ocmubc	𬃏
ocmuhu	𬃐
occiuu	𬃔
ocmuli	𬃗
ocmuer	𬃘
oclbqu	𬃚
ocmuxl	𬃛
ocmumn	𬃝
ocmupk	𬃟
ocmupf	𬃠
ocmuji	𬃡
ocmugr	𬃧
ocdimu	𬃨
ocmuxm	𬃫
ocmufw	𬃮
ocyevu	𬃯
ockudj	𬃱
oclbye	𬃲
ocmuyj	𬃳
oclbbd	𬃴
ocuuuu	𬃷
ocmucc	𬃸
ocmuli	𬃹
ocgoli	𬃻
ocmuen	𬃼
octemu	𬃿
ocmuui	𬄁
ocmuju	𬄃
oclbdv	𬄄
ocmubm	𬄈
ocmuhe	𬄋
ocuuly	𬄍
ocmubd	𬄎
ocmudi	𬄏
ocmuhl	𬄑
ochkmu	𬄕
ocmuzu	𬄗
ocmuyi	𬄘
ocmuqi	𬄙
ocmuee	𬄚
ocmuxl	𬄝
ocwwvu	𬄞
ocmufw	𬄟
ocmund	𬄠
ocmujk	𬄣
ocmuqi	𬄤
ocmulj	𬄦
ocyumu	𬄧
ocmuqu	𬄨
ocybmu	𬄩
ocmumw	𬄪
ocmutu	𬄫
ocmuxm	𬄬
oclbui	𬄰
ocmukv	𬄲
ocmujq	𬄵
ocfhsv	𬄶
ocmumg	𬄺
ocmula	𬅀
ockuee	𬅂
ocmuxk	𬅊
ocmuxb	𬅋
oclbyi	𬅐
ocmuxy	𬅑
ocuulw	𬅓
ocmuls	𬅚
oclbli	𬅛
ocqmcc	𬅝
ocyuqm	𬅞
ocqmxb	𬅟
occeqm	𬅡
ocjxqm	𬅢
ocvzqm	𬅣
ocfuqm	𬅤
ocgoqm	𬅥
ocfuqm	𬅦
occimu	𬅧
ocveqm	𬅩
ocggqm	𬅪
ocbfqm	𬅫
ocfjqm	𬅱
ocyumf	𬅳
ocklvi	𬅶
ocdcvi	𬅷
ocuhvi	𬅸
ocquvi	𬅻
occivi	𬅼
ocifvi	𬅾
occiqp	𬅿
ocvjzz	𬆂
ocvgpw	𬆃
ocvgyi	𬆄
ocuhvg	𬆅
ocwdmc	𬆆
ocvgth	𬆈
ocvjzz	𬆉
ocvixt	𬆌
ocsvnu	𬆎
ocddui	𬆑
oclpge	𬆒
oclpjk	𬆓
ocddzo	𬆖
octdsi	𬆗
ocsian	𬆘
ocddyu	𬆙
ocddlu	𬆚
ocsisv	𬆜
ocddcj	𬆝
ocuuwh	𬆞
ocjiuu	𬆟
ocucuu	𬆠
ocmpuu	𬆡
ocvauu	𬆢
ocvuuu	𬆤
ocuuuu	𬆥
ocgcuu	𬆧
ocvvuu	𬆨
ocnjuu	𬆩
ocyuuu	𬆪
ocgvuu	𬆬
ocysuu	𬆳
ocuimw	𬆶
ocmuuu	𬆷
ocmcqm	𬆼
ocmcyy	𬆽
ocmcjm	𬆾
ocmcwu	𬆿
ocmcdj	𬇀
ocmccf	𬇁
ocmcyb	𬇂
ocpimc	𬇃
ocbbmc	𬇄
ocmcqu	𬇅
ocmcyc	𬇆
ocdpmc	𬇇
ocdidc	𬇉
ocuiui	𬇊
ochuui	𬇋
ocuike	𬇌
ocjnui	𬇍
ocqimu	𬇏
ocqidm	𬇐
ocqipu	𬇑
ocqiyr	𬇒
ocqida	𬇓
ocuvgs	𬇔
ocuvwj	𬇕
ocuvkz	𬇖
ocuvgs	𬇗
ocuvvr	𬇘
ocuvbw	𬇙
ocuvhr	𬇚
ocuvbk	𬇞
ocuvig	𬇠
ocuvxu	𬇢
ocuvzi	𬇤
ocuvjr	𬇥
ocjruv	𬇦
ocjlvs	𬇧
ocuvvi	𬇨
ocuvdu	𬇩
ocmuiu	𬇪
ocuvba	𬇫
ocuvyj	𬇬
ocuaxx	𬇭
ocmwwh	𬇮
ocuvpj	𬇯
ocuvmf	𬇰
ocuvju	𬇴
ocqqxm	𬇶
ocuvyc	𬇷
ocwubf	𬇸
ocuvgo	𬇹
ocuvxn	𬇼
ocuvjm	𬇽
ocyske	𬇾
ocuvdj	𬈁
ocuvmg	𬈂
ocfavs	𬈅
ocuvgz	𬈉
ocuvke	𬈎
ocuvdu	𬈏
ocufni	𬈓
ocuvfw	𬈕
ocqkln	𬈚
ocuvyr	𬈛
ocuvyk	𬈜
ocxixb	𬈞
ocqimc	𬈢
ocuvjk	𬈣
ocniug	𬈤
ocuvbb	𬈥
ocuvce	𬈦
ocuvse	𬈧
ocuvqr	𬈨
ocuvde	𬈫
ocuvds	𬈭
oclqvi	𬈰
ocuvpo	𬈱
ocuvqi	𬈲
ocuvwf	𬈳
ocqkvs	𬈴
ocuvju	𬈵
ocuvzi	𬈶
ocuvth	𬈷
ocuvpu	𬈸
ocuvbw	𬈺
ochcbd	𬈻
ocfupk	𬈽
ochoye	𬈾
ocuvnk	𬈿
ocuvyi	𬉀
ocuvmj	𬉁
ocuvff	𬉂
ocuvlv	𬉆
ocuvvj	𬉉
ocuvug	𬉊
ocuvyi	𬉋
ocuvif	𬉌
ocuvvs	𬉎
ocuvtv	𬉏
ocmwye	𬉐
ocuvhl	𬉒
ocuvvf	𬉔
ocuvyu	𬉕
ocuvmi	𬉗
ocphwf	𬉘
ocqimn	𬉙
ocnixk	𬉚
ocuvfu	𬉜
ocxiwd	𬉝
ochguv	𬉟
ocuvrv	𬉡
ocuvvj	𬉢
ocuvdu	𬉤
ocuvhj	𬉧
ocllqr	𬉨
ocuvbi	𬉭
ocuvwu	𬉮
ocqmns	𬉰
ocuvlr	𬉲
ocuvlr	𬉳
ochocy	𬉴
ocdaho	𬉵
ocyuho	𬉶
ochouh	𬉷
ochokz	𬉸
ocxiho	𬉹
ochoji	𬉺
ocgdho	𬉻
ochoqu	𬉼
ochodj	𬉾
ocvxho	𬉿
ochofh	𬊀
ochorj	𬊁
ochoiu	𬊂
ochoci	𬊃
ochoxy	𬊈
ochoda	𬊉
ochons	𬊊
ochoqq	𬊋
ochovi	𬊌
ochouz	𬊍
ochogs	𬊎
ocluhv	𬊐
ochoir	𬊑
ochoig	𬊒
ochoxq	𬊔
ochomm	𬊕
ochomb	𬊖
ochovj	𬊗
ocyiho	𬊙
ocmkho	𬊚
ocyiho	𬊛
ocholo	𬊜
ochojb	𬊝
ochopk	𬊠
ochohu	𬊡
ochonc	𬊢
ochojk	𬊣
ochodj	𬊤
ocyjjm	𬊦
ocjkho	𬊧
ochonu	𬊨
ochoia	𬊩
ocyeho	𬊪
ochodm	𬊬
ochoxm	𬊭
ochody	𬊮
ochodu	𬊯
ochoyj	𬊰
ochodi	𬊱
ocvfho	𬊲
ochocc	𬊳
ochodh	𬊵
ochojm	𬊶
ochoai	𬊺
oclkug	𬊽
ocnjho	𬊾
ocholm	𬊿
ochode	𬋂
ocholm	𬋃
ochohv	𬋅
ocvvho	𬋈
ochouy	𬋊
ochofu	𬋋
ochold	𬋍
ochoxp	𬋏
ocuaho	𬋐
ocpcxi	𬋗
ochoxk	𬋙
ocpcxi	𬋚
ochohg	𬋛
ocholi	𬋞
ocvxrs	𬋤
ocvxvi	𬋦
ocvxyi	𬋧
ocvgdk	𬋨
ocyrge	𬋫
ocvxvz	𬋬
ocvxkj	𬋭
ocuzvg	𬋮
ocbivx	𬋰
ocwwge	𬋱
ocruwu	𬋲
ocvxbc	𬋳
ocjtyh	𬋺
ocfuda	𬋻
ocfuyh	𬋼
ocpjdd	𬋿
ocpjfu	𬌀
ocpjli	𬌁
ocpjds	𬌃
ocpjfj	𬌌
ocpjmd	𬌏
ocpjxk	𬌐
ocjlqp	𬌒
ocpmxb	𬌓
ocpmxb	𬌔
ocpmti	𬌕
ocytpm	𬌖
ocyahe	𬌗
ocnqba	𬌙
ocnqda	𬌚
ocnquc	𬌜
ocnqiu	𬌝
ocnqlv	𬌞
ocnqui	𬌠
ocnqgo	𬌡
ocrunq	𬌢
octege	𬌣
ocnqyh	𬌤
ocnqlz	𬌥
ocnqui	𬌦
ocnqgh	𬌧
ocqrdm	𬌩
ocqrcc	𬌪
ocqrme	𬌫
ocqrzo	𬌬
ocqrmb	𬌭
ocqryc	𬌮
ocqrer	𬌯
ocqrpd	𬌰
ocqrbi	𬌱
ocqryz	𬌲
ocqrlk	𬌴
ocqrlm	𬌵
ocqrho	𬌶
ocqrcj	𬌷
ocqriy	𬌸
ocqrnj	𬌹
ocqryh	𬌺
ocqrfu	𬌻
ocqrru	𬌽
ocqrph	𬌿
ocqrlm	𬍁
ocqrve	𬍃
ocqrma	𬍄
ocqryb	𬍅
ocvuwf	𬍆
ocqrwu	𬍇
ocyuqr	𬍋
ocgzku	𬍌
ocvunj	𬍍
ocvuns	𬍎
oclvxx	𬍏
ocwhiu	𬍐
ocwhuj	𬍑
ocwhyy	𬍒
ocwhmu	𬍓
ocwhqp	𬍔
ocwhhx	𬍕
ocwhuv	𬍖
ocwhyz	𬍘
ocwhjm	𬍙
ocwhva	𬍚
ocwhle	𬍛
ocwhnk	𬍜
ocwhhs	𬍝
ocmdyu	𬍞
ocqryu	𬍟
ocwhyi	𬍠
octhyu	𬍡
ocjryu	𬍢
ocwhru	𬍣
ocwhxy	𬍤
ocwhfu	𬍥
ocwhlk	𬍦
ocwhxb	𬍧
ocwhuc	𬍨
ocwhji	𬍪
ocwhjp	𬍫
ocwhxk	𬍬
ocwhmm	𬍭
ocwhgo	𬍯
ocwhyj	𬍰
ocwhmk	𬍱
ocwhxl	𬍳
ocwhzz	𬍴
ocwhmm	𬍵
ocwhyu	𬍶
ocwhpk	𬍷
ocwhdy	𬍸
ocwhys	𬍺
ocwhyr	𬍽
ocpobi	𬍾
ocwhyb	𬎀
ocwhuj	𬎁
ocwhhe	𬎂
ocwhyi	𬎃
ocwhsy	𬎄
ocwhxt	𬎅
ocwhyk	𬎆
ocwhmo	𬎇
ocwhwj	𬎈
ocwhww	𬎉
ocwhqb	𬎋
ocwhyy	𬎌
ocwhll	𬎎
ocwhzi	𬎏
ocwhda	𬎐
ocwhlj	𬎑
ocwhse	𬎓
ocwhjb	𬎔
ocwhxb	𬎖
ocwhqm	𬎚
ocwhjk	𬎛
ocwhbc	𬎞
ocwhuu	𬎠
ocwhls	𬎡
ocgxxs	𬎢
ocgxfj	𬎣
ocwasi	𬎤
ocgswa	𬎥
ocwatd	𬎦
occswa	𬎧
ocfzwa	𬎩
ochewa	𬎪
ocniwa	𬎫
octjwa	𬎬
ocwavi	𬎭
ocwavs	𬎮
ocwagc	𬎯
ocwayu	𬎰
ocgjcd	𬎱
ocufce	𬎲
ocugmu	𬎳
ocughe	𬎴
ocugbi	𬎵
ocuglk	𬎶
ocerug	𬎸
ocugvz	𬎹
ocugqr	𬎺
ocsvug	𬎼
ocysge	𬎽
ocyuyt	𬎾
ocbatm	𬎿
octmuc	𬏀
ocyzji	𬏁
octmer	𬏂
octmhu	𬏃
ocxktm	𬏄
octmns	𬏇
octmdk	𬏈
octmwj	𬏉
octmll	𬏊
ocyzqi	𬏌
ocfjgj	𬏎
octmgc	𬏐
octmnl	𬏒
ocfjba	𬏓
ocfjff	𬏔
ocyzdj	𬏕
ocfjci	𬏗
ocbkhg	𬏚
ocbkcd	𬏛
ocbkma	𬏜
ocbkhu	𬏞
ocbkji	𬏟
ocbkhr	𬏠
ocbkwu	𬏡
ocbkzo	𬏢
ocbkxm	𬏣
ocbkle	𬏤
ocbkyb	𬏥
ocbkfa	𬏦
ocbkvi	𬏧
ocbkva	𬏨
ocbklp	𬏩
ocbkan	𬏪
ocbkjy	𬏫
ocbkyu	𬏬
ocbkii	𬏭
ocbkgo	𬏮
ocbkvi	𬏯
ocbkmw	𬏱
ocbkgh	𬏲
ocbkvz	𬏳
ocbkgk	𬏴
ocbkmm	𬏶
ocbkbf	𬏷
ocbkgr	𬏸
ocbkhw	𬏼
ocbkmd	𬏽
ocbkmg	𬏾
oclbfw	𬏿
ocbkbi	𬐀
ocbklj	𬐁
ocbdhg	𬐃
ocbdyy	𬐄
ocbdwf	𬐅
ocbdfj	𬐆
ocbdui	𬐇
ocbdkc	𬐈
ocdhbd	𬐉
ocgcbd	𬐊
ocgshl	𬐋
ocbdpi	𬐌
ochlyr	𬐍
ocbdzu	𬐎
ochlfg	𬐑
ocbapi	𬐒
octhpi	𬐓
ocyspi	𬐔
ocpifu	𬐕
ocpiwu	𬐖
ocxbmb	𬐘
ocmbji	𬐙
ocyumb	𬐞
ocyugs	𬐟
ocyhmb	𬐠
ocwomb	𬐡
ocqimb	𬐢
ocqimb	𬐣
ocfwmb	𬐤
octomb	𬐥
ocxmmb	𬐨
ocbwsi	𬐩
ocyiji	𬐭
oclvmb	𬐰
ocgvmb	𬐲
ocwumb	𬐳
ocysmb	𬐷
ocluge	𬐸
ocqimb	𬑀
ocmuge	𬑅
ocmuly	𬑆
ocmuih	𬑇
ocmupk	𬑈
ocmomu	𬑉
ocmubf	𬑊
ocmuqq	𬑋
ocmuiu	𬑍
ocmuiu	𬑎
ocmuyz	𬑐
ocmulc	𬑑
ocmuyc	𬑒
ocmuhx	𬑓
ocmujy	𬑕
ocmuxk	𬑖
ocmujm	𬑗
ocmuwu	𬑘
ocmumd	𬑙
ocviza	𬑚
ocmunm	𬑛
ocmubw	𬑜
ocmuao	𬑞
ocmuhz	𬑟
ocmuvi	𬑠
ocmuiu	𬑡
ocmuji	𬑢
ocmugc	𬑣
ocmomu	𬑤
ocmuqt	𬑥
ocmuji	𬑦
ocmumm	𬑧
ocmuul	𬑨
ocuvwu	𬑩
ocmujt	𬑬
ocmcuj	𬑭
ocmczu	𬑮
ocmctk	𬑯
ocuibj	𬑰
ocuink	𬑱
ocuimw	𬑲
ocuidi	𬑳
ocuild	𬑴
ocbjdr	𬑵
ocdrgf	𬑶
ocuivc	𬑷
ocdrtu	𬑸
ocuiih	𬑹
ocuicy	𬑺
ocuiqm	𬑻
ocuime	𬑼
ocjkui	𬑽
ocuitm	𬑾
ocuiwf	𬑿
ocuiui	𬒀
ocuiyc	𬒁
ocuifh	𬒂
ocuids	𬒃
ocuiva	𬒄
ocuiye	𬒆
ocuilj	𬒇
ocuihv	𬒊
ocuido	𬒋
ocuiyh	𬒌
ocuiyr	𬒍
ocuijm	𬒎
ocuimw	𬒐
ocuiwj	𬒑
ocuiva	𬒒
ocuilo	𬒓
ocuikf	𬒔
ocuisu	𬒕
ocuilj	𬒗
ocuixb	𬒘
ocuimw	𬒙
ocuijy	𬒚
ocuizc	𬒝
ocuiyb	𬒞
ocuiqb	𬒠
ocuiyj	𬒡
ocuihx	𬒢
ocuidk	𬒤
ocuirs	𬒦
ocuifa	𬒨
ocykph	𬒩
ocuiqm	𬒫
ocppgs	𬒬
ocppgk	𬒮
ocppji	𬒯
ocppiz	𬒰
ocppjx	𬒱
ocpppi	𬒳
ocppfz	𬒴
ocyiui	𬒵
ocppuu	𬒶
ocppfz	𬒷
ocligs	𬒸
ocppbw	𬒹
ocppzu	𬒺
ocppcf	𬒻
oclido	𬒼
ocppjy	𬒽
ocppbn	𬒾
ocppdm	𬒿
ocppan	𬓀
ocuhui	𬓂
ocpppg	𬓃
ocppwj	𬓅
ocppdk	𬓆
ocppyi	𬓇
ocppiy	𬓉
ocpphr	𬓋
ocuilh	𬓌
ocppyi	𬓍
ocppjb	𬓎
ocppvi	𬓏
oclidd	𬓐
ocppjb	𬓑
ocligf	𬓓
ocluge	𬓗
ocpnpd	𬓘
ocppzv	𬓙
ocppqn	𬓚
ocppjb	𬓛
ocpnda	𬓜
ocppyi	𬓝
ocliqu	𬓞
ocliyi	𬓟
ocheji	𬓠
ocppld	𬓡
ochejb	𬓢
ocheji	𬓣
ocheii	𬓤
ocheis	𬓦
ocrfhe	𬓧
oclivf	𬓪
ochegv	𬓫
ochewo	𬓬
ocheuh	𬓮
ocheye	𬓰
ochebf	𬓱
ochevf	𬓲
ochejp	𬓳
ochewg	𬓵
ocuuyi	𬓸
ochexp	𬓹
octugv	𬓼
ochell	𬓾
ochedj	𬓿
ochejb	𬔀
ochemu	𬔁
ochemd	𬔃
ocxtjq	𬔅
ocxtmc	𬔆
ocxtho	𬔇
ocxtyz	𬔈
ocxtlv	𬔉
octuxx	𬔋
ocirqm	𬔌
ocxtch	𬔎
ocxtiz	𬔏
ocxtjb	𬔐
ocxtuf	𬔒
ocirts	𬔕
oclive	𬔖
ocxxli	𬔗
oclijb	𬔘
ocuili	𬔛
oclipi	𬔜
oclito	𬔞
ocliih	𬔡
ocuhli	𬔢
oclimk	𬔣
ocliww	𬔤
oclivs	𬔥
ocvhji	𬔧
ocqbmd	𬔫
ocvund	𬔬
ocvukl	𬔭
ocvufu	𬔮
ocvuqu	𬔯
ocvuxb	𬔰
ocvuvi	𬔱
ocvuho	𬔲
ocvupk	𬔳
ocvuww	𬔴
ocvuyu	𬔵
ocvubw	𬔶
ocvuwd	𬔷
ocvufa	𬔹
ocvumk	𬔽
ocvupd	𬔾
ocvuuz	𬕀
ocvuyi	𬕁
ocvugs	𬕂
ocvufz	𬕃
ocvuli	𬕄
ocvuww	𬕅
ocvuwo	𬕆
ocvumf	𬕊
ocvugz	𬕋
ocvuil	𬕌
ocvuua	𬕍
ocvuwj	𬕎
ocvufg	𬕏
ocvuih	𬕑
ocvuuh	𬕒
ocxnuc	𬕓
ocvupg	𬕔
ocvudk	𬕖
ocvupk	𬕘
ocvubf	𬕙
ocvuww	𬕚
ocvugu	𬕛
ocvufg	𬕜
ocvuai	𬕞
ocvuhr	𬕠
ocvuhs	𬕡
ocvugf	𬕤
ocvuwo	𬕥
ocvuhd	𬕧
ocvulh	𬕨
ocdixt	𬕫
ocvulk	𬕬
ocvuyr	𬕯
ocvupk	𬕱
ocvuge	𬕲
ocduge	𬕳
ocvupb	𬕴
ocvuyr	𬕶
ocvuyu	𬕷
ocvuqm	𬕸
ocvuou	𬕽
ocvuti	𬖀
ocvuzj	𬖃
ocvulm	𬖄
ocvuqu	𬖇
ocmiyi	𬖋
ocmirf	𬖌
ocmiba	𬖍
ocmisi	𬖎
ocmikz	𬖏
ocmifu	𬖐
ocmijm	𬖑
ocmihx	𬖒
ocmibf	𬖓
ocmiuu	𬖔
ocmics	𬖕
ocmiiu	𬖖
ocminu	𬖗
ocmihz	𬖙
ocmiza	𬖚
ocmiyi	𬖛
ocmihj	𬖝
ocmiui	𬖞
ocmimf	𬖟
oclzdz	𬖠
ocmive	𬖡
ocmigu	𬖢
ocmidk	𬖣
ocmivo	𬖤
ocmivz	𬖥
ocmihz	𬖦
oclbkz	𬖨
oclbge	𬖩
ocmipk	𬖪
ocsuuu	𬖫
ocvjdj	𬖭
ocmijm	𬖮
ocbjmi	𬖯
ocmigc	𬖰
ocmixq	𬖱
ocmiii	𬖲
ocmiji	𬖴
ocmimi	𬖵
ocmiju	𬖶
ocvjjm	𬖷
ocmida	𬖸
ocmiuc	𬖹
ocmilj	𬖺
ocmimj	𬖽
oclbpb	𬖿
ocvjdk	𬗀
ocsugu	𬗁
ocminp	𬗂
ocsiiu	𬗃
ocsifj	𬗄
ocsiks	𬗆
ocsiwu	𬗇
ocsiyu	𬗈
ocsiyb	𬗉
ocsiys	𬗊
ocsiis	𬗌
ocvasi	𬗍
ocsidn	𬗏
ocsiyi	𬗑
ocsiyu	𬗒
ocsijp	𬗕
ocsidz	𬗖
ocsive	𬗗
ocsizc	𬗘
ocsiwu	𬗙
ocsidm	𬗚
ocsiys	𬗝
ocsiuc	𬗞
ocsimm	𬗟
ocsibn	𬗠
ocsiih	𬗡
ocsiyc	𬗤
ocsiyi	𬗦
ocsivo	𬗩
ocsulk	𬗪
ocxmsi	𬗫
ocsihl	𬗬
ocsizi	𬗭
ocsimw	𬗮
ocsigs	𬗯
ocsiuu	𬗰
ocximo	𬗱
ocsixq	𬗲
ocsiii	𬗳
ocsimd	𬗴
ocsivi	𬗵
ocsicd	𬗹
ocsidi	𬗺
ocsiff	𬗼
ocxicy	𬗽
ocsuuz	𬗾
ocwwuu	𬗿
ocsiji	𬘁
ocsiyu	𬘂
ocximw	𬘅
ocsivg	𬘈
ocsivi	𬘋
ocsiyk	𬘌
ocsixn	𬘎
ocsiuc	𬘏
ocsixx	𬘐
ocsiqt	𬘒
ocsiir	𬘓
ocsimm	𬘔
ocsiyz	𬘕
ocsijm	𬘖
ocsigz	𬘗
ocsiyb	𬘘
ocsiyt	𬘙
ocsimo	𬘚
ocsiqu	𬘛
ocsidj	𬘜
ocsivf	𬘝
ocsinn	𬘞
ocsixi	𬘟
ocsiyz	𬘠
ocsiyb	𬘡
ocsigl	𬘢
ocsidn	𬘣
ocsilv	𬘤
ocsiqr	𬘥
ocsipd	𬘦
ocsiqi	𬘧
ocsivi	𬘨
ocsitk	𬘩
ocsiqm	𬘪
ocsiwj	𬘫
ocsiqk	𬘬
ocsilb	𬘭
ocsimi	𬘮
ocsixl	𬘯
ocsiyc	𬘱
ocsixu	𬘳
ocsiqq	𬘴
ocsihg	𬘵
ocsiqq	𬘶
ocsiia	𬘷
ocsizd	𬘹
ocsiyc	𬘺
ocsihd	𬘻
ocsiul	𬘾
ocsicc	𬘿
ocsidi	𬙀
ocsiyj	𬙁
ocsiyb	𬙂
ocsiic	𬙄
ocsivu	𬙅
ocsifj	𬙆
ocsirj	𬙇
ocsilb	𬙈
ocsidj	𬙉
ocsimo	𬙊
ocsixl	𬙋
ocfzbi	𬙌
ocfzjk	𬙍
ocfzlu	𬙎
ocfzdh	𬙏
ocfzlu	𬙐
ocfzxl	𬙑
ocfzww	𬙒
ocfzdh	𬙔
ocsixx	𬙖
ocsiyu	𬙘
ocsifh	𬙙
ocsiui	𬙚
ocsiui	𬙜
ocsibi	𬙝
ocbaqi	𬙞
ocsiyi	𬙟
ocwhqi	𬙡
ocsiyi	𬙢
ocsibu	𬙤
ocsiue	𬙥
ocsixl	𬙧
ocsihr	𬙪
ocyhcc	𬙬
ocyhww	𬙭
ocyhnq	𬙮
ocyhmu	𬙰
ocyhuu	𬙱
ocyhva	𬙳
ocmwty	𬙴
ocmwbk	𬙵
ocyhpg	𬙶
ocbwyh	𬙷
ocyhyi	𬙻
ocmwzu	𬙼
ocujlk	𬙽
ocmwye	𬙾
ocujyr	𬙿
ocqyfw	𬚀
ocujyc	𬚁
ocxqjm	𬚂
ocyuzu	𬚃
ocsuyu	𬚄
ocyuge	𬚅
ocyung	𬚆
ocujjt	𬚇
ocyuyb	𬚈
oclcjq	𬚉
oclcln	𬚊
oclcgu	𬚋
ocqilc	𬚌
ocveve	𬚍
oclmlc	𬚎
oclwse	𬚐
oclwwj	𬚑
ocerkv	𬚒
ocerda	𬚓
oceryy	𬚕
ocervc	𬚖
ocerkx	𬚗
ocervi	𬚘
ocerjm	𬚙
ocerwo	𬚚
ocerdv	𬚜
oceryj	𬚝
ockeye	𬚞
ocervv	𬚟
oceryk	𬚡
ocjier	𬚢
ociiyh	𬚣
ocerch	𬚤
ocerss	𬚥
ocerhx	𬚦
ocerdy	𬚧
ocerer	𬚨
ocyuia	𬚪
ocqiyu	𬚫
ocwuyu	𬚭
ocytui	𬚯
ocghyt	𬚰
ocrzmc	𬚱
ocrzxb	𬚲
ocrzza	𬚴
ocrzvu	𬚶
ocuerz	𬚸
ocrzci	𬚺
ocytty	𬚻
ocytns	𬚼
ocjsyt	𬚽
ocytwo	𬚾
ocrzxm	𬚿
ocjmgs	𬛀
ocytna	𬛁
ocrzve	𬛃
ocytvz	𬛅
ocythy	𬛆
ocytgg	𬛇
ocrznj	𬛈
ocbwgs	𬛉
ocytsv	𬛊
ocytlh	𬛋
ocrzqb	𬛌
ocyttd	𬛍
ocrzhe	𬛎
ocytxi	𬛐
ocytji	𬛑
ocytve	𬛒
ocytcj	𬛓
ocldjm	𬛕
ocytjm	𬛖
ocytmf	𬛗
ocytzy	𬛘
ocvhpk	𬛙
ocytye	𬛚
ocbwqi	𬛛
octdyj	𬛝
ocjngu	𬛟
ocihpn	𬛡
ocizif	𬛢
ocifji	𬛣
ocfuif	𬛤
ocifue	𬛥
ocwoli	𬛦
ocwonj	𬛩
ocizyb	𬛯
ocvirf	𬛱
ocugvi	𬛲
ocvivi	𬛳
ocvitd	𬛴
ocjqgs	𬛸
ocjqyi	𬛹
ocyuie	𬛼
ocmwjq	𬛾
ocuevj	𬜅
ocuefj	𬜆
ocueyj	𬜇
ocuezu	𬜈
ocuesi	𬜉
ocueze	𬜊
ocuejy	𬜋
ocueui	𬜌
ocuetj	𬜍
ocuebm	𬜎
ocuejb	𬜏
ocueqm	𬜐
ocvzli	𬜑
ocvzyi	𬜒
ocvzda	𬜔
ocvzks	𬜖
ocvzvf	𬜘
ocvzue	𬜚
ocvzli	𬜜
ocsemz	𬜝
ocsefw	𬜞
oclise	𬜟
occcbc	𬜠
occcuj	𬜡
occcjq	𬜢
occcjk	𬜣
occcfg	𬜥
occchv	𬜦
occcfa	𬜧
occcsv	𬜨
occcfz	𬜪
occcwf	𬜬
occcvd	𬜭
occcll	𬜯
occcjn	𬜲
occckk	𬜴
occclb	𬜵
occcye	𬜷
occchk	𬜸
occcfh	𬜹
occcnq	𬜺
occcxm	𬜾
occcgo	𬜿
occcyu	𬝁
oclcuc	𬝃
occcbc	𬝄
occcql	𬝆
occcxl	𬝇
occcvo	𬝉
ocjpis	𬝋
occcbd	𬝌
ocrvmb	𬝎
occcdm	𬝐
occcli	𬝒
occchg	𬝖
occczi	𬝘
occcsu	𬝚
ocgsjq	𬝛
occcpu	𬝟
occczw	𬝠
ocmgnd	𬝡
occcyh	𬝣
occcvf	𬝤
occiuz	𬝩
occctk	𬝪
occcln	𬝮
occcbb	𬝯
ocfuyk	𬝱
occcvj	𬝳
occcnj	𬝴
occcrr	𬝵
occcxt	𬝹
occcxq	𬝽
occcth	𬝾
occcif	𬞀
occcxs	𬞁
occcgl	𬞅
occcpc	𬞆
occctc	𬞇
occcnk	𬞊
occcjm	𬞋
occctc	𬞌
occcnj	𬞑
ocwjkz	𬞒
occclj	𬞕
occcpk	𬞖
occcuj	𬞗
occcsv	𬞚
occcxu	𬞜
occcpb	𬞟
ociauc	𬞠
ocvibm	𬞤
occcxi	𬞥
occcci	𬞧
ochctu	𬞩
occclj	𬞫
occcxi	𬞭
oclmge	𬞮
occckv	𬞴
occcyb	𬞵
occckl	𬞷
occckr	𬞸
occcmm	𬞻
occcww	𬞼
occcmj	𬞽
ocxivf	𬟀
occcfa	𬟂
occcyi	𬟆
occcxu	𬟋
occcgv	𬟏
occcyi	𬟔
oclntd	𬟖
occcsv	𬟘
oclpvu	𬟜
ochxcc	𬟠
ocuuyt	𬟥
ochuda	𬟧
ochufu	𬟨
ochuho	𬟩
ochujm	𬟪
ochubw	𬟫
ochutm	𬟭
ochuig	𬟯
ochuhw	𬟱
ocluir	𬟳
ocisuj	𬟴
ocisjk	𬟷
ocisfj	𬟸
ocishx	𬟹
occsis	𬟺
ocislq	𬟻
ocismo	𬟼
ocisds	𬟽
ocislm	𬟾
ocisvg	𬟿
ocisbd	𬠀
ocistz	𬠁
ocisxi	𬠂
ocisbi	𬠃
ocisdh	𬠅
ocisxk	𬠇
ocisgs	𬠈
ocwfis	𬠉
ocissi	𬠊
ocisua	𬠋
ocisna	𬠌
ocisrf	𬠍
ocisgx	𬠎
ocisla	𬠏
ocisgh	𬠐
ocisbo	𬠒
ocisji	𬠓
ocisgk	𬠕
ocisnm	𬠖
ocispz	𬠗
ocysis	𬠘
ocisbo	𬠚
ocisia	𬠜
ocisqm	𬠝
ocisfw	𬠞
oczwis	𬠠
ocisxq	𬠡
ociszu	𬠢
ocisrs	𬠣
ocisjk	𬠧
ocisdz	𬠩
ocismg	𬠫
ociszi	𬠭
ocissj	𬠮
ociszv	𬠯
ocmwmj	𬠱
ocisbi	𬠲
ocismg	𬠳
ociswu	𬠴
ocismi	𬠵
ocuedu	𬠶
ocujta	𬠺
ocislo	𬠻
oclpxt	𬠼
ocxkdm	𬠽
ocxkge	𬠾
ocxkvi	𬠿
ocxkuz	𬡁
ocppru	𬡂
ocpptu	𬡃
ocpper	𬡅
ocppji	𬡆
ocyima	𬡇
ocppfg	𬡈
ocppee	𬡉
ocppba	𬡊
ocppza	𬡋
oclkyi	𬡌
ocppnn	𬡍
ocppiu	𬡎
ocyili	𬡏
ocfuyi	𬡐
ocyiyz	𬡑
ocppjx	𬡒
ocviyi	𬡓
ocppui	𬡔
ocppua	𬡕
ocppdo	𬡖
ocyimi	𬡗
ocppyh	𬡘
ocppqm	𬡙
ocyiqm	𬡚
ocyuyi	𬡛
ocppdi	𬡜
ocyijy	𬡝
ocppba	𬡞
ocpplo	𬡠
ocyivv	𬡡
ocpppz	𬡣
ocppvf	𬡥
ocppdu	𬡦
ocppch	𬡧
ocpplh	𬡨
ocbwbf	𬡩
ocppds	𬡬
ocyibc	𬡭
ocppww	𬡮
ocppmj	𬡯
ocppvc	𬡰
ocppjm	𬡱
ocppcv	𬡳
ocppmm	𬡴
ocppmo	𬡶
ocppzj	𬡷
ocyzxi	𬡸
ocxibo	𬡹
ocycqu	𬡺
ocsuij	𬡻
ocuijm	𬡼
ocjmui	𬡽
ocuhjm	𬡾
ocxbjm	𬢀
ocvcjm	𬢅
ocyzjm	𬢇
ocdsjm	𬢈
ocsijm	𬢊
ocvcjm	𬢋
ocvijm	𬢌
occijm	𬢍
ocvejm	𬢎
ocufjm	𬢏
ocqijm	𬢐
ocykjm	𬢑
ocmkjm	𬢒
ocbijm	𬢓
ocdgjm	𬢔
ocjnjm	𬢕
ocjnvc	𬢖
ocgujn	𬢗
ocuiyj	𬢚
ocyjbc	𬢛
ocyjyi	𬢜
ocyjge	𬢞
ocyjpu	𬢟
ocyjji	𬢠
ocyjui	𬢡
ocyjbm	𬢢
occiyj	𬢤
ocyjkc	𬢦
ocyjan	𬢨
ocyjdh	𬢩
ocyjuz	𬢪
ocyjuf	𬢭
ocyjfh	𬢰
ocyjhj	𬢲
ocyjcj	𬢳
ocyjzi	𬢴
ocyjvf	𬢵
ocyjpf	𬢶
ocyjbm	𬢷
ocyjru	𬢾
ocyjhd	𬣁
ocyjuu	𬣄
ocyjug	𬣅
ocyjju	𬣇
ocyjbw	𬣈
ocyjsu	𬣉
ocyjcr	𬣋
ocmzmc	𬣌
ocyjtr	𬣍
oclyqr	𬣎
ocyjci	𬣐
ocyjvd	𬣑
ocyjmo	𬣒
ocyjww	𬣔
ocyjhg	𬣕
ocyjwj	𬣗
ocyjlr	𬣘
ocyjyu	𬣙
ocyjkz	𬣚
ocyjvi	𬣛
ocyjmc	𬣜
ocyjyy	𬣝
ocyjdz	𬣟
ocyjgj	𬣠
ocyjjm	𬣡
ocyjta	𬣢
ocyjvu	𬣣
ocyjxr	𬣤
ocyjyz	𬣦
ocyjfu	𬣧
ocyjyz	𬣩
ocyjsv	𬣪
ocyjtr	𬣫
ocyjhv	𬣬
ocyjdh	𬣭
ocyjmk	𬣮
ocyjrf	𬣯
ocyjzi	𬣰
ocyjvz	𬣱
ocyjbk	𬣲
ocyjgf	𬣳
ocyjmd	𬣴
ocyjda	𬣵
ocyjuu	𬣷
ocyjhj	𬣸
ocyjzu	𬣹
ocyjjl	𬣺
ocyjtk	𬣻
ocyjll	𬣼
ocyjlm	𬣽
ocyjxi	𬣾
ocyjlc	𬣿
ocyjhu	𬤀
ocyjjr	𬤃
ocyjcj	𬤄
ocyjji	𬤅
ocyjgr	𬤆
ocyjdd	𬤈
ocyjgv	𬤉
ocyjui	𬤊
ocyjhl	𬤍
ocyjxr	𬤎
ocyjdu	𬤏
ocyjge	𬤐
ocyjge	𬤑
ocyjhe	𬤒
ocyjqi	𬤓
ocyjah	𬤔
ocyjlr	𬤗
ocyjyk	𬤚
ocyjyj	𬤛
ocyjtu	𬤜
ocyjhv	𬤝
ocyjyi	𬤞
ocyjln	𬤟
ocyjao	𬤡
ocyjzy	𬤢
ocyjdy	𬤣
ocyjzg	𬤤
ocyjxy	𬤥
ocyjyi	𬤦
ocyjzc	𬤨
ocyjyi	𬤩
ocyjhc	𬤫
ocyjhv	𬤭
ocyjzj	𬤮
ocyjjm	𬤯
ocgulk	𬤲
ocguly	𬤳
ocguye	𬤴
ociidz	𬤶
ocdzbi	𬤷
ocqizi	𬤹
ocfgbc	𬤺
ocuind	𬤻
ocxsui	𬤼
ocuiiz	𬤽
ocuiwu	𬤿
ocuijy	𬥀
ocquui	𬥁
ocuiho	𬥂
ocucui	𬥃
ocuinp	𬥄
ocxlfg	𬥆
ocviye	𬥈
ocliwf	𬥋
ocvixl	𬥌
ocviou	𬥍
ocyzbw	𬥎
ocbwff	𬥏
ocfubw	𬥐
ocxsbw	𬥑
ocybbw	𬥒
ocbwbj	𬥓
ocbwzo	𬥗
ocbwgc	𬥘
ocbwqi	𬥛
ocbobw	𬥝
ocbwcj	𬥞
ocerji	𬥠
ocbwyr	𬥢
ocpbww	𬥣
ocbwvs	𬥥
ocbwmb	𬥧
ocyrhe	𬥩
ocdvbw	𬥫
ocpbnj	𬥬
ocpbcs	𬥯
ocbwnh	𬥲
ocbwch	𬥳
ocbwgj	𬥴
ocbwpi	𬥶
ocbwvg	𬥷
ocbwir	𬥸
ocbwue	𬥹
ocbwdr	𬥼
ocbwhz	𬥽
ocbwjm	𬥾
ocbwnh	𬦀
ociiff	𬦁
ociigf	𬦂
oczzyi	𬦅
oczzvr	𬦆
ocbuzz	𬦇
oczzyt	𬦈
oczzgu	𬦉
oczzdd	𬦊
oczzig	𬦌
oczzif	𬦎
oczzih	𬦏
oczzyi	𬦑
oczzpg	𬦒
oczzzs	𬦓
oczzjy	𬦖
oczzyi	𬦜
oczzjl	𬦞
oczzsh	𬦟
oczund	𬦠
oczuge	𬦡
oczumf	𬦢
oczuli	𬦣
oczuya	𬦤
oczubw	𬦥
oczuvx	𬦦
oczuly	𬦧
oczukz	𬦨
oczuiu	𬦩
oczuvc	𬦪
ocxizu	𬦭
oczuer	𬦮
oczujx	𬦯
oczubd	𬦰
oczupd	𬦱
oczuie	𬦲
oczuvi	𬦳
oczuvh	𬦵
oczudc	𬦶
oczuhx	𬦷
oczuky	𬦸
oczutn	𬦹
oczugr	𬦻
oczuyc	𬦽
oczulj	𬦾
oczuxb	𬦿
oczujl	𬧀
ocpdzu	𬧁
oczuxr	𬧂
oczugs	𬧄
oczuvr	𬧅
oczumm	𬧆
oczush	𬧉
oczule	𬧊
oczuvj	𬧋
oczubn	𬧌
oczudi	𬧍
oczujk	𬧎
oczugd	𬧏
oczuxi	𬧐
oczuuy	𬧓
oczulu	𬧔
oczujp	𬧕
oczudc	𬧖
oczurs	𬧘
oczulu	𬧙
oczudm	𬧚
oczuba	𬧞
oczunh	𬧟
ocufve	𬧠
ocuflq	𬧡
ocufls	𬧢
ocufqu	𬧣
ocuflc	𬧤
ocufyj	𬧥
ocufdm	𬧦
ocufhx	𬧧
ocufky	𬧨
ocufgo	𬧩
ocufji	𬧫
ocufyi	𬧬
ocufuk	𬧭
ocufna	𬧮
ocufpn	𬧯
ocufju	𬧰
ociebi	𬧱
ockeie	𬧲
ociedm	𬧳
ociemg	𬧷
ociehr	𬧸
ocieia	𬧹
ocieiu	𬧺
oclzie	𬧻
ocieuh	𬧽
oclwie	𬧾
ociemc	𬨁
ocieui	𬨂
ocieyh	𬨄
ocgsie	𬨆
ociehd	𬨇
ociemm	𬨈
ociedm	𬨉
ocwwie	𬨊
ocvlie	𬨋
ociebw	𬨌
ociehe	𬨍
ocieqq	𬨎
ociexu	𬨏
ociegv	𬨐
ociesh	𬨑
ociehl	𬨒
ocieic	𬨓
ociepi	𬨔
ocxbyi	𬨖
ocwwxb	𬨗
ocxbbi	𬨘
ocxbfu	𬨙
ocxbld	𬨛
ocvier	𬨜
ocvifu	𬨝
ocvipu	𬨞
ocviff	𬨟
ocviug	𬨠
ocvice	𬨡
ocvili	𬨢
ocviys	𬨣
ocvigf	𬨤
ocviua	𬨥
ocvity	𬨦
ocvigo	𬨨
ocvitu	𬨩
ocbmni	𬨬
ocvids	𬨮
ocvizu	𬨱
ocviji	𬨲
ocuuhr	𬨳
ocvitd	𬨴
ocjbfj	𬨵
ocviui	𬨷
ocviyk	𬨸
oclmuh	𬨺
ocsuge	𬨻
ocviig	𬨾
ocmiyy	𬨿
ochdlv	𬩀
ocvibn	𬩃
ocndsv	𬩄
ocvive	𬩅
ocvizi	𬩆
ocbmmw	𬩇
ocsufu	𬩉
ocuuyj	𬩋
ocviho	𬩎
octsiu	𬩐
ocvixt	𬩑
ocyuji	𬩔
ocgowu	𬩕
ocvidh	𬩖
ocvicr	𬩘
ocviyi	𬩜
ocvimg	𬩝
ocgowd	𬩟
ocqmqm	𬩠
ocbmli	𬩢
ocviqi	𬩣
ocviwj	𬩤
ocvuld	𬩥
ocgolw	𬩧
ocviuz	𬩨
ocviln	𬩪
oczcia	𬩭
ocvibi	𬩮
ocvvyc	𬩱
ocjbca	𬩲
oclier	𬩳
ocyiyz	𬩴
ocvser	𬩵
ocnqer	𬩶
ocvjer	𬩷
ocufer	𬩸
ocsaer	𬩹
ocgsyi	𬩺
ocuaer	𬩻
ocxyer	𬩽
oclder	𬩾
oclryi	𬪁
ocwoer	𬪂
ocnage	𬪄
ocfger	𬪅
ociher	𬪆
ochoer	𬪇
ockyer	𬪈
ocyier	𬪉
ocyher	𬪌
ocmcer	𬪍
ocller	𬪔
ocyser	𬪘
ocqier	𬪜
occder	𬪝
oceeer	𬪠
ocfjer	𬪤
ocyzjk	𬪦
ocyzqu	𬪧
ocyzjm	𬪨
ocyzns	𬪩
ocyzyz	𬪪
ocyzjm	𬪫
ocyzxb	𬪬
ocyzyj	𬪮
ocyzlj	𬪯
ocyzwu	𬪱
ochcyz	𬪵
ocyzwh	𬪶
ocyzvc	𬪸
ocbmgl	𬪺
ocbmqu	𬪻
ocvsxi	𬪼
ocvsge	𬪽
ocvsee	𬪾
ocyali	𬪿
ocyegv	𬫀
ocueli	𬫁
ocjbli	𬫂
ocjbwh	𬫃
ocjbpm	𬫄
ockzjb	𬫈
ocjbys	𬫉
ocjbqm	𬫊
ocjbdi	𬫌
ocjbrs	𬫍
ocjbvi	𬫏
ocjbxk	𬫑
ocjbjr	𬫒
ocjbhc	𬫓
ocjbuj	𬫕
ocjbgo	𬫚
ocjbzo	𬫛
ocjblk	𬫟
ocjbji	𬫡
ocjbyu	𬫢
ocjbji	𬫥
ocjbmk	𬫦
ocyjjb	𬫨
ocjbdi	𬫩
ocjbli	𬫭
ocjbmc	𬫯
ocjbfu	𬫰
ocjbwg	𬫱
ocjbtd	𬫳
ocjbsu	𬫵
ocjbiy	𬫷
ocjbhz	𬫺
ocjbfu	𬫻
ocjblv	𬫽
ocjbga	𬫿
ocjbgh	𬬀
ocjbli	𬬁
ocjbli	𬬂
ocjbge	𬬃
ocjbji	𬬄
ocjbyi	𬬅
ocjbrj	𬬊
ocjbse	𬬋
ocqmbf	𬬌
ocjbyh	𬬍
ocjbyr	𬬎
ocvsfh	𬬐
ocjbys	𬬑
ocjbju	𬬒
ocjbbi	𬬓
ocjbyi	𬬔
ocjbkv	𬬖
ocjbjb	𬬗
ocjbjl	𬬙
ocjbfu	𬬚
ocjbmi	𬬠
ocjbxy	𬬡
ocjbxn	𬬤
ocjbnh	𬬥
ocjblm	𬬦
ocjbgj	𬬧
ocjbkv	𬬨
ocjbyi	𬬩
ocjbkz	𬬪
ocjbbi	𬬫
ocjbww	𬬬
ocjbly	𬬭
ocjbih	𬬮
ocjbrf	𬬯
ocjbch	𬬰
ocjbjb	𬬱
ocjbvx	𬬲
ocjbzi	𬬳
ocjbyc	𬬴
ocjbyb	𬬵
ocjbww	𬬶
ocjbui	𬬷
ocjbuu	𬬸
ocjbuf	𬬹
ocjbqp	𬬺
ocjblu	𬬻
ocjbye	𬬼
ocjbva	𬬽
ocjbnk	𬬾
ocjbvc	𬬿
ocjbtd	𬭀
ocjbmu	𬭁
ocjbhs	𬭂
ocjbxi	𬭄
ocjbhz	𬭅
ocjbdo	𬭆
ocjbhv	𬭇
ocjbvd	𬭈
ocjbqi	𬭉
ocjbdu	𬭊
ocjbjp	𬭋
ocjbwu	𬭌
ocjbhj	𬭍
ocjbhs	𬭎
ocjbyh	𬭏
ocjbyi	𬭐
ocjbui	𬭑
ocjbdm	𬭓
ocjbii	𬭔
ocjbvz	𬭕
ocjbpg	𬭖
ocjbww	𬭗
ocjbue	𬭘
ocjbdj	𬭙
ocjbxl	𬭚
ocjbbo	𬭛
ocjbli	𬭜
ocjbcj	𬭝
ocjbda	𬭞
ocjbzz	𬭟
ocjbia	𬭠
ocjbuc	𬭡
ocjbgv	𬭢
ocjbqr	𬭣
ocjbhz	𬭤
ocjbru	𬭦
ocjbvv	𬭨
ocjbwg	𬭩
ocjbhd	𬭪
ocjbvj	𬭫
ocjbhv	𬭬
ocjbqi	𬭭
ocjbbi	𬭯
ocjbyb	𬭰
ocjbic	𬭲
ocjbxi	𬭳
ocjbjp	𬭴
ocjbpg	𬭵
ocjbhw	𬭶
ocjblb	𬭸
ocjbpn	𬭺
ocjbjn	𬭻
ocklsv	𬭼
ocjbpi	𬭽
ocjbsr	𬭾
ocjbxk	𬮀
ocjbbo	𬮁
ocjbzr	𬮃
ocihqn	𬮄
ocmfli	𬮅
ocmfye	𬮆
ocmfqr	𬮇
ocmfiu	𬮉
ocmfjx	𬮊
ocmfhs	𬮍
ocmwmf	𬮎
ocmfue	𬮏
ocmflv	𬮐
ocmfuu	𬮑
ocmfmi	𬮒
ocmfji	𬮓
ocmfyj	𬮕
ocmflm	𬮖
ocmffu	𬮗
ocmfrf	𬮘
ocmfwj	𬮙
ocmfgs	𬮚
ocmfuh	𬮛
ocmftm	𬮜
ocmfqr	𬮝
ocmfjb	𬮞
ocmfho	𬮟
ocmfke	𬮠
ocmfwd	𬮡
ocmfgs	𬮢
ocmfkl	𬮣
ocmfhe	𬮤
ocmfvs	𬮥
ocmfgr	𬮦
ocmfii	𬮨
ocmfxi	𬮩
ocmfua	𬮪
ocmfqk	𬮬
ocmfgv	𬮭
ocmfqi	𬮮
ocmfgx	𬮯
ocmfaa	𬮰
ocmfyc	𬮲
ocmfpb	𬮳
ocmfyb	𬮴
ocmfxm	𬮵
ocmfts	𬮸
ocmfdg	𬮹
ocerma	𬮺
ocerwu	𬮻
ocerqm	𬮼
ocerqq	𬮾
ocerqi	𬮿
ocerqi	𬯀
ocerxb	𬯁
oceryj	𬯂
oceryi	𬯆
ocerjb	𬯉
ocercj	𬯊
oceruf	𬯋
oceriy	𬯌
ocergv	𬯎
ocerqr	𬯏
oceryi	𬯐
ocerbw	𬯑
ocerbi	𬯕
ocercj	𬯘
ocerdm	𬯚
ocaarv	𬯜
ocerca	𬯠
ocercd	𬯡
ocaazg	𬯣
oceryi	𬯧
ocaald	𬯩
ocvvvi	𬯪
ocglvv	𬯬
ocvevv	𬯯
ocvili	𬯰
ochegc	𬯱
ochevf	𬯳
ocyuwj	𬯸
ocyuuu	𬯹
ocyuyu	𬯺
ocyuui	𬯻
ocyuli	𬯼
ocyuvi	𬯾
ocyumk	𬯿
ocyupc	𬰀
ocyufa	𬰂
ocyumo	𬰃
ocyuye	𬰄
ocyuyu	𬰅
ocyuui	𬰈
oclwgf	𬰉
ocyuve	𬰊
ocyulb	𬰋
ocyuil	𬰌
ocyyvs	𬰎
ocyuyi	𬰏
ocyuca	𬰓
ocyuyb	𬰔
ocnimg	𬰖
ocqkqn	𬰗
ocqkqq	𬰘
ocfwxt	𬰙
ocfwli	𬰚
ocvcfw	𬰛
ocwufw	𬰜
ocbjfw	𬰝
ocfwwu	𬰞
ocmomm	𬰠
ocmmlo	𬰡
ocmimm	𬰢
ocjmmm	𬰣
ocgevz	𬰤
ocgell	𬰥
ocgegu	𬰦
ocgesv	𬰧
ocgeyy	𬰨
ocgeju	𬰩
ocwwdn	𬰭
ocwwuz	𬰯
ocwwxl	𬰰
ocwwgj	𬰱
ocwwfg	𬰲
ocwwvj	𬰳
ocwwfu	𬰴
ocwwhe	𬰵
ocwwhv	𬰶
ocwwvj	𬰷
ocybyz	𬰹
ocybye	𬰺
ocybhe	𬰻
ocyzyb	𬰽
ocybly	𬰾
ocdcye	𬰿
ocyuye	𬱀
ocysye	𬱁
ocbiye	𬱂
ocmkye	𬱃
ockeye	𬱆
ocuyyu	𬱍
ocdkbw	𬱎
ocjqye	𬱓
ocyzye	𬱔
ocyzye	𬱖
ocvjye	𬱗
ociiye	𬱘
ocbjye	𬱙
ocbiye	𬱚
ocyeye	𬱛
oclwye	𬱜
ocwwye	𬱟
ocueye	𬱠
ocjyye	𬱢
occfye	𬱣
ocysye	𬱥
ocqiye	𬱦
ocyjye	𬱨
ocfuye	𬱪
ocdkye	𬱫
occjye	𬱬
ocgeye	𬱭
ocyzye	𬱮
ocuzye	𬱯
ocujye	𬱱
oclyye	𬱳
ocfgvs	𬱴
ocfgww	𬱵
ocfggk	𬱷
ocfgyt	𬱸
ocwjfg	𬱺
ocqifg	𬱼
ocfglb	𬱾
ocfgho	𬱿
ocfghu	𬲀
ocfgln	𬲅
ocfwbd	𬲉
ocuifu	𬲋
ocuiff	𬲍
ocuimc	𬲎
ocuiig	𬲐
ocuixu	𬲑
ocuiyz	𬲓
ocuilb	𬲔
ocvjui	𬲕
ocuiux	𬲗
ocuiyc	𬲘
ocuiga	𬲚
ocuisi	𬲛
ocuizy	𬲝
ocuimw	𬲞
ocuiyu	𬲠
ocuibu	𬲥
ocuirf	𬲦
ocuikv	𬲧
ocuiyu	𬲨
ocuiee	𬲩
ocuics	𬲪
ocuivj	𬲫
ocuivi	𬲬
ocuiqp	𬲭
ocuidi	𬲮
ocuiju	𬲯
ocuita	𬲱
ocuink	𬲲
ocuiqi	𬲶
ocuigf	𬲷
ocuigo	𬲸
ocuimh	𬲹
ocuifu	𬲺
ocuidi	𬲻
ocuiyj	𬲼
ocuiqi	𬲽
ocuigu	𬲾
ocuiyj	𬲿
ocuiyc	𬳁
ocuivo	𬳂
ocuifu	𬳃
ocuinj	𬳄
ocuiyj	𬳆
ocuixr	𬳇
ocuiyc	𬳊
ocuixi	𬳋
ocuiiz	𬳌
ocuith	𬳍
ocuiga	𬳎
ocuiis	𬳐
ocuijk	𬳑
ocuidg	𬳒
ocuiys	𬳓
ocuime	𬳔
ocuzvu	𬳕
ocuzyh	𬳖
ocfuuz	𬳗
ocuzxn	𬳘
ocuzmn	𬳙
ocuzvo	𬳚
ocuzuu	𬳛
ocxldd	𬳜
ocxlwj	𬳞
ocxlbf	𬳟
ocqqxl	𬳠
ocuexl	𬳢
ocxlph	𬳣
ocxlni	𬳤
ocxlnn	𬳥
ocxltj	𬳦
ocxlxl	𬳧
ocmaxt	𬳨
ocmapu	𬳩
ocybma	𬳪
ocmagg	𬳬
ocghma	𬳭
ocmajk	𬳮
ocmacj	𬳯
ocmadc	𬳰
ocmagv	𬳱
ocmaij	𬳲
ocmafg	𬳳
ocmapk	𬳴
ocmapi	𬳵
ocmajs	𬳶
ocmagx	𬳷
ocmakx	𬳹
ocmali	𬳺
ocmakl	𬳻
ocmayz	𬳼
ocmaxm	𬳽
ocmado	𬳾
ocmayu	𬳿
ocmall	𬴀
ocmaan	𬴁
ocmafw	𬴂
ocmaxk	𬴄
ocmaph	𬴅
ocmajb	𬴆
ocmaqi	𬴈
ocmaln	𬴉
ocmalb	𬴊
ocmamg	𬴌
ocmajm	𬴏
ocnsgu	𬴑
ocgugu	𬴒
ocdugu	𬴓
ocgclc	𬴖
ocgckc	𬴗
ocuggc	𬴙
ocgczs	𬴚
ocgcyc	𬴝
ocgcbi	𬴟
ocbnkd	𬴧
ocbnyc	𬴨
ocbnns	𬴩
ocbnss	𬴪
ocbnlb	𬴫
ocbndu	𬴭
ocbnmw	𬴮
ocbnlm	𬴯
ocdzgh	𬴰
ocdzmp	𬴱
ocgeyz	𬴲
ocgesi	𬴴
ocgeif	𬴶
ocxlge	𬴷
ocgvqi	𬴽
ocgver	𬴿
ocyuqn	𬵁
ocyubu	𬵂
ocyuda	𬵃
ocwjyu	𬵄
ocriyu	𬵅
ocyuuv	𬵆
ocyuwu	𬵇
ocyumb	𬵉
octkyu	𬵋
ocyudi	𬵍
ocyuue	𬵏
ocyuvl	𬵐
ocyuie	𬵒
ocyuir	𬵓
ocyuzu	𬵔
ocyuyi	𬵖
ocyuyu	𬵗
ocyuvu	𬵚
ocyugg	𬵛
ocyuyc	𬵜
ocyudu	𬵟
ocyuso	𬵠
ocyusu	𬵡
ocyujp	𬵤
ocyuky	𬵥
ocyuww	𬵧
ocyumi	𬵨
ocyuhv	𬵪
ocyuxm	𬵬
ocyuji	𬵭
ocyuda	𬵮
ocyutn	𬵰
ocyuzi	𬵱
ocyumg	𬵳
ocyuvg	𬵴
ocyuhc	𬵵
ocyufu	𬵶
ocyugv	𬵻
ocyudc	𬶀
ocyurf	𬶁
ocyutu	𬶂
ocyuda	𬶃
ocyuuc	𬶄
ocyuya	𬶅
ocyufg	𬶆
ocyujp	𬶇
ocyuyt	𬶈
ocyuwu	𬶉
ocyuju	𬶋
ocyudd	𬶌
ocyuta	𬶍
ocyujp	𬶎
ocyuww	𬶏
ocyuvc	𬶐
ocyuda	𬶑
ocyucf	𬶒
ocyutk	𬶓
ocyugc	𬶔
ocyudi	𬶕
ocyuyj	𬶖
ocyulc	𬶗
ocyuah	𬶘
ocyuuz	𬶙
ocyufu	𬶚
ocyudj	𬶛
ocyupz	𬶜
ocyuwj	𬶝
ocyuhu	𬶞
ocyuci	𬶟
ocyujm	𬶠
ocyudu	𬶡
ocyuxk	𬶢
ocyuia	𬶣
ocyudi	𬶤
ocyuwj	𬶥
ocyurz	𬶧
ocjiyu	𬶨
ocyuyj	𬶩
ocyuni	𬶪
ocyuhl	𬶫
ocyuxu	𬶬
ocyuji	𬶭
ocyuxi	𬶮
ocyugo	𬶯
ocyuvh	𬶰
ocyujk	𬶱
ocyuxl	𬶲
ocyulu	𬶳
ocyupu	𬶴
ocyulm	𬶶
ocyuba	𬶻
oclnnn	𬶼
ocnncc	𬶽
ocnncy	𬶾
ocgsnn	𬶿
ocnnyz	𬷀
ocgenn	𬷁
ocpmnn	𬷃
ocdznn	𬷄
ocnnyh	𬷅
ocnnrj	𬷆
ocrjnn	𬷇
ocddnn	𬷈
ocnngx	𬷊
ocnnnk	𬷋
ocnknn	𬷌
ocnnts	𬷍
ochznn	𬷎
ocqinn	𬷏
ocnnyi	𬷐
ocrunn	𬷑
ocronn	𬷒
ocnnui	𬷓
ocihnn	𬷔
ocfunn	𬷕
ocmmnn	𬷖
ocvunn	𬷗
ocuann	𬷙
ochsnn	𬷚
ocnnwu	𬷜
ocndnn	𬷝
oclbnn	𬷞
ocgrnn	𬷡
ocyenn	𬷢
ocnnfg	𬷣
ocrunn	𬷨
ocvinn	𬷩
ocufnn	𬷫
ocjxnn	𬷬
oceenn	𬷭
ochknn	𬷯
ocnnic	𬷰
ocbjnn	𬷱
ocytnn	𬷲
ocyunn	𬷴
ocxbnn	𬷵
ocrsnn	𬷷
ocjnnn	𬷹
ocjnyk	𬷺
ocnnve	𬷻
ocernn	𬷼
ocnnln	𬷽
ocgsnn	𬷾
ocnncs	𬷿
ocwfnn	𬸀
ocwann	𬸁
ockenn	𬸂
ocyunn	𬸃
oclsnn	𬸄
ociunn	𬸅
ocugnn	𬸆
ocjxnn	𬸇
ocvinn	𬸈
ocgsnn	𬸉
ocrfnn	𬸊
ocpbnn	𬸋
ocuann	𬸌
ocuznn	𬸍
oclinn	𬸎
ocllnn	𬸏
ocilnn	𬸐
ocdvnn	𬸑
ocnnqi	𬸒
ocssnn	𬸔
ocyjnn	𬸖
oclinn	𬸗
ocmnnn	𬸙
ocyunn	𬸚
ochlnn	𬸛
ocbmnn	𬸜
ocybnn	𬸝
oclznn	𬸞
ocwunn	𬸟
ocgenn	𬸠
ocjmnn	𬸡
ocgcnn	𬸢
ocpnnn	𬸤
ocisnn	𬸥
oczunn	𬸦
ocqinn	𬸨
ocaonn	𬸩
ocfjnn	𬸪
ocdynn	𬸫
ocgenn	𬸭
ockvnn	𬸮
ocpinn	𬸯
ochonn	𬸰
ocqunn	𬸱
oclubi	𬸲
oclujm	𬸳
ocluvj	𬸵
ocluih	𬸶
ocluzz	𬸷
oclubm	𬸸
oclugj	𬸹
ocluyi	𬸺
oclujb	𬸻
ocnilu	𬸼
ocluer	𬸽
ocluqi	𬸾
ocluhl	𬹀
ocluys	𬹁
ocmdgs	𬹂
ocmdmm	𬹃
ocmdju	𬹄
ocmdcd	𬹅
ocmdgs	𬹆
ocmdbo	𬹇
ocmdxn	𬹈
ocmdwj	𬹉
ocmdqi	𬹊
ocmdky	𬹋
ocmdnm	𬹌
ocmdmo	𬹍
ocmduj	𬹎
ocmalb	𬹏
ochlfj	𬹐
ochlee	𬹓
ochwvf	𬹕
ochwns	𬹖
ochwld	𬹗
ocvfhw	𬹙
ochwmp	𬹛
ocdcmm	𬹝
ocdamm	𬹞
ocbwmm	𬹠
ocyumm	𬹡
ocvumm	𬹣
ocdjmm	𬹤
ocdkyu	𬹥
ocdkug	𬹦
ocdkji	𬹧
ocdkta	𬹨
ocdkfj	𬹬
ocuugo	𬹮
ocbiai	𬹯
ocbipz	𬹰
ocqibw	𬹳
ociiyi	𬹶
ociiyu	𬹷
ociilb	𬹸
ociiya	𬹺
ociinw	𬹻
ociijp	𬹼
ociikh	𬹽
ociigj	𬹾
ociisi	𬹿
ocnuii	𬺀
ociivi	𬺁
ociiye	𬺂
ociiqi	𬺃
ociiue	𬺄
ociiij	𬺅
ociixn	𬺆
oczoii	𬺇
ociiqi	𬺈
ociize	𬺉
ociizu	𬺋
ociiyi	𬺌
ociixm	𬺍
ociaii	𬺎
ociivr	𬺏
ociivj	𬺐
ociixp	𬺑
ociiiu	𬺓
ociijb	𬺔
ociijp	𬺕
ociijt	𬺖
oclsda	𬺛
oclsmu	𬺜
oclyjm	𬺟
ocluly	𬺠
ochvly	𬺡
ochguu	𬺰
ocjihg	𬺲
ochgdc	𬺳
ocdnhg	𬺴
ocyuhg	𬺵
ocbaqi	𬺸
ockler	𬺹
ockzqi	𬺺
ocdkye	𬺼
ocqicc	𬺽
occccc	𬻀
ocxxtu	𬻁
occckl	𬻂
ocdklq	𬻅
ocqikl	𬻇
octmxx	𬻊
ocqijx	𬻎
ocybuh	𬻏
oclsxx	𬻓
ocdkse	𬻖
ocdkvg	𬻗
octoxx	𬻙
oczudk	𬻚
ocbuqu	𬻛
ocklya	𬻞
oclaxx	𬻡
oclddz	𬻢
ocdkir	𬻣
ochsdk	𬻤
ockdmd	𬻦
ocduxx	𬻨
ocgfxx	𬻩
ocdqqi	𬻭
oclddo	𬻮
ocdqwh	𬻯
ocxxtj	𬻰
ocjqrf	𬻲
ocvsdk	𬻳
ocjlvs	𬻶
ocvsyh	𬻸
ocgeen	𬻹
ocdmln	𬻺
ocvuve	𬻻
ocvumd	𬻽
ocvuvv	𬻾
ocdmna	𬻿
ocdmpp	𬼀
ocdmve	𬼁
ocvena	𬼂
ocppjq	𬼃
ocdmve	𬼄
ocndnd	𬼅
ociaia	𬼆
octorf	𬼇
ocqmkl	𬼈
oclewd	𬼏
ocrfbd	𬼐
ociadg	𬼑
ocigui	𬼒
ocivih	𬼓
ochuir	𬼔
ocklhg	𬼖
ocviyi	𬼛
ocdcye	𬼜
ocquyi	𬼝
ocqiqi	𬼠
ochuve	𬼡
ocyimb	𬼢
ocjqtz	𬼣
ocruyi	𬼤
ocuuyi	𬼥
ocduyi	𬼦
ocufve	𬼧
ocmkye	𬼨
ocbkye	𬼩
ocmzqi	𬼪
ocyipb	𬼬
ochgye	𬼭
ocnpyi	𬼯
ocdiye	𬼰
ocpuyi	𬼱
ocuiqi	𬼲
ocmayi	𬼳
oclnhg	𬼶
oclndm	𬼷
ocbauu	𬼸
oclnho	𬼹
oceruu	𬼽
ocyyjk	𬼾
ocfuyy	𬽀
ocyyci	𬽁
ocfuyy	𬽂
ocwfho	𬽄
ocbmkz	𬽅
ocdmsi	𬽇
ocyiyh	𬽏
ocwfyu	𬽑
octkye	𬽓
ocuild	𬽖
octkba	𬽗
ocjkfu	𬽙
ocwfww	𬽜
octkjb	𬽞
ocjnvi	𬽟
ocrfee	𬽢
ocrfiu	𬽣
ocrfxx	𬽥
ocrfwj	𬽦
ocrfjq	𬽧
ocrfge	𬽨
ocrfri	𬽪
ocrfdz	𬽫
ocrfhu	𬽬
ocrfgk	𬽭
ocrfpo	𬽯
ocrfkj	𬽰
ocrfhc	𬽱
ocrffu	𬽵
ocrfts	𬽽
ocrfqi	𬽾
ocrfvs	𬾀
ocrfis	𬾁
oclkxx	𬾂
ocrfke	𬾅
ocrfjp	𬾆
ocrfll	𬾇
ocrfxp	𬾈
ocrfzz	𬾉
ocrfbp	𬾋
ocqiye	𬾍
ocrfbh	𬾏
ocrfis	𬾓
ocrfyj	𬾕
ocrfyk	𬾖
ocddiu	𬾚
ocrfjb	𬾞
ocrfso	𬾟
ocrfhu	𬾠
ocrfbo	𬾢
ocrfxt	𬾣
ocrfvo	𬾧
ocrfuu	𬾬
ocrffu	𬾯
ocrfxk	𬾰
ocrfmm	𬾲
ocrfbd	𬾳
ocrfsi	𬾴
ocrfsv	𬾷
ocrfui	𬾸
ocbklk	𬾺
ocrfll	𬾻
ocrfke	𬾼
ocrfhe	𬾾
ocrfhl	𬿁
ocrfuj	𬿂
ocrfbc	𬿅
ocrfbj	𬿆
ocrfdp	𬿇
ocrfvi	𬿈
ocjpmd	𬿋
ocyurf	𬿎
ocfuwu	𬿐
ocbmwf	𬿒
ocrfgo	𬿓
ocrfya	𬿕
ocrfli	𬿘
ocrflu	𬿚
ocrfkh	𬿛
ocrfve	𬿜
ocrfuh	𬿞
ocrfji	𬿟
ocyiyi	𬿠
ocrfcd	𬿢
ocqmwf	𬿣
ocrfxl	𬿦
ocrfao	𬿪
ocrfjb	𬿫
ocwwiu	𬿭
ocrfgj	𬿯
ocrfye	𬿰
ocjpdj	𬿷
ocrfca	𬿺
ocrfxy	𬿿
ocjiye	𭀂
ocrfxp	𭀄
ocrfle	𭀅
ocrftz	𭀆
ocdmnn	𭀈
ocbonn	𭀊
ocrfyi	𭀋
ocniye	𭀍
ocniye	𭀎
ocjpjn	𭀐
ocxbjb	𭀑
ocrflj	𭀓
ocrfuu	𭀔
ocqmih	𭀕
ocwudm	𭀖
ocveyy	𭀛
ocyrxi	𭀞
ocdaxs	𭀢
ocbker	𭀤
ocglyc	𭀦
ocdvgj	𭀧
ocyrhu	𭀪
ocyrih	𭀫
ocglgl	𭀬
ocglns	𭀮
ocmmmm	𭀰
ocxmgr	𭀲
ocxmgr	𭀳
ocglll	𭀴
ocxmuj	𭀵
ocglts	𭀶
ocxmgr	𭀷
ocerxi	𭀹
ocxmuj	𭀺
ocnwve	𭀻
ocruqu	𭀼
ocuiru	𭀽
ockzru	𭀾
ocruhc	𭀿
oczoru	𭁀
ocgsbu	𭁅
ocnqba	𭁆
occiba	𭁊
ocffnw	𭁋
ocbjfh	𭁌
ocgsbu	𭁍
ocgsqp	𭁎
ocbjjl	𭁑
oczeba	𭁒
ocgsfu	𭁓
oclqlu	𭁖
ocdulq	𭁘
ocbjtk	𭁙
ocgsbw	𭁚
oclqfg	𭁛
ocgsdr	𭁜
ocqygs	𭁝
ocqige	𭁞
ocmcmc	𭁤
oczdyz	𭁥
ocklue	𭁦
ocnwuc	𭁧
ocklmi	𭁨
ocmcyz	𭁬
ochcnw	𭁮
octsdo	𭁰
ocbcsi	𭁳
ocbcgf	𭁴
ocbcvo	𭁸
ocbcui	𭁼
ocbcqb	𭁾
ocbcjb	𭂃
ocmkyi	𭂄
ocbkqn	𭂆
ocbkli	𭂇
ocbkuj	𭂈
ocbkcs	𭂉
ocbkni	𭂊
ocbkji	𭂋
ocbkis	𭂌
ocbkci	𭂍
ocbkyh	𭂎
ocbkww	𭂏
ocbkuu	𭂑
ocbkxl	𭂓
ocbkyu	𭂔
ocbklu	𭂕
ocbkfg	𭂖
ocbkxu	𭂘
ocbkvi	𭂙
ocbkyi	𭂚
ocbkwu	𭂛
ocbkih	𭂝
ocbkdi	𭂞
ocbkgv	𭂟
ocbkjm	𭂠
ocbkzg	𭂡
ocbkgj	𭂢
oclgji	𭂤
ocbkmu	𭂥
ocbkrs	𭂧
ocjiui	𭂩
ocdmfj	𭂫
ocffji	𭂭
ocfjrf	𭂮
ocyhji	𭂰
ocjiyz	𭂱
ocxxsu	𭂳
ocjilv	𭂴
ocjixy	𭂺
ociuua	𭂽
ocxsee	𭂿
ociuee	𭃀
ociuee	𭃁
ocdcer	𭃂
ocdcqi	𭃃
ocuidc	𭃄
ocrfdc	𭃅
ociadc	𭃆
ocdcia	𭃇
ocdcxi	𭃈
ocdcwf	𭃉
ocdcba	𭃋
ocvudc	𭃌
ockadc	𭃏
ockadc	𭃐
ocdcka	𭃑
ocfffj	𭃓
ocdcji	𭃕
oclpdc	𭃖
ocqudc	𭃗
ocdcrz	𭃘
ocdczi	𭃙
ocugrf	𭃚
ocdcua	𭃛
ocfudc	𭃜
ocdcfa	𭃝
ocmkdc	𭃞
ochedc	𭃟
ocdcjn	𭃠
ocdcda	𭃢
ocgudc	𭃣
ocvidc	𭃤
ocdcdi	𭃦
oclbdc	𭃩
oclcdc	𭃪
ocdcky	𭃫
ocdcnm	𭃮
octndc	𭃯
octddc	𭃵
ocyhdc	𭃶
ocuidc	𭃸
ocuaff	𭃹
ockedc	𭃺
ocyhdc	𭃻
ocdcjx	𭃼
ocdcmw	𭃽
ocvoff	𭃿
ocbkrf	𭄀
oclqdc	𭄁
octudc	𭄂
ocffhj	𭄃
ocbodc	𭄄
ocshdc	𭄅
ocvjdc	𭄇
ocysdc	𭄊
ocmidc	𭄋
ocmidc	𭄌
ocdctu	𭄎
ocnkdc	𭄑
oclydc	𭄕
ocgxdc	𭄖
ocpmdc	𭄙
oczjdc	𭄛
oclydc	𭄜
ocdchr	𭄝
ocrfli	𭄞
ocgsli	𭄟
ocjxme	𭄢
ocxkli	𭄤
ocruli	𭄥
ocufli	𭄨
ocnnli	𭄩
ocbanj	𭄫
ocxkli	𭄬
ocqili	𭄭
ocgoli	𭄰
ocjxgx	𭄱
ocksli	𭄲
ocwwli	𭄵
ocliyi	𭄷
oclvli	𭄸
ocyznj	𭄹
ociili	𭄺
ocjxla	𭄻
ocmbli	𭄼
ocyyli	𭅀
ocgvli	𭅁
ocbcyz	𭅄
ocbcjk	𭅆
ocbcvj	𭅇
ocbcui	𭅈
ocwujb	𭅉
ocbcdz	𭅋
ocqiuc	𭅌
ocvobc	𭅎
ocfgbc	𭅏
ocjrbi	𭅑
ocvobi	𭅓
ocklbi	𭅔
ocklyu	𭅕
ocklgj	𭅖
ockltm	𭅗
ocklvu	𭅘
ocklvi	𭅙
ockldo	𭅚
ockllk	𭅛
ocklgj	𭅞
ocuiji	𭅠
ocbjvs	𭅢
ocbiba	𭅣
ocbwye	𭅤
ocnjjq	𭅥
ocufug	𭅧
ocvizo	𭅨
ocviso	𭅬
ockaua	𭅱
oceedm	𭅲
ocdder	𭅵
ocgver	𭅶
oclcer	𭅷
oczcer	𭅸
ocdoee	𭅹
ocller	𭅺
ocwwee	𭅻
ocxlji	𭅼
ocdoji	𭅽
ocneer	𭅾
ocizer	𭅿
ocihqi	𭆀
ocihmb	𭆃
ocihye	𭆊
ocihro	𭆋
ocihcc	𭆍
ocihfj	𭆖
ocnahz	𭆗
ocsiyz	𭆙
ocsikd	𭆚
ocbiqu	𭆛
ocjxsi	𭆜
oclbsi	𭆟
ocveyz	𭆥
ocyzuh	𭆦
ocgeyz	𭆧
ocyzvi	𭆨
ocyzzd	𭆩
ocguyz	𭆮
ocnifj	𭆯
ockzjq	𭆸
ocrukz	𭆹
ockzgj	𭆺
ockzsj	𭆻
ockzxx	𭆼
ockzuh	𭆽
ocuive	𭆾
ockzto	𭆿
ockzyi	𭇀
ocwukz	𭇁
ockzgs	𭇂
ockedk	𭇄
ockzpu	𭇅
ockznq	𭇆
ockzui	𭇇
ockzih	𭇉
ockzlq	𭇊
ocbakz	𭇋
ocdcii	𭇌
ocjqii	𭇍
ockzke	𭇎
ocdkge	𭇏
ockzgj	𭇐
ocbwkz	𭇑
ockzii	𭇓
ocjuuc	𭇕
ockzhj	𭇙
ockztz	𭇚
ockzfa	𭇜
ocujii	𭇝
ockzhx	𭇞
ockzsi	𭇟
ocjiye	𭇠
ockzdo	𭇡
ockzvi	𭇣
ocnqii	𭇤
ocjqkz	𭇦
ockzvz	𭇫
ockzzi	𭇬
ockzwh	𭇭
ockzjl	𭇮
ockzlq	𭇯
ocvcff	𭇱
ockzhr	𭇲
ockzhr	𭇳
ockzbk	𭇴
ockzli	𭇶
ockeii	𭇷
ocbjkz	𭇸
ockzwu	𭇹
ocivkz	𭇺
ockzyu	𭇻
ockzjx	𭇿
ockzsi	𭈀
ockzuf	𭈁
ockzdj	𭈂
ociuii	𭈃
ockzti	𭈄
ockzlr	𭈅
ockzmu	𭈈
ockzyk	𭈉
ocyegf	𭈍
ockzfu	𭈏
ockzxp	𭈐
ockzpg	𭈒
ockzui	𭈓
ocivwu	𭈔
ockzwh	𭈕
ockzli	𭈖
ockzua	𭈗
ockzwu	𭈘
ockzfw	𭈙
ockzji	𭈛
ockzbw	𭈜
ocsokz	𭈝
ockzjm	𭈞
ockzqm	𭈟
ockzfj	𭈠
ockzju	𭈡
ockzqi	𭈢
ockznc	𭈥
ockzgu	𭈦
ockzsj	𭈧
ockzdo	𭈨
ockzto	𭈪
ockzji	𭈫
ockzhd	𭈮
octuhd	𭈯
ocjilc	𭈱
ockzyr	𭈲
ocersi	𭈳
ockzvu	𭈴
ochcfu	𭈶
ockzxk	𭈻
ockzah	𭈾
ochjgj	𭉀
ochejn	𭉁
ockzhf	𭉂
ocihui	𭉅
ockzhf	𭉆
ockzho	𭉉
ockzzi	𭉊
ockzwj	𭉎
ockznu	𭉏
ockzxm	𭉑
ocnake	𭉒
ockzjl	𭉓
ocwwii	𭉖
ockzjp	𭉗
ockzai	𭉚
ockzuu	𭉝
ockzhc	𭉞
ockzjb	𭉟
ockzrf	𭉡
ocuhsi	𭉢
ocgokh	𭉥
ocjuii	𭉦
ockzdh	𭉧
ockzjy	𭉨
ockzbw	𭉩
ockzte	𭉪
ockzxq	𭉫
ockzli	𭉭
ockzuj	𭉮
ocycqm	𭉯
ockzwu	𭉰
ockzxn	𭉲
ockzmk	𭉳
ockzzu	𭉷
ockzna	𭉺
ockznl	𭉻
ockznj	𭉼
ockzvr	𭉾
ocheyi	𭊀
ockzna	𭊁
ockzfj	𭊃
ockzui	𭊅
ocuekz	𭊆
ocpbsi	𭊉
ockzhr	𭊍
ocvzhe	𭊐
ockzcd	𭊑
ockzyu	𭊒
ockzto	𭊕
ocyukz	𭊖
ockzdi	𭊗
ockzbu	𭊘
ockzlu	𭊛
ockzdr	𭊜
ocjyty	𭊝
ockzjl	𭊟
ocjiro	𭊡
ocmaii	𭊢
ocgepi	𭊣
ockzyy	𭊤
ociipi	𭊥
ockzff	𭊦
ockzjp	𭊪
ockzqi	𭊫
ockzbo	𭊱
ockzmf	𭊳
ockzyu	𭊷
ockzla	𭊸
ockzhj	𭊻
ocjqva	𭊼
ockzlo	𭊽
ocjkkz	𭋆
ockzzv	𭋈
ocdjdj	𭋉
ockzyr	𭋋
ockzan	𭋎
ockzvi	𭋏
ockzpi	𭋐
ockzjm	𭋑
ockzwu	𭋒
ockzyy	𭋗
ockzlu	𭋙
ocneii	𭋚
ockzyr	𭋜
ockzfu	𭋝
ockzbh	𭋞
ockzsr	𭋟
ocjiih	𭋠
ockzvf	𭋡
ockzao	𭋣
ockzmg	𭋥
ockzwu	𭋩
ockzmo	𭋫
ockzdr	𭋬
ockzss	𭋭
ockzwh	𭋮
ockznf	𭋯
ockzli	𭋰
ockzly	𭋳
ocjivh	𭋵
ockzlz	𭋶
ockzmu	𭋼
ockzmj	𭋽
ockzij	𭌂
ockzdn	𭌄
ockzlv	𭌆
ockzlm	𭌈
ocxijm	𭌊
ockzuu	𭌋
ocvejm	𭌎
ocseii	𭌐
ockzyk	𭌒
ocvjkz	𭌓
ocxuyu	𭌗
ockzqm	𭌘
ockzdu	𭌙
ockzjm	𭌝
ockzni	𭌞
ockzyi	𭌟
ocujzz	𭌠
ockzui	𭌤
ockzxy	𭌧
ockzfu	𭌯
ockzji	𭌲
ochada	𭌸
ockzlk	𭌿
ockzdh	𭍀
ocgcmo	𭍁
ockztg	𭍂
ockzij	𭍃
ockzlu	𭍆
ockzbn	𭍇
ockzls	𭍌
ockzls	𭍎
ockzdu	𭍏
ockzti	𭍑
ockzlj	𭍘
ocklji	𭍚
ocklch	𭍜
ocklqu	𭍝
ockljl	𭍟
ocfghv	𭍠
ochvge	𭍡
ocklkl	𭍢
ocklxb	𭍤
ocfghv	𭍥
ocklfh	𭍦
ocklkf	𭍧
ochviu	𭍨
ocklxm	𭍩
ocklze	𭍬
ochvho	𭍮
ocklyu	𭍯
ocklhk	𭍰
ocgojp	𭍲
ocklzg	𭍳
ocklqm	𭍴
ocklsr	𭍵
ocgoho	𭍷
ockljq	𭍸
ocrftu	𭍺
octuye	𭍽
octuvi	𭍾
octukd	𭍿
ocuitu	𭎁
octucs	𭎂
octuyb	𭎃
octuqp	𭎄
octuli	𭎅
octuwd	𭎉
ocbdtu	𭎊
octuva	𭎌
ocyztu	𭎍
octuif	𭎏
octusi	𭎒
octuzc	𭎓
octuci	𭎔
oczitu	𭎗
octufz	𭎘
octuhj	𭎚
octuyu	𭎛
octuuz	𭎜
octuty	𭎝
octudz	𭎞
octufz	𭎟
octuzu	𭎣
octuss	𭎥
ocmutu	𭎦
octudm	𭎧
octuwo	𭎨
octulu	𭎩
octubn	𭎫
octuxk	𭎬
ochutu	𭎭
ocmktu	𭎮
octuji	𭎰
octujb	𭎱
ocyetu	𭎲
ocbktu	𭎴
octuzd	𭎶
octuye	𭎸
octumm	𭎹
octuyu	𭎺
octugf	𭎼
octusz	𭎾
ocivtm	𭏀
ochftu	𭏂
ochgtu	𭏃
ocqxtu	𭏄
octudi	𭏅
ocjntu	𭏇
octurz	𭏋
octuqi	𭏎
ochztu	𭏑
octuhz	𭏒
ocjytu	𭏓
octudp	𭏔
octuxi	𭏖
octuuk	𭏗
octuss	𭏘
ocngtu	𭏙
ociutu	𭏚
octubj	𭏜
ocwuzo	𭏞
octuth	𭏠
octuya	𭏡
ocdetu	𭏢
octuzc	𭏤
octuji	𭏥
octugd	𭏦
ocjttu	𭏪
ocihtu	𭏭
oczoww	𭏯
ocyrtu	𭏰
octulh	𭏱
ocviyi	𭏲
octutu	𭏴
ocqbtu	𭏶
ocyrtu	𭏷
octuyi	𭏸
ocsutu	𭏺
ocxbtu	𭏻
octuwf	𭏾
ocngzo	𭏿
octulv	𭐁
octgtu	𭐂
ocfjtu	𭐃
octudo	𭐄
ocjbmm	𭐅
ocycjm	𭐆
octumu	𭐇
octuhv	𭐈
ocduji	𭐊
ochotu	𭐋
octulj	𭐌
ocmogj	𭐑
ocuijx	𭐒
ocyifz	𭐚
ocwfdz	𭐞
ocxlyz	𭐟
ocvgwf	𭐠
ocbiwf	𭐡
ocwfqy	𭐤
oclbwf	𭐧
oclkvu	𭐨
ocqymz	𭐩
ocqyqy	𭐪
oclkpz	𭐭
ocqmyz	𭐰
ocxxfj	𭐲
ocxiyb	𭐵
ocdoyz	𭐶
ocxivz	𭐷
ocdoto	𭐹
ocyerf	𭐺
ocyeyy	𭐻
ocsvbw	𭐼
ocdold	𭐽
ocdojx	𭐾
ocyehj	𭐿
ocyeyc	𭑁
ocjqda	𭑂
ocdayu	𭑃
ocxsda	𭑄
octmyy	𭑆
octmyy	𭑇
octmtm	𭑈
ocfuju	𭑌
oclvda	𭑍
octzdz	𭑎
ocuimu	𭑐
ocbotd	𭑓
oclpui	𭑔
ocjrui	𭑖
ocfuvo	𭑘
octmmf	𭑙
ocycpg	𭑚
octzfz	𭑛
ocjxgv	𭑝
ocdagr	𭑠
ocdmvh	𭑢
ocuedo	𭑥
ocpnkx	𭑦
ocnvbu	𭑧
ocbanv	𭑨
ocndnv	𭑩
ocnvdc	𭑪
ocnvmp	𭑫
ocnvwh	𭑬
ocsinv	𭑭
ocnvnq	𭑮
ocnvmu	𭑰
ocnvjx	𭑱
ocnvjs	𭑳
ocnvmc	𭑴
ocyznv	𭑵
ocrznv	𭑶
ocnvzc	𭑷
ocnvns	𭑸
ocnvgr	𭑹
ocnvjp	𭑺
ocnvxx	𭑻
ocnvdd	𭑼
ocnvmf	𭑽
ocnvxk	𭑾
ocnvff	𭒄
ocnvye	𭒅
ocnvmn	𭒈
ocnvqr	𭒉
ochcan	𭒊
ocjmgj	𭒋
ocycyc	𭒍
oclqnv	𭒐
ocbonv	𭒕
ocmbnv	𭒘
ocnvmi	𭒛
ocnvif	𭒜
ocjlnv	𭒝
ocnvjq	𭒥
ocnvyj	𭒦
ocnvwo	𭒨
ocnvyz	𭒩
ocnvuu	𭒫
oclzzi	𭒰
ocbcyk	𭒲
ocnvlr	𭒵
oczidk	𭒶
oczier	𭒷
oczisi	𭒸
oczili	𭒹
oczifj	𭒺
ocziyi	𭒻
ocziji	𭒼
ocziqp	𭒽
oczijx	𭒾
ocziug	𭒿
oczilj	𭓀
oczizd	𭓁
oczisi	𭓂
oczike	𭓃
oczibc	𭓄
oczifu	𭓅
oczivi	𭓆
ocziwu	𭓈
ocziqk	𭓉
ocziqi	𭓊
ocuhzi	𭓋
oczily	𭓌
ocziyi	𭓍
oczifu	𭓏
ocziyk	𭓐
oczisi	𭓑
ocziui	𭓒
ocxtiz	𭓓
oczivu	𭓖
ocziuu	𭓙
ocxtgr	𭓚
ocfuts	𭓜
ocbcuj	𭓞
ocbcya	𭓟
ocbcwu	𭓠
ocbcba	𭓡
ocbcys	𭓢
ocbcgj	𭓣
ocbcbu	𭓤
ocbcvj	𭓥
ocbche	𭓦
ocbclj	𭓨
ocbcgl	𭓪
ocbczi	𭓫
ocbcir	𭓬
ocbcxq	𭓭
ocbclc	𭓮
ocbcue	𭓯
ocbcjn	𭓲
ocbcdc	𭓴
ocbcvo	𭓶
ocbcgo	𭓸
ocbcmi	𭓻
ocbcfa	𭓼
ocbcyj	𭔂
ocbcxx	𭔆
ocyini	𭔇
ocyiyi	𭔈
ocbcgv	𭔉
ocbcmb	𭔍
ocbcxi	𭔎
ocbcic	𭔐
ocyiwo	𭔒
ocbcjn	𭔓
ocbcdm	𭔕
ocbcyr	𭔚
ochdjk	𭔛
ocnkye	𭔞
ochdks	𭔠
ocbcqn	𭔣
ocnkyy	𭔤
ocnkge	𭔦
ocnkye	𭔧
ocnkww	𭔨
ocwjcy	𭔩
ocpicy	𭔪
ocdicy	𭔭
ocdocy	𭔯
ocdzcy	𭔰
ocjicy	𭔲
ocdeye	𭔳
octocy	𭔴
ocufcy	𭔶
oclhcy	𭔻
ocyicy	𭕀
oczvcy	𭕁
ocyrcy	𭕂
ocxnji	𭕅
ocxnbw	𭕆
octmxn	𭕇
ocdhdk	𭕈
oclixn	𭕉
ocxnyi	𭕊
ocxnyi	𭕌
ocwutm	𭕎
ocuikl	𭕔
ocuibf	𭕕
ocuiba	𭕖
ocniye	𭕗
ocuimu	𭕘
ocuidi	𭕚
ocuiis	𭕛
ocuixl	𭕜
ocwwye	𭕟
ocuiiv	𭕠
ociiii	𭕢
ocuiju	𭕣
ocuize	𭕤
ocuixx	𭕥
ocuiii	𭕦
ocwwyi	𭕧
ocwwge	𭕨
ocuigv	𭕩
ocuiui	𭕪
ocuitu	𭕫
ocjulc	𭕮
ocnixi	𭕱
ocuiyj	𭕵
ocjuqm	𭕻
ocjujm	𭕽
ocujsj	𭖁
ocujyu	𭖂
ocujjq	𭖃
ocujxx	𭖄
ocujee	𭖆
ocujvi	𭖇
ocujyb	𭖉
ocujwa	𭖋
ocujdj	𭖌
ocujqp	𭖍
ocujpm	𭖎
ocujfu	𭖐
ocujbi	𭖑
ocujvu	𭖒
ocjxuj	𭖔
ocujkl	𭖕
ocujbd	𭖖
ocujzd	𭖘
ocujgl	𭖙
ocujdo	𭖚
ocujhc	𭖝
ocujda	𭖟
ocujjy	𭖠
ocujke	𭖡
ocujfu	𭖢
ocujjs	𭖣
ocujgu	𭖦
ocujwh	𭖧
ocujqy	𭖨
ocujxk	𭖩
ocujdu	𭖪
ocujug	𭖬
ocujvo	𭖭
ocujyj	𭖮
ocytda	𭖯
ocujto	𭖰
ocujju	𭖱
ocujug	𭖶
ocujji	𭖷
ocujdy	𭖹
ocujji	𭖻
ocqquj	𭖽
ocujhg	𭖿
ocujve	𭗀
ocujhr	𭗁
ocghgl	𭗂
ocujdc	𭗃
ocujsy	𭗅
ocujyi	𭗆
ocujqt	𭗋
ocujtm	𭗌
ocujvh	𭗍
ocluuj	𭗎
ocujmi	𭗏
ocujgj	𭗐
ocujvv	𭗔
ocujxi	𭗖
ocujyk	𭗗
ocujfu	𭗚
ocujww	𭗛
ocujjt	𭗜
ocujjb	𭗝
ocujgj	𭗠
ocujyu	𭗢
ocujyr	𭗤
ocujqm	𭗥
ocanyc	𭗧
ocujlv	𭗫
ocujyj	𭗬
ocujtj	𭗮
ocujhg	𭗯
ocujnk	𭗰
ocsvuj	𭗱
ocujxm	𭗴
ocujnp	𭗵
ocujch	𭗶
ocirqi	𭗺
ociruj	𭗼
ocirtm	𭗽
ocirxs	𭗾
ocirdd	𭗿
ocqyir	𭘁
ocvegs	𭘂
ocgsxx	𭘃
ocgswu	𭘄
ocgsuc	𭘅
ochgzo	𭘆
ocgsge	𭘇
ocjujb	𭘈
oczoer	𭘉
ocyzsi	𭘋
ocyzsi	𭘌
ocifji	𭘍
ocgsxl	𭘎
ocbala	𭘏
ocxtjb	𭘒
ocjbwu	𭘓
ocjbwu	𭘔
ocjbww	𭘕
ocjbgu	𭘖
ocjblk	𭘘
ocjbta	𭘙
ocjbtd	𭘚
ocjbgl	𭘜
ocjbvd	𭘝
ocjbge	𭘞
ocbufa	𭘟
ocjbjm	𭘠
oclijb	𭘢
ocwudn	𭘣
ocbudi	𭘨
ocjbyh	𭘩
ocjbww	𭘪
ocdiye	𭘬
ocjbtk	𭘭
ocbupg	𭘯
ocjbvr	𭘰
ocjbgu	𭘱
ocjbhx	𭘲
ocjbbw	𭘴
ocjbgv	𭘵
ocjkjb	𭘷
ocbobo	𭘸
ocbulo	𭘹
ocyivz	𭘺
ocdier	𭘽
ocwuer	𭘾
ocgjqu	𭘿
ocgjvj	𭙀
ocpkwf	𭙁
ocnmbi	𭙂
ocgjll	𭙃
ocnmpz	𭙄
ocnmbw	𭙅
ocbwnm	𭙆
ocbkzg	𭙇
ocycve	𭙈
ocveyc	𭙉
ocycdk	𭙊
ocycyy	𭙋
ocglji	𭙍
ocglyz	𭙎
ocglln	𭙏
ocglqi	𭙐
ocglzi	𭙒
ocglyz	𭙓
ocgluu	𭙔
ocgluz	𭙕
ocglyc	𭙖
ocglyh	𭙘
ocglyi	𭙚
ocglgl	𭙛
ocglgg	𭙜
ocglmw	𭙝
ocglhj	𭙞
ocglyi	𭙠
ocglys	𭙡
ocgler	𭙢
ocgliv	𭙣
ocglfu	𭙦
ocglbj	𭙩
ocdiyi	𭙪
ocglia	𭙭
ocgluz	𭙲
ocgldj	𭙴
ocglfu	𭙷
ocgllb	𭙸
ocglls	𭙹
ocgllp	𭙻
ocglxi	𭙼
ocmaqu	𭙽
ocglwj	𭙿
ocgluj	𭚎
ocvippna	𭚓
ocvifg	𭚔
ocviug	𭚕
ocdvcc	𭚖
ocnsgl	𭚙
ocfucc	𭚚
ocnsqr	𭚛
ocmacc	𭚜
ocbmjt	𭚞
ocyikl	𭚡
oclkyi	𭚢
ocyijb	𭚣
ocdmve	𭚥
ocgsgl	𭚦
ocgsuu	𭚧
ocgsgj	𭚩
ocgsii	𭚪
ocgsvf	𭚫
ocgsji	𭚬
ocybni	𭚭
ocgsmk	𭚮
ocrugs	𭚯
ocgsyu	𭚰
ocgsky	𭚲
ocgshs	𭚴
ocgsmn	𭚵
ocgsmm	𭚷
ocgsbo	𭚺
ocgsye	𭚻
ocgsbw	𭚽
ocdilk	𭚾
ocgsqm	𭚿
ocgswu	𭛀
ocgsyi	𭛃
ocgsti	𭛆
ocroys	𭛇
ocgsdj	𭛈
ocgssv	𭛉
ocdijx	𭛊
ocxtmc	𭛍
ocxtni	𭛎
ochudz	𭛏
ocxtzu	𭛐
ochujp	𭛑
ocxtjy	𭛒
ocysuj	𭛓
ocyruj	𭛔
ocicuj	𭛘
ocgouj	𭛙
ocxuuj	𭛚
ocrfqm	𭛜
ocrfyu	𭛞
ocrfqu	𭛟
ocrfjs	𭛡
ocrfqq	𭛢
ocrfvc	𭛤
ocrfjx	𭛥
ocrffj	𭛦
ocrflw	𭛧
ocrfci	𭛨
ocrfbo	𭛫
ocrfzu	𭛬
ocrfxi	𭛭
ocrfqk	𭛯
ocxkqu	𭛰
ocrfmm	𭛱
ocrfly	𭛴
ocrfjk	𭛵
ocrfvo	𭛶
ocrffu	𭛷
ocrfqi	𭛸
ocrfqq	𭛻
ocrfuz	𭛼
ocrfyi	𭛽
ocrfjq	𭛾
ocrfmb	𭛿
ocrfds	𭜀
ocrfih	𭜂
ocrflc	𭜃
ocrffa	𭜄
occsvs	𭜅
ocrfye	𭜆
ocrfgl	𭜉
ockvxb	𭜋
ocxbwj	𭜌
ocmexb	𭜍
ocxbwu	𭜐
ocgsxb	𭜑
ocxbee	𭜒
ocxbze	𭜔
ocxbkd	𭜕
ocxbzi	𭜖
ocxbdj	𭜗
ocxbmb	𭜛
ocxbmu	𭜜
ocyexb	𭜝
ocxbui	𭜟
ocxbbm	𭜢
ocsixb	𭜨
ocgfxb	𭜩
ocisxb	𭜫
ocxbzc	𭜬
ocjrxn	𭜮
ocbkxb	𭜯
ocxbxn	𭜸
ocxpxb	𭜺
ocxbve	𭜻
ocxbbw	𭜼
ocxbnj	𭜽
ocxbbk	𭜾
ocfhxb	𭝁
ocxbfu	𭝂
ocxbhj	𭝃
ocxbjq	𭝄
ocxbxb	𭝅
ocffxb	𭝇
ocxbjy	𭝈
ociyxb	𭝉
oclkxb	𭝊
ocxblk	𭝋
ocfunm	𭝌
ocndxb	𭝍
ocxbnd	𭝎
ocxbll	𭝏
ocuhxb	𭝒
ocxbmk	𭝕
ocfuxb	𭝖
ocxbff	𭝗
ociuxb	𭝘
ocboxb	𭝙
oczsxb	𭝛
ocsivi	𭝝
ockkge	𭝞
ocxbju	𭝟
ocldxn	𭝠
ochzxb	𭝡
ocxbyu	𭝣
ocyexb	𭝤
occixb	𭝥
ocvuxb	𭝦
ocxbyr	𭝧
ocxbku	𭝩
ocxbyr	𭝪
ocgfxb	𭝫
ocxbnt	𭝬
ocxbyr	𭝭
ochfxb	𭝮
ocnmbf	𭝯
ocbcxb	𭝱
ochoxb	𭝴
octkxb	𭝵
ocxbso	𭝻
ocxbhv	𭝽
ocwfxb	𭝾
ocxbui	𭝿
ocvxkf	𭞀
ocyzrf	𭞂
ocxuxb	𭞃
ocxbai	𭞄
ocxbss	𭞅
ocxbxn	𭞆
octkbi	𭞇
ocwwxb	𭞈
octvxb	𭞓
oceeiu	𭞔
ocxbiu	𭞚
octnxb	𭞝
ocxbdi	𭞟
ocxbuh	𭞡
ocxbdi	𭞣
ocwuxb	𭞤
ocjixb	𭞧
ocxbee	𭞪
ocxbiu	𭞭
oczvxb	𭞮
ocxbju	𭞯
ocreye	𭞱
ocjkxb	𭞳
ocxbzy	𭞵
ocxbil	𭞶
ocxbjb	𭞷
ocxbjx	𭞼
ochufu	𭞿
ocxbch	𭟇
ocxbge	𭟉
ocnkxb	𭟋
ocjmxb	𭟌
ocxbmd	𭟐
ocxbmo	𭟒
ocxbmo	𭟓
ocigxb	𭟕
ocxbhc	𭟖
ocxbdi	𭟗
ocxbho	𭟙
ocsihr	𭟜
ocxbjk	𭟝
oclmxb	𭟠
oczcxb	𭟡
ocxbcu	𭟣
oczaxb	𭟦
ocxbls	𭟬
ocgehg	𭟮
octuge	𭟯
ocgevi	𭟰
occsge	𭟲
ocjsge	𭟳
ocgejn	𭟵
ochoig	𭟻
ocujge	𭟽
ochuve	𭟿
ochugs	𭠀
ochulq	𭠁
ochuba	𭠃
ochugu	𭠄
ochubc	𭠆
ocfhfh	𭠈
ocujpi	𭠊
ocujua	𭠋
ocbmqm	𭠌
ocqipp	𭠍
ocuzyz	𭠎
ocuzxx	𭠏
ocuzzi	𭠒
ocuzff	𭠓
ocuzjb	𭠔
ocuzwu	𭠕
ocuziz	𭠖
ocuzyz	𭠗
ocuzye	𭠙
octzve	𭠚
ocuzyz	𭠞
ocuzsi	𭠟
ocdayy	𭠢
ocuzzd	𭠣
ocuzhx	𭠤
ocuzyz	𭠥
oclpuz	𭠧
ocuzxk	𭠩
ocuzzi	𭠪
ocuzhe	𭠫
ocuzmk	𭠬
ocuzuz	𭠰
ocuzhs	𭠲
ocuzke	𭠳
ocuzns	𭠴
ocuzvi	𭠶
ocuzuz	𭠸
ocuzjm	𭠺
ocuzbp	𭠻
ocuzgh	𭠽
ocuzdu	𭠾
ocuzww	𭠿
ocuzis	𭡀
ocuzlr	𭡃
ocuzxb	𭡄
ocuzqs	𭡅
ocuzyk	𭡆
ocuzna	𭡇
ocmwuz	𭡋
ocbdxx	𭡍
ocuzky	𭡎
ocuzgv	𭡏
ocuzwh	𭡐
ocuzvz	𭡒
ocuzjb	𭡕
ocuzjq	𭡗
ocuzpb	𭡘
ocuzjm	𭡙
ocuzfa	𭡚
ocuzuf	𭡜
ocuzhj	𭡝
ocuzfg	𭡞
ocuznd	𭡠
ocuzdu	𭡡
ocuzze	𭡤
ocuzxk	𭡦
ocuzah	𭡧
ocuzxb	𭡩
ocuzfu	𭡪
ocuzdu	𭡫
ocuzyi	𭡬
ocuzho	𭡭
ocdzuf	𭡮
ocuzji	𭡰
ocuzxx	𭡲
ocuzqi	𭡳
ocuzvj	𭡴
ocuzee	𭡵
ocuzcc	𭡶
ocdjjx	𭡹
ocuzgh	𭡺
ocuzxn	𭡻
ocuzlq	𭡼
ocuzig	𭡽
ocuzqi	𭡾
ocuzan	𭢀
ocuzmi	𭢁
ocuzzo	𭢂
ocuzso	𭢃
ocuzqm	𭢇
ocuzfg	𭢊
ocuzpj	𭢋
ocuztn	𭢌
ocuzli	𭢍
ocuzxq	𭢎
ocuzqr	𭢐
ocuzve	𭢑
ocuzxu	𭢒
ocuzvh	𭢓
ocuzgd	𭢕
ocuzti	𭢗
ocuzqi	𭢘
ocuzcd	𭢚
ocuzjb	𭢜
ocuzla	𭢝
ocuzpu	𭢞
ocuzdd	𭢡
ocuzjx	𭢤
ocuzlo	𭢥
ocuzkv	𭢦
ocuzbw	𭢨
ocuzle	𭢫
ocuzbm	𭢬
ocuzxb	𭢭
ocuzse	𭢲
ocuzsv	𭢴
ocuzqm	𭢵
ocuzbi	𭢷
ocuzvs	𭢸
ocuzme	𭢹
ocuzdr	𭢺
ocuzmi	𭢼
ocmoye	𭢽
ocuzmo	𭣀
ocuzuh	𭣁
ocgcvh	𭣂
ocuzlj	𭣄
ocuzyj	𭣅
ocuzdm	𭣇
ocuzqb	𭣋
ocuzhd	𭣌
ocuzxt	𭣍
ocuzmi	𭣐
ocmoyu	𭣒
ocjlvi	𭣖
ocvivi	𭣗
ocvibc	𭣘
octkvi	𭣙
ocvivi	𭣛
octhvi	𭣜
ocvdvi	𭣟
ocqmvi	𭣠
oclnwf	𭣡
ocjlwf	𭣣
ocddwf	𭣤
ocuiwf	𭣥
ociuwf	𭣦
ociiwf	𭣨
ociuwf	𭣩
occipu	𭣯
ocuawf	𭣱
ocdvpu	𭣳
ocuupu	𭣴
ocvzwf	𭣶
ocxlpu	𭣸
ocgsfh	𭣺
ocfwwf	𭣻
ocdypu	𭣽
ocjpwf	𭤀
ocgewf	𭤃
ocvhwf	𭤊
ocxlwf	𭤑
ocqupu	𭤒
ocwfjb	𭤔
ocwfui	𭤕
ocvgwf	𭤖
ocwfvg	𭤗
ocwfdj	𭤘
ocmbwf	𭤙
ocwfgj	𭤚
ocmodz	𭤞
ocjbhg	𭤟
ocqmjb	𭤠
ocjbui	𭤢
ocuujb	𭤦
ochgli	𭤧
ocfhrf	𭤨
ocfhsi	𭤩
ocfhvs	𭤫
ocfhpm	𭤬
ocfhgj	𭤭
ocfhug	𭤯
ocfhfj	𭤱
ocfhbj	𭤲
ocfhli	𭤳
ocdifh	𭤵
ocfher	𭤶
ocfhxk	𭤷
ocyurf	𭤹
ocfhjk	𭤼
ocfhqu	𭤾
ocfhyr	𭤿
ocfhpk	𭥀
ocfhph	𭥁
ocfhxr	𭥄
ocfhge	𭥅
ocfhdj	𭥆
ocfher	𭥇
ocphan	𭥈
ocfhyh	𭥉
ocjifg	𭥊
ocrive	𭥋
ocridk	𭥌
ocrfri	𭥍
ocsiri	𭥎
ocrida	𭥏
ocrigs	𭥐
ocrixi	𭥑
ocriyy	𭥓
ocriyc	𭥔
ocriwh	𭥕
ocriyr	𭥖
ocriri	𭥗
ocrikh	𭥙
ocriuv	𭥚
ocriks	𭥛
ociiri	𭥜
ocriyb	𭥞
ocriyy	𭥠
oczcqi	𭥡
ocriys	𭥢
ocbwri	𭥣
ocrijs	𭥤
ocrili	𭥩
ocrilj	𭥪
octmri	𭥫
ocppve	𭥬
ocrito	𭥮
ocriyz	𭥯
ocrikl	𭥰
ocrido	𭥱
ocrivi	𭥲
ocrizc	𭥳
ocrige	𭥵
ocrixq	𭥶
ocriue	𭥹
ocrijl	𭥺
ocrimi	𭥻
ocriyi	𭥼
ocrixk	𭥽
ocriyi	𭥾
ocrigf	𭦂
ocrins	𭦄
ocrida	𭦆
ocrimh	𭦇
ocrinj	𭦉
ocrifu	𭦊
ocriyj	𭦋
ocrizo	𭦎
ocrili	𭦏
ocribh	𭦐
ocrijq	𭦒
ocrilq	𭦓
ocrigd	𭦔
ocriqy	𭦕
ocwfbc	𭦗
ocufbk	𭦘
ocrind	𭦛
ochjlk	𭦝
oczcxm	𭦞
ocriug	𭦠
ocrixb	𭦡
ocrijr	𭦣
ocridk	𭦤
ocrifu	𭦥
ocrilu	𭦧
ocycri	𭦫
ocrivf	𭦬
ocrikv	𭦭
ocuiui	𭦯
ocvifu	𭦰
ocriro	𭦲
ocrimm	𭦴
ocrihf	𭦶
ocxknw	𭦷
ocriyu	𭦺
ocriyk	𭦻
ocrihf	𭦼
ocridi	𭦽
ocrill	𭦾
ocrigs	𭧂
oczcuz	𭧃
ochjll	𭧄
ocrisu	𭧅
ocrivi	𭧇
ocrire	𭧈
ocridh	𭧋
ocrihl	𭧌
ocrili	𭧍
ocrixi	𭧎
ocriyc	𭧏
ochequ	𭧑
ocrilm	𭧒
oczcll	𭧓
ocrilz	𭧖
ocxmuz	𭧗
ocrinn	𭧘
ocrizc	𭧙
ocyikk	𭧚
ocrili	𭧜
ocvikv	𭧝
ocridi	𭧞
ocjkjq	𭧟
ocrikh	𭧠
ocriue	𭧤
ocribf	𭧥
ocuiwo	𭧦
ocribo	𭧧
ocriih	𭧨
ocricv	𭧩
ocrihw	𭧪
ocrigv	𭧫
ocrijn	𭧭
ocxkli	𭧰
ocripu	𭧱
ocriyj	𭧲
ocrixm	𭧴
ocrivu	𭧶
ocrixp	𭧸
ocyiui	𭧺
ocxklc	𭧻
ocxknc	𭧼
ocrijm	𭧿
ociyir	𭨀
ocrier	𭨁
ocxivf	𭨂
ocxkdi	𭨅
ocriyb	𭨆
ocrijk	𭨇
ocrirv	𭨈
ocritd	𭨉
ocrimo	𭨊
ocllho	𭨎
ocxmhl	𭨏
ocrily	𭨑
ocrilo	𭨒
ocrixm	𭨓
ocviuj	𭨔
ocrilj	𭨕
ocqukv	𭨙
ocwdri	𭨚
ocqujb	𭨛
ocquge	𭨜
ocbjri	𭨞
oczgcd	𭨟
ocuuui	𭨡
ocrily	𭨣
ocyter	𭨤
ocytln	𭨥
ocytge	𭨦
ocytgs	𭨧
ocyyyt	𭨨
ocytkd	𭨩
ocytvi	𭨪
ocytjp	𭨫
ocytho	𭨬
ocytyb	𭨭
ocytui	𭨮
ocytyi	𭨳
ocytjm	𭨶
ocythe	𭨸
ocytwu	𭨹
ocytue	𭨻
ocjmba	𭨼
ocytmk	𭨽
ocbmyt	𭨿
ocgupg	𭩀
ocytve	𭩁
ocytxl	𭩆
ocpgks	𭩇
ocytai	𭩊
ocwhwh	𭩌
ocytyj	𭩏
ocytwu	𭩐
ocytvf	𭩒
ocwhmg	𭩔
ocwhyi	𭩕
ocmuve	𭩘
ocmuxx	𭩙
ocmuyi	𭩚
ocmumf	𭩛
ocmuwh	𭩜
oculmu	𭩞
ocjumu	𭩢
ocmuqn	𭩣
ocmuwu	𭩤
ocmuka	𭩦
ocmuwu	𭩨
ocmuts	𭩫
ocmuta	𭩬
ocuage	𭩭
ocmunu	𭩯
ocmufa	𭩰
ocrimu	𭩱
ocmuig	𭩴
oclpmu	𭩶
ocmumk	𭩹
ocmimu	𭩼
ocmumi	𭩽
ocffmu	𭪃
ocmumd	𭪄
ocmugo	𭪆
ocmuty	𭪇
ocuuqu	𭪈
ocdoke	𭪋
ocmuzo	𭪌
ocuaka	𭪍
ocuayz	𭪎
ocmuyj	𭪐
ocwhlb	𭪑
ocmumf	𭪓
ocmuzi	𭪔
ocmuvi	𭪘
oclbqr	𭪝
ocmujp	𭪞
ocmumb	𭪟
ocvitn	𭪠
ocmugz	𭪡
ocmuan	𭪤
ocgojb	𭪥
ocmuyj	𭪦
ocmuyk	𭪧
ocvimu	𭪨
ocmuvi	𭪩
oclimu	𭪪
ocfglb	𭪫
ocuagl	𭪬
ocwhye	𭪭
ocbomu	𭪰
ocuvlb	𭪳
ocgoju	𭪹
ocgovf	𭪻
ocmujq	𭪾
occiuu	𭪿
ocmugv	𭫀
ocvcmu	𭫁
ocbcmu	𭫄
ocdumu	𭫅
ocmudu	𭫆
ocuazo	𭫇
ocmuai	𭫊
ocshuh	𭫌
ocuumu	𭫔
ocmuui	𭫙
ocldld	𭫝
ocmuue	𭫠
ocmujq	𭫣
ocmule	𭫤
ocdsyu	𭫧
ocmuvl	𭫨
oclumu	𭫪
occdnj	𭫫
ocmiye	𭫮
ocmuuh	𭫶
ocjxge	𭫹
ocmuce	𭬂
ocmula	𭬄
ocbimu	𭬅
ocmuls	𭬇
ocmudm	𭬋
ocmumm	𭬌
ocmuys	𭬎
ockdge	𭬐
ocmuli	𭬒
ocmumk	𭬖
ocmufu	𭬙
ocybmu	𭬚
ocmuch	𭬝
ocmufj	𭬣
ocmugu	𭬨
ocmuvj	𭬪
ocmuii	𭬱
ocwuji	𭬲
oclblm	𭬴
ocmuyk	𭬶
ocmuqt	𭬸
ocmuyr	𭬻
ocmubo	𭬾
ocbuqm	𭭄
ocyrqm	𭭅
ocrsqm	𭭆
occiqm	𭭇
ocyaqm	𭭈
ocjnqm	𭭉
ocmkqm	𭭊
ocyhqm	𭭋
ocdvqm	𭭌
ocyiqm	𭭐
ocwfqm	𭭑
ocjbqm	𭭒
ocxtqm	𭭗
ocvgve	𭭘
ocviji	𭭙
ocvipu	𭭛
ocvijb	𭭜
ocviho	𭭝
ocviqp	𭭞
ocvisi	𭭟
ocyzvi	𭭠
ocviwu	𭭢
ocvizu	𭭤
ocviqk	𭭦
ocviqi	𭭨
ocwuke	𭭫
ocwuwo	𭭯
ocvijb	𭭵
ocviqm	𭭶
ocviyi	𭭷
ocwuge	𭭸
ocwugj	𭭹
occifu	𭭺
ocddbi	𭭽
ocddbi	𭭾
ocddqn	𭭿
ocddsi	𭮀
ocddsi	𭮁
ocddvi	𭮂
ocdddz	𭮃
ocddyb	𭮅
ocddvj	𭮆
ocdduf	𭮇
ocddgl	𭮋
ocddxs	𭮌
ocddbk	𭮎
ocddvd	𭮏
ocddsi	𭮑
ocddii	𭮒
ocsimb	𭮓
ocddli	𭮔
ocddhj	𭮕
ocddwu	𭮗
ocddys	𭮛
oclbsi	𭮜
ocyyve	𭮝
ocddtj	𭮠
ocddqn	𭮡
ocddjm	𭮣
ocdder	𭮤
ocddxu	𭮥
oceeuu	𭮨
ocbduu	𭮩
ocjiuu	𭮪
ocdvuu	𭮫
ocmwuu	𭮬
ocgouu	𭮲
ocyeuu	𭮷
ocqbuu	𭮸
ocsouu	𭮹
ocuaww	𭯀
ocuabm	𭯂
ocxtuu	𭯄
ocqmfa	𭯆
ocsimu	𭯇
ocbumu	𭯈
ocbixs	𭯊
ocyabi	𭯋
ocbinm	𭯌
occibi	𭯎
ocfubi	𭯏
ockyjb	𭯐
ocyebi	𭯑
ocbumc	𭯒
ocmcbf	𭯓
ocmchv	𭯔
ocmcys	𭯕
ocmcbd	𭯖
ocmcfu	𭯗
ochemc	𭯘
ocmcll	𭯙
ocmcqy	𭯚
oclkmc	𭯛
ocximc	𭯜
ocuhmc	𭯝
ocmcpb	𭯞
ocwwll	𭯢
ocaomc	𭯣
ocmcts	𭯤
ocjxmc	𭯦
ocmcqq	𭯧
ocvdmc	𭯪
ocmcuu	𭯫
ocbkdi	𭯱
ocqiya	𭯲
ocqiyz	𭯴
ocqiqs	𭯵
ockzuv	𭯶
ocuvme	𭯷
ocuvmc	𭯹
ocuvrf	𭯺
ocystu	𭯼
ocuvwa	𭯽
ocuvda	𭯾
ocuvkj	𭯿
ocuvgs	𭰀
ocuvta	𭰃
ocuvwu	𭰄
ocnnyz	𭰇
ocuvbf	𭰉
ocuiuv	𭰋
ocuvif	𭰍
ocuvdh	𭰎
ocuvza	𭰏
ocuvua	𭰒
ocuvvd	𭰓
ocuvhc	𭰕
ocuvmd	𭰗
ocuvwu	𭰘
ocuvxx	𭰙
ocuvqt	𭰚
ocuvqi	𭰜
ocuvti	𭰟
ocuvvu	𭰠
ocuvqn	𭰡
ocuvlu	𭰢
ocbatd	𭰣
ocuvfh	𭰤
ocuvji	𭰥
ocuvci	𭰩
ocuvla	𭰪
ocuvmm	𭰫
ocqiuv	𭰭
ocuvqu	𭰮
ocuvlk	𭰰
ocuvyr	𭰳
ocworf	𭰶
ocuvmk	𭰷
ocboye	𭰿
ocuvgr	𭱀
oclduv	𭱁
ocfatm	𭱇
ocuvnd	𭱈
ocqqgg	𭱉
ocuvxl	𭱊
ocuvyj	𭱍
oclwyt	𭱑
ocuvyz	𭱒
ocuvfu	𭱘
ocuvxi	𭱙
oclqli	𭱛
ocuvbm	𭱝
ocuvjs	𭱞
ocxmuv	𭱡
ocuvxx	𭱣
ocuvjk	𭱧
ocuvid	𭱨
ocuvhv	𭱫
ocuvbc	𭱯
ocuviy	𭱴
ocuvai	𭱵
ocuvni	𭱶
ocuvtu	𭱻
ocuvmm	𭲀
ocuvly	𭲂
ocuvhe	𭲃
ocuvmb	𭲅
ocuvjl	𭲎
ocuvtc	𭲏
ocwwuv	𭲐
ocqkwf	𭲕
ocuvkv	𭲗
ocuver	𭲘
ocuvjk	𭲟
ocuvlm	𭲠
ocuvla	𭲢
ocuvkr	𭲨
ocuvuu	𭲫
ocuvnn	𭲰
ocuvfu	𭲽
ocuvmg	𭲿
ocuvxu	𭳀
ocyzlz	𭳂
ocuvgc	𭳇
ocuvkr	𭳈
ocuvmo	𭳉
ocuvji	𭳋
ocuvxu	𭳌
ocuvbo	𭳐
ocjqho	𭳒
ocuvyk	𭳕
ocuvya	𭳠
ocuvxk	𭳢
ocuvjm	𭳤
ochcye	𭳥
ocuvli	𭳬
ocuvfu	𭳱
ocuvxy	𭳵
ocuvgv	𭳶
ocuvmj	𭳹
ochove	𭳿
ocdkho	𭴀
ocbiho	𭴁
ochomp	𭴂
ocgsho	𭴃
ochofj	𭴄
ochowf	𭴅
ocwhho	𭴆
ocnvho	𭴇
ochoyy	𭴈
ocyyho	𭴉
ochowu	𭴊
ocriho	𭴋
ochori	𭴌
ochoiz	𭴍
ochomc	𭴎
ochoyb	𭴏
ochoii	𭴐
ochohc	𭴒
ochoui	𭴓
ocjuho	𭴔
ocjxho	𭴖
ochopi	𭴗
ocyuho	𭴘
ocvjho	𭴙
ochovi	𭴛
ochoyb	𭴜
ocirho	𭴝
ochorf	𭴞
ochoyu	𭴟
ochobk	𭴡
ocyiho	𭴢
ocanho	𭴣
ochois	𭴤
ochoqt	𭴦
ochodz	𭴧
ochoke	𭴨
ociiho	𭴩
ocyjho	𭴪
ocliho	𭴬
ocfuho	𭴮
ocyuho	𭴯
ocvoho	𭴰
ochomw	𭴱
ochoua	𭴲
ochojm	𭴳
ochona	𭴴
ochoqu	𭴻
ochoqk	𭴼
ochojs	𭴽
ocfwho	𭵀
ochofw	𭵁
ochojm	𭵅
ocboho	𭵉
ochoyu	𭵊
ockuho	𭵌
ochodi	𭵍
ochoze	𭵎
ocvfho	𭵐
ochosz	𭵕
ochoyj	𭵗
ochojy	𭵘
ocyuho	𭵙
ocziho	𭵝
ocyjqp	𭵞
ochodd	𭵟
ocggho	𭵢
ocgvho	𭵣
ochopo	𭵤
ochoiz	𭵩
ochoue	𭵪
ochotk	𭵬
ochoia	𭵭
ocjiho	𭵮
ochovg	𭵱
ocviho	𭵴
ochoug	𭵵
ochoao	𭵶
ochopu	𭵸
ochoww	𭵻
ocwwho	𭵼
ochovu	𭵽
ochoic	𭵿
ochoyy	𭶀
ochoxl	𭶆
oczuyj	𭶈
ocyrxi	𭶌
ocjkho	𭶍
ochoge	𭶎
ochogo	𭶏
ochole	𭶒
ocwwho	𭶓
ochoyu	𭶖
ochodh	𭶙
ocgcyj	𭶟
ocholq	𭶣
ocxtho	𭶧
ocholu	𭶨
ocvxjx	𭶫
ocvxzd	𭶭
ocvxbw	𭶰
ocvxyi	𭶱
ocvxbw	𭶲
ocbmvx	𭶳
ocniyr	𭶵
ocpnvx	𭶶
ocvxho	𭶹
ocfubu	𭶺
ocfukz	𭶻
ocfuie	𭶼
ocdpji	𭶽
ocpjvh	𭶾
ocjlwh	𭶿
ocjlfu	𭷀
ocpjwf	𭷁
ocpjwu	𭷂
ocjlgu	𭷃
ocpjgs	𭷄
ocpjsi	𭷅
ocpjyi	𭷇
ocpjuz	𭷈
ocpmmu	𭷉
ocpmlk	𭷊
ocpmmb	𭷋
ocuupm	𭷍
ocpmjm	𭷎
ocyawf	𭷏
ocyahc	𭷐
ocyajn	𭷑
ocyaui	𭷒
ocnqve	𭷓
ocdcnq	𭷔
ocfunq	𭷕
ocnqgz	𭷖
ocnqrf	𭷗
ocnqyy	𭷙
ocnqqp	𭷚
ocnqbd	𭷛
ocnqwd	𭷜
ocnqbc	𭷝
ocnqxt	𭷞
ocnqjl	𭷟
ocnqlc	𭷡
ocmzgu	𭷢
ocnqbf	𭷦
ocmunq	𭷧
ocnqmi	𭷩
ocmzhe	𭷪
ocmzji	𭷬
ocnqve	𭷭
ocnqvr	𭷰
ocnqmo	𭷱
ocmzxm	𭷲
ocnqmb	𭷴
ocnqlo	𭷷
ocqrdk	𭷸
ocqrvh	𭷹
ocqrrs	𭷻
ocqrjp	𭷼
ocqrnq	𭷽
ocqrdz	𭷾
ocqrsi	𭷿
ocqrwu	𭸀
ocufqr	𭸁
ocqrtz	𭸃
ocqrer	𭸄
ocqrrz	𭸆
ocqrzi	𭸇
ocqryi	𭸈
ocqrwu	𭸊
ocuuqr	𭸋
ocqrmd	𭸌
ocqrna	𭸐
ocqrrf	𭸑
ocqrlb	𭸓
ocqrye	𭸕
ocqrye	𭸗
ocqrmz	𭸘
ocqrmc	𭸙
ocqrxm	𭸚
ocqrmc	𭸛
ocqrbm	𭸝
ocqrdr	𭸞
ocqrjm	𭸠
ocqrni	𭸢
ocdubc	𭸤
ocqrsi	𭸨
ocqryt	𭸩
ocizhz	𭸫
ocqrfu	𭸬
ocqruu	𭸭
ocqrma	𭸱
ocvumz	𭸲
ocqrxy	𭸳
ocwhdc	𭸵
ocwhmc	𭸶
ocwhvi	𭸷
ocwhfj	𭸸
ocwhrf	𭸹
ocwhyc	𭸺
ocwhui	𭸻
ocwhju	𭸾
ocwhwu	𭸿
ocwhdi	𭹁
ocwhta	𭹂
ocwhmu	𭹃
ocwher	𭹄
ocwhrf	𭹆
ocwhjl	𭹇
ocwhjm	𭹈
ocwhjq	𭹉
ocxkyu	𭹊
ocwhvd	𭹋
ocwhqt	𭹌
ocwhii	𭹍
ocjxyu	𭹎
ocwhbm	𭹏
ocwhyz	𭹐
ocwhwf	𭹓
ocviwh	𭹖
ocwhbn	𭹙
ocwhfh	𭹛
ocwhlo	𭹜
ocujcy	𭹝
ocwhbo	𭹢
ocwhge	𭹤
ocwhnt	𭹦
ocwhhe	𭹨
ocwhgs	𭹫
ocfjwh	𭹬
ocwhiu	𭹰
ocwhzc	𭹱
ocwhli	𭹳
ocwhyh	𭹴
ocwhve	𭹶
ocwhmb	𭹺
ocwhzy	𭹼
ocwhdm	𭺀
ocwhww	𭺁
ocwhsi	𭺂
ocwhli	𭺊
ocwhmi	𭺋
ocboye	𭺌
ocwhww	𭺎
ocwhho	𭺑
ocwhyk	𭺓
ocgxba	𭺗
ocgxba	𭺘
ocgogx	𭺙
ocgxgo	𭺚
ocwajp	𭺝
ocwaji	𭺞
ocwais	𭺟
ocwwwa	𭺠
ocjnwa	𭺡
ocways	𭺢
ocwazu	𭺣
ocqiwa	𭺤
ocxbwa	𭺦
ocanwa	𭺧
ocluwa	𭺨
ocykwa	𭺩
ocgjvi	𭺬
octhkz	𭺮
ocgjwj	𭺯
ocbjgj	𭺰
ocujug	𭺱
ockzug	𭺲
ocugwj	𭺳
ocugli	𭺴
ocuggg	𭺵
ocugqm	𭺷
ocuiys	𭺸
ocysnd	𭺹
ocysds	𭺻
ocfuvr	𭺼
octmyz	𭺿
octmge	𭻀
octmvi	𭻁
ocxntm	𭻂
octmff	𭻃
ocufyb	𭻄
octmsi	𭻅
octmba	𭻆
octmgu	𭻇
ocqujx	𭻈
ocppfu	𭻉
ocxitm	𭻌
ocyatm	𭻍
ocjxlp	𭻎
ocsitm	𭻏
ocgftm	𭻓
octmld	𭻔
octmli	𭻕
octmxi	𭻖
octmgu	𭻗
octmdi	𭻘
ocvunj	𭻙
ocnjbc	𭻚
ocdjjx	𭻛
octmlb	𭻜
octmyj	𭻞
ocnjzd	𭻟
ocbiye	𭻠
ocfusi	𭻢
ocfjbu	𭻣
ocnjna	𭻤
octmgs	𭻥
ocfufu	𭻧
ocfjfj	𭻫
ocfjji	𭻬
ocbwtm	𭻭
ocnjzd	𭻮
octmfj	𭻱
ocpiye	𭻲
octmyi	𭻳
octmbc	𭻶
oclqyc	𭻷
ocdhvf	𭻺
ocfjkk	𭻻
ocrfpi	𭻾
ocpiyu	𭼄
ocbkwh	𭼆
ocbkhx	𭼇
ocbkbd	𭼈
ocbkwj	𭼉
ocbkgs	𭼊
ocbkvs	𭼌
ocbkif	𭼏
ocbkky	𭼐
ocbkbk	𭼑
ocbkhj	𭼒
ocbkqk	𭼓
ocbkvi	𭼔
ocbkfh	𭼕
ocbkda	𭼖
ocbkdu	𭼛
ocbkni	𭼟
ocbkmj	𭼡
ocbkhr	𭼢
ocbkfg	𭼣
ocbkbw	𭼤
ocbkqm	𭼥
ocbkcj	𭼨
ocbkji	𭼫
ocbkvi	𭼯
ocbkli	𭼰
ocbkwu	𭼳
ocbklz	𭼴
ocbkyz	𭼵
ocdgri	𭼿
ocdgmi	𭽀
ocdgia	𭽃
ocdgql	𭽅
ocbddk	𭽆
ocbdto	𭽉
ocbdsi	𭽊
ocbdyr	𭽋
ocbdpm	𭽌
ocbdfh	𭽍
ocbdug	𭽎
ocbdpk	𭽏
ocbdzo	𭽐
ocbdhc	𭽑
ocbdhv	𭽔
ocbdxy	𭽕
ocbdyh	𭽗
ochlyz	𭽚
ocbdyi	𭽛
ocbdfw	𭽜
ocbdgo	𭽝
ocbdhc	𭽟
ocbdao	𭽠
ochlhl	𭽡
ocbdcj	𭽢
ocpidi	𭽣
ocpigs	𭽥
ocpixm	𭽧
ocpinm	𭽨
ocpiww	𭽩
ocpiqy	𭽫
ocpiuu	𭽭
ocpifw	𭽮
ocpivs	𭽰
ocpilq	𭽱
ocpiiu	𭽲
ocping	𭽳
oczepi	𭽴
oclypi	𭽵
ocerpi	𭽹
ocnppi	𭽺
ocnwmb	𭽼
ocbdmb	𭽾
ocjxmb	𭽿
oclcmb	𭾀
ocgfmb	𭾁
ocvcmb	𭾃
ocnmmb	𭾄
ocwjmb	𭾅
ociymb	𭾇
ocwfmb	𭾎
ocyihe	𭾓
ocmuui	𭾗
ocmuba	𭾘
ocmuln	𭾙
ocmuda	𭾚
ocqmmu	𭾜
ocmuzi	𭾝
ocmujk	𭾞
ocmubu	𭾟
ocmujk	𭾠
ocmuwf	𭾢
ocmuvi	𭾣
ocmuyb	𭾥
ocmugj	𭾧
ocmuke	𭾨
ocmuye	𭾫
ocsifa	𭾬
ockjjq	𭾭
ocmunm	𭾮
ocmuww	𭾯
ocmuwh	𭾰
ocsiyi	𭾱
ocmuyu	𭾲
ocuhmw	𭾴
ocmugc	𭾵
ocmujq	𭾶
ocmuys	𭾸
ocmula	𭾺
ocmuue	𭾼
ocmuso	𭾾
ocmugg	𭾿
ocmuvo	𭿁
ocmuuf	𭿄
ocmuzz	𭿅
ocmuhs	𭿈
ocmuhf	𭿉
ockjvu	𭿊
ockjke	𭿋
ocmuvs	𭿍
ocmulw	𭿎
ocmull	𭿏
ocmubi	𭿑
ocmuvf	𭿒
ocmugc	𭿔
ocmucc	𭿕
ocmuyj	𭿖
ocmujk	𭿘
ocmuqi	𭿚
ocmull	𭿝
ocmudj	𭿞
ockjyj	𭿠
ockjso	𭿡
ocmugu	𭿢
ocmuuu	𭿦
ockjll	𭿧
ocmusv	𭿨
ocmuhc	𭿭
ocmwjy	𭿰
ocmmnn	𭿱
ocmulo	𭿳
ocmcjs	𭿷
ocmcbf	𭿸
ocmche	𭿹
ocmcmz	𭿺
ocmcnn	𭿼
ocuidk	𭿽
ocuiyi	𭿾
ochoui	𭿿
ocuiqp	𮀀
ocuiif	𮀁
ocuigf	𮀂
ocuiwu	𮀃
ocuiaa	𮀄
ocuidr	𮀅
ocyiue	𮀈
ocuilu	𮀊
ocuida	𮀋
ocuiwh	𮀍
ocffui	𮀎
ocuipo	𮀏
ocuimc	𮀐
ocuicc	𮀑
ocuink	𮀓
ocuiui	𮀔
ocuixk	𮀖
ocuity	𮀙
ocuike	𮀚
ocuidd	𮀛
ocuiuf	𮀝
ocuixq	𮀞
ocuizo	𮀟
ocuibk	𮀠
ocuilk	𮀡
ocuivc	𮀢
ocuiuu	𮀣
ocuilc	𮀤
ocuirv	𮀥
ocfwui	𮀦
ocuipb	𮀧
ocuiqp	𮀨
ocuigr	𮀩
ocuigr	𮀪
ocuiaa	𮀫
ocuiwd	𮀬
ocuipb	𮀭
ocuibc	𮀮
ocvoui	𮀰
ocuihg	𮀲
ocuijm	𮀴
ocuivi	𮀺
ocuini	𮀻
ocuisu	𮀼
ocuiqt	𮀿
ocuihc	𮁀
ocuiif	𮁂
ocuida	𮁇
ocuiyb	𮁉
ocuidm	𮁋
ocyjui	𮁑
ocuimu	𮁒
ocuixk	𮁕
ocuinp	𮁖
ocuivr	𮁗
ocuinj	𮁙
ocppdc	𮁜
ocjqui	𮁝
ocppuh	𮁞
ocppgs	𮁟
ocppmc	𮁠
ocppyb	𮁡
ocppug	𮁢
ocpplk	𮁣
ocwwui	𮁤
ocppwu	𮁥
ocppvi	𮁦
ocppce	𮁧
ocppii	𮁪
ocppnk	𮁫
ocppjx	𮁬
ocppgf	𮁭
ocpper	𮁮
ocppkx	𮁯
ocppyz	𮁰
ocpprs	𮁱
ocppzc	𮁲
ocppxk	𮁴
ocppqr	𮁵
ocpphd	𮁷
ocppyj	𮁺
ocppxi	𮁻
ocppyi	𮁽
ocppys	𮁾
ocppnd	𮁿
ocnund	𮂃
ocppxm	𮂅
ocpphz	𮂆
ocppxk	𮂇
ocppyj	𮂉
ocppyr	𮂋
ocuisu	𮂌
ocppua	𮂎
ocppql	𮂏
ocviui	𮂑
ocppze	𮂒
ocppmo	𮂓
ocppgd	𮂕
ocppmi	𮂖
ocppjk	𮂙
ocppxl	𮂚
ocppfa	𮂛
ocppbm	𮂝
ocppbc	𮂡
ocppbo	𮂣
ocjipd	𮂤
ocppju	𮂥
ocppmi	𮂦
ocppnp	𮂨
ocpplo	𮂩
ocppgv	𮂪
ocyuwu	𮂭
ocheui	𮂯
ocheer	𮂰
ocheyz	𮂱
ochetd	𮂲
ocheyy	𮂳
ochewh	𮂴
ocheug	𮂶
ocheqm	𮂸
ochewf	𮂹
ocheii	𮂻
ocxqwj	𮂼
ocheds	𮂽
ochext	𮂾
ochevu	𮂿
ochexr	𮃀
ocheyh	𮃁
ocheli	𮃂
ocheis	𮃅
ocheqk	𮃇
ochefg	𮃉
ochebu	𮃊
ochemg	𮃑
ocheve	𮃔
ocheqq	𮃚
ochehl	𮃜
ochebj	𮃝
ochezd	𮃟
ochemk	𮃠
ochell	𮃡
ocheyu	𮃣
ocheji	𮃤
ochemm	𮃦
ocheuh	𮃧
ochelu	𮃨
ochefg	𮃩
ochets	𮃫
ocheuj	𮃬
ocheve	𮃭
ochexl	𮃯
ocvsjb	𮃲
ochehc	𮃳
ochexk	𮃴
ochemi	𮃷
ocxtto	𮃸
ocxtvx	𮃹
ocxtkz	𮃻
ocxtjq	𮃼
ocxtya	𮃽
ocxtyj	𮃾
ocxtdj	𮃿
ocxtjx	𮄂
ocksbj	𮄃
ocxtqk	𮄄
ocxtmm	𮄅
ocxtmo	𮄇
ocxtqb	𮄊
ocxtvu	𮄌
ocxtic	𮄍
ocksbn	𮄏
ocirty	𮄐
ocxtlv	𮄓
ocxtsv	𮄜
ocxter	𮄞
ocxtlz	𮄠
oclicy	𮄧
oclivx	𮄨
oclizo	𮄩
oclipk	𮄪
ocliug	𮄫
ocliiu	𮄬
ocligv	𮄭
oclixy	𮄮
ocliys	𮄯
ocliig	𮄰
oclimk	𮄱
ocliqi	𮄲
ocliye	𮄳
ocvhjq	𮄴
ocliiy	𮄵
ocliyu	𮄶
ocliyi	𮄷
oclimj	𮄸
oclijk	𮄹
ocliyi	𮄺
oclihw	𮄻
ocnkli	𮄽
ocqbmo	𮄾
ocvuqp	𮅀
ocvubu	𮅁
ocvugk	𮅃
ocvurf	𮅄
ocvuta	𮅅
ocvubi	𮅆
ocvuuu	𮅇
ocvuto	𮅈
ocvuhv	𮅊
ocvuvu	𮅋
ocvuli	𮅍
ocvuns	𮅎
ocvugf	𮅐
ocvukh	𮅑
ocvubo	𮅓
ocvuva	𮅖
octsqi	𮅗
ocvumf	𮅘
ocvuer	𮅙
ocvuhu	𮅜
ocvufh	𮅝
ocvuyi	𮅞
ocvufu	𮅟
ocvutp	𮅠
ocvubc	𮅡
ocvuvf	𮅢
ocvudm	𮅣
ocvuia	𮅤
ocvumm	𮅥
ocvupo	𮅩
ocvuji	𮅪
ocdacc	𮅫
ocvujx	𮅭
ocvugg	𮅰
ocvuks	𮅱
ocvuqi	𮅳
ocdaba	𮅵
ocvuts	𮅸
ocbfhv	𮅹
ocvuao	𮅻
ocvuvj	𮅼
ocvujm	𮅿
ocvuxq	𮆀
ocvujn	𮆁
ocxnxn	𮆂
ocvuww	𮆄
ocvuqk	𮆆
ocvuvu	𮆈
ocvujp	𮆉
ocvubo	𮆎
ocvulj	𮆏
ocvuhl	𮆐
ocvuve	𮆑
ocvuqu	𮆒
ocvuhe	𮆓
ocvulo	𮆗
ocdgue	𮆠
ocvuyr	𮆡
ocvutj	𮆨
ocdgye	𮆩
ocvuyt	𮆬
ocvubc	𮆭
ocvuqk	𮆯
ocvubi	𮆰
ocjmyi	𮆵
ocvuvg	𮆸
ocvuye	𮆻
ocvuzc	𮆼
ocvudo	𮇁
ocmijq	𮇃
ocmier	𮇄
ocmisj	𮇅
ocmiyz	𮇆
ocmiri	𮇇
ocmiiz	𮇈
ocmifh	𮇉
ocmiyh	𮇌
ocmikz	𮇍
ocmiii	𮇎
ocmivf	𮇏
ocmivu	𮇐
ocmiiu	𮇑
ocmijx	𮇒
ocmiya	𮇔
ocmiji	𮇕
ocmivi	𮇖
ocmiai	𮇗
ocmizc	𮇘
ocmiww	𮇙
ocmibk	𮇛
ocmigf	𮇜
ocmiyu	𮇝
ocmixb	𮇞
ocmizu	𮇟
ocmidd	𮇠
ocmibk	𮇡
ocmijn	𮇢
ocmilk	𮇤
ocmilb	𮇥
ocmipg	𮇧
ocmiuz	𮇨
ocmijk	𮇪
ocmifh	𮇫
ocmidr	𮇭
ocmiji	𮇮
ocmiui	𮇯
ocmidi	𮇱
ocmiai	𮇳
ocmijp	𮇴
ocmilq	𮇶
ocmiyc	𮇷
ocmixm	𮇻
ocmifu	𮇼
ocqylb	𮇾
ocsiuj	𮈁
ocsier	𮈂
ocsijk	𮈃
ocsiwf	𮈄
ocsiyz	𮈆
ocsizo	𮈇
ocsipk	𮈈
ocsiys	𮈉
ocsibi	𮈊
ockxsi	𮈋
ocgssi	𮈍
ocsizc	𮈎
ocsike	𮈒
ocsixi	𮈔
ocsigu	𮈗
ocsivi	𮈚
ocsibk	𮈝
ocsili	𮈡
ocsivg	𮈤
ocsiwd	𮈥
ocsisv	𮈩
ocsidr	𮈪
ocsiyh	𮈬
ocsiji	𮈮
ocsivi	𮈳
ocsibg	𮈴
ocsimi	𮈵
ocsiqq	𮈹
ocsiih	𮈼
ocsiji	𮈽
ocsijr	𮈿
ocsiuh	𮉀
ocsivz	𮉂
ocsijp	𮉄
ocsiyi	𮉅
ocsidd	𮉉
ocsiji	𮉋
ocsiyj	𮉌
ocsiww	𮉏
ocsimi	𮉒
ocsiqm	𮉓
ocsiii	𮉕
ocsivu	𮉘
ocsiii	𮉙
ocsilj	𮉚
ocsiqu	𮉛
ocsijt	𮉜
ocsibm	𮉝
ocsili	𮉞
ocsijq	𮉠
ocsilu	𮉡
ocsiui	𮉢
ocsiva	𮉣
ocsigv	𮉤
ocsilp	𮉥
ocsiwh	𮉦
ocsill	𮉧
ocsigo	𮉨
ocsizu	𮉩
ocsiqu	𮉪
ocsiww	𮉫
ocsizu	𮉬
ocsimw	𮉭
ocsicv	𮉮
ocsiji	𮉯
ocfzfu	𮉱
ocfzpi	𮉲
ocfzgg	𮉳
ocfzzo	𮉴
ocqqfz	𮉶
ocfzbw	𮉹
ocsiyi	𮉽
ocsiqr	𮉿
ocjbsi	𮊀
ocsisi	𮊂
ocsivf	𮊃
ocghmb	𮊄
ocsiig	𮊅
ocsivu	𮊈
ocsijy	𮊋
ocsivf	𮊍
ocsifu	𮊑
ocghng	𮊓
ocghww	𮊔
ocwhww	𮊘
ocsixi	𮊙
ocsiqi	𮊠
ocyhwf	𮊢
ocyhjq	𮊣
ocwhyh	𮊤
ocyhwu	𮊥
ocyhvh	𮊨
ocugyh	𮊩
ocvoyh	𮊪
ocyhly	𮊬
ocyhdi	𮊭
ocmwgl	𮊮
octkyh	𮊯
ocgcci	𮊰
ocgcyh	𮊱
ocgcyh	𮊲
ocgeyh	𮊶
ocvsyu	𮊹
ocffyu	𮊺
ocyuwf	𮊻
ocmbyu	𮊼
ocyuig	𮊽
ocyugs	𮊾
ocyuhe	𮋁
ocyujn	𮋂
ockeyu	𮋃
ocjxyu	𮋄
ocycyu	𮋆
ocxlyu	𮋈
ochlyu	𮋋
ocyuxr	𮋌
ochvyu	𮋍
ocyuge	𮋎
oclkyu	𮋔
ocyusu	𮋕
oclcke	𮋛
oclcji	𮋜
oclcww	𮋞
oclqer	𮋠
oclwnd	𮋣
oclwff	𮋤
oclwmo	𮋥
oclwmu	𮋦
oclwlc	𮋨
oclwzi	𮋩
oclwto	𮋪
ocgglc	𮋫
oceryi	𮋬
ocerye	𮋭
ocertd	𮋮
ocerni	𮋯
ocerqy	𮋰
ocerwj	𮋲
ocerld	𮋳
ocerqp	𮋵
ocerye	𮋶
ocerdu	𮋷
ocerju	𮋼
ocermd	𮋿
ocernp	𮌀
ocyuer	𮌂
ocyumb	𮌃
ocufyu	𮌅
ocuhyt	𮌈
ocxirz	𮌉
ocrzye	𮌊
ocytia	𮌋
ocytye	𮌌
ocjryt	𮌐
ocrzhd	𮌑
ocrzmd	𮌕
ocytzu	𮌘
ocjmda	𮌙
ocrzlk	𮌜
ocytyi	𮌝
ocytyc	𮌞
ocytqp	𮌟
ocytyu	𮌠
ocytbw	𮌡
ocytjm	𮌥
ocythz	𮌧
ocytjp	𮌪
ocdiyr	𮌬
ocgcyt	𮌭
ocbwgs	𮌱
ocytjm	𮌲
ocaoyt	𮌳
ocytky	𮌴
ocytiu	𮌶
ocytll	𮌹
ocytxi	𮌺
ocytyy	𮌻
ocbwgc	𮌽
ocfuiz	𮌾
ocvzrz	𮌿
ochuui	𮍂
ocytzh	𮍄
ocmoyr	𮍅
ocytqb	𮍊
ocmuww	𮍋
ockzkl	𮍌
ocwuif	𮍏
ocifvi	𮍑
ocziff	𮍔
oczivx	𮍕
oczizo	𮍗
ocziju	𮍘
oczier	𮍜
oczijt	𮍟
ocviba	𮍠
ocvifj	𮍡
ocjrvi	𮍢
ocvifg	𮍣
ocrfjq	𮍥
ocjqyi	𮍦
ocjqwf	𮍧
ocjrjq	𮍨
ockder	𮍩
ocuewj	𮍴
ocueqi	𮍵
ocuelk	𮍶
ocuesi	𮍷
ocueui	𮍸
ocueuf	𮍺
ocheue	𮍻
ocuefu	𮍼
ocuewj	𮍽
ocvoue	𮍿
ocuevr	𮎀
ocjiir	𮎁
ocvzrs	𮎃
ocvzlq	𮎄
ocvzhu	𮎇
ocvzqq	𮎈
ocvzui	𮎉
ocvzfj	𮎊
ocvzbd	𮎋
ocvzzi	𮎌
ocvzuz	𮎍
ocvzlv	𮎎
ocvzgu	𮎐
ocvzdm	𮎒
ocvzbc	𮎓
ocvzbb	𮎕
ocllsj	𮎘
ocxkgf	𮎙
ocdcsi	𮎛
ocrfba	𮎜
ocsell	𮎝
occcyt	𮎟
occcdk	𮎡
occcts	𮎥
occcbd	𮎩
ocfuba	𮎪
occcli	𮎫
occcpd	𮎬
occcvc	𮎮
occcxu	𮎴
occcig	𮎺
occcmd	𮏀
occcxk	𮏂
ocgsgf	𮏃
occcky	𮏄
occcjq	𮏅
ocgzjq	𮏆
occcdj	𮏈
occcbk	𮏊
occchy	𮏚
occcgz	𮏛
occcpc	𮏜
occcvj	𮏝
ochvtu	𮏤
ocmnri	𮏥
occcui	𮏧
ockuxi	𮏫
occcxl	𮏮
occcxx	𮏱
occcsv	𮏲
occchs	𮏹
occcdu	𮏺
occcxu	𮏽
occcwu	𮐂
occcjx	𮐃
occctk	𮐄
occczd	𮐅
ocyubp	𮐆
occcai	𮐉
occcmm	𮐊
occcwu	𮐌
occcya	𮐍
occcvv	𮐕
ocvier	𮐘
occcfj	𮐚
occcng	𮐝
oclimu	𮐟
ockuke	𮐤
occcyk	𮐨
occcih	𮐫
ockuhj	𮐽
occcbo	𮑀
occcqi	𮑁
occcue	𮑂
occcqu	𮑅
occcih	𮑇
occcww	𮑌
occcic	𮑍
occcpi	𮑎
occcuv	𮑏
occcqi	𮑒
occcss	𮑕
occclo	𮑗
occcyr	𮑘
occcug	𮑞
ockudi	𮑟
ocgsqi	𮑡
occcvd	𮑫
occcxl	𮑳
occchr	𮑴
occcbo	𮑺
ockuxm	𮒀
occckz	𮒁
occcli	𮒃
occcuu	𮒄
ocjxye	𮒅
occcly	𮒇
occcuf	𮒌
occcjp	𮒍
oclova	𮒏
occchc	𮒑
occcgh	𮒔
occcly	𮒜
occcke	𮒠
ocrvkv	𮒦
occcju	𮒬
occcli	𮒭
occcru	𮒯
occcfu	𮒴
occcju	𮒾
occcfu	𮓁
ocsanv	𮓃
ockuqb	𮓄
occczg	𮓆
occdai	𮓇
ochlwu	𮓉
ocsamu	𮓌
ocyeuu	𮓎
occcci	𮓑
occclj	𮓔
ochutu	𮓛
ochuzz	𮓝
ochuji	𮓟
ochunq	𮓤
ochuhu	𮓦
ochugu	𮓧
ocxuyu	𮓪
ochulb	𮓯
ocismp	𮓲
ocismf	𮓳
ocisui	𮓴
ocisgs	𮓶
ocissi	𮓷
ocyris	𮓸
ocisqu	𮓹
ocisyb	𮓻
ocisui	𮓽
ocgsis	𮓾
ocistm	𮓿
ocbiis	𮔀
ociskc	𮔁
ocisjp	𮔂
ocisxq	𮔄
ocisfu	𮔅
ocisxt	𮔆
ocisll	𮔊
ocisxq	𮔏
ocisbk	𮔐
ocislr	𮔑
ociszd	𮔒
ocmwis	𮔓
ocismm	𮔔
ocjiis	𮔕
ocisqy	𮔖
ocisci	𮔗
ocisbn	𮔘
ocislc	𮔚
ocistu	𮔛
ocisli	𮔠
ocisui	𮔣
ocisji	𮔤
ocisdu	𮔦
ocisvi	𮔩
ocisvf	𮔪
ocishl	𮔫
ocgcis	𮔯
ocisxp	𮔱
ocisiu	𮔲
ociiis	𮔳
ocislu	𮔶
ocishv	𮔷
ocisqi	𮔸
ocisde	𮔹
ocisvi	𮔺
ocisyy	𮔻
ocjiis	𮔼
ocisif	𮔽
ocisnk	𮔾
ociszg	𮔿
ocjqis	𮕀
ocdyis	𮕁
ocisbi	𮕂
ocissv	𮕃
ocislv	𮕅
ocissv	𮕆
ocsvdj	𮕊
ocisuu	𮕍
ocisde	𮕏
ocisqm	𮕒
ocisbo	𮕓
ocdmis	𮕔
ocismi	𮕖
ocisbm	𮕙
ochgxt	𮕜
ocxtdc	𮕝
ocddxt	𮕞
ocxtgx	𮕟
ocxtlp	𮕠
ocxkgs	𮕢
ocxkhj	𮕣
ocppve	𮕤
ocppdc	𮕥
ocrfyi	𮕦
ocppyz	𮕧
ocppda	𮕨
ocvsyi	𮕪
ocpphx	𮕬
ocppug	𮕭
ocffyi	𮕮
ocppyy	𮕯
ocppwa	𮕰
ocyimu	𮕲
ocppsi	𮕳
ocppta	𮕴
ocppmb	𮕸
ocmayi	𮕹
ocyits	𮕺
ocppzi	𮕼
ocpphx	𮕽
ocppmk	𮕿
ocpphd	𮖀
ocppll	𮖁
ocppty	𮖂
ocppjm	𮖃
ocyiyi	𮖄
ocppwu	𮖅
ocppxi	𮖆
ocliyi	𮖇
ocbmyi	𮖈
ocppzo	𮖉
ocppna	𮖍
ocnnyi	𮖎
ocpphx	𮖏
ocgoyi	𮖐
ocviyi	𮖑
ocggyi	𮖒
ockoyi	𮖔
ocppia	𮖕
ocppye	𮖗
ocuiyi	𮖛
ocppyu	𮖜
ocppqq	𮖝
ocppll	𮖞
ocppyb	𮖡
occcvl	𮖢
ocppvi	𮖤
ocppvv	𮖦
ocppph	𮖧
ocppjm	𮖨
ocppth	𮖩
ocppmo	𮖪
ocppih	𮖫
ocdiyi	𮖭
ocppuj	𮖯
ocppdg	𮖴
ocppfu	𮖵
ocxuyi	𮖶
ocppye	𮖷
ocppji	𮖹
ocppvu	𮖺
ocppuz	𮖻
ocpprv	𮖼
ocppqm	𮖽
ocxilk	𮖿
ocxids	𮗀
ocxifh	𮗄
ocycxt	𮗅
ocxibw	𮗆
ocxiww	𮗈
ocxijn	𮗊
ocyajm	𮗍
ocgujm	𮗎
ocnmjm	𮗐
ocjmgf	𮗑
ocjkjm	𮗒
oclvjm	𮗔
ocjmqu	𮗕
ocyijm	𮗗
ocjmgv	𮗙
ocyjjm	𮗝
ocdjjm	𮗞
ocjnwf	𮗡
ocjnuj	𮗢
ocjngz	𮗣
ocjnug	𮗤
ocjnmc	𮗥
ocjnqm	𮗦
ocjnvi	𮗧
ocjnwa	𮗩
ocjnyh	𮗪
ocuijn	𮗫
ocjnvi	𮗬
ocjnpd	𮗯
ocjnwu	𮗰
ocjnlq	𮗲
ocjnhe	𮗳
ocyjer	𮗷
ocyjji	𮗸
ocyjda	𮗹
ocwfyj	𮗺
ocyjjk	𮗻
ocyjmu	𮗼
ocyjbm	𮗾
ocyjmo	𮘀
ocyjdm	𮘁
ocmcyj	𮘃
ocyjys	𮘄
ochsyj	𮘆
ocyjpi	𮘇
ocyjxk	𮘉
ocyjpd	𮘌
ocyjqt	𮘏
ocyjvu	𮘑
ocyjdd	𮘒
ocyjbo	𮘓
ocyjww	𮘕
ocyjna	𮘖
ocyjfg	𮘗
ocyjbu	𮘘
ocyjpg	𮘚
ocyjks	𮘜
ocyjqr	𮘞
ocyjpz	𮘟
ocyjyk	𮘡
ocyjxl	𮘢
ocyjuu	𮘣
ocbcyj	𮘧
ocyjke	𮘨
ocyjgs	𮘫
ocyjqm	𮘭
ocyjvi	𮘰
octvyj	𮘱
ocyjyb	𮘵
ocyjys	𮘶
ocyjij	𮘷
ocyjhl	𮘺
ocyjyj	𮘻
ocyjuu	𮘼
ocyjxm	𮘾
ocyjlk	𮘿
ocyjai	𮙀
ocyjjp	𮙁
ocyjls	𮙇
octchx	𮙉
ocyjyb	𮙊
ocduyj	𮙋
ocguyb	𮙌
ocguww	𮙍
ocguhs	𮙎
ockegu	𮙐
ocdzlk	𮙒
ocdzke	𮙓
ocdzfg	𮙔
ocqidz	𮙖
ocuikl	𮙚
ocufui	𮙜
ocjyui	𮙡
ocuimw	𮙣
ocvige	𮙦
ocvirs	𮙧
ocvifu	𮙨
ocvidi	𮙫
ocvits	𮙬
ocrfbw	𮙭
ocbwcy	𮙮
ocbwir	𮙰
ocbwxt	𮙱
ocbwfu	𮙳
ocbwgd	𮙴
ocbwji	𮙵
ocugbw	𮙶
ocucbw	𮙷
ocmwba	𮙸
ocbwdj	𮙻
ocbwfu	𮙼
ocbwwu	𮙽
oclkbw	𮙿
ocbwmb	𮚀
ocqibw	𮚁
ocbwsi	𮚄
ocldbw	𮚅
ocbwjp	𮚆
ocbwxi	𮚇
ocbwzo	𮚈
ocbwwj	𮚉
ocguyr	𮚍
ocbwnd	𮚎
ocbwlu	𮚓
ocgrgu	𮚙
ocmdvu	𮚜
ocbwni	𮚟
ocdvgv	𮚠
ocbwyi	𮚢
ocmdvi	𮚣
ocbwfj	𮚤
ocjqbw	𮚦
ocmcmd	𮚧
ocbwmg	𮚩
ocbwbb	𮚪
ocbwnk	𮚫
ociifu	𮚱
oczzyi	𮚲
oczzuj	𮚳
oczzfu	𮚴
oczzyb	𮚵
oczztz	𮚷
oczzgs	𮚸
oczzxl	𮚹
oczzmm	𮚻
oczzcu	𮚼
oczzbj	𮚽
oczzxi	𮚿
oczzgl	𮛀
oczuyi	𮛁
oczujq	𮛂
oczuxx	𮛃
oczutu	𮛄
ocuhzu	𮛅
oczujb	𮛆
oczuwh	𮛇
oczuer	𮛈
oczuwu	𮛉
oczuee	𮛊
oczuuz	𮛋
oczugs	𮛌
ocffzu	𮛍
oczuzo	𮛏
oczuvg	𮛐
oczuka	𮛑
oczuwd	𮛒
oczutz	𮛓
oczulj	𮛔
oczuys	𮛕
ocnuzu	𮛖
oczudh	𮛗
oczuyb	𮛘
oczulr	𮛛
oczuhj	𮛜
oczuli	𮛝
oczukk	𮛞
oczugk	𮛠
oczund	𮛢
ocuuzu	𮛣
oczuih	𮛤
oczuxt	𮛦
oczuxb	𮛧
oczuhy	𮛨
oczudh	𮛬
oczugg	𮛭
oczuzd	𮛯
oczubo	𮛱
oczuxk	𮛲
oczuwf	𮛴
oczuyu	𮛵
oczuvf	𮛶
oczudu	𮛹
oczupu	𮛻
oczull	𮛽
oczuyb	𮛾
ocwuzu	𮛿
oczuge	𮜁
oczugz	𮜂
oczuma	𮜃
oczudp	𮜄
oczuji	𮜆
oczuku	𮜇
ocjxbo	𮜈
oczutu	𮜌
oczucd	𮜎
oczuli	𮜏
oczuli	𮜐
oczuys	𮜑
oczucj	𮜒
oczuql	𮜓
oczuuj	𮜖
oczuhe	𮜗
oczulo	𮜘
oczuye	𮜙
oczuhe	𮜜
oczubb	𮜞
oczuao	𮜡
ocbizu	𮜣
oczump	𮜤
oczucd	𮜨
oczuho	𮜩
oczuqb	𮜪
ocpbzu	𮜫
ocufye	𮜮
ocufee	𮜯
ocufzo	𮜰
ocufgs	𮜲
ocufkl	𮜳
ocufdh	𮜴
ocufnm	𮜵
ocufuz	𮜶
ocufhj	𮜹
ocufqb	𮜺
ocufns	𮜻
ocufqm	𮜼
ocufqb	𮜽
ociewj	𮜿
ociequ	𮝀
ocytie	𮝁
ochoie	𮝃
ocielq	𮝄
ocieyb	𮝅
ocievg	𮝆
ocyhie	𮝈
ocmcie	𮝉
ocieys	𮝊
ocjxie	𮝋
ociepi	𮝌
ocieig	𮝍
ociekx	𮝎
occiie	𮝏
ocieue	𮝐
ociedz	𮝒
ociegg	𮝓
ociebf	𮝔
ociexi	𮝖
ocieih	𮝙
ociegh	𮝚
ociejr	𮝛
ocieiu	𮝤
ocieji	𮝨
ociele	𮝩
ocguie	𮝪
ociego	𮝫
ocieli	𮝬
ocieer	𮝭
ocieii	𮝱
ocielq	𮝳
ociegx	𮝴
ocieer	𮝵
ociebk	𮝶
ociebf	𮝷
ociedy	𮝸
ociege	𮝺
ocpihg	𮝻
ocpzxb	𮝼
ocxbmj	𮝽
ocvjif	𮝿
ocxlns	𮞀
ocvisj	𮞁
ocvippna	𮞅
ocvils	𮞇
ocvixs	𮞈
ocvilk	𮞊
ocjbve	𮞌
ocvinu	𮞎
ocvige	𮞑
ocvimd	𮞒
ocvitn	𮞓
ocgogx	𮞖
ocviyu	𮞛
ocvixi	𮞝
ocvivi	𮞟
ocviuh	𮞢
ocvinm	𮞤
ocvigg	𮞨
ocviww	𮞩
ocviyr	𮞫
ocvipb	𮞬
ocviqr	𮞰
ocvibw	𮞱
ocviji	𮞲
ocvisu	𮞶
ocvith	𮞻
ocvijx	𮞼
ocvile	𮞿
ocviqk	𮟂
ocvvbf	𮟄
ocdaye	𮟉
ocvipg	𮟊
ocviww	𮟋
ocviti	𮟍
ocvivi	𮟎
ocvimg	𮟔
ocviuu	𮟕
ocvijp	𮟙
ocvive	𮟛
ocmimw	𮟟
ocvize	𮟢
ocvilb	𮟤
ocviij	𮟨
ocvilo	𮟩
ocyier	𮟪
ocujer	𮟫
ocfjer	𮟬
ocgser	𮟭
oclqer	𮟮
ocjser	𮟱
ocyser	𮟳
ocxrer	𮟴
ocbjer	𮟵
ocjxyi	𮟶
ocgfer	𮟷
oczder	𮟸
ocheyi	𮟺
oclber	𮟼
ocdser	𮟽
ocyzer	𮠀
ocnpyi	𮠃
ocyuer	𮠈
ocwwye	𮠎
ocrfyz	𮠖
ocyzdn	𮠗
ocyzjq	𮠘
ocyzmu	𮠛
ocyzvx	𮠜
ocyzyc	𮠝
ocyzch	𮠞
ocyzba	𮠟
ocyzyy	𮠠
ocyzmo	𮠢
ocyzji	𮠥
ocyzjm	𮠦
ocyzxk	𮠧
ocyzdo	𮠨
ocyzmi	𮠩
ocyzyu	𮠪
ocyzbo	𮠫
ocyzwu	𮠬
ocgcyz	𮠭
ocyzih	𮠰
ocyzhe	𮠱
ocyzqr	𮠲
ocyzcj	𮠳
ocyzmg	𮠴
ocyzvs	𮠵
ocyzgo	𮠶
ocyzxl	𮠷
ocyzfu	𮠸
ocyzyr	𮠹
ocyzdi	𮠺
ocyzmw	𮠻
ocyzqi	𮠼
ocyzlu	𮠾
ocyzjl	𮠿
ocyzzc	𮡀
ocqqxm	𮡂
ocqqyu	𮡃
ocqqye	𮡅
ocdmyz	𮡆
ocyzyi	𮡇
ocyzcv	𮡊
ocyzcj	𮡋
ocyzxy	𮡍
ocbmnv	𮡎
ocbmvi	𮡏
ocliyy	𮡒
oclihc	𮡓
ocvsyb	𮡕
ocyili	𮡖
oclili	𮡗
ocliih	𮡙
ocllto	𮡛
ocligj	𮡜
ocyili	𮡝
ocvsni	𮡡
octkye	𮡢
oculli	𮡣
ocjbyu	𮡤
ocjbjb	𮡥
ocjbxi	𮡦
ocjbqr	𮡧
ocjbwu	𮡨
ocjbbm	𮡬
ocjbww	𮡮
ocjbzc	𮡲
ocjbyb	𮡳
ocjbxu	𮡵
ocjbyb	𮡶
ocjbjm	𮡸
ocjbji	𮡾
ocjbji	𮢁
ocjblb	𮢅
ocjbug	𮢆
ocjbwu	𮢇
ocjbsu	𮢈
ocjblk	𮢊
ocjbfu	𮢌
ocjbua	𮢎
ocjbgx	𮢏
ocmujb	𮢒
ocjbfh	𮢓
ocjbgg	𮢘
ocjbvg	𮢙
ocjbys	𮢛
ocjbzd	𮢜
ocvfjb	𮢝
ocjbyb	𮢣
ocjblo	𮢤
ocjbxu	𮢦
ocjbxx	𮢩
ocjbgh	𮢪
ocjbwu	𮢬
ocjbbg	𮢭
ocjbzi	𮢯
ocjbiu	𮢹
ocjbji	𮢻
ocjbyk	𮢽
ocsjjb	𮣂
ocjbbw	𮣆
ocjbyi	𮣇
octhjb	𮣋
ocjblv	𮣌
ocjble	𮣏
ocjbjr	𮣖
ocjbli	𮣙
ocjbly	𮣜
oclyjb	𮣣
ocjbqi	𮣦
ocjbli	𮣮
ocjbgs	𮣲
ocjbgs	𮣳
ocjbyj	𮣴
ocjbvo	𮣵
ocjblv	𮣶
ocihia	𮣸
ocihyz	𮣹
ocihqr	𮣺
ocufih	𮣻
ocihkx	𮣼
ocihjn	𮣾
ocihfh	𮤀
ocihfw	𮤁
ocihph	𮤂
ocihpn	𮤃
ocihlw	𮤄
ocihge	𮤅
octumf	𮤇
ocmfji	𮤈
ocmfqm	𮤉
ocmfce	𮤊
ocmfyh	𮤋
ocmfgx	𮤌
ocmftd	𮤍
ocmfgl	𮤎
ocmfjl	𮤏
ocmfqk	𮤒
ocbumf	𮤓
ocmfba	𮤕
ocmffh	𮤖
ocmfli	𮤗
ocmfuf	𮤘
ocmfku	𮤙
ocmfli	𮤠
ocmfxi	𮤡
ocmfji	𮤣
ocmfao	𮤦
ocmflk	𮤧
ocmfdk	𮤫
ocmftu	𮤬
ocmfxn	𮤭
octmmf	𮤮
ocmfnw	𮤯
ocmfuc	𮤰
ocmfbw	𮤱
ocmfbi	𮤲
ocmfjl	𮤳
ocmfwh	𮤵
ocmfks	𮤶
ocmfhs	𮤷
ocmfhw	𮤸
ocerto	𮤹
ocerqp	𮤺
oceruc	𮤻
ocerza	𮤼
ocerli	𮤽
ocerjx	𮤿
ocerji	𮥁
ocersi	𮥂
ocdvjl	𮥃
ocerxy	𮥄
ocerui	𮥆
ocerxx	𮥇
ocerhj	𮥈
ocerli	𮥉
ocermm	𮥊
oceryj	𮥋
ocaaxx	𮥌
ocerky	𮥍
oceryj	𮥐
ocerjy	𮥒
ocerjb	𮥔
ocervr	𮥕
oceria	𮥗
ocerni	𮥛
ocfuze	𮥜
ocermj	𮥝
ocertj	𮥞
ocerli	𮥟
oceryy	𮥡
ocerji	𮥢
oceruj	𮥣
ocerts	𮥤
oceruu	𮥦
ocerji	𮥪
ocerbi	𮥭
ocerqb	𮥰
ocerxm	𮥲
ochgli	𮥴
ocwfvv	𮥷
oclqvv	𮥹
ocvvii	𮥺
ocnivv	𮥻
ocvvjs	𮥼
ocyjvv	𮥽
ocpgvv	𮥾
ocqbvv	𮦀
ocjiji	𮦂
ocyumf	𮦅
octmyu	𮦇
ocyunw	𮦈
ocyuho	𮦉
ocyumu	𮦋
ocyuvj	𮦌
ocyusj	𮦎
ocyuyr	𮦑
ocyubw	𮦒
ocyuwu	𮦔
ocyuld	𮦕
ocyumf	𮦗
ocyuhy	𮦘
ocyuui	𮦙
ocyubc	𮦚
ocyuys	𮦛
ocyulk	𮦜
ocyuro	𮦝
oclwba	𮦞
oclwho	𮦟
ocyuyc	𮦡
ocyulo	𮦣
ocyutk	𮦥
ocyuli	𮦦
ocyujx	𮦨
ocyupu	𮦫
ocyumd	𮦭
ocbiyu	𮦮
oclwir	𮦰
ocyuhr	𮦲
oclwih	𮦳
ocyuyh	𮦴
ocyuli	𮦷
ocaiyy	𮦸
ocyuhl	𮦹
ocyuns	𮦽
ocyubi	𮦾
ocyyqm	𮧀
ocqkhc	𮧃
ocfwyy	𮧄
ocfwtm	𮧅
ocfwyh	𮧆
ockcyk	𮧈
ocmmxx	𮧉
ocmmqp	𮧊
ociumm	𮧋
ocmmna	𮧍
ocermm	𮧎
ocuimm	𮧏
ocmmze	𮧐
ocmmyi	𮧑
ocgeyc	𮧔
ocgeui	𮧕
ocgefu	𮧖
ocgegs	𮧘
ocgehd	𮧙
ocgeqi	𮧜
ocgexb	𮧝
ocgeqk	𮧞
ocgeah	𮧠
ocgeyb	𮧡
ocgedd	𮧢
ocgebj	𮧣
ocgevj	𮧥
ocgejm	𮧨
ocgeli	𮧩
ocgebw	𮧫
ocwwvu	𮧱
ocwwbw	𮧳
ocwwih	𮧴
ocwwhx	𮧵
ocyuyb	𮧶
ocybji	𮧷
ocybpi	𮧸
oclcyb	𮧹
ocueyb	𮧺
ocvfyb	𮧼
ocybvi	𮧽
ocybhl	𮧾
ocizyb	𮧿
ocyyye	𮨀
ocwfye	𮨂
ocqqye	𮨃
ocqqye	𮨆
ocuhye	𮨏
ocvzye	𮨒
ocndye	𮨕
ocaiye	𮨖
ocycye	𮨚
ocyuye	𮨠
ocmdye	𮨢
ocpmye	𮨣
ocyjye	𮨤
ocxmye	𮨥
ocfgru	𮨦
ocfgwh	𮨧
oclkfg	𮨨
ocfgis	𮨩
ocfgan	𮨪
ocfghd	𮨫
ocfgxb	𮨬
ocfglb	𮨭
ocfgih	𮨮
ocfgwj	𮨯
ocfgvf	𮨰
ocfggu	𮨲
ocfgxn	𮨳
oclbfg	𮨴
ocfwqu	𮨶
ocuigs	𮨷
ocuiya	𮨸
ocuiwu	𮨹
ocuita	𮨻
ocuibk	𮨿
ocuifh	𮩀
ocuibm	𮩅
ocuiqb	𮩇
ocuiyr	𮩉
ocuijm	𮩌
ocuimd	𮩍
ocuitj	𮩐
ocguui	𮩑
ocuiyj	𮩒
ocuijl	𮩓
ocuiwj	𮩖
ocuiuh	𮩗
ocuiyj	𮩘
ocmiui	𮩚
ocuibi	𮩛
ocuiai	𮩜
ocuihe	𮩝
ocuiyi	𮩞
ocuzvh	𮩟
ocuztz	𮩠
ocuzvi	𮩡
ocuzqq	𮩢
ocuzqi	𮩣
ocuzxk	𮩥
ocqquz	𮩦
ocxlui	𮩧
ocxljl	𮩨
ocxlld	𮩩
ocxldk	𮩪
ocxlyu	𮩫
ocxldd	𮩮
ocxlsu	𮩰
ocxlui	𮩱
ocmabi	𮩲
ocmawj	𮩳
ocmacc	𮩴
ocmajb	𮩵
ocmaji	𮩷
ocmavs	𮩸
ocmaqm	𮩹
ocmabk	𮩺
octdma	𮩻
ocmanu	𮩼
ocmafu	𮩽
ocmais	𮩿
ocmase	𮪀
ochema	𮪁
ocanma	𮪂
ocmazi	𮪃
ocmayu	𮪄
ocmaqq	𮪅
ocmaxq	𮪆
ocmaih	𮪉
ocmaqu	𮪊
ocmayj	𮪋
ocmage	𮪏
ocmasv	𮪑
ocmayk	𮪒
ocmasu	𮪕
ocmazc	𮪚
ocmaly	𮪟
ocmals	𮪡
ocmajp	𮪢
ocmacc	𮪤
ocmady	𮪥
ocguui	𮪦
ocguyh	𮪧
ocguug	𮪨
ocguyi	𮪩
ocgujx	𮪪
ocguww	𮪭
ocguly	𮪮
ocguye	𮪯
ocguro	𮪰
ocgutv	𮪲
ocguni	𮪳
ocguvr	𮪴
ocguse	𮪵
ocmugu	𮪶
ocgcyi	𮪸
ocgcba	𮪹
ocssgc	𮪺
ocgcsh	𮪼
ocbnyc	𮪽
ocbnxb	𮪾
ocbndz	𮪿
ocbnui	𮫁
ocbnnk	𮫂
ocbnlc	𮫃
ocbnsi	𮫅
ocbnfw	𮫊
ocbnvz	𮫌
ocbnfg	𮫍
ocbnxm	𮫐
ocbnuu	𮫑
ocbndh	𮫒
ocbnho	𮫓
ocdzjr	𮫔
ocdzma	𮫕
ocucgv	𮫝
ocgvxy	𮫞
ocgvyi	𮫟
ocbhgv	𮫠
ocqigv	𮫡
ocgvyj	𮫣
ocgvuz	𮫤
ocgvhe	𮫥
ocgvsu	𮫦
ocligv	𮫧
ocgvhv	𮫨
ocmoww	𮫩
ocgvyk	𮫪
ocgvuu	𮫫
ocyuyu	𮬛
ocyuvi	𮬜
ocyusv	𮬝
ocyuho	𮬟
ocyulu	𮬠
ocyugu	𮬡
ocyuwg	𮬢
ocyuxm	𮬣
ocyuvf	𮬤
ocyuwj	𮫰
ocyupu	𮫱
ocyusi	𮫴
ocyugf	𮫷
ocyuer	𮫸
ocyujm	𮫹
ocyuvu	𮫼
ocyubk	𮫽
ocyubw	𮫾
ocyuyu	𮫿
ocyuxl	𮬀
ocyumn	𮬂
ocyuww	𮬄
ocyuuz	𮬅
ocyuxx	𮬆
ocyuxi	𮬊
ocyuhr	𮬌
ocyuve	𮬍
ocyuji	𮬏
ocyuqk	𮬐
ocyufu	𮬑
ocyuzi	𮬒
ocyunc	𮬔
ochcyu	𮬕
ocyumi	𮬚
ocjpnn	𮭡
ocycnn	𮭢
oclqnn	𮭣
ocbinn	𮭤
ocgsnn	𮭥
occfnn	𮭦
oclinn	𮭧
ocyjnn	𮭨
ocbinn	𮭩
oculnn	𮭪
ocnnji	𮬥
ocnnwu	𮬦
ocyann	𮬨
ocxbnn	𮬩
oczinn	𮬪
ocwunn	𮬫
ocfgnn	𮬬
oclqnn	𮬭
ocnnyb	𮬮
ocyynn	𮬯
ocufnn	𮬱
octann	𮬲
ocnnsi	𮬳
ocybnn	𮬴
ocmknn	𮬶
ocnnxk	𮬷
ocnnvd	𮬸
oclrnn	𮬺
ocnnfu	𮬻
ocvinn	𮬼
oclonn	𮬽
ocmunn	𮬾
ocmunn	𮭁
ocnnli	𮭂
ocklnn	𮭃
ocnnxm	𮭄
ocsonn	𮭈
ocjinn	𮭉
ocllnn	𮭊
ocxynn	𮭌
ocyjnn	𮭍
oclwnn	𮭒
ochynn	𮭓
ockhnn	𮭔
ocqtnn	𮭕
oclcnn	𮭖
ocgjnn	𮭗
ocsvnn	𮭘
occvnn	𮭚
ocdunn	𮭞
oclugu	𮭫
ocluqy	𮭬
ocluld	𮭮
oclukh	𮭰
oclukz	𮭲
ocluyu	𮭳
oclumm	𮭵
oclumw	𮭸
oclugv	𮭺
ocmdyj	𮭽
ocmdiu	𮭿
ocmdcc	𮮁
ocmdxt	𮮂
ocmdyz	𮮃
ocmdgd	𮮄
ocmdqm	𮮅
ocmdbc	𮮆
ocmdmz	𮮇
ocmamu	𮮈
ocmayi	𮮉
ocmags	𮮊
ocmaua	𮮋
ocvuhl	𮮏
ocuumi	𮮒
ocuuqb	𮮓
ochwff	𮮔
ochwli	𮮖
ochwlb	𮮙
ochwpz	𮮚
ochwgr	𮮛
ocgsbi	𮮠
ocmmyz	𮮡
ocgzmm	𮮢
ocmmxy	𮮣
ocdkcd	𮮥
ociugu	𮮧
ocdhgu	𮮩
ocbfgu	𮮪
ocuuiz	𮮬
ocuuqp	𮮭
ocuupz	𮮮
ocuudj	𮮯
ocbiye	𮮶
ocbisi	𮮷
ocbidg	𮮸
ociicy	𮮿
ociiqm	𮯀
ociidz	𮯁
ociiui	𮯂
ociixl	𮯄
ociili	𮯊
ociidu	𮯍
oclhii	𮯏
ociiuk	𮯐
ociiya	𮯒
ociijk	𮯖
ociiyu	𮯗
ociily	𮯘
ociike	𮯙
oclshe	𮯚
oclyxi	𮯠
ocfuve	乳
ocrfbk	倂
ocrfju	倶
ocriyt	冐
ocyzyt	冑
ocrimu	冒
ocykli	勞
ochzee	卮
ocxter	印
ocihyz	反
ochzkz	后
ockzya	唖
ocvukz	喜
ocvujx	嘉
ocyktu	塋
ocvuju	壾
ocyknv	嫈
ocvucy	尌
ocuibk	屛
ocykuj	嵤
ochzba	巵
ocjbbk	帲
ocvuuj	彭
ocmuxb	怷
ocxbhu	恆
ocyaxb	悪
ocihkl	戶
ocuzry	撋
ocllyt	朗
ocmudm	朮
ocykmu	榮
ocmury	橍
ocuvke	涜
ocuvqk	淸
ocykuv	滎
ocuvry	潤
ocykxy	煢
ocykho	熒
ocyklv	營
ocyknq	犖
ocqrce	狦
ocykyu	瑩
ocbkwa	甁
ocykwa	甇
ocbkma	痲
ocvupi	皷
ociupi	皺
ocmury	瞤
ocykui	禜
ocvupo	笸
ocsihu	絚
ocsike	続
ocyksi	縈
ocykfz	罃
ocsijr	羂
ocytfu	脬
ocytbk	腁
ocykyt	膋
ocytry	膶
occciu	蒭
ochuxt	虐
ocihhu	虒
ocykis	螢
ocykyi	褮
ocykjm	覮
ocyjke	読
ocykyj	謍
ociebk	輧
ocvibk	逬
ocller	郎
ocfuer	郛
ociuer	鄒
ocykyz	醟
ocykjb	鎣
ocjbfg	鎽
ocbcvv	隺
ociuvv	雛
ocuibk	餠
ocmabk	騈
ocyknn	鶯
ociunn	鶵
ocvuvi	鼓
ocvupu	鼔
ocrijm	㒻
ocrijr	㒽
ocriui	㒾
ocrili	㒿
ocnvvu	㛸
ocujry	㠈
ochvxb	㤙
ocmujr	㯞
ocvuqm	㰻
ociuqm	㱀
ocuvmu	㳈
ochofg	㷨
ocyktm	㽦
ocykmu	䁝
ocykui	䃕
ocykyu	䎕
ocytvu	䐍
ocjqys	䑕
ocykdz	䝁
ocykyb	䪯
ocyuhu	䱍
ocwjwj	𠀞
ocqidm	𠀪
ocqipp	𠀫
ocihhg	𠂋
ocihppna	𠂢
ocppce	𠂨
ocxtxt	𠂩
ocihvg	𠂮
ocihmd	𠃅
ochzyi	𠃘
ocvuve	𠃸
ocbkye	𠆕
ocrfvu	𠊪
ocrimu	𠕖
ocrido	𠕝
ocriig	𠕠
ocritu	𠕤
ocridc	𠕥
ocriyu	𠕦
ocrier	𠕰
ocykfj	𠙦
ocrfkl	𠚂
ocuidc	𠛖
occedc	𠜂
ocmcys	𠝈
ocbkrf	𠝵
ociudc	𠞃
ocihppna	𠨸
ockzhv	𠰸
ockzce	𠱡
ockzvu	𠷸
ockzry	𠾽
ocykts	𡀸
ocihtu	𡒮
ocvuzi	𡕆
ocdohv	𡖣
ocdovz	𡖭
ociuda	𡙦
ocnvhv	𡛸
ocnvce	𡜜
ocnvya	𡟳
ocykzi	𡦃
ocbcui	𡧘
occecy	𡬥
occecy	𡬬
ocujce	𡷌
ocujfg	𡻀
ocihsi	𢀴
ocykjb	𢄋
ocdnpp	𢎨
ocrfxb	𢗩
ocxbvu	𢜳
ocvuxb	𢝫
ocxbry	𢡞
ocvuzi	𢤥
ocykxi	𢥒
ocuzhu	𢫮
ocmuwf	𢻾
ocykdz	𣂈
ocihui	𣂑
ocriys	𣆎
ocrizi	𣆢
ocjqys	𣆨
occeri	𣆩
ocuiya	𣊰
ocriry	𣋆
ocmumu	𣏕
ocmumu	𣏟
ocmuce	𣑭
ocqxmu	𣓫
ocmufg	𣗏
oclbge	𣝺
ocvush	𣞙
ocxtqm	𣢔
ocyaui	𣱌
ocuvgs	𣲅
ocuvgx	𣲖
ocuvce	𣳷
ocuvfg	𣺿
ochvho	𤇀
ochohv	𤇆
ochoya	𤉁
ociuho	𤌉
ocykjk	𤌌
ocykyc	𤌡
ociuho	𤌽
ocykjs	𤍔
ocykjk	𤍧
ocykli	𤍩
ocykyj	𤐺
ocnqmu	𤘱
ocnqhu	𤙆
ocnqce	𤙉
ocqrmu	𤝂
ocqrhl	𤟂
ocwhyt	𤣽
ocwhhv	𤤨
ocykgx	𤬐
ocykug	𤯵
ocqxmb	𥁿
ocxtmu	𥄤
ocppvu	𥚧
ocvuce	𥬰
ocmice	𥹤
ocmixi	𥺗
ocmivs	𥼟
ocsiir	𥾖
ocduyu	𦑢
ocyker	𦖽
ocytce	𦚻
ocifrf	𦣠
ocifce	𦣧
ocvzvz	𦨸
occcrf	𦬰
occcry	𦻺
ocvuds	𧄓
ocisls	𧊑
ocisfg	𧏢
ocvuzc	𧒕
ocpphv	𧙊
ocpphu	𧙸
ocvufz	𧯻
ocvuvz	𧯼
ocvuds	𧯾
ocvubw	𧯿
ocvukz	𧰀
ocvuyu	𧰇
ocvuvf	𧰊
ocvujm	𧰋
ocvugo	𧰒
ocvudc	𧰕
ocvutj	𧰘
ocvuve	𧰠
ocvuli	𧰡
ocvuxy	𧰣
ocuilk	𧰾
ocuice	𧱆
ocvice	𧲾
oczuce	𨀢
oczuhu	𨀿
oczujm	𨃎
ocykie	𨍶
ociuie	𨎆
ocvirf	𨑳
ocvivu	𨔦
ocvifg	𨕱
ockler	𨙪
occeer	𨚿
ocyzjm	𨡼
ocjbry	𨬔
ocihce	𨱸
ocvuih	𨲗
ocmfce	𨴕
ocjury	𨶽
ocyuce	𩂨
ocmaiu	𩤍
ocmafg	𩥪
ocpogv	𩲰
ociuii	𪙗
ocrfhv	𪜭
ocvudc	𪟌
ocqxcy	𪧹
ocuirf	𪨋
ocxbjm	𪬌
ocuzfg	𪮘
ocriya	𪰥
ocykqi	𪹽
ocwhfg	𪼇
ocwhry	𪼙
ocppys	𪽆
ocviiu	𫐻
ocmche	𫧻
ocnvhu	𫰟
ocnvya	𫰫
ocrfvu	𫹙
ocgevu	𫻿
ocuzjm	𫽝
ocmuya	𬂲
ocuvjm	𬈋
ochsjm	𬗻
ociuhe	𬯲
ocyuhv	𬵈
ocyyce	𭁪
ocuice	𭁯
ocbcju	𭁷
ocklji	𭂪
ocvujq	𭐕
ochzjb	𭘑
ocglvu	𭙤
ocykvg	𭭱
ocuvhv	𭰊
ocykbi	𭶋
ocuifg	𮀷
ocppju	𮂀
ocppvz	𮂁
ocykjn	𮗵
oczuju	𮜅
ociery	𮝧
ocjbce	𮡱
ocvuwf	𮮦
ocbcif	宧
ocwhir	巟
ocvjkz	㔽
oclwir	𠫱
ockzif	𠲬
ocuiir	𡰭
ocmuif	𣐵
ocufls	𤯉
octmif	𤱻
ocbdir	𤽇
ockzfzhu	嚹
ocvuccyz	𡔷
ochgvehg	与
ochguuve	丐
ocrfdado	偧
ocuidado	䃎
ocsidado	䋾
ocytdado	䐒
ocuudado	䵙
ocjndado	𧤌
ocyjdado	𧩫
ocfgdado	𩘖
ocbndado	𩮅
ocsidado	𬘲
oczudado	𮛰
ochguuve	丏
ocveuuer	丑
ocervedm	专
ocvevehg	丝
oclnvehg	丞
ochgkluj	両
ocqiklkl	丣
ochgklcs	两
octubayi	丧
ocveeruu	丮
ocveppuu	丱
oclvppuu	丳
ocuurfkl	临
ocyebagj	丵
ockldmhg	丹
ocdmlidm	为
ochgkldm	丽
ocxkeruu	举
ocdmvena	之
ocppvehg	乌
ocrfuuer	乍
ocppqmuu	乎
ocppvexn	乐
ocycppuu	乔
ocpphgfu	乕
ochecchg	乗
ocvevepp	乡
ocppbayi	乥
ocvevedm	书
ocvxsive	乿
ocuihjqi	亁
ocvxyzve	亂
ocsiveuu	予
ocdcxtuu	争
ochgbaxt	亊
ochgkzxt	事
ocerppuu	亓
ocerkluu	亜
oceruuuu	亞
oclntjhg	亟
ocwfverf	亥
ocwfppba	亦
ocwfkzln	亨
ocwfkzzi	享
ocwfkzxn	京
ocwfkzdk	亭
ocwfkzrs	亮
ocwfkzri	亯
ocwfrixn	亰
ocwfkzto	亳
ocwfkzjq	亴
ocwfhvdj	亶
ocijxtba	亷
ocwftsqp	亹
ocrfdmve	今
ocrfppuu	介
ocrfdmdm	仒
ocrfdmsi	令
ocvedmrf	以
ocrfdcna	仭
ocrfjqui	伜
ocrfbaui	伞
ocrfrfli	伤
ocrfbchg	伫
ocrfrfxn	伱
ocrfernv	佞
ocrfrfuj	佡
ocrfxkhg	佥
ocrfjijb	佩
ocrfhgvg	佱
ocrfbayt	佾
ocrfglto	侂
ocrfkzir	侃
ocrfklcc	侖
ocrfveui	侯
ocrfizdc	侴
ocrfjb	侵
ocrfrfqp	俎
ocrfyzqn	俜
ocrfytdc	俞
ocrfwfuj	俢
ocrfuuuj	修
ocrfjm	俴
ocrfdmkz	倉
ocrfgsxb	倊
ocrfuuqr	倏
ocrfuuho	倐
ocrfuuui	候
ocrfuive	値
ocrfrfrf	倹
ocrfvxrj	偁
ocrfklnv	偃
ocrferda	偄
ocrfkzkv	偔
ocrfqmjq	偛
ocrfcsxb	偬
ocrfkzer	偮
ocrfrfve	偸
ocrfuubw	偹
ocrfiuri	偺
ocrfuuzz	偼
ocrfdamu	傄
ocrffucy	傅
ocrfcsui	傘
ocrfgsys	備
ocrfriyu	傝
ocrfcsxb	傯
ocrfrfyh	傷
ocrfxbwf	傻
ocrfnmfu	傼
ocrfccys	僃
ocrfyuvf	僇
ocrfkzcs	僉
ocrfxisi	僊
ocrfiewf	僌
ocrfsigs	僎
ocrfyefu	僕
ocrfmcjs	僪
ocrfjiri	僭
ocrfxiir	僲
ocrfqudz	僼
ocrfsiyi	儇
ocrfklwf	儍
ocrfriho	儑
ocrfirve	儠
ocrflw	儡
ocrfluho	儦
ocrffubw	儧
ocrfjrma	儯
ocrfdctu	儳
ocrfuuhw	儵
ocrfcvjs	儶
ochgveer	兂
ocerbkdm	兆
ocdckler	免
ocppkldm	兎
ocppuher	兏
ocbdkler	兜
ocbdbwer	兠
ochgjbru	兩
ocrfytve	兪
ocxkhgba	兴
ocqphgba	具
ocklgsba	典
ocqmycyc	兹
ocqmfuuu	养
ocqmxtba	兼
ocbatmkz	兽
ocbatmgs	兾
ocqmviyy	兿
ocbwtmgs	冀
ockluuhg	円
ocklklhg	册
ocklvekl	冎
ocklbakz	冏
ocbcbdbi	冟
ocbcyrcy	冠
ocbchgui	冡
ocbcuidm	冢
ocbcrilq	冥
ocbcyrpu	冦
ocbcjqho	冩
ocwfdmdm	冬
ocbkxitu	凐
ocbksixk	凙
ocbkwfui	凛
ocbkwfhe	凜
ocbkifho	凞
ocjihgri	凬
ocuuhghg	凸
ocuuvehg	凹
ocveuvkl	函
oclntjkl	凾
ocyeqmkl	凿
ocdcdcdc	刕
ockzbcdc	別
ocklccdc	刪
ocvegsdc	刭
ocjkdcba	刱
ocndmudc	刴
ocnqkldc	制
ocuijbdc	刷
ocqmytdc	前
ociauudc	剎
ocuadc	剎
ochebcdc	剓
ocjmdc	剗
ocbkdcba	剙
ocuidmdc	剢
ocrfrfdc	剣
ocqierdc	剤
ocfguidc	剨
ochegsdc	剰
ocrfrfrf	剱
occchedc	剳
ocyuvfdc	剹
ocwwwfdc	剺
ocmcjsdc	劀
ochuuidc	劇
ocmcjbdc	劉
ocdhdc	劏
ocqmdcna	劔
ocdctudc	劖
oclilili	劦
ocvegsli	劲
occcbcli	劳
ocxkbcli	労
ocuibwli	勚
ocyuvfli	勠
ocluwjli	勢
ocrfvvli	勧
ocuibwli	勩
ocjrsili	勬
ochuuili	勮
oclilisi	勰
occcvvli	勸
ocbcpppp	勿
ocbcrfve	匃
ocbccche	匒
ocbcgfuu	匓
ocbcuflv	匔
ocbiirxb	匘
ocklcctu	匩
ocklwuri	匫
ockldapb	匲
ocklrinv	匽
ochguuuu	卄
ocbaeruu	半
ochguuuu	卌
ocveuuuu	卍
ocvehghg	卐
ocbdppui	卑
ocwfcsui	卒
ocuuhgzc	卓
ocuilili	協
ocbariui	单
ocuiklgj	南
ocxkjxhg	単
ocyjsiui	卛
ocuuhghg	卝
ocuuhgkz	占
ocuuhgui	卢
ocvjppia	卥
ocuuhggo	卨
ocppveer	卬
ocklpper	卯
ocmcdmdm	卵
ocbdbier	卽
ockzkver	卾
ocppjqji	卿
ocmuuver	厀
ocihtudm	压
ocihrizi	厚
ocihbdxn	原
ocihhehe	厤
ocihniqm	厥
ocihdzcy	厨
ocihrijq	厬
ocihytqr	厭
ocihlbdm	厯
ocxkihgj	厳
ocyryryr	厵
ocsisisi	厽
ochgyzsi	叀
ocsidasj	叁
ocsidauj	参
oclwrfsj	叄
oclwrfxn	叅
ocppvena	及
ocveyzdm	发
ocuiklyz	叓
ocuhxnyz	叔
ocvxbcyz	受
ocveveyz	叚
ocquveyz	叝
ocuiuiyz	叞
ocjquuyz	叟
ocrobcqp	叠
ocyeyhqu	叢
ocvehgkz	司
ocrfhgkz	合
ocklhgkz	同
ochgklia	吏
ockzveda	吳
ockzppkz	呂
ockzveba	呉
ockzhuyi	呝
ockltukz	周
ocrfkzer	命
ockzkzji	咒
ockzkzkv	咢
ocklvejs	咼
ockzkzkz	品
ocuigekz	哉
ockzkzqr	哭
ockzccgj	哶
ockzvxcy	哷
ocglyukz	唐
ockzbdui	唕
ocuiyzkz	唘
ockzjb	唚
ockzxnbw	唢
ockzihgv	啀
ockzuidm	啄
ocwfbajs	商
ocwfklgu	啇
ochuwfkz	啓
ochugekz	啔
ockzbcfz	啕
ockzdcjq	啗
occikzkz	啙
ockzuihv	啚
ocjbjbkz	啠
ocuiqmhv	啬
ockzhecc	啽
ocyhqmkz	善
ockzkzvz	喌
ockziuri	喒
ockzbier	喞
ockzqmjq	喢
ockzjuho	喣
ockzrfve	喩
ocuihgna	喪
ocyckzkz	喬
ockzkzhg	單
ocxkbclv	営
ocxkbcgc	喾
ocuikzuu	嗀
ocuicshv	嗇
ockziryi	嗈
ockzliyt	嗋
ockzcche	嗒
ockzlcri	嗜
ockzccsi	嗣
ockzxnbw	嗩
ockzrfgu	嗰
ockzqlsi	嗴
ockzuuqm	嗽
oclvjqlv	嘂
ockznmfu	嘆
ockzyuvf	嘐
ockzhuhu	嘑
ockzyumi	嘨
ockzcijn	嘴
ockzziui	嘷
ockztmkz	嘼
ockzsigs	噀
ockzjiri	噆
ockzmcjs	噊
ockzheyu	噏
ockzgskz	噐
ockzbdui	噑
ockzyefu	噗
ockzvikl	噛
ockzsisi	噝
ocglvvkz	噟
ockzqrkz	器
ocwhkzkz	噩
ockzvuwu	噬
ockzsiyi	噮
ockzhuui	噱
ockzybqm	噷
ockzxtyb	噾
ockzzzuv	嚃
ockzuipi	嚏
ockzuhvi	嚐
ockzuizz	嚔
ockzifkz	嚚
ocjijiji	嚞
ochgbayi	嚢
ockzyekz	嚣
ockzmfjq	嚪
ockzdzge	嚱
ocycbcgc	嚳
ockzihgj	嚴
ockzdctu	嚵
ockzsisv	嚺
oclvyelv	嚻
ockzccvv	嚾
ockzyekz	囂
ockzwjis	囆
ochgkzyi	囊
ocnmfuxi	囏
ockzcclj	囒
ockzfgii	囓
ocklvehg	囙
ocppklia	囟
ocklbakl	囧
ocppkldm	囪
ockluuhg	囬
ocppklwf	囱
ockldmia	図
ocklbatu	囶
ocklbafh	圀
ocsiklgj	圅
ockljrji	圏
ocklsifh	圐
ocklkzhv	圖
ocklsihv	圗
ocklbamm	圙
ocklsixk	圛
ocklsiyi	圜
ocklyjsi	圝
ocuiuutu	在
ocrfrftu	坐
ochgirtu	坙
ocuuyztu	坚
octubatu	坴
ocqmgshg	垂
octututu	垚
octundmu	垜
octuuhxx	垰
octuwfxs	垴
ocqmbwer	埀
ocujuvtu	埊
octujb	埐
octuvxcy	埒
octuppcy	埓
octudcjq	埳
ocfhfhtu	堃
ocifyztu	堅
ocnmvssj	堇
octuihgv	堐
octubcmu	堔
oceryzyt	堕
octuirxb	堖
octujrtu	堘
octuxitu	堙
ocmcwftu	堥
octuerda	堧
octuxswf	堫
octukzkv	堮
octuklnv	堰
ocxkveyz	報
octuzoyt	堶
octmbatu	塁
octusifh	塄
octuriyu	塌
ocytjrtu	塍
octucche	塔
octubcui	塜
ocbcjktu	塞
occcsitu	塟
ocuvigtu	塣
octukzmb	塩
octurfyh	塲
ocbdjitu	墍
octurffu	墖
octubari	増
octuyefu	墣
ocieuutu	墼
ocvigftu	墾
octusixk	墿
oclbmctu	壄
ocycbctu	壆
octuwfhe	壈
octuhuui	壉
octuuiyi	壊
octulqyi	壌
ocuuyztu	壑
octucche	壒
oclwtu	壘
octumfjq	壛
octuyisi	壞
octuihmo	壥
octuccvv	壦
octmtmtu	壨
ocuiuiuu	声
ocuibcbi	壱
ocuibcer	売
ocuiuiui	壵
ocuibcye	壶
ocuibchg	壷
ocuibcya	壸
ocuibcdz	壹
ocuibchg	壺
ocuibcya	壼
ocuivecy	壽
ochgkzcy	夀
ocuisigu	夁
ocsibawf	夋
octubawf	夌
ocrfriwf	复
ochgziwf	夏
ocdcrfwf	夐
ocyjhowf	夑
ochgbawf	夒
ochgbawf	夓
ocqmziwf	夔
ocwfrfdm	夜
occcsixi	夢
ocwfsixi	夣
ocvehgrf	夬
ocdappuu	夰
ocdmdmda	头
ocdcklda	奂
ociyeruu	奉
ocgvveda	奊
ocjrppuu	奍
ocdcbada	奐
ocfgdcda	契
ocjlxida	奖
ocpjuida	奘
ocvxycda	奚
ochgziuu	奡
ocppmida	奥
ocppbmda	奧
ocjlvxda	奨
ocdavvcy	奪
ocdabdbd	奭
ocdavvtm	奮
ocsisida	奰
ocyjsida	奱
ocvepphg	女
occchgnv	妛
ochgxtnv	妻
ocnvklcc	姍
ocnvsiyt	姢
ocnvnvnv	姦
ocnvnvgj	姧
oclilinv	姭
ocnvjijb	姵
ocnvgjgj	姸
ocnvyzqn	娉
ocnvihgv	娾
ocklklnv	婁
ocnvbcmi	婅
ocifyznv	婜
ocnvpmpj	婣
ocnvvxrf	婬
ocbwbwnv	婴
ocmcwfnv	婺
ocnvrfve	婾
ocnverda	媆
ocklsinv	媐
ocnvhecc	媕
ocnvzoyt	媠
ocnvuuzz	媫
ocnvvxfz	媱
ocnvxbbi	媲
ocytjrnv	媵
ocnvjiwf	媺
ocnvnjnv	嫐
ocnvdcbi	嫓
ocnvyixb	嫕
ocyiuunv	嫛
ocwwwfnv	嫠
ocnvnmfu	嫨
ocnvyuvf	嫪
ocnvhuhu	嫭
ocnvyukv	嫮
ocnvuuqm	嫰
ocnvybge	嬂
ocnvheyu	嬆
ocnmkznv	嬊
ocnvwhwf	嬍
ocnvmmug	嬎
ocnvtuug	嬔
ocnvsixk	嬕
ocnvsiyi	嬛
ocnvlqyi	嬢
ocbwbwnv	嬰
ocnjnvnj	嬲
ocmhnvfj	嬴
ocnvbcfj	嬸
ocnvnixb	嬺
ocnvsida	嬽
ocyukznv	孁
ocnvvumb	孂
ocnvcsjq	孅
ocnvcvjs	孈
ocnvccvv	孉
ocyjsinv	孌
ocnvcclj	孏
ocuiuuzi	存
ocuibczi	孛
ocxkbczi	学
ocifyzzi	孯
ocuizima	孱
ocqmyczi	孳
oczimari	孴
occcyczi	孶
ocwwwfzi	孷
ocycbczi	學
occcxbzi	孼
ocyjsizi	孿
ocbchgzz	定
ocbcfgkz	害
ocbcrinv	宴
ocbckzwu	宺
ocbcyzuj	宻
ocbcyrnv	宼
ocbchgba	寅
ocbcyrpu	寇
ocbcjkee	寋
ocbcxbmb	寍
ocbcpjbk	寎
ocbcpjww	寐
ocbcjkdm	寒
ocbchgdk	寕
ocbcgxgx	寙
ocbcwhfz	寚
ocbcccjm	寛
ocbcxbuu	寜
ocbcjlyz	寝
ocbchgdc	寡
ocbcpjyz	寢
ocbcpjyj	寣
ocbcpjwu	寤
ocbcyuvf	寥
ocbcxbdk	寧
ocbcjkmu	寨
ocbcjqho	寫
ocbcccjm	寬
ocbcsiyi	寰
ocbcpjnp	寱
ocbcerbw	寳
ocbcfzbw	寶
ochguudm	寸
ochgyzcy	専
ocjlxicy	将
ocpjxicy	將
ochgufcy	專
ocuiuicy	尉
ocxtkzcy	尋
ocyeyhcy	對
ocxnxnxn	尛
ocdarixn	尞
ocbaeruc	尦
ocqippwu	尧
ocbaerwh	尩
ocyzndmu	尮
ocvehgpp	尹
ocuivekz	局
ocuitukl	屆
ocuirfvi	屐
ocuigsna	展
ocuirfui	屜
ocuirffu	履
ocuirflz	屦
ocuirfmu	屧
ocuirflz	屨
ocuirfqn	屩
ocuipjqn	屫
ocuiuvuu	屬
ocuibwbw	屭
ochgklve	屯
ocklqmuj	岡
ocujihgj	岸
ocxkbcuj	峃
ocujyzuu	峄
ocujwfri	峕
ocujdatu	峚
ocujuhxx	峠
ocqrizuj	峱
ocujhgfg	崋
ocujihgv	崕
ocujihgv	崖
ocujirtm	崰
ocujkzkv	崿
ocheyzuj	嵆
ocheyzuj	嵇
ocujgjqm	嵌
ocmcwfuj	嵍
ocujxswf	嵏
ocujxswf	嵕
ocujxuuc	嵗
ocujlikz	嵜
ocyuujuj	嵞
ocujihvv	嵟
ocujzimu	嵲
ocujyuvf	嵺
ocujyubd	嶍
ocujihpw	嶏
ocujheyu	嶖
ocujjiri	嶜
ocujsixk	嶧
ocycbcuj	嶨
ocujdvxb	嶭
occvuuve	嶲
ocujuitu	嶳
ocujvxxb	嶾
ocujqtge	巀
ocujdzge	巇
ocujdctu	巉
ocujxkgj	巌
ocujhgwf	巎
ocujccvv	巏
ocujgcug	巐
ocyjsiuj	巒
ocujvfye	巓
ocujxtnv	巕
ocujgeqr	巘
ocujqmwf	巙
ocveveve	巛
ocppuuuu	川
ocirdmdm	州
ochgirgs	巠
ocirklve	巤
ocgsjifu	巬
ocvegslq	巯
ocsihgba	巺
ocsisigs	巽
ocuuppjb	帅
ocuuhgjb	师
ocxtbcjb	帚
ocwfbcjb	帝
ocfgbcjb	带
ocdvhgjb	師
ocglnmjb	席
ocsabcjb	帯
ocjbjm	帴
ochgbcjb	帶
ocbcrijb	幂
ocytjrjb	幐
ocrfujwf	幑
ocjbcsxb	幒
ocjbyefu	幞
ocjbybge	幟
ocrfhgui	年
ocppgjgj	幷
octubagj	幸
ocvorfgj	幹
ocujycyc	幽
ocycgerf	幾
ocglxkhg	应
ocglxtrf	庚
ocglnmyz	度
ocglnmho	庶
ocglyuyt	庸
ocglnmii	庹
ocglgsmu	庺
ocglnmcs	庻
ocglzdyz	廀
ocgldger	廃
ocglgfuu	廄
ocglhgho	廌
ocglbiuu	廏
ocglyuvf	廖
ocgltmgs	廙
ocglqmcy	廚
ocgllitu	廛
ocglwfhe	廩
ocglwfui	廪
ocglytvf	廫
ocglyivv	廱
ocvippve	延
ochgppuu	廾
ochgvedm	弋
ochgyier	弐
ociauuui	弒
ocuaui	弒
ocgsppuu	弗
ocbadnpp	弟
ocgsccyz	弢
ocgsvegs	弪
ocgsgsbk	弱
ocgssv	強
ocgshggs	弻
ocgsbdgs	弼
ocbcjkgs	弿
ocuigsuu	彀
ocyegsui	彂
ocgsqmli	彅
ocgssiyi	彋
ocyjsigs	彎
ocvevehg	彑
ocuuppxt	归
ocveveui	彖
ocfgfgxt	彗
ochuuibi	彘
ochubcgo	彙
ocxtbcgo	彚
ocxtffcc	彛
ochuffcc	彜
ochusicc	彝
ocxtsicc	彞
ocpppppp	彡
ocwfihuj	彥
ocyihguj	彧
ocrfvegs	径
ocrfycwf	後
ocrfqmzz	従
ocrfvizz	徙
ocrfcszz	從
ocrfvxfz	徭
ocrfjiwf	微
ocrfvgvg	徰
ocrfuixb	徳
ocrfujwf	徴
ocrfujwf	徵
ocrfuixb	德
ocrfyuwf	徹
ocrfujwf	徽
ocrfyjwf	徾
ocrfriuv	忁
ocdmvedm	心
ocuudmdm	忄
ocxbjqui	忰
ocbakzxb	总
ocxbyzuu	怿
ocxblili	恊
ocfgdcxb	恝
ocxbiags	恡
ocxbgser	恱
ocwfrixb	恴
ochgyzxb	恵
ocxbwfxs	恼
ocxbbitu	悂
ocxbxkxs	悩
ocuivexb	悳
ocxbdcjq	惂
ochgufxb	惠
ocxbxbxb	惢
ocxbkljx	惬
ocxbzoyt	惰
ocxbirxb	惱
ocxbxyzi	惸
ocxbmbri	惽
ocxbxswf	惾
ocmbwfxb	愍
ocxbkzkv	愕
ocmcwfxb	愗
ocvxxbwf	愛
ocxbkljx	愜
ocxbklnv	愝
ocxberda	愞
ocxbcsxb	愡
ocxbsifh	愣
ocuiuuxb	愨
ocxblcri	愭
ocmumuxb	愳
ocxbliyt	愶
ocldlixb	愸
ockluixb	慁
ockeuuxb	慤
ocldqrxb	慭
ocxbrfyh	慯
ocglxbwf	慶
ocbkhgxb	慿
ocxbyuvf	憀
ocxbcsxb	憁
ochgxbwf	憂
ocrfvixb	憄
ocldqrxb	憖
ocldwfxb	憗
ocuezixb	憩
ocxbjiri	憯
ocxbmcjs	憰
ocbcfgxb	憲
ocxbsiyi	懁
ocxbhuui	懅
ocvigfxb	懇
ocglvvxb	應
ocyulbxb	懋
ocxbsixk	懌
ocxbwfhe	懍
ocxbwfyi	懐
ocxbwfui	懔
ocjbuexb	懖
ocxbvxxb	懚
ocxbuipi	懥
ocxbuijq	懴
ocxbyisi	懷
ocxmxixb	懸
ocxbcsjq	懺
ocxbbwyi	懻
ocxbccvv	懽
ocyjsixb	戀
ocvhgsxb	戅
ocppuzge	我
ocgekzhg	或
ocwuuhxn	戚
ochgzige	戛
ochgbcge	戞
ockzerge	戢
ocuigevv	截
ocyuvfge	戮
ochudzge	戲
ocuigegs	戴
ocqiklkl	戼
ocihkljb	所
ochuklcc	扁
ocpperuu	手
ochguupp	才
ocuzppqi	扥
ocuzrfdm	扵
oclnvena	承
ocuzjqli	抛
ocuzveyz	报
ocuzbcji	抭
ocuzyzli	拋
ocuzrfye	拖
ocuzhgfg	拜
ocuzhgfg	拝
ocuzwfji	拠
ocuzglsi	拡
ocuzhgba	拣
ocuzyzuu	择
ocuzirxi	拶
ocuzlili	拹
ocuzndmu	挅
ocfgdcuz	挈
ocuzuhxx	挊
ocuzxtyi	挖
ocuzqmri	挿
ocuzvxcy	捋
ocuzritu	捏
ocuzrida	捑
ocuzufyz	捜
ocuzihgv	捱
ocuzgsxb	捴
ocuzbcfz	掏
ocuzdcjq	掐
ocifyzuz	掔
ocuzbcmu	探
ocuzbcmi	掬
ocuzffuz	掰
ocuzuzuz	掱
ocuzribi	掲
ocuzyzis	掻
ocuzjqgs	揑
ocuzqmjq	插
ocuzcsxb	揔
ocuzkzer	揖
ocuzhecc	揜
ocuziuri	揝
ocuzklnv	揠
ocuzvxyz	援
ocuzqmjq	揷
ocuzvxkl	揺
ocuzmmdm	搀
ocuzliyt	搚
ocuzriyu	搨
ocuzcche	搭
ocuzuixb	搱
ocuzxtgx	搲
ocbcjkuz	搴
ocheuzuz	搻
ocuzheuz	搿
ocuzvxfz	摇
ocuzxtxi	摉
ocuzyuvf	摎
ocuzuuqm	摗
ocuzcsxb	摠
ocuzhuhu	摢
ocuzhuqp	摣
ocuzrfyh	摥
ocuzkxgx	摦
ocluwjuz	摰
ocuzyukv	摴
ocuzrfyb	摿
ocuguuuz	撀
ocuztmge	撂
ocieuuuz	撃
ocuzjiri	撍
ocuzuhya	撐
ocuzlwxn	撡
ocuzyuwf	撤
ocuzsiie	撪
ocuzyefu	撲
ocuzfuie	撵
ocuzjiye	撷
ocuzvogj	擀
ocuzhunj	擄
ocuzsixk	擇
ocieuuuz	擊
ocuzvujx	擌
ocuzsiyi	擐
ocuzhuui	據
ocifrfuz	擥
ocuzsiqm	擨
ocuzdmer	擲
ocuzjiye	擷
ocuzirve	擸
ocuznmqm	擹
ocuzsing	擺
ocuzdivi	擿
ocycdauz	攀
ocuzlw	攂
ocuzfubw	攅
ocuzfuie	攆
ocuzluhe	攈
ocuzklhr	攌
ocuzwhnv	攍
ocuzbcyi	攐
ocuzcsjq	攕
ocuzlumi	攗
ocuzdctu	攙
ocuzxtuu	攛
ocuzcvjs	攜
ocuzsiww	攞
ocuzluhe	攟
ocyjsiuz	攣
ocuzvusi	攥
ocuzxtgx	攨
ocuzmuvi	攫
ocuuhgyz	攴
ocrfuuwf	攸
ocuhxnpu	敊
ociaziwf	敎
ocfgbcwf	敖
ocveerwf	敢
ocgsytwf	散
ocbdfhwf	敫
ocqmjqpu	敮
ocmbripu	敯
ocfufhwf	敷
ocuubmwf	敹
ocfumuwf	敻
ocsixkwf	斁
ocwwwfld	斄
ocwhwfwh	斑
ocwfisyu	斔
ocwftsqp	斖
ocdmdmui	斗
ocsibcdz	斚
ockzbcdz	斝
ocvorfdz	斡
ocihhguu	斤
ocmivejb	断
ocvehgjb	斲
ocmcyajb	斵
ocycvejb	斷
ocfhrfji	斻
ocfhrfdm	於
ocfhrfye	施
ocfhrfjb	斾
ocfhrfzi	斿
ocfhsixn	旀
ocwfbafh	旁
ocfhrfjb	旂
ocfhrfdj	旃
ocfhrfmc	旄
ocfhrfna	旅
ocfhrffu	旆
ocfhrfpi	旇
ocfhrfwa	旊
ocfhrfpi	旋
ocfhrfug	旌
ocfhrflk	旍
ocfhrfni	旎
ocfhrfui	族
ocfhrfvc	旐
ocfhrflq	旒
ocfhrfxn	旓
ocfhrfqi	旖
ocfhrfqi	旗
ocfhybge	旘
ocfhrfpn	旚
ocfhrffj	旛
ocfhrfdj	旜
ocfhrfhv	旝
ocfhrfsv	旞
ocfhrfyu	旟
ochgveer	旡
ocbdbiji	旣
occchgri	旹
ocdabari	昚
ocridauu	昦
ocrihgzz	是
ocrigser	昻
ocriglsi	昿
ocersiri	晉
ocridcer	晩
ochuwfri	晵
ocririri	晶
ocriiuri	晷
ocrihvwu	暁
ocmbwfri	暋
ocmcwfri	暓
ocliliri	暜
ocihlbri	暦
ocluwjri	暬
ocribdui	暭
ocrigsuv	暴
ocrinmfu	暵
ocvirivv	暹
ocbdjidj	曁
ocihheri	曆
ocriziui	曍
ocrisixk	曎
ocridabf	曓
ocjkbcqp	曡
ocyjsiri	曫
ochgriia	更
ocribcve	曷
ochgquri	曹
ochgyzri	曺
ocrisiyz	曼
ocbatmri	曽
ocbaklri	曾
ocfufuri	替
ocjijiri	朁
ocrierli	朂
ocrfklri	會
ocytveyz	服
ocwhytwh	望
ocytxswf	朡
ocifytwh	朢
ochgjbrf	朿
ocmukler	枏
ocmujqui	枠
occidmdm	枣
ocmukzdc	枴
ocuinmmu	枽
ocmurfye	柂
ocuvqimu	柒
ocuvjqmu	染
ocmubakz	柗
ocmukljq	柩
ocmuklcc	柵
ocmuppee	栀
ocmuxier	栁
ocmuppwj	栃
ocxkbcmu	栄
ocdakzdm	栆
ocfgdcmu	栔
ocmulili	栛
ocgjgjmu	栞
ocmurfdj	栴
ocuigemu	栽
ocvjhgmu	桌
ocmundmu	桗
ocmuirxi	桚
ocmuuhxx	桛
ocmuxknv	桜
ocmuxier	桞
ocmugeer	桟
ocmuujji	桤
ocjlximu	桨
ocmuuikz	桰
ocmusibf	桳
ocmuqikl	桺
ocmurfuv	桼
ocuvdcmu	梁
ocmubdbi	梎
ocmubitu	梐
ocmuppba	梔
ocrfuutn	條
ocmuujff	梤
ocxtsimu	梥
ocmujb	梫
ocmuyzqn	梬
ocvjyzmu	梷
ochebcmu	棃
ocwfsamu	棄
ocmugsxb	棇
ocmubcmu	棎
ocmuklhe	棞
ocmujm	棧
ochuwfmu	棨
ocmupmpj	棩
ocmubcmi	椈
ocmuuidm	椓
ocmuirtm	椔
ocmuffmu	椕
oclbff	椕
ocmurfrf	検
ocmueryz	椭
ocmuxswf	椶
ocmuklnv	椻
ocmukzkz	楍
ocmuzoyt	楕
ocmcwfmu	楘
ocmumcmu	楙
oclbmc	楙
ocmusifh	楞
ocmurfve	楡
ocmucsxb	楤
ocmukzer	楫
ocyeqmww	業
ocbdbkmu	楽
ocmumflv	榈
ocmuxtxt	榋
ocmuuixn	榍
ocmufucy	榑
ocmubimb	榓
ocuimuuu	榖
ocmucche	榙
ocvorfmu	榦
ocmulcri	榰
ocytjrmu	榺
ocmuriyu	榻
ocuibcmu	槖
ocmuyzkz	槗
ocmuyhuv	様
ocmulidm	槞
ocmubiji	槪
ocmukxgx	槬
ocmuyzho	槱
ocluwjmu	槷
ocmuluwj	槸
ocmubdui	槹
ocbdycmu	樂
ocyclbda	樊
ocmuuuqm	樕
ocmuyuvf	樛
ocmuhuqp	樝
ocmuccfg	樥
ocmuvuvu	樦
ocmuuuuu	樧
ocmurfvv	権
ocmucsxb	樬
ocmuxiho	樮
ocmuybge	樴
ocmuyefu	樸
ocmuuicy	樹
ocmulqmb	橀
ocrfxilb	橆
ocmuqitm	橊
ocuibcmu	橐
ocmuuhya	橕
ocmumcjs	橘
ocmuyido	橠
ocmuhors	橩
ocmunmba	橫
ocmujiri	橬
ocmuziui	橰
ocmuytqr	橳
ocmubder	橷
ocmuiziz	橻
ocmuwfhe	檁
ocervxmu	檃
ocmuyjvj	檆
ocmusiyi	檈
ocmugsie	檋
ocieuumu	檕
ocmusixk	檡
ocmuwfui	檩
ocmuycve	檵
ocmudaqu	檶
ocmufhqi	檹
ocmuvxxb	檼
ochoholb	檾
ocmupiye	櫇
ocmuihcy	櫉
ocmuzifh	櫋
oclwmu	櫐
ocmulw	櫑
ocmufubw	櫕
ocmuccqu	櫙
ocmumflv	櫚
ochgiudd	櫜
ocmucclm	櫣
ocmumfjq	櫩
ocmuyisi	櫰
occcxbmu	櫱
ocmuyukz	櫺
ocmucsjq	櫼
ocmudctu	欃
ocmucvjs	欈
ocmuyequ	欉
ocmuccvv	權
ocycbccy	欎
ocyjsimu	欒
ocmucclj	欗
ocycsicy	欝
ocuuccqm	欳
ocbiuiqm	欵
ocuiuiqm	款
ocdcjqqm	欿
ocqmjqqm	歃
ocxituqm	歅
ocnmfuqm	歎
ochuhuqm	歑
ocrfvvqm	歓
ocheyuqm	歙
ocsixkqm	歝
ocrihoqm	歞
ocvoyzqm	歠
occcvvqm	歡
ochgyivi	武
ocvivivi	歮
ocvimikl	歯
ocrfvivi	歰
ocvixuuc	歲
ocvixuxn	歳
ocihlbvi	歴
ocihhevi	歷
ocdvvivz	歸
ocuuhgxi	歺
ocdddcyz	歿
ocddrfyi	殇
ocddjm	殘
ocddrfyh	殤
ocddsixk	殬
ocdduijq	殱
ocddcsjq	殲
ocpphguu	段
ocppveuu	殷
ocuijiuu	殼
ocuigsuu	殿
ocjqtuuu	毀
ocjqgsuu	毁
ocuijyuu	毂
ociekzuu	毄
ocwfsvuu	毅
ocjqmiuu	毇
ocyiuuwu	毉
ocuguuqn	毊
ocveveui	毋
ocveveui	毌
ocvevedm	母
ocdckztu	毚
ocpperve	毛
ocgsermc	毤
ocwfkzmc	毫
ocuzucmc	毮
ocmcbcmi	毱
ocmcmcmc	毳
oczoytmc	毻
ocriyumc	毾
ocwwwfmc	氂
ocmcjsmc	氄
octmhgmc	氎
ocppveqi	氏
ocklveqi	民
ocrfhgve	气
ocqippuu	氘
ocqivegs	氢
ocuuvena	水
oclnvena	氶
ocdmvena	永
ocuubkbk	氺
ochguvdm	求
ocuvdcyz	沒
ocuvhgjb	沞
ocuvrfye	沲
ocuvjikz	沿
ocuverli	泐
ocuvuijq	泦
ocxkbcuv	泶
ocuvyzuu	泽
ocuvvegs	泾
ocuvbayt	洕
ocfgdcuv	洯
ocjlxiuv	浆
ocuvvxcy	浖
ocuvyiyt	浳
ocuvjb	浸
ocuvyzqn	涄
ocuvritu	涅
ocuvbcqr	涋
ocuvhuda	涙
ocuvrfvi	涩
ocuvihgv	涯
ocuvuidm	涿
ocuvirtm	淄
ocuvdcjq	淊
ocuvbcmi	淗
ocuvbcfz	淘
ocuvvxrf	淫
ocuvhumu	淭
ocuvbcmu	深
ocuvpmpj	淵
ocuvjm	淺
ocuvuvuv	淼
ocuvuvuv	渁
ocuvbkdc	渆
ocuvribi	渇
ocuvqier	済
ocuvviuc	渉
ocuvmiuu	渊
ocuvviba	渋
ocuvvxfu	渓
ocuvgrdc	渕
ocuverda	渜
ocuvjumu	渠
ocuvhecc	渰
ocuvlqxs	渷
ocuvfhzi	游
ocuvkzkv	湂
ocuvliyt	湇
ocuvkzer	湒
ocuvmbri	湣
ocuvmuqr	湨
ocuvxitu	湮
ocuvwfug	湰
ocuvfgui	湱
ocuvyhjq	湵
ocuvwfri	湻
ocuvjqgs	湼
ocuvirtm	湽
ocuvcckl	満
ocuvujuu	溄
ocuvdger	溌
ocuvxnbw	溑
ocuvbcui	溕
ocuvcche	溚
ocuvxtgx	溛
ocuvfucy	溥
ocuvjiwf	溦
ocuvqlsi	溬
ocuvtmwf	溭
ocuvklui	溷
ocuvriyu	溻
ocuvhgtu	溼
ocuvwump	滅
ocytjruv	滕
ocuvbckz	滘
ocuvklvv	滙
ocuvyilq	滚
ocuvlidm	滝
ocuvccll	满
ocuvhuhu	滹
ocuvlqyi	滾
ocuguuuv	漀
ocuvmuuv	漆
ocuvuiyu	漏
ocuvbiji	漑
ocuvcsxb	漗
ocuvifyt	漘
ocuvjruv	漛
ocuvlbtu	漜
ocuvrfyh	漡
ocuvnmfu	漢
ocuvlbnv	漤
ocuvxtgv	漥
ocwwwfuv	漦
ocuvuuqm	漱
ocuvyuvf	漻
ocuvyhys	漾
ocuvsirf	潀
ocbiuvye	潁
ocuvujbk	潂
ocuvrfyt	潃
ocuvrfvv	潅
ocuvsina	潈
ocuvyupu	潊
ocuvmcjs	潏
ocuvjiri	潛
ocuvheyu	潝
ocuvjqho	潟
ocuvtmgs	潩
ocuvjrsi	潫
ocuvlbyt	潸
ocuvrfvi	澀
ocuvvivi	澁
ocuvwhwf	澂
ocuvyuwf	澈
ocuvqmcy	澍
ocuvpbuj	澏
ocuvqitm	澑
ocuvlbri	澘
ocuvjqyu	澙
ocuvmiqn	澚
ocuvwfhe	澟
ocuvsixk	澤
ocuvqudz	澧
ocuvvuwu	澨
ocycbcuv	澩
ocuvsiyi	澴
ocuvrifh	澷
ocuvhuui	澽
ocuvbcyz	濅
ocuvriho	濕
ocuvykho	濙
ocuvvodz	濣
ocuvxiyb	濥
ocuvvxxb	濦
ocuvqkse	濪
ocuvcche	濭
ocuvrffu	濮
ocuvxmri	濳
ocuvbcba	濵
ocuvmfue	濶
ocuvlitu	濹
ocuvergv	濻
ocuvfubw	濽
ocuvyujy	瀈
ocuvbjmb	瀊
ocuvbcfj	瀋
ocuvluho	瀌
ocuvgltu	瀍
ocuvuijq	瀐
ocuvldhv	瀒
ocuvheuu	瀔
ocuvwhnv	瀛
ocuvddjq	瀣
ocuvyisi	瀤
ocuvyugc	瀥
ocuvxiuu	瀫
ocuvsiuj	瀱
ocuvmigs	瀵
ocuvcsjq	瀸
ocuvdctu	瀺
ocuvmfqr	灁
ocuvtmtu	灅
ocuvyequ	灇
ocuvyivv	灉
ocuvjige	灊
ocuvglqu	灋
ocuvccvv	灌
ocuvdzhe	灎
ocyjsiuv	灓
ocuvdzse	灔
ocuvisdj	灗
ocuvjkye	灝
ocuvcclj	灡
ocqrqrqr	灥
ocuvfghe	灩
ocfghe	灩
ocuvfzuj	灪
ocdmdmdm	灬
ocxidmho	炙
ochorfye	炧
ocdmppho	為
ochohgba	炼
ochoppdj	炿
ochovegs	烃
ocdcbaho	烉
ocuigeho	烖
oclnveho	烝
ochusiho	焈
ocvghgho	焉
oclntjho	焏
ochodcjq	焔
ocrfxiho	無
ochogsxb	焧
ochoeryt	焨
ochohors	焭
ochodcjq	焰
ochohoho	焱
ochohoho	燚
ocxiqrho	然
ocririho	焸
ochohvwu	焼
ocklsiho	煕
ochoerda	煗
ochoxitu	煙
ocrijuho	煚
ocmumuho	煛
ociuwfho	煞
ocrijuho	煦
ocirdcho	煭
ocholiyt	熁
ocifppho	熈
ocklsiho	熙
ochocsxb	熜
ochoyuvf	熮
ochonmfu	熯
ocluwjho	熱
ocbihoye	熲
ochojiri	熸
ochoheyu	熻
ochotmgs	熼
ochoybge	熾
ocdcjqyj	燄
ochomcjs	燏
ocyclbho	燓
ocnmkzho	燕
ocififho	燛
ocvvqmho	燞
ochosixk	燡
ocycbcho	燢
ochowfhe	燣
ocyjhoyz	燮
ocholibw	燲
ochowfui	燷
ocuiuiho	燹
ochogcmu	燺
octsbcho	爂
ochoirve	爉
ocholuho	爊
ochoxyli	爋
ochomfjq	爓
ocyjhoho	爕
ochorihx	爗
ochorfly	爚
ochoyequ	爜
ochoccvv	爟
ochowjis	爡
ochocclj	爤
octslbho	爨
ochofzuj	爩
ocihuuna	爪
ocvxxtuu	爭
ocvxhgyz	爰
ocvxbcyz	爱
ocvxveho	爲
ocvxgfcy	爵
ocdaycyc	爽
ochgbajb	爾
ocveuupp	爿
ocppuuve	片
ocpmjm	牋
ocpmcsxb	牎
ocpmqmjq	牐
ocpmcsxb	牕
ocpmhufu	牖
ochgvepp	牙
ocdabcnq	牵
ocwfycnq	牽
ocuiuvnq	犀
ochebcnq	犂
ocnqnqnq	犇
ocnqmuqr	犑
ocnqgsys	犕
ocwwwfnq	犛
ocnqirve	犣
ocnqsing	犤
ocnqglho	犥
ocvvvvnq	犨
ocnqqmwf	犪
ocvvuwnq	犫
ocppvepp	犭
ocqrrfye	狏
ocqryjqr	狱
ocqrbitu	狴
ocqrqrqr	猋
ocriytqr	猒
ocqrxkys	猟
ocqrxswf	猣
ocqrvxfz	猺
ocqryjqr	獄
ocqrqlsi	獇
ocqrziui	獋
ocqrbdui	獔
ocqryefu	獛
ocqrmcjs	獝
ocqrjqyu	獡
ocxkkzqr	獣
ocqrsiyi	獧
ocqrirve	獵
ochugeqr	獻
ocqrccvv	獾
ocqrhgwf	獿
ocqrccjb	玂
ocqrquyz	玃
ocwfycui	率
ocxrrfna	玈
ocwhlili	珕
ocwhwhrf	珡
ocwhdcwh	班
ocwhjijb	珮
ocwhxknv	珱
ocwhwfuj	珳
ocwhrfpi	琁
ocwhxnbw	琐
ocwhjm	琖
ocwhbcmu	琛
ocwhuidm	琢
ocwhwhjb	琴
ocwhwhbi	琵
ocwhwhba	琶
ocwhwhmu	琹
ocwhmbri	瑉
ocwherda	瑌
ocwhirxb	瑙
ocwhwhbi	瑟
ocwhxnbw	瑣
ocwhxifz	瑤
ocuiwhuu	瑴
ocwhvxfz	瑶
ocyiuuyu	瑿
ocwhcsxb	璁
ocwhyuvf	璆
ocwhhuui	璏
ocwhccxq	璓
ocwhmcjs	璚
ocwhyefu	璞
ocwhqitm	璢
ocwhddmi	璨
ocwhhuui	璩
ocwhfhwf	璬
ocwhwfdj	璮
ocwhsiyi	環
ocwhvubw	璳
octsbcyu	璺
ocwhcche	瓂
ocwhlw	瓃
ocwhfubw	瓉
ocwhfufw	瓊
ocwhyisi	瓌
ocwhcvjs	瓗
ocwhccvv	瓘
ocppsina	瓜
ocxbgxxb	瓣
ocgxisis	瓥
ochgvedm	瓦
ocxituwa	甄
occcsiwa	甍
ocbwbwwa	甖
ochugewa	甗
ocwfihug	產
ocugugyt	甧
ocuiytdm	甫
ocbcxbys	甯
ochgtmkl	画
octmhgna	畏
ochgkztm	畐
ocuitmjq	畞
octmbawf	畟
ocjxccer	畢
ocyutmhg	畫
ocqikltm	畱
octmbcqp	畳
ochgtmhg	畺
octmjrtu	畻
octmtmtm	畾
ocycgetm	畿
ocirtmjp	疀
octmyuvf	疁
octmbaqp	疂
ocgstujl	疆
ocfudcfu	疈
octmbchu	疉
octmbcqp	疊
ochgxtzz	疌
ocveviuu	疎
ocvevilq	疏
ocuitmpi	疐
ocbiuipi	疑
ocbkjqui	疩
ocbkvegs	痉
ocbkufyz	痩
ocbkuidm	瘃
ocbkjxtu	瘗
ocbkniqm	瘚
ocbkfgxb	瘛
ocbksiba	瘝
ocbkjxtu	瘞
ocbkcche	瘩
ocbkzily	瘪
ocbkjxxb	瘱
ocbkyuvf	瘳
ocbkuuqm	瘶
ocbkjxrz	瘸
ocbkuiyu	瘺
ocbkqitm	癅
ocbkpbuj	癌
ocbksiyi	癏
ocbkwfhe	癛
ocbkwfui	癝
ocbkzily	癟
ocbkyivv	癰
ocbkyjuz	癴
ocbkyjrz	癵
ocvedmna	癶
ocdgerer	発
ocdggsuu	發
ocbdbier	皍
ocbdbaui	皐
ocbdbdbd	皛
ocbdbdui	皡
ocbdziui	皥
ocbdbdtu	皨
ocbdglho	皫
ocveuuyz	皮
ochuqppi	皻
ockluuhg	皿
ocndyzmb	盈
ocqmbamb	益
octubumb	盐
ocuurfmb	监
ocuvyumb	盓
ocuvfjmb	盕
ocuvqmmb	盜
ocjmmb	盞
ocyuhomb	盡
octmqrmb	盢
ocifrfmb	監
ocuvjqmb	盥
ocjbyzmb	盦
ochutmmb	盧
ocxkwfmb	盩
ocheyzmb	盫
ocifgumb	盬
ocycwfmb	盭
ocppuimu	盾
ocuiuumu	眉
ocmuvexn	県
ocsiuuba	眔
ocdabamu	眘
ocbimuba	眞
ocsirfcs	眾
ocrfihmu	睂
ocsihgyi	睘
ocmuihgv	睚
ochebcmu	睝
ocmbwfmu	睯
ocppsixk	睾
ocuuhgmu	睿
ocmcwfmu	瞀
ocmumuqr	瞁
ocuimuuu	瞉
ocmumumu	瞐
ocmuccll	瞒
ocyiuumu	瞖
occcsimu	瞢
ocmuyefu	瞨
ocmuyuwf	瞮
ocmumcjs	瞲
ocmumuks	瞾
ocmumuvv	瞿
ocmubdfh	矈
ocmumuvi	矍
ocmufufw	矎
ocmuzifh	矏
ocmuccvv	矔
ocyjsimu	矕
ocvivivi	矗
ocdcihui	矦
ocuising	矲
ochgppkz	石
ocuijqui	砕
ocuirfye	砤
ocuihuyi	砨
ocuiglsi	砿
ocuivegs	硁
ocuigjgj	硏
ocuiuidm	硺
ocifyzui	硻
ocuiklhe	碅
ocuijm	碊
ocuiujke	碋
ocuierda	碝
ocwhbdui	碧
ocuiirxb	碯
ocuixbbi	磇
ocuiuiui	磊
ocuilqyi	磙
ocuiyuvf	磟
ocuguuui	磬
ocuiifyt	磭
ocuijqho	磶
ocihheui	磿
ocieuuui	礊
ocuisixk	礋
ocycbcui	礐
ocuiriho	礘
ocuicche	礚
ocuimayc	礟
ocuiccvr	礡
ocuilw	礧
oclwui	礨
ocuimajn	礮
ocuiccvv	礶
ocdmvedm	礻
ocpprfna	祣
ocxinaui	祭
ocppjb	祲
ocppbcfz	祹
ocwfhvui	禀
ocppxitu	禋
ocpptmwf	禝
ocppriyu	禢
ocppsiyu	禤
ocpptmgs	禩
ocppqudz	禮
ocppkzdm	禹
ocrikldm	禺
ocwfxssi	离
ocluklsi	禼
ocwfkzhe	稁
ocheklhe	稛
ocwfhvhe	稟
ochehori	稥
ocheerda	稬
ochexswf	稯
ochevxrj	稱
ochevxjq	稲
ochetmwf	稷
ocheuixb	稺
ocheyzvi	稽
ocuiheuu	穀
ochehgxb	穂
ochebduj	穆
ocheyuvf	穋
ocbiheye	穎
ochevxxb	穏
ochegvri	穐
ochetmgs	穓
ocheyefu	穙
ochelqyi	穣
ochevxxb	穩
ocheluho	穮
ochetuhv	穯
ocxtuvyu	窏
ocxtsixb	窓
ocxtyrnv	窛
ocxtdcjq	窞
ocxtgxgx	窳
ocxtpjwu	窹
ocxtuiqm	窽
ocxtvgjm	竀
ocxttudm	竃
ocxtuflv	竆
ocxttumm	竈
ocxtbmsi	竊
ocwfbake	竒
ocuuyzli	竖
ocifyzli	竪
oclihguu	竵
ocvhjlwf	竷
ocvuklyz	笝
ocvuuvee	笵
ocvugser	笻
ocvugjgj	筓
ocvuklyu	筺
ocvurfbi	箆
ocvujm	箋
ocvuuzza	箍
ocvumucc	算
ocvuklhe	箘
ocvuhedc	箚
ocvuuzgj	箝
ocvukljx	箧
ocvukzer	箿
ocvuieee	範
ocvukljx	篋
ocvugjqm	篏
ocvumuza	篐
ocvumusi	篡
ocvuxbbi	篦
ocvulidm	篭
ocvumuee	篹
ocvusiuu	篾
ocvuuigj	簈
ocvugfmb	簋
ocvuuuqm	簌
ocvumume	簒
ocvuvzuj	簓
ocvuyumi	簘
ocvusijb	簚
ocvufumb	簠
ocvujiri	簪
ocvuwukz	簭
ocvufhqi	簱
ocvuhuba	簴
ocvuiege	簵
ocvuqipi	簸
ocvuuzrj	簼
ocvuuzlq	籀
ocvuuijb	籂
ocvulwxi	籍
ocvumull	籑
ocvuuztm	籒
ocvuuijq	籖
ocvujblu	籙
ocvuwhnv	籝
ocvuyuui	籞
ocvucsjq	籤
ocvuzzui	籧
ocvuyuvv	籱
ocvulyye	籲
ocmijqui	粋
ocmirfye	粚
ocyumiuu	粛
ocppmiqn	粤
ocgsmigs	粥
ocuvdcmi	粱
ocddyzmi	粲
ocppbmqn	粵
ocmibcmi	粷
oclbveve	粼
ocmixswf	糉
ocmiiuri	糌
ocmigsys	糒
ocuimiuu	糓
ocmitmgs	糞
ocmijiri	糣
ocmierer	糥
ocmisiyi	糫
ocmiklwf	糭
occcxbmi	糱
ocyeuumi	糳
ocrumivd	糴
ociumivd	糶
ocmicclj	糷
ocvedmdm	糹
ocuibcsi	索
ocsijqui	紣
ocuuyzsi	紧
ocsirfye	絁
ocsiglsi	絋
ocsidcba	絕
ocrfuusi	絛
ocfgdcsi	絜
ocsiwfxs	綂
ocsijb	綅
ocsimive	継
ocsijm	綫
ochuwfsi	綮
ocsibcfz	綯
ocsicszz	緃
ocsiirtm	緇
ocifyzsi	緊
ocsigsxb	総
ocsiqier	緕
ocsivedm	緖
ocsierda	緛
ocsikzer	緝
ocsimbri	緡
ocsicsxb	緫
ocsixswf	緵
ocsixitu	緸
ocsixtui	縁
ocsiridm	縄
ocuisiuu	縠
ocytjrsi	縢
ocsirfzz	縦
ocsicsxb	總
ocyiuusi	繄
ocsiyuvf	繆
ocvxfzxi	繇
ocsimuvc	繉
ocsiuiye	繊
ocieuusi	繋
ocsixbwf	繌
ocsiyumi	繍
ocsiybge	織
ocsimcjs	繘
occcmusi	繤
ocieuusi	繫
occcklis	繭
ocsisiyi	繯
ocsisixk	繹
ocsiycve	繼
ocvumusi	纂
ocmisiye	纇
ocsijiye	纈
ocsifubw	纉
oclwsi	纍
ocsiuijq	纎
ocsigltu	纏
ocsiihtu	纒
ocsidctu	纔
ocsicsjq	纖
ocsicvjs	纗
ocduxmxi	纛
ocsibchg	纻
ocsihgba	练
ocsiyzuu	绎
ocsivegs	经
ocsivxnv	绥
ocsimive	继
ocsibcfz	绹
ocsiirtm	缁
ocsikzer	缉
ocsimbri	缗
ocsifucy	缚
ocsiglli	缠
ocsiyuvf	缪
ocsiirgo	缫
ocsisiyi	缳
ocbwbwfz	罂
ocuguufz	罄
ocfzhuhu	罅
ocieuufz	罊
ocbwbwfz	罌
oclwfz	罍
ocfzccvv	罐
ockliaia	网
ockluuuu	罒
ocklqmwh	罔
ocbcbagj	罕
ocsirfdm	罖
ocbcbamu	罙
ocsiyjdc	罚
ocsiyjdc	罰
ocsiquho	罴
ocsiihdc	罽
ocwhqitm	羀
ocsigema	羁
ocsigeqi	羇
ocsimage	羈
ocsiyjsi	羉
ocbasjuu	羊
ocuuccuu	羋
occctujq	羐
ocyhvegs	羟
ocyhuvqm	羨
ocgchgfu	羮
ocyhheqn	羲
ocyhyhyh	羴
ocmhyhfj	羸
ocyujqui	翆
ocrfuuyu	翛
ockzccyu	翤
ocyuxswf	翪
ocvorfyu	翰
ocyiuuyu	翳
ocbduiyu	翶
ocziuiyu	翺
ocyutmgs	翼
ocsiyiyu	翾
ochgkluu	而
oclwhgwf	耰
oclwyisi	耲
ochguusj	耳
ocerkler	耼
ocerkzwh	聖
oceryzqn	聘
ocqurfba	聚
ocergsxb	聡
ocercsxb	聦
oceryccc	聨
ocerycda	聫
ocerycho	聮
oceryccc	聯
ocercsxb	聰
ocuguuer	聲
oceruixb	聴
ocererer	聶
ocerybge	職
ocveuixb	聼
ocerwhxb	聽
ocyubauu	肃
ocbiuiyu	肄
ocyupmpj	肅
ochuwfyu	肇
ochugeyu	肈
ocwfsiyt	育
ocytbaui	肸
ocuubcyt	肻
ocuuyzyt	肾
ocytrfye	胣
ocerycyt	胤
ocytvegs	胫
ocsiytbi	能
ocuigerz	胾
ocliliyt	脅
ocytlili	脇
ocrfbkyt	脊
ocdcdcyt	脋
ocytwfxs	脑
ocytwukz	脗
ocythgzi	脜
ocytvxcy	脟
ocrfuuyt	脩
ocytxkxs	脳
ocifyzyt	腎
ocytyzqi	腗
ocyterda	腝
ocytirxb	腦
ocytkzkv	腭
ocytjrma	腾
ocfhrfyt	膂
ocytfucy	膊
ocytxbbi	膍
ocwfkzyr	膏
ocytrfyh	膓
ocytmuuv	膝
ocytyuvf	膠
ocmoigrz	膥
ocytdikz	膪
ocytybge	膱
ocytzovi	膸
ocglvvyt	膺
ocythuui	臄
ocytccif	臓
ocytglho	臕
ocytirve	臘
ocmhgofj	臝
ocyjsirz	臠
ockluuuu	臣
ocgepjif	臧
ocifrfpb	臨
ocififuu	臩
oczirfcs	臮
oczibaui	臯
oczixtfh	臱
ochgsitu	至
ocuigevi	臷
ocjibcvi	臺
ocppuuhg	臼
ocjqbcho	舄
ociejqba	舆
ocyuhgba	與
octshgba	興
ocyueruu	舉
occcvvjq	舊
octsbcqp	舋
ocrftukz	舎
ocuetmxn	舔
ocueueue	舙
ocvxbcir	舜
ocveirmz	舝
ocrfxiir	舞
ocppdjdm	舟
ocvzppfj	舧
ocvzjikz	船
ocvzxswf	艐
ocvzvuvc	艞
ocvzhunj	艣
ocvzdctu	艬
ocxtvena	艮
ocnmfugf	艱
ocqudzse	艶
ocuiuuuu	艹
occceruu	芈
occccccc	芔
occcrfbi	芲
ocbcbccc	芻
occcbchg	苎
occcdnpp	苐
occcrfxn	苶
occcuvee	范
occcvegs	茎
occcxier	茒
occcbctu	茔
occcbcxy	茕
occcdcdc	茘
occcuvwh	茫
occcuhxn	茮
occcriia	茰
occcycyc	茲
occcrfmu	茶
occccccc	茻
occckddc	荆
occclili	荔
occcbcmu	荣
occcbcuv	荥
occcbcnq	荦
occcbcho	荧
occcqriz	莥
occcrida	莫
occckzdm	莵
occcqrqr	获
occcbcyu	莹
occcbcnn	莺
occcndii	莻
occcqrcc	莽
occcuvju	菃
occcbcmi	菊
occcklhe	菌
ocyeqmfu	菐
occcirtm	菑
occcrimu	菒
occcjm	菚
occchebc	菞
occcifyz	菣
ocgsklfg	菫
ocgsccuu	華
occcbcfz	萄
occctyri	萅
occcjmdm	萈
occcdcjq	萏
occclqyy	萒
occcqier	萕
occcmucc	萛
occcrfbi	萞
occchewj	萟
occcbcis	萤
occcbclv	营
occcbcsi	萦
occcerij	萨
occckzkv	萼
occcytva	葄
occchecc	葊
occcytju	葋
occcirtm	葘
occctdmb	葢
occcbdba	葩
occcjndc	葪
occcsicc	葬
occccsxb	葱
occckzer	葺
occcxswf	葼
occcgsnv	蒆
occcwubw	蒇
occcbcyz	蒏
occcuiui	蒜
occcuvww	蒞
occcliju	蒟
occcpgdc	蒯
occcigho	蒸
occczowf	蓌
occclcri	蓍
occcgxgx	蓏
occcxbbi	蓖
occcyigs	蓘
occcyudc	蓟
occcbcjb	蓥
occcuvbk	蓱
occcluwj	蓺
occcyuvf	蓼
occcmfnv	蔅
occcuvlk	蔆
occclqyi	蔉
occcuuqm	蔌
occcsiuu	蔑
occcjyho	蔒
occchuqp	蔖
occccsxb	蔥
occcbcwf	蔲
occcmfvv	蔺
ocuzyjhe	蔼
occcbcmu	蔾
occcytqr	蕂
occcuvyu	蕅
occcwubw	蕆
occcvivi	蕋
ocgscsuu	蕐
occcqrqq	蕕
occcpbkv	蕚
occchedi	蕛
occcuiug	蕤
occcsisi	蕬
occcjqho	蕮
occcdjjb	蕲
occcxiui	蕵
occcihgs	蕻
occchoyr	蕿
occcuvgc	薃
occcnvru	薅
occcyudc	薊
occcsifa	薎
occchelk	薐
occcuvyz	薓
occcddyh	薚
occcdvxb	薛
occcddui	薞
occcddjq	薤
occcglho	薦
occcwfsi	薧
occcsisi	薨
occcerij	薩
occcvsho	薫
occchebw	薭
occcjivi	薹
occcuvic	薻
occclutu	薼
occcykho	藀
occcgcqm	藃
occclwxi	藉
occchebm	藊
occcfufw	藑
occchehe	藒
occczzqm	藗
occcluyy	藝
occclw	藟
occcbdbd	藠
occcsing	藣
occcluho	藨
occcergv	藬
occcbkgv	藱
occcbcyi	藵
occcmfvv	藺
occcrvmu	蘂
occcvimu	蘃
occcdjjb	蘄
occcsiqb	蘉
occcyuui	蘌
occcxyli	蘍
occcyufw	蘎
occcuiye	蘏
occcyjyr	蘐
occchedm	蘒
occcheyu	蘓
occcpimu	蘗
occcyiyu	蘙
occcufyu	蘛
occcpjse	蘠
occchlvu	蘣
occcbdww	蘤
occcyukz	蘦
occczzui	蘧
occclumi	蘪
occcsiuj	蘮
occcthmb	蘯
occctmtu	蘲
occchlgv	蘳
ocgsbdwf	蘷
occciesi	蘻
occctmmu	蘽
occcwfjq	虀
ocgsziwf	虁
occcuvjq	虃
occcisij	虄
occcgsvv	虇
occcyelv	虈
occcgenn	虉
occctsff	虋
ocuuhgqi	虍
ochuwfji	處
ocvxcyhu	虢
ochujm	虥
ocjmhu	虦
ochuvvkv	虧
ochulbuj	虨
ocxnxnhu	虩
ochurfhw	虪
ocvshgdm	虫
ociskler	蚦
occchgis	蚩
ocxkbcis	蛍
ocuigeis	蛓
ocislili	蛠
ocfgdcis	蛪
ocisvxcy	蛶
ocsibcis	蜀
ocisrfpi	蜁
ocisbitu	蜌
ocisklhe	蜠
ocisbcfz	蜪
ocisdcjq	蜭
ocispmpj	蜵
ocifyzis	蜸
octmtmis	蝅
ocisxkys	蝋
ocisklnv	蝘
ociserda	蝡
ocisfhzi	蝣
ocmcwfis	蝥
ocxyisis	蝨
ocisxswf	蝬
ocwhisis	蝱
ocisglni	蝷
ocisridm	蝿
ocvorfis	螒
ocisxbbi	螕
ocmuisis	螙
ocuiuuis	螜
ocwfisis	螡
ocytjris	螣
ocwfisyu	螤
ocisccll	螨
ocjuisis	螶
ocglbiis	螷
ocdsisis	螽
ocmbisis	蟁
ocisyuvf	蟉
ocmcisis	蟊
ociscsxb	蟌
ociscijn	蟕
ochgiuis	蟗
ocisybge	蟙
ocisisis	蟲
ocuiisis	蟸
ocieuuis	蟿
ocmhisfj	蠃
ocissiyi	蠉
ocissixk	蠌
ocisccbf	蠎
ocroisis	蠚
ocislw	蠝
ocisirve	蠟
ocmmisis	蠠
octrisis	蠡
ociyisis	蠢
ocqqisis	蠤
occcxbis	蠥
ocuibcis	蠧
ocviisis	蠫
ocfgisis	蠭
ocisyiyu	蠮
ocglbiis	蠯
ociscvjs	蠵
ocjiriis	蠶
ocisccvv	蠸
ocuiuiis	蠹
octmriis	蠺
ocyjsiis	蠻
ocisquyz	蠼
ocqtisis	蠽
ocychgis	蠿
ocxtrfba	衆
ocyubdxt	衋
ocxkwujb	衞
ocxkirzi	衟
ocxkyurf	衡
ocyiklhg	衰
ocppkler	衻
octukzyi	袁
ocpprfye	袘
oclqkzyi	袞
ocpprfxn	袮
ocuigeyi	裁
ocppuhxx	裃
ocyiujmc	裦
ocppbcfz	裪
ocpppmpj	裫
ocyiujhe	褎
ocyiujyz	褏
ocppklnv	褗
ocppriyu	褟
ocppcche	褡
ocbcjkyi	褰
ocyisiuv	褱
ocppyubd	褶
ocppluwj	褹
ocyiluwj	褻
ocppxisi	褼
ocyiujdd	襃
ocyikzjk	襄
ocppyefu	襆
ocppsixk	襗
ocppdabd	襫
ocppsing	襬
ocppjiye	襭
ocppcsjq	襳
ocppcclj	襽
ochgklkl	襾
ochgkler	西
ochgkluu	覀
ocxirffu	覆
ocxigeyt	覇
ocxigeqi	覉
ocximage	覊
ocxkbcjm	覚
ocgjhojm	覝
ocifrfjm	覧
ockzkvjm	覨
ochuqpjm	覰
ocrfvvjm	観
ocvxyzjm	覶
ocycbcjm	覺
ochudzjm	覻
ocifrfjm	覽
ocbcfjjm	覾
occcvvjm	觀
ocuurfjm	览
ocxkbcjm	觉
ocjnrfyi	觞
ocfgdcjn	觢
ocjndcnq	解
ocjnyhnq	觲
ocuijnuu	觳
ocjnrfyh	觴
ocycbcjn	觷
ocjnfuwf	觼
ocjnujjy	觽
ocjncvjs	觿
ocwferkz	言
ocwferkz	訁
ocyjccyz	詜
ocyjrfer	詤
ocxinayj	詧
ocdcihyj	詹
ocyjgjgj	詽
ocyjjb	誛
ocyjdcjq	諂
ocyjbcmi	諊
ocyjuidm	諑
ocyjjm	諓
ocyjximb	諡
ocyjkzkv	諤
ocheyzyj	諬
ocyjxitu	諲
ocyjkzer	諿
ocbcjkyj	謇
ocrigsyj	謈
ocyjbimb	謐
ocyjtmwf	謖
ocyjuixb	謘
ocyjcsxb	謥
ocuguuyj	謦
ocyjyuvf	謬
ocyjhuqp	謯
ocyjhuhu	謼
ocyjrfvi	譅
ocglvvyj	譍
ocyjmcjs	譎
ocyjjiri	譖
ocyjybge	識
ocyjsiyi	譞
ocyjsixk	譯
ocyhyjyj	譱
ocyjlqyi	譲
ocyjyjyj	譶
ocbwbwyj	譻
ocifrfyj	譼
ocyjfufw	讂
ocyjfubw	讃
ocyjlw	讄
ocyjbcfj	讅
ocyjmfjq	讇
ocyjsiwf	變
ocvvyjvv	讎
ocvvvvyj	讐
ocyjdctu	讒
ocyjcsjq	讖
ocyjcvjs	讗
ocyjccvv	讙
ocyjyzuu	译
ocyjuidm	诼
ocyjdcjq	谄
ocyjhuxt	谑
ocyjkzkv	谔
ocyjmmdm	谗
ocyjtmwf	谡
ocyjvxfz	谣
ocyjbimb	谧
ocyjyuvf	谬
ocyjhgri	谮
ocyjmcjs	谲
ocyjcsjq	谶
ocbarfkz	谷
ocguyuvf	豂
ochgkzqm	豆
ocxinadz	豋
ocifyzdz	豎
ocujfgdz	豐
ocqudzdi	豑
ocfgtdmb	豓
ochgujna	豕
ocuihuyi	豟
ocdcklna	象
ocuigjgj	豣
ocwfkzui	豪
ocuiuiuu	豰
ocujuiui	豳
ocppdmpp	豸
ocvibder	貌
ocvixbbi	貔
ocviccvv	貛
ocuuhgbw	貞
ocihuibw	貭
ochgyibw	貮
ocyierbw	貳
ocvshgbw	貴
ocsidabw	貵
ocbwjmhg	賎
ocbcucbw	賓
ocbcmwba	賔
ocbwvldm	賘
ocfufubw	賛
ocbwbcmu	賝
ocifyzbw	賢
ocbwjm	賤
ocjbjbbw	質
ocuibcbw	賫
ocyuhobw	賮
ocbwxyzi	賯
ocuibcbw	賷
ocytjrbw	賸
ocbcjkbw	賽
ocbwyuvf	賿
ocyiuubw	贀
ocbwbwwf	贁
ocxmxmbw	贊
ocbwyefu	贌
ocmhbwfj	贏
ocifvsbw	贒
ocbwbwbw	贔
ocihnnbw	贗
ochuhubw	贙
ocvhwfgs	贛
ocuuhgbw	贞
ocuuyzbw	贤
ocihuibw	质
ocbwbchg	贮
ocyierbw	贰
ocvshgbw	贵
ocuibcbw	赍
ocbwbwbw	赑
ocglxtbw	赓
ocbwfucy	赙
ocbcjkbw	赛
ocihvvbw	赝
ocxmxmbw	赞
ocmhbwfj	赢
ocvhwfgs	赣
octuppba	赤
ociiveyz	赧
octudmna	赱
oczzbcmi	趜
oczztmgs	趩
oczundmu	跥
oczuve	踂
oczuerve	踂
oczujm	踐
oczubcmi	踘
oczulikz	踣
oczucszz	踨
ocbcjkzu	蹇
oczuriyu	蹋
oczuccll	蹒
oczuyuvf	蹘
oczumcjs	蹫
oczuxisi	蹮
oczuheyu	蹹
oczuyefu	蹼
oczuhuui	躆
oczuirve	躐
oczudmer	躑
oczugltu	躔
oczuycuu	躖
oczumfvv	躙
oczuyjyz	躞
oczumfta	躢
oczuxtuu	躥
oczuqmwf	躨
oczuccvv	躪
ocppuupp	身
ocufndmu	躱
ocufbcmi	躹
ocufklnv	躽
ocufybge	軄
ocufqudz	軆
ocerriuu	車
ociebkbk	軣
ocsidaie	軬
ociehuyi	軶
ocuigeie	載
ocujdaie	輋
ociehgkl	輌
ocieve	輒
ocieerve	輒
ociejm	輚
ocieirtm	輜
ociedcjq	輡
ocfufuie	輦
ocieerda	輭
ociekzer	輯
ocieirtm	輺
ociesiff	輽
ociebf	輽
ociehgba	輿
ocuiieuu	轂
ocieyuvf	轇
ocieyuwf	轍
ocieyefu	轐
ociesiyi	轘
ocieuuie	轚
ocieieie	轟
ocielw	轠
ociesikz	轡
ocieccvv	轥
ochgveui	车
ocievegs	轻
ocuigeie	载
ocieve	辄
ocieerve	辄
ocfufuie	辇
ocieirtm	辎
ociekzer	辑
ociesikz	辔
ocieyuwf	辙
ocuikzxb	辟
occcdvxb	辥
ocxblixb	辦
ocxbdcxb	辧
ocxbdcxb	辨
ocxbyjxb	辩
ocvidvxb	辪
ocxbsixb	辫
ocxbwfxb	辬
ocvxyzxb	辭
ocxbsixb	辮
ocxbyjxb	辯
ociherna	辰
ocdmvena	辶
ocvihgjb	迊
ocvirfye	迤
ocvivegs	迳
ocvivjkl	逌
ocviihfu	逓
ocviuzzi	逰
ocvituna	逺
ocvizoyt	遀
ocviuiyh	遅
ocvifhzi	遊
ocvikzkv	遌
ocvituyh	達
ocvisiba	遝
ocviuixb	遟
ocviriyu	遢
ocvivskz	遣
ocvivxfz	遥
ocvicczo	遳
ocvixisi	遷
ocvimcjs	遹
ocvikzni	遻
ocvihuui	遽
ocvivuwu	遾
ocvibdwf	邀
ocvixtsv	邃
ocvisiyi	還
ocvivier	邈
ocvizikz	邉
ocvizifh	邊
ocviirve	邋
ocvibwlu	邍
ocvixixi	邎
ocdcerer	那
ociagser	郄
ocgjgjer	郉
ocxlgfer	郷
ocmuqrer	郹
ocdoiryi	郺
ocmuirer	郻
ocklnver	郾
ockzkver	鄂
ocxituer	鄄
ocxlbier	鄕
ockzhver	鄙
ocyuvfer	鄝
ocyukver	鄠
ocqudzer	鄷
ocfuieer	鄻
ocfubwer	鄼
ocgltuer	鄽
occcdjer	鄿
ocdctuer	酁
ocyukzer	酃
occcvver	酄
occvjser	酅
ocujdzer	酆
ocyzjqui	酔
ocuigeyz	酨
ocjlxiyz	酱
ocyzycyt	酳
ocyzvxcy	酹
ocyzbcfz	醄
ocyzjm	醆
ocyzybmb	醓
ocyzwfri	醕
ocyzdger	醗
ocyzccqr	醛
ocyzyzmb	醢
ocjlvxyz	醤
ocyzyuvf	醪
ocyiuuyz	醫
ocyzyefu	醭
ocyzlqmb	醯
ocyzsixk	醳
ocyzqudz	醴
ocyzhuui	醵
ocyzlqyi	醸
ocyzyukz	醽
octsyzff	釁
ocbmyzuu	释
ocbmsixk	釋
ocwwwfli	釐
ocrfgjqm	金
ocrfwhba	釒
ocfugjqm	釜
ocjbdcna	釼
ocjbrfye	鉇
ocjbrfjb	鉓
ocjbjikz	鉛
ocjbrfxn	鉩
ocjbglsi	鉱
ocuurfjb	鉴
ocjbgjgj	銒
ocjbbuui	銔
ocjbujjb	銟
ocjberuv	銢
ocjbgeer	銭
ocjbve	銸
ocjberve	銸
ocjbuikz	銽
ocjbmpyz	鋄
ocjbvxcy	鋝
ocjbjb	鋟
ocifyzjb	鋻
ocjbbcfz	鋾
ochebcjb	錅
ocjbdcjq	錎
ocjbirtm	錙
ocjbjm	錢
ocjbwhwh	錱
ocjbmpwf	錽
ocjbxswf	鍐
ocjbkzer	鍓
ocjbkzkv	鍔
ocjbqmjq	鍤
ocmcwfjb	鍪
ocjbcsxb	鍯
ocjbmbri	鍲
ocifrfjb	鍳
ocjbirtm	鍿
ocjbriyu	鎉
ocjbxnbw	鎖
ocjbcche	鎝
ocjbxbbi	鎞
ocjbiawf	鎫
ocjbirbw	鎻
ocjbhuuz	鎼
ocjbuuqm	鏉
ocjbyuvf	鏐
ocjbcsxb	鏓
ocuguujb	鏧
ocjbhuhu	鏬
ocjbyefu	鏷
ocjbqitm	鐂
ocjbmcjs	鐍
ocjbjiri	鐕
ocjbuiqm	鐡
ocyclbjb	鐢
ocjbmfkd	鐦
ocjbhunj	鐪
ocjbuiig	鐵
ocjbsiyi	鐶
ocjbsixk	鐸
ocjbhuui	鐻
ocjbiawf	鑁
ocjbcche	鑉
ocbwbwjb	鑍
ocifrfjb	鑒
ocjblw	鑘
ocjbhevi	鑙
ocjbfubw	鑚
ocjbirve	鑞
ocjbglho	鑣
ocjbjbjb	鑫
ocjbcsjq	鑯
ocjbdctu	鑱
ocjbcvjs	鑴
ocjbccvv	鑵
ocjbtmtu	鑸
ocjbxtuu	鑹
ocyjsijb	鑾
ocyeuujb	鑿
ocjbcclj	钄
ocrferve	钅
ocjbjikz	铅
ocjbyzuu	铎
ocjbxnbw	锁
ocjbvxcy	锊
ocjbmfkd	锎
ocjbjb	锓
ocjbirtm	锱
ocjbkzkv	锷
ocjbqmjq	锸
ocjbfucy	镈
ocjbyuvf	镠
ocjbyefu	镤
ocjbsiyi	镮
ocjbluho	镳
ocjbirve	镴
ocjbdctu	镵
ocsjvena	長
ocsjhgsi	镸
ocpphgna	长
ocuuxthg	門
ocmfdcjq	閻
ocmfmuqr	闃
ocmfmupu	闅
ocmfxitu	闉
ocmfniqm	闕
ocmfycho	闗
ocmfdzcy	闘
ocmfqiwf	闙
ocmfyccc	關
ocmfheyu	闟
ocmfsiyi	闤
ocmfqudz	闦
ocdmuuve	门
ocmfmuqr	阒
ocmfriyu	阘
ocmfniqm	阙
ocmfsiyi	阛
ocerhuyi	阸
ocerrfye	陁
ocervegs	陉
ocerbkve	陋
ocerbitu	陛
ocerugtu	陞
ocerdcjq	陥
ocerritu	陧
ocerjbyy	陰
ocerbcmi	陱
ocerbcfz	陶
ocerdcjq	陷
ocerugri	陹
ocerrfrf	険
ocerxitu	陻
ocererda	陾
ocerkljx	陿
ocerklnv	隁
ocerrfih	隂
ocerwfug	隆
ocerjqgs	隉
ocerzoyt	隋
oceryzvi	随
ocerzozo	隓
ocerxnxn	隙
ocervxxb	隠
ocerzovi	隨
ocerriho	隰
ocervxxb	隱
ocerucma	隲
ocerdzge	隵
ocuiuili	隷
ocrfwffg	隹
ocihrfvv	雁
ocvvuuve	雋
ocwfxlvv	雍
ocvorfvv	雗
ocvvvvyz	雙
occckzvv	雚
ocwfmuvv	雜
ociryivv	雝
occcvvjs	雟
ocvvyjvv	雠
ocyuvfvv	雡
ocnmfuvv	難
ocycbcvv	雤
ocvvvvvv	雥
ocvvvvvv	雦
ocvvvvmu	雧
ochgjbdm	雨
ocyuhgya	霊
ocyumcwf	霚
ocyugsgs	霛
ocyukzkz	霝
ocyulijb	霠
ocyuytys	霡
ocyubcui	霥
ocyumcjs	霱
ocyuriyh	霷
ocyugeyt	霸
ocyuqudz	霻
ocyuvili	霾
ocyumcmu	霿
ocyulw	靁
ocyuvvvv	靃
ocyukzwu	靈
ocyuvvnn	靍
ocyujbnn	靎
oclwlwlw	靐
ocfgklhg	靑
ocsjuusj	非
ocsjuusj	𩇧
ochgkler	面
ochgpphv	靣
ocnmvshg	革
ocgedcna	靱
ocgeuhxx	鞐
ocrfuuge	鞗
ocgebcmi	鞠
ocgehecc	鞥
ocmcwfge	鞪
ocgebcyj	鞫
ocgecche	鞳
ocgegsys	鞴
ocgeglho	韀
ocgeriho	韅
ocgecclj	韊
ocwukznq	韋
ocwwgsys	韛
ochguive	韦
ocuigejq	韯
ocddyzjq	韰
occsgejq	韱
ocwfyajq	韲
ocybhgjb	韴
ocjbyzyb	韽
ocuguuyb	韾
ochgppbw	頁
ocuuifye	頥
ocuvccye	頮
ocxiccye	頯
ocvxcyye	頱
ocbiuiye	頴
ocheerye	頹
ocujciye	頿
ocbisiye	顈
ockzkvye	顎
ocwfujye	顏
ocxbxbye	顖
ocmiqrye	類
ocyuvfye	顟
ocwfsvye	顡
ocyeyeqi	顨
ocrihoye	顯
ocyjhvye	顲
occcvvye	顴
ochgppbw	页
ocvegsye	颈
ocbiuvye	颍
ocbihoye	颎
ocuvccye	颒
ocbiuiye	颕
ocbiheye	颖
ockzkvye	颚
occcllye	颟
ocmisiye	颣
occcvvye	颧
ocfgrfpi	颴
ocfgyuvf	飂
ocfgqitm	飅
occcvvfg	飌
ocfgfgfg	飍
ocqrqrfg	飙
ocqrqrfg	飆
ocfgqrqr	飇
ocfwugfw	飛
ocfwfwfw	飝
ocuirfli	飭
ocrferqm	飮
ocuirfjb	飾
ocddyzui	餐
ocuijm	餞
ocuidcjq	餡
ocuirfhd	餩
ocuierda	餪
ocddvfui	餮
ochchuui	饕
ocuicche	饚
ocuidctu	饞
ocuirfli	饬
ocuirfjb	饰
ocuidcjq	馅
ocuimmdm	馋
ocxljm	馢
ocuguuxl	馨
ocxlxlxl	馫
ocsjveho	馬
ocbiuima	駂
ocmarfye	駞
ockzkzma	駡
ocmaqikl	駵
ocmajb	駸
ocmayzqn	騁
ocmabcfz	騊
ocmayzis	騒
ocmarfrf	験
ocmcwfma	騖
ocmacsxb	騘
ocmafgui	騞
ocmaxswf	騣
ocbcjkma	騫
ocerbuma	騭
ocytjrma	騰
ocmacsxb	驄
ocluwjma	驇
ocmamcjs	驈
ocmaqitm	驑
ocmauiig	驖
ocmhmafj	驘
ocmasixk	驛
ocmauimu	驝
ocmajrma	驣
ocmabwyi	驥
ocmacvjs	驨
ocmaccvv	驩
ocmamama	驫
ocvevehg	马
ocmayzuu	驿
ockzkzma	骂
ocmamama	骉
ocmayzqn	骋
ocmajb	骎
ocerbuma	骘
ocmcwfma	骛
ocbcjkma	骞
ocmacsxb	骢
ocmabwyi	骥
ocklbcyt	骨
ocguzzyz	髄
ocguyuvf	髎
ocguzovi	髓
ocguqudz	體
ocwfkzkz	高
ocwferjs	髙
ocgcuijq	髛
ocbnkler	髥
ocbnxswf	鬉
ocbnzoyt	鬌
ocbnklve	鬛
ocbnsiyi	鬟
ocwhwhuu	鬥
ocdzdzcy	鬪
ocdzmcjb	鬬
ocdzvejb	鬭
ociaklbi	鬯
ocycbcuj	鬰
ocfzbcuj	鬱
ochgkzuu	鬲
ocjijige	鬵
ocgexswf	鬷
ocgerfyh	鬺
ocbdersi	鬼
ocdctmho	魚
ocyuhgjb	魳
ocyuuhxn	鮛
ocyujb	鮼
ocyuve	鮿
ocyuerve	鮿
ocrfuuyu	鯈
ocyuirtm	鯔
ocqmfuyu	鯗
ochebcyu	鯬
ocyuxswf	鯼
ocyuklnv	鰋
ocyukzkv	鰐
ocyuzoyt	鰖
ocyusiba	鰥
ocytjryu	鰧
ocyuriyu	鰨
ocrfyuwf	鰴
ocyumcjs	鱊
ocyusiyi	鱞
ocycbcyu	鱟
ocyuqudz	鱧
ocyuihvi	鱨
ocyuirve	鱲
ocyuccvv	鱹
ocyuyuyu	鱻
ocdctmhg	鱼
ocxkbcyu	鲎
ocyuirtm	鲻
ocyukzkv	鳄
ocyulcri	鳍
ocyuriyu	鳎
ocyusiba	鳏
ocyuvxfz	鳐
ocyuyubd	鳛
ocyuqudz	鳢
ocjihgnn	鳳
ochgjbnn	鳾
ocbiuinn	鴇
ocihrfnn	鴈
ocbcjinn	鴧
ocxkbcnn	鴬
ocdcjqnn	鵮
ocbcminn	鵴
ochebcnn	鵹
ocirtmnn	鶅
ocvxfunn	鶏
ochohonn	鶑
ocuulinn	鶒
ockzkvnn	鶚
ocklnvnn	鶠
ocmcwfnn	鶩
ocmuqrnn	鶪
ocbcjknn	鶱
ocvorfnn	鶾
ocuinnuu	鷇
ocyiuunn	鷖
ocyuvfnn	鷚
ocsisinn	鷥
ocmubcnn	鷪
ocnmkznn	鷰
ocziuinn	鷱
ocmcjsnn	鷸
ocglvvnn	鷹
ocycbcnn	鷽
ocmhnnfj	鸁
ocsixknn	鸅
ocbwbwnn	鸎
oclwnn	鸓
occcvvnn	鸛
ocyjsinn	鸞
ocbiuinn	鸨
ocxkbcnn	鸴
ocdcjqnn	鹐
ocrivenn	鹖
ockzkvnn	鹗
ocmcwfnn	鹜
ocvxfznn	鹞
ocyiuunn	鹥
ocyuvfnn	鹨
ocmcjsnn	鹬
ocsiyinn	鹮
ocwfdjnn	鹯
ocglvvnn	鹰
occcvvnn	鹳
ocludmdm	鹵
oclurfrf	鹸
ocifvjmb	鹽
ocglvebi	鹿
ocgjgjlu	麉
ocluklhe	麕
ocluyukz	麢
oclululu	麤
ocmdbcmi	麴
ocmdbcmi	麹
ocnmyzba	黃
ocgsyzba	黄
ocxkbchl	黉
ocycbchl	黌
ocherfuv	黍
ochebcuv	黎
ockltuho	黑
ocliqrho	黙
ochebchw	黧
ochwxitu	黫
ochwhecc	黭
ocytjrhw	黱
ocyiuuhw	黳
ocrfhwwf	黴
ocyebiff	黺
ocyebiba	黻
ocyebifu	黼
octubamm	鼀
ockztmmm	鼉
ockztmmm	鼍
ocmuppve	鼎
ocndmuve	鼐
ocuuhgdk	鼑
ocgupmpj	鼘
ocjqveve	鼠
ocxkys	鼡
ocuumuqr	鼳
ocuuklnv	鼴
ocuulw	鼺
oczitmqi	鼻
ocbiiryi	齆
ocbihuqp	齇
ocwfyaer	齊
ocwfppuu	齐
ocvicskl	齒
ocvikllk	齢
ocfgdcii	齧
ociikzkv	齶
ocvirfkl	齿
ocliytsj	龍
ocyukzls	龗
oclslsls	龘
ocppxtia	龜
ocdcrive	龟
ocrfkzcc	龠
ocierfgj	龫
ocmatmgs	龭
ocuuhgrf	龰
ocpperpp	龵
ocbaerrf	龹
ocsiyjsi	龻
ocpibcmi	龾
occcyiyz	鿀
ocuvdcmu	鿄
ocuvwfxn	鿌
ocrfyihg	鿗
ocwurfmi	鿯
ocfurfuv	鿿
ochgklrf	㐁
ocqiqiqi	㐂
ocihxtve	㐆
ocwfkzyi	㐔
ocjqerda	㐡
ocdmvepp	㐧
ocwfujrf	㐪
ocwfsiir	㐬
oclqjkyi	㐮
ocwflvxl	㐯
ocrfrfrf	㐺
ocrfrfuh	㑅
ocrfiruj	㑎
ocrfuhxn	㑐
ocrfklrf	㑒
ocrfsiyz	㑓
ocrfve	㑙
ocrferve	㑙
ocrfhocc	㑞
ocrfkzui	㑨
ocrfqier	㑪
ocrfvzyz	㑴
ocrfguke	㑸
ocrfyzri	㑹
ocrfxiyj	㑾
ocrfklxk	㒁
ocrfyido	㒅
ocrfheyu	㒆
ocrfvivi	㒊
ocrfhors	㒌
ocrflwsi	㒍
ocrftmfw	㒎
ocrfqivi	㒗
ocrfvxxb	㒚
ocrfujjy	㒞
ocrfyima	㒟
ocrfddjq	㒠
ocrftmtu	㒦
ocrfxbsi	㒨
ocrfviui	㒪
ocsjuuer	㒫
ockluuru	㒳
ocklhgba	㒷
ocklqmve	㒺
ocnmjbru	㒼
ocbcyrnv	㓂
ocbcyjto	㓃
ocbkjb	㓎
ocbkqixn	㓒
ocbkwump	㓕
ocdakddc	㓫
ocirtmdc	㓯
ocerdadc	㓴
ockzkvdc	㓵
ocvehgdc	㓸
ocihyjdc	㓹
ocmuuvdc	㓼
ocjiridc	㔆
occcxbdc	㔎
ocvujqdc	㔐
occvjsdc	㔒
ocugwjli	㔟
ocxbbili	㔡
oclwli	㔣
ocbcfjli	㔤
ocsingli	㔥
ocnmfung	㔮
ockljikz	㔯
ockluijq	㔲
ockltmgs	㔴
ocuiqiuu	㔺
ociagser	㕁
ocihhgyc	㕄
ocihdzdz	㕏
ocihjqho	㕐
ocihqmcy	㕑
ocyhjqsi	㕗
oclwrfxn	㕘
ocuijbyz	㕞
ocuuccyz	㕟
ocuuguyz	㕡
ocuubwyz	㕢
ockzkzqn	㕺
ockzbcve	㕼
ockziags	㖁
ockzritu	㖏
ockzkzyb	㖐
ocwfkzii	㖜
ockzglci	㖢
ockzklhe	㖥
ockzjqyz	㖬
ockzccwu	㖴
ockzxitu	㖶
ockzkzni	㖾
ockzkzkv	㗁
ockzmbri	㗃
ockzsifh	㗄
ocfgdcge	㗉
ockzkzkz	㗊
ockzdcui	㗋
ockztdmb	㗐
occcrgii	㗡
ocyiuukz	㗨
ockzbcbw	㗷
ockzxkfz	㗸
ockzvvxb	㗹
ockztmfw	㗺
ockzmfke	㗿
ockzjqmi	㘀
ockzsixk	㘁
ockzxkjb	㘅
ockzyuyj	㘊
ockzqtge	㘍
ockzmajn	㘐
ockzuili	㘑
ocyjsikz	㘘
ockzhels	㘛
ocvvuwkz	㘜
octurfli	㘯
octuuijq	㘲
ockzrftu	㘴
ocuigetu	㘽
octuritu	㘿
octubitu	㙄
octuuidm	㙇
octmyutu	㙒
ocuvlstu	㙙
octuyhnq	㙚
octuliyt	㙝
ocyiuutu	㙠
octuhuhu	㙤
octulqyi	㙥
octuqitm	㙧
ocldqrtu	㙬
ocluwjtu	㙯
octugctu	㙵
ocwfkzth	㙶
octuriho	㙷
octugltu	㙻
octulw	㙼
octudabd	㙽
octudzge	㚀
ocuibcqm	㚃
ocuibcpi	㚄
ocwfhgug	㚅
ocwfriwf	㚆
ocxsbawf	㚇
ocdaruru	㚒
ocdaqmui	㚔
ocdckzda	㚟
ocnvkler	㚩
ocnvrfxn	㚷
ocnvihba	㛂
ocfgdcnv	㛃
ocnvndmu	㛆
ocnvrfxn	㛋
ocddyznv	㛑
ocnvzdyz	㛮
ocnvmbri	㛰
ocnvirxb	㛴
ocnvvxrj	㛵
ocheyznv	㛷
ocnvqmjq	㛼
ocnvbcmi	㛽
ocnvgvxb	㜇
ocnviryi	㜉
ocuinvuu	㜌
ocnvjqcc	㜒
ocnvcche	㜓
ocnvhuqp	㜘
ocnvjbyz	㜝
ocnvwhnv	㜲
ocnvyisi	㜳
ocnvyima	㜵
ocnvdctu	㜶
ocnvtmqp	㜼
ocuiziuu	㝅
ocyjsima	㝈
ocbcxbyz	㝕
ocbcwhba	㝙
ocbcrfhg	㝛
ocbchgjm	㝟
ocbcpjmi	㝥
ocbcuiyz	㝮
ocbczifh	㝰
ocbcpjmg	㝱
ocbcpjvz	㝲
ocsiercy	㝶
ocxtwjcy	㝷
ocxnbder	㝸
ocyzribi	㞁
ociuuiyz	㞊
ocuivebk	㞑
ocuibayt	㞕
ocuiuidm	㞘
ocuiqmjq	㞚
ocuirfvi	㞛
ocuirfww	㞜
ocuigsyi	㞡
ocujppsi	㞮
ocujtuia	㞿
ocujihgj	㟁
ocujxser	㟅
ocujkzdz	㟕
ocujffff	㟗
ocujuzgj	㟛
ocujjm	㟞
ocujkzkv	㟧
ocmbwfuj	㟩
ocujmbri	㟭
ocujcche	㟷
ocujpbkv	㠋
ocujfubw	㠝
ocujyima	㠡
ocujtmtu	㠥
ocujyccy	㠨
ocrfveer	㠩
ocgskzfu	㠬
ocgsgsgs	㠭
ockluukl	㠯
ocjbppji	㠶
ocbajbba	㡀
ocjbrfer	㡃
ocjbve	㡇
ocjberve	㡇
ocjbdcjq	㡊
ocjberyt	㡌
ocbddajb	㡍
ocmcwfjb	㡔
ocjbxbbi	㡙
ocjbriwj	㡢
ocdihgsj	㡣
ocjbvxxb	㡥
ocjbxtdg	㡧
ocjbcsjq	㡨
ocyjsijb	㡩
ocjbvxwf	㡪
ocycycig	㡬
ocycveyc	㡭
ocglheto	㢉
ocglqmjq	㢎
ocglhuqp	㢒
ocglxlvv	㢕
ocglqmho	㢘
ocglhunj	㢚
ocglnmsi	㢜
ocgsrfye	㢮
ocgssixn	㢱
ocgsgsba	㢲
ocgsrfna	㢳
ocgsklia	㢴
ocgsgswf	㢸
ocgsxitu	㢾
ocgsgsys	㣁
ocgsyugs	㣃
ocgsjiri	㣅
ochuppjb	㣇
ochujbjb	㣈
ocbdxnuj	㣎
ocdazcuj	㣏
ocrfgser	㣞
ocrfuuds	㣠
ocrfjm	㣤
ocrfytve	㣧
ocrfkzer	㣬
ocrfxswf	㣭
ocrfujwf	㣲
ocrfyeug	㣸
ocruvexb	㤀
ocxbriia	㤤
ocxbve	㤴
ocxberve	㤴
ocxbbcmu	㤾
ocuivexb	㥁
ocxbjm	㥇
ocxbbcmi	㥌
ochebcxb	㥎
ochgbcxb	㥑
ocdjgsxb	㥖
ocxbnimu	㥡
ockljxxb	㥦
ocxbwfri	㥫
ocvxgsxb	㥯
ocxbklui	㥵
ocbcjkxb	㥶
ocgljxxb	㥷
ocwuhexb	㥻
ocxbhuhu	㦆
ocxbkzni	㦍
ocxbsiyj	㦒
ocriqrxb	㦔
ocxbxbxb	㦚
ocyiqmxb	㦤
ocxbmfer	㦦
ocxbxmri	㦧
ocxbyjyz	㦪
ocgesihg	㦯
ochggetu	㦱
ocuigebc	㦲
ocuigetu	㦳
ocyzhoir	㦽
ocuzklhg	㧇
ocuzhuyi	㧖
ocuurfuz	㧛
ocuzppyz	㧞
ocuzsixn	㧠
ocuzjijb	㧩
ocuzuidm	㧻
ocuzcszz	㧿
ocuzqier	㨈
ocuzmbri	㨉
ocuzzoyt	㨊
ocuiuzuu	㨌
ocuzerda	㨎
ocuzxswf	㨑
ocuzxtnq	㨓
ocuzuuzz	㨗
ocuzklui	㨡
ocuzklvv	㨤
ocuzsitu	㨧
ocuzyigs	㨰
ocuzxiyj	㨱
ocuzccss	㨲
ocuzhucs	㩀
ocuzbcvv	㩁
ocuzqitm	㩅
ocuzheyu	㩉
ocuzvxcy	㩊
ocuzytqr	㩎
ocuztmfw	㩑
ocuzujjy	㩗
ocuzglho	㩠
ocuzyujy	㩣
ocuzuijq	㩥
ocuzvvjs	㩦
ocuzsiye	㩪
ocuzxuge	㩬
ocuzccmu	㩰
ocuzccvv	㩲
ocuzvuer	㩶
ocuztmhu	㩸
ocuztmqp	㩹
ocrfrfwf	㪘
ocwfriwf	㪟
ochuqppu	㪥
ocheyupu	㪧
octmfwpu	㪪
ocyukzpu	㪮
ocwferuu	㪯
ocdamudz	㪺
ocyjsidz	㪻
ochgrijb	㪽
occcccjb	㪿
ocycvejb	㫁
ocfhrfqi	㫅
ocfhrfxn	㫆
ocfhrfke	㫊
ocfhrfrj	㫋
ocfhrfvg	㫌
ocfhrfyz	㫍
ocfhrfjy	㫎
ocfhrfyc	㫏
ocriccyz	㫞
ocrijikz	㫟
ocrfuuri	㫦
occscsri	㫺
ocritdho	㬃
ocriihii	㬄
ocrisiwj	㬅
ocrimbri	㬆
ocrierda	㬉
ocriwfxn	㬌
ocriycho	㬎
ocriyuvf	㬔
ocriyuwf	㬚
ocriheyu	㬛
ocviviri	㬜
ocriujhe	㬞
ocririho	㬤
ocriiumi	㬥
ocriiusi	㬧
ocxmxmri	㬱
ocytjrjb	㬺
ocytpbqn	㬽
ocyiuuyt	㬾
ocytvuwu	㭀
ocbkqimu	㭍
ocmurfna	㭚
ocmuvxcy	㭩
ocmuirdd	㭮
ocmuve	㭯
ocmuerve	㭯
ocmufhfh	㮄
ocmurfyh	㮆
ocmuqmjq	㮑
ocmuxitu	㮒
ocmuerda	㮕
ocmumcwf	㮘
ocmukzkv	㮙
ocvjrfmu	㮚
ocmuklvl	㮜
ocmuuimu	㮟
oclbui	㮟
ocmusiff	㮥
ocmubf	㮥
ocmutmwf	㮨
ocmugsmu	㮪
ocmusigj	㮭
ocmuklui	㮯
ocmuxbbi	㮰
ocmuccxm	㮱
ocmufhdj	㮵
ocmuyzvi	㮷
ocbfkzkz	㮺
ocmumuuv	㯃
oclbhzba	㯄
ocmuglbi	㯅
ocmufwtu	㯇
ocmuhuhu	㯉
ocbimuye	㯋
ocuguumu	㯏
ocmuheyu	㯓
ocmuuixb	㯖
ocmuyuwf	㯙
ocmuuvbc	㯡
ocmuffmu	㯣
ocmuqimu	㯦
ocmuhuui	㯫
ocmuhunj	㯭
ocmujlbw	㯯
ochgfzmu	㯱
ocmuklwf	㯶
ocmupncy	㯹
ocifrfmu	㯺
ochguimu	㯻
ocmucche	㯼
ocmubcbw	㯽
ocmuirve	㯿
ocmubcfj	㰂
ochgfwmu	㰆
ocmuuijq	㰇
ocmuluyj	㰊
ocmuujjy	㰎
ocmurvmu	㰑
ocmuifbw	㰓
ocmuyjyz	㰔
ocmuccle	㰛
ocmuvfye	㰜
ocqmriqm	㰱
ocrfrfqm	㰸
ockljxqm	㰼
ocklnvqm	㰽
ocbdfhqm	㰾
ociuuiqm	㱁
ocjbyzqm	㱃
ochudzqm	㱆
ocsiyjqm	㱍
ocsiyuqm	㱎
ocerdmvi	㱐
ocddmbri	㱪
ocuihguu	㱿
ocvjbiuu	㲃
ocuiwhuu	㲄
ocuguulk	㲆
ocuguuds	㲇
ocuguuvc	㲈
ocuilruu	㲉
ocuumuuu	㲊
ocdckzbi	㲋
ocvxcymc	㲕
ocwwwfmc	㲠
ocvorfmc	㲦
ocmcriyu	㲩
ocyefumc	㲫
ocmcirve	㲱
octmqpmc	㲲
ocuvjqui	㳃
ocuvdasi	㳒
ocuviatu	㳗
ocuvsiyt	㳙
ocuvccdm	㳤
ocuvve	㳧
ocuverve	㳧
ocuvirdd	㳨
ocuvrfpi	㳬
ocuvbitu	㳴
ocuvwuri	㳷
ocuvuzzi	㳺
ocuvwfmu	㳿
ocuvccfa	㴀
ocuvtmjk	㴁
ocuvhuuv	㴃
ocuvjshg	㴅
ocuvuvuv	㴇
ocuvlwer	㴉
ocuvnidc	㴊
ocuvxtwh	㴏
ocuvglni	㴑
ocuvcche	㴕
ocuvqmjq	㴙
oclirfuv	㴝
ocuvvxjq	㴞
ocuvlnkl	㴠
ocuvuvvs	㴢
ocuvuvyi	㴣
ocuviryi	㴩
ocuvxtmu	㴭
ocuvxtba	㴱
ocuvtuls	㴳
ocuvhoho	㴴
ocuvbimb	㴵
ocuvdzcy	㴻
ocuvcclq	㵁
ocuvgewu	㵄
ocuvuvgu	㵈
ocuvbcui	㵓
ocuvlwxn	㵕
ocuvuvuv	㵘
ocuvfujb	㵚
ocuvuvnj	㵜
ocuvyujx	㵤
ocuvbcmb	㵥
ocuvzovi	㵦
ocuvziri	㵫
ocuvytyk	㵬
ocuvdage	㵮
ocxbuvxb	㵷
ocuvrfcc	㵸
ocuvvubw	㵺
ocuvytsz	㵻
ocuvlw	㵽
ocuvbdbd	㵿
ocuvytvf	㶀
ocuvmfjq	㶄
ocuvifye	㶊
ocuvyeug	㶋
ocuvsida	㶔
ocuvrfhw	㶖
ocmwsiqr	㶗
ocuvvutj	㶘
ocuvuvug	㶙
ocuvxiyt	㶚
ocuvfhyu	㶛
ocuvpkdc	㶜
ocuvuvyk	㶝
ocuvrixl	㶞
ocdabaho	㶫
ocholili	㶸
ochohoxy	㷀
ocifyzho	㷂
ocuihocy	㷉
ochewuho	㷏
ochojqtu	㷐
ochoxitu	㷑
ochocsxb	㷓
ochovxjq	㷔
ockzsiho	㷗
ochotdmu	㷘
ocmujuho	㷡
ochoyhnq	㷣
ocuihouu	㷤
ocifjiho	㷩
ocuguuho	㷫
ochotufg	㷯
ocihheho	㷴
ochoriuu	㷸
ocdcwfho	㷺
ocnmkzho	㷼
ochohuui	㷾
ochogctu	㸀
ochofubw	㸇
ocvvvvho	㸈
ocxbhoho	㸉
ochodzge	㸍
octsbcff	㸑
ocqmbamu	㸔
ocfusidk	㸘
ocpmgsys	㸢
ocxbpmxb	㸤
ocpmdctu	㸥
ocdkvena	㸦
ocnqrfye	㸱
ocfgdcnq	㸷
ocnqvxcy	㸹
ocifyznq	㹂
ocnqtmwf	㹄
ocnqcsxb	㹅
ocwwwfnq	㹈
ocnqyefu	㹒
ocnqykmu	㹙
ocnqhgwf	㹛
ocqrbder	㹸
ocqrbcmi	㹼
ocqrjm	㹽
ocqrirxb	㺁
ocqrdcui	㺅
ocqryjbw	㺆
ocqrklqr	㺇
ocuiqruu	㺉
ocqryuvf	㺒
ocqrbcbw	㺙
ocqrmacc	㺛
ocqrxtgx	㺠
ocqrdzge	㺣
ocqrcsjq	㺤
ocqrdctu	㺥
ocwhhgjb	㺰
ocrffjyu	㺸
ocwhriia	㻀
ocwhppzz	㻄
ocwhsiyt	㻆
ocdawhwh	㻎
ocwhklhe	㻒
ocwhcszz	㻜
ocwhzoyt	㻟
ocifiayu	㻨
ocwhyukv	㻬
ocwhhuhu	㻯
ocwhjiri	㻸
ocuiuiyu	㻹
ocihheyu	㻺
ochgbcyu	㼂
ocwhirve	㼃
ocwhyctm	㼄
ocwhujjy	㼇
ocfgdcwa	㼤
octuvjwa	㼭
ocbwbcwa	㼱
ocerdawa	㼲
ocihhewa	㽁
ocheyuwa	㽂
ocycbcwa	㽇
ocifrfwa	㽉
ocyjyzwa	㽊
ocyjsiwa	㽋
ocyulqwa	㽌
ocugugug	㽓
ocyeuiug	㽔
ocyzveve	㽕
ockzkztm	㽞
octmvxcy	㽟
octmbcmi	㽤
oclwug	㽮
octmcvjs	㽯
ocbkjb	㾛
ocbkdger	㾱
ocbkwhwf	㿂
ocbkyiuu	㿄
ocbkheyi	㿆
ocbkxlvv	㿈
ocbkjiri	㿊
ocbkjyyh	㿏
ocbkzzdo	㿐
ocbkjxzu	㿓
ocbklw	㿔
ocbkmfjq	㿕
ocbksida	㿙
ocbkzily	㿜
ocuguubd	㿦
ocpiirtm	㿳
ocpierda	㿵
ocuveemb	䀀
ocyumpmb	䀆
ocgufzmb	䀇
ocuvvfmb	䀊
octuvjmb	䀋
ocyubdmb	䀌
ocmuyzqn	䀻
ocuiyzmu	䀾
ocifyzmu	䁂
ochuwfmu	䁈
ochugemu	䁉
ocmuiamu	䁊
ocmukzer	䁒
ocmuxswf	䁓
ocmumbri	䁕
occscsmu	䁞
ocmuhuqp	䁦
ocmunmfu	䁧
ocmujiri	䁮
ocmuheyu	䁯
ocmusiyi	䁵
ocycbcmu	䁷
ocmusixk	䁺
ocmuirve	䁽
ocmudctu	䂁
ocgunqrz	䂋
ocfgdcui	䂮
ocuimbri	䃉
ocuiccqp	䃊
ocuixitu	䃌
ocyiuuui	䃜
ocuijiri	䃡
ocuiuijq	䃱
ocuibjmb	䃲
ocuiirve	䃳
ocuiyima	䃵
ocuiyisi	䃶
ocuiwhnv	䃷
ocuicsjq	䃸
ocppccyc	䄏
ociuuisi	䄐
ocppuvtm	䄕
ocpppmpj	䄗
ocherfqm	䄹
ochebkhg	䄼
ochelili	䅄
ocheglto	䅊
ochejuyz	䅓
ocheirtm	䅔
ocheqmjq	䅤
ochevivi	䅩
ochewfxn	䅫
ocuguuhe	䅽
ochejiri	䅾
ochesixk	䆁
ochejinn	䆇
ochesing	䆉
ochebwyi	䆊
ocheheyj	䆌
ochecsjq	䆎
ocqbqbqb	䆐
ocxtribi	䆞
ocxtuzgk	䆢
ocxtmuda	䆩
ocxtcsxb	䆫
ocxtvonv	䆯
ocxtgvri	䆴
ocxtmcjs	䆷
ocxthuui	䆽
ocxtpjnp	䆿
ocxtgeer	䇀
ocliglsi	䇊
ocmhlifj	䇔
ocvubcpp	䇖
ocvuxili	䇟
ocvurfxn	䇣
ocvubkhg	䇧
ocvuklwf	䇱
ocvugeer	䇳
ocvuccyz	䈛
ocvuwfri	䈞
ocvucsxb	䈡
ocvutdmu	䈢
ocvujnli	䈥
ocvuxswf	䈦
ocvuliju	䈮
ocvuriyu	䈳
ocvudmmk	䈿
ocvuufdc	䉇
ocvujngx	䉉
ocvusiie	䉊
ocvuielk	䉖
ocvusiwa	䉚
ocvuuzvi	䉟
ocvujqho	䉣
ocvuuzxb	䉥
ocvulw	䉪
ocvuirve	䉭
ocvumfvv	䉮
ocvugujn	䉰
ocvuyiqu	䉱
ocvumuui	䉵
ocmijijb	䊃
ochebcmi	䊍
ocmhmiji	䊨
ocmicsjq	䊱
ochuyzsi	䋜
ocsixknv	䋝
ochugesi	䋯
ocmcwfsi	䋷
ocsibkpu	䌄
ocsiriyu	䌈
ocsicche	䌋
ocmwuusi	䌓
ocxiyjxi	䌛
ocxmqmsi	䌠
ocsiqudz	䌡
ocsivxxb	䌥
ocsimfjq	䌪
ocsiccvv	䌯
ocsiwhli	䌱
ocuifzuu	䍍
ockluuhg	䍏
ocsixswf	䍟
ocyhjiri	䍼
ocyuve	䎎
ocyuerve	䎎
ocyujm	䎒
oclwirtm	䎩
oclwxswf	䎫
oclwnmfu	䎯
oclwxijb	䎰
oclwsing	䎱
ocersisi	䏈
ocerriho	䏉
ocyuxbsi	䏋
ocxidmrz	䏑
ocytliba	䏮
ocytbitu	䏶
ocsiytqu	䏻
ocytjm	䏼
ochuwfyt	䏿
ocytuidm	䐁
ocytklhe	䐃
ocytdcjq	䐄
ocytuiui	䐅
ocytwuri	䐇
ocytirtm	䐉
ocytgsxb	䐋
ocytkzer	䐕
ocytxnbw	䐝
ocwfyarz	䐡
ocuiytuu	䐨
ocytjiri	䐶
ocytsixk	䐾
ocycbcyt	䑁
ocytwhnv	䑉
ocytcsjq	䑎
ocytccvv	䑏
ocifrfxn	䑐
ocifyefu	䑑
occcbcvi	䑓
ocuekler	䑙
ockzbcir	䑝
ocklyjir	䑞
ocvzrfye	䑨
ocvzeryt	䑵
ocvzzdyz	䑹
ocvzfhzi	䑻
ocvzriyu	䑽
ocvzbcfu	䒄
ocvzyuwf	䒆
occckler	䒣
occcvecy	䒭
occcbcfj	䒮
occcbcwj	䒯
occcnvto	䒲
occcujji	䒻
occcbcyt	䒿
occcqrjb	䓄
occcuvui	䓋
occcdaty	䓐
occcuvkd	䓑
occcgsxb	䓗
occcrfqp	䓚
occcuvdi	䓜
occcbcfz	䓨
occcmcwf	䓮
occcxitu	䓰
occcrfdv	䓲
occcerda	䓴
occcuvxk	䓷
occcbcnv	䓻
occcnvls	䓼
occcsikl	䓿
occchehe	䔉
occcwhbk	䔊
occcfzqp	䔘
occcifyt	䔚
occcdj	䔜
occcerrj	䔜
occccskv	䔢
occcbdbd	䔤
occcyumi	䔥
occcxlvv	䔨
occctmgs	䔬
occcyzgu	䔯
occciuyz	䔴
occcvivi	䔼
occcfwmu	䕁
occczztd	䕂
occcerih	䕃
occcigmb	䕄
occcglgv	䕇
occcsixk	䕉
occcrifu	䕎
occcsito	䕑
occcxkjb	䕔
occcyjjx	䕛
occcherj	䕝
occcmflv	䕡
occcuiia	䕢
occcbajb	䕥
occcmhnv	䕦
occcgujn	䕧
occcmuln	䕩
occcbdwf	䕫
occcgsjl	䕬
occcluyj	䕭
occcxkmi	䕮
occchofj	䕰
occcglhe	䕲
occchejn	䕴
occcjinn	䕵
occcyjvi	䕶
occcyequ	䕺
occcfunn	䕿
occcyjuz	䖂
ocrororo	䖃
occcnjho	䖄
occcfzuj	䖇
ochuhuri	䖜
ocisbagj	䖫
ocisccgj	䖹
ocrfuuis	䖺
ochebcis	䖿
ocisjm	䗃
ocisbcmi	䗇
ocisxitu	䗎
ociszdyz	䗏
ociscsxb	䗓
ocbcjkis	䗙
octmisis	䗞
ocyiuuis	䗟
ocgjisis	䗣
ocisyefu	䗱
ocisvutk	䗴
ocyjisis	䗺
ocisriho	䗾
ocfuisis	䘀
ocisuijq	䘂
ocveisis	䘄
ocngisis	䘅
ociscsjq	䘋
ocniisis	䘌
ocwjisis	䘍
ocxtdcba	䘐
ocxtdcjq	䘓
ocxkujxi	䘗
ocxkwwjb	䘙
ocppuiia	䘠
octucsyi	䘮
ocppjb	䘲
ocppjm	䙁
ocppgsxb	䙂
ocppzoyt	䙃
ocppqmjq	䙄
ocpperda	䙇
ocpplqyi	䙛
ocyixkwj	䙝
ocpptmfw	䙣
ocppgoyi	䙨
ocppbwyi	䙫
ocppccvv	䙮
ocxidasi	䙴
ocdabajm	䙽
ocvjkljm	䚃
ocxitujm	䚈
ocjnyuvf	䚧
ocjnsiyi	䚪
ocjnccvv	䚭
ocxidmyj	䚻
ocyjkler	䛁
ocyjjikz	䛇
ocuurfyj	䛓
ocyjriia	䛕
ocfgdcyj	䛚
ocyjizuj	䛝
ocyjuikz	䛡
ocyjyzqn	䛣
ocyjmive	䛧
ocyjbcfz	䛬
ocyjfgmu	䛶
ocyjjqgs	䛼
ocyjqmjq	䛽
ocyjrfvi	䜀
ocyjgvda	䜁
ocyjyigs	䜇
ocyjmuuv	䜉
ocsiyjsi	䜌
ocyjzovi	䜔
ocyjriho	䜙
ocyjzzuv	䜚
ocyjmmmm	䜛
ocyjycve	䜝
ocyjuijq	䜟
ocyjdjvi	䜥
ocyjrfvi	䜧
ocuuhggu	䜭
ocgubcmi	䜯
ocguirve	䜲
ocdzjb	䜷
ocmcwfdz	䜼
ocifrfdz	䜿
ocifuudz	䝂
ocdzriho	䝃
ocbaerui	䝇
ocbabcui	䝉
ocuiirve	䝓
ocuiccvv	䝔
ocviziui	䝥
ocuuyzbw	䝨
ocbwrfye	䝯
oclilibw	䝱
ocpuyzbw	䝳
ochgbcbw	䝴
ocbwccvi	䝸
ocwfwfbw	䝺
ocbwihgv	䝽
ocbwklnv	䞁
ocbwerda	䞂
ocbwxnbw	䞆
ocluwjbw	䞇
ocbwjrbw	䞉
ocbwhumu	䞊
oczzhgjb	䞙
oczzuikz	䞸
ocbcjkzz	䞿
oczzuiig	䟈
oczzhuui	䟊
oczzzifh	䟍
oczzfubw	䟎
oczzccvv	䟒
oczuppyz	䟦
oczuxicc	䟸
oczuvxcy	䟹
oczusier	䠁
oczuklhe	䠅
oczuuvyt	䠌
oczumuqr	䠐
oczuxbbi	䠘
oczuxtgx	䠚
oczuhuqp	䠡
occcsizu	䠢
oczuycve	䠪
oczujrma	䠮
oczuccvv	䠰
ociehgtu	䡖
ociebder	䡚
ociecsxb	䡯
ocuguuie	䡰
ociecche	䡷
ocieccyt	䡸
ocieuipi	䡹
ociezifh	䡻
ocieyukz	䡼
octdmumu	䢄
ocbcjiru	䢇
ocxbjqif	䢉
ocvihocc	䢠
ocvixiyj	䢣
ocviheuu	䢤
ocvivgmu	䢥
ocviyuvf	䢧
ocviwuwf	䢩
ocviyjir	䢯
ocirtmer	䣎
ocxnbwer	䣔
ocmuuver	䣛
ochuqper	䣜
ockznier	䣞
ocjirier	䣟
oclwxier	䣢
ocyzppqi	䣨
ocyzxser	䣴
ocyzxtyz	䤇
ocyzximb	䤈
ocyzbimb	䤉
ocyzmcjs	䤎
ocyzfwuz	䤏
ocyzjiri	䤐
ocvhjlyz	䤗
ocyzcsjq	䤘
ocjbppqi	䤜
ocjbujjb	䤱
ocjbklnv	䤷
ocjbzdyz	䤹
ocjbzoyt	䤻
ocjbsiba	䤽
ocjbsikl	䥁
ocjbbcui	䥂
ocjbihxi	䥄
ocuiwhjb	䥅
ocwffwjb	䥆
ocjbbctu	䥉
ocbcrijb	䥌
ocjbifyt	䥎
ocjbcsri	䥘
ocjimujb	䥚
ocjblubi	䥝
ocjbccxm	䥠
ocjbzovi	䥦
ocjbmflv	䥨
ocjbriho	䥪
ocjbccvr	䥬
ocqqqqjb	䥭
ocjbxier	䥮
ocjbsing	䥯
ocjbwhis	䥰
ocjbujjy	䥴
ocjbsrdc	䥷
ocjbfgii	䥹
ocjbihwj	䥿
ocjbieyi	䦄
ocihbave	䦇
ocihuhxn	䦊
ocmfuidm	䦠
ocmfmuwf	䦩
ocmfgvri	䦰
ocmfsixk	䦴
ocerjm	䧖
ocerujxn	䧙
oceryefu	䧤
ocerglnv	䧪
ocerppxb	䧭
ocerdctu	䧯
oceryuxi	䧰
ocglrfvv	䧹
ocrumivv	䨀
ocmcwfvv	䨁
ocjbyzvv	䨄
ocvvpmpj	䨊
ocyuuvyu	䨕
ocyuuvrf	䨙
ocyulilk	䨧
ocyuuvge	䨰
ocyujmjm	䨳
ocyusidk	䨶
ocyulbpu	䨷
ocyurfhw	䨹
ocyyyyyy	䨺
oclwlwlw	䨻
ocgehgyc	䩘
ocgekzer	䩰
ocgezdyz	䩳
ocgegrxb	䪀
ocgeyefu	䪁
ocgequdz	䪆
ocgeccfu	䪇
ocgeirve	䪉
ocgedctu	䪌
ocgecvjs	䪎
ocwwbcmi	䪕
ocwwriyu	䪚
ocfuyzjq	䪟
ocziqmjq	䪠
oczicijq	䪡
oczicijq	䪢
ocfucijq	䪣
ocuubwjq	䪥
ocujerye	䫇
ochvmuye	䫙
ocujfzye	䫠
ocjiriye	䫬
ocererye	䫱
oczifhye	䫵
ocfglili	䬅
ocfgxtyz	䬒
ocuibcjq	䬨
ocddyzui	䬸
ocuigeer	䬻
ocuibcji	䭇
ocuizoyt	䭉
ocuifgmb	䭍
ocuijiri	䭙
ocuisixk	䭞
ocuivxxb	䭡
ocuicvjs	䭨
ocviirzi	䭬
ocmabuui	䮆
ocmarfna	䮉
ocmavxcy	䮑
ocmazdyz	䮟
ocmaqmjq	䮢
ocvorfma	䮧
ocycbcma	䮸
ocmayjir	䮼
ocmaglho	䮽
ocmamamu	䯂
ocguuijq	䯌
ocgurfgj	䯎
ocgubitu	䯗
ocguycyt	䯚
ocguzoyt	䯝
ocguriho	䯥
ocwfkzkz	䯧
ocwfuidj	䯬
ocbnjb	䯹
ocbnuikz	䯺
ocbnmuuv	䰍
ocbnzifh	䰓
ocbnbjmb	䰔
ocdzdcmm	䰗
ocdzyuvf	䰘
ocgsgegs	䰜
ocvegsge	䰞
ocgvmcjs	䰬
ocerergv	䰭
ocyurfye	䰿
ocyuqikl	䱖
ocpuyzyu	䱗
ocyujm	䱠
ocyubcmi	䱡
ocyudcjq	䱤
ocmcwfyu	䱯
ochuyuwf	䱷
ocvzjryu	䲍
ocyuhunj	䲐
ocyuxkjb	䲗
ocyuyuyu	䲜
ocytjryu	䲢
ochuyuwf	䲣
ocsiytnn	䳌
ocnnve	䳖
ocnnerve	䳖
ocyzqnnn	䳙
ocrinvnn	䳛
oczdbcnn	䳣
ociuuinn	䳳
ocsibann	䳴
ocldlinn	䳵
ocjbyznn	䳺
ocyefunn	䴆
ocsiyinn	䴉
ocnnsiyi	䴋
ocbwbwnn	䴍
oclwnn	䴎
octmqpnn	䴑
ocmuqrnn	䴗
ocyjklbi	䴡
ochebcmd	䴻
ocmdjm	䴼
ocmdbcui	䴿
ocmdxnbw	䵀
ocmdqudz	䵄
ochlyuvf	䵏
ocifyzuu	䵖
ochwuvyu	䵦
ochwrfyh	䵰
ocvumuhw	䵵
ocviyumm	䵹
ocbiuizz	䶑
ociidcjq	䶟
ociihuqp	䶥
ocgjgjls	䶬
ocytgsxb	䶼
ocytxswf	䶽
ochguuve	𠀀
ocveuuhg	𠀄
ochgvepp	𠀅
ocppuuhg	𠀈
ocppuuer	𠀉
ocuiuudm	𠀊
ocvehghg	𠀌
ochgkler	𠀑
ochgverf	𠀔
ochgklkl	𠀙
ochgsixn	𠀚
ocmuveve	𠀟
ochgjihg	𠀣
ocdadahg	𠀤
ochgjqhg	𠀥
ochgqndk	𠀩
ocbkrfhg	𠀬
ochgbakl	𠀮
ochgkluv	𠀯
ocdkklwu	𠀵
ochggeui	𠀶
ochgkzcc	𠀷
ochgwfqi	𠀸
ochgbats	𠀹
ochgjiba	𠀺
ochgziia	𠀼
ocfuppba	𠀽
ochgercs	𠁅
ocdkjikz	𠁈
ocfucscs	𠁊
ochgkzya	𠁏
ochgklya	𠁐
ocbkyzqn	𠁔
ochgbcya	𠁕
ocliihir	𠁖
ocuibdda	𠁗
ochgjihw	𠁘
ocqpqpqp	𠁠
ocrurfuu	𠁥
ocvskluu	𠁧
ocervser	𠁩
occcuuuu	𠁬
ocgegege	𠁭
occsrfuu	𠁮
ochgxtxt	𠁰
ochgklna	𠁱
ockzkljk	𠁲
ocujfgfg	𠁳
ocvsycyc	𠁴
ocvsuuba	𠁵
ocvsbiwf	𠁶
ocdmdmdm	𠁼
ocvevedm	𠁾
ocklhgdm	𠁿
ocpperuu	𠂁
ocdmklcc	𠂂
ocpphguu	𠂌
ocppppve	𠂍
ocppvepp	𠂎
ocndhgve	𠂏
ocnddmdm	𠂐
ocppjqdm	𠂑
ocppvepp	𠂔
ociheedm	𠂘
ocpperpp	𠂙
ocppuuuu	𠂜
ocppbaqn	𠂞
ocppbaui	𠂟
ocppqmve	𠂠
ocppxtve	𠂣
ocppklcc	𠂥
ocppuiuu	𠂦
ocppersi	𠂧
ociadmdm	𠂭
ocppccer	𠂯
ocihhgjb	𠂰
ocxsycuu	𠂳
ocfgklqm	𠂴
ocppuuuu	𠂵
ocwuhgpp	𠂶
ocycbagj	𠂷
ocpptucc	𠂸
ocrfcscs	𠂹
ocqmklyi	𠂻
ocklppkl	𠂼
ocppcsuu	𠂿
ocrfcsve	𠃀
ocpptmyi	𠃁
ochzeefu	𠃃
ocqmbdbd	𠃇
ocdrccwu	𠃈
ocvevepp	𠃓
ochgirve	𠃞
ocxtdmdm	𠃠
ocyijlve	𠃡
ocklppuu	𠃢
ocxtuuer	𠃤
ocvecckl	𠃨
ochgufve	𠃫
ocjiklkl	𠃬
ocvxkzve	𠃭
ocverfys	𠃰
ocvxguve	𠃹
occieryi	𠃻
ocxbnmve	𠃼
ocklveyc	𠃾
ocvxuzve	𠃿
ocvxhove	𠄂
ociaveqi	𠄃
ocuvqnqi	𠄄
ocjquijb	𠄆
oclbyiyi	𠄈
ocuiqnqi	𠄊
ocgsqnqi	𠄋
ocveveuu	𠄑
ocppveuu	𠄓
ocsiveuu	𠄔
oclnlnln	𠄕
ockltuln	𠄗
ochgklxt	𠄙
ocbmqndk	𠄚
ocyuppjb	𠄛
ocyufuho	𠄝
ochgiahg	𠄡
ochgsihg	𠄢
ochgwdhg	𠄨
ocgsppuu	𠄫
ochgvzhg	𠄭
ochgychg	𠄮
ocerklho	𠄰
oceruuif	𠄱
ochgrihg	𠄵
ockzklhg	𠄷
oclnkzhg	𠄸
ochgwfhg	𠄹
ocwfuuhg	𠅁
ocwfvepp	𠅂
ocwfdcbu	𠅄
ocwfverf	𠅆
ocwfklqm	𠅉
ocwfvshg	𠅊
ocwfkzda	𠅌
ocwfkzpp	𠅏
ocwfdcda	𠅑
ocwfklrf	𠅓
ocjnuuna	𠅕
ocwflvui	𠅖
ocwfbcdk	𠅘
ocwfbcrs	𠅙
ocwfxsuu	𠅛
ocwfkzzi	𠅝
ocwfirji	𠅞
ocwfnmji	𠅟
ocwflvuu	𠅠
ocwfkzui	𠅡
ocwfbcto	𠅢
ocwfkzda	𠅧
ocwfxmwf	𠅨
ocwfriwj	𠅩
ocwfjiwh	𠅪
ocwfycji	𠅫
ocwfxmpu	𠅬
ocwfkzji	𠅭
ocwfuibi	𠅰
ocwfjqda	𠅲
ocwfxytu	𠅴
ocwfdkwj	𠅶
ocwflvui	𠅷
ocwfkzlc	𠅸
octkhgyc	𠅹
ocwfklmu	𠅺
ocwhjijk	𠅽
oclqdcdm	𠅾
ocwfkzmu	𠅿
ocwfkzui	𠆀
ocmugxgx	𠆁
ocwfkzge	𠆂
ocjkbcxs	𠆃
oclqmwba	𠆄
ocwfbcmu	𠆅
ocwflvgj	𠆆
ocwfyanv	𠆈
ocwfsiui	𠆉
ocwfkzya	𠆊
ocwfyahe	𠆋
ocwfkzbd	𠆌
ocwfytvf	𠆍
ocwfwwyz	𠆎
ocwfkzge	𠆏
ocwfmuho	𠆐
ocwfjxba	𠆑
ocwfkzyb	𠆒
ocwfuihe	𠆖
ocwfyahe	𠆗
ocwfbcyi	𠆘
ocwfmusi	𠆚
ocwfridj	𠆛
ocwfyaqi	𠆜
ocwfriwu	𠆝
ocwfycui	𠆟
ocwftsho	𠆠
ocwftsho	𠆡
ocrfhgve	𠆦
ocrfuubi	𠆪
ocrferve	𠆭
ocrfhgli	𠆮
ocrfjiuu	𠆰
ocrfdmui	𠆱
ocrfycuu	𠆺
ocrfwfln	𠆼
ocrfkldm	𠇂
ocrfhgkl	𠇅
ocrfhgjb	𠇆
ocrferdm	𠇇
ocrfuujq	𠇉
ocrfruru	𠇒
ocrfppyc	𠇓
ocrferkz	𠇙
ocrfvejb	𠇛
ocrfsiye	𠇜
ocrfkzer	𠇝
ocrfvidm	𠇞
ocrfvexn	𠇡
ocrfhgia	𠇢
ocrfuuwf	𠇥
ocrfrfgj	𠇨
ocrfrfuu	𠇪
ocrfrfuu	𠇫
ochgxkrf	𠇬
ocrfhgvs	𠇭
ocrfdaji	𠇳
ocrfxnji	𠇵
ocrflqhg	𠇸
ocrfvegs	𠇹
ocrfmuhg	𠇾
ocrfveff	𠈀
ocrfhzbi	𠈁
ocrfsimu	𠈃
ocrfbkhg	𠈇
ocrfkzir	𠈉
ocrfihba	𠈊
ocrfwfnv	𠈍
ocrfuhxn	𠈒
ocrfhgkl	𠈓
ocrfuhqm	𠈔
ocrfrfkl	𠈕
ocrfbafu	𠈖
ocrfgeer	𠈙
ocrfytdc	𠈛
ocrfbahu	𠈝
ocrfjijb	𠈡
ocrfhgwj	𠈢
ocrfxnnv	𠈤
ocrfklkl	𠈥
ocrfujwf	𠈦
ocrfklyz	𠈧
ocrfvahg	𠈨
ocrfhzjb	𠈩
ocrfwftu	𠈬
ocrfgjyz	𠈯
ocrfuikz	𠈲
ocrftmui	𠈷
ocrfuvwf	𠈹
ocrfbitu	𠈺
ocrfrfkz	𠈻
ocrfqmyz	𠈼
ocdcjirf	𠈽
ocrfccgj	𠈾
ocrfaoyz	𠈿
ocrfvetm	𠉀
ocklrfqq	𠉁
ocrfbadc	𠉅
ocrfhokz	𠉇
ocrfdayt	𠉈
ocrfuimu	𠉊
ocrfdcuv	𠉎
ocrfqmqm	𠉓
ocrfgjui	𠉔
ocrfhgyz	𠉕
ocrfkzwu	𠉖
ocrfjibi	𠉘
ocrfercc	𠉙
ocrfbauj	𠉚
ocrfuzve	𠉝
ocrfkluv	𠉢
ocrfytve	𠉥
ocrfhgrf	𠉦
ocrfqurf	𠉨
ocrfwfmu	𠉪
ocrfkzih	𠉬
occscsrf	𠉭
ocrfvxrf	𠉰
ocrffzdc	𠉳
ocrftmcc	𠉶
ocrfglpi	𠉷
ocrfwfyt	𠉸
ocrfyzer	𠉺
ocrflcho	𠉻
ocrfytir	𠉽
ocrfccjb	𠉾
ocrfujwf	𠊂
ocrfccjb	𠊃
ocrfwfho	𠊅
ocrfrfxi	𠊆
ocrfxicc	𠊇
ocrfbdbi	𠊊
ocrfqmdm	𠊋
ocrfbahg	𠊍
ocrfihgv	𠊎
ocrfxmdc	𠊏
ocrfbcfz	𠊐
ocrfdmfz	𠊑
ocrfglwf	𠊒
ocrffhfh	𠊓
ocrfxtmp	𠊕
ocrfxidc	𠊖
ocrfklyz	𠊗
ocrfnvui	𠊜
ocrfkzdm	𠊟
ocrfxtnv	𠊢
ocrfiziz	𠊣
ocrfhurf	𠊤
ocrfuvuv	𠊥
ocrfirvi	𠊦
ocrfgsba	𠊨
ocrfzima	𠊩
ocrfxyzi	𠊫
ocrfmcwf	𠊮
ocrfxtyz	𠊯
ocrfdcui	𠊱
ocrfbkpu	𠊳
ocrfglni	𠊴
ocrfujdo	𠊵
ocrfjrnv	𠊶
ocrfxtho	𠊸
ocrfmuwf	𠊹
ocrfliuv	𠊺
ocrfvxmu	𠊻
ocrfxicc	𠊼
ocrfmbri	𠊽
ocrfvxcc	𠋁
ocrfmmdm	𠋂
ocrfyuve	𠋃
ocrfmier	𠋇
ocrfwuda	𠋋
ocrfriwf	𠋍
ocrfppqn	𠋐
ocrfmukz	𠋑
ocrfkzqn	𠋒
ocrfxnkl	𠋓
ocrfgsmu	𠋕
ocrfgsyc	𠋗
ocrfdayt	𠋚
ocrfpuyt	𠋛
ocrfxnkz	𠋜
ocrfisye	𠋞
ocrfzdyz	𠋢
ocrflikz	𠋣
ocrfkzwu	𠋨
ocrfwfwf	𠋩
ocrfbcif	𠋪
ocrfmuqr	𠋬
ocrflqkz	𠋭
ocrfzdnw	𠋮
ocrfiige	𠋰
ocrfdgui	𠋳
ocrfgsmu	𠋸
ocrfxyxi	𠋹
ocrftmwf	𠋻
ocrfklwu	𠋼
ocrfdatk	𠋽
ocrfwhba	𠋾
ocrfqitu	𠋿
ocrfvxba	𠌀
ocrfyzwj	𠌁
ocrfuiyc	𠌂
ocrfccdo	𠌅
ocrfcscc	𠌈
ocrftufu	𠌉
ocrfxtxi	𠌌
ocrfjrwf	𠌍
ocrfmiho	𠌎
ocrfxkir	𠌏
ocrfxiwu	𠌐
ocrfkzbc	𠌑
ocrfiswf	𠌒
ocrfbdee	𠌔
ocjpjpjp	𠌕
ocrfgsmu	𠌖
ocrfyibw	𠌗
ocrfuuge	𠌙
ocrfrfdj	𠌚
ocrfklzi	𠌛
ocrfkzyj	𠌜
ocrfjiwf	𠌝
ocrfppyz	𠌞
ocrfbdpi	𠌟
ocrfvxvi	𠌠
ocrfbcjy	𠌣
ocrfkdxb	𠌤
ocrfbkji	𠌩
ocrfuumu	𠌪
ocrfdavv	𠌱
ocrfjxrz	𠌳
ocrfcskv	𠌶
ocrfuigj	𠌸
ocrfviuc	𠌹
ocrfgege	𠌺
ocrfhoxy	𠌻
ocrffufh	𠌽
ocrfccwo	𠌾
ocrfgljp	𠌿
ocrfuvds	𠍀
ocrfvxdd	𠍂
ocrfvehg	𠍄
ocrfddmu	𠍇
ocrfdcer	𠍈
ocrfdmis	𠍋
ocrfbcxb	𠍌
ocrfxisi	𠍍
ocrfhgbw	𠍎
ocrfccxi	𠍑
ocrfccir	𠍔
ocrfcsuu	𠍘
ocrfwhdd	𠍙
ocrfbdkl	𠍚
ocrfbdnv	𠍛
ocrfuutu	𠍝
ocrfpusi	𠍞
ocrfyiyz	𠍡
ocrfmcli	𠍢
ocrfccbo	𠍤
ocrfqrtu	𠍧
ocrfhgjp	𠍩
ocrfuiho	𠍪
ocrfxiqm	𠍫
ocrfvijx	𠍬
ocrfppzo	𠍮
ocrfzusi	𠍰
ocgsrfge	𠍳
ocrftmxb	𠍴
ocrfhgho	𠍶
ocrfxtrf	𠍸
ocrfsirf	𠍺
ocrfgskz	𠍻
ocrfklyj	𠍾
ocrfddmu	𠎀
ocrfhgyz	𠎂
ocrfcsuu	𠎃
ocrffgda	𠎇
ocrfyuho	𠎌
ocrfwfnq	𠎕
ocrfximi	𠎖
ocrfwfyz	𠎗
ocrfkzsi	𠎘
ocrfvucc	𠎚
ocrfycwu	𠎛
ocuuhglk	𠎜
ocrffuxb	𠎝
ocrfklye	𠎡
ocrffaxb	𠎢
ocrfxiuj	𠎣
ocrfkzcc	𠎤
ocrfcsri	𠎥
ocrfgexb	𠎰
ocrfjixb	𠎱
ocrfccri	𠎲
ocrfwwbu	𠎴
ocrfliui	𠎵
ocwwigrf	𠎶
ocrfycjq	𠎷
ocrfnqwf	𠎹
ocrfykxy	𠎽
ocrfbcsi	𠎾
ocrfhgtu	𠏂
ocrfyctm	𠏇
ocrfccfz	𠏈
ocrfhgba	𠏊
ocrfyhjm	𠏌
ocrfzovi	𠏍
ochekznm	𠏎
ocjbhgrf	𠏏
ocrfdjwu	𠏑
ocrfccwf	𠏒
ocrfgepi	𠏔
ocrfdagc	𠏖
ocrfdajs	𠏗
ocrfkjyj	𠏘
ocrfglfh	𠏛
ocrfyhyj	𠏜
ocrffumu	𠏝
ocrfgsge	𠏞
ocrfwfhe	𠏟
ocrfyuer	𠏣
ocrfjlbw	𠏤
ocrfdzda	𠏥
ocrfwutk	𠏦
ocrfxtxb	𠏨
ocrfyjqm	𠏩
ocrfdgjq	𠏪
ocrfifmb	𠏫
ocxbyzqn	𠏬
ocrfglho	𠏰
ocrfuibw	𠏱
ocrfuipi	𠏴
ochehuhu	𠏸
ocrfxigo	𠏹
ocrfjbho	𠏽
ocrfyugf	𠏾
ocrfsiqm	𠐀
ocrfjbkz	𠐂
ocrfwfxb	𠐃
ocrfiryz	𠐄
ocrferyi	𠐅
ocrfpncy	𠐆
ocrfzifh	𠐈
ocrfytvf	𠐋
ocrfsing	𠐌
ocrfbcdg	𠐏
ocrfuizz	𠐑
ocrfyjbi	𠐚
ocrfsiyr	𠐛
ocrfwfyj	𠐜
ocrfxiyr	𠐢
ocrfyigv	𠐤
ocrflixb	𠐥
ocrfyisi	𠐦
ocrfpbyj	𠐨
ocrfmfjq	𠐩
ocrfccer	𠐪
ocrfvucy	𠐫
ocrfxqye	𠐬
ocrfuiug	𠐭
ocrfzzxy	𠐯
ocqiqiqi	𠐰
ocuizcrf	𠐱
ocrfhoho	𠐲
ocrfxmxi	𠐴
ocrfdccy	𠐵
ocrfxmxb	𠐷
ocrfmimb	𠐹
ocrfqiye	𠐾
ocrfjinn	𠑃
ocrfyjyz	𠑄
ocrfxtdg	𠑅
ocrfmfjq	𠑆
ocrfytbw	𠑇
ocrfxkgj	𠑊
ocrfhgwf	𠑍
ocrfxbho	𠑎
ocrfccyj	𠑏
ocrfmfyc	𠑑
ocrferxb	𠑓
ocrfrimi	𠑔
ocrfxbsi	𠑗
ocrfyeyi	𠑚
ocrfgzwf	𠑛
occhmimb	𠑜
ocrfyuvi	𠑞
ocrfwfjq	𠑠
ocrfmfui	𠑡
ocrfxksi	𠑣
ocrfdsri	𠑤
ocrfccgj	𠑫
ocrfuiyc	𠑬
ocrflvui	𠑮
ocrfjqye	𠑯
ocueueue	𠑰
ocrfvgui	𠑳
ocheisqk	𠑴
ocrfxive	𠑵
ochgveer	𠑶
ocerklkl	𠑹
ochgbcer	𠑺
ocklwfer	𠑻
ocklkler	𠑼
ocdcuier	𠑾
ocppsjer	𠑿
ocuiqmer	𠒀
ocbauier	𠒁
ocklkler	𠒂
occsuuwu	𠒃
ocklkler	𠒅
ocppbaer	𠒇
ocuibcyr	𠒈
ocuusiwu	𠒊
ocwfxser	𠒋
occctuer	𠒌
ocjqppyi	𠒍
ochgccve	𠒔
ockedcdm	𠒘
ocyrbder	𠒜
ocyrjqve	𠒞
ocjutuer	𠒟
ocglrfdz	𠒡
ockejm	𠒲
ocbdycyr	𠒴
octutuer	𠒶
ocuuuuer	𠒹
ocglbcds	𠒽
ocxmtmge	𠓀
ocglyuvf	𠓂
ocglccss	𠓅
ocfgxsxs	𠓆
ocglglgl	𠓉
ocglsixk	𠓋
ocmmqudz	𠓍
ocglfubw	𠓒
ocgljbmk	𠓓
octututu	𠓗
ocxmxmxm	𠓙
ocglcclj	𠓚
ocruhgri	𠓤
ocruhgpu	𠓥
ocruuuuu	𠓪
ocruwhul	𠓰
ocruycda	𠓱
ocqrqikl	𠓴
ocrudacs	𠓵
ocrujimu	𠓸
ocrumusy	𠓼
ocqrqrqr	𠓾
ocrufwfw	𠓿
ocuuuuba	𠔂
ocbaveih	𠔆
ocbappna	𠔇
ocbaklia	𠔋
ocbabakz	𠔌
ocbarfuu	𠔎
ocnmhgba	𠔏
ochghgba	𠔐
ocklhgba	𠔓
ocffklcc	𠔕
occchgba	𠔖
ocpphgba	𠔙
ocwfsigs	𠔚
ockzklba	𠔛
ocjqhgba	𠔜
ocnmhgba	𠔝
ocujhgba	𠔞
ocqmxtho	𠔥
octujqba	𠔧
ocverfjm	𠔨
ocsidmhg	𠔩
ocbamitm	𠔪
ocbayefu	𠔯
ocsisidm	𠔰
ocjxhgba	𠔱
ocbagsfu	𠔲
ocbcfuqi	𠔸
ocycbcgs	𠔹
ocxkxkxk	𠔻
ocppklhg	𠔾
ochgkler	𠕂
ockluuve	𠕄
ochgkler	𠕅
ocklrfve	𠕈
ocdmklba	𠕉
ocklhgdk	𠕊
ocppkler	𠕍
ocklrfrf	𠕎
ocklqmve	𠕏
ocklwfkz	𠕑
occcklhg	𠕓
ocklhgyt	𠕔
ocklkzdc	𠕕
ocdcklkl	𠕗
ockldmxn	𠕘
ocklerri	𠕙
ocklqmxn	𠕚
ocklfgkz	𠕛
ocdmkllq	𠕜
occsklkl	𠕞
ocklxnkl	𠕢
ockldcjq	𠕣
ocklklbw	𠕩
ocppklrv	𠕫
ocklqmjs	𠕬
ocrimuvo	𠕭
ocklrfyu	𠕮
ocnmjbba	𠕯
ocklhguu	𠕲
ocbccyvi	𠖁
ocbcjqyc	𠖂
ocbcribi	𠖆
ocbcrida	𠖇
ocbcyrxx	𠖈
ocbcnmda	𠖉
ocbcbatm	𠖋
ocbchgrs	𠖍
ocbckztm	𠖐
ocbchgsv	𠖔
ocbcvzyz	𠖗
ocdkeryb	𠖙
ocbcjqgf	𠖚
ocbcgstu	𠖜
ocbcujlk	𠖝
ocbcyryi	𠖞
ocbcirgu	𠖠
ocbdergr	𠖡
ocbctuho	𠖣
ocbcyrbw	𠖤
ocbcgsui	𠖦
ocbchgis	𠖧
ocbcyrmg	𠖨
ocbcmmis	𠖪
ocbcvhgs	𠖫
ocbkklna	𠖱
ocbkjier	𠖵
ocbkrfbi	𠖸
ocyhdmdm	𠖼
ocklrfdm	𠗀
ocxtrfdm	𠗁
ocrfuuds	𠗆
ocbkhgzi	𠗍
ocbkppqr	𠗎
ocbkfuxn	𠗑
ocbkdddc	𠗗
ocbkwfmu	𠗛
ocbkerdc	𠗜
ocbkvxrf	𠗝
ocbkhgdc	𠗢
ocbkmacc	𠗦
ocbkufdm	𠗩
ocbkhuys	𠗬
ocbkrfsi	𠗭
ocbkwukz	𠗱
ocytjrdm	𠗲
ocbksikl	𠗴
ocbkyuvf	𠗽
ocrikzdm	𠘀
ocbkuuqm	𠘂
ocbkrfwf	𠘄
ocbkufvz	𠘇
ocbkuumu	𠘍
ocbksilb	𠘏
ocbkifho	𠘑
ocbkqkvz	𠘒
ocuvmauc	𠘔
ocbkwfda	𠘘
ocbknnwf	𠘜
ocbkuili	𠘞
ocbkyisi	𠘠
ocbkwfhe	𠘡
ocbkluvz	𠘢
ocnkbk	𠘤
ocbkismb	𠘦
ochgjiji	𠘲
ocjibaqn	𠘵
ocucjiyi	𠘷
ocuujisj	𠘹
ocwfsiji	𠘺
ocxnklji	𠘽
ocliccji	𠘿
ocsihgji	𠙃
ocjiqmkl	𠙄
ociagsji	𠙆
ocjihgpp	𠙊
ociayzji	𠙏
ocxtuurs	𠙐
ocvixiji	𠙑
ocjihgbw	𠙒
octubdji	𠙓
ocjibdgs	𠙔
ocjiiukz	𠙕
ocjitmir	𠙗
ocjijbcc	𠙘
ocgxnwji	𠙙
ochgwfji	𠙚
ocxtgsji	𠙛
ocjqcyji	𠙝
ocrfcsji	𠙠
ocbdycji	𠙡
occcyzji	𠙢
ocbkhgji	𠙥
ocbdklji	𠙧
ocnmxiji	𠙨
ocbdbwfj	𠙩
ocqudzji	𠙫
ocjiycis	𠙬
ocirxsrs	𠙭
ocnmbdji	𠙯
ocpippfj	𠙱
ocjilwtd	𠙲
ocyjsiji	𠙳
ochguukl	𠙹
ocvehgkl	𠙿
ochgkzkl	𠚃
ocrfrfkl	𠚄
ocirerkl	𠚋
ociadmkl	𠚍
ockzjkkl	𠚎
ocqmcskl	𠚏
ochgzikl	𠚑
ocklerer	𠚒
ocjiyzkl	𠚓
ocsihekl	𠚔
occscskl	𠚕
ocrflnkl	𠚗
ockzkljb	𠚙
oclnigkl	𠚚
octutukl	𠚛
ocvjbikl	𠚝
ocklvxbw	𠚞
ocqmbckl	𠚟
ocrivikl	𠚠
ocuuyidc	𠚱
ocrfdndc	𠚻
ocyzyzdc	𠚿
ocdcbadc	𠛂
ocsiirdc	𠛏
ocujdcdc	𠛕
ocdasidc	𠛗
ocdanddc	𠛘
ocyzjbdc	𠛚
ocrfbidc	𠛛
ocdabadc	𠛞
ocppyzdc	𠛦
ocklrfdc	𠛧
ocgjgjdc	𠛬
ocuhjbdc	𠛯
ocklkldc	𠛰
ocirxidc	𠛱
ocrfhgdc	𠛲
ocwfxndc	𠛴
ocbawfdc	𠛶
ocrfbkdc	𠛷
occehgdc	𠛹
ocppbudc	𠛻
ochggudc	𠛽
ocqimudc	𠜀
ocwfrfdc	𠜇
ocirhgdc	𠜊
ocrfizdc	𠜋
ocdcklkl	𠜌
ocbcyrdc	𠜍
ocuucedc	𠜐
ocuhjbdc	𠜔
ocqmridc	𠜕
ocvxcydc	𠜖
ocjbdc	𠜘
ocjktudc	𠜚
ocuikzdc	𠜜
ocgsjbdc	𠜝
ocerdcqp	𠜞
ockluvdc	𠜟
ocwhvedc	𠜡
ocglqrdc	𠜢
ocdcklgu	𠜦
ocdcerdc	𠜧
octutudc	𠜩
ocdctmdc	𠜪
ocqmbadc	𠜫
ocdcuzyb	𠜭
ocdcuudc	𠜰
ocfgdcgk	𠜵
ocvividc	𠜶
ocvjbidc	𠜷
oclwerdc	𠜸
ocmudadc	𠜹
ocdcjqdc	𠜼
ociauadc	𠜽
ocujvadc	𠜿
ocujbidc	𠝀
ocwwujdc	𠝁
ocuvuvdc	𠝃
ocvxwudc	𠝄
ocvjhgdc	𠝅
ocjkwhdc	𠝆
ocujujdc	𠝉
ocuiuidc	𠝋
ocsiuvdc	𠝌
ocrfrfdc	𠝏
ocuiuidc	𠝑
ocdmfzdc	𠝒
ocdcxbdj	𠝗
ocvgjqdc	𠝙
ocgsmudc	𠝚
ocqukzdc	𠝛
ocqmjqdc	𠝞
ocxtyzdc	𠝠
ocglvcdc	𠝡
ocheccdc	𠝢
ocvivzdc	𠝣
ocujrfdc	𠝦
ocxthgdc	𠝧
ocwfkzdc	𠝪
oczdyzdc	𠝬
ocdamudc	𠝱
ocklujdc	𠝴
ocmcwfdc	𠝸
ocdcwjri	𠝽
ocwhujdc	𠝾
ocxnbwdc	𠝿
ocxtiudc	𠞀
occccidc	𠞁
ocuixbdc	𠞂
octmwfdc	𠞅
ocxbbidc	𠞇
ocriyudc	𠞈
ocmuccdc	𠞋
oclqkzdc	𠞌
ockzwudc	𠞍
ocdohodc	𠞎
ocugugdc	𠞏
ocqitudc	𠞐
ocwfqmdc	𠞑
ocdadmdc	𠞒
ocppugdc	𠞔
ocququdc	𠞗
ocmuuvdc	𠞘
ochexndc	𠞙
ocirhedc	𠞜
occcxidc	𠞝
ociruvdc	𠞤
ocyuxndc	𠞨
ockzccdc	𠞫
oclqyidc	𠞬
ocwwpudc	𠞲
ocqmpgdc	𠞳
ocsifadc	𠞵
ocyutmdc	𠞷
ocrfvzdc	𠞼
ocqmdcdc	𠞽
ocrfjbdc	𠞾
ocsibwdc	𠞿
ocujjbdc	𠟁
ocihhedc	𠟄
ocvuvidc	𠟅
ocwfjpdc	𠟇
ocheyudc	𠟊
ockznidc	𠟎
occsridc	𠟏
occhdcba	𠟐
ocklyjdc	𠟑
occibwdc	𠟓
ocbwccdc	𠟔
ocqumudc	𠟕
ocheytdc	𠟖
occckzdc	𠟗
ocrimudc	𠟘
ocjbhodc	𠟛
octujqdc	𠟜
occcvodc	𠟝
ocvividc	𠟞
ocsiyjdc	𠟟
ocvjmudc	𠟫
ocvubwdc	𠟬
ocdchodc	𠟮
ocdamudc	𠟰
ocyuhgdc	𠟱
ocppkvdc	𠟲
ocyzdcgj	𠟳
ocuiuvdc	𠟴
ochguidc	𠟵
oclitmdc	𠟷
ocyjjidc	𠟸
ocbwbwdc	𠟻
ocyisidc	𠟼
occchddc	𠟽
ocrihodc	𠠁
octrmbdc	𠠂
occsjqdc	𠠃
ocuuuudc	𠠅
ocrfhodc	𠠆
ocmcyadc	𠠇
ocpiyedc	𠠉
ocddyzze	𠠋
ociruvdc	𠠌
ochouvdc	𠠓
occcpndc	𠠕
ocksbwdc	𠠖
ocirvedc	𠠗
ocdabddc	𠠘
ocykfzdc	𠠜
octrisdc	𠠞
ocriuudc	𠠡
ocyukzdc	𠠢
ocdcmmdc	𠠤
ocdctudc	𠠥
ocxbhodc	𠠧
octmgeqm	𠠩
ocyjsidc	𠠪
ocvuqmdc	𠠬
ociurfri	𠠭
octmqpdc	𠠯
ocyuvvdc	𠠰
ocveerli	𠠷
ochgwfli	𠡀
ocyahgli	𠡅
ocdabali	𠡊
ocwferli	𠡌
ocuvucli	𠡑
ocirwjli	𠡔
ochgtuli	𠡕
ocirxili	𠡝
ocbderli	𠡞
ocddyzli	𠡡
ocirddli	𠡢
ocqmlili	𠡦
ocxndjli	𠡱
ocihvcli	𠡲
ochebcli	𠡴
oclilimu	𠡷
ocuhyzli	𠡹
ocquerli	𠡺
occsxbli	𠡻
ocwfxnli	𠡽
ocfguvli	𠡾
ocuigsli	𠡿
ocnmhgli	𠢀
ocjrsili	𠢁
octulili	𠢂
ocbaerli	𠢄
ochuwfli	𠢅
ocvorfli	𠢇
ochgbali	𠢊
ocyawfli	𠢐
ocdcbili	𠢒
oclqmmli	𠢖
ochgdali	𠢘
ocgsuzli	𠢛
ocyuxnli	𠢜
ocuulivg	𠢦
ochgrfli	𠢨
ocldlivg	𠢫
ocyzbcnj	𠢮
ocyuxnli	𠢯
ocdcyuli	𠢰
ocdcholi	𠢴
ocldliky	𠢷
ocyjbcli	𠢸
octdmuqr	𠢺
ocwfdjli	𠢻
ocsidkli	𠢼
ochgjqli	𠢾
oclwli	𠢿
ocgsjlli	𠣀
ocykmili	𠣁
ocgsjlli	𠣃
ocdctuli	𠣄
ocxbholi	𠣆
oclpfuie	𠣇
ocyjjili	𠣈
ocfwlvli	𠣊
ocfwlkli	𠣋
ocbcwfpp	𠣐
ocbcerri	𠣚
ocbcuucc	𠣠
ocbcbadj	𠣡
ocyybcuj	𠣢
ocgdbcve	𠣣
ocbcrixi	𠣤
ocbcuidm	𠣥
ocbcnmho	𠣦
ocbcbcxn	𠣧
ocbcbcxi	𠣨
ocbcdayh	𠣮
ocbcuuhv	𠣱
ocbccckl	𠣲
ocbcwfwf	𠣸
ocbkmubc	𠣺
ocdakvbc	𠣻
ocbcvjuu	𠣿
ocdcwfwu	𠤀
ockzkvbc	𠤁
ocbcufgs	𠤂
ocdauibc	𠤃
ocbcvuxk	𠤄
ocbccche	𠤅
ocbcrfwf	𠤇
ocbcgege	𠤈
ocycveuc	𠤉
ocbcccvv	𠤍
ocrfuhbi	𠤒
ocbweruu	𠤖
ocbiuibi	𠤗
ocjqbdbi	𠤙
ocbiuuhg	𠤛
oceruibi	𠤜
octherbi	𠤝
ocbiriuu	𠤞
ocvibcdk	𠤟
ocbimukd	𠤡
ocppbcbw	𠤣
ocbwbcyy	𠤥
ocbwxtyy	𠤦
ocbitmgj	𠤨
ocsingbi	𠤩
ocbiugkl	𠤪
octsbcbw	𠤫
ockldmve	𠤶
ocklrfye	𠤷
ocklppyi	𠤺
ocklklrf	𠤽
ocklbdba	𠥁
ocklmujq	𠥂
ocklhzjb	𠥃
ocklkzvs	𠥅
ocklujwh	𠥆
ocklrfvv	𠥔
ockluirf	𠥗
ocklsibw	𠥘
ockluiuu	𠥚
ocklbarf	𠥛
ocklpbuu	𠥝
ocklmuqr	𠥞
ocklgujb	𠥟
ockllvlv	𠥡
ocklzifh	𠥣
ocklroyz	𠥤
ocklvvvv	𠥥
ocklfz	𠥧
ocklqi	𠥩
ocklyc	𠥪
ocklzifh	𠥫
ockljq	𠥬
ocklkzuu	𠥲
ockluvjb	𠥴
ocwoklsi	𠥸
ockluuui	𠦁
ocbkbkui	𠦂
ocuiuiui	𠦃
ocuiuiui	𠦄
ochgppui	𠦇
ocrfrfui	𠦍
ocbabaui	𠦎
ocuijiji	𠦐
occcdmdm	𠦑
ocuiuiui	𠦔
ocgsjiui	𠦕
ocxkihui	𠦖
ocuixtxn	𠦙
ocqmlihg	𠦚
ocjbuiui	𠦛
ochgufkl	𠦟
ocuibdhg	𠦠
ochvhgui	𠦡
ocuidcdc	𠦢
ockzytui	𠦣
ockljxhg	𠦤
ocbkdvui	𠦥
ocdcbcui	𠦨
ockzerui	𠦫
ocqmcscs	𠦬
ocuvdvui	𠦭
ocuierqm	𠦰
ochgufli	𠦱
oceruiui	𠦴
ocdarfui	𠦵
ocnmjqui	𠦶
ocyjbkui	𠦸
ocuubabj	𠦺
ocycvvui	𠦼
ocuivivi	𠦾
ocqrmaui	𠧀
ocqmgszu	𠧆
ocvojqcc	𠧇
ocppuiyh	𠧊
ocuijixy	𠧋
ocvxlvui	𠧎
ocvxycui	𠧏
ocvvuwui	𠧐
ocgubasy	𠧑
ocuuhgyi	𠧒
ocuuklrf	𠧖
ocuuveyz	𠧘
ocuuklnv	𠧜
ocuuvelq	𠧝
ocvjklve	𠧠
ocvjerve	𠧡
ocvjhgbi	𠧢
ocuuihjb	𠧣
ochgxxxx	𠧥
ocqmycbu	𠧦
ocvjrfrf	𠧪
ocvjhgwf	𠧫
ocuurfba	𠧯
ocuuklkz	𠧰
ocvjiave	𠧱
ocuuklgj	𠧲
ocvjuupp	𠧳
ocvjrfve	𠧴
ocvjrfda	𠧵
ocuubauv	𠧶
ocvjrfve	𠧷
ocvjuuna	𠧹
ocvjerwf	𠧺
ocvjriuu	𠧻
ocuuyzgx	𠧼
ocuuxiho	𠧽
ocvjiawf	𠧾
ocuuklui	𠧿
ocvjerir	𠨀
ocuurfyi	𠨁
ocuuwuwu	𠨂
ocvjiave	𠨅
ocuugsbk	𠨆
ocuuromu	𠨇
ocuuribk	𠨈
ocrfwfbu	𠨉
ocvjvjvj	𠨋
ocuupnpn	𠨌
ocgsgsuu	𠨓
ochgjqxt	𠨔
oceeeeee	𠨕
ochzeedm	𠨗
ocdmveqt	𠨙
ocxtxber	𠨝
ocbmdaee	𠨟
ocujujch	𠨤
ocklppln	𠨥
ochgrsqt	𠨦
ocxbdaee	𠨧
ocjqbafj	𠨨
octsdaee	𠨩
ocyjsilr	𠨫
ociheruu	𠨭
ocihveda	𠨮
ocihklve	𠨰
ocihhgve	𠨷
ocihcckl	𠩀
ocihdcge	𠩄
ocihjquj	𠩇
ocihklia	𠩌
ocihuuyz	𠩍
ocihvahg	𠩎
ocihuhxn	𠩏
ocihybbi	𠩑
ocihriyz	𠩒
ocihhobi	𠩔
ocbaihyu	𠩖
ocihuvqm	𠩗
ocihklrf	𠩛
ocihhuzi	𠩞
ocihtucs	𠩟
ocihrixn	𠩤
ocihxbqm	𠩦
ocihjbvi	𠩧
ocihrida	𠩩
ocihuizi	𠩮
ocihsijx	𠩯
ocihlvui	𠩰
ocihmuqm	𠩱
ocihuusi	𠩳
ocihbdwf	𠩴
ocihtmui	𠩶
ocihzdyz	𠩹
ocwwwfih	𠩺
ocihwwqm	𠩼
ocihbihg	𠩽
ocihjxgs	𠩿
ocihriui	𠪀
ocihheqm	𠪁
ocihhevi	𠪈
ocihriuu	𠪋
ocihyiho	𠪌
ocihbiee	𠪍
ocihyjba	𠪎
ocihfggf	𠪏
ocihluwj	𠪑
ocihkzjb	𠪒
ocihnusi	𠪓
ocihguyz	𠪔
ocyjklba	𠪕
ocihlbtu	𠪖
ocihyjqm	𠪗
ocihytuu	𠪘
ocihtmgs	𠪙
ocihnmyj	𠪛
ocihccjb	𠪜
ocihcsri	𠪞
ocihgffz	𠪟
ocihlbyt	𠪠
ocihgsgv	𠪤
ocihhefz	𠪦
ocihbago	𠪧
oclibatu	𠪨
ocihppzo	𠪪
ocihviwf	𠪫
ociherpu	𠪬
ocihfhwf	𠪭
ocihsixk	𠪯
ocihqrxb	𠪰
ocihhedm	𠪱
ocihklyz	𠪳
ocihgsvs	𠪵
ocihsidz	𠪶
ocihccwa	𠪹
ocihheff	𠪺
ocihbavr	𠪻
ocihxkgf	𠪼
ocihkzyz	𠪽
ocihhexb	𠪾
ocihmnis	𠪿
ocihwhyc	𠫁
ocihxkmu	𠫃
ocihkzlk	𠫄
ociherxb	𠫇
ocihyjmc	𠫈
ocliccuu	𠫌
ocihbwbw	𠫍
ocihmujb	𠫎
ocyrqrqr	𠫐
ocihmama	𠫑
ocihihqr	𠫒
ocsirfve	𠫙
ocsieruu	𠫚
ocsihgsi	𠫛
ocsiveli	𠫜
ocsisiji	𠫞
ocppgssi	𠫟
ocsijiji	𠫠
ocbarfsi	𠫥
ocsibcjb	𠫦
ocsisifj	𠫨
ocsivsrf	𠫩
ocsikzda	𠫪
ocsisisi	𠫬
ocsidaxn	𠫭
ocsiriji	𠫮
ociagsxy	𠫲
ocsidaxn	𠫵
ociagswj	𠫷
oclwuuuu	𠫸
ocsijxhg	𠫹
ocsiirhg	𠫺
ocsidakl	𠫻
oclweruu	𠫼
ocsidagg	𠫿
ocsitmsi	𠬀
oclwdatu	𠬁
ocsibcir	𠬂
oclwwfsj	𠬄
oclwdasj	𠬅
ocsixnsi	𠬆
ocsixncj	𠬊
ocsisixk	𠬋
oclweryt	𠬐
ocquququ	𠬑
oclwxnxs	𠬓
ocquyifu	𠬕
ocquyifu	𠬖
oclwerjq	𠬘
ocyzveve	𠬜
ocveuuyz	𠬝
ocihhgyz	𠬡
ochgveyz	𠬣
ocyzeruu	𠬤
ocppklyz	𠬦
ocuiuuyz	𠬩
ocmpklyz	𠬫
ocuiuuyz	𠬮
ocyzycuu	𠬯
ocdabayz	𠬲
ocjqycyz	𠬳
ocyzbasj	𠬴
ocbappyz	𠬵
ocxtbcyz	𠬶
ocwuppyz	𠬷
ocklsiyz	𠬸
ocfgjqyz	𠬻
ocerqmyz	𠬼
ocyzycyc	𠬾
ocqqjqyz	𠬿
occckzyz	𠭆
ocsibcyz	𠭈
ocuuysyz	𠭉
ocdrxtyz	𠭊
ocyzuljk	𠭌
oculkzkz	𠭎
ocujhgyz	𠭏
ocuiyzvi	𠭐
ocviqmyz	𠭓
ocgjrfyz	𠭕
ocvxguyz	𠭖
ocuujkyz	𠭗
ocddyzjk	𠭘
ochgxtyz	𠭙
ocrokzee	𠭚
occsjqyz	𠭛
ochgxtyz	𠭜
ocpmklfj	𠭝
ocxibcyz	𠭟
ocdcbayz	𠭠
ocpprfyz	𠭡
ocbiyzjk	𠭢
ociuuiyz	𠭥
ocvxihyz	𠭧
ocwfriyz	𠭩
ocerytyz	𠭪
ochgjqyz	𠭭
ocuhyzjk	𠭮
ochuqpyz	𠭯
ocwwwfyz	𠭰
ocxituyz	𠭱
ocyhrfyz	𠭲
ocqmujer	𠭳
ocjikltj	𠭵
ocbaihyz	𠭶
ocvibwyz	𠭸
ocvfyzyz	𠭹
ocyzyzbi	𠭺
ocqmyzyt	𠭻
ocbwbcyz	𠭼
ocyzuvjb	𠭽
oculdcjb	𠭾
ochgjbyz	𠭿
oculyzge	𠮀
ocuaklyz	𠮁
ocgsnwyz	𠮂
ochsccyz	𠮅
oculwfjb	𠮇
ocdmmuyz	𠮈
ocuumuyz	𠮉
ocycviqu	𠮋
ocvodcjq	𠮌
ocujfuyz	𠮍
ocgsjqyz	𠮎
ochumuyz	𠮏
ocyjsiyz	𠮓
ochgisyz	𠮕
ocyjyzve	𠮖
ocvxsiyz	𠮗
ocsibuyz	𠮘
ockzveve	𠮤
ockzveve	𠮪
ocvewfkz	𠮸
ockzuuna	𠮺
ockzhgna	𠮼
ockzdmna	𠯁
ockzkluu	𠯃
ockzkler	𠯍
ockzhgjb	𠯗
ockzxnna	𠯙
ockzhgir	𠯚
ockzhgyc	𠯝
ockzuhyi	𠯡
ockzjqui	𠯥
ockzklhg	𠯧
ockzkluu	𠯮
ockzruru	𠯱
ockzveba	𠯵
ocjivekz	𠯶
ockzndsi	𠯷
ocbkbikz	𠯺
ockzgsuu	𠰀
ockzxtyi	𠰆
ockzbcve	𠰇
ockzuiyz	𠰎
ockzihgj	𠰑
ockzrfxn	𠰒
ockzccln	𠰖
ockzppxi	𠰗
ockzrfxn	𠰚
ocxthgkz	𠰟
ockzbcve	𠰡
ockzfhuu	𠰤
ockzihbi	𠰨
ockzdaba	𠰵
ockzrfye	𠰹
ockzbcji	𠰽
ockzuiji	𠰾
ockzdh	𠱁
ockzer	𠱌
ockzwuhg	𠱎
ockzhger	𠱏
ockzdakz	𠱑
ockzgser	𠱕
ocwfkzer	𠱗
ockzuhxn	𠱙
ockzuhxx	𠱚
ockzsiyt	𠱝
ockzbimu	𠱟
ockzkzkz	𠱠
ockzgstu	𠱣
ocrfcskz	𠱦
ocrfppkz	𠱧
ockzvekl	𠱨
ockzdmpk	𠱪
oclippkl	𠱫
ocklfgkz	𠱬
occccckz	𠱭
ockzsiyt	𠱮
ockzkzgs	𠱯
ocjifgkz	𠱰
ockzcshg	𠱱
ockzxtxt	𠱲
ockzgsgs	𠱳
ockldmyh	𠱵
ockzlili	𠱿
oclviadm	𠲁
ockzkzda	𠲂
ockzxier	𠲄
ochehgkz	𠲆
ockzrfbu	𠲇
ockzrfuv	𠲈
ockztuwf	𠲊
ockzihui	𠲐
ocbjkzve	𠲑
ocrfxnkz	𠲒
ockzliuu	𠲗
ockzuiwj	𠲙
ockzwfcy	𠲝
ockzhuee	𠲪
ockzveiu	𠲫
ockzwfuj	𠲲
ockzve	𠲷
ockzerve	𠲷
ockzbcmu	𠲾
ockzuikz	𠳂
ocfggekz	𠳆
ockziayz	𠳈
ockzxyhg	𠳉
ocvshgkz	𠳋
ockzerhg	𠳍
ockzuzmc	𠳑
ockztmuh	𠳒
ockzuzji	𠳖
ocuvwfkz	𠳛
ockzfgbk	𠳜
ockzwhwu	𠳟
ockzhgwu	𠳠
ockzsiui	𠳣
ockzujts	𠳥
ockzsiyz	𠳦
ockzhgsj	𠳧
ockzrfpi	𠳩
ockzwukz	𠳪
ockzviwf	𠳰
ockzriyu	𠳲
ockzvsnv	𠳴
ockzkzwf	𠳵
ockzrfqu	𠳷
ockzppmu	𠳸
ockzwfxi	𠳻
ockzxtdk	𠳽
ockzgshg	𠴀
ockzsikz	𠴁
ockzdasi	𠴃
ockzsive	𠴄
oceruugu	𠴅
ockzccnv	𠴑
ockzrfbk	𠴠
ockzbder	𠴡
ockzbaju	𠴣
ockzuiyz	𠴪
ockzwfmu	𠴬
ockzqmcs	𠴯
ockzzzjb	𠴴
ockzxser	𠴶
ockziaer	𠴷
ockzxber	𠴺
ockzerye	𠴻
ockzwfdo	𠴽
ockziziz	𠴾
ockzkljk	𠴿
ockzdagj	𠵃
ockzsiyu	𠵄
ockzbdgs	𠵋
ockzklhe	𠵏
ockzuisi	𠵑
ockzyiui	𠵒
ocpplvuu	𠵓
ockzjm	𠵖
ockznqmu	𠵟
ockzuikz	𠵠
ockzjkjk	𠵡
ockzgsdm	𠵢
ochgyztd	𠵤
ocihgskz	𠵧
ockzgsia	𠵪
ockzkzyt	𠵭
ockznqnq	𠵮
ockzrfgl	𠵰
ochzuiyz	𠵳
ockzxsyz	𠵶
ockzlqyy	𠵷
ockzvxba	𠵺
ockzbcmu	𠶀
ockzuuba	𠶁
ockzycwf	𠶂
ockzzike	𠶄
ockzufvi	𠶆
ockzmikl	𠶑
ockzxbdj	𠶒
ockzccbu	𠶙
ockznvke	𠶚
ockzuicc	𠶡
ockzuiui	𠶩
ockzhudc	𠶪
ockzdaig	𠶫
ockzkzgs	𠶬
ockzklnv	𠶭
ocppsivz	𠶰
ockzihfz	𠶲
ochuuukz	𠶳
ockzerui	𠶴
ockzbcba	𠶵
oclivskz	𠶷
ockzsiqi	𠶹
ockzbkpu	𠶺
ockzkzer	𠶻
ockzmuir	𠶼
ockzyccc	𠶽
ockzdayh	𠶿
ockzerda	𠷀
ockzxtyz	𠷃
ockzglfz	𠷄
ockzccva	𠷆
ockzluve	𠷍
ocgsgskz	𠷎
ockzdguu	𠷑
ockzvxmu	𠷒
ocyzqnvi	𠷓
ocdarfve	𠷔
ockzxtfa	𠷖
ockzhohe	𠷘
ockzmuwf	𠷙
ockzhgyz	𠷛
ockzklia	𠷝
ocuigekz	𠷠
ockzfziu	𠷢
ockzgemp	𠷧
ockzbckz	𠷪
ocuikzyi	𠷫
ockzlnkl	𠷭
ochggjkz	𠷱
ockzxtcy	𠷲
ocribukz	𠷳
ockzwfug	𠷶
ocycyukz	𠷷
ockzxuxn	𠷼
ockzkzci	𠷽
ockzmupu	𠷾
ockzxijn	𠸀
ockzgsba	𠸃
ockzddyz	𠸅
ockzgsda	𠸇
ockzhgvu	𠸈
ockzujge	𠸉
ockznuuz	𠸎
ockzccui	𠸔
ockzuuzz	𠸝
ockzhovj	𠸞
ockzyikz	𠸠
ockzuvxt	𠸡
ocyzqnhc	𠸮
ockzklnv	𠸯
ockzyzqm	𠸰
ockzkzui	𠸱
ochgsijs	𠸲
ockzgeba	𠸴
ockzmuir	𠸵
ockzmdui	𠸼
ockznivi	𠸽
ockzytfj	𠸾
ocvjbivc	𠸿
ockzxtgx	𠹁
ockzsigj	𠹄
ockzxbbi	𠹇
ockzkzli	𠹈
ocuhveri	𠹉
ockzxqho	𠹎
ockzzowf	𠹐
ockzhufz	𠹓
ockzuuwf	𠹘
oclbjqkz	𠹝
ockzhjcc	𠹞
ocbcjkkz	𠹟
ockzjqmu	𠹠
ockzziwh	𠹡
ocjiuukz	𠹢
ockzkzgs	𠹣
ockzgvxb	𠹤
ockzriyu	𠹥
ockzbisi	𠹦
ocliklkz	𠹧
ocdckzva	𠹨
ocuihghv	𠹫
ockzbiys	𠹮
ockzcchd	𠹽
ockzhgtu	𠹿
ockzzdkz	𠺀
ockzdayi	𠺂
ockzdadm	𠺄
ocjinmkz	𠺇
ockzccnm	𠺈
ockzmfdk	𠺉
ockzihju	𠺍
ockzkzjm	𠺐
ockzvuqr	𠺑
ockzysys	𠺔
ockzmujq	𠺖
oclcwfkz	𠺛
ockzcclc	𠺜
ochgrfkz	𠺞
ockzlidm	𠺠
ockzhdqm	𠺡
occcjbkz	𠺤
ockzyzvi	𠺳
ockzccge	𠺴
ockzerge	𠺵
ockzujyj	𠻂
ockzgsys	𠻋
oclvvelv	𠻌
ockzdcyz	𠻍
ockzwfer	𠻎
ockziige	𠻏
ockzxier	𠻑
ockzihyj	𠻒
ockzhgcs	𠻔
ockzbcqu	𠻕
ockzsihe	𠻙
ockzmuuv	𠻟
oclljbkz	𠻡
ockzxbwf	𠻦
ockzmugc	𠻧
ockzxtvc	𠻩
ockzyjxb	𠻫
ocujvsjs	𠻭
ockzvexb	𠻯
ochckzsj	𠻰
ockzcccc	𠻶
ochgccsi	𠻸
ockzuzya	𠻺
ockzccdz	𠻼
ockzdmyi	𠼁
ockzdacs	𠼄
ockzkzyj	𠼅
ocbcvokz	𠼆
ockzuiyu	𠼇
ockzuzww	𠼈
ockzifyt	𠼉
ockztmyi	𠼊
ockzwhwf	𠼌
ockzbcwf	𠼍
ockzbdmi	𠼎
ockzgvri	𠼓
ockzwuwu	𠼘
ockzihsj	𠼛
ockzujkl	𠼜
ockzbamm	𠼟
ockzuibw	𠼠
ocgsgstj	𠼡
ockzulyz	𠼣
ockzhucs	𠼥
ocpbhgkl	𠼧
ockzklkz	𠼨
ockzjbiu	𠼫
ockzfzbf	𠼭
ockziiyz	𠼶
ockzbwjb	𠼹
ockzccfu	𠼼
ockzlbxb	𠼿
ockzuvgs	𠽇
ockzlqyi	𠽓
ockzdikz	𠽜
ockzkzdm	𠽝
ockzdgis	𠽟
ockzuiia	𠽣
ockzxigv	𠽥
ockzuvxm	𠽦
ockzvivi	𠽧
ockzbcyb	𠽨
ockzuvyb	𠽪
ockzmfya	𠽫
ockzujui	𠽭
ockzbcui	𠽰
ockzbcee	𠽱
ockzbmmb	𠽲
ockzldri	𠽳
ockzerer	𠽴
ockzwjdz	𠽵
ockzcibw	𠽷
ockzkzye	𠽸
ockzdgyj	𠽹
ocifkztu	𠽺
ockzrfvi	𠽼
ockzbiyc	𠽽
ockzyuwf	𠾀
ockzluji	𠾁
ocldhghv	𠾂
ocwfklkz	𠾃
ocvxvxgu	𠾄
ockzkzpb	𠾅
ockzhenq	𠾆
ockzxipz	𠾈
ocgsgscy	𠾉
ockzppzo	𠾊
ockzciuu	𠾋
ockznijq	𠾌
ockzxkfz	𠾑
ockzdakz	𠾖
ockzhjqm	𠾗
ockzxtyj	𠾘
ockzvivi	𠾜
ocrikdwf	𠾝
ockzbake	𠾟
ockzviju	𠾠
ockzqmcy	𠾢
ockzkzyu	𠾧
ockzujhe	𠾩
ockzsiui	𠾪
ockzxtuf	𠾮
ockzxtdd	𠾯
ockzbcvi	𠾰
ockekeke	𠾳
ockzuzia	𠾵
ockzccvv	𠿅
ockzsiwf	𠿆
ocieuukz	𠿉
ockzkluu	𠿊
ockzxiyb	𠿌
ockzhguu	𠿎
ockzrifh	𠿐
ockztmjq	𠿓
ockztrxb	𠿔
ockzjbqm	𠿖
ockzhunj	𠿛
ockzgowa	𠿜
ocycbckz	𠿟
ocxtvokz	𠿡
ockzxiqm	𠿣
ockzklyt	𠿥
ocifkzrf	𠿦
ocuiklkz	𠿧
ockzvuxn	𠿫
ockzuili	𠿰
ockzuide	𠿴
ockzvigf	𠿵
ockzhkui	𠿶
ockzrfbw	𠿹
ockzjkfu	𠿽
ockzglyj	𠿾
ockzwfui	𡀀
ockzuibw	𡀅
ockzkztk	𡀈
ocpbbcqp	𡀉
ockzmfyu	𡀊
ockzdadm	𡀋
ockzccuc	𡀌
ockzgswf	𡀏
ockzmurz	𡀐
ockzievz	𡀑
ochcyuvf	𡀒
ockzkzzo	𡀓
ockzujyj	𡀕
ockzhonv	𡀘
ockzyuhu	𡀛
ockzvuns	𡀜
ockzhenm	𡀝
ocvukzuz	𡀤
ockzdzww	𡀧
ockzyifu	𡀨
ockzwfhe	𡀫
ockzuzwu	𡀴
ockzvubw	𡀹
ockzlibw	𡀺
ockzhonv	𡀼
ockzcche	𡀽
ockzriho	𡀾
ockzklqm	𡁀
ockzuivi	𡁂
ockzwjui	𡁄
ockzmmmm	𡁅
ockzyknq	𡁆
ockzxbxb	𡁈
ockzhoan	𡁊
ockzvxxb	𡁋
ockzguqm	𡁌
ockzccge	𡁐
ockzhggj	𡁑
ockzkzuu	𡁒
ockzdawa	𡁓
ockzyuqp	𡁕
ockzyeww	𡁖
ocqnwfer	𡁗
ockzytba	𡁝
ockzmfue	𡁡
ockzermb	𡁢
ockzccma	𡁣
ockzvedm	𡁥
ockzuiyt	𡁦
ockzsize	𡁪
ockzvvjq	𡁫
ockzsiyt	𡁰
ockzuizz	𡁲
ockzuicy	𡁷
ockzerxn	𡁸
ockzmuia	𡁽
ockzcciu	𡁿
ockzpiye	𡂄
ockzujwf	𡂅
ockzxbwf	𡂇
ockzrfmn	𡂊
ockzykho	𡂋
ockzddah	𡂍
ockzirve	𡂏
ockzfubw	𡂐
ockzbjmb	𡂑
ockzqixb	𡂔
ockzvvjs	𡂗
ockzluho	𡂘
ockzykmu	𡂚
ockzmfdz	𡂛
ockzvoyz	𡂜
ockzlutu	𡂞
ockzmakl	𡂣
ocgjrfve	𡂤
ockzvitu	𡂥
ocyaklkz	𡂦
ochgkzwh	𡂧
oclviflv	𡂨
ockzdaer	𡂩
ockzvics	𡂭
ockztmli	𡂲
ocklkzri	𡂶
ockzdmer	𡂸
ockzbcfj	𡂹
ockzkztj	𡂽
ockzbcho	𡃂
ockzldbw	𡃄
ockzuizg	𡃆
ockzsige	𡃈
ockzihnn	𡃌
ockzjbdj	𡃐
ockzgltu	𡃚
ockzyjyz	𡃛
ockzuihe	𡃜
ocuihgai	𡃟
ocdzqmpz	𡃠
ockzwfgj	𡃥
ockzmfvv	𡃦
ockzxuqm	𡃧
ockzxixb	𡃨
ockzyisi	𡃩
ockzyubw	𡃪
ockzihuu	𡃫
ocwfklkz	𡃬
ockzqmgs	𡃮
ockzxuge	𡃰
ockzsivi	𡃱
ockzuito	𡃲
ockzkzlw	𡃷
ockzycvi	𡃺
ockzccdg	𡃻
ockzmufu	𡃾
ockzuzvi	𡃿
oclvcccc	𡄀
ockzglhe	𡄁
ocxibutu	𡄂
ocvshvkz	𡄅
ockzugui	𡄇
ocugbikz	𡄈
ockzjiyc	𡄉
ockzjimb	𡄊
ockzxmri	𡄋
ocdvkzri	𡄌
ockzystu	𡄐
ockzcsjq	𡄑
ocuglckz	𡄒
ockzyjyz	𡄕
ockzriyj	𡄗
ockzjbkz	𡄘
ockzuibw	𡄙
ocwfrijs	𡄚
ockztdtd	𡄛
ocuibcyi	𡄜
ocgskzgu	𡄝
ockztmee	𡄞
ockzqixn	𡄡
ockzmfve	𡄢
ockzujnf	𡄨
ockzvixb	𡄩
ockzjbjm	𡄮
ockzcvjs	𡄴
ockzyiyz	𡄵
ockzgeui	𡄷
ockzyivv	𡄸
oclvyzlv	𡄹
ockzxbho	𡄺
ockzxnhu	𡄼
ockzyzyi	𡄿
ocissikz	𡅀
ockzwfgo	𡅁
ockzbonn	𡅂
ockzihls	𡅃
ockzyequ	𡅇
ockzjbuz	𡅈
ockzbfmi	𡅊
ockzmujm	𡅋
ockzvuxm	𡅌
ockzvuri	𡅎
ockzyuye	𡅑
ockzwfgo	𡅓
ockzihyz	𡅔
ockzxnhu	𡅗
ockzifrf	𡅚
ockzdctu	𡅛
ockzriyj	𡅜
ocpbglyz	𡅝
ockzifmb	𡅞
ocwfrijs	𡅟
ocjikzjq	𡅦
ockzvuvj	𡅨
ockzihyz	𡅮
ockzdsri	𡅰
ockznmkz	𡅱
ockzxtzi	𡅲
ockzihpu	𡅴
ockzjkdj	𡅹
ockzyuji	𡅺
ockzcckz	𡅻
oclvjmlv	𡅽
ocpbihpu	𡅾
ockzluuu	𡅿
ockzuiyc	𡆁
ockzuznp	𡆄
ockzvuwf	𡆅
ockzzunn	𡆈
ockzihpu	𡆉
ockzyccy	𡆋
ockzzuyu	𡆍
ockzmfjb	𡆏
ocnmtuxi	𡆐
ockzujyj	𡆑
ocnmtuxi	𡆒
ockzxnri	𡆓
ockzzzlo	𡆗
ockzxivv	𡆛
ockzccuu	𡆜
ockzyjrz	𡆝
ockzdzjb	𡆞
ockzviii	𡆟
ocklerer	𡆨
ocklhgqi	𡆰
ocklui	𡆵
ocklkzhg	𡆷
ocklhgyc	𡆻
ocklwfsi	𡇁
ocklsihg	𡇆
ocklkzer	𡇉
ocklbawj	𡇏
ocklnvnv	𡇔
ocklbadd	𡇕
ocklhgyy	𡇗
ockluugs	𡇛
ocklycyc	𡇟
ocklbdbi	𡇠
ocklrfmu	𡇡
ocklhgzi	𡇢
ocklbagu	𡇣
ocklfgnv	𡇦
ocklujji	𡇩
ocklwfho	𡇫
ocklqmvi	𡇬
ocklnvnv	𡇭
ockllqyy	𡇰
ockluikz	𡇱
ocklviyi	𡇴
ocsiklhe	𡇶
ocbaklge	𡇷
ocklyyho	𡇺
ocklxitu	𡇽
ocklgskz	𡇾
ocklkzyi	𡈃
ocklsitm	𡈄
ocklkzkv	𡈆
ocklsikl	𡈇
ocuiklui	𡈋
ocklccjs	𡈌
octmcscs	𡈍
ocklcche	𡈐
ocklifge	𡈑
ocklsixb	𡈒
ockluiui	𡈔
ocklviuj	𡈖
ocklqmkl	𡈘
ocklqmfw	𡈚
ocklbouj	𡈝
ockldagv	𡈞
ockljrsi	𡈢
ocklvxcy	𡈣
ochgkzkl	𡈧
ockllvlv	𡈨
ocklbduj	𡈪
ocklsisi	𡈫
ocklcche	𡈮
ocklsixi	𡈱
ocybybyb	𡈲
ocklluhe	𡈳
ocklxmxi	𡈴
ocqqqqqq	𡈶
ockllusi	𡈷
ocklxixi	𡈸
octmlblb	𡈹
octuklhg	𡉉
ochgbatu	𡉊
octubcpp	𡉍
octuppqi	𡉒
occchgtu	𡉚
octuklui	𡉜
ocsirftu	𡉡
ocdcyztu	𡉢
octuhgyc	𡉬
ocklyztu	𡉮
octukler	𡉱
octubcyz	𡉳
octuvetu	𡉵
octugshg	𡉶
ocsikltu	𡉸
octujqui	𡉻
ocsidatu	𡊄
octurfye	𡊇
octusiui	𡊈
octudaer	𡊌
ocsiujtu	𡊏
octurfxn	𡊒
octujiui	𡊓
octuhgzz	𡊕
octuihda	𡊘
ocpptutu	𡊥
octuqmer	𡊪
octubcji	𡊫
octurshg	𡊬
octuveyi	𡊮
ocfgdctu	𡊷
ocujuitu	𡊽
octuglto	𡊾
octuqmjb	𡋁
ocbkfftu	𡋇
ocbkjbtu	𡋈
octuxtyi	𡋉
ocuvfjtu	𡋋
octutuyu	𡋌
ockzbktu	𡋏
ockzkztu	𡋐
octukzkz	𡋑
octuxier	𡋓
ocbcyttu	𡋜
octuucuc	𡋝
octuxiee	𡋞
octusimu	𡋠
ocycyctu	𡋢
ocvxbctu	𡋧
octuppvi	𡋨
ocrfuitu	𡋩
ocuuyztu	𡋪
octuhgmc	𡋫
ocbwbctu	𡋭
octuhgvc	𡋮
octuerer	𡋰
ocqikltu	𡋲
octumubi	𡋳
ocridatu	𡋵
octuyudm	𡋶
octutocs	𡋸
ocddyztu	𡋹
ocjkdctu	𡌁
octuuidc	𡌇
ocerjbtu	𡌌
octuihvj	𡌐
ocjkujtu	𡌒
ocvjrftu	𡌓
octuriuj	𡌕
octurfer	𡌖
octubder	𡌗
octubakz	𡌙
octmyztu	𡌛
octuruiu	𡌜
octubcyz	𡌝
octuuitu	𡌞
octusiqi	𡌣
ochgyctu	𡌥
octutmui	𡌨
ocjibctu	𡌬
octudmfz	𡌮
octuwuve	𡌱
octuuiji	𡌷
octutmcc	𡌹
octusv	𡌺
octudmgs	𡌾
octuignq	𡍅
octubdqm	𡍇
ocqucctu	𡍊
octujm	𡍌
octuvivi	𡍍
ocvjiatu	𡍏
octuklwd	𡍐
ockluvtu	𡍑
octubcfz	𡍒
octuglgj	𡍔
octuwfmu	𡍕
octuirkl	𡍗
octuccer	𡍙
octuvxrf	𡍛
octuuicc	𡍟
octumuhg	𡍠
octutuwj	𡍡
octujqtu	𡍤
octuglni	𡍩
octuqmjq	𡍪
octubajs	𡍬
ocppcszo	𡍮
ocgskltu	𡍯
octudguu	𡍰
ocklvltu	𡍱
ocyujitu	𡍳
ocqmbatu	𡍴
ocppdstu	𡍺
octuuiyu	𡍾
octuihnv	𡍿
ocyuhotu	𡎀
ocuiugtu	𡎂
octucytu	𡎃
ochgsitu	𡎄
octudcui	𡎇
octutdmb	𡎌
octuhujb	𡎍
octukzer	𡎎
octutuxn	𡎓
octulnkl	𡎕
octudddc	𡎗
ocviyztu	𡎙
octubcmw	𡎧
ocujujtu	𡎨
octubkpu	𡎩
octuhutu	𡎪
octuqmkl	𡎫
ocsibatu	𡎯
octuuixb	𡎰
ocvjbatu	𡎱
octuciui	𡎵
ocuiuutu	𡎷
ocnmkltu	𡎸
octuvzyz	𡎹
ocldlitu	𡎼
octuvxmu	𡎽
octubcpg	𡎾
oclinitu	𡎿
octuhgtu	𡏀
octuglli	𡏂
ocifputu	𡏃
oceruitu	𡏇
ochgbctu	𡏍
ocdatusi	𡏎
octugsuv	𡏏
ocifjbtu	𡏐
octuxsbi	𡏓
ockzuitu	𡏔
ocgkrftu	𡏕
octuccdo	𡏗
occsdatu	𡏙
octulidm	𡏡
octucibd	𡏨
octuvxmu	𡏪
octulpmu	𡏫
octumibm	𡏰
ocnmkltu	𡏳
ocerwatu	𡏵
octuxnbw	𡏶
octuxtcy	𡏷
oczixstu	𡏸
octuuiyu	𡏺
octuzibf	𡏻
ocuvyitu	𡐀
octuwfqp	𡐁
ocsvdctu	𡐂
octuthty	𡐃
octulnyz	𡐄
octurfpb	𡐈
octuuiis	𡐉
ocieuutu	𡐊
ocuuyztu	𡐍
ocuisitu	𡐎
ocrfzotu	𡐏
octupguj	𡐐
octubakl	𡐑
octuirbw	𡐕
octuuvgs	𡐘
ochgtudm	𡐜
octuglho	𡐝
octurfqn	𡐟
octutmgs	𡐢
octutmfw	𡐥
octuxihg	𡐧
ocyulbtu	𡐨
ocxiyjtu	𡐩
ocklkdtu	𡐪
octuirgo	𡐫
octuuiis	𡐬
ocihhetu	𡐰
ocgsklgv	𡐲
octuwfyt	𡐴
octuuvpk	𡐵
octuhuvc	𡐸
ocvxyjtu	𡐼
octuccmu	𡐽
octuzzxk	𡐿
ocyclbtu	𡑀
octuerer	𡑂
ocldwftu	𡑃
ocriqrtu	𡑅
octukzni	𡑇
octuppzo	𡑊
octuybge	𡑌
octugskz	𡑏
octulwxn	𡑐
ocfhfhtu	𡑔
octukllb	𡑕
octurfhe	𡑗
ocuilytu	𡑘
octuddmu	𡑙
ocuiuiug	𡑚
octueryc	𡑜
ocybgetu	𡑠
octusiyi	𡑡
ocmhtufj	𡑤
octuuiiu	𡑥
octurifh	𡑦
ocuubwug	𡑧
ocjxtutu	𡑫
octuihir	𡑬
octujyyh	𡑳
octuccfg	𡑵
ocjlrftu	𡑶
octuccmb	𡑷
ocdvuitu	𡑸
octugsho	𡑹
ocihjltu	𡑺
ocmusvtu	𡑻
ochgputu	𡑼
octufuyc	𡑽
ocqqtmtu	𡒀
octuycjq	𡒁
octuwfui	𡒄
octuglhv	𡒅
octubcvf	𡒆
octuiawf	𡒇
octuuiiu	𡒈
ocgcwftu	𡒋
occctutu	𡒎
octuiruv	𡒏
ocsyxstu	𡒐
ocujjigv	𡒑
ocmktuvs	𡒒
ocifrftu	𡒓
octuxiyb	𡒕
octutctu	𡒘
ocsofhtu	𡒙
octuhgnn	𡒚
octuuinm	𡒛
octujxhv	𡒜
octuvuhu	𡒞
ocyulitu	𡒟
octuppfu	𡒠
octuvupi	𡒡
ocvupitu	𡒢
octunmtu	𡒣
ocriyztu	𡒦
octuvijb	𡒧
octubcdd	𡒩
ocdvtrtu	𡒰
octulutu	𡒲
octuzifh	𡒳
ocdvuitu	𡒴
octuglfj	𡒷
octuuizg	𡒸
octuccis	𡒹
ocjiuutu	𡒼
octukltu	𡒽
octuqqge	𡒾
ocdvuitu	𡒿
octucddk	𡓀
octusing	𡓁
ocuiyztu	𡓉
octumiwf	𡓌
octuirve	𡓍
octuwfgj	𡓑
ocjqrftu	𡓓
octuglhe	𡓔
octuxyli	𡓕
octuyeyz	𡓙
ocujgftu	𡓚
ocgubctu	𡓛
octuglse	𡓜
ocrvyztu	𡓝
octuwfui	𡓣
octuyubw	𡓤
octudctu	𡓦
ochowjtu	𡓧
octuzozo	𡓨
ocwfyctu	𡓩
ocdvtrtu	𡓬
octuvvkv	𡓰
ocirvvtu	𡓱
octumfta	𡓲
ocyuyutu	𡓵
ociflvtu	𡓶
ocihhelw	𡓸
octuuixb	𡓹
octuihls	𡓺
octuycwf	𡓻
ocvigutu	𡓼
ockzkztu	𡓿
ocyzwftu	𡔀
octutmtu	𡔁
ocbcmptu	𡔂
octuvuxk	𡔄
ocvxkltu	𡔅
ochgjitu	𡔈
ocwfgjtu	𡔊
octuyhpu	𡔋
ocklkltu	𡔌
octuxtmd	𡔍
ocglvvtu	𡔏
octufgii	𡔐
octurixl	𡔒
octuhglu	𡔓
octucclj	𡔔
ocvhgstu	𡔕
ocqmqmtu	𡔗
ocujujkl	𡔘
octululu	𡔙
oclululu	𡔚
ocuiuikz	𡔝
ocrfjirf	𡔟
ocuirfcs	𡔡
ocjiveda	𡔢
ocuinmkl	𡔥
ocuibcdm	𡔩
ocuibctu	𡔪
ocuibchg	𡔫
ocuiveli	𡔬
ocuikzyz	𡔮
ocuisipi	𡔰
ocuibcda	𡔱
ocuiyakl	𡔲
ocuibcya	𡔳
ocuibcyt	𡔴
ocuibcru	𡔵
ocuiklya	𡔶
ocuibctu	𡔸
ocuibcqm	𡔹
ocuibccy	𡔺
ocuibcri	𡔻
ocjibctu	𡔼
ocuivecy	𡔽
ocuibcya	𡔾
ocuiieho	𡕀
ocuixshg	𡕂
ocuisiqm	𡕃
ocuibcqm	𡕄
ocuibcyi	𡕅
ocjijiji	𡕇
ocuiklhg	𡕈
ocjibckl	𡕉
ocjibcyr	𡕊
ocuivebd	𡕋
ocuimfdz	𡕌
ocuijihg	𡕍
ocuibclw	𡕎
ochgveuu	𡕒
ocwfppuu	𡕓
ocwferuu	𡕖
ocwfujuu	𡕗
ocwfnmho	𡕛
ocwfujiu	𡕜
ocwfhomi	𡕝
ocvebawf	𡕡
ocsjhgwf	𡕣
ocyzbawf	𡕦
ocwflvwf	𡕨
ocxbbawf	𡕩
ocjiklwf	𡕪
ocdcbawf	𡕫
ockllvwf	𡕭
ocycjqwf	𡕯
ocklbawf	𡕰
ocdcbawf	𡕱
ocuicswf	𡕲
ocdcriwf	𡕳
ocrflvwf	𡕴
ocbwbcqy	𡕶
ocdcsiwf	𡕷
ocqmbdwf	𡕸
ocbcmuwf	𡕹
ocrijbwf	𡕺
ochgziwf	𡕻
ocvxjiwf	𡕼
ocvxuuwf	𡕽
ochgriwf	𡕾
ochgjiwf	𡕿
ocvxjiwf	𡖀
occcbwwf	𡖂
ocxxxxxx	𡖃
ocxiuuve	𡖄
ocklkluu	𡖈
ocwfrfxi	𡖍
ocdokler	𡖔
ocxiveiu	𡖕
ocxirfer	𡖗
ocuihgxi	𡖘
ocdobcji	𡖢
ocxigfer	𡖥
ocxtxtdo	𡖩
ocujvido	𡖰
ocxibcwu	𡖴
ocxibclq	𡖷
ocdciuba	𡖸
ocuhxixi	𡖹
ocdorfve	𡖽
ocxiwuxt	𡗃
ocirvexi	𡗇
ocdokztm	𡗈
ocwfhedo	𡗋
ocuhdoxl	𡗑
ocvehgia	𡗒
ocppklda	𡗠
octmppuu	𡗤
ocdabasi	𡗪
ociydmdm	𡗫
ocdakldm	𡗭
ocdahgyc	𡗰
ocklerda	𡗽
ocdabibk	𡘁
ocdauhba	𡘂
ocbcveda	𡘅
ocdabakv	𡘆
ockzrfda	𡘈
ocdadahg	𡘋
ocdappve	𡘎
ocdawfri	𡘐
ocdcihui	𡘓
ocbarfda	𡘔
ocuicsda	𡘖
ocdanvnv	𡘘
ocdadada	𡘙
ocdanvnv	𡘛
ocdakzkz	𡘜
ocsidayz	𡘞
ocdasihg	𡘟
ocppnqda	𡘠
ocfgligk	𡘢
ocdaqikl	𡘣
ocdabadm	𡘤
ocyhklcc	𡘦
ocdajqyz	𡘨
ocxyveda	𡘬
ocfgbcgk	𡘱
ocdanmnm	𡘲
ocdasihg	𡘵
occcdabf	𡘶
ocdajqve	𡘹
ocdagjwj	𡘺
ocppycda	𡘻
ocdaxtxt	𡘼
ocbiveda	𡙀
ocdacscs	𡙁
ocdairtm	𡙂
ocdadavu	𡙃
ocdasjmu	𡙄
ocdapmpj	𡙆
ocdagjyz	𡙈
ocvjrfda	𡙉
ocbijqda	𡙊
ocdamuwf	𡙋
ocdaveuv	𡙌
octmtmtm	𡙎
ocvjiada	𡙏
ocdamuwf	𡙐
ocwfrijm	𡙑
octdtdtd	𡙒
ocdagjji	𡙕
ocdayccc	𡙘
ocmujijm	𡙚
ocdcuiyc	𡙝
ocdaklya	𡙞
ocdcbida	𡙟
occcycda	𡙠
ocdahuyi	𡙤
ocdauzuv	𡙥
ocdaqmdc	𡙨
ocbibajt	𡙪
ocrfcsda	𡙫
ocdageig	𡙮
ocdauvjb	𡙯
ocdakztm	𡙲
ocdagjuz	𡙳
ocyclidm	𡙶
ocsiihda	𡙷
ociycsui	𡙹
ocdasiji	𡙺
ocdauilb	𡙻
ocdcdaba	𡙼
ocihheda	𡙽
ocheuida	𡙾
ocdavvyy	𡙿
ochguvda	𡚀
ocbcdaba	𡚂
ocdavoge	𡚄
occscsda	𡚅
ocppzogk	𡚆
ocsisida	𡚇
ocdawhbi	𡚉
ocdakzvv	𡚊
ocuhffda	𡚋
octmtmtm	𡚌
ocdapbvi	𡚍
ocsiccqi	𡚎
ocdadawh	𡚏
ocdazizi	𡚐
ocdavvjq	𡚒
ocdaviui	𡚓
ocdamuho	𡚔
ochevxda	𡚕
ocdvdavz	𡚖
ocfflw	𡚗
ocvxdafj	𡚘
ochgrida	𡚙
ocdaiftu	𡚛
ocdaccvv	𡚜
ocyclbda	𡚣
ocsisida	𡚤
ocrfvenv	𡚶
ocnvujve	𡛆
ocnvsjve	𡛋
ochgujnv	𡛎
ocnvrfbc	𡛐
ocnvujih	𡛢
ocnveedm	𡛣
ocnvjquj	𡛪
ocnvkzkl	𡛱
ocnvfupp	𡛷
ocxinanv	𡛹
ocsidanv	𡜀
ocnvklrf	𡜃
ocnvrfna	𡜅
ocnvdcba	𡜆
octhhgnv	𡜈
ocuiernv	𡜌
ocgsernv	𡜎
ocnvirve	𡜏
ocriwfnv	𡜑
ockzkznv	𡜓
ocnvuhxn	𡜔
ocnvuuyt	𡜕
ocnvsiri	𡜗
ocnvqmnv	𡜘
ocnvxier	𡜙
ocxnkznv	𡜛
ocnvppbi	𡜞
ocuvyunv	𡜡
ocnvuiui	𡜢
ocnvirgs	𡜣
ocnviruj	𡜪
ocnvsidj	𡜫
ocnvhzba	𡜮
ocnvve	𡜯
ocnverve	𡜯
ocklrfnv	𡜰
ocnvnwkz	𡜴
ocnvuikz	𡜶
ocnvbcgd	𡜷
ocnvccia	𡝄
ocnvccxi	𡝅
ocnvvxtu	𡝇
ocnvfunv	𡝈
ocfunvnv	𡝉
ocnvmunv	𡝋
ocnvbcmm	𡝏
ocytjinv	𡝑
ocnvxbwf	𡝒
ocnvyznv	𡝓
ocnvbasj	𡝕
ocnvxtuv	𡝘
ocnvrfui	𡝙
ocnvyzkl	𡝛
ocnvihgu	𡝜
ocnvheqm	𡝟
ocgsrfnv	𡝡
ocvsklnv	𡝤
ocnvwfmu	𡝥
ocjquunv	𡝨
ocnvccyc	𡝩
ocnveryt	𡝭
ocnvdakv	𡝻
ocuiuvnv	𡝼
ochgirnv	𡝽
ocnvyzfg	𡝾
ocnvbiyt	𡞂
ocnvbdda	𡞃
ocnvjqqn	𡞄
ocycxrnv	𡞅
ocnvjqnv	𡞉
ocnvheho	𡞊
ocnvbdcc	𡞌
ocnvhgsi	𡞍
ocnvklkz	𡞐
ocnvyzqi	𡞑
ocpjmunv	𡞓
ocgrvsnv	𡞔
ocnvxtgj	𡞛
ocnvkljx	𡞡
ocnvhgsi	𡞤
ocnvdcui	𡞥
ocnvxyzi	𡞦
ocnvxswf	𡞧
ocnvgejx	𡞨
ocnvhuba	𡞬
ocnvjqjb	𡞭
ocnvjumu	𡞮
ocnvjqqn	𡞲
ocnvxtfh	𡞶
ocerkznv	𡞺
ocnvxitu	𡞻
ocnvihxn	𡞼
ocnviiyz	𡞽
ocnvlnkl	𡞿
ocnvrfkv	𡟂
ocnvpper	𡟉
ocwwwfnv	𡟋
ocnvjinv	𡟌
ocnvklis	𡟏
ocnvrfzu	𡟐
ocnvjrnv	𡟒
ocuvannv	𡟖
ocnvsinv	𡟘
ocnvcsxb	𡟟
ocnvmuir	𡟠
ocnvycgj	𡟡
ocnvqmkl	𡟢
ocnvhujb	𡟣
ocnvkzmu	𡟤
ocnvvzer	𡟦
ocnvbier	𡟧
ocnvwump	𡟬
ocnvuixb	𡟭
ocifsinv	𡟮
ocnvujwo	𡟶
ocnvtrdm	𡟼
ocnvqitu	𡟽
ocwwytnv	𡠃
ocuiuinv	𡠅
ocuiuunv	𡠆
ocnvxixb	𡠇
ocbkbknv	𡠈
ocyawfnv	𡠉
ocnvxbbi	𡠌
ocnvqlsi	𡠎
ocnvsihg	𡠐
ocnvuirf	𡠑
ocnvyccc	𡠒
ocrfvvnv	𡠓
ocnvvidc	𡠔
ocnvrizz	𡠕
ocnvziui	𡠖
ocnvccys	𡠘
ocnvvidc	𡠡
ocyuvfnv	𡠢
ocluwjnv	𡠦
ocqifjnv	𡠧
ocnvlnho	𡠮
ocnvnvwf	𡠯
ocnvtmgs	𡠲
ocnvcsxb	𡠴
ocnvgser	𡠸
ochohoan	𡠺
ocnvkzwf	𡠾
ocnvxtvc	𡡃
ocnvccir	𡡄
ocjqklnv	𡡋
ocnvjxxb	𡡌
ocnvvsnv	𡡎
ocnvyefu	𡡐
ocujnvye	𡡓
ocnvjiri	𡡖
ocnvvxyz	𡡗
ocxkjinv	𡡘
ocrfmunv	𡡚
ochgmunv	𡡜
ocnvrfvi	𡡟
ocnvyuwf	𡡠
ocnvxtba	𡡨
ocnvxtif	𡡪
ocnvwfjm	𡡫
ocnvbcmw	𡡮
ocnvdajq	𡡰
ocyclbnv	𡡴
ocnvmuwf	𡡵
ocnvvidc	𡡸
ocnvujmw	𡡻
ocjqbanv	𡡼
ocnvheuu	𡡽
ocnvrfmu	𡡾
ocnvdikz	𡡿
ocqijinv	𡢁
oclujinv	𡢂
ocnvirxb	𡢆
ocnverer	𡢉
ocnvsida	𡢊
ocnvvivi	𡢋
ocnvxtba	𡢌
ocnvcibw	𡢍
ocmmugnv	𡢎
oclzbcwf	𡢏
ocsivonv	𡢑
ocnvvudz	𡢒
ocnvhguu	𡢓
ocrfkznv	𡢔
ocieuunv	𡢖
ocxbjqnv	𡢗
ocnvhucy	𡢙
ocnvrifh	𡢚
ocppujnv	𡢛
ocglminv	𡢜
ocnvtuwf	𡢝
ocnvmunv	𡢞
ocnvxtkz	𡢠
ocnvjyyh	𡢡
ochenvfj	𡢣
ocnvqmlb	𡢥
ocglvvnv	𡢦
ocnvwfdm	𡢧
ocnvihwf	𡢩
ocnvfwhg	𡢪
ocnvcczi	𡢫
ocnvtmjq	𡢭
ocyjycnv	𡢮
ocnvccnv	𡢯
ocnvifnv	𡢰
ocnvcibw	𡢲
ocnvdajs	𡢴
ocnvyuyz	𡢵
ocnvxtvo	𡢷
ocnvmfbm	𡢸
oclzglrf	𡢺
ocerglnv	𡣀
ocnvziri	𡣁
ocuubknv	𡣂
ocnvklyt	𡣃
ociijmnv	𡣅
ocnvglxb	𡣇
ocnvlkgj	𡣊
ocnvccyj	𡣌
ocmhnvji	𡣍
oclijbnv	𡣎
ocnvpbvf	𡣏
ocgepinv	𡣐
ocnvwjbw	𡣑
ocnvuuuu	𡣒
ocnvjbkl	𡣔
ocnvbcba	𡣕
ocnvbaui	𡣘
ocnvihgj	𡣜
ocnjnjnv	𡣠
ocnvnjnj	𡣡
ocnvbamu	𡣣
ocnvmanv	𡣥
ocnvycve	𡣦
ocnvihmd	𡣧
ocnvcche	𡣨
ocnvsida	𡣬
ocnvqtge	𡣯
ocnvldhv	𡣰
ocnvsiyr	𡣱
ocnvuijq	𡣳
ocnvgenn	𡣴
ocnvifsi	𡣵
ocnvfubw	𡣶
ocnvujjy	𡣸
ocyjhonv	𡣹
ocwfvenv	𡣼
ocnvmfjq	𡣽
ocgubanv	𡣿
ocnvkzdk	𡤀
ocnvwjho	𡤁
ocnvxyli	𡤂
ocnvccyt	𡤃
ocnvccxm	𡤄
ocnvieyc	𡤆
ocnvujww	𡤇
ocnvddjq	𡤋
ocnvdcmm	𡤎
ocnvyiyu	𡤖
ocnvuuho	𡤗
ocnverxb	𡤘
ocnvxbho	𡤚
ocnvyjsi	𡤣
ocnvccle	𡤤
ocnvrfhw	𡤥
ocsiyjnv	𡤨
ocnvvujq	𡤪
ociikenv	𡤫
ocnvccgj	𡤮
ocnvluuu	𡤲
ocmmmmmm	𡤳
ocnvmmtu	𡤹
octunvtu	𡤺
ocuiziba	𡥇
ociauizi	𡥉
ocuuvezi	𡥋
ocyzyzzi	𡥍
ocujrfzi	𡥏
ocujrfzi	𡥐
ockzndzi	𡥕
ocndxizi	𡥗
ocbcirzi	𡥜
ocycyczi	𡥝
ocvxbczi	𡥞
oczibukl	𡥢
ocvjhgzi	𡥣
ocxbjuzi	𡥯
oczibdgs	𡥴
ocuizizi	𡥷
ocxscczi	𡥺
ocwwwfzi	𡥽
ocziriyt	𡦇
ocxnzizi	𡦊
ocifrfzi	𡦋
ocziwfer	𡦍
oczimari	𡦏
ochoxyzi	𡦐
oczihgho	𡦗
oczierer	𡦘
ocujujzi	𡦙
ocujerzi	𡦣
ocwwzima	𡦥
ocxlwjho	𡦦
ocrigczi	𡦩
oczizima	𡦪
ocriwfzi	𡦬
ociaziho	𡦭
ocziccdg	𡦮
ocujxbzi	𡦯
ocglhoxn	𡦱
ocxnglho	𡦲
ocxnglho	𡦳
ocycziho	𡦴
ocglhoxn	𡦵
oczirima	𡦷
ocdmjive	𡦹
ocbcuuba	𡦾
ocbchgbc	𡧂
ocbchgba	𡧆
ocbcjqyz	𡧌
ocbcbibi	𡧏
ocbcveba	𡧐
ocbciada	𡧑
ocbcyzyz	𡧕
ocbcvemu	𡧖
ocbcujli	𡧚
ocbcrfto	𡧜
ocbcvegh	𡧝
ocbcyzpp	𡧞
ocbcbida	𡧠
ocbcgsba	𡧢
ocbchgwu	𡧤
ocbcvsve	𡧥
ocbctuto	𡧪
ocbcjqxb	𡧫
ocbcrfer	𡧬
ocbcribi	𡧮
ocbcuhxn	𡧯
ocbcgskz	𡧱
ocbchgcs	𡧴
ocbcwfui	𡧵
ocbcdakz	𡧶
ocbcwfuj	𡧸
ocbcvemb	𡧾
ocbcndge	𡧿
ocbcjkba	𡨄
ocbcdohg	𡨆
ocbcbdbi	𡨇
ocbchghg	𡨈
ocbciito	𡨉
ocbctuyz	𡨊
ocbcerwa	𡨍
ocbcgsda	𡨏
ocbcwhda	𡨒
ocbcwuer	𡨓
ocbceruu	𡨔
ocbcdjba	𡨕
ocbcppdm	𡨘
ocxtrfcy	𡨙
ocbcccdm	𡨜
ocbcjb	𡨞
ocbcnqpu	𡨣
ocbcyrwf	𡨥
ocbcdaxi	𡨨
ocbcxbyt	𡨪
ocbcyzuu	𡨬
ocbcuida	𡨮
ocbcjqui	𡨯
ocbclcrf	𡨳
ocbcerdk	𡨴
ocbcdadj	𡨵
ocbcxmrf	𡨷
ocbcxitu	𡨾
ocbciaho	𡨿
ocbcerba	𡩂
ocbcerjb	𡩅
ocbcmuer	𡩇
ocbcmumu	𡩈
ocbcxbdj	𡩉
ocbcxbrj	𡩋
ocbcndig	𡩍
ocbcfgtm	𡩐
ocbcsiyi	𡩑
ocbcwfis	𡩓
ocbcjqda	𡩔
ocbcdmmu	𡩕
ocbcuijm	𡩖
ocbcxtui	𡩚
ocbcfgsi	𡩜
ocbcsixt	𡩝
ocbcgsvg	𡩞
ocbchgyu	𡩟
ocbcvzyz	𡩠
ocbchgdj	𡩦
ocbcwhfz	𡩧
ocbcbmkz	𡩨
ocbcpjmh	𡩩
ocbchglv	𡩪
ocbcxbhg	𡩬
ocbcbmkv	𡩭
ocbctujm	𡩮
ocbcdadm	𡩯
ocbcjkkv	𡩱
ocbcsiyi	𡩲
ocbcritu	𡩳
ocbchgsv	𡩵
ocbchehc	𡩸
ocbcuvvz	𡩻
ocbcuimu	𡩼
ocbcpjls	𡩽
ocbcvotu	𡩿
ocbcbchg	𡪀
ocbcpjhj	𡪁
ocbcwfli	𡪂
ocbcbmcc	𡪃
ocbcquer	𡪅
ocmibdbi	𡪆
ocbcquyi	𡪊
ocbcycnv	𡪋
ocbciipu	𡪌
ocbcuiho	𡪍
ocbcgjwj	𡪐
ocbcpbqn	𡪑
ocbcjbtm	𡪒
ocbcppbw	𡪓
ocbcxbhg	𡪕
ocbcpjhe	𡪗
ocbcpjbm	𡪘
ocbcvonv	𡪚
ocbcmmbw	𡪛
ocbcuugo	𡪝
ockeyzkz	𡪞
ocbcxbyb	𡪟
ocbcrfyz	𡪢
ocbcxbbi	𡪥
ocbcvomu	𡪧
ocbcccsi	𡪨
ocbcerda	𡪪
ocbcgsdm	𡪫
ocbcxier	𡪬
ocbckzai	𡪭
ocbcjicc	𡪮
ocbclclc	𡪰
ocbchejm	𡪳
ocbcjbpu	𡪵
ocbcpjyj	𡪶
ocbcpjvz	𡪷
ocbcyuxn	𡪹
ocbcglmi	𡪼
ocbcuijm	𡪽
ocbcxnjm	𡫁
ocbcsiyt	𡫂
ocbcxbtm	𡫃
ocbcjqbd	𡫄
ocwjmuho	𡫅
ocbcxbxb	𡫇
ocbctuqr	𡫈
ocbceryz	𡫉
ocbcxixb	𡫊
ocbcqudz	𡫋
ocbcxbmm	𡫍
ocbcmuwf	𡫎
ocbcuvyz	𡫏
ocbcwjtu	𡫑
ocbcpjyz	𡫒
ocbcpjmu	𡫔
ocbcybnn	𡫕
ocbcsiyi	𡫖
ocbcfwmu	𡫗
ocbcfjli	𡫘
ocbcgsrf	𡫙
ocbctuui	𡫚
ocbczikl	𡫛
ocbcccrf	𡫜
ocbcmudj	𡫝
ocbczuyu	𡫞
ocbcgsda	𡫟
ocbcklnv	𡫤
ocbcpjmu	𡫧
ocbcxtda	𡫩
ocbcjkpu	𡫪
ocbcvurf	𡫬
ocbcxkmi	𡫭
ocbcgsrf	𡫮
ocbcuinn	𡫰
ocbcuivf	𡫱
ocbcgscc	𡫳
ocbcyihe	𡫵
ocbcerjb	𡫷
ocmiccxm	𡫹
ocbcpjyz	𡫺
ocbctuui	𡫻
ocbcgstu	𡫼
ocbcpjnv	𡫽
ocbclirf	𡫾
ocbcfzjb	𡫿
ocbcwhwh	𡬀
ocbclclc	𡬁
ocbcxmxm	𡬃
ocbcpjuv	𡬄
ocbcpjbu	𡬇
ocbcpjyc	𡬊
ocbcpjkz	𡬋
ocbcpjmu	𡬌
ocbcpjmi	𡬍
ocbcqlql	𡬎
ocbcbcbc	𡬏
ocyiyiyi	𡬐
ocbcpjwu	𡬑
ocbcpjnp	𡬒
ocbcpjyz	𡬓
ocbcbwjb	𡬔
ocbcxblc	𡬕
ocbcpjyj	𡬖
ocyuvfkr	𡬘
ocbcpjze	𡬙
ockekeke	𡬚
ocbcxbis	𡬛
ochjhjhj	𡬜
ocvevecy	𡬞
ocbagscy	𡬦
ocuhxncy	𡬧
ocfgdccy	𡬨
ocriercy	𡬩
ochgqucy	𡬭
ocjquucy	𡬯
ocirmucy	𡬲
ocvxsicy	𡬳
ocrfifcy	𡬴
ocxitucy	𡬵
ocxtgscy	𡬶
ocirjqcy	𡬸
ocirzicy	𡬹
ocrziicy	𡬻
ocmudzcy	𡬾
ocsigvcy	𡭀
ocyuvfcy	𡭁
ocxlffcy	𡭅
occcjkcy	𡭆
ockzgvcy	𡭈
ocyegucy	𡭊
ocbkhgru	𡭋
ocmumwcy	𡭌
ocihbavr	𡭍
ocirvicy	𡭎
ocuiuecy	𡭏
ochzbavr	𡭐
ocirzicy	𡭑
ocvxcysi	𡭒
ocxbhocy	𡭓
ocxnklhg	𡭙
ocuijqxn	𡭡
ocxnxtba	𡭩
ocxnrier	𡭪
ocxixncy	𡭫
ocxnxnxn	𡭯
ocxnrixn	𡭴
ocxnqiqp	𡭶
ocxnriui	𡭼
ocucrixn	𡭽
ocxntmcc	𡮁
ocxnbdxn	𡮂
ochvkzxn	𡮃
ocxnjp	𡮊
ocucucuc	𡮏
ocxnxnxn	𡮐
ocjixnve	𡮒
ocxnyzji	𡮖
ocviucbu	𡮗
ocxnsivz	𡮚
octhkltu	𡮝
ocsisixn	𡮟
ocxnytwu	𡮡
ocuhwfri	𡮢
ocjsbaxn	𡮧
ocglhexn	𡮰
ociagsxn	𡮱
ocucwhqi	𡮴
ocjmdmuc	𡮼
ocycvixn	𡮾
ocdctuuc	𡮿
ocfzujxn	𡯀
ocyzkluu	𡯍
ocbaeruv	𡯑
ocbaerri	𡯒
ocyzbabc	𡯔
ocbaerjp	𡯗
ocbaerbc	𡯚
ocbaerzo	𡯛
ocbaerxt	𡯠
ociagsyz	𡯤
ocbaribi	𡯧
ocyzcctu	𡯪
ocbabdba	𡯫
ocyzbdba	𡯬
ocyzccwh	𡯭
ociagsyz	𡯮
ocbabdbi	𡯱
ocbaerwh	𡯲
ocwfdnyz	𡯶
ocbaerpz	𡯷
ocbaeryj	𡯸
ocyzppww	𡯹
ocyznuuz	𡰀
ocbaerww	𡰂
ociuuier	𡰇
ocbaerjm	𡰉
ocbaergu	𡰊
ocwuuvjk	𡰏
ocwfxnyz	𡰔
ocbaerts	𡰕
ocyzvxui	𡰖
ocwfjkyz	𡰗
ocbaerjm	𡰛
ocwfjkyz	𡰜
ocyzccvv	𡰝
ocwuccvv	𡰞
ocbaerlw	𡰟
ocbavxjs	𡰡
ocyzvxjs	𡰢
ocxtppve	𡰴
ocuippuc	𡰹
ocuikldc	𡰺
ocuiklyz	𡰻
ocuibawf	𡰿
ocwfkzui	𡱀
ocuiwuji	𡱂
ocuidcjb	𡱃
ocuisjve	𡱄
ocuiveuv	𡱊
ocuisiyt	𡱑
ocuiyyji	𡱓
ocuierri	𡱔
ocuiuvqi	𡱕
ocuigssi	𡱗
ocuirfug	𡱚
ocuiirzi	𡱟
ocuirfyu	𡱣
ocuiuvmc	𡱤
ocuivivi	𡱦
ocuiuvjq	𡱧
ocbauigu	𡱨
ocuixbvi	𡱪
ociitmhg	𡱮
ocuirfyc	𡱱
ocuicsji	𡱲
ocuiiruv	𡱴
ocuive	𡱷
ocuierve	𡱷
ocuirfee	𡱹
ocuirfju	𡱺
ocuirfba	𡲁
ockluiqp	𡲂
ocuiihvi	𡲃
ocuiuzuu	𡲄
ocuipjvi	𡲆
ocuikzdm	𡲇
ocwwsiyz	𡲋
ocuigsqq	𡲌
ocuikzyz	𡲍
ocuirfsi	𡲏
ocuiirui	𡲑
ocuiiriu	𡲒
ocuifgfg	𡲓
ocuiuimc	𡲔
ocuirfyi	𡲕
ocuiklia	𡲖
ocuiqriu	𡲗
ocuiuvuv	𡲘
ocuixitu	𡲙
ocuirfjl	𡲛
ocuicscc	𡲜
ocuigsyi	𡲝
ocbajigu	𡲞
ocuirfvz	𡲟
ocuihuyz	𡲠
ockldcve	𡲡
ocuihgvs	𡲦
ocuiuvbi	𡲩
ocuiuviu	𡲬
ocuixbbi	𡲮
ocuicsyz	𡲯
ocuicscc	𡲱
ocuirfqy	𡲲
ocuihomi	𡲴
ocuicsji	𡲵
ocuiveiu	𡲶
ocuihvhe	𡲷
ocuibmnv	𡲹
ocuihgdn	𡲻
ocuiziji	𡲽
ocuirfto	𡲾
ocuipjyi	𡲿
ocuikzhv	𡳄
ocuihuqp	𡳆
ocuiyuvf	𡳇
ocuiyjtu	𡳈
ocuiyjwf	𡳉
ocuifull	𡳋
ocuirfwf	𡳌
ocuisiju	𡳍
ocuivcju	𡳏
ocuirfwf	𡳐
ocuippzo	𡳑
ocwwbaui	𡳗
ocuihguj	𡳘
ocuijlmu	𡳙
ocjuveri	𡳟
ocuicscc	𡳡
ocwwbaug	𡳦
ocuimush	𡳨
ocnimush	𡳭
ocwwvxyu	𡳲
ocmhuifj	𡳴
oclvccjq	𡳵
occcjqlv	𡳶
ocuirfli	𡳸
ocwwsing	𡳹
ocuiuimu	𡳻
ocnmjqiu	𡳼
ocveuuhg	𡳿
occcklve	𡴂
occcbcyi	𡴄
ochgiuve	𡴈
occcklhg	𡴊
ocrfbacc	𡴌
occchgrf	𡴍
occcrfri	𡴏
occcrfvs	𡴑
occchglk	𡴒
ocppiacc	𡴓
occctdsi	𡴔
occcrfgj	𡴖
occcbdui	𡴙
occcccff	𡴚
occctumu	𡴛
occcbari	𡴜
occcyzbf	𡴝
occcbfyy	𡴞
occcbagj	𡴟
occccctu	𡴠
occckzkz	𡴡
ocrfcscc	𡴤
occcrfwh	𡴧
occcccui	𡴨
occcuikz	𡴩
occcbaba	𡴪
occclqlq	𡴫
ocrfcccc	𡴬
ocujveve	𡴰
ocujhguu	𡴶
ocppsiuj	𡵁
ocujhgji	𡵂
ocujeruu	𡵄
ocujuuyi	𡵊
ocujuuyi	𡵋
ocujhgjq	𡵐
ocujveda	𡵗
ocklrfuj	𡵠
ocujhguj	𡵤
ocxihguj	𡵪
ocujhgyc	𡵮
ocujjiui	𡵵
ocujjiji	𡵷
ocjijiuj	𡵹
ocvehguj	𡵽
ocujiher	𡶂
ocujhuyi	𡶃
ocujrfye	𡶊
ocujuijq	𡶋
ocujrfwh	𡶍
ocrfqmuj	𡶠
ocujbawf	𡶣
ocujihqm	𡶨
ocujbcmc	𡶮
ocujiags	𡶱
ocujndmu	𡶲
ocdchguj	𡶳
ocujyckv	𡶹
ocujjijb	𡶺
ocujxnxn	𡶿
ocujrfwf	𡷁
ocujbcyy	𡷃
ocujbcwh	𡷄
ockzkzuj	𡷇
ocujujuj	𡷈
ocujrfya	𡷉
ocujgser	𡷋
ocbwhguj	𡷒
ocujdacc	𡷓
ocujuumu	𡷚
ocujihvu	𡷜
ocujve	𡷝
ocujerve	𡷝
ocqmcsuj	𡷩
ocujujtm	𡷪
ocujujxi	𡷬
ocujwfyz	𡷮
ocujihrf	𡷳
ocujujui	𡷶
occcxnuj	𡷺
ocujmuuj	𡷻
ocujmuuj	𡷼
ocujgswf	𡸅
ocujizuj	𡸆
ocujriqm	𡸈
ocujklrf	𡸋
ocujklyz	𡸍
ocujccff	𡸐
occccscs	𡸓
ocujjigv	𡸔
ocujklhe	𡸙
ocujjm	𡸚
ocujjbqm	𡸛
ocujyiui	𡸝
ocujdcjq	𡸞
ocujirtm	𡸟
ocihkzuj	𡸡
ocujrida	𡸦
ocmbujuj	𡸧
ocujdvkl	𡸬
ocuihguj	𡸭
ocujhori	𡸱
ocujhvwu	𡸳
ocujrfrf	𡸴
ociedmuj	𡸸
ocujmujp	𡸻
ocujkzuj	𡸿
ocujgswf	𡹀
ocujvxdk	𡹂
ocujtumu	𡹆
ocujmuda	𡹊
ocujklmu	𡹎
ocujkliu	𡹏
ocujvxwh	𡹑
ocujbari	𡹒
ocujwfer	𡹕
ocujhoho	𡹖
ochuwfuj	𡹘
ocujklhe	𡹤
ocujmctu	𡹥
ocujriyz	𡹨
ocifyzuj	𡹩
ocujhukz	𡹫
ocujhecc	𡹮
ocujhvvi	𡹯
ocujsikv	𡹱
ocujhegs	𡹴
ocujklnv	𡹶
ocujcsxb	𡹸
ocujihkv	𡹻
ocujihyj	𡹼
ocujcscs	𡹽
ocujribk	𡹾
ocujbfyy	𡹿
oceryzuj	𡺆
ocujerdv	𡺇
ocujbamu	𡺊
ocujmmdm	𡺎
ocujuiqm	𡺏
ocujihna	𡺒
ocujbwli	𡺕
ocujcscs	𡺛
ocujffwa	𡺜
ocujdcui	𡺝
ocujndmb	𡺦
ociuwfuj	𡺧
ocujbcui	𡺪
ocujihfw	𡺮
ocujerxb	𡺰
ocujhguj	𡺳
ocujxtiu	𡺴
ocbcjkuj	𡺶
ocyjyztu	𡺻
ocujziui	𡻆
ocujzifg	𡻇
ocujujif	𡻌
ocujujwo	𡻍
ocujuiyy	𡻏
ocujwuui	𡻕
ocujhgsy	𡻛
ocujjbyz	𡻡
ocujklxk	𡻢
ocujujui	𡻦
ocujlqyi	𡻨
ocujyuvf	𡻪
ocujwfpb	𡻫
ocujdajs	𡻲
ocujrfpb	𡻵
ocujuvmw	𡻶
ocujccfg	𡻹
ocujhuhu	𡻻
ocujxnbi	𡻼
ocujklna	𡻽
ocujkljb	𡻾
ocujjbuj	𡻿
ocujcsuu	𡼀
ocujxbwf	𡼇
ocujlwsi	𡼊
ocujqipu	𡼋
ocujbcee	𡼌
ochywfuj	𡼐
ocujpbkv	𡼑
ocujxihg	𡼒
ocujziui	𡼗
ocujujjb	𡼘
ocujcskv	𡼙
ockzujkz	𡼚
ocujwhpg	𡼜
ocujxisi	𡼟
ocujzswf	𡼦
ocujlbmu	𡼨
ocujqiqm	𡼭
ocujkzkv	𡼰
ocujrfmu	𡼴
ocujlwxn	𡼶
ocujhojs	𡼷
ocujwfui	𡼺
ocqmkldv	𡼻
ocujklwf	𡽀
ocujzixb	𡽁
ocerzouj	𡽃
ocujbcvf	𡽆
ocujuiiu	𡽈
ocujqudz	𡽍
ocujihvf	𡽐
ocujbfbf	𡽒
ocujujia	𡽓
ocujklcs	𡽔
ocujzixb	𡽕
ocyuujuj	𡽚
ocujliyj	𡽜
ocujzuxi	𡽞
ocujpiye	𡽠
ocujmmmm	𡽡
ocujyjir	𡽤
ocujzowo	𡽥
ocujihyc	𡽧
ocujxiwf	𡽪
ocujlwsi	𡽭
ocujfuwu	𡽷
ocujvxxb	𡽸
ocujxbmu	𡽼
ocujklyj	𡽽
ocujujzs	𡽿
ocujcskv	𡾀
ocujuvts	𡾁
ocujhgpu	𡾂
ocujqtge	𡾃
ocujlw	𡾊
ocujlw	𡾋
ocujluho	𡾌
ocujcsri	𡾍
ochvyhuj	𡾎
ocujrfgs	𡾑
ocujuizg	𡾓
oclwuj	𡾔
ocujujth	𡾕
ocujuigv	𡾖
ocujujyk	𡾗
ocujwfui	𡾘
ocujrvmu	𡾚
ocujgvbk	𡾛
ocujyisi	𡾝
ocujxuge	𡾟
ocujxuge	𡾠
ocujglri	𡾡
ocujpizi	𡾤
ocujxmxi	𡾥
ocujccxb	𡾦
ocujyisi	𡾨
ocujgsjl	𡾪
ocujxqye	𡾫
ocujglhe	𡾭
ocujihlw	𡾷
ocujxbmu	𡾹
ocujcsjq	𡾺
ocujsizg	𡾽
ocujjbgv	𡾾
ocujcvjs	𡿀
ocisirli	𡿂
ocujyuye	𡿅
ocujgvww	𡿆
ocujlwmu	𡿈
occctmuj	𡿉
ocujwjis	𡿋
ocujfwma	𡿌
ocujgewa	𡿕
ocujfgii	𡿖
ocujxtmu	𡿗
ocujsizg	𡿘
ocujccuu	𡿚
ocujihmu	𡿛
ocujccwf	𡿟
occcbakz	𡿤
ocujfzuj	𡿥
ocppppdm	𡿦
ocirklhg	𡿩
ocrfveir	𡿬
ocwfsiir	𡿮
ochgirtu	𡿱
ocirys	𡿳
ocsjhgir	𡿴
ocirhgqq	𡿸
ocirkzkl	𡿹
ocppsiir	𡿻
ocirsiui	𡿼
ocujviir	𡿽
ocirjqve	𢀀
ocirfjba	𢀁
ocirrfuv	𢀂
ocuiieir	𢀃
ocfgiryi	𢀄
ocirrfpj	𢀅
ocirjuyj	𢀆
ocirklji	𢀇
ocirklrs	𢀈
ocirklxl	𢀉
ocichurf	𢀊
ocichujb	𢀋
ocjkiryi	𢀍
ocbdirir	𢀎
ocirxbdm	𢀏
ocirbwji	𢀐
ochguuhg	𢀑
ocvedmgs	𢀖
ocgsuuve	𢀗
ocgsppuu	𢀘
ochgsjhg	𢀚
ocgsbapp	𢀝
ocgsuihg	𢀞
ocycdcgs	𢀟
ocwujqyz	𢀣
ocrfcsgs	𢀩
ocgsjbcs	𢀪
ocwfheju	𢀮
ochgmugs	𢀯
ochgmugs	𢀰
ocfuklsi	𢀺
ocujviji	𢀽
ocuidmsi	𢁁
ocujrfsi	𢁃
oceruisi	𢁄
ocsisikd	𢁅
ocjijigs	𢁉
ocsikdba	𢁌
ocsiirqi	𢁎
ocgcppji	𢁏
oclwsi	𢁐
ochgppjb	𢁓
ocjbbcpp	𢁞
ocjbeedm	𢁡
ocjbppna	𢁤
ocrferjb	𢁭
ocrfbajb	𢁰
ochgycjb	𢁴
ocjbklyz	𢁶
ocpperjb	𢁹
ocihhgjb	𢁺
ocjbycdc	𢂅
ochgbcjb	𢂇
ocjbjbhg	𢂉
ocjblili	𢂐
ocbwhgjb	𢂖
ocwfrijb	𢂚
ocfuppyz	𢂛
ocjqyzjb	𢂟
ocvjhgjb	𢂦
ocppjijb	𢂨
ocjbwhir	𢂩
ocwhirjb	𢂪
ocybdcjb	𢂫
ocjqsijb	𢂭
ocjbrfer	𢂮
ocuicsjb	𢂯
ochghgjb	𢂸
ocjbbder	𢂹
ocddyzjb	𢂺
ocppklbi	𢃁
ocnuppbi	𢃂
ocuibcjb	𢃄
ockzkzjb	𢃋
ochuwfjb	𢃘
ocifyzjb	𢃥
ocjbgsxb	𢃧
ocjbglui	𢃨
ocjbkljx	𢃫
ocjbcsxb	𢃭
ocjqdcjb	𢃵
ocujjbjb	𢃷
ocklkljb	𢃹
ochgfjjb	𢃻
ocjberda	𢃾
ochgjbjb	𢄀
ocyeqmfu	𢄁
occcjbqp	𢄄
ocjbgemp	𢄅
occcbcjb	𢄆
ochgjbyz	𢄉
ocbcjkjb	𢄏
ocjbbcui	𢄐
ocjbjrjb	𢄑
ocrfxsjb	𢄕
ocyzbajb	𢄖
ocjqxijb	𢄚
ocjbgskz	𢄛
ocjbsikl	𢄜
ocwwwfjb	𢄡
ocluwjjb	𢄢
ocxtjbkl	𢄥
ocjbyuvf	𢄪
ocuijbjb	𢄬
ocyurfjb	𢄮
ocjbwfkz	𢄰
ocjbyido	𢄴
ocdjjbjb	𢄾
ochguijb	𢄿
ocjbgskz	𢅂
ocjbdgji	𢅃
ocujjbmc	𢅇
ocuiuiui	𢅈
ocbobder	𢅉
ocuibcjb	𢅍
occcsijb	𢅓
ocjbccrs	𢅘
ocjbcibw	𢅙
ocujjbyz	𢅢
ocjbcche	𢅤
ocjbihcy	𢅥
ocjbsing	𢅩
ocjbqixb	𢅪
ocluyjjb	𢅮
ocjbmfer	𢅰
ocjbgsho	𢅱
ocxkyjjb	𢅲
ocjbijjm	𢅳
ocjbvuwu	𢅵
ocjbvuyt	𢅶
occcwfjb	𢅷
ocjbhgwf	𢅼
ocjbxbho	𢅽
ocjbdalb	𢅿
ocjbyrqr	𢆀
ocjbvulm	𢆁
ocjblidc	𢆂
ocjbqmwf	𢆃
ocjbcclj	𢆄
ocjbccwf	𢆆
ocbdjbmu	𢆇
ocwwhgjb	𢆈
ocuuihgj	𢆌
ocdabagj	𢆎
ocwuwfui	𢆏
ocuiuugj	𢆐
ocrfcsgj	𢆑
ockzkzgj	𢆔
ocdcdckd	𢆙
ocgjgjuu	𢆞
ocxijubk	𢆢
ocsigjds	𢆦
ocjqjubk	𢆩
ocuuuukd	𢆬
ocirvenm	𢆭
ocycycve	𢆸
ochgveyc	𢆺
ocycycji	𢆻
ocycycyz	𢆼
ocycuuuc	𢆽
ocppycyc	𢆾
ocycuigs	𢇀
ocycycho	𢇁
ocycyccc	𢇂
ocycycba	𢇃
ocycyccc	𢇅
ocxbycuu	𢇆
ocycjqcc	𢇇
ocycdaba	𢇈
ochrwfcy	𢇉
ocucycuu	𢇊
ocycuuhe	𢇋
ocycychg	𢇍
ocycuzqi	𢇎
ocvxycyc	𢇏
ocyzycyc	𢇑
ocjiuuyi	𢇒
ocycxsyc	𢇖
ocglppqi	𢇠
ocgljqui	𢇥
ocglhgyc	𢇨
ocglxkna	𢇭
ocglklyz	𢇵
ocgluive	𢇼
ocgluiyz	𢇽
ocglujbi	𢈃
ocglrfqi	𢈄
ocglsiyt	𢈋
ocglxtba	𢈏
ocglgsji	𢈐
ocgljqff	𢈑
ocglriia	𢈔
ocgluive	𢈗
ocglklba	𢈘
ocglvjkl	𢈞
ocglqijx	𢈤
ocgljlvi	𢈧
ocgluimu	𢈬
ocglvsba	𢈮
ocglrizi	𢈲
ocglgsxb	𢈳
ocglwfhv	𢈺
ocgljm	𢈽
ocgljbqm	𢉄
ocglyczz	𢉇
ocgluikl	𢉈
ocgldatu	𢉉
ocgllivi	𢉊
ocglfgyt	𢉋
ocglviho	𢉍
ocglpjvi	𢉎
ocglvxyz	𢉏
ocglmcho	𢉐
ocglfzve	𢉓
ocglrfmu	𢉔
ocglsisi	𢉖
ocglnmho	𢉙
ocglcsxb	𢉛
ocglkluu	𢉫
ocglxitu	𢉬
ocglqibw	𢉯
ocglkztu	𢉰
ocglgstm	𢉱
ocglbayj	𢉲
ocglujuj	𢉵
ocglbcmu	𢉹
ocglveqp	𢉺
ocglvejx	𢉻
ocglybyt	𢉼
ocglbcho	𢊁
ocglfghv	𢊂
ocgljxtu	𢊃
ocglhehe	𢊆
ocglveyi	𢊇
ocglxtxi	𢊈
ocglpphv	𢊉
ocgldadm	𢊊
ocgljkwf	𢊋
ocgldzcy	𢊍
ocglfwrf	𢊎
ocglihrf	𢊐
ocglgsys	𢊑
ocglxqho	𢊒
ocglxnri	𢊓
ocgldcna	𢊔
ocglcsxb	𢊕
ocglyiuu	𢊘
ocglvcju	𢊙
ocglccyj	𢊝
ocglyuuj	𢊞
ocglmwba	𢊟
ocgllbkz	𢊠
ocglbujm	𢊡
ocglsiba	𢊤
ocglnusi	𢊨
ocglsibi	𢊩
ocglhvui	𢊬
ocgljryi	𢊭
ocglciuu	𢊳
ocglhekz	𢊴
ocglbdhg	𢊵
ocgliybw	𢊷
ocglhvhe	𢊸
ocglsibw	𢊹
ocglqitm	𢊺
ocglyuxn	𢊻
ocglcswf	𢊿
ocglciyj	𢋀
ocglvjuu	𢋁
ocglyuqm	𢋅
ocglsixk	𢋇
ocglignv	𢋉
ocglcswf	𢋌
ocglgsbw	𢋍
ocglmmmu	𢋏
ocglnmtu	𢋓
ocgldaqu	𢋔
ocglqmui	𢋕
ocgljyxb	𢋖
ocglvvho	𢋗
ocmabcyt	𢋚
ocglbwis	𢋜
ocglgvmu	𢋝
ocglldhv	𢋢
ocmaxbwf	𢋤
ocglhxnn	𢋥
ocgltukl	𢋦
ocglvvwa	𢋩
ocgliaxt	𢋪
ocglyubw	𢋫
ocglmucv	𢋬
ocglwjsi	𢋭
ocgllbwf	𢋮
ocglbkbk	𢋯
ocglrflb	𢋰
ociuglho	𢋱
ocmabcba	𢋲
ocglpizi	𢋶
ocglbwyi	𢋸
ocglvilb	𢋹
ocglbiyz	𢋺
ocgldzge	𢋼
ocglxier	𢋽
ocgltuhv	𢋾
ocglqixn	𢋿
ocglviyi	𢌀
ocglbdwf	𢌂
ocglmoer	𢌅
ocgljxis	𢌆
ocglhgfa	𢌇
ocglhgwf	𢌉
ocgldalb	𢌋
ocgljmjm	𢌍
ocglxtzi	𢌎
ocgluhvv	𢌏
ocgliijq	𢌐
ocglbklu	𢌒
ocglgjyi	𢌓
ocglyjcc	𢌕
ocglgsxb	𢌖
ocviklsi	𢌞
ocviklkz	𢌡
ocviyudm	𢌤
ocvirfwf	𢌦
ocviviri	𢌧
ocvivimu	𢌨
ocvixitu	𢌩
ocvivgmu	𢌫
occciahg	𢌰
ocxidmcc	𢌳
ocsisicc	𢌴
ocsisicc	𢌹
ocklrfcc	𢌺
octubacc	𢌻
ocdabacc	𢌾
ocfgdccc	𢍆
octusicc	𢍇
ocpptmcc	𢍉
ocbaricc	𢍋
ocnmiacc	𢍌
ocrfppcc	𢍒
ocwfmucc	𢍓
ocbcbacc	𢍔
ochgyzcc	𢍖
ocddwfcc	𢍗
ocppjkcc	𢍘
ocppiacc	𢍙
ocuitmcc	𢍚
ocwwwfcc	𢍛
ocyytmcc	𢍞
ocxtkzcc	𢍟
ocgvwjcc	𢍠
ocppbmcc	𢍢
ocdadmcc	𢍤
ochgcscc	𢍦
ocsiyicc	𢍧
ocmiqucc	𢍨
occsklcc	𢍩
ocxidzcc	𢍪
ocmuuikd	𢍫
ockzkzcc	𢍬
ocaobmbm	𢍭
ocgscscc	𢍮
octsjqcc	𢍯
ocsixkcc	𢍰
ocxbjqcc	𢍱
ocyzjqcc	𢍲
ochghgcc	𢍳
ocififcc	𢍴
ocsusicc	𢍵
ocyjsicc	𢍶
ocvilicc	𢍷
ocyujkcc	𢍸
ocxbxbcc	𢍹
ocyihgbi	𢍾
ochgyive	𢎁
ocyirfrf	𢎂
ocuiyiuz	𢎇
ocyihgmu	𢎈
ocyzmuyi	𢎊
ocsiytui	𢎎
ocyierll	𢎏
ocwuerbw	𢎐
ocyitmgs	𢎑
ocveveve	𢎙
ocppgsuu	𢎣
ocklveve	𢎧
ocgsbadm	𢎬
ocgsrfhg	𢎮
ochggsia	𢎯
ocgsuupp	𢎱
ocgsbahg	𢎲
ocgsrfhg	𢎶
ocgsycuu	𢎺
ocgsrfsi	𢏀
ocgshgyc	𢏁
ocdcbcgs	𢏃
ocgskljq	𢏉
ocgsuusi	𢏍
ocgsrfxn	𢏏
ocgsbcme	𢏐
octogsbk	𢏒
ocgssida	𢏓
ocgjgsgj	𢏘
ocgsgsgs	𢏚
ocgsgsgs	𢏝
ocgssinw	𢏟
ocgsklve	𢏩
ocgsujvi	𢏫
ocgspmpj	𢏮
ocgswfmu	𢏲
ocgswfsi	𢏸
ocgsbkgs	𢏺
ocdcgsbk	𢏻
ocgsnmmu	𢏼
ocgsgsbk	𢏽
ocgsviyi	𢏾
ocgsgshg	𢐀
ocgssigs	𢐁
ocgsgsuj	𢐅
ocgslvgs	𢐆
ocgshvmu	𢐇
ocgsgsbd	𢐈
ocgsturi	𢐉
ocgsuugs	𢐌
ocgsujwf	𢐍
ocgsihrf	𢐏
ocgsxigs	𢐐
ocgsgskl	𢐑
ocgscccc	𢐖
ocgsgsih	𢐘
ocuguugs	𢐙
ocgsbcjp	𢐛
ocgsgshg	𢐜
ocgsbdsi	𢐝
ocgshghg	𢐡
ocgsbkwg	𢐢
ocgsbdbd	𢐤
ocgsycgs	𢐥
ocgsiugs	𢐨
ocgsyjgs	𢐬
ocppklgs	𢐭
ocgsmigs	𢐮
occcgsgs	𢐯
occctugs	𢐱
ocgsfjgs	𢐲
ocgscckl	𢐳
ocgsgege	𢐴
ocgsyjis	𢐵
ocgsgsjb	𢐶
ocgszggs	𢐷
ocgsdjgs	𢐹
ocgsgzgs	𢐺
ocgswfgj	𢐻
ocgsvegs	𢐼
occcgjtu	𢐽
ocgssigs	𢐾
ocgsertu	𢑃
octsgsgs	𢑅
ocgsccvv	𢑆
ocgsyjgs	𢑈
ocxixigs	𢑉
ocjigegs	𢑋
ocgsgcgs	𢑌
ocmwfugs	𢑍
ocmwfugs	𢑎
ocklppxt	𢑏
ocxthgkz	𢑔
ocxthgli	𢑕
ochuppuv	𢑗
ocxtkluv	𢑘
ocxtdcuv	𢑙
ocxtvext	𢑚
ochuppba	𢑛
ocxtxtyb	𢑝
ochubajb	𢑞
ocxtbcfa	𢑟
ocxtxtye	𢑠
ochuuipp	𢑡
ocrixtjb	𢑢
ocxtbcuu	𢑤
ocvebcgo	𢑥
ochujbvc	𢑦
ocxtxtuu	𢑧
ocxtuvuv	𢑨
ochujbkl	𢑩
ocxtuiju	𢑪
ocxtxtlu	𢑫
ocxtxtld	𢑬
ocvebcjb	𢑭
ocxtxtfw	𢑮
ocxtklmu	𢑯
ocklklxt	𢑰
ochuffda	𢑱
ocxtrfsi	𢑲
ocxtuive	𢑳
ocxtsida	𢑴
ocxtxtfj	𢑵
ocxtxtwu	𢑶
ochubcjb	𢑷
ocwfkzjb	𢑸
ocybkljb	𢑺
ocxtxtig	𢑻
ocwuuijb	𢑼
ocxtbubu	𢑽
ocxtbcmu	𢑿
ocrfuuuj	𢒃
oceruuuj	𢒅
ocdaihuj	𢒊
ocbcyruj	𢒎
occsgjuj	𢒑
ocxtwuuj	𢒓
ocuidmuj	𢒔
ocviyiuj	𢒕
ochurfuj	𢒜
ocjiifuj	𢒝
ocrijbuj	𢒠
ockztuuj	𢒡
ocnqbcvf	𢒢
ocbddauj	𢒣
ocujklui	𢒤
ocyuvfjq	𢒥
ocvjbauj	𢒦
ocriuiuj	𢒧
ocuuuiuj	𢒪
ocvjbauj	𢒭
ocucbduj	𢒮
ockzjbuj	𢒯
ocwfujxi	𢒲
ocriheyz	𢒳
ocuijbuj	𢒴
ocychouj	𢒵
ocbiviuj	𢒸
ocmalbuj	𢒹
ocycbcuj	𢒻
ocrfhgyc	𢓎
ocrfkler	𢓏
ocrfgsrf	𢓙
ocrffger	𢓦
ocrfqmvi	𢓩
ocrfyzqn	𢓳
ocrfriwf	𢓴
ocrfwuer	𢓷
ocrfcctu	𢓸
ocrfjbwf	𢓹
ocrfuhzz	𢓺
ocrfmubi	𢓼
ocrfppda	𢓽
ocrfwfxb	𢓿
ocrfjb	𢔀
ocrfvzwf	𢔃
ocrfbcfz	𢔇
ocrfhgtu	𢔉
ocrfbayt	𢔍
ocrfujvu	𢔎
ocrfriyz	𢔕
ocrfycvi	𢔗
ocrfiaer	𢔘
ocrffhfh	𢔚
ocrfuuuj	𢔜
ocrffzjq	𢔞
ocrfmuvi	𢔠
ocrfqmjq	𢔣
ocrfuiyh	𢔦
ocrfercy	𢔨
ocrfuuzz	𢔩
ocrffzfj	𢔫
ocrfihxb	𢔭
ocxksiyt	𢔮
ocrfqitm	𢔲
ocrfwuer	𢔴
ocrfjmcy	𢔶
ocrfqrtu	𢔷
ocrfgeuj	𢔹
ocrfqrwh	𢔺
ocrfiswf	𢔼
ocrfrisi	𢔽
ocrfppuu	𢔾
ocrfihvi	𢕀
ocrfgetu	𢕂
ocrfkzer	𢕃
ocrfjqwf	𢕄
ocxkujfh	𢕅
ocrfkdxb	𢕆
ocrfrfzz	𢕇
ocrfyiis	𢕉
ocrfuixb	𢕌
ocrflihg	𢕎
ocrfwfwf	𢕒
ocrfxisi	𢕖
ocrfuvde	𢕚
ocrfbcwf	𢕛
ocrfvier	𢕜
ocrfuixb	𢕞
ocrfsikl	𢕠
ocrfiewf	𢕣
ocrfzzyt	𢕤
ocxkuiui	𢕥
ocrfuull	𢕦
ocrfjiwf	𢕧
ocrfbdfh	𢕨
ocrfvivi	𢕬
ocrfdikz	𢕮
ocrfviuc	𢕱
ocrfluwf	𢕲
ocrfvowf	𢕴
ocrfhgwf	𢕶
ocrftmwf	𢕹
ocrfsiyi	𢕼
ocrfbdge	𢕽
ocrfriwf	𢕿
ocrffger	𢖁
ocrfuufu	𢖃
ocrfujwf	𢖄
ocxkujyj	𢖅
ocrfglho	𢖇
ocrfgewf	𢖉
ocrfyjqn	𢖊
ocxktucc	𢖋
ocrfujqi	𢖌
ocrfxikz	𢖎
ocrfluho	𢖐
ocrfrixn	𢖚
ocrfuuhw	𢖛
ocrftswf	𢖜
ocrfcsjq	𢖝
ocrfdctu	𢖞
ocrfcciu	𢖡
ocrfnswf	𢖢
ocrfxbho	𢖣
ocwwhguu	𢖨
ocxbppji	𢖾
ocrfhgxb	𢗁
ocveqnxb	𢗂
ocxbrfve	𢗅
occchgxb	𢗍
ocxbiaui	𢗛
ocxbuiji	𢗟
ocyihgxb	𢗥
ocxbhghg	𢗶
ocklccxb	𢘁
ocrfnvxb	𢘂
ocxbhgri	𢘆
ocrfxber	𢘈
ocxbuiyz	𢘎
ocxbujnd	𢘏
ocrfxbee	𢘔
ocklxber	𢘖
ocxbdnpp	𢘘
ocxbybdm	𢘚
ocrfkvxb	𢘢
ocxbvevi	𢘦
ocxbuirf	𢘧
ocxbccrf	𢘨
ocxbuitu	𢘪
ocxbrfye	𢘬
octudcxb	𢘰
ocmcdmxb	𢘴
ocxierxb	𢘵
ockljkxb	𢘼
occcccxb	𢘿
ochgmbxb	𢙂
ocxbribi	𢙃
ocxbkzkz	𢙈
ocxbiruj	𢙉
ocxbbaui	𢙋
ocujtuxb	𢙌
oclnulxb	𢙎
ocxbbkhg	𢙖
ocxbujwu	𢙙
ocxbjijb	𢙜
ockzrfxb	𢙟
ocgskzxb	𢙢
ocuhxnxb	𢙤
ocppqqxb	𢙥
ocppiaxb	𢙦
ocxbuuer	𢙧
ocxbwfcy	𢙪
ocgsycxb	𢙰
ocjixbwf	𢙴
ocxbiayz	𢙵
ocgsjixb	𢙷
ockzjixb	𢙸
ocyuxbli	𢙻
ocxbvxcy	𢚃
ocxbcctu	𢚇
ocnmdaxn	𢚈
ocxbmubi	𢚉
ocxbbder	𢚋
ocxbxtfu	𢚌
ocxbuzhg	𢚍
ocrfwfxb	𢚐
ocuvytxb	𢚑
ocsiwfxb	𢚓
ocxbgswf	𢚔
ocxbyidm	𢚕
ocxbwfzi	𢚙
ocxbsitm	𢚜
ocbcmuxb	𢚞
oclntjxb	𢚣
ocmukzxb	𢚤
ocyzyuxb	𢚥
ocvxxtxb	𢚩
ocuihoxb	𢚪
ocdnyzxb	𢚫
ocxbbutu	𢚬
ocxbujuv	𢚭
ocxbrfsj	𢚮
ocxbirxs	𢚰
ocqmgsxb	𢚱
ocxbriyu	𢚹
ocxbkzjp	𢚻
ocxierxb	𢚿
ocxbihgv	𢛄
ocxbvjxb	𢛈
ocsidcxb	𢛋
ocxbgsxb	𢛌
ocxbwfmu	𢛐
ocxbklhe	𢛕
ocxbiaer	𢛠
ocxberyt	𢛡
ocxbhghg	𢛢
ocwuwuxb	𢛤
ocwuqmxb	𢛦
ocrfhgyr	𢛪
ocwfxixb	𢛫
ocxlhgxb	𢛭
occilixb	𢛱
ocuihgxb	𢛳
ocxbbaer	𢛹
ocxbgsyt	𢛻
ocxbxiyi	𢜁
ocgryzxb	𢜂
ochuuuxb	𢜄
ocbcmuxb	𢜇
ocwhwhxb	𢜈
ocgsmuxb	𢜊
ocwhwuxb	𢜍
ocfgfgxb	𢜎
ocytwfxb	𢜑
ocnqiaxb	𢜓
ocwuwfxb	𢜕
ocwfkzxb	𢜖
ocxbyiui	𢜙
ocxbwfyc	𢜚
ocmupmxb	𢜣
ocnqbcwf	𢜤
ochojbxb	𢜦
ockltuxb	𢜧
ocxbhecc	𢜰
ocxbkzer	𢜱
ocxbnuuz	𢜲
ocxbdcui	𢜴
ocxbzdyz	𢜶
ocxtrfxb	𢜷
ocklyzxb	𢜹
ocxbvxrj	𢜻
ocxbhegs	𢜼
ocxbgeba	𢜾
ocxbfgui	𢝇
ocxbkltu	𢝎
ocppbaxb	𢝏
ocrfkdxb	𢝐
ocqmhoxb	𢝑
ocxbvgyt	𢝒
ocjsbaxb	𢝕
oclddcxb	𢝗
ocxbjqgs	𢝘
ocmuhgxb	𢝝
ocxbjxuz	𢝟
ocxbmcpu	𢝠
ocxbfhzi	𢝡
ocxbyzbw	𢝢
ocxbgkhg	𢝤
ocxbheuv	𢝥
ocrfcixb	𢝩
ocgsvexb	𢝭
ocsirixb	𢝮
ocklyjxb	𢝯
ocnqcsxb	𢝰
ocrfmixb	𢝱
ochohexb	𢝲
ocxbxixb	𢝴
ocxbvuda	𢝹
ocxbwumu	𢝻
ocxbndzi	𢝼
ocxbmcwf	𢝽
ocxbvxkl	𢝾
ocxbiuxs	𢝿
ociuwfxb	𢞀
ocyrdcxb	𢞈
ocxblnkl	𢞊
ocrftyxb	𢞋
ocxbjqer	𢞌
ocklsixb	𢞍
ocxbgsys	𢞎
ocxbzozo	𢞑
ocxbxbbi	𢞗
ocxbruuz	𢞙
ocxbxyxi	𢞛
ocbcjkxn	𢞝
ocxbriyu	𢞠
ocglxtxb	𢞢
ocrfwfxb	𢞣
ocxtdcxb	𢞤
ocrulbxb	𢞥
ocxbjqri	𢞦
ocxbgsxy	𢞧
ocqrccxb	𢞪
ocrfyixb	𢞫
ocxbuvhv	𢞮
ocxblnuj	𢞳
ocxbdadm	𢞷
ocxbciuu	𢞸
ocxbhgda	𢞹
ocbubkxb	𢞾
ocrftnxb	𢟂
ocgsxbcc	𢟃
ocerxbiz	𢟄
ocnvyixb	𢟇
ocxbcche	𢟉
ocihlbxb	𢟍
ocxberge	𢟘
ocxbwhyr	𢟚
ocerxbdn	𢟛
ocxbdavv	𢟠
ocxbccys	𢟡
ocwwwfxb	𢟤
ocbouuxb	𢟥
ocxbyigs	𢟦
ocxbdmmk	𢟫
ocuiyzxb	𢟬
ocxbbcwf	𢟭
ocluwjxb	𢟯
ocxbliui	𢟰
ocxbjruv	𢟱
ocxbglvv	𢟴
ocxbfwtu	𢟵
ocxbhucs	𢟶
ocxbmitm	𢟷
ocxbyuhg	𢟸
ocxbyuxn	𢟺
ocxblcmc	𢟾
ocxbsipd	𢟿
ocuhvexb	𢠀
ocqrjkxb	𢠃
ocxbbcxb	𢠋
ocxbcccy	𢠍
ocxbrfpb	𢠑
ocmivcxb	𢠒
ocxbgsxb	𢠕
ocnvlbxb	𢠖
ocxilbxb	𢠘
ocbowfxb	𢠜
occcccsi	𢠞
ocxbvgui	𢠟
ocxbbcyj	𢠡
ocxbnmfu	𢠦
ocxbxbwf	𢠧
ocxbsigv	𢠪
ocuikzxb	𢠬
ocxblvuv	𢠮
ociipixb	𢠱
ocziuexb	𢠾
ocxbheyu	𢡁
ocxbycri	𢡄
ocxbfwmu	𢡅
ocuigfxb	𢡆
ociuyzxb	𢡈
ocxbvivi	𢡉
ocxbtmxb	𢡊
ocxbziui	𢡋
ocxbmunv	𢡌
ocxbyido	𢡏
ocxbyier	𢡐
ocgowfxb	𢡑
ocxbggvi	𢡒
ocxbfuho	𢡓
ocxbxbxb	𢡔
ocpmyixb	𢡕
ocxblwxn	𢡖
ochvtmxb	𢡘
ocxblibw	𢡝
ocyclbxb	𢡟
ocxbybge	𢡠
ocxbgsxb	𢡡
ociurfxn	𢡣
ocxbhggj	𢡤
ocxbujke	𢡦
ocxberdz	𢡨
ocihuixb	𢡪
ocvivixb	𢡬
octhgoxb	𢡭
ocycuuxb	𢡯
octmmkxb	𢡰
ocuiuuxb	𢡱
occctyxb	𢡳
ocieyuxb	𢡴
ocererxb	𢡵
ocdajixb	𢡶
ocwwwfxb	𢡷
ocmuuaxb	𢡸
ocrfvsxb	𢡹
ocxberer	𢡼
ocxbcsri	𢡽
ocxbuamu	𢡾
ocmirfxn	𢢃
ocxbujyu	𢢄
ocxbujyj	𢢋
ocwfrfxb	𢢍
ocyuhgxb	𢢎
ocqrddxb	𢢐
ocxbxtzu	𢢒
ocxbrifh	𢢔
ocxbqqqr	𢢕
ocxbglho	𢢘
ocxbvjmu	𢢙
ocxbhunj	𢢛
ocieuuxb	𢢞
ocxbcckl	𢢟
ocerzoxb	𢢠
ociuwfxb	𢢡
ocuiuuxb	𢢢
ocmkguxb	𢢤
ocxbzexb	𢢥
ocwftmxb	𢢦
ocgskzxb	𢢧
oclijlxb	𢢨
ocxbqudz	𢢪
ocxbccih	𢢮
ocxbdamu	𢢰
ocrfyuxb	𢢱
ocxbrili	𢢳
ocuiqmxb	𢢶
ocgojixb	𢢸
ocnqxlxb	𢢹
ocxbccmu	𢢺
ocxbcibw	𢢻
ocxbvigf	𢢽
ocuiuuxb	𢢿
ocxbuide	𢣀
ocxbgsxb	𢣁
ocxbxbwf	𢣈
ochcgrxb	𢣉
ocxbyimu	𢣊
ocxbklwf	𢣌
ocxbycve	𢣎
ocxbcche	𢣏
ocxbxbxb	𢣑
ocxbyygv	𢣒
ocerwaxb	𢣓
ocxbzifh	𢣔
ocxbzoxb	𢣖
ocxbhowh	𢣙
ocxbzzie	𢣜
ocxblsls	𢣝
ocuixbwj	𢣞
ocytlqxb	𢣠
ocldldxb	𢣡
ocsilili	𢣢
ocxbxukv	𢣧
ocxbujul	𢣨
ocdnlbxb	𢣬
ocyjwfxb	𢣮
ocuuuuxb	𢣱
ocnjxbnj	𢣲
ocxbvoho	𢣴
ocxbihcy	𢣵
ocxbyjir	𢣶
ocxbytba	𢣹
ocxbmflv	𢣻
ocglqrxb	𢣽
ocrfzcxb	𢤁
ocxbccxb	𢤄
ocddddxb	𢤅
ocxbwfgj	𢤈
ocvugsxb	𢤉
ocxbtuba	𢤋
ocjbuixb	𢤌
ocgjqrxb	𢤍
ocbcgsxb	𢤑
ocjqjqxb	𢤒
ocxbyuwu	𢤓
ocddddxb	𢤔
ocddyzbw	𢤕
occcwfxb	𢤘
ociekzxb	𢤙
ocxbhgge	𢤚
ocxbsing	𢤛
ocxbdmer	𢤜
ocxbccts	𢤦
ocviyexb	𢤧
ocxbglhe	𢤭
ocxbujjy	𢤮
ocxbddjq	𢤯
ocddjqxb	𢤰
ocxbyubw	𢤳
oclixbuu	𢤴
ocqiqixb	𢤵
ocuiguxb	𢤶
ocxbcchv	𢤺
occctmxb	𢥁
ocxbjrma	𢥂
ocxbluhe	𢥄
ocxbvudm	𢥆
ocxbdcmm	𢥋
ocqidcxb	𢥍
ocxbuibw	𢥎
ocxblumi	𢥐
ocxbriyj	𢥑
ocxbkzcy	𢥓
ocxbdsis	𢥕
ocxbqixn	𢥖
ocxbcvjs	𢥘
ocbcgsxb	𢥛
ocbcgsxn	𢥜
ocxbhgwf	𢥝
ocxbrimi	𢥟
ocxbxbho	𢥡
ocxbvuxm	𢥣
ociyyexb	𢥤
ocxbyjho	𢥥
ocwfyhxb	𢥦
ocwfyexb	𢥨
ociesixb	𢥩
ocligsxb	𢥮
ocxbxbif	𢥯
ocxbdsri	𢥱
ocwfwfxb	𢥲
ocxbgege	𢥳
ocxbvivi	𢥵
ocxbyunn	𢥶
ocvhyexb	𢥹
ocybvhxb	𢥺
ocxbxtmm	𢥼
ochwvsxb	𢥽
ocvhyrxb	𢥿
ocvewfxb	𢦀
ocyiyexb	𢦁
ocxbmulj	𢦂
ocxbvvuw	𢦄
ocyiqbxb	𢦆
ocxbuuxb	𢦇
ocufufxb	𢦊
ocgeppji	𢦕
ocgeklhg	𢦘
ocuigeui	𢦛
ocdcdcge	𢦝
ocxnvege	𢦢
ocbkwuyz	𢦬
ochggevi	𢦰
ochggeri	𢦱
ocrfxtge	𢦳
ocgegsba	𢦶
ocuigefh	𢦷
ockzkzge	𢦸
occserge	𢦺
ocgevekl	𢦻
ocuigevx	𢦼
ocgeyctu	𢦾
ocwfgekz	𢧂
ocuigewf	𢧇
ocuidmge	𢧈
ochumuge	𢧊
ocviuige	𢧍
ocveerge	𢧎
ocuigetu	𢧑
ocvjjm	𢧗
ocvjnvge	𢧛
ocuigeig	𢧜
ocuukzge	𢧝
ocbkwuvz	𢧞
ocgednpp	𢧟
ocrigeyt	𢧠
ocuhuiwu	𢧡
ocvorfge	𢧢
ocuimuge	𢧣
ocvigeig	𢧤
ocuigeiy	𢧨
ocriyage	𢧫
ocfggeri	𢧬
ocuigeri	𢧭
ocmumuge	𢧮
ocwusaxb	𢧯
ocjyvege	𢧰
ochuhuge	𢧶
ocfggeri	𢧸
ocuihege	𢧺
ocdkhgge	𢧻
ocvigezs	𢧼
ocujjsge	𢧾
ocwuifnw	𢧿
ocybgetu	𢨀
ocgesijq	𢨁
ocycgevg	𢨂
ocligeig	𢨅
ocuigeve	𢨆
ocgetmgs	𢨇
occsrige	𢨈
ocmcjsge	𢨌
ocheuige	𢨍
ocuigety	𢨎
ocuijkge	𢨏
ockzytge	𢨐
occcfage	𢨖
ocdamage	𢨗
ochuvvge	𢨘
ocjbhoge	𢨙
ocfggegs	𢨚
ocihhuge	𢨛
ocgegsis	𢨜
ocligegs	𢨞
ocvjgexm	𢨟
ocheisge	𢨡
ocfggeri	𢨢
ocuigekz	𢨣
ochurfye	𢨹
ochuppqr	𢨾
ochudjdm	𢩀
ochuveho	𢩂
ochusigu	𢩍
ochujbuj	𢩐
ochuhuhu	𢩕
ochuqmjq	𢩖
ocuihuhu	𢩗
ocqihuhu	𢩝
ochuxbvx	𢩞
ochusiyi	𢩠
ochulqba	𢩡
ochudctu	𢩢
ocuzlnhg	𢩯
ocuzjiuu	𢩰
ocuzveui	𢩲
ocuzbcpp	𢩶
ocuzppqi	𢩺
ocuzuuve	𢪀
ocuzhgji	𢪁
ocuzjqui	𢪄
ocuzrfdc	𢪅
ocuzkler	𢪈
ocuzxnna	𢪍
ocuzgshg	𢪕
ocuzsjuu	𢪙
ocuzihve	𢪜
ocuzgsyi	𢪞
ocuzbiui	𢪟
ocuzklui	𢪡
ocuzerbk	𢪢
ocuzbcia	𢪣
ocuzbcia	𢪤
ocuzihbi	𢪦
ocuzdcyz	𢪩
ocuzbibi	𢪲
ocuzdmkd	𢪴
ocuzccba	𢪹
ocuzppqr	𢪺
ocuzppyz	𢪼
ocrfuuuz	𢪽
ocuzyiuv	𢫁
ocuzujna	𢫂
ocuztoqi	𢫅
ocuzuzyz	𢫇
ocuzdcsi	𢫎
ocuzkluj	𢫏
ocuzxnrf	𢫐
ocuzbauh	𢫜
ocuzppuv	𢫢
ocytyzuz	𢫪
ocuzihjb	𢫲
ocuzihwu	𢫳
ocuzuzuu	𢫶
ocuzihba	𢫷
ocuzcsyz	𢫹
ocuzyzvx	𢫺
ocuzihyb	𢫽
ocuzwfri	𢫾
ocuziags	𢫿
ocuzgser	𢬁
ocuzdciz	𢬆
ocuzhubi	𢬉
ocuzwjtu	𢬋
ocuzhgba	𢬌
ocuzribi	𢬒
ocuzcser	𢬕
ocuzrfuz	𢬛
ocuzrfna	𢬜
ocuzrutu	𢬝
ocuzxtxt	𢬞
ocuzsiiz	𢬟
ocuzdmig	𢬠
ocuzdmpk	𢬪
ocuzwfcy	𢬭
ocuzhzba	𢬯
ocuzucnv	𢬰
ocuzve	𢬴
ocuzerve	𢬴
ocuzjb	𢬶
ocuznwkz	𢬷
ocuzuikz	𢬸
ocuztutu	𢬹
ocuzqrmu	𢬺
ocuzkliz	𢬻
ocuzklty	𢬼
ocuzjxhg	𢬽
ocuzrfpi	𢭀
ocuzgjho	𢭅
ocuzxtuj	𢭈
ocuzvxgs	𢭊
ocqudcuz	𢭋
ocuzwfvi	𢭌
ocuzujjb	𢭍
ocuzxkli	𢭐
ocuzyimu	𢭒
ocuziryt	𢭓
ocuzxtqi	𢭔
ocuzhuqi	𢭖
ocuzihvu	𢭘
ocuzdcmb	𢭚
ocuzdadj	𢭛
ocuzbiui	𢭠
ocuzppjx	𢭡
ocuzppkl	𢭣
ocgsjiuz	𢭤
ocuzjiuz	𢭥
ocuzrfiu	𢭧
ocuzbcwa	𢭨
ocuzuvgk	𢭯
ochebcuz	𢮃
ocuzhumu	𢮄
ocuztmcc	𢮅
ocuztmui	𢮆
ocuzuimu	𢮇
ocuzihvc	𢮉
ocuzjili	𢮌
ocuzfhfh	𢮔
ocuzwfmu	𢮕
ocuzklhe	𢮖
ocytiauz	𢮗
ocuziedm	𢮛
ocuziavx	𢮞
ocwuiruz	𢮟
ocyuyuuz	𢮠
ocuzrfyh	𢮡
ocuziziz	𢮢
ocvxliuz	𢮣
ocuzvxba	𢮤
ocuzsixn	𢮥
ocuzrfrf	𢮦
ocuzhgsi	𢮨
ocuzbags	𢮪
ocuzhgxt	𢮮
ocuzwfyi	𢮯
ocuzyhji	𢮲
ocuzhgjq	𢮴
ocuzujui	𢮶
ocuzvjda	𢮸
ocuzkzwu	𢮺
ocuzccjb	𢮻
ocuzhgpu	𢮽
ocuzrfbi	𢮾
ocuztobw	𢯀
ocuzgk	𢯀
ocuzmcho	𢯁
ocuzdqer	𢯃
ochuwfuz	𢯄
ocuzjm	𢯆
ocuzkzyt	𢯇
ocuzujmu	𢯈
ocuzvxtm	𢯉
ocuzffuz	𢯌
ocuzccbu	𢯒
ocuzsibu	𢯜
ocuzuvbj	𢯝
ocuzuvuv	𢯣
ocuzycwf	𢯧
ocuzglni	𢯪
ocuzbkpu	𢯬
ocuzjrjb	𢯭
ocuzhujb	𢯯
ocuzzdyz	𢯱
ocmuiauz	𢯲
ocuzvxyz	𢯳
ocuzbcjn	𢯴
ocuzmugk	𢯵
ocuzdguu	𢯸
ocuzlqxs	𢯻
ocuzccqp	𢯽
ocuzccxn	𢰀
ocuzhgsi	𢰁
ocuzjbui	𢰂
ocuzxtyc	𢰃
ocuzbcie	𢰄
ocuzgsba	𢰅
ocuzrflv	𢰈
ocuzxtyy	𢰉
ocuzkzcy	𢰊
ocuzkler	𢰋
ocuzsixb	𢰌
ocuzwfho	𢰍
ocuzsajk	𢰎
ocuzvxzi	𢰏
ocuzricy	𢰐
ocuzrfpi	𢰑
ocuzdayt	𢰒
ocuzvzer	𢰓
ocuzqmkl	𢰔
ocuzgskl	𢰕
ocuzrfjq	𢰖
ocuzppcc	𢰘
ocuzvicy	𢰙
ocuzxter	𢰚
ocuzwfna	𢰜
ocmbwfuz	𢰞
ocuzfgcc	𢰟
ochouuuz	𢰣
ocuzlikz	𢰤
ocuzfhzi	𢰧
ocuzjrkz	𢰪
ocuzgsvc	𢰫
ocuzlihg	𢰬
ocuzdadm	𢰯
ocuzdgfg	𢰰
ocuzdguz	𢰱
ocuzhuyu	𢰵
ocuzdcju	𢰺
ocuzjqqn	𢰻
ocuzdcqr	𢰼
ocuzmuuz	𢰿
ochoheuz	𢱀
ocuzdauu	𢱂
ocuzvxyz	𢱄
ocuzggve	𢱅
ocuzxtyc	𢱇
ocuzwfxn	𢱊
ocuzxtvx	𢱑
ocuzmulv	𢱠
ocuzxnbw	𢱡
ocuzvzyz	𢱥
ocuzxbbi	𢱧
ocuztmwf	𢱩
ocuzyzkz	𢱪
ocxkbcuz	𢱬
ocuzhvbf	𢱭
ocuzbimb	𢱮
ocifrfuz	𢱯
ocuzcscc	𢱰
ocuzbchg	𢱱
ocuzjqcc	𢱲
ocuzbcho	𢱳
ocuzhvmu	𢱴
ocuhdduz	𢱵
ocuzvuxb	𢱶
ocuztuyz	𢱷
ocuzvicy	𢱹
ocuzpipi	𢱺
ocuzppyz	𢱻
ocuzxiug	𢱼
ocuzhgyr	𢱽
ocuzxiho	𢱾
ocuzfurf	𢱿
ocuzsixb	𢲀
ocuzxtwa	𢲁
ocuzuijb	𢲄
ocuzdadm	𢲅
ocuzdghe	𢲇
ocuzdgui	𢲉
ocuzdcyt	𢲍
ocuzvzqr	𢲎
ocuzppmu	𢲏
ocjqdauz	𢲓
ocuzdgui	𢲕
ocuzqitu	𢲖
ocuzsiui	𢲗
ocuzxtba	𢲘
ocuzhuyi	𢲙
ocuzsitd	𢲚
ocuzlidm	𢲣
ocuzerge	𢲦
ocuzcchd	𢲧
ocuzytxy	𢲰
ocuzvuqp	𢲶
ocuzxtjn	𢲷
ocuzvuxn	𢲺
ocuzbcqu	𢲻
ocuzihjb	𢲽
ocvujiuz	𢲿
ocglfwuz	𢳁
ocsijuuz	𢳉
ocuzluwj	𢳊
ocuzglbi	𢳋
ocuzccys	𢳌
ocuzxisi	𢳍
ocuzhvbf	𢳎
ocuzsiyz	𢳏
ocuztrdc	𢳐
ocuzwunv	𢳒
ocuzvuyz	𢳓
ocuzujyt	𢳕
ocuzxbhg	𢳖
ocuzhgmu	𢳗
ocuzxtvc	𢳙
ocuzhudj	𢳛
ocuzdj	𢳞
ocuzerrj	𢳞
ocuzdmmk	𢳡
ocuzuujm	𢳢
ocuzxtyi	𢳤
ocuzxtpd	𢳦
ocuziyis	𢳨
ocuzlchg	𢳩
ocuzhvui	𢳭
ocuzuujb	𢳮
ocuzdgis	𢳰
ocuzuibo	𢳲
ocuzbuge	𢳴
ocuzhuzz	𢳵
ocuzfumb	𢳷
ocuzvxfz	𢳸
ocuzhufu	𢳹
ocuzvxyz	𢳻
ocuzbijn	𢳼
ocuzliul	𢳽
ocuzgljp	𢳿
ocuzbchg	𢴀
ocuznmfu	𢴁
ocuzhgcs	𢴃
ocuzsiyu	𢴄
ocuzvudj	𢴈
ocuzbujm	𢴓
ocuzbcdk	𢴕
ocuzbdji	𢴜
ocuzccrr	𢴝
ocuzmbcs	𢴞
ocuzybge	𢴠
ocuzifuz	𢴡
ocuzdikz	𢴨
ocuzirys	𢴫
ocuzcckz	𢴯
ocuzlwsi	𢴱
ocuzddyi	𢴴
ocuzyima	𢴶
ocdajiuz	𢴷
oclujiuz	𢴸
ocuzppzo	𢴹
ocuzlbpu	𢴻
ocuzdcwf	𢴼
ocuzytmi	𢵁
ocuzrfvi	𢵂
ocuzrixb	𢵃
ocuzcsri	𢵄
ocuzuijm	𢵅
ocuzccys	𢵇
ocuzppdz	𢵊
ocuzddmu	𢵍
ocuzccys	𢵎
ocuzvidc	𢵏
ocuzjmqr	𢵐
ocuzvonq	𢵕
ocuzccbc	𢵖
ocuzffmu	𢵙
ocuzyhbw	𢵟
ocklqruz	𢵤
ocuzmcjs	𢵮
ocuzmfkd	𢵱
ocuzkzyj	𢵲
ocuzvivz	𢵴
ocuzbkmw	𢵹
ocuzvxpz	𢵾
ocbdpuuz	𢵿
ocuztjdm	𢶁
ocuzvuwu	𢶅
ocuzykxy	𢶇
ocuzgskz	𢶈
ocuzbcsi	𢶊
ocuzuiig	𢶋
ocuzvuua	𢶌
ocuztmjq	𢶍
ocuzjbgx	𢶎
ocuzhudz	𢶐
ocuzzixb	𢶓
ocuzrifh	𢶔
ocuzyuqm	𢶖
ociuwfuz	𢶗
ocuzhgjb	𢶘
ocuzmacc	𢶚
ocuzsycc	𢶛
ocuzyuzu	𢶝
ocuzvuxn	𢶠
ocuzppui	𢶢
ocuzhkui	𢶥
ocuzwfgs	𢶦
ocuzqmho	𢶨
ocuziyge	𢶩
ocuzccfg	𢶬
ocuzccbc	𢶭
ocuzujma	𢶮
ocuzbdmu	𢶱
ocuzyymu	𢶳
ocuzuiiu	𢶵
ocuzwfhe	𢶸
ocuzxtjq	𢶺
ocuzccfg	𢶻
ocuzerxm	𢶽
ocuzuiba	𢷇
ocuzlimc	𢷉
ocuzpncy	𢷋
ocuzuimu	𢷌
ocuzvxxb	𢷍
ocuzccbf	𢷎
ocuzuizz	𢷐
ocuzriho	𢷑
ocuzycve	𢷖
ocuzdgdc	𢷚
ocuzyuwf	𢷛
ocuzuuuu	𢷜
ocuzysxb	𢷝
ocuzcche	𢷞
ocuzuipi	𢷟
ocuzbkmu	𢷡
ocuzvher	𢷢
ocuzbcba	𢷤
ocuzmifu	𢷥
ocuzieie	𢷦
ocuzpiye	𢷧
ocuzheuz	𢷨
ocuzmayi	𢷭
ocuzquda	𢷯
ocuzgllz	𢷱
ocuzytba	𢷲
ocuzfufw	𢷳
ocuzgltu	𢷹
ocuzrfgs	𢷼
ocuzjimu	𢷽
ocuzqixb	𢷾
ocuzqtge	𢷿
ocuzuili	𢸀
ocuzycho	𢸂
ocuzsiyr	𢸃
ocsinguz	𢸇
ocuzhuhg	𢸉
ocuzihyi	𢸊
ocuzuzbo	𢸌
ocuzjrjy	𢸏
ocuzhunn	𢸐
ocuzbjmb	𢸔
ocuzvufg	𢸕
ocuzgxgx	𢸖
ocuzbcfj	𢸙
ocuzlber	𢸜
ocuzyima	𢸣
ocuzvugs	𢸥
ocluyjuz	𢸧
ocuzhgmu	𢸨
ocuziais	𢸪
ocuzyisi	𢸬
ocuzrflb	𢸮
ocuzxbba	𢸯
ocuzviri	𢸰
ocuzluyj	𢸱
ocuzyuri	𢸲
ocuzmfjq	𢸴
ocuzriro	𢸶
ocuzzzxy	𢸷
ocuzhgtn	𢸹
ocuzyeyz	𢸻
ocuzvufg	𢸽
ocuzvufw	𢸿
ocuzheqm	𢹀
ocjbhuuz	𢹁
ocuzujjy	𢹂
ocuzccgj	𢹄
ocuzliho	𢹇
ocuzvudm	𢹈
ocuzbjxt	𢹋
ocuzdzge	𢹍
ocuzhgwf	𢹎
ociebauz	𢹏
ocuzpimu	𢹐
ocuzxtdg	𢹑
ocuzyjyz	𢹒
ocuzqixn	𢹓
ocuzccui	𢹕
ocuzuzho	𢹖
ocuztuvi	𢹗
ocuzyjmm	𢹙
ocuzbnyz	𢹚
ocuzccjb	𢹜
ocuzyukz	𢹝
ocuzhuyi	𢹞
ocuzuvye	𢹟
ocuzihye	𢹠
ocuzvugs	𢹢
ocuzyjtu	𢹥
ocuzsicj	𢹨
ocuzirvv	𢹬
ocirvvuz	𢹭
ocuztmtu	𢹮
ocuzrimi	𢹯
ocuzxbho	𢹰
ocuzlujy	𢹲
ocuzyumb	𢹳
ocuzyzyz	𢹴
ocuzmfsi	𢹶
ocuzyequ	𢹸
ocuzvudj	𢹺
ocuzhlye	𢹻
ocuzvuri	𢹽
ocuzyjmo	𢺀
ocuzhuda	𢺂
ocuzwhli	𢺆
ocuzccle	𢺇
ocuzyjsi	𢺈
ocuzwjis	𢺉
ocuzccjb	𢺊
ocuzdalb	𢺌
ocuzccve	𢺍
ocuzyufg	𢺒
ocuzhgwf	𢺕
ocuzdjyi	𢺖
ocuzvfvf	𢺗
ocuzvuvv	𢺜
ocuzglvv	𢺠
ocuzvujb	𢺣
ocuzcclj	𢺤
ocuzyjyz	𢺥
ocuzbccc	𢺦
ocuzwhyh	𢺧
ocuzifif	𢺪
ocuzridk	𢺫
ocuzluuu	𢺬
ocuzvulj	𢺮
ocuzmuho	𢺱
ocuzyjui	𢺲
ocuzfzuj	𢺴
ocklervi	𢻀
ocdcbavi	𢻁
ocuhxnvi	𢻃
ochuervi	𢻄
ocyzyzvi	𢻍
ocgsytvi	𢻎
ocqmjqvi	𢻗
ocglgvvi	𢻘
octdmuvi	𢻙
ocvjbivi	𢻛
ocluwjvi	𢻝
ocbdtuvi	𢻞
ocbcyjvi	𢻟
ocsiigvi	𢻡
ocriuivi	𢻣
oclbwfvi	𢻦
octmjqvi	𢻨
ocbdivvi	𢻩
ocrfvepu	𢻲
ocrfrfwf	𢻺
ochgycpu	𢻽
ocuhyiwf	𢼁
ocyzyzwf	𢼅
ocfuppwf	𢼋
ocrfyewf	𢼏
ocbcfjpu	𢼐
ocklerpu	𢼖
ocgsuuwf	𢼘
ochuyiwf	𢼚
ocuijbpu	𢼞
occctupu	𢼟
ocbaerwf	𢼠
ocppwwwf	𢼡
ocqrqrwf	𢼥
ocxtziwf	𢼪
ocyciawf	𢼫
ocyciapu	𢼬
ocklrfpu	𢼱
ocjiccwf	𢼷
ocujjiwf	𢼸
ocuucepu	𢼾
ocxtytpu	𢼿
ocdahopu	𢽀
occcgjpu	𢽁
ocujwhpu	𢽃
ociulipu	𢽅
ocxnjiwf	𢽆
ockldawf	𢽇
ocuucewf	𢽋
ocxsziwf	𢽌
ocbaziwf	𢽑
ocwfyzwf	𢽒
ocuimuwf	𢽓
ocjbpu	𢽖
ocujviwf	𢽗
ociujiwf	𢽘
ocuidmpu	𢽚
octmuiwf	𢽛
ocujwhwf	𢽠
ocriytpu	𢽢
ocdcjqpu	𢽣
ocxtguwf	𢽤
ocrfqnpu	𢽥
ocwfmupu	𢽫
ocvjbipu	𢽭
ocwfxnwf	𢽮
ocwfxiwf	𢽯
ocuidmwf	𢽴
ocriytwf	𢽵
ocdcjqwf	𢽶
ocujyswf	𢽸
ocwfsiwf	𢽺
ocbaycwf	𢽼
ocvxgupu	𢽿
ocnimupu	𢾂
ocvjrfpu	𢾃
ociuwupu	𢾈
ocjqgspu	𢾌
ociufhpu	𢾍
oczdyzpu	𢾐
ocbckzpu	𢾒
ocbddmpu	𢾓
ocmupugk	𢾔
ociufhwf	𢾕
ocmbriwf	𢾞
ocbdmuwf	𢾟
occckzpu	𢾠
ocvxziwf	𢾢
ocwfmuwf	𢾣
ochumupu	𢾥
ochegspu	𢾦
ocheihpu	𢾨
ocijhopu	𢾬
ocujsiwf	𢾰
ocxbbipu	𢾱
ocdagjpu	𢾴
ochgkzpu	𢾵
ocuicswf	𢾶
ocujgewf	𢾷
oceryipu	𢾸
ochuyuwf	𢾹
ochgfhwf	𢾾
ocgetspu	𢿀
ocujgupu	𢿁
ocwwwfgj	𢿂
ocwwwfvg	𢿄
ocrfpuzu	𢿅
ociuuipu	𢿆
ocbdujpu	𢿉
ochutmpu	𢿊
ocdcmupu	𢿌
ocwwwfpu	𢿍
ocbduipu	𢿎
ocycxkwf	𢿐
oclusipu	𢿑
ocuubwwf	𢿓
ocppxnwf	𢿔
ocjxnvpu	𢿘
ocvsnvwf	𢿙
ocyzujpu	𢿚
ocuusipu	𢿝
ocgskzpu	𢿟
ocuubwpu	𢿡
ocvxyzpu	𢿢
ocuhyapu	𢿦
oclbytpu	𢿨
occcjupu	𢿩
ocdikzpu	𢿪
ocuupuvg	𢿫
ocqrujwf	𢿬
ochuwfvo	𢿭
ocvxuipu	𢿮
occcbiwf	𢿯
ocuimiwf	𢿰
oclbytwf	𢿱
ocvxyzwf	𢿳
ocheyuwf	𢿴
ocuuguwf	𢿶
ocqqqqpu	𢿷
ocppujpu	𢿹
ocvoytpu	𢿺
ocuhyawf	𢿽
ocqudzpu	𣀂
ocjygjpu	𣀄
ocyebiwf	𣀅
ocjyyhwf	𣀆
ocsixkpu	𣀇
ocvejiwf	𣀋
ockzerwf	𣀌
ocuiuvpu	𣀍
ocvxvepu	𣀎
ocuhgjpu	𣀏
oczixkwf	𣀐
ocbwbwpu	𣀕
ocvujupu	𣀖
ocyaihld	𣀗
oclbrzpu	𣀙
ocqmrivg	𣀚
oclwpu	𣀜
oclwwf	𣀡
ocyjhowf	𣀢
ocxmjnpu	𣀣
ocyisipu	𣀤
ocwfgjpu	𣀦
oclbvvpu	𣀧
ochohopu	𣀨
ocyisiwf	𣀩
ochoxbpu	𣀪
ocmagjpu	𣀫
ocjqnvwf	𣀭
ocmaerpu	𣀯
ocmibapu	𣀰
ocmirfwf	𣀱
ocihbcdm	𣀴
ocyjsipu	𣀵
occcklpu	𣀺
ocbiqitm	𣀽
ochojnpu	𣀾
ocxihowf	𣀿
ocxmjnpu	𣁀
ocwflnba	𣁃
ocujwuwf	𣁋
ocvxbcwf	𣁍
ocnmuuwf	𣁒
ocwfwfwf	𣁕
occcuiwf	𣁙
ocwwwfwf	𣁛
occdwfuj	𣁝
ocluwjwf	𣁞
ocwwwfwf	𣁟
ociywfwf	𣁤
ocyjhowf	𣁧
ochgpdwf	𣁨
ocwfbcsi	𣁩
ocwfmuqp	𣁪
ocwfycxt	𣁫
ocveerdz	𣁭
ocvxcydz	𣁷
ocffgsdz	𣁺
ocdzxicy	𣁻
ocfhfhdz	𣁼
ocbderdz	𣁽
ocdzdzdz	𣁾
ocdzihvc	𣁿
ocihvcdz	𣂀
ocglvcdz	𣂁
ocwfisdz	𣂂
ocliytdz	𣂅
ocdzihfw	𣂇
ocuijndz	𣂍
ocdabddz	𣂏
ocfubddz	𣂐
occckljb	𣂚
ocujccjb	𣂟
ocujvijb	𣂠
ocuidmjb	𣂡
ocvjbijb	𣂢
ocihvcjb	𣂥
ocjmjb	𣂧
ocujuijb	𣂫
ocbcjbkl	𣂬
ocvxkvii	𣂭
ocviiujb	𣂯
ochgvejb	𣂱
ocujccjb	𣂲
ocvifzjb	𣂶
ocvjvijb	𣂸
ocujccjb	𣂹
ocliwwjb	𣂺
occctujb	𣂼
ocycvgjb	𣂾
ocsifajb	𣂿
occsrijb	𣃀
ocmcdzjb	𣃃
ocjbbctu	𣃅
ocvubwjb	𣃇
ocmujbjb	𣃊
ocmcjbjb	𣃋
ocyjirjb	𣃌
ocxbyjjb	𣃎
ocjbgsli	𣃐
ocmuhgjb	𣃒
ockzdjjb	𣃓
ocycycjb	𣃔
occctjjb	𣃕
ochgbafh	𣃙
ocihjlfh	𣃞
ocxxbcfh	𣃟
ocfhrfwh	𣃢
ocfhrfxn	𣃥
ocfhrfwu	𣃦
ocfhrfri	𣃧
ocfhrfcs	𣃨
ocfhrfzi	𣃩
ochgjifh	𣃪
ocfhrfug	𣃬
ocfhrfjp	𣃭
ocfhrfui	𣃮
ocfhrfdj	𣃯
ocfhrfnw	𣃰
ocfhrfdm	𣃲
ocfhrfkl	𣃳
ocfhrfqq	𣃴
ocfhrfuf	𣃵
ocfhvjrf	𣃷
ocribcfh	𣃸
ocfhrfmb	𣃹
ocfhrfjx	𣃻
ocfhrfvz	𣃼
ocfhrfdo	𣃽
ocfhrfbw	𣃿
ocfhrfqr	𣄀
ocfhrfkz	𣄅
ocfhrfyi	𣄆
ocfhrfyz	𣄉
ocfhrfho	𣄊
ocfhbibw	𣄌
ocfhsiff	𣄏
ocfhbf	𣄏
ocfhrflm	𣄐
ocfhrfyj	𣄑
ocfhrfyb	𣄕
ocfhrffg	𣄖
ocfhtmgs	𣄗
ocfhrfgu	𣄘
ocfhrfhl	𣄙
ocfhybge	𣄞
ocfhhgya	𣄟
ocfhrfbn	𣄠
ocfhrfyj	𣄡
ocfhrfts	𣄢
ocfhrfho	𣄦
ocfhrfyi	𣄧
ocfhdjjb	𣄨
ocfhmuye	𣄩
ocfhrfmp	𣄪
ocfhbwye	𣄫
ocjipppp	𣄭
ocppjiji	𣄯
ocwfxnji	𣄶
ocjiwfxn	𣄷
ochgbari	𣅆
ociahgri	𣅎
ocriveer	𣅏
ocrihgia	𣅐
ocriveda	𣅔
ocihrfri	𣅛
ocribayz	𣅝
ocbcppri	𣅞
ocrijqui	𣅢
ocrikler	𣅣
ocihrfri	𣅦
ocrikler	𣅧
ocuiuuri	𣅩
ocrippbi	𣅬
ocribadm	𣅭
ocgfuuuu	𣅯
ocxnhgri	𣅱
ockluiri	𣅲
ocriveda	𣅳
ocridmkd	𣅹
ocrihgyy	𣆃
ocrivewu	𣆄
ocrikzui	𣆉
ocvshgri	𣆊
ocrirfxn	𣆋
ocrifhve	𣆍
ocriuigs	𣆓
ocliliri	𣆕
ocriveve	𣆜
ocriujyz	𣆠
ocriwuwu	𣆧
ocrikzuu	𣆪
ocriwhir	𣆬
ocrijb	𣆲
ocritutu	𣆷
ocxtriyz	𣆸
ocribcqp	𣆹
ocriklcc	𣆼
ocdjnqdk	𣆽
ocklqmri	𣆾
ocribder	𣆿
ocrigewu	𣇈
ocrijigs	𣇎
ocjqfguu	𣇑
ocripjpm	𣇓
ocrigsri	𣇖
ocriihyz	𣇗
ocbderri	𣇙
ocrisiyz	𣇚
ocrihghg	𣇥
ocrinmho	𣇪
ocrirfug	𣇭
ocmupmri	𣇮
ocrihuhu	𣇯
ocklklri	𣇱
ocxtbcri	𣇶
ochvrfri	𣇸
ocuiwfri	𣇻
ocririmu	𣈁
ochgkzri	𣈆
ocripjjb	𣈈
ocdamuri	𣈌
ocribcmu	𣈎
ocribktu	𣈐
ocriwffg	𣈝
ocrisicc	𣈠
occcccri	𣈤
ocrirftu	𣈧
ocridgrf	𣈩
ocrixihg	𣈺
ocritmnq	𣈾
ocriklnv	𣈿
ocriujyz	𣉀
ocrivxrj	𣉁
ocrihecc	𣉂
ocrijqqn	𣉃
ocrituwu	𣉊
ocjqirih	𣉑
ocrihgtu	𣉓
ocrihogf	𣉖
ocvorfri	𣉙
ocripjyh	𣉚
ocrierjb	𣉛
ocysriri	𣉣
ocripmpj	𣉦
ocyabari	𣉩
ocririzi	𣉬
ocppmiri	𣉭
ocribcgo	𣉰
ocriiubf	𣉱
ocvigjri	𣉻
ocricclq	𣊀
ocyubarf	𣊂
ocfgxtri	𣊄
oczixiri	𣊅
ocziffri	𣊆
ocrizibf	𣊊
ocriyudj	𣊏
ochujiri	𣊑
occcsiri	𣊔
ocricshg	𣊚
ochgquri	𣊛
ocrimcrf	𣊜
ocritumu	𣊝
ocrixiho	𣊠
ocrisisi	𣊡
ocrixihg	𣊢
ocriihho	𣊥
occscsih	𣊦
occchgri	𣊨
ocriyefu	𣊪
ocririri	𣊭
ocxkjiri	𣊮
ocrimfff	𣊱
ocriqmho	𣊳
ocrigsui	𣊴
ocrierer	𣊵
ocwurijb	𣊸
ocriiumu	𣊻
ocmbriuj	𣊽
ocnmkzri	𣋅
ocyiwfcy	𣋇
ocuhccri	𣋈
ocrirfkv	𣋌
ocrisifw	𣋍
ocujujih	𣋎
ocrirfkv	𣋓
ocriyeri	𣋗
ocricche	𣋞
ocribaui	𣋡
ociaiari	𣋤
ocrididi	𣋥
ocriiuui	𣋦
ocsisiri	𣋧
ocriccjy	𣋭
ocxkhukv	𣋮
ochyccer	𣋯
ocriytba	𣋱
ocriirve	𣋲
ocriluho	𣋳
oclurfri	𣋴
ocrinmqm	𣋸
ocwfvvri	𣋿
ocriyhnd	𣌀
ocwubfwf	𣌃
ocrivxli	𣌄
ocxswhri	𣌇
ocririyj	𣌈
ocrivvkv	𣌉
ocriuihg	𣌐
ocririmi	𣌑
ocriccvv	𣌓
ocrigjpu	𣌘
ocdjyjjk	𣌚
ocdjshye	𣌛
ocririxl	𣌝
ociyiyiy	𣌠
ocuurisi	𣌡
ocbdrfve	𣌣
ocklccri	𣌧
ocklrive	𣌩
ocriwfyi	𣌪
ocrierhg	𣌬
ocribiuu	𣌲
ocycycri	𣌳
ocrifhtu	𣌷
ocrimiuu	𣌻
ochgyzri	𣌼
ochgyzya	𣌽
ocbarifu	𣍄
ocuguuri	𣍆
ocfgriqm	𣍈
ocddddri	𣍌
ocriboyi	𣍑
ocuvritu	𣍒
ocdrkzri	𣍔
ocdsdsri	𣍘
ocggyuie	𣍛
ocuuychl	𣍜
ocbchgyt	𣍟
ochgbayt	𣍡
ocrfveyt	𣍢
ocytbcer	𣍥
ocytqili	𣍫
ocytbakz	𣍬
ocytwunv	𣍲
ocythgwj	𣍴
ocytxswf	𣍶
ocklmiyt	𣍸
ocythocc	𣍹
ocytxnug	𣍺
ocytvjwf	𣍽
ocklkzyt	𣎁
ocytirys	𣎂
ocmhytfj	𣎆
ocytrimu	𣎇
ocyttmbu	𣎈
ocbdmuyt	𣎋
ocytmicc	𣎌
ocvorfyt	𣎍
ocytjrrf	𣎎
ocytujrf	𣎐
ocytjrtm	𣎒
ocdcytuv	𣎕
ocytcsxb	𣎗
ocwfytri	𣎘
ocytccfh	𣎙
ocytmcjs	𣎛
ocytmisi	𣎝
ocbaytlk	𣎞
ocytbcge	𣎤
ocytriyi	𣎦
ocytveho	𣎧
ocycpgqu	𣎭
ocytxmri	𣎯
ocytriui	𣎱
ocmuveve	𣎹
ocmuveve	𣎺
ocklhgmu	𣏁
octuhgge	𣏄
ocmuppji	𣏆
ocmuhgsi	𣏇
ocmuklhg	𣏊
ocwfsimu	𣏋
ochgsimu	𣏏
ocmujqhg	𣏒
ocmuklna	𣏛
ocmujqli	𣏫
ocmubcia	𣏯
ocmurfqi	𣏱
ochgxtmu	𣏲
ocmuhgyc	𣏳
ocmukler	𣏵
ocklyzmu	𣏷
ocmuihui	𣏸
ocndrfmu	𣏻
ocuibcmu	𣐁
ocmufupp	𣐈
ocmuuijq	𣐊
ocmurutu	𣐍
ocmuklyz	𣐏
ocmurfxn	𣐐
ocmuuier	𣐓
ocmuxtyz	𣐔
ocmuvegs	𣐕
ocmuhuyi	𣐖
ocrfbcmu	𣐗
ocmubk	𣐚
ocmuhudm	𣐛
octundmu	𣐟
ocmudjdm	𣐠
ocmuyzgs	𣐢
ocmuhguc	𣐣
ocxinamu	𣐦
ocmuihna	𣐧
ocmuppyz	𣐪
ochguvmu	𣐫
ocmuppqi	𣐰
ocsivemu	𣐱
ocmurfkl	𣐶
ocklbcmu	𣐷
ocmubkhg	𣐸
ocmuuhxn	𣐹
ocmuuiui	𣐺
ocmuglgj	𣐼
ocmuvxqn	𣑂
ocuvfjmu	𣑃
ocbcermu	𣑄
ocuuvexk	𣑅
ocmuiags	𣑆
ocmubcfh	𣑈
ocklbcmu	𣑍
ocmuxtyi	𣑒
ocmudatu	𣑖
ocmurfcy	𣑗
ocmukljb	𣑙
ocmuuiyt	𣑛
ocuubdmu	𣑞
ocmuklqm	𣑟
ocmuxicy	𣑣
ocmulcdk	𣑥
octurfmu	𣑧
ochgcemu	𣑨
ocmubcui	𣑪
ocmurfxn	𣑰
ocuvwjmu	𣑱
ocmujijb	𣑲
ocmuujjb	𣑹
occcccba	𣑼
ocmuvxsi	𣑿
ocmurfpi	𣒀
ocmuhocc	𣒁
ocmulier	𣒂
ocmuiayz	𣒅
ocmucctu	𣒈
ocmuviyz	𣒉
ocuiyzmu	𣒊
ocmurigs	𣒋
ocmuyzuj	𣒎
ocmuccdm	𣒏
ocmuwfer	𣒒
ochosimu	𣒓
ocuvlqmu	𣒕
ocmuhger	𣒘
ochgkluu	𣒚
ocmulnhg	𣒝
ocmuihui	𣒟
ocmuccnv	𣒢
ocmunqji	𣒤
ocmuwfyt	𣒥
ocmurfmu	𣒦
ocmumubi	𣒨
ocmuuvkz	𣒩
ocmuklhg	𣒪
ocmubibf	𣒬
ocfggemu	𣒭
ocppmutu	𣒮
ocmuhghg	𣒯
ocmurfrj	𣒰
ocmuwuwh	𣒸
ocmuucnv	𣒹
ocmuuimu	𣒺
ocmuqitu	𣒻
ocmuihci	𣒽
ocuvqmmu	𣒿
octmtmmu	𣓁
ocmuglci	𣓄
ocmuhumu	𣓅
ocmuvxrf	𣓆
ocgvdcmu	𣓇
ocmueryt	𣓍
ocmuccyc	𣓎
ocuibcgo	𣓑
ocmuccuu	𣓒
ocmuxyqn	𣓓
oclbjqsi	𣓕
ocmuwuri	𣓗
ocmuuiji	𣓘
ocmuccdm	𣓙
ocmuzibi	𣓛
oclbvevi	𣓜
occcbcmu	𣓝
ocuzytmu	𣓞
ocuiklmu	𣓟
ocmuhuhu	𣓠
ocmupplv	𣓡
ocwuwumu	𣓢
ocmuihni	𣓣
ocmuhvwu	𣓤
ocuvmcmu	𣓥
ochgsimu	𣓧
ocvjwfmu	𣓨
ocmuirtm	𣓩
ocwfsiye	𣓪
ocuvhemu	𣓮
ocwfwfmu	𣓰
ocmulier	𣓱
ocmuwfli	𣓲
ochohomu	𣓳
ocfgfgmu	𣓵
ocuibcdd	𣓷
ocmuquer	𣓹
ocmutobw	𣓽
ocmugk	𣓽
ocmulbjb	𣔁
ocmuuunv	𣔃
ocmujqui	𣔈
ocmusikz	𣔊
ocmuuijk	𣔎
ocmudagj	𣔏
ocmuriqr	𣔑
ocmuuzyt	𣔒
ocmuvxqi	𣔔
ocmuiziz	𣔖
octdmuxy	𣔗
ocgvdcmu	𣔘
ocmuxtwu	𣔛
ocmuxidc	𣔜
ocmutyvi	𣔝
ocmuccbu	𣔟
ocmuihgv	𣔦
ocmunvui	𣔧
ocmurfgv	𣔫
ocmuiacc	𣔬
ocmuuiqn	𣔮
ocmuzdyz	𣔱
ocmuzzjs	𣔲
ocmuglni	𣔳
ocdcbimu	𣔵
ocmuytuu	𣔷
ocmuhgkl	𣔸
ocmudcui	𣔹
ocifrfmu	𣔿
ocmulwuu	𣕀
ocmujrjb	𣕂
ocmuhukz	𣕄
ocmurfbc	𣕅
ocmuximb	𣕆
ocmuccqp	𣕈
ocmuycuv	𣕊
ocmuuiyt	𣕋
ocmuxyda	𣕍
ocwftmmu	𣕏
occcccmu	𣕐
oclbvetu	𣕑
ocmudzyz	𣕒
ocysyumu	𣕓
ocmujqgs	𣕕
ocmuqmlc	𣕗
ocmutdmu	𣕘
ocqmsiss	𣕙
ocmuwfrj	𣕛
ocmuuvtu	𣕝
ocxtkzmu	𣕠
ocxtgsmu	𣕡
ocmubfhx	𣕢
ocuigumu	𣕣
ocdakluu	𣕤
ocuigemu	𣕥
ocmubutm	𣕨
ocmuklnv	𣕩
ocuiuimu	𣕫
ocwhhemu	𣕰
ocmumumu	𣕱
ocmuklmi	𣕳
ocmutmfh	𣕶
ocbimudd	𣕷
ocmuccza	𣕸
ocmuuuzz	𣕹
ocufndmu	𣕼
ocuiiumu	𣕿
ocmubkpu	𣖀
ocmutdmb	𣖁
ocmudayh	𣖂
ocqmjqmu	𣖄
ocmuihxb	𣖅
ocmuxyzi	𣖆
ocwfjsmu	𣖇
ocwfklmu	𣖈
ocmuxtmu	𣖉
ocmudddc	𣖊
ocmuvivi	𣖌
ocmumcbc	𣖏
ocmubcfz	𣖑
ocmubcba	𣖒
ocmufgwf	𣖓
ocmunivi	𣖗
ocmuccui	𣖝
ocmuyikz	𣖞
ocmubckl	𣖣
ocmuguuz	𣖥
ocmuccci	𣖨
ocmuvxuv	𣖩
ocmuhumu	𣖪
ocuiuumu	𣖫
ocmuniqm	𣖬
ocmuhgtu	𣖭
ocmuvuxb	𣖯
ocmuvubi	𣖰
ocmuujqy	𣖱
ocmuhuwf	𣖳
ocvjvemu	𣖴
ocmuglxb	𣖸
ocmuruuz	𣖹
ocmuyzmb	𣖻
ocmuxyxi	𣖼
ocmuvzyz	𣖽
ocmugsys	𣖾
ocmuyibw	𣖿
ocmuviyz	𣗀
ocuimuui	𣗁
oclbhghg	𣗂
ocnmiald	𣗅
ocvzqrmu	𣗆
ocmuxiho	𣗇
ocmuhuxl	𣗉
ocmuccll	𣗊
ocmurfqi	𣗍
ocmuccqr	𣗎
ocmuiger	𣗐
ocmujitu	𣗕
oclbuiji	𣗗
oclbdaqm	𣗚
ocwhrfmu	𣗜
ochgbcuu	𣗞
ocmudaui	𣗟
ocmuqidm	𣗠
oclbihba	𣗡
oclbjitu	𣗢
oclbdcwf	𣗣
ocmuccfh	𣗦
ocmuricc	𣗨
ocmucclc	𣗩
ocmuvihg	𣗫
ocmusier	𣗭
ocmuvcho	𣗮
ocffgfmu	𣗰
ocqqgjmu	𣗲
ocmudzcy	𣗳
ocvjbimu	𣗴
ocmusiba	𣗶
ocbmdamu	𣗷
ocfubimu	𣗸
octdmugu	𣗺
octdmuui	𣗻
ocmufubi	𣗽
ocmucchd	𣘃
ocmuyjto	𣘄
ocmuhgwf	𣘅
ocmuccgf	𣘇
ocmuqrhj	𣘉
ocmuglys	𣘋
ocmuqlsi	𣘎
ocjqjqlb	𣘑
ocuiqnmu	𣘒
ocmubcda	𣘔
ocmubcvz	𣘕
ocmuxisi	𣘝
ocmujbyz	𣘞
ocmuvuke	𣘠
ocmuifyt	𣘣
ocyiuumu	𣘦
ocmuyike	𣘨
ocwwwfmu	𣘬
ocmuhujx	𣘭
ochggsmu	𣘯
ocmuxbhg	𣘰
ocmuzibf	𣘶
ocmuliho	𣘸
ocmurfkz	𣘺
ocqiwfmu	𣘼
ocmuucmm	𣘽
ocxthedd	𣘿
ocmuhudj	𣙁
ocjrsidd	𣙂
ocmuglho	𣙃
ocmumujb	𣙄
ocqigemu	𣙅
ocmujxuv	𣙉
ocmuccky	𣙊
ocmuujjb	𣙌
ocmuuumu	𣙏
ocmukzza	𣙐
ocmulbda	𣙑
ocycpjpm	𣙒
ocmuvuza	𣙖
ocmuccui	𣙘
ocmugsli	𣙚
ocmulbyt	𣙛
ocmubcvv	𣙜
ocmudzdz	𣙞
ocmusihv	𣙠
ocmuklyc	𣙡
ocmudmmk	𣙣
ocmuvupi	𣙨
ocmuqiui	𣙮
ocmuvuju	𣙱
ocuifzmu	𣙲
ocmuzumu	𣙳
oclbzu	𣙳
ocmuyzgu	𣙴
ocmuuvde	𣙵
ocmufuhg	𣙶
ocmuxbwf	𣙺
ocmuccqu	𣙻
octdxbmu	𣙼
ocmuihhe	𣙽
ocmuppqn	𣙾
ocmucijn	𣚀
ocmucibw	𣚁
ocmuvixb	𣚅
ocmutyty	𣚆
ocuibcmu	𣚇
ocmulwxn	𣚈
ocmuxtxn	𣚉
ocmuerer	𣚊
ocmuccye	𣚋
ocmudikz	𣚌
ocmulikz	𣚍
ocmulwsi	𣚎
ocwfmumu	𣚏
ocmuhgho	𣚐
ocmugskz	𣚑
ocmusiyt	𣚓
ocmujqho	𣚔
ocmuytqr	𣚕
ocmuccdm	𣚖
ocvzjrmu	𣚗
ocuvxmmu	𣚘
ocmupmge	𣚙
ocmuccxb	𣚜
ocmumayi	𣚝
ocmuqmyj	𣚞
ocmurfvi	𣚟
ocmuyebi	𣚠
ocmufwmu	𣚡
ocmuhgvi	𣚢
ocmutmgs	𣚣
ocriddyz	𣚤
ocmuccyu	𣚥
ochcihmu	𣚧
ocnmnmlb	𣚨
ocqigumu	𣚩
ocmuyivi	𣚪
ocmuuzyb	𣚮
ocuiuuuu	𣚯
ocbatdmu	𣚱
ocmuglyu	𣚲
ocmuwfvv	𣚳
ocmugubu	𣚷
ocmuigjs	𣚹
ocwwigmu	𣚺
ocmuklyj	𣚼
ocmucczs	𣛂
ocmuirhe	𣛇
ocmuvuui	𣛈
ocmurfuu	𣛉
ocffihmu	𣛊
ocmuirhe	𣛋
ocyclbpi	𣛍
ocmumwwa	𣛏
ocmuvexi	𣛐
ocmuvvho	𣛑
ocndyzmu	𣛒
ocmubuih	𣛓
ocmuvoge	𣛔
ocmuvukc	𣛖
ocmuvuge	𣛗
ocmuufui	𣛘
ocmujbuv	𣛞
ocmuwwqp	𣛢
ocmumfkd	𣛣
ocmuvuqr	𣛩
ocmulvho	𣛫
ocmuuvmb	𣛯
ocmuxtjq	𣛱
ocmuyuhu	𣛲
occcdcmu	𣛳
ocmuxipi	𣛵
ocmumuer	𣛺
ocmuhudz	𣛼
ocmuheya	𣛽
oclbyusi	𣛾
ocmuzzyt	𣜀
ocmucivv	𣜁
ocmutmjq	𣜂
ocmuqqho	𣜃
ocmhmufj	𣜄
ocmuyhyj	𣜆
ocmucibw	𣜇
ocrfullb	𣜈
ocmuqivi	𣜉
ocmuccxt	𣜎
ocmubcrj	𣜏
ocmuytyz	𣜐
ocmuziho	𣜑
ocmuqmqu	𣜒
oclbmcjb	𣜓
ocmuybyu	𣜔
ocmuroxq	𣜗
ocmujyyh	𣜘
ocmuiyxb	𣜚
ocmumfyu	𣜝
ocxilbmk	𣜞
ocmuuiis	𣜡
ocmuvuua	𣜤
ocmuykxy	𣜧
octdmujr	𣜨
ocndyzmi	𣜩
ocmuuilq	𣜪
ocmuuvuc	𣜮
ocmuccfg	𣜳
oclbuiba	𣜺
ocmuvubw	𣝁
ocmuyygv	𣝂
ocmuhgya	𣝄
ocmumumu	𣝇
ocmuccjm	𣝈
ocmummmm	𣝊
ocmuzzuv	𣝋
ocmuccvr	𣝍
ocmuvuyj	𣝎
ochhjqmu	𣝐
ocmuuimu	𣝔
ocdcrfmo	𣝖
ocmuytgu	𣝗
ocmuccvi	𣝘
ocmuujhw	𣝙
ocerwamu	𣝚
ocmuhuye	𣝛
octdmubm	𣝜
ockeuuuu	𣝝
ocmuyemw	𣝢
ocmusicy	𣝣
ocmuujjb	𣝤
oclbmcdm	𣝥
ocuvnnmu	𣝨
ocmugcmu	𣝩
oclbbccy	𣝪
ocmuuuuu	𣝬
ocmufzyu	𣝰
ocmuccwu	𣝱
ocmuvubi	𣝳
ocycdauu	𣝴
ocmuccxi	𣝸
ocmusiyh	𣝻
ocmuzikl	𣝼
ocmuklgj	𣝽
ocmuldsi	𣝿
ocmummqp	𣞀
ocmuvuvz	𣞂
occcmulb	𣞆
ocyjmuyj	𣞇
ochgklmu	𣞈
ochgfzhe	𣞉
ocmuldhv	𣞋
ocmubdfh	𣞌
ocujuimu	𣞏
ocmuccwa	𣞑
ocmucclu	𣞓
ocmunmqm	𣞔
ocmuccwj	𣞕
oclbklyj	𣞖
ocmuklqm	𣞘
ocmurfgs	𣞚
ocmuppwf	𣞛
ocmuiyui	𣞜
ocmuisxb	𣞝
ocmuyeyh	𣞞
octdmuvf	𣞟
ocmuvzwf	𣞡
ocrfwhlb	𣞣
ocdanmlb	𣞤
ocmuwwyr	𣞥
ocmucctm	𣞦
ocmuyeuv	𣞧
ocmuvumu	𣞫
ocmuvuvi	𣞬
ocmudcwf	𣞭
ocmuvuvi	𣞮
ocmuvujq	𣞯
ocmuldhv	𣞱
ocmusiyr	𣞲
ocmufuie	𣞶
ocmuccxb	𣞷
ocmutuhv	𣞸
ocmujuie	𣞹
ocmusing	𣞻
ocmuyhll	𣞼
ocmucclz	𣞾
ocmufzsi	𣞿
ocmuccfg	𣟀
ocmuccdd	𣟃
ocmuhgmu	𣟄
ocmuwhnv	𣟅
ocmuyumb	𣟇
oclbihuj	𣟈
ocmuyima	𣟊
ocmubcyi	𣟋
ocmuuili	𣟌
ocmuuimi	𣟍
ocmuyimu	𣟎
ochgkzmu	𣟏
ocmuwfvd	𣟐
ocsfnmnm	𣟒
ocmuuiye	𣟓
ocmuvuvr	𣟔
ocmuyjmu	𣟕
ocmuhucc	𣟗
ocuibcmu	𣟘
ocmuzzxy	𣟙
oclbglcy	𣟜
ocmuccwo	𣟝
ocmuccri	𣟞
ocmumomu	𣟟
ocmuxmxi	𣟠
ocmuvufw	𣟢
ocmuvufg	𣟣
ocmulihr	𣟥
ochxwfmu	𣟦
ocmuyubw	𣟨
ocmulwru	𣟪
ocmuccyt	𣟫
ocmumfds	𣟬
ocmcmuwf	𣟮
ociebamu	𣟰
ocmuyufg	𣟱
ocmuhuyi	𣟴
ocmudzge	𣟵
ocmucswf	𣟷
ocmulumi	𣟸
ocmuvucj	𣟹
ocmuwfhr	𣟻
octdmujn	𣟼
octdmulc	𣟽
ochgrimu	𣠀
ocmuqmyj	𣠃
ocmuyupb	𣠄
ocmuccmb	𣠅
ocuuuuuu	𣠆
ocmuccjm	𣠇
ocycbcui	𣠈
ocmuvunm	𣠊
ocsibdmu	𣠋
ocmuyuuu	𣠌
ocmuujxy	𣠍
octdmuyc	𣠎
octdmuzv	𣠏
ocmuwfuu	𣠐
ocbcfjvu	𣠒
ocmuvupn	𣠓
ochgklmu	𣠔
ocmuvuui	𣠘
ocmuxbho	𣠙
ocmuyulq	𣠚
ocmuvdho	𣠜
ocmuccer	𣠝
ocmujige	𣠟
ocmutmtu	𣠠
ocmuyjxi	𣠡
ocmubcxb	𣠣
ocmurfjm	𣠤
ocmubcbw	𣠦
ocmuycuz	𣠧
ocmurigj	𣠨
ocmutsho	𣠪
ocycbcer	𣠫
ocmuuvuv	𣠬
ocmuyzyz	𣠭
ocdawhlb	𣠮
ocmuglyi	𣠯
ocmuvuri	𣠱
ocmuuvwf	𣠴
ocxibccy	𣠵
ocvuvejm	𣠶
ocmuhgmu	𣠻
ocmumfvf	𣠼
ocmuxiyt	𣠽
ocifrfmu	𣠿
ocmuccvi	𣡀
ocmuiiwf	𣡁
ocmuuiyi	𣡃
ocmuycuz	𣡄
ocmurfyh	𣡅
ocyclbww	𣡇
octsbcgo	𣡈
ocmugser	𣡋
ocmubiqb	𣡎
ochgklmu	𣡏
ocmuxtjs	𣡐
ocmuxiji	𣡑
ocmuvugv	𣡔
oclblblb	𣡕
ochguimu	𣡖
ocgogogo	𣡗
ocmudsri	𣡘
ocmukljq	𣡛
ocycbcjk	𣡜
ocmumfvj	𣡞
ocmutmhg	𣡟
ocmumumj	𣡠
ocfzbccy	𣡡
ocmuluuu	𣡣
ocmurixl	𣡤
ocwftslb	𣡥
ochgklmu	𣡦
ocmutmfz	𣡧
ocujsier	𣡨
ochgkzmu	𣡪
ocmuklcy	𣡫
ocmuhuyi	𣡬
ocmutmqp	𣡭
ocuzxicy	𣡮
ocrfgogo	𣡰
ocxibccy	𣡱
ocledoji	𣡳
ocmubchs	𣡴
ocxivjmu	𣡷
ocfzsicy	𣡸
octmmutm	𣡺
ocmuvvvv	𣡻
ocvjvjmu	𣡼
oclblblb	𣡽
ocgogogo	𣡾
ocmutsho	𣡿
occchgqm	𣢑
ochuyiqm	𣢛
ocliliqm	𣢩
occctuqm	𣢫
ocihjbqm	𣢬
ocihuvqm	𣢭
ocuhxnqm	𣢰
ockzirqm	𣢱
ocbajbqm	𣢲
ocnqliqm	𣢳
ocrfkdqm	𣢴
ochusiqm	𣢵
ocbitmqm	𣢸
ocuhuvqm	𣢻
ocbdbiqm	𣢼
ocbiuiqm	𣢾
ochgkzqm	𣣂
ocihiuqm	𣣃
ocbiheqm	𣣅
ocuhfuqm	𣣇
occikzqm	𣣊
ocbituqm	𣣑
ocjbriqm	𣣒
ocqmqmqm	𣣓
ocbakzqm	𣣔
ochurfqm	𣣕
ocujuiqm	𣣗
ocuimuqm	𣣙
ocqmqmho	𣣛
ocsiliqm	𣣜
ocdcuiqm	𣣡
ocuigsqm	𣣣
ocmbriqm	𣣤
octdmbqm	𣣥
ockzirqm	𣣦
ocvjrfqm	𣣧
ocqmklqm	𣣨
ocdariqm	𣣩
ocjbbdqm	𣣪
ocerbwqm	𣣬
ocihieqm	𣣭
ocqmklqm	𣣮
ocbciuqm	𣣯
occiddji	𣣰
oclikeqm	𣣱
ocliytqm	𣣲
ocsibaqm	𣣴
ocvjveqm	𣣸
ocsiklqm	𣣻
ocrfhgqm	𣣽
ocihyaqm	𣣾
ocuitdqm	𣣿
ocsjerqm	𣤀
ochvmuqm	𣤂
ocbiqmnd	𣤃
ocvokzqm	𣤌
ocxiyjqm	𣤍
ocvixnqm	𣤎
ocrfvzqm	𣤏
ocjqkeqm	𣤑
ocjqjuqm	𣤒
ocihyuqm	𣤔
oculyzqm	𣤕
ocieuuqm	𣤖
ocrfybqm	𣤗
ocvomuqm	𣤜
ocuuriqm	𣤝
ocribkqm	𣤞
ocuidmqm	𣤟
ocieuuqm	𣤢
ocxiybqm	𣤣
oclibwqm	𣤥
ocvjyuqm	𣤦
ocuumuqm	𣤧
ocyujbqm	𣤪
ocgsgeqm	𣤬
ocxmsiqm	𣤭
ocdctuqm	𣤱
ocvibiqm	𣤳
ochugeqm	𣤴
octummqm	𣤶
ocuimuqm	𣤷
ocmijnqm	𣤹
ocuimuqm	𣤺
ocklviqm	𣤻
ocuiyaqm	𣤼
ocyikzqm	𣤽
occcviqm	𣤾
ocnmnnqm	𣥁
ocuupppp	𣥂
ocppppvi	𣥆
ocppvihg	𣥋
ocvikluu	𣥑
ochgkzvi	𣥔
ocklrfvi	𣥙
ocvikzkz	𣥧
ocvieruc	𣥩
ocvijijb	𣥪
ocviuukl	𣥫
ocvidcsi	𣥬
ocvigjgj	𣥭
ocvirfpu	𣥰
ocujuivi	𣥲
ocvikzdc	𣥴
ocviriuc	𣥶
ocviwfvs	𣥷
ocviyzmu	𣥸
ocvikzkl	𣥼
ocvihguc	𣥿
ocvivics	𣦁
ochgtmvi	𣦂
ocvivzdc	𣦃
ocvibaye	𣦄
ocihvili	𣦆
ocvicscs	𣦊
ocvierkl	𣦋
ocwusahg	𣦏
ociewfvi	𣦔
ocviuhvi	𣦕
ocviklcs	𣦗
ocvituvi	𣦙
ocbuviuu	𣦚
ochgvipu	𣦞
ocujvivi	𣦣
ocdvvild	𣦨
ocvivupi	𣦩
ocifvovi	𣦪
ocviuiiu	𣦬
ocihhevi	𣦯
ocyjsivi	𣦱
ocvijili	𣦲
ocvivili	𣦳
ocycycvi	𣦴
ocuuklhg	𣦵
ochgveve	𣦶
ocuuhgyz	𣦻
ocddveve	𣦾
ocdddmer	𣧇
ocddhguu	𣧒
ocddlnln	𣧓
ocddxnna	𣧖
ocddrfxn	𣧠
ocddfupp	𣧨
ocddklcc	𣧱
ocddvxyz	𣧶
ocddkljk	𣧺
ocddiruj	𣧽
ocddufdm	𣨃
ocddvxcy	𣨅
ocddbder	𣨆
ocddqikl	𣨇
ocdduzpm	𣨊
ocddsiyz	𣨏
ocuibcsi	𣨑
ocddrfqp	𣨖
ocddccyc	𣨘
ocddwfmu	𣨚
ocuuhgge	𣨦
ocddhvyz	𣨨
ocddvxrf	𣨮
ocddgser	𣨳
ocdddddc	𣨸
ocwfkzsi	𣨻
ocuibcqm	𣩉
ocdduiva	𣩋
ocdduhuz	𣩌
ocddyuvf	𣩍
ocvxrjsi	𣩖
ocddervj	𣩚
ocddccmu	𣩣
ocddcibw	𣩬
ocddriho	𣩯
ocddcche	𣩱
ocddnmtu	𣩲
ocddjiri	𣩳
ocddbcba	𣩵
ocdddgjq	𣩶
ocddccyu	𣩷
ocddyisi	𣩹
octsbcsi	𣩺
ocddyisi	𣩻
occchesi	𣩾
ocklppuu	𣪃
ockzuiuu	𣪉
ocuihguu	𣪊
ocuijiuu	𣪍
ocuiytuu	𣪎
ocxtytuu	𣪏
ocjikluu	𣪐
ocbiuiuu	𣪑
ocuiqnuu	𣪒
ochukvuu	𣪔
ocbdsiuu	𣪕
ocuidjuu	𣪗
ocbdbiuu	𣪘
ocuihguu	𣪛
ocuituuu	𣪝
ocbdccuu	𣪞
ociekluu	𣪠
ocxtuiuu	𣪣
ocuguuli	𣪤
ocuiuukz	𣪥
ocbdfhuu	𣪧
ocuitmuu	𣪨
ocycmuuu	𣪩
ocbkkzuu	𣪪
ocuibauu	𣪫
ocuinquu	𣪬
ocfgmuuu	𣪭
ocyegjuu	𣪲
ocuiqmuu	𣪳
ocvenauu	𣪴
ocjqrfuu	𣪷
ocuiueuu	𣪸
ocuiiuuu	𣪹
ocuisiuu	𣪺
ocyefuuu	𣪻
ocuhyauu	𣪼
ocgskzuu	𣪾
ocuigcuu	𣫀
ocuiieuu	𣫂
ocuifuuu	𣫃
oclbytuu	𣫄
ocuijnuu	𣫅
ocuguuvg	𣫆
ocuiuiuu	𣫇
ocuiyzuu	𣫈
ocuguugu	𣫊
ocuucduu	𣫋
ocuifuuu	𣫌
ocuiuuuu	𣫎
ocjqyjuu	𣫏
ocuguujk	𣫒
ocuilbuu	𣫓
ocuiuiuu	𣫔
ocxbuiuu	𣫖
ocuimiuu	𣫗
ocuguulr	𣫘
ocugrimu	𣫙
ocliuiuu	𣫚
ocwfuiuu	𣫛
ocuguuvo	𣫜
ocuguuks	𣫝
ocyejquu	𣫞
ocgsyuuu	𣫟
ocuinnuu	𣫠
ocvhjluu	𣫡
ocuggsis	𣫣
ocuguudg	𣫤
ocyiuukh	𣫥
ocieuuiu	𣫦
ocugrfmb	𣫨
ocyemuuu	𣫩
ocyijbjb	𣫫
ocvevecc	𣫬
ocgrklcc	𣫳
ocklvsnv	𣫻
ocheigwu	𣫽
ocmiigmu	𣫿
ocldigmu	𣬀
ocbiklve	𣬃
ocbikldc	𣬇
ocdcsibi	𣬋
ocppbcbi	𣬌
ocdcbigk	𣬎
ocbwsibi	𣬏
ocdcbiui	𣬐
ocdcbili	𣬒
ocbicscc	𣬓
ocdcbili	𣬔
ocdcbiwu	𣬕
ocppbipi	𣬖
ocbibicc	𣬗
ocbibicc	𣬘
ocpzbijk	𣬙
ocdcbitu	𣬚
ocpphgqi	𣬛
ocklermc	𣬭
ocmcjkhg	𣭌
ocmckzyz	𣭗
ocppklmc	𣭣
ocwfujmc	𣭫
ocmcwfxn	𣭬
ocfgdcmc	𣭭
ocycgjmc	𣭹
ochuyimc	𣭺
ochebcmc	𣮋
ocmcjm	𣮏
ocmcbcmu	𣮓
ocbcmimc	𣮕
ocyawfmc	𣮖
ocmcuzuu	𣮚
ocfgfgmc	𣮝
ocgsytmc	𣮠
ocbcmumc	𣮥
ocmczdyz	𣮬
ocxtyzmc	𣮯
ocmumumc	𣮰
ocmczoyt	𣮲
ocjblcmc	𣮳
oczdyzmc	𣮸
ocmcujsi	𣮽
ocuimimc	𣮾
ocmcklnv	𣯄
ocihyjmc	𣯅
occchemc	𣯈
ocsibamc	𣯉
ocmcirzi	𣯐
oclilimc	𣯓
ocqqvimc	𣯕
ocmcihxi	𣯗
ocmccche	𣯚
ocyawfmc	𣯛
oczimcmc	𣯝
oclilimc	𣯞
ocbamcmc	𣯠
oclidmmc	𣯡
ocmcccll	𣯣
ocmcluwj	𣯭
ocyuqmmc	𣯰
ocmcminv	𣯲
ocwwpumc	𣯷
oclwxnmc	𣯺
ocmcheyu	𣯾
ocmccczs	𣰁
ocmcerer	𣰃
ocerermc	𣰄
ocheyumc	𣰅
ocmcmcjs	𣰇
ocdamumc	𣰋
ocmuyjmc	𣰍
ocmcrfih	𣰎
ocmcjiwf	𣰓
ocmcmmmc	𣰔
ocvuccmc	𣰖
ocvfujmc	𣰘
occchemc	𣰛
ocmcfgji	𣰜
ocuinvmc	𣰝
oclzwfmc	𣰟
ocfumumc	𣰠
ocjsjsmc	𣰡
ochvhvmc	𣰣
ocmuxlmc	𣰧
ocirvemc	𣰫
oclwmc	𣰭
ocvjmimc	𣰮
ocdabdmc	𣰰
ockltmbd	𣰱
ocmcjsmc	𣰲
ocmcvudm	𣰳
ocvudmmc	𣰴
ocmccsjq	𣰷
octmbcmc	𣰸
ocmcluia	𣰹
ocyipimc	𣰺
occcvvmc	𣰻
ocmcjkqp	𣱁
ocmctmqp	𣱃
ocdidayc	𣱋
ocsijqui	𣱍
ocdipper	𣱎
ocmcwuui	𣱏
ocdixitu	𣱐
ocdibatu	𣱑
ocdijitu	𣱒
ocycbcdi	𣱓
ocbiihui	𣱔
ocqihgli	𣱗
ocqiklia	𣱜
ocqimikl	𣱥
ocqimiri	𣱩
ocqimitm	𣱫
ocqiwfhe	𣱭
ocqicsjq	𣱰
ocuuppna	𣱱
ocuvuuyi	𣲁
ocuvppqi	𣲃
ocuvverf	𣲄
ocuuveuv	𣲊
ocuvveui	𣲌
ocuvklna	𣲐
ocuvhgyc	𣲑
ocuvrfli	𣲒
ocuvdahg	𣲔
ocuvkler	𣲕
ocppqmuv	𣲛
ocrfrfuv	𣲝
ocuvxnna	𣲡
ocuvbcia	𣲢
ocuvkljq	𣲶
ocuvklyz	𣲷
ocuvujnd	𣲸
ocuvvevi	𣲺
ocuvuiji	𣲻
ocuvbcjq	𣲼
ocuvbcji	𣲽
ocuvppyz	𣲿
ocuvkzui	𣳀
ocuvrfwh	𣳁
ocuvqiui	𣳃
ocuvkzhg	𣳄
ocuvrfxn	𣳅
ocuvbitu	𣳊
ocuvwfer	𣳌
ocuvwfve	𣳍
ocuveryz	𣳏
ocuvklnv	𣳐
ocuvujyz	𣳒
ocuvsahg	𣳘
ocuvihgj	𣳙
ocuvkzyz	𣳚
ocuvppuv	𣳛
ocuvglui	𣳝
ocuvrshg	𣳞
ocuvuijq	𣳣
ocuvkztu	𣳤
ocuvglto	𣳥
ocuvkzir	𣳧
ocuvklfg	𣳫
ocuvvxyz	𣳭
ocuvycyc	𣳯
ocuvmuui	𣳰
ocuvfgdc	𣳱
ocfgdc	𣳱
ocuvqmvi	𣳴
ocuvbuui	𣳶
ocuvxser	𣳸
ocuvdayu	𣳹
ocuviruj	𣳺
ocuvjijb	𣳽
ocuvdcdc	𣴀
ocuvppcc	𣴁
ocuvkluu	𣴂
ocuvbcji	𣴄
ocuvuiuu	𣴅
ocuvuidc	𣴈
ocuvriyz	𣴉
ocuvihve	𣴋
ocuvycda	𣴌
ocuvhgyy	𣴑
ocuvglgj	𣴔
ocuvhoer	𣴕
ocuvirxi	𣴖
ocuvwfjb	𣴗
ocuvuvda	𣴘
ocuvlili	𣴚
ocuvfftu	𣴞
ocuvbder	𣴟
ocuvuikz	𣴠
ocuvbdbi	𣴡
ocuvbdui	𣴢
ocuvgeyc	𣴤
ocuvbchs	𣴦
ocuvtutu	𣴧
ocuvhgzi	𣴨
ocuvbcmm	𣴩
ocuvjxhg	𣴪
ocuvklyz	𣴫
ocuvsiyz	𣴬
ocuvccve	𣴭
ocuvfgge	𣴮
ocuvvijb	𣴯
ocuvdanq	𣴰
ocuvccuu	𣴱
ocuvklhg	𣴵
ocuvuuba	𣴸
ocuvxrer	𣴹
ocuvkluv	𣴺
ocuvuivi	𣴻
ocuvbdba	𣴼
ocuvujho	𣴽
ocuvrfye	𣴾
ocuvglnq	𣴿
ocuvrigs	𣵀
ocuvjbuv	𣵂
ocuvqmdc	𣵃
ocuvwhxn	𣵅
ocuvxtji	𣵆
ocuvbcgd	𣵈
ocuvwfda	𣵉
ocuvlnkl	𣵊
ocuverys	𣵋
ocuvxtuv	𣵌
ocuvhgxt	𣵍
ocuvyurf	𣵏
ocuvwjwf	𣵑
ocuvtuxi	𣵒
ocuvuutm	𣵔
ocuvuupi	𣵕
ocuvrida	𣵖
ocuvkzyc	𣵗
ocuvujyr	𣵘
ocuvujjb	𣵙
ocuvycxn	𣵚
ocuvycuj	𣵜
ocuvdauv	𣵟
ocuvkzer	𣵢
ocuvdcjq	𣵥
ocuvhghg	𣵨
ocuvdaho	𣵩
ocuvbcda	𣵫
ocuvjikl	𣵬
ocuvcctu	𣵭
ocuvuzwh	𣵱
ocuvvuji	𣵸
ocuvjutu	𣵹
ocuverye	𣵺
ocuvccyc	𣵽
ocuveryt	𣶀
ocuvhgdc	𣶄
ocuvuili	𣶅
ocuvuiwf	𣶌
ocuvujbd	𣶎
ocuvdamc	𣶐
ocuvwfer	𣶑
ocuvvjia	𣶓
ocuvgeuu	𣶔
ocuvkltu	𣶕
ocuvhgwh	𣶖
ocuvjbuv	𣶗
ocuvjido	𣶘
ocuvuvqm	𣶙
ocrfkzuv	𣶚
ocuvuvqm	𣶛
ocuvrfir	𣶜
ocuvtuqp	𣶝
ocuvkzrj	𣶞
ocuvujwh	𣶟
ocuvqixn	𣶠
ocuvkldd	𣶡
ocuvfhfh	𣶢
ocuvhgsi	𣶣
ocuvyhkz	𣶤
ocuvtuui	𣶥
ocuvklui	𣶦
ocuvxswf	𣶧
ocuvuiis	𣶨
ocuvihni	𣶮
ocuvmuuc	𣶲
ocuvwfyu	𣶳
ocuvvizz	𣶵
ocuvhoho	𣶷
ocuvxkbk	𣶹
ocuvviyz	𣶻
ocuvbixn	𣶾
ocuvxtir	𣷁
ocuvgrli	𣷃
ocuvbckz	𣷅
ocuvxttu	𣷆
ocuvhoho	𣷇
ocuvyuyt	𣷈
ocuvdddz	𣷊
ocuvveis	𣷋
ocuvuimu	𣷍
ocuvccyt	𣷎
ocuvccjb	𣷏
ocuvrizz	𣷐
ocuvuunv	𣷑
ocuvveqr	𣷒
ocuvsiyz	𣷕
ocyirfuv	𣷖
ocuvmuuv	𣷘
ochuwfuv	𣷙
ocyzxiuv	𣷛
ocuvuvwf	𣷜
ocuvhvwu	𣷝
ocuvnmmu	𣷞
ocuvdagj	𣷟
ocuvkzyt	𣷢
ocuvklri	𣷤
ocuvuzyt	𣷥
ocuvrfmi	𣷦
ocuvdmfz	𣷧
ocuvqmdc	𣷨
ocuvhoyt	𣷩
ocuvujvu	𣷪
ocuvqmdc	𣷬
ocuvuicc	𣷮
ocuvhguu	𣷵
ocuvvjyc	𣷶
ocuvycuv	𣷹
ocuvyuyz	𣷺
ocuvhghg	𣷻
ocuvhgsi	𣷼
ocuvzoyt	𣷿
ocuvwuis	𣸀
ocuvyuuj	𣸁
ocuvuiba	𣸂
ocuvccuu	𣸃
ocuviuri	𣸄
ocuvccci	𣸆
ocuvzdyz	𣸈
ocuvtuyh	𣸉
ocuvjbyy	𣸊
ocuvtmqr	𣸋
ocuvucke	𣸌
ocuvdguu	𣸍
ocuvccyz	𣸎
ocuvnuuz	𣸏
ocuvuiuv	𣸐
ocuvmumu	𣸑
ocuvihxb	𣸒
ocuvlwqm	𣸓
ocuvhuui	𣸔
ocuvycgj	𣸖
ocwwwfuv	𣸗
ocuvtavi	𣸘
ocuvkzjk	𣸙
ocuvgsyu	𣸝
ocpkuvuv	𣸞
ocuvdddc	𣸟
ocuvyclp	𣸠
ocuvtumi	𣸡
ocuvsifh	𣸤
ocuvbcnv	𣸦
ocuvbcba	𣸧
ocuvlkyy	𣸮
ocuvmuzi	𣸯
ocuvihve	𣸰
ocuvtdyi	𣸳
ocuvmujq	𣸴
ocuvdauv	𣸷
ocuvtmuv	𣸸
ocuvuimu	𣸺
ocuvihdm	𣸼
ocuvccbf	𣸽
ocuvccxs	𣸿
ocuvccyt	𣹀
ocuvmcmb	𣹃
ocuvvxys	𣹄
ocuvtdmb	𣹆
ocuvribd	𣹈
ocuvuvmb	𣹉
ocuvvzuj	𣹊
ocuvhohe	𣹌
ocuvgskz	𣹍
ocuvgsba	𣹎
ocuvzima	𣹏
ocuvklnv	𣹐
ocuvwutm	𣹒
ocuvzzjs	𣹔
ocuvddqp	𣹖
ocuvxlcc	𣹚
ocuverxn	𣹝
ocuvsikl	𣹢
ocuvdcvi	𣹣
ocuvruuz	𣹤
ocuvbcyz	𣹦
ocuvccdc	𣹨
ocuvliyt	𣹩
ocuvfhmc	𣹪
ocuiuvuu	𣹬
ocuvxbbi	𣹮
ocuvxyxi	𣹯
ocuvvzyz	𣹰
ocuvheqm	𣹱
ocuvuixb	𣹲
ocuvlquv	𣹳
ocuvugmu	𣹴
ocuvujve	𣹵
ocuvzowf	𣹶
ocuvfujb	𣹷
ocuvytjr	𣹸
ocwumphg	𣹹
ocuvkzuv	𣹺
ocerkler	𣹼
ocuvkzwh	𣹽
ocuvwfui	𣹾
ocuvwffh	𣹿
ocuvklxi	𣺀
ocuvxuyt	𣺁
ocuvlwyt	𣺃
ocuvlili	𣺄
ocuvjqwu	𣺅
ocuvdccc	𣺆
ocuvwwgj	𣺇
ocuvdgui	𣺍
ocuvvzyz	𣺎
ocuvccjb	𣺏
ocuvbcuj	𣺑
ocuvwfyi	𣺒
ocuvwfyi	𣺓
ocuvdadz	𣺔
ocuvxiho	𣺗
ocuvuifu	𣺘
ocuvgskl	𣺙
ocuvdaif	𣺚
ocuvccjl	𣺛
ocuvccig	𣺜
ocuvriyc	𣺝
ocuvucyu	𣺟
ocuvgker	𣺡
ocuvrftn	𣺢
ocuvhzyi	𣺣
ocuvirdc	𣺤
ocuvvxuj	𣺧
ocuvwfqm	𣺨
ocuvwubk	𣺭
ocuvriya	𣺯
ocuvmiuu	𣺲
ocuvuvdc	𣺳
ocuvlwer	𣺴
ocuvtrdm	𣺵
ocyawfuv	𣺶
ocuvxsyt	𣺷
ocuvuijb	𣻉
ocyarfuv	𣻊
ocuvvjyz	𣻋
ocuvyhuv	𣻌
ocuvdcho	𣻍
ocuvbcwf	𣻎
ocuvhuqp	𣻐
ocuvfhlk	𣻒
ocuvximp	𣻔
ocuvucmm	𣻖
ocuvrfpb	𣻙
ocuvxisi	𣻝
ocuvtmsi	𣻞
ocuvwuif	𣻟
ocuvbuuv	𣻣
ocuvlqmu	𣻤
ocuvjqri	𣻥
ocuvjbyz	𣻦
ocuvwwuv	𣻨
ocuvvier	𣻩
ocuvdgmi	𣻬
ocuvdcmb	𣻭
ocuvvshv	𣻲
ocuvmayi	𣻴
ocuvpbqn	𣻵
ocuvvjtu	𣻶
ocuvgluj	𣼀
ocuvbcmu	𣼂
ocuvjrhe	𣼃
ocuvglgs	𣼄
ocuvwfmu	𣼅
ocuvwfmu	𣼆
ocuvuihj	𣼇
ocuvwudc	𣼉
ocuvheqm	𣼋
ocuvfgyt	𣼌
ocuvcchj	𣼏
ocuvccdd	𣼑
ocuvccxi	𣼒
ocuvxnxn	𣼓
ocuvhecc	𣼕
ocuvmk	𣼗
ocuvbclq	𣼗
ocugjiuv	𣼘
ocbdxiuv	𣼙
ocuvdj	𣼚
ocuverrj	𣼚
ocuvnmjb	𣼛
ocuvdave	𣼜
ocuvrfmu	𣼝
ocuvrfpb	𣼞
ocuvgluv	𣼟
ocuvwfji	𣼠
ocuvbcvz	𣼡
ocuvyulk	𣼢
ocuvuill	𣼣
ocuvgvui	𣼤
ocuvrier	𣼦
ocuvjucc	𣼨
ocbauvxm	𣼪
ocuvrive	𣼬
ocuvnsxb	𣼰
ocuvxbwf	𣼺
ocuvyuyu	𣼻
ocwfuvmw	𣼿
ocuvbdjp	𣽀
ocuvsiui	𣽁
ocuvdapj	𣽂
ocuvdckz	𣽃
ocuvihuj	𣽄
ocuvccqu	𣽇
ocuverer	𣽈
ocuvhgho	𣽉
ocuvuugu	𣽊
ocuvjqqm	𣽌
ocuvzirf	𣽍
ocuvziui	𣽎
ocuvhggj	𣽐
ocuvzzbf	𣽑
ocuvuibw	𣽒
ocuvyuxn	𣽓
ocuvgstu	𣽔
ocuvlbsi	𣽕
ocuvpmge	𣽖
ocuvwfjp	𣽘
ocuvkyho	𣽙
ocuvybge	𣽚
ocuvufui	𣽜
ocuvrijq	𣽞
ocuvbipu	𣽠
ocuvlikz	𣽢
ocuvxkgs	𣽣
ocuvgjye	𣽥
ocuvxmnv	𣽦
ocvzjruv	𣽨
ocuvfhlq	𣽩
ocuvirmw	𣽪
ocuvccxb	𣽫
ocuvjsmb	𣽭
ocuvufrj	𣽯
ocuvvzue	𣽰
ocuvwfyt	𣽱
ocuvjmji	𣽳
ocuvujbf	𣽵
ocuvwwiu	𣽶
ocuvbcrj	𣽹
ocuvpbkv	𣽺
ocuverww	𣽻
ocuvlbyt	𣽽
ocuvlijm	𣽾
ocuvklvv	𣾀
ocuverjp	𣾂
ocuvxmwu	𣾃
ocuvzics	𣾄
ocuvvidc	𣾅
ocuvglro	𣾆
ocuvbcmb	𣾈
ocuvbcmw	𣾉
ocuvxtyr	𣾊
ocuvxtif	𣾋
ocuvwfyh	𣾌
ocuvjiho	𣾎
ocuvnmjb	𣾑
ocuvwuwu	𣾒
ocuvlbuv	𣾕
ocuvsuli	𣾗
ocuvccbf	𣾘
ocuvuvyu	𣾙
ocuvqiji	𣾚
ocuvccji	𣾛
ocuvfwri	𣾝
ocuvsiui	𣾞
ocuvccgu	𣾟
ocuvhuyu	𣾡
ocuhuvye	𣾢
ocuvdavi	𣾣
ocuvjiho	𣾤
ocuvvidc	𣾥
ocuvyzzi	𣾧
ocuvrfmu	𣾨
ocuvglmi	𣾩
ocuvdikz	𣾪
ocuvmfyr	𣾬
ocuvgskz	𣾭
ocuvuiuu	𣾮
ocuvlwtu	𣾯
ocuvjxuv	𣾰
ocuvyutd	𣾱
ocuvyugs	𣾲
ocuvyuhx	𣾳
ocuvyefu	𣾴
ocuvmfkd	𣾺
ocpurfuv	𣿀
ocuvbiqm	𣿁
ocuveryu	𣿃
ocuvhenm	𣿇
ocuvxtzu	𣿈
ocuvjmwf	𣿊
ocuvyuhu	𣿋
ocuvlumb	𣿍
ocuvccxm	𣿎
ocuvlbkz	𣿏
ocuvgsyi	𣿑
ocuvzixb	𣿒
ocuvdavi	𣿔
ocuvglho	𣿕
ocuvfhwf	𣿗
ocuvcibw	𣿙
ocuvvjmu	𣿚
ocuverkz	𣿛
ocuvhoxb	𣿜
ocuvbcyz	𣿟
ocuvrfhv	𣿠
ocuvyuyz	𣿡
ocuvgsie	𣿢
ocuvgvmb	𣿣
ocuvvjjq	𣿤
ocuvmcri	𣿥
ocuvmcmu	𣿧
ocuvjnyh	𣿨
ocuvccvi	𣿯
ocuvuumu	𣿰
ocuvwfho	𣿱
ocuvuiiu	𣿲
ocuvdajs	𣿳
ocuvccyh	𣿴
ocuvxtbn	𣿵
ocuvbcho	𣿶
ocuvwutu	𣿷
ocuvccxn	𣿻
ocuvuumu	𣿼
ocuvrfji	𣿾
ocuvjbvx	𣿿
ocqruvuv	𤀁
ocuvhuyj	𤀃
ocuvkzkz	𤀅
ocuvujli	𤀆
ocuvppda	𤀈
ocuvhegj	𤀉
ocuvvigf	𤀊
ocuvbcyu	𤀋
ocuvyuvf	𤀍
ocuvsigj	𤀎
ocuvbcrj	𤀑
ocuvccfg	𤀘
ocuvccua	𤀚
ocuvsuer	𤀝
ocuvzitu	𤀟
ocuvyhqu	𤀡
ocuvciui	𤀦
ocuvmmmm	𤀧
ocuvxtyu	𤀨
ocifrfuv	𤀩
ocuvpiye	𤀪
ocuvxbxb	𤀫
ocuvmida	𤀬
ocuvkzbw	𤀭
ocuvwflb	𤀮
ocuvyucy	𤀯
ocuvrigc	𤀰
ocuvdavi	𤀱
ocxbuvxb	𤀲
ocuvnnui	𤀴
ocuvmfxk	𤀵
ocuvhuvv	𤀶
ocuvdayu	𤀸
ocuvuumu	𤀹
ocuvccmu	𤀻
ocuvyegj	𤀾
ocuvbcul	𤀿
ocuvlnnq	𤁁
ocuvlitu	𤁄
ocuvsiai	𤁆
ocuvvujb	𤁈
ocuvnmtu	𤁉
ocuvccba	𤁊
ocuvbmcc	𤁌
ocuvuivi	𤁍
ocuvxiui	𤁎
ocuvlwxi	𤁏
ocuvujig	𤁑
ocuvdmvs	𤁘
ocpauvxm	𤁙
ocuvrfwf	𤁚
ocuvwfnq	𤁜
ocuvuikz	𤁟
ocuvuztj	𤁡
ocuvqtge	𤁢
ocuvsing	𤁣
ocuvnmqm	𤁤
ocuvfuie	𤁥
ocuvjmwa	𤁦
ocuvmusz	𤁨
ocuverye	𤁫
ocuvccxb	𤁬
ocuvhojn	𤁭
ocuvccqu	𤁮
ocuvirve	𤁯
ocuvviiu	𤁰
ocuvyuyj	𤁳
ocuvmflv	𤁵
ocuvrfjb	𤁶
ocuvmfii	𤁹
ocuvrfgs	𤁺
ocuvzifh	𤁻
ocuvuimi	𤁼
ocuvykmu	𤁽
ocuvmiye	𤁾
ocuvyuww	𤁿
ocuvsinq	𤂁
ocuvrfkl	𤂃
ocuvdkdc	𤂄
ocqkvxcy	𤂅
ocuvzima	𤂇
ocuvlumu	𤂈
ocuvmumj	𤂉
ocuvyajb	𤂊
ocuvccic	𤂋
ocuvjiye	𤂌
ocuvuill	𤂎
ocuvuiho	𤂏
ocuvlbif	𤂑
ocuvuvjb	𤂒
ocuvuubw	𤂓
ocuvuhye	𤂔
ocuvmfrr	𤂕
ocuvdzfu	𤂗
ocuvccif	𤂘
ocuvccmj	𤂙
ocuvrffu	𤂛
ocuvgxgx	𤂜
ocuvhguv	𤂝
ocuiyiuv	𤂞
ocifrfuv	𤂟
ocuvhequ	𤂠
ocuvfusi	𤂡
ocuvyjbi	𤂢
ocuvdabf	𤂤
ocuvvikv	𤂥
ocwuvi	𤂥
ocuvqmvv	𤂦
ocxive	𤂩
ocuvihnn	𤂮
ocuvjibw	𤂯
ocuvheli	𤂰
ocuvqrhl	𤂲
ocuvvugs	𤂳
ocuvxuge	𤂴
ocuvmfvv	𤂶
ocuvmfyu	𤂷
ocuvwfgj	𤂸
ocuvcctj	𤂹
oczijxuv	𤂼
ocuvrisi	𤂽
ocuvdasv	𤂾
ocuvzzxy	𤂿
ocuvuili	𤃀
ocuvhgtu	𤃁
ocuvfhfj	𤃃
ocdcyiuv	𤃄
ocuvhgyi	𤃈
ocuvihxb	𤃉
ocuvyeui	𤃊
ocuvycbw	𤃋
ocuviiui	𤃏
ocuvmjtm	𤃐
ocuvziye	𤃑
ocuvhumu	𤃒
ocuvccvi	𤃓
ocuvhumu	𤃔
ocuvuitj	𤃕
ocuvdayu	𤃖
ocuvyubw	𤃘
ocuvrfui	𤃙
ocuvxiyu	𤃚
ocuvihri	𤃝
ocuvrimj	𤃞
ocuvystu	𤃟
ocuvuito	𤃠
ocuvglhe	𤃢
ocuvuiye	𤃣
ocuvycvi	𤃤
ocuvccdg	𤃥
ocuvccjm	𤃦
ocuvyjmm	𤃨
ocuvyukz	𤃩
ocuvdzge	𤃪
ocuvvoii	𤃬
ocuvsijn	𤃭
ocuvmcjb	𤃮
ocuvluvz	𤃯
ocuvlumi	𤃱
ocuvvisi	𤃲
ocuvfhtm	𤃳
ocuvviuc	𤃴
ocuvriyj	𤃵
ocuvuidg	𤃶
ocuvmfyb	𤃷
ocuvyuge	𤃸
ocuvihui	𤃹
ocuvlbfu	𤃺
ocdctmuv	𤃻
ocuvwurz	𤃼
ocuvyuyz	𤃽
ocuvvumb	𤃾
ocuvccfa	𤃿
ocuvyjyc	𤄅
ocuvmfdi	𤄇
ocuvjbdc	𤄉
ocuvihmo	𤄊
ocuvdzer	𤄎
ocuvyuxi	𤄏
ocuvyulq	𤄐
ocuvqipu	𤄑
ocuvvuxm	𤄒
ocuvccju	𤄓
ocuvqtge	𤄔
ocuvfhyu	𤄕
ocuvrimi	𤄗
ocuvxtwf	𤄘
ocuvxbho	𤄚
ocuvgvvv	𤄛
ocuvmifj	𤄜
ocuvdzqu	𤄝
ocuvwhnv	𤄞
ocuvlugu	𤄟
ocuvmfdm	𤄡
ocuvsida	𤄢
ocdariho	𤄥
ocuvhusi	𤄦
ocuvbwyj	𤄧
ocuvwhuj	𤄨
ocuvwhjn	𤄩
ocuvbmyz	𤄪
ocuvfhfj	𤄫
ocuvycdo	𤄮
oclidmqk	𤄯
ocxmxmuv	𤄳
ocuvfubw	𤄴
ocuvfuge	𤄵
ocuvccle	𤄶
ocuvjbho	𤄸
ocuvxbsi	𤄻
ocuvyuho	𤄼
ocuvgcmw	𤄾
ocuvbdif	𤅁
ocuvvulm	𤅃
ocuvvulm	𤅄
ocuvdalb	𤅅
ocuvgcye	𤅆
ocuvyjsi	𤅇
ocuvwfjq	𤅈
ocuvyulh	𤅉
ocuvxtmd	𤅋
ocuvxbvi	𤅌
ocuvdsri	𤅍
ocuvmjye	𤅎
ocuvugli	𤅏
ocuvqiqi	𤅐
ocuvyuxn	𤅒
ocuvucye	𤅓
ocuvmhyj	𤅗
ocuvmhyh	𤅘
ocuvtsqp	𤅚
ocuvxbif	𤅛
ocuvwfer	𤅝
ocuvccvi	𤅞
ocuvuiye	𤅡
ocuvccly	𤅢
ocuvwfqp	𤅣
ocuviher	𤅤
ocuvvxyz	𤅥
ocuvluuu	𤅦
ocuvmuyz	𤅨
ocuvvxcy	𤅪
ocuvyulk	𤅫
ocuvxmge	𤅬
ocuvyikz	𤅭
ocuvmuyz	𤅯
ocuvvuly	𤅰
ocuvvuma	𤅲
ocuvhojn	𤅳
ocuvsida	𤅹
ocuvwfyi	𤅻
ocuvnmnn	𤅼
ocuvnmnn	𤅽
ocuvmfgj	𤅾
ocfgtdmb	𤅿
ocuvmama	𤆀
ocqrqrqr	𤆁
ocpplnho	𤆒
ochguiho	𤆖
ocklveho	𤆙
ochoppqi	𤆚
ocuuhgho	𤆛
ochotudm	𤆧
ocvekzho	𤆨
ocbcbiho	𤆫
ochgjbho	𤆱
ochoklia	𤆳
ocwfsiho	𤆴
ochouier	𤆾
ochovevi	𤆿
ocqmuiho	𤇇
ochoyzli	𤇉
ocholirf	𤇎
ocuuyiho	𤇐
ochodcxi	𤇔
ochosihg	𤇖
ocdcsiho	𤇗
ochorshg	𤇛
ochgrfho	𤇟
ochoiruj	𤇱
ocbcxiho	𤇵
ochohobc	𤇾
ocbkmuho	𤈀
ochgvsho	𤈂
ochohgkl	𤈃
ocwhwfho	𤈅
ochohgui	𤈆
ochoriji	𤈋
ocridcho	𤈌
ochoribi	𤈑
ochokliz	𤈓
octugsho	𤈔
ocxtxtho	𤈗
ocvxbcho	𤈚
ochoujwu	𤈡
ochobdbi	𤈥
ocveho	𤈨
ocerveho	𤈨
ocuihoyz	𤈫
ochosiyz	𤈬
ocuuxiho	𤈭
ocfggeho	𤈮
ochotocs	𤈯
ochorfqn	𤈰
ocvjerho	𤈱
ocihnmmp	𤈲
ocmuyzho	𤈳
ocvjklho	𤈴
ochokzri	𤈵
ochoguli	𤈸
ochohofj	𤈺
ocuvqmho	𤈾
ochoriuj	𤉆
ocholvve	𤉈
ochorigs	𤉊
ocmuliho	𤉏
ociuhgho	𤉐
ochohghg	𤉑
ochogskz	𤉝
ocfgrfho	𤉟
ocaobcho	𤉡
ocdcklho	𤉢
ochoirtm	𤉣
ocdodcho	𤉥
ocychowf	𤉧
ocirdcho	𤉩
ochogetm	𤉫
ochowfmu	𤉬
ochodmfz	𤉮
ocdcrfho	𤉯
ochuwfho	𤉰
ocppsiho	𤉱
ochowfri	𤉴
ockzjuho	𤉵
ocxiqrho	𤉷
ocyzhowf	𤉺
ochonmcc	𤉻
ochobcmu	𤉾
ochoyuvi	𤊂
ocxiwfho	𤊆
ocwhhoho	𤊇
ochorilq	𤊋
ocirhgho	𤊌
ochodaiy	𤊖
ochovxji	𤊚
ochoiziz	𤊛
octddaho	𤊜
ocbcbcho	𤊝
ochouicc	𤊠
ochouuba	𤊪
ochoglui	𤊭
ocyzhvwf	𤊮
ocfubcho	𤊱
ochoirxb	𤊲
ochokluu	𤊳
ochofgui	𤊴
ocdabajs	𤊽
occcmuho	𤊾
ochoqmjq	𤊿
ochomuqr	𤋀
occcsiho	𤋂
ocmcwfho	𤋄
ockzsiho	𤋅
ocmuuiho	𤋇
ockawfho	𤋈
ochorixr	𤋉
ochowfda	𤋋
ochohoyh	𤋍
ocmuvcho	𤋐
ocfgvjho	𤋒
ochodayz	𤋓
ocjiccho	𤋔
ocerdaho	𤋕
ociibcho	𤋚
ochouuui	𤋛
ocytjuho	𤋝
ocbdmcho	𤋞
ochovxsi	𤋠
ochobdtm	𤋡
ociuqrho	𤋣
ocjumcho	𤋤
ocjuwfho	𤋥
ocytvjho	𤋧
ochozoiz	𤋨
ochothwf	𤋩
ochoriiu	𤋪
ochoujuj	𤋫
ochoujwf	𤋬
ocifsiho	𤋮
ocdariho	𤋯
ocliliho	𤋰
ochoccbk	𤋲
ocdcklho	𤋳
ocirdcho	𤋴
ochovxrj	𤌁
ochoyudc	𤌂
ochozoyt	𤌃
ocklsiho	𤌇
ochgmfho	𤌎
ochosikl	𤌐
ocycjqho	𤌑
ochosigv	𤌒
ochogfmu	𤌓
ocrzqrho	𤌔
ochoyzyz	𤌕
ochotmmu	𤌖
ochoriyu	𤌙
ochoyudc	𤌛
ocyjbkhg	𤌜
ocbcjbho	𤌝
ochohomi	𤌟
ochohoir	𤌠
ochoerho	𤌢
ochodadm	𤌥
ocwwziho	𤌨
ochoxiho	𤌪
ochouiui	𤌫
ocriveho	𤌮
ochorihg	𤌰
ochorigs	𤌱
ocyutmho	𤌲
ochovxrf	𤌵
ochogvxb	𤌷
ocvorfho	𤌹
ocvivzho	𤌺
ochovslv	𤌻
ochoziwh	𤌼
ochohoxl	𤍀
ocldliho	𤍂
ochoiewu	𤍆
ochoujyj	𤍉
ocwfnmho	𤍍
ocmuyzho	𤍕
ochobowf	𤍗
ocvigjho	𤍙
ochosicc	𤍚
ocbagjyz	𤍛
ochodgmi	𤍝
ochogshg	𤍞
ochotocs	𤍡
ochofhtu	𤍣
ocifjuho	𤍥
ochohuyt	𤍦
ochouiye	𤍬
ochoxiig	𤍭
ocxigjho	𤍰
ochozuri	𤍷
ochorfpb	𤍸
ociuxmho	𤍹
ochocsqn	𤍺
ocnvqmho	𤍻
ochohecc	𤍼
ocluwjho	𤍽
oclbdaho	𤍾
ocyeyhho	𤎀
ocirdcho	𤎁
ocmmliho	𤎂
ochogvui	𤎃
ochovjtu	𤎆
ocgvrfho	𤎇
ochofuba	𤎈
ocijxtho	𤎉
ochohouu	𤎊
ochoyubf	𤎋
ochombcs	𤎏
ochoxbwf	𤎑
occcihho	𤎗
ocdcyhho	𤎘
ochovijx	𤎙
ocujhojs	𤎚
ochoirys	𤎞
ocbctuho	𤎟
ochovivi	𤎠
ocvidcjq	𤎡
ochoccdm	𤎣
ocycwfho	𤎦
ocgskzho	𤎧
octufuho	𤎪
ocyjgsho	𤎫
ocnihoyz	𤎬
ocyjwfhv	𤎭
oclujiho	𤎮
ochocsri	𤎳
ocvidcho	𤎴
ocvidcho	𤎵
ocybgeho	𤎷
ocujhoho	𤎸
ocifjlho	𤎹
ochofubw	𤎺
ocirdcho	𤎾
ocjijiho	𤎿
ocrfihho	𤏀
ocifuvho	𤏁
ochoxlho	𤏂
ochohoqi	𤏃
ocuvqmho	𤏄
ochofgmu	𤏆
ochozzsi	𤏉
ochoquho	𤏌
octuvsho	𤏍
ochogvgv	𤏎
ochotmif	𤏏
ochoccyu	𤏑
ochobmqn	𤏓
ocirkzyj	𤏕
ochoerer	𤏙
ocyjirve	𤏞
ocholwxn	𤏟
ochorfhe	𤏥
ocyjdcjq	𤏭
ochogstu	𤏯
ochoccqu	𤏱
ochosigj	𤏵
ocholubi	𤏶
oclbdaho	𤏷
ociuwfho	𤏺
ocxbhoyz	𤏻
ochoyhxb	𤏽
ochoxkyz	𤏾
ocifmuho	𤏿
ocsisiho	𤐁
ocbkluho	𤐅
ochoyudm	𤐇
octurfho	𤐈
ochosimi	𤐋
ocsigsho	𤐍
ochovuri	𤐎
ocbdheho	𤐏
ochohoui	𤐔
ochodajs	𤐗
ochomuuu	𤐘
ochoybqm	𤐚
ochoyzjs	𤐟
ochoveuu	𤐢
ocjbgeho	𤐦
ochefuho	𤐧
ochocche	𤐩
ochoyjir	𤐪
ocxbjqho	𤐫
ocvimulv	𤐬
octdrfho	𤐮
ochorfcc	𤐯
ocerwaho	𤐱
ochoriuz	𤐲
ocycwfho	𤐳
ochoriho	𤐴
ocholutu	𤐷
ochefuho	𤐸
ochoyivi	𤐹
ocykrfhg	𤐻
ocykdaui	𤐼
ochogsxb	𤐾
ocvxxiyj	𤑀
ochonqan	𤑁
ocihyjge	𤑂
ocbwbwho	𤑄
ocrfklho	𤑅
ochonmtu	𤑆
ockllbho	𤑇
ochorfwf	𤑈
ocujfgho	𤑊
ocdapgho	𤑌
ochoytba	𤑍
ochommmm	𤑑
occchvho	𤑒
ocyjhvqi	𤑓
occcluho	𤑔
ochoqmho	𤑕
ocbclbyj	𤑖
ochoglho	𤑙
ochodsho	𤑛
ocvegsho	𤑜
ochoyktm	𤑝
ocjqvgyj	𤑠
ochoccxb	𤑢
ochobkbk	𤑣
ocihnnho	𤑤
ochorifg	𤑥
ochobczv	𤑧
ocvegsho	𤑨
ocvijyho	𤑩
ocxijqho	𤑪
ocyuvjho	𤑰
ochoyujy	𤑱
ochowfgj	𤑴
ociugsho	𤑵
ochomfdm	𤑷
ocirhoxk	𤑹
ochobcdk	𤑺
ochorihg	𤑻
ochorikv	𤑼
ockzhoho	𤑽
ocyjhvkh	𤒀
ochorixn	𤒁
ocvijsvv	𤒂
ochorihx	𤒃
ocwfgjho	𤒆
ochoyjmu	𤒇
ochohoho	𤒉
ochogvho	𤒋
ocquhoho	𤒍
ocvvvvho	𤒏
ocpplbho	𤒐
ochocclb	𤒑
ocgugjho	𤒒
ochohoho	𤒓
ocdsdsho	𤒖
ocvicici	𤒗
ocholwru	𤒛
ochohoho	𤒜
oczijxho	𤒝
octdxbyj	𤒞
ochoxqye	𤒟
ochovejm	𤒠
ochoglhe	𤒢
ocvilubi	𤒣
ocvidajs	𤒧
ochovume	𤒪
ochorikv	𤒫
ochoccjl	𤒬
oclibcho	𤒭
ocdvsvho	𤒮
ochocsjq	𤒯
ochodctu	𤒰
ochoqixn	𤒱
ochogltu	𤒲
ocyjbutm	𤒳
ochoccmu	𤒶
ochoccjm	𤒷
ochotmhx	𤒹
ochorimi	𤒺
ochomfta	𤒻
ochoccvd	𤒽
ochoxbho	𤒾
ocnmvvho	𤒿
ochorfjk	𤓀
ochomfyc	𤓁
ochomuyz	𤓄
ocxnyjji	𤓅
ochowhwf	𤓇
ochoccle	𤓈
ochoriyj	𤓊
ocholujb	𤓍
ocviglho	𤓏
ocuiggho	𤓐
ocklyiho	𤓑
ochoyida	𤓔
octsbcyj	𤓕
ocyjsiho	𤓖
ochodsri	𤓗
ochoyhho	𤓚
ocuufuho	𤓜
ochoccly	𤓝
ocuufuho	𤓞
ocycbcyj	𤓟
ocholuuu	𤓠
ochovxyz	𤓡
ochorixl	𤓢
ocholbcy	𤓣
ochuhuho	𤓤
ocwfmuho	𤓥
ochomohw	𤓦
ocvvvvho	𤓪
ocsvdvho	𤓫
ocvvvvho	𤓬
ochoyccy	𤓭
ocfzbcho	𤓮
ochguuba	𤓯
ocihvena	𤓰
ocvxyiyz	𤓴
ocvxdcyz	𤓶
ocvxkldm	𤓷
ocvxvesj	𤓸
ocvxhgba	𤓹
ocvxvemu	𤓽
ocvxbcvh	𤓾
ocvxjiyz	𤓿
ocvxjiyz	𤔂
ocvxhguu	𤔇
ocvxdcui	𤔊
ocvxgsxt	𤔌
ocvxyuba	𤔍
ocvxycyz	𤔐
ocvxsifg	𤔒
ocvxbcxs	𤔓
ocvxsiyz	𤔔
ocxlvxvu	𤔕
ockltuvx	𤔗
ocvxjqhg	𤔘
ocvxvxvx	𤔙
ochuuvvx	𤔚
ocvxklsi	𤔞
ocwfbuvx	𤔟
ocvxccwf	𤔠
ocvxbcmu	𤔤
ocvxkzjs	𤔦
ocvxyzkv	𤔧
ocvxycyz	𤔪
ocvxkzyz	𤔬
ocvxycui	𤔭
ocvxwwpu	𤔮
ocvxuiyh	𤔰
ocvxyzsi	𤔲
ocvxmisi	𤔳
ocvxrier	𤔴
ocvxsiyj	𤔵
ocvxbacy	𤔸
ocvxbuge	𤔹
ocvxcysi	𤔺
ocvxbwkl	𤔼
ocvxuuwf	𤔿
ocvxycan	𤕀
ocycvxkz	𤕁
ocvxffqr	𤕃
ocycjiri	𤕄
ocvxyzfz	𤕅
ocyciryi	𤕆
octototo	𤕇
ocvxlvlv	𤕈
ocvxtsho	𤕉
ocvxtsqp	𤕊
ocxnvxbd	𤕋
ocvxyztm	𤕌
ocvxlvui	𤕍
ocuibcfu	𤕐
ocfujqyz	𤕗
ocfuujwf	𤕘
ocwfvvfu	𤕚
ocfuyhuz	𤕛
ociahgia	𤕜
ocdaxiyc	𤕡
ocycwfnv	𤕢
ocklycve	𤕣
octuycba	𤕤
ocycbijm	𤕥
ockzjiyc	𤕦
ockziayc	𤕧
ocrfbajb	𤕨
ocycyzve	𤕩
ockluukl	𤕪
ocpjklyz	𤕱
ocpjrfye	𤕴
ocpjxiba	𤕶
ochgpjui	𤕺
ocpjrfui	𤕼
ocpjtutu	𤕿
ocpjccgj	𤖁
ocpjuuqi	𤖄
ocpjxiuv	𤖅
ocpjjm	𤖆
ocpjddba	𤖈
ocpjuuyr	𤖊
ocpjklif	𤖋
ocpjwuwh	𤖍
ocpjmupm	𤖎
ocpjgsys	𤖐
ocpjglfu	𤖑
ocpjwuif	𤖔
ocpjxiyz	𤖕
ocpjvivi	𤖗
ocpjyzmb	𤖙
ocpjwfsj	𤖚
ocpjldhv	𤖠
ocpjhehv	𤖣
ocpjhgda	𤖤
ocpjyuya	𤖥
ocpjldhv	𤖧
ocpmklyz	𤖰
ocpmrfui	𤖿
ocpmytve	𤗅
ocpmgsxb	𤗉
ocpmwfmu	𤗊
ocpmfhfh	𤗒
ocxbhgpm	𤗔
ocpmhgji	𤗕
ocpmglni	𤗙
ocpmqmuj	𤗠
ocpmuimu	𤗣
ocpmhvmu	𤗥
ocpmccys	𤗩
ocpmhuhu	𤗭
ocpmrifu	𤗱
ocpmyefu	𤗵
ocpmuibw	𤘄
ocyasihg	𤘉
ocyaffer	𤘊
ocyauukl	𤘍
ocyawukz	𤘎
ocnqppqi	𤘛
ocnqdcdm	𤘞
ocnqkler	𤘟
ocbcbanq	𤘰
ocnqhgyc	𤘳
ocnqjiji	𤘷
ocnqccyz	𤘸
ocnqbcji	𤘺
ocnqpprf	𤘻
ocnqhgqn	𤙀
ocnqfupp	𤙂
ocnqyyhg	𤙊
ocmebcnq	𤙋
ocnqccji	𤙍
ocnqlili	𤙒
ocnqgsgs	𤙗
ocnqrfmc	𤙚
ocnqbitu	𤙞
ocnqccgj	𤙢
ocnqwfdj	𤙫
ocnquier	𤙸
ocwfbcnq	𤙺
ocyzlinq	𤙼
ocnqbcxn	𤚂
ocnqiziz	𤚄
ocnqerpi	𤚆
ocnqyhyz	𤚇
ocnqujyz	𤚈
ocnqwfmu	𤚊
ocuivenq	𤚌
ocnqwfxn	𤚒
ocmuihwf	𤚓
ocnqzdyz	𤚔
ocnqxitu	𤚕
ocnqppuj	𤚞
ocnqxswf	𤚠
ocnqbcgv	𤚣
ocnqgumu	𤚦
ocnqifyz	𤚨
ocnqxbbi	𤚪
ocnqwfui	𤚮
ocuinquu	𤚲
ocnqlqkz	𤚵
ocxiwunq	𤚶
ocuzjynq	𤚹
ocnqriyu	𤚺
ocnqnqhe	𤚻
ocuiuunq	𤚼
ocnqihyz	𤚿
ocnqbwcy	𤛀
ocnqxnxn	𤛃
ocnqwfer	𤛄
ocyawfnq	𤛆
ochenqnq	𤛈
ocwuirnq	𤛉
ocnqhuqp	𤛏
ocnqgskz	𤛒
ockeuunq	𤛓
ocnqienq	𤛕
ociiuunq	𤛖
ocuguunq	𤛗
ocuugjmz	𤛙
ocnqnqui	𤛚
ocnqjldc	𤛜
ocnqccys	𤛟
ocnqlwsi	𤛡
ocnqheyu	𤛣
ocnqlwxn	𤛤
ocnqlclc	𤛪
ocnqccnq	𤛫
ocnqnqnq	𤛭
ocnqjyyh	𤛰
ocycbcnq	𤛱
ocnqgskz	𤛴
ocnqklwf	𤛵
ocnqheuv	𤛺
ocnqccif	𤛻
ocnqhgqi	𤛽
ocuubcnq	𤛿
ocnqwfyh	𤜀
ocnqwfgj	𤜃
ocnqyisi	𤜄
ocnqdctu	𤜇
ocnqriyj	𤜈
ocnqgeyj	𤜊
ocnqgvyj	𤜋
ocnqrimi	𤜌
ocnqccvv	𤜍
ocnqihls	𤜎
ocnqihli	𤜏
ocnqsixs	𤜑
ocnqwjis	𤜒
ocnqirmm	𤜓
ocriminq	𤜔
ocuinqxl	𤜕
ocqrveve	𤜛
ocqrppqi	𤜨
ocqrbcpp	𤜩
ocqrhgjb	𤜳
ocqrppvi	𤜺
ocqrvecc	𤜿
ocqrhgyc	𤝃
ocqrwfdm	𤝇
ocqrjqui	𤝊
ocqrrfxn	𤝝
ocqryzuu	𤝢
ocqrbk	𤝣
ocqrhuyi	𤝤
ocqrrfcd	𤝦
ocqrrfuc	𤝧
ocqrbcjq	𤝨
ocqrqmui	𤝪
ocqrcctu	𤝵
ocujtuqr	𤝶
ocqruigs	𤝺
ocqriruj	𤝾
ocqrvekl	𤞁
ocqrbaji	𤞄
ocqrrfjb	𤞆
ocqrhgqq	𤞈
ocqryukl	𤞍
ocqryzmu	𤞎
ocqrvxcy	𤞙
ocqrccgj	𤞢
ocxtiaqr	𤞮
ocqrvetu	𤞯
ocqruikz	𤞳
ocmutuqr	𤞷
ocqrhghg	𤞸
ocqrirjk	𤞹
ocqrrigs	𤞾
ocqrgjqr	𤞿
ocqrrfkl	𤟁
ocqrdcjq	𤟅
ocpjxiqr	𤟌
ocihdcqr	𤟐
ocpjxiqr	𤟒
occcjbqr	𤟓
ocqrkzyt	𤟕
ocqrjqyz	𤟚
ochukzqr	𤟜
ocqrhujb	𤟝
ocjnkzqr	𤟞
ocqrerda	𤟦
ocqrmacc	𤟨
ocqrzdyz	𤟫
ocqrsamu	𤟬
ocdcbiqr	𤟭
ochumuqr	𤟵
ockzytqr	𤟶
ocqrufwf	𤟸
ocqryzwf	𤟺
ocqrfgcc	𤟻
ocqrlnkl	𤠀
ocqrvxke	𤠄
ocqrjqcc	𤠈
ocqrtmwf	𤠎
ocqrrfvi	𤠏
ocqrriyu	𤠐
ocqrdvqr	𤠒
ocqrccer	𤠛
ocqrxbbi	𤠞
ocqrcche	𤠟
ocirdmqr	𤠢
ocqrccjb	𤠥
ocqrujwf	𤠦
ocqrsvdc	𤠧
occcjbqr	𤠨
oczifhqr	𤠩
ocirklqr	𤠪
ocqryzkz	𤠬
ocqrfguz	𤠵
ockeuuqr	𤠼
ocqruuqm	𤡃
ocqriewf	𤡄
ocqrlwxn	𤡅
ocqrnmfu	𤡉
ocqrmfwj	𤡌
ocwfuuqr	𤡎
ocqrihwf	𤡏
ocqrbcyj	𤡗
ocqrytyz	𤡘
ocqrbcdk	𤡛
ocgjrzqr	𤡜
ocqrfwtu	𤡝
ocqrcczz	𤡞
ocqrjqve	𤡡
ocqrerer	𤡤
ocqrsisi	𤡨
ocqrihhe	𤡫
ocqrjqyu	𤡯
ocqrmfkd	𤡲
ocqrdswf	𤡳
ockzisqr	𤡴
ocqrhvui	𤡶
ocqrmaui	𤡹
ocqrbcrj	𤡺
ocqrdsqm	𤡻
ocqryatm	𤡼
ocqrcclv	𤢁
ocqryzuj	𤢃
ocqrxiho	𤢅
ocqryuwf	𤢉
ocqrddhg	𤢋
ocqrzovi	𤢍
ocqrglho	𤢒
ocqrhuui	𤢓
ocsixkqr	𤢕
ocqrwfsu	𤢘
ocqrdajs	𤢙
ocsiyuqr	𤢚
ociuwfqr	𤢝
ocqrrifh	𤢞
ocqrsixk	𤢟
ocqrujvi	𤢠
ocqrmuyi	𤢢
ocqrwfhe	𤢤
ocqrvxxb	𤢦
ocqrbcyu	𤢧
ocqrirve	𤢪
ocqrbdbf	𤢫
ocqryhqr	𤢮
ocqryjir	𤢯
ocqryjnj	𤢰
ocqrxtve	𤢱
ocqruijq	𤢷
ocqrlw	𤢹
ocqrjiye	𤢺
ocqrddxb	𤢻
ocqrdmer	𤣀
ocqrqudz	𤣁
oclwqr	𤣂
ocqrluho	𤣄
ocqrhgxb	𤣇
ocqrercs	𤣈
ochggjqr	𤣉
ocqrhlqr	𤣊
ocqryubk	𤣋
ocqryukz	𤣍
ochuyuqr	𤣏
ocqrertu	𤣐
ocqrcvjs	𤣑
ocqrerwh	𤣔
ocqruzvg	𤣙
ocqrxtgx	𤣛
ocqrxbif	𤣜
ocqreris	𤣝
ocqryelv	𤣠
ocqrmulj	𤣢
ocqrkzkz	𤣣
ocwfveve	𤣥
ocwfvegs	𤣦
ocxrujhg	𤣧
ocwhveui	𤣭
ocwhdcyz	𤣻
ocwhuusj	𤤃
ocwhhgyc	𤤈
ocwhdcdc	𤤊
ocwhvevi	𤤏
ocwhgser	𤤑
ocwhccer	𤤓
ocwhbcjb	𤤚
ocwhlcyi	𤤜
ocwhhgyz	𤤞
ocwhklqm	𤤡
ocwhklnv	𤤢
ocwhppyz	𤤣
ocwhrfye	𤤩
ocwhppyz	𤤱
ocwhgsji	𤤲
ocwhihfg	𤤵
ocwhdcwh	𤤻
ocwhiruj	𤤼
ocwhrfxn	𤤽
ocwhuviu	𤤾
ocwhuijb	𤥈
ocwhccli	𤥉
ocwhxbrf	𤥊
ocwhxier	𤥌
ocwhjquj	𤥍
ocwhhoyz	𤥎
ocwhqikl	𤥗
ocwhxsyz	𤥘
ocwhmpyz	𤥙
ocwhmubi	𤥛
ocwhsiyz	𤥜
ocwhyidm	𤥟
ocwhwfyz	𤥥
ocwhvldm	𤥦
ocwhlcgs	𤥧
ocwhuupi	𤥩
ocwhkljk	𤥪
ocwhwfuj	𤥬
ocwhuckz	𤥮
ocwhbder	𤥰
ocwhppyz	𤥱
ocwhputu	𤥷
ocwhpuer	𤥸
ocwhgsxb	𤥼
ocwhhumu	𤥾
ocifyzyu	𤦁
ocwhirdm	𤦄
ocwhdcjq	𤦆
ocririwh	𤦉
ocwhwuxb	𤦏
ocwhihgv	𤦐
ocwhxbyz	𤦑
ocwhbcuj	𤦓
ocwhwhmc	𤦖
ocwhwhuv	𤦗
ocwhriyt	𤦛
ocwhwhjp	𤦠
ochgklba	𤦡
ocwhhurf	𤦣
ocwhjqia	𤦥
ocxtjkyu	𤦨
ocwhyuuj	𤦯
ocwhwfsi	𤦰
ocwhsikl	𤦱
ocwhjumu	𤦲
ocwhbcie	𤦳
ocwhcsve	𤦴
ocwhklnv	𤦵
ocwhwfug	𤦶
ocwhlikz	𤦺
ocmuiayu	𤦼
ocwhfhzi	𤦽
ocwhwhlk	𤧂
ocwhwhbf	𤧆
ocwhfgxn	𤧉
ocwhyuuj	𤧎
ocwhvxvg	𤧏
ocwhdcnj	𤧓
ocwhxitu	𤧕
ocwhcsxb	𤧚
ocwhirbi	𤧜
ocyutuis	𤧠
ocwhtuer	𤧡
ocwhuher	𤧢
ocuiisyu	𤧤
ocqmuuyu	𤧧
ocwhgfer	𤧨
ocmuiayu	𤧩
ocwhxtba	𤧪
oceriayu	𤧬
ocwhlpmu	𤧮
ocwhppwf	𤧯
ocrfwhbi	𤧰
ocwhsige	𤧱
ocrfwhba	𤧲
ocwhcclc	𤧳
ocwhbchg	𤧺
ocwhbcui	𤧽
ocwhfhse	𤧾
ocwhdadk	𤨀
ocwhzzyz	𤨂
ocwhcckz	𤨃
ocwhhuuz	𤨇
ocwhujkl	𤨈
ocwhjiwf	𤨉
ocwhvujb	𤨋
ocwhxbxb	𤨌
ocwhbcli	𤨍
ocwhirbw	𤨏
ocwhcche	𤨑
ocwhsina	𤨔
ocvjmuyu	𤨗
ocwhbiis	𤨚
ocwhccuh	𤨛
ocwhcsve	𤨜
ocrfwhbi	𤨝
ocwhnmfu	𤨢
ocwhvuvf	𤨤
ocwhddmu	𤨪
ocwhglxb	𤨫
ocwhdake	𤨯
ocwhnmwj	𤨰
ocwhkytu	𤨱
ocwhccfu	𤨳
ocwhccdd	𤨷
ocwhnmjb	𤨸
ocwhyuyu	𤨹
ocwhbcbm	𤨺
ocuibcwh	𤨻
ocwhhucs	𤩁
ocwhrfyj	𤩃
ocwhuugu	𤩅
ocwhdcba	𤩆
ocwhjikz	𤩇
ocwhgskz	𤩈
ocwhifju	𤩉
ocwhuhgu	𤩋
ocwhqiji	𤩑
ocwhqimu	𤩒
ocwhwhds	𤩘
ocwhwhxb	𤩙
ocwhkluu	𤩚
ocwhdcwf	𤩞
ocwhwhmf	𤩟
ocwhuugu	𤩡
ocwhziui	𤩢
ocwhrfmu	𤩣
ocvjqmyu	𤩤
ocwhlwxn	𤩨
ocwhhchg	𤩩
ocwhieuu	𤩮
ochguuyu	𤩯
ocwhvjmu	𤩰
ocwhdamu	𤩵
ocwhbcmu	𤩷
ocwhglvi	𤩻
ocwhzovi	𤩼
ocwhyatm	𤩾
ocwhklwf	𤪀
ocwhsijk	𤪁
ocwhdajs	𤪃
ocwhsiyj	𤪄
ocwhxiyb	𤪅
ocwhyumz	𤪆
ocvjmuyu	𤪇
ocihfzwh	𤪈
ocysvuwh	𤪉
ocifrfyu	𤪋
ocwhhumz	𤪍
ocvjqmyu	𤪎
ocwhyjir	𤪏
ocwhppmu	𤪒
ocwhbcmu	𤪓
ocwhsiwf	𤪖
ocwhkzzu	𤪛
ocwhvxwf	𤪞
ocjyjyyu	𤪡
ocwhieuu	𤪢
ocwhnmtu	𤪣
ocwhbdwf	𤪨
ocwhrfgs	𤪩
ocwhycmu	𤪫
ocwhhgba	𤪬
ocfzbcyu	𤪭
ocwhgltu	𤪮
ocluqmyu	𤪰
ocwhvuxq	𤪱
ocwhrfbi	𤪴
ocwhbdqm	𤪵
ocwhsiyr	𤪹
ocwhbcfj	𤪺
ocwhuumu	𤪻
ocwhlblm	𤪼
ocwhhumu	𤪽
ocwhihyu	𤪾
ocwhyigv	𤪿
ocrvyzyu	𤫀
ocwhcchv	𤫃
ocwhjqgv	𤫅
ocwhqkxb	𤫈
ocwhyjyz	𤫉
ocyukzwh	𤫊
ocwhvebw	𤫋
ocwhieba	𤫌
ocdarfhg	𤫍
ocqreryu	𤫏
ocdasivg	𤫒
ocwhwfda	𤫓
ocirvvyu	𤫔
ocwhhgwf	𤫕
ocwhhuff	𤫗
ocwhhgwf	𤫘
ocwhyjho	𤫙
ocwhzvyi	𤫛
ocyjsiyu	𤫜
ocwhuivi	𤫝
ocwhbwfz	𤫡
ocwhgewa	𤫣
ocwhtmfz	𤫥
ocwhccjq	𤫧
ocwhxmge	𤫨
oclqrfgx	𤫹
ocdakvgx	𤬄
ocvxsigx	𤬇
ocgxgxgx	𤬑
ocgxuixs	𤬕
ocxigxxi	𤬖
ochudzgx	𤬘
ocgxmugo	𤬙
ochugegx	𤬝
ocxbhogx	𤬟
ocgxccvv	𤬠
ocxbhogx	𤬡
ocxbkxgx	𤬢
ocxbkxgx	𤬣
octrisis	𤬤
ocwfbdyi	𤬥
ochgycwa	𤬮
ocgsjiwa	𤬳
ocbcjiwa	𤬽
ocdcbcwa	𤭀
ocklwhwa	𤭄
ocwhirwa	𤭉
ocklgjwa	𤭋
ocwabdba	𤭍
ocvewa	𤭗
ocervewa	𤭗
ocppifwa	𤭘
ochebcwa	𤭜
ocifyzwa	𤭠
oczoytwa	𤭨
ocugsiwa	𤭩
ochohewa	𤭰
ocmuiawa	𤭲
ocklycwa	𤭳
ocxsytwa	𤭶
ocriyuwa	𤭼
ociuuiwa	𤭽
ocxiwhwa	𤭾
oceriawa	𤭿
ocerhowa	𤮁
ocluwjwa	𤮅
ocieuuwa	𤮈
oclwsiwa	𤮎
ocgstuwa	𤮔
ockljkwa	𤮖
ocxidzwa	𤮘
ochudzwa	𤮙
ocieuuwa	𤮛
ochujnwa	𤮝
occcwayh	𤮡
ocglwuwa	𤮢
ocbwwayh	𤮤
ocwfgjwa	𤮩
ocbwwacc	𤮪
ocfzycwa	𤮫
ocfzfzwa	𤮬
ocdctuwa	𤮭
ocyukzwa	𤮮
occvjqwa	𤮯
occvjswa	𤮰
ocirvvwa	𤮲
ocwaccvv	𤮳
occcvvwa	𤮴
ocerwadz	𤮵
ocyjhowa	𤮶
ocyutmwa	𤮷
ocyutmwa	𤮸
ocuusjuu	𤮺
ocihhegj	𤯍
ocglhegj	𤯎
ocgjxnmz	𤯏
ocgjmfjq	𤯐
ocufwfhe	𤯑
ocuguugj	𤯒
ocverfug	𤯖
ocuglili	𤯜
occcerjs	𤯧
ocbkpuug	𤯳
ocvibkug	𤯴
ocuuuuug	𤯶
ocyhuiug	𤯹
ocbauiug	𤯼
ocfupuug	𤯽
ocklirer	𤰀
ocuhuiuu	𤰃
ocuhuuuu	𤰆
ocgsppys	𤰇
occcbcys	𤰈
ocysysys	𤰌
ocgsbafu	𤰍
ocysyshx	𤰏
ocyeerfu	𤰐
ocwftdys	𤰑
ocrfhgcc	𤰒
octmveve	𤰕
octmuiuu	𤰞
occchgtm	𤰫
octmbayz	𤰯
ochgtmhg	𤰱
ocpptmvx	𤰲
ocyzhgxt	𤰴
octmhgve	𤰵
ocwfsitm	𤰸
octmklyz	𤱆
ocsisitm	𤱊
ocjxkler	𤱋
octmrfxn	𤱏
ocuitmrf	𤱑
octubatm	𤱒
ocpptmve	𤱖
ocklxttm	𤱚
octmrugs	𤱝
ocsitmye	𤱡
octmhoer	𤱦
ocyzxtrf	𤱫
ocrfwftm	𤱭
ocpptmna	𤱮
ocuigetm	𤱱
octmvahg	𤱴
octmlili	𤱷
ocsiuvtm	𤱸
ocirtmdk	𤱹
ocirtmfu	𤱽
ocirtmgk	𤱾
ocuibcbi	𤱿
ocyzyzqn	𤲀
octmsiuj	𤲁
ocjxnmhg	𤲃
ocpptmrf	𤲄
ochglvtm	𤲇
octmdari	𤲉
octmgswf	𤲋
octmycxn	𤲎
octmgsyi	𤲐
ocirtmnk	𤲑
ocifyztm	𤲗
ocsidatm	𤲙
oclwrftm	𤲛
ocrfmitm	𤲞
octmhgyi	𤲡
ocufbcyt	𤲥
octmyzqi	𤲦
octmerda	𤲬
octmmutm	𤲭
octmgsgs	𤲮
ocyutmhg	𤲯
occcrftm	𤲱
octmgstu	𤲲
octmuvtm	𤲴
ocuicstm	𤲷
ocyztmjq	𤲽
ocyuhghg	𤲿
ocycgetm	𤳀
octmhehe	𤳂
ocjxjxjx	𤳅
octmrfyh	𤳈
octmnmfu	𤳉
ocirtmbk	𤳊
ocgecstm	𤳋
octmtmdm	𤳍
oclwhg	𤳏
octmlwxn	𤳑
octmlwxn	𤳒
oclptmgs	𤳓
ocvzjrtm	𤳔
octmxtcy	𤳚
octmerer	𤳜
octmheli	𤳝
ocvxyztm	𤳞
octmvjxy	𤳠
ocwwigtm	𤳡
ocirtmxi	𤳤
octmtmlb	𤳥
oclwda	𤳦
oclvtmgs	𤳧
octmyjir	𤳩
ocirtmpk	𤳫
octmvvjs	𤳬
octmtmwj	𤳭
ocvzhotm	𤳮
ocirtmuu	𤳯
ocwwiihx	𤳰
ocirtmjp	𤳲
octmtmtm	𤳳
octmkeke	𤳴
ocjxjxjx	𤳵
octmrfgs	𤳶
ocsingyz	𤳷
ocyzsing	𤳸
octmhgtm	𤳹
octmtmlw	𤳻
ocsituuu	𤳼
ocveerjl	𤳾
ocvxmitm	𤳿
octmtmyc	𤴀
octmbchg	𤴁
octmgeis	𤴂
octmdatm	𤴄
ocirtmlu	𤴅
octmhetm	𤴇
octmqpdk	𤴉
octmfztm	𤴊
ocvxdstm	𤴋
octmiftm	𤴌
octmqpnk	𤴍
ocvxddtm	𤴎
octmgslo	𤴏
octmhvtm	𤴐
octmtmlw	𤴑
octmnntm	𤴒
ochgsipi	𤴖
occcxtzz	𤴗
ocruxtzz	𤴘
ochgyzzz	𤴛
ociedmpi	𤴝
ocuisizz	𤴞
ocuitmzz	𤴡
ocyukzpi	𤴤
ocbkppuu	𤴮
ocbkveer	𤴴
ocbkkler	𤴿
ocbkhgyc	𤵋
ocbkrfji	𤵎
ocbkbabc	𤵏
ocbkveyz	𤵓
ocbkrfye	𤵚
ocbkrftu	𤵞
ocbkccyz	𤵟
ocbkklyz	𤵧
ocbkxtrf	𤵨
ocbkppho	𤵮
ocbkbier	𤵯
ocbkrfxn	𤵲
ocbkxtia	𤵵
ocbkuugs	𤵶
ocbkuiyz	𤵷
ocbkxser	𤵻
ocbkbkve	𤵿
ocbkzikz	𤶂
ocbkuuui	𤶅
ocbkiruj	𤶆
ocbkufdm	𤶉
ocbkhoyz	𤶌
ocbkxtxt	𤶍
ocbkwfri	𤶓
ocbkwfxn	𤶔
ocbkritu	𤶚
ocbkdayz	𤶟
ocbkbcqp	𤶢
ocbkeryz	𤶤
ocbkihui	𤶥
ocbkmubi	𤶨
ocbkccuu	𤶪
ocbkhgxt	𤶰
ocbkwuuj	𤶵
ocbkrizi	𤶿
ocbkyzwh	𤷀
ocbkbutu	𤷁
ocbkjm	𤷃
ocbkytyz	𤷊
ocbkddmc	𤷋
ocbkifyz	𤷌
ocbkvxrf	𤷏
ocbktmui	𤷒
ocbkjbyy	𤷜
ocbkxtxb	𤷞
ocbkgsyt	𤷥
ocbkiziz	𤷨
ocbkwfug	𤷬
ocbkpjmu	𤷲
ocbkkvmb	𤷷
ocbkgxer	𤷸
ocbkxbji	𤷹
ocbkfzyz	𤷺
ocbkirxb	𤷻
ocbkkljx	𤷾
ocbkerda	𤸂
ocbkzdyz	𤸃
ocbksiuv	𤸄
ocbkmbri	𤸅
ocbkwfug	𤸇
ocbkrfih	𤸌
ocbkwfsi	𤸍
ocbkrfsi	𤸐
ocbkqmvi	𤸕
ocbkfuqr	𤸗
ocbktdmb	𤸙
ocbkdccc	𤸞
ocbkujuj	𤸢
ocbkqmkl	𤸣
ocbkzima	𤸦
ocbkvcxn	𤸨
ocbkrfvv	𤸰
ocbkgsys	𤸶
ocbkyjdc	𤸹
ocbkhdqm	𤸺
ocbknuuz	𤸻
ocbkmixb	𤸽
ocbklwyt	𤸾
ocbkiuve	𤸿
ocbkriyu	𤹀
ocbkklui	𤹁
ocbkdadm	𤹃
ocbkhvmu	𤹄
ocbkycmu	𤹅
ocbkhetd	𤹇
ocbklbji	𤹈
ocbkucis	𤹊
ocbkhemb	𤹋
ocbkycho	𤹎
ocbkycxb	𤹏
ocbkrfnm	𤹑
ocbkerge	𤹚
ocbkqixb	𤹛
ocbkhuqp	𤹡
ocbkbwer	𤹢
ocbkhuhu	𤹣
ocbkjruv	𤹤
ocbkuguu	𤹥
ocbkkzhv	𤹦
ocbkxbdk	𤹧
ocbkdavv	𤹩
ocbkrfwf	𤹫
ocbkyuxn	𤹭
ocbklwxn	𤹮
ocbkihyz	𤹱
ocbkgstm	𤹲
ocbkyuda	𤹶
ocbkdcsi	𤹸
ocbkdcvi	𤹹
ocbkirvi	𤹻
ocbkrimw	𤹾
ocbkliyi	𤺀
ocbkriig	𤺁
ocbkdaba	𤺂
ocbkziui	𤺃
ocbkuiyz	𤺅
ocbktmgs	𤺆
ocbkrfbm	𤺇
ocbkjqho	𤺎
ocbkqrhe	𤺐
ocbklwxn	𤺑
ocbkciyj	𤺒
ocbkuibw	𤺔
ocbkihdc	𤺗
ocbkyaqm	𤺘
ocbkvivi	𤺙
ocbkgskz	𤺜
ocbkhuji	𤺝
ocbkyuxn	𤺟
ocbkrfuj	𤺠
ocbkhgui	𤺡
ocbklbho	𤺣
ocbkjrkz	𤺦
ocbkytqr	𤺩
ocbkkzyb	𤺵
ocbkmayz	𤺶
ocbkhunj	𤺿
ocbkzixb	𤻁
ocbksixk	𤻂
ocbkriyh	𤻈
ocbkrfnn	𤻉
ocbkmuly	𤻋
ocbkyuqm	𤻍
ocbkriho	𤻗
ocbkvxxb	𤻘
ocbklbrz	𤻚
ocbkcche	𤻜
ocbknmis	𤻠
ocbkyiyz	𤻢
ocbkcsri	𤻣
ocbkhevi	𤻤
ocbkxige	𤻦
ocbkvvxb	𤻮
ocbkjqig	𤻯
ocbkfusi	𤻰
ocbkqtge	𤻵
ocbkbjmb	𤻷
ocbkrfgs	𤻸
ocbkmnis	𤻹
ocbkjimu	𤻿
ocbkbkwf	𤼄
ocbklyqr	𤼇
ocbkyubw	𤼊
ocbkcsjq	𤼋
ocbklbxl	𤼍
ocbkhwmb	𤼎
ocbkccvv	𤼐
ocbklbgu	𤼑
ocbkcvjs	𤼒
ocbkmanm	𤼔
ocbkluzu	𤼗
ocbkyjsi	𤼙
ocbkwjis	𤼚
ocbkngui	𤼛
ocbkbiis	𤼜
ocbkxbif	𤼝
ocuzcchd	𤼞
ocbkbwbw	𤼟
ocbkvvnn	𤼡
ocbksida	𤼤
ocdgsiwu	𤼫
ocdgviyz	𤼬
ocdgvxqn	𤼮
ocdggsri	𤼰
occcdgwf	𤼱
ocdggswf	𤼲
ocdgtuuu	𤼳
ocdgqucc	𤼴
ocdggsui	𤼵
ocdgbwuu	𤼺
ocdgdzyz	𤼼
ocbduuhg	𤼿
ocbduuba	𤽄
ocbduuve	𤽆
ocbdirhg	𤽋
ocbduhhg	𤽓
ocbdxnhg	𤽔
ocbddmwu	𤽕
ocbduipp	𤽖
ocbduhve	𤽗
ocbdkluu	𤽚
ocbdcehg	𤽛
ocbdbagj	𤽝
ocbddauu	𤽟
ociaiabd	𤽠
ocbdxihg	𤽧
ocwjvhbd	𤽩
ocbdpper	𤽪
ocbddasj	𤽫
ocbddarf	𤽬
ocbdmuxy	𤽰
ocbdirri	𤽳
ocbddayz	𤽻
octmribd	𤾄
ocgsgsbd	𤾊
ocbdjqqm	𤾋
ocbdbddz	𤾍
ocbdbdnq	𤾎
ocbdbdmu	𤾏
ocbdfgbi	𤾐
ocbdqmgj	𤾑
ocbdtmrs	𤾒
oclilibd	𤾕
ocbdyzkz	𤾘
ocbdbcfh	𤾜
ockzfubd	𤾞
ocbdyefu	𤾣
ocbddivi	𤾤
ocbdgskz	𤾦
ocbdbdbd	𤾩
ocbdbdda	𤾪
ocbdccuu	𤾴
ocbdjibw	𤾶
ocbdccww	𤾸
ocbdyukz	𤾻
ocbdcckv	𤾼
ocbdvxji	𤾽
ocxijqvc	𤾿
ocbdxnxn	𤿁
ocbdvxcy	𤿃
ocbdirir	𤿄
ocbaerpi	𤿑
ocujgjpi	𤿣
ocdcizpi	𤿥
ocqmripi	𤿪
ockzizpi	𤿮
ocifyzpi	𤿳
ocdcjqpi	𤿷
ocizizpi	𤿿
octuyhpi	𥀀
ocdcuipi	𥀄
ocbwbcpi	𥀅
ocqmjqpi	𥀈
ocqmklpi	𥀉
ocpicctm	𥀋
ocuipiuu	𥀎
ocwfmupi	𥀏
ocvorfpi	𥀐
ocpicchv	𥀑
ocpivstm	𥀒
ocpivshv	𥀖
ocyupipi	𥀘
ocrzpipi	𥀙
ockzhvpi	𥀚
ocpikzhv	𥀜
occsripi	𥀟
ocsivepi	𥀡
ocycbcpi	𥀣
ocpirifh	𥀤
ocriytpi	𥀦
ocsilqpi	𥀧
ocirvepi	𥀰
ocvupibw	𥀷
ocyjsipi	𥀺
ocvupiqi	𥀻
ocvupils	𥀼
ocvupixb	𥀽
ocjixlkz	𥀾
ocdahgmb	𥁋
ocklppmb	𥁖
ocgeppmb	𥁘
ocvegemb	𥁝
ocbkffmb	𥁣
ocuvrfmb	𥁤
ocjijimb	𥁥
ocuvtomb	𥁩
ocsigemb	𥁪
ocgeermb	𥁫
ocbdsimb	𥁬
ocsipimb	𥁱
ocuvvsmb	𥁵
ocqiklmb	𥁶
ocytybmb	𥁺
ocriybmb	𥁻
ocuvdimb	𥁼
ocytqrmb	𥁾
octukzmb	𥂁
ocmcbcmb	𥂂
ocrfjlmb	𥂃
ocmupmmb	𥂄
ocququmb	𥂊
ocxkyzmb	𥂎
ocvzyzmb	𥂏
ocvzqrmb	𥂐
ocsijqmb	𥂒
ocyuvfmb	𥂔
ocuvlumb	𥂖
ocjsytmb	𥂗
ocyzybmb	𥂘
ocdavvmb	𥂙
ocxbwfmb	𥂚
ocyutmmb	𥂛
ocrffumb	𥂜
ocrfqqmb	𥂝
ocycjqmb	𥂞
ocifyzmb	𥂠
ocwfgomb	𥂡
ocgujqmb	𥂤
ocddgemb	𥂥
ocyzyzmb	𥂧
ocgubcmb	𥂩
ocwfrfmb	𥂬
ocifkzmb	𥂭
occctjmb	𥂯
ocyzgumb	𥂰
ocdapumb	𥂱
ocjbpumb	𥂲
ocuvyumb	𥂵
ocwfiamb	𥂶
ocgcjumb	𥂷
ocyzyzmb	𥂹
ocgxtrmb	𥂻
ocvxtrmb	𥂼
occcxbmb	𥂿
ocwfrzmb	𥃀
ocxksimb	𥃁
ocwfklmb	𥃂
ocqrvfmb	𥃃
ocyzximb	𥃄
ocjbrimb	𥃅
ocifrfmb	𥃆
oclwmb	𥃇
ochuklmb	𥃈
ocifbimb	𥃉
ocycwfmb	𥃊
ochehuyu	𥃋
ocxbldmb	𥃌
ocxkxlmb	𥃍
ocycpumb	𥃎
ocwfpumb	𥃏
ocwfuumb	𥃐
ocpjxswf	𥃑
ochunkmb	𥃓
ocuvjqmb	𥃔
ockvjqmb	𥃖
octshomb	𥃘
ocybbjmb	𥃚
ocbjmbyb	𥃛
ocuvjqmb	𥃜
ocvcyzmb	𥃝
ocugrfmb	𥃟
ocifjmmb	𥃡
ocdcmmjm	𥃢
ocgdgdgd	𥃣
ocmuppji	𥃶
ocmuuuve	𥄀
ocmuveia	𥄁
ocuimuhg	𥄂
ocmuhgyc	𥄆
ocmuveir	𥄉
ocmuhgir	𥄊
ocmujqui	𥄌
ocmubaui	𥄖
ocmudmia	𥄗
ocbadcmu	𥄘
ocmuhger	𥄙
ocmuhgba	𥄚
ocmusiui	𥄜
ocmuhguj	𥄝
ocmuklyz	𥄞
ocmuycve	𥄩
ocmurfgj	𥄺
ocqiermu	𥄽
occchgmu	𥄾
ocmuuier	𥄿
ocmuuuna	𥅀
ocmurfli	𥅇
ocvshgmu	𥅌
ocmubakv	𥅎
ocmuhgri	𥅏
ocwjyzmu	𥅐
ocmuqmkl	𥅒
ocmurfye	𥅓
ocppytmu	𥅕
ocmuxsyz	𥅢
ocmuuigs	𥅣
ocuigekl	𥅤
ocsidcdc	𥅫
ocmubcyy	𥅬
ocmuerri	𥅭
ocuigemu	𥅰
occcvemu	𥅱
ocvibamu	𥅵
ocvjerjk	𥅶
ocucwfmu	𥅷
ocmuqmvi	𥅸
ocmuwfjb	𥅹
ocmuhgyy	𥆆
ocmugsbi	𥆈
ocmurfuu	𥆉
ocmuvivi	𥆊
ocmuve	𥆍
ocmuerve	𥆍
ocmusive	𥆎
ocmubder	𥆒
ocwfkzmu	𥆕
ocdamupu	𥆗
ocsivesi	𥆞
ocmuuikz	𥆠
ocmumubi	𥆢
ocmumuyz	𥆣
ocmuwuwh	𥆦
ocmujqer	𥆩
ocmutuuh	𥆮
ocmubitu	𥆯
ocmukzer	𥆰
ocmuwuuj	𥆲
occcdmmu	𥆳
ocdacymu	𥆴
ocmuhocc	𥆵
ocmuyiuz	𥆶
ocmujb	𥆷
ocmunvgk	𥆸
ocmuyzmu	𥇄
ocmumive	𥇆
ocmuklty	𥇈
ocmudcjq	𥇌
ocmuklhe	𥇘
ocdamumu	𥇛
ocmudagj	𥇝
ocmuvjtu	𥇞
ocmujnli	𥇟
ocwfmumu	𥇠
ocsidagj	𥇡
ocmuuikl	𥇤
ocmurfrf	𥇥
ocuuhomu	𥇨
ocmujqqn	𥇩
ocmuxnuv	𥇫
ocrfihmu	𥇮
ocmuwuwu	𥇯
ocmuwfmu	𥇱
ocmupjjb	𥇴
ocmuuikl	𥇵
ocmuuicc	𥇼
ocmumcmc	𥇾
ocmumuda	𥈀
ocmuxtyz	𥈃
ocmuerda	𥈇
ocmujuho	𥈈
ocmuqmjq	𥈊
ocmumufj	𥈍
ocmumuyc	𥈏
ocmudcui	𥈑
ocmuyccc	𥈒
ocmuklnv	𥈔
ocmuximb	𥈕
ocmudayh	𥈖
ocmuwfxn	𥈘
ocmuglvi	𥈚
ocmulqmu	𥈛
ocfumumu	𥈜
ocmucsxb	𥈝
ocmugskl	𥈞
ocmuzdyz	𥈟
ocuumpmu	𥈠
ocmuuuzz	𥈤
ocmuvxrj	𥈦
ocmumukd	𥈪
ocmumuyz	𥈫
ocmukzkv	𥈭
ocmusifh	𥈮
ocuiuimu	𥈷
ocmumumu	𥈸
ocmuvxjq	𥈺
ocmugstu	𥈻
ocbcjkmu	𥈽
ocmuxtmu	𥈾
ocmusiba	𥉀
ocmudauu	𥉁
ocuhuimu	𥉆
ocmujruv	𥉋
ocmucche	𥉌
ocmurfjm	𥉎
ocvorfmu	𥉏
ocmubimb	𥉓
ocmubcui	𥉕
ocmugvxb	𥉖
ocmuyumc	𥉗
ocmurfcs	𥉚
ocmuvehg	𥉝
ocmusimu	𥉞
ocmuxtxi	𥉡
ocmuyatu	𥉢
ocmuhogf	𥉤
ocmuujjm	𥉨
oclidmmu	𥉩
ocmulidm	𥉫
ocmulpho	𥉬
ocmudave	𥉱
ocmuyuvf	𥉾
ocmubujm	𥉿
ocmubcqu	𥊁
occssimu	𥊃
occcsimu	𥊄
ocmugljp	𥊆
ocifrfmu	𥊇
ocmuxthe	𥊉
ocmuhvui	𥊊
ocmulcmu	𥊏
ocmumuzi	𥊐
ocmurfyt	𥊕
ocmuxbwf	𥊙
ocuguumu	𥊧
ocndyzmu	𥊨
ocmuthzu	𥊰
ocklqrmu	𥊷
ocmuuixb	𥊸
ocglvvmu	𥊹
ocmulwsi	𥊻
ocmuuhya	𥊼
ocsibadi	𥊽
ocgsmuye	𥊾
ocmusiyz	𥊿
ocmuhgyz	𥋀
ocmubcdm	𥋁
ocmudcwf	𥋂
ocmuerer	𥋃
ocmuxiho	𥋄
ocisismu	𥋅
ocmuyuer	𥋉
ocmuppzo	𥋍
ocmurfmu	𥋎
ocmuybge	𥋏
ocmuuamu	𥋐
ocmuvcxb	𥋑
ocmuwhwf	𥋔
ocmuuvmb	𥋕
ocmuvuxn	𥋘
occcsimu	𥋚
ocmwzdyz	𥋜
ocmubcgs	𥋡
ocmudamu	𥋢
ocuhgjmu	𥋤
ocmumutu	𥋥
ocmulubi	𥋦
ocmulubi	𥋨
ocbcyzmu	𥋩
ocmumudk	𥋫
ocmubckl	𥋬
ocmusigj	𥋭
ocmuxiyj	𥋮
ocmujiyj	𥋯
ocmubcyu	𥋰
ocmubcmb	𥋱
ocmuwfhe	𥋶
ocmubcyc	𥋺
ocmuwhbw	𥋻
ocmuriho	𥌁
ocmuxtfh	𥌂
ocuubwmu	𥌄
ocmurfcc	𥌉
ocxbmuxb	𥌊
ocmuyjir	𥌌
ocmulqvi	𥌍
ocmumcsi	𥌐
ocvupimu	𥌒
ocmudcbw	𥌔
ocgepimu	𥌕
ocmumuyh	𥌖
ocmuzikl	𥌗
ocmusvmu	𥌘
ocmuluho	𥌜
ocmuycho	𥌝
ocuhyumu	𥌟
ocmusiyr	𥌡
ocmuboxi	𥌣
ocmuuili	𥌤
ocmufuie	𥌦
ocmumiye	𥌨
ocmufumu	𥌪
ocmugltu	𥌬
ocmuxmxi	𥌭
ocmuccwa	𥌯
occcsimm	𥌱
ocmuwfgj	𥌲
ocmuxmri	𥌳
ocnmtubi	𥌵
ocmuyubw	𥌶
ocmubcxb	𥌷
ocmumfjq	𥌸
ocmuyukz	𥌼
ocmundli	𥌿
ocmucsjq	𥍀
ocmuglmu	𥍄
ocrurfgj	𥍅
ocmuyjyz	𥍆
ocmumuwj	𥍈
occckzmu	𥍊
ocmucvjs	𥍋
ocmuxbho	𥍌
ocmuyuye	𥍎
ocmuyjho	𥍏
ocmuccle	𥍐
ocmuvugj	𥍒
ocmuglxn	𥍕
ocmuluuu	𥍗
ocmuuiyc	𥍘
ocxmxmxm	𥍙
ocmuujyj	𥍛
ocmuccvi	𥍜
ocmcrfye	𥍢
ocmcrfjb	𥍦
ocmcirxi	𥍧
ocmcjb	𥍯
ocmcdcui	𥍶
ocmccsxb	𥍷
ocmcxswf	𥍺
ocmcklnv	𥍻
ocmcsiba	𥎅
ocmcrive	𥎇
ocmcwfyz	𥎈
ocmcwfbw	𥎉
ocmccsxb	𥎋
ocmccsri	𥎏
ocmcjsiu	𥎐
ocmcjiri	𥎑
ocmcmkxb	𥎒
ocmcqudz	𥎓
ocmcuiis	𥎔
ocmcjsuu	𥎕
ocmcsimu	𥎙
ocmcnmtu	𥎚
ocmcjstm	𥎜
ocmcfubw	𥎞
ocmcwfvh	𥎟
ocmcdcuu	𥎠
ocmcmuho	𥎢
ocmcxtuu	𥎣
ocmctsho	𥎤
ocmcwfho	𥎥
oceruuui	𥎨
ocdcdcui	𥎫
ocveuive	𥎲
ocviihui	𥎼
ocuiujda	𥎽
ocrfcsui	𥏀
ocuivive	𥏁
ocrfihui	𥏂
ocuikzyu	𥏃
ocjiycui	𥏈
ocwfbiui	𥏉
ocyikzyz	𥏏
ocbiuijq	𥏑
ocuiricc	𥏓
ocbiuikl	𥏚
ocligeui	𥏛
ocuidagj	𥏢
ocuidagj	𥏣
ocuidakv	𥏤
ocuimukv	𥏦
ocuikztu	𥏧
ocybuibi	𥏰
ocuinmkv	𥏴
ocbiuiww	𥏶
ocbdtuui	𥏷
ocuirfyh	𥏻
ocuibdkv	𥏼
ocuihuhu	𥏽
ocuiqqkv	𥏾
ocuiyefu	𥐁
ocuhuiyu	𥐂
ocuivikv	𥐃
ocdrlqyi	𥐐
ocuiccvv	𥐓
ocihhgkz	𥐖
ociherkz	𥐘
ocuibave	𥐤
ocuippji	𥐥
ocuippfj	𥐲
ocuibcia	𥐷
ocuihgyc	𥐺
ocuiklyz	𥐼
ocuiuiyi	𥑄
ocuirfjq	𥑅
ocuigldk	𥑈
ocuiihsi	𥑉
ocuiuiyz	𥑊
ocuirfxn	𥑒
ocuiccuu	𥑓
ocuihudm	𥑗
ocuipprf	𥑚
ocuibcui	𥑟
ocuieedm	𥑣
ocuippgh	𥑨
ocuippyz	𥑩
ocuibcve	𥑪
ocuibcve	𥑯
ocgsdcui	𥑱
ocuiihba	𥑽
ocuiuvyu	𥒀
ocuiuiye	𥒃
ocuigeer	𥒎
ocuiriia	𥒏
ocuihgug	𥒑
ocuivivi	𥒔
ocuivxsi	𥒗
ocuiqruc	𥒙
ocuippsi	𥒛
ocuidcdc	𥒢
ocuiyzgs	𥒣
ocuiiruj	𥒤
ocuiyzzz	𥒧
ocuirfxn	𥒨
ocuibkbk	𥒩
ocmuuitu	𥒯
ocuiccve	𥒴
ocuivldm	𥒹
ocgsjiui	𥒽
ocuiviwj	𥒿
ocuimubi	𥓀
ocuiyzui	𥓆
ocxiviui	𥓇
ocuihvui	𥓈
ocuidcjq	𥓒
ocuitmui	𥓓
ocuivxrf	𥓕
ocuirimu	𥓖
ocuilwer	𥓗
ocuihgyc	𥓛
ocuikldn	𥓟
ocuihgrf	𥓠
ocuivizz	𥓢
ocuirirs	𥓣
ocuiujbc	𥓤
ocuijqve	𥓦
ocnqnqui	𥓧
ocuikduz	𥓨
ocuituui	𥓩
ocuibcfz	𥓮
ocuifhfh	𥓯
ocuiirvg	𥓱
ocuiirtm	𥓲
ocuiccui	𥓹
ocmcwfui	𥓺
ocuixswf	𥓻
ocuijumu	𥓼
ocuiqmjq	𥓾
ocuizoyt	𥓿
ocuijqtu	𥔄
ocuiklrf	𥔆
ocuidamk	𥔇
ocuiihxb	𥔈
ocuixtyz	𥔉
ocuijivi	𥔊
ocuiklnv	𥔌
ocuilikz	𥔎
ocfgtmui	𥔏
ocuitdmb	𥔐
ocuizdyz	𥔑
ocuiguyu	𥔓
ocuiuiho	𥔕
ocuirfie	𥔚
ocuippds	𥔝
ocuibdmu	𥔟
ocuipdkz	𥔠
ocuiuigs	𥔤
ocuiirkl	𥔥
ocuiuvui	𥔨
ocuilwir	𥔪
ocuiwwcc	𥔫
ocuixnbw	𥔭
ocuikzkv	𥔲
ocuiuiuu	𥔳
ocuiugui	𥔴
ocuiccyc	𥔵
ocuiqlsi	𥔶
ocuivxvi	𥔺
ocuiuuui	𥔼
ocuicche	𥔽
ocuiwfer	𥕁
ocuilwho	𥕃
ocuixtqp	𥕅
ocuihehe	𥕆
ocuiklkl	𥕇
ocuiihvi	𥕈
ocuiihxi	𥕉
ocuihuqp	𥕑
ocuiglxi	𥕒
ocuihuhu	𥕕
occcsiui	𥕗
ocuiugui	𥕙
ocuihoxy	𥕚
ocuimiui	𥕝
ocuiuiyu	𥕟
ocuiihdm	𥕠
ocuilqyi	𥕦
ocuigsis	𥕨
ocuicczz	𥕩
ocuifuzi	𥕪
ocuiihvf	𥕫
ocuivxfz	𥕬
ocycjqui	𥕭
ocuierer	𥕷
ocuilwxn	𥕺
ocuijbyz	𥕼
ocuigsbi	𥕾
ocuiglwf	𥖂
ocuizinv	𥖃
ocuimfkd	𥖆
ocuiccji	𥖈
ocuikzmm	𥖊
ocuivivi	𥖋
ocuippzo	𥖌
ocuvciui	𥖍
ocyclbui	𥖎
ocuixbzi	𥖒
ocvuuuui	𥖗
ocuiufge	𥖘
ocvigfui	𥖞
ocxibcui	𥖥
ocuibinn	𥖧
ocvupiui	𥖫
ocuifgji	𥖬
ocycbcui	𥖯
ocuiujgc	𥖱
ocieuuui	𥖳
ocuicsfz	𥖴
ocuivxxb	𥖵
ocuibcba	𥖶
ocuidcji	𥖷
ocuiihli	𥗃
ocuivodz	𥗅
ocuifuie	𥗇
ocuilbzu	𥗈
ocuiuiui	𥗉
octsbcui	𥗑
ocuimayi	𥗗
ocuisfuz	𥗘
ocugbiui	𥗚
ocuiriyj	𥗟
ocuiyexm	𥗢
ocyipiui	𥗣
ochgbclw	𥗤
ocwfkzlw	𥗧
ocuiccyi	𥗨
ocuiccjl	𥗪
ocuitmtu	𥗬
ocuiyswa	𥗯
ocuiyzif	𥗰
ocuipiui	𥗲
ocuiyuui	𥗵
ocxlgvui	𥗶
ocuiuiyi	𥗷
ocuiiaif	𥗸
ocuicclj	𥗺
ocuiyuyj	𥗻
ocuiujlo	𥗿
ocuiriyi	𥘀
ocuifzuj	𥘄
ochguuer	𥘅
ocppcchg	𥘠
ocpphgyc	𥘢
ocppjqui	𥘧
ocdabaui	𥘾
ocpprfye	𥙁
ocpprfxn	𥙄
ocppsiyz	𥙈
ocppujge	𥙏
ocppdakz	𥙗
ocpprfjb	𥙚
ocpphgqq	𥙠
ocpprfdj	𥙡
ocppdmqi	𥙤
ocppjihg	𥙥
ocppmutu	𥙭
ocppndgu	𥙯
ocppqitu	𥙰
ocppuikz	𥙱
ocppuvtu	𥙲
ocppjikl	𥙸
ocppbckz	𥙻
ocppercs	𥙽
ocppndgu	𥚁
ocppirtm	𥚉
ociuuiwu	𥚋
ocppuiju	𥚍
ocppbitu	𥚐
ocppdakv	𥚓
ocnidcui	𥚘
ocppdjgs	𥚜
ocppkzyt	𥚝
ocppjquu	𥚞
ocppppgu	𥚟
ochohoui	𥚡
ocppndkz	𥚣
ocppdcui	𥚦
ocppzoyt	𥚨
oclwuiuu	𥚪
ocpphecc	𥚫
ocppbcfz	𥚬
ocppburj	𥚳
ocppkzer	𥚶
ocpprfyu	𥚼
ocppppgu	𥚽
ocppxswf	𥚾
ocppjrnv	𥚿
ocppxtyz	𥛀
ociuuiba	𥛁
ocppyzyt	𥛂
ocppxtxt	𥛃
ocppvipp	𥛄
ocppvzyz	𥛆
ocppgsgs	𥛇
ocppjigs	𥛈
ocpprfqi	𥛏
ocppyzkz	𥛒
ocuhuiui	𥛓
ocppihrf	𥛕
ocppvxri	𥛗
ocpprfyh	𥛙
ocbcxiui	𥛛
ocpphuqp	𥛜
ocppxydj	𥛠
ocppvjtu	𥛡
ocbiuifu	𥛤
ocppglyu	𥛩
ocppglsi	𥛪
ocuhuimi	𥛬
ocppmcjs	𥛯
ocpptmgs	𥛴
ocppbivf	𥛺
ocppccih	𥛼
ocppqitm	𥛽
ocppcsri	𥛾
ocppgstu	𥛿
ocbiuixx	𥜂
ocppsixk	𥜃
ocgssiui	𥜄
ocpphuui	𥜅
ocppjyyh	𥜉
ocppriho	𥜏
ocpptutm	𥜑
ocppuuuu	𥜕
ocuuyiui	𥜖
ocwfkzui	𥜘
ocmiuiye	𥜛
ocppjiye	𥜝
ocpnjqqn	𥜞
ocpperli	𥜡
ocppgljy	𥜢
ocpplcgs	𥜣
ocppbwyi	𥜥
ocppertu	𥜦
ocppyukz	𥜧
ocppkldz	𥜨
ocppihvi	𥜩
ocpprfnj	𥜫
ocpperwh	𥜬
ocppwfuu	𥜭
ocpplujy	𥜮
ocppluzi	𥜯
ociuuiwf	𥜱
ocppqmwf	𥜶
oclwuiwf	𥜷
ocppluuu	𥜸
ocjiuiwf	𥜹
ociuzsvv	𥜺
ocppklsi	𥜻
ocrfbasi	𥜼
ocuuiasi	𥜽
ocuhxssi	𥜾
ocirklsi	𥝁
occciasi	𥝄
ocjqklsi	𥝅
ocjxjqkl	𥝆
ocxbjqsi	𥝈
ocycbcyu	𥝊
ocxbjqsi	𥝋
ochebcpp	𥝢
ocherfdm	𥝨
ochehgyc	𥝮
ocherfui	𥝺
ocheihto	𥝾
ocherfye	𥞀
ochejquj	𥞇
ocheppdk	𥞉
ocheuier	𥞓
ocheccer	𥞕
ochedakl	𥞗
ocherfer	𥞙
ochexser	𥞝
ochewfri	𥞞
ocheuviu	𥞟
ocgskzhe	𥞣
ocuibche	𥞤
ocheuigs	𥞭
ochedcdc	𥞮
ochedmpk	𥞯
ochetmer	𥞷
ocheuikz	𥞸
ocuvdche	𥞹
ochewfyt	𥞼
ochextuv	𥞾
ocuukzhe	𥟃
ochetmnd	𥟄
ochewfzi	𥟆
ochetmui	𥟑
ocherida	𥟔
ochebcxn	𥟖
ocheyzqi	𥟗
ocriujhe	𥟙
ochebitu	𥟚
ochexsyz	𥟛
ocirdche	𥟜
ochevxqi	𥟝
ochevxqi	𥟞
ocdjujhe	𥟟
ochebiri	𥟠
ochejm	𥟥
oclirfxn	𥟦
ocheccmc	𥟪
ocvjiahe	𥟫
ochexnys	𥟬
ochekzyt	𥟮
ochevetu	𥟯
ocheqmhg	𥟰
ocrfuuhe	𥟲
ochevxcy	𥟳
ochejqri	𥟵
ocheiziz	𥟷
ocirdche	𥟸
ochejier	𥟺
ocheccbu	𥟼
ochebdpp	𥠇
ochekzer	𥠋
ocrfxihe	𥠌
ochebuug	𥠍
ochetmsi	𥠎
ocheppdj	𥠐
ochebcxn	𥠖
ocheppds	𥠗
ocheccqp	𥠙
ochebkwf	𥠛
ocheriui	𥠝
ocheqmuj	𥠞
ocbaquhe	𥠠
ochecsxb	𥠡
ochewfwh	𥠢
ocwfklhe	𥠤
ocheuiyh	𥠧
ochesixn	𥠩
ocmcwfhe	𥠪
ochejisi	𥠫
ocheccvj	𥠯
ochetmji	𥠰
ochexsbi	𥠴
ocheccer	𥠸
ocheyzvi	𥠻
ociyhehe	𥠼
ocfuhehe	𥡀
ocmirfxn	𥡁
ochedcdm	𥡄
ochebduj	𥡆
ochebdsi	𥡊
ochezigs	𥡋
ochedcdm	𥡌
ochemhir	𥡍
ochebajb	𥡎
ochetmmu	𥡏
ochezifh	𥡐
ochewfhg	𥡑
ochewfer	𥡒
ochemiwu	𥡓
ochebita	𥡔
ocheuiui	𥡖
ochegsys	𥡘
ochemigz	𥡚
ocuiuuhe	𥡛
ocheyzvi	𥡞
ocheyzho	𥡤
ochecsxb	𥡥
ochehuqp	𥡧
ochefufh	𥡨
ocheluwj	𥡩
ocuihejx	𥡮
ocsiklhe	𥡰
ocheyzho	𥡱
ocheyzri	𥡳
ocheyzri	𥡴
ochevgxb	𥡷
ocherfkz	𥡺
ocbdujhe	𥡻
ochepper	𥡼
ochedcwf	𥡽
ochefuys	𥡾
ochemiju	𥢀
ochebcdk	𥢃
ocheyzwf	𥢄
ocheccuu	𥢇
ochehgge	𥢈
ocuihekl	𥢉
ocheqitm	𥢋
ocheziui	𥢐
ocheyzjq	𥢑
ochewffg	𥢓
ocheyzvo	𥢔
ochekyhe	𥢖
ocheuiyy	𥢘
ocuiheye	𥢙
ocxihepd	𥢝
occcmuhe	𥢞
ocheguqm	𥢟
ocheerer	𥢠
ocheulhg	𥢡
ochebduj	𥢣
ocheppzo	𥢤
ochebwho	𥢦
ocheybge	𥢧
ocheyuxn	𥢩
ocuiulhe	𥢮
ocheqmhg	𥢰
ocheheig	𥢲
ocmhhefj	𥢵
ochewfhv	𥢺
ochecibw	𥢼
ochevsho	𥢾
ochekztk	𥢿
ocheucuj	𥣀
ocrfcehe	𥣃
ochefuhe	𥣆
ochefuho	𥣇
ocxlugnw	𥣉
ochetmvi	𥣊
ocheujys	𥣌
ochegsfg	𥣍
ochexidz	𥣎
ocheziho	𥣏
ocheuivi	𥣔
ochebayi	𥣕
ocvumuhe	𥣚
ochebmhe	𥣝
ochedcyu	𥣟
ocrfgjhe	𥣠
ocheuiir	𥣡
ocheuigs	𥣢
ocheriba	𥣣
ocheheqr	𥣤
ochemuuv	𥣥
ocheuivi	𥣦
ochextyz	𥣨
ocheqtge	𥣩
ochefubw	𥣪
ochelw	𥣬
ochezifh	𥣰
ocheldhv	𥣱
ochetmhe	𥣲
ochebcfj	𥣳
ochejibw	𥣶
ocrituhe	𥣷
ochehedz	𥣸
ocheijho	𥣹
ocheqmtu	𥣺
ocykhehe	𥣻
ocheiugv	𥣼
ocheppyz	𥣾
ocheuulb	𥣿
ochewfgj	𥤁
ocheyima	𥤂
ochemiiy	𥤄
ochemiyz	𥤅
ochevucj	𥤇
ochebmyz	𥤈
ocheccvv	𥤊
ochezivi	𥤍
ochetsho	𥤎
ochemucy	𥤏
ochetmtu	𥤐
ochebmui	𥤑
octuyubw	𥤒
ocuaheuu	𥤔
ocheheuu	𥤕
ocvulyhe	𥤖
ocheccvi	𥤙
ochegvho	𥤚
ochedcho	𥤛
ochecckz	𥤜
ochehomm	𥤠
ocmamahe	𥤡
ocppkler	𥤢
ocdmklcc	𥤬
ocxtppqi	𥤭
ocxtverf	𥤳
ocxtdaba	𥥍
ocxtkzdc	𥥎
ocxtcckl	𥥏
ocxthgpp	𥥒
ocxtklcc	𥥚
ocxtppyz	𥥜
ocxtwuyz	𥥞
ocxtgjdm	𥥢
ocxtyzho	𥥦
ocxtxtxt	𥥨
ocxtwuui	𥥫
ocxtdcxb	𥥬
ocxttukz	𥥭
ocxtqmvi	𥥲
ocxtqikl	𥥹
ocxtjbjk	𥥼
ocxtxiho	𥥿
ocxtuimu	𥦃
ocxtizer	𥦅
ocxtdcjq	𥦇
ocxtxbff	𥦋
ocxtricc	𥦍
ocxtrida	𥦏
ocxterkl	𥦐
ocxtercs	𥦑
ocxtbdbi	𥦒
ocxttmba	𥦕
ocxtkzdz	𥦖
ocxtkzxb	𥦗
ocxtifyz	𥦞
ocxtjqve	𥦣
ocxtuzww	𥦤
ocxtxmrf	𥦥
ocxtriyz	𥦦
ocxtvzdc	𥦧
ocxtklve	𥦪
ocxtbaxi	𥦬
ocxtkzkz	𥦮
ocxtxivg	𥦰
ocxtyrwf	𥦲
ocxtytba	𥦴
ocxtytwf	𥦵
ocdcjqxt	𥦶
ocxtwfdc	𥦹
ocxtrfjb	𥦻
ocxtuimu	𥦼
ocxtgrxb	𥦾
ocxtxbkz	𥦿
ocxtjbuu	𥧀
ocxtgsdc	𥧂
ocxtpjbk	𥧃
ocxtridm	𥧄
ocxtbibw	𥧅
ocxtnnbk	𥧈
ocxtpjww	𥧌
ocxtpjdj	𥧍
ocbwxtxs	𥧐
ocxtbcxk	𥧗
ocxtmmhg	𥧘
ocxtwwww	𥧙
ocxtnvzo	𥧚
ocxtsixb	𥧛
ocxtviyz	𥧞
ocxtgvxb	𥧟
ocxtbiyz	𥧠
ocxtermc	𥧢
ocxtrijm	𥧤
ocxtxbgc	𥧦
ocxtbimb	𥧧
ocxtuibw	𥧨
ocxtyuvf	𥧯
ocxtkxgx	𥧰
ocxtuvvz	𥧲
ocxtccho	𥧳
ocxtxblu	𥧴
ocxtxbgo	𥧵
ocxtnqdd	𥧷
ocxthowu	𥧸
ocxtertd	𥧺
ocxthgcs	𥧻
ocxtxbyu	𥧼
ocxtrfmu	𥧽
ocxtuiqm	𥧾
ocxtufwf	𥨂
ocxtufuu	𥨃
ocxtgswf	𥨄
ocxtkzuu	𥨈
ocxtpjyj	𥨉
ocxtpjvz	𥨊
ocxtqitm	𥨌
ocbwxtqy	𥨏
ocxtgsdc	𥨐
ocxtbimu	𥨑
ocxtiuyz	𥨒
ocxtjbvi	𥨓
ocxtlclc	𥨔
ocxtuijm	𥨖
ocxtjqjk	𥨗
ocxtnqgo	𥨘
ocxtuvgo	𥨙
ocxtufmc	𥨚
ocqucctu	𥨜
ocxtrfyz	𥨝
ocxtyuxn	𥨞
ocxttumb	𥨠
ocxtrfvf	𥨡
ocxtisyz	𥨢
ocxtdajs	𥨤
ocxtjqji	𥨥
ocxtqrvi	𥨦
ocxtufyi	𥨪
ocxterer	𥨬
ocxtyhxb	𥨭
ocxtlcuh	𥨮
ocxtxbdg	𥨰
ocxtpjnv	𥨲
ocxterge	𥨳
ocxtxkho	𥨴
ocxtufgo	𥨵
ocxtpjkz	𥨷
ocxtlwgo	𥨸
ocxtiumi	𥨺
ocxtvuji	𥨼
ocxtheho	𥨽
ocxthgmu	𥩀
ocxtvurf	𥩁
ocxtximi	𥩂
ocxtgvue	𥩄
ocxtvuxk	𥩅
ocxtbmgo	𥩈
ocxtlclc	𥩊
ocxttumm	𥩋
ocksksks	𥩌
ocxtyuve	𥩎
ocxtvvnn	𥩏
ocxttubw	𥩐
ocxtyudj	𥩑
ocxtpjyj	𥩒
ocxtgskz	𥩓
ocliwfve	𥩚
oclibchg	𥩟
ocliriuu	𥩬
ocliqikz	𥩭
oclirfna	𥩷
oclitucy	𥩸
ocwhytli	𥩿
ocliyzqn	𥪁
oclibciu	𥪃
oclikljb	𥪄
ocliujuc	𥪈
oclitmui	𥪎
oclierrf	𥪐
ocliernq	𥪑
ocliuicc	𥪒
oclijqve	𥪖
oclidmvs	𥪝
oclidmnw	𥪞
ocifrfli	𥪡
oclisimd	𥪣
ocifjbli	𥪨
ocliccdo	𥪫
oclihuuv	𥪬
oclilier	𥪰
ocqmjqqp	𥪵
oclicsri	𥪶
ocliccwo	𥪺
oceryzli	𥪻
oclikeke	𥪼
oclinmli	𥪽
oclihguu	𥫀
ocliytyi	𥫄
ocsiihli	𥫅
oclimigs	𥫆
oclixiuu	𥫇
oclirigs	𥫈
ocliwfgj	𥫉
ociulili	𥫋
oclinmtu	𥫍
ocliuukz	𥫐
ocvhcsxb	𥫑
ocvhgsxb	𥫒
ocvhvoul	𥫓
ocvhjlbw	𥫔
ocvhkzvo	𥫕
ocvhkzyc	𥫖
ocrfuuvu	𥫧
ocvuuuna	𥫪
ocvuppqi	𥫬
ocgegege	𥫮
ocvubcjq	𥫷
ocvuklna	𥫻
ocvuxtuu	𥬁
ocvuhgir	𥬂
ocvugsji	𥬑
ocvuuiyz	𥬖
ocvuppfu	𥬘
ocvurfuh	𥬚
ocvuppvi	𥬛
ocvubcbi	𥬜
ocvugsdc	𥬣
ocvubauh	𥬧
ocvuyukl	𥬬
ocvuwhji	𥬶
ocvuuhxx	𥬷
ocvundmu	𥬸
ocvuklba	𥬺
ocvuveqi	𥬻
ocvuriia	𥬽
ocvubcuh	𥬿
ocvutuuc	𥭀
ocvuxbfj	𥭂
ocvulijb	𥭄
ocvutukz	𥭅
ocvujxhg	𥭆
ocvuqmuj	𥭇
ocvuuvwh	𥭎
ocvuvxcy	𥭐
ocvuklty	𥭒
ocvuvjdc	𥭔
ocvuytuc	𥭖
ocvuerve	𥭙
ocvuve	𥭙
ocvuyzqn	𥭢
ocvurive	𥭣
ocvuklfg	𥭤
ocvuqrjb	𥭦
ocvuritu	𥭧
ocvubder	𥭨
ocvuuujs	𥭩
ocvurfpi	𥭪
ocvuerer	𥭫
ocvuytto	𥭬
ocvufgbi	𥭯
ocvufjmu	𥭰
ocvukzve	𥭱
ocvurive	𥭷
ocvurfvi	𥭸
ocvubcxi	𥭹
ocvulckz	𥭻
ocvuxtuv	𥭼
ocvuhgyi	𥭿
ocvuriuc	𥮀
ocvuuzji	𥮁
ocvurfyz	𥮂
ocvurfza	𥮃
ocvuytyi	𥮄
ocvuwhda	𥮅
ocvurfhv	𥮈
ocgsvugj	𥮌
ocvuvxrf	𥮍
ocvuqrcc	𥮎
ocvuuvbm	𥮓
ocvuhgsi	𥮔
ocvubcmi	𥮗
ocvuvzdc	𥮙
ocvucedc	𥮚
ocvudcjq	𥮛
ocvurive	𥮞
ocvukltu	𥮟
ocvuiziz	𥮢
ocvuiamu	𥮣
ocvuklbi	𥮦
ocvuwfmu	𥮧
ocvugsxb	𥮨
ocvukzyt	𥮪
ocvuklmi	𥮫
ocvukztu	𥮭
ocvuuimu	𥮮
ocvuuiqu	𥮱
ocvurfds	𥮴
ocvubctu	𥮶
ocvuqmyz	𥮷
ocvumurf	𥮹
ocvuvier	𥮺
ocvusidc	𥮻
ocvubcfz	𥮽
ocvurfug	𥯁
ocvuihgv	𥯅
ocvunvui	𥯉
ocvuxtuv	𥯐
ocvuxitu	𥯑
ocsyhgba	𥯗
ocvufhzi	𥯞
ocvurfuu	𥯣
ocvuqmjq	𥯥
ocvuzzva	𥯧
ocvuerda	𥯬
ocvuglia	𥯯
ocvusixb	𥯱
ocvuwfdd	𥯲
ocvukzkv	𥯳
ocvuzdyz	𥯴
ocvuytju	𥯷
ocvuuirf	𥯺
ocvumupm	𥯻
ocvubcji	𥯼
ocvulikz	𥯽
ocvubcue	𥯾
ocvuyyrj	𥯿
ocvukzmu	𥰀
ocvufhug	𥰁
ocvuhohe	𥰂
ocvuuvbk	𥰅
ocvurfig	𥰈
ocvurftm	𥰉
ocvugemb	𥰎
ocvuuzjl	𥰏
ocvugfjb	𥰐
ocvubkbi	𥰑
ocvurfdd	𥰒
ocvunwwu	𥰓
ocvusibi	𥰕
ocvurfjm	𥰖
ocvubdba	𥰗
ocvujiwf	𥰙
ocvueruc	𥰚
ocvuyjdc	𥰨
ocvujqcc	𥰩
ocvuruuz	𥰪
ocvujxkz	𥰫
ocvubcxk	𥰬
ocvujxke	𥰮
ocvuwucc	𥰰
ocvuiewj	𥰳
ocvuwjtm	𥰷
ocvurikz	𥰻
ocvuihrf	𥰽
ocvuuvkx	𥱀
ocvujsda	𥱁
ocvuyuuv	𥱂
ocvummvi	𥱃
ocvuklcc	𥱅
oclisitu	𥱆
ocvuerho	𥱇
ocvudcmu	𥱋
ocvuiefj	𥱍
ocvuuirj	𥱎
ocvujkrj	𥱏
ocvukzli	𥱐
ocvuqlsi	𥱑
ocvuuvwu	𥱒
ocvumuhg	𥱓
ocvuqisi	𥱕
ocvubkwu	𥱗
ocvugsmu	𥱘
ocvuerwf	𥱙
ocvumbmb	𥱚
ocvumujl	𥱝
ocvumifj	𥱞
ocvukzkz	𥱟
ocvukzgc	𥱠
ocvusiwu	𥱡
ocvusidd	𥱢
ocvuertn	𥱥
ocvusidz	𥱦
ocvuxkrf	𥱩
ocvurfih	𥱭
ocvuuzto	𥱮
ocvuxisi	𥱺
ocvuuvbw	𥱼
ocvuerwa	𥲁
ocvuuvgj	𥲂
ocvubcwf	𥲃
ocvujixb	𥲅
ocvuufyb	𥲇
ocvuhuhu	𥲉
ocvuxkxr	𥲋
ocvuccuu	𥲏
ocvujimu	𥲒
ocvuhgwh	𥲓
ocvuhgli	𥲔
ocvuccwf	𥲖
ocvuerdk	𥲗
ocvunuyi	𥲘
ocvujkjk	𥲙
ocvusifu	𥲛
ocvuhumb	𥲜
ocvuxtpi	𥲝
ocvuvshv	𥲞
ocvuxtxb	𥲡
ocvukllb	𥲢
ocvubwjb	𥲣
ocvuxiba	𥲦
ocvubwmc	𥲨
ocvuqrrf	𥲩
ocvuwfih	𥲪
ocvufhui	𥲬
ocvuridc	𥲮
ocvuliui	𥲰
ocvuqiuj	𥲲
ocvuuzvz	𥲳
ocvumuzi	𥲴
ocvuuzbk	𥲵
ocvuuzuu	𥲷
ocvurixn	𥲸
ocvuyzri	𥲹
ocvutmzc	𥲺
ocvumusi	𥲻
ocvurfpu	𥲼
ocvuzovi	𥲽
ocvubcww	𥲾
ocvuyuvf	𥲿
ocvuqiye	𥳁
ocvutmge	𥳂
ocvuqiwf	𥳃
ocvulwxn	𥳋
ocvumfkd	𥳐
ocvuuvxm	𥳒
ocvuhuvi	𥳠
ocvuvudm	𥳤
ocvuuhuc	𥳦
ocvuwhzz	𥳧
ocvuhuuu	𥳨
ocvulqdc	𥳩
ocvudmyt	𥳫
ocvuvidc	𥳭
ocvulwsi	𥳮
ocvumuxi	𥳯
ocvuxmxm	𥳱
ocvueryu	𥳲
ocvuycuu	𥳴
ocvuuvqm	𥳷
ocvutsbw	𥳸
ocvutsbw	𥳹
ocvuuzxb	𥳺
ocvuuvdu	𥳻
ocvuhehj	𥳼
ocvuwftu	𥴀
ocvuwfli	𥴁
ocvujxhg	𥴂
ocvucizc	𥴃
ocvubcvo	𥴄
ocvujiri	𥴉
ocvuerqm	𥴋
ocvumumu	𥴌
ocvumuuu	𥴍
ocvurfui	𥴎
ocvujbho	𥴏
ocvugsgs	𥴐
ocvuyzug	𥴑
ocvuvuvu	𥴒
ocvuppzo	𥴓
ocvurfmu	𥴔
ocvuqrqq	𥴕
ocvumuvo	𥴙
ocvuziui	𥴚
ocvuuier	𥴝
ocvumuww	𥴟
ocvumuuv	𥴠
ocvuqudz	𥴡
ocvuvzfg	𥴣
ocvumfbm	𥴥
ocvuhuui	𥴧
ocvumuhe	𥴭
ocvuglgv	𥴯
ocvuglho	𥴱
ocvumbxb	𥴲
ocvujixb	𥴳
ocvujbju	𥴴
ocvuriis	𥴵
ocvujlbw	𥴶
ocvusiuu	𥴸
ocvutucy	𥴾
ocvuglkz	𥴿
ocvurifh	𥵀
ocvulumb	𥵁
ocvumuxb	𥵅
ocvurfce	𥵋
ocvurfnn	𥵌
ocvurfbw	𥵎
ocvuyzqr	𥵏
ocvudajs	𥵐
ocvumukl	𥵑
ocvurijm	𥵒
ocvudjli	𥵘
ocvuihxn	𥵦
ocvuzifh	𥵨
ocvulipk	𥵪
ocvuwfwh	𥵭
ocvusinm	𥵮
ocvuujjp	𥵯
ocvumuge	𥵰
ocvugjuz	𥵱
ocvubcdc	𥵲
ocvuyuqp	𥵳
ocvumbxb	𥵴
ocvudmue	𥵶
ocvuzikl	𥵸
ocvumuxn	𥵺
ocvuwuui	𥵼
ocvuuigs	𥵽
ocvusimm	𥶀
ocvumflv	𥶆
ocvumull	𥶉
ocvumumb	𥶊
ocvuuvmb	𥶎
ocvuergv	𥶐
ocvuyjir	𥶒
ocvusing	𥶓
ocvuluho	𥶔
ocvuhuue	𥶕
ocvusidc	𥶖
ocvubimi	𥶗
ocvudmgc	𥶚
ocvuzuui	𥶛
ocvunvgu	𥶜
ocvujlcc	𥶝
ocvulhmb	𥶞
ocvupbxn	𥶟
ocvumucj	𥶠
ocvuiruv	𥶢
ocvulwgo	𥶤
ocvumuts	𥶥
ocvuxtgc	𥶧
ocvuuzri	𥶪
ocvunvmu	𥶫
ocvuhvho	𥶬
ocvuvoyu	𥶭
ocvumucv	𥶮
ocvuuizg	𥶰
ocvumiuu	𥶵
ocvuxkmi	𥶶
ocvuzzxy	𥶷
ocvuvrwa	𥶸
ocvuqimu	𥶺
ocvuuili	𥶾
ocvumfjq	𥶿
ocvulixb	𥷁
ocvugscc	𥷂
ocvujlmu	𥷃
ocvurfer	𥷄
ocvuihho	𥷅
ocvusiuu	𥷆
ocvumuts	𥷈
ocvuyuer	𥷉
ocvudjjb	𥷋
ocvurijb	𥷍
ocvuuzgj	𥷐
ocvuxmjn	𥷑
ocvuuito	𥷓
ocvuieba	𥷔
ocvuqimu	𥷕
ocvulbwa	𥷖
ocvuuzvd	𥷘
ocvusiuj	𥷙
ocvuxkhs	𥷚
ocvujqdj	𥷛
ocvuvvfg	𥷜
ocvuklba	𥷞
ocvuuvmb	𥷟
ocvuluia	𥷠
ocvuhojm	𥷡
ocvujbdc	𥷢
ocvugsyz	𥷣
ocvugjhs	𥷤
ocvuluzc	𥷦
ocvuuvvd	𥷧
ocvuuzjq	𥷪
ocvuccvv	𥷬
ocvurzwf	𥷭
ocvunmxu	𥷯
ocvuuvjq	𥷰
ocvuyuwf	𥷲
ocvuiiqi	𥷳
ocvuyhhs	𥷴
ocvuwhbi	𥷵
ocvuwhnv	𥷶
ocvuifpb	𥷷
ocvulwri	𥷸
ocvuvuvu	𥷹
ocvuyjmo	𥷺
ocvuyumi	𥷻
ocvujqzu	𥷼
ocvudmrz	𥷽
ocvusixs	𥷾
ocvutmuu	𥷿
ocvukzuu	𥸂
ocvumiuu	𥸃
ocvuyjri	𥸄
ocvuzivi	𥸅
ocvuytve	𥸆
ocvukzuu	𥸇
ocvuliye	𥸊
ocvuhvmi	𥸋
ocvuvivi	𥸌
ocvugcnv	𥸏
ocvukzjs	𥸑
ocvurixl	𥸒
ocvuuznp	𥸓
ocvuyjjp	𥸔
ocvuluuu	𥸖
ocvuuvjt	𥸘
ocvuzils	𥸙
ocvumdjm	𥸚
ocvujkgr	𥸜
ocvuyjti	𥸝
ocvuiiqi	𥸞
ocvuiidk	𥸟
ocvujiis	𥸢
ocvuhwvj	𥸣
ocvulyye	𥸤
ocppjimi	𥸫
ocmippji	𥸱
ocmiveda	𥸸
ocmiklhg	𥸻
ocmibcia	𥸼
ocuubcbm	𥹄
ocmiklyz	𥹉
ocmiqmui	𥹎
ocddyzmi	𥹏
ocuuvebm	𥹐
ocmierye	𥹗
ocjqwfmi	𥹛
ocuuyzmi	𥹟
ocmiklgs	𥹣
ocuvrfmi	𥹭
ocglxtmi	𥹺
ocmisipi	𥹼
ocmivxcy	𥹽
ocmihotu	𥹿
ocmivldm	𥺁
ocmivemi	𥺇
ociurfmi	𥺋
ocmiqpba	𥺎
ocmijb	𥺑
ocmiyzqn	𥺒
ocmitmui	𥺛
occcbcmi	𥺠
ocmierye	𥺡
ocmiiziz	𥺣
ocmiglgu	𥺨
ocmiqmbu	𥺩
ocmiwfyt	𥺪
ocmiklmi	𥺫
ocmidakv	𥺭
ocmirimu	𥺰
ocmikzyt	𥺳
ocmiuuyt	𥺵
ocmiuiui	𥺶
ocmibari	𥺸
ocmiujli	𥺺
ocvjrfmi	𥻆
ocbiuimi	𥻊
ocmivsri	𥻍
ocmigstu	𥻎
ocmiximi	𥻒
ocminmcc	𥻔
ocmihoww	𥻕
ocmixitu	𥻛
ocmitmqr	𥻜
ocmierda	𥻟
ocmiuuba	𥻪
ocizizba	𥻫
ocmikzer	𥻯
ocuiuimi	𥻳
ocmisibf	𥻸
ocmiqrji	𥻽
ocmimiji	𥻾
ocmihemi	𥼄
ocyawfmi	𥼅
ocuguumi	𥼆
ocmidgjb	𥼇
ocmidgcc	𥼈
ocmigsrj	𥼉
ocmiglbi	𥼊
ocwwwfmi	𥼋
ocmiqmgx	𥼎
ocmiienq	𥼏
ocmikzui	𥼐
ocmitmmi	𥼑
ocufddmi	𥼒
ocmiccys	𥼓
ocmidclu	𥼗
ocmiluho	𥼙
ocmiyefu	𥼜
ocmifwho	𥼞
ocmifwmu	𥼠
ocmidcbi	𥼡
ocmiccmu	𥼢
ocmihgho	𥼥
ocmihgtm	𥼦
ocmiirmi	𥼨
ocmicsri	𥼪
ocmidomi	𥼫
ocmimimi	𥼬
ocmisimi	𥼮
ocmisixk	𥼶
ocmizixb	𥼺
ocifanmi	𥼿
ociumivv	𥽀
ocmizisi	𥽃
ocmisixs	𥽄
ocmibkbi	𥽅
ocmiqudz	𥽈
ocmisigj	𥽉
ocmibmfj	𥽊
ocifrfmi	𥽏
ociflymi	𥽐
ocmifwmi	𥽑
ocmisamu	𥽒
ocmiycve	𥽖
ocmitmiz	𥽙
occcpimi	𥽚
ocmiyuwu	𥽛
ocycveve	𥽠
ocmixtho	𥽣
oczcuumi	𥽦
ocvugjmi	𥽧
ocmiyugs	𥽮
ocmiyumm	𥽯
ocjqmiug	𥽱
ocyejbmi	𥽲
ocmikzer	𥽳
ocmikeke	𥽴
ocmixijn	𥽶
ocmiyjsi	𥽸
ocmiccvv	𥽼
ocvjmiij	𥽽
ocmidsri	𥽾
ocyejqmi	𥽿
ocmiycjn	𥾀
ocmiluuu	𥾁
ocvjvjmi	𥾄
ocsiveve	𥾆
ocsippqi	𥾑
ocsieruu	𥾒
ocsiklpp	𥾔
ocsiklna	𥾙
ocsidcdc	𥾞
ocsidcba	𥾠
ocsikler	𥾢
ocsiyzyz	𥾤
ocsirfdm	𥾪
ocsihgve	𥾬
ocsihger	𥾳
ocsikzve	𥾴
ocsiwfln	𥾼
ocsippyz	𥿈
ocsirfkv	𥿐
ocsiklcc	𥿑
ocsibcfj	𥿒
ocsituia	𥿔
ocsippfg	𥿙
octudcsi	𥿚
ocsirfxn	𥿜
occcrfsi	𥿟
ocsibcme	𥿢
ocsirfer	𥿪
ocsiiags	𥿭
ocsindmu	𥿰
ocsikliz	𥿲
ocsiqimu	𥿴
ocsirfrf	𥿷
ocsiwfjb	𥿸
ocwfbcsi	𥿿
ocuigesi	𦀂
ocsiuijb	𦀃
ocsiklwu	𦀄
ocsidcri	𦀆
ocsihgtu	𦀇
ocsiihvi	𦀍
ocklsiyu	𦀒
ocsiyzqn	𦀔
ocsibitu	𦀘
ocsihghg	𦀞
ocsirfpi	𦀢
ocppycsi	𦀣
ocridasi	𦀤
ocjqhgsi	𦀥
ocsiuijb	𦀦
ocsieryz	𦀩
ocsiglqr	𦀫
ocsihokz	𦀭
ocsiwfnq	𦀮
ocsibutu	𦀰
ocxtmusi	𦀱
ocsiklfu	𦀶
ocsibder	𦀸
ocsiujnw	𦀼
ocsibatm	𦁃
ocsihgsi	𦁆
ocsirfxb	𦁇
ocligesi	𦁋
ocsijbyy	𦁌
ocsivxrf	𦁍
ocsidagj	𦁑
ocklqmve	𦁒
ocgebasi	𦁓
ocsitmxb	𦁔
ocddwfsi	𦁘
ocsiwfyy	𦁙
ocsiuuve	𦁚
ocsiwfmu	𦁛
ocsinmmu	𦁜
ocxbxbsi	𦁞
ocsiihyi	𦁟
ocsivizz	𦁡
ocsihgjb	𦁥
ocsihgdm	𦁨
ocsiihgv	𦁩
ocsihuyz	𦁭
ocsiyyyy	𦁮
ocsiiaia	𦁯
ocsiklcc	𦁰
ocsiuier	𦁱
ocsijquu	𦁴
ocsidcjq	𦁵
ocsibdgs	𦁻
ocsilcnk	𦂂
ocsitdmu	𦂅
ocsihvvi	𦂆
ocsihuwf	𦂇
ocsiqmjq	𦂉
ocsiwfwf	𦂊
ocsinimu	𦂋
ocsihohe	𦂏
ocsidcui	𦂐
ocsixiji	𦂑
ocsiccfu	𦂓
ocsippcc	𦂖
ocsijumu	𦂘
ocsijrtu	𦂙
ocsirfxn	𦂚
ocsiycgj	𦂜
ocsikzyt	𦂝
ocxisisi	𦂞
ochudssi	𦂟
ocsiwfxn	𦂠
ocsidayh	𦂡
ocsippqi	𦂢
ocsibcbd	𦂨
ocsifuli	𦂪
ocsixive	𦂬
ocsiklia	𦂮
ocsidcdm	𦂯
ocsidryz	𦂰
ocsihgbi	𦂲
ocifrfsi	𦂳
ocsiwhuj	𦂴
ocsirfna	𦂵
ocsilikz	𦂶
ocsiklkl	𦂷
ocifrfsi	𦃂
ocrfcssi	𦃃
ocsiycni	𦃉
ocsixbbi	𦃋
ocsivzyz	𦃌
ocsicscc	𦃍
ocsierge	𦃎
ocsiiuui	𦃒
ocsilrxb	𦃕
ocsiuixb	𦃘
ocrigssi	𦃙
ocrfcssi	𦃚
ocsiguer	𦃛
ocsiccsi	𦃝
ocsixbxb	𦃞
ocvxsisi	𦃟
ocsivstm	𦃠
ocsiwfsi	𦃡
ocsiyzkz	𦃣
ocsifzer	𦃥
ocuibcsi	𦃦
ocsibdui	𦃧
ocsijqmu	𦃨
ocsitmwf	𦃩
ocsimuer	𦃫
ocsicchd	𦃮
ocsitmpi	𦃯
ocsisidm	𦃰
ocsiycyh	𦃱
ocsimbtm	𦃴
ocsiklvv	𦃶
ocsiklug	𦃷
ocsiiryi	𦃽
ocsiwump	𦄅
ochukzsi	𦄊
ocsiluwj	𦄌
ocsibcqu	𦄎
ocsifwtu	𦄕
ocsihgdm	𦄖
ocsimubw	𦄗
ocsivxui	𦄘
ocsivuvg	𦄙
ocsizzcs	𦄚
ocsikztm	𦄛
ocsifgui	𦄜
ocsiihbm	𦄟
ocsiribc	𦄡
ocsiyigs	𦄣
ocsiwuif	𦄤
ocsiulvi	𦄥
ocsiuisi	𦄨
ocsiccri	𦄩
ocsiuier	𦄪
ocsivxkz	𦄮
ocsirfpu	𦄱
ocsibchg	𦄲
ocxtrfsi	𦄳
ocsiqiui	𦄴
ocsikzjp	𦄶
ocsiyefu	𦄾
ocsiyuwf	𦅄
ocsicsri	𦅊
ocsifuxb	𦅋
ocsijrsi	𦅌
ocsilwsi	𦅍
ocsihgho	𦅎
ocsierer	𦅏
ocuhsiye	𦅐
ocsilwxn	𦅒
ocsiheyu	𦅖
ocxigcxi	𦅚
ocsixtcy	𦅛
ocsiihmb	𦅟
ocsicchu	𦅢
ocsiwhwf	𦅣
ocsidcdm	𦅥
ocsiyebi	𦅧
ocujsiye	𦅨
ocrfrfsi	𦅪
ocdajisi	𦅬
ocsippcc	𦅳
ocwwvihg	𦅴
ocycuuxi	𦅸
ocxipzxi	𦅹
ocsilimb	𦅺
ocrfbasi	𦅽
ocmhsifj	𦆁
ocsirifh	𦆅
ocsicckz	𦆇
ocsiglho	𦆉
ocsijqli	𦆊
ocsiuibw	𦆋
ocsiwfda	𦆌
ocsiglzz	𦆍
ocsisigj	𦆎
ocsicckz	𦆏
ocsinmjb	𦆐
ocsiihtu	𦆑
ocsiiesi	𦆕
ocsidajs	𦆖
ocrfsiuc	𦆗
ocsibder	𦆘
ocsiklwf	𦆛
ocsiihmc	𦆡
ocsighuj	𦆢
ocsiuivi	𦆣
ocsirfjb	𦆤
ocsibcis	𦆥
ocsicsgs	𦆧
ocvxsisi	𦆩
ocdzbksi	𦆫
ocsicczz	𦆬
ocsisiwf	𦆮
ocsibcba	𦆯
occcccsi	𦆰
ocsidvdv	𦆳
ocsiriho	𦆴
ocsimmmm	𦆵
ocsiccyj	𦆶
ocsifwzd	𦆷
ocsiirve	𦆻
occcsiis	𦇂
ocsilw	𦇄
ocsihgbw	𦇅
ocsiyctu	𦇇
ocsirfgs	𦇈
ocsixixx	𦇉
ocsivxba	𦇌
ocsiuiuu	𦇍
ocsiccxb	𦇎
ocsisiyr	𦇏
ocsiycho	𦇐
ocsiychg	𦇓
ocsiytwf	𦇕
ocsizzxy	𦇗
ocsiluhe	𦇘
ochuccsu	𦇚
ocsiysys	𦇜
ocsiihxy	𦇟
ocsicchv	𦇠
ocsiyckl	𦇡
ocsiviri	𦇢
ocsiyubw	𦇣
ocsigsjl	𦇤
ocyjsijq	𦇥
ocsisiuj	𦇧
ocwfxmxi	𦇨
ocsiccuu	𦇪
ocsibdvi	𦇭
ocsiyequ	𦇱
ocsirftu	𦇲
ocsixbho	𦇳
ocyzklsi	𦇵
ocsiyuvi	𦇶
ocyjsidm	𦇷
ocsixijn	𦇸
ocsijssi	𦇹
ocrfsiyr	𦇻
ocsieris	𦇼
ocsimhyh	𦇽
ocsimfvj	𦇾
ocsimmmm	𦇿
ocrfsink	𦈀
ocrfsilv	𦈁
ocsiuiyc	𦈂
ocsijisi	𦈄
ocsitmyi	𦈅
ocmcjssi	𦈇
ocsiyzvi	𦈍
ocsixitu	𦈑
ocsitdmu	𦈒
ocsiriyu	𦈖
ocsicche	𦈘
ocsivxxb	𦈠
ocfzppqi	𦈤
ocgsjifz	𦈩
ocfzvevi	𦈫
ockzkzfz	𦈯
ocfzjm	𦈻
ocfzuuuz	𦈾
ocfzppqn	𦉀
ocfzhuyu	𦉄
ocfzkzyu	𦉅
ocrfcsfz	𦉈
ocfzhuuz	𦉋
ocfzhuuz	𦉌
ocmumufz	𦉍
ocfzhuhu	𦉑
ocycirba	𦉔
ocfzppzo	𦉖
ocfzuhya	𦉘
ocfzglho	𦉙
ocfzlbsi	𦉚
ocfzhudk	𦉛
octsbcfz	𦉝
ocifrffz	𦉞
ocfzbcsi	𦉠
ocfzriyy	𦉡
ocfzyukz	𦉢
ocyukzfz	𦉣
ocycbccy	𦉤
ocirvvfz	𦉥
ocwhbwfz	𦉦
ocglvvfz	𦉨
octmfztm	𦉩
ockluuuu	𦉫
ocbcbaui	𦉲
ocklcswh	𦉺
ocklulgj	𦉻
ocklbayu	𦉿
ocklrfwh	𦊀
ocbcbaqr	𦊅
ocbcbalq	𦊇
ockluuty	𦊉
ocklyzyt	𦊌
ocsiklyz	𦊔
ockliagu	𦊖
ocklyzwj	𦊗
ocbcbagu	𦊙
ocsikluj	𦊤
ocklbcsi	𦊦
ocklyzmu	𦊧
ocklrfqp	𦊨
ocklrfhe	𦊭
ocklsiyt	𦊰
ocklrfgv	𦊱
ocsibcsi	𦊳
ocsihgyi	𦊷
ocsiwfri	𦊸
ocklrfge	𦊹
ocklvemu	𦊻
ocsiqikl	𦊿
ocklrfyr	𦋀
ocklrfhj	𦋃
ocsibcgv	𦋅
ocsijm	𦋈
ocsimcmc	𦋋
ocklyzer	𦋌
ocsijqve	𦋍
ocbcbavo	𦋐
ocsixijb	𦋒
ocklrflu	𦋔
ocwhuive	𦋘
ocwhsive	𦋟
ocklyzyu	𦋢
ocsilnkl	𦋣
ocsicciu	𦋦
ocklrfyt	𦋩
ocsiuiyj	𦋪
ocwhyjdc	𦋬
ocwhsiba	𦋭
ocsigxgx	𦋯
ocghmavs	𦋱
ocsidouu	𦋲
ocsibcyj	𦋴
ocsiklhg	𦋶
ocsilnwf	𦋷
ocsiridm	𦋸
ocsisisi	𦋹
ocsihuqp	𦋾
ocsijxhg	𦌂
ocsiklui	𦌃
ocklsiyt	𦌄
ocsividm	𦌅
ockljqmu	𦌆
ocsiuuqm	𦌊
ocsigktu	𦌋
ocklgsdm	𦌌
ocklrfww	𦌍
ocklrfbi	𦌎
ocghyjmc	𦌓
ocsibavi	𦌖
ocklrfzg	𦌘
ocsixkwf	𦌙
ocbcbazg	𦌛
ocwhihuj	𦌞
ocsisidi	𦌢
ocsiyjlk	𦌣
ockllipu	𦌤
ocsiyudc	𦌥
ocsijkgx	𦌦
ocsiuvuj	𦌧
ocwhxxho	𦌨
ocsidayh	𦌩
ocsisiyj	𦌪
ocsijbxk	𦌫
ocsimavs	𦌭
ocsimumu	𦌮
ocklvsma	𦌯
ocwhmavs	𦌱
ocsilw	𦌵
ocsiyuqm	𦌸
ocsimakl	𦌹
ocjysiyi	𦌺
ocvisixy	𦌻
ocsirfyj	𦌽
ocsipisi	𦍁
ocsizuxy	𦍂
ocsirisi	𦍄
ocghzuxy	𦍅
ocsisiyr	𦍆
ocsiiffh	𦍇
ocsigevs	𦍈
oclolikz	𦍉
ocwhgevs	𦍊
occceruu	𦍋
ocyhppqi	𦍓
ocbagjna	𦍖
occctuho	𦍚
ocyhdmve	𦍛
ocyhhgyc	𦍝
occcgjiz	𦍟
ocyhrfye	𦍥
ocyhbcve	𦍨
occctuiz	𦍮
ocqmfucc	𦍰
ocyhwfji	𦍶
ocyhuicy	𦍸
ocxtxtyh	𦍽
ocyhbcyc	𦍿
ocyhkzda	𦎀
ocdayhwj	𦎃
ocyhrfsi	𦎅
ocyhxicy	𦎆
ocyhvetu	𦎉
ocyhbdba	𦎊
ocyhbder	𦎔
ocyhccnv	𦎕
ocqmuiuu	𦎖
ocyhjm	𦎗
ocyhrfkz	𦎙
ocruyhuz	𦎚
ocyhuidm	𦎜
ocmudayh	𦎝
ocyhxitu	𦎣
ocmcwfyh	𦎦
ocwfkzgj	𦎧
ocyhbckz	𦎩
ocwfkzyh	𦎫
ocuiyhuu	𦎯
ocyhriyu	𦎲
ocyhdabw	𦎳
ocyhuibw	𦎶
ockeuuyh	𦎼
ocyhccjm	𦎽
ocyhuinq	𦎾
ocyhbujm	𦏀
ocyhxqge	𦏁
ocyhbkkz	𦏂
ocyhjqjq	𦏇
ocyhihhe	𦏈
ocyhccjm	𦏊
ocyherer	𦏌
ocyhgstu	𦏍
ocdmgjuj	𦏎
ocheyhyh	𦏐
ocyhsiyi	𦏖
ocycbcgc	𦏗
occcgjbw	𦏙
occcgjtu	𦏚
ocwhytyh	𦏝
ocmhyhji	𦏞
ocgcyhho	𦏠
occctuxi	𦏡
ocyhkeke	𦏤
ocyherda	𦏥
ocyhujgj	𦏦
ocwfyhkl	𦏧
ocyhyisi	𦏨
ocyhyukz	𦏪
ocyhdjmc	𦏫
ocyhyjho	𦏬
ocyhdjyh	𦏭
ocyhhevv	𦏮
ocyhyjyj	𦏯
ocqlsisi	𦏱
ocveveuj	𦏲
ocyurfve	𦏶
ocrfhgyu	𦏾
ocdceryu	𦐃
occchgyu	𦐉
ockleryu	𦐎
ocyudcsi	𦐙
ocyuwjwj	𦐟
ochvhgyu	𦐫
ocyufwfw	𦐭
ocxtwfri	𦐮
ocxtnwer	𦐯
ocxtxtyu	𦐱
ocyubcri	𦐲
ocbibcyu	𦐳
ocucrfyu	𦐶
ocyuppce	𦐷
ocyubder	𦑀
ocriytyu	𦑉
ocyuhgsi	𦑐
ocxbzoyu	𦑑
ocqmuiyu	𦑒
ocfgfgyu	𦑓
ocrfnvyu	𦑔
ocyudcui	𦑚
ocyuqmjq	𦑣
ocxswfyu	𦑨
ocqmjqyu	𦑪
ocvsyuvf	𦑬
ocsibayu	𦑲
ocvivzyu	𦑳
ocyusiba	𦑶
ocyufuwj	𦑷
ocuvwfyu	𦑸
ocjqriyu	𦑹
ocyuriyu	𦑼
ocyzkzyu	𦑽
ocyuhgri	𦑾
ocyubcds	𦑿
ocniriyu	𦒂
occcsiyu	𦒃
ocyunmfu	𦒅
ocjiuuyu	𦒇
ocheccyu	𦒈
ocyufufh	𦒊
ocvorfyu	𦒋
ocbdnmyu	𦒌
ocmcjsyu	𦒑
ocyumcjs	𦒔
ocvidcyu	𦒕
ocyutmgs	𦒖
ocxisiyu	𦒘
ocyugskz	𦒛
ocyugskz	𦒞
ocnijqyu	𦒟
ocyusiyi	𦒠
ocsixkyu	𦒡
ocdvdaxi	𦒣
ocyuirve	𦒦
ocirveyu	𦒩
ocyjiryu	𦒪
ocgsuuyu	𦒫
ocsiyryu	𦒬
ocgcdayu	𦒭
ocgskzyu	𦒯
oclckzyz	𦒺
oclcxtkz	𦓁
oclcgskz	𦓃
oclcgskz	𦓆
oclclclc	𦓈
oclclclc	𦓋
ocvedjrf	𦓍
ocppkluu	𦓐
ocereruj	𦓘
ocihbadr	𦓙
ochzeedr	𦓚
oclcerda	𦓜
ochzbadr	𦓝
ochgjber	𦓠
ocererqr	𦓢
ochgsilw	𦓩
oclwuuyi	𦓪
oclwklhe	𦓾
oclwgfyz	𦔀
oclwhugz	𦔁
oclwriui	𦔈
oclwtmwf	𦔎
oclwlqkz	𦔑
oclwxbwf	𦔕
oclwglsi	𦔗
oclwxtcy	𦔘
oclwtmgs	𦔜
oclwdikz	𦔝
oclwyuwf	𦔞
oclwccbw	𦔠
oclwcsri	𦔡
oclwvori	𦔢
oclwigmu	𦔣
oclwsixk	𦔥
oclwrifh	𦔨
oclwluho	𦔩
oclwklnv	𦔪
ocxtveer	𦕁
ocerhgyc	𦕇
ocerklve	𦕊
ocerklyz	𦕋
ocgsjier	𦕓
ocerdcui	𦕔
ocerppvi	𦕖
ocerrfxn	𦕗
ocerbakv	𦕞
ocuuerjk	𦕡
ocuuerrf	𦕢
ocfglier	𦕥
ocerrfcs	𦕦
ocerxier	𦕬
ocerirgs	𦕭
ocerppqi	𦕮
ocerirda	𦕯
ocfglier	𦕴
ocwfkzer	𦕺
ocerqikl	𦕼
oceruikz	𦕾
ocerve	𦕿
ocererve	𦕿
ocerdcqn	𦖄
ocervetu	𦖅
ocergejb	𦖎
ocercsrf	𦖏
ocerxtyu	𦖓
ocerdakv	𦖔
ocerjqqn	𦖙
ocerjqyz	𦖚
ocerppqn	𦖛
octupier	𦖜
ocuuyzer	𦖥
ocerklnv	𦖧
ocerdaer	𦖩
ocerzdyz	𦖪
ocmbrier	𦖫
ocerximb	𦖬
ocerjqqn	𦖳
ocrfcser	𦖴
ocerppxm	𦖶
ocerxswf	𦖸
ocerwjho	𦖹
ocercche	𦖿
ocererxb	𦗂
ocerbimb	𦗃
ocerqlsi	𦗅
ocerdadm	𦗆
ocerjiwf	𦗈
ocerccmi	𦗉
ocuivuer	𦗊
ocerwjtm	𦗎
ocerliui	𦗐
oceryuvf	𦗖
ocluwjer	𦗙
oceruixb	𦗟
ocliyter	𦗤
ocjbuier	𦗦
ocerxiho	𦗩
ocerccyu	𦗫
ocervivi	𦗮
ocerdckz	𦗯
ocerbcdk	𦗰
ocwwiger	𦗱
ocjqkzer	𦗶
ociuwfer	𦗷
ocerpbvi	𦗻
ocerbkde	𦗽
ocjbueer	𦗾
occcdcer	𦗿
occcyzer	𦘃
ocerxbui	𦘄
ocjbuier	𦘉
oceryubw	𦘋
ocjbhyer	𦘌
ocermfgv	𦘍
ocerhgkl	𦘎
ocuiwhxb	𦘏
ocyurfhg	𦘕
ocyuklri	𦘘
ocyurikl	𦘙
ocyurfkl	𦘚
ocyuxber	𦘛
ocyuxber	𦘜
ocyukler	𦘝
ochupuyu	𦘟
ocyukler	𦘡
ocqigeyu	𦘥
ocqiwfyu	𦘦
ocyuwuwu	𦘨
ocytveve	𦘳
ocythgjq	𦘵
ocytuuyi	𦘸
ocytdcyz	𦘿
ockzveyt	𦙃
ocytkler	𦙇
ocytjqui	𦙈
ocytyzji	𦙉
ocytrfbi	𦙋
ocycytve	𦙌
ocppycyt	𦙍
ocbcuuyt	𦙎
ocytujyi	𦙏
ocytrfve	𦙐
ocytband	𦙕
ocythgyc	𦙘
ocytqikl	𦙛
ocytbadk	𦙝
ocytgshg	𦙠
ocihxtyt	𦙪
ocytklcc	𦙱
ocytrfxn	𦙳
ocytuijq	𦙷
ocytuiia	𦙹
ocytvevi	𦚀
ocytdasi	𦚁
ocytxiyz	𦚂
ocytccer	𦚃
ocdabayt	𦚉
ochzklyt	𦚌
ochuhgyt	𦚑
ocrfrztu	𦚙
ocytbk	𦚝
ocytribi	𦚢
ocfgdcrz	𦚨
ocytuida	𦚫
ocytmuui	𦚬
ocytdcdc	𦚰
ocytsiiz	𦚲
ocytvivi	𦚺
ocytkzsi	𦚽
ocwfxsyt	𦚾
ocytqmjb	𦚿
ocythoyz	𦛀
ocytiruj	𦛁
ocklxbrz	𦛂
ocwfxsrz	𦛄
ocytujjb	𦛎
ocytdatu	𦛏
ocytihba	𦛐
ocytkliz	𦛑
ocytrfpi	𦛔
ocytve	𦛖
ocyterve	𦛖
ocytnwkz	𦛚
ocytritu	𦛠
ocytklwh	𦛢
ocytbdba	𦛤
ocytyifg	𦛥
ocytqrwu	𦛦
ocytxiho	𦛧
ocytuier	𦛪
oclnhgyt	𦛫
ocycjqyt	𦛬
ocytrijb	𦛭
ocytbder	𦛮
ocuiyzyt	𦛯
ocytzzqi	𦛰
ocytbciu	𦛳
ocytbckl	𦛴
ocytdckz	𦛵
ocrzvxcy	𦛷
ocfggerz	𦛹
ocytwfyt	𦜂
ocytrida	𦜃
ocytriwf	𦜄
ocytwfmu	𦜈
ocyttmui	𦜉
ocytbcmu	𦜊
ocytifyz	𦜌
ochuwfrz	𦜑
ocythgwf	𦜒
ocyttumi	𦜔
ocytigfj	𦜕
ocytrfxb	𦜙
ocviyzyt	𦜚
ocythujq	𦜛
ocifyzrz	𦜜
ocytqier	𦜝
ocytiags	𦜞
ocytdmfz	𦜟
ocytwfyt	𦜢
ocytuiyt	𦜤
ocytnmmu	𦜪
ocytnmmu	𦜫
ocytdakv	𦜮
ocyttyho	𦜯
ocytbais	𦜱
ocytjbyy	𦜲
ocytfhfh	𦜶
ocytxbri	𦜷
ocytbcuj	𦜸
ochupuyt	𦜹
ocytxtba	𦜺
ocytiziz	𦜻
ocythujb	𦜼
ocrzdcjq	𦜿
ocytpjmu	𦝆
ocytxbdj	𦝇
ocytrive	𦝈
ocyttyvi	𦝊
ocpjmurz	𦝍
ocytiedm	𦝏
ocytdamc	𦝐
ocytklmi	𦝓
ocsiytlv	𦝕
ocytkzyt	𦝖
ocmhytfj	𦝠
ocythecc	𦝡
ocytqmjq	𦝥
ocytzoyt	𦝦
ocytxitu	𦝪
ocytmbri	𦝮
ocytdayh	𦝯
ocytcsxb	𦝰
ocytmuqr	𦝳
ocytrfih	𦝴
ocytrukz	𦝵
ocytujuj	𦝶
ocuiytwu	𦝸
ocytmfua	𦝹
ocytjirz	𦝾
ocytcche	𦞂
ocytdaxn	𦞃
ocujujyt	𦞄
ockliayt	𦞅
ocytjqtu	𦞆
ocrzjrjb	𦞊
ocxthgrz	𦞋
ocytdcui	𦞕
ocytsigs	𦞗
ocytsikl	𦞞
ocytbimb	𦞟
ocytiryi	𦞡
ocytklui	𦞢
ocythgtu	𦞥
ocycjqyt	𦞩
ocbcjkyt	𦞫
ocythuwf	𦞬
ocytxtgx	𦞭
ocytdadm	𦞴
ocythgwf	𦞶
ockljiwf	𦞺
ocytvvnd	𦞾
ocytvxuz	𦞿
ocmhytji	𦟀
ocwhjsyt	𦟁
ocytpjyh	𦟃
ocytlwmu	𦟅
ocvgsiyt	𦟆
ocytcchd	𦟍
ocytihhy	𦟕
ocytuiho	𦟙
ocythudz	𦟚
ocrfcsyt	𦟝
ocytziui	𦟞
ocytuiri	𦟢
ocytxbwf	𦟣
ocythgkz	𦟧
ocytwfwf	𦟨
ocytdave	𦟩
ocytnmfu	𦟫
ocytjxuj	𦟬
ocleerer	𦟭
ocythuqp	𦟰
ocykhgrz	𦟴
ocytccfu	𦟵
ocytuzgx	𦟺
ocytfujb	𦠀
ocwfyayt	𦠃
ocytmcjs	𦠈
ocytvivi	𦠊
octdxbyt	𦠋
ocyterer	𦠌
ocytkzni	𦠍
ocihheyt	𦠓
ocytuijb	𦠔
ocwfyarz	𦠕
ocythgbc	𦠖
ocrfrfyt	𦠗
ocytujmw	𦠙
ocytqitm	𦠝
ocytfujb	𦠟
ocytccjb	𦠠
occsriyt	𦠡
ocytyuwf	𦠣
ocytyuxn	𦠧
ocytlwxn	𦠨
ocihherz	𦠩
occsrirz	𦠪
ociuugrz	𦠫
octdxbrz	𦠬
ocviviyt	𦠮
ocytyido	𦠸
ocytirys	𦠼
ocyttmjq	𦠿
ocytuiuv	𦡀
ocytkzli	𦡃
ocytxkyz	𦡅
ocrzsixk	𦡇
ocytqudz	𦡊
ochgbcyt	𦡌
ocuiytxb	𦡍
ocytxnjb	𦡎
ocytccjm	𦡐
ocythuji	𦡑
ocytirys	𦡓
ocytqmzo	𦡘
ocytklwf	𦡙
ocytuide	𦡡
ocytwfhe	𦡣
ocytvyui	𦡤
oclbytpi	𦡨
ocytxidz	𦡪
ochgbcrz	𦡭
ocytccvr	𦡰
ocytirji	𦡳
ocytklxb	𦡵
ocytriho	𦡹
ocbwbwyt	𦡺
ocytfgji	𦡻
ocytjqhl	𦡽
ocytxtmb	𦡿
ocytyefu	𦢂
ocytccyj	𦢃
ocythois	𦢅
ocbwbwrz	𦢆
ocytgcfu	𦢋
ocytyctm	𦢍
ocytlw	𦢏
ocytccsi	𦢐
ocytqixb	𦢑
ocytuibw	𦢒
ocytrfyt	𦢕
ochgvvyt	𦢖
ocytyhfj	𦢗
ocytccuv	𦢘
ocytuijq	𦢙
ocytujhw	𦢜
ocwurfyt	𦢡
ocrfytwu	𦢢
ocytvxkl	𦢣
ocytfubw	𦢤
ocytujjy	𦢥
ocytmfjq	𦢨
ocythgmu	𦢭
ocytkzgv	𦢮
ocjyyhfj	𦢱
ocytglhe	𦢵
ocytgcda	𦢹
ocytsijn	𦢺
ocrfglrz	𦢻
ocmhbwji	𦢼
ocytujyi	𦢾
ocytcvjs	𦢿
ocytxbho	𦣁
ocytrimi	𦣃
ocmhgefj	𦣄
ocmhszfj	𦣉
ocytyjsi	𦣋
ocytsfnm	𦣌
ocytgcmw	𦣍
ocyjsiyt	𦣏
ocxiyjsi	𦣐
oclddzpg	𦣓
ochgsigo	𦣔
ocmhjkfj	𦣖
ocytuiyc	𦣗
ocytriyi	𦣙
ocnmvvrz	𦣚
ocytmuji	𦣜
ockluuuu	𦣝
ockluuuu	𦣞
ocifklkl	𦣤
ocifkzmb	𦣪
ocifrfnv	𦣬
ocifuier	𦣲
ocifsiyi	𦣴
ocifriwf	𦣵
ocifguju	𦣶
ocifrfgu	𦣷
ocdctujm	𦣸
ocrferkl	𦣹
ocdaerkl	𦣼
ochgzive	𦣽
oczihgwf	𦤁
ocuiuuzi	𦤋
oczivena	𦤌
oczigjkl	𦤍
ocziwhba	𦤐
oczidauu	𦤑
oczidauj	𦤒
oczijxve	𦤓
oczibcfh	𦤔
ocwfkzzi	𦤘
oczixtkl	𦤝
ocuvzily	𦤢
oczibcvv	𦤤
ochgsifg	𦤳
ocxshgtu	𦤴
ocuibcvi	𦤼
ocfgbcvi	𦤿
ocvisiyz	𦥀
ocsiuivi	𦥁
ocgvbcvi	𦥂
ocvitdmu	𦥅
ocfgdgvi	𦥆
ocqmfgvi	𦥈
ocddvfvi	𦥋
ocvivivi	𦥏
octdmuvi	𦥐
ocklhgxt	𦥑
ocerklhg	𦥒
ocppiahg	𦥓
ocjquuqn	𦥕
ocveuujq	𦥖
ocjquuln	𦥗
ocjquuqn	𦥚
ocjqjqyz	𦥠
ocdcjqhg	𦥢
ocjquuwj	𦥤
ocjqfupp	𦥥
ocjqhgyt	𦥩
ocqmjqhg	𦥫
ocklkljq	𦥮
ocycjqbc	𦥯
ocjqxijb	𦥱
ocqmvijq	𦥲
ocrfuijq	𦥴
ocdcjqkz	𦥵
ocythgba	𦥷
ochgjqcc	𦥸
ocjqdauz	𦥹
ocppxtia	𦥺
ocklxtia	𦥼
ocwuyzjq	𦥽
ocnijqer	𦥾
ocgldcjq	𦥿
ocjqjquu	𦦀
ocjqjqve	𦦁
ocjqbajq	𦦂
ocririjq	𦦄
ocjqdasi	𦦆
ocjqqmjq	𦦈
ocxbjqda	𦦉
ocjqernj	𦦊
ocjqbatu	𦦋
ocjqzdtu	𦦍
ocycbcgs	𦦎
ocwfyajq	𦦏
ocycbcff	𦦑
ocxbjqyz	𦦒
ocrfuijq	𦦓
ocjquuyu	𦦔
ocqmjqjx	𦦕
ocvodcjq	𦦖
ocycbcmu	𦦗
ocqmjqjp	𦦘
ocycbcqq	𦦛
ocishgvi	𦦜
ocklkluu	𦦝
ocklbcuu	𦦞
octshgff	𦦟
ocycbcuf	𦦠
octsbauu	𦦡
ocxbjqqu	𦦤
ocxbbcgj	𦦥
ocjqyuwh	𦦦
octskluu	𦦧
ocfzbcwj	𦦩
ocychgba	𦦪
ockvhgba	𦦫
ocguytdm	𦦬
ocrfjqwh	𦦭
ocycbcfz	𦦯
ocisqmjq	𦦱
ochgjqba	𦦲
ocklbcba	𦦴
ocycbcss	𦦵
ocguifdm	𦦶
ocxbjqyu	𦦷
oczcuujq	𦦹
ocisgskz	𦦺
octsbcyu	𦦻
ocmibcxi	𦦼
ocyjsijq	𦦽
ocycbcxy	𦧀
octsxifg	𦧁
ocxbxbda	𦧂
octutukd	𦧄
ocxkxkxk	𦧅
ocsiuiue	𦧐
ocuerfye	𦧓
ocdcihue	𦧕
ocuebkhg	𦧖
ocueuvkz	𦧞
ocuewfmu	𦧢
ocuenmmu	𦧤
ocwflvue	𦧨
ocueriyu	𦧭
ocuejxuv	𦧳
ocueueue	𦧵
ocueccuu	𦧹
ocuedctu	𦧻
ocueluis	𦧽
ocyjirve	𦧿
ocxihgir	𦨀
ocuyujvu	𦨁
ocklirfg	𦨃
ocklirvu	𦨄
ocdalbir	𦨅
ocbwwalb	𦨆
ocvzppve	𦨊
ocvzveyz	𦨕
ocvzhgyc	𦨠
ocvzuvee	𦨲
ocysvzve	𦨺
ocvzvive	𦨿
ocvzrfpi	𦩂
ocvztutu	𦩄
ocvzsiyz	𦩇
ocvzhocc	𦩎
ocvzqrba	𦩐
ocvzuiuj	𦩔
ocvziziz	𦩙
ocvzyuuj	𦩦
oczimavz	𦩧
ocvzjrnv	𦩩
ocvzjrjb	𦩫
ocvzuiqu	𦩯
ocvzjrtu	𦩱
ocvzgsmu	𦩺
ocvorfvz	𦩻
ocvzirzi	𦩽
ocvzqmjq	𦩿
ocvzbcxi	𦪁
ocvzbcui	𦪃
ocvzziwh	𦪄
ocvzvidz	𦪍
ocvzcsxb	𦪐
ocvzheyu	𦪙
ocvzlwxn	𦪜
ocvzjrsi	𦪝
ocvzvzfh	𦪤
ocvzxtbo	𦪥
ocvzzuli	𦪨
ocvzvufg	𦪪
ocvzcsgs	𦪮
ocvzhuwf	𦪯
ociuwfvz	𦪰
ocifqivz	𦪱
ocvzyupj	𦪲
ocvzirve	𦪴
ocvztris	𦪶
ocvzfubw	𦪸
ocbjhext	𦪹
ocvzyupj	𦪺
ocvzjrma	𦫀
ocvzhoyj	𦫁
ocvzhobw	𦫂
ocvzyukz	𦫃
ocvzyubk	𦫄
ocvzuiis	𦫆
ocdakvll	𦫐
ocnmvsgf	𦫒
ocdahose	𦫜
ocdaujse	𦫞
ocfhfhse	𦫣
ockzyuse	𦫩
ocxtgxse	𦫪
ocyjsise	𦫲
occcveve	𦫷
occccchg	𦫹
occcrfve	𦬆
occcuuve	𦬈
occcrfve	𦬉
occcvepp	𦬌
occcppyz	𦬐
occceruu	𦬒
occcuive	𦬝
occcccqi	𦬟
occcjqui	𦬡
occcklyz	𦬣
occcklna	𦬤
occcjquu	𦬥
occcccqr	𦬦
occccccc	𦬧
occcbcdk	𦬪
occcppkz	𦬲
occcrfee	𦬳
occcrfqi	𦬴
occcsimu	𦬽
occcuuhg	𦬿
occcuiji	𦭀
occcklyz	𦭁
occcbcer	𦭂
occcfupp	𦭄
occcbaxn	𦭅
occcrfwh	𦭆
occcuuyz	𦭇
occckljq	𦭉
occcugdm	𦭊
occcyzli	𦭋
occcveiz	𦭍
occcgser	𦭎
occcujrf	𦭗
occcxier	𦭘
occcycer	𦭙
occcxlui	𦭚
occcppyz	𦭞
occcrfxt	𦭠
occcujdc	𦭣
occcklia	𦭤
occcrfye	𦭥
occcbcyu	𦭨
occccchg	𦭩
occcrfxt	𦭫
occcbcjb	𦭬
occcbkhg	𦭮
occcbkve	𦭯
occcerui	𦭱
occcgsgs	𦭲
occcveuu	𦭺
occcvxyz	𦭼
occcppsi	𦭾
occcgser	𦮀
occcvecc	𦮁
occcuubw	𦮃
occcsihg	𦮄
occchgjb	𦮅
ocgsuuyz	𦮆
occcqimu	𦮇
occcihyc	𦮈
occcqikl	𦮉
occckliz	𦮊
occcsiyt	𦮌
occcbckl	𦮍
occcklkl	𦮏
occcycda	𦮐
occcxtkz	𦮑
occcwhkl	𦮒
occcycdc	𦮓
occcrfxn	𦮕
occcgjjq	𦮖
occcndcc	𦮘
occccccc	𦮙
occcxnsi	𦮚
occcuvjq	𦮛
occcbcdz	𦮜
ocmhuurf	𦮞
occcuvrf	𦮟
occcsixn	𦮡
occctuuc	𦮢
occcbixb	𦮤
occckzda	𦮥
occcjqer	𦮦
occcwfuu	𦮧
occcirgs	𦮨
occcrfvi	𦮩
occcrfwf	𦮫
occcrfjb	𦮬
occcrfuv	𦮭
occcbkyc	𦮮
occcytdc	𦮯
occcbcwh	𦮱
occcyurf	𦮵
occcdaba	𦮹
occcuznw	𦮾
occcjuli	𦮿
occcklty	𦯁
occcccdm	𦯂
occcqikl	𦯄
occcwfxs	𦯇
occcjb	𦯈
occcuvgk	𦯊
occcgsji	𦯋
occcvexb	𦯌
occcve	𦯍
occcerve	𦯍
occcjqli	𦯏
occcrfvc	𦯐
occcbdui	𦯑
occcritu	𦯖
occcgjkz	𦯗
occcmpyz	𦯘
occcuzya	𦯙
occcuikz	𦯚
occcklcc	𦯛
occcbder	𦯜
occcuiys	𦯞
occcytkv	𦯟
occcgsxb	𦯡
occcddgs	𦯢
occcrfqp	𦯣
occcdasj	𦯤
occcbchu	𦯥
occcbder	𦯦
occcwfmu	𦯧
occcsihv	𦯨
occcsiwf	𦯩
occcmuuc	𦯪
occcuvyc	𦯫
occckzve	𦯭
occcdamc	𦯮
occcklrf	𦯯
occcihui	𦯰
occcrfif	𦯱
occclirf	𦯴
occcjicc	𦯸
occcwfnv	𦯺
occcwfkz	𦯾
occcyrcy	𦯿
occcuzho	𦰂
occcdakd	𦰃
occcuzjb	𦰄
occcuikz	𦰅
occcndmb	𦰆
occcrinv	𦰇
ocykdmdm	𦰈
occckzve	𦰉
occcbczi	𦰊
occcsier	𦰋
occcklfg	𦰌
occcwfxn	𦰍
occcycxi	𦰎
occcmcyz	𦰑
occcrfui	𦰒
occcximu	𦰔
occcnvmu	𦰕
occcuiui	𦰗
occcihdi	𦰘
occcerye	𦰜
occcyzqn	𦰝
occcrfpu	𦰞
occcgscc	𦰠
occcyter	𦰢
occcuzer	𦰥
occchgmu	𦰧
ocgsriyz	𦰨
occcklfu	𦰩
occcuvqq	𦰪
occctyvi	𦰭
occcdabc	𦰮
occcnvju	𦰰
occcmuya	𦰳
occcdodc	𦰵
occctuju	𦰶
occcbiuj	𦰷
occcddxb	𦰸
occcmuqm	𦰻
occcerva	𦰼
occcnvbc	𦰾
occcuvuu	𦱈
occcjqve	𦱉
occcmuer	𦱍
occcdaxi	𦱏
occchewh	𦱐
occcheuj	𦱑
occcytbi	𦱔
occcccri	𦱗
occcfhfh	𦱘
occcytiz	𦱙
occcyyyy	𦱚
occcheuc	𦱜
occcxidc	𦱝
occcccmu	𦱞
occcqqwf	𦱟
occcvecc	𦱠
occccckz	𦱡
occckzee	𦱢
occcricc	𦱤
occcqmer	𦱦
occcccbf	𦱧
occcgsxn	𦱨
occcyzhg	𦱩
occciziz	𦱪
occckzdj	𦱫
occcdgtu	𦱬
occcbicc	𦱭
occcihhg	𦱯
occcsidc	𦱰
occckzcc	𦱱
occcuirj	𦱲
occcyckl	𦱳
occchgsa	𦱴
occcklui	𦱵
occcccrj	𦱶
occcbuho	𦱷
occcjquu	𦱸
occciacc	𦱹
occcrfwh	𦱺
occcyuho	𦱻
occcihyi	𦱼
occcifrf	𦱽
occcrfwf	𦱿
occcliuc	𦲂
occctusi	𦲃
occcgjju	𦲆
occcwucc	𦲇
occcbcir	𦲋
occchoho	𦲌
occcuvba	𦲍
occcxtxi	𦲎
occchgjb	𦲐
occctmuv	𦲑
occcihgv	𦲒
occcvivi	𦲔
occcwhjb	𦲖
occcveuu	𦲗
occcihwf	𦲘
occcxtuv	𦲙
occcnvba	𦲛
occcbdsi	𦲠
occcqrtm	𦲡
occcppmu	𦲢
occcnvtm	𦲣
occcqryz	𦲥
occchejq	𦲦
occcnvli	𦲨
occcpper	𦲩
occcjqyz	𦲪
occcmuer	𦲬
occckzyt	𦲭
occcrfer	𦲮
occcmpwf	𦲯
occcmukv	𦲰
occcihyi	𦲳
occcrfwf	𦲴
occcvxrf	𦲻
occcnvui	𦲼
occcsicc	𦲿
occchemc	𦳁
occcuvyi	𦳂
occcglia	𦳅
occclqxs	𦳆
occceryz	𦳉
occcklia	𦳊
occcuuyz	𦳋
occcytgx	𦳍
occcytqp	𦳎
occcmuqp	𦳏
occcyuho	𦳒
ocviccjs	𦳖
occcmbri	𦳜
occcjbyh	𦳟
occcdguu	𦳠
occcvxyz	𦳡
occcbcho	𦳤
occcfhzi	𦳧
occcnvls	𦳨
occcklyz	𦳩
occcgsba	𦳪
occcheqm	𦳫
occcklhe	𦳬
occcbkvi	𦳭
ocviccuu	𦳯
occchuqu	𦳰
occcrijx	𦳱
occcyuuj	𦳳
occcdccc	𦳴
occcuvqq	𦳸
occcyzuc	𦳹
occcbavi	𦳺
occctuer	𦳻
occcheyy	𦳽
occcxtyy	𦳾
occcmuui	𦳿
occcfgmu	𦴀
occcmuia	𦴁
occcqmtu	𦴂
occchgsi	𦴃
occcklri	𦴄
occcsiwf	𦴅
occclcju	𦴆
occcyagx	𦴉
occcsiyz	𦴋
occcbcdo	𦴌
occcisye	𦴍
occcziuu	𦴎
occcqmbk	𦴏
occckdtm	𦴐
occcwfri	𦴒
occcihni	𦴓
occchomu	𦴔
occcbcmi	𦴕
occciayt	𦴗
occcdcdc	𦴘
occchewu	𦴙
occcgskz	𦴛
occcklxb	𦴜
occcuvhg	𦴝
occcjqia	𦴞
occcdddc	𦴟
occciayt	𦴠
occcmuba	𦴡
occcuvci	𦴢
occcnvyi	𦴣
occcrfjy	𦴨
occcfhni	𦴪
occckzjb	𦴫
occccccc	𦴬
occcxtyz	𦴯
occcrfyi	𦴱
occcmuwf	𦴲
occcjucc	𦴳
occcuvan	𦴴
occcuvdq	𦴵
occcuvrf	𦴷
occcuvig	𦴸
occcxuuc	𦴹
occclnkl	𦴻
occclikv	𦴾
occcrfxb	𦵃
occcmuho	𦵅
occcritm	𦵆
occcwfxb	𦵇
occcisuc	𦵈
occcuuzz	𦵉
occcbibw	𦵊
occcrfir	𦵋
occcrfwf	𦵌
occcdrwf	𦵍
occcnvmk	𦵎
occcsida	𦵏
occcjqtu	𦵐
occcligz	𦵑
occchohe	𦵒
occcycqp	𦵔
occcfher	𦵖
occcuziu	𦵛
occcdscc	𦵝
occcuirf	𦵞
occcsier	𦵟
occcklui	𦵣
occcyrcy	𦵤
occcuiyz	𦵥
occcrfuu	𦵦
occcjiwf	𦵨
occccipu	𦵪
occcuiva	𦵬
occcuzto	𦵭
occcerxb	𦵮
occcvstm	𦵰
occcvzyz	𦵲
occcbcxk	𦵳
occcvjve	𦵵
occcgsmu	𦵶
occcsiba	𦵺
occcgsyi	𦶁
occcppbi	𦶃
occczzxi	𦶅
occcermc	𦶇
occcerkl	𦶈
occcuvpb	𦶊
occcligx	𦶍
occccsui	𦶎
occcervv	𦶏
occcriyu	𦶑
occcuvhe	𦶒
occcmugs	𦶓
occcmuju	𦶔
occclwmu	𦶖
occcxkrf	𦶗
occcjrjb	𦶘
occcricc	𦶛
occcuvif	𦶜
occcnvyz	𦶞
occclqyi	𦶧
occcxtwf	𦶨
occchvhe	𦶫
occclicc	𦶭
occclwyy	𦶮
occcxtcc	𦶯
occcxbbi	𦶰
occcbkui	𦶱
occcwjnv	𦶲
occcbcjm	𦶴
occcuvxn	𦶵
occcuvir	𦶶
occcglkz	𦶹
occcbcda	𦶺
occcerxi	𦶽
occcuzbm	𦷀
occcujug	𦷃
occcbiqr	𦷅
occckzgs	𦷆
occcbkuj	𦷇
occcdvuu	𦷊
occchexb	𦷋
occcrfmu	𦷎
occcheli	𦷏
occccsmb	𦷐
occchefg	𦷑
occcjiho	𦷓
occcihvi	𦷔
occcvjbi	𦷕
occckzli	𦷗
occcviui	𦷘
occchevj	𦷙
occcjqxb	𦷚
occcrfpg	𦷛
occcbcxn	𦷝
occcwfmu	𦷞
occcjiyc	𦷠
occcdgui	𦷡
occcxixb	𦷢
occcridk	𦷣
occcdgui	𦷦
occcuvto	𦷪
occcvxsi	𦷲
occcbcdz	𦷳
occcnvvu	𦷵
occcqrcc	𦷶
occchdvi	𦷷
occcsiri	𦷹
occcsirf	𦷺
occcxbpu	𦷻
occcheug	𦷼
occcwuer	𦷽
occcuijb	𦷾
occczzvj	𦷿
occcyrnv	𦸅
occcsiqi	𦸆
occcuegx	𦸈
occcjigx	𦸉
occcxisi	𦸊
occcrihj	𦸋
occctmsi	𦸎
occcsige	𦸑
occcmuuv	𦸓
occcvzuj	𦸔
occcsikl	𦸖
occcvshv	𦸜
occcbiis	𦸞
occceekd	𦸟
occcklyj	𦸠
occcuiyu	𦸢
occcglbi	𦸣
occcbcqu	𦸤
occcrfri	𦸥
occcbowf	𦸦
ocgsvitu	𦸧
occchgfg	𦸨
occcrihg	𦸩
occcuvfw	𦸪
occcridi	𦸫
occctyba	𦸬
occcwuwu	𦸭
occcifcc	𦸳
occcgeig	𦸴
occchucs	𦸵
occcsigx	𦸷
occchemu	𦸸
occcgscc	𦸹
occccici	𦸺
occcuiyj	𦸻
occcuvxn	𦸼
occctmci	𦸿
occchvmu	𦹁
occcmudd	𦹂
occcjgtu	𦹆
occczovi	𦹇
occcuacc	𦹈
occcqicc	𦹉
occcwucc	𦹊
occcsifa	𦹋
occciais	𦹌
occcyucc	𦹍
occcbcxb	𦹎
occcnmig	𦹒
occcyuhg	𦹓
occcbiqm	𦹔
occcgsdm	𦹕
occcyzsi	𦹖
occckeye	𦹗
occclcbw	𦹘
occcwhxt	𦹙
occcjbyc	𦹚
occcpbqn	𦹛
occchexm	𦹞
occcsiji	𦹟
occcddig	𦹠
occcddfu	𦹡
occcbdvi	𦹢
occcbcmn	𦹣
occcerih	𦹥
occcbcjb	𦹦
occcgfmb	𦹧
occchotu	𦹨
occcjsyt	𦹩
occcqrvo	𦹫
occccsda	𦹬
occcfhgx	𦹭
occcyzwf	𦹰
occcbwjb	𦹱
occcsifj	𦹴
occcmubw	𦹶
occcwfbw	𦹺
occcccxi	𦹼
occcgsbw	𦹽
occcrfwf	𦹿
occcmufu	𦺀
occcuvmu	𦺁
occcbdho	𦺂
occcrfsi	𦺃
occcwfjq	𦺅
occcziui	𦺆
occcuvdu	𦺇
occcmuwj	𦺊
occcnvyz	𦺋
occcuvyz	𦺌
occcuvqm	𦺍
occcytpz	𦺎
occcpzmc	𦺑
occcycuu	𦺔
occcuzkv	𦺕
occcmcjs	𦺖
occcuvxm	𦺘
occcbcnq	𦺙
occcgskz	𦺚
occcqrtr	𦺛
occcbcmb	𦺝
occcyjke	𦺞
occcjngx	𦺠
occcvoge	𦺩
occcheyu	𦺪
occcuill	𦺫
occcrfyz	𦺭
occcglyu	𦺮
occcpmmu	𦺯
occcrfsi	𦺰
occccibw	𦺱
occclikz	𦺳
occcqumu	𦺵
occcihdc	𦺶
occcxmxm	𦺷
occchors	𦺺
occceryb	𦺼
occcriyj	𦺽
occcuvda	𦺾
occcybge	𦺿
occcrfui	𦻀
occcjqqm	𦻁
occcuvui	𦻂
occccsvv	𦻃
occcuvuj	𦻄
occcycfw	𦻅
occcccsi	𦻇
occcuvyz	𦻈
occcvzyz	𦻉
occchgdn	𦻋
occcfumb	𦻌
occcbatu	𦻍
occccskv	𦻏
occcyjys	𦻑
occcsixy	𦻖
occcerer	𦻙
occcziye	𦻚
occcigho	𦻛
occcuvye	𦻜
occcuuda	𦻞
occcvccc	𦻟
ocjbhgcc	𦻠
occcqucc	𦻡
occcdccc	𦻢
occcldcc	𦻣
occcxsri	𦻤
occcfwcc	𦻥
occcvvcc	𦻧
occchucc	𦻨
occcbczc	𦻩
occcwwcc	𦻪
occcwfyi	𦻫
occcuvkl	𦻭
ocmhnvji	𦻯
occcddfw	𦻰
occcjiri	𦻳
occcmfdz	𦻶
occcjbis	𦻷
occckzxi	𦻸
occcfwho	𦻹
occcqiji	𦻻
occcsiif	𦻼
occcmumk	𦻽
occcyzjb	𦻾
occcvitm	𦻿
occcbmbc	𦼀
occchetm	𦼁
occcqrqr	𦼂
occcerdz	𦼄
occcxlye	𦼅
occcmdyu	𦼆
occcquho	𦼈
occcccvv	𦼉
occcmulu	𦼋
occcvzvz	𦼎
occcxtbo	𦼑
occclwxn	𦼒
occcbche	𦼖
occcpigs	𦼘
occcnvui	𦼙
occczzer	𦼜
occcyutm	𦼞
occcmfkd	𦼠
occcjbjb	𦼡
occcuijb	𦼢
occcbida	𦼣
occciave	𦼤
occcxbia	𦼧
occcjqbw	𦼨
occctmjq	𦼩
occclbmc	𦼪
occchuui	𦼫
occcjumb	𦼬
occcmufu	𦼭
occcmuhe	𦼰
occchemc	𦼵
occcytmu	𦼶
occcieuu	𦼷
occcwfhe	𦼹
occcuiig	𦼺
occcuvwf	𦼻
occcyuyz	𦼼
occcwwvi	𦼽
occcuzlq	𦼾
occcwuye	𦽀
occchelu	𦽂
occcpmbm	𦽃
occcmfke	𦽅
occcxbzi	𦽆
occcqqqr	𦽈
occcmuyj	𦽉
occcjbju	𦽋
occcpmfu	𦽌
occchexl	𦽑
occcykxy	𦽓
occcifqr	𦽕
occcmukl	𦽖
occcdimb	𦽘
ocviccba	𦽙
occcqpnv	𦽚
occcbcuu	𦽛
occcxtjq	𦽜
occcrflw	𦽝
occcwwyr	𦽞
occcfhwf	𦽠
occcwflc	𦽡
occcuiui	𦽢
occcndqm	𦽣
occcyjpd	𦽤
occcuzqb	𦽥
occcrifh	𦽦
occchexq	𦽧
occcmurz	𦽩
occcjbfu	𦽪
occcdgnq	𦽬
occcdojq	𦽭
occcbjnv	𦽮
occchgcc	𦽱
occcernv	𦽵
occcjbcc	𦽷
occcxxcc	𦽸
occcmccc	𦽹
occckvwf	𦽺
occcbccc	𦽻
occcffda	𦽽
occckvbc	𦾀
occciyxn	𦾁
occcvfxb	𦾂
occcuzhe	𦾃
occcuuan	𦾄
occcdcuv	𦾅
occcpbyy	𦾆
occcbcnn	𦾉
occcpbfh	𦾊
occcsiir	𦾋
occcbcxn	𦾍
occcheww	𦾎
occcrfmb	𦾐
occcsiwo	𦾒
occcrfkv	𦾓
occcvvjq	𦾔
occcytfu	𦾕
occcybmb	𦾗
occcnvxi	𦾘
occcuzbf	𦾙
occcvigf	𦾜
occclumb	𦾞
occcnvwf	𦾡
occcuzhe	𦾣
occcuinv	𦾦
occcxbnv	𦾨
occceryc	𦾩
occcriwf	𦾪
occcuiuu	𦾫
occcpmbh	𦾭
occcvomu	𦾮
occcglhe	𦾰
occcuzic	𦾱
occcbayi	𦾲
occcdawa	𦾳
occcmwxi	𦾴
occcuvvf	𦾷
occcvxxb	𦾻
occczzgz	𦾼
occczzuv	𦾽
occcheve	𦿀
occchefu	𦿁
occcyinn	𦿂
occcihxn	𦿃
occcfgji	𦿅
occcuiyh	𦿆
occcyuer	𦿇
occcrfcc	𦿈
occchutm	𦿊
occcquhe	𦿋
occcriho	𦿌
occcuiwf	𦿎
occcqtge	𦿐
occcricc	𦿑
occcieuu	𦿓
occctvmu	𦿕
occctulu	𦿖
occcgcmc	𦿗
occcrfmb	𦿘
occcfujt	𦿙
occczzuv	𦿚
occcsibo	𦿛
occcbcba	𦿜
occcuvxb	𦿞
occchecc	𦿠
occcrigv	𦿡
occcgccc	𦿣
occcvjcc	𦿥
occcrfuj	𦿦
ocviwuui	𦿧
occchetm	𦿨
occccccc	𦿩
occcfgcc	𦿪
occcyjri	𦿫
occcglnn	𦿬
occcsvug	𦿮
occcyiia	𦿯
occcwujq	𦿱
occcdann	𦿲
occclutu	𦿳
occcyhxn	𦿴
occcbdwf	𦿵
occcgsjm	𦿶
occcqrri	𦿷
occcyjis	𦿸
ocmokzuv	𦿹
occchemi	𦿺
occcjbqr	𦿻
occcbcvi	𦿼
occcheye	𦿽
oclirfuv	𦿾
occcsiww	𦿿
occchego	𧀁
occcvxui	𧀂
occcldld	𧀃
occctmyh	𧀄
occcsihe	𧀅
occcsidz	𧀆
occcklxi	𧀇
occcklri	𧀈
occcuvxn	𧀉
occcsicd	𧀊
occcwhkl	𧀍
occcvils	𧀔
occcervi	𧀕
occcheui	𧀖
occclwtm	𧀗
occcxbze	𧀘
occcggho	𧀙
occcsiqq	𧀚
occchoyc	𧀜
occctdyk	𧀟
occcsiui	𧀠
occcsilk	𧀧
occcirve	𧀨
occcbcfj	𧀯
occcddxb	𧀱
occcihba	𧀳
occcvjmu	𧀵
occcuizz	𧀶
occcujxy	𧀷
occcjiye	𧀺
occcrfvj	𧀻
occcdvxb	𧀼
occczumb	𧀽
occcyudi	𧀾
occcdmer	𧀿
occcvoyu	𧁀
occckzyi	𧁁
occchexu	𧁃
occcvzdc	𧁄
occcvgjb	𧁅
occcujjb	𧁆
occccccc	𧁇
occclumu	𧁈
occcfhba	𧁉
occcyjxb	𧁊
occcmbxb	𧁋
occcsihg	𧁌
occciequ	𧁍
occcrivg	𧁎
occcuizz	𧁏
occcpumb	𧁔
occcbkcc	𧁕
occccctm	𧁖
occccscc	𧁗
occcnvxy	𧁘
occcrvtu	𧁚
occcuvho	𧁛
ocgsfwhv	𧁝
occcuiui	𧁞
occcdcda	𧁠
ocgsxnfu	𧁡
occcrinn	𧁢
occcsigo	𧁣
occcvivi	𧁤
occcjbsi	𧁥
occcklsi	𧁧
occcheda	𧁨
occchegv	𧁩
occcvvjm	𧁪
occcrfmu	𧁫
occcsifg	𧁯
occcdcpu	𧁰
occcjbjb	𧁲
occcfufw	𧁳
occcihtu	𧁶
occchugo	𧁸
occcvzcc	𧁻
occclbvi	𧁽
occclzgx	𧁾
occcviye	𧂀
occcmfjq	𧂄
occchecj	𧂅
occcycxy	𧂇
occcbdfj	𧂉
occcyzjq	𧂊
occcfgxb	𧂋
occcklir	𧂌
occczzxy	𧂍
occchojn	𧂒
ocrijbyi	𧂓
occcuiuu	𧂔
occcwhjb	𧂖
occcrfxy	𧂗
occcjiyc	𧂘
occcuvho	𧂙
occcqpmb	𧂚
occcccwa	𧂛
occcxtlz	𧂜
occcsige	𧂝
occcxkyj	𧂞
occcxmxb	𧂡
occcifyz	𧂢
occcvvve	𧂤
occcbobo	𧂥
occcmuer	𧂦
occcuvfh	𧂧
occcsizc	𧂩
occcxubw	𧂪
occclwyr	𧂬
occclwru	𧂭
occcyubw	𧂰
occcjtcc	𧂱
occcgjmi	𧂲
occcdjcc	𧂳
occcvvcc	𧂴
occcglnn	𧂶
occcgljb	𧂷
occcerxb	𧂺
occclwwu	𧂻
occcihmi	𧂾
occcytrv	𧂿
occcisvi	𧃀
occcmfdm	𧃁
occchlmc	𧃂
occcgevv	𧃄
occcxbhs	𧃈
occcuvjs	𧃉
occcuiyu	𧃋
occcziwf	𧃍
occcccxb	𧃎
occcuuqm	𧃏
occczuvd	𧃐
occcgjhs	𧃓
occcuzvd	𧃔
occccsjq	𧃖
occcyzmb	𧃗
occcfzqp	𧃘
occcytvi	𧃚
occcdcwf	𧃜
occcbwyi	𧃞
occcufqk	𧃠
occcuvmu	𧃡
occchugs	𧃢
occcsidi	𧃣
occcyubw	𧃤
occclqyi	𧃥
occcdavv	𧃦
occclusi	𧃧
occcqryi	𧃩
ocdoccwf	𧃪
occcqbxi	𧃫
occcmujs	𧃬
occcvimu	𧃭
occcholn	𧃮
occcziwf	𧃰
occchgyc	𧃱
occcluyi	𧃳
occcqrmg	𧃶
occcvvkv	𧃷
occcmccc	𧃺
occcsecc	𧃻
occckzuz	𧃼
occcmbmu	𧃾
ocxtqmuu	𧄀
occcihih	𧄂
occclwuv	𧄃
occcvixb	𧄄
occcgfxb	𧄅
occchegj	𧄆
occcyuxk	𧄇
occcnmfu	𧄊
occcviky	𧄋
occcyjxi	𧄎
occcsigv	𧄑
occcxbho	𧄖
occchevi	𧄗
occcuiuu	𧄘
occcuisv	𧄙
occcwfli	𧄚
occcgehs	𧄛
occcrvsi	𧄜
occcmijn	𧄝
occcbwnn	𧄞
occcluui	𧄟
occcuilb	𧄠
occcvvmu	𧄡
occcuvrf	𧄢
occckzif	𧄤
occclwjq	𧄥
occcwwwf	𧄧
occcmuxu	𧄨
occciccc	𧄩
occcccri	𧄪
occcxicc	𧄫
occceryz	𧄬
occcjbmb	𧄭
occchehe	𧄮
occcsiwu	𧄯
occcmfta	𧄱
occcyjmo	𧄲
occcyjsi	𧄶
occcernn	𧄷
occctsqp	𧄸
occcsidg	𧄼
occcsixs	𧄾
occcmhyh	𧄿
occcvjjb	𧅀
occcsizc	𧅂
occcholu	𧅃
occcqmwf	𧅄
occcbwww	𧅅
occccsis	𧅇
occchevd	𧅈
occcxtyi	𧅉
occcyjvi	𧅊
occcmhgf	𧅋
occcjiyc	𧅍
occcmdcc	𧅎
occclicc	𧅏
occcdyho	𧅐
occckzjb	𧅒
occcuihe	𧅔
occcqrnn	𧅖
occcyhxu	𧅘
occcliye	𧅙
occcmivd	𧅛
occcmuqb	𧅜
occcdsri	𧅝
occcququ	𧅞
ocyyyylb	𧅟
occcwfmu	𧅠
occcyjji	𧅡
occcgurz	𧅢
ocmuccyu	𧅦
occcpbnn	𧅧
occcbmao	𧅨
occcyjuz	𧅩
occctyis	𧅪
occclinn	𧅯
occcwfjq	𧅱
occctmlb	𧅲
occcbklu	𧅳
occcwfjq	𧅴
occcpbbw	𧅵
occcmfis	𧅶
occcbdxt	𧅷
occcluuu	𧅸
occcxkyu	𧅹
occcjbnn	𧅻
occchexl	𧅼
occcyzmb	𧅽
occctsgo	𧅾
occcjbnn	𧅿
occcmivd	𧆀
occcyecc	𧆁
occcmhjy	𧆃
ocuuccle	𧆄
occcyjgs	𧆅
occcuily	𧆆
occcyiuu	𧆇
occcuiye	𧆈
occcfjsi	𧆉
occcnjho	𧆋
occcqijq	𧆌
occcmhyr	𧆍
occcyjmu	𧆏
occcyuvv	𧆑
occcjkxb	𧆒
occclulu	𧆓
occcuiyi	𧆔
occctmhe	𧆕
occctunn	𧆖
occclumb	𧆗
occcklmu	𧆘
occcjqsi	𧆙
occcnncc	𧆚
ochutukl	𧆣
ochujbyz	𧆤
ochuxter	𧆧
ochuxtrf	𧆩
ochuhgqn	𧆪
ochujbjq	𧆮
ochudakz	𧆱
ochukzqm	𧆲
ochubwhg	𧆳
ochuwfuj	𧆵
ochuwfyu	𧆶
ochubiwu	𧇂
ochuirtm	𧇄
ochubcri	𧇅
ochumupu	𧇆
ochujbqp	𧇇
ochuwfqp	𧇈
ochuwfgu	𧇉
ochubari	𧇋
ochuirkl	𧇏
ochugevi	𧇒
ochudzji	𧇔
ochuirtm	𧇕
ochubamu	𧇖
ochufumu	𧇗
ocpphuqp	𧇘
ochuvxcy	𧇛
ocifyzhu	𧇜
ochuwfgu	𧇡
ochuqpqp	𧇣
ochujibd	𧇤
ocfuhujb	𧇧
ochumpmu	𧇩
ochurfri	𧇪
ocifrfhu	𧇬
ocglhuqq	𧇲
ocxkyrhu	𧇳
ochuhvui	𧇴
ocrfkzuz	𧇵
ochchudz	𧇼
ochutmgs	𧇽
ochuvvxi	𧇾
ochuuiqp	𧇿
ochusiwu	𧈀
ocjmhurf	𧈁
ochumukv	𧈃
ocucxnhu	𧈅
ochugeyt	𧈉
ochucctu	𧈋
ochguuhu	𧈌
ochugeuj	𧈎
ockzuihu	𧈐
ochuieuu	𧈑
ochuxntu	𧈒
ochugewf	𧈓
ocieuuhu	𧈖
ocieuuhu	𧈗
ochudcri	𧈘
ochudzmb	𧈚
ocbaeris	𧉇
ocishguj	𧉋
ocisxnna	𧉍
ocxidmis	𧉏
ocishgyc	𧉛
ocisbcji	𧉡
ocgsjiis	𧉨
ocisklyz	𧉫
ocisrfye	𧉮
ocisihgj	𧉲
ocisccuu	𧉳
ocishuyi	𧉵
ocwfjiis	𧊃
occcuiis	𧊝
ociskler	𧊨
ocisujgj	𧊩
ocwjwjis	𧊪
ociskler	𧊫
occcyzis	𧊬
occcwfis	𧊮
ocisndmu	𧊱
ociswfnq	𧊵
ocishgtu	𧊻
ocisybdm	𧊼
ocisuvyu	𧋂
ocisihvi	𧋇
ochgbcis	𧋌
ociserve	𧋖
ocisve	𧋖
ocuiistu	𧋗
ocrfrfis	𧋚
ocveisis	𧋜
ocishgmu	𧋝
ociscctm	𧋞
ociskliz	𧋡
ocisuikz	𧋣
ocisqudc	𧋤
ociswftu	𧋧
ociscczi	𧋫
ocisvxtu	𧋭
ociswftu	𧋮
ocridais	𧋯
ocdvhgis	𧋰
ocwfbwis	𧋲
ocgsjiis	𧋳
ocistmuh	𧋹
ocytyzis	𧌌
ocisuzzi	𧌕
ocpjxiis	𧌜
ocdahois	𧌝
ocispper	𧌞
ocifjqis	𧌟
ocsirfis	𧌢
ocdcisis	𧌣
ocisbajq	𧌤
ocisjxdc	𧌥
ocsiisis	𧌦
ocishudk	𧌧
ocismupm	𧌨
ocjijiis	𧌩
ocisjquu	𧌫
ocishurf	𧌭
ocisuidm	𧌮
ocishgdc	𧌵
ocisqmbu	𧌷
ocisccer	𧌺
ocisisdk	𧌾
ocbcisis	𧍀
ocisyzyz	𧍂
ocislqyy	𧍄
ocisihgv	𧍊
ociswflp	𧍐
ocisklve	𧍑
ocishvvi	𧍚
ociskzkv	𧍞
ocisccxn	𧍠
ockzdais	𧍨
ocisjida	𧍩
ocishecc	𧍬
ocishukz	𧍮
ociswfug	𧍰
ocwfisis	𧍸
ocishgkl	𧍹
ocisklxt	𧍺
ocisdddc	𧍼
ocglistu	𧍽
ocgubcis	𧍾
ocisddvf	𧍿
ocmupmis	𧎀
ocbiuiis	𧎃
ocismcwf	𧎄
ocuiisuu	𧎅
occdisis	𧎆
ocisjxdc	𧎈
ocisqldm	𧎉
ocishuzi	𧎍
ociskzer	𧎎
ociswfis	𧎓
ocissiuv	𧎖
ocisxier	𧎙
ocisihls	𧎞
ocisjuer	𧎟
ocisyibw	𧎢
ocisbcbo	𧎧
ocisuixb	𧎨
ocuiisis	𧎪
ocisxnbw	𧎫
ociaisis	𧎮
ocbaisis	𧎱
ocisyegj	𧎲
ocycgeis	𧎶
ocuiuiis	𧎹
ocisxnxn	𧎾
ocisxbxb	𧏀
ocihistu	𧏁
ocisgvda	𧏂
ocisdmda	𧏃
ocyiwfis	𧏅
ocifdzis	𧏆
ocvidcis	𧏇
ocisklzi	𧏈
ocisjrfu	𧏉
occcisis	𧏊
ochgbcsv	𧏋
ocuiuuis	𧏌
ocisbcqp	𧏏
ocislili	𧏑
ocrigsis	𧏒
ocisiutm	𧏓
ocklistu	𧏔
ocisihrf	𧏕
ocisqlsi	𧏙
ocuiisuu	𧏚
ocistuwu	𧏜
oclwppis	𧏝
occcgsis	𧏤
ocisccxn	𧏥
ociserho	𧏦
ocistmwf	𧏧
ocisxbsi	𧏩
ocisjrmu	𧏪
ocisvxuj	𧏭
ocislidm	𧏵
ocisliui	𧏹
ocvuisis	𧏼
ocisyixb	𧏽
ocisrfyh	𧐀
ocisuuqm	𧐁
ocuirfis	𧐂
ocisvvda	𧐃
ocishuqp	𧐅
ocvigjis	𧐉
ocistmge	𧐋
ocdiisis	𧐏
ocisucxn	𧐑
ocsiklis	𧐘
ocisglho	𧐚
ociswfwf	𧐛
ockeuuis	𧐜
ocisdzdz	𧐝
ocismwxb	𧐟
ocuguuis	𧐡
ocisuiye	𧐦
ociyisis	𧐧
ocluwjis	𧐨
ocishuzz	𧐪
ociswjis	𧐫
ocisxnhv	𧐬
ocklyzuu	𧐰
ociswfjb	𧐲
ocisglsi	𧐳
ocdzdzis	𧐵
ocisgltu	𧐷
ocisvzuj	𧐸
ocishemu	𧑇
ocziisis	𧑉
ocistmgs	𧑌
ociuuiis	𧑎
ocismcjs	𧑐
ocisccfg	𧑑
occiisis	𧑖
ocuzyris	𧑝
ocisjris	𧑞
ocishgui	𧑠
ocglistu	𧑢
ocvuisis	𧑤
ocvzjris	𧑥
ocisvvgk	𧑦
ocuiveis	𧑧
ocfgisis	𧑨
ocissiyi	𧑩
ocislwxn	𧑫
ocxtfais	𧑬
ociserer	𧑮
ocxmxmis	𧑯
ocisxtbo	𧑲
ocisirho	𧑳
ocdcisis	𧑴
ocisujsi	𧑵
ocisbcrj	𧑶
ocisuinq	𧑷
ocisuzzz	𧑺
ocuhgeis	𧑼
ocisuhzz	𧑽
ocsisiis	𧑿
ocdvisis	𧒂
ocyhisis	𧒃
oclpisis	𧒈
ocwoisis	𧒎
ocifisis	𧒏
ocisgltu	𧒐
ocfgisis	𧒒
ocqqisis	𧒔
ocishguu	𧒘
ocdvisis	𧒙
ocriisis	𧒛
ocuigsis	𧒝
ocisklyt	𧒞
ocdmisis	𧒟
ocisbcys	𧒠
ocbcfgis	𧒡
occcxbis	𧒣
occcisis	𧒤
ociufhis	𧒥
ocfuyhis	𧒦
ocbcxbis	𧒧
ocjmistu	𧒨
ocisuhgj	𧒩
ocisbcys	𧒫
ocisbcmo	𧒳
ocisuiig	𧒵
ocisuiyi	𧒶
ocisjnyh	𧒻
ocisieuu	𧒼
ocrfyuis	𧓀
ocwfkzis	𧓂
ocfwisis	𧓊
ocislitu	𧓋
ocisykho	𧓌
ocisbcba	𧓍
ocbwisis	𧓎
ocerwais	𧓐
ocyuisis	𧓑
ocisxiyb	𧓒
ocisycve	𧓓
ocdsisis	𧓕
ocfwisis	𧓖
ocissiqm	𧓗
ocwfbcis	𧓚
ocisjqhl	𧓛
ocisuimu	𧓜
ociszida	𧓝
ocisgefg	𧓞
ocveisis	𧓟
ocishgjs	𧓠
ocisccxu	𧓡
ochyisis	𧓢
ocglsiis	𧓣
oczdisis	𧓤
ocisuiya	𧓥
ocklisis	𧓨
ocisddbw	𧓩
ocmiisis	𧓫
ocisfufw	𧓬
ocismmmm	𧓰
ocklisis	𧓱
ocmnisis	𧓵
ocqtgeis	𧓷
ocisdmer	𧓸
ocmbriis	𧓹
ocisglwu	𧓼
ocisfupu	𧓾
ocmcisis	𧓿
ocisbwwa	𧔀
ocervsis	𧔁
ocbcmzis	𧔂
ocduisis	𧔄
ocislzpu	𧔅
ocpiisis	𧔆
ocisdrer	𧔇
ocyisiis	𧔈
ocisgltu	𧔊
ocisujjy	𧔍
occcdnis	𧔏
occciais	𧔐
ocsvisis	𧔑
ocisuive	𧔒
ocsuiais	𧔓
ocisccma	𧔕
ocisisis	𧔗
ocissiyr	𧔘
ocyrisis	𧔞
ocisjrma	𧔟
ocisccqn	𧔠
ocvjisis	𧔡
ocxmxiis	𧔤
ocjlisis	𧔧
occcdnis	𧔩
ociswfgj	𧔫
ocishgmu	𧔬
ocqmisis	𧔭
ocqiisis	𧔮
ocbiisis	𧔯
ocvvisis	𧔰
ocjqklis	𧔱
ocmkisis	𧔲
oclqisis	𧔳
ocwwmbis	𧔵
ocvzhois	𧔶
ociszxvv	𧔷
ociskzjs	𧔸
ocisihtu	𧔹
ockzwjis	𧔺
ocisuiuu	𧔽
ocishghg	𧕁
ocisirjq	𧕂
ocisdctu	𧕃
ocisyukz	𧕅
ocisdzge	𧕆
ocwwisis	𧕈
ocisxigu	𧕉
ocisyjyz	𧕊
ocltisis	𧕌
ocquisis	𧕎
occcisis	𧕐
ociscimm	𧕓
ocgcisis	𧕔
ocwhwhis	𧕕
ochetmis	𧕙
ocisqixn	𧕚
ockztmis	𧕛
ocyrriis	𧕜
ocbcxbis	𧕝
ocxtrfis	𧕠
oclivsis	𧕢
ocvvisis	𧕣
ocdjisis	𧕦
ocjqklis	𧕧
ocisyiyz	𧕪
ocistmtu	𧕫
ochgfzis	𧕰
ocwuisis	𧕱
ocvvklis	𧕲
ocmmisis	𧕵
ocyiisis	𧕶
ocmahlis	𧕸
ocisvvfj	𧕺
ocsvyuis	𧕼
ocjijiis	𧕽
ocjpisis	𧕾
ocycveis	𧖀
ocwfbcis	𧖁
ocwjisis	𧖄
ocbcdkis	𧖅
ocismfda	𧖆
ocglvvis	𧖇
ocuigsis	𧖉
ocqiisis	𧖊
ocisluuu	𧖋
ocisislw	𧖌
ocpiisis	𧖎
ocuigsis	𧖏
ocgsjlis	𧖑
ochgmfis	𧖔
ocxbbiis	𧖕
ocisyikz	𧖗
ocisyjuz	𧖘
ochgfzis	𧖚
ocjiisni	𧖛
ocjnjnis	𧖝
ocyudjis	𧖞
ocxmxmis	𧖟
ocsvnnis	𧖠
occcjpis	𧖡
ocsvisis	𧖢
ocdsriis	𧖤
octslbis	𧖥
ochguhxt	𧖬
ocytybmb	𧖺
ocyuujxt	𧗁
ocujyuxt	𧗃
ocifrfxt	𧗄
occcigmb	𧗆
ocycgext	𧗇
ocyuhoxt	𧗊
ocxthuhu	𧗌
occcjuxt	𧗎
ocdapumb	𧗑
ocxbjqxt	𧗕
occcqpxt	𧗘
ocyumuxt	𧗙
ocyubkxt	𧗚
ocvhjlxt	𧗛
ocxkhgrf	𧗡
ocxkiags	𧗫
ocxkujji	𧗬
ocxksjcc	𧗭
ocxkwukz	𧗮
ocxkujwh	𧗲
ocxkxrui	𧗵
ocxkjm	𧗸
ocxkgsxb	𧗺
ocxkdcfu	𧗻
ocxkujsi	𧗼
ocxkdcda	𧗽
ocxkjnda	𧗾
ocxkriyr	𧘁
ocxkircy	𧘄
ocxkmufz	𧘆
ocppvena	𧘇
ocppbahg	𧘒
ocppdcna	𧘖
ocyibahg	𧘙
ocpphgyc	𧘛
ocppppkv	𧘧
ocyibaba	𧘳
ocppppyi	𧘵
ocyikluu	𧘼
ocpphgyi	𧘾
ocppbcji	𧙇
ocpphgkd	𧙒
ocppndmu	𧙤
ocyiiuba	𧙦
ocwfklyi	𧙬
ocgsgsyi	𧙭
ocppjidc	𧙮
ocyigsba	𧙰
ocppjijb	𧙱
ocwfriyi	𧙴
ocyiccba	𧙵
ocppihvi	𧙼
ocrfpuyi	𧙾
ocppve	𧚊
ocpperve	𧚊
ocppqmri	𧚎
ochgbcyi	𧚐
ocppgekz	𧚑
ocppuijb	𧚓
ocppwfds	𧚕
ocppyzqn	𧚗
ocuvqryi	𧚚
occcdmyi	𧚛
ocppihfu	𧚜
ocfggeyi	𧚝
ocppwhyi	𧚡
ocppwfxs	𧚢
ocppwfmu	𧚦
ocppdcjq	𧚧
ochebcyi	𧚩
ocyiirkz	𧚱
ocirdcyi	𧚲
ochoriyi	𧚵
ocppuidc	𧚶
ocppbdir	𧚷
ocppujys	𧚸
ocyikzbw	𧚹
ocppvizz	𧚺
ocpplkkz	𧚼
ocyikzkz	𧚾
ocyibcyi	𧛁
ocppklhe	𧛃
ocpprfyi	𧛄
ocppwfna	𧛅
ocyicdba	𧛌
ocppdabc	𧛍
ocppxitu	𧛑
ocppvuda	𧛒
ocpphuwf	𧛓
ocyivxmu	𧛙
ocpprfih	𧛛
ocppxswf	𧛝
ocppgeba	𧛠
ocppcsxb	𧛤
ocppwfrj	𧛥
ocfugeyi	𧛦
ockzyido	𧛧
ocppbckz	𧛪
occckzyi	𧛬
ocppgvyi	𧛲
ocpprfdh	𧛳
ocppgsba	𧛴
ocirdcyi	𧛵
ocpprfui	𧛶
ocppuixb	𧛺
ocuiyzyi	𧛽
ocyihehe	𧛿
ocppsikl	𧜄
ocppccrs	𧜆
ocppiryi	𧜇
ocyiytjr	𧜈
ocyiyiri	𧜊
ocppvxcc	𧜋
ocyicigr	𧜍
ocppxkuz	𧜎
ocwffwyi	𧜏
ocppddve	𧜐
ocppihjb	𧜑
ocytjryi	𧜜
ocppmuuv	𧜝
ocppcsxb	𧜢
ocyiuuyi	𧜤
ocppjlvi	𧜨
ocppccxi	𧜩
ocyixtyu	𧜪
ocppvump	𧜬
ocppbcqu	𧜮
ocwfddyi	𧜯
ocppwfwf	𧜰
ocppguyt	𧜲
ocuiyzyi	𧜷
ocwfgeyi	𧜸
ocluwjyi	𧜼
ocppuiyu	𧜾
ocppccfu	𧜿
ocpptmgs	𧝀
ocppsiyu	𧝁
ocppmcjs	𧝃
ocpphgho	𧝄
ocppheyu	𧝅
ocppjiri	𧝆
ocppyebi	𧝉
ocppybge	𧝊
ocppdcho	𧝌
ocihheyi	𧝏
ocppdikz	𧝐
ocyigsgs	𧝑
ocppyijq	𧝘
ocgvwjyi	𧝚
ocyivzjr	𧝢
ocgsgsyi	𧝣
ocyirfma	𧝥
ocihvilp	𧝦
ocppdjge	𧝧
ocpptucy	𧝪
ocpphgjb	𧝫
ocppdabw	𧝭
ocppmixb	𧝮
ocpperyi	𧝯
ocppppqn	𧝰
ocppbcee	𧝱
ocpphuui	𧝲
ocmhyifj	𧝹
ocyilbmc	𧝺
ocyivzcc	𧝻
ocyiujyc	𧝾
ocpptmjq	𧞁
ocyiyujq	𧞂
oclbmcyi	𧞉
ocppbaho	𧞌
ocppvxxb	𧞎
ocvejbyi	𧞐
ocppbaui	𧞑
ocppcche	𧞔
ocerwayi	𧞕
ocwfjbyi	𧞗
ocppuivi	𧞘
ocwfvzyi	𧞚
ocjijqyi	𧞜
ocppihjb	𧞝
ocppdcji	𧞟
ocziuiia	𧞠
ocnvnnyi	𧞡
ochguiyi	𧞢
ocppdcyu	𧞦
ocppluho	𧞧
ocppqtge	𧞩
ocppirve	𧞪
ocppuijq	𧞬
ocpplw	𧞭
ocyjuiyi	𧞮
ocluhoyi	𧞯
ocppqixb	𧞰
ocppluyi	𧞱
ocppfubd	𧞲
ocppuiho	𧞳
ocppyisi	𧞷
ocuiuuyi	𧞹
ocuiuuyi	𧞺
ocyikzyc	𧞻
ocppbcyi	𧞼
ocppmabk	𧟁
ocppgsjl	𧟂
ocppcvjs	𧟃
ocppuibw	𧟅
ocppxbho	𧟈
ocppvuxm	𧟉
ocpprimi	𧟊
ocppsixs	𧟍
ocppuibw	𧟎
ocyjsiyi	𧟏
ocpperis	𧟐
ocppxbif	𧟒
ocppdsri	𧟔
ocpptmhu	𧟕
ocppvujq	𧟖
ocppyjui	𧟗
ocppccis	𧟚
ocliliyi	𧟛
ocppldld	𧟜
ocppjbjt	𧟝
ocppliyi	𧟞
oclslsyi	𧟟
ocdayi	𧟟
ocuigexi	𧟭
ocxikluu	𧟮
ocxituxi	𧟯
ocxiuzuu	𧟲
ocxiuzyt	𧟳
ocxiuzyt	𧟶
ocfgfgxi	𧟷
ocxiriui	𧟹
ochgkllk	𧟺
ocxihogv	𧟼
ochgwhfz	𧟾
ocxituwh	𧟿
ochguigj	𧠀
ocxiihwf	𧠂
ocxirfwf	𧠃
ocxigeer	𧠄
ocveyter	𧠇
ocklhgjm	𧠊
ocveuijm	𧠍
ocklrfjm	𧠓
ochuyijm	𧠞
ocrfyejm	𧠡
ocfuppjm	𧠥
ocuhxnjm	𧠪
ocrferjm	𧠬
ocjmkzkz	𧠮
ocgsxijm	𧠱
ocvxbcjm	𧠳
ocyzmujm	𧠸
ocbcycjm	𧠽
ocytujjm	𧠿
ocujwhjm	𧡁
octuhojm	𧡂
ocdaycjm	𧡅
ocmubkjm	𧡆
ocjmccdm	𧡉
ocihgvjm	𧡋
ocvjbijm	𧡑
ocgserjm	𧡔
ocvuccjm	𧡗
ocuiuijm	𧡘
ocnmhojm	𧡙
ocklhojm	𧡠
ocdvccjm	𧡦
ocbcfzjm	𧡧
ocvzujjm	𧡬
ocytuijm	𧡯
ocvxjujm	𧡳
ocvehgjm	𧡸
ocvjvejm	𧡹
ocklzijm	𧡻
ocifhojm	𧡼
oclddcjm	𧡽
ocvxfzjm	𧡾
ocliwwjm	𧡿
ocyiuujm	𧢂
ocjmjmxb	𧢅
ocvxvvjm	𧢉
ocyuvfjm	𧢋
ocziuijm	𧢌
oclbycjm	𧢎
ocvigvjm	𧢏
occibwjm	𧢔
ocuumujm	𧢕
ocgsmijm	𧢖
ocmcyajm	𧢗
ocbcbajm	𧢘
ocjmyumb	𧢙
ocnmtujm	𧢚
ocmujiji	𧢛
ocjmjmjm	𧢞
ocjmcvwf	𧢠
ocycyzjm	𧢣
ocyukzjm	𧢥
occvjsjm	𧢧
ocxbhojm	𧢨
ocbayejm	𧢪
ocycjmjm	𧢬
ocbklujm	𧢮
occcyujm	𧢯
occcujjm	𧢰
ocdcklrf	𧢲
ocjnhgyc	𧣎
ocjnfupp	𧣘
ocjngsbk	𧣚
ocjnrfye	𧣟
ocjnribi	𧣤
ocjngser	𧣥
ocjnbcqp	𧣬
ocjnhghg	𧣰
ocjngeyc	𧣱
ocjnjm	𧣴
ocjnaoer	𧣶
ocjnxbhg	𧣿
ocjncswu	𧤄
ocjnwfmu	𧤇
ocjnnmmu	𧤈
ocjnkzyt	𧤉
ocjnyccc	𧤋
ocjnkzer	𧤏
ocjqdajn	𧤑
ocjnzoyt	𧤓
ocjndguu	𧤔
ocjnwfxn	𧤚
ocjnmctm	𧤝
ocjnjnnd	𧤢
ocjnyzkz	𧤦
ocjnhuuu	𧤧
ocjnsiba	𧤩
ocjnvvnd	𧤪
ocjnihrf	𧤫
ocjnpper	𧤬
ocjnyzyz	𧤮
ocjndzdz	𧤰
ocjnuiho	𧤲
ocjnqicd	𧤳
ocuguujn	𧤴
ocjnuixb	𧤶
ocjnvxui	𧤷
ocjnppwf	𧤸
ocjnmcjs	𧤾
ocjnuipu	𧤿
ochohgjn	𧥀
ocjnyuxn	𧥂
ocjnujjy	𧥅
ocuijnuu	𧥆
ocjnbaqm	𧥊
ocjnluho	𧥍
ocjnfufw	𧥎
ocjnvvjs	𧥏
ochohojn	𧥑
ocjntutu	𧥒
ocjndctu	𧥓
ocjncimm	𧥕
ocjnbklu	𧥗
ocjnvvuu	𧥘
ocxmjnpu	𧥙
ocxmxmjn	𧥚
ocwferkl	𧥛
ocwferkl	𧥜
ocyjuive	𧥨
ocyjkluu	𧥪
ocyjppqi	𧥫
ocyjppji	𧥬
ocyjhgjq	𧥭
ocyjklna	𧥯
ocyjcchg	𧥳
ocbceryj	𧥻
ocerbayj	𧥽
ocyjyzyz	𧦀
ocyjruru	𧦁
ocyjveda	𧦂
ocyjyzkl	𧦆
ocxidmyj	𧦇
ocyjppkz	𧦎
ocyjqikl	𧦏
ocyjgshg	𧦒
ocyjppcc	𧦖
ocyjklyz	𧦘
ocyzklyj	𧦙
ocyjhgyc	𧦚
ocyjbcyz	𧦛
ocyjrfxn	𧦜
ocyjihgj	𧦡
ocyjwfnv	𧦣
ocyjrfye	𧦧
ocyjklye	𧦩
ocgsjiyj	𧦬
ocyjgsna	𧦮
ocyjhgwu	𧦯
ocyjppkz	𧦶
ocyjbcve	𧦷
ocgjklyj	𧦸
ocyjppxi	𧦻
ocyjvevi	𧦾
ocyjrfxn	𧧂
ocyjndmu	𧧇
ocyjglto	𧧉
ocyjhzsi	𧧊
ocyjuhxn	𧧌
ocyjuhxx	𧧎
ocyjxser	𧧗
ocxiyjyz	𧧙
ocyjklfg	𧧚
ocyjkler	𧧛
ocyjihya	𧧝
ocvxyjyz	𧧞
ocyjuige	𧧟
ocyjxtxt	𧧠
ocyjbags	𧧡
ocyjwfxs	𧧣
ocyjuigs	𧧫
ocuigeyj	𧧬
ocyjwhir	𧧮
ocyjxtuj	𧧱
ocyjrfer	𧧲
ocyjdanq	𧧳
ocyjrfxb	𧧴
ocrfviyj	𧧹
ocyjbitu	𧧺
ocyjbchu	𧧼
ocycziyj	𧧿
ocyjcckv	𧨄
occctuyj	𧨅
ocyjuimu	𧨇
ocyjwhtu	𧨉
ocyjihva	𧨊
ocyjklvg	𧨋
ocyjdahg	𧨌
ocrfviyj	𧨍
ocyjbcqp	𧨏
ocyjwfnv	𧨐
ocyjrivi	𧨓
ocyjgjho	𧨗
ocyjtutu	𧨙
ocyjritu	𧨚
ocyjmubi	𧨛
ocyjvxda	𧨞
ocyjxtyz	𧨠
ocyjccgj	𧨢
ocnwkzyj	𧨣
ocyjrigs	𧨤
ocyjppri	𧨥
ocyjbamb	𧨦
ocerzoyj	𧨧
ocyjbiuj	𧨨
ocyjpuyt	𧨪
ocyjdagj	𧨫
ocifrfyj	𧨭
ocyjwfmu	𧨯
ocyjihfz	𧨵
ocyjccyc	𧨶
ocligeyj	𧨺
ocyjvjwf	𧨼
ocyjbcmu	𧨾
ocyjgsbd	𧨿
ocuvyjuv	𧩁
ocyjfhfh	𧩂
ocyjccyc	𧩃
ocyjhggs	𧩄
ocyjglwf	𧩅
ocyjjutu	𧩆
ocyjxbji	𧩇
ocyjdakv	𧩊
ocyjrigk	𧩍
ocdcihyj	𧩏
ocyjhurf	𧩐
ocyjkzyt	𧩑
ocyjujmu	𧩒
ocyjglgj	𧩔
ocyjiziz	𧩖
ocyjgsyz	𧩗
ocyjveuj	𧩘
ocyjdjvi	𧩙
ocyjdauv	𧩚
ocyjxyqn	𧩛
ocyjnmmu	𧩜
ocyjuzyt	𧩝
ocyjgsxb	𧩟
ocyjjibd	𧩠
ocyjcikz	𧩢
ocyjirxb	𧩣
ocwwwfyj	𧩥
ocyjdcui	𧩩
ocyjcsxb	𧩪
ocyjzoyt	𧩭
ocyjzdyz	𧩮
ocyjglni	𧩯
ocyjxtvi	𧩰
ocyjccva	𧩳
ocyjnimu	𧩴
ocyjdcyj	𧩵
ocyjhecc	𧩸
ocyjwfzi	𧩽
ocifrfyj	𧩾
ocyjgsba	𧩿
ocyjjigs	𧪀
ocyjxyzi	𧪂
ocyjruyj	𧪃
ocyjdayi	𧪉
ocyjccbi	𧪋
ocyjuuzz	𧪌
ocsidcyj	𧪔
ocyjgeba	𧪖
ocyjqmkl	𧪗
ocyjujli	𧪙
ocyjsiba	𧪟
ocyjhuwf	𧪤
ocyjihdk	𧪥
ocyjriyu	𧪦
ocyjvehg	𧪧
ocyjxbbi	𧪫
ocxiyjsi	𧪬
ocyjcckx	𧪮
ocyjvskz	𧪯
ocyjxyxi	𧪱
ocyjxbxb	𧪳
ocyjqrtu	𧪴
ocyjxbbo	𧪶
ocnmyjjb	𧪷
ocyjccrj	𧪸
ocyjrfkl	𧪺
ocyjlili	𧪻
ocyjjkrj	𧪿
ocyjyirf	𧫀
ocyjiezi	𧫂
ocyjhuuz	𧫅
ocyjirbw	𧫇
ocyjythe	𧫈
ocyjgvxb	𧫉
ocyjvidc	𧫌
ocyjziwh	𧫍
ocyjsiyt	𧫐
ocyjvuji	𧫑
ocyjbczu	𧫒
ocyjfwtu	𧫔
ocyjyjer	𧫘
ocyjxbwf	𧫝
ocyjuiyu	𧫞
ocyjvvda	𧫟
ocyiuuyj	𧫦
ocyjjbyz	𧫧
ocyjglmu	𧫨
ocyjhurf	𧫪
ocyjytuu	𧫫
ocwwihyj	𧫬
ocyjdari	𧫭
ocyjuigj	𧫮
ocbwglyj	𧫯
ocyjgljp	𧫰
ocyjhujk	𧫲
ocyjccfg	𧫴
ocyjjrhv	𧫵
ocuuqmyj	𧫷
ocyjvupi	𧫸
ocyjglho	𧫽
ocyjlwsi	𧬀
ocyjziui	𧬁
ocyjvivi	𧬃
ocyjufui	𧬄
ocyjheyu	𧬈
ocriiuyj	𧬉
ocyjpbuj	𧬌
ocyjdikz	𧬍
ocyjihhe	𧬎
ocyjerer	𧬐
ocrfihyj	𧬑
ocyjrifh	𧬒
ocdajiyj	𧬓
ocyjgjmu	𧬔
ocyjccwf	𧬖
ocyjqimu	𧬗
ocyjfher	𧬚
ocyjccxi	𧬝
ocyjcihg	𧬟
ocyjppzo	𧬡
ocyjcsri	𧬢
ocgegeyj	𧬣
ocyjtmjq	𧬩
ocyjhguu	𧬭
ocyjmuda	𧬮
ocyjbcsi	𧬯
ocyjmfke	𧬱
ocyjuiiu	𧬲
ocyjsigj	𧬳
ocyjklyt	𧬴
ocyjxtzu	𧬵
ocyjvevf	𧬶
ocyjhuui	𧬷
ocyjqudz	𧬹
ocyjjinn	𧬽
ocyjycyj	𧬾
ocyjqmkl	𧬿
ocyjvubp	𧭀
ociuwfyj	𧭁
ocfufuvj	𧭃
ocyjifwh	𧭅
ocyjrfcc	𧭆
ocyjbdfh	𧭇
ocyjuivi	𧭋
ocyjdawa	𧭌
ocyjmugx	𧭑
octsbcyj	𧭒
ocyjykho	𧭓
ocvzyuyj	𧭔
ocyjqnjb	𧭕
ocyjccwo	𧭖
ocyjliri	𧭘
ocyjbaui	𧭙
ocyjyjyj	𧭛
ocyjirve	𧭞
ocyjdcpu	𧭦
ocrfihyj	𧭨
ocyjnmtu	𧭩
ocyjgsge	𧭪
ocyjwfgj	𧭫
ocyjmuuu	𧭬
ochgvvyj	𧭭
ocyjzifh	𧭮
ocyjrfzo	𧭯
ocyjgshw	𧭲
ockekeyj	𧭳
ocyjsiyr	𧭴
ocyjxmsi	𧭶
ocyjddjq	𧭸
ocyjwfgj	𧭺
ocyjxmyj	𧭻
ocyjccyj	𧭽
ocyjyubw	𧭾
ocsidcyj	𧭿
ocsirfyj	𧮀
ocyjccyz	𧮁
ocyjxmri	𧮂
ocyjnmho	𧮃
ocyjujjy	𧮄
ocyjcckv	𧮉
ocyjgvyj	𧮊
ocyjcvuu	𧮋
ocyjsibc	𧮌
ocyjmfyb	𧮍
ocyjbcyj	𧮎
ocyjjqsi	𧮏
ocyjmfta	𧮑
ocyjyiyz	𧮒
ocyjgvvv	𧮓
ocyjrimi	𧮔
ocyjxmgs	𧮖
ocyjyjxb	𧮗
ocyjjyjy	𧮘
ocyeuuyj	𧮙
ocyjwjis	𧮚
ocyjkzyz	𧮜
ocyhyjyj	𧮟
ocyjmaxl	𧮠
ocyjxtmd	𧮡
ocbwyjyj	𧮣
ockzueyj	𧮥
ocyjyjyj	𧮦
ocyjmulj	𧮧
ocyjyiyc	𧮨
oclslsyj	𧮩
ocdayj	𧮩
ocrfrfkz	𧮫
ocuubcgu	𧮲
ocguvekl	𧮷
ocuuguyz	𧮸
ocguyzqn	𧮹
ocgujm	𧮺
ocwfxsgu	𧮼
ocvxfugu	𧮾
ocgudcui	𧯂
ocgulidm	𧯇
ocguxnxn	𧯈
ocguucxn	𧯊
ocgumfya	𧯋
ocguziui	𧯌
ocihhegu	𧯏
ocguriwj	𧯐
ocgumfke	𧯓
ocguzijx	𧯔
ocguuumu	𧯖
ocguyuxi	𧯗
octubadz	𧯣
ocuigedz	𧯥
octuxtdz	𧯧
ocxidzcc	𧯭
ocfgfgdz	𧯮
ocdzdcjq	𧯰
occcigdz	𧯷
ocfgkldz	𧯽
ocdzhgtu	𧰁
ocdzriyu	𧰂
ocqudzui	𧰅
ocbmxidz	𧰌
ocerdzyz	𧰍
ocdzbdkz	𧰏
ocerwaqm	𧰓
oclqqudz	𧰖
ocqudzmb	𧰚
ocerwadz	𧰛
ochudzvs	𧰜
ocqudzvj	𧰞
ocqudzhe	𧰟
ocqudzlb	𧰢
ocdzvivi	𧰤
ochgppna	𧰧
ocppppna	𧰨
ocuippqi	𧰭
ocuidcyz	𧰱
ochgihui	𧰳
ocuidmuu	𧰵
ochubcui	𧰺
ocfuppna	𧰼
ockzkzui	𧱄
ochubaui	𧱈
ocuiklyz	𧱊
ocpptmui	𧱋
ocvxbcui	𧱌
ocuihzba	𧱒
ocytuijb	𧱔
ocuihghg	𧱖
ocuimubi	𧱗
ocwfsvjp	𧱘
ocerzoui	𧱞
ocuihgsj	𧱠
ocuiuilk	𧱢
ocuiaoyz	𧱣
octrgege	𧱤
ocuiirtm	𧱥
ocuidmls	𧱦
ocuidmww	𧱧
ocuizoyt	𧱫
ocuixswf	𧱭
ocuixnyz	𧱮
ocuijbyz	𧱯
ocuimcpu	𧱰
ocwfsvue	𧱳
ocgsuiui	𧱶
ocuirfzz	𧱷
ocuippmw	𧱸
ocuiifyt	𧱽
ocuiuiqr	𧱾
ochusvkl	𧲁
ocuiuuui	𧲇
ocuizovi	𧲈
ocglhgui	𧲊
ocuihuui	𧲋
ocuivujp	𧲌
ocuiuiui	𧲏
ocuiujjy	𧲑
ocuigsge	𧲒
ocuirfzz	𧲓
ocuimulz	𧲕
ocuivuyt	𧲗
ocuidzge	𧲘
ocuiyukz	𧲙
ocuicvjs	𧲚
ocxkytjb	𧲞
ocuiuiis	𧲟
ocvippqr	𧲶
ocviiruj	𧳀
ocvihghg	𧳔
ocvibdba	𧳖
ocvidaba	𧳗
ocviirxb	𧳦
ocvipper	𧳱
ocvixter	𧳲
ocvifgcc	𧳳
ocvixbcc	𧳴
ocvirfvi	𧳺
ocvivxis	𧳻
ocvikzdi	𧳼
ocvidaba	𧳾
ocvivsve	𧳿
ocvifubi	𧴀
ocvivxzz	𧴇
ocviridi	𧴉
ocviyefu	𧴌
ocvivivi	𧴎
ocvivzvz	𧴏
ocvierer	𧴓
ocvihuui	𧴘
ocvirfvi	𧴙
ocviring	𧴞
ocvimuqp	𧴢
ocsisibw	𧴵
ocbwqiui	𧴶
ocbwhgpp	𧴷
ocppycbw	𧴺
ocbwhgkz	𧵀
ocbwhgyc	𧵇
ocbwkzna	𧵐
ocxiyzbw	𧵚
ocdkirbw	𧵜
ockzjqbw	𧵞
ocbwiags	𧵧
ocbwgedc	𧵪
ocbwuukz	𧵫
ocbwxser	𧵮
ocdjvebw	𧵯
ocrfvibw	𧵰
ocbwgjkz	𧵳
ocbwgeer	𧵶
ocgeerbw	𧵸
ochgybbw	𧵹
ocbwwfuv	𧵾
ocbwve	𧶋
ocbwerve	𧶋
ocuihgbw	𧶌
ocbwgeyc	𧶍
ocbcgdbw	𧶎
ocuicsbw	𧶐
ocujmwba	𧶑
ockzgebw	𧶒
ocycgsbw	𧶓
ochvhgbw	𧶚
ocwfbcbw	𧶜
ocqiklbw	𧶝
ocbwklhe	𧶞
ocuisibw	𧶠
ocdggsbw	𧶢
ocrfuibw	𧶣
ocjmbw	𧶤
ocbwjkjk	𧶥
ochocsbw	𧶦
ocbwriho	𧶨
ocbwgsjk	𧶩
ocbwqmjq	𧶵
ocbwbwji	𧶹
ocbcgsbw	𧶼
octurfbw	𧷀
ocieyzbw	𧷄
ocklyzgv	𧷅
ocyumpbw	𧷇
ocjqhgbw	𧷈
ocbwbcba	𧷉
ocbwqmkl	𧷊
ocbwuiyz	𧷌
ocuubwug	𧷎
octubamd	𧷏
ocisuibw	𧷑
ocwfyabw	𧷔
ocuuqmbw	𧷕
ocldlibw	𧷖
ocuijsbw	𧷗
ocifuubw	𧷙
ocbwgunv	𧷚
ocwfbcyr	𧷞
ocbwwuif	𧷢
ocuuifze	𧷤
oczuuubw	𧷥
ocuuyzbw	𧷧
ocuibapb	𧷨
ocgjgjgv	𧷩
ocglqmbw	𧷫
ocbabwtk	𧷭
ocbwribw	𧷰
ocgsvimu	𧷱
ocbwuiiu	𧷲
ocrfgobw	𧷴
ociuwhbw	𧷵
ocbwyhgu	𧷶
occcjsbw	𧷷
ocbwgsbw	𧷻
ocvzjrbw	𧷽
ocbwmcjs	𧷾
ocbwerer	𧸀
ocbwyebi	𧸅
ociuyzbw	𧸆
ocuibabw	𧸇
ocbwybge	𧸉
ocbwuibw	𧸊
ocqmyubw	𧸋
ocbwxtdk	𧸎
ocbwyejb	𧸕
ocglvvbw	𧸛
ociufhbw	𧸞
ociuwfbw	𧸟
ocwfgebw	𧸠
ocbwucsi	𧸣
ocbwvibw	𧸥
ocbwbdfh	𧸨
ocbwuumu	𧸩
ocbwlitu	𧸪
ocyrlqyi	𧸫
ocbwgltu	𧸳
ocbwbwks	𧸵
ocjbgsbw	𧸶
ocbwdcyj	𧸸
ocbwbnfa	𧸻
ochuwubw	𧸾
ocwuhubw	𧹁
ochuhubw	𧹂
ocgswfgs	𧹃
ocvhlybw	𧹄
oczszsbw	𧹆
ocbwjqsi	𧹇
ocbwbwda	𧹈
ocvhrfbw	𧹉
ocbwtubw	𧹎
ocgsppba	𧹘
ociiuiia	𧹠
ociiuive	𧹧
ociixitu	𧹬
ocuiiiuu	𧹲
ocvorfii	𧹳
ocuguuii	𧹷
ociierer	𧹸
ociiybge	𧹹
ociiriho	𧹽
ociirfri	𧹿
ociibcfj	𧺀
ocbcfjii	𧺁
ocvejmii	𧺂
ociivejm	𧺃
ochoiidg	𧺄
ocuuxiii	𧺅
oczzlnhg	𧺐
oczzbcjq	𧺤
oczzhgyc	𧺦
oczzihgj	𧻀
ocycviyt	𧻂
oczzjquj	𧻆
oczzbcxi	𧻌
oczzwfcy	𧻐
oczzlili	𧻒
oczzfgdc	𧻘
oczzrfvi	𧻝
oczzndmu	𧻞
oczzuitu	𧻡
oczzdcuv	𧻦
oczzglgj	𧻧
oczzxtxt	𧻫
ocyczzdo	𧻬
oczzppwf	𧻮
oczzuvgk	𧻯
oczzritu	𧻼
oczzqpba	𧻾
oczzdcuv	𧼇
oczzve	𧼈
oczzerve	𧼈
oczzhghg	𧼉
oczzklhe	𧼐
oczzifyz	𧼒
oczzujfu	𧼗
oczzuidm	𧼙
oczzuixi	𧼜
oczzihni	𧼞
oczzdcuv	𧼢
oczzhurf	𧼥
oczzbkli	𧼦
oczzxswf	𧼬
oczzzdyz	𧼭
oczzqmjq	𧼰
oczzglni	𧼳
oczzdcui	𧼵
oczzqmkl	𧼶
oczzkztu	𧼻
oczzmuqr	𧽀
oczzfgcc	𧽁
oczzvxrj	𧽃
oczzjndc	𧽄
oczzjiqm	𧽓
oczzbcyz	𧽔
oczzkzri	𧽫
oczzccfu	𧽬
oczztuvv	𧽭
oczzgeig	𧽮
oczzriqn	𧽰
oczzribc	𧽱
oczzrfvv	𧽳
oczzglpz	𧽴
oczzccpg	𧽹
oczzihhe	𧽺
oczzmcjs	𧽻
oczzcsri	𧾀
oczzycfw	𧾁
oczzufzi	𧾅
oczzccmk	𧾆
oczzxisi	𧾇
oczzriwj	𧾈
oczzrizu	𧾉
oczzlwxn	𧾋
oczzsiyi	𧾎
oczzycjq	𧾓
oczzmuvv	𧾕
oczzujma	𧾖
oczzzzzz	𧾜
oczzuuyz	𧾝
oczzdaig	𧾞
oczzvuvv	𧾟
oczzxtxu	𧾠
oczzgltu	𧾡
oczzqtge	𧾢
oczzfufw	𧾣
oczzrvyz	𧾩
oczzzikz	𧾫
oczzlbpu	𧾬
ocycvivi	𧾭
oczzyukz	𧾮
oczzxbho	𧾴
oczzisis	𧾶
oczuhgji	𧿊
oczuhgjq	𧿋
oczuyiui	𧿎
oczueedm	𧿏
oczuklna	𧿓
ocppbkzu	𧿗
oczuhgyc	𧿠
oczujqli	𧿢
oczurfji	𧿦
oczubaqn	𧿪
oczurfye	𧿶
oczuuiyz	𧿸
oczuuijq	𧿻
oczurfxn	𨀀
oczuvevi	𨀆
oczugsrf	𨀇
oczudcsi	𨀓
oczukltu	𨀔
oczudanq	𨀗
oczuuhxn	𨀚
oczuglto	𨀟
oczuglgj	𨀠
oczufgdc	𨀦
oczuirxi	𨀨
oczuklkl	𨀩
oczurfkh	𨀫
oczuihji	𨀭
oczusiyt	𨀮
ocrfuuzu	𨁀
oczurfpi	𨁁
oczuppve	𨁓
oczuccdm	𨁕
oczumubi	𨁞
oczuugtu	𨁠
oczuwfho	𨁣
oczuujnw	𨁧
oczuklfh	𨁳
oczuwfmu	𨁻
oczuvizz	𨁾
oczuuidm	𨁿
oczubcfz	𨂆
oczuhuvi	𨂇
oczuriwh	𨂈
oczuihgv	𨂉
oczuqier	𨂋
oczudakv	𨂍
oczunmmu	𨂏
oczuhurf	𨂑
oczuiziz	𨂓
oczuvxrf	𨂘
oczubags	𨂚
oczudagj	𨂛
oczurfer	𨂟
ocmcwfzu	𨂣
oczutuyh	𨂧
oczudayh	𨂨
oczudguu	𨂩
oczuglni	𨂫
ocuitmzu	𨂬
ocrfklzu	𨂮
oczugsba	𨂳
oczucsxb	𨂴
oczuqmjq	𨂵
oczuhujb	𨂶
oczudcdc	𨂹
oczuvxjq	𨂻
oczuytgx	𨃆
oczudcdc	𨃒
oczucckx	𨃖
ocytjrzu	𨃗
oczucche	𨃚
oczuerxb	𨃛
ocnvuuzu	𨃢
oczuychv	𨃦
oczuyzkz	𨃧
oczulpmu	𨃮
oclilizu	𨃱
oczulidm	𨃸
oczuuiva	𨃼
oczusikd	𨃿
oczuglzz	𨄀
oczurfyh	𨄆
oczujruv	𨄇
oczuuiyu	𨄋
oczubcqu	𨄒
oczuuzww	𨄖
oczudakz	𨄘
oczuveuv	𨄛
oczuhuhu	𨄥
ocluwjzu	𨄧
oczuihjb	𨄪
oczurfdc	𨄫
oczuglsi	𨄭
oczuccfu	𨄳
oczurive	𨄸
oczubujm	𨅂
oczuviji	𨅅
oczudagv	𨅆
oczugsmu	𨅈
oczuyuwf	𨅊
oczuqmcy	𨅒
oczujiri	𨅔
oczudikz	𨅙
oczutmgs	𨅜
oczuuhya	𨅝
oczuxiho	𨅟
oczugskz	𨅡
oczugsfh	𨅢
oczuyctu	𨅣
oczuqiyt	𨅤
oczucsri	𨅦
oczudckz	𨅧
oczuxmri	𨅩
ocyazuya	𨅪
oczumdqu	𨅫
oczuccri	𨅱
oczuerer	𨅲
oczutycc	𨅳
oczuxtyu	𨅵
oczulwxn	𨅶
oczuycjq	𨆂
oczusixk	𨆅
oczuyctu	𨆆
oczusiyi	𨆈
oczujrzu	𨆐
oczuvuzu	𨆑
oczuhkui	𨆒
oczudayu	𨆚
oczuvubw	𨆦
ocievizu	𨆧
oczugvve	𨆨
oczuuipi	𨆫
oczuzuzu	𨆬
oczubdfh	𨆭
oczulwxi	𨆮
oczuriho	𨆰
oczufgji	𨆱
oczuvxxb	𨆲
oczuccxb	𨆳
oczuyjir	𨆴
oczupiye	𨆵
oczuihcy	𨆼
oczufubw	𨇃
oczugsbw	𨇇
oczuuizz	𨇈
oczuujln	𨇉
oczurfqn	𨇊
oczurfyt	𨇋
ocmuqizu	𨇌
oczufuie	𨇍
oczuliqr	𨇎
oczurfgs	𨇏
ocvzyezu	𨇐
oczusing	𨇑
oczuklyc	𨇔
oczurfcc	𨇕
oczuyubw	𨇚
oczuvejm	𨇛
ocvejmzu	𨇜
oczumfjq	𨇝
oczumdqu	𨇞
oczuihmo	𨇠
oczumfih	𨇡
oczucsjq	𨇦
oczumfjq	𨇧
oczudctu	𨇩
oczuvvye	𨇪
oczuxkee	𨇫
oczudjqb	𨇬
ocglgfzu	𨇭
oczumfyc	𨇲
oczueryz	𨇳
oczuxbee	𨇴
oczuycdo	𨇵
oczuxtjn	𨇶
oczuvuri	𨇸
oczuyswa	𨇹
oczuyjsi	𨇼
oczuyjho	𨇾
oczuvivi	𨈂
oczuvfvf	𨈃
oczuuiii	𨈄
oczuccly	𨈅
oczucclj	𨈆
oczutmqp	𨈈
oczuccwf	𨈉
oczuvuly	𨈋
oczubwvi	𨈍
ocppuuhg	𨈏
ocppuupp	𨈐
ocppuusj	𨈑
ocufkler	𨈜
ocufveyz	𨈞
ocufrfrf	𨈦
ocufrfji	𨈨
ocufbakv	𨈲
ocufbakz	𨈴
ocufnvxn	𨈼
ocufdanq	𨉀
ocufvsqn	𨉂
ocufppkl	𨉄
ocufrfqi	𨉅
ocufhorf	𨉇
ocufbitu	𨉉
ocufbida	𨉊
ocufbdba	𨉍
ocufirho	𨉒
ocufrfbk	𨉓
ocufgedd	𨉙
ocufkzui	𨉛
ocufwudd	𨉧
ocufbclv	𨉫
ocufxbbi	𨉮
ocufjqqn	𨉯
ocufklwh	𨉽
ocufvumu	𨉾
ocuferer	𨉿
ocufmudk	𨊀
ocuflclc	𨊁
ocuflcvi	𨊆
ocufanji	𨊊
ocufbcdk	𨊎
ocufdckz	𨊗
ocufccif	𨊙
ocuflcmc	𨊜
ocufvjzu	𨊝
ocyjsiuf	𨊟
ociehgsi	𨊪
ocdchgie	𨊬
ocieppqi	𨊯
ocieyzyz	𨊿
ocieveyz	𨋁
ociehgyc	𨋇
ocierfxn	𨋏
ocgsjiie	𨋑
ocieuiyz	𨋚
ociejqli	𨋛
ociehzee	𨋜
ociebcji	𨋠
ocieppyz	𨋦
ocierfwh	𨋶
ociegsgs	𨋷
ocievxyz	𨋻
ocierfdz	𨋼
ocsisijy	𨋿
ocieujwh	𨌂
ociebchg	𨌊
ociehzba	𨌌
ocfggeie	𨌏
ociebdba	𨌓
ocierfbi	𨌕
ociewfyt	𨌖
ocierfug	𨌝
ocwfirie	𨌤
ocwhiewh	𨌥
ocietmui	𨌦
ociebcfz	𨌨
ociegsxb	𨌪
ociecszz	𨌰
ocgligie	𨌱
ociehgwh	𨌷
ocycieyc	𨌸
ocierfyu	𨌺
ociehgzo	𨌻
ocievsvs	𨌼
ocienqnq	𨌽
ocnqnqie	𨌾
ocrfqmie	𨍁
ocwuwuie	𨍂
ocycihie	𨍃
ocieccyz	𨍅
ociexswf	𨍈
ociecsxb	𨍉
ociembri	𨍌
ocmcwfie	𨍎
ocifrfie	𨍒
ocierfie	𨍓
ocuiiecc	𨍔
ocgligie	𨍗
ociehgkv	𨍘
ocierfie	𨍙
ocierfyu	𨍚
ocievsri	𨍟
ociewfxn	𨍡
ociebckz	𨍤
ocrigsie	𨍯
ocieklui	𨍲
ociedmmk	𨍵
ocieuivi	𨍺
ocrujiie	𨍻
ociejiir	𨍼
ocieyigs	𨍽
ocieuipu	𨍿
ocieyzkz	𨎄
ociesidj	𨎅
ociefukz	𨎈
ocieihjp	𨎉
ocielqyi	𨎊
ociekzhv	𨎏
ocluwjie	𨎐
ocfuieie	𨎑
ocienqie	𨎓
ocienmfu	𨎔
ociewukz	𨎕
ocieyiuj	𨎗
ocievxbw	𨎘
ociewfwf	𨎙
ociemitm	𨎚
ociebcyz	𨎜
octmgeie	𨎠
ociewffa	𨎡
ociextge	𨎣
ocieziui	𨎦
ocieerer	𨎪
ocieyido	𨎭
ocieccqu	𨎮
ocrfihie	𨎯
ocieheyu	𨎰
ociewfui	𨎱
ocievufg	𨎳
ociehuui	𨎶
ociemcmu	𨎸
ociewfhe	𨎹
ociewfui	𨎺
ocieyzie	𨎼
ocieccwf	𨎽
ociehgbw	𨎾
ocierixb	𨏀
ocietmwf	𨏁
ocieyibw	𨏅
ocieglie	𨏆
ocrfihie	𨏇
ocievxxb	𨏈
ocvumuie	𨏉
ocifrfie	𨏊
ocieirmu	𨏋
ocieriho	𨏌
ocieyuiu	𨏎
ocieyjir	𨏏
ocycbaie	𨏐
ocieuijq	𨏓
ocieiege	𨏖
ociegsbw	𨏘
ociesiyr	𨏙
ociehege	𨏚
ocieyisi	𨏛
ocrfihie	𨏜
ocievxyz	𨏝
ocieuizz	𨏡
ocieccwf	𨏣
ocierfer	𨏤
ociemfvv	𨏦
ocieyubk	𨏨
ocmhlmfj	𨏩
ociecsjq	𨏪
ociegeie	𨏬
ociebaie	𨏮
ocwfiekz	𨏯
ociephie	𨏰
ociecvjs	𨏳
ocievxwf	𨏵
ocyjsiie	𨏶
ocieyjsi	𨏷
ociewfui	𨏸
ocieievz	𨏺
ociemulj	𨏼
ocieieie	𨏿
ociehglu	𨐀
ocietmqp	𨐁
ocievxwf	𨐂
ocvxghtm	𨐄
ocieccqu	𨐉
ocliuive	𨐐
ocxtxtxb	𨐕
ociauuxb	𨐘
ocuaxb	𨐘
ocxbhvkz	𨐟
octdmuxb	𨐠
ocxbjumu	𨐣
ocuituxb	𨐧
ocuiyjxb	𨐫
ocpitudm	𨐬
ocxbnvzd	𨐭
ocxbcchd	𨐮
ocxbffxb	𨐰
ocxbytxb	𨐱
ocvxccxb	𨐲
ocqiffxb	𨐳
ocxbbixb	𨐵
octdwfho	𨐹
ocqbqqui	𨐻
ocxbkzkz	𨐼
ocligugu	𨑂
ociherna	𨑃
ociherna	𨑄
occcccif	𨑆
ocbcifcy	𨑈
ocifistu	𨑉
ocxblbif	𨑋
oclwif	𨑌
ocviuuve	𨑎
ocviveve	𨑐
ocujzzsi	𨑔
ocviuive	𨑘
ocujzzkv	𨑛
ocviuubk	𨑝
ocvippqi	𨑞
ocvirfve	𨑟
ocujzztu	𨑡
ocujzzcs	𨑢
ocviuhyi	𨑵
ocvirfhg	𨑶
ocvibaui	𨑷
ocvihgyc	𨑼
ocviuikl	𨑿
ocvidcdc	𨒀
ocvijiji	𨒁
ocvippvi	𨒂
ocvibakz	𨒄
ocvibcji	𨒆
ocviuier	𨒈
ocvikler	𨒎
ocvidaba	𨒏
ocvizibu	𨒓
ocvifupp	𨒘
ocvirfxn	𨒛
ocvivejb	𨒝
ocujvirf	𨒠
ocviveyi	𨒢
ocvirfzi	𨒣
ocviycwf	𨒥
ocviccve	𨒯
ocviirzi	𨒰
ocvidmpk	𨒳
ocviklkl	𨒵
ocviwfcy	𨒻
ocujzzgf	𨒼
ocvicccc	𨒽
ocviqmjb	𨒾
ocviglqm	𨓀
ocviycyc	𨓁
ocviujyu	𨓂
ocvihgho	𨓃
ocviuicc	𨓄
ocvibder	𨓅
ocvirixi	𨓆
ocviuikz	𨓈
ocvive	𨓊
ocvierve	𨓊
ocviirho	𨓌
ocvigluz	𨓍
ocviuvzi	𨓎
ocviujwh	𨓏
ocviujrf	𨓒
ocviuzfh	𨓓
ocviyzyt	𨓔
ocvijlbi	𨓖
ocviuumu	𨓗
ocviuuce	𨓘
ocviricc	𨓙
ocvibiys	𨓛
ocvidcjb	𨓝
ocvivegs	𨓟
ocviuifu	𨓠
ocvimucy	𨓣
ocviriwf	𨓤
ocvisitm	𨓥
ocviwfvi	𨓧
ocviglho	𨓩
ocviwfmu	𨓫
ocvivxrf	𨓮
ocvipmpj	𨓯
ocvippve	𨓱
ocvirfgr	𨓵
ocujzzho	𨓶
ocvihgwh	𨓷
ocvimuys	𨓸
ocviujvu	𨓹
ocvikzkz	𨓺
ocujvivz	𨓼
ocvivizz	𨔀
ocvivjwf	𨔁
ocvilvuu	𨔂
ocvirfir	𨔃
ocviihjb	𨔄
ocvivxmc	𨔅
ocviulxb	𨔇
ocviwffg	𨔉
ocvinmmu	𨔋
ocvisicc	𨔍
ocvibcve	𨔎
ocviqmyz	𨔏
ocvirinw	𨔒
ocviwfsi	𨔔
ocviihyz	𨔕
ocviuuts	𨔖
ocvigsmu	𨔘
ocvidaui	𨔙
ocviiziz	𨔚
ocvikldc	𨔜
ocvivjrf	𨔟
ocvixtui	𨔡
ocviccis	𨔢
ocvildli	𨔤
ocviyuuj	𨔥
ocviqmjq	𨔨
ocvixswf	𨔩
ocvibcie	𨔪
ocviriwf	𨔫
ocvidauu	𨔬
ocvidddc	𨔭
ocvirfcc	𨔮
ocviriuv	𨔯
ocvixicc	𨔰
ocvimuuu	𨔱
ocviujfu	𨔲
ocvieryz	𨔳
ocvidayh	𨔶
ocvijker	𨔸
ocviriri	𨔹
ocvikzgj	𨔺
ocviwudn	𨔻
ocvimuzi	𨔼
ocviqiui	𨕀
ocviglmi	𨕁
ocvigskz	𨕃
ocvixitu	𨕅
ocvivgyt	𨕆
ocviccvi	𨕇
ocviribk	𨕈
ocvidryz	𨕉
ocviwfgs	𨕊
ocvippkf	𨕋
ocvidakz	𨕎
ocvidaxi	𨕏
ocvivimu	𨕐
ocvihujb	𨕑
ocvikzyu	𨕓
ocvihvxi	𨕔
ocviwfkz	𨕕
ocvigsba	𨕖
ocvinnli	𨕙
ocviklri	𨕚
ocviyuui	𨕛
ocmiverf	𨕜
ocvixiug	𨕞
ocviyzwf	𨕟
ocvikzwu	𨕣
ocvicckl	𨕤
ocviirzi	𨕥
ocvibcwf	𨕦
ocviyckd	𨕧
ocviyuwu	𨕨
ocvirfyz	𨕩
ocujzzyj	𨕪
ocvikzcc	𨕬
ocviuiuu	𨕮
ocviriqi	𨕲
ocvivzyz	𨕳
ocvippuu	𨕶
ocviccjb	𨕷
ocvicctu	𨕸
ocvidayj	𨕺
ocvirigf	𨕻
ocujrfyz	𨕼
ocujzzjp	𨕽
ocvigswh	𨕿
ocujzzzi	𨖁
ocvinnkz	𨖂
ocvivuwu	𨖃
ocvibcgc	𨖄
ocvihuqp	𨖆
ocvixiyj	𨖈
ocviyjcc	𨖉
ocvibcjp	𨖋
ocviwuwu	𨖍
ocviuuuu	𨖏
ocviyeyh	𨖐
ocvimubw	𨖒
ocviglho	𨖓
ocviuinv	𨖔
ocviluer	𨖖
ocviccjy	𨖗
ocvicchv	𨖘
ocvimuxn	𨖚
ocviyuyu	𨖛
ocviyuir	𨖝
ocvisiri	𨖞
ocviufwf	𨖟
ocviihbm	𨖠
ocvivxui	𨖡
ocvijngx	𨖣
ocujzzyj	𨖤
ocviglsi	𨖥
ocvivxcc	𨖦
ocujzzcc	𨖪
ocvituvv	𨖫
ocviiuho	𨖮
ocvivjqm	𨖯
ocviviuc	𨖸
ocvivivi	𨖹
ocvivuer	𨖺
ocvihgtm	𨖻
ocvixtrf	𨖼
ocviyutu	𨖽
ocvisisi	𨖾
ocvicsri	𨗀
ocvidikz	𨗁
ocujzzjb	𨗃
ocviuzsv	𨗅
ocvixiuj	𨗆
ocvixisi	𨗇
ocvixtui	𨗉
ocvivjuu	𨗋
ocvirffh	𨗌
ocviwfri	𨗍
ocvidsri	𨗐
ocyurfvi	𨗒
ocvikzuz	𨗓
ocvijquu	𨗔
ocviqqcc	𨗕
ocviyifu	𨗗
ocvilwxn	𨗘
ocviycbk	𨗙
ocujzzjs	𨗝
ocviujhv	𨗞
ocvivuji	𨗡
ocvixiyi	𨗢
ocvituri	𨗣
ocvirffh	𨗤
ocviccyh	𨗪
ocvisixb	𨗫
ocujzzmi	𨗬
ocvijqtu	𨗭
ocvijqcc	𨗮
ocviiuwf	𨗯
ocvivjsi	𨗰
ocvixidz	𨗱
ocvisivv	𨗴
ocviqiyh	𨗵
ocvihgye	𨗶
ocvimugo	𨗷
ocvivuui	𨗹
ocvirfdd	𨗼
ocvivxyt	𨗽
ocvifuyh	𨗾
ocvivigf	𨗿
ocviwhye	𨘀
ocviycsi	𨘁
ocvijydo	𨘂
ocvibkgr	𨘃
ocvibcho	𨘄
ocvivier	𨘅
ocviwunq	𨘇
ocvihuxk	𨘈
ocvivujp	𨘉
ocvimukd	𨘊
ocvibdzi	𨘋
ocviyugf	𨘍
ocviccxn	𨘎
ocviccyr	𨘏
ocvibobo	𨘐
ocviklnv	𨘒
ocvivxxb	𨘓
ocviyjyj	𨘔
ocvigxyh	𨘖
ocvixrjy	𨘙
ocvicccy	𨘚
ocviwfjb	𨘛
ocvihgri	𨘜
ocvilcvv	𨘝
ocviuigj	𨘞
ocvivugg	𨘟
ocvibwui	𨘡
ocvizikl	𨘢
ocvisiyr	𨘣
ocviyubw	𨘤
ocvivukz	𨘥
ocviccli	𨘦
ocvifubw	𨘧
ocvimuxi	𨘩
ocvifuie	𨘪
ocviycji	𨘫
ocviccdd	𨘬
ocviyzlu	𨘭
ocvihudo	𨘮
ocviuubc	𨘯
ocviwfqm	𨘰
ocvivuui	𨘲
ocvirfhh	𨘳
ocvivjjm	𨘵
ocviyabi	𨘶
ocviviye	𨘷
ocviuicc	𨘹
ocvivuyr	𨘻
ocviietr	𨘼
ocvieryc	𨘽
ocviwfvv	𨘿
ocvituuu	𨙀
ocujviye	𨙁
ocvivjyc	𨙃
ocvibwtr	𨙅
ocviuity	𨙆
ocviuiww	𨙈
ocviccui	𨙊
ocvitumd	𨙋
ocviyjba	𨙎
ocviccvh	𨙏
ocvijigf	𨙐
ocvippbw	𨙑
ocviivma	𨙔
ocviccvv	𨙕
ocviwjtm	𨙗
ocvirisi	𨙘
ocvixbee	𨙙
ocviwjis	𨙚
ocsuxtrf	𨙛
ocvitubw	𨙜
ocujzzee	𨙞
ocviccvv	𨙟
ocvidsri	𨙠
ocviqmnn	𨙡
ocvivukl	𨙢
ocvivxxi	𨙣
ocviyuai	𨙤
ocvippma	𨙦
ocujmcnn	𨙧
ocppqier	𨙲
ocklerer	𨙻
ocbajier	𨚂
ocwfveer	𨚃
ocbchger	𨚄
ockleryi	𨚉
ochgycer	𨚏
ocrferer	𨚐
ocqihger	𨚑
ocbiyuer	𨚛
ocqmuier	𨚜
ocqikver	𨚤
occcerer	𨚦
ocyzkzer	𨚨
ocwhirer	𨚳
ocuigeyi	𨚵
ochgxner	𨚸
ochghger	𨚾
ochoyzer	𨛂
ocxtxter	𨛃
ocklizer	𨛄
ocbwhger	𨛆
ocqrdaer	𨛊
ocwhmuer	𨛌
ocvjkler	𨛕
ocuuceer	𨛖
ocugtuer	𨛘
ocpplwer	𨛙
ocfggeyi	𨛚
occcfgyi	𨛝
ocxtirer	𨛞
occcfger	𨛟
ocyzyzer	𨛠
ocwfxner	𨛧
ochebcyi	𨛫
ocheqmer	𨛲
ocviyiyi	𨛷
ocvjwfer	𨛹
ocheerer	𨛻
ocvicsyi	𨜁
ochgfher	𨜃
ocdakver	𨜆
ocqpirer	𨜇
ocizizer	𨜈
ocizyber	𨜉
ocklgfer	𨜊
ocujguer	𨜋
ocrimuer	𨜍
ocwfmuer	𨜎
ocmumuer	𨜑
ocxlgser	𨜕
ocwuiser	𨜗
ocqmkler	𨜚
oczdyzer	𨜛
ockzkvyi	𨜝
ocuifher	𨜤
ochgccer	𨜥
ocbkpuer	𨜦
octdmber	𨜨
ocrfkzer	𨜪
ocdcuier	𨜫
ocxygser	𨜬
ocbibwer	𨜭
ocklpplh	𨜮
ocmuqryi	𨜯
ocbckzer	𨜱
ocihzier	𨜸
ocqihger	𨜹
ochudoer	𨜽
ociuuier	𨜿
ocxyxier	𨝁
ocxlbiyi	𨝅
ocklccer	𨝇
ocrfquer	𨝈
ocirbwer	𨝉
ocxisier	𨝍
occcxner	𨝒
ocrfwher	𨝔
ociryild	𨝖
ochuhuer	𨝘
ocrfpger	𨝙
ockzhvyi	𨝚
ocxkervi	𨝜
ochuqiyi	𨝞
ocheihyi	𨝟
ocbcquer	𨝢
ocsikler	𨝣
ocsibwer	𨝤
occcveer	𨝥
ocglsier	𨝧
ociewfyi	𨝩
ocsifzer	𨝪
ocheyuer	𨝫
ocqumuer	𨝮
ocziuier	𨝲
occibwer	𨝳
oclbyter	𨝵
ochgrier	𨝶
ocziyier	𨝺
ocxtcyer	𨝻
ocsidzer	𨝾
ockznjer	𨝿
occcvver	𨞂
ocppzoer	𨞄
ocrfmuer	𨞅
ocwjbwer	𨞆
ocyuuier	𨞈
ocgstuer	𨞉
ocyefuer	𨞊
ocihjber	𨞋
ocmcdzer	𨞌
ockzccer	𨞍
ockzjyer	𨞎
ociryiiz	𨞑
ochexier	𨞒
ocyigsyi	𨞔
ocjyyher	𨞗
ochudzer	𨞘
ochuuier	𨞙
ocdamuer	𨞜
ocpgmber	𨞞
ocerycer	𨞟
ockzgsyi	𨞠
ocuiuver	𨞢
ocwfuier	𨞥
ochuuiyi	𨞦
ocyjirer	𨞧
occcheer	𨞨
oclituer	𨞬
ocmmmmer	𨞭
ockzbiyi	𨞰
ockzther	𨞱
ocuzmaer	𨞲
ocyjhver	𨞴
ocqibwer	𨞵
oczigoer	𨞶
ocyciser	𨞷
ocyibiyi	𨞸
ochulber	𨞹
ocluhoer	𨞻
oclwer	𨞽
occcfher	𨟁
occcyuer	𨟂
ocujxyer	𨟈
ocdabder	𨟉
ocjqccer	𨟋
ocujcyer	𨟌
ocwfuier	𨟍
ocujjyer	𨟎
ocyjhver	𨟏
ocwfther	𨟐
occcwjer	𨟔
ocvirier	𨟕
occcwwer	𨟗
ocyubker	𨟘
ocuibder	𨟛
ocluzcer	𨟜
ocxlyuer	𨟝
ocihuier	𨟟
ocerxber	𨟡
ocwhcyer	𨟢
ocluzier	𨟣
oclwmuer	𨟥
ocxbeeer	𨟦
ocvxgfer	𨟧
ocsugeer	𨟨
ocluuuyi	𨟩
occcgjer	𨟪
ocbkluer	𨟫
ocluuuer	𨟬
ocvuwwer	𨟭
ocyuwfyi	𨟮
ocyzhgyc	𨠀
ocyzyzyz	𨠈
ocyzrfye	𨠑
ocsidayz	𨠒
ocyzuiyz	𨠡
ocyzwfui	𨠪
ocyzwfxs	𨠯
ocyzwfyu	𨠱
ochgquyz	𨠷
ocyzdamu	𨠹
ocfggeyz	𨠾
ocyzmive	𨡅
ocyzyczi	𨡆
ocyzklmb	𨡇
ocyzjb	𨡉
ocyzbcfz	𨡒
ocpjxiyz	𨡓
ocyzyumb	𨡖
ocbderyz	𨡛
ocyzuimb	𨡝
ocyztmcc	𨡟
ocyzkzyt	𨡠
ocqqsihg	𨡡
ocjbqmyz	𨡢
ocyzwfyb	𨡤
ocyzdmfz	𨡥
ocyzycve	𨡦
ocyzdguu	𨡩
ocyzuvmb	𨡬
ocmcwfyz	𨡭
ocyzcsxb	𨡮
ocpjyzmb	𨡰
ocjbyzji	𨡳
ocpikdyz	𨡶
ocyzccxn	𨡸
ocyzzdyz	𨡻
ocyzzoyt	𨡽
ocyzgsmb	𨡿
ocyzyczi	𨢀
ocyzbcvi	𨢃
ocyzrisi	𨢄
ocyzbcui	𨢊
ocuiuuyz	𨢋
ocytxkyz	𨢏
ocifrfyz	𨢒
ocyzdari	𨢔
ocyzycbw	𨢖
ocyzyzkz	𨢗
ocyzvcuz	𨢙
ocwfyayz	𨢞
ocyzcchd	𨢟
ocyzbcmb	𨢠
ocuguuyz	𨢤
ocyzcsxb	𨢨
ocyzrfyh	𨢩
ocyzgskz	𨢫
ocviyuyz	𨢮
ocuvnmyz	𨢯
ocviyzkv	𨢰
ocviziyz	𨢱
ocyzyzri	𨢳
ocpixkyz	𨢹
ocyzsixu	𨢺
ocyzxbwf	𨢼
octmyzqy	𨢽
ocyzerer	𨢾
ocyzgsis	𨣂
ocyzgskz	𨣊
ocyzcsri	𨣋
ocyzxihg	𨣌
ocyzrfmb	𨣎
ocvvhoyz	𨣐
ocyzwfcs	𨣑
ocyzlqmb	𨣓
ocyzlwxn	𨣔
ocieuuyz	𨣗
ocyzbcmb	𨣘
ocyzuhgj	𨣛
ocyzcibw	𨣜
ocyzsigj	𨣠
ocyzcszo	𨣣
ocrfwuyz	𨣩
ocyzyzqy	𨣪
ocyzyuba	𨣬
ocyzxtxb	𨣭
ocyzvdmb	𨣮
ocyzbcdk	𨣯
ocyztris	𨣰
ocyzuijq	𨣲
ocyzwfgj	𨣳
ocyzfubw	𨣵
ocyzwfgj	𨣶
ocdsdsyz	𨣹
ocnvjmyz	𨣻
ocyzilxb	𨣼
ocyzmaui	𨣽
ocyzlumi	𨣿
ocyzyupb	𨤀
ocyzccyj	𨤁
ocyzhoyz	𨤂
ocyzvuxm	𨤄
ocujyzrf	𨤅
ocyzdsri	𨤇
ocdsytyz	𨤈
ocyzxbif	𨤉
ocyzvxyz	𨤊
ocyzluuu	𨤌
ocuubccd	𨤐
ocbmjqyz	𨤑
ocbmbcyu	𨤒
ocppuimu	𨤓
ocbmyzba	𨤖
ocbmdamu	𨤗
ocbmdasi	𨤙
ocbmccui	𨤜
ocbmccui	𨤝
ocbmccsi	𨤞
ocdchgli	𨤣
ockzhgli	𨤥
ockzklli	𨤦
ocrfuuvs	𨤨
ocujdali	𨤪
ocwfcsli	𨤫
ocyawfli	𨤲
oclihgkz	𨤷
ocldlivi	𨤺
ocvsrixl	𨤼
ocrfxtqm	𨤾
ocrfmuhg	𨥀
ocjbbahg	𨥃
ocrfbaqm	𨥄
ocjbxidm	𨥘
ocjbhgjb	𨥚
ocjbrfui	𨥞
ocjbsiji	𨥡
ocyzkljb	𨥢
ocsikljb	𨥣
ocjbjiuu	𨥩
ocjbdmdz	𨥪
ocgsjijb	𨥲
ocjbfupp	𨥳
ocjbuufj	𨥵
ocjbdcsi	𨥹
ocjbvevi	𨥻
ocjbndmu	𨦃
ocjbihjb	𨦄
ocjbribi	𨦆
ocjbwhbi	𨦊
ocjbdadc	𨦌
ocjbveyz	𨦏
ocjbhgyz	𨦐
ocjbrftu	𨦓
ocjbjkdc	𨦕
ocjbbkve	𨦖
ocjbdags	𨦘
ocjbkzda	𨦚
ocjbvxqn	𨦜
ocjbvxdc	𨦝
ocjbgser	𨦣
ocjbwfyi	𨦤
ocjbjijb	𨦨
ocjbqikl	𨦰
ocjbnwkz	𨦳
ocjbccve	𨦵
ocrfpujb	𨦷
ocjbvjer	𨦸
ocjbiauu	𨦾
ocjbua	𨦾
ocjbjkdc	𨦿
ocjbccdc	𨧂
ocjbklbk	𨧇
ocjbcckv	𨧈
ocjbrinv	𨧉
ocklwfjb	𨧋
ocjbihlk	𨧌
ocjbwjyz	𨧍
ocgsjijb	𨧎
ocjbmubi	𨧏
ocjbvxgs	𨧑
ochusijb	𨧒
ocjbxstu	𨧓
ocxipujb	𨧔
ocjbfhuj	𨧗
ocjbdnkz	𨧙
ocjbxnyc	𨧛
ocjbahvi	𨧞
ocerpijb	𨧦
ocjbuidm	𨧧
ocheuijb	𨧭
ocjberye	𨧯
ocjbwfmu	𨧲
ocjbihyz	𨧴
ocjbyztu	𨧵
ocjbqurf	𨧶
ocjbvivi	𨧾
ochohojb	𨧿
ocjbxttu	𨨁
ocjbyuyt	𨨂
ocjbziqp	𨨃
ocjbdakv	𨨆
ocjbuibi	𨨇
ocjbccyz	𨨈
ocjbccbi	𨨉
ocjbrikd	𨨊
ocjbriwh	𨨌
ocjbhund	𨨍
ocwhwhjb	𨨖
ocjbifyz	𨨘
ocjbklyc	𨨙
ocjbucho	𨨚
ocjbgsxb	𨨟
ocjbbcmi	𨨠
ocjbuzqu	𨨤
ocjbbcmu	𨨥
ocirdcjb	𨨬
ocjbccul	𨨭
ocjberda	𨨰
ocjbwffz	𨨳
ocjbmuir	𨨴
ocjbwhis	𨨸
ocjbdguu	𨨻
ocjlqrjb	𨨼
ocjbiuwf	𨨽
ocuhtujb	𨨾
ocjbxtyz	𨨿
ocjbdcui	𨩀
ocbdkljb	𨩁
ocheuujb	𨩂
ocjbxrnq	𨩏
ocjbuicc	𨩑
ocjbuiui	𨩒
ocuiuijb	𨩓
ocieyzjb	𨩕
ocjbhuzi	𨩘
ocjbhuyu	𨩜
ocjbhuxt	𨩝
ocjbhunq	𨩞
ocjbujge	𨩟
ocjbmudd	𨩡
ocjbjqqn	𨩤
ocjbujis	𨩪
ocjbxbda	𨩬
ocjbhukz	𨩮
ocjbwfug	𨩰
ocjbqmqr	𨩳
ocjbxtfj	𨩵
ocjbgsba	𨩸
ocyzjijb	𨩹
ocjbmcwf	𨩺
ocjbyzwf	𨩻
ocjbuuzz	𨩼
ocjbvuyi	𨩾
octuxljb	𨪄
ocjblikz	𨪆
ocjbuirj	𨪇
ocjbvehg	𨪐
ocjbhchc	𨪒
ocnqqrjb	𨪔
ocwhkljb	𨪖
ocjbvunw	𨪗
ocjbihyj	𨪘
ocjbjlcy	𨪙
ocjbglys	𨪞
ocjbwfui	𨪟
ocjbuifh	𨪠
ocjbwfbi	𨪡
ocjbqlsi	𨪢
ocwfwfjb	𨪣
ocialbjb	𨪧
ocjbhunq	𨪨
ocjbuvjq	𨪫
ocjbuuui	𨪬
ocjbdcfg	𨪭
ocjbirxn	𨪮
ocjbrfvi	𨪯
ocjbgker	𨪰
ocvgvgjb	𨪱
ocjbtutm	𨪲
ocjberho	𨪳
ocjbyzri	𨪴
ocjbqmkl	𨪸
ocjbxmwh	𨪹
ocjbqmuj	𨪺
ocjbychv	𨪻
ocjbrfcs	𨪼
ocjbziwh	𨪽
ocjbihrf	𨪾
ocjbwjyz	𨪿
ocjbdgyz	𨫁
ocjbbcxi	𨫂
ocjbhgxb	𨫍
ocjbyuyu	𨫎
ocjbuiyu	𨫒
ocjbgeig	𨫓
ocluwjjb	𨫔
ocjbrfyh	𨫖
ocjbdcho	𨫗
ocjbkzkl	𨫘
ocjbrfwf	𨫙
ocjbwfgj	𨫚
ocjbfgui	𨫛
ocjbmuxn	𨫜
ocjbrfvv	𨫝
ocdawjjb	𨫦
ocjbqqho	𨫨
ocjbnmfu	𨫪
ocjbhgbw	𨫮
ocjbkzyh	𨫰
ocjbccfg	𨫱
ocjbccqy	𨫳
ocjbhuhc	𨫴
ocjbhumu	𨫶
ocuirfjb	𨫹
ocjbmduc	𨫺
ocjbhgcs	𨬀
ocjbjbug	𨬁
ocjbhoxb	𨬂
ocjbxtxb	𨬃
ocjbbcyj	𨬄
ocjblljb	𨬅
ocwfgvjb	𨬇
ocjbhemu	𨬏
ocihhejb	𨬑
ocjbguxk	𨬕
ocjbccmu	𨬘
ocjbdikz	𨬙
ocjbyebi	𨬚
occcuvjb	𨬛
oclujijb	𨬝
ocjbwhwf	𨬠
ocjbxlho	𨬤
ocjbijuz	𨬦
ocjbwfhg	𨬧
ocjbwfmz	𨬨
ocnmkzjb	𨬪
ocjbqiji	𨬫
ocjbyekl	𨬭
ocyulbjb	𨬮
ocjbpbkv	𨬱
ocjbhuyh	𨬲
ocjbhuuz	𨬳
ocjbuumu	𨬴
ocjbrixk	𨬵
ocjbccvv	𨬶
ocjbhuzi	𨬷
ocjbsiui	𨬸
ocjbxtrf	𨬹
ocjbvvnw	𨬺
ocjbvuue	𨬼
ocjbuivi	𨬿
ocjbhggj	𨭀
ocjbdauv	𨭁
ocjbhgcs	𨭂
ocjbuhya	𨭃
ocjbtmba	𨭄
ocjbujrj	𨭅
ocjbppzo	𨭇
ocjbqryz	𨭈
ocjbhors	𨭊
ocjbbcdk	𨭋
ocjbuiji	𨭓
ocsisijb	𨭔
ocjbxidz	𨭕
ocjbbcsi	𨭙
ocjbrifh	𨭜
ocmhjbfj	𨭞
ocjbgeho	𨭟
ocjbytqr	𨭢
ocjbglir	𨭤
ocbcmujb	𨭧
ocjbmmvi	𨭫
ocjbnmli	𨭯
ocjbuili	𨭱
ocjbuuxk	𨭲
ocjbirts	𨭳
ocjbhuuz	𨭴
ocjbsiqu	𨭵
ocjbdaiu	𨭶
ocjbjinn	𨭷
ocqqqrjb	𨭻
ocjbdajs	𨭼
ocjbujjy	𨭽
ocjbjquv	𨭾
ocjbvvui	𨮀
ocjbmcya	𨮃
ocjbbcjm	𨮄
ocjbyujx	𨮅
octshgjb	𨮆
ocjbccfg	𨮇
ocjbwfhe	𨮍
ocjbvejb	𨮕
ocjbhuye	𨮗
ocjbbcbw	𨮘
ocjblckz	𨮚
ocjblutu	𨮞
ocgljbmk	𨮠
ocjbhucy	𨮡
ocjbhuiu	𨮣
ocjbhulu	𨮦
ocjblcgs	𨮩
ocjbmmqp	𨮮
ocjbdaig	𨮯
ocwfycjb	𨮲
ocjbdger	𨮴
ocjbvihg	𨮷
ocjbhevi	𨮺
ocjbgltu	𨮻
ocjbmduc	𨮽
ocjbuicy	𨮾
ocjbmuts	𨯁
ocjbluho	𨯄
ocjbyhxi	𨯆
ocjbmanq	𨯇
ocjbfuie	𨯉
occcwfjb	𨯍
ocjbugug	𨯏
ocjbuetu	𨯐
ocjbuijq	𨯒
oclwjb	𨯔
ocjbrfjb	𨯖
octsbcjb	𨯜
ocgsjljb	𨯞
ocjbrfer	𨯡
ocjbwfgj	𨯢
ocjbyuui	𨯣
ocjbwhnv	𨯤
ocjbxiho	𨯨
ocjbxmri	𨯩
ocjbcckv	𨯫
ocjbklhr	𨯬
ocjbzzxy	𨯭
ocjbrihx	𨯮
ocjbccge	𨯱
oczcuujb	𨯳
ocjbsijb	𨯴
ocjbccdg	𨯷
ocjbtsho	𨯺
ocjbyukz	𨯻
ocjbhugs	𨯼
ocjbfujy	𨰀
ocjbujvv	𨰁
ocjblubi	𨰅
ocjbxtgx	𨰆
ocjbsrjb	𨰉
ocjbwhli	𨰊
ocgehsjb	𨰌
ocjbmfta	𨰏
ocjbxbho	𨰐
ocjbccvd	𨰑
ociikzjb	𨰒
ocjbvuxm	𨰓
ocjbbcho	𨰔
ocjbuijq	𨰕
ocjbuiho	𨰖
ocjbsiis	𨰙
ocjbyejb	𨰛
ocjbsixs	𨰟
ociiuujb	𨰢
ocjbccle	𨰤
ocjbtsho	𨰨
ocwfwfjb	𨰩
ocjbgjpu	𨰮
ocwfgjjb	𨰯
ocuvbdjb	𨰱
ocjbluuu	𨰳
ocjbrixl	𨰴
ocjbifjb	𨰶
ocjbtsbw	𨰷
ocjbjbjb	𨰻
ocjbcche	𨱏
ocjbuiyu	𨱐
ocjbuuqm	𨱒
ocerrfyi	𨱗
ocerbaba	𨱘
ocihyzyz	𨱣
ocihppyz	𨱩
ocihdjdm	𨱪
ocihkzyz	𨱮
ocihrfxn	𨱯
ocihppba	𨱳
ocihvetu	𨱶
ocihrfer	𨱷
ocihbavi	𨱹
ocihuicc	𨱺
ocihycxn	𨲁
ocihsiyz	𨲄
ocihwfpi	𨲐
ocihdcyy	𨲑
ocihxswf	𨲔
ocihzoyt	𨲕
ocihhewh	𨲚
ocihcimc	𨲝
ocihgjvu	𨲢
ocihgjvu	𨲣
ocihbanq	𨲥
ocihcidj	𨲦
ocihmcli	𨲬
ocihmcpg	𨲰
ocihlwxn	𨲱
ocihujhe	𨲲
ocihfhwf	𨲶
ocihrfgs	𨲻
ocihrfjb	𨲼
ocihfubw	𨲽
ocihzifh	𨲾
ocihwfgv	𨲿
ocihyima	𨳀
ocihdctu	𨳂
ocihxtls	𨳅
ochghgmf	𨳇
ocxtxtuu	𨳈
ochghgmf	𨳌
ocmfjqyz	𨳟
ocmfvena	𨳥
ocmfhgjb	𨳪
ocmfbcji	𨳻
ocmfhgkd	𨴂
ocmfgsba	𨴇
ocmfhgyz	𨴉
ocmfsixt	𨴌
ocmffgdc	𨴒
ocmfcccc	𨴔
ocmfppve	𨴖
ocmfsiiz	𨴘
ocermfho	𨴙
ocmfrfrf	𨴟
ocmfuvwh	𨴤
ocyzfgmf	𨴦
ocmfrfgx	𨴧
ocmfqmxb	𨴮
ocmfrfgx	𨴳
ocmfqrff	𨴶
ocmfkzxb	𨴽
ocmfrfqu	𨴿
ocmfuijb	𨵂
ocmfnvqm	𨵇
ocmfjm	𨵊
ocmflikz	𨵎
ocmfhgcc	𨵑
ocmfvsvs	𨵓
ocmfyzis	𨵕
ocmfuikl	𨵠
ocmfmuda	𨵢
ocuubamf	𨵣
ocmfuvxt	𨵨
ocmffgmb	𨵯
ocmfxxxx	𨵰
ocmfqrmb	𨵲
ocmftdmb	𨵵
ocmfjqcc	𨵹
ocmfvxjq	𨵻
ocmfgege	𨵼
ocmfmbri	𨵽
ocmfwudn	𨵾
ocmfyccc	𨵿
ocmfcche	𨶀
ocmfyjto	𨶃
ocermfvv	𨶄
ocrfvvmf	𨶊
ocmfdgui	𨶋
ocmfklri	𨶍
ocmfyhyz	𨶔
ocmfyhqm	𨶕
ocmfuvkz	𨶖
ocmfsikd	𨶘
ocmfyccc	𨶚
ocmfdzdz	𨶜
ocmfxtuu	𨶞
ocmfyuxt	𨶟
ocmfyjxb	𨶡
ocmfbiis	𨶣
ocmfgsda	𨶥
ocmfbiqm	𨶦
ocmfdcri	𨶧
ocmfyuvf	𨶪
ocmfpbtu	𨶴
ocmfxier	𨶵
ocmfsisi	𨶹
ocwfmfhe	𨶼
ocmfgstu	𨶾
ocmfrive	𨷄
ocmflitu	𨷅
ocmftmjq	𨷆
ocmfuvri	𨷉
ocmfroda	𨷊
ocmfjnis	𨷌
ocmfdcjq	𨷍
ocdadory	𨷎
ocmfhowf	𨷐
ocmwmfkd	𨷑
ocmfujuj	𨷒
ocmfglho	𨷓
ocmfyajb	𨷖
ocmfsehg	𨷗
ocmfbcba	𨷚
ocmfmawf	𨷜
ocwfriyr	𨷝
ocmfdcmm	𨷟
ocmfgltu	𨷠
ocmfuijq	𨷡
ocmfuiho	𨷢
ocmfsiyr	𨷤
ocmfuiui	𨷥
ocmfbwyi	𨷨
ocmfyubw	𨷪
ocmfrfer	𨷬
ocmfgltu	𨷭
ocmfmfmf	𨷮
ocmfyukz	𨷰
ocmfxisi	𨷴
ocmfmcjb	𨷵
ocmfxixi	𨷸
ocmfuiho	𨷹
ocmfyjsi	𨷻
ocmfuiui	𨷼
ocmfmfmf	𨷾
ocmfcche	𨸉
ocerhgyc	𨸞
ocerbcrf	𨸤
ocdvkljk	𨸥
ocerkler	𨸨
ocertuer	𨸪
ocerbakz	𨸮
oceruijq	𨸰
ocerppfu	𨸴
ocerbcyi	𨸵
ocdvhuyi	𨸷
ocerhgkl	𨸸
ocerwfsi	𨸻
oceryiyz	𨸽
ocdvklpi	𨸿
ocerndmu	𨹃
ocersiyt	𨹆
ocdvkluu	𨹇
ocerrfho	𨹈
ocerrfuv	𨹉
ocerbcwh	𨹋
ocerribi	𨹎
ocerbckz	𨹐
ocerwfjb	𨹓
ocerbcsi	𨹕
ocerhubi	𨹖
ocerfhtu	𨹛
ocerdari	𨹞
ocerklbk	𨹟
ocerwfgs	𨹠
oceryztu	𨹡
ocervxgs	𨹢
oceruiba	𨹣
ocermubi	𨹨
ocerrffu	𨹩
ocerccyu	𨹯
ocerugqm	𨹱
ocerwfuj	𨹲
ocerlwer	𨹶
ocervctu	𨹸
ocerbimu	𨹼
ocergeer	𨹿
ocdvppve	𨺀
ocerbcji	𨺃
ocervxrf	𨺄
ocdvkldv	𨺅
ocermuda	𨺆
ocerdakv	𨺈
ocerwfdk	𨺊
oceruiyz	𨺎
ocerridk	𨺐
ocerwfug	𨺓
ocerdags	𨺕
oceryzyz	𨺖
ocervizz	𨺗
ocerqmvi	𨺘
ocerwfkl	𨺚
ocerwfvg	𨺛
ocerjxkl	𨺞
ocerxswf	𨺡
ocerlqxs	𨺥
ocerzdyz	𨺦
ocerkzkv	𨺨
ocerqmkl	𨺪
ocyudvkl	𨺫
ocerqmkl	𨺭
ocersimd	𨺮
ocerrfvi	𨺴
ocdvklsv	𨺵
oceruiwf	𨺶
ocerrikz	𨺷
ocervxjq	𨺻
ocerwfvg	𨺼
ocervxvg	𨺾
ocerernv	𨺿
ocerxbbi	𨻀
ocersiuj	𨻅
ocercche	𨻇
ocerxnbw	𨻈
ocervehg	𨻉
ocerjxtu	𨻊
ocerhgtu	𨻋
ocerrfcs	𨻌
oceriuui	𨻍
ocerujwf	𨻎
ocdvjxtu	𨻏
oceruitu	𨻐
ocerwump	𨻒
ocerlqkz	𨻓
ocerhvyt	𨻔
ocerwfer	𨻕
ocerbigs	𨻘
ocerdadm	𨻚
ocerhgkz	𨻛
ocertmkz	𨻞
ocerkzif	𨻟
ocermukz	𨻠
ocererho	𨻢
ocerjxnv	𨻤
ocerriya	𨻥
ocerwfis	𨻦
ocerirbw	𨻨
ocerirxn	𨻩
ocdvujwf	𨻪
ocerlidm	𨻫
ocerxtdz	𨻭
ocerwjwf	𨻮
ocerhgdz	𨻯
ocermujq	𨻰
ocerhuhu	𨻲
ocerucxn	𨻶
ocerfwtu	𨻼
ocerqmcs	𨻾
ocdvklxi	𨻿
ocerfhtu	𨼁
ocerbigc	𨼄
ocerujjb	𨼅
ocerhgxb	𨼆
ocerjlug	𨼇
ocerxtkz	𨼈
oceryuyi	𨼉
ocerziui	𨼍
ocererer	𨼏
ocerjiri	𨼐
ocdvrfyt	𨼕
ocerytpg	𨼖
ocerhgji	𨼘
ocerccmu	𨼙
ocerwfdk	𨼛
ocerccug	𨼜
ocerppqn	𨼟
ocervijq	𨼡
ocertuyt	𨼢
ocergjhj	𨼣
ocerppzo	𨼦
ocerdckz	𨼧
ocerdiji	𨼨
ocerhuui	𨼫
ocerbcsi	𨼭
ocervigf	𨼯
ocerzotu	𨼰
ocdvgkkl	𨼱
ocerccih	𨼲
ocervugc	𨼵
ocerrfxb	𨼶
ocerqudz	𨼷
ocersixk	𨼸
ocervuwu	𨼹
ocermisj	𨼺
ocerwfnv	𨼻
ocdvhuui	𨼽
oceryjir	𨽃
ocdvlikl	𨽄
oceryuyj	𨽅
ocerxidz	𨽆
oceryuiu	𨽇
ocercche	𨽈
ocermmmm	𨽊
ocerzoyt	𨽋
ocervxmu	𨽌
ocdvrfxn	𨽎
ocertuer	𨽐
ocervxuj	𨽑
ocfuggbw	𨽔
oceryima	𨽖
ocerqinv	𨽘
oceryuwu	𨽙
ocerhuge	𨽚
ocnmytkl	𨽝
oceryubw	𨽠
ocdvsvkl	𨽡
ocerccmu	𨽣
ocertumd	𨽤
ocerbuma	𨽥
ocerccvv	𨽧
ocerjige	𨽨
ocdvgzkl	𨽩
ocfuyifu	𨽪
ocfuccba	𨽫
ocerdamu	𨽬
ocerrfwu	𨽭
oceriijq	𨽮
ocerrfrf	𨽯
ocerujer	𨽰
ocfuujer	𨽱
ocerjiis	𨽳
ocdvgekl	𨽴
ocdvhokl	𨽵
ocbiuili	𨽹
ocbiuili	𨽻
ochujbli	𨽽
ocuhuili	𨽾
octdmuli	𨽿
ociuuili	𨾀
ocruuili	𨾁
oclitmgs	𨾂
octduili	𨾃
ocklyjli	𨾄
ocveuivv	𨾐
ocvvveda	𨾗
ocqiuivv	𨾙
ocxidmvv	𨾞
ocndhgvv	𨾫
ocdabavv	𨾮
ocsigjvv	𨾰
ocriiavv	𨾳
ockzkzvv	𨾴
ocvxqnvv	𨿁
ocqmxlvv	𨿄
ocxtxtvv	𨿉
ocsiizvv	𨿊
ocvxcyvv	𨿐
ocbcmivv	𨿥
ocerzovv	𨿭
ochebcvv	𨿯
ocihrfvv	𨿳
ocirtmvv	𨿴
ocvxfuvv	𨿸
ocujqqvv	𨿻
ocsvvv	𨿽
ocklnvvv	𩀀
ocheccvv	𩀂
ocmbrivv	𩀃
ockzkvvv	𩀇
ocerdavv	𩀋
ocmuqrvv	𩀎
ockzlvvv	𩀏
ocheqmvv	𩀒
ocvxkevv	𩀓
occcmbvv	𩀔
ocyikzvv	𩀖
ocxnqmvv	𩀙
ocsibavv	𩀚
ocvvvvnd	𩀟
ocuiuuvv	𩀠
ocuvlvvv	𩀢
ocjujuvv	𩀣
ocvvvvwf	𩀱
ocuivvvi	𩀲
ocziuivv	𩀹
oclbvvwf	𩀼
ocjirivv	𩀿
ockzvvkz	𩁁
ocgskzvv	𩁂
ocerervv	𩁃
ocppzovv	𩁅
occsrivv	𩁆
ocsixkvv	𩁇
ochuuivv	𩁋
ocerzovv	𩁌
ocqudzvv	𩁑
ocvvgevv	𩁗
ocgstuvv	𩁘
ocjbervv	𩁚
ocwfyhvv	𩁛
oclwvv	𩁜
ocjbtuvv	𩁢
ocnmervv	𩁣
ocnmervv	𩁤
ocvcccvv	𩁧
occcysvv	𩁩
ocnmtuvv	𩁪
ocjrccvv	𩁫
ocnmtuvv	𩁬
ocdavvvd	𩁭
occctuvv	𩁮
occsvvjs	𩁰
ocvutuvv	𩁲
ocvutuvv	𩁳
ocvvvvmi	𩁴
ocvvvvyr	𩁵
ocyuvena	𩁾
ocyujipp	𩂑
ocyuihsi	𩂒
ocyurfxi	𩂙
ocyurfba	𩂢
ocyukzkz	𩂩
ocyubayt	𩂪
ocyuwfwf	𩂫
ocyuriqi	𩂬
ocyuxixi	𩂭
ocyuhgrf	𩂲
ocyuuisi	𩂵
ocyuve	𩂻
ocyuerve	𩂻
oclwtmqn	𩂾
ocyuuzwf	𩃂
ocyusiwf	𩃃
ocyurfvj	𩃅
ocyuxbhu	𩃆
ocyudcba	𩃊
ocyyhgqi	𩃌
ocyuuvgs	𩃍
ocyuuvfh	𩃎
ocyuuzpm	𩃑
ocyujqve	𩃓
ocyucsge	𩃔
ocyupjmu	𩃕
ocyuiedm	𩃘
ocyuuvxr	𩃚
ocyurijb	𩃛
ocyuhuhu	𩃞
ocyurijb	𩃟
ocyujquu	𩃡
ocyucsge	𩃢
ocyuwhjb	𩃨
ocyusinv	𩃩
ocyurfis	𩃪
ocyuyyjb	𩃬
ocyuuvho	𩃯
ocyuuvye	𩃰
ocyumuba	𩃲
ocyuddyt	𩃴
ocyuqmjq	𩃹
ocyuhewu	𩃻
ocyuuiff	𩃼
ocglgsyu	𩃽
ocyuyris	𩃾
ocyuxtxt	𩃿
ocyudadm	𩄀
ocyuwuis	𩄁
ocyumubc	𩄃
ocyusiwh	𩄇
ocyulkyy	𩄈
ocyuxiri	𩄉
ocyuuver	𩄋
ocyupphu	𩄗
ocyusikl	𩄙
ocyuhehe	𩄞
ocyutmtm	𩄣
ocyuyhyt	𩄤
ocyusikl	𩄥
ocyurffg	𩄦
ocyuqrfw	𩄩
ocyuhgho	𩄪
ocyufzvi	𩄫
ocyuuvmm	𩄬
ocyumcmu	𩄯
ocyulidm	𩄱
ocyulili	𩄳
ocyumiqm	𩄶
ocyubdvj	𩄷
ocyurfpu	𩄸
ocyugfyt	𩄹
ocyukzns	𩄺
ocyuuvfw	𩄼
ocyubowf	𩄿
ocyuuvbk	𩅅
ocyurivi	𩅆
ocyubaho	𩅊
ocyuuhda	𩅌
oclwrfsi	𩅏
ocyukzdm	𩅐
ocyukztm	𩅑
ocyuwfjq	𩅒
ocyuufwf	𩅓
ocyuuvvz	𩅕
ocvcyuda	𩅖
ocyumcge	𩅗
ocyuuvnj	𩅠
ocyyyyyy	𩅣
ocyulbwf	𩅤
ocyujiri	𩅨
ocyuihhe	𩅩
ocyuxbsv	𩅫
ocyumckz	𩅬
ocyulclc	𩅯
ocyudaji	𩅱
ocyujbsv	𩅲
ocyuuvwu	𩅵
ocyuhuhu	𩅶
ocyuqitm	𩅸
ocyuuvvi	𩆀
ocyutmjq	𩆅
ocyulive	𩆇
ocyurfve	𩆈
ocyudjge	𩆉
ocyuuvyc	𩆍
ocyuwfhe	𩆐
ocyukzkl	𩆒
ocyukzxi	𩆕
ocyukzlk	𩆖
ocyutmri	𩆗
ocyuvsfz	𩆘
ocyuxiwa	𩆙
ocyukzcc	𩆚
ocyukzyu	𩆜
ocyuihxb	𩆝
ocyukztm	𩆞
ocyuerwa	𩆣
ocyuuvyt	𩆤
ocyulbwf	𩆥
ocyuuijq	𩆧
ocyutmmc	𩆫
ocyuyeui	𩆬
ocyuuvji	𩆭
ocyuuvjm	𩆯
ocyuhulb	𩆱
ocyuuuwu	𩆲
ocyunn	𩆳
ocyucsjq	𩆷
ocyuuvvd	𩆸
ocyusipm	𩆹
ocyugeqi	𩆺
ocyukzhe	𩆻
ocyukzlk	𩆼
ocyuxbmg	𩆽
ocyuhukv	𩆾
ocyughif	𩇀
ocyujpjp	𩇁
ocyukzgs	𩇃
ocyukzyb	𩇄
ocyuyjmo	𩇅
oclwwfhe	𩇆
ocyulclc	𩇇
ocyuvivi	𩇈
ocyuwfyi	𩇊
ocyuuvnp	𩇋
ocyuyubc	𩇌
ocyukztu	𩇎
ocyuwfyi	𩇑
ocyuyyge	𩇒
ocyutmtm	𩇓
ocyyyyyy	𩇔
ocbkqkse	𩇝
ocqkwuho	𩇞
ocqkwhnv	𩇤
ocqkccvi	𩇥
ocfwhghg	𩇦
ocbkppbk	𩇨
ocwffwrf	𩇰
ocfwhgjb	𩇱
ocbkbkfw	𩇽
occcrffw	𩇿
ocmmuiyz	𩈑
ocmmuiyz	𩈝
ocmmkzia	𩈞
ocmmxtxt	𩈟
ocppermm	𩈠
ocifrfmm	𩈵
ocmmvonv	𩈽
ocmmycnv	𩈾
ocmmgsdm	𩈿
ocriqrmm	𩉂
ocvxcymm	𩉃
ocmmnvmm	𩉆
ocmmytqr	𩉇
ocmmvvho	𩉈
ocrimmjq	𩉉
ocriqrmm	𩉎
ocmmvjxb	𩉒
ocmmyubw	𩉓
ocmmcsjq	𩉔
ocuzhomm	𩉕
ocmmmmmm	𩉖
ocgeuuyi	𩉟
ocgehgjb	𩉰
ocgerfji	𩉳
ocgendhg	𩉶
ocgerfye	𩉻
ocgedcsi	𩊋
ocgegser	𩊎
ocgejbjb	𩊟
ocgeppba	𩊤
ocgeuijb	𩊧
ocgebitu	𩊰
ocgevetu	𩊲
ocgsjige	𩊳
ocgedari	𩊵
ocgemubi	𩊷
ocgesiji	𩊸
ocgeiruj	𩊼
ocgevizz	𩋀
ocgebcfz	𩋃
ocifyzge	𩋆
ocgeirxb	𩋈
ocjmge	𩋋
ocgeccuu	𩋐
ocgewfmu	𩋑
ocgeiziz	𩋓
ocgedaji	𩋕
ocgelqfj	𩋛
ocgeirtm	𩋝
ocgenmmu	𩋞
ocgeccni	𩋪
ocgexswf	𩋯
ocgerfie	𩋱
ocgeribc	𩋲
ocgebkpu	𩋸
ocgebkho	𩋹
ocgebcgc	𩋺
ocgewfri	𩋻
ocgepiri	𩌀
ocgexnbw	𩌆
ocgeriyu	𩌇
ocuigeuu	𩌊
ocgeiryi	𩌋
ocgesiuv	𩌐
ocgeheyt	𩌒
ocgepivj	𩌓
ocgesiuu	𩌔
ocgexiee	𩌕
ocgeyzkz	𩌚
ocgeihbw	𩌛
ocgeheri	𩌞
ocgefubi	𩌟
ocgexsyt	𩌠
ocgeyhho	𩌣
ocgepigu	𩌤
ocuiuuge	𩌥
ocgeyuvf	𩌭
ocgeiuho	𩌮
ocgexiwa	𩌯
ocgeuuqm	𩌱
ocgeujvi	𩌳
ocgexiys	𩌶
ocgexisi	𩌷
ocgexiys	𩌸
ocgerfpu	𩌻
ocgerffu	𩌼
ocgemiwf	𩌽
ocgepivc	𩌿
ocgeccys	𩍁
ocgeerer	𩍄
ocgejqho	𩍆
ocgexiji	𩍊
ocgexiji	𩍋
ocgevzcy	𩍌
ocgelwxn	𩍑
ocgeyuwf	𩍒
ocgebcmd	𩍔
ocgerifh	𩍗
ocgesixk	𩍜
ocnmuiiu	𩍞
ocgedamu	𩍟
ocgedavi	𩍠
ocgesiyi	𩍡
ocuiuuge	𩍤
ocgevxwf	𩍫
ocgefumu	𩍭
ocgcgegk	𩍯
ocgecche	𩍰
ocgevxyz	𩍱
ocgerfjb	𩍲
ocgemuwf	𩍳
ocgefubw	𩍴
ocgeluho	𩍶
ocdigkge	𩍷
ocvuxkge	𩍸
ocgeujjy	𩍺
ocgegfge	𩍻
ocgeiulu	𩍽
ocgeyubw	𩍾
ocgecckv	𩎁
ocgeriho	𩎂
ocgeyjyz	𩎃
ocgedjmc	𩎄
ocgebczz	𩎅
ocgeiuho	𩎇
ocgevxwf	𩎋
ocgejiji	𩎎
ocgeuuyi	𩎏
ocgeccma	𩎐
ocgetsho	𩎑
ocwwccyz	𩎢
ocwwmuve	𩎩
ocdawwyz	𩎮
ocuibcww	𩎲
ocddnqww	𩎳
ocwwmugs	𩎴
ocwwwfho	𩎷
ocwwirxb	𩏀
ocwwyymu	𩏁
ocwwlqxs	𩏈
ocwfwwwf	𩏉
ocwudnjq	𩏍
ocwwwfrj	𩏎
ocwwmuui	𩏏
ocvorfww	𩏑
ocwwcche	𩏒
ocwwiryi	𩏔
ocwwccys	𩏕
ocwwdauu	𩏖
ocwwrfmb	𩏛
ocuguuww	𩏜
ocwwhotu	𩏟
ocwwziui	𩏤
ocwwbwho	𩏦
ocwwsixk	𩏪
ocwwrfkv	𩏬
ocwwuimu	𩏮
ocwwccvr	𩏯
ocwwriho	𩏰
ocfzbcww	𩏴
ocmiwwho	𩏶
ocmiwwjn	𩏷
ocmivvho	𩏸
ocyjsiww	𩏹
ocuinnww	𩏻
ocwwyzuu	𩏽
ocwwccyz	𩏾
ocvjhgjq	𩐃
octmjqpu	𩐅
ocyaqmjq	𩐆
ocnwwfjq	𩐇
ocziwfjq	𩐈
ockzddjq	𩐉
ocfucijq	𩐊
ocuuqmjq	𩐋
ocwfyajq	𩐐
ociecijq	𩐑
ocuucijq	𩐒
ocqiyajq	𩐓
ocwhccjq	𩐔
ocglqmjq	𩐕
ochemojq	𩐖
ocybuhxn	𩐡
ocybwfho	𩐬
ocybhuui	𩐮
ocyberyt	𩐯
ocybrfhd	𩐰
ocybsiyj	𩐶
ocybhvmu	𩐷
ocybugmu	𩐸
ocybyhjq	𩐽
ocybtnvi	𩐾
ocybyefu	𩑀
ocybccww	𩑄
ocybwfgs	𩑅
ocybkzvo	𩑇
ocybmanm	𩑉
ochgzier	𩑋
ocyeveve	𩑍
ocppuuye	𩑎
ocklerye	𩑞
ocveviye	𩑠
ocdcyzye	𩑦
ocuhyiye	𩑨
ocdcerye	𩑫
ocqmveye	𩑿
ocrfxnye	𩒀
ockzbiye	𩒁
ocdkirye	𩒆
ocyerfxn	𩒈
ocqmjqye	𩒋
occcklye	𩒌
ocyzgsye	𩒍
ocihbaye	𩒒
ocxtujye	𩒔
ocuhxnye	𩒛
ocndmuye	𩒜
ocribiye	𩒝
ocgsviye	𩒞
ocvxjqye	𩒟
ocbitmye	𩒠
ocihjbye	𩒣
ochgtuye	𩒤
ockljbye	𩒥
ocujjbye	𩒧
ocglxiye	𩒩
ochouiye	𩒪
ocuikzye	𩒫
ocgserye	𩒬
ocbanvye	𩒭
ocgljbye	𩒯
ocuikzye	𩒲
ocriirye	𩒳
ocbitmye	𩒵
ocwuccye	𩒶
ocjbye	𩒸
ocxukler	𩒹
ocfgbcye	𩓁
ocihguye	𩓃
ocujbuye	𩓄
ocuuujye	𩓆
ocujhoye	𩓈
ocwfccye	𩓉
octuuvye	𩓊
ocridaye	𩓌
ocxnkdye	𩓍
ochgyzye	𩓏
ochgziye	𩓑
ocihlkye	𩓒
ocmubiye	𩓓
ocklyzye	𩓔
ocpplwye	𩓕
ocbiuiye	𩓙
ocvxccye	𩓚
ocdcjqye	𩓟
ocvimuye	𩓠
ocrimuye	𩓢
ocujliye	𩓣
ocwumuye	𩓬
ocujpiye	𩓭
ochomuye	𩓮
ocviucye	𩓯
ocijveye	𩓲
ocklmkye	𩓴
ocujheye	𩓵
ockzliye	𩓶
ocrinwye	𩓷
ocyevimu	𩓸
ocujjxye	𩓻
ocujysye	𩓼
ocklheye	𩓽
ocujrjye	𩓿
ocjidaye	𩔄
ocxbqiye	𩔅
ocmbriye	𩔉
ocvxrjye	𩔋
ocffpiye	𩔌
ocliytye	𩔍
occcuiye	𩔎
ocriheye	𩔏
ocuuceye	𩔒
ocqmjqye	𩔓
ocxbbiye	𩔙
ockdmuye	𩔛
ocsiklye	𩔞
ocihjbye	𩔟
ocmuwwye	𩔠
ocvehgye	𩔡
ocfhdjye	𩔣
ocviucye	𩔤
ocviheye	𩔩
ociryiye	𩔪
ocmiffye	𩔫
ocmiwfye	𩔬
ocjxirye	𩔯
ocriyaye	𩔰
ocujbwye	𩔹
ochuklye	𩔺
ocujpzye	𩔻
ocfhmuye	𩔽
ocklvsye	𩔿
ocifytye	𩕁
ocyebiyz	𩕂
occsxbye	𩕄
ocgljbye	𩕅
ocfhdjye	𩕇
ochozuye	𩕈
ocziuiye	𩕍
ocvzzuye	𩕎
ocdauiye	𩕑
oclbycye	𩕒
occcpgye	𩕕
ocvxcyye	𩕖
ocviucye	𩕘
ochgliye	𩕙
ocsisiye	𩕛
ocyjirye	𩕝
oclwxnye	𩕞
ocxmhoye	𩕠
ociufhye	𩕣
ocxthvye	𩕤
ocxtvvye	𩕥
ocdamuye	𩕦
ocyeyelq	𩕧
ocviucye	𩕨
ocmupjye	𩕩
ocsiyiye	𩕪
occcmuye	𩕫
occcheye	𩕭
ocbdfhye	𩕰
oclqkzye	𩕴
ociuyjye	𩕵
ocyjirye	𩕶
ochuvvye	𩕷
occcyjye	𩕸
ocxbuiye	𩕺
ocnimuye	𩕻
ocyeyjir	𩕼
ocbcbwye	𩕽
ocsidaye	𩕾
ocklqmye	𩕿
ocfumuye	𩖀
ocsidaye	𩖂
ocdabdye	𩖃
ocihjmye	𩖄
ocgljmye	𩖆
ocmuvfye	𩖇
ocjidaye	𩖈
occcwjye	𩖉
ocyukzye	𩖊
ocyjmmye	𩖋
ocdctuye	𩖌
ocyeyeye	𩖏
ocuzuzye	𩖐
ocviyebw	𩖓
ocyennnn	𩖔
ocujliye	𩖕
ocfgbcpp	𩖝
ocfgklyz	𩖩
ocfguier	𩖾
ocfgdcdc	𩗅
ocfguigs	𩗑
ocfguupi	𩗟
ocfgdddc	𩗦
ocfgirtm	𩗮
ocfghuui	𩗸
ocfguive	𩘂
ocfghgdc	𩘃
oclqxsfg	𩘍
ocfgfhzi	𩘓
ocxitufg	𩘔
ocfgxbcc	𩘙
ocfgdddc	𩘛
ocxixifg	𩘠
ocfgccdc	𩘡
ocfghgri	𩘤
ocfgjqfh	𩘦
ocyuvffg	𩘷
ocyuxnfg	𩘸
ocfgmcjs	𩘻
ocfggskz	𩘿
ocmcjsfg	𩙅
ocfgklyt	𩙊
ocjieryu	𩙌
ocfgkzli	𩙎
ocjiyzfg	𩙏
oclbfgis	𩙐
ocfgirve	𩙑
ocluhofg	𩙒
ocfgccyr	𩙓
ocfgjbjb	𩙗
ocyjyzfg	𩙜
ocxbhofg	𩙞
ocyjsifg	𩙟
ocfgfggv	𩙠
ocfgfgfg	𩙡
ocfgsvsv	𩙢
occcyulq	𩙣
occcuifg	𩙤
ocfwjlfw	𩙱
ocfhrffw	𩙴
ocvorffw	𩙶
ocfwtmgs	𩙺
ocsiyifw	𩙽
ocnnnnfw	𩙾
ocrfbdsi	𩚀
ocrfribi	𩚁
ocrfuudj	𩚃
ocuippqi	𩚊
ocuiuuyi	𩚋
ocuirfli	𩚝
ocuihgyc	𩚞
ocuihuyi	𩚬
ocuirfxn	𩚸
ocuijiuj	𩚺
ocvijqui	𩚻
ocuippyz	𩚿
ocuiiahg	𩛀
ocuirfnv	𩛅
ocuirfye	𩛆
ocuiiruj	𩛋
ocuidanv	𩛌
ocuiujkz	𩛎
ocuiuinv	𩛏
ocuiuigs	𩛐
ocuiervi	𩛓
ocnvsiui	𩛗
ocuiiafh	𩛙
ocuiwfcy	𩛜
ocuivxcy	𩛝
occduiji	𩛥
ocuibder	𩛨
ocuihuqi	𩛪
ocuiihui	𩛫
occctusi	𩛬
ocmufjui	𩛳
ocuiheli	𩛵
ocuippgu	𩛶
ocuiqitu	𩛹
ocuibcmi	𩛺
ocuiuvui	𩛻
ocuibcfz	𩛽
ocuiycji	𩜆
ocuiccyc	𩜈
ocuiirtm	𩜊
ocuiqixb	𩜐
ocuiujxn	𩜖
ocuihvwu	𩜙
ocuijiji	𩜚
ocuilier	𩜛
ocuihgnv	𩜝
ocuiuiho	𩜡
ocuiqmww	𩜣
ocuiuiji	𩜧
ocuhyzui	𩜨
ocuibcgv	𩜩
ocifyzui	𩜬
ocuiklee	𩜮
ocuizdyz	𩜯
ocuigsba	𩜹
ocuivxmu	𩜿
ocuihvmu	𩝀
ocuisicc	𩝁
ocuihekd	𩝂
ocuihvui	𩝃
ocuitdmb	𩝉
ocuidcui	𩝍
ocuimmdm	𩝎
ocuibcfz	𩝒
ocbcfzui	𩝓
ocmcwfui	𩝕
ocirdcui	𩝖
ocuisiwf	𩝘
ocuibcmm	𩝜
ocuiqmjq	𩝟
ocuivskz	𩝡
ocuiriyu	𩝣
ocuigvxb	𩝤
ocwfyaui	𩝦
ocuiccbw	𩝨
ocbcfzui	𩝩
ocuibcui	𩝬
ocuiklsi	𩝮
ocuibcxi	𩝯
ocuivxmu	𩝰
ocuigsys	𩝳
ockzkzui	𩝵
ocrfwfui	𩝶
ocuiiryi	𩝹
ocuiuzto	𩝺
ocuiychv	𩝼
ocuirfyh	𩞃
ocuuqmui	𩞌
ocuihvbf	𩞑
ocuivshv	𩞒
ocuikzhv	𩞓
ocuituui	𩞔
ocuiribw	𩞗
ocuivxdd	𩞛
ocuibcmb	𩞜
ocuippwf	𩞝
ocuikzji	𩞞
ocpjvxui	𩞟
ocxlvvui	𩞠
ocuiybge	𩞡
ochcihui	𩞣
ocihheui	𩞨
ocuierer	𩞪
ocuitmgs	𩞫
ocuivshv	𩞮
ocuizzxk	𩞱
ocuihvui	𩞳
ocuihvui	𩞴
ocuiccfu	𩞶
ocuiqitm	𩞷
ocriqrui	𩞹
ocvzqmui	𩞺
ocuilwxn	𩞼
ocuisiyi	𩟁
ocuizovi	𩟆
ocuisigv	𩟉
ocuiccyc	𩟌
ocuiklqi	𩟍
ocuiujjp	𩟑
ocuixtlk	𩟒
ocuimmmm	𩟖
ocvupiui	𩟚
ocuiccvr	𩟛
ocujuiyy	𩟜
ocuizomb	𩟟
ocuizowf	𩟣
ocuizowf	𩟤
ocuiujjy	𩟥
ocuiqtge	𩟦
ocvzguui	𩟨
ocuifubw	𩟪
ocuivoyz	𩟫
ocuiyisi	𩟮
ocuiuimu	𩟰
ocuiyubw	𩟱
ocuibfbw	𩟲
ocuiyusi	𩟳
ocuiytpu	𩟴
ocuicsjq	𩟶
ocirvvui	𩟷
ocbcbcui	𩟸
ocuirixl	𩟻
ocuitoyh	𩟼
ocuirfye	𩠂
ocirhgzi	𩠐
ocjqirzi	𩠒
ocbairmu	𩠖
ocirzivi	𩠜
ocirziif	𩠝
ocifirzi	𩠞
ocuzsige	𩠟
ocirzikl	𩠡
ocklirzi	𩠢
ocjxirzi	𩠣
ocvjeruz	𩠥
ochewjuz	𩠨
ocuzycwf	𩠩
ocyjirmu	𩠪
ocjyirzi	𩠫
ocuzbcpu	𩠮
ocuzbcvg	𩠰
ocihujuz	𩠷
ocxlccba	𩡀
ocxljiji	𩡆
ocheriqr	𩡍
ocwfxixl	𩡑
ocxluili	𩡒
ocxlyeuv	𩡟
ocxlxlho	𩡢
ocxlcche	𩡤
ocxlwfxn	𩡥
ocxlhgmu	𩡦
ocmappna	𩡬
ocmahgjb	𩡸
ocqmppma	𩢁
ocmayzyz	𩢃
ocmaklqn	𩢆
ocmabiui	𩢈
ocmalili	𩢊
ocmaklcc	𩢏
ocgserma	𩢗
ocdabama	𩢙
ocmappyz	𩢚
ocmarfxn	𩢜
ocmagser	𩢞
ocmalikz	𩢟
ocmabayu	𩢣
ocmacchg	𩢩
ocmarfer	𩢯
ocmariia	𩢶
ocmasiyt	𩢺
ocmanwqi	𩣁
ocmairuj	𩣃
ocmaihbi	𩣄
ocrferma	𩣈
ocbifuma	𩣎
ocmadcdc	𩣒
ocmarfpu	𩣓
ocmave	𩣘
ocmaerve	𩣘
ocmaqmri	𩣙
ocmappbi	𩣛
ocmaujrs	𩣤
ocmahgtu	𩣪
ocmahgyz	𩣬
ocmagsxb	𩣭
ocmayiui	𩣰
ocmaglqu	𩣴
occcycma	𩣻
ocmabcmi	𩣽
ocmaerye	𩣾
ocmaiziz	𩣿
ocmaklhe	𩤁
ocmadcjq	𩤂
ocdamabc	𩤄
ocmajm	𩤊
ocmavimu	𩤋
ocmafhfh	𩤐
ocmaxbhg	𩤑
ocmaxber	𩤖
ocmadgmc	𩤗
ocmairxb	𩤘
ocmamcwf	𩤝
ocmabcmu	𩤞
ocmaqmkl	𩤪
ocmagsgs	𩤫
ocmahgkz	𩤬
ocmagejx	𩤭
ocquhgma	𩤰
ocmaccyz	𩤱
ocmabkpu	𩤳
ocmaihls	𩤴
ocmavxfu	𩤻
ocmarfya	𩤼
ocmavzyz	𩤿
ocmabcui	𩥃
ocmayhnq	𩥍
ocmalcvi	𩥏
ocmariyu	𩥑
ocmaccer	𩥒
ocmctmma	𩥖
ocmarfcs	𩥗
ocmaujyz	𩥘
ocmafhpd	𩥜
ocmauiui	𩥟
ocmacche	𩥠
ocximaji	𩥡
ocmawfvv	𩥤
ocmabcbo	𩥥
ocmaziwh	𩥧
ocmappcs	𩥨
ocyiuuma	𩥯
ocmafwda	𩥰
ocmajruv	𩥱
ocmauufu	𩥲
ocmageig	𩥳
ocmalwxn	𩥵
ocmayumi	𩥶
ocmaujzs	𩥷
ocmaihyt	𩥸
ocmakztm	𩥺
ocmarfcs	𩥾
ocmarfcs	𩦁
ocmahenq	𩦄
ocmahemu	𩦅
ocmawfjp	𩦆
ocmaxiho	𩦈
ocmaujhe	𩦏
ocmagskz	𩦑
ocmamfkd	𩦓
ocmamffu	𩦔
ocmauiqm	𩦕
ocmagsvv	𩦘
ocmauuui	𩦙
ocppzoma	𩦛
ocytqrma	𩦜
ocmahguu	𩦣
ocmarifh	𩦧
ocmalqyi	𩦪
ocmajrzu	𩦬
ocmasiyi	𩦮
ocmasigj	𩦯
ocmarfkv	𩦰
ocmaklwf	𩦲
ocmalive	𩦳
ocmamfui	𩦴
ocglvvma	𩦵
ochujrma	𩦶
ocmabags	𩦸
ocrfkzma	𩦻
ocmagevv	𩦼
ocmabcba	𩦿
ocmadaig	𩧀
ocmaqucs	𩧁
ocmairve	𩧆
ocmafufw	𩧊
ocmamauu	𩧌
ocmaujjy	𩧎
ocmahgmu	𩧐
ocmaytls	𩧑
ocmahenn	𩧒
ocyjyema	𩧔
ocieuima	𩧕
ocmaqmsi	𩧖
ocmavoii	𩧗
ocmaxbho	𩧙
ocmagehs	𩧛
ocmayigs	𩧝
ocmauunq	𩧞
ocmayjho	𩧟
ocmauunq	𩧠
ocmamama	𩧢
ocmamhgj	𩧣
ocmaluuu	𩧤
ocmaxitu	𩧾
ocmariyu	𩨌
ocmatmgs	𩨎
ocmairve	𩨐
ocguhgyc	𩨤
ocgurfbc	𩨧
ocgubabc	𩨪
ocujihgu	𩨮
ocguppna	𩨶
ocguujbi	𩨷
ocgurfhg	𩨺
ocguiruj	𩩀
ocgudagj	𩩃
ocguujxt	𩩆
ocguyzqn	𩩍
ocguuikz	𩩎
ocgubcba	𩩏
ocgubder	𩩕
ocgutmui	𩩙
ocerzogu	𩩜
ocgunmmu	𩩥
ocgupiir	𩩨
ocuijigu	𩩬
ocgubkpu	𩩹
ocguujyt	𩩼
ocgudcui	𩩽
ocguhusi	𩩾
ocguzozo	𩪄
ocguxbbi	𩪅
ocguirbw	𩪇
ocguxnbw	𩪈
ocguzorz	𩪏
ocguccgs	𩪒
ocuiuugu	𩪔
ocgudikz	𩪙
ocguyefu	𩪛
ocguyrtu	𩪝
ocgulikz	𩪟
ocglvvgu	𩪠
ocguerzo	𩪦
ociupugu	𩪨
ocguwfkz	𩪩
ocguliho	𩪪
ocgugsww	𩪫
ocgubcba	𩪯
ocgurfgs	𩪳
ocguyubw	𩪹
ocguvufa	𩪻
ocguccvv	𩪼
ocyjsigu	𩪾
ocwfhvzi	𩫃
ocdcdcgc	𩫉
ocgcbatu	𩫊
ocgchgjb	𩫎
ocwfkzui	𩫏
ocgchgjb	𩫒
ocgcppvi	𩫔
ocwfkzuu	𩫖
ocgchvuu	𩫗
ocgchujb	𩫚
ocgctmcc	𩫜
ocgcirtu	𩫟
ocwfuigk	𩫠
ocgcmugf	𩫡
ocwfuigf	𩫧
ocwfuiig	𩫨
ocwfuiyi	𩫩
ocgcuibw	𩫪
ocwfuibw	𩫫
ocwfuive	𩫭
ocwfuubw	𩫮
ocwfuivr	𩫯
ocwfuilz	𩫰
ocwfuiys	𩫱
ocyelvgc	𩫳
ocbnhgjb	𩫿
ocihujzz	𩬂
ocbnyzui	𩬋
ocbnbcjb	𩬒
ocbnrfjb	𩬓
ocbngsji	𩬛
ocbnuijq	𩬜
ocbnvegs	𩬣
ocihujmb	𩬬
ocbnrfxn	𩬯
ocbnbuui	𩬴
ocbniruj	𩬷
ocbnklwf	𩬼
ocbnsimu	𩬽
ocbnirir	𩭁
ocbnhgzi	𩭈
ocbnujfh	𩭎
ocbnbcyy	𩭕
ocbngsxb	𩭤
ocbndcjq	𩭥
ocbntyri	𩭱
ocbndmfz	𩭸
ocbndari	𩭻
ocbnmcwf	𩭾
ocbncsxb	𩮀
ocbnzdyz	𩮃
ocbnhemc	𩮄
ocbnxtfh	𩮇
ocbnmuia	𩮉
ocihujys	𩮊
ocbnsifh	𩮒
ocbnrfys	𩮓
ocbnlili	𩮗
ocbngjcs	𩮟
ocbnbcui	𩮡
ocbnqitu	𩮢
ocbnvivz	𩮣
ocbnmcba	𩮤
ocbndauv	𩮥
ocbnccxb	𩮪
ocbncsxb	𩮰
ocyiuubn	𩮵
ocbnuuqm	𩮶
ocbnrili	𩮺
ocbnrfve	𩮻
ocbnnmfu	𩮽
ocbnyiuu	𩮾
ocbnybge	𩯈
ocbnccqu	𩯍
ocbnyefu	𩯏
ocbnccri	𩯐
ocbnlwxn	𩯑
ocbnfubw	𩯒
ocbnirys	𩯓
ocbnbcmw	𩯔
ocbnsiui	𩯙
ocbnhunj	𩯜
ocbnbdkz	𩯠
ocbnqruz	𩯢
ocbnklwf	𩯣
ocbniyho	𩯥
ocbnpncy	𩯧
ocbnsigr	𩯪
ocihujbw	𩯫
ocbnbcba	𩯭
ocbnmmmm	𩯯
ocbnqtge	𩯰
ocbnisxb	𩯲
ocbnfubw	𩯳
ocbnsiyr	𩯴
ocbnrfyi	𩯵
ocbnuijq	𩯶
ocbncvge	𩯷
ocbnrfgs	𩯸
ocbnrfer	𩯻
ocbnrifz	𩯾
ocbnyubw	𩯿
ocbncsjq	𩰁
ocbnyukz	𩰂
ocbndctu	𩰃
ocbnerer	𩰆
ocbnuzvi	𩰇
ocbnuiyc	𩰈
ocdzrfxn	𩰐
ocbadzer	𩰕
ocdzdzjb	𩰖
ocdzhgbw	𩰗
ocdzgvri	𩰘
ocdzheyu	𩰙
ocdzyajb	𩰚
ocdzhgho	𩰜
ocdzuiho	𩰟
ocxsbipi	𩰠
ocxsbiui	𩰡
ocxsbili	𩰢
ocvxbcyz	𩰣
ocjuxsbi	𩰤
ocvxsiyz	𩰥
ocmusiyz	𩰦
ocmubiuj	𩰧
ocvxuicy	𩰨
ocwfbccy	𩰩
ocfzbcuj	𩰪
ochgnquu	𩰬
ocgevegs	𩰰
ocgsgsge	𩰲
ocgexser	𩰷
ocgextxt	𩰸
ocgesiyz	𩰼
ochggjqy	𩰽
ocfufuge	𩰿
occctuuu	𩱀
ocqmfuge	𩱁
ocgeiziz	𩱂
ocgeerda	𩱄
ocxswfge	𩱅
ocnvgsge	𩱆
ocgeerho	𩱊
ocvugsge	𩱌
ocgugsge	𩱍
ocfugsge	𩱎
ocgsgegs	𩱒
ocergsge	𩱓
ocihhege	𩱔
ocxmxmge	𩱕
ocuugsge	𩱖
ocyzgsge	𩱗
ocmilqge	𩱙
ocbogsge	𩱚
ocgeklwf	𩱛
ocifgsge	𩱜
ocgeyiqq	𩱝
ocxngsge	𩱞
ocmwgsge	𩱟
ocgsgegs	𩱠
ockjgsge	𩱡
ocfugsge	𩱣
ocjmgsge	𩱤
oclwsjge	𩱥
ociugsge	𩱦
ocgcgsge	𩱧
ocrugsge	𩱨
ocxmhgge	𩱩
ocqpbkge	𩱪
ocsugsge	𩱫
oclbbcge	𩱬
oczggsge	𩱭
ocqugsge	𩱮
ocmilqge	𩱯
ocveuvge	𩱰
ocyugsge	𩱱
ocvdgsge	𩱲
ocqigsge	𩱳
ocyelvge	𩱴
ocmimpge	𩱵
ochogsge	𩱶
ocmimpge	𩱷
ocmimpge	𩱸
ocbderuj	𩲆
ocbderzi	𩲇
ocgvihui	𩲔
ocbcyzgv	𩲛
ocgsjigv	𩲧
ocgvhgwu	𩲬
ocgvyiui	𩲭
ocgvuhrf	𩲹
ocgvucdc	𩲿
ocgvpper	𩳂
ocgvrfuu	𩳇
ocgvyzww	𩳗
ocgviauu	𩳘
ocgvua	𩳘
ocuagv	𩳙
ociauugv	𩳙
ocgeycgv	𩳠
ocgvvxcy	𩳡
ocuidmgv	𩳥
ocgvvjcy	𩳨
ocgvhebc	𩳩
ocgvyzmi	𩳫
ocfuytgv	𩳬
ocgvxisi	𩳭
ocgvjimc	𩳯
ocgvhurf	𩳰
ocgvjquu	𩳱
ocgvmuqr	𩳵
ocgvzzxi	𩳹
ocripogv	𩳺
ocycgegv	𩴆
ocmuwwgv	𩴈
ocgvxtxt	𩴋
ocjrrigv	𩴏
ocgvnmfu	𩴓
ocgvwfui	𩴚
ochuqqgv	𩴛
ocgvtmgs	𩴜
ocmcjsgv	𩴢
ocihhegv	𩴣
ocyhyhgv	𩴨
ocbderdj	𩴫
ocgvccsi	𩴭
ocgvsixk	𩴮
ocgvhuui	𩴯
ocgvnmtu	𩴴
oclwgv	𩴻
ocgvlw	𩴼
ocrugvgv	𩴿
ocyukzgv	𩵀
ocgvyukz	𩵁
ocyukzgv	𩵂
ocgvqixn	𩵃
ocgvccvv	𩵄
ocgvccwf	𩵉
ocgvccwf	𩵊
ocrfdcho	𩵑
ocyuklna	𩵯
ocyuhgyc	𩵷
ocyurfji	𩵸
ocyuuuve	𩵿
ocyuvsqn	𩶍
ocyuccrf	𩶚
ocyuwffj	𩶞
ocyuklsi	𩶠
ocyurfer	𩶡
ocyubuui	𩶨
ocyudanq	𩶮
ocyuriia	𩶳
ocyurfiu	𩶷
ocyundmu	𩶹
ocyuihba	𩷁
ocyudcdc	𩷂
ocyuyzgs	𩷃
ocyupjyz	𩷅
ocyuxser	𩷇
ocyubimu	𩷌
ocyurinv	𩷑
ocyuujfh	𩷜
ocuzwfyu	𩷢
ocyuricy	𩷥
ocyuwfir	𩷮
ocyubavf	𩷲
ocyuhzba	𩷴
ocerzoyu	𩷷
ocyurffh	𩷸
ocyujili	𩷻
ocyuerye	𩷿
ocyurfis	𩸈
ocyuccuc	𩸌
ocyunmmu	𩸏
ocyuccmc	𩸚
ocyuxntm	𩸛
ocyucswu	𩸟
ocyukzyt	𩸠
ocnqkhyu	𩸡
ocyuhebc	𩸢
ocyuuicc	𩸷
ocyurfli	𩸺
ocerrfyu	𩸻
ocyutobw	𩸼
ocyugk	𩸼
ocyudguu	𩸿
ocyuzima	𩹆
ocyufhzi	𩹊
ocyuccdn	𩹋
ocyusiuv	𩹌
ocyubdqr	𩹏
ocyubkpu	𩹐
ocyurfis	𩹑
ocirdcyu	𩹒
ocyuerda	𩹓
ocyuzdyz	𩹔
ocyuuzge	𩹕
ocytiyyu	𩹙
oclwnvyu	𩹚
ocyututu	𩹣
ocyuqldm	𩹦
ocyusixn	𩹧
ocyukzer	𩹫
ocyuxnbw	𩹳
ocwfyayu	𩹵
ocyuxbbi	𩹻
ocvorfyu	𩹼
occctuyu	𩺁
ocyubkbk	𩺂
ocytxkyu	𩺄
ocyuvstm	𩺅
ocyucclc	𩺆
ocyuhuwf	𩺇
ocyuglgs	𩺋
ocyuuijb	𩺌
ocyuxtcy	𩺎
ocyugfri	𩺏
ocyukzfh	𩺑
ocyudcdm	𩺒
ocvzyzyu	𩺔
ocyuuawf	𩺕
ocyugker	𩺖
ocyucche	𩺗
ocyuyzkz	𩺙
ocyudaui	𩺚
ocyuwjtm	𩺜
ocyumcqq	𩺠
ocyuhovi	𩺧
ocyujruv	𩺭
ocyumuuv	𩺲
ocyuuiqm	𩺶
ocwwwfyu	𩺸
ocyufufh	𩺹
ocyuzzfu	𩺼
ocyuwfwf	𩺽
ocyukzhv	𩻂
ocyusiui	𩻄
ocyuuiye	𩻅
ocyuerlk	𩻆
ocluwjyu	𩻉
ocerwayu	𩻊
ocyuridi	𩻋
ocyumcqq	𩻎
ocyuppwf	𩻐
ocyuyzyb	𩻕
ocyukzni	𩻙
ocyujiri	𩻛
ocldqryu	𩻜
ocyuerer	𩻞
ocyurifh	𩻠
ocrfihyu	𩻢
ocyurfjm	𩻥
ocyulwxn	𩻦
ocyuvshv	𩻨
ocyuvivi	𩻩
ocyuirmi	𩻫
ocldwfyu	𩻯
ocyurffw	𩻲
ocyuhemu	𩻳
ocyuxtui	𩻴
ocyuheyu	𩻵
ocyucsri	𩻶
ocytqryu	𩻷
ocyuhuui	𩻼
ocyuldqr	𩻿
ocyuzovi	𩼂
ocsiyuyj	𩼄
ocmhyufj	𩼊
ocyuhuui	𩼍
ocerzoyu	𩼏
ocdvzoyu	𩼐
ocyucczi	𩼑
ocyusixk	𩼓
ocyuklwf	𩼕
ocyuccxm	𩼘
ocyuccji	𩼚
ocyucibw	𩼜
ocyuuhgj	𩼝
ocyuliis	𩼞
ociuwfyu	𩼡
ocyuwfhe	𩼤
occcgjyu	𩼥
ocyuyjir	𩼩
ocuvyuyu	𩼪
ocyhyuxi	𩼫
ocyuccvr	𩼬
ocerwayu	𩼭
ocgsyuyz	𩼮
ocyuuubw	𩼱
ocyugsxb	𩼲
ocyugswf	𩼵
occcyudj	𩼻
ocyugltu	𩼼
ocyuycho	𩼾
ocyurfyt	𩼿
ocyuluho	𩽁
ocyuccmi	𩽃
ocyuuijq	𩽅
ocyuujjy	𩽌
ocyuddjq	𩽍
ocmimuyu	𩽑
ocyulwru	𩽔
ocyuvuvi	𩽕
ocyuwhjs	𩽗
ocvugjyu	𩽘
ocyubddj	𩽙
ocyudctu	𩽝
ocyusidi	𩽞
ocjbyudj	𩽟
ocyuzdnn	𩽠
ocyuihmo	𩽦
ocyucvjs	𩽨
ociayuxi	𩽫
ocyutsho	𩽬
ocyuxbho	𩽯
ocyudjis	𩽱
ocyuluuu	𩽶
ocyuuiyc	𩽸
ocyurfgu	𩾀
ocyurfjx	𩾉
ocyurfmi	𩾍
ocuuyinn	𩾤
octuyinn	𩿆
ocnndcdc	𩿋
ocrfvenn	𩿌
ocnnhgjb	𩿐
ochgycnn	𩿒
ocrfrfnn	𩿕
ocihgjnn	𩿫
ocujqinn	𩿭
ocklxtnn	𩿮
ocnngsbk	𩿴
ocrfyenn	𩿽
ocnngser	𪀃
ocuhxnnn	𪀖
ocfgdcnn	𪀡
ocycycnn	𪀨
ocxtxtnn	𪀫
ocbcdann	𪀱
ocbimunn	𪀶
ocnnuhnv	𪀺
ocyzmunn	𪁁
ocwfkznn	𪁚
ocuikznn	𪁝
ocuvgknn	𪁠
ociazinn	𪁡
ocbdernn	𪁤
ocnnihfu	𪁦
ocbiuinn	𪁬
ocnnihka	𪁯
ocnnbiuj	𪁷
occcycnn	𪁾
ockdkdnn	𪂍
ochggsnn	𪂐
ocujqpnn	𪂓
ocuiwfnn	𪂗
ocrfxnmk	𪂘
ocbiujnn	𪂨
ocjijinn	𪂫
ocnndcui	𪂷
oczdyznn	𪂸
ocheccnn	𪂻
ocjidann	𪃇
ocerdann	𪃉
ocxswfnn	𪃊
ocxitunn	𪃋
occcmbnn	𪃔
occcdinn	𪃖
ocviuinn	𪃚
ocbckznn	𪃜
ocuinnuu	𪃟
ocuulinn	𪃠
ocgvdann	𪃤
ocmumunn	𪃥
ochztunn	𪃫
ocmbrinn	𪃯
ocnnvxke	𪃴
ocjuuunn	𪃷
ockdmunn	𪄃
ocxbbinn	𪄆
ociryinn	𪄉
ocmumunn	𪄊
ocbcujnn	𪄋
ockzuunn	𪄍
ocxiffnn	𪄏
ochvmunn	𪄐
ocxtxinn	𪄑
ocnnbcnv	𪄓
ocuimpnn	𪄗
ocyzkznn	𪄘
ocmumunn	𪄙
ocriyunn	𪄚
ocnnfhdj	𪄟
ocuvuunn	𪄠
ocfubinn	𪄢
ocldlinn	𪄪
ocuiuinn	𪄬
ocmuuvnn	𪄭
ocbiisnn	𪄰
ocxisinn	𪄷
ocnnbcwf	𪄺
ocuimcnn	𪄽
ocvvdann	𪄾
ocnmfunn	𪄿
occcsinn	𪅇
ocrfhgnn	𪅈
ocjqrinn	𪅉
ocvxuinn	𪅊
ocuvldnn	𪅍
ockeuunn	𪅏
ocmiwann	𪅒
ocwwwfnn	𪅗
ocmupdnn	𪅚
ocbcdann	𪅞
ocnnyuvf	𪅡
ocbcdknn	𪅢
ocjxytnn	𪅣
ocvvwfnn	𪅥
ocheyunn	𪅲
ocqitmnn	𪅳
ociscinn	𪅵
ocgsiann	𪅷
ocvzjrnn	𪅻
ocihhenn	𪅼
ocjirinn	𪅽
ocvvhonn	𪆅
occctunn	𪆆
ocgskznn	𪆇
ocxihonn	𪆈
ocuivvnn	𪆉
ocjsytnn	𪆌
ocbcgenn	𪆍
ocuiuunn	𪆑
ocsisinn	𪆓
ocjnnnho	𪆔
ocbctunn	𪆕
ocuvuunn	𪆟
ocdikznn	𪆡
occchynn	𪆨
ocuiuunn	𪆪
ocnnbcmb	𪆮
ocmcjbnn	𪆱
ocuvldnn	𪆵
ocjbqpnn	𪆷
ochuuinn	𪆺
ocwfgjnn	𪆾
ocijyjnn	𪆿
ocuiuunn	𪇂
ocpnjinn	𪇃
ocuilrnn	𪇄
ocnnccxm	𪇅
ocnnuoda	𪇐
ocvugjnn	𪇙
ocppyhnn	𪇚
ocglvvnn	𪇛
occchdnn	𪇜
ocyujnnn	𪇝
ocvupinn	𪇞
ocuggunn	𪇟
ocnmtunn	𪇠
ocvuminn	𪇢
ocufufnn	𪇣
ocxilunn	𪇤
ochuvvnn	𪇦
ocbcbann	𪇧
ocgltunn	𪇮
ocqtgenn	𪇲
ocnnkzxb	𪇷
ocirvenn	𪇹
ocuubcnn	𪇺
ocjbtunn	𪇼
ocnmqmnn	𪇽
ocyjbinn	𪇾
ocveyjnn	𪇿
ockzyunn	𪈀
ocwfuinn	𪈃
ocvijsnn	𪈄
ocvuxknn	𪈅
ocuuyenn	𪈈
ocxmxinn	𪈉
ocgeyunn	𪈊
ocwfgjnn	𪈋
ocrfyznn	𪈍
ocyuyinn	𪈑
ocvurfnn	𪈓
ocrfernn	𪈕
ocujxbnn	𪈖
ocriminn	𪈚
occcfann	𪈛
ocyukznn	𪈝
ocyipinn	𪈞
ocvuwjnn	𪈢
ocvubcnn	𪈣
occvjsnn	𪈥
octmtunn	𪈦
ocnnufnn	𪈨
ocnnccvv	𪈩
oczitmnn	𪈪
ocnnrimi	𪈫
ocufnnnn	𪈬
ocsiyjnn	𪈮
ocmuhznn	𪈱
ocglvvnn	𪈲
ocbcgenn	𪈵
ocnngjwf	𪈶
ocwfpunn	𪈷
ocbklunn	𪈹
ocnnnnnn	𪈼
ocyjsifg	𪈽
octmnntm	𪉀
ocnnnnnn	𪉓
ocxbbinn	𪉔
oclukzhg	𪉙
oclukzui	𪉞
oclurfhg	𪉡
oclubaui	𪉢
ocludcjq	𪉦
octulumb	𪉩
oclulvui	𪉫
ocluriui	𪉲
oclugumb	𪉶
ocluriuu	𪉷
octuvjmb	𪉹
oclubcqu	𪉼
oclumcjs	𪊀
ocrfihlu	𪊁
oclutmri	𪊂
oclurfgs	𪊈
ocluyisi	𪊉
ocluccuu	𪊩
ocluiags	𪊭
ocluiags	𪊱
oclumbba	𪊻
oclukljb	𪊼
ocirtmlu	𪋍
ocluerda	𪋐
oclukzkz	𪋓
ocluwfxn	𪋔
ocluyzxt	𪋕
ocbkbklu	𪋘
ocluihjb	𪋙
oclulilk	𪋚
oclurili	𪋠
ocluyefu	𪋡
ocluuimu	𪋢
ocluerer	𪋣
ocyclblu	𪋤
oclulvlv	𪋦
ocluufui	𪋧
oclujqui	𪋱
ocluyjir	𪋲
ocluyuya	𪋳
oclululu	𪋵
ocluyukz	𪋶
oclumiir	𪋷
oclucvjs	𪋸
oclugvxu	𪋺
oclulutu	𪋻
ocmdyzuj	𪌠
ocmdbcji	𪌡
ocmdgssi	𪌥
ocujuimd	𪌨
ocmdvxcy	𪌳
ocmdkznq	𪌸
ocmdbcfz	𪌼
ocmdklhe	𪍁
ocmdhebc	𪍆
ocmducuc	𪍉
ocmdccuc	𪍋
ocmcwfmd	𪍓
ocmdirgf	𪍔
ocmduvug	𪍖
ocmdmcwf	𪍘
ocmdqmlc	𪍙
ocmdxbbi	𪍜
ocuiuumd	𪍠
ocmdhguu	𪍢
ocmdkeuu	𪍥
ocmcwfmd	𪍫
ocmdriui	𪍭
ocmdqmcs	𪍰
ocuguumd	𪍱
ocmdhuui	𪍸
ocmdsiyi	𪍺
ocmddikz	𪍼
ociuwfmd	𪍾
ocmdrfgs	𪎀
ocmdldld	𪎂
ocyeuumd	𪎇
ocuzyzbu	𪎍
ocfgnamm	𪎎
ocmabibw	𪎬
ocyeuuma	𪎲
ochlppqi	𪎴
ochlgjho	𪏂
ochlyuho	𪏃
ochljm	𪏊
ocytbahl	𪏍
ochlhudk	𪏏
ochlsier	𪏖
ocuihluu	𪏙
ocvuhlvu	𪏜
ochljnuv	𪏠
ochlyjdz	𪏡
ochljuer	𪏣
ochlyuuv	𪏧
ochlqudz	𪏨
ochldrho	𪏩
ochliupn	𪏫
ocggychl	𪏬
oclirfuv	𪏭
ocuubcpp	𪏯
ocuulinv	𪏼
ocuuvenv	𪏾
ochebcuu	𪐅
ocuuvjxb	𪐇
ocuuyzxb	𪐊
ocuuujli	𪐑
ocherifu	𪐒
ocuuuuuu	𪐓
ocuguugj	𪐕
ocklxnyj	𪐗
ochwppqi	𪐠
ochwkzhg	𪐪
ochwrfxn	𪐳
ochwujnd	𪐹
ochwklcc	𪑃
ochwrfna	𪑄
ochwmpyz	𪑉
ochwvxcy	𪑋
ochwuiji	𪑍
ochwbcqp	𪑎
ochwwfmu	𪑘
ocujhwwf	𪑛
ochwnmmu	𪑞
ocyawfhw	𪑢
ochwuiji	𪑣
ocerlihw	𪑤
ochwqrmu	𪑥
ochwuigs	𪑩
ocdakzhw	𪑵
ochwhujb	𪑷
ochwjqtu	𪑺
ocldihhw	𪒁
ochwdamu	𪒂
ocldlihw	𪒅
ochwdagf	𪒇
ochwdacc	𪒈
ochwyigs	𪒌
ochwsidm	𪒎
ochwxrlv	𪒓
octmgshw	𪒕
ochwdagv	𪒖
ocriqrhw	𪒞
ochwyefu	𪒢
ochwrfmm	𪒣
ochwugbw	𪒦
ochwdckz	𪒧
ocjxdohw	𪒨
ochwccxm	𪒯
octsbchw	𪒵
ocnqgjhw	𪒷
ocklyeyz	𪒸
ocuubchw	𪒺
ochwdahw	𪒻
ochwjkda	𪒾
ochwjrma	𪒿
ochwkzcy	𪓁
ochwdctu	𪓄
ochwmuda	𪓆
ochwyccy	𪓉
ochwfzuj	𪓊
ocyebimi	𪓋
ocyebizu	𪓌
ocmbpubi	𪓍
ocyebibm	𪓎
ocmbyebi	𪓏
ocyebiqp	𪓐
ockzulri	𪓕
ocklermm	𪓘
ocklrfmm	𪓙
ocppmmyz	𪓝
ocdakzmm	𪓡
ocgvbcri	𪓤
ocxtxtmm	𪓥
ocbdbimm	𪓨
ocuitmmm	𪓳
octuwfmm	𪓴
ociuwfmm	𪓶
ocytqrmm	𪓺
ocdctmmm	𪓻
ociuwfmm	𪓾
ocbiwfmm	𪔀
ochehomm	𪔁
ocmuveve	𪔂
ockzdknv	𪔈
ocwfyadk	𪔉
ocvupijk	𪔏
ocguwfug	𪔢
ocgukzyt	𪔤
ocpmpjgu	𪔥
ocgukzer	𪔪
occcccgu	𪔫
ocguhvmu	𪔬
ocuguugu	𪔰
ocgurfdg	𪔶
ocuupphg	𪕄
ocuubcji	𪕎
ocuuqikl	𪕚
ocqikluu	𪕢
ocuurinv	𪕤
ocuuwfyz	𪕦
ocuiuuuu	𪕷
ocuiuuuu	𪕸
ocuuihyz	𪕽
ocbizirs	𪕿
ocuukeuu	𪖃
ocuuyefu	𪖈
ocuucsjq	𪖎
ocbiveve	𪖑
ocbibatu	𪖜
ocbibakz	𪖝
ocbijb	𪖧
ocbihgxt	𪖩
ocbivcba	𪖱
ociryibi	𪖵
ocbiyuvf	𪖷
ochuqpbi	𪖸
ocbizisi	𪖻
ocbijiri	𪖼
ocbidctu	𪗂
ocbiyswa	𪗃
ocuixier	𪗄
ocwfyaye	𪗎
ocwfyazg	𪗐
ocqiviwf	𪗑
ocqiviwf	𪗒
ocqiviwf	𪗓
ociiuuyi	𪗚
ociirfbc	𪗣
ocviklqp	𪗱
ocbakllk	𪗲
ociibcji	𪗴
ocfgvikl	𪘂
ociiribi	𪘄
ociibcyc	𪘋
ocrfrfii	𪘗
ocviklwu	𪘚
ociive	𪘛
ociierve	𪘛
ociimubi	𪘟
ociixqhg	𪘠
ociiuikz	𪘢
ociivxcy	𪘤
ocifyzii	𪘦
ociiklhe	𪘩
ociijm	𪘪
ociibchg	𪘫
ociiihgv	𪘬
ociiklhe	𪘭
ocyawfii	𪘯
ociiiziz	𪘴
ochujbii	𪘷
ocwwwfii	𪘻
ociiqmjq	𪘾
ociiirlp	𪙂
ocbazoii	𪙄
ociigsyz	𪙅
ociiuiyt	𪙆
ocuiytii	𪙇
ociixbxb	𪙋
occclcii	𪙐
ociiqmuj	𪙒
ocgvyzii	𪙓
ocwfyaii	𪙔
ocbmdaii	𪙖
ociiwfer	𪙘
ociijimi	𪙙
ociiuugo	𪙚
ociiyzww	𪙢
ocldqrii	𪙤
ociilusi	𪙥
ocihheii	𪙪
ocueueii	𪙬
ociicsri	𪙮
ocwfuiii	𪙯
ocglheii	𪙱
ocuigfii	𪙲
ocyiueii	𪙶
ociiirve	𪙷
ociirfgs	𪙸
ociiqtge	𪙻
ocrfihii	𪙼
ochugeii	𪙿
ociidctu	𪚃
ociiuuii	𪚆
ochuqrii	𪚊
ociiiiia	𪚍
ocwfyaii	𪚎
ocyawfii	𪚐
ocgjlsgj	𪚟
ocuguuls	𪚣
oclslsls	𪚥
ochgxtia	𪚦
ocdcxtjx	𪚧
ocxthgve	𪚨
ocdcxtdj	𪚫
ocklergv	𪚮
ocytgvri	𪚲
ocgvkler	𪚳
ocdcxtia	𪚴
ocdcxtqq	𪚺
ocdcxtbw	𪚾
ocdcxtie	𪚿
ocjnjigv	𪛀
ochehogv	𪛁
ocdcxtqu	𪛃
ockztmgv	𪛄
ocyukzgv	𪛈
ocdclvve	𪛉
oclyhudk	𪛍
ocuvzily	𪛎
ociuqmly	𪛐
ochoujly	𪛑
ocvulyuu	𪛒
ocvulyhu	𪛔
oclygvho	𪛖
ochguuve	𪜀
ocqiklxt	𪜃
ocmudmjk	𪜅
ochgycji	𪜆
ocvuqipp	𪜋
ocjqbdug	𪜙
ocuvmwve	𪜚
ocwfgsdd	𪜣
ocwfrfvv	𪜤
ocwfhvkl	𪜥
ocrfhgnv	𪜨
ocrfbcbi	𪜪
ocrferxn	𪜬
ocrfndmu	𪜷
ocrfnqnq	𪜼
ocrfrinv	𪜿
ocrfwfdj	𪝂
ocrfdakv	𪝄
ocrfujwf	𪝇
ocrfgstm	𪝌
ocrfjike	𪝏
ocrftsyt	𪝓
ocrfzzyz	𪝘
ocrfiege	𪝠
ocrfsiyi	𪝢
ocrferer	𪝥
ocrfrigv	𪝧
ocrfirmi	𪝨
ocyhkljb	𪝩
ocrfyaqu	𪝫
ocjbyzer	𪝶
ocrfccwf	𪝸
ocrfbniy	𪝾
ocrikler	𪝿
ocgfujgs	𪞋
ocbatmhv	𪞌
ocbcbazi	𪞐
ocbcbavs	𪞑
ocbcyrdz	𪞒
ocbcbaqu	𪞔
ocbchghh	𪞕
ocbkyzuu	𪞝
ocgurfdm	𪞟
ocbkihgv	𪞢
ocbkklvv	𪞩
ocruhgkl	𪞶
ocwfxswu	𪞸
ocwfxswu	𪞻
ocwfxsxm	𪞼
ocwfxsns	𪞽
ocdadadc	𪟃
ocbdbadc	𪟇
ocdakvdc	𪟉
ochgqpff	𪟊
ocliytdc	𪟍
ocgkerdc	𪟏
ocfhjuff	𪟑
ocdcziky	𪟓
ockllvdc	𪟔
ocuvwjli	𪟛
ocmmhgli	𪟟
ockzccli	𪟣
ocnjnjnj	𪟧
ockljuuu	𪟭
ocklrfge	𪟰
ocklvhgs	𪟲
ocguuiqi	𪟴
ocvvvvui	𪟻
ocuuhgln	𪟽
ocuubwug	𪠀
ocihlvve	𪠈
ocihvige	𪠉
ocihrida	𪠊
ocihgsxb	𪠎
ocihjxhg	𪠐
ocihytni	𪠒
ocihbiuu	𪠔
ocihyefu	𪠖
ocihytyz	𪠙
ocihhetm	𪠚
ocihkzgj	𪠛
ochgjijb	𪠜
ocihtuyz	𪠦
ocklyzyz	𪠪
ocxtguyz	𪠬
ocvoytdc	𪠰
ocququrf	𪠱
ockzbcia	𪠴
ockzrftu	𪠶
ockzsinq	𪡂
ochgkztu	𪡅
ockzuzjb	𪡆
ocuvqmkz	𪡌
ockzsicc	𪡔
ocyckzji	𪡘
ockzller	𪡙
ockzxkug	𪡚
ockzmfke	𪡛
ocjqkzir	𪡢
ockzbcyz	𪡣
ockzbkln	𪡦
ockzujhv	𪡩
ociferkz	𪡪
ockzbwcy	𪡮
ockzkzji	𪡰
ocjqkztm	𪡲
ocuguukz	𪡹
ockzldbw	𪡺
occcjqgu	𪡻
ockzmuda	𪡼
ockzuuer	𪡽
ockzcswf	𪢀
ockzwfwf	𪢃
ockzvevi	𪢆
ockzrfjx	𪢋
ockzvuhj	𪢑
ocyskzhg	𪢓
ockzglho	𪢔
ockzhgge	𪢙
ocxlyexl	𪢞
ockzgcyh	𪢟
ockzcclj	𪢠
ocklccjm	𪢯
octuihgj	𪣄
octujikz	𪣈
octurind	𪣍
octuuito	𪣓
ocmuwjtu	𪣖
octuriqm	𪣙
octurinv	𪣚
octuxtqi	𪣞
octutmgj	𪣨
ocytugtu	𪣪
octusicc	𪣰
octuercy	𪣳
ocerugtu	𪣿
ocifyttu	𪤀
octudzcy	𪤁
octumumb	𪤂
octujruv	𪤉
octugjjb	𪤐
octuhufu	𪤔
octuyuvf	𪤗
ocsitumz	𪤘
octuyuho	𪤙
ocfhtudm	𪤜
octuuivi	𪤞
ocnjfhtu	𪤟
octuqudz	𪤡
octufuuv	𪤦
octufuwf	𪤩
octumiyz	𪤫
octuwfyh	𪤯
ocnmfuqm	𪤱
ocuivecy	𪤳
ocwfvskl	𪤵
ocxixigd	𪤺
ocxiximd	𪤿
ocglhedo	𪥀
ocdabayz	𪥆
ocpprfda	𪥌
ocdahgdm	𪥍
ocdafhrf	𪥏
ocdabktu	𪥓
ocrijuda	𪥖
oclikeda	𪥘
ocrfgstm	𪥙
ocdakvxs	𪥚
oclidmda	𪥛
ocdakzcc	𪥜
octuvsda	𪥟
ocbwbwda	𪥠
ocyjhoda	𪥢
ocnvjiji	𪥪
ocnvujdk	𪥭
ocnvppba	𪥲
ocnvkhuj	𪥹
ocligsnv	𪥺
ocnvuige	𪥾
ocnvppqn	𪦁
ocnvppda	𪦂
ocnvyzis	𪦄
ocnvirkl	𪦅
ocnvuivi	𪦆
ocnvklnv	𪦈
ocnvgljq	𪦉
ocnvkzkv	𪦊
ocnvvcwf	𪦐
ocifjbnv	𪦑
ocnvwfmu	𪦖
ocnvhgnv	𪦗
ocnvkche	𪦘
ocnvccwo	𪦙
ocnvxttm	𪦛
ocmayznv	𪦠
ocnvcici	𪦡
ocnvvxjb	𪦢
ocnvrfrj	𪦣
ocnvsisi	𪦤
ocsisinv	𪦥
ocnvyucs	𪦦
ocnvufyt	𪦧
ocnvxiwf	𪦩
ocnvguwu	𪦭
ocnvlw	𪦮
ocnvrier	𪦳
ocvfvfnv	𪦵
ochugezi	𪦽
ocziyeba	𪦾
ocifrfzi	𪧂
ocbchguj	𪧅
ocbcxinv	𪧋
ocbcsimu	𪧌
ocbcyrxx	𪧍
ocbcklho	𪧏
ocbcgsdm	𪧑
ocbcrfge	𪧒
ocbcjkli	𪧔
ocbctufz	𪧕
ocbcbdho	𪧖
ocxtrftm	𪧗
ocbcronv	𪧙
ocbcdaxn	𪧛
ocbcyiho	𪧝
ocbcwfmw	𪧞
ocbcluwj	𪧢
ocbcccuv	𪧣
ocbcufwf	𪧤
ocbcuifz	𪧥
ocbcjkuv	𪧦
ocbcvivi	𪧧
ocbcjinv	𪧩
ocbcybsi	𪧪
ocbcdama	𪧫
ocbcyzfz	𪧬
ocbcwfge	𪧮
ocbcljyz	𪧲
ocbcldli	𪧳
ocbclbnv	𪧵
ocbcjmjm	𪧶
ocxtihcy	𪧼
ocbuqmcy	𪧽
ocdmyaxn	𪨂
ocxnuzzu	𪨃
ocucww	𪨆
ocuihguj	𪨉
ocuiqmqi	𪨌
ocuirfuu	𪨍
ocuinmer	𪨒
ocuizijm	𪨔
ocuirfqn	𪨗
ocuiirkz	𪨘
ocuibczu	𪨡
ocujdaie	𪨶
ocujdamb	𪨻
ocujbwtu	𪨽
ocujgldm	𪨿
ocujuihu	𪩀
ocujujge	𪩄
ocujwuhe	𪩈
ocujbcvv	𪩐
ocujdjge	𪩔
ocujgejb	𪩗
ocujtucy	𪩙
ocujfgii	𪩛
ocujycgv	𪩜
ocujyhqu	𪩝
ocujiiqi	𪩟
ocdcxiju	𪩨
ocqudzji	𪩰
ochgjbpp	𪩲
ocxtdajb	𪩶
ocyejbfu	𪩾
ocycyccd	𪪋
ocgldaba	𪪔
ocglqurf	𪪕
ocglrfvi	𪪖
ocglhgba	𪪘
ocglerkz	𪪚
ocglbawf	𪪜
ocgliryi	𪪝
ocgldabw	𪪡
ocglbcsi	𪪣
ocgljrbw	𪪥
ocglrfnn	𪪦
ocglwfmi	𪪨
ocnmfuku	𪪫
ocvibaxi	𪪰
ocviyuwh	𪪲
ocyzercc	𪪴
ocjqifcc	𪪸
ocbcjtcc	𪪹
ocgskzpu	𪪾
ocgsvxrj	𪫁
ocgsyuyu	𪫅
ochumiye	𪫇
ocdakluj	𪫈
ocrizcuj	𪫉
ocrfkzwf	𪫎
ocrfvswf	𪫏
ocrfvita	𪫒
ocrfyurf	𪫔
ocrfsiwf	𪫕
ocrfglva	𪫗
ocrfvizu	𪫘
ocrfsixk	𪫙
ocrflbif	𪫛
ocrfiuwf	𪫜
ocxbuuln	𪫢
ocxbkljq	𪫨
ocxbklho	𪫯
ocnvsixb	𪫴
oceruvxb	𪫽
ocnvuzxb	𪫾
ocxbppqn	𪬀
ocqmycxb	𪬄
ocfgfgbi	𪬇
ocuulixb	𪬈
ocxbxitu	𪬉
ocmuwuxb	𪬊
ocxbvjxb	𪬍
ocxbuikd	𪬑
ocgfwfxb	𪬒
ocuviuxb	𪬓
ocxbgker	𪬗
ocxbyiqr	𪬜
ocxbyuvi	𪬞
ocxbcclv	𪬠
ocxbmcli	𪬢
ocxbqilb	𪬣
ocrfyuxb	𪬪
ocpurfxn	𪬬
ocxbcijn	𪬰
ocxbsimw	𪬶
ocxbwfis	𪬹
ocxbbcfj	𪬺
ocxbvuwu	𪬻
ocxbmier	𪬾
ocqkqkxb	𪬿
ocyierxb	𪭁
ocvhyzxb	𪭂
ocxbhgmb	𪭃
ocgegsxb	𪭅
ocxbqmwf	𪭆
ocxbyhyj	𪭇
ocxbbwvv	𪭈
ocuigezi	𪭋
ocgepptm	𪭎
ocwugsnv	𪭏
ocgeklmu	𪭑
ocuigefu	𪭒
ocmumbge	𪭓
ochgbcjm	𪭔
ocyjsiwo	𪭗
ochunwkz	𪭙
ochuuuer	𪭚
ochugezc	𪭛
ocuzppyc	𪭞
ocuzbcrf	𪭠
ocuzkzbc	𪭦
ocuzdajb	𪭬
ocuzihui	𪭭
ocuzyzfg	𪭲
ocuzkzdz	𪭸
ocuzjqbc	𪭹
ocuzxicy	𪭺
ocuzrfvg	𪭻
ocuzvldm	𪭽
ocuzmfyt	𪭾
ocuzuunv	𪮄
ocuzbdgs	𪮆
ocuzbckz	𪮇
ocuzwffg	𪮉
ocuzyiui	𪮊
ocuzyudc	𪮌
ocuzccxr	𪮎
ocuzychv	𪮓
ocuzwuui	𪮗
ocuzccgs	𪮙
ocuzgker	𪮜
ocuzrfmb	𪮝
ocuzuiyu	𪮪
ocuzxiwf	𪮫
ocuzzzer	𪮭
ocuzhggs	𪮵
ocuzhexb	𪮷
ocuzxivi	𪮸
ocuzvufg	𪮹
ocuzdsho	𪮼
ocuzlumu	𪮾
ocuzuiwj	𪯁
ocuzccyh	𪯃
ochodavi	𪯅
ocviuier	𪯆
ocsivivi	𪯇
ocyuvfwf	𪯖
ocjiriwf	𪯘
ocdikzwf	𪯙
ocwwmiwf	𪯚
ocwfmiwf	𪯜
ockzkzwf	𪯟
ocwhwhwf	𪯥
ocwfihiu	𪯨
ockzhvdz	𪯮
ocihvixp	𪯯
ocfhrfyz	𪯳
ocfhrftm	𪯶
ocfhrfbd	𪯸
ocfhqier	𪯼
ocfhmuyz	𪯽
ocfhrfbi	𪰀
ocfhuicc	𪰁
ocfhrihs	𪰄
ocfhhyer	𪰅
ocriyadc	𪰝
ocriccer	𪰞
ocrixbhu	𪰨
ocrijugs	𪰩
ocritmwf	𪰺
ocririyi	𪱆
ocrifuwf	𪱏
ocriyttu	𪱑
ocriyjyz	𪱓
ocriwfjm	𪱔
ocrivvgk	𪱖
ocgeeryt	𪱞
ocytmpyz	𪱠
ocytvadc	𪱢
ocytlidm	𪱨
ocytjrho	𪱪
ocdcbiyt	𪱫
ocytyimi	𪱭
ocwhlidm	𪱯
ocyzgltu	𪱰
ocmurfdm	𪱸
ocmurfzi	𪱿
ocbkximu	𪲁
ocmuveri	𪲂
ocmuyisj	𪲃
ocmuyzer	𪲆
ocmuuumu	𪲈
ocmufjfj	𪲊
ocmuwfdj	𪲌
ocmuqmjb	𪲍
ocmuycwf	𪲏
ocmudder	𪲐
ocwhermu	𪲑
ocmuklho	𪲗
ocmuugtu	𪲙
ocmuuvyt	𪲚
ocmumive	𪲛
ocwhdcmu	𪲠
ocmuuisi	𪲢
ocmuujwj	𪲤
ocmuucuz	𪲦
ocmucszz	𪲧
ocmubcdj	𪲩
ocwfhvmu	𪲪
ocnidcmu	𪲫
ocmuyuyt	𪲯
ocmuihyi	𪲲
ocmukckz	𪲶
ocmusimu	𪲷
ocmuvxke	𪲾
ocmuanji	𪳃
ocwhgsmu	𪳈
ocmuxixb	𪳉
ocmuyzmu	𪳊
ocmukzfh	𪳏
ocmumumu	𪳐
ocmurimi	𪳑
ocmujlvi	𪳖
ocmubcui	𪳘
ocmubcds	𪳚
ocmuyzho	𪳝
ocmucibd	𪳠
ocmuyzci	𪳡
ocmuujhg	𪳢
ocmuuugo	𪳣
ocmugvri	𪳥
ocdvbdmu	𪳦
ocmuerzi	𪳧
ocmuwfjm	𪳩
ocmuuiyu	𪳬
ocfufuds	𪳭
oclbthtu	𪳯
ocmuvsvs	𪳱
ocmuzisi	𪳳
ocmusvtu	𪳸
oclbihie	𪳽
ocmuqudz	𪴀
ocmurifh	𪴂
ocmuvuyu	𪴅
ocmuglho	𪴇
oclbmcmu	𪴈
ocmuyzwf	𪴉
ocmuhgdz	𪴊
ochogcmu	𪴍
ocmuxtvi	𪴐
ocmudabd	𪴑
ocmugxgx	𪴒
ocmuisvv	𪴓
ocmuuizg	𪴕
ocmubwyi	𪴗
ocmudsho	𪴚
ocmundli	𪴛
ocmuyuwu	𪴟
ocmuxuvi	𪴠
ocmudaxn	𪴡
ocmuwuzu	𪴢
ocwfsicy	𪴦
ocmuvujm	𪴧
ocihgjqm	𪴪
ocuierqm	𪴫
ocbiugqm	𪴬
ocbdyzqm	𪴭
ocyujkqm	𪴲
occcyzqm	𪴳
ocgcbiqm	𪴴
ocvitubi	𪴸
ocviwuif	𪴼
ocsiyjvi	𪴾
ocddccyz	𪵁
ocddwfxs	𪵂
ocddirxi	𪵃
ockztuuu	𪵉
ocbiuiwf	𪵊
ocsieruu	𪵎
ocfufhuu	𪵐
ocuguuqn	𪵑
ocwuhwuu	𪵓
ocuvppji	𪵬
ocuvihqn	𪵭
ocuvpppp	𪵯
ocuvrfjb	𪵴
ocuvjili	𪵶
ocuvyier	𪵷
ocuvviia	𪵺
ocuvppqq	𪵻
ocuvujwh	𪶁
ocuvmive	𪶈
ocuvtmnq	𪶍
ocuvklbi	𪶑
ocuvrfda	𪶓
ocuvmikl	𪶕
ocuvzitm	𪶖
ocuvhvgj	𪶗
ocuvwwxb	𪶚
ocuvjbue	𪶞
ocuvrfyu	𪶡
ocuvrfyu	𪶢
ocuvppcc	𪶣
ocuvrffu	𪶤
ocuvihvv	𪶫
ocuvmubd	𪶯
ocuvujxb	𪶱
ocuvdcdm	𪶳
ocuvvxri	𪶴
ocuvxtyy	𪶷
ocuvyiwf	𪶺
ocuvciyt	𪶻
ocuvuiqm	𪶿
ocuvqqjb	𪷀
ocuvujwf	𪷁
ocuvuujm	𪷃
ocuvbcyj	𪷅
ocuvdmmk	𪷆
ocuvyuwu	𪷋
ocuverho	𪷌
ocuvgsge	𪷎
ocuvhunj	𪷓
ocuvlqjb	𪷙
ocuvsisi	𪷜
ocuvihlu	𪷝
ocuvccmb	𪷞
ocuvbaui	𪷟
ocuvccyr	𪷠
ocdvxbuv	𪷣
ocuvwfui	𪷤
ocuvklxb	𪷨
ocuvbdlb	𪷩
ocuvfuuv	𪷫
ocuvglji	𪷲
ocuvyupw	𪷳
oclidmhe	𪷹
ocuvcchv	𪷺
ocuvjbqi	𪷼
ocuvuiye	𪷿
ocuvyjyz	𪸂
ocuvyjxi	𪸅
ocuvlutu	𪸇
ocuvmfpi	𪸌
ochoppji	𪸎
ochobcrf	𪸖
ochondmu	𪸨
ochorida	𪸮
ochopphv	𪸰
ochovldm	𪸱
ochoyzvc	𪸲
ochojm	𪸶
ochomuuj	𪸹
oczdyzuu	𪹀
ochobkxb	𪹄
ochozoyt	𪹆
ociuuuho	𪹉
ocdcsiho	𪹌
ochoyruj	𪹎
ochojuho	𪹐
ochoihri	𪹒
ochowhxl	𪹔
ocrixyho	𪹕
ochoujwf	𪹖
ocyjerho	𪹝
ochoirbw	𪹟
ochokzwf	𪹢
ochoiauu	𪹤
ochouauu	𪹤
ocmitmho	𪹦
ocyckyho	𪹩
ockzifho	𪹬
ocxlqrho	𪹱
ochoyuwf	𪹲
ochozovi	𪹴
ocriveho	𪹶
ochoriyi	𪹷
ochoxtmu	𪹻
ochorigs	𪹼
ocyjlbho	𪺂
ochovxji	𪺄
ochobcxb	𪺅
ochovxlh	𪺆
ochohgwf	𪺈
ochotmyi	𪺊
ochegvho	𪺋
ochodhtu	𪺌
ocvxmuwf	𪺒
ocvxbcjn	𪺔
ocvxycyc	𪺕
ocvxbcdk	𪺖
ocvxwfyz	𪺙
ocvxyuyu	𪺚
ocpjirtm	𪺟
ocpjcsxb	𪺠
ocpjbatm	𪺡
ocwfbcnq	𪺮
ocnqsarj	𪺲
ochebcnq	𪺳
ocnqccmu	𪺴
ocqrihgv	𪺾
ocqrcsge	𪻀
ocqruike	𪻇
ocqrwfvv	𪻉
ocqrtmuv	𪻌
ocwhrfkv	𪻖
ocwhdatu	𪻗
ocwhvebu	𪻟
ocwhbcgf	𪻭
ocwhhowh	𪻮
ocwhyywf	𪻰
ocwhwhvf	𪻴
ocwhbdmu	𪻼
ocwhliwf	𪼂
ocwhuivi	𪼅
ocqrwhwh	𪼈
ochewhwh	𪼉
ocwhxtdj	𪼍
ocwhqlsi	𪼎
ocwhrfpg	𪼔
ocwhbcyu	𪼖
ocwhccgf	𪼘
ocwhheyu	𪼜
ocwhybge	𪼞
ocwhsixk	𪼢
ocwhbcyi	𪼨
ocwhdabd	𪼩
ocwhdaer	𪼫
ocwhbbbw	𪼱
ocdagsgx	𪼵
ockzccwa	𪼺
ocrfcswa	𪼽
ocguerwa	𪼾
ocyzhgyi	𪽉
octmernq	𪽑
octmdavs	𪽓
occsgetm	𪽚
ocuigstm	𪽛
oclidmtm	𪽞
ocbderyz	𪽠
ocbcdmtm	𪽣
oclwqp	𪽤
ocbddzpi	𪽧
ocbkgsdc	𪽯
ocbkbkda	𪽲
ocbkuibw	𪽴
ocbkjxxb	𪽷
ocbkeryu	𪽹
ocbkfwia	𪽺
ocuuyzmb	𪾋
ocxizimb	𪾎
ocvjklmb	𪾏
ocuvdsmb	𪾒
ocytjrmb	𪾕
ocjbbimb	𪾘
ocxbjqmb	𪾙
ocmivzmb	𪾚
ocmwhomb	𪾛
ocsiwfmb	𪾜
ocpjklwf	𪾝
ocyullmb	𪾞
ocmubchg	𪾣
ocmukzkv	𪾨
ocmuvxrf	𪾮
ocmugker	𪾶
oclidmkj	𪿁
ocmuvudm	𪿄
ocuiuuln	𪿒
ocuigshg	𪿓
ocuigser	𪿔
ocuixtyi	𪿜
ocuidabc	𪿤
ocuibdxn	𪿧
ocuidadm	𪿬
ocuirfvf	𪿰
ocuifuie	𪿵
ocuibcmw	𪿷
ocuilnyu	𪿹
ocuivuxb	𪿺
ocuiifli	𪿻
ocuivxgj	𪿿
ochgsiui	𫀀
ocuiruui	𫀂
ocppyedm	𫀍
ocppuimu	𫀔
ocppjqqn	𫀕
ocppihxs	𫀖
ocppyywf	𫀙
ocpplnkl	𫀛
ocriklui	𫀝
ocppziyz	𫀡
ocppheqn	𫀫
ochedcnq	𫀭
ocihybhe	𫀳
ocheritu	𫀴
ochebcgd	𫀵
ochebche	𫀺
ochebduc	𫀾
ochevstm	𫁁
ochevxxt	𫁃
ocheiimb	𫁆
ochebdvf	𫁇
ochevxkl	𫁉
ocxtrfhe	𫁏
ocxtrfer	𫁓
ocxtycnv	𫁙
ocxtjndz	𫁚
octuuidc	𫁜
ocxtbmkz	𫁝
oclidcli	𫁤
ocliriyu	𫁩
oclilili	𫁪
oclirfyh	𫁬
ocvhjlkl	𫁯
ocvubkrf	𫁴
ocvuiiba	𫁽
ocvurida	𫂁
ocvuieyi	𫂄
ocvugfer	𫂉
ocvumuvg	𫂊
ocvuqqmc	𫂌
ocvukzzc	𫂍
ocvumiwj	𫂏
ocvudadm	𫂑
ocvutmwu	𫂔
ocvumuyz	𫂘
ocvuhvui	𫂛
ocvuccpu	𫂜
ocvufuxi	𫂝
ocvuiybw	𫂢
ocvuhgmd	𫂥
ocvuuizs	𫂦
ocvuuuuu	𫂧
ocvuerzy	𫂫
ocvuytjr	𫂭
ocvuwhis	𫂯
ocvuuiyj	𫂰
ocppmiuu	𫂱
ocmidcui	𫂷
ocmigsxb	𫃄
ocmiwfhv	𫃅
ocmikzer	𫃇
ocmijqqn	𫃈
ocmicclc	𫃊
ocmiccuf	𫃒
ocmiwwjn	𫃗
oclimivd	𫃙
ocsiqpyz	𫃦
ocsibadm	𫃨
ocsiuidm	𫃪
ocsiuicc	𫃫
ocsivxtm	𫃭
ocsiyuyt	𫃯
ocsixtuv	𫃱
ocsiisuc	𫃳
ocsiuzto	𫃸
ocsipmpj	𫃺
ocsiccfu	𫃾
ocsivxqq	𫃿
ocsibcxk	𫄀
ocsiwfui	𫄊
ocsizuto	𫄌
ocsiuito	𫄑
ocsilbwf	𫄒
ocsiijjm	𫄔
ocsitmzi	𫄕
ocsiihmb	𫄖
ocsivutg	𫄘
ocsirfye	𫄟
ocsitmwf	𫄯
ocsicvjs	𫄹
ocyuhofz	𫄽
ocbcbazc	𫅃
ocsigsba	𫅈
ocsikzhv	𫅊
ocsixksi	𫅌
ocyhihui	𫅕
ocyulidm	𫅮
ocziyhyu	𫅱
ocyuvudm	𫅲
ocerdagd	𫆄
ochuwfer	𫆈
ocernmkl	𫆊
ocerrfri	𫆑
ocerxthu	𫆒
ocbiuiyu	𫆔
ocyttudm	𫆖
ocytirgs	𫆞
ocytthli	𫆟
ocytirvi	𫆩
ocyttmwf	𫆪
ocuvifyt	𫆬
ocythgwf	𫆯
ocytccbo	𫆲
ocytwfgs	𫆷
ocytcctd	𫆹
ocytccph	𫆼
ocytfuyj	𫆾
ocvstuxi	𫇁
ocifrfhu	𫇉
ocizxttm	𫇍
ocldqrjq	𫇒
oclbbcjq	𫇓
ocgjkzji	𫇔
ocgjkzjm	𫇗
ocuecche	𫇙
ocvzcclj	𫇡
ocvzyhnd	𫇣
occcrfve	𫇧
occcbcia	𫇬
occcrfuh	𫇳
occcbirf	𫇹
occcuvfj	𫇼
occcxntu	𫇾
occckljk	𫈁
occcklhe	𫈂
occcbdbi	𫈇
occcuvfh	𫈊
occcbcfu	𫈌
occcjqds	𫈍
occcriyy	𫈔
occckzee	𫈕
occcbcis	𫈖
occchekz	𫈗
occcrfwh	𫈘
occcrfyu	𫈙
occcxbxb	𫈝
occcuvxr	𫈞
ocviccbk	𫈡
occcieee	𫈣
occchgli	𫈤
occcrfwu	𫈦
occcridm	𫈧
occclier	𫈩
occcuiqm	𫈫
occcbcdm	𫈬
occcqldm	𫈯
occcsitu	𫈲
occcxnxn	𫈳
occcdgkd	𫈴
occchgyz	𫈶
occcdadm	𫈸
occcdaie	𫈹
occckxgx	𫈻
occcsiwu	𫈼
occcklii	𫈽
occcrfzz	𫈾
occcdvyz	𫈿
occcbcgo	𫉂
occcuvli	𫉃
occcliyt	𫉆
occcsiba	𫉇
occcuujb	𫉈
occcwhli	𫉋
occckxbc	𫉌
occcgeyi	𫉏
occcsifh	𫉐
occcmfgj	𫉑
ocqmjbds	𫉓
occcuvyu	𫉗
occcuvmi	𫉙
occcyjhu	𫉚
occcerww	𫉛
occcwhbi	𫉝
occcpbyu	𫉞
occcjrer	𫉠
occcytzu	𫉡
occcjuwf	𫉦
occczoho	𫉧
ocwjjqyz	𫉨
occcsiwf	𫉪
occcjrmu	𫉫
occcqrvi	𫉬
occcbklb	𫉭
occchkyz	𫉯
occcuvxi	𫉰
occcjuis	𫉴
occcquyi	𫉵
occcyzmb	𫉶
occcxibw	𫉹
occcvvuu	𫉽
occcglbu	𫉾
occcwfui	𫉿
occcbcqp	𫊀
occcyjyj	𫊂
occcsitm	𫊄
occcyulw	𫊅
occcuivi	𫊆
occclwgo	𫊇
occcuvvi	𫊉
occcuvji	𫊋
ocgstmho	𫊌
occcrfxk	𫊏
occcuifj	𫊑
occcheuu	𫊕
occcsimb	𫊗
occcccxi	𫊘
occcjbvr	𫊙
occczuvg	𫊛
occctmqp	𫊜
ochuqier	𫊢
ocyzbais	𫊫
ocsidais	𫊲
ocisgscc	𫊿
ochgkzis	𫋊
ocyzisis	𫋒
ociscche	𫋓
ociswfui	𫋔
ocisqmcy	𫋚
ocisvxcy	𫋜
ocisheyu	𫋞
ocisifmb	𫋟
ocisqudz	𫋠
ocglhgis	𫋡
ocisuivi	𫋢
ocisqiis	𫋣
ocisykyt	𫋥
ocisjmyj	𫋩
ocxkklda	𫋭
ocppyzuu	𫋷
ocppdakv	𫋾
ocppppzz	𫌃
ocppuudz	𫌋
ochebdyi	𫌍
ocppqudz	𫌓
ocppjyyh	𫌔
ocppfuie	𫌖
ocppyequ	𫌘
ocfufujm	𫌡
ocuguujm	𫌤
ocnvjmjm	𫌥
ocxmxmjm	𫌦
ocyjyzer	𫌹
ocyjklir	𫍁
ocyjrfxb	𫍆
ocyjybjq	𫍈
ocyjglvv	𫍑
ocyjijjm	𫍓
ocyjdzge	𫍔
ocyjhgba	𫍝
ocyjrfye	𫍟
ocyjhuqp	𫍹
ocyjxbwf	𫍺
ocyjsiyi	𫍽
ocdzbcuu	𫎄
ocyebcui	𫎇
ocuivxda	𫎈
ocvizobc	𫎍
ocuubwuu	𫎎
ocbwbchg	𫎓
ocuiuibw	𫎛
ocwwwfbw	𫎜
ochuifbw	𫎠
ocifgubw	𫎡
ochgsibw	𫎣
ocriyebw	𫎥
ocbwbcmu	𫎩
ociivegs	𫎭
oczzxisi	𫎾
oczuhgqm	𫏁
oczuirdd	𫏎
oczuuvmb	𫏘
oczuuzto	𫏙
oczumwli	𫏟
oczuxtui	𫏢
oczugluo	𫏤
oczuirer	𫏦
ocufjiwf	𫏭
ocufbduu	𫏯
ocievitu	𫏷
ocieuzuz	𫏹
ocfufujy	𫏼
oclidmie	𫏽
ocietmge	𫏾
ociewuie	𫏿
ocieuuie	𫐁
ocbclzie	𫐂
ocvxycyz	𫐃
ocsidaie	𫐊
ocieyuvf	𫐖
ocieyefu	𫐗
ocielw	𫐙
ocxbmuyi	𫐚
ocxbsixb	𫐜
ocvigldk	𫐤
ocvituxi	𫐫
ocviccrf	𫐬
ocujzzyh	𫐳
ocvimmsi	𫐶
ocvibcif	𫐸
ocvimiuc	𫐽
ocviuuer	𫑀
ocvifznv	𫑂
ocviglmu	𫑃
ocviyuwh	𫑄
ocvivibm	𫑆
ocvifhts	𫑉
ocgobk	𫑌
ocvvtmge	𫑓
ocvitskz	𫑕
ocvibdgs	𫑖
ocklpper	𫑗
ocklpper	𫑙
ocgdhger	𫑚
ocvxdaer	𫑞
ocjmer	𫑠
ockzyzer	𫑣
ocxiccer	𫑬
oclituer	𫑮
ocjtyher	𫑲
ocyzrfpb	𫑻
ocyzwfui	𫑾
ocppbmve	𫒀
ocmiyzli	𫒄
ocjbrfkv	𫒑
ocjbtutu	𫒕
ocjbwfve	𫒜
ocjbrfpi	𫒡
ocdmyajb	𫒣
ocjbwfzi	𫒤
ocjbbchs	𫒮
ocjbsier	𫒯
ocjblcnq	𫒰
ocjbriui	𫒱
ocjbdvsi	𫒵
ocjblnkl	𫒶
ocjbjier	𫒸
ocjbtmbc	𫒹
ocdvwfjb	𫒺
ocjbwfnq	𫒻
ocjbhoia	𫒽
ocjbhecc	𫓂
ocjbbcba	𫓃
ocjbqmcy	𫓄
ocjbuixb	𫓅
ocjbcici	𫓇
ocyuwhuj	𫓈
ocjbviyz	𫓊
ocjbvivi	𫓋
ocjbqudz	𫓐
ocwfbcjb	𫓓
ocjbwfmb	𫓕
ocvupijb	𫓖
ocjbhuxk	𫓗
ocjbdabd	𫓛
ocjbwfyh	𫓜
ocjbwhjb	𫓝
ocjblbhv	𫓞
ocjbxkwf	𫓡
ocjbriho	𫓣
ocjbvujq	𫓤
ocjbrfpi	𫓷
ocjbmpwf	𫓸
ocjbxbbi	𫔇
ocjbmcjs	𫔎
ocjbcvjs	𫔔
ocmfwfuu	𫔤
ocwumfkd	𫔦
ocmfcscs	𫔧
ocmfuida	𫔫
ocmfwfuu	𫔳
ochozimu	𫔶
ocmfkdji	𫔷
ocuuermf	𫔸
oceryuzi	𫕃
ocerqier	𫕅
ocerhgcc	𫕆
oceryitu	𫕇
ocervxyz	𫕊
ocervxrj	𫕋
ocerheer	𫕏
ocervokz	𫕓
ocerccjs	𫕕
ocfhrfsi	𫕗
ocergsjl	𫕘
ocbiheli	𫕙
ocyuuvvo	𫕭
ocyugeer	𫕮
ocyuytfg	𫕰
ocyugenn	𫕳
ocyhnnfw	𫕿
ocgegsys	𫖉
ochvyiww	𫖐
ocwwgsys	𫖔
ocmunvye	𫖟
ocujviye	𫖠
ocuijiye	𫖡
ocriuiye	𫖢
ocridzye	𫖥
ocuiisye	𫖨
ocirveye	𫖩
ocjiermo	𫖼
ocjierbi	𫖽
ocyujier	𫖾
ocjiermw	𫖿
ocjierhd	𫗀
ocjiertv	𫗁
ocjiertv	𫗂
ocjieryu	𫗃
ocjieryu	𫗄
ocuibcuu	𫗑
ocuixida	𫗔
ocuirfmb	𫗘
ocuidanv	𫗤
ocuierda	𫗬
ocuiwfdj	𫗴
ocuzmuwj	𫗹
ocmakzkz	𫘍
ocmatmwf	𫘓
ocmafuis	𫘔
ocmarfye	𫘞
ocmabcfz	𫘦
ocmacvjs	𫘱
ocihujve	𫙀
ocbnwfbc	𫙃
ocfugsge	𫙆
ocvygsge	𫙇
ocyuklyz	𫙑
ocyurfui	𫙓
ocyuyzyz	𫙞
ocyuuzty	𫙡
ocyuwfmu	𫙢
ocyudcda	𫙪
ocyudabc	𫙫
ocyudadm	𫙭
ocyubiie	𫙰
ocyuglcs	𫙴
ocyubiis	𫙵
ocyumfkd	𫙸
ocyucijn	𫙾
ocyudcyz	𫙿
ocycbayu	𫚃
ocyuirvc	𫚅
ocyuve	𫚚
ocyuerve	𫚚
ochebcyu	𫚞
ocnqkhyu	𫚟
ocyuklnv	𫚢
ocyumcjs	𫚪
ocyuirve	𫚭
ocihjinn	𫚯
ocxiernn	𫚹
ocujrfnn	𫚽
ocriuinn	𫛂
ocujyunn	𫛃
ocxbhgnn	𫛅
ocyuytnn	𫛆
ociyuinn	𫛍
ocbcvvnn	𫛏
ocuzgznn	𫛒
ocqrngnn	𫛖
ocbdbdnn	𫛘
ocxtyunn	𫛙
ocuhxnnn	𫛧
ocuulinn	𫛶
ocjbqpnn	𫛾
ocnnsiyi	𫜅
ocluuhri	𫜎
ocuiuumd	𫜕
ocxiyevi	𫜜
ockzkzmm	𫜝
ociiujji	𫜥
ociibcdk	𫜧
ocfgdcii	𫜩
ocnmjbls	𫜱
ocuuvehg	𫝀
ochgppuu	𫝂
ochgbajb	𫝃
ocwfsirf	𫝅
ocrferpp	𫝆
ocrfhgvs	𫝇
ocrfhgjy	𫝉
ocrfhgcy	𫝊
ocrfuudz	𫝋
ocuumuba	𫝌
ocklqmvi	𫝍
ocqmridc	𫝐
ocuiliba	𫝓
octubayr	𫝔
ocihklyi	𫝕
ocdcihba	𫝖
ocihbdzi	𫝗
ockzieyy	𫝚
ocklihgj	𫝝
octuwfli	𫝟
octuxiqp	𫝠
ocxiuidm	𫝢
ocxierbu	𫝣
ocyubczi	𫝯
ocbcgvri	𫝰
ocmisidk	𫝱
ocuijqdm	𫝲
ocglrftu	𫝶
ocgltjtu	𫝷
ocijpprf	𫝸
ocrferxb	𫝹
ocuzdger	𫝼
ocribakz	𫞃
ochgcsri	𫞄
ocytkzui	𫞆
ocytxkys	𫞇
ocmurfhg	𫞈
ocmuqikl	𫞉
ocmuihfh	𫞊
ocmurfzz	𫞋
ocmudvuu	𫞌
ocmuxiqp	𫞍
ocmuyzjs	𫞎
ocmuuijs	𫞏
ocmugsvv	𫞐
ocmuuvmm	𫞑
ocmuihri	𫞒
ocviuiia	𫞓
ocddgeye	𫞔
ocuvgruu	𫞘
ocuvgscc	𫞙
ocuvyejb	𫞜
ocuvccvv	𫞞
ocdmppho	𫞟
ocxkbcnq	𫞢
ocqrtuna	𫞤
ocwhccll	𫞩
occcsjve	𫞪
ocnddmmb	𫞯
ocndiamb	𫞰
octutdmb	𫞱
ocbimuda	𫞲
ocxinaui	𫞴
ocppbcqp	𫞵
ocxtvehg	𫞹
ocxtcdgo	𫞺
ocvujkyi	𫞽
ocvutmbi	𫞾
ocvurfmu	𫞿
ocsikluu	𫟁
ocyhrfba	𫟈
ocyujqba	𫟋
occcxibi	𫟍
occcxtir	𫟎
occcppdm	𫟏
occcbcfh	𫟐
occcnmmu	𫟒
occcrfkz	𫟓
occcniqm	𫟔
occcwuif	𫟖
ocxkwudn	𫟘
ocxkwujb	𫟙
ocxijxhg	𫟛
occcvvjm	𫟜
ocyjwfyi	𫟝
ocvituyi	𫟨
ocvijrji	𫟩
ocvibdkz	𫟪
ocjbuicy	𫟱
ocjbwfug	𫟾
ocjbihxi	𫠀
ocjbcche	𫠁
ocxibinn	𫠔
ocglvvnn	𫠕
oclurfrf	𫠗
ocxkysyz	𫠘
ocviklju	𫠚
ocihgvri	𫠝
ocqiveba	𫠣
ochguuge	𫠦
ochgycyc	𫠩
ochgzier	𫠵
ochgklbw	𫠾
ocbkqier	𫡀
ocuuhguu	𫡃
ocxtuuxt	𫡆
ocuuxkuu	𫡈
ocxkwfuu	𫡊
ocerjkji	𫡋
ocdvlive	𫡞
ocjqjqjq	𫡤
ocyeyeye	𫡩
ocjquiqm	𫡰
ochgmuhg	𫡴
ochgvvhg	𫡹
ocwfuikl	𫡺
ocwhxbyt	𫡾
ocwfhvmi	𫡿
ocwfhvis	𫢀
ocwfkzjk	𫢁
ocjkthvi	𫢂
ocmhigfj	𫢃
ocmhfufj	𫢄
ocrfuuuu	𫢇
ocrfgshg	𫢏
ocrfrfdc	𫢕
ocgehgyi	𫢚
ocrfrfpu	𫢛
ocrfccui	𫢠
ocrfuccc	𫢡
ocrfvitu	𫢢
ocrfpper	𫢤
ocrfvxda	𫢥
ocrfccww	𫢭
ocrfsicc	𫢱
ocrfpper	𫢳
ocrfcszz	𫢴
ocrfyuyt	𫢻
ocrfhgwf	𫢽
ocrfwjyz	𫢿
ocrfkzzc	𫣁
ocrfdayj	𫣄
ocrfbdyz	𫣋
ocrfqlsi	𫣌
ocrfxsyt	𫣍
ocrfbcba	𫣎
ocrflidm	𫣏
ocrfgvri	𫣒
ocrfirtm	𫣔
ocrfbcfu	𫣕
ochefgfg	𫣘
ocrfuixb	𫣜
ocrfuide	𫣣
ocrfxlui	𫣬
ocddtmgs	𫣭
ocyuceyz	𫣮
ocrfuibw	𫣲
ocrflbif	𫣳
ochemfkd	𫣽
ocmdrfxn	𫣿
ocrfujbw	𫤀
ocrfuusy	𫤅
ocrfkzyz	𫤆
ocfurffu	𫤊
ocrfyjgj	𫤌
ocrfujyj	𫤖
ocvekler	𫤗
ocppsier	𫤘
ocyzqnxs	𫤝
ocglrivv	𫤥
ochgxser	𫤧
ocglrihx	𫤨
ocnwujxi	𫤩
ocerbkbk	𫤬
ocppiaba	𫤭
ocbauujq	𫤮
ocyuhgba	𫤰
ocbakzhv	𫤲
ocbarfmo	𫤳
ocpjziba	𫤵
ocybmbba	𫤶
ocbchgjm	𫤸
ocbcsiyi	𫤻
ocbcvhgs	𫤽
ocbkbk	𫥇
ocmmdmdm	𫥎
ocbkuuda	𫥒
ocbkuiqm	𫥗
ocbkqmcy	𫥙
ocjihgjb	𫥞
ocjihgnv	𫥟
ocppjiii	𫥠
ocbdbiji	𫥡
ocbdtuji	𫥢
ocjmppji	𫥣
ocwfxsjb	𫥥
ocveyzxs	𫥦
ociusicc	𫥧
ocsidaiu	𫥨
ocwfxswu	𫥩
ocncuuba	𫥪
ocnctsba	𫥮
ociihxww	𫥯
ocuudadc	𫥹
ocxnbwdc	𫦁
ociedmdc	𫦂
ocffuvgd	𫦇
ochgdadc	𫦍
ocxtdmdc	𫦐
occcfzdc	𫦕
ocyefudc	𫦖
ocdododc	𫦗
ocdcxidc	𫦘
occcfudc	𫦚
ocvjlvdc	𫦛
oclbhvdc	𫦜
ocvutmdc	𫦝
occsjqdc	𫦟
occcqidc	𫦠
ocjkrfdc	𫦡
ocbimmdc	𫦣
oclitmui	𫦫
ocriytli	𫦱
ockzmuli	𫦲
ochecili	𫦷
ocjxjxjx	𫦹
ocsijxli	𫦺
ocdsdsds	𫦿
ocbcmwsi	𫧅
ocbcggsi	𫧆
ocdcbibi	𫧉
ocycxibi	𫧊
ocklveda	𫧌
ocdmklvl	𫧔
ocklhekz	𫧗
ocklsiyc	𫧘
ocklnnyu	𫧙
ocklhdfu	𫧚
ocklerda	𫧛
ocklvhgs	𫧝
ocycycui	𫧠
ocqmqmqm	𫧢
ochvbfyy	𫧨
ocsojikz	𫧫
ocvjmiij	𫧷
ochgvier	𫧽
ocvxsiji	𫨀
ocwhiser	𫨁
ocihhoyz	𫨈
ocihrijb	𫨉
ocihtmjb	𫨍
ocihtdho	𫨐
ocihguyz	𫨒
ocihlvba	𫨓
ocihqmer	𫨔
ocihycdc	𫨖
ocihmari	𫨗
ocihkzcc	𫨘
ocihyzru	𫨙
ocihaijb	𫨝
ocihvivi	𫨞
ocihziri	𫨟
ocihhuvv	𫨡
ocihytsj	𫨢
ocihwfuu	𫨣
ocihlbjb	𫨤
ocsinvhg	𫨧
octdbibi	𫨩
ocsinvsi	𫨪
ocyeyequ	𫨱
ockleruu	𫨻
ocklgeyz	𫨼
ocihgvyz	𫨾
ochujbyz	𫩁
ocwfriyz	𫩂
ocjqbiyz	𫩃
ociejqyz	𫩄
ocvvziyz	𫩇
ocuixbyz	𫩈
ocybiryz	𫩊
occcbiba	𫩋
ocyiyiyz	𫩌
ochgppkz	𫩑
ockzppji	𫩓
octdvehg	𫩞
ockzklve	𫩦
ocfgdckz	𫩬
ockzrfdz	𫩰
ockzndmu	𫩴
ockzwfxs	𫩷
oclilikz	𫩻
ockzdaru	𫩿
ockzyzqn	𫪆
ockzujwh	𫪇
ockzuvwu	𫪏
ockzzibw	𫪑
ockzdakv	𫪖
ocfgfgkz	𫪙
ockzccjb	𫪜
ockzjxkz	𫪞
ockziakz	𫪟
ockzbcui	𫪠
ockzklcc	𫪡
ockzrfan	𫪢
ocwfhvkz	𫪮
ockzyuyt	𫪯
ockzzoyt	𫪳
ockzuzmi	𫪷
ockzujis	𫪻
ockzqldm	𫪾
ockzuvbj	𫪿
ockzlikz	𫫀
ockzmavs	𫫆
ockzfzqm	𫫉
ockzxtmu	𫫍
ochoiakz	𫫎
ockzuzgx	𫫔
ockzmuvi	𫫕
ockzbujm	𫫗
ockzuiqm	𫫙
ockzcchj	𫫚
ockzccyz	𫫛
ockzvubd	𫫝
ockzqiwf	𫫤
ocuiifkz	𫫪
ockzbdwf	𫫫
ockzmfkd	𫫭
ockzxiis	𫫱
ockzxtxn	𫫳
ockzuzlq	𫫶
ockzsiyj	𫫼
ocuuguug	𫫽
ocyudakz	𫬁
ockzlqyi	𫬄
ocglhgkz	𫬅
ockzmayc	𫬇
ockzuzic	𫬈
ockzccdc	𫬉
ockzkzuu	𫬋
ockzbcbi	𫬌
ocvecckz	𫬔
ockzisxx	𫬗
ockzsing	𫬘
ocyrlqyi	𫬙
ockzrfuz	𫬦
ockzykfz	𫬨
ochujbkz	𫬫
ockerfui	𫬯
ockzbcxl	𫬰
ockzhukz	𫬲
ocheaihe	𫬳
oclbbckz	𫬴
ockzuzve	𫬶
oclvyzlv	𫬽
ockzjbig	𫬾
ocsiklbi	𫭄
ockluzsi	𫭅
ocklvivi	𫭋
ocklbajs	𫭒
ocklvivz	𫭓
ociaiatu	𫭣
ocuuhgli	𫭬
octuerhg	𫭱
octuuidm	𫭺
oczobibi	𫭿
octuuics	𫮇
octulikz	𫮍
octuwfxn	𫮎
octuriig	𫮕
octuvvdc	𫮘
octurfpg	𫮙
ocluwjtu	𫮛
ocldqrtu	𫮜
octuccfu	𫮝
occcvjtu	𫮤
ocrjjqtu	𫮩
octujrsi	𫮫
octutuhv	𫮰
ocyiyitu	𫮳
octuuiir	𫮵
octutuhv	𫮶
octuccln	𫮹
ocbcgutu	𫮺
octuccjq	𫮾
octuujgj	𫮿
ocuibckz	𫯁
ocuibczi	𫯂
ocuibczz	𫯃
ocfhuiui	𫯄
octsbaug	𫯆
ocugzzxk	𫯇
ochuhvbf	𫯉
ocwfyewf	𫯌
ocqidoxi	𫯘
ocdaqmuu	𫯟
ocdaiyfu	𫯪
ocdaqnbc	𫯯
ocuumida	𫯱
ocdasikl	𫯴
ocnidayt	𫯷
octmxtxb	𫯸
ocddlbda	𫯹
ocererda	𫯺
ocdasisi	𫯼
ocfumfkd	𫯿
ocieycda	𫰀
ocuuyznv	𫰐
ocnvjqui	𫰓
ochgklnv	𫰗
ocnvyzkz	𫰚
ocnvvegs	𫰛
ocnvdada	𫰜
ocwfyznv	𫰥
ocnvklmu	𫰩
ocnvccui	𫰮
ocrfkznv	𫰱
octdvenv	𫰶
ocnvcszz	𫰽
ocnvmiuu	𫰿
ocnvbcfz	𫱀
ocifjinv	𫱃
ocnvyzyt	𫱄
ocnvbibw	𫱇
ocnvccba	𫱈
ocnvqldm	𫱎
oclbbcnv	𫱒
ocnvvxsi	𫱘
ocnvmwkz	𫱙
ocnvmfnv	𫱠
ocnvmfxi	𫱢
ocbduunv	𫱥
ocnvdcqn	𫱦
ocnvdvuc	𫱧
ocnvbdbd	𫱯
ocnvyebi	𫱱
ocyzxsnv	𫱲
ocmujqnv	𫱴
ocmcxnnv	𫱶
ociikenv	𫱿
ocyttunv	𫲀
ocnvuigo	𫲁
ocnvjrbw	𫲂
ocnvwfui	𫲃
ocnvxtsi	𫲄
ocnvujwf	𫲈
ochuyunv	𫲌
ocnvvzrz	𫲑
ocnvwfuu	𫲒
ocwhsinv	𫲓
ocujxbnv	𫲕
ocujxbnv	𫲖
ocnvyukz	𫲚
ocuimulz	𫲜
ocnvjkqp	𫲞
ocnvlscc	𫲟
ocnvihgj	𫲠
ocycdczi	𫲣
ocvvyzzi	𫲫
oczibcfu	𫲮
ocwfjqzi	𫲯
ocdvxbzi	𫲲
oczicclj	𫲴
ocbciakz	𫲾
ocbcdauj	𫳁
ocbchgyz	𫳂
ocbcbcsi	𫳄
ocbcgsgs	𫳆
ocbckzhg	𫳇
ocbctuyb	𫳈
ocbcgeda	𫳉
ocbcvitu	𫳊
ocbcxkmu	𫳍
ocbcuvqm	𫳎
ocbcccji	𫳏
ocbcwfhv	𫳖
ocbcirtm	𫳗
ocbcnvyu	𫳙
ocbcerkz	𫳛
ocbcuiwu	𫳠
ocbcmikz	𫳢
ocbchgmu	𫳤
ocbckzvg	𫳥
ocbcyter	𫳦
ocbcerer	𫳨
ocbcrfgc	𫳩
ocbcuigu	𫳫
ocbclidm	𫳭
ocbcnvyz	𫳮
ocbccdwf	𫳴
ocbcbiuu	𫳷
ocbcuexs	𫳸
ocbcpjyz	𫳼
ocbcwhwh	𫳽
ocbcfgho	𫳿
ocbciemc	𫴀
ocbcyzyr	𫴁
ocbcwhfu	𫴂
ocbctuwf	𫴄
ocbcwhfu	𫴅
ocbcyuuu	𫴈
ocbcvxye	𫴉
ocbcrfho	𫴊
ocbcdmxx	𫴋
ocbcigjm	𫴏
ocbcccgv	𫴒
ochdhokz	𫴓
ocbcjqxb	𫴔
ocbcbibm	𫴕
ocbcuitu	𫴖
ocbclbho	𫴘
ochdjufu	𫴙
ocbcpjis	𫴛
ocbcdzuj	𫴜
ocbcbwnk	𫴝
ocbcernd	𫴟
ocbcuiuj	𫴠
ocbcbwhg	𫴡
ocbcbwyz	𫴢
ocbcmbyz	𫴣
ocbcyuhv	𫴤
ocbcyjsi	𫴥
ocbcbwfu	𫴦
ocbcyztu	𫴧
ocbcjmxi	𫴨
ocbcfubw	𫴩
ocbcyjyj	𫴪
ocbcfubw	𫴫
ocwfcyge	𫴬
occctucy	𫴰
ocglcysi	𫴶
ocxnxbiu	𫵀
octhkzuh	𫵂
ocbaervo	𫵑
ocbaergv	𫵒
ocuiervi	𫵙
ocuiqmqm	𫵚
ocuijqyz	𫵜
ocuisixb	𫵝
ocuiuvnq	𫵠
ocuiirtm	𫵤
ocuirfgj	𫵩
ocuiytyu	𫵬
occcccer	𫵮
occcyzxb	𫵯
occckzgl	𫵰
ocujvegs	𫵸
ocujjiri	𫵽
ocujrixb	𫶃
ocuubcuj	𫶋
ocujwhbw	𫶑
ocujuily	𫶗
ocujjili	𫶚
ocujjpdc	𫶚
ocujrfwf	𫶛
ocujihgj	𫶝
ocviyeuj	𫶞
ocujihpu	𫶟
ocujqkqk	𫶠
ocujuizi	𫶤
ocujcclj	𫶥
ocppuuve	𫶧
ocirrfsi	𫶩
ociryjjk	𫶪
ocuguugs	𫶲
ochvyrww	𫶺
occchgjb	𫷄
ocgjjqyz	𫷕
ocbkyzqn	𫷘
ocpkqier	𫷙
ocgjyeba	𫷛
ocquycyc	𫷠
ocychger	𫷡
ochgziyc	𫷢
ocycgenv	𫷣
ocglgjwf	𫷫
ocggdmdm	𫷯
ocglucho	𫷲
ocglkzkc	𫷶
ocglhuhu	𫷽
ocglvvwj	𫷿
ocglxtjb	𫸀
ocglsiyi	𫸁
ocglvzgc	𫸂
ocglccgv	𫸄
ocglheho	𫸅
ocglwfyh	𫸇
ocglzzlb	𫸈
ocviccrf	𫸓
ocviwhye	𫸔
ocxibicc	𫸘
ociedmcc	𫸜
ocbciecc	𫸞
ocgsjqcc	𫸟
ocglhgcc	𫸠
ocwwmicc	𫸡
ochoyicc	𫸢
oczixtcc	𫸣
ocsiklgs	𫸭
ocgskzda	𫸯
ocgsvxdc	𫸰
ocgsvayz	𫸵
ocgsripu	𫸸
ocgsyitu	𫸹
ocgsgssi	𫸺
ocwugsbk	𫸼
ocgsziyz	𫹀
ocgsziyu	𫹂
ocgsyter	𫹃
ocvebcba	𫹆
ochujbxi	𫹇
ochuyccc	𫹈
ocbdbcuj	𫹊
ocrfuuuu	𫹋
ocrfvikz	𫹔
ocrfklyh	𫹖
ocrffhzi	𫹛
ocrfqlsi	𫹝
ocrfiger	𫹟
ocrfqiwf	𫹢
ocrfyebi	𫹤
ocrfwuyu	𫹥
ocrfjiye	𫹧
ocrfjnye	𫹨
ocrfccvv	𫹩
ocwuvexb	𫹲
ocsixbhg	𫹸
ocsivexb	𫹹
ocxbrfyi	𫹽
ocxbyzzi	𫺀
ocxbkzyu	𫺃
ocriqixb	𫺄
ocbadzxb	𫺅
ocbkjbxb	𫺇
ocrinvxb	𫺍
ocxbbdba	𫺏
ocrfyuxb	𫺑
ocuzysxb	𫺖
ocyawfxb	𫺗
ocxbuuba	𫺙
ocvzyzxb	𫺚
ochohoxb	𫺞
ocxbhujb	𫺟
ocxbrfkz	𫺧
ocbkysxb	𫺩
ocifwfxb	𫺮
ocxiuuln	𫺱
ocytdoxb	𫺲
ocxbvxjq	𫺼
ocxbmfer	𫻁
ocxbzotu	𫻃
ocqrqqxb	𫻆
ocjbuixb	𫻇
ocyjlbxb	𫻓
ocsingxb	𫻕
ocxbwfbn	𫻘
ocvhwfxb	𫻙
ocuiqmxb	𫻚
ocxbqkqk	𫻛
ocyukzxb	𫻝
ocxbytlh	𫻠
ocxbyikz	𫻡
ocyicixb	𫻢
ocuigefu	𫻭
ocrfgerf	𫻰
ocgedavs	𫻳
ocvigeyt	𫻴
ocgepjkz	𫻶
ocgeirtm	𫻾
ocmupuge	𫼀
occicige	𫼄
ocyefuge	𫼆
ocxtcyge	𫼈
ochuxbxu	𫼎
ochuziyz	𫼑
ochuuvqu	𫼒
ocuzppji	𫼕
ocuzrfyi	𫼟
ocuzycdc	𫼡
ocuzihvi	𫼢
ocuzbayz	𫼦
ocuzqmjb	𫼩
ocuzwfxs	𫼭
ocuzxnbw	𫼶
ocuzrfjx	𫼸
ocuzdzvi	𫼼
ocuzgeho	𫽃
ocuzjpdm	𫽅
ocuzklhe	𫽆
ocuzvizz	𫽉
ocuzjqyz	𫽍
ocuzvatu	𫽏
ocuuuzri	𫽑
ocuzhuuz	𫽓
ocuzuuli	𫽘
ocuufger	𫽛
ocuzvxtm	𫽠
ocuzirxb	𫽨
ocuzdaui	𫽩
ocuzhgtu	𫽪
ocugdcuz	𫽬
ocuzjicd	𫽱
ocuzxtbc	𫽵
oclbdauz	𫽷
ocuzuiqm	𫽸
ocuzuuuu	𫽻
ocuzucxn	𫽽
ocuzziui	𫽿
ocuzjnbj	𫾅
ocuzbcvo	𫾇
ocuzyujy	𫾉
octuuzmi	𫾌
ocuzlutu	𫾓
ocuzxyli	𫾙
ocuzycuz	𫾜
ocuzbcgx	𫾞
ocuzvuxk	𫾟
ocuzyjho	𫾠
ocuzccho	𫾢
ocbammwf	𫾮
ocglgjwf	𫾯
ocgsuvwf	𫾰
ocuvqmwf	𫾷
ocklnvwf	𫾺
ocppqnwf	𫾾
ocuubwwf	𫿂
ochekzwf	𫿄
ocdcbipu	𫿅
ocpmpjwf	𫿆
ocklhuwf	𫿈
ocklsiwf	𫿉
ocmumupu	𫿊
ocrfhuwf	𫿋
ocwukzpu	𫿎
ocsiyiwf	𫿏
ochuwjwf	𫿑
octuytwf	𫿔
ocfhccer	𫿕
ocjquiwf	𫿘
ocycyzwf	𫿙
ocugsiwf	𫿛
ocgcbwwf	𫿜
ocmihvwf	𫿝
ocpdycwf	𫿟
ocwfyhwf	𫿠
ocluhowf	𫿡
ocirvewf	𫿢
oclbhvwf	𫿣
octdhogj	𫿥
ochujbwf	𫿦
ocwfqrwf	𫿧
ocfhbcdm	𫿨
occebwwf	𫿪
ochuhowf	𫿫
ochuriwf	𫿬
ocwfklcc	𫿯
ocbalvdz	𫿵
ocyuytdz	𫿷
occcjbjb	𫿹
octdhgjb	𫿺
ocmukljb	𫿻
ocdcmujb	𫿼
ocfhrfjq	𬀀
ocfufhrf	𬀁
ocfhrfbi	𬀂
ocfhrfge	𬀃
ocfhrfvx	𬀄
ocfhrfuv	𬀅
ocfhrfgr	𬀆
ocfhrfgu	𬀇
ocfhrfui	𬀈
ocfhfhfh	𬀉
ocwfbcfh	𬀊
ocfhrfzi	𬀋
ocfhrfke	𬀌
ocfhrfyj	𬀍
ocfhrfho	𬀏
ocfhhuwf	𬀐
ocfhrfyh	𬀑
ocfhrfhs	𬀒
ocfhyiho	𬀓
ocfhrfue	𬀔
ocfhsiyb	𬀕
ocfhrfyc	𬀖
ocfhrfhu	𬀘
ocfhhohy	𬀙
ocfhrfdj	𬀚
ocfhvzyj	𬀜
ocfhrftc	𬀝
ocfhrfis	𬀞
ocfhdjrf	𬀟
ocfhhyvz	𬀠
ocfhrfda	𬀡
ocfhmiyc	𬀢
ocfhrfba	𬀣
ocfhyuyu	𬀤
ocriihho	𬀯
ocriwfwu	𬀸
ocriccer	𬀽
ocnijbri	𬁉
ochyqmwh	𬁌
ocriqlsi	𬁍
ocuudvyi	𬁏
ocriytyu	𬁐
ocrifgri	𬁓
ocyeyhih	𬁝
oczifgri	𬁣
occidcri	𬁦
ocriyeba	𬁧
ocfhjbri	𬁩
oczixbri	𬁪
ochujbri	𬁯
ocrfgxyt	𬁾
ocliytge	𬂄
ocihveyt	𬂈
ocytjrbw	𬂉
ocycriyt	𬂋
ocytuuuu	𬂍
ocytbdui	𬂎
ocytciis	𬂐
ocytthui	𬂓
ocytuuui	𬂔
ocxldcyt	𬂖
ocytbdbd	𬂗
occcxbyt	𬂘
oclidmwh	𬂙
ocuououo	𬂚
ocmubcpp	𬂟
ocmuppfj	𬂢
ocmuccee	𬂦
ocmujqer	𬂪
ocmupptm	𬂯
ocmutuji	𬂴
ocmuccia	𬂵
ocmujbmm	𬂷
ocmuuzvi	𬂹
ocmumfkd	𬂻
ocmudcmu	𬂾
ocmueryz	𬃁
ocmukzda	𬃃
ocuurfmu	𬃄
ocmuiamb	𬃇
ocmuycwf	𬃈
ocmubctd	𬃋
ocmullli	𬃌
ocmuwfsi	𬃎
ocyhyhir	𬃑
ocmudcmu	𬃒
ocmupikz	𬃓
oclbbcfj	𬃕
ocuiuimu	𬃖
ocmufzdc	𬃙
ocmubibw	𬃜
ocmumujb	𬃞
ocmuvzcy	𬃢
ocmuvxrj	𬃣
ocmujqqn	𬃤
ocvawfmu	𬃥
ocmupmjm	𬃦
ocmubkmu	𬃩
ocmulikz	𬃪
ocmuwfri	𬃬
ocmubcuu	𬃭
ocmugvxb	𬃰
ocmuccmc	𬃵
ocmuccsi	𬃶
ocmuuujs	𬃺
ocmubwkz	𬃽
ocmuccig	𬃾
ocxilbda	𬄀
ocmubker	𬄂
ocmuuvgs	𬄅
ocmujrmu	𬄆
ocmuyzho	𬄇
ocmuieui	𬄉
ocmuvetu	𬄊
ocmuccjn	𬄌
ocmuxivv	𬄐
ocmurfgv	𬄒
ocmulqyi	𬄓
ocmubcxb	𬄔
ocmubcba	𬄖
ocmuqiri	𬄛
oclbwfhv	𬄜
ocmuccpg	𬄡
ocmuvivi	𬄢
ocmukzmm	𬄥
ocmuzovi	𬄭
ockuxbdj	𬄮
ocmuqiui	𬄯
ocmuccmb	𬄱
ocmupgmb	𬄳
ocmudaiu	𬄴
oclbuiui	𬄷
ocmuuuuu	𬄸
ocmuihmd	𬄹
ocmuccer	𬄻
ocmuzulq	𬄼
ocmudcmd	𬄽
ocyjbcmu	𬄾
ocmuyhqu	𬄿
ocmujiye	𬅁
oclbbiyz	𬅃
ocwwiglb	𬅄
ocmuccww	𬅅
ocmuyequ	𬅆
ocmuvsbw	𬅇
ocmudmer	𬅈
ocmucclj	𬅉
ocxlklmu	𬅌
ocfzdauz	𬅍
ocmuzgwa	𬅎
ocnvbccy	𬅏
ocmuqumb	𬅒
ocfzbcji	𬅔
ocxisicy	𬅕
ocycsiji	𬅖
ocgomumw	𬅗
ocnvsicy	𬅘
ocycsilh	𬅙
ocyjsicy	𬅜
ocjqkzqm	𬅠
occckzqm	𬅨
ocyhkzqm	𬅬
ocuiuiqm	𬅭
ocriyaqm	𬅮
ocriuuqm	𬅯
ockzdzqm	𬅰
octummqm	𬅲
ocycuiqm	𬅴
oclidvqm	𬅵
ochgjbvi	𬅹
ochgrivi	𬅺
ocbklnvi	𬅽
ocvivihg	𬆀
ocvituxs	𬆁
ocviviyc	𬆇
ocuuvita	𬆊
ocviwuwu	𬆋
ocuguuqi	𬆍
ocvizuvi	𬆏
ocklvivi	𬆐
ocddndmu	𬆔
ocddsicc	𬆕
ocddirxb	𬆛
ocpperuu	𬆣
ociekzuu	𬆦
oclippuu	𬆫
ocuiuiuu	𬆭
ocuinnuu	𬆮
ocuidouu	𬆯
ociaveuu	𬆰
ocmcdzuu	𬆱
ocwfuiuu	𬆲
ocfghwuu	𬆴
ocldkzyb	𬆵
ocmuwfui	𬆸
ocbkhgbi	𬆹
ocdcbibi	𬆺
ocwfuubi	𬆻
ocmcklia	𬇈
ocuikzkz	𬇎
ocuvhudm	𬇛
ocuvdadm	𬇜
ocuvhguu	𬇝
ocuvbk	𬇟
ocuvkzir	𬇡
ocuvqmjb	𬇣
ocuvuvkz	𬇱
ocuvrfmu	𬇲
ocuvuijb	𬇳
ocuvvgyu	𬇵
ocuvjibd	𬇺
ocbdziuv	𬇻
ocuvqmbu	𬇿
ocuvwfyt	𬈀
ocuvyzfg	𬈃
ocgsvfuv	𬈄
ocuvuuli	𬈆
ocuvbkmu	𬈇
ocuvjkvg	𬈈
ocuvjike	𬈊
ocheji	𬈊
ocuvriju	𬈌
ocuvjqqn	𬈍
ocuvbcmu	𬈐
ocuvbcba	𬈑
ocuvbcbi	𬈒
ocuvuvtm	𬈔
ocuvycer	𬈖
ocuvuzto	𬈗
ocuvgsuv	𬈘
ocuviyui	𬈙
ocuvrfir	𬈝
ocuvlqyi	𬈟
ocuvdmfu	𬈠
ocbcjkuv	𬈡
ocuvccfu	𬈩
ocuvsizc	𬈪
ocuvvxxb	𬈬
ocuvfhtu	𬈮
ocuvbcgc	𬈯
ocuvycjb	𬈹
ocuvrfhe	𬈼
ocuvlidv	𬉃
ocuvbcsi	𬉄
oclidvuv	𬉅
ocuvyujx	𬉇
ocuvyuui	𬉈
ocuvujvv	𬉍
ocuvwhnv	𬉑
ocuvuibw	𬉓
ocdcbiqr	𬉖
ocuvkljm	𬉛
ocuvuvmj	𬉞
ocuvcclj	𬉠
ocuvuiyu	𬉣
ocuvvoyu	𬉥
ocuvvoyu	𬉦
ocuvmhyc	𬉩
ocniwfcy	𬉪
ocuvwfnv	𬉫
ocuvxtuu	𬉬
ocmwxiqr	𬉯
ocdcyzqr	𬉱
ochoujyi	𬉽
ochojijb	𬊄
ochondxn	𬊅
ochondxb	𬊆
ochohoia	𬊇
ocriucho	𬊏
ocvxwwho	𬊓
ocririho	𬊘
ocrfmiho	𬊞
ocdcbcho	𬊟
ochowfhv	𬊥
ockzliho	𬊫
ochotmbw	𬊴
ochodvuu	𬊷
ochobdli	𬊸
ociuuiho	𬊹
ocbdbdho	𬊻
ochoyigs	𬊼
ocerjuho	𬋀
ochoddmu	𬋁
ochoyccc	𬋄
ochojmge	𬋆
ocererho	𬋇
ochoyebi	𬋉
ochoyhui	𬋌
occcbcho	𬋎
ocbwbwho	𬋑
ocrfdsho	𬋒
ocxijqyj	𬋓
ocholbif	𬋔
ocyzvvho	𬋕
occcviho	𬋖
ocxiholn	𬋘
ochowfvv	𬋜
ochujbho	𬋝
ochoriyi	𬋟
ocyjyjho	𬋠
ocyclbho	𬋡
ochegvho	𬋢
ocyukzho	𬋣
ocvxdcyz	𬋥
ocvxbckz	𬋩
ocvxbcyz	𬋪
ocvxklyz	𬋯
ocvxyzhu	𬋴
ocvxhudz	𬋵
ocvxyzce	𬋶
ocvxsitc	𬋷
ocvxyzhj	𬋸
ocvxyzju	𬋹
ocglhoyc	𬋽
ocyejbba	𬋾
ocpjritu	𬌂
ocpjklyh	𬌄
ocpjtutm	𬌅
ocpjviri	𬌆
ocpjrfyu	𬌇
ocpjvxfu	𬌈
ocpjvxyz	𬌉
ocpjirkz	𬌊
ocpjpmqi	𬌋
ocpjtuyt	𬌍
ocpjkzrf	𬌎
ocpjhgcc	𬌑
ocyaujwo	𬌘
ocuuyznq	𬌛
ocwfbcnq	𬌟
ocnqjnho	𬌨
ockdtuqr	𬌳
ocqrdcnj	𬌼
ocfubiqr	𬌾
ocqryigs	𬍀
ocqrzibf	𬍂
ocbkqrqr	𬍈
ocgzycwf	𬍉
ocjqyjqr	𬍊
ocwhgepp	𬍗
ocwhsipi	𬍩
ocwhujvf	𬍮
ocwhrfrf	𬍲
ocwhdcbi	𬍹
ocwhievi	𬍻
ocyuyuyu	𬍼
ocwhqmkl	𬍿
ocwhwfyi	𬎊
ocwhzzxk	𬎍
ocwhbcyu	𬎒
ocwwwfyu	𬎕
ocwhujvh	𬎗
ocwhdcmd	𬎘
ocwhhexn	𬎙
ocwhsiyi	𬎜
ocwhvxyz	𬎝
ocwhcclj	𬎟
ocndmuwa	𬎨
ocsiccug	𬎷
ocijdcuu	𬎻
ocpptmui	𬏅
ocfgyztm	𬏆
octmgsyi	𬏋
ocufufuf	𬏍
ocvxsitm	𬏏
octmlidm	𬏑
octmgsns	𬏖
octmgscc	𬏘
ochohopi	𬏙
ocbkuuln	𬏝
ocbkvxda	𬏰
ocbkyuer	𬏵
ocbkjqjb	𬏹
ocbksiui	𬏺
ocbkdcwu	𬏻
ocdgkdui	𬐂
ocvxjubd	𬐏
ocbdyruj	𬐐
ocrfvemb	𬐗
ocrfkzmb	𬐚
ocuvjimb	𬐛
ocgeermb	𬐜
ocgsgsmb	𬐝
ocuvhemb	𬐦
ocmbyeba	𬐧
ocjbsimb	𬐪
ocvzzimb	𬐫
ocqmjqmb	𬐬
ocuvjrmb	𬐮
ocuvvzmb	𬐯
ocifkzmb	𬐱
ocuvxmmb	𬐴
ocytmimb	𬐵
ocyzvzmb	𬐶
ocjbfzmb	𬐹
ocrzmimb	𬐺
ocuvlumb	𬐻
ocuvmbjp	𬐼
ocluwfmb	𬐽
ocufuvmb	𬐾
ocriyemb	𬐿
ochugemb	𬑁
ocmixsmb	𬑂
ocjblnmb	𬑃
ocjbgvmb	𬑄
ocmurfkv	𬑌
ocmuvegs	𬑏
ocsippna	𬑔
ocmuyzzu	𬑝
ocmumugv	𬑪
ocmumodj	𬑫
ocuiklsi	𬒅
ocxkbcui	𬒈
ocuiihmc	𬒉
ocuiujba	𬒏
ocuihgmb	𬒖
ocuiuijb	𬒛
ocuilnjm	𬒜
ocddlbui	𬒟
ocuiisis	𬒣
ocuisiyi	𬒥
ocpojqgs	𬒧
ocuiviwj	𬒪
ocpphgjb	𬒭
ocppppyz	𬒲
ocpprijb	𬓁
ocppxinq	𬓄
ocppxtuv	𬓈
ocuuyzui	𬓊
ocpphvbf	𬓒
ocppcsxb	𬓔
ocpplqyi	𬓕
ocppqiui	𬓖
ochehgfg	𬓥
ochelive	𬓨
ocheirxi	𬓩
ochehgtu	𬓭
ochecili	𬓯
ochevxys	𬓴
ochehegj	𬓶
ochehetm	𬓷
ocluwjhe	𬓺
ocheigmu	𬓻
ochebduj	𬓽
ochejkhe	𬔂
ochecchv	𬔄
ocxtyzvi	𬔊
ocxtyzcc	𬔍
ocxthuhu	𬔑
ocxthogc	𬔓
ockslidm	𬔔
ocveerli	𬔙
oclidcba	𬔚
ocliccsi	𬔝
octdveli	𬔟
octdlihg	𬔠
ocliuvvi	𬔦
ocliyjba	𬔨
oclilirf	𬔩
oclifubw	𬔪
ocvuziji	𬔸
ocvutuda	𬔺
ocvurfwf	𬔻
ocvurfwf	𬔼
ocvuuvyu	𬔿
ocvubcmu	𬕇
ocvurfzz	𬕈
ocvuceyz	𬕉
ocvuriyy	𬕐
ocvupmjb	𬕕
ocvufhjb	𬕗
ocvupmpj	𬕝
ocvuuivi	𬕟
ocvumuve	𬕢
ocvumuza	𬕣
ocvuyiqu	𬕦
ocvumuvo	𬕩
ocvukzwu	𬕪
ocvuxixu	𬕭
ocvumujb	𬕮
ocvuxmmk	𬕰
ocvugejq	𬕵
ocvudmxx	𬕹
ocvudmge	𬕺
ocvuersi	𬕻
ocvuvimh	𬕼
ocvudmmu	𬕾
ocvumiye	𬕿
ocvulwuv	𬖁
ocvuxmri	𬖂
ocvudmyu	𬖅
ocvudmns	𬖆
ocvusivv	𬖈
ocvudmwh	𬖉
ocvuwfyr	𬖊
ocmiyzuu	𬖘
ocmivelk	𬖜
ocmikzuu	𬖧
ocmibaba	𬖬
ocjbmiyz	𬖳
ocritumi	𬖻
occubkln	𬖼
ocmipiye	𬖾
ocsindyz	𬗅
ocviyisi	𬗋
ockzsijq	𬗎
ocwfbcsi	𬗐
ocsiqmjb	𬗓
ocsiuudv	𬗔
ocsiugtu	𬗛
ocsiqmgs	𬗜
ocsisicc	𬗢
ocsiwuwu	𬗣
ocsixbdj	𬗥
ochujbsi	𬗧
ocsibibw	𬗨
ocklsisi	𬗶
ocsiyumi	𬗷
ocsijusi	𬗸
ocsiuvgs	𬘀
ocsiyasi	𬘃
ocsiiesi	𬘄
ocsiufyt	𬘆
ocsidcmm	𬘇
ocsiihmo	𬘉
ocsising	𬘊
ocsikzsi	𬘍
ocsiyetm	𬘑
ocsierda	𬘰
ocsinimu	𬘸
ocsiiuui	𬘼
ocsiuixb	𬘽
ocsifuxb	𬙃
ocfzhunq	𬙓
ocsiuuhg	𬙕
ocbcbayu	𬙗
ocsidadm	𬙛
ocsibiqr	𬙠
ocsihuge	𬙣
ocsijuyz	𬙦
ocsixkyz	𬙨
ocsilqlq	𬙩
ocsisiyr	𬙫
ocyhbchg	𬙯
ocyhgjgj	𬙲
ocwfbcyh	𬙸
octujyyh	𬙹
ocmwgscc	𬙺
ocervxyz	𬚏
ocerrfkv	𬚔
ocerqmfu	𬚛
ocerpper	𬚠
ocyjuiwf	𬚩
ocxmyuuj	𬚬
ocxijbyu	𬚮
ocuiuuyt	𬚳
ocytrfkv	𬚵
ocytjitm	𬚷
ocytndmu	𬚹
ocythgjb	𬛂
ocytviri	𬛄
ocbwwfxs	𬛏
ocuiifyt	𬛔
ocytbcba	𬛜
ocytccts	𬛞
ocyuuito	𬛠
ocififzi	𬛧
ocdcbiif	𬛨
ocklzizg	𬛪
ocififzg	𬛫
oczidauu	𬛬
ochgzizi	𬛭
ocziuupp	𬛮
ocziuuuu	𬛰
ocviiyui	𬛵
ocvivild	𬛶
ocvildld	𬛷
ocuijqkz	𬛺
ocdmbcig	𬛻
ocycbcjx	𬛽
ocmupjpm	𬛿
ocuuxtxi	𬜀
ocvcyzkl	𬜁
oclbjqjq	𬜂
octsuvye	𬜃
oclbbcxs	𬜄
ocvzrfyu	𬜓
ocirppji	𬜕
ocvzccvj	𬜗
ocvzvivi	𬜙
ocvzvupi	𬜛
occcuuyz	𬜤
occcrfri	𬜩
occcjqxb	𬜫
occcxtxt	𬜮
occckzwf	𬜰
occcuidc	𬜱
occcrfyu	𬜳
occcbcwj	𬜶
occchger	𬜻
occcbkwj	𬜼
occcuicc	𬜽
occcwuwu	𬝀
occcbcer	𬝂
occcfhjb	𬝅
occcnvpk	𬝈
occcsigx	𬝊
occcwher	𬝍
occcriwu	𬝏
occcrfih	𬝑
occcrflb	𬝓
occchefj	𬝔
occcppcc	𬝕
occcxbyi	𬝗
occcbcbi	𬝙
occcciqm	𬝜
occcerff	𬝝
occcmuer	𬝞
occcxitm	𬝢
occcbcfu	𬝥
occchebk	𬝦
occcrfcc	𬝧
occccsui	𬝨
occcbchc	𬝫
occcbcju	𬝬
occcyecc	𬝭
occcrfer	𬝰
occcnvli	𬝲
occcwuri	𬝶
occcyukv	𬝷
occcvgci	𬝸
occcuiqm	𬝺
occcuiyi	𬝻
occcgejb	𬝼
occcbwvi	𬝿
occcxitm	𬞂
occcxifw	𬞃
occcvvtu	𬞄
occcglcs	𬞈
occcuvpg	𬞉
occcsiww	𬞍
occcucmm	𬞎
occctmhg	𬞏
occczuke	𬞐
occcvvyz	𬞓
occcyikx	𬞔
occcergv	𬞘
occcsivi	𬞙
occcuiyj	𬞛
occcmulu	𬞝
occczulq	𬞞
occcytjb	𬞡
occckeqm	𬞢
occchecj	𬞣
occcffcc	𬞦
occchojq	𬞨
occcuzyr	𬞪
occcnvrs	𬞬
occcriwf	𬞯
occcjqlz	𬞰
occcsimu	𬞱
occcxukv	𬞲
occcytxn	𬞳
occcrfhv	𬞶
occcwfmi	𬞹
oclzccjq	𬞺
occcerih	𬞾
ocbkhgmo	𬞿
occcgenn	𬟁
occcyeui	𬟃
occcxnye	𬟄
occczuve	𬟅
occclwwf	𬟇
occcvier	𬟈
occcuvhv	𬟉
occcmaxb	𬟊
occcerzy	𬟌
occcsiyu	𬟍
occcnsyh	𬟎
occczuye	𬟐
occcbdnn	𬟑
occcxqye	𬟒
occcdsho	𬟓
occcsivf	𬟕
occcjqlz	𬟗
occcytjr	𬟙
occcziho	𬟚
ocbclzjq	𬟛
occcrixy	𬟝
occcxlhe	𬟞
occcrzgu	𬟟
occcbdwf	𬟡
occcmfww	𬟢
occcuvld	𬟣
occcuwho	𬟤
occcbnmj	𬟦
ocklklhu	𬟬
ochuxnxn	𬟮
ocycbfhu	𬟰
ocycxkhu	𬟲
ocisppji	𬟵
ocistudm	𬟶
ociskljb	𬠄
ociadnis	𬠆
ocislkkz	𬠑
ocismiuu	𬠔
ocisqmfu	𬠙
ocbiuiis	𬠛
ocisccst	𬠟
ocuvisis	𬠤
ocisnsxb	𬠥
ocishuhu	𬠦
ocisyumb	𬠨
ocisqutu	𬠪
ocisccyu	𬠬
ocycbcis	𬠰
ocdjisis	𬠷
ocviisis	𬠸
ocheisis	𬠹
ocxkrfkz	𬡀
oclqveyi	𬡄
ocppccfg	𬡟
ocppppda	𬡢
ochohoyi	𬡤
ocpphvbf	𬡪
ocyikzcc	𬡫
ocxidayi	𬡲
ocppccwj	𬡵
ocklybjm	𬡿
ocjmgunv	𬢁
ocrijyjm	𬢂
ocfufujm	𬢃
ocjmtmgs	𬢄
ochuhujm	𬢆
ocfuppjm	𬢉
ocjncszz	𬢘
ocmhjnfj	𬢙
ochgbayj	𬢝
ocyjgeer	𬢣
ocyjgepp	𬢥
ockzkzyj	𬢧
ocyjmucy	𬢫
ocyjihdi	𬢬
ocyjvizz	𬢮
ocbwbwyj	𬢯
ocyjyhyz	𬢱
ocyjbmyz	𬢸
ocyjsixb	𬢹
ocvorfyj	𬢺
ocyjbibw	𬢻
ocyjgszc	𬢼
ocyjerho	𬢽
ocyjcche	𬢿
ocwwxkyj	𬣀
ocyjyhnq	𬣂
ocfhjbyj	𬣃
ocyjzzld	𬣆
ocyjccyr	𬣊
ocjnjqyj	𬣏
ocyjjbda	𬣓
ocyjmffu	𬣖
ocyjbchg	𬣞
ocyjccyz	𬣥
ocyjihya	𬣨
ocyjihva	𬣶
ocyjbcfz	𬤁
ocyjbcmu	𬤂
ocyjxitu	𬤇
ocyjcsxb	𬤋
ocyjqmjq	𬤌
ocyjriyu	𬤕
ocyjjyvi	𬤖
ocyjmuuv	𬤘
ocyjhuhu	𬤙
ocyjpbuj	𬤠
ocyjmuda	𬤧
ocyjzzuv	𬤪
ocyjycve	𬤬
ocyjccvv	𬤰
ocyjgvvv	𬤱
ocuihegu	𬤵
ocdzvxvz	𬤸
ocmutuui	𬤾
ocmumuui	𬥅
ocugsiui	𬥇
ocvipper	𬥉
ocviccll	𬥊
ocjbbwqi	𬥔
ocbwbamm	𬥕
ocbwvitu	𬥖
ocbcbayr	𬥙
ocfudcbw	𬥚
ocbwyhuj	𬥜
ocbwyeba	𬥟
ocddjbbw	𬥡
ocbwbchg	𬥤
ocwwwfbw	𬥦
ocbwycuu	𬥨
ocvupibw	𬥪
ocbwybge	𬥭
ocnmfupb	𬥮
ocuibwbw	𬥰
occcwfbw	𬥱
ocbwrfye	𬥵
ocbwklnv	𬥺
ocbwerda	𬥻
ocbwlitu	𬥿
ocveiive	𬦃
ociivejm	𬦄
oczzbk	𬦋
oczzdcxn	𬦍
oczzuikz	𬦐
oczztuyh	𬦔
oczzytiu	𬦕
oczzjilw	𬦗
oczzklsi	𬦘
oczzhvbf	𬦙
oczzsiui	𬦚
oczzbwto	𬦛
oczzrixb	𬦝
oczuyzuu	𬦫
oczutuqi	𬦬
oczufgji	𬦴
oczuglba	𬦺
ocvezuve	𬦼
oczujrma	𬧃
oczuuvto	𬧇
oczulili	𬧈
oczufuie	𬧑
oczupbkv	𬧒
oczusito	𬧗
oczucclj	𬧛
oczutvma	𬧜
oczubwfz	𬧝
ocufdcmu	𬧪
ocieyiuv	𬧴
ocierfpu	𬧵
ocieycwf	𬧶
ociedvta	𬧼
ocieuhnq	𬧿
ocierfbf	𬨀
ocieveyz	𬨃
ocieuiyz	𬨅
ocieuipi	𬨕
ocsisixb	𬨚
ocvihgyc	𬨧
ocvivxjb	𬨪
ocvifuda	𬨫
ocviklyh	𬨭
ocviqrbd	𬨯
ocviwuri	𬨰
ocvivxvg	𬨶
ocvitdnq	𬨹
ocvihgdc	𬨼
ocvirfdm	𬨽
ocvivibp	𬩁
ocvihvbf	𬩂
ocvinvfz	𬩈
ocvilbwf	𬩊
ocviglkl	𬩌
ocvidomi	𬩍
ocbksu	𬩏
ocvivrdc	𬩒
ocihvisu	𬩓
ocvidryz	𬩗
ocvigcyh	𬩙
ocvijqif	𬩚
ocwfcyvu	𬩛
ocviccuu	𬩞
ocviytfz	𬩡
ocvicccs	𬩦
ocvijimj	𬩩
ocviujbw	𬩫
ocviyusi	𬩬
ocviuunn	𬩯
oclmgeig	𬩰
ocjijber	𬩼
ocvituer	𬩿
ocrinver	𬪀
ocvxcyer	𬪃
ocrflver	𬪊
occcmcer	𬪋
ocbdmuer	𬪎
ocrfmier	𬪏
ocqmrier	𬪐
ocxbccer	𬪑
ockzxker	𬪒
ocjbyzer	𬪓
ocgsyter	𬪕
occcjmer	𬪖
ocsiyier	𬪗
ocwfheer	𬪙
ocglvver	𬪚
ocwwifer	𬪛
oczihoer	𬪞
oczifher	𬪟
ocwurier	𬪡
ocycccer	𬪢
ochuyuer	𬪣
ocsirier	𬪥
ocyzxitu	𬪭
ocdcbiyz	𬪰
ocyzismb	𬪲
ocyzrfkz	𬪳
ocyzueho	𬪴
ocyzwuqr	𬪷
ocdcbiyz	𬪹
ocrferjb	𬫅
ocjbhgyz	𬫆
ocjbyier	𬫇
ocjbhzyz	𬫋
octurfjb	𬫎
ocjbuhxn	𬫐
octuwujb	𬫔
ocjberqp	𬫖
ocjbccia	𬫗
ocjbujqm	𬫘
ocjbyzqn	𬫙
ocrfkzjb	𬫜
ocjbvldm	𬫝
ocjbhocc	𬫞
ocjbuvkz	𬫠
ocjbgefg	𬫣
ocjbsicc	𬫤
ocppbcjb	𬫧
ocjbxrjb	𬫪
ocjbwfhv	𬫫
ocjbjtmb	𬫬
ocjbnmyt	𬫮
ocjbfhzi	𬫲
ocjbdaxn	𬫴
ocjbvorf	𬫶
ocjbsiui	𬫸
ocjbdcbi	𬫹
ocwfjbji	𬫼
ocjbsiuv	𬫾
ocieugjb	𬬆
ocieiejb	𬬇
ocjbccmu	𬬈
ocjbkzmm	𬬉
ocjbmuyi	𬬏
ocjbsiyi	𬬕
ocwfsijb	𬬘
ocjbbjmb	𬬛
ocviuujb	𬬜
ocjbvxia	𬬝
ocjbvutd	𬬞
ocjbwfqr	𬬟
ocjbkzui	𬬢
ocjbbwfg	𬬣
ocjbbuui	𬭃
ocjbccrs	𬭒
ocjbcsxb	𬭥
ocjbmuju	𬭧
ocjbccll	𬭮
ocjbhoxb	𬭱
ocjbuhya	𬭷
ocjbyujx	𬭹
ocjbhevi	𬭿
ocjbtsbw	𬮂
ocmfxidm	𬮈
ocmfqrwf	𬮋
ocwfuumf	𬮌
ocjmmfxi	𬮔
ocmfuvwh	𬮧
ocmfkdwu	𬮫
ocmfxitu	𬮱
ocmfkdxi	𬮶
ocmfuuuu	𬮷
ocervedm	𬮽
oceruvqm	𬯃
ocerzotu	𬯄
ocerkljx	𬯅
ocerbdtu	𬯇
ocfubcfz	𬯈
ocerxnxn	𬯍
ocerxifz	𬯒
ocerjbyz	𬯓
ocerdstu	𬯔
ocerjbyz	𬯖
ocercsxb	𬯗
ocervxyz	𬯙
ocerhuqr	𬯛
ocerivxb	𬯝
ocerxiyz	𬯞
ocerkzwf	𬯟
oceryzyb	𬯢
ocervuuj	𬯤
ocerwjtm	𬯥
ocersilq	𬯦
oceryjsi	𬯨
ocvvbctu	𬯫
ocvvxsui	𬯭
ocirbavv	𬯮
ocvvxbvv	𬯴
ocbwbwvv	𬯵
ocxbjqvv	𬯶
ociahuvv	𬯷
ocyuuvhr	𬯽
ocyuqier	𬰁
ocyuuvvg	𬰆
ocyumcwf	𬰇
ocyunvxl	𬰍
ocyumidi	𬰐
ocyukzui	𬰑
ocyuhdfu	𬰒
ocyumage	𬰕
ocglhgfw	𬰟
ocwwhgjb	𬰪
ocuigeww	𬰫
ocwwuhxx	𬰬
ocwwvxmb	𬰮
ocfzbcww	𬰸
ocybdcri	𬰼
ocbiysye	𬱄
ocxiveye	𬱅
ocfftuye	𬱇
ochvyzye	𬱈
ocriybye	𬱉
ocgjuvye	𬱊
ocqrhgye	𬱋
ocrijyye	𬱌
oclivvye	𬱏
ocvguvye	𬱐
ockzkzye	𬱑
ocyetutu	𬱒
ocdcyzye	𬱕
ocribiye	𬱝
ockzkzye	𬱞
ocndmuye	𬱡
ocuikzye	𬱤
ocyevimu	𬱧
ochvyzye	𬱩
ocujfzye	𬱰
ocbdfhye	𬱲
ocjierhr	𬱶
ocjierbw	𬱹
oclijier	𬱻
ocfgrfpi	𬱽
ocjiernj	𬲁
ocjieryu	𬲂
ocjiersu	𬲃
ocjierrs	𬲄
ocfgmcjs	𬲆
ocyujier	𬲇
ocjitsba	𬲈
ocbwfwfw	𬲊
ocuihgjb	𬲌
ocuigeui	𬲏
ocuibiui	𬲒
ocuiccba	𬲖
ocuiyhcc	𬲙
ocuiuhya	𬲜
ocuimbba	𬲟
ocuibixb	𬲡
ocuiycdo	𬲢
ocuisrjb	𬲣
ocuituyz	𬲤
ocuirfyi	𬲰
ocuiyzuu	𬲳
ocuiujkz	𬲴
ocuibcuu	𬲵
ocuibcji	𬳀
ocuizoyt	𬳅
ocuivskz	𬳈
ocuiriyu	𬳉
ocuiccll	𬳏
ocuidmxl	𬳝
ocxldadm	𬳡
ocmalili	𬳫
ocxkbcma	𬳸
ocmafgui	𬴃
ocmauufu	𬴇
ocmauiig	𬴋
ocmaluho	𬴍
ocmahgmu	𬴎
ocmaccvv	𬴐
ocwfkzxs	𬴔
ocgcujyi	𬴕
ocwfkzuu	𬴘
ochgjsir	𬴛
ocwfuubu	𬴜
ocgcthzu	𬴞
ocwfuugf	𬴠
ocwfuuig	𬴡
ocwfuuve	𬴢
ocwfuuyu	𬴣
ocwfqqda	𬴤
ocwfisis	𬴥
ocwffhig	𬴦
ocihujuh	𬴬
ochgkzuu	𬴳
ocgehoyz	𬴵
octugjge	𬴸
occdgsge	𬴹
ocmisige	𬴺
ocmixlge	𬴻
ocllbige	𬴼
ocbderuh	𬴾
ocbderie	𬵀
ocyurfxn	𬵊
ocyubk	𬵌
ocyukljb	𬵎
ocyuzzdc	𬵑
ocyurfvd	𬵕
ocyuccji	𬵘
ocbderyu	𬵙
ocyutmbi	𬵝
ocyupmpj	𬵞
ocyuxuho	𬵢
ocyuccst	𬵣
ocyuccfu	𬵦
ocyuyuvf	𬵩
ocyutmgs	𬵫
ocyulivi	𬵯
ocyutmgv	𬵲
ocyubwyi	𬵷
ocyucckv	𬵸
ocyuyisi	𬵹
ocyujier	𬵺
ocghlvyu	𬵼
ocyuvfye	𬵽
ocyuvugj	𬵾
ocyucclj	𬵿
ocyuhudm	𬶊
ocyufhzi	𬶦
ocyusiyi	𬶵
ocyubaqm	𬶷
ocyuuijq	𬶸
ocyulwru	𬶹
ocyuccvv	𬶺
ociauinn	𬷂
ocrfgsnn	𬷉
ocrfrfnn	𬷘
ocdmyann	𬷛
ocnnjm	𬷟
ocximunn	𬷠
ocvxkenn	𬷤
ocnnfjjq	𬷥
ocwfxnnn	𬷦
ocfhmbnn	𬷧
ocnnerjq	𬷪
ocluwjnn	𬷮
ocnvrinn	𬷳
ocwfhenn	𬷶
ocnnuito	𬷸
ocjijinn	𬸓
ocbwbwnn	𬸕
ocklnvnn	𬸘
ocbcjknn	𬸣
ocnmkznn	𬸧
ocuilrnn	𬸬
ocluwfhe	𬸴
oclucsmu	𬸿
ochlvitu	𬹑
ocbdbdhl	𬹒
ocuuheuv	𬹔
ochwjrma	𬹘
ochwviis	𬹚
ocyebiiu	𬹜
ocbcqimm	𬹟
ochgufmm	𬹢
ocuubidk	𬹩
occcycdk	𬹪
ocdkyuyu	𬹫
ocuuvegs	𬹭
ocwflner	𬹱
ocwfyatm	𬹲
oclkvikl	𬹴
ociindmu	𬹵
ociiccxy	𬹹
ociiklhe	𬺊
ocldqrii	𬺒
oclidmxx	𬺗
oclidmuj	𬺘
oclidmdi	𬺙
oclidmqk	𬺚
ocuguuls	𬺝
ocdckzdm	𬺞
ocuiuupp	𬺱
ochguuve	𬺶
ochgpppp	𬺷
ochgpppp	𬺻
ochgkzve	𬺾
ochgvsdm	𬺿
ochgjiuu	𬻃
ocdkdkdk	𬻄
ocveeryu	𬻆
ocvevehg	𬻈
ochguiui	𬻉
occcccdm	𬻋
ochgufdm	𬻌
ochgufpp	𬻍
ochgridk	𬻐
ocdcklia	𬻑
ocqibcve	𬻒
ochgridm	𬻔
ochgbakl	𬻕
ocklklia	𬻘
ocerxihg	𬻜
ocrfxihg	𬻝
ocsjirdm	𬻟
ochgkzda	𬻠
ocfgfghg	𬻥
ochgbcqp	𬻧
ocerviwo	𬻪
ochgbchg	𬻫
ocuhklhg	𬻬
octmujhg	𬻱
ocuuxtlk	𬻴
ocdcxtba	𬻵
ocklklna	𬻷
ocklklyi	𬻼
ocqmhgve	𬼉
ocrfjidm	𬼊
ocdceryb	𬼋
ocpphgli	𬼌
ocihbcer	𬼍
ocnddmcs	𬼎
ocppifmd	𬼕
ocppveve	𬼗
ocuuuuqi	𬼘
ocuiqive	𬼙
ocbivebi	𬼚
ochgxtia	𬼞
ocrfkzyi	𬼟
ocvevedm	𬼫
octmccye	𬼮
ocxlgsiu	𬼴
ocdapbve	𬼵
ocbaklpp	𬼺
ocyuhgve	𬼻
ocyufubw	𬼼
ocerjubk	𬼿
ocwfuuve	𬽃
ocwfxibk	𬽆
ocwfqphg	𬽈
ocwfriln	𬽉
ocwfrizi	𬽊
ocwfcsuj	𬽋
ocwfccmu	𬽌
ocwfccuj	𬽍
ocwfkzge	𬽎
ocwfkzwh	𬽐
ocwflner	𬽒
ocwfrida	𬽔
ocwfsiyi	𬽕
ocwfkljs	𬽘
ocwfpgvf	𬽚
octkyidm	𬽛
ocwfmuvf	𬽝
ocwfyjyz	𬽠
ocvevedm	𬽡
oceruurf	𬽤
ocrfuibi	𬽩
ocrfhgfu	𬽮
ocrfrfye	𬽲
ocrfjijb	𬽳
ocrfppyz	𬽴
ocrfbcji	𬽶
ocrfglsi	𬽷
ocrfbcbu	𬽸
ocrfkzyz	𬽹
ocrfwfdc	𬽺
ocrfihho	𬽻
ocrfuuhg	𬽼
ocrfrfxn	𬽿
ocrfwhda	𬾃
ocrfsiwf	𬾄
ocrfridc	𬾊
ocrfujbi	𬾌
ocrfujyt	𬾎
ocrfbder	𬾐
ocrfjbdc	𬾑
ocrfheji	𬾒
ocrfbcyc	𬾔
ocrfwfui	𬾗
ocrffwfw	𬾘
ocrfxtjb	𬾙
ocrfrimu	𬾛
ocrfviji	𬾜
ocrfycyt	𬾝
ocrfrfye	𬾡
ocrflnhg	𬾤
ocrfsiye	𬾥
ocrfjxcy	𬾦
ocrfwfys	𬾨
ocrfxyqp	𬾩
ocrfyylk	𬾪
ocrfycge	𬾫
ocrflcju	𬾭
octsridc	𬾮
ocrfhzmu	𬾱
occscsqi	𬾵
ocrfhetu	𬾶
ocrfbaba	𬾹
ocrfyzxb	𬾽
ocrfyzkz	𬾿
ocrfcche	𬿀
ocrfuumu	𬿃
ocrfsidm	𬿄
ocrfvucc	𬿉
ocrferye	𬿊
ocrfklyz	𬿌
ocrfhugv	𬿍
ocrfiryj	𬿏
ocrfxilk	𬿑
ocrfuuua	𬿔
ocrfhuqq	𬿖
ocrfuugz	𬿗
ocrfwfli	𬿙
ocrfbcvo	𬿝
ocrfgsvv	𬿡
ocrfklyc	𬿤
ocrflimu	𬿥
ocrfuuli	𬿧
ocrfvivi	𬿨
ocrfuubw	𬿩
ocrfvepi	𬿬
ocrfyuwf	𬿮
ocrfuijp	𬿱
ocrfhgba	𬿲
ocrfvixn	𬿳
ocrfujui	𬿴
ocrfuufu	𬿵
ocrfvvwu	𬿶
ocrfrfcy	𬿸
ocrfbder	𬿹
ocrfhgcy	𬿻
ocrfbkmu	𬿼
ocrfhgqp	𬿽
ocrfuuye	𬿾
ocrfbcba	𭀀
ocrfuijq	𭀁
occcfuia	𭀃
ocrfjima	𭀇
ocrfwfhw	𭀉
ocrfzxvv	𭀌
ocrfbkqr	𭀏
ocrfyhyj	𭀒
ocppdmer	𭀗
ocveveer	𭀘
ocrfveer	𭀙
ocwfveer	𭀚
ocveveer	𭀜
ocwudmdm	𭀝
ochgrfwu	𭀟
ocrfkler	𭀠
ocsjersj	𭀡
ocrfkldm	𭀣
ocrfklsi	𭀥
ocglglsi	𭀨
ocyrvxrf	𭀩
ocdghger	𭀭
ocbderfu	𭀯
ocrfrfer	𭀱
ocbderkl	𭀸
ocrulimu	𭁁
ocrubacy	𭁂
ocrurfdd	𭁃
ocqmveuu	𭁄
ocuuhgba	𭁇
ocuuhgba	𭁈
ocuuyuba	𭁉
ocbatmui	𭁏
ocrfxtba	𭁐
ocnmtmlq	𭁔
ocrfyuba	𭁕
ocbasitm	𭁗
ocklhguu	𭁟
ockleruu	𭁠
ochgkler	𭁡
ocfuhghg	𭁢
ochgbajb	𭁣
ocwfsier	𭁩
ocuikler	𭁫
ocxnkluv	𭁭
ockltutu	𭁱
ocfufucs	𭁲
ocbcyrwf	𭁵
ocbcgfer	𭁶
ocbcbagv	𭁹
ocbcuicy	𭁺
ocbcuitm	𭁻
ocbcvsho	𭁽
ocbcyiuu	𭁿
ocbcsiyi	𭂀
ocbcjqho	𭂁
ocbcbabi	𭂂
ocbcfgxb	𭂅
ocbkwukz	𭂐
ocbkjibd	𭂒
ocbkfhzi	𭂗
ocbkmuuv	𭂜
ocbkmfyu	𭂣
ocbkbcxb	𭂦
ocbkisgj	𭂨
ocjidmdm	𭂬
ocrfjiui	𭂯
ocujjiji	𭂲
ocjijiuj	𭂵
ocsijikz	𭂶
ocmumuji	𭂷
ochuujji	𭂸
ocjiiruj	𭂹
ocqmklkl	𭂻
ocirirkl	𭂼
ochgrikl	𭂾
ocdndndn	𭃊
ochguidc	𭃍
ocdchgjk	𭃎
ockzyzdc	𭃒
ochgccrf	𭃔
ocppbcpp	𭃡
ocuikldc	𭃥
ocsixidc	𭃧
ocppbcpp	𭃨
ockzcedc	𭃬
ocnqdmdc	𭃭
ocbcxidc	𭃰
ocyhpprf	𭃱
oculbadc	𭃲
ocsvdc	𭃳
ochgccdc	𭃴
ocrfvivi	𭃷
occcfudc	𭃾
ocyukvdc	𭄆
ocyeyhdc	𭄈
ocglcsdc	𭄉
ocdiwfdc	𭄍
ochgcsdc	𭄏
ocheihdc	𭄐
ocmcvvdc	𭄒
ocuiyhdc	𭄓
ochexndc	𭄔
ocbcbwdc	𭄗
ocqijbdc	𭄘
occcdjdc	𭄚
ocklppli	𭄠
ocuierli	𭄡
ocqrwjli	𭄣
ocfgbcli	𭄦
ocqibcli	𭄧
octduili	𭄪
ocyayzli	𭄮
ocyawfli	𭄯
occcqpli	𭄳
ocwflili	𭄴
ocmcwfli	𭄶
ocdiwfli	𭄽
ochucsli	𭄾
ocgsvvli	𭄿
octmgsli	𭅂
oclqvvli	𭅃
ocbcyzve	𭅅
ocbcqmvi	𭅊
ochguics	𭅍
ocbaihbi	𭅐
ocyhppbi	𭅒
ocklgjqm	𭅜
ocklrinv	𭅝
ocqmiair	𭅟
ocpptmqm	𭅡
ocwuwuwu	𭅦
ocyjycui	𭅩
ocvodakv	𭅪
ocwjkzkz	𭅫
ocvoerer	𭅭
ocyipibw	𭅮
ocuuuihg	𭅯
ocuuuiui	𭅰
ocdmvebu	𭅳
ochgvebu	𭅴
ocihkzyi	𭆁
ocihriyi	𭆂
ocihxtji	𭆄
ocihbder	𭆅
ocyawfih	𭆆
ocihfgqm	𭆇
ocihrfsi	𭆈
ocldliih	𭆉
ocihrfda	𭆌
ocihbwcy	𭆎
ocihyhqm	𭆏
ociheryz	𭆐
ocyawfli	𭆑
ocquihna	𭆒
ocwwwfli	𭆓
ocihrikz	𭆔
ocihytwf	𭆕
ocihnnvf	𭆘
ocsixisi	𭆝
ocsidauv	𭆞
ociagsgs	𭆠
ocsidchg	𭆡
ocrfxtsi	𭆢
ocsiqmuu	𭆣
oclwrfuv	𭆤
ocuuufyz	𭆪
ocyzklyz	𭆫
ockzklyz	𭆬
ocyzyidm	𭆭
ocjbye	𭆰
ocvgveji	𭆱
ocvxsiyz	𭆲
ocifyzyy	𭆳
ocbdguyz	𭆴
ocivklyz	𭆵
ocrfsiyz	𭆶
ocbcmuyz	𭆷
ockzdahg	𭇃
ocujuukz	𭇈
ockzklcc	𭇒
ockzrfuj	𭇔
ockzbcgj	𭇖
ockzglsi	𭇗
ockzglln	𭇘
ockzbk	𭇛
ochguikz	𭇢
ocrfvxkz	𭇥
ockzrfxn	𭇧
ockzppbu	𭇨
ockzppyu	𭇩
ochuyzkz	𭇪
ockzuihg	𭇰
ockztujb	𭇵
ockzccsi	𭇼
ockzrijb	𭇽
ockzkzjb	𭇾
ocrfkzyi	𭈆
ockzwfjb	𭈇
ockzirba	𭈊
ockzdcbd	𭈋
ockzifrf	𭈌
ockzccyc	𭈎
ockzkzke	𭈑
ockzrfgf	𭈚
ockzuvww	𭈣
ockzkhqm	𭈤
ockzuiba	𭈩
octukzyi	𭈬
ockzriyt	𭈭
occcbchg	𭈰
ockzuzxi	𭈵
ockztugf	𭈷
ocyzbcqp	𭈸
ochcihfu	𭈹
ockzccbi	𭈺
ockzkzzc	𭈼
ockzisye	𭈽
ockzycuv	𭈿
ockzximb	𭉃
ockzvzsi	𭉄
ockzbcui	𭉇
ockzqmlc	𭉈
ockzqmba	𭉋
ockzuiui	𭉌
ockzggve	𭉍
ockznvvi	𭉐
ocnahgkz	𭉔
ockzsiis	𭉕
ocrfpbve	𭉘
ockzqmhe	𭉙
ockzuzgs	𭉛
ockzuzli	𭉜
ocfgqmcy	𭉠
ockzuutu	𭉣
ockzviis	𭉤
ockzheww	𭉬
ockzxbbo	𭉱
ockzuvgs	𭉴
ocbabikz	𭉵
ockzglgg	𭉶
ockzuidi	𭉸
ockzgsis	𭉹
ocrflbgs	𭉽
ockzhgxi	𭉿
ockzmuli	𭊂
ockzuuqr	𭊄
ockzyatm	𭊇
ockztmgs	𭊈
ockzccfg	𭊊
ockzccgs	𭊋
ockzhuqq	𭊌
ockzkzaa	𭊎
ockzrfpg	𭊏
ockzliuz	𭊓
ockzvuba	𭊔
ockzglyu	𭊙
ockzgljp	𭊚
ockzmcli	𭊞
ockzsiye	𭊠
ockzwhdd	𭊧
ockzdayu	𭊨
ockzmmtu	𭊩
occcsiii	𭊬
ockzccdm	𭊭
ockzcczo	𭊮
ockzpbyu	𭊯
ockzhuho	𭊰
ockzjqjq	𭊲
ockzzisi	𭊴
ockzlixn	𭊵
ockzdodo	𭊶
ockzvigg	𭊹
ockzgljm	𭊺
ockzsivi	𭊾
ockzsigf	𭊿
ockzsiyt	𭋀
ockzlwxn	𭋁
ockzuize	𭋂
ockzyexb	𭋃
ockzuijp	𭋄
ockzuimu	𭋅
ockzccwf	𭋇
ockzsitm	𭋊
ockzuhgj	𭋌
ockzkvjb	𭋍
ockzhelk	𭋓
ockzbdxk	𭋔
ockzrfvv	𭋕
ockzjbtm	𭋖
ocqmjuju	𭋘
ocgubcyi	𭋛
ockzmmqp	𭋢
ockzuiyu	𭋤
ockzccri	𭋦
ockzerba	𭋧
ockzrfyz	𭋨
ockzxbvr	𭋪
ockzuiyu	𭋱
ockzuijq	𭋲
ockzjiye	𭋴
ockzerer	𭋷
ockzuimi	𭋸
ockzbimi	𭋹
ockzbili	𭋺
ockzuhyu	𭋻
ockzerkz	𭋾
ockzrfgs	𭋿
ocrfmuui	𭌀
ockzyuyu	𭌁
ockzglxb	𭌃
ockzyhhe	𭌅
ockzerlb	𭌇
ocyberde	𭌉
ocuibcyi	𭌌
ockziiye	𭌍
ockzugvg	𭌏
ockzbiye	𭌑
ockzihgj	𭌔
ockzccts	𭌕
ockzccmu	𭌖
ockzuhli	𭌚
ocrfcckz	𭌛
ockzrfyi	𭌜
ockzgsjl	𭌡
ockzgebw	𭌢
ockzyiyu	𭌣
ockzriai	𭌥
ockzcinn	𭌦
oclvwunq	𭌨
ockzmfyb	𭌩
ockzgskz	𭌪
ockzytge	𭌫
ockzvugc	𭌬
ockzrfvi	𭌭
ockznver	𭌮
ockzfgkl	𭌰
ockzyiyj	𭌱
ocgcgcgc	𭌳
ockzmusi	𭌴
ockzccyy	𭌵
ockzheho	𭌶
ocrfmukz	𭌷
ockzpper	𭌹
ockzfuri	𭌺
ockzjqnn	𭌻
ockzvoyz	𭌼
ockznvld	𭌽
ockzccvv	𭌾
ockzxldj	𭍄
ockzpiyj	𭍅
ockzrixl	𭍈
ockzycnn	𭍉
ockzjbwf	𭍊
ockzjpye	𭍋
ockzrfyj	𭍍
ockziild	𭍐
ockzrilo	𭍒
ockzmucy	𭍓
ockzpbbw	𭍔
ockzbwnn	𭍕
ockzgscy	𭍖
ockzholj	𭍗
ockzercy	𭍙
ocklersi	𭍛
ocklrfri	𭍞
ocklxifh	𭍣
ocklkzer	𭍪
ockluiui	𭍫
ockltmgs	𭍭
ocklwhwh	𭍱
ocbiughv	𭍶
ocyrhemu	𭍹
ocppvetu	𭍻
ocjqtudm	𭍼
octubcbi	𭎀
ochgsitu	𭎆
ocuctudm	𭎇
ockltuzi	𭎈
octujbhg	𭎋
octubagj	𭎎
octusitu	𭎐
octuihho	𭎑
octurfna	𭎕
octujijb	𭎖
ocqmkztu	𭎙
octubutu	𭎠
octuuhri	𭎡
octmsitu	𭎢
octurfdj	𭎤
octuihbk	𭎪
octuriyt	𭎯
octuwfyi	𭎳
ocuznitu	𭎵
octufgmb	𭎷
octukljx	𭎻
ocjbyztu	𭎽
octuvzuj	𭎿
octuvxys	𭏁
octubcvc	𭏆
ocuvzitu	𭏈
octuuvtm	𭏉
octuuiyh	𭏊
octuiyui	𭏌
octuccwu	𭏍
ocrihztu	𭏏
octuujwj	𭏐
octubcyu	𭏕
octubcmb	𭏛
ocxilbtu	𭏝
octuhuqq	𭏟
octuihjb	𭏣
octubccd	𭏧
octubcfu	𭏨
octurfmu	𭏩
octuccbf	𭏫
octutmhg	𭏬
ocgkeryh	𭏮
ocrsyztu	𭏳
octuyuxl	𭏵
octurftu	𭏹
ocwfwjtu	𭏼
octuwfyz	𭏽
octummdj	𭐀
ocuvgltu	𭐉
octmbctu	𭐍
octuqmwf	𭐎
octuxiyt	𭐏
octujkye	𭐐
ocuiziwj	𭐓
ocuibcli	𭐔
ocjihgcy	𭐖
ocjiguxn	𭐗
ocuiuiyu	𭐘
ocjivecy	𭐙
ocyiuimu	𭐛
ocuisikz	𭐜
ocwfpppp	𭐝
occcsjwf	𭐢
ocrfsjwf	𭐣
ocrfsjwf	𭐥
ocyihgwf	𭐦
ocvxbiwf	𭐫
ocdcjqwf	𭐬
ocqmriwf	𭐮
ocbwbwwf	𭐯
ocqmziwf	𭐱
ocdcuidm	𭐳
ocdcdmxi	𭐴
ocxijqjq	𭐸
ocdoujds	𭑀
ocdaklkl	𭑅
ocbakzda	𭑉
ocjrdmdm	𭑊
ocbkuida	𭑋
ocdcsida	𭑏
ocvxsida	𭑑
ocrfsida	𭑒
ocugrfda	𭑕
ocdaxitu	𭑗
ochgziuu	𭑜
ocuvdcda	𭑞
ocrfklda	𭑟
ocqmcsgk	𭑡
ocdavvjq	𭑣
ocihgjda	𭑤
ocnvbcia	𭑯
ocvshgnv	𭑲
ocwubanv	𭑿
ocyawfnv	𭒀
ocwhwhnv	𭒁
ockzpinv	𭒂
ocnvdcjq	𭒃
ocnvifsi	𭒆
ocnvtmbi	𭒇
ocnvnuuz	𭒌
ocnviydm	𭒎
ocnvyhho	𭒏
ocnvwfjb	𭒑
ocqunvnv	𭒒
ocxilbnv	𭒓
ocnvgskz	𭒔
ocnvtmqm	𭒖
ocnvgvri	𭒗
ocnvjbgj	𭒙
ocnvhecc	𭒚
ocuvxmnv	𭒞
ocnvsivi	𭒟
ocnvmcjs	𭒠
ocnvqmho	𭒡
ocnvyuhu	𭒢
ocnvccui	𭒣
ocnvycuu	𭒤
ocnvrfwf	𭒧
ocnvwubw	𭒪
ocnvhenj	𭒬
ocnvyjbi	𭒭
ocnvccjm	𭒮
occcpinv	𭒯
ocbwbwan	𭒱
ocnvglyi	𭒳
ocnvrixl	𭒴
ocuubczi	𭓇
oczimfds	𭓎
ocwfziwj	𭓔
ocyubczi	𭓕
ocddbczi	𭓗
ocycbczi	𭓘
oczidcmm	𭓛
ocyjsima	𭓝
ocbcppyz	𭓧
ocbcxibi	𭓩
ocbcuiys	𭓰
ocbcufdm	𭓱
ocbclidk	𭓳
ocbcnmmu	𭓵
ocbcviuc	𭓷
ocbcvxvx	𭓹
ocbcxbww	𭓺
ocbcdguj	𭓽
ocbcyrwf	𭓾
ocbcjqba	𭓿
ocbciauj	𭔀
ocbcrfda	𭔁
ocbclikz	𭔃
ocbcuidk	𭔄
ocbcnvbd	𭔅
ocxtrisi	𭔊
ocbcxbgc	𭔋
ocbcxtri	𭔌
ocbcpjgc	𭔏
ocbcbwmm	𭔑
ocbcyiyi	𭔔
ocbcnvli	𭔖
ocbcccxb	𭔗
ocbcpjxk	𭔘
ocbcjiyj	𭔙
ocbcnqnp	𭔜
ocbcxbgz	𭔝
ocbcwhbw	𭔟
ocbcppfw	𭔡
ocbcndjm	𭔢
ocnkhgho	𭔥
ocgsjicy	𭔫
ocjqxicy	𭔬
ocuhxxcy	𭔮
ocihvecy	𭔱
ochvtucy	𭔵
ocdcercy	𭔷
ocqmtucy	𭔸
occcvicy	𭔹
ocrfmucy	𭔺
ocerllcy	𭔼
ocermucy	𭔽
ocyetucy	𭔾
ocbasjcy	𭔿
ocvrihgv	𭕃
ocdmdmpp	𭕄
ocpprfxn	𭕋
ocbaergj	𭕍
ocwuyzuc	𭕏
ocwfdjyz	𭕐
ocwutmyi	𭕑
ocwfxnyz	𭕒
ocdmfuyz	𭕓
ocuiuzer	𭕙
ocuibkui	𭕝
ocuirfpu	𭕞
ocuirfnq	𭕡
ocuiwfyh	𭕬
ocuierdm	𭕭
ocuierbj	𭕯
ocuiccgj	𭕰
ocyawfww	𭕲
ocwwdcjq	𭕳
ocuiyjlk	𭕴
ocuirivr	𭕶
ocuiuzqn	𭕷
ocuilblv	𭕸
ocjuuzkz	𭕹
ocwwhori	𭕺
ocuimugv	𭕼
ocppcchg	𭕾
ocppccdm	𭕿
ocujvedm	𭖀
ocujihsi	𭖅
ocujuuuu	𭖈
ocbcbauj	𭖊
ocujrftu	𭖏
ocujbagj	𭖓
ocujvili	𭖗
ocujuvkl	𭖛
ocuvrfuj	𭖜
ocujycyc	𭖞
ocujihfu	𭖤
ocujwfer	𭖥
ocujkzke	𭖫
ocuurfuj	𭖲
ocujgjqm	𭖳
ocujsifh	𭖴
ocujtmbi	𭖵
ocujbdwf	𭖸
ocujrfyu	𭖺
ocujqmer	𭖼
ocujqldm	𭖾
ocujvxwf	𭗄
ocujuicy	𭗇
ocujlcmu	𭗈
ocujwuif	𭗉
ocujuhqm	𭗊
ocujuiyu	𭗑
ocujddwf	𭗒
ocujrfmw	𭗓
ocujihyz	𭗕
ocujyefu	𭗘
ocujrfmw	𭗙
ocujglww	𭗞
ocujggjn	𭗟
ocujcche	𭗡
ocujpiye	𭗣
ocujuzqi	𭗦
ocujuijq	𭗨
ocujqqxi	𭗩
ocujhegv	𭗪
ocujkzwf	𭗭
ocujhuge	𭗲
ocujccpi	𭗳
ocujccgj	𭗷
ocujvfvf	𭗸
ocujmmmm	𭗹
ochgirhg	𭗻
ocjljljl	𭘀
ocbaihsi	𭘊
ocliytgs	𭘐
ocjbklyz	𭘗
ocjbihho	𭘛
ocjbkzrf	𭘡
ocjbyhji	𭘤
ocjbirkl	𭘥
ocjbirtm	𭘦
ochgbcjb	𭘧
ocjbbdwu	𭘫
ocjbwudn	𭘮
ocdihgyi	𭘳
ocjbhuui	𭘶
ocjbbcdg	𭘻
ocjbrfdg	𭘼
ocycycqi	𭙌
ocgldmdm	𭙑
ocglgshg	𭙗
ocglxtia	𭙙
ocglcsda	𭙟
ocglhgcy	𭙥
ocglxtcs	𭙧
ocglhgvi	𭙨
ocgluina	𭙫
ocglqlsi	𭙬
ocglbiyj	𭙮
ocglgsbw	𭙯
ocgljiye	𭙰
ocglxnwf	𭙱
ocglvvtu	𭙳
ocglytqr	𭙵
ocglvvyt	𭙶
ocglhgjb	𭙺
ocgluiyi	𭙾
ocglbwyz	𭚀
ocglvsyi	𭚁
ocglytbi	𭚂
ocgluiri	𭚃
ocglhexb	𭚄
ocglycnv	𭚅
ocglhwer	𭚆
ocglheui	𭚇
ocgldabd	𭚈
ocmarfyt	𭚉
ocglbwnn	𭚊
ocglqruz	𭚋
ocglertu	𭚌
ocglaobw	𭚍
ocglieis	𭚏
ocglytli	𭚐
ocglvvgc	𭚑
ocvihgdm	𭚒
ocwhdcdm	𭚗
ocugdccc	𭚘
oczuzicc	𭚝
ochgyihg	𭚟
ocyippdm	𭚠
ocyuxnui	𭚤
ocqigsli	𭚨
ocgsujwf	𭚱
ocgsrfrj	𭚳
ocgshgyt	𭚶
ocgsrfis	𭚸
ocgsrfkl	𭚹
ocgskzkl	𭚼
ocyegswf	𭛁
ocgsbogs	𭛂
ocgsuuyt	𭛄
ocgshgjb	𭛅
ocbwbwgs	𭛋
ocgsbkjl	𭛌
ocuuujuu	𭛕
ocuuujuu	𭛖
ocujujlb	𭛗
ocyjrfri	𭛛
ocrfvehg	𭛝
ocrfkzyz	𭛠
ocrfqmia	𭛣
ocrfwhba	𭛩
ocrfihmu	𭛪
ocrfbcvi	𭛮
ocrfriyz	𭛲
ocrfvxfu	𭛳
ocrfuutn	𭛹
ocrfhujb	𭛺
ocrfxiwf	𭜁
ocrffzmk	𭜇
ocrfliwf	𭜈
ocrfgcye	𭜊
ocervexb	𭜎
ocxbuibi	𭜏
ochgkzxb	𭜓
ocwfsixb	𭜘
octubaxn	𭜙
ocxbyibk	𭜚
ocxbppyz	𭜞
ocxbrfda	𭜠
ocxbglsi	𭜡
ocrfxtxb	𭜣
ocrfklxb	𭜤
ocxibixb	𭜥
ocbkkzxb	𭜦
ocbatuxb	𭜧
ocklwfxb	𭜪
ocxbbcwf	𭜭
ocbcwfxb	𭜰
ocxbuive	𭜱
ocxbuili	𭜲
ocvgxtxb	𭜳
ocxbdcdc	𭜴
ocxtxtxb	𭜵
octukzxb	𭜶
ocmusixb	𭜷
ocgswuxb	𭜹
ocxbbdqi	𭜿
ocxbuijb	𭝀
ocnvqmxb	𭝆
ocxbklvz	𭝐
ocxbrimu	𭝑
ocriwuxb	𭝓
ocxbqpye	𭝔
ocxbqier	𭝚
ocbcbjxb	𭝜
ocppfgxb	𭝢
ocifsixb	𭝨
ocxbppbi	𭝰
ocrfmixb	𭝲
ocxbndmb	𭝳
ocrfwfxb	𭝶
ocxbdaxn	𭝷
ocbduuxb	𭝸
ocxbyzcy	𭝹
ocxbiyui	𭝺
ocxberxb	𭝼
ocrfqmxb	𭞁
ocnvmuxb	𭞉
ocuiyzxb	𭞊
ocxbxixb	𭞋
ocbcuixb	𭞌
ocgjuexb	𭞍
ocxbhgbw	𭞎
ociftdxb	𭞏
ochguisi	𭞐
ocfuwfxb	𭞑
ocxbihbm	𭞒
ocervuxb	𭞕
ocxbccji	𭞖
ocuhqmxb	𭞗
ocridaxb	𭞘
ocxbwfli	𭞙
ocxbrivu	𭞛
ocxbucxn	𭞜
ocxbrfvv	𭞞
ocmwuuxb	𭞠
octurfxn	𭞢
ocxbhgcs	𭞥
ochgjixb	𭞦
ocihuoxb	𭞨
ocxbccyt	𭞩
ocxkwfxb	𭞫
ocxbhgtm	𭞬
ocxbccmh	𭞰
ocuhuuxb	𭞲
ocxbyefu	𭞴
ocuvdixb	𭞸
ocxbgsvv	𭞹
ocxbifho	𭞺
ocxbzovi	𭞻
ocxbrixb	𭞽
ocxbbaui	𭞾
ocvjrfxn	𭟀
ocxbwfjm	𭟁
ocqqqrxb	𭟂
ocxbxtvv	𭟃
ocyjycxb	𭟄
ocxbpncy	𭟅
ocxbhgmu	𭟆
ocxbccuu	𭟈
ocxbhuyi	𭟊
ocxbqixb	𭟍
ocxbfubw	𭟎
ocifyexb	𭟏
ocxbximu	𭟑
ochuqmxb	𭟔
ocxbyuyt	𭟘
ocuhklxb	𭟚
ocliybxb	𭟛
ocxblixb	𭟞
ocsiwfxb	𭟟
ocbkqrxb	𭟢
ocxbccmu	𭟤
ocxbmfqi	𭟥
ocxbxiyt	𭟧
ocxbquiu	𭟨
ocxbvvdg	𭟩
ocvhvfxb	𭟪
ocxbvrnn	𭟫
ocxbccdg	𭟭
ocbaihge	𭟱
ocgeuhri	𭟴
ockzytia	𭟶
ocdguige	𭟷
ocyuxnrf	𭟸
ocbawukz	𭟹
ochggeri	𭟺
ochuqqge	𭟼
ochgdzge	𭟾
ochuvekz	𭠂
ochuppyz	𭠅
ochukztm	𭠇
ochulkuj	𭠉
ocuzveer	𭠐
ocuzdahg	𭠑
ocuzkzyz	𭠘
ocuzrfgj	𭠛
ocuzrftu	𭠜
ocuzbcve	𭠝
ocuzwhbu	𭠠
ocuzbakz	𭠡
ocuzdagj	𭠦
ocuzdatu	𭠨
ocuzrfdj	𭠭
ocuziayz	𭠮
ocuzercy	𭠯
ocuzdcdc	𭠱
ocuzgeyc	𭠵
ocuzbitu	𭠷
ocuzhgvi	𭠹
ocuzujba	𭠼
ocuzdcjb	𭡁
ocuzpmxi	𭡂
ocuzxtzz	𭡈
ocuztuyi	𭡉
ocuzquer	𭡊
ocuzhgqn	𭡌
ocuzkzri	𭡑
ocuzjbwf	𭡓
ocuzdcba	𭡔
ocuzrfyi	𭡖
ocuzwfer	𭡛
ocuzquyi	𭡟
ocuzdacc	𭡢
ocrimuuz	𭡣
ocuzsifh	𭡥
ocuztmbi	𭡨
ocuzpjds	𭡯
ocuzuiyh	𭡱
ocuzccuu	𭡷
ocuzuuzz	𭡸
ocuzueyi	𭡿
ocuzdcyt	𭢄
ocuubauz	𭢅
ocuzrfyi	𭢆
ocuzlcqp	𭢈
ocuzhuqq	𭢉
ocuzjrui	𭢏
ocuzyike	𭢔
ocuzyjwf	𭢖
ocuzuixb	𭢙
ocuzerer	𭢛
ocuzyido	𭢟
ocuzwfmu	𭢠
ocuzyuxn	𭢢
ocuzdddy	𭢣
ocuzccli	𭢧
ocvigfuz	𭢩
ocuzvuyj	𭢪
ocuzmasi	𭢮
ocuzlqyi	𭢯
ocuzlnis	𭢰
ocnuuzyj	𭢱
ocuzyami	𭢳
ocuzmfjq	𭢶
ocuzlutu	𭢻
ocuzhgvi	𭢾
ocuzuili	𭢿
ocuzuizg	𭣃
ocxkyjuz	𭣆
ociekluz	𭣈
ocuzmfvv	𭣉
ocuzvumu	𭣊
ocuzmosi	𭣎
ocuzfjui	𭣏
ocseuzni	𭣑
ocuztsyj	𭣓
ocuidmyz	𭣔
ochgyzpp	𭣕
ocxiuiyz	𭣚
ocuhyavi	𭣝
ocuiyivi	𭣞
ocrfuupu	𭣢
ocyzuuwf	𭣧
ocihklwf	𭣪
ocuuhgwf	𭣫
ocuhxnwf	𭣬
ocgserpu	𭣭
ocnqklwf	𭣮
ociuhgwf	𭣰
ocxiziwf	𭣲
ocgsgswf	𭣵
ocycytpu	𭣷
ocgsytpu	𭣹
ocyawfvg	𭣼
ocwfziwf	𭣾
oclikepu	𭣿
ocbdfhpu	𭤁
ocbdddwf	𭤂
ocuihewf	𭤄
ochgcypu	𭤅
ocvimiwf	𭤆
ocmcihnv	𭤇
ochgcywf	𭤈
ochypuuj	𭤉
ocvsnvyz	𭤋
ocsiyiwf	𭤌
ocbdbcvg	𭤍
ocwwwfld	𭤎
ocirihgj	𭤏
ochuyupu	𭤐
ocbkluwf	𭤓
ocyjycwf	𭤛
ochuiudz	𭤜
ockzdzkz	𭤝
ocgsjijb	𭤡
ocmuxnjb	𭤣
ocrikzjb	𭤤
ocjqbijb	𭤥
ocwfvefh	𭤪
ocfhppye	𭤮
ocfhrfyu	𭤰
ocfhuiqi	𭤴
ocfhrfba	𭤸
ocfhdcbu	𭤺
ocfhrfvi	𭤻
ocfhsv	𭤽
ocieuufh	𭥂
ocfhrfkz	𭥃
ocdjppyz	𭥒
ocbciari	𭥘
ocklveri	𭥝
ocsirive	𭥟
ocriujji	𭥥
ocrixier	𭥦
ocrixiui	𭥧
ocribawf	𭥨
ocribcve	𭥭
ockzxnri	𭥴
ocrirfri	𭥷
ocrixicy	𭥸
ocrisinq	𭥿
ocrilili	𭦀
ocriveji	𭦁
ocrfbkri	𭦃
ocribitu	𭦅
ocriqpba	𭦈
ocdctmri	𭦌
ocrirfmu	𭦍
ocrilqwf	𭦑
ocsiwfri	𭦖
ochgycri	𭦙
ocbdbari	𭦚
ochjrfgj	𭦜
ocrisiwj	𭦟
ocrippjb	𭦢
ocriyuyt	𭦦
ocyrrivc	𭦨
ocrituyr	𭦩
ocxiuhri	𭦪
ocrifghg	𭦮
ocrikzer	𭦱
ocissiri	𭦳
ocrihztu	𭦵
ocribdwf	𭦸
ocribiii	𭦹
ocrixtyz	𭦿
ocklsiri	𭧀
ocufdcjq	𭧁
ocxiwfri	𭧆
ocrigsys	𭧉
ocrijiwf	𭧊
ocriwfjm	𭧐
ocrirfuv	𭧔
ocriccwj	𭧕
ocrigvri	𭧛
ocbdycri	𭧡
ochgbcui	𭧢
octmhori	𭧣
ocridckz	𭧬
ocrippkv	𭧮
ocrixlyi	𭧯
oclujiri	𭧳
ocriuiyi	𭧵
ocrihuli	𭧷
oczuiuri	𭧹
ocrilqyi	𭧽
ocriifho	𭧾
ocririgs	𭨃
ocrivxxb	𭨄
ocririhx	𭨋
ocridsho	𭨌
ocriycbw	𭨍
ocsiwuri	𭨐
ocrijkye	𭨖
ocjkklhv	𭨗
ocrivedm	𭨘
ocriwujb	𭨝
ocqiwfri	𭨠
ocriiuxn	𭨢
ocytbakv	𭨯
ocytqmia	𭨰
ocytgsdc	𭨱
ocytriln	𭨲
ocytgegs	𭨴
ocytgegs	𭨵
ocytjbkz	𭨷
ocytgekz	𭨺
ocppuumu	𭨾
ocytujis	𭩂
ocytjrwf	𭩃
ocytdcbi	𭩄
ocytjrui	𭩅
ocytdcna	𭩈
ocytigyi	𭩉
ocytbcyu	𭩋
ocytuzyt	𭩍
ocytyuuv	𭩎
ocytvxxb	𭩑
ocytsing	𭩓
ocytbwnv	𭩖
ocytyuwu	𭩗
ocmuuibi	𭩝
ocmuverf	𭩟
ocsahgmu	𭩠
ocmuycuu	𭩡
octujimu	𭩥
ocmurfgj	𭩧
ocmuppcd	𭩩
ocmuxier	𭩪
ocbkrfmu	𭩮
ocgsppmu	𭩲
ocmuqiqi	𭩳
ocmudkri	𭩵
ocmuribi	𭩷
ockzkzmu	𭩸
ocmubaer	𭩺
ocmuuvvh	𭩻
ocmusiba	𭩾
ocsisimu	𭩿
octubami	𭪀
ocmudcdc	𭪁
ocmuuviu	𭪂
ocmudakz	𭪅
ocmurfvg	𭪉
ocmuwfuj	𭪊
ocmundgu	𭪏
ocmuqmzz	𭪒
ocddermu	𭪕
ocxiermu	𭪖
ocbagsmu	𭪗
ocgsqmww	𭪙
ocmuhgba	𭪚
ocfgdcmu	𭪛
ocmuklvc	𭪜
ocuurfmu	𭪢
ocmunwbi	𭪣
ocmubcbi	𭪮
ocmubaxi	𭪯
ocmuwfmu	𭪱
ocmuyhji	𭪲
ocddddmu	𭪴
ocmukzui	𭪵
ocmugjwf	𭪶
ocmuhvmu	𭪷
ocmuvier	𭪸
ocmuccdn	𭪺
ocujppmu	𭪼
ocmukzmu	𭪽
ocmuwfis	𭫂
ocmuhecc	𭫃
ocwwcscs	𭫈
ocmuwfwf	𭫉
ocwfyimu	𭫋
ocmuklfj	𭫍
ocmuhvvi	𭫎
ocmuuimu	𭫏
ocmusarj	𭫐
ocuijumu	𭫑
ocbkbkmu	𭫒
ocmubdhg	𭫓
ocmuuuba	𭫕
ocmuxnbw	𭫖
ocmuqmli	𭫗
oclwcscs	𭫘
ocmurfzu	𭫚
ocmufher	𭫛
ocmumckz	𭫜
ocmuifqr	𭫞
ocmubdmu	𭫟
ocmukeyi	𭫡
ocwhcsmu	𭫢
ocmuuikz	𭫥
ocmuiysi	𭫦
ocmuccys	𭫩
ocxilbho	𭫬
ocwfmuba	𭫭
ocmujrui	𭫯
ocmujrhe	𭫰
ocmuxryi	𭫱
ocmuyijk	𭫲
ocmuwfmu	𭫳
ocmudimu	𭫴
ocmuuvis	𭫵
ocmudgis	𭫷
ocmulnho	𭫸
ocmuvvwf	𭫺
ocmuerbd	𭫻
ocmucici	𭫼
ocyclbmu	𭫽
ocmulimu	𭫾
ocmuccgj	𭫿
ocririlb	𭬀
ocmuwuxb	𭬁
ocmuduxx	𭬃
ocmuyuxl	𭬆
ocmuccvv	𭬈
ocmuuijm	𭬉
oclbersi	𭬊
ocmuuuyj	𭬍
ocsifumu	𭬏
ocxidaer	𭬑
ocmubkmu	𭬓
ocmuqujq	𭬔
ocmuvomu	𭬕
ocmuccxu	𭬗
ocmuvvho	𭬘
ocmujiis	𭬛
ocmuxivi	𭬜
ocmuxibw	𭬞
ochgbcmu	𭬟
ocmuuili	𭬠
ocmujbwf	𭬡
ocyeuumu	𭬢
ocmuvuuv	𭬤
ocmuvvjs	𭬥
ocmuwwho	𭬦
ocmutris	𭬧
ocmuccdj	𭬩
ockzbamu	𭬫
ocmuvumu	𭬬
ocmubaxx	𭬭
ocmuyhnd	𭬮
ocmuliho	𭬯
ocmugsjl	𭬰
ocmuwfvv	𭬳
ocmuyugs	𭬵
ocuiccmu	𭬷
ocmuwfjq	𭬹
ochggofu	𭬺
ocmuccuu	𭬼
occcsimu	𭬽
ocmuyjho	𭬿
ocmuluhe	𭭀
ocmuxmge	𭭁
ocmuxima	𭭂
ocmuuivf	𭭃
ocujuiqm	𭭍
ocuhuiqm	𭭎
ocklmiqm	𭭏
ochgwfqm	𭭓
ochuqqqm	𭭔
ocgsvvqm	𭭕
ocglyuqm	𭭖
ocvidmdm	𭭚
occcsjvi	𭭡
ochgvifa	𭭣
ocviqmfu	𭭥
ocvitmyz	𭭧
ocwuvivi	𭭩
ocwduuxt	𭭪
ocviuiug	𭭬
ocvisilk	𭭭
ocwuhujb	𭭮
ocviuawf	𭭰
ocviuigu	𭭲
ocviuiyu	𭭳
ocvivivi	𭭴
ocdvvize	𭭻
ocvitutu	𭭼
ocddsisi	𭮄
ocddkzyz	𭮈
ocddhghg	𭮉
ocddihsi	𭮊
ocddppba	𭮍
ocddwfsi	𭮐
ocddfwfw	𭮖
ocddrfhg	𭮘
ocxbdduu	𭮙
ocddxtrf	𭮚
ocddyzjq	𭮞
ocddhgho	𭮟
ocddwfri	𭮢
ocddccho	𭮦
ocxbddxb	𭮧
ocuieryz	𭮭
ochgziuu	𭮮
ocyzqnuu	𭮯
ocuihgyz	𭮰
ocybkzyz	𭮱
ocjqtuuu	𭮳
ocihwjuu	𭮴
ocbdtuuu	𭮵
ocugkzyz	𭮶
ocvjkzyz	𭮺
ochgsiyz	𭮻
ociekzyz	𭮼
ocuiiruu	𭮽
ocuguujx	𭮾
ocviytuu	𭮿
ocvxyzuu	𭯁
ocuguugo	𭯃
ocuguuhv	𭯅
ocmwrflq	𭯉
ocdcklbi	𭯍
ocmcdcwf	𭯟
ocyapumc	𭯠
ocmuihmc	𭯡
ocyuyumc	𭯥
ocmcwfui	𭯨
ocyujnmc	𭯩
ocwfbwmc	𭯬
ocmctmtu	𭯭
ocyjsimc	𭯮
ocmcwfqp	𭯯
ocrfvemb	𭯰
ocqiybmb	𭯳
ocuvxtuu	𭯸
ocuvbcbi	𭯻
ocuvklsi	𭰁
ocuvhzuu	𭰂
ocuvrfsi	𭰅
ocuvjigs	𭰆
ocuvyyir	𭰈
ocuvdkdk	𭰌
ocuvrfdc	𭰐
ocuvqiia	𭰑
ocuvwfxs	𭰔
ocuvuigs	𭰖
ocuvuili	𭰛
ocuvppif	𭰝
ocuvwukz	𭰞
ocuvtuge	𭰦
ocuvwfyt	𭰧
ocuvjusi	𭰨
ocuvuzni	𭰬
ocuvccsi	𭰯
ocuvvibi	𭰱
ocuvklbk	𭰲
ocuvwuyt	𭰴
ocuvrfug	𭰵
ocuvwfvg	𭰸
ocuvbcmi	𭰹
ocuvyiui	𭰺
ocuvwhmb	𭰻
ocuvgrli	𭰼
ocuvuvxb	𭰽
ocuvvemb	𭰾
ocuvgsnq	𭱂
ocuvmacc	𭱃
ocuvgscc	𭱄
ocuvkeli	𭱅
ocuviedc	𭱆
ocuvyyrj	𭱋
ocuvergj	𭱌
ocuvyeuj	𭱎
ocuvtmtm	𭱏
ocuvccdc	𭱐
ocuvwuri	𭱓
ocuvhecy	𭱔
ocuvzzva	𭱕
ocuvxixb	𭱖
ocuvxili	𭱗
ocuvxkmu	𭱚
ocuvjrtu	𭱜
ocuvrfrf	𭱟
ocuvtdmu	𭱠
ocuvfhli	𭱢
ocuvieiu	𭱤
ocuvuiui	𭱥
ocuvgumb	𭱦
ocuvyejb	𭱩
ocuvyeuv	𭱪
ocuvyzwf	𭱬
ocuvjmcy	𭱭
ocwurfuv	𭱮
ocuvwfzi	𭱰
ocuvjryc	𭱱
ocuvbkxn	𭱲
ocuvuida	𭱳
ocwuuvnj	𭱷
ocuvvoiu	𭱸
ocuvlcke	𭱹
ocuvccie	𭱺
ocuvhumu	𭱼
ocuvyecs	𭱽
ocuvddwf	𭱾
ocuvklqk	𭱿
ocuvccwu	𭲁
ocuvbdgl	𭲄
ocuvrfqi	𭲆
ocuvbduj	𭲇
ocuvjrhe	𭲈
ocuvqmgz	𭲉
ocuvjrui	𭲊
ocuvwhwf	𭲋
ocuvjrui	𭲌
ocuvqiui	𭲍
ocuvgsba	𭲑
ocuvhgbd	𭲒
ocuvuixb	𭲓
ocuvhgtm	𭲔
ocuvuixb	𭲖
ocuvwhzs	𭲙
ocuvvixb	𭲚
ocuvjxri	𭲛
ocuvdabw	𭲜
ocuvccji	𭲝
ocuvyejb	𭲞
ocuvytlb	𭲡
ocuvrfnv	𭲣
ocuvrfve	𭲤
ocuvyutm	𭲥
ocuvvxwf	𭲦
ocuvbcwu	𭲧
ocuvxtui	𭲩
ocuverih	𭲪
ocuvyuqm	𭲬
ocuvzuyy	𭲭
ocuvrivg	𭲮
ocuvbaji	𭲯
ocuvvuuu	𭲱
ocvjrfuv	𭲲
ocuvwfmb	𭲳
ocuvwfjq	𭲴
ocuvziho	𭲵
ocuvxtvv	𭲶
ocuvjrbw	𭲷
ocuvjbiu	𭲸
ocuvbikv	𭲹
ocuvvuss	𭲺
ocuvmfli	𭲻
ocuvyzho	𭲼
ocuvviri	𭲾
ocuvhumu	𭳁
ocuvriba	𭳃
ocfuihfu	𭳄
ocuvzida	𭳅
ocuvhusi	𭳆
ocuvgrvv	𭳊
ocuvhgcy	𭳍
ocuvccvj	𭳎
ocuvuoxb	𭳏
ocuvdaji	𭳑
ocuvgsjb	𭳓
ocuvuili	𭳔
ocuvyequ	𭳖
ocuvsiho	𭳗
ocuvwhve	𭳘
ocuvuikz	𭳙
ocuvccvr	𭳚
ocuvveyu	𭳛
ocuvbmuu	𭳜
ocuverho	𭳝
ocuvfubd	𭳞
ocuvdaui	𭳟
ocuvccwa	𭳡
ocuvvumu	𭳣
ocuvyhho	𭳦
ocuvwfqp	𭳧
ocuvqmwf	𭳨
ocuvwfsi	𭳩
ocuvbcye	𭳪
ocuvgcir	𭳫
ocuvpucy	𭳭
ocuvqmuu	𭳮
ocuvqixn	𭳯
ocuvgjis	𭳰
ocuvccbc	𭳲
ocuvxnhu	𭳳
ocuvbwwu	𭳴
ocuvccjq	𭳷
ocuvtmqr	𭳸
ocuvbklu	𭳺
ocuvernn	𭳻
ocjlccvv	𭳼
ocuvmfda	𭳽
ocvvvvqr	𭳾
ochobaba	𭴑
ocxierho	𭴕
ocveeryu	𭴚
ocbcirho	𭴠
ochosihg	𭴥
ocrisiho	𭴫
ochovjkl	𭴭
ochojb	𭴵
ochositm	𭴶
ocjqbcho	𭴷
ocifyzho	𭴸
ochogsho	𭴹
ochgkzho	𭴺
ocdcxiho	𭴾
ocrfxiho	𭴿
ochovxrf	𭵂
ochoytqr	𭵃
ocrfklho	𭵄
ocuvjuho	𭵆
ocbcccho	𭵇
ocdcklho	𭵈
ochoccli	𭵋
ochoxntu	𭵏
ochoriyu	𭵑
ochoriba	𭵒
ochokzer	𭵓
ochoycuv	𭵔
ochobcfz	𭵖
ochohukz	𭵚
ocxbzdho	𭵛
ocwfliho	𭵜
ocyhuvho	𭵠
ochogsba	𭵡
ochogsys	𭵥
oclbbcho	𭵦
ocifrfho	𭵧
ochoccyu	𭵨
ocxihouu	𭵫
ochojiho	𭵯
ochoiryi	𭵰
ochojlcy	𭵲
ocifvcho	𭵳
ochoyzho	𭵷
ochorivu	𭵹
ocifuvho	𭵺
ocmundho	𭵾
ochovixb	𭶁
ochogsuu	𭶂
ockzgfho	𭶃
ochoccbf	𭶄
ochoyefu	𭶅
ochohumu	𭶇
ocklhjho	𭶉
octuqmho	𭶊
ocrigfho	𭶐
oclijiho	𭶑
ochojqwf	𭶔
ocieqrho	𭶕
ocuivvho	𭶗
ochowfbw	𭶘
ocuuuuho	𭶚
ochofuwf	𭶛
ocrfyjho	𭶜
ocjnuiho	𭶝
ocbcmwho	𭶞
ocrfjbho	𭶠
ocbcgsho	𭶡
occcviho	𭶢
ochozzvv	𭶤
ocwfyhho	𭶥
ochoyisi	𭶦
ochoyhyj	𭶩
ocvxkler	𭶪
ocvxwhbu	𭶬
ocvxppna	𭶮
ocvxycyc	𭶯
ocvxmuqp	𭶴
ocvxvglq	𭶷
ocihhevx	𭶸
ocpjjb	𭷆
ocpmrfyz	𭷌
ocjqyznq	𭷘
ocqudcnq	𭷠
ocqubcnq	𭷣
ocuiirnq	𭷤
ocyawfnq	𭷥
ocnqgsxb	𭷨
ocnqxtju	𭷫
ocjiuunq	𭷮
ocmuihnq	𭷯
ocmcihnq	𭷳
ocheuvnq	𭷵
oclwnq	𭷶
ocqruhve	𭷺
ocqrxikl	𭸂
ocqrkzkz	𭸅
ocqrsifu	𭸉
ocqrjqer	𭸍
ocqrbdbi	𭸎
ocqrbcyt	𭸏
ocqrzimb	𭸒
ocqrihls	𭸔
ocqrirtm	𭸖
ocqrvina	𭸜
ocqrlikz	𭸟
ocqrdaxn	𭸡
ochgysqr	𭸣
ocqrucxn	𭸥
ocqrjrmb	𭸦
ocqrdimu	𭸧
ocyebiqr	𭸪
ochgysqr	𭸮
ocqrujnn	𭸯
ocqrsing	𭸰
ocqrbwvi	𭸴
ocxkbcyu	𭸼
ochgfutu	𭸽
ocwhrfxn	𭹀
ocwhuuhg	𭹅
ocwhvxcy	𭹑
ocwhqmkz	𭹒
ocwhjb	𭹔
ocwhriri	𭹕
ocwhxktm	𭹗
ocwhbcmi	𭹘
ocwhddwh	𭹚
ocwhwfwh	𭹞
ocwhbcfz	𭹟
ocwhvxrf	𭹠
ocwhwfho	𭹡
ocwhbcui	𭹣
ocwhgsji	𭹥
ocwhujge	𭹧
ocwhhztu	𭹩
ocwhzzva	𭹪
ocwhtmwf	𭹭
ocwhuiyz	𭹮
ocwwjiwh	𭹯
ocwhyumi	𭹲
ocwhdgmi	𭹵
ocwhddmi	𭹷
ocwhwhks	𭹸
ocwhuiyi	𭹹
ocwhppxn	𭹻
ocwhxtxn	𭹽
ocwhlqvv	𭹾
ocwhtmho	𭹿
ocwhccqi	𭺃
ocwhrifh	𭺄
ocwhjnyh	𭺅
ocwhvxwf	𭺆
ocwhlixn	𭺇
ocwhrfho	𭺈
ocwhrfwf	𭺉
ocwhhoqr	𭺍
ocwfytyu	𭺏
ocwhwfbw	𭺐
ocwhbcmu	𭺒
ocriujuj	𭺔
ocwhjmjm	𭺕
ocwhccwf	𭺖
ochgppdm	𭺛
ochgjqer	𭺜
ocwahuui	𭺥
ochgeruu	𭺪
ochguhuu	𭺫
ocgjbcyh	𭺭
occcwwug	𭺶
occcsjys	𭺺
ocriuupp	𭺽
ocjxcchg	𭺾
octmppdm	𭻊
ocberipp	𭻋
octmndmu	𭻐
oceruvtm	𭻑
octmsiyz	𭻒
ocjxriyt	𭻝
ocjxuzrf	𭻡
ockztmbi	𭻦
ochgtmho	𭻨
ochgtmhg	𭻩
octmlcke	𭻪
ocrftmho	𭻯
octmcsyi	𭻰
ochgtmho	𭻴
octmkzyi	𭻵
octmbchg	𭻸
ocuitmtm	𭻹
octmtmdo	𭻼
ocpiccle	𭻽
ochgrizz	𭻿
ocvevipi	𭼀
ocgskzpi	𭼁
ocrfsipi	𭼂
ocvitmpi	𭼃
ocuhuizz	𭼅
ocbknqba	𭼋
ocbkirda	𭼍
ocbkxkli	𭼎
ocbkxitu	𭼗
ocbkrfer	𭼘
ocbkcsxb	𭼙
ocbkbcxb	𭼚
ocbkhegs	𭼜
ocbklikz	𭼝
ocbkyhxb	𭼞
ocbkyuxt	𭼠
ocbkdgis	𭼦
ocbkycge	𭼧
ocbkytqr	𭼩
ocbkytge	𭼪
ocbkvxwf	𭼬
ocbkerih	𭼭
ocbkmuyj	𭼮
ocbkpncy	𭼱
ocbkhuvv	𭼲
ocbkqrtu	𭼶
ocbkuvvi	𭼷
ocbkqmsi	𭼸
ocbkbwwa	𭼹
ocbkyiye	𭼺
ocbkbwvv	𭼻
ocbkrfwf	𭼼
ocppiaba	𭼽
ocppiatm	𭼾
ocppiadz	𭽁
ocwffhwf	𭽂
ocdghggl	𭽄
ocbdhgve	𭽇
ocbduuhg	𭽈
ocbdriuu	𭽒
ocbdugdm	𭽓
ocbdrfba	𭽖
ocbdhgyi	𭽘
ocbdhvwu	𭽙
ocmbwfbd	𭽞
ocpirfye	𭽤
ocbayypi	𭽦
ocxtxtpi	𭽪
ocgsytpi	𭽬
ocuierpi	𭽯
ocbaihpi	𭽶
ochudzpi	𭽷
ocvupids	𭽸
ocerispi	𭽻
ocppyzmb	𭽽
ocqmfumb	𭾂
ockzrfmb	𭾆
ocquqmmb	𭾈
ocyzbamb	𭾉
ocuiyzmb	𭾊
ockzrfmb	𭾋
octugumb	𭾌
ocqimimb	𭾍
ockzgumb	𭾏
ochgtmmb	𭾐
ocifuemb	𭾑
ocvigfmb	𭾒
ocuvkhmb	𭾔
ocdkyumb	𭾕
ochequdz	𭾖
ocvjerpp	𭾛
ocmuhgir	𭾡
ocmugshg	𭾤
ocmuglsi	𭾦
ocpplcmu	𭾩
ocsiveyi	𭾪
ocmuiydm	𭾳
ocmubcvi	𭾷
ocyawfmu	𭾹
ocmurimu	𭾻
ocxiwfmu	𭾽
ocbkyimu	𭿀
ocmusv	𭿂
occcbcmu	𭿃
ocmuccer	𭿆
ocmuujis	𭿇
ocbiuimu	𭿌
ocifuumu	𭿐
ocpptuyh	𭿓
ocmudacc	𭿗
ocmuziuj	𭿙
ocmuhufu	𭿛
ocmubcju	𭿜
ocmuziui	𭿟
ocmuccqp	𭿣
ocmuuiuv	𭿤
ocmumufg	𭿥
ocuguumu	𭿩
ocmurfyz	𭿪
ocmucche	𭿫
ocmubcba	𭿬
ocmubwyi	𭿮
ocmuyisi	𭿯
ocyipimu	𭿲
ocmumusi	𭿴
ocklvepp	𭿵
ocxivepp	𭿶
ocmcxnbw	𭿻
ocuigehg	𮀆
ocmuirui	𮀇
ocviuiyu	𮀉
ocuiverf	𮀌
ocwftuui	𮀒
ocuiyikz	𮀕
ocuidmvg	𮀗
ocwfxsui	𮀘
ocddyzui	𮀜
ocbdwfui	𮀯
ocbdwhui	𮀱
ocuibckl	𮀳
ocuisimu	𮀵
ocuigjuz	𮀶
ocuihuwf	𮀸
ocuizida	𮀹
ocuiyuuu	𮀽
ocuijxyt	𮀾
ocuiirbw	𮁁
ocuijqbw	𮁃
ocuilimu	𮁄
ocuigsfu	𮁅
ocuiccyu	𮁆
ocuiheyu	𮁈
ocuiwhmu	𮁊
ocuiccmb	𮁌
ocuihkui	𮁍
ocuixtvv	𮁎
ocuibdui	𮁏
ocuibkmu	𮁐
ocuitmqp	𮁓
ocuiccif	𮁔
ocuimavo	𮁘
ocuiccle	𮁚
ocuixtmu	𮁛
ocppiaui	𮁨
ocppihkz	𮁩
ocppndmu	𮁳
oclquiuu	𮁶
ochgbcui	𮁸
ocddyzui	𮁹
ocpprfdm	𮁼
ocppkzvi	𮂂
ocbiuihe	𮂄
ocppjqgs	𮂈
ocppppfu	𮂊
ocpptmyh	𮂍
ocuguuui	𮂐
ocppwftm	𮂔
ocppxisi	𮂗
ocppytqr	𮂘
ocpplqyi	𮂜
ocpptucy	𮂞
ocppmmqp	𮂟
ocppfubw	𮂠
ocppvxkl	𮂢
ocppqixn	𮂧
ocppvufa	𮂫
ocujxssi	𮂬
ocycbcyu	𮂮
ochebcbi	𮂵
ochejibk	𮂷
ocheppyz	𮂺
ocheihho	𮃃
ochendmu	𮃄
ochejb	𮃆
ochedakv	𮃈
ocheujys	𮃋
ochebcmi	𮃌
ocherfyh	𮃍
ochevxer	𮃎
ochewfys	𮃏
ochegsxb	𮃐
ocheyuyt	𮃒
ochexitu	𮃓
ochesifh	𮃕
ochexiwh	𮃖
ochejquj	𮃗
ocheqmkl	𮃘
ocheqmkl	𮃙
ocheyzri	𮃛
ochewfve	𮃞
ocqqwfri	𮃢
ocheuugo	𮃥
ochemitm	𮃪
ochejixn	𮃮
ocrfcche	𮃰
ochebcli	𮃱
ochevjli	𮃵
ocheluhe	𮃶
ocxthger	𮃺
ocxtjb	𮄀
ocxttuve	𮄁
ocxtxbww	𮄆
ocxtgjqm	𮄈
ocxtzudc	𮄉
ocxtvxtm	𮄋
ocxtrfyz	𮄎
ocxtuugo	𮄑
ocxtsiys	𮄒
ocxtpjgc	𮄔
ocxtpjuf	𮄕
ocxtvixb	𮄖
ocxtvjjm	𮄗
ocxtrfyu	𮄘
ocxtjllz	𮄙
ocxtuijm	𮄚
ocxtdcho	𮄛
ocxtvzyz	𮄝
ocxtzujm	𮄟
ocxtpjvo	𮄡
ocxtzuho	𮄢
ocxtsier	𮄣
ocxtgekz	𮄤
ocxtpjmg	𮄥
ocxtjlmg	𮄦
oclibcjm	𮄼
oclilidm	𮄿
ocvudmwu	𮅂
ocvuuinm	𮅉
ocvurfxn	𮅌
ocvuklpp	𮅏
ocvuiyee	𮅒
ocvuuvyy	𮅔
ocvumuda	𮅕
ocvuuzvi	𮅚
ocvurfyy	𮅛
ocvumulk	𮅦
ocvumuuf	𮅧
ocvubfvi	𮅨
ocvubcif	𮅬
ocvulnkl	𮅮
ocvuieqi	𮅯
ocvuuili	𮅲
ocvurfys	𮅴
ocvuhgyi	𮅶
ocvubder	𮅷
ocvumuyz	𮅺
ocvuhuqq	𮅽
ocvuriri	𮅾
ocvuueui	𮆃
ocvufhlq	𮆅
ocvuuzfh	𮆇
ocvuyzmb	𮆊
ocvusidd	𮆋
ocvuhugs	𮆌
ocvuqqdi	𮆍
ocvuhgbk	𮆔
ocvuhgdj	𮆕
ocvummwf	𮆖
ocvusifa	𮆘
ocvusiyi	𮆙
ocvufzxi	𮆚
ocvuhebw	𮆛
ocvuyhyz	𮆜
ocvuwhnv	𮆝
ocvudvxb	𮆞
ocvuqmpi	𮆟
ocvuuziy	𮆢
ocvuriyj	𮆣
ocvumfhe	𮆤
ocvugcmu	𮆥
ocvugsvv	𮆦
ocvuuixi	𮆧
ocvujibw	𮆪
ocvufubw	𮆫
ocvubjmb	𮆮
ocvuxbzg	𮆱
ocvudils	𮆲
ocvubcfj	𮆳
ocvuijho	𮆴
ocvuvgnn	𮆶
ocvurisi	𮆷
ocvuhetm	𮆹
ocvurfmu	𮆺
ocvuxbhs	𮆽
ocvuuuhs	𮆾
ocvugllu	𮆿
ocvucjcj	𮇀
ocvusijq	𮇂
ocmivexx	𮇊
ocmiglsi	𮇋
ocwfdmmi	𮇓
ocmippba	𮇚
ocmixibu	𮇣
ocvixsmi	𮇦
ocmixsuu	𮇩
ocvitmmi	𮇬
ocmiqmhe	𮇰
ocmidgxn	𮇲
ochebcmi	𮇵
ocmibdgj	𮇸
ocmiuvmu	𮇹
ocmijrjq	𮇺
occcrfmi	𮇽
ocmipbxn	𮇿
ociiuumi	𮈀
ocsibcia	𮈅
ocsivhvh	𮈌
ocxinasi	𮈏
ocsisiyz	𮈐
ocfgrfsi	𮈑
ocyzbcsi	𮈓
ocsiqmzz	𮈕
ocuibcsi	𮈖
ocsisiwh	𮈘
ocsiccdk	𮈙
ocugrfsi	𮈛
ocsibcmi	𮈜
ocsiglvg	𮈞
ocsimikl	𮈟
ocsixtxi	𮈠
ocsigsxn	𮈢
ocsisivi	𮈣
ocsihvwf	𮈦
ocsiklnv	𮈧
ocsivsyt	𮈨
ocsisifh	𮈫
ocsiujer	𮈭
ocsimcxb	𮈯
ocsixkmu	𮈰
ocsiuudk	𮈱
ocsixnbw	𮈲
ocsibcyj	𮈶
ocsiwfkz	𮈷
ocsiirbw	𮈸
ocsihghu	𮈺
ocsikzhv	𮈻
ocsixtxb	𮈾
ocsibccd	𮉁
ocsiyccc	𮉃
ocsivxwf	𮉆
ocsixklv	𮉇
ocsiqmcs	𮉈
ocsiccri	𮉊
ocsidcyb	𮉍
ocsirfsi	𮉎
ocsiihhw	𮉐
ocsigoyi	𮉑
ocrosisi	𮉔
ocsivvjs	𮉖
ocsihgmb	𮉗
ocsibklu	𮉟
ocrfccuj	𮉰
ocfzdmfz	𮉵
ocfzccys	𮉷
ocfzrfvv	𮉸
ochgbcfz	𮉺
ocqtfwqu	𮉻
ocppkluu	𮉼
ocbcerui	𮉾
ocklrfgu	𮊁
ocrfsiba	𮊆
ocklrfda	𮊇
ocsiuiyt	𮊉
ocklrfdi	𮊊
ocwhsiwh	𮊌
ocghrijb	𮊎
ocbcbagx	𮊏
ocsiyhmc	𮊐
ocsisisi	𮊒
ocsiyuri	𮊕
ocwhyzho	𮊖
ocklbaic	𮊗
ocsihgtm	𮊚
ocsiyjmc	𮊛
ocklvfli	𮊜
ocsiihmc	𮊝
ocklrfqi	𮊞
ocsisiyr	𮊟
ocsigenn	𮊡
ocyhwusi	𮊦
ocyhbchu	𮊧
ocyhheia	𮊫
ocyhziui	𮊳
ocyhmmmc	𮊴
ocwhsiyh	𮊵
ocersiyh	𮊷
ocxtxtri	𮊸
ocxtrfxn	𮊿
ocxtrfxn	𮋀
ocifyzyu	𮋅
ocjmyu	𮋇
ocbdfgyu	𮋉
ocdcuiyu	𮋊
ocsiuvyu	𮋏
ocbcjkyu	𮋐
ocycpiyu	𮋑
ocmitmyu	𮋒
ocyuyccc	𮋓
ocvoheyu	𮋖
oczulqyu	𮋗
ocfubwyu	𮋘
ocvodayu	𮋙
ociuglvd	𮋚
oclcuhri	𮋝
ocdrppyz	𮋟
ocwfyaer	𮋡
ocererxs	𮋢
oclwbakz	𮋧
ocerwukz	𮋱
ocermugs	𮋴
ocerxrdz	𮋸
ocrfqmer	𮋹
ocyiuuer	𮋺
ocugkzer	𮋻
ockzvjer	𮋽
ocjiujer	𮋾
ocvehgdm	𮌁
ocyukluu	𮌄
ocyukluu	𮌆
ockluudm	𮌇
ocytbcve	𮌍
ocbcveyt	𮌎
ocytbags	𮌏
ocytqimu	𮌒
ocytwwuu	𮌓
ocwfkzyt	𮌔
ocytuhri	𮌖
ocytujbi	𮌗
ocytbcfz	𮌚
ocsiytuj	𮌛
ocytxixb	𮌢
ocytglkl	𮌣
ocytsixn	𮌤
ocythgjb	𮌦
ocytjlvi	𮌨
ocrfkzji	𮌩
ocyuhgyy	𮌫
ocytyhuv	𮌮
ocytliyt	𮌯
ocytdgui	𮌰
ocytccyu	𮌵
ocytrfwu	𮌷
ocythufu	𮌸
ocytxiwf	𮌼
ocytdcyb	𮍀
ocytwfyi	𮍁
ocyttuwa	𮍃
ocytccuu	𮍆
ocytyjbi	𮍇
ocjbifyt	𮍈
ocrzvuli	𮍉
ockzklyz	𮍍
ochgpjif	𮍎
ocgepjkz	𮍐
ocdmwuif	𮍒
ocifriyu	𮍓
ocziihuj	𮍖
oczirfyi	𮍙
ocziyidm	𮍚
oczibckz	𮍛
ocnpjqwh	𮍝
ocziziui	𮍞
octsbcvi	𮍤
ocjqbawh	𮍪
ocxihgba	𮍫
ocdmhgba	𮍬
ocddhgba	𮍭
ocuvhgba	𮍮
ocjqzier	𮍯
ocjqhgba	𮍰
ocmihgba	𮍱
octsbcff	𮍲
ocycnvan	𮍳
ocbaihue	𮍹
ocueuvtm	𮍾
ocyjsiir	𮎂
ocvzyzsi	𮎅
ocvzkzyz	𮎆
ocvzkzrf	𮎏
ocvzbcvi	𮎑
ocvzyhmb	𮎔
ocvzfubd	𮎖
ocvzhgmb	𮎗
ocjigugf	𮎚
ocdabdse	𮎞
occcbcbi	𮎠
occcjqyz	𮎢
occcxtve	𮎣
occcklsi	𮎤
occcbada	𮎦
ocqmklba	𮎧
occcdasi	𮎨
occcytyz	𮎭
occcbcrf	𮎯
occcrfer	𮎰
occcrfna	𮎱
occcbdve	𮎲
ochgklve	𮎳
occcvuve	𮎵
occcglqm	𮎶
occcuvve	𮎷
occcbcqm	𮎸
ocgskztu	𮎹
occcquir	𮎻
occcklif	𮎼
occcifve	𮎽
ocgssitm	𮎾
occctmve	𮎿
occcihmb	𮏁
occcxsir	𮏇
occcgswf	𮏉
occcxtyz	𮏋
occcsida	𮏌
occcuvba	𮏍
occcbcge	𮏎
occcbatu	𮏏
occcbcgs	𮏐
occcbcbi	𮏑
occcyuyt	𮏒
occcwuwu	𮏓
occchvwu	𮏔
occckldn	𮏕
ocgsqmfu	𮏖
occcklbi	𮏗
occcdcba	𮏘
occcrfvi	𮏙
occcwhir	𮏞
occcuvyz	𮏟
occcuvdd	𮏠
occcbiye	𮏡
occcziqp	𮏢
occcjkyi	𮏣
occcbdmu	𮏦
occcpoyt	𮏨
occcnmww	𮏩
occckzri	𮏪
occcyayz	𮏬
occcddqp	𮏭
occcjxdc	𮏯
occcmubi	𮏰
occcvscs	𮏳
occcjnli	𮏴
occcrfyj	𮏵
occcqrjx	𮏶
occcheuu	𮏷
occcrfdm	𮏸
occcrfiy	𮏻
occcrfyz	𮏼
occcfhxn	𮏾
occcdcmu	𮏿
occclqyi	𮐀
occcuiqm	𮐁
ocgstmkz	𮐇
occcuifh	𮐈
occcrime	𮐋
occcvsmu	𮐎
occcgxui	𮐏
occcytgf	𮐐
occcqrxi	𮐑
occcrfqy	𮐒
occccctu	𮐓
occcxbyc	𮐔
occcyiba	𮐖
occczduj	𮐗
occcxtmu	𮐙
occcwhyt	𮐛
occcbibi	𮐜
occciryi	𮐞
occchebc	𮐠
occcmufu	𮐡
occcwhfu	𮐢
occchgiu	𮐣
occcwhdk	𮐥
occclucy	𮐦
occcbwbi	𮐧
occcklvv	𮐩
occckzmu	𮐪
occcgecc	𮐬
occcklwf	𮐭
occcyupu	𮐮
occchecc	𮐯
occcbder	𮐰
occcheuu	𮐱
occcrfyh	𮐲
occcnqfu	𮐳
occcqrvv	𮐴
occcbctu	𮐵
occcernm	𮐶
occceryi	𮐷
occcsink	𮐸
occclnho	𮐹
occcwumb	𮐺
occcwukz	𮐻
occcwukz	𮐼
occcsiqm	𮐾
occccici	𮐿
occcwhmu	𮑃
occcyzju	𮑄
occcklro	𮑆
occcrfyz	𮑈
occchehj	𮑉
occcdadc	𮑊
occcfwvi	𮑋
occcbclq	𮑐
occcuifu	𮑑
occcuvuv	𮑓
occcuvjm	𮑔
occcuijm	𮑖
occclwsi	𮑙
occcytxn	𮑚
occcllyi	𮑛
occcwfho	𮑜
occcsixb	𮑝
occcifxb	𮑠
occcqivi	𮑢
occcqipi	𮑣
occcrijb	𮑤
occcmubi	𮑥
occcsimi	𮑦
occcbmww	𮑧
occcheyt	𮑨
occcerer	𮑩
occcklwf	𮑪
occcdzuu	𮑬
occchexi	𮑭
occcuvvi	𮑮
occcglkz	𮑯
occcuvba	𮑰
occcyifu	𮑱
occcuvuv	𮑲
occcvzyz	𮑵
occcyhho	𮑶
occcglue	𮑷
occcfhjq	𮑸
occcyuuv	𮑹
occcpjfu	𮑻
occchecy	𮑼
ocgscsyi	𮑽
occcuuuu	𮑾
ocgsytis	𮑿
occcwfug	𮒂
occcklvg	𮒆
occciawf	𮒈
occcmmmm	𮒉
occcrfjb	𮒊
occchecy	𮒋
occcwhwf	𮒎
occcuvjm	𮒐
occcuvnn	𮒒
occcuigo	𮒓
occcsiqp	𮒕
occcsixi	𮒖
occchevi	𮒗
occcwfyj	𮒘
occcldhv	𮒙
occcfuxi	𮒚
occcviyy	𮒛
occcuzjn	𮒝
occcyzho	𮒞
occcfubw	𮒟
ocmnhgho	𮒡
occclzvx	𮒢
occcvvjs	𮒣
occchexb	𮒤
occcbida	𮒥
occcerlb	𮒧
occcsiyb	𮒨
occcmdug	𮒩
occcdzbw	𮒪
occcjiho	𮒫
occcbkbw	𮒮
occcgftu	𮒰
occcvive	𮒱
occcyjyh	𮒲
occcfhfj	𮒳
occcxbyi	𮒵
occcpizi	𮒶
occcxbmi	𮒷
occcviyi	𮒸
occcyjyj	𮒹
occcgeqi	𮒺
occcmdvi	𮒻
occcmfve	𮒼
occcsiwu	𮒽
occcyzyu	𮒿
occctugv	𮓀
occcpiuz	𮓂
ocmphgsi	𮓅
occcjbvi	𮓈
occchohe	𮓊
occcddxb	𮓋
occcuilz	𮓍
occcsixk	𮓏
occchwgc	𮓐
occcpimi	𮓒
occcerba	𮓓
occcerfu	𮓕
occcyuqp	𮓖
ocuuhgtu	𮓗
ochguibi	𮓘
ochguiji	𮓙
ocuuuiyz	𮓚
ochguijb	𮓜
ochguiyt	𮓞
ochguihg	𮓠
ochguiye	𮓡
ocuubayt	𮓢
ochuvxqn	𮓣
ochguiwu	𮓥
ochukzji	𮓨
ochgyeqn	𮓩
ocxnzchu	𮓫
ochudzxi	𮓬
ocxnxnkl	𮓭
ochuucxn	𮓮
ocvsdmhg	𮓰
ocppvshg	𮓱
ocdcnais	𮓵
ocisihqn	𮓺
ocisbaba	𮓼
ocisybdm	𮔃
ocwfdmis	𮔇
ocisrfve	𮔈
ocbcyzis	𮔉
ocisuzpm	𮔋
ocisujba	𮔌
ocisuhri	𮔍
ocisbcqp	𮔎
ocisriyt	𮔙
ocisppvi	𮔜
ocisliuu	𮔝
ocdderis	𮔞
ocisjumu	𮔟
ocistdmb	𮔡
ocistmbi	𮔢
ociswfxn	𮔥
ocmbwfis	𮔧
ocisdzcy	𮔨
ocisjlcy	𮔬
ocisuvtm	𮔭
ociswfyt	𮔮
ocwfyais	𮔰
ocisccfu	𮔴
ocispbqn	𮔵
ocisbkxb	𮕄
ocisuiqi	𮕇
ocishgyz	𮕈
ocquisis	𮕉
ocissier	𮕋
ocisfubw	𮕌
ocvxklis	𮕎
ocisvvjs	𮕐
ocsitmis	𮕑
ocppisis	𮕕
ociswhnv	𮕗
ocisccjs	𮕘
ocishgmm	𮕚
ocuiuiis	𮕛
ocycpumb	𮕡
ocyiercc	𮕩
ocyikler	𮕫
ocyijkhg	𮕱
ocppvsyi	𮕵
ocpprfjb	𮕶
ocrfkzyi	𮕷
ocyirfri	𮕻
ocpprfdj	𮕾
ocbcyayi	𮖊
oclqtuyi	𮖋
ocppmfkd	𮖌
ocppirtm	𮖓
ocuzuzyi	𮖖
ocpptmbi	𮖘
ocppheuu	𮖙
ocyicsjk	𮖚
ocwfkzyi	𮖟
ocyisijk	𮖠
ocppxsyt	𮖣
ocyiujmu	𮖥
ocyiytgu	𮖬
ocppyuvf	𮖮
ocppwukz	𮖰
ocppjiye	𮖱
ocpperer	𮖲
ocppihcy	𮖳
ocppigcy	𮖸
ocppklhv	𮖾
ocxidasi	𮗁
ocxijxve	𮗂
ocxixidm	𮗃
ocxillll	𮗇
ocycanan	𮗉
ocxigeyb	𮗋
ocximake	𮗌
ocdcbcjm	𮗏
ocuubcjm	𮗓
ocuubcjm	𮗖
ockzrfjm	𮗘
ocgsvvjm	𮗚
occcytjm	𮗛
ocyubcjm	𮗜
ocrfhgys	𮗟
ocdcdmys	𮗠
ocjneeui	𮗨
ocjnriyz	𮗭
ocrfyswu	𮗮
ocjnwfbm	𮗱
ocjncvyu	𮗴
ocjnkzdz	𮗶
ocyjbcbi	𮗽
ocgsdcyj	𮗿
ocyjkzyz	𮘂
ocyjrfgj	𮘅
ocyjwfrf	𮘈
ocyjdayu	𮘊
ocyjqrsi	𮘋
ocyjrfdj	𮘍
ocycyjyc	𮘎
ocxnihyj	𮘐
ocyjzzqi	𮘔
ocyjbcgf	𮘙
ocyjxtkv	𮘛
ocwfwfyj	𮘝
ochohoyj	𮘠
ocuubayj	𮘤
ocyjujcy	𮘥
ocyjvxjq	𮘦
ocyjlikz	𮘩
ocyjvedn	𮘪
ocyjsiqp	𮘬
ocyjbdqu	𮘮
ocyjwffg	𮘯
ocyjpbqn	𮘲
ocbwqmyj	𮘳
ocyjufwf	𮘴
ocyjxtxn	𮘸
ocyjqmcs	𮘹
ocyjhopu	𮘽
ocyjwfmu	𮙂
ocyjucma	𮙃
ocyjyuvi	𮙄
ocyjxuge	𮙅
ocyjwfyj	𮙆
ocyjccww	𮙈
ocwuuhgu	𮙏
ocheyugu	𮙑
ocqudzuj	𮙕
ocdoqudz	𮙗
ocvuvudz	𮙘
ocyivizc	𮙙
ochgxnui	𮙛
ocrfklui	𮙝
ocbaklui	𮙞
ochguiui	𮙟
ocrfsiui	𮙠
ocfguidm	𮙢
ocuibujm	𮙤
ocvippna	𮙥
ocvibcer	𮙩
ocvibdbi	𮙪
ocbwpprf	𮙯
ocxnhgbw	𮙲
octubabw	𮙹
ocdababw	𮙺
ocbwrfxn	𮙾
ocuigebw	𮚂
ocrfvxbw	𮚃
ocglklbw	𮚊
ocjijibw	𮚋
octmtmbw	𮚌
ocgshobw	𮚏
ocbwriyt	𮚐
octhuibw	𮚑
ocbwrfmi	𮚒
ocizulbw	𮚔
ocifrfbw	𮚕
ocbwtmri	𮚖
ocbwmuxb	𮚗
ocwfjsbw	𮚘
ocifwfbw	𮚚
ocbwccvl	𮚛
ocbwbwfj	𮚝
ocbwhgbw	𮚞
ocfufubw	𮚡
ocglyubw	𮚥
ocwhsibw	𮚨
ocmdmfkd	𮚬
ocmuvvia	𮚭
ocbwbcia	𮚮
ocmwvfvf	𮚯
ocfufufu	𮚰
oczzrfxn	𮚶
oczzihgj	𮚺
oczzvskz	𮚾
oczubaba	𮛎
oczuqmzz	𮛙
oczubitu	𮛚
oczujb	𮛟
oczuhvwu	𮛡
oczuriyt	𮛥
oczuklkz	𮛩
oczuvxfu	𮛪
oczudcjq	𮛫
oczujxcy	𮛮
oczutmtd	𮛳
oczuxidk	𮛷
oczuqmkl	𮛸
oczuivhg	𮛺
oczuiuri	𮛼
oczurfzz	𮜀
oczucszz	𮜉
oczuffcy	𮜊
ocieuuzu	𮜋
oczusiyu	𮜍
oczutmcy	𮜔
oczurfpi	𮜕
oczurfcy	𮜚
oczurfbw	𮜛
oczucche	𮜝
ocgllwzu	𮜟
oczuuizg	𮜠
oczuticy	𮜢
oczuglui	𮜥
oczuqiqp	𮜦
oczudvxb	𮜧
oczuyjwf	𮜬
ocyjsizu	𮜭
ocufhgyy	𮜱
ocufyzqn	𮜷
ocufyidm	𮜸
ocufccvv	𮜾
ocierfui	𮝂
ociekzyz	𮝇
ocierfxn	𮝑
ochuwfie	𮝕
ocieddqm	𮝗
ocuiirie	𮝘
ocieklhe	𮝜
ocieklwh	𮝝
ociekzyu	𮝞
ocieirxs	𮝟
ocieiytm	𮝠
ocieerxb	𮝡
ocieisyt	𮝢
ociehgjs	𮝣
ocieuuxn	𮝥
ocyriequ	𮝦
ocieccvf	𮝮
ocielitu	𮝯
ociefubw	𮝰
ociesiwh	𮝲
ociesiyi	𮝹
ocihgsyi	𮝾
ocviuuyi	𮞂
ocvidmrf	𮞃
ocvihgkz	𮞄
ocvihgjb	𮞆
ocviklsi	𮞉
ocvirftu	𮞋
ocvibawj	𮞍
ocviihjb	𮞏
ocvikzyu	𮞐
ocviglrf	𮞔
ocviveyi	𮞕
ocviqucc	𮞗
ocvihgyt	𮞘
ocvihgrj	𮞙
ocvihvwu	𮞚
ocvidakz	𮞜
ocviccuz	𮞞
ocviccyi	𮞠
ocviriyz	𮞡
ocvirfis	𮞣
ocviwuwu	𮞥
ocviwfww	𮞦
ocvibajb	𮞧
ocvirikz	𮞪
ocvixnkz	𮞭
ocvikznq	𮞮
ocviyzri	𮞯
ocviglyu	𮞳
ocvijqtu	𮞴
ocviyzyj	𮞵
ocvihgpb	𮞷
ocvihgri	𮞸
ocviujyz	𮞹
ocvivuuz	𮞺
ocvinnfh	𮞽
ocvibdfh	𮞾
ocvixilk	𮟀
ocvidavv	𮟁
ocvisiyi	𮟃
ocviviwf	𮟅
ocvivuvg	𮟆
ocvixtif	𮟇
ocviuivv	𮟈
ocvirivv	𮟌
ocvibcsv	𮟏
ocvivugc	𮟐
ocviuftu	𮟑
ocvimucc	𮟒
ocvizuzi	𮟓
ocviuzye	𮟖
ocvizifh	𮟗
ocvilbyu	𮟘
ocvihhfh	𮟚
ocviglgo	𮟜
ocvilbie	𮟝
ocvirfjb	𮟞
ocvierlb	𮟠
ocvibczy	𮟡
ocvizirs	𮟣
ocvimfyh	𮟥
ocvibwsv	𮟦
ocyrqier	𮟧
ockluuer	𮟯
ocklccer	𮟰
ocbakzer	𮟲
ockzkzyi	𮟹
ocrigser	𮟻
ocnqcsyi	𮟾
ocuimuer	𮟿
ocppccer	𮠁
ocdcbwer	𮠂
ocdmfuer	𮠄
ociryiyi	𮠅
ocgslier	𮠆
ocquuier	𮠇
ocdgbwer	𮠉
ocklyjer	𮠊
ocmcyaer	𮠋
ocdcluer	𮠌
oclqyier	𮠍
ocycdayi	𮠏
ocjuhuer	𮠐
ocyjbier	𮠑
ocglhwer	𮠒
ocuiujer	𮠓
ocgltuer	𮠔
ochgklsj	𮠕
ochgveyz	𮠙
ocrfccsj	𮠚
ocdabayz	𮠡
ocyzxier	𮠣
ocyzbcve	𮠤
ocyzhgzo	𮠮
ocuhyzyz	𮠯
ocyzhgji	𮠽
ocyzyhbw	𮡁
ocyzxtxn	𮡄
ocyzcche	𮡈
ocrfbwyz	𮡉
ocyzyics	𮡌
ocbmvjho	𮡐
ocuguubm	𮡑
oclikzkv	𮡔
ocyabcli	𮡘
ocheyzli	𮡚
ocuguuvs	𮡞
ocyiwfli	𮡟
ocyiuuli	𮡠
ocjbcchg	𮡩
ocjbvepp	𮡪
ocjbrfsi	𮡫
ocjbklyz	𮡭
ocjbxier	𮡯
ocjbrfgj	𮡰
ocjbrfyz	𮡴
ocjblili	𮡷
ocjbklia	𮡹
ocjbppdm	𮡺
ocjbuzvi	𮡻
ocjberdc	𮡼
ocjbrfui	𮡽
ocjbsipi	𮡿
ocjbdgyz	𮢀
ocjbhgyz	𮢂
ocjbyugu	𮢃
ocjberer	𮢄
ocjbklvu	𮢉
ocjbyzcc	𮢋
ocjbrfue	𮢍
ocjbuzvi	𮢐
ocjbppju	𮢑
ocjbglvu	𮢔
ocjbqier	𮢕
ocjbbciy	𮢖
ocuvbajb	𮢗
ocjbxkmu	𮢚
ocjbgjqm	𮢞
ocjbsivi	𮢟
ocjbtmbi	𮢠
ocjbbdri	𮢡
ocjbwfyu	𮢢
ocjbwfwf	𮢥
ocjbyzbw	𮢧
ocjbuiwh	𮢨
ocjbccys	𮢫
ocjbyhyt	𮢮
ocjbxtba	𮢰
ocjbzzyu	𮢱
ocjbsiff	𮢲
ocjbbf	𮢲
ocerlljb	𮢳
ocjbccgu	𮢴
ocjbiiqm	𮢵
ocyiuujb	𮢶
ocjblcke	𮢷
ocbuwfjb	𮢸
ocjbqrqi	𮢺
ocjbbapf	𮢼
ocjbuigs	𮢾
ocjbybge	𮢿
ocjbhuyu	𮣀
ocjbvikl	𮣁
ocjbvoge	𮣃
ocxmxmjb	𮣄
ocjbxibw	𮣅
ocjbvxwf	𮣈
ocjbbcvf	𮣉
ocjblibw	𮣊
ocjbirye	𮣍
ocjbyuxn	𮣎
ocjblqyi	𮣐
ocjbjicy	𮣑
ocjbghcy	𮣒
ocjbsicy	𮣓
ocjbmodc	𮣔
ocjbheri	𮣕
ocjbjlda	𮣗
ocjbglho	𮣘
ocjbrfwf	𮣚
ocjbvvxl	𮣛
ocjbbaho	𮣝
ocjbuihe	𮣞
ocjbvgvg	𮣟
ocjbjxbw	𮣠
occcuujb	𮣡
ocjbcccc	𮣢
ocjbciho	𮣤
ocjbzuro	𮣥
ocjbuiyu	𮣧
ocjbxtve	𮣨
ocmusijb	𮣩
ocjbbwyi	𮣪
ocjbbcyj	𮣫
ocjbvusi	𮣬
ocjbwhnv	𮣭
ocjblzye	𮣯
ocjbbwvi	𮣰
ocjblulu	𮣱
ocjbhuui	𮣷
ocihgser	𮣽
ocihrfrj	𮣿
ocihklwf	𮤆
ocmffgji	𮤐
ocmffgyz	𮤑
ocmfriba	𮤔
ocmfycda	𮤚
ocmfxivi	𮤛
ocmferyz	𮤜
ocmfgvyz	𮤝
ocmfuiva	𮤞
ocmfdzjb	𮤟
ocmfgvgf	𮤢
ocmfziui	𮤤
ocmfuvjq	𮤥
ocmfdavi	𮤨
ocmfkdgv	𮤩
ocmfihmo	𮤪
ocmfkdwu	𮤴
ocerglsi	𮤾
ocerdkri	𮥀
ocerwfxs	𮥅
ocermucy	𮥎
ocervasi	𮥏
ocerhoxn	𮥑
ocerdgug	𮥓
ocermmpp	𮥖
ocerujqy	𮥘
ocerppyi	𮥙
ocerxtxb	𮥚
ocerrfxn	𮥠
ocersiyi	𮥥
ocerrifh	𮥧
ocerlidc	𮥨
ocerrfcy	𮥩
ocerbkmu	𮥫
ocerrfmu	𮥬
ocerfuwf	𮥮
ocerkeke	𮥯
ocerqixn	𮥱
ocerbwcy	𮥳
ocviuili	𮥵
ocrfhgvv	𮥶
ocrfvvnd	𮥸
ocwfkzvv	𮥿
ochgvvkv	𮦁
occcvvvv	𮦃
ochgjbba	𮦄
ochgjbcs	𮦆
ocyuerkz	𮦊
ocyuxier	𮦍
ocyuuvwh	𮦏
ocyutumu	𮦐
ocyurfmu	𮦓
ocyuyyyy	𮦖
ocyuriww	𮦠
ocyuliwf	𮦢
ocyuwhuv	𮦤
ocyuuvtk	𮦧
ocyuuvif	𮦩
ocyuuvpb	𮦪
ocyuuvmb	𮦬
oclwujba	𮦯
ochobaqn	𮦱
ocyudzcy	𮦵
ocyuuvhl	𮦶
ocyuuvbb	𮦺
ocuikzho	𮦻
ocyuuvjm	𮦼
ocyuuvtu	𮦿
ocyuuvls	𮧁
ocyuuvxn	𮧂
ocuigefw	𮧇
ocuicsmm	𮧌
ocbihgmm	𮧒
occckzui	𮧓
ocbkfjge	𮧗
ocgesili	𮧚
ocgemfkd	𮧛
ocgewfys	𮧟
ocvcgevi	𮧤
ocgejigu	𮧦
ocgeccfg	𮧧
ocgepbyu	𮧪
ocgeccwu	𮧬
ocgerfho	𮧭
ocvekzjb	𮧮
ocvehgdn	𮧯
ocklkznq	𮧰
ocwwvxjq	𮧲
ocybyzsj	𮧻
ocuhveye	𮨁
ockzyzye	𮨄
ocjixiye	𮨅
ocihklye	𮨇
ocppkzye	𮨈
ocwhtuye	𮨉
ocwuxiye	𮨊
ocujwhye	𮨋
ocdcjqye	𮨌
ocbilwye	𮨍
ocdaxiye	𮨎
ockzpiye	𮨐
ocqpirye	𮨑
ocrumiye	𮨓
ocmijiye	𮨔
ochgfhye	𮨗
ockzyekz	𮨘
ocujxiye	𮨙
ocyikzye	𮨛
ocvidzye	𮨜
ocyzjqye	𮨝
ocdcxbye	𮨞
ocjrsiye	𮨟
ocuvmmye	𮨡
ocfgdgis	𮨱
ocfgyuvf	𮨵
ocuiklsi	𮨺
ocuixser	𮨼
ocyefull	𮨽
ocuihvyz	𮨾
ocuivxjq	𮩁
ocuidzba	𮩂
ocuijuho	𮩃
ocgjxkui	𮩄
ocuimfgr	𮩆
ocuiccig	𮩈
ocuiyhia	𮩊
ocuibcwf	𮩋
ocuihgcs	𮩎
ocuibcyj	𮩏
ocuibdda	𮩔
ocglvvui	𮩕
ocuiccho	𮩙
ocifyzuz	𮩤
ocxltmwf	𮩬
ocxlrivu	𮩭
ocxlvsho	𮩯
ocmaverf	𮩶
ocmayzul	𮩾
ocmajikl	𮪇
ocmahvwu	𮪈
ocmairtm	𮪌
ocmalikz	𮪍
ocmatdtm	𮪎
ocmadauz	𮪐
ocmahecc	𮪓
ocmalnkl	𮪔
ocmadadm	𮪖
ocmarfpb	𮪗
ocmcgema	𮪘
ocmayuvf	𮪙
ocmawhji	𮪛
ocmayjbi	𮪜
ocmaihcy	𮪝
ocmayzmu	𮪞
ocmaxtuu	𮪠
ocmaxswf	𮪣
ocguuhri	𮪫
ocgudmsi	𮪬
ocguirxb	𮪱
ocmouvgu	𮪷
ocgcriir	𮪻
ocihujgu	𮫀
ocbnndmu	𮫄
ocihujmu	𮫆
ocbnyrcy	𮫇
ocbnveve	𮫈
ocbnsiwj	𮫉
ocbnxkys	𮫋
ocbnyrba	𮫎
ocbnsiyi	𮫏
ocyzklxt	𮫖
ocmubiyz	𮫗
ocjqbcuj	𮫘
ocgjklgj	𮫙
ocgsyuge	𮫚
ocgsccgs	𮫛
ocbderyc	𮫜
octmerww	𮫢
ocdctmho	𮫬
ocbatmda	𮫭
ocrftmda	𮫮
ocrftmho	𮫯
ocbatmri	𮫲
ocyuugdm	𮫳
ocyuhudm	𮫵
ocyuiags	𮫶
ocyubitu	𮫺
ocyuujba	𮫻
ocyugldm	𮬁
ocyuwfis	𮬃
ocyuxuuc	𮬇
ocglwfyu	𮬈
ocyuccge	𮬉
ocpbqnyu	𮬋
ocyuqrqq	𮬎
ocyuuvwf	𮬓
ocyufubw	𮬖
ocyuhgmb	𮬗
ocyujkcc	𮬘
ocyuyudr	𮬙
ocddyzyu	𮬞
ocppqinn	𮬧
ocbigjnn	𮬰
ocujuinn	𮬵
ockzytnn	𮬹
ocrfujnn	𮬿
ocnnbcmi	𮭀
ocrimcnn	𮭅
ocvxgunn	𮭆
ocjqtunn	𮭇
ocdmzinn	𮭋
ocjrrinn	𮭎
ocermdnn	𮭏
ocwfyunn	𮭐
ocuguunn	𮭑
ocmmqpnn	𮭙
ochonnpi	𮭛
ocqtgenn	𮭜
ocvuxknn	𮭝
ocgsgenn	𮭟
ocbwvvnn	𮭠
octulumb	𮭭
oclukzkv	𮭯
ocglklho	𮭱
ocglbiyi	𮭴
ocliglsi	𮭶
ocliihho	𮭷
ocbkbkba	𮭹
ochgcsmd	𮭻
ocmdbcbi	𮭼
ocmdvxjq	𮭾
ocmdccys	𮮀
ocmalibw	𮮌
ocmalusi	𮮍
ocmeccle	𮮎
ocherfxn	𮮐
ocherfxn	𮮑
ocfuliho	𮮕
oclixlho	𮮗
oclimiho	𮮘
ocybliho	𮮜
ocqiwfhw	𮮝
ocuflihw	𮮞
ocmdliho	𮮟
ocyhdcmm	𮮤
ocbwqmpi	𮮨
ocvupith	𮮫
ocbdtmda	𮮰
oczitmda	𮮱
oczijxhg	𮮲
ocbdjxhg	𮮳
oczitmuu	𮮴
ocbdtmuu	𮮵
ocbiuipi	𮮹
ocwfrfhg	𮮺
ocwfgser	𮮻
ocwfyari	𮮼
ocvicsve	𮮽
ocviklbi	𮮾
ocviklvc	𮯃
ocviklgf	𮯅
ociiyurf	𮯆
ocviklzu	𮯇
ocviklrf	𮯈
ociirfmi	𮯉
ocviklkv	𮯋
ocviklyu	𮯌
ocviklwu	𮯎
ociihumu	𮯑
ociihuqq	𮯓
ociierer	𮯔
ociidaww	𮯕
ocdcxtve	𮯛
ocbaxtia	𮯜
ocrfxtrf	𮯝
ocdcxtmu	𮯞
ocdcmumu	𮯟
ocvixtxb	𰻝
ocvixtxb	𰻞
ocyylsls	𱁬
ocdmba	𱁠
ocyuyu	𱁟
ocyufh	𱁚
ocyuds	𱁛
ocyuerji	𱁜
ocyuqu	𱁝
ocyudj	𱁞
ocyujl	𱁡
ocyunj	𱁘
ocyuwo	𱁙
ocmffg	𰿣
ocmfsr	𱀀
ocjbuu	𰾽
ocyubi	𱁑
ocyudv	𱁒
ocyujm	𱁖
ockdhd	𰿿
ocmfuf	𰿰
ocmfpg	𰿱
ocmfzi	𰿮
ocmfdz	𰿯
ocmfky	𰿲
ocuauj	𰿳
ocmfyu	𰿵
ocmftm	𰿭
ocjbgu	𰾆
ocjbyh	𰽽
ocjbzu	𰾃
ocjbbk	𰽼
ocsibu	𱺔
ocsibu	𱺏
ocsils	𱺕
ocsijb	𱺓
ocsimb	𱺘
ocsikz	𱺚
ocsilw	𱺛
ocsild	𱺜
ocsiii	𱺝
ocsigc	𱺞
ocsizo	𱺠
ocsiru	𱺐
ocsiln	𱺑
ocsill	𱺡
ocsina	𱺢
ocsilc	𱺣
ocsixp	𱺤
ocsimm	𱺨
ocsivv	𱺥
ocsimw	𱺩
ocsimi	𱺫
ocsidg	𱺬
ocsihc	𱺮
ocsicd	𱺯
ocqlsi	𱻎
ocquya	𱑣
ocquke	𱑫
ocquhg	𱍑
ocdkyh	𱍒
ocxxls	𱍔
ocyaxx	𰠠
ocbudo	𱍚
ocbugl	𱏤
ocbuui	𱍤
ocbuhe	𱍛
ocbuli	𱷣
oclblb	𱤏
ocmusv	𱣷
