okhguu	丁
okhgve	丂
okhgve	七
okuuhg	丄
okhguu	丅
okhgpp	丆
okhgppve	万
okhgia	丈
okhger	三
okuuhghg	上
okhgbu	下
okhgppuu	丌
okhgxn	不
okrfhg	丒
okythg	且
okbuhg	丕
oknmve	世
oksahg	丗
okjbhg	丘
okhgnw	丙
okuubahg	业
okcshg	丛
okhgvexn	东
okhgqu	丟
okbwhg	丠
okppqu	丢
okyapp	严
okbaya	並
okkzvi	𧾷
okrfll	𩙿
okveuu	丩
okdmhg	亠
okrfuu	个
okbauu	丫
okbkuu	丬
okkzuu	中
okujuu	丯
oksjuu	丰
oklvuu	串
okjqdm	丸
okdmwh	主
okjkdm	丼
okppna	乂
okvepp	乃
okvedm	乄
okdcna	久
okverf	乆
okppqi	乇
okppsi	么
okdmia	义
okppba	乊
okppvi	乏
okrfppna	乑
okqqpp	乒
okqqdm	乓
okqmbw	乖
okhebw	乘
okveve	乜
okvepp	九
okrfyi	乞
okmpuu	也
okvebk	习
okujve	乢
okycve	乣
okxxyi	乤
okdzyi	乧
oktdve	乨
okvjve	乩
okyitm	乪
okjxyi	乫
okjuyi	乬
okuiyi	乭
okmcyi	乮
okhuyi	乯
okvetz	买
okueve	乱
okciyi	乲
okveyi	乴
okxbvs	忡
okxbve	乵
okfuyi	乶
okuayi	乷
okyemu	乸
okvove	乹
oksoyi	乺
okyuyi	乻
okvuyi	乼
okveyi	乽
okvoqi	乾
okgvri	亀
oklbve	亃
okyive	亄
okveuu	了
okdcuu	亇
okhghg	二
okhgdk	亍
okeruu	于
okerve	亏
okerve	亐
okersi	云
okhghu	互
okgsve	五
okcchg	井
okerer	亖
okujer	亗
okhgdj	亘
okhgqp	亙
okhgye	亚
okcier	些
oklwer	亝
okwfve	亡
okwfji	亢
okdmqi	亣
oklqia	交
oklipp	产
okwftm	亩
okyive	亪
okwfdj	亱
oklimu	亲
okyivi	亵
okxldj	亸
okppna	人
okppuu	亻
okrfhg	亼
okrfdm	亽
okrfve	亾
okrfyi	亿
okrfui	什
okrfer	仁
okrfli	仂
okrfdk	仃
okihrf	仄
okrfyz	仅
okrfbu	仆
okrfjq	仇
okrfba	仈
okrfji	仉
okrfrf	仌
okrfnd	仍
okrfrf	从
okrfsi	仏
okrfui	仐
okrfbi	仑
okrfee	仓
okrfzi	仔
okrfui	仕
okrfye	他
okrfvh	仗
okrfcy	付
okrfuj	仙
okrfuj	仚
okrfto	仛
okrfgs	仜
okrfgs	仝
okrfrf	仞
okrfqm	仟
okrfgj	仠
okrfqi	仡
okrfuc	仢
okrfyi	代
okrfxn	仦
okuhrf	仧
okrfsj	仨
okrfuh	仩
okrfyi	仪
okrfme	仫
okrfmf	们
okrffj	仮
okrfuc	仯
okrfmc	仰
okrfjb	仱
okrfvs	仲
okrfbi	仳
okrfyt	仴
okrfwu	仵
okrfnq	件
okrfjp	价
okrfyc	仸
okrffg	仹
okrfxt	仺
okrfrf	任
okrfwh	仼
okrfff	份
okrfhu	仾
okrffh	仿
okrfgs	伀
okrfvi	企
okrffu	伂
okrfyu	伃
okrfdn	伄
okrfty	伅
okrfwu	伆
okrfuu	伇
okrfxb	伈
okrfkh	伉
okrfyb	伊
okrfji	伋
okrfee	伌
okrfwu	伍
okrfvi	伎
okrfqr	伏
okrfge	伐
okrfmu	休
okrfjb	伒
okrfbu	伓
okrfrs	伔
okrffu	伕
okrfyz	伖
okrfcs	众
okrfyz	优
okrfho	伙
okrfyy	会
okrfqu	伛
okrfyy	伝
okrfww	伟
okrfvr	传
okrfie	伡
okrfya	伢
okrfjm	伣
okrfih	伥
okrfly	伦
okrfch	伧
okrfyy	伨
okrfwf	伩
okrfww	伪
okrfii	伬
okrfxr	伭
okrfnu	伮
okrfbd	伯
okrfgu	估
okrfni	伲
okrfui	伳
okrfbj	伴
okrfsi	伵
okrflk	伶
okrfyz	伷
okrfuf	伸
okrfqp	伹
okrfsi	伺
okrfpk	伻
okrfyi	似
okrfjx	伽
okrfpi	伾
okrfvi	伿
okrfkz	佀
okrftd	佁
okrfvg	佂
okrftm	佃
okrfgj	佄
okrfww	佅
okrfdj	但
okrfnk	佇
okrfbu	佈
okrfqu	佉
okrfpi	佊
okrfvc	佋
okrfci	佌
okrfli	位
okrfdi	低
okrfvu	住
okrfzo	佐
okrfyz	佑
okrfyh	佒
okrfbf	体
okrfvj	佔
okrfke	何
okrfbi	佖
okrfta	佗
okrfui	佘
okrfhe	余
okrfui	佚
okrffu	佛
okrfva	作
okrfju	佝
okrfds	佟
okrfer	你
okrfju	佢
okrfys	佣
okrfwa	佤
okrfui	佦
okrfka	佧
okrfbc	佨
okrfhv	佪
okrfge	佫
okrflc	佬
okrfjl	佭
okrfhe	佮
okrfyh	佯
okrfbd	佰
okrfmk	佲
okrfgv	佳
okrfer	佴
okrfbk	併
okrfji	佶
okrfgf	佷
okrfue	佸
okrfww	佹
okrfqr	佺
okrfvc	佻
okrfjn	佼
okrfci	佽
okrfli	使
okrfxk	侀
okrfxm	侁
okrfvi	侄
okrfhd	侅
okmucs	來
okrfyi	侇
okrfdo	侈
okrfkx	侉
okrfgl	侊
okrflp	例
okjbyy	侌
okrfsi	侍
okrfmi	侎
okrfvu	侏
okrfxt	侐
okrfyz	侑
okrfan	侒
okrfyu	侓
okrfmz	侔
okrfer	侕
okrfts	侗
okrfvd	侘
okrfui	侙
okrfxy	侚
okrfgs	供
okrfvz	侜
okrfyi	依
okrfru	侞
okrfcy	侟
okrfjx	侠
okrfxi	価
okrfzd	侢
okrflv	侣
okrfkc	侤
okrfyc	侥
okrfvf	侦
okrfze	侧
okrfqn	侨
okrfhv	侩
okrfqi	侪
okrfwh	侫
okrfns	侬
okrfjb	侭
okrfmw	侮
okrfjy	侰
okrfig	侱
okrfif	侲
okrfzo	侳
okrflv	侶
okrfju	侷
okrfdz	侸
okrftk	侹
okrfcf	侺
okrfdv	侻
okrfbo	侼
okrfnj	侽
okrfxn	侾
okrfgg	便
okrfto	俀
okrfwu	俁
okrfxi	係
okrfzu	促
okrfwo	俄
okrfqq	俅
okrfyu	俆
okrfkl	俇
okrfgc	俈
okrfwu	俉
okrfqy	俊
okrfyi	俋
okrffu	俌
okrfll	俍
okrfxn	俏
okrfli	俐
okrfys	俑
okrfwj	俒
okrfjk	俓
okrfjm	俔
okrfss	俕
okrffz	俖
okrfgu	俗
okrffu	俘
okrfxi	俙
okrfli	俚
okrfmm	俛
okrfdd	保
okrfyi	俟
okrfjx	俠
okrfyj	信
okrfwu	俣
okrfdi	俤
okrfie	俥
okrfuz	俦
okrfvi	俧
okrfyj	俨
okrfll	俩
okrfli	俪
okrfld	俫
okrfsi	俬
okrfqm	俭
okrffu	俯
okrfhe	俰
okrfju	俱
okjnli	俲
okrffw	俳
okrfbn	俵
okrfuu	俶
okrffw	俷
okrffg	俸
okrfya	俹
okrfyj	俺
okrfbw	俻
okrfyu	俼
okrfxb	俽
okrfbw	俾
okrfhu	俿
okrfih	倀
okrfvi	倁
okrfjq	倃
okrfyc	倄
okrfzu	倅
okrfll	倆
okrfwj	倇
okrfld	倈
okrfgu	個
okrfgr	倌
okrfpz	倍
okrfdm	倎
okrfmf	們
okrfdc	倒
okrfyj	倓
okrfqu	倔
okrfiv	倕
okrfxk	倖
okrfpg	倗
okrfuh	倘
okrfqi	倚
okrfqi	倛
okrfvz	倜
okvorf	倝
okrfjk	倞
okrfxi	借
okrfvv	倠
okrfih	倡
okrfjp	倢
okrffh	倣
okrfks	倥
okrfjr	倦
okrfzs	倧
okrfju	倨
okrfqk	倩
okrfer	倪
okrfly	倫
okrfvo	倬
okrfww	倭
okrfgo	倮
okrfss	倯
okrflk	倰
okrfky	倱
okrfds	倲
okrfui	倳
okrfbf	倴
okrfwu	倵
okrfnd	倷
okrfcd	倸
okrfze	债
okrfye	倻
okrfvi	值
okrfue	倽
okrfqk	倾
okrfqp	倿
okrfyk	偀
okrfqm	偂
okrfvs	偅
okrfiy	偆
okrfxx	假
okrfhe	偈
okrfww	偉
okrfyu	偊
okrfpk	偋
okrfro	偌
okrfui	偍
okrfww	偎
okrfbm	偏
okrfyj	偐
okrffg	偑
okrfyh	偒
okrfwu	偓
okrfjp	偕
okrfve	偖
okrfug	偗
okrfpb	偘
okrfdi	偙
okrfgu	做
okrftk	停
okrfbw	偝
okrfye	偞
okrfhl	偟
okrfyc	偠
okrfuf	偡
okrfqq	偢
okrfyb	偣
okrfqq	偤
okrfjm	健
okrfxu	偦
okrfid	偨
okrffu	偩
okrffu	偪
okrfdd	偫
okrfmm	偭
okrfai	偯
okrfqi	偰
okrfdy	偱
okrfsi	偲
okrfdr	偳
okrfze	側
okrfvf	偵
okrfyu	偶
okrfyu	偷
okrflz	偻
okrfww	偽
okrfbf	偾
okrfih	偿
okrfgv	傀
okrfsz	傁
okrfsi	傂
okrfsu	傃
okrfyr	傆
okrfrs	傇
okrfsu	傈
okrfru	傉
okrfyr	傊
okrfgz	傋
okrfma	傌
okrfph	傍
okrfvf	傎
okrfth	傏
okrfgc	傐
okrfjp	傑
okrfxi	傒
okrfuj	傓
okrfjm	傔
okrfhe	傕
okrfch	傖
okrfxu	傗
okrfxn	傚
okrfrs	傛
okrfyc	傜
okrfia	傞
okrfwg	傟
okrftc	傠
okwwli	傡
okrfjx	傢
okrftd	傣
okrfzd	傤
okrfdh	傥
okrfgu	傦
okrfbb	傧
okrfvu	储
okrfnj	傩
okrfcj	傪
okrflw	傫
okrfcv	催
okrfys	傭
okrfcc	傮
okrfbg	傰
okrfcs	傱
okrfao	傲
okrfvr	傳
okrfqu	傴
okrfze	債
okrfqi	傶
okrful	傸
okrfjk	傹
okrfji	傺
okrfvh	傽
okrfqk	傾
okrfyj	傿
okrfdd	僀
okrfxi	僁
okrflz	僂
okrfpn	僄
okrfjb	僅
okrflm	僆
okrfmj	僈
okrftj	僋
okrfds	働
okrfxl	像
okrfuj	僐
okrfqn	僑
okrfjs	僒
okrfgv	僓
okrfzy	僔
okrfxi	僖
okrflc	僗
okrfih	僘
okrfhl	僙
okrfln	僚
okrfqi	僛
okrfdg	僜
okrfij	僝
okrfww	僞
okrfji	僟
okrffj	僠
okrfhv	僡
okrfuy	僢
okrfti	僣
okrfdj	僤
okrfyc	僥
okrfjq	僦
okrfzg	僧
okrfbf	僨
okrfxm	僩
okrfee	僫
okrfjn	僬
okrfts	僮
okrflb	僯
okjirf	僰
okrfgu	僱
okrfsu	僳
okrfjm	僴
okrfjl	僵
okrfmm	僶
okrfye	僷
okrfjb	僸
okrfjx	價
okrfzc	僺
okrfpi	僻
okrfiz	僽
okrfai	僾
okrfse	僿
okrfyi	儀
okrfjy	儁
okrfns	儂
okrfdj	儃
okrfyi	億
okrfdh	儅
okrfjk	儆
okrfhv	儈
okrfqm	儉
okrfiu	儊
okrfvj	儋
okrfjn	儌
okrfzd	儎
okrfcj	儏
okrfbb	儐
okrfxu	儒
okrftd	儓
okrfuz	儔
okrfqi	儕
okrfjm	儖
okrfyi	儗
okrfjb	儘
okrfqm	儙
okrfmg	儚
okrfwu	儛
okrfnk	儜
okrfrs	儝
okrfer	儞
okrfuh	償
okrflv	儢
okrfgl	儣
okrfbc	儤
okrfmd	儥
okrfvi	儨
okrfci	儩
okrfyz	優
okrfhc	儫
okrfll	儬
okrfqb	儭
okrfli	儮
okrfww	儰
okrfls	儱
okrfvu	儲
okrfxl	儴
okrfli	儷
okrflo	儸
okrfzj	儹
okrfnj	儺
okrfdh	儻
okrfyj	儼
okrflw	儽
okrfnh	儾
okppve	儿
okhger	兀
oksier	允
okerer	元
okkzer	兄
okwfyy	充
okxser	兇
oknqer	先
okxnwu	光
okgser	兊
okuixs	克
okbaxs	兌
okjqer	児
okbaxs	兑
okjqer	兒
okjiji	兓
okmmdm	兔
okaoer	兕
oklqyy	兖
oklqxs	兗
okyrtd	兘
okkeui	兙
okthxs	党
okkeqm	兛
okkeff	兝
okkemc	兞
okxmxm	兟
okkebd	兡
okkeke	兢
okkeli	兣
okglgl	兤
okppna	入
okruve	兦
okklru	內
okrfwh	全
okppna	八
okbasi	公
okwfba	六
okbaqn	兮
okbaer	兯
okbasj	兰
okgsba	共
okwhba	兲
okbatm	关
okqqba	兵
okgser	其
okffii	兺
okdjvj	冁
okuuve	冂
okkler	冃
okkler	冄
okklrf	内
okuikl	冇
okklia	冈
okkltu	冉
okklcc	冊
okklkz	冋
okhgrj	再
okjkzd	冓
okrixu	冔
okrimm	冕
okdmve	冖
okbcji	冗
okbcer	冘
okbcyu	写
okbcuj	冚
okbcie	军
okbcyi	农
okbcqp	冝
okbcmi	冞
okbcqu	冣
okbctu	冤
okbclb	冧
okbcfu	冨
okbcmu	冪
okdmhg	冫
okdabk	冭
okbkgs	冮
okbkma	冯
okbkuv	冰
okbkhu	冱
okbkvs	冲
okbkgk	决
okbkya	冴
okbkxs	况
okbktd	冶
okbklk	冷
okbkrfer	冷
okbkbj	冸
okbkba	冹
okbkmb	冺
okbkds	冻
okbkxm	冼
okbklp	冽
okbkhe	冾
okbkyu	冿
okbkvg	净
okbkuu	凁
okbkmm	凂
okbkyu	凃
okbkqi	凄
okbkgu	凅
okbkvv	准
okbkss	凇
okbkvg	凈
okbkjk	凉
okbkqk	凊
okbkvz	凋
okbklk	凌
okbkds	凍
okbkjb	凎
okbkxm	减
okbkzz	凑
okbkqi	凒
okbksu	凓
okbkch	凔
okbkmk	凕
okvyui	凖
okbkcv	凗
okbksi	凘
okbkjb	凚
okbkyi	凝
okbkmd	凟
okppve	几
okjidm	凡
okppji	凢
okuuji	凣
okjiyz	凤
okuiji	凥
okwfji	処
okjijb	凧
okjiyy	凨
okjimu	凩
okjivi	凪
oknnji	凫
okrfji	凭
okjibd	凮
okqiji	凯
okjihl	凰
okqiji	凱
okjijm	凲
okdgji	凳
okfgji	凴
okveuu	凵
okiakl	凶
oktukl	凷
okcckl	出
okeruj	击
okuvkl	凼
okvepp	刀
okvehg	刁
okuuuu	刂
okdcdm	刃
okdcna	刄
okdcba	刅
okbadc	分
okqidc	切
okiadc	刈
okqidc	刉
okgjdc	刊
okqmdc	刋
okcydc	刌
okdcxt	刍
okwudc	刎
okqidc	刏
okdjdc	刐
okkddc	刑
okgedc	划
okyrdc	刓
okgkdc	刔
okytdc	刖
okdddc	列
okwfdc	刘
okbwdc	则
okghdc	刚
okchdc	创
okfudc	刜
okppdc	初
okqpdc	刞
okvcdc	刟
okcedc	删
okmbdc	刡
oklkdc	刢
oktddc	刣
okbjdc	判
okqudc	刦
okqudc	刧
okbcdc	刨
okhedc	利
oklkdc	别
okjmdc	刬
okuedc	刮
okgfdc	刯
okvidc	到
okgvdc	刲
okkxdc	刳
okerdc	刵
okjrdc	券
okuadc	刹
okcidc	刺
okhddc	刻
okqurf	刼
okhvdc	刽
okjxdc	刾
oksvdc	刿
okqidc	剀
okdodc	剁
okqidc	剂
okdidc	剃
okjkdc	剄
okdzdc	剅
oklldc	剆
okbwdc	則
okjrdc	剈
okzodc	剉
okxndc	削
okkedc	剋
okuudc	剌
okbkrf	剏
okgodc	剐
okqmdc	剑
okxidc	剒
okyidc	剔
okfwdc	剕
okpzdc	剖
okqidc	剘
okuidc	剚
okghdc	剛
okwjdc	剜
okludc	剝
okqidc	剞
okvodc	剟
okjkdc	剠
okyjdc	剡
okludc	剥
okyjdc	剦
okjudc	剧
okigdc	剩
okqmdc	剪
okdudc	剫
okdrdc	剬
okwudc	剭
okgodc	剮
okfudc	副
okhddc	割
okqidc	剴
okchdc	創
oktrdc	剶
okijdc	剷
okvrdc	剸
okbgdc	剻
okcjdc	剼
okpndc	剽
okqudc	剾
okicdc	剿
okjndc	劁
okjtdc	劂
okhxdc	劃
okdadc	劄
okuudc	劅
oklmdc	劆
okpidc	劈
okhvdc	劊
okzcdc	劋
oksvdc	劌
okqmdc	劍
okqmdc	劎
okhodc	劐
okqidc	劑
okqmrf	劒
okbidc	劓
okvidc	劕
okzjdc	劗
okmidc	劘
oklidc	劙
okuudc	劚
okvepp	力
oklive	劜
okyzli	劝
okliba	办
okgsli	功
oklikz	加
okwfli	务
okwjli	劢
okucli	劣
okjbli	劤
okkhli	劥
okuzli	劧
okyyli	动
okqpli	助
oknuli	努
okquli	劫
okjuli	劬
okvcli	劭
okuili	劮
okuili	劯
okbdli	劰
oklili	励
okjrli	劵
okhzli	劶
okyhli	劷
okgvli	劸
okjnli	効
okmzli	劺
okklli	劻
okjili	劼
oklpli	劽
okhdli	劾
okvili	势
okkeli	勀
okjkli	勁
okgcli	勂
okboli	勃
okmwli	勄
okuuli	勅
okllli	勆
okysli	勇
okysli	勈
okmmli	勉
okkeli	勊
okyrli	勋
okjrli	勌
okjkli	勍
okluli	勎
okpzli	勏
okmgli	勐
okldli	勑
okgeli	勒
okjpli	勓
okmmli	勔
okvsli	動
okmcli	勖
okrivu	勗
okufli	勘
okmcwu	務
okyrli	勛
okwgli	勜
okytqr	勝
okmoli	募
okpnli	勡
okzeli	勣
okjbli	勤
okqlli	勥
okicli	勦
okxlli	勨
okqnli	勪
okfjli	勫
oktsli	勭
okdjli	勯
okwjli	勱
okdsho	勲
okxyli	勳
oklvli	勴
okwjli	勵
okieli	勶
okxlli	勷
okppve	勹
okbcdm	勺
okbcer	勻
okbcjq	勼
okbcrf	勽
okbcsi	勾
okbcbk	匀
okbcia	匁
okbcbi	匂
okbcwh	匄
okbcsi	包
okwudm	匆
okbcxi	匇
okbcxs	匈
okbcpk	匉
okbcmi	匊
okbcfz	匋
okbche	匌
okbcfu	匍
okbcyj	匎
okkxbc	匏
okbcfu	匐
okbcgs	匑
okppve	匕
okrfbi	化
okjlbi	北
okuibi	匙
okkljq	匛
okklye	匜
okkljb	匝
okklgs	匞
okklkh	匟
okkljb	匠
okklwh	匡
okklwu	匢
okkljx	匣
okklyu	匤
okklbm	匥
okklgv	匦
okkljx	匧
okklvl	匨
okklfw	匪
okklyu	匬
okklgv	匭
okklgv	匮
okklhk	匯
okkldj	匰
okklgv	匱
okklqm	匳
okklsr	匴
okklmd	匵
okkljq	匶
okklqu	匷
okhgve	匸
okkler	匹
okklia	区
okklui	医
okklhe	匼
okklbm	匾
okklro	匿
okklpb	區
okhguu	十
okveui	卂
okppui	千
okirhg	卅
okjqui	卆
okppcc	升
okppgj	午
okuicc	卉
okuinm	卋
okhxui	华
okuibj	协
okuimd	卖
okufui	卙
okuifu	博
okuudm	卜
okdmxx	卞
okkzbu	卟
okuhbu	卡
okvjkl	卣
okvjia	卤
okgvbu	卦
okifbu	卧
okveuu	卩
okerdm	卪
okerhg	卫
okgser	卭
okdcee	危
okvcer	卲
okgfer	即
okquer	却
okdoer	卶
okjree	卷
okfzer	卸
okxter	卹
okigee	卺
okguer	卻
okwuww	卼
okxper	厁
okhgpp	厂
okdcih	厃
okihee	厄
okihdk	厅
okihli	历
okihto	厇
okihgj	厈
okihwj	厉
okihya	厊
okihqr	厌
okihie	厍
okihdi	厎
okihva	厏
okihls	厐
okihii	厑
okihfz	厒
okihgv	厓
okihvi	厔
okihze	厕
okihls	厖
okihxb	厗
okihli	厘
okihie	厙
okihtk	厛
okihiv	厜
okihxi	厝
okihfw	厞
okihze	厠
okihqr	厡
okihxl	厢
okyjjx	厣
okihxx	厦
okihvf	厧
okihji	厩
okihjb	厪
okihao	厫
okihsi	厮
okihih	厰
okihqm	厱
okihwj	厲
okyjjx	厴
okvedm	厶
okuisi	厷
oksisi	厸
okjqsi	厹
okdasi	厺
okqusi	去
oksixn	厼
okvequ	厾
okqpsi	县
oklwvf	參
okyyai	叆
okyydd	叇
okvena	又
okyzdm	叉
okuiyz	友
okyzyz	双
okjqyz	収
okvevi	叏
okppyz	叐
okyzul	叒
okyzyzyz	叒
okulul	叕
okyzyzyz	叕
okeryz	取
okyiyz	变
okyuyz	叙
okbjfj	叛
okzdyz	叜
okrvyz	叡
okklhg	口
okuikz	古
okbckz	句
okkzli	另
okkzdc	叧
okkzdc	叨
okkzer	叩
okkzba	只
okkzjq	叫
okdckz	召
okkzba	叭
okkzdk	叮
okdkkz	可
oksikz	台
okkzbi	叱
okklia	史
okuikz	右
okjqkz	叴
okklkz	叵
okkzui	叶
okkzqn	号
okkzyz	叹
okkzru	叺
okkzli	叻
okkzdn	叼
okkzji	叽
oklnkz	叾
okkzgs	叿
okkzqm	吀
okkzyu	吁
okwhkz	吂
okkzqi	吃
okwfkz	各
okkzkz	吅
okkzyc	吆
okkzzi	吇
okuikz	吉
okkzjb	吊
okkzcy	吋
okxikz	名
okkztu	吐
okppjs	向
okkzto	吒
okkzxx	吓
okkzye	吔
okkzkz	吕
okkzya	吖
okkzma	吗
okkzwu	吘
okkzho	吙
okkzyb	吚
okybkz	君
okkziz	吜
okwfkz	吝
oktmkz	吞
okkzjb	吟
okkzqr	吠
okkzbi	吡
okxbkz	吢
okkzxb	吣
okkzjp	吤
okkzbu	吥
okbukz	否
okkzba	吧
okkzty	吨
okkzff	吩
okkzhx	吪
okjbkz	含
okkzjb	听
okkzkh	吭
okkzyy	吮
okhukz	启
okkzgs	吰
okkzvi	吱
okkzyb	吲
okkztm	吴
okkzuc	吵
okkznw	吶
okkzgk	吷
okkzji	吸
okkzqm	吹
okkzuu	吺
okkzwu	吻
okkzks	吼
okkznq	吽
okwukz	吾
oknqkz	吿
okkzya	呀
okkzyy	呁
okkzee	呃
okndgu	呄
okkzwf	呅
okkzmu	呆
okuvkz	呇
okkzwh	呈
oknqkz	告
okkzfu	呋
okkzdz	呌
okkzyy	呍
okkzii	呎
okkzug	呏
okkznw	呐
okyckz	呑
okkzwu	呒
okkzyi	呓
okkztd	呔
okkzqu	呕
okkzli	呖
okkzbw	呗
okkzbw	员
okkznw	呙
okkzwf	呚
okkzch	呛
okkzwu	呜
okkzsi	呞
okkzxr	呟
okkzbf	呠
okkzmb	呡
okkzni	呢
okkzmu	呣
okkzlk	呤
okkzrj	呥
okkzyz	呦
okkzdi	呧
okkzui	呩
okkzxs	呪
okkzvj	呫
okkzsi	呬
okkzui	呭
okkzvi	呮
okkzpk	呯
okcikz	呰
okkzgx	呱
okkzci	呲
okkzww	味
okkzju	呴
okkzke	呵
okkznu	呶
okkzjx	呷
okkzpi	呸
okkzui	呹
okkzhc	呺
okkzuf	呻
okkzhu	呼
okkzdj	呾
okkzqu	呿
okkzqp	咀
okkzgj	咁
okkzza	咂
okkzta	咃
okkziu	咄
oklikz	咅
okkzbc	咆
okkzbi	咇
okkzfu	咈
okkzyh	咉
okkzhe	咊
okkzva	咋
okhekz	和
okkztd	咍
okiukz	咎
okkzys	咏
okkzfu	咐
okkzda	咑
okkzwa	咓
okkzka	咔
okkzgu	咕
okkzjx	咖
okkzzo	咗
okkzbu	咘
okkzls	咙
okkzds	咚
okkznk	咛
okkzta	咜
okkzsi	咝
okkzkd	咞
okkzbd	咟
okkzer	咠
okkzer	咡
okkzgl	咣
okkzvd	咤
okkzvi	咥
okkzyi	咦
okkzlp	咧
okcikz	咨
okkzyh	咩
okkzmi	咪
okiivi	咫
okkzjn	咬
okkzji	咭
okkzvu	咮
okkzge	咯
okkzxy	咰
okkzzi	咱
okkzgr	咲
okkzhd	咳
okkzhv	咴
okkzkx	咵
okkzue	咶
okkzvc	咷
okxukz	咸
okkzan	咹
okkzgf	咺
okkzxq	咻
okkzyb	咽
okkzlc	咾
okkzyi	咿
okyikz	哀
okkzxi	哂
okkzts	哃
okkzgs	哄
okkzxs	哅
okkzdo	哆
okkzgv	哇
okkzhe	哈
okkzyz	哊
okkzdi	哋
okkzpd	哌
okkzxl	响
okkzai	哎
okkzgf	哏
okkzkl	哐
okkzya	哑
okkzda	哒
okkzyc	哓
okkzbi	哔
okkzsv	哕
okkznm	哖
okkzhx	哗
okkzxk	哘
okkzhv	哙
okkzdo	哚
okiiff	哛
okkzqi	哜
okkzns	哝
okkzmz	哞
okkzyt	哟
okkzgc	哠
okkzbw	員
okkzns	哢
okkzdz	哣
okkzls	哤
okkeke	哥
okkzwo	哦
okkzii	哧
okkzxn	哨
okkzli	哩
okkzna	哪
okkzzu	哫
okkzhe	哬
okkzxn	哮
okkzjm	哯
okkzlc	哰
okkzbo	哱
okvekz	哲
okkzve	哳
okkzll	哴
okkzbp	哵
okkzto	哸
okkzfu	哹
okkzfu	哺
okkzhj	哻
okkzhg	哼
okkzgg	哽
okkzdv	哾
okjxke	哿
okkzxq	唀
okkzyj	唁
okkzgu	唂
okkzjn	唃
okkzbw	唄
okkzhj	唅
okkzqy	唆
okifkz	唇
okkzyi	唈
okkzyi	唉
okkzjx	唊
okkzyu	唋
okkzyj	唌
okkzwj	唍
okkzli	唎
okkzxi	唏
okkzzo	唑
okkzyz	唒
okkzie	唓
okkzwu	唔
okkzzz	唗
okkzdi	唙
okkzmd	唛
okmoii	唜
okkzgs	唝
okkzdz	唞
okquii	唟
okkzlc	唠
okkzll	唡
okkzzc	唣
okkzhr	唤
okkzlg	唥
okkzua	唦
okkzji	唧
okkzzu	唨
okkzww	唩
okkzfg	唪
okkzjb	唫
okkzhu	唬
okkzqi	唭
okvvkz	售
okkzvv	唯
okkzux	唰
okkzih	唱
okkzer	唲
okkzli	唳
okkzql	唴
okkzyj	唵
okkzxi	唶
okkzyu	唷
okkznm	唸
okkzyu	唹
okkzdm	唺
okkzld	唻
okkzqp	唼
okkzxi	唽
okkziv	唾
okkzhu	唿
okkzvz	啁
okkzru	啂
okkzkf	啃
okkzvo	啅
okkzxk	啈
okkzlb	啉
okkzaa	啊
okkzcd	啋
okkzks	啌
okkzxl	啍
okwuwu	啎
okmfkz	問
okkzzu	啐
okkzjp	啑
okkzqu	啒
okkzyj	啖
okkzwj	啘
okkzqi	啛
okkzvo	啜
okkzhe	啝
okkzya	啞
okqiwf	啟
okkzfw	啡
okkzll	啢
okkzxp	啣
okkzbw	啤
okkzue	啥
okkzla	啦
okkzze	啧
okkzqk	啨
okkzgx	啩
okkzpd	啪
okkzve	啫
okkzvr	啭
okkzii	啮
okkzgo	啯
okkzlo	啰
okkzyj	啱
okkzde	啲
okkzjr	啳
okkzdj	啴
okkzbo	啵
okkzdk	啶
okkzlh	啷
okkzsu	啸
okkzju	啹
okkzyh	啺
okdikz	啻
okkzdi	啼
okkzqq	啾
okkzuf	啿
okkzke	喀
okkzyu	喁
okkzww	喂
okkznj	喃
okkzyu	喅
okjiji	喆
okkzla	喇
okkzjp	喈
okkzhz	喉
okkzxm	喊
okkzye	喋
okkzid	喍
okkzgo	喎
okkzro	喏
okkzyu	喐
okkzyb	喑
okkzyc	喓
okkzwu	喔
okkzmm	喕
okkzku	喖
okkzjy	喗
okkzdr	喘
okkztr	喙
okkzhr	喚
okkzyr	喛
okkzhe	喝
okkzww	喟
okkzvs	喠
okkzww	喡
okkzhl	喤
okkzdu	喥
okpbuj	喦
okkzxr	喧
okkzll	喨
okkzqi	喫
okkzyj	喭
okkzbf	喯
okkzui	喰
okkzli	喱
okkzyt	喲
okkzia	喳
okkzww	喴
okkzmn	喵
okkzbf	喷
okfuii	喸
okkzkv	喹
okkzxi	喺
okkzyu	喻
okkzji	喼
okkzlz	喽
okpbmu	喿
okkzsi	嗁
okkzyc	嗂
okkzgc	嗃
okkzxx	嗄
okkziz	嗅
okkzch	嗆
okkzsu	嗉
okkzgs	嗊
okkzyi	嗌
okkzuo	嗍
okkzma	嗎
okkzia	嗏
okkzhd	嗐
okkzhe	嗑
okkzsh	嗓
okkzvf	嗔
okkzru	嗕
okkzsz	嗖
okkzgu	嗗
okkzxi	嗘
okkzph	嗙
okkzwu	嗚
okkzjm	嗛
okkzge	嗝
okkzzi	嗞
okkzia	嗟
okfuge	嗠
okkzwg	嗡
okkzwf	嗢
okkzii	嗤
okkzgc	嗥
okkzso	嗦
okjxly	嗧
okkzhd	嗨
okkzqb	嗪
okkznp	嗫
okkzhe	嗬
okviii	嗭
okkzud	嗮
okkzen	嗯
okkzna	嗱
okkzdp	嗲
okkzai	嗳
okkzts	嗵
okkzbi	嗶
okkzao	嗷
okaokz	嗸
okkzlm	嗹
okkzcv	嗺
okkzuu	嗻
okkzmo	嗼
okkzzu	嗾
okkztj	嗿
okkzdi	嘀
okkzqi	嘁
okkzys	嘃
okkzxn	嘄
okkzji	嘅
okkzcj	嘇
okkzcc	嘈
okkzya	嘊
okkzjn	嘋
okkzpn	嘌
okkzlz	嘍
okkzga	嘎
okguxx	嘏
okkzhv	嘒
okkzgo	嘓
okkzqu	嘔
okkzyj	嘕
okkzze	嘖
okuhvi	嘗
okkzxu	嘘
okkzpo	嘙
okkzde	嘚
okkzma	嘛
okkzmd	嘜
okkzhu	嘝
okkzle	嘞
okkzdz	嘟
okkzjx	嘠
okkzth	嘡
okkzye	嘢
okkzbg	嘣
okkzyk	嘤
okkzxi	嘥
okviyc	嘦
okkzmi	嘧
okkzhx	嘩
okkzmd	嘪
okkzrj	嘫
okkzzv	嘬
okkzpg	嘭
okkzlc	嘮
okkzsu	嘯
okkzji	嘰
okkzuu	嘱
okkzic	嘲
okkzgv	嘳
okkzyc	嘵
okkzsi	嘶
okkzwu	嘸
okkzln	嘹
okkzqn	嘺
okkzxi	嘻
okkzdj	嘽
okkztj	嘾
okkzhw	嘿
okkzee	噁
okkzzy	噂
okkzfj	噃
okkzjp	噄
okkzww	噅
okkzts	噇
okkzjq	噈
okkzgj	噉
okkzdy	噋
okkzzg	噌
okkzjn	噍
okkzyi	噎
okkzlb	噒
okkzxu	噓
okkzdg	噔
okwwkz	噕
okkzqb	噖
okkzjt	噘
okkzqb	噙
okkzxy	噚
okkzlu	噜
okkzqm	噞
okkzda	噠
okkzvj	噡
okkzao	噢
okkzuu	噣
okkzjb	噤
okkzns	噥
okkzsv	噦
okkzwj	噧
okkzzc	噪
okkzyi	噫
okkzjn	噭
okkzai	噯
okkzys	噰
okkzhv	噲
okkzyu	噳
okkzbf	噴
okdckz	噵
okkzge	噶
okkzdy	噸
okkzdh	噹
okkzxb	噺
okkzse	噻
okkzpi	噼
okxipi	噽
okkzcv	噿
okkznk	嚀
okkzvd	嚁
okkzjm	嚂
okkzho	嚄
okkzxu	嚅
okkzhc	嚆
okkzhe	嚇
okkzyj	嚈
okkzdv	嚉
okkzbi	嚊
okkzuz	嚋
okkzqi	嚌
okkzjb	嚍
okkzhc	嚎
okkzxy	嚑
okkzme	嚒
okkzca	嚓
okkzlu	嚕
okkzhv	嚖
okkzbc	嚗
okkzyz	嚘
okkzii	嚙
okkzle	嚛
okkzmo	嚜
okkzgl	嚝
okkzli	嚟
okkzlq	嚠
okkzxp	嚡
okkzmo	嚤
okkzyj	嚥
okkzli	嚦
okkzlu	嚧
okkzls	嚨
okkzfu	嚩
okkzqb	嚫
okkzpb	嚬
okxifz	嚭
okxlxl	嚮
okkzho	嚯
okkzmo	嚰
okxldj	嚲
okkzyk	嚶
okkzxl	嚷
okkzdm	嚸
okkzxx	嚹
okkzjt	嚼
okkzvv	嚽
okkzjq	嚿
okkzvr	囀
okkznp	囁
okkzza	囃
okkzli	囄
okdjvj	囅
okkzli	囇
okkzyi	囈
okkzlo	囉
okkzzj	囋
okkzsu	囌
okxixi	囍
okkzzg	囎
okkzxm	囐
okkzuu	囑
okkznh	囔
okkzlj	囕
okkzlo	囖
okklhg	囗
okklsi	囘
okklrf	囚
okkler	四
okklsi	囜
okklzi	囝
okklkz	回
okklda	因
okklnv	囡
okklcd	团
okklcy	団
okklty	囤
okklkh	囥
okkluv	囦
okklbu	囨
okklyy	囩
okklwu	囫
okklyr	园
okklhx	囮
okklwh	囯
okklmu	困
okkljk	囲
okklww	围
okklly	囵
okklhe	囷
okklvg	囸
okkllk	囹
okklgu	固
okklmb	囻
okkltd	囼
okklyu	国
okklds	图
okklyz	囿
okklyj	圁
okklui	圂
okklfu	圃
okklwu	圄
okklyr	圆
okklly	圇
okkljr	圈
okklxk	圉
okklqk	圊
okklho	國
okkldr	圌
okklww	圍
okklyr	圎
okklvr	圑
okklyr	園
okklyr	圓
okklhe	圔
okkluu	圕
okklvr	團
okklgv	圚
okkllr	圞
okuihg	土
oktuve	圠
oktudm	圡
oktudk	圢
okyztu	圣
oktubu	圤
oktuer	圥
okturu	圦
okihtu	圧
oktuyu	圩
oktuqi	圪
oktuto	圫
oktukv	圬
oktutu	圭
oktuji	圮
oktusi	圯
oktuye	地
okqmtu	圱
oktuqm	圲
oktuir	圳
oktuuc	圴
oktuuh	圵
okdatu	圶
oktuxx	圷
oktuuj	圸
oktugl	圹
oktuyi	场
oktujb	圻
okritu	圼
oktuwu	圽
oktuji	圾
oktujp	圿
oktuvi	址
oktuui	坁
oktufj	坂
oktuyr	坃
oktuuu	坄
oktujb	坅
oktuwf	坆
oktuyy	均
okturs	坈
oktuty	坉
oktufh	坊
oktufg	坋
okfftu	坌
oktudj	坍
oktuqm	坎
oktubu	坏
oktukh	坑
okbitu	坒
okjktu	坓
okuvtu	坔
okvxtu	坕
okyrtu	坖
oktugk	块
oktuhu	坘
oktuyy	坛
oktuli	坜
oktubw	坝
oktuwu	坞
oktuwf	坟
okdvtu	坠
oktupi	坡
oktubj	坢
okthtu	坣
oktuuf	坤
oktuqp	坥
oktudj	坦
oktuui	坧
oktuta	坨
oktugj	坩
oktupk	坪
oktuvj	坫
oktugx	坬
oktuni	坭
oktutd	坮
oktupi	坯
oktujs	坰
oktuyh	坱
oktufu	坲
oktuyz	坳
oktuqq	坵
oktumu	坶
oktuke	坷
oktuju	坸
oktuxt	坹
oktuba	坺
oktudi	坻
oktuii	坼
oktulk	坽
oktunk	坾
oktufu	坿
oktuhu	垀
oktuui	垁
oktuli	垃
oklstu	垄
oktuls	垅
oktulu	垆
oktuao	垇
okddtu	垈
oktubc	垉
oktumb	垊
okxktu	型
oktuts	垌
oktuzi	垍
oktuge	垎
oktuyu	垏
okcitu	垐
oktudo	垑
oklwtu	垒
oktuhd	垓
okxitu	垔
okhztu	垕
oktudv	垖
oktuvc	垗
oktufu	垘
oktugl	垙
oktudo	垛
oktuww	垝
oktuvd	垞
oktuyh	垟
oktugf	垠
okfatu	垡
oktuhz	垢
oktugf	垣
oktuvi	垤
oktuhe	垥
okgftu	垦
oktuxl	垧
oktuuz	垨
okyatu	垩
oktubk	垪
okvitu	垫
oktugs	垬
oktuya	垭
oktukx	垮
oktuda	垯
oktudh	垱
oktuqi	垲
oktuxk	垳
oktuan	垵
oktuxb	垶
oktujm	垷
oktuwj	垸
oktubh	垹
oktufu	垺
oktubw	垻
okyitu	垼
okyitu	垽
oktuhj	垾
oktuxu	垿
oktucf	埁
oktugg	埂
oktuyi	埃
oktufg	埄
okfhtu	埅
oktujn	埆
oktuys	埇
oktuqy	埈
oktujx	埉
oktuli	埋
oktull	埌
oktujr	埍
oktuig	城
oktuyj	埏
okvetu	埑
oktufu	埔
oktuig	埕
oktuhx	埖
oktubu	埗
oktuui	埘
oktuyr	埙
oktugo	埚
oktujs	埛
oklbtu	埜
oktunm	埝
oktudk	埞
oktuho	域
oktufu	埠
oktuya	埡
oktujr	埢
oktuzu	埣
oktubw	埤
oktuqk	埥
oktuwj	埦
oktuju	埧
oktuly	埨
oktuvg	埩
oktuks	埪
oktuuh	埫
oktuds	埬
oktuli	埭
oktuyj	埮
oktuyj	埯
oktucd	埰
oktuuu	埱
oktufg	埲
oktuvi	埴
oktuiv	埵
okluwj	埶
okxkwj	執
oktuyi	埸
oktupz	培
okqitu	基
oktuxl	埻
oktuqi	埼
oktuvz	埽
okqutu	埾
oknitu	埿
oktuqu	堀
oktugo	堁
okuhtu	堂
oktuer	堄
oktuvv	堆
oktugh	堈
oktuyu	堉
okyatu	堊
oktupg	堋
oktugu	堌
oktutu	堍
oktulk	堎
okfhtu	堏
okvjtu	堑
oktuky	堒
oktuan	堓
oktutu	堗
oktujy	堚
oktufu	堛
oktujm	堜
oktugo	堝
oktuye	堞
oktutr	堟
oktuhz	堠
okbctu	堡
oktubc	堢
oktuyu	堣
oktuui	堤
oktujp	堦
oktuhe	堨
oktuhg	堩
oktuuf	堪
oktuyu	堬
oktuhl	堭
okycwu	堯
okjitu	堲
oktumw	堳
oktuyh	場
oktuve	堵
oktuyb	堷
oktufg	堸
oktuvs	堹
oktujp	堺
okjbtu	堻
okfgtu	堼
oktugh	堽
oktuiy	堾
oktuxm	堿
oktupk	塀
oktuxl	塂
oktuhl	塃
oktudr	塅
oktuwj	塆
oktuxr	塇
okjitu	塈
oktuji	塉
oktugv	塊
okturs	塎
oktuqi	塏
oktusu	塐
okuotu	塑
oktuui	塒
oktumk	塓
oktuwg	塕
oktuig	塖
oktutu	塗
oktuth	塘
oktugc	塙
oktuvs	塚
oktusu	塛
oktuph	塝
oktuvv	塠
oktuvf	塡
oktuwu	塢
oktuyr	塤
oktuge	塥
okvftu	塦
oktuyi	塧
oktugs	塨
oktuyc	塪
oktuvf	填
oktuyr	塬
oktuwf	塭
oktuue	塮
oktulq	塯
okhdtu	塰
oklhtu	塱
oktufg	塳
oktubg	塴
oklutu	塵
oktulu	塶
oktulu	塷
oktuqu	塸
okvjtu	塹
okmatu	塺
oktumo	塻
oktuvr	塼
oktuul	塽
okuutu	塾
oktulz	塿
oktuxi	墀
oktumj	墁
oktupn	墂
oktujk	境
oktuqi	墄
okyetu	墅
oktudd	墆
oktuvh	墇
oktukj	墈
oktuys	墉
okvitu	墊
oktucj	墋
oktuuu	墌
oktugo	墎
okjltu	墏
oktujb	墐
oktudi	墑
oktuuh	墒
okmotu	墓
oktucv	墔
oktuyj	墕
oktuqm	墘
oktuse	墙
oktull	墚
oktuww	墛
okdvtu	墜
oktuyc	墝
oktuzg	增
oktuxu	墟
oktudj	墠
oktuuj	墡
oktufa	墢
oktugv	墤
oktuts	墥
oktufj	墦
oktuqn	墧
okhwtu	墨
oktudy	墩
okdytu	墪
oktuzy	墫
okyrtu	墬
oktuug	墭
oksvtu	墮
okdotu	墯
oktutj	墰
oktudg	墱
oktuwu	墲
oktubf	墳
oktuhl	墴
oktuyy	墵
oktuda	墶
oktuhx	墷
oktuvu	墸
oktujm	墹
oktuao	墺
oktuse	墻
oktujn	墽
oktupi	壀
okpitu	壁
okdmtu	壂
oktujl	壃
okystu	壅
oktudj	壇
oktudh	壋
okjmtu	壍
oktuxy	壎
oktujm	壏
okertu	壐
okyjtu	壓
oktuuz	壔
oktuhc	壕
oktuxu	壖
oktujb	壗
oktugl	壙
oktulu	壚
oktutj	壜
oktuyi	壝
oklstu	壟
oktuls	壠
okrvug	壡
oktuli	壢
oktulm	壣
oktuxl	壤
oktuyj	壧
oktuba	壩
oktuwj	壪
okuihg	士
okppui	壬
okuier	壭
okjlui	壮
okpjui	壯
okuirs	壳
okjiqm	壴
oktuxu	壻
okuizy	壿
okppyz	夂
okndyz	夃
okwfbu	处
okwfnq	夅
okwffg	夆
okwftm	备
okwfmi	夈
okyiwf	変
okppyz	夊
okzowf	夎
okdcdm	夕
okxibu	外
okxiee	夗
okxier	夘
okjidd	夙
okxixi	多
okxtxi	夛
okxiug	夝
okwdii	夞
okjudo	够
okdoju	夠
okdoji	夡
okxiyb	夤
okgodo	夥
okufdo	夦
okhgrf	大
okveda	夨
okhgda	天
okdadm	奄
okdadm	太
okerrf	夫
okppda	夭
okuugk	央
okdali	夯
okppfu	失
okdaui	夲
okdaer	夳
okdaxn	夵
okdada	夶
okdags	夷
okdakv	夸
okerho	夹
okdacy	夺
okdakz	夻
okdair	夼
okdayy	夽
okdacs	夾
okdaba	夿
okbuda	奀
okdaqu	奁
okdadi	奃
okdamc	奅
okdaju	奆
okdake	奇
okdaui	奈
okdatm	奋
okvjda	奌
okdagv	奎
okiytm	奏
okdahd	奒
okdado	奓
okdahv	奔
okyida	奕
okdaih	套
oksiyj	奙
okdamk	奛
okfwda	奜
okdavz	奝
okdavv	奞
okdapg	奟
okqqda	奠
okdave	奢
oktmmk	奣
okdamm	奤
okwuda	奦
okdaqu	奩
okdayr	奫
okjlda	奬
okdasv	奯
okuedj	奲
oknvyz	奴
oknvdk	奵
oknvnd	奶
oknvqm	奷
oknvgj	奸
oknvye	她
oknvjq	奺
oknvnv	奻
oknvto	奼
oknvzi	好
oknvuj	奾
okwjnv	奿
okjinv	妀
oknvuc	妁
oknvkz	如
oknvji	妃
okwhnv	妄
oknvgs	妅
okjlnv	妆
oknvxt	妇
oknvma	妈
oknvyb	妉
oknvrf	妊
oknvfu	妋
oknvjk	妌
oknvkd	妍
oknvjp	妎
oknvwf	妏
oknvgs	妐
oknvba	妑
oknvhu	妒
oknvvi	妓
oknvkh	妔
oknvvs	妕
oknvyc	妖
oknvjb	妗
oknvyy	妘
oknvuc	妙
oknvbu	妚
oknvgk	妜
okpjnv	妝
oknviz	妞
okrinv	妟
oknvnw	妠
oknvjb	妡
oknvff	妢
oknvbi	妣
oknvyu	妤
okvxnv	妥
oknvfg	妦
oknvyr	妧
oknvfh	妨
oknvwu	妩
oknvqu	妪
oknvww	妫
oknvui	妬
oknvba	妭
oknvni	妮
oknvyz	妯
oknvva	妰
oknvvc	妱
oknvdj	妲
oknver	妳
okwjnv	妴
oknvvu	妵
oknvxr	妶
oknvui	妷
oknvke	妸
oknvww	妹
oknvmo	妺
oknvbi	妼
oknvuf	妽
oklinv	妾
okjxnv	妿
oknvhe	姀
oknvju	姁
oknvfj	姂
oknvvg	姃
oknvmb	姄
oknvbj	姅
oknvmu	姆
okfunv	姇
oknvlk	姈
oknvfu	姉
oknvzi	姊
oknvtd	始
oknvrj	姌
oknvyh	姎
oknvgj	姏
oknvqp	姐
oknvgu	姑
oknvyi	姒
oknvug	姓
okhenv	委
okcinv	姕
oknvju	姖
oknvce	姗
oknvbk	姘
oknvrf	姙
oknvvc	姚
oknvts	姛
okyhnv	姜
oknvvu	姝
oknvji	姞
oknvhd	姟
oknvxl	姠
oknvue	姡
oknvjn	姣
oknvhz	姤
oknvlc	姥
oknvyi	姨
oknvnm	姩
oknvvi	姪
oknvif	姫
oknvif	姬
oknvgf	姮
oknvgl	姯
oknvxy	姰
oknvkx	姱
oknvan	姲
oknvmk	姳
oklpnv	姴
oknvhe	姶
oknvyz	姷
oknvvd	姹
oknvxm	姺
oknvyb	姻
oknvdo	姼
oknvww	姽
oknvqr	姾
okcinv	姿
oknvrs	娀
okxunv	威
oknvgs	娂
oknvgv	娃
okminv	娄
oknvya	娅
oknvyc	娆
oknvqn	娇
okyinv	娈
oknvjm	娊
oknvxn	娋
oknvli	娌
oknvig	娍
okvenv	娎
oknvls	娏
oknvfu	娐
okuanv	娑
oknvmw	娒
oknvww	娓
oknvke	娔
oknvuu	娕
oknvzu	娖
oknvtk	娗
oknvll	娘
oknvjk	娙
oknvnj	娚
oknvwu	娛
oknvna	娜
oknvfz	娝
oknvto	娞
oknvyr	娟
oknvif	娠
oknvvi	娡
oknvhj	娢
oknvdi	娣
okvlnv	娤
oknvwo	娥
oknvbk	娦
oknvdv	娧
oknvhj	娨
oknvmm	娩
oknvwu	娪
oknvyj	娫
oknvwu	娬
oknvyi	娭
oknvyj	娮
oknvwu	娯
oknvsi	娰
oknvwu	娱
oknvgo	娲
oknvli	娳
oknvxm	娴
oknvqu	娵
okqunv	娶
oknviv	娷
oknvqi	娸
oknvxr	娹
oknvvo	娺
oknvds	娻
oknvih	娼
oknvlu	娽
okaanv	娿
oknvaa	婀
oknvbo	婂
oknvzs	婃
oknvpz	婄
okbonv	婆
oknvcd	婇
oknvlk	婈
oknvwj	婉
oknvbn	婊
oknvhu	婋
oknvuu	婌
oknvqi	婍
oknvvv	婎
oknvtu	婏
oknvgo	婐
oknvww	婑
oknvyj	婒
okfwnv	婓
oknvfw	婔
oknvjp	婕
oknvtm	婖
oknver	婗
oknvjr	婘
oknvvg	婙
oknvhy	婚
oknvjk	婛
oknvdk	婝
oknbxk	婞
oknvgu	婟
oknvgr	婠
oknvld	婡
oknvbw	婢
oknvvz	婤
oknvvo	婥
oknvvz	婦
oknvqk	婧
oknvly	婨
oknvan	婩
oklbnv	婪
oknvky	婫
oknvya	婭
oknvju	婮
oklinv	婯
oknvdm	婰
okxrnv	婱
oknvhx	婲
oknvhx	婳
oknvdj	婵
oknvuf	婶
oknvtk	婷
oknvyh	婸
oknvyc	婹
oknvnj	婻
oknvro	婼
oknvxx	婽
oknvxu	婿
oknvyu	媀
oknvww	媁
oknvdi	媂
oknvrz	媃
oknvmw	媄
oknvuf	媅
oknvqb	媇
oknvjy	媈
oknvwu	媉
oknvqm	媊
oknviy	媋
oknvmn	媌
oknvfu	媍
oknvve	媎
oknvdr	媏
oknvvs	媑
oknvmz	媒
oknvhl	媓
oknvmm	媔
oknvyk	媖
oknvxr	媗
oknvjp	媘
oknvww	媙
oknvmw	媚
oknvyr	媛
oknvvf	媜
okqqnv	媝
oknvui	媞
oknvye	媟
oknvjm	媡
oknvmc	媢
oknvrj	媣
oknvsi	媤
oknvbm	媥
oknvww	媦
oknvgo	媧
oknvqq	媨
oknvhu	媩
oknvwf	媪
oknvbc	媬
okxunv	媭
oknvyu	媮
oknvww	媯
oknviu	媰
oknvxi	媳
oknvyr	媴
oknvrs	媶
oknvru	媷
oknvii	媸
oknvlq	媹
okbjnv	媻
oknvwf	媼
oknvma	媽
oknvgz	媾
oknvgv	媿
oknvqb	嫀
oknvjx	嫁
oknvsz	嫂
oknvvf	嫃
oknvyr	嫄
oknvia	嫅
oknvrs	嫆
oknvmk	嫇
oknvji	嫉
oknvsu	嫊
oknvro	嫋
oknvjm	嫌
oknvyc	嫍
oknvph	嫎
oknvlh	嫏
okbuyc	嫑
oknvai	嫒
oknvbb	嫔
oknvpn	嫖
oknvqu	嫗
oknvlw	嫘
oknvxr	嫙
oknvmj	嫚
oknvvh	嫜
oknvkh	嫝
oknvys	嫞
oknvni	嫟
oknvdi	嫡
okgvnv	嫢
oknvyj	嫣
oknvjb	嫤
oknvvr	嫥
oknvih	嫦
oknvze	嫧
oknvii	嫩
oknvmo	嫫
oknvuu	嫬
okaonv	嫯
oknvse	嫱
oknvma	嫲
okbinv	嫳
oknvgu	嫴
oknvwu	嫵
oknvjn	嫶
oknvsv	嫷
oknvuj	嫸
oknvhl	嫹
oknvxm	嫺
oknvxm	嫻
oknvhw	嫼
oknvln	嫽
oknvlb	嫾
oknvhx	嫿
oknvww	嬀
oknvdg	嬁
okxunv	嬃
oknvyi	嬄
oknvhx	嬅
oknvgv	嬇
oknvyc	嬈
oknvxi	嬉
oknvdj	嬋
oknvqn	嬌
oknvfj	嬏
oknvqm	嬐
oknvyi	嬑
oknvhv	嬒
oknvjn	嬓
okpinv	嬖
oknvdj	嬗
oknvsv	嬘
oknvse	嬙
oknvlm	嬚
okxbnv	嬜
oknvnn	嬝
oknvds	嬞
oknvyi	嬟
oknvzc	嬠
oknvai	嬡
oknvnk	嬣
oknvme	嬤
oknvvd	嬥
oknvuz	嬦
oknvjb	嬧
oknvci	嬨
oknvyu	嬩
oknvbb	嬪
oknvrs	嬫
oknvxu	嬬
oknver	嬭
okyjnv	嬮
oknvtd	嬯
okjmnv	嬱
oknvho	嬳
oknvmm	嬵
oknvbi	嬶
oknvme	嬷
oknvxk	嬹
oknvmd	嬻
oknvlq	嬼
oknvld	嬾
oknvyj	嬿
oknvul	孀
oknvxl	孃
oknvlj	孄
oknvyk	孆
oknvul	孇
oknvmi	孊
oknvli	孋
oknvyj	孍
oknvuu	孎
oklnhg	子
oklnhg	孑
oklnhg	孒
oklnna	孓
okzive	孔
okndzi	孕
okzizi	孖
okbczi	字
okzixn	孙
okvxzi	孚
okziwf	孜
oklczi	孝
okzixb	孞
okzimb	孟
oksizi	孠
okzitd	孡
okzibc	孢
okhezi	季
okzigx	孤
oknuzi	孥
okyzzi	孧
okzima	孨
okzihd	孩
okyizi	孪
okzixi	孫
okbuhc	孬
okzibw	孭
okzizs	孮
okxlwj	孰
okziya	孲
oklrfu	孵
okpizi	孹
okzixu	孺
okzijb	孻
okxtzi	孽
okziyk	孾
okdmbc	宀
okbcdk	宁
okbcji	宂
okbcbi	它
okbcjq	宄
okbcto	宅
okbcgs	宆
okbcyu	宇
okbccy	守
okbcnv	安
okbcqr	宊
okbcmu	宋
okbcyr	完
okbclq	宍
okbcyc	宎
okbcgs	宏
okbchu	宐
okbcjk	宑
okbcmc	宒
okbcbi	宓
okbcvu	宔
okbcui	宕
okbchs	宖
okbcui	宗
okbckz	官
okbcyz	宙
okbcwj	宛
okbcqp	宜
okbcyu	宝
okbctz	实
okbciy	実
okbcls	宠
okbcuf	审
okbcge	客
okbcgf	宣
okbcvi	室
okbcyz	宥
okbcif	宦
okbcvc	宨
okbcmi	宩
okbcxm	宪
okbclv	宫
okbcig	宬
okbcjy	宭
okbclv	宮
okbcxn	宯
okbcxb	宰
okbczo	宱
okbcdd	宲
okbcxn	宵
okbcui	家
okbcbm	宷
okbcif	宸
okbcgu	容
okbcxm	宽
okbcbk	宾
okbcbd	宿
okbccd	寀
okbcjp	寁
okbcuu	寂
okbctu	寃
okbcqi	寄
okmiuj	密
okbcqk	寈
okbcvv	寉
okbcvf	寊
okbcfu	富
okbchr	寏
okbcqb	寑
okbcyu	寓
okbcui	寔
okbcjb	寖
okmirj	寗
okbcvf	寘
okbcmo	寞
okbcji	察
okbclz	寠
okbcgr	實
okbcfj	審
okbcww	寪
okbchv	寭
okbcln	寮
okbcjy	寯
okbcyi	寲
okbcqb	寴
okbcls	寵
okbcfg	寷
okyzcy	对
oktucy	寺
okxtcy	寻
oksicy	导
okvxcy	寽
okwfcy	対
okfgcy	寿
okpocy	尀
okgvcy	封
okfucy	尃
okufcy	射
okkecy	尅
okqqcy	尊
okdccy	導
okuuba	小
okxnna	尐
okxnpp	少
okrfxn	尒
okrfxn	尓
okdcxn	尔
okndxn	尕
okxnda	尖
okuhxn	尗
okxntu	尘
okxnjs	尙
okxnjs	尚
okjmxn	尜
okthyy	尝
okuiuc	尟
okufuc	尠
okglky	尡
okuive	尢
okbaer	尣
okyzdm	尤
okyzuc	尥
okyzuj	尨
okyzwh	尪
okwuwh	尫
okyzjp	尬
okhvwu	尭
okyzww	尯
okyzvs	尰
okjkyz	就
okyzjm	尲
okyzgu	尳
okyzjm	尴
okyzgv	尵
okwujm	尶
okyzjm	尷
okklpp	尸
okuina	尺
okuijq	尻
okuibi	尼
okiidm	尽
okuimc	尾
okuiuv	尿
okuibi	屁
okuiyy	层
okuibw	屃
okuixt	屄
okuigu	居
okuitm	屇
okuiiu	屈
okuiui	屉
okuiyz	届
okuivi	屋
okuidn	屌
okuisi	屍
okuimi	屎
okuibk	屏
okuixn	屑
okuiif	屒
okuibw	屓
okqqni	屔
okuixb	屖
okwwcy	屗
okwwzi	屘
okuiaa	屙
okuiyu	屚
okuifw	屝
okuiyu	属
okuiye	屟
okuive	屠
okuilz	屡
okuilz	屢
okuixi	屣
okuizg	層
okuiln	屪
okkluu	屮
okqmcc	屰
okuukl	山
okppuj	屲
okruuj	屳
okujli	屴
okujih	屵
okujdc	屶
okujnd	屷
okujgs	屸
okujqi	屹
okujji	屺
okujrf	屻
okujwu	屼
okujgj	屽
okujuj	屾
okujyu	屿
okujuj	岀
okujxi	岁
okujji	岂
okujrf	岃
okujyt	岄
okujfj	岅
okujyc	岆
okujmc	岇
okujya	岈
okujwu	岉
okbauj	岊
okujji	岋
okujji	岌
okujkd	岍
okujff	岎
okujyr	岏
okujvi	岐
okujjb	岑
okujjb	岒
okujjb	岓
okffuj	岔
okujjp	岕
okujqu	岖
okujgh	岗
okujjm	岘
okycuj	岙
okujfg	岚
oknnuj	岛
okujba	岜
okujva	岝
okujva	岞
okujyh	岟
okujju	岠
okujke	岢
okujju	岣
okujxt	岤
okujpi	岥
okujli	岦
okujvc	岧
okujqp	岨
okujui	岩
okujfu	岪
okujyz	岫
okujjx	岬
okujlk	岭
okujta	岮
okujpi	岯
okujyz	岰
okdduj	岱
okujxs	岲
okqquj	岳
okujqq	岴
okujgu	岵
okujbd	岶
okujmb	岷
okujvc	岹
okujlk	岺
okujdi	岻
okujpk	岼
okujds	岽
okujvj	岾
okujgv	岿
okujyz	峀
okujmc	峁
okujds	峂
okujbm	峅
okujhe	峆
okujhe	峇
okujge	峈
okujge	峉
okdvuj	峊
okujxy	峋
okujvi	峌
okujyu	峍
okujgf	峎
okujer	峏
okujhd	峐
okujqr	峑
okujts	峒
okujyi	峓
okujlc	峔
okujan	峖
okujww	峗
okujgf	峘
okujsi	峙
okujlp	峛
okujqi	峜
okujts	峝
okujww	峞
okujyz	峟
okujjx	峡
okujlp	峢
okujyc	峣
okujqn	峤
okujvg	峥
okyiuj	峦
okujjn	峧
okujwo	峨
okujwo	峩
okujgu	峪
okujxp	峫
okujfu	峬
okujxn	峭
okujjy	峮
okujfg	峯
okujfg	峰
okujli	峲
okujyz	峳
okujjm	峴
okujhs	峵
oknnuj	島
okujxb	峷
okujig	峸
okyuuj	峹
okujgg	峺
okujqy	峻
okujgc	峼
okujjx	峽
okyiuj	峾
okujwu	峿
okujll	崀
okujkj	崁
okujlc	崂
okujld	崃
okujqm	崄
okujjn	崅
okujks	崆
okujzs	崇
okzsuj	崈
okujda	崉
okujlb	崊
okujju	崌
okujld	崍
okujqi	崎
okujhy	崏
okujky	崐
okujky	崑
okujzu	崒
okujgu	崓
okujvv	崔
okujgh	崗
okujly	崘
okujly	崙
okujlk	崚
okujqu	崛
okujiv	崜
okujqk	崝
okujxl	崞
okujjb	崟
okujds	崠
okujhj	崡
okujvg	崢
okujww	崣
okujyc	崤
okujbw	崥
okujyj	崦
okujss	崧
okujjp	崨
okujpg	崩
okujzu	崪
okujqu	崫
okujds	崬
okujvj	崭
okujgu	崮
okujjb	崯
okujze	崱
okujhl	崲
okujyu	崳
okujww	崴
okujyh	崵
okujfg	崶
okujqq	崷
okujye	崸
okujdi	崹
okujui	崺
okujdd	崻
okujui	崼
okujsi	崽
okujyc	崾
okujvu	嵀
okujuf	嵁
okujlv	嵂
okujyj	嵃
okujmw	嵄
okujxm	嵅
okujyr	嵈
okujtk	嵉
okujig	嵊
okujmw	嵋
okujyu	嵎
okujfg	嵐
okujhe	嵑
okpbuj	嵒
okujpb	嵓
okujww	嵔
okujia	嵖
okujrs	嵘
okujke	嵙
okujqb	嵚
okujyu	嵛
okujlz	嵝
okujxi	嵠
okujwg	嵡
okujch	嵢
okujth	嵣
okujjp	嵥
okujqi	嵦
okujlq	嵧
okujwu	嵨
okujgc	嵩
okujgc	嵪
okujzi	嵫
okujgv	嵬
okujph	嵭
okujvf	嵮
okujia	嵯
okujjm	嵰
okujrs	嵱
okujia	嵳
okujji	嵴
okujui	嵵
okujro	嵶
okujcs	嵷
okujcs	嵸
okujql	嵹
okujkh	嵻
okujij	嵼
okujdd	嵽
okujcj	嵾
okujdk	嵿
okujyu	嶀
okujlz	嶁
okujvh	嶂
okujvj	嶃
okujvj	嶄
okaouj	嶅
okujcc	嶆
okujqu	嶇
okujjl	嶈
okujww	嶉
okujtv	嶊
okujnn	嶋
okujnn	嶌
okujww	嶎
okujls	嶐
okujxl	嶑
okujzg	嶒
okujfj	嶓
okujqb	嶔
okujjn	嶕
okujlc	嶗
okujvj	嶘
okujlb	嶙
okujln	嶚
okujln	嶛
okujdg	嶝
oksvuj	嶞
okujzy	嶟
okujqn	嶠
okujjt	嶡
okujyc	嶢
okujjn	嶣
okujyc	嶤
okujjt	嶥
okujvj	嶦
okujns	嶩
okujye	嶪
okujye	嶫
okujyi	嶬
okujqm	嶮
okujji	嶯
okujjp	嶰
okujge	嶱
okaouj	嶴
okujzv	嶵
okujww	嶶
okujyi	嶷
okujrs	嶸
okujuz	嶹
okujlk	嶺
okujjp	嶻
okujyu	嶼
okujyu	嶽
okujxu	嶿
okujwj	巁
okcvjs	巂
okujls	巃
okujls	巄
okujdm	巅
okujyk	巆
okujju	巈
okujyk	巊
okujgv	巋
okujww	巍
okujzj	巑
okujdm	巔
okujyj	巖
okujyj	巗
okujxm	巚
okveve	𠄏
okveve	巜
okviir	巡
okirgo	巢
okxkgo	巣
okeruu	工
okuigs	左
okgsqn	巧
okklkl	巨
okgsfj	巩
okjuve	巪
okgscs	巫
okgsfu	巭
okyhgs	差
okjklq	巰
okklve	己
okklve	已
okklve	巳
oksiuu	巴
okvcsi	巶
okgssi	巷
okifsi	巸
okigji	巹
okjrji	巻
okbaii	巼
okkluu	巾
okhgjb	巿
okhgjb	帀
okppjb	币
okwfjb	市
okuijb	布
okjbdk	帄
okjbfj	帆
okyukl	帇
okjbff	帉
okjbba	帊
okuijb	帋
okiabu	希
okhujb	帍
okjbyb	帎
okjbww	帏
okjbih	帐
oknujb	帑
okddjb	帒
okjbmo	帓
okjbpi	帔
okjbbd	帕
okjbvj	帖
okjbba	帗
okxtjb	帘
okjbui	帙
okbdjb	帛
okjbvi	帜
okjbbd	帞
okyijb	帟
okjqjb	帠
okjbbk	帡
okjbhe	帢
okjrjb	帣
okrujb	帤
okdvjb	帥
okjbvf	帧
okjbdv	帨
okjbxn	帩
okjbif	帪
okjydn	帬
okbhjb	帮
okdcvz	帰
okjbuz	帱
okjbih	帳
okjbwj	帵
okjbvv	帷
okthdn	常
okjbqp	帹
okjbqi	帺
okjbze	帻
okjbgo	帼
okjbmc	帽
okjbve	帾
okjbhz	帿
okjbvf	幀
okjbye	幁
okjbww	幃
okjbwu	幄
okjbfu	幅
okjbhe	幆
okfgjb	幇
okjbpk	幈
okjbye	幉
okjbgs	幊
okbjjb	幋
okjbhl	幌
okjbyc	幍
okjbmk	幎
okjbjx	幏
okjbcj	幓
okjbmj	幔
okmojb	幕
okjbpn	幖
okjbgo	幗
okjbze	幘
okjbmo	幙
okbhbo	幚
okjbvh	幛
okjbjk	幜
okjbdj	幝
okjbwu	幠
okjbfj	幡
okjbts	幢
okbijb	幣
okihjb	幤
okjbvh	幥
okpijb	幦
okjbzc	幧
okjbvj	幨
okjbbf	幩
okjbmg	幪
okfgbo	幫
okjbuz	幬
okjbmp	幭
okjbiu	幮
okjbjp	幯
okjbxm	幰
okjblj	幱
okhgui	干
okgjba	平
okgjgj	幵
okbakd	并
okvesi	幺
okycve	幻
okycli	幼
okdmih	广
okglbi	庀
okgldk	庁
okglrf	庂
okglsi	広
okgltu	庄
okglme	庅
okglda	庆
okglbi	庇
okgljb	庈
okglty	庉
okglmu	床
okglvi	庋
okglya	庌
okgljb	庍
okgljp	庎
okglyu	序
okglhu	庐
okglwu	庑
okvldm	庒
okglie	库
okgldi	底
okglbc	庖
okglvj	店
okgljx	庘
okglyz	庙
okglci	庛
okglfu	府
okglds	庝
okglls	庞
okglfa	废
okglyh	庠
okglyi	庡
okglvi	庢
okglvc	庣
okglsi	庤
okglxq	庥
okglzo	座
okglxn	庨
okglyu	庩
okglji	庪
okglie	庫
okglls	庬
okgltk	庭
okglyz	庮
okglfu	庯
okglbk	庰
okgllk	庱
okglld	庲
okglbw	庳
okglxi	庴
okglyj	庵
okglli	康
okglqk	庼
okglyu	庽
okglyu	庾
okglmn	庿
okglze	廁
okglxl	廂
okglhe	廅
okglgv	廆
okgllq	廇
okglxx	廈
okgljm	廉
okgllh	廊
okglsz	廋
okglbu	廍
okglqk	廎
okglji	廐
okgljb	廑
okglao	廒
okglgo	廓
okgllz	廔
okglyb	廕
okgldd	廗
okgllu	廘
okgltu	廜
okglsi	廝
okglqb	廞
okglic	廟
okglih	廠
okglwu	廡
okglfa	廢
okglhl	廣
okkuii	廤
okglhv	廥
okglpi	廦
okglse	廧
okgljp	廨
okgllu	廬
okglji	廭
okglyk	廮
okglxm	廯
okgltk	廰
okglli	廲
okgltk	廳
okvena	廴
okviir	廵
okvirf	廷
okviyz	廸
okvibd	廹
okviyu	建
okvihv	廻
okvixi	廼
okvihv	廽
okcchg	廿
okhgcc	开
oksicc	弁
oksicc	异
okwfbm	弃
okwhcc	弄
okffcc	弅
okqucc	弆
okhecc	弇
okyicc	弈
okvlcc	弉
okbicc	弊
okyihg	弌
okyier	弍
okyisj	弎
okyigs	式
okuaui	弑
okklve	弓
okgsuu	弔
okgsuu	引
okgshg	弖
okgssi	弘
okgsyu	弙
okbadn	弚
okgsye	弛
okgsgs	弜
okgsba	弝
okgsqm	弞
okgsih	张
okgsju	弡
okgsfu	弣
okgsdi	弤
okgser	弥
okgsxr	弦
okgsgx	弧
okgsvc	弨
oknugs	弩
okgsif	弫
okgsif	弬
okgser	弭
okjrgs	弮
okyigs	弯
okgsxn	弰
okgsyr	弲
okgsjk	弳
okgsxl	弴
okgsih	張
okgsjk	弶
okgspg	弸
okgsdj	弹
okgssv	强
okgsye	弽
okgsdj	弾
okgsge	彁
okgsbi	彃
okgsqu	彄
okbigs	彆
okgssu	彇
okgsdj	彈
okgshl	彉
okgsjl	彊
okgser	彌
okgsgl	彍
okgsjt	彏
okklhg	彐
okxnxt	当
okhuuv	彔
okxtuv	录
okxyho	彟
okxyho	彠
okkduj	形
okwfuj	彣
okdjuj	彤
okijuj	彦
okliuj	彨
okcduj	彩
okhuuj	彪
okvzuj	彫
oklbuj	彬
okrsuj	彮
okpnuj	彯
okvhuj	彰
okjkuj	影
okliuj	彲
okpprf	彳
okrfuc	彴
okrfye	彵
okrfji	彶
okrffh	彷
okrfgs	彸
okrfuu	役
okrfwh	彺
okrfqp	彻
okrfpi	彼
okrfdi	彽
okrflk	彾
okrffu	彿
okrfvu	往
okrfvg	征
okrfqp	徂
okrfug	徃
okrfsi	待
okrfxi	徆
okiuxy	徇
okrfgf	很
okiuyh	徉
okrfhv	徊
okrfyu	律
okrfgv	徍
okrfig	徎
okrfbu	徏
okrfyu	徐
okrfjk	徑
okrfzz	徒
okrfvi	徔
okrfld	徕
okrfzs	徖
okrfde	得
okrffw	徘
okrfjm	徚
okrfqi	徛
okrfuh	徜
okrfvi	徝
okrfvz	徟
okrfld	徠
okrfxp	御
okrfjp	徢
okrfxi	徣
okrfjm	徤
okrfui	徥
okrfxx	徦
okrfbm	徧
okrfhl	徨
okrffu	復
okrfdy	循
okrfww	徫
okrfph	徬
okrfxi	徯
okrfpn	徱
okrfxi	徲
okrfbi	徶
okrfts	徸
okrfyc	徺
okrfhv	徻
okrfjn	徼
okrfls	徿
okrfxl	忀
okrfqu	忂
okxbpp	必
okxbyi	忆
okxbli	忇
okerxb	忈
okxbdc	忉
okxbdk	忊
okxbji	忋
okjixb	忌
okrfxb	忍
okqmxb	忎
okxbqm	忏
okuhxb	忐
okxxxb	忑
okyixb	忒
okxbgj	忓
okxbqi	忔
okxbda	忕
okxbcy	忖
okuixb	志
okwhxb	忘
okxbwh	忙
okxbye	忚
okxbfj	忛
okglxb	応
okycxn	忝
okwfxb	忞
okxbwf	忟
okvsxb	忠
okwuxb	忢
okxbji	忣
okxbwu	忤
okqixb	忥
okxbjp	忦
okxbyz	忧
okxbyr	忨
okgsxb	忩
okxbgs	忪
okxbgk	快
okxbyu	忬
okxbbm	忭
okxbvi	忮
okxbui	忯
okxbyb	忱
okxbtd	忲
okxbty	忳
okxbjb	忴
okjbxb	念
okxbyy	忶
okxbxs	忷
okxbiz	忸
okxbwh	忹
okxbqm	忺
okxbjb	忻
okxbkh	忼
okwuxb	忽
okxbqi	忾
okffxb	忿
okxbbu	怀
oktdxb	态
okcsxb	怂
okxbwu	怃
okxbqu	怄
okxbih	怅
okxbch	怆
okxbju	怇
okxbui	怈
okxbbc	怉
okxbvc	怊
okxbmb	怋
okxbpi	怌
okxbva	怍
okvaxb	怎
okxbyh	怏
okxbju	怐
okxbbj	怑
oknuxb	怒
okxbnu	怓
okxbvg	怔
okxbbd	怕
okxbbu	怖
okxbvj	怗
okguxb	怘
okxbgu	怙
okxbqp	怚
okxbdj	怛
okxblk	怜
oktmxb	思
okxbyz	怞
okxbdi	怟
oktdxb	怠
okxbtd	怡
okxbui	怢
okuixb	怣
okfuxb	怤
okiuxb	急
okxbpk	怦
okxbug	性
okwjxb	怨
okxbni	怩
okxbug	怪
okxbfu	怫
okxbsi	怬
okxbbi	怭
okxbyz	怮
okxbqu	怯
okxbxr	怰
okcsxb	怱
okxbbk	怲
okxbxs	怳
okxbyt	怴
okxbuu	怵
okxbpi	怶
okuuxb	怸
oktaxb	怹
okxbys	怺
okdvxb	怼
okxbww	怽
okxbvi	怾
okxbdo	恀
okrfxb	恁
okxbxy	恂
okxbsi	恃
okxbji	恄
okxblc	恅
okxbkl	恇
okxbmz	恈
okxbvi	恉
okyixb	恋
okxbvc	恌
okxbgl	恍
okxbvi	恎
okhcxb	恏
okgsxb	恐
okxbww	恑
okxbgf	恒
okxbxi	恓
okxbjn	恔
okruxb	恕
okxbxb	恖
okxbkx	恗
okxbxq	恘
okyhxb	恙
okgvxb	恚
okxbhv	恛
okxbui	恜
okxbyi	恞
okxbxs	恟
okxbzd	恠
okxbhv	恢
okcixb	恣
okxbxt	恤
okerxb	恥
okxbxl	恦
okerxb	恧
okxbgf	恨
okybxb	恩
okxbge	恪
okxbts	恫
okxbue	恬
okgsxn	恭
okxbqr	恮
okzixb	息
okxbhe	恰
okxbbk	恲
okgfxb	恳
okyaxb	恶
okxqxb	恷
okxbds	恸
okxbyj	恹
okxbqi	恺
okxbze	恻
okxbjy	恽
okxbmh	恾
okysxb	恿
okxbys	悀
okxbyr	悁
okxbky	悃
okxbxn	悄
okxbdv	悅
okyuxb	悆
okxbyu	悇
okxbjp	悈
okbmxb	悉
okvexb	悊
okxblb	悋
okxbdi	悌
okxbhj	悍
okxbgc	悎
okxbjx	悏
okdixb	悐
okxbfu	悑
okxbyi	悒
okxbjm	悓
okxbmw	悔
okxbxi	悕
okxbbo	悖
okxbmm	悗
okyixb	悘
okxbhg	悙
okxbuu	悚
okxbqy	悛
okxbig	悜
okxbli	悝
okxbwu	悞
okxbwu	悟
okyzxb	悠
oklixb	悡
okxbll	悢
okirxb	患
okcsxb	悤
okyjxb	悥
okxbdv	悦
okxbli	悧
oknixb	您
okkexb	悫
okxmxb	悬
okxbjm	悭
okxbwu	悮
okxbmb	悯
okxbzs	悰
okxbfw	悱
okfwxb	悲
okxbzu	悴
okxbih	悵
okmfxb	悶
okxbli	悷
okxbji	悸
okgrxb	悹
okxbgr	悺
okxbxk	悻
okxbvo	悼
okxbqi	悽
okxbks	悾
okxbtm	悿
okxbly	惀
okxixb	惁
okxbky	惃
okuuxb	惄
okxbqk	情
okxbvz	惆
okxbxl	惇
okxbgo	惈
okvjxb	惉
okxbjk	惊
okxbwj	惋
okbcyr	惌
okxbjb	惍
okqixb	惎
okxblb	惏
okxbho	惐
okhoxb	惑
okhexb	惒
okxbjr	惓
okxbyj	惔
okxbyi	惕
okyixb	惖
okxbnm	惗
okxbwh	惘
okxbvo	惙
okxbhu	惚
okxbhy	惛
okxbxi	惜
okxbuh	惝
okxbxb	惞
okxbvv	惟
okyaxb	惡
okwuxb	惣
okxbxr	惤
okyuxb	惥
okxbdm	惦
okxbju	惧
okxbcj	惨
okvgxb	惩
okvixb	惪
okbwxb	惫
okxbvj	惭
okxbdj	惮
okxbgr	惯
okxbjy	惲
okxlxb	想
okxbdr	惴
okxbye	惵
okxbhl	惶
okiyxb	惷
okroxb	惹
okxbxk	惺
okxbze	惻
okxbbm	惼
okxbui	惿
okxbqq	愀
okqqxb	愁
okboxb	愂
okxbxr	愃
okxbww	愄
okxbge	愅
okyjxb	愆
okxbww	愇
okyuxb	愈
okxbyu	愉
okxbfu	愊
okxbyr	愋
okxbhr	愌
okxbfu	愎
okybxb	意
okxbmm	愐
okxbys	愑
okxbhe	愒
okxbyh	愓
okxbyb	愔
okxbuf	愖
okxbke	愘
okkexb	愙
okyuxb	愚
okxmxb	感
okxbwf	愠
okxbsi	愢
okxbbf	愤
okxbyk	愥
okxbgv	愦
okxbgv	愧
okxbgs	愩
okxbyr	愪
okxbsu	愫
okuoxb	愬
okxbyc	愮
okxbvi	愯
okxbhl	愰
okxbji	愱
okxbgu	愲
okxbch	愴
okxbro	愵
okxbqi	愷
okxbrs	愹
okxbcc	愺
oksyxb	愻
okxbvf	愼
okxbvr	愽
okxbqi	愾
okyrxb	愿
okxbxi	慀
okysxb	慂
okxbwg	慃
okxbsu	慄
okxbzc	慅
okxbyc	慆
okybxb	慇
okzixb	慈
okxbxu	慉
okxbjm	慊
okngxb	態
okxbhl	慌
okxbwf	慍
okxbvf	慎
okxbmk	慏
okgsxb	慐
okxbnp	慑
okxbcc	慒
okxbpn	慓
okxbmo	慔
okmoxn	慕
okxbgo	慖
okiixb	慗
okxbcj	慘
okvjxb	慙
okxbvj	慚
okxbcv	慛
okmbxb	慜
oknixb	慝
okxbvh	慞
okxbds	慟
okxbao	慠
okxbul	慡
okxbmj	慢
okxbgr	慣
okxbzc	慥
okjqxb	慦
okhvxb	慧
okxbji	慨
okxblm	慩
okxbqu	慪
okcsxb	慫
okxbjb	慬
okhusi	慮
okwwxb	慰
okxbvr	慱
okxbmj	慲
okxbjm	慳
okxbxi	慴
okxbys	慵
okxbkh	慷
okddxb	慸
okvixb	慹
okxblz	慺
okxbjr	慻
okqixb	慼
okxbqi	慽
okyuxb	慾
okisxb	憃
okdsxb	憅
okxbth	憆
oktmxb	憇
okxbxu	憈
okxbpg	憉
okbwxb	憊
okbixb	憋
okjyxb	憌
okxbqn	憍
okxbzg	憎
okxbji	憏
okxblb	憐
okfgxb	憑
okxbgv	憒
okxbhv	憓
okxbjn	憔
okxbdg	憕
okxbxi	憘
okxixb	憙
okxbdj	憚
okxbtj	憛
okxbsv	憜
okdyxb	憝
okxbdy	憞
okxbsu	憟
okjtxb	憠
okxbce	憡
okxbyc	憢
okxbfj	憣
okxbbf	憤
oklcxb	憥
okxblc	憦
okxbts	憧
okgjxb	憨
okxbxm	憪
okxbmb	憫
okxbjk	憬
okxbln	憭
okxbwu	憮
okxbjq	憱
okxbxy	憳
okxbmm	憴
okpixb	憵
okxbyi	憶
okxbiu	憷
okxbqm	憸
okxbns	憹
okxbvj	憺
okxbdj	憻
okjkxb	憼
okxbcs	憽
okxbgj	憾
okxbjn	憿
okxbhv	懀
okxbds	懂
okqbxb	懃
okxbqb	懄
okxbzc	懆
okxbjp	懈
okxbao	懊
okxbse	懎
okxbjy	懏
okmjxb	懑
okxbld	懒
okxbai	懓
okyjxb	懕
okxbhe	懗
okvixb	懘
okxbyu	懙
okxbtd	懛
okxbmg	懜
okxbyi	懝
okxbmg	懞
okdvxb	懟
okxbqi	懠
okxbme	懡
okxbjm	懢
okmjxb	懣
okxbuz	懤
okxbxu	懦
okxbnk	懧
okxbyj	懨
okxbyh	懩
okxbbc	懪
okxbvi	懫
okglxb	懬
okxbgl	懭
okxbyz	懮
okfuxb	懯
okxblq	懰
okxbmp	懱
okvgxb	懲
okxbhv	懳
okxbmg	懵
okxbld	懶
okxbxl	懹
okxbqu	懼
okxbnp	懾
okyizi	懿
oknjxb	戁
okxbmi	戂
okxbdh	戃
okxbjt	戄
okgjxb	戆
okgjxb	戇
okyipp	戈
okgeve	戉
okgepp	戊
okgehg	戋
okwuhg	戌
okwudm	戍
okgeui	戎
okyzge	戏
okwuve	成
okgecc	戒
okgekz	戓
okgege	戔
okpjge	戕
okchge	戗
okvjge	战
oktsge	戙
okgeig	戜
okbwge	戝
okvoge	戟
okybge	戠
okufge	戡
okgvge	戣
okykge	戤
okxkge	戥
okdjge	戦
okchge	戧
okgege	戨
okjbge	戩
okyzho	戫
okjbge	戬
okybge	戭
okxuge	戯
okdjge	戰
okxuge	戱
okvdge	戳
okquge	戵
okdmui	户
okhgui	戸
okhuyi	戹
okhusi	戺
okhuda	戻
okhudz	戽
okhuqr	戾
okhufh	房
okhuvj	扂
okhujs	扃
okhuxl	扄
okhudo	扅
okhuyi	扆
okhuyu	扇
okhuyi	扈
okhufw	扉
okhuyj	扊
okuzve	扎
okuzjq	扏
okuzli	扐
okuzbu	扑
okuzba	扒
okuzdk	打
okuznd	扔
okuzsi	払
okuzru	扖
okuztu	扗
okuzto	托
okuzvh	扙
okuzuc	扚
okuzgs	扛
okuzyu	扜
okuzkv	扝
okuzgj	扞
okuzxy	扟
okuzia	扠
okuzye	扡
okuzqi	扢
okuzkz	扣
okuzwu	扤
okuzgj	扦
okuzwj	执
okuzrf	扨
okuzgl	扩
okuzmf	扪
okuzxt	扫
okuzyi	扬
okuziz	扭
okuzff	扮
okuzvi	扯
okuzyz	扰
okuzji	扱
okuzjb	扲
okuzfj	扳
okuzjp	扴
okuzfu	扶
okuzyc	扷
okuzpm	扸
okuzbi	批
okuzui	扺
okuzqm	扻
okuzee	扼
okuzty	扽
okuzge	找
okuzvi	技
okuzyy	抁
okuzwh	抂
okuzbm	抃
okuzuc	抄
okuzgz	抅
okuzwf	抆
okuzri	抇
okuzyt	抈
okuzgk	抉
okuzba	把
okuzxb	抋
okuzyb	抌
okuzug	抍
okuzyy	抎
okuzyr	抏
okuznw	抐
okuzmc	抑
okuzyu	抒
okuzvx	抓
okuzbu	抔
okuzuu	投
okuzdz	抖
okuzkh	抗
okuzjb	折
okuzuz	抙
okuzwu	抚
okuzyz	抜
okuzhr	抝
okuzii	択
okuzvr	抟
okuzqu	抠
okuzly	抡
okuzch	抢
okuzyy	抣
okuzhu	护
okuzbk	抦
okuzvi	抧
okuzpk	抨
okuzrj	抩
okuzbu	抪
okuzpi	披
okuztd	抬
okuzvf	抮
okuzqp	抯
okuzyh	抰
okuzbc	抱
okuzke	抲
okuzni	抳
okuzui	抴
okuzdi	抵
okuzui	抶
okuzpi	抷
okuzfj	抸
okuzmo	抹
okuzww	抺
okuzuf	抻
okuzjx	押
okuzyz	抽
okuzqu	抾
okuzmb	抿
okuzxs	拀
okuzjx	拁
okuzfu	拂
okuzva	拃
okuzvu	拄
okuzdj	担
okuzii	拆
okuzmu	拇
okuzvj	拈
okuzli	拉
okuzfu	拊
okuzbj	拌
okuzbd	拍
okuzlk	拎
oknuuz	拏
okuzlk	拐
okuzgj	拑
okuzju	拒
okuzui	拓
okuzba	拔
okuzta	拕
okuzyz	拗
okuzju	拘
okuziu	拙
okuzbm	拚
okuzvc	招
okuzqq	拞
okuzyi	拟
okuzls	拢
okuzka	拤
okuzys	拥
okuzlj	拦
okuznk	拧
okuzfa	拨
okuzxi	拪
okuzgf	拫
okuzue	括
okuzui	拭
okuzji	拮
okuzig	拯
okuzrf	拰
okuzgs	拱
okgsuz	拲
okjruz	拳
okuzqr	拴
okuzcy	拵
okuzkc	拷
okuzdo	拸
okuzci	拺
okuzhv	拻
okuzbk	拼
okuzyi	拽
okuzhe	拾
okheuz	拿
okuzpd	挀
okuzsi	持
okuzgv	挂
okuzvi	挃
okuzgl	挄
okuzdo	挆
okuzvi	指
okuzan	按
okuzif	挋
okuzge	挌
okuzjn	挍
okuzkx	挎
okuzts	挏
okruuz	挐
okuzvc	挑
okuzlp	挒
okuzvd	挓
okuzyi	挔
okuzer	挕
okuzyi	挗
okuzlp	挘
okxkuz	挙
okviuz	挚
okyiuz	挛
okuzya	挜
okuzgo	挝
okuzda	挞
okuzjx	挟
okuzyc	挠
okuzdh	挡
okuzqn	挢
okuzvg	挣
okuzqi	挤
okuzjy	挥
okuzxy	挦
okuzyu	挧
okuzyi	挨
okuzdv	挩
okuzna	挪
okuzzo	挫
okuzbo	挬
okuzgg	挭
okuzdi	挮
okuzif	振
okuzig	挰
okuzua	挱
okuauz	挲
okuzjk	挳
okuzmw	挴
okuzns	挵
okuzju	挶
okuzbh	挷
okuzjm	挸
okuzyi	挹
okuztk	挺
okuzyj	挻
okuzto	挼
okuzmm	挽
okuzjx	挾
okuzfg	捀
okuzgc	捁
okuzwu	捂
okuzjy	捃
okuzqq	捄
okuzys	捅
okuzky	捆
okuzii	捇
okuzyu	捈
okuzzu	捉
okuzfu	捊
okuzbp	捌
okuzhj	捍
okuzxn	捎
okuzyr	捐
okuzuu	捒
okuzxp	捓
okuzjn	捔
okuzfu	捕
okuzwj	捖
okuzbu	捗
okuzqy	捘
okuzie	捙
okuzli	捚
okuzlv	捛
okuzdv	捝
okuzlc	捞
okuzyr	损
okuzbk	捠
okuzqm	捡
okuzhr	换
okuzdc	捣
okuzww	捤
okuzwj	捥
okuzjb	捦
okuzfg	捧
okuzue	捨
okuzli	捩
okuzhy	捪
okuzmf	捫
okuzfu	捬
okuzbw	捭
okuzju	据
okuzdc	捯
okuzgo	捰
okuzjr	捲
okuzyt	捳
okuzdm	捵
okuziv	捶
okuzjp	捷
okuzli	捸
okuzbf	捹
okuznd	捺
okuznm	捻
okuzww	捼
okuzzu	捽
okuzgr	捾
okuzqi	捿
okuzxb	掀
okuzih	掁
okuzdm	掂
okuzvz	掃
okuzly	掄
okuzqk	掅
okuzgh	掆
okuzvo	掇
okuzuz	授
okuzvo	掉
okuzpz	掊
okuzdi	掋
okuhuz	掌
okuzky	掍
okuzqi	掎
okuzqi	掑
okuzfw	排
okuzuu	掓
okuzlk	掕
okuzye	掖
okuzya	掗
okuzqu	掘
okuzvg	掙
okuzll	掚
okuzgx	掛
okuzer	掜
okuzho	掝
okuzyj	掞
okuzdk	掟
okuzjk	掠
okuzcd	採
okviuz	掣
okuzpg	掤
okuzqp	接
okuzyi	掦
okuzks	控
okuzvv	推
okuzyj	掩
okuzxi	措
okuzqu	掫
okuztm	掭
okuzjm	掮
okuzkf	掯
okuzlu	掳
okuzgo	掴
okuzmk	掵
okuzgg	掶
okuzvg	掷
okuzdj	掸
okuzmg	掹
okuzcj	掺
okuzgr	掼
okuzbk	掽
okuztr	掾
okuzro	掿
okuzjm	揀
okuzvf	揁
okuzqq	揂
okuzqm	揃
okuzyu	揄
okyjuz	揅
okuzgv	揆
okuznj	揇
okuzhs	揈
okuzrz	揉
okuzfu	揊
okuzww	揋
okuzsi	揌
okuzzz	揍
okuzxr	揎
okuzmn	描
okuzui	提
okuzui	揓
okuzuf	揕
okuzdy	揗
okuzhl	揘
okuzbm	揙
okuzyh	揚
okuzhr	換
okuzyb	揞
okuzxu	揟
okuzwu	握
okuzke	揢
okuzdr	揣
okuzji	揤
okuzdi	揥
okuzci	揦
okciuz	揧
okuztk	揨
okuzjp	揩
okuzqq	揪
okqquz	揫
okuztu	揬
okuzhe	揭
okuzjy	揮
okuzhg	揯
okuzvs	揰
okxtuz	揱
okuzye	揲
okuzqi	揳
okuzjm	揵
okuzye	揶
okuzia	揸
okuzbw	揹
okuzww	揻
okuzbg	揼
okuzlj	揽
okuzwf	揾
okuzqb	揿
okuzge	搁
okuzlz	搂
okuzzs	搃
okuzhg	搄
okuzjt	搅
okuzgz	搆
okuzqb	搇
okuzrs	搈
okuzhe	搉
okuziu	搊
okuzsi	搋
okuzvj	搌
okuzyr	損
okuzsy	搎
okuzfu	搏
okuzxu	搐
okuzrs	搑
okuzph	搒
okuzia	搓
okuzzc	搔
okuzhe	搕
okuzyc	搖
okuzdc	搗
okuzqi	搘
okuzru	搙
okuzjm	搛
okuzsz	搜
okuziz	搝
okuzgc	搞
okuzxr	搟
okuzuo	搠
okuzsh	搡
okuzjb	搢
okuzwu	搣
okuzyi	搤
okuzvv	搥
okuzro	搦
okuzuj	搧
okuzjp	搩
okuzth	搪
okbjuz	搫
okuzbj	搬
okuzsu	搮
okuzyc	搯
okuzgu	搰
okuzhd	搳
okuzwf	搵
okuzch	搶
okuzvf	搷
okuzqb	搸
okuzge	搹
okuzjy	携
okuzqr	搼
okuzia	搽
okuzvd	搾
okuzwu	摀
okuzen	摁
okuzer	摂
okuzgs	摃
okuznp	摄
okuzlv	摅
okuzba	摆
okuzbb	摈
okuznj	摊
okuzua	摋
okuzij	摌
okuzsu	摍
okuzis	摏
okuzcs	摐
okuzgo	摑
okuzpk	摒
okuzfg	摓
okuzlv	摔
okuzdd	摕
okuzji	摖
okuzdi	摘
okuzlm	摙
okuzth	摚
okuzli	摛
okuzgr	摜
okuzlu	摝
okuzlw	摞
okuzlz	摟
okuzji	摡
okuzul	摤
okuzcv	摧
okuzxi	摨
okmauz	摩
okuzjl	摪
okuzgv	摫
okuzjk	摬
okuzuu	摭
okaouz	摮
okviuz	摯
okuzmj	摱
okuzvj	摲
okuzqu	摳
okuzqi	摵
okuzvr	摶
okuzic	摷
okuzmo	摸
okmouz	摹
okuzxi	摺
okuzcj	摻
okuzjm	摼
okuzpn	摽
okuzql	摾
okuzqm	撁
okuzyk	撄
okuzjt	撅
okbiuz	撆
okuzbi	撇
okuzlc	撈
okdyuz	撉
okuzxm	撊
okuzgv	撌
okuzyi	撎
okuzxy	撏
okuzvh	撑
okuzsj	撒
okuzyc	撓
okuzjk	撔
okuzsi	撕
okuzgj	撖
okuzhl	撗
okuzda	撘
okuzzy	撙
okuzrj	撚
okuzlb	撛
okuzdg	撜
okuzww	撝
okuzts	撞
okuzqn	撟
okuzji	撠
okuztj	撢
okuzdj	撣
okuzfa	撥
okuzue	撦
okuzjt	撧
okuzjn	撨
okuzln	撩
okuzwu	撫
okuzqn	撬
okuzfj	播
okuzzv	撮
okuzve	撯
okuzxy	撰
okuzsv	撱
okuzqb	撳
okuzdy	撴
okuzhx	撶
okuzlu	撸
okuzjt	撹
okuzcr	撺
okuzda	撻
okuzgj	撼
okuzjn	撽
okuzgo	撾
okuzqm	撿
okuzys	擁
okuzlw	擂
okuzns	擃
okuzdj	擅
okuzvu	擆
okuzye	擈
okuzuu	擉
okuzdh	擋
okuzzc	操
okjkuz	擎
okuzjk	擏
okuzji	擑
okuzqb	擒
okuzhv	擓
okuzvj	擔
okuzjy	擕
okuzge	擖
okuzpi	擗
okpiuz	擘
okuzao	擙
okuzye	擛
okuzxm	擜
okuzmg	擝
okuzuu	擞
okuzer	擟
okuzqi	擠
okuztd	擡
okuzvd	擢
okuzuz	擣
okuzbi	擤
okuzca	擦
okyuuz	擧
okuzxu	擩
okyjuz	擪
okuzyj	擫
okuzyi	擬
okuzho	擭
okuzjp	擮
okuzbb	擯
okuznk	擰
okuzge	擱
okuzjp	擳
okuzgl	擴
okuzmo	擵
okuzjm	擶
okuzuu	擻
okuzlu	擼
okuzle	擽
okuzyz	擾
okuzyh	攁
okuzcd	攃
okuzlv	攄
okuzxm	攇
okuzho	攉
okuzli	攊
okuzld	攋
okuzlu	攎
okuzls	攏
okuzju	攑
okuzzj	攒
okuzjm	攓
okuzlj	攔
okuzyk	攖
okuzxl	攘
okuzyk	攚
okuznp	攝
okuzmi	攠
okuzli	攡
okuzzj	攢
okuznj	攤
okuzli	攦
okuzdm	攧
okuzdh	攩
okuzjt	攪
okuzlj	攬
okuzli	攭
okuznh	攮
okuiyz	支
okvili	攰
oklivi	攱
okqivi	攲
okvixy	攳
okrfia	攵
okjqwf	收
okqnwf	攷
okjiwf	改
oksiwf	攺
okgswf	攻
okgjwf	攼
okffwf	攽
okfhwf	放
okvgwf	政
okbdwf	敀
okvjpu	敁
okjuwf	敂
okmbwf	敃
okmcwf	敄
okguwf	故
okhepu	敆
okciwf	敇
okjnwf	效
okmiwf	敉
okgewf	敋
okuewf	敌
okyupu	敍
okmwwf	敏
okifwf	敐
okqqwf	救
okufwf	敒
okdvwf	敓
okwuwf	敔
okuuwf	敕
okbwwf	敗
okyuwf	敘
okxnwf	教
okdvwf	敚
okqmwf	敛
oknmwf	敜
okbiwf	敝
okuhwf	敞
okdmwf	敟
okvopu	敠
okyipu	敡
okgopu	敤
okyjpu	敥
okxlwf	敦
okqipu	敧
okpzwf	敨
okxtwf	敩
okvowf	敪
okgzwf	敬
okyhwf	敭
oklzwf	数
okqipu	敱
okgcpu	敲
okqiwf	敳
okiivg	整
okdiwf	敵
okifwf	敶
oklzwf	數
okqupu	敺
okxipu	敼
okqnpu	敽
okujwf	敾
okqnwf	敿
okuupu	斀
okqmwf	斂
okbisi	斃
okxtpu	斅
okxtwf	斆
okwfia	文
okwfzi	斈
okqier	斉
okwfer	斊
okwfer	斋
okwfwu	斌
okwfjm	斍
okqiui	斎
okwfll	斏
okfwwf	斐
okwfbm	斒
okwflj	斓
okwflj	斕
okxidz	斘
okmidz	料
okjndz	斛
okyudz	斜
okyudz	斞
okufdz	斟
okgzdz	斠
okhldz	斢
okuudz	斣
okjbdm	斥
okjbjb	斦
okfujb	斧
okpjjb	斨
okiejb	斩
okjujb	斪
okuijb	斫
okiejb	斬
okxijb	斮
okqijb	斯
okqbjb	新
okvejb	斱
okjbjb	斳
oklbjb	斴
okjbuu	斶
okuujb	斸
okdmwj	方
okfhjp	斺
okfhlq	旈
okfufh	旉
okfhqi	旑
okfhjm	旔
okyuii	旕
okfhfj	旙
okhgyz	无
okgfji	既
okgoji	旤
okklhg	日
okrihg	旦
okuuri	旧
okbiri	旨
okriui	早
okriui	旪
okridc	旫
okbcri	旬
okjqri	旭
okjqri	旮
okrijq	旯
okrigj	旰
okrigj	旱
okrida	旲
okriuc	旳
okriyu	旴
okriuj	旵
okricy	时
okrigl	旷
okriyi	旸
okriwh	旺
okriwf	旻
okriwf	旼
okrity	旽
oktyri	旾
okriwu	旿
okriyy	昀
okrifu	昁
okrimc	昂
okrize	昃
okrifj	昄
okriji	昅
okribi	昆
okriug	昇
okrihu	昈
okrifh	昉
okritm	昊
oktmri	昋
okriri	昌
okriri	昍
okriyt	明
okuiri	昏
okriff	昐
okrijb	昑
okriwu	昒
okriwu	易
okgsri	昔
okrijb	昕
okrigs	昖
okrilq	昗
okrifh	昘
okriyy	昙
okriju	昛
okdjwu	昜
okiuri	昝
okribk	昞
okriug	星
okriyh	映
okrixr	昡
okriiu	昢
okrivf	昣
okrilk	昤
okiyri	春
okriww	昧
okriva	昨
okrimo	昩
okribm	昪
okriju	昫
okmbri	昬
okrivc	昭
okrigs	昮
okrivg	昰
okrili	昱
okrifu	昲
okriui	昳
okrimc	昴
okrini	昵
okysri	昶
okrimb	昷
okrids	昸
okriys	昹
okribk	昺
okiidj	昼
okrils	昽
okriye	显
okrivc	晀
okrivc	晁
okrisi	時
okrigl	晃
okrigl	晄
okrigf	晅
okrigv	晆
okrikx	晇
okrijn	晈
okrivi	晊
okyari	晋
okrixl	晌
okrits	晍
okrigs	晎
okrian	晏
okrihd	晐
okrixl	晑
okrixi	晒
okriyc	晓
okrihx	晔
okrijy	晕
okrijy	晖
okrihj	晗
okrihj	晘
okriqy	晙
okrimm	晚
okrijm	晛
okridi	晜
okyudj	晝
okrixi	晞
okriig	晟
okriig	晠
okrifu	晡
okveri	晢
okrive	晣
okriwu	晤
okriwj	晥
okrimw	晦
okrigc	晧
okriif	晨
okridm	晪
okrivo	晫
okrizu	晬
okrivz	晭
okbkri	普
okrijk	景
okrixi	晰
okriyj	晱
okrier	晲
okxiri	晳
okriqk	晴
okrivg	晸
okriyi	晹
okviri	智
okriyj	晻
okriwj	晼
okrilb	晽
okrijk	晾
okriih	晿
okriwh	暀
okvjri	暂
okrifw	暃
okrixr	暄
okrihg	暅
okriui	暆
okrixx	暇
okrijy	暈
okrijy	暉
okriye	暊
okrigv	暌
okrihe	暍
okriyk	暎
okrive	暏
okriww	暐
okrive	暑
okrixk	暒
okrinj	暔
okrijm	暕
okriyr	暖
okriyb	暗
okriyh	暘
okriiy	暙
okriyc	暚
okriia	暛
okrimk	暝
okrinp	暞
okriqi	暟
okrigc	暠
okriwg	暡
okufyh	暢
okriqi	暣
okrigc	暤
okriyj	暥
okriai	暧
okjidj	暨
okriji	暩
okrimj	暪
okvjri	暫
okmori	暮
okrimo	暯
okrics	暰
okrini	暱
okrivh	暲
okrihv	暳
okrixr	暶
okrivr	暷
okriln	暸
okridj	暺
okrijk	暻
okbiri	暼
okrilb	暽
okridy	暾
okrixi	暿
okriyi	曀
okrihl	曂
okridd	曃
okrihx	曄
okrihx	曅
okriyy	曇
okrits	曈
okriyc	曉
okrifw	曊
okritj	曋
okmkks	曌
okrixl	曏
okjkug	曐
okjkvf	曑
okrijn	曒
okrijk	曔
okrivj	曕
okriai	曖
okriye	曗
okrixu	曘
okriuu	曙
okrimg	曚
okrixy	曛
okrivd	曜
okribc	曝
okriwj	曞
okjkif	曟
okrigl	曠
okriln	曢
okriyj	曣
okriho	曤
okrilu	曥
okriyi	曦
okrirs	曧
okrils	曨
okrixl	曩
okrilo	曪
okrili	曬
okridh	曭
okriyj	曮
okriuu	曯
okklhg	曰
okriuu	曱
okklcc	曲
okriia	曳
okyedm	曵
okwuri	曶
okyuri	書
okriir	曻
okriqu	最
okufjm	朄
okquhe	朅
okzgwu	朆
okhvbw	朇
okkler	月
okuiyt	有
okytyr	朊
okytyt	朋
okytff	朌
okytlk	朎
okytiu	朏
okytju	朐
okytui	朑
okytrz	朒
okytvc	朓
okniyt	朔
okytgr	朕
okytll	朖
okytqy	朘
okjsyt	朙
okwhmk	朚
okytxl	朜
okvoyt	朝
okqiyt	朞
okqiyt	期
okytyk	朠
okytts	朣
okpgpg	朤
okytlc	朥
okytmg	朦
okytls	朧
okuirf	木
okhgxn	朩
okhgmu	未
okhgmu	末
okmuhg	本
okmuve	札
okmudm	术
okmuyi	朰
okppww	朱
okmurf	朲
okmuba	朳
okmubu	朴
okjimu	朵
okndmu	朶
okmudc	朷
okmuli	朸
okmujq	朹
okmuji	机
okmujq	朻
okmubi	朼
okmuqn	朽
okmudk	朾
okiamu	杀
okmuru	杁
okjqmu	杂
okmuyz	权
okmuqm	杄
okmuyu	杅
okmugj	杆
okmukv	杇
okmuia	杈
okmuuj	杉
okmuir	杊
okmufj	杋
okmuwu	杌
okmuzi	杍
okmuzi	李
okmukz	杏
okmucd	材
okmucy	村
okmurf	杒
okmuuc	杓
okmuto	杔
okmuda	杕
okmuvh	杖
okwhmu	杗
okuimu	杘
okmuyi	杙
okmuqi	杚
okmugs	杛
okmutu	杜
okmuye	杝
okmuji	杞
okmukl	束
okmugs	杠
okwfmu	条
okmugs	杢
okmuuj	杣
okmuwj	杤
okhgmi	来
okmujq	杦
okmuwh	杧
okmuyi	杨
okmuma	杩
okmuuc	杪
okmuvi	杫
okmuyr	杬
okmukh	杭
okmufu	杮
okmubu	杯
okmuho	杰
okmuri	東
okrimu	杲
okmuri	杳
okmuqm	杴
okmuwu	杵
okmuty	杶
okmuba	杷
okmuuu	杸
okmuhx	杹
okmuxb	杺
okmuiz	杻
okmuyu	杼
okmuuz	杽
okmugs	松
okmufj	板
okgsmu	枀
okmuji	极
okmuyt	枂
okmuyy	枃
okmugz	构
okmukd	枅
okmumc	枆
okmubi	枇
okbimu	枈
okmuwh	枉
okmumc	枊
okmufh	枋
okmuff	枌
okmuxi	枍
okmufu	枎
okmujb	析
okmuhu	枑
okmuya	枒
okmudz	枓
okmujb	枔
okmuyb	枕
okmuyc	枖
okmumu	林
okmunw	枘
okmuee	枙
okmuwf	枚
okmuvx	枛
okrimu	果
okmuvi	枝
okmucs	枞
okmuyy	枟
okmuug	枡
okmuqu	枢
okmuqr	枤
okmuli	枥
okmuhu	枦
okmujm	枧
okmuih	枨
okmugs	枩
okmuch	枪
okmufg	枫
okmudj	枬
oknnmu	枭
okmuvj	枮
okmugu	枯
okmupk	枰
okmutd	枱
oktdmu	枲
okmuvi	枳
okmuhc	枵
okjxmu	架
okmujx	枷
okmuju	枸
okmubc	枹
okmumo	枺
okmuui	枻
okuimu	枼
okmubf	枾
okmuhv	枿
okmupi	柀
okmuta	柁
okmulk	柃
okmubk	柄
okmuni	柅
okmuli	柆
okmuhe	柇
okmubj	柈
okmufj	柉
okmuds	柊
okddmu	柋
okmusi	柌
okmuyh	柍
okmufu	柎
okmubd	柏
okgjmu	某
okmugj	柑
okmcmu	柔
okmumc	柕
okmuvc	柖
okmuui	柘
okmujx	柙
okmuyz	柚
okmuuf	柛
okmuju	柜
okmuii	柝
okmuva	柞
okmurj	柟
okmunk	柠
okmugs	柡
okmudi	柢
okmuui	柣
okmuqp	柤
okmudj	查
okmudj	柦
okmugx	柧
okmubu	柨
okmuyz	柪
okmufu	柫
okuuba	柬
okmuba	柭
okmuiu	柮
okmuke	柯
okmuui	柰
okmuvu	柱
okmubi	柲
okmumc	柳
okcimu	柴
okmusi	柶
okmuxs	柷
okmupi	柸
okmuzi	柹
okmulk	柺
okmuqp	査
okmuxt	柼
okmuug	柽
okmuvg	柾
okmuui	柿
okmumu	栂
okmuce	栅
okmuui	标
okmujm	栈
okmujp	栉
okmuls	栊
okmuds	栋
okmulu	栌
okmuug	栍
okmule	栎
okmulj	栏
okmuys	栐
okmudv	树
okmuxy	栒
okmuqr	栓
okmuif	栕
okmuxi	栖
okximu	栗
okmudo	栘
okmujl	栙
okmugr	栚
okmuci	栜
okmuue	栝
okmubk	栟
okrfmu	栠
okmujn	校
okmubd	栢
okmurf	栣
okmubk	栤
okcimu	栥
okmuvz	栦
okmuye	栧
okmuci	栨
okmuyu	栩
okmuvu	株
okmucy	栫
okmuse	栬
okmuer	栭
okmuer	栮
okmuyz	栯
okmufa	栰
okmugs	栱
okmukc	栲
okmulc	栳
okmulp	栵
okmuyb	栶
okmuyh	样
okmuhd	核
okmugf	根
okmuvi	栺
okmuui	栻
okmuge	格
okyimu	栾
okmufu	栿
okirmu	桀
okmuxk	桁
okmugv	桂
okmuvc	桃
okmugl	桄
okmuww	桅
okmukl	框
okrumu	桇
okanmu	案
okmuan	桉
okjrmu	桊
okmuyi	桋
okmukx	桍
okmuvi	桎
okmuqs	桏
okmuts	桐
okromu	桑
okhvmu	桒
okmugf	桓
okmuji	桔
okmujq	桕
okmuxt	桖
okmudv	桘
okmumz	桙
okmuir	桝
okmuya	桠
okmuyc	桡
okmuvf	桢
okmudh	档
okmuqn	桥
okmuhx	桦
okmuhv	桧
okmuvl	桩
okmuxy	桪
okmuua	桫
okuamu	桬
okmuif	桭
okmufz	桮
okmuig	桯
okmujk	桱
okmubo	桲
okmufu	桴
okmuto	桵
okmuys	桶
okmujn	桷
okmuxi	桸
okmull	桹
okmufg	桻
okmuzo	桽
okmujy	桾
okmuhj	桿
okmuuu	梀
okmuqq	梂
okmutk	梃
okmuyz	梄
okmumw	梅
okmubh	梆
okmuns	梇
okmuhg	梈
okmuvl	梉
okvemu	梊
okmuyr	梋
okmuyu	梌
okmuzc	梍
okmugc	梏
okmudi	梑
okmuhj	梒
okmuxb	梓
okmurf	梕
okmubw	梖
okmugg	梗
okmujm	梘
okmuir	梙
okmumm	梚
okmuna	梛
okmujx	梜
okmuji	梞
oknnmu	梟
okmulv	梠
okmuwj	梡
okmuxn	梢
okmucf	梣
oklbxi	梦
okmuwu	梧
oklimu	梨
okmuli	梩
okmudz	梪
okmuqy	梭
okmuju	梮
okmudi	梯
okmujp	械
okmuky	梱
okmudv	梲
okmulq	梳
okmuyj	梴
oklbfj	梵
okmuww	梶
okmuli	梸
okmubk	梹
oklbxx	梺
okmufu	梻
okmuuz	梼
okmuvi	梽
okmuld	梾
okmulm	梿
okmuqm	检
okmudv	棁
okmulk	棂
okmubk	棅
okmuly	棆
okmuqk	棈
okmubo	棉
okqimu	棊
okmuqi	棋
okmucd	棌
okmuky	棍
okmude	棏
okfwmu	棐
okmufw	棑
okmufg	棒
okmupz	棓
okmuhy	棔
okmuzs	棕
okmuih	棖
okcici	棗
okcici	棘
okmuli	棙
okmupg	棚
okmuyu	棛
okmuyu	棜
okmugu	棝
okmuds	棟
okthdd	棠
okmugh	棡
okmuwh	棢
okmuli	棣
okmuxi	棤
oklbyc	棥
okmuvg	棦
okmuyj	棪
okmuho	棫
okmujr	棬
okmuye	棭
okmulb	森
okmumumu	森
okmunm	棯
okmuiv	棰
okmulk	棱
okmuqi	棲
okmuvo	棳
okmufu	棴
okmugo	棵
okmuld	棶
okmuqu	棷
okqumu	棸
okmuvo	棹
okmugr	棺
okffmu	棻
oklbff	棼
oklbjb	棽
oklbrs	棾
okmuer	棿
okmuwj	椀
okmuxl	椁
okmulu	椂
okmuhu	椃
okmuqp	椄
okmuqi	椅
okmuvz	椆
okmuju	椇
okwfjp	椉
okmuzu	椊
okmujk	椋
okmuks	椌
okmuvi	植
okmuvv	椎
okmuya	椏
okmuju	椐
okmubw	椑
okmuuu	椒
okmufh	椖
okmudk	椗
oklbvi	椘
okmuih	椙
okmumf	椚
okmuhx	椛
okgvmu	椝
okximu	椞
okmumd	椟
okvjmu	椠
okmudc	椡
okmugo	椢
okmudm	椣
okmulo	椤
okmuvi	椥
okmuqr	椦
okmumk	椧
okmufu	椨
okmugg	椩
okmubk	椪
okmudj	椫
okmuyi	椬
okmucj	椮
okmudr	椯
okmuye	椰
okmufu	椱
okmuww	椲
okmuww	椳
okmudr	椴
okmuxx	椵
okmuxm	椷
okmuui	椸
okmuuf	椹
okmubc	椺
okmuyj	椼
okmutr	椽
okmuqm	椾
okmuiy	椿
okmuyu	楀
okmuke	楁
okmuia	楂
okmuwu	楃
okmubm	楄
okmufu	楅
okmuyc	楆
okmugo	楇
okmuxu	楈
okmuro	楉
okmuyh	楊
okmuci	楋
okmuyj	楌
okmujy	楎
okmukv	楏
okmujp	楐
okmugv	楑
okmusi	楒
okmufg	楓
okmuqi	楔
okmuji	楖
okmujm	楗
oklbpi	楚
okmuku	楛
okmuhu	楜
okmujm	楝
okmutk	楟
okmunj	楠
okmuqq	楢
okmumw	楣
okmuyr	楥
okmuxr	楦
okmuyk	楧
okmuvf	楨
okmubm	楩
okmuye	楪
okmuhe	楬
okmuve	楮
okmudy	楯
okmuyu	楰
okmuzz	楱
okmuww	楲
okmumz	楳
okmudi	楴
okmuji	極
okzimu	楶
okmujp	楷
okmuqq	楸
okmuyk	楹
okmurz	楺
okmuhl	楻
okmulz	楼
okmuqr	楾
okmuxl	楿
okmupb	榀
okmuui	榁
okmuji	概
oklbtm	榃
okmulj	榄
okmuwf	榅
okmuyu	榆
okmuqb	榇
okmuju	榉
okmuuf	榊
okmufw	榌
okmuxx	榎
okmuyi	榏
okmuvj	榐
okmuro	榒
okmulh	榔
okmurs	榕
okmujb	榗
okjumu	榘
okmugc	榚
okmuqb	榛
okmuph	榜
okmuua	榝
okmuyr	榞
okmuzd	榟
okmumk	榠
okmusu	榡
okmujx	榢
okmuyc	榣
okmujp	榤
okmuhl	榥
okmufw	榧
okmuvd	榨
okmuqm	榩
okmuma	榪
okmusy	榫
okmuyr	榬
okmuue	榭
okmuui	榯
okmuuk	榱
okmuwf	榲
okmutk	榳
okmulq	榴
okmurs	榵
okmuth	榶
okmuhe	榷
okmumd	榸
okmusi	榹
okmuhe	榼
okmuxi	榽
okmugu	榾
okmuqi	榿
okgcmu	槀
okmugc	槁
okmusy	槂
okbjmu	槃
okmuyc	槄
okmuge	槅
okmuxy	槆
okmuvf	槇
okmuru	槈
okmuji	槉
okuomu	槊
okmugz	構
okmuvv	槌
okmuch	槍
okmuia	槎
okmujm	槏
okmugv	槐
okdddd	槑
okmuxu	槒
okmugs	槓
okmugc	槔
okmuvo	槕
okmuvf	槙
okmujx	槚
okmujm	槛
okmujy	槜
okmudc	槝
okmubb	槟
okmuvu	槠
okmush	槡
okmuxi	槢
okmuji	槣
okmulm	槤
okmuhv	槥
okmuys	槦
okvjmu	槧
okmugo	槨
okjimu	槩
okmuvr	槫
okmuqi	槭
okmucj	槮
okmucv	槯
okmufg	槰
okmuhu	槲
okjlmu	槳
okmuhu	槴
okmuhr	槵
okmugo	槶
okmukh	槺
okmugv	𬃀
okmugv	槻
okgvmu	槼
okmucc	槽
okmumj	槾
okmujb	槿
okmudi	樀
okmuis	樁
okmulh	樃
okmuif	樄
okmucs	樅
okmuli	樆
okmuxq	樇
okmujk	樈
okmuul	樉
okmuts	樋
okmugr	樌
okmuze	樍
okmusu	樎
okmulw	樏
okmulu	樐
okmull	樑
okmumi	樒
okmulz	樓
okmuic	樔
okheke	樖
okmuyu	樗
okmuth	樘
okmupn	標
okmulu	樚
okmuuu	樜
okmuqu	樞
okmuvh	樟
okmumj	樠
okmumo	模
okmunn	樢
okmuyh	樣
okmutn	樤
okmuxi	樨
okmuhl	横
okmujm	樫
okmuji	樭
okmuse	樯
okmuxt	樰
okmuyk	樱
okmuer	樲
okmuxy	樳
okmujn	樵
okmuzv	樶
oklbqu	樷
okmuhx	樺
okmugv	樻
okmuij	樼
okmuzy	樽
okmuyt	樾
okmudj	樿
okmusy	橁
okmudm	橂
okmufa	橃
okmugj	橄
okmuwu	橅
okmuqn	橇
okmuyc	橈
okmulb	橉
okmuqn	橋
okmuxm	橌
okmufj	橎
okmuuj	橏
okmuln	橑
okmuyy	橒
okmuuy	橓
okmudy	橔
okmuth	橖
okmumg	橗
okmudg	橙
okmusu	橚
okmujt	橛
okjtmu	橜
okmutj	橝
okmuhv	橞
okmuji	機
okmuxl	橡
okmusv	橢
okmunk	橣
okrvmu	橤
okvumu	橥
okmuts	橦
okmuzg	橧
okmubf	橨
okmurj	橪
okmugu	橭
okmumc	橮
okmulc	橯
okmuiu	橱
okmuxi	橲
okmuzi	橴
okmusj	橵
okmuji	橶
okmujk	橸
okmulu	橹
okmujm	橺
okmuyr	橼
okmuda	橽
okmuzc	橾
okmujl	橿
okmudj	檀
okmuns	檂
okmujn	檄
okmusv	檅
okmujy	檇
okmuug	檉
okmugj	檊
okmuzv	檌
okmuyi	檍
okmuqb	檎
okmuye	檏
okmuvj	檐
okmulw	檑
oklbfg	檒
okmuhv	檓
okmudh	檔
okmusv	檖
okpimu	檗
okmupi	檘
okmudk	檙
okmuiu	檚
okmugo	檛
okmuhv	檜
okmuji	檝
okmujp	檞
okmujx	檟
okjkmu	檠
okmuqm	檢
okmuse	檣
okmudc	檤
okmuyi	檥
okmupn	檦
okmucs	檧
okmuxm	檨
okmule	檪
okmuca	檫
okmumg	檬
okmuyb	檭
okmuuz	檮
okmutd	檯
okmumm	檰
okmuji	檱
okmutr	檲
okmubb	檳
okmuho	檴
okmuer	檷
okmunk	檸
okmuhc	檺
okmujm	檻
okmuxu	檽
okyjmu	檿
okmuqi	櫀
okmumi	櫁
okmuvd	櫂
okmukv	櫃
okmuxy	櫄
okmuqi	櫅
okmukv	櫆
okmudg	櫈
okmuge	櫊
okmuyz	櫌
okmuvi	櫍
okmugl	櫎
okmuqm	櫏
okmucd	櫒
okmulu	櫓
okmuwj	櫔
okmulv	櫖
okmump	櫗
okmuhv	櫘
okmujp	櫛
okmumd	櫝
okmuyr	櫞
okmule	櫟
okmufw	櫠
okmuvu	櫡
okmuuu	櫢
okmujm	櫤
okmuiu	櫥
okmuqk	櫦
okmuvu	櫧
okmulu	櫨
okmuli	櫪
okvumu	櫫
okmuqb	櫬
okmuji	櫭
okmuee	櫮
okmusu	櫯
okmuyu	櫲
okmuls	櫳
okmuld	櫴
okmujn	櫵
okmuxm	櫶
okmugv	櫷
okmuju	櫸
okmuxn	櫹
okmuyk	櫻
okybmu	櫽
okmuyc	櫾
okmuyk	櫿
okmuxl	欀
oklbns	欁
okmubo	欂
okmulj	欄
okmuju	欅
okmuul	欆
okmunp	欇
okmuqu	欋
okmuch	欌
okmujq	欍
okmulo	欏
okmuli	欐
okmuzj	欑
okmudh	欓
okmujt	欔
okmuyj	欕
okmulj	欖
okmuuu	欘
okmulw	欙
okmuli	欚
okmuba	欛
okmunh	欜
okmulk	欞
okmugr	欟
okdcrf	欠
okbkqm	次
okyzqm	欢
okjbqm	欣
okyuqm	欤
okriqm	欥
okjbqm	欦
okquqm	欧
okjuqm	欨
okvcqm	欩
okiuqm	欪
okfzqm	欫
okhdqm	欬
okybqm	欭
okniqm	欮
okjiqm	欯
okxtqm	欰
okheqm	欱
okguqm	欲
okllqm	欴
okuuqm	欶
okxiqm	欷
okyiqm	欸
okqiqm	欹
okqiqm	欺
okyjqm	欻
okvoqm	欼
okjbqm	欽
okndqm	歀
okufqm	歁
okdrqm	歂
okgoqm	歄
okybqm	歆
okheqm	歇
okyuqm	歈
okjmqm	歉
okgcqm	歊
oksiqm	歋
okgeqm	歌
okwuqm	歍
okjbqm	歏
okquqm	歐
okdiqm	歒
okxuqm	歔
okbfqm	歕
okxiqm	歖
oksuqm	歗
okyjqm	歘
okujqm	歚
okqmqm	歛
okuuqm	歜
okyuqm	歟
okuhuu	止
okhgvi	正
okvibi	此
okviuc	步
okvivi	歧
okvizz	歨
okviuc	歩
okbuvg	歪
okviju	歫
okvivz	歬
okvisi	歭
okvivs	歱
okvize	歵
okciyu	歶
okhgxi	歹
okddbi	死
okddqm	歼
okddjb	歽
okddwu	歾
okddyc	殀
okdduu	殁
okddqp	殂
okddyh	殃
okddvf	殄
okddug	殅
okddtd	殆
okddxt	殈
okddxy	殉
okddvu	殊
okddjm	残
okddjk	殌
okddfu	殍
okddjx	殎
okddqq	殏
okdduu	殐
okddke	殑
okddyr	殒
okddqm	殓
okddli	殔
okddpz	殕
okddvi	殖
okddyj	殗
okddhy	殙
okdddj	殚
okddji	殛
okddye	殜
okddqb	殝
okddyr	殞
okddwf	殟
okddiz	殠
okddbb	殡
okdddd	殢
okddjb	殣
okddyb	殥
okddnn	殦
okddjq	殧
okddgv	殨
okddcj	殩
okddyi	殪
okdddj	殫
okddjl	殭
okddqm	殮
okddbb	殯
okddmd	殰
okjiyz	殳
okquuu	殴
okvuuu	殶
okuguu	殸
okyiuu	殹
okuauu	殺
okkeuu	殻
okycuu	殽
okveuu	殾
okgcuu	毃
okquuu	毆
oklrdr	毈
okrfgr	毎
okrfmu	每
okuiwu	毐
okmuye	毑
okfgmu	毒
okmwlq	毓
okbibi	比
okbiui	毕
okbibi	毖
oktmbi	毗
oktmbi	毘
okbisi	毙
okmcxn	毜
okmcuj	毝
okbimc	毞
okucmc	毟
okjxmc	毠
okmcvj	毡
okmcxi	毢
okyumc	毣
okmcxy	毥
okermc	毦
okmcrs	毧
okmcxm	毨
okmcmi	毩
okmcmz	毪
okmcqq	毬
okdzmc	毭
okmcyj	毯
okmcpz	毰
okvomc	毲
okmcfw	毴
okcjmc	毵
okmccj	毶
okmcmc	毷
okmcsi	毸
okyumc	毹
okmcyu	毺
okhemc	毼
okmcjm	毽
okcjmc	毿
oklzmc	氀
okmcmo	氁
oktsmc	氃
okihmc	氅
okmcpu	氆
okmclu	氇
okdjmc	氈
okzcmc	氉
okmcdj	氊
okmgmc	氋
okmclu	氌
okqumc	氍
okuidm	氐
okuiui	氒
okwhmb	氓
okqipp	氕
okqind	氖
okqiia	気
okqiuj	氙
okqiir	氚
okqiff	氛
okqiri	氜
okqinw	氝
okqibk	氞
okqifu	氟
okqiuf	氠
okqids	氡
okqimi	氣
okqiyb	氤
okqixi	氥
okqihd	氦
okqiyh	氧
okqian	氨
okqiya	氩
okqike	氪
okqijk	氫
okqiya	氬
okqids	氭
okqiyj	氮
okqilu	氯
okqiqk	氰
okqiyh	氱
okqiwf	氲
okqiwf	氳
okdmuv	氷
okyiuv	氹
okuvli	氻
okuvrf	氼
okrfuv	氽
okuvee	氾
okuvjq	氿
okuvdk	汀
okuvui	汁
okuvba	汃
okuvrf	汄
okuvqn	汅
okruuv	汆
okuvkl	汇
okuvdn	汈
okuvyz	汉
okuvia	汊
okuvuc	汋
okuvir	汌
okuvwj	汍
okuvfj	汎
okuvda	汏
okuvxi	汐
okuvto	汑
okuvwh	汒
okuvzi	汓
okuvqi	汔
okuvuj	汕
okujuv	汖
okuvgj	汗
okuvqm	汘
okuvyu	汙
okuvyu	汚
okuvxy	汛
okuvsi	汜
okuvnv	汝
okgsuv	汞
okuvgs	江
okuvye	池
okuvkv	污
okuvtu	汢
okuvjq	汣
okuvyi	汤
okuvvi	汥
okuvui	汦
okuvkd	汧
okuvri	汨
okuvri	汩
okuvwh	汪
okuvjk	汫
okjkuv	汬
okuvnw	汭
okuvyy	汮
okuvgs	汯
okuvtd	汰
okuvqr	汱
okuvji	汲
okuvfj	汳
okuvbm	汴
okuvjb	汵
okuvwf	汶
okuvwf	汷
okuvfh	汸
okuvxs	汹
okuvgk	決
okuvwu	汻
okuvnq	汼
okuvqi	汽
okuvff	汾
okuvyu	汿
okuvyu	沀
okuvxb	沁
okuvjb	沂
okuvyc	沃
okuvyy	沄
okuvyr	沅
okuvkh	沆
okuvyy	沇
okuvyb	沈
okuvrs	沉
okybuv	沊
okuvyz	沋
okuvty	沌
okuvhu	沍
okuvhx	沎
okuvqp	沏
okuvmu	沐
okuviz	沑
okuvri	沓
okuvmm	湎
okuvmm	沔
okuvwu	沕
okuvvs	沖
oktmuv	沗
okuvbi	沘
okuvuc	沙
okuvvi	沚
okuvui	沛
okuvpm	沜
okuvuv	沝
okuvgz	沟
okuvvx	沠
okuvuu	没
okuvii	沢
okuvfg	沣
okuvqu	沤
okuvli	沥
okuvly	沦
okuvch	沧
okuvfg	沨
okuvww	沩
okuvhu	沪
okuvmo	沫
okuvww	沬
okuvuu	沭
okuvqp	沮
okuvui	沯
okuvui	沰
okuvta	沱
okuvke	河
okuvvf	沴
okuver	沵
okuvui	沶
okuvba	沷
okuvfu	沸
okuvyz	油
okuvtm	沺
okuvtd	治
okuvvc	沼
okuvgu	沽
okuvvj	沾
okuvsi	泀
okuvxs	況
okuvjs	泂
okuvju	泃
okuvui	泄
okuvqq	泅
okuvui	泆
okuvjx	泇
okuvds	泈
okbduv	泉
okuvbd	泊
okuvhv	泋
okuvbi	泌
okuvbf	泍
okuvva	泎
okuviu	泏
okuvyz	泑
okuvgx	泒
okuvhs	泓
okuvgj	泔
okuvqu	法
okuvmc	泖
okuvsi	泗
okuvhu	泘
okuvpk	泙
okuvci	泚
okuvfj	泛
okuvdi	泜
okuvii	泝
okuvnk	泞
okuvvg	泟
okuvlk	泠
okuvbc	泡
okuvpi	波
okuvli	泣
okuvyi	泤
okuvni	泥
okuvyt	泧
okuvvu	注
okuvug	泩
okuvmu	泪
okuvxr	泫
okuvxt	泬
okuvfu	泭
okuvbj	泮
okuvmb	泯
okiyuv	泰
okuvyh	泱
okuvzi	泲
okuvys	泳
okuvmb	泴
okuiuv	泵
okuvls	泷
okuvlu	泸
okuvdj	泹
okuvle	泺
okuvxp	泻
okuvfa	泼
okuvgf	泿
okuvvz	洀
okuvji	洁
okuvyi	洂
okuvhv	洃
okuvhv	洄
okuvzd	洅
okuvig	洆
okuvyb	洇
okuvww	洈
okuvhz	洉
okuvcy	洊
okuvyh	洋
okuvlp	洌
okuvif	洍
okuvzi	洎
okuver	洏
okuvxk	洐
okuvfu	洑
okuvxi	洒
okuvci	洓
okuvsi	洔
okuvwu	洖
okuvxm	洗
okuvkc	洘
okuvvu	洙
okuvjl	洚
okuvge	洛
okgeuv	洜
okuvan	洝
okuvts	洞
okuvyi	洟
okuvmz	洠
okuvlw	洡
okuvyi	洢
okuvmi	洣
okuvqr	洤
okuvyu	津
okuvbd	洦
okuvyz	洧
okuvjn	洨
okuvye	洩
okuvgs	洪
okuvxt	洫
okuvsu	洬
okuvkl	洭
okuvvc	洮
okuvju	洰
okuver	洱
okuvvz	洲
okuvru	洳
okuvbk	洴
okuvxy	洵
okuvxs	洶
okuvvi	洷
okuvgl	洸
okuvgf	洹
okuvmk	洺
okuvue	活
okuvgv	洼
okuvhe	洽
okuvpd	派
okuvkx	洿
okuvqu	浀
okuvlq	流
okuvgr	浂
okuvjx	浃
okuvvg	浄
okuvjm	浅
okuvyc	浇
okuvvf	浈
okuvui	浉
okuvis	浊
okuvze	测
okuvfa	浌
okuvhv	浍
okuvqi	济
okuvlq	浏
okuvij	浐
okuvjy	浑
okuvxu	浒
okuvns	浓
okuvxy	浔
okuvjb	浕
okuvqq	浗
okuvww	浘
okuvve	浙
okuvqy	浚
okuvhj	浛
okuvbk	浜
okuvls	浝
okuvzu	浞
okuvyz	浟
okuvxi	浠
okuvbo	浡
okuvdz	浢
okuvwj	浣
okuvhs	浤
okuvyi	浥
okuvfu	浦
okuvig	浧
okuvss	浨
okuvgc	浩
okuvll	浪
okuvhj	浫
okuvli	浬
okuvgg	浭
okuvfu	浮
okuvwu	浯
okuvli	浰
okuvif	浱
okuvfg	浲
okuvgu	浴
okuvts	浵
okuvlc	浶
okuvmw	海
okuvjx	浹
okuvis	浺
okuvjs	浻
okuvmm	浼
okuvto	浽
okuvii	浾
okuvbw	浿
okuvjm	涀
okuvuj	涁
okuvyu	涂
okuvky	涃
okuvgj	涆
okuvjk	涇
okuvxn	消
okuvbu	涉
okuvrf	涊
okuvys	涌
okuvxn	涍
okuvyj	涎
okuvtk	涏
okuvwo	涐
okuvuu	涑
okuvjy	涒
okuvyr	涓
okuvcf	涔
okuvdi	涕
okuvww	涖
okuvdv	涗
okuvyi	涘
okuvdv	涚
okuvuz	涛
okuvlc	涝
okuvld	涞
okuvlm	涟
okuvww	涠
okuvgo	涡
okuvyr	涢
okuvhr	涣
okuvtn	涤
okuvhg	涥
okuvry	润
okuvjm	涧
okuvvh	涨
okuvpz	涪
okuvgr	涫
okuvxk	涬
okuvuz	涭
okuvux	涮
okuvvo	涰
okuvih	涱
okuvye	液
okuvks	涳
okuvwj	涴
okuvhj	涵
okuviv	涶
okuvds	涷
okuvgu	涸
okuvww	涹
okuvju	涺
okuvue	涻
okuvjk	涼
okuvhy	涽
okuvda	涾
okuvdk	淀
okuvqp	淁
okuvde	淂
okuvjr	淃
okuvxi	淅
okuvyc	淆
okuvqi	淇
okuvqu	淈
okuvgo	淉
okuvlb	淋
okuvuh	淌
okuvvz	淍
okuvfg	淎
okuvhc	淏
okuvih	淐
okuvuu	淑
okuvqi	淒
okuvfh	淓
okuvvi	淔
okuvlu	淕
okuvvo	淖
okuvzs	淙
okuvli	淚
okuvvi	淛
okuvpg	淜
okuvfw	淝
okuvss	淞
okuvdm	淟
okuvbi	淠
okuvyj	淡
okuvho	淢
okuver	淣
okuvyu	淤
okuvlu	淥
okuvjb	淦
okuvmi	淧
okuvvg	淨
okuvlk	淩
okuvly	淪
okuvzu	淬
okuvvv	淮
okuvyu	淯
okuvnm	淰
okuvhu	淲
okuvxl	淳
okuvhu	淴
okuvld	淶
okuvky	混
okuvyj	淹
okuvtm	添
okuvvi	淽
okjbuv	淾
okuvbo	淿
okuvbf	渀
okuvmb	渂
okuvro	渃
okuvfw	渄
okuvqk	清
okuvlu	渌
okuvze	渍
okbkmd	渎
okuvqi	渏
okuvvj	渐
okuvmm	渑
okuvbw	渒
okuvyu	渔
okuvuf	渖
okuvcj	渗
okuvrz	渘
okuvhr	渙
okuvve	渚
okuvxm	減
okuvyu	渝
okuvuz	渞
okuvtk	渟
okuvdu	渡
okuvfg	渢
okuvia	渣
okuvbo	渤
okuvwu	渥
okuvgo	渦
okuvdi	渧
okuvww	渨
okuvwf	温
okuvyu	渪
okuvye	渫
okuvze	測
okuvww	渭
okuvke	渮
okuvxl	港
okuvhs	渱
okuvxr	渲
okuvmi	渳
okuvhe	渴
okuvmn	渵
okuvyk	渶
okuvhs	渹
okuvmn	渺
okuvug	渻
okuvmw	渼
okuvzd	渽
okuvjy	渾
okuvnd	渿
okuvgv	湀
okuvui	湁
okuvbd	湃
okuvmw	湄
okuvjm	湅
okuvyb	湆
okuvmz	湈
okuvtm	湉
okuvzz	湊
okuvww	湋
okuvui	湌
okuvdr	湍
okuvye	湏
okuvbd	湐
okuvxu	湑
okuvpf	湓
okuvqm	湔
okuvjm	湕
okuvhu	湖
okuvfg	湗
okuvxl	湘
okuvyi	湙
okuvyb	湚
okuvuf	湛
okuvui	湜
okuvjp	湝
okuvvf	湞
okuvhl	湟
okuvtj	湠
okuvyu	湡
okuvfu	湢
okuvui	湤
okuvtu	湥
okuvxk	湦
okuvys	湧
okuvvs	湩
okuvtr	湪
okuvqq	湫
okqquv	湬
okuvqq	湭
okuvyh	湯
okuvyr	湲
okuvnj	湳
okuvbk	湴
okuvqr	湶
okuviy	湷
okuvll	湸
okuvli	湹
okuvbc	湺
okuvwj	湾
okuvxm	湿
okuvrs	溁
okuvci	溂
okuvgv	溃
okuvjm	溅
okuvxu	溆
okuvlz	溇
okuvww	溈
okuvji	溉
okuvxx	溊
okuvyk	溋
okuvjb	溍
okuvgv	溎
okuvth	溏
okuvyr	源
okuvyr	溒
okuvjm	溓
okuvgc	溔
okhkui	準
okuvig	溗
okuvhe	溘
okuvtd	溙
okuvlq	溜
okuvgz	溝
okuvzc	溞
okuvmk	溟
okuvia	溠
okuvui	溡
okuvyi	溢
okuvly	溣
okuvma	溤
okuvsu	溧
okuvzd	溨
okuvwu	溩
okuvxi	溪
okuvwf	溫
okuvui	溮
okuvuo	溯
okuvqi	溰
okuvqb	溱
okuvsz	溲
okuvyr	溳
okuviz	溴
okuvyb	溵
okuvrs	溶
okuvsu	溸
okuvso	溹
okuvro	溺
okuvru	溽
okuvgv	溾
okuvbj	溿
okuvxu	滀
okuviu	滁
okuvph	滂
okuvwg	滃
okuvch	滄
okuvge	滆
okuvvf	滇
okuvgc	滈
okuvhl	滉
okuvqi	滊
okuvzi	滋
okuvtn	滌
okuvii	滍
okuvfu	滏
okuvjp	滐
okuvgu	滑
okuvge	滒
okuvzd	滓
okuvyc	滔
okuvuk	滖
okuvbi	滗
okuvyc	滛
okuvgc	滜
okuvdd	滞
okuvyj	滟
okuvnp	滠
okuvyk	滢
okuviy	滣
okuvlv	滤
okuvjm	滥
okuvlr	滦
okuvxn	滧
okuvbb	滨
okuvnj	滩
okuvyu	滪
okuvxq	滫
okuvhu	滬
okuvbi	滭
okuvbn	滮
okuvdd	滯
okuvjk	滰
okuvkz	滱
okuvcj	滲
okuvuh	滳
okuvdi	滴
okuvmi	滵
okuvao	滶
okuvlu	滷
okuvxu	滸
okuvyz	滺
okuvij	滻
okuvfj	滼
okuvys	滽
okuvmj	滿
okuvyu	漁
okuvpn	漂
okuvji	漃
okuvya	漄
okuvic	漅
okuvxi	漇
okuvji	漈
okuvlu	漉
okuvlz	漊
okuvls	漋
okuvjb	漌
okuvgo	漍
okuvcs	漎
okviuv	漐
okuvql	漒
okuvli	漓
okuvyb	演
okuvcc	漕
okuvjn	漖
okuvvr	漙
okuvqu	漚
okuvxi	漝
okuvmi	漞
okuvth	漟
okuvmo	漠
okuvlm	漣
okuvqm	漧
okuvfg	漨
okuvxr	漩
okuvyi	漪
okuvmj	漫
okuvze	漬
okuvmh	漭
okuvkh	漮
okuvlw	漯
okuvbg	漰
okuvvh	漲
okuvvh	漳
okuvis	漴
oktuwf	漵
okuvhr	漶
okuvgo	漷
okuvvj	漸
okuvyj	漹
okuvul	漺
okuvcv	漼
okuvxi	漽
okjluv	漿
okuvii	潄
okuvyk	潆
okuvxn	潇
okuvky	潉
okuvlm	潋
okuvvi	潌
okuvww	潍
okuvbi	潎
okuvjn	潐
okuvfa	潑
okuvxl	潒
okuvhv	潓
okuvjp	潔
okuvwu	潕
okuvpa	潖
okuvji	潗
okuvfj	潘
okuvww	潙
okuvsu	潚
okuvti	潜
okuvlu	潞
okuvxy	潠
okuvdy	潡
okuvhl	潢
okuvmb	潣
okuvsu	潥
okuvln	潦
okuvzg	潧
okuvvs	潨
okuvvi	潪
okuvdj	潬
okuvtj	潭
okuvic	潮
okuvxy	潯
okuvgv	潰
okuvyi	潱
okuvuc	潲
okuvtu	潳
okuvvu	潴
okuvsj	潵
okuvhw	潶
okuvbi	潷
okuvsf	潹
okuvij	潺
okuvuu	潻
okuvts	潼
okuvpu	潽
okuvlb	潾
okuvww	潿
okxuuv	澃
okuvdg	澄
okuvhx	澅
okuvyc	澆
okuvlc	澇
okuvgj	澉
okuvzy	澊
okuvjk	澋
okuvsi	澌
okuvpg	澎
okuvyy	澐
okuvxl	澒
okuvfu	澓
okuvhc	澔
okuvhx	澕
okuvxm	澖
okuvjm	澗
okuvlu	澛
okuvlj	澜
okuvnk	澝
okuvyu	澞
okuvmm	澠
okuvzc	澡
okuvdh	澢
okuvgj	澣
okuvjp	澥
okuvyu	澦
okuvlk	澪
okuvwj	澫
okuvvi	澬
okuvys	澭
okuvhv	澮
okuvcj	澯
okuvqm	澰
okuvdm	澱
okuvye	澲
okuvao	澳
okuvxb	澵
okuvdj	澶
okuvgj	澸
okuvvj	澹
okuvyi	澺
okuvsv	澻
okuvpi	澼
okuvda	澾
okuvjb	澿
okuvjn	激
okuvuu	濁
okuvlm	濂
okuvns	濃
okuvgo	濄
okuvbf	濆
okuvse	濇
okuvji	濈
oklwvv	濉
okuvsv	濊
okuviu	濋
okvsda	濌
okuvcs	濍
okuvdk	濎
okuvse	濏
okuvuu	濐
okuvld	濑
okuvpb	濒
okuvlm	濓
okuver	濔
okuvuu	濖
okuvmu	濗
okuvnk	濘
okuvrs	濚
okuvmg	濛
okuvjb	濜
okuvqi	濝
okuvbi	濞
okuvqi	濟
okuvhc	濠
okuvxu	濡
okuvcv	濢
okuvuz	濤
okuvdv	濧
okuvci	濨
okuvho	濩
okuvjm	濫
okuvrv	濬
okuvvd	濯
okuvww	濰
okuvbb	濱
okuvgu	濲
okuvyk	濴
okuvmj	濷
okuvch	濸
okuvjm	濺
okuvle	濼
okuvlv	濾
okuvwj	濿
okuvyz	瀀
okuvyh	瀁
okuvlu	瀂
okuvci	瀃
okuvjp	瀄
okuvyk	瀅
okuvmd	瀆
okuvgl	瀇
okuvxp	瀉
okuvmp	瀎
okuvlq	瀏
okuvbc	瀑
okuvvg	瀓
okuvpb	瀕
okuvho	瀖
okuvxm	瀗
okuvlu	瀘
okuvqb	瀙
okuvhj	瀚
okuvrs	瀜
okuvli	瀝
okuvjk	瀞
okuvxn	瀟
okuvyk	瀠
okuvsv	瀡
okuvyi	瀢
okuvvu	瀦
okuvls	瀧
okuvld	瀨
okuvtu	瀩
okmbqr	瀪
okuvld	瀬
okuvuu	瀭
okuvlb	瀮
okuvyk	瀯
okuvmi	瀰
okuvlm	瀲
okuvyj	瀳
okuvyk	瀴
okuvlb	瀶
okuvyi	瀷
okuvly	瀹
okuvdd	瀻
okuvxl	瀼
okuvjm	瀽
okuvlj	瀾
okuvfj	瀿
okuvul	灀
okuvjt	灂
okuvfg	灃
okuvnp	灄
okuvlj	灆
okuvqu	灈
okuvqt	灍
okuvhc	灏
okuvyk	灐
okuvli	灑
okuvzj	灒
okuvli	灕
okuvmi	灖
okuvnj	灘
okuvdh	灙
okuvjt	灚
okuvij	灛
okuvyk	灜
okuvba	灞
okuvuu	灟
okuvlj	灠
okuvnh	灢
okuvwj	灣
okuvlr	灤
okuvxm	灦
okuvyj	灧
okuvgj	灨
okbarf	火
okhgho	灭
okhoer	灮
okhodk	灯
okuiho	灰
okhodc	灱
okhodc	灲
okbcho	灳
okhogs	灴
okxtho	灵
okhotu	灶
okhocc	灷
okjqho	灸
okhoto	灹
okhoye	灺
oktuho	灻
okhouc	灼
okirho	災
okbcho	灾
okhouj	灿
okhoyi	炀
okjiho	炁
okhogs	炂
okffho	炃
okhoiz	炄
okriho	炅
okhowf	炆
okhowf	炇
okhouu	炈
okhohu	炉
okhoqm	炊
okhobu	炋
okhojp	炌
okhofj	炍
okhoho	炎
okhoho	炏
okhofg	炐
okhomu	炑
okhouc	炒
okhodz	炓
okhogk	炔
okhokh	炕
okhoty	炖
oknmho	炗
okhojb	炘
okriho	炚
okhohx	炛
okhoww	炜
okhoch	炝
okhobm	炞
okhodj	炟
okhojx	炠
okhovg	炡
okhouu	炢
okhoke	炣
okhovc	炤
okhofu	炥
okhoba	炦
okhota	炨
okholk	炩
okhoiu	炪
okhoxr	炫
okhoju	炬
okujhv	炭
okhobc	炮
okhojs	炯
okbcho	炰
oktdho	炱
okhotd	炲
okhobk	炳
okhoyh	炴
okhods	炵
okhovj	炶
okhovu	炷
okhova	炸
okvjho	点
okhoui	炻
okhovi	炽
okhoxs	炾
okhohu	烀
okhole	烁
okholj	烂
okhojn	烄
okhoxt	烅
okhoxk	烆
okhoqr	烇
oklpho	烈
okhoyh	烊
okxqho	烋
okhoxq	烌
okhoxm	烍
okkdho	烎
okwuho	烏
okhovz	烐
okhovc	烑
okhoui	烒
okhogv	烓
okhots	烔
okwump	烕
okhohd	烗
okhogs	烘
okhoge	烙
okhohe	烚
okhois	烛
okhogf	烜
okhopu	烞
okhoyb	烟
okhoyz	烠
okhogs	烡
okhovd	烢
okhohv	烣
okhokc	烤
okhoif	烥
okhoye	烦
okhoyc	烧
okhohx	烨
okhohv	烩
okhogr	烪
okthho	烫
okhojb	烬
okviho	热
oklpho	烮
okhoxi	烯
okhofu	烰
okhojs	烱
okveho	烲
okhofu	烳
okhojk	烴
okhouc	烵
okhotk	烶
okhowj	烷
okhomw	烸
okhgho	烹
okholl	烺
okhoyj	烻
okhoui	烼
okhofg	烽
okyjtu	烾
okhots	烿
okhogu	焀
okivho	焁
okyzho	焂
okhoii	焃
okjyho	焄
okhogc	焅
okhoyr	焆
okhoxn	焇
okhohj	焊
okvlho	焋
okhoqy	焌
okhodi	焍
okveho	焎
okhowu	焐
okhoky	焑
okholv	焒
okhohj	焓
okhohr	焕
okhomf	焖
okhoju	焗
okuzho	焘
okhopz	焙
oklbho	焚
okmfho	焛
okhoky	焜
okhohy	焝
okhoxl	焞
okhoxi	焟
okhozu	焠
okhoks	焢
okquho	焣
okfuho	焤
okhowj	焥
okvvho	焦
okhopg	焩
okhoqs	焪
okhorv	焫
okhoyi	焬
okhoxb	焮
okhovo	焯
okhoye	焲
okhovv	焳
okhoyu	焴
okhogh	焵
okhobw	焷
okhowh	焹
okhoug	焺
okhoih	焻
okmkho	焽
okhonm	焾
okhogg	焿
okhoqu	煀
okhouf	煁
okhoge	煂
okhokv	煃
okhovs	煄
okhodr	煅
okhoxx	煆
okhojy	煇
okhofg	煈
okhojm	煉
okhoxr	煊
okhoxk	煋
okhohl	煌
okhoqq	煍
okqmho	煎
okhofu	煏
okhoyk	煐
okveho	煑
okhoww	煒
okhodr	煓
okyjvj	煔
okhoyr	煖
okhoxm	煘
okhoyu	煜
okhomw	煝
okhoww	煟
okhoye	煠
okhojm	煡
okhorz	煣
okhomz	煤
okhohr	煥
okvcho	照
okhoww	煨
okhoye	煩
okhoqq	煪
okhosv	煫
okhoyh	煬
okveho	煮
okhojp	煯
okhopb	煰
okhogo	煱
okbcho	煲
okhohu	煳
okhowf	煴
okhonj	煵
okhoui	煶
okholl	煷
okhobm	煸
okhogz	煹
okhotv	煺
okhoth	煻
okhoiu	煼
okhouj	煽
okhoen	煾
okhovr	煿
okhohl	熀
okhoqi	熂
okwuho	熃
okhoxi	熄
okhowf	熅
okhohe	熆
okhogc	熇
okhoyr	熉
okngho	熊
okngho	熋
okhouj	熌
okhogs	熍
okhoyc	熎
okqmhw	熏
okhomk	熐
okhojm	熑
okhowu	熓
okhors	熔
okhogs	熕
okhoyc	熖
okhoch	熗
okholq	熘
okhobi	熚
okhopn	熛
okholu	熝
okhojm	熞
okuuho	熟
okhoyu	熠
okholz	熡
okhofg	熢
okhocv	熣
okhoyi	熤
okhots	熥
okhoqt	熦
okcsho	熧
okwwho	熨
okhohu	熩
okhoyi	熪
okhouu	熫
okaoho	熬
okhvho	熭
okhoqu	熰
okhomj	熳
okhoky	熴
okhouh	熵
okhozv	熶
okhozg	熷
okxiho	熹
okhoxi	熺
okhosu	熽
okhohl	熿
okhodj	燀
okhohx	燁
okhotj	燂
okhorj	燃
okluyj	燅
okhoqn	燆
okhozy	燇
okhodg	燈
okhody	燉
okyjmu	燊
okhojn	燋
okhobf	燌
okhosi	燍
okholn	燎
okholb	燐
okhots	燑
okhoyc	燒
okhofj	燔
okhoxy	燖
okhoxm	燗
okhomb	燘
okthho	燙
okyjyj	燚
okhomf	燜
okhojk	燝
okhoao	燠
okhowj	燤
okhozc	燥
okhocj	燦
okhosv	燧
okhoyi	燨
okhojn	燩
okhocs	燪
okholm	燫
okhohv	燬
okhouu	燭
okholk	燯
okhoai	燰
okhoyi	燱
okhovc	燳
okhohv	燴
okhoda	燵
okhons	燶
okhoxu	燸
okhoxy	燻
okhojb	燼
okhouz	燽
okuzho	燾
okhovd	燿
okhohe	爀
okhojm	爁
okhors	爃
okhowj	爄
okhomo	爅
okhobc	爆
okccre	爇
okholv	爈
okhogl	爌
okhole	爍
okholn	爎
okholi	爏
okholu	爐
okhojn	爑
okviln	爒
okhoyi	爔
okhols	爖
okhocj	爘
okhoxl	爙
okholj	爛
okhojt	爝
okhois	爞
okhoqu	爠
okmiho	爢
okhodh	爣
okhouu	爥
okholj	爦
okholk	爧
okppxk	爫
okvxba	爬
okvxbc	爮
okvxrj	爯
okwwln	爳
okgovx	爴
okbaia	父
okfuer	爷
okfuba	爸
okfudo	爹
okfuye	爺
okiaia	爻
okycqp	爼
okpjmu	牀
okpjke	牁
okpjyh	牂
okpjye	牃
okpjch	牄
okpjys	牅
okpjse	牆
okpmfj	版
okpmbj	牉
okpmvc	牊
okpmbw	牌
okpmmd	牍
okpmyu	牏
okpmbm	牑
okpmye	牒
okpmph	牓
okpmvr	牔
okpmys	牗
okpmmd	牘
okuhya	牚
okrfui	牛
oknqbi	牝
oknqli	牞
oksinq	牟
oknqye	牠
oknqtu	牡
okbcnq	牢
oknqrf	牣
oknqwh	牤
oknqfh	牥
oknqmc	牦
oknqwf	牧
oknqkh	牨
oknqwu	物
oknqnq	牪
oknqge	牫
oknqzi	牬
oknqsi	牭
okddnq	牮
oknqgu	牯
oknqyz	牰
oknqke	牱
oknqug	牲
oknqmu	牳
oknqdi	牴
okjrnq	牶
oknqqr	牷
oknqzi	牸
oknqsi	特
oknqxi	牺
oknqls	牻
oknqjk	牼
oknqwu	牾
oknqgc	牿
oklinq	犁
oknqpz	犃
oknqqi	犄
oknqgh	犅
oknqvi	犆
oknqjr	犈
oknqxl	犉
oknqmd	犊
oknqju	犋
oknqxx	犌
oknqjm	犍
okfgnq	犎
oknqbm	犏
oknqke	犐
oknqgc	犒
oknqiu	犓
oknqqi	犔
oknqhd	犗
okmanq	犘
oknqcj	犙
okwwnq	犚
oknqdy	犜
oknqts	犝
oknqqn	犞
okqlnq	犟
oknqyi	犠
oknqwj	犡
oknqmd	犢
oknqbc	犦
oknqyi	犧
okwwnq	犩
okdadm	犬
okyzdm	犮
okqree	犯
okqrjq	犰
okqrwj	犱
okqrcd	犲
okqruc	犳
okqrgj	犴
okqrqi	犵
okjlqr	状
okqrgl	犷
okqrma	犸
okqryz	犹
okqrkh	犺
okqrfu	犻
okqrks	犼
okqrya	犽
okqrqr	犾
okqrbm	犿
okpjqr	狀
okqryy	狁
okqrwh	狂
okqriz	狃
okqrho	狄
okqrrf	狅
okqrvs	狆
okqrmu	狇
okqrbw	狈
okqrpi	狉
okmuqr	狊
okqrui	狋
okqrug	狌
okqrbc	狍
okqrjx	狎
okqrgx	狐
okqrlk	狑
okqrfu	狒
okqrpi	狓
okqrni	狔
okqryz	狕
okqrxt	狖
okqrju	狗
okqryt	狘
okqrqp	狙
okqrdj	狚
okqrbd	狛
okqrgu	狜
okqrer	狝
okqrnk	狞
okqrgf	狟
okqrgf	狠
okqrjn	狡
okqrge	狢
okqrvc	狣
okqrji	狤
okqrxy	狥
okqrue	狧
okqrrs	狨
okqruz	狩
okqrts	狪
okqrlc	狫
okqris	独
okqrjx	狭
okqrui	狮
okqrhv	狯
okqrvg	狰
okqrsy	狲
okqryu	狳
okqrls	狵
okqrxi	狶
okqryr	狷
okqrli	狸
okqrjx	狹
okqryj	狺
okqrqy	狻
okqrll	狼
okqrbw	狽
okqrve	狾
okqryj	狿
okqrua	猀
okqrli	猁
okqrhj	猂
okqrqm	猃
okqrjk	猄
okqrfw	猅
okfwqr	猆
okqrhu	猇
okqrbw	猈
okqrqi	猉
okqrer	猊
okldqr	猌
okqrld	猍
okqrxi	猎
okqrjm	猏
okqrql	猐
okqrky	猑
okqrgo	猓
okqrzs	猔
okqrmi	猕
okqrih	猖
okqrqi	猗
okqrvi	猘
okqrvg	猙
okqrvv	猚
okqrmg	猛
okqrqk	猜
okqrzu	猝
okqrue	猞
okqrdm	猠
okqrlo	猡
okqrhu	猢
okqrgv	猤
okqrww	猥
okqrfg	猦
okqrgo	猧
okqryr	猨
okqrxk	猩
okqrve	猪
okqrmn	猫
okqrww	猬
okqrtr	猭
oknjqr	献
okqrdr	猯
okqrqi	猰
okqrrz	猱
okqrhe	猲
okqrxx	猳
okqrhz	猴
okqrbm	猵
okqrqq	猶
okqqqr	猷
okqrmw	猸
okqria	猹
okqrsy	猻
okqrvr	猼
okqrmk	猽
okqrgu	猾
okqryr	猿
okqrsz	獀
okqrma	獁
okqryr	獂
okqiqr	獃
okqrui	獅
okqrgc	獆
okqryi	獈
okqrqb	獉
okqrch	獊
okqrmj	獌
okqrjk	獍
okjlqr	獎
okqrmo	獏
okqrvh	獐
okqrvj	獑
okaoqr	獒
okqrao	獓
okqrcv	獕
okqrbf	獖
okqrjt	獗
okbiqr	獘
okqrbi	獙
okqrhl	獚
okqrlb	獜
okqrts	獞
okqryc	獟
okqrln	獠
okqrqn	獢
okqrdy	獤
okqrjn	獥
okqrge	獦
okqruu	獨
okqrsv	獩
okqrhv	獪
okqrqm	獫
okqrjp	獬
okqrld	獭
okqrer	獮
okqrxy	獯
okqrnk	獰
okqrbb	獱
okqrho	獲
okqrxu	獳
okqrmg	獴
okqryz	獶
okqrgl	獷
okuzqr	獸
okqrlu	獹
okqrld	獺
okqrmi	獼
okqrxl	獽
okqrlo	玀
okqryj	玁
okwfyc	玄
okxruc	玅
okxrxr	玆
okwhdm	玉
okwhdm	玊
okhgtu	王
okwhve	玌
okppwh	玍
okwhdk	玎
okwhli	玏
okwhba	玐
okwhji	玑
okwhgd	玒
okwhuc	玓
okwhir	玔
okwhgj	玕
okwhjq	玖
okwhyu	玗
okwhji	玘
okwhyu	玙
okwhyi	玚
okwhma	玛
okwhgs	玜
okwhwu	玝
okwhfu	玞
okwhwf	玟
okwhjp	玠
okwhya	玡
okwhff	玢
okwhbm	玣
okwhfg	玤
okwhyt	玥
okwhgk	玦
okwhyy	玧
okwhwh	玨
okwhyr	玩
okwhjb	玪
okwhwf	玫
okwhdj	玬
okwhbi	玭
okwhww	玮
okwhbu	环
okwhjm	现
okwhch	玱
okwhlk	玲
okwhdd	玳
okwhui	玴
okwhgj	玵
okwhpk	玶
okwhvj	玷
okwhbc	玸
okwhxr	玹
okeryu	玺
okwhpi	玻
okwhci	玼
okwhju	玽
okwhjx	玾
okwhvc	玿
okwhbd	珀
okwhwa	珁
okwhke	珂
okwhrj	珃
okwhug	珄
okwhuf	珅
okwhtd	珆
okwhqp	珇
okwhjx	珈
okwhmb	珉
okwhce	珊
okwhmc	珋
okwhbi	珌
okwhvf	珍
okwher	珎
okwhyu	珏
okwhqu	珐
okwhls	珑
okwhyu	珒
okwhjn	珓
okwhcy	珔
okwhgl	珖
okwhxm	珗
okwhvz	珘
okwhgs	珙
okwhyb	珚
okwhyz	珛
okwhyh	珜
okwhyu	珝
okwhge	珞
okwhsu	珟
okwhvu	珠
okwhgf	珢
okwhxy	珣
okwhfz	珤
okwher	珥
okwhxl	珦
okwhvc	珧
okwhhe	珨
okwhxk	珩
okwhgv	珪
okwhis	珫
okwhxu	珬
okwhlc	珯
okwhdh	珰
okwhjy	珲
okwhwo	珴
okwhig	珵
okwhdi	珶
okwhbb	珷
okwhwu	珸
okwhig	珹
okwhjy	珺
okwhmw	珻
okwhbw	珼
okwhtk	珽
okwhjm	現
okwhzu	珿
okwhhj	琀
okwhyj	琂
okwhqq	球
okwhyr	琄
okwhll	琅
okwhli	理
okwhxq	琇
okwhfu	琈
okwhlq	琉
okwhxp	琊
okwhxi	琋
okwhcf	琌
okwhli	琍
okwhjb	琎
okwhlm	琏
okwhxn	琑
okwhfg	琒
okwhwj	琓
okwhdk	琔
okwhbw	琕
okwhzu	琗
okwhhy	琘
okwhho	琙
okwhju	琚
okwhld	琜
okwhmb	琝
okmkyu	琞
okwhvv	琟
okwhdm	琠
okwhuu	琡
okwhpz	琣
okwhvg	琤
okwhhu	琥
okwhqi	琦
okyayu	琧
okwhky	琨
okwhih	琩
okwhqi	琪
okwhfg	琫
okwhwj	琬
okwhlu	琭
okwhzs	琮
okwhgr	琯
okwhyj	琰
okwhvz	琱
okwhfw	琲
okwhlb	琳
okwhql	琷
okwhvo	琸
okwhfa	琺
okwhjb	琻
okwhjk	琼
okwhve	琽
okwhjp	琾
okwhjy	琿
okwhyu	瑀
okwhmc	瑁
okwhmw	瑂
okwhiy	瑃
okwhxr	瑄
okwhui	瑅
okwhxk	瑆
okwhdu	瑇
okwhrz	瑈
okwhxm	瑊
okwhww	瑋
okwhhr	瑍
okwhjp	瑎
okwhir	瑏
okwhqm	瑐
okwhtr	瑑
okwhyh	瑒
okwhjm	瑓
okwhqr	瑔
okwhxx	瑕
okwhdr	瑖
okwhyr	瑗
okwhye	瑘
okwhhu	瑚
okwhyk	瑛
okwhyu	瑜
okwhhl	瑝
okwhdr	瑞
okwhlq	瑠
okwhui	瑡
okwhrs	瑢
okwhwf	瑥
okwhwu	瑦
okwhqb	瑧
okwhjb	瑨
okwhma	瑪
okwhyc	瑫
oklqyu	瑬
okwhth	瑭
okwhsu	瑮
okwhlh	瑯
okwhgv	瑰
okwhvf	瑱
okwhch	瑲
okwhia	瑳
okwhzc	瑵
okwhai	瑷
okwhbb	瑸
okwhtu	瑹
okwhih	瑺
okwhgr	瑻
okwhvr	瑼
okwhcs	瑽
okwhjb	瑾
okwhcv	璀
okwhji	璂
okwhli	璃
okwhjk	璄
okwhic	璅
okwhxr	璇
okwhao	璈
okwhlm	璉
okwhmj	璊
okwhvh	璋
okwhyb	璌
okwhhx	璍
okwhyk	璎
okwhlu	璐
okwhwu	璑
okwhdg	璒
okwhzg	璔
okwhxy	璕
okwhqu	璖
okthyu	璗
okwhlb	璘
okwhln	璙
okwhsu	璛
okwhhl	璜
okwhgv	璝
okwhjk	璟
okwhfj	璠
okwhjb	璡
okwhji	璣
okwhhv	璤
okwhjk	璥
okwhai	璦
okpiyu	璧
okwhzc	璪
okwhdh	璫
okwhyy	璭
okwhhv	璯
okwhse	璱
okwhsv	璲
okwhiu	璴
okwhyu	璵
okwhjb	璶
okwhfu	璷
okwhbb	璸
okwhuz	璹
okwhcv	璻
okwhjm	璼
okeryu	璽
okwhqi	璾
okwhrv	璿
okwhxu	瓀
okwhho	瓁
okwhmd	瓄
okwhle	瓅
okwhvi	瓆
okwhyz	瓇
okwhli	瓈
okwhui	瓋
okwhsv	瓍
okwhld	瓎
okwhls	瓏
okwhlu	瓐
okwhli	瓑
okwhzj	瓒
okwhlj	瓓
okwhyk	瓔
okmiyu	瓕
okwhxl	瓖
okwhtc	瓙
okwhzj	瓚
okwhxm	瓛
okgxuc	瓝
okgxui	瓞
okgxbc	瓟
okkxgx	瓠
okxkgx	瓡
okpngx	瓢
okxlgx	瓤
okwaui	瓧
okgswa	瓨
okwaqm	瓩
okwafj	瓪
okffwa	瓫
okfhwa	瓬
okybwa	瓭
okgswa	瓮
okquwa	瓯
okwaff	瓰
okwamc	瓱
okwaty	瓲
okguwa	瓳
oklkwa	瓴
oktdwa	瓵
okbkwa	瓶
okciwa	瓷
okwabd	瓸
okyrwa	瓹
okihwa	瓺
okxiwa	瓻
okwali	瓼
okuhwa	瓽
okwwwa	瓾
okpzwa	瓿
okivwa	甀
okbmwa	甂
okqqwa	甃
okwali	甅
okziwa	甆
oknpwa	甈
okjmwa	甉
oklzwa	甊
okdiwa	甋
okquwa	甌
okvrwa	甎
okpgwa	甏
oklbwa	甐
okzgwa	甑
okwuwa	甒
okpiwa	甓
okvjwa	甔
okyswa	甕
oknmhg	甘
okyigj	甙
okqive	甚
okgjue	甛
okuegj	甜
okhugj	甝
okuhgj	甞
okppfg	生
okriug	甠
okugug	甡
okijug	産
okuiug	甤
okugnj	甥
okggug	甦
okytuu	用
okytve	甩
okppys	甪
oksiys	甬
okbuys	甭
okwuys	甮
okklui	田
okriuu	由
okriuu	甲
okriuu	申
okriuu	甴
okrive	电
okpptm	甶
oktmli	男
okbctm	甸
okyzqn	甹
oktmdk	町
oktmdk	甼
oktmir	甽
okirtm	甾
oktmwh	甿
oktmqi	畀
okyzqi	畁
oktmjq	畂
okufuc	畃
okxktm	畄
okufyi	畅
okmusi	畆
oktmyy	畇
oktmfj	畈
oktmfu	畉
oktmjk	畊
oktmwf	畋
oktmjp	界
oktmjp	畍
oktmqr	畎
okhotm	畑
okmurf	畒
okuvtm	畓
oktmbj	畔
oktmtm	畕
oktmgx	畖
okdmfu	畗
oktmrj	畘
okmctm	留
oksiff	畚
oktmvf	畛
okxrtm	畜
okmujq	畝
okbdtm	畠
oktmhd	畡
okhetm	畣
oktmsi	畤
oktmge	略
oktmgv	畦
oktmge	畧
okmitm	畨
oktmyi	畩
okbmtm	番
okyutm	畬
oktmyu	畭
oktmmw	畮
oktmqy	畯
oktmgs	異
okuetm	畲
oktmuz	畴
okyuhx	畵
okuhtm	當
oktmvo	畷
oktmqi	畸
oktmwj	畹
oktmyh	畼
oktmvs	畽
oktmts	疃
oktmlb	疄
oktmjl	疅
oktmuz	疇
okvezz	疋
okpidj	疍
okglbk	疒
okbknd	疓
okbkdk	疔
okbkbi	疕
okbker	疖
okbkln	疗
okbkgs	疘
okbkqi	疙
okbkjq	疚
okbkcy	疛
okbkxx	疜
okbkuj	疝
okbkkv	疞
okbkxt	疟
okbkwj	疠
okbkyi	疡
okbkho	疢
okbkls	疣
okbkba	疤
okbkjp	疥
okbkgk	疦
okbkui	疧
okbkya	疨
okbkbi	疪
okbkuu	疫
okbkli	疬
okbkcs	疭
okbkch	疮
okbkfg	疯
okbkvu	疰
okbkbc	疱
okbkpi	疲
okbkgj	疳
okbkke	疴
okbkci	疵
okbkui	疶
okbkdi	疷
okbkdj	疸
okbkvf	疹
okbkfj	疺
okbkvi	疻
okbkds	疼
okbkqp	疽
okbkui	疾
okbkfu	疿
okbkju	痀
okbkvj	痁
okbkjx	痂
okbkxr	痃
okbkva	痄
okbkbk	病
okbkni	痆
okbkvg	症
okbkys	痈
okbkqr	痊
okbkis	痋
okbkts	痌
okbkyi	痍
okbkhd	痎
okbkyz	痏
okbkhv	痐
okbkdo	痑
okbkyh	痒
okbkvi	痓
okbksi	痔
okbkgf	痕
okbkya	痖
okbkmw	痗
okbkdz	痘
okbkjk	痙
okbkxn	痚
okbkys	痛
okbktu	痜
okbkls	痝
okbkfz	痞
okbkxn	痟
okbkqy	痠
okbkfu	痡
okbkli	痢
okbkvi	痣
okbkzo	痤
okbkdv	痥
okbkwu	痦
okbkua	痧
okbklc	痨
okbkhr	痪
okbkxm	痫
okbkyi	痬
okbkpg	痭
okbkih	痮
okbkgr	痯
okbkyj	痰
okbkfw	痱
okbklb	痳
okbkvi	痴
okbkji	痵
okbkdm	痶
okbkyj	痷
okbkvi	痸
okbkbi	痹
okbkbw	痺
okbkhy	痻
okbkgu	痼
okbkvv	痽
okbkaa	痾
okbkww	痿
okbkyu	瘀
okbkzu	瘁
okbkya	瘂
okbkxi	瘄
okbkdj	瘅
okbkcj	瘆
okbkvs	瘇
okbkqi	瘈
okbkyu	瘉
okbkhz	瘊
okbkfg	瘋
okbkci	瘌
okbkyh	瘍
okbkuf	瘎
okbkve	瘏
okbkyu	瘐
okbkgo	瘑
okbkjy	瘒
okbkhr	瘓
okbkku	瘔
okbkxx	瘕
okbkyb	瘖
okbklz	瘘
okbkzc	瘙
okbkxi	瘜
okbkwf	瘟
okbkji	瘠
okbkch	瘡
okbkbj	瘢
okbkgv	瘣
okbklq	瘤
okbkia	瘥
okbksz	瘦
okbknt	瘧
okbkvf	瘨
okbknj	瘫
okbkvh	瘬
okbkpn	瘭
okbkcj	瘮
okbkzu	瘯
okbklw	瘰
okbkcs	瘲
okbkvh	瘴
okbkji	瘵
okbkii	瘷
okbkdn	瘹
okbklz	瘻
okbkmo	瘼
okbkjb	瘽
okbkyb	瘾
okbkyk	瘿
okbkhl	癀
okbkfu	癁
okbkln	療
okbkls	癃
okbkjn	癄
okbklc	癆
okbkxm	癇
okbkfa	癈
okbkdj	癉
okbkyb	癊
okbkee	癋
okbkbj	癍
okbkjm	癎
okbkhv	癐
okbkns	癑
okbkyu	癒
okbkww	癓
okbkyi	癔
okbkys	癕
okbkpi	癖
okbklw	癗
okbkwj	癘
okbkuu	癙
okbkvj	癚
okbkdm	癜
okbkld	癞
okbkqi	癠
okbkyi	癡
okbkyh	癢
okbkxm	癣
okbkjp	癤
okbkvg	癥
okbkmo	癦
okbkli	癧
okbkho	癨
okbkld	癩
okbkji	癪
okbkdm	癫
okbkxm	癬
okbkyk	癭
okbkyb	癮
okbkqu	癯
okbknj	癱
okbkdm	癲
okbklw	癳
okdggj	癷
okdgtm	癸
okdguu	癹
okdgdz	登
okppri	白
okhgbd	百
okbdve	癿
okbdbi	皀
okbdui	皁
okbdqi	皂
okbder	皃
okbduc	的
okbdba	皅
okbibd	皆
okbdwh	皇
okbdfj	皈
okbdci	皉
okbdlk	皊
okbdbf	皋
okbdmo	皌
okbdjn	皎
okbdbk	皏
okbdqi	皑
okbdwo	皒
okbdgc	皓
okbdhj	皔
okbdbd	皕
okbdwj	皖
okbdvz	皗
okbdqk	皘
okxibd	皙
okbdqi	皚
okbdgc	皜
okhlgl	皝
okbdgc	皞
okbdze	皟
okbdcv	皠
okbdyc	皢
okbdhx	皣
okbdfj	皤
okbdjn	皦
okbdai	皧
okhlhl	皩
okbdle	皪
okbdho	皬
okbdjt	皭
okpigj	皯
okpibc	皰
okiupi	皱
okjypi	皲
okqqpi	皳
okqypi	皴
okxipi	皵
okiapi	皶
okjypi	皸
okpijy	皹
okyipi	皼
okdjpi	皽
okmdpi	皾
okbumb	盀
okndmb	盁
okyumb	盂
okbumb	盃
okdnmb	盄
okvsmb	盅
okffmb	盆
oktdmb	盇
okhemb	盉
okbamb	盋
okwjmb	盌
okqumb	盍
okyhmb	盎
okjmmb	盏
okhemb	盒
okhvmb	盔
okyhmb	盖
okcimb	盗
okvzmb	盘
okfumb	盙
okqqmb	盚
okigmb	盛
oklumb	盝
okmkmb	盟
oktrmb	盠
okbjmb	盤
okxumb	盨
okthmb	盪
okkler	目
okmudk	盯
okmugj	盰
okmuyu	盱
okwhmu	盲
okmuwh	盳
okuiqp	直
okmuqi	盵
okmuyr	盶
okmuyy	盷
okmumu	相
okmuty	盹
okmujb	盺
okmuxi	盻
okmuff	盼
okmufg	盽
okmuwf	盿
okmuyt	眀
okucmu	省
okmuui	眂
okmuyy	眃
okmumm	眄
okmufj	眅
okmufh	眆
okmuuc	眇
okmuyb	眈
okmumc	眊
okuzmu	看
okmuqu	眍
okmuui	眎
okmuyh	眏
okmuvg	眐
okmuyz	眑
okmuuf	眒
okmuyt	眓
okmuvf	眕
okmuxs	眖
okmuju	眗
okmutd	眙
okugmu	眚
okmuww	眛
okmumo	眜
okmunk	眝
okuiju	真
okmumb	眠
okmudi	眡
okwjmu	眢
okmuui	眣
okmuni	眤
okcimu	眥
okmuci	眦
okmuvc	眧
okmufj	眨
okmuxr	眩
okmubk	眪
okmubj	眫
okmuls	眬
okmugv	眭
okmuts	眮
okmumi	眯
okmuvi	眰
okmuyi	眱
okmuer	眲
okmumk	眳
okmuxy	眴
okmudo	眵
okmukl	眶
okjrmu	眷
okmumz	眸
okmugr	眹
okmuvc	眺
okmuyh	眻
okmugf	眼
okmupd	眽
okmuys	眿
okyhmu	着
okmuvg	睁
okmuqy	睃
okmuxn	睄
okmuhj	睅
okmuwj	睆
okmudi	睇
okmuig	睈
okmuzo	睉
okmuyr	睊
okmuwo	睋
okmumm	睌
okmujm	睍
okmuxi	睎
okmuky	睏
okmuld	睐
okmuqm	睑
okmuyj	睒
okmudm	睓
okmuly	睔
okmuwj	睕
okmulk	睖
okmuyi	睗
okmuli	睙
okmuqk	睛
okmuvg	睜
okmuld	睞
okmuzu	睟
okmujr	睠
okmuiv	睡
okmuvv	睢
okuumu	督
okmubi	睤
okmubw	睥
okmulu	睦
okmuhy	睧
okmuer	睨
okmulu	睩
oksixk	睪
okmujp	睫
okmucd	睬
okmuvz	睭
okmuyu	睮
okmuro	睰
okmuxx	睱
okmuxk	睲
okmukv	睳
okmujy	睴
okmuzd	睵
okmuiy	睶
okmujm	睷
okmumw	睸
okmuve	睹
okmuhz	睺
okmuxr	睻
okmuui	睼
okmugv	睽
okdyba	瞂
okmudy	瞃
okmumn	瞄
okmuqq	瞅
okmugv	瞆
okmumi	瞇
okmuwg	瞈
okmuth	瞊
okmuvf	瞋
okmuhe	瞌
okmusz	瞍
okmuhd	瞎
okmumk	瞑
okmuxy	瞓
okmuze	瞔
okmuvh	瞕
okmunn	瞗
okmuqu	瞘
okmumo	瞙
okmuyb	瞚
okmucs	瞛
okmulz	瞜
okmuli	瞝
okmumj	瞞
okmupn	瞟
okmuth	瞠
okmugv	瞡
okmuhr	瞣
okbimu	瞥
okmuxi	瞦
okmujn	瞧
okmuuu	瞩
okmudg	瞪
okmutj	瞫
okmuuy	瞬
okmuln	瞭
okmuxm	瞯
okmugj	瞰
okmuhx	瞱
okmuts	瞳
okmuwu	瞴
okmulb	瞵
okmugv	瞶
okmujm	瞷
okmuye	瞸
okmuai	瞹
okmuhv	瞺
okmuvj	瞻
okmuqm	瞼
okgumu	瞽
okmuww	矀
okmuiz	矁
okmuzc	矂
okmunk	矃
okmuxy	矄
okmuvd	矅
okmuho	矆
okmumg	矇
okmubb	矉
okmumm	矊
okmuwj	矋
okmugl	矌
okmuho	矐
okmulu	矑
okmumg	矒
okmuls	矓
okmuli	矖
okmudh	矘
okmukj	矙
okmuuu	矚
okyupp	矛
okyujb	矜
okmclk	矝
okmcjs	矞
okmcxn	矟
okmcxi	矠
okmcjt	矡
okpptm	矢
oksiui	矣
okgsui	矤
okuikz	知
okuiyb	矧
okuiyc	矨
okuiju	矩
okuivz	矪
okuiqn	矫
okuizo	矬
okuidz	短
okuiww	矮
okuiqn	矯
okuizg	矰
okuiho	矱
okuidk	矴
okuidc	矵
okuiji	矶
okuizi	矷
okuigj	矸
okuiwu	矹
okuito	矺
okuiqi	矻
okuigs	矼
okuixi	矽
okuifj	矾
okuigl	矿
okuiyi	砀
okuima	码
okuiuc	砂
okuidj	砃
okuigk	砄
okuiuv	砅
okuifu	砆
okuiwf	砇
okuiee	砈
okfgui	砉
okuikh	砊
okuivi	砋
okuiqp	砌
okuiqm	砍
okuijp	砎
okuiff	砏
okuiji	砐
okuiya	砑
okuibi	砒
okuiuu	砓
okuikd	研
okuivr	砖
okuiie	砗
okuity	砘
okuiwa	砙
okuijm	砚
okuijb	砛
okuifg	砜
okuiqu	砝
okuimo	砞
okuiva	砟
okuiqp	砠
okuiyu	砡
okuike	砢
okuita	砣
okuidi	砥
okciui	砦
okuivj	砧
okuifu	砩
okuimu	砪
okuivu	砫
okuili	砬
okuifj	砭
oknuui	砮
okuipk	砰
okuilk	砱
okuibc	砲
okuiui	砳
okuipi	破
okuibf	砵
okuibd	砶
okuiuf	砷
okuiza	砸
okuiai	砹
okuili	砺
oklsui	砻
okuits	砼
okuiys	砽
okuile	砾
okuiiu	础
okuiqr	硂
okuivu	硃
okuigl	硄
okuigv	硅
okuihe	硆
okuixb	硇
okuiji	硈
okuiyu	硉
okuiww	硊
okuihd	硋
okuige	硌
okuigf	硍
okuixk	硎
okuits	硐
okuibk	硑
okuixi	硒
okuilc	硓
okuigs	硔
okuiye	硕
okuijx	硖
okuiyc	硗
okuihv	硘
okuiqi	硙
okuiqn	硚
okuiyi	硛
okuijk	硜
okuixn	硝
okuigc	硞
okuiyj	硟
okuill	硠
okuihs	硡
okuiyu	硢
okuixn	硣
okuijx	硤
okuils	硥
okuins	硦
okuiys	硧
okuiie	硨
okveui	硩
okuiwo	硪
okuilq	硫
okuigg	硬
okuimh	硭
okuijn	确
okuijm	硯
okuaui	硰
okuiky	硱
okuigu	硲
okuiii	硳
okuihx	硴
okuilu	硵
okuicf	硶
okuiqm	硷
okuian	硸
okuiss	硹
okuipg	硼
okuiyj	硽
okuiiv	硾
okuiks	硿
okuivg	碀
okqiui	碁
okuizs	碂
okuiqk	碃
okuilb	碄
okboui	碆
okuidk	碇
okuihy	碈
okuivz	碉
okuilu	碌
okuide	碍
okuizu	碎
okuixi	碏
okuilk	碐
okuibw	碑
okuijb	碒
okuivv	碓
okuiwu	碔
okuiqi	碕
okuily	碖
okuiwj	碗
okuidm	碘
okuigh	碙
okuipz	碚
okuize	碛
okuicj	碜
okpbui	碞
okuiye	碟
okuitk	碠
okuidu	碡
okuigo	碢
okuihe	碣
okuiyk	碤
okuibm	碥
okuike	碦
okuiww	碨
okuiye	碩
okuiuf	碪
okuidr	碫
okuixx	碬
okuiyh	碭
okuiui	碮
okuibk	碰
okuixm	碱
okuidi	碲
okuitj	碳
okuiia	碴
okuivf	碵
okuiqi	碶
okuidy	碷
okuifg	碸
okuixr	碹
okuihe	確
okuigc	碻
okuima	碼
okuigs	碽
okuivj	碾
okuixp	碿
okuini	磀
okuizi	磁
okuilq	磂
okuisi	磃
okuith	磄
okuiph	磅
okuigu	磆
okuigv	磈
okuish	磉
okuiia	磋
okuivf	磌
okuihd	磍
okuixi	磎
okuijm	磏
okbjui	磐
okuiqi	磑
okuiyr	磒
okuivv	磓
okuijp	磔
okuihe	磕
okuixi	磖
okuivr	磗
okuiyc	磘
okuivr	磚
okvjui	磛
okuiji	磜
okuiao	磝
okuibg	磞
okuilu	磠
okuikj	磡
okuiul	磢
okuicj	磣
okuiyb	磤
okuilw	磥
okuipn	磦
okuize	磧
okmaui	磨
okuiqi	磩
okuicv	磪
okuics	磫
okuily	磮
okuiji	磯
okuiuj	磰
okuilc	磱
okuiqu	磲
okuizg	磳
okuidg	磴
okuijm	磵
okuilb	磷
okuidm	磸
okuitj	磹
okuihl	磺
okuifj	磻
okuiji	磼
okuiyc	磽
okuidj	磾
okuixm	礀
okuijn	礁
okuixi	礂
okuivh	礃
okuiqn	礄
okuidy	礅
okuiqm	礆
okuiao	礇
okuisv	礈
okuijn	礉
okuilw	礌
okuige	礍
okuiiu	礎
okuiye	礏
okuidh	礑
okuiyi	礒
okuijl	礓
okuipi	礔
okpiui	礕
okuiyu	礖
okuibb	礗
okuiyi	礙
okuijm	礛
okyuui	礜
okuixu	礝
okuimg	礞
okuici	礠
okuiyh	礢
okuimp	礣
okuicd	礤
okuixm	礥
okuigl	礦
okuivi	礩
okuiwj	礪
okuile	礫
okfjui	礬
okuiho	礭
okuiyk	礯
okuili	礰
oklsui	礱
okuils	礲
okuimo	礳
okuibo	礴
okuiul	礵
okuilj	礷
okuizj	礸
okuiyj	礹
okerxn	示
okppve	礼
okppnd	礽
okpptu	社
okppuc	礿
okppsi	祀
okpper	祁
okppye	祂
okppma	祃
okppjp	祄
okppyc	祅
okppyc	祆
okppui	祇
okppjb	祈
okppvi	祉
okppfh	祊
okppuu	祋
okppvs	祌
okpprf	祍
okppww	祎
okppui	祏
okppyz	祐
okppui	祑
okppvc	祒
okppba	祓
okppfu	祔
okppbi	祕
okppqp	祖
okppdi	祗
okuiui	祘
okppww	祙
okppva	祚
okppqu	祛
okppgu	祜
okppxs	祝
okppuf	神
okiuui	祟
okppsi	祠
okciui	祡
okpper	祢
okppyu	祤
okppyh	祥
okppwu	祦
okppvc	祧
okxiui	票
okppvu	祩
okppww	祪
okpphe	祫
okppvi	祬
okppji	祮
okppvf	祯
okppgc	祰
okppdv	祱
okppif	祳
okppjp	祴
okppky	祵
okppdi	祶
okppuz	祷
okppgo	祸
okppqi	祺
okppgu	祻
okppgo	祼
okppzu	祽
okpplk	祾
okpplu	祿
oklbui	禁
okppvz	禂
okppvi	禃
okpplu	禄
okppdj	禅
okuibw	禆
okppve	禇
okppjy	禈
okppqq	禉
okppqi	禊
okppzi	禌
okppgo	禍
okppvf	禎
okppfu	福
okppyr	禐
okppyu	禑
okpptr	禒
okppyh	禓
okppui	禔
okppww	禕
okppmz	禖
okppsi	禗
okppdi	禘
okppbw	禙
okppgc	禚
okppvf	禛
okppgc	禞
okppth	禟
okppsi	禠
okppma	禡
okppvr	禣
okppji	禥
okyuui	禦
okppxi	禧
okppji	禨
okppdj	禪
okpptj	禫
okpphv	禬
okuisv	禭
okppns	禯
okpper	禰
okppuz	禱
okppwj	禲
okppxl	禳
okpply	禴
okppti	禵
okppzj	禶
okpplw	禷
okklsi	禸
okrfli	禽
okppmu	禾
okheer	禿
okhend	秀
okhesi	私
okherf	秂
okheji	秃
okhezi	秄
okheto	秅
okhegj	秆
okhewj	秇
okheuj	秈
okhext	秉
okheqm	秊
okheho	秋
okhohe	秌
okhevs	种
okheff	秎
okhemc	秏
okheyy	秐
okhedz	科
okheuc	秒
okhevi	秓
okhekh	秔
okhebi	秕
okheui	秖
okheyc	秗
okhebi	秘
okhegu	秙
okhebj	秚
okhepi	秛
okheni	秜
okhehe	秝
okheyz	秞
okheqp	租
okhepi	秠
okheba	秡
okhelk	秢
okhemo	秣
okhepk	秤
okhevj	秥
okiyhe	秦
okheyh	秧
okheva	秨
okheui	秩
okhedi	秪
okheuu	秫
okheju	秬
okhezi	秭
okhetd	秮
okhevi	积
okheer	称
okhets	秱
okhesi	秲
okheue	秳
okhehe	秴
okheyb	秵
okcihe	秶
okhevi	秷
okheji	秸
okherf	秹
okhevd	秺
okhedo	移
okhevu	秼
okhesv	秽
okhens	秾
okhefu	秿
okhexi	稀
okhell	稂
okhefu	稃
okheqy	稄
okhedv	稅
okhelv	稆
okheky	稇
okhehj	稈
okhegg	稉
okhedi	稊
okheig	程
okheyu	稌
okhexn	稍
okhedv	税
okheya	稏
okhely	稐
okhelu	稑
okhegu	稒
okhexi	稓
okhenm	稔
okhexl	稕
okhepz	稖
okhebw	稗
okheqi	稘
okhevi	稙
okhevv	稚
okhelk	稜
okhepg	稝
okhego	稞
okhevz	稠
okhezu	稡
okheho	稢
okyuhe	稣
okhejk	稤
okheww	稦
okheqi	稧
okhebm	稨
okheww	稩
okhefu	稪
okhefu	稫
okhejp	稭
okhevs	種
okhexu	稰
okheji	稳
okhejm	稴
okhezi	稵
okheyu	稶
okhexu	稸
okhevf	稹
okheyc	稻
okhejx	稼
okgche	稾
okhegc	稿
okhers	穁
okhers	穃
okheji	穄
okhekh	穅
okhecj	穇
okmahe	穈
okhexi	穉
okheji	穊
okyuhe	穌
okheze	積
okhese	穑
okhenn	穒
okhehl	穔
okheji	穕
okheji	穖
okhehv	穗
okheyc	穘
okheqn	穚
okhejn	穛
okhets	穜
okhezv	穝
okhelu	穞
okhesv	穟
okhens	穠
okhese	穡
okhesv	穢
okhexu	穤
okheyu	穥
okhebb	穦
okheqi	穧
oktugv	穨
okheer	穪
okheho	穫
okhegl	穬
okhelu	穭
okhexl	穰
okhejt	穱
okheli	穲
okhezj	穳
okbcba	穴
okxtyi	穵
okxtjq	究
okxtli	穷
okxtxi	穸
okxtgs	穹
okxtgs	空
okxtyu	穻
okxtmu	穼
okxtjk	穽
okxtyc	穾
okxtya	穿
okxtty	窀
okxtqr	突
okxtnq	窂
okxtqp	窃
okxtva	窄
okxtmu	窅
okxtfj	窆
okxtbc	窇
okxtyz	窈
okxtbk	窉
okxtgx	窊
okxtiu	窋
okxtmc	窌
okxtqn	窍
okxtnn	窎
okxtgv	窐
okxtfz	窑
okxtvi	窒
okxtjn	窔
okxtvc	窕
okxtgc	窖
okxtcs	窗
okxtjy	窘
okxtxn	窙
okxtig	窚
okxtir	窜
okxtgo	窝
okxtqu	窟
okxtgo	窠
okxtvo	窡
okxtho	窢
okxtzu	窣
okxtky	窤
okxtgv	窥
okxtmd	窦
okxtvo	窧
okxtyb	窨
okxtgo	窩
okxtwa	窪
okxtqi	窫
okxtyu	窬
okxtlz	窭
okxtgs	窮
okxtgc	窯
okxtyc	窰
okxttn	窱
okxtln	窲
okxtvf	窴
okxtnn	窵
okxtlz	窶
okxtln	窷
okxtxi	窸
okxtgv	窺
okilxb	窻
okxtic	窼
okxtkr	窾
okxtls	窿
okxtqn	竁
okxtln	竂
okxtuu	竄
okxtjn	竅
okxtmd	竇
okxtls	竉
okwfqm	立
okliji	竌
okliui	竍
oklicc	竎
okliqm	竏
okliuu	竐
okligs	竑
oklimc	竓
okliug	竔
okliff	竕
okliuc	竗
okliju	竘
oklivj	站
oklink	竚
oklilk	竛
oklidm	竜
oklili	竝
oklixs	竞
okyber	竟
oklizc	章
oklibd	竡
okliyi	竢
okliqy	竣
oklihs	竤
oklili	童
okliuu	竦
okliuf	竧
oklivo	竨
okliyi	竩
oklivg	竫
okliyu	竬
oklihe	竭
oklipk	竮
oklidr	端
oklili	竰
oklivr	竱
oklizg	竲
oklidg	竳
oklizy	竴
okjkjk	競
okjkjk	竸
okgege	竹
okvuer	竺
okvuli	竻
okvufj	竼
okvuyu	竽
okvuye	竾
okvugj	竿
okvuwh	笀
okvugs	笁
okvuwj	笂
okvuma	笃
okvukd	笄
okvuyc	笅
okvuba	笆
okvubm	笇
okvuji	笈
okvuyy	笉
okvuvx	笊
okvuyb	笋
okvuya	笌
okvunw	笍
okvuyr	笎
okvuwu	笏
okvukh	笐
okvuyc	笑
okvujb	笒
okvubi	笓
okvumc	笔
okvujm	笕
okvuyi	笖
okvuds	笗
okvuvj	笘
okvuug	笙
okvujx	笚
okvuyz	笛
okvuiu	笜
okvutd	笞
okvugx	笟
okvuli	笠
okvuqp	笡
okvumb	笢
okvubc	笣
okvuvc	笤
okvusi	笥
okvufu	符
okvuce	笧
okvubf	笨
okvudd	笩
okvudj	笪
okvuzi	笫
okvudn	第
okvulk	笭
okvuva	笮
okvunu	笯
okvufu	笰
okvuju	笱
okvubm	笲
okvujx	笳
okvuke	笴
okvuui	笶
okvumc	笷
okvuui	笹
okvujm	笺
okvuls	笼
okvumb	笽
okvubm	笾
okvuge	笿
okvugv	筀
okvuqu	筁
okvuii	筂
okvuyb	筃
okvuvc	筄
okvuxm	筅
okvuyu	筆
okvuqs	筇
okvuue	筈
okvusi	等
okvujn	筊
okvule	筋
okvuqr	筌
okvuxy	筍
okvuru	筎
okvufa	筏
okvukl	筐
okvugs	筑
okvuts	筒
okvuhe	答
okvuxk	筕
okvuci	策
okvuvs	筗
okvukz	筘
okvulw	筙
okvubi	筚
okvuui	筛
okvudh	筜
okvuvg	筝
okvuss	筞
okvufu	筟
okvujy	筠
okvuyu	筡
okvuba	筢
okvuli	筣
okvull	筤
okvulv	筥
okvuwj	筦
okvujm	筧
okvuhj	筨
okvuys	筩
okvuxx	筪
okvubw	筫
okvuig	筬
okvuns	筭
okvuwu	筮
okvuvu	筯
okvuzo	筰
okvuyz	筱
okvuxn	筲
okvutk	筳
okvujx	筴
okvuyj	筵
okvugc	筶
okvukk	筷
okvuhj	筸
okvuuz	筹
okvugg	筻
okvuyr	筼
okvuwu	筽
okvuqm	签
okvutn	筿
okvujm	简
okvupz	箁
okvuld	箂
okvuqu	箃
okvubw	箄
okvubi	箅
okvugu	箇
okvuvi	箈
okvugk	箉
okvuyu	箊
okvudc	箌
okvuhu	箎
okvuvg	箏
okvuqk	箐
okvujp	箑
okvuvz	箒
okvulu	箓
okvubo	箔
okvuqi	箕
okvulb	箖
okvufu	箙
okvugu	箛
okvuks	箜
okvujr	箞
okvuky	箟
okvuiv	箠
okvugr	管
okvuwj	箢
okvuci	箣
okvuzu	箤
okvubo	箥
okvuze	箦
okvuze	箨
okvulo	箩
okvudj	箪
okvusu	箫
okvuro	箬
okvuqm	箭
okvuxr	箮
okvubm	箯
oksyzi	箰
okvuxl	箱
okvuxi	箲
okvupk	箳
okvuxm	箴
okvuug	箵
okvuhu	箶
okvuui	箷
okvuve	箸
okvuyt	箹
okvuiy	箺
okvulv	箻
okvuwu	箼
okvuvs	箽
okvuxt	箾
okvuji	節
okvuhl	篁
okvuxk	篂
okvumw	篃
okvudr	篅
okvutr	篆
okvubm	篇
okvufg	篈
okvumu	築
okvuhs	篊
okvuhz	篌
okvuqq	篍
okvumn	篎
okvugv	篑
okvuui	篒
okvulz	篓
okvuyr	篔
okvuhe	篕
okvuth	篖
okvuvi	篗
okvuiu	篘
okvugc	篙
okvufw	篚
okvuro	篛
okvuvg	篜
okvugz	篝
okvunp	篞
okvuqm	篟
okvutn	篠
okvugs	篢
okvuph	篣
okvuma	篤
okvusu	篥
okvuhe	篧
okvuiu	篨
okvuui	篩
okvusi	篪
okvuuz	篫
okvuch	篬
okvujm	篮
okvuqm	篯
okvubu	篰
okvuli	篱
okvuhv	篲
okvubi	篳
okvuvu	篴
okvucs	篵
okvuyj	篶
okvufg	篷
okvucj	篸
okvubw	篺
okvupn	篻
okvudz	篼
okvuyu	篽
okvuvr	篿
okvuze	簀
okvuxi	簁
okvugo	簂
okvuyi	簃
okvuhu	簄
okvuij	簅
okvukz	簆
okvuzu	簇
okvuzc	簉
okvuji	簊
okvulz	簍
okvuco	簎
okvulu	簏
okvurr	簐
okvuuk	簑
okvuuk	簔
okvule	簕
okvudr	簖
okvull	簗
okvubo	簙
okvusi	簛
okvuth	簜
okvuln	簝
okvudj	簞
okvutj	簟
okvujm	簡
okvumb	簢
okvugv	簣
okvumd	簤
okvuqn	簥
okvudg	簦
okvuhl	簧
okvuxy	簨
okvulc	簩
okvusu	簫
okvulu	簬
okvuti	簮
okvuqi	簯
okvupd	簰
okvupi	簲
okvugj	簳
okvulu	簶
okvuvj	簷
okvudh	簹
okvuse	簺
okvugo	簻
okvuqm	簽
okvulm	簾
okvufu	簿
okvuld	籁
okvujm	籃
okvukv	籄
okvuyu	籅
okvuho	籆
okvuhc	籇
okvuvf	籈
okvutd	籉
okvuvd	籊
okvuer	籋
okvuuz	籌
okvuyi	籎
okvuqi	籏
okvutg	籐
okvupj	籓
okvuuu	籔
okvulq	籕
okvuho	籗
okvutg	籘
okvulu	籚
okvuqm	籛
okvuze	籜
okvuld	籟
okvuls	籠
okvujm	籡
okvulm	籢
okvulj	籣
okvuly	籥
okvuvs	籦
okvulm	籨
okvubm	籩
okvudr	籪
okvuzj	籫
okvuli	籬
okvuli	籭
okvulo	籮
okvuyk	籯
okvujt	籰
okbamu	米
okrumi	籴
okmiui	籵
okmiji	籶
okmito	籷
okmixy	籸
okminv	籹
okmiqi	籺
okmida	类
okmiuj	籼
okmizi	籽
okmirf	籾
okmicy	籿
okmivh	粀
okmiqm	粁
okjqmi	粂
okmibi	粃
okmifj	粄
okmiwu	粅
okmiuc	粆
okmikh	粇
okmiiz	粈
okmiff	粉
okbimi	粊
okmiyb	粌
okmimc	粍
okmiii	粎
okmitd	粏
okmihu	粐
okmiba	粑
okmili	粒
okmigj	粓
okmiju	粔
okmibd	粕
okmimo	粖
okmiqp	粗
okmivj	粘
okmiyz	粙
okiumi	粜
okmuli	粝
okmixi	粞
okximi	粟
okmigs	粠
okmits	粡
okcimi	粢
okmice	粣
okmiir	粦
okmivl	粧
okmibd	粨
okmilc	粩
okmigs	粪
okmier	粫
okmiqu	粬
okmihe	粭
okmill	粮
okmijm	粯
okmifu	粰
okmigg	粳
okmili	粴
okmilu	粶
okmiqi	粸
okmizu	粹
okmibw	粺
okmiih	粻
okmizs	粽
okmiqk	精
okmigo	粿
okmihx	糀
okmicj	糁
okmiuf	糂
okmiyh	糃
okmibm	糄
okmirz	糅
okmimm	糆
okmihz	糇
okmixu	糈
okmihu	糊
okmiqm	糋
okmizi	糍
okmili	糎
okmixp	糏
okmivr	糐
okmiro	糑
okmizc	糔
okmigc	糕
okmith	糖
okmiiz	糗
okmijx	糘
okmizc	糙
okmivl	糚
okmith	糛
okmami	糜
okmicj	糝
okmicc	糟
okmikh	糠
okmijk	糡
okmimo	糢
okmisj	糤
okmixi	糦
okmill	糧
okmiql	糨
okmihv	糩
okpimi	糪
okmiuu	糬
okmijm	糮
okmixu	糯
okmitr	糰
okmiwj	糲
okxtmi	糵
okycxn	糸
oksijq	纠
oksiyu	纡
oksigs	红
oksicy	纣
oksiqm	纤
oksiqi	纥
oksiuc	约
oksiji	级
oksiwj	纨
oksigl	纩
oksiji	纪
oksirf	纫
oksiww	纬
oksiyy	纭
oksigs	纮
oksity	纯
oksibi	纰
oksiuc	纱
oksigh	纲
oksinw	纳
oksirf	纴
oksics	纵
oksily	纶
oksiff	纷
oksiui	纸
okwfwf	纹
oksifh	纺
oksiyb	纼
oksiiz	纽
oksiyu	纾
oksijm	线
oksigj	绀
oksiui	绁
oksiba	绂
oksiqp	组
oksiuf	绅
oksitm	细
oksivi	织
oksids	终
oksiiu	绉
oksibj	绊
oksifu	绋
oksiiu	绌
oksivc	绍
oksitd	绐
oksibh	绑
oksirs	绒
oksiji	结
oksikx	绔
oksiyc	绕
oksivi	绖
oksixk	绗
oksihv	绘
oksihe	给
oksixy	绚
oksijl	绛
oksige	络
oksise	绝
oksijn	绞
oksiis	统
oksigg	绠
oksixn	绡
oksiyr	罥
oksiyr	瞏
oksiyr	绢
oksixq	绣
oksigu	绤
oksitn	绦
oksidi	绨
oksize	绩
oksive	绪
oksilk	绫
oksiyk	绬
oksimd	续
oksiqi	绮
oksifw	绯
oksivo	绰
oksiuh	绱
oksiky	绲
oksimm	绳
oksivv	维
oksibo	绵
oksiuz	绶
oksipg	绷
oksivz	绸
oksijq	绺
oksijr	绻
oksizs	综
oksidk	绽
oksigr	绾
oksilu	绿
oksivo	缀
oksige	缂
oksixl	缃
oksixm	缄
oksimm	缅
oksilj	缆
oksiui	缇
oksimn	缈
oksiwf	缊
oksigv	缋
oksisi	缌
oksiiv	缍
oksidr	缎
oksibm	缏
oksiqr	缐
oksihz	缑
oksivv	缒
oksiyr	缓
oksidi	缔
oksilz	缕
oksibm	编
oksitr	缘
oksijb	缙
oksiru	缛
oksivf	缜
oksifg	缝
oksiuk	缞
oksigc	缟
oksili	缡
oksiyi	缢
oksijm	缣
oksibb	缤
oksipn	缥
oksimj	缦
oksilw	缧
oksiyk	缨
oksisu	缩
okjpye	缬
oksiln	缭
oksiuj	缮
oksizg	缯
oksijl	缰
oksiqm	缱
oksizc	缲
oksijn	缴
oksizj	缵
oksive	糺
okppsi	系
oksili	糼
oksidk	糽
oksijq	糾
oksidc	糿
oksiji	紀
oksiia	紁
oksicy	紂
oksiir	紃
oksiuc	約
oksigs	紅
oksiyu	紆
oksiqi	紇
oksiwj	紈
oksirf	紉
okwfsi	紊
oksiwf	紋
oksiyz	紌
oksinw	納
oksiqr	紎
oksidz	紏
oksiiz	紐
oksibu	紑
oksijp	紒
oksiyu	紓
oksity	純
oksibi	紕
oksiyb	紖
oksiuc	紗
oksigs	紘
oksiui	紙
oksiji	級
oksiff	紛
oksiyy	紜
oksirf	紝
oksiyb	紞
oksijb	紟
okfgsi	素
oksifh	紡
oksijb	紤
okvasi	紥
oksiba	紦
oksifu	紨
oksiui	紩
oksici	紪
okcisi	紫
oksiyz	紬
oksihs	紭
okvasi	紮
oktmsi	累
oksitm	細
oksiba	紱
oksiui	紲
oksiuf	紳
oksipi	紴
oksink	紵
oksiqu	紶
oksilk	紷
oksivu	紸
oksivc	紹
oksigj	紺
oksiyh	紻
oksifu	紼
oksita	紽
oksivf	紾
oksitd	紿
oksiiu	絀
oksids	終
oksixr	絃
oksiqp	組
oksijs	絅
oksibj	絆
oksiju	絇
oksibd	絈
oksiuu	絉
oksibf	絊
oksiug	経
oksirf	絍
oksixk	絎
oksiyi	絏
oksiji	結
oksivu	絑
oksivz	絒
oksigv	絓
oksibd	絔
oksigl	絖
oksihv	絗
oksici	絘
oksigf	絙
oksikx	絝
oksijn	絞
oksiqr	絟
oksiyz	絠
oksige	絡
oksixy	絢
oksibk	絣
oksixi	絤
oksifu	絥
oksihe	給
oksits	絧
oksirs	絨
oksivc	絩
oksiyb	絪
oklwsi	絫
oksiue	絬
okjrsi	絭
okrusi	絮
oksihd	絯
oksivi	絰
oksiis	統
oksisi	絲
oksijl	絳
oksiyh	絴
oksihv	絵
oksise	絶
okvisi	絷
oksijm	絸
oksiyr	絹
oksixi	絺
oksimm	絻
oksivi	絼
oksilv	絽
oksiig	絾
oksiqq	絿
oksiuu	綀
oksibh	綁
oksixn	綃
oksiwj	綄
oksigg	綆
oksiyz	綇
oksidi	綈
oksixq	綉
oksijx	綊
oksihs	綋
oksigu	綌
oksibo	綍
oksitk	綎
oksito	綏
oksidv	綐
oksiky	綑
oksifu	綒
oksijk	經
okkxxi	綔
oksivi	綕
oksiyj	綖
oksijs	綗
oksifg	綘
oksirf	綛
oksizs	綜
oksilb	綝
oksiiv	綞
oksili	綟
oksilu	綠
oksijk	綡
oksivz	綢
oksijr	綣
okucsi	綤
oksibi	綥
okqisi	綦
oksixl	綧
oksiqi	綨
oksiwj	綩
oksiqk	綪
oksiuz	綬
oksivv	維
oksigr	綰
oksigh	綱
oksiwh	網
oksipg	綳
oksivo	綴
oksicd	綵
oksigo	綶
oksizu	綷
oksily	綸
oksijq	綹
oksiqi	綺
oksidk	綻
oksibw	綼
oksivo	綽
oksilk	綾
oksibo	綿
oksiqi	緀
oksijp	緁
oksiyj	緂
oksiky	緄
oksiqu	緅
oksiyi	緆
oksixk	緈
oksill	緉
oksifw	緋
oksiww	緌
oksihy	緍
oksiho	緎
okmwxi	緐
oksilu	緑
oksive	緒
oksiyk	緓
oksiuh	緔
oksixl	緗
oksixm	緘
oksige	緙
oksiqr	線
okboxi	緜
oksidr	緞
oksivs	緟
oksidi	締
oksimn	緢
oksitr	緣
oksiye	緤
oksibc	緥
oksisi	緦
oksiqq	緧
oksibm	編
oksiyr	緩
oksihg	緪
oksimm	緬
oksiww	緭
oksifu	緮
oksiww	緯
oksiyu	緰
oksihz	緱
oksimn	緲
okgljp	緳
oksijm	練
oksibm	緶
oksijy	緷
oksiui	緹
oksigo	緺
oksivi	緻
oksiwf	緼
oksivf	緽
oksili	緾
oksidd	緿
oksixx	縀
oksizs	縂
oksixu	縃
oksiww	縅
oksihg	縆
oksixr	縇
oksijb	縉
oksiyi	縊
oksivv	縋
oksini	縌
oksiph	縍
oksigu	縎
okbjsi	縏
oksiiu	縐
oksijm	縑
oksiia	縒
oksiyr	縓
oksish	縔
oksiwf	縕
oksihd	縖
oksiuk	縗
oksixi	縘
oksirs	縙
oksiyc	縚
oksivr	縛
oksiyr	縜
oksivf	縝
oksigc	縞
oksiru	縟
oksizd	縡
okxmxi	縣
oksisu	縤
oksiqb	縥
oksitn	縧
oksihl	縨
oksiji	縩
oksibi	縪
oksifg	縫
oksiqi	縬
oksili	縭
oksisu	縮
oksiyb	縯
oksixi	縰
oksics	縱
oksilw	縲
oksivr	縳
oksiqm	縴
oksimj	縵
okvisi	縶
oksilz	縷
oksimo	縸
oksipn	縹
oksilm	縺
okmasi	縻
oksixr	縼
oksize	績
oksicj	縿
oksicv	繀
okmbsi	繁
oksilv	繂
oksibg	繃
oksiic	繅
oksiql	繈
oksirj	繎
oksixy	繏
oksihv	繐
oksiqn	繑
oksizg	繒
oksizv	繓
oksiuj	繕
oksisj	繖
oksilb	繗
oksifj	繙
oksiln	繚
oksuvo	繛
oksizy	繜
oksixm	繝
oksiyc	繞
oksidj	繟
okrvsi	繠
oksisu	繡
oksigv	繢
oksihx	繣
oksixi	繥
oksiql	繦
oksiyy	繧
oksida	繨
oksimm	繩
oksihv	繪
oksise	繬
oksijl	繮
oksizc	繰
oksics	繱
oksijp	繲
oksijn	繳
okpisi	繴
oksidj	繵
oksiyi	繶
oksins	繷
oksisv	繸
oksiua	繺
oksixu	繻
oksibb	繽
oksiqm	繾
oksijm	繿
oksipu	纀
oksixy	纁
oksiqi	纃
oksipg	纄
oksile	纅
oksimo	纆
oksigl	纊
oksiyz	纋
oksimd	續
okjnye	纐
oksilu	纑
oksiyk	纓
oksixl	纕
oksizj	纘
oksilo	纙
oksili	纚
oksilj	纜
oksilw	纝
oksilm	纞
okwukl	缶
okfzer	缷
okfzgs	缸
okfzho	缹
okfzgk	缺
okfzwa	缻
okfzqm	缼
okfzbf	缽
okfzbk	缾
okfzhz	缿
okfzvc	罀
okfzgh	罁
okfzgr	罆
okfzzy	罇
okfztj	罈
okfzvh	罉
okysfz	罋
okfztj	罎
okfzlu	罏
okklia	罓
oksixi	罗
oksibu	罘
oksigx	罛
oksivu	罜
oksiqp	罝
oksimc	罞
oksigu	罟
oksimb	罠
oksivg	罡
oksiqu	罢
oksigv	罣
oksidi	罤
oksifu	罦
oksilb	罧
oksiyj	罨
oksivo	罩
oksifw	罪
oksigx	罫
oksivo	罬
oksiho	罭
oksivi	置
oksiyb	罯
oksinj	罱
oksive	署
oksisi	罳
oksima	罵
oksilq	罶
oksing	罷
oksitc	罸
oksiww	罹
oksiic	罺
oksiww	罻
oksibi	罼
oksizg	罾
oksits	罿
oksimu	羃
oksiio	羄
oksiww	羅
oksixs	羆
okyhve	羌
okdayh	羍
okyhda	美
okyhuj	羏
okyhjq	羑
okyhff	羒
okyhba	羓
okyhho	羔
okyhys	羕
okyhuu	羖
okqlsi	羗
okytyh	羘
okyhho	羙
okyhlk	羚
okyhfu	羛
okyhnk	羜
okyhdi	羝
okyhiz	羞
okyhyi	羠
okyhci	羡
okyhrs	羢
okjyyh	羣
okjyyh	群
okyhjk	羥
okyhwj	羦
okyhqy	羧
okyhwo	義
okyhll	羪
okyhks	羫
okyhxm	羬
okyhyu	羭
okyhhe	羯
okyhtj	羰
okyhyr	羱
okyhfj	羳
okyhbf	羵
okyhdj	羶
okyhqm	羷
okgcmw	羹
okyhxu	羺
okyhqk	羻
okuiuj	羼
okxixi	羽
okyugs	羾
okyucc	羿
okyuvs	翀
okgsyu	翁
okyuff	翂
okgsyu	翃
okyuvi	翄
okviyu	翅
okyuba	翇
okjxyu	翈
okbfyu	翉
okliyu	翊
okyuli	翋
okyuli	翌
okyupi	翍
oklkyu	翎
okyuvf	翏
okyuui	翐
okyuju	翑
okyubd	習
okjiyu	翓
okyhyu	翔
okheyu	翕
okheyu	翖
okdoyu	翗
okycyu	翘
oksvyu	翙
okyujy	翚
okyujx	翜
okhsyu	翝
okyujk	翞
okyuvv	翟
okyuzu	翠
okfwyu	翡
okvzyu	翢
okyuqp	翣
okveyu	翥
okqmyu	翦
okxryu	翧
okyuui	翨
okbmyu	翩
okxiyr	翫
okyujy	翬
okyuhz	翭
okgeyu	翮
okyugc	翯
okgcyu	翱
okpnyu	翲
okyulm	翴
okyunn	翵
oklbyu	翷
okbfyu	翸
okycyu	翹
okfjyu	翻
oksvyu	翽
okuzyu	翿
okglvd	耀
oklcbi	老
oktupp	耂
oklcqn	考
oklcmc	耄
oklcri	者
oklcri	耆
oklcju	耇
oklcju	耈
okkckz	耉
oklcvi	耊
oklcvi	耋
okernv	耍
okerda	耎
okeruj	耏
okercy	耐
okujer	耑
okfgrf	耒
oklwdk	耓
oklwzi	耔
oklwjk	耕
oklwuc	耖
oklwmc	耗
oklwyy	耘
oklwba	耙
oklwpi	耚
oklwtd	耛
oklwkz	耜
oklwqp	耝
oklwjx	耞
oklwju	耟
oklwhe	耠
oklwvu	耡
oklwlc	耢
oklwly	耣
oklwxi	耤
oklwuh	耥
oklwyu	耦
oklwlz	耧
oklwru	耨
oklwgz	耩
oklwph	耪
oklwze	耫
oklwlz	耬
oklwji	耭
oklwlc	耮
oklwho	耯
oklwmo	耱
okerve	耴
okerdk	耵
okerer	耶
okdaer	耷
okcser	耸
okerjb	耹
okeryy	耺
okervi	耻
okeryb	耽
okergs	耾
okerho	耿
okerge	聀
okerff	聁
okerul	聂
okerrj	聃
okervf	聄
okerui	聅
okerlk	聆
okervg	聇
okeryz	聈
okeriu	聉
okermc	聊
oklser	聋
okervi	职
okernk	聍
okervc	聎
okerer	聏
okerji	聐
okerer	聑
okerue	聒
okgser	聓
okergr	联
okergc	聕
okerjx	聗
okerqk	聙
okerbw	聛
okerks	聜
okerho	聝
okmfer	聞
okvier	聟
okerbk	聠
okerdk	聢
okerer	聣
okertk	聤
okeryu	聥
okergv	聧
okergv	聩
okerzs	聪
okerwg	聬
okergv	聭
okaoer	聱
okcser	聳
okergv	聵
okervj	聸
okernk	聹
okerca	聺
okjmer	聻
oklser	聾
okyuer	聿
okxtuu	肀
okhuyu	肁
okddyu	肂
okihyu	肆
oknwrf	肉
okytyi	肊
okytli	肋
okytji	肌
okytjq	肍
okbcyt	肎
okrurz	肏
okytqi	肐
okytuc	肑
okytwj	肒
okwhyt	肓
okytye	肔
okytrf	肕
okxnyt	肖
okytnv	肗
okytcy	肘
okkzyt	肙
okyttu	肚
okytgs	肛
okytuj	肜
okytgj	肝
okytyi	肞
okytkv	肟
okytyi	肠
okytuu	股
okytvi	肢
okytjb	肣
okytfu	肤
okytba	肥
okytff	肦
okytbu	肧
okytfg	肨
okhuyt	肩
okytfh	肪
okytty	肫
okytyz	肬
okytnw	肭
okytkh	肮
okviyt	肯
okytqr	肰
okytgs	肱
okytwu	肳
okiayz	肴
okytjb	肵
okytbi	肶
okytqm	肷
okytxi	肹
okytui	肺
okytjk	肼
okyttd	肽
okytvs	肿
okytih	胀
okytbj	胁
okytuf	胂
oktmyt	胃
okyzyt	胄
okytui	胅
okytdj	胆
okytfu	胇
okytba	胈
okytbd	胉
okytju	胊
okytvj	胋
okbwyt	背
okytgx	胍
okyttd	胎
okytzi	胏
okytiu	胐
okytvi	胑
okytni	胒
okytpk	胓
okcirz	胔
okytfu	胕
okytbj	胖
okytvf	胗
okytxr	胘
okytva	胙
okytpi	胚
okytjx	胛
okytug	胜
okytdi	胝
okytbc	胞
okytmu	胟
okytqu	胠
okguyt	胡
okytke	胢
okpiyt	胥
okytyh	胦
okytls	胧
okytds	胨
okytka	胩
okytlu	胪
oknurz	胬
okytyb	胭
okytjl	胮
okytkx	胯
okytyi	胰
okytgl	胱
okythd	胲
okytge	胳
okytts	胴
okytvi	胵
okytjn	胶
okxsyt	胷
okytxs	胸
okyter	胹
okytan	胺
okytxk	胻
okytbk	胼
okytgv	胿
okigyt	脀
okytvc	脁
okytvi	脂
okytse	脃
okythv	脄
okytww	脆
okytpd	脈
okytys	脉
okytnm	脌
okythv	脍
okytua	脎
okytvl	脏
okytqi	脐
okytmi	脒
okytns	脓
okyirz	脔
okytmm	脕
okytbo	脖
okytwj	脘
okytqq	脙
okytqt	脚
okytjk	脛
okythg	脝
okytzo	脞
okytyj	脠
okyttk	脡
okytmw	脢
okifyt	脣
okytif	脤
okytjx	脥
okyttv	脦
okytqy	脧
okytuu	脨
okytxi	脪
okytdv	脫
okytig	脭
okytto	脮
okytfu	脯
okytdz	脰
okytdv	脱
okytnn	脲
okytfz	脴
okytwu	脵
okytgo	脶
okytli	脷
okytqm	脸
okytih	脹
okytzu	脺
okytjp	脻
okytll	脼
okytvv	脽
okytbw	脾
okytbn	脿
okytly	腀
okytgo	腂
okytjr	腃
okytiv	腄
okytyj	腅
okytdm	腆
okytww	腇
okytqk	腈
okyter	腉
okytxi	腊
okytye	腋
okytyj	腌
okytnm	腍
okytvo	腏
okfurz	腐
okytfu	腑
okytju	腒
okytfw	腓
okytks	腔
okytwj	腕
okytds	腖
okytgo	腘
okytzs	腙
okytdk	腚
okytwu	腛
okytmz	腜
okyttr	腞
okytui	腟
okytzz	腠
okytgo	腡
okytyu	腢
okytdi	腣
okytyb	腤
okytxk	腥
okytyu	腧
okytdr	腨
okytnj	腩
okytjy	腪
okytvs	腫
okytrz	腬
okytsi	腮
okytdy	腯
okytyc	腰
okytjm	腱
okytww	腲
okytqt	腳
okytyu	腴
okytxx	腵
okytdr	腶
okytfu	腷
okytyh	腸
okytfu	腹
okytqr	腺
okyter	腻
okytmm	腼
okytwf	腽
okyttv	腿
okytph	膀
okytjm	膁
okytwf	膃
okytsz	膄
okytth	膅
okytsu	膆
okytvv	膇
okytge	膈
okytyi	膉
okytji	膌
okytxi	膎
oklvrz	膐
okytbb	膑
okytqu	膒
okytlu	膔
okytgo	膕
okytfg	膖
okytcv	膗
okytpn	膘
okytql	膙
okhuww	膚
okytth	膛
okytmo	膜
okytvr	膞
okytlv	膟
okytjr	膡
okytlz	膢
okytvi	膣
okytxt	膤
okytlb	膦
okytts	膧
okytpg	膨
okyter	膩
okytln	膫
okytqn	膬
okytgv	膭
okytyc	膮
okytdg	膯
okytfj	膰
okytjn	膲
okytuj	膳
okytwu	膴
okytcv	膵
okytxl	膷
okytbf	膹
okytdj	膻
okytgo	膼
okytvj	膽
okythv	膾
okytns	膿
okdmyt	臀
okytlm	臁
okpiyt	臂
okytys	臃
okytuu	臅
okytyi	臆
okytjy	臇
okytge	臈
okytqm	臉
okytzc	臊
okdmrz	臋
okytgu	臌
okytqi	臍
okytcv	臎
okytbb	臏
okytxy	臐
okytxu	臑
okytho	臒
okytxm	臔
okxkyt	臖
okytkr	臗
okytyj	臙
okytlu	臚
okytho	臛
okytzj	臜
okytqu	臞
okytch	臟
oknjrz	臡
okytzj	臢
okifyz	臤
okifrf	臥
okifif	臦
okppmu	自
okzive	臫
okzimu	臬
okziqr	臭
okzisi	臰
oknpww	臲
okviwf	致
okvige	臵
okvicy	臶
okvivi	臸
okviig	臹
okviqb	臻
okdcjq	臽
okjqrf	臾
okqmjq	臿
okvxjq	舀
okjqcc	舁
okiyjq	舂
okjqyu	舃
okjqnj	舅
okqmkz	舌
okrfue	舍
okuejq	舏
okueui	舐
okuerj	舑
okueyu	舒
okueyi	舓
okueyj	舕
okuefu	舖
okuefu	舗
okuegr	舘
okuevj	舚
okxinq	舛
okvzdc	舠
okvzgs	舡
okvzuj	舢
okvzyi	舣
okvzfj	舤
okvzba	舥
okvztd	舦
okvzfj	舨
okvzgs	舩
okvzkh	航
okvzfh	舫
okvzuu	般
okvzbi	舭
okvzhu	舮
okvzvs	舯
okvzjm	舰
okvzch	舱
okvzlk	舲
okvzyz	舳
okvzva	舴
okvzta	舵
okvzbd	舶
okvzxr	舷
okvzke	舸
okvzjx	舺
okvzlu	舻
okvzgs	舼
okvzjl	舽
okvzxi	舾
okvzkx	舿
okvzfu	艀
okvzgc	艁
okvzfg	艂
okvzli	艃
okvzxn	艄
okvzyu	艅
okvzll	艆
okvztk	艇
okvzlq	艈
okvzww	艉
okvzbo	艊
okvzmg	艋
okvznm	艌
okvzju	艍
okvzhl	艎
okvzuz	艏
okvzbm	艑
okvzmc	艒
okvzye	艓
okvzdu	艔
okvzph	艕
okvzia	艖
okvzyi	艗
okvzsz	艘
okvzch	艙
okvzcc	艚
okvzlz	艛
okvzdd	艜
okvzxt	艝
okvzts	艟
okvzdg	艠
okvzdh	艡
okvzse	艢
okvzyi	艤
okvzji	艥
okvzjm	艦
okvzho	艧
okvzmg	艨
okvzqi	艩
okvzlu	艪
okvzlu	艫
okvzul	艭
okdmgf	良
okyzgf	艰
okdcba	色
okfgse	艳
okfuse	艴
okbkse	艵
okfgse	艷
okcccc	艸
okccyi	艺
okccli	艻
okccdk	艼
okccjq	艽
okccia	艾
okccnd	艿
okccdc	芀
okccji	芁
okccer	节
okccfj	芃
okccwj	芄
okccyi	芅
okccia	芆
okccjb	芇
okccgj	芉
okccqm	芊
okccyu	芋
okcckv	芌
okccuc	芍
okccgs	芎
okcctu	芏
okccxx	芐
okccji	芑
okccwh	芒
okcczi	芓
okccxi	芕
okccda	芖
okccxl	芗
okccbi	芘
okccfu	芙
okccty	芚
okccyb	芛
okccwu	芜
okccvi	芝
okccqi	芞
okccuu	芟
okccwf	芠
okccqm	芡
okccrf	芢
okccbu	芣
okccks	芤
okccjp	芥
okcchu	芦
okccyu	芧
okccji	芨
okccjb	芩
okccui	芪
okccyr	芫
okccff	芬
okccba	芭
okccnw	芮
okccxb	芯
okccvi	芰
okcchx	花
okccfh	芳
okccwu	芴
okccgk	芵
okccgz	芶
okccvi	芷
okccyy	芸
okccjb	芹
okccyc	芺
okccmc	芼
okccya	芽
okccfu	芾
okccrg	芿
okcckh	苀
okcccs	苁
okccho	苂
okccyz	苃
okccbm	苄
okccyi	苅
okccqp	苆
okccww	苇
okccli	苈
okccpi	苉
okccee	苊
okccjm	苋
okccih	苌
okccch	苍
okccbj	苏
okccwj	苑
okccrj	苒
okcclk	苓
okcctd	苔
okccvc	苕
okccyz	苖
okcctm	苗
okccjs	苘
okccli	苙
okccys	苚
okccke	苛
okccmu	苜
okccbw	苝
okccbc	苞
okccju	苟
okccmb	苠
okccyi	苡
okcckz	苢
okccju	苣
okccpi	苤
okccyz	若
okccgu	苦
okccnk	苧
okccni	苨
okccbd	苩
okccbk	苪
okccvj	苫
okccqq	苬
okccyz	苭
okccxm	苮
okccbf	苯
okcchs	苰
okccyh	英
okccva	苲
okccds	苳
okccqp	苴
okccui	苵
okccgj	苷
okcchu	苸
okccpk	苹
okccmu	苺
okccfu	苻
okccug	苼
okccgx	苽
okccbi	苾
okccww	苿
okccfu	茀
okcciu	茁
okccwu	茂
okccjx	茄
okccmc	茅
okccmc	茆
okccba	茇
okccci	茈
okccmo	茉
okccqq	茊
okccdi	茋
okccui	茌
okccju	茍
okccls	茏
okcccs	茐
okccnn	茑
okccxt	茓
okccge	茖
okccmk	茗
okccrs	茙
okccyb	茚
okccll	茛
okccxi	茜
okccif	茝
okccif	茞
okccyu	茟
okccxq	茠
okcczi	茡
okcclp	茢
okccwu	茣
okccdo	茤
okccgv	茥
okccci	茦
okccis	茧
okccci	茨
okcchz	茩
okccgl	茪
okcczd	茬
okccjn	茭
okccfu	茯
okccvu	茱
okccjl	茳
okcchv	茴
okccyb	茵
okccfa	茷
okccer	茸
okccru	茹
okccis	茺
okccts	茼
okccvs	茽
okcckd	茾
okccgs	茿
okccxy	荀
okccgf	荁
okcckx	荂
okccqr	荃
okcchd	荄
okcche	荅
okccxk	荇
okccir	荈
okcczc	草
okccxk	荊
okccer	荋
okccan	荌
okccuz	荍
okccvi	荎
okccrf	荏
okcccy	荐
okccyi	荑
okcchl	荒
okccbk	荓
okccle	荕
okcclc	荖
okccuu	荗
okccvl	荘
okccda	荙
okccjx	荚
okccyc	荛
okccbi	荜
okccze	荝
okccqn	荞
okcchv	荟
okccqi	荠
okccth	荡
okccyu	荢
okccjy	荤
okccxy	荨
okccjb	荩
okccsy	荪
okccyb	荫
okccmd	荬
okcchs	荭
okcccy	荮
okccyt	药
okccdu	荰
okccww	荱
okccli	荲
okccdz	荳
okccfu	荴
okccrf	荵
okccyb	荶
okcche	荷
okccbo	荸
okccbu	荹
okccjy	荺
okccdi	荻
okccyu	荼
okccto	荽
okccqy	荾
okccig	荿
okccif	莀
okccwu	莁
okccbp	莂
okccxi	莃
okccgg	莄
okccww	莅
okccfu	莆
okccvu	莇
okccmw	莈
okccli	莉
okccvl	莊
okcczo	莋
okccdv	莌
okccqq	莍
okccua	莎
okccic	莏
okccuf	莐
okccfg	莑
okcclv	莒
okccmw	莓
okccjs	莔
okccxk	莕
okccjk	莖
okccie	莗
okccxb	莘
okccjy	莙
okccyj	莚
okcctk	莛
okccyz	莜
okcczo	莝
okccwj	莞
okcchj	莟
okccxq	莠
okcczu	莡
okccjx	莢
okccwh	莣
okccyz	莤
okccxn	莦
okccjm	莧
okccll	莨
okccfu	莩
okccwo	莪
okccmm	莬
okccji	莭
okccnj	莮
okccmu	莯
okcckj	莰
okccld	莱
okcclm	莲
okccui	莳
okccgo	莴
okccqm	莶
okccyz	莸
okcciy	莼
okccbf	莾
okccci	莿
okccwj	菀
okccqk	菁
okccde	菂
okccds	菄
okccgr	菅
okccqu	菆
okccgu	菇
okccla	菈
okcclu	菉
okccww	菋
okccnm	菍
okccky	菎
okcche	菏
okccgo	菓
okccfu	菔
okccly	菕
okccih	菖
okcciz	菗
okccss	菘
okcciv	菙
okccmf	菛
okcccd	菜
okccba	菝
okcctu	菟
okccbo	菠
okcchj	菡
okccbc	菢
okccjr	菤
okccxi	菥
okccjb	菦
okccdi	菧
okccqp	菨
okccpz	菩
okccdh	菪
okccvc	菬
okccvi	菭
okccgg	菮
okccgu	菰
okcclk	菱
okccfw	菲
okccjb	菳
okccyj	菴
okccwh	菵
okccfg	菶
okccvz	菷
okccyu	菸
okccju	菹
okccjm	菺
okcclb	菻
okccyj	菼
okccuu	菽
okcctm	菾
okccdc	菿
okcchu	萀
okccqi	萁
okcche	萂
okcczu	萃
okccbw	萆
okccih	萇
okccfw	萉
okccld	萊
okccqi	萋
okccmk	萌
okccpk	萍
okccww	萎
okccjp	萐
okccvv	萑
okccyi	萓
okccvc	萔
okccer	萖
okcczs	萗
okccnd	萘
okccvf	萙
okccze	萚
okcctp	萜
okcclo	萝
okccpg	萠
okccbo	萡
okccpc	萢
okccdk	萣
okccsu	萧
okccqq	萩
okccke	萪
okccxl	萫
okccyu	萬
okccyu	萭
okccyu	萮
okccfu	萯
okccjm	萰
okccxr	萱
okccyr	萲
okccnj	萳
okccze	萴
okccgo	萵
okcciy	萶
okccxt	萷
okccyu	萸
okccbm	萹
okccmc	萺
okccyb	萻
okcclo	落
okccyk	萾
okccho	萿
okccko	葀
okccjl	葁
okccmm	葂
okcczo	葃
okcczu	葅
okccbc	葆
okccrz	葇
oktdmu	葈
okccye	葉
okccjm	葌
okccfu	葍
okcclv	葎
okccjb	葏
okccpf	葐
okccfg	葑
okcchs	葒
okcchs	葓
okcchz	葔
okccyj	葕
okcctu	葖
okccve	著
okccxl	葙
okccuf	葚
okcche	葛
okccqi	葜
okccjb	葝
okccmi	葞
okcchl	葟
okccqb	葠
okccpu	葡
okccvs	董
okccvz	葤
okccqm	葥
okccww	葦
okccbo	葧
okccww	葨
okcchu	葫
okccxx	葭
okccdr	葮
okccyt	葯
okccjy	葰
okccqr	葲
okccww	葳
okccxm	葴
okccgv	葵
okcctk	葶
okccjy	葷
okccsi	葸
okccui	葹
okccfg	葻
okccyc	葽
okccyr	葾
okccmw	葿
okccwf	蒀
okccuu	蒁
okccdi	蒂
okcctr	蒃
okccgr	蒄
okccrj	蒅
okccjp	蒈
okccgv	蒉
okhxii	蒊
okccjl	蒋
okcclz	蒌
okccww	蒍
okccpd	蒎
okccgv	蒐
okccyb	蒑
okccui	蒒
okcciy	蒓
okccui	蒔
okccwf	蒕
okccvf	蒖
okcclh	蒗
okruuz	蒘
okccmg	蒙
okccge	蒚
okccqt	蒛
okccyr	蒝
okccxi	蒠
okccph	蒡
okcciu	蒢
okccxu	蒣
okcctu	蒤
okcclq	蒥
okccvi	蒦
okmcvj	蒧
okccqm	蒨
okcczu	蒩
okccvr	蒪
okccia	蒫
okccyr	蒬
okcche	蒮
okccbj	蒰
okccbu	蒱
okccpu	蒲
okccna	蒳
okccuo	蒴
okccxi	蒵
okccff	蒶
okccyr	蒷
okccjm	蒹
okccji	蒺
okccro	蒻
okccch	蒼
okccen	蒽
okccmi	蒾
okccgc	蒿
okccsy	蓀
okccqb	蓁
okccmk	蓂
okccsz	蓃
okccxu	蓄
okcclq	蓅
okccxi	蓆
okccgu	蓇
okcclh	蓈
okccrs	蓉
okccwg	蓊
okcche	蓋
okccth	蓎
okccru	蓐
okccuk	蓑
okccxr	蓒
okccbw	蓓
okccgc	蓔
okccgv	蓕
okcctu	蓗
okcczo	蓙
okccxq	蓚
okccii	蓛
okccpw	蓜
okccjm	蓝
okccyc	蓞
okccli	蓠
okccjb	蓡
okcclh	蓢
okccyu	蓣
okcclk	蓤
okmoma	蓦
okcctn	蓧
okccxq	蓨
okccwu	蓩
okccts	蓪
okccvu	蓫
okccfg	蓬
okccan	蓭
okcclm	蓮
okcccs	蓯
okccxi	蓰
okccqu	蓲
okccjb	蓳
okccvr	蓴
okccjp	蓵
okccww	蓶
okcctv	蓷
okcccc	蓸
okccyu	蓹
okccvi	蓻
okccbi	蓽
okcclu	蓾
okccsu	蓿
okccbu	蔀
okccvh	蔁
okcclw	蔂
okccql	蔃
okccwf	蔄
okccji	蔇
okccpn	蔈
okcchj	蔊
okccuu	蔋
okcclu	蔍
okccue	蔎
okccuh	蔏
okccdi	蔐
okccmj	蔓
okccfu	蔔
okccdd	蔕
okccuu	蔗
okcccj	蔘
okccxr	蔙
okccww	蔚
okcchu	蔛
okccao	蔜
okccmi	蔝
okcclz	蔞
okcczu	蔟
okccvs	蔠
okccji	蔡
okccpo	蔢
okccjl	蔣
okccmi	蔤
okccnn	蔦
okcchv	蔧
okccqr	蔨
okccyb	蔩
okccvj	蔪
okccyj	蔫
okccuu	蔬
okccyb	蔭
okccgo	蔮
okccif	蔯
okcchu	蔰
okccua	蔱
okccqk	蔳
okccma	蔴
okmcif	蔵
okccze	蔶
okccse	蔷
okccdz	蔸
okcclm	蔹
okcckz	蔻
okccbi	蔽
okccww	蔿
okccji	蕀
okccxy	蕁
okccfj	蕃
okccmf	蕄
okccdj	蕇
okcctj	蕈
okccjn	蕉
okccrv	蕊
okccjk	蕌
okccyu	蕍
okccqn	蕎
okccvu	蕏
okccxm	蕑
okccmd	蕒
okccyy	蕓
okccbc	蕔
okccqu	蕖
okcclu	蕗
okccyc	蕘
okcchv	蕙
okccbw	蕜
okccjt	蕝
okcczv	蕞
okccfa	蕟
okccxu	蕠
okccbf	蕡
okccgv	蕢
okccuy	蕣
okccya	蕥
okccxu	蕦
okccfu	蕧
okccjt	蕨
okccth	蕩
okccwu	蕪
okccts	蕫
okccsu	蕭
okccls	蕯
okccwf	蕰
okccuc	蕱
okccjm	蕳
okccyy	蕴
okcclk	蕶
okccyu	蕷
okccxx	蕸
okccys	蕹
okccji	蕺
okccsi	蕼
okccns	蕽
okcclw	蕾
okccwf	薀
okccao	薁
okccjn	薂
okccfu	薄
okccai	薆
okccww	薇
okcchv	薈
okccsv	薉
okccvi	薋
okccxl	薌
okcclr	薍
okccyi	薏
okccjl	薑
okcccj	薒
okccse	薔
okcclm	薕
okccgo	薖
okccyr	薗
okccda	薘
okccvi	薙
okccpi	薜
okccvj	薝
okccqm	薟
okccfj	薠
okccdk	薡
okccjp	薢
okccgu	薣
okccuu	薥
okccxb	薪
okccle	薬
okccuu	薮
okccuu	薯
okccxy	薰
okccdv	薱
okccbb	薲
okccyr	薳
okccnk	薴
okccuz	薵
okccli	薶
okccxu	薷
okccpn	薸
okccqi	薺
okccvf	薽
okccer	薾
okccyi	薿
okhcmu	藁
okccju	藂
okccqi	藄
okccfa	藅
okccqm	藆
okccyu	藇
okcckv	藈
okccvd	藋
okccmi	藌
okccjm	藍
okccjb	藎
okcczh	藏
okccmc	藐
okccxm	藓
okccln	藔
okccou	藕
okccxm	藖
okcclv	藘
okccyi	藙
okccmd	藚
okccxp	藛
okccli	藜
okcclw	藞
okccui	藡
okccvg	藢
okcctg	藤
okccle	藥
okccmo	藦
okcchr	藧
okccpj	藩
okccuu	藪
okcctj	藫
okccqs	藭
okccqn	藮
okccww	藯
okcclq	藰
okccuu	藲
okhche	藳
okccyy	藴
okccli	藶
okccvu	藷
okccvu	藸
okccye	藹
okcczc	藻
okccxm	藼
okccqb	藽
okccld	藾
okccho	藿
okccze	蘀
okccee	蘁
okcchg	蘅
okcclu	蘆
okccsu	蘇
okcctv	蘈
okccyy	蘊
okccpb	蘋
okccmo	蘑
okccyk	蘔
okccfg	蘕
okxtmu	蘖
okccxl	蘘
okccxm	蘚
okccju	蘜
okcclm	蘝
okcclm	蘞
okccyb	蘟
okccyk	蘡
okccls	蘢
okccly	蘥
okccyc	蘨
okccfj	蘩
okcclj	蘫
okccgv	蘬
okcclj	蘭
okccmj	蘰
okcclw	蘱
okccfg	蘴
okccvi	蘵
okccww	蘶
okccjn	蘸
okcchk	蘹
okccli	蘺
okccmi	蘼
okcchk	蘾
okcclo	蘿
okcclu	虂
okcctg	虅
okcclw	虆
okcclr	虊
okbimm	虌
okhuji	虎
okhuli	虏
okhuxb	虑
okjqhu	虓
okhuwf	虔
okhuhu	虖
okhuqq	虗
okhuqp	虘
okhubi	虙
okhuye	虚
okhuye	虛
okhunj	虜
okhuwu	虝
okhuwu	虞
okhchu	號
okjnhu	虠
okxuba	虡
okwuhu	虣
okhuhu	虤
okisve	虬
okisdc	虭
okisji	虮
okisjq	虯
okisdk	虰
okveis	虱
okisbu	虲
okisuc	虳
okisto	虴
okisye	虵
okisyu	虶
okisgj	虷
okiszi	虸
okisgs	虹
okwuis	虺
okiswh	虻
okisqi	虼
okkzis	虽
okisxx	虾
okwjis	虿
okuiis	蚀
okisyi	蚁
okisma	蚂
okxlis	蚃
okisfh	蚄
okisee	蚅
okisba	蚆
okisii	蚇
okiskd	蚈
okwfis	蚉
okiswf	蚊
okisnw	蚋
okisfg	蚌
okisbi	蚍
okisri	蚎
okisyt	蚏
okisyy	蚐
okisvi	蚑
okisdj	蚒
okisyb	蚓
okisui	蚔
oktmis	蚕
okisyr	蚖
okisgk	蚗
okisyz	蚘
okisjb	蚙
okisjb	蚚
okisvs	蚛
okisya	蚜
okismc	蚝
okismu	蚞
okiswh	蚟
okffis	蚠
okisff	蚡
okiskh	蚢
okisgs	蚣
okiais	蚤
okisfu	蚥
okisjp	蚧
okisfu	蚨
okisdz	蚪
okisbc	蚫
okisjm	蚬
okisni	蚭
okisdd	蚮
okisqq	蚯
okisyz	蚰
okisva	蚱
okispk	蚲
okisdi	蚳
okisyz	蚴
okiske	蚵
okisgj	蚶
okisju	蚷
okisii	蚸
okisfu	蚹
okisrj	蚺
okvais	蚻
okisju	蚼
okispi	蚽
okispi	蚾
okisxr	蚿
okisvu	蛀
okisvc	蛁
okisba	蛂
okisbk	蛃
okisgu	蛄
okisvj	蛅
okisqp	蛆
okista	蛇
okisui	蛈
okislk	蛉
okismb	蛊
okpiis	蛋
okisgx	蛌
okisli	蛎
okisug	蛏
okisqu	蛐
okismz	蛑
okisge	蛒
okishv	蛔
okisyz	蛕
okisls	蛖
okdvis	蛗
okisyh	蛘
okisgv	蛙
okislp	蛚
okisvu	蛛
okisyi	蛜
okisgf	蛝
okisue	蛞
okisjn	蛟
okisyu	蛡
okisbk	蛢
okisji	蛣
okishe	蛤
okisdo	蛥
okisyi	蛦
okiswh	蛧
okisbd	蛨
okgsis	蛩
okisww	蛫
okgsis	蛬
okisvi	蛭
okyiis	蛮
okislc	蛯
okviis	蛰
okisjx	蛱
okisyc	蛲
okisui	蛳
okisqi	蛴
okisjk	蛵
okisqq	蛷
okisxn	蛸
okisys	蛹
okisjx	蛺
okisdv	蛻
okisie	蛼
okisbw	蛽
okiswo	蛾
okishj	蛿
okisfg	蜂
okifis	蜃
okisif	蜄
okisfu	蜅
okisjm	蜆
okveis	蜇
okiswu	蜈
okisfu	蜉
okisli	蜊
okisll	蜋
okisyu	蜍
okisyr	蜎
okisxq	蜏
okisjp	蜐
okyjis	蜑
okisyj	蜒
okistk	蜓
okisdm	蜔
okisdv	蜕
okishv	蜖
okisgo	蜗
okisvi	蜘
okisss	蜙
okfwis	蜚
okisju	蜛
okmiis	蜜
okqiis	蜝
okisqi	蜞
okisyu	蜟
okisxi	蜡
okismg	蜢
okisql	蜣
okxiis	蜤
okisxi	蜥
okisly	蜦
okisli	蜧
okisjp	蜨
okisvz	蜩
okisky	蜫
okishj	蜬
okisho	蜮
okisfg	蜯
okfwis	蜰
okisbw	蜱
okisww	蜲
okisxl	蜳
okisyi	蜴
okiszu	蜶
okisjr	蜷
okisrv	蜹
okiser	蜺
okisqk	蜻
okisvv	蜼
okisll	蜽
okisgo	蜾
okiswj	蜿
okisds	蝀
okyais	蝁
okisbj	蝂
okisvo	蝃
okiswh	蝄
okismi	蝆
okismm	蝇
okisgo	蝈
okisdj	蝉
okisdk	蝊
okiske	蝌
okisji	蝍
okishe	蝎
okistk	蝏
okismc	蝐
okisxu	蝑
okismm	蝒
okisyu	蝓
okisjp	蝔
okuiis	蝕
okisxr	蝖
okishl	蝗
okisbm	蝙
okisrz	蝚
okisww	蝛
okisfu	蝜
okistr	蝝
okismw	蝞
okisww	蝟
okisfu	蝠
okisye	蝢
okisqq	蝤
okisxx	蝦
okisyk	蝧
okisvs	蝩
okisyh	蝪
okisve	蝫
okisui	蝭
okisfu	蝮
okisyr	蝯
okiskv	蝰
okisci	蝲
okisdu	蝳
okishu	蝴
okqqis	蝵
okisye	蝶
okisgo	蝸
okiswf	蝹
okisyu	蝺
okisnj	蝻
okislz	蝼
okisiy	蝽
okisrs	蝾
okjlis	螀
okistv	螁
okislh	螂
okisph	螃
okisui	螄
okisxi	螅
okiszi	螆
okisxi	螇
okisyr	螈
okiswg	螉
okisjm	螊
okissz	螋
okbjis	螌
okgeis	融
okisge	螎
okisji	螏
okiswu	螐
okisiz	螑
okisqb	螓
okissi	螔
okisgu	螖
okisth	螗
okisqi	螘
okngis	螚
okishd	螛
okisgv	螝
okisma	螞
okismk	螟
okisyi	螠
okisch	螥
okissu	螦
okisqi	螧
okistn	螩
okisuh	螪
okueis	螫
okiscc	螬
okisli	螭
okisdd	螮
okaois	螯
okislu	螰
okwwis	螱
okisvi	螲
okisth	螳
okifis	螴
okispn	螵
okyuis	螸
okisvj	螹
okislw	螺
okislz	螻
okisjb	螼
okisyb	螾
okjlis	螿
okislv	蟀
okisxn	蟂
okismj	蟃
okviis	蟄
okisuu	蟅
okismo	蟆
okmois	蟇
okisgo	蟈
okisxi	蟋
okisli	蟍
okismj	蟎
okisxn	蟏
okisih	蟐
okisvh	蟑
okismh	蟒
okisxl	蟓
okishw	蟔
okissi	蟖
okisdd	蟘
okpgis	蟚
okispg	蟛
okisqn	蟜
okisqu	蟝
okbiis	蟞
okisln	蟟
okisfj	蟠
okisww	蟡
okisxi	蟢
okisji	蟣
okisxy	蟤
okishl	蟥
okisbf	蟦
okislc	蟧
okjtis	蟨
okisjt	蟩
okishv	蟪
okistj	蟫
okisdj	蟬
okisjn	蟭
okisuj	蟮
okisyc	蟯
okissu	蟰
okiswu	蟱
okisxy	蟳
oksiis	蟴
okisiu	蟵
okisug	蟶
okisdh	蟷
okjpis	蟹
okisdj	蟺
okisyi	蟻
okjkis	蟼
okisda	蟽
okisvj	蟾
okisvi	蠀
okxlis	蠁
okisye	蠂
okisqb	蠄
okismm	蠅
okwjis	蠆
okiswj	蠇
okzwis	蠈
okislm	蠊
okisuu	蠋
okisxp	蠍
okisjp	蠏
okisqi	蠐
okisrs	蠑
okeris	蠒
okismg	蠓
okishc	蠔
okisxu	蠕
okisho	蠖
okisvd	蠗
okisjp	蠘
okisbb	蠙
okismp	蠛
okfjis	蠜
okjpis	蠞
okiswj	蠣
okislu	蠦
okisxn	蠨
okisvu	蠩
oklsis	蠪
okisls	蠬
okisxl	蠰
okismb	蠱
okyiuu	蠲
okisyk	蠳
okisuu	蠴
okisqu	蠷
okisuu	蠾
okppmb	血
okwhxt	衁
okxtrf	衂
okxtbu	衃
okxtiz	衄
okxtbj	衅
okxtpd	衇
okxter	衈
okxtge	衉
okxtmp	衊
okrfiu	行
okxkuv	衍
okxkgj	衎
okxkyr	衏
okxkju	衐
okxklk	衑
okxkxr	衒
okxkuu	術
okxkjb	衔
okxkts	衕
okxkgs	衖
okxkgv	街
okxkfz	衘
okxkwu	衙
okxkhu	衚
okxkww	衛
okxkuz	衜
okxkvs	衝
okxkvf	衠
okxkqu	衢
okwfyi	衣
okppdm	衤
okppbu	补
okppgj	衦
okppyu	衧
okfgyi	表
okppia	衩
okppye	衪
okppuj	衫
okppcy	衬
okppfu	衭
okyigs	衮
okppff	衯
okppji	衱
okppnw	衲
okppgs	衳
okppyb	衴
okppri	衵
okppvs	衶
okyivs	衷
okppjp	衸
okppui	衹
okyiya	衺
okppvi	衼
okpprf	衽
okjbyi	衾
okppjb	衿
okppyy	袀
okppgk	袂
okqpyi	袃
okppyc	袄
oknnyi	袅
okppww	袆
okppdj	袇
okjxyi	袈
okppta	袉
okpplk	袊
okddyi	袋
okyibc	袌
okppbc	袍
okppyz	袎
okppzo	袏
okppbi	袐
okppvc	袑
okppdj	袒
okppqp	袓
okppke	袔
okppxt	袕
okppyz	袖
okppvf	袗
okppbd	袙
okppba	袚
okppdi	袛
okppmo	袜
okppfu	袝
okppui	袟
okyiui	袠
okpprj	袡
okppbj	袢
okppui	袣
okyimc	袤
okppui	袥
okppiu	袦
okppju	袧
okppxr	袨
okppvj	袩
okppqu	袪
okpppi	被
okyitd	袬
oklsyi	袭
okppfa	袯
okmuyi	袰
okppfu	袱
okyido	袲
okppdo	袳
okppkx	袴
okpprf	袵
okppjl	袶
okpphe	袷
okppcy	袸
okppbd	袹
okppji	袺
okpper	袻
okppge	袼
okppru	袽
okppvu	袾
okppgv	袿
okppyb	裀
oklpyi	裂
okppxk	裄
okvlyi	装
okppdh	裆
okppxt	裇
okppjy	裈
okppgf	裉
oknnyi	裊
okppdz	裋
okppjx	裌
okppky	裍
okppig	裎
okyili	裏
okppyr	裐
okppuf	裑
okyijq	裒
okppjp	裓
okyijs	裔
okppgu	裕
okppif	裖
okpplq	裗
okqqyi	裘
okppjy	裙
okveyi	裚
okyiyi	裛
okppfu	補
okvlyi	裝
okppdv	裞
okuayi	裟
okjyyi	裠
okppli	裡
okpplm	裢
okppqm	裣
okppku	裤
okppjm	裥
okppyj	裧
okppbw	裨
okppky	裩
okpplk	裬
okpphu	裭
okppih	裮
okppvz	裯
okppvo	裰
okppbn	裱
okppll	裲
okuhyi	裳
okfwyi	裴
okyifw	裵
okppfw	裶
okppjr	裷
okppgo	裸
okyigo	裹
okppyj	裺
okuuyi	裻
okppyi	裼
okviyi	製
okppju	裾
okppqi	裿
okppqi	褀
okgoyi	褁
okppgx	褂
okppkf	褃
okppqi	褄
okppdi	褅
okppui	褆
okppfu	複
okppvs	褈
okppqi	褉
okppbm	褊
okppye	褋
okppjy	褌
okppdr	褍
okpphe	褐
okppyr	褑
okyibc	褒
okppbc	褓
okppfu	褔
okppyu	褕
okpptr	褖
okppww	褘
okppbw	褙
okppve	褚
okpplz	褛
okbcyi	褜
okppdj	褝
okppwf	褞
okppgz	褠
okyigv	褢
okpprs	褣
okppyr	褤
okppru	褥
okppng	褦
okggyi	褧
okppia	褨
okbjyi	褩
okpptv	褪
okppsi	褫
okppsh	褬
okyima	褭
okppxi	褯
okppku	褲
okpplm	褳
okppjm	褴
okppli	褵
okppxi	褷
okpplz	褸
okviyi	褺
okwwyi	褽
okpppn	褾
okppcc	褿
okppze	襀
okppql	襁
okppcj	襂
okppbi	襅
okppjm	襇
okppxy	襈
okppxm	襉
okppzv	襊
okppji	襋
okppdj	襌
okppji	襍
okppfj	襎
okppfa	襏
okppxl	襐
okppxy	襑
okppbi	襒
okppyc	襓
okppmj	襔
okpplj	襕
okppao	襖
okpphv	襘
okppzc	襙
okppsv	襚
okppns	襛
okppvj	襜
okppqm	襝
okpiyi	襞
okppjb	襟
okppdh	襠
okppuu	襡
okppdj	襢
okppbi	襣
okppjm	襤
okpppu	襥
okppxu	襦
okpper	襧
okppdv	襨
okppmd	襩
okppmp	襪
okppbc	襮
okppqb	襯
okppld	襰
okppls	襱
oklsyi	襲
okpplj	襴
okppnp	襵
okppdd	襶
okppju	襷
okppzj	襸
okppli	襹
okppjm	襺
okpppj	襻
okppyi	襼
okxinv	要
okxifj	覂
okxizc	覃
okxifu	覄
okycwu	覅
okxijn	覈
okmuer	見
okyzjm	覌
okxnjm	覍
okjmzi	覎
okfujm	規
okjmyc	覐
okpmjm	覑
okmcjm	覒
okvxjm	覓
okbujm	覔
okbijm	覕
okppjm	視
oksijm	覗
okvjjm	覘
okerjm	覙
okpdjm	覛
okvcjm	覜
okjmjm	覞
okvijm	覟
okjyjm	覠
okwujm	覡
okyjjm	覢
okwwjm	覣
okhujm	覤
okdmjm	覥
okyujm	覦
okvejm	覩
okqbjm	親
okphjm	覫
okqijm	覬
okmkjm	覭
okgzjm	覯
okvjjm	覱
okjbjm	覲
okdgjm	覴
okxmjm	覵
okxujm	覷
okjmjm	覸
okjmww	覹
okerjm	覼
okmdjm	覿
okkler	见
okyzjm	观
okjmzi	觃
okfujm	规
okvxjm	觅
okppjm	视
okvjjm	觇
okqijm	觊
okwujm	觋
okmdjm	觌
okdmjm	觍
okyujm	觎
okgzjm	觏
okjbjm	觐
okxujm	觑
okdcys	角
okjnjq	觓
okjnli	觔
oknqjn	觕
okjngk	觖
okjnui	觗
okjnuc	觘
okjnji	觙
okjngx	觚
okjndj	觛
okcijn	觜
okjndi	觝
okjngv	觟
okjrjn	觠
okjnge	觡
okjnww	觤
okjngl	觥
okjnis	触
okjnyh	觧
okjngs	觨
okjnqq	觩
okjnxb	觪
okjnuu	觫
okjner	觬
okjnqi	觭
okjnlu	觮
okjndj	觯
okjnve	觰
okxmjn	觱
okjnhl	觵
okjndj	觶
okjnuu	觸
okjnjy	觹
okyijn	觺
okjnle	觻
okjnyj	觾
okyjdk	訂
okyjbu	訃
okjqyj	訄
okyjjq	訅
okyjjq	訆
okbcyj	訇
okyjui	計
okyjfj	訉
okyjxy	訊
okyjuc	訋
okyjgs	訌
okyjia	訍
okyjcy	討
okyjyu	訏
okyjgj	訐
okyjye	訑
okyjrf	訒
okyjir	訓
okujyj	訔
okyjuj	訕
okyjqi	訖
okyjto	託
okyjji	記
okyjwj	訙
okmfyj	訚
okyjhx	訛
okyjff	訜
okyjya	訝
okyjyc	訞
okyjgs	訟
okyjyb	訠
okyjjb	訡
okyjjb	訢
okyjgk	訣
okyjyc	訤
okyjnw	訥
okyjyb	訦
okyjyz	訧
okyjvi	訨
okyjxs	訩
okyjfh	訪
okyjxb	訫
okyjuc	訬
okyjuu	設
okyjkd	訮
okyjji	訯
okyjty	訰
okyjwu	許
okyjvs	訲
okyjii	訳
okyjii	訴
okyjsi	訵
okyjke	訶
okyjuf	訷
okyjhe	訸
okyjuu	訹
okyjvf	診
okyjvu	註
okyjvg	証
okyjju	訽
okciyj	訾
okyjci	訿
okyjvj	詀
okyjgu	詁
okyjfu	詂
okyjxr	詃
okyjui	詄
okyjlk	詅
okyjdi	詆
okyjyh	詇
oksiyj	詈
okyjnu	詉
okyjbj	詊
okyjxs	詋
okyjgj	詌
okyjui	詍
okyjju	詎
okyjyz	詏
okyjva	詐
okyjta	詑
okyjtd	詒
okyjqu	詓
okyjvc	詔
okyjpk	評
okyjpi	詖
okyjjs	詗
okyjiu	詘
okyjba	詙
okyjdj	詚
okyjqp	詛
okyjnk	詝
okyjsi	詞
oklsyj	詟
okyjys	詠
okyjyu	詡
okyjxy	詢
okyjvi	詣
okyjhe	詥
okyjui	試
okyjjn	詨
okyjsi	詩
okyjgf	詪
okyjvd	詫
okyjhz	詬
okyjww	詭
okyjqr	詮
okyjzi	詯
okyjji	詰
okyjue	話
okyjhd	該
okyjyh	詳
okyjyz	詴
okyjxm	詵
okyjvz	詶
okyjts	詷
okyjmi	詸
okyjmk	詺
okyjge	詻
okyjhv	詼
okyjxs	詾
okyjgv	詿
okyjer	誀
okyjbk	誁
okyjvc	誂
okyjdo	誃
okyjlw	誄
okyjvu	誅
okyjkl	誆
okyjkx	誇
okyjvi	誈
okxkyj	誉
okjryj	誊
okyjji	誋
okyjvi	誌
okyjrf	認
okyjuu	誎
okyjll	誏
okyjwo	誐
okyjkl	誑
okyjyi	誒
okveyj	誓
okyjtk	誔
okyjyj	誕
okyjbo	誖
okyjli	誗
okyjxq	誘
okyjjk	誙
okyjxn	誚
okyjqy	誜
okyjhj	誝
okyjwu	語
okyjxn	誟
okyjig	誠
okyjjp	誡
okyjjm	誢
okyjwu	誣
okyjwu	誤
okyjgc	誥
okyjys	誦
okyjfu	誧
okyjmw	誨
okyjyj	誩
okyjdv	說
okyjif	誫
okyjdv	説
okyjhx	誮
okyjih	誯
okyjvv	誰
okyjjp	誱
okyjgo	課
okyjqu	誳
okyjzs	誴
okyjyc	誵
okyjzu	誶
okyjwh	誷
okyjxr	誸
okyjfw	誹
okyjld	誺
okyjda	誻
okyjyi	誼
okyjer	誽
okmfyj	誾
okyjvz	調
okyjbw	諀
okyjvo	諁
okyjlb	諃
okyjxl	諄
okqiyj	諅
okyjqi	諆
okyjyj	談
okyjiv	諈
okyjww	諉
okyjqk	請
okyjds	諌
okyjvg	諍
okyjxi	諎
okyjqu	諏
okkjyj	諐
okyjjk	諒
okyjuu	諔
okyjhu	諕
okyjly	論
okyjnm	諗
okyjbn	諘
okyjhy	諙
okyjdk	諚
okyjyu	諛
okyjye	諜
okyjxu	諝
okyjbm	諞
okyjui	諟
okyjxr	諠
okyjjy	諢
okyjgo	諣
okyjvs	諥
okyjdi	諦
okyjjp	諧
okyjfu	諨
okyjbk	諩
okyjtk	諪
okyjjm	諫
okyjyu	諭
okyjzi	諮
okyjdr	諯
okyjsi	諰
okyjww	諱
okyjyb	諳
okyjxm	諴
okyjnj	諵
okyjuf	諶
okyjfg	諷
okyjve	諸
okyjyh	諹
okyjyj	諺
okyjhl	諻
okyjyr	諼
okyjge	諽
okyjro	諾
okyjmz	謀
okyjhe	謁
okyjww	謂
okyjxk	謃
okytjr	謄
okyjiu	謅
okyjuj	謆
okyjgv	謉
okyjhl	謊
okyjjp	謋
okyjge	謌
okyjmi	謎
okyjsz	謏
okyjxi	謑
okyjch	謒
okyjvf	謓
okyjnt	謔
okyjsi	謕
okyjph	謗
okyjjm	謙
okyjyi	謚
okyjgz	講
okyjyr	謜
okyjue	謝
okyjgc	謞
okyjyc	謟
okyjyc	謠
okyjyc	謡
okyjvi	謢
okyjyu	謣
okyjpn	謤
okyjli	謧
okyjmo	謨
okmoyj	謩
okyjuh	謪
okyjdi	謫
okyjjm	謭
okyjze	謮
okyjlm	謰
okyjlz	謱
okyjcj	謲
okyjqu	謳
okyjgr	謴
okyjxi	謵
okyjuu	謶
okaoyj	謷
okyjao	謸
okyjjb	謹
okviyj	謺
okyjyi	謻
okqlyj	謽
okyjmj	謾
okyjic	謿
okyjgj	譀
okyjhx	譁
okyjdj	譂
okyjxu	譃
okyjzg	譄
okyjxi	譆
okyjue	譇
okyjdy	譈
okyjdg	證
okyjyc	譊
okyjxm	譋
okyjww	譌
okyjji	譏
okyjzy	譐
okyjqn	譑
okyjfj	譒
okyjhv	譓
okyjxy	譔
okyjwu	譕
okyjda	譗
okyjjn	譙
okyjtj	譚
okyjti	譛
okyjpu	譜
okyjmm	譝
okyjzc	譟
okyjdj	譠
okyjdh	譡
okyjsv	譢
okyjqm	譣
okyjjn	譤
okjnyj	譥
okjkyj	警
okyjlm	譧
okyjns	譨
okyjyi	譩
okyjge	譪
okyjvj	譫
okpiyj	譬
okyjhv	譭
okyjhv	譮
okyjyi	議
okyjxu	譳
okyjqm	譴
okyjdv	譵
okyjho	護
okyjuz	譸
okyjhc	譹
okyjyi	譺
okyuyj	譽
okyjjm	譾
okyjhv	譿
okyjmd	讀
okyjui	讁
okwwyj	讆
okyjli	讈
okyjyi	讉
oklsyj	讋
okyjyj	讌
okyjee	讍
okwwyj	讏
okyjly	讑
okyjxl	讓
okyjyb	讔
okyjlj	讕
okyjnp	讘
okyjzj	讚
okyjyi	讛
okyjdh	讜
okyjyj	讝
okyjxm	讞
okduyj	讟
okdmve	讠
okyjui	计
okyjdk	订
okyjbu	讣
okyjrf	认
okyjji	讥
okyjgj	讦
okyjgs	讧
okyjcy	讨
okyjuh	让
okyjuj	讪
okyjqi	讫
okyjto	讬
okyjir	训
okyjyi	议
okyjxy	讯
okyjji	记
okyjrf	讱
okyjjk	讲
okyjww	讳
okyjqu	讴
okyjju	讵
okyjya	讶
okyjnw	讷
okyjwu	许
okyjhx	讹
okyjly	论
okyjxs	讻
okyjgs	讼
okyjfg	讽
okyjuu	设
okyjfh	访
okyjgk	诀
okyjvg	证
okyjgu	诂
okyjke	诃
okyjpk	评
okyjqp	诅
okyjvi	识
okyjjs	诇
okyjva	诈
okyjii	诉
okyjvf	诊
okyjdi	诋
okyjiu	诌
okyjsi	词
okyjiu	诎
okyjvc	诏
okyjpi	诐
okyjtd	诒
okyjkl	诓
okyjlw	诔
okyjui	试
okyjgv	诖
okyjsi	诗
okyjji	诘
okyjhv	诙
okyjig	诚
okyjvu	诛
okyjxm	诜
okyjue	话
okyjyj	诞
okyjhz	诟
okyjqr	诠
okyjww	诡
okyjxy	询
okyjvi	诣
okyjvg	诤
okyjhd	该
okyjyh	详
okyjvd	诧
okyjjy	诨
okyjyu	诩
okyjuz	诪
okyjjp	诫
okyjwu	诬
okyjwu	语
okyjxn	诮
okyjwu	误
okyjgc	诰
okyjxq	诱
okyjmw	诲
okyjkl	诳
okyjdv	说
okyjys	诵
okyjyi	诶
okyjqk	请
okyjve	诸
okyjqu	诹
okyjro	诺
okyjmd	读
okyjfw	诽
okyjgo	课
okyjww	诿
okyjyu	谀
okyjvv	谁
okyjnm	谂
okyjvz	调
okyjjk	谅
okyjxl	谆
okyjzu	谇
okyjyj	谈
okyjuf	谉
okyjyi	谊
okyjmz	谋
okyjuf	谌
okyjye	谍
okyjhl	谎
okyjjm	谏
okyjjp	谐
okyjhe	谒
okyjww	谓
okyjyu	谕
okyjyr	谖
okyjzi	谘
okyjyb	谙
okyjyj	谚
okyjdi	谛
okyjmi	谜
okyjbm	谝
okyjxu	谞
okyjmo	谟
okyjdh	谠
okyjue	谢
okyjph	谤
okyjyi	谥
okyjjm	谦
okyjjb	谨
okyjmj	谩
okyjdi	谪
okyjjm	谫
okyjtj	谭
okyjjn	谯
okyjlj	谰
okyjpu	谱
okyjxm	谳
okyjqm	谴
okyjvj	谵
okqmgu	谸
okgugs	谹
okguya	谺
okguji	谻
okgugs	谼
okguhj	谽
okguks	谾
okxigu	谿
okguxi	豀
okhdgu	豁
okgugj	豃
okgumd	豄
okguls	豅
okdzgs	豇
okujdz	豈
okdzvi	豉
okqudz	豊
okdzwj	豌
okdzbw	豍
okdzjm	豏
okfgdi	豒
okfghe	豔
okuidm	豖
okwuui	豗
okuity	豘
okliui	豙
okytui	豚
okuiuu	豛
okuikd	豜
okuiba	豝
okuiju	豞
okuiqp	豠
okjrui	豢
okuigf	豤
okuihd	豥
okhuui	豦
okuifu	豧
okuixi	豨
okuiui	豩
okyuxl	豫
okuive	豬
okuixx	豭
okuibf	豮
okuixi	豯
okuiwf	豱
okuiyr	豲
okuidi	豴
okuics	豵
okuibf	豶
okuiyi	豷
okviuc	豹
okvicd	豺
okvigj	豻
okvibi	豼
okvinw	豽
okvipi	豾
okviju	豿
okviiu	貀
okvixt	貁
okvivc	貂
okvibd	貃
okviyu	貄
okvixq	貅
okvigf	貆
okvigf	貇
okvivz	貈
okvige	貉
okvibd	貊
okvihj	貋
okvili	貍
okvier	貎
okvibw	貏
okviyu	貐
okvixx	貑
okvidr	貒
okvimn	貓
okvixi	貕
okviyi	貖
okvilz	貗
okvimo	貘
okviqu	貙
okvidj	貚
okvijt	貜
okmuba	貝
oksibw	貟
okdcbw	負
okbwcd	財
okgsbw	貢
okyibw	貣
okbwye	貤
okbwkh	貥
okbwyr	貦
okffbw	貧
okhxbw	貨
okbwfj	販
okjbbw	貪
okgrbw	貫
okfgbw	責
okbwnk	貯
okuibw	貰
okbwpi	貱
okcibw	貲
okbwfj	貶
oksibw	買
okddbw	貸
okbwug	貹
okbwxs	貺
okfubw	費
okbwvj	貼
okbwtd	貽
okbwdi	貾
okmcbw	貿
okjxbw	賀
okhvbw	賁
okbwge	賂
okrfbw	賃
okbwyz	賄
okbwhd	賅
okbwbk	賆
okcibw	資
okxibw	賈
okbwxt	賉
okbwrs	賊
okbwjn	賋
okhdbw	賌
okbwvl	賍
okbwbw	賏
okbwqy	賐
okbwif	賑
okbwue	賒
okbwqq	賕
okbwyu	賖
okbwir	賗
okbwvz	賙
okldbw	賚
okbwyi	賜
okthyr	賞
okbwdm	賟
okbwpz	賠
okggbw	賡
okuimd	賣
okbwzu	賥
okbwwu	賦
okbwyj	賧
okzsbw	賨
okbwzs	賩
okbwih	賬
okbwve	賭
okbwiy	賰
okbwjy	賱
okbcbw	賲
okbwzd	賳
okuufu	賴
okbwmc	賵
okbwch	賶
okbwyi	賹
okbwjm	賺
okbwvr	賻
okbwgz	購
okifze	賾
okbwcj	贂
okbwhr	贃
okvibw	贄
okaobw	贅
okbwbn	贆
okbbbw	贇
okbwzg	贈
okbwtj	贉
okyjbw	贋
okbwvj	贍
okbwwj	贎
okbwjb	贐
okvhgs	贑
okbwzh	贓
oklrmd	贕
okbwmd	贖
okbwuh	贘
okbwls	贚
okbwch	贜
okklrf	贝
okdcbw	负
oksibw	贠
okgsbw	贡
okbwcd	财
okfgbw	责
okbwwf	败
okbwih	账
okhxbw	货
okbwfj	贩
okjbbw	贪
okffbw	贫
okbwfj	贬
okbwgz	购
okgrbw	贯
okbwjm	贱
okhvbw	贲
okuibw	贳
okbwvj	贴
okbwxs	贶
okddbw	贷
okmcbw	贸
okfubw	费
okjxbw	贺
okbwtd	贻
okbwrs	贼
okvibw	贽
okxibw	贾
okbwyz	贿
okcibw	赀
okrfbw	赁
okbwge	赂
okbwvl	赃
okcibw	资
okbwhd	赅
okbwjb	赆
okbwqq	赇
okbwif	赈
okldbw	赉
okbwyu	赊
okbwwu	赋
okbwve	赌
okbwmd	赎
okthyr	赏
okbwyi	赐
okbwvz	赒
okbwpz	赔
okbwyj	赕
okuufu	赖
okbwmc	赗
okaobw	赘
okbwjm	赚
okifze	赜
okbbbw	赟
okbwzg	赠
okbwvj	赡
okiiqm	赥
okiiwf	赦
okiiis	赨
okiise	赩
okiivf	赪
okiiii	赫
okiivf	赬
okiive	赭
okiixx	赮
okiith	赯
oktuzz	走
okzzli	赲
okzzjq	赳
okzzbu	赴
okzzia	赵
okzzgj	赶
okzzji	起
okzzuj	赸
okzzyy	赹
okzzjb	赺
okzzuc	赻
okzzqm	赼
okzzgk	赽
okzzjb	赾
okzzui	赿
okzzzi	趀
okzzvf	趁
okzzer	趂
okzzui	趃
okzzqp	趄
okzzvc	超
okzzdi	趆
okzzli	趇
okzzvj	趈
okzziu	趉
okzzyt	越
okzziu	趋
okzzji	趌
okzzdo	趍
okzzvu	趎
okzzue	趏
okzzyu	趐
okzzci	趑
okzzvc	趒
okzzdo	趓
okzzlp	趔
okzzhj	趕
okzzzo	趖
okzzzu	趗
okzzww	趘
okzzxn	趙
okzzuu	趚
okzzjb	趛
okzznm	趝
okzzxi	趞
okzzuh	趟
okzzvo	趠
okzzvv	趡
okzzlu	趢
okzzqu	趣
okzzdh	趤
okzzqq	趥
okzzzi	趦
okzzui	趧
okzziu	趨
okzzhl	趪
okzzqn	趫
okzzyc	趬
okzzjn	趭
okzzzc	趮
okzzvd	趯
okzzer	趰
okzzzj	趱
okzzzj	趲
okkzzz	足
okzuba	趴
okzuuc	趵
okzuyu	趶
okzuqi	趷
okwjzu	趸
okzugk	趹
okzufu	趺
okzujb	趻
okzukd	趼
okzufh	趽
okzuvi	趾
okzuji	趿
okzuyt	跀
okzuba	跁
okzuvi	跂
okzuyc	跃
okzuch	跄
okzuii	跅
okzutd	跆
okzuui	跇
okzuvf	跈
okzulk	跉
okzuww	跊
okzuba	跋
okzuui	跌
okzugu	跍
okzuta	跎
okzujx	跏
okzuci	跐
okzubc	跑
okzuke	跒
okzuvu	跓
okzuju	跔
okzuvj	跕
okzuui	跖
okzufu	跗
okzubj	跘
okzuqp	跙
okzuce	跚
okzupi	跛
okzuni	跜
okzuju	距
okzule	跞
okzugf	跟
okzuyi	跠
okzuyi	跡
okzudo	跢
okzuxm	跣
okzujn	跤
okzuvu	跦
okzuqr	跧
okzukx	跨
okzuyi	跩
okzuww	跪
okgszu	跫
okzugv	跬
okzujl	跭
okzuvi	跮
okzuge	路
okzubk	跰
okzusi	跱
okzuhe	跲
okzuvc	跳
okzuxi	跴
okzujm	践
okzuda	跶
okzuyc	跷
okzubi	跸
okzuqm	跹
okzudo	跺
okzuqi	跻
okzuju	跼
okzuji	跽
okyzzu	跾
okzuzz	跿
okzuzu	踀
okzujk	踁
okzuxn	踃
okzubu	踄
okvezu	踅
okzuqy	踆
okzumw	踇
okzuuu	踈
okzull	踉
okzuys	踊
okzuqt	踋
okzuuz	踌
okzuxn	踍
okzufz	踎
okzuda	踏
okzuqi	踑
okzuww	踒
okzuvv	踓
okzuvo	踔
okzujp	踕
okzuxi	踖
okzunm	踗
okzuqu	踙
okzuly	踚
okzulu	踛
okzulk	踜
okzugo	踝
okzuju	踞
okzuvi	踟
okzuwj	踠
okzujr	踡
okzuyi	踢
okzuzu	踤
okzuqp	踥
okzuqi	踦
okzuuu	踧
okzucd	踩
okzuzs	踪
okzubk	踫
okzuvi	踬
okzuvg	踭
okzudm	踮
okzuvg	踯
okzuyu	踰
okzudu	踱
okzudy	踲
okzuiy	踳
okzuys	踴
okzuvs	踵
okzuui	踶
okzuve	踷
okzuuf	踸
okzudr	踹
okzujm	踺
okzugo	踻
okzuyh	踼
okzuyu	踽
okzufu	踾
okzuqq	踿
okzuye	蹀
okzubm	蹁
okzurz	蹂
okzuro	蹃
okzudi	蹄
okzuia	蹅
okzutv	蹆
okviyc	蹈
okzuia	蹉
okzuxi	蹊
okzuch	蹌
okzuvj	蹍
okzuvf	蹎
okzusi	蹏
okzuji	蹐
okzunp	蹑
okzulq	蹓
okvjzu	蹔
okzubi	蹕
okzuis	蹖
okzulu	蹗
okqizu	蹙
okzuth	蹚
okzudd	蹛
okzusu	蹜
okzuxi	蹝
okzuqk	蹞
okzuze	蹟
okzuuu	蹠
okzujl	蹡
okzudi	蹢
okzumj	蹣
okzucs	蹤
okzulm	蹥
okzubg	蹦
okzucc	蹧
okzurj	蹨
okbizu	蹩
okzugv	蹪
okzudg	蹬
okzuzg	蹭
okzufj	蹯
okzuiu	蹰
okzuts	蹱
okzuzy	蹲
okzufa	蹳
okzujq	蹴
okjqzu	蹵
okzujt	蹶
okjtzu	蹷
okzulb	蹸
okzuyc	蹺
okzuqn	蹻
okzuln	蹽
okzudy	蹾
okzucr	蹿
okzugr	躀
okzuzc	躁
okzuda	躂
okzupi	躃
okpizu	躄
okzuuu	躅
okzuvu	躇
okzujn	躈
okwjzu	躉
okzuuz	躊
okzuqi	躋
okzuwu	躌
okzuvd	躍
okzuer	躎
okzulb	躏
okzule	躒
okzuvi	躓
okzuiu	躕
okwwzu	躗
okzuls	躘
okzuqm	躚
okwwzu	躛
okzuzj	躜
okzulj	躝
okzuxl	躟
okxtzu	躠
okzunp	躡
okzuqu	躣
okzuji	躤
okzuzj	躦
okzuli	躧
okzujt	躩
okufgs	躬
okufyb	躭
okufff	躮
okufqu	躯
okufbf	躰
okufdo	躲
okuflv	躳
okufll	躴
okufrf	躵
okufgo	躶
okufww	躷
okufqi	躸
okufuh	躺
okufks	躻
okufih	躼
okufmw	躾
okufkh	躿
okufqu	軀
okuflz	軁
okuflc	軂
okufdj	軃
okufyj	軅
okufuz	軇
okufyk	軈
okufbc	軉
okieve	軋
okiejq	軌
okbcie	軍
okiekz	軎
okiewu	軏
okiexy	軐
okieda	軑
okiegj	軒
okiefj	軓
okierf	軔
okieuj	軕
okiewh	軖
okieuu	軗
okiety	軘
okiepu	軙
okietd	軚
okieee	軛
okienw	軜
okieui	軝
okiemc	軞
okieqm	軟
okierf	軠
okiejb	軡
okieyy	転
okiehu	軤
okieju	軥
okiexs	軦
okiedi	軧
okielk	軨
okietd	軩
okieyz	軪
okievf	軫
okiekl	軭
okieyh	軮
okiepk	軯
okbwie	軰
okiegx	軱
okiegu	軲
okiebc	軳
okievu	軴
okiefu	軵
okieba	軷
okieyz	軸
okievi	軹
okievc	軺
okieke	軻
okieui	軼
okieug	軽
okieui	軾
okiebk	軿
okieer	輀
okiegs	輁
okgsie	輂
okiejn	較
okiegl	輄
okiege	輅
okiehd	輆
okieqr	輇
okievz	輈
okievi	輊
okiegu	輍
okiexn	輎
okieyz	輏
okiewj	輐
okiejy	輑
okiemm	輓
okiefu	輔
okiejk	輕
okievz	輖
okieer	輗
okielk	輘
okiequ	輙
okiell	輛
okgljy	輝
okiewh	輞
okievo	輟
okiego	輠
okieqi	輢
okiepg	輣
okieqk	輤
okieky	輥
okiegr	輨
okfwie	輩
okiely	輪
okiefw	輫
okiejk	輬
okierz	輮
okieyh	輰
okiexm	輱
okiedr	輲
okiezz	輳
okiedy	輴
okiehe	輵
okieqq	輶
okiehs	輷
okieyu	輸
okiefu	輹
okiefu	輻
okiewf	輼
okievj	輾
okiewf	轀
okieyc	轁
okieqb	轃
okiehd	轄
okieyr	轅
okielu	轆
okieic	轈
okievr	轉
okiehv	轊
okielm	轋
okiext	轌
okieqn	轎
okieij	轏
okieln	轑
okiebf	轒
okiefj	轓
okielb	轔
okiege	轕
okiese	轖
okiegj	轗
okieyi	轙
okiedv	轛
okiexu	轜
okyuie	轝
okiejm	轞
okiele	轢
okieli	轣
okielu	轤
okieve	轧
okiejq	轨
okiegj	轩
okieda	轪
okierf	轫
okievr	转
okieee	轭
okiely	轮
okieqm	软
okieul	轰
okiegu	轱
okieke	轲
okielu	轳
okieyz	轴
okievi	轵
okieui	轶
okiehu	轷
okievf	轸
okiele	轹
okievc	轺
okieui	轼
okievi	轾
okieqn	轿
okievz	辀
okieqr	辁
okiege	辂
okiejn	较
okiefu	辅
okiell	辆
okfwie	辈
okgljy	辉
okieky	辊
okiewh	辋
okiejk	辌
okievo	辍
okiezz	辏
okiefu	辐
okiewf	辒
okieyu	输
okieyr	辕
okiehd	辖
okievj	辗
okielu	辘
okielb	辚
okliui	辛
okguxb	辜
oktdxb	辝
okuexb	辞
okzixb	辠
okxbxb	辡
okuuxb	辢
okxbuu	辣
okuzxb	辤
okifcy	辱
okquif	農
oklbif	辳
okdjif	辴
okujzz	辵
okvihg	辷
okvind	辸
okvili	边
okvidc	辺
okviui	辻
okviru	込
okviln	辽
okvida	达
okviuj	辿
okvigj	迀
okviqm	迁
okviyu	迂
okvikv	迃
okviqi	迄
okvixy	迅
okviye	迆
okvicy	过
okviwj	迈
okviui	迉
okviwh	迋
okviyt	迌
okvity	迍
okvimc	迎
okvitd	迏
okviyy	运
okvijb	近
okvikh	迒
okviya	迓
okvifj	返
okviwu	迕
okviqr	迖
okvitm	迗
okvibu	还
okviwf	这
okvivs	迚
okvijk	进
okviyr	远
okviww	违
okviie	连
okviii	迟
okvivj	迠
okvini	迡
okvivc	迢
okviui	迣
okvijs	迥
okvijx	迦
okviuf	迧
okvitd	迨
okvier	迩
okviyz	迪
okvibd	迫
okvivu	迬
okviui	迭
okviva	迮
okviwd	迯
okviuu	述
okvita	迱
okviqu	迲
okvihv	迴
okvits	迵
okviyz	迶
okvimi	迷
okvibk	迸
okviyi	迹
okvixi	迺
okvido	迻
okviji	迼
okvidv	追
okvilp	迾
okvixy	迿
okvigf	退
okvigr	送
okviue	适
okvivc	逃
okvijl	逄
okvihz	逅
okvini	逆
okvidi	逇
okvixl	逈
okvixm	选
okvisy	逊
okvifu	逋
okvixn	逍
okviyz	逎
okvixq	透
okviui	逐
okviqq	逑
okvidi	递
okviyu	途
okvijk	逕
okvidi	逖
okvidz	逗
okviyi	逘
okviyj	這
okviys	通
okvikl	逛
okviwu	逜
okvive	逝
okviig	逞
okviuu	速
okvigc	造
okviqy	逡
okvifg	逢
okviie	連
okviua	逤
okvihv	逥
okvili	逦
okvigu	逧
okvild	逨
okvibf	逩
okvixi	逪
okvivo	逫
okvigr	逭
okvili	逮
okvilu	逯
okvivz	週
okvivv	進
okviyu	逳
okvivo	逴
okvilu	逵
okviww	逶
okviyi	逷
okvitu	逸
okvixk	逹
okvilo	逻
okvifu	逼
okviro	逽
okviyu	逾
okviyh	逿
okvidy	遁
okvisv	遂
okviyj	遃
okvidr	遄
okdivi	遆
okviyu	遇
okviui	遈
okvivf	遉
okvijy	運
okvibm	遍
okvigo	過
okvihe	遏
okvixx	遐
okvihl	遑
okviqq	遒
okviuz	道
okviww	違
okvinj	遖
okvigv	遗
okvigz	遘
okviyc	遙
okvisz	遚
okvilq	遛
okvisy	遜
okvisi	遞
okviyr	遠
okviuo	遡
okvima	遤
okvigr	遦
okvivh	遧
okviao	遨
okvidi	適
okvicj	遪
okviii	遫
oksuqm	遬
okvicc	遭
okviuu	遮
okvity	遯
okvidd	遰
okvilz	遱
okvixi	遲
okvilb	遴
okvizy	遵
okviyc	遶
okvixy	選
okvigv	遺
okviln	遼
okvipi	避
okviwj	邁
okvijp	邂
okvidj	邅
okvidg	邆
okvier	邇
okvili	邌
okvilo	邏
okvili	邐
okkzba	邑
okdker	邒
okyzer	邓
okjier	邔
okiryi	邕
okujer	邖
okgjer	邗
okyuer	邘
okwher	邙
oknver	邚
okgser	邛
okxier	邜
okgler	邝
okfuer	邞
okkher	邟
okffer	邠
okfher	邡
okkder	邢
okjber	邤
okyber	邥
okfger	邦
okyrer	邧
oktyer	邨
okhoer	邩
okyaer	邪
okfgyi	邫
okwuer	邬
okjuer	邭
okyzer	邮
okgjer	邯
oktder	邰
okqqer	邱
okbier	邲
okpier	邳
okbker	邴
okvcer	邵
okbwer	邶
okwaer	邷
okdier	邸
okiuer	邹
okyeer	邺
oklker	邻
okkler	邼
okgvxt	邽
okvuer	邾
oksier	邿
okkxer	郀
okyzer	郁
okhder	郂
okheer	郃
okvier	郅
okjier	郆
okxyer	郇
okhzer	郈
okjner	郊
okzier	郋
okgvyi	郌
okvzer	郍
okjxer	郏
okhver	郐
okgrer	郑
okllyi	郒
okjyer	郓
okyjer	郔
okiger	郕
okdzer	郖
okxier	郗
oklver	郘
okfuer	郙
okwuer	郚
okgcer	郜
okiier	郝
okller	郞
okjxer	郟
okgger	郠
okjyer	郡
okiger	郢
okboer	郣
okguer	郤
okbwer	郥
oklier	郦
okyrer	郧
okpzer	部
okycer	郩
okqier	郪
okbwer	郫
okqker	郬
okxler	郭
okvzer	郮
okyjer	郯
okquer	郰
okbker	郱
oklder	郲
okerer	郳
oklber	郴
okiver	郵
okpzyi	郶
okdjer	郸
okwwer	郼
okveer	都
okmwer	郿
okroer	鄀
okbwer	鄁
okyuer	鄃
okyuer	鄅
okjyer	鄆
okhzer	鄇
okgver	鄈
okxllh	鄉
okxlye	鄊
okszer	鄋
okther	鄌
okmker	鄍
okxier	鄎
okruer	鄏
okxuer	鄐
okjber	鄑
okizer	鄓
okwuer	鄔
okyrer	鄖
okgcer	鄗
okyser	鄘
okmoer	鄚
okicer	鄛
okluer	鄜
okjber	鄞
okvrer	鄟
okxner	鄡
okyjer	鄢
okvher	鄣
okmjer	鄤
oknner	鄥
okwuer	鄦
okdger	鄧
okbiyi	鄨
okxyer	鄩
okfwer	鄪
okzger	鄫
okwwer	鄬
okdmer	鄭
okmcer	鄮
okujer	鄯
oklber	鄰
okfjer	鄱
okdjer	鄲
okmmer	鄳
okyeer	鄴
okzcer	鄵
okhver	鄶
okmger	鄸
okjuer	鄹
okgler	鄺
okyzer	鄾
okyjer	酀
okzjer	酂
okzjer	酇
oklier	酈
okxihg	酉
okyzdk	酊
okbayz	酋
okyzuc	酌
okyzji	配
okyzcy	酎
okyzye	酏
okyzgj	酐
okyzyu	酑
okuvyz	酒
okjbyz	酓
okyzmc	酕
okyzyb	酖
okyzxs	酗
okyzuu	酘
okyzdz	酙
okyzff	酚
okyzyr	酛
okyzfu	酜
okyzyy	酝
okyztd	酞
okyzvj	酟
okyzke	酠
okyzta	酡
okyzva	酢
okyzgj	酣
okyzgu	酤
okyzhe	酥
okyzfa	酦
okyzuz	酧
okyzmk	酩
okyzge	酪
okyzqr	酫
okyzvz	酬
okyzyz	酭
okyzts	酮
okyzvi	酯
okyzxm	酰
okyzig	酲
okyzyu	酴
okyzxn	酵
okyzmw	酶
okyzgc	酷
okyzqy	酸
okyzfu	酺
okyzfu	酻
okyzlq	酼
okyzyj	酽
okyzli	酾
okyzll	酿
okyzvv	醀
okyzlu	醁
okyzlb	醂
okyzyj	醃
okyzpz	醅
okyzxl	醇
okyzyj	醈
okyzzu	醉
okyzvo	醊
okyzxi	醋
okyzky	醌
okyzui	醍
okyzxm	醎
okyzve	醏
okyzhu	醐
okyzxu	醑
okyzxk	醒
okqqyz	醔
okyzwf	醖
okyzhe	醘
okyzsz	醙
okyzmi	醚
okyzgv	醜
okyzia	醝
okyzwf	醞
okyzah	醠
okyzvd	醡
okyzth	醣
okyzpn	醥
okyzcj	醦
okyzqu	醧
okyzli	醨
okyzcc	醩
okjlyz	醬
okyzjn	醮
okyztj	醰
okyzfa	醱
okyzns	醲
okyzqm	醶
okyzyi	醷
okyzxu	醹
okyzxy	醺
okyzuz	醻
okyzyj	醼
okyzmi	醾
okyzmi	醿
okyzxl	釀
okyzjt	釂
okyzli	釃
okyzmi	釄
okyzyj	釅
okppmi	釆
okvxmu	采
okbmii	釈
okbmyz	釉
okjxer	里
okqmli	重
okliyu	野
okdjli	量
okjbve	钆
okjbyi	钇
okjbui	针
okjbdk	钉
okjbdc	钊
okjbbu	钋
okjbln	钌
okjbtu	钍
okjbqm	钎
okjbir	钏
okjbuj	钐
okjbji	钑
okjbfj	钒
okjbuc	钓
okjbmf	钔
okjbnv	钕
okjbyi	钖
okjbia	钗
okjbkd	钘
okjbgd	钙
okjbbu	钚
okjbtd	钛
okjbju	钜
okjbty	钝
okjbuc	钞
okjbvs	钟
okjbnw	钠
okjbbw	钡
okjbgh	钢
okjbfj	钣
okjbjb	钤
okjbyt	钥
okjbqm	钦
okjbyy	钧
okjbwu	钨
okjbgz	钩
okjbkh	钪
okjbfh	钫
okjbho	钬
okjbdz	钭
okjbiz	钮
okjbba	钯
okjbyu	钰
okjbjm	钱
okjbvg	钲
okklgj	钳
okjbgu	钴
okjbbf	钵
okjbke	钶
okjbpo	钷
okjbbu	钸
okjbba	钹
okjbyt	钺
okjbvj	钻
okjbmu	钼
okjbdj	钽
okjbjx	钾
okjbtm	钿
okjbyz	铀
okjbui	铁
okjbbd	铂
okjblk	铃
okjble	铄
okjbmc	铆
okjbbc	铇
okjbui	铈
okjbxr	铉
okjbta	铊
okjbbi	铋
okjbni	铌
okjbpi	铍
okjbxk	铏
okjbkc	铐
okjblc	铑
okjber	铒
okjbmh	铓
okjbya	铔
okjbyz	铕
okjbig	铖
okjbjx	铗
okjbxp	铘
okjbyc	铙
okjbvi	铚
okjbdh	铛
okjbts	铜
okjblv	铝
okjbdn	铞
okjbyb	铟
okjbqi	铠
okjbze	铡
okjbvu	铢
okjbxm	铣
okjbtk	铤
okjbdq	铥
okjbue	铦
okjbhx	铧
okjbqr	铨
okjbua	铩
okjbhe	铪
okjbvc	铫
okjbge	铬
okjbmk	铭
okjbvg	铮
okjbse	铯
okjbjn	铰
okjbyi	铱
okjbij	铲
okjbis	铳
okjbth	铴
okjban	铵
okjbgf	银
okjbru	铷
okjbuz	铸
okjblc	铹
okjbfu	铺
okjbwu	铻
okjbld	铼
okjbtv	铽
okjblm	链
okjbjm	铿
okjbxn	销
okjbli	锂
okjbig	锃
okjbvu	锄
okjbgo	锅
okjbgc	锆
okjbwo	锇
okjbxq	锈
okjbzo	锉
okjbfg	锋
okjbxb	锌
okjblq	锍
okjbjm	锏
okjbdv	锐
okjbdi	锑
okjbll	锒
okjbju	锔
okjbaa	锕
okjbqk	锖
okjbve	锗
okjbro	锘
okjbxi	错
okjbmn	锚
okjbbf	锛
okjbqi	锜
okjbde	锝
okjbgo	锞
okjbky	锟
okjbih	锠
okjbyi	锡
okjbgu	锢
okjblo	锣
okjbiv	锤
okjbvv	锥
okjbbo	锦
okjbvi	锧
okjbxb	锨
okjbjr	锩
okjbhu	锪
okjbpz	锫
okjbyj	锬
okjbdk	锭
okjbjm	键
okjbju	锯
okjbmg	锰
okjbqi	锲
okjbyk	锳
okjbjp	锴
okjbjl	锵
okjbsi	锶
okjbqq	锹
okjbvs	锺
okjbdr	锻
okjbsz	锼
okjbhl	锽
okjbyr	锾
okjbai	锿
okjbdu	镀
okjbmw	镁
okjblz	镂
okjbzi	镃
okjbfw	镄
okjbmw	镅
okjbmo	镆
okjbvf	镇
okjbge	镉
okjbnp	镊
okjbdh	镋
okjbjy	镌
okjbnp	镍
okjbna	镎
okjblq	镏
okjbgc	镐
okjbph	镑
okwuyi	镒
okjbjx	镓
okjbbb	镔
okjbrs	镕
okjbpn	镖
okjbth	镗
okjbmj	镘
okjblw	镙
okjbbg	镚
okjbys	镛
okjbjk	镜
okjbdi	镝
okjbzu	镞
okjbxr	镟
okjbtj	镡
okjbjt	镢
okjbln	镣
okjblu	镥
okjbdy	镦
okjblj	镧
okjbpu	镨
okjbcr	镩
okjbql	镪
okjbdg	镫
okjbho	镬
okjblw	镭
okjbuu	镯
okjblm	镰
okjbyi	镱
okjbca	镲
okjbxl	镶
okjbve	釓
okjbyi	釔
okjbln	釕
okjbdc	釖
okjbdc	釗
okjbdk	釘
okjbbu	釙
okjbjq	釚
okjbli	釛
okjbui	針
okjbru	釞
okjbba	釟
okjbji	釠
okbajb	釡
okjbnd	釢
okjbuc	釣
okjbuj	釤
okjbxn	釥
okjbkz	釦
okjbir	釧
okjbzi	釨
okjbfj	釩
okjbyu	釪
okjbkv	釫
okjbgj	釬
okjbgs	釭
okjbcd	釮
okjbwh	釯
okjbrf	釰
okjbda	釱
okjbsi	釲
okjbqi	釳
okjbyi	釴
okjbia	釵
okjbye	釶
okjbtu	釷
okjbxi	釸
okjbnv	釹
okjbqm	釺
okjbwj	釻
okjbvx	釽
okjbya	釾
okjbjb	釿
okjbba	鈀
okjbfh	鈁
okjbyb	鈂
okjbkd	鈃
okjbdz	鈄
okjbyt	鈅
okjbgs	鈆
okjbfu	鈇
okjbbu	鈈
okjbnw	鈉
okjbxb	鈊
okjbhx	鈋
okjbgk	鈌
okjbty	鈍
okjbgz	鈎
okjbyb	鈏
okjbjb	鈐
okjbfj	鈑
okjbji	鈒
okjbrf	鈓
okjbuc	鈔
okjbiz	鈕
okjbff	鈖
okjbyy	鈗
okjbvi	鈘
okjbpu	鈙
okjbbi	鈚
okjbge	鈛
okjbgs	鈜
okjbnq	鈝
okjbyy	鈞
okjbdn	鈟
okjbuu	鈠
okjbvs	鈡
okjbmu	鈢
okjbgd	鈣
okjbri	鈤
okjbho	鈥
okjbtd	鈦
okjbkh	鈧
okjbyr	鈨
okjbhu	鈩
okjbee	鈪
okjbwf	鈫
okjbii	鈬
okcijb	鈭
okjbni	鈮
okjbiu	鈯
okjbui	鈰
okjbmb	鈱
okjbgx	鈲
okjbke	鈳
okjblk	鈴
okjbbk	鈵
okjbtd	鈶
okjbgu	鈷
okjbba	鈸
okjbpi	鈹
okjbyu	鈺
okjbkz	鈻
okjbva	鈼
okjbbu	鈽
okjbyz	鈾
okjbtm	鈿
okjbjx	鉀
okjbvf	鉁
okjbui	鉂
okjbui	鉃
okjbui	鉄
okjbju	鉅
okjbvj	鉆
okjbta	鉈
okjbxr	鉉
okjbvc	鉊
okjbbc	鉋
okjbhe	鉌
okjbbi	鉍
okjbug	鉎
okjbqp	鉏
okjbui	鉐
okjbbd	鉑
okjbvu	鉒
okjbza	鉔
okjbpo	鉕
okjbds	鉖
okjbgj	鉗
okjbfu	鉘
okjbvi	鉙
okjbmc	鉚
okjbfu	鉜
okjbli	鉝
okjbyt	鉞
okjbpi	鉟
okjbyh	鉠
okjbbj	鉡
okjbbf	鉢
okjbqu	鉣
okjbju	鉤
okjbuu	鉥
okjbvg	鉦
okjbmu	鉧
okjber	鉨
okjbui	鉪
okjbjx	鉫
okjbmu	鉬
okjbdj	鉭
okjbuf	鉮
okjbyi	鉯
okjbsi	鉰
okjbka	鉲
okjbbw	鉳
okjbis	鉵
okjbxk	鉶
okjbgs	鉷
okjbjn	鉸
okjbdo	鉹
okjber	鉺
okjbge	鉻
okjbbk	鉼
okjbui	鉽
okjbmz	鉾
okjbhe	鉿
okjbgf	銀
okjbxy	銁
okjbvz	銂
okjbis	銃
okjbxl	銄
okjbts	銅
okjbbd	銆
okjblw	銇
okjbgv	銈
okjbyu	銉
okjbxu	銊
okjbrf	銋
okjbcy	銌
okjbvi	銍
okgsjb	銎
okjbce	銏
oklpjb	銐
okjbxm	銑
okjbqr	銓
okjbyi	銕
okjbvu	銖
okjbhz	銗
okjbmk	銘
okjbkx	銙
okjbvc	銚
okjbue	銛
okxkjb	銜
okjbxq	銝
okxyjb	銞
okjblc	銠
okjbji	銡
okjbru	銣
okjbmi	銤
okjbyi	銥
okjbyb	銦
okjbgl	銧
okjban	銨
okjbdq	銩
okjbyz	銪
okjbse	銫
okjbkc	銬
okyijb	銮
okjbsi	銯
okjbai	銰
okjbdn	銱
okjbhj	銲
okjbdv	銳
okvejb	銴
okjbuf	銵
okjbqq	銶
okjbxn	銷
okjbxq	銹
okvljb	銺
okjbdi	銻
okjbzo	銼
okjbgs	銾
okjbys	銿
okjbdz	鋀
okjblv	鋁
okjbmw	鋂
okjbll	鋃
okjbxb	鋅
okjyjb	鋆
okjbbw	鋇
okwojb	鋈
okjbuu	鋉
okjbgu	鋊
okjbyj	鋋
okjbtk	鋌
okjbbo	鋍
okjbwj	鋎
okjbjx	鋏
okjbhs	鋐
okjbqy	鋑
okjbfg	鋒
okjbli	鋓
okjbmm	鋔
okjbvi	鋕
okjbto	鋖
okjbyr	鋗
okjbwu	鋘
okjbwu	鋙
okyzjb	鋚
okjbir	鋛
okjbzu	鋜
okjbjk	鋞
okjbif	鋠
okjbhj	鋡
okjbfu	鋢
okjbxp	鋣
okjbvu	鋤
okjbig	鋥
okjbju	鋦
okjbjm	鋧
okjbwo	鋨
okjbmh	鋩
okjbfu	鋪
oklijb	鋫
okbjjb	鋬
okjbdv	鋭
okjbig	鋮
okjbgc	鋯
okjbli	鋰
okjbtv	鋱
okjbbk	鋲
okjbuz	鋳
okjbke	鋴
okjbtu	鋵
okjblq	鋶
okjbqu	鋷
okjbju	鋸
okjbih	鋹
okjbwj	鋺
okjbgh	鋼
okjbvo	鋽
okjbuh	鋿
okjbly	錀
okjbgo	錁
okjblk	錂
okbojb	錃
okjblu	錄
okjbqk	錆
okjbpz	錇
okjbjr	錈
okjbhy	錉
okjbzu	錊
okjbpg	錋
okjban	錌
okjbbw	錍
okjbya	錏
okjbvv	錐
okjbli	錑
okjbaa	錒
okjbql	錓
okjbda	錔
okjbky	錕
okuujb	錖
okjbww	錗
okjbiv	錘
okjbvg	錚
okjbbf	錛
okjbnm	錜
okjbzs	錝
okjbxl	錞
okjbyj	錟
okjbdk	錠
okjbqi	錡
okjbvo	錣
okjbqi	錤
okjbyu	錥
okjbbo	錦
okjbgr	錧
okjbmn	錨
okjbih	錩
okjbdm	錪
okjbyi	錫
okjbds	錬
okjbvz	錭
okjbgu	錮
okjbxi	錯
okjbjp	錰
okjblu	録
okjbmg	錳
okjblu	錴
okjbhx	錵
okjbbn	錶
okjbva	錷
okjbld	錸
okjbkf	錹
okjbfh	錺
okjbwu	錻
okjbnd	錼
okvjjb	錾
okjbhu	錿
okjbde	鍀
okjbxb	鍁
okjbjb	鍂
okjbhu	鍃
okjbjk	鍄
okjbfa	鍅
okjbmf	鍆
okjbjp	鍇
okjbyk	鍈
okjbui	鍉
okjbjm	鍊
okjbgo	鍋
okxijb	鍌
okjbdu	鍍
okjbdy	鍎
okjbww	鍏
okjbfu	鍑
okjbrz	鍒
okjbjy	鍕
okjbuf	鍖
okjbdi	鍗
okjbze	鍘
okhsjb	鍙
okjbyh	鍚
okjbdr	鍛
okjbxx	鍜
okjbyu	鍝
okjbvf	鍞
okjbxk	鍟
okjbhl	鍠
okjbww	鍡
okjbfu	鍢
okjbuc	鍣
okjbqi	鍥
okjbui	鍦
okjbhs	鍧
okjbgv	鍨
okjbro	鍩
okqqjb	鍫
okjbqq	鍬
okjbhz	鍭
okjbyu	鍮
okjbyr	鍰
okjbye	鍱
okjbdr	鍴
okjbjm	鍵
okjbsi	鍶
okjbkv	鍷
okjbhu	鍸
okjbxr	鍹
okjbve	鍺
okjbhe	鍻
okjbxm	鍼
okjbbm	鍽
okjbvs	鍾
okjbxq	鎀
okjbye	鎁
okjbmw	鎂
okjbpd	鎃
okjbai	鎄
okjbjp	鎅
okjbqm	鎆
okjbmw	鎇
okjbia	鎈
okjbph	鎊
okjbhd	鎋
okjbjm	鎌
okjbso	鎍
okjbqi	鎎
oklqjb	鎏
okjbyc	鎐
okjbhe	鎑
okjbru	鎒
okjbwg	鎓
okjbrs	鎔
okjbth	鎕
okjbch	鎗
okjbge	鎘
okjbuo	鎙
okjbvv	鎚
okjbvr	鎛
okbjjb	鎜
okjbsh	鎟
okjbgh	鎠
okjbzi	鎡
okjbwu	鎢
okjbhl	鎤
oktnjb	鎥
okjblq	鎦
okjbqi	鎧
okjbsy	鎨
okjbua	鎩
okjbsz	鎪
okjbgc	鎬
okjbvf	鎭
okjbvf	鎮
okjblh	鎯
okjbyi	鎰
okjbyr	鎱
okjbdh	鎲
okjbnp	鎳
okjbxi	鎴
okjbjx	鎵
okjbge	鎶
okjbma	鎷
okjbjy	鎸
okjbss	鎹
okjbzu	鎺
okjbwf	鎾
okjbna	鎿
okjblu	鏀
okjbic	鏁
okjbqu	鏂
okjbzu	鏃
okjbvr	鏄
okjbxq	鏅
okjbgr	鏆
okjbxr	鏇
okjblm	鏈
okaojb	鏊
okjbmj	鏋
okjbmo	鏌
okjblw	鏍
okjbbi	鏎
okjbhv	鏏
okjbdi	鏑
okjbcj	鏒
okjbyb	鏔
okjblu	鏕
oklujb	鏖
okjbjm	鏗
okjbjl	鏘
okjbcv	鏙
okjbqi	鏚
okjbih	鏛
okjbth	鏜
okjbmj	鏝
okjbys	鏞
okjbij	鏟
okjbfg	鏠
okjbjk	鏡
okjbpn	鏢
okjbuu	鏣
okjblz	鏤
okjbsu	鏥
okjbcs	鏦
okvjjb	鏨
okjbvj	鏩
okjbcc	鏪
okjbli	鏫
okjbxi	鏭
okjbkh	鏮
okjbul	鏯
okjbbg	鏰
okjbvh	鏱
okjbqm	鏲
okjbzg	鏳
okjblu	鏴
okjbhx	鏵
okjbji	鏶
okjbhv	鏸
okjbql	鏹
okjbfa	鏺
okjblb	鏻
okjbce	鏼
okjbsu	鏽
okjbsj	鏾
okjbth	鏿
okjbgv	鐀
okjbsi	鐁
okjbyc	鐃
okjbhl	鐄
okbijb	鐅
okdvjb	鐆
okjbfj	鐇
okjbqn	鐈
okjbxy	鐉
okjbyh	鐊
okjbth	鐋
okjbxl	鐌
okjbjn	鐎
okjbzy	鐏
okjbln	鐐
okjbjp	鐑
okjblc	鐒
okjbdy	鐓
okjbtj	鐔
okjbji	鐖
okjbxm	鐗
okjbts	鐘
okjbdg	鐙
okjbee	鐚
okjbjk	鐛
okdyjb	鐜
okjbjt	鐝
okjbxy	鐞
okjbti	鐟
okjbpu	鐠
okjbvh	鐣
okjbdk	鐤
okjbuj	鐥
okjbjm	鐧
okjbfw	鐨
okjbsv	鐩
okjbjy	鐫
okjbsv	鐬
okjbao	鐭
okjblm	鐮
okjbvu	鐯
okjbzc	鐰
okjbqm	鐱
okjbuu	鐲
okjblw	鐳
okjbpi	鐴
okjbye	鐷
okjbgo	鐹
okjbdh	鐺
okjbbf	鐼
okjbda	鐽
okpijb	鐾
okjbyi	鐿
okjbai	鑀
okjbxy	鑂
okjbvd	鑃
okjbuz	鑄
okjbrs	鑅
okjbdv	鑆
okjbqi	鑇
okjber	鑈
okjbho	鑊
okqkjb	鑋
okjbbb	鑌
okjbkv	鑎
okjbnk	鑏
okjbxu	鑐
okjbjm	鑑
okjbqm	鑓
okjbca	鑔
okjbvi	鑕
okjbmp	鑖
okjbli	鑗
okjbgl	鑛
okjbuh	鑜
okjbpg	鑝
okjbmd	鑟
okjble	鑠
okjbii	鑡
okjblv	鑢
okjbbc	鑤
okjblu	鑥
okjbxm	鑦
okjbkr	鑧
okjbls	鑨
okjbee	鑩
okjblu	鑪
okjblj	鑬
okjblj	鑭
okjbbo	鑮
okjbly	鑰
okjbxl	鑲
okjbjm	鑳
okjbch	鑶
okjbnp	鑷
okjbqu	鑺
okjbpj	鑻
okjblo	鑼
okjbzj	鑽
okjbxm	钀
okjbjt	钁
okjbdh	钂
okjbuu	钃
okihjq	镹
okihyc	镺
okihui	镻
okihqu	镼
okihln	镽
okiher	镾
okmfhg	闩
okmfrf	闪
okmfsj	闫
okmfgj	闬
okmfcd	闭
okmfkz	问
okmfma	闯
okmfwh	闰
okmfww	闱
okmfmu	闲
okmfgs	闳
okmfri	间
okmfwf	闵
okmfkh	闶
okmfxb	闷
okmfjx	闸
okmfui	闹
okmfgv	闺
okmfer	闻
okmfda	闼
okmfis	闽
okmflv	闾
okmfqi	闿
okmffa	阀
okmfge	阁
okmfhd	阂
okmfky	阃
okmfgv	阄
okmfdv	阅
okmfll	阆
okmfve	阇
okmfho	阈
okmfyj	阉
okmfih	阊
okmfer	阋
okmfuz	阌
okmfhy	阍
okmfjq	阎
okmfyu	阏
okmfdj	阐
okmfjm	阑
okmfgv	阓
okmfho	阔
okmfgv	阕
okmfhe	阖
okmfvf	阗
okmfgj	阚
okmfpp	閁
okmfhg	閂
okmfrf	閃
okmfrf	閄
okmfdk	閅
okmfsj	閆
okmfxx	閇
okmfgj	閈
okmfcd	閉
okmfuj	閊
okmfkd	開
okmfkh	閌
okmffh	閍
okmfgs	閎
okmfwh	閏
okmfmc	閐
okmfmu	閑
okmfyt	閒
okmfri	間
okmfwf	閔
okmfya	閕
okmfuv	閖
okmfdz	閗
okmfjx	閘
okmfui	閙
okmfli	閚
okmfpk	閛
okmfke	閜
okmflk	閝
okmfbm	閞
okmfbi	閟
okmfyu	閠
okmfhd	閡
okmfgr	関
okmfge	閣
okmfhe	閤
okmffa	閥
okmfvs	閦
okmfgs	閧
okmfgv	閨
okmfis	閩
okmfxi	閪
okmfky	閫
okmfll	閬
okmflv	閭
okmftk	閮
okmfua	閯
okmfjq	閰
okmfdv	閱
okmfdv	閲
okmfie	閳
okmfbw	閴
okmfvv	閵
okmfih	閶
okuauj	閷
okmfya	閸
okmfyj	閹
okmfmb	閺
okmfyu	閼
okmfhy	閽
okmfho	閾
okmfuz	閿
okmfxl	闀
okmfmf	闁
okmfjr	闂
okmfyc	闄
okmfpb	闆
okmfyb	闇
okmfww	闈
okmfho	闊
okmfgv	闋
okmfjm	闌
okmfve	闍
okmfqr	闎
okmffg	闏
okmfvf	闐
okmfnp	闑
okjmyu	闒
okmfqi	闓
okmfhe	闔
okmfma	闖
okmfgv	闚
okmfth	闛
okmfbd	闝
okmfgj	闞
okmfgv	闠
okmfdj	闡
okmfpi	闢
okmfdh	闣
okmfda	闥
okmfyr	闧
okdvui	阜
okveuu	阝
okerli	阞
okerrf	队
okerxy	阠
okerqm	阡
okerwu	阢
okerqi	阣
okerye	阤
okeruv	阥
okerho	阦
okerdz	阧
okeree	阨
okerug	阩
okerfj	阪
okerbu	阫
okerkh	阬
okeryy	阭
okeryr	阮
okervi	阯
okerbi	阰
okerjk	阱
okerfh	防
okerri	阳
okeryt	阴
okerie	阵
okerjp	阶
okervg	阷
okerqu	阹
okerdi	阺
okerqp	阻
okerva	阼
okervj	阽
okerlk	阾
okerke	阿
okerta	陀
okerpi	陂
okerbk	陃
okerfu	附
okerui	际
okerji	陆
okerls	陇
okerds	陈
okerdo	陊
okerbd	陌
okerjl	降
okervu	陎
okeryz	陏
okergf	限
okerer	陑
okerww	陒
okerkx	陓
okerhd	陔
okerjx	陕
okerqy	陖
okerxn	陗
okerjk	陘
okerif	陙
okerwu	陚
okerjx	陜
okerjx	陝
okerbu	陟
okerfu	陠
okerzz	陡
okerwj	院
okerie	陣
okeryu	除
okeruz	陦
okeryr	陨
okerqm	险
okerpz	陪
okerfw	陫
okerqu	陬
okerqi	陭
okervv	陮
okerly	陯
okeriv	陲
okerds	陳
okerbw	陴
okerlk	陵
okerlu	陸
okerve	陼
okeryh	陽
okervs	隀
okeryu	隃
okerui	隄
okeryu	隅
okerww	隇
okerww	隈
okersv	隊
okeryb	隌
okerhl	隍
okerjp	階
okerji	隐
okerqi	隑
okerjm	隒
okerge	隔
okeryr	隕
okerwu	隖
okerqk	隗
okeryi	隘
okerth	隚
okerji	際
okervh	障
okernn	隝
okerao	隞
okeric	隟
okerij	隡
okeryc	隢
okerlb	隣
okergv	隤
okerdg	隥
okerpi	隦
okersv	隧
okerao	隩
okerqm	險
okerbf	隫
okerer	隬
okerxu	隭
okerqi	隮
okeruz	隯
oksvxn	隳
okerls	隴
okxtuv	隶
okndli	隸
okvvyz	隻
okvvui	隼
okvvnd	隽
okyzvv	难
okyivv	隿
okucvv	雀
okjbvv	雂
okkdvv	雃
okgsvv	雄
okyavv	雅
okvvmu	集
okhuvv	雇
okccvv	雈
okuivv	雉
okjuvv	雊
okcivv	雌
okqpvv	雎
okiuvv	雏
okhuvv	雐
okzavv	雑
okgevv	雒
okyuvv	雓
okvvvv	雔
okvzvv	雕
oksvvv	雖
okdjho	雘
okxivv	雞
oklivv	離
okyukv	雩
okyuxt	雪
okyuxx	雫
okyumu	雬
okyuji	雭
okyumc	雮
okyuwf	雯
okyuff	雰
okyufh	雱
okyuyy	雲
okyuli	雳
okyuli	雴
okyuyh	雵
okyulk	零
okyutm	雷
okyugj	雸
okyubc	雹
okyumc	雺
okyudm	電
okyuui	雼
okyuhu	雽
okyuwu	雾
okyuvc	雿
okyuer	需
okyuqi	霁
okyumu	霂
okyuuf	霃
okyuxn	霄
okyuyj	霅
okyutk	霆
okyuif	震
okyupw	霈
okyumw	霉
okyuqi	霋
okyuvz	霌
okyuvv	霍
okyuqp	霎
okyufw	霏
okyuhs	霐
okyuvj	霑
okyyjb	霒
okyuer	霓
okyuvu	霔
okyyty	霕
okyulb	霖
okyulk	霗
okyuds	霘
okyuyk	霙
okyuxl	霜
okyuxx	霞
okyuhs	霟
okyumd	霢
okyuyr	霣
okyulq	霤
okyubb	霦
okyuwu	霧
okyuww	霨
okyugo	霩
okyuyb	霪
okyuxi	霫
oklwgs	霬
okyuye	霭
okyuvj	霮
okyudg	霯
okyusj	霰
okyulu	露
okyuls	霳
okyyli	霴
okyuji	霵
okyuph	霶
okyupi	霹
okyuww	霺
okyyqi	霼
okyuqi	霽
okyumg	靀
okyuli	靂
okyuye	靄
okyyfw	靅
okyydd	靆
okyuls	靇
okyyai	靉
okyufg	靊
okyuli	靋
okyubc	靌
okyuhe	靏
okfgyt	青
okqkjm	靓
okqkqi	靔
okvgqk	靕
okliqk	靖
okqkgl	靗
okqkse	靘
okqkvg	静
okqkjm	靚
okqkdk	靛
okqkvg	靜
okqkqi	靝
okfwmc	靟
okgcfw	靠
okmafw	靡
okmmbc	靤
okyjmm	靥
okmmjm	靦
okmmgv	靧
okyjmm	靨
okgedk	靪
okgeia	靫
okgegj	靬
okgerf	靭
okgeuc	靮
okgetu	靯
okgewu	靰
okgejb	靲
okgejb	靳
okgehx	靴
okgeiz	靵
okgeba	靶
okgeyb	靷
okgeji	靸
okgenw	靹
okgemo	靺
okgeqp	靻
okgedj	靼
okgebj	靽
okgeui	靾
okgeyz	靿
okgevc	鞀
okgepi	鞁
okgehe	鞂
okgehs	鞃
okgebc	鞄
okgeyh	鞅
okgebk	鞆
okgeyb	鞇
okgehe	鞈
okgevc	鞉
okgeji	鞊
okgegv	鞋
okange	鞌
okgean	鞍
okgegf	鞎
okgsge	鞏
okgeda	鞑
okgeqn	鞒
okgeig	鞓
okgemm	鞔
okgegg	鞕
okgeto	鞖
okgexn	鞘
okgeyr	鞙
okgeks	鞚
okgepz	鞛
okgeda	鞜
okgeuh	鞝
okgebw	鞞
okgexl	鞟
okgela	鞡
okgeye	鞢
okgerz	鞣
okfgge	鞤
okgeqq	鞦
okgeqq	鞧
okgehe	鞨
okgext	鞩
okgejm	鞬
okgebm	鞭
okgeui	鞮
okgejm	鞯
okgewf	鞰
okgeyc	鞱
okgegz	鞲
okgexi	鞵
okbjge	鞶
okgege	鞷
okgebi	鞸
okgego	鞹
okgeth	鞺
okgelz	鞻
okgegv	鞼
okgeqn	鞽
okgehx	鞾
okgeji	鞿
okgejl	韁
okgevj	韂
okgeda	韃
okgeho	韄
okgeqm	韆
okgemd	韇
okgemp	韈
okgeyj	韉
okwwrf	韌
okwwba	韍
okwwmo	韎
okjrww	韏
okwwhe	韐
okglww	韑
okwwxn	韒
okvoww	韓
okwwih	韔
okwwxl	韕
okwwrz	韖
okwwjy	韗
okwwye	韘
okuiww	韙
okwwge	韚
okwwyc	韜
okwwgz	韝
okwwwf	韞
okwwgc	韟
okwwbi	韠
okwwhx	韡
okwwhv	韢
okwwuu	韣
okwwmp	韤
okwwmd	韥
okwwrf	韧
okwwba	韨
okvoww	韩
okuiww	韪
okwwwf	韫
okwwyc	韬
okfwhg	韭
okfwhg	韮
okccjq	韮
okliri	音
okybyy	韵
okybvc	韶
okybiu	韷
okybfg	韸
okybhl	韹
okybyk	韺
okybyr	韻
okybfg	韼
okxlyb	響
okybho	頀
okdkye	頂
okbiye	頃
okjqye	頄
okgsye	項
okirye	順
okgjye	頇
okujye	須
okviye	頉
okwhye	頊
okeeye	頋
okgsye	頌
okviye	頍
okjbye	頎
okkhye	頏
okyuye	預
okyrye	頑
okffye	頒
oktyye	頓
okyzye	頔
okvjye	頕
okbjye	頖
okpiye	頗
oklkye	領
okvgye	頙
okugye	頚
oklwye	頛
okheye	頜
okjnye	頝
okanye	頞
okgeye	頟
okwwye	頠
okjiye	頡
okueye	頢
okifye	頣
okifye	頤
okhdye	頦
okdvye	頧
okyuye	頨
okbkye	頩
okmiye	頪
okvcye	頫
okjxye	頬
okdzye	頭
okjxye	頰
oktkye	頲
okiiye	頳
okjyye	頵
okgcye	頶
okhjye	頷
okjkye	頸
okxqye	頺
okbuye	頻
okuuye	頼
oktuye	頽
okxuci	頾
okvvye	顀
okdkye	顁
okldye	顂
okyjye	顃
okhjye	顄
okjmye	顅
okgoye	顆
okzuye	顇
okjbye	顉
okfuye	顊
oksiye	顋
okuiye	題
okkeye	額
okjyye	顐
okxmye	顑
okyuye	顒
okdrye	顓
okyjye	顔
okxmye	顕
okqiye	顗
okyrye	願
okshye	顙
okvfye	顚
okvfye	顛
okgzye	顜
okguye	顝
okpnye	顠
okmjye	顢
okqiye	顣
okycye	顤
okjkye	顥
okjnye	顦
okguye	顧
okqmye	顩
oksvye	顪
okdjye	顫
okxuye	顬
okmgye	顭
okbbye	顮
okpbbw	顰
okluye	顱
oknpye	顳
okdkye	顶
okbiye	顷
okgjye	顸
okgsye	项
okirye	顺
okujye	须
okwhye	顼
okyrye	顽
okeeye	顾
oktyye	顿
okjbye	颀
okffye	颁
okgsye	颂
okkhye	颃
okyuye	预
okluye	颅
oklkye	领
okpiye	颇
okjiye	颉
okjxye	颊
oktkye	颋
okheye	颌
okhdye	颏
okifye	颐
okbuye	频
oktuye	颓
okhjye	颔
okgoye	颗
okuiye	题
okyuye	颙
okdrye	颛
okyjye	颜
okkeye	额
oknpye	颞
okvfye	颠
okshye	颡
okjkye	颢
okdjye	颤
okxuye	颥
okpbbw	颦
okjiia	风
okfgyi	飏
okfgvj	飐
okfgbc	飑
oklifg	飒
okfgju	飓
okfgsi	飔
okfgsz	飕
okycfg	飖
okfglq	飗
okpnfg	飘
okfgyj	飚
okjiis	風
okfguj	颩
okxxfg	颪
okfgfu	颫
okfgya	颬
okfgvj	颭
okfgbc	颮
oklifg	颯
okfgba	颰
okfgtd	颱
okfglp	颲
okfgue	颳
okfgxn	颵
okfgju	颶
okfgyj	颷
okfgsi	颸
okfgww	颹
okfgyh	颺
okycfg	颻
okfgsz	颼
okqifg	颽
okfgzc	颾
okmafg	颿
okfglq	飀
okxifg	飁
okfgpn	飃
okpnfg	飄
okbnfg	飙
okbnfg	飆
okfgbn	飇
okfgyj	飈
okfgln	飉
okyjfg	飊
okfgse	飋
okfjfw	飜
okvebk	飞
okrfll	食
okdcve	饣
okuidk	饤
okuiji	饥
okuito	饦
okuiyi	饧
okuity	饨
okuiqi	饩
okuirf	饪
okuiyc	饫
okuifj	饭
okuiqm	饮
okuijm	饯
okuibc	饱
okuisi	饲
okuiiu	饳
okuitd	饴
okuier	饵
okuiyc	饶
okuixl	饷
okuihe	饸
okuige	饹
okuijn	饺
okuiyi	饻
okuibk	饼
okuibo	饽
okuidz	饾
okuiwo	饿
okuiyu	馀
okuito	馁
okuiqy	馂
okuigo	馃
okuiky	馄
okuigr	馆
okuiia	馇
okuigv	馈
okuigu	馉
okuisz	馊
okuihe	馌
okuimo	馍
okuivr	馎
okuilq	馏
okuixq	馐
okuijb	馑
okuimj	馒
okuisj	馓
okuixy	馔
okuinh	馕
okrfll	飠
okbkui	飡
okuiji	飢
okuidk	飣
okuirf	飤
okuito	飥
okuigj	飦
okxiui	飧
okxlui	飨
okuity	飩
okuirf	飪
okuiyc	飫
okjrll	飬
okuifj	飯
okuibm	飰
okddui	飱
okuiqm	飲
okuivu	飳
okuitd	飴
okuiva	飵
okuibi	飶
okuiqp	飷
okhcui	飸
okuimc	飹
okciui	飺
okuivf	飻
okuisi	飼
okuibc	飽
okuiiu	飿
okuiai	餀
okuirf	餁
okuiue	餂
okuijn	餃
okuihe	餄
okuibk	餅
okuivc	餆
okuits	餇
okciui	餈
okuixl	餉
okyhui	養
okjrui	餋
okuier	餌
okyjui	餍
okuige	餎
okuiyi	餏
okuibo	餑
okuito	餒
okuiwo	餓
okuifu	餔
okuiqy	餕
okuidz	餖
okuiuu	餗
okuiyu	餘
okuixi	餙
okuiyc	餚
okuiky	餛
okuigo	餜
okuifh	餝
okuivo	餟
okuipz	餢
okuiyj	餣
okuiyj	餤
okfwui	餥
okuiih	餦
okuiww	餧
okuigr	館
okuijy	餫
okuihu	餬
okuihl	餭
okuitr	餯
okuiyj	餰
okuihz	餱
okuihe	餲
okuiyh	餳
okuibf	餴
okuiww	餵
okuigu	餶
okuiia	餷
okuiss	餸
okuith	餹
okuivr	餺
okuigc	餻
okuiqi	餼
okuigv	餽
okuilq	餾
okuisz	餿
okuiyc	饀
okuihe	饁
okuiwf	饂
okuimo	饃
okuith	饄
okuimj	饅
okuibi	饆
okuiqu	饇
okuixq	饈
okuijb	饉
okuisj	饊
okuigv	饋
okuixy	饌
okuiuj	饍
okuixi	饎
okgjui	饏
okuiyi	饐
okuiji	饑
okuiyc	饒
okuith	饓
okysui	饔
okuisv	饖
okxlui	饗
okuidj	饘
okuibf	饙
okuimg	饛
okyjui	饜
okuimo	饝
okuixl	饟
okuilo	饠
okuizj	饡
okuinh	饢
okqmzi	首
okjquz	馗
okuzho	馘
okheri	香
okxlff	馚
okxlba	馛
okxlni	馜
okxlbi	馝
okxlbo	馞
okxlfu	馟
okxlhj	馠
okxlfw	馡
okxlyj	馣
okxlhe	馤
okxlfu	馥
okxljm	馦
okxlwf	馧
okxlbf	馩
okxlbb	馪
okmayz	驭
okmada	驮
okmair	驯
okmaye	驰
okmaqu	驱
okmari	驲
okmayc	驳
okmahu	驴
okmaqp	驵
okmaui	驶
okmasi	驷
okmafu	驸
okmaju	驹
okmaiu	驺
okmavu	驻
okmata	驼
oknuma	驽
okjxma	驾
okmatd	骀
okmayc	骁
okmayb	骃
okmaqn	骄
okmahx	骅
okmage	骆
okmahd	骇
okmabk	骈
okmali	骊
okmaqm	验
okmaxb	骍
okmaqy	骏
okmaqi	骐
okmaqi	骑
okmago	骒
okmavv	骓
okmazs	骔
okmasu	骕
okmacj	骖
okmabm	骗
okmagv	骙
okmazc	骚
okaoma	骜
okmalq	骝
okmauj	骟
okmapn	骠
okmalw	骡
okmaij	骣
okmaju	骤
okmaul	骦
okmaxl	骧
okmayz	馭
okbkma	馮
okmagj	馯
okmauc	馰
okmada	馱
okmato	馲
okmaye	馳
okmair	馴
okmacc	馵
okmavi	馶
okmafu	馷
okmajb	馸
okmari	馹
okmaji	馺
okmayy	馻
okmawf	馼
okmavs	馽
okmayb	馾
okmahu	馿
okmayz	駀
okmayc	駁
okmagk	駃
okmatd	駄
okmaii	駅
okmaqu	駆
okmawf	駇
okmaqq	駈
okmajs	駉
okmapi	駊
okmavc	駋
okwjma	駌
okmapk	駍
okmayz	駎
okmaju	駏
okmavu	駐
oknuma	駑
okmaju	駒
okmapi	駓
okmaqp	駔
okjxma	駕
okmalk	駖
okmavf	駗
okmatd	駘
okmafu	駙
okmayh	駚
okmaui	駛
okmabi	駜
okmata	駝
okmasi	駟
okmamc	駠
okmabk	駢
okmavc	駣
okmavi	駤
okmars	駥
okjrma	駦
okmats	駧
okmaxy	駨
okmaqr	駩
okmaxm	駪
okmagl	駫
okmaer	駬
okmahd	駭
okmajn	駮
okmavu	駯
okmayb	駰
okmage	駱
okmavz	駲
okmayj	駳
okmajp	駴
okmaju	駶
okmauu	駷
okmals	駹
okmall	駺
okmahj	駻
okmayu	駼
okmayr	駽
okmadv	駾
okmaqy	駿
okmawo	騀
okmaxb	騂
okmayi	騃
okmalu	騄
okmavv	騅
okmavz	騆
okmaue	騇
okmaky	騉
okmald	騋
okmazs	騌
okmago	騍
okmaqi	騎
okmaqi	騏
okmanm	騐
okmafw	騑
okmahe	騔
okmayc	騕
okbmma	騗
okmabm	騙
okmaqm	騚
okmafw	騛
okmahl	騜
okmajm	騝
okmayu	騟
okmaui	騠
okmaqr	騡
okmaxx	騢
okmagv	騤
okmarz	騥
okmasi	騦
okmago	騧
okmadj	騨
okmagv	騩
okmasz	騪
okmaig	騬
okmalq	騮
okmaph	騯
okmaxi	騱
okmacc	騲
okmama	騳
okmayj	騴
okmayr	騵
okmaiu	騶
okmazc	騷
okmauj	騸
okmajb	騹
okvima	騺
okmaul	騻
okmalu	騼
okmaxi	騽
okmalw	騾
okmavh	騿
okmoma	驀
okaoma	驁
okmacj	驂
okmapn	驃
okmaqu	驅
okmabi	驆
okmaxu	驉
okmahx	驊
okmafa	驋
okmasu	驌
okmayc	驍
okmalb	驎
okmaij	驏
okmady	驐
okmadj	驒
okmazg	驓
okmatj	驔
okmaqn	驕
okmaqm	驗
okmadj	驙
okjkma	驚
okmaye	驜
okmabb	驞
okmaju	驟
okmayj	驠
oklsma	驡
okmalu	驢
okmaxl	驤
okmaul	驦
okmaju	驧
okmali	驪
okgujq	骩
okgufj	骪
okguwj	骫
okguyu	骬
okgugj	骭
okguyi	骮
okgukh	骯
okguuu	骰
okgujp	骱
okgubc	骲
okgupi	骳
okguci	骴
okgubf	骵
okgudi	骶
okgugu	骷
okguhd	骸
okgujn	骹
okguhz	骺
okgukx	骻
okguge	骼
okguto	骽
okgugg	骾
okgubk	骿
okgubw	髀
okgugo	髁
okguke	髂
okguyu	髃
okgulz	髅
okguvr	髆
okgugc	髇
okguph	髈
okguhe	髉
okguia	髊
okgukr	髋
okgubb	髌
okguma	髍
okgulz	髏
okguyc	髐
okguuu	髑
okguzh	髒
okgubb	髕
okgukr	髖
okgulu	髗
okgckh	髚
okgcug	髜
okgclc	髝
okgczc	髞
okihuj	髟
okbnji	髠
okbnwu	髡
okbnye	髢
okbnfh	髣
okbnmu	髤
okbnmc	髦
okbnyb	髧
okbnyr	髨
okbnmm	髩
okbnyz	髪
okbnvc	髫
okbnpi	髬
okbnci	髭
okbnba	髮
okbnrj	髯
okbnui	髰
okbnbc	髱
okbnpi	髲
okbnmc	髳
okbnfu	髴
okbner	髵
okbner	髶
okbnqu	髷
okbngs	髸
okbnxq	髹
okbnue	髺
okbnji	髻
okbnfg	髼
okbnzo	髽
okbnxn	髾
okbnua	髿
okbndi	鬀
okbnli	鬁
okbnbk	鬂
okbnzs	鬃
okbnyi	鬄
okbnpg	鬅
okbnss	鬆
okbnvg	鬇
okbnjr	鬈
okbniy	鬊
okbnqm	鬋
okbnhu	鬍
okbnci	鬎
okbnqq	鬏
okbnqi	鬐
okbnjm	鬑
okbnvf	鬒
okbnbb	鬓
okbnfg	鬔
okbnmo	鬕
okbncj	鬖
okbnmj	鬗
okbnmj	鬘
okbnzg	鬙
okbnxu	鬚
okbnxm	鬜
okbnjm	鬝
okbnns	鬞
okbnhv	鬠
okbnnk	鬡
okbnbb	鬢
okbnve	鬣
okbnxl	鬤
okdzdz	鬦
okdzui	鬧
okdzgs	鬨
okdzer	鬩
okdzgj	鬫
okdzgv	鬮
okhuge	鬳
okgefu	鬴
okgvge	鬶
okgelq	鬸
okgvge	鬹
okvzge	鬻
okgvuj	鬽
okgvvi	鬾
okgvjb	鬿
okgvjp	魀
okgvdz	魁
okyygv	魂
okgvba	魃
okbdgv	魄
okgvww	魅
okgvyt	魆
okyjgv	魇
okgvxn	魈
okgvll	魉
okgvho	魊
okgvvv	魋
okgvqi	魌
okgvwh	魍
okgvll	魎
okwwgv	魏
okgvjm	魐
okgvli	魑
okgvpn	魒
okgvbi	魓
okmagv	魔
okgvji	魕
okgvxu	魖
okuzgv	魗
okyjgv	魘
okjmgv	魙
okyudc	鱽
okyuji	鱾
okyuyz	鱿
okyuty	鲀
okyuri	鲁
okyufh	鲂
okyuba	鲃
okyuke	鲄
okyuba	鲅
okyupk	鲆
okyuvj	鲇
okyulu	鲈
okyuyz	鲉
okyuva	鲊
okyufu	鲋
okyubd	鲌
okyubc	鲍
okyupi	鲏
okyutd	鲐
okyugv	鲑
okyuji	鲒
okyukc	鲓
okyuyz	鲔
okyuer	鲕
okyuts	鲖
okyuze	鲗
okyuhz	鲘
okyuhv	鲙
okyuqi	鲚
okyujn	鲛
okyuyh	鲜
okyhyu	鲝
okjryu	鲞
okyuxy	鲟
okyugg	鲠
okyuli	鲡
okyulm	鲢
okyujm	鲣
okyuli	鲤
okyuui	鲥
okyutn	鲦
okyuxi	鲧
okuayu	鲨
okyuwj	鲩
okyujy	鲪
okyuji	鲫
okyuys	鲬
okyuqk	鲭
okyulk	鲮
okyuqi	鲯
okyuqu	鲰
okyufw	鲱
okyuky	鲲
okyuih	鲳
okyugu	鲴
okyuer	鲵
okyunm	鲶
okyuvz	鲷
okyujk	鲸
okyucj	鲹
okyuui	鲺
okyubf	鲼
okyuye	鲽
okyufu	鲾
okyuih	鲿
okyuui	鳀
okyuwf	鳁
okyuww	鳂
okyusi	鳃
okyuqq	鳅
okyufu	鳆
okyuhl	鳇
okyuqr	鳈
okyujl	鳉
okyubm	鳊
okyuzc	鳋
okaoyu	鳌
okyuph	鳑
okyujm	鳒
okyule	鳓
okyupn	鳔
okyuxt	鳕
okbiyu	鳖
okyumj	鳗
okmbyu	鳘
okyuys	鳙
okyuww	鳚
okyujt	鳜
okyuuj	鳝
okyulb	鳞
okyuzy	鳟
okyuho	鳠
okyugj	鳡
okyudj	鳣
okyugr	鳤
okyudc	魛
okyurf	魜
okyudc	魝
okyuru	魞
okyugs	魟
okyuto	魠
okyuuc	魡
okyuji	魢
okyuyu	魣
okyuhx	魤
okyuji	魥
okyuuc	魦
okyukh	魧
okyuty	魨
okyuwu	魩
okyujp	魪
okyuyb	魫
okyufj	魬
okyuyr	魭
okyubi	魮
okyuri	魯
okyuwf	魰
okyuhu	魱
okyuhu	魲
okyufh	魴
okyuff	魵
okyunw	魶
okyuyz	魷
okyupm	魸
okyumc	魹
okyuke	魺
okyujx	魻
okyuqu	魼
okyugj	魽
okyupi	魾
okyulk	魿
okyuta	鮀
okyuba	鮁
okyuqq	鮂
okyupk	鮃
okyufu	鮄
okyubi	鮅
okciyu	鮆
okyuww	鮇
okyuju	鮈
okyuvc	鮉
okyubd	鮊
okyuyz	鮋
okyuxr	鮌
okyupi	鮍
okyuvj	鮎
okyuug	鮏
okyutd	鮐
okyubc	鮑
okyufu	鮒
okyuva	鮓
okyuju	鮔
okyugu	鮕
okyuui	鮖
okyuds	鮗
okyudd	鮘
okyuyu	鮙
okyuji	鮚
okyuhz	鮜
okjryu	鮝
okyuer	鮞
okyuan	鮟
okyuww	鮠
okyuvc	鮡
okyuvu	鮢
okyuyb	鮣
oklpyu	鮤
okyuge	鮥
okyuts	鮦
okyuyi	鮧
okyuvi	鮨
okyubk	鮩
okyuyz	鮪
okyujn	鮫
okyukx	鮬
okyugv	鮭
okyuyh	鮮
okyuhe	鮯
okyuhv	鮰
okyulc	鮱
okyufu	鮲
okyukc	鮳
okyuxq	鮴
okyudv	鮵
okyujy	鮶
okyudi	鮷
okyumm	鮸
okyuxn	鮹
okyhyu	鮺
okyuqy	鮻
okyuyu	鮽
okyuto	鮾
okyuxi	鯀
okyugg	鯁
okyuyz	鯂
okyuwu	鯃
okyuqq	鯄
okyuyj	鯅
okyufu	鯆
okyuwj	鯇
okyuli	鯉
okuayu	鯊
okyuua	鯋
okyugc	鯌
okyulq	鯍
okyuig	鯎
okyuli	鯏
okyuzz	鯐
okyuxi	鯑
okyuys	鯒
okyuuf	鯓
okyuqi	鯕
okyuqk	鯖
okyuww	鯘
okyuxl	鯙
okyuji	鯚
okyuvz	鯛
okyuqp	鯜
okyugu	鯝
okyuvz	鯞
okyuds	鯟
okyuld	鯠
okyufw	鯡
okyuer	鯢
okyuyi	鯣
okyuky	鯤
okyulu	鯥
okyujq	鯦
okyuih	鯧
okyujk	鯨
okyuly	鯩
okyulk	鯪
okyuqu	鯫
okyumg	鯭
okyuzs	鯮
okyuvi	鯯
okyunm	鯰
okyuhu	鯱
okyuyu	鯲
okyudi	鯳
okyuui	鯴
okyucj	鯵
okyujy	鯶
okyuui	鯷
okyuhz	鯸
okyuxk	鯹
okyuve	鯺
okyuci	鯻
okyuji	鯽
okyubm	鯾
okyubm	鯿
okyuyr	鰀
okyuqr	鰁
okyuze	鰂
okyuww	鰃
okyuww	鰄
okyuyu	鰅
okyuiy	鰆
okyurz	鰇
okyuye	鰈
okyuhl	鰉
okyujm	鰊
okyuqq	鰌
okyuqq	鰍
okyujm	鰎
okyufu	鰏
okyuyh	鰑
okyufu	鰒
okyusi	鰓
okyuxm	鰔
okyuxx	鰕
okyuhu	鰗
okyuui	鰘
okyuro	鰙
okyuxr	鰚
okyuwf	鰛
okyujm	鰜
okyugc	鰝
okyuwu	鰞
okyuph	鰟
okyuzc	鰠
okyulq	鰡
okyuma	鰢
okyuui	鰣
okyuui	鰤
okyuzi	鰦
okyuyc	鰩
okyuhe	鰪
okyurs	鰫
okyuqm	鰬
okyuqi	鰭
okyuwf	鰮
okyuro	鰯
okyuuf	鰰
okyulm	鰱
okaoyu	鰲
okyule	鰳
okmbyu	鰵
okyuji	鰶
okyutn	鰷
okyuqu	鰸
okyujm	鰹
okyucj	鰺
okyumj	鰻
okyuxi	鰼
okyucc	鰽
okyupn	鰾
okyuze	鰿
okjiyu	鱀
okyuvu	鱁
okyujl	鱂
okyuxq	鱃
okyuvr	鱄
okyuys	鱅
okyuvh	鱆
okyukh	鱇
okyuxt	鱈
okbiyu	鱉
okyuxu	鱋
okyuxl	鱌
okyufa	鱍
okyuqn	鱎
okyutj	鱏
okyusu	鱐
okyuhl	鱑
okyuzy	鱒
okyudj	鱓
okyuuj	鱔
okyufj	鱕
okyujt	鱖
okyulb	鱗
okyuxy	鱘
okyuyc	鱙
okyuxi	鱚
okyuzg	鱛
okyuxl	鱜
okyubf	鱝
okyuhv	鱠
okyuzw	鱡
okyuzc	鱢
okyudj	鱣
okyugj	鱤
okyusv	鱥
okyumm	鱦
okyulw	鱩
okyuuu	鱪
okyuai	鱫
okyuxu	鱬
okyuqi	鱭
okyuyu	鱮
okyuho	鱯
okyuuu	鱰
okyuwj	鱱
okyule	鱳
okyump	鱴
okyuvf	鱵
okyuyh	鱶
okyuee	鱷
okyulu	鱸
okyuli	鱺
oknnhg	鸟
okjqnn	鸠
okyznn	鸡
okyinn	鸢
okkznn	鸣
okuinn	鸤
okqunn	鸥
okyann	鸦
okchnn	鸧
okybnn	鸩
okgunn	鸪
okdsnn	鸫
oklunn	鸬
okjxnn	鸭
okhcnn	鸮
okyhnn	鸯
oklknn	鸰
okdinn	鸱
okjunn	鸲
okwjnn	鸳
oknnta	鸵
oksinn	鸶
okvinn	鸷
okernn	鸸
okuenn	鸹
okxqnn	鸺
okxknn	鸻
okvznn	鸼
oktdnn	鸽
okyinn	鸾
okjlnn	鸿
okwunn	鹀
okbonn	鹁
oklinn	鹂
okyrnn	鹃
okgcnn	鹄
okwonn	鹅
okgunn	鹆
okxmnn	鹇
okdinn	鹈
okwunn	鹉
okxinn	鹊
okmnnn	鹋
okyjnn	鹌
okkynn	鹍
okbwnn	鹎
okpgnn	鹏
okxlnn	鹑
okggnn	鹒
okwjnn	鹓
oksunn	鹔
okhunn	鹕
okgunn	鹘
okqqnn	鹙
okzinn	鹚
okmwnn	鹛
okgenn	鹝
okwgnn	鹟
oklqnn	鹠
okjinn	鹡
okyinn	鹢
okjmnn	鹣
okhenn	鹤
okyknn	鹦
okuunn	鹧
oklnnn	鹩
okjnnn	鹪
okjqnn	鹫
oklunn	鹭
oknnho	鹱
okmgnn	鹲
okulnn	鹴
oknnho	鳥
oknnyi	鳦
oknnji	鳧
oknnli	鳨
okjqnn	鳩
okbunn	鳪
okihnn	鳫
oknnji	鳬
okdcnn	鳭
okyznn	鳮
okjinn	鳯
okrunn	鳰
okgjnn	鳱
okuinn	鳲
okkznn	鳴
okxynn	鳵
okyinn	鳶
okvinn	鳷
okhunn	鳸
okjbnn	鳹
okfunn	鳺
okffnn	鳻
okwfnn	鳼
okkdnn	鳽
okwhnn	鳿
okbunn	鴀
okycnn	鴁
okgknn	鴂
oknngk	鴃
okpinn	鴄
okdjnn	鴅
okybnn	鴆
okyann	鴉
okvgnn	鴊
okfhnn	鴋
oktmnn	鴌
okwfnn	鴍
okqunn	鴎
oknndd	鴏
okjxnn	鴐
oknunn	鴑
oklknn	鴒
okbinn	鴓
okfjnn	鴔
oknnta	鴕
okmbnn	鴖
oklinn	鴗
okbmnn	鴘
okuinn	鴙
oknnke	鴚
okwjnn	鴛
okcinn	鴜
okjunn	鴝
okhcnn	鴞
okdinn	鴟
okdjnn	鴠
okqpnn	鴡
okyznn	鴢
okgunn	鴣
oknnds	鴤
oknnxt	鴥
okyhnn	鴦
okjxnn	鴨
okuinn	鴩
okxtnn	鴪
oktmnn	鴫
okdvnn	鴭
okkxnn	鴮
okernn	鴯
okuenn	鴰
okainn	鴱
okvinn	鴲
okannn	鴳
okxknn	鴴
okvcnn	鴵
okjinn	鴶
oklpnn	鴷
okvunn	鴸
okyhnn	鴹
okyinn	鴺
okjlnn	鴻
oknnge	鴼
okrunn	鴽
okmznn	鴾
okhenn	鴿
okrfnn	鵀
okjnnn	鵁
okxqnn	鵂
okvznn	鵃
okvinn	鵄
okgenn	鵅
okxknn	鵆
oknmnn	鵇
okernn	鵈
okyinn	鵉
okjxnn	鵊
okjinn	鵋
oknnyu	鵌
okwjnn	鵍
oktonn	鵎
okfunn	鵏
okwunn	鵐
okyrnn	鵑
okgunn	鵒
okbonn	鵓
oknnqy	鵔
okqynn	鵕
okgfnn	鵖
okxinn	鵗
okjynn	鵘
okbwnn	鵙
oktunn	鵚
okjknn	鵛
okdinn	鵜
okwonn	鵝
okwonn	鵞
okklnn	鵟
okgcnn	鵠
okwunn	鵡
okufnn	鵢
okuunn	鵣
okjnnn	鵤
okpjnn	鵥
oknnlu	鵦
okbknn	鵧
okuenn	鵨
okfunn	鵩
okyjnn	鵪
okvonn	鵫
okpgnn	鵬
okjbnn	鵭
okbwnn	鵯
okvznn	鵰
oklunn	鵱
okxinn	鵲
okjmnn	鵳
oktunn	鵵
okyann	鵶
okwjnn	鵷
okqinn	鵸
okyenn	鵺
oknnvv	鵻
okksnn	鵼
okvonn	鵽
okkynn	鵾
oknnug	鵿
oknnqi	鶀
okjknn	鶁
okernn	鶂
oknner	鶃
okqknn	鶄
okldnn	鶆
okdsnn	鶇
okqinn	鶈
okxlnn	鶉
okggnn	鶊
okjunn	鶋
okqunn	鶌
okyinn	鶍
okzsnn	鶎
okuunn	鶐
okmnnn	鶓
okrznn	鶔
okybnn	鶕
okqqnn	鶖
okuinn	鶗
okhunn	鶘
okdinn	鶙
okjpnn	鶛
okmcnn	鶜
okfunn	鶝
okdynn	鶞
oktunn	鶟
okhenn	鶡
okyrnn	鶢
okbmnn	鶣
okjynn	鶤
okmwnn	鶥
okhunn	鶦
okyknn	鶧
oktrnn	鶨
okjmnn	鶫
okchnn	鶬
okfhnn	鶭
okgcnn	鶮
okyrnn	鶰
okwgnn	鶲
oknnui	鶳
okhenn	鶴
okthnn	鶶
okhdnn	鶷
okronn	鶸
oklqnn	鶹
okjinn	鶺
okgunn	鶻
okjmnn	鶼
oksynn	鶽
okzinn	鶿
okzinn	鷀
okyinn	鷁
okycnn	鷂
okyjnn	鷃
okxinn	鷄
oksunn	鷅
okvfnn	鷆
oknnsi	鷈
oksinn	鷉
okgenn	鷊
oktunn	鷋
oknnma	鷌
oknpnn	鷍
okgcnn	鷎
okvfnn	鷏
okifnn	鷐
oklinn	鷑
okvrnn	鷒
okuunn	鷓
okaonn	鷔
okwwnn	鷕
okqunn	鷗
okiinn	鷘
okvinn	鷙
okysnn	鷛
oklznn	鷜
okbinn	鷝
okulnn	鷞
okzunn	鷟
okyunn	鷠
okwunn	鷡
okjtnn	鷢
oktjnn	鷣
okdjnn	鷤
okjnnn	鷦
okyinn	鷧
okhxnn	鷨
okbinn	鷩
oksunn	鷫
okhlnn	鷬
okfjnn	鷭
okqnnn	鷮
oklnnn	鷯
okjqnn	鷲
okxmnn	鷳
okxmnn	鷴
oktunn	鷵
okmdnn	鷶
okzynn	鷷
oklunn	鷺
oknndy	鷻
okjmnn	鷼
okyinn	鷾
okpinn	鷿
okuunn	鸀
okxinn	鸂
oknnyi	鸃
okjnnn	鸄
okyunn	鸆
okdjnn	鸇
okyenn	鸈
okyhnn	鸉
okpinn	鸊
oknknn	鸋
oknnho	鸌
okernn	鸍
okmgnn	鸏
okvdnn	鸐
okyunn	鸑
okyunn	鸒
oknnbc	鸔
oklunn	鸕
okhonn	鸖
oklsnn	鸗
okulnn	鸘
oklynn	鸙
okyknn	鸚
okqunn	鸜
oklinn	鸝
oklujb	鹶
oklulk	鹷
okluxm	鹹
okluia	鹺
oklujm	鹻
okluqm	鹼
okluia	鹾
oklubi	麀
okdclu	麁
okluji	麂
okluho	麃
okfflu	麄
oklubc	麅
okluqp	麆
okluhe	麇
okluvu	麈
okmilu	麊
oklumi	麋
okluwu	麌
oklulq	麍
okluif	麎
oklujy	麏
oklulb	麐
okluer	麑
okluqi	麒
oklblu	麓
oklujq	麔
oklujk	麖
oklilu	麗
okluxl	麘
okluxm	麙
okluxx	麚
oklumi	麛
oklusu	麜
okluue	麝
okluvh	麞
oklulb	麟
oklujl	麠
okluqi	麡
okluyj	麣
okldwf	麥
okfgwf	麦
okmdqi	麧
okmduc	麨
okmdfu	麩
okmdmm	麪
okmdgd	麫
okmdpi	麬
okmdbc	麭
okmdqu	麮
okmdqu	麯
okmdmz	麰
okmdfu	麱
okmdjm	麲
okmdld	麳
okmdmm	麵
okmdli	麶
okmdfg	麷
okmdfu	麸
okmdmm	麺
okgllb	麻
okmayc	麼
okmame	麽
okmamc	麾
okmalv	麿
okmaqu	黀
okmaxl	黁
okmabf	黂
okhljb	黅
okhlyb	黆
okhlvj	黇
okhlvu	黈
okhlgv	黊
okglhl	黋
okuuvj	黏
okuuli	黐
okliho	黒
okhwyi	黓
okhwjb	黔
okhwyb	黕
okhwji	黖
okhwty	黗
okhwqr	默
okhwgj	黚
okddhw	黛
okhwiu	黜
okhwyz	黝
okhwvj	點
okhwdo	黟
okhwji	黠
okyjhw	黡
okhwqy	黢
okhwmw	黣
okhwyj	黤
okhwjk	黥
okhwwj	黦
okuhhw	黨
okhwmd	黩
okhwcj	黪
okhwxm	黬
okhwuf	黮
okhwyb	黯
okhwvf	黰
okhwcj	黲
okhwvj	黵
okyjhw	黶
okhwmd	黷
okhwlu	黸
okyebi	黹
okkldm	黽
okkzdm	黾
okyrmm	黿
okqumm	鼁
okdjmm	鼂
okgvmm	鼃
okvumm	鼄
okvimm	鼅
okmkmm	鼆
okaomm	鼇
okbimm	鼈
okpimm	鼊
okyrmm	鼋
okdjmm	鼌
okbcdk	鼏
okcddk	鼒
okguds	鼕
okhvgu	鼖
okvcgu	鼗
okgubw	鼙
okguih	鼚
okgujq	鼛
okguzc	鼜
okyrgu	鼝
okguth	鼞
okgudg	鼟
okuuff	鼢
okuuqr	鼣
okuuwf	鼤
okuuba	鼥
okuuvc	鼦
okuuta	鼧
okuuds	鼨
okuuju	鼩
okuuug	鼪
okuuui	鼫
okuuyz	鼬
okuusi	鼭
okuutk	鼮
okuuwu	鼯
okuubw	鼰
okuuqk	鼱
okuujy	鼲
okuutu	鼵
okuusi	鼶
okuuxi	鼷
okuujm	鼸
okuuyj	鼹
okbijq	鼼
okbijq	鼽
okbigj	鼾
okbiwu	鼿
okbiwa	齀
okbiju	齁
okbili	齂
okbihe	齃
okbiia	齄
okbiiz	齅
okbins	齈
okbinh	齉
okqixn	齋
okqiho	齌
okqimb	齍
okqibw	齎
okqijq	齏
okqijq	齑
okiibi	龀
okiiqi	龁
okiijb	龂
okiiqp	龃
okiilk	龄
okiibc	龅
okiivc	龆
okiici	龇
okiigf	龈
okiiwu	龉
okiizu	龊
okiiyu	龋
okiiwu	龌
okiive	齓
okiibi	齔
okiiqi	齕
okiiya	齖
okiijb	齗
okiijp	齘
okiibc	齙
okiiva	齚
okiiui	齛
okiici	齜
okiitd	齝
okiivi	齞
okiiqp	齟
okiivc	齠
okiilk	齡
okiiju	齣
okjrii	齤
okiiyi	齥
okiigf	齦
okiijq	齨
okiijn	齩
okiizu	齪
okiiky	齫
okiiwu	齬
okiiso	齭
okiiqi	齮
okiier	齯
okiixi	齰
okiiqu	齱
okiiyu	齲
okiijy	齳
okiiyj	齴
okiiyu	齵
okiiwu	齷
okiiyi	齸
okiaii	齹
okiiiu	齺
okiivf	齻
okiiiu	齼
okiijb	齽
okxmii	齾
okihls	龎
oklscc	龏
okglls	龐
oklstm	龑
oklsui	龒
okyzls	龓
oklsgs	龔
okhels	龕
oklsls	龖
oklsda	龘
okdada	𪚥
okyzpp	龙
oklsgs	龚
okhels	龛
okhegv	龝
okbigv	龞
oklyqm	龡
oklyhe	龢
oklylu	龣
oklyjp	龤
oklyye	龥
okhoih	龦
okriuu	龧
okklvv	龨
okccjb	龩
okzzrf	龪
okjbwh	龬
okmayi	龮
okjbwu	龯
okklia	龱
okjbku	龲
oklulu	龳
okvedm	龴
oksjuu	龶
okcchg	龷
okxnbc	龸
okuizc	龺
okturv	龼
okhoyu	龽
okccjx	龿
okyjgs	鿁
okienn	鿂
okmujx	鿃
okpplk	鿅
okppyz	鿆
okrfvg	鿇
okrfii	鿈
okrfwu	鿉
okccvi	鿊
okppxi	鿋
oktujl	鿍
okuida	鿎
okjbmd	鿏
okyujq	鿐
okbkyu	鿑
okccye	鿒
okccye	鿓
okjbge	鿔
okyudj	鿕
okhehg	鿖
okyihe	鿘
okyike	鿙
okyige	鿚
oklker	鿛
oklaer	鿜
oklger	鿝
oklper	鿞
oklier	鿟
oklier	鿠
okloer	鿡
okyehe	鿢
okyeke	鿣
okyege	鿤
oklher	鿥
okykww	鿦
oklser	鿧
oklwer	鿨
okluer	鿩
oksvho	鿪
okqiao	鿫
okuitm	鿬
okjber	鿭
okgldd	鿮
okuvhj	鿰
okwhba	鿱
okdzlc	鿲
okyudo	鿳
okyuds	鿴
okyuvi	鿵
okyull	鿶
okyuyb	鿷
okyudo	鿸
okyumi	鿹
okmdnn	鿺
okuubu	鿻
okuujx	鿼
okkzvd	鿽
oktulh	鿾
okcchg	㐀
oksiuu	㐃
okuive	㐄
okppna	㐅
okjqyi	㐇
okruyi	㐈
okdkyi	㐉
okuiyi	㐊
oktuyi	㐋
okrfye	㐌
okvxyi	㐍
okwfyi	㐎
okwuyi	㐏
oknuyi	㐐
okdsyi	㐑
okvcyi	㐒
okkeyi	㐓
okyzyi	㐕
okjive	㐖
oklcyi	㐗
okmiyi	㐘
okdzyi	㐙
okwuyi	㐚
okyzyi	㐛
okqqjq	㐜
okjuyi	㐝
okqiyi	㐞
okfwyi	㐟
okruyi	㐠
okfuyi	㐢
okkuyi	㐣
okjqvf	㐤
okiuyi	㐥
okjuyi	㐦
okyuyu	㐨
okjkjk	㐩
okwfxs	㐫
okwfhv	㐭
okrfkz	㐰
okrfuj	㐱
okrfda	㐲
okrfwu	㐳
okrfxi	㐴
okrfyu	㐵
okrfsi	㐶
okrfma	㐷
okrfqm	㐸
okrfqi	㐹
okrfnw	㐻
okrfug	㐼
okrffg	㐽
okrfyr	㐾
okrfuz	㐿
okrftd	㑀
okrfiu	㑁
okrfbk	㑂
okrfyz	㑃
okrfmu	㑄
okrfxs	㑆
okrfiu	㑇
okrfds	㑈
okrfsu	㑉
okrfyi	㑊
okrfqu	㑋
okrfkl	㑌
okrflw	㑍
okrfuz	㑏
okrfzi	㑑
okrfye	㑔
okrfsv	㑕
okrfvs	㑖
okrfuf	㑗
okrfjp	㑘
okrfna	㑚
okrfuu	㑛
okrfve	㑜
okrfns	㑝
okrfbk	㑟
okrfjm	㑠
okrfji	㑡
okrfqt	㑢
okrflb	㑣
okrfmn	㑤
okrfyi	㑥
okrfli	㑦
okrfji	㑧
okrflo	㑩
okrfnm	㑫
okrfgu	㑬
okrfbi	㑭
okrfjy	㑮
okrfye	㑯
okrftr	㑰
okrfrz	㑱
okrfnj	㑲
okrfiu	㑳
okrfji	㑵
okrfqi	㑶
okrfng	㑷
okrfjy	㑺
okrfmi	㑻
okrflt	㑼
okrfth	㑽
okrfic	㑿
okrfdi	㒀
okrfvu	㒂
okrfer	㒃
okrfrj	㒄
okrfwu	㒇
okrfgj	㒈
okrfth	㒉
okrfsi	㒋
okrfhj	㒏
okrfsy	㒐
okrfhv	㒑
okrfye	㒒
okrfda	㒓
okrfuu	㒔
okrfys	㒕
okrfwj	㒖
okrfuu	㒘
okrfmm	㒙
okrfvd	㒛
okrfyu	㒜
okrfmp	㒝
okrfyc	㒡
okrfly	㒢
okrfyk	㒣
okrfnp	㒤
okrffg	㒥
okrfli	㒧
okrfli	㒩
okyrwh	㒬
okxsxs	㒭
okyrui	㒮
okglhx	㒯
okrugs	㒰
okruxi	㒱
okruri	㒲
okruiu	㒴
okbdba	㒵
okbabd	㒶
okbaui	㒸
okvfvf	㒹
okbcbu	㓀
okbcba	㓁
okcjyb	㓄
okbkdk	㓅
okbkly	㓆
okbkyc	㓇
okbkui	㓈
okbkue	㓉
okbkts	㓊
okbkgs	㓋
okbkqr	㓌
okbkis	㓍
okbkjs	㓏
okbklu	㓐
okbkxk	㓑
okbknj	㓓
okbkue	㓔
okbkbi	㓖
okbkjp	㓗
oksuyu	㓘
okwfkl	㓙
okgsdc	㓚
okgsdc	㓛
okycdc	㓜
okjkdc	㓝
okfgdc	㓞
okpidc	㓟
okvjdc	㓠
okfzdc	㓡
okgedc	㓢
okhedc	㓣
okjidc	㓤
okdhdc	㓥
okbddc	㓦
okhjdc	㓧
okjxdc	㓨
okjndc	㓩
oklldc	㓪
okqrdc	㓬
okhedc	㓭
okvzdc	㓮
okhxdc	㓰
okyudc	㓱
okbmdc	㓲
okuidc	㓳
okqidc	㓶
oknpdc	㓷
okqmdc	㓺
okghdc	㓻
okisdc	㓽
okxidc	㓾
okuudc	㓿
okjkdc	㔀
okdgdc	㔁
oklbdc	㔂
okjtdc	㔃
oksudc	㔄
oksudc	㔅
okfadc	㔇
okfwdc	㔈
okuudc	㔉
okdjdc	㔊
okjmdc	㔋
okjudc	㔌
oksrdc	㔍
oklwdc	㔏
okxtdc	㔑
okqmli	㔓
okjxve	㔔
okqili	㔕
okjxve	㔖
okfuli	㔗
okiuli	㔘
okbkli	㔙
okueli	㔚
okjili	㔛
okfuli	㔜
okllli	㔝
okgkli	㔞
okheli	㔠
okjtli	㔢
okyhli	㔦
okluli	㔧
okbcbw	㔨
okbche	㔩
okbclu	㔪
okuibi	㔫
okbizc	㔬
okbiui	㔭
okklwd	㔰
okklyu	㔱
okklji	㔳
okklxy	㔵
okklgj	㔶
okklbk	㔷
okklsi	㔸
okuili	㔹
okbuui	㔻
oktvui	㔼
okveve	㔾
okhgjq	㔿
okyzee	㕀
okihjb	㕂
okihkd	㕃
okihjx	㕅
okihgu	㕆
okihli	㕇
okihyi	㕈
okihhe	㕉
okihfu	㕊
okihjb	㕋
okihde	㕌
okihvv	㕍
okihhe	㕎
okihyi	㕒
okihmo	㕓
okihtk	㕔
oksisi	㕕
oklwmu	㕖
okqytu	㕙
okiadm	㕚
okyzyz	㕛
okvsyz	㕜
okguyz	㕝
okvyyz	㕠
okbakz	㕣
okkzjq	㕤
okkzrf	㕥
okkzda	㕦
okkzui	㕧
okkzfj	㕨
okkzfg	㕩
okkzyb	㕪
okkzfh	㕫
okkzgs	㕬
okkzyc	㕭
okkzfu	㕮
oknwkz	㕯
okkzmc	㕰
okkzyz	㕱
okkzmu	㕲
okkzxs	㕳
okkzrs	㕴
okkzwh	㕵
okkzwu	㕶
okkzbd	㕷
okkzli	㕸
okkzba	㕹
okdmfz	㕻
okkzyi	㕽
okxnii	㕾
okhekz	㕿
okkzyu	㖀
okkzye	㖂
okkzhz	㖃
okkzvz	㖄
okkzxu	㖅
okkzqu	㖆
okkzer	㖇
oklckz	㖈
okkzqi	㖉
okkzxy	㖊
okjpii	㖋
okizii	㖌
okdzii	㖍
okiijp	㖎
okkzjp	㖑
okkzdi	㖒
okkzfg	㖓
okkzty	㖔
okkzxb	㖕
okxbkz	㖖
okkzcf	㖗
okkzif	㖘
okjxii	㖙
okfuii	㖚
okguii	㖛
okwwii	㖝
okkzgo	㖞
okkzuz	㖟
okkznd	㖠
okkzye	㖡
okkzpz	㖣
okkzhj	㖤
okkzds	㖦
okkzhy	㖧
okkzlu	㖨
okkzqu	㖩
okkzho	㖪
okkzlk	㖫
okkztm	㖭
okkzly	㖮
oktsii	㖯
okiits	㖰
okyekz	㖱
okruii	㖲
okruii	㖳
okkzju	㖵
okkzui	㖷
okkznt	㖸
okkzpf	㖹
okkziy	㖺
okkzrz	㖻
okkzmz	㖼
okkzye	㖽
okkzye	㖿
okkzyz	㗀
okkzug	㗂
okkzhu	㗅
okkzge	㗆
okkzxx	㗇
okkzys	㗈
okkzui	㗌
okkzxl	㗍
okkzjx	㗎
okkzwd	㗏
okkzbd	㗑
okkzai	㗒
okkzvv	㗓
okkzqm	㗔
okkzgz	㗕
okkzyc	㗖
oklkbw	㗗
okkzvr	㗘
okkziu	㗙
okkzsu	㗚
okkzxn	㗛
okkzxu	㗜
okkzyh	㗝
okkzpo	㗞
okvuii	㗟
okuiii	㗠
okkzds	㗢
okkzdd	㗣
okqikz	㗤
okkzgo	㗥
okkzln	㗦
okkzvi	㗧
okkzxi	㗩
okkzzi	㗪
okkzji	㗫
okuhdo	㗬
okkzxi	㗭
okmkgg	㗮
okveii	㗯
okkzcs	㗰
okkzji	㗱
okkzhx	㗲
okkzda	㗳
okkzxm	㗴
okkzix	㗵
okkzfa	㗶
okkzgo	㗻
okkzye	㗼
okxlkz	㗽
okkzxt	㗾
okkzci	㘂
okkzre	㘃
okkzlg	㘄
okkztd	㘆
okkzrs	㘇
okkzyi	㘈
okkzjp	㘉
okkzxm	㘋
okkzju	㘌
okkzkj	㘎
okdcii	㘏
okvsii	㘒
okkzlj	㘓
okkzsd	㘔
okkzlj	㘕
okkzyj	㘖
okkzqu	㘗
okkzyj	㘙
okkzkj	㘚
okklyz	㘝
okklli	㘞
okklcc	㘟
okklbi	㘠
okkljx	㘡
okklgl	㘢
okklyr	㘣
okklyr	㘤
okklyc	㘥
oktuli	㘦
oktuyu	㘧
oktunw	㘨
oktubi	㘩
oktumc	㘪
oktujk	㘫
oktugz	㘬
oktuhr	㘭
oktuii	㘮
oktudz	㘰
okturj	㘱
okbwtu	㘳
oktubu	㘵
okirtu	㘶
oktuai	㘷
oksitu	㘸
okcitu	㘹
oktufa	㘺
oktuyb	㘻
oktukc	㘼
oktuyu	㘾
oktujq	㙀
oktumw	㙁
oktudv	㙂
oktubk	㙃
oktudd	㙅
oktuhs	㙆
oktuhu	㙈
oktudm	㙉
oktuih	㙊
oktuqi	㙋
oktusu	㙌
oktuvo	㙍
oktuww	㙎
oktufu	㙏
oktudr	㙐
okyutu	㙑
okyctu	㙓
oktuww	㙔
oktuww	㙕
oktuyu	㙖
oktuww	㙗
oktuyc	㙘
oktuvr	㙛
okgctu	㙜
oktunp	㙞
oktulh	㙟
oktucs	㙡
oktumj	㙢
oktuvh	㙣
okxptu	㙦
oktuji	㙨
oktuln	㙩
oktuyi	㙪
oktuji	㙫
oktujt	㙭
oktuda	㙮
okjptu	㙰
okhctu	㙱
oktuys	㙲
oktugj	㙳
oktuvj	㙴
oktupu	㙸
oktumg	㙹
oktukv	㙺
oktuxt	㙾
oktuyi	㙿
okycyc	㚁
oktunh	㚂
okxiui	㚈
oknddo	㚉
okdohd	㚊
okdovz	㚋
okdogo	㚌
okdogv	㚍
okdakl	㚎
okdacc	㚏
okdada	㚐
okxtda	㚑
okdamu	㚓
okdafu	㚕
okbdda	㚖
okdaqp	㚗
okfufu	㚘
okjxda	㚙
okdamk	㚚
okdavi	㚛
okdaho	㚜
okdajx	㚝
okdalb	㚞
okdagc	㚠
okqiqi	㚡
okrfnv	㚢
oknvnv	㚣
oknvyi	㚤
oknvyu	㚥
oknvqi	㚦
oknvgl	㚧
oknvxy	㚨
oknvmc	㚪
oknvji	㚫
oknvyy	㚬
oknvyz	㚭
oknvrs	㚮
oknvfg	㚯
oknvpi	㚰
oknvqq	㚱
oknvvj	㚲
oknvjx	㚳
oknvbu	㚴
oknvds	㚵
oknvkz	㚶
oknvsi	㚸
oknvmc	㚹
oknvyy	㚺
oktmnv	㚻
oknvtm	㚼
okqnnv	㚽
oknvxs	㚾
oknvbc	㚿
oknviu	㛀
oknvpk	㛁
oknvyi	㛄
oknver	㛅
oknvvl	㛇
oknvkc	㛈
oknvxi	㛉
oknvdo	㛊
oknvmz	㛌
oknvjx	㛍
oknvlv	㛎
oknvqq	㛏
oknvgg	㛐
oknvdz	㛒
oknvxi	㛓
oknvfg	㛔
oknvyi	㛕
oknvqy	㛖
oknvzo	㛗
oknvbo	㛘
oknvxb	㛙
oknvys	㛚
oknvuf	㛛
okyznv	㛜
oknvbw	㛝
oknvns	㛞
oknvhr	㛟
oknvjm	㛠
oknvwj	㛡
oknvxq	㛢
oknvyr	㛣
oknvli	㛤
oknvda	㛥
oknvlb	㛦
oknvyj	㛧
oknvql	㛨
oknvyu	㛩
oknvyj	㛪
oknvyi	㛫
oknvlu	㛬
oknvxi	㛭
oknvmm	㛯
oknvww	㛱
oknvye	㛲
okdinv	㛳
oknvtj	㛶
oknvbm	㛹
oknvyb	㛺
oknvkv	㛻
oknvxm	㛾
oknvdd	㛿
oknvxl	㜀
oknvia	㜁
okfgnv	㜂
oknvxb	㜃
oknvfg	㜄
oknvxu	㜅
oknvmi	㜆
okwunv	㜈
oknvvj	㜊
oknvyi	㜋
oknvth	㜍
oknvxi	㜎
oknvyr	㜏
oknvqi	㜐
okpunv	㜑
oknvjk	㜔
oknvlm	㜕
oknvcc	㜖
oknvcj	㜗
oknvlu	㜙
oknvsu	㜚
oknvrr	㜛
oknvao	㜜
okvjnv	㜞
oknvgj	㜟
oknvcv	㜠
oknvcs	㜡
oknvlz	㜢
oknvrj	㜣
oknvtj	㜤
oknvmd	㜥
oknvxy	㜦
oknvjt	㜧
oknvxi	㜨
oknvao	㜩
okxbnv	㜪
oknvww	㜫
oknvvj	㜬
oknvdh	㜭
oknvjm	㜮
oknvxi	㜯
oknvle	㜰
oknvvi	㜱
oknvmg	㜴
okminv	㜷
okxtnv	㜸
oknvqu	㜹
oknvzj	㜺
oknvlm	㜻
okirzi	㜽
okzijp	㜾
okziyu	㜿
okmuzi	㝀
okxyzi	㝁
okzive	㝂
okzimm	㝃
okxlty	㝄
okzixi	㝆
okxlxl	㝇
okbchg	㝉
okbcyz	㝊
okbcln	㝋
okbcjq	㝌
okbcyu	㝍
okbcvi	㝎
okbcjp	㝏
okbcgs	㝐
okbcfh	㝑
okbcgu	㝒
okbche	㝓
okbcjn	㝔
okbcdo	㝖
okbcll	㝗
okbcyj	㝘
okbcyj	㝚
okbcxi	㝜
okbclb	㝝
okbcya	㝞
okdmmk	㝠
okbcqu	㝡
okbcyu	㝢
okbcqi	㝣
okbcgz	㝤
okbcjy	㝦
okanzo	㝧
okbcyr	㝨
okbckh	㝩
okbcvi	㝪
okbcls	㝫
okhdfu	㝬
okbcxk	㝭
okbcqn	㝯
okhgxn	㝳
okyrcy	㝴
okdjcy	㝵
okuctu	㝹
okjmuc	㝺
okjbuc	㝻
okyzyu	㝼
okyzuv	㝽
okyzzo	㝾
okyzpi	㝿
okyzhv	㞀
okyzto	㞂
okguyz	㞃
okyzyj	㞄
okyzgo	㞅
okyzqi	㞆
okyzww	㞇
okyzbm	㞈
okyzia	㞉
okuiyz	㞋
okuizi	㞌
okuiwj	㞍
okuiba	㞎
okuifj	㞏
okuili	㞐
okuizi	㞒
okuivi	㞓
okuido	㞔
okuici	㞖
okuiqq	㞗
okwwuv	㞙
okqiui	㞝
okuics	㞞
okuidm	㞟
okuiln	㞠
okcchg	㞢
okccff	㞣
okujrf	㞤
okujru	㞥
okujji	㞦
okujnd	㞧
okujzi	㞨
okujfj	㞩
okxtuj	㞪
okujvi	㞫
okujgs	㞬
okdauj	㞭
okjiuj	㞯
okujwu	㞰
okujri	㞱
okujvs	㞲
okujdz	㞳
okujui	㞴
okujwf	㞵
okujwf	㞶
okccwh	㞷
okujbu	㞸
okujke	㞹
okujui	㞺
okujhc	㞻
okiguj	㞼
okujyt	㞽
okujni	㞾
okheuj	㟀
okujmu	㟂
okujsi	㟃
okujyh	㟄
okujhx	㟆
okujzo	㟇
okujqq	㟈
okujlc	㟉
okujfu	㟊
okujdv	㟋
okujls	㟌
okujll	㟍
okujto	㟎
okujhj	㟏
okujmh	㟐
okujbo	㟑
okujjy	㟒
okujxi	㟓
okujhj	㟔
okujns	㟖
okujvz	㟘
okujxi	㟙
okviuj	㟚
okujmi	㟜
okujpz	㟝
okujxl	㟟
okujgh	㟠
okujjr	㟡
okujqi	㟢
okujss	㟣
okujlu	㟤
okujcj	㟥
okujjy	㟦
okujdr	㟨
okujww	㟪
okujqr	㟫
okujsz	㟬
okujtu	㟮
okujke	㟯
okujmk	㟰
okujgc	㟱
okujyr	㟲
okujsu	㟳
okujgv	㟴
okujgh	㟵
okujyr	㟶
okujgc	㟸
okujln	㟹
okujlz	㟺
okvjuj	㟻
okujao	㟼
okujpn	㟽
okujys	㟾
okujmh	㟿
oknnuj	㠀
okujcj	㠁
okujao	㠂
okujdi	㠃
okujxi	㠄
okujfu	㠅
okujdj	㠆
okujjq	㠇
okujts	㠉
okujxu	㠊
okujqi	㠌
okujji	㠍
okujji	㠎
okujhx	㠏
okujqn	㠐
okujzv	㠑
okujpn	㠒
okujmg	㠓
okujpi	㠔
okujww	㠕
okujyi	㠖
okujao	㠗
okujyu	㠘
okujhc	㠙
okujdv	㠚
okujho	㠛
okujyi	㠜
okvguj	㠞
okujli	㠟
okujlu	㠠
okwwyi	㠢
okujli	㠣
okujxl	㠤
okujfg	㠦
okujmi	㠧
okhguh	㠪
okgsfu	㠫
okpugs	㠮
okjxji	㠰
oksiqi	㠱
okjbbi	㠲
okrfjb	㠳
okjbrf	㠴
okwhjb	㠵
okjbji	㠷
okjbfu	㠸
okjbjp	㠹
okjbuc	㠺
oklcjb	㠻
okjbjb	㠼
okjbds	㠽
okwjjb	㠾
okcijb	㠿
okjbkx	㡁
oklpjb	㡂
okjbxy	㡄
okjbdo	㡅
okjbhl	㡆
okjbmm	㡈
okjbxr	㡉
okjbyj	㡋
okjbcj	㡎
okjbyu	㡏
okjbqm	㡐
okqqjb	㡑
okjbdy	㡒
okjbjy	㡓
okjbyk	㡕
okjbvs	㡖
okjbsi	㡗
okjbjm	㡘
okjbgz	㡚
okjbhl	㡛
okjbji	㡜
okjbfg	㡝
okjblz	㡞
okjbcc	㡟
okjbdg	㡠
okjbiu	㡡
okjbye	㡤
okjbbb	㡦
okyche	㡫
okjiqi	㡮
okglto	㡯
okglyu	㡰
okgljq	㡱
okglge	㡲
okglui	㡳
okglli	㡴
okgllk	㡵
okglvi	㡶
okglbf	㡷
okglva	㡸
okglqp	㡹
okgldj	㡺
okglmc	㡻
okglyi	㡼
okglyu	㡽
okglgf	㡾
okglni	㡿
okglci	㢀
okgldo	㢁
okgldv	㢂
okglll	㢃
okgldz	㢄
okglns	㢅
okglli	㢆
okglyj	㢇
okglvv	㢈
okglqi	㢊
okglii	㢋
okglaa	㢌
okglyk	㢍
okglyu	㢏
okglgo	㢐
okglsy	㢑
okglvh	㢓
okglcs	㢔
okglfj	㢖
okglqn	㢗
okglqb	㢙
okglqm	㢛
okglsu	㢝
okglyi	㢞
okvivi	㢟
okvijs	㢠
okjlcc	㢡
okihcc	㢢
okjkcc	㢣
okdkbc	㢤
oktsyi	㢥
okgeyi	㢦
okgshg	㢧
okgsgj	㢨
okgsuc	㢩
okgskv	㢪
okgsuj	㢫
okgsgs	㢬
okgspu	㢭
okgsmb	㢯
okgspi	㢰
okgshe	㢵
okgsbd	㢶
okgssv	㢷
okgsxb	㢹
okgsqp	㢺
okgsww	㢻
okgsbi	㢼
okgsmi	㢽
okgshz	㢿
okgsvf	㣀
okgsge	㣂
okgsqu	㣄
okgsxi	㣆
okgsuj	㣉
okwfuj	㣊
okjkuj	㣋
okvjuj	㣌
oktduj	㣍
okqruj	㣐
okysuj	㣑
okzguj	㣒
okcjuj	㣓
okrfdk	㣔
okrfda	㣕
okrftd	㣖
okrfhu	㣗
okrfju	㣘
okrfyz	㣙
okrfts	㣚
okrfhe	㣛
okrfxk	㣜
okrfrs	㣝
okrfji	㣟
okrfvs	㣡
okrfdi	㣢
okrfjx	㣣
okrfui	㣥
okrfww	㣦
okrfgu	㣨
okrflb	㣩
okrfyr	㣪
okrfvs	㣫
okrfnj	㣮
okrfxp	㣯
okrfxi	㣰
okrfze	㣱
okrfwu	㣳
okrfhl	㣴
okrfda	㣵
okrfdj	㣶
okrfnk	㣷
okrfyk	㣹
okxbdm	㣺
okiaxb	㣻
okxbrf	㣼
oknvxb	㣽
okxbia	㣾
okxbuc	㣿
oktmxb	㤁
okjixb	㤂
okxbfh	㤃
okxbfu	㤄
okjixb	㤅
okxbfj	㤆
okxbyc	㤇
okxbxb	㤈
okxbya	㤉
okxbyc	㤊
okxbff	㤋
okxbgj	㤌
okqnxb	㤍
okjxxb	㤎
okxbds	㤏
okvjxb	㤐
okxbyz	㤑
okxbbf	㤒
okxbbf	㤓
okxbfu	㤔
okxbiu	㤕
okxbnk	㤖
okiyxn	㤗
okxbiu	㤘
okxbxk	㤚
okxbrf	㤛
okxbuu	㤜
okxbis	㤝
okxbvd	㤞
okquxb	㤟
oklpxb	㤠
okxblp	㤡
okxbyz	㤢
okbkxb	㤣
okxbhd	㤥
okxbli	㤦
okxbhz	㤧
okxbgs	㤨
okgexb	㤩
okhgyr	㤪
okyzxb	㤫
okxbgv	㤬
okxbqn	㤭
okklxb	㤮
okxbjs	㤯
okzoxb	㤰
okxbdz	㤱
okjxxb	㤲
okxbfz	㤳
okzixb	㤵
okxbls	㤶
okxbhj	㤷
okxbii	㤸
okxbqq	㤹
okxbhl	㤺
oklrxb	㤻
okxbjp	㤼
okxbuz	㤽
okxbyj	㤿
okxbvi	㥀
okxbde	㥂
okxbmf	㥃
okxblk	㥄
okxbuz	㥅
okxbli	㥆
oktpxb	㥈
okxbpz	㥉
okxbpg	㥊
okyixb	㥋
okxbqi	㥍
okxbdm	㥏
okmkxb	㥐
okxbcd	㥒
okxbqi	㥓
okxbyu	㥔
okyjxb	㥕
okxbmb	㥗
okqprf	㥘
okxbvs	㥙
okxbyu	㥚
okxbji	㥛
okxbww	㥜
okxbmi	㥝
okxbsv	㥞
okxbtr	㥟
okxbxu	㥠
okxbqq	㥢
okkvxb	㥣
okjbxb	㥤
okxbyu	㥥
okxbye	㥧
okwaxb	㥨
okxbve	㥩
okxblz	㥪
okxbph	㥬
okxbtd	㥭
okxbiu	㥮
okxbsz	㥰
okxbfw	㥱
okvfxb	㥲
okxbyr	㥳
okxbsi	㥴
okmbsi	㥸
okffxb	㥹
okxbhe	㥺
okxbyj	㥼
okxbze	㥽
okxbni	㥾
okaoxb	㥿
okxbfg	㦀
oklmxb	㦁
okihxb	㦂
okxbij	㦃
okmaxb	㦄
okxbdd	㦅
okxblu	㦇
okxbgd	㦈
okxbyi	㦉
okxbhx	㦊
okxbue	㦋
okqnxb	㦌
okxbhx	㦎
okxbxy	㦏
okxber	㦐
okxbgj	㦑
okxbrj	㦓
okxbls	㦕
okxbmf	㦖
okxbjb	㦗
okjnxb	㦘
okxbyu	㦙
okyuxb	㦛
okxbho	㦜
okmcxb	㦝
okuzxb	㦞
oklixb	㦟
okxbdv	㦠
okxble	㦡
okxbjp	㦢
okwwxb	㦣
okxbxm	㦥
okxblj	㦨
okxbyb	㦩
okxbzj	㦫
okxblo	㦬
okxblk	㦭
okgeer	㦮
okcsge	㦰
okgege	㦴
okvuge	㦵
okgevi	㦶
okysge	㦷
okvoge	㦸
okyhge	㦹
okruge	㦺
okxige	㦻
okisge	㦼
okhuye	㦾
okhumu	㦿
okhuji	㧀
okhuqu	㧁
okhutm	㧂
okuzjq	㧃
okuzkl	㧄
okuzdc	㧅
okuzjb	㧆
okuzgs	㧈
okuzqi	㧉
okuzfu	㧊
okuzqr	㧋
okuzmc	㧌
okuzfh	㧍
okuzya	㧎
okuzgh	㧏
okuzul	㧐
okuzww	㧑
okuzxt	㧒
okuzgx	㧓
okuzwu	㧔
okuzmc	㧕
okuzci	㧗
okciuz	㧘
okuzbi	㧙
okuzwa	㧚
okuzza	㧜
okjxuz	㧝
okuzhv	㧟
okuzhd	㧡
okuzyb	㧢
okuzvu	㧣
okuzis	㧤
okuzxm	㧥
okuzxy	㧦
okuzlq	㧧
okuzhz	㧨
okuzww	㧪
okuzer	㧫
okgsuz	㧬
okqsuz	㧭
okuzjq	㧮
okuzlc	㧯
okuzle	㧰
okheuz	㧱
okuzss	㧲
okbjuz	㧳
okuzwo	㧴
okuzfz	㧵
okuzuf	㧶
okuzty	㧷
okuzhg	㧸
okuzde	㧹
okuzda	㧺
okuzbn	㧼
okuzgu	㧽
okuzhu	㧾
okuzbk	㨀
okuzvi	㨁
okuzds	㨂
okuzxl	㨃
okuzvz	㨄
okuzrv	㨅
okuzlb	㨆
okbouz	㨇
okuzve	㨋
okfguz	㨍
okuztj	㨏
okuzbc	㨐
okuzkv	㨒
okuzxm	㨔
okuzyk	㨕
okuzvi	㨖
okuzug	㨘
okuzxi	㨙
okuzxy	㨚
okuzuj	㨛
okuzqm	㨜
okuzxp	㨝
okuzsu	㨞
okuzqi	㨟
okuzmk	㨠
okuzng	㨢
okuzwg	㨣
okuzna	㨥
okuzvi	㨦
okuzlq	㨨
okuztk	㨩
okuzhl	㨪
okuzjm	㨫
okuzyr	㨬
okuzhu	㨭
okuzdz	㨮
okuzgo	㨯
okuzji	㨳
okuzqm	㨴
okuzjm	㨵
okuznn	㨶
okuzjb	㨷
okuzmi	㨸
okuzhv	㨹
okuzmj	㨺
okvjuz	㨻
okltuz	㨼
okuzfu	㨽
okuzyh	㨾
okuziu	㨿
okuzhu	㩂
okuzhj	㩃
okuzzd	㩄
okuzjq	㩆
okuzhx	㩇
okuzjs	㩈
okuzsu	㩋
okuzfw	㩌
okuzce	㩍
okuzhw	㩏
okuzdg	㩐
okuzjb	㩒
okhvuz	㩓
okuzdm	㩔
okuzlk	㩕
okuzjl	㩖
okuzyi	㩘
okuzse	㩙
okuzmg	㩚
okuztr	㩛
okuzjm	㩜
okuzhc	㩝
okuzrs	㩞
okuzzd	㩟
okuzlw	㩡
okuzmp	㩢
okuzfu	㩤
okuzbc	㩧
okuzhv	㩨
okuzyk	㩩
okuzvi	㩫
okuzxt	㩭
okuzju	㩮
okuzfj	㩯
okuzjt	㩱
okuzul	㩳
okuzqu	㩴
okuzxm	㩵
okuzqm	㩷
okbivi	㩺
okwwvi	㩻
okdovi	㩼
okuuvi	㩽
okivvi	㩾
okqiwf	㩿
okyuwf	㪀
okjbpu	㪁
okqipu	㪂
okkepu	㪃
okfuwf	㪄
okbkpu	㪅
okdipu	㪆
okxmwf	㪇
okgvpu	㪈
okhewf	㪉
okjypu	㪊
okhjpu	㪋
okyspu	㪌
okbowf	㪍
okjxpu	㪎
okbwpu	㪏
oklipu	㪐
okyjpu	㪑
okerpu	㪒
okgkpu	㪓
oklbpu	㪔
okvopu	㪕
oklupu	㪖
okpzpu	㪗
okgowf	㪙
okxiwf	㪚
okufpu	㪛
okdrpu	㪜
okjmpu	㪝
okmcpu	㪞
okjmpu	㪠
okhdpu	㪡
okszpu	㪢
okgcwf	㪣
okbiwf	㪤
okybwf	㪦
okujpu	㪨
oksupu	㪩
okrvpu	㪫
okvdpu	㪬
oklupu	㪭
okwfmi	㪰
okwfhr	㪱
okdzve	㪲
okdzve	㪳
okyrdz	㪴
okbjdz	㪵
okbddz	㪶
okdzdz	㪷
okqidz	㪸
oklzdz	㪹
okkejb	㪼
okgejb	㪾
okihjb	㫀
okuujb	㫂
okfhrf	㫃
okfhfh	㫄
okyuve	㫇
okyuve	㫈
okfhww	㫉
okribi	㫐
okrili	㫑
okricc	㫒
okriqi	㫓
okriuh	㫔
okriwu	㫕
okuhri	㫖
okrizi	㫗
okburi	㫘
okrifu	㫙
okwuri	㫚
okrixs	㫛
okridj	㫜
okridi	㫝
okribj	㫠
okrids	㫡
okriqu	㫢
okridm	㫣
okriys	㫤
okrimk	㫥
okrimi	㫧
okrian	㫨
okhvri	㫩
okiyjq	㫪
okriya	㫫
okrixy	㫬
okrisi	㫭
okciri	㫮
okihwu	㫯
okrill	㫰
okriii	㫱
okribo	㫲
okifri	㫳
okrixn	㫴
okrifw	㫵
okrivz	㫶
okqiri	㫷
okrijp	㫸
okriso	㫹
okrily	㫻
okrivi	㫼
okrilu	㫽
okriuh	㫾
okrivv	㫿
okrixl	㬀
okriqx	㬁
okriyu	㬂
okrihr	㬇
okriwf	㬈
okriyr	㬊
okrihz	㬋
okrivr	㬍
okrige	㬏
okrijb	㬐
okrigo	㬑
okrimh	㬒
okripn	㬓
okrixl	㬕
okriqi	㬖
okrirj	㬗
okrisu	㬘
okriww	㬙
okrizg	㬝
okwuzg	㬟
okriua	㬠
okrilk	㬡
okriyi	㬢
okridv	㬣
okriho	㬦
okrihe	㬨
okrihv	㬩
okjkyi	㬪
okyjri	㬫
okriqu	㬬
okrijt	㬭
okrinj	㬮
okrilw	㬯
okrirf	㬰
okggyi	㬲
okytwu	㬳
okytgs	㬴
okytjn	㬵
okytgc	㬶
okytky	㬷
okythx	㬸
okytvg	㬹
okythl	㬻
okyzfu	㬼
okytdy	㬿
okmund	㭁
okmuxn	㭂
okmuyc	㭃
okmuxy	㭄
okmusj	㭅
okndmo	㭆
okmuyy	㭇
okmugk	㭈
okccmu	㭉
okmupm	㭊
okmufg	㭋
okmunq	㭌
okmugh	㭎
okmuww	㭏
okdamo	㭐
okmuww	㭑
okmukz	㭒
okmubm	㭓
okmuhu	㭔
okmuqu	㭕
okmudd	㭖
okmumb	㭗
okmuhe	㭘
okmusi	㭙
okmupd	㭛
okmurs	㭜
oklbjq	㭝
okmulp	㭞
okgsmu	㭟
okmuxm	㭠
okmuxb	㭡
okmuxk	㭢
okmuwf	㭣
okmunn	㭤
okmufu	㭥
okmuvd	㭦
okvzmu	㭧
okmuxp	㭨
okmufu	㭪
okmuzo	㭫
okmuui	㭬
okmubp	㭭
okcici	㭰
okmuxx	㭱
okmugu	㭲
okmuxn	㭳
okmujm	㭴
okmudm	㭵
okmufh	㭶
okmunj	㭷
okmutu	㭸
okmuxr	㭹
okmuyj	㭺
okmuuh	㭻
okmuda	㭼
okmudi	㭽
okmuqu	㭾
okmuah	㭿
okmuhj	㮀
okmuyc	㮁
okjumu	㮂
okmuww	㮃
okmuvv	㮅
okmutm	㮇
okmund	㮈
okmuxx	㮉
oklbyu	㮊
okmuyu	㮋
okmumm	㮌
okqmmu	㮍
okmubw	㮎
okmund	㮏
okmuug	㮐
okmuhg	㮓
okmuvs	㮔
okmuge	㮖
okjbmu	㮗
okmuui	㮛
okmuqt	㮝
okmuzi	㮞
okmurs	㮠
okjumu	㮡
okmuhz	㮢
okjimu	㮣
okrsmu	㮤
okmuso	㮦
okmuwu	㮧
okmuxi	㮩
okmuhd	㮫
okmuwg	㮬
okmuqp	㮮
okmuiu	㮲
okmuvf	㮳
okmusz	㮴
okmuuo	㮶
okmuss	㮸
okmuvi	㮹
okmuzc	㮻
okmuuj	㮼
okmubj	㮽
oklhmu	㮾
okmubi	㮿
okmuxr	㯀
okmupw	㯁
okmudd	㯂
okmuij	㯆
okmusu	㯈
okmuyj	㯊
okmuvu	㯌
okmujl	㯍
oklbyj	㯎
oksvmu	㯐
okmuvh	㯑
okmumi	㯒
okqnmu	㯔
okmusi	㯕
okmuxm	㯗
okmukr	㯘
okmuda	㯚
okmuhu	㯛
okmucv	㯜
okmulu	㯝
oklblu	㯟
okmuqm	㯠
okmuxy	㯢
okldld	㯤
okdsds	㯥
okmuic	㯧
okmusu	㯨
okshyi	㯩
okmulk	㯪
oklbjm	㯬
okmuuu	㯮
okmuvi	㯰
okmujb	㯲
okmujk	㯳
okmurs	㯴
okmuds	㯵
okmupu	㯷
okmujb	㯸
okmuzc	㯾
okmuli	㰀
okmulw	㰁
okmmxi	㰃
okmujm	㰄
okmuui	㰅
oklblm	㰈
okmuvf	㰉
okmupb	㰋
okmuho	㰌
oklsmu	㰍
okmugc	㰏
okmusv	㰐
okmuxt	㰒
okmuyi	㰕
okmulj	㰖
okmucu	㰗
okmuyi	㰘
okmunj	㰙
okmuli	㰚
oksiqm	㰝
okujqm	㰞
okqiqm	㰟
okkhqm	㰠
okjpqm	㰡
okkdqm	㰢
okciqm	㰣
okkeqm	㰤
okuiqm	㰥
okquqm	㰦
oktdqm	㰧
okviqm	㰨
okisqm	㰩
okgvqm	㰪
okxmqm	㰫
okxyqm	㰬
okkxqm	㰭
okifqm	㰮
okdzqm	㰯
okjxqm	㰰
okhoqm	㰲
okyaqm	㰳
okpzqm	㰴
okzuqm	㰵
okjqqm	㰶
oksiqm	㰷
okxmqm	㰹
okxxqm	㰺
okxiqm	㰿
okkhqm	㱂
okhwqm	㱄
okyiqm	㱅
okseqm	㱇
okjbqm	㱈
okyeqm	㱉
okyzqm	㱊
okhoqm	㱋
oknpqm	㱌
okervi	㱏
okvixi	㱑
okvike	㱒
okvilk	㱓
okcixi	㱔
okvivz	㱕
okvizu	㱖
okviiz	㱗
okyjvi	㱘
okddqn	㱙
okddyt	㱚
okdddd	㱛
okddzz	㱜
oksili	㱝
okddli	㱞
okddpi	㱟
okddgu	㱠
okddxm	㱡
okddll	㱢
okddto	㱣
okddxi	㱤
okddlk	㱥
okddqi	㱦
okddwj	㱧
okdddk	㱨
okddmd	㱩
okddjm	㱫
okddww	㱬
okdddr	㱭
okddgv	㱮
okddqi	㱯
okddzd	㱰
okddgv	㱱
okddyi	㱲
okmodd	㱳
okddze	㱴
okddbf	㱵
okddpg	㱶
okddji	㱷
okddpi	㱸
okddli	㱹
okddlu	㱺
okddlw	㱻
oksiuu	㱼
okybuu	㱽
okhduu	㱾
okifuu	㲀
okksuu	㲁
okuhuu	㲂
okhduu	㲅
okmcnd	㲌
okvimc	㲍
okmcmc	㲎
okpmmc	㲏
okmcjb	㲐
okmcuv	㲑
okjumc	㲒
okmcuu	㲓
okxbmc	㲔
okxnmc	㲖
okfumc	㲗
okbwmc	㲘
okmclq	㲙
okuamc	㲚
okvimc	㲛
okyjmc	㲜
okmcvv	㲝
okzumc	㲞
okykmc	㲟
okndmc	㲡
okbmmc	㲢
okszmc	㲣
okukmc	㲤
okthmc	㲥
okmczc	㲧
okrsmc	㲨
okdgmc	㲪
okjnmc	㲬
okyjmc	㲭
okmcda	㲮
okjmmc	㲯
oknkmc	㲰
okdiui	㲳
okqivs	㲴
okqixn	㲵
okqilu	㲶
okqidj	㲷
okuvyi	㲸
okuvji	㲹
okuvqi	㲺
okrfuv	㲻
okuvia	㲼
okuvrf	㲽
okbcuv	㲾
okuvgl	㲿
okuvge	㳀
okuvze	㳁
okuvgs	㳂
okuvqm	㳄
okuvbu	㳅
okuvdz	㳆
okuvfu	㳇
okuvyt	㳉
okuvwf	㳊
okuvqq	㳋
okuvjx	㳌
okuvbu	㳍
okuvbm	㳎
okuvui	㳏
okuvva	㳐
okuvmb	㳑
okuvyz	㳓
okuvdv	㳔
okuvlj	㳕
okuvyi	㳖
okuvis	㳘
okuvuu	㳚
okuvyu	㳛
okuvxq	㳜
okuvrf	㳝
okuvvs	㳞
okgsuv	㳟
okuvda	㳠
okuvgo	㳡
okuvqn	㳢
okuvlc	㳣
okuvns	㳥
okuvjp	㳦
okjldj	㳩
okuvfz	㳪
okuvjq	㳫
okuvdd	㳭
okuvnn	㳮
okuvxb	㳯
okuvqi	㳰
okuvyh	㳱
okuvtd	㳲
okuvke	㳳
okuvji	㳵
okuvru	㳶
okuvhx	㳸
okuvwh	㳹
okuvxi	㳻
okhouv	㳼
okuvmi	㳽
okuvql	㳾
okjlrj	㴂
okuvjs	㴄
okuvvz	㴆
okuvyt	㴈
okuvsu	㴋
okuvgu	㴌
okuvig	㴍
okuvnd	㴎
okuvmm	㴐
okuvyi	㴒
okuvsi	㴓
okuvji	㴔
okuvge	㴖
okuvyc	㴗
okuvmc	㴘
okuvsv	㴚
okuvvi	㴛
okuvbm	㴜
okuvhz	㴟
okuvxl	㴡
okuvvu	㴤
okuvqn	㴥
okuvgs	㴦
okuvxi	㴧
okuvvf	㴨
okuvnp	㴪
okuvjy	㴫
okuvue	㴬
okuvxp	㴮
okuvvi	㴯
okuvng	㴰
okuvsi	㴲
okuvhe	㴶
okuvdj	㴷
okuvuj	㴸
okuvmi	㴹
okuvjx	㴺
okuvsu	㴼
okuvxi	㴽
okbowf	㴾
okuvdk	㴿
okuvzu	㵀
okuvuu	㵂
okuvue	㵃
okuvtj	㵅
okmigc	㵆
okuvtm	㵇
okuvlb	㵉
okuvzv	㵊
okuvmd	㵋
okuvxy	㵌
okuvmf	㵍
okuvxm	㵎
okuvcv	㵏
okuvjt	㵐
okuvhe	㵑
okuvfw	㵒
okuvue	㵔
okuvxu	㵖
okfguv	㵗
okuvxi	㵙
okuvuj	㵛
okuvyi	㵝
okuviz	㵞
okuvww	㵟
okuvku	㵠
okuvbc	㵡
okuvlw	㵢
okuvxp	㵣
okuvge	㵧
okpiuv	㵨
okuvye	㵩
okuvxm	㵪
okuvvu	㵭
okuvfg	㵯
okuvyu	㵰
okpncy	㵱
okuvwu	㵲
okuvln	㵳
okuvzh	㵴
okuvju	㵵
okuvjp	㵶
okujmo	㵹
okuvxp	㵼
okuvll	㵾
okuvgo	㶁
okuvhl	㶂
okuvwu	㶃
okuvxt	㶅
okuvvu	㶆
okuvhg	㶇
okuvyk	㶈
okxinn	㶉
okuvlm	㶌
okuvxm	㶍
okuvhd	㶎
okuvyb	㶏
okuvyk	㶐
okuvlm	㶑
okuvil	㶒
okuvch	㶓
okuvjm	㶕
okuvlw	㶟
okuvyi	㶠
okjiho	㶡
okhojq	㶢
okgjho	㶣
okhoxi	㶤
okhogj	㶥
okhoyu	㶦
okhonw	㶧
okbuho	㶨
okhoyb	㶩
okbuho	㶪
okhomo	㶬
okhoyz	㶭
okbkho	㶮
okhomc	㶯
okhogj	㶰
okhobf	㶱
okhoys	㶲
okyuho	㶳
okhodo	㶴
okrfho	㶵
okhons	㶶
okhoxy	㶷
okhogs	㶹
okhoty	㶺
okfgho	㶻
okhoyi	㶼
okhogo	㶽
okximp	㶾
okhobo	㶿
okhoys	㷁
okhoih	㷃
okhogo	㷄
okquho	㷅
okhofu	㷆
okdohv	㷇
okhoyj	㷈
oklbho	㷊
okhoyj	㷋
okhovz	㷌
okholy	㷍
okhohe	㷎
okhoyu	㷒
okqqho	㷕
okjsvc	㷖
okhoqm	㷙
okhotk	㷚
okbcho	㷛
okhoyi	㷜
okhotu	㷝
okhohz	㷞
okhovv	㷟
okyjir	㷠
okiaho	㷢
okyjig	㷥
okggho	㷦
okhoyr	㷧
okhojy	㷪
okhomo	㷬
okfgho	㷭
okhocc	㷮
okholi	㷰
okngho	㷱
okhods	㷲
okyjho	㷳
okhohw	㷵
okbwho	㷶
okhoxy	㷷
okhovo	㷹
okhowu	㷻
okhouj	㷽
okhoqm	㷿
okhoye	㸁
oksvho	㸂
okhwvj	㸃
okhoqi	㸄
okhojp	㸅
okhokc	㸆
okhold	㸊
okvifj	㸋
okhoho	㸌
okhonp	㸎
okmiho	㸏
oknjho	㸐
okvxrf	㸒
okvxri	㸓
okvxvi	㸕
okfuqp	㸖
okfuts	㸗
okfuve	㸙
okycyc	㸚
okpjvc	㸛
okpjks	㸜
okpmqm	㸝
okpmpm	㸞
okpmvi	㸟
okpmvc	㸠
okpmvu	㸡
okpmye	㸣
okyagf	㸧
oknqjq	㸨
oknqgj	㸩
oknqir	㸪
oknqjb	㸫
oknqfu	㸬
oknqba	㸭
oknqff	㸮
oknqdz	㸯
oknqta	㸰
oknqva	㸲
oknqlk	㸳
okuinq	㸴
oknqji	㸵
oknqyb	㸶
oknqhz	㸸
okuanq	㸺
oknqyi	㸻
oknqfg	㸼
oknqbw	㸽
oknqrf	㸾
oknqke	㸿
oknqbo	㹀
oknqjk	㹁
okfwnq	㹃
oknqjy	㹆
oknqhe	㹇
oknqyr	㹉
oknqhe	㹊
oknqxq	㹋
oknqij	㹌
oknqdi	㹍
oknqlw	㹎
oknqjb	㹏
okcsnq	㹐
oknqer	㹑
oknqyc	㹓
oknqjl	㹔
okwjnq	㹕
oknqhr	㹖
oknquz	㹗
oknqxu	㹘
oknqyk	㹚
okqrqr	㹜
okqrui	㹝
okqrjb	㹞
okqrgk	㹟
okqrty	㹠
okqrxr	㹡
okqrjx	㹢
okqrds	㹣
okqrqu	㹤
okqrvu	㹥
okqrvc	㹦
okqryh	㹧
okqryz	㹨
okqrug	㹩
okqrce	㹪
okqryi	㹫
okqrli	㹬
okqryi	㹭
okqrbd	㹮
okqrxq	㹯
okqrgl	㹰
okqrzu	㹱
okqrxn	㹲
okqrwu	㹳
okqrgg	㹴
okqrjk	㹵
okqrtk	㹶
okxiqr	㹷
okqrgg	㹹
okqrda	㹺
okqrww	㹻
okqrjq	㹾
okqrvo	㹿
okqrhu	㺀
okqrxm	㺂
okqrgz	㺃
okqryu	㺄
okqrii	㺈
okqryh	㺊
okqrwg	㺋
okqrjm	㺌
okqrbb	㺍
okqrys	㺎
okqrlz	㺏
okqric	㺐
okqrcj	㺑
okqrze	㺓
okqrww	㺔
okqrfj	㺕
okqrgj	㺖
okqrdj	㺗
okqrjn	㺘
okqrda	㺚
okqrns	㺜
okqrjm	㺝
okqryu	㺞
okqrvd	㺟
okqrli	㺡
okqrho	㺢
okqrlm	㺦
okqrxn	㺧
okwhsi	㺨
okwhjq	㺩
okwhbu	㺪
okwhdc	㺫
okwhfj	㺬
okwhzi	㺭
okwhkv	㺮
okwhda	㺯
okrgyu	㺱
okwhiz	㺲
okwhpu	㺳
okwhqr	㺴
okwhqm	㺵
okwhdz	㺶
okwhuu	㺷
okwhbm	㺹
okwhmu	㺺
okwhfu	㺻
okwhpi	㺼
okwhpi	㺽
okwhjs	㺾
okwhif	㺿
okwhhv	㻁
okwhbk	㻂
okquyu	㻃
okwhhv	㻅
okwhqr	㻇
okwhhz	㻈
okwhbu	㻉
okwhmm	㻊
okwhuu	㻋
okwhyu	㻌
okwhwu	㻍
okwhlk	㻏
okwhqy	㻐
okwhji	㻑
okwhqu	㻓
okwhiv	㻔
okwhqu	㻕
okwhli	㻖
okfwyu	㻗
okwhuf	㻘
okwhyu	㻙
okwhpg	㻚
okwhyi	㻛
okwhci	㻝
okwhbm	㻞
okwhtu	㻠
okwhye	㻡
okwhui	㻢
okwhuf	㻣
okwhgz	㻤
okwhqq	㻥
okwhyu	㻦
okwhjp	㻧
okwhjm	㻩
okwhjy	㻪
okwhbi	㻫
okwhlv	㻭
okwhji	㻮
okwhhv	㻰
okwhfg	㻱
okwhlz	㻲
okwhli	㻳
okwhmj	㻴
okwhij	㻵
okwhbi	㻶
okwhji	㻷
okwhdy	㻻
okwhtj	㻼
okwhjy	㻽
okysyu	㻾
okwhuu	㻿
okwhda	㼀
okwhyi	㼁
okwhgl	㼅
okwhyk	㼆
okwhlo	㼈
okgxyb	㼉
oktygx	㼊
okgugx	㼋
okgxgx	㼌
oklwgx	㼍
okgxjn	㼎
oktogx	㼏
okbmgx	㼐
okjmgx	㼑
okgxyh	㼒
okgxjm	㼓
okwfgx	㼔
okdhgx	㼕
okgxli	㼖
okdkwa	㼗
okujwa	㼘
okjbwa	㼙
okkhwa	㼚
okkdwa	㼛
okyhwa	㼜
okwjwa	㼝
okpkwa	㼞
okbdwa	㼟
oktawa	㼠
okvuwa	㼡
okifwa	㼢
okbdwa	㼣
okkcwa	㼥
okgswa	㼦
okyswa	㼧
okhjwa	㼨
okigwa	㼩
okjxwa	㼪
okgowa	㼫
okxkwa	㼬
okqiwa	㼮
okdswa	㼯
okbwwa	㼰
okugwa	㼳
okyuwa	㼴
okuiwa	㼵
okyuwa	㼶
okdrwa	㼷
okrswa	㼸
okhlwa	㼹
okthwa	㼺
okcswa	㼻
okpnwa	㼼
okulwa	㼽
okluwa	㼾
oktswa	㼿
okdmwa	㽀
okfjwa	㽃
oksiwa	㽄
okdgwa	㽅
okdhwa	㽆
okyiwa	㽈
okgjwa	㽍
okufyb	㽎
okqxgj	㽏
okgjjm	㽐
okgjtj	㽑
oknjug	㽒
oktmli	㽖
oktmrf	㽗
oktmkh	㽘
oktmyy	㽙
oktmnq	㽚
oktmju	㽛
okwjtm	㽜
oklptm	㽝
oktmjx	㽠
oktmbw	㽡
oktmyj	㽢
oktmho	㽣
oktmrz	㽥
oktmzi	㽧
oktmia	㽨
oktmcj	㽩
oktmzg	㽪
okystm	㽫
okfufu	㽬
oktmxu	㽭
okpgpi	㽰
okbkjq	㽱
okbkqn	㽲
okbkyu	㽳
okbkvh	㽴
okbktu	㽵
okbkji	㽶
okbkuv	㽷
okbkyb	㽸
okbkfj	㽹
okbkji	㽺
okbkvi	㽻
okbkyb	㽼
okbkgu	㽽
okbkiu	㽾
okbkgx	㽿
okbkqu	㾀
okbkuu	㾁
okbktd	㾂
okbkta	㾃
okbkyz	㾄
okbkzi	㾅
okbkrj	㾆
okbkmu	㾇
okbkfu	㾈
okbklk	㾉
okbkci	㾊
okbkxq	㾋
okbkxm	㾌
okbker	㾍
okbkao	㾎
okbkgv	㾏
okbklp	㾐
okbkhe	㾑
okbkru	㾒
okbkyr	㾓
okbklv	㾔
okbkxb	㾕
okbkli	㾖
okbkll	㾗
okbkgg	㾘
okbkxi	㾙
okbkxp	㾚
okbkjx	㾜
okbkie	㾝
okbkyz	㾞
okbkbu	㾟
okbkkl	㾠
okbkqt	㾡
okbkld	㾢
okbkjb	㾣
okbkks	㾤
okbkuu	㾥
okbkpz	㾦
okbkgo	㾧
okbkqi	㾨
okbkgk	㾩
okbkug	㾪
okbkbm	㾫
okbkjp	㾬
okbkqq	㾭
okbkhl	㾮
okbkww	㾯
okbkhu	㾰
okbkao	㾲
okbkzi	㾳
okbkia	㾴
okbkji	㾵
okbkgu	㾶
okbksi	㾷
okbkgc	㾸
okbkid	㾹
okbkma	㾺
okbkiu	㾻
okbktv	㾼
okbkvv	㾽
okbkjm	㾾
okbklh	㾿
okbkbj	㿀
okbkgc	㿁
okbkdd	㿃
okbkxi	㿅
okbkxi	㿇
okbkgv	㿉
okbkzc	㿋
okbkqm	㿌
okbkjp	㿍
okbkbf	㿎
okbkvd	㿑
okbkuz	㿒
okbklu	㿖
okbktv	㿗
okbkyk	㿘
okbklo	㿚
okbkli	㿛
okbdsi	㿝
okbdmc	㿞
okbdbd	㿟
okbdgl	㿠
okbdvc	㿡
okmkbd	㿢
okbdhe	㿣
okbdiy	㿤
okbdhe	㿥
okbduz	㿧
okbdli	㿨
okbddh	㿩
okpiwj	㿪
okbipi	㿫
okpiba	㿬
okiipi	㿭
okyhpi	㿮
okhepi	㿯
okjnpi	㿰
okvepi	㿱
okqipi	㿲
okdapi	㿴
okphpi	㿶
okiapi	㿷
okpimj	㿸
okpida	㿹
okbcpi	㿺
okgjmb	㿻
okkdmb	㿼
okximb	㿽
oknkmb	㿾
okpimb	㿿
okyzmb	䀁
okanmb	䀂
okuimb	䀃
okmimb	䀄
okuemb	䀅
okjimb	䀈
okqnmb	䀉
okgjmb	䀍
okmuqn	䀎
okbcmu	䀏
okmuuj	䀐
okmuia	䀑
okmuqm	䀒
okmuwj	䀓
okmurf	䀔
okmuyb	䀕
okmutm	䀖
okmugk	䀗
okmukd	䀘
okmuqp	䀙
okmumc	䀚
okmuwu	䀛
okwumu	䀜
okmubi	䀝
okmudz	䀞
okmufu	䀟
okmumu	䀠
okmuvj	䀡
okmuui	䀢
okmubi	䀣
okwdmu	䀤
okmule	䀥
okmugu	䀦
okmugs	䀧
okmuue	䀨
okmuge	䀩
okmuxk	䀪
okmuhe	䀫
okmuqr	䀬
okmuhd	䀭
okmuhl	䀮
okmufu	䀯
okmugu	䀰
okmufg	䀱
okmumw	䀲
okmuuu	䀳
okmujk	䀴
okmuyi	䀵
okmull	䀶
okmujp	䀷
okvemu	䀸
okmujx	䀹
okyzmu	䀺
okmuif	䀼
okmuyj	䀽
okmuve	䀿
okmuve	䁀
okmujk	䁁
okmubn	䁃
okmuxk	䁄
okmumg	䁅
okmuyj	䁆
okmimu	䁇
okmuye	䁋
okmuww	䁌
okmuxm	䁍
okmutk	䁎
okmuyc	䁏
okmuyk	䁐
okmuyh	䁑
okmuyr	䁔
okmulz	䁖
okmuqi	䁗
okmuyc	䁘
okmuyj	䁙
okmuyr	䁚
okmugv	䁛
okmuhl	䁜
okmuia	䁟
okmujm	䁠
okmuuj	䁡
okmuxr	䁢
okmuvr	䁣
okmudi	䁤
okmuni	䁥
okmugo	䁨
okmuyu	䁩
okmuvj	䁪
okmuhw	䁫
okmuzg	䁬
okmubn	䁭
okmuxl	䁰
okmuyc	䁱
okmumd	䁲
okmumh	䁳
okmudj	䁴
okmujn	䁶
okmuns	䁸
okmupi	䁹
okmule	䁻
okmumo	䁼
okmump	䁾
okmomu	䁿
okmuyi	䂀
okmuqu	䂂
okmujt	䂃
okmujt	䂄
okmumj	䂅
okmcuc	䂆
okmciz	䂇
okmcis	䂈
okmchz	䂉
okmcxl	䂊
okmcts	䂌
okmcbc	䂍
okmczj	䂎
okuivc	䂏
okuiiu	䂐
okuici	䂑
okuiji	䂒
okuijm	䂓
okuixk	䂔
okuitr	䂕
okuidm	䂖
okuibi	䂗
okuiia	䂘
okuier	䂙
okuiyc	䂚
okuiyu	䂛
okuifg	䂜
okuige	䂝
okuimu	䂞
okjxui	䂟
okuiui	䂠
okuiqq	䂡
okuids	䂢
okuici	䂣
okuifu	䂤
okuimb	䂥
okuivf	䂦
okuier	䂧
okuiii	䂨
okuiyb	䂩
okuivc	䂪
okuijl	䂫
okgsui	䂬
okuijn	䂭
okuivl	䂯
okuili	䂰
okuidv	䂱
okjpui	䂲
okuizo	䂳
okuiyj	䂴
okuigs	䂵
okuijp	䂶
okuigk	䂷
okuiho	䂸
okuivi	䂹
okuigo	䂺
okuiih	䂻
okuinm	䂼
okuivo	䂽
okuild	䂾
okuida	䂿
okuiqi	䃀
okuiya	䃁
okuiky	䃂
okuiwh	䃃
okuijk	䃄
okuidj	䃅
okuiqi	䃆
okuibo	䃇
okuijp	䃈
okuiyu	䃋
okuisv	䃍
okuixk	䃏
okuitu	䃐
okuibj	䃑
okuige	䃒
okuigz	䃓
okuigs	䃔
okuiwu	䃖
okuibo	䃗
okuijm	䃘
okuilu	䃙
okuizu	䃚
okuilm	䃛
okuijn	䃝
okuuui	䃞
okuisj	䃟
okuixr	䃠
okuiqb	䃢
okuiww	䃣
okuisu	䃤
okuits	䃥
okdyui	䃦
oklsui	䃧
okuiql	䃨
okuins	䃩
okuidj	䃪
okuivj	䃫
okuiww	䃬
okuigj	䃭
okuida	䃮
okuile	䃯
okuica	䃰
okuivu	䃴
okuilj	䃹
okuimi	䃺
okuiba	䃻
okppbu	䃼
okppvi	䃽
okppbi	䃾
okppfu	䃿
okppge	䄀
okppui	䄁
okppyz	䄂
okppyh	䄃
okppyb	䄄
okjrui	䄅
okppue	䄆
okppig	䄇
okppdz	䄈
okppwo	䄉
okppvi	䄊
okppyj	䄋
okppvo	䄌
okppxi	䄍
okppqi	䄎
okpphy	䄑
okppnm	䄒
okpphl	䄓
okppyu	䄔
okppyu	䄖
okppph	䄘
okppmk	䄙
okppcc	䄚
okpplz	䄛
okppli	䄜
okppis	䄝
okppji	䄞
okqnui	䄟
okppdj	䄠
okppvj	䄡
okppqi	䄢
okppmd	䄣
okppld	䄤
okpplk	䄥
okheln	䄦
okhend	䄧
okheyu	䄨
okheyi	䄩
okheuc	䄪
okheji	䄫
okheye	䄬
okheqm	䄭
okhefu	䄮
okhekd	䄯
okheya	䄰
okhefh	䄱
okhenw	䄲
okhevi	䄳
okheyt	䄴
okhenq	䄵
okhefu	䄶
okheui	䄷
okhebd	䄸
okheyi	䄺
okhevc	䄻
okhexi	䄽
okhers	䄾
okheyi	䄿
okhelp	䅀
okanhe	䅁
okhege	䅂
okgshe	䅃
okhegv	䅅
okheci	䅆
okxihe	䅇
okjrhe	䅈
okheya	䅉
okhemm	䅋
okheyr	䅌
okhetk	䅍
okhexq	䅎
okheww	䅏
okhejm	䅐
okheto	䅑
okhemh	䅒
okheju	䅕
okheyj	䅖
okheww	䅗
okheld	䅘
okheky	䅙
okhejr	䅚
okheih	䅛
okheiv	䅜
okheks	䅝
okhede	䅞
okhecj	䅟
okheui	䅠
okheye	䅡
okhevz	䅢
okhehl	䅣
okhehe	䅥
okhemn	䅦
okheyb	䅧
okhexl	䅨
okhegv	䅪
okheyi	䅬
okheph	䅭
okhech	䅮
okheth	䅯
okheen	䅰
okheqi	䅱
okheqi	䅲
okheiu	䅳
okheso	䅴
okhegc	䅵
okheru	䅶
okhetu	䅷
okheuf	䅸
okhelz	䅹
okhepn	䅺
okheli	䅻
okhemj	䅼
okhehx	䅿
okhehw	䆀
okhelm	䆂
okdche	䆃
okhedj	䆄
okhevi	䆅
okhezc	䆆
okheii	䆈
okhegv	䆋
okhels	䆍
okheff	䆏
okxtdk	䆑
okxtwj	䆒
okxtyy	䆓
okxtvs	䆔
okxtgk	䆕
okxtgs	䆖
okxtjn	䆗
okxtjx	䆘
okxtvg	䆙
okxtts	䆚
okxtva	䆛
okxtyz	䆜
okxtxt	䆝
okxthe	䆟
okxtif	䆠
okxtll	䆡
okxtif	䆣
okxtuf	䆤
okxtui	䆥
okxtyj	䆦
okxtww	䆧
okxthc	䆨
okglks	䆪
okxtyr	䆬
okxtxr	䆭
okxtjb	䆮
okxtqu	䆰
okxtdj	䆱
okxtkh	䆲
okxtvu	䆳
okxtzg	䆵
okxtjn	䆶
okxtdg	䆸
okxtts	䆹
okxtfj	䆺
okxtgj	䆻
okxtgo	䆼
okxtjm	䆾
okxtxm	䇁
okliuu	䇂
oklisi	䇃
okliqi	䇄
oklige	䇅
oklidz	䇆
oklimb	䇇
okliug	䇈
okliui	䇉
oklido	䇋
oklixn	䇌
oklizu	䇍
oklixi	䇎
oklixl	䇏
oklili	䇐
oklibw	䇑
okjili	䇒
okxuli	䇓
oklixu	䇕
okvugs	䇗
okvuhu	䇘
okvuyb	䇙
okvupu	䇚
okvuvi	䇛
okvuqm	䇜
okvuge	䇝
okvugj	䇞
okvuvu	䇠
okvunk	䇡
okvugu	䇢
okvubk	䇤
okvuvg	䇥
okvuyh	䇦
okvujl	䇨
okvuyi	䇩
okvuvi	䇪
okvuif	䇫
okvuvu	䇬
okvulc	䇭
okvurf	䇮
okvuer	䇯
okvuig	䇰
okvujx	䇲
okvuxi	䇴
okvuyi	䇵
okvujn	䇶
okvubp	䇷
okvuig	䇸
okvujy	䇹
okvudz	䇺
okvuww	䇻
okvuyi	䇼
okvuve	䇽
okvuyj	䇾
okvuuu	䇿
okvuuj	䈀
okvuly	䈁
okvubk	䈂
okvuvc	䈃
okvuhj	䈄
okvuho	䈅
okvuli	䈆
okvuvo	䈇
okvufw	䈈
okvuqp	䈉
okvulk	䈊
okvuda	䈋
okvuju	䈌
okvumh	䈍
okvuye	䈎
okvufu	䈏
okvuhv	䈐
okvugo	䈑
okvunj	䈒
okvuhe	䈓
okvuxx	䈔
okvuui	䈕
okvuke	䈖
okvujy	䈗
okvuzi	䈘
okvuvz	䈙
okvudd	䈚
okvuqb	䈜
okvuxu	䈝
okvuze	䈟
okvuyr	䈠
okvuvg	䈣
okvugj	䈤
okvuww	䈧
okvuxm	䈨
okvujm	䈩
okvuge	䈪
okvuna	䈫
okvupu	䈬
okvugv	䈭
okvuvf	䈯
okvuuc	䈰
okvuyc	䈱
okvubj	䈲
okvujm	䈴
okvuwg	䈵
okvurs	䈶
okvuge	䈷
okvuhu	䈸
okvusu	䈹
okvuvs	䈺
okvupu	䈻
okvumi	䈼
okvujb	䈽
okvuuc	䈾
okvuuu	䉀
okvulk	䉁
okvulw	䉂
okvujl	䉃
okvulk	䉄
okvuvi	䉅
okvunn	䉆
okvusj	䉈
okvumw	䉋
okvudv	䉌
okvumf	䉍
okvuth	䉎
okvujp	䉏
okvugu	䉐
okvuwu	䉑
okvufj	䉒
okvuke	䉓
okvucj	䉔
okvuzg	䉕
okvuyi	䉗
okvuzs	䉘
okvuyy	䉙
okvuao	䉛
okvuvi	䉜
okvuyi	䉝
okvugj	䉞
okvuww	䉠
okvudj	䉡
okvuse	䉢
okvuuu	䉤
okvuqm	䉦
okvulq	䉧
okvuyi	䉨
okvuuu	䉩
okvuli	䉫
okvufw	䉬
okvuxm	䉯
okvumi	䉲
okvuxm	䉳
okvuxl	䉴
okvuul	䉶
okvuyj	䉷
okvubm	䉸
okvulk	䉹
okmigs	䉺
okmiui	䉻
okmijb	䉼
okmibj	䉽
okbwmi	䉾
okmihu	䉿
okmigu	䊀
okmixm	䊁
okmici	䊂
okgsmi	䊄
okmimk	䊅
okjqmi	䊆
okmifu	䊇
okmimw	䊈
okmiss	䊉
okmiww	䊊
okmivl	䊋
okmibi	䊌
okmijr	䊎
okmiyj	䊏
okmiky	䊐
okmiuh	䊑
okmivv	䊒
okmiui	䊓
okmiyk	䊔
okmijm	䊕
okminj	䊖
okmihl	䊗
okmivz	䊘
okyjmi	䊙
okmivv	䊚
okmiua	䊛
okmivr	䊜
okmixi	䊝
okmidi	䊞
okmimj	䊟
okjimi	䊠
okmimj	䊡
okjlmi	䊢
okmihl	䊣
okmitj	䊤
okmisu	䊥
okmiyi	䊦
okmifw	䊧
okmifj	䊩
okmiwj	䊪
okmizv	䊫
okkemi	䊬
okmiuz	䊭
okmivd	䊮
okmigl	䊯
okmivu	䊰
oksuij	䊲
okmimi	䊳
okmiqm	䊴
oksijq	䊵
oksiye	䊶
oksicd	䊷
oksikv	䊸
oksiqm	䊹
oksihu	䊺
oksiqm	䊻
oksivi	䊼
oksigk	䊽
oksimu	䊾
oksifu	䊿
okhusi	䋀
oksikh	䋁
oksiyc	䋂
oksimc	䋃
oksigh	䋄
oksinq	䋅
oksihu	䋆
oksiii	䋇
oknusi	䋈
oksixt	䋉
oksivg	䋊
oksimb	䋋
oksiju	䋌
oksike	䋍
oksidj	䋎
oksiva	䋏
oksiyt	䋐
oksibk	䋑
oksimc	䋒
oksiiu	䋓
oksipi	䋔
okrfsi	䋕
oksiyu	䋖
oksiif	䋗
oksilw	䋘
oksier	䋙
oksiyu	䋚
oksimi	䋛
oksiwh	䋞
oksiji	䋟
oksifu	䋠
oksiyu	䋡
okvesi	䋢
okmwsi	䋣
oksuuc	䋤
oksili	䋥
oksimw	䋦
oksiju	䋧
oksipz	䋨
oksier	䋩
oksiaa	䋪
oksivg	䋫
oksitm	䋬
oksiyu	䋭
oksijb	䋮
okjusi	䋰
oksild	䋱
oksimm	䋲
oksibw	䋳
oksirz	䋴
oksihe	䋵
oksiye	䋶
oksidy	䋸
oksifu	䋹
oksiqq	䋺
oksinj	䋻
oksiyk	䋼
oksifg	䋽
oksiww	䋿
oksike	䌀
oksiyc	䌁
oksiwu	䌂
oksixt	䌃
oksith	䌅
oksigv	䌆
oksiso	䌇
oksigh	䌉
oksiyc	䌊
oksixi	䌌
oksijb	䌍
okltsi	䌎
oksimi	䌏
oksimi	䌐
oksijm	䌑
oksilu	䌒
oksiqu	䌔
oksima	䌕
oksiji	䌖
oksiwu	䌗
okbisi	䌘
oksihl	䌙
oksisu	䌚
oksiye	䌜
oksijb	䌝
oksiqm	䌞
oksipi	䌟
oksilk	䌢
oksigr	䌣
oksier	䌤
oksivd	䌦
oksiuz	䌧
oksicd	䌨
oksimp	䌩
oksilj	䌫
oksils	䌬
oksijn	䌭
oksiul	䌮
oksinp	䌰
oksixy	䌲
oksixi	䌳
oksilw	䌴
oksiuu	䌵
oksicd	䌶
oksiyz	䌷
oksivr	䌸
oksijs	䌹
oksier	䌺
oksiyu	䌻
oksidv	䌼
oksicd	䌽
oksinj	䌾
oksifu	䌿
oksijm	䍀
oksisv	䍁
okfzyu	䍂
okvxfz	䍃
okfzvj	䍄
okfzlk	䍅
okfznk	䍆
okfzfj	䍇
okfzpk	䍈
okfzvi	䍉
okfzjn	䍊
okfziv	䍋
okfzpz	䍌
okfzyj	䍎
oksigj	䍐
okwhgj	䍑
oksimu	䍒
oksiya	䍓
oksigs	䍔
oksidi	䍕
oksibc	䍖
oksixr	䍗
oksimi	䍘
oksimw	䍙
oksill	䍚
oksigu	䍛
oksivv	䍜
oksida	䍝
okwhho	䍞
oksili	䍠
oksilu	䍡
oksiwu	䍢
oksilw	䍣
oksiqi	䍤
oksili	䍥
oksili	䍦
oknqyh	䍧
okyhfu	䍨
okyhwf	䍩
okyhmo	䍪
okyhta	䍫
okyhpk	䍬
okyhmu	䍭
okyhvc	䍮
okyhww	䍯
okyhyb	䍰
okyhyu	䍱
okyher	䍲
okyhvo	䍳
okyhww	䍴
okyhvg	䍵
okyhds	䍶
okyhww	䍷
okyhvr	䍸
okyhiz	䍹
okyhhr	䍺
okyhxy	䍻
okyhli	䍽
okkdyu	䍾
okyuwh	䍿
okyuyt	䎀
okguyu	䎁
okyubc	䎂
okrjyu	䎃
okvcyu	䎄
okbdyu	䎅
okyulk	䎆
okvzyu	䎇
okyuyi	䎈
okyuuu	䎉
okgeyu	䎊
okgcyu	䎋
okyuzu	䎌
okyufu	䎍
okhjyu	䎏
okvoyu	䎐
okyulu	䎑
okyuda	䎓
okyuvr	䎔
okzgyu	䎖
okqnyu	䎗
oksuyu	䎘
okbbyu	䎙
okyuhv	䎚
oklckz	䎛
oklclc	䎜
oklcyu	䎝
okveve	䎞
oknver	䎟
okwjer	䎠
okerho	䎡
oklwqi	䎢
oklwyi	䎣
oklwju	䎤
oklwgu	䎥
oklwyj	䎦
oklwpz	䎧
oklwyj	䎨
oklwde	䎪
oklwba	䎬
oklwzc	䎭
oklwdi	䎮
okeryi	䎲
okeryt	䎳
okerjk	䎴
okerbi	䎵
okeruf	䎶
okervu	䎷
okerwu	䎸
okbmer	䎹
okervi	䎺
okervz	䎻
okerlu	䎼
okerhy	䎽
okerly	䎾
okerqq	䎿
okerci	䏀
okerzd	䏁
okersz	䏂
okermk	䏃
okervi	䏄
okerji	䏅
okercc	䏆
okerpn	䏇
okerls	䏊
okbayt	䏌
oksiyt	䏍
okytfj	䏎
okytyu	䏏
okytgk	䏐
okytpm	䏒
okytyr	䏓
okytiz	䏔
okytrf	䏕
okytyb	䏖
okytqi	䏗
okytpi	䏘
okytyb	䏙
okytuc	䏚
okytyy	䏛
okytji	䏜
okytvr	䏝
okytmo	䏞
okytbi	䏟
okytli	䏠
okytui	䏡
okytpi	䏢
okytqp	䏣
okytsi	䏤
okytrj	䏥
okytue	䏦
okytdo	䏧
okytdv	䏨
okythe	䏩
okyter	䏪
okytxq	䏫
okytmz	䏬
okytvu	䏭
okytvi	䏯
okytrf	䏰
okytju	䏱
okytdi	䏲
okytve	䏳
okytxn	䏴
okytls	䏵
okythj	䏷
okytwu	䏸
okytjm	䏹
okytfg	䏺
okytpz	䏽
okytfg	䏾
okytqi	䐀
okytlu	䐂
okytcd	䐆
okytvi	䐈
okytky	䐊
okdmyt	䐌
okytui	䐎
okytiy	䐏
okytqq	䐐
okytye	䐑
okytye	䐓
okytbm	䐔
okytui	䐖
okytve	䐗
okytyr	䐘
okytge	䐙
okytji	䐚
okytda	䐛
okytvf	䐜
okytro	䐞
okytgz	䐟
okythl	䐠
okytiu	䐢
okytyr	䐣
okytia	䐤
okytwg	䐥
okythe	䐦
okytgc	䐧
okytqi	䐩
okytjy	䐪
okytcs	䐫
okytcc	䐬
okytdd	䐭
okytij	䐮
okytlw	䐯
okytxq	䐰
okytdi	䐱
okytxi	䐲
okytyu	䐳
okjiyt	䐴
okythl	䐵
okytdj	䐷
okythx	䐸
okytsu	䐹
okyttj	䐺
okytgu	䐻
okytjp	䐼
okytmj	䐽
okytao	䐿
okytpi	䑀
okytyu	䑂
okytmg	䑃
okytbi	䑄
okytmg	䑅
okytyh	䑆
okytvi	䑇
okytle	䑈
okytyi	䑊
okytxl	䑋
okytlj	䑌
okytyk	䑍
okvirf	䑒
okjqfu	䑔
okjqjp	䑖
okjqyh	䑗
okjqia	䑘
okueyt	䑚
okuedi	䑛
okueye	䑜
okuyhl	䑟
okvzln	䑠
okvzia	䑡
okvzwu	䑢
okvzuj	䑣
okvzjb	䑤
okvzji	䑥
okvzju	䑦
okvzfu	䑧
okvzgu	䑩
okvzhe	䑪
okvzbk	䑫
okvzvc	䑬
okvzjl	䑭
okvzdo	䑮
okvzdi	䑯
okvzbu	䑰
okvzwj	䑱
okvzvo	䑲
okvzly	䑳
okvzqi	䑴
okvzqk	䑶
okvzjm	䑷
okvzzs	䑸
okvzfg	䑺
okvziu	䑼
okvzvi	䑾
okvzsu	䑿
okvzfu	䒀
okvzxi	䒁
okvzjl	䒂
okvzzc	䒃
okvzjr	䒅
okvzfu	䒇
okvzbf	䒈
okvzwu	䒉
okxise	䒊
okyhse	䒋
okmkse	䒌
okphse	䒍
okmhse	䒎
okzgse	䒏
okmgse	䒐
okbahg	䒑
okccdn	䒒
okccqn	䒓
okccba	䒔
okccxn	䒕
okccxy	䒖
okccqi	䒗
okccwf	䒘
okccuh	䒙
okccuc	䒚
okcchr	䒛
okccnq	䒜
okccyc	䒝
okccyb	䒞
okccdj	䒟
okccfg	䒠
okccyb	䒡
okccmc	䒢
okccri	䒤
okgsjb	䒥
okccfj	䒦
okccqu	䒧
okccui	䒨
okcche	䒩
okccbm	䒪
okccdd	䒫
okccui	䒬
okcckl	䒰
okccig	䒱
okccdo	䒳
okccyz	䒴
okcchc	䒵
okccye	䒶
okccue	䒷
okccxt	䒸
okcclw	䒹
okccsi	䒺
okccqu	䒼
okccwh	䒽
okccyi	䒾
okccji	䓀
okccsi	䓁
okccyj	䓂
okccyi	䓃
okccyi	䓅
okccve	䓆
okccii	䓇
okccyi	䓈
okccxp	䓉
okccwu	䓊
okccvi	䓌
okcchj	䓍
okccvo	䓎
okccfz	䓏
okccdm	䓒
okccuz	䓓
okccxn	䓔
okccyr	䓕
okccqs	䓖
okccjq	䓘
okccgk	䓙
okccqu	䓛
okccmg	䓝
okccli	䓞
okccvz	䓟
okccda	䓠
okccvi	䓡
okccgu	䓢
okccll	䓣
okcchu	䓤
okrucc	䓥
okccdm	䓦
okccji	䓧
okccvi	䓩
okccyi	䓪
okccqi	䓫
okccvo	䓬
okccua	䓭
okccdu	䓯
okccid	䓱
okcchf	䓳
okccpb	䓵
okccci	䓶
okccjm	䓸
okccui	䓹
okccmw	䓺
okccji	䓽
okccso	䓾
okccwo	䔀
okccsu	䔁
okcczd	䔂
okcczu	䔃
okccyc	䔄
okccge	䔅
okccli	䔆
okccqi	䔇
okccgs	䔈
okccua	䔋
okccgc	䔌
okccma	䔍
okccsu	䔎
okcczc	䔏
okccqm	䔐
okccxp	䔑
okccpw	䔒
okccxu	䔓
okccjk	䔔
okccpu	䔕
okcclk	䔖
okccxl	䔗
okccdn	䔙
okccqk	䔛
okcczi	䔝
okcclv	䔞
okccyi	䔟
okccuc	䔠
okccyu	䔡
okccli	䔣
okccmw	䔦
okccli	䔧
okccii	䔩
okccul	䔪
okccuu	䔫
okccnk	䔭
okccsi	䔮
okccfu	䔰
okccyi	䔱
okccdg	䔲
okccrj	䔳
okccxm	䔵
okccti	䔶
okccqb	䔷
okccbn	䔸
okccdv	䔹
okccsv	䔺
okccdy	䔻
okccke	䔽
okccjp	䔾
okcczy	䔿
okcckr	䕀
okccsc	䕅
okccyu	䕆
okccdp	䕈
okccdj	䕊
okccth	䕋
okccvi	䕌
okccyi	䕍
okccyi	䕏
okccfu	䕐
okccjx	䕒
okccca	䕓
okccmj	䕕
okccxy	䕖
okccbi	䕗
okcclk	䕘
okccjp	䕙
okcckv	䕚
okcccv	䕜
okcclh	䕞
okccxk	䕟
okccfw	䕠
okcche	䕣
okccdj	䕤
okcctg	䕨
okccze	䕪
okccpn	䕯
okcctz	䕱
okccmi	䕳
okccmi	䕷
okccxx	䕸
okccza	䕹
okccli	䕻
okccnj	䕼
okccvu	䕽
okccyj	䕾
okccxn	䖀
okwjyi	䖁
okcclk	䖅
okccnl	䖆
okhubi	䖈
okhuyu	䖉
okiahu	䖊
okhurf	䖋
okhudc	䖌
okhuwf	䖍
okerhu	䖎
okhucs	䖏
okjbhu	䖐
okhuri	䖑
okhudz	䖒
okiuhu	䖓
okquhu	䖔
okhuqp	䖕
okhujx	䖖
okhuxm	䖗
okhutu	䖘
okwosi	䖙
okhuwu	䖚
okhuso	䖛
okppis	䖝
okiscy	䖞
okwhis	䖟
okisfj	䖠
okisiz	䖡
okisuc	䖢
okisvx	䖣
okwjis	䖤
okmcis	䖥
okisiu	䖦
okisdj	䖧
okisui	䖨
okisbi	䖩
okciis	䖪
okisjx	䖬
okjris	䖭
okisxl	䖮
okgvis	䖯
okispd	䖰
okiskl	䖱
okisxy	䖲
okisvd	䖳
okisvc	䖴
okisis	䖵
okisui	䖶
okisxi	䖷
okwois	䖸
okislq	䖻
okisqt	䖼
okliis	䖽
okiswj	䖾
okislk	䗀
okisqi	䗁
okishu	䗂
okisfu	䗄
okisih	䗅
okisgr	䗆
okismh	䗈
okisih	䗉
okisyj	䗊
okismz	䗋
okisxk	䗌
oktris	䗍
okuiis	䗐
okisyu	䗑
okisbk	䗒
okishz	䗔
okwjis	䗕
okisdd	䗖
okisji	䗗
okishe	䗘
okisvr	䗚
okisxq	䗛
okislq	䗜
okufis	䗝
okxris	䗠
okisyj	䗡
okiszc	䗢
okisys	䗤
okiscs	䗥
okisfg	䗦
okiskh	䗧
okisyu	䗨
okisqi	䗩
okuuis	䗪
okisma	䗫
okfgis	䗬
okishr	䗭
okisul	䗮
okisjb	䗯
okisgr	䗰
okislb	䗲
okisdg	䗳
okisjl	䗵
okisge	䗶
okisyi	䗷
okysis	䗸
okisci	䗹
okisjp	䗻
okisxy	䗼
okwwis	䗽
okisnk	䗿
okjpis	䘁
okismo	䘃
okisxm	䘆
okwfis	䘇
okisli	䘈
oktmis	䘉
okismp	䘊
okiswj	䘎
okxter	䘏
okxtys	䘑
okxtqy	䘒
okxtke	䘔
okxkkh	䘕
okxkfz	䘖
okxksu	䘘
okyiui	䘚
okppji	䘛
okppjb	䘜
okppyi	䘝
okppma	䘞
okppdn	䘟
okbiyi	䘡
okppnk	䘢
okppci	䘣
okppuu	䘤
okppjx	䘥
okppni	䘦
okppyh	䘧
okppjn	䘨
okppxy	䘩
okppis	䘪
okruyi	䘫
okpprs	䘬
okppvi	䘭
okppxn	䘯
okppyj	䘰
okyigu	䘱
okppjb	䘳
okppss	䘴
okpplu	䘵
okpphj	䘶
okppbi	䘷
okppye	䘸
okppzu	䘹
okppdk	䘺
okppyu	䘻
okppwj	䘼
okpper	䘽
okppgr	䘾
okppqu	䘿
okpppg	䙀
okppyc	䙅
okppgv	䙆
okpphz	䙈
okppdy	䙉
okppdd	䙊
okppxr	䙋
okppgv	䙌
okppfw	䙍
okppxi	䙎
okppvr	䙏
okppge	䙐
okppuk	䙑
okppxu	䙒
okppba	䙓
okppqu	䙔
okppcs	䙕
okppbg	䙖
okppdi	䙗
okppqi	䙘
okppxi	䙙
oknnyi	䙚
okppfg	䙜
okppdg	䙞
okppww	䙟
okppjt	䙠
okppgv	䙡
okppzg	䙢
okppgo	䙤
okpplk	䙥
okppmg	䙦
okppxy	䙧
okppmg	䙩
okfjyi	䙪
okppyk	䙬
okppjm	䙭
okppcu	䙯
okppli	䙰
okppuu	䙱
okxida	䙲
okxiho	䙳
okxigv	䙵
okxins	䙶
okjmcy	䙷
okjmcy	䙸
okkdjm	䙹
okhojm	䙺
okzijm	䙻
okvcjm	䙼
oktajm	䙾
okwwjm	䙿
okvzjm	䚀
okxljm	䚁
okiijm	䚂
oklujm	䚄
okldjm	䚅
okykjm	䚆
okugjm	䚇
okqijm	䚉
okyijm	䚊
okyrjm	䚋
okgcjm	䚌
okzejm	䚍
okisjm	䚎
oklbjm	䚏
okvijm	䚐
okmdjm	䚑
oktsjm	䚒
oktjjm	䚓
okbbjm	䚔
oklijm	䚕
oklkjm	䚖
okjngs	䚗
okxkjn	䚘
okjngf	䚙
okjnxm	䚚
okjngc	䚛
okjnbw	䚜
okjnzu	䚝
okjnld	䚞
okjnde	䚟
okjnky	䚠
okjnsi	䚡
okjnye	䚢
okjnui	䚣
okjnyu	䚤
okjnro	䚥
okjnsi	䚦
okjnfa	䚨
okjnqn	䚩
okjnjn	䚫
okjnlb	䚬
okyjnd	䚮
okyjdc	䚯
okyjbi	䚰
okyjxn	䚱
okyjuj	䚲
okyjvi	䚳
okyjyt	䚴
okyjdz	䚵
okyjtm	䚶
okyjxi	䚷
okyjjp	䚸
okyjbi	䚹
okyjwf	䚺
okyjiz	䚼
okyjmc	䚽
okyjrf	䚾
okyjqm	䚿
okyjfj	䛀
okyjug	䛂
okyjyr	䛃
okyjwj	䛄
okyjjx	䛅
okyjyz	䛆
okyjui	䛈
okyjmb	䛉
okyjvi	䛊
okyjwu	䛋
okyjbc	䛌
okyjfu	䛍
okyjxt	䛎
okyjni	䛏
oksiyj	䛐
okyjbi	䛑
okqnyj	䛒
okyjer	䛔
okyjyi	䛖
okifyj	䛗
okyjrf	䛘
okyjxq	䛙
okyjhv	䛛
okyjxb	䛜
okyjhj	䛞
okyjjx	䛟
okyjdz	䛠
okyjtu	䛢
okyjzu	䛤
okyjxi	䛥
okyjgu	䛦
okyjxb	䛨
okyjya	䛩
okyjqs	䛪
okyjih	䛫
okyjxk	䛭
okyjjq	䛮
okyjju	䛯
okyjky	䛰
okyjvs	䛱
okyjbo	䛲
okyjyj	䛳
okyjqi	䛴
okyjuz	䛵
okyjwj	䛷
okyjdm	䛸
okyjtr	䛹
okyjjp	䛺
okyjdy	䛻
okyjsu	䛾
okyjge	䛿
okyjgc	䜂
okuwtu	䜃
okyjxi	䜄
okyjcv	䜅
okmayj	䜆
okyjic	䜈
okyjcc	䜊
okyjgv	䜋
okyjln	䜍
okyjlc	䜎
okyjsv	䜏
oksvyj	䜐
okyjee	䜑
okyjao	䜒
okyjye	䜓
okyjwj	䜕
okyjjx	䜖
okyjgj	䜗
okyjjk	䜘
okyjrv	䜜
okyjqi	䜞
okyjvi	䜠
okyjyz	䜡
okyjxm	䜢
okyjjb	䜣
okyjgs	䜤
okyjxy	䜦
okyjhr	䜨
okyjyj	䜩
okgujq	䜪
okgugs	䜫
okguyz	䜬
okgulc	䜮
okgugc	䜰
okgumj	䜱
okdzve	䜳
okdzpu	䜴
okdzpi	䜵
okdzjl	䜶
okdzww	䜸
okdzuu	䜹
okdzxi	䜺
okdzui	䜻
okdzyu	䜽
okdzyb	䜾
okdzlq	䝀
okdzul	䝄
okuitu	䝅
okwuui	䝆
okuiee	䝈
okuijp	䝊
okuizs	䝋
okuivo	䝌
okuijy	䝍
okuidr	䝎
okuilz	䝏
okuisv	䝐
okuits	䝑
okuiju	䝒
okuinp	䝕
okvivx	䝖
okvimu	䝗
okviuu	䝘
okviqu	䝙
okvini	䝚
okvipi	䝛
okviqy	䝜
okviqi	䝝
okvihu	䝞
okviqi	䝟
okviyr	䝠
okvimj	䝡
okvimj	䝢
okviqu	䝣
okviln	䝤
okvivs	䝦
okbwyy	䝧
okbwvf	䝩
okbwpi	䝪
okbwva	䝫
okbwvu	䝬
okbwju	䝭
okbwxr	䝮
okbwsi	䝰
okbwjb	䝲
okbwfu	䝵
okbwjk	䝶
okvibw	䝷
okbwwj	䝹
okbwju	䝻
okbwqk	䝼
okwubw	䝾
okyubw	䝿
okbwhz	䞀
okbwvi	䞃
okuibw	䞄
okbwiy	䞅
okbwww	䞈
okbwqb	䞋
okbwue	䞌
okbwqk	䞍
okbwih	䞎
okbwsi	䞏
okbwiy	䞐
okiigs	䞑
okiits	䞒
okiijk	䞓
okiiww	䞔
okiixu	䞕
okzzyi	䞖
okzzcd	䞗
okzzqi	䞘
okzzvi	䞚
okzzmm	䞛
okzzbu	䞜
okzzyu	䞝
okzzfu	䞞
okzzbd	䞟
okzzui	䞠
okzzdj	䞡
okzzva	䞢
okzzii	䞣
okzzju	䞤
okzzyz	䞥
okzzge	䞦
okzzhz	䞧
okzzgv	䞨
okzzhe	䞩
okzzjl	䞪
okzzjy	䞫
okzzxq	䞬
okzzqy	䞭
okzzyu	䞮
okzzfu	䞯
okzzii	䞰
okzzgu	䞱
okzzwo	䞲
okzzpz	䞳
okzzvz	䞴
okzzvo	䞵
okzzyi	䞶
okzzqu	䞷
okzzhl	䞹
okzzdy	䞺
okzzys	䞻
okzztr	䞼
okzzso	䞽
okzzsi	䞾
okzzia	䟀
okzzic	䟁
okzzmj	䟂
okzzcj	䟃
okzzze	䟄
okvjzz	䟅
okzzbi	䟆
okzzji	䟇
okzzuu	䟉
okzzvj	䟋
okzzjp	䟌
okzzle	䟏
okzzli	䟐
okzzly	䟑
okzudk	䟓
okzubu	䟔
okzuia	䟕
okzuuj	䟖
okzuui	䟗
okzukh	䟘
okzuqp	䟙
okzuqi	䟚
okzufu	䟛
okzunw	䟜
okzuuu	䟝
okzuuc	䟞
okiizu	䟟
okzuyt	䟠
okzudi	䟡
okzuer	䟢
okzuuu	䟣
okzubi	䟤
okzumc	䟥
okzutm	䟧
okzumb	䟨
okzuqu	䟩
okzufj	䟪
okthzu	䟫
okzuqq	䟬
okzuva	䟭
okzufu	䟮
okzuue	䟯
okzuxk	䟰
okzuci	䟱
okzuis	䟲
okzuyu	䟳
okzuif	䟴
okzuqq	䟵
okzuzo	䟶
okzuve	䟷
okzubw	䟺
okzuyu	䟻
okzuwu	䟼
okzulq	䟽
okzuvo	䟾
okzulu	䟿
okzuuh	䠀
oklbzu	䠂
okzull	䠃
okzudm	䠄
okzuih	䠆
okzuqu	䠇
okzuli	䠈
okzugr	䠉
okzufw	䠊
okzubw	䠋
okzuxx	䠍
okzuwu	䠎
okzugv	䠏
okzukv	䠑
okzuhu	䠒
okzuqq	䠓
okzusv	䠔
okzuid	䠕
okzuzi	䠖
okzuiz	䠗
okzuph	䠙
okzuyc	䠛
okzurs	䠜
okzuyr	䠝
okzuqi	䠞
okvizu	䠟
okddzu	䠠
okzuxy	䠣
okzudj	䠤
okzubi	䠥
okzuvi	䠦
okzutu	䠧
okzuvj	䠨
okzusv	䠩
okzuju	䠫
okzudg	䠬
okzuld	䠭
okzuly	䠯
okzuuu	䠱
okuflk	䠲
okufiu	䠳
okufli	䠴
okuffu	䠵
okufui	䠶
okufvc	䠷
okufkx	䠸
okufhd	䠹
okufwf	䠺
okufqs	䠻
okufyu	䠼
okufqi	䠽
okufuj	䠾
okufgv	䠿
okufdj	䡀
okufls	䡁
okiejq	䡂
okieli	䡃
okieji	䡄
okieir	䡅
okiegs	䡆
okieyr	䡇
okieyc	䡈
okiekh	䡉
okiefj	䡊
okievi	䡋
okiegs	䡌
okiefu	䡍
okiehu	䡎
okiehs	䡏
okieta	䡐
okiemb	䡑
okietm	䡒
okxkie	䡓
okiedo	䡔
okieig	䡕
okgsie	䡗
okiedm	䡘
okiell	䡙
okieie	䡛
okielu	䡜
okiewj	䡝
okjuie	䡞
okiebw	䡟
okievf	䡠
okiejp	䡡
okiebm	䡢
okiejy	䡣
okveie	䡤
okiers	䡥
okiesh	䡦
okiewu	䡧
okiaie	䡨
okievf	䡩
okieuj	䡪
okiefg	䡫
okiemj	䡬
okiexq	䡭
okiecs	䡮
okiequ	䡱
okiedj	䡲
okiesi	䡳
okiets	䡴
okiesv	䡵
okiepi	䡶
okiehv	䡺
okiezj	䡽
okiexm	䡾
okielk	䡿
okieqi	䢀
okieyt	䢁
okieli	䢂
okpiia	䢃
okjqif	䢅
okrsru	䢆
okifhv	䢈
okvizi	䢊
okviqi	䢋
okvifu	䢌
okvifh	䢍
okvikd	䢎
okvidz	䢏
okviqp	䢐
okvidi	䢑
okvijn	䢒
okviyu	䢓
okvihe	䢔
okvixu	䢕
okviyu	䢖
okviqu	䢗
okviuz	䢘
okvibw	䢙
okvigg	䢚
okvijs	䢛
okvivz	䢜
okviya	䢝
okvilb	䢞
okvifh	䢟
okviye	䢡
okvich	䢢
okvilv	䢦
okvics	䢨
okviqn	䢪
okvisv	䢫
okviuy	䢬
okvixm	䢭
okvilw	䢮
okvivd	䢰
okvimd	䢱
okvijt	䢲
okjier	䢳
okgjer	䢴
okyyer	䢵
okmuer	䢶
okdjer	䢷
okqper	䢸
okjuer	䢹
okiuer	䢺
okifer	䢻
okgser	䢼
okgsyi	䢽
okxmer	䢾
okaner	䢿
okwwer	䣀
okyuer	䣁
oklwer	䣂
okfzer	䣃
okyuer	䣄
okifer	䣅
okjker	䣆
okqqer	䣇
okyiyi	䣈
okuayi	䣉
okuher	䣊
okcder	䣋
okdier	䣌
okyjer	䣍
okgser	䣏
okyker	䣐
oklier	䣑
okgver	䣒
okgeer	䣓
okmaer	䣕
okmayi	䣖
okgcyi	䣗
okther	䣘
okbger	䣙
oklzer	䣚
oktuer	䣝
oktier	䣠
okyier	䣡
okdher	䣣
okjter	䣤
okyzbi	䣥
okyzli	䣦
okyzyi	䣧
okyzty	䣩
okyzfu	䣪
okyzvi	䣫
okyzge	䣬
okyzqr	䣭
okyzba	䣮
okyzqp	䣯
okyzju	䣰
okyzju	䣱
okyzbm	䣲
okyzsi	䣳
okyzer	䣵
okyzue	䣶
okyzvu	䣷
okrfyz	䣸
okyzfa	䣹
okyzyr	䣺
okyzhj	䣻
okyzjk	䣼
okviyz	䣽
okyzyi	䣾
okyzyu	䣿
okyzro	䤀
okyzuf	䤁
okyzmz	䤂
okyzyb	䤃
okyzmm	䤄
okyzyu	䤅
okyzgv	䤆
okyzrs	䤊
okqqho	䤋
okyzch	䤌
okyzmj	䤍
okyzhl	䤑
okyzji	䤒
okyzmg	䤓
okjmyz	䤔
okyzle	䤕
okyzbc	䤖
okyzli	䤙
okytli	䤚
okjbjq	䤛
okjbmc	䤝
okjbyz	䤞
okjbrs	䤟
okjbvi	䤠
okjbrj	䤡
okjblk	䤢
okjbhu	䤣
okjbhd	䤤
okjbww	䤥
okjbfa	䤦
okjbhv	䤧
okjbpd	䤨
okjbvd	䤩
okjbdo	䤪
okjbcf	䤫
okjbua	䤬
okjbxi	䤭
okjbbu	䤮
okjbxk	䤯
okkjjb	䤰
okjbii	䤲
okjbye	䤳
okjbhj	䤴
okjbfw	䤵
okjbyj	䤶
okjbtr	䤸
okjbvo	䤺
okjbqr	䤼
okjbyc	䤾
okjbqp	䤿
okjbii	䥀
okjbhe	䥃
okjbuj	䥇
okjbmh	䥈
okjbze	䥊
okjbpg	䥋
okvijb	䥍
okjbyu	䥏
okwujb	䥐
okjbmd	䥑
okqljb	䥒
okjbji	䥓
okjbsu	䥔
okjbbi	䥕
okjbdm	䥖
okjbkr	䥗
okjbdv	䥙
okjbjp	䥛
okjbxm	䥜
okjbjn	䥞
okjbjp	䥟
okjbdp	䥡
okgujb	䥢
okhvjb	䥣
okjbbc	䥤
okjblm	䥥
okjbrv	䥧
okjbww	䥩
okjbjp	䥫
okjbxp	䥱
okjbou	䥲
okjbyz	䥳
okjbxn	䥵
okjbli	䥶
okmijb	䥸
okjbya	䥺
okjbwu	䥻
okjbwu	䥼
okjbfa	䥽
okjbxp	䥾
okjbyu	䦀
okjbbh	䦁
okjbuj	䦂
okjbvu	䦃
okjbuj	䦅
okjbjt	䦆
okihzo	䦈
okihsi	䦉
okihao	䦋
okmftu	䦌
okmfqi	䦍
okmfyr	䦎
okmfjp	䦏
okmfuz	䦐
okmfgk	䦑
okmfui	䦒
okmfvj	䦓
okmfdj	䦔
okmfbk	䦕
okmfji	䦖
okmfxt	䦗
okmfgf	䦘
okmfsi	䦙
okmfue	䦚
okmfvg	䦛
okmfwu	䦜
okmfii	䦝
okmfwh	䦞
okmfzo	䦟
okmfgr	䦡
okmffa	䦢
okmfpz	䦣
okmfvo	䦤
okmflb	䦥
okmfjb	䦦
okmfer	䦧
okmfds	䦨
okmfhe	䦪
okmfyk	䦫
okmfqi	䦬
okmfxl	䦭
okmfiy	䦮
okmfvi	䦯
okmfww	䦱
okmfvj	䦲
okmfxl	䦳
okmfer	䦵
okmfvg	䦶
okmfzo	䦷
okmfyu	䦸
okerui	䦹
okerdk	䦺
okerzi	䦻
okergk	䦼
okeryu	䦽
okdvyy	䦾
okervs	䦿
okergs	䧀
okerju	䧁
okervc	䧂
okertm	䧃
okerge	䧄
okeryi	䧅
okergs	䧆
okeryi	䧇
okerxi	䧈
okerli	䧉
okergc	䧊
okerjm	䧋
okerto	䧌
okergu	䧍
okeryr	䧎
okerfg	䧏
okerxl	䧐
okerdk	䧑
okerld	䧒
okervz	䧓
okernm	䧔
okerho	䧕
okerfu	䧗
okertr	䧘
okergc	䧚
okerph	䧛
okerth	䧜
okerii	䧝
okerma	䧞
okeryc	䧟
okervr	䧠
okerys	䧡
okerqu	䧢
okerpn	䧣
okerhv	䧥
okerww	䧦
okeryi	䧧
okerye	䧨
okergj	䧩
okerhc	䧫
okerbb	䧬
okerxm	䧮
okjqvv	䧱
okgjvv	䧲
okvivv	䧳
okvivv	䧴
okybvv	䧵
okvvlq	䧶
okdsvv	䧷
okguvv	䧸
okyzvv	䧺
okhevv	䧻
okgcvv	䧼
okbmvv	䧽
okuevv	䧾
okxivv	䧿
okqqvv	䨂
okyjvv	䨃
oklnvv	䨅
okbivv	䨆
okvivi	䨇
okbbvv	䨈
okykvv	䨉
okyuto	䨋
okyuyr	䨌
okyujk	䨍
okyuhs	䨎
okyuci	䨏
okyuhe	䨐
okyuyi	䨑
okyuyu	䨒
okyuhv	䨓
okyugl	䨔
okyuyz	䨖
okyufu	䨗
okyujm	䨘
okyuhu	䨚
okyuxi	䨛
okyupg	䨜
okyuqk	䨝
okyuyu	䨞
okyuwa	䨟
okyuhe	䨠
okyuhj	䨡
okyuuf	䨢
okyuge	䨣
okyudi	䨤
okyuvi	䨥
okyuph	䨦
okyuvv	䨨
okyuuf	䨩
okyumd	䨪
okyumd	䨫
okyulb	䨬
okyyxn	䨭
okyuhv	䨮
okyuif	䨯
okyufu	䨱
okxutu	䨲
okyudv	䨴
okyutj	䨵
okyuyb	䨸
okqkho	䨼
okfwji	䨽
okglfw	䨾
oktmfw	䨿
okfwbw	䩀
okfwqn	䩁
okmmjb	䩂
okmmbi	䩃
okmmjm	䩄
okmmpi	䩅
okmmva	䩆
okmmvj	䩇
okmmmw	䩈
okmmfu	䩉
okmmwj	䩊
okmmma	䩋
okmmjn	䩌
okmmln	䩍
okmmqm	䩎
okmmmp	䩏
okgeqi	䩐
okgegs	䩑
okgeyu	䩒
okgegz	䩓
okgeuu	䩔
okgemc	䩕
okgeuc	䩖
okgeyt	䩗
okgexr	䩙
okgedi	䩚
okgebi	䩛
okgeyz	䩜
okgegx	䩝
okgevj	䩞
okgeyi	䩟
okgetk	䩠
okgejx	䩡
okgeve	䩢
okgeyu	䩣
okgejm	䩤
okgeyj	䩥
okyzge	䩦
okgeyj	䩧
okgeih	䩨
okgewj	䩩
okgegr	䩪
okgell	䩫
okgefg	䩬
okgeqi	䩭
okgelu	䩮
okgeji	䩯
okgeyu	䩱
okgedu	䩲
okgehu	䩴
okgejy	䩵
okgeii	䩶
okgeph	䩷
okgers	䩸
okgege	䩹
okgewg	䩺
okgema	䩻
okgefg	䩼
okgequ	䩽
okgeuu	䩾
okgebf	䩿
okgeji	䪂
okgedy	䪃
okgehl	䪄
okgeuu	䪅
okgeqm	䪈
okgels	䪊
okgeyi	䪋
okgelj	䪍
okwwnw	䪏
okwwbi	䪐
okwwta	䪑
okwwvu	䪒
okwwvj	䪓
okwwfu	䪔
okwwfu	䪖
okwwxx	䪗
okwwui	䪘
okwwvr	䪙
okwwfj	䪛
okwwvj	䪜
okwwho	䪝
oktmjq	䪞
okjqfj	䪤
okybgs	䪦
okybye	䪧
okybuc	䪨
okybjb	䪩
okjxyb	䪪
okybjk	䪫
okybbo	䪬
okybyb	䪭
okybiu	䪮
okybyi	䪰
okjiye	䪱
okwuye	䪲
okybye	䪳
okybye	䪴
okyaye	䪵
okqpye	䪶
okjuye	䪷
okmbye	䪸
okpiye	䪹
okquye	䪺
okbmye	䪻
okiuye	䪼
okhcye	䪽
okyevf	䪾
okxbye	䪿
okgfye	䫀
okziye	䫁
okdoye	䫂
okifye	䫃
okdvye	䫄
okssye	䫅
okigye	䫆
okcfye	䫈
okviye	䫉
okfzye	䫊
okwwye	䫋
okbwye	䫌
okfwye	䫍
okvoye	䫎
okqiye	䫏
oklbye	䫐
okqiye	䫑
okhyye	䫒
okpzye	䫓
okqiye	䫔
okdiye	䫕
okufye	䫖
okxxye	䫗
okheye	䫘
okgoye	䫚
okhzye	䫛
okyzye	䫜
okxlye	䫝
okgcye	䫞
okyrye	䫟
okjmye	䫡
oksiye	䫢
okxiye	䫣
okmkye	䫤
okgvye	䫥
okheye	䫦
okgcye	䫧
okaoye	䫨
okcjye	䫩
okulye	䫪
oklzye	䫫
okgvye	䫭
okxyye	䫮
okyiye	䫯
okyelb	䫰
okgjye	䫲
okuuye	䫳
okjbye	䫴
okfjye	䫶
okeeye	䫷
okfgdc	䫸
okfggs	䫹
okgsfg	䫺
okfgri	䫻
okfggk	䫼
okfgmc	䫽
okfgbi	䫾
okfgvc	䫿
okfgyz	䬀
okfgta	䬁
okfgyt	䬂
okfgli	䬃
okfgxu	䬄
okfgli	䬆
okdvfg	䬇
okfgdv	䬈
okfgii	䬉
okfgjx	䬊
okfglk	䬋
okhufg	䬌
okfghu	䬍
okfgho	䬎
okfgpz	䬏
okfgww	䬐
okfgww	䬑
okfgyb	䬓
okfgyu	䬔
okfgfg	䬕
okfghl	䬖
okyhfg	䬗
okfggc	䬘
okfgyc	䬙
okfgma	䬚
okfgbi	䬛
okfgli	䬜
okfghl	䬝
okfguz	䬞
okfglq	䬟
okyufw	䬠
okvefw	䬡
okuidc	䬢
okuiqi	䬣
okuiui	䬤
okyiui	䬥
okuiuu	䬦
okuiyr	䬧
okbuui	䬩
okuibu	䬪
okuidi	䬫
okuiyh	䬬
okdcui	䬭
okuiyi	䬮
okuivj	䬯
okuivc	䬰
okuibf	䬱
okuiju	䬲
okuibj	䬳
okuimo	䬴
okuihd	䬵
okuigf	䬶
okuido	䬷
okuivi	䬹
okuiyh	䬺
okuiyr	䬼
okuidv	䬽
okuidi	䬾
okuiww	䬿
okuixy	䭀
okveui	䭁
okuiyi	䭂
okuinm	䭃
okuiui	䭄
okuigu	䭅
okwoui	䭆
okuijm	䭈
okuiyk	䭊
okuibc	䭋
okhuui	䭌
okuiye	䭎
okuibm	䭏
okuiyh	䭐
okuijm	䭑
okuixi	䭒
okuiqi	䭓
okuivv	䭔
okvjui	䭕
okuiuu	䭖
okuijk	䭗
okuijk	䭘
okuits	䭚
okuigj	䭛
okuiln	䭜
okuihv	䭝
okuiye	䭟
okuilm	䭠
okuink	䭢
okuiqi	䭣
okuiqm	䭤
okuiyh	䭥
okuibo	䭦
okuimi	䭧
okuimi	䭩
okuill	䭪
okviuz	䭫
okuzye	䭭
okbnuz	䭮
okxliu	䭯
okxlfg	䭰
okxlbi	䭱
okxlqi	䭲
okwwxl	䭳
okmaui	䭴
okmafj	䭵
okmaqi	䭶
okmamc	䭷
okmafu	䭸
okmamc	䭹
okmakh	䭺
okmaff	䭻
okmaqi	䭼
okmanq	䭽
okmaqr	䭾
okmaui	䭿
okmabc	䮀
okmabm	䮁
okmaba	䮂
okmaqu	䮃
okmaxr	䮄
okmayt	䮅
okmayu	䮇
okmado	䮈
okmayi	䮊
okmalp	䮋
okmaxq	䮌
okmayi	䮍
okmaxi	䮎
okmawu	䮏
okmajs	䮐
okmafu	䮒
okmavo	䮓
okmaiv	䮔
okmavo	䮕
okmaih	䮖
okmaan	䮗
okmaer	䮘
okmaho	䮙
okmalk	䮚
okmafu	䮛
okmaye	䮜
okmajy	䮝
okmaiy	䮞
okmafu	䮠
okmafu	䮡
okmash	䮣
okmahe	䮤
okmage	䮥
okmagc	䮦
okmazd	䮨
okmagu	䮩
okmajp	䮪
okmalz	䮫
okmamo	䮬
okmami	䮭
okmamd	䮮
okmaao	䮯
okmadi	䮰
okmavu	䮱
okmahl	䮲
okmafj	䮳
okmadg	䮴
okmats	䮵
okmaji	䮶
okmauu	䮷
okmasv	䮹
okmaqi	䮺
okmauz	䮻
okmals	䮾
okmajm	䮿
okmanp	䯀
okmalw	䯁
okmaan	䯃
okmago	䯄
okmanp	䯅
okguve	䯆
okguli	䯇
okguyr	䯈
okguqm	䯉
okguke	䯊
okguba	䯋
okgulk	䯍
okguue	䯏
okgurz	䯐
okgugl	䯑
okguxk	䯒
okgugv	䯓
okguvd	䯔
okgutk	䯕
okgull	䯖
okguwj	䯘
okgufu	䯙
okguwj	䯛
okguyi	䯜
okgugo	䯞
okgusv	䯟
okguwf	䯠
okgujm	䯡
okmagu	䯢
okgugv	䯣
okguhv	䯤
okgump	䯦
okgcda	䯨
okgcba	䯩
okgcye	䯪
okjkgc	䯫
okbnyz	䯭
okbnnd	䯮
okbnuc	䯯
okbnjp	䯰
okbnbu	䯱
okbnba	䯲
okbngs	䯳
okbnuu	䯴
okbnhv	䯵
okbnqp	䯶
okbnrs	䯷
okbnci	䯸
okbngc	䯻
okbndi	䯼
okbnpz	䯽
okbnvz	䯾
okbnzu	䯿
okbnww	䰀
okbnlu	䰁
okbncd	䰂
okbnbk	䰃
okbnsi	䰄
okbnye	䰅
okbnrz	䰆
okbnve	䰇
okbnia	䰈
okbnbj	䰉
okbnvr	䰊
okbnyj	䰋
okbncs	䰌
okbngv	䰎
okbnjp	䰏
okbnjm	䰐
okbnxu	䰑
okbnmg	䰒
okbnlu	䰕
okbnzj	䰖
okgevi	䰙
okgewf	䰚
okgewa	䰛
okgezg	䰝
okyygv	䰟
okgvuf	䰠
okgvui	䰡
okgvxk	䰢
okgvwh	䰣
okdsgv	䰤
okhogv	䰥
okgvbw	䰦
okgvhu	䰧
okgvmw	䰨
okvegv	䰩
okjigv	䰪
okgvyc	䰫
okgvyi	䰮
okgvyi	䰯
okxugv	䰰
oklkgv	䰱
okyuve	䰲
okyudk	䰳
okyuqi	䰴
okyuzi	䰵
okyuwh	䰶
okyufg	䰷
okyugs	䰸
okyuge	䰹
okyujb	䰺
okyuwf	䰻
okyujb	䰼
okyufu	䰽
okyuba	䰾
okyuyh	䱀
okyubf	䱁
okyuyz	䱂
okyuui	䱃
okyugx	䱄
okyumo	䱅
okyuyy	䱆
okyudj	䱇
okyuui	䱈
okyuqp	䱉
okyumi	䱊
okyugs	䱋
okyuif	䱌
okyugf	䱎
okyudz	䱏
okyufu	䱐
okyuve	䱑
okyuyi	䱒
okyutk	䱓
okyuyz	䱔
okyumw	䱕
okliyu	䱘
okyuuu	䱙
okyulu	䱚
okyuho	䱛
okyuxi	䱜
okyubw	䱝
okyund	䱞
okyuju	䱟
okyuvg	䱢
okyuzu	䱣
okviyu	䱥
okyuvv	䱦
okyujr	䱧
okyuci	䱨
okyuwh	䱩
okyubn	䱪
okciyu	䱫
okyuxu	䱬
okyuhg	䱭
okyuqi	䱮
okyuvs	䱰
okyudi	䱱
okyutr	䱲
okyuli	䱳
okyuhg	䱴
okyuwg	䱵
okyulh	䱶
okyusz	䱸
okyuia	䱹
okyuqi	䱺
okyugu	䱻
okyuvj	䱼
okyuch	䱽
okyulz	䱾
okyuvj	䱿
okviyu	䲀
okyuww	䲁
okyuxr	䲂
okyuic	䲃
okyumb	䲄
okyugv	䲅
okyuyu	䲆
okyusu	䲇
okyuma	䲈
okyusi	䲉
okyusv	䲊
okyuti	䲋
okyukr	䲌
okyugj	䲎
okyulc	䲏
okyuyi	䲑
okyujp	䲒
okyuqm	䲓
okyujl	䲔
okyupu	䲕
okyuuz	䲖
okyugr	䲘
okyujp	䲙
okyuld	䲚
okyumg	䲛
okyuch	䲝
okyuli	䲞
okyuyb	䲟
okyuiy	䲠
okyuqq	䲡
okyujq	䲤
okjqnn	䲥
oknnda	䲦
oktunn	䲧
okgsnn	䲨
okuinn	䲩
okdann	䲪
okwunn	䲫
oknnui	䲬
okuinn	䲭
okyrnn	䲮
okjinn	䲯
okyynn	䲰
oknnfh	䲱
okgsnn	䲲
okkhnn	䲳
okhonn	䲴
okucnn	䲵
okyrnn	䲶
oknnmu	䲷
okjpnn	䲸
okpinn	䲹
okgjnn	䲺
okxrnn	䲻
okugnn	䲼
okuinn	䲽
okqnnn	䲾
okninn	䲿
oknnui	䳀
oknnba	䳁
okvcnn	䳂
oknnwj	䳃
okcinn	䳄
oknnvi	䳅
okbdnn	䳆
okmunn	䳇
oknnbc	䳈
okdsnn	䳉
okbann	䳊
okisnn	䳋
okgsnn	䳍
okjqnn	䳎
okgvnn	䳏
okcinn	䳐
okyznn	䳑
okdknn	䳒
oklcnn	䳓
okjqnn	䳔
okfunn	䳕
oknnwo	䳗
oknnwo	䳘
okhjnn	䳚
okyunn	䳜
okpznn	䳝
okfgnn	䳞
okmknn	䳟
okivnn	䳠
okvvnn	䳡
okqinn	䳢
okbinn	䳤
oklknn	䳥
okxrnn	䳦
oknnhz	䳧
okhlnn	䳨
okycnn	䳩
okdrnn	䳪
okgvnn	䳫
okgenn	䳬
okjinn	䳭
okmdnn	䳮
okvsnn	䳯
okbcnn	䳰
okwunn	䳱
okvfnn	䳲
oknnxi	䳶
okcsnn	䳷
okmann	䳸
oknnkz	䳹
okvjnn	䳻
oknnqu	䳼
okcvnn	䳽
okdgnn	䳾
okrjnn	䳿
oktsnn	䴀
okyunn	䴁
okxlnn	䴂
okycnn	䴃
okuynn	䴄
okbfnn	䴅
oklknn	䴇
okaonn	䴈
okyinn	䴊
oknnmg	䴌
okyjnn	䴏
okbcnn	䴐
oklknn	䴒
okbinn	䴓
okjnnn	䴔
oklpnn	䴕
okqknn	䴖
oksinn	䴘
okpinn	䴙
oklukh	䴚
okluxn	䴛
oklugv	䴜
okluzv	䴝
okluvd	䴞
oklufj	䴟
okluyc	䴠
oklumu	䴢
okluhu	䴣
okluug	䴤
oklujx	䴥
okluyj	䴦
okluww	䴧
okluyr	䴨
oklupn	䴩
oklulu	䴪
oklulk	䴫
okmdyi	䴬
okmdcd	䴭
okmduj	䴮
okmdwu	䴯
okmdge	䴰
okmdta	䴱
okmdmo	䴲
okmdxt	䴳
okmdvj	䴴
okmdbk	䴵
okmdfg	䴶
okmdwj	䴷
okmdfu	䴸
okmdgo	䴹
okmdpz	䴺
okmdbw	䴽
okmdia	䴾
okmdjl	䵁
okmddi	䵂
okmdhl	䵃
okaomd	䵅
okmdmg	䵆
okmawf	䵇
okhzma	䵈
okmayu	䵉
okdjhl	䵊
okhlyz	䵋
okhljx	䵌
okhlxl	䵍
okhldr	䵎
okhldj	䵐
okuurf	䵑
okuuri	䵒
okuunq	䵓
okuuds	䵔
okuuju	䵕
okuufu	䵗
okuuyh	䵘
okuuyc	䵚
okuujm	䵛
okuuns	䵜
okhwve	䵝
okhwdc	䵞
okhwgj	䵟
okhwuc	䵠
oktmhw	䵡
okhwww	䵢
okhwdj	䵣
okkdhw	䵤
okhwse	䵥
okdkhw	䵧
okhwls	䵨
oklihw	䵩
okhwky	䵪
okwjhw	䵫
okhwda	䵬
okhwve	䵭
okhwyh	䵮
okhwvs	䵯
okhwxi	䵱
okhwzc	䵲
okhwhv	䵳
okhwmm	䵴
okjumm	䵶
okgvmm	䵷
okqqmm	䵸
oktudk	䵺
okdkhv	䵻
okjldk	䵼
okguqu	䵽
okfugu	䵾
okguvj	䵿
okguhe	䶀
okguda	䶁
okuuuc	䶂
okuujb	䶃
okuupk	䶄
okuuge	䶅
okuuvv	䶆
okuuvz	䶇
okuuvr	䶈
okuulq	䶉
okbiiz	䶊
okbiji	䶋
okbibc	䶌
okvibi	䶍
okbihe	䶎
okdibi	䶏
okbihv	䶐
okqinv	䶒
okjbqi	䶓
okiiye	䶔
okiiba	䶕
okiijb	䶖
okiike	䶗
okiili	䶘
okiiju	䶙
okiiis	䶚
oklpii	䶛
okiigc	䶜
okiijx	䶝
okiiqi	䶞
okxmii	䶠
okiize	䶡
okiixm	䶢
okiiqi	䶣
okiigu	䶤
okiize	䶦
okiiyc	䶧
okiiqm	䶨
okiiqi	䶩
okiijp	䶪
okiiyj	䶫
oklswh	䶭
oklstm	䶮
oknvgv	䶯
okgvmc	䶰
okdsgv	䶱
okrjgv	䶲
oklykh	䶳
okivly	䶴
oklysi	䶵
okuhti	䶶
okkzer	䶷
okkzme	䶸
okklpp	䶹
okytnw	䶺
okytyb	䶻
okyuqm	䶾
okuier	䶿
okhgve	𠀁
okhgyi	𠀂
okklhg	𠀃
okppui	𠀆
okkler	𠀇
okvhdm	𠀋
okccve	𠀍
okjkhg	𠀎
oktyhg	𠀏
okvshg	𠀐
okhgxi	𠀒
okybhg	𠀓
okhudm	𠀕
okgsdm	𠀖
okgspp	𠀗
okwuwu	𠀘
okernw	𠀛
okhgye	𠀜
okxxuh	𠀝
oknmia	𠀠
okhgxm	𠀡
okhgci	𠀢
okhgvz	𠀦
okbasj	𠀧
okxxji	𠀨
okbmve	𠀭
okbuuc	𠀰
okbufu	𠀱
okdkdo	𠀲
okyixx	𠀳
okiuxx	𠀴
okyrdm	𠀻
okbuhv	𠀾
okxxiv	𠀿
okuidd	𠁀
okmcya	𠁁
okvedk	𠁂
okbuuu	𠁃
oklyxx	𠁄
okbuvi	𠁆
okbuyi	𠁇
okhghl	𠁉
okbuds	𠁋
okbuye	𠁌
okbumw	𠁍
oklmxx	𠁎
okddxx	𠁑
okbuvf	𠁒
okbuyu	𠁓
okbuva	𠁙
okxxhv	𠁚
okbudc	𠁛
okbkys	𠁜
okbkxm	𠁝
okbuhv	𠁞
okbkjm	𠁟
okuuve	𠁡
okuuve	𠁢
okxtuu	𠁣
okerkl	𠁤
okvser	𠁦
okxivs	𠁨
okrfvs	𠁪
okjqxq	𠁫
okvstd	𠁯
okirir	𠁷
okirzu	𠁸
okvsyu	𠁹
okirda	𠁺
okirlw	𠁻
okverf	𠁽
okccwf	𠂀
okqqwj	𠂃
okdjhe	𠂄
okyswj	𠂅
okpppp	𠂆
okhgpp	𠂇
okvepp	𠂈
okpphg	𠂉
okppve	𠂊
okpptu	𠂒
okppme	𠂓
okppfu	𠂕
okfghg	𠂖
okerxi	𠂗
okycpp	𠂚
okppvi	𠂛
okppvs	𠂝
okppji	𠂡
okppkz	𠂤
okndbm	𠂪
okbmnd	𠂫
okppba	𠂬
okcind	𠂱
okppld	𠂲
okxbnm	𠂺
okppww	𠂽
okdvbu	𠂾
okdvpi	𠃂
okpdpd	𠃄
okdvbm	𠃆
okuuhg	𠃎
okveve	𠃏
okyiyi	𠃐
okuive	𠃒
okveer	𠃔
okjqer	𠃕
okgsve	𠃖
okyuyi	𠃗
okjqjq	𠃙
okjive	𠃚
okxtuu	𠃛
okuiuu	𠃜
okyixn	𠃝
oknmve	𠃟
okyiuc	𠃣
okveww	𠃥
okyzve	𠃦
okfwfw	𠃧
okjqvf	𠃩
okquve	𠃪
okyinn	𠃮
okxqyi	𠃯
okbove	𠃱
okvvve	𠃲
okjqlv	𠃳
okyuve	𠃴
okvove	𠃵
okuzve	𠃶
okjiyi	𠃷
okyiuz	𠃺
okwgve	𠃽
okruyu	𠄀
okjqqq	𠄁
okyeve	𠄅
okruge	𠄇
okruvs	𠄉
okveuu	𠄍
okveuu	𠄐
okppcd	𠄒
oklkdk	𠄖
okiger	𠄘
okuiyu	𠄜
okhghg	𠄞
okhghg	𠄟
okhghg	𠄠
okhgqp	𠄣
oktyer	𠄤
okyuyu	𠄥
okerji	𠄦
okbaer	𠄧
oktder	𠄩
okiger	𠄪
okcier	𠄬
okkvbf	𠄯
okwudm	𠄲
okerjp	𠄳
okyyfu	𠄴
okrfwu	𠄶
okjkjm	𠄺
okwulb	𠄻
oknjwu	𠄼
okerpd	𠄽
okerqu	𠄾
okerww	𠄿
okviyy	𠅀
okwfcs	𠅃
okwfmu	𠅅
okqmwh	𠅇
okwfbk	𠅈
okxrui	𠅋
okmowh	𠅍
okwhui	𠅎
okuiwh	𠅐
okwhmo	𠅒
okwfyi	𠅔
okdkye	𠅗
okwfui	𠅚
okwfli	𠅜
okkhqy	𠅣
okwfsi	𠅤
okwfww	𠅥
okwfmm	𠅦
okjkyr	𠅮
okyiyi	𠅯
okgzye	𠅱
okwhyr	𠅳
okwfjl	𠅵
okwhjr	𠅻
okwhvi	𠅼
okwfao	𠆇
okxlye	𠆓
okxler	𠆔
oktkye	𠆙
okxldj	𠆞
okppna	𠆢
okhgrf	𠆣
okrfuu	𠆤
okrfpp	𠆥
okrfrf	𠆧
okrfln	𠆨
okrffj	𠆩
okrfcd	𠆫
okrfyu	𠆬
okrfir	𠆯
okrfgl	𠆲
okrfuh	𠆳
okfurf	𠆴
okrfxi	𠆵
okrfyb	𠆶
okjqjp	𠆷
okrfpu	𠆸
okvfve	𠆹
okrfkd	𠆻
okrfgs	𠆽
okrflq	𠆾
okrfwu	𠆿
okjbyz	𠇀
okrfyb	𠇁
okrfhx	𠇃
okrftm	𠇄
okrfvi	𠇈
okrfppna	𠇊
okrfkd	𠇋
okyyrf	𠇌
okrfxn	𠇍
okrfcc	𠇎
okrfjb	𠇏
okrfyu	𠇐
okrffu	𠇑
okrfmc	𠇔
okrfba	𠇕
okrffj	𠇖
okrfgx	𠇗
okrfyt	𠇘
okrfjx	𠇚
okrfys	𠇟
okwwrf	𠇠
okrfui	𠇣
okrfyu	𠇤
okrfrj	𠇦
okjpjq	𠇧
okrfmc	𠇩
okrfbk	𠇮
okrfqq	𠇯
okrfui	𠇰
okrfmo	𠇱
okrfuu	𠇲
okrfhh	𠇴
okrfjs	𠇶
okrfug	𠇷
okrfjx	𠇺
okrfsi	𠇻
okrfhu	𠇼
okrfza	𠇽
okccrf	𠇿
okgskz	𠈂
okrfif	𠈄
okrfuz	𠈅
okrfdv	𠈆
okrfxb	𠈈
okrfrs	𠈋
okcscs	𠈌
okrfdo	𠈎
okherf	𠈏
okrfye	𠈐
okrfgl	𠈑
okrfgf	𠈗
okrfgv	𠈘
okrfzd	𠈚
okrfse	𠈜
okrfir	𠈞
okrfyb	𠈟
okrfnm	𠈠
okxmrf	𠈣
okrfgr	𠈪
okrfjr	𠈫
okrflc	𠈭
okrfzu	𠈮
okrfyj	𠈰
okrfua	𠈱
okrflk	𠈳
okrfsi	𠈴
okrfls	𠈵
okrfji	𠈶
okrftv	𠈸
okrfda	𠉂
okrfxp	𠉃
okrfxb	𠉄
okrfbi	𠉆
okrfxk	𠉉
okrfmh	𠉋
okrfyr	𠉌
okrfky	𠉍
okrffg	𠉏
okrfhj	𠉐
okrfxq	𠉑
okcsdm	𠉒
okrflr	𠉗
okrfig	𠉛
okrfww	𠉜
okjbni	𠉞
okxqqm	𠉟
okrfvi	𠉠
okrfbu	𠉡
okrfhy	𠉣
okrfda	𠉤
okrfqu	𠉧
okrfdu	𠉩
okrfwh	𠉫
okrfqr	𠉮
okrfqi	𠉯
okrffh	𠉱
okheba	𠉲
okrfyu	𠉴
okrfdk	𠉵
okrfig	𠉹
okhehx	𠉼
okvswf	𠉿
okrfan	𠊀
okrfyy	𠊁
okrfjb	𠊄
okrfmk	𠊈
okhvwu	𠊉
okrfyj	𠊌
okrfqi	𠊔
okrfjm	𠊘
okrfyi	𠊙
okrfde	𠊚
okderf	𠊛
okddtd	𠊝
okrfvs	𠊞
okrfff	𠊠
okrfql	𠊡
okrfbk	𠊧
okrfqt	𠊬
okrfxm	𠊭
okrfgo	𠊰
okrftu	𠊲
okrfvi	𠊷
okrfgv	𠊾
okrfxr	𠊿
okrfys	𠋀
okrfjl	𠋄
okrfbm	𠋅
okrfqb	𠋆
okrfyi	𠋈
okrffw	𠋉
okrfbg	𠋊
okrftj	𠋌
okrfji	𠋎
okrfyr	𠋏
okrfyz	𠋔
okrfjm	𠋖
okrfww	𠋘
okxxdc	𠋙
okrfmn	𠋝
okrfyu	𠋟
okrfyr	𠋠
okrfui	𠋡
okrfui	𠋤
okrfmw	𠋥
okrfmz	𠋦
okrfhg	𠋧
okrfhz	𠋫
okrfyc	𠋯
okrfxp	𠋱
okrfso	𠋲
okrfuj	𠋴
okrfqm	𠋵
okrfmk	𠋶
okrfii	𠋷
okrfzc	𠋺
okrflq	𠌃
okrfvj	𠌄
okqrmc	𠌆
okrflh	𠌇
okldba	𠌊
oksuxy	𠌋
okrfcc	𠌓
okrfxx	𠌘
okrfss	𠌡
oksuwj	𠌢
okrfwu	𠌥
okrfna	𠌦
okrfna	𠌧
okrffw	𠌨
okrfbi	𠌫
okrfxi	𠌬
okrflv	𠌭
okrfuu	𠌮
okrfli	𠌯
okrfji	𠌰
okrfvj	𠌲
okrfis	𠌴
okrfnn	𠌵
okrfvi	𠌷
okrfhr	𠌼
okrfmb	𠍁
okrfji	𠍃
okrfmd	𠍅
okrfli	𠍆
okrfqm	𠍉
okrfsu	𠍊
okrfii	𠍏
oklkhu	𠍐
okrfwf	𠍒
okrfly	𠍓
okrfky	𠍕
okrfdn	𠍖
okhejq	𠍗
okddvi	𠍜
okdsfu	𠍟
oksuji	𠍠
okrfpd	𠍣
okrfbm	𠍥
okrfxm	𠍦
okrfma	𠍨
okbwji	𠍭
okrfbi	𠍯
okrfji	𠍱
okrfqu	𠍲
okrfyh	𠍵
okrfji	𠍷
okrfda	𠍹
okrfyi	𠍼
okrfue	𠍽
okrfgr	𠍿
okrfhw	𠎁
okrfdy	𠎄
okrfxy	𠎅
okrffa	𠎆
okhevg	𠎈
okrfyy	𠎉
okrfsf	𠎊
okrfwf	𠎋
okhehx	𠎍
okrfpg	𠎎
okhevs	𠎏
okrfjk	𠎐
okrfhx	𠎑
okrfmf	𠎒
okrfmb	𠎓
okrfbf	𠎔
okldhe	𠎙
okrfqi	𠎞
okviyz	𠎟
okrfjk	𠎠
okrfql	𠎦
okrfjp	𠎧
okrfgw	𠎨
okrfbw	𠎩
okrflv	𠎪
okrfic	𠎫
okrfdg	𠎬
okrfsj	𠎭
okrfjt	𠎮
okrfth	𠎯
okyuyu	𠎳
okrfse	𠎸
okrfww	𠎺
okrfdy	𠎻
okrfpn	𠎼
okrfjp	𠎿
okrfgo	𠏀
okrfww	𠏁
okrfee	𠏃
okrfug	𠏄
okrfku	𠏅
okrfpu	𠏆
okvoyu	𠏉
okrfyu	𠏋
okrfsu	𠏐
okchtd	𠏓
okxqyc	𠏕
okrfuu	𠏙
okrfyu	𠏚
okrfkv	𠏠
okrflk	𠏡
okrflr	𠏢
okchlk	𠏧
okrfju	𠏭
okrfdv	𠏮
okrfqm	𠏯
okrfuu	𠏲
okvssi	𠏳
okrffg	𠏵
okrfgx	𠏶
okrfmi	𠏷
okrfkv	𠏺
okrfrv	𠏻
okrfjx	𠏼
okrfbi	𠏿
okrfmg	𠐁
okldld	𠐇
okrfjp	𠐉
okrfuu	𠐊
okrfuu	𠐍
okrfmj	𠐎
okrfcd	𠐐
okrfyh	𠐒
okrfyk	𠐓
okrflu	𠐔
okrflb	𠐕
okqmji	𠐖
okheyj	𠐗
okrfjm	𠐘
okyulb	𠐙
okrfui	𠐝
okrflw	𠐞
okrfln	𠐟
okrfuz	𠐠
okrfbw	𠐡
okrfhj	𠐣
okrfmg	𠐧
okrfxt	𠐮
okrflu	𠐳
okrfho	𠐶
okyudv	𠐸
okrfpb	𠐺
okrfjm	𠐻
okrflb	𠐼
okrfgv	𠐽
okrfhs	𠐿
okrfdd	𠑀
okjmqm	𠑁
okqier	𠑂
okrflj	𠑈
oksutv	𠑉
oksjns	𠑋
okrfyi	𠑌
okchch	𠑐
okwwfg	𠑒
okyhyu	𠑕
okwwww	𠑖
okrfdm	𠑘
okrfis	𠑙
okyuvd	𠑝
okrfbm	𠑟
okrfyi	𠑢
okrfiz	𠑥
okrfnp	𠑦
okrfqr	𠑧
okrfkj	𠑨
okrfjt	𠑩
okrfxn	𠑪
okrfhs	𠑭
okhvjk	𠑱
okqmqm	𠑲
okuher	𠑷
oktyer	𠑸
okwfxs	𠑽
okiuwu	𠒄
okxber	𠒆
okyriz	𠒉
oknner	𠒎
okiyyr	𠒏
okkewj	𠒐
okxmyr	𠒑
okxmyb	𠒒
okyrxi	𠒓
okyypd	𠒕
okhvyr	𠒖
okgluf	𠒗
okkejb	𠒙
okkedz	𠒚
okjxxm	𠒛
okglbk	𠒝
okkehc	𠒠
okyrtu	𠒢
okxmxk	𠒣
okqler	𠒤
okglil	𠒥
okgllv	𠒦
okjier	𠒧
okisjk	𠒨
okisyi	𠒩
okglgo	𠒪
okglmk	𠒫
okglho	𠒬
okkexi	𠒭
okvcxi	𠒮
okrzer	𠒯
okernj	𠒰
okpier	𠒱
okbiyy	𠒳
okgljm	𠒵
okxmxb	𠒷
okxigl	𠒸
okyrgv	𠒺
okyrpu	𠒻
okglhl	𠒼
okmmdu	𠒾
okgldi	𠒿
okglyh	𠓁
okglqt	𠓃
okmmma	𠓄
okgllh	𠓇
okkeyu	𠓈
okgldj	𠓊
okgllm	𠓌
okkedy	𠓎
okkevj	𠓏
okglrs	𠓐
okgllu	𠓑
okermg	𠓔
okyrzj	𠓕
okgllj	𠓖
okycxi	𠓘
okruhg	𠓛
okruru	𠓜
okruui	𠓝
okruer	𠓞
okruqi	𠓟
okrupu	𠓠
okruqi	𠓡
okruuz	𠓢
okruxb	𠓣
okrutm	𠓦
okruhu	𠓧
okbcru	𠓨
oklwru	𠓩
okrubk	𠓫
oklbru	𠓬
okrulb	𠓭
okrumm	𠓮
okruks	𠓯
okrujp	𠓲
okqrmc	𠓳
okddru	𠓶
okruul	𠓷
okqrly	𠓹
okwuru	𠓺
okqrly	𠓻
okrubw	𠓽
okbahg	𠔀
okbaba	𠔁
okqmve	𠔃
okqmve	𠔄
okbaui	𠔅
okbavs	𠔈
okbafu	𠔉
okqqba	𠔊
okbayz	𠔍
okffff	𠔑
okbajq	𠔒
okyzlq	𠔔
okbauu	𠔗
okfugs	𠔘
okbavi	𠔟
okffji	𠔠
okqiff	𠔡
okffvi	𠔢
okgsgs	𠔣
okhegs	𠔤
oklkbk	𠔦
okqiva	𠔫
oktmvf	𠔬
okbacj	𠔭
okjmfj	𠔮
okijjm	𠔳
okqiju	𠔴
okqiqi	𠔵
okqivf	𠔶
okihgs	𠔷
okjmxm	𠔺
okklhg	𠔼
okklkl	𠔽
okklrf	𠔿
okklyz	𠕀
okklcc	𠕁
okklwh	𠕃
okmchg	𠕆
okmcdm	𠕇
okkljk	𠕋
okklri	𠕌
okkliu	𠕐
okkluv	𠕒
okrjvj	𠕟
okkldd	𠕡
okvijs	𠕧
okjsyu	𠕨
okkldk	𠕪
okzdjm	𠕱
okbcru	𠕳
okbcjq	𠕴
okbcfj	𠕵
okbcwu	𠕶
okbcnv	𠕷
okbcwf	𠕸
okbctm	𠕹
okbcgs	𠕺
okbcyr	𠕻
okbclq	𠕼
okbcuv	𠕽
okbcri	𠕾
okbchx	𠕿
okbcui	𠖀
okbcli	𠖃
okbcts	𠖄
okbcyz	𠖅
okbcyi	𠖊
okbcif	𠖌
okbcvo	𠖎
okbcqi	𠖏
okybgf	𠖑
okrspd	𠖒
okbcsi	𠖓
okbcvf	𠖕
okbcma	𠖖
okbcna	𠖘
okbcln	𠖛
okbcpn	𠖟
okbcie	𠖢
okbcls	𠖥
okbcdm	𠖩
okbkve	𠖬
okbkln	𠖭
okbkjq	𠖮
okbkqi	𠖯
okbkyi	𠖰
okbkff	𠖲
okbkwu	𠖳
okbkwu	𠖴
okbkxb	𠖶
okbkjs	𠖷
okbkjx	𠖹
okbkka	𠖺
okbkmu	𠖻
okbkva	𠖽
okbkmo	𠖾
okbkys	𠖿
okbkge	𠗂
okbkyb	𠗃
okbkdo	𠗄
okbkxt	𠗅
okbkhv	𠗇
okbkqq	𠗈
okbkjx	𠗉
okbkjk	𠗊
okbkrf	𠗋
okbkke	𠗌
okbkuf	𠗏
okbkwu	𠗐
okbkfu	𠗒
okbkyr	𠗓
okbkli	𠗔
okbkqy	𠗕
okbkgu	𠗖
okbkdm	𠗘
okbkhj	𠗙
okbkzu	𠗚
okbkdk	𠗞
okbktu	𠗟
okbkmg	𠗠
okbkcd	𠗡
okbkly	𠗣
okbkwh	𠗤
okbkyb	𠗥
okbkze	𠗧
okbkye	𠗨
okbkai	𠗪
okbkhr	𠗫
okbkuf	𠗮
okbkqr	𠗯
okbkvf	𠗰
okbkjm	𠗳
okbkph	𠗵
okbkth	𠗶
okbklh	𠗷
okbkgs	𠗸
okbklp	𠗹
okbkyi	𠗺
okbkjm	𠗻
okbkqi	𠗼
okbkul	𠗾
okbkcj	𠗿
okbkbu	𠘁
okbkds	𠘃
okbkqb	𠘅
okbksf	𠘆
okbkij	𠘈
okbkjk	𠘉
okbkns	𠘊
okbkdk	𠘋
okbkjl	𠘌
okbkhv	𠘎
okbkdj	𠘐
okbkls	𠘓
okbkxi	𠘕
okbkvi	𠘖
okrihj	𠘗
okbkle	𠘙
okbkmo	𠘚
okbkgl	𠘛
okbkld	𠘝
okbkli	𠘟
okbkjt	𠘣
okbkyj	𠘥
okppve	𠘧
okppve	𠘨
okbiji	𠘩
okjijq	𠘪
okjiyz	𠘫
okjiji	𠘬
oksiji	𠘭
okiaji	𠘮
okjisi	𠘯
okjiia	𠘰
okjiuj	𠘱
okjiuj	𠘳
okjiqm	𠘴
okbuji	𠘶
oktyji	𠘸
okfjfj	𠘻
okjiiu	𠘼
okjiqu	𠘾
okwjji	𠙀
okvgji	𠙁
okjivi	𠙂
okjili	𠙅
okjnji	𠙇
okjifz	𠙈
okifji	𠙉
okdvji	𠙋
okjiyh	𠙌
okjiis	𠙍
okvuji	𠙎
okfgji	𠙖
okxkfj	𠙜
okycji	𠙞
okxnji	𠙟
okjiba	𠙣
okjijp	𠙤
okqnji	𠙪
okpifj	𠙮
okysfj	𠙰
okveuu	𠙴
okhgkl	𠙵
oklnkl	𠙶
okuikl	𠙷
oksikl	𠙸
okqmkl	𠙺
okgjkl	𠙻
okkzkl	𠙼
okuikl	𠙽
okfgkl	𠙾
oktdkl	𠚀
okfukl	𠚁
okgskl	𠚅
okaouu	𠚆
okbkkl	𠚇
okuikl	𠚈
okhekl	𠚉
okbikl	𠚊
okjikl	𠚌
okiumu	𠚐
okklwh	𠚖
okyckl	𠚘
okycao	𠚜
okklyc	𠚡
okloiu	𠚢
okvepp	𠚣
okppsi	𠚤
okdcdc	𠚥
okdcsi	𠚦
okerdc	𠚧
okjqdc	𠚨
okbudc	𠚩
okdcdc	𠚪
okyzdc	𠚫
okbudc	𠚬
okucdc	𠚭
okdcqi	𠚮
okwudc	𠚯
oknvdc	𠚰
okqmdc	𠚲
okgldc	𠚳
okirdc	𠚴
okjidc	𠚵
okuzdc	𠚶
okfudc	𠚷
okgzdc	𠚸
okuudc	𠚹
okucdc	𠚺
okffdc	𠚼
okvidc	𠚽
okyadc	𠚾
okgsdc	𠛀
okpmdc	𠛁
okuzdc	𠛃
okycdc	𠛄
okqudc	𠛅
okwudc	𠛆
okrfda	𠛇
okfudc	𠛈
okfgdc	𠛉
okuidc	𠛊
okbadc	𠛋
okybdc	𠛌
okfhdc	𠛍
okjudc	𠛎
okwwdc	𠛐
okxrdc	𠛑
okgxdc	𠛒
okmcdc	𠛓
okzidc	𠛔
okbwdc	𠛙
okjkdc	𠛜
okjkrf	𠛝
okhvdc	𠛟
okwjdc	𠛠
okbidc	𠛡
okvadc	𠛢
okdjdc	𠛣
okvjdc	𠛤
okbkdc	𠛥
oklwdc	𠛨
oksidc	𠛩
okvcdc	𠛪
okdodc	𠛫
okybdc	𠛭
okqrdc	𠛮
okhddc	𠛳
okgfdc	𠛵
okvsff	𠛸
okfzdc	𠛺
okbkdc	𠛼
okjbdc	𠛾
okisdc	𠛿
okyidc	𠜁
okjqdc	𠜃
okxtdc	𠜄
okjndc	𠜅
okyidc	𠜆
okyudc	𠜈
okigdc	𠜉
okxmdc	𠜎
okdndc	𠜏
okdvdc	𠜑
okiedc	𠜒
okdidc	𠜓
okxidc	𠜗
okfudc	𠜙
okjsdc	𠜛
okkydc	𠜠
oklidc	𠜣
okgvrf	𠜤
okiedc	𠜥
okhdrf	𠜨
okdjdc	𠜬
okmwdc	𠜮
okgcdc	𠜯
okbwdc	𠜱
okyadc	𠜲
okpgdc	𠜳
okgodc	𠜴
oklidc	𠜺
okhodc	𠜻
okqudc	𠜾
okjrff	𠝂
okpcdc	𠝇
okyzxk	𠝊
okgkdc	𠝍
okdcmf	𠝎
okhxdc	𠝐
okiidc	𠝓
okuidc	𠝔
okdcky	𠝕
okxidc	𠝖
okbwdc	𠝘
okqkdc	𠝜
okyedc	𠝝
okykdc	𠝟
okvsdc	𠝤
okkvdc	𠝥
okrfua	𠝨
okiydc	𠝩
okmwdc	𠝫
okpkdc	𠝭
oksvdc	𠝮
okliwu	𠝯
okwwui	𠝰
okxldc	𠝲
okxrdc	𠝳
okivdc	𠝶
oknnff	𠝷
okjpdc	𠝹
okmzdc	𠝺
okufdc	𠝻
okmzdc	𠝼
oksidc	𠞄
okwudc	𠞆
oksudc	𠞉
okiadc	𠞊
oksudc	𠞓
okvsrf	𠞕
okgsdc	𠞖
okwjdc	𠞚
okujdc	𠞛
okycdc	𠞞
okgcdc	𠞟
okdcvi	𠞠
okgudc	𠞡
okbjdc	𠞢
okgzdc	𠞣
okmadc	𠞥
okjxdc	𠞦
okmadc	𠞧
oklvdc	𠞩
okaodc	𠞪
oklzdc	𠞭
okuldc	𠞮
okxtdc	𠞯
okicdc	𠞰
okjbdc	𠞱
okchrf	𠞴
okdidc	𠞶
oknndc	𠞸
okxidc	𠞹
oklplb	𠞺
oklvdc	𠞻
okdcnn	𠟀
okzgdc	𠟂
okzydc	𠟃
oktidc	𠟆
okbidc	𠟈
okijdc	𠟉
okycdc	𠟋
okpudc	𠟌
oktsdc	𠟍
okhedc	𠟒
okyydc	𠟙
okdgdc	𠟚
okjydc	𠟠
okyjdc	𠟡
okxydc	𠟢
okjidc	𠟣
okujdc	𠟤
okjmgx	𠟥
oksedc	𠟦
okvjdc	𠟧
oklkdc	𠟨
oksedc	𠟩
okyedc	𠟪
okdkdc	𠟭
okzcdc	𠟯
okkudc	𠟶
okdcyu	𠟹
okxudc	𠟺
okicdc	𠟾
okicdc	𠟿
okjmdc	𠠀
okzzxt	𠠄
okchdc	𠠈
okghgf	𠠊
oklidc	𠠍
okgldc	𠠎
okwjdc	𠠏
okuzrf	𠠐
okjpdc	𠠑
okmodc	𠠒
okmddc	𠠔
oklndc	𠠙
okiidc	𠠚
okhodc	𠠛
oklidc	𠠝
oklmdc	𠠟
okmdrf	𠠠
okmidc	𠠣
okfufu	𠠦
oknpdc	𠠨
oklidc	𠠫
okijdc	𠠮
oklkdc	𠠱
okppli	𠠲
okjqli	𠠳
oklili	𠠴
okjqli	𠠵
okqili	𠠶
okcdli	𠠸
okybli	𠠹
okyrli	𠠺
okfjli	𠠻
okwfli	𠠼
okholi	𠠽
okliba	𠠾
oklili	𠠿
okyali	𠡁
okfuli	𠡂
oklizo	𠡃
okpili	𠡄
okxrli	𠡆
oktdli	𠡇
okbdli	𠡈
okguli	𠡉
okjsli	𠡋
okugli	𠡍
okdjli	𠡎
okugli	𠡏
okjxqn	𠡐
okdvli	𠡒
okanli	𠡓
oklqli	𠡖
okifli	𠡗
oklizd	𠡘
oklipu	𠡙
okgfli	𠡚
okybli	𠡛
okisli	𠡜
okqqli	𠡟
okldli	𠡠
okggli	𠡣
oklqli	𠡤
oklibk	𠡥
oklbli	𠡧
okwwli	𠡨
oklili	𠡩
okdmli	𠡪
oklili	𠡫
okjxli	𠡬
oklkli	𠡭
okpgli	𠡮
okuili	𠡯
okquli	𠡰
okmmli	𠡳
okwuli	𠡵
okqrli	𠡶
okuili	𠡸
okuzli	𠡼
okyhli	𠢃
okhdli	𠢆
okjqgs	𠢈
okgzli	𠢉
okliyr	𠢋
okiyuc	𠢌
okqmli	𠢍
okjqnj	𠢎
okbmhh	𠢏
okruli	𠢑
okmoli	𠢓
okquli	𠢔
okaoli	𠢕
okdili	𠢗
okiili	𠢙
okjrli	𠢚
okmjli	𠢝
okvivu	𠢞
okvuvi	𠢟
okjili	𠢠
okdali	𠢡
okrzyz	𠢢
oklpdm	𠢣
okjtli	𠢤
okfwli	𠢥
okvzqr	𠢧
okycli	𠢩
okbili	𠢪
okwuli	𠢬
okjtli	𠢭
okjbli	𠢱
okjpli	𠢲
okseli	𠢳
okjbli	𠢵
okicli	𠢶
okglli	𠢹
okbili	𠢽
okjmli	𠣂
okxtli	𠣅
okxumm	𠣉
okbcui	𠣌
okbcgj	𠣍
okbcyc	𠣎
okbcvi	𠣏
okbcyr	𠣑
okbcrf	𠣒
okbcyy	𠣓
oktowu	𠣔
okbcvu	𠣕
okbcxr	𠣖
okbcqu	𠣗
okbcvz	𠣘
okbcgf	𠣙
okgzmu	𠣛
okbcis	𠣜
okdjyy	𠣝
okbcie	𠣞
okbcqy	𠣟
okuuuc	𠣩
okjuju	𠣪
okvcju	𠣫
okxyxi	𠣬
okbcpz	𠣭
okbcmn	𠣯
okbcve	𠣰
okvouc	𠣳
okbcfu	𠣴
okbcvr	𠣵
okbcbp	𠣶
okgzuc	𠣷
okbcji	𠣹
okndbc	𠣼
okbcgj	𠣽
okbcfu	𠣾
okwuve	𠤆
okbcqs	𠤊
okbcis	𠤋
okwuvu	𠤌
okppve	𠤎
okbiui	𠤏
okbiwu	𠤐
okbiui	𠤑
okdcta	𠤓
okbigj	𠤔
okbiui	𠤕
okbiyi	𠤘
okvijb	𠤚
okuhbi	𠤠
okbwqq	𠤢
okbivf	𠤤
okbiti	𠤧
okveve	𠤬
okklrf	𠤭
okkljb	𠤮
okklbu	𠤯
okklgs	𠤰
okklfu	𠤱
okklty	𠤲
okklgu	𠤳
okklvi	𠤴
okklug	𠤵
okklfz	𠤸
okklqr	𠤹
okklmi	𠤻
okklyz	𠤼
okklyb	𠤾
okklhj	𠤿
okklfz	𠥀
okripi	𠥄
okklyj	𠥇
okklkj	𠥈
okklbw	𠥉
okklqi	𠥊
okklbo	𠥋
okklbi	𠥌
okklaa	𠥍
okklww	𠥎
okklfu	𠥏
okklch	𠥐
okkltn	𠥑
okklyc	𠥒
okklkl	𠥓
okklhe	𠥕
okkldd	𠥖
okklzy	𠥙
okklxp	𠥜
okklzd	𠥠
okklwu	𠥢
okklyi	𠥦
okklis	𠥨
okkldc	𠥭
okklnw	𠥮
okklui	𠥯
okklmc	𠥰
okkliu	𠥱
okklgl	𠥳
okklyj	𠥵
okklhu	𠥶
okqufj	𠥷
okquwu	𠥹
okququ	𠥺
okcchg	𠥻
okuiui	𠥼
okmuhg	𠥽
okjqui	𠥾
okeeui	𠥿
okuhui	𠦀
okqmqm	𠦅
okriui	𠦆
okjkui	𠦈
okuijb	𠦉
okyyui	𠦊
okuhqm	𠦋
okcccc	𠦌
okuics	𠦏
okccfg	𠦒
okmpui	𠦓
okuikz	𠦗
okgsui	𠦘
oknmnm	𠦜
okuizc	𠦝
okbwqm	𠦞
okfjui	𠦦
okxkui	𠦧
okuimw	𠦩
okhvbf	𠦪
okyubf	𠦮
okbjgf	𠦯
okvoug	𠦲
okyjqm	𠦳
okvobm	𠦷
okuivu	𠦹
okbjlk	𠦻
okuihv	𠦽
okigug	𠦿
okuidh	𠧁
okuijk	𠧂
okfubw	𠧃
okvohj	𠧄
okgobw	𠧅
okgudj	𠧈
okgudj	𠧉
okuger	𠧌
okxuug	𠧍
okburf	𠧓
okuhwf	𠧔
okuhui	𠧕
okuhxx	𠧗
okvcbu	𠧙
okvjrf	𠧚
okuhii	𠧛
okvcbu	𠧞
okluve	𠧟
okluve	𠧤
okvjwf	𠧧
okgebu	𠧨
okmwbu	𠧩
okjybu	𠧬
okdapu	𠧭
okwwbu	𠧮
okvjbi	𠧸
oknjwd	𠨃
oklujs	𠨄
okgzwd	𠨊
okjqer	𠨍
okeeee	𠨎
okyzer	𠨏
okbier	𠨐
okwher	𠨑
okbier	𠨒
okerer	𠨖
okbier	𠨘
okxier	𠨚
okwher	𠨛
okwwwu	𠨜
okjqji	𠨞
okjijq	𠨠
okvlmc	𠨡
okwwqy	𠨢
okmcya	𠨣
okwwyc	𠨪
okihbi	𠨬
okihzi	𠨯
okihye	𠨱
okccih	𠨲
okiher	𠨳
okihjp	𠨴
okihfg	𠨵
okihfu	𠨶
okihfj	𠨹
okihwu	𠨺
okihuu	𠨻
okihww	𠨼
okihbi	𠨽
okihuz	𠨾
okihui	𠨿
okihds	𠩁
okihqu	𠩂
okiuih	𠩃
okihwa	𠩅
okihci	𠩆
okihvu	𠩈
okihiu	𠩉
okihvi	𠩊
okihni	𠩋
okihif	𠩐
okihvc	𠩓
okihmi	𠩕
okihjx	𠩘
okihwo	𠩙
okihyz	𠩚
okihzo	𠩜
okihfh	𠩝
okihbw	𠩠
okihbo	𠩡
okihtk	𠩢
okzexs	𠩣
okihig	𠩥
okihnu	𠩨
okihci	𠩪
okiher	𠩫
okihld	𠩬
okihxl	𠩭
okihbw	𠩲
okihlb	𠩵
okihdm	𠩷
okihui	𠩸
okihdr	𠩻
okihqq	𠩾
okihbm	𠪂
okihmw	𠪃
okihmn	𠪄
okihxx	𠪅
okihfg	𠪆
okihsz	𠪇
okihia	𠪉
okihjm	𠪊
okihlq	𠪐
okihgj	𠪚
okihdm	𠪝
okihtu	𠪡
okihqb	𠪢
okihsj	𠪣
okyruv	𠪥
okihhw	𠪩
okihpi	𠪮
okihqb	𠪲
okihiu	𠪴
okihyy	𠪷
okihye	𠪸
okihbi	𠫀
okihlu	𠫂
oktdhz	𠫅
okhztd	𠫆
okihdm	𠫉
okihtk	𠫊
okihsu	𠫋
oklizu	𠫏
okhgsi	𠫓
okhgsi	𠫔
okyisi	𠫕
oksive	𠫖
okjisi	𠫗
oksiui	𠫘
okyyuu	𠫝
oksimu	𠫡
okfgsi	𠫢
oksinw	𠫣
okiags	𠫤
oksibk	𠫧
oklwqn	𠫫
oklwrf	𠫯
oklwsj	𠫰
okquji	𠫳
okquuc	𠫴
oksili	𠫶
oksjsj	𠫽
okqudo	𠫾
okqufu	𠬃
okqujk	𠬇
okqubw	𠬈
okquvg	𠬉
okbkqy	𠬌
okqymm	𠬍
oklwqi	𠬎
okmzwh	𠬏
okqugu	𠬒
oklwdk	𠬔
okgsyi	𠬗
okcjll	𠬙
okjqyz	𠬚
okdcyz	𠬛
okjqyz	𠬞
okyzsi	𠬟
okbayz	𠬠
okccyz	𠬢
okjbyz	𠬥
okjlyz	𠬧
okeryz	𠬨
okvxyz	𠬪
okbaji	𠬬
okyzyz	𠬭
okffyz	𠬰
oklkyz	𠬱
okyzsi	𠬹
okulcc	𠬺
okyzlw	𠬽
okrokz	𠭀
okbwyz	𠭁
okyzxn	𠭂
okifyz	𠭃
okuuyz	𠭄
okyzvg	𠭅
okmuyz	𠭇
okvoee	𠭋
okyuyz	𠭍
okyzqi	𠭑
okihyz	𠭒
okdvfj	𠭔
okrokz	𠭞
oktryz	𠭣
oklvfj	𠭤
okbasz	𠭦
okrogs	𠭨
okyzji	𠭫
okyzwu	𠭬
okvoiu	𠭴
okueyz	𠭷
okpiyz	𠮃
okvodv	𠮄
okulbd	𠮆
okdequ	𠮊
okvoyc	𠮐
okjuyz	𠮑
okvhvo	𠮒
okyzli	𠮔
okkzyi	𠮙
okkzdm	𠮚
okhgkz	𠮛
okkzve	𠮜
okkzuu	𠮝
okyikz	𠮞
okkzqi	𠮟
okkzbc	𠮠
okkzer	𠮡
okyzkz	𠮢
okiakz	𠮣
okdckz	𠮥
okbakz	𠮦
okkzdc	𠮧
okkznd	𠮨
okkzln	𠮩
okwjkz	𠮫
okkzwj	𠮬
okkzuc	𠮭
okppyz	𠮮
okjikz	𠮯
okkzir	𠮰
okkzkv	𠮱
okkzkv	𠮲
okuhkz	𠮳
okxxkz	𠮴
okkzuh	𠮵
okkzge	𠮶
oktukz	𠮷
okkzcd	𠮹
okkzjq	𠮻
okkzcc	𠮽
okkzwu	𠮾
okkzuj	𠮿
okkzir	𠯀
okkzzi	𠯂
okkzrf	𠯄
okkzyi	𠯅
okkznv	𠯆
okkzji	𠯇
okkzda	𠯈
okvchg	𠯉
okkzyu	𠯊
okkzxi	𠯋
okiayz	𠯌
okkzji	𠯎
okkzqi	𠯏
okkzri	𠯐
okuikz	𠯑
okhxkz	𠯒
okjbkz	𠯓
okkzpi	𠯔
okkzpi	𠯕
okkzhu	𠯖
okkzfj	𠯘
okuigu	𠯛
okkzgz	𠯜
okkzhu	𠯞
okkzjm	𠯟
okkzww	𠯠
okkzsa	𠯢
okkzvi	𠯣
okkzjk	𠯤
okkzqp	𠯦
okffkz	𠯨
okkzva	𠯩
okkzdd	𠯪
okkzge	𠯫
okkzzz	𠯬
okkzri	𠯭
okkzpm	𠯯
okkzuf	𠯰
okkzyt	𠯲
okwukz	𠯳
okkzbm	𠯴
okkztk	𠯸
okkzrg	𠯹
okkzhr	𠯻
okkzdk	𠯼
okkzvi	𠯽
okkziz	𠯾
okkzlq	𠯿
okkzgd	𠰁
okkzyr	𠰂
okkzrf	𠰃
okkzyu	𠰄
okkzuz	𠰅
okkzhs	𠰈
okkzvc	𠰉
okkzpi	𠰊
okkzqq	𠰋
okkzmo	𠰌
okkzvu	𠰍
okkzfj	𠰏
okkzpo	𠰐
okkzhe	𠰓
okmukz	𠰔
okiukz	𠰕
okkzmb	𠰘
okkzkj	𠰙
okujgu	𠰛
okkzhu	𠰜
oksikz	𠰝
okrflv	𠰞
okkzju	𠰠
okkzbj	𠰢
okbikz	𠰣
okqmyz	𠰥
okyskz	𠰦
okkzyu	𠰧
okkzys	𠰩
okkzvg	𠰪
okiykz	𠰫
okkzyz	𠰬
okkzmc	𠰭
okkzug	𠰮
okkzcs	𠰯
okddkz	𠰰
okkzjp	𠰱
okkzuu	𠰲
okkzbk	𠰳
okkzui	𠰴
okhgjy	𠰶
okkzlu	𠰷
okkzdd	𠰺
okkzwd	𠰻
okkzfu	𠰼
okkzig	𠰿
okkzpi	𠱀
okkztu	𠱂
okkzao	𠱃
okkzmb	𠱄
okkzug	𠱅
okkzyy	𠱆
okkzxt	𠱇
okkzui	𠱈
okkzvf	𠱉
okkzui	𠱊
okkzyz	𠱋
okkzfj	𠱍
okkzwu	𠱐
okvukz	𠱒
okkzww	𠱓
okkzuz	𠱔
okkzxb	𠱖
okkzni	𠱘
okdcjs	𠱛
okkzcy	𠱜
okkzza	𠱞
okkzhj	𠱢
okkzlw	𠱤
okkzhv	𠱥
okwutd	𠱩
okkzqr	𠱴
okkzyu	𠱶
okkzmk	𠱷
okkzif	𠱸
okkzto	𠱹
okkzig	𠱺
okkzzd	𠱻
okkzkc	𠱼
okkzzd	𠱽
okkzsi	𠱾
oklikz	𠲀
okkzyb	𠲃
okkzse	𠲅
okkzrf	𠲉
okkzci	𠲋
okkzuu	𠲌
okkzdq	𠲍
okkzfa	𠲎
okkzrf	𠲏
okkzjl	𠲓
okkzyi	𠲔
okkzvl	𠲕
okkzyi	𠲖
okyhkz	𠲘
okkzma	𠲚
okkzhv	𠲛
okkzvg	𠲜
okkzkh	𠲞
okkzjm	𠲟
okkzuz	𠲠
okkzhc	𠲡
okkzdn	𠲢
okkzxt	𠲣
okkzru	𠲤
okkzli	𠲥
okkzrs	𠲦
okkzui	𠲧
okkzii	𠲨
oklqgu	𠲩
okycqm	𠲭
okkzjk	𠲮
okmwkz	𠲯
okkzjy	𠲰
okfgge	𠲱
okkzuf	𠲳
okkztz	𠲴
okkzjp	𠲵
okkzmm	𠲶
okkznj	𠲸
okkzji	𠲹
okkzji	𠲺
okyikz	𠲻
okkzjq	𠲼
okkzfu	𠲽
okkzuu	𠲿
okkzys	𠳀
okkzky	𠳁
okkzgs	𠳃
okwukz	𠳄
okbmkz	𠳅
oktkkz	𠳇
okkequ	𠳊
okquke	𠳌
okkzsi	𠳎
okkzie	𠳏
okkzbh	𠳐
okkzbi	𠳓
okkzqu	𠳔
okkzic	𠳕
okkzke	𠳗
okkzyz	𠳘
oktddd	𠳙
okkzgd	𠳚
okkzfz	𠳝
okkzqt	𠳞
okkzir	𠳡
okiibi	𠳢
okkzbu	𠳤
okkzmw	𠳨
okguys	𠳫
okgugu	𠳬
okkzke	𠳭
okyzjs	𠳮
okhchc	𠳯
okkzlu	𠳱
okkzdd	𠳳
okkztu	𠳶
okkzil	𠳹
okkzlb	𠳺
okkzss	𠳼
okkzhj	𠳾
okkzww	𠳿
okkznu	𠴂
okkztv	𠴆
okkzbk	𠴇
okkzhs	𠴈
okkzrr	𠴉
okkzlv	𠴊
okkzpc	𠴋
okkzlk	𠴌
okkzrf	𠴍
okkzwo	𠴎
okkzmh	𠴏
okkznq	𠴐
okkzlk	𠴒
okkzdi	𠴓
okkzig	𠴔
okkzmn	𠴕
okkzww	𠴖
okkzdu	𠴗
okkzcy	𠴘
okkzba	𠴙
okkzzo	𠴚
okkzqs	𠴛
okkzji	𠴜
okkzwh	𠴝
okkzbj	𠴞
okkzmi	𠴟
okkzug	𠴢
oktuxb	𠴤
okkzuf	𠴥
okjuvu	𠴦
okkzro	𠴧
okkzgr	𠴨
okkzqi	𠴩
okkzuu	𠴫
okkzyi	𠴭
okkzff	𠴮
okkzjq	𠴰
okkzgu	𠴱
okkzda	𠴲
okkzyc	𠴳
okkzvz	𠴵
okbokz	𠴸
okkzqi	𠴹
okkzdc	𠴼
okpbui	𠵀
okvzkz	𠵁
oklbkz	𠵂
okkzhx	𠵅
okkzdj	𠵆
okkzqi	𠵇
okkzmw	𠵈
okkzhh	𠵉
okyhgu	𠵊
okkzyi	𠵌
okxikz	𠵍
okkzgu	𠵎
okkzqp	𠵐
okkzbk	𠵔
okkzlu	𠵕
okhcgl	𠵗
okkzmf	𠵘
okkzlk	𠵙
okkzan	𠵚
okpbqn	𠵛
okkzwh	𠵜
okkzya	𠵝
okgcwu	𠵞
okkzva	𠵣
okwuwu	𠵥
okwuwu	𠵦
okkzde	𠵨
okkzgo	𠵩
okkzah	𠵫
okpbyz	𠵬
okkzgx	𠵯
okkzyi	𠵱
okhzke	𠵲
okkzmk	𠵴
okhebj	𠵵
okkzmi	𠵸
okkzgh	𠵹
okkzzs	𠵻
okkzmg	𠵼
okkzfa	𠵽
okkzhx	𠵾
okkzpi	𠵿
okkzwj	𠶃
okkzvc	𠶅
okdnys	𠶇
okkzue	𠶈
okkzpk	𠶉
okkzpo	𠶊
okkzjp	𠶋
okkzjb	𠶌
okkzvf	𠶍
okkzbi	𠶎
okkzbk	𠶏
okkzyk	𠶐
okkzbn	𠶓
okkzgk	𠶔
okkzvc	𠶕
okkzwh	𠶖
okkzvi	𠶗
okkelp	𠶘
okkzjk	𠶛
okkzvi	𠶜
okkzui	𠶝
okkzxk	𠶞
okkzya	𠶟
okkzvi	𠶠
okkzyz	𠶢
okkzmw	𠶣
okkzuh	𠶤
okkzqs	𠶥
okkzmn	𠶦
okkzdm	𠶧
okkzvi	𠶨
okjigu	𠶮
okkzvo	𠶯
okkege	𠶱
okqige	𠶶
okkzqt	𠶸
okkzke	𠶾
okkzqm	𠷁
okkzdd	𠷂
okkzvo	𠷅
okkzui	𠷇
okkzlv	𠷈
okkzjx	𠷉
okkzbm	𠷊
okkzhz	𠷋
okkzze	𠷌
okwjgo	𠷏
okkzhg	𠷐
okkzfg	𠷕
okyjkz	𠷗
okkzui	𠷚
okzoju	𠷜
oklrgu	𠷞
okkzjp	𠷟
okbdhe	𠷡
okkzsv	𠷣
okkzbc	𠷤
okkztk	𠷥
okkzmm	𠷦
okkzbm	𠷨
okkzjl	𠷩
okkzjm	𠷬
okkzdu	𠷮
okkzmw	𠷯
okkzmm	𠷰
okkzhz	𠷴
okkzvz	𠷵
okkzxl	𠷹
okkzbo	𠷺
okufcy	𠷻
okkzzf	𠷿
okkzpd	𠸁
okkztu	𠸂
okkzyk	𠸄
okciji	𠸆
okkzda	𠸊
okkzku	𠸋
okkzsv	𠸌
okkzmw	𠸍
okkzqo	𠸏
okkzjb	𠸐
okkzxt	𠸑
okkzbc	𠸒
okkzko	𠸓
okkzyb	𠸕
okkzlk	𠸖
okiugu	𠸗
okkzsu	𠸘
okguns	𠸙
okkzgz	𠸚
okmkxm	𠸛
okxmmk	𠸜
okkzbw	𠸟
okkzfu	𠸢
okkzhs	𠸣
okkzdd	𠸤
okkzji	𠸥
okkzkj	𠸦
okkzke	𠸧
okkzli	𠸨
okkzvf	𠸩
okkzlo	𠸪
okkzzz	𠸫
okkzqb	𠸬
okuikz	𠸭
okkzlz	𠸳
okkuwh	𠸶
okkzfu	𠸷
okkziy	𠸸
okkzyu	𠸹
okkzni	𠸺
okkzjm	𠸻
okkzsy	𠹀
okkzci	𠹂
okkzah	𠹃
okkzgs	𠹅
okkzdj	𠹆
okkzcc	𠹊
okkzji	𠹋
okkzng	𠹌
okkzrs	𠹍
okkzzc	𠹏
okkznp	𠹑
okkzgs	𠹒
okkzth	𠹔
okkzbc	𠹕
okkzvj	𠹖
okkzve	𠹗
okkzqp	𠹙
okkzyr	𠹚
okkzqi	𠹛
okpbvi	𠹜
okyikz	𠹩
okpzju	𠹪
okgoyr	𠹬
okkzge	𠹭
okkzbi	𠹯
okkzbm	𠹰
okkzqu	𠹱
okkzve	𠹲
okkzjp	𠹳
okkzjy	𠹴
okkzyj	𠹵
okkzpg	𠹶
okkzee	𠹷
okkzqb	𠹸
okkzly	𠹹
okkzmd	𠹺
okkzvf	𠹻
okkzzd	𠹼
okuzvc	𠹾
okkzro	𠺁
okvfkz	𠺃
okkzlp	𠺅
okkztc	𠺆
okkzrs	𠺊
okkzqt	𠺋
okkzgv	𠺌
okmakz	𠺎
okkzii	𠺏
okkzxi	𠺒
okkzvc	𠺓
okkzlq	𠺕
okkzmi	𠺗
okkzlh	𠺘
okkztv	𠺙
okkzbj	𠺚
okkzge	𠺝
okkzku	𠺟
okkzjx	𠺢
okkzbo	𠺣
okvcuz	𠺥
okkzjp	𠺦
okkztn	𠺧
okerxb	𠺨
okkzlq	𠺩
okkzqi	𠺪
okkzln	𠺫
okkzqi	𠺬
okkzfg	𠺭
okkzui	𠺮
okyrwh	𠺯
okkzig	𠺰
okkzks	𠺱
okkzvf	𠺲
okkzna	𠺶
okkzvu	𠺷
okkzjb	𠺸
okkzyi	𠺹
okkzgv	𠺺
okkzji	𠺻
okmiqm	𠺼
okkzua	𠺽
okkzvu	𠺾
okkzyr	𠺿
okkztu	𠻀
okqlsi	𠻁
okkzxr	𠻃
okkzhl	𠻄
okkzbm	𠻅
okkzvf	𠻆
okddyi	𠻇
okkzyj	𠻈
okkzui	𠻉
okkzxi	𠻊
okkzlo	𠻐
okkzhe	𠻓
okpbug	𠻖
okkzli	𠻗
okkzqt	𠻘
okmokz	𠻚
okkzzc	𠻛
okkzlv	𠻜
okpbvf	𠻝
okkzkh	𠻞
okkzlk	𠻠
okkzyu	𠻢
okkzsu	𠻣
okkzyb	𠻤
okkzic	𠻥
okkzjb	𠻨
okkzdj	𠻪
okkztu	𠻬
okldhv	𠻮
okkzlk	𠻱
okkzue	𠻲
okkzii	𠻳
okkzlh	𠻴
okkzmh	𠻵
okkzxm	𠻷
okkztm	𠻹
okkzbi	𠻻
okkzmw	𠻽
okkzwh	𠻾
okkzij	𠻿
okkzvh	𠼀
okkzif	𠼂
okvjkz	𠼃
okkzwf	𠼋
okkzzo	𠼏
okkzli	𠼐
okgcgc	𠼑
okkzbf	𠼒
okkzih	𠼔
okkzpd	𠼕
okkzlj	𠼖
okkzvj	𠼗
okkzul	𠼙
okkzbd	𠼚
okkzli	𠼝
okheya	𠼞
okkzql	𠼢
okkzjm	𠼤
okkzmj	𠼦
okkzly	𠼩
okkzyi	𠼪
okkzuh	𠼬
okkzww	𠼮
okkzxu	𠼯
okkzgg	𠼰
okkzlw	𠼱
okkzdv	𠼲
okkzqm	𠼳
okkzqk	𠼴
okkztk	𠼵
oktdzd	𠼷
okkzyj	𠼸
okkzdj	𠼺
okkzji	𠼻
okkzmi	𠼽
okkzis	𠼾
okkzou	𠽀
okkziu	𠽁
okkzdj	𠽂
okkzvi	𠽃
okkztj	𠽄
okkzis	𠽅
okkzne	𠽆
okkzqm	𠽈
okkzuf	𠽉
okkzmb	𠽊
okkzni	𠽋
okkzxt	𠽌
okkzyb	𠽍
okkzya	𠽎
okkzxm	𠽏
okkzyu	𠽐
okkzii	𠽑
okkzdk	𠽒
okkzuu	𠽔
okkzjp	𠽕
okkzvu	𠽖
okkzyj	𠽗
okwwxl	𠽘
okkzjx	𠽙
okkevs	𠽚
okkzyb	𠽛
okkzhy	𠽞
okkzdr	𠽠
okkzhv	𠽡
okkzbo	𠽢
okkzji	𠽤
okkzbi	𠽩
okkzer	𠽬
okkzti	𠽮
okkzdi	𠽯
okkzqn	𠽶
okkzve	𠽻
okkzpu	𠽾
okkzgu	𠽿
okkziu	𠾇
okkzqi	𠾍
okkzsj	𠾎
okkzue	𠾏
okkzls	𠾐
okkzya	𠾒
okkzvc	𠾓
okkzuv	𠾔
okkzdv	𠾕
okkzfu	𠾙
okkzfw	𠾚
okkzhl	𠾛
okkzff	𠾞
okkzdg	𠾡
okkzsf	𠾣
oksfkz	𠾤
okgelk	𠾥
okkzbw	𠾦
okkzqm	𠾨
okkzxu	𠾫
okkzqb	𠾬
okkzww	𠾭
okkzti	𠾱
okkzyt	𠾲
okkzbh	𠾴
okkzjk	𠾶
okkzbc	𠾷
okkzic	𠾸
oktyzu	𠾹
okkzuj	𠾺
okkzvj	𠾻
okkzjt	𠾼
okkzui	𠾾
okkzxl	𠾿
okkzuc	𠿀
okkzqi	𠿁
okkzia	𠿂
okkzmw	𠿃
okkzyu	𠿄
okkzjp	𠿇
okkziz	𠿈
okkzyt	𠿋
okkzdm	𠿍
okkzjm	𠿏
okkzgj	𠿑
okkzxp	𠿒
okqnkh	𠿕
okkzse	𠿗
okkzjy	𠿘
okkzbc	𠿙
okkzye	𠿚
okkziu	𠿝
okkzdj	𠿞
okkzji	𠿠
okkzxm	𠿢
okkzgu	𠿤
okkzgj	𠿨
okkzrv	𠿩
okkzjx	𠿪
okkzua	𠿬
okkzhx	𠿭
okkzyb	𠿮
okkzww	𠿯
okkzdc	𠿱
okuzdj	𠿲
okkzlm	𠿳
okkznc	𠿷
okkzee	𠿸
okkzzh	𠿺
okqnyr	𠿻
okkzua	𠿼
okkzyi	𠿿
okkzse	𡀁
okkzlw	𡀂
okkzvf	𡀃
okkzhu	𡀄
okxibu	𡀆
okkzds	𡀇
okkzyu	𡀍
okkzww	𡀎
okkzlu	𡀔
okkzbo	𡀖
okkzui	𡀗
okkzku	𡀙
oksosi	𡀚
okkzji	𡀞
okkzsv	𡀟
okkzbw	𡀠
okkzni	𡀡
okkzss	𡀢
okkzqb	𡀣
okkzpa	𡀥
okkzwf	𡀦
okkzlo	𡀩
okvcpd	𡀪
okkzsv	𡀬
okkzjq	𡀭
okkznn	𡀮
okkzcr	𡀯
okkzcv	𡀰
okkzhc	𡀱
okkzgd	𡀲
okkzqy	𡀳
okkzkx	𡀵
okkzyr	𡀶
okkzdy	𡀷
okgcyh	𡀻
okkzlv	𡀿
okhdpu	𡁁
okkzui	𡁃
okkzio	𡁇
okmavs	𡁉
okhdqm	𡁍
okkzyu	𡁎
okkzmg	𡁏
okkzjk	𡁔
okdjcc	𡁘
okkzkd	𡁙
okkzhj	𡁚
okkznf	𡁛
okkzho	𡁜
okkzqn	𡁞
okkzbb	𡁟
okkzer	𡁠
okkzge	𡁤
okkzzh	𡁧
okdvkz	𡁨
okyrug	𡁩
okkzyb	𡁬
okmifw	𡁭
okkzwo	𡁮
okkzdo	𡁯
okkzxi	𡁱
okdjba	𡁳
okkztr	𡁴
okkzjb	𡁵
okkzjp	𡁶
okkzyz	𡁹
okkzgy	𡁺
okkzvc	𡁻
okkzpn	𡁼
okkzuo	𡁾
okkzgc	𡂀
okkzts	𡂁
okkzyu	𡂂
okkzhy	𡂃
okkzlq	𡂆
okkzpu	𡂈
okkzui	𡂉
okifuc	𡂌
okkzlv	𡂎
okkzvi	𡂒
okkzui	𡂓
okkzln	𡂕
okkzwj	𡂖
okkzii	𡂙
okkzmd	𡂝
okzcbc	𡂟
okkzcd	𡂠
okkzuu	𡂡
okkzxn	𡂢
okkzve	𡂪
okkzpg	𡂫
okjyjb	𡂬
okkzou	𡂮
oklblh	𡂯
okkzlb	𡂰
okkzdg	𡂱
okkzlw	𡂳
okkzlm	𡂴
okkzyk	𡂵
okkzkr	𡂷
okkzyh	𡂺
okkzqk	𡂻
okkzma	𡂼
okkztg	𡂾
okkzou	𡂿
okkzyi	𡃀
okkzll	𡃁
okkzji	𡃃
okkzyk	𡃅
okkzbi	𡃇
okkzjx	𡃉
okkzji	𡃊
oklyyr	𡃋
okkzjm	𡃍
okkzfj	𡃎
okkzdo	𡃏
okkzqk	𡃑
okkzpu	𡃒
okkzbo	𡃓
okkzln	𡃔
okkzqs	𡃕
okkzlv	𡃖
okkzmo	𡃗
okkztj	𡃘
okkzmp	𡃙
okkzly	𡃝
okkzzj	𡃞
oklskz	𡃡
okkzji	𡃢
okuzge	𡃣
okkzld	𡃤
okgezi	𡃭
okthyh	𡃯
okkzxk	𡃳
okkzsv	𡃴
okkzys	𡃵
okkzxi	𡃶
okcinn	𡃸
okkzvj	𡃹
okkzqn	𡃼
okkzru	𡃽
okkzma	𡄃
okkzcj	𡄄
okkzxt	𡄆
okkzdu	𡄍
okkzjb	𡄎
okkzhj	𡄏
okkzjm	𡄓
okkzug	𡄔
okkzyk	𡄖
okkzxx	𡄟
okmker	𡄠
okkzmi	𡄣
okkzhd	𡄤
okkzlm	𡄥
okkzlb	𡄦
okkzjl	𡄧
okkzsv	𡄪
okkzqm	𡄫
okhehy	𡄬
okkzss	𡄭
okkzyi	𡄯
okujzu	𡄰
okkzcu	𡄱
okruuz	𡄲
okkzsa	𡄳
oktiye	𡄶
okyizi	𡄻
okkzxp	𡄽
okkzjb	𡄾
oktkdj	𡅄
okkzee	𡅅
okkzch	𡅆
okkzjm	𡅉
okkzrc	𡅍
okkzli	𡅏
oklkuj	𡅐
okkzrc	𡅒
okxixi	𡅕
okmkyh	𡅖
okkzla	𡅘
okkzyy	𡅙
okkzug	𡅠
okeege	𡅡
okkzjb	𡅢
okkzxn	𡅣
okxijb	𡅤
okkzdm	𡅥
okkznj	𡅧
okkzyj	𡅩
okkzyr	𡅪
okkzjn	𡅫
okkzhk	𡅬
okkzgr	𡅭
okkzwf	𡅯
okkzqr	𡅳
okkzui	𡅵
okkzqm	𡅶
okkzyi	𡅷
okxijb	𡅸
okkzbm	𡅼
okkzhs	𡆀
okkziy	𡆂
okujuj	𡆃
okkzlo	𡆆
okkzho	𡆇
okvcdh	𡆊
okkzjn	𡆌
okdjdj	𡆎
okxnke	𡆔
okkzlm	𡆕
okkzvj	𡆖
okkzxm	𡆘
okkzij	𡆙
okkzqu	𡆚
okklyi	𡆠
okklna	𡆡
okklia	𡆢
okklru	𡆣
okkler	𡆤
okklbu	𡆥
okklba	𡆦
okklxn	𡆧
okklyc	𡆩
okklcc	𡆪
okkljb	𡆫
okklgs	𡆬
okklwj	𡆭
okklui	𡆮
okkluj	𡆯
okkluj	𡆱
okklwh	𡆲
okklsi	𡆳
okkliz	𡆴
okklwu	𡆶
okklgd	𡆸
okklyu	𡆹
okkluz	𡆺
okklug	𡆼
okklxi	𡆽
okklgs	𡆾
okklui	𡆿
okkluu	𡇀
okklho	𡇂
okklba	𡇃
okklul	𡇄
okklfh	𡇅
okklff	𡇇
okklui	𡇈
okklbu	𡇊
okkluv	𡇋
okklmu	𡇌
okkltm	𡇍
okklxr	𡇎
okklbf	𡇐
okklkz	𡇑
okklmi	𡇒
okklvi	𡇓
okklif	𡇖
okkldo	𡇘
okkldo	𡇙
okklbd	𡇚
okklue	𡇜
okklzi	𡇝
okklhe	𡇞
okbagu	𡇤
okklbk	𡇥
okkldz	𡇧
okklnj	𡇨
okklgc	𡇪
okklys	𡇮
okkluu	𡇯
okklru	𡇲
okklmk	𡇳
okkldh	𡇵
okklgk	𡇸
okkltu	𡇹
okklzu	𡇻
okklhe	𡇼
okklci	𡇿
okklya	𡈀
okklhl	𡈁
okklbn	𡈂
okgujp	𡈅
okklvs	𡈈
okklro	𡈉
okklma	𡈊
okklwu	𡈎
okklqi	𡈏
okklvf	𡈓
okkljr	𡈕
okklmo	𡈗
okklnn	𡈙
okklyr	𡈛
okklpn	𡈜
okklyj	𡈟
okklvh	𡈠
okklvs	𡈡
okbayr	𡈤
okklvu	𡈥
okklyc	𡈦
okklts	𡈩
okklcr	𡈬
okklyu	𡈭
okbuyr	𡈯
okklyu	𡈰
okklhr	𡈵
okyrly	𡈺
okkllm	𡈻
okpptu	𡈼
oktudm	𡈽
okvetu	𡈾
oktuui	𡈿
okbatu	𡉀
oktund	𡉁
oklitu	𡉂
oktuih	𡉃
okuitu	𡉄
oktukl	𡉅
oktukl	𡉆
okturf	𡉇
okuzwh	𡉈
oktuvh	𡉋
oktujq	𡉌
oktugs	𡉎
oktuyi	𡉏
okgstu	𡉐
oktuda	𡉑
oktunv	𡉓
okrftu	𡉔
oktuwj	𡉕
oktugs	𡉖
oktuzi	𡉗
okfgtu	𡉘
okjitu	𡉙
oktuqi	𡉛
okqitu	𡉝
oktugs	𡉞
okpjtu	𡉟
oktuwh	𡉠
okmutu	𡉣
okbutu	𡉤
oktuvs	𡉥
oktuwu	𡉦
oktuug	𡉧
oktuqi	𡉨
oktuqr	𡉩
oktuya	𡉪
oktytu	𡉫
okturi	𡉭
oktunq	𡉯
okxstu	𡉰
okyytu	𡉲
oktuhu	𡉴
okbatu	𡉷
okpptu	𡉹
oktuuv	𡉺
okugtu	𡉼
oktulq	𡉽
oktuxb	𡉾
oktumu	𡉿
oktutd	𡊀
oktumc	𡊁
okmctu	𡊂
okfjtu	𡊃
okbmtu	𡊅
oktuui	𡊆
oktumo	𡊉
oktukz	𡊊
okgvyz	𡊋
oktuuu	𡊍
okmctu	𡊎
oktukl	𡊐
oktuer	𡊑
oktuui	𡊔
oktubf	𡊖
oktujx	𡊗
oktjtu	𡊙
oktubd	𡊚
oktuqu	𡊛
oktugu	𡊜
okwatu	𡊝
okpktu	𡊞
oktumu	𡊟
oktujx	𡊠
oktuyz	𡊡
oktuce	𡊢
okqqtu	𡊣
oktuys	𡊤
oktuju	𡊦
oktumc	𡊧
oktuxr	𡊨
oktuyu	𡊩
okbitu	𡊭
oktubm	𡊯
oktutm	𡊰
oktuvc	𡊱
oktuvu	𡊲
oktuug	𡊳
oknitu	𡊴
okuitu	𡊵
oktuyb	𡊶
okturs	𡊸
okxitu	𡊹
okhjtu	𡊺
oktulp	𡊻
okgstu	𡊼
oktuis	𡊿
oktuli	𡋀
oktunm	𡋂
oktulw	𡋃
oktuqr	𡋄
okantu	𡋅
okxitu	𡋆
okuutu	𡋊
okgstu	𡋍
oktulc	𡋎
oktuxt	𡋒
oktusi	𡋔
oktuxy	𡋕
okjmtu	𡋖
oktuhv	𡋗
okybtu	𡋘
oktuhv	𡋙
okjmtu	𡋚
okhetu	𡋛
oktujn	𡋟
okquyi	𡋡
oktugv	𡋣
oktujb	𡋤
oktuji	𡋥
oktubd	𡋦
okyutu	𡋬
oktubo	𡋯
oktuns	𡋱
okbjtu	𡋴
okuatu	𡋷
oktutk	𡋺
okwutu	𡋻
oktuke	𡋼
oktuii	𡋽
okbptu	𡋾
oktulv	𡋿
oktubp	𡌀
okfftu	𡌂
oktugc	𡌃
oktuie	𡌄
okfutu	𡌅
okyutu	𡌆
oktuna	𡌈
oktuxn	𡌉
okqqtu	𡌊
oktuqq	𡌋
okugtu	𡌍
okyjtu	𡌎
oktuuf	𡌏
okxktu	𡌑
oktuxn	𡌔
oktuyu	𡌘
oktuzo	𡌚
oktuju	𡌟
oktudi	𡌠
oktudi	𡌡
oktuhj	𡌢
okgvqr	𡌤
okfwtu	𡌦
oktuyu	𡌧
oktuda	𡌩
okdoug	𡌪
okuetu	𡌫
okvotu	𡌭
okxptu	𡌯
oknitu	𡌰
okgvju	𡌲
okhotu	𡌳
okvitu	𡌴
okcctu	𡌵
oktubk	𡌶
oktubi	𡌸
oktugg	𡌻
okfhtu	𡌼
oktudm	𡌽
oktujk	𡌿
oktufh	𡍀
okvitu	𡍁
okbuzo	𡍂
okfutu	𡍃
oktuju	𡍄
oktuff	𡍆
oktubo	𡍈
oktubw	𡍉
oktubf	𡍋
oktuvo	𡍎
oktudi	𡍓
oktulu	𡍖
oktuvi	𡍘
oktulb	𡍚
oktumf	𡍜
okturv	𡍝
oktutm	𡍞
oktugu	𡍢
oktubm	𡍣
oktuid	𡍥
oktujy	𡍦
oktubo	𡍧
oktudu	𡍨
oktuze	𡍫
okhftu	𡍭
oktuda	𡍲
okjytu	𡍵
okvitu	𡍶
oktuhg	𡍷
okpbtu	𡍸
oktubd	𡍹
oktuwg	𡍻
oktutu	𡍼
okqmtu	𡍽
okhutu	𡎁
oktutj	𡎅
oktudy	𡎆
oktufg	𡎈
okvetu	𡎉
okfjtu	𡎊
oktuhz	𡎋
oktuqr	𡎏
okluji	𡎐
oktuyj	𡎑
okhotu	𡎒
oktuwu	𡎔
oktuyr	𡎖
oktuyk	𡎘
oktubm	𡎚
oktupf	𡎛
oktunj	𡎜
oktugv	𡎝
oktuvf	𡎞
oktuxl	𡎟
oktuyk	𡎠
oktumz	𡎡
okzowd	𡎢
oktuvc	𡎣
oktumw	𡎤
okwdzo	𡎥
okzowd	𡎦
okzoqp	𡎬
oktuts	𡎭
oktuxp	𡎮
okgctu	𡎲
okrotu	𡎳
oktugs	𡎴
okujtu	𡎶
okvutu	𡎺
oktuzo	𡎻
oktuhv	𡏁
okzutu	𡏄
oklhtu	𡏅
oktuyh	𡏆
oktuvg	𡏈
oktuyj	𡏉
oktujm	𡏊
okputu	𡏋
okturu	𡏌
okqbtu	𡏑
okgftu	𡏒
oktuhe	𡏖
oktuxx	𡏘
oktusi	𡏚
oktuxi	𡏛
oklkwu	𡏜
oktujp	𡏝
oktugz	𡏞
oktuyc	𡏟
oktuxs	𡏠
oktuma	𡏢
oktuiz	𡏣
oktuni	𡏤
oktuve	𡏥
oktuia	𡏦
oktubw	𡏧
okdvzo	𡏩
oklqtu	𡏬
oktuxn	𡏭
oktuic	𡏮
oktubd	𡏯
oktulw	𡏱
oktuji	𡏲
okiitu	𡏴
oklktu	𡏹
oktuao	𡏼
oktuxi	𡏽
oktuji	𡏾
oktubu	𡏿
oktuxt	𡐅
oktudj	𡐆
oktuly	𡐇
oktucc	𡐋
oktuvu	𡐌
oktuhc	𡐒
oktukh	𡐓
oktuyb	𡐔
oktujm	𡐖
oktuhu	𡐗
oktude	𡐙
oktuyu	𡐚
oktuvj	𡐛
okbitu	𡐞
okdygv	𡐠
oktudd	𡐡
oktufu	𡐣
oktujp	𡐤
oktusv	𡐦
oktupu	𡐭
oktuww	𡐮
oktuxx	𡐯
okivbk	𡐱
okhltu	𡐳
oktupg	𡐶
okiutu	𡐷
oktujk	𡐹
oktutc	𡐺
oktuvi	𡐻
oktuti	𡐾
okvftu	𡑁
oktuvh	𡑄
oktull	𡑆
okivdv	𡑈
oktufu	𡑉
okturj	𡑋
oktulc	𡑍
oktuxy	𡑎
okthtu	𡑑
oktugj	𡑒
oktusf	𡑓
oktudv	𡑖
oktujn	𡑛
oktulb	𡑝
oktusv	𡑞
oktugo	𡑟
oktuye	𡑢
oktuku	𡑣
oktuyb	𡑨
oktunn	𡑩
oktuge	𡑪
oktuhv	𡑭
oktuse	𡑮
oktuqm	𡑯
oktuyr	𡑰
oktuqy	𡑱
oktujb	𡑲
oktudm	𡑴
oktuyu	𡑾
oktuye	𡑿
oktuhv	𡒂
okaotu	𡒃
okzhtu	𡒉
okyutu	𡒊
oktuqm	𡒌
okjutu	𡒍
oktuvd	𡒔
okgdtu	𡒖
okmjtu	𡒗
oktuch	𡒝
oktuzh	𡒤
okzhuh	𡒥
oktubb	𡒨
okzoyi	𡒪
oktugz	𡒫
oktuji	𡒬
oktuln	𡒭
oktumg	𡒯
okditu	𡒱
oktukr	𡒵
oktuyh	𡒶
oktupm	𡒺
oktuvi	𡒻
oktudg	𡓂
oktulw	𡓃
oktupg	𡓄
oktuyb	𡓅
oklizo	𡓆
oktulu	𡓇
oktuji	𡓈
oktufw	𡓊
okdvww	𡓋
oktuww	𡓎
oktulb	𡓏
oktuee	𡓐
oktuld	𡓒
okycig	𡓖
oksvtu	𡓗
oktuho	𡓘
oktudu	𡓞
oktuvg	𡓟
oktuco	𡓠
oktuyk	𡓡
okyjzo	𡓢
oktuvj	𡓥
okdhtu	𡓪
oktuyk	𡓫
okmitu	𡓭
okwwzo	𡓮
oktuvs	𡓯
oktunp	𡓳
oktuff	𡓴
oksvtu	𡓷
oktuxy	𡓽
oktuli	𡓾
oktunj	𡔃
oklstu	𡔆
oklwtu	𡔇
oktuli	𡔉
oktuxm	𡔎
oktulj	𡔑
oktubm	𡔖
okdcui	𡔛
okuiui	𡔜
okwhrf	𡔞
okjiir	𡔠
okuiwu	𡔣
okjidj	𡔤
okjigs	𡔦
okjirs	𡔧
okjrrf	𡔨
okuifw	𡔭
okjiji	𡔯
okkezz	𡔿
okuijk	𡕁
okhush	𡕏
okuzvz	𡕐
okuzpg	𡕑
okndwf	𡕔
okwfzi	𡕕
okwfnq	𡕘
okwfyt	𡕙
okwfjm	𡕚
okwjwf	𡕞
oktuwf	𡕟
okwuwf	𡕠
okmpwf	𡕢
okiywf	𡕤
okmuwf	𡕥
okkhqy	𡕧
okqykh	𡕬
okqulk	𡕮
okxxxi	𡕵
okjuwf	𡖁
okxibi	𡖅
okjixi	𡖆
okxixi	𡖇
okxier	𡖉
okxiji	𡖊
okxiho	𡖋
okxivs	𡖌
okdoli	𡖎
okwjyu	𡖏
okdoye	𡖐
okdouc	𡖑
okdoyy	𡖒
okdoyb	𡖓
okxiji	𡖖
okdowf	𡖙
okmkjk	𡖚
okxijs	𡖛
okdogz	𡖜
okdorj	𡖝
okdovj	𡖞
okdota	𡖟
okdozo	𡖠
okvjxi	𡖡
okdotd	𡖤
okwdnj	𡖦
okdovi	𡖧
okdoan	𡖨
okdozd	𡖪
okdovz	𡖫
okdoxm	𡖬
okdokx	𡖮
okdouu	𡖯
okxibj	𡖱
okdoto	𡖲
okjxdo	𡖳
okyevj	𡖵
okmoxi	𡖶
okmkye	𡖺
okdovi	𡖻
okbkdo	𡖼
okdoqi	𡖾
okdogo	𡖿
okvedo	𡗀
okdohz	𡗁
okiado	𡗂
okjmdo	𡗄
okximi	𡗅
oklzdo	𡗆
okycdo	𡗉
okdoyc	𡗊
okdoys	𡗌
okyhdo	𡗍
okdozj	𡗎
okyjdo	𡗏
okmgju	𡗐
okdahg	𡗓
okdauu	𡗔
okdaba	𡗕
okklda	𡗖
oksjrf	𡗗
oktmuu	𡗘
oktmve	𡗙
okhgnw	𡗚
okbcda	𡗛
okdaba	𡗜
okdags	𡗝
okycda	𡗞
okdage	𡗟
okdacc	𡗡
okdanq	𡗢
oktmdk	𡗣
okdaty	𡗥
okdajp	𡗦
okdawu	𡗧
okdahu	𡗨
okhoda	𡗩
okbida	𡗬
okvxda	𡗮
okffda	𡗯
okdazz	𡗱
okdajb	𡗲
okgsda	𡗳
okdadz	𡗴
okdayb	𡗵
oktmuh	𡗶
okdagx	𡗷
okdava	𡗸
okdabm	𡗹
okbcgr	𡗺
okfuda	𡗻
okdaci	𡗼
oknmjp	𡗾
oksatm	𡗿
okkeda	𡘀
okdamb	𡘃
okdaqq	𡘄
okdayu	𡘇
okfuda	𡘉
okdayz	𡘊
okcida	𡘌
okdagf	𡘍
okdahc	𡘏
okjqda	𡘑
oktdtm	𡘒
okiyvi	𡘕
okdais	𡘗
okdayi	𡘚
okdauu	𡘝
okifda	𡘡
okiida	𡘥
okdabu	𡘧
okjqda	𡘩
okdauf	𡘪
okdazo	𡘫
okveda	𡘭
okmoui	𡘮
oklbda	𡘯
okdadz	𡘰
okdall	𡘳
okdabi	𡘴
okdaih	𡘷
oktmuu	𡘸
oklbda	𡘽
okvlda	𡘾
okuipd	𡘿
okjrqq	𡙅
okivgk	𡙇
okdakj	𡙍
okdayj	𡙓
okdakv	𡙔
oktugk	𡙖
okdapb	𡙗
okdahl	𡙙
okzida	𡙛
okdavi	𡙜
okgcda	𡙡
okffda	𡙢
okdaxx	𡙣
okyimh	𡙧
okyijx	𡙩
okdauz	𡙬
okgvda	𡙭
okuuda	𡙰
oktvda	𡙱
okjkda	𡙴
okdayj	𡙵
okdaji	𡙸
okbida	𡚁
okdyda	𡚃
okputm	𡚈
oktmdc	𡚑
okdald	𡚚
okdaqu	𡚝
okdoho	𡚞
okdanj	𡚟
okdajt	𡚠
oksuda	𡚡
okdasu	𡚢
okhrch	𡚥
oknvdm	𡚦
oknvbi	𡚧
oknvbi	𡚨
okyznv	𡚩
okjqnv	𡚪
oknvji	𡚫
okernv	𡚬
oknvba	𡚭
okjqnv	𡚮
oknvkv	𡚯
okjqnv	𡚰
oknvsi	𡚱
oknvwu	𡚲
oknvtu	𡚳
okujnv	𡚴
oknvxi	𡚵
okucnv	𡚷
oknvme	𡚸
oknvvh	𡚹
oknvwj	𡚺
oknvda	𡚻
oknvui	𡚼
okiznv	𡚽
oknvuu	𡚾
oknvxb	𡚿
oknvyz	𡛀
oknvwu	𡛁
oknvyb	𡛂
oknvdd	𡛃
oknvii	𡛄
oknvyb	𡛅
oknvwf	𡛇
oknvug	𡛈
okrfnv	𡛉
oknvuz	𡛊
oktmnv	𡛌
okyynv	𡛍
oknvge	𡛏
okffnv	𡛑
okulnv	𡛒
oknvdj	𡛓
oknvgd	𡛔
oknvtd	𡛕
oknvee	𡛖
okbinv	𡛗
oknvpi	𡛘
oknvyz	𡛙
oknvhu	𡛚
oknviu	𡛛
oknvdi	𡛜
okddnv	𡛝
oknvbm	𡛞
oknvyt	𡛟
oknvqu	𡛠
oknvpi	𡛡
okbjnv	𡛤
oknvta	𡛥
oknvbk	𡛦
oknvvf	𡛧
oknvka	𡛨
oknvli	𡛩
oknvpi	𡛫
okpinv	𡛬
oknvui	𡛭
oknvyz	𡛮
oknvfu	𡛯
oknvvi	𡛰
oknvdd	𡛲
oknvbd	𡛳
oknvii	𡛴
okvgnv	𡛵
oknvui	𡛶
okmcnv	𡛺
oknvys	𡛻
oknvyu	𡛼
okyznv	𡛽
oknvys	𡛾
oknvzo	𡛿
oknvgx	𡜁
okwunv	𡜂
oknvyi	𡜄
oknvxk	𡜇
oknvza	𡜉
oknvfz	𡜊
oknvhl	𡜋
oknvzi	𡜍
oknvuu	𡜐
oknvcy	𡜒
oknvvi	𡜖
oknver	𡜚
oktsnv	𡜝
okrfnv	𡜟
oknvjl	𡜠
oknvdi	𡜤
oknvdv	𡜥
okhvnv	𡜦
oknvxb	𡜧
oknvxq	𡜨
okjinv	𡜩
oknvyi	𡜬
okybnv	𡜭
oknvji	𡜱
oknvgc	𡜲
oknvyz	𡜳
oknvfu	𡜵
okjsnv	𡜸
okxpnv	𡜹
oknvxk	𡜺
oknvss	𡜻
oknvhv	𡜼
okxnnv	𡜽
oknvxu	𡜾
oknvmu	𡜿
oknvie	𡝀
okuunv	𡝁
oknvvl	𡝂
oknvbu	𡝃
oknvjs	𡝆
oknvve	𡝊
okifnv	𡝌
oknvui	𡝍
okhjnv	𡝎
oknvyu	𡝐
okjpnv	𡝔
oknvrf	𡝖
oknvjy	𡝗
oknvig	𡝚
okwhnv	𡝝
okfwnv	𡝞
okminv	𡝠
oknvli	𡝢
okuhnv	𡝣
oknvru	𡝦
okvinv	𡝧
okhynv	𡝪
okvjnv	𡝫
oknvbc	𡝬
oknvyi	𡝮
oknvli	𡝯
oknvla	𡝰
oknvff	𡝱
oknvhu	𡝲
oknvvi	𡝳
oknvyr	𡝴
oknvzu	𡝵
okfhnv	𡝶
okthan	𡝷
okqlnv	𡝸
oknvmg	𡝹
oknvmw	𡝺
oknvya	𡝿
oknvuh	𡞀
oknvqm	𡞁
oknvue	𡞆
oknvpg	𡞇
oknvhe	𡞈
oknvcj	𡞋
oknvmm	𡞎
oknvnd	𡞏
okvznv	𡞒
oknvbw	𡞕
oknvdi	𡞖
oknvfg	𡞗
oknvqp	𡞘
oknvmh	𡞙
oknvkf	𡞚
okqqnv	𡞜
oknvuz	𡞝
oknvug	𡞞
okpjnv	𡞟
okhonv	𡞠
oknvkw	𡞢
okxmnv	𡞣
okyrnv	𡞩
oknvfu	𡞪
oknvnd	𡞫
oknvku	𡞯
oknvzi	𡞰
oknvlz	𡞱
oknvgv	𡞳
oknvpk	𡞴
oknvhr	𡞵
oknvvg	𡞷
oknvci	𡞸
oknvjm	𡞹
oknvux	𡞾
oknvlk	𡟀
oknvgu	𡟁
oknvyr	𡟃
oknvyu	𡟄
oknvyt	𡟅
oknvpf	𡟆
oknvtr	𡟇
oknvdy	𡟈
oknvqq	𡟊
oknvge	𡟍
oknvsv	𡟎
oknvhz	𡟑
oknvai	𡟓
oknvzi	𡟔
okuinv	𡟕
okjmda	𡟗
oknvxk	𡟙
oknvyk	𡟚
oknvpk	𡟛
oknvjl	𡟜
oknvsv	𡟝
oknvxq	𡟞
oknvyu	𡟥
okujnv	𡟨
oknvxp	𡟩
oknvui	𡟪
oknvgs	𡟫
oknven	𡟯
oknvyr	𡟰
oknvxy	𡟱
oknvhd	𡟲
oknvvv	𡟴
oknvge	𡟵
oknvgc	𡟷
oknvwg	𡟸
oknvvi	𡟹
oknvxx	𡟺
oknvyb	𡟻
oknvtk	𡟾
okjlwu	𡟿
oknvgc	𡠀
oknvzc	𡠁
oknvjb	𡠂
oknvwu	𡠄
oknvtn	𡠊
okuinv	𡠋
okwuyc	𡠍
oknvsh	𡠏
okvinv	𡠗
oknvts	𡠙
oknvbi	𡠚
oknvhr	𡠛
okmonv	𡠜
okxmnv	𡠝
oknvfu	𡠞
oknvuu	𡠟
oknvth	𡠠
oknvji	𡠣
oknvql	𡠤
okqlnv	𡠥
oknvdi	𡠨
oknvjm	𡠩
oknvmj	𡠪
oknvmw	𡠫
oknvue	𡠬
oknvxt	𡠭
oknvky	𡠰
oknvly	𡠱
oknvbi	𡠳
oknvyu	𡠵
oknvdn	𡠶
okninv	𡠷
oknvdd	𡠹
oknvzc	𡠻
okiinv	𡠼
oknvqi	𡠽
oknvxn	𡠿
oknvjr	𡡀
oknvxi	𡡁
oknvyh	𡡂
oknvnn	𡡅
oknvyj	𡡆
oknvgd	𡡇
oknvbg	𡡈
okmanv	𡡉
oknvic	𡡊
okfhzu	𡡍
okucnv	𡡏
oknvzg	𡡑
oknvsi	𡡒
oknvzv	𡡔
okjtnv	𡡕
oksvnv	𡡙
oknvug	𡡛
oknvpu	𡡝
oknvuy	𡡞
oknvjk	𡡡
oknvth	𡡢
oknvju	𡡣
oknvji	𡡤
oknvqu	𡡥
oknvdv	𡡦
oknvvi	𡡧
oknvfu	𡡩
oknvdy	𡡬
okjlyz	𡡭
oknvlc	𡡯
oknvqb	𡡱
oknvic	𡡲
oknvya	𡡳
oknvwj	𡡶
oknvlk	𡡷
oknvbi	𡡹
oknvmn	𡡺
oknvxy	𡢀
oknvjm	𡢃
oknvmb	𡢄
oknvyy	𡢅
oknvee	𡢇
okthnv	𡢈
oklzhz	𡢐
okhvnv	𡢕
oknvmm	𡢘
oknviu	𡢟
oknvyu	𡢢
oknvgo	𡢤
oknvug	𡢨
oknvye	𡢬
oknvpn	𡢱
oknvgj	𡢳
oknvhv	𡢶
okjmnj	𡢹
oknvvd	𡢻
oknvpu	𡢼
oknvlw	𡢽
oknvjb	𡢾
oknvns	𡢿
oknvni	𡣄
oknvwu	𡣆
oknvuu	𡣈
okwwww	𡣉
okpncy	𡣋
oknvkv	𡣓
oknvih	𡣖
oknvjx	𡣗
oknvqi	𡣙
oknvkr	𡣚
oknvuo	𡣛
oknvcv	𡣝
oknvju	𡣞
oknvwf	𡣟
okvsww	𡣢
oklknj	𡣤
okmjnv	𡣩
oknvui	𡣪
oknvmo	𡣫
oknvlv	𡣭
oknvcd	𡣮
oknvln	𡣲
oknvfu	𡣷
oknvhv	𡣺
oknvlm	𡣻
oknvxn	𡣾
oknvqb	𡤅
okyjnv	𡤈
oknvpb	𡤉
okrfve	𡤊
oknvli	𡤌
okwwyr	𡤍
oknvxt	𡤏
oknvsd	𡤐
oknvql	𡤑
oknvju	𡤒
okuimd	𡤓
okmdui	𡤔
oknvxx	𡤕
oknvnp	𡤙
oknvvr	𡤛
okyizi	𡤜
oknvee	𡤝
oknvgv	𡤞
okhclw	𡤟
oknvli	𡤠
oknvgr	𡤡
oknvlo	𡤢
oknvyi	𡤦
oknvbc	𡤧
oknvyj	𡤩
oknvjt	𡤬
oknvdh	𡤭
oknvlw	𡤯
oknvyk	𡤰
oknvlj	𡤱
oknvji	𡤴
oknvyi	𡤵
oknvwj	𡤶
oknvqm	𡤷
oknvyj	𡤸
oknvlr	𡤻
oklnhg	𡤼
okzihg	𡤽
okzier	𡤾
okzirf	𡤿
okziba	𡥀
okzidc	𡥁
okuizi	𡥂
okzinv	𡥃
okzikz	𡥄
okuzzi	𡥅
okizzi	𡥆
okyczi	𡥈
okzimc	𡥊
okziri	𡥌
okcizi	𡥎
okziva	𡥑
okwwzi	𡥒
okzimu	𡥓
oktmzi	𡥔
okddzi	𡥖
okmuzi	𡥘
okzivc	𡥙
okzike	𡥚
okzivu	𡥛
okxizi	𡥟
okzixt	𡥠
okzijn	𡥡
okzilw	𡥤
okzido	𡥥
okzima	𡥦
okzijb	𡥧
okmari	𡥨
okzidi	𡥩
okziyj	𡥪
okhezi	𡥫
oklizi	𡥬
okerfu	𡥭
okfhzi	𡥮
okzivi	𡥰
okzivz	𡥱
okerzi	𡥲
okdmzi	𡥳
okziky	𡥵
okziyu	𡥶
okwwyy	𡥸
okxlgk	𡥹
okqqzi	𡥻
okzifu	𡥼
okzigo	𡥾
okzivs	𡥿
okksmk	𡦀
oktrzi	𡦁
okzizi	𡦂
okdofu	𡦄
okziiu	𡦅
okbwyy	𡦆
oklkgu	𡦈
okziwf	𡦉
okzijb	𡦌
okziqi	𡦎
okgvzi	𡦑
okziky	𡦒
okziqt	𡦓
okdiyy	𡦔
okzivr	𡦕
okzimj	𡦖
okxluu	𡦚
okwoxl	𡦛
okzits	𡦜
okvzxn	𡦝
okzicj	𡦞
okxlbw	𡦟
okvizi	𡦠
okxlve	𡦡
okfuvs	𡦢
okuuzi	𡦤
okjizu	𡦧
okxlhu	𡦨
okzivi	𡦫
okzixt	𡦰
okgukv	𡦶
okhext	𡦸
okbcnd	𡦺
okbcee	𡦻
okbcrf	𡦼
okbcwh	𡦽
okxthg	𡦿
okbcye	𡧀
okbcma	𡧁
okbciu	𡧃
okbcwj	𡧄
okbccc	𡧅
okbcgs	𡧇
okbcyu	𡧈
okbcwu	𡧉
okbcwj	𡧊
okbcff	𡧋
okbcmm	𡧍
okbcgd	𡧎
okbcdd	𡧒
okbcyt	𡧓
okbcuu	𡧔
okbcwa	𡧗
okbcmc	𡧙
okbcfu	𡧛
okbcmu	𡧟
okbcvg	𡧡
okbcyz	𡧣
okbcui	𡧦
okbcqp	𡧧
okbciu	𡧨
okbcgv	𡧩
okbcww	𡧭
okbcfz	𡧰
oknkvs	𡧲
okbcxi	𡧳
okbcmz	𡧷
okvzhg	𡧹
okbcdv	𡧺
okbchz	𡧻
okxtri	𡧼
okbchl	𡧽
okbcyu	𡨀
okbcii	𡨁
okbcwu	𡨂
okbcqq	𡨃
okbcju	𡨅
okyiba	𡨋
okuzvs	𡨌
okzdcy	𡨎
okzdkz	𡨐
okmikl	𡨑
okbcli	𡨖
okbczc	𡨗
okbcmm	𡨚
okbcfg	𡨛
okzdxi	𡨝
okbcgc	𡨟
okbczo	𡨠
okbchr	𡨡
okbcju	𡨢
okbcvo	𡨤
okbcvz	𡨦
okbczu	𡨧
okbchy	𡨩
okbczs	𡨫
okbcss	𡨭
okbcfw	𡨰
okbcjx	𡨱
okbcbn	𡨲
okbcjs	𡨶
oknkzi	𡨸
okuznk	𡨹
oknkuz	𡨺
okbcru	𡨻
okbcyj	𡨼
okbcug	𡨽
okbctr	𡩀
okbcqb	𡩁
okbchg	𡩃
okbcmm	𡩄
okuuta	𡩆
okbclz	𡩊
okbcjm	𡩌
okmimu	𡩎
okbcmw	𡩏
okbckj	𡩒
okbcyu	𡩗
okbcyb	𡩘
okbcsv	𡩙
okanbd	𡩛
okbcso	𡩡
okbctn	𡩢
okbcjp	𡩣
okbcjp	𡩤
okbcwg	𡩥
okbcjy	𡩫
okzsmc	𡩰
okbcyc	𡩴
okyiyh	𡩶
okbcyj	𡩷
okbcyc	𡩹
okbcwu	𡩺
okbcqu	𡩾
oknkve	𡪄
oknkxq	𡪇
okbcji	𡪈
okbcln	𡪉
okbcmg	𡪎
okxrdj	𡪏
okzdmu	𡪔
okmixt	𡪖
okanmk	𡪙
okbcuf	𡪜
okbczg	𡪠
okbckr	𡪡
okbcqn	𡪣
okbchx	𡪤
okbcve	𡪦
okbcyc	𡪩
okbcgj	𡪯
okbcbn	𡪱
okbcgv	𡪲
oksulq	𡪴
okanli	𡪸
okbcdg	𡪺
okyjgu	𡪻
okbcyu	𡪾
okbcao	𡪿
okbcjn	𡫀
okbcse	𡫆
okbcmu	𡫌
okbclm	𡫐
okbcdm	𡫓
okbcie	𡫠
oklcwf	𡫡
okbcou	𡫢
okbcfu	𡫣
okkeke	𡫥
okwjru	𡫦
okmijm	𡫨
oklbyb	𡫫
okbcli	𡫯
okhdke	𡫲
okhdxm	𡫴
okhjns	𡫶
oknkji	𡫸
okfuze	𡬂
okbcdm	𡬅
okbcmg	𡬆
okisxx	𡬈
okdyse	𡬉
oknkyi	𡬗
okcyuu	𡬝
okhecy	𡬟
okgfcy	𡬠
okjucy	𡬡
okmccy	𡬢
okxscy	𡬣
okufcy	𡬤
okxtcy	𡬪
okvzcy	𡬫
okgrcy	𡬮
okvzii	𡬰
okjkcy	𡬱
okzecy	𡬷
okghcy	𡬺
okghcy	𡬼
okpncy	𡬽
okqucy	𡬿
okuude	𡭂
okbkru	𡭃
okyccy	𡭄
okvrnw	𡭇
okbjue	𡭉
okuuba	𡭔
okhgxn	𡭕
oklnba	𡭖
okruxn	𡭗
okndxn	𡭘
oksjxn	𡭚
okxncc	𡭛
okmfxn	𡭜
okucxn	𡭝
okxnho	𡭞
okucda	𡭟
okthbi	𡭠
okxnmu	𡭢
okxnuc	𡭣
okxnwh	𡭤
okwuuc	𡭥
okxnbf	𡭦
okiuxn	𡭧
okmuxn	𡭨
okxnbi	𡭬
okxnli	𡭭
okxnyz	𡭮
okvcxn	𡭰
okiuuc	𡭱
okuciu	𡭲
okmaxn	𡭳
okthjx	𡭵
okxnui	𡭷
okucts	𡭸
okhduc	𡭹
okucer	𡭺
okjmty	𡭻
okxnru	𡭾
okuhvi	𡭿
okucjs	𡮀
okxnwj	𡮄
okerxn	𡮅
okxnmf	𡮆
okzuxn	𡮇
okruxn	𡮈
okmfxn	𡮉
okxnmw	𡮋
okxnbi	𡮌
okxnvo	𡮍
okkhjk	𡮎
okucru	𡮑
okgkuc	𡮓
okmwxn	𡮔
okthir	𡮕
okmzuc	𡮘
okngxn	𡮙
okxnnp	𡮛
okxnxn	𡮜
okhduc	𡮞
okermw	𡮠
okxnbi	𡮣
okbixn	𡮤
okxnbi	𡮥
okccuc	𡮦
okmdxn	𡮨
okbiuc	𡮩
okxnqi	𡮪
okrjxn	𡮫
okxnmf	𡮬
okxyxn	𡮭
okxnmf	𡮮
okuczc	𡮯
okxnui	𡮲
okmduc	𡮳
okuhvs	𡮵
okvsuh	𡮶
okxnxm	𡮷
okxyjm	𡮸
okucmg	𡮹
okxmxn	𡮺
okjmuc	𡮻
okjmdy	𡮽
okuive	𡯁
okbaji	𡯂
okuibi	𡯃
okyzli	𡯄
okwuyz	𡯅
okyzsi	𡯆
okyzdc	𡯇
okyzrf	𡯈
okyzyz	𡯉
okhgyz	𡯊
okyzgj	𡯋
okyzxi	𡯌
okyzuj	𡯎
okyzdz	𡯏
okyzmu	𡯐
okwujp	𡯓
okyzff	𡯕
okyzwu	𡯖
okyzfj	𡯘
okyzri	𡯙
okyzxt	𡯜
okwuui	𡯝
okyzbk	𡯞
okyzri	𡯟
okyzbc	𡯡
okyzue	𡯢
okyzgf	𡯣
okyzis	𡯥
okyzdo	𡯦
okyzzo	𡯨
okyzxn	𡯩
okyzgs	𡯯
okyzjp	𡯰
okyzpz	𡯳
okyzvo	𡯴
okyzww	𡯵
okyzye	𡯺
okyzui	𡯻
okyjyz	𡯼
okyzxm	𡯽
okyzqq	𡯾
okyzfu	𡯿
okwuvs	𡰁
okyzyc	𡰃
okyzxi	𡰄
okwugu	𡰅
okyznp	𡰆
oknpwu	𡰈
okyzcv	𡰋
okyzlz	𡰌
oklzyz	𡰍
okyznn	𡰎
okxuyz	𡰐
okyzqn	𡰑
okyzts	𡰒
oklzyz	𡰓
okqnyz	𡰘
okdmyz	𡰙
oklbyz	𡰚
okyzlw	𡰠
okklpp	𡰣
okbaui	𡰤
okuier	𡰥
okuirf	𡰦
okybve	𡰧
okuidk	𡰨
okuixt	𡰩
okuikz	𡰪
okuiia	𡰫
okuigs	𡰬
okklui	𡰮
okuijb	𡰯
okiier	𡰰
okuigs	𡰱
okuiui	𡰲
okuixi	𡰳
okuipu	𡰵
okuiri	𡰶
okuidz	𡰷
okuivi	𡰸
okuiks	𡰼
okuiyz	𡰽
okuizi	𡰾
okuiui	𡱁
okuiqu	𡱅
okuibk	𡱆
okuivj	𡱇
okuiju	𡱈
okybyb	𡱉
okyzui	𡱋
okuigf	𡱌
okuihd	𡱍
okuirz	𡱎
okuisi	𡱏
okuiyi	𡱐
okuigs	𡱒
okuivu	𡱖
okuigl	𡱘
okuiuz	𡱙
okiiui	𡱛
okuivc	𡱜
okuiyh	𡱝
okuini	𡱞
okjiui	𡱠
okuier	𡱡
okuiyi	𡱢
okuiqy	𡱥
oktoui	𡱩
okuiwo	𡱫
okwwzi	𡱬
okwwgj	𡱭
okuins	𡱯
okuiui	𡱰
okuiua	𡱳
okwwxn	𡱵
okuilv	𡱶
okghii	𡱸
okuiya	𡱻
okuigo	𡱼
okuihu	𡱽
okuiqu	𡱾
okuiyi	𡱿
okuiks	𡲀
okuivi	𡲅
okwwwf	𡲈
okwwri	𡲉
okwwyt	𡲊
okuibw	𡲎
okuiru	𡲐
okuiqq	𡲚
okuiqo	𡲢
okuijl	𡲣
okwwqp	𡲤
okwwug	𡲥
okwwww	𡲧
okwwqu	𡲨
okwwyy	𡲪
okwwbu	𡲫
okwwyi	𡲭
okuixu	𡲰
okuiro	𡲳
okwwmi	𡲸
okuiji	𡲺
okwwhd	𡲼
okwwww	𡳀
okuitd	𡳁
okuiqi	𡳂
okwwhv	𡳃
okuiji	𡳅
okwwns	𡳊
okwwlv	𡳎
okwwhx	𡳒
okwwzs	𡳓
okwwcj	𡳔
okwwfw	𡳕
okwwhx	𡳖
okjuho	𡳚
okuiji	𡳛
okwwji	𡳜
okwwzu	𡳝
okuilb	𡳞
okuivi	𡳠
okiidz	𡳢
okdzui	𡳣
okiidz	𡳤
okuisv	𡳥
okyzpk	𡳧
okwwuu	𡳩
okwwdv	𡳪
okuimo	𡳫
okuilu	𡳬
okuiji	𡳮
okuiqn	𡳯
oklvgu	𡳰
okwwwj	𡳱
okwwhv	𡳳
okuifu	𡳷
okwwpo	𡳺
okduwu	𡳽
okklve	𡳾
okccer	𡴀
okccyc	𡴁
okyucc	𡴃
okccjb	𡴅
okcclq	𡴆
okccfg	𡴇
oktyfj	𡴉
okccmu	𡴋
okccdv	𡴎
okcczc	𡴐
okccmw	𡴕
okcclv	𡴗
okycni	𡴘
oktybk	𡴢
oktyvg	𡴣
okccli	𡴥
okcchw	𡴦
okujyi	𡴭
okujve	𡴮
okujyi	𡴯
okujee	𡴱
okdcuj	𡴲
okkluj	𡴳
okjquj	𡴴
okujdk	𡴵
okiauj	𡴷
okeruj	𡴸
okujer	𡴹
okeruj	𡴺
okdcuj	𡴻
okujee	𡴼
okujli	𡴽
okujyi	𡴾
okujwj	𡴿
okujwh	𡵀
okujgj	𡵃
okujir	𡵅
okujsi	𡵆
okujzi	𡵇
okujyz	𡵈
okujwu	𡵉
okujia	𡵌
okwhuj	𡵍
okwjuj	𡵎
okujyc	𡵏
okrfuj	𡵑
oksiuj	𡵒
okujgs	𡵓
okujyz	𡵔
okdjuj	𡵕
okujho	𡵖
okujhu	𡵘
okujmc	𡵙
okujjp	𡵚
okujfu	𡵛
okujnq	𡵜
okujcs	𡵝
okujfg	𡵞
okujba	𡵟
okwfuj	𡵡
okujyz	𡵢
oknquj	𡵣
okujya	𡵥
okujgs	𡵦
okujyr	𡵧
okujpu	𡵨
okviuj	𡵩
okujpm	𡵫
okujmu	𡵬
oktyuj	𡵭
okujuc	𡵯
okujuv	𡵰
okujjb	𡵱
okujwf	𡵲
okujff	𡵳
okujgs	𡵴
okwuuj	𡵶
okujii	𡵸
okujgz	𡵺
okujkh	𡵻
okujho	𡵼
okksuj	𡵾
okujhr	𡵿
okujnw	𡶀
okujty	𡶁
okujbc	𡶄
okujpo	𡶅
okujpo	𡶆
okbiuj	𡶇
okujui	𡶈
okujfj	𡶉
okujui	𡶌
okujww	𡶎
okujiu	𡶏
okujjx	𡶐
okujgj	𡶑
okujfu	𡶒
okkluj	𡶓
okujwu	𡶔
okpiuj	𡶕
okujba	𡶖
okujmb	𡶗
okmbuj	𡶘
okujwu	𡶙
okujtm	𡶚
okujka	𡶛
okujii	𡶜
okujjs	𡶝
okujds	𡶞
okujwj	𡶟
okujbj	𡶡
okujxs	𡶢
okujys	𡶤
okujjx	𡶥
okujqq	𡶦
okujli	𡶧
oksiuj	𡶩
okuiuj	𡶪
okujdv	𡶫
okwhuj	𡶬
okujxk	𡶭
okujxb	𡶯
okujlc	𡶰
okujij	𡶴
okujgs	𡶵
okujjl	𡶶
okujir	𡶷
okkziu	𡶸
okujzi	𡶻
okujxi	𡶼
okujig	𡶽
okujbd	𡶾
okgluj	𡷀
okujmk	𡷂
okujgv	𡷅
okgfuj	𡷆
oknnuj	𡷊
okujjl	𡷍
okujyu	𡷎
okujyu	𡷏
okujgf	𡷐
okujci	𡷑
okujdo	𡷔
okujww	𡷕
okujie	𡷖
okujwj	𡷗
okujbp	𡷘
okujna	𡷙
okujhj	𡷛
okujji	𡷞
okujns	𡷟
okujtz	𡷠
okujyr	𡷡
okujwh	𡷢
okujyu	𡷣
okujwu	𡷤
okgcuj	𡷥
okjiuj	𡷦
okujyb	𡷧
okujjk	𡷨
okujig	𡷫
okujmm	𡷭
okujwu	𡷯
okujif	𡷰
okujww	𡷱
okujkg	𡷲
okujcf	𡷴
okujdd	𡷵
okujnn	𡷷
okujxn	𡷸
okujjm	𡷹
okujuu	𡷽
okujyz	𡷾
okujzu	𡷿
okujjs	𡸀
okivuj	𡸁
okujyu	𡸂
okujqm	𡸃
okujzo	𡸄
okujtn	𡸇
okujli	𡸉
okujmm	𡸊
okujvu	𡸌
okujji	𡸎
okujww	𡸏
okujyi	𡸑
okujli	𡸒
okujqs	𡸕
okujgo	𡸖
okujva	𡸗
okujqu	𡸘
okujvi	𡸜
okujfu	𡸠
okujer	𡸢
okujer	𡸣
okujql	𡸤
okujwj	𡸥
okujqu	𡸨
okujjr	𡸩
okujui	𡸪
okujbk	𡸫
okujlu	𡸮
okujcd	𡸯
okujfh	𡸰
okujva	𡸲
okujvg	𡸵
okujzs	𡸶
okujqi	𡸷
okujyu	𡸹
okujqk	𡸺
okujky	𡸼
okujvi	𡸽
okujmm	𡸾
okgkuj	𡹁
okujlk	𡹃
okujya	𡹄
okyauj	𡹅
okujlb	𡹇
okujjp	𡹈
okujqi	𡹉
okujmb	𡹋
okujmk	𡹌
okccgu	𡹍
okujvv	𡹐
okujnm	𡹓
okujpg	𡹔
okujqs	𡹗
okujvz	𡹙
oklbuj	𡹚
okujyj	𡹛
okujww	𡹜
okujks	𡹝
okujjk	𡹞
okujvf	𡹟
okujyi	𡹠
okujjk	𡹡
okujjb	𡹢
okujaa	𡹣
okujdk	𡹦
okujuu	𡹧
okujji	𡹪
okujgo	𡹬
okujui	𡹭
okujmc	𡹰
okujxu	𡹲
okujwg	𡹳
okujhz	𡹵
okujjl	𡹷
okhuuj	𡹹
okujxt	𡹺
okujke	𡺀
okujxx	𡺁
okujbm	𡺂
okujjl	𡺃
okujvj	𡺄
okujjm	𡺅
okujyb	𡺈
okujli	𡺉
okujye	𡺋
okujhr	𡺌
okujvs	𡺍
okujve	𡺐
okujye	𡺑
okujjp	𡺓
okuiuj	𡺔
okujyz	𡺖
okujkj	𡺗
okujqq	𡺘
okujqr	𡺙
okujqq	𡺚
okujyb	𡺞
okujxr	𡺟
okujjy	𡺠
okujyk	𡺡
okujze	𡺢
okujtk	𡺣
okujfg	𡺤
okujyu	𡺥
okujww	𡺨
okujgo	𡺩
okujyc	𡺫
okujyi	𡺬
okujgs	𡺭
okujyc	𡺯
okujwu	𡺱
okujjy	𡺲
okujid	𡺵
okujxx	𡺷
okujqi	𡺸
okujqr	𡺹
okujgs	𡺺
okujnp	𡺼
okujjb	𡺽
okujsy	𡺾
okujlk	𡺿
okujsz	𡻁
okujpo	𡻂
okujgs	𡻃
okujui	𡻄
okujdc	𡻅
okujqb	𡻈
okujgz	𡻉
okujhe	𡻊
okujgu	𡻋
okcvnd	𡻎
okujwg	𡻐
okujvs	𡻑
okwuuj	𡻒
okujbw	𡻓
okujlh	𡻔
okujyr	𡻖
okujvf	𡻗
okujgd	𡻘
okujgo	𡻙
okujkh	𡻚
okujvi	𡻜
okujic	𡻝
okujbi	𡻞
okujmo	𡻟
okujuu	𡻠
okujyi	𡻣
okmauj	𡻤
okujma	𡻥
okiiuj	𡻧
okujmj	𡻩
okujzu	𡻬
okujlw	𡻭
okujhu	𡻮
okujul	𡻯
okujji	𡻰
okujlw	𡻱
okujgo	𡻳
okujlk	𡻴
okujqi	𡻷
okujji	𡻸
okujdd	𡻺
okujli	𡼁
okujlu	𡼂
okujpo	𡼃
okujvi	𡼄
okujln	𡼅
okujiu	𡼆
okujvi	𡼈
okdsuj	𡼉
okujth	𡼍
okujxi	𡼎
okujjm	𡼏
okujdm	𡼓
okujxl	𡼔
okujjy	𡼕
okdyuj	𡼖
okujjx	𡼛
okujbf	𡼝
okujdz	𡼞
okujji	𡼠
okujhw	𡼡
okujxy	𡼢
okujsu	𡼣
okujdj	𡼤
okujxm	𡼥
okujxi	𡼧
okujjk	𡼩
okujda	𡼪
okujti	𡼫
okujtj	𡼬
okujjk	𡼮
okdjuj	𡼯
okujww	𡼱
okujqb	𡼲
okujzg	𡼳
okujlb	𡼵
okujbi	𡼸
okujlg	𡼹
okujic	𡼼
okujyb	𡼽
okujhv	𡼾
okujku	𡼿
okujgu	𡽂
okujjn	𡽄
okujyy	𡽅
okujwj	𡽇
okujqi	𡽉
okujdh	𡽊
okujlu	𡽋
okguuj	𡽌
okujqm	𡽎
okdrmm	𡽏
okujmm	𡽑
okujjp	𡽖
okujqm	𡽗
okujlu	𡽘
okujxp	𡽙
okujdv	𡽛
okujhc	𡽝
okujln	𡽟
okujvd	𡽢
okujyj	𡽣
okujln	𡽦
okujju	𡽨
okujtd	𡽩
okujnf	𡽫
okyuuj	𡽬
okujvg	𡽮
okujvs	𡽯
okujww	𡽰
okujjp	𡽱
okujbh	𡽲
okujjm	𡽳
okujzh	𡽴
okujdv	𡽵
okujbi	𡽶
okujlk	𡽹
okyuuj	𡽺
okujjm	𡽻
okujjm	𡽾
okujuu	𡾄
okujlv	𡾅
okujee	𡾆
okujgl	𡾇
okujqs	𡾈
okujmo	𡾉
okujlw	𡾏
okujii	𡾐
okujle	𡾒
okujee	𡾙
okujho	𡾜
okujyi	𡾞
okujxm	𡾢
okujtz	𡾣
okcvmf	𡾧
oklsuj	𡾩
okujdu	𡾬
okujxm	𡾮
okujyb	𡾯
okujjm	𡾰
okujmi	𡾱
okujxt	𡾲
okujzs	𡾳
okujlm	𡾴
okwwww	𡾵
okujyk	𡾶
okujyk	𡾸
okujzh	𡾻
okujul	𡾼
okujfg	𡾿
okwwuj	𡿁
okujee	𡿃
okujch	𡿄
okujlo	𡿇
oknjuj	𡿊
okujzj	𡿍
okujli	𡿎
okujlo	𡿏
okujmi	𡿐
okujjn	𡿑
okujnp	𡿒
okujdh	𡿓
okujlw	𡿔
okujji	𡿙
okujlw	𡿜
okujnh	𡿝
okujwj	𡿞
okujlb	𡿠
okujlk	𡿡
okkvmm	𡿢
okujij	𡿣
okirhg	𡿧
okppdm	𡿨
okirxi	𡿪
okwhir	𡿫
okirir	𡿭
okriir	𡿯
okxtir	𡿰
okirys	𡿲
okirgu	𡿵
okirbf	𡿶
okirlv	𡿷
okirxb	𡿺
okirvv	𡿾
okhoir	𡿿
okicic	𢀌
okgsve	𢀒
okgsve	𢀓
okgsve	𢀔
okgsve	𢀕
okgsjq	𢀙
okgskz	𢀛
okgsji	𢀜
okuzzo	𢀠
okzozo	𢀡
okgsjm	𢀢
okgsdr	𢀤
okjubh	𢀥
okjuso	𢀦
okjuly	𢀧
okjulh	𢀨
okjkpk	𢀫
okjulh	𢀬
okjuic	𢀭
okjusu	𢀱
okjuld	𢀲
okxtve	𢀳
okjiji	𢀵
okgsji	𢀶
okigsi	𢀷
okddsi	𢀸
okdvsi	𢀹
okgrji	𢀻
okgsba	𢀼
okigsi	𢀾
okigba	𢀿
okgsbc	𢁀
okqisi	𢁂
okdiji	𢁆
okigba	𢁇
okuisi	𢁈
okbaui	𢁊
okbalk	𢁋
okbaww	𢁍
okbald	𢁑
okjbji	𢁒
oksijb	𢁔
okjbuc	𢁕
okjbda	𢁖
okjbgj	𢁗
okjbuj	𢁘
okwfjb	𢁙
okjbsj	𢁚
okuibi	𢁛
okjbcy	𢁜
okjbjb	𢁝
okxijb	𢁟
okjbgs	𢁠
okjbkv	𢁢
okjbwh	𢁣
okffjb	𢁥
okjbbi	𢁦
okjbqm	𢁧
okybjb	𢁨
okjbnw	𢁩
okjbgk	𢁪
okycjb	𢁫
okjbvx	𢁬
okjbjb	𢁮
okjbri	𢁯
okjbyc	𢁱
okjbyy	𢁲
okddjb	𢁳
okjbpu	𢁵
okjbgs	𢁷
okjbfh	𢁸
okjbbu	𢁻
okjbnk	𢁼
okjbbi	𢁽
okjbvc	𢁾
okjbvg	𢁿
okjbfu	𢂀
okjbju	𢂁
oklkjb	𢂂
okjbva	𢂃
okjbxr	𢂄
okjbfu	𢂆
okjbqp	𢂈
okjbyz	𢂊
okwfdn	𢂋
okjbdd	𢂌
okjbzi	𢂍
okjbyz	𢂎
okfufu	𢂏
okjbui	𢂑
okjbyi	𢂒
okjbts	𢂓
okjbgs	𢂔
okjbww	𢂕
okybjb	𢂗
okjbqr	𢂘
oklqjb	𢂙
okybbu	𢂜
okjbye	𢂝
okycbu	𢂞
okhljb	𢂠
okjbgf	𢂡
okjblc	𢂢
okjbcy	𢂣
okfuba	𢂤
okjblp	𢂥
okjbrf	𢂧
oknubi	𢂬
okjbvg	𢂰
okjbyr	𢂱
okjbgu	𢂲
okjbmw	𢂳
okjbvi	𢂴
okjbjp	𢂵
okjbjs	𢂶
okfuhe	𢂷
okjbrf	𢂻
okvejb	𢂼
okjbjy	𢂽
okjbmh	𢂾
okjbjx	𢂿
okjbwu	𢃀
okvujb	𢃃
okjbil	𢃅
okjyjb	𢃆
okjbli	𢃇
okjbns	𢃈
okjbbp	𢃉
okbusi	𢃊
okcibu	𢃌
okjbbw	𢃍
okjbho	𢃎
okjbzs	𢃏
okjbks	𢃐
okjbih	𢃑
okjbzu	𢃒
okjbss	𢃓
okjbyj	𢃔
okjbda	𢃕
okjbvz	𢃖
okjbhj	𢃗
okjbgr	𢃙
okjbky	𢃚
okqijb	𢃛
okjbvi	𢃜
okuujb	𢃝
okjbvz	𢃞
okjbxi	𢃟
okjbtu	𢃠
okjbyi	𢃡
okjbqk	𢃢
okjbqu	𢃣
okhojb	𢃤
okjbgo	𢃦
okjbjr	𢃩
okssjb	𢃪
okqmjb	𢃬
okjbmm	𢃮
okjbgv	𢃯
okjbui	𢃰
okjbmz	𢃱
okjbge	𢃲
okvzba	𢃳
okcijb	𢃴
okjbdu	𢃶
okjbqq	𢃸
okboji	𢃺
okjbmw	𢃼
okjbyc	𢃽
okjbjm	𢃿
okvuui	𢄂
okjbpd	𢄃
okbogz	𢄇
okjbyb	𢄈
okjbgv	𢄊
okjbua	𢄌
okjbhe	𢄍
okjbph	𢄎
okjbuj	𢄒
okjbwu	𢄓
okrfdd	𢄔
okbojs	𢄗
okvujb	𢄘
okjbyr	𢄙
okbobc	𢄝
okmijb	𢄞
okjbts	𢄟
okjbqu	𢄠
okjbhv	𢄣
okvjjb	𢄤
okjbnn	𢄦
okzujb	𢄧
okjbyb	𢄨
okjbdd	𢄩
okdiju	𢄫
okjbxi	𢄭
okjbmb	𢄯
okjblm	𢄱
okxrjb	𢄲
okjbue	𢄳
okjbxl	𢄵
okjbhx	𢄶
okjbln	𢄷
okjbzv	𢄸
okjbqn	𢄹
okjbjn	𢄺
okjbsj	𢄻
okxujb	𢄼
okjber	𢄽
okjbtj	𢅀
okfubo	𢅁
okbabu	𢅄
okjbjt	𢅅
okjbmg	𢅆
okwujb	𢅊
okjbzg	𢅋
okwwjb	𢅌
okjbjn	𢅎
okjblm	𢅏
okjbqm	𢅐
okjbua	𢅑
okjbdj	𢅒
okjbvu	𢅔
okjbsv	𢅕
okjblm	𢅖
okjbgo	𢅗
okjbpn	𢅚
okdils	𢅛
okvzvz	𢅜
okdmjb	𢅝
okbolu	𢅞
okjbyi	𢅟
okyjjb	𢅠
okjbjm	𢅡
okjbtd	𢅣
okvzui	𢅦
okjbmm	𢅧
okuivz	𢅨
okjbhv	𢅫
okbovf	𢅬
okjbld	𢅭
okjbff	𢅯
okjbmg	𢅴
oklmjb	𢅸
okjbly	𢅹
okuuxi	𢅺
okjbul	𢅻
okjblo	𢅾
okuumu	𢆅
okbagj	𢆉
okpkdk	𢆊
okyygj	𢆋
okqmri	𢆍
okuhkd	𢆒
okbupk	𢆓
okpkfj	𢆕
okwugj	𢆖
okbkiz	𢆗
oknmqm	𢆘
okkduu	𢆚
okkdbk	𢆛
okhegj	𢆜
okuigj	𢆝
okyzbk	𢆟
okldpk	𢆠
okrunm	𢆡
okbkye	𢆣
okjrnm	𢆤
oknjnm	𢆥
okxkmw	𢆧
okvixk	𢆨
okxkmd	𢆪
oknmsv	𢆫
okpkch	𢆮
okycuu	𢆯
okhgyc	𢆰
okveyc	𢆱
okycli	𢆲
okycln	𢆳
okycln	𢆴
okycdn	𢆵
okycyc	𢆶
okycuc	𢆷
okycyy	𢆹
okxbyc	𢆿
okycua	𢇄
okxiyc	𢇌
okycxl	𢇐
okjiqi	𢇓
okyzjk	𢇔
okyzyz	𢇕
okglxx	𢇗
okglnv	𢇘
okglyi	𢇙
okglye	𢇚
okglgj	𢇛
okglwh	𢇜
okglyc	𢇝
okglkz	𢇞
okglwu	𢇟
okglkv	𢇡
okgluj	𢇢
okglqm	𢇣
okgluv	𢇤
okglrf	𢇦
okglyb	𢇧
okglkd	𢇩
okglfj	𢇪
okglfj	𢇫
okglyz	𢇬
okglpu	𢇮
okgljb	𢇯
okglyy	𢇰
okglxi	𢇱
okglhe	𢇲
okglpi	𢇳
okglbu	𢇴
okgltm	𢇶
okglba	𢇷
okglui	𢇸
okglqq	𢇹
okgljs	𢇺
okglui	𢇻
okglgj	𢇾
okgliu	𢇿
okglye	𢈀
okglhe	𢈁
okglkz	𢈂
okglgx	𢈅
okglvc	𢈆
okglxm	𢈇
okglhe	𢈈
okglts	𢈉
okglfz	𢈊
okglww	𢈌
okglmi	𢈍
okglgs	𢈎
okglai	𢈒
okglyz	𢈓
okglpd	𢈕
okglzd	𢈖
okgljx	𢈙
okgllv	𢈚
okglky	𢈛
okglvl	𢈜
okglqq	𢈝
okglyi	𢈟
okgluu	𢈠
okglqy	𢈡
okglir	𢈢
okglcs	𢈣
okgljm	𢈥
okglfg	𢈦
okglbu	𢈨
okglzz	𢈩
okglwu	𢈪
okglif	𢈫
okglxn	𢈭
okgluf	𢈯
okggui	𢈰
okglli	𢈱
okgljk	𢈴
okglks	𢈵
okglhu	𢈶
okglbi	𢈷
okglnm	𢈸
okglfu	𢈹
okgljp	𢈻
okglzu	𢈼
okglqu	𢈾
okglho	𢈿
okglyu	𢉀
okglpg	𢉁
okglgr	𢉂
okglue	𢉃
okgljb	𢉅
okgljm	𢉆
okgluu	𢉌
okglqk	𢉑
okgluh	𢉒
okgltu	𢉕
okglji	𢉗
okglyj	𢉘
okglru	𢉚
okglve	𢉜
okglww	𢉝
okglbm	𢉞
okglhf	𢉟
okglyu	𢉠
okglsi	𢉡
okglhu	𢉢
okglbc	𢉣
okgljx	𢉤
okglhe	𢉥
okgljy	𢉦
okglmu	𢉧
okglci	𢉨
okglyb	𢉩
okglid	𢉪
okglsv	𢉭
okgluf	𢉮
okglro	𢉳
okglui	𢉴
okfutm	𢉶
okglqq	𢉷
okglhv	𢉸
okglku	𢉽
okglyz	𢉾
okglma	𢉿
okglsi	𢊀
okglvi	𢊄
okglvv	𢊅
okglji	𢊌
okglqp	𢊏
okgluf	𢊖
okglmo	𢊗
okglxi	𢊚
okglcv	𢊛
okglvh	𢊜
okmayu	𢊢
okglpn	𢊣
okglih	𢊥
okglyu	𢊦
okglyu	𢊧
okggmi	𢊪
okglpw	𢊫
okglgv	𢊮
okglww	𢊯
okglsj	𢊰
okglbf	𢊱
okglsf	𢊲
okmayt	𢊶
okglxu	𢊼
okglyj	𢊽
okfubw	𢊾
okgluu	𢋂
okgldj	𢋃
okgljy	𢋄
okglxb	𢋆
okglsu	𢋈
okglys	𢋊
okglww	𢋋
okgljb	𢋎
okglji	𢋐
okglwu	𢋑
okglho	𢋒
okglww	𢋘
okmais	𢋙
okglbi	𢋛
okgllk	𢋞
okluhe	𢋟
okdidi	𢋠
okgllu	𢋡
okglyz	𢋣
okgllw	𢋧
okglmo	𢋨
okuuzu	𢋳
okdddi	𢋴
oklujy	𢋵
okglld	𢋷
okgllm	𢋻
okmajq	𢌁
okgllm	𢌃
okglqu	𢌄
okglli	𢌈
okglns	𢌊
oknsgl	𢌌
okmimu	𢌑
okgllk	𢌔
okviui	𢌗
okviuj	𢌘
okviqm	𢌙
okviuj	𢌚
okvivg	𢌛
okviuz	𢌜
okvivf	𢌝
okviyu	𢌟
okvifu	𢌠
okvifg	𢌢
okvizo	𢌣
okviig	𢌥
okviui	𢌪
okerhg	𢌬
okccdm	𢌭
okwfcc	𢌮
okrfcc	𢌯
okyucc	𢌱
okujcc	𢌲
okgecc	𢌵
okmucc	𢌶
oknwcc	𢌷
oklqcc	𢌸
okigcc	𢌼
oksasa	𢌽
oktmcc	𢌿
okkzcc	𢍀
okyzcc	𢍁
okzicc	𢍂
okychv	𢍃
okxbcc	𢍄
okfucc	𢍅
oksicc	𢍈
okjrcc	𢍊
okcscc	𢍍
okgccc	𢍎
okbmcc	𢍏
okqicc	𢍐
okbocc	𢍑
okjrcc	𢍕
okqqcc	𢍜
oktrcc	𢍝
okqxcc	𢍡
oksucc	𢍣
okuocc	𢍥
okqidm	𢍺
okyive	𢍻
okhgyi	𢍼
okyzyi	𢍽
okpjyi	𢍿
okyiyt	𢎀
okyiri	𢎃
okkeyi	𢎄
okyiju	𢎅
okyivi	𢎆
okyivu	𢎉
okxkyi	𢎋
okgjdd	𢎌
okiuui	𢎍
okzgyi	𢎒
okuayi	𢎓
okwuhe	𢎔
okiiyi	𢎕
okquyi	𢎖
okklve	𢎗
okveve	𢎘
okgsdm	𢎚
okgsdm	𢎛
okklve	𢎜
okxtve	𢎝
okgsve	𢎞
okgsuu	𢎟
okgsuu	𢎠
okgsna	𢎡
okgsrf	𢎢
okgsyz	𢎤
okgser	𢎥
okrfgs	𢎦
okgsjq	𢎩
okgsji	𢎪
okgswj	𢎫
okgsjb	𢎭
okgsyu	𢎰
okgstu	𢎳
okgsda	𢎴
okfuuu	𢎵
okgsfh	𢎷
okgshu	𢎸
okgsgk	𢎹
okgsyu	𢎻
okgsvi	𢎼
okgsji	𢎽
okgstm	𢎾
okgswf	𢎿
okgsjb	𢏂
okgsyb	𢏄
okgsho	𢏅
okgsgu	𢏆
okfugs	𢏇
okgskz	𢏈
okgspk	𢏊
okgsta	𢏋
okgswu	𢏌
okgssi	𢏎
okgsbj	𢏑
okxygs	𢏔
okgsts	𢏕
okyugs	𢏖
okkdgs	𢏗
okgsyh	𢏙
okgssi	𢏛
okgsdo	𢏜
okgsig	𢏞
okgsjl	𢏠
okgsxm	𢏡
okqugs	𢏢
okgsqu	𢏣
okgsqy	𢏤
okgshj	𢏥
okgsyi	𢏦
okgsjn	𢏧
okvegs	𢏨
okfugs	𢏪
okgszo	𢏬
okgslq	𢏭
okgshu	𢏯
okgsvg	𢏰
okgser	𢏱
okgsbk	𢏳
okgsiv	𢏴
okgsjp	𢏵
okgsvi	𢏶
okgsqu	𢏷
okgsdk	𢏹
okgswj	𢏿
okgsui	𢐂
okgsbm	𢐃
okgstr	𢐄
okgsph	𢐊
okgssi	𢐋
okgsjm	𢐎
okgsbg	𢐒
okvhgs	𢐓
okgscs	𢐔
okgspn	𢐕
okgsyu	𢐗
okgsgo	𢐚
okgszg	𢐞
okgsqn	𢐟
okgsfj	𢐠
okgsxl	𢐣
okpigs	𢐦
okjkgs	𢐧
okmiis	𢐩
okgsns	𢐪
okvzjb	𢐫
okgsxu	𢐰
okgslu	𢐸
okgsxl	𢐿
okgsmi	𢑀
okgsxn	𢑁
okycgs	𢑂
okgsyc	𢑄
okgsjq	𢑇
okgszj	𢑊
okxnxt	𢑐
okxtxt	𢑑
okxtnv	𢑒
okhufu	𢑓
okxtjx	𢑖
okxtdm	𢑜
okhugv	𢑣
okhvya	𢑹
oklubc	𢑾
oknduj	𢒀
oknduj	𢒁
okjquj	𢒂
okgsuj	𢒄
okxbuj	𢒆
okyruj	𢒇
okjkuj	𢒈
okujqp	𢒉
okysuj	𢒋
okuiuj	𢒌
okfuuj	𢒍
okujfu	𢒏
okzouj	𢒐
okfuuj	𢒒
okhouj	𢒖
okyiuj	𢒗
okqluj	𢒘
okgouj	𢒙
okluuj	𢒚
okvouj	𢒛
okjmuj	𢒞
okvfuj	𢒟
okvovf	𢒨
okujxi	𢒩
okujxy	𢒫
okujjk	𢒬
okyzyu	𢒰
oksvuj	𢒱
okyjxl	𢒶
okxupz	𢒷
okmiuj	𢒺
okrfyi	𢒼
okrfve	𢒽
okrfjq	𢒾
okrfee	𢒿
okrfyi	𢓀
okrfgs	𢓁
okrftu	𢓂
okrfwj	𢓃
okrfkd	𢓄
okrfcs	𢓅
okrfyr	𢓆
okrfnw	𢓇
okrfyy	𢓈
okrffj	𢓉
okrfvi	𢓊
okrfmc	𢓋
okrflq	𢓌
okrftm	𢓍
okrfnq	𢓐
okrfqm	𢓑
okrfrj	𢓒
okrfva	𢓓
okrfli	𢓔
okrfvj	𢓕
okrfpi	𢓖
okrfci	𢓗
okrfds	𢓘
okrfni	𢓚
okrfww	𢓛
okrfge	𢓜
okrfvc	𢓝
okrfig	𢓞
okrfvz	𢓟
okrfxm	𢓠
okrfyi	𢓡
okrfkx	𢓢
okrfci	𢓣
okrfjl	𢓤
okrfgl	𢓥
okrfdi	𢓧
okrfyb	𢓨
okrfyi	𢓪
okrfxb	𢓫
okrfxi	𢓬
okrfqy	𢓭
okrfxn	𢓮
okrfkl	𢓯
okrfto	𢓰
okrffg	𢓱
okrfwu	𢓲
okrfxq	𢓵
okrfys	𢓶
okrfui	𢓻
okrfgu	𢓾
okrflk	𢔁
okrfyj	𢔂
okrfvo	𢔄
okrfds	𢔅
okrfqi	𢔆
okrfhj	𢔈
okrfvi	𢔊
okrfss	𢔋
okrfbw	𢔌
okrfuz	𢔏
okxyqn	𢔐
okrfjr	𢔑
okrfih	𢔒
okrffg	𢔓
okrfji	𢔔
okxkui	𢔖
okrfzu	𢔙
okrfxk	𢔛
okrfiv	𢔝
okrfrz	𢔟
okrfjp	𢔡
okrfyu	𢔢
okrfvf	𢔤
okrfww	𢔥
okrfpk	𢔧
okrfve	𢔪
okxkxm	𢔬
okrfci	𢔯
okrfmw	𢔰
okrfqt	𢔱
okrfzc	𢔳
okrfgz	𢔵
okrfge	𢔸
okrfjx	𢔻
okrfvf	𢔿
okxkns	𢕁
okrfss	𢕈
okxyxi	𢕊
okxkwj	𢕋
okrflq	𢕍
okrfbi	𢕏
okrfxr	𢕐
okrflv	𢕑
okrfqu	𢕓
okrfvh	𢕔
okrfcj	𢕕
okrfji	𢕗
okrfcv	𢕘
okrfmg	𢕙
okrffg	𢕝
okrfao	𢕟
okrfii	𢕡
okrfrr	𢕢
okrfcs	𢕩
okrfqn	𢕪
okrfkr	𢕫
okrfgj	𢕭
okrftj	𢕯
okrfzy	𢕰
oktusi	𢕳
okxkxl	𢕵
okrfww	𢕷
okrflb	𢕸
okrfsv	𢕺
okrfvj	𢕻
okrfpi	𢕾
oklvir	𢖀
oktuts	𢖂
okrfjp	𢖆
okrfvd	𢖈
okxkyu	𢖍
okrfmd	𢖏
okrfti	𢖑
okrfyz	𢖒
okrflv	𢖓
okrfbc	𢖔
okhzlz	𢖕
oklzhz	𢖖
okuucs	𢖗
okrfxm	𢖘
okrfli	𢖙
okrfyc	𢖟
okrfyk	𢖠
okrfti	𢖤
okrfmi	𢖥
okrfjt	𢖦
okrfnh	𢖧
okveba	𢖩
okxbve	𢖪
okdcxb	𢖫
okxbbi	𢖬
okxbee	𢖭
okyibi	𢖮
okxbji	𢖯
oklixb	𢖰
okxbnd	𢖱
okxbto	𢖲
okxbyu	𢖳
okqixb	𢖴
okxbnv	𢖵
okgsxb	𢖶
okxbgs	𢖷
okxbgs	𢖸
okxbxn	𢖹
okxbyi	𢖺
okxbwf	𢖻
okyixb	𢖼
oktuxb	𢖽
okxnxb	𢖿
okkzxb	𢗀
okxbkv	𢗃
okxbxx	𢗄
okxbvh	𢗆
okxbxi	𢗇
okbidk	𢗈
okxbnw	𢗉
okjpxb	𢗊
okxbyy	𢗋
okxbba	𢗌
okxbuu	𢗎
okqixb	𢗏
okybxb	𢗐
okxbrs	𢗑
okxbfg	𢗒
okyuxb	𢗓
okxbmm	𢗔
okxbgz	𢗕
okxbrf	𢗖
okxbqr	𢗗
okxbwu	𢗘
okxbgd	𢗙
okxbdd	𢗚
okxbii	𢗜
okxbhu	𢗝
okxbgs	𢗞
okxbqp	𢗠
okxbwf	𢗡
okxbug	𢗢
okfgxb	𢗣
okfuxb	𢗤
okmuxb	𢗦
okqpxb	𢗧
okuvxb	𢗨
okuixb	𢗪
okbuxb	𢗫
okyaxb	𢗬
okrixb	𢗭
okxbxs	𢗮
okytxb	𢗯
okxbxb	𢗰
okyuxb	𢗱
okxbfu	𢗲
okxbmc	𢗳
okxbxi	𢗴
okxbks	𢗵
okxbuv	𢗷
okxbdz	𢗸
okjbxb	𢗹
okbiwh	𢗺
oklqxb	𢗻
okxbhu	𢗼
okxbbi	𢗽
okxbmc	𢗾
okxbmo	𢗿
okxbba	𢘀
okxbmu	𢘃
okxbqq	𢘄
okmcxb	𢘅
okdjxb	𢘇
okxbjx	𢘉
okxbuf	𢘊
okddxb	𢘋
okxbhs	𢘌
okfuxb	𢘍
okxbts	𢘐
okhgvs	𢘑
oknixb	𢘒
okmuxb	𢘓
okxbmc	𢘕
okppvs	𢘗
okxbls	𢘙
okxbii	𢘛
okxbsi	𢘜
okxber	𢘝
okerxb	𢘞
okxbke	𢘟
okbwxb	𢘠
okugxb	𢘡
okbdxb	𢘣
okbjxb	𢘤
okxbui	𢘥
okxbyy	𢘩
okvgxb	𢘫
okxbys	𢘭
okxbli	𢘮
oktaxb	𢘯
okwuxb	𢘱
okyhxb	𢘲
okhexb	𢘳
okxbyu	𢘶
okxbis	𢘷
okxbjl	𢘸
okxbua	𢘹
okxbmi	𢘺
okmixb	𢘻
okxbyi	𢘽
okxbru	𢘾
okxbci	𢙀
okwuxb	𢙁
okgsxb	𢙄
okhexb	𢙅
okxbzi	𢙆
okxbyi	𢙇
okxbci	𢙊
okhvxb	𢙍
oksyxb	𢙏
okxbns	𢙐
okxbmd	𢙑
okxbyc	𢙒
okxbhv	𢙓
okxbli	𢙔
okxbyi	𢙕
okxbwh	𢙗
okxber	𢙘
okxbse	𢙚
okxbmk	𢙛
okxbxm	𢙝
okifxb	𢙞
okyixb	𢙠
okxkxb	𢙡
okxixb	𢙣
okxbcy	𢙨
okxblw	𢙩
okxbyb	𢙫
okxbyi	𢙬
okjmxb	𢙭
okzdxb	𢙮
okbdxb	𢙯
okxbns	𢙱
okxblv	𢙲
okxbvl	𢙳
okhjxb	𢙶
okxbdi	𢙹
okxbvi	𢙺
okxbjk	𢙼
okmwxb	𢙽
okxbgg	𢙾
okxbcf	𢙿
okxbyj	𢚀
okxbji	𢚁
okxbzo	𢚂
okxblc	𢚄
okbjxb	𢚅
okxbvu	𢚆
okjsxb	𢚊
okyuxb	𢚎
okcfxb	𢚏
okuexb	𢚒
okdixb	𢚖
okxbss	𢚗
okxbyj	𢚘
okxbwh	𢚚
okxbke	𢚛
okxbyi	𢚝
okhgxb	𢚟
okssxb	𢚠
okqqxb	𢚡
okgdxb	𢚢
okboxb	𢚦
okhgxi	𢚧
okhexb	𢚨
okxbkl	𢚯
okxbgd	𢚲
okcyxb	𢚳
okxbrf	𢚴
okxbvi	𢚵
okxbto	𢚶
okxbie	𢚷
oknsxb	𢚸
okxbty	𢚺
okxbji	𢚼
okxbmm	𢚽
okxbhr	𢚾
okmfxb	𢛀
okvixb	𢛁
okvoxb	𢛂
okjqxb	𢛃
okxbgu	𢛅
okxrxb	𢛆
okvzxb	𢛇
okxbiv	𢛉
okxbww	𢛊
okxbvi	𢛍
okxbbi	𢛎
okxbqu	𢛏
okjuxb	𢛑
okxbss	𢛒
oklbxb	𢛓
okxbds	𢛔
okxlxb	𢛖
okxbqr	𢛗
okxbyc	𢛘
okxbqs	𢛙
okifxb	𢛚
okxbwh	𢛛
oknixb	𢛜
okihxb	𢛝
okxbbw	𢛞
okxbya	𢛟
okmbxb	𢛣
okuisi	𢛥
okvvxb	𢛧
okxbyu	𢛨
okmfxn	𢛩
okmixb	𢛬
okmuxb	𢛮
okxbhx	𢛯
okxbbk	𢛰
okivxb	𢛲
okxbmg	𢛴
okxbvg	𢛵
okwoxb	𢛶
okxbfh	𢛷
okxbdk	𢛸
okxbbc	𢛺
okxbuu	𢛼
okxbih	𢛽
okxbtu	𢛾
okxbug	𢛿
okxbjp	𢜀
okguxb	𢜃
oklkxb	𢜅
okfuxb	𢜆
okvaxb	𢜉
oknmxb	𢜋
okvcxb	𢜌
okmkxb	𢜏
okxbvv	𢜐
oklyxb	𢜒
okvixb	𢜔
okxbfg	𢜗
okxbbf	𢜘
okxbxb	𢜛
okxbhu	𢜜
okxbui	𢜝
okxbld	𢜞
okxbgh	𢜟
okxbmk	𢜠
okxbqp	𢜡
okxbbi	𢜢
okxbjq	𢜥
okyexb	𢜨
okxbxm	𢜩
okxbro	𢜪
okxbug	𢜫
okxbdu	𢜬
okxbqt	𢜭
okxbmz	𢜮
okmzxb	𢜯
okxbhz	𢜵
okxbrz	𢜸
okxbai	𢜺
okxbgv	𢜽
okxbjx	𢜿
okxbtu	𢝀
okxbhs	𢝁
okxbdu	𢝂
okdixb	𢝃
okxbxx	𢝄
okxxxb	𢝅
okxbvs	𢝆
okxbvs	𢝈
okxbda	𢝉
okyexb	𢝊
okxbll	𢝋
okxbmc	𢝌
okqpxb	𢝍
okxbqr	𢝓
okzexb	𢝔
okufxb	𢝖
okxbbw	𢝙
okxbxi	𢝚
okxbqi	𢝛
okxbtk	𢝜
okxbye	𢝞
okxbiy	𢝣
okbkxb	𢝦
okhfxb	𢝧
okkuxb	𢝨
okdrxb	𢝪
okvexb	𢝬
okhsxb	𢝳
okfwxb	𢝵
okxbux	𢝶
okxbjp	𢝷
okxbgo	𢝸
okxbdy	𢝺
okxbfg	𢞁
okxbpf	𢞂
okxbhs	𢞃
okxbgz	𢞄
okxbyc	𢞅
okxbyj	𢞆
okxbtd	𢞇
okdsxb	𢞉
okxbgs	𢞏
okxbhd	𢞐
okuaxb	𢞒
okxblq	𢞓
okroxb	𢞔
okxbhe	𢞕
okxbxn	𢞖
okbdnm	𢞘
okggxb	𢞚
okxbxp	𢞜
okxbmi	𢞞
okxbgc	𢞟
okxbgz	𢞡
okhvsi	𢞨
okhdxb	𢞩
okxbwu	𢞬
oklqxb	𢞭
okvrxb	𢞯
okmbsi	𢞰
okjixb	𢞱
okxbvd	𢞲
okxben	𢞴
okfwbi	𢞵
okxbtr	𢞶
okxbgs	𢞺
okxbjm	𢞻
okxbjp	𢞼
okmixb	𢞽
okyuxb	𢞿
okmaxb	𢟀
okbjxb	𢟁
okxqxb	𢟅
oklixb	𢟆
okxbks	𢟈
okxbig	𢟊
okxbvv	𢟋
okxbua	𢟌
okxbtu	𢟎
okxblp	𢟏
okxbvu	𢟐
okxbxr	𢟑
okxbng	𢟒
okxbzd	𢟓
okxbtv	𢟔
okxbna	𢟕
okxbjb	𢟖
okxbnp	𢟗
okxbvf	𢟙
okxxxb	𢟜
okxbyb	𢟝
okxbds	𢟞
okxbga	𢟟
okxbli	𢟢
okxbyh	𢟣
okxblu	𢟧
okxbmh	𢟨
okxbhv	𢟩
okjixb	𢟪
okmjxb	𢟮
okruxb	𢟲
okxblv	𢟳
okxbru	𢟹
okuexb	𢟻
okxbmg	𢟼
okmoxb	𢟽
okxbse	𢠁
okxbii	𢠂
okxbis	𢠄
okxbis	𢠅
okxbts	𢠆
okxbxu	𢠇
okxbpb	𢠈
okxbou	𢠉
okxbsj	𢠊
okxbql	𢠌
okxbky	𢠎
okxbhe	𢠏
okxbyu	𢠐
okkhxb	𢠓
okjmxb	𢠔
okldrf	𢠗
okouxb	𢠙
oktzxb	𢠚
okjnxb	𢠛
okgoxb	𢠝
okxbkz	𢠠
okxbww	𢠢
okxbif	𢠣
okxbdj	𢠤
okxbqm	𢠥
okxbmb	𢠨
okxbma	𢠩
okxbuu	𢠫
okxbji	𢠭
okxblh	𢠯
okxbcs	𢠰
okxbfu	𢠲
okxbbi	𢠳
oklbxb	𢠴
okxbih	𢠵
okmfxb	𢠶
okxbxl	𢠷
okdjxb	𢠸
okxbsi	𢠹
okxbfa	𢠺
okxbdd	𢠻
okxbmd	𢠼
okxbxl	𢠽
okxbww	𢠿
okxbhw	𢡀
okthxb	𢡂
oklihr	𢡃
okxbgu	𢡇
okxbge	𢡍
okxbyu	𢡎
okmgxb	𢡗
okmfff	𢡙
okxbti	𢡚
okmjxb	𢡛
okxbkr	𢡜
oksvxb	𢡢
okmfmb	𢡥
okxbji	𢡧
okxbdg	𢡩
okvvxb	𢡫
okqbxb	𢡮
okgoxb	𢡲
okwwxb	𢡺
okmbxb	𢡻
okxbxm	𢡿
okxbjm	𢢀
okxbij	𢢁
okxbjp	𢢂
okxbic	𢢅
okxbuj	𢢆
okxbzv	𢢇
okxbhj	𢢈
okroxb	𢢉
okxbdv	𢢊
okihxb	𢢌
okxbpu	𢢏
okbwxb	𢢑
okxbys	𢢓
okxbge	𢢖
okxbuu	𢢗
okxbxp	𢢚
okxbye	𢢜
okxbsv	𢢝
okjpxb	𢢣
okxbjk	𢢩
okiyxb	𢢫
okxbqb	𢢬
okyuxb	𢢭
okxbww	𢢯
okxbye	𢢲
okxbua	𢢴
okyrxb	𢢵
okmaxb	𢢷
okxbpn	𢢼
okxbvi	𢢾
okxbyi	𢣂
okxbsv	𢣃
okxbgo	𢣄
okxblo	𢣅
okxbss	𢣆
okxbxb	𢣇
okpuxb	𢣋
okbwxb	𢣍
okxbbb	𢣐
okyixb	𢣕
okxbme	𢣗
okwwxb	𢣘
okxber	𢣚
okisli	𢣛
okyuxn	𢣟
oklmxb	𢣣
okxbxy	𢣤
okcjxb	𢣥
okxbbi	𢣦
okxbyb	𢣩
okvhxb	𢣪
okyirv	𢣫
okerxb	𢣭
okguxb	𢣯
okybxb	𢣰
okrvuu	𢣳
okxbvd	𢣷
okxbyu	𢣸
okxbjb	𢣺
okxbca	𢣼
okxbmo	𢣾
okxblv	𢣿
okxkxb	𢤀
oklixb	𢤂
oknixb	𢤃
okxbwj	𢤆
okxbma	𢤇
okuixb	𢤊
okcoxb	𢤎
okkdhr	𢤏
oklqxb	𢤐
okvlxb	𢤖
okxbuh	𢤗
okxbvf	𢤝
okxbxm	𢤞
okxbvf	𢤟
okxbie	𢤠
okxblw	𢤡
okxbre	𢤢
okxbjm	𢤣
okisxb	𢤤
okxbyk	𢤨
okxbli	𢤩
okxbsv	𢤪
okxbju	𢤫
okxbff	𢤬
okxbls	𢤱
oklsxb	𢤲
okduxb	𢤷
okxbsv	𢤸
okjuxb	𢤹
okxbyi	𢤻
okxbjn	𢤼
okxbxk	𢤽
okxbxt	𢤾
okldxb	𢤿
okyzug	𢥀
okxbvu	𢥃
okxbjb	𢥅
okxbvj	𢥇
okxblu	𢥈
okxbdh	𢥉
okxblj	𢥊
okxbxm	𢥌
okxbyk	𢥏
okvhxi	𢥔
oklixb	𢥗
okyzjl	𢥙
okxbjt	𢥚
okxbis	𢥞
okxbul	𢥠
okxbjb	𢥢
okyrxb	𢥧
okxbnj	𢥪
okyyxb	𢥫
okxbli	𢥬
okyixx	𢥭
okizxb	𢥰
okxbyj	𢥴
okxiyi	𢥷
okxblj	𢥸
okxbba	𢥻
okxbli	𢥾
okxbgu	𢦃
okxbgj	𢦅
okxbmj	𢦈
okgrxb	𢦉
okpolm	𢦋
okhgge	𢦌
okgepp	𢦍
okjqge	𢦎
okuige	𢦏
okklge	𢦐
okyiuj	𢦑
okfgge	𢦒
okwudc	𢦓
okcdge	𢦔
okqrge	𢦖
okgewj	𢦗
okgeyc	𢦙
okgeji	𢦚
okcsge	𢦜
okgevx	𢦞
okgejb	𢦟
okgewu	𢦠
okwugj	𢦡
okgeri	𢦣
okpmge	𢦤
okgelq	𢦥
okgejx	𢦦
okmcge	𢦧
okgeys	𢦨
okwuwu	𢦩
okkege	𢦪
okxige	𢦫
okgewa	𢦭
okguge	𢦮
oktdge	𢦯
okwujb	𢦲
okgevu	𢦴
okgemc	𢦵
okxuuv	𢦹
okwuvc	𢦽
okifge	𢦿
okhjge	𢧀
okbuge	𢧁
okjyge	𢧃
okigge	𢧄
okyuge	𢧅
okgehj	𢧆
okxige	𢧉
okhori	𢧋
okgeig	𢧌
oktmge	𢧏
okdjge	𢧐
okwuhj	𢧒
okwuig	𢧓
okgeiy	𢧔
okdyge	𢧕
okdkga	𢧖
okgoge	𢧘
okysge	𢧙
oknmig	𢧚
okjmge	𢧥
okwuyc	𢧦
okuujp	𢧧
okgegv	𢧩
okthge	𢧪
okshge	𢧱
okwoxp	𢧲
okysge	𢧳
okaoge	𢧴
okqtge	𢧵
okgoge	𢧷
okgemu	𢧹
okluge	𢧽
okmoge	𢨃
okjrge	𢨄
okzgge	𢨉
okxlho	𢨊
okhoho	𢨋
okzher	𢨑
oktsge	𢨒
okuage	𢨓
okqmge	𢨔
okvjge	𢨕
okcdge	𢨝
okgcge	𢨠
okhuve	𢨤
okhghu	𢨥
okhuui	𢨦
okhuer	𢨧
okhurf	𢨨
okhubi	𢨩
okhusi	𢨪
okhutu	𢨫
okhucc	𢨬
okhunv	𢨭
okhuqm	𢨮
okhuhu	𢨯
okhufu	𢨰
okhugs	𢨱
okhufh	𢨲
okhuhu	𢨳
okhuba	𢨴
okhuwu	𢨵
okhuli	𢨶
okhuqp	𢨷
okhuvu	𢨸
okhumc	𢨺
okhuui	𢨻
okhuye	𢨼
okhuhu	𢨽
okhubk	𢨿
okhuju	𢩁
okhuyz	𢩃
okhuvi	𢩄
okhuhe	𢩅
okhugf	𢩆
okhuer	𢩇
okhuvi	𢩈
okhugs	𢩉
okhugl	𢩊
okhuji	𢩋
okhurz	𢩌
okhumi	𢩎
okhufz	𢩏
okhulk	𢩑
okhufw	𢩒
okhuxk	𢩓
okhuya	𢩔
okhuhe	𢩘
okqiqi	𢩙
okbmsi	𢩚
okhugs	𢩛
okhuzu	𢩜
okjxbm	𢩟
okfhpg	𢩣
okgumj	𢩤
okuzyi	𢩥
okveuz	𢩦
okuzyi	𢩧
okuzqn	𢩨
okuzia	𢩩
okuzln	𢩪
okuzji	𢩫
okuzdc	𢩬
okuzcy	𢩭
okuzyi	𢩮
okuzcd	𢩱
okuzuj	𢩳
okuzjt	𢩴
okuzji	𢩵
okuzto	𢩷
okwfuz	𢩸
okuzxx	𢩹
okuzme	𢩻
okuzyc	𢩼
okuzyi	𢩽
okuzwj	𢩾
okuzui	𢩿
okuzda	𢪂
okuzqp	𢪃
okuzxi	𢪆
okpjuz	𢪇
okuzyb	𢪉
okuzpu	𢪊
okuzfg	𢪋
okuzgs	𢪌
okuzhx	𢪎
okuzri	𢪏
okuzcs	𢪐
okuzji	𢪑
okuzuz	𢪒
okyuuz	𢪓
okuzhu	𢪔
okuzwf	𢪖
okuzpu	𢪗
okffuz	𢪘
okuzrs	𢪚
okuzwf	𢪛
okuzjk	𢪝
okuzvs	𢪠
okuzwu	𢪥
okuznq	𢪧
okuzrs	𢪨
okuzgd	𢪪
okuzpj	𢪫
okuzks	𢪬
okuzrf	𢪭
okuzmu	𢪮
okuztd	𢪯
okuzdd	𢪰
okuzwu	𢪱
okuzji	𢪳
okuzpi	𢪵
okuzhc	𢪶
okuzmu	𢪷
okwjuz	𢪸
okiguz	𢪻
okuzsi	𢪾
okguuz	𢪿
okquuz	𢫀
okuzjn	𢫃
okuzva	𢫄
okuzbf	𢫆
okuzgu	𢫈
okuzhh	𢫉
okuzdv	𢫊
okuztu	𢫋
okuzta	𢫌
okuzcs	𢫍
okuzwd	𢫑
okuzig	𢫒
okuznu	𢫓
okuzxr	𢫔
okuzys	𢫕
okuzuu	𢫖
okuzbd	𢫗
okuzlu	𢫘
okuzdd	𢫙
okuzqn	𢫚
okuzyu	𢫛
okuzds	𢫝
okuzug	𢫞
okuzui	𢫟
okuzhs	𢫠
okuzyy	𢫡
okuzbw	𢫣
okuzxs	𢫤
okuzxb	𢫥
okuzbd	𢫦
okuzvz	𢫧
okuzrs	𢫨
okuzxq	𢫩
okuzyu	𢫫
okuzua	𢫬
okuzrz	𢫭
okuzfu	𢫯
okiruz	𢫰
okuzxk	𢫱
okciuz	𢫴
okuzzc	𢫵
okuzwu	𢫸
okuzdq	𢫻
okuzis	𢫼
okuzkh	𢬀
okuzvl	𢬂
okuzyb	𢬃
okuzbk	𢬄
okuzjm	𢬅
okuzuz	𢬇
okuzgr	𢬈
okuzmi	𢬊
okuzyj	𢬍
okuzgf	𢬎
okuzro	𢬏
okuzxu	𢬐
okuzqu	𢬑
okuzir	𢬓
okuzxt	𢬔
okuzqi	𢬖
okuzlw	𢬗
okuzse	𢬘
okyuuz	𢬙
okuzdn	𢬚
okuzsi	𢬡
okuzdn	𢬢
okuzxi	𢬣
okuzkl	𢬤
okuzjl	𢬥
okuzli	𢬦
okuznm	𢬧
okuzru	𢬨
okuzfa	𢬩
okigdk	𢬫
okigee	𢬬
okuzxu	𢬮
okuzjp	𢬱
okuzhe	𢬲
okuztu	𢬳
okuzqi	𢬵
okuzxi	𢬾
okuzjp	𢬿
okuzxi	𢭁
okuzlc	𢭂
okuzdz	𢭃
okuzji	𢭄
okuzxq	𢭆
okuzcs	𢭇
okuzfz	𢭉
okuzjl	𢭎
okuzuz	𢭏
oktoii	𢭑
okuzjq	𢭕
okuzll	𢭗
okuzqt	𢭙
okuzke	𢭜
okuzrf	𢭝
okuzcf	𢭞
okuzvu	𢭟
okuzzo	𢭢
okuzxn	𢭦
okuzil	𢭩
okuzke	𢭪
okuzrr	𢭫
okuzbj	𢭬
okuzzc	𢭭
okuzgd	𢭮
okuzdu	𢭰
okuzdj	𢭱
okuzbw	𢭲
okuzyz	𢭳
okuzkk	𢭴
okuznu	𢭵
okuzww	𢭶
okuzff	𢭷
okuzxu	𢭸
okuzlb	𢭹
okuzvi	𢭺
okuziv	𢭻
okuzmn	𢭼
okuzuf	𢭽
okuzpg	𢭾
okuzpw	𢭿
okuziu	𢮀
okuzyu	𢮁
okuzxr	𢮂
okuzff	𢮈
okuzva	𢮊
okuzig	𢮋
okuzqs	𢮍
okuzhu	𢮎
okuzpz	𢮏
okuzuh	𢮐
okuzlu	𢮑
okuzfu	𢮒
okuzvi	𢮓
okwjuz	𢮘
okuzqr	𢮙
okuzhc	𢮚
okqiuz	𢮜
okquuz	𢮝
okuzbi	𢮧
okuzgu	𢮩
okuznu	𢮫
okvoxn	𢮬
okuzju	𢮭
okuzke	𢮰
okuzzs	𢮱
okuzyu	𢮳
okuzih	𢮵
okuzfh	𢮷
okuzan	𢮹
okuzqq	𢮼
okuzgk	𢮿
okuztu	𢯂
okuzlu	𢯅
okuzde	𢯊
okuzfu	𢯋
okuzux	𢯍
okuzyc	𢯎
okuzbi	𢯏
okuzgu	𢯐
okuzgk	𢯑
okuzba	𢯓
okuzgx	𢯔
okuzyi	𢯕
okuzqp	𢯖
okuzji	𢯗
okuzhx	𢯘
okuzvi	𢯙
okuzru	𢯚
okuzqi	𢯛
okuzwu	𢯞
okuztj	𢯟
okuzbo	𢯠
okuzyu	𢯡
okuzso	𢯢
okuzah	𢯤
okuzyr	𢯥
okuzld	𢯦
okuzfu	𢯨
okuzze	𢯩
okuzdr	𢯫
okuzww	𢯮
okuzlv	𢯰
okuzui	𢯶
okuzww	𢯷
okuzge	𢯹
okuzyu	𢯺
okuzyj	𢯼
okuzmc	𢯾
okuzbc	𢯿
okuzfu	𢰆
okuzsi	𢰇
okuzvi	𢰗
okuzyz	𢰛
okuzmc	𢰝
okuzyz	𢰠
okuzhz	𢰡
okuzuz	𢰢
okuztd	𢰥
okuziy	𢰦
okhguz	𢰨
okuzzi	𢰩
okuzys	𢰭
okuzhu	𢰮
okuzmw	𢰲
okuzyc	𢰳
okuzgu	𢰴
okuzyk	𢰶
okuzdm	𢰷
okuzgo	𢰸
okuzyt	𢰹
okuzji	𢰽
okuzdd	𢰾
okuzmu	𢱁
okuzke	𢱃
okuzzi	𢱆
okuzxx	𢱈
okuzwd	𢱉
okuzdu	𢱋
okuzjx	𢱌
okuzmm	𢱍
okuzbd	𢱎
okuzdk	𢱏
okuzyc	𢱐
okuzmw	𢱒
okuzxi	𢱓
okuzpf	𢱔
okuzda	𢱕
okuzmz	𢱖
okuzku	𢱗
okuzyj	𢱘
okuzhd	𢱙
okuzfg	𢱚
okuzsa	𢱛
okuzdd	𢱜
okuzvo	𢱝
okuzvo	𢱞
okuzii	𢱟
okuzso	𢱢
okuzji	𢱣
okuzss	𢱤
okuzti	𢱦
okuzwf	𢱨
okuzgh	𢱫
okuztv	𢱸
okuzvf	𢲂
okuzve	𢲃
okuzii	𢲆
okuzji	𢲈
okuzli	𢲊
okuzyj	𢲋
okuzue	𢲌
okuzui	𢲐
okuzxn	𢲑
okuzuj	𢲒
okuzbj	𢲔
okuztu	𢲛
okuzsy	𢲜
okiyuz	𢲝
okuzqp	𢲞
okzduz	𢲟
okuzdj	𢲠
okuzna	𢲡
okuziu	𢲢
okuzgc	𢲤
okuzvf	𢲥
okuzhd	𢲨
okuzji	𢲩
okuzmd	𢲪
okuzma	𢲫
okuzuu	𢲬
okuzpw	𢲭
okuzii	𢲮
okuzjx	𢲯
okuzgz	𢲱
okuzlh	𢲲
okuzue	𢲳
okwwuz	𢲴
okuzcc	𢲵
okuzlu	𢲸
okuzii	𢲹
okuzvi	𢲼
okuzbi	𢲾
okuzma	𢳀
okuzbi	𢳂
okuzyj	𢳃
okuzxr	𢳄
okglie	𢳅
okuzao	𢳆
okuzzu	𢳇
okzuuz	𢳈
okuzll	𢳑
oksuuz	𢳔
okuzve	𢳘
okuzxn	𢳚
okuzxi	𢳜
okuzle	𢳝
okuzts	𢳟
okuzmh	𢳠
okuzuh	𢳣
okuzzc	𢳥
okuzkh	𢳧
okuzsu	𢳪
okuzvh	𢳫
okuzxt	𢳬
okuzii	𢳯
okuzdj	𢳱
okuzly	𢳳
okuzyu	𢳶
okuzmb	𢳺
okuzds	𢳾
okuzbm	𢴂
okuzhc	𢴅
okuzqk	𢴆
okuzvi	𢴇
okuztu	𢴉
okuzvu	𢴊
okuzvs	𢴋
okuzwf	𢴌
okuzyb	𢴍
okuzto	𢴎
okuzyb	𢴏
okuzyi	𢴐
okuzxi	𢴑
okdvho	𢴒
okuzfj	𢴔
okuzqi	𢴖
okuzdj	𢴗
okuzcd	𢴘
okuzld	𢴙
okuzni	𢴚
okveji	𢴛
okuzif	𢴟
okuzbf	𢴢
okuzzg	𢴣
okuzth	𢴤
okuzhv	𢴥
okuzxl	𢴦
okuzer	𢴧
okuzbi	𢴩
okuzkr	𢴪
okuzbj	𢴬
okjtuz	𢴭
okuzxu	𢴮
okuzji	𢴰
okuzjp	𢴲
okthuz	𢴳
okuzyj	𢴵
okjtuz	𢴺
okuzyc	𢴽
okuzbw	𢴾
okuzic	𢴿
okuzsy	𢵀
okuzyy	𢵆
okuzuj	𢵈
okuzbm	𢵉
okuzdz	𢵋
okuzdv	𢵌
okuzlm	𢵑
okuzic	𢵒
okuzpg	𢵓
okuzij	𢵔
okuzju	𢵗
okuztc	𢵘
okuztp	𢵚
okuzcd	𢵛
okuzbf	𢵜
okuzmc	𢵝
okuzfw	𢵞
okjpuz	𢵠
okqbuz	𢵡
okuzmb	𢵢
okuzee	𢵣
okucuz	𢵥
okuzdr	𢵦
okuzjm	𢵧
okbcuz	𢵨
okuzdv	𢵩
okuzfw	𢵪
okuzdm	𢵫
okuzxy	𢵬
okuzld	𢵭
okuzmd	𢵯
okuzgw	𢵰
okuzsf	𢵳
okuzgo	𢵵
okuzdy	𢵶
okuzge	𢵷
okuzji	𢵸
okuzvj	𢵺
okuzve	𢵻
okuzyt	𢵼
okuzuu	𢵽
okuzzv	𢶀
okuzyy	𢶂
okuzfj	𢶃
okfuye	𢶄
okuzxp	𢶆
okuzbc	𢶉
okuzpn	𢶏
okuznn	𢶑
okuzhv	𢶒
okuzjm	𢶕
okuzhv	𢶙
okysuz	𢶜
okuzua	𢶞
okuzww	𢶟
okjnuz	𢶡
okuzdp	𢶣
okuzxt	𢶤
okuzlm	𢶧
okuzzd	𢶪
okuzug	𢶫
okuzwj	𢶯
okuzcs	𢶰
okuziz	𢶲
okuzci	𢶴
okuzyi	𢶶
okuzjp	𢶷
okuzan	𢶹
okuzww	𢶼
okuzvi	𢶾
okuzdy	𢶿
okuzyu	𢷀
okuznj	𢷁
okuzcj	𢷂
okuznc	𢷃
okuzmp	𢷄
okuzlu	𢷅
okuzdj	𢷆
okuzku	𢷈
okuzsv	𢷊
okuzpu	𢷏
okuzjp	𢷒
okuzhe	𢷓
okuzyi	𢷔
okuzmc	𢷕
okuzju	𢷗
okuzqm	𢷘
okuzks	𢷙
okuzxy	𢷠
okuzyu	𢷣
okuzyj	𢷩
okuzkv	𢷪
okuzyc	𢷫
okuzuz	𢷬
okuzdv	𢷮
okuzqk	𢷰
okuzkv	𢷴
okuzwu	𢷵
okuzlq	𢷶
okuzvu	𢷷
okuzvg	𢷸
okuzmd	𢷺
okuzyr	𢷻
okxkuz	𢸁
okuzjm	𢸄
okuzfj	𢸅
okuzmo	𢸆
okvdqm	𢸈
okuzth	𢸋
okuzvf	𢸍
okuzkr	𢸎
okuzdi	𢸑
okuzxm	𢸒
okuzmo	𢸓
okuzgo	𢸗
okuzln	𢸘
okuzpg	𢸚
okuzdn	𢸛
okuzqm	𢸝
okuzdg	𢸞
okuzjm	𢸟
okuzke	𢸠
okuzii	𢸡
okuzvr	𢸢
okuzyi	𢸤
okuzyi	𢸦
okuzvf	𢸩
okuzsu	𢸫
oklsuz	𢸭
okuzxn	𢸳
okuzbi	𢸵
okuztz	𢸸
okuzjn	𢸺
okuzjb	𢸼
okuzxk	𢸾
okuzyk	𢹃
okuzvo	𢹅
okuzxp	𢹆
okuztu	𢹉
okuzii	𢹊
okuzii	𢹌
okuzff	𢹔
okuzqk	𢹘
okuzxm	𢹛
okuzdc	𢹡
okuzjn	𢹣
okuzqu	𢹤
okuzlm	𢹦
okuziz	𢹧
okuzul	𢹩
okuzsj	𢹪
okqpmi	𢹫
okuzxn	𢹱
okuzsa	𢹵
okuzee	𢹷
okuzlj	𢹹
okuzza	𢹼
okuzgv	𢹾
okuzli	𢹿
okuzfu	𢺁
okuzjm	𢺃
okuzgr	𢺄
okuzqm	𢺅
oknjuz	𢺋
okuzla	𢺎
okuzpj	𢺏
okuzyi	𢺐
okuzlw	𢺑
okuzyb	𢺓
okuzbc	𢺔
okuzyj	𢺘
okuzlj	𢺙
okuzvs	𢺚
okuzij	𢺛
okuzyy	𢺝
okuzba	𢺞
okuzij	𢺟
okuzuu	𢺡
okuzlw	𢺢
okuziy	𢺨
okuzhs	𢺩
okuztk	𢺭
okuzwj	𢺯
okuzlk	𢺰
okuzmj	𢺳
okbivi	𢺵
okvijb	𢺶
okfuvi	𢺷
okvivi	𢺸
okffvi	𢺹
okviff	𢺺
okfuvi	𢺻
okjbvi	𢺼
okycvi	𢺽
okdivi	𢺾
okuivi	𢺿
okfzvi	𢻂
okquvi	𢻅
okhevi	𢻆
okmkvi	𢻇
okvido	𢻈
okhdvi	𢻉
okwuvi	𢻊
okvilv	𢻋
okyivi	𢻌
okxkvi	𢻏
okqlvi	𢻐
okyjvi	𢻑
okuhvi	𢻒
okxlvi	𢻓
okgovi	𢻔
okybvi	𢻕
okuivi	𢻖
okshvi	𢻚
okhdvi	𢻜
okguvi	𢻠
oklnvi	𢻢
okqnvi	𢻤
okzcvi	𢻥
okuuvi	𢻧
okqivi	𢻪
okyepu	𢻫
okwhwf	𢻬
okucpu	𢻭
okerwf	𢻮
okwfzi	𢻯
oksipu	𢻰
okyewf	𢻱
okfupu	𢻳
oktypu	𢻴
okfupu	𢻵
okjbpu	𢻶
okbapu	𢻷
okyypu	𢻸
okbiwf	𢻹
okhupu	𢻻
okybpu	𢻼
okpuyt	𢻿
okrspu	𢼀
okycwf	𢼂
okgzwf	𢼃
okhuwf	𢼄
okfuwf	𢼆
okyywf	𢼇
okybwf	𢼈
oktdwf	𢼉
oktawf	𢼊
okbcpu	𢼌
okiupu	𢼍
okvapu	𢼎
okjuwf	𢼑
okjupu	𢼒
okjxwf	𢼓
okkewf	𢼔
okdiwf	𢼕
okuipu	𢼗
okxswf	𢼙
okgepu	𢼛
okyiwf	𢼜
okyhpu	𢼝
okuapu	𢼢
okjipu	𢼣
okuepu	𢼤
okgspu	𢼦
okifpu	𢼧
okwwpu	𢼨
okbkpu	𢼩
okgswf	𢼭
okwwwf	𢼮
okglpu	𢼯
okqupu	𢼰
okvupu	𢼲
okklwf	𢼳
okglwf	𢼴
okhdwf	𢼵
okbkwf	𢼶
okfupu	𢼹
okvepu	𢼺
oktopu	𢼻
okxnpu	𢼼
okgupu	𢼽
okpull	𢽂
oktkpu	𢽄
oktuwf	𢽈
okwjwf	𢽉
okfuwf	𢽊
okgcwf	𢽍
okhjwf	𢽎
okjywf	𢽏
okxnwf	𢽐
okxswf	𢽔
okjmpu	𢽕
okwwwf	𢽙
oknnpu	𢽜
okvvpu	𢽝
okxkpu	𢽞
okldwf	𢽟
okyjwf	𢽡
okkspu	𢽦
okvzpu	𢽧
okhupu	𢽨
okpgpu	𢽩
okvzpu	𢽪
okdswf	𢽬
okvzwf	𢽰
okyjwf	𢽱
okliwf	𢽲
oklbwf	𢽳
oknnwf	𢽷
okhywf	𢽹
okyjwf	𢽻
okqiwf	𢽽
okxtpu	𢽾
okvepu	𢾀
okwwpu	𢾁
okyuwf	𢾄
okduwf	𢾅
okjppu	𢾆
okfupu	𢾇
okqbwf	𢾉
oktkpu	𢾊
oktjpu	𢾋
okiypu	𢾎
okkepu	𢾏
okybpu	𢾑
okdupu	𢾖
oklwwf	𢾗
okvgvi	𢾘
okyhpu	𢾙
okybwf	𢾚
oktkwf	𢾛
okiywf	𢾜
okwwwf	𢾝
oktjwf	𢾡
okufwf	𢾤
okvgpu	𢾧
okhepu	𢾩
okshpu	𢾪
okiipu	𢾫
okvrwf	𢾭
okgspu	𢾮
okrupu	𢾯
okropu	𢾲
okccwf	𢾳
okfwwf	𢾺
okfwpu	𢾻
okrowf	𢾼
okigpu	𢾽
okgepu	𢾿
okyrwf	𢿃
oklupu	𢿇
okcjpu	𢿈
okiivg	𢿋
okpnpu	𢿏
okgrpu	𢿒
okmjpu	𢿕
okpnwf	𢿖
oklywf	𢿗
okquwf	𢿛
okmjwf	𢿜
oklnpu	𢿞
okbfpu	𢿠
okycpu	𢿣
okdgpu	𢿤
okfjpu	𢿥
okthpu	𢿧
okycwf	𢿲
okthwf	𢿵
okcepu	𢿸
oklbwf	𢿻
okxywf	𢿼
okzcpu	𢿾
oksepu	𢿿
oklwpu	𣀀
okvjpu	𣀁
oklmpu	𣀃
okuuwf	𣀈
okzcwf	𣀉
oklmwf	𣀊
okerpu	𣀑
okjupu	𣀒
okuzpu	𣀓
oksrpu	𣀔
okuzwf	𣀘
okbcpu	𣀛
oklepu	𣀝
oklvpu	𣀞
okbauu	𣀟
okbcwf	𣀠
oklipu	𣀥
okqiwf	𣀬
okxlpu	𣀮
okffpu	𣀲
oknpwf	𣀳
okzjpu	𣀶
oklipu	𣀷
okjmpu	𣀸
okzjwf	𣀹
okuupu	𣀻
okuuwf	𣀼
okrfwf	𣁁
okxnwf	𣁂
okwfnq	𣁄
okfhwf	𣁅
okwfbi	𣁆
okwfvg	𣁇
okwfbc	𣁈
okbiwf	𣁉
okbkwf	𣁊
okwfzc	𣁌
okwfyj	𣁎
okyuwf	𣁏
okwfjm	𣁐
okwfvu	𣁑
oknnwf	𣁓
oklbju	𣁔
okvowf	𣁖
oktjwf	𣁗
okwfgo	𣁘
okwfji	𣁚
okmjwf	𣁜
okwfys	𣁠
okwfpn	𣁡
okbiwf	𣁢
oklbwf	𣁣
okwfjm	𣁥
okbbqr	𣁦
okklui	𣁬
okfgdz	𣁮
okdzyr	𣁯
okdzjb	𣁰
okufdz	𣁱
okdzds	𣁲
okuedz	𣁳
okhedz	𣁴
okyhdz	𣁵
okdzvc	𣁶
okihdz	𣁸
okdzyz	𣁹
okvedz	𣂃
okgodz	𣂄
okphdz	𣂆
okdidz	𣂉
okwwdz	𣂊
okhugc	𣂋
okdzuu	𣂌
okmjdz	𣂎
oklijb	𣂒
okjbtu	𣂓
okpmjb	𣂔
okqijb	𣂕
okkdjb	𣂖
okjkjb	𣂗
okppjb	𣂘
okjbii	𣂙
okvujb	𣂛
okifjb	𣂜
okjbxl	𣂝
oklljb	𣂞
okvojb	𣂣
okpgjb	𣂤
okqijb	𣂦
okyijb	𣂨
okivjb	𣂩
okyajb	𣂪
okyujb	𣂮
okhejb	𣂰
oktkjb	𣂳
okjbtk	𣂴
oktrjb	𣂵
okjbjb	𣂷
okqujb	𣂻
okgojb	𣂽
okuujb	𣃁
okhxjb	𣃂
okjkjb	𣃄
okdgjb	𣃆
okvujb	𣃈
okjbdh	𣃉
oksrjb	𣃍
okjbjb	𣃏
okvujb	𣃑
okqujb	𣃖
okfhdc	𣃗
okfhge	𣃘
okfhkh	𣃚
okfhho	𣃛
okdzfh	𣃜
okfhyh	𣃝
okfhlk	𣃠
okfhxr	𣃡
okfhpi	𣃣
okpifh	𣃤
okfhdn	𣃫
okfhkl	𣃱
okyuer	𣃶
okfhgu	𣃺
okfhyj	𣃾
okfhuz	𣄁
okfhjp	𣄂
okfhqi	𣄃
okfhqb	𣄄
okfhly	𣄇
okfhjy	𣄈
okpofh	𣄋
okfhui	𣄍
okfhvr	𣄎
okyuzd	𣄒
okfhbi	𣄓
okfhpn	𣄔
okfhsv	𣄚
okfhts	𣄛
okfhgv	𣄜
okfhqm	𣄝
okfhyu	𣄣
okfhlu	𣄤
okphvi	𣄥
okphli	𣄬
okjikz	𣄮
okjike	𣄰
okjigv	𣄱
okjiww	𣄲
okwuir	𣄳
okjijk	𣄴
okjkji	𣄵
okjigo	𣄸
okxiwu	𣄹
okjiww	𣄺
okriyi	𣄻
okhgri	𣄼
okyiri	𣄽
okdjhg	𣄾
okridk	𣄿
okwfri	𣅀
okrirf	𣅁
okriwf	𣅂
okribu	𣅃
okviri	𣅄
okrind	𣅅
okriwh	𣅇
okwfri	𣅈
okrirf	𣅉
okrikz	𣅊
okriqm	𣅋
okqmri	𣅌
okklri	𣅍
okqmri	𣅑
okrito	𣅒
okrinv	𣅓
okriir	𣅕
okriwh	𣅖
okriji	𣅗
okrikv	𣅘
okrikv	𣅙
okrinw	𣅚
okbiri	𣅜
okriyb	𣅟
okriqi	𣅠
okrigk	𣅡
okriqr	𣅤
okrihu	𣅥
okwhri	𣅨
okribi	𣅪
okrinq	𣅫
okriug	𣅮
okgdri	𣅰
okriiz	𣅴
okrixb	𣅵
okrilq	𣅶
okrixs	𣅷
okrita	𣅸
okriyz	𣅺
okrijs	𣅻
okrijx	𣅼
okriiu	𣅽
okrjri	𣅾
okritd	𣅿
okrirj	𣆀
okpiri	𣆁
okrixr	𣆂
okrifj	𣆅
okribd	𣆆
okuiri	𣆇
okriwu	𣆈
okwjri	𣆌
okripi	𣆏
okrilu	𣆐
okceri	𣆑
okriuu	𣆒
okrivz	𣆔
okrihl	𣆖
okrihe	𣆗
okrili	𣆘
okrihj	𣆙
okrido	𣆚
okxiri	𣆛
okrier	𣆝
okdjvg	𣆞
okcidj	𣆟
okriww	𣆡
okriis	𣆣
okglri	𣆤
okglri	𣆥
okrivu	𣆦
okjqri	𣆫
okriuu	𣆭
okrivl	𣆮
okrixk	𣆯
okriyi	𣆰
okricy	𣆱
okrigg	𣆳
okriyj	𣆴
okrijq	𣆵
okmmri	𣆶
okrixn	𣆺
okriqi	𣆻
okjqri	𣇀
okrijk	𣇁
okricf	𣇂
okjrjq	𣇃
okrive	𣇄
okriqi	𣇅
okriss	𣇆
okyjdj	𣇇
okrijy	𣇉
okrifz	𣇊
okridv	𣇋
okrivi	𣇌
okrijx	𣇍
okrixk	𣇏
okriii	𣇐
okriig	𣇒
okrifg	𣇔
okriwo	𣇕
okliri	𣇘
okrixb	𣇛
okribw	𣇜
okrilg	𣇝
okriyu	𣇞
okrilc	𣇟
okriji	𣇠
okriji	𣇡
okribi	𣇢
okrivi	𣇣
okrihu	𣇤
okriiv	𣇦
okrivi	𣇧
okrili	𣇨
okyari	𣇩
okrigo	𣇫
okriqs	𣇬
okrilb	𣇰
okrihy	𣇲
okriqi	𣇳
okmklq	𣇴
okrimk	𣇵
okrifh	𣇷
okmbri	𣇹
okdmri	𣇺
okrizs	𣇼
okrivo	𣇽
okrilk	𣇾
okriyc	𣇿
okriky	𣈀
okmkrf	𣈂
okriru	𣈃
okricd	𣈄
oklbri	𣈅
okbumk	𣈇
okuuri	𣈉
okmuri	𣈊
okriye	𣈋
okriyi	𣈍
okrixi	𣈏
okrixk	𣈑
okriqi	𣈒
okripi	𣈓
okridm	𣈔
okrimw	𣈕
okrifg	𣈖
okderi	𣈗
okridm	𣈘
okrili	𣈙
okrivl	𣈚
okrigx	𣈛
okride	𣈜
okriks	𣈞
okyhxy	𣈟
okuivh	𣈡
okribw	𣈢
okrimm	𣈣
okriyu	𣈥
okriyu	𣈦
okrigj	𣈨
okukri	𣈪
okriyu	𣈫
okritr	𣈬
okriyu	𣈭
okriui	𣈮
okriyu	𣈯
okrifu	𣈰
okufyi	𣈱
okrimw	𣈲
okrimm	𣈳
okrimn	𣈴
okriyu	𣈵
okrihg	𣈶
okrihl	𣈷
okrimw	𣈸
okriyc	𣈹
okrizd	𣈻
okrifg	𣈼
okriye	𣈽
okfgui	𣉄
okrizz	𣉅
okriui	𣉆
okrize	𣉇
okhyvc	𣉈
okrigv	𣉉
okriyc	𣉋
okriww	𣉌
okriww	𣉍
okriia	𣉎
okrilk	𣉏
okriuu	𣉐
okrihe	𣉒
okrizc	𣉔
okrish	𣉕
okriah	𣉗
okngri	𣉘
okriua	𣉜
okyirs	𣉝
okrigc	𣉞
okriqi	𣉟
okqqyh	𣉠
okhjtk	𣉡
okrimi	𣉢
okrixy	𣉤
okriyb	𣉥
okrixn	𣉧
okrigv	𣉨
okrihl	𣉪
okriyh	𣉫
okrivf	𣉮
okturi	𣉯
okrivi	𣉲
okriba	𣉳
okrivi	𣉴
okriiu	𣉵
okrihc	𣉶
okyili	𣉷
okriji	𣉸
okrixu	𣉹
okyhui	𣉺
okrigd	𣉼
okrili	𣉽
okriqu	𣉾
okricc	𣉿
okaori	𣊁
okwuri	𣊃
okriyb	𣊇
okrilu	𣊈
okriji	𣊉
okhjvi	𣊋
okridv	𣊌
okrima	𣊍
okrivi	𣊎
okriif	𣊐
okuisi	𣊒
okviri	𣊓
okriyj	𣊕
okjkda	𣊖
okriyu	𣊗
okriyu	𣊘
okrivj	𣊙
okriix	𣊞
okrigj	𣊟
okxixi	𣊣
okxuif	𣊤
okmkmk	𣊧
okrifj	𣊩
okihih	𣊫
okriuy	𣊬
okriyy	𣊯
okriwu	𣊲
okribi	𣊶
okyiyi	𣊷
okrits	𣊹
okrijm	𣊺
okjkll	𣊼
okribw	𣊾
okriic	𣊿
oklcxk	𣋀
okrizv	𣋁
okriic	𣋂
okriil	𣋃
okxixl	𣋄
okriao	𣋉
okridj	𣋊
okrimm	𣋋
okrins	𣋏
okmkve	𣋐
okriye	𣋑
okrikv	𣋒
okridm	𣋔
okiyfg	𣋕
okrizv	𣋖
okrihv	𣋘
okridm	𣋙
okrixb	𣋚
okrilo	𣋛
okrijb	𣋜
okrizc	𣋝
okrime	𣋟
okriqi	𣋠
okrijk	𣋢
okrijm	𣋣
okiyqb	𣋨
okrila	𣋩
okribb	𣋪
okjmri	𣋫
okriuz	𣋬
okbcfj	𣋰
okrile	𣋵
okriqs	𣋶
okrigl	𣋷
okribi	𣋹
okrimd	𣋺
okrimp	𣋻
okrilu	𣋼
okrijm	𣋽
okrike	𣋾
okrivu	𣌁
okrivu	𣌂
okrili	𣌅
okrivu	𣌆
okrixx	𣌊
okrilm	𣌋
okxkxu	𣌌
okrinp	𣌍
okuiww	𣌎
okdeho	𣌏
okyidv	𣌒
okriee	𣌔
okrixy	𣌕
okrinj	𣌖
okrijt	𣌗
okrikj	𣌙
okxkli	𣌜
okpuyh	𣌞
okrilk	𣌟
okrixn	𣌢
okriuc	𣌤
okriff	𣌥
okriyu	𣌦
okufyy	𣌨
okribw	𣌫
okheri	𣌭
okrivz	𣌮
okriji	𣌯
okrile	𣌰
okquuc	𣌱
okquyt	𣌴
okquji	𣌵
okgsqu	𣌶
okriji	𣌸
okqupi	𣌹
okqujn	𣌺
okufds	𣌾
okriiu	𣌿
okqudd	𣍀
okwwqu	𣍁
okguqu	𣍂
okjmuf	𣍃
okbnqu	𣍅
okggqu	𣍇
okrigo	𣍉
okhejb	𣍊
okhvxx	𣍋
okyrqu	𣍍
okzgyr	𣍎
okggia	𣍏
okwuhv	𣍐
okrier	𣍓
okquyc	𣍕
okccds	𣍖
okqbqu	𣍗
okgglm	𣍙
okuulk	𣍚
okppyt	𣍝
okytrf	𣍞
okytqi	𣍠
okqiyt	𣍣
okuvyt	𣍤
okytxs	𣍦
okiuyt	𣍧
okyter	𣍨
okythe	𣍩
okytbk	𣍪
okythu	𣍭
okytni	𣍮
okytjy	𣍯
okytjx	𣍰
okyths	𣍱
okyzke	𣍳
okytlb	𣍵
okytll	𣍷
okytho	𣍻
okvzyt	𣍼
okytyu	𣍾
okytld	𣍿
okytdm	𣎀
okytuh	𣎃
okythg	𣎄
okythe	𣎅
okyzig	𣎉
okytmw	𣎊
okguyz	𣎏
okytkr	𣎑
okytxr	𣎓
okytxm	𣎔
okytvi	𣎖
okythw	𣎚
okytmm	𣎜
okytxy	𣎟
okicyt	𣎠
okpgdk	𣎡
okytic	𣎢
okytjn	𣎣
okyzqu	𣎥
okytcs	𣎨
okyjyt	𣎩
okytgc	𣎪
okyttr	𣎫
okyzfu	𣎬
okytyi	𣎮
okytxy	𣎰
okytdh	𣎲
okuier	𣎳
okhgge	𣎴
okccrf	𣎵
okmuhg	𣎶
okmuyi	𣎷
okmuln	𣎸
okklmu	𣎻
oksimu	𣎼
okqimu	𣎽
okbcmu	𣎾
okeemu	𣎿
okmudc	𣏀
okiauu	𣏂
okmuxt	𣏃
oktumu	𣏅
okmume	𣏈
okrfmu	𣏉
okmusi	𣏌
okzimu	𣏍
okmuya	𣏎
okmuxi	𣏐
okmujb	𣏑
okmuyu	𣏓
okvimu	𣏔
okmuyb	𣏖
okyumu	𣏗
okmujb	𣏘
okmuqi	𣏙
okmuui	𣏚
okmumm	𣏜
okmurs	𣏝
okmuyz	𣏞
okmuyc	𣏠
okmuzz	𣏡
okmuvr	𣏢
okmubm	𣏣
okmufu	𣏤
okmulq	𣏥
okhomu	𣏦
okmuii	𣏧
okmujk	𣏨
okgemu	𣏩
okmuul	𣏪
okmuri	𣏬
okmuwu	𣏭
okppuu	𣏮
okffmu	𣏰
okmurf	𣏴
okmuuv	𣏶
okmuho	𣏹
okmuks	𣏺
oknmmu	𣏼
okmupu	𣏽
okmuge	𣏾
okmutm	𣏿
okmuwf	𣐀
okyymu	𣐂
okeemu	𣐃
okmuvs	𣐄
okmurf	𣐅
okmuqp	𣐆
okfgmu	𣐇
oknimu	𣐉
okmuyt	𣐋
okmupi	𣐌
okmuwa	𣐎
okmuci	𣐑
okmujs	𣐒
okmutk	𣐘
okmuxr	𣐙
okmuhs	𣐜
okmuza	𣐝
okmuyz	𣐞
okmumb	𣐡
okmujq	𣐤
okmumu	𣐥
okmund	𣐨
okbdmu	𣐩
okmutm	𣐬
okmutm	𣐭
okqqmu	𣐮
okiumu	𣐯
okmujn	𣐲
okmuui	𣐳
okmuui	𣐴
okgfmu	𣐻
okliww	𣐽
okmuxq	𣐾
okmuyi	𣐿
okmuwu	𣑀
okmuis	𣑁
okmusi	𣑇
okmuzi	𣑉
okmuzd	𣑊
okmuuz	𣑋
okvavc	𣑌
okldxx	𣑎
okmubk	𣑏
okmudn	𣑐
okmuzi	𣑑
okghcy	𣑓
okqrmu	𣑔
okmuig	𣑕
oksimu	𣑘
okmuro	𣑚
okwwrj	𣑜
okmutr	𣑝
okhemu	𣑠
okfamu	𣑡
okmuxu	𣑢
okmuxs	𣑤
okgsmu	𣑦
okmuhv	𣑩
okmudo	𣑫
okmuzc	𣑬
okmuvz	𣑮
okmuvc	𣑯
okmulw	𣑳
okmujl	𣑴
okmuyu	𣑵
okmuli	𣑶
okmujm	𣑷
oktsmu	𣑸
okmuis	𣑺
okmunm	𣑻
oklbji	𣑽
okuhxk	𣑾
okmuyi	𣒃
okmuxp	𣒄
okmuke	𣒆
okmutu	𣒇
okmugo	𣒌
okmuhe	𣒍
okssmu	𣒐
okmumu	𣒑
okmujq	𣒔
okmuke	𣒖
okmuqt	𣒗
okmuxk	𣒙
okuumu	𣒛
oklbir	𣒜
okmuie	𣒞
okwwqu	𣒠
okujmu	𣒡
okmumh	𣒣
okgkmu	𣒧
okmwmu	𣒫
okmuiv	𣒱
okmulc	𣒲
okgswh	𣒳
okmuxq	𣒴
okmugd	𣒵
okmuli	𣒶
oklumu	𣒷
okyzmu	𣒼
okmupg	𣒾
okxbmu	𣓀
okmubw	𣓂
okmurv	𣓃
okmull	𣓈
okmujp	𣓉
okmuui	𣓊
okmubi	𣓋
okmujq	𣓌
oklbmu	𣓏
okmuyz	𣓐
okmimu	𣓔
okmujm	𣓖
okldxi	𣓚
okmufj	𣓦
okbomu	𣓬
okmulw	𣓭
okfhmu	𣓯
oklbjp	𣓴
okmumg	𣓶
okmuwu	𣓸
okpiuu	𣓺
okmubn	𣓻
okuilb	𣓼
okmuyi	𣓾
okmulc	𣓿
okmuxb	𣔀
okmumk	𣔂
okmuff	𣔄
okmujb	𣔅
okmuqq	𣔆
okvimu	𣔇
okmufw	𣔉
okmujb	𣔋
okmutn	𣔌
okmwmo	𣔍
okmubi	𣔐
okmubi	𣔓
okrujp	𣔕
okmuxb	𣔙
okfumu	𣔚
okmugu	𣔞
okmuqb	𣔠
okmupo	𣔡
okmuii	𣔢
okddyu	𣔣
okmuui	𣔤
okmuvg	𣔥
okmukf	𣔨
okuubu	𣔩
okmugk	𣔪
okmulu	𣔭
okmuyu	𣔯
okmuvi	𣔰
okmudi	𣔴
okmufj	𣔶
okmumc	𣔺
okmutu	𣔻
okmugj	𣔼
okgvmu	𣔽
okmusv	𣔾
okwamu	𣕁
okmuyu	𣕃
okxtmu	𣕇
okmugz	𣕉
okgzwf	𣕌
oklbtm	𣕎
okkomu	𣕔
okmulv	𣕖
okmumc	𣕚
okmuzi	𣕜
okmujl	𣕞
okqbmu	𣕟
okmuxl	𣕦
okmujx	𣕧
oklbug	𣕪
okmudu	𣕬
okmuxk	𣕭
okiymu	𣕮
oklblk	𣕯
okmuhg	𣕲
okmutj	𣕴
okmulk	𣕵
okmuyk	𣕺
okmukj	𣕻
oklbju	𣕽
oklbbi	𣕾
okdrmu	𣖃
okmuzd	𣖋
okmuwd	𣖍
okmupb	𣖎
okmupo	𣖐
okmuhz	𣖔
okmupk	𣖕
okmuii	𣖖
okmuhs	𣖘
okmumw	𣖙
okmuqo	𣖚
okzumo	𣖛
okmuww	𣖜
okmuji	𣖟
okmuvo	𣖠
okmuze	𣖡
okmozu	𣖢
okldtd	𣖤
okyuye	𣖦
okmuid	𣖧
okmuah	𣖮
okmuci	𣖲
okmuzo	𣖵
okwumu	𣖶
okmuji	𣖷
okmulv	𣖺
okyrtu	𣗃
okmuhl	𣗄
okmuan	𣗈
okmudh	𣗋
okmumi	𣗌
okmuvf	𣗑
okmuvf	𣗒
okwwve	𣗓
okmutv	𣗔
okmusu	𣗖
okmutd	𣗘
okmunj	𣗙
oklbge	𣗛
okmubj	𣗝
okmuyj	𣗤
okuuuu	𣗥
okuuys	𣗧
okmuia	𣗪
okmuiz	𣗬
okmuna	𣗯
oklixx	𣗱
okmugh	𣗵
okmuyh	𣗹
okmuyr	𣗼
oklyvu	𣗾
okmuzu	𣗿
okmuxq	𣘀
okmuge	𣘁
okaimu	𣘂
okmuna	𣘆
okvuly	𣘈
okmutu	𣘊
okmuvu	𣘌
okmuku	𣘍
okrsbu	𣘏
okldld	𣘐
okmuba	𣘓
okmuxn	𣘖
okmuni	𣘗
okmuuf	𣘘
okmubu	𣘙
okmulv	𣘚
okmudz	𣘛
okmuii	𣘜
okjxmu	𣘟
okmuua	𣘡
okaomu	𣘢
okmuji	𣘤
okmubi	𣘥
okmufu	𣘧
okmuxi	𣘩
okmuln	𣘪
okddhu	𣘫
okmubi	𣘮
okmude	𣘱
okmuzi	𣘲
okhumu	𣘳
okmuyb	𣘴
okmuyi	𣘵
okmujm	𣘷
okmuyb	𣘹
okmutu	𣘻
okldjm	𣘾
okmuvi	𣙀
okmuqi	𣙆
okdvmu	𣙇
okvouu	𣙈
okmugh	𣙋
okmuky	𣙍
okmuwf	𣙎
okmucd	𣙓
okmuli	𣙔
okmumb	𣙕
okvimu	𣙗
okmuii	𣙙
okmuti	𣙝
okmuih	𣙟
okmuqr	𣙢
okjmmu	𣙤
okmugd	𣙥
okmuvi	𣙦
okmuyj	𣙧
okmuis	𣙩
okmuma	𣙪
okmuli	𣙫
oksuju	𣙬
okmutn	𣙭
okmudv	𣙯
oknish	𣙰
okmumh	𣙷
okvuvo	𣙸
okuuky	𣙹
okmufw	𣙿
okfhqi	𣚂
okmujp	𣚃
oksimu	𣚄
okmupa	𣚒
okmuuu	𣚚
okmuxu	𣚛
okmuql	𣚦
okmuve	𣚫
okmujp	𣚬
okmuju	𣚭
okmuve	𣚰
okmupu	𣚴
okmuff	𣚵
okmuqb	𣚶
okmucd	𣚸
okmzmm	𣚻
okmuti	𣚽
okmumb	𣚾
okmuih	𣚿
okmull	𣛀
okmnmu	𣛁
okmujy	𣛃
okmulj	𣛄
oklbkf	𣛅
okmudg	𣛆
okldly	𣛌
okmujb	𣛎
okgogo	𣛕
okqmle	𣛙
okmurv	𣛚
okmuhx	𣛛
okmuji	𣛜
okmuxy	𣛝
okmuvh	𣛟
okmumd	𣛠
okmuyu	𣛡
okgold	𣛤
okmubw	𣛥
okmuyz	𣛦
okmusf	𣛧
okmuic	𣛨
okmuxu	𣛪
okmuqk	𣛬
okmudz	𣛭
okmuug	𣛮
okmuvu	𣛰
okmugj	𣛴
okmuua	𣛶
okmuvj	𣛷
okmuzw	𣛸
okmuir	𣛹
okmudp	𣛻
okmuyu	𣛿
okirmu	𣜅
okmuva	𣜊
okuuma	𣜋
okmuuu	𣜌
okhcmu	𣜍
oklbxm	𣜕
okmudp	𣜖
okmuiz	𣜙
okmuyu	𣜛
okmuwj	𣜜
okqmmu	𣜟
okmuxi	𣜠
okgoyu	𣜢
okzcyb	𣜣
okjnmu	𣜥
okdcmu	𣜦
okvimu	𣜫
okmuai	𣜬
okmujm	𣜭
okmuxr	𣜯
okmulm	𣜰
okvuly	𣜱
okmudy	𣜲
okmuyu	𣜴
okmuhc	𣜵
okmuee	𣜶
okmuiz	𣜷
okmuyy	𣜸
okshdi	𣜹
okldru	𣜻
okmuxl	𣜼
okshig	𣜽
okwwve	𣜾
okmuye	𣜿
okmuqb	𣝀
okmuks	𣝃
okmuyi	𣝅
okyimu	𣝆
okmudv	𣝉
okmujb	𣝌
okmuhc	𣝏
okyumu	𣝑
oklbhe	𣝒
okmuyj	𣝓
okmujm	𣝕
okuuic	𣝞
okwfmu	𣝟
okmujp	𣝠
okmuyh	𣝡
okmucv	𣝦
okmuer	𣝧
okmujp	𣝫
oksuda	𣝭
okuumj	𣝮
okciji	𣝯
okmufg	𣝲
okmulv	𣝵
okmusr	𣝶
okuzmu	𣝷
oklbgv	𣝹
okmuvf	𣝾
okmurs	𣞁
okddqu	𣞃
okmohv	𣞄
okgovf	𣞅
okvuzy	𣞊
okmuuu	𣞍
okmulj	𣞎
okmuxp	𣞐
okmufu	𣞒
okmulq	𣞗
okmumc	𣞠
okmuve	𣞢
okmuww	𣞨
okmumo	𣞩
okmumo	𣞪
okjmsh	𣞰
okmukc	𣞳
okliju	𣞴
okshuf	𣞵
okmubc	𣞺
okmudg	𣞽
okmudo	𣟁
okmukr	𣟂
okmuln	𣟆
okwwmu	𣟉
okigcy	𣟑
okmumo	𣟖
okmulm	𣟚
okmuyj	𣟛
okmujb	𣟡
okmuyk	𣟤
okmuyi	𣟧
okmutv	𣟩
okmuma	𣟭
okmujm	𣟯
okmuxm	𣟲
okmuhd	𣟳
okvimu	𣟶
okmulm	𣟺
okycmu	𣟾
okmuyt	𣟿
oksuij	𣠁
okmuff	𣠂
okmump	𣠉
okmupg	𣠑
okwwvu	𣠕
okwwvu	𣠖
okmugv	𣠗
okzamu	𣠛
oknpmu	𣠞
okmuti	𣠢
okmuza	𣠥
okmulj	𣠩
okmujm	𣠰
okmuli	𣠲
okrzvj	𣠳
okmujm	𣠷
okmugr	𣠸
okmuzr	𣠹
okmuqm	𣠺
okmulw	𣠾
okmumi	𣡂
okhush	𣡆
okshao	𣡉
okmuyi	𣡊
okmuxm	𣡌
okjiji	𣡍
okmuqr	𣡒
okmulj	𣡓
okgold	𣡙
okgold	𣡚
okbwle	𣡝
okmuiy	𣡢
okmuwj	𣡩
okbaji	𣡯
okmuxm	𣡲
okmulr	𣡵
okmuyj	𣡶
okmutk	𣡹
okerqm	𣢀
okuiqm	𣢁
okuiqm	𣢂
okviqm	𣢃
okycqm	𣢄
okwhqm	𣢅
okqiqm	𣢆
okjiqm	𣢇
okgsqm	𣢈
okhxqm	𣢉
okwuqm	𣢊
okbiqm	𣢋
okybqm	𣢌
okxiqm	𣢍
okuiqm	𣢎
okffqm	𣢏
okqmqm	𣢐
okucqm	𣢒
oknmqm	𣢓
okjiqm	𣢕
okhuqm	𣢖
okjxqm	𣢗
okufqm	𣢘
okciqm	𣢙
okgxqm	𣢚
okyzqm	𣢜
oklkqm	𣢝
okniqm	𣢞
okgjqm	𣢟
okbiqm	𣢠
okugqm	𣢡
okyzqm	𣢢
okgfqm	𣢣
okvjqm	𣢤
okqqqm	𣢥
okliqm	𣢦
okyuqm	𣢧
okhzqm	𣢨
okwwqm	𣢪
okifqm	𣢮
okueqm	𣢯
okviqm	𣢶
okgeqm	𣢷
oklwqm	𣢹
okhjqm	𣢺
okcfqm	𣢽
okmuqm	𣢿
okcirj	𣣀
okjixb	𣣁
okwuqm	𣣄
okigqm	𣣆
oknmqm	𣣈
okerqm	𣣉
oklkqm	𣣋
oksici	𣣌
okhuqm	𣣍
okyuqm	𣣎
okhyqm	𣣏
okfuqm	𣣐
okhjqm	𣣖
okihqm	𣣘
okyjqm	𣣚
okjiqm	𣣝
okjyqm	𣣞
okkeqm	𣣟
okhzqm	𣣠
okxbqm	𣣢
okqqqm	𣣫
okycqm	𣣳
okgcqm	𣣵
okhdqm	𣣶
okiiqm	𣣷
okheqm	𣣹
okxxqm	𣣺
okyiqm	𣣼
okyuqm	𣤁
okrsqm	𣤄
okjuhr	𣤅
okfwqm	𣤆
okheqm	𣤇
okzeqm	𣤈
oktjqm	𣤉
okxiqm	𣤊
oklzqm	𣤋
okhoiv	𣤐
okluqm	𣤓
oksiqm	𣤘
okqnqm	𣤙
okjnqm	𣤚
okbnqm	𣤛
oksvqm	𣤠
okaoqm	𣤡
oklmqm	𣤤
okhoqm	𣤨
okvdqm	𣤩
okuzqm	𣤫
okgjci	𣤮
okmdqm	𣤯
okleqm	𣤰
okeeqm	𣤲
okykqm	𣤵
okxlqm	𣤸
okgrqm	𣤿
okuuqm	𣥀
okvive	𣥃
okhgvi	𣥄
okvibi	𣥅
okvixy	𣥇
okvijb	𣥈
okiivi	𣥉
okwhvi	𣥊
okviuh	𣥌
okvijb	𣥍
okvikd	𣥎
okviyi	𣥏
okvics	𣥐
okvivi	𣥒
okvivi	𣥓
okvivi	𣥕
okvivi	𣥖
okvivi	𣥗
okviba	𣥘
okycvi	𣥚
okvgxi	𣥛
okviri	𣥜
okffvi	𣥝
okvijk	𣥞
okvijk	𣥟
okvivi	𣥠
okvimc	𣥡
oklivi	𣥢
okvipi	𣥣
okvitm	𣥤
okciqm	𣥥
okvigf	𣥦
okciji	𣥨
okvigv	𣥮
okviyz	𣥯
okvili	𣥱
okyuvi	𣥳
okvgvu	𣥵
okviuu	𣥹
okuhvi	𣥺
okvilk	𣥻
okvidu	𣥽
okvida	𣥾
okyyvi	𣦀
okvizs	𣦅
okvifu	𣦇
okvive	𣦈
okviug	𣦉
okvigv	𣦌
okyivg	𣦍
okvguh	𣦎
okvigh	𣦐
okwuvi	𣦑
okviji	𣦒
okvgvf	𣦓
okvobu	𣦖
oknnvi	𣦘
okthvg	𣦛
okviqn	𣦜
okvizy	𣦝
okvits	𣦟
okvitu	𣦠
okvivu	𣦡
okpivi	𣦢
okdyvg	𣦤
okvgyc	𣦥
oksvmu	𣦦
oksviu	𣦧
oksvyb	𣦫
oksvuj	𣦭
okzusv	𣦮
oklili	𣦰
okddve	𣦷
okddrf	𣦸
okddrf	𣦹
okddli	𣦺
okddyz	𣦼
okddji	𣦽
okddyu	𣦿
okdduc	𣧀
okddkv	𣧁
okddda	𣧂
okddto	𣧃
okirdd	𣧄
okddtu	𣧅
okddyi	𣧆
okdduj	𣧈
okddji	𣧉
okddiz	𣧊
okddqm	𣧋
okddge	𣧌
okddnw	𣧍
okddgk	𣧎
okddpu	𣧏
okddvi	𣧐
okddxs	𣧑
okddgz	𣧔
okddyc	𣧕
okddyz	𣧗
okddnq	𣧘
okdduz	𣧙
okytdd	𣧚
okddho	𣧛
okddba	𣧜
okddqq	𣧝
okddui	𣧞
okddmb	𣧟
okddyt	𣧡
okdder	𣧢
okddmo	𣧣
okddke	𣧤
okddyz	𣧥
okddbu	𣧦
okddba	𣧧
okddds	𣧩
okddiu	𣧪
okddva	𣧫
okddju	𣧬
okddqq	𣧭
okddgu	𣧮
okddhu	𣧯
okddbk	𣧰
okddmi	𣧲
okddge	𣧳
okddyu	𣧴
okddxu	𣧵
okdddo	𣧷
okddci	𣧸
okdder	𣧹
okddrz	𣧻
okddww	𣧼
okddgf	𣧾
okddlp	𣧿
okbusi	𣨀
okddci	𣨁
okddvi	𣨂
okddhe	𣨄
okddfu	𣨈
okddhg	𣨉
okddve	𣨋
okddyj	𣨌
okddjn	𣨍
okddzo	𣨎
okddzo	𣨐
okddxi	𣨒
okddgc	𣨓
okddbo	𣨔
okddlv	𣨕
okxidd	𣨗
okddww	𣨙
okddzu	𣨛
okddye	𣨜
okddyu	𣨝
okddfg	𣨞
okddyi	𣨟
okddxb	𣨠
okddyt	𣨡
okddqu	𣨢
okddjk	𣨣
okddho	𣨤
okddpg	𣨥
okddyu	𣨧
okddyi	𣨩
okddgo	𣨪
okddvv	𣨫
okddyj	𣨬
okddgr	𣨭
okddhy	𣨯
oktosi	𣨰
okddgo	𣨱
okdddu	𣨲
okddmz	𣨴
okddhe	𣨵
okddtr	𣨶
okddgo	𣨷
okddyj	𣨹
okddgu	𣨺
okdddd	𣨼
okddyk	𣨽
okddxk	𣨾
okddjy	𣨿
okddbm	𣩀
oksive	𣩁
okvesi	𣩂
okddji	𣩃
okddhe	𣩄
okddgc	𣩅
okddmk	𣩆
okfusi	𣩇
okddia	𣩈
okddjp	𣩊
okddmo	𣩎
okddlu	𣩏
okddsu	𣩐
okddcv	𣩑
okddcc	𣩒
okddic	𣩓
okddgr	𣩔
okddyu	𣩕
okddjl	𣩗
okddvr	𣩘
okddyj	𣩙
okddqu	𣩛
okddjk	𣩜
okddxm	𣩝
okddxm	𣩞
okdddg	𣩟
okddsi	𣩠
okddzv	𣩡
okddln	𣩢
okddee	𣩤
okddmd	𣩥
okddyc	𣩦
okdduj	𣩧
okddye	𣩨
okpidd	𣩩
okddsv	𣩪
okddye	𣩫
okyusi	𣩭
okddhv	𣩮
okddvd	𣩰
okqlsi	𣩴
oksvsi	𣩸
okddlj	𣩼
okddxl	𣩽
okddlo	𣩿
okdddm	𣪀
okddzj	𣪁
okdjuu	𣪂
okqmuu	𣪄
okvguu	𣪅
okhcuu	𣪆
okguuu	𣪇
okdouu	𣪈
okqquu	𣪋
okdzuu	𣪌
okyruu	𣪓
okbmuu	𣪖
okvouu	𣪙
okxiuu	𣪚
okgkuu	𣪜
okyuuu	𣪟
okwwuu	𣪡
oktkuu	𣪢
okkjuu	𣪦
okzduu	𣪮
okgsuu	𣪯
okwjuu	𣪰
okqiuu	𣪱
okvjuu	𣪵
okcjuu	𣪶
okqnuu	𣪽
okthuu	𣪿
okycuu	𣫁
okgund	𣫉
okqmuu	𣫍
okuzuu	𣫐
oksruu	𣫑
oktmdm	𣫕
okqmuu	𣫢
okliuu	𣫧
okguhv	𣫪
okwfmu	𣫭
okzimu	𣫮
okmumu	𣫯
okmuba	𣫰
okyymu	𣫱
okmudk	𣫲
okgvmu	𣫴
okdadu	𣫵
okxndu	𣫶
okmwbj	𣫷
okmwui	𣫸
okjxdu	𣫹
okmwyu	𣫺
okmwwj	𣫼
okmwrs	𣫾
okmwlu	𣬁
okbigj	𣬂
okbiff	𣬄
okbibi	𣬅
okbifj	𣬆
okxbbi	𣬈
okxbbi	𣬉
okbikd	𣬊
okmnbi	𣬍
oktsky	𣬑
okmcer	𣬜
okmcln	𣬝
okmcdc	𣬞
okmcdc	𣬟
okmcji	𣬠
okirmc	𣬡
okmcjb	𣬢
okmckz	𣬣
okmcer	𣬤
okmczi	𣬥
okkzmc	𣬦
okmckz	𣬧
okmcjq	𣬨
okffmc	𣬩
okfumc	𣬪
okmcjp	𣬫
okmcji	𣬬
okpimc	𣬮
okmcdz	𣬯
okmcri	𣬰
okmccs	𣬱
okmcwf	𣬲
okmcnq	𣬳
okmcqm	𣬴
okfhmc	𣬵
okmcba	𣬶
okbamc	𣬷
okvcmc	𣬸
oklkmc	𣬹
okugmc	𣬺
okigmc	𣬻
okmcpi	𣬼
okmcwu	𣬽
okpimc	𣬾
okmcva	𣬿
okbcmc	𣭀
okcimc	𣭁
okuimc	𣭂
okqqmc	𣭃
oknumc	𣭄
okmcmc	𣭅
okmctd	𣭆
okmcmu	𣭇
okmcbi	𣭈
okmcli	𣭉
okmcyz	𣭊
okmcjx	𣭋
okmcuu	𣭍
okmcgu	𣭎
okmcui	𣭏
okmcww	𣭐
okmciu	𣭑
okmcmu	𣭒
okmcvi	𣭓
okmclk	𣭔
okmcvf	𣭕
okhcmc	𣭖
okfumc	𣭘
okmcni	𣭙
okmcbc	𣭚
okmcfj	𣭛
okmcyu	𣭜
okmche	𣭝
okmcer	𣭞
okxmmc	𣭟
okrumc	𣭠
okxmmc	𣭡
oklcmc	𣭢
okmcbi	𣭤
okmcjb	𣭥
okmcis	𣭦
okmcdo	𣭧
okmcmk	𣭨
okmcfu	𣭩
okmcue	𣭪
okjrmc	𣭮
okmcyi	𣭯
okmzmc	𣭰
okmcxn	𣭱
okysmc	𣭲
okqqmc	𣭳
okmcuu	𣭴
okuumc	𣭵
okjxmc	𣭶
okbomc	𣭷
okhjmc	𣭸
okzumc	𣭻
oknnmc	𣭼
okifmc	𣭽
okmcfu	𣭾
okmcns	𣭿
oklimc	𣮀
okmcxq	𣮁
okmcli	𣮂
okmcdd	𣮃
okmcto	𣮄
okmcua	𣮅
okdvmc	𣮆
okwumc	𣮇
okqumc	𣮈
okldmc	𣮉
okdemc	𣮊
okjpmc	𣮌
okmcqp	𣮍
okmcky	𣮎
okmcbw	𣮐
okmcih	𣮑
okggmc	𣮒
okgomc	𣮔
okmcmm	𣮗
okmcjk	𣮘
okmcfh	𣮙
okmcqk	𣮛
okmcuh	𣮜
okmcue	𣮞
oksjmc	𣮟
okbfmc	𣮡
okxlmc	𣮢
okmcgg	𣮣
okmczs	𣮤
okndmc	𣮦
okbkmc	𣮧
okmcyu	𣮨
okmcqq	𣮩
okrzmc	𣮪
okxxmc	𣮫
okqbmc	𣮭
okmwmc	𣮮
okxxmc	𣮱
okmchs	𣮴
okyumc	𣮵
okmcxk	𣮶
okmche	𣮷
okmcuz	𣮹
okmcmw	𣮺
okmcmm	𣮻
okmcdr	𣮼
okmmmc	𣮿
okmcmc	𣯀
okmcyu	𣯁
okmcbc	𣯂
okzimc	𣯃
okqimc	𣯆
okgcmc	𣯇
okmcph	𣯊
okmcru	𣯋
oksomc	𣯌
okmcsy	𣯍
okwfmc	𣯎
okmcrs	𣯏
okmcwu	𣯑
okmcju	𣯒
okmcrs	𣯔
okmcgc	𣯖
okmcqi	𣯘
okmcch	𣯙
okmcsz	𣯜
okphmc	𣯟
okmcso	𣯢
okmcli	𣯤
okmcxi	𣯥
okjimc	𣯦
okmccv	𣯧
okcsmc	𣯨
okmcmj	𣯩
okmcxi	𣯪
okmclz	𣯫
okmhmc	𣯬
okximc	𣯮
okcvmc	𣯯
okpwmc	𣯱
okmomc	𣯳
okmcbi	𣯴
okdimc	𣯵
okmccj	𣯶
okqumc	𣯸
okqnmc	𣯹
okbfmc	𣯻
oksumc	𣯼
okpumc	𣯽
okmczg	𣯿
okmcfa	𣰀
okmcrj	𣰂
okmcdg	𣰆
okmcji	𣰈
okbimc	𣰉
oknsmc	𣰊
okgemc	𣰌
okmcww	𣰏
okqqmc	𣰐
okmclw	𣰑
okmcww	𣰒
okmczc	𣰕
okbdqn	𣰗
okmcjb	𣰙
oksrmc	𣰚
okmcvd	𣰞
oklvmc	𣰢
okmczs	𣰤
okmcmg	𣰥
okmcjm	𣰦
okbbmc	𣰨
okmcic	𣰩
okmcie	𣰪
okmcmd	𣰬
oklumc	𣰯
okmcls	𣰵
okxlmc	𣰶
okmcnp	𣰼
okmcqu	𣰽
okmcch	𣰾
oklimc	𣰿
okmclo	𣱀
okbmmc	𣱂
okyjmc	𣱄
okwhmb	𣱅
okhuui	𣱆
oksiui	𣱇
okmbba	𣱈
okyymb	𣱉
okppdi	𣱊
okqidc	𣱕
okqibk	𣱖
okqinv	𣱘
okqiyt	𣱙
okqidd	𣱚
okqiho	𣱛
okqids	𣱝
okqidd	𣱞
okqitm	𣱟
okqili	𣱠
okxyqi	𣱡
okqiyi	𣱢
okqiky	𣱣
okqihu	𣱤
okqipf	𣱦
okqivs	𣱧
okqijm	𣱨
okqipn	𣱪
okxiqi	𣱬
okqiqk	𣱮
okqipn	𣱯
okuvhg	𣱲
okhguv	𣱳
okuvve	𣱴
okwfuv	𣱵
okuvbu	𣱶
okihuv	𣱷
okuvru	𣱸
okdcuv	𣱹
okuvba	𣱺
okuvji	𣱻
okuvdc	𣱼
okuvnd	𣱽
okuvln	𣱾
okuvru	𣱿
okuvuj	𣲀
okiruv	𣲂
okuvji	𣲆
okuviu	𣲇
okysdc	𣲈
okuvxx	𣲉
okuvwf	𣲋
okuvwu	𣲍
okjbuv	𣲎
okuvpu	𣲏
okuvzz	𣲓
okuvww	𣲗
okuvwu	𣲘
okuvuv	𣲙
okuvrf	𣲚
okjkuv	𣲜
okuvva	𣲞
okuvnm	𣲟
okuvdd	𣲠
okuvee	𣲣
okuvjp	𣲤
okuvdj	𣲥
okuvuc	𣲦
okuvho	𣲧
okuvya	𣲨
okuvba	𣲩
okuvji	𣲪
okuvyb	𣲫
okuvuz	𣲬
okuvmc	𣲭
okbuuv	𣲮
okuvba	𣲯
okuvvi	𣲰
okhouv	𣲱
okuvhe	𣲲
okuvpo	𣲳
okfuuv	𣲴
okuvvi	𣲵
okuvrj	𣲹
okuvug	𣲾
okguuv	𣳂
okfguv	𣳆
okuvzo	𣳇
okuvxm	𣳈
okuvsi	𣳉
okuvvg	𣳋
okuvpi	𣳎
okuvuf	𣳑
okuvka	𣳓
okuvys	𣳔
okwwuv	𣳕
okuvgu	𣳖
okuvmu	𣳗
okuvfj	𣳜
okuvpi	𣳟
okuvmu	𣳠
okuvwu	𣳡
okuvwd	𣳢
okuvxb	𣳦
okuvdv	𣳨
okuvci	𣳩
okuvli	𣳪
okuvfz	𣳬
okuvlv	𣳮
okuvnj	𣳲
okxiuv	𣳳
okuvlw	𣳵
okziuv	𣳻
okuvdo	𣳼
okjruv	𣳾
okuvyu	𣳿
okuvhd	𣴃
okuvyu	𣴆
okuvyj	𣴇
okuvse	𣴊
okuvsi	𣴍
okyhuv	𣴎
okysys	𣴏
oklcuv	𣴐
okuvjm	𣴒
okuvjm	𣴓
okuvdo	𣴙
okuvrs	𣴛
okuvto	𣴜
okuvvc	𣴝
okuvvl	𣴣
okuvkl	𣴥
okguuv	𣴲
okuvzo	𣴳
okmwuv	𣴴
okuvzo	𣴶
okuvic	𣴷
okuvbo	𣵁
okuvil	𣵄
okuvjq	𣵇
okuvli	𣵎
okuvie	𣵐
okuvwf	𣵓
okuvxq	𣵛
okbobu	𣵝
okuvty	𣵞
okuvui	𣵠
okuvhj	𣵡
okuvhe	𣵣
okuvdj	𣵤
okuvdm	𣵦
okuvyj	𣵧
okuvvu	𣵪
okuvbh	𣵮
okivuv	𣵯
okuvlb	𣵰
okuvbj	𣵲
okysuv	𣵳
okuvyb	𣵴
okuvji	𣵵
okuviv	𣵶
okuvhj	𣵷
okuvto	𣵻
okuvgj	𣵼
okuvya	𣵾
okuvkj	𣵿
okmupm	𣶁
okuvwh	𣶂
okuvvo	𣶃
okuvqs	𣶆
okuvli	𣶇
okuvwh	𣶈
okuvhu	𣶉
okuvmo	𣶊
okuvvi	𣶋
okuvvl	𣶍
okuvjp	𣶏
okpmpj	𣶒
okuvhx	𣶩
okuvwh	𣶪
okuvvi	𣶫
okuvji	𣶬
okuvlu	𣶭
okuvmf	𣶯
okuvaa	𣶰
okuvvi	𣶱
okuvvs	𣶴
okuvcd	𣶶
okuvbk	𣶸
okuvyi	𣶺
okuvff	𣶼
okuvyy	𣶽
okuvmi	𣶿
okuvdm	𣷀
okuvbc	𣷂
okuvgg	𣷄
okuvji	𣷉
okuvyu	𣷌
okuvhe	𣷓
okuvfh	𣷔
okquuv	𣷗
okjxuv	𣷚
okuvmk	𣷠
okuvvs	𣷡
okuvgh	𣷣
okuvfh	𣷫
okuvbi	𣷭
okuvjb	𣷯
okuvyj	𣷰
okuvui	𣷱
okuvso	𣷲
okuvdi	𣷳
okuvbn	𣷴
okuvbm	𣷷
okuvvi	𣷸
okuvqb	𣷽
okuvgv	𣷾
okuvko	𣸅
okuvbm	𣸇
okjkqr	𣸕
okvuye	𣸚
okuvxt	𣸛
okuvpj	𣸜
okuvbi	𣸢
okuvbf	𣸣
okuvyj	𣸥
okuvyk	𣸨
okuvdy	𣸩
okuvfu	𣸪
okuvlw	𣸫
okuvvc	𣸬
okuvyu	𣸭
okuvyr	𣸱
okuvqi	𣸲
okuvww	𣸵
okuvcj	𣸶
okuvpk	𣸹
okuvmc	𣸻
okuvdm	𣸾
okboff	𣹁
okuvdr	𣹂
okqmuv	𣹅
okuake	𣹇
okuvfu	𣹋
okuvsv	𣹑
okuvtd	𣹓
okuvlv	𣹕
okuvvf	𣹗
okuvdd	𣹘
okuvyu	𣹙
okuvhl	𣹛
okuvji	𣹜
okuvvs	𣹞
okuvgs	𣹟
okuvyr	𣹠
okuvqi	𣹡
okuvqm	𣹥
okuvvd	𣹧
okuvku	𣹫
oklquv	𣹭
okbdqr	𣹻
okuvyj	𣺂
okuvyi	𣺈
okuvlb	𣺉
okuvjx	𣺊
okuvxi	𣺋
okeruc	𣺌
oklwui	𣺐
okuvxr	𣺕
okuvgs	𣺖
okuvcc	𣺞
okuvcd	𣺠
okuviu	𣺥
okuvvi	𣺦
okuouv	𣺩
okuvyr	𣺪
okuvxq	𣺫
okuvhl	𣺬
okuvtc	𣺮
okuvuc	𣺰
okuvsy	𣺱
okyhho	𣺸
okuvvj	𣺹
okuvtu	𣺺
okuvah	𣺻
okuvdh	𣺼
okuvba	𣺽
okuvru	𣺾
okuvna	𣻀
okuvvf	𣻁
okuvve	𣻂
okuvbw	𣻃
okuvxu	𣻄
okjiua	𣻅
okuvsy	𣻆
okuvtv	𣻇
okuvfg	𣻈
okuvxn	𣻏
okuvua	𣻑
okuvjk	𣻓
okuvma	𣻕
okuvyi	𣻗
okuvuc	𣻘
okuvuu	𣻚
okuvis	𣻛
okuvfu	𣻜
okuvxp	𣻠
okuvll	𣻡
okuvts	𣻢
okuvnm	𣻧
okuvue	𣻪
oklwyu	𣻫
okqriu	𣻮
okqkuv	𣻯
okuvww	𣻰
okuvvz	𣻱
okuvqk	𣻳
okuvww	𣻷
okuvih	𣻸
okuvjm	𣻹
okuvji	𣻺
okuvgr	𣻻
okuvhc	𣻼
okuvjk	𣻽
oknpuc	𣻾
okuvuf	𣻿
okyhys	𣼁
okuvdj	𣼈
okuvmd	𣼊
okuvly	𣼍
okuvqt	𣼎
okuvyj	𣼐
okmifu	𣼔
okuvli	𣼖
okuvvl	𣼥
okuvlv	𣼧
okuvyb	𣼩
okuvye	𣼫
okuvdv	𣼭
okuvui	𣼮
okuvpw	𣼯
okuvou	𣼱
okuvww	𣼲
okuvvi	𣼳
okuvrr	𣼴
okuvli	𣼵
okuvwf	𣼶
okuvle	𣼷
okuvga	𣼸
okuvyj	𣼹
okuvif	𣼼
okuvlh	𣼽
okuvln	𣼾
okuvgo	𣽅
okuvvu	𣽆
oklwgc	𣽋
okuvee	𣽏
okuvvo	𣽗
okuvda	𣽛
okjlfg	𣽝
okuvkr	𣽟
okuvbo	𣽡
okuvce	𣽤
okuvqb	𣽧
okuvhj	𣽬
okuvyc	𣽮
okuvqm	𣽲
okuvkv	𣽴
okuvci	𣽷
okuvjn	𣽸
okuvbn	𣽼
okuvig	𣽿
okuvqi	𣾁
okuvdm	𣾇
okuvlm	𣾍
okuvqi	𣾏
okuvyi	𣾐
okuvsh	𣾓
okuvqb	𣾔
okuvlk	𣾖
okuvmn	𣾜
okuvqb	𣾠
okuvvh	𣾦
okuvrv	𣾫
okuvjt	𣾵
okuvdv	𣾶
okuvqn	𣾷
okuvti	𣾸
okuvyi	𣾹
okuvve	𣾻
okuvyt	𣾼
okuvqn	𣾽
okuapz	𣾾
okuvww	𣾿
okuvsv	𣿂
okuvsv	𣿄
okuvds	𣿅
okuvfu	𣿆
okuvvi	𣿉
okuvee	𣿌
okuvzw	𣿐
okuvzv	𣿓
okuvpn	𣿖
okuvyh	𣿘
okuvfg	𣿝
okuvgo	𣿞
okuvjx	𣿦
okuvyk	𣿩
okuvdc	𣿪
okuvdp	𣿫
okuvhv	𣿬
okuvyi	𣿭
okuvkv	𣿮
okuvnc	𣿸
okuvyr	𣿹
okuvyc	𣿺
okuvjm	𣿽
okuvyt	𤀀
okuvjk	𤀂
okuvmg	𤀄
okhdsi	𤀇
okuvjl	𤀌
okuvui	𤀏
okuvdi	𤀐
okuvyu	𤀒
okuvlu	𤀓
okuvyb	𤀔
okuvse	𤀕
okuvww	𤀖
okxilv	𤀗
okuvmk	𤀙
oknild	𤀛
okuvjk	𤀜
okuvvu	𤀞
okuvxi	𤀠
okfaks	𤀢
oklwyr	𤀣
okuvsr	𤀤
okuvvu	𤀥
okuvwf	𤀳
okjbyu	𤀷
okuvjx	𤀺
okuvlv	𤀼
okuvqi	𤀽
okuvvh	𤁀
okuvui	𤁂
okmjuj	𤁃
okuvtd	𤁅
okuvrs	𤁇
okuvli	𤁋
okuvge	𤁐
okuvyi	𤁒
okuvyc	𤁓
okuvkv	𤁔
okuvla	𤁕
okuvlo	𤁖
okuvmm	𤁗
okveyy	𤁛
okuvmb	𤁝
okmjuv	𤁞
okuvyc	𤁠
okuvii	𤁧
okuvvi	𤁩
okhoye	𤁪
okuvcd	𤁱
okuvie	𤁲
okuvju	𤁴
okuvui	𤁷
okuvln	𤁸
okmjtm	𤂀
okuvdn	𤂂
okfuhu	𤂆
okuvlm	𤂍
okuvxm	𤂐
okuvyk	𤂖
okuvmc	𤂚
okuvxn	𤂣
okuvpg	𤂧
okuvmo	𤂨
okuvvf	𤂪
okuvpf	𤂫
okuvlw	𤂬
okuvzv	𤂭
okuvli	𤂱
okuvtg	𤂵
okuvlj	𤂺
okuvyu	𤂻
okuvxy	𤃂
okuvtj	𤃅
okuvhr	𤃆
okuvyj	𤃇
okuvtz	𤃌
okuvfw	𤃍
okuvbi	𤃎
okuvgr	𤃗
okuvpn	𤃛
okuvln	𤃜
okuvyk	𤃡
okuvta	𤃧
okuvhs	𤃫
okuvmi	𤃰
okuvho	𤄀
okuvve	𤄁
okuvgg	𤄂
okuvko	𤄃
okmujq	𤄄
okuvli	𤄆
oklbuv	𤄈
okuvzs	𤄋
okvemp	𤄌
okjqlq	𤄍
okuvza	𤄖
okuvxn	𤄙
okuvpb	𤄠
okyuwo	𤄣
okpjgs	𤄤
okuvji	𤄬
okuvti	𤄭
okuvyj	𤄰
okuvvf	𤄱
okuvjb	𤄲
okuvlo	𤄷
okuvlw	𤄹
okuvbm	𤄺
okuvxi	𤄽
okuvli	𤄿
okuvlw	𤅀
okuvta	𤅂
okuvxm	𤅊
okuvrh	𤅑
okuvji	𤅔
okuviz	𤅕
okuvpb	𤅖
okuvyj	𤅙
okuvpn	𤅜
okuvlu	𤅟
okuvmo	𤅠
okuviy	𤅧
okhjnn	𤅩
okuvyi	𤅮
okuvgu	𤅱
okvoqi	𤅴
okuvsv	𤅵
okuvbm	𤅶
okuvlk	𤅷
okuvyj	𤅸
okuvxb	𤅺
okhohg	𤆂
oksiho	𤆃
okndho	𤆄
okrfho	𤆅
okyzho	𤆆
okhobi	𤆇
okhond	𤆈
okdkho	𤆉
okhobu	𤆊
okruho	𤆋
okhoyz	𤆌
okdaho	𤆍
okuzho	𤆎
okhokv	𤆏
okjqho	𤆐
okhoir	𤆑
okhogl	𤆓
okjiho	𤆔
okrfho	𤆕
okkzho	𤆗
okhofj	𤆘
okhosj	𤆜
okhopu	𤆝
okhowu	𤆞
okhoyi	𤆟
okhogs	𤆠
okhowu	𤆡
okholy	𤆢
okhoji	𤆣
okhors	𤆤
okhoyy	𤆥
okhowh	𤆦
okhouv	𤆩
okvsho	𤆪
okmcho	𤆬
okhoug	𤆭
okhofu	𤆮
oklcho	𤆯
okmuho	𤆰
okuvho	𤆲
okhoba	𤆵
okhoff	𤆶
okhohx	𤆷
okhoxb	𤆸
okhoya	𤆹
okhoks	𤆺
okhoqp	𤆻
okhonk	𤆼
okhocc	𤆽
okhodj	𤇁
okhoug	𤇂
okholi	𤇃
okhouj	𤇄
okhoqp	𤇅
okuiho	𤇈
okhopk	𤇊
okhoui	𤇋
okhogu	𤇌
okuuho	𤇍
okigho	𤇏
okthho	𤇑
okhoce	𤇒
okugho	𤇓
okheho	𤇕
okwjho	𤇘
okhoqp	𤇙
okhoii	𤇚
okhomb	𤇜
okfuho	𤇝
okjxho	𤇞
okhuho	𤇠
okdiho	𤇡
okhobd	𤇢
okhoug	𤇣
okhoqn	𤇤
okholi	𤇥
okhowu	𤇦
okhoui	𤇧
okhopi	𤇨
okhobi	𤇩
okhovf	𤇪
okheho	𤇫
okciho	𤇬
okhols	𤇭
okhofj	𤇮
okyiho	𤇯
okfaho	𤇰
okrfho	𤇲
okhoxu	𤇳
okifho	𤇴
okhoig	𤇶
okppho	𤇷
okifho	𤇸
okhobi	𤇹
okhojl	𤇺
okhodh	𤇻
okhoan	𤇼
okhors	𤇽
okhomi	𤇿
okhouz	𤈁
okhoji	𤈄
okhoxi	𤈇
okgsho	𤈈
okgsho	𤈉
okhocy	𤈊
okhoxl	𤈍
okhoxy	𤈎
okhoue	𤈏
okhovu	𤈐
okhofz	𤈒
okdoho	𤈕
okseho	𤈖
okholp	𤈘
okhoyi	𤈙
okhogl	𤈛
okhovi	𤈜
okhoai	𤈝
okholw	𤈞
okruho	𤈟
okhoyu	𤈠
okxqho	𤈢
okfzho	𤈣
okhoxs	𤈤
okhoww	𤈦
okhoyi	𤈧
okyhho	𤈩
okhojp	𤈪
okhoyr	𤈶
okhoqm	𤈷
okujyj	𤈹
okhohs	𤈻
okhoxb	𤈼
okhohg	𤈽
okqqho	𤈿
okgjho	𤉀
okwwho	𤉂
okhorf	𤉃
okuiho	𤉄
okjyho	𤉅
okhowu	𤉇
okliho	𤉉
okigho	𤉋
okliho	𤉌
okholc	𤉍
okucho	𤉎
okhovi	𤉒
okhvyz	𤉓
okhozo	𤉔
okyzhv	𤉕
okhoie	𤉖
okhoxn	𤉗
okhoyj	𤉘
okhojy	𤉙
okhoiv	𤉚
okhozo	𤉛
okhoil	𤉜
okccyj	𤉞
okufho	𤉠
okhobi	𤉤
okhoww	𤉦
okhoho	𤉨
okhoyu	𤉪
okvijs	𤉭
okycho	𤉲
okhozs	𤉳
okhoyc	𤉶
okhoju	𤉸
okhoho	𤉹
okhojr	𤉼
okdmho	𤉽
okpzho	𤉿
okhoxt	𤊀
okvjho	𤊁
okhoyi	𤊃
okhoqi	𤊄
okjiho	𤊅
okhoff	𤊈
okhomk	𤊉
okhofh	𤊊
okhojp	𤊍
okhogu	𤊎
okpgho	𤊏
okhouz	𤊐
okxbho	𤊑
okholu	𤊒
okhoer	𤊓
okhobk	𤊔
okhocd	𤊕
okyaho	𤊗
okwuho	𤊘
okvvho	𤊙
okhoih	𤊞
okhodk	𤊟
okhofg	𤊡
okhode	𤊢
okvuhv	𤊣
okhoyj	𤊤
okholk	𤊥
okhofh	𤊦
okhovi	𤊧
okhoho	𤊨
okholb	𤊩
okhopo	𤊫
okhofw	𤊬
okvyho	𤊯
okhobm	𤊰
okhoji	𤊵
okhoci	𤊶
okhobw	𤊷
okxmho	𤊸
okhobo	𤊹
okhotr	𤊺
okhomc	𤊻
okyjgj	𤊼
okyhho	𤋁
okqqho	𤋃
okwuyj	𤋆
okhopk	𤋊
oksvho	𤋌
okqmho	𤋎
okholz	𤋏
okhoyc	𤋑
okhovi	𤋖
okxuho	𤋗
okhosi	𤋘
okhomn	𤋙
okvcho	𤋜
okhofu	𤋟
okhoyt	𤋢
okqqho	𤋦
okhoxl	𤋭
okvsho	𤋱
okhodd	𤋵
okholk	𤋶
okhozz	𤋷
okhoqi	𤋸
okhoku	𤋹
okhovf	𤋺
okhopd	𤋻
okhoku	𤋼
okhojp	𤋽
okhoyb	𤋾
okhovo	𤋿
okhoji	𤌀
okhove	𤌄
okhojl	𤌅
okhowu	𤌆
okbwho	𤌈
okzdho	𤌊
okhogv	𤌋
okhohe	𤌍
okhowg	𤌏
okhogh	𤌗
okhoso	𤌘
okhohv	𤌚
okvyho	𤌞
okhosu	𤌣
okhoxx	𤌤
okhoge	𤌦
okhosh	𤌧
okbnho	𤌩
okhoma	𤌬
okhovf	𤌭
okhovf	𤌯
okhoxi	𤌳
okhojp	𤌴
okhong	𤌶
okhocc	𤌸
okgcho	𤌾
okhoji	𤌿
okuaho	𤍁
okhohd	𤍃
okhozu	𤍄
okholp	𤍅
okhoru	𤍇
okhoqi	𤍈
okhosu	𤍊
okqiho	𤍋
okuglk	𤍌
okholh	𤍎
okhozi	𤍏
oktvho	𤍐
okhovs	𤍑
okhoic	𤍒
okyeho	𤍓
okhovj	𤍖
okwjjs	𤍘
okhocj	𤍜
okpnho	𤍟
okviho	𤍠
okyjtu	𤍢
okhovh	𤍤
okuuho	𤍨
okhogo	𤍪
okdvho	𤍫
okgvho	𤍮
okhoqm	𤍯
okxtho	𤍱
okhohr	𤍲
okqtho	𤍳
okhoif	𤍴
okjlho	𤍵
okholw	𤍶
okhovr	𤍿
okhoyj	𤎄
okaoho	𤎅
okhoth	𤎌
okhogo	𤎍
okhoma	𤎎
okhoni	𤎐
okhovi	𤎒
okqklk	𤎓
okhoyh	𤎔
okhoxi	𤎕
okhokh	𤎖
okhoyb	𤎛
okholh	𤎜
okyjho	𤎝
okviyj	𤎢
oklcuc	𤎤
okboyj	𤎥
okbiho	𤎨
okdvho	𤎩
okzgho	𤎯
okzgho	𤎰
okhojy	𤎱
okholl	𤎲
okhoww	𤎶
okhoxn	𤎻
okjqho	𤎼
okhogr	𤎽
okjqho	𤏅
okzsho	𤏇
okhoyi	𤏈
okqbho	𤏊
okhofa	𤏋
okhojm	𤏐
okihyj	𤏒
okhohc	𤏔
okhoti	𤏖
okhosf	𤏗
okhoho	𤏘
okhoyj	𤏚
okbwho	𤏛
okwwho	𤏜
okvilu	𤏝
okfuwu	𤏠
okjiho	𤏡
okhodv	𤏢
okhosu	𤏣
okxiho	𤏤
okhojp	𤏦
okhoda	𤏧
okhoxi	𤏨
okxyho	𤏩
okholc	𤏪
okhobi	𤏫
okhoil	𤏬
okhoih	𤏮
okhobi	𤏰
okhove	𤏲
okhogv	𤏳
okxiho	𤏴
okhovu	𤏸
okbwho	𤏹
okrfho	𤏼
okhojl	𤐀
okqbho	𤐂
okhojp	𤐃
okhojm	𤐄
okhoqy	𤐆
okhogj	𤐉
okhobc	𤐊
okhoye	𤐌
okhovj	𤐐
okhoua	𤐑
okhovj	𤐒
okhoxi	𤐓
okyjjy	𤐕
okhojb	𤐖
okhopi	𤐙
okhonc	𤐛
okhoww	𤐜
okholw	𤐝
okyjku	𤐞
okholu	𤐠
okhokk	𤐡
okhodk	𤐣
okhoxi	𤐤
okyjyk	𤐥
okhoer	𤐨
okhouz	𤐭
okhoho	𤐰
okhojx	𤐵
okhohc	𤐶
okhotd	𤐽
okkuho	𤐿
okvijm	𤑃
okhoyu	𤑉
okyjyk	𤑋
okwuky	𤑎
okfuho	𤑏
okfuho	𤑐
okviic	𤑗
oktgho	𤑘
okhoyk	𤑚
okholm	𤑞
okholu	𤑟
okhohv	𤑡
okhoui	𤑦
okhopg	𤑫
okholi	𤑬
okholw	𤑭
okhomo	𤑮
okhojm	𤑯
okholb	𤑲
okhoxn	𤑳
oktjyj	𤑶
okholj	𤑸
oksvho	𤑾
okholm	𤑿
okholm	𤒄
okhogv	𤒅
okhoyj	𤒈
okhopu	𤒊
okhoma	𤒌
okhoxt	𤒎
okhofu	𤒔
okzcho	𤒕
okhodu	𤒘
okvfuu	𤒙
okhons	𤒚
oklmho	𤒡
okholm	𤒤
oklmho	𤒥
okholm	𤒦
okhoyk	𤒨
okhoyi	𤒩
okhoui	𤒴
oktcho	𤒵
okwfho	𤒸
okglyj	𤒼
okhoxy	𤓂
okhojm	𤓃
okholj	𤓆
oknjho	𤓉
okhobm	𤓋
okhonj	𤓌
okhozj	𤓎
okhomi	𤓒
okholo	𤓓
okqrho	𤓘
okhoij	𤓙
okhoyc	𤓛
okyjli	𤓧
okyjxt	𤓨
okhobm	𤓩
okvxyi	𤓱
okvxer	𤓲
okvxqi	𤓳
okvxxi	𤓵
okvxdz	𤓺
okvxtm	𤓻
okvxff	𤓼
okvxnu	𤔀
okcdve	𤔁
okvxmc	𤔃
okvxke	𤔄
okvxui	𤔅
okvxys	𤔆
okvxqp	𤔈
okvxtm	𤔉
okvxju	𤔋
okjivx	𤔎
okvxvu	𤔏
okvxlv	𤔑
okgovx	𤔖
okquvx	𤔛
okvxfu	𤔜
okyuvx	𤔝
okvxww	𤔡
okvxzc	𤔢
okvxsz	𤔣
okycmu	𤔥
okmavx	𤔨
okvxgo	𤔩
okvxmj	𤔫
okvxbi	𤔯
okycqu	𤔱
okvxdh	𤔶
okykvg	𤔷
okmgvx	𤔻
okvxmg	𤔽
okmgvx	𤔾
okxiiu	𤕂
okfuyu	𤕎
okfuuj	𤕏
okfukd	𤕑
okfuke	𤕒
okfuxp	𤕓
okvafu	𤕔
okfuyi	𤕕
okfuqu	𤕖
okfugs	𤕙
okycpu	𤕝
okycnk	𤕞
okycpi	𤕟
okycuz	𤕠
okhgpj	𤕫
okpjhg	𤕬
okpjyz	𤕭
okpjye	𤕮
okpjuv	𤕯
okpjpm	𤕰
okpjqp	𤕲
okpjba	𤕳
okpjlk	𤕵
okpjvc	𤕷
okpjvl	𤕸
okpjci	𤕹
okpjwu	𤕻
okpjbm	𤕽
okpjqq	𤕾
okpjfg	𤖀
okpjuu	𤖂
okpjli	𤖃
okpjgo	𤖇
okpjbk	𤖉
okpjui	𤖌
okpjji	𤖏
okpjsh	𤖒
okpjze	𤖓
okpjhl	𤖖
okpjbf	𤖘
okjldj	𤖛
okpjlk	𤖜
okpjvj	𤖝
okpjji	𤖞
okpjpi	𤖟
okpjln	𤖡
okpjli	𤖢
okpjlk	𤖦
okpmve	𤖨
okpmnv	𤖩
okpmye	𤖪
okpmfj	𤖫
okpmuu	𤖬
okpmff	𤖭
okpmgz	𤖮
okpmbu	𤖯
okpmhe	𤖱
okpmgu	𤖲
okpmpk	𤖳
okpmii	𤖴
okpmju	𤖵
okpmbk	𤖶
okpmpi	𤖷
okpmvu	𤖸
okpmli	𤖹
okpmlp	𤖺
okpmdo	𤖻
okpmpd	𤖼
okpmxl	𤖽
okpmts	𤖾
okpmll	𤗀
okpmzu	𤗁
okpmqq	𤗂
okpmfu	𤗃
okpmcs	𤗄
okpmmw	𤗆
okpmks	𤗇
okpmqp	𤗈
okpmfw	𤗋
okpmbw	𤗌
okpmwj	𤗍
okpmyj	𤗎
okpmpz	𤗏
okpmfh	𤗐
okpmhu	𤗑
okpmig	𤗓
okpmmg	𤗖
okpmds	𤗗
okpmui	𤗘
okpmfu	𤗚
okpmjm	𤗛
okpmxx	𤗜
okpmyu	𤗝
okpmtk	𤗞
okqbpm	𤗟
okvepm	𤗡
okpmsi	𤗢
okpmgs	𤗤
okpmge	𤗦
okpmgv	𤗧
okpmxi	𤗨
okpmlv	𤗪
okpmli	𤗫
okpmlz	𤗬
okpmze	𤗮
okpmcv	𤗯
okpmcc	𤗰
okpmcj	𤗲
okpmfa	𤗳
okpmgv	𤗴
okpmhl	𤗶
okpmlb	𤗷
okpmbf	𤗸
okpmfj	𤗹
okpmpi	𤗺
okpmvj	𤗻
okpmse	𤗼
okpmye	𤗽
okpmdh	𤗾
okpmtd	𤗿
okpmuz	𤘀
okpmmg	𤘁
okpmmg	𤘂
okpmli	𤘃
okyazi	𤘅
okyaya	𤘆
okyavj	𤘇
okyajq	𤘈
okyawo	𤘋
okyaqi	𤘌
okyahy	𤘏
okyayu	𤘐
okyaqi	𤘑
okaoya	𤘒
okyank	𤘓
okhgnq	𤘔
oknqee	𤘕
oknqdk	𤘖
oknqmp	𤘗
oknqkz	𤘘
oknqnv	𤘙
oknqyi	𤘚
oknqyz	𤘜
okffnq	𤘝
oknqtm	𤘠
oknqjb	𤘡
oknqbu	𤘢
oknqyb	𤘣
okbinq	𤘤
oknqbi	𤘥
oknqjp	𤘦
oknqnq	𤘧
okjbnq	𤘨
okulnq	𤘩
oknqdj	𤘪
oknqty	𤘫
oknqmu	𤘬
oknqho	𤘭
okbunq	𤘮
oknqqm	𤘯
oknqqr	𤘲
oknqpu	𤘴
okrinq	𤘵
oknquz	𤘶
oknqpi	𤘹
oknqrj	𤘼
oknqju	𤘽
oknqpk	𤘾
okbwnq	𤘿
oknqvf	𤙁
oknqbf	𤙃
okjxnq	𤙄
oknqbu	𤙅
oknqjx	𤙇
oknqui	𤙈
oknqni	𤙌
oknqpi	𤙎
okqunq	𤙏
oknqka	𤙐
oknqge	𤙑
oknqts	𤙓
oknqvc	𤙔
oknqis	𤙕
okhenq	𤙖
okuznq	𤙘
oknqww	𤙙
oknqyu	𤙛
oknqxn	𤙜
oknqyi	𤙝
okiunq	𤙟
oknqqq	𤙠
oknqxb	𤙡
okhjnq	𤙣
oknqfu	𤙤
oknqke	𤙥
oknqui	𤙦
oknqjm	𤙧
oknquu	𤙨
oknqmw	𤙩
oknqvi	𤙪
oknqwu	𤙬
oknqfu	𤙭
oknqii	𤙮
oknqlc	𤙯
oknqde	𤙰
oknque	𤙱
okvinq	𤙲
oknqbw	𤙳
oknqvo	𤙴
oknqvv	𤙵
oknqjp	𤙶
oknqzs	𤙷
oknqhu	𤙹
okjrnq	𤙻
oknquh	𤙽
oknqbk	𤙾
oknqyt	𤙿
oknqcd	𤚀
okycnq	𤚁
oknqdi	𤚃
okmzmz	𤚅
okqunq	𤚉
oknqnm	𤚋
oknqii	𤚍
oknqyu	𤚎
oknqvs	𤚏
oknqmn	𤚐
oknque	𤚑
oknqjl	𤚖
oknqxr	𤚗
oknqyc	𤚘
oknqhr	𤚙
oknqdu	𤚚
oknqmm	𤚛
okuunq	𤚜
oknqhl	𤚝
oknqdd	𤚟
oknqdu	𤚡
oknqdi	𤚢
oknqmw	𤚤
okmzhj	𤚥
okvalc	𤚧
oknqqb	𤚩
oknqth	𤚫
oknqch	𤚬
oknqyc	𤚭
oknqiz	𤚯
oknqph	𤚰
oknqgu	𤚱
oknqqm	𤚳
oknqma	𤚴
okmzvo	𤚷
okgcnq	𤚸
oknqvr	𤚽
oknqru	𤚾
oknqwf	𤛁
oknqgv	𤛂
oknqxu	𤛅
oknqvf	𤛇
oknqxi	𤛊
oknqth	𤛋
oknqww	𤛌
oknqcv	𤛍
okmbnq	𤛎
oknqqu	𤛐
oknqys	𤛑
oknqmj	𤛔
oknqmh	𤛘
oknqxq	𤛛
oksunq	𤛝
oknqbi	𤛞
oknqlz	𤛠
oknqzg	𤛢
oknqhl	𤛥
oknqjt	𤛦
oknqxy	𤛧
oknqww	𤛨
oknqsv	𤛩
oknqmd	𤛬
oknqlc	𤛮
oknquu	𤛯
oknqww	𤛲
oknqjp	𤛳
oknqwj	𤛶
oknqse	𤛷
oknqgj	𤛸
oknqvd	𤛹
oknqli	𤛼
oknqyz	𤛾
okmzgj	𤜁
okwwnq	𤜂
oknqho	𤜅
oknqls	𤜆
oknqyk	𤜉
oknqch	𤜐
oknqlw	𤜖
oknqiy	𤜗
okmonq	𤜘
oknqlk	𤜙
okqrhg	𤜚
okqrli	𤜜
okqrji	𤜝
okqrba	𤜞
okqrjq	𤜟
okqrnd	𤜠
okqrer	𤜡
okqrxy	𤜢
okqrye	𤜣
okqrto	𤜤
okqryi	𤜥
okqrfj	𤜦
okjbqr	𤜧
okqrwh	𤜪
okqria	𤜫
okqruj	𤜬
okqrzi	𤜭
okqrcy	𤜮
okqrji	𤜯
okqrjb	𤜰
okqrba	𤜱
okfuqr	𤜲
okqryb	𤜴
okqrkd	𤜵
okqrvx	𤜶
okqrhu	𤜷
okqree	𤜸
okqrqm	𤜹
okqrbi	𤜻
okqryy	𤜼
okqrnw	𤜽
okqrji	𤜾
okqmqr	𤝀
okqrtd	𤝁
okqrmc	𤝄
okqrgs	𤝅
okqrqm	𤝆
okqruu	𤝈
okqryu	𤝉
okqrwf	𤝋
okqryr	𤝌
okqrri	𤝍
okqruv	𤝎
okqrbm	𤝏
okqrhc	𤝐
okqrfj	𤝑
okqriu	𤝒
okqrvj	𤝓
okqrfu	𤝔
okqrmu	𤝕
okqrvi	𤝖
okqrtm	𤝗
okqrhu	𤝘
okqrju	𤝙
okqruf	𤝚
okqrta	𤝛
okqrba	𤝜
okqruu	𤝞
okfuqr	𤝟
okqrdn	𤝠
okbdqr	𤝡
okqriu	𤝥
okqrmc	𤝩
okqrrj	𤝫
okqrdi	𤝬
okqrci	𤝭
okziqr	𤝮
okqrfu	𤝯
okqrhe	𤝰
okqryb	𤝱
okqrwu	𤝲
okqryi	𤝳
okqrbk	𤝴
okqrjl	𤝷
okqrmi	𤝸
okqrvu	𤝹
okqrdo	𤝻
okqrzi	𤝼
okqryu	𤝽
okqrkl	𤝿
okqris	𤞀
okqrvi	𤞂
okqrsv	𤞃
okqrpd	𤞅
okqrgv	𤞇
okqruu	𤞉
okqrlp	𤞊
okqrzc	𤞋
okqrvd	𤞌
okqrxi	𤞏
okqrcy	𤞐
okqrhv	𤞑
okqrgs	𤞒
okqrxm	𤞓
okqrui	𤞔
okqrzd	𤞕
okqrlw	𤞖
okqrjm	𤞗
okqrrf	𤞘
okqrxn	𤞚
okvlqr	𤞛
okqrfz	𤞜
okqrvi	𤞝
okqrgu	𤞞
okqrdz	𤞟
okqrua	𤞠
okqrxp	𤞡
okyrqr	𤞣
okqryj	𤞤
okqrdd	𤞥
okqrmw	𤞦
okqrky	𤞧
okqrfu	𤞨
okqrvu	𤞩
okqrlv	𤞪
okqrjp	𤞫
okqrns	𤞬
okqrjm	𤞭
okqrqq	𤞰
okqrui	𤞱
okqrfu	𤞲
okqrjn	𤞴
okqrwj	𤞵
okqrhj	𤞶
okqrgc	𤞺
okqrhj	𤞻
okqrlb	𤞼
okqrmh	𤞽
okzcqr	𤟀
okqrjp	𤟃
okqrks	𤟄
okqrua	𤟆
okqryj	𤟇
okqrds	𤟈
okqran	𤟉
okqrwj	𤟊
okjnli	𤟋
okqryi	𤟍
okqrqu	𤟎
okuuqr	𤟏
okqrli	𤟑
okqrih	𤟔
okqrcd	𤟖
okqruz	𤟗
okqrlu	𤟘
okviqr	𤟙
okqrtu	𤟛
okqryb	𤟟
okqrxu	𤟠
okqrhl	𤟡
okdyqr	𤟢
okqryk	𤟣
okqrjy	𤟤
okqrui	𤟥
okqrsi	𤟧
oksvqr	𤟩
okqrtu	𤟪
okdrqr	𤟮
okqrmm	𤟯
okqrci	𤟰
okqrfu	𤟱
okqrjl	𤟲
okgzff	𤟳
okqrjy	𤟴
okqrwd	𤟷
okqryu	𤟹
okqrhs	𤟼
okqrui	𤟽
okqrdi	𤟾
okqrxr	𤟿
okqruz	𤠁
okqrtd	𤠂
okqrjb	𤠃
okqrbw	𤠅
okqrai	𤠆
okqrge	𤠇
okqryk	𤠉
okxrqr	𤠊
okqrlz	𤠋
okqrid	𤠌
okqrbj	𤠍
okqrlq	𤠑
okqrxi	𤠓
okqryr	𤠔
okqrxu	𤠕
okqrgc	𤠖
okqrng	𤠗
okqrzc	𤠘
okqrge	𤠙
okqrsu	𤠚
okqrtk	𤠜
okqria	𤠝
okqruk	𤠠
okqrhe	𤠡
okqrhz	𤠣
okqrhl	𤠤
okqrsu	𤠫
okqrue	𤠭
okqriu	𤠮
okqrth	𤠯
okqrgz	𤠰
okqrai	𤠱
okqrqi	𤠲
okqrqi	𤠳
okqryr	𤠴
okqrvf	𤠶
okiiqr	𤠷
okqrlh	𤠸
okqrdd	𤠹
okqrbi	𤠺
okqrdi	𤠻
okqrqi	𤠽
okqrqu	𤠾
okqrjm	𤠿
okqryh	𤡀
okqrmj	𤡁
okqrlw	𤡂
okqrcs	𤡆
okqrhc	𤡇
okqrxu	𤡈
okqrlu	𤡊
okqrrr	𤡋
okqruu	𤡍
okqrcc	𤡐
okqrpn	𤡑
okqrye	𤡒
okqrgo	𤡓
okqrxn	𤡔
okqrnn	𤡕
okqrve	𤡖
okqrsj	𤡙
okqrji	𤡚
okqrhr	𤡟
okqrif	𤡠
okqrli	𤡢
okqrxu	𤡣
okqrxm	𤡥
okqrxm	𤡦
okqrrv	𤡧
oklbqr	𤡩
okqrsv	𤡪
okqryi	𤡬
okqrpg	𤡭
okqrrj	𤡮
okqrbj	𤡰
okqrgv	𤡱
okguqr	𤡵
okqrqu	𤡷
okqrxl	𤡸
okdmqr	𤡽
okeeqr	𤡾
okdaqr	𤡿
okqrxi	𤢀
okqrsu	𤢂
okqrih	𤢄
okqrnk	𤢆
okqrbi	𤢇
okqrdg	𤢈
okqrlu	𤢊
okqrqb	𤢌
okqrdh	𤢎
okqrdj	𤢏
okqrys	𤢐
okqrkv	𤢑
okqrxp	𤢔
okqrzc	𤢖
okqrlw	𤢗
okqryi	𤢛
okuuqr	𤢜
okqruu	𤢡
okqrpi	𤢣
okqrwj	𤢥
okqrhc	𤢨
okqrsv	𤢩
okqrtd	𤢬
okqrhc	𤢭
okqryb	𤢲
okqrbi	𤢳
okqrle	𤢴
okqrwj	𤢵
okqrqs	𤢶
okqrln	𤢸
okqrui	𤢼
okqrvi	𤢽
okqrjm	𤢾
okqrlw	𤢿
okqrlu	𤣃
okhoqr	𤣅
okqrlm	𤣆
okqrxt	𤣌
okqryk	𤣎
okqrnp	𤣒
okqrqu	𤣓
okqrji	𤣕
okqrfg	𤣖
okqrxi	𤣗
okmkvu	𤣘
okqryj	𤣚
okqrdh	𤣞
okqrlj	𤣟
okduvi	𤣡
okqrlk	𤣤
okxrhe	𤣨
okhgtu	𤣩
okwher	𤣪
okwhve	𤣫
okjqyu	𤣬
okwhqi	𤣮
okwhto	𤣯
okwhtu	𤣰
okwhyi	𤣱
okwhxy	𤣲
okwhqm	𤣳
okwhyu	𤣴
okwhme	𤣵
okyuuj	𤣶
okwhnv	𤣷
okwhvh	𤣸
okwhyb	𤣹
okwhvx	𤣺
oknwyu	𤣼
okwhgs	𤣾
okwhkd	𤣿
okwhty	𤤀
okwhfh	𤤁
okwhyu	𤤂
okwhuu	𤤄
okwhwu	𤤅
okwhjb	𤤆
okwhtm	𤤇
okwhuc	𤤉
okycyu	𤤋
okwhrs	𤤌
okwhji	𤤍
okfuyu	𤤎
okwhii	𤤐
okwhba	𤤒
okwhli	𤤔
okwhfu	𤤕
okwhfu	𤤖
okwhni	𤤗
okbwwh	𤤘
okyuui	𤤙
okwhvu	𤤛
okwhbk	𤤝
okwhui	𤤟
okwhyh	𤤠
okwhhe	𤤤
okwhui	𤤥
okwhtm	𤤦
okwhyz	𤤧
okwhys	𤤪
okwhwd	𤤫
okwhyz	𤤬
okwhui	𤤭
okwhds	𤤮
okwhys	𤤯
okwhbu	𤤰
okwhyi	𤤳
okyuyu	𤤴
okgsyu	𤤶
okwhdv	𤤷
okwhdo	𤤸
okwhci	𤤹
okwhyi	𤤺
okwhbd	𤤿
okwhdo	𤥀
okwhmk	𤥁
okwhyi	𤥂
okwhan	𤥃
okwhmi	𤥄
okwhvz	𤥅
okwhzd	𤥆
okwhvi	𤥇
okwhyb	𤥋
okruyu	𤥏
okwhji	𤥐
okwhwh	𤥑
okwhxi	𤥒
okheyu	𤥓
oksuyu	𤥔
okwhww	𤥕
okwhfz	𤥖
okwhhj	𤥚
okwhxn	𤥝
okwhyi	𤥞
okwhhs	𤥠
okwhqi	𤥡
okwhgc	𤥢
okwhke	𤥣
okwhss	𤥤
okwhui	𤥨
okwhgu	𤥫
okwhie	𤥭
okwhdd	𤥯
okqqyu	𤥲
okwhky	𤥳
okwhvi	𤥴
okwhjx	𤥵
okwhna	𤥶
okxqyu	𤥹
okwhhr	𤥺
okwhyj	𤥻
okwhyu	𤥽
okwhye	𤥿
okmiyu	𤦀
okhoyu	𤦂
okldyu	𤦃
okfwwh	𤦅
okwhgh	𤦇
okwhff	𤦈
okwhda	𤦊
okwhbk	𤦋
okwhyi	𤦌
okwhpw	𤦍
okwhly	𤦎
okhowh	𤦒
okwhjr	𤦔
okwhmg	𤦕
okwhxi	𤦘
okwhhx	𤦙
okwhju	𤦚
okwhue	𤦜
okwhbo	𤦝
okwhfu	𤦞
okquyu	𤦟
okqiwh	𤦢
okwher	𤦤
okffwh	𤦦
okwhvi	𤦧
okwhya	𤦩
okwhds	𤦪
okwhlk	𤦫
okwhnm	𤦬
okwhqk	𤦭
okwhvi	𤦮
okwhyj	𤦷
okwhbc	𤦸
okwhvf	𤦹
okwhll	𤦻
okwhzi	𤦾
okwhzi	𤦿
okwhmz	𤧀
okwhui	𤧁
okwhqi	𤧃
okwhyc	𤧄
okwhpk	𤧅
okwhxl	𤧇
okwhxl	𤧈
okwhkv	𤧊
okwhux	𤧋
okwhyr	𤧌
okwhlk	𤧍
okwhqq	𤧐
okwhfg	𤧑
okwhpf	𤧒
okwhmm	𤧔
okwhww	𤧖
okwhgo	𤧗
okwhxl	𤧘
okwhyu	𤧙
okwhdi	𤧛
okwhhz	𤧝
okwhmw	𤧞
okwhtk	𤧟
okwhjm	𤧣
okpoyu	𤧥
okyuqq	𤧦
okwhvv	𤧫
okwhph	𤧭
okwhgs	𤧴
okwhvr	𤧵
okwhxx	𤧶
okwhvj	𤧷
okwhqi	𤧸
okwhzi	𤧹
okwhtk	𤧻
okwhgc	𤧼
okwhvd	𤧿
okwhjb	𤨁
okwhsu	𤨄
okwhui	𤨅
okwhhl	𤨆
okwhxi	𤨊
okwhjx	𤨎
okycyu	𤨐
okwhen	𤨒
okwhia	𤨓
okwhle	𤨕
okwhhu	𤨖
okwfxb	𤨘
okleyu	𤨙
okwhlu	𤨞
okwhqi	𤨟
okwhth	𤨠
okwhlh	𤨡
okjqwh	𤨣
okwhji	𤨥
okwhyi	𤨦
okwhpn	𤨧
okwhmb	𤨨
okwhxq	𤨩
okwhdi	𤨬
okwhys	𤨭
okwhdd	𤨮
okwhis	𤨲
okwhlw	𤨴
okwhcj	𤨵
okwhgs	𤨶
okyuvh	𤨼
okcdyu	𤨽
okwhky	𤨾
okwhjl	𤨿
okwhsj	𤩀
okwhlc	𤩂
okwhxy	𤩄
okwhyc	𤩊
okwhvj	𤩌
okqbfu	𤩍
okwhjm	𤩎
okwhig	𤩏
okwhsi	𤩐
okwhpu	𤩓
okwhts	𤩔
okwhuj	𤩕
okwhhu	𤩖
okwhsu	𤩗
okwhzv	𤩛
okwhjk	𤩜
okwhqn	𤩝
okwhxi	𤩠
okwhuy	𤩥
okwhjp	𤩦
okwhdj	𤩧
okwhxl	𤩪
okwhww	𤩫
okwhxl	𤩬
okwhhc	𤩭
okdmyu	𤩱
okwhge	𤩲
okwhbf	𤩳
okwhdm	𤩴
okwhye	𤩶
okwhkv	𤩸
okpiwh	𤩹
okyuyi	𤩺
okwhxm	𤩽
okwhcs	𤩿
okwhyu	𤪂
okwhlk	𤪊
okwhqi	𤪌
okyuyu	𤪐
okwhmg	𤪑
okwhgr	𤪔
okwhwu	𤪕
okwhhc	𤪗
okwhjx	𤪘
okwher	𤪙
okwhjp	𤪚
okwhrs	𤪜
okwhyu	𤪝
okwhpu	𤪟
okwhxy	𤪠
okwhrs	𤪤
okwhnk	𤪥
okwhyi	𤪦
okwhfg	𤪧
okwhvr	𤪪
okwhmo	𤪯
okwhwj	𤪲
okwhhv	𤪳
okwhmu	𤪶
okwhii	𤪷
okwhuh	𤪸
okwhyk	𤫁
okwhxk	𤫂
okwhhg	𤫄
okrfxi	𤫆
okwhyj	𤫇
okwhyk	𤫎
okwhhd	𤫐
okwhxx	𤫑
okwhbc	𤫖
okwhli	𤫚
okwhbc	𤫞
okwhli	𤫟
okwhyj	𤫠
okwhlu	𤫢
okwhlw	𤫤
okwhba	𤫦
okwhlk	𤫩
oktogx	𤫪
okffgx	𤫫
okgxfg	𤫬
okgxty	𤫭
okgxyt	𤫮
okybgx	𤫯
okgxfu	𤫰
okjugx	𤫱
oklkgx	𤫲
okgxtd	𤫳
okuigx	𤫴
okgxue	𤫵
okjigx	𤫶
okcigx	𤫷
okgxkx	𤫸
okgxxi	𤫺
okbugx	𤫻
okgxdi	𤫼
okgxjm	𤫽
okgxxn	𤫾
okyugx	𤫿
okgxyu	𤬀
okgogx	𤬁
okuugx	𤬂
okpzgx	𤬃
okgxih	𤬅
okihgx	𤬆
okhzgx	𤬈
okgvgx	𤬉
okgxbm	𤬊
okgxgo	𤬋
oktrgx	𤬌
okycgx	𤬍
okgxdd	𤬎
oklzgx	𤬏
okgxwf	𤬒
okjmgx	𤬓
okgxyc	𤬔
okhugx	𤬗
okgxlm	𤬚
oklugx	𤬛
okgxlu	𤬜
okgxxl	𤬞
okbcwa	𤬦
okwaui	𤬧
okwafj	𤬨
okyiwa	𤬩
oktuwa	𤬪
okwaxy	𤬫
okhowa	𤬬
okbuwa	𤬭
okwajb	𤬯
okjbwa	𤬰
okwawu	𤬱
okwanw	𤬲
okkzwa	𤬴
okdiwa	𤬵
okyswa	𤬶
okiuwa	𤬷
okwaug	𤬸
okwuwa	𤬹
okyhwa	𤬺
okwalk	𤬻
okiuwa	𤬼
okdowa	𤬾
okgvwa	𤬿
oktswa	𤭁
okvzwa	𤭂
okerwa	𤭃
okwabk	𤭅
okwats	𤭆
okuewa	𤭇
okvcwa	𤭈
okjlwa	𤭊
okdiwa	𤭌
okwuwa	𤭎
okguwa	𤭏
okmwwa	𤭐
okwuwa	𤭑
okllwa	𤭒
okjkwa	𤭓
okiewa	𤭔
oklqwa	𤭕
okwaih	𤭖
okwahj	𤭙
okwagc	𤭚
okghwa	𤭛
okluwa	𤭝
okxlwa	𤭞
okfuwa	𤭟
okquwa	𤭡
okzuwa	𤭢
okqiwa	𤭣
okruwa	𤭤
oknmwa	𤭥
okqiwa	𤭦
okjpwa	𤭧
okxlwa	𤭪
okgewa	𤭫
okghwa	𤭬
okbcwa	𤭭
okvswa	𤭮
okwaqr	𤭯
okhuwa	𤭱
okyewa	𤭴
okwayb	𤭵
okwayu	𤭷
okpkwa	𤭸
okahwa	𤭹
okghwa	𤭺
okgewa	𤭻
okziwa	𤮀
okwath	𤮂
okwaah	𤮃
okwage	𤮄
okxuwa	𤮆
okyswa	𤮇
oklwwa	𤮉
okkhwa	𤮊
okgowa	𤮋
okwajp	𤮌
okwavr	𤮍
okhlwa	𤮏
okzywa	𤮐
okwabw	𤮑
okwalv	𤮒
oksiwa	𤮓
okbiwa	𤮕
okwalu	𤮗
oklwwa	𤮚
okdjwa	𤮜
okwwwa	𤮞
okwakk	𤮟
okwamg	𤮠
okfuwa	𤮣
okwaou	𤮥
oktjwa	𤮦
okluwa	𤮧
oklswa	𤮨
oknpwa	𤮱
oklkwa	𤮹
okgjgj	𤮻
okyigj	𤮼
okgjgj	𤮽
okwugj	𤮾
okgjwu	𤮿
okgjgj	𤯀
okuigj	𤯁
okgjqr	𤯂
okmugj	𤯃
okgjui	𤯄
okgjvg	𤯅
okgjyj	𤯆
okgjyj	𤯇
okgjve	𤯈
okiagj	𤯊
okgjuu	𤯋
okmagj	𤯌
okccer	𤯓
okhgug	𤯔
okugnv	𤯕
okdaug	𤯗
okugdz	𤯘
okugvi	𤯙
okbuug	𤯚
okugwf	𤯛
okugyt	𤯝
okugdj	𤯞
okugmu	𤯟
okybug	𤯠
okugci	𤯡
oklwug	𤯢
okugzi	𤯣
okheug	𤯤
okruug	𤯥
okiuug	𤯦
okugns	𤯨
oknsug	𤯩
okugxq	𤯪
okugwo	𤯫
okugjs	𤯬
okbkug	𤯭
okughu	𤯮
okuiug	𤯯
okugdi	𤯰
okqiug	𤯱
okjlug	𤯲
okuyug	𤯷
okugjb	𤯸
okugqb	𤯺
okugmg	𤯻
okmgug	𤯾
okdiij	𤯿
okjuug	𤰁
okugxl	𤰂
okdcys	𤰄
okwfys	𤰅
okzuys	𤰉
okycys	𤰊
okyzys	𤰋
okxlys	𤰎
okhgtm	𤰓
okhgyz	𤰔
oktmyz	𤰖
okrftm	𤰗
oktmbu	𤰘
okjqtm	𤰙
okjqtm	𤰚
oklitm	𤰛
oktmsi	𤰜
oktmir	𤰝
oktmgj	𤰟
oktmgj	𤰠
okwhtm	𤰡
oktmqi	𤰢
okyzxt	𤰣
oktmyu	𤰤
oktmcy	𤰥
oktmto	𤰦
okxitm	𤰧
oktmui	𤰨
oktmyu	𤰩
oktmff	𤰪
oktmuc	𤰬
okgetm	𤰭
oktmgk	𤰮
okyzvx	𤰰
okhgff	𤰳
okufri	𤰶
okufba	𤰷
oktmho	𤰹
okbutm	𤰺
okgstm	𤰻
oktmnq	𤰼
oktmpm	𤰽
oktmyt	𤰾
oktmwu	𤰿
oktmfu	𤱀
okyzfu	𤱁
oktmyy	𤱂
oktmmu	𤱃
oktmuv	𤱄
oktmnw	𤱅
okfutm	𤱇
okmubu	𤱈
okyzgk	𤱉
oktmqp	𤱌
oktmpi	𤱍
oktmyz	𤱎
oktmpi	𤱐
okufuf	𤱓
okmume	𤱔
oktmmb	𤱕
oktmli	𤱗
oknjqi	𤱘
oktmbf	𤱙
oktmhe	𤱛
okhetm	𤱜
oktmds	𤱞
oktmiu	𤱟
oktmvc	𤱠
okjxdd	𤱢
okrjjx	𤱣
okyznk	𤱤
oktmif	𤱥
oktmdo	𤱧
oktmgs	𤱨
oktmvc	𤱩
okyutm	𤱪
oktmxy	𤱬
oktmww	𤱯
oktmpd	𤱰
oktmdi	𤱲
oktmgl	𤱳
okjrtm	𤱵
okmuqr	𤱶
okgstm	𤱺
oktmif	𤱼
okjpxx	𤲂
okgsdm	𤲅
oktmif	𤲆
oktmmm	𤲈
oktmzu	𤲊
oknstm	𤲌
okjxjx	𤲍
oktmjq	𤲏
oktmbk	𤲒
oktmld	𤲓
oktmui	𤲔
oktmly	𤲕
oktmtm	𤲖
oktmih	𤲘
oktmds	𤲚
oktmxk	𤲜
okldtm	𤲝
oktmqk	𤲟
oktmzu	𤲠
okyatm	𤲢
okyzjp	𤲣
oktmvo	𤲤
oktmmu	𤲧
oktmjr	𤲨
oktmyj	𤲩
oktmlk	𤲪
oktmyr	𤲫
okjxmc	𤲰
oktmyu	𤲳
oktmdd	𤲵
oknjnj	𤲶
okzitm	𤲸
oktmro	𤲹
oktmxi	𤲺
oktmgs	𤲻
okwwyi	𤲼
okyamu	𤲾
oktmig	𤳁
okyzxi	𤳃
okyzba	𤳄
oknjld	𤳆
okldnj	𤳇
oktmuu	𤳌
oktmze	𤳎
okyzuu	𤳐
okvztm	𤳕
okfjqu	𤳖
okqufj	𤳗
okufdg	𤳘
oktmwj	𤳙
okqufj	𤳛
oktmyy	𤳟
oknjgs	𤳢
oktmbi	𤳣
okyzlu	𤳨
okyjtm	𤳪
oktmgl	𤳱
okfjfu	𤳺
oktmls	𤳽
oktmtc	𤴃
oktmiz	𤴆
oktmlw	𤴈
okhgzz	𤴓
okvevi	𤴔
okerzz	𤴕
okcspi	𤴙
okuupi	𤴚
oklbpi	𤴜
okddpi	𤴟
okjlpi	𤴠
okvipi	𤴢
okpipi	𤴣
okbkyi	𤴥
okbkjq	𤴦
okbkia	𤴧
okbkyz	𤴨
okbkbu	𤴩
okbkji	𤴪
okbkdk	𤴫
okbkdc	𤴬
okbkba	𤴭
okbkwj	𤴯
okbkwu	𤴰
okbkto	𤴱
okbkgj	𤴲
okbkzi	𤴳
okbkyi	𤴵
okbkui	𤴶
okbkmu	𤴷
okbkqi	𤴸
okbkfu	𤴹
okbkrs	𤴺
okbkqr	𤴻
okbkqm	𤴼
okbkjb	𤴽
okbkjb	𤴾
okbkji	𤵀
okbkvi	𤵁
okbkxb	𤵂
okbknq	𤵃
okbkgs	𤵄
okbkxs	𤵅
okbkgz	𤵆
okbkff	𤵇
okbkyu	𤵈
okbktd	𤵉
okbkty	𤵊
okbkuc	𤵌
okbkwu	𤵍
okbkwu	𤵐
okbkppna	𤵑
okbkwf	𤵒
okbkyy	𤵔
okbkxi	𤵕
okbkri	𤵖
okbkbu	𤵗
okbkbi	𤵘
okbkug	𤵙
okbkpi	𤵛
okbker	𤵜
okbkmu	𤵝
okbkmc	𤵠
okbkhu	𤵡
okbkqq	𤵢
okbkpk	𤵣
okbkmb	𤵤
okbkhe	𤵥
okbkva	𤵦
okbkta	𤵩
okbkvc	𤵪
okbkui	𤵫
okbkba	𤵬
okbkjx	𤵭
okbkiu	𤵰
okbklk	𤵱
okbkbf	𤵳
okbkui	𤵴
okbkjl	𤵸
okbkji	𤵹
okbkyi	𤵺
okbkxl	𤵼
okbkai	𤵽
okbkvd	𤵾
okbkjn	𤶀
okbklc	𤶁
okbkvc	𤶃
okbkrf	𤶄
okbkxy	𤶇
okbkxi	𤶈
okbkhv	𤶊
okbkse	𤶋
okbkvu	𤶎
okbkgl	𤶏
okbkcy	𤶐
okbkyb	𤶑
okbkbm	𤶒
okbkty	𤶕
okbkfu	𤶖
okbkyi	𤶗
okbkyj	𤶘
okbkzo	𤶙
okbkyi	𤶛
okbkvl	𤶜
okbkrf	𤶝
okbkfg	𤶞
okbkyu	𤶠
okbkvz	𤶡
okbkyi	𤶣
okbkns	𤶦
okbkyr	𤶧
okbkqq	𤶩
okbktn	𤶫
okbkuu	𤶬
okbkdd	𤶭
okbkqi	𤶮
okbkyz	𤶯
okbkir	𤶱
okbkig	𤶲
okbkgc	𤶳
okbkuf	𤶴
okbkwh	𤶶
okbkjy	𤶷
okbkna	𤶸
okbkju	𤶹
okbkiv	𤶺
okbkjm	𤶻
okbkmh	𤶼
okbkbo	𤶽
okbklb	𤶾
okbkfw	𤷂
okbkjr	𤷄
okbker	𤷅
okbkds	𤷆
okbkho	𤷇
okbknd	𤷈
okbkji	𤷉
okbkqi	𤷍
okbkfu	𤷎
okbkmh	𤷐
okbkjq	𤷑
okbkxb	𤷓
okbkly	𤷔
okbkcd	𤷕
okbklk	𤷖
okbkbi	𤷗
okbkvo	𤷘
okbkde	𤷙
okbklu	𤷚
okbkuh	𤷛
okbkyt	𤷝
okbkla	𤷟
okbkmw	𤷠
okbkhu	𤷡
okbkju	𤷢
okbkiv	𤷣
okbkyc	𤷤
okbkjk	𤷦
okbkwj	𤷧
okbkvi	𤷩
okbkmg	𤷪
okbkci	𤷫
okbkde	𤷭
okbkwh	𤷮
okbkux	𤷯
okbkfg	𤷰
okbkmf	𤷱
okbkyj	𤷳
okbkyi	𤷴
okbkpo	𤷵
okbkbn	𤷶
okbkxl	𤷼
okbkqt	𤷽
okbktu	𤷿
okbkxu	𤸀
okbktr	𤸁
okbkww	𤸆
okbkqq	𤸈
okbksv	𤸉
okbkdd	𤸊
okbkjp	𤸋
okbkhe	𤸎
okbknd	𤸏
okbkfu	𤸑
okbkyu	𤸒
okbkvi	𤸓
okbkpb	𤸔
okbkai	𤸖
okbkvf	𤸘
okbkdu	𤸚
okbksi	𤸛
okbkyh	𤸜
okbkys	𤸝
okbkii	𤸟
okbkmn	𤸠
okbkyk	𤸡
okbkui	𤸤
okbktk	𤸥
okbkxr	𤸧
okbkmm	𤸩
okbkqp	𤸪
okbkyr	𤸫
okbkuk	𤸬
okbktu	𤸭
okbkxp	𤸮
okbksh	𤸯
okbkhe	𤸱
okbkvg	𤸲
okbkqi	𤸳
okbkso	𤸴
okbkvr	𤸵
okbkqy	𤸷
okbkyi	𤸸
okbkwu	𤸼
okbkgc	𤹂
okbkvi	𤹆
okbkxx	𤹉
okbkui	𤹌
okbkng	𤹍
okbklp	𤹐
okbkqu	𤹒
okbkjy	𤹓
okbkph	𤹔
okbken	𤹕
okbkxr	𤹖
okbkwg	𤹗
okbkru	𤹘
okbkvu	𤹙
okbkgs	𤹜
okbkbi	𤹝
okbkdi	𤹞
okbkuh	𤹟
okbkze	𤹠
okbklm	𤹨
okbkqu	𤹪
okbkde	𤹬
okbkys	𤹯
okbkih	𤹰
okmauj	𤹳
okmanv	𤹴
okbkvr	𤹵
okbknn	𤹷
okbkgd	𤹺
okbkbn	𤹼
okbkne	𤹽
okbkyu	𤹿
okbkts	𤺄
okbktu	𤺈
okbkww	𤺉
okbksi	𤺊
okbkvf	𤺋
okbkdg	𤺌
okbkgj	𤺍
okbkfj	𤺏
okbkbi	𤺓
okbkfw	𤺕
okbkmb	𤺖
okbkjp	𤺚
okbkxm	𤺛
okbkxu	𤺞
okbksf	𤺢
okbkjt	𤺤
okbkda	𤺥
okbkzg	𤺧
okbkil	𤺨
okbkuj	𤺪
okbkrv	𤺫
okbkpg	𤺬
okbkbi	𤺭
okbkgu	𤺮
okbkmf	𤺯
okbkqb	𤺰
okbkrj	𤺱
okbkih	𤺲
okbkxi	𤺳
okbkbc	𤺴
okbkji	𤺷
okbkww	𤺸
okbkyh	𤺹
okbkdj	𤺺
okbkjy	𤺻
okbklu	𤺼
okbkqy	𤺽
okbkao	𤺾
okbksv	𤻀
okbkuu	𤻃
okbksv	𤻄
okbkai	𤻅
okbkwj	𤻆
okbkiu	𤻇
okbktv	𤻊
okbkgo	𤻌
okbkjb	𤻎
okbkhv	𤻏
okbkxb	𤻐
okbklm	𤻑
okbksv	𤻒
okqibk	𤻓
okbkvu	𤻔
okbkww	𤻕
okbkbi	𤻖
okbkho	𤻙
okbkjp	𤻛
okbknk	𤻝
okbker	𤻞
okbkmg	𤻟
okbktd	𤻡
okbkgr	𤻥
okbkpj	𤻧
okbkdr	𤻨
okbkxs	𤻩
okbkxu	𤻪
okbkdv	𤻫
okbkla	𤻬
okbkyu	𤻭
okbklv	𤻱
okbkle	𤻲
okbklw	𤻳
okbktg	𤻴
okbkbm	𤻶
okbkuu	𤻺
okbkmp	𤻻
okbklu	𤻼
okbkii	𤻽
okbkdj	𤻾
okbksu	𤼀
okbkmg	𤼁
okbkxm	𤼂
okbkls	𤼃
okbkqi	𤼅
okbktg	𤼆
okbkxk	𤼈
okbkhj	𤼉
okbkyi	𤼌
okbklm	𤼏
okbklj	𤼓
okbkvi	𤼕
okbkis	𤼖
okbklw	𤼘
okbkli	𤼠
okbkhr	𤼢
okbklm	𤼣
okdgee	𤼥
okdgyz	𤼦
okdgpu	𤼧
okdgmu	𤼨
okdgui	𤼩
okdgbm	𤼪
okdgis	𤼭
okdgzu	𤼯
okdgli	𤼶
okdgcc	𤼷
okdguh	𤼸
okdgbd	𤼹
okdgii	𤼻
okbduu	𤼽
okbdve	𤼾
okbdln	𤽀
okbdui	𤽁
okbdgj	𤽂
okbdir	𤽃
okbdwu	𤽅
okbdho	𤽈
okbdff	𤽉
okbdbi	𤽊
okbdfu	𤽌
okbdqi	𤽍
okbdyy	𤽎
okbdbi	𤽏
okbdpu	𤽐
okbdvi	𤽑
okbdsa	𤽒
okbdhh	𤽘
okbdyz	𤽙
okbdww	𤽜
okvubd	𤽞
okbdgx	𤽡
okbdvg	𤽢
okbibd	𤽣
okcibd	𤽤
okbdge	𤽥
okbdfz	𤽦
okbdsi	𤽨
okbdqy	𤽭
okbdxb	𤽮
okbduz	𤽯
okbdzu	𤽱
okbdnj	𤽲
okbdxn	𤽴
okbdpc	𤽵
okbdww	𤽶
okbdig	𤽷
okbdvl	𤽸
okbdbw	𤽹
okbdlu	𤽺
okbdvv	𤽼
okbkbd	𤽽
okbdhu	𤽾
okbdnm	𤽿
okbdze	𤾀
okbdbw	𤾁
okbdwj	𤾂
okbdyj	𤾃
okbdfw	𤾅
okbder	𤾆
okbder	𤾇
okbdjy	𤾈
okbdyh	𤾉
okqrvc	𤾌
okbdlb	𤾓
okbdrs	𤾔
okbdru	𤾖
okglhl	𤾗
okbdch	𤾙
okbdnp	𤾚
okbdpn	𤾛
okbdma	𤾝
okbdxu	𤾟
okbddj	𤾠
okbdww	𤾡
okbddg	𤾢
okbdzg	𤾥
okbdye	𤾧
okbdlk	𤾨
okbdvd	𤾫
okbdmg	𤾬
okhluu	𤾭
okbdyr	𤾮
okbdmj	𤾯
okbdyi	𤾰
okbdnk	𤾱
okhlgc	𤾲
okuuhl	𤾳
okbdbi	𤾵
okbdpu	𤾷
okbdhx	𤾹
okhldj	𤾺
okbole	𤾾
okbdzj	𤿀
okbdxi	𤿂
okbdlk	𤿅
okpidk	𤿆
okpidc	𤿇
okucpi	𤿈
okpiuc	𤿉
okgjpi	𤿊
okpicd	𤿋
okkzpi	𤿌
okpiyu	𤿍
okbipi	𤿎
oknwpi	𤿏
okkdpi	𤿐
okpinw	𤿒
okycpi	𤿓
okdjpi	𤿔
okmbpi	𤿕
okmopi	𤿖
okpimo	𤿗
okvcpi	𤿘
okcipi	𤿙
okqppi	𤿚
okpigu	𤿛
okqupi	𤿜
okvjpi	𤿝
okgupi	𤿞
okxypi	𤿟
okjipi	𤿠
okwwpi	𤿡
okxipi	𤿢
okvupi	𤿤
okpido	𤿦
okhjpi	𤿧
okxnpi	𤿨
okgcpi	𤿩
okdvpi	𤿫
okpins	𤿬
okpifu	𤿭
okmmpi	𤿯
oknspi	𤿰
okbppi	𤿱
okmdpi	𤿲
oklupi	𤿴
okvopi	𤿵
okdmpi	𤿶
okpixi	𤿸
okxkpi	𤿹
okqipi	𤿺
okfwpi	𤿻
okuhpi	𤿼
okdapi	𤿽
okbwpi	𤿾
okvepi	𥀁
okfgpi	𥀂
okhzpi	𥀃
okyjpi	𥀆
oknjpi	𥀇
okpiww	𥀊
okpitd	𥀌
okngpi	𥀍
oklqpi	𥀓
oklupi	𥀔
okbipi	𥀕
okmjpi	𥀗
okpicc	𥀛
okpisu	𥀝
okxqpi	𥀞
okpigv	𥀠
okbfpi	𥀢
okgepi	𥀥
okpimm	𥀨
okmmpi	𥀩
okpiys	𥀪
okxupi	𥀫
okyjpi	𥀬
okpixu	𥀭
okncpi	𥀮
okpimp	𥀯
okglpi	𥀱
okpimd	𥀲
okpimo	𥀳
okqipi	𥀴
oklupi	𥀵
okxlpi	𥀶
okpiul	𥀸
okjmpi	𥀹
okmbqn	𥀿
okdcmb	𥁀
okgsmb	𥁁
okjpmb	𥁂
okwhmb	𥁃
okkvmb	𥁄
oknvmb	𥁅
okyamb	𥁆
okdzmb	𥁇
okvimb	𥁈
okgrmb	𥁉
okyzmb	𥁊
okjbmb	𥁌
okmbgk	𥁍
okysmb	𥁎
okvcmb	𥁏
oktdmb	𥁐
okbimb	𥁑
okyzmb	𥁒
okyzmb	𥁓
okmbfj	𥁔
okqqmb	𥁕
oktamb	𥁗
okzdmb	𥁙
okmcmb	𥁚
okmcmb	𥁛
okdnmb	𥁜
okyumb	𥁞
oklpmb	𥁟
okjrmb	𥁠
okwumb	𥁡
okqnmb	𥁢
okuimb	𥁦
okhvmb	𥁧
okhcmb	𥁨
okufmb	𥁭
okyzmb	𥁮
okzumb	𥁯
okjsmb	𥁰
okuamb	𥁲
okffmb	𥁳
okwfmb	𥁴
okfjmb	𥁷
okjrmb	𥁸
oklbmb	𥁹
okuumb	𥁽
okpgmb	𥂀
okxlmb	𥂅
okqmmb	𥂆
okheju	𥂇
okpumb	𥂈
oktydc	𥂉
oktumb	𥂋
okgemb	𥂌
okkumb	𥂍
okcdmb	𥂑
okmamb	𥂓
okvimb	𥂕
okirmb	𥂟
okaomb	𥂢
okgomb	𥂣
okdymb	𥂦
okyuhe	𥂨
oksjmb	𥂪
okcjmb	𥂫
okhwmb	𥂮
okfgmb	𥂳
okdmmb	𥂴
okyhmb	𥂸
okyiyi	𥂺
oklrmb	𥂽
okbjmb	𥂾
okqmmb	𥃒
okhuhe	𥃕
okjmmb	𥃗
okgdzg	𥃙
okjbhe	𥃞
okluyi	𥃠
okmuve	𥃤
okmuve	𥃥
okrfmu	𥃦
okmujq	𥃧
okmubu	𥃨
okmubi	𥃩
okmuui	𥃪
okmuyz	𥃫
okmukl	𥃬
okuimu	𥃭
okrumu	𥃮
okmuji	𥃯
okwfmu	𥃰
okmurf	𥃱
okmucc	𥃲
okmukv	𥃳
okmuxy	𥃴
okmufj	𥃵
okmucy	𥃷
okmuye	𥃸
okmuir	𥃹
okmuwu	𥃺
okxnmu	𥃻
okmume	𥃼
okmugs	𥃽
okmutu	𥃾
okmugs	𥃿
okvxmu	𥄃
okmuvx	𥄄
okmuhu	𥄅
okuimu	𥄇
oklqmu	𥄈
okmunw	𥄋
okmujp	𥄍
okmupu	𥄎
okmuvi	𥄏
okmuwf	𥄐
okmufu	𥄑
okmuhx	𥄒
okbumu	𥄓
okmufu	𥄔
okccmu	𥄕
okmuyu	𥄛
okffmu	𥄟
okmuhr	𥄠
okmuvs	𥄡
okmumu	𥄢
okmuho	𥄣
okmcmu	𥄥
okmukh	𥄦
okmuho	𥄧
okmuiz	𥄨
okwumu	𥄪
okmuji	𥄫
okmuwu	𥄬
okmuwu	𥄭
okmurf	𥄮
okmujb	𥄯
okmurf	𥄰
okfumu	𥄱
oksimu	𥄲
oksiuv	𥄳
okmuxt	𥄴
okmuuu	𥄵
okmusi	𥄶
okmuju	𥄷
okmumc	𥄸
okmubc	𥄹
okmuta	𥄻
okmugx	𥄼
okmuva	𥅁
okmuta	𥅂
okmudj	𥅃
oknumu	𥅄
okmuji	𥅅
okmurj	𥅆
okmuli	𥅈
okppmc	𥅉
okmupi	𥅊
okmuui	𥅋
oklkmu	𥅍
okmukz	𥅑
okmuqq	𥅔
okmuvu	𥅖
okmupi	𥅗
okmuer	𥅘
okmubk	𥅙
okmukx	𥅚
okmuxu	𥅛
okmuxu	𥅜
okkdmu	𥅝
okmuui	𥅞
okmujn	𥅟
okmuhz	𥅠
okmuer	𥅡
okmuan	𥅥
okmulw	𥅦
okmuxt	𥅧
okmugf	𥅨
okmufa	𥅩
okmuuz	𥅪
oklpmu	𥅮
okmurs	𥅯
okmuvu	𥅲
okmukd	𥅳
okmujx	𥅴
okmuse	𥅺
okmuis	𥅻
okmumi	𥅼
okhemu	𥅽
okmuvl	𥅾
okmuvi	𥅿
okmujl	𥆀
okmulp	𥆁
okmurf	𥆂
okmuru	𥆃
okmugl	𥆄
okjimu	𥆅
okgsmu	𥆇
okmuui	𥆋
okmujn	𥆌
okmuig	𥆏
okmuwu	𥆐
okmutk	𥆑
okmuuf	𥆓
okmuxn	𥆔
okmudz	𥆖
okmubw	𥆘
okmuls	𥆙
okmuwh	𥆚
okyimu	𥆛
okmuwh	𥆜
okuamu	𥆝
okmudv	𥆟
okmuhj	𥆡
oklimu	𥆤
okmuzz	𥆥
okmury	𥆧
okmulq	𥆨
okmuxk	𥆪
okmudd	𥆫
okmufu	𥆬
okmufu	𥆭
okmucf	𥆱
okmuji	𥆹
okmuyz	𥆺
okmulv	𥆻
okmuli	𥆼
okmuyb	𥆽
okmurf	𥆾
okmuqq	𥆿
okmumh	𥇀
okmuvu	𥇁
okmubp	𥇂
okmudi	𥇃
okmmmu	𥇅
okmuua	𥇇
okmuql	𥇉
okmuky	𥇊
okmumh	𥇋
okmuvo	𥇍
okmumi	𥇎
okmujs	𥇏
okmujb	𥇐
okmull	𥇑
okmuqp	𥇒
okmudk	𥇓
okmuih	𥇔
okmuvi	𥇕
okfwmu	𥇖
okmujp	𥇗
okhomu	𥇙
okmuqi	𥇚
okmuxl	𥇜
okmuvj	𥇢
okmuqu	𥇣
okmuxi	𥇦
okmund	𥇧
okmufw	𥇪
okmugo	𥇬
okmuvi	𥇭
okmuhu	𥇰
okbomu	𥇲
okmuvz	𥇳
okmujb	𥇶
okmuyj	𥇷
okmuyt	𥇸
okmude	𥇹
okmuvl	𥇺
okmuvz	𥇻
okrumu	𥇽
okmuho	𥇿
okmuyk	𥈁
okmuji	𥈂
okxlmu	𥈄
okmumm	𥈅
okmumc	𥈆
okmuhr	𥈉
okmuyu	𥈋
okmuxq	𥈌
okmuhe	𥈎
okmuid	𥈐
okmugo	𥈓
okmuye	𥈗
okmuci	𥈙
okmund	𥈡
okmumw	𥈢
okmuxi	𥈣
okmuhf	𥈥
okmukj	𥈧
okmudr	𥈨
okmuxl	𥈩
okmuyu	𥈬
okmuli	𥈯
okmuhs	𥈰
okmuyk	𥈱
okmuji	𥈲
okmutu	𥈳
okmunt	𥈴
okmujm	𥈵
okmunj	𥈶
okmuir	𥈹
okbjmu	𥈼
okmugs	𥈿
okmuhl	𥉂
okngmu	𥉃
okmugu	𥉄
okmuge	𥉅
okmugz	𥉇
okmuxq	𥉈
okmutn	𥉉
okmuma	𥉊
okmuii	𥉍
okmuxi	𥉐
okmuhe	𥉑
okmunp	𥉒
okggmu	𥉔
okmusi	𥉘
okmuqi	𥉙
okmuyj	𥉛
okmuqb	𥉜
okmubj	𥉟
okwumu	𥉠
okmuph	𥉣
okmuni	𥉥
okmmmu	𥉦
okmuro	𥉧
okmuhd	𥉪
okmuve	𥉭
okmuuo	𥉮
okmugv	𥉯
okmuyc	𥉰
okmuvj	𥉲
okmulq	𥉳
okmumi	𥉴
okmamu	𥉵
okmulu	𥉶
okmuqi	𥉷
okmujm	𥉸
okmulw	𥉹
okmuvi	𥉺
okmuji	𥉻
okmuxn	𥉼
okmukh	𥉽
okmucj	𥊀
okmuxi	𥊂
okmuya	𥊅
okmuli	𥊈
okmumi	𥊋
okmuic	𥊌
okvimu	𥊍
okmuis	𥊎
okmumj	𥊑
okmufg	𥊒
okmuij	𥊓
okmuuh	𥊔
okmudv	𥊖
okmudj	𥊗
okmuji	𥊘
okmuma	𥊚
okmuwh	𥊛
okmujt	𥊜
okmuvi	𥊝
okmugo	𥊞
okmwrf	𥊟
okmuis	𥊠
okmurr	𥊡
okviuh	𥊢
okuhvi	𥊣
okmude	𥊤
okmuxm	𥊥
okmuwu	𥊦
okmulm	𥊩
okmuww	𥊪
okmugr	𥊫
okmuji	𥊬
okmuzy	𥊭
okmuhx	𥊮
okmujp	𥊯
okmuug	𥊱
okmuth	𥊲
okmuuj	𥊳
okmuzv	𥊴
okmudd	𥊵
okmurj	𥊶
okmuxm	𥊺
okmudy	𥋆
okmuvh	𥋇
okycmu	𥋈
okmuqn	𥋊
okmuti	𥋋
okmusj	𥋌
okmuvi	𥋒
okmujk	𥋓
okmuxu	𥋖
okmubi	𥋗
okmuye	𥋙
okmuuu	𥋛
okmumm	𥋝
okmulk	𥋞
okmuyi	𥋟
okmupn	𥋠
okmujx	𥋣
okmuua	𥋧
okwwmu	𥋪
okmulm	𥋲
okmuww	𥋳
okmujb	𥋴
okmuxb	𥋵
okmulo	𥋷
okmulw	𥋸
okdemm	𥋹
okmuqb	𥋼
okmuvc	𥋽
okmuds	𥋾
okmuhe	𥋿
okmuca	𥌀
okmuer	𥌃
okyjmu	𥌅
okmuuz	𥌆
okmuwu	𥌇
okmujm	𥌈
okmumg	𥌋
okmuxu	𥌎
okmwmk	𥌏
okmurv	𥌑
okmuuu	𥌓
okmwku	𥌙
okmumd	𥌚
okmuli	𥌛
okmufj	𥌞
okmulv	𥌠
okmuln	𥌢
okmuke	𥌥
okmulu	𥌧
okmude	𥌩
okmuvr	𥌫
okmuli	𥌮
okmuyi	𥌰
okmuyk	𥌴
okmujb	𥌹
okmuly	𥌺
okmulj	𥌻
okmuyk	𥌽
okmuyk	𥌾
okgvmu	𥍁
okmuyj	𥍂
okmusv	𥍃
okmuhs	𥍇
okmunp	𥍉
okmulj	𥍍
okmujn	𥍑
okmuyj	𥍓
okmulw	𥍔
okmulj	𥍖
okmubm	𥍚
okmchg	𥍝
okmcrf	𥍞
okmcuu	𥍟
okmcxi	𥍠
okmcbd	𥍡
okmchc	𥍣
okmcmc	𥍤
okmcwu	𥍥
okmcww	𥍨
okmcts	𥍩
okmcvi	𥍪
okmcll	𥍫
okmcqy	𥍬
okmcve	𥍭
okmcfg	𥍮
okmcuc	𥍰
okmcgc	𥍱
okrznw	𥍲
okrziz	𥍳
okmcyi	𥍴
okmcnm	𥍵
okmcui	𥍸
okmcjm	𥍹
okmcyk	𥍼
okmcvs	𥍽
okmcjp	𥍾
okmcdy	𥍿
okmcye	𥎀
okmcvj	𥎁
okmcrs	𥎂
okmcqi	𥎃
okmcch	𥎄
okmchd	𥎆
okmcjb	𥎊
okmcfg	𥎌
okmcze	𥎍
okmcjp	𥎎
okmcer	𥎖
okmcyu	𥎗
okmcxu	𥎘
okmckv	𥎛
okmczj	𥎝
okmcqu	𥎡
okihui	𥎦
okuiui	𥎧
okviui	𥎩
okuiwf	𥎪
okuibi	𥎬
okuiri	𥎭
okuifj	𥎮
okuiqm	𥎯
okuiqu	𥎰
okuiba	𥎱
okuimu	𥎳
okuitm	𥎴
okuike	𥎵
okuimu	𥎶
okuibd	𥎷
okuixr	𥎸
okuivi	𥎹
okuivc	𥎺
okvzui	𥎻
okuiww	𥎾
okuixu	𥎿
okuibd	𥏄
okuizc	𥏅
okuizi	𥏆
okjrui	𥏇
okuiyu	𥏊
okxmui	𥏋
okuixm	𥏌
okuimk	𥏍
okuitk	𥏎
okuitu	𥏐
okuiwu	𥏒
okuixb	𥏔
okuihs	𥏕
okuiyi	𥏖
okuixq	𥏗
okuiqu	𥏘
okuijr	𥏙
okuiqi	𥏜
okuiya	𥏝
okuivo	𥏞
okuibi	𥏟
okuibw	𥏠
okuiqp	𥏡
okuivo	𥏥
okuivz	𥏨
okuihu	𥏩
okuijp	𥏪
okuiyh	𥏫
okyhui	𥏬
okuiye	𥏭
okuiyb	𥏮
okvizc	𥏯
okuivs	𥏱
okuich	𥏲
okldyi	𥏳
okuilq	𥏵
okuiqi	𥏸
okuigc	𥏹
okuiia	𥏺
okuiwf	𥏿
okuisi	𥐀
okpuui	𥐄
okuipu	𥐅
okdrbj	𥐆
okdrgf	𥐇
okuiuu	𥐈
okgfdr	𥐉
okuijn	𥐊
okdrai	𥐋
okuiqi	𥐌
okdrdz	𥐍
okuixu	𥐎
okdrju	𥐏
okuiyk	𥐑
okdrgu	𥐒
okdrwf	𥐔
okuive	𥐕
okuiee	𥐗
okuiba	𥐙
okuibu	𥐚
okuidc	𥐛
okuijq	𥐜
okuiuc	𥐝
okuiwh	𥐞
okuiyi	𥐟
okuiwj	𥐠
okuiiu	𥐡
okuiuj	𥐢
okuiir	𥐣
okuiji	𥐦
okuicc	𥐧
okuiye	𥐨
okuiyy	𥐩
okuigs	𥐪
okuicc	𥐫
okuiqi	𥐬
okuiwu	𥐭
okuiii	𥐮
okuiyy	𥐯
okuiqu	𥐰
okuirs	𥐱
okuiwu	𥐳
okuibu	𥐴
okuipi	𥐵
okuiyz	𥐶
okuiyy	𥐸
okuijk	𥐹
okuigh	𥐻
okuimc	𥐽
okuigz	𥐾
okuidz	𥐿
okuiyb	𥑀
okuiba	𥑁
okuivi	𥑂
okuibm	𥑃
okuijx	𥑆
okuiui	𥑇
okuiug	𥑋
okuinu	𥑌
okuibj	𥑍
okuijs	𥑎
okuiui	𥑏
okuijx	𥑐
okuiyz	𥑑
okuigx	𥑔
okuiba	𥑕
okuibi	𥑖
okuiww	𥑘
okgsui	𥑙
okuiyz	𥑛
okuipi	𥑜
okuiig	𥑝
okuiyh	𥑞
okuigj	𥑠
okuiuu	𥑡
okuibu	𥑢
okuiyz	𥑤
okuiug	𥑥
okugui	𥑦
okfuui	𥑧
okuixt	𥑫
okuice	𥑬
okuiju	𥑭
okuigu	𥑮
okuizo	𥑰
okuidj	𥑲
okuirs	𥑳
okuiyi	𥑴
okuidv	𥑵
okuilw	𥑶
okuiyu	𥑷
okuivz	𥑸
okuikx	𥑹
okuini	𥑺
okuixm	𥑻
okfaui	𥑼
okuihv	𥑾
okuiyz	𥑿
okuivz	𥒁
okuilp	𥒂
okuimi	𥒄
okuili	𥒅
okuigr	𥒆
okuian	𥒇
okuivd	𥒈
okuiyu	𥒉
okuimk	𥒊
okuifz	𥒋
okuixt	𥒌
okuise	𥒍
okgvui	𥒐
okuizd	𥒒
okuivi	𥒓
okuizi	𥒕
okuihz	𥒖
okuixy	𥒘
okuixs	𥒚
okuibk	砯
okuibk	𥒜
okuiis	𥒝
okuiyh	𥒞
oksiui	𥒟
okyuui	𥒠
okuiig	𥒡
okuido	𥒥
okuidi	𥒦
okuilc	𥒪
okuifu	𥒫
okuiss	𥒬
okuizu	𥒭
okuiww	𥒮
okuifu	𥒰
okuixk	𥒱
okuiyi	𥒲
okdhkh	𥒳
okuiyi	𥒵
okuixi	𥒶
okuibh	𥒷
okuiqq	𥒸
okuivi	𥒺
okuibp	𥒻
okuibu	𥒼
okuiwu	𥒾
okuics	𥓁
okuihj	𥓂
okuitn	𥓃
okuili	𥓄
okuilv	𥓅
okuiig	𥓉
okxiui	𥓊
okuier	𥓋
okuiql	𥓌
okuuui	𥓍
okuili	𥓎
okuili	𥓏
okuijp	𥓐
okuiua	𥓑
okuiww	𥓔
okuiyi	𥓘
oklbui	𥓙
okuihu	𥓚
okuild	𥓜
okuids	𥓝
okuihj	𥓞
okuiuh	𥓡
okuiih	𥓥
okuilu	𥓪
okuidc	𥓫
okdcui	𥓬
okuifu	𥓭
okuiqs	𥓰
okuibi	𥓳
okuifh	𥓴
okuidi	𥓵
okuibw	𥓶
okuigg	𥓷
okuiuj	𥓸
okuiid	𥓽
okuihs	𥔀
okuifu	𥔁
okuihg	𥔂
okuiww	𥔃
okuijp	𥔅
okuiwf	𥔋
okuiqq	𥔍
okuigr	𥔒
okuiui	𥔔
okuiyc	𥔖
okuidr	𥔗
okuiyu	𥔘
okuiyr	𥔙
okuiyr	𥔛
okuixl	𥔜
okuipf	𥔞
okuixl	𥔡
okuiyu	𥔢
okuijl	𥔣
okuibw	𥔦
okuivs	𥔧
okkjui	𥔩
okuiww	𥔬
okuiqm	𥔮
okuihv	𥔯
okuibc	𥔰
okuiuj	𥔱
okuixi	𥔷
okuigs	𥔸
okuixx	𥔹
okufui	𥔻
okuihl	𥔾
okuiyc	𥔿
okuiwg	𥕀
okuiji	𥕂
okuimd	𥕄
okuimh	𥕊
okuisz	𥕋
okuivj	𥕌
okuilz	𥕍
okuikh	𥕎
okuigo	𥕏
okuidi	𥕐
okuimo	𥕓
okkjyj	𥕔
okuigo	𥕖
okuiic	𥕘
okuiji	𥕛
okuigr	𥕜
okuivh	𥕞
okuiln	𥕡
okuicc	𥕢
okuide	𥕣
okuigd	𥕤
okuiqu	𥕥
okuidd	𥕧
okuili	𥕮
okuisu	𥕯
okuixu	𥕰
okuipg	𥕱
okuijt	𥕲
okjtui	𥕳
okuiln	𥕴
okuigj	𥕵
okuisi	𥕶
okuizv	𥕸
okuiqn	𥕹
okuiwu	𥕻
okpgui	𥕽
okfjui	𥕿
okuibf	𥖀
okuizy	𥖁
okuixm	𥖄
okuiyy	𥖅
okuixy	𥖇
okuijk	𥖉
okuigr	𥖏
okuidv	𥖐
okwwpo	𥖑
okpolv	𥖓
okuivj	𥖔
oklvpo	𥖕
okpoba	𥖖
okuiji	𥖙
okuiku	𥖚
okuivu	𥖛
okuijb	𥖜
okuilm	𥖝
okuilk	𥖟
okuiuu	𥖠
okxlui	𥖡
okuiye	𥖢
okuiwj	𥖣
okuigo	𥖤
okuiai	𥖦
okuizc	𥖨
okuihv	𥖩
okuiho	𥖪
okuiqi	𥖭
okuicv	𥖮
okuihc	𥖰
okuiuz	𥖲
okhkui	𥖸
oktsui	𥖹
okpomw	𥖺
okuiuu	𥖻
okuilv	𥖼
okuixp	𥖽
okuiui	𥖾
okuimd	𥖿
okuiln	𥗀
okuivu	𥗁
okuimo	𥗂
okuiou	𥗄
okuilu	𥗆
okuiii	𥗊
okuibc	𥗋
okuiju	𥗌
okuili	𥗍
okuiji	𥗎
okuiyk	𥗏
okuilw	𥗐
okuiqb	𥗒
okuild	𥗓
okuidh	𥗔
okuiyj	𥗕
okuidu	𥗖
okuixt	𥗙
okqmui	𥗛
okuivj	𥗜
okuixl	𥗝
okuiyk	𥗞
okuili	𥗠
okuiyk	𥗡
okuimp	𥗥
okuivs	𥗦
okuiji	𥗩
okuiqu	𥗫
okuiza	𥗭
okuiqt	𥗮
okzaui	𥗱
okuiee	𥗳
okuilo	𥗴
okuisu	𥗹
okuilw	𥗼
okuilj	𥗽
okuinh	𥗾
okuilo	𥘁
okuibm	𥘂
okuilk	𥘃
okppyi	𥘆
okppbi	𥘇
okbiui	𥘈
okppdc	𥘉
okppjq	𥘊
okppli	𥘋
okppji	𥘌
oklibk	𥘍
okppuj	𥘎
okppgj	𥘏
okxtui	𥘐
okppcy	𥘑
okppyi	𥘒
okppia	𥘓
okppcd	𥘔
okppqi	𥘕
okuiyi	𥘖
okppri	𥘗
okppdj	𥘘
okppho	𥘙
okppxb	𥘚
okppwh	𥘛
okppji	𥘜
okppgh	𥘝
okppjb	𥘞
okppyy	𥘟
okpphu	𥘡
okviui	𥘣
okppuc	𥘤
okppug	𥘥
okppwf	𥘦
okppwu	𥘨
okppyy	𥘩
okppwu	𥘪
okppke	𥘫
okppfu	𥘬
okppvu	𥘭
okppju	𥘮
okppmo	𥘯
okppkz	𥘰
okppxs	𥘱
okppqp	𥘲
okppwa	𥘳
okpppk	𥘴
okppdj	𥘵
okliff	𥘶
okliuc	𥘷
okppli	𥘸
okppju	𥘹
okppvg	𥘺
okpppi	𥘻
okppvf	𥘼
okppbj	𥘽
okiyui	𥘿
okppzo	𥙀
okppqq	𥙂
okppbd	𥙃
okppui	𥙅
okppxr	𥙆
okuita	𥙇
okpptd	𥙉
okdgui	𥙊
okppiu	𥙋
okppzi	𥙌
okppuf	𥙍
okpppd	𥙎
okpphz	𥙐
okppgl	𥙑
okliqu	𥙒
okliys	𥙓
okppan	𥙔
okpplc	𥙕
okppgs	𥙖
okppxi	𥙘
okppdn	𥙙
okpprf	𥙛
okppyz	𥙜
okppxm	𥙝
okppgv	𥙞
okpper	𥙟
okppdv	𥙢
okppxy	𥙣
okruui	𥙦
oklier	𥙧
okppdo	𥙨
okliyi	𥙩
oklibj	𥙪
okppyz	𥙫
okppxn	𥙬
okppui	𥙮
okppfu	𥙳
okppgg	𥙴
okppmm	𥙵
okppyu	𥙶
okppfu	𥙷
okppqq	𥙹
okppbu	𥙺
okppii	𥙼
okppxq	𥙾
okppgu	𥙿
okppfu	𥚀
okppqy	𥚂
okppli	𥚃
oklili	𥚄
oklier	𥚅
okpprf	𥚆
okliue	𥚇
okppbi	𥚈
okpplu	𥚊
okppgo	𥚌
okppzs	𥚎
okppgg	𥚏
okppju	𥚑
okppld	𥚒
okppuu	𥚔
okppih	𥚕
okppcd	𥚖
okpply	𥚗
okppbf	𥚙
okpphu	𥚚
okppky	𥚛
okppxl	𥚠
okiuzs	𥚢
okliyu	𥚤
oklili	𥚥
okppxu	𥚩
okppzi	𥚭
okppuf	𥚮
okliyi	𥚯
okppke	𥚰
okppyb	𥚱
okppci	𥚲
okppye	𥚴
okppmw	𥚵
okppww	𥚷
okppww	𥚸
okppbm	𥚹
okppjp	𥚺
okppdr	𥚻
okpplq	𥛅
oklibd	𥛉
okppuj	𥛊
okppsh	𥛋
okppgs	𥛌
okppyr	𥛍
okppxi	𥛎
okpphe	𥛐
okppru	𥛑
okppgu	𥛔
okppue	𥛖
okppbi	𥛘
okppdi	𥛚
okppfg	𥛝
okpplu	𥛞
okppmi	𥛟
okppis	𥛢
okppdd	𥛣
okppvr	𥛥
okpppn	𥛦
okpplw	𥛧
okppxi	𥛨
okppll	𥛫
oklivi	𥛭
okppfj	𥛮
okppln	𥛰
okpgui	𥛱
okppjn	𥛲
okppxu	𥛳
okpphx	𥛵
okppuj	𥛶
okpplb	𥛷
okpphv	𥛸
okppxi	𥛹
okpppg	𥛻
okwwzu	𥜀
okpplm	𥜁
okpnlq	𥜆
okppyi	𥜇
okppye	𥜈
okppyt	𥜊
okppqm	𥜋
okppao	𥜌
okppwj	𥜍
okppse	𥜎
okppmm	𥜐
okppyj	𥜒
okppjm	𥜓
okppvd	𥜔
okppxu	𥜗
okjmui	𥜙
okppyz	𥜚
okpplv	𥜜
okppgl	𥜟
okpplu	𥜠
oklijm	𥜤
okppfg	𥜪
okppli	𥜰
okppjm	𥜲
okpppj	𥜳
okppqm	𥜴
okppjt	𥜵
okiryu	𥜿
okyuye	𥝀
okyuee	𥝂
okfuyu	𥝃
okjqyu	𥝇
okyuyu	𥝉
okppmu	𥝌
okhehg	𥝍
okheyi	𥝎
okheve	𥝏
okheyz	𥝐
okheqn	𥝑
okhebu	𥝒
okhebi	𥝓
okhejp	𥝔
okhewh	𥝕
okheqi	𥝖
okheyi	𥝗
okhexi	𥝘
okhegs	𥝙
okheda	𥝚
okheda	𥝛
okhekv	𥝜
okheyu	𥝝
okheuj	𥝞
okhetu	𥝟
okheme	𥝠
okhexy	𥝡
okhebu	𥝣
okhewu	𥝤
okheji	𥝥
okheiz	𥝦
okheba	𥝧
okvxhe	𥝩
okheji	𥝪
okhenq	𥝫
okheqi	𥝬
okhegk	𥝭
okhekd	𥝯
okhemu	𥝰
okheyu	𥝱
okheyy	𥝲
okhedj	𥝳
okheyb	𥝴
okhejp	𥝵
okhegs	𥝶
okhejk	𥝷
okheuv	𥝸
okhejb	𥝹
okheuu	𥝻
okhedn	𥝼
okhegd	𥝽
okhejx	𥝿
okheuf	𥞁
okhefu	𥞂
okheiu	𥞃
okhepm	𥞄
okheci	𥞅
okheui	𥞆
okhegj	𥞈
okheww	𥞊
okhequ	𥞋
okhegj	𥞌
okheke	𥞍
okhebu	𥞎
okhexs	𥞏
okhekz	𥞐
okheui	𥞑
okheta	𥞒
okhemb	𥞔
okheys	𥞖
okhecy	𥞘
okheru	𥞚
okhedo	𥞛
okhejl	𥞜
okhelc	𥞠
okhedn	𥞡
okheir	𥞢
oklphe	𥞥
okhejx	𥞦
okhexk	𥞧
okhehd	𥞨
okhebk	𥞩
okhemi	𥞪
okhemi	𥞫
okhean	𥞬
okheyu	𥞰
okqshe	𥞱
okhebp	𥞲
okhebo	𥞳
okhegc	𥞴
okhejx	𥞵
okhefz	𥞶
okhezu	𥞺
okhebi	𥞻
okhexb	𥞽
okliui	𥞿
okhemd	𥟀
okheyz	𥟁
okheld	𥟂
okhejq	𥟅
okheqq	𥟇
okheuu	𥟈
okhetu	𥟉
okhewu	𥟊
okheqi	𥟋
okhepg	𥟌
okhefw	𥟍
okheqr	𥟎
okheqi	𥟏
okhedk	𥟐
okhevo	𥟒
okhegr	𥟓
okheqm	𥟕
okheyi	𥟘
okhezs	𥟡
okheyj	𥟢
okheqp	𥟣
okheli	𥟤
okheuu	𥟧
okhejb	𥟨
okhecd	𥟩
okheju	𥟭
okhebk	𥟱
okhehy	𥟴
okhewj	𥟶
oktuli	𥟹
okyidc	𥟻
okhewu	𥟽
okheku	𥟾
okdoww	𥟿
okhexk	𥠀
okhego	𥠁
okhesv	𥠂
okheyz	𥠃
okhedr	𥠄
okhehr	𥠅
okhexm	𥠆
okheji	𥠈
okheze	𥠉
okherz	𥠊
okhemc	𥠏
okheke	𥠑
okhedi	𥠒
okheye	𥠓
okheiy	𥠔
okheyu	𥠕
okheqr	𥠘
okheyk	𥠚
okheyh	𥠜
okhlhe	𥠟
okhetk	𥠣
okheui	𥠥
okhemw	𥠦
okwwdo	𥠨
okhezz	𥠬
okvshe	𥠭
okhenj	𥠮
okhesi	𥠱
okhesu	𥠲
okhegu	𥠳
okhevr	𥠵
okhefw	𥠶
okhelq	𥠷
okhejp	𥠹
okhewf	𥠺
okhevi	𥠽
okhegz	𥠾
okhexq	𥠿
okhegv	𥡂
okhehl	𥡃
okhegc	𥡅
okheuj	𥡇
okhevv	𥡈
okwwdv	𥡉
okheuj	𥡕
okhema	𥡗
okxihe	𥡙
okhelw	𥡜
okbkbk	𥡝
okheis	𥡟
okheul	𥡠
okmohe	𥡡
okhelv	𥡢
okhejb	𥡣
okhedi	𥡦
okheyi	𥡪
okhevi	𥡫
okhecs	𥡬
okivww	𥡭
okzehe	𥡯
okheys	𥡲
okhevr	𥡵
okheis	𥡶
okhemo	𥡸
okhemj	𥡹
okhehu	𥡿
okxqsv	𥢁
okhema	𥢂
oksivf	𥢅
oksivf	𥢆
okhebf	𥢊
okhefj	𥢌
okhegu	𥢍
okhezy	𥢎
okhetj	𥢏
okhelc	𥢒
okhesu	𥢕
okhexi	𥢗
okheyy	𥢚
okhexy	𥢛
okhedg	𥢜
okhegv	𥢢
okhezg	𥢥
okheij	𥢨
okhejp	𥢪
okhege	𥢫
okheww	𥢬
okhebi	𥢭
okherj	𥢯
okheug	𥢱
okheve	𥢳
okhelk	𥢴
okhehv	𥢶
okhedh	𥢷
okhege	𥢸
okhejn	𥢹
okhejb	𥢻
okhecj	𥢽
okheai	𥣁
okqmhe	𥣂
okheyt	𥣄
okheuu	𥣅
okheye	𥣈
okheuu	𥣋
okheyy	𥣐
okheds	𥣑
okheyu	𥣒
okheci	𥣓
okheyi	𥣖
okhenk	𥣗
okheyj	𥣘
okheju	𥣙
okhemg	𥣛
okhepu	𥣜
okhevd	𥣞
okxqgv	𥣧
okhemp	𥣫
okhewj	𥣭
okhejp	𥣮
okheyz	𥣯
okhehv	𥣴
okheli	𥣵
okviir	𥣽
okheli	𥤀
okxqxu	𥤃
okheyj	𥤆
okhely	𥤉
oknphe	𥤋
okheyi	𥤌
okhebm	𥤓
okhedh	𥤗
okhejt	𥤘
okhelj	𥤝
okhelk	𥤞
okheyj	𥤟
okxtln	𥤣
okxtji	𥤤
okxtqi	𥤥
okxtyz	𥤦
okxttu	𥤧
okxtnv	𥤨
okxtwh	𥤩
okxtzi	𥤪
okxtxt	𥤫
okxtda	𥤮
okxtjq	𥤯
okxtcc	𥤰
okxtgj	𥤱
okxtxx	𥤲
okxtkd	𥤴
okxtmm	𥤵
okxtqi	𥤶
okxtyb	𥤷
okxtyr	𥤸
okxtyc	𥤹
okxtuz	𥤺
okxtbi	𥤻
okxtuv	𥤼
okxtwu	𥤽
okksxt	𥤾
okjqui	𥤿
okxtlq	𥥀
okxtxb	𥥁
okxtfu	𥥂
okxtyt	𥥃
okxtff	𥥄
okxtks	𥥅
okxthr	𥥆
okxtuu	𥥇
okxths	𥥈
okxtyz	𥥉
okxtmb	𥥊
okxtlk	𥥋
okxtui	𥥌
okxtqp	𥥐
okxtbf	𥥑
okxtui	𥥓
okxtui	𥥔
okxtni	𥥕
okxtgu	𥥖
okxtdm	𥥗
okxtww	𥥘
okxtgs	𥥙
okxtba	𥥛
okxtys	𥥝
okxtwa	𥥟
okxtww	𥥠
okxtgs	𥥡
okxtgf	𥥣
okxtir	𥥤
okxtli	𥥥
okxtlc	𥥧
okxtxl	𥥩
okxtmi	𥥪
okxtsi	𥥮
okxter	𥥯
okxtuu	𥥰
okxtsi	𥥱
okxtvz	𥥳
okxtyi	𥥴
okxtyh	𥥵
okxttk	𥥶
okxtdz	𥥷
okxtyu	𥥸
okxtmc	𥥺
okxtjk	𥥻
okxtqq	𥥽
okxtyr	𥥾
okxtjm	𥦀
okxtys	𥦁
okxtbp	𥦂
okxtgd	𥦄
okxttz	𥦆
okxtuu	𥦈
okxtli	𥦉
okxtzo	𥦊
okxtns	𥦌
okxtbw	𥦎
okxtbm	𥦓
okxtkj	𥦔
okxtfu	𥦘
okxtmm	𥦙
okbwjq	𥦚
okxtgx	𥦛
okxtpg	𥦜
okxtlb	𥦝
okxtdm	𥦟
okxtvu	𥦠
okxtqu	𥦡
okxtxp	𥦢
okxtjb	𥦨
okxtyj	𥦩
okxtgx	𥦫
okxtxk	𥦭
okxtfw	𥦯
okxttu	𥦱
okxtya	𥦳
okxths	𥦷
okxtfu	𥦸
okxthr	𥦺
okxtui	𥦽
okxtzs	𥧁
okxtyu	𥧆
okxtke	𥧇
okxtyr	𥧉
okxtwu	𥧊
okxtpk	𥧋
okxtxl	𥧎
okxtve	𥧏
okxtvf	𥧑
okxtgz	𥧒
okxtma	𥧓
okxtqi	𥧔
okxtlq	𥧕
okjqqu	𥧖
okxtxx	𥧜
okxtwu	𥧝
okxtgs	𥧡
okxtia	𥧣
okxtlq	𥧥
okxtna	𥧩
oknsks	𥧪
okxtlh	𥧫
okxtjm	𥧬
okxtmj	𥧭
okxtdi	𥧮
okxtys	𥧱
okxtxi	𥧶
okxtyc	𥧹
okxtuz	𥧿
okxtql	𥨀
okxtlu	𥨁
okxtue	𥨅
okxtao	𥨆
okxtbd	𥨇
okirns	𥨋
okxtfu	𥨍
okxttj	𥨎
okxtxk	𥨕
okxtyh	𥨛
okxtjt	𥨟
okxtjy	𥨣
okxtuu	𥨧
okksgs	𥨨
okxtao	𥨩
okxtmm	𥨫
okxtyi	𥨯
okxtou	𥨱
okjqjn	𥨶
okxtli	𥨹
okxtli	𥨻
okxtqb	𥨾
okxtji	𥨿
okxtcc	𥩃
okxtxk	𥩆
okxthj	𥩇
okirlw	𥩉
okirlu	𥩍
okxtlk	𥩔
okliji	𥩕
oklibu	𥩖
okliwu	𥩗
okliuc	𥩘
okliba	𥩙
okliwf	𥩛
oklipm	𥩜
okliuz	𥩝
okligz	𥩞
okvgli	𥩠
okliyt	𥩡
okliqp	𥩢
oklivu	𥩣
oklike	𥩤
oklini	𥩥
oklidd	𥩦
okijyu	𥩧
okliyu	𥩨
okligj	𥩩
okligu	𥩪
oklijx	𥩫
okliju	𥩮
okliyy	𥩯
okliju	𥩰
oklifa	𥩱
oklihd	𥩲
oklisi	𥩳
okzdli	𥩴
oklibk	𥩵
oklilv	𥩶
oklixt	𥩹
oklijx	𥩺
oklihe	𥩻
oklivc	𥩼
okliuz	𥩽
oklibo	𥩾
oklifu	𥪀
oklijx	𥪂
okliiv	𥪅
okliqq	𥪆
okpzyy	𥪇
okligu	𥪉
okliqu	𥪊
oklilu	𥪋
oklitm	𥪌
okliww	𥪍
okliqu	𥪏
okliqi	𥪓
okliyi	𥪔
oklibk	𥪕
oklizs	𥪗
okliuf	𥪘
okliye	𥪙
oklifu	𥪚
okvgli	𥪛
oklitk	𥪜
oklidi	𥪟
oklijy	𥪠
oktsba	𥪢
oklive	𥪤
okliiu	𥪥
oklixi	𥪦
oklivf	𥪧
okliyr	𥪩
okliqi	𥪪
okvjli	𥪭
oklivh	𥪮
okliyc	𥪯
okxrli	𥪱
oklijp	𥪲
oklizv	𥪳
okvhjl	𥪴
okvzli	𥪷
oklidg	𥪸
oklisv	𥪹
okpzyr	𥪾
oklids	𥪿
oklihv	𥫁
okxyts	𥫂
okliyi	𥫃
okvhwf	𥫊
oklilw	𥫌
oktsyr	𥫎
okjkxx	𥫏
okvuuu	𥫘
okvudk	𥫙
okvukl	𥫚
okvusi	𥫛
okvuia	𥫜
okvuyi	𥫝
okvuzi	𥫞
okvuji	𥫟
okvucc	𥫠
okvukv	𥫡
okvuia	𥫢
okvuyu	𥫣
okvugs	𥫤
okvuto	𥫥
okvutu	𥫦
okvuir	𥫨
okvuuc	𥫩
okvuxx	𥫫
okvunv	𥫭
okvuvs	𥫯
okvulq	𥫰
okvuty	𥫱
okvucc	𥫲
okvufh	𥫳
okvufu	𥫴
okvutd	𥫵
okvuqi	𥫶
okvuuv	𥫸
okvuyb	𥫹
okvurs	𥫺
okvudj	𥫼
okvuui	𥫽
okvuwf	𥫾
okvuhu	𥫿
okvuyy	𥬀
okvuuc	𥬃
okvuuz	𥬄
okvuyt	𥬅
okvujk	𥬆
okvuqr	𥬇
okvucs	𥬈
okvugz	𥬉
okvujb	𥬊
okvuxi	𥬋
okvuta	𥬌
okvuxm	𥬍
okvumo	𥬎
okvuhu	𥬏
okvuuf	𥬐
okvuba	𥬒
okvuyz	𥬓
okvuqu	𥬔
okvurj	𥬕
okvuji	𥬗
okvuju	𥬙
okvubd	𥬝
okvuer	𥬞
okvuiy	𥬟
okvuiu	𥬠
okvuyz	𥬡
okvuzo	𥬢
okvuqn	𥬤
okvumu	𥬥
okvumu	𥬦
okvuqq	𥬨
okvuni	𥬩
okvurs	𥬪
okvuir	𥬫
okvulp	𥬭
okvujl	𥬮
okvukc	𥬯
okvuis	𥬱
okvudo	𥬲
okvuci	𥬳
okvuyh	𥬴
okvuer	𥬵
okvugs	𥬹
okvuwf	𥬼
okvuji	𥬾
okvumi	𥭁
okvuvf	𥭃
okvuxl	𥭈
okvuhv	𥭉
okvurz	𥭊
okvudo	𥭋
okvuvd	𥭌
okvujm	𥭍
okvumz	𥭏
okvuqq	𥭑
okvuvo	𥭓
okvuxp	𥭕
okvufg	𥭗
okvuxi	𥭘
okvumh	𥭚
okvuyz	𥭛
okvuji	𥭜
okvumn	𥭝
okvuyr	𥭞
okvuqy	𥭟
okvuwu	𥭠
okvuvi	𥭡
okvuis	𥭥
okvuzo	𥭭
okvujs	𥭮
okvulc	𥭲
okvudi	𥭳
okvuxb	𥭴
okvuna	𥭵
okvumh	𥭶
okvuug	𥭺
okvuzu	𥭽
okvuir	𥭾
okvuhe	𥮆
okvubh	𥮇
okvufu	𥮉
okvudu	𥮊
okvuti	𥮋
okvudm	𥮏
okvuvz	𥮐
okvujq	𥮑
okvuvj	𥮒
okvuhh	𥮕
okvuvi	𥮖
okvunm	𥮘
okvumi	𥮜
okvuqu	𥮝
okvunm	𥮠
okvumk	𥮡
okvuli	𥮤
okvuxi	𥮥
okvull	𥮩
okvuyi	𥮬
okfuda	𥮯
okvuhu	𥮰
okvuih	𥮲
okvuya	𥮳
okvuzs	𥮵
okvuui	𥮸
okvubc	𥮼
okvucj	𥮾
okbiho	𥮿
okvujb	𥯀
okvuwh	𥯂
okvuyj	𥯃
okvuvv	𥯄
okvuss	𥯆
okvuru	𥯇
okvubj	𥯈
okvuye	𥯊
okvumk	𥯋
okvuvi	𥯌
okvumw	𥯍
okvudm	𥯎
okvugs	𥯏
okvuzd	𥯒
okvuuf	𥯓
okvuyu	𥯔
okvuyh	𥯕
okvudu	𥯖
okvuye	𥯘
okvujb	𥯙
okvuke	𥯚
okvulo	𥯛
okvuww	𥯜
okvutu	𥯝
okvubd	𥯟
okvupd	𥯠
okvupi	𥯡
okvutk	𥯢
okvuww	𥯤
okvujm	𥯦
okvusi	𥯨
okvuvo	𥯩
okvuzz	𥯪
okvugv	𥯫
okvuzo	𥯭
okvuyu	𥯮
okvuyk	𥯰
oktrvu	𥯵
okvuku	𥯶
okvuvu	𥯸
okvucc	𥯹
okvujy	𥰃
okvugz	𥰄
okvudi	𥰆
okvuji	𥰇
okdaxx	𥰊
okvuke	𥰋
okvuxr	𥰌
okvuci	𥰍
okvupb	𥰔
okvung	𥰘
okvufu	𥰛
okvutc	𥰜
okvuxi	𥰝
okvusz	𥰞
okvuyr	𥰟
okvulv	𥰠
okvuii	𥰡
okvuuj	𥰢
okvulq	𥰣
okvulq	𥰤
okvuxi	𥰥
okvuji	𥰦
okvuyi	𥰧
okvuia	𥰭
okvuge	𥰯
okvuzc	𥰱
okvuhs	𥰲
oksyxi	𥰴
okvupz	𥰵
okvuhd	𥰶
okvujb	𥰸
okvujn	𥰹
okvuuu	𥰺
okvuso	𥰼
okvuvd	𥰾
oksymu	𥰿
okvucj	𥱄
okvuue	𥱈
okvulh	𥱉
okvuxi	𥱊
okvuhz	𥱌
okjmmb	𥱔
okvusy	𥱖
okvuxi	𥱛
okvukl	𥱜
okdacs	𥱣
okvuxq	𥱤
okvuqb	𥱧
okvusu	𥱨
okvugu	𥱪
okvutc	𥱫
okvuji	𥱬
okvuui	𥱯
okvutu	𥱰
okvuvj	𥱱
okvuqm	𥱲
okvulh	𥱳
okvubu	𥱴
okvuxi	𥱵
okvuul	𥱶
okvutj	𥱷
okvuqu	𥱸
okvumo	𥱹
okvutu	𥱻
okvuqr	𥱽
okvulu	𥱾
okvuiu	𥱿
okvuic	𥲀
okvudj	𥲄
okvuts	𥲆
okvumj	𥲈
okvuln	𥲊
okvuhj	𥲌
okvucc	𥲍
okvulu	𥲎
okvuwu	𥲐
okvumj	𥲑
okvuzi	𥲕
okvucs	𥲚
okvudn	𥲟
okvuwh	𥲠
okvuxu	𥲤
okvuhe	𥲥
okvuli	𥲧
okvujm	𥲫
okvudd	𥲭
okvujn	𥲯
okvuhk	𥲱
okvufg	𥲶
okvuww	𥳀
okvuyb	𥳄
okvuve	𥳅
okvubi	𥳆
okvufu	𥳇
okvuqn	𥳈
okvudz	𥳉
okvufa	𥳊
okvuls	𥳌
okvuxy	𥳍
okvuis	𥳎
okvuji	𥳏
okvuxm	𥳑
okvuuc	𥳓
okvusv	𥳔
okvuuu	𥳕
okvubw	𥳖
okvuxu	𥳗
okvuts	𥳘
okvuir	𥳙
okvurj	𥳚
okvujq	𥳛
okvuyh	𥳜
okvurv	𥳝
okvulb	𥳞
okvujb	𥳟
okvubf	𥳡
okvudm	𥳢
okvuzv	𥳣
okvunk	𥳥
okvisr	𥳪
okvuhw	𥳬
okvuzy	𥳰
okvuti	𥳳
okvujt	𥳵
okvuvh	𥳶
okvuqi	𥳽
okvujy	𥳾
okvuyi	𥳿
okvuxi	𥴅
okvubc	𥴆
okvubh	𥴇
okvuvj	𥴈
okvugj	𥴊
okvubw	𥴖
okvuts	𥴗
okvumw	𥴘
okvuvv	𥴛
okvuvc	𥴜
okvuww	𥴞
okvuvi	𥴢
okvujm	𥴤
okvusv	𥴦
okvuai	𥴨
okvuge	𥴩
okvuyu	𥴪
okvudm	𥴫
okvupi	𥴬
okvubo	𥴮
okvujk	𥴰
okvucj	𥴷
okcebw	𥴹
okvuci	𥴺
okvuql	𥴻
okvuye	𥴼
okvudi	𥴽
okvuyu	𥵂
okvuvj	𥵃
okvulq	𥵄
okvuyi	𥵆
okvurv	𥵇
okvuyj	𥵈
okvulw	𥵉
okvuhv	𥵊
okvuui	𥵍
okvuhv	𥵓
okvubw	𥵔
okvuvc	𥵕
okvusd	𥵖
okvuxb	𥵗
okvuvc	𥵙
okvuqb	𥵚
okvuns	𥵛
okvupu	𥵜
okvulk	𥵝
okvujp	𥵞
okvuuu	𥵟
okvugu	𥵠
okvugz	𥵡
okvudv	𥵢
okvudr	𥵣
okvuio	𥵤
okvumj	𥵥
okvujb	𥵧
okvufu	𥵩
okvuju	𥵫
okvuln	𥵬
okvumu	𥵵
okvuli	𥵷
okvuzs	𥵹
okvuww	𥵻
okvuvs	𥵾
okvumg	𥵿
okvula	𥶁
okjido	𥶂
okvumg	𥶃
okvunf	𥶄
okvulq	𥶅
okvulu	𥶇
okvuvz	𥶈
okvufj	𥶋
okvulv	𥶌
okvuhr	𥶍
okvudn	𥶏
okvuyh	𥶑
okvuxp	𥶘
okvuhv	𥶙
okvuly	𥶡
okvuln	𥶣
okvumd	𥶦
okvulh	𥶨
okvuyk	𥶩
okgvdi	𥶯
okvupo	𥶱
okvulw	𥶲
okvujm	𥶳
okvudo	𥶴
okvujk	𥶹
okvusv	𥶻
okvusv	𥶼
okvuww	𥶽
okvuyj	𥷀
okvuqi	𥷇
okvuln	𥷊
okvuhj	𥷌
okvupb	𥷎
okvujb	𥷏
okvuli	𥷒
okvuli	𥷗
okvuty	𥷝
okvuju	𥷥
okvunp	𥷨
okvuza	𥷩
okvuxx	𥷫
okvujt	𥷮
okvufu	𥷱
okvuxi	𥸀
okvunj	𥸁
okvudh	𥸈
oklsmu	𥸉
okvuij	𥸍
okvutg	𥸎
okvulu	𥸐
okvulw	𥸕
okvusa	𥸗
okvuio	𥸛
okvuti	𥸠
okvugj	𥸡
okvemi	𥸥
okvemi	𥸦
okmidk	𥸧
okklmi	𥸨
okmiyz	𥸩
okmirf	𥸪
okmier	𥸬
okmicc	𥸭
oktumi	𥸮
okmiwj	𥸯
okmiiu	𥸰
okmigs	𥸲
okmivi	𥸳
okmimm	𥸴
okmity	𥸵
okmikd	𥸶
okmiqm	𥸷
okmiwf	𥸹
okmipm	𥸺
okmiqi	𥸽
okmimc	𥸾
okbami	𥸿
okmixb	𥹀
okmiva	𥹁
okmipi	𥹂
okmifu	𥹃
okmibi	𥹅
okmini	𥹆
okmibm	𥹇
okmita	𥹈
okmisi	𥹊
okmitd	𥹋
okjxmi	𥹌
okmink	𥹍
okmiui	𥹑
okmipk	𥹒
okmiqu	𥹓
okmiba	𥹔
okmilk	𥹕
okmipi	𥹖
okmibk	𥹘
okmivc	𥹙
okmigf	𥹚
okmijn	𥹜
okmixl	𥹝
okmiyi	𥹞
okmido	𥹠
okrumi	𥹡
okmier	𥹢
okmidh	𥹥
okxymi	𥹦
okmiyu	𥹧
okmiui	𥹨
okmisi	𥹩
okmijl	𥹪
okmimi	𥹫
okmikc	𥹬
okmiir	𥹮
okmilw	𥹯
oklzjq	𥹰
okmiyz	𥹱
okmidv	𥹲
okmiwj	𥹳
okmibu	𥹴
okmiuu	𥹵
okmixn	𥹶
okmilq	𥹷
okmibo	𥹸
okwwmi	𥹹
okmiqi	𥹻
okmifg	𥹾
okmidi	𥺀
okmijs	𥺂
okmivi	𥺃
okmixn	𥺄
okmiuz	𥺅
okmiig	𥺆
okmive	𥺈
okmidz	𥺉
okmigc	𥺊
okmiyu	𥺌
okmihj	𥺍
okmiiv	𥺏
okmitk	𥺐
okmilv	𥺓
okivmi	𥺔
okmiba	𥺕
okmifz	𥺖
okmifw	𥺘
okmilk	𥺙
okmixi	𥺚
oknimi	𥺜
okmivz	𥺝
okmiyu	𥺞
okfwmi	𥺟
okmibw	𥺢
okuumi	𥺤
okmiyi	𥺥
okmidm	𥺦
okmigg	𥺧
okmimg	𥺬
okmixi	𥺮
okmiff	𥺯
okmiuu	𥺱
okmivg	𥺲
okminm	𥺴
okmiqu	𥺷
okmiwj	𥺹
okmijb	𥺻
okmiya	𥺼
okmily	𥺽
okmikf	𥺾
okmiqi	𥺿
okmijq	𥻀
okmidr	𥻁
okmijm	𥻂
okmici	𥻃
okmijp	𥻄
okmifu	𥻅
okmixm	𥻇
okmiye	𥻈
okmihe	𥻉
oklbba	𥻋
okcimi	𥻌
okmisi	𥻏
okmiui	𥻐
okmiyu	𥻑
okmizi	𥻓
okmisv	𥻖
okmiia	𥻗
oklbir	𥻘
okmimw	𥻙
okmiyb	𥻚
okmivs	𥻝
okmike	𥻞
okmimn	𥻠
okmimw	𥻡
okmizj	𥻢
okmiii	𥻣
okmiiu	𥻤
okmige	𥻥
okuami	𥻦
okmijm	𥻧
okmiso	𥻨
okmimk	𥻩
okmivi	𥻬
okmiph	𥻭
okmizd	𥻮
okmigz	𥻰
okmiyr	𥻱
okmich	𥻲
okxxmi	𥻴
okmiui	𥻵
okmiqi	𥻶
okmigc	𥻷
okmiia	𥻹
okmixi	𥻺
okmina	𥻻
okmiwu	𥻼
okmili	𥻿
okmiqi	𥼀
okmilv	𥼁
okmicv	𥼂
okmize	𥼃
okmiuu	𥼌
okmisu	𥼍
okmixi	𥼔
okmili	𥼕
okmimb	𥼖
okmiji	𥼘
okmijn	𥼚
okqnmi	𥼛
okmiqb	𥼝
okmiwu	𥼣
okmisi	𥼤
okmigo	𥼧
okmigv	𥼩
okmilb	𥼭
okmihw	𥼯
okmidg	𥼰
okmiqn	𥼱
okmigj	𥼲
okmiee	𥼳
okmijm	𥼴
okmiug	𥼵
okmidj	𥼷
okmilk	𥼸
okmihv	𥼹
okmivi	𥼻
okmifu	𥼼
okmidh	𥼽
okmizc	𥼾
okmiyb	𥽁
okhvmi	𥽂
okmicj	𥽆
okmigj	𥽇
okmiqm	𥽋
okmidc	𥽌
okmijb	𥽍
okmixm	𥽎
okmime	𥽓
okmimm	𥽔
okmica	𥽕
okmile	𥽗
okmimp	𥽘
okmilv	𥽜
okmiqk	𥽝
okmimo	𥽞
okmiyz	𥽟
okffff	𥽡
okmifj	𥽢
okviff	𥽤
okmiho	𥽥
okmimo	𥽨
okmiii	𥽩
okmidu	𥽪
okmiyj	𥽫
okmixl	𥽬
okmilj	𥽭
okmimi	𥽰
okmirc	𥽵
okmizj	𥽷
oksuzc	𥽹
okmilo	𥽺
okmidh	𥽻
okmilk	𥾂
okmimj	𥾃
oksiui	𥾅
oksiln	𥾇
okbasi	𥾈
oksibc	𥾉
oksiji	𥾊
oksind	𥾋
oksijp	𥾌
oksigj	𥾍
oksiqi	𥾎
oksigs	𥾏
oksiyi	𥾐
oksige	𥾓
oksiwu	𥾕
oksixn	𥾗
oksitu	𥾘
oksirs	𥾚
oksiqp	𥾛
okxssi	𥾜
oksimm	𥾝
okqisi	𥾟
oksiyy	𥾡
oksivi	𥾣
okycsi	𥾥
oksiqi	𥾦
oksifu	𥾧
oksiqi	𥾨
okfjsi	𥾩
oksifg	𥾫
oksigx	𥾭
oksige	𥾮
oksidn	𥾯
oksinm	𥾰
oksiva	𥾱
oksipu	𥾲
oksifj	𥾵
oksiyt	𥾶
oksiug	𥾷
oksiwu	𥾸
oksiuz	𥾹
oksics	𥾺
oklqsi	𥾻
oksibm	𥾽
oksipu	𥾾
oksiwu	𥾿
oksiri	𥿀
oksiwh	𥿁
oksixb	𥿂
okjxsi	𥿃
oksidi	𥿄
okuisi	𥿅
oksisi	𥿆
oksipi	𥿇
oksimo	𥿉
oksiii	𥿊
oksibm	𥿋
oksiyz	𥿌
oksigu	𥿍
oksiwj	𥿎
okfusi	𥿏
oksikz	𥿓
oksivj	𥿕
oksisi	𥿖
oksivi	𥿗
oksihe	𥿘
oksirj	𥿛
okddsi	𥿝
oksita	𥿞
oksibu	𥿠
oksini	𥿡
oksiqn	𥿣
oksiqq	𥿤
oksiui	𥿥
oksivz	𥿦
oksixl	𥿧
oksimk	𥿨
okcisi	𥿩
oksido	𥿫
oksini	𥿬
oksiui	𥿮
oksipd	𥿯
oksiyy	𥿱
oksixb	𥿳
oksimz	𥿵
oksier	𥿶
oksiyi	𥿹
oksiwh	𥿺
oksivi	𥿻
oksihl	𥿼
oksian	𥿽
oksiuz	𥿾
okansi	𦀀
oksiro	𦀁
oksinm	𦀅
oksixm	𦀈
oksido	𦀉
oksiyi	𦀊
oksibk	𦀋
oksiru	𦀌
oksilp	𦀎
oksiuz	𦀏
oksivl	𦀐
oksilq	𦀑
oksixb	𦀓
oksiyi	𦀕
oksijp	𦀖
oksiii	𦀗
oksics	𦀙
oksiig	𦀚
oksiua	𦀛
oksivl	𦀜
oksijs	𦀝
okuasi	𦀟
oksilq	𦀠
oksiwu	𦀡
okucsi	𦀧
oksina	𦀨
oksibo	𦀪
oksill	𦀬
oksiju	𦀯
oksijy	𦀲
oksiuz	𦀳
oksimh	𦀴
oksiir	𦀵
oksiqy	𦀷
oksicy	𦀹
oksiie	𦀺
oksigd	𦀻
oksigc	𦀽
oksiil	𦀾
oksiww	𦀿
oksibw	𦁀
oksinq	𦁁
oksibj	𦁂
oksiif	𦁄
oksiiu	𦁅
oksiks	𦁈
oksiqp	𦁉
oksigx	𦁊
oksixi	𦁎
oksiyj	𦁏
oksiqu	𦁐
oksihu	𦁕
oksivz	𦁖
oksibu	𦁗
oklixi	𦁝
oksimk	𦁠
oksiih	𦁢
oksigu	𦁣
oksinm	𦁤
oksidm	𦁦
oksimg	𦁧
oksilu	𦁪
okqusi	𦁫
okxisi	𦁬
oksihu	𦁲
oksiji	𦁳
oksigg	𦁶
okfhgs	𦁷
oksimk	𦁸
oksiye	𦁹
oksimf	𦁺
oksimw	𦁼
oksiwh	𦁽
okhsyh	𦁾
oksigu	𦁿
oksidu	𦂀
oksisv	𦂁
oksitk	𦂃
oksijp	𦂄
oksivz	𦂈
okfgsi	𦂌
oksiro	𦂍
okqqsi	𦂎
oksiqm	𦂒
oksimm	𦂔
oksiyu	𦂕
okxtsi	𦂗
oksiui	𦂛
oksiyz	𦂣
oksipk	𦂤
oksibg	𦂥
oksike	𦂦
oksilh	𦂧
oksijm	𦂩
oksiye	𦂫
oksike	𦂭
oksifg	𦂱
oksipo	𦂸
oksifw	𦂹
oksiyb	𦂺
oksilv	𦂻
oksiuf	𦂼
oksitu	𦂽
oksidp	𦂾
oksibo	𦂿
oksidd	𦃀
oksiqt	𦃁
oksifw	𦃄
oksuge	𦃅
oksoge	𦃆
oksisi	𦃇
oksisz	𦃈
oksisu	𦃊
oksiua	𦃏
oksizc	𦃐
oksihl	𦃑
oksilq	𦃓
oksige	𦃔
oksiuj	𦃖
okuosi	𦃗
oksixy	𦃜
okihjb	𦃢
okwusi	𦃤
oksigz	𦃪
oksixq	𦃬
oksidc	𦃭
oksijx	𦃲
oksilm	𦃳
oksiks	𦃵
oksigg	𦃸
oksich	𦃹
oksihz	𦃺
oksiic	𦃻
oksimk	𦃼
oksilp	𦃾
oksiba	𦃿
oksima	𦄀
oksitv	𦄁
oksidd	𦄂
oksive	𦄃
oksijy	𦄄
oksimd	𦄆
oksinp	𦄇
oksivc	𦄈
okqisi	𦄉
oksinn	𦄋
oksiul	𦄍
oksiuc	𦄏
oklusi	𦄐
oksihv	𦄑
oksibm	𦄒
oksidz	𦄓
oksivi	𦄔
oksiuu	𦄝
oksiwf	𦄞
oknesi	𦄠
oksiys	𦄢
oksidj	𦄦
oksicc	𦄧
oksisv	𦄫
oksiky	𦄬
oksitz	𦄭
okvrsi	𦄯
oksigo	𦄰
oksixi	𦄵
oksits	𦄷
oksiss	𦄸
oksidn	𦄹
oksilh	𦄺
oksigr	𦄻
oksixu	𦄼
oksiqu	𦄽
oksihw	𦄿
oksixy	𦅀
oksiue	𦅁
oksiww	𦅂
oksijn	𦅃
oksits	𦅅
oksidm	𦅆
oksish	𦅇
oksipg	𦅈
oksiuu	𦅉
oksixy	𦅑
okxusi	𦅓
okhwsi	𦅔
oksovo	𦅕
oksixm	𦅗
oksijm	𦅘
oksiwf	𦅙
oksink	𦅜
oksive	𦅝
oksicd	𦅞
oksihx	𦅠
oksijk	𦅡
oksimb	𦅤
oksiti	𦅦
oksihv	𦅩
oksumk	𦅫
oksidv	𦅭
oksisj	𦅮
oksidg	𦅯
oksitj	𦅰
oksivu	𦅱
oksiyt	𦅲
oksisv	𦅵
oksige	𦅶
oksivu	𦅷
oksuyr	𦅻
oksivj	𦅼
okjnsi	𦅾
oksiyy	𦅿
oksixm	𦆀
oksiuu	𦆂
okjmqm	𦆃
oksise	𦆄
oksilm	𦆆
oksijy	𦆈
oksiyt	𦆒
oksiww	𦆓
oksiai	𦆔
oksilw	𦆙
oksinn	𦆚
oksiju	𦆜
okpncy	𦆝
oksiwu	𦆞
oksimg	𦆟
oksikv	𦆠
oksiyi	𦆦
oksiwj	𦆨
oksigo	𦆪
oksink	𦆭
oksirs	𦆱
oksiln	𦆲
oksiyc	𦆸
oksidv	𦆹
oksilk	𦆺
oksikr	𦆼
oksolv	𦆽
oksulv	𦆾
oksibc	𦆿
oksihv	𦇀
oksifu	𦇁
oksivu	𦇃
okuusi	𦇆
oksihv	𦇊
oksixn	𦇋
oksimo	𦇑
oksilw	𦇒
oksili	𦇔
oksipb	𦇖
oksiju	𦇙
oksild	𦇛
oksiyk	𦇝
oksiyi	𦇞
oksijx	𦇦
oksiyj	𦇩
oksixm	𦇫
oksily	𦇬
oksivs	𦇮
oksimi	𦇯
oksicu	𦇰
oksich	𦇴
oksimi	𦇺
oksinh	𦈃
okwfbc	𦈆
oksiii	𦈈
oksijy	𦈉
oksiwu	𦈊
oksiyz	𦈋
oksiuu	𦈌
oksidj	𦈎
oksihy	𦈏
oksilm	𦈐
oksiww	𦈓
oksigu	𦈔
oksiyu	𦈕
oksifw	𦈗
oksinp	𦈙
oksiqi	𦈚
oksizv	𦈛
oksiji	𦈜
oksixy	𦈝
oksipi	𦈞
oksijb	𦈟
oksixu	𦈡
okwuvi	𦈢
okfzkv	𦈣
okfziu	𦈥
okfzho	𦈦
okfzbu	𦈧
okfzkd	𦈨
okfzwa	𦈪
okcifz	𦈬
okfzuu	𦈭
okfzvg	𦈮
okfzgv	𦈰
okcifz	𦈱
okfzhd	𦈲
okiifz	𦈳
okfzfu	𦈴
okfzjk	𦈵
okfzfz	𦈶
okfzlq	𦈷
okfzho	𦈸
okuhfz	𦈹
okfzvz	𦈺
okivfz	𦈼
okfzuz	𦈽
okfzbo	𦈿
okfzui	𦉁
okfzvs	𦉂
okfzye	𦉃
okfzia	𦉆
okfzpk	𦉇
okfzlq	𦉉
okfzvr	𦉊
okfzcv	𦉎
okfzyu	𦉏
okfzpk	𦉐
okfzqu	𦉒
okfznn	𦉓
okfzdj	𦉕
okfzyc	𦉗
okfzvj	𦉜
okfzii	𦉟
okxmfz	𦉧
okkler	𦉪
oksidk	𦉬
okkler	𦉭
okghbi	𦉮
okwhhg	𦉯
okklqm	𦉰
oksiqi	𦉱
okklul	𦉳
oksiui	𦉴
oksiba	𦉵
oksibc	𦉶
oksitu	𦉷
okwhwh	𦉸
oksiuc	𦉹
oksida	𦉼
okwhwh	𦉽
oksiwh	𦉾
oksibi	𦊁
oksihu	𦊂
oksijb	𦊃
oksiwh	𦊄
oksivi	𦊆
oksiyt	𦊈
oksitm	𦊊
okghmu	𦊋
okwhhu	𦊍
oksiui	𦊎
oksimu	𦊏
oksiju	𦊐
oksimc	𦊑
oksiju	𦊒
oksilk	𦊓
okghqp	𦊕
okwhhe	𦊘
oksibf	𦊚
oksisi	𦊛
oksihe	𦊜
okwhvu	𦊝
okwhmb	𦊞
okwhgu	𦊟
okwhbc	𦊠
okwhgx	𦊡
oksili	𦊢
okghdm	𦊣
oksidj	𦊥
okwhqp	𦊩
okwhhe	𦊪
oksigl	𦊫
okghyi	𦊬
okwhmi	𦊮
oksixu	𦊯
oksige	𦊲
oksihe	𦊴
oksiji	𦊵
okwhyi	𦊶
oksikl	𦊺
oksilv	𦊼
oksiui	𦊽
oksifz	𦊾
oksihj	𦋁
oksiui	𦋂
okwhfu	𦋄
oksigu	𦋆
okghvo	𦋇
oksifu	𦋉
oksiqi	𦋊
oksiyj	𦋎
oksilu	𦋏
okwhfz	𦋑
oksijr	𦋓
okwhbi	𦋕
okwhvo	𦋖
okwhlb	𦋗
okwhyj	𦋙
okwhvo	𦋚
okwhfw	𦋛
okwhvv	𦋜
oksivz	𦋝
oksixt	𦋞
oksixr	𦋠
oksimz	𦋡
oksiui	𦋤
oksiyt	𦋥
okwhve	𦋧
oksiui	𦋨
okwhyb	𦋫
okwhsi	𦋮
oksijm	𦋰
oksigh	𦋳
okghfu	𦋵
oksiuj	𦋺
okwhma	𦋻
okwhng	𦋼
oksizu	𦋽
oksicc	𦋿
oksicj	𦌀
oksilz	𦌁
oksics	𦌇
oksijp	𦌈
oksiii	𦌉
okwhlu	𦌏
okwhww	𦌐
okwhlz	𦌑
oksiln	𦌒
oksixy	𦌔
oksilu	𦌕
oksiix	𦌗
oksidm	𦌚
okwhts	𦌜
okwhzg	𦌝
oksilu	𦌟
oksipi	𦌠
oksimm	𦌡
oksiwu	𦌬
oksiqi	𦌰
okwhxs	𦌲
okwhwu	𦌳
okwhww	𦌴
oksixm	𦌶
oksimd	𦌷
okghls	𦌼
oksihr	𦌾
oksili	𦌿
oksinj	𦍀
okwhhr	𦍃
okqmtu	𦍌
okqmui	𦍍
okqmww	𦍎
okyhrf	𦍏
okrfyh	𦍐
okqldm	𦍑
oktuyh	𦍒
okyhye	𦍔
okqryh	𦍕
okyhyu	𦍗
okyhyr	𦍘
okddyh	𦍙
okyhzi	𦍜
okyhhu	𦍞
okyhli	𦍠
okyhwf	𦍡
okwfyh	𦍢
okyhty	𦍣
okyhyt	𦍤
okyhiu	𦍦
okciyh	𦍧
okyhgu	𦍩
okyhvf	𦍪
okyhxr	𦍫
okguyh	𦍬
okyhwa	𦍭
okjlsi	𦍯
okyhba	𦍱
okddyh	𦍲
okyhgx	𦍳
okyher	𦍴
okyhju	𦍵
okyhpi	𦍷
okdoyh	𦍹
okyhzi	𦍺
okyhts	𦍻
okyhgf	𦍼
okyhzi	𦍾
okyhji	𦎁
okyher	𦎂
okyhsi	𦎄
okyhui	𦎇
okyhjn	𦎈
okyhvi	𦎋
okyhhj	𦎌
okyhyj	𦎍
okyhfu	𦎎
okyhuu	𦎏
okyhli	𦎐
okyhlv	𦎑
okufyh	𦎒
okyhlq	𦎓
okyhho	𦎘
okjlsi	𦎛
okyhru	𦎞
okgcho	𦎟
okyhju	𦎠
okmwug	𦎡
okyhji	𦎢
okyhrz	𦎤
okyhjp	𦎥
okmwyh	𦎨
okyhyh	𦎪
okyhxk	𦎬
okyhfu	𦎭
okyhxx	𦎮
okyhgu	𦎰
okyhhd	𦎱
okyhgc	𦎴
okyhng	𦎵
okviyh	𦎷
okyhze	𦎸
okyhlz	𦎹
okyhjk	𦎺
okyhgr	𦎻
okmwpg	𦎿
okwuyh	𦏃
okmwdj	𦏄
okyhjt	𦏅
okyhts	𦏆
okyhhw	𦏉
okyhti	𦏋
okyhpu	𦏏
okyhji	𦏑
okmwmn	𦏒
okqybf	𦏓
okyhxi	𦏔
okyhuu	𦏕
okyhjp	𦏘
okyhzc	𦏛
okyuyh	𦏜
okyhuz	𦏟
okyhmd	𦏢
okyhvf	𦏣
okyhli	𦏩
okyhlk	𦏰
okyuve	𦏳
okyuyu	𦏴
okyuyi	𦏵
okdayu	𦏷
okyuye	𦏸
okyugj	𦏹
okgsyu	𦏺
okyukv	𦏻
okgsyu	𦏼
okyucy	𦏽
okujyu	𦏿
okyuwh	𦐀
okyeyu	𦐁
okyuge	𦐂
okkhyu	𦐄
okyuji	𦐅
okyuba	𦐆
okriyu	𦐇
okffyu	𦐈
okyuui	𦐊
okgkyu	𦐋
okyugs	𦐌
okyugk	𦐍
okyuji	𦐏
okyuwf	𦐐
okwfyu	𦐑
okyuug	𦐒
okyuyz	𦐓
okyumu	𦐔
okyuui	𦐕
okyuvi	𦐖
okyuba	𦐗
okyurj	𦐘
okyubd	𦐚
okjuyu	𦐛
okyupk	𦐜
okuiyu	𦐝
okuiyu	𦐞
okyudi	𦐠
okfuyu	𦐡
okpiyu	𦐢
okyuvu	𦐣
okhdyu	𦐤
okyuxy	𦐥
okyuge	𦐦
okyukd	𦐧
okvuyu	𦐨
okyuvz	𦐩
okyuyi	𦐪
okyuhe	𦐬
okgvyu	𦐰
okxuyu	𦐴
okbkyu	𦐵
okfzyu	𦐸
okyuxb	𦐹
okxnyu	𦐺
okyzyu	𦐻
okviyu	𦐼
okyryu	𦐽
okuuyu	𦐾
okyutk	𦐿
okyuqy	𦑁
okqyyu	𦑂
okggyu	𦑃
okyuyi	𦑄
okllyu	𦑅
okigyu	𦑆
okdayu	𦑇
okyujp	𦑈
okyuqk	𦑊
okzuyu	𦑋
okyuho	𦑌
okhoyu	𦑍
okyuyj	𦑎
okyuvv	𦑏
okyujb	𦑕
okyuqk	𦑖
okujgk	𦑗
okxmyu	𦑘
oktryu	𦑙
okyuyr	𦑛
okgeyu	𦑜
okvsyu	𦑝
okyufu	𦑞
okyuhs	𦑟
okyuhl	𦑠
okuiyu	𦑡
okhzyu	𦑤
okyuve	𦑥
okqmyu	𦑦
okyuui	𦑧
okyujy	𦑩
okuiyu	𦑫
okfuyu	𦑭
okyubm	𦑮
okyujp	𦑯
okyuyr	𦑰
okheyu	𦑱
okngyu	𦑴
okvryu	𦑵
okiayu	𦑺
okwwyu	𦑻
okqiyu	𦒀
okyuia	𦒁
okyuhv	𦒄
okxiyu	𦒆
okglxi	𦒉
oktsyu	𦒍
okyuhv	𦒎
okyuyc	𦒏
okyubi	𦒐
okyuyc	𦒒
okyuqn	𦒓
okyuzg	𦒗
okqiwg	𦒙
okyuih	𦒚
okdjyu	𦒜
okgjyu	𦒝
okgcyu	𦒢
okyuer	𦒤
okwgiz	𦒥
okhoyu	𦒧
okyukr	𦒨
oklsyu	𦒮
oktdvd	𦒰
oklcdk	𦒱
oklcji	𦒲
oklcgs	𦒳
oklcuj	𦒴
oklckz	𦒵
oklcwu	𦒶
oklcmc	𦒷
oklcwu	𦒸
oklclq	𦒹
oklcvj	𦒻
oklcvu	𦒼
oklcsi	𦒽
oklcvj	𦒾
oklcmu	𦒿
oklcvi	𦓀
okqiju	𦓂
okgclc	𦓄
oklcia	𦓅
oklcqu	𦓇
oklclu	𦓉
oklchv	𦓊
okwwlc	𦓌
okerdc	𦓎
okjqer	𦓏
okerjq	𦓑
okhoer	𦓒
okwaer	𦓓
okerer	𦓔
okeryi	𦓕
okerrf	𦓖
okdrba	𦓗
okwwdr	𦓛
okdrfu	𦓞
okvidr	𦓟
okmaer	𦓡
okdrgl	𦓣
okppww	𦓤
oklwer	𦓥
oklwbu	𦓦
oklwba	𦓧
oklwsi	𦓨
okwflw	𦓫
oklwpk	𦓬
oklwcs	𦓭
oklwjk	𦓮
oklwgv	𦓯
oklwqr	𦓰
oklwge	𦓱
oklwru	𦓲
oklwgs	𦓳
oklwxn	𦓴
oklwli	𦓵
oklwif	𦓶
oklwyy	𦓷
oklwbw	𦓸
oklwld	𦓹
oklwvg	𦓺
oklwyi	𦓻
oklwky	𦓼
oklwww	𦓽
oklwqi	𦓿
oklwui	𦔂
oklwyk	𦔃
oklwug	𦔄
oklwtu	𦔅
oklwfu	𦔆
oklwrz	𦔇
oklwvs	𦔉
oklwyu	𦔊
oklwrs	𦔋
oklwqi	𦔌
oklwvr	𦔍
oklwhe	𦔏
oklwyr	𦔐
oklwzi	𦔒
oklwli	𦔓
oklwmj	𦔔
oklwlm	𦔖
oklwji	𦔙
oklwmj	𦔚
oklwts	𦔛
oklwqb	𦔟
oklwug	𦔤
oklwhv	𦔦
oklwyu	𦔧
oklwyi	𦔫
oklwqu	𦔬
oklwmi	𦔭
okerve	𦔮
okbaer	𦔯
okbcer	𦔰
okjqer	𦔱
okerqn	𦔲
okerli	𦔳
okrfer	𦔴
okruer	𦔵
okeree	𦔶
okeryc	𦔷
okergs	𦔸
okeria	𦔹
okeruj	𦔺
okerkz	𦔻
okerpu	𦔼
okerrf	𦔽
okerfu	𦔾
okertm	𦔿
okerqp	𦕀
okmuer	𦕂
okerdj	𦕃
okerjb	𦕄
okermc	𦕅
okerya	𦕆
okeruc	𦕈
okucer	𦕉
okuier	𦕌
okerrs	𦕍
okerxi	𦕎
okervs	𦕏
okergj	𦕐
okerdi	𦕑
okervj	𦕒
okwjer	𦕕
okerys	𦕘
okerju	𦕙
okerfu	𦕚
okermb	𦕛
okerww	𦕜
okerui	𦕝
okerys	𦕟
okergs	𦕠
okeryj	𦕣
okergl	𦕤
okerrs	𦕧
okergf	𦕨
okerxi	𦕩
okbuqu	𦕪
okerqi	𦕫
okerdo	𦕰
okersi	𦕱
okerhe	𦕲
okerlc	𦕳
okerlc	𦕵
okerve	𦕶
okergs	𦕷
okerli	𦕸
okerhs	𦕹
okercs	𦕻
okeruf	𦕽
okerfu	𦖀
okerxi	𦖁
okerqi	𦖂
okerjm	𦖃
okerrf	𦖆
okerbp	𦖇
okeryj	𦖈
okerwh	𦖉
okerqi	𦖊
okeriv	𦖋
okerdm	𦖌
okergo	𦖍
okerxp	𦖐
okeryi	𦖑
okerzu	𦖒
okerfw	𦖕
okerhu	𦖖
okcder	𦖗
okerue	𦖘
okcier	𦖝
okhyer	𦖞
okerhu	𦖟
okeryj	𦖠
okerde	𦖡
okeryb	𦖢
okerqq	𦖣
okerxk	𦖤
okerye	𦖦
okcier	𦖨
okeryu	𦖭
okerui	𦖮
okerww	𦖯
okquuu	𦖰
okerzd	𦖱
okerxx	𦖲
okeryr	𦖵
oksier	𦖷
okerzi	𦖺
okersi	𦖻
okergu	𦖼
okerjm	𦖾
okervf	𦗀
okvfer	𦗁
okerni	𦗄
okerww	𦗇
okerrs	𦗋
okeryc	𦗌
okerph	𦗍
okerlh	𦗏
okerdi	𦗑
okergo	𦗒
okerlu	𦗓
okeric	𦗔
okmaer	𦗕
okerxi	𦗗
okquyk	𦗘
okvjer	𦗚
okerqu	𦗛
okercs	𦗜
okervj	𦗝
okerji	𦗞
okerjn	𦗠
okertj	𦗡
okeruj	𦗢
okerhw	𦗣
okbier	𦗥
okerda	𦗧
okerqn	𦗨
okergj	𦗪
okerjm	𦗬
okpger	𦗭
okerlb	𦗲
okerns	𦗳
okerdh	𦗴
okerzc	𦗵
okerww	𦗸
okerqm	𦗹
okguer	𦗺
okqmer	𦗼
okeryi	𦘀
okerwf	𦘁
okermm	𦘂
okergl	𦘅
okeruh	𦘆
okervg	𦘇
okerle	𦘈
okerli	𦘊
okerli	𦘐
okerkj	𦘑
okyuhg	𦘒
okyuli	𦘓
okyuuj	𦘔
okddyu	𦘖
okuiyu	𦘗
okluyu	𦘞
okyuve	𦘠
okuuys	𦘢
okhxji	𦘣
oksuui	𦘤
okwwhx	𦘧
okytba	𦘩
okytbi	𦘪
okbcrz	𦘫
okyzrz	𦘬
okytdk	𦘭
okytmp	𦘮
okytsi	𦘯
okytqn	𦘰
okytbu	𦘱
okytru	𦘲
okytto	𦘴
okytir	𦘶
okytyc	𦘷
okytuj	𦘹
okytsi	𦘺
okwhrz	𦘻
okyuyt	𦘼
okrznv	𦘽
okrzwj	𦘾
okytfj	𦙀
okythu	𦙁
okburz	𦙂
okxsyt	𦙄
okythu	𦙅
okytui	𦙆
okhoyt	𦙊
okwuyt	𦙑
okytdz	𦙒
okytyz	𦙓
okvxyt	𦙔
oktmyt	𦙖
okytwu	𦙗
okytuv	𦙙
okuzyt	𦙚
okytee	𦙜
okytxs	𦙞
okwfyt	𦙟
okvirz	𦙡
okrzyb	𦙢
okytmu	𦙣
okytmc	𦙤
okytks	𦙥
okytxb	𦙦
okrzuc	𦙧
okytdn	𦙨
oklcrz	𦙩
okytvg	𦙫
okytpi	𦙬
okytds	𦙭
okytxt	𦙮
okddyt	𦙯
okytui	𦙰
okjxrz	𦙲
okytvu	𦙴
okwjyt	𦙵
okytgu	𦙶
okytys	𦙸
okjxyt	𦙺
okytmp	𦙻
okciyt	𦙼
okytce	𦙽
okytug	𦙾
okytxs	𦙿
okytbf	𦚄
okiuyt	𦚅
okrzpi	𦚆
okmcrz	𦚇
okytui	𦚈
okythc	𦚊
oksiyt	𦚋
okwfxn	𦚍
okliyt	𦚎
okliyt	𦚏
okytta	𦚐
okrzqu	𦚒
okrzbj	𦚓
okytvc	𦚔
okytgj	𦚕
okytfj	𦚖
okytza	𦚗
okuirz	𦚘
okytci	𦚚
okddrz	𦚛
okytmo	𦚜
okytkl	𦚞
okytif	𦚟
okytif	𦚠
okytxt	𦚡
okytgf	𦚣
okytyu	𦚤
okytfz	𦚥
okytig	𦚦
okytxy	𦚧
okytdo	𦚩
okytyi	𦚪
okytis	𦚭
okrfrz	𦚮
okeryu	𦚯
okytlc	𦚱
okytis	𦚳
okgsyt	𦚴
okytxi	𦚵
okheyt	𦚶
okherz	𦚷
okytgf	𦚸
okythu	𦚹
okytqu	𦚼
okrzge	𦛃
okrzan	𦛅
okigrz	𦛆
okjtrz	𦛇
okytyi	𦛈
okytdn	𦛉
okytcy	𦛊
okytji	𦛋
okytyu	𦛌
okytzd	𦛍
okytyz	𦛒
okytjq	𦛓
okytjp	𦛕
okytlv	𦛗
okytii	𦛘
okytig	𦛙
okytxb	𦛛
okythj	𦛜
okyurz	𦛝
okytyi	𦛞
okytgg	𦛟
okytdi	𦛡
okytzz	𦛣
okytlc	𦛨
okytgc	𦛩
okytgu	𦛱
okytjn	𦛲
okrzqt	𦛶
okytys	𦛸
okytbp	𦛺
okytcy	𦛻
okytbk	𦛼
okytyb	𦛽
okytnq	𦛾
okytmh	𦛿
okytfw	𦜀
okrzfg	𦜁
okytbh	𦜅
okythj	𦜆
okytqu	𦜇
okytvi	𦜋
okytfh	𦜍
okytig	𦜎
okytli	𦜏
okytgr	𦜐
okytxb	𦜓
okytya	𦜖
okviyt	𦜗
okytru	𦜘
okytbi	𦜠
okytvi	𦜡
okytlu	𦜣
okytlk	𦜥
okytvs	𦜦
okytyi	𦜧
okytkf	𦜨
okythu	𦜩
okytrv	𦜬
okytbf	𦜭
okytvo	𦜰
okytpg	𦜳
okguyt	𦜴
okytjq	𦜵
okrzyj	𦜽
okvirz	𦜾
okytnd	𦝀
okytqi	𦝁
okytde	𦝂
okytlb	𦝃
okytlk	𦝄
okytff	𦝅
okytdi	𦝉
okytmf	𦝋
okytfa	𦝌
okfarz	𦝎
okytyu	𦝑
okytqu	𦝒
okytvi	𦝔
okytfu	𦝗
okrzjr	𦝘
okxirz	𦝙
okytyk	𦝚
okytww	𦝛
okytqi	𦝜
okythr	𦝝
okyttk	𦝞
okytli	𦝟
okytgv	𦝢
okytke	𦝣
okytbk	𦝤
okytuf	𦝧
okytjp	𦝨
okytww	𦝩
okycyt	𦝫
okyttu	𦝬
okukyt	𦝭
okytqq	𦝱
okythe	𦝲
okytpk	𦝷
okytmw	𦝺
okytxr	𦝻
okytlz	𦝼
okwdyt	𦝽
okytdm	𦝿
oktdwf	𦞀
okytzd	𦞁
okytyu	𦞇
okythz	𦞈
okrzjp	𦞉
okythg	𦞌
okjirz	𦞍
okytyj	𦞎
okwwrz	𦞏
okytnt	𦞐
okytbw	𦞑
okytdd	𦞒
okytpd	𦞓
okythl	𦞔
okytkj	𦞖
okrzjm	𦞘
okytgv	𦞙
okytxp	𦞚
okytch	𦞛
okytxi	𦞜
okytqi	𦞝
okytsy	𦞠
okytzc	𦞣
okytzd	𦞤
okythe	𦞦
okytlq	𦞧
okytgs	𦞨
okytvg	𦞪
okytni	𦞮
okytqi	𦞯
okytsu	𦞰
okrzgv	𦞱
okytii	𦞲
okytrs	𦞳
okytgc	𦞵
okytyj	𦞷
okytbg	𦞸
okytru	𦞹
okytcc	𦞻
okytyc	𦞼
okytgu	𦞽
okytmi	𦟂
okytsh	𦟄
okytig	𦟇
okythd	𦟈
okytgj	𦟉
okytpw	𦟊
okytbw	𦟋
okytvj	𦟌
okiarz	𦟎
okytku	𦟏
okytma	𦟐
okytyi	𦟑
oktycv	𦟒
okfuyt	𦟓
okytvi	𦟔
okrzma	𦟖
okytnj	𦟗
okytyb	𦟘
okytys	𦟛
okytze	𦟜
okytma	𦟟
okytqi	𦟠
okjirz	𦟡
okytxq	𦟤
okytvu	𦟥
okrzmo	𦟦
okytlm	𦟪
okytmh	𦟮
okytle	𦟯
okytsu	𦟱
okwfyt	𦟲
okytic	𦟳
okytvj	𦟶
okytpw	𦟷
okytye	𦟸
okytly	𦟹
okytni	𦟻
okytbi	𦟼
okytmi	𦟽
okytqu	𦟾
okytdv	𦟿
okviuu	𦠁
oknnrz	𦠂
okytji	𦠄
okytxy	𦠅
okytxy	𦠆
okytzg	𦠇
okytyi	𦠉
okytbn	𦠎
okytue	𦠏
okytsj	𦠐
okytjt	𦠑
okjtyt	𦠒
okjmld	𦠘
okytqn	𦠚
okytti	𦠛
okythx	𦠜
okbiyt	𦠞
okytjq	𦠢
okytrv	𦠤
okytxm	𦠥
okytuu	𦠦
okytsi	𦠭
okytxm	𦠯
okjmvo	𦠰
okytfa	𦠱
okytee	𦠲
okytij	𦠳
okytqb	𦠴
okytdv	𦠵
okicrz	𦠶
okcsxu	𦠷
okvivi	𦠹
okviky	𦠺
okytfw	𦠻
okytww	𦠽
okytji	𦠾
okytdh	𦡁
okytds	𦡂
okytdz	𦡄
okytku	𦡆
okysrz	𦡈
okmgyt	𦡉
okytdy	𦡋
okytdm	𦡏
okwwyt	𦡒
okytuu	𦡔
okytbc	𦡕
oksvyt	𦡖
okytiz	𦡗
okysyt	𦡚
okrzbf	𦡛
okpirz	𦡜
okrzai	𦡝
okytjb	𦡞
okbwlk	𦡟
oknsji	𦡠
okytlz	𦡢
okytni	𦡥
okytds	𦡦
okytye	𦡧
okxier	𦡩
okytyi	𦡫
okytqb	𦡬
okytpu	𦡮
okytda	𦡯
okytvd	𦡱
okytnk	𦡲
okytuz	𦡴
okytjm	𦡶
okytdv	𦡷
okytyi	𦡸
okyirz	𦡼
okufww	𦡾
okyttd	𦢀
okytch	𦢁
okytpw	𦢄
okyiyt	𦢇
okyter	𦢈
okytmi	𦢉
okytbc	𦢊
okytmd	𦢌
okytgl	𦢎
okytmo	𦢓
okythv	𦢔
okytfu	𦢚
okytlv	𦢛
okytuz	𦢝
okytlu	𦢞
okytpu	𦢟
okytii	𦢠
okytsu	𦢦
okytmg	𦢧
okytxn	𦢩
okytsv	𦢪
okytls	𦢫
okytrv	𦢬
okytxk	𦢯
okxkrz	𦢰
okytwu	𦢲
okjmww	𦢳
oktotu	𦢴
okyttv	𦢶
okytma	𦢷
okytbo	𦢸
okhorz	𦢽
okytnp	𦣀
okytfg	𦣂
okytjt	𦣅
okytmi	𦣆
okytlo	𦣇
okytbo	𦣈
oknjyt	𦣊
okytnj	𦣎
okytsu	𦣑
okytjt	𦣒
okytpn	𦣕
okytnh	𦣘
okytlm	𦣛
okujif	𦣟
okifff	𦣡
okiffu	𦣢
okifge	𦣣
okifbi	𦣥
okifif	𦣦
okifrf	𦣨
okifif	𦣩
okifqi	𦣫
okdiif	𦣭
okguif	𦣮
okifxx	𦣯
oknjwo	𦣰
okifze	𦣱
okifjn	𦣳
okziuu	𦣺
okhgzi	𦣻
okziwu	𦣾
okzige	𦣿
okzida	𦤀
okziuu	𦤂
okziwh	𦤃
okcczi	𦤄
okcczi	𦤅
okziyy	𦤆
okzifj	𦤇
okzics	𦤈
okzigs	𦤉
okziiz	𦤊
okzibf	𦤎
okzitm	𦤏
okizgk	𦤕
okzizu	𦤖
okzind	𦤗
oknpiu	𦤙
okizba	𦤚
okzibd	𦤛
okzixq	𦤜
okwwnp	𦤞
okxbiz	𦤟
okizhv	𦤠
okizyi	𦤡
okboiz	𦤣
okzixl	𦤥
okizhe	𦤦
okiznd	𦤧
okizwf	𦤨
okzilm	𦤩
okheiz	𦤪
okzibi	𦤫
okizhd	𦤬
okzilp	𦤭
oktviz	𦤮
okizkj	𦤯
okiztj	𦤰
okizjb	𦤱
okjtzi	𦤲
okyzvi	𦤵
okviwf	𦤶
okvijq	𦤷
okirvi	𦤸
okvibu	𦤹
okvipu	𦤺
okgxvi	𦤻
okvini	𦤽
okvidj	𦤾
okvidm	𦥃
okqivi	𦥄
okvizz	𦥇
okuiwu	𦥉
oksyvi	𦥊
okviuu	𦥌
okvixx	𦥍
okvivi	𦥎
okjquu	𦥔
okjqcy	𦥘
okjqia	𦥙
okqmjq	𦥛
okxijq	𦥜
okvxjq	𦥝
okjqqm	𦥞
okjqyb	𦥟
okjqfu	𦥡
okjqyz	𦥣
okjqmo	𦥦
okjqvi	𦥧
okjqxt	𦥨
okjqyz	𦥪
okjqva	𦥬
oknijq	𦥭
okjqgl	𦥰
okyukz	𦥳
okjqnj	𦥶
okjqiv	𦥻
okvier	𦦃
okjqzz	𦦅
okjqdr	𦦇
okycvc	𦦌
okjqvr	𦦐
okyufg	𦦙
okyuyu	𦦚
okihjq	𦦢
okjqzv	𦦣
okycyj	𦦨
okyuqr	𦦮
okjquz	𦦰
okyudv	𦦳
okyuyi	𦦸
okisuz	𦦾
okyker	𦦿
oklvjq	𦧃
okuehg	𦧆
okueye	𦧇
okuejb	𦧈
okuevi	𦧉
okueyy	𦧊
okuenq	𦧋
okueug	𦧌
okvxue	𦧍
okjbue	𦧎
okuejk	𦧏
okueta	𦧑
okuegu	𦧒
okuegx	𦧔
okziue	𦧗
okrzue	𦧘
okuevu	𦧙
okueue	𦧚
okuehe	𦧛
okueli	𦧜
okueyj	𦧝
okueda	𦧟
okboue	𦧠
okyjue	𦧡
okuely	𦧣
okdaue	𦧥
okueuz	𦧦
okueui	𦧧
okuexm	𦧩
okuiue	𦧪
okuetr	𦧫
oktrue	𦧬
okuehd	𦧮
okuexi	𦧯
okxiue	𦧰
okuexi	𦧱
okuelw	𦧲
okuedj	𦧴
okuuue	𦧶
okuelm	𦧷
okuexy	𦧸
okueld	𦧺
okuelj	𦧼
oklbxy	𦧾
okmzwu	𦨂
okvzyi	𦨇
okvzrf	𦨈
okvzdc	𦨉
okvznd	𦨋
okvzee	𦨌
okvzdk	𦨍
okvzto	𦨎
okvzqi	𦨏
okvzda	𦨐
okvzcd	𦨑
okvzyi	𦨒
okvzuc	𦨓
okvzrf	𦨔
okvzuc	𦨖
okvzpu	𦨗
okvzqi	𦨘
okvzri	𦨙
okvzqr	𦨚
okvzgz	𦨛
okvzge	𦨜
okvzhu	𦨝
okvzyr	𦨞
okvzvi	𦨟
okvzfu	𦨡
okvzdi	𦨢
okvzvc	𦨣
okysvz	𦨤
okvziu	𦨥
okjxvz	𦨦
okvzmu	𦨧
okvzyr	𦨨
okvzls	𦨩
okvzdj	𦨪
okvzpk	𦨫
okvzys	𦨬
okvzpi	𦨭
okvzdd	𦨮
okvzue	𦨯
okvzqs	𦨰
okvzyu	𦨱
okvzwu	𦨳
okvzts	𦨴
okvzxk	𦨵
okvzgr	𦨶
okvzfa	𦨷
okvzww	𦨹
okvzgl	𦨻
okvzwu	𦨼
okvzcf	𦨽
okvzhg	𦨾
okvzjx	𦩀
okvztn	𦩁
okvzdv	𦩃
okvzhj	𦩅
okvzwo	𦩆
okvzyi	𦩈
okyivz	𦩉
okvzer	𦩊
okvzfw	𦩋
okvzjp	𦩌
okvzvz	𦩍
okvzvv	𦩏
okvzld	𦩑
okvzya	𦩒
okvzsj	𦩓
okvzhu	𦩕
okvzbw	𦩖
okvzyj	𦩗
okvzdk	𦩘
okvzmw	𦩚
okvzju	𦩛
okvzpz	𦩜
okvzww	𦩝
okvzyu	𦩞
okvzfu	𦩟
okvzxk	𦩠
okvzfu	𦩡
okvzxm	𦩢
okvzqi	𦩣
okvztu	𦩤
okvzhe	𦩥
okvzjb	𦩨
okvzjx	𦩪
okvzww	𦩬
okvzsi	𦩭
okvzyr	𦩮
okvzvs	𦩰
okvzqq	𦩲
okvzve	𦩳
okvzqi	𦩴
okvzjm	𦩵
okvzxi	𦩶
okvzgz	𦩷
okvzro	𦩸
okvzyc	𦩹
okvzgs	𦩼
okvzyc	𦩾
okvzth	𦪀
okvztu	𦪂
okvztk	𦪅
okvzji	𦪆
okvzlu	𦪇
okaovz	𦪈
okvzhk	𦪉
okvzqi	𦪊
okvzxq	𦪋
okvzji	𦪌
okvzfg	𦪎
okvzts	𦪏
okvzfa	𦪑
okvzgv	𦪒
okvzsu	𦪓
okvzdy	𦪔
okvzln	𦪕
okvzfj	𦪖
okvzhl	𦪗
okvzjt	𦪘
okvzzy	𦪚
okvzyc	𦪛
okvzqn	𦪞
okvzpg	𦪟
okvzhx	𦪠
okvzxu	𦪡
okvzdj	𦪢
okdjvz	𦪣
okvzvh	𦪦
okvzgj	𦪧
okvzlk	𦪩
okvzcj	𦪫
okvzxp	𦪬
okvzda	𦪭
okvzhc	𦪳
okvzji	𦪵
okvzmo	𦪷
okvzkr	𦪻
okvzji	𦪼
okvzls	𦪽
okvzli	𦪾
oklsvz	𦪿
okvzzj	𦫅
okvzjt	𦫇
okvzli	𦫈
okvzgv	𦫉
okvzlk	𦫊
okwhgf	𦫋
okhegf	𦫌
okllkd	𦫍
oklwgf	𦫎
okllbk	𦫏
okxill	𦫑
oksexi	𦫓
okdgse	𦫔
okwwse	𦫕
oksebd	𦫖
okpise	𦫗
oksefa	𦫘
okbdse	𦫙
okkxse	𦫚
okbose	𦫛
okqyse	𦫝
okyjse	𦫟
okigse	𦫠
okqise	𦫡
okuhse	𦫢
okseye	𦫤
okmmse	𦫥
okyrse	𦫦
okmwse	𦫧
okyjse	𦫨
okwgse	𦫫
okxise	𦫬
okvfse	𦫭
okyrse	𦫮
okxyse	𦫯
okmgse	𦫰
okbise	𦫱
okccuu	𦫳
okccve	𦫴
okvecc	𦫵
okccjq	𦫶
okccrf	𦫸
okgspp	𦫺
okccrf	𦫻
okccln	𦫼
okccer	𦫽
okccee	𦫾
okccyz	𦫿
okgsve	𦬀
okcccd	𦬁
okccwu	𦬂
okccto	𦬃
okccrf	𦬄
okcckz	𦬅
okcccc	𦬇
okccsi	𦬊
okgsli	𦬋
okccyz	𦬍
okccye	𦬎
okcccc	𦬏
okccnv	𦬑
okccyz	𦬓
okccvx	𦬔
okccvs	𦬕
okcciz	𦬖
okccge	𦬗
okccgs	𦬘
okccpu	𦬙
okcchu	𦬚
okccmm	𦬛
okgsyc	𦬜
okcctm	𦬞
okcccc	𦬠
okccsa	𦬢
okccii	𦬨
okcclq	𦬩
okccqr	𦬫
okccwh	𦬬
okccuv	𦬭
okccrs	𦬮
okccuf	𦬯
okccug	𦬱
okccnm	𦬵
okccwu	𦬶
okcczi	𦬷
okccuu	𦬸
okccdj	𦬹
okccxs	𦬺
okccnu	𦬻
okccer	𦬼
okccxr	𦬾
okgsqn	𦭃
okccwa	𦭈
okccka	𦭌
okccvf	𦭏
okccii	𦭐
okcctk	𦭑
okccvg	𦭒
okccui	𦭓
okccys	𦭔
okccig	𦭕
okccjx	𦭖
okccqm	𦭛
okccvi	𦭜
okccsi	𦭝
okccta	𦭟
okccsi	𦭡
okccvg	𦭢
okccvu	𦭦
okccza	𦭧
okccxs	𦭪
okccqs	𦭭
okccru	𦭰
okccyu	𦭳
okccvz	𦭴
okccyh	𦭵
okccxm	𦭶
okccmz	𦭷
okccvz	𦭸
okcchv	𦭹
okccjq	𦭻
okccyi	𦭽
okccya	𦭿
okccvi	𦮂
okmhir	𦮋
okccgs	𦮎
okccjl	𦮔
okccnj	𦮗
okccmh	𦮝
okccxu	𦮠
okccxu	𦮣
okccff	𦮪
okccyi	𦮰
okccva	𦮲
okccqi	𦮳
okccnm	𦮴
okccwf	𦮶
okccbw	𦮷
okccyi	𦮸
okccsi	𦮺
okccyr	𦮻
okccji	𦮼
okccgc	𦮽
okfftu	𦯀
okccju	𦯃
okccxu	𦯅
okccmc	𦯆
okccbo	𦯉
okcccs	𦯎
okccyh	𦯒
okcczu	𦯓
okccdi	𦯔
okccss	𦯕
okvixn	𦯝
okcclr	𦯠
okccue	𦯬
okffwu	𦯲
okffcc	𦯳
okccer	𦯵
okccjs	𦯶
okccmn	𦯷
okccqb	𦯹
okccwf	𦯻
okcchj	𦯼
okxbnv	𦯽
okfuxi	𦰀
okccli	𦰁
okcctn	𦰏
okcclk	𦰐
okccmu	𦰓
okccpc	𦰖
okbicc	𦰙
okccwo	𦰚
okccff	𦰛
okccrr	𦰟
okccna	𦰡
okccdi	𦰣
okcclc	𦰤
okccgd	𦰦
okccni	𦰫
okccbo	𦰬
okccui	𦰯
okccuh	𦰱
okccxu	𦰲
okccmi	𦰴
okccuz	𦰹
okccfu	𦰺
okccpi	𦰽
okccii	𦰿
okccyu	𦱀
okccxr	𦱁
okccho	𦱂
okyumb	𦱃
okcchu	𦱄
okccju	𦱅
okccto	𦱆
okccks	𦱇
okccvg	𦱊
okccmh	𦱋
okccgh	𦱌
okccui	𦱎
okccmu	𦱒
okmncc	𦱓
okcche	𦱕
okccfu	𦱖
okmuwf	𦱛
okmhmb	𦱣
okccjp	𦱥
okccbk	𦱮
okccpk	𦱾
okccyi	𦲀
okccni	𦲁
okccqs	𦲄
okccvz	𦲅
okjpcc	𦲈
okccxp	𦲉
okcclu	𦲊
okccfh	𦲏
okccjp	𦲓
okccya	𦲕
okccvl	𦲚
okxbmu	𦲜
okccmu	𦲝
okccsj	𦲞
okccvi	𦲟
okccyi	𦲤
okccue	𦲧
okccfu	𦲫
okfucc	𦲱
okccmw	𦲲
okccvg	𦲵
okccig	𦲶
okccqi	𦲷
okccyu	𦲸
okccye	𦲹
okccui	𦲺
okccxb	𦲽
okccfa	𦲾
okccmw	𦳀
okccye	𦳃
okccbm	𦳄
okcctm	𦳇
okccpi	𦳈
okccji	𦳌
okccnd	𦳐
okccmz	𦳑
okccfu	𦳓
okccdu	𦳔
okcccc	𦳕
okccug	𦳗
okccia	𦳘
okccvi	𦳙
okccui	𦳚
okccgv	𦳛
okccyh	𦳝
okccbd	𦳞
okccww	𦳢
okxyda	𦳣
okccmn	𦳥
okcczd	𦳦
okmumu	𦳮
okjkdc	𦳲
okccvo	𦳵
okmhis	𦳶
okccqq	𦳷
okccbk	𦳼
okccrs	𦴇
okccro	𦴈
okccyh	𦴊
okccgj	𦴑
okxikz	𦴖
okcctn	𦴚
okccyk	𦴤
okccxy	𦴥
okccke	𦴦
okccfw	𦴧
okccxb	𦴩
okcchf	𦴭
okfjcc	𦴮
okuccc	𦴰
okuvia	𦴶
okcczz	𦴺
okcctd	𦴼
okccur	𦴽
okcclk	𦴿
okccmm	𦵀
okccyu	𦵁
okcclq	𦵂
okccvf	𦵄
okccdr	𦵓
okcchg	𦵕
okccji	𦵗
okccux	𦵘
okccru	𦵙
okccnu	𦵚
okccsa	𦵜
okccxi	𦵠
okccgs	𦵡
okccuf	𦵢
okcclh	𦵧
okccjq	𦵩
okccso	𦵫
okcchd	𦵯
okccxp	𦵱
okccjp	𦵴
okccgz	𦵷
okccgg	𦵸
okccuj	𦵹
okccjb	𦵻
okccjy	𦵼
okcchl	𦵽
okccji	𦵾
okccpz	𦵿
okccwu	𦶀
okccyi	𦶂
okccnp	𦶄
okccnq	𦶆
okccci	𦶉
okccuj	𦶋
okccdn	𦶌
okccks	𦶐
okccuu	𦶕
okcchr	𦶙
okccff	𦶚
okccig	𦶝
okccre	𦶟
okccgf	𦶠
okcchc	𦶡
okcchh	𦶢
okcclp	𦶣
okccyr	𦶤
okccee	𦶥
okccna	𦶦
okccyi	𦶩
okrscc	𦶪
okccjy	𦶬
okccyj	𦶳
okcchj	𦶷
okccqr	𦶸
okccvj	𦶻
okccue	𦶼
okccbj	𦶾
okccsh	𦶿
okccfw	𦷁
okccgg	𦷂
okccnl	𦷄
okccxx	𦷈
okccly	𦷉
okhxhe	𦷌
okccvi	𦷍
okccbc	𦷒
okccee	𦷖
okccxx	𦷜
okccxn	𦷟
okmouj	𦷤
okccmi	𦷥
okccgs	𦷧
okiavi	𦷨
okccbm	𦷩
okcchd	𦷫
okccmi	𦷬
okcchv	𦷭
okccwu	𦷮
okccmd	𦷯
okccfu	𦷰
okvivz	𦷱
okccss	𦷴
okruuv	𦷸
okccji	𦸀
okccdj	𦸁
okccuf	𦸂
okccjm	𦸃
okcctz	𦸄
okccuu	𦸇
okccwj	𦸌
okccto	𦸍
okcccv	𦸏
okcclu	𦸐
okccyi	𦸒
okccfu	𦸕
okccqi	𦸗
okccga	𦸘
okccyz	𦸙
okccxi	𦸚
okccic	𦸛
okccxi	𦸝
okccmi	𦸡
okccjm	𦸮
okufmu	𦸯
okccij	𦸰
okccfu	𦸱
okccou	𦸲
okiucc	𦸶
okcchw	𦸽
okccvh	𦸾
okccxi	𦹀
okccfu	𦹃
okccuc	𦹄
okccwj	𦹅
okcchk	𦹏
okccgo	𦹐
okccwh	𦹑
okccjx	𦹜
okccds	𦹝
okcccd	𦹤
okmoho	𦹪
okcccd	𦹮
okgucc	𦹯
okcchy	𦹲
okcctj	𦹳
okccgu	𦹵
okccpw	𦹷
okcctm	𦹸
okccya	𦹹
okccyb	𦹻
okcchc	𦹾
okccqk	𦺄
okccxy	𦺈
okccfu	𦺉
okccjn	𦺏
okcccj	𦺐
okccwu	𦺒
okccic	𦺓
okccuu	𦺗
okcclc	𦺜
okcchu	𦺟
okccvh	𦺡
okccjp	𦺢
okccxl	𦺣
okccrz	𦺤
okccdz	𦺥
okcchj	𦺦
okccge	𦺧
okccxl	𦺨
okccji	𦺬
okyrbw	𦺲
okccji	𦺴
okcclb	𦺸
okccln	𦺹
okccsj	𦺻
okqimu	𦻆
okccqi	𦻊
okccxi	𦻎
okccic	𦻐
okmoyu	𦻒
okccig	𦻓
okccfw	𦻔
okccyb	𦻕
okccjb	𦻗
okccti	𦻘
okccji	𦻝
oktccc	𦻦
okccqi	𦻬
okfhhu	𦻮
okccwf	𦻱
okccwf	𦻲
okccjp	𦻴
okccqb	𦻵
okccil	𦼃
okccee	𦼇
okcclg	𦼊
okqmwj	𦼌
okccwj	𦼍
okcczg	𦼏
okccyj	𦼐
okccyj	𦼓
okccln	𦼔
okccth	𦼕
okccxi	𦼗
okccsf	𦼚
okccif	𦼛
okccnc	𦼝
okccts	𦼟
okccve	𦼥
okccug	𦼦
okccgj	𦼮
okccsv	𦼯
okccjy	𦼱
okccdh	𦼲
okccih	𦼳
okccyh	𦼴
okccgc	𦼸
okccdy	𦼿
okccjk	𦽁
okccdm	𦽄
okccjm	𦽇
okccsi	𦽊
okccdk	𦽍
okcclu	𦽎
okccfu	𦽏
okcchv	𦽐
okcczw	𦽒
okccjb	𦽔
okccbi	𦽗
okccbm	𦽟
okccjn	𦽨
okccgj	𦽫
okccji	𦽯
okmcvg	𦽰
okccqq	𦽲
okccyu	𦽳
okccjk	𦽴
okccye	𦽶
okccli	𦽼
okcclq	𦽾
okccjx	𦽿
okykmw	𦾇
okcczc	𦾈
okccfg	𦾌
okhxjx	𦾏
okccpn	𦾑
okccis	𦾖
okccyu	𦾚
okccww	𦾛
okchuj	𦾝
okccvj	𦾟
okccue	𦾠
okccuf	𦾢
okccyu	𦾤
okccyy	𦾥
okccuu	𦾧
okccve	𦾬
okcclv	𦾯
okccrs	𦾵
okccjm	𦾶
okccdr	𦾸
okccsr	𦾹
okccyc	𦾺
okccyc	𦾾
okccjk	𦾿
okccih	𦿄
okmoll	𦿉
okccpu	𦿍
okccmg	𦿏
okccvf	𦿒
okccbi	𦿔
okccbi	𦿝
okccqi	𦿟
okmgcc	𦿢
okxucc	𦿤
okccmj	𦿭
okccma	𦿰
okccyu	𧀀
okccme	𧀋
okccuu	𧀌
okccgc	𧀎
okccis	𧀏
okccgv	𧀐
okccvs	𧀑
okccnf	𧀒
okcclv	𧀓
okccxs	𧀛
okccdi	𧀝
okgoli	𧀞
okccjn	𧀡
okccdp	𧀢
okccuw	𧀣
okccii	𧀤
okccyz	𧀥
okcclu	𧀦
okccci	𧀩
okccln	𧀪
okccuh	𧀫
okccxi	𧀬
okccfj	𧀭
okccfu	𧀮
okccti	𧀰
okccyt	𧀲
okccfu	𧀴
okccpu	𧀸
okccve	𧀹
okccsv	𧁂
okccui	𧁐
okccuf	𧁑
okccyh	𧁒
okccns	𧁓
okccyh	𧁙
okcchv	𧁜
okccan	𧁟
okccma	𧁦
okccis	𧁬
okccji	𧁭
okccww	𧁮
okccdi	𧁱
okccjm	𧁴
okccfu	𧁵
okkuku	𧁷
okkuku	𧁹
okccjm	𧁺
okccsv	𧁼
okccdu	𧁿
okccvj	𧂁
okccqm	𧂂
okcchj	𧂃
okccjm	𧂆
okcccc	𧂈
okhcsi	𧂎
okccln	𧂏
okccji	𧂐
okyjcc	𧂑
okhclc	𧂕
okyubw	𧂟
okccyi	𧂠
okccgu	𧂣
okdizu	𧂨
okccbc	𧂫
okccjk	𧂮
okccyy	𧂯
okfjcc	𧂵
okccbi	𧂸
okccxm	𧂹
okccqn	𧂼
okvohx	𧂽
okccjb	𧃃
oksuxb	𧃅
okcclu	𧃆
okccuj	𧃇
okmoui	𧃊
okccta	𧃌
okccjm	𧃑
okcclv	𧃒
okccjm	𧃕
okcchj	𧃙
okccgz	𧃛
okcciz	𧃝
okccyi	𧃟
okccru	𧃨
oksazi	𧃯
okccmi	𧃲
okccso	𧃴
okkudg	𧃵
okcchv	𧃸
okhxye	𧃹
okccyk	𧃽
okcccs	𧃿
okccxx	𧄁
oktdln	𧄈
okcczs	𧄉
okwjdk	𧄌
okccqn	𧄍
okccfu	𧄏
okccul	𧄐
okccqu	𧄒
okcciu	𧄔
okccvi	𧄕
okyjcc	𧄣
okccfu	𧄦
okccji	𧄰
okccqn	𧄳
okwjye	𧄴
okcclp	𧄵
okccui	𧄹
okccdm	𧄺
okccli	𧄻
okcczj	𧄽
okccjl	𧅁
okccjm	𧅆
okmohw	𧅌
okccwu	𧅑
okccqs	𧅓
okccla	𧅕
okccdh	𧅗
okccjt	𧅚
okvixn	𧅣
okccbc	𧅤
okccxb	𧅥
okccjt	𧅫
okgomj	𧅬
okccmg	𧅭
okccli	𧅮
okcchu	𧅰
okccnh	𧅺
okccif	𧆂
okccbp	𧆊
okcclm	𧆎
okccgj	𧆐
okhuyz	𧆛
okhukv	𧆜
okhuyi	𧆝
okhujb	𧆞
okhujq	𧆟
okhuuz	𧆠
okjihu	𧆡
okhujq	𧆢
okhujx	𧆥
okqihu	𧆦
okhutm	𧆨
okhuqi	𧆫
okhujq	𧆬
okhuyz	𧆭
okhucd	𧆯
okhuzi	𧆰
okhuyz	𧆴
okhugs	𧆷
okhuho	𧆸
okhuxb	𧆹
oklkhu	𧆺
okhugu	𧆻
okhuds	𧆼
okhubd	𧆽
okhugs	𧆾
okhuys	𧆿
okhubk	𧇀
okhufw	𧇁
okhulb	𧇃
okxuyu	𧇊
okhuts	𧇌
okfzhu	𧇍
okhuhe	𧇎
okyzhu	𧇐
okjphu	𧇑
okhudv	𧇓
okhunj	𧇙
okhubo	𧇚
okuuhu	𧇝
okhuql	𧇞
okhuvz	𧇟
okxukh	𧇠
oktuhu	𧇢
okhulb	𧇥
okfahu	𧇦
okhulb	𧇨
okhuqi	𧇫
okhuwu	𧇭
okhuhe	𧇮
okhuji	𧇯
okhuhu	𧇰
okhuxm	𧇱
okhuiy	𧇶
okhehu	𧇷
okhuqq	𧇸
okhuhz	𧇹
okglxu	𧇺
okhumk	𧇻
okhudk	𧈂
okhuxx	𧈄
okhuvs	𧈆
okhubb	𧈇
okhuic	𧈈
okichu	𧈊
okdjhu	𧈍
oklnhu	𧈏
okhulu	𧈔
okyzlu	𧈕
okhuuz	𧈙
okqbsi	𧈛
okhutg	𧈜
okisyi	𧈝
okisve	𧈞
okklis	𧈟
okuiis	𧈠
okyzis	𧈡
okisba	𧈢
okisnd	𧈣
okjqis	𧈤
okissi	𧈥
okndis	𧈦
oksiis	𧈧
okxnis	𧈨
okyiis	𧈩
okccis	𧈪
okgsis	𧈫
okgsis	𧈬
okiswu	𧈭
okiswj	𧈮
okiskv	𧈯
okviis	𧈰
okyiis	𧈱
okxyis	𧈲
okisrf	𧈳
okisgl	𧈴
okissj	𧈵
okisir	𧈶
okisxi	𧈷
okwfis	𧈸
okdais	𧈹
okisyi	𧈺
okisuu	𧈻
okispm	𧈼
okisgs	𧈽
okisho	𧈾
okisgh	𧈿
okisvi	𧉀
okqiis	𧉁
okistm	𧉂
okisyy	𧉃
okismm	𧉄
okisyb	𧉅
okiszz	𧉆
okisbu	𧉈
okfgis	𧉉
okfuis	𧉊
okviis	𧉌
okisyt	𧉎
okisul	𧉐
okistd	𧉑
okvais	𧉒
okmuis	𧉓
okisks	𧉔
okycis	𧉕
okisnq	𧉖
okyris	𧉗
okviis	𧉘
okisty	𧉙
okiswu	𧉚
okuiis	𧉜
okisgd	𧉝
okisnk	𧉞
okistd	𧉟
okissi	𧉠
okisxt	𧉢
okisyu	𧉣
okisbm	𧉤
okbwis	𧉥
okiswu	𧉦
okisqu	𧉧
okisbu	𧉩
okjxis	𧉪
okismb	𧉬
oknuis	𧉭
okismu	𧉯
okiser	𧉰
okisuu	𧉱
okxtis	𧉴
okvuis	𧉶
okheis	𧉷
okisfu	𧉸
okisva	𧉹
okuiis	𧉺
okisbj	𧉻
okisli	𧉼
okisui	𧉽
okiyis	𧉾
okisww	𧉿
okisjx	𧊀
okismu	𧊁
okisds	𧊂
okisvi	𧊄
okislk	𧊅
okfuis	𧊆
okddis	𧊇
okmbis	𧊈
okisfj	𧊉
okisys	𧊊
okisuf	𧊋
okisqn	𧊌
okisui	𧊍
okisyt	𧊎
okishd	𧊏
okisyu	𧊐
okciis	𧊒
okisvz	𧊓
okxkis	𧊔
okisrs	𧊕
okisui	𧊖
okiser	𧊗
okiskx	𧊘
okisvi	𧊙
okists	𧊚
okishz	𧊛
okisni	𧊜
okisxk	𧊞
okruis	𧊟
okisyu	𧊠
okqsis	𧊡
okliis	𧊢
okisyi	𧊣
okisyi	𧊤
okisuu	𧊥
okisfz	𧊦
okheis	𧊧
okisyb	𧊭
okysis	𧊯
okyiis	𧊰
okisqr	𧊲
okisgf	𧊳
okisig	𧊴
okisdo	𧊶
okiswh	𧊷
okisci	𧊸
okanis	𧊹
okisif	𧊺
okisxk	𧊽
okmiis	𧊾
oklpis	𧊿
okisvz	𧋀
okiszd	𧋁
okiscy	𧋃
okisgs	𧋄
okisjb	𧋅
okislw	𧋆
okisvi	𧋈
okisgu	𧋉
okuais	𧋊
okiswu	𧋋
okisve	𧋍
okisli	𧋎
okisji	𧋏
okisuu	𧋐
okisgg	𧋑
okisii	𧋒
okisgc	𧋓
okgsis	𧋔
okisky	𧋕
okisdi	𧋘
okiscs	𧋙
okqqis	𧋛
okismw	𧋟
okuiis	𧋠
okisbo	𧋢
okiszu	𧋥
okisww	𧋦
okiszz	𧋨
okzuis	𧋩
okisyu	𧋪
okisxi	𧋬
okisnj	𧋱
okfgis	𧋴
okiskl	𧋵
okismw	𧋶
okisji	𧋷
okisig	𧋸
okisvi	𧋺
okislb	𧋻
okisns	𧋼
okismh	𧋽
okisyi	𧋾
okiskk	𧋿
okisty	𧌀
okyzis	𧌁
okisbu	𧌂
okisqp	𧌃
okisyj	𧌄
okisuz	𧌅
okisks	𧌆
okispg	𧌇
okisvz	𧌈
okislu	𧌉
okisye	𧌊
okisxp	𧌋
okislu	𧌍
okisdm	𧌎
okisda	𧌏
okciis	𧌐
okisqu	𧌑
okhois	𧌒
okisfu	𧌓
okviis	𧌔
okisue	𧌖
okisqu	𧌗
okfuis	𧌘
okyuis	𧌙
okisjs	𧌚
okfuis	𧌛
okbwis	𧌠
okisui	𧌡
okjuis	𧌪
okisjk	𧌬
okisiv	𧌯
okisjl	𧌰
okfhis	𧌱
okviis	𧌲
okisfw	𧌳
okisqi	𧌴
okyhis	𧌶
okisvo	𧌸
okisyj	𧌹
okssis	𧌻
okisdc	𧌼
okisbi	𧌽
okbjis	𧌿
okisgg	𧍁
okisfw	𧍃
okuiis	𧍅
okisgu	𧍆
okisui	𧍇
okisdm	𧍈
okisdi	𧍉
okisde	𧍋
okisvc	𧍌
okisld	𧍍
okishy	𧍎
okisgu	𧍏
okisdr	𧍒
okukis	𧍓
okisyc	𧍔
okisqt	𧍕
okisug	𧍖
okisro	𧍗
okisyz	𧍘
okfjis	𧍙
okisys	𧍛
okisgv	𧍜
okisdi	𧍝
okmcis	𧍟
okisze	𧍡
okyjis	𧍢
okmnis	𧍣
okissi	𧍤
okisww	𧍥
okbicj	𧍦
okisxm	𧍧
okisyu	𧍪
okisww	𧍫
okisqr	𧍭
okisfg	𧍯
okisui	𧍱
okisbm	𧍲
okisyu	𧍳
okisjm	𧍴
okhuis	𧍵
okislv	𧍶
okrois	𧍷
okbmis	𧍻
okisjp	𧎁
okxxis	𧎂
okiszc	𧎇
okisjy	𧎊
okisii	𧎋
okiyis	𧎌
okgois	𧎏
okisqq	𧎐
okishr	𧎑
okisyt	𧎒
okisbf	𧎔
okbwcj	𧎕
okkeis	𧎗
okisyj	𧎘
okisdr	𧎚
okistu	𧎛
okiswu	𧎜
okiszz	𧎝
okisyb	𧎠
okisgs	𧎡
okisrs	𧎣
okissy	𧎤
okisuj	𧎥
okisgs	𧎦
okisjp	𧎩
okteis	𧎬
okueis	𧎭
okisqt	𧎯
okvjis	𧎰
okisso	𧎳
okisve	𧎴
okisqi	𧎵
okisiu	𧎷
okisgc	𧎸
okisge	𧎺
okwuis	𧎻
okisyc	𧎼
okisjb	𧎽
okjiis	𧎿
okzive	𧏄
okuiis	𧏍
okwfis	𧏎
okyris	𧏐
okisbb	𧏖
okiszi	𧏗
okisbj	𧏘
oktcis	𧏛
okisia	𧏞
okffis	𧏟
okissh	𧏠
okisxx	𧏡
okisxn	𧏣
okqiis	𧏨
okisua	𧏫
okisii	𧏬
okisyh	𧏮
okisru	𧏯
okisdj	𧏰
okisah	𧏱
okislp	𧏲
okisbu	𧏳
okisvv	𧏴
okisvf	𧏶
okisxu	𧏷
okisdi	𧏸
okisqu	𧏺
okisbi	𧏻
okniis	𧏾
okisvu	𧏿
okisyu	𧐄
okjiis	𧐆
okisww	𧐇
okzuis	𧐈
okisvh	𧐊
okwwis	𧐌
okisis	𧐍
okismi	𧐎
okisze	𧐐
okissu	𧐒
okyeis	𧐓
okisxi	𧐔
okisvr	𧐕
okislm	𧐖
okisxr	𧐗
okiswu	𧐙
okisuf	𧐞
okluis	𧐠
okishc	𧐢
okislt	𧐣
okisqm	𧐤
okisjp	𧐥
okisly	𧐩
okisue	𧐭
okvjis	𧐮
okltis	𧐯
okcsis	𧐱
okissu	𧐴
okqiis	𧐶
okisyi	𧐹
okists	𧐺
okisdv	𧐻
okisdn	𧐼
okisdj	𧐽
okisbu	𧐾
okisis	𧐿
okisic	𧑀
okiscj	𧑁
okisji	𧑂
okisao	𧑃
okisvs	𧑄
okisyt	𧑅
okists	𧑆
okisfw	𧑈
okisjk	𧑊
okisgv	𧑋
okishx	𧑍
okisuu	𧑏
okisdy	𧑒
okisuu	𧑓
okisdd	𧑔
okisee	𧑕
okisnk	𧑗
okthis	𧑘
okisjq	𧑙
okishj	𧑚
okissu	𧑛
okispi	𧑜
okisls	𧑟
okispa	𧑡
okycis	𧑣
okfjis	𧑪
okveis	𧑭
okiser	𧑰
okisve	𧑱
okvsis	𧑸
okispu	𧑹
okisjp	𧑻
okisjt	𧑾
okisbi	𧒀
okuuis	𧒁
okisjm	𧒄
okisbm	𧒅
okiszy	𧒆
okisvu	𧒇
okiuis	𧒉
okisvi	𧒊
okislj	𧒋
okislu	𧒌
okluis	𧒍
okisuu	𧒑
okisse	𧒓
okisgo	𧒖
okisse	𧒗
okccmc	𧒚
oklwis	𧒜
okveis	𧒢
okisyr	𧒪
okisnn	𧒬
okisyi	𧒭
okiszc	𧒮
okishv	𧒯
okisww	𧒰
okisys	𧒱
okislm	𧒲
okisdc	𧒴
okiscj	𧒷
okisiz	𧒸
okisyt	𧒹
okisjq	𧒺
okislw	𧒽
okdhis	𧒾
okiszw	𧒿
okisai	𧓁
okxpis	𧓃
okispi	𧓄
okisns	𧓅
okiscr	𧓆
okisdm	𧓇
okisjy	𧓈
okqiis	𧓉
okisju	𧓏
okjkis	𧓔
okistr	𧓘
okispj	𧓙
okisjm	𧓦
okisbi	𧓧
okisyb	𧓪
okismm	𧓭
okbiis	𧓮
okisww	𧓯
okisyh	𧓲
okisvi	𧓳
okistk	𧓴
okispg	𧓶
okisxp	𧓺
okislv	𧓻
okwjis	𧓽
okbcis	𧔃
okisle	𧔉
okisiu	𧔋
okisli	𧔌
okislu	𧔎
okwfis	𧔔
okismd	𧔖
okisbc	𧔙
okisqs	𧔚
okisdg	𧔛
okiszj	𧔜
okisli	𧔝
okqmis	𧔢
okisld	𧔣
okisyi	𧔥
okisyj	𧔦
okdnis	𧔨
okpbis	𧔪
okccis	𧔴
okbiis	𧔻
okisge	𧔼
okistv	𧔾
okisdn	𧔿
okisbi	𧕀
okisyk	𧕄
okisxm	𧕇
okisly	𧕋
okisyk	𧕍
okxtis	𧕏
okmcis	𧕑
okfuis	𧕒
okisxx	𧕖
okislj	𧕗
okissv	𧕘
okwwis	𧕞
okisul	𧕟
okisfu	𧕡
okmois	𧕤
okismo	𧕥
okisch	𧕨
okisnp	𧕩
okisli	𧕬
okislj	𧕭
okisli	𧕮
okisli	𧕯
okislw	𧕳
oknjis	𧕴
okcciy	𧕷
okgeiy	𧕹
okisph	𧕻
okfwis	𧕿
okjbgu	𧖂
okisxm	𧖃
okpiis	𧖈
okistg	𧖍
okislj	𧖐
okisnh	𧖒
okgeis	𧖓
okislr	𧖖
okxmis	𧖙
okislk	𧖜
okismj	𧖣
okmwmj	𧖦
okxtdk	𧖧
okxtqn	𧖨
okxtli	𧖩
okxtxi	𧖪
okxtgk	𧖫
okvixt	𧖭
okxtri	𧖮
okbuxt	𧖯
okxtmc	𧖰
okxtmc	𧖱
okxthe	𧖲
oktsxt	𧖳
okpdxt	𧖴
okxtmm	𧖵
okufxt	𧖶
okxtrf	𧖷
okjsxt	𧖸
okxtui	𧖹
okxtho	𧖻
okxtjq	𧖼
okmkxt	𧖽
okxthj	𧖾
okxtug	𧖿
okxtuf	𧗀
okxtsi	𧗂
okxtmz	𧗅
okxtru	𧗈
okpuxt	𧗉
okxtcj	𧗋
okgdxt	𧗍
okxtgv	𧗏
okxtgj	𧗐
okjixt	𧗒
okjixt	𧗓
okxtjy	𧗔
okyjxt	𧗖
okxtbi	𧗗
okgjxt	𧗜
okxkjq	𧗝
okxkrf	𧗞
okxkrf	𧗟
okxkbk	𧗠
okxkyz	𧗢
okxkuj	𧗣
okxkqm	𧗤
okxktu	𧗥
okxkkd	𧗦
okxkri	𧗧
okxkji	𧗨
okbuxk	𧗩
okxkvg	𧗪
okxkgl	𧗯
okxkjm	𧗰
okxkmi	𧗱
okxkyj	𧗳
okxkys	𧗴
okxkxb	𧗶
okxkqq	𧗷
okxkyb	𧗹
okxklv	𧗿
okxkic	𧘀
okxkts	𧘂
okxkmd	𧘃
okxkmd	𧘅
okppln	𧘈
okyikl	𧘉
okyiji	𧘊
okppba	𧘋
okppnd	𧘌
okppgs	𧘍
okyikv	𧘎
okppgs	𧘏
okppto	𧘐
okppuc	𧘑
okppvh	𧘓
okppxx	𧘔
okppuh	𧘕
okkzyi	𧘗
okyiyu	𧘘
okppkv	𧘚
okppqm	𧘜
okyimc	𧘝
okppdz	𧘞
okppfu	𧘟
okyiff	𧘠
okppuc	𧘡
okpphu	𧘢
okppuu	𧘣
okppgz	𧘤
okppiz	𧘥
okyiwh	𧘦
okyidn	𧘨
okfhyi	𧘩
okppya	𧘪
okyicc	𧘫
okppcc	𧘬
okyijb	𧘭
okyixs	𧘮
okyiyt	𧘯
okppbn	𧘰
okppbi	𧘱
okppvi	𧘲
okfuyi	𧘴
okppwf	𧘶
okppvx	𧘷
okppty	𧘸
okpptd	𧘹
okppfg	𧘺
okppjb	𧘻
oknuyi	𧘽
okppvg	𧘿
okppli	𧙀
okciyi	𧙁
okppfu	𧙂
okyike	𧙃
okppbf	𧙄
okpppo	𧙅
okppgx	𧙆
okppsi	𧙈
okyiiu	𧙉
okppvi	𧙋
okyibc	𧙌
okuiyi	𧙍
okyiju	𧙎
okyiyz	𧙏
okbfyi	𧙐
okkeyi	𧙑
okppva	𧙓
okppug	𧙔
okppww	𧙕
okppgu	𧙖
okppyz	𧙗
okbcyi	𧙘
okuiyi	𧙙
okyiys	𧙚
okppbu	𧙛
okbkyi	𧙜
okppii	𧙝
okppci	𧙞
okppyi	𧙟
okppuu	𧙠
okppyi	𧙡
okppui	𧙢
okppyi	𧙣
okppts	𧙥
okppkd	𧙧
okrfyi	𧙨
okyilp	𧙩
okyihv	𧙪
okpper	𧙫
okjryi	𧙯
okppkc	𧙲
okheyi	𧙳
okyuyi	𧙶
okpplp	𧙷
okppxl	𧙹
okpphz	𧙺
okppyu	𧙻
okppis	𧙽
okppyi	𧙿
okppmw	𧚀
okppwj	𧚁
okppns	𧚂
okppxi	𧚃
okppwo	𧚄
okppll	𧚅
okppbo	𧚆
okppmm	𧚇
okppji	𧚈
okppqy	𧚉
okppfg	𧚋
okyivl	𧚌
okyiqq	𧚍
okppuu	𧚏
okmuyi	𧚒
okppys	𧚔
okppzu	𧚖
okppxq	𧚘
okppzo	𧚙
okyijs	𧚞
okppww	𧚟
oknsyi	𧚠
okliyi	𧚣
okyiii	𧚤
okppqu	𧚥
okppjp	𧚨
okppqp	𧚪
okppqk	𧚫
okppks	𧚬
okppbk	𧚭
okppvv	𧚮
okppuz	𧚯
okyivo	𧚰
okppvi	𧚳
okppsv	𧚴
okppjp	𧚻
okyibi	𧚽
okquyi	𧚿
oklbyi	𧛀
okppgu	𧛂
okppda	𧛆
okppih	𧛇
okpply	𧛈
okyimw	𧛉
okppxi	𧛊
okppnm	𧛋
okpplk	𧛎
okppzi	𧛏
okppwu	𧛐
okppdu	𧛔
okppmc	𧛕
okppui	𧛖
okpptu	𧛗
okppji	𧛘
okppww	𧛚
okfgyi	𧛜
okpphu	𧛞
okppxk	𧛟
okppxm	𧛡
okppvi	𧛢
okxxyi	𧛣
okuhyi	𧛨
okppgz	𧛩
okyihu	𧛫
okppro	𧛭
okppnd	𧛮
okqmyi	𧛯
okppmw	𧛰
okbcyi	𧛱
okppzd	𧛷
okppiu	𧛸
okppwg	𧛹
okppso	𧛻
okppue	𧛼
okpphe	𧛾
okppmk	𧜀
okppua	𧜁
okppui	𧜂
okppqi	𧜃
okpphd	𧜅
okgcyi	𧜉
okiiyi	𧜌
okppmh	𧜒
okppgu	𧜓
okppxp	𧜔
okppxn	𧜕
okppvf	𧜖
okppma	𧜗
okppyr	𧜘
okppgs	𧜙
okqiyi	𧜚
okpplh	𧜛
okppmj	𧜞
okuhyi	𧜟
okpplv	𧜠
okppgd	𧜡
okppnn	𧜣
okppuu	𧜥
okppsu	𧜦
okppis	𧜧
okyilu	𧜫
okppuu	𧜭
okppqu	𧜱
okppji	𧜳
okppgv	𧜴
okppdd	𧜵
okppjm	𧜶
okppcd	𧜹
okppbn	𧜺
okdsyi	𧜻
okppxr	𧜽
okpphe	𧝂
okppfw	𧝇
okppjn	𧝈
okppdy	𧝋
okppsv	𧝍
okppts	𧝎
okpphl	𧝒
okpptj	𧝓
okppxu	𧝔
okyiww	𧝕
okwwyi	𧝖
okdyyi	𧝗
okppve	𧝙
okkvyi	𧝛
okppln	𧝜
okppld	𧝝
okppji	𧝞
okihyi	𧝟
okppsj	𧝠
okppda	𧝡
okppsi	𧝤
okppvc	𧝨
okppxy	𧝩
okbiyi	𧝬
okppjn	𧝳
okppdu	𧝴
okppye	𧝵
okppge	𧝶
okhvyi	𧝷
okppys	𧝸
okpppn	𧝼
okppxp	𧝽
okppjl	𧝿
okppuu	𧞀
okpppi	𧞃
okppyt	𧞄
okppda	𧞅
okppxl	𧞆
okppai	𧞇
oknryi	𧞈
okppjp	𧞊
okpplm	𧞋
okppca	𧞍
okppyu	𧞏
okguyi	𧞒
okppqi	𧞓
okppdr	𧞖
okvfyi	𧞙
okppjp	𧞛
okppxs	𧞞
okppyj	𧞣
okppho	𧞤
okyito	𧞥
okppou	𧞨
okppuu	𧞫
okyidn	𧞴
okppwj	𧞵
okppdu	𧞶
okppyi	𧞸
okppii	𧞽
okppmo	𧞾
okppli	𧞿
okppvj	𧟀
okppxl	𧟄
okppyj	𧟆
okpply	𧟇
okpplj	𧟋
okpplo	𧟌
okppqm	𧟑
okppyj	𧟓
okppnh	𧟘
okpplk	𧟙
okxihg	𧟠
okxihg	𧟡
okvexi	𧟢
okxiji	𧟣
okxicc	𧟤
okxicc	𧟥
okxiqi	𧟦
okxitd	𧟧
okxiug	𧟨
okxiyt	𧟩
okxiyu	𧟪
okxike	𧟫
okxiqq	𧟬
okwuyc	𧟰
okxifu	𧟱
okxijb	𧟴
okxifu	𧟵
okxibd	𧟸
okxivo	𧟻
okxing	𧟽
okxihx	𧠁
okfuyi	𧠅
okzier	𧠆
okyzjm	𧠈
okyejm	𧠉
okjmcc	𧠋
okjmcc	𧠌
okfujm	𧠎
okeejm	𧠏
okjmyu	𧠐
okjmmc	𧠑
okrfjm	𧠒
okycjm	𧠔
okjmdz	𧠕
okjmya	𧠖
okjmri	𧠗
okjmvx	𧠘
okvxjm	𧠙
okffjm	𧠚
okvijm	𧠛
oktdjm	𧠜
okvfjm	𧠝
okdijm	𧠟
okmbjm	𧠠
okqpjm	𧠢
okpijm	𧠣
okfujm	𧠤
okjmmu	𧠦
okysjm	𧠧
okpdjm	𧠨
okgsjm	𧠩
okvijm	𧠫
okjmjn	𧠭
okjijm	𧠯
okhljm	𧠰
okhvjm	𧠲
okjmsi	𧠴
okcijm	𧠵
okyzjm	𧠶
okjnjm	𧠷
okgvjm	𧠹
okxmjm	𧠺
okjmyj	𧠻
okgcjm	𧠼
okfujm	𧠾
okdzjm	𧡀
okhsjm	𧡃
okjmui	𧡄
okjmnj	𧡇
okigjm	𧡈
oktijm	𧡊
okjmjm	𧡌
okdsjm	𧡍
okerjm	𧡎
okvojm	𧡏
okvijm	𧡐
okjmpd	𧡒
okuzjm	𧡓
okjmuu	𧡕
okvvjm	𧡖
okvijm	𧡚
okldjm	𧡛
okmkjm	𧡜
okjmdm	𧡝
okjxjm	𧡞
okbkjm	𧡟
okjyjm	𧡡
okxrjm	𧡢
okqqjm	𧡣
okbmjm	𧡤
okxljm	𧡥
okuijm	𧡨
okyrjm	𧡩
okufjm	𧡪
okgvjm	𧡫
okjmui	𧡭
okxljm	𧡮
okuijm	𧡰
okybjm	𧡱
okiyjm	𧡲
okjmjm	𧡴
okdajm	𧡵
okxkjm	𧡶
okjmyc	𧡷
okqijm	𧡺
oksujm	𧢀
okjmru	𧢁
oklzjm	𧢃
okpnjm	𧢄
okisjm	𧢆
okxijm	𧢇
okwfjm	𧢈
okjmyu	𧢊
okbijm	𧢍
okzgjm	𧢐
okjmjm	𧢑
okwwjm	𧢒
okwwjm	𧢓
okfjjm	𧢜
okwjjm	𧢝
okiijm	𧢟
okjmvg	𧢡
oklyjm	𧢢
okjmww	𧢤
okgvjm	𧢦
okqujm	𧢩
okgvjm	𧢫
okjtjm	𧢭
oklkjt	𧢱
okjnve	𧢳
okjndk	𧢴
okjnqn	𧢵
okjnbi	𧢶
okjnia	𧢷
okjngs	𧢸
okjnjb	𧢹
okjngs	𧢺
okjnnq	𧢻
okpjjn	𧢼
okjnhx	𧢽
okjnji	𧢾
okjnfu	𧢿
okjnpu	𧣀
okjnyb	𧣁
okjnee	𧣂
okjnba	𧣃
okjnvi	𧣄
okbijn	𧣅
okvijn	𧣆
okjnuu	𧣇
okjnnq	𧣈
okpmjn	𧣉
okjnjb	𧣊
okjnjp	𧣋
okhojn	𧣌
okjnrs	𧣍
okjnyy	𧣏
okjnya	𧣐
okjngj	𧣑
okjnju	𧣒
okjnvu	𧣓
okjnui	𧣔
okjnqq	𧣕
okjnta	𧣖
okjngu	𧣗
okjnxr	𧣙
okjnsi	𧣛
okjnqq	𧣜
okjnva	𧣝
okjnqp	𧣞
okjnvg	𧣠
okdojn	𧣡
okjngf	𧣢
okjndo	𧣣
okjnjn	𧣦
okjnyi	𧣧
okjnif	𧣨
okjnxi	𧣩
okjnxn	𧣪
okjnzu	𧣫
okjnvi	𧣭
okjnyz	𧣮
okvejn	𧣯
okjngg	𧣲
okjngu	𧣳
okjnly	𧣵
okjnvz	𧣷
okjnvo	𧣸
okjnyj	𧣹
okjnvo	𧣺
okjnju	𧣻
okjnho	𧣼
okjnvv	𧣽
okjnhu	𧣾
okjnjk	𧤀
okjnlk	𧤁
oklkjn	𧤂
okjnbi	𧤃
okhojn	𧤅
okjnmi	𧤆
okvijn	𧤊
okjndi	𧤍
okjnxr	𧤎
okjngo	𧤐
okjnge	𧤒
okjnqq	𧤕
okjnww	𧤖
okjndr	𧤗
okuijn	𧤘
okqqjn	𧤙
okjnqb	𧤛
okjnge	𧤜
okjnph	𧤞
okjnqi	𧤟
okjnjp	𧤠
okjnvi	𧤡
okjncc	𧤣
okjnjy	𧤤
okjnqm	𧤥
okjnyj	𧤨
okbajp	𧤭
okjngo	𧤯
okjnuf	𧤱
okjnjm	𧤵
oktvjn	𧤹
okjnue	𧤺
okjnhx	𧤻
okjnjt	𧤼
okjnxm	𧤽
okjpxl	𧥁
okjndv	𧥃
okjnji	𧥄
okjnww	𧥇
okjnjm	𧥈
okjnhc	𧥉
okjnvd	𧥋
okjngl	𧥌
okjnyh	𧥐
okbaiu	𧥔
okjnli	𧥖
okveyj	𧥝
okyjuu	𧥞
okyjve	𧥟
okjqyj	𧥠
okviyj	𧥡
okdayj	𧥢
okyjkz	𧥣
okyjui	𧥤
okiryj	𧥥
okyjyu	𧥦
okxiyj	𧥧
okyjyz	𧥩
okyjhu	𧥮
okyjrg	𧥰
okyjfu	𧥱
okwuyj	𧥲
okyjmc	𧥴
okyjri	𧥵
okyjwh	𧥶
okyjqi	𧥷
okyjnq	𧥸
okyjfg	𧥹
okyjyy	𧥺
okyjyy	𧥼
okyjge	𧥾
okuvyj	𧥿
okyjyu	𧦃
okyjui	𧦄
okyjqu	𧦅
okyjhu	𧦈
okyjgd	𧦉
okriyj	𧦊
okyjuv	𧦋
okyjuz	𧦌
okyjwu	𧦍
okyjvx	𧦐
okyjkh	𧦑
okyjpm	𧦓
okjiyj	𧦔
okjiyj	𧦕
okytyj	𧦗
okyjhu	𧦝
okyjbu	𧦞
okyjfj	𧦟
okyjee	𧦠
okyjhc	𧦢
okyjjx	𧦤
okmuyj	𧦥
okyjrj	𧦦
okyjwd	𧦨
okgsyj	𧦪
okyjkz	𧦫
okyjta	𧦭
okyjli	𧦰
okxtyj	𧦱
okjxyj	𧦲
okyjui	𧦳
okdgyj	𧦴
okyjtm	𧦵
okyjbf	𧦹
okyjqq	𧦺
okyjgx	𧦼
okyjer	𧦽
okyjbk	𧦿
okyjwa	𧧀
okwjyj	𧧁
okifyj	𧧃
okyjwh	𧧄
okyjli	𧧅
okyjdv	𧧆
okyjsi	𧧈
okyjlp	𧧋
okyjxi	𧧍
okruyj	𧧏
okyjxu	𧧐
okijyj	𧧑
okyjci	𧧒
okyjxt	𧧓
okyjvz	𧧔
okyjzi	𧧕
okyjjq	𧧖
okyjse	𧧘
okyjwh	𧧜
okyjhl	𧧢
okyjgr	𧧤
okyjqu	𧧥
okyjxl	𧧦
okwhyj	𧧧
okyjdo	𧧨
okyjyi	𧧩
okyjyu	𧧪
okyjjl	𧧭
okyjgl	𧧯
okyjif	𧧰
okyjjx	𧧵
okyjyu	𧧶
okyjqq	𧧷
okyjbp	𧧸
okyjzo	𧧻
okyjfg	𧧽
okyjbw	𧧾
okyjzo	𧨀
okyhyj	𧨁
okyjhe	𧨂
okyjii	𧨃
okyjlq	𧨆
okwuyj	𧨈
okyjwj	𧨎
okyjhg	𧨑
okyjgg	𧨒
okyjmh	𧨔
okyjmm	𧨕
okyjjn	𧨖
okyjxk	𧨘
okyjyr	𧨜
okyjjs	𧨝
okyjyj	𧨟
okyjjy	𧨡
okyjtm	𧨩
okyjbi	𧨬
okyjfu	𧨮
okyjvi	𧨰
okyjdi	𧨱
okuhyj	𧨲
okyjvo	𧨳
okyjui	𧨴
okyjkf	𧨷
okyjdm	𧨸
okyjlu	𧨹
okgsyj	𧨻
okyjfu	𧨽
okyjii	𧩀
okyjli	𧩈
okyjgg	𧩉
oklbyj	𧩋
okyjmg	𧩌
okyjyi	𧩎
okyjhu	𧩓
okyjqp	𧩕
okquyj	𧩞
okyjuh	𧩡
okyjmm	𧩤
okyjji	𧩦
okyjdu	𧩧
okyjhz	𧩨
okyjye	𧩬
okyjpk	𧩱
okyjci	𧩲
okyjqi	𧩶
okyjyr	𧩷
okyjui	𧩹
okyjhf	𧩺
okyjzz	𧩻
okyjvi	𧩼
okyjyi	𧪁
okyjxb	𧪄
okyjnu	𧪅
okyjke	𧪆
okyjda	𧪇
okyjqm	𧪈
okyjdm	𧪊
okyjwf	𧪍
okyjsv	𧪎
okyjww	𧪏
okyjpk	𧪐
okyjxl	𧪑
okyjqr	𧪒
okyjyu	𧪓
okyjxx	𧪕
okyjia	𧪘
okyjqi	𧪚
okyjwu	𧪛
okyjuo	𧪜
okyjig	𧪝
okyjhe	𧪞
okyjji	𧪠
okyjqi	𧪡
okyjqi	𧪢
okyjvg	𧪣
okyjma	𧪨
okyjxi	𧪩
okyjah	𧪪
okyjlq	𧪭
okiayj	𧪰
okyjvv	𧪲
okgvyj	𧪵
okyjzd	𧪹
okyjyr	𧪼
okyjjb	𧪽
okyjsy	𧪾
okyjyr	𧫁
okgsyj	𧫃
okyjbn	𧫄
okyjdh	𧫆
okyuyj	𧫊
okuoyj	𧫋
okyjzi	𧫎
okgvyj	𧫏
okyjlu	𧫓
okyjji	𧫕
okyjlw	𧫖
okyjul	𧫗
okyjjk	𧫙
okyjdd	𧫚
okyjyh	𧫛
okjiyj	𧫜
okyjji	𧫠
okyjvi	𧫡
okyjwh	𧫢
okiiyj	𧫣
okyjbi	𧫤
okyjan	𧫥
okyjmj	𧫩
okyjvh	𧫱
okyjqi	𧫳
okyjly	𧫶
okvjlk	𧫹
okyjdc	𧫺
okyjsu	𧫻
okyjma	𧫼
okyjjq	𧫾
okyjxy	𧫿
okyjhe	𧬂
okyjtu	𧬅
okyjuj	𧬆
okyjyi	𧬇
oksiyj	𧬊
okyjfa	𧬋
okyjmh	𧬏
okyjgu	𧬕
okyjjm	𧬘
okyjfu	𧬙
okyjxl	𧬛
okyjsi	𧬜
okyjyy	𧬞
okyjuu	𧬠
okyjts	𧬤
okyjdz	𧬥
okvgvg	𧬦
okyjkv	𧬧
okyjsv	𧬨
okyjyy	𧬪
okyjjm	𧬫
okyjye	𧬬
okxlyj	𧬰
okyjjr	𧬸
okyjdi	𧬺
okyjda	𧬻
okyjug	𧬼
okyjca	𧭂
okyjic	𧭄
okyjnk	𧭈
okyjer	𧭉
okyjmg	𧭊
okyjju	𧭍
okyjpu	𧭎
okyjtd	𧭏
okyiyj	𧭐
okyjjm	𧭗
okyjuo	𧭚
okyjlv	𧭜
okyjcd	𧭝
okyjii	𧭟
okyjxp	𧭠
okyjwj	𧭡
okyjuh	𧭢
okyjgo	𧭣
okyjbc	𧭤
okyjle	𧭥
okyjve	𧭧
okyjgl	𧭰
okyjqm	𧭱
okyjmw	𧭵
okyjlu	𧭷
okpbyj	𧭹
okyjqb	𧭼
okyjhd	𧮅
okyjyk	𧮆
okyjmd	𧮇
okyjjm	𧮈
okybyj	𧮐
okyjil	𧮕
okyjli	𧮛
okbbyj	𧮝
okyjjt	𧮞
okyjlw	𧮢
okyjlj	𧮤
okyjvj	𧮪
okguxy	𧮬
okguwj	𧮭
okguqm	𧮮
okgsgu	𧮯
okgujb	𧮰
okguff	𧮱
okgugj	𧮳
okgugu	𧮴
okguhe	𧮵
okguhz	𧮶
okguvz	𧮻
okguhu	𧮽
okguue	𧮿
okguyk	𧯀
okguhz	𧯁
okguxm	𧯃
okxlgu	𧯄
okguxl	𧯅
okguhd	𧯆
okrsgu	𧯉
okgulc	𧯍
okguxm	𧯎
okgujm	𧯑
okguzg	𧯒
okgurv	𧯕
okgukj	𧯘
okgulk	𧯙
okbadz	𧯚
okccdz	𧯛
okbcdz	𧯜
okdzto	𧯝
okdzjb	𧯞
okfudz	𧯟
okdzju	𧯠
okwjdz	𧯡
okigdz	𧯢
okdzva	𧯤
okjrdz	𧯦
okdzdo	𧯨
okdzzu	𧯩
okdzdi	𧯪
okdgdk	𧯫
okdzjk	𧯬
okdzqi	𧯯
okdzho	𧯱
okdzld	𧯲
okwjdz	𧯳
oklbdz	𧯴
okdzfg	𧯵
okqike	𧯶
okyiuu	𧯸
okybdz	𧯹
okjnqi	𧯺
okdzlz	𧰃
okxlqi	𧰄
okdzbi	𧰆
okwudz	𧰈
okdzln	𧰉
okdzlc	𧰎
okdzdg	𧰐
okhcdz	𧰑
oklbdg	𧰔
okdznk	𧰗
okqiji	𧰙
okyidc	𧰝
okgvdg	𧰥
okyiui	𧰦
okuidk	𧰩
okgjui	𧰪
okuijq	𧰫
okhgsv	𧰬
okriui	𧰮
okuigs	𧰯
okuiyz	𧰰
okhuui	𧰲
okuigz	𧰴
okuikl	𧰶
okuimu	𧰷
okuipi	𧰸
okuiiu	𧰹
okuilk	𧰻
okaoui	𧰽
okuiai	𧰿
okuixm	𧱀
okuits	𧱁
okuigf	𧱂
okaoui	𧱃
okuiyi	𧱅
okuiyu	𧱇
okuihv	𧱉
okuiss	𧱍
okuiww	𧱎
okxbui	𧱏
okuixn	𧱐
okuivu	𧱑
okuils	𧱓
okuiyi	𧱕
okuiqp	𧱙
okuijm	𧱚
okuiqu	𧱛
okuily	𧱜
okvoui	𧱝
okuiky	𧱟
okuiks	𧱡
okuiww	𧱨
okuibm	𧱩
okuizz	𧱪
okuiyu	𧱬
okuiyj	𧱱
okuiqi	𧱲
okuimk	𧱴
okuith	𧱵
okuivr	𧱹
okuiyi	𧱺
okuimi	𧱻
okuimj	𧱼
okuiys	𧱿
okuiqm	𧲀
okuilb	𧲂
okuimb	𧲃
okuiww	𧲄
okuizg	𧲅
okuigv	𧲆
okuipi	𧲉
okuimg	𧲍
okmgui	𧲎
okuibc	𧲐
okwwui	𧲔
okuils	𧲖
okyjui	𧲛
okpixl	𧲜
okwwty	𧲝
okvive	𧲠
okvili	𧲡
okvito	𧲢
okvicy	𧲣
okvinq	𧲤
okviri	𧲥
okviyr	𧲦
okviba	𧲧
okvikd	𧲨
okviyt	𧲩
okvikh	𧲪
okviji	𧲫
okviui	𧲬
okvizo	𧲭
okviva	𧲮
okviba	𧲯
okviqq	𧲰
okviyh	𧲱
okvigx	𧲲
okvixs	𧲳
okvids	𧲴
okviug	𧲵
okviuu	𧲷
okvivj	𧲸
okviyz	𧲹
okvipk	𧲺
okvivi	𧲻
okvibc	𧲼
okviju	𧲽
okvihz	𧲿
okvido	𧳁
okvifu	𧳂
okviis	𧳃
okvixb	𧳄
okvili	𧳅
okvits	𧳆
okvihe	𧳇
okvijq	𧳈
okvibk	𧳉
okvijn	𧳊
okvidi	𧳋
okvitu	𧳌
okvixn	𧳍
okviwu	𧳎
okvifz	𧳏
okvixi	𧳐
okvils	𧳑
okvibw	𧳒
okvill	𧳓
okvild	𧳕
okvihj	𧳘
okvili	𧳙
okvizu	𧳚
okviqp	𧳛
okvivz	𧳜
okvivo	𧳝
okvivv	𧳞
okvild	𧳟
okvibi	𧳠
okviui	𧳡
okviky	𧳢
okvids	𧳣
okviii	𧳤
okvicd	𧳥
okvijp	𧳧
okvirz	𧳨
okvitr	𧳩
okviww	𧳪
okviqq	𧳫
okvimw	𧳬
okviyr	𧳭
okvivs	𧳮
okvive	𧳯
okvijy	𧳰
okvivr	𧳵
okvisz	𧳶
okviyr	𧳷
okvigu	𧳸
okviiu	𧳹
okvilq	𧳽
okvili	𧴁
okvifg	𧴂
okvivj	𧴃
okviys	𧴄
okviul	𧴅
okvixu	𧴆
okvijk	𧴈
okvihr	𧴊
okvipn	𧴋
okvibf	𧴍
okviqb	𧴐
okviww	𧴑
okviyi	𧴒
okvihw	𧴔
okvirv	𧴕
okvisv	𧴖
okviys	𧴗
okvihv	𧴚
okvijp	𧴛
okvizc	𧴜
okvimj	𧴝
okvipg	𧴟
okvili	𧴠
okvild	𧴡
okviyj	𧴣
okbwbu	𧴤
oklibw	𧴥
okqibw	𧴦
okbwli	𧴧
okwfbw	𧴨
okbwba	𧴩
okxnbw	𧴪
okbwcy	𧴫
okbwrf	𧴬
okujbw	𧴭
okyibw	𧴮
okbwzi	𧴯
okbwyi	𧴰
okbwnv	𧴱
okirbw	𧴲
okyybw	𧴳
okribw	𧴴
okbwyb	𧴸
okgsbw	𧴹
okwfbw	𧴻
okbwdz	𧴼
okbwwh	𧴽
okiibw	𧴾
okmubw	𧴿
okbwuc	𧵁
okbwyt	𧵂
okbwuz	𧵃
okbwui	𧵄
okbwba	𧵅
okbwjb	𧵆
okbwgz	𧵈
okbwer	𧵉
okbwgj	𧵊
okbwui	𧵋
okbwyh	𧵌
okwjbw	𧵍
okgubw	𧵎
okwdbw	𧵏
okbwgu	𧵑
oknkbw	𧵒
okbwvc	𧵓
okuibw	𧵔
okysbw	𧵕
okbwww	𧵖
oktmbw	𧵗
okbwrj	𧵘
okbwvi	𧵙
okbwke	𧵛
okbwyt	𧵝
okbwgx	𧵟
okiubw	𧵠
okbwce	𧵡
okbwbc	𧵢
okbwxy	𧵣
okbwuz	𧵤
okbwww	𧵥
okbwgl	𧵦
okbwan	𧵨
okcibw	𧵩
okbwpd	𧵬
okkdbw	𧵭
oklwbw	𧵱
oksibw	𧵲
okbwyu	𧵴
okbwmi	𧵵
okbwmd	𧵷
okbwvu	𧵺
okbwui	𧵻
okvibw	𧵼
okwhbw	𧵽
okuzbw	𧵿
okyryy	𧶀
okyubw	𧶁
okbwuu	𧶂
okyuvf	𧶃
okbwvg	𧶄
okbwmw	𧶅
okbwlb	𧶆
okbwve	𧶇
okbwxn	𧶈
okwjbw	𧶉
okyryy	𧶊
okbuyr	𧶏
okbwig	𧶔
okbwwo	𧶕
okbwxi	𧶖
okbwhj	𧶗
okjxbw	𧶘
okbwfu	𧶙
okbwld	𧶛
okbwue	𧶟
okmibw	𧶡
okbwih	𧶧
okllbw	𧶪
okbwbn	𧶫
okbwda	𧶬
okbwbf	𧶭
okbwgu	𧶮
okbwgs	𧶯
okbwyu	𧶰
okbwdd	𧶱
okbwdr	𧶲
okbwxu	𧶳
okbwdu	𧶴
okmdfj	𧶶
okvgze	𧶷
okbwvf	𧶸
okbwtk	𧶺
okmcbw	𧶻
okbwyh	𧶽
okbwmw	𧶾
okbwuf	𧶿
okrvba	𧷁
okbwqq	𧷂
okbwdr	𧷃
okbwui	𧷆
okycbw	𧷋
okmibw	𧷍
okffbf	𧷐
okbwvf	𧷒
okiumd	𧷓
okbwuj	𧷘
okbwgv	𧷛
okbwwg	𧷜
okivyr	𧷝
okffbb	𧷟
okbnbw	𧷠
okbwlz	𧷡
okbwic	𧷣
okbwmi	𧷦
okwwgv	𧷪
okbwjr	𧷬
okuhbw	𧷮
okyrpz	𧷯
okbwlw	𧷳
okbwmo	𧷸
okbwzc	𧷹
okyrly	𧷺
okbwyj	𧷼
okbwdz	𧷿
okbibw	𧸁
okbwgj	𧸂
okbwgv	𧸃
okbwcd	𧸄
okbibb	𧸈
okbwts	𧸌
okbwlb	𧸍
okbwmd	𧸏
okbwer	𧸐
okzgbw	𧸑
okdrbw	𧸒
okbwve	𧸓
okbwbb	𧸔
okbwlm	𧸖
okbwsv	𧸗
okbwqm	𧸘
okbwsv	𧸙
okbwlu	𧸚
okbwlm	𧸜
okmdbj	𧸝
okbwyi	𧸡
okbwye	𧸢
okbwhv	𧸤
okbwjm	𧸦
okyubw	𧸧
okxybw	𧸬
okbwvd	𧸭
okbwww	𧸮
okuigv	𧸯
okbwqk	𧸰
okbwwj	𧸱
okbwvi	𧸲
okbwln	𧸴
okmdlr	𧸷
okxpbw	𧸹
okbwqs	𧸺
okbwgl	𧸼
okbwyi	𧸽
okbwxp	𧸿
okbwxn	𧹀
okycpb	𧹅
okbwly	𧹊
okddww	𧹋
okyivi	𧹌
okglzj	𧹍
okbwzj	𧹏
okbwlo	𧹐
okbwww	𧹑
oksibw	𧹒
okbwig	𧹓
okbwih	𧹔
okbwju	𧹕
okbwdm	𧹖
okbwhr	𧹗
okiidk	𧹙
okdkii	𧹚
okiivi	𧹛
okiiji	𧹜
okiids	𧹝
okiipi	𧹞
okiita	𧹟
okiibd	𧹡
okiiyb	𧹢
okiihj	𧹣
okiizu	𧹤
okiidu	𧹥
okiijm	𧹦
okxiii	𧹨
okiids	𧹩
okiily	𧹪
oklbii	𧹫
okiifu	𧹭
okiidr	𧹮
okiijm	𧹯
okiixl	𧹰
okiiuf	𧹱
okiixu	𧹴
okiiqi	𧹵
okiilw	𧹶
okiiqn	𧹺
okiidu	𧹻
okiidz	𧹼
okyiii	𧹾
okyczz	𧺆
okzzve	𧺇
okzzdc	𧺈
okzzyz	𧺉
okzzbi	𧺊
okzzji	𧺋
okzzru	𧺌
okzzba	𧺍
okzzjq	𧺎
okzzye	𧺏
okzzui	𧺑
okzzxx	𧺒
okzzjq	𧺓
okzztu	𧺔
okzzuc	𧺕
okzzjp	𧺖
okzziu	𧺗
okzzcy	𧺘
okzzzi	𧺙
okzzkz	𧺚
okzzqm	𧺛
okzznv	𧺜
okzzri	𧺝
okzzqi	𧺞
okzzyb	𧺟
okzzvi	𧺠
okzzfu	𧺡
okzzuu	𧺢
okzzcs	𧺣
okzzyu	𧺥
okzznm	𧺧
okzzxb	𧺨
okzzho	𧺩
okzzgd	𧺪
okzzii	𧺫
okzznw	𧺬
okzzgs	𧺭
okzzff	𧺮
okzzdz	𧺯
okzzdd	𧺰
okzzge	𧺱
okzzbi	𧺲
okzzhu	𧺳
okzzwu	𧺴
okzzuv	𧺵
okzzuu	𧺶
okzzqu	𧺷
okzzjs	𧺸
okzzju	𧺹
okzzba	𧺺
okzzxr	𧺻
okzzci	𧺼
okzzkz	𧺽
okzzbj	𧺾
okzzui	𧺿
okzzqq	𧻁
okzzmu	𧻃
okzzvu	𧻄
okjxzz	𧻅
okzzww	𧻇
okzzpk	𧻈
okzzyz	𧻉
okzzug	𧻊
okzzlk	𧻋
okzzvi	𧻍
okzzmb	𧻎
okzzwd	𧻏
okzzyi	𧻑
okzzbk	𧻓
okzzkl	𧻔
okzzci	𧻕
okzzvz	𧻖
okzzxu	𧻗
okzzbd	𧻙
okzzgf	𧻚
okzzxy	𧻛
okzzww	𧻜
okzztk	𧻟
okzzgf	𧻠
okzzhv	𧻢
okzzrz	𧻣
okzzqr	𧻤
okzzxk	𧻥
okzzjn	𧻨
okzzlc	𧻩
okzzrs	𧻪
okzzyi	𧻭
okzzgc	𧻰
okzzqq	𧻱
okzzli	𧻲
okzzfz	𧻳
okzzll	𧻴
okzzjx	𧻵
okzzxi	𧻶
okzzfu	𧻷
okzzve	𧻸
okzzys	𧻹
okzzkl	𧻺
okzuzz	𧻻
okzzis	𧻽
okzzdz	𧻿
okzzbw	𧼀
okzzlb	𧼁
okzzzz	𧼂
okzzdi	𧼃
okzzzo	𧼄
okzzuf	𧼅
okzzxi	𧼆
okzzjm	𧼊
okzzvi	𧼋
okvizz	𧼌
okzzlk	𧼍
okzzyj	𧼎
okzzxr	𧼏
okzzho	𧼑
okzzds	𧼓
okzzlk	𧼔
okzzci	𧼕
oklbzz	𧼖
okzzqi	𧼘
okzzjr	𧼚
okzzld	𧼛
okzzbu	𧼝
okzzmo	𧼟
okzzbw	𧼠
okzzyc	𧼡
okzzbo	𧼣
okzzdc	𧼤
okzztu	𧼧
okzzhe	𧼨
okzzvs	𧼩
okzzqi	𧼪
okzzww	𧼫
okzzyh	𧼮
okzzyu	𧼯
okzzfu	𧼱
okzzpk	𧼲
okzzdr	𧼴
okzzqr	𧼷
okzzmm	𧼸
okzzvc	𧼹
okzzyu	𧼺
okzzro	𧼼
okzzgo	𧼽
okzzji	𧼾
okzzyt	𧼿
okzzxl	𧽂
okzzye	𧽅
okzzli	𧽆
okyiqi	𧽇
okqiyi	𧽈
okzzyj	𧽉
okzzqi	𧽊
okzzwu	𧽋
okzzgu	𧽌
okzzvf	𧽍
okzzyc	𧽎
okzzsz	𧽏
okzzqm	𧽐
okzzji	𧽑
okzziz	𧽒
okzzqb	𧽕
okzzlq	𧽖
okzzlh	𧽗
okzzru	𧽘
okzzma	𧽙
okzzyr	𧽚
okzzyr	𧽛
okzzch	𧽜
okzzgz	𧽝
okzzyj	𧽞
okzzqt	𧽟
okzzcv	𧽠
okzzjm	𧽡
okzzvr	𧽢
okzzvh	𧽣
okzzpn	𧽤
okzzlu	𧽥
okzzdi	𧽦
okzzis	𧽧
okzzmi	𧽨
okjlzz	𧽩
okzznn	𧽪
okzzvj	𧽯
okzzlw	𧽲
okzzcs	𧽵
okzzww	𧽶
okzzsu	𧽷
okzzjt	𧽸
okzztj	𧽼
okzzln	𧽽
okzzsj	𧽾
okzzts	𧽿
okzzji	𧾂
okzzpu	𧾃
okzzjb	𧾄
okzzdg	𧾊
okzzxy	𧾌
okzzdj	𧾍
okzzqm	𧾏
okzzjn	𧾐
okzzpi	𧾑
okzzvi	𧾒
okzzgj	𧾔
okzzwj	𧾗
okzzww	𧾘
okzzqi	𧾙
okzzyu	𧾚
okzzho	𧾛
okzzyz	𧾤
okzzmd	𧾥
okzzww	𧾦
okzzlv	𧾧
okzzxm	𧾨
okzzls	𧾪
okzzji	𧾯
okzzyi	𧾰
okzzqu	𧾱
okzzlj	𧾲
okzzfg	𧾳
okzzjt	𧾵
okhgzu	𧾸
okzuve	𧾹
okruzu	𧾺
okzujq	𧾻
okzuli	𧾼
okzuui	𧾽
okzuji	𧾾
okzuln	𧾿
okzudc	𧿀
okzuwu	𧿁
okzugj	𧿂
okuizu	𧿃
okzuqi	𧿄
okzuxy	𧿅
okzuyi	𧿆
okzuye	𧿇
okzugl	𧿈
okzukv	𧿉
okzuto	𧿌
okhezz	𧿍
okzuqm	𧿐
okzuyi	𧿑
okzuyb	𧿒
okzuiz	𧿔
okzuhx	𧿕
okzuxs	𧿖
okzuug	𧿘
okzuyr	𧿙
okzuff	𧿚
okzucs	𧿛
okzudj	𧿜
okzuxi	𧿝
okzuqm	𧿞
okzuhu	𧿟
okzuqr	𧿡
okzufg	𧿣
okzubu	𧿤
okzubi	𧿥
okzujb	𧿧
okzufj	𧿨
okzujp	𧿩
okzudz	𧿫
okzuty	𧿬
okzuri	𧿭
okzuho	𧿮
okzuyb	𧿯
okzunm	𧿰
okzugs	𧿱
okzuzi	𧿲
okzufu	𧿳
okzumo	𧿴
okzujx	𧿵
okzuyu	𧿷
okzumu	𧿹
okzuiu	𧿺
okzugx	𧿼
okzupo	𧿽
okzubf	𧿾
okcizu	𧿿
okzuls	𨀁
okuizu	𨀂
okzuug	𨀃
okzuwa	𨀄
okzurj	𨀅
okzubw	𨀈
okzunk	𨀉
okzuyy	𨀊
okzuui	𨀋
okzulk	𨀌
okzuys	𨀍
okzuli	𨀎
okzudj	𨀏
okzuds	𨀐
okwdzu	𨀑
okzubu	𨀒
okzukl	𨀕
okzuhd	𨀖
okzuyh	𨀘
okzuji	𨀙
okzucy	𨀛
okzuts	𨀜
okzuro	𨀝
okzuyu	𨀞
okzuhv	𨀡
okzuqi	𨀣
okzulw	𨀤
okzuci	𨀥
okzuig	𨀧
okzuqu	𨀪
okzuzd	𨀬
okzuqs	𨀯
okzubk	𨀰
okzumd	𨀱
okquzu	𨀲
okzufa	𨀳
okzuxy	𨀴
okzuvl	𨀵
okyizu	𨀶
okzumi	𨀷
okzuvd	𨀸
okzujl	𨀹
okzulp	𨀺
okzurs	𨀻
okzulc	𨀼
okzudn	𨀽
okzuru	𨀾
okzujx	𨁂
okzudi	𨁃
okzuhj	𨁄
okzuxb	𨁅
okzuyj	𨁆
okzuty	𨁇
okzugg	𨁈
okzuky	𨁉
okzucf	𨁊
okzudz	𨁋
okzuna	𨁌
okzujm	𨁍
okzuig	𨁎
okzufu	𨁏
okzuqi	𨁐
okzudv	𨁑
okzugc	𨁒
okzuzo	𨁔
okzugu	𨁖
okzutk	𨁗
okiezu	𨁘
okzumm	𨁙
okzuwj	𨁚
okqqzu	𨁛
okzufu	𨁜
okzubo	𨁝
okzuwo	𨁟
okzuto	𨁡
okbmzu	𨁢
okzuil	𨁤
okduzu	𨁥
okzuns	𨁦
okzukl	𨁨
okzuba	𨁩
okzuyz	𨁪
okzuli	𨁫
okzuuf	𨁬
okzumn	𨁭
okzulb	𨁮
okzuii	𨁯
okzuiv	𨁰
okzuww	𨁱
okzuyi	𨁲
okzujm	𨁴
okzufu	𨁵
okzuya	𨁶
okzuvi	𨁷
okzuli	𨁸
okzuyj	𨁹
okzuju	𨁺
okzubf	𨁼
okzude	𨁽
okzuzu	𨂀
okzuyj	𨂁
okzuvi	𨂂
okzupg	𨂃
okzuui	𨂄
okzubi	𨂅
okzuvz	𨂊
okzudk	𨂌
okzuyu	𨂎
okzuld	𨂐
okzuye	𨂒
okzuyu	𨂔
okzulb	𨂕
okzuqi	𨂖
okzugu	𨂗
okzujk	𨂙
okzuhu	𨂜
okbkzu	𨂝
okzubk	𨂞
okzuye	𨂠
okzuzz	𨂡
okjizu	𨂢
okzuvi	𨂤
okzuke	𨂥
okzutr	𨂦
okzuyj	𨂪
okzudu	𨂭
okzubm	𨂯
okzuqi	𨂰
okzujy	𨂱
okzupk	𨂲
okzuli	𨂷
okzuhz	𨂸
okzuwj	𨂺
okzuvi	𨂼
okzubg	𨂽
okzunj	𨂾
okzuwd	𨂿
okzujm	𨃀
okzucd	𨃁
okzuxm	𨃂
okzuhe	𨃃
okzuww	𨃄
okzubd	𨃅
okzujl	𨃇
okzuxl	𨃈
okzudd	𨃉
okzudm	𨃊
okzufu	𨃋
okzuii	𨃌
okzutu	𨃍
okzuqb	𨃏
okzutd	𨃐
okzutn	𨃑
okzuia	𨃓
okzunp	𨃔
okzuxu	𨃕
okzuiu	𨃘
okzusu	𨃙
okzutn	𨃜
okzutu	𨃝
okbjzu	𨃞
okzubj	𨃟
okzuth	𨃠
okzuxi	𨃡
okzuzc	𨃣
okzugc	𨃤
okzujp	𨃥
okvjzu	𨃨
okzuuj	𨃩
okzuqr	𨃪
okdczu	𨃫
okzuvv	𨃬
okzuzd	𨃭
okzuui	𨃯
okzujm	𨃰
okuuzu	𨃲
okzung	𨃳
okzugu	𨃴
okzuvf	𨃵
okzuge	𨃶
okzuvu	𨃷
okzulh	𨃹
okzuna	𨃺
okzulp	𨃻
okzuru	𨃽
okzuig	𨃾
okzudj	𨄁
okzulh	𨄂
okzuvu	𨄃
okzulm	𨄄
okzuqu	𨄅
okzull	𨄈
okzuij	𨄉
okzuji	𨄊
okzuxi	𨄌
okzucv	𨄍
okzuji	𨄎
okzupn	𨄏
okzuzi	𨄐
okzufu	𨄑
okzuic	𨄓
okzuvr	𨄔
okzuzu	𨄕
okzukh	𨄗
okzunn	𨄙
okjlzu	𨄚
okzulz	𨄜
okwuzu	𨄝
okzusu	𨄞
okdvzu	𨄟
okzuxi	𨄠
okuuzu	𨄡
okzuqm	𨄢
okzumd	𨄣
okzuqt	𨄤
okcszu	𨄦
okzuao	𨄨
okzufu	𨄩
okmazu	𨄬
okzulv	𨄮
okwwzu	𨄯
okzuvh	𨄰
okzulw	𨄱
okzuhr	𨄲
okzuvi	𨄴
okzudc	𨄵
okzuyh	𨄶
okzuul	𨄷
okzuzc	𨄹
okzudv	𨄺
okzuyb	𨄻
okzuyi	𨄼
okzuxm	𨄽
okzuji	𨄾
okzuvs	𨄿
okzuli	𨅀
okzuli	𨅁
okzuis	𨅃
okzurr	𨅄
okcvzu	𨅇
okzulh	𨅉
okzusu	𨅋
okzuww	𨅌
okzujm	𨅍
okzuzv	𨅎
okzulj	𨅏
okwuzu	𨅐
okzuxu	𨅑
okzuue	𨅓
okzuti	𨅕
okzusj	𨅖
okzubi	𨅗
okpgzu	𨅘
okaozu	𨅚
okzuuu	𨅛
okzuda	𨅞
okqbzu	𨅠
okzubw	𨅥
okzuth	𨅨
okzulj	𨅬
okzutj	𨅭
okzudz	𨅮
okzuhx	𨅯
okzuji	𨅰
okfjzu	𨅴
okzudv	𨅷
okzudg	𨅸
okzuic	𨅹
okzugj	𨅺
okzujn	𨅻
okzuld	𨅼
okzuxm	𨅽
okzusf	𨅾
okzuyt	𨅿
okzuxm	𨆀
okzudj	𨆁
okzujb	𨆃
okzuiu	𨆄
okzuva	𨆇
okzudh	𨆉
okguzu	𨆊
okzuyi	𨆋
okzufj	𨆌
okzuge	𨆍
okzuzw	𨆎
okzusv	𨆏
okzuqb	𨆓
okzugo	𨆔
okxmzu	𨆕
okzulk	𨆖
okzuyt	𨆗
okzuqm	𨆘
okzuse	𨆙
okzudy	𨆛
okfjzu	𨆜
okzuhv	𨆝
okzuns	𨆞
okzuds	𨆟
okzukv	𨆠
okzuye	𨆡
okzulw	𨆢
okzuwj	𨆣
okzuqy	𨆤
oksyzu	𨆥
okzubm	𨆩
okqkzu	𨆪
okzupu	𨆯
okzupu	𨆶
okzudv	𨆷
okzuyr	𨆸
okzula	𨆹
okzupn	𨆺
okmjzu	𨆻
okzume	𨆽
okzuca	𨆾
okzuge	𨆿
okzuqm	𨇀
okzugl	𨇁
okzuie	𨇂
okzuyz	𨇄
okzubc	𨇅
okzuwj	𨇆
okzulw	𨇒
okjmzu	𨇓
okzulu	𨇖
okzuli	𨇗
oklszu	𨇘
okzuww	𨇙
okzuyj	𨇟
okzumo	𨇢
okzulj	𨇣
okzuxm	𨇤
okzujm	𨇥
okzuxt	𨇨
okzuqt	𨇮
okzuul	𨇯
okzudr	𨇰
okzubm	𨇱
okzuww	𨇷
okzujt	𨇺
okzumi	𨇻
okzulo	𨇽
okzujm	𨇿
okzudm	𨈀
okzuji	𨈁
okzulj	𨈇
okzuwj	𨈊
okzulm	𨈌
okzulr	𨈎
okufbu	𨈒
okufxn	𨈓
okuffj	𨈔
okufer	𨈕
okufkz	𨈖
okkzuf	𨈗
okufuc	𨈘
okufpu	𨈙
okufbi	𨈚
okufvi	𨈛
okufdj	𨈝
okufge	𨈟
okufyc	𨈠
okufwf	𨈡
okufkh	𨈢
okufyz	𨈣
okufyr	𨈤
okufmc	𨈥
okufyb	𨈧
okufba	𨈩
okufvi	𨈪
okufvu	𨈫
okufqq	𨈬
okufrj	𨈭
okufuf	𨈮
okufyy	𨈯
okufgu	𨈰
okufdj	𨈱
okufju	𨈳
okufpi	𨈵
okufmu	𨈶
okufta	𨈷
okufue	𨈸
okufts	𨈹
okuflc	𨈺
okufzi	𨈻
okufgr	𨈽
okufbk	𨈾
okheuf	𨈿
okufgl	𨉁
okrfuf	𨉃
okufse	𨉆
okuftk	𨉈
okufdv	𨉋
okufzu	𨉌
okufif	𨉎
okufmm	𨉏
okufwo	𨉐
okufig	𨉑
okufvo	𨉔
okufli	𨉕
okmfuf	𨉖
okufbc	𨉗
okufjb	𨉘
okufyj	𨉚
okufvz	𨉜
okufwj	𨉝
okuflk	𨉞
okufmk	𨉟
okufbj	𨉠
okufiv	𨉡
okufvs	𨉢
okufxx	𨉣
okufhl	𨉤
okufmm	𨉥
okufgu	𨉦
okufdr	𨉨
okufiy	𨉩
okufhe	𨉪
okuftk	𨉬
okufmw	𨉭
okuflh	𨉰
okufro	𨉱
okufgc	𨉲
okufwg	𨉳
okufrs	𨉴
okufgv	𨉵
okufia	𨉶
okufrs	𨉷
okufma	𨉸
okufgo	𨉹
okufpb	𨉺
okufrr	𨉻
okufee	𨉼
okufhw	𨊂
okfjuf	𨊃
okuffj	𨊄
okufyc	𨊅
okufhl	𨊇
okuftj	𨊈
okufqn	𨊉
okufmd	𨊋
okuflb	𨊌
okufvj	𨊍
okufjr	𨊏
okufgo	𨊐
okufjl	𨊑
okufuu	𨊒
okufnk	𨊓
okufjm	𨊔
okufbb	𨊕
okuflv	𨊖
okquxb	𨊘
okuflw	𨊚
okufli	𨊛
okufnp	𨊞
okieee	𨊠
okiedk	𨊡
okiesi	𨊢
okiebu	𨊣
okierf	𨊤
okiekl	𨊥
okuiie	𨊦
okiegs	𨊧
okieuj	𨊨
okieir	𨊩
okieiu	𨊫
okiecy	𨊭
okieyu	𨊮
okieqi	𨊰
okieyu	𨊱
okieji	𨊲
okiexb	𨊳
okiewf	𨊴
okiegz	𨊵
okiers	𨊶
okieyy	𨊷
okieyt	𨊸
okieba	𨊹
okievi	𨊺
okiekd	𨊻
okieyb	𨊼
okiefu	𨊽
okiegh	𨊾
okieiz	𨋀
okieff	𨋂
okieji	𨋃
okieyb	𨋄
okbiie	𨋅
okiehu	𨋆
okieuv	𨋈
okuvie	𨋉
okiewu	𨋊
okieyu	𨋋
okieul	𨋌
okieyy	𨋍
okieer	𨋎
okiewa	𨋐
okiebm	𨋒
okieui	𨋓
okieyu	𨋔
okiemc	𨋕
okiemc	𨋖
okieni	𨋗
okieva	𨋘
okieuf	𨋙
okiegs	𨋝
okiebu	𨋞
okheie	𨋟
okiuie	𨋡
okieli	𨋢
okiebk	𨋣
okielu	𨋤
okiefu	𨋥
okbdie	𨋧
okiegf	𨋨
okiefu	𨋩
okiejl	𨋪
okievc	𨋫
okigie	𨋬
okiese	𨋭
okiexy	𨋮
okieyi	𨋯
okieci	𨋰
okiedv	𨋱
okiebk	𨋲
okieyb	𨋳
okiean	𨋴
okieci	𨋵
okiejx	𨋸
okiewh	𨋹
okjqie	𨋺
okieyh	𨋽
okieyu	𨋾
okieer	𨌀
okievi	𨌁
okiekl	𨌃
okvlie	𨌄
okyhie	𨌅
okiehs	𨌆
okieui	𨌇
okieuf	𨌈
okieyr	𨌉
okieqi	𨌋
okiexb	𨌍
okieyu	𨌎
okiemd	𨌐
okieif	𨌑
okiegc	𨌒
okiedv	𨌔
okiujy	𨌗
okieqy	𨌘
okielq	𨌙
okielc	𨌚
okieuu	𨌛
okmmie	𨌜
okieqt	𨌞
okieil	𨌟
okielu	𨌠
okiemc	𨌡
okievg	𨌢
okierv	𨌣
okieyj	𨌧
okieuh	𨌩
okiejr	𨌫
okievo	𨌬
okieda	𨌭
okiedi	𨌮
okieyu	𨌯
okiehy	𨌲
okiekf	𨌳
okievv	𨌴
okieyi	𨌵
okiemh	𨌶
okieyj	𨌹
okieds	𨌿
okiedc	𨍀
okieju	𨍄
okieih	𨍆
okieke	𨍇
okieqq	𨍊
okiego	𨍋
okiepk	𨍍
okiedu	𨍏
okiexu	𨍐
okieyb	𨍑
okieye	𨍕
okieqt	𨍖
okiedu	𨍛
okieuf	𨍜
okiege	𨍝
okieyk	𨍞
okiemm	𨍠
okiezi	𨍢
okieuz	𨍣
okieux	𨍥
okielz	𨍦
okiehl	𨍧
okiesv	𨍨
okieph	𨍩
okieyb	𨍪
okiesu	𨍫
okiejb	𨍬
okievr	𨍭
okiege	𨍮
okiehe	𨍰
okieig	𨍱
okieyc	𨍳
okieth	𨍴
okiers	𨍷
okielq	𨍸
okiegv	𨍹
okiegu	𨍾
okiegc	𨎀
okiemk	𨎁
okieiy	𨎂
okiewg	𨎃
okiema	𨎇
okieth	𨎋
okviie	𨎌
okiekh	𨎍
okiego	𨎎
okiexi	𨎒
okthie	𨎖
okiell	𨎛
okiecc	𨎝
okieao	𨎞
okielt	𨎟
okieys	𨎢
okiedg	𨎤
okiehv	𨎥
okiepg	𨎧
okiegv	𨎨
okiehl	𨎩
okiexm	𨎫
okieyc	𨎬
okielu	𨎲
okiedh	𨎴
okieji	𨎵
okielm	𨎷
okievj	𨎻
okielw	𨎿
okieyy	𨏂
okiejl	𨏃
okqker	𨏄
okiers	𨏍
okievi	𨏑
okielw	𨏒
okiemd	𨏔
okiepg	𨏕
okielu	𨏗
okpbie	𨏞
okfuie	𨏟
okiels	𨏠
okieyi	𨏢
okiexm	𨏥
okluie	𨏧
okiebo	𨏫
okielj	𨏭
okieyb	𨏱
oknmie	𨏲
okienp	𨏴
okiejt	𨏹
okiedh	𨏻
okieli	𨏽
okxmie	𨏾
okxbie	𨐃
okieuu	𨐅
okiekd	𨐆
okiels	𨐇
okiegl	𨐈
okiexm	𨐊
okliui	𨐋
okxbhg	𨐌
okujxb	𨐍
okxbnv	𨐎
okxbpm	𨐏
okxbyy	𨐑
okguxb	𨐒
okvcxb	𨐓
okdoxb	𨐔
okuaxb	𨐖
okxbts	𨐗
okqixb	𨐙
okjyxb	𨐚
oknnxb	𨐛
okxbbw	𨐜
okgrxb	𨐝
okguxb	𨐞
okxbku	𨐡
okpicc	𨐢
okxbjm	𨐤
okxbge	𨐥
okxbfg	𨐦
okpijk	𨐨
okxbjm	𨐩
okxbro	𨐪
okpiff	𨐯
okpijx	𨐴
okxbhx	𨐶
okxbva	𨐷
okxbdg	𨐸
okxbns	𨐺
okpigr	𨐽
okvebm	𨐾
okxbvi	𨐿
okgugu	𨑀
okxkxb	𨑁
okiffz	𨑅
okxiif	𨑇
okdons	𨑊
okvijq	𨑍
okvier	𨑏
okviwh	𨑑
okvitu	𨑒
okviji	𨑓
okvikz	𨑕
okvisi	𨑖
okviuh	𨑗
okvifj	𨑙
okvixi	𨑚
okvixx	𨑜
okvirf	𨑠
okvigk	𨑣
okvivi	𨑤
okviwu	𨑥
okviyu	𨑦
okvinw	𨑧
okviri	𨑨
okvidn	𨑩
okvigs	𨑪
okviyz	𨑫
okvinm	𨑬
okvivi	𨑭
okviuf	𨑮
okviho	𨑯
okvidd	𨑰
okviul	𨑱
okviuz	𨑲
okvinq	𨑴
okvijp	𨑸
okvics	𨑹
okvimc	𨑺
okviyb	𨑻
okviji	𨑽
okviuv	𨑾
okvibj	𨒃
okvivi	𨒅
okvijx	𨒇
okvizi	𨒉
okviqq	𨒊
okviyt	𨒋
okvivg	𨒌
okvihv	𨒍
okviyz	𨒐
okviju	𨒑
okmdui	𨒒
okviui	𨒔
okvifu	𨒕
okvimc	𨒖
okviys	𨒗
okviui	𨒙
okvimu	𨒚
okvibi	𨒜
okviiu	𨒞
okvids	𨒟
okviju	𨒡
okvici	𨒤
okviyb	𨒦
okviyi	𨒧
okvihd	𨒨
okvier	𨒩
okvici	𨒪
okviyh	𨒫
okvivi	𨒬
okvihv	𨒭
okvici	𨒮
okvigs	𨒱
okvivu	𨒲
okvilw	𨒴
okvise	𨒶
okviis	𨒷
okvicy	𨒸
okvibd	𨒹
okvigl	𨒺
okvixi	𨒿
okvixi	𨓇
okviuf	𨓉
okviqi	𨓋
okvilv	𨓐
okuhyk	𨓑
okvizo	𨓕
okvidv	𨓚
okvimm	𨓜
okvilq	𨓞
okvins	𨓡
okjbwu	𨓢
okvili	𨓦
okvijn	𨓨
okvinn	𨓪
okvida	𨓬
okviqu	𨓭
okvijp	𨓰
okvikj	𨓲
okviyc	𨓳
okvixp	𨓴
okvilu	𨓻
okviqk	𨓽
okviqi	𨓾
okvifw	𨓿
okviyu	𨔆
okvivi	𨔈
okvizu	𨔊
okvigu	𨔌
okvifg	𨔐
okvikf	𨔑
okvivi	𨔓
okvika	𨔗
okvihu	𨔛
okvivs	𨔝
okviye	𨔞
okviiv	𨔠
okvijx	𨔣
okvipk	𨔧
okviuc	𨔴
okvitr	𨔵
okvige	𨔷
okviqo	𨔽
okvive	𨔾
okvuui	𨔿
okvimm	𨕂
okviui	𨕄
okviiy	𨕌
okvifu	𨕍
okviui	𨕒
okvifw	𨕗
okviyu	𨕘
okvibu	𨕝
okvivd	𨕠
okvicc	𨕡
okvixu	𨕢
okviuf	𨕫
okuhlm	𨕭
okviru	𨕯
okviqi	𨕰
okvibj	𨕴
okvvuu	𨕵
okvihr	𨕹
okviji	𨕾
okviii	𨖀
okvilh	𨖅
okvivr	𨖇
okvize	𨖊
okviyh	𨖌
okviii	𨖎
okvijk	𨖑
okbuts	𨖕
okvivs	𨖙
okviyu	𨖜
okglwh	𨖢
okmcsu	𨖧
okviyi	𨖨
okvijr	𨖩
okviug	𨖬
okviya	𨖭
okzclq	𨖰
okviqm	𨖱
okuglm	𨖲
okviyr	𨖳
okviwu	𨖴
okvijn	𨖵
okvixl	𨖶
okvibi	𨖷
okviww	𨖿
okviji	𨗂
okviyj	𨗄
okvijk	𨗈
okvidz	𨗊
okvidv	𨗎
okvijk	𨗏
okvixs	𨗑
okvidm	𨗖
okviuj	𨗚
okviic	𨗛
oklksu	𨗜
okvijp	𨗟
okviyy	𨗠
okvihv	𨗥
okviqm	𨗦
okvivj	𨗧
okviww	𨗨
okviye	𨗩
okviwo	𨗲
okdcxn	𨗳
okviye	𨗸
okvilk	𨗺
okvizv	𨗻
okviyi	𨘆
okviho	𨘌
okqqlm	𨘑
okviyu	𨘕
okvidv	𨘗
okwwsu	𨘘
okvilz	𨘠
okvicc	𨘨
oksuvg	𨘱
okvikc	𨘴
okvili	𨘸
okycsi	𨘺
okviho	𨘾
okviyc	𨙂
okvily	𨙄
okvisd	𨙇
okvixx	𨙉
okjpyr	𨙌
okvijn	𨙍
okviyi	𨙒
okvinp	𨙓
oktslv	𨙖
oklwtv	𨙝
okviiy	𨙥
okkzba	𨙨
okuier	𨙩
okkzer	𨙫
okjier	𨙬
oktuer	𨙭
okfjer	𨙮
okcyer	𨙯
okuzer	𨙰
okkver	𨙱
okiaer	𨙳
okcder	𨙴
okxler	𨙵
okfuer	𨙶
okjker	𨙷
okvier	𨙸
okucer	𨙹
okizer	𨙺
okrfer	𨙼
okjber	𨙽
okviyi	𨙾
okgser	𨙿
okbuer	𨚀
okjier	𨚁
okfuer	𨚅
okkdyi	𨚆
okffyi	𨚇
okucyi	𨚈
okhoyi	𨚊
okyiho	𨚋
okdder	𨚌
okbier	𨚍
okhuer	𨚎
okucyi	𨚒
okfuer	𨚓
okbcer	𨚔
okbmer	𨚕
okcier	𨚖
okrjer	𨚗
okwwer	𨚘
okhcer	𨚙
okbjyi	𨚚
okyuer	𨚝
okyzer	𨚞
okdser	𨚟
okgjyi	𨚠
okigyi	𨚡
okjker	𨚢
okvger	𨚣
okuger	𨚥
okjxer	𨚧
okkeer	𨚩
oklier	𨚪
okquer	𨚫
okqqyi	𨚬
okfuyi	𨚭
okbder	𨚮
oktser	𨚯
okzcer	𨚰
okiger	𨚱
okcyer	𨚲
okruer	𨚴
oknmer	𨚶
okmker	𨚷
okxier	𨚹
okyzyi	𨚺
oklcyi	𨚻
okyiyz	𨚼
oknmyi	𨚽
okdqer	𨛀
okyher	𨛁
okdoer	𨛅
okrzer	𨛇
okqrer	𨛈
okseer	𨛉
oklier	𨛋
okxner	𨛍
okhjer	𨛎
okzoer	𨛏
okqyer	𨛐
okjier	𨛑
okbuer	𨛒
oknser	𨛓
okfzer	𨛔
okyier	𨛗
okuiyi	𨛛
okyiyi	𨛜
okyrer	𨛡
okxker	𨛢
okhjer	𨛣
okuier	𨛤
okjner	𨛥
okjyyi	𨛦
okxner	𨛨
okieer	𨛩
okbker	𨛪
okfwyi	𨛬
okueer	𨛭
okjuer	𨛮
okyier	𨛯
okvger	𨛰
okzser	𨛱
okxier	𨛳
okhcer	𨛴
okhuer	𨛵
okuzer	𨛶
okhuyi	𨛸
okqier	𨛺
okyuer	𨛼
okgker	𨛽
okigyi	𨛾
okquyi	𨛿
okyjyi	𨜀
okuhyi	𨜂
okyuer	𨜄
okqier	𨜅
okgrer	𨜌
okyker	𨜏
oksier	𨜐
okqier	𨜒
okvfer	𨜓
okhler	𨜔
okyuer	𨜖
okwuer	𨜘
okrzer	𨜙
okuger	𨜜
okveyi	𨜞
okqqer	𨜟
okwwer	𨜠
okjper	𨜡
okwwyi	𨜢
okqiyi	𨜣
okmmer	𨜧
okqrer	𨜩
okjler	𨜰
okivyi	𨜲
okgser	𨜳
okheer	𨜴
okwfer	𨜵
okyier	𨜶
okpher	𨜷
okwger	𨜺
okqmer	𨜻
oksuer	𨜼
okcher	𨜾
okgver	𨝀
okyrer	𨝂
okhder	𨝃
okiger	𨝄
okgeer	𨝆
okvfer	𨝊
okjier	𨝋
okqmer	𨝌
okkher	𨝎
oklier	𨝏
okcjer	𨝐
okgrer	𨝑
okpner	𨝓
okgder	𨝕
okuher	𨝗
oktuer	𨝛
okqmyi	𨝝
okjiyi	𨝠
okiser	𨝡
okthyi	𨝦
okcoer	𨝨
okwuyi	𨝬
okfger	𨝭
oktser	𨝯
okqner	𨝰
okjner	𨝱
okhler	𨝴
oklner	𨝷
oktjer	𨝸
okxuer	𨝹
oklnyi	𨝼
okyyer	𨝽
okdmyi	𨞀
oklbyi	𨞁
okuuer	𨞃
okyjer	𨞇
okdjyi	𨞏
okuger	𨞐
okaoer	𨞓
okuuer	𨞕
oklker	𨞖
okmger	𨞚
okgeer	𨞛
okjxer	𨞝
okhvyi	𨞡
oksver	𨞣
okhver	𨞤
okvder	𨞩
okuzer	𨞪
okmger	𨞫
okjuyi	𨞮
okmgyi	𨞯
okbier	𨞳
okwjer	𨞺
okmjer	𨞼
okxker	𨞾
okgger	𨞿
oklier	𨟀
okvger	𨟃
okfjyi	𨟄
okfjer	𨟅
oklner	𨟆
okluer	𨟇
okvier	𨟊
oklier	𨟑
okmger	𨟒
okhoer	𨟓
okmoer	𨟖
okyker	𨟙
okxler	𨟚
okxldz	𨟞
okquer	𨟠
okluer	𨟤
oklker	𨟯
okyzer	𨟰
okyzfj	𨟱
okyiyz	𨟲
okyzyi	𨟳
okyzyy	𨟴
okyzbi	𨟵
okgeyz	𨟶
okyzbu	𨟷
okyzwu	𨟸
okyzjb	𨟹
okyzmm	𨟺
okpjyz	𨟻
okyzkh	𨟼
okhoyz	𨟽
okyzui	𨟾
okyzyc	𨟿
okyzrs	𨠁
okyzhu	𨠂
okyzpu	𨠃
okyzyz	𨠄
okyzqm	𨠅
okuvyz	𨠆
okyzjb	𨠇
okyzxb	𨠉
okyzuv	𨠊
okyzgx	𨠋
okyzds	𨠌
okyzdd	𨠍
okyzlk	𨠎
okyzdi	𨠏
okyzci	𨠐
okyzzi	𨠓
okyzbi	𨠔
okyzys	𨠕
okyzbc	𨠖
okyzyh	𨠗
okyzbd	𨠘
okyzpi	𨠙
okyzdj	𨠚
okyzwa	𨠛
okyzpi	𨠜
okyzww	𨠝
okyzcs	𨠞
okyzpk	𨠟
okyzug	𨠠
okbmyz	𨠢
okyzvg	𨠣
okyzrs	𨠤
okyzww	𨠥
okyzjn	𨠦
okeryz	𨠧
okyzqi	𨠨
okyzvz	𨠩
okqqyz	𨠫
okyzlc	𨠬
okheyz	𨠭
okyzxs	𨠮
okfayz	𨠰
okyzrf	𨠲
okyzhd	𨠳
okyzxi	𨠴
okyzgl	𨠵
okyzse	𨠶
okyzjk	𨠸
okyzhg	𨠺
okyzwj	𨠻
okyzss	𨠼
okyzig	𨠽
okyzjx	𨠿
okyzxn	𨡀
okyzjm	𨡁
okyzxi	𨡂
okyzfg	𨡃
okyzyj	𨡄
okyzvl	𨡈
okyzbp	𨡊
okyzxk	𨡋
okyzww	𨡌
okyzda	𨡍
okyznm	𨡎
okyzdm	𨡏
okviyz	𨡐
okyzvz	𨡑
okuhyz	𨡔
okyzbw	𨡕
okyzqs	𨡗
okyzvi	𨡘
okyzdj	𨡙
okyzyu	𨡚
okyzyc	𨡜
okyzmm	𨡞
oknmyz	𨡣
okyzvl	𨡧
okyzqi	𨡨
okyzui	𨡪
okyzjy	𨡫
okyznj	𨡯
okyzku	𨡱
okyzqq	𨡲
okyzqq	𨡴
okyzvs	𨡵
okhuyz	𨡷
okyzqr	𨡹
okyzgv	𨡺
okyzsi	𨡾
okyzui	𨢁
okyzyb	𨢂
okqqzu	𨢅
okyzsh	𨢆
okyzlq	𨢇
okvoqq	𨢈
okyzqi	𨢉
okyzge	𨢌
okyzqi	𨢍
okyzmk	𨢎
okyzph	𨢐
okyzjm	𨢑
okyzgc	𨢓
okyzia	𨢕
okyzyi	𨢘
okiayz	𨢚
okvdyz	𨢛
okyzhe	𨢜
okyzyc	𨢝
okyzbi	𨢡
okyzmo	𨢢
okyzqk	𨢣
okyzmj	𨢥
okyzze	𨢦
okyzyc	𨢧
okyzic	𨢪
okyztu	𨢬
okyzyu	𨢭
okyzsu	𨢲
okyzhe	𨢴
okyzji	𨢵
okyzpg	𨢶
okyzlu	𨢷
okyzgd	𨢸
okyzyj	𨢻
okyzdj	𨢿
okyzln	𨣀
okyzuj	𨣁
okyzlc	𨣃
okyzhx	𨣄
okyzzv	𨣅
okyzdm	𨣆
okyzxm	𨣇
okyzgv	𨣈
okyzjm	𨣉
okyzue	𨣍
okyzda	𨣏
okyzts	𨣒
okyzdc	𨣕
okyzlk	𨣖
okyzbc	𨣙
okyzdj	𨣚
okyzgj	𨣝
okyzyi	𨣞
okyzww	𨣟
okqqsu	𨣡
okyzsv	𨣢
okyzjb	𨣤
okyzai	𨣥
okyzyu	𨣦
okyzqi	𨣧
okyzjm	𨣨
okyzkv	𨣫
okyzmp	𨣱
okyzmo	𨣴
okyzli	𨣷
okyzlj	𨣸
okyzsu	𨣺
okmiyz	𨣾
okyzch	𨤃
okyzzj	𨤆
okyzlj	𨤋
okyzlk	𨤍
okyzyj	𨤎
okklbm	𨤏
okwwcd	𨤔
okbmyj	𨤕
okbmye	𨤘
okbmgz	𨤚
okbmrs	𨤛
okbmgc	𨤟
okbmvd	𨤠
okbmgl	𨤡
okucli	𨤢
okliye	𨤤
oklier	𨤧
okbili	𨤩
okgsli	𨤬
okldli	𨤭
okliyj	𨤮
oklits	𨤯
okerli	𨤰
okuili	𨤱
oklbli	𨤳
okvsjp	𨤴
oklidj	𨤵
okvsvs	𨤶
okiili	𨤸
okvsji	𨤹
okerli	𨤻
okjbbi	𨤽
okjbrf	𨤿
okjbyz	𨥁
okjbjp	𨥂
okjbvh	𨥅
okjbjq	𨥆
okjbcy	𨥇
okjbji	𨥈
okjbuj	𨥉
okjbqi	𨥊
okjbuz	𨥋
okjbui	𨥌
okjbxs	𨥍
okjbcs	𨥎
okfujb	𨥏
okjbiz	𨥐
okjbcc	𨥑
okyyjb	𨥒
okqpjb	𨥓
okjbqp	𨥔
okjbyy	𨥕
okjbul	𨥖
okuvjb	𨥗
okjbjk	𨥙
okjbhu	𨥛
okjbyc	𨥜
okjbvx	𨥝
okjbxi	𨥟
okjbyb	𨥠
okjbyu	𨥤
okjbcc	𨥥
okjbzi	𨥦
okjbfj	𨥧
okjbmc	𨥨
okmcjb	𨥫
oknujb	𨥬
okjbys	𨥭
okjbui	𨥮
okjbwa	𨥯
okjbyz	𨥰
okjbqq	𨥱
okuijb	𨥴
okjbdd	𨥶
oklkjb	𨥷
okjbxs	𨥸
okjbhs	𨥺
okjbva	𨥼
okjbjs	𨥽
okjbpk	𨥾
okjbqn	𨥿
okjbjn	𨦀
okjbui	𨦁
okjbli	𨦂
okjbua	𨦅
okjbjx	𨦇
okjbqu	𨦈
okjbci	𨦉
okyhjb	𨦋
okjbif	𨦍
okjbmd	𨦎
okjbkl	𨦑
okjblp	𨦒
okrujb	𨦔
okjbhv	𨦗
okjblp	𨦙
okjbfu	𨦛
okjbvz	𨦞
okjbjl	𨦟
okcijb	𨦠
okjbyh	𨦡
okjbyu	𨦢
okjbii	𨦥
okjbyu	𨦦
okjbnm	𨦧
okjbwh	𨦩
okjbyh	𨦪
okjbyu	𨦫
okjbve	𨦬
okjblc	𨦭
okjijb	𨦮
okjbyi	𨦯
okjbcs	𨦱
okjbjp	𨦲
okjqjb	𨦴
okjbfu	𨦶
okjbxk	𨦹
okjbyi	𨦺
okjbnj	𨦻
okjbyj	𨦼
okjblb	𨦽
okjbdu	𨧀
okufjb	𨧁
okjbxk	𨧃
okjbxx	𨧄
okjbug	𨧅
okjbfz	𨧆
okmwjb	𨧊
okjbty	𨧐
okjbyj	𨧕
okjbil	𨧖
okjbpj	𨧘
okjbyi	𨧚
okjbbh	𨧜
okjbdj	𨧝
okjbrf	𨧟
okjbgj	𨧠
okjbjy	𨧡
okjbbp	𨧢
okjbke	𨧣
okjbhg	𨧤
okjbxp	𨧥
okjbrv	𨧨
okjbdh	𨧩
okjbvz	𨧪
okjbui	𨧫
okjbqi	𨧬
okmijb	𨧮
okjbgk	𨧰
okjbqu	𨧱
okvijb	𨧳
okjbuu	𨧷
okbjjb	𨧸
okjbmk	𨧹
okjbbk	𨧺
okjbxr	𨧻
okjbff	𨧼
okuejb	𨧽
okjbks	𨨀
okjbll	𨨄
okjbho	𨨅
okjbjs	𨨋
okjbqq	𨨎
okjbbo	𨨏
okjbdd	𨨐
okhejb	𨨑
okjbuz	𨨒
okjbmw	𨨓
okjbjm	𨨔
okjbcj	𨨕
oklbjb	𨨗
okjbhe	𨨛
okjbru	𨨜
okjbue	𨨝
okjbfu	𨨞
okjbyu	𨨡
okjbiv	𨨢
okjbju	𨨣
okjbmw	𨨦
okjbqp	𨨧
okjbvg	𨨨
okjbvs	𨨩
okjbvi	𨨪
okjbcd	𨨫
okjbmi	𨨮
okjbzz	𨨯
okjbho	𨨱
okjbii	𨨲
okjbyj	𨨵
okjbxp	𨨶
okjbtu	𨨷
okjbda	𨨹
okxtjb	𨨺
okjbiy	𨩃
okjbyu	𨩄
okjbhs	𨩅
okjbww	𨩆
okjbnj	𨩇
okjbbw	𨩈
okjbhr	𨩉
okjbqq	𨩊
okjbww	𨩋
okjbyi	𨩌
okjbjl	𨩍
okjbll	𨩎
okjblz	𨩐
okjbuu	𨩔
okjblk	𨩖
okjbpb	𨩗
okjbyk	𨩙
okjbbc	𨩚
okjbxk	𨩛
okjbug	𨩠
okjbkj	𨩢
okjbpf	𨩣
okjbfg	𨩥
okjbgz	𨩦
oknjjb	𨩧
okjbia	𨩨
okjbmc	𨩩
okjbbm	𨩫
okjbui	𨩭
okjbmm	𨩯
okjbyj	𨩱
okjbzi	𨩲
okjbir	𨩴
okjbgr	𨩶
okjbxx	𨩷
okjbnt	𨩽
okjbhz	𨩿
okjbmz	𨪀
okjbyc	𨪁
okjbsv	𨪂
okjbtk	𨪃
okpimc	𨪅
okjbgv	𨪈
okjbsi	𨪉
okjbzc	𨪊
okjbgz	𨪋
okjbqi	𨪌
okjbso	𨪍
okjbyu	𨪎
okjbji	𨪏
okqmdc	𨪑
okjbmk	𨪓
okjbiu	𨪕
okjbxr	𨪚
okjbyr	𨪛
okjben	𨪜
okjbqm	𨪝
okjbro	𨪤
okjbvu	𨪥
okjbqb	𨪦
okjbia	𨪩
okjbrs	𨪪
okmuju	𨪵
okjbyj	𨪶
okjbgu	𨪷
okjbvj	𨫀
okjbzd	𨫃
okjbbj	𨫄
okjbly	𨫅
okjbtk	𨫆
okjbvf	𨫇
okjbzo	𨫈
okjbui	𨫉
okjbsu	𨫊
okjbgs	𨫋
okjbjb	𨫌
okjblv	𨫏
okjbvi	𨫐
okjbhr	𨫑
okjbkz	𨫕
okjbui	𨫞
okjbll	𨫟
okjbqt	𨫠
okjbjm	𨫡
okjbuh	𨫢
okqqjb	𨫣
okjbts	𨫤
okjljb	𨫥
okjbxi	𨫧
okjbsu	𨫩
okjbqk	𨫫
okjbqm	𨫬
okjblk	𨫭
okjbue	𨫯
okjbvl	𨫲
okjbgo	𨫵
okjbyu	𨫷
okjbhe	𨫸
okjbtv	𨫻
okjbao	𨫼
okjbuf	𨫽
okjbii	𨫾
okjbkv	𨫿
okjbyu	𨬆
okjbma	𨬈
okjbdv	𨬉
okjbjn	𨬊
okjbmm	𨬋
okjbky	𨬌
okjbsv	𨬍
okjbts	𨬎
okjtjb	𨬐
okjbgj	𨬒
okjbyt	𨬓
okjbij	𨬖
okjbxu	𨬗
okjbxx	𨬜
okjbww	𨬞
okjbgu	𨬟
okjbqu	𨬡
okjbxm	𨬢
okjbve	𨬣
okjbjt	𨬥
okjbqb	𨬩
okjbfu	𨬬
okjbxi	𨬯
okjbxl	𨬰
okjbdg	𨬻
okxljb	𨬽
okjbbi	𨬾
okjbhw	𨭆
okbbjb	𨭉
okjbpg	𨭌
okjbbw	𨭍
okjbxi	𨭎
okjbql	𨭏
okjbdj	𨭐
oktsjb	𨭑
okjbql	𨭒
okjbdj	𨭖
okjbhv	𨭗
okjbmm	𨭘
okjbpn	𨭚
okjbge	𨭛
okjbua	𨭝
okjbjb	𨭠
okjbtc	𨭡
okjbiu	𨭣
okjbye	𨭥
okjbyr	𨭦
okjbci	𨭨
okjbxb	𨭩
okjbdc	𨭪
okjbwj	𨭬
okjblk	𨭭
okjbvj	𨭮
okjbug	𨭰
okjbgu	𨭸
okjbxm	𨭹
okjbjb	𨭺
okjbuu	𨭿
okjbyt	𨮁
okjbjp	𨮂
okjbxb	𨮈
okjbqy	𨮉
okjbvf	𨮊
okjbyu	𨮋
okjbyu	𨮌
okjblo	𨮎
okjbcj	𨮏
okjbdy	𨮐
okjbcv	𨮑
okjbmg	𨮒
okjbpu	𨮓
okjbyu	𨮔
okyujb	𨮖
okjbhc	𨮙
okjbln	𨮛
okjmjb	𨮜
okdvjb	𨮝
okjbhj	𨮟
okjbtu	𨮢
okjbch	𨮤
okjbrs	𨮥
okjbwu	𨮧
okjbjb	𨮨
okerjb	𨮪
okjbqk	𨮫
okbncy	𨮬
okjbsi	𨮭
okjbsr	𨮰
okjbge	𨮱
okjbxs	𨮳
okjbmg	𨮵
okjbpn	𨮶
okjblq	𨮸
okjbui	𨮹
okjbvf	𨮼
okjbvu	𨮿
okjbji	𨯀
okjbvf	𨯂
okjbuu	𨯃
okjbwj	𨯅
okjbln	𨯈
okjbtk	𨯊
okjbfu	𨯋
okjblm	𨯌
okqbxt	𨯎
okjbyi	𨯑
okjbcd	𨯓
okjbkc	𨯕
okjbyk	𨯗
okjbjm	𨯘
okjbqk	𨯙
okjbhv	𨯚
okjbyb	𨯛
okjbsv	𨯝
okjbho	𨯟
okjbmg	𨯠
okjbbi	𨯥
okjbqb	𨯦
okjbyj	𨯧
okjbhj	𨯪
okjbyi	𨯯
okjbxt	𨯰
okjbtz	𨯲
okjbxk	𨯵
okjbxm	𨯶
okjbtv	𨯸
okjbdu	𨯹
okjbli	𨯽
okjbju	𨯾
okjbjm	𨯿
okjbyj	𨰂
okjbyk	𨰃
okjbhd	𨰄
okjblm	𨰇
okjbqk	𨰈
okjbli	𨰋
okjbis	𨰍
okjbtm	𨰎
okjblj	𨰗
okjbfg	𨰘
okjbul	𨰚
okjbjt	𨰜
okjbjm	𨰝
okjbmi	𨰞
okjblw	𨰠
okjbxi	𨰡
okjbli	𨰣
okjblw	𨰥
okjbbc	𨰦
okjbis	𨰧
okjbui	𨰪
okjbyj	𨰫
okjbqm	𨰬
okjbzr	𨰭
okjbbc	𨰰
okjblj	𨰲
okhsjb	𨰵
okjbif	𨰸
okjbjm	𨰹
okjbbm	𨰺
okjblr	𨰼
okjblr	𨰽
okjbma	𨰾
okjbqi	𨰿
okjbhu	𨱀
okjbuu	𨱁
okjbhx	𨱂
okjbgx	𨱃
okjbiu	𨱄
okjbvf	𨱅
okjbwu	𨱆
okjbqq	𨱇
okjbuu	𨱈
okjbjk	𨱉
okjbqu	𨱊
okjblk	𨱋
okjbgr	𨱌
okjblh	𨱍
okjbyu	𨱎
okjbhl	𨱑
okjbjn	𨱓
okjbzy	𨱔
okjbjp	𨱕
okjbww	𨱖
okihji	𨱙
okihuu	𨱚
okihgs	𨱛
okihvi	𨱜
okihwf	𨱝
okihmc	𨱞
okihqm	𨱟
okihyt	𨱠
okihui	𨱡
okihyu	𨱢
okihrs	𨱤
okbuih	𨱥
okihiu	𨱦
okihyz	𨱧
okihmc	𨱨
okihgj	𨱫
okihvj	𨱬
okihhc	𨱭
okihfu	𨱰
okihmu	𨱱
okihci	𨱲
okihge	𨱴
okihvc	𨱵
okihji	𨱻
oksiih	𨱼
okihyi	𨱽
okihyi	𨱾
okihrs	𨱿
okihns	𨲀
okihii	𨲂
okihdd	𨲃
okihrf	𨲅
okihxn	𨲆
okihzs	𨲇
okihvv	𨲈
okihiv	𨲉
okihan	𨲊
okihbw	𨲋
okihvg	𨲌
okihih	𨲍
okihyi	𨲎
okihjr	𨲏
okihlu	𨲒
okihug	𨲓
okyuih	𨲖
okihve	𨲘
okihye	𨲙
okihuz	𨲛
okihbm	𨲜
okihti	𨲞
okihrs	𨲟
okihia	𨲠
okihji	𨲡
okihqi	𨲤
okihcs	𨲧
okihij	𨲨
okihmj	𨲩
okihze	𨲪
okihfg	𨲫
okihqn	𨲭
okihlc	𨲮
okihzg	𨲯
okihns	𨲳
okihwj	𨲴
okihdj	𨲵
okihdj	𨲷
okihnk	𨲸
okihjp	𨲹
okihbb	𨲺
okihls	𨳁
okihxl	𨳃
okihzj	𨳄
okihnh	𨳆
okmfna	𨳉
okmfjq	𨳊
okmfji	𨳋
okmfqi	𨳍
okmfer	𨳎
okermf	𨳏
okmfnv	𨳐
okmfwh	𨳑
okmfxn	𨳒
okmfda	𨳓
oksjmf	𨳔
okmfzi	𨳕
okmfir	𨳖
okmfgs	𨳗
okmfty	𨳘
okmfnw	𨳙
okmfff	𨳚
okmfji	𨳛
okmfjb	𨳜
okmfrf	𨳝
okmfiz	𨳞
okmfgh	𨳠
okmfcc	𨳡
okmfpu	𨳢
okmfxi	𨳣
okmfdn	𨳤
okmful	𨳦
okmfyz	𨳧
okmftm	𨳨
okmfjk	𨳩
okmfbu	𨳫
okmfyb	𨳬
okmfpm	𨳭
okmfge	𨳮
okmfnq	𨳯
okmfwu	𨳰
okwumf	𨳱
okmfbm	𨳲
okmfvu	𨳳
okmfer	𨳴
okmfbk	𨳵
okmfmb	𨳶
okmfta	𨳷
okmftm	𨳸
okmfcc	𨳹
okmfui	𨳺
okmfgj	𨳼
okmfju	𨳽
okmfyz	𨳾
okmfwd	𨳿
okmfjs	𨴀
okmfuf	𨴁
okmfva	𨴃
okmfdm	𨴄
okmfmc	𨴅
okmfda	𨴆
okmfpi	𨴈
okmfui	𨴊
okmfxr	𨴋
okmfmz	𨴍
okmfer	𨴎
okmfts	𨴏
okmfxm	𨴐
okmfkl	𨴑
okmfww	𨴓
okmfvi	𨴗
okkdmf	𨴚
okmflc	𨴛
okmfyz	𨴜
okmfzc	𨴝
okmfnm	𨴞
okmfxk	𨴠
okmfvc	𨴡
okmfdo	𨴢
okmfan	𨴣
okmfvd	𨴥
okmfuu	𨴨
okmfyu	𨴩
okmffu	𨴪
okmffu	𨴫
okmfgc	𨴬
okmfys	𨴭
okmfui	𨴯
okmfzo	𨴰
okmfyi	𨴱
okmfxb	𨴲
okmfbk	𨴴
okmfhs	𨴵
okmfxq	𨴷
okmfxk	𨴸
okmfxn	𨴹
okmfcy	𨴺
okmfli	𨴻
okmfjm	𨴼
okmfbp	𨴾
okmfdj	𨵀
okmfbo	𨵁
okmfmm	𨵃
okmfwj	𨵄
okmfhe	𨵅
okmfxi	𨵆
okmffw	𨵈
okmfxk	𨵉
okmfww	𨵋
okmfaa	𨵌
okmfvj	𨵍
okmfde	𨵏
okmfgu	𨵐
okmfug	𨵒
okmfvi	𨵔
okmfvs	𨵖
okmfgx	𨵗
okmfhu	𨵘
okmfju	𨵙
okmfgo	𨵚
okmfmk	𨵛
okmfmm	𨵜
okmfda	𨵝
okmfgk	𨵞
okmffu	𨵟
okmfqu	𨵡
okmfqi	𨵤
okmfug	𨵥
okmfyu	𨵦
okmfgo	𨵧
okmffu	𨵩
okmfye	𨵪
okmfro	𨵫
okmfxm	𨵬
okmfjm	𨵭
okmfvs	𨵮
okmfwu	𨵱
okmfye	𨵳
okmfnj	𨵴
okmfyh	𨵶
okmfwf	𨵷
okmfbm	𨵸
okmfxi	𨵺
okmfyj	𨶁
okmfyi	𨶂
okmfgc	𨶅
okmfch	𨶆
okmfwu	𨶇
okmfth	𨶈
okmfsy	𨶉
okmfmi	𨶌
okmfyr	𨶎
okmfqt	𨶏
okmfui	𨶐
okmfiz	𨶑
okmfyc	𨶒
okuaxm	𨶓
okmflh	𨶗
okmfng	𨶙
okmfgs	𨶛
okmfuu	𨶝
okmfnn	𨶠
okmfyu	𨶢
okmfvh	𨶤
okmfce	𨶨
okmfgd	𨶩
okmfji	𨶫
okmfhx	𨶬
okmfwu	𨶭
okmfyi	𨶮
okmfhw	𨶯
okmfhl	𨶰
okmfhx	𨶱
okmfjn	𨶲
okmfui	𨶳
okmfue	𨶶
okmfxy	𨶷
okmffj	𨶸
okmfmn	𨶺
okmfts	𨶻
okmfdg	𨶿
okmflo	𨷀
okmfyc	𨷁
okmfbc	𨷂
okmfsv	𨷃
okmfwf	𨷇
okmfwj	𨷈
okmfww	𨷋
okmflw	𨷏
okmfxy	𨷔
okmfhv	𨷕
okmfxu	𨷘
okmfuu	𨷙
okmfmi	𨷛
okmfyi	𨷞
okmfvg	𨷣
okmfli	𨷦
okmfjk	𨷧
okmftz	𨷩
okvvmf	𨷫
okmfju	𨷯
okmfyc	𨷱
okmfly	𨷲
okmfyj	𨷳
okjumf	𨷶
okmfis	𨷷
okmfgv	𨷺
okmfyj	𨷽
okmfxl	𨷿
okmfzi	𨸀
okmfwh	𨸁
okmffh	𨸂
okmfmc	𨸃
okmfgf	𨸄
okmfvi	𨸅
okmffu	𨸆
okmfbm	𨸇
okmfmw	𨸈
okmfqt	𨸊
okmfjn	𨸋
okmfyi	𨸌
okjihe	𨸍
okmfly	𨸎
okdvkl	𨸏
okernd	𨸐
okerqn	𨸑
okerjq	𨸒
okerdc	𨸓
okerji	𨸔
okeryz	𨸕
okergs	𨸖
okergj	𨸗
okergl	𨸘
okerer	𨸙
okerji	𨸚
okerqi	𨸛
okeruu	𨸜
okerui	𨸝
okerqu	𨸟
okervi	𨸠
okernq	𨸡
okerjb	𨸢
okerff	𨸣
okerkd	𨸦
okerhu	𨸧
okerwf	𨸩
okerxr	𨸫
okeruf	𨸬
okerpo	𨸭
okergx	𨸯
okerrj	𨸱
okerui	𨸲
okeryy	𨸳
okerpk	𨸶
okerpi	𨸹
okerjx	𨸺
okerbi	𨸼
okerbw	𨸾
okerci	𨹀
okeris	𨹁
okergl	𨹂
okerdo	𨹄
okerdv	𨹅
okervs	𨹊
okerrz	𨹌
okerjn	𨹍
okervd	𨹏
okerqr	𨹑
okeruu	𨹒
okerse	𨹔
okerbk	𨹗
okerxu	𨹘
okerty	𨹙
okerig	𨹚
okerdz	𨹜
okeryi	𨹝
okeris	𨹤
okerdi	𨹥
okerdd	𨹦
okermd	𨹧
okerdv	𨹪
okerzo	𨹫
okerlv	𨹬
okerfz	𨹭
okerii	𨹮
okerhv	𨹰
okerxq	𨹳
okerfu	𨹴
okerjr	𨹵
okerqi	𨹷
okerpg	𨹹
okerfu	𨹺
okerdm	𨹻
okergh	𨹽
okervi	𨹾
okergo	𨺁
okerhj	𨺂
okerjp	𨺇
okercd	𨺉
okerwj	𨺋
okerqi	𨺌
okeryj	𨺍
okeruu	𨺏
okervo	𨺑
okerug	𨺒
okfuvz	𨺔
okerer	𨺙
okervz	𨺜
okervo	𨺝
okervf	𨺟
okerdy	𨺠
okerfg	𨺢
okerdr	𨺣
okerfu	𨺤
okerqq	𨺧
okerjm	𨺩
okerjp	𨺬
okersi	𨺯
okermw	𨺰
okertk	𨺱
okeryu	𨺲
okerys	𨺳
okerah	𨺸
okerqq	𨺹
okeryu	𨺺
okerxx	𨺽
okerxi	𨻁
okeryj	𨻂
okerfw	𨻃
okernp	𨻄
okersi	𨻆
okfuwu	𨻑
okermi	𨻖
okersh	𨻗
okerhl	𨻙
okerjb	𨻜
okertc	𨻝
okervv	𨻡
okeryr	𨻣
okerlq	𨻧
okeriz	𨻬
okerbg	𨻱
okeryj	𨻳
okerjn	𨻴
okercv	𨻵
okerkh	𨻷
okerxi	𨻸
okergd	𨻹
okerqk	𨻺
okerlz	𨻻
okerlw	𨻽
okerqm	𨼀
okerji	𨼂
okerqm	𨼃
okerwu	𨼊
okerxu	𨼋
okerqb	𨼌
okerjt	𨼎
okertu	𨼑
okerdj	𨼒
okervi	𨼓
okerxy	𨼔
okerjk	𨼗
okerbw	𨼚
okerxm	𨼝
okertc	𨼞
okerfj	𨼠
okifqm	𨼤
okerzv	𨼥
okerxi	𨼩
okeriu	𨼪
okerjp	𨼬
okervj	𨼮
okerug	𨼳
okerdh	𨼴
okaaru	𨼼
okdvho	𨼾
okermg	𨼿
okeryj	𨽀
okerju	𨽁
okerpu	𨽂
okeruu	𨽉
okermd	𨽍
okergl	𨽏
okerln	𨽒
okfuyk	𨽓
okfutk	𨽕
okerpb	𨽗
oksver	𨽛
okerlu	𨽜
okeryj	𨽞
okeryi	𨽟
okerxl	𨽢
okernp	𨽦
okerlk	𨽲
oklitm	𨽶
okhdli	𨽷
okihli	𨽸
okmmli	𨽺
oklili	𨽼
okqivv	𨾅
okdnvv	𨾆
okbuvv	𨾇
okuivv	𨾈
okjqvv	𨾉
okgsvv	𨾊
okuivv	𨾋
okyuvv	𨾌
okyivv	𨾍
okvvui	𨾎
okvvwf	𨾏
okxyvv	𨾑
okkhvv	𨾒
okgevv	𨾓
okfhvv	𨾔
okgkvv	𨾕
okvgvv	𨾖
okycvv	𨾘
okfuvv	𨾚
okuivv	𨾛
okvvyy	𨾜
okfuvv	𨾝
okwuvv	𨾟
oklkvv	𨾠
okufvv	𨾡
okqnvv	𨾢
okmcvv	𨾣
okuivv	𨾤
okmuvv	𨾥
okdivv	𨾦
okmbvv	𨾧
okvuvv	𨾨
okbavv	𨾩
okfuvv	𨾪
okzovv	𨾬
okzovv	𨾭
oknuvv	𨾯
oktdvv	𨾱
okvuvv	𨾲
okruvv	𨾵
okanvv	𨾶
okxmvv	𨾷
oklpvv	𨾸
okjqvv	𨾹
okkxvv	𨾺
okvvlp	𨾻
okwwvv	𨾼
okvivv	𨾽
okvcvv	𨾾
okervv	𨾿
okjqvv	𨿀
okrfvv	𨿂
okrfvv	𨿃
okmkvv	𨿅
okaivv	𨿆
okvvrz	𨿇
okjnsi	𨿈
okjkvv	𨿋
okfuvv	𨿌
okwovv	𨿍
okbwvv	𨿎
okwuvv	𨿏
okhjvv	𨿑
okyivv	𨿒
okqyvv	𨿓
okyrvv	𨿔
okxivv	𨿕
oktuvv	𨿖
okklvv	𨿗
okvvdi	𨿘
oklsvv	𨿙
okfuvv	𨿚
okvvxi	𨿛
okguvv	𨿜
okdivv	𨿝
okjnkz	𨿞
okxkvv	𨿟
okivvv	𨿠
okxlvv	𨿡
okdsvv	𨿢
okqivv	𨿣
okyevv	𨿤
okpzvv	𨿦
okvovv	𨿧
okvovv	𨿨
okqivv	𨿩
okkyvv	𨿪
okqivv	𨿫
okqkvv	𨿬
oktuvv	𨿮
okuhvv	𨿰
okjmvv	𨿱
okluvv	𨿲
okbwvv	𨿵
okggvv	𨿶
okvovv	𨿷
okhyvv	𨿹
okghvv	𨿺
okzuvv	𨿼
okyuvv	𨿾
okvsvv	𨿿
okgvvv	𩀁
okycvv	𩀄
oktrvv	𩀅
oktuvv	𩀆
okxrvv	𩀈
okhuvv	𩀉
okjpvv	𩀊
okyuvv	𩀌
okyuvv	𩀍
okdyvv	𩀐
okyuvv	𩀑
okxbvv	𩀕
okvvsi	𩀗
okycvv	𩀘
okthvv	𩀛
okguvv	𩀜
okllvi	𩀝
okchvv	𩀞
okqivv	𩀡
okjbvv	𩀤
okzuvv	𩀥
okxivv	𩀦
okvjvv	𩀧
okvvcs	𩀨
oklivv	𩀩
okmavv	𩀪
okquvv	𩀫
okvvys	𩀬
okifvv	𩀭
oklzvv	𩀮
okihvv	𩀯
okcsvv	𩀰
oknsxs	𩀳
okbfvv	𩀴
okhxvv	𩀵
oksvvv	𩀶
okfjvv	𩀷
okycvv	𩀸
okmdvv	𩀺
okjqvv	𩀻
oktjvv	𩀽
okjtvv	𩀾
oktivv	𩁀
okuuvv	𩁄
okyivv	𩁈
okdjvv	𩁉
okpivv	𩁊
okuuvv	𩁍
oklkvv	𩁎
okvjvv	𩁏
okluvv	𩁐
okyhvv	𩁒
okyuvv	𩁓
oknkvv	𩁔
okyuvv	𩁕
okervv	𩁖
okvdvv	𩁙
okmpvv	𩁝
okcdvv	𩁞
oklivv	𩁟
okbcvv	𩁠
okguvv	𩁡
okyhvv	𩁥
oklwvi	𩁦
okluvv	𩁨
okquvv	𩁯
okjijm	𩁱
okyuyi	𩁶
okyudk	𩁷
okyuji	𩁸
okyuyu	𩁹
okyuuj	𩁺
okyunv	𩁻
okxiyu	𩁼
okyugs	𩁽
okyuxt	𩁿
okyugj	𩂀
okyuwu	𩂁
okyuwu	𩂂
okyugk	𩂃
okyuty	𩂄
okyuge	𩂅
okyubu	𩂆
okyujb	𩂇
okyuxb	𩂈
okyutm	𩂉
okyuwh	𩂊
okyujb	𩂋
okyupm	𩂌
okyuuv	𩂍
okyufu	𩂎
okyuvi	𩂏
okyurf	𩂐
okyuds	𩂓
okyuba	𩂔
okyufu	𩂕
okyuva	𩂖
okyuiu	𩂗
okyujx	𩂘
okyuui	𩂚
okyufu	𩂛
okyucs	𩂜
okyuui	𩂝
okyumc	𩂞
okyuwu	𩂟
okyudd	𩂠
okyugx	𩂡
okyuge	𩂣
okyuvz	𩂤
okyuyb	𩂥
okyubk	𩂦
okyuwu	𩂧
okyumi	𩂮
okyuxq	𩂯
okyuru	𩂰
okyuyi	𩂱
okyuya	𩂳
okyuci	𩂴
okyulp	𩂶
okyurr	𩂷
okyuif	𩂸
okyuyi	𩂹
okyuuu	𩂺
okyugg	𩂼
okyuns	𩂽
okyujy	𩂿
okyuyj	𩃀
okyumw	𩃁
okyuls	𩃄
okyujy	𩃇
okyuzu	𩃈
okyuwu	𩃉
okyuxk	𩃋
okxtho	𩃏
okyudi	𩃐
okyuiv	𩃒
okyujp	𩃖
okyuyj	𩃗
oklwda	𩃙
okyuqi	𩃜
okyumw	𩃝
okyynw	𩃠
okyuzu	𩃣
okyuqi	𩃤
okyupw	𩃥
okyuvi	𩃦
okyubc	𩃧
okyubd	𩃫
okyuss	𩃭
okyuyi	𩃮
okyuto	𩃱
okyufg	𩃳
okyurj	𩃵
okyyba	𩃶
okyydd	𩃷
okyyfu	𩃸
okyuhz	𩃺
okyupd	𩄂
okyuiy	𩄄
okyuwf	𩄅
okyuxk	𩄆
okyuji	𩄊
okyuwu	𩄌
okyuqq	𩄍
okyumw	𩄎
okyufg	𩄏
okyujl	𩄐
okyunj	𩄑
okyuyb	𩄒
okyuye	𩄓
okyuvg	𩄔
okyuui	𩄕
okyutr	𩄖
okyuwg	𩄘
okyuvf	𩄚
okyuvf	𩄛
okyuso	𩄜
okyuia	𩄝
okyuqi	𩄟
okyuvf	𩄠
okyujm	𩄡
okyugz	𩄢
okyumi	𩄧
okyugu	𩄨
okyuwu	𩄭
okyutv	𩄮
okyulp	𩄰
okyumi	𩄲
okyufg	𩄴
okyuna	𩄵
okyumo	𩄻
okyulz	𩄽
okyuze	𩄾
okyuvi	𩅀
okyumh	𩅁
okyuvr	𩅂
okyuis	𩅃
okyulu	𩅄
okyubu	𩅇
okyuvh	𩅈
okyuvs	𩅉
okyujm	𩅋
okyumj	𩅍
oklwmc	𩅎
okyuyu	𩅔
okyusu	𩅘
okyucj	𩅙
okyudv	𩅚
okyufg	𩅛
okyulh	𩅜
okyyyj	𩅝
okyuvs	𩅞
okyujk	𩅟
okyusv	𩅡
okyujn	𩅢
okyudv	𩅥
okyudj	𩅦
okyuvs	𩅧
okyuxl	𩅪
okyubi	𩅭
okyuti	𩅮
okyusi	𩅰
okyuke	𩅳
okyuhy	𩅴
okxtuf	𩅷
okyumw	𩅹
okyuxu	𩅺
okyuve	𩅻
okyuqm	𩅼
okyuns	𩅽
okyyuf	𩅾
okyufu	𩅿
okyuhv	𩆁
okyuvi	𩆂
okyuvi	𩆃
okyuys	𩆄
okyudk	𩆆
okxumm	𩆊
okyuyc	𩆋
okyulm	𩆌
okyulq	𩆎
okyuye	𩆏
okyusr	𩆑
okyumj	𩆓
okyudm	𩆔
okyuvf	𩆛
oktuxu	𩆟
okyumg	𩆠
okyuyc	𩆡
oklwyb	𩆢
okyycc	𩆦
okyufg	𩆨
okyuuu	𩆩
okyump	𩆪
okyuqi	𩆮
okyusv	𩆰
okyulu	𩆴
okyuxm	𩆵
okyuxl	𩆶
okyuul	𩆿
okyupm	𩇂
okyubc	𩇉
okyulo	𩇍
okyuqm	𩇏
okyuqu	𩇐
okqkuj	𩇕
okyrqk	𩇖
okqkji	𩇗
okquqk	𩇘
okqklk	𩇙
okqktd	𩇚
okugqk	𩇛
okqkxm	𩇜
okbkll	𩇟
okqkhe	𩇠
okqkuf	𩇡
okqkvh	𩇢
okqkse	𩇣
okdafw	𩇩
okfwjb	𩇪
okfwzi	𩇫
okfwkz	𩇬
okfwho	𩇭
okfwuz	𩇮
okfwba	𩇯
okfwyr	𩇲
okwufw	𩇳
okfwff	𩇴
okfwgu	𩇵
okbffw	𩇶
okfwts	𩇷
okfwgc	𩇸
okfwuu	𩇹
oktyfw	𩇺
okfwrf	𩇻
okfwff	𩇼
okfjfw	𩇾
okfwfj	𩈀
okdvfw	𩈁
okfwbw	𩈂
okmmcy	𩈃
okmmrf	𩈄
okmmgj	𩈅
okmmba	𩈆
okmmiz	𩈇
okmmfg	𩈈
okmmyb	𩈉
okmmyz	𩈊
okmmjp	𩈋
okmmrs	𩈌
okmmdj	𩈍
okmmqn	𩈎
okmmyz	𩈏
okmmww	𩈐
okmmhe	𩈒
okmmpi	𩈓
okmmke	𩈔
okmmgx	𩈕
okmmlk	𩈖
okmmys	𩈗
okmomm	𩈘
okmmue	𩈙
okmmbk	𩈚
okmmpd	𩈛
okmmdv	𩈜
okmmjk	𩈡
okmmrf	𩈢
okmmhj	𩈣
okmmzu	𩈤
okmmqy	𩈥
okmmmm	𩈦
okjxmm	𩈧
okfumm	𩈨
okmmna	𩈩
okmmvl	𩈪
okmmnd	𩈫
okmmgr	𩈬
okmmyi	𩈭
okmmvz	𩈮
okmmyj	𩈯
okmimm	𩈰
okwjmm	𩈱
okmmmm	𩈲
okmmmm	𩈳
okmmyb	𩈴
okmmnd	𩈶
okmmxl	𩈷
okmmiz	𩈸
okmmmk	𩈹
okmmwu	𩈺
okvjmm	𩈻
okmmcj	𩈼
okdjmm	𩉀
okmmdj	𩉁
okmmrj	𩉄
okyjmm	𩉅
okmmdj	𩉊
okmmci	𩉋
okmmme	𩉌
okjmmm	𩉍
okmmyi	𩉏
okmmca	𩉐
okmmmo	𩉑
okmmqu	𩉗
okqumm	𩉘
okmmlo	𩉙
okmmmi	𩉚
okgedc	𩉛
okgeji	𩉜
okgewj	𩉝
okgekv	𩉞
okgeyi	𩉠
okgejp	𩉡
okgeqm	𩉢
okgemm	𩉣
okgeyc	𩉤
okgeyb	𩉥
okgegs	𩉦
okgefg	𩉧
okgevi	𩉨
okgewf	𩉩
okgemc	𩉪
okgebi	𩉫
okgeui	𩉬
okgegs	𩉭
okgevi	𩉮
okgeyr	𩉯
okgehu	𩉱
okgepu	𩉲
okgeee	𩉴
okgeff	𩉵
okgehr	𩉷
okgeju	𩉸
okgeni	𩉹
okgeta	𩉺
okgeuf	𩉼
okgefu	𩉽
okgejx	𩉾
okgeju	𩉿
okgebd	𩊀
okgeyr	𩊁
okgelk	𩊂
okgewd	𩊃
okyzge	𩊄
okgemc	𩊅
okgeke	𩊆
okgeyu	𩊇
okuige	𩊈
okgegu	𩊉
okgeba	𩊊
okgeli	𩊌
okgeys	𩊍
okgejx	𩊏
okgeer	𩊐
okgeyh	𩊑
okgeyi	𩊒
okgekx	𩊓
okgejn	𩊔
okgeyb	𩊕
okgebk	𩊖
okgets	𩊗
okgebd	𩊘
okgefu	𩊙
okgege	𩊚
okgeww	𩊛
okgedo	𩊜
okgevi	𩊝
okgevi	𩊞
okgegl	𩊠
okgelp	𩊡
okgesi	𩊢
okgevu	𩊣
okgedo	𩊥
okgeuz	𩊦
okgeig	𩊨
okgefg	𩊩
okgedz	𩊪
okgerf	𩊫
okgefu	𩊬
okgedv	𩊭
okgeua	𩊮
okgeuu	𩊯
okgemw	𩊱
okgevi	𩊴
okgebu	𩊶
okgedj	𩊹
okgejn	𩊺
okgeqy	𩊻
okgexi	𩊽
okgeys	𩊾
okgexi	𩊿
okgevo	𩋁
okgefw	𩋂
okgequ	𩋄
okgetm	𩋅
okgebi	𩋇
okgeho	𩋉
okgeyj	𩋊
okgeyi	𩋌
okgetn	𩋍
okgequ	𩋎
okgenm	𩋏
okgepg	𩋒
okgejx	𩋔
okgehx	𩋖
okgego	𩋗
okgevv	𩋘
okgevz	𩋙
okgehu	𩋚
okgeju	𩋜
okgefu	𩋟
okgemm	𩋠
okgeui	𩋡
okgexr	𩋢
okgedi	𩋣
okgeww	𩋤
okgexx	𩋥
okgedr	𩋦
okgejp	𩋧
okgefu	𩋨
okgevi	𩋩
okgeyr	𩋫
okgeyh	𩋬
okgemm	𩋭
okgefg	𩋮
okgevz	𩋰
okgeqm	𩋳
okgehz	𩋴
okgeve	𩋵
okgelq	𩋶
okgeci	𩋷
okgemw	𩋼
okgeke	𩋽
okgeww	𩋾
okgemw	𩋿
okgetr	𩌁
okgetd	𩌂
okgegv	𩌃
okgeiu	𩌄
okgesz	𩌅
okgeso	𩌈
okgetd	𩌉
okgegs	𩌌
okgehe	𩌍
okgebw	𩌎
okgevr	𩌏
okgeyr	𩌑
okgehz	𩌖
okgewu	𩌗
okgeqb	𩌘
okgevf	𩌙
okgetn	𩌜
okgevv	𩌝
okgegc	𩌡
okgeia	𩌢
okgexi	𩌦
okgemo	𩌧
okgeys	𩌨
okgecv	𩌩
okgeze	𩌪
okgelu	𩌫
okgevh	𩌬
okgecj	𩌰
okgeiu	𩌲
okgedd	𩌴
okgejm	𩌵
okgelw	𩌹
oklwge	𩌺
okgeql	𩌾
okgeic	𩍀
oktcge	𩍂
okgemd	𩍃
okgets	𩍅
okgeww	𩍇
okgeda	𩍈
okgegj	𩍉
okgedj	𩍍
okgehj	𩍎
okgefu	𩍏
okgedg	𩍐
okgeys	𩍓
okgedj	𩍕
okgeyi	𩍖
okgepu	𩍘
okgese	𩍙
okgesv	𩍚
okgege	𩍛
okgejp	𩍝
okgelw	𩍢
okgeye	𩍣
okgexu	𩍥
okgeer	𩍦
okgeju	𩍧
okgekv	𩍨
okgepu	𩍩
okgevd	𩍪
okgemg	𩍬
okgeji	𩍮
okgevi	𩍵
okgexm	𩍹
okgelu	𩍼
okgebo	𩍿
okgejm	𩎀
okgefj	𩎆
okgezj	𩎈
okgeli	𩎉
okgelo	𩎊
okgexm	𩎌
okxmge	𩎍
okwwgj	𩎒
okwwqr	𩎓
okwwyc	𩎔
okwwji	𩎕
okwwjb	𩎖
okwwqm	𩎗
okwwbc	𩎘
okwwyt	𩎙
okwwii	𩎚
okwwfu	𩎛
okwwpi	𩎜
okwwyr	𩎝
oktdww	𩎞
okwwww	𩎟
okwwfu	𩎠
okfuww	𩎡
okwwvc	𩎣
okwwgf	𩎤
okwwyi	𩎥
okwwjn	𩎦
okwwfu	𩎧
okwwgf	𩎨
okwwyb	𩎪
okwwdo	𩎫
okwwge	𩎬
okwwyi	𩎭
okwwuu	𩎯
okwwdv	𩎰
okwwjx	𩎱
okfuww	𩎵
okwwyi	𩎶
okwwjr	𩎸
okwwho	𩎹
okwwwj	𩎺
okwwfw	𩎻
okwwto	𩎼
okwwda	𩎽
okwwpc	𩎾
okwwih	𩎿
okwwbw	𩏂
okwwbi	𩏃
okwwbw	𩏄
okwwyr	𩏅
okwwxr	𩏆
okwwdr	𩏇
okwwji	𩏊
okwwdy	𩏋
okwwhe	𩏌
okwwgv	𩏐
okhdww	𩏓
okqrww	𩏗
okwwcv	𩏘
okwwic	𩏙
okwwhv	𩏚
okwwlz	𩏝
okwwlw	𩏞
okwwdg	𩏠
okwwgv	𩏡
okwwjn	𩏢
okxuww	𩏣
okwwdj	𩏥
okhxww	𩏧
okwwys	𩏨
okwwqm	𩏩
okwwse	𩏫
okwwbo	𩏭
okwwkv	𩏱
okwwhv	𩏲
okwwpo	𩏳
okwwbo	𩏵
okwwjt	𩏺
okwwnw	𩏼
okwwui	𩏿
okwwxx	𩐀
okddjq	𩐁
okuljq	𩐂
oktyjq	𩐄
okdvjq	𩐌
okmojq	𩐍
okiijq	𩐎
okfjjq	𩐏
okybjq	𩐗
okyryb	𩐘
okybjb	𩐙
okybfu	𩐚
okybwa	𩐛
okybbc	𩐜
okybju	𩐝
okdoyb	𩐞
okybjn	𩐟
okybgs	𩐠
okxlyb	𩐢
okybgl	𩐣
okybts	𩐤
okybhe	𩐥
okybyi	𩐦
okybhj	𩐧
okybjl	𩐨
okybjy	𩐩
okybyr	𩐪
okybuu	𩐫
okybnm	𩐭
okybye	𩐱
okybmc	𩐲
okybye	𩐳
oktkyb	𩐴
okybgs	𩐵
okybts	𩐹
okybjk	𩐺
okybmo	𩐻
okybsu	𩐼
okybjk	𩐿
okybww	𩑁
okybuu	𩑂
okybye	𩑃
okyblw	𩑆
okybgl	𩑈
okyblk	𩑊
okyzye	𩑌
okjiye	𩑏
okiaye	𩑐
okmeye	𩑑
oktoye	𩑒
okxyye	𩑓
okqiye	𩑔
okkvye	𩑕
okwjye	𩑖
okycye	𩑗
okyeuj	𩑘
okrfye	𩑙
okfgye	𩑚
okycye	𩑛
okrsye	𩑜
okmcye	𩑝
okjbye	𩑟
okqiye	𩑡
okbuye	𩑢
okyzye	𩑣
okwuye	𩑤
okuiye	𩑥
okizye	𩑧
oknqye	𩑩
oknmye	𩑪
okjiye	𩑬
okhxye	𩑭
okwuye	𩑮
okdzye	𩑯
okdjye	𩑰
okbaye	𩑱
okyzye	𩑲
okpkye	𩑳
okyzye	𩑴
okwwye	𩑵
okguye	𩑶
okmoye	𩑷
okkeye	𩑸
okxrye	𩑹
okrjye	𩑺
okbdye	𩑻
okpoye	𩑼
okciye	𩑽
okdiye	𩑾
oktaye	𩒂
okwuye	𩒃
okceye	𩒄
okbfye	𩒅
okxsye	𩒇
okvfye	𩒉
okvuye	𩒊
oktdye	𩒎
okhvye	𩒏
okviye	𩒐
okklye	𩒑
okgsye	𩒓
okniye	𩒕
okkdye	𩒖
oktsye	𩒗
okisye	𩒘
okxmye	𩒙
okglye	𩒚
okfzye	𩒡
okgfye	𩒢
okjqye	𩒦
okviye	𩒨
okqqye	𩒮
okwoye	𩒰
okkyye	𩒱
okgsye	𩒴
okieye	𩒷
okfuye	𩒺
okybye	𩒻
okysye	𩒼
okxiye	𩒽
okwuye	𩒾
oklsye	𩒿
okqyye	𩓀
okdiye	𩓂
okjnye	𩓅
okxiye	𩓇
okldye	𩓋
okyiye	𩓎
okboye	𩓐
okfuye	𩓖
okqiye	𩓗
okhsye	𩓘
okjuye	𩓛
okmhye	𩓜
okbiye	𩓝
okvgye	𩓞
okviye	𩓡
okanye	𩓤
okytye	𩓥
okquye	𩓦
okyiye	𩓧
okqkye	𩓨
okyaye	𩓩
okluye	𩓪
okjrye	𩓫
okcdye	𩓰
okueye	𩓱
okbnye	𩓳
okyjye	𩓹
okjsye	𩓺
okxurj	𩓾
oksvye	𩔀
okmmye	𩔁
oktrye	𩔂
okyrye	𩔃
okgvye	𩔆
okhlye	𩔇
okgeye	𩔈
okyeye	𩔊
okyuye	𩔐
okyeye	𩔑
okyuye	𩔔
okqqye	𩔕
oklwye	𩔖
oklzye	𩔗
okysye	𩔘
okwgye	𩔚
okrsye	𩔜
okqbye	𩔝
okmiye	𩔢
oksuye	𩔥
okvvye	𩔦
okjxye	𩔧
okxiye	𩔨
okyrye	𩔭
okbjye	𩔮
okyiye	𩔱
oklqye	𩔲
okzeye	𩔳
okluye	𩔴
okljye	𩔵
okmaye	𩔶
okmoye	𩔷
okquye	𩔸
okuuye	𩔼
okxubw	𩔾
okaoye	𩕀
oklwye	𩕃
okvhye	𩕆
oktsye	𩕉
okujye	𩕊
oknkye	𩕋
oksfye	𩕌
okfjye	𩕏
oklnye	𩕐
okxlye	𩕓
oklbye	𩕔
oktiye	𩕗
okxuye	𩕚
okkvye	𩕜
okyeye	𩕟
okseye	𩕡
okdkye	𩕢
okbiye	𩕬
okyrye	𩕮
okuzye	𩕯
okmgye	𩕱
okyiye	𩕲
oknkye	𩕳
okchye	𩕹
okiiye	𩖁
okuuye	𩖅
okykye	𩖍
okhsye	𩖎
okcuye	𩖑
okyryr	𩖒
okyjye	𩖖
okjbye	𩖗
okuifg	𩖘
okfgli	𩖙
okfguc	𩖚
okfgfj	𩖛
okfgxy	𩖜
okfguj	𩖞
okxkfg	𩖟
okfgnv	𩖠
okfgxi	𩖡
okfggs	𩖢
okwffg	𩖣
okfgty	𩖤
okfguc	𩖥
okfgjb	𩖦
okfgho	𩖧
okfgwu	𩖨
okfgji	𩖪
okfgfh	𩖫
okfufg	𩖬
okfgfu	𩖭
okfgqr	𩖮
okfgnw	𩖯
okfgwf	𩖰
okfguv	𩖱
okbufg	𩖲
okfgvi	𩖳
okfgmc	𩖴
okfglk	𩖵
okfguu	𩖶
okfgiu	𩖷
okfghc	𩖸
okfgni	𩖹
okfggj	𩖺
okfgys	𩖻
okfgfu	𩖼
okfgpi	𩖽
okwjfg	𩖿
okfgbd	𩗀
okfgxr	𩗁
okfgmo	𩗂
okfgqp	𩗃
okfggs	𩗄
okfgxq	𩗆
okfghz	𩗇
okfgdo	𩗈
okfgua	𩗉
okfgji	𩗊
okfgvz	𩗋
okfglq	𩗌
okfgyu	𩗍
okfgui	𩗎
okxifg	𩗏
okfgmi	𩗐
okfgjn	𩗒
okfgbo	𩗓
oktofg	𩗔
okfgqq	𩗕
okfgll	𩗖
okfgbw	𩗗
okfgww	𩗘
okfgve	𩗙
okfgyz	𩗚
okfgui	𩗛
okfgww	𩗜
okfgis	𩗝
okfgbm	𩗞
okfgqi	𩗠
okfguz	𩗡
okfggs	𩗢
okfguu	𩗣
okfghj	𩗤
okfgyi	𩗥
okfhfg	𩗧
okfgvi	𩗨
okjbfg	𩗩
okfgvz	𩗪
okfgbw	𩗫
okfgjk	𩗬
okfgli	𩗭
okwwfg	𩗯
okfgiv	𩗰
okfgxi	𩗱
okfgvg	𩗲
okfgjp	𩗳
okfgfg	𩗴
okfguh	𩗵
okfgzu	𩗶
okfgyj	𩗷
okyjfg	𩗹
okfgyi	𩗺
okfgvs	𩗻
okfgqk	𩗼
okfgya	𩗽
okfgll	𩗾
okfgyu	𩗿
okfgvo	𩘀
okjkfg	𩘁
okfgmw	𩘄
okjpfg	𩘅
okfgfu	𩘆
okfghs	𩘇
okfgyz	𩘈
okfgyu	𩘉
okfgci	𩘊
okfghz	𩘋
okfgqq	𩘌
okfggs	𩘎
okfgye	𩘏
okfgtr	𩘐
okfgyk	𩘑
okxrfg	𩘒
okykfg	𩘕
okfgjp	𩘗
okfgqr	𩘘
okwwfg	𩘚
okfgth	𩘜
okfgso	𩘝
okfgqi	𩘞
okfgsu	𩘟
okfgqb	𩘢
okfgsu	𩘣
okfgqi	𩘥
okfgue	𩘧
okrsfg	𩘨
okfgtv	𩘩
okfgrs	𩘪
okfghd	𩘫
okfgtv	𩘬
okfgxq	𩘭
okaofg	𩘮
okfgvr	𩘯
okfgsu	𩘰
okfglv	𩘱
okfgnn	𩘲
okfgcc	𩘳
okfgxi	𩘴
okfgnn	𩘵
okfgxr	𩘶
okfgsu	𩘹
okfggv	𩘺
okfgdg	𩘼
okthfg	𩘽
okfgdj	𩘾
oktjfg	𩙀
okhlfg	𩙁
oklnfg	𩙂
okwwfg	𩙃
okdgfg	𩙄
okfgth	𩙆
okfgsv	𩙇
okfgzc	𩙈
okfgww	𩙉
okfgyu	𩙋
okfgyu	𩙍
oklqfg	𩙔
okbcfg	𩙕
okfgli	𩙖
okfgls	𩙘
okfglu	𩙙
okfgxn	𩙚
okfghs	𩙛
oknpfg	𩙝
okfgba	𩙥
okfgbd	𩙦
okfguz	𩙧
okfgsu	𩙨
okfgvo	𩙩
okfgyj	𩙪
okfgzc	𩙫
okfggv	𩙬
okfgso	𩙭
okfggc	𩙮
okfghl	𩙯
okfgzc	𩙰
oknqfw	𩙲
oklkfw	𩙳
okjyfw	𩙵
okgcfw	𩙷
okngfw	𩙸
okfgfw	𩙹
okfwbw	𩙻
okdjfw	𩙼
okuive	𩚂
okuiyz	𩚄
okuibu	𩚅
okuiru	𩚆
okuicc	𩚇
okuiuc	𩚈
okuiye	𩚉
okuiwu	𩚌
okuijb	𩚍
okuiuj	𩚎
okxiui	𩚏
okuiwj	𩚐
okuifj	𩚑
okuirf	𩚒
okirui	𩚓
okuinv	𩚔
okuijb	𩚕
okuiiz	𩚖
okuirs	𩚗
okuigz	𩚘
okuiuc	𩚙
okuiee	𩚚
okuinw	𩚛
okjbui	𩚜
okuigk	𩚟
okuifh	𩚠
okuivi	𩚡
okuihu	𩚢
okuiri	𩚣
okuiqi	𩚤
okuiba	𩚥
okuiqp	𩚦
okuige	𩚧
okuiqq	𩚨
okuigu	𩚩
okuiui	𩚪
okuivg	𩚫
okuifu	𩚭
okuifj	𩚮
okuini	𩚯
okuihv	𩚰
okuijs	𩚱
okuijx	𩚲
okuibm	𩚳
okwjui	𩚴
okuigj	𩚵
okuixs	𩚶
okliui	𩚷
okuilk	𩚹
okuipi	𩚼
okuiyu	𩚽
okbwui	𩚾
okmcui	𩛁
okuinu	𩛂
okuigx	𩛃
okuibk	𩛄
okuibd	𩛇
okddui	𩛈
okuiif	𩛉
okuifz	𩛊
okuidv	𩛍
okuiji	𩛑
okfzui	𩛒
okuixm	𩛔
okfzui	𩛕
okuian	𩛖
okuigs	𩛘
okyiui	𩛚
okuigs	𩛛
okuifu	𩛞
okuimm	𩛟
okuizo	𩛠
okuill	𩛡
okyzui	𩛢
okuivi	𩛣
okuiys	𩛤
okuiig	𩛦
okuihj	𩛧
okuijx	𩛩
okuiyu	𩛭
okuisi	𩛮
okuijs	𩛯
okqqui	𩛰
okuixn	𩛱
okuimh	𩛲
okuidd	𩛴
okuifz	𩛷
okuimw	𩛸
okuilu	𩛼
okuili	𩛾
okuiyi	𩛿
okuiiv	𩜀
okuilk	𩜁
okuiuu	𩜂
okuiju	𩜃
okuiya	𩜄
okuixi	𩜅
okuijr	𩜇
okuiue	𩜉
okuiuh	𩜋
okuiwj	𩜌
okuids	𩜍
okuiqk	𩜎
okuiyu	𩜏
okuivv	𩜑
okndyh	𩜒
okuicd	𩜓
okbiui	𩜔
okmcui	𩜕
okuibw	𩜗
okuizu	𩜘
okuixk	𩜜
okuiqq	𩜞
okuiah	𩜟
okuiyj	𩜠
okfhui	𩜢
okuibo	𩜤
okboui	𩜥
okuidk	𩜦
okuind	𩜪
okuimw	𩜫
okuike	𩜭
okuifu	𩜰
okuiuf	𩜱
okuifu	𩜲
okuiys	𩜳
okuizi	𩜴
okuidr	𩜵
okuiyu	𩜶
okuirz	𩜷
okaoui	𩜸
okuihs	𩜺
okpbui	𩜻
okuive	𩜼
okuiyj	𩜽
okyjui	𩜾
okuigo	𩝄
okuijl	𩝅
okuihr	𩝆
okuimz	𩝇
okuixm	𩝈
okuiui	𩝊
okuiqq	𩝋
okuisv	𩝌
okuimw	𩝏
okuizi	𩝐
okuixr	𩝑
okuixu	𩝔
okuiye	𩝗
okuiqi	𩝙
okuiii	𩝚
okuihd	𩝛
okuigc	𩝝
okuich	𩝞
okuiiz	𩝠
okpplh	𩝢
okuisu	𩝥
okuixq	𩝧
okuizd	𩝪
okjlui	𩝫
okuiia	𩝭
okuiyi	𩝱
okuixu	𩝲
okuijl	𩝴
okuiwu	𩝷
okuiyr	𩝸
okuivf	𩝻
okuiql	𩝽
okuiuh	𩝾
okuidi	𩝿
okuicj	𩞀
okmaui	𩞁
okhuui	𩞂
okuicc	𩞄
okuicv	𩞅
okuics	𩞆
okluui	𩞇
okuivu	𩞈
okuiis	𩞉
okuiji	𩞊
okuiys	𩞋
okuisu	𩞍
okjbui	𩞎
okuivj	𩞏
okcsui	𩞐
okiiui	𩞕
okuigd	𩞖
okuimj	𩞘
okuilm	𩞙
okjiui	𩞚
okuisv	𩞢
okdyui	𩞤
okuiih	𩞥
okuivh	𩞦
okuixl	𩞧
okuihl	𩞩
okuidg	𩞬
okuiyh	𩞭
okuill	𩞯
okuida	𩞰
okuiti	𩞲
okuihu	𩞵
okuisu	𩞸
okuilb	𩞻
okuifa	𩞽
okuiuu	𩞾
okuigj	𩞿
okuiys	𩟀
okuigo	𩟂
okuilk	𩟃
okuixi	𩟄
okuiqm	𩟅
okuiao	𩟇
okuidh	𩟈
okuins	𩟊
okuivj	𩟋
okuizc	𩟎
okuivj	𩟏
okuida	𩟐
okuiho	𩟓
okuica	𩟔
okuiuz	𩟕
okjmui	𩟗
okuivg	𩟘
okuijp	𩟙
okuijb	𩟝
okuimg	𩟞
okuime	𩟠
okuidv	𩟡
okuipu	𩟢
okuile	𩟧
okuiln	𩟩
okuilw	𩟬
okuils	𩟭
okuiho	𩟯
okuidu	𩟵
okuiqu	𩟹
okuilj	𩟺
okuilk	𩟽
okuiui	𩟾
okuinw	𩟿
okuiba	𩠀
okuigj	𩠁
okuijx	𩠃
okuild	𩠄
okuida	𩠅
okuidk	𩠆
okuixy	𩠇
okuinm	𩠈
okuijr	𩠉
okuidr	𩠊
okuixu	𩠋
okuiss	𩠌
okuixr	𩠍
okuicc	𩠎
okuivh	𩠏
okdkuz	𩠑
okuzqi	𩠓
okuzmc	𩠔
okuzba	𩠕
okpiuz	𩠗
okuzwd	𩠘
okbauz	𩠙
okuzhd	𩠚
okuzif	𩠛
okuzhv	𩠠
okuzfu	𩠤
okxnuz	𩠦
okuzju	𩠧
okuzuz	𩠬
okuzwu	𩠭
okuzji	𩠯
okuzvv	𩠱
okuzgo	𩠲
okuzvv	𩠳
okuzhv	𩠴
okuzzd	𩠵
oknfuz	𩠶
okuzdu	𩠸
okdruz	𩠹
okxlhg	𩠺
okxljb	𩠻
okheyc	𩠼
okxlmu	𩠽
okbkxl	𩠾
okxlmo	𩠿
okxllk	𩡁
okxlvc	𩡂
okxluf	𩡃
okxlhe	𩡄
okxlmi	𩡅
okxlfg	𩡇
okxlxn	𩡈
okxlff	𩡉
okwwxl	𩡊
okxltm	𩡋
okxlxl	𩡌
okxlyz	𩡎
okxlyu	𩡏
okxlxl	𩡐
okxlwg	𩡓
okxlhd	𩡔
okphxl	𩡕
okxlai	𩡖
okxliz	𩡗
okxlxx	𩡘
okxlmj	𩡙
okxlgd	𩡚
okwwxl	𩡛
okxllh	𩡜
okxltj	𩡝
okxlgv	𩡞
okuuxl	𩡠
okxlbi	𩡡
okxlai	𩡣
okmaxi	𩡧
okppma	𩡨
okmaba	𩡩
okuima	𩡪
okjima	𩡫
okmabu	𩡭
okmarf	𩡮
okmadk	𩡯
okmaxy	𩡰
okdama	𩡱
okmarf	𩡲
okmakz	𩡳
okmaqm	𩡴
okxyma	𩡵
okmatu	𩡶
okqrma	𩡷
okmaqi	𩡹
okmajp	𩡺
okmayc	𩡻
okmabm	𩡼
okpjma	𩡽
okmauc	𩡾
okaoma	𩡿
okmaty	𩢀
okulma	𩢂
okmayr	𩢄
okmage	𩢅
okmajb	𩢇
okhuma	𩢉
okmayt	𩢋
okwfma	𩢌
okmagx	𩢍
okmaiu	𩢎
okmava	𩢐
okcima	𩢑
okmayz	𩢒
okmacc	𩢓
okmabj	𩢔
okmabf	𩢕
okmamo	𩢖
okmapo	𩢘
okmaxs	𩢛
okmapm	𩢝
oktdma	𩢠
okmarj	𩢡
okmavi	𩢢
okmayu	𩢤
okyhma	𩢥
okmads	𩢦
okmaqu	𩢧
okmagj	𩢨
okmagu	𩢪
okugma	𩢫
okmalu	𩢬
okmaci	𩢭
okxqma	𩢮
okmafu	𩢰
okmahv	𩢱
okmali	𩢲
okyuma	𩢳
okmaji	𩢴
okmavd	𩢵
okmabd	𩢷
okmavz	𩢸
okmajq	𩢹
okvuma	𩢻
okmakl	𩢼
okgsma	𩢽
oklpma	𩢾
okmafz	𩢿
okmarz	𩣀
okxmma	𩣂
okjqma	𩣅
okmayh	𩣆
okmahl	𩣇
okruma	𩣉
okmaxu	𩣊
okmayz	𩣋
okmaye	𩣌
okmayh	𩣍
okirma	𩣏
okhlma	𩣐
okmaan	𩣑
okmakx	𩣔
okmajl	𩣕
okmalb	𩣖
okqqma	𩣗
okmafz	𩣚
okmafz	𩣜
okmabu	𩣝
okmaji	𩣞
okuama	𩣟
okuama	𩣠
okmabo	𩣡
okmacs	𩣢
okwoma	𩣣
okmagu	𩣥
okmamm	𩣦
okmato	𩣧
okwoma	𩣨
okmave	𩣩
okmali	𩣫
okmatu	𩣮
okmada	𩣯
okmalu	𩣱
okmadm	𩣲
okmads	𩣳
okmawj	𩣵
okmkma	𩣶
okivma	𩣷
okmafu	𩣸
okquma	𩣹
okmabf	𩣺
okmaks	𩣼
okmabk	𩤀
okmaya	𩤃
okmaju	𩤅
oklbma	𩤆
okmaly	𩤇
okmaxi	𩤈
okmahx	𩤉
okhuma	𩤌
okmadm	𩤎
okmazu	𩤏
okmayi	𩤒
okmaqu	𩤓
okmayj	𩤔
okmabn	𩤕
okmatk	𩤙
okmadr	𩤚
okmayu	𩤛
okmave	𩤜
okmayh	𩤟
okmajp	𩤠
okxrma	𩤡
okmadi	𩤢
okmadr	𩤣
okmmma	𩤤
okmaxm	𩤥
okjmma	𩤦
okmatj	𩤧
okmaqb	𩤨
okkema	𩤩
okmaww	𩤮
okykma	𩤯
okmaci	𩤲
okmaxk	𩤵
okmaah	𩤶
okmaqi	𩤷
okmaww	𩤸
okmaxl	𩤹
okyuma	𩤺
okmasi	𩤽
okmaqm	𩤾
okmaqi	𩥀
okmath	𩥁
okmaqi	𩥂
okmavf	𩥄
okmayc	𩥅
okmalv	𩥆
okmavj	𩥇
okmawf	𩥈
okmaqi	𩥉
okgcma	𩥊
okmama	𩥋
okmahd	𩥌
okmawu	𩥎
okmaui	𩥐
okycma	𩥓
okmdma	𩥔
okmajb	𩥕
okmaia	𩥙
okmaqb	𩥚
okmawg	𩥛
okmazi	𩥝
okqima	𩥞
okgvma	𩥢
okmayc	𩥣
okwuma	𩥦
okmaro	𩥩
okmais	𩥫
okmali	𩥬
okmayu	𩥭
okmaij	𩥮
okmali	𩥴
okmaii	𩥹
okmays	𩥻
okmaqi	𩥼
okmatu	𩥽
okmasu	𩥿
okmali	𩦀
okmaxm	𩦂
okmaxm	𩦃
okmaxi	𩦇
okbima	𩦉
okmahj	𩦊
okmaji	𩦋
okmash	𩦌
oktsma	𩦍
okmafw	𩦎
okmauj	𩦐
okmajt	𩦒
okmaxy	𩦖
okmacv	𩦗
okmaln	𩦚
okmaug	𩦝
okmage	𩦞
okmakv	𩦟
okmapn	𩦠
okyuma	𩦡
okmayu	𩦢
okmaji	𩦤
okmabf	𩦥
okmazh	𩦦
okjnma	𩦨
okmajy	𩦩
okmann	𩦫
okmaye	𩦭
okmahv	𩦱
okmajp	𩦷
okmajm	𩦹
okmamg	𩦺
okmatd	𩦽
okbncy	𩦾
okmale	𩧂
okmawj	𩧃
okmavi	𩧄
okmafj	𩧅
okmacd	𩧇
okmamd	𩧈
okmagl	𩧉
okmali	𩧋
okmalw	𩧍
okmaho	𩧏
okmaxn	𩧓
okmaqu	𩧘
okquma	𩧚
okmavr	𩧜
okjtma	𩧡
okmalv	𩧥
okmajp	𩧦
okmali	𩧧
okmayz	𩧨
okmajm	𩧩
okmals	𩧪
okmayh	𩧫
okmarj	𩧬
okmaui	𩧭
oklpma	𩧮
okmafa	𩧯
okmajy	𩧰
okmaqi	𩧱
okmats	𩧲
okmavz	𩧳
okmaqr	𩧴
okmaji	𩧵
okirma	𩧶
oklcma	𩧷
oklima	𩧸
okmali	𩧹
okmaju	𩧺
okmawj	𩧻
okmabf	𩧼
okmagu	𩧽
okmafu	𩧿
okmahe	𩨀
okmaiy	𩨁
okmazs	𩨂
okmajm	𩨃
okmasz	𩨄
okmaww	𩨅
okmatk	𩨆
okmalz	𩨇
okmayu	𩨈
okmaci	𩨉
okmaqm	𩨊
okmavf	𩨋
okmavj	𩨍
okmafj	𩨏
okgudk	𩨑
okguji	𩨒
okgubu	𩨓
okjqgu	𩨔
okguyi	𩨕
okguxy	𩨖
okgukv	𩨗
okguqi	𩨘
okgugs	𩨙
okgunv	𩨚
okguto	𩨛
okguba	𩨜
okguvi	𩨝
okguji	𩨞
okguyc	𩨟
okguya	𩨠
okguuc	𩨡
okguvx	𩨢
okgufh	𩨣
okguyb	𩨥
okguxi	𩨦
okgubi	𩨨
okgufj	𩨩
okguyb	𩨫
okguxr	𩨬
okguta	𩨭
okguii	𩨯
okguui	𩨰
okcigu	𩨱
okgubi	𩨲
okiugu	𩨳
okguhc	𩨴
okguvi	𩨵
okguiu	𩨸
okgujx	𩨹
okguvu	𩨻
okguqq	𩨼
okgudv	𩨽
okguww	𩨾
okguhv	𩨿
okguis	𩩁
okguhe	𩩂
okgukd	𩩄
okguts	𩩅
okisgu	𩩇
okguhv	𩩈
okguxn	𩩉
okguhj	𩩊
okgujk	𩩋
okguxi	𩩌
okguyr	𩩐
okguwu	𩩑
okguui	𩩒
okguxn	𩩓
okguzu	𩩔
okguns	𩩖
okguue	𩩗
okyugu	𩩘
okgubi	𩩚
okguqi	𩩛
okguks	𩩝
okguiv	𩩞
okguvo	𩩟
okguzu	𩩠
okgulk	𩩡
okguer	𩩢
okguyu	𩩣
okguya	𩩤
okguyu	𩩦
okguyj	𩩧
okgubn	𩩩
okihgu	𩩪
okguih	𩩫
okguug	𩩭
okgudu	𩩮
okgubm	𩩯
okgujp	𩩰
okguxx	𩩱
okguhe	𩩲
okguvs	𩩳
okguxm	𩩴
okguhz	𩩵
okguui	𩩶
okguyj	𩩷
okguge	𩩸
okguqr	𩩺
okgudy	𩩻
okguyb	𩩿
okguvv	𩪀
okgugv	𩪁
okguqi	𩪂
okguhd	𩪃
okgugu	𩪆
okgulu	𩪉
okgupn	𩪊
okaogu	𩪋
okgufg	𩪌
okguqu	𩪍
okgumh	𩪎
okgugo	𩪐
okguic	𩪑
okgucv	𩪓
okguao	𩪕
okgubi	𩪖
okgujt	𩪗
okguts	𩪘
okguln	𩪚
okjtgu	𩪜
okguxy	𩪞
okdmgu	𩪡
okguxb	𩪢
okguyi	𩪣
okguye	𩪤
okgulk	𩪥
okgupi	𩪧
okgulm	𩪬
okguho	𩪭
okgume	𩪮
okguxu	𩪰
okguxy	𩪱
okguii	𩪲
okguyh	𩪴
okguuu	𩪵
okgujp	𩪶
okgusv	𩪷
okguli	𩪸
okgutj	𩪺
okgudr	𩪽
okgcwj	𩪿
okgcui	𩫀
okgcmc	𩫁
okgcks	𩫂
okgcdz	𩫄
okgcge	𩫅
okgcug	𩫆
okbugc	𩫇
okgcqr	𩫈
okgcpi	𩫋
okgcjs	𩫌
okgcug	𩫍
okbkgc	𩫐
okgcbk	𩫑
okgcsi	𩫓
okgcui	𩫕
okgcyr	𩫘
okgcuf	𩫙
okgczu	𩫛
okgcbw	𩫝
okgctr	𩫞
okgcgs	𩫢
okgcyr	𩫣
okgcjp	𩫤
okicgc	𩫥
okgccj	𩫦
okgcbi	𩫬
okgcis	𩫲
okbnjq	𩫴
okbnba	𩫵
okbnln	𩫶
okbnqi	𩫷
okbnli	𩫸
okbnjb	𩫹
okbnuj	𩫺
okbnji	𩫻
okbnfj	𩫼
okbntu	𩫽
okbnya	𩫾
okbnnw	𩬀
okbnui	𩬁
okbnyc	𩬃
okbnzz	𩬄
okbndj	𩬅
okbngd	𩬆
okbnqr	𩬇
okbnbi	𩬈
okbnff	𩬉
okbnho	𩬊
okbnyy	𩬌
okbngr	𩬍
okbnrf	𩬎
okbnyt	𩬏
okbnvx	𩬐
okbnvj	𩬑
okbnlk	𩬔
okbnwu	𩬕
okbnvf	𩬖
okbnyz	𩬗
okbner	𩬘
okbnfu	𩬙
okbngj	𩬚
okbnbk	𩬝
okbnmu	𩬞
okbnva	𩬟
okbntd	𩬠
okbnqq	𩬡
okbniu	𩬢
okbnls	𩬤
okbnce	𩬥
okbnli	𩬦
okbnvg	𩬧
okbnqu	𩬨
okbngu	𩬩
okbnfj	𩬪
okbnvi	𩬫
okbnui	𩬭
okbnys	𩬮
okbngs	𩬰
okbnvc	𩬱
okbnyi	𩬲
okbnrz	𩬳
okbnyb	𩬵
okbnyu	𩬶
okbnni	𩬸
okbnkl	𩬹
okbnvi	𩬺
okbndo	𩬻
okbnya	𩬾
okbnyi	𩬿
okbnyz	𩭀
okbngl	𩭂
okbnis	𩭃
okbnmi	𩭄
okbnyu	𩭅
okbnhe	𩭆
okbnli	𩭇
okbnxi	𩭉
okbnju	𩭊
okbnky	𩭋
okbnjx	𩭌
okbnfz	𩭍
okbnto	𩭏
okbnui	𩭐
okbnii	𩭑
okbnls	𩭒
okbnyz	𩭓
okbnfh	𩭔
okbnxk	𩭖
okbnfu	𩭗
okbncd	𩭘
okbnjk	𩭙
okbndd	𩭚
okbnjn	𩭛
okbniv	𩭜
okbnwo	𩭝
okbnli	𩭞
okbnvo	𩭟
okbnjm	𩭠
okbnxi	𩭡
okbnan	𩭢
okbnda	𩭣
okbniv	𩭦
okbnbw	𩭧
okbnih	𩭨
okbnds	𩭩
okbnqu	𩭪
okbnll	𩭫
okbnfu	𩭬
okbnky	𩭭
okbnnm	𩭮
okbnya	𩭯
okbnyc	𩭰
okbnde	𩭲
okbnhu	𩭳
okbnks	𩭴
okbngr	𩭵
okbnyz	𩭶
okbnld	𩭷
okbncj	𩭹
okbnfu	𩭺
okbnbc	𩭼
okbnke	𩭽
okbnbw	𩭿
okbnqi	𩮁
okbnhe	𩮂
okbnze	𩮆
okbnqq	𩮈
okbnyb	𩮋
okbnxl	𩮌
okbnui	𩮍
okbnia	𩮎
okbnxm	𩮏
okbnyu	𩮐
okbngo	𩮑
okbnjy	𩮔
okbnqb	𩮕
okbnqi	𩮖
okbngc	𩮘
okbnrs	𩮙
okbnzc	𩮚
okbnso	𩮛
okbnti	𩮜
okbnhd	𩮝
okbnli	𩮞
okbnrs	𩮠
okbnji	𩮦
okbnsh	𩮧
okbnhe	𩮨
okbnch	𩮩
okbnua	𩮫
okbnwg	𩮬
okbnui	𩮭
okbnwu	𩮮
okbnao	𩮯
okbnis	𩮱
okbnij	𩮲
okbnpn	𩮳
okbncv	𩮴
okbndz	𩮷
okbnii	𩮸
okbnlw	𩮹
okbnwu	𩮼
okbnvi	𩮿
okbnsu	𩯀
okbnlz	𩯁
okbnji	𩯂
okbnfw	𩯃
okbnzy	𩯄
okbnfu	𩯅
okbnyc	𩯆
okbndg	𩯇
okbnzv	𩯉
okbnln	𩯊
okbnji	𩯋
okbnfa	𩯌
okbnug	𩯎
okbnuu	𩯕
okbnzs	𩯖
okbnhw	𩯗
okbnqn	𩯘
okbnsv	𩯚
okbnjn	𩯛
okbnge	𩯝
okbncj	𩯞
okbnzc	𩯟
okbnuu	𩯡
okbndj	𩯤
okbnuz	𩯦
okbner	𩯨
okbnzh	𩯩
okbnli	𩯬
okbnmj	𩯮
okbnbc	𩯱
okbnlw	𩯹
okbnli	𩯺
okbnmg	𩯼
okbnld	𩯽
okbnls	𩰀
okbnbb	𩰄
okbnch	𩰅
okbnnh	𩰉
okwhuu	𩰊
okuuwh	𩰋
okdzqi	𩰌
okdzbm	𩰍
okdzge	𩰎
okdzff	𩰏
okdzyz	𩰑
okdzdz	𩰒
okdzxl	𩰓
okdzjb	𩰔
okdzgu	𩰛
okdzbb	𩰝
okdzer	𩰞
okgenq	𩰫
okgege	𩰭
okgedz	𩰮
okgegu	𩰯
okyhge	𩰱
okgegv	𩰳
okgeer	𩰴
okgegf	𩰵
okgehd	𩰶
okgejk	𩰹
okgeqy	𩰺
okgeqq	𩰻
okfuge	𩰾
okgejm	𩱃
okgege	𩱇
okgeiu	𩱈
okgefu	𩱉
okgcge	𩱋
okaoge	𩱏
okgeuh	𩱐
okjlge	𩱑
okgeqq	𩱘
okyuge	𩱢
okgvli	𩱹
okgver	𩱺
okgvbu	𩱻
okjqgv	𩱼
okwugv	𩱽
oktogv	𩱾
okwhgv	𩱿
okgvuj	𩲀
okgvxi	𩲁
okgver	𩲂
okgvuc	𩲃
okyzgv	𩲄
okgvcy	𩲅
okgvuj	𩲈
okwhgv	𩲉
okgvmc	𩲊
okkhgv	𩲋
okfhgv	𩲌
okgvnq	𩲍
okgvuc	𩲎
okhxgv	𩲏
okgvwu	𩲐
okgvyy	𩲑
okgvih	𩲒
okgvyc	𩲓
okgvho	𩲕
okbigv	𩲖
okgvfg	𩲗
oklcgv	𩲘
okgvmu	𩲙
okppgv	𩲚
okhxgv	𩲜
okgvff	𩲝
okgvyt	𩲞
okgvqm	𩲟
okgvfh	𩲠
okppgv	𩲡
okgvpi	𩲢
okjxgv	𩲣
okgvvc	𩲤
okgvtd	𩲥
okgvvj	𩲦
okcigv	𩲨
okgvlk	𩲩
okgver	𩲪
okuigv	𩲫
okgvta	𩲮
okgvbj	𩲯
okgvgu	𩲱
okgvqp	𩲲
okgvjx	𩲳
okgvyh	𩲴
okgvug	𩲵
okuigv	𩲶
okgvhe	𩲷
okbdgv	𩲸
okgvua	𩲺
okgvjn	𩲻
okgvhu	𩲼
okgver	𩲽
okyzgv	𩲾
okgvvi	𩳀
okglgv	𩳁
okuagv	𩳃
okqugv	𩳄
okgvvu	𩳅
okgvlw	𩳆
okzigv	𩳈
okgvvz	𩳉
okgvmk	𩳊
okgvhe	𩳋
okgvwu	𩳌
okgvjk	𩳍
okgvfu	𩳎
okvigv	𩳏
okgvfu	𩳐
okgvua	𩳑
okgvuu	𩳒
okgvli	𩳓
okxngv	𩳔
okgvto	𩳕
okgvju	𩳖
okgvwj	𩳚
okgvie	𩳛
okgvyz	𩳜
oktygv	𩳝
okgvqq	𩳞
okgvui	𩳟
okgvyj	𩳢
okgvqi	𩳣
okgvih	𩳤
okgvvi	𩳦
okyugv	𩳧
okgvug	𩳪
okllgv	𩳮
okgvii	𩳲
okgvld	𩳳
okgvgx	𩳴
okyegv	𩳶
okgvww	𩳷
okgvmn	𩳸
okgvjp	𩳻
okkegv	𩳼
okiygv	𩳽
okgvmm	𩳾
okbwgv	𩳿
okgvve	𩴀
okgvxm	𩴁
okgvvs	𩴂
okgvji	𩴃
okgvbm	𩴄
okgvqi	𩴅
okgvua	𩴇
okgvyr	𩴉
okgvia	𩴊
okgvjm	𩴌
okgvsz	𩴍
okgvji	𩴎
okgvlv	𩴐
okgvcj	𩴑
okqlgv	𩴒
okgvys	𩴔
okvjgv	𩴕
okjrgv	𩴖
okgvjb	𩴗
okgviu	𩴘
okgvuf	𩴙
okgvdg	𩴝
okgvww	𩴞
okuegv	𩴟
okgvlb	𩴠
okgvgu	𩴡
okgvln	𩴤
okxugv	𩴥
okjmgv	𩴦
okgvjn	𩴧
okgvyj	𩴩
okjigv	𩴪
okmdgv	𩴬
okgvww	𩴰
okbbgv	𩴱
okmggv	𩴲
okgvca	𩴳
okgvjm	𩴵
okgvxu	𩴶
okyigv	𩴷
okgvbb	𩴸
okgvvd	𩴹
okmdgv	𩴺
okyhgv	𩴽
okgvmp	𩴾
okgvqu	𩵅
okgvzj	𩵆
okgvlo	𩵇
okgvjt	𩵈
okyuji	𩽹
okyufu	𩽺
okyufu	𩽻
okyujy	𩽼
okyuvd	𩽽
okyuan	𩽾
okyudo	𩽿
okyuqq	𩾁
okyuuz	𩾂
okyumm	𩾃
okyuxy	𩾄
okyutu	𩾅
okyuni	𩾆
okyuhu	𩾇
okyuuu	𩾈
okyuxu	𩾊
okyuvs	𩾋
okyukh	𩾌
okyuyz	𩾎
okyurf	𩵋
okyuln	𩵌
okyujq	𩵍
okyuyz	𩵎
okyubi	𩵏
okyuqi	𩵐
okyuba	𩵒
okyuli	𩵓
okyuye	𩵔
okyurf	𩵕
okyuxn	𩵖
okyusi	𩵗
okyutu	𩵘
okyuir	𩵙
okyutu	𩵚
okyzyu	𩵛
okyuge	𩵜
okyucd	𩵝
okyuqm	𩵞
okyugj	𩵟
okyunq	𩵠
okyuee	𩵡
okyuqm	𩵢
okyubu	𩵣
okyuuu	𩵤
okyuqr	𩵥
okyumu	𩵦
okyuqi	𩵧
okyurs	𩵨
okyufu	𩵩
okyuji	𩵪
okybyu	𩵫
okyudz	𩵬
okyuwh	𩵭
okucyu	𩵮
okyuho	𩵰
okyuwu	𩵱
okyuyc	𩵲
okwfyu	𩵳
okmuyu	𩵴
okyuvs	𩵵
okyryu	𩵶
okyufu	𩵹
okyuyt	𩵺
okyugz	𩵻
okyuyz	𩵼
okyuxb	𩵽
okyuvi	𩵾
okyuya	𩶀
okyubk	𩶁
okyunk	𩶂
okyuvu	𩶃
okyuuu	𩶄
okyudi	𩶅
okyuci	𩶆
okyuui	𩶇
okyuhu	𩶈
okyubu	𩶉
oksiyu	𩶊
okyumu	𩶋
okyuiu	𩶌
okyurj	𩶎
okyuwa	𩶏
okyubj	𩶐
okyubd	𩶑
okyumc	𩶒
okiyyu	𩶓
okmuyu	𩶔
okddyu	𩶕
okyumu	𩶖
okyuer	𩶗
okyuli	𩶘
okyuys	𩶙
okyujx	𩶛
okyuug	𩶜
okyuvg	𩶝
okyufj	𩶟
okyumz	𩶢
okyuvz	𩶣
okyuxm	𩶤
okyuis	𩶥
okyuzd	𩶦
okyujq	𩶧
okyurz	𩶩
okyuvi	𩶪
okyuxt	𩶫
okyusi	𩶬
okyuwu	𩶭
okruyu	𩶯
okyudo	𩶰
okyuvd	𩶱
okciyu	𩶲
okyuii	𩶴
okyule	𩶵
okyuhl	𩶶
okyugl	𩶸
okyurs	𩶺
okyuho	𩶻
okyuua	𩶼
okyulp	𩶽
okyuyb	𩶾
okjqyu	𩶿
okrfyu	𩷀
okyujl	𩷄
okyuhv	𩷆
okyulp	𩷈
okyuyi	𩷉
okyuuz	𩷊
okyuli	𩷋
okyuyi	𩷍
okyudi	𩷎
okyujk	𩷏
okyuju	𩷐
okyucf	𩷒
okyuvi	𩷓
okyuxb	𩷔
okyull	𩷕
okyubu	𩷖
okyukl	𩷗
okyuji	𩷘
okyuls	𩷙
okyubo	𩷚
okyujn	𩷛
okyugu	𩷝
okiuyu	𩷞
okyujx	𩷟
okyukh	𩷠
okjqyu	𩷡
okyuig	𩷣
okyubp	𩷤
okyuwo	𩷦
okyuii	𩷧
okyuxn	𩷨
okyuif	𩷩
okyujm	𩷪
okyuyr	𩷫
okklyu	𩷬
okyufg	𩷭
okwoyu	𩷯
okyuxy	𩷰
okyuji	𩷱
okyuww	𩷳
okyuty	𩷵
okyumh	𩷶
okyuvo	𩷹
okyufu	𩷺
okyuqr	𩷼
okyuda	𩷽
okyuqi	𩷾
okyupg	𩸀
okyubi	𩸁
okyuff	𩸂
okyutu	𩸃
okyugo	𩸄
okyufu	𩸅
okyuyj	𩸆
okyayu	𩸇
okyupi	𩸉
okyubo	𩸊
okyuya	𩸋
okyumk	𩸍
okyudk	𩸎
okyuru	𩸐
okyuql	𩸑
okyugh	𩸒
okboyu	𩸓
okxbyu	𩸔
okyuih	𩸕
okyayu	𩸖
okyufh	𩸗
okyugr	𩸘
okyuli	𩸙
okyuyy	𩸜
okssyu	𩸝
okyuqi	𩸞
okyuuz	𩸣
okyufu	𩸤
okyuyj	𩸥
okyuni	𩸦
okniyu	𩸧
okyuyi	𩸨
okyuwj	𩸩
okwjyu	𩸪
okyuiv	𩸫
okyupz	𩸬
okyuli	𩸭
okyufg	𩸮
okyuvo	𩸯
okyugu	𩸰
okyujb	𩸱
okyuui	𩸲
okyumw	𩸳
okyuvi	𩸴
okyuvg	𩸵
okyuyj	𩸶
okyuqi	𩸸
okyumi	𩸹
okyuhx	𩸽
okyuye	𩸾
okyuzz	𩹀
okyubk	𩹁
okyuww	𩹂
okyuke	𩹃
okyuhe	𩹄
okyuyk	𩹅
okyutk	𩹇
okyuvi	𩹈
okyufw	𩹉
okyugv	𩹍
okyuyb	𩹎
okyujl	𩹖
okyull	𩹗
okyupd	𩹘
okyumc	𩹛
okyuku	𩹜
okyudu	𩹝
okyunj	𩹞
okyund	𩹟
okyumm	𩹠
okyuah	𩹡
okyugo	𩹢
okqqyu	𩹤
okyufg	𩹥
okyudr	𩹨
okyufu	𩹩
okyumw	𩹪
okyuku	𩹬
okyuii	𩹭
okyumz	𩹮
okyuzd	𩹯
okyuvf	𩹰
okyuxu	𩹱
okyuvr	𩹲
okyuyc	𩹴
okyuth	𩹶
okyugv	𩹷
okyugs	𩹸
okyuvi	𩹹
okyuge	𩹺
okyuyj	𩹽
okyuna	𩹾
okyuge	𩹿
okyuji	𩺀
okiayu	𩺃
oknayu	𩺈
okyuii	𩺉
okyuhl	𩺊
okyumi	𩺍
okyujy	𩺐
okbjyu	𩺓
okyuvf	𩺘
okyusi	𩺛
okyuni	𩺝
okyush	𩺞
okyuhz	𩺟
okyubj	𩺡
okyuve	𩺢
okyuic	𩺣
okyusu	𩺤
okyuiu	𩺥
okyuiy	𩺦
okyufg	𩺨
okyuba	𩺩
okyubj	𩺪
okyujy	𩺫
okyuvv	𩺬
okyulu	𩺮
okzuyu	𩺯
okyuyu	𩺰
okyuni	𩺱
okyuua	𩺳
okyumj	𩺴
okyuuf	𩺵
okyubi	𩺷
okyuji	𩺺
okyugd	𩺻
okiiyu	𩺾
okyujk	𩺿
okyuzu	𩻀
okyumo	𩻁
okyuis	𩻃
okyuyu	𩻇
okyuua	𩻈
okyuli	𩻌
okwwyu	𩻍
okyuij	𩻏
okyuli	𩻑
okyuli	𩻒
okyutu	𩻓
okyuui	𩻔
okyuyj	𩻖
okyubu	𩻗
okyuxm	𩻘
okyuwu	𩻚
okyuxy	𩻝
okyuww	𩻟
okyuts	𩻡
okyuij	𩻣
okyuhw	𩻤
okyugo	𩻧
okihyu	𩻪
okyupg	𩻬
okyuyi	𩻭
okyuhx	𩻮
okyuvh	𩻰
okyujk	𩻱
okyudd	𩻸
okyuic	𩻹
okyubw	𩻺
okyuln	𩻻
okyuhx	𩻽
okyujm	𩻾
okyuww	𩼀
okyudz	𩼁
okyujk	𩼃
okyuns	𩼅
okyugo	𩼆
okyucj	𩼇
okyuao	𩼈
okyudh	𩼉
okyuye	𩼋
okyuww	𩼌
okyupi	𩼎
okyuse	𩼒
okyulm	𩼔
okyulm	𩼖
okyuiz	𩼗
okyuge	𩼙
okyugj	𩼛
okyuuu	𩼟
okjpyu	𩼠
okpiyu	𩼢
okyugo	𩼣
okyuju	𩼦
okyubb	𩼧
okyuyi	𩼨
okyutr	𩼯
okyuci	𩼰
okyujm	𩼳
okyjyu	𩼴
okyuln	𩼶
okyudv	𩼷
okdvyu	𩼸
okyuyu	𩼹
okyuch	𩼺
okyuli	𩼽
okyuuw	𩽀
okyulb	𩽂
okyuvi	𩽄
okyumd	𩽆
okyuyz	𩽇
okyulu	𩽈
okyuuz	𩽉
okyulw	𩽊
okyuuu	𩽋
okyuyi	𩽎
okyuli	𩽏
okyucj	𩽐
okyuyj	𩽒
okldyu	𩽓
okyudu	𩽖
okyuhv	𩽚
okyubo	𩽛
okyujm	𩽜
okyuqk	𩽡
okyuyk	𩽢
okyump	𩽣
okyuiz	𩽤
okyulj	𩽥
okyuul	𩽧
okyuqu	𩽩
okyunp	𩽪
okyulj	𩽭
okyuch	𩽮
okyulo	𩽰
okyubm	𩽲
okyudh	𩽳
okyuyj	𩽴
okyuli	𩽵
okyuba	𩽷
oknnqm	𪉁
okyynn	𪉂
okwfnn	𪉃
okiinn	𪉄
okuinn	𪉅
okvinn	𪉆
oknnxu	𪉇
okcinn	𪉈
okvlnn	𪉉
okhxnn	𪉊
okirnn	𪉋
okqqnn	𪉌
oktunn	𪉍
okhynn	𪉎
okmznn	𪉏
okyunn	𪉐
okaonn	𪉑
okbjnn	𪉒
oknnvf	𪉕
okhgnn	𩾏
oknnve	𩾐
okppnn	𩾑
oknnln	𩾒
oknner	𩾓
okqinn	𩾔
okbinn	𩾕
oknnnd	𩾖
okdnnn	𩾗
okiann	𩾘
oknnqi	𩾙
okdknn	𩾚
okjqnn	𩾛
oknnli	𩾜
oknngj	𩾝
okwjnn	𩾞
okxnnn	𩾟
okjinn	𩾠
oknnuc	𩾡
okyinn	𩾢
okirnn	𩾣
okqinn	𩾥
okglnn	𩾦
oknnir	𩾧
okfjnn	𩾨
oknnji	𩾩
okdann	𩾪
oknngs	𩾫
oknngs	𩾬
okqmnn	𩾭
okmenn	𩾮
okuvnn	𩾯
okvinn	𩾰
oknnmc	𩾱
okwunn	𩾲
oknnmm	𩾳
oknnjp	𩾴
okyznn	𩾵
oknnji	𩾶
okgenn	𩾷
okzenn	𩾸
okhxnn	𩾹
okjknn	𩾺
okqinn	𩾻
okuvnn	𩾼
oknnxb	𩾽
okycnn	𩾾
okfunn	𩾿
okvsnn	𩿀
oknnqr	𩿁
okmcnn	𩿂
okyynn	𩿃
okpjnn	𩿄
okgsnn	𩿅
okhunn	𩿇
okffnn	𩿈
oknnff	𩿉
okytnn	𩿊
okhunn	𩿍
okyunn	𩿎
okulnn	𩿏
okjinn	𩿑
oknnnq	𩿓
okfjnn	𩿔
oknnyy	𩿖
okyunn	𩿗
oknnmc	𩿘
oknnge	𩿙
oknndz	𩿚
okqrnn	𩿛
okhvnn	𩿜
okjunn	𩿝
okvann	𩿞
okqunn	𩿟
oknnyt	𩿠
oknntd	𩿡
okvunn	𩿢
okmonn	𩿣
okvann	𩿤
okernn	𩿥
okvinn	𩿦
okfunn	𩿧
okqqnn	𩿨
okiunn	𩿩
okiinn	𩿪
okyznn	𩿬
okuunn	𩿯
okytnn	𩿰
okyunn	𩿱
okwwnn	𩿲
okvgnn	𩿳
oknngu	𩿵
okyhnn	𩿶
okppnn	𩿷
okqnnn	𩿸
okqunn	𩿹
okwann	𩿺
okbwnn	𩿻
oknnjx	𩿼
okysnn	𩿾
okiunn	𩿿
okbcnn	𪀀
oknnjx	𪀁
oknnyz	𪀂
okvjnn	𪀄
okgxnn	𪀅
okuinn	𪀆
oknnpi	𪀇
okwjnn	𪀈
okkenn	𪀉
oknnju	𪀊
oknnjx	𪀋
oknnjx	𪀌
oknndi	𪀍
okuinn	𪀎
oknnju	𪀏
oknnfj	𪀐
okpinn	𪀑
oknnvi	𪀒
oknndo	𪀓
oknnsi	𪀔
okyinn	𪀕
okwwnn	𪀗
okjlnn	𪀘
okyunn	𪀙
oknnrs	𪀚
okgsnn	𪀛
okcinn	𪀜
okninn	𪀝
okhlnn	𪀞
okhvnn	𪀟
oknnxy	𪀠
okfunn	𪀢
okuann	𪀣
oknnjl	𪀤
okvdnn	𪀥
okuinn	𪀦
oklcnn	𪀧
okdonn	𪀩
okxqnn	𪀪
okhvnn	𪀬
oktsnn	𪀭
okhcnn	𪀮
okglnn	𪀯
okyinn	𪀰
okjrnn	𪀲
oknnmi	𪀳
oknnyu	𪀴
okrsnn	𪀵
okxmnn	𪀷
oknnui	𪀸
okxinn	𪀹
okpbnn	𪀻
okrfnn	𪀼
okxynn	𪀽
okirnn	𪀾
okminn	𪀿
okyunn	𪁀
okyinn	𪁂
okjmnn	𪁃
oknnji	𪁄
oksenn	𪁅
oknnhz	𪁆
okisnn	𪁇
okvlnn	𪁈
oknnjn	𪁉
okvenn	𪁊
okignn	𪁋
okiinn	𪁌
okjpnn	𪁍
okxnnn	𪁎
okcfnn	𪁏
oklinn	𪁐
okdvnn	𪁑
oknnls	𪁒
okvinn	𪁓
oklcnn	𪁔
okwonn	𪁕
okqqnn	𪁖
oknnyi	𪁗
okwhnn	𪁘
okwunn	𪁙
okyinn	𪁛
okllnn	𪁜
okdznn	𪁞
okhjnn	𪁟
okfhnn	𪁢
okddnn	𪁣
okuinn	𪁥
okifnn	𪁧
oknnyi	𪁨
oknndi	𪁩
oklsnn	𪁪
oknnjp	𪁫
oknnfu	𪁭
okxqnn	𪁮
okvinn	𪁰
okilnn	𪁱
okiunn	𪁲
oklvnn	𪁳
oknngu	𪁴
okjunn	𪁵
okgonn	𪁶
oknnql	𪁸
oknnfw	𪁹
okuhnn	𪁺
okxinn	𪁻
okbonn	𪁼
okzunn	𪁽
okssnn	𪁿
oknnfu	𪂀
okminn	𪂁
okvonn	𪂂
oknnbw	𪂃
okiinn	𪂄
okvinn	𪂅
okhynn	𪂆
okihnn	𪂇
okyjnn	𪂈
okhonn	𪂉
oknnto	𪂊
oknnvz	𪂋
okdann	𪂌
oknnxl	𪂎
okfwnn	𪂏
okdinn	𪂑
okhunn	𪂒
okjunn	𪂔
okyunn	𪂕
okfunn	𪂖
oknnpg	𪂙
oknnlu	𪂚
okqinn	𪂛
okmwnn	𪂜
oknnds	𪂝
okfwnn	𪂞
okbinn	𪂟
okgonn	𪂠
okmknn	𪂡
okannn	𪂢
okvvnn	𪂣
okmknn	𪂤
okfunn	𪂥
okwjnn	𪂦
oknnwj	𪂧
oklinn	𪂩
okvznn	𪂪
okhunn	𪂬
oknnwj	𪂭
okgunn	𪂮
oknngu	𪂯
oknndi	𪂰
oknnvo	𪂱
okgunn	𪂲
oknnky	𪂳
oknnqk	𪂴
okhonn	𪂵
okxmnn	𪂶
okiynn	𪂹
okjinn	𪂺
okxlnn	𪂼
okpfnn	𪂽
okuinn	𪂾
oknnui	𪂿
oknngo	𪃀
okbcnn	𪃁
oklqnn	𪃂
okfunn	𪃃
oksinn	𪃄
okxtnn	𪃅
oknnzz	𪃆
okqinn	𪃈
okyhnn	𪃌
okyunn	𪃍
okyunn	𪃎
okmznn	𪃏
oknnmn	𪃐
okmcnn	𪃑
okdunn	𪃒
okfunn	𪃓
oklonn	𪃕
oknnxr	𪃗
okzdnn	𪃘
okvenn	𪃙
okyjnn	𪃛
okddnn	𪃝
oknnmn	𪃞
okhsnn	𪃡
oknjnn	𪃢
okiynn	𪃣
okmnnn	𪃦
okmnnn	𪃧
okyznn	𪃨
okqqnn	𪃩
okyunn	𪃪
okqqnn	𪃬
okkenn	𪃭
okwunn	𪃮
okyrnn	𪃰
okhznn	𪃱
oknnve	𪃲
okyknn	𪃳
oknnia	𪃵
okhznn	𪃶
okyenn	𪃸
okjinn	𪃹
okgznn	𪃺
okmdnn	𪃻
okxinn	𪃼
okfunn	𪃽
okrsnn	𪃾
okgenn	𪃿
okbjnn	𪄀
okyrnn	𪄁
okxxnn	𪄂
okdnnn	𪄄
okuann	𪄅
okfunn	𪄇
oknnqb	𪄈
okgsnn	𪄌
okgenn	𪄎
okbnnn	𪄒
oknngv	𪄔
okbjnn	𪄕
okqinn	𪄖
oknnxi	𪄛
okuinn	𪄜
oknnwu	𪄝
oknniu	𪄞
okvjnn	𪄡
okhcnn	𪄣
oktcnn	𪄤
oknngu	𪄥
oknnia	𪄦
oknnni	𪄧
okucnn	𪄨
oknnsy	𪄩
oktunn	𪄫
okyunn	𪄮
okgvnn	𪄯
okdinn	𪄱
okuhnn	𪄲
okmdnn	𪄳
okmbnn	𪄴
okjinn	𪄵
okxinn	𪄶
okzenn	𪄸
okihnn	𪄹
oknnis	𪄻
okwwnn	𪄼
okjbnn	𪅀
okisnn	𪅁
okvhnn	𪅂
okpnnn	𪅃
oklvnn	𪅄
okltnn	𪅅
oklinn	𪅆
oklknn	𪅋
oklinn	𪅌
okycnn	𪅎
okmonn	𪅐
okjknn	𪅑
okqtnn	𪅓
okhlhl	𪅔
okicnn	𪅕
okisnn	𪅖
oknnvr	𪅘
okiinn	𪅙
oknnlz	𪅛
oknncs	𪅜
oknnnn	𪅝
oknnys	𪅟
okxqnn	𪅠
okjmnn	𪅤
oknngo	𪅦
okdvnn	𪅧
okyinn	𪅨
okcjnn	𪅩
okgonn	𪅪
okyunn	𪅫
okyjnn	𪅬
okxqnn	𪅭
okminn	𪅮
okfgnn	𪅯
okuunn	𪅰
okuunn	𪅱
okeenn	𪅴
okihnn	𪅶
okjpnn	𪅸
oknnji	𪅹
okhznn	𪅺
okqinn	𪅾
oksvnn	𪅿
okvznn	𪆀
oksinn	𪆁
okqunn	𪆂
okdynn	𪆃
oknnjn	𪆄
okisnn	𪆊
okjpnn	𪆋
okyznn	𪆎
oknnts	𪆏
okjinn	𪆐
okyjnn	𪆒
oknnyi	𪆖
oksinn	𪆗
okicnn	𪆘
okjtnn	𪆙
okyynn	𪆚
okxunn	𪆛
okuunn	𪆜
okdynn	𪆝
oklbnn	𪆞
okfunn	𪆠
oknknn	𪆢
okjknn	𪆣
okhwnn	𪆤
oknnjn	𪆥
okxunn	𪆦
oknnyt	𪆧
okjqnn	𪆩
oknnqu	𪆫
oknnlu	𪆬
oknnsu	𪆭
oknsnn	𪆯
okgenn	𪆰
okjxnn	𪆲
oknnjy	𪆳
okkvnn	𪆴
okcjnn	𪆶
okhxnn	𪆸
okgonn	𪆹
okvjnn	𪆻
oklwnn	𪆼
oklunn	𪆽
okgunn	𪇀
okdhnn	𪇁
oknnuu	𪇆
okqmnn	𪇇
okainn	𪇈
okysnn	𪇉
oknnpi	𪇊
oknnww	𪇋
oknnns	𪇌
oknngo	𪇍
okjbnn	𪇎
okjlnn	𪇏
okxynn	𪇑
okjknn	𪇒
okmgnn	𪇓
okcinn	𪇔
okbbnn	𪇕
okjmnn	𪇖
okgunn	𪇗
okuznn	𪇘
okhonn	𪇡
oknnqi	𪇥
oknnpu	𪇨
okybnn	𪇩
okvdnn	𪇪
oknnkv	𪇫
okyunn	𪇬
okcdnn	𪇭
oklunn	𪇯
okbcnn	𪇰
oklenn	𪇱
oknnvf	𪇳
okmpnn	𪇴
okglnn	𪇵
okjnnn	𪇶
oklvnn	𪇸
okuwnn	𪇻
okvfnn	𪈁
oklunn	𪈂
okmgnn	𪈆
okqmnn	𪈇
okdunn	𪈌
okldnn	𪈎
okyjnn	𪈏
okldnn	𪈐
oknnlu	𪈒
okxtnn	𪈔
oklsnn	𪈗
okhsnn	𪈘
oknnxt	𪈙
oklvnn	𪈜
okxtnn	𪈟
okyknn	𪈠
okyunn	𪈡
oknnyk	𪈤
okxynn	𪈧
okljnn	𪈭
okhonn	𪈯
oklonn	𪈰
oknnli	𪈳
okjtnn	𪈴
okgrnn	𪈸
okuunn	𪈺
okqrnn	𪈻
okyknn	𪈾
okmjnn	𪈿
oklutu	𪉖
okluda	𪉗
okluuu	𪉘
oklumc	𪉚
oklurs	𪉛
okluvj	𪉜
okmclu	𪉝
oklumb	𪉟
okluwu	𪉠
okludz	𪉣
okyhlu	𪉤
oklumw	𪉥
okluyj	𪉧
okluih	𪉨
oklufg	𪉪
okqllu	𪉬
okluww	𪉭
okluzz	𪉮
okluuf	𪉯
okluyu	𪉰
oklubm	𪉱
okxmlu	𪉳
oklumz	𪉴
okialu	𪉵
okluwf	𪉸
okluij	𪉺
okislu	𪉻
oklumj	𪉽
oklumb	𪉾
oklugj	𪉿
okluww	𪊃
oklugj	𪊄
oklujb	𪊅
okluqi	𪊆
oklujm	𪊇
okluxl	𪊊
okluji	𪊋
oklujq	𪊌
oklusi	𪊍
okluwf	𪊎
okluqr	𪊏
oklufu	𪊐
oklukd	𪊑
okluyt	𪊒
okluwf	𪊓
okluqi	𪊔
oklubi	𪊕
okluwu	𪊖
okluuz	𪊗
okluyi	𪊘
okluwf	𪊙
okluba	𪊚
okluyz	𪊛
oklubf	𪊜
okluba	𪊝
okluui	𪊞
okluug	𪊟
okbwlu	𪊠
oklubc	𪊡
okluui	𪊢
oklumu	𪊣
okluju	𪊤
oklugf	𪊥
okluyb	𪊦
oklugv	𪊧
okluvi	𪊨
okluhz	𪊪
okluer	𪊫
okluyi	𪊬
okluyu	𪊮
oklupb	𪊯
okluzi	𪊰
okluge	𪊲
okluyi	𪊳
okluqy	𪊴
oklujk	𪊵
oklutk	𪊶
okluxn	𪊷
okluyu	𪊸
okluvu	𪊹
oklulb	𪊺
okluky	𪊽
oklubw	𪊾
oklugu	𪊿
okluie	𪋀
okluui	𪋁
oklumu	𪋂
oklukl	𪋃
okluqu	𪋄
okluwj	𪋅
okluky	𪋆
okluvv	𪋇
oklumi	𪋈
okluyu	𪋉
oklugo	𪋊
oklubk	𪋋
okluzu	𪋌
okluyz	𪋎
okluve	𪋏
okluve	𪋑
okluxl	𪋒
oklufg	𪋖
oklumi	𪋗
oklucc	𪋛
oklubi	𪋜
oklusu	𪋝
oklunn	𪋞
okluvh	𪋟
oklull	𪋥
okffli	𪋨
okluuu	𪋩
oklulk	𪋪
okluye	𪋫
okluyu	𪋬
oklilk	𪋭
okluyu	𪋮
okluxu	𪋯
okluuu	𪋰
oklufg	𪋴
okluyj	𪋹
okmdbi	𪋼
okmdqn	𪋽
okmdli	𪋾
okmdbu	𪋿
okmdln	𪌀
okmdwh	𪌁
okmdto	𪌂
okmdgj	𪌃
okmdsi	𪌄
okmdnw	𪌅
okmdfj	𪌆
okmdqi	𪌇
okmdbi	𪌈
okmddz	𪌉
okmdgk	𪌊
okmdty	𪌋
okmdho	𪌌
okmdjb	𪌍
okmdmu	𪌎
okmdpu	𪌏
okmduz	𪌐
okmdwf	𪌑
okmdqm	𪌒
okmduu	𪌓
okmdmu	𪌔
okmdvc	𪌕
okmdju	𪌖
okmdhe	𪌗
okmdvu	𪌘
okmdwu	𪌙
okmdbm	𪌚
okmdkz	𪌛
okmdug	𪌜
okmdyt	𪌝
okmdyu	𪌞
okmdva	𪌟
okmdts	𪌢
okmdge	𪌣
okmddv	𪌤
okmdhv	𪌦
okmdji	𪌧
okmdue	𪌩
okmdvc	𪌪
okmddo	𪌫
okmdmi	𪌬
okmdyr	𪌭
okmdua	𪌮
okmdxn	𪌯
okmdbo	𪌰
okmdli	𪌱
okjqmd	𪌲
okmdzo	𪌴
okmdqq	𪌵
okmduu	𪌶
okmdbu	𪌷
okmdxi	𪌹
okmdjy	𪌺
okmdys	𪌻
okmdky	𪌽
okmdbw	𪌾
okmdnm	𪌿
okmdqi	𪍀
okmdks	𪍂
okmdhu	𪍃
okmdlu	𪍄
okmdye	𪍅
okmdvv	𪍇
okmdvo	𪍈
okmdbn	𪍊
okmdgo	𪍌
okmdyu	𪍍
okmdke	𪍎
okmdfu	𪍏
okmdye	𪍐
okmdqq	𪍑
okmdhu	𪍒
okmdvf	𪍕
okmdqq	𪍗
okmdrz	𪍚
okmdxp	𪍛
okmdwf	𪍝
okmdbw	𪍞
okmdso	𪍟
okmdvr	𪍡
okmdlz	𪍣
okmdmo	𪍤
okmdlm	𪍦
okxrmd	𪍧
okmdic	𪍨
okmdmj	𪍩
okmdbi	𪍪
okmdua	𪍬
okmdao	𪍮
okmdlw	𪍯
okmdti	𪍲
okmdsv	𪍳
okmdlb	𪍴
okmdtj	𪍵
okmduj	𪍶
okmdqn	𪍷
okmduu	𪍹
okzcmd	𪍻
okmdzc	𪍽
okmdgl	𪍿
oklsmd	𪎁
okxtmd	𪎃
okmdbo	𪎄
okmdsa	𪎅
okmdlo	𪎆
okmdyi	𪎈
okmdjm	𪎉
okmduc	𪎊
okmdvj	𪎋
okmdld	𪎌
okmdzs	𪎏
okmddd	𪎐
okmaji	𪎑
okglfj	𪎒
okrfma	𪎓
okmags	𪎔
okmaff	𪎕
okmaho	𪎖
okmari	𪎗
okmapu	𪎘
okmakd	𪎙
okmauz	𪎚
okmayr	𪎛
okmadm	𪎜
okmabf	𪎝
okmayh	𪎞
okmatm	𪎟
okmado	𪎠
okmavu	𪎡
okmaxi	𪎢
okmalq	𪎣
okwoma	𪎤
okmayi	𪎥
okmalb	𪎦
okmayi	𪎧
okyuma	𪎨
okmago	𪎩
okmaiu	𪎪
okmirf	𪎫
okmauu	𪎭
okmiuz	𪎮
okmagv	𪎯
okmabf	𪎰
okmaxu	𪎱
okhlyz	𪎳
okhlkh	𪎵
okhlty	𪎶
okhlmc	𪎷
okhlrs	𪎸
okhlyr	𪎹
okhlii	𪎺
okhlig	𪎻
oktshl	𪎼
okhlis	𪎽
okhlue	𪎾
okhler	𪎿
okhlvi	𪏀
okhljn	𪏁
okhldz	𪏄
okhljk	𪏅
okxlhl	𪏆
okhlho	𪏇
okhlxi	𪏈
okhldk	𪏉
okhlyj	𪏋
okhlvv	𪏌
okvzhl	𪏎
okhlhu	𪏐
okbohl	𪏑
okbwhl	𪏒
okhlhl	𪏓
okhlye	𪏔
okhljy	𪏕
okhlbm	𪏗
okhlvs	𪏘
okhlyr	𪏚
okhlng	𪏛
okhlwu	𪏝
okhlyu	𪏞
okhlmo	𪏟
okhlkh	𪏢
okhlho	𪏤
okhxhl	𪏥
okhluu	𪏦
okhlgl	𪏪
okuunv	𪏮
okuuri	𪏰
okuuxi	𪏱
okuuiz	𪏲
okuuhu	𪏳
okuujb	𪏴
okuuwu	𪏵
okuubc	𪏶
oknuuu	𪏷
okuuni	𪏸
okuuhu	𪏹
okuubi	𪏺
okuugu	𪏻
okuugj	𪏽
okuuvu	𪏿
okuudo	𪐀
okuurf	𪐁
okuujr	𪐂
okuufg	𪐃
okuubw	𪐄
okuubi	𪐆
okuuvs	𪐈
okuuhu	𪐉
okuujm	𪐋
okuuni	𪐌
okuulm	𪐍
okuuma	𪐎
okuudi	𪐏
okuuuu	𪐐
okuuyi	𪐔
okuuls	𪐖
okhwyi	𪐘
okhwbu	𪐙
okhwqn	𪐚
okhwdc	𪐛
okhwqi	𪐜
okhwda	𪐝
okhwto	𪐞
okhwwj	𪐟
okdahw	𪐡
okhwtu	𪐢
okhwzi	𪐣
okhwyz	𪐤
okhwtd	𪐥
okhwkh	𪐦
okhwyu	𪐧
okhwrs	𪐨
okhwho	𪐩
okhwwf	𪐫
okhwyr	𪐬
okhwxi	𪐭
okhwuu	𪐮
okhwgz	𪐯
okwfhw	𪐰
okhwjp	𪐱
okhwvf	𪐲
okhwvu	𪐴
okhwqp	𪐵
okhwyt	𪐶
okhwxr	𪐷
okhwlk	𪐸
okhwhe	𪐺
okhwfu	𪐻
okhwbc	𪐼
okiuhw	𪐽
okhwui	𪐾
okhwjl	𪐿
okhwhv	𪑀
okhwyi	𪑁
okhwua	𪑂
okhwhv	𪑅
okhwuu	𪑆
okhwhe	𪑇
okhwjm	𪑈
okhwxn	𪑊
okhwgu	𪑌
okhwyu	𪑏
okwwhw	𪑐
okhwyb	𪑑
okhwxl	𪑒
okhwyj	𪑓
okhwlu	𪑔
okhwhy	𪑕
okhwbf	𪑖
okhwqp	𪑗
okhwjb	𪑙
okhwld	𪑚
okhwvi	𪑜
okhwho	𪑝
okcihw	𪑟
okhwli	𪑠
okhwnm	𪑡
okhwhe	𪑦
okhwye	𪑧
okhwnd	𪑨
okgrhw	𪑪
okhwsv	𪑫
okhwtk	𪑬
okhwkv	𪑭
okhwnj	𪑮
okhwlv	𪑯
okhwpk	𪑰
okhwwu	𪑱
okhwyr	𪑲
okhwvf	𪑳
okhwyu	𪑴
okhwrz	𪑶
okhwye	𪑸
okhwjp	𪑹
okhwhz	𪑻
okhwjm	𪑼
okhwid	𪑽
okhwru	𪑾
okhwzi	𪑿
okbjhw	𪒀
okhwyu	𪒃
okhwmk	𪒄
okhwqb	𪒆
okhwqi	𪒉
okhwvi	𪒊
okhwbj	𪒋
oklbhw	𪒍
okhwlu	𪒏
okhwmi	𪒐
okhwze	𪒑
okhwys	𪒒
okhwli	𪒔
okhwuf	𪒗
okhwdg	𪒘
okhwzv	𪒙
okuuhw	𪒚
okhwdv	𪒛
okhwhv	𪒜
okhwyy	𪒝
okhwzg	𪒟
okhwgj	𪒠
okhwdd	𪒡
okhwtj	𪒤
okhwyt	𪒥
okhwsv	𪒩
okhwwj	𪒪
okhwqm	𪒫
okhwns	𪒬
okhwqb	𪒭
okhwdm	𪒮
okhwbf	𪒰
okhwai	𪒱
okhwye	𪒲
okhwyr	𪒳
okhwtd	𪒴
okhwdv	𪒶
okhwvf	𪒹
okhwcd	𪒼
okhwlw	𪒽
okhwli	𪓀
okhwtj	𪓂
okhwxl	𪓃
okhwch	𪓅
okhwdm	𪓇
okhwnp	𪓈
okppmm	𪓑
okjqmm	𪓒
okjqmm	𪓓
okccmm	𪓔
oklqmm	𪓖
okfumm	𪓗
okrjmm	𪓚
okyhmm	𪓛
okpimm	𪓜
okmmju	𪓞
okjumm	𪓟
okbcmm	𪓠
okjqmm	𪓢
okyrmm	𪓣
okyumm	𪓦
okifmm	𪓧
okjumm	𪓩
okmmig	𪓪
okujmm	𪓫
okermm	𪓬
okvomm	𪓭
okhemm	𪓮
okmimm	𪓯
okqqmm	𪓰
okmmmm	𪓱
okwfmm	𪓲
okqqmm	𪓵
okximm	𪓷
oklqmm	𪓸
okmamm	𪓹
okdjmm	𪓼
okdjmm	𪓽
okermm	𪓿
okkldk	𪔃
oktudk	𪔄
okkzdk	𪔅
okdkgj	𪔆
okmudk	𪔇
okdkhv	𪔊
okgutu	𪔋
oktugu	𪔌
okgufg	𪔍
okguyy	𪔎
okgugu	𪔐
okguui	𪔑
oksigu	𪔒
okguvc	𪔓
okgujl	𪔔
okgufz	𪔕
okguis	𪔖
okguyb	𪔗
okguva	𪔘
okguyh	𪔙
okguts	𪔚
okguvc	𪔛
okguys	𪔜
okgujn	𪔝
okgufg	𪔞
okguui	𪔟
oknsgu	𪔠
okbwgu	𪔡
okguks	𪔣
okguds	𪔦
okguyb	𪔧
okguge	𪔨
okguxm	𪔩
okgubf	𪔭
okguhe	𪔮
okguqi	𪔯
okguyr	𪔱
okgufg	𪔲
oklsgu	𪔳
okguls	𪔴
okgubf	𪔵
okguls	𪔷
okuudn	𪔸
okuudc	𪔹
okuurf	𪔺
okuuwf	𪔻
okuujq	𪔼
okuuyb	𪔽
okuukd	𪔾
okuupu	𪔿
okuuyr	𪕀
okuurs	𪕁
okuuuu	𪕂
okuufh	𪕃
okuuty	𪕅
okuuqm	𪕆
okuukh	𪕇
okuuri	𪕈
okuuhu	𪕉
okciuu	𪕊
okuumc	𪕋
okuulk	𪕌
okuujs	𪕍
okuuxt	𪕏
okuuvj	𪕐
okuuci	𪕑
okuubk	𪕒
okuugl	𪕓
okuuer	𪕔
okuuis	𪕕
okuuji	𪕖
okgluu	𪕗
okgeuu	𪕘
okuuts	𪕙
okuuhj	𪕛
okuuwu	𪕜
okuuzu	𪕝
okuuqy	𪕞
okuufu	𪕟
okuulk	𪕠
okwuuu	𪕡
okuujk	𪕣
okuujs	𪕥
okuudi	𪕧
okuuer	𪕨
okuuyi	𪕩
okvvuu	𪕪
okuuyh	𪕫
okuudi	𪕬
okuuhe	𪕭
okhuuu	𪕮
okuuye	𪕯
okuuxx	𪕰
okuuhu	𪕱
okuufu	𪕲
okuusi	𪕳
okuufg	𪕴
okuuui	𪕵
okuuyi	𪕶
okuuth	𪕹
okuubc	𪕺
oksiuu	𪕻
okjmuu	𪕼
okuuiu	𪕾
okuuqt	𪖀
okuucs	𪖁
okuuli	𪖂
okuujn	𪖄
okuubf	𪖅
okuufa	𪖆
okuufj	𪖇
okuusi	𪖉
okuuye	𪖊
okuujp	𪖋
okuulu	𪖌
okuuli	𪖍
okuuqu	𪖏
okbive	𪖐
okjqbi	𪖒
okbijq	𪖓
okbirf	𪖔
okyabi	𪖕
okbiwf	𪖖
okbiqm	𪖗
okbidz	𪖘
okbigz	𪖙
okbivj	𪖚
okbiqq	𪖛
okbipi	𪖞
okbigj	𪖟
okbivc	𪖠
okbiww	𪖡
okbigv	𪖢
okbivi	𪖣
okwwbi	𪖤
okbixi	𪖥
okbidi	𪖦
okbijx	𪖨
okxibi	𪖪
okbimw	𪖫
okmwbi	𪖬
okbide	𪖭
okbijp	𪖮
okbibm	𪖯
okbidi	𪖰
okbixx	𪖲
okbijm	𪖳
okbiqi	𪖴
okbilv	𪖶
okbilz	𪖹
okbiji	𪖺
okbiti	𪖽
okbiww	𪖾
okbiys	𪖿
okbixp	𪗀
okbili	𪗁
okqiyz	𪗅
okglqi	𪗆
okqiyt	𪗇
okqidd	𪗈
okqihe	𪗉
okiuqi	𪗊
okqiyi	𪗋
okqirz	𪗌
okqiqi	𪗍
okqiyu	𪗏
okiiba	𪗔
okiiui	𪗕
okrfii	𪗖
okiiji	𪗗
okiiuj	𪗘
okiigj	𪗙
okiikd	𪗛
okiikh	𪗜
okiinw	𪗝
okiiqi	𪗞
okiiqi	𪗟
okiige	𪗠
okiipu	𪗡
okiivx	𪗢
okiidj	𪗤
okiiwu	𪗥
okiivj	𪗦
okiiui	𪗧
okiiiu	𪗨
okiita	𪗩
okiisi	𪗪
okiiui	𪗫
okjxii	𪗬
oknuii	𪗭
okiihe	𪗮
okiiis	𪗯
okiixr	𪗰
okiigj	𪗳
okiinu	𪗵
okciii	𪗶
okiivi	𪗷
okiimk	𪗸
okiigv	𪗹
okiisi	𪗺
okiivi	𪗻
okiise	𪗼
okiiue	𪗽
okiiji	𪗾
okiilp	𪗿
okiibk	𪘀
okiihe	𪘁
okiiyz	𪘃
okisii	𪘅
okiixq	𪘆
okiihz	𪘇
okiivc	𪘈
okiido	𪘉
okiige	𪘊
okiili	𪘌
okiits	𪘍
okiiyj	𪘎
okzuii	𪘏
okiiwo	𪘐
okiiqy	𪘑
okiihj	𪘒
okzoii	𪘓
okveii	𪘔
oktoii	𪘕
okiijp	𪘖
okjxii	𪘘
okyjii	𪘙
okiiuu	𪘜
okiiif	𪘝
okiixn	𪘞
okiizo	𪘡
okiiww	𪘣
okviii	𪘥
okiizu	𪘧
okiild	𪘨
okiivv	𪘮
okiihu	𪘰
okiiyc	𪘱
okiiyi	𪘲
okiiqu	𪘳
okiilk	𪘵
okiimf	𪘶
okquii	𪘸
okiihe	𪘹
okiike	𪘺
okciii	𪘼
okiint	𪘽
okiiid	𪘿
okiixu	𪙀
okiiia	𪙁
okiigo	𪙃
okhfii	𪙈
okiiia	𪙉
okiijm	𪙊
okxpii	𪙌
okiivr	𪙍
okiich	𪙎
okiihd	𪙏
okiixp	𪙑
okiivj	𪙕
okiini	𪙛
okiivi	𪙜
okiijl	𪙝
okiiij	𪙞
okiijb	𪙟
okaoii	𪙠
okiicc	𪙡
okiidj	𪙣
okiizv	𪙦
okiiji	𪙧
okiijm	𪙨
okiixm	𪙩
okiixu	𪙫
okiizg	𪙭
okiige	𪙰
okiivi	𪙳
okiiyi	𪙴
okiidj	𪙵
okiiii	𪙹
okiiwj	𪙺
okiili	𪙽
okiilu	𪙾
oklmii	𪚀
oklmii	𪚁
okiibo	𪚂
okiilm	𪚄
okiijt	𪚅
okiizj	𪚇
okiibo	𪚈
okiidm	𪚉
okiixm	𪚋
okiiuu	𪚌
okiibk	𪚏
oklsjb	𪚑
okgjls	𪚒
okqrls	𪚓
oklsda	𪚔
okjbls	𪚕
okpmls	𪚖
okddls	𪚗
okdjls	𪚘
oklkls	𪚙
oklsvs	𪚚
oklsdz	𪚛
oklskd	𪚜
okgvls	𪚝
oklsyz	𪚞
oklswu	𪚠
okguls	𪚡
oklsfw	𪚢
oklswh	𪚤
okkzgv	𪚩
okxigv	𪚪
okgvjb	𪚬
okgvgz	𪚭
okhogv	𪚯
okgvho	𪚰
okhogv	𪚱
okgzgv	𪚵
okgvju	𪚶
okpigv	𪚷
okqugv	𪚸
okvugv	𪚹
okyhgv	𪚻
okhegv	𪚼
okgvds	𪚽
okcvgv	𪛂
oklugv	𪛅
okihgv	𪛆
okgvtu	𪛇
oklyjb	𪛊
oklyih	𪛋
oklyhu	𪛌
oklyyb	𪛏
oklylu	𪛓
oklygv	𪛕
okhger	𪜁
okhgwj	𪜂
okbuke	𪜄
okwjqm	𪜇
okuuto	𪜈
okvspk	𪜉
okdmve	𪜊
okndri	𪜌
okqmvc	𪜍
okqnkh	𪜎
okycni	𪜏
okyihx	𪜐
okmoyi	𪜑
okyiji	𪜒
okjmyi	𪜓
okjqqu	𪜔
okveve	𪜕
okxyhv	𪜖
okjqho	𪜗
okpove	𪜘
okrubu	𪜛
okbwln	𪜜
okyuqi	𪜝
okyyqb	𪜞
okuuyy	𪜟
okwffj	𪜠
okjqwh	𪜡
okwfjq	𪜢
oktklq	𪜦
okrfia	𪜧
okrfgz	𪜩
okrfiz	𪜫
okrfmu	𪜮
okrflk	𪜯
okrfhe	𪜰
okrfhe	𪜱
okrfii	𪜲
okrfmb	𪜳
okrfhs	𪜴
okrfvi	𪜵
okrfyb	𪜶
okrfzi	𪜸
okrfyu	𪜹
okrfvz	𪜺
okrfii	𪜻
okrfli	𪜽
okrfvu	𪜾
okrfjn	𪝀
okrgii	𪝁
okyuia	𪝃
okrfmw	𪝅
okrffh	𪝆
okrfuz	𪝈
okrftn	𪝉
okrfdi	𪝊
okrfxl	𪝋
okrfhu	𪝍
okxqlk	𪝎
okrfhz	𪝐
okrfwf	𪝑
okrfdr	𪝒
okrfyr	𪝔
okrfpf	𪝕
okrfgs	𪝖
okldyy	𪝗
okrfhe	𪝙
okrfhl	𪝚
okrfyb	𪝛
okrfui	𪝜
okrfvf	𪝝
okrfyi	𪝞
okrfro	𪝟
okrfmo	𪝡
okrfji	𪝣
okrfyb	𪝤
okrfve	𪝦
okjxge	𪝪
okrfsv	𪝬
okrfyu	𪝭
okxbxm	𪝮
okwwde	𪝯
okrfma	𪝰
okcvge	𪝱
okqqvu	𪝲
okrfhj	𪝳
okrfqm	𪝴
okrflq	𪝵
okrfni	𪝷
okpmmn	𪝹
okrfxx	𪝺
okdcsa	𪝻
okrfyk	𪝼
okvfye	𪝽
okglge	𪞀
okmmsi	𪞁
okmmzc	𪞂
okglxk	𪞃
okxmxn	𪞄
okistd	𪞅
okglcj	𪞆
okqrff	𪞇
okbagr	𪞈
okjigs	𪞉
okbauh	𪞊
okjmhe	𪞍
okklgu	𪞎
okbcwj	𪞏
okbcui	𪞓
okbkfj	𪞖
okbknw	𪞗
okbkjb	𪞘
okbkwf	𪞙
okbkii	𪞚
okbktm	𪞛
okbkbd	𪞜
okbkig	𪞞
oklgln	𪞠
okbkue	𪞡
okbkhu	𪞣
okbknm	𪞤
okbkzs	𪞥
okbkww	𪞦
oklgdd	𪞧
okbktk	𪞨
okbkfu	𪞪
okbkii	𪞫
okbkvh	𪞬
okbkyc	𪞭
okbklk	𪞮
okbkhc	𪞯
okbkil	𪞰
okuirs	𪞱
okjivj	𪞲
okgkji	𪞳
okjiji	𪞴
okjixt	𪞵
okiucc	𪞷
okiurf	𪞹
okiuru	𪞺
okfudc	𪞾
oktydc	𪞿
okdcfh	𪟀
okbadc	𪟁
okvjdc	𪟂
oknidc	𪟄
okjtdc	𪟅
okyudc	𪟆
okvedc	𪟈
okgedc	𪟋
okjmdc	𪟎
okffvg	𪟐
okzudc	𪟒
okjidc	𪟕
okjbdc	𪟖
okjxdk	𪟗
okqqli	𪟘
okgfli	𪟙
okmkli	𪟚
okuali	𪟜
okzeli	𪟝
oknjcd	𪟞
okybli	𪟠
oknjke	𪟡
okyili	𪟢
oknsnj	𪟤
okhxli	𪟥
oknjvv	𪟦
okbive	𪟨
okbitm	𪟩
okbwbu	𪟪
okbihl	𪟫
okklyt	𪟬
okquyi	𪟮
okklli	𪟯
okklxi	𪟱
okwuge	𪟳
okvowj	𪟵
okbjuh	𪟶
okvomz	𪟷
okbjph	𪟸
oksolk	𪟹
okvoyu	𪟺
okzuxy	𪟼
okwwbu	𪟾
okvobu	𪟿
okheer	𪠁
okyzji	𪠂
okihma	𪠃
okihdm	𪠄
okihji	𪠅
okihbk	𪠆
okihii	𪠇
okihvi	𪠋
okihqk	𪠌
okihih	𪠍
okyjpi	𪠏
okihvr	𪠑
okihhl	𪠓
okihww	𪠕
okhztd	𪠗
okihjp	𪠘
okquni	𪠝
okdoqu	𪠞
okcjyb	𪠟
okyihd	𪠠
okcjll	𪠡
okqugl	𪠢
okiayz	𪠣
okdcyz	𪠤
okyzyt	𪠥
okxiyz	𪠧
okjqyz	𪠨
okueyz	𪠩
okgrfj	𪠫
okfjzu	𪠭
okrsyz	𪠮
okquyz	𪠯
okkzyz	𪠲
okkzie	𪠳
okkzly	𪠵
okuikz	𪠷
okkzle	𪠸
okppkz	𪠹
okkzvi	𪠺
okkzlq	𪠻
okkzrz	𪠼
okkzdh	𪠽
okkzvz	𪠾
okkzvu	𪠿
okkzqn	𪡀
okkzis	𪡁
okkzmd	𪡃
okkzxx	𪡄
okkzni	𪡇
okkzbo	𪡈
oklvge	𪡉
okkzvi	𪡊
okkzqm	𪡋
oklbge	𪡍
oklklk	𪡎
okkzlm	𪡏
okyzhv	𪡐
okkeru	𪡑
okkzxk	𪡒
okkzky	𪡓
okwfwu	𪡕
okuiyb	𪡖
okkzxb	𪡗
okgudv	𪡜
okkzxl	𪡝
okkzgv	𪡞
okkzjy	𪡟
okkzqr	𪡠
okkzhs	𪡡
okpdkz	𪡤
okkzhs	𪡥
okkzqq	𪡧
okkzui	𪡨
okkzyr	𪡫
okbdgc	𪡬
okkzpw	𪡭
okyrmf	𪡯
okkzhc	𪡱
okpztd	𪡳
okkzji	𪡴
okkzjr	𪡵
okkzyr	𪡶
okkziu	𪡷
okkzjp	𪡸
okkzug	𪡾
okkzjk	𪡿
okkzbo	𪢁
okkzve	𪢂
okkzyi	𪢄
okkzwo	𪢅
oklbvi	𪢇
okhzlz	𪢈
okkzts	𪢉
okkzvs	𪢊
okkzlj	𪢌
okkzjp	𪢍
okkzug	𪢎
okiyii	𪢏
okkzld	𪢐
okkzuu	𪢒
okkzvv	𪢕
okkzwf	𪢖
okkzmi	𪢗
okkzla	𪢘
okkzco	𪢚
okyrvg	𪢛
okkzpu	𪢜
okkzde	𪢝
okgcqn	𪢡
okxiyi	𪢢
okximk	𪢣
okkzjn	𪢤
okkzbm	𪢥
okgewu	𪢦
okkztk	𪢧
okklwf	𪢨
okklpi	𪢩
okklyh	𪢪
okklie	𪢫
okklky	𪢬
okklbk	𪢭
okkllr	𪢮
okyrwj	𪢰
oktubu	𪢱
oktuyz	𪢲
okquve	𪢳
oktutu	𪢴
oktufj	𪢵
okwftu	𪢶
oktuwh	𪢷
oktuwu	𪢸
oktumc	𪢹
oktupu	𪢺
oktuyt	𪢻
oktuhx	𪢼
oktufg	𪢽
okhotu	𪢾
oktuuv	𪢿
oktuba	𪣀
oktuyy	𪣁
oktuks	𪣂
oktubk	𪣃
oktuui	𪣅
oktuds	𪣆
oktufj	𪣇
oktuys	𪣉
oktubi	𪣊
oktucy	𪣋
oktuer	𪣌
oktuvu	𪣎
oktuvz	𪣏
oktuvl	𪣐
oktuns	𪣑
oktujy	𪣒
oktuwu	𪣔
oktuke	𪣕
okiftu	𪣗
oktuwu	𪣘
oktuli	𪣛
oktuxq	𪣜
oktuzc	𪣝
oktuhj	𪣟
oktulb	𪣠
okwotu	𪣡
oktuwf	𪣢
oktujy	𪣣
oktuxi	𪣤
oktuwu	𪣥
oktumk	𪣦
oktuih	𪣧
oktukf	𪣩
oktuke	𪣫
oktugr	𪣬
okbotu	𪣭
oktuni	𪣮
oktuyi	𪣯
oklage	𪣱
oktumn	𪣲
oktuvg	𪣴
oktubw	𪣵
okxutu	𪣶
oktuhr	𪣷
okxutu	𪣸
oktutk	𪣹
oktuqx	𪣺
oktulz	𪣻
oktuyi	𪣼
okugbo	𪣽
oktung	𪣾
oktuyj	𪤃
oktuba	𪤄
oktudh	𪤅
oktuuj	𪤆
oktuch	𪤇
okbjtu	𪤈
oklhtu	𪤊
oktuli	𪤋
oktush	𪤌
oktuvj	𪤍
oktulm	𪤎
oktuji	𪤏
oktugo	𪤑
oktuhe	𪤒
oktumb	𪤓
oktuij	𪤕
oktujl	𪤖
oktulm	𪤚
oktuqn	𪤛
okyhtu	𪤝
oktulw	𪤠
oktuzc	𪤢
oktuyu	𪤣
oktulu	𪤤
oktuyi	𪤥
oktuyu	𪤧
oktubi	𪤨
oktuqi	𪤪
oklwtu	𪤬
oktuii	𪤭
oktuln	𪤮
oktulb	𪤰
okugge	𪤲
okyiyi	𪤴
okvglk	𪤶
okxijb	𪤷
okwdge	𪤸
okximi	𪤹
okdopi	𪤻
okxilh	𪤼
oklkdo	𪤽
okxiic	𪤾
okdave	𪥁
okdadc	𪥂
okfudk	𪥃
okmuda	𪥄
okdage	𪥅
okbkda	𪥇
okdapk	𪥈
oktmba	𪥉
okwwda	𪥊
okdaww	𪥋
okklda	𪥎
okiyui	𪥐
okndnd	𪥑
okivda	𪥒
okksda	𪥔
okdaqu	𪥕
okqmda	𪥗
okdsda	𪥝
okgdda	𪥞
okdvda	𪥡
okxihl	𪥣
okuhnv	𪥤
oknvge	𪥥
oknvhu	𪥦
oknvvi	𪥧
oknvri	𪥨
oknvpu	𪥩
oknvul	𪥫
oknvyy	𪥬
oknvjq	𪥮
okgenu	𪥯
oknvnk	𪥰
oknvci	𪥱
oknvdn	𪥳
okzinv	𪥴
oknvyu	𪥵
oknvbh	𪥶
okbonv	𪥷
okwuhc	𪥸
okjmfj	𪥻
oknvqi	𪥼
oknvih	𪥽
oknvmd	𪥿
oknvfh	𪦀
oknvdm	𪦃
oknvfg	𪦇
oknvdr	𪦋
oknvzi	𪦌
okwhgl	𪦍
oknvyj	𪦎
oknvji	𪦏
oknvqm	𪦒
oknvmm	𪦓
oknvch	𪦔
oknvdp	𪦕
oknvbd	𪦚
oknvve	𪦜
oknvuu	𪦝
oknvxi	𪦞
okhcyu	𪦟
oknvuu	𪦨
oknvyt	𪦪
oknvge	𪦫
oknvxm	𪦬
oknvyk	𪦯
oknvee	𪦰
oknvyk	𪦱
okuimd	𪦲
oknvjm	𪦴
okzivi	𪦶
okzige	𪦷
okzilq	𪦸
okziwf	𪦹
okzibd	𪦺
okhezi	𪦻
okzide	𪦼
okziui	𪦿
okziyk	𪧀
okzivi	𪧁
okxlvs	𪧃
okguww	𪧄
okbcii	𪧆
okbcpj	𪧇
okbctm	𪧈
okbcvf	𪧉
okbckz	𪧊
okbczu	𪧎
okbcbo	𪧐
okbcbo	𪧓
okbclz	𪧘
okziuz	𪧚
okbcao	𪧜
okmiys	𪧟
okmiqp	𪧠
okviuz	𪧡
okbczv	𪧨
okbcxb	𪧭
okbcsr	𪧯
okfuyz	𪧰
okhjji	𪧱
okbcyi	𪧴
okxicy	𪧷
oksiui	𪧸
okuicy	𪧺
okuebj	𪧻
okxycv	𪧾
oknwxn	𪧿
okxniu	𪨀
okfuxn	𪨁
okucpb	𪨄
okxnvi	𪨅
okwugv	𪨇
okyzsv	𪨈
okuics	𪨊
okiijx	𪨎
okuibu	𪨏
okjbtd	𪨐
okiiie	𪨑
okuigc	𪨓
okwwiu	𪨕
okwwjx	𪨖
okwwzo	𪨙
okpkvu	𪨚
okpkvi	𪨛
okiiuu	𪨜
okwwxl	𪨝
oklvza	𪨞
okwwpu	𪨟
oklvbj	𪨠
okujxx	𪨢
okujqi	𪨣
okxnuj	𪨤
okujye	𪨥
okujqi	𪨦
okujly	𪨧
okujbm	𪨨
okujva	𪨩
okujce	𪨪
okujmc	𪨫
okujxr	𪨬
okujhs	𪨭
okujhs	𪨮
okiguj	𪨯
okujqu	𪨰
okujvc	𪨱
okujfz	𪨲
okujxk	𪨳
okujvu	𪨴
okjiuj	𪨵
okujyj	𪨷
okujiv	𪨸
okujgo	𪨹
okujlg	𪨺
okujnd	𪨼
okujuz	𪨾
okujzu	𪩁
okujnj	𪩂
okujui	𪩃
okujhl	𪩅
okujxp	𪩆
okujlz	𪩇
okujvr	𪩉
okujen	𪩊
okujff	𪩋
okujqk	𪩌
okujvr	𪩍
okujyk	𪩎
okujlu	𪩏
okujan	𪩑
okujyi	𪩒
okujhx	𪩓
okujfa	𪩕
okujij	𪩖
okujxm	𪩘
okujhv	𪩚
okujqm	𪩞
okujli	𪩠
okirba	𪩡
okfzir	𪩢
okdags	𪩣
okjulp	𪩤
okjulb	𪩥
okjulb	𪩦
oktkju	𪩧
okjusv	𪩩
okjulm	𪩪
okiyji	𪩫
okbage	𪩬
okbald	𪩭
okbalk	𪩮
oksiij	𪩯
okbalj	𪩱
okjbwu	𪩳
okjbmf	𪩴
okxkfu	𪩵
okjbdj	𪩷
okjbbf	𪩸
okjbbd	𪩹
okvzgk	𪩺
okjbsu	𪩻
okjbww	𪩼
okjbyu	𪩽
okjbtj	𪩿
okuiid	𪪀
okgjjk	𪪁
okvogj	𪪂
okbkbk	𪪃
okpkrf	𪪄
okpkyj	𪪅
okpknm	𪪆
okpkph	𪪇
okbwnm	𪪈
okxkmb	𪪉
okycuc	𪪊
okglfu	𪪌
okglwf	𪪍
okglvg	𪪎
okgllu	𪪏
okhuwf	𪪐
okglqn	𪪑
okgljy	𪪒
okglfz	𪪓
okglji	𪪗
okglhc	𪪙
okglnt	𪪛
okglse	𪪞
okglhr	𪪟
okfuyi	𪪠
okgljm	𪪢
okmadj	𪪤
okglyi	𪪧
oknsuu	𪪩
okduii	𪪪
okviyu	𪪬
okvipk	𪪭
okvitm	𪪮
okvijk	𪪯
okvihl	𪪱
okgscc	𪪳
okqqcc	𪪵
okdicc	𪪶
okffcc	𪪷
okgskz	𪪺
okgsbk	𪪻
okgsbi	𪪼
okgsxt	𪪽
okgsqu	𪪿
okgsww	𪫀
okgsyb	𪫂
okdiyr	𪫃
okgsul	𪫄
okuvxt	𪫆
okxkfg	𪫊
okrfwf	𪫋
okrfls	𪫌
okrfvi	𪫍
okrftu	𪫐
okrfww	𪫑
oklvge	𪫓
okrfvr	𪫖
okfalv	𪫚
okxbqi	𪫝
okxbtu	𪫞
okxbmu	𪫟
okbixb	𪫠
okxbli	𪫡
okxbvi	𪫣
okxbyy	𪫤
okdnxb	𪫥
okxbzo	𪫦
okxbke	𪫧
okmuxb	𪫩
okxbjs	𪫪
okrfxb	𪫫
okxbvu	𪫬
okxbkc	𪫭
okxbbd	𪫮
oklvxb	𪫰
okffxb	𪫱
okxban	𪫲
okyixb	𪫳
oknsxb	𪫵
oknmge	𪫶
okuzxb	𪫷
okxbqt	𪫸
okxbgu	𪫹
okxbqm	𪫺
okxbwj	𪫻
okdmdv	𪫼
okxbvi	𪫿
okxbgk	𪬁
oksixb	𪬂
okxbyi	𪬃
okdhxb	𪬅
okfhxb	𪬆
okgoxb	𪬋
okjiba	𪬎
okxbxl	𪬏
okuzxb	𪬐
okxbuu	𪬔
okxbjb	𪬕
okxbuj	𪬖
okxbyi	𪬘
okxbjr	𪬙
okxbbb	𪬚
okrsxb	𪬛
okxbyh	𪬝
okbbxb	𪬟
okxbxm	𪬡
okxibi	𪬤
okuhxb	𪬥
okxbyb	𪬦
okjijk	𪬧
okxbll	𪬨
okxyxb	𪬩
okyige	𪬫
okkkvg	𪬭
okxbug	𪬮
okldxb	𪬯
okxbyr	𪬱
okffhf	𪬲
okwhyr	𪬳
okxbxb	𪬴
oksuxb	𪬵
okxbqm	𪬷
okxblm	𪬸
okffxm	𪬼
okjibw	𪬽
okbmxb	𪭀
okxbee	𪭄
okgehg	𪭉
okgeli	𪭊
okgemb	𪭌
okgsge	𪭍
okgefu	𪭐
okvjge	𪭕
okgrge	𪭖
okhuju	𪭘
okuzxi	𪭜
okuzww	𪭝
okuzwu	𪭟
okuzuf	𪭡
okuzcs	𪭢
okuzuu	𪭣
okuzvg	𪭤
okuzzo	𪭥
okuzer	𪭧
okuzui	𪭨
okuzdd	𪭩
okuzce	𪭪
okdafh	𪭫
okuzvs	𪭮
okuzhv	𪭯
okuzyh	𪭰
okuzjt	𪭱
okuzgf	𪭳
okuzzz	𪭴
okuzll	𪭵
okuzir	𪭶
okuzdd	𪭷
okuzli	𪭼
okuzvl	𪭿
okuzrr	𪮀
okuzci	𪮁
okpger	𪮂
okvjuz	𪮃
okuztn	𪮅
okuzui	𪮈
okuzsu	𪮋
okuzmz	𪮍
okuzsi	𪮏
okuzpb	𪮐
okuzkj	𪮑
okuzkj	𪮒
okuzlo	𪮔
okuzfw	𪮕
okuzjt	𪮖
okghuz	𪮚
okuzui	𪮛
okuzvi	𪮞
okuzdp	𪮟
okuzlm	𪮠
okuzlh	𪮡
okuzyr	𪮢
okjive	𪮣
okuzbg	𪮤
okuzir	𪮥
okuzde	𪮦
okuzys	𪮧
okuzuf	𪮨
okuzcu	𪮩
okuzxi	𪮬
okdnge	𪮮
okyige	𪮯
okuzmf	𪮰
okuzxl	𪮱
okuzxm	𪮲
okuzmj	𪮳
okuzlv	𪮴
okuzld	𪮶
okuzjb	𪮺
okuzzj	𪮻
okuzvi	𪮽
okuzqk	𪮿
okuzjx	𪯀
okuzyk	𪯂
okuzqr	𪯄
okfuwf	𪯈
okugpu	𪯉
okuzge	𪯊
okjxpu	𪯋
okdvwf	𪯌
okggwf	𪯍
okxkwf	𪯎
okhuwf	𪯏
okdiwf	𪯐
oksuwf	𪯑
okbowf	𪯒
okccwf	𪯓
okuhwf	𪯔
okfhzo	𪯕
oksjff	𪯗
okfhsu	𪯛
oksjsa	𪯝
okfhsv	𪯞
okwfir	𪯠
okvswf	𪯡
okwfwf	𪯢
okwfsi	𪯣
okwfhe	𪯤
okwfdm	𪯦
okwfjb	𪯧
okwfvi	𪯩
okwfgc	𪯪
okdzqq	𪯫
okhzdz	𪯬
okfwdz	𪯭
okxpvi	𪯰
okjbwf	𪯱
okfhjb	𪯲
okfhvj	𪯴
okklfh	𪯵
okfhyh	𪯷
okfhih	𪯹
okfhnm	𪯺
okfhdk	𪯻
okfhyr	𪯾
okfhmj	𪯿
okfhfw	𪰂
okqibj	𪰃
okrigs	𪰆
okrige	𪰇
okriyr	𪰈
okrijk	𪰉
okrivi	𪰊
okriwf	𪰋
okrimc	𪰌
okridz	𪰍
okwfri	𪰎
okrike	𪰏
okribf	𪰐
okriyu	𪰑
okriui	𪰒
okripk	𪰓
okriyh	𪰔
okriui	𪰕
okriui	𪰖
okribi	𪰗
okrijx	𪰘
okriji	𪰙
okrilc	𪰚
oksiri	𪰛
okriui	𪰜
okrinm	𪰟
okrijl	𪰠
okriqr	𪰡
okrivz	𪰢
okriyu	𪰣
okriru	𪰤
okrizo	𪰦
okrihs	𪰧
okrild	𪰪
okribf	𪰫
okdjli	𪰬
okrivg	𪰭
okrivi	𪰮
okuiyz	𪰯
okuige	𪰰
okrivg	𪰱
okrihz	𪰲
okriqi	𪰳
okridr	𪰴
okriys	𪰵
okrifw	𪰶
okrijm	𪰷
okrisu	𪰸
okrimd	𪰹
okrich	𪰻
okrith	𪰼
okriku	𪰽
okuivi	𪰾
okuizi	𪰿
okrilw	𪱀
okyili	𪱁
okrivu	𪱂
okrimb	𪱃
okriyb	𪱄
okrive	𪱅
okrihv	𪱇
okjkri	𪱈
okrild	𪱉
okxkhe	𪱊
okriuj	𪱋
okrilc	𪱌
okriyi	𪱍
okxkyu	𪱎
okybug	𪱐
okrixl	𪱒
okzvge	𪱕
okzgjb	𪱗
okquyc	𪱘
okytyz	𪱙
okytuh	𪱚
okybyt	𪱛
oktdyt	𪱜
okigyt	𪱝
okbjyt	𪱟
okytue	𪱡
okytwh	𪱣
okyzwo	𪱤
okytbf	𪱥
okythl	𪱦
okytll	𪱧
okytli	𪱩
okytyb	𪱬
okwhgs	𪱮
okmuxx	𪱱
okmuuh	𪱲
okmukz	𪱳
okmunv	𪱴
okirmu	𪱵
okjkmu	𪱶
okmubw	𪱷
okmuuv	𪱹
okmuzo	𪱺
okmubf	𪱻
okwwjb	𪱼
okmuys	𪱽
okmuer	𪱾
okmuqq	𪲀
okmuhv	𪲄
okwwpk	𪲅
okmuqu	𪲇
okmuhz	𪲉
okmujl	𪲋
okmuqi	𪲎
okmuii	𪲒
okmudz	𪲓
okmuli	𪲔
okcilk	𪲕
okmudd	𪲖
okmuwo	𪲘
oklgmu	𪲜
okmuil	𪲝
okmuql	𪲞
okmuxk	𪲟
oklbyy	𪲡
okmzge	𪲣
okuulk	𪲥
okmuhu	𪲨
okfuld	𪲬
okuurr	𪲭
okmufw	𪲮
okmuhr	𪲰
okmuyi	𪲱
okuimu	𪲳
oklbyz	𪲴
oklbiu	𪲵
okciuu	𪲸
oklbmu	𪲹
okmuah	𪲺
okmubd	𪲻
okmuxb	𪲼
okuave	𪲽
okgruu	𪲿
okmuyb	𪳀
okmudu	𪳁
okmuuz	𪳂
okmull	𪳄
okmulo	𪳅
okmuys	𪳆
okmujx	𪳇
okxqnm	𪳋
okduvu	𪳌
okmunp	𪳍
okggmu	𪳎
okmuic	𪳒
okvomu	𪳓
okvuly	𪳔
okmuig	𪳕
okmuai	𪳗
okvymu	𪳙
okmuuu	𪳛
okmuvg	𪳜
okmujn	𪳞
oklbmm	𪳟
okmuzc	𪳤
okhjgo	𪳨
okmupo	𪳪
okshyz	𪳫
okmuyi	𪳮
okmugo	𪳰
okmuvi	𪳲
okjiba	𪳴
okmuww	𪳵
okmuhj	𪳶
okthmu	𪳷
okmudv	𪳹
okmuhe	𪳺
okvulb	𪳻
okveww	𪳼
okmuzd	𪳾
okgodu	𪳿
okmutn	𪴁
okmuao	𪴃
okvudz	𪴄
okmuci	𪴆
okxkqu	𪴋
okmugr	𪴌
okmuui	𪴎
oklimj	𪴏
okmuln	𪴔
okmulb	𪴖
okmutj	𪴘
okmuzj	𪴙
okmuul	𪴜
okludc	𪴝
oklemk	𪴞
okrsye	𪴣
okmujt	𪴤
okmubc	𪴥
okyeye	𪴨
okfhqm	𪴩
okxiqm	𪴮
okxmqm	𪴯
okroqm	𪴰
okwgqm	𪴱
okwuvi	𪴵
okvigf	𪴶
okviys	𪴷
okvgfa	𪴹
okldvg	𪴺
okwdvc	𪴻
okwdmn	𪴽
okyuvi	𪴿
okddbc	𪵀
okddjm	𪵄
okddly	𪵅
okddvf	𪵆
okddld	𪵇
okkxuu	𪵈
okxnuu	𪵋
okuuii	𪵌
okmkuu	𪵍
okyjuu	𪵏
okwjuu	𪵒
okmwjk	𪵔
okbidc	𪵕
okmcyi	𪵖
okmcyt	𪵗
okmcho	𪵘
okmcju	𪵙
okmcxr	𪵚
okmclw	𪵛
okmcgr	𪵜
oklbmc	𪵝
okmcli	𪵞
okmcmw	𪵟
okmcna	𪵠
okmclu	𪵡
okmcbb	𪵢
okyyqi	𪵣
okqike	𪵤
okqimw	𪵥
okybqi	𪵦
okqiao	𪵧
oksiuv	𪵨
okuvxx	𪵩
okdauv	𪵪
okuvyi	𪵫
okuvjb	𪵮
okuvyb	𪵰
okuvli	𪵱
okuvao	𪵲
okuvui	𪵳
okysyt	𪵵
okuvdi	𪵸
okuvqs	𪵹
okuvse	𪵼
okuvro	𪵽
okuvxk	𪵾
okdkqr	𪵿
okuvnj	𪶀
okuvjm	𪶂
okuvbp	𪶃
okuvui	𪶄
okuvue	𪶅
okuvdi	𪶆
okwotu	𪶇
okuvqs	𪶉
okwfcy	𪶊
okuvmn	𪶋
okuvdc	𪶌
okuvvc	𪶎
okfage	𪶏
okuvan	𪶐
okuvlo	𪶒
okuvjx	𪶔
okuvye	𪶘
okuvkv	𪶙
okxluv	𪶛
okuvpb	𪶜
okwhtd	𪶝
okmwui	𪶟
okuvjy	𪶠
okuvhg	𪶥
okuvai	𪶦
okuvlr	𪶧
okuvnu	𪶨
okuvdd	𪶩
okuvpw	𪶪
okuvfw	𪶬
okuvlp	𪶭
okuvee	𪶮
okbnuv	𪶰
okuvyb	𪶲
okuvvi	𪶵
okuvzo	𪶶
okuvwf	𪶸
okuvtk	𪶹
okuaji	𪶼
okuvsh	𪶽
okuvlz	𪶾
okmouv	𪷂
okuvto	𪷄
okuvjm	𪷇
okuvgr	𪷈
okuvxi	𪷉
okuvyi	𪷊
okuvll	𪷍
okuviu	𪷏
okuvya	𪷐
okuvll	𪷑
okuvtc	𪷒
okmwii	𪷔
okuvfw	𪷕
okuvrj	𪷖
okuvpi	𪷗
okuvie	𪷘
okuvcr	𪷚
okuvfu	𪷛
okvuwf	𪷡
okuvhc	𪷢
okqilk	𪷥
okuvyy	𪷦
okuvqy	𪷧
okwupb	𪷪
okuvjb	𪷬
okuvgv	𪷭
okxiue	𪷮
okuvzs	𪷯
okuvuc	𪷰
okuvsd	𪷱
okuvre	𪷴
okuvyb	𪷵
okxilk	𪷶
okuvln	𪷷
okuvqk	𪷸
okuvqm	𪷻
okuvzj	𪷽
okuvgv	𪷾
okuvxx	𪸀
okdupo	𪸁
okqkqi	𪸃
okljge	𪸄
okuvrs	𪸆
okuviz	𪸈
okuvjk	𪸉
okjkyc	𪸊
okuvqm	𪸋
okyiho	𪸍
okhoqi	𪸏
okhorf	𪸐
okhoyr	𪸑
okhohu	𪸒
okwuho	𪸓
okhovi	𪸔
okhoqi	𪸕
okhoyy	𪸗
okhoqu	𪸘
okhoww	𪸙
okhoyz	𪸚
okhoyu	𪸛
okhoqq	𪸜
okholk	𪸝
okhoer	𪸞
okhowd	𪸟
okhoys	𪸠
okhohs	𪸡
okhopi	𪸢
okzcho	𪸣
okhoig	𪸤
okhoer	𪸥
oklcho	𪸦
okhodn	𪸧
okhojy	𪸩
okhoyu	𪸪
okhogg	𪸫
okhoho	𪸬
okhobw	𪸭
okhoto	𪸯
okhovc	𪸳
okhoqi	𪸴
okhowu	𪸵
okholu	𪸷
okhodm	𪸸
okhoah	𪸺
okhomb	𪸻
okhovz	𪸼
okhovi	𪸽
okhovg	𪸾
okxlho	𪸿
okhomg	𪹁
oklkug	𪹂
okucho	𪹃
okhond	𪹅
okhotj	𪹇
okhoui	𪹈
okhoyu	𪹊
okhoyu	𪹋
okhohz	𪹍
okhomw	𪹏
okvcyj	𪹑
okhojb	𪹓
okycho	𪹗
okhoxu	𪹘
okhobj	𪹙
okhoph	𪹚
okhouo	𪹛
okhoku	𪹜
okhozd	𪹞
okhonj	𪹠
okhobb	𪹡
okhoxu	𪹣
okhoji	𪹥
okhodi	𪹧
okhoys	𪹨
okhoee	𪹪
okhopg	𪹫
oktpho	𪹭
okqnho	𪹮
okhoji	𪹯
okwfvv	𪹰
okhouu	𪹳
okhoiu	𪹵
okboho	𪹸
okhota	𪹹
okhofj	𪹺
okhoca	𪹾
okbbho	𪹿
okhocv	𪺀
okhomd	𪺁
okpcth	𪺃
okholi	𪺇
okhoxm	𪺉
okvxxt	𪺍
okvxxs	𪺎
okvxui	𪺏
okvxqu	𪺐
okvxih	𪺑
okvgdk	𪺓
okvgwj	𪺗
okvgvf	𪺘
okfufz	𪺛
okfuji	𪺜
okycnq	𪺝
okpjyj	𪺞
okpmgf	𪺢
okpmuz	𪺣
okpmbp	𪺤
okpmnm	𪺥
okpmla	𪺦
okyagk	𪺧
okyazu	𪺨
oknqto	𪺩
oknqls	𪺪
okndnq	𪺫
oknqxu	𪺬
oknqqn	𪺭
oknqyj	𪺯
oknqbw	𪺰
oknqgz	𪺱
oknqbw	𪺵
okxtnq	𪺶
okqrch	𪺷
okqriu	𪺸
okqrnu	𪺹
okqrtr	𪺺
okqrns	𪺻
okqrif	𪺼
okldqr	𪺽
okqrmf	𪺿
okqrbk	𪻁
okqrdy	𪻂
okqrlv	𪻃
okqrmw	𪻄
okqryr	𪻅
okqrgv	𪻆
okqrql	𪻈
okvugf	𪻊
okqriu	𪻋
okwhyz	𪻍
okwhyy	𪻎
okwhji	𪻏
okwhcs	𪻐
okwhkh	𪻑
okwhxb	𪻒
okwhho	𪻓
okwhyb	𪻔
okwhgu	𪻕
okwhgf	𪻘
okwhui	𪻙
okwhai	𪻚
okwhts	𪻛
okwhxq	𪻜
okwhyu	𪻝
okwhhd	𪻞
okwhns	𪻠
okwhdz	𪻡
okwhve	𪻢
okwhjs	𪻣
okwhbk	𪻤
okwhhg	𪻥
okwhnd	𪻦
okwhlu	𪻧
okwhmd	𪻨
okwhxi	𪻩
okwhmk	𪻪
okwhwh	𪻫
okwhyt	𪻬
okwhfh	𪻯
okwhhj	𪻱
okwhgr	𪻲
okwhnj	𪻳
okwhli	𪻵
okwhhz	𪻶
okwhro	𪻷
okwhke	𪻸
okxkyu	𪻹
okwhgv	𪻺
okwhug	𪻻
okwhke	𪻽
okwhyj	𪻾
okwhdu	𪻿
okwhdi	𪼀
okwhyi	𪼁
okwhtd	𪼃
okwhyr	𪼄
okwhyr	𪼆
okwhtu	𪼊
okwhbi	𪼋
okwhvi	𪼌
okwhsh	𪼏
okwhul	𪼐
okwhjm	𪼑
okwhgr	𪼒
okwhgo	𪼓
okwhzu	𪼕
okwhwf	𪼗
okwhmm	𪼚
okwhji	𪼛
okwhjq	𪼝
okwhxi	𪼟
okwhfa	𪼠
okwhjl	𪼡
okwhao	𪼣
okwhvj	𪼤
okwhlm	𪼥
okwhyi	𪼦
okwhch	𪼧
okwhpj	𪼪
okwhlb	𪼬
okwhxm	𪼭
okwhhr	𪼮
okwhxi	𪼯
okwhju	𪼰
okwhdh	𪼲
okgxda	𪼳
okgxih	𪼴
okwasi	𪼶
okwawh	𪼷
okwaho	𪼸
okwabf	𪼹
okwaju	𪼻
okwauz	𪼼
okwayk	𪼿
okgcgj	𪽀
okugbu	𪽁
okmdug	𪽂
okugfg	𪽃
okuguh	𪽄
okdiug	𪽅
oktmjq	𪽇
oktmyi	𪽈
oktmyr	𪽊
okvxtm	𪽋
oktmwf	𪽌
oktmke	𪽍
oktmke	𪽎
oktmlk	𪽏
okppjp	𪽐
oktmis	𪽒
oktmjm	𪽔
okbcnj	𪽕
oknatm	𪽖
okiihx	𪽗
oktmlu	𪽘
oktmfg	𪽙
oktmdr	𪽜
okbayz	𪽝
oktmyu	𪽟
okbafj	𪽡
oktmjn	𪽢
okpidg	𪽥
oktmyi	𪽦
okbkdd	𪽨
okbkrg	𪽩
okbkih	𪽪
okbkvx	𪽫
okbkww	𪽬
okbkjm	𪽭
okbklu	𪽮
okbkzu	𪽰
okbkqs	𪽱
okbkyc	𪽳
okbkgu	𪽵
okbkge	𪽶
okbkyt	𪽸
okbdmu	𪽻
okbdwf	𪽼
okbdqq	𪽽
okbdbw	𪽾
okbdmm	𪽿
okbdho	𪾀
okbdfa	𪾁
okhlxs	𪾂
okbdww	𪾃
okbdyb	𪾄
okbdyi	𪾅
okpige	𪾆
okpiwf	𪾇
okpiyc	𪾈
okpiye	𪾉
okyzmb	𪾊
okkemb	𪾌
okxsmb	𪾍
okmmmb	𪾐
okbcmb	𪾑
okigmb	𪾓
okxumb	𪾔
okmbnn	𪾖
okfjmb	𪾗
okmuyu	𪾟
okmuuc	𪾠
okmuyz	𪾡
okmujm	𪾢
okmuwu	𪾤
okmuhc	𪾥
okmulu	𪾦
okmulk	𪾧
okmuyu	𪾩
okmuci	𪾪
okmuvu	𪾫
okmulr	𪾬
okmulb	𪾭
okmuxb	𪾯
okmufh	𪾰
okmuug	𪾱
okmuyb	𪾲
okmuww	𪾳
okmuui	𪾴
okmusu	𪾵
okmujy	𪾷
okmubb	𪾸
okmudd	𪾹
okmimu	𪾺
okqtmu	𪾻
okmuyi	𪾼
okmumb	𪾽
okmuda	𪾾
okmupu	𪾿
okmuyu	𪿀
okvgmu	𪿂
okkjxy	𪿃
okmuyk	𪿅
okmcjb	𪿆
okmcyr	𪿇
okuimu	𪿈
okuiuc	𪿉
okuiya	𪿊
okuiqi	𪿋
okuirz	𪿌
okvibp	𪿍
okuiue	𪿎
okdrly	𪿏
okuiuu	𪿐
okuiyr	𪿑
okuiju	𪿕
okuixr	𪿖
okuini	𪿗
okuitd	𪿘
okuihv	𪿙
okuisi	𪿚
okuiis	𪿛
okxkui	𪿝
okuiuz	𪿞
okuiif	𪿟
okuiyr	𪿠
okuihj	𪿡
okuixb	𪿢
okuina	𪿣
okuimw	𪿥
okuibn	𪿦
okuifw	𪿨
okuiju	𪿩
okuibd	𪿪
okmajn	𪿫
okuijx	𪿭
okuirs	𪿮
okuivu	𪿯
okuipj	𪿱
okuiyc	𪿲
okuima	𪿳
okuiij	𪿴
okuijp	𪿶
oklwge	𪿸
okuiju	𪿼
okvuly	𪿽
okuifj	𪿾
okppnv	𫀁
okppnw	𫀃
okwuui	𫀄
okppvj	𫀅
okppbc	𫀆
okpplw	𫀇
okppts	𫀈
okppxt	𫀉
okppyi	𫀊
okppjx	𫀋
okppli	𫀌
okppyj	𫀎
okppwj	𫀏
okppwu	𫀐
okppvo	𫀑
okppyi	𫀒
okppmm	𫀓
okpper	𫀗
okppli	𫀘
okppwf	𫀚
okqbui	𫀜
okppch	𫀞
oksiyu	𫀟
okppih	𫀠
okppww	𫀢
okppji	𫀣
okppyj	𫀤
oklixi	𫀥
okppuu	𫀦
okhegs	𫀧
okhejm	𫀨
okhewu	𫀩
okhetm	𫀪
okheiu	𫀬
okhedh	𫀮
okhexu	𫀯
okhevc	𫀰
okhehz	𫀱
okheke	𫀲
okhewj	𫀶
okherf	𫀷
okheju	𫀸
okhemk	𫀹
okhegg	𫀻
okhesi	𫀼
okheyu	𫀽
okhetr	𫀿
okhejm	𫁀
okheba	𫁂
okhexn	𫁄
okvfsi	𫁅
okheyi	𫁈
okxtfh	𫁊
okxtjs	𫁋
okxtzd	𫁌
okxtvu	𫁍
okksks	𫁎
okxtmn	𫁐
okxtvs	𫁑
okxtvv	𫁒
okkskl	𫁔
okxtmm	𫁕
okxtgv	𫁖
okxtjt	𫁗
okxtmm	𫁘
okirly	𫁛
oklige	𫁞
oklivr	𫁟
oklice	𫁠
oklinn	𫁡
okliyu	𫁢
oklijn	𫁣
oklidm	𫁥
okliju	𫁦
oklidd	𫁧
okliww	𫁨
oklijl	𫁫
oklilc	𫁭
okerli	𫁮
okvubu	𫁰
okvuww	𫁱
okvuwu	𫁲
okvuww	𫁳
okvudz	𫁵
okvuii	𫁶
okvuul	𫁷
okvuwu	𫁸
okvuza	𫁹
okvuye	𫁺
okvuzd	𫁻
okvufj	𫁼
okvuui	𫁾
okvuie	𫁿
okvubo	𫂀
okvumw	𫂂
okvumb	𫂃
okvufu	𫂅
okvugo	𫂆
okvude	𫂇
okvufw	𫂈
okvumz	𫂋
oksyda	𫂎
okvutd	𫂐
okvuvu	𫂒
okvuqi	𫂓
okvubw	𫂕
okvuai	𫂖
okvumi	𫂗
okvuii	𫂙
okvumw	𫂚
okvukh	𫂞
okvuma	𫂟
okvuhv	𫂠
okvuji	𫂡
okvuqi	𫂣
okvuxl	𫂤
okdgfu	𫂨
okvufu	𫂩
okxnxt	𫂪
okvuhg	𫂬
okjiji	𫂮
okndmi	𫂲
okujmi	𫂳
okmiye	𫂴
okmiri	𫂵
okmifg	𫂶
okmiza	𫂸
okmiui	𫂹
okmitm	𫂺
okmijq	𫂻
okmier	𫂼
okmirs	𫂽
okmiyb	𫂾
okuami	𫂿
okmian	𫃀
okmiqq	𫃁
okmiqu	𫃂
okmiqq	𫃃
okuimi	𫃆
oksuty	𫃉
okmivf	𫃋
okmivj	𫃌
okmiys	𫃍
okmima	𫃎
okmijk	𫃏
okmimf	𫃐
okmilc	𫃑
okmigo	𫃓
okvjjr	𫃔
okmici	𫃕
okmijp	𫃖
okffbj	𫃘
oksibu	𫃚
okersi	𫃛
oksikz	𫃜
oksiyi	𫃝
oksivs	𫃞
oksiww	𫃟
oksibc	𫃠
oksili	𫃡
oksixq	𫃢
oksizi	𫃣
oksiru	𫃤
oksizu	𫃥
oksigv	𫃧
oksinq	𫃩
oksiuu	𫃬
oksiwh	𫃮
oksisj	𫃰
oksivz	𫃲
oksihr	𫃴
oksilz	𫃵
oksilo	𫃶
oksimw	𫃷
oksitc	𫃹
oksirs	𫃻
oksiln	𫃼
oksixt	𫃽
oksimg	𫄁
oksibi	𫄂
oksidy	𫄃
oksilv	𫄄
oksigj	𫄅
oksisv	𫄆
oksizd	𫄇
oksilo	𫄈
oksilu	𫄉
oksiui	𫄋
oksifg	𫄍
oksilv	𫄎
oksivf	𫄏
okffpd	𫄐
oksimo	𫄓
oksidh	𫄗
oksive	𫄙
oksihu	𫄚
oksijb	𫄛
oksimc	𫄜
oksidn	𫄝
oksipi	𫄞
oksigf	𫄠
oksits	𫄡
oksifu	𫄢
oksins	𫄣
oksida	𫄤
oksili	𫄥
oksijp	𫄦
oksiyj	𫄧
oksixi	𫄨
oksimw	𫄩
oksish	𫄪
oksili	𫄫
oksiye	𫄬
oksifu	𫄭
oksiyk	𫄮
oksiph	𫄰
oksise	𫄱
oksimo	𫄲
oksixi	𫄳
oksilv	𫄴
oksipg	𫄵
oksiql	𫄶
oksiyi	𫄷
oksixy	𫄸
okfzig	𫄺
okfzvv	𫄻
okfzmz	𫄼
okfzyc	𫄾
okjkfz	𫄿
oksikv	𫅀
oksihx	𫅁
oksiui	𫅂
oksivc	𫅄
oksiqi	𫅅
okwhqi	𫅆
oksijb	𫅇
oksipw	𫅉
oksihv	𫅋
oksils	𫅍
okyhkl	𫅎
okyhvg	𫅏
okyhyh	𫅐
okyhdj	𫅑
okyhmb	𫅒
okyhyh	𫅓
okyhgf	𫅔
okmwkz	𫅖
okyhbf	𫅗
okyhqo	𫅘
okyhgh	𫅙
okmwbk	𫅚
okyhbg	𫅛
oklkuj	𫅜
okmwdj	𫅝
oklluj	𫅞
okmwkz	𫅟
okmwye	𫅠
okxquj	𫅡
oktuyu	𫅢
okyryu	𫅣
okyulk	𫅤
okqiyu	𫅥
okniyu	𫅦
okyuyh	𫅧
okyuie	𫅨
okyugg	𫅩
okyufw	𫅪
okbdyu	𫅫
okybyu	𫅬
okbbyu	𫅭
okyusu	𫅯
okbwyu	𫅰
oklcii	𫅳
oklcnu	𫅴
oklcfh	𫅵
oklcve	𫅶
okialc	𫅷
oklcxm	𫅸
oklwtm	𫅹
oklwer	𫅺
oklwqu	𫅻
oklwlm	𫅼
oklwiy	𫅽
oklwlq	𫅾
oklwfw	𫅿
okerer	𫆀
okerqm	𫆁
okerqr	𫆂
okuzer	𫆃
okerig	𫆅
okeryi	𫆆
okercd	𫆇
okqqer	𫆉
okerge	𫆋
okeryi	𫆌
okerlh	𫆍
okxier	𫆎
okjmer	𫆏
okerdj	𫆐
okernh	𫆓
okndyu	𫆕
okytmc	𫆗
okytbm	𫆘
okthyt	𫆙
okytyz	𫆚
okytdd	𫆛
okrzni	𫆜
okytbi	𫆝
okytpj	𫆠
okyuge	𫆡
oklkyt	𫆢
okytgu	𫆣
okytjb	𫆤
okjmkh	𫆥
okytug	𫆦
okytlv	𫆧
okytqm	𫆨
okrzai	𫆫
okrzmi	𫆭
okytsy	𫆮
okaorz	𫆰
okytvi	𫆱
okytmj	𫆳
okmiyt	𫆴
okythv	𫆵
okvojm	𫆶
okrzzy	𫆸
okrznc	𫆺
okvirr	𫆻
okyung	𫆽
okwwmi	𫆿
okytli	𫇀
okwunc	𫇂
okytli	𫇃
okyunh	𫇄
okifwu	𫇅
okifif	𫇆
okifwo	𫇇
okifzu	𫇈
okzizi	𫇊
okziqr	𫇋
okizyj	𫇌
okviuu	𫇎
okvild	𫇏
okviji	𫇐
okvivf	𫇑
okuevu	𫇕
okuelb	𫇖
okueld	𫇘
okvzqm	𫇚
okvzlu	𫇛
okvzro	𫇜
okvzxx	𫇝
okvzmj	𫇞
okvzbw	𫇟
okvzuz	𫇠
okvzyi	𫇢
okhese	𫇤
okccbu	𫇥
okccbc	𫇦
okccir	𫇨
okccwu	𫇩
okccgh	𫇪
okccfu	𫇫
okccww	𫇭
okccyt	𫇮
okcchc	𫇯
okccjq	𫇰
okcczd	𫇱
okccqr	𫇲
okcciu	𫇴
okccnd	𫇵
okcczd	𫇶
okcckc	𫇷
okccvu	𫇸
okccvl	𫇺
okccii	𫇻
okccns	𫇽
okccuu	𫇿
okcciv	𫈀
okcckl	𫈃
okccsi	𫈄
okccgu	𫈅
okccjx	𫈆
okccyz	𫈈
okccjm	𫈉
okccbi	𫈋
okccjb	𫈎
okccys	𫈏
okccxk	𫈐
okccwf	𫈑
okccbn	𫈒
okccwu	𫈓
okccfh	𫈚
okccvz	𫈛
okccyz	𫈜
okccif	𫈟
okqotu	𫈠
okcchz	𫈢
okccke	𫈥
okccjp	𫈨
okhxww	𫈪
okccyh	𫈭
okccai	𫈮
okccqx	𫈰
okccyj	𫈱
okccjt	𫈵
okccts	𫈷
okcche	𫈺
okccqi	𫉀
okccai	𫉁
okccvu	𫉄
okccuu	𫉅
okcchl	𫉉
okccdv	𫉊
okccmd	𫉍
okccwu	𫉎
okccih	𫉒
okccww	𫉔
okiajx	𫉕
okccbo	𫉖
okccys	𫉘
okccgr	𫉜
okccjy	𫉟
okcchc	𫉢
okcchu	𫉣
okccyh	𫉤
okccui	𫉥
okccmk	𫉩
okccxb	𫉮
okccll	𫉱
okccse	𫉲
oktdfw	𫉳
okccdm	𫉷
okccge	𫉸
okccjb	𫉺
okgoer	𫉻
okmpge	𫉼
okcclz	𫊁
okcciz	𫊃
okcdji	𫊈
okcchu	𫊊
okyecf	𫊍
okxttu	𫊎
okkuyc	𫊐
okccgv	𫊒
okcchs	𫊓
okvulp	𫊔
okccqi	𫊖
okytuu	𫊚
okhukz	𫊝
okhuxt	𫊞
okhurf	𫊟
okhufg	𫊠
okhuzi	𫊡
okhuyu	𫊣
okisbi	𫊤
okistu	𫊥
okisya	𫊦
okisqp	𫊧
okisqi	𫊨
okisji	𫊩
okisih	𫊪
okisyh	𫊬
okyhis	𫊭
okislu	𫊮
okishu	𫊯
okiswd	𫊰
okeris	𫊱
okisli	𫊳
okisto	𫊴
okissi	𫊵
okisgl	𫊶
okisua	𫊷
okisqn	𫊸
okishv	𫊹
okissi	𫊺
okisxy	𫊻
okyuis	𫊼
okisbp	𫊽
okisuf	𫊾
okisss	𫋀
okisxb	𫋁
okisqi	𫋂
okisyu	𫋃
okisqq	𫋄
okisjb	𫋅
okisjb	𫋆
okisxn	𫋇
okisfh	𫋈
okkeis	𫋉
okisbw	𫋋
okisdd	𫋌
okiske	𫋍
okisuz	𫋎
okisiy	𫋏
okisgs	𫋐
okisbj	𫋑
okisjx	𫋕
okisfu	𫋖
okisqt	𫋗
okisxi	𫋘
okisql	𫋙
okisjk	𫋛
okisji	𫋝
okisuz	𫋤
okisqu	𫋦
okisgl	𫋧
okisjm	𫋨
okxtbi	𫋪
okiyxt	𫋫
okxtvh	𫋬
okxkji	𫋮
okxkhl	𫋯
okxkvi	𫋰
okxkyk	𫋱
okppqu	𫋲
okppfh	𫋳
oklqyi	𫋴
okppuf	𫋵
okiuge	𫋶
okppyz	𫋸
okppyc	𫋹
okppvc	𫋺
okpphv	𫋻
okppsi	𫋼
okppjn	𫋽
okppmw	𫋿
okppze	𫌀
okppvi	𫌁
okppww	𫌂
okppsj	𫌄
okppyh	𫌅
okppsz	𫌆
okppnp	𫌇
okppdc	𫌈
okppgc	𫌉
okppji	𫌊
okppis	𫌌
oktoyi	𫌎
okjlyi	𫌏
okppyt	𫌐
okpppu	𫌑
okppts	𫌒
okppli	𫌕
okppxp	𫌗
okppjm	𫌙
okxihe	𫌚
okxifg	𫌛
okjmnv	𫌜
okjmxs	𫌝
okxijm	𫌞
okxkjm	𫌟
oktijm	𫌠
okjmnj	𫌢
okjmye	𫌣
okjmyj	𫌧
okerjm	𫌨
okjmju	𫌩
okpdjm	𫌪
okjmjm	𫌫
okpnjm	𫌬
okjmww	𫌭
okjnkx	𫌮
okjnqn	𫌯
okjnyh	𫌰
okjnww	𫌱
okyjcc	𫌲
okyjnv	𫌳
okyjwf	𫌴
okulyj	𫌵
okyjpi	𫌶
okdmyj	𫌷
okddyj	𫌸
okxiyj	𫌺
okyjyi	𫌻
okyjie	𫌼
okyjto	𫌽
okyjxi	𫌾
okyjqi	𫌿
okyjjb	𫍀
okyjug	𫍂
okyjys	𫍃
okyjfw	𫍄
okyjrz	𫍅
okyjrs	𫍇
okyjfj	𫍉
okyjjm	𫍊
okyjwf	𫍋
okyjts	𫍌
okmzuc	𫍍
okyjji	𫍎
okyjuu	𫍏
okpbyj	𫍐
okyjui	𫍒
okjiji	𫍕
okyjyi	𫍖
okyjci	𫍗
okyjuu	𫍘
okyjye	𫍙
okyjyc	𫍚
okyjff	𫍛
okyjqu	𫍜
okyjhu	𫍞
okyjwj	𫍠
okyjta	𫍡
okyjyc	𫍢
okyjts	𫍣
okyjqn	𫍤
okyjvc	𫍥
okyjns	𫍦
okyjld	𫍧
okyjif	𫍨
okyjgo	𫍩
okyjji	𫍪
okyjyj	𫍫
okyjwh	𫍬
okyjqp	𫍭
okyjqu	𫍮
okyjxm	𫍯
okyjsi	𫍰
okyjdr	𫍱
okyjsz	𫍲
okyjvs	𫍳
okyjlz	𫍴
okyjao	𫍵
okyjvi	𫍶
okyjgv	𫍷
okyjuj	𫍸
okyjxi	𫍻
okyjts	𫍼
okyjnk	𫍾
okyjjm	𫍿
okgurf	𫎀
okjkgu	𫎁
okwwgu	𫎂
okfudz	𫎃
okuihg	𫎅
okuics	𫎆
okndui	𫎉
okviyi	𫎊
okviyz	𫎋
okvilz	𫎌
okbwyu	𫎏
okbwqi	𫎐
okbwge	𫎑
okbwfh	𫎒
okuibw	𫎔
okbwfu	𫎕
okbwhe	𫎖
okbwfz	𫎗
okvebw	𫎘
okbwdv	𫎙
okmdge	𫎚
okbwjp	𫎝
okbwww	𫎞
okbwqi	𫎟
okbwjq	𫎢
okpbxm	𫎤
okbwls	𫎦
okbwju	𫎧
okbwqm	𫎨
okbwqb	𫎪
okbwtj	𫎫
okvhgs	𫎬
okiivi	𫎮
okiixi	𫎯
okiixi	𫎰
okzzli	𫎱
okzzui	𫎲
okzzbi	𫎳
okzzts	𫎴
okzzke	𫎵
okzzgs	𫎶
okzzig	𫎷
okzzvj	𫎸
okzzde	𫎹
okzzcj	𫎺
okzzxk	𫎻
okqian	𫎼
okzzhe	𫎽
okzzul	𫎿
okzucy	𫏀
okzuwf	𫏂
okzuih	𫏃
okzugj	𫏄
okzuyh	𫏅
okzufa	𫏆
okzugs	𫏇
okzugl	𫏈
okzumk	𫏉
okzurf	𫏊
okzuqn	𫏋
okzuld	𫏌
okzugd	𫏍
okzuqk	𫏏
okvjzu	𫏐
okzulo	𫏑
okzuba	𫏒
okzugk	𫏓
okmmzu	𫏔
okqkzu	𫏕
okzuyr	𫏖
okzudr	𫏗
okzubw	𫏚
okzuxi	𫏛
okzugo	𫏜
okzucu	𫏝
okzudr	𫏞
okzulj	𫏠
okzuxl	𫏡
okzujl	𫏣
okzukx	𫏥
okzuxu	𫏧
okzuxm	𫏨
okzuyi	𫏩
okufis	𫏪
okufvd	𫏫
okufuf	𫏬
okufni	𫏮
okufdr	𫏰
okufhv	𫏱
okiekv	𫏲
okiege	𫏳
okiebd	𫏴
okigie	𫏵
okiejx	𫏶
okieww	𫏸
okieyr	𫏺
oklzie	𫏻
okiequ	𫐀
okiewu	𫐄
okieuj	𫐅
okieli	𫐆
okienw	𫐇
okieba	𫐈
okielk	𫐉
okviie	𫐋
okiebk	𫐌
okieuf	𫐍
okieqi	𫐎
okievz	𫐏
okieer	𫐐
okiegr	𫐑
okiehs	𫐒
okierz	𫐓
okiehe	𫐔
okiehv	𫐕
okiegj	𫐘
okxbci	𫐛
okxbgd	𫐝
okviuu	𫐞
okviyi	𫐟
okvimu	𫐠
okvijb	𫐡
okvigu	𫐢
okvibk	𫐣
okvilc	𫐥
okvike	𫐦
okvifu	𫐧
okviii	𫐨
okvizo	𫐩
okbmer	𫐪
okvivg	𫐭
okvily	𫐮
okviyu	𫐯
okvier	𫐰
okvizs	𫐱
okvidk	𫐲
okvuba	𫐴
okviqq	𫐵
okvilz	𫐷
okvimw	𫐹
okviyb	𫐺
okviph	𫐼
okvubu	𫐾
oksumc	𫐿
okviyi	𫑁
oksulk	𫑅
okjbqi	𫑇
okviyu	𫑈
okbmyr	𫑊
oksumz	𫑋
okqmwf	𫑍
okviyj	𫑎
oknavu	𫑏
oksuli	𫑐
okgonm	𫑑
oksubw	𫑒
okviyk	𫑔
okvrer	𫑘
okyter	𫑛
okvcer	𫑜
okyier	𫑝
okyjer	𫑟
okmmer	𫑡
okbhvs	𫑢
okwwer	𫑤
okiyer	𫑥
okyjer	𫑦
okquer	𫑧
okyuer	𫑨
okyher	𫑩
oklwer	𫑪
okvier	𫑫
okqker	𫑭
oklhgc	𫑯
oklser	𫑰
oklhic	𫑱
okyzwj	𫑳
okyzcy	𫑴
okyzyb	𫑵
okyzdz	𫑶
okyzqm	𫑷
okpwjb	𫑸
okyzld	𫑹
okyzui	𫑺
okyzzy	𫑼
okyzuu	𫑽
okyzjn	𫑿
oklifu	𫒁
okerli	𫒂
okvsni	𫒃
okvsnp	𫒅
okjbuh	𫒆
okjbto	𫒇
okjbnv	𫒈
okjber	𫒉
okjbfg	𫒊
okjbwf	𫒋
okjbjp	𫒌
okjbwu	𫒍
okjbuv	𫒎
okjbmb	𫒏
okjbii	𫒐
okjbqq	𫒒
okjbwd	𫒓
okjbug	𫒔
okjbxi	𫒖
okjbye	𫒗
okjbfz	𫒘
okjbuz	𫒙
okjbyi	𫒚
okjbzi	𫒛
okjbgg	𫒝
okjbjp	𫒞
okjbyu	𫒟
okjbxi	𫒠
okjbhj	𫒢
okjbwh	𫒥
okjbvi	𫒦
okjbyu	𫒧
okjbky	𫒨
okjbfg	𫒩
okjber	𫒪
okjbde	𫒫
okjbii	𫒬
okjbbc	𫒭
okjbbd	𫒲
okjbyu	𫒳
okjbke	𫒴
okjbwu	𫒷
okjbni	𫒼
okjbna	𫒾
okjbdd	𫒿
okjble	𫓀
okjbis	𫓁
okjbbo	𫓆
okjbll	𫓉
okjbda	𫓌
okjbfu	𫓍
okjbbi	𫓎
okjbgj	𫓏
okjbcs	𫓑
okjbns	𫓒
okjbyi	𫓔
okjbfu	𫓘
okjbww	𫓙
okjbcv	𫓚
okjbma	𫓟
okjbug	𫓠
okjbyi	𫓢
okjbba	𫓥
okjbzi	𫓦
okjbfu	𫓧
okjbge	𫓨
okjbcs	𫓩
okjbgs	𫓪
okjbxi	𫓫
okjbza	𫓬
okjbyh	𫓭
okjbiu	𫓮
okjbgv	𫓯
okjbxu	𫓰
okjbqn	𫓱
okjbxy	𫓲
okjbli	𫓳
okjbmz	𫓴
okjbif	𫓵
okjbyr	𫓶
okjbqi	𫓹
okjblu	𫓺
okjbnm	𫓻
okjbhe	𫓼
okjbzs	𫓽
okjbyu	𫓾
okjbiv	𫓿
okjbjm	𫔀
okjbbf	𫔁
okjbui	𫔂
okjblj	𫔃
okjbrz	𫔄
okjbso	𫔅
okjbba	𫔆
okjbuo	𫔈
okjbyk	𫔉
okjbsu	𫔊
okjbkr	𫔋
okjbsj	𫔌
okjbfj	𫔍
okjbij	𫔏
okjbgu	𫔐
okjbdj	𫔑
okjbxs	𫔒
okjbho	𫔓
okjblw	𫔕
okihns	𫔖
okihtm	𫔗
okmfuu	𫔘
okgsmf	𫔙
okmfvs	𫔚
okmfhx	𫔛
okmfgu	𫔜
okmfmu	𫔝
okmfyz	𫔞
okmfdd	𫔟
okmfds	𫔠
okmfdz	𫔡
okmfir	𫔢
okmfli	𫔣
okmfqi	𫔥
okmfui	𫔨
okmfmo	𫔩
okmfyi	𫔪
okwjmf	𫔬
okmfkd	𫔭
okmfyt	𫔮
okmfdz	𫔯
okmfbm	𫔰
okmfyi	𫔱
okmfxn	𫔲
okmfvv	𫔴
okmfvi	𫔵
okncwf	𫔹
okerda	𫔺
okerwf	𫔻
okeryz	𫔼
okerug	𫔽
okerer	𫔾
okyhdk	𫔿
okergr	𫕀
okerwu	𫕁
okerjq	𫕂
okerju	𫕄
okerhe	𫕈
okeryr	𫕉
okerbm	𫕌
okerxr	𫕍
okerwg	𫕎
okerul	𫕐
okerfu	𫕑
okerdi	𫕒
okerln	𫕔
okaayb	𫕖
okvvcs	𫕚
okuevv	𫕛
okwuvv	𫕜
okyuer	𫕝
okyutu	𫕞
okyuyt	𫕟
okyuba	𫕠
okyubw	𫕡
okyumu	𫕢
okwjxt	𫕣
okyurf	𫕤
okyuyr	𫕥
okyuwf	𫕦
okyuff	𫕧
okyucj	𫕨
okyuhs	𫕩
okyulp	𫕪
okyuvf	𫕫
okyule	𫕬
okyuww	𫕯
okyuji	𫕱
okyuyu	𫕲
okyujp	𫕴
okyuze	𫕵
okyubi	𫕶
okyugr	𫕷
okqkge	𫕸
okqkug	𫕹
okqkbj	𫕺
okqkqk	𫕻
okqkjk	𫕼
okhefw	𫕽
okvifw	𫕾
okmmmo	𫖀
okmmvc	𫖁
oknamm	𫖂
okmmgv	𫖃
okjxmm	𫖄
okgels	𫖅
okgevi	𫖆
okgehx	𫖇
okyuge	𫖈
okgetj	𫖊
okgedm	𫖋
okwunq	𫖌
okwwfu	𫖍
okjkww	𫖎
okwwmj	𫖏
okwwjb	𫖑
okwwbi	𫖒
okwwbw	𫖓
okwwgz	𫖕
okwwdg	𫖖
okybdz	𫖗
okybbm	𫖘
okybvf	𫖙
okybyb	𫖚
okybhx	𫖛
okybmu	𫖜
okbiye	𫖝
okiiye	𫖞
okvfye	𫖣
okwuye	𫖤
okuyuh	𫖦
okyejk	𫖧
okqiye	𫖪
okybye	𫖫
okyevf	𫖬
oktdye	𫖭
okqiye	𫖮
okvcye	𫖯
okdoye	𫖰
okgfye	𫖱
okyrye	𫖲
okjyye	𫖳
okzeye	𫖴
okytye	𫖵
okjmye	𫖶
okyeye	𫖷
okyrye	𫖸
okqiye	𫖹
okfjye	𫖺
okgsfg	𫖻
okbifg	𫗅
okfghv	𫗆
okfgri	𫗇
okfgbo	𫗈
okfgfg	𫗉
okfgyb	𫗊
okfgse	𫗋
okbffw	𫗌
oklcui	𫗍
okuiju	𫗎
okuiyz	𫗏
okuiqr	𫗐
okuian	𫗒
okuigc	𫗓
okuinj	𫗕
okuimm	𫗖
okuimw	𫗗
okuize	𫗙
okjmui	𫗚
okuige	𫗛
okuixu	𫗜
okuijm	𫗝
okuigj	𫗞
okuiyr	𫗟
okuiih	𫗠
okuigu	𫗡
okuiva	𫗢
okuibi	𫗣
okuijy	𫗥
okuifu	𫗦
okuiuu	𫗧
okuill	𫗨
okuilo	𫗩
okuiww	𫗪
okuihu	𫗫
okuiww	𫗭
okuihl	𫗮
okuihz	𫗯
okuivv	𫗰
okuijm	𫗱
okuisi	𫗲
okuiql	𫗳
okuixl	𫗵
okuzhu	𫗶
okuzdd	𫗷
okuzxi	𫗸
okuzao	𫗺
okuzmn	𫗻
okxlgv	𫗼
okxlqr	𫗽
okxlvi	𫗾
okxlfw	𫗿
okxlao	𫘀
okxlze	𫘁
okxlji	𫘂
okxlxb	𫘃
okxlbc	𫘄
okmaia	𫘅
okmafu	𫘆
okmapi	𫘇
okmauu	𫘈
okmaho	𫘉
okmaxi	𫘊
okmaqk	𫘋
okmahu	𫘌
okmuma	𫘎
okmamm	𫘏
okmavs	𫘐
okmamw	𫘑
okmavr	𫘒
okmajm	𫘕
okvima	𫘖
okmald	𫘗
okluma	𫘘
okmafg	𫘙
okmaff	𫘚
okmagj	𫘛
okmawf	𫘜
okmagk	𫘝
okmapi	𫘟
okmavi	𫘠
okmagl	𫘡
okmaxk	𫘢
okmahj	𫘣
okmayi	𫘤
okmaky	𫘥
okmalu	𫘧
okmaui	𫘨
okmahl	𫘩
okmayr	𫘪
okmayj	𫘫
okmaxi	𫘬
okmaul	𫘭
okmadi	𫘮
okmazg	𫘯
okmadj	𫘰
okguxu	𫘲
okgujm	𫘳
okguwu	𫘴
okgcln	𫘵
okqqgc	𫘶
okgczc	𫘷
okbnyi	𫘸
okbnjq	𫘹
okbnnv	𫘺
okbnrs	𫘻
okbnyz	𫘼
okbnhv	𫘽
okbnif	𫘾
okbnjy	𫘿
okbnmm	𫙁
okbnlz	𫙂
okgevs	𫙄
okgeys	𫙅
okgvba	𫙈
okgvfu	𫙉
okgvyh	𫙊
okligv	𫙋
okgxgv	𫙌
okgvmg	𫙍
okgvdj	𫙎
okyuyu	𫚈
okyugs	𫚉
okyuyi	𫚊
okyuvr	𫚋
okyuuc	𫚌
okyuff	𫚍
okyubk	𫚎
okyubf	𫚏
okyuyh	𫚐
okyubi	𫚑
okyufu	𫚒
oklpyu	𫚓
okyuhv	𫚔
okyuui	𫚕
okciyu	𫚖
okyuhe	𫚗
okyuhx	𫚘
okyufu	𫚙
okyudv	𫚛
okyugv	𫚜
okyugo	𫚝
okyujr	𫚠
okyuvz	𫚡
okyubm	𫚣
okyuzi	𫚤
okyuxx	𫚥
okyurs	𫚦
okyucc	𫚧
okyubu	𫚨
okyupg	𫚩
okyuzc	𫚫
okyuln	𫚬
okyuui	𫙏
okyucc	𫙐
okyuyb	𫙒
okyulu	𫙔
okyuxt	𫙕
okyuni	𫙖
okyumb	𫙗
okyuxi	𫙘
okyuse	𫙙
okyuxk	𫙚
okyulw	𫙛
okyuwh	𫙜
okyujr	𫙝
okyuyu	𫙟
okyuui	𫙠
okliyu	𫙣
okyuhh	𫙤
okyuuh	𫙥
okwuyu	𫙦
okyujb	𫙧
okyudr	𫙨
okyuzi	𫙩
okyuah	𫙬
okyujp	𫙮
okyuxq	𫙯
okyuqm	𫙱
okyuih	𫙲
okyufu	𫙳
okyuxi	𫙶
okyugv	𫙷
okyulj	𫙹
okyuji	𫙺
okyufu	𫙻
okyudg	𫙼
okyuwj	𫙽
okyuxb	𫚀
okyuvi	𫚁
okyujp	𫚂
okyubw	𫚄
okyuyr	𫚆
okyuuu	𫚇
okkdnn	𫛚
okvinn	𫛛
okbunn	𫛜
okdjnn	𫛝
oknngk	𫛞
oklsnn	𫛟
okvann	𫛠
okfjnn	𫛡
oknknn	𫛢
oknnxt	𫛣
okjxnn	𫛤
okjxnn	𫛥
okkxnn	𫛦
okbknn	𫛨
okannn	𫛩
okrunn	𫛪
okyrnn	𫛫
okyunn	𫛬
okklnn	𫛭
okbinn	𫛮
okfhnn	𫛯
okqinn	𫛰
okvonn	𫛱
okvznn	𫛲
okfunn	𫛳
okdjnn	𫛴
okqunn	𫛵
okhunn	𫛷
okuinn	𫛸
okmnnn	𫛹
oknnhz	𫛺
okdunn	𫛻
okgvnn	𫛼
oksunn	𫛽
okuenn	𫛿
okifnn	𫜀
okbinn	𫜁
okvhnn	𫜂
oktjnn	𫜃
okzynn	𫜄
oklnnn	𫜆
okyinn	𫚮
okbinn	𫚰
oknngz	𫚱
okrsnn	𫚲
oknnvj	𫚳
okhenn	𫚴
okmcnn	𫚵
okhunn	𫚶
okcenn	𫚷
oknnyz	𫚸
okpdnn	𫚺
okhcnn	𫚻
oknnyr	𫚼
okwunn	𫚾
okyznn	𫚿
oknann	𫛀
okwunn	𫛁
okbunn	𫛄
oknunn	𫛇
oknngu	𫛈
okyenn	𫛉
okfwnn	𫛊
okddnn	𫛋
okgenn	𫛌
okxnnn	𫛎
okgonn	𫛐
okshnn	𫛑
oknnhx	𫛓
okwwnn	𫛔
okjnnn	𫛕
oktjnn	𫛗
oklumi	𫜇
okmwlu	𫜈
okluyu	𫜉
okluwf	𫜊
okluli	𫜋
okluqm	𫜌
okluge	𫜍
oklblu	𫜏
okmdhu	𫜐
okmdfg	𫜑
okmdta	𫜒
okmdyr	𫜓
okmdbw	𫜔
okmaji	𫜖
okmali	𫜗
okfuhl	𫜘
okhwmm	𫜙
okhwhu	𫜚
okhwfw	𫜛
okhwmm	𫜞
okqqmm	𫜟
okdkzi	𫜠
okdkph	𫜡
okuuhg	𫜢
okuudg	𫜣
okbiqr	𫜤
okiifu	𫜦
okiiba	𫜨
okiijn	𫜪
okiifu	𫜫
okiixi	𫜬
okiiso	𫜭
okiiyj	𫜮
okiihd	𫜯
okxmii	𫜰
okyzls	𫜲
okrjgv	𫜳
okffly	𫜴
okqikl	𫝁
okpprf	𫝄
okrfjy	𫝈
okbkjm	𫝎
okbkyj	𫝏
okvili	𫝑
okjqui	𫝒
okkzyz	𫝘
okxluh	𫝙
okxlts	𫝛
okkzza	𫝜
okkzwu	𫝞
oksvtu	𫝡
okjrtm	𫝤
okmwll	𫝥
oknvbw	𫝦
oknvqi	𫝧
oknvjy	𫝨
oknvuz	𫝩
oknvgs	𫝪
oknvld	𫝫
oknvgv	𫝬
oknvyk	𫝭
oknvlj	𫝮
okujgs	𫝳
okujhz	𫝴
okujuz	𫝵
okuzuk	𫝺
okuzhv	𫝻
okuzxq	𫝽
okuzmd	𫝾
okvliu	𫝿
okfhyi	𫞀
okfhmw	𫞁
okriyu	𫞂
okytxy	𫞅
okuidm	𫞕
okmbdm	𫞖
okuvmb	𫞗
okuvzi	𫞚
okuvvu	𫞛
okuvqt	𫞝
okholk	𫞠
okhors	𫞡
okqrjm	𫞣
okwhbw	𫞥
okwhqi	𫞦
okwhlc	𫞧
okwhjm	𫞨
oktmyi	𫞫
okbkug	𫞬
okbkcd	𫞭
okbdju	𫞮
okmujl	𫞳
okppwu	𫞶
okhehv	𫞷
okheds	𫞸
oklidk	𫞻
oklizd	𫞼
okmixt	𫟀
oksihj	𫟂
oksirf	𫟃
oksihs	𫟄
oksijk	𫟅
oksivs	𫟆
oksiln	𫟇
okersi	𫟉
okytxi	𫟊
okccwd	𫟌
okcclk	𫟑
okccdj	𫟕
okisca	𫟗
okvsyi	𫟚
okyjvi	𫟞
okyjbj	𫟟
okyjdj	𫟠
okyjzs	𫟡
okyjjx	𫟢
okzush	𫟣
okieta	𫟤
okievf	𫟥
okiesv	𫟦
okvidk	𫟧
oklier	𫟫
okvier	𫟬
okkeer	𫟭
okyzdq	𫟮
okwfli	𫟯
okjbdh	𫟰
okjbjq	𫟲
okjbsi	𫟳
okjbff	𫟴
okjbyy	𫟵
okjbce	𫟶
okjbli	𫟷
okjbui	𫟸
okjbgs	𫟹
okjbhd	𫟺
okjbvz	𫟻
okjbda	𫟼
okjbgk	𫟽
okjbia	𫟿
okmflk	𫠂
okerxm	𫠃
okwwhd	𫠄
okwwge	𫠅
okviye	𫠆
okfgwf	𫠇
okfgbi	𫠈
okmahg	𫠉
okmaxr	𫠊
okmalu	𫠋
okmapn	𫠌
okyuvf	𫠍
okyujx	𫠎
okyumu	𫠏
okyugj	𫠐
okyusz	𫠑
okyuvh	𫠒
oknnhg	𫠓
okgsnn	𫠖
okiiuu	𫠙
okiixk	𫠛
okiier	𫠜
okhgve	𫠠
okhgge	𫠡
okuhdk	𫠢
okfgbc	𫠤
okbkve	𫠥
okwuxx	𫠧
okdvhg	𫠨
okyixx	𫠪
okbuyr	𫠫
okbuvs	𫠬
okbubu	𫠭
okvixx	𫠮
oknsxx	𫠯
okxxwo	𫠰
okgfvi	𫠱
okbuqu	𫠲
okxxly	𫠳
okqqhv	𫠴
okbukf	𫠶
okuhfg	𫠷
okuhxn	𫠸
okuhng	𫠹
okuhkf	𫠺
okbuxb	𫠻
okuhvo	𫠼
okuhqk	𫠽
okuhdg	𫠿
okjmbk	𫡁
okjmbk	𫡂
oknduu	𫡄
okjqjq	𫡅
okffvs	𫡇
okzivs	𫡉
okirjr	𫡌
okviir	𫡍
oklwir	𫡎
okrfpp	𫡏
okndge	𫡐
okrfcs	𫡑
okpprj	𫡒
okerpp	𫡓
okgegd	𫡔
okppqq	𫡕
okrfji	𫡖
okfgji	𫡗
okrfgk	𫡘
okgkhg	𫡙
okdvyu	𫡚
okyivi	𫡛
okdvzi	𫡜
okndui	𫡝
okwuwh	𫡟
okjqmd	𫡠
okqnyu	𫡡
okyitu	𫡢
okyiwf	𫡣
okyihe	𫡥
okvfjq	𫡦
okvedq	𫡧
okyiqq	𫡨
okmzyi	𫡪
okyinj	𫡫
okwjgo	𫡬
okmdyi	𫡭
okmiyi	𫡮
okicyi	𫡯
okuler	𫡱
okwuxx	𫡲
okjkji	𫡳
okwunj	𫡵
okyyuf	𫡶
okyabd	𫡷
okerqk	𫡸
okwhyr	𫡻
okmumu	𫡼
okjnlv	𫡽
okrfhg	𫢅
okrfqn	𫢆
okrfdc	𫢈
okrfgj	𫢉
okbage	𫢊
okrftm	𫢋
okrfdj	𫢌
okjbrf	𫢍
okrfyy	𫢎
okrfji	𫢐
okrfiy	𫢑
okrfls	𫢒
okrfui	𫢓
okrfgv	𫢔
okrgge	𫢖
okrfvf	𫢗
okrfdv	𫢘
okrfds	𫢙
okrfye	𫢜
okrfyu	𫢝
okrfyz	𫢞
okrfgs	𫢟
oklkdc	𫢣
okrfhs	𫢦
okrflb	𫢧
okrfmf	𫢨
oknijb	𫢩
okrflm	𫢪
okddui	𫢫
okrflc	𫢬
okrfhx	𫢮
okrfya	𫢯
okrfug	𫢰
okrfxm	𫢲
okdixx	𫢵
okrfdm	𫢶
okrfxl	𫢷
okrfdj	𫢸
okrfis	𫢹
okrfcj	𫢺
oktddd	𫢼
okrfbd	𫢾
okrfwd	𫣀
okrfyk	𫣂
oklkan	𫣃
okrfqi	𫣅
okrfen	𫣆
oklvpu	𫣇
oklvwf	𫣈
okrfjm	𫣉
okrfai	𫣊
okrfuk	𫣐
okrfrr	𫣑
okrfde	𫣓
okrfvh	𫣖
okrftj	𫣗
okldli	𫣙
oklild	𫣚
okqmqm	𫣛
oklyqr	𫣝
okrfxu	𫣞
okrfju	𫣟
okrfvi	𫣠
okrffu	𫣡
okrfmj	𫣢
okrfww	𫣤
okrfdi	𫣥
okrftk	𫣦
okrfvi	𫣧
okrfdk	𫣨
okrfxb	𫣩
okpmuc	𫣪
okrfuu	𫣫
okbcli	𫣯
okufyr	𫣰
okpmfj	𫣱
okrfxm	𫣴
oksivf	𫣵
okrfkc	𫣶
okrfkr	𫣷
oksgui	𫣸
okheqn	𫣹
okqmvg	𫣺
okrfld	𫣻
okrflb	𫣼
okrfjn	𫣾
okthvi	𫤁
okrfxk	𫤂
okrfbi	𫤃
okuitv	𫤄
okrfhd	𫤇
oksutv	𫤈
okqklv	𫤉
okyuyh	𫤋
okqrly	𫤍
okqkvg	𫤎
okqkyk	𫤏
okrfqm	𫤐
okpmvi	𫤑
okqkrs	𫤒
okqktv	𫤓
okrfyk	𫤔
okqkpn	𫤕
okyrta	𫤙
okgllk	𫤚
okdvfg	𫤛
okxsdi	𫤜
okyruz	𫤞
okxshl	𫤟
okxmky	𫤠
okgllw	𫤡
okxmij	𫤢
okycji	𫤣
okglil	𫤤
okglyc	𫤦
okqrqr	𫤪
okbamm	𫤫
okcjba	𫤯
okqiji	𫤱
okqivh	𫤴
okghqu	𫤷
okbcif	𫤹
okbchj	𫤺
okbcjt	𫤼
okbkyi	𫤾
okbkyu	𫤿
okbkui	𫥀
okbkjb	𫥁
okbkyt	𫥂
okbkyb	𫥃
okbkvj	𫥄
okbkyh	𫥅
okbkys	𫥆
okbkvc	𫥈
okbkvi	𫥉
okbkww	𫥊
okbkgf	𫥋
okbkns	𫥌
okbkyj	𫥍
okbkmw	𫥏
okbkde	𫥐
okbkci	𫥑
okbkyu	𫥓
okbkqb	𫥔
oklggj	𫥕
oklgwd	𫥖
oklgji	𫥘
okbkcj	𫥚
okbkzc	𫥛
oklgzu	𫥜
okbkqb	𫥝
okiubk	𫥤
okwuiu	𫥫
okiucc	𫥬
okmjiu	𫥭
okdcda	𫥰
okdczi	𫥱
oktddc	𫥲
oklidc	𫥳
okbadc	𫥴
oklidc	𫥵
okpkdc	𫥶
oktudc	𫥷
okdcvj	𫥸
okyedc	𫥺
okdclk	𫥻
okyadc	𫥼
okqndc	𫥽
okmidc	𫥾
okjndc	𫥿
okuidc	𫦀
okbfdc	𫦃
okyidc	𫦄
oksudc	𫦅
okzudc	𫦆
okzurf	𫦈
oklzdc	𫦉
okybdc	𫦊
okjldc	𫦋
okjtdc	𫦌
oksodc	𫦎
oknadc	𫦏
okgcdc	𫦑
okdidc	𫦒
okzudc	𫦓
okjldc	𫦔
okqndc	𫦙
oklsdc	𫦞
oksvge	𫦢
oklihg	𫦤
okjxhg	𫦥
okzoli	𫦦
oklifj	𫦧
okmili	𫦨
okllli	𫦩
okyrli	𫦪
okjqvu	𫦬
oklill	𫦭
okqili	𫦮
oklbli	𫦯
oklcli	𫦰
okjtli	𫦳
okhlli	𫦴
oknkvu	𫦵
oknjlc	𫦶
oklcli	𫦸
oknjjp	𫦻
okvdli	𫦼
okqbug	𫦽
okxtli	𫦾
okbctu	𫧀
okbcir	𫧁
okgcuc	𫧂
okwuhv	𫧃
okbcvf	𫧄
okbibi	𫧇
okufbi	𫧈
okklkl	𫧋
okklri	𫧍
okklvi	𫧎
okklcs	𫧏
okklmu	𫧐
okklgf	𫧑
okklts	𫧒
okklfu	𫧓
okyixs	𫧕
okklhl	𫧖
okqudi	𫧜
oknuui	𫧞
okbjyi	𫧟
okgufg	𫧡
oknjge	𫧣
okuivr	𫧤
okuimj	𫧥
oklvge	𫧦
oklmug	𫧧
okvowf	𫧩
okugns	𫧪
okwuvu	𫧬
okvozc	𫧭
okmdbu	𫧮
okvjnw	𫧯
okbuhu	𫧰
okkake	𫧱
okkahs	𫧲
okkaho	𫧳
okvjvo	𫧴
okkaye	𫧵
okkajk	𫧶
okvfdg	𫧸
okdker	𫧹
okrfer	𫧺
oklrcc	𫧼
oklrvl	𫧾
oklrmd	𫧿
okihjb	𫨂
okihww	𫨃
okihbm	𫨄
okihbd	𫨅
okihjx	𫨆
okihyh	𫨇
okihgu	𫨊
okihuh	𫨋
okihye	𫨌
okzewo	𫨎
okihyb	𫨏
okihma	𫨑
okihbj	𫨕
okihbu	𫨚
okihjs	𫨛
okihyb	𫨜
okihys	𫨠
okyjqi	𫨥
oksibu	𫨦
okggsi	𫨨
oksivf	𫨫
okquld	𫨬
okquyi	𫨭
okquue	𫨮
okqubw	𫨯
okbwqu	𫨰
okqnyz	𫨲
okdjyz	𫨳
okwwyz	𫨴
okwuyz	𫨵
okqpyz	𫨶
okbdyz	𫨷
okuiyz	𫨸
okulpi	𫨹
okviyz	𫨺
okdsyz	𫨽
okxlyz	𫨿
okndyz	𫩀
okulzu	𫩅
okliyz	𫩆
okliqu	𫩉
okfjlw	𫩍
oklyul	𫩎
okkluu	𫩏
okkzqn	𫩐
okkzjb	𫩒
okkzwh	𫩔
okkzgl	𫩕
okkzmf	𫩖
okkzia	𫩗
okkzvs	𫩘
oklvve	𫩙
okkzgh	𫩚
okkzcs	𫩛
okkzvx	𫩜
okkzvi	𫩝
okkzqn	𫩟
okthkz	𫩠
okkzbw	𫩡
okkzui	𫩢
okyhkz	𫩣
okkzye	𫩤
okkzjq	𫩥
oklkkz	𫩧
okwjkz	𫩨
okkziu	𫩩
okkzlj	𫩪
okkzyj	𫩫
okkzzc	𫩭
okkzis	𫩮
okkzqi	𫩯
okkzxm	𫩱
okkzhz	𫩲
okkzww	𫩳
okkzli	𫩵
oklikz	𫩶
okkzbm	𫩸
okkzsi	𫩹
okkzjb	𫩺
okmakz	𫩼
okkzkh	𫩽
okkzbj	𫩾
okkzgo	𫪀
okkzld	𫪁
okkzyj	𫪂
okkzli	𫪃
okkzjm	𫪄
okkzui	𫪅
okkzxi	𫪈
okvivi	𫪉
okuiui	𫪊
okwokz	𫪋
okkzif	𫪌
okkzqb	𫪍
okkzkk	𫪎
okkzju	𫪐
okkzbj	𫪒
okkzmm	𫪓
okgusi	𫪔
okhcxm	𫪕
okkzwu	𫪗
okkzou	𫪘
okkzvj	𫪚
okkzih	𫪛
okkzff	𫪝
okhzui	𫪣
okkzqr	𫪤
okkzii	𫪥
okkzvi	𫪦
okkzxn	𫪧
okxsgl	𫪨
okviyz	𫪩
okkzvi	𫪪
okviyz	𫪫
okkzlk	𫪬
okkzdi	𫪭
okkzmu	𫪰
okkzux	𫪱
okkzbk	𫪲
okkzbg	𫪴
okkzgs	𫪵
okkzwa	𫪶
okwusi	𫪸
oknsgu	𫪹
okkzdd	𫪺
okkzpo	𫪼
okkzqb	𫪽
okkzfw	𫫁
okkzhd	𫫂
okkzai	𫫃
okkzxp	𫫄
okkzdz	𫫅
okkzee	𫫇
okbuhe	𫫈
okkzvi	𫫊
okkzlb	𫫋
okpzvc	𫫌
okkzfj	𫫏
oklhkz	𫫐
oklkzu	𫫑
okkzuu	𫫒
okkzdm	𫫓
okkzee	𫫖
okfzfz	𫫘
okkzcd	𫫜
okuenm	𫫞
okkztz	𫫟
okkzsu	𫫠
okkzan	𫫡
okkzbw	𫫢
okkzqm	𫫣
okkzcs	𫫥
okkzyj	𫫦
okkzvh	𫫧
okkzbj	𫫨
okkzqs	𫫩
okkzkr	𫫬
okkzvh	𫫮
okkzmc	𫫯
okkzuy	𫫰
okkzdy	𫫲
okkzts	𫫴
okkzlv	𫫵
okkzvj	𫫷
okxtkz	𫫸
oktyyj	𫫹
okkzpb	𫫺
okkzxr	𫫻
okkzpb	𫫾
okkzlk	𫫿
okkzdo	𫬀
okkzlq	𫬂
okkzhx	𫬃
okkzfj	𫬆
okyrju	𫬊
okkzpw	𫬍
okueli	𫬎
okkzln	𫬏
okkzsd	𫬐
okvcww	𫬑
okkzsa	𫬒
okkzlc	𫬓
okddvu	𫬕
okkzvh	𫬖
okmkwf	𫬚
okkzvy	𫬛
okkzqb	𫬜
okkzua	𫬝
okkzxk	𫬞
okkzdm	𫬟
okkzlj	𫬠
okyryk	𫬡
okkugo	𫬢
okkumn	𫬣
okkzni	𫬤
okkzsu	𫬥
okkzud	𫬧
okuhbf	𫬩
oklblb	𫬪
okkzji	𫬬
okkzxx	𫬭
okwusv	𫬮
okkzmd	𫬱
okkzji	𫬵
okkzqi	𫬷
okxifu	𫬸
okkzxi	𫬹
okkzjk	𫬺
okkzjt	𫬻
okkziu	𫬼
okkzyk	𫬿
okkzjm	𫭀
okkzli	𫭁
okklui	𫭂
okklyb	𫭃
okklww	𫭆
okklcy	𫭇
okklxy	𫭈
okklhj	𫭉
okklhs	𫭊
okklyu	𫭌
okklyh	𫭍
okklyu	𫭎
okklyb	𫭏
okhvlv	𫭐
okklmd	𫭑
okgoro	𫭔
oklyyr	𫭕
oktuyi	𫭖
oktuba	𫭗
oktuer	𫭘
oktukz	𫭙
oktuxn	𫭚
oktutm	𫭛
oktusa	𫭜
oktufu	𫭝
oktuvr	𫭞
oktuqu	𫭟
okvitu	𫭠
oktupm	𫭡
oktuly	𫭢
oktuji	𫭤
oktuww	𫭥
oktulk	𫭦
oktuyy	𫭧
oktufa	𫭨
okditu	𫭩
oktuyc	𫭪
oktuui	𫭫
oktuqu	𫭭
oktuze	𫭮
oktuxy	𫭯
oktuvi	𫭰
oktuyj	𫭲
okgvji	𫭳
oklitu	𫭴
oktunq	𫭵
oklgtu	𫭶
oktuyj	𫭷
oktuhg	𫭸
oknatu	𫭹
oktuji	𫭻
oktulc	𫭼
oktulo	𫭽
oktujb	𫭾
oktuvz	𫮀
oktuzs	𫮁
oktumn	𫮂
oktudj	𫮃
okaatu	𫮄
oktucj	𫮅
oktugu	𫮆
oktuli	𫮈
oktupk	𫮉
oktuyr	𫮊
okwdzo	𫮋
oktull	𫮌
okpdtu	𫮏
oktuuz	𫮐
oktujm	𫮑
oktupo	𫮒
oktuyu	𫮓
oktuqb	𫮔
oktudc	𫮖
oktuvf	𫮗
oktulb	𫮚
oktuky	𫮞
okyutu	𫮟
oktupj	𫮠
oktudj	𫮡
oktuts	𫮢
okquzo	𫮣
okdvji	𫮥
oktubw	𫮦
oktuxl	𫮧
oktudg	𫮨
oktuwo	𫮪
oktuql	𫮬
okjbke	𫮭
oktuwj	𫮮
okcrtu	𫮯
okjinm	𫮱
oktumu	𫮲
okturs	𫮴
okmdpz	𫮷
okcjtu	𫮸
okyutu	𫮻
oktuii	𫮼
oktuql	𫮽
okistu	𫯀
okugnu	𫯅
okyirs	𫯈
okmzwu	𫯊
okmwwf	𫯋
okdodk	𫯍
okximw	𫯎
okyiwd	𫯏
okdobf	𫯐
okufxi	𫯑
okdons	𫯒
oklddo	𫯓
okqido	𫯔
okruwd	𫯕
okdoss	𫯖
okdojr	𫯗
okdolm	𫯙
okdonh	𫯚
okppda	𫯛
okdajb	𫯜
okuhtm	𫯝
okdavs	𫯞
okiynq	𫯠
okdapk	𫯡
okdayt	𫯢
okdoyu	𫯣
okfugu	𫯤
okdasv	𫯥
okdaui	𫯦
okdazo	𫯧
okwwtm	𫯨
okbftm	𫯩
okdafu	𫯫
oktmky	𫯬
okdayh	𫯭
okdauy	𫯮
okfuvs	𫯰
okvuyi	𫯲
okvsfu	𫯳
okdabu	𫯵
okdayr	𫯶
okdasv	𫯻
okqive	𫯽
oktche	𫯾
okqida	𫰁
okuedj	𫰂
okjxye	𫰃
okxige	𫰄
oksuda	𫰅
oknvyi	𫰆
oknvsi	𫰇
oknvxx	𫰈
oknvfj	𫰉
okirnv	𫰊
oknvqr	𫰋
oknvwu	𫰌
oknvww	𫰍
oknvya	𫰎
oknvvi	𫰏
oknvqm	𫰑
oknvyt	𫰒
oknvnq	𫰔
oknvrg	𫰕
oknvuv	𫰖
oknvkj	𫰘
oknvqm	𫰙
oknvzd	𫰝
oknvlp	𫰞
oknvdh	𫰠
oknvhx	𫰡
oknvhv	𫰢
oknvli	𫰣
oknvmi	𫰤
oknvuz	𫰦
oknvyh	𫰧
oknvmd	𫰨
oknvxn	𫰪
oknvgh	𫰬
oknvii	𫰭
oknvky	𫰯
oknvqm	𫰰
okmmnv	𫰲
oknvhg	𫰳
oknvlc	𫰴
okwwnv	𫰵
okpinv	𫰷
okjmmc	𫰸
okgvnv	𫰹
oknvyu	𫰺
oknvwh	𫰻
oknvyy	𫰼
oknvjb	𫰾
oknvnm	𫱁
oknvhj	𫱂
okjmhe	𫱅
oknvfu	𫱆
oknvbw	𫱉
oknvhe	𫱊
oknvbd	𫱋
oknvgr	𫱌
oknvll	𫱍
okwhgs	𫱏
oknvyi	𫱐
oknvbm	𫱑
oknvpw	𫱓
oknvgs	𫱔
oknvjm	𫱕
okruhe	𫱖
oknvna	𫱗
oknvwf	𫱚
oknvyh	𫱛
oknvgs	𫱜
oknvzi	𫱝
oknvnj	𫱞
oknvgv	𫱟
oknvvl	𫱡
oknvgo	𫱣
okbkwh	𫱤
oknvuh	𫱨
oknudu	𫱩
okhcuh	𫱪
oknvxi	𫱫
okguww	𫱬
oknvwf	𫱭
oknvhv	𫱮
oknvtc	𫱰
oknvjy	𫱳
oknvzy	𫱵
oknvsu	𫱷
okjmtd	𫱸
oknvqq	𫱹
oknvgu	𫱺
oknvjk	𫱻
oknvcj	𫱼
oknvxr	𫱽
oknvyr	𫱾
okernv	𫲅
oknvyi	𫲆
oknvrs	𫲇
oknvfg	𫲉
oknvxy	𫲊
oknvln	𫲋
oknvmo	𫲍
oknvmu	𫲎
oknvmj	𫲏
oknvuh	𫲐
oknvjn	𫲔
oknvzj	𫲗
oknvls	𫲘
oknvsv	𫲙
oknvww	𫲛
oknvlj	𫲝
okziyz	𫲡
okziju	𫲢
okvczi	𫲤
okziyi	𫲥
okzidv	𫲦
okzijb	𫲧
okqpzi	𫲨
okrozi	𫲩
okyzzi	𫲪
okyyve	𫲬
okzijk	𫲭
okvcsy	𫲰
oksizi	𫲱
okcyqy	𫲳
okbctu	𫲵
okbcrf	𫲶
okbcfu	𫲷
okbcfg	𫲸
okbcvs	𫲹
okbcvi	𫲺
okbcwu	𫲻
okbcji	𫲼
okbcxb	𫲽
okbcli	𫲿
okbcyz	𫳀
okbcya	𫳃
okbcyh	𫳅
okbctk	𫳋
okbcyz	𫳌
okbcxk	𫳐
okbcyj	𫳑
okbcds	𫳒
okgsyz	𫳓
okbchu	𫳔
okbcpg	𫳕
okzink	𫳘
okbcvf	𫳚
okbcye	𫳜
okbcmn	𫳝
okbcyh	𫳞
okbcdr	𫳟
okmiho	𫳡
okbcjm	𫳣
okbcyr	𫳧
okbcyb	𫳪
okmizd	𫳬
okbchv	𫳯
okbcqq	𫳰
okbcjb	𫳱
okyisi	𫳲
okbcif	𫳳
oklche	𫳵
okhdji	𫳶
okmiwu	𫳹
okbcuu	𫳺
okbcjl	𫳻
okybxb	𫳾
okybmb	𫴃
okbcwj	𫴆
okjiys	𫴇
okbcyi	𫴌
okbcyj	𫴍
okbcpi	𫴎
okhjgj	𫴐
okbbuj	𫴑
okbcfu	𫴗
okmicf	𫴚
oknkta	𫴞
okxyxb	𫴭
okderf	𫴮
okzecy	𫴯
okxymw	𫴱
okxyna	𫴲
okxyns	𫴳
okmjcy	𫴴
okxybd	𫴵
okxylw	𫴷
okxnri	𫴸
oknwxn	𫴹
okvaxn	𫴺
okucnw	𫴻
okbixn	𫴼
okthji	𫴽
okxnky	𫴾
okdexn	𫴿
okuhuh	𫵁
okdhpi	𫵃
okykxn	𫵄
okuhyi	𫵅
okugsi	𫵆
okmwer	𫵇
okmfxn	𫵈
oklhjm	𫵉
okucjp	𫵊
okyixn	𫵋
okuhiv	𫵌
okxnpb	𫵍
okyzbk	𫵎
okyzbi	𫵏
okytwu	𫵐
okuinw	𫵓
okuiyt	𫵔
okuivx	𫵕
okuiui	𫵖
okiiyb	𫵗
okuibi	𫵘
okjbcy	𫵛
okwwuj	𫵞
okiito	𫵟
okwwce	𫵡
okququ	𫵢
okwwqq	𫵣
okpkvc	𫵥
okjuyu	𫵦
okjbtd	𫵧
okpkvi	𫵨
okuixk	𫵪
oklvpi	𫵫
oklvgo	𫵭
okujui	𫵱
okujdk	𫵲
okujji	𫵳
okujyz	𫵴
okujyi	𫵵
okujww	𫵶
okujli	𫵷
okujdv	𫵹
okujse	𫵺
okujan	𫵻
okujgg	𫵼
okmwuj	𫵾
okujxq	𫵿
okujss	𫶀
okujyi	𫶁
okujan	𫶂
okujbm	𫶄
okujcj	𫶅
okujww	𫶆
okujdd	𫶇
okujpk	𫶈
okujwu	𫶉
okujjm	𫶊
okujlq	𫶌
okujmk	𫶍
okujrs	𫶎
okujee	𫶏
okujsh	𫶐
okujlb	𫶒
okujji	𫶓
okgjuj	𫶔
okujyk	𫶕
okyhuj	𫶖
okujlw	𫶘
okujkv	𫶙
okssge	𫶜
okujpb	𫶡
okujlu	𫶢
okujhg	𫶣
okujbm	𫶦
okyuir	𫶨
okgsgs	𫶫
okgsui	𫶬
okrfgs	𫶭
okgsyy	𫶮
okianv	𫶯
okiavi	𫶰
okqncc	𫶱
okgsuu	𫶳
okialv	𫶴
okband	𫶵
oksike	𫶶
oklvba	𫶷
okbali	𫶸
okyzsi	𫶹
okbajm	𫶻
okbala	𫶼
okjbbu	𫶽
okjbrf	𫶾
okfjpp	𫶿
okjbmc	𫷀
okfujb	𫷁
okjbji	𫷂
okfucs	𫷃
okjbjy	𫷅
okjbgh	𫷆
okxlui	𫷇
okxujb	𫷈
okjbxm	𫷉
okjbvf	𫷊
okjbqi	𫷋
okjbjm	𫷌
okboni	𫷍
okjbth	𫷎
okvijb	𫷏
okjbds	𫷐
okjbdh	𫷑
okjbtz	𫷒
okihly	𫷓
okgjqi	𫷔
okgjji	𫷖
oknmnu	𫷗
okpkpg	𫷚
oknmnj	𫷜
okpkqm	𫷝
oknmbw	𫷞
okyckc	𫷟
okyzvv	𫷤
okgljq	𫷥
okglcy	𫷦
okglgs	𫷧
okglvu	𫷨
okglyi	𫷩
okglbh	𫷪
okglld	𫷬
okglzu	𫷭
okglyb	𫷮
okilfj	𫷰
okglbf	𫷱
okglyj	𫷳
okglic	𫷴
okggfj	𫷵
okglqb	𫷷
okglui	𫷸
okgllz	𫷹
okglue	𫷺
okggbk	𫷻
okglvi	𫷼
okglyk	𫷾
okgldm	𫸃
okglpu	𫸆
okxuda	𫸉
okglis	𫸊
okglzo	𫸋
okglug	𫸌
okglvo	𫸍
okglqk	𫸎
okglmk	𫸏
okglvu	𫸐
okviui	𫸑
okvilu	𫸒
okjmia	𫸕
okxtcc	𫸖
okytcc	𫸗
oksicc	𫸙
okifcc	𫸚
okwwcc	𫸛
okfwcc	𫸝
okjtcc	𫸤
okgsda	𫸥
okgscc	𫸦
okgskz	𫸧
okdkfu	𫸨
okgsqu	𫸩
okgsgs	𫸪
okgsyz	𫸫
okybyb	𫸬
okgsci	𫸮
okgsli	𫸱
okijgs	𫸲
okgsbw	𫸳
okfuqp	𫸴
okgsna	𫸶
okybns	𫸷
okfuyc	𫸻
okdiyj	𫸽
okgsui	𫸾
okdjfj	𫸿
okgsii	𫹁
okpixt	𫹄
okvzui	𫹅
okyzuj	𫹉
okrfnv	𫹌
okrfvi	𫹍
okrfmu	𫹎
okrfpu	𫹏
okrfho	𫹐
okrfkj	𫹑
okrfli	𫹒
okrfyu	𫹓
okrfql	𫹕
okrfmb	𫹗
okrfmu	𫹘
okrffg	𫹚
okrfia	𫹜
okrfma	𫹞
okrfxn	𫹠
okrfjb	𫹡
okrfln	𫹣
okvidd	𫹦
okrfyj	𫹪
okxbqn	𫹫
okdcxn	𫹬
okndxb	𫹭
okxbyu	𫹮
okgjxb	𫹯
okxbmf	𫹰
okirxb	𫹱
okgexb	𫹳
okxbww	𫹴
okyrxb	𫹵
okxbuc	𫹶
okxbul	𫹷
okxbui	𫹺
okwwxb	𫹻
okxbds	𫹼
okbcxb	𫹾
oknkxb	𫹿
okjxxb	𫺁
okxbjx	𫺂
okxbhx	𫺆
okxbru	𫺈
okjrxb	𫺉
okxbqi	𫺊
okruxb	𫺋
okxbgs	𫺌
okxbbh	𫺎
okhjxb	𫺐
okxbjm	𫺒
okxbmf	𫺓
okjyxb	𫺔
okucxb	𫺕
okxblc	𫺘
okkjxb	𫺛
oktuxb	𫺜
okxbgg	𫺝
okpoxb	𫺠
oklkxb	𫺡
okxbpb	𫺢
okxbtj	𫺣
okxbvf	𫺤
okhjdc	𫺥
okffgj	𫺦
okxbbd	𫺨
okxbyh	𫺪
okxbvg	𫺫
okxbpk	𫺬
okxbdd	𫺭
okgsxb	𫺯
okxbxy	𫺰
okxbia	𫺳
okwhyr	𫺴
okgcxb	𫺵
okxbvf	𫺶
oknjxb	𫺷
okrrxb	𫺸
okxbkv	𫺹
okxbih	𫺺
okxbyj	𫺻
okxilk	𫺽
okffhj	𫺾
okxbsu	𫺿
okxbji	𫻀
oknugf	𫻂
okxbjk	𫻄
okpaji	𫻅
oknuhj	𫻈
okrffu	𫻉
okxbxr	𫻊
okpaui	𫻋
okxbci	𫻌
okuuxb	𫻍
okxbxb	𫻎
okxbpi	𫻏
okksui	𫻐
okxbkv	𫻑
oktuxb	𫻒
okxbjm	𫻔
okxbfu	𫻖
okxbyi	𫻗
okhurj	𫻜
okxbho	𫻞
okxbyi	𫻟
okkvzu	𫻣
okxbyj	𫻤
okjixb	𫻥
okqnge	𫻦
oklige	𫻧
okgeda	𫻨
okgefg	𫻩
okgexb	𫻪
okgeui	𫻫
oksige	𫻬
okgvge	𫻮
okgerz	𫻯
okgejn	𫻱
okqqge	𫻲
okgcge	𫻵
okvege	𫻷
okrsrs	𫻸
okuhge	𫻹
okhuge	𫻺
okerge	𫻻
okgevv	𫻼
okignm	𫻽
okvrge	𫼁
okvsfa	𫼂
okgenn	𫼃
okxige	𫼅
okgemd	𫼇
okhuge	𫼉
okhudm	𫼊
okhugv	𫼋
okhugs	𫼌
okhufu	𫼍
okhuve	𫼏
okhuju	𫼐
okveuz	𫼓
okuzdc	𫼔
okuzjq	𫼖
okuzma	𫼗
okuzdj	𫼘
okuzui	𫼙
okuzlq	𫼚
okuzdn	𫼛
okuzvj	𫼜
okuziu	𫼝
okuzhu	𫼞
okuzvu	𫼠
okuzbi	𫼣
okuzze	𫼤
okuzqi	𫼥
okuzhx	𫼧
okuzfu	𫼨
okuzij	𫼪
okuzbi	𫼫
okuzyi	𫼬
okuzns	𫼮
okuzbm	𫼯
okuzru	𫼰
okuzgs	𫼱
okuzld	𫼲
okuzmh	𫼳
okuzlv	𫼴
okuzlu	𫼵
okuzyi	𫼷
okuzhj	𫼹
okuzkl	𫼺
okuzbo	𫼻
okuzmf	𫼽
okuzji	𫼾
okuzgd	𫼿
okuzna	𫽀
okuzlm	𫽁
okjiff	𫽂
okuzji	𫽄
okuzhx	𫽇
okuzfu	𫽈
okuzxt	𫽊
okuzlo	𫽋
oktzwu	𫽌
okuzii	𫽎
okuzxn	𫽐
okuzhu	𫽒
okuznc	𫽔
okuzbm	𫽕
okuzzu	𫽖
okuzbw	𫽗
okuzxl	𫽙
okuzgz	𫽚
okuzjp	𫽜
okuzha	𫽞
oktzvc	𫽟
okuzpf	𫽡
okuzdu	𫽢
okuzjl	𫽣
okuzlu	𫽤
okuzju	𫽥
okuzrj	𫽦
okuzfw	𫽧
okuzdy	𫽫
okuzyr	𫽭
okuzdh	𫽮
okqmuz	𫽯
okuiri	𫽰
okuznn	𫽲
okuzbi	𫽳
okuzif	𫽴
okbagl	𫽶
okizyu	𫽹
okuzmj	𫽺
okuzye	𫽼
okuztz	𫽾
okuzpo	𫾀
okuzyj	𫾁
okuzqb	𫾂
okuzxn	𫾃
okuzll	𫾄
okuzyu	𫾆
okuzhx	𫾈
okuzwj	𫾊
okuzxl	𫾋
okuzds	𫾍
okuzpu	𫾎
okuziz	𫾏
okuzli	𫾐
okuzji	𫾑
okuzcv	𫾒
okuzqm	𫾔
okuzmu	𫾕
okbdyr	𫾖
okuzly	𫾗
okuztj	𫾘
okuzmo	𫾚
okuzlm	𫾛
okmoju	𫾝
okuziz	𫾡
okgcvi	𫾣
okycvi	𫾤
okvivd	𫾥
okrfpu	𫾦
oktowf	𫾧
okwfwf	𫾨
okvawf	𫾩
okjiwf	𫾪
okliwf	𫾫
okerwf	𫾬
okvuwf	𫾭
okifwf	𫾱
oklipu	𫾲
okuzwf	𫾳
okjmwf	𫾴
okhjwf	𫾵
okbmwf	𫾶
okucpu	𫾸
okhuwf	𫾹
okyiwf	𫾻
okycwf	𫾼
okmkwf	𫾽
oknmpu	𫾿
okjkwf	𫿀
okmnwf	𫿁
okhlwf	𫿃
okfhqp	𫿇
okngwf	𫿌
okhlwf	𫿍
okgdso	𫿐
okwwwf	𫿒
okfjwf	𫿓
okgrwf	𫿖
okuupu	𫿗
okdmwf	𫿚
okyjgj	𫿞
oklswf	𫿤
okfgwf	𫿩
okwfer	𫿭
okvgwf	𫿮
okziwf	𫿰
oklbwf	𫿱
okwfyj	𫿲
okyidz	𫿳
okdzfu	𫿴
okgvdz	𫿶
okqixp	𫿸
okxijb	𫿽
oklejb	𫿾
okfuln	𫿿
okfhpw	𬀎
okfhye	𬀗
okfhqi	𬀛
okjigo	𬀥
okqiri	𬀦
okrixx	𬀧
okrijq	𬀨
okriww	𬀩
okrijm	𬀪
okwfri	𬀫
okrigu	𬀬
okrilu	𬀭
okridv	𬀮
okrilp	𬀰
okriqi	𬀱
okrigr	𬀲
okriyi	𬀳
okjrri	𬀴
okzcui	𬀵
okxkdc	𬀶
okrfyh	𬀷
okridi	𬀹
okyiyi	𬀺
okrilu	𬀻
okdjvu	𬀼
okriky	𬀾
okrily	𬀿
okhyuc	𬁀
okriyi	𬁁
okmbri	𬁂
okriig	𬁃
okzckj	𬁄
okrihs	𬁅
okyrri	𬁆
okrivs	𬁇
okrilh	𬁈
okrixu	𬁊
okriqk	𬁋
okrirs	𬁎
okrivu	𬁑
okriwu	𬁒
okuihj	𬁔
okriyc	𬁕
okxklc	𬁖
okrifu	𬁗
okrilj	𬁘
okrixr	𬁙
okxkyu	𬁚
okrilm	𬁛
okrimg	𬁜
okrijn	𬁞
okricy	𬁟
okrixl	𬁠
okyzri	𬁡
okyiri	𬁢
okucri	𬁤
okkcqu	𬁥
okrivf	𬁨
okuuqp	𬁫
okjkmc	𬁬
okzgaa	𬁭
okzgtm	𬁮
okytui	𬁰
okytcd	𬁱
okytme	𬁲
okytma	𬁳
okytyy	𬁴
okytqu	𬁵
okwuyt	𬁶
okytyc	𬁷
okytch	𬁸
okiuyt	𬁹
okytya	𬁺
okytlw	𬁻
okciyt	𬁼
okytyr	𬁽
okytql	𬁿
okytry	𬂀
okytjy	𬂁
okytlo	𬂂
okyeyt	𬂃
okytdj	𬂅
oklhge	𬂆
okytbj	𬂇
okytmk	𬂊
okytng	𬂌
okxlyt	𬂏
okyzij	𬂑
okytug	𬂒
okkfqi	𬂕
okhguu	𬂛
okmuhg	𬂜
okmucy	𬂝
okuhmu	𬂞
okmuwu	𬂠
okmuwu	𬂡
okmujp	𬂣
okmuji	𬂤
okuuqi	𬂥
okwwww	𬂧
okcyge	𬂨
okmujx	𬂩
okdvmu	𬂫
okmufh	𬂬
okmuxl	𬂭
okmuua	𬂮
okmuns	𬂰
okthmu	𬂱
okmuwu	𬂳
okmuvu	𬂶
okmwuc	𬂸
okmubo	𬂺
okmuyi	𬂼
oklbwu	𬂽
okvili	𬂿
oklbwu	𬃂
okuuuu	𬃅
okmuyt	𬃆
okmuue	𬃉
okmuvi	𬃊
okmubo	𬃍
okmubc	𬃏
okmuhu	𬃐
okciuu	𬃔
okmuli	𬃗
okmuer	𬃘
oklbqu	𬃚
okmuxl	𬃛
okmumn	𬃝
okmupk	𬃟
okmupf	𬃠
okmuji	𬃡
okmugr	𬃧
okdimu	𬃨
okmuxm	𬃫
okmufw	𬃮
okyevu	𬃯
okkudj	𬃱
oklbye	𬃲
okmuyj	𬃳
oklbbd	𬃴
okuuuu	𬃷
okmucc	𬃸
okmuli	𬃹
okgoli	𬃻
okmuen	𬃼
oktemu	𬃿
okmuui	𬄁
okmuju	𬄃
oklbdv	𬄄
okmubm	𬄈
okmuhe	𬄋
okuuly	𬄍
okmubd	𬄎
okmudi	𬄏
okmuhl	𬄑
okhkmu	𬄕
okmuzu	𬄗
okmuyi	𬄘
okmuqi	𬄙
okmuee	𬄚
okmuxl	𬄝
okwwvu	𬄞
okmufw	𬄟
okmund	𬄠
okmujk	𬄣
okmuqi	𬄤
okmulj	𬄦
okyumu	𬄧
okmuqu	𬄨
okybmu	𬄩
okmumw	𬄪
okmutu	𬄫
okmuxm	𬄬
oklbui	𬄰
okmukv	𬄲
okmujq	𬄵
okfhsv	𬄶
okmumg	𬄺
okmula	𬅀
okkuee	𬅂
okmuxk	𬅊
okmuxb	𬅋
oklbyi	𬅐
okmuxy	𬅑
okuulw	𬅓
okmuls	𬅚
oklbli	𬅛
okqmcc	𬅝
okyuqm	𬅞
okqmxb	𬅟
okceqm	𬅡
okjxqm	𬅢
okvzqm	𬅣
okfuqm	𬅤
okgoqm	𬅥
okfuqm	𬅦
okcimu	𬅧
okveqm	𬅩
okggqm	𬅪
okbfqm	𬅫
okfjqm	𬅱
okyumf	𬅳
okklvi	𬅶
okdcvi	𬅷
okuhvi	𬅸
okquvi	𬅻
okcivi	𬅼
okifvi	𬅾
okciqp	𬅿
okvjzz	𬆂
okvgpw	𬆃
okvgyi	𬆄
okuhvg	𬆅
okwdmc	𬆆
okvgth	𬆈
okvjzz	𬆉
okvixt	𬆌
oksvnu	𬆎
okddui	𬆑
oklpge	𬆒
oklpjk	𬆓
okddzo	𬆖
oktdsi	𬆗
oksian	𬆘
okddyu	𬆙
okddlu	𬆚
oksisv	𬆜
okddcj	𬆝
okuuwh	𬆞
okjiuu	𬆟
okucuu	𬆠
okmpuu	𬆡
okvauu	𬆢
okvuuu	𬆤
okuuuu	𬆥
okgcuu	𬆧
okvvuu	𬆨
oknjuu	𬆩
okyuuu	𬆪
okgvuu	𬆬
okysuu	𬆳
okuimw	𬆶
okmuuu	𬆷
okmcqm	𬆼
okmcyy	𬆽
okmcjm	𬆾
okmcwu	𬆿
okmcdj	𬇀
okmccf	𬇁
okmcyb	𬇂
okpimc	𬇃
okbbmc	𬇄
okmcqu	𬇅
okmcyc	𬇆
okdpmc	𬇇
okdidc	𬇉
okuiui	𬇊
okhuui	𬇋
okuike	𬇌
okjnui	𬇍
okqimu	𬇏
okqidm	𬇐
okqipu	𬇑
okqiyr	𬇒
okqida	𬇓
okuvgs	𬇔
okuvwj	𬇕
okuvkz	𬇖
okuvgs	𬇗
okuvvr	𬇘
okuvbw	𬇙
okuvhr	𬇚
okuvbk	𬇞
okuvig	𬇠
okuvxu	𬇢
okuvzi	𬇤
okuvjr	𬇥
okjruv	𬇦
okjlvs	𬇧
okuvvi	𬇨
okuvdu	𬇩
okmuiu	𬇪
okuvba	𬇫
okuvyj	𬇬
okuaxx	𬇭
okmwwh	𬇮
okuvpj	𬇯
okuvmf	𬇰
okuvju	𬇴
okqqxm	𬇶
okuvyc	𬇷
okwubf	𬇸
okuvgo	𬇹
okuvxn	𬇼
okuvjm	𬇽
okyske	𬇾
okuvdj	𬈁
okuvmg	𬈂
okfavs	𬈅
okuvgz	𬈉
okuvke	𬈎
okuvdu	𬈏
okufni	𬈓
okuvfw	𬈕
okqkln	𬈚
okuvyr	𬈛
okuvyk	𬈜
okxixb	𬈞
okqimc	𬈢
okuvjk	𬈣
okniug	𬈤
okuvbb	𬈥
okuvce	𬈦
okuvse	𬈧
okuvqr	𬈨
okuvde	𬈫
okuvds	𬈭
oklqvi	𬈰
okuvpo	𬈱
okuvqi	𬈲
okuvwf	𬈳
okqkvs	𬈴
okuvju	𬈵
okuvzi	𬈶
okuvth	𬈷
okuvpu	𬈸
okuvbw	𬈺
okhcbd	𬈻
okfupk	𬈽
okhoye	𬈾
okuvnk	𬈿
okuvyi	𬉀
okuvmj	𬉁
okuvff	𬉂
okuvlv	𬉆
okuvvj	𬉉
okuvug	𬉊
okuvyi	𬉋
okuvif	𬉌
okuvvs	𬉎
okuvtv	𬉏
okmwye	𬉐
okuvhl	𬉒
okuvvf	𬉔
okuvyu	𬉕
okuvmi	𬉗
okphwf	𬉘
okqimn	𬉙
oknixk	𬉚
okuvfu	𬉜
okxiwd	𬉝
okhguv	𬉟
okuvrv	𬉡
okuvvj	𬉢
okuvdu	𬉤
okuvhj	𬉧
okllqr	𬉨
okuvbi	𬉭
okuvwu	𬉮
okqmns	𬉰
okuvlr	𬉲
okuvlr	𬉳
okhocy	𬉴
okdaho	𬉵
okyuho	𬉶
okhouh	𬉷
okhokz	𬉸
okxiho	𬉹
okhoji	𬉺
okgdho	𬉻
okhoqu	𬉼
okhodj	𬉾
okvxho	𬉿
okhofh	𬊀
okhorj	𬊁
okhoiu	𬊂
okhoci	𬊃
okhoxy	𬊈
okhoda	𬊉
okhons	𬊊
okhoqq	𬊋
okhovi	𬊌
okhouz	𬊍
okhogs	𬊎
okluhv	𬊐
okhoir	𬊑
okhoig	𬊒
okhoxq	𬊔
okhomm	𬊕
okhomb	𬊖
okhovj	𬊗
okyiho	𬊙
okmkho	𬊚
okyiho	𬊛
okholo	𬊜
okhojb	𬊝
okhopk	𬊠
okhohu	𬊡
okhonc	𬊢
okhojk	𬊣
okhodj	𬊤
okyjjm	𬊦
okjkho	𬊧
okhonu	𬊨
okhoia	𬊩
okyeho	𬊪
okhodm	𬊬
okhoxm	𬊭
okhody	𬊮
okhodu	𬊯
okhoyj	𬊰
okhodi	𬊱
okvfho	𬊲
okhocc	𬊳
okhodh	𬊵
okhojm	𬊶
okhoai	𬊺
oklkug	𬊽
oknjho	𬊾
okholm	𬊿
okhode	𬋂
okholm	𬋃
okhohv	𬋅
okvvho	𬋈
okhouy	𬋊
okhofu	𬋋
okhold	𬋍
okhoxp	𬋏
okuaho	𬋐
okpcxi	𬋗
okhoxk	𬋙
okpcxi	𬋚
okhohg	𬋛
okholi	𬋞
okvxrs	𬋤
okvxvi	𬋦
okvxyi	𬋧
okvgdk	𬋨
okyrge	𬋫
okvxvz	𬋬
okvxkj	𬋭
okuzvg	𬋮
okbivx	𬋰
okwwge	𬋱
okruwu	𬋲
okvxbc	𬋳
okjtyh	𬋺
okfuda	𬋻
okfuyh	𬋼
okpjdd	𬋿
okpjfu	𬌀
okpjli	𬌁
okpjds	𬌃
okpjfj	𬌌
okpjmd	𬌏
okpjxk	𬌐
okjlqp	𬌒
okpmxb	𬌓
okpmxb	𬌔
okpmti	𬌕
okytpm	𬌖
okyahe	𬌗
oknqba	𬌙
oknqda	𬌚
oknquc	𬌜
oknqiu	𬌝
oknqlv	𬌞
oknqui	𬌠
oknqgo	𬌡
okrunq	𬌢
oktege	𬌣
oknqyh	𬌤
oknqlz	𬌥
oknqui	𬌦
oknqgh	𬌧
okqrdm	𬌩
okqrcc	𬌪
okqrme	𬌫
okqrzo	𬌬
okqrmb	𬌭
okqryc	𬌮
okqrer	𬌯
okqrpd	𬌰
okqrbi	𬌱
okqryz	𬌲
okqrlk	𬌴
okqrlm	𬌵
okqrho	𬌶
okqrcj	𬌷
okqriy	𬌸
okqrnj	𬌹
okqryh	𬌺
okqrfu	𬌻
okqrru	𬌽
okqrph	𬌿
okqrlm	𬍁
okqrve	𬍃
okqrma	𬍄
okqryb	𬍅
okvuwf	𬍆
okqrwu	𬍇
okyuqr	𬍋
okgzku	𬍌
okvunj	𬍍
okvuns	𬍎
oklvxx	𬍏
okwhiu	𬍐
okwhuj	𬍑
okwhyy	𬍒
okwhmu	𬍓
okwhqp	𬍔
okwhhx	𬍕
okwhuv	𬍖
okwhyz	𬍘
okwhjm	𬍙
okwhva	𬍚
okwhle	𬍛
okwhnk	𬍜
okwhhs	𬍝
okmdyu	𬍞
okqryu	𬍟
okwhyi	𬍠
okthyu	𬍡
okjryu	𬍢
okwhru	𬍣
okwhxy	𬍤
okwhfu	𬍥
okwhlk	𬍦
okwhxb	𬍧
okwhuc	𬍨
okwhji	𬍪
okwhjp	𬍫
okwhxk	𬍬
okwhmm	𬍭
okwhgo	𬍯
okwhyj	𬍰
okwhmk	𬍱
okwhxl	𬍳
okwhzz	𬍴
okwhmm	𬍵
okwhyu	𬍶
okwhpk	𬍷
okwhdy	𬍸
okwhys	𬍺
okwhyr	𬍽
okpobi	𬍾
okwhyb	𬎀
okwhuj	𬎁
okwhhe	𬎂
okwhyi	𬎃
okwhsy	𬎄
okwhxt	𬎅
okwhyk	𬎆
okwhmo	𬎇
okwhwj	𬎈
okwhww	𬎉
okwhqb	𬎋
okwhyy	𬎌
okwhll	𬎎
okwhzi	𬎏
okwhda	𬎐
okwhlj	𬎑
okwhse	𬎓
okwhjb	𬎔
okwhxb	𬎖
okwhqm	𬎚
okwhjk	𬎛
okwhbc	𬎞
okwhuu	𬎠
okwhls	𬎡
okgxxs	𬎢
okgxfj	𬎣
okwasi	𬎤
okgswa	𬎥
okwatd	𬎦
okcswa	𬎧
okfzwa	𬎩
okhewa	𬎪
okniwa	𬎫
oktjwa	𬎬
okwavi	𬎭
okwavs	𬎮
okwagc	𬎯
okwayu	𬎰
okgjcd	𬎱
okufce	𬎲
okugmu	𬎳
okughe	𬎴
okugbi	𬎵
okuglk	𬎶
okerug	𬎸
okugvz	𬎹
okugqr	𬎺
oksvug	𬎼
okysge	𬎽
okyuyt	𬎾
okbatm	𬎿
oktmuc	𬏀
okyzji	𬏁
oktmer	𬏂
oktmhu	𬏃
okxktm	𬏄
oktmns	𬏇
oktmdk	𬏈
oktmwj	𬏉
oktmll	𬏊
okyzqi	𬏌
okfjgj	𬏎
oktmgc	𬏐
oktmnl	𬏒
okfjba	𬏓
okfjff	𬏔
okyzdj	𬏕
okfjci	𬏗
okbkhg	𬏚
okbkcd	𬏛
okbkma	𬏜
okbkhu	𬏞
okbkji	𬏟
okbkhr	𬏠
okbkwu	𬏡
okbkzo	𬏢
okbkxm	𬏣
okbkle	𬏤
okbkyb	𬏥
okbkfa	𬏦
okbkvi	𬏧
okbkva	𬏨
okbklp	𬏩
okbkan	𬏪
okbkjy	𬏫
okbkyu	𬏬
okbkii	𬏭
okbkgo	𬏮
okbkvi	𬏯
okbkmw	𬏱
okbkgh	𬏲
okbkvz	𬏳
okbkgk	𬏴
okbkmm	𬏶
okbkbf	𬏷
okbkgr	𬏸
okbkhw	𬏼
okbkmd	𬏽
okbkmg	𬏾
oklbfw	𬏿
okbkbi	𬐀
okbklj	𬐁
okbdhg	𬐃
okbdyy	𬐄
okbdwf	𬐅
okbdfj	𬐆
okbdui	𬐇
okbdkc	𬐈
okdhbd	𬐉
okgcbd	𬐊
okgshl	𬐋
okbdpi	𬐌
okhlyr	𬐍
okbdzu	𬐎
okhlfg	𬐑
okbapi	𬐒
okthpi	𬐓
okyspi	𬐔
okpifu	𬐕
okpiwu	𬐖
okxbmb	𬐘
okmbji	𬐙
okyumb	𬐞
okyugs	𬐟
okyhmb	𬐠
okwomb	𬐡
okqimb	𬐢
okqimb	𬐣
okfwmb	𬐤
oktomb	𬐥
okxmmb	𬐨
okbwsi	𬐩
okyiji	𬐭
oklvmb	𬐰
okgvmb	𬐲
okwumb	𬐳
okysmb	𬐷
okluge	𬐸
okqimb	𬑀
okmuge	𬑅
okmuly	𬑆
okmuih	𬑇
okmupk	𬑈
okmomu	𬑉
okmubf	𬑊
okmuqq	𬑋
okmuiu	𬑍
okmuiu	𬑎
okmuyz	𬑐
okmulc	𬑑
okmuyc	𬑒
okmuhx	𬑓
okmujy	𬑕
okmuxk	𬑖
okmujm	𬑗
okmuwu	𬑘
okmumd	𬑙
okviza	𬑚
okmunm	𬑛
okmubw	𬑜
okmuao	𬑞
okmuhz	𬑟
okmuvi	𬑠
okmuiu	𬑡
okmuji	𬑢
okmugc	𬑣
okmomu	𬑤
okmuqt	𬑥
okmuji	𬑦
okmumm	𬑧
okmuul	𬑨
okuvwu	𬑩
okmujt	𬑬
okmcuj	𬑭
okmczu	𬑮
okmctk	𬑯
okuibj	𬑰
okuink	𬑱
okuimw	𬑲
okuidi	𬑳
okuild	𬑴
okbjdr	𬑵
okdrgf	𬑶
okuivc	𬑷
okdrtu	𬑸
okuiih	𬑹
okuicy	𬑺
okuiqm	𬑻
okuime	𬑼
okjkui	𬑽
okuitm	𬑾
okuiwf	𬑿
okuiui	𬒀
okuiyc	𬒁
okuifh	𬒂
okuids	𬒃
okuiva	𬒄
okuiye	𬒆
okuilj	𬒇
okuihv	𬒊
okuido	𬒋
okuiyh	𬒌
okuiyr	𬒍
okuijm	𬒎
okuimw	𬒐
okuiwj	𬒑
okuiva	𬒒
okuilo	𬒓
okuikf	𬒔
okuisu	𬒕
okuilj	𬒗
okuixb	𬒘
okuimw	𬒙
okuijy	𬒚
okuizc	𬒝
okuiyb	𬒞
okuiqb	𬒠
okuiyj	𬒡
okuihx	𬒢
okuidk	𬒤
okuirs	𬒦
okuifa	𬒨
okykph	𬒩
okuiqm	𬒫
okppgs	𬒬
okppgk	𬒮
okppji	𬒯
okppiz	𬒰
okppjx	𬒱
okpppi	𬒳
okppfz	𬒴
okyiui	𬒵
okppuu	𬒶
okppfz	𬒷
okligs	𬒸
okppbw	𬒹
okppzu	𬒺
okppcf	𬒻
oklido	𬒼
okppjy	𬒽
okppbn	𬒾
okppdm	𬒿
okppan	𬓀
okuhui	𬓂
okpppg	𬓃
okppwj	𬓅
okppdk	𬓆
okppyi	𬓇
okppiy	𬓉
okpphr	𬓋
okuilh	𬓌
okppyi	𬓍
okppjb	𬓎
okppvi	𬓏
oklidd	𬓐
okppjb	𬓑
okligf	𬓓
okluge	𬓗
okpnpd	𬓘
okppzv	𬓙
okppqn	𬓚
okppjb	𬓛
okpnda	𬓜
okppyi	𬓝
okliqu	𬓞
okliyi	𬓟
okheji	𬓠
okppld	𬓡
okhejb	𬓢
okheji	𬓣
okheii	𬓤
okheis	𬓦
okrfhe	𬓧
oklivf	𬓪
okhegv	𬓫
okhewo	𬓬
okheuh	𬓮
okheye	𬓰
okhebf	𬓱
okhevf	𬓲
okhejp	𬓳
okhewg	𬓵
okuuyi	𬓸
okhexp	𬓹
oktugv	𬓼
okhell	𬓾
okhedj	𬓿
okhejb	𬔀
okhemu	𬔁
okhemd	𬔃
okxtjq	𬔅
okxtmc	𬔆
okxtho	𬔇
okxtyz	𬔈
okxtlv	𬔉
oktuxx	𬔋
okirqm	𬔌
okxtch	𬔎
okxtiz	𬔏
okxtjb	𬔐
okxtuf	𬔒
okirts	𬔕
oklive	𬔖
okxxli	𬔗
oklijb	𬔘
okuili	𬔛
oklipi	𬔜
oklito	𬔞
okliih	𬔡
okuhli	𬔢
oklimk	𬔣
okliww	𬔤
oklivs	𬔥
okvhji	𬔧
okqbmd	𬔫
okvund	𬔬
okvukl	𬔭
okvufu	𬔮
okvuqu	𬔯
okvuxb	𬔰
okvuvi	𬔱
okvuho	𬔲
okvupk	𬔳
okvuww	𬔴
okvuyu	𬔵
okvubw	𬔶
okvuwd	𬔷
okvufa	𬔹
okvumk	𬔽
okvupd	𬔾
okvuuz	𬕀
okvuyi	𬕁
okvugs	𬕂
okvufz	𬕃
okvuli	𬕄
okvuww	𬕅
okvuwo	𬕆
okvumf	𬕊
okvugz	𬕋
okvuil	𬕌
okvuua	𬕍
okvuwj	𬕎
okvufg	𬕏
okvuih	𬕑
okvuuh	𬕒
okxnuc	𬕓
okvupg	𬕔
okvudk	𬕖
okvupk	𬕘
okvubf	𬕙
okvuww	𬕚
okvugu	𬕛
okvufg	𬕜
okvuai	𬕞
okvuhr	𬕠
okvuhs	𬕡
okvugf	𬕤
okvuwo	𬕥
okvuhd	𬕧
okvulh	𬕨
okdixt	𬕫
okvulk	𬕬
okvuyr	𬕯
okvupk	𬕱
okvuge	𬕲
okduge	𬕳
okvupb	𬕴
okvuyr	𬕶
okvuyu	𬕷
okvuqm	𬕸
okvuou	𬕽
okvuti	𬖀
okvuzj	𬖃
okvulm	𬖄
okvuqu	𬖇
okmiyi	𬖋
okmirf	𬖌
okmiba	𬖍
okmisi	𬖎
okmikz	𬖏
okmifu	𬖐
okmijm	𬖑
okmihx	𬖒
okmibf	𬖓
okmiuu	𬖔
okmics	𬖕
okmiiu	𬖖
okminu	𬖗
okmihz	𬖙
okmiza	𬖚
okmiyi	𬖛
okmihj	𬖝
okmiui	𬖞
okmimf	𬖟
oklzdz	𬖠
okmive	𬖡
okmigu	𬖢
okmidk	𬖣
okmivo	𬖤
okmivz	𬖥
okmihz	𬖦
oklbkz	𬖨
oklbge	𬖩
okmipk	𬖪
oksuuu	𬖫
okvjdj	𬖭
okmijm	𬖮
okbjmi	𬖯
okmigc	𬖰
okmixq	𬖱
okmiii	𬖲
okmiji	𬖴
okmimi	𬖵
okmiju	𬖶
okvjjm	𬖷
okmida	𬖸
okmiuc	𬖹
okmilj	𬖺
okmimj	𬖽
oklbpb	𬖿
okvjdk	𬗀
oksugu	𬗁
okminp	𬗂
oksiiu	𬗃
oksifj	𬗄
oksiks	𬗆
oksiwu	𬗇
oksiyu	𬗈
oksiyb	𬗉
oksiys	𬗊
oksiis	𬗌
okvasi	𬗍
oksidn	𬗏
oksiyi	𬗑
oksiyu	𬗒
oksijp	𬗕
oksidz	𬗖
oksive	𬗗
oksizc	𬗘
oksiwu	𬗙
oksidm	𬗚
oksiys	𬗝
oksiuc	𬗞
oksimm	𬗟
oksibn	𬗠
oksiih	𬗡
oksiyc	𬗤
oksiyi	𬗦
oksivo	𬗩
oksulk	𬗪
okxmsi	𬗫
oksihl	𬗬
oksizi	𬗭
oksimw	𬗮
oksigs	𬗯
oksiuu	𬗰
okximo	𬗱
oksixq	𬗲
oksiii	𬗳
oksimd	𬗴
oksivi	𬗵
oksicd	𬗹
oksidi	𬗺
oksiff	𬗼
okxicy	𬗽
oksuuz	𬗾
okwwuu	𬗿
oksiji	𬘁
oksiyu	𬘂
okximw	𬘅
oksivg	𬘈
oksivi	𬘋
oksiyk	𬘌
oksixn	𬘎
oksiuc	𬘏
oksixx	𬘐
oksiqt	𬘒
oksiir	𬘓
oksimm	𬘔
oksiyz	𬘕
oksijm	𬘖
oksigz	𬘗
oksiyb	𬘘
oksiyt	𬘙
oksimo	𬘚
oksiqu	𬘛
oksidj	𬘜
oksivf	𬘝
oksinn	𬘞
oksixi	𬘟
oksiyz	𬘠
oksiyb	𬘡
oksigl	𬘢
oksidn	𬘣
oksilv	𬘤
oksiqr	𬘥
oksipd	𬘦
oksiqi	𬘧
oksivi	𬘨
oksitk	𬘩
oksiqm	𬘪
oksiwj	𬘫
oksiqk	𬘬
oksilb	𬘭
oksimi	𬘮
oksixl	𬘯
oksiyc	𬘱
oksixu	𬘳
oksiqq	𬘴
oksihg	𬘵
oksiqq	𬘶
oksiia	𬘷
oksizd	𬘹
oksiyc	𬘺
oksihd	𬘻
oksiul	𬘾
oksicc	𬘿
oksidi	𬙀
oksiyj	𬙁
oksiyb	𬙂
oksiic	𬙄
oksivu	𬙅
oksifj	𬙆
oksirj	𬙇
oksilb	𬙈
oksidj	𬙉
oksimo	𬙊
oksixl	𬙋
okfzbi	𬙌
okfzjk	𬙍
okfzlu	𬙎
okfzdh	𬙏
okfzlu	𬙐
okfzxl	𬙑
okfzww	𬙒
okfzdh	𬙔
oksixx	𬙖
oksiyu	𬙘
oksifh	𬙙
oksiui	𬙚
oksiui	𬙜
oksibi	𬙝
okbaqi	𬙞
oksiyi	𬙟
okwhqi	𬙡
oksiyi	𬙢
oksibu	𬙤
oksiue	𬙥
oksixl	𬙧
oksihr	𬙪
okyhcc	𬙬
okyhww	𬙭
okyhnq	𬙮
okyhmu	𬙰
okyhuu	𬙱
okyhva	𬙳
okmwty	𬙴
okmwbk	𬙵
okyhpg	𬙶
okbwyh	𬙷
okyhyi	𬙻
okmwzu	𬙼
okujlk	𬙽
okmwye	𬙾
okujyr	𬙿
okqyfw	𬚀
okujyc	𬚁
okxqjm	𬚂
okyuzu	𬚃
oksuyu	𬚄
okyuge	𬚅
okyung	𬚆
okujjt	𬚇
okyuyb	𬚈
oklcjq	𬚉
oklcln	𬚊
oklcgu	𬚋
okqilc	𬚌
okveve	𬚍
oklmlc	𬚎
oklwse	𬚐
oklwwj	𬚑
okerkv	𬚒
okerda	𬚓
okeryy	𬚕
okervc	𬚖
okerkx	𬚗
okervi	𬚘
okerjm	𬚙
okerwo	𬚚
okerdv	𬚜
okeryj	𬚝
okkeye	𬚞
okervv	𬚟
okeryk	𬚡
okjier	𬚢
okiiyh	𬚣
okerch	𬚤
okerss	𬚥
okerhx	𬚦
okerdy	𬚧
okerer	𬚨
okyuia	𬚪
okqiyu	𬚫
okwuyu	𬚭
okytui	𬚯
okghyt	𬚰
okrzmc	𬚱
okrzxb	𬚲
okrzza	𬚴
okrzvu	𬚶
okuerz	𬚸
okrzci	𬚺
okytty	𬚻
okytns	𬚼
okjsyt	𬚽
okytwo	𬚾
okrzxm	𬚿
okjmgs	𬛀
okytna	𬛁
okrzve	𬛃
okytvz	𬛅
okythy	𬛆
okytgg	𬛇
okrznj	𬛈
okbwgs	𬛉
okytsv	𬛊
okytlh	𬛋
okrzqb	𬛌
okyttd	𬛍
okrzhe	𬛎
okytxi	𬛐
okytji	𬛑
okytve	𬛒
okytcj	𬛓
okldjm	𬛕
okytjm	𬛖
okytmf	𬛗
okytzy	𬛘
okvhpk	𬛙
okytye	𬛚
okbwqi	𬛛
oktdyj	𬛝
okjngu	𬛟
okihpn	𬛡
okizif	𬛢
okifji	𬛣
okfuif	𬛤
okifue	𬛥
okwoli	𬛦
okwonj	𬛩
okizyb	𬛯
okvirf	𬛱
okugvi	𬛲
okvivi	𬛳
okvitd	𬛴
okjqgs	𬛸
okjqyi	𬛹
okyuie	𬛼
okmwjq	𬛾
okuevj	𬜅
okuefj	𬜆
okueyj	𬜇
okuezu	𬜈
okuesi	𬜉
okueze	𬜊
okuejy	𬜋
okueui	𬜌
okuetj	𬜍
okuebm	𬜎
okuejb	𬜏
okueqm	𬜐
okvzli	𬜑
okvzyi	𬜒
okvzda	𬜔
okvzks	𬜖
okvzvf	𬜘
okvzue	𬜚
okvzli	𬜜
oksemz	𬜝
oksefw	𬜞
oklise	𬜟
okccbc	𬜠
okccuj	𬜡
okccjq	𬜢
okccjk	𬜣
okccfg	𬜥
okcchv	𬜦
okccfa	𬜧
okccsv	𬜨
okccfz	𬜪
okccwf	𬜬
okccvd	𬜭
okccll	𬜯
okccjn	𬜲
okcckk	𬜴
okcclb	𬜵
okccye	𬜷
okcchk	𬜸
okccfh	𬜹
okccnq	𬜺
okccxm	𬜾
okccgo	𬜿
okccyu	𬝁
oklcuc	𬝃
okccbc	𬝄
okccql	𬝆
okccxl	𬝇
okccvo	𬝉
okjpis	𬝋
okccbd	𬝌
okrvmb	𬝎
okccdm	𬝐
okccli	𬝒
okcchg	𬝖
okcczi	𬝘
okccsu	𬝚
okgsjq	𬝛
okccpu	𬝟
okcczw	𬝠
okmgnd	𬝡
okccyh	𬝣
okccvf	𬝤
okciuz	𬝩
okcctk	𬝪
okccln	𬝮
okccbb	𬝯
okfuyk	𬝱
okccvj	𬝳
okccnj	𬝴
okccrr	𬝵
okccxt	𬝹
okccxq	𬝽
okccth	𬝾
okccif	𬞀
okccxs	𬞁
okccgl	𬞅
okccpc	𬞆
okcctc	𬞇
okccnk	𬞊
okccjm	𬞋
okcctc	𬞌
okccnj	𬞑
okwjkz	𬞒
okcclj	𬞕
okccpk	𬞖
okccuj	𬞗
okccsv	𬞚
okccxu	𬞜
okccpb	𬞟
okiauc	𬞠
okvibm	𬞤
okccxi	𬞥
okccci	𬞧
okhctu	𬞩
okcclj	𬞫
okccxi	𬞭
oklmge	𬞮
okcckv	𬞴
okccyb	𬞵
okcckl	𬞷
okcckr	𬞸
okccmm	𬞻
okccww	𬞼
okccmj	𬞽
okxivf	𬟀
okccfa	𬟂
okccyi	𬟆
okccxu	𬟋
okccgv	𬟏
okccyi	𬟔
oklntd	𬟖
okccsv	𬟘
oklpvu	𬟜
okhxcc	𬟠
okuuyt	𬟥
okhuda	𬟧
okhufu	𬟨
okhuho	𬟩
okhujm	𬟪
okhubw	𬟫
okhutm	𬟭
okhuig	𬟯
okhuhw	𬟱
okluir	𬟳
okisuj	𬟴
okisjk	𬟷
okisfj	𬟸
okishx	𬟹
okcsis	𬟺
okislq	𬟻
okismo	𬟼
okisds	𬟽
okislm	𬟾
okisvg	𬟿
okisbd	𬠀
okistz	𬠁
okisxi	𬠂
okisbi	𬠃
okisdh	𬠅
okisxk	𬠇
okisgs	𬠈
okwfis	𬠉
okissi	𬠊
okisua	𬠋
okisna	𬠌
okisrf	𬠍
okisgx	𬠎
okisla	𬠏
okisgh	𬠐
okisbo	𬠒
okisji	𬠓
okisgk	𬠕
okisnm	𬠖
okispz	𬠗
okysis	𬠘
okisbo	𬠚
okisia	𬠜
okisqm	𬠝
okisfw	𬠞
okzwis	𬠠
okisxq	𬠡
okiszu	𬠢
okisrs	𬠣
okisjk	𬠧
okisdz	𬠩
okismg	𬠫
okiszi	𬠭
okissj	𬠮
okiszv	𬠯
okmwmj	𬠱
okisbi	𬠲
okismg	𬠳
okiswu	𬠴
okismi	𬠵
okuedu	𬠶
okujta	𬠺
okislo	𬠻
oklpxt	𬠼
okxkdm	𬠽
okxkge	𬠾
okxkvi	𬠿
okxkuz	𬡁
okppru	𬡂
okpptu	𬡃
okpper	𬡅
okppji	𬡆
okyima	𬡇
okppfg	𬡈
okppee	𬡉
okppba	𬡊
okppza	𬡋
oklkyi	𬡌
okppnn	𬡍
okppiu	𬡎
okyili	𬡏
okfuyi	𬡐
okyiyz	𬡑
okppjx	𬡒
okviyi	𬡓
okppui	𬡔
okppua	𬡕
okppdo	𬡖
okyimi	𬡗
okppyh	𬡘
okppqm	𬡙
okyiqm	𬡚
okyuyi	𬡛
okppdi	𬡜
okyijy	𬡝
okppba	𬡞
okpplo	𬡠
okyivv	𬡡
okpppz	𬡣
okppvf	𬡥
okppdu	𬡦
okppch	𬡧
okpplh	𬡨
okbwbf	𬡩
okppds	𬡬
okyibc	𬡭
okppww	𬡮
okppmj	𬡯
okppvc	𬡰
okppjm	𬡱
okppcv	𬡳
okppmm	𬡴
okppmo	𬡶
okppzj	𬡷
okyzxi	𬡸
okxibo	𬡹
okycqu	𬡺
oksuij	𬡻
okuijm	𬡼
okjmui	𬡽
okuhjm	𬡾
okxbjm	𬢀
okvcjm	𬢅
okyzjm	𬢇
okdsjm	𬢈
oksijm	𬢊
okvcjm	𬢋
okvijm	𬢌
okcijm	𬢍
okvejm	𬢎
okufjm	𬢏
okqijm	𬢐
okykjm	𬢑
okmkjm	𬢒
okbijm	𬢓
okdgjm	𬢔
okjnjm	𬢕
okjnvc	𬢖
okgujn	𬢗
okuiyj	𬢚
okyjbc	𬢛
okyjyi	𬢜
okyjge	𬢞
okyjpu	𬢟
okyjji	𬢠
okyjui	𬢡
okyjbm	𬢢
okciyj	𬢤
okyjkc	𬢦
okyjan	𬢨
okyjdh	𬢩
okyjuz	𬢪
okyjuf	𬢭
okyjfh	𬢰
okyjhj	𬢲
okyjcj	𬢳
okyjzi	𬢴
okyjvf	𬢵
okyjpf	𬢶
okyjbm	𬢷
okyjru	𬢾
okyjhd	𬣁
okyjuu	𬣄
okyjug	𬣅
okyjju	𬣇
okyjbw	𬣈
okyjsu	𬣉
okyjcr	𬣋
okmzmc	𬣌
okyjtr	𬣍
oklyqr	𬣎
okyjci	𬣐
okyjvd	𬣑
okyjmo	𬣒
okyjww	𬣔
okyjhg	𬣕
okyjwj	𬣗
okyjlr	𬣘
okyjyu	𬣙
okyjkz	𬣚
okyjvi	𬣛
okyjmc	𬣜
okyjyy	𬣝
okyjdz	𬣟
okyjgj	𬣠
okyjjm	𬣡
okyjta	𬣢
okyjvu	𬣣
okyjxr	𬣤
okyjyz	𬣦
okyjfu	𬣧
okyjyz	𬣩
okyjsv	𬣪
okyjtr	𬣫
okyjhv	𬣬
okyjdh	𬣭
okyjmk	𬣮
okyjrf	𬣯
okyjzi	𬣰
okyjvz	𬣱
okyjbk	𬣲
okyjgf	𬣳
okyjmd	𬣴
okyjda	𬣵
okyjuu	𬣷
okyjhj	𬣸
okyjzu	𬣹
okyjjl	𬣺
okyjtk	𬣻
okyjll	𬣼
okyjlm	𬣽
okyjxi	𬣾
okyjlc	𬣿
okyjhu	𬤀
okyjjr	𬤃
okyjcj	𬤄
okyjji	𬤅
okyjgr	𬤆
okyjdd	𬤈
okyjgv	𬤉
okyjui	𬤊
okyjhl	𬤍
okyjxr	𬤎
okyjdu	𬤏
okyjge	𬤐
okyjge	𬤑
okyjhe	𬤒
okyjqi	𬤓
okyjah	𬤔
okyjlr	𬤗
okyjyk	𬤚
okyjyj	𬤛
okyjtu	𬤜
okyjhv	𬤝
okyjyi	𬤞
okyjln	𬤟
okyjao	𬤡
okyjzy	𬤢
okyjdy	𬤣
okyjzg	𬤤
okyjxy	𬤥
okyjyi	𬤦
okyjzc	𬤨
okyjyi	𬤩
okyjhc	𬤫
okyjhv	𬤭
okyjzj	𬤮
okyjjm	𬤯
okgulk	𬤲
okguly	𬤳
okguye	𬤴
okiidz	𬤶
okdzbi	𬤷
okqizi	𬤹
okfgbc	𬤺
okuind	𬤻
okxsui	𬤼
okuiiz	𬤽
okuiwu	𬤿
okuijy	𬥀
okquui	𬥁
okuiho	𬥂
okucui	𬥃
okuinp	𬥄
okxlfg	𬥆
okviye	𬥈
okliwf	𬥋
okvixl	𬥌
okviou	𬥍
okyzbw	𬥎
okbwff	𬥏
okfubw	𬥐
okxsbw	𬥑
okybbw	𬥒
okbwbj	𬥓
okbwzo	𬥗
okbwgc	𬥘
okbwqi	𬥛
okbobw	𬥝
okbwcj	𬥞
okerji	𬥠
okbwyr	𬥢
okpbww	𬥣
okbwvs	𬥥
okbwmb	𬥧
okyrhe	𬥩
okdvbw	𬥫
okpbnj	𬥬
okpbcs	𬥯
okbwnh	𬥲
okbwch	𬥳
okbwgj	𬥴
okbwpi	𬥶
okbwvg	𬥷
okbwir	𬥸
okbwue	𬥹
okbwdr	𬥼
okbwhz	𬥽
okbwjm	𬥾
okbwnh	𬦀
okiiff	𬦁
okiigf	𬦂
okzzyi	𬦅
okzzvr	𬦆
okbuzz	𬦇
okzzyt	𬦈
okzzgu	𬦉
okzzdd	𬦊
okzzig	𬦌
okzzif	𬦎
okzzih	𬦏
okzzyi	𬦑
okzzpg	𬦒
okzzzs	𬦓
okzzjy	𬦖
okzzyi	𬦜
okzzjl	𬦞
okzzsh	𬦟
okzund	𬦠
okzuge	𬦡
okzumf	𬦢
okzuli	𬦣
okzuya	𬦤
okzubw	𬦥
okzuvx	𬦦
okzuly	𬦧
okzukz	𬦨
okzuiu	𬦩
okzuvc	𬦪
okxizu	𬦭
okzuer	𬦮
okzujx	𬦯
okzubd	𬦰
okzupd	𬦱
okzuie	𬦲
okzuvi	𬦳
okzuvh	𬦵
okzudc	𬦶
okzuhx	𬦷
okzuky	𬦸
okzutn	𬦹
okzugr	𬦻
okzuyc	𬦽
okzulj	𬦾
okzuxb	𬦿
okzujl	𬧀
okpdzu	𬧁
okzuxr	𬧂
okzugs	𬧄
okzuvr	𬧅
okzumm	𬧆
okzush	𬧉
okzule	𬧊
okzuvj	𬧋
okzubn	𬧌
okzudi	𬧍
okzujk	𬧎
okzugd	𬧏
okzuxi	𬧐
okzuuy	𬧓
okzulu	𬧔
okzujp	𬧕
okzudc	𬧖
okzurs	𬧘
okzulu	𬧙
okzudm	𬧚
okzuba	𬧞
okzunh	𬧟
okufve	𬧠
okuflq	𬧡
okufls	𬧢
okufqu	𬧣
okuflc	𬧤
okufyj	𬧥
okufdm	𬧦
okufhx	𬧧
okufky	𬧨
okufgo	𬧩
okufji	𬧫
okufyi	𬧬
okufuk	𬧭
okufna	𬧮
okufpn	𬧯
okufju	𬧰
okiebi	𬧱
okkeie	𬧲
okiedm	𬧳
okiemg	𬧷
okiehr	𬧸
okieia	𬧹
okieiu	𬧺
oklzie	𬧻
okieuh	𬧽
oklwie	𬧾
okiemc	𬨁
okieui	𬨂
okieyh	𬨄
okgsie	𬨆
okiehd	𬨇
okiemm	𬨈
okiedm	𬨉
okwwie	𬨊
okvlie	𬨋
okiebw	𬨌
okiehe	𬨍
okieqq	𬨎
okiexu	𬨏
okiegv	𬨐
okiesh	𬨑
okiehl	𬨒
okieic	𬨓
okiepi	𬨔
okxbyi	𬨖
okwwxb	𬨗
okxbbi	𬨘
okxbfu	𬨙
okxbld	𬨛
okvier	𬨜
okvifu	𬨝
okvipu	𬨞
okviff	𬨟
okviug	𬨠
okvice	𬨡
okvili	𬨢
okviys	𬨣
okvigf	𬨤
okviua	𬨥
okvity	𬨦
okvigo	𬨨
okvitu	𬨩
okbmni	𬨬
okvids	𬨮
okvizu	𬨱
okviji	𬨲
okuuhr	𬨳
okvitd	𬨴
okjbfj	𬨵
okviui	𬨷
okviyk	𬨸
oklmuh	𬨺
oksuge	𬨻
okviig	𬨾
okmiyy	𬨿
okhdlv	𬩀
okvibn	𬩃
okndsv	𬩄
okvive	𬩅
okvizi	𬩆
okbmmw	𬩇
oksufu	𬩉
okuuyj	𬩋
okviho	𬩎
oktsiu	𬩐
okvixt	𬩑
okyuji	𬩔
okgowu	𬩕
okvidh	𬩖
okvicr	𬩘
okviyi	𬩜
okvimg	𬩝
okgowd	𬩟
okqmqm	𬩠
okbmli	𬩢
okviqi	𬩣
okviwj	𬩤
okvuld	𬩥
okgolw	𬩧
okviuz	𬩨
okviln	𬩪
okzcia	𬩭
okvibi	𬩮
okvvyc	𬩱
okjbca	𬩲
oklier	𬩳
okyiyz	𬩴
okvser	𬩵
oknqer	𬩶
okvjer	𬩷
okufer	𬩸
oksaer	𬩹
okgsyi	𬩺
okuaer	𬩻
okxyer	𬩽
oklder	𬩾
oklryi	𬪁
okwoer	𬪂
oknage	𬪄
okfger	𬪅
okiher	𬪆
okhoer	𬪇
okkyer	𬪈
okyier	𬪉
okyher	𬪌
okmcer	𬪍
okller	𬪔
okyser	𬪘
okqier	𬪜
okcder	𬪝
okeeer	𬪠
okfjer	𬪤
okyzjk	𬪦
okyzqu	𬪧
okyzjm	𬪨
okyzns	𬪩
okyzyz	𬪪
okyzjm	𬪫
okyzxb	𬪬
okyzyj	𬪮
okyzlj	𬪯
okyzwu	𬪱
okhcyz	𬪵
okyzwh	𬪶
okyzvc	𬪸
okbmgl	𬪺
okbmqu	𬪻
okvsxi	𬪼
okvsge	𬪽
okvsee	𬪾
okyali	𬪿
okyegv	𬫀
okueli	𬫁
okjbli	𬫂
okjbwh	𬫃
okjbpm	𬫄
okkzjb	𬫈
okjbys	𬫉
okjbqm	𬫊
okjbdi	𬫌
okjbrs	𬫍
okjbvi	𬫏
okjbxk	𬫑
okjbjr	𬫒
okjbhc	𬫓
okjbuj	𬫕
okjbgo	𬫚
okjbzo	𬫛
okjblk	𬫟
okjbji	𬫡
okjbyu	𬫢
okjbji	𬫥
okjbmk	𬫦
okyjjb	𬫨
okjbdi	𬫩
okjbli	𬫭
okjbmc	𬫯
okjbfu	𬫰
okjbwg	𬫱
okjbtd	𬫳
okjbsu	𬫵
okjbiy	𬫷
okjbhz	𬫺
okjbfu	𬫻
okjblv	𬫽
okjbga	𬫿
okjbgh	𬬀
okjbli	𬬁
okjbli	𬬂
okjbge	𬬃
okjbji	𬬄
okjbyi	𬬅
okjbrj	𬬊
okjbse	𬬋
okqmbf	𬬌
okjbyh	𬬍
okjbyr	𬬎
okvsfh	𬬐
okjbys	𬬑
okjbju	𬬒
okjbbi	𬬓
okjbyi	𬬔
okjbkv	𬬖
okjbjb	𬬗
okjbjl	𬬙
okjbfu	𬬚
okjbmi	𬬠
okjbxy	𬬡
okjbxn	𬬤
okjbnh	𬬥
okjblm	𬬦
okjbgj	𬬧
okjbkv	𬬨
okjbyi	𬬩
okjbkz	𬬪
okjbbi	𬬫
okjbww	𬬬
okjbly	𬬭
okjbih	𬬮
okjbrf	𬬯
okjbch	𬬰
okjbjb	𬬱
okjbvx	𬬲
okjbzi	𬬳
okjbyc	𬬴
okjbyb	𬬵
okjbww	𬬶
okjbui	𬬷
okjbuu	𬬸
okjbuf	𬬹
okjbqp	𬬺
okjblu	𬬻
okjbye	𬬼
okjbva	𬬽
okjbnk	𬬾
okjbvc	𬬿
okjbtd	𬭀
okjbmu	𬭁
okjbhs	𬭂
okjbxi	𬭄
okjbhz	𬭅
okjbdo	𬭆
okjbhv	𬭇
okjbvd	𬭈
okjbqi	𬭉
okjbdu	𬭊
okjbjp	𬭋
okjbwu	𬭌
okjbhj	𬭍
okjbhs	𬭎
okjbyh	𬭏
okjbyi	𬭐
okjbui	𬭑
okjbdm	𬭓
okjbii	𬭔
okjbvz	𬭕
okjbpg	𬭖
okjbww	𬭗
okjbue	𬭘
okjbdj	𬭙
okjbxl	𬭚
okjbbo	𬭛
okjbli	𬭜
okjbcj	𬭝
okjbda	𬭞
okjbzz	𬭟
okjbia	𬭠
okjbuc	𬭡
okjbgv	𬭢
okjbqr	𬭣
okjbhz	𬭤
okjbru	𬭦
okjbvv	𬭨
okjbwg	𬭩
okjbhd	𬭪
okjbvj	𬭫
okjbhv	𬭬
okjbqi	𬭭
okjbbi	𬭯
okjbyb	𬭰
okjbic	𬭲
okjbxi	𬭳
okjbjp	𬭴
okjbpg	𬭵
okjbhw	𬭶
okjblb	𬭸
okjbpn	𬭺
okjbjn	𬭻
okklsv	𬭼
okjbpi	𬭽
okjbsr	𬭾
okjbxk	𬮀
okjbbo	𬮁
okjbzr	𬮃
okihqn	𬮄
okmfli	𬮅
okmfye	𬮆
okmfqr	𬮇
okmfiu	𬮉
okmfjx	𬮊
okmfhs	𬮍
okmwmf	𬮎
okmfue	𬮏
okmflv	𬮐
okmfuu	𬮑
okmfmi	𬮒
okmfji	𬮓
okmfyj	𬮕
okmflm	𬮖
okmffu	𬮗
okmfrf	𬮘
okmfwj	𬮙
okmfgs	𬮚
okmfuh	𬮛
okmftm	𬮜
okmfqr	𬮝
okmfjb	𬮞
okmfho	𬮟
okmfke	𬮠
okmfwd	𬮡
okmfgs	𬮢
okmfkl	𬮣
okmfhe	𬮤
okmfvs	𬮥
okmfgr	𬮦
okmfii	𬮨
okmfxi	𬮩
okmfua	𬮪
okmfqk	𬮬
okmfgv	𬮭
okmfqi	𬮮
okmfgx	𬮯
okmfaa	𬮰
okmfyc	𬮲
okmfpb	𬮳
okmfyb	𬮴
okmfxm	𬮵
okmfts	𬮸
okmfdg	𬮹
okerma	𬮺
okerwu	𬮻
okerqm	𬮼
okerqq	𬮾
okerqi	𬮿
okerqi	𬯀
okerxb	𬯁
okeryj	𬯂
okeryi	𬯆
okerjb	𬯉
okercj	𬯊
okeruf	𬯋
okeriy	𬯌
okergv	𬯎
okerqr	𬯏
okeryi	𬯐
okerbw	𬯑
okerbi	𬯕
okercj	𬯘
okerdm	𬯚
okaarv	𬯜
okerca	𬯠
okercd	𬯡
okaazg	𬯣
okeryi	𬯧
okaald	𬯩
okvvvi	𬯪
okglvv	𬯬
okvevv	𬯯
okvili	𬯰
okhegc	𬯱
okhevf	𬯳
okyuwj	𬯸
okyuuu	𬯹
okyuyu	𬯺
okyuui	𬯻
okyuli	𬯼
okyuvi	𬯾
okyumk	𬯿
okyupc	𬰀
okyufa	𬰂
okyumo	𬰃
okyuye	𬰄
okyuyu	𬰅
okyuui	𬰈
oklwgf	𬰉
okyuve	𬰊
okyulb	𬰋
okyuil	𬰌
okyyvs	𬰎
okyuyi	𬰏
okyuca	𬰓
okyuyb	𬰔
oknimg	𬰖
okqkqn	𬰗
okqkqq	𬰘
okfwxt	𬰙
okfwli	𬰚
okvcfw	𬰛
okwufw	𬰜
okbjfw	𬰝
okfwwu	𬰞
okmomm	𬰠
okmmlo	𬰡
okmimm	𬰢
okjmmm	𬰣
okgevz	𬰤
okgell	𬰥
okgegu	𬰦
okgesv	𬰧
okgeyy	𬰨
okgeju	𬰩
okwwdn	𬰭
okwwuz	𬰯
okwwxl	𬰰
okwwgj	𬰱
okwwfg	𬰲
okwwvj	𬰳
okwwfu	𬰴
okwwhe	𬰵
okwwhv	𬰶
okwwvj	𬰷
okybyz	𬰹
okybye	𬰺
okybhe	𬰻
okyzyb	𬰽
okybly	𬰾
okdcye	𬰿
okyuye	𬱀
okysye	𬱁
okbiye	𬱂
okmkye	𬱃
okkeye	𬱆
okuyyu	𬱍
okdkbw	𬱎
okjqye	𬱓
okyzye	𬱔
okyzye	𬱖
okvjye	𬱗
okiiye	𬱘
okbjye	𬱙
okbiye	𬱚
okyeye	𬱛
oklwye	𬱜
okwwye	𬱟
okueye	𬱠
okjyye	𬱢
okcfye	𬱣
okysye	𬱥
okqiye	𬱦
okyjye	𬱨
okfuye	𬱪
okdkye	𬱫
okcjye	𬱬
okgeye	𬱭
okyzye	𬱮
okuzye	𬱯
okujye	𬱱
oklyye	𬱳
okfgvs	𬱴
okfgww	𬱵
okfggk	𬱷
okfgyt	𬱸
okwjfg	𬱺
okqifg	𬱼
okfglb	𬱾
okfgho	𬱿
okfghu	𬲀
okfgln	𬲅
okfwbd	𬲉
okuifu	𬲋
okuiff	𬲍
okuimc	𬲎
okuiig	𬲐
okuixu	𬲑
okuiyz	𬲓
okuilb	𬲔
okvjui	𬲕
okuiux	𬲗
okuiyc	𬲘
okuiga	𬲚
okuisi	𬲛
okuizy	𬲝
okuimw	𬲞
okuiyu	𬲠
okuibu	𬲥
okuirf	𬲦
okuikv	𬲧
okuiyu	𬲨
okuiee	𬲩
okuics	𬲪
okuivj	𬲫
okuivi	𬲬
okuiqp	𬲭
okuidi	𬲮
okuiju	𬲯
okuita	𬲱
okuink	𬲲
okuiqi	𬲶
okuigf	𬲷
okuigo	𬲸
okuimh	𬲹
okuifu	𬲺
okuidi	𬲻
okuiyj	𬲼
okuiqi	𬲽
okuigu	𬲾
okuiyj	𬲿
okuiyc	𬳁
okuivo	𬳂
okuifu	𬳃
okuinj	𬳄
okuiyj	𬳆
okuixr	𬳇
okuiyc	𬳊
okuixi	𬳋
okuiiz	𬳌
okuith	𬳍
okuiga	𬳎
okuiis	𬳐
okuijk	𬳑
okuidg	𬳒
okuiys	𬳓
okuime	𬳔
okuzvu	𬳕
okuzyh	𬳖
okfuuz	𬳗
okuzxn	𬳘
okuzmn	𬳙
okuzvo	𬳚
okuzuu	𬳛
okxldd	𬳜
okxlwj	𬳞
okxlbf	𬳟
okqqxl	𬳠
okuexl	𬳢
okxlph	𬳣
okxlni	𬳤
okxlnn	𬳥
okxltj	𬳦
okxlxl	𬳧
okmaxt	𬳨
okmapu	𬳩
okybma	𬳪
okmagg	𬳬
okghma	𬳭
okmajk	𬳮
okmacj	𬳯
okmadc	𬳰
okmagv	𬳱
okmaij	𬳲
okmafg	𬳳
okmapk	𬳴
okmapi	𬳵
okmajs	𬳶
okmagx	𬳷
okmakx	𬳹
okmali	𬳺
okmakl	𬳻
okmayz	𬳼
okmaxm	𬳽
okmado	𬳾
okmayu	𬳿
okmall	𬴀
okmaan	𬴁
okmafw	𬴂
okmaxk	𬴄
okmaph	𬴅
okmajb	𬴆
okmaqi	𬴈
okmaln	𬴉
okmalb	𬴊
okmamg	𬴌
okmajm	𬴏
oknsgu	𬴑
okgugu	𬴒
okdugu	𬴓
okgclc	𬴖
okgckc	𬴗
okuggc	𬴙
okgczs	𬴚
okgcyc	𬴝
okgcbi	𬴟
okbnkd	𬴧
okbnyc	𬴨
okbnns	𬴩
okbnss	𬴪
okbnlb	𬴫
okbndu	𬴭
okbnmw	𬴮
okbnlm	𬴯
okdzgh	𬴰
okdzmp	𬴱
okgeyz	𬴲
okgesi	𬴴
okgeif	𬴶
okxlge	𬴷
okgvqi	𬴽
okgver	𬴿
okyuqn	𬵁
okyubu	𬵂
okyuda	𬵃
okwjyu	𬵄
okriyu	𬵅
okyuuv	𬵆
okyuwu	𬵇
okyumb	𬵉
oktkyu	𬵋
okyudi	𬵍
okyuue	𬵏
okyuvl	𬵐
okyuie	𬵒
okyuir	𬵓
okyuzu	𬵔
okyuyi	𬵖
okyuyu	𬵗
okyuvu	𬵚
okyugg	𬵛
okyuyc	𬵜
okyudu	𬵟
okyuso	𬵠
okyusu	𬵡
okyujp	𬵤
okyuky	𬵥
okyuww	𬵧
okyumi	𬵨
okyuhv	𬵪
okyuxm	𬵬
okyuji	𬵭
okyuda	𬵮
okyutn	𬵰
okyuzi	𬵱
okyumg	𬵳
okyuvg	𬵴
okyuhc	𬵵
okyufu	𬵶
okyugv	𬵻
okyudc	𬶀
okyurf	𬶁
okyutu	𬶂
okyuda	𬶃
okyuuc	𬶄
okyuya	𬶅
okyufg	𬶆
okyujp	𬶇
okyuyt	𬶈
okyuwu	𬶉
okyuju	𬶋
okyudd	𬶌
okyuta	𬶍
okyujp	𬶎
okyuww	𬶏
okyuvc	𬶐
okyuda	𬶑
okyucf	𬶒
okyutk	𬶓
okyugc	𬶔
okyudi	𬶕
okyuyj	𬶖
okyulc	𬶗
okyuah	𬶘
okyuuz	𬶙
okyufu	𬶚
okyudj	𬶛
okyupz	𬶜
okyuwj	𬶝
okyuhu	𬶞
okyuci	𬶟
okyujm	𬶠
okyudu	𬶡
okyuxk	𬶢
okyuia	𬶣
okyudi	𬶤
okyuwj	𬶥
okyurz	𬶧
okjiyu	𬶨
okyuyj	𬶩
okyuni	𬶪
okyuhl	𬶫
okyuxu	𬶬
okyuji	𬶭
okyuxi	𬶮
okyugo	𬶯
okyuvh	𬶰
okyujk	𬶱
okyuxl	𬶲
okyulu	𬶳
okyupu	𬶴
okyulm	𬶶
okyuba	𬶻
oklnnn	𬶼
oknncc	𬶽
oknncy	𬶾
okgsnn	𬶿
oknnyz	𬷀
okgenn	𬷁
okpmnn	𬷃
okdznn	𬷄
oknnyh	𬷅
oknnrj	𬷆
okrjnn	𬷇
okddnn	𬷈
oknngx	𬷊
oknnnk	𬷋
oknknn	𬷌
oknnts	𬷍
okhznn	𬷎
okqinn	𬷏
oknnyi	𬷐
okrunn	𬷑
okronn	𬷒
oknnui	𬷓
okihnn	𬷔
okfunn	𬷕
okmmnn	𬷖
okvunn	𬷗
okuann	𬷙
okhsnn	𬷚
oknnwu	𬷜
okndnn	𬷝
oklbnn	𬷞
okgrnn	𬷡
okyenn	𬷢
oknnfg	𬷣
okrunn	𬷨
okvinn	𬷩
okufnn	𬷫
okjxnn	𬷬
okeenn	𬷭
okhknn	𬷯
oknnic	𬷰
okbjnn	𬷱
okytnn	𬷲
okyunn	𬷴
okxbnn	𬷵
okrsnn	𬷷
okjnnn	𬷹
okjnyk	𬷺
oknnve	𬷻
okernn	𬷼
oknnln	𬷽
okgsnn	𬷾
oknncs	𬷿
okwfnn	𬸀
okwann	𬸁
okkenn	𬸂
okyunn	𬸃
oklsnn	𬸄
okiunn	𬸅
okugnn	𬸆
okjxnn	𬸇
okvinn	𬸈
okgsnn	𬸉
okrfnn	𬸊
okpbnn	𬸋
okuann	𬸌
okuznn	𬸍
oklinn	𬸎
okllnn	𬸏
okilnn	𬸐
okdvnn	𬸑
oknnqi	𬸒
okssnn	𬸔
okyjnn	𬸖
oklinn	𬸗
okmnnn	𬸙
okyunn	𬸚
okhlnn	𬸛
okbmnn	𬸜
okybnn	𬸝
oklznn	𬸞
okwunn	𬸟
okgenn	𬸠
okjmnn	𬸡
okgcnn	𬸢
okpnnn	𬸤
okisnn	𬸥
okzunn	𬸦
okqinn	𬸨
okaonn	𬸩
okfjnn	𬸪
okdynn	𬸫
okgenn	𬸭
okkvnn	𬸮
okpinn	𬸯
okhonn	𬸰
okqunn	𬸱
oklubi	𬸲
oklujm	𬸳
okluvj	𬸵
okluih	𬸶
okluzz	𬸷
oklubm	𬸸
oklugj	𬸹
okluyi	𬸺
oklujb	𬸻
oknilu	𬸼
okluer	𬸽
okluqi	𬸾
okluhl	𬹀
okluys	𬹁
okmdgs	𬹂
okmdmm	𬹃
okmdju	𬹄
okmdcd	𬹅
okmdgs	𬹆
okmdbo	𬹇
okmdxn	𬹈
okmdwj	𬹉
okmdqi	𬹊
okmdky	𬹋
okmdnm	𬹌
okmdmo	𬹍
okmduj	𬹎
okmalb	𬹏
okhlfj	𬹐
okhlee	𬹓
okhwvf	𬹕
okhwns	𬹖
okhwld	𬹗
okvfhw	𬹙
okhwmp	𬹛
okdcmm	𬹝
okdamm	𬹞
okbwmm	𬹠
okyumm	𬹡
okvumm	𬹣
okdjmm	𬹤
okdkyu	𬹥
okdkug	𬹦
okdkji	𬹧
okdkta	𬹨
okdkfj	𬹬
okuugo	𬹮
okbiai	𬹯
okbipz	𬹰
okqibw	𬹳
okiiyi	𬹶
okiiyu	𬹷
okiilb	𬹸
okiiya	𬹺
okiinw	𬹻
okiijp	𬹼
okiikh	𬹽
okiigj	𬹾
okiisi	𬹿
oknuii	𬺀
okiivi	𬺁
okiiye	𬺂
okiiqi	𬺃
okiiue	𬺄
okiiij	𬺅
okiixn	𬺆
okzoii	𬺇
okiiqi	𬺈
okiize	𬺉
okiizu	𬺋
okiiyi	𬺌
okiixm	𬺍
okiaii	𬺎
okiivr	𬺏
okiivj	𬺐
okiixp	𬺑
okiiiu	𬺓
okiijb	𬺔
okiijp	𬺕
okiijt	𬺖
oklsda	𬺛
oklsmu	𬺜
oklyjm	𬺟
okluly	𬺠
okhvly	𬺡
okhguu	𬺰
okjihg	𬺲
okhgdc	𬺳
okdnhg	𬺴
okyuhg	𬺵
okbaqi	𬺸
okkler	𬺹
okkzqi	𬺺
okdkye	𬺼
okqicc	𬺽
okcccc	𬻀
okxxtu	𬻁
okcckl	𬻂
okdklq	𬻅
okqikl	𬻇
oktmxx	𬻊
okqijx	𬻎
okybuh	𬻏
oklsxx	𬻓
okdkse	𬻖
okdkvg	𬻗
oktoxx	𬻙
okzudk	𬻚
okbuqu	𬻛
okklya	𬻞
oklaxx	𬻡
oklddz	𬻢
okdkir	𬻣
okhsdk	𬻤
okkdmd	𬻦
okduxx	𬻨
okgfxx	𬻩
okdqqi	𬻭
oklddo	𬻮
okdqwh	𬻯
okxxtj	𬻰
okjqrf	𬻲
okvsdk	𬻳
okjlvs	𬻶
okvsyh	𬻸
okgeen	𬻹
okdmln	𬻺
okvuve	𬻻
okvumd	𬻽
okvuvv	𬻾
okdmna	𬻿
okdmpp	𬼀
okdmve	𬼁
okvena	𬼂
okppjq	𬼃
okdmve	𬼄
okndnd	𬼅
okiaia	𬼆
oktorf	𬼇
okqmkl	𬼈
oklewd	𬼏
okrfbd	𬼐
okiadg	𬼑
okigui	𬼒
okivih	𬼓
okhuir	𬼔
okklhg	𬼖
okviyi	𬼛
okdcye	𬼜
okquyi	𬼝
okqiqi	𬼠
okhuve	𬼡
okyimb	𬼢
okjqtz	𬼣
okruyi	𬼤
okuuyi	𬼥
okduyi	𬼦
okufve	𬼧
okmkye	𬼨
okbkye	𬼩
okmzqi	𬼪
okyipb	𬼬
okhgye	𬼭
oknpyi	𬼯
okdiye	𬼰
okpuyi	𬼱
okuiqi	𬼲
okmayi	𬼳
oklnhg	𬼶
oklndm	𬼷
okbauu	𬼸
oklnho	𬼹
okeruu	𬼽
okyyjk	𬼾
okfuyy	𬽀
okyyci	𬽁
okfuyy	𬽂
okwfho	𬽄
okbmkz	𬽅
okdmsi	𬽇
okyiyh	𬽏
okwfyu	𬽑
oktkye	𬽓
okuild	𬽖
oktkba	𬽗
okjkfu	𬽙
okwfww	𬽜
oktkjb	𬽞
okjnvi	𬽟
okrfee	𬽢
okrfiu	𬽣
okrfxx	𬽥
okrfwj	𬽦
okrfjq	𬽧
okrfge	𬽨
okrfri	𬽪
okrfdz	𬽫
okrfhu	𬽬
okrfgk	𬽭
okrfpo	𬽯
okrfkj	𬽰
okrfhc	𬽱
okrffu	𬽵
okrfts	𬽽
okrfqi	𬽾
okrfvs	𬾀
okrfis	𬾁
oklkxx	𬾂
okrfke	𬾅
okrfjp	𬾆
okrfll	𬾇
okrfxp	𬾈
okrfzz	𬾉
okrfbp	𬾋
okqiye	𬾍
okrfbh	𬾏
okrfis	𬾓
okrfyj	𬾕
okrfyk	𬾖
okddiu	𬾚
okrfjb	𬾞
okrfso	𬾟
okrfhu	𬾠
okrfbo	𬾢
okrfxt	𬾣
okrfvo	𬾧
okrfuu	𬾬
okrffu	𬾯
okrfxk	𬾰
okrfmm	𬾲
okrfbd	𬾳
okrfsi	𬾴
okrfsv	𬾷
okrfui	𬾸
okbklk	𬾺
okrfll	𬾻
okrfke	𬾼
okrfhe	𬾾
okrfhl	𬿁
okrfuj	𬿂
okrfbc	𬿅
okrfbj	𬿆
okrfdp	𬿇
okrfvi	𬿈
okjpmd	𬿋
okyurf	𬿎
okfuwu	𬿐
okbmwf	𬿒
okrfgo	𬿓
okrfya	𬿕
okrfli	𬿘
okrflu	𬿚
okrfkh	𬿛
okrfve	𬿜
okrfuh	𬿞
okrfji	𬿟
okyiyi	𬿠
okrfcd	𬿢
okqmwf	𬿣
okrfxl	𬿦
okrfao	𬿪
okrfjb	𬿫
okwwiu	𬿭
okrfgj	𬿯
okrfye	𬿰
okjpdj	𬿷
okrfca	𬿺
okrfxy	𬿿
okjiye	𭀂
okrfxp	𭀄
okrfle	𭀅
okrftz	𭀆
okdmnn	𭀈
okbonn	𭀊
okrfyi	𭀋
okniye	𭀍
okniye	𭀎
okjpjn	𭀐
okxbjb	𭀑
okrflj	𭀓
okrfuu	𭀔
okqmih	𭀕
okwudm	𭀖
okveyy	𭀛
okyrxi	𭀞
okdaxs	𭀢
okbker	𭀤
okglyc	𭀦
okdvgj	𭀧
okyrhu	𭀪
okyrih	𭀫
okglgl	𭀬
okglns	𭀮
okmmmm	𭀰
okxmgr	𭀲
okxmgr	𭀳
okglll	𭀴
okxmuj	𭀵
okglts	𭀶
okxmgr	𭀷
okerxi	𭀹
okxmuj	𭀺
oknwve	𭀻
okruqu	𭀼
okuiru	𭀽
okkzru	𭀾
okruhc	𭀿
okzoru	𭁀
okgsbu	𭁅
oknqba	𭁆
okciba	𭁊
okffnw	𭁋
okbjfh	𭁌
okgsbu	𭁍
okgsqp	𭁎
okbjjl	𭁑
okzeba	𭁒
okgsfu	𭁓
oklqlu	𭁖
okdulq	𭁘
okbjtk	𭁙
okgsbw	𭁚
oklqfg	𭁛
okgsdr	𭁜
okqygs	𭁝
okqige	𭁞
okmcmc	𭁤
okzdyz	𭁥
okklue	𭁦
oknwuc	𭁧
okklmi	𭁨
okmcyz	𭁬
okhcnw	𭁮
oktsdo	𭁰
okbcsi	𭁳
okbcgf	𭁴
okbcvo	𭁸
okbcui	𭁼
okbcqb	𭁾
okbcjb	𭂃
okmkyi	𭂄
okbkqn	𭂆
okbkli	𭂇
okbkuj	𭂈
okbkcs	𭂉
okbkni	𭂊
okbkji	𭂋
okbkis	𭂌
okbkci	𭂍
okbkyh	𭂎
okbkww	𭂏
okbkuu	𭂑
okbkxl	𭂓
okbkyu	𭂔
okbklu	𭂕
okbkfg	𭂖
okbkxu	𭂘
okbkvi	𭂙
okbkyi	𭂚
okbkwu	𭂛
okbkih	𭂝
okbkdi	𭂞
okbkgv	𭂟
okbkjm	𭂠
okbkzg	𭂡
okbkgj	𭂢
oklgji	𭂤
okbkmu	𭂥
okbkrs	𭂧
okjiui	𭂩
okdmfj	𭂫
okffji	𭂭
okfjrf	𭂮
okyhji	𭂰
okjiyz	𭂱
okxxsu	𭂳
okjilv	𭂴
okjixy	𭂺
okiuua	𭂽
okxsee	𭂿
okiuee	𭃀
okiuee	𭃁
okdcer	𭃂
okdcqi	𭃃
okuidc	𭃄
okrfdc	𭃅
okiadc	𭃆
okdcia	𭃇
okdcxi	𭃈
okdcwf	𭃉
okdcba	𭃋
okvudc	𭃌
okkadc	𭃏
okkadc	𭃐
okdcka	𭃑
okfffj	𭃓
okdcji	𭃕
oklpdc	𭃖
okqudc	𭃗
okdcrz	𭃘
okdczi	𭃙
okugrf	𭃚
okdcua	𭃛
okfudc	𭃜
okdcfa	𭃝
okmkdc	𭃞
okhedc	𭃟
okdcjn	𭃠
okdcda	𭃢
okgudc	𭃣
okvidc	𭃤
okdcdi	𭃦
oklbdc	𭃩
oklcdc	𭃪
okdcky	𭃫
okdcnm	𭃮
oktndc	𭃯
oktddc	𭃵
okyhdc	𭃶
okuidc	𭃸
okuaff	𭃹
okkedc	𭃺
okyhdc	𭃻
okdcjx	𭃼
okdcmw	𭃽
okvoff	𭃿
okbkrf	𭄀
oklqdc	𭄁
oktudc	𭄂
okffhj	𭄃
okbodc	𭄄
okshdc	𭄅
okvjdc	𭄇
okysdc	𭄊
okmidc	𭄋
okmidc	𭄌
okdctu	𭄎
oknkdc	𭄑
oklydc	𭄕
okgxdc	𭄖
okpmdc	𭄙
okzjdc	𭄛
oklydc	𭄜
okdchr	𭄝
okrfli	𭄞
okgsli	𭄟
okjxme	𭄢
okxkli	𭄤
okruli	𭄥
okufli	𭄨
oknnli	𭄩
okbanj	𭄫
okxkli	𭄬
okqili	𭄭
okgoli	𭄰
okjxgx	𭄱
okksli	𭄲
okwwli	𭄵
okliyi	𭄷
oklvli	𭄸
okyznj	𭄹
okiili	𭄺
okjxla	𭄻
okmbli	𭄼
okyyli	𭅀
okgvli	𭅁
okbcyz	𭅄
okbcjk	𭅆
okbcvj	𭅇
okbcui	𭅈
okwujb	𭅉
okbcdz	𭅋
okqiuc	𭅌
okvobc	𭅎
okfgbc	𭅏
okjrbi	𭅑
okvobi	𭅓
okklbi	𭅔
okklyu	𭅕
okklgj	𭅖
okkltm	𭅗
okklvu	𭅘
okklvi	𭅙
okkldo	𭅚
okkllk	𭅛
okklgj	𭅞
okuiji	𭅠
okbjvs	𭅢
okbiba	𭅣
okbwye	𭅤
oknjjq	𭅥
okufug	𭅧
okvizo	𭅨
okviso	𭅬
okkaua	𭅱
okeedm	𭅲
okdder	𭅵
okgver	𭅶
oklcer	𭅷
okzcer	𭅸
okdoee	𭅹
okller	𭅺
okwwee	𭅻
okxlji	𭅼
okdoji	𭅽
okneer	𭅾
okizer	𭅿
okihqi	𭆀
okihmb	𭆃
okihye	𭆊
okihro	𭆋
okihcc	𭆍
okihfj	𭆖
oknahz	𭆗
oksiyz	𭆙
oksikd	𭆚
okbiqu	𭆛
okjxsi	𭆜
oklbsi	𭆟
okveyz	𭆥
okyzuh	𭆦
okgeyz	𭆧
okyzvi	𭆨
okyzzd	𭆩
okguyz	𭆮
oknifj	𭆯
okkzjq	𭆸
okrukz	𭆹
okkzgj	𭆺
okkzsj	𭆻
okkzxx	𭆼
okkzuh	𭆽
okuive	𭆾
okkzto	𭆿
okkzyi	𭇀
okwukz	𭇁
okkzgs	𭇂
okkedk	𭇄
okkzpu	𭇅
okkznq	𭇆
okkzui	𭇇
okkzih	𭇉
okkzlq	𭇊
okbakz	𭇋
okdcii	𭇌
okjqii	𭇍
okkzke	𭇎
okdkge	𭇏
okkzgj	𭇐
okbwkz	𭇑
okkzii	𭇓
okjuuc	𭇕
okkzhj	𭇙
okkztz	𭇚
okkzfa	𭇜
okujii	𭇝
okkzhx	𭇞
okkzsi	𭇟
okjiye	𭇠
okkzdo	𭇡
okkzvi	𭇣
oknqii	𭇤
okjqkz	𭇦
okkzvz	𭇫
okkzzi	𭇬
okkzwh	𭇭
okkzjl	𭇮
okkzlq	𭇯
okvcff	𭇱
okkzhr	𭇲
okkzhr	𭇳
okkzbk	𭇴
okkzli	𭇶
okkeii	𭇷
okbjkz	𭇸
okkzwu	𭇹
okivkz	𭇺
okkzyu	𭇻
okkzjx	𭇿
okkzsi	𭈀
okkzuf	𭈁
okkzdj	𭈂
okiuii	𭈃
okkzti	𭈄
okkzlr	𭈅
okkzmu	𭈈
okkzyk	𭈉
okyegf	𭈍
okkzfu	𭈏
okkzxp	𭈐
okkzpg	𭈒
okkzui	𭈓
okivwu	𭈔
okkzwh	𭈕
okkzli	𭈖
okkzua	𭈗
okkzwu	𭈘
okkzfw	𭈙
okkzji	𭈛
okkzbw	𭈜
oksokz	𭈝
okkzjm	𭈞
okkzqm	𭈟
okkzfj	𭈠
okkzju	𭈡
okkzqi	𭈢
okkznc	𭈥
okkzgu	𭈦
okkzsj	𭈧
okkzdo	𭈨
okkzto	𭈪
okkzji	𭈫
okkzhd	𭈮
oktuhd	𭈯
okjilc	𭈱
okkzyr	𭈲
okersi	𭈳
okkzvu	𭈴
okhcfu	𭈶
okkzxk	𭈻
okkzah	𭈾
okhjgj	𭉀
okhejn	𭉁
okkzhf	𭉂
okihui	𭉅
okkzhf	𭉆
okkzho	𭉉
okkzzi	𭉊
okkzwj	𭉎
okkznu	𭉏
okkzxm	𭉑
oknake	𭉒
okkzjl	𭉓
okwwii	𭉖
okkzjp	𭉗
okkzai	𭉚
okkzuu	𭉝
okkzhc	𭉞
okkzjb	𭉟
okkzrf	𭉡
okuhsi	𭉢
okgokh	𭉥
okjuii	𭉦
okkzdh	𭉧
okkzjy	𭉨
okkzbw	𭉩
okkzte	𭉪
okkzxq	𭉫
okkzli	𭉭
okkzuj	𭉮
okycqm	𭉯
okkzwu	𭉰
okkzxn	𭉲
okkzmk	𭉳
okkzzu	𭉷
okkzna	𭉺
okkznl	𭉻
okkznj	𭉼
okkzvr	𭉾
okheyi	𭊀
okkzna	𭊁
okkzfj	𭊃
okkzui	𭊅
okuekz	𭊆
okpbsi	𭊉
okkzhr	𭊍
okvzhe	𭊐
okkzcd	𭊑
okkzyu	𭊒
okkzto	𭊕
okyukz	𭊖
okkzdi	𭊗
okkzbu	𭊘
okkzlu	𭊛
okkzdr	𭊜
okjyty	𭊝
okkzjl	𭊟
okjiro	𭊡
okmaii	𭊢
okgepi	𭊣
okkzyy	𭊤
okiipi	𭊥
okkzff	𭊦
okkzjp	𭊪
okkzqi	𭊫
okkzbo	𭊱
okkzmf	𭊳
okkzyu	𭊷
okkzla	𭊸
okkzhj	𭊻
okjqva	𭊼
okkzlo	𭊽
okjkkz	𭋆
okkzzv	𭋈
okdjdj	𭋉
okkzyr	𭋋
okkzan	𭋎
okkzvi	𭋏
okkzpi	𭋐
okkzjm	𭋑
okkzwu	𭋒
okkzyy	𭋗
okkzlu	𭋙
okneii	𭋚
okkzyr	𭋜
okkzfu	𭋝
okkzbh	𭋞
okkzsr	𭋟
okjiih	𭋠
okkzvf	𭋡
okkzao	𭋣
okkzmg	𭋥
okkzwu	𭋩
okkzmo	𭋫
okkzdr	𭋬
okkzss	𭋭
okkzwh	𭋮
okkznf	𭋯
okkzli	𭋰
okkzly	𭋳
okjivh	𭋵
okkzlz	𭋶
okkzmu	𭋼
okkzmj	𭋽
okkzij	𭌂
okkzdn	𭌄
okkzlv	𭌆
okkzlm	𭌈
okxijm	𭌊
okkzuu	𭌋
okvejm	𭌎
okseii	𭌐
okkzyk	𭌒
okvjkz	𭌓
okxuyu	𭌗
okkzqm	𭌘
okkzdu	𭌙
okkzjm	𭌝
okkzni	𭌞
okkzyi	𭌟
okujzz	𭌠
okkzui	𭌤
okkzxy	𭌧
okkzfu	𭌯
okkzji	𭌲
okhada	𭌸
okkzlk	𭌿
okkzdh	𭍀
okgcmo	𭍁
okkztg	𭍂
okkzij	𭍃
okkzlu	𭍆
okkzbn	𭍇
okkzls	𭍌
okkzls	𭍎
okkzdu	𭍏
okkzti	𭍑
okkzlj	𭍘
okklji	𭍚
okklch	𭍜
okklqu	𭍝
okkljl	𭍟
okfghv	𭍠
okhvge	𭍡
okklkl	𭍢
okklxb	𭍤
okfghv	𭍥
okklfh	𭍦
okklkf	𭍧
okhviu	𭍨
okklxm	𭍩
okklze	𭍬
okhvho	𭍮
okklyu	𭍯
okklhk	𭍰
okgojp	𭍲
okklzg	𭍳
okklqm	𭍴
okklsr	𭍵
okgoho	𭍷
okkljq	𭍸
okrftu	𭍺
oktuye	𭍽
oktuvi	𭍾
oktukd	𭍿
okuitu	𭎁
oktucs	𭎂
oktuyb	𭎃
oktuqp	𭎄
oktuli	𭎅
oktuwd	𭎉
okbdtu	𭎊
oktuva	𭎌
okyztu	𭎍
oktuif	𭎏
oktusi	𭎒
oktuzc	𭎓
oktuci	𭎔
okzitu	𭎗
oktufz	𭎘
oktuhj	𭎚
oktuyu	𭎛
oktuuz	𭎜
oktuty	𭎝
oktudz	𭎞
oktufz	𭎟
oktuzu	𭎣
oktuss	𭎥
okmutu	𭎦
oktudm	𭎧
oktuwo	𭎨
oktulu	𭎩
oktubn	𭎫
oktuxk	𭎬
okhutu	𭎭
okmktu	𭎮
oktuji	𭎰
oktujb	𭎱
okyetu	𭎲
okbktu	𭎴
oktuzd	𭎶
oktuye	𭎸
oktumm	𭎹
oktuyu	𭎺
oktugf	𭎼
oktusz	𭎾
okivtm	𭏀
okhftu	𭏂
okhgtu	𭏃
okqxtu	𭏄
oktudi	𭏅
okjntu	𭏇
okturz	𭏋
oktuqi	𭏎
okhztu	𭏑
oktuhz	𭏒
okjytu	𭏓
oktudp	𭏔
oktuxi	𭏖
oktuuk	𭏗
oktuss	𭏘
okngtu	𭏙
okiutu	𭏚
oktubj	𭏜
okwuzo	𭏞
oktuth	𭏠
oktuya	𭏡
okdetu	𭏢
oktuzc	𭏤
oktuji	𭏥
oktugd	𭏦
okjttu	𭏪
okihtu	𭏭
okzoww	𭏯
okyrtu	𭏰
oktulh	𭏱
okviyi	𭏲
oktutu	𭏴
okqbtu	𭏶
okyrtu	𭏷
oktuyi	𭏸
oksutu	𭏺
okxbtu	𭏻
oktuwf	𭏾
okngzo	𭏿
oktulv	𭐁
oktgtu	𭐂
okfjtu	𭐃
oktudo	𭐄
okjbmm	𭐅
okycjm	𭐆
oktumu	𭐇
oktuhv	𭐈
okduji	𭐊
okhotu	𭐋
oktulj	𭐌
okmogj	𭐑
okuijx	𭐒
okyifz	𭐚
okwfdz	𭐞
okxlyz	𭐟
okvgwf	𭐠
okbiwf	𭐡
okwfqy	𭐤
oklbwf	𭐧
oklkvu	𭐨
okqymz	𭐩
okqyqy	𭐪
oklkpz	𭐭
okqmyz	𭐰
okxxfj	𭐲
okxiyb	𭐵
okdoyz	𭐶
okxivz	𭐷
okdoto	𭐹
okyerf	𭐺
okyeyy	𭐻
oksvbw	𭐼
okdold	𭐽
okdojx	𭐾
okyehj	𭐿
okyeyc	𭑁
okjqda	𭑂
okdayu	𭑃
okxsda	𭑄
oktmyy	𭑆
oktmyy	𭑇
oktmtm	𭑈
okfuju	𭑌
oklvda	𭑍
oktzdz	𭑎
okuimu	𭑐
okbotd	𭑓
oklpui	𭑔
okjrui	𭑖
okfuvo	𭑘
oktmmf	𭑙
okycpg	𭑚
oktzfz	𭑛
okjxgv	𭑝
okdagr	𭑠
okdmvh	𭑢
okuedo	𭑥
okpnkx	𭑦
oknvbu	𭑧
okbanv	𭑨
okndnv	𭑩
oknvdc	𭑪
oknvmp	𭑫
oknvwh	𭑬
oksinv	𭑭
oknvnq	𭑮
oknvmu	𭑰
oknvjx	𭑱
oknvjs	𭑳
oknvmc	𭑴
okyznv	𭑵
okrznv	𭑶
oknvzc	𭑷
oknvns	𭑸
oknvgr	𭑹
oknvjp	𭑺
oknvxx	𭑻
oknvdd	𭑼
oknvmf	𭑽
oknvxk	𭑾
oknvff	𭒄
oknvye	𭒅
oknvmn	𭒈
oknvqr	𭒉
okhcan	𭒊
okjmgj	𭒋
okycyc	𭒍
oklqnv	𭒐
okbonv	𭒕
okmbnv	𭒘
oknvmi	𭒛
oknvif	𭒜
okjlnv	𭒝
oknvjq	𭒥
oknvyj	𭒦
oknvwo	𭒨
oknvyz	𭒩
oknvuu	𭒫
oklzzi	𭒰
okbcyk	𭒲
oknvlr	𭒵
okzidk	𭒶
okzier	𭒷
okzisi	𭒸
okzili	𭒹
okzifj	𭒺
okziyi	𭒻
okziji	𭒼
okziqp	𭒽
okzijx	𭒾
okziug	𭒿
okzilj	𭓀
okzizd	𭓁
okzisi	𭓂
okzike	𭓃
okzibc	𭓄
okzifu	𭓅
okzivi	𭓆
okziwu	𭓈
okziqk	𭓉
okziqi	𭓊
okuhzi	𭓋
okzily	𭓌
okziyi	𭓍
okzifu	𭓏
okziyk	𭓐
okzisi	𭓑
okziui	𭓒
okxtiz	𭓓
okzivu	𭓖
okziuu	𭓙
okxtgr	𭓚
okfuts	𭓜
okbcuj	𭓞
okbcya	𭓟
okbcwu	𭓠
okbcba	𭓡
okbcys	𭓢
okbcgj	𭓣
okbcbu	𭓤
okbcvj	𭓥
okbche	𭓦
okbclj	𭓨
okbcgl	𭓪
okbczi	𭓫
okbcir	𭓬
okbcxq	𭓭
okbclc	𭓮
okbcue	𭓯
okbcjn	𭓲
okbcdc	𭓴
okbcvo	𭓶
okbcgo	𭓸
okbcmi	𭓻
okbcfa	𭓼
okbcyj	𭔂
okbcxx	𭔆
okyini	𭔇
okyiyi	𭔈
okbcgv	𭔉
okbcmb	𭔍
okbcxi	𭔎
okbcic	𭔐
okyiwo	𭔒
okbcjn	𭔓
okbcdm	𭔕
okbcyr	𭔚
okhdjk	𭔛
oknkye	𭔞
okhdks	𭔠
okbcqn	𭔣
oknkyy	𭔤
oknkge	𭔦
oknkye	𭔧
oknkww	𭔨
okwjcy	𭔩
okpicy	𭔪
okdicy	𭔭
okdocy	𭔯
okdzcy	𭔰
okjicy	𭔲
okdeye	𭔳
oktocy	𭔴
okufcy	𭔶
oklhcy	𭔻
okyicy	𭕀
okzvcy	𭕁
okyrcy	𭕂
okxnji	𭕅
okxnbw	𭕆
oktmxn	𭕇
okdhdk	𭕈
oklixn	𭕉
okxnyi	𭕊
okxnyi	𭕌
okwutm	𭕎
okuikl	𭕔
okuibf	𭕕
okuiba	𭕖
okniye	𭕗
okuimu	𭕘
okuidi	𭕚
okuiis	𭕛
okuixl	𭕜
okwwye	𭕟
okuiiv	𭕠
okiiii	𭕢
okuiju	𭕣
okuize	𭕤
okuixx	𭕥
okuiii	𭕦
okwwyi	𭕧
okwwge	𭕨
okuigv	𭕩
okuiui	𭕪
okuitu	𭕫
okjulc	𭕮
oknixi	𭕱
okuiyj	𭕵
okjuqm	𭕻
okjujm	𭕽
okujsj	𭖁
okujyu	𭖂
okujjq	𭖃
okujxx	𭖄
okujee	𭖆
okujvi	𭖇
okujyb	𭖉
okujwa	𭖋
okujdj	𭖌
okujqp	𭖍
okujpm	𭖎
okujfu	𭖐
okujbi	𭖑
okujvu	𭖒
okjxuj	𭖔
okujkl	𭖕
okujbd	𭖖
okujzd	𭖘
okujgl	𭖙
okujdo	𭖚
okujhc	𭖝
okujda	𭖟
okujjy	𭖠
okujke	𭖡
okujfu	𭖢
okujjs	𭖣
okujgu	𭖦
okujwh	𭖧
okujqy	𭖨
okujxk	𭖩
okujdu	𭖪
okujug	𭖬
okujvo	𭖭
okujyj	𭖮
okytda	𭖯
okujto	𭖰
okujju	𭖱
okujug	𭖶
okujji	𭖷
okujdy	𭖹
okujji	𭖻
okqquj	𭖽
okujhg	𭖿
okujve	𭗀
okujhr	𭗁
okghgl	𭗂
okujdc	𭗃
okujsy	𭗅
okujyi	𭗆
okujqt	𭗋
okujtm	𭗌
okujvh	𭗍
okluuj	𭗎
okujmi	𭗏
okujgj	𭗐
okujvv	𭗔
okujxi	𭗖
okujyk	𭗗
okujfu	𭗚
okujww	𭗛
okujjt	𭗜
okujjb	𭗝
okujgj	𭗠
okujyu	𭗢
okujyr	𭗤
okujqm	𭗥
okanyc	𭗧
okujlv	𭗫
okujyj	𭗬
okujtj	𭗮
okujhg	𭗯
okujnk	𭗰
oksvuj	𭗱
okujxm	𭗴
okujnp	𭗵
okujch	𭗶
okirqi	𭗺
okiruj	𭗼
okirtm	𭗽
okirxs	𭗾
okirdd	𭗿
okqyir	𭘁
okvegs	𭘂
okgsxx	𭘃
okgswu	𭘄
okgsuc	𭘅
okhgzo	𭘆
okgsge	𭘇
okjujb	𭘈
okzoer	𭘉
okyzsi	𭘋
okyzsi	𭘌
okifji	𭘍
okgsxl	𭘎
okbala	𭘏
okxtjb	𭘒
okjbwu	𭘓
okjbwu	𭘔
okjbww	𭘕
okjbgu	𭘖
okjblk	𭘘
okjbta	𭘙
okjbtd	𭘚
okjbgl	𭘜
okjbvd	𭘝
okjbge	𭘞
okbufa	𭘟
okjbjm	𭘠
oklijb	𭘢
okwudn	𭘣
okbudi	𭘨
okjbyh	𭘩
okjbww	𭘪
okdiye	𭘬
okjbtk	𭘭
okbupg	𭘯
okjbvr	𭘰
okjbgu	𭘱
okjbhx	𭘲
okjbbw	𭘴
okjbgv	𭘵
okjkjb	𭘷
okbobo	𭘸
okbulo	𭘹
okyivz	𭘺
okdier	𭘽
okwuer	𭘾
okgjqu	𭘿
okgjvj	𭙀
okpkwf	𭙁
oknmbi	𭙂
okgjll	𭙃
oknmpz	𭙄
oknmbw	𭙅
okbwnm	𭙆
okbkzg	𭙇
okycve	𭙈
okveyc	𭙉
okycdk	𭙊
okycyy	𭙋
okglji	𭙍
okglyz	𭙎
okglln	𭙏
okglqi	𭙐
okglzi	𭙒
okglyz	𭙓
okgluu	𭙔
okgluz	𭙕
okglyc	𭙖
okglyh	𭙘
okglyi	𭙚
okglgl	𭙛
okglgg	𭙜
okglmw	𭙝
okglhj	𭙞
okglyi	𭙠
okglys	𭙡
okgler	𭙢
okgliv	𭙣
okglfu	𭙦
okglbj	𭙩
okdiyi	𭙪
okglia	𭙭
okgluz	𭙲
okgldj	𭙴
okglfu	𭙷
okgllb	𭙸
okglls	𭙹
okgllp	𭙻
okglxi	𭙼
okmaqu	𭙽
okglwj	𭙿
okgluj	𭚎
okvippna	𭚓
okvifg	𭚔
okviug	𭚕
okdvcc	𭚖
oknsgl	𭚙
okfucc	𭚚
oknsqr	𭚛
okmacc	𭚜
okbmjt	𭚞
okyikl	𭚡
oklkyi	𭚢
okyijb	𭚣
okdmve	𭚥
okgsgl	𭚦
okgsuu	𭚧
okgsgj	𭚩
okgsii	𭚪
okgsvf	𭚫
okgsji	𭚬
okybni	𭚭
okgsmk	𭚮
okrugs	𭚯
okgsyu	𭚰
okgsky	𭚲
okgshs	𭚴
okgsmn	𭚵
okgsmm	𭚷
okgsbo	𭚺
okgsye	𭚻
okgsbw	𭚽
okdilk	𭚾
okgsqm	𭚿
okgswu	𭛀
okgsyi	𭛃
okgsti	𭛆
okroys	𭛇
okgsdj	𭛈
okgssv	𭛉
okdijx	𭛊
okxtmc	𭛍
okxtni	𭛎
okhudz	𭛏
okxtzu	𭛐
okhujp	𭛑
okxtjy	𭛒
okysuj	𭛓
okyruj	𭛔
okicuj	𭛘
okgouj	𭛙
okxuuj	𭛚
okrfqm	𭛜
okrfyu	𭛞
okrfqu	𭛟
okrfjs	𭛡
okrfqq	𭛢
okrfvc	𭛤
okrfjx	𭛥
okrffj	𭛦
okrflw	𭛧
okrfci	𭛨
okrfbo	𭛫
okrfzu	𭛬
okrfxi	𭛭
okrfqk	𭛯
okxkqu	𭛰
okrfmm	𭛱
okrfly	𭛴
okrfjk	𭛵
okrfvo	𭛶
okrffu	𭛷
okrfqi	𭛸
okrfqq	𭛻
okrfuz	𭛼
okrfyi	𭛽
okrfjq	𭛾
okrfmb	𭛿
okrfds	𭜀
okrfih	𭜂
okrflc	𭜃
okrffa	𭜄
okcsvs	𭜅
okrfye	𭜆
okrfgl	𭜉
okkvxb	𭜋
okxbwj	𭜌
okmexb	𭜍
okxbwu	𭜐
okgsxb	𭜑
okxbee	𭜒
okxbze	𭜔
okxbkd	𭜕
okxbzi	𭜖
okxbdj	𭜗
okxbmb	𭜛
okxbmu	𭜜
okyexb	𭜝
okxbui	𭜟
okxbbm	𭜢
oksixb	𭜨
okgfxb	𭜩
okisxb	𭜫
okxbzc	𭜬
okjrxn	𭜮
okbkxb	𭜯
okxbxn	𭜸
okxpxb	𭜺
okxbve	𭜻
okxbbw	𭜼
okxbnj	𭜽
okxbbk	𭜾
okfhxb	𭝁
okxbfu	𭝂
okxbhj	𭝃
okxbjq	𭝄
okxbxb	𭝅
okffxb	𭝇
okxbjy	𭝈
okiyxb	𭝉
oklkxb	𭝊
okxblk	𭝋
okfunm	𭝌
okndxb	𭝍
okxbnd	𭝎
okxbll	𭝏
okuhxb	𭝒
okxbmk	𭝕
okfuxb	𭝖
okxbff	𭝗
okiuxb	𭝘
okboxb	𭝙
okzsxb	𭝛
oksivi	𭝝
okkkge	𭝞
okxbju	𭝟
okldxn	𭝠
okhzxb	𭝡
okxbyu	𭝣
okyexb	𭝤
okcixb	𭝥
okvuxb	𭝦
okxbyr	𭝧
okxbku	𭝩
okxbyr	𭝪
okgfxb	𭝫
okxbnt	𭝬
okxbyr	𭝭
okhfxb	𭝮
oknmbf	𭝯
okbcxb	𭝱
okhoxb	𭝴
oktkxb	𭝵
okxbso	𭝻
okxbhv	𭝽
okwfxb	𭝾
okxbui	𭝿
okvxkf	𭞀
okyzrf	𭞂
okxuxb	𭞃
okxbai	𭞄
okxbss	𭞅
okxbxn	𭞆
oktkbi	𭞇
okwwxb	𭞈
oktvxb	𭞓
okeeiu	𭞔
okxbiu	𭞚
oktnxb	𭞝
okxbdi	𭞟
okxbuh	𭞡
okxbdi	𭞣
okwuxb	𭞤
okjixb	𭞧
okxbee	𭞪
okxbiu	𭞭
okzvxb	𭞮
okxbju	𭞯
okreye	𭞱
okjkxb	𭞳
okxbzy	𭞵
okxbil	𭞶
okxbjb	𭞷
okxbjx	𭞼
okhufu	𭞿
okxbch	𭟇
okxbge	𭟉
oknkxb	𭟋
okjmxb	𭟌
okxbmd	𭟐
okxbmo	𭟒
okxbmo	𭟓
okigxb	𭟕
okxbhc	𭟖
okxbdi	𭟗
okxbho	𭟙
oksihr	𭟜
okxbjk	𭟝
oklmxb	𭟠
okzcxb	𭟡
okxbcu	𭟣
okzaxb	𭟦
okxbls	𭟬
okgehg	𭟮
oktuge	𭟯
okgevi	𭟰
okcsge	𭟲
okjsge	𭟳
okgejn	𭟵
okhoig	𭟻
okujge	𭟽
okhuve	𭟿
okhugs	𭠀
okhulq	𭠁
okhuba	𭠃
okhugu	𭠄
okhubc	𭠆
okfhfh	𭠈
okujpi	𭠊
okujua	𭠋
okbmqm	𭠌
okqipp	𭠍
okuzyz	𭠎
okuzxx	𭠏
okuzzi	𭠒
okuzff	𭠓
okuzjb	𭠔
okuzwu	𭠕
okuziz	𭠖
okuzyz	𭠗
okuzye	𭠙
oktzve	𭠚
okuzyz	𭠞
okuzsi	𭠟
okdayy	𭠢
okuzzd	𭠣
okuzhx	𭠤
okuzyz	𭠥
oklpuz	𭠧
okuzxk	𭠩
okuzzi	𭠪
okuzhe	𭠫
okuzmk	𭠬
okuzuz	𭠰
okuzhs	𭠲
okuzke	𭠳
okuzns	𭠴
okuzvi	𭠶
okuzuz	𭠸
okuzjm	𭠺
okuzbp	𭠻
okuzgh	𭠽
okuzdu	𭠾
okuzww	𭠿
okuzis	𭡀
okuzlr	𭡃
okuzxb	𭡄
okuzqs	𭡅
okuzyk	𭡆
okuzna	𭡇
okmwuz	𭡋
okbdxx	𭡍
okuzky	𭡎
okuzgv	𭡏
okuzwh	𭡐
okuzvz	𭡒
okuzjb	𭡕
okuzjq	𭡗
okuzpb	𭡘
okuzjm	𭡙
okuzfa	𭡚
okuzuf	𭡜
okuzhj	𭡝
okuzfg	𭡞
okuznd	𭡠
okuzdu	𭡡
okuzze	𭡤
okuzxk	𭡦
okuzah	𭡧
okuzxb	𭡩
okuzfu	𭡪
okuzdu	𭡫
okuzyi	𭡬
okuzho	𭡭
okdzuf	𭡮
okuzji	𭡰
okuzxx	𭡲
okuzqi	𭡳
okuzvj	𭡴
okuzee	𭡵
okuzcc	𭡶
okdjjx	𭡹
okuzgh	𭡺
okuzxn	𭡻
okuzlq	𭡼
okuzig	𭡽
okuzqi	𭡾
okuzan	𭢀
okuzmi	𭢁
okuzzo	𭢂
okuzso	𭢃
okuzqm	𭢇
okuzfg	𭢊
okuzpj	𭢋
okuztn	𭢌
okuzli	𭢍
okuzxq	𭢎
okuzqr	𭢐
okuzve	𭢑
okuzxu	𭢒
okuzvh	𭢓
okuzgd	𭢕
okuzti	𭢗
okuzqi	𭢘
okuzcd	𭢚
okuzjb	𭢜
okuzla	𭢝
okuzpu	𭢞
okuzdd	𭢡
okuzjx	𭢤
okuzlo	𭢥
okuzkv	𭢦
okuzbw	𭢨
okuzle	𭢫
okuzbm	𭢬
okuzxb	𭢭
okuzse	𭢲
okuzsv	𭢴
okuzqm	𭢵
okuzbi	𭢷
okuzvs	𭢸
okuzme	𭢹
okuzdr	𭢺
okuzmi	𭢼
okmoye	𭢽
okuzmo	𭣀
okuzuh	𭣁
okgcvh	𭣂
okuzlj	𭣄
okuzyj	𭣅
okuzdm	𭣇
okuzqb	𭣋
okuzhd	𭣌
okuzxt	𭣍
okuzmi	𭣐
okmoyu	𭣒
okjlvi	𭣖
okvivi	𭣗
okvibc	𭣘
oktkvi	𭣙
okvivi	𭣛
okthvi	𭣜
okvdvi	𭣟
okqmvi	𭣠
oklnwf	𭣡
okjlwf	𭣣
okddwf	𭣤
okuiwf	𭣥
okiuwf	𭣦
okiiwf	𭣨
okiuwf	𭣩
okcipu	𭣯
okuawf	𭣱
okdvpu	𭣳
okuupu	𭣴
okvzwf	𭣶
okxlpu	𭣸
okgsfh	𭣺
okfwwf	𭣻
okdypu	𭣽
okjpwf	𭤀
okgewf	𭤃
okvhwf	𭤊
okxlwf	𭤑
okqupu	𭤒
okwfjb	𭤔
okwfui	𭤕
okvgwf	𭤖
okwfvg	𭤗
okwfdj	𭤘
okmbwf	𭤙
okwfgj	𭤚
okmodz	𭤞
okjbhg	𭤟
okqmjb	𭤠
okjbui	𭤢
okuujb	𭤦
okhgli	𭤧
okfhrf	𭤨
okfhsi	𭤩
okfhvs	𭤫
okfhpm	𭤬
okfhgj	𭤭
okfhug	𭤯
okfhfj	𭤱
okfhbj	𭤲
okfhli	𭤳
okdifh	𭤵
okfher	𭤶
okfhxk	𭤷
okyurf	𭤹
okfhjk	𭤼
okfhqu	𭤾
okfhyr	𭤿
okfhpk	𭥀
okfhph	𭥁
okfhxr	𭥄
okfhge	𭥅
okfhdj	𭥆
okfher	𭥇
okphan	𭥈
okfhyh	𭥉
okjifg	𭥊
okrive	𭥋
okridk	𭥌
okrfri	𭥍
oksiri	𭥎
okrida	𭥏
okrigs	𭥐
okrixi	𭥑
okriyy	𭥓
okriyc	𭥔
okriwh	𭥕
okriyr	𭥖
okriri	𭥗
okrikh	𭥙
okriuv	𭥚
okriks	𭥛
okiiri	𭥜
okriyb	𭥞
okriyy	𭥠
okzcqi	𭥡
okriys	𭥢
okbwri	𭥣
okrijs	𭥤
okrili	𭥩
okrilj	𭥪
oktmri	𭥫
okppve	𭥬
okrito	𭥮
okriyz	𭥯
okrikl	𭥰
okrido	𭥱
okrivi	𭥲
okrizc	𭥳
okrige	𭥵
okrixq	𭥶
okriue	𭥹
okrijl	𭥺
okrimi	𭥻
okriyi	𭥼
okrixk	𭥽
okriyi	𭥾
okrigf	𭦂
okrins	𭦄
okrida	𭦆
okrimh	𭦇
okrinj	𭦉
okrifu	𭦊
okriyj	𭦋
okrizo	𭦎
okrili	𭦏
okribh	𭦐
okrijq	𭦒
okrilq	𭦓
okrigd	𭦔
okriqy	𭦕
okwfbc	𭦗
okufbk	𭦘
okrind	𭦛
okhjlk	𭦝
okzcxm	𭦞
okriug	𭦠
okrixb	𭦡
okrijr	𭦣
okridk	𭦤
okrifu	𭦥
okrilu	𭦧
okycri	𭦫
okrivf	𭦬
okrikv	𭦭
okuiui	𭦯
okvifu	𭦰
okriro	𭦲
okrimm	𭦴
okrihf	𭦶
okxknw	𭦷
okriyu	𭦺
okriyk	𭦻
okrihf	𭦼
okridi	𭦽
okrill	𭦾
okrigs	𭧂
okzcuz	𭧃
okhjll	𭧄
okrisu	𭧅
okrivi	𭧇
okrire	𭧈
okridh	𭧋
okrihl	𭧌
okrili	𭧍
okrixi	𭧎
okriyc	𭧏
okhequ	𭧑
okrilm	𭧒
okzcll	𭧓
okrilz	𭧖
okxmuz	𭧗
okrinn	𭧘
okrizc	𭧙
okyikk	𭧚
okrili	𭧜
okvikv	𭧝
okridi	𭧞
okjkjq	𭧟
okrikh	𭧠
okriue	𭧤
okribf	𭧥
okuiwo	𭧦
okribo	𭧧
okriih	𭧨
okricv	𭧩
okrihw	𭧪
okrigv	𭧫
okrijn	𭧭
okxkli	𭧰
okripu	𭧱
okriyj	𭧲
okrixm	𭧴
okrivu	𭧶
okrixp	𭧸
okyiui	𭧺
okxklc	𭧻
okxknc	𭧼
okrijm	𭧿
okiyir	𭨀
okrier	𭨁
okxivf	𭨂
okxkdi	𭨅
okriyb	𭨆
okrijk	𭨇
okrirv	𭨈
okritd	𭨉
okrimo	𭨊
okllho	𭨎
okxmhl	𭨏
okrily	𭨑
okrilo	𭨒
okrixm	𭨓
okviuj	𭨔
okrilj	𭨕
okqukv	𭨙
okwdri	𭨚
okqujb	𭨛
okquge	𭨜
okbjri	𭨞
okzgcd	𭨟
okuuui	𭨡
okrily	𭨣
okyter	𭨤
okytln	𭨥
okytge	𭨦
okytgs	𭨧
okyyyt	𭨨
okytkd	𭨩
okytvi	𭨪
okytjp	𭨫
okytho	𭨬
okytyb	𭨭
okytui	𭨮
okytyi	𭨳
okytjm	𭨶
okythe	𭨸
okytwu	𭨹
okytue	𭨻
okjmba	𭨼
okytmk	𭨽
okbmyt	𭨿
okgupg	𭩀
okytve	𭩁
okytxl	𭩆
okpgks	𭩇
okytai	𭩊
okwhwh	𭩌
okytyj	𭩏
okytwu	𭩐
okytvf	𭩒
okwhmg	𭩔
okwhyi	𭩕
okmuve	𭩘
okmuxx	𭩙
okmuyi	𭩚
okmumf	𭩛
okmuwh	𭩜
okulmu	𭩞
okjumu	𭩢
okmuqn	𭩣
okmuwu	𭩤
okmuka	𭩦
okmuwu	𭩨
okmuts	𭩫
okmuta	𭩬
okuage	𭩭
okmunu	𭩯
okmufa	𭩰
okrimu	𭩱
okmuig	𭩴
oklpmu	𭩶
okmumk	𭩹
okmimu	𭩼
okmumi	𭩽
okffmu	𭪃
okmumd	𭪄
okmugo	𭪆
okmuty	𭪇
okuuqu	𭪈
okdoke	𭪋
okmuzo	𭪌
okuaka	𭪍
okuayz	𭪎
okmuyj	𭪐
okwhlb	𭪑
okmumf	𭪓
okmuzi	𭪔
okmuvi	𭪘
oklbqr	𭪝
okmujp	𭪞
okmumb	𭪟
okvitn	𭪠
okmugz	𭪡
okmuan	𭪤
okgojb	𭪥
okmuyj	𭪦
okmuyk	𭪧
okvimu	𭪨
okmuvi	𭪩
oklimu	𭪪
okfglb	𭪫
okuagl	𭪬
okwhye	𭪭
okbomu	𭪰
okuvlb	𭪳
okgoju	𭪹
okgovf	𭪻
okmujq	𭪾
okciuu	𭪿
okmugv	𭫀
okvcmu	𭫁
okbcmu	𭫄
okdumu	𭫅
okmudu	𭫆
okuazo	𭫇
okmuai	𭫊
okshuh	𭫌
okuumu	𭫔
okmuui	𭫙
okldld	𭫝
okmuue	𭫠
okmujq	𭫣
okmule	𭫤
okdsyu	𭫧
okmuvl	𭫨
oklumu	𭫪
okcdnj	𭫫
okmiye	𭫮
okmuuh	𭫶
okjxge	𭫹
okmuce	𭬂
okmula	𭬄
okbimu	𭬅
okmuls	𭬇
okmudm	𭬋
okmumm	𭬌
okmuys	𭬎
okkdge	𭬐
okmuli	𭬒
okmumk	𭬖
okmufu	𭬙
okybmu	𭬚
okmuch	𭬝
okmufj	𭬣
okmugu	𭬨
okmuvj	𭬪
okmuii	𭬱
okwuji	𭬲
oklblm	𭬴
okmuyk	𭬶
okmuqt	𭬸
okmuyr	𭬻
okmubo	𭬾
okbuqm	𭭄
okyrqm	𭭅
okrsqm	𭭆
okciqm	𭭇
okyaqm	𭭈
okjnqm	𭭉
okmkqm	𭭊
okyhqm	𭭋
okdvqm	𭭌
okyiqm	𭭐
okwfqm	𭭑
okjbqm	𭭒
okxtqm	𭭗
okvgve	𭭘
okviji	𭭙
okvipu	𭭛
okvijb	𭭜
okviho	𭭝
okviqp	𭭞
okvisi	𭭟
okyzvi	𭭠
okviwu	𭭢
okvizu	𭭤
okviqk	𭭦
okviqi	𭭨
okwuke	𭭫
okwuwo	𭭯
okvijb	𭭵
okviqm	𭭶
okviyi	𭭷
okwuge	𭭸
okwugj	𭭹
okcifu	𭭺
okddbi	𭭽
okddbi	𭭾
okddqn	𭭿
okddsi	𭮀
okddsi	𭮁
okddvi	𭮂
okdddz	𭮃
okddyb	𭮅
okddvj	𭮆
okdduf	𭮇
okddgl	𭮋
okddxs	𭮌
okddbk	𭮎
okddvd	𭮏
okddsi	𭮑
okddii	𭮒
oksimb	𭮓
okddli	𭮔
okddhj	𭮕
okddwu	𭮗
okddys	𭮛
oklbsi	𭮜
okyyve	𭮝
okddtj	𭮠
okddqn	𭮡
okddjm	𭮣
okdder	𭮤
okddxu	𭮥
okeeuu	𭮨
okbduu	𭮩
okjiuu	𭮪
okdvuu	𭮫
okmwuu	𭮬
okgouu	𭮲
okyeuu	𭮷
okqbuu	𭮸
oksouu	𭮹
okuaww	𭯀
okuabm	𭯂
okxtuu	𭯄
okqmfa	𭯆
oksimu	𭯇
okbumu	𭯈
okbixs	𭯊
okyabi	𭯋
okbinm	𭯌
okcibi	𭯎
okfubi	𭯏
okkyjb	𭯐
okyebi	𭯑
okbumc	𭯒
okmcbf	𭯓
okmchv	𭯔
okmcys	𭯕
okmcbd	𭯖
okmcfu	𭯗
okhemc	𭯘
okmcll	𭯙
okmcqy	𭯚
oklkmc	𭯛
okximc	𭯜
okuhmc	𭯝
okmcpb	𭯞
okwwll	𭯢
okaomc	𭯣
okmcts	𭯤
okjxmc	𭯦
okmcqq	𭯧
okvdmc	𭯪
okmcuu	𭯫
okbkdi	𭯱
okqiya	𭯲
okqiyz	𭯴
okqiqs	𭯵
okkzuv	𭯶
okuvme	𭯷
okuvmc	𭯹
okuvrf	𭯺
okystu	𭯼
okuvwa	𭯽
okuvda	𭯾
okuvkj	𭯿
okuvgs	𭰀
okuvta	𭰃
okuvwu	𭰄
oknnyz	𭰇
okuvbf	𭰉
okuiuv	𭰋
okuvif	𭰍
okuvdh	𭰎
okuvza	𭰏
okuvua	𭰒
okuvvd	𭰓
okuvhc	𭰕
okuvmd	𭰗
okuvwu	𭰘
okuvxx	𭰙
okuvqt	𭰚
okuvqi	𭰜
okuvti	𭰟
okuvvu	𭰠
okuvqn	𭰡
okuvlu	𭰢
okbatd	𭰣
okuvfh	𭰤
okuvji	𭰥
okuvci	𭰩
okuvla	𭰪
okuvmm	𭰫
okqiuv	𭰭
okuvqu	𭰮
okuvlk	𭰰
okuvyr	𭰳
okworf	𭰶
okuvmk	𭰷
okboye	𭰿
okuvgr	𭱀
oklduv	𭱁
okfatm	𭱇
okuvnd	𭱈
okqqgg	𭱉
okuvxl	𭱊
okuvyj	𭱍
oklwyt	𭱑
okuvyz	𭱒
okuvfu	𭱘
okuvxi	𭱙
oklqli	𭱛
okuvbm	𭱝
okuvjs	𭱞
okxmuv	𭱡
okuvxx	𭱣
okuvjk	𭱧
okuvid	𭱨
okuvhv	𭱫
okuvbc	𭱯
okuviy	𭱴
okuvai	𭱵
okuvni	𭱶
okuvtu	𭱻
okuvmm	𭲀
okuvly	𭲂
okuvhe	𭲃
okuvmb	𭲅
okuvjl	𭲎
okuvtc	𭲏
okwwuv	𭲐
okqkwf	𭲕
okuvkv	𭲗
okuver	𭲘
okuvjk	𭲟
okuvlm	𭲠
okuvla	𭲢
okuvkr	𭲨
okuvuu	𭲫
okuvnn	𭲰
okuvfu	𭲽
okuvmg	𭲿
okuvxu	𭳀
okyzlz	𭳂
okuvgc	𭳇
okuvkr	𭳈
okuvmo	𭳉
okuvji	𭳋
okuvxu	𭳌
okuvbo	𭳐
okjqho	𭳒
okuvyk	𭳕
okuvya	𭳠
okuvxk	𭳢
okuvjm	𭳤
okhcye	𭳥
okuvli	𭳬
okuvfu	𭳱
okuvxy	𭳵
okuvgv	𭳶
okuvmj	𭳹
okhove	𭳿
okdkho	𭴀
okbiho	𭴁
okhomp	𭴂
okgsho	𭴃
okhofj	𭴄
okhowf	𭴅
okwhho	𭴆
oknvho	𭴇
okhoyy	𭴈
okyyho	𭴉
okhowu	𭴊
okriho	𭴋
okhori	𭴌
okhoiz	𭴍
okhomc	𭴎
okhoyb	𭴏
okhoii	𭴐
okhohc	𭴒
okhoui	𭴓
okjuho	𭴔
okjxho	𭴖
okhopi	𭴗
okyuho	𭴘
okvjho	𭴙
okhovi	𭴛
okhoyb	𭴜
okirho	𭴝
okhorf	𭴞
okhoyu	𭴟
okhobk	𭴡
okyiho	𭴢
okanho	𭴣
okhois	𭴤
okhoqt	𭴦
okhodz	𭴧
okhoke	𭴨
okiiho	𭴩
okyjho	𭴪
okliho	𭴬
okfuho	𭴮
okyuho	𭴯
okvoho	𭴰
okhomw	𭴱
okhoua	𭴲
okhojm	𭴳
okhona	𭴴
okhoqu	𭴻
okhoqk	𭴼
okhojs	𭴽
okfwho	𭵀
okhofw	𭵁
okhojm	𭵅
okboho	𭵉
okhoyu	𭵊
okkuho	𭵌
okhodi	𭵍
okhoze	𭵎
okvfho	𭵐
okhosz	𭵕
okhoyj	𭵗
okhojy	𭵘
okyuho	𭵙
okziho	𭵝
okyjqp	𭵞
okhodd	𭵟
okggho	𭵢
okgvho	𭵣
okhopo	𭵤
okhoiz	𭵩
okhoue	𭵪
okhotk	𭵬
okhoia	𭵭
okjiho	𭵮
okhovg	𭵱
okviho	𭵴
okhoug	𭵵
okhoao	𭵶
okhopu	𭵸
okhoww	𭵻
okwwho	𭵼
okhovu	𭵽
okhoic	𭵿
okhoyy	𭶀
okhoxl	𭶆
okzuyj	𭶈
okyrxi	𭶌
okjkho	𭶍
okhoge	𭶎
okhogo	𭶏
okhole	𭶒
okwwho	𭶓
okhoyu	𭶖
okhodh	𭶙
okgcyj	𭶟
okholq	𭶣
okxtho	𭶧
okholu	𭶨
okvxjx	𭶫
okvxzd	𭶭
okvxbw	𭶰
okvxyi	𭶱
okvxbw	𭶲
okbmvx	𭶳
okniyr	𭶵
okpnvx	𭶶
okvxho	𭶹
okfubu	𭶺
okfukz	𭶻
okfuie	𭶼
okdpji	𭶽
okpjvh	𭶾
okjlwh	𭶿
okjlfu	𭷀
okpjwf	𭷁
okpjwu	𭷂
okjlgu	𭷃
okpjgs	𭷄
okpjsi	𭷅
okpjyi	𭷇
okpjuz	𭷈
okpmmu	𭷉
okpmlk	𭷊
okpmmb	𭷋
okuupm	𭷍
okpmjm	𭷎
okyawf	𭷏
okyahc	𭷐
okyajn	𭷑
okyaui	𭷒
oknqve	𭷓
okdcnq	𭷔
okfunq	𭷕
oknqgz	𭷖
oknqrf	𭷗
oknqyy	𭷙
oknqqp	𭷚
oknqbd	𭷛
oknqwd	𭷜
oknqbc	𭷝
oknqxt	𭷞
oknqjl	𭷟
oknqlc	𭷡
okmzgu	𭷢
oknqbf	𭷦
okmunq	𭷧
oknqmi	𭷩
okmzhe	𭷪
okmzji	𭷬
oknqve	𭷭
oknqvr	𭷰
oknqmo	𭷱
okmzxm	𭷲
oknqmb	𭷴
oknqlo	𭷷
okqrdk	𭷸
okqrvh	𭷹
okqrrs	𭷻
okqrjp	𭷼
okqrnq	𭷽
okqrdz	𭷾
okqrsi	𭷿
okqrwu	𭸀
okufqr	𭸁
okqrtz	𭸃
okqrer	𭸄
okqrrz	𭸆
okqrzi	𭸇
okqryi	𭸈
okqrwu	𭸊
okuuqr	𭸋
okqrmd	𭸌
okqrna	𭸐
okqrrf	𭸑
okqrlb	𭸓
okqrye	𭸕
okqrye	𭸗
okqrmz	𭸘
okqrmc	𭸙
okqrxm	𭸚
okqrmc	𭸛
okqrbm	𭸝
okqrdr	𭸞
okqrjm	𭸠
okqrni	𭸢
okdubc	𭸤
okqrsi	𭸨
okqryt	𭸩
okizhz	𭸫
okqrfu	𭸬
okqruu	𭸭
okqrma	𭸱
okvumz	𭸲
okqrxy	𭸳
okwhdc	𭸵
okwhmc	𭸶
okwhvi	𭸷
okwhfj	𭸸
okwhrf	𭸹
okwhyc	𭸺
okwhui	𭸻
okwhju	𭸾
okwhwu	𭸿
okwhdi	𭹁
okwhta	𭹂
okwhmu	𭹃
okwher	𭹄
okwhrf	𭹆
okwhjl	𭹇
okwhjm	𭹈
okwhjq	𭹉
okxkyu	𭹊
okwhvd	𭹋
okwhqt	𭹌
okwhii	𭹍
okjxyu	𭹎
okwhbm	𭹏
okwhyz	𭹐
okwhwf	𭹓
okviwh	𭹖
okwhbn	𭹙
okwhfh	𭹛
okwhlo	𭹜
okujcy	𭹝
okwhbo	𭹢
okwhge	𭹤
okwhnt	𭹦
okwhhe	𭹨
okwhgs	𭹫
okfjwh	𭹬
okwhiu	𭹰
okwhzc	𭹱
okwhli	𭹳
okwhyh	𭹴
okwhve	𭹶
okwhmb	𭹺
okwhzy	𭹼
okwhdm	𭺀
okwhww	𭺁
okwhsi	𭺂
okwhli	𭺊
okwhmi	𭺋
okboye	𭺌
okwhww	𭺎
okwhho	𭺑
okwhyk	𭺓
okgxba	𭺗
okgxba	𭺘
okgogx	𭺙
okgxgo	𭺚
okwajp	𭺝
okwaji	𭺞
okwais	𭺟
okwwwa	𭺠
okjnwa	𭺡
okways	𭺢
okwazu	𭺣
okqiwa	𭺤
okxbwa	𭺦
okanwa	𭺧
okluwa	𭺨
okykwa	𭺩
okgjvi	𭺬
okthkz	𭺮
okgjwj	𭺯
okbjgj	𭺰
okujug	𭺱
okkzug	𭺲
okugwj	𭺳
okugli	𭺴
okuggg	𭺵
okugqm	𭺷
okuiys	𭺸
okysnd	𭺹
okysds	𭺻
okfuvr	𭺼
oktmyz	𭺿
oktmge	𭻀
oktmvi	𭻁
okxntm	𭻂
oktmff	𭻃
okufyb	𭻄
oktmsi	𭻅
oktmba	𭻆
oktmgu	𭻇
okqujx	𭻈
okppfu	𭻉
okxitm	𭻌
okyatm	𭻍
okjxlp	𭻎
oksitm	𭻏
okgftm	𭻓
oktmld	𭻔
oktmli	𭻕
oktmxi	𭻖
oktmgu	𭻗
oktmdi	𭻘
okvunj	𭻙
oknjbc	𭻚
okdjjx	𭻛
oktmlb	𭻜
oktmyj	𭻞
oknjzd	𭻟
okbiye	𭻠
okfusi	𭻢
okfjbu	𭻣
oknjna	𭻤
oktmgs	𭻥
okfufu	𭻧
okfjfj	𭻫
okfjji	𭻬
okbwtm	𭻭
oknjzd	𭻮
oktmfj	𭻱
okpiye	𭻲
oktmyi	𭻳
oktmbc	𭻶
oklqyc	𭻷
okdhvf	𭻺
okfjkk	𭻻
okrfpi	𭻾
okpiyu	𭼄
okbkwh	𭼆
okbkhx	𭼇
okbkbd	𭼈
okbkwj	𭼉
okbkgs	𭼊
okbkvs	𭼌
okbkif	𭼏
okbkky	𭼐
okbkbk	𭼑
okbkhj	𭼒
okbkqk	𭼓
okbkvi	𭼔
okbkfh	𭼕
okbkda	𭼖
okbkdu	𭼛
okbkni	𭼟
okbkmj	𭼡
okbkhr	𭼢
okbkfg	𭼣
okbkbw	𭼤
okbkqm	𭼥
okbkcj	𭼨
okbkji	𭼫
okbkvi	𭼯
okbkli	𭼰
okbkwu	𭼳
okbklz	𭼴
okbkyz	𭼵
okdgri	𭼿
okdgmi	𭽀
okdgia	𭽃
okdgql	𭽅
okbddk	𭽆
okbdto	𭽉
okbdsi	𭽊
okbdyr	𭽋
okbdpm	𭽌
okbdfh	𭽍
okbdug	𭽎
okbdpk	𭽏
okbdzo	𭽐
okbdhc	𭽑
okbdhv	𭽔
okbdxy	𭽕
okbdyh	𭽗
okhlyz	𭽚
okbdyi	𭽛
okbdfw	𭽜
okbdgo	𭽝
okbdhc	𭽟
okbdao	𭽠
okhlhl	𭽡
okbdcj	𭽢
okpidi	𭽣
okpigs	𭽥
okpixm	𭽧
okpinm	𭽨
okpiww	𭽩
okpiqy	𭽫
okpiuu	𭽭
okpifw	𭽮
okpivs	𭽰
okpilq	𭽱
okpiiu	𭽲
okping	𭽳
okzepi	𭽴
oklypi	𭽵
okerpi	𭽹
oknppi	𭽺
oknwmb	𭽼
okbdmb	𭽾
okjxmb	𭽿
oklcmb	𭾀
okgfmb	𭾁
okvcmb	𭾃
oknmmb	𭾄
okwjmb	𭾅
okiymb	𭾇
okwfmb	𭾎
okyihe	𭾓
okmuui	𭾗
okmuba	𭾘
okmuln	𭾙
okmuda	𭾚
okqmmu	𭾜
okmuzi	𭾝
okmujk	𭾞
okmubu	𭾟
okmujk	𭾠
okmuwf	𭾢
okmuvi	𭾣
okmuyb	𭾥
okmugj	𭾧
okmuke	𭾨
okmuye	𭾫
oksifa	𭾬
okkjjq	𭾭
okmunm	𭾮
okmuww	𭾯
okmuwh	𭾰
oksiyi	𭾱
okmuyu	𭾲
okuhmw	𭾴
okmugc	𭾵
okmujq	𭾶
okmuys	𭾸
okmula	𭾺
okmuue	𭾼
okmuso	𭾾
okmugg	𭾿
okmuvo	𭿁
okmuuf	𭿄
okmuzz	𭿅
okmuhs	𭿈
okmuhf	𭿉
okkjvu	𭿊
okkjke	𭿋
okmuvs	𭿍
okmulw	𭿎
okmull	𭿏
okmubi	𭿑
okmuvf	𭿒
okmugc	𭿔
okmucc	𭿕
okmuyj	𭿖
okmujk	𭿘
okmuqi	𭿚
okmull	𭿝
okmudj	𭿞
okkjyj	𭿠
okkjso	𭿡
okmugu	𭿢
okmuuu	𭿦
okkjll	𭿧
okmusv	𭿨
okmuhc	𭿭
okmwjy	𭿰
okmmnn	𭿱
okmulo	𭿳
okmcjs	𭿷
okmcbf	𭿸
okmche	𭿹
okmcmz	𭿺
okmcnn	𭿼
okuidk	𭿽
okuiyi	𭿾
okhoui	𭿿
okuiqp	𮀀
okuiif	𮀁
okuigf	𮀂
okuiwu	𮀃
okuiaa	𮀄
okuidr	𮀅
okyiue	𮀈
okuilu	𮀊
okuida	𮀋
okuiwh	𮀍
okffui	𮀎
okuipo	𮀏
okuimc	𮀐
okuicc	𮀑
okuink	𮀓
okuiui	𮀔
okuixk	𮀖
okuity	𮀙
okuike	𮀚
okuidd	𮀛
okuiuf	𮀝
okuixq	𮀞
okuizo	𮀟
okuibk	𮀠
okuilk	𮀡
okuivc	𮀢
okuiuu	𮀣
okuilc	𮀤
okuirv	𮀥
okfwui	𮀦
okuipb	𮀧
okuiqp	𮀨
okuigr	𮀩
okuigr	𮀪
okuiaa	𮀫
okuiwd	𮀬
okuipb	𮀭
okuibc	𮀮
okvoui	𮀰
okuihg	𮀲
okuijm	𮀴
okuivi	𮀺
okuini	𮀻
okuisu	𮀼
okuiqt	𮀿
okuihc	𮁀
okuiif	𮁂
okuida	𮁇
okuiyb	𮁉
okuidm	𮁋
okyjui	𮁑
okuimu	𮁒
okuixk	𮁕
okuinp	𮁖
okuivr	𮁗
okuinj	𮁙
okppdc	𮁜
okjqui	𮁝
okppuh	𮁞
okppgs	𮁟
okppmc	𮁠
okppyb	𮁡
okppug	𮁢
okpplk	𮁣
okwwui	𮁤
okppwu	𮁥
okppvi	𮁦
okppce	𮁧
okppii	𮁪
okppnk	𮁫
okppjx	𮁬
okppgf	𮁭
okpper	𮁮
okppkx	𮁯
okppyz	𮁰
okpprs	𮁱
okppzc	𮁲
okppxk	𮁴
okppqr	𮁵
okpphd	𮁷
okppyj	𮁺
okppxi	𮁻
okppyi	𮁽
okppys	𮁾
okppnd	𮁿
oknund	𮂃
okppxm	𮂅
okpphz	𮂆
okppxk	𮂇
okppyj	𮂉
okppyr	𮂋
okuisu	𮂌
okppua	𮂎
okppql	𮂏
okviui	𮂑
okppze	𮂒
okppmo	𮂓
okppgd	𮂕
okppmi	𮂖
okppjk	𮂙
okppxl	𮂚
okppfa	𮂛
okppbm	𮂝
okppbc	𮂡
okppbo	𮂣
okjipd	𮂤
okppju	𮂥
okppmi	𮂦
okppnp	𮂨
okpplo	𮂩
okppgv	𮂪
okyuwu	𮂭
okheui	𮂯
okheer	𮂰
okheyz	𮂱
okhetd	𮂲
okheyy	𮂳
okhewh	𮂴
okheug	𮂶
okheqm	𮂸
okhewf	𮂹
okheii	𮂻
okxqwj	𮂼
okheds	𮂽
okhext	𮂾
okhevu	𮂿
okhexr	𮃀
okheyh	𮃁
okheli	𮃂
okheis	𮃅
okheqk	𮃇
okhefg	𮃉
okhebu	𮃊
okhemg	𮃑
okheve	𮃔
okheqq	𮃚
okhehl	𮃜
okhebj	𮃝
okhezd	𮃟
okhemk	𮃠
okhell	𮃡
okheyu	𮃣
okheji	𮃤
okhemm	𮃦
okheuh	𮃧
okhelu	𮃨
okhefg	𮃩
okhets	𮃫
okheuj	𮃬
okheve	𮃭
okhexl	𮃯
okvsjb	𮃲
okhehc	𮃳
okhexk	𮃴
okhemi	𮃷
okxtto	𮃸
okxtvx	𮃹
okxtkz	𮃻
okxtjq	𮃼
okxtya	𮃽
okxtyj	𮃾
okxtdj	𮃿
okxtjx	𮄂
okksbj	𮄃
okxtqk	𮄄
okxtmm	𮄅
okxtmo	𮄇
okxtqb	𮄊
okxtvu	𮄌
okxtic	𮄍
okksbn	𮄏
okirty	𮄐
okxtlv	𮄓
okxtsv	𮄜
okxter	𮄞
okxtlz	𮄠
oklicy	𮄧
oklivx	𮄨
oklizo	𮄩
oklipk	𮄪
okliug	𮄫
okliiu	𮄬
okligv	𮄭
oklixy	𮄮
okliys	𮄯
okliig	𮄰
oklimk	𮄱
okliqi	𮄲
okliye	𮄳
okvhjq	𮄴
okliiy	𮄵
okliyu	𮄶
okliyi	𮄷
oklimj	𮄸
oklijk	𮄹
okliyi	𮄺
oklihw	𮄻
oknkli	𮄽
okqbmo	𮄾
okvuqp	𮅀
okvubu	𮅁
okvugk	𮅃
okvurf	𮅄
okvuta	𮅅
okvubi	𮅆
okvuuu	𮅇
okvuto	𮅈
okvuhv	𮅊
okvuvu	𮅋
okvuli	𮅍
okvuns	𮅎
okvugf	𮅐
okvukh	𮅑
okvubo	𮅓
okvuva	𮅖
oktsqi	𮅗
okvumf	𮅘
okvuer	𮅙
okvuhu	𮅜
okvufh	𮅝
okvuyi	𮅞
okvufu	𮅟
okvutp	𮅠
okvubc	𮅡
okvuvf	𮅢
okvudm	𮅣
okvuia	𮅤
okvumm	𮅥
okvupo	𮅩
okvuji	𮅪
okdacc	𮅫
okvujx	𮅭
okvugg	𮅰
okvuks	𮅱
okvuqi	𮅳
okdaba	𮅵
okvuts	𮅸
okbfhv	𮅹
okvuao	𮅻
okvuvj	𮅼
okvujm	𮅿
okvuxq	𮆀
okvujn	𮆁
okxnxn	𮆂
okvuww	𮆄
okvuqk	𮆆
okvuvu	𮆈
okvujp	𮆉
okvubo	𮆎
okvulj	𮆏
okvuhl	𮆐
okvuve	𮆑
okvuqu	𮆒
okvuhe	𮆓
okvulo	𮆗
okdgue	𮆠
okvuyr	𮆡
okvutj	𮆨
okdgye	𮆩
okvuyt	𮆬
okvubc	𮆭
okvuqk	𮆯
okvubi	𮆰
okjmyi	𮆵
okvuvg	𮆸
okvuye	𮆻
okvuzc	𮆼
okvudo	𮇁
okmijq	𮇃
okmier	𮇄
okmisj	𮇅
okmiyz	𮇆
okmiri	𮇇
okmiiz	𮇈
okmifh	𮇉
okmiyh	𮇌
okmikz	𮇍
okmiii	𮇎
okmivf	𮇏
okmivu	𮇐
okmiiu	𮇑
okmijx	𮇒
okmiya	𮇔
okmiji	𮇕
okmivi	𮇖
okmiai	𮇗
okmizc	𮇘
okmiww	𮇙
okmibk	𮇛
okmigf	𮇜
okmiyu	𮇝
okmixb	𮇞
okmizu	𮇟
okmidd	𮇠
okmibk	𮇡
okmijn	𮇢
okmilk	𮇤
okmilb	𮇥
okmipg	𮇧
okmiuz	𮇨
okmijk	𮇪
okmifh	𮇫
okmidr	𮇭
okmiji	𮇮
okmiui	𮇯
okmidi	𮇱
okmiai	𮇳
okmijp	𮇴
okmilq	𮇶
okmiyc	𮇷
okmixm	𮇻
okmifu	𮇼
okqylb	𮇾
oksiuj	𮈁
oksier	𮈂
oksijk	𮈃
oksiwf	𮈄
oksiyz	𮈆
oksizo	𮈇
oksipk	𮈈
oksiys	𮈉
oksibi	𮈊
okkxsi	𮈋
okgssi	𮈍
oksizc	𮈎
oksike	𮈒
oksixi	𮈔
oksigu	𮈗
oksivi	𮈚
oksibk	𮈝
oksili	𮈡
oksivg	𮈤
oksiwd	𮈥
oksisv	𮈩
oksidr	𮈪
oksiyh	𮈬
oksiji	𮈮
oksivi	𮈳
oksibg	𮈴
oksimi	𮈵
oksiqq	𮈹
oksiih	𮈼
oksiji	𮈽
oksijr	𮈿
oksiuh	𮉀
oksivz	𮉂
oksijp	𮉄
oksiyi	𮉅
oksidd	𮉉
oksiji	𮉋
oksiyj	𮉌
oksiww	𮉏
oksimi	𮉒
oksiqm	𮉓
oksiii	𮉕
oksivu	𮉘
oksiii	𮉙
oksilj	𮉚
oksiqu	𮉛
oksijt	𮉜
oksibm	𮉝
oksili	𮉞
oksijq	𮉠
oksilu	𮉡
oksiui	𮉢
oksiva	𮉣
oksigv	𮉤
oksilp	𮉥
oksiwh	𮉦
oksill	𮉧
oksigo	𮉨
oksizu	𮉩
oksiqu	𮉪
oksiww	𮉫
oksizu	𮉬
oksimw	𮉭
oksicv	𮉮
oksiji	𮉯
okfzfu	𮉱
okfzpi	𮉲
okfzgg	𮉳
okfzzo	𮉴
okqqfz	𮉶
okfzbw	𮉹
oksiyi	𮉽
oksiqr	𮉿
okjbsi	𮊀
oksisi	𮊂
oksivf	𮊃
okghmb	𮊄
oksiig	𮊅
oksivu	𮊈
oksijy	𮊋
oksivf	𮊍
oksifu	𮊑
okghng	𮊓
okghww	𮊔
okwhww	𮊘
oksixi	𮊙
oksiqi	𮊠
okyhwf	𮊢
okyhjq	𮊣
okwhyh	𮊤
okyhwu	𮊥
okyhvh	𮊨
okugyh	𮊩
okvoyh	𮊪
okyhly	𮊬
okyhdi	𮊭
okmwgl	𮊮
oktkyh	𮊯
okgcci	𮊰
okgcyh	𮊱
okgcyh	𮊲
okgeyh	𮊶
okvsyu	𮊹
okffyu	𮊺
okyuwf	𮊻
okmbyu	𮊼
okyuig	𮊽
okyugs	𮊾
okyuhe	𮋁
okyujn	𮋂
okkeyu	𮋃
okjxyu	𮋄
okycyu	𮋆
okxlyu	𮋈
okhlyu	𮋋
okyuxr	𮋌
okhvyu	𮋍
okyuge	𮋎
oklkyu	𮋔
okyusu	𮋕
oklcke	𮋛
oklcji	𮋜
oklcww	𮋞
oklqer	𮋠
oklwnd	𮋣
oklwff	𮋤
oklwmo	𮋥
oklwmu	𮋦
oklwlc	𮋨
oklwzi	𮋩
oklwto	𮋪
okgglc	𮋫
okeryi	𮋬
okerye	𮋭
okertd	𮋮
okerni	𮋯
okerqy	𮋰
okerwj	𮋲
okerld	𮋳
okerqp	𮋵
okerye	𮋶
okerdu	𮋷
okerju	𮋼
okermd	𮋿
okernp	𮌀
okyuer	𮌂
okyumb	𮌃
okufyu	𮌅
okuhyt	𮌈
okxirz	𮌉
okrzye	𮌊
okytia	𮌋
okytye	𮌌
okjryt	𮌐
okrzhd	𮌑
okrzmd	𮌕
okytzu	𮌘
okjmda	𮌙
okrzlk	𮌜
okytyi	𮌝
okytyc	𮌞
okytqp	𮌟
okytyu	𮌠
okytbw	𮌡
okytjm	𮌥
okythz	𮌧
okytjp	𮌪
okdiyr	𮌬
okgcyt	𮌭
okbwgs	𮌱
okytjm	𮌲
okaoyt	𮌳
okytky	𮌴
okytiu	𮌶
okytll	𮌹
okytxi	𮌺
okytyy	𮌻
okbwgc	𮌽
okfuiz	𮌾
okvzrz	𮌿
okhuui	𮍂
okytzh	𮍄
okmoyr	𮍅
okytqb	𮍊
okmuww	𮍋
okkzkl	𮍌
okwuif	𮍏
okifvi	𮍑
okziff	𮍔
okzivx	𮍕
okzizo	𮍗
okziju	𮍘
okzier	𮍜
okzijt	𮍟
okviba	𮍠
okvifj	𮍡
okjrvi	𮍢
okvifg	𮍣
okrfjq	𮍥
okjqyi	𮍦
okjqwf	𮍧
okjrjq	𮍨
okkder	𮍩
okuewj	𮍴
okueqi	𮍵
okuelk	𮍶
okuesi	𮍷
okueui	𮍸
okueuf	𮍺
okheue	𮍻
okuefu	𮍼
okuewj	𮍽
okvoue	𮍿
okuevr	𮎀
okjiir	𮎁
okvzrs	𮎃
okvzlq	𮎄
okvzhu	𮎇
okvzqq	𮎈
okvzui	𮎉
okvzfj	𮎊
okvzbd	𮎋
okvzzi	𮎌
okvzuz	𮎍
okvzlv	𮎎
okvzgu	𮎐
okvzdm	𮎒
okvzbc	𮎓
okvzbb	𮎕
okllsj	𮎘
okxkgf	𮎙
okdcsi	𮎛
okrfba	𮎜
oksell	𮎝
okccyt	𮎟
okccdk	𮎡
okccts	𮎥
okccbd	𮎩
okfuba	𮎪
okccli	𮎫
okccpd	𮎬
okccvc	𮎮
okccxu	𮎴
okccig	𮎺
okccmd	𮏀
okccxk	𮏂
okgsgf	𮏃
okccky	𮏄
okccjq	𮏅
okgzjq	𮏆
okccdj	𮏈
okccbk	𮏊
okcchy	𮏚
okccgz	𮏛
okccpc	𮏜
okccvj	𮏝
okhvtu	𮏤
okmnri	𮏥
okccui	𮏧
okkuxi	𮏫
okccxl	𮏮
okccxx	𮏱
okccsv	𮏲
okcchs	𮏹
okccdu	𮏺
okccxu	𮏽
okccwu	𮐂
okccjx	𮐃
okcctk	𮐄
okcczd	𮐅
okyubp	𮐆
okccai	𮐉
okccmm	𮐊
okccwu	𮐌
okccya	𮐍
okccvv	𮐕
okvier	𮐘
okccfj	𮐚
okccng	𮐝
oklimu	𮐟
okkuke	𮐤
okccyk	𮐨
okccih	𮐫
okkuhj	𮐽
okccbo	𮑀
okccqi	𮑁
okccue	𮑂
okccqu	𮑅
okccih	𮑇
okccww	𮑌
okccic	𮑍
okccpi	𮑎
okccuv	𮑏
okccqi	𮑒
okccss	𮑕
okcclo	𮑗
okccyr	𮑘
okccug	𮑞
okkudi	𮑟
okgsqi	𮑡
okccvd	𮑫
okccxl	𮑳
okcchr	𮑴
okccbo	𮑺
okkuxm	𮒀
okcckz	𮒁
okccli	𮒃
okccuu	𮒄
okjxye	𮒅
okccly	𮒇
okccuf	𮒌
okccjp	𮒍
oklova	𮒏
okcchc	𮒑
okccgh	𮒔
okccly	𮒜
okccke	𮒠
okrvkv	𮒦
okccju	𮒬
okccli	𮒭
okccru	𮒯
okccfu	𮒴
okccju	𮒾
okccfu	𮓁
oksanv	𮓃
okkuqb	𮓄
okcczg	𮓆
okcdai	𮓇
okhlwu	𮓉
oksamu	𮓌
okyeuu	𮓎
okccci	𮓑
okcclj	𮓔
okhutu	𮓛
okhuzz	𮓝
okhuji	𮓟
okhunq	𮓤
okhuhu	𮓦
okhugu	𮓧
okxuyu	𮓪
okhulb	𮓯
okismp	𮓲
okismf	𮓳
okisui	𮓴
okisgs	𮓶
okissi	𮓷
okyris	𮓸
okisqu	𮓹
okisyb	𮓻
okisui	𮓽
okgsis	𮓾
okistm	𮓿
okbiis	𮔀
okiskc	𮔁
okisjp	𮔂
okisxq	𮔄
okisfu	𮔅
okisxt	𮔆
okisll	𮔊
okisxq	𮔏
okisbk	𮔐
okislr	𮔑
okiszd	𮔒
okmwis	𮔓
okismm	𮔔
okjiis	𮔕
okisqy	𮔖
okisci	𮔗
okisbn	𮔘
okislc	𮔚
okistu	𮔛
okisli	𮔠
okisui	𮔣
okisji	𮔤
okisdu	𮔦
okisvi	𮔩
okisvf	𮔪
okishl	𮔫
okgcis	𮔯
okisxp	𮔱
okisiu	𮔲
okiiis	𮔳
okislu	𮔶
okishv	𮔷
okisqi	𮔸
okisde	𮔹
okisvi	𮔺
okisyy	𮔻
okjiis	𮔼
okisif	𮔽
okisnk	𮔾
okiszg	𮔿
okjqis	𮕀
okdyis	𮕁
okisbi	𮕂
okissv	𮕃
okislv	𮕅
okissv	𮕆
oksvdj	𮕊
okisuu	𮕍
okisde	𮕏
okisqm	𮕒
okisbo	𮕓
okdmis	𮕔
okismi	𮕖
okisbm	𮕙
okhgxt	𮕜
okxtdc	𮕝
okddxt	𮕞
okxtgx	𮕟
okxtlp	𮕠
okxkgs	𮕢
okxkhj	𮕣
okppve	𮕤
okppdc	𮕥
okrfyi	𮕦
okppyz	𮕧
okppda	𮕨
okvsyi	𮕪
okpphx	𮕬
okppug	𮕭
okffyi	𮕮
okppyy	𮕯
okppwa	𮕰
okyimu	𮕲
okppsi	𮕳
okppta	𮕴
okppmb	𮕸
okmayi	𮕹
okyits	𮕺
okppzi	𮕼
okpphx	𮕽
okppmk	𮕿
okpphd	𮖀
okppll	𮖁
okppty	𮖂
okppjm	𮖃
okyiyi	𮖄
okppwu	𮖅
okppxi	𮖆
okliyi	𮖇
okbmyi	𮖈
okppzo	𮖉
okppna	𮖍
oknnyi	𮖎
okpphx	𮖏
okgoyi	𮖐
okviyi	𮖑
okggyi	𮖒
okkoyi	𮖔
okppia	𮖕
okppye	𮖗
okuiyi	𮖛
okppyu	𮖜
okppqq	𮖝
okppll	𮖞
okppyb	𮖡
okccvl	𮖢
okppvi	𮖤
okppvv	𮖦
okppph	𮖧
okppjm	𮖨
okppth	𮖩
okppmo	𮖪
okppih	𮖫
okdiyi	𮖭
okppuj	𮖯
okppdg	𮖴
okppfu	𮖵
okxuyi	𮖶
okppye	𮖷
okppji	𮖹
okppvu	𮖺
okppuz	𮖻
okpprv	𮖼
okppqm	𮖽
okxilk	𮖿
okxids	𮗀
okxifh	𮗄
okycxt	𮗅
okxibw	𮗆
okxiww	𮗈
okxijn	𮗊
okyajm	𮗍
okgujm	𮗎
oknmjm	𮗐
okjmgf	𮗑
okjkjm	𮗒
oklvjm	𮗔
okjmqu	𮗕
okyijm	𮗗
okjmgv	𮗙
okyjjm	𮗝
okdjjm	𮗞
okjnwf	𮗡
okjnuj	𮗢
okjngz	𮗣
okjnug	𮗤
okjnmc	𮗥
okjnqm	𮗦
okjnvi	𮗧
okjnwa	𮗩
okjnyh	𮗪
okuijn	𮗫
okjnvi	𮗬
okjnpd	𮗯
okjnwu	𮗰
okjnlq	𮗲
okjnhe	𮗳
okyjer	𮗷
okyjji	𮗸
okyjda	𮗹
okwfyj	𮗺
okyjjk	𮗻
okyjmu	𮗼
okyjbm	𮗾
okyjmo	𮘀
okyjdm	𮘁
okmcyj	𮘃
okyjys	𮘄
okhsyj	𮘆
okyjpi	𮘇
okyjxk	𮘉
okyjpd	𮘌
okyjqt	𮘏
okyjvu	𮘑
okyjdd	𮘒
okyjbo	𮘓
okyjww	𮘕
okyjna	𮘖
okyjfg	𮘗
okyjbu	𮘘
okyjpg	𮘚
okyjks	𮘜
okyjqr	𮘞
okyjpz	𮘟
okyjyk	𮘡
okyjxl	𮘢
okyjuu	𮘣
okbcyj	𮘧
okyjke	𮘨
okyjgs	𮘫
okyjqm	𮘭
okyjvi	𮘰
oktvyj	𮘱
okyjyb	𮘵
okyjys	𮘶
okyjij	𮘷
okyjhl	𮘺
okyjyj	𮘻
okyjuu	𮘼
okyjxm	𮘾
okyjlk	𮘿
okyjai	𮙀
okyjjp	𮙁
okyjls	𮙇
oktchx	𮙉
okyjyb	𮙊
okduyj	𮙋
okguyb	𮙌
okguww	𮙍
okguhs	𮙎
okkegu	𮙐
okdzlk	𮙒
okdzke	𮙓
okdzfg	𮙔
okqidz	𮙖
okuikl	𮙚
okufui	𮙜
okjyui	𮙡
okuimw	𮙣
okvige	𮙦
okvirs	𮙧
okvifu	𮙨
okvidi	𮙫
okvits	𮙬
okrfbw	𮙭
okbwcy	𮙮
okbwir	𮙰
okbwxt	𮙱
okbwfu	𮙳
okbwgd	𮙴
okbwji	𮙵
okugbw	𮙶
okucbw	𮙷
okmwba	𮙸
okbwdj	𮙻
okbwfu	𮙼
okbwwu	𮙽
oklkbw	𮙿
okbwmb	𮚀
okqibw	𮚁
okbwsi	𮚄
okldbw	𮚅
okbwjp	𮚆
okbwxi	𮚇
okbwzo	𮚈
okbwwj	𮚉
okguyr	𮚍
okbwnd	𮚎
okbwlu	𮚓
okgrgu	𮚙
okmdvu	𮚜
okbwni	𮚟
okdvgv	𮚠
okbwyi	𮚢
okmdvi	𮚣
okbwfj	𮚤
okjqbw	𮚦
okmcmd	𮚧
okbwmg	𮚩
okbwbb	𮚪
okbwnk	𮚫
okiifu	𮚱
okzzyi	𮚲
okzzuj	𮚳
okzzfu	𮚴
okzzyb	𮚵
okzztz	𮚷
okzzgs	𮚸
okzzxl	𮚹
okzzmm	𮚻
okzzcu	𮚼
okzzbj	𮚽
okzzxi	𮚿
okzzgl	𮛀
okzuyi	𮛁
okzujq	𮛂
okzuxx	𮛃
okzutu	𮛄
okuhzu	𮛅
okzujb	𮛆
okzuwh	𮛇
okzuer	𮛈
okzuwu	𮛉
okzuee	𮛊
okzuuz	𮛋
okzugs	𮛌
okffzu	𮛍
okzuzo	𮛏
okzuvg	𮛐
okzuka	𮛑
okzuwd	𮛒
okzutz	𮛓
okzulj	𮛔
okzuys	𮛕
oknuzu	𮛖
okzudh	𮛗
okzuyb	𮛘
okzulr	𮛛
okzuhj	𮛜
okzuli	𮛝
okzukk	𮛞
okzugk	𮛠
okzund	𮛢
okuuzu	𮛣
okzuih	𮛤
okzuxt	𮛦
okzuxb	𮛧
okzuhy	𮛨
okzudh	𮛬
okzugg	𮛭
okzuzd	𮛯
okzubo	𮛱
okzuxk	𮛲
okzuwf	𮛴
okzuyu	𮛵
okzuvf	𮛶
okzudu	𮛹
okzupu	𮛻
okzull	𮛽
okzuyb	𮛾
okwuzu	𮛿
okzuge	𮜁
okzugz	𮜂
okzuma	𮜃
okzudp	𮜄
okzuji	𮜆
okzuku	𮜇
okjxbo	𮜈
okzutu	𮜌
okzucd	𮜎
okzuli	𮜏
okzuli	𮜐
okzuys	𮜑
okzucj	𮜒
okzuql	𮜓
okzuuj	𮜖
okzuhe	𮜗
okzulo	𮜘
okzuye	𮜙
okzuhe	𮜜
okzubb	𮜞
okzuao	𮜡
okbizu	𮜣
okzump	𮜤
okzucd	𮜨
okzuho	𮜩
okzuqb	𮜪
okpbzu	𮜫
okufye	𮜮
okufee	𮜯
okufzo	𮜰
okufgs	𮜲
okufkl	𮜳
okufdh	𮜴
okufnm	𮜵
okufuz	𮜶
okufhj	𮜹
okufqb	𮜺
okufns	𮜻
okufqm	𮜼
okufqb	𮜽
okiewj	𮜿
okiequ	𮝀
okytie	𮝁
okhoie	𮝃
okielq	𮝄
okieyb	𮝅
okievg	𮝆
okyhie	𮝈
okmcie	𮝉
okieys	𮝊
okjxie	𮝋
okiepi	𮝌
okieig	𮝍
okiekx	𮝎
okciie	𮝏
okieue	𮝐
okiedz	𮝒
okiegg	𮝓
okiebf	𮝔
okiexi	𮝖
okieih	𮝙
okiegh	𮝚
okiejr	𮝛
okieiu	𮝤
okieji	𮝨
okiele	𮝩
okguie	𮝪
okiego	𮝫
okieli	𮝬
okieer	𮝭
okieii	𮝱
okielq	𮝳
okiegx	𮝴
okieer	𮝵
okiebk	𮝶
okiebf	𮝷
okiedy	𮝸
okiege	𮝺
okpihg	𮝻
okpzxb	𮝼
okxbmj	𮝽
okvjif	𮝿
okxlns	𮞀
okvisj	𮞁
okvippna	𮞅
okvils	𮞇
okvixs	𮞈
okvilk	𮞊
okjbve	𮞌
okvinu	𮞎
okvige	𮞑
okvimd	𮞒
okvitn	𮞓
okgogx	𮞖
okviyu	𮞛
okvixi	𮞝
okvivi	𮞟
okviuh	𮞢
okvinm	𮞤
okvigg	𮞨
okviww	𮞩
okviyr	𮞫
okvipb	𮞬
okviqr	𮞰
okvibw	𮞱
okviji	𮞲
okvisu	𮞶
okvith	𮞻
okvijx	𮞼
okvile	𮞿
okviqk	𮟂
okvvbf	𮟄
okdaye	𮟉
okvipg	𮟊
okviww	𮟋
okviti	𮟍
okvivi	𮟎
okvimg	𮟔
okviuu	𮟕
okvijp	𮟙
okvive	𮟛
okmimw	𮟟
okvize	𮟢
okvilb	𮟤
okviij	𮟨
okvilo	𮟩
okyier	𮟪
okujer	𮟫
okfjer	𮟬
okgser	𮟭
oklqer	𮟮
okjser	𮟱
okyser	𮟳
okxrer	𮟴
okbjer	𮟵
okjxyi	𮟶
okgfer	𮟷
okzder	𮟸
okheyi	𮟺
oklber	𮟼
okdser	𮟽
okyzer	𮠀
oknpyi	𮠃
okyuer	𮠈
okwwye	𮠎
okrfyz	𮠖
okyzdn	𮠗
okyzjq	𮠘
okyzmu	𮠛
okyzvx	𮠜
okyzyc	𮠝
okyzch	𮠞
okyzba	𮠟
okyzyy	𮠠
okyzmo	𮠢
okyzji	𮠥
okyzjm	𮠦
okyzxk	𮠧
okyzdo	𮠨
okyzmi	𮠩
okyzyu	𮠪
okyzbo	𮠫
okyzwu	𮠬
okgcyz	𮠭
okyzih	𮠰
okyzhe	𮠱
okyzqr	𮠲
okyzcj	𮠳
okyzmg	𮠴
okyzvs	𮠵
okyzgo	𮠶
okyzxl	𮠷
okyzfu	𮠸
okyzyr	𮠹
okyzdi	𮠺
okyzmw	𮠻
okyzqi	𮠼
okyzlu	𮠾
okyzjl	𮠿
okyzzc	𮡀
okqqxm	𮡂
okqqyu	𮡃
okqqye	𮡅
okdmyz	𮡆
okyzyi	𮡇
okyzcv	𮡊
okyzcj	𮡋
okyzxy	𮡍
okbmnv	𮡎
okbmvi	𮡏
okliyy	𮡒
oklihc	𮡓
okvsyb	𮡕
okyili	𮡖
oklili	𮡗
okliih	𮡙
okllto	𮡛
okligj	𮡜
okyili	𮡝
okvsni	𮡡
oktkye	𮡢
okulli	𮡣
okjbyu	𮡤
okjbjb	𮡥
okjbxi	𮡦
okjbqr	𮡧
okjbwu	𮡨
okjbbm	𮡬
okjbww	𮡮
okjbzc	𮡲
okjbyb	𮡳
okjbxu	𮡵
okjbyb	𮡶
okjbjm	𮡸
okjbji	𮡾
okjbji	𮢁
okjblb	𮢅
okjbug	𮢆
okjbwu	𮢇
okjbsu	𮢈
okjblk	𮢊
okjbfu	𮢌
okjbua	𮢎
okjbgx	𮢏
okmujb	𮢒
okjbfh	𮢓
okjbgg	𮢘
okjbvg	𮢙
okjbys	𮢛
okjbzd	𮢜
okvfjb	𮢝
okjbyb	𮢣
okjblo	𮢤
okjbxu	𮢦
okjbxx	𮢩
okjbgh	𮢪
okjbwu	𮢬
okjbbg	𮢭
okjbzi	𮢯
okjbiu	𮢹
okjbji	𮢻
okjbyk	𮢽
oksjjb	𮣂
okjbbw	𮣆
okjbyi	𮣇
okthjb	𮣋
okjblv	𮣌
okjble	𮣏
okjbjr	𮣖
okjbli	𮣙
okjbly	𮣜
oklyjb	𮣣
okjbqi	𮣦
okjbli	𮣮
okjbgs	𮣲
okjbgs	𮣳
okjbyj	𮣴
okjbvo	𮣵
okjblv	𮣶
okihia	𮣸
okihyz	𮣹
okihqr	𮣺
okufih	𮣻
okihkx	𮣼
okihjn	𮣾
okihfh	𮤀
okihfw	𮤁
okihph	𮤂
okihpn	𮤃
okihlw	𮤄
okihge	𮤅
oktumf	𮤇
okmfji	𮤈
okmfqm	𮤉
okmfce	𮤊
okmfyh	𮤋
okmfgx	𮤌
okmftd	𮤍
okmfgl	𮤎
okmfjl	𮤏
okmfqk	𮤒
okbumf	𮤓
okmfba	𮤕
okmffh	𮤖
okmfli	𮤗
okmfuf	𮤘
okmfku	𮤙
okmfli	𮤠
okmfxi	𮤡
okmfji	𮤣
okmfao	𮤦
okmflk	𮤧
okmfdk	𮤫
okmftu	𮤬
okmfxn	𮤭
oktmmf	𮤮
okmfnw	𮤯
okmfuc	𮤰
okmfbw	𮤱
okmfbi	𮤲
okmfjl	𮤳
okmfwh	𮤵
okmfks	𮤶
okmfhs	𮤷
okmfhw	𮤸
okerto	𮤹
okerqp	𮤺
okeruc	𮤻
okerza	𮤼
okerli	𮤽
okerjx	𮤿
okerji	𮥁
okersi	𮥂
okdvjl	𮥃
okerxy	𮥄
okerui	𮥆
okerxx	𮥇
okerhj	𮥈
okerli	𮥉
okermm	𮥊
okeryj	𮥋
okaaxx	𮥌
okerky	𮥍
okeryj	𮥐
okerjy	𮥒
okerjb	𮥔
okervr	𮥕
okeria	𮥗
okerni	𮥛
okfuze	𮥜
okermj	𮥝
okertj	𮥞
okerli	𮥟
okeryy	𮥡
okerji	𮥢
okeruj	𮥣
okerts	𮥤
okeruu	𮥦
okerji	𮥪
okerbi	𮥭
okerqb	𮥰
okerxm	𮥲
okhgli	𮥴
okwfvv	𮥷
oklqvv	𮥹
okvvii	𮥺
oknivv	𮥻
okvvjs	𮥼
okyjvv	𮥽
okpgvv	𮥾
okqbvv	𮦀
okjiji	𮦂
okyumf	𮦅
oktmyu	𮦇
okyunw	𮦈
okyuho	𮦉
okyumu	𮦋
okyuvj	𮦌
okyusj	𮦎
okyuyr	𮦑
okyubw	𮦒
okyuwu	𮦔
okyuld	𮦕
okyumf	𮦗
okyuhy	𮦘
okyuui	𮦙
okyubc	𮦚
okyuys	𮦛
okyulk	𮦜
okyuro	𮦝
oklwba	𮦞
oklwho	𮦟
okyuyc	𮦡
okyulo	𮦣
okyutk	𮦥
okyuli	𮦦
okyujx	𮦨
okyupu	𮦫
okyumd	𮦭
okbiyu	𮦮
oklwir	𮦰
okyuhr	𮦲
oklwih	𮦳
okyuyh	𮦴
okyuli	𮦷
okaiyy	𮦸
okyuhl	𮦹
okyuns	𮦽
okyubi	𮦾
okyyqm	𮧀
okqkhc	𮧃
okfwyy	𮧄
okfwtm	𮧅
okfwyh	𮧆
okkcyk	𮧈
okmmxx	𮧉
okmmqp	𮧊
okiumm	𮧋
okmmna	𮧍
okermm	𮧎
okuimm	𮧏
okmmze	𮧐
okmmyi	𮧑
okgeyc	𮧔
okgeui	𮧕
okgefu	𮧖
okgegs	𮧘
okgehd	𮧙
okgeqi	𮧜
okgexb	𮧝
okgeqk	𮧞
okgeah	𮧠
okgeyb	𮧡
okgedd	𮧢
okgebj	𮧣
okgevj	𮧥
okgejm	𮧨
okgeli	𮧩
okgebw	𮧫
okwwvu	𮧱
okwwbw	𮧳
okwwih	𮧴
okwwhx	𮧵
okyuyb	𮧶
okybji	𮧷
okybpi	𮧸
oklcyb	𮧹
okueyb	𮧺
okvfyb	𮧼
okybvi	𮧽
okybhl	𮧾
okizyb	𮧿
okyyye	𮨀
okwfye	𮨂
okqqye	𮨃
okqqye	𮨆
okuhye	𮨏
okvzye	𮨒
okndye	𮨕
okaiye	𮨖
okycye	𮨚
okyuye	𮨠
okmdye	𮨢
okpmye	𮨣
okyjye	𮨤
okxmye	𮨥
okfgru	𮨦
okfgwh	𮨧
oklkfg	𮨨
okfgis	𮨩
okfgan	𮨪
okfghd	𮨫
okfgxb	𮨬
okfglb	𮨭
okfgih	𮨮
okfgwj	𮨯
okfgvf	𮨰
okfggu	𮨲
okfgxn	𮨳
oklbfg	𮨴
okfwqu	𮨶
okuigs	𮨷
okuiya	𮨸
okuiwu	𮨹
okuita	𮨻
okuibk	𮨿
okuifh	𮩀
okuibm	𮩅
okuiqb	𮩇
okuiyr	𮩉
okuijm	𮩌
okuimd	𮩍
okuitj	𮩐
okguui	𮩑
okuiyj	𮩒
okuijl	𮩓
okuiwj	𮩖
okuiuh	𮩗
okuiyj	𮩘
okmiui	𮩚
okuibi	𮩛
okuiai	𮩜
okuihe	𮩝
okuiyi	𮩞
okuzvh	𮩟
okuztz	𮩠
okuzvi	𮩡
okuzqq	𮩢
okuzqi	𮩣
okuzxk	𮩥
okqquz	𮩦
okxlui	𮩧
okxljl	𮩨
okxlld	𮩩
okxldk	𮩪
okxlyu	𮩫
okxldd	𮩮
okxlsu	𮩰
okxlui	𮩱
okmabi	𮩲
okmawj	𮩳
okmacc	𮩴
okmajb	𮩵
okmaji	𮩷
okmavs	𮩸
okmaqm	𮩹
okmabk	𮩺
oktdma	𮩻
okmanu	𮩼
okmafu	𮩽
okmais	𮩿
okmase	𮪀
okhema	𮪁
okanma	𮪂
okmazi	𮪃
okmayu	𮪄
okmaqq	𮪅
okmaxq	𮪆
okmaih	𮪉
okmaqu	𮪊
okmayj	𮪋
okmage	𮪏
okmasv	𮪑
okmayk	𮪒
okmasu	𮪕
okmazc	𮪚
okmaly	𮪟
okmals	𮪡
okmajp	𮪢
okmacc	𮪤
okmady	𮪥
okguui	𮪦
okguyh	𮪧
okguug	𮪨
okguyi	𮪩
okgujx	𮪪
okguww	𮪭
okguly	𮪮
okguye	𮪯
okguro	𮪰
okgutv	𮪲
okguni	𮪳
okguvr	𮪴
okguse	𮪵
okmugu	𮪶
okgcyi	𮪸
okgcba	𮪹
okssgc	𮪺
okgcsh	𮪼
okbnyc	𮪽
okbnxb	𮪾
okbndz	𮪿
okbnui	𮫁
okbnnk	𮫂
okbnlc	𮫃
okbnsi	𮫅
okbnfw	𮫊
okbnvz	𮫌
okbnfg	𮫍
okbnxm	𮫐
okbnuu	𮫑
okbndh	𮫒
okbnho	𮫓
okdzjr	𮫔
okdzma	𮫕
okucgv	𮫝
okgvxy	𮫞
okgvyi	𮫟
okbhgv	𮫠
okqigv	𮫡
okgvyj	𮫣
okgvuz	𮫤
okgvhe	𮫥
okgvsu	𮫦
okligv	𮫧
okgvhv	𮫨
okmoww	𮫩
okgvyk	𮫪
okgvuu	𮫫
okyuyu	𮬛
okyuvi	𮬜
okyusv	𮬝
okyuho	𮬟
okyulu	𮬠
okyugu	𮬡
okyuwg	𮬢
okyuxm	𮬣
okyuvf	𮬤
okyuwj	𮫰
okyupu	𮫱
okyusi	𮫴
okyugf	𮫷
okyuer	𮫸
okyujm	𮫹
okyuvu	𮫼
okyubk	𮫽
okyubw	𮫾
okyuyu	𮫿
okyuxl	𮬀
okyumn	𮬂
okyuww	𮬄
okyuuz	𮬅
okyuxx	𮬆
okyuxi	𮬊
okyuhr	𮬌
okyuve	𮬍
okyuji	𮬏
okyuqk	𮬐
okyufu	𮬑
okyuzi	𮬒
okyunc	𮬔
okhcyu	𮬕
okyumi	𮬚
okjpnn	𮭡
okycnn	𮭢
oklqnn	𮭣
okbinn	𮭤
okgsnn	𮭥
okcfnn	𮭦
oklinn	𮭧
okyjnn	𮭨
okbinn	𮭩
okulnn	𮭪
oknnji	𮬥
oknnwu	𮬦
okyann	𮬨
okxbnn	𮬩
okzinn	𮬪
okwunn	𮬫
okfgnn	𮬬
oklqnn	𮬭
oknnyb	𮬮
okyynn	𮬯
okufnn	𮬱
oktann	𮬲
oknnsi	𮬳
okybnn	𮬴
okmknn	𮬶
oknnxk	𮬷
oknnvd	𮬸
oklrnn	𮬺
oknnfu	𮬻
okvinn	𮬼
oklonn	𮬽
okmunn	𮬾
okmunn	𮭁
oknnli	𮭂
okklnn	𮭃
oknnxm	𮭄
oksonn	𮭈
okjinn	𮭉
okllnn	𮭊
okxynn	𮭌
okyjnn	𮭍
oklwnn	𮭒
okhynn	𮭓
okkhnn	𮭔
okqtnn	𮭕
oklcnn	𮭖
okgjnn	𮭗
oksvnn	𮭘
okcvnn	𮭚
okdunn	𮭞
oklugu	𮭫
okluqy	𮭬
okluld	𮭮
oklukh	𮭰
oklukz	𮭲
okluyu	𮭳
oklumm	𮭵
oklumw	𮭸
oklugv	𮭺
okmdyj	𮭽
okmdiu	𮭿
okmdcc	𮮁
okmdxt	𮮂
okmdyz	𮮃
okmdgd	𮮄
okmdqm	𮮅
okmdbc	𮮆
okmdmz	𮮇
okmamu	𮮈
okmayi	𮮉
okmags	𮮊
okmaua	𮮋
okvuhl	𮮏
okuumi	𮮒
okuuqb	𮮓
okhwff	𮮔
okhwli	𮮖
okhwlb	𮮙
okhwpz	𮮚
okhwgr	𮮛
okgsbi	𮮠
okmmyz	𮮡
okgzmm	𮮢
okmmxy	𮮣
okdkcd	𮮥
okiugu	𮮧
okdhgu	𮮩
okbfgu	𮮪
okuuiz	𮮬
okuuqp	𮮭
okuupz	𮮮
okuudj	𮮯
okbiye	𮮶
okbisi	𮮷
okbidg	𮮸
okiicy	𮮿
okiiqm	𮯀
okiidz	𮯁
okiiui	𮯂
okiixl	𮯄
okiili	𮯊
okiidu	𮯍
oklhii	𮯏
okiiuk	𮯐
okiiya	𮯒
okiijk	𮯖
okiiyu	𮯗
okiily	𮯘
okiike	𮯙
oklshe	𮯚
oklyxi	𮯠
okfuve	乳
okrfbk	倂
okrfju	倶
okriyt	冐
okyzyt	冑
okrimu	冒
okykli	勞
okhzee	卮
okxter	印
okihyz	反
okhzkz	后
okkzya	唖
okvukz	喜
okvujx	嘉
okyktu	塋
okvuju	壾
okyknv	嫈
okvucy	尌
okuibk	屛
okykuj	嵤
okhzba	巵
okjbbk	帲
okvuuj	彭
okmuxb	怷
okxbhu	恆
okyaxb	悪
okihkl	戶
okuzry	撋
okllyt	朗
okmudm	朮
okykmu	榮
okmury	橍
okuvke	涜
okuvqk	淸
okykuv	滎
okuvry	潤
okykxy	煢
okykho	熒
okyklv	營
okyknq	犖
okqrce	狦
okykyu	瑩
okbkwa	甁
okykwa	甇
okbkma	痲
okvupi	皷
okiupi	皺
okmury	瞤
okykui	禜
okvupo	笸
oksihu	絚
oksike	続
okyksi	縈
okykfz	罃
oksijr	羂
okytfu	脬
okytbk	腁
okykyt	膋
okytry	膶
okcciu	蒭
okhuxt	虐
okihhu	虒
okykis	螢
okykyi	褮
okykjm	覮
okyjke	読
okykyj	謍
okiebk	輧
okvibk	逬
okller	郎
okfuer	郛
okiuer	鄒
okykyz	醟
okykjb	鎣
okjbfg	鎽
okbcvv	隺
okiuvv	雛
okuibk	餠
okmabk	騈
okyknn	鶯
okiunn	鶵
okvuvi	鼓
okvupu	鼔
okrijm	㒻
okrijr	㒽
okriui	㒾
okrili	㒿
oknvvu	㛸
okujry	㠈
okhvxb	㤙
okmujr	㯞
okvuqm	㰻
okiuqm	㱀
okuvmu	㳈
okhofg	㷨
okyktm	㽦
okykmu	䁝
okykui	䃕
okykyu	䎕
okytvu	䐍
okjqys	䑕
okykdz	䝁
okykyb	䪯
okyuhu	䱍
okwjwj	𠀞
okqidm	𠀪
okqipp	𠀫
okihhg	𠂋
okihppna	𠂢
okppce	𠂨
okxtxt	𠂩
okihvg	𠂮
okihmd	𠃅
okhzyi	𠃘
okvuve	𠃸
okbkye	𠆕
okrfvu	𠊪
okrimu	𠕖
okrido	𠕝
okriig	𠕠
okritu	𠕤
okridc	𠕥
okriyu	𠕦
okrier	𠕰
okykfj	𠙦
okrfkl	𠚂
okuidc	𠛖
okcedc	𠜂
okmcys	𠝈
okbkrf	𠝵
okiudc	𠞃
okihppna	𠨸
okkzhv	𠰸
okkzce	𠱡
okkzvu	𠷸
okkzry	𠾽
okykts	𡀸
okihtu	𡒮
okvuzi	𡕆
okdohv	𡖣
okdovz	𡖭
okiuda	𡙦
oknvhv	𡛸
oknvce	𡜜
oknvya	𡟳
okykzi	𡦃
okbcui	𡧘
okcecy	𡬥
okcecy	𡬬
okujce	𡷌
okujfg	𡻀
okihsi	𢀴
okykjb	𢄋
okdnpp	𢎨
okrfxb	𢗩
okxbvu	𢜳
okvuxb	𢝫
okxbry	𢡞
okvuzi	𢤥
okykxi	𢥒
okuzhu	𢫮
okmuwf	𢻾
okykdz	𣂈
okihui	𣂑
okriys	𣆎
okrizi	𣆢
okjqys	𣆨
okceri	𣆩
okuiya	𣊰
okriry	𣋆
okmumu	𣏕
okmumu	𣏟
okmuce	𣑭
okqxmu	𣓫
okmufg	𣗏
oklbge	𣝺
okvush	𣞙
okxtqm	𣢔
okyaui	𣱌
okuvgs	𣲅
okuvgx	𣲖
okuvce	𣳷
okuvfg	𣺿
okhvho	𤇀
okhohv	𤇆
okhoya	𤉁
okiuho	𤌉
okykjk	𤌌
okykyc	𤌡
okiuho	𤌽
okykjs	𤍔
okykjk	𤍧
okykli	𤍩
okykyj	𤐺
oknqmu	𤘱
oknqhu	𤙆
oknqce	𤙉
okqrmu	𤝂
okqrhl	𤟂
okwhyt	𤣽
okwhhv	𤤨
okykgx	𤬐
okykug	𤯵
okqxmb	𥁿
okxtmu	𥄤
okppvu	𥚧
okvuce	𥬰
okmice	𥹤
okmixi	𥺗
okmivs	𥼟
oksiir	𥾖
okduyu	𦑢
okyker	𦖽
okytce	𦚻
okifrf	𦣠
okifce	𦣧
okvzvz	𦨸
okccrf	𦬰
okccry	𦻺
okvuds	𧄓
okisls	𧊑
okisfg	𧏢
okvuzc	𧒕
okpphv	𧙊
okpphu	𧙸
okvufz	𧯻
okvuvz	𧯼
okvuds	𧯾
okvubw	𧯿
okvukz	𧰀
okvuyu	𧰇
okvuvf	𧰊
okvujm	𧰋
okvugo	𧰒
okvudc	𧰕
okvutj	𧰘
okvuve	𧰠
okvuli	𧰡
okvuxy	𧰣
okuilk	𧰾
okuice	𧱆
okvice	𧲾
okzuce	𨀢
okzuhu	𨀿
okzujm	𨃎
okykie	𨍶
okiuie	𨎆
okvirf	𨑳
okvivu	𨔦
okvifg	𨕱
okkler	𨙪
okceer	𨚿
okyzjm	𨡼
okjbry	𨬔
okihce	𨱸
okvuih	𨲗
okmfce	𨴕
okjury	𨶽
okyuce	𩂨
okmaiu	𩤍
okmafg	𩥪
okpogv	𩲰
okiuii	𪙗
okrfhv	𪜭
okvudc	𪟌
okqxcy	𪧹
okuirf	𪨋
okxbjm	𪬌
okuzfg	𪮘
okriya	𪰥
okykqi	𪹽
okwhfg	𪼇
okwhry	𪼙
okppys	𪽆
okviiu	𫐻
okmche	𫧻
oknvhu	𫰟
oknvya	𫰫
okrfvu	𫹙
okgevu	𫻿
okuzjm	𫽝
okmuya	𬂲
okuvjm	𬈋
okhsjm	𬗻
okiuhe	𬯲
okyuhv	𬵈
okyyce	𭁪
okuice	𭁯
okbcju	𭁷
okklji	𭂪
okvujq	𭐕
okhzjb	𭘑
okglvu	𭙤
okykvg	𭭱
okuvhv	𭰊
okykbi	𭶋
okuifg	𮀷
okppju	𮂀
okppvz	𮂁
okykjn	𮗵
okzuju	𮜅
okiery	𮝧
okjbce	𮡱
okvuwf	𮮦
okbcif	宧
okwhir	巟
okvjkz	㔽
oklwir	𠫱
okkzif	𠲬
okuiir	𡰭
okmuif	𣐵
okufls	𤯉
oktmif	𤱻
okbdir	𤽇
okkzfzhu	嚹
okvuccyz	𡔷
okhgvehg	与
okhguuve	丐
okrfdado	偧
okuidado	䃎
oksidado	䋾
okytdado	䐒
okuudado	䵙
okjndado	𧤌
okyjdado	𧩫
okfgdado	𩘖
okbndado	𩮅
oksidado	𬘲
okzudado	𮛰
okhguuve	丏
okveuuer	丑
okervedm	专
okvevehg	丝
oklnvehg	丞
okhgkluj	両
okqiklkl	丣
okhgklcs	两
oktubayi	丧
okveeruu	丮
okveppuu	丱
oklvppuu	丳
okuurfkl	临
okyebagj	丵
okkldmhg	丹
okdmlidm	为
okhgkldm	丽
okxkeruu	举
okdmvena	之
okppvehg	乌
okrfuuer	乍
okppqmuu	乎
okppvexn	乐
okycppuu	乔
okpphgfu	乕
okhecchg	乗
okvevepp	乡
okppbayi	乥
okvevedm	书
okvxsive	乿
okuihjqi	亁
okvxyzve	亂
oksiveuu	予
okdcxtuu	争
okhgbaxt	亊
okhgkzxt	事
okerppuu	亓
okerkluu	亜
okeruuuu	亞
oklntjhg	亟
okwfverf	亥
okwfppba	亦
okwfkzln	亨
okwfkzzi	享
okwfkzxn	京
okwfkzdk	亭
okwfkzrs	亮
okwfkzri	亯
okwfrixn	亰
okwfkzto	亳
okwfkzjq	亴
okwfhvdj	亶
okijxtba	亷
okwftsqp	亹
okrfdmve	今
okrfppuu	介
okrfdmdm	仒
okrfdmsi	令
okvedmrf	以
okrfdcna	仭
okrfjqui	伜
okrfbaui	伞
okrfrfli	伤
okrfbchg	伫
okrfrfxn	伱
okrfernv	佞
okrfrfuj	佡
okrfxkhg	佥
okrfjijb	佩
okrfhgvg	佱
okrfbayt	佾
okrfglto	侂
okrfkzir	侃
okrfklcc	侖
okrfveui	侯
okrfizdc	侴
okrfjb	侵
okrfrfqp	俎
okrfyzqn	俜
okrfytdc	俞
okrfwfuj	俢
okrfuuuj	修
okrfjm	俴
okrfdmkz	倉
okrfgsxb	倊
okrfuuqr	倏
okrfuuho	倐
okrfuuui	候
okrfuive	値
okrfrfrf	倹
okrfvxrj	偁
okrfklnv	偃
okrferda	偄
okrfkzkv	偔
okrfqmjq	偛
okrfcsxb	偬
okrfkzer	偮
okrfrfve	偸
okrfuubw	偹
okrfiuri	偺
okrfuuzz	偼
okrfdamu	傄
okrffucy	傅
okrfcsui	傘
okrfgsys	備
okrfriyu	傝
okrfcsxb	傯
okrfrfyh	傷
okrfxbwf	傻
okrfnmfu	傼
okrfccys	僃
okrfyuvf	僇
okrfkzcs	僉
okrfxisi	僊
okrfiewf	僌
okrfsigs	僎
okrfyefu	僕
okrfmcjs	僪
okrfjiri	僭
okrfxiir	僲
okrfqudz	僼
okrfsiyi	儇
okrfklwf	儍
okrfriho	儑
okrfirve	儠
okrflw	儡
okrfluho	儦
okrffubw	儧
okrfjrma	儯
okrfdctu	儳
okrfuuhw	儵
okrfcvjs	儶
okhgveer	兂
okerbkdm	兆
okdckler	免
okppkldm	兎
okppuher	兏
okbdkler	兜
okbdbwer	兠
okhgjbru	兩
okrfytve	兪
okxkhgba	兴
okqphgba	具
okklgsba	典
okqmycyc	兹
okqmfuuu	养
okqmxtba	兼
okbatmkz	兽
okbatmgs	兾
okqmviyy	兿
okbwtmgs	冀
okkluuhg	円
okklklhg	册
okklvekl	冎
okklbakz	冏
okbcbdbi	冟
okbcyrcy	冠
okbchgui	冡
okbcuidm	冢
okbcrilq	冥
okbcyrpu	冦
okbcjqho	冩
okwfdmdm	冬
okbkxitu	凐
okbksixk	凙
okbkwfui	凛
okbkwfhe	凜
okbkifho	凞
okjihgri	凬
okuuhghg	凸
okuuvehg	凹
okveuvkl	函
oklntjkl	凾
okyeqmkl	凿
okdcdcdc	刕
okkzbcdc	別
okklccdc	刪
okvegsdc	刭
okjkdcba	刱
okndmudc	刴
oknqkldc	制
okuijbdc	刷
okqmytdc	前
okiauudc	剎
okuadc	剎
okhebcdc	剓
okjmdc	剗
okbkdcba	剙
okuidmdc	剢
okrfrfdc	剣
okqierdc	剤
okfguidc	剨
okhegsdc	剰
okrfrfrf	剱
okcchedc	剳
okyuvfdc	剹
okwwwfdc	剺
okmcjsdc	劀
okhuuidc	劇
okmcjbdc	劉
okdhdc	劏
okqmdcna	劔
okdctudc	劖
oklilili	劦
okvegsli	劲
okccbcli	劳
okxkbcli	労
okuibwli	勚
okyuvfli	勠
okluwjli	勢
okrfvvli	勧
okuibwli	勩
okjrsili	勬
okhuuili	勮
oklilisi	勰
okccvvli	勸
okbcpppp	勿
okbcrfve	匃
okbccche	匒
okbcgfuu	匓
okbcuflv	匔
okbiirxb	匘
okklcctu	匩
okklwuri	匫
okkldapb	匲
okklrinv	匽
okhguuuu	卄
okbaeruu	半
okhguuuu	卌
okveuuuu	卍
okvehghg	卐
okbdppui	卑
okwfcsui	卒
okuuhgzc	卓
okuilili	協
okbariui	单
okuiklgj	南
okxkjxhg	単
okyjsiui	卛
okuuhghg	卝
okuuhgkz	占
okuuhgui	卢
okvjppia	卥
okuuhggo	卨
okppveer	卬
okklpper	卯
okmcdmdm	卵
okbdbier	卽
okkzkver	卾
okppjqji	卿
okmuuver	厀
okihtudm	压
okihrizi	厚
okihbdxn	原
okihhehe	厤
okihniqm	厥
okihdzcy	厨
okihrijq	厬
okihytqr	厭
okihlbdm	厯
okxkihgj	厳
okyryryr	厵
oksisisi	厽
okhgyzsi	叀
oksidasj	叁
oksidauj	参
oklwrfsj	叄
oklwrfxn	叅
okppvena	及
okveyzdm	发
okuiklyz	叓
okuhxnyz	叔
okvxbcyz	受
okveveyz	叚
okquveyz	叝
okuiuiyz	叞
okjquuyz	叟
okrobcqp	叠
okyeyhqu	叢
okvehgkz	司
okrfhgkz	合
okklhgkz	同
okhgklia	吏
okkzveda	吳
okkzppkz	呂
okkzveba	呉
okkzhuyi	呝
okkltukz	周
okrfkzer	命
okkzkzji	咒
okkzkzkv	咢
okklvejs	咼
okkzkzkz	品
okuigekz	哉
okkzkzqr	哭
okkzccgj	哶
okkzvxcy	哷
okglyukz	唐
okkzbdui	唕
okuiyzkz	唘
okkzjb	唚
okkzxnbw	唢
okkzihgv	啀
okkzuidm	啄
okwfbajs	商
okwfklgu	啇
okhuwfkz	啓
okhugekz	啔
okkzbcfz	啕
okkzdcjq	啗
okcikzkz	啙
okkzuihv	啚
okjbjbkz	啠
okuiqmhv	啬
okkzhecc	啽
okyhqmkz	善
okkzkzvz	喌
okkziuri	喒
okkzbier	喞
okkzqmjq	喢
okkzjuho	喣
okkzrfve	喩
okuihgna	喪
okyckzkz	喬
okkzkzhg	單
okxkbclv	営
okxkbcgc	喾
okuikzuu	嗀
okuicshv	嗇
okkziryi	嗈
okkzliyt	嗋
okkzcche	嗒
okkzlcri	嗜
okkzccsi	嗣
okkzxnbw	嗩
okkzrfgu	嗰
okkzqlsi	嗴
okkzuuqm	嗽
oklvjqlv	嘂
okkznmfu	嘆
okkzyuvf	嘐
okkzhuhu	嘑
okkzyumi	嘨
okkzcijn	嘴
okkzziui	嘷
okkztmkz	嘼
okkzsigs	噀
okkzjiri	噆
okkzmcjs	噊
okkzheyu	噏
okkzgskz	噐
okkzbdui	噑
okkzyefu	噗
okkzvikl	噛
okkzsisi	噝
okglvvkz	噟
okkzqrkz	器
okwhkzkz	噩
okkzvuwu	噬
okkzsiyi	噮
okkzhuui	噱
okkzybqm	噷
okkzxtyb	噾
okkzzzuv	嚃
okkzuipi	嚏
okkzuhvi	嚐
okkzuizz	嚔
okkzifkz	嚚
okjijiji	嚞
okhgbayi	嚢
okkzyekz	嚣
okkzmfjq	嚪
okkzdzge	嚱
okycbcgc	嚳
okkzihgj	嚴
okkzdctu	嚵
okkzsisv	嚺
oklvyelv	嚻
okkzccvv	嚾
okkzyekz	囂
okkzwjis	囆
okhgkzyi	囊
oknmfuxi	囏
okkzcclj	囒
okkzfgii	囓
okklvehg	囙
okppklia	囟
okklbakl	囧
okppkldm	囪
okkluuhg	囬
okppklwf	囱
okkldmia	図
okklbatu	囶
okklbafh	圀
oksiklgj	圅
okkljrji	圏
okklsifh	圐
okklkzhv	圖
okklsihv	圗
okklbamm	圙
okklsixk	圛
okklsiyi	圜
okklyjsi	圝
okuiuutu	在
okrfrftu	坐
okhgirtu	坙
okuuyztu	坚
oktubatu	坴
okqmgshg	垂
oktututu	垚
oktundmu	垜
oktuuhxx	垰
oktuwfxs	垴
okqmbwer	埀
okujuvtu	埊
oktujb	埐
oktuvxcy	埒
oktuppcy	埓
oktudcjq	埳
okfhfhtu	堃
okifyztu	堅
oknmvssj	堇
oktuihgv	堐
oktubcmu	堔
okeryzyt	堕
oktuirxb	堖
oktujrtu	堘
oktuxitu	堙
okmcwftu	堥
oktuerda	堧
oktuxswf	堫
oktukzkv	堮
oktuklnv	堰
okxkveyz	報
oktuzoyt	堶
oktmbatu	塁
oktusifh	塄
okturiyu	塌
okytjrtu	塍
oktucche	塔
oktubcui	塜
okbcjktu	塞
okccsitu	塟
okuvigtu	塣
oktukzmb	塩
okturfyh	塲
okbdjitu	墍
okturffu	墖
oktubari	増
oktuyefu	墣
okieuutu	墼
okvigftu	墾
oktusixk	墿
oklbmctu	壄
okycbctu	壆
oktuwfhe	壈
oktuhuui	壉
oktuuiyi	壊
oktulqyi	壌
okuuyztu	壑
oktucche	壒
oklwtu	壘
oktumfjq	壛
oktuyisi	壞
oktuihmo	壥
oktuccvv	壦
oktmtmtu	壨
okuiuiuu	声
okuibcbi	壱
okuibcer	売
okuiuiui	壵
okuibcye	壶
okuibchg	壷
okuibcya	壸
okuibcdz	壹
okuibchg	壺
okuibcya	壼
okuivecy	壽
okhgkzcy	夀
okuisigu	夁
oksibawf	夋
oktubawf	夌
okrfriwf	复
okhgziwf	夏
okdcrfwf	夐
okyjhowf	夑
okhgbawf	夒
okhgbawf	夓
okqmziwf	夔
okwfrfdm	夜
okccsixi	夢
okwfsixi	夣
okvehgrf	夬
okdappuu	夰
okdmdmda	头
okdcklda	奂
okiyeruu	奉
okgvveda	奊
okjrppuu	奍
okdcbada	奐
okfgdcda	契
okjlxida	奖
okpjuida	奘
okvxycda	奚
okhgziuu	奡
okppmida	奥
okppbmda	奧
okjlvxda	奨
okdavvcy	奪
okdabdbd	奭
okdavvtm	奮
oksisida	奰
okyjsida	奱
okvepphg	女
okcchgnv	妛
okhgxtnv	妻
oknvklcc	姍
oknvsiyt	姢
oknvnvnv	姦
oknvnvgj	姧
oklilinv	姭
oknvjijb	姵
oknvgjgj	姸
oknvyzqn	娉
oknvihgv	娾
okklklnv	婁
oknvbcmi	婅
okifyznv	婜
oknvpmpj	婣
oknvvxrf	婬
okbwbwnv	婴
okmcwfnv	婺
oknvrfve	婾
oknverda	媆
okklsinv	媐
oknvhecc	媕
oknvzoyt	媠
oknvuuzz	媫
oknvvxfz	媱
oknvxbbi	媲
okytjrnv	媵
oknvjiwf	媺
oknvnjnv	嫐
oknvdcbi	嫓
oknvyixb	嫕
okyiuunv	嫛
okwwwfnv	嫠
oknvnmfu	嫨
oknvyuvf	嫪
oknvhuhu	嫭
oknvyukv	嫮
oknvuuqm	嫰
oknvybge	嬂
oknvheyu	嬆
oknmkznv	嬊
oknvwhwf	嬍
oknvmmug	嬎
oknvtuug	嬔
oknvsixk	嬕
oknvsiyi	嬛
oknvlqyi	嬢
okbwbwnv	嬰
oknjnvnj	嬲
okmhnvfj	嬴
oknvbcfj	嬸
oknvnixb	嬺
oknvsida	嬽
okyukznv	孁
oknvvumb	孂
oknvcsjq	孅
oknvcvjs	孈
oknvccvv	孉
okyjsinv	孌
oknvcclj	孏
okuiuuzi	存
okuibczi	孛
okxkbczi	学
okifyzzi	孯
okuizima	孱
okqmyczi	孳
okzimari	孴
okccyczi	孶
okwwwfzi	孷
okycbczi	學
okccxbzi	孼
okyjsizi	孿
okbchgzz	定
okbcfgkz	害
okbcrinv	宴
okbckzwu	宺
okbcyzuj	宻
okbcyrnv	宼
okbchgba	寅
okbcyrpu	寇
okbcjkee	寋
okbcxbmb	寍
okbcpjbk	寎
okbcpjww	寐
okbcjkdm	寒
okbchgdk	寕
okbcgxgx	寙
okbcwhfz	寚
okbcccjm	寛
okbcxbuu	寜
okbcjlyz	寝
okbchgdc	寡
okbcpjyz	寢
okbcpjyj	寣
okbcpjwu	寤
okbcyuvf	寥
okbcxbdk	寧
okbcjkmu	寨
okbcjqho	寫
okbcccjm	寬
okbcsiyi	寰
okbcpjnp	寱
okbcerbw	寳
okbcfzbw	寶
okhguudm	寸
okhgyzcy	専
okjlxicy	将
okpjxicy	將
okhgufcy	專
okuiuicy	尉
okxtkzcy	尋
okyeyhcy	對
okxnxnxn	尛
okdarixn	尞
okbaeruc	尦
okqippwu	尧
okbaerwh	尩
okyzndmu	尮
okvehgpp	尹
okuivekz	局
okuitukl	屆
okuirfvi	屐
okuigsna	展
okuirfui	屜
okuirffu	履
okuirflz	屦
okuirfmu	屧
okuirflz	屨
okuirfqn	屩
okuipjqn	屫
okuiuvuu	屬
okuibwbw	屭
okhgklve	屯
okklqmuj	岡
okujihgj	岸
okxkbcuj	峃
okujyzuu	峄
okujwfri	峕
okujdatu	峚
okujuhxx	峠
okqrizuj	峱
okujhgfg	崋
okujihgv	崕
okujihgv	崖
okujirtm	崰
okujkzkv	崿
okheyzuj	嵆
okheyzuj	嵇
okujgjqm	嵌
okmcwfuj	嵍
okujxswf	嵏
okujxswf	嵕
okujxuuc	嵗
okujlikz	嵜
okyuujuj	嵞
okujihvv	嵟
okujzimu	嵲
okujyuvf	嵺
okujyubd	嶍
okujihpw	嶏
okujheyu	嶖
okujjiri	嶜
okujsixk	嶧
okycbcuj	嶨
okujdvxb	嶭
okcvuuve	嶲
okujuitu	嶳
okujvxxb	嶾
okujqtge	巀
okujdzge	巇
okujdctu	巉
okujxkgj	巌
okujhgwf	巎
okujccvv	巏
okujgcug	巐
okyjsiuj	巒
okujvfye	巓
okujxtnv	巕
okujgeqr	巘
okujqmwf	巙
okveveve	巛
okppuuuu	川
okirdmdm	州
okhgirgs	巠
okirklve	巤
okgsjifu	巬
okvegslq	巯
oksihgba	巺
oksisigs	巽
okuuppjb	帅
okuuhgjb	师
okxtbcjb	帚
okwfbcjb	帝
okfgbcjb	带
okdvhgjb	師
okglnmjb	席
oksabcjb	帯
okjbjm	帴
okhgbcjb	帶
okbcrijb	幂
okytjrjb	幐
okrfujwf	幑
okjbcsxb	幒
okjbyefu	幞
okjbybge	幟
okrfhgui	年
okppgjgj	幷
oktubagj	幸
okvorfgj	幹
okujycyc	幽
okycgerf	幾
okglxkhg	应
okglxtrf	庚
okglnmyz	度
okglnmho	庶
okglyuyt	庸
okglnmii	庹
okglgsmu	庺
okglnmcs	庻
okglzdyz	廀
okgldger	廃
okglgfuu	廄
okglhgho	廌
okglbiuu	廏
okglyuvf	廖
okgltmgs	廙
okglqmcy	廚
okgllitu	廛
okglwfhe	廩
okglwfui	廪
okglytvf	廫
okglyivv	廱
okvippve	延
okhgppuu	廾
okhgvedm	弋
okhgyier	弐
okiauuui	弒
okuaui	弒
okgsppuu	弗
okbadnpp	弟
okgsccyz	弢
okgsvegs	弪
okgsgsbk	弱
okgssv	強
okgshggs	弻
okgsbdgs	弼
okbcjkgs	弿
okuigsuu	彀
okyegsui	彂
okgsqmli	彅
okgssiyi	彋
okyjsigs	彎
okvevehg	彑
okuuppxt	归
okveveui	彖
okfgfgxt	彗
okhuuibi	彘
okhubcgo	彙
okxtbcgo	彚
okxtffcc	彛
okhuffcc	彜
okhusicc	彝
okxtsicc	彞
okpppppp	彡
okwfihuj	彥
okyihguj	彧
okrfvegs	径
okrfycwf	後
okrfqmzz	従
okrfvizz	徙
okrfcszz	從
okrfvxfz	徭
okrfjiwf	微
okrfvgvg	徰
okrfuixb	徳
okrfujwf	徴
okrfujwf	徵
okrfuixb	德
okrfyuwf	徹
okrfujwf	徽
okrfyjwf	徾
okrfriuv	忁
okdmvedm	心
okuudmdm	忄
okxbjqui	忰
okbakzxb	总
okxbyzuu	怿
okxblili	恊
okfgdcxb	恝
okxbiags	恡
okxbgser	恱
okwfrixb	恴
okhgyzxb	恵
okxbwfxs	恼
okxbbitu	悂
okxbxkxs	悩
okuivexb	悳
okxbdcjq	惂
okhgufxb	惠
okxbxbxb	惢
okxbkljx	惬
okxbzoyt	惰
okxbirxb	惱
okxbxyzi	惸
okxbmbri	惽
okxbxswf	惾
okmbwfxb	愍
okxbkzkv	愕
okmcwfxb	愗
okvxxbwf	愛
okxbkljx	愜
okxbklnv	愝
okxberda	愞
okxbcsxb	愡
okxbsifh	愣
okuiuuxb	愨
okxblcri	愭
okmumuxb	愳
okxbliyt	愶
okldlixb	愸
okkluixb	慁
okkeuuxb	慤
okldqrxb	慭
okxbrfyh	慯
okglxbwf	慶
okbkhgxb	慿
okxbyuvf	憀
okxbcsxb	憁
okhgxbwf	憂
okrfvixb	憄
okldqrxb	憖
okldwfxb	憗
okuezixb	憩
okxbjiri	憯
okxbmcjs	憰
okbcfgxb	憲
okxbsiyi	懁
okxbhuui	懅
okvigfxb	懇
okglvvxb	應
okyulbxb	懋
okxbsixk	懌
okxbwfhe	懍
okxbwfyi	懐
okxbwfui	懔
okjbuexb	懖
okxbvxxb	懚
okxbuipi	懥
okxbuijq	懴
okxbyisi	懷
okxmxixb	懸
okxbcsjq	懺
okxbbwyi	懻
okxbccvv	懽
okyjsixb	戀
okvhgsxb	戅
okppuzge	我
okgekzhg	或
okwuuhxn	戚
okhgzige	戛
okhgbcge	戞
okkzerge	戢
okuigevv	截
okyuvfge	戮
okhudzge	戲
okuigegs	戴
okqiklkl	戼
okihkljb	所
okhuklcc	扁
okpperuu	手
okhguupp	才
okuzppqi	扥
okuzrfdm	扵
oklnvena	承
okuzjqli	抛
okuzveyz	报
okuzbcji	抭
okuzyzli	拋
okuzrfye	拖
okuzhgfg	拜
okuzhgfg	拝
okuzwfji	拠
okuzglsi	拡
okuzhgba	拣
okuzyzuu	择
okuzirxi	拶
okuzlili	拹
okuzndmu	挅
okfgdcuz	挈
okuzuhxx	挊
okuzxtyi	挖
okuzqmri	挿
okuzvxcy	捋
okuzritu	捏
okuzrida	捑
okuzufyz	捜
okuzihgv	捱
okuzgsxb	捴
okuzbcfz	掏
okuzdcjq	掐
okifyzuz	掔
okuzbcmu	探
okuzbcmi	掬
okuzffuz	掰
okuzuzuz	掱
okuzribi	掲
okuzyzis	掻
okuzjqgs	揑
okuzqmjq	插
okuzcsxb	揔
okuzkzer	揖
okuzhecc	揜
okuziuri	揝
okuzklnv	揠
okuzvxyz	援
okuzqmjq	揷
okuzvxkl	揺
okuzmmdm	搀
okuzliyt	搚
okuzriyu	搨
okuzcche	搭
okuzuixb	搱
okuzxtgx	搲
okbcjkuz	搴
okheuzuz	搻
okuzheuz	搿
okuzvxfz	摇
okuzxtxi	摉
okuzyuvf	摎
okuzuuqm	摗
okuzcsxb	摠
okuzhuhu	摢
okuzhuqp	摣
okuzrfyh	摥
okuzkxgx	摦
okluwjuz	摰
okuzyukv	摴
okuzrfyb	摿
okuguuuz	撀
okuztmge	撂
okieuuuz	撃
okuzjiri	撍
okuzuhya	撐
okuzlwxn	撡
okuzyuwf	撤
okuzsiie	撪
okuzyefu	撲
okuzfuie	撵
okuzjiye	撷
okuzvogj	擀
okuzhunj	擄
okuzsixk	擇
okieuuuz	擊
okuzvujx	擌
okuzsiyi	擐
okuzhuui	據
okifrfuz	擥
okuzsiqm	擨
okuzdmer	擲
okuzjiye	擷
okuzirve	擸
okuznmqm	擹
okuzsing	擺
okuzdivi	擿
okycdauz	攀
okuzlw	攂
okuzfubw	攅
okuzfuie	攆
okuzluhe	攈
okuzklhr	攌
okuzwhnv	攍
okuzbcyi	攐
okuzcsjq	攕
okuzlumi	攗
okuzdctu	攙
okuzxtuu	攛
okuzcvjs	攜
okuzsiww	攞
okuzluhe	攟
okyjsiuz	攣
okuzvusi	攥
okuzxtgx	攨
okuzmuvi	攫
okuuhgyz	攴
okrfuuwf	攸
okuhxnpu	敊
okiaziwf	敎
okfgbcwf	敖
okveerwf	敢
okgsytwf	散
okbdfhwf	敫
okqmjqpu	敮
okmbripu	敯
okfufhwf	敷
okuubmwf	敹
okfumuwf	敻
oksixkwf	斁
okwwwfld	斄
okwhwfwh	斑
okwfisyu	斔
okwftsqp	斖
okdmdmui	斗
oksibcdz	斚
okkzbcdz	斝
okvorfdz	斡
okihhguu	斤
okmivejb	断
okvehgjb	斲
okmcyajb	斵
okycvejb	斷
okfhrfji	斻
okfhrfdm	於
okfhrfye	施
okfhrfjb	斾
okfhrfzi	斿
okfhsixn	旀
okwfbafh	旁
okfhrfjb	旂
okfhrfdj	旃
okfhrfmc	旄
okfhrfna	旅
okfhrffu	旆
okfhrfpi	旇
okfhrfwa	旊
okfhrfpi	旋
okfhrfug	旌
okfhrflk	旍
okfhrfni	旎
okfhrfui	族
okfhrfvc	旐
okfhrflq	旒
okfhrfxn	旓
okfhrfqi	旖
okfhrfqi	旗
okfhybge	旘
okfhrfpn	旚
okfhrffj	旛
okfhrfdj	旜
okfhrfhv	旝
okfhrfsv	旞
okfhrfyu	旟
okhgveer	旡
okbdbiji	旣
okcchgri	旹
okdabari	昚
okridauu	昦
okrihgzz	是
okrigser	昻
okriglsi	昿
okersiri	晉
okridcer	晩
okhuwfri	晵
okririri	晶
okriiuri	晷
okrihvwu	暁
okmbwfri	暋
okmcwfri	暓
okliliri	暜
okihlbri	暦
okluwjri	暬
okribdui	暭
okrigsuv	暴
okrinmfu	暵
okvirivv	暹
okbdjidj	曁
okihheri	曆
okriziui	曍
okrisixk	曎
okridabf	曓
okjkbcqp	曡
okyjsiri	曫
okhgriia	更
okribcve	曷
okhgquri	曹
okhgyzri	曺
okrisiyz	曼
okbatmri	曽
okbaklri	曾
okfufuri	替
okjijiri	朁
okrierli	朂
okrfklri	會
okytveyz	服
okwhytwh	望
okytxswf	朡
okifytwh	朢
okhgjbrf	朿
okmukler	枏
okmujqui	枠
okcidmdm	枣
okmukzdc	枴
okuinmmu	枽
okmurfye	柂
okuvqimu	柒
okuvjqmu	染
okmubakz	柗
okmukljq	柩
okmuklcc	柵
okmuppee	栀
okmuxier	栁
okmuppwj	栃
okxkbcmu	栄
okdakzdm	栆
okfgdcmu	栔
okmulili	栛
okgjgjmu	栞
okmurfdj	栴
okuigemu	栽
okvjhgmu	桌
okmundmu	桗
okmuirxi	桚
okmuuhxx	桛
okmuxknv	桜
okmuxier	桞
okmugeer	桟
okmuujji	桤
okjlximu	桨
okmuuikz	桰
okmusibf	桳
okmuqikl	桺
okmurfuv	桼
okuvdcmu	梁
okmubdbi	梎
okmubitu	梐
okmuppba	梔
okrfuutn	條
okmuujff	梤
okxtsimu	梥
okmujb	梫
okmuyzqn	梬
okvjyzmu	梷
okhebcmu	棃
okwfsamu	棄
okmugsxb	棇
okmubcmu	棎
okmuklhe	棞
okmujm	棧
okhuwfmu	棨
okmupmpj	棩
okmubcmi	椈
okmuuidm	椓
okmuirtm	椔
okmuffmu	椕
oklbff	椕
okmurfrf	検
okmueryz	椭
okmuxswf	椶
okmuklnv	椻
okmukzkz	楍
okmuzoyt	楕
okmcwfmu	楘
okmumcmu	楙
oklbmc	楙
okmusifh	楞
okmurfve	楡
okmucsxb	楤
okmukzer	楫
okyeqmww	業
okbdbkmu	楽
okmumflv	榈
okmuxtxt	榋
okmuuixn	榍
okmufucy	榑
okmubimb	榓
okuimuuu	榖
okmucche	榙
okvorfmu	榦
okmulcri	榰
okytjrmu	榺
okmuriyu	榻
okuibcmu	槖
okmuyzkz	槗
okmuyhuv	様
okmulidm	槞
okmubiji	槪
okmukxgx	槬
okmuyzho	槱
okluwjmu	槷
okmuluwj	槸
okmubdui	槹
okbdycmu	樂
okyclbda	樊
okmuuuqm	樕
okmuyuvf	樛
okmuhuqp	樝
okmuccfg	樥
okmuvuvu	樦
okmuuuuu	樧
okmurfvv	権
okmucsxb	樬
okmuxiho	樮
okmuybge	樴
okmuyefu	樸
okmuuicy	樹
okmulqmb	橀
okrfxilb	橆
okmuqitm	橊
okuibcmu	橐
okmuuhya	橕
okmumcjs	橘
okmuyido	橠
okmuhors	橩
okmunmba	橫
okmujiri	橬
okmuziui	橰
okmuytqr	橳
okmubder	橷
okmuiziz	橻
okmuwfhe	檁
okervxmu	檃
okmuyjvj	檆
okmusiyi	檈
okmugsie	檋
okieuumu	檕
okmusixk	檡
okmuwfui	檩
okmuycve	檵
okmudaqu	檶
okmufhqi	檹
okmuvxxb	檼
okhoholb	檾
okmupiye	櫇
okmuihcy	櫉
okmuzifh	櫋
oklwmu	櫐
okmulw	櫑
okmufubw	櫕
okmuccqu	櫙
okmumflv	櫚
okhgiudd	櫜
okmucclm	櫣
okmumfjq	櫩
okmuyisi	櫰
okccxbmu	櫱
okmuyukz	櫺
okmucsjq	櫼
okmudctu	欃
okmucvjs	欈
okmuyequ	欉
okmuccvv	權
okycbccy	欎
okyjsimu	欒
okmucclj	欗
okycsicy	欝
okuuccqm	欳
okbiuiqm	欵
okuiuiqm	款
okdcjqqm	欿
okqmjqqm	歃
okxituqm	歅
oknmfuqm	歎
okhuhuqm	歑
okrfvvqm	歓
okheyuqm	歙
oksixkqm	歝
okrihoqm	歞
okvoyzqm	歠
okccvvqm	歡
okhgyivi	武
okvivivi	歮
okvimikl	歯
okrfvivi	歰
okvixuuc	歲
okvixuxn	歳
okihlbvi	歴
okihhevi	歷
okdvvivz	歸
okuuhgxi	歺
okdddcyz	歿
okddrfyi	殇
okddjm	殘
okddrfyh	殤
okddsixk	殬
okdduijq	殱
okddcsjq	殲
okpphguu	段
okppveuu	殷
okuijiuu	殼
okuigsuu	殿
okjqtuuu	毀
okjqgsuu	毁
okuijyuu	毂
okiekzuu	毄
okwfsvuu	毅
okjqmiuu	毇
okyiuuwu	毉
okuguuqn	毊
okveveui	毋
okveveui	毌
okvevedm	母
okdckztu	毚
okpperve	毛
okgsermc	毤
okwfkzmc	毫
okuzucmc	毮
okmcbcmi	毱
okmcmcmc	毳
okzoytmc	毻
okriyumc	毾
okwwwfmc	氂
okmcjsmc	氄
oktmhgmc	氎
okppveqi	氏
okklveqi	民
okrfhgve	气
okqippuu	氘
okqivegs	氢
okuuvena	水
oklnvena	氶
okdmvena	永
okuubkbk	氺
okhguvdm	求
okuvdcyz	沒
okuvhgjb	沞
okuvrfye	沲
okuvjikz	沿
okuverli	泐
okuvuijq	泦
okxkbcuv	泶
okuvyzuu	泽
okuvvegs	泾
okuvbayt	洕
okfgdcuv	洯
okjlxiuv	浆
okuvvxcy	浖
okuvyiyt	浳
okuvjb	浸
okuvyzqn	涄
okuvritu	涅
okuvbcqr	涋
okuvhuda	涙
okuvrfvi	涩
okuvihgv	涯
okuvuidm	涿
okuvirtm	淄
okuvdcjq	淊
okuvbcmi	淗
okuvbcfz	淘
okuvvxrf	淫
okuvhumu	淭
okuvbcmu	深
okuvpmpj	淵
okuvjm	淺
okuvuvuv	淼
okuvuvuv	渁
okuvbkdc	渆
okuvribi	渇
okuvqier	済
okuvviuc	渉
okuvmiuu	渊
okuvviba	渋
okuvvxfu	渓
okuvgrdc	渕
okuverda	渜
okuvjumu	渠
okuvhecc	渰
okuvlqxs	渷
okuvfhzi	游
okuvkzkv	湂
okuvliyt	湇
okuvkzer	湒
okuvmbri	湣
okuvmuqr	湨
okuvxitu	湮
okuvwfug	湰
okuvfgui	湱
okuvyhjq	湵
okuvwfri	湻
okuvjqgs	湼
okuvirtm	湽
okuvcckl	満
okuvujuu	溄
okuvdger	溌
okuvxnbw	溑
okuvbcui	溕
okuvcche	溚
okuvxtgx	溛
okuvfucy	溥
okuvjiwf	溦
okuvqlsi	溬
okuvtmwf	溭
okuvklui	溷
okuvriyu	溻
okuvhgtu	溼
okuvwump	滅
okytjruv	滕
okuvbckz	滘
okuvklvv	滙
okuvyilq	滚
okuvlidm	滝
okuvccll	满
okuvhuhu	滹
okuvlqyi	滾
okuguuuv	漀
okuvmuuv	漆
okuvuiyu	漏
okuvbiji	漑
okuvcsxb	漗
okuvifyt	漘
okuvjruv	漛
okuvlbtu	漜
okuvrfyh	漡
okuvnmfu	漢
okuvlbnv	漤
okuvxtgv	漥
okwwwfuv	漦
okuvuuqm	漱
okuvyuvf	漻
okuvyhys	漾
okuvsirf	潀
okbiuvye	潁
okuvujbk	潂
okuvrfyt	潃
okuvrfvv	潅
okuvsina	潈
okuvyupu	潊
okuvmcjs	潏
okuvjiri	潛
okuvheyu	潝
okuvjqho	潟
okuvtmgs	潩
okuvjrsi	潫
okuvlbyt	潸
okuvrfvi	澀
okuvvivi	澁
okuvwhwf	澂
okuvyuwf	澈
okuvqmcy	澍
okuvpbuj	澏
okuvqitm	澑
okuvlbri	澘
okuvjqyu	澙
okuvmiqn	澚
okuvwfhe	澟
okuvsixk	澤
okuvqudz	澧
okuvvuwu	澨
okycbcuv	澩
okuvsiyi	澴
okuvrifh	澷
okuvhuui	澽
okuvbcyz	濅
okuvriho	濕
okuvykho	濙
okuvvodz	濣
okuvxiyb	濥
okuvvxxb	濦
okuvqkse	濪
okuvcche	濭
okuvrffu	濮
okuvxmri	濳
okuvbcba	濵
okuvmfue	濶
okuvlitu	濹
okuvergv	濻
okuvfubw	濽
okuvyujy	瀈
okuvbjmb	瀊
okuvbcfj	瀋
okuvluho	瀌
okuvgltu	瀍
okuvuijq	瀐
okuvldhv	瀒
okuvheuu	瀔
okuvwhnv	瀛
okuvddjq	瀣
okuvyisi	瀤
okuvyugc	瀥
okuvxiuu	瀫
okuvsiuj	瀱
okuvmigs	瀵
okuvcsjq	瀸
okuvdctu	瀺
okuvmfqr	灁
okuvtmtu	灅
okuvyequ	灇
okuvyivv	灉
okuvjige	灊
okuvglqu	灋
okuvccvv	灌
okuvdzhe	灎
okyjsiuv	灓
okuvdzse	灔
okuvisdj	灗
okuvjkye	灝
okuvcclj	灡
okqrqrqr	灥
okuvfghe	灩
okfghe	灩
okuvfzuj	灪
okdmdmdm	灬
okxidmho	炙
okhorfye	炧
okdmppho	為
okhohgba	炼
okhoppdj	炿
okhovegs	烃
okdcbaho	烉
okuigeho	烖
oklnveho	烝
okhusiho	焈
okvghgho	焉
oklntjho	焏
okhodcjq	焔
okrfxiho	無
okhogsxb	焧
okhoeryt	焨
okhohors	焭
okhodcjq	焰
okhohoho	焱
okhohoho	燚
okxiqrho	然
okririho	焸
okhohvwu	焼
okklsiho	煕
okhoerda	煗
okhoxitu	煙
okrijuho	煚
okmumuho	煛
okiuwfho	煞
okrijuho	煦
okirdcho	煭
okholiyt	熁
okifppho	熈
okklsiho	熙
okhocsxb	熜
okhoyuvf	熮
okhonmfu	熯
okluwjho	熱
okbihoye	熲
okhojiri	熸
okhoheyu	熻
okhotmgs	熼
okhoybge	熾
okdcjqyj	燄
okhomcjs	燏
okyclbho	燓
oknmkzho	燕
okififho	燛
okvvqmho	燞
okhosixk	燡
okycbcho	燢
okhowfhe	燣
okyjhoyz	燮
okholibw	燲
okhowfui	燷
okuiuiho	燹
okhogcmu	燺
oktsbcho	爂
okhoirve	爉
okholuho	爊
okhoxyli	爋
okhomfjq	爓
okyjhoho	爕
okhorihx	爗
okhorfly	爚
okhoyequ	爜
okhoccvv	爟
okhowjis	爡
okhocclj	爤
oktslbho	爨
okhofzuj	爩
okihuuna	爪
okvxxtuu	爭
okvxhgyz	爰
okvxbcyz	爱
okvxveho	爲
okvxgfcy	爵
okdaycyc	爽
okhgbajb	爾
okveuupp	爿
okppuuve	片
okpmjm	牋
okpmcsxb	牎
okpmqmjq	牐
okpmcsxb	牕
okpmhufu	牖
okhgvepp	牙
okdabcnq	牵
okwfycnq	牽
okuiuvnq	犀
okhebcnq	犂
oknqnqnq	犇
oknqmuqr	犑
oknqgsys	犕
okwwwfnq	犛
oknqirve	犣
oknqsing	犤
oknqglho	犥
okvvvvnq	犨
oknqqmwf	犪
okvvuwnq	犫
okppvepp	犭
okqrrfye	狏
okqryjqr	狱
okqrbitu	狴
okqrqrqr	猋
okriytqr	猒
okqrxkys	猟
okqrxswf	猣
okqrvxfz	猺
okqryjqr	獄
okqrqlsi	獇
okqrziui	獋
okqrbdui	獔
okqryefu	獛
okqrmcjs	獝
okqrjqyu	獡
okxkkzqr	獣
okqrsiyi	獧
okqrirve	獵
okhugeqr	獻
okqrccvv	獾
okqrhgwf	獿
okqrccjb	玂
okqrquyz	玃
okwfycui	率
okxrrfna	玈
okwhlili	珕
okwhwhrf	珡
okwhdcwh	班
okwhjijb	珮
okwhxknv	珱
okwhwfuj	珳
okwhrfpi	琁
okwhxnbw	琐
okwhjm	琖
okwhbcmu	琛
okwhuidm	琢
okwhwhjb	琴
okwhwhbi	琵
okwhwhba	琶
okwhwhmu	琹
okwhmbri	瑉
okwherda	瑌
okwhirxb	瑙
okwhwhbi	瑟
okwhxnbw	瑣
okwhxifz	瑤
okuiwhuu	瑴
okwhvxfz	瑶
okyiuuyu	瑿
okwhcsxb	璁
okwhyuvf	璆
okwhhuui	璏
okwhccxq	璓
okwhmcjs	璚
okwhyefu	璞
okwhqitm	璢
okwhddmi	璨
okwhhuui	璩
okwhfhwf	璬
okwhwfdj	璮
okwhsiyi	環
okwhvubw	璳
oktsbcyu	璺
okwhcche	瓂
okwhlw	瓃
okwhfubw	瓉
okwhfufw	瓊
okwhyisi	瓌
okwhcvjs	瓗
okwhccvv	瓘
okppsina	瓜
okxbgxxb	瓣
okgxisis	瓥
okhgvedm	瓦
okxituwa	甄
okccsiwa	甍
okbwbwwa	甖
okhugewa	甗
okwfihug	產
okugugyt	甧
okuiytdm	甫
okbcxbys	甯
okhgtmkl	画
oktmhgna	畏
okhgkztm	畐
okuitmjq	畞
oktmbawf	畟
okjxccer	畢
okyutmhg	畫
okqikltm	畱
oktmbcqp	畳
okhgtmhg	畺
oktmjrtu	畻
oktmtmtm	畾
okycgetm	畿
okirtmjp	疀
oktmyuvf	疁
oktmbaqp	疂
okgstujl	疆
okfudcfu	疈
oktmbchu	疉
oktmbcqp	疊
okhgxtzz	疌
okveviuu	疎
okvevilq	疏
okuitmpi	疐
okbiuipi	疑
okbkjqui	疩
okbkvegs	痉
okbkufyz	痩
okbkuidm	瘃
okbkjxtu	瘗
okbkniqm	瘚
okbkfgxb	瘛
okbksiba	瘝
okbkjxtu	瘞
okbkcche	瘩
okbkzily	瘪
okbkjxxb	瘱
okbkyuvf	瘳
okbkuuqm	瘶
okbkjxrz	瘸
okbkuiyu	瘺
okbkqitm	癅
okbkpbuj	癌
okbksiyi	癏
okbkwfhe	癛
okbkwfui	癝
okbkzily	癟
okbkyivv	癰
okbkyjuz	癴
okbkyjrz	癵
okvedmna	癶
okdgerer	発
okdggsuu	發
okbdbier	皍
okbdbaui	皐
okbdbdbd	皛
okbdbdui	皡
okbdziui	皥
okbdbdtu	皨
okbdglho	皫
okveuuyz	皮
okhuqppi	皻
okkluuhg	皿
okndyzmb	盈
okqmbamb	益
oktubumb	盐
okuurfmb	监
okuvyumb	盓
okuvfjmb	盕
okuvqmmb	盜
okjmmb	盞
okyuhomb	盡
oktmqrmb	盢
okifrfmb	監
okuvjqmb	盥
okjbyzmb	盦
okhutmmb	盧
okxkwfmb	盩
okheyzmb	盫
okifgumb	盬
okycwfmb	盭
okppuimu	盾
okuiuumu	眉
okmuvexn	県
oksiuuba	眔
okdabamu	眘
okbimuba	眞
oksirfcs	眾
okrfihmu	睂
oksihgyi	睘
okmuihgv	睚
okhebcmu	睝
okmbwfmu	睯
okppsixk	睾
okuuhgmu	睿
okmcwfmu	瞀
okmumuqr	瞁
okuimuuu	瞉
okmumumu	瞐
okmuccll	瞒
okyiuumu	瞖
okccsimu	瞢
okmuyefu	瞨
okmuyuwf	瞮
okmumcjs	瞲
okmumuks	瞾
okmumuvv	瞿
okmubdfh	矈
okmumuvi	矍
okmufufw	矎
okmuzifh	矏
okmuccvv	矔
okyjsimu	矕
okvivivi	矗
okdcihui	矦
okuising	矲
okhgppkz	石
okuijqui	砕
okuirfye	砤
okuihuyi	砨
okuiglsi	砿
okuivegs	硁
okuigjgj	硏
okuiuidm	硺
okifyzui	硻
okuiklhe	碅
okuijm	碊
okuiujke	碋
okuierda	碝
okwhbdui	碧
okuiirxb	碯
okuixbbi	磇
okuiuiui	磊
okuilqyi	磙
okuiyuvf	磟
okuguuui	磬
okuiifyt	磭
okuijqho	磶
okihheui	磿
okieuuui	礊
okuisixk	礋
okycbcui	礐
okuiriho	礘
okuicche	礚
okuimayc	礟
okuiccvr	礡
okuilw	礧
oklwui	礨
okuimajn	礮
okuiccvv	礶
okdmvedm	礻
okpprfna	祣
okxinaui	祭
okppjb	祲
okppbcfz	祹
okwfhvui	禀
okppxitu	禋
okpptmwf	禝
okppriyu	禢
okppsiyu	禤
okpptmgs	禩
okppqudz	禮
okppkzdm	禹
okrikldm	禺
okwfxssi	离
okluklsi	禼
okwfkzhe	稁
okheklhe	稛
okwfhvhe	稟
okhehori	稥
okheerda	稬
okhexswf	稯
okhevxrj	稱
okhevxjq	稲
okhetmwf	稷
okheuixb	稺
okheyzvi	稽
okuiheuu	穀
okhehgxb	穂
okhebduj	穆
okheyuvf	穋
okbiheye	穎
okhevxxb	穏
okhegvri	穐
okhetmgs	穓
okheyefu	穙
okhelqyi	穣
okhevxxb	穩
okheluho	穮
okhetuhv	穯
okxtuvyu	窏
okxtsixb	窓
okxtyrnv	窛
okxtdcjq	窞
okxtgxgx	窳
okxtpjwu	窹
okxtuiqm	窽
okxtvgjm	竀
okxttudm	竃
okxtuflv	竆
okxttumm	竈
okxtbmsi	竊
okwfbake	竒
okuuyzli	竖
okifyzli	竪
oklihguu	竵
okvhjlwf	竷
okvuklyz	笝
okvuuvee	笵
okvugser	笻
okvugjgj	筓
okvuklyu	筺
okvurfbi	箆
okvujm	箋
okvuuzza	箍
okvumucc	算
okvuklhe	箘
okvuhedc	箚
okvuuzgj	箝
okvukljx	箧
okvukzer	箿
okvuieee	範
okvukljx	篋
okvugjqm	篏
okvumuza	篐
okvumusi	篡
okvuxbbi	篦
okvulidm	篭
okvumuee	篹
okvusiuu	篾
okvuuigj	簈
okvugfmb	簋
okvuuuqm	簌
okvumume	簒
okvuvzuj	簓
okvuyumi	簘
okvusijb	簚
okvufumb	簠
okvujiri	簪
okvuwukz	簭
okvufhqi	簱
okvuhuba	簴
okvuiege	簵
okvuqipi	簸
okvuuzrj	簼
okvuuzlq	籀
okvuuijb	籂
okvulwxi	籍
okvumull	籑
okvuuztm	籒
okvuuijq	籖
okvujblu	籙
okvuwhnv	籝
okvuyuui	籞
okvucsjq	籤
okvuzzui	籧
okvuyuvv	籱
okvulyye	籲
okmijqui	粋
okmirfye	粚
okyumiuu	粛
okppmiqn	粤
okgsmigs	粥
okuvdcmi	粱
okddyzmi	粲
okppbmqn	粵
okmibcmi	粷
oklbveve	粼
okmixswf	糉
okmiiuri	糌
okmigsys	糒
okuimiuu	糓
okmitmgs	糞
okmijiri	糣
okmierer	糥
okmisiyi	糫
okmiklwf	糭
okccxbmi	糱
okyeuumi	糳
okrumivd	糴
okiumivd	糶
okmicclj	糷
okvedmdm	糹
okuibcsi	索
oksijqui	紣
okuuyzsi	紧
oksirfye	絁
oksiglsi	絋
oksidcba	絕
okrfuusi	絛
okfgdcsi	絜
oksiwfxs	綂
oksijb	綅
oksimive	継
oksijm	綫
okhuwfsi	綮
oksibcfz	綯
oksicszz	緃
oksiirtm	緇
okifyzsi	緊
oksigsxb	総
oksiqier	緕
oksivedm	緖
oksierda	緛
oksikzer	緝
oksimbri	緡
oksicsxb	緫
oksixswf	緵
oksixitu	緸
oksixtui	縁
oksiridm	縄
okuisiuu	縠
okytjrsi	縢
oksirfzz	縦
oksicsxb	總
okyiuusi	繄
oksiyuvf	繆
okvxfzxi	繇
oksimuvc	繉
oksiuiye	繊
okieuusi	繋
oksixbwf	繌
oksiyumi	繍
oksiybge	織
oksimcjs	繘
okccmusi	繤
okieuusi	繫
okccklis	繭
oksisiyi	繯
oksisixk	繹
oksiycve	繼
okvumusi	纂
okmisiye	纇
oksijiye	纈
oksifubw	纉
oklwsi	纍
oksiuijq	纎
oksigltu	纏
oksiihtu	纒
oksidctu	纔
oksicsjq	纖
oksicvjs	纗
okduxmxi	纛
oksibchg	纻
oksihgba	练
oksiyzuu	绎
oksivegs	经
oksivxnv	绥
oksimive	继
oksibcfz	绹
oksiirtm	缁
oksikzer	缉
oksimbri	缗
oksifucy	缚
oksiglli	缠
oksiyuvf	缪
oksiirgo	缫
oksisiyi	缳
okbwbwfz	罂
okuguufz	罄
okfzhuhu	罅
okieuufz	罊
okbwbwfz	罌
oklwfz	罍
okfzccvv	罐
okkliaia	网
okkluuuu	罒
okklqmwh	罔
okbcbagj	罕
oksirfdm	罖
okbcbamu	罙
oksiyjdc	罚
oksiyjdc	罰
oksiquho	罴
oksiihdc	罽
okwhqitm	羀
oksigema	羁
oksigeqi	羇
oksimage	羈
oksiyjsi	羉
okbasjuu	羊
okuuccuu	羋
okcctujq	羐
okyhvegs	羟
okyhuvqm	羨
okgchgfu	羮
okyhheqn	羲
okyhyhyh	羴
okmhyhfj	羸
okyujqui	翆
okrfuuyu	翛
okkzccyu	翤
okyuxswf	翪
okvorfyu	翰
okyiuuyu	翳
okbduiyu	翶
okziuiyu	翺
okyutmgs	翼
oksiyiyu	翾
okhgkluu	而
oklwhgwf	耰
oklwyisi	耲
okhguusj	耳
okerkler	耼
okerkzwh	聖
okeryzqn	聘
okqurfba	聚
okergsxb	聡
okercsxb	聦
okeryccc	聨
okerycda	聫
okerycho	聮
okeryccc	聯
okercsxb	聰
okuguuer	聲
okeruixb	聴
okererer	聶
okerybge	職
okveuixb	聼
okerwhxb	聽
okyubauu	肃
okbiuiyu	肄
okyupmpj	肅
okhuwfyu	肇
okhugeyu	肈
okwfsiyt	育
okytbaui	肸
okuubcyt	肻
okuuyzyt	肾
okytrfye	胣
okerycyt	胤
okytvegs	胫
oksiytbi	能
okuigerz	胾
okliliyt	脅
okytlili	脇
okrfbkyt	脊
okdcdcyt	脋
okytwfxs	脑
okytwukz	脗
okythgzi	脜
okytvxcy	脟
okrfuuyt	脩
okytxkxs	脳
okifyzyt	腎
okytyzqi	腗
okyterda	腝
okytirxb	腦
okytkzkv	腭
okytjrma	腾
okfhrfyt	膂
okytfucy	膊
okytxbbi	膍
okwfkzyr	膏
okytrfyh	膓
okytmuuv	膝
okytyuvf	膠
okmoigrz	膥
okytdikz	膪
okytybge	膱
okytzovi	膸
okglvvyt	膺
okythuui	臄
okytccif	臓
okytglho	臕
okytirve	臘
okmhgofj	臝
okyjsirz	臠
okkluuuu	臣
okgepjif	臧
okifrfpb	臨
okififuu	臩
okzirfcs	臮
okzibaui	臯
okzixtfh	臱
okhgsitu	至
okuigevi	臷
okjibcvi	臺
okppuuhg	臼
okjqbcho	舄
okiejqba	舆
okyuhgba	與
oktshgba	興
okyueruu	舉
okccvvjq	舊
oktsbcqp	舋
okrftukz	舎
okuetmxn	舔
okueueue	舙
okvxbcir	舜
okveirmz	舝
okrfxiir	舞
okppdjdm	舟
okvzppfj	舧
okvzjikz	船
okvzxswf	艐
okvzvuvc	艞
okvzhunj	艣
okvzdctu	艬
okxtvena	艮
oknmfugf	艱
okqudzse	艶
okuiuuuu	艹
okcceruu	芈
okcccccc	芔
okccrfbi	芲
okbcbccc	芻
okccbchg	苎
okccdnpp	苐
okccrfxn	苶
okccuvee	范
okccvegs	茎
okccxier	茒
okccbctu	茔
okccbcxy	茕
okccdcdc	茘
okccuvwh	茫
okccuhxn	茮
okccriia	茰
okccycyc	茲
okccrfmu	茶
okcccccc	茻
okcckddc	荆
okcclili	荔
okccbcmu	荣
okccbcuv	荥
okccbcnq	荦
okccbcho	荧
okccqriz	莥
okccrida	莫
okcckzdm	莵
okccqrqr	获
okccbcyu	莹
okccbcnn	莺
okccndii	莻
okccqrcc	莽
okccuvju	菃
okccbcmi	菊
okccklhe	菌
okyeqmfu	菐
okccirtm	菑
okccrimu	菒
okccjm	菚
okcchebc	菞
okccifyz	菣
okgsklfg	菫
okgsccuu	華
okccbcfz	萄
okcctyri	萅
okccjmdm	萈
okccdcjq	萏
okcclqyy	萒
okccqier	萕
okccmucc	萛
okccrfbi	萞
okcchewj	萟
okccbcis	萤
okccbclv	营
okccbcsi	萦
okccerij	萨
okcckzkv	萼
okccytva	葄
okcchecc	葊
okccytju	葋
okccirtm	葘
okcctdmb	葢
okccbdba	葩
okccjndc	葪
okccsicc	葬
okcccsxb	葱
okcckzer	葺
okccxswf	葼
okccgsnv	蒆
okccwubw	蒇
okccbcyz	蒏
okccuiui	蒜
okccuvww	蒞
okccliju	蒟
okccpgdc	蒯
okccigho	蒸
okcczowf	蓌
okcclcri	蓍
okccgxgx	蓏
okccxbbi	蓖
okccyigs	蓘
okccyudc	蓟
okccbcjb	蓥
okccuvbk	蓱
okccluwj	蓺
okccyuvf	蓼
okccmfnv	蔅
okccuvlk	蔆
okcclqyi	蔉
okccuuqm	蔌
okccsiuu	蔑
okccjyho	蔒
okcchuqp	蔖
okcccsxb	蔥
okccbcwf	蔲
okccmfvv	蔺
okuzyjhe	蔼
okccbcmu	蔾
okccytqr	蕂
okccuvyu	蕅
okccwubw	蕆
okccvivi	蕋
okgscsuu	蕐
okccqrqq	蕕
okccpbkv	蕚
okcchedi	蕛
okccuiug	蕤
okccsisi	蕬
okccjqho	蕮
okccdjjb	蕲
okccxiui	蕵
okccihgs	蕻
okcchoyr	蕿
okccuvgc	薃
okccnvru	薅
okccyudc	薊
okccsifa	薎
okcchelk	薐
okccuvyz	薓
okccddyh	薚
okccdvxb	薛
okccddui	薞
okccddjq	薤
okccglho	薦
okccwfsi	薧
okccsisi	薨
okccerij	薩
okccvsho	薫
okcchebw	薭
okccjivi	薹
okccuvic	薻
okcclutu	薼
okccykho	藀
okccgcqm	藃
okcclwxi	藉
okcchebm	藊
okccfufw	藑
okcchehe	藒
okcczzqm	藗
okccluyy	藝
okcclw	藟
okccbdbd	藠
okccsing	藣
okccluho	藨
okccergv	藬
okccbkgv	藱
okccbcyi	藵
okccmfvv	藺
okccrvmu	蘂
okccvimu	蘃
okccdjjb	蘄
okccsiqb	蘉
okccyuui	蘌
okccxyli	蘍
okccyufw	蘎
okccuiye	蘏
okccyjyr	蘐
okcchedm	蘒
okccheyu	蘓
okccpimu	蘗
okccyiyu	蘙
okccufyu	蘛
okccpjse	蘠
okcchlvu	蘣
okccbdww	蘤
okccyukz	蘦
okcczzui	蘧
okcclumi	蘪
okccsiuj	蘮
okccthmb	蘯
okcctmtu	蘲
okcchlgv	蘳
okgsbdwf	蘷
okcciesi	蘻
okcctmmu	蘽
okccwfjq	虀
okgsziwf	虁
okccuvjq	虃
okccisij	虄
okccgsvv	虇
okccyelv	虈
okccgenn	虉
okcctsff	虋
okuuhgqi	虍
okhuwfji	處
okvxcyhu	虢
okhujm	虥
okjmhu	虦
okhuvvkv	虧
okhulbuj	虨
okxnxnhu	虩
okhurfhw	虪
okvshgdm	虫
okiskler	蚦
okcchgis	蚩
okxkbcis	蛍
okuigeis	蛓
okislili	蛠
okfgdcis	蛪
okisvxcy	蛶
oksibcis	蜀
okisrfpi	蜁
okisbitu	蜌
okisklhe	蜠
okisbcfz	蜪
okisdcjq	蜭
okispmpj	蜵
okifyzis	蜸
oktmtmis	蝅
okisxkys	蝋
okisklnv	蝘
okiserda	蝡
okisfhzi	蝣
okmcwfis	蝥
okxyisis	蝨
okisxswf	蝬
okwhisis	蝱
okisglni	蝷
okisridm	蝿
okvorfis	螒
okisxbbi	螕
okmuisis	螙
okuiuuis	螜
okwfisis	螡
okytjris	螣
okwfisyu	螤
okisccll	螨
okjuisis	螶
okglbiis	螷
okdsisis	螽
okmbisis	蟁
okisyuvf	蟉
okmcisis	蟊
okiscsxb	蟌
okiscijn	蟕
okhgiuis	蟗
okisybge	蟙
okisisis	蟲
okuiisis	蟸
okieuuis	蟿
okmhisfj	蠃
okissiyi	蠉
okissixk	蠌
okisccbf	蠎
okroisis	蠚
okislw	蠝
okisirve	蠟
okmmisis	蠠
oktrisis	蠡
okiyisis	蠢
okqqisis	蠤
okccxbis	蠥
okuibcis	蠧
okviisis	蠫
okfgisis	蠭
okisyiyu	蠮
okglbiis	蠯
okiscvjs	蠵
okjiriis	蠶
okisccvv	蠸
okuiuiis	蠹
oktmriis	蠺
okyjsiis	蠻
okisquyz	蠼
okqtisis	蠽
okychgis	蠿
okxtrfba	衆
okyubdxt	衋
okxkwujb	衞
okxkirzi	衟
okxkyurf	衡
okyiklhg	衰
okppkler	衻
oktukzyi	袁
okpprfye	袘
oklqkzyi	袞
okpprfxn	袮
okuigeyi	裁
okppuhxx	裃
okyiujmc	裦
okppbcfz	裪
okpppmpj	裫
okyiujhe	褎
okyiujyz	褏
okppklnv	褗
okppriyu	褟
okppcche	褡
okbcjkyi	褰
okyisiuv	褱
okppyubd	褶
okppluwj	褹
okyiluwj	褻
okppxisi	褼
okyiujdd	襃
okyikzjk	襄
okppyefu	襆
okppsixk	襗
okppdabd	襫
okppsing	襬
okppjiye	襭
okppcsjq	襳
okppcclj	襽
okhgklkl	襾
okhgkler	西
okhgkluu	覀
okxirffu	覆
okxigeyt	覇
okxigeqi	覉
okximage	覊
okxkbcjm	覚
okgjhojm	覝
okifrfjm	覧
okkzkvjm	覨
okhuqpjm	覰
okrfvvjm	観
okvxyzjm	覶
okycbcjm	覺
okhudzjm	覻
okifrfjm	覽
okbcfjjm	覾
okccvvjm	觀
okuurfjm	览
okxkbcjm	觉
okjnrfyi	觞
okfgdcjn	觢
okjndcnq	解
okjnyhnq	觲
okuijnuu	觳
okjnrfyh	觴
okycbcjn	觷
okjnfuwf	觼
okjnujjy	觽
okjncvjs	觿
okwferkz	言
okwferkz	訁
okyjccyz	詜
okyjrfer	詤
okxinayj	詧
okdcihyj	詹
okyjgjgj	詽
okyjjb	誛
okyjdcjq	諂
okyjbcmi	諊
okyjuidm	諑
okyjjm	諓
okyjximb	諡
okyjkzkv	諤
okheyzyj	諬
okyjxitu	諲
okyjkzer	諿
okbcjkyj	謇
okrigsyj	謈
okyjbimb	謐
okyjtmwf	謖
okyjuixb	謘
okyjcsxb	謥
okuguuyj	謦
okyjyuvf	謬
okyjhuqp	謯
okyjhuhu	謼
okyjrfvi	譅
okglvvyj	譍
okyjmcjs	譎
okyjjiri	譖
okyjybge	識
okyjsiyi	譞
okyjsixk	譯
okyhyjyj	譱
okyjlqyi	譲
okyjyjyj	譶
okbwbwyj	譻
okifrfyj	譼
okyjfufw	讂
okyjfubw	讃
okyjlw	讄
okyjbcfj	讅
okyjmfjq	讇
okyjsiwf	變
okvvyjvv	讎
okvvvvyj	讐
okyjdctu	讒
okyjcsjq	讖
okyjcvjs	讗
okyjccvv	讙
okyjyzuu	译
okyjuidm	诼
okyjdcjq	谄
okyjhuxt	谑
okyjkzkv	谔
okyjmmdm	谗
okyjtmwf	谡
okyjvxfz	谣
okyjbimb	谧
okyjyuvf	谬
okyjhgri	谮
okyjmcjs	谲
okyjcsjq	谶
okbarfkz	谷
okguyuvf	豂
okhgkzqm	豆
okxinadz	豋
okifyzdz	豎
okujfgdz	豐
okqudzdi	豑
okfgtdmb	豓
okhgujna	豕
okuihuyi	豟
okdcklna	象
okuigjgj	豣
okwfkzui	豪
okuiuiuu	豰
okujuiui	豳
okppdmpp	豸
okvibder	貌
okvixbbi	貔
okviccvv	貛
okuuhgbw	貞
okihuibw	貭
okhgyibw	貮
okyierbw	貳
okvshgbw	貴
oksidabw	貵
okbwjmhg	賎
okbcucbw	賓
okbcmwba	賔
okbwvldm	賘
okfufubw	賛
okbwbcmu	賝
okifyzbw	賢
okbwjm	賤
okjbjbbw	質
okuibcbw	賫
okyuhobw	賮
okbwxyzi	賯
okuibcbw	賷
okytjrbw	賸
okbcjkbw	賽
okbwyuvf	賿
okyiuubw	贀
okbwbwwf	贁
okxmxmbw	贊
okbwyefu	贌
okmhbwfj	贏
okifvsbw	贒
okbwbwbw	贔
okihnnbw	贗
okhuhubw	贙
okvhwfgs	贛
okuuhgbw	贞
okuuyzbw	贤
okihuibw	质
okbwbchg	贮
okyierbw	贰
okvshgbw	贵
okuibcbw	赍
okbwbwbw	赑
okglxtbw	赓
okbwfucy	赙
okbcjkbw	赛
okihvvbw	赝
okxmxmbw	赞
okmhbwfj	赢
okvhwfgs	赣
oktuppba	赤
okiiveyz	赧
oktudmna	赱
okzzbcmi	趜
okzztmgs	趩
okzundmu	跥
okzuve	踂
okzuerve	踂
okzujm	踐
okzubcmi	踘
okzulikz	踣
okzucszz	踨
okbcjkzu	蹇
okzuriyu	蹋
okzuccll	蹒
okzuyuvf	蹘
okzumcjs	蹫
okzuxisi	蹮
okzuheyu	蹹
okzuyefu	蹼
okzuhuui	躆
okzuirve	躐
okzudmer	躑
okzugltu	躔
okzuycuu	躖
okzumfvv	躙
okzuyjyz	躞
okzumfta	躢
okzuxtuu	躥
okzuqmwf	躨
okzuccvv	躪
okppuupp	身
okufndmu	躱
okufbcmi	躹
okufklnv	躽
okufybge	軄
okufqudz	軆
okerriuu	車
okiebkbk	軣
oksidaie	軬
okiehuyi	軶
okuigeie	載
okujdaie	輋
okiehgkl	輌
okieve	輒
okieerve	輒
okiejm	輚
okieirtm	輜
okiedcjq	輡
okfufuie	輦
okieerda	輭
okiekzer	輯
okieirtm	輺
okiesiff	輽
okiebf	輽
okiehgba	輿
okuiieuu	轂
okieyuvf	轇
okieyuwf	轍
okieyefu	轐
okiesiyi	轘
okieuuie	轚
okieieie	轟
okielw	轠
okiesikz	轡
okieccvv	轥
okhgveui	车
okievegs	轻
okuigeie	载
okieve	辄
okieerve	辄
okfufuie	辇
okieirtm	辎
okiekzer	辑
okiesikz	辔
okieyuwf	辙
okuikzxb	辟
okccdvxb	辥
okxblixb	辦
okxbdcxb	辧
okxbdcxb	辨
okxbyjxb	辩
okvidvxb	辪
okxbsixb	辫
okxbwfxb	辬
okvxyzxb	辭
okxbsixb	辮
okxbyjxb	辯
okiherna	辰
okdmvena	辶
okvihgjb	迊
okvirfye	迤
okvivegs	迳
okvivjkl	逌
okviihfu	逓
okviuzzi	逰
okvituna	逺
okvizoyt	遀
okviuiyh	遅
okvifhzi	遊
okvikzkv	遌
okvituyh	達
okvisiba	遝
okviuixb	遟
okviriyu	遢
okvivskz	遣
okvivxfz	遥
okvicczo	遳
okvixisi	遷
okvimcjs	遹
okvikzni	遻
okvihuui	遽
okvivuwu	遾
okvibdwf	邀
okvixtsv	邃
okvisiyi	還
okvivier	邈
okvizikz	邉
okvizifh	邊
okviirve	邋
okvibwlu	邍
okvixixi	邎
okdcerer	那
okiagser	郄
okgjgjer	郉
okxlgfer	郷
okmuqrer	郹
okdoiryi	郺
okmuirer	郻
okklnver	郾
okkzkver	鄂
okxituer	鄄
okxlbier	鄕
okkzhver	鄙
okyuvfer	鄝
okyukver	鄠
okqudzer	鄷
okfuieer	鄻
okfubwer	鄼
okgltuer	鄽
okccdjer	鄿
okdctuer	酁
okyukzer	酃
okccvver	酄
okcvjser	酅
okujdzer	酆
okyzjqui	酔
okuigeyz	酨
okjlxiyz	酱
okyzycyt	酳
okyzvxcy	酹
okyzbcfz	醄
okyzjm	醆
okyzybmb	醓
okyzwfri	醕
okyzdger	醗
okyzccqr	醛
okyzyzmb	醢
okjlvxyz	醤
okyzyuvf	醪
okyiuuyz	醫
okyzyefu	醭
okyzlqmb	醯
okyzsixk	醳
okyzqudz	醴
okyzhuui	醵
okyzlqyi	醸
okyzyukz	醽
oktsyzff	釁
okbmyzuu	释
okbmsixk	釋
okwwwfli	釐
okrfgjqm	金
okrfwhba	釒
okfugjqm	釜
okjbdcna	釼
okjbrfye	鉇
okjbrfjb	鉓
okjbjikz	鉛
okjbrfxn	鉩
okjbglsi	鉱
okuurfjb	鉴
okjbgjgj	銒
okjbbuui	銔
okjbujjb	銟
okjberuv	銢
okjbgeer	銭
okjbve	銸
okjberve	銸
okjbuikz	銽
okjbmpyz	鋄
okjbvxcy	鋝
okjbjb	鋟
okifyzjb	鋻
okjbbcfz	鋾
okhebcjb	錅
okjbdcjq	錎
okjbirtm	錙
okjbjm	錢
okjbwhwh	錱
okjbmpwf	錽
okjbxswf	鍐
okjbkzer	鍓
okjbkzkv	鍔
okjbqmjq	鍤
okmcwfjb	鍪
okjbcsxb	鍯
okjbmbri	鍲
okifrfjb	鍳
okjbirtm	鍿
okjbriyu	鎉
okjbxnbw	鎖
okjbcche	鎝
okjbxbbi	鎞
okjbiawf	鎫
okjbirbw	鎻
okjbhuuz	鎼
okjbuuqm	鏉
okjbyuvf	鏐
okjbcsxb	鏓
okuguujb	鏧
okjbhuhu	鏬
okjbyefu	鏷
okjbqitm	鐂
okjbmcjs	鐍
okjbjiri	鐕
okjbuiqm	鐡
okyclbjb	鐢
okjbmfkd	鐦
okjbhunj	鐪
okjbuiig	鐵
okjbsiyi	鐶
okjbsixk	鐸
okjbhuui	鐻
okjbiawf	鑁
okjbcche	鑉
okbwbwjb	鑍
okifrfjb	鑒
okjblw	鑘
okjbhevi	鑙
okjbfubw	鑚
okjbirve	鑞
okjbglho	鑣
okjbjbjb	鑫
okjbcsjq	鑯
okjbdctu	鑱
okjbcvjs	鑴
okjbccvv	鑵
okjbtmtu	鑸
okjbxtuu	鑹
okyjsijb	鑾
okyeuujb	鑿
okjbcclj	钄
okrferve	钅
okjbjikz	铅
okjbyzuu	铎
okjbxnbw	锁
okjbvxcy	锊
okjbmfkd	锎
okjbjb	锓
okjbirtm	锱
okjbkzkv	锷
okjbqmjq	锸
okjbfucy	镈
okjbyuvf	镠
okjbyefu	镤
okjbsiyi	镮
okjbluho	镳
okjbirve	镴
okjbdctu	镵
oksjvena	長
oksjhgsi	镸
okpphgna	长
okuuxthg	門
okmfdcjq	閻
okmfmuqr	闃
okmfmupu	闅
okmfxitu	闉
okmfniqm	闕
okmfycho	闗
okmfdzcy	闘
okmfqiwf	闙
okmfyccc	關
okmfheyu	闟
okmfsiyi	闤
okmfqudz	闦
okdmuuve	门
okmfmuqr	阒
okmfriyu	阘
okmfniqm	阙
okmfsiyi	阛
okerhuyi	阸
okerrfye	陁
okervegs	陉
okerbkve	陋
okerbitu	陛
okerugtu	陞
okerdcjq	陥
okerritu	陧
okerjbyy	陰
okerbcmi	陱
okerbcfz	陶
okerdcjq	陷
okerugri	陹
okerrfrf	険
okerxitu	陻
okererda	陾
okerkljx	陿
okerklnv	隁
okerrfih	隂
okerwfug	隆
okerjqgs	隉
okerzoyt	隋
okeryzvi	随
okerzozo	隓
okerxnxn	隙
okervxxb	隠
okerzovi	隨
okerriho	隰
okervxxb	隱
okerucma	隲
okerdzge	隵
okuiuili	隷
okrfwffg	隹
okihrfvv	雁
okvvuuve	雋
okwfxlvv	雍
okvorfvv	雗
okvvvvyz	雙
okcckzvv	雚
okwfmuvv	雜
okiryivv	雝
okccvvjs	雟
okvvyjvv	雠
okyuvfvv	雡
oknmfuvv	難
okycbcvv	雤
okvvvvvv	雥
okvvvvvv	雦
okvvvvmu	雧
okhgjbdm	雨
okyuhgya	霊
okyumcwf	霚
okyugsgs	霛
okyukzkz	霝
okyulijb	霠
okyuytys	霡
okyubcui	霥
okyumcjs	霱
okyuriyh	霷
okyugeyt	霸
okyuqudz	霻
okyuvili	霾
okyumcmu	霿
okyulw	靁
okyuvvvv	靃
okyukzwu	靈
okyuvvnn	靍
okyujbnn	靎
oklwlwlw	靐
okfgklhg	靑
oksjuusj	非
oksjuusj	𩇧
okhgkler	面
okhgpphv	靣
oknmvshg	革
okgedcna	靱
okgeuhxx	鞐
okrfuuge	鞗
okgebcmi	鞠
okgehecc	鞥
okmcwfge	鞪
okgebcyj	鞫
okgecche	鞳
okgegsys	鞴
okgeglho	韀
okgeriho	韅
okgecclj	韊
okwukznq	韋
okwwgsys	韛
okhguive	韦
okuigejq	韯
okddyzjq	韰
okcsgejq	韱
okwfyajq	韲
okybhgjb	韴
okjbyzyb	韽
okuguuyb	韾
okhgppbw	頁
okuuifye	頥
okuvccye	頮
okxiccye	頯
okvxcyye	頱
okbiuiye	頴
okheerye	頹
okujciye	頿
okbisiye	顈
okkzkvye	顎
okwfujye	顏
okxbxbye	顖
okmiqrye	類
okyuvfye	顟
okwfsvye	顡
okyeyeqi	顨
okrihoye	顯
okyjhvye	顲
okccvvye	顴
okhgppbw	页
okvegsye	颈
okbiuvye	颍
okbihoye	颎
okuvccye	颒
okbiuiye	颕
okbiheye	颖
okkzkvye	颚
okccllye	颟
okmisiye	颣
okccvvye	颧
okfgrfpi	颴
okfgyuvf	飂
okfgqitm	飅
okccvvfg	飌
okfgfgfg	飍
okqrqrfg	飙
okqrqrfg	飆
okfgqrqr	飇
okfwugfw	飛
okfwfwfw	飝
okuirfli	飭
okrferqm	飮
okuirfjb	飾
okddyzui	餐
okuijm	餞
okuidcjq	餡
okuirfhd	餩
okuierda	餪
okddvfui	餮
okhchuui	饕
okuicche	饚
okuidctu	饞
okuirfli	饬
okuirfjb	饰
okuidcjq	馅
okuimmdm	馋
okxljm	馢
okuguuxl	馨
okxlxlxl	馫
oksjveho	馬
okbiuima	駂
okmarfye	駞
okkzkzma	駡
okmaqikl	駵
okmajb	駸
okmayzqn	騁
okmabcfz	騊
okmayzis	騒
okmarfrf	験
okmcwfma	騖
okmacsxb	騘
okmafgui	騞
okmaxswf	騣
okbcjkma	騫
okerbuma	騭
okytjrma	騰
okmacsxb	驄
okluwjma	驇
okmamcjs	驈
okmaqitm	驑
okmauiig	驖
okmhmafj	驘
okmasixk	驛
okmauimu	驝
okmajrma	驣
okmabwyi	驥
okmacvjs	驨
okmaccvv	驩
okmamama	驫
okvevehg	马
okmayzuu	驿
okkzkzma	骂
okmamama	骉
okmayzqn	骋
okmajb	骎
okerbuma	骘
okmcwfma	骛
okbcjkma	骞
okmacsxb	骢
okmabwyi	骥
okklbcyt	骨
okguzzyz	髄
okguyuvf	髎
okguzovi	髓
okguqudz	體
okwfkzkz	高
okwferjs	髙
okgcuijq	髛
okbnkler	髥
okbnxswf	鬉
okbnzoyt	鬌
okbnklve	鬛
okbnsiyi	鬟
okwhwhuu	鬥
okdzdzcy	鬪
okdzmcjb	鬬
okdzvejb	鬭
okiaklbi	鬯
okycbcuj	鬰
okfzbcuj	鬱
okhgkzuu	鬲
okjijige	鬵
okgexswf	鬷
okgerfyh	鬺
okbdersi	鬼
okdctmho	魚
okyuhgjb	魳
okyuuhxn	鮛
okyujb	鮼
okyuve	鮿
okyuerve	鮿
okrfuuyu	鯈
okyuirtm	鯔
okqmfuyu	鯗
okhebcyu	鯬
okyuxswf	鯼
okyuklnv	鰋
okyukzkv	鰐
okyuzoyt	鰖
okyusiba	鰥
okytjryu	鰧
okyuriyu	鰨
okrfyuwf	鰴
okyumcjs	鱊
okyusiyi	鱞
okycbcyu	鱟
okyuqudz	鱧
okyuihvi	鱨
okyuirve	鱲
okyuccvv	鱹
okyuyuyu	鱻
okdctmhg	鱼
okxkbcyu	鲎
okyuirtm	鲻
okyukzkv	鳄
okyulcri	鳍
okyuriyu	鳎
okyusiba	鳏
okyuvxfz	鳐
okyuyubd	鳛
okyuqudz	鳢
okjihgnn	鳳
okhgjbnn	鳾
okbiuinn	鴇
okihrfnn	鴈
okbcjinn	鴧
okxkbcnn	鴬
okdcjqnn	鵮
okbcminn	鵴
okhebcnn	鵹
okirtmnn	鶅
okvxfunn	鶏
okhohonn	鶑
okuulinn	鶒
okkzkvnn	鶚
okklnvnn	鶠
okmcwfnn	鶩
okmuqrnn	鶪
okbcjknn	鶱
okvorfnn	鶾
okuinnuu	鷇
okyiuunn	鷖
okyuvfnn	鷚
oksisinn	鷥
okmubcnn	鷪
oknmkznn	鷰
okziuinn	鷱
okmcjsnn	鷸
okglvvnn	鷹
okycbcnn	鷽
okmhnnfj	鸁
oksixknn	鸅
okbwbwnn	鸎
oklwnn	鸓
okccvvnn	鸛
okyjsinn	鸞
okbiuinn	鸨
okxkbcnn	鸴
okdcjqnn	鹐
okrivenn	鹖
okkzkvnn	鹗
okmcwfnn	鹜
okvxfznn	鹞
okyiuunn	鹥
okyuvfnn	鹨
okmcjsnn	鹬
oksiyinn	鹮
okwfdjnn	鹯
okglvvnn	鹰
okccvvnn	鹳
okludmdm	鹵
oklurfrf	鹸
okifvjmb	鹽
okglvebi	鹿
okgjgjlu	麉
okluklhe	麕
okluyukz	麢
oklululu	麤
okmdbcmi	麴
okmdbcmi	麹
oknmyzba	黃
okgsyzba	黄
okxkbchl	黉
okycbchl	黌
okherfuv	黍
okhebcuv	黎
okkltuho	黑
okliqrho	黙
okhebchw	黧
okhwxitu	黫
okhwhecc	黭
okytjrhw	黱
okyiuuhw	黳
okrfhwwf	黴
okyebiff	黺
okyebiba	黻
okyebifu	黼
oktubamm	鼀
okkztmmm	鼉
okkztmmm	鼍
okmuppve	鼎
okndmuve	鼐
okuuhgdk	鼑
okgupmpj	鼘
okjqveve	鼠
okxkys	鼡
okuumuqr	鼳
okuuklnv	鼴
okuulw	鼺
okzitmqi	鼻
okbiiryi	齆
okbihuqp	齇
okwfyaer	齊
okwfppuu	齐
okvicskl	齒
okvikllk	齢
okfgdcii	齧
okiikzkv	齶
okvirfkl	齿
okliytsj	龍
okyukzls	龗
oklslsls	龘
okppxtia	龜
okdcrive	龟
okrfkzcc	龠
okierfgj	龫
okmatmgs	龭
okuuhgrf	龰
okpperpp	龵
okbaerrf	龹
oksiyjsi	龻
okpibcmi	龾
okccyiyz	鿀
okuvdcmu	鿄
okuvwfxn	鿌
okrfyihg	鿗
okwurfmi	鿯
okfurfuv	鿿
okhgklrf	㐁
okqiqiqi	㐂
okihxtve	㐆
okwfkzyi	㐔
okjqerda	㐡
okdmvepp	㐧
okwfujrf	㐪
okwfsiir	㐬
oklqjkyi	㐮
okwflvxl	㐯
okrfrfrf	㐺
okrfrfuh	㑅
okrfiruj	㑎
okrfuhxn	㑐
okrfklrf	㑒
okrfsiyz	㑓
okrfve	㑙
okrferve	㑙
okrfhocc	㑞
okrfkzui	㑨
okrfqier	㑪
okrfvzyz	㑴
okrfguke	㑸
okrfyzri	㑹
okrfxiyj	㑾
okrfklxk	㒁
okrfyido	㒅
okrfheyu	㒆
okrfvivi	㒊
okrfhors	㒌
okrflwsi	㒍
okrftmfw	㒎
okrfqivi	㒗
okrfvxxb	㒚
okrfujjy	㒞
okrfyima	㒟
okrfddjq	㒠
okrftmtu	㒦
okrfxbsi	㒨
okrfviui	㒪
oksjuuer	㒫
okkluuru	㒳
okklhgba	㒷
okklqmve	㒺
oknmjbru	㒼
okbcyrnv	㓂
okbcyjto	㓃
okbkjb	㓎
okbkqixn	㓒
okbkwump	㓕
okdakddc	㓫
okirtmdc	㓯
okerdadc	㓴
okkzkvdc	㓵
okvehgdc	㓸
okihyjdc	㓹
okmuuvdc	㓼
okjiridc	㔆
okccxbdc	㔎
okvujqdc	㔐
okcvjsdc	㔒
okugwjli	㔟
okxbbili	㔡
oklwli	㔣
okbcfjli	㔤
oksingli	㔥
oknmfung	㔮
okkljikz	㔯
okkluijq	㔲
okkltmgs	㔴
okuiqiuu	㔺
okiagser	㕁
okihhgyc	㕄
okihdzdz	㕏
okihjqho	㕐
okihqmcy	㕑
okyhjqsi	㕗
oklwrfxn	㕘
okuijbyz	㕞
okuuccyz	㕟
okuuguyz	㕡
okuubwyz	㕢
okkzkzqn	㕺
okkzbcve	㕼
okkziags	㖁
okkzritu	㖏
okkzkzyb	㖐
okwfkzii	㖜
okkzglci	㖢
okkzklhe	㖥
okkzjqyz	㖬
okkzccwu	㖴
okkzxitu	㖶
okkzkzni	㖾
okkzkzkv	㗁
okkzmbri	㗃
okkzsifh	㗄
okfgdcge	㗉
okkzkzkz	㗊
okkzdcui	㗋
okkztdmb	㗐
okccrgii	㗡
okyiuukz	㗨
okkzbcbw	㗷
okkzxkfz	㗸
okkzvvxb	㗹
okkztmfw	㗺
okkzmfke	㗿
okkzjqmi	㘀
okkzsixk	㘁
okkzxkjb	㘅
okkzyuyj	㘊
okkzqtge	㘍
okkzmajn	㘐
okkzuili	㘑
okyjsikz	㘘
okkzhels	㘛
okvvuwkz	㘜
okturfli	㘯
oktuuijq	㘲
okkzrftu	㘴
okuigetu	㘽
okturitu	㘿
oktubitu	㙄
oktuuidm	㙇
oktmyutu	㙒
okuvlstu	㙙
oktuyhnq	㙚
oktuliyt	㙝
okyiuutu	㙠
oktuhuhu	㙤
oktulqyi	㙥
oktuqitm	㙧
okldqrtu	㙬
okluwjtu	㙯
oktugctu	㙵
okwfkzth	㙶
okturiho	㙷
oktugltu	㙻
oktulw	㙼
oktudabd	㙽
oktudzge	㚀
okuibcqm	㚃
okuibcpi	㚄
okwfhgug	㚅
okwfriwf	㚆
okxsbawf	㚇
okdaruru	㚒
okdaqmui	㚔
okdckzda	㚟
oknvkler	㚩
oknvrfxn	㚷
oknvihba	㛂
okfgdcnv	㛃
oknvndmu	㛆
oknvrfxn	㛋
okddyznv	㛑
oknvzdyz	㛮
oknvmbri	㛰
oknvirxb	㛴
oknvvxrj	㛵
okheyznv	㛷
oknvqmjq	㛼
oknvbcmi	㛽
oknvgvxb	㜇
oknviryi	㜉
okuinvuu	㜌
oknvjqcc	㜒
oknvcche	㜓
oknvhuqp	㜘
oknvjbyz	㜝
oknvwhnv	㜲
oknvyisi	㜳
oknvyima	㜵
oknvdctu	㜶
oknvtmqp	㜼
okuiziuu	㝅
okyjsima	㝈
okbcxbyz	㝕
okbcwhba	㝙
okbcrfhg	㝛
okbchgjm	㝟
okbcpjmi	㝥
okbcuiyz	㝮
okbczifh	㝰
okbcpjmg	㝱
okbcpjvz	㝲
oksiercy	㝶
okxtwjcy	㝷
okxnbder	㝸
okyzribi	㞁
okiuuiyz	㞊
okuivebk	㞑
okuibayt	㞕
okuiuidm	㞘
okuiqmjq	㞚
okuirfvi	㞛
okuirfww	㞜
okuigsyi	㞡
okujppsi	㞮
okujtuia	㞿
okujihgj	㟁
okujxser	㟅
okujkzdz	㟕
okujffff	㟗
okujuzgj	㟛
okujjm	㟞
okujkzkv	㟧
okmbwfuj	㟩
okujmbri	㟭
okujcche	㟷
okujpbkv	㠋
okujfubw	㠝
okujyima	㠡
okujtmtu	㠥
okujyccy	㠨
okrfveer	㠩
okgskzfu	㠬
okgsgsgs	㠭
okkluukl	㠯
okjbppji	㠶
okbajbba	㡀
okjbrfer	㡃
okjbve	㡇
okjberve	㡇
okjbdcjq	㡊
okjberyt	㡌
okbddajb	㡍
okmcwfjb	㡔
okjbxbbi	㡙
okjbriwj	㡢
okdihgsj	㡣
okjbvxxb	㡥
okjbxtdg	㡧
okjbcsjq	㡨
okyjsijb	㡩
okjbvxwf	㡪
okycycig	㡬
okycveyc	㡭
okglheto	㢉
okglqmjq	㢎
okglhuqp	㢒
okglxlvv	㢕
okglqmho	㢘
okglhunj	㢚
okglnmsi	㢜
okgsrfye	㢮
okgssixn	㢱
okgsgsba	㢲
okgsrfna	㢳
okgsklia	㢴
okgsgswf	㢸
okgsxitu	㢾
okgsgsys	㣁
okgsyugs	㣃
okgsjiri	㣅
okhuppjb	㣇
okhujbjb	㣈
okbdxnuj	㣎
okdazcuj	㣏
okrfgser	㣞
okrfuuds	㣠
okrfjm	㣤
okrfytve	㣧
okrfkzer	㣬
okrfxswf	㣭
okrfujwf	㣲
okrfyeug	㣸
okruvexb	㤀
okxbriia	㤤
okxbve	㤴
okxberve	㤴
okxbbcmu	㤾
okuivexb	㥁
okxbjm	㥇
okxbbcmi	㥌
okhebcxb	㥎
okhgbcxb	㥑
okdjgsxb	㥖
okxbnimu	㥡
okkljxxb	㥦
okxbwfri	㥫
okvxgsxb	㥯
okxbklui	㥵
okbcjkxb	㥶
okgljxxb	㥷
okwuhexb	㥻
okxbhuhu	㦆
okxbkzni	㦍
okxbsiyj	㦒
okriqrxb	㦔
okxbxbxb	㦚
okyiqmxb	㦤
okxbmfer	㦦
okxbxmri	㦧
okxbyjyz	㦪
okgesihg	㦯
okhggetu	㦱
okuigebc	㦲
okuigetu	㦳
okyzhoir	㦽
okuzklhg	㧇
okuzhuyi	㧖
okuurfuz	㧛
okuzppyz	㧞
okuzsixn	㧠
okuzjijb	㧩
okuzuidm	㧻
okuzcszz	㧿
okuzqier	㨈
okuzmbri	㨉
okuzzoyt	㨊
okuiuzuu	㨌
okuzerda	㨎
okuzxswf	㨑
okuzxtnq	㨓
okuzuuzz	㨗
okuzklui	㨡
okuzklvv	㨤
okuzsitu	㨧
okuzyigs	㨰
okuzxiyj	㨱
okuzccss	㨲
okuzhucs	㩀
okuzbcvv	㩁
okuzqitm	㩅
okuzheyu	㩉
okuzvxcy	㩊
okuzytqr	㩎
okuztmfw	㩑
okuzujjy	㩗
okuzglho	㩠
okuzyujy	㩣
okuzuijq	㩥
okuzvvjs	㩦
okuzsiye	㩪
okuzxuge	㩬
okuzccmu	㩰
okuzccvv	㩲
okuzvuer	㩶
okuztmhu	㩸
okuztmqp	㩹
okrfrfwf	㪘
okwfriwf	㪟
okhuqppu	㪥
okheyupu	㪧
oktmfwpu	㪪
okyukzpu	㪮
okwferuu	㪯
okdamudz	㪺
okyjsidz	㪻
okhgrijb	㪽
okccccjb	㪿
okycvejb	㫁
okfhrfqi	㫅
okfhrfxn	㫆
okfhrfke	㫊
okfhrfrj	㫋
okfhrfvg	㫌
okfhrfyz	㫍
okfhrfjy	㫎
okfhrfyc	㫏
okriccyz	㫞
okrijikz	㫟
okrfuuri	㫦
okcscsri	㫺
okritdho	㬃
okriihii	㬄
okrisiwj	㬅
okrimbri	㬆
okrierda	㬉
okriwfxn	㬌
okriycho	㬎
okriyuvf	㬔
okriyuwf	㬚
okriheyu	㬛
okviviri	㬜
okriujhe	㬞
okririho	㬤
okriiumi	㬥
okriiusi	㬧
okxmxmri	㬱
okytjrjb	㬺
okytpbqn	㬽
okyiuuyt	㬾
okytvuwu	㭀
okbkqimu	㭍
okmurfna	㭚
okmuvxcy	㭩
okmuirdd	㭮
okmuve	㭯
okmuerve	㭯
okmufhfh	㮄
okmurfyh	㮆
okmuqmjq	㮑
okmuxitu	㮒
okmuerda	㮕
okmumcwf	㮘
okmukzkv	㮙
okvjrfmu	㮚
okmuklvl	㮜
okmuuimu	㮟
oklbui	㮟
okmusiff	㮥
okmubf	㮥
okmutmwf	㮨
okmugsmu	㮪
okmusigj	㮭
okmuklui	㮯
okmuxbbi	㮰
okmuccxm	㮱
okmufhdj	㮵
okmuyzvi	㮷
okbfkzkz	㮺
okmumuuv	㯃
oklbhzba	㯄
okmuglbi	㯅
okmufwtu	㯇
okmuhuhu	㯉
okbimuye	㯋
okuguumu	㯏
okmuheyu	㯓
okmuuixb	㯖
okmuyuwf	㯙
okmuuvbc	㯡
okmuffmu	㯣
okmuqimu	㯦
okmuhuui	㯫
okmuhunj	㯭
okmujlbw	㯯
okhgfzmu	㯱
okmuklwf	㯶
okmupncy	㯹
okifrfmu	㯺
okhguimu	㯻
okmucche	㯼
okmubcbw	㯽
okmuirve	㯿
okmubcfj	㰂
okhgfwmu	㰆
okmuuijq	㰇
okmuluyj	㰊
okmuujjy	㰎
okmurvmu	㰑
okmuifbw	㰓
okmuyjyz	㰔
okmuccle	㰛
okmuvfye	㰜
okqmriqm	㰱
okrfrfqm	㰸
okkljxqm	㰼
okklnvqm	㰽
okbdfhqm	㰾
okiuuiqm	㱁
okjbyzqm	㱃
okhudzqm	㱆
oksiyjqm	㱍
oksiyuqm	㱎
okerdmvi	㱐
okddmbri	㱪
okuihguu	㱿
okvjbiuu	㲃
okuiwhuu	㲄
okuguulk	㲆
okuguuds	㲇
okuguuvc	㲈
okuilruu	㲉
okuumuuu	㲊
okdckzbi	㲋
okvxcymc	㲕
okwwwfmc	㲠
okvorfmc	㲦
okmcriyu	㲩
okyefumc	㲫
okmcirve	㲱
oktmqpmc	㲲
okuvjqui	㳃
okuvdasi	㳒
okuviatu	㳗
okuvsiyt	㳙
okuvccdm	㳤
okuvve	㳧
okuverve	㳧
okuvirdd	㳨
okuvrfpi	㳬
okuvbitu	㳴
okuvwuri	㳷
okuvuzzi	㳺
okuvwfmu	㳿
okuvccfa	㴀
okuvtmjk	㴁
okuvhuuv	㴃
okuvjshg	㴅
okuvuvuv	㴇
okuvlwer	㴉
okuvnidc	㴊
okuvxtwh	㴏
okuvglni	㴑
okuvcche	㴕
okuvqmjq	㴙
oklirfuv	㴝
okuvvxjq	㴞
okuvlnkl	㴠
okuvuvvs	㴢
okuvuvyi	㴣
okuviryi	㴩
okuvxtmu	㴭
okuvxtba	㴱
okuvtuls	㴳
okuvhoho	㴴
okuvbimb	㴵
okuvdzcy	㴻
okuvcclq	㵁
okuvgewu	㵄
okuvuvgu	㵈
okuvbcui	㵓
okuvlwxn	㵕
okuvuvuv	㵘
okuvfujb	㵚
okuvuvnj	㵜
okuvyujx	㵤
okuvbcmb	㵥
okuvzovi	㵦
okuvziri	㵫
okuvytyk	㵬
okuvdage	㵮
okxbuvxb	㵷
okuvrfcc	㵸
okuvvubw	㵺
okuvytsz	㵻
okuvlw	㵽
okuvbdbd	㵿
okuvytvf	㶀
okuvmfjq	㶄
okuvifye	㶊
okuvyeug	㶋
okuvsida	㶔
okuvrfhw	㶖
okmwsiqr	㶗
okuvvutj	㶘
okuvuvug	㶙
okuvxiyt	㶚
okuvfhyu	㶛
okuvpkdc	㶜
okuvuvyk	㶝
okuvrixl	㶞
okdabaho	㶫
okholili	㶸
okhohoxy	㷀
okifyzho	㷂
okuihocy	㷉
okhewuho	㷏
okhojqtu	㷐
okhoxitu	㷑
okhocsxb	㷓
okhovxjq	㷔
okkzsiho	㷗
okhotdmu	㷘
okmujuho	㷡
okhoyhnq	㷣
okuihouu	㷤
okifjiho	㷩
okuguuho	㷫
okhotufg	㷯
okihheho	㷴
okhoriuu	㷸
okdcwfho	㷺
oknmkzho	㷼
okhohuui	㷾
okhogctu	㸀
okhofubw	㸇
okvvvvho	㸈
okxbhoho	㸉
okhodzge	㸍
oktsbcff	㸑
okqmbamu	㸔
okfusidk	㸘
okpmgsys	㸢
okxbpmxb	㸤
okpmdctu	㸥
okdkvena	㸦
oknqrfye	㸱
okfgdcnq	㸷
oknqvxcy	㸹
okifyznq	㹂
oknqtmwf	㹄
oknqcsxb	㹅
okwwwfnq	㹈
oknqyefu	㹒
oknqykmu	㹙
oknqhgwf	㹛
okqrbder	㹸
okqrbcmi	㹼
okqrjm	㹽
okqrirxb	㺁
okqrdcui	㺅
okqryjbw	㺆
okqrklqr	㺇
okuiqruu	㺉
okqryuvf	㺒
okqrbcbw	㺙
okqrmacc	㺛
okqrxtgx	㺠
okqrdzge	㺣
okqrcsjq	㺤
okqrdctu	㺥
okwhhgjb	㺰
okrffjyu	㺸
okwhriia	㻀
okwhppzz	㻄
okwhsiyt	㻆
okdawhwh	㻎
okwhklhe	㻒
okwhcszz	㻜
okwhzoyt	㻟
okifiayu	㻨
okwhyukv	㻬
okwhhuhu	㻯
okwhjiri	㻸
okuiuiyu	㻹
okihheyu	㻺
okhgbcyu	㼂
okwhirve	㼃
okwhyctm	㼄
okwhujjy	㼇
okfgdcwa	㼤
oktuvjwa	㼭
okbwbcwa	㼱
okerdawa	㼲
okihhewa	㽁
okheyuwa	㽂
okycbcwa	㽇
okifrfwa	㽉
okyjyzwa	㽊
okyjsiwa	㽋
okyulqwa	㽌
okugugug	㽓
okyeuiug	㽔
okyzveve	㽕
okkzkztm	㽞
oktmvxcy	㽟
oktmbcmi	㽤
oklwug	㽮
oktmcvjs	㽯
okbkjb	㾛
okbkdger	㾱
okbkwhwf	㿂
okbkyiuu	㿄
okbkheyi	㿆
okbkxlvv	㿈
okbkjiri	㿊
okbkjyyh	㿏
okbkzzdo	㿐
okbkjxzu	㿓
okbklw	㿔
okbkmfjq	㿕
okbksida	㿙
okbkzily	㿜
okuguubd	㿦
okpiirtm	㿳
okpierda	㿵
okuveemb	䀀
okyumpmb	䀆
okgufzmb	䀇
okuvvfmb	䀊
oktuvjmb	䀋
okyubdmb	䀌
okmuyzqn	䀻
okuiyzmu	䀾
okifyzmu	䁂
okhuwfmu	䁈
okhugemu	䁉
okmuiamu	䁊
okmukzer	䁒
okmuxswf	䁓
okmumbri	䁕
okcscsmu	䁞
okmuhuqp	䁦
okmunmfu	䁧
okmujiri	䁮
okmuheyu	䁯
okmusiyi	䁵
okycbcmu	䁷
okmusixk	䁺
okmuirve	䁽
okmudctu	䂁
okgunqrz	䂋
okfgdcui	䂮
okuimbri	䃉
okuiccqp	䃊
okuixitu	䃌
okyiuuui	䃜
okuijiri	䃡
okuiuijq	䃱
okuibjmb	䃲
okuiirve	䃳
okuiyima	䃵
okuiyisi	䃶
okuiwhnv	䃷
okuicsjq	䃸
okppccyc	䄏
okiuuisi	䄐
okppuvtm	䄕
okpppmpj	䄗
okherfqm	䄹
okhebkhg	䄼
okhelili	䅄
okheglto	䅊
okhejuyz	䅓
okheirtm	䅔
okheqmjq	䅤
okhevivi	䅩
okhewfxn	䅫
okuguuhe	䅽
okhejiri	䅾
okhesixk	䆁
okhejinn	䆇
okhesing	䆉
okhebwyi	䆊
okheheyj	䆌
okhecsjq	䆎
okqbqbqb	䆐
okxtribi	䆞
okxtuzgk	䆢
okxtmuda	䆩
okxtcsxb	䆫
okxtvonv	䆯
okxtgvri	䆴
okxtmcjs	䆷
okxthuui	䆽
okxtpjnp	䆿
okxtgeer	䇀
okliglsi	䇊
okmhlifj	䇔
okvubcpp	䇖
okvuxili	䇟
okvurfxn	䇣
okvubkhg	䇧
okvuklwf	䇱
okvugeer	䇳
okvuccyz	䈛
okvuwfri	䈞
okvucsxb	䈡
okvutdmu	䈢
okvujnli	䈥
okvuxswf	䈦
okvuliju	䈮
okvuriyu	䈳
okvudmmk	䈿
okvuufdc	䉇
okvujngx	䉉
okvusiie	䉊
okvuielk	䉖
okvusiwa	䉚
okvuuzvi	䉟
okvujqho	䉣
okvuuzxb	䉥
okvulw	䉪
okvuirve	䉭
okvumfvv	䉮
okvugujn	䉰
okvuyiqu	䉱
okvumuui	䉵
okmijijb	䊃
okhebcmi	䊍
okmhmiji	䊨
okmicsjq	䊱
okhuyzsi	䋜
oksixknv	䋝
okhugesi	䋯
okmcwfsi	䋷
oksibkpu	䌄
oksiriyu	䌈
oksicche	䌋
okmwuusi	䌓
okxiyjxi	䌛
okxmqmsi	䌠
oksiqudz	䌡
oksivxxb	䌥
oksimfjq	䌪
oksiccvv	䌯
oksiwhli	䌱
okuifzuu	䍍
okkluuhg	䍏
oksixswf	䍟
okyhjiri	䍼
okyuve	䎎
okyuerve	䎎
okyujm	䎒
oklwirtm	䎩
oklwxswf	䎫
oklwnmfu	䎯
oklwxijb	䎰
oklwsing	䎱
okersisi	䏈
okerriho	䏉
okyuxbsi	䏋
okxidmrz	䏑
okytliba	䏮
okytbitu	䏶
oksiytqu	䏻
okytjm	䏼
okhuwfyt	䏿
okytuidm	䐁
okytklhe	䐃
okytdcjq	䐄
okytuiui	䐅
okytwuri	䐇
okytirtm	䐉
okytgsxb	䐋
okytkzer	䐕
okytxnbw	䐝
okwfyarz	䐡
okuiytuu	䐨
okytjiri	䐶
okytsixk	䐾
okycbcyt	䑁
okytwhnv	䑉
okytcsjq	䑎
okytccvv	䑏
okifrfxn	䑐
okifyefu	䑑
okccbcvi	䑓
okuekler	䑙
okkzbcir	䑝
okklyjir	䑞
okvzrfye	䑨
okvzeryt	䑵
okvzzdyz	䑹
okvzfhzi	䑻
okvzriyu	䑽
okvzbcfu	䒄
okvzyuwf	䒆
okcckler	䒣
okccvecy	䒭
okccbcfj	䒮
okccbcwj	䒯
okccnvto	䒲
okccujji	䒻
okccbcyt	䒿
okccqrjb	䓄
okccuvui	䓋
okccdaty	䓐
okccuvkd	䓑
okccgsxb	䓗
okccrfqp	䓚
okccuvdi	䓜
okccbcfz	䓨
okccmcwf	䓮
okccxitu	䓰
okccrfdv	䓲
okccerda	䓴
okccuvxk	䓷
okccbcnv	䓻
okccnvls	䓼
okccsikl	䓿
okcchehe	䔉
okccwhbk	䔊
okccfzqp	䔘
okccifyt	䔚
okccdj	䔜
okccerrj	䔜
okcccskv	䔢
okccbdbd	䔤
okccyumi	䔥
okccxlvv	䔨
okcctmgs	䔬
okccyzgu	䔯
okcciuyz	䔴
okccvivi	䔼
okccfwmu	䕁
okcczztd	䕂
okccerih	䕃
okccigmb	䕄
okccglgv	䕇
okccsixk	䕉
okccrifu	䕎
okccsito	䕑
okccxkjb	䕔
okccyjjx	䕛
okccherj	䕝
okccmflv	䕡
okccuiia	䕢
okccbajb	䕥
okccmhnv	䕦
okccgujn	䕧
okccmuln	䕩
okccbdwf	䕫
okccgsjl	䕬
okccluyj	䕭
okccxkmi	䕮
okcchofj	䕰
okccglhe	䕲
okcchejn	䕴
okccjinn	䕵
okccyjvi	䕶
okccyequ	䕺
okccfunn	䕿
okccyjuz	䖂
okrororo	䖃
okccnjho	䖄
okccfzuj	䖇
okhuhuri	䖜
okisbagj	䖫
okisccgj	䖹
okrfuuis	䖺
okhebcis	䖿
okisjm	䗃
okisbcmi	䗇
okisxitu	䗎
okiszdyz	䗏
okiscsxb	䗓
okbcjkis	䗙
oktmisis	䗞
okyiuuis	䗟
okgjisis	䗣
okisyefu	䗱
okisvutk	䗴
okyjisis	䗺
okisriho	䗾
okfuisis	䘀
okisuijq	䘂
okveisis	䘄
okngisis	䘅
okiscsjq	䘋
okniisis	䘌
okwjisis	䘍
okxtdcba	䘐
okxtdcjq	䘓
okxkujxi	䘗
okxkwwjb	䘙
okppuiia	䘠
oktucsyi	䘮
okppjb	䘲
okppjm	䙁
okppgsxb	䙂
okppzoyt	䙃
okppqmjq	䙄
okpperda	䙇
okpplqyi	䙛
okyixkwj	䙝
okpptmfw	䙣
okppgoyi	䙨
okppbwyi	䙫
okppccvv	䙮
okxidasi	䙴
okdabajm	䙽
okvjkljm	䚃
okxitujm	䚈
okjnyuvf	䚧
okjnsiyi	䚪
okjnccvv	䚭
okxidmyj	䚻
okyjkler	䛁
okyjjikz	䛇
okuurfyj	䛓
okyjriia	䛕
okfgdcyj	䛚
okyjizuj	䛝
okyjuikz	䛡
okyjyzqn	䛣
okyjmive	䛧
okyjbcfz	䛬
okyjfgmu	䛶
okyjjqgs	䛼
okyjqmjq	䛽
okyjrfvi	䜀
okyjgvda	䜁
okyjyigs	䜇
okyjmuuv	䜉
oksiyjsi	䜌
okyjzovi	䜔
okyjriho	䜙
okyjzzuv	䜚
okyjmmmm	䜛
okyjycve	䜝
okyjuijq	䜟
okyjdjvi	䜥
okyjrfvi	䜧
okuuhggu	䜭
okgubcmi	䜯
okguirve	䜲
okdzjb	䜷
okmcwfdz	䜼
okifrfdz	䜿
okifuudz	䝂
okdzriho	䝃
okbaerui	䝇
okbabcui	䝉
okuiirve	䝓
okuiccvv	䝔
okviziui	䝥
okuuyzbw	䝨
okbwrfye	䝯
oklilibw	䝱
okpuyzbw	䝳
okhgbcbw	䝴
okbwccvi	䝸
okwfwfbw	䝺
okbwihgv	䝽
okbwklnv	䞁
okbwerda	䞂
okbwxnbw	䞆
okluwjbw	䞇
okbwjrbw	䞉
okbwhumu	䞊
okzzhgjb	䞙
okzzuikz	䞸
okbcjkzz	䞿
okzzuiig	䟈
okzzhuui	䟊
okzzzifh	䟍
okzzfubw	䟎
okzzccvv	䟒
okzuppyz	䟦
okzuxicc	䟸
okzuvxcy	䟹
okzusier	䠁
okzuklhe	䠅
okzuuvyt	䠌
okzumuqr	䠐
okzuxbbi	䠘
okzuxtgx	䠚
okzuhuqp	䠡
okccsizu	䠢
okzuycve	䠪
okzujrma	䠮
okzuccvv	䠰
okiehgtu	䡖
okiebder	䡚
okiecsxb	䡯
okuguuie	䡰
okiecche	䡷
okieccyt	䡸
okieuipi	䡹
okiezifh	䡻
okieyukz	䡼
oktdmumu	䢄
okbcjiru	䢇
okxbjqif	䢉
okvihocc	䢠
okvixiyj	䢣
okviheuu	䢤
okvivgmu	䢥
okviyuvf	䢧
okviwuwf	䢩
okviyjir	䢯
okirtmer	䣎
okxnbwer	䣔
okmuuver	䣛
okhuqper	䣜
okkznier	䣞
okjirier	䣟
oklwxier	䣢
okyzppqi	䣨
okyzxser	䣴
okyzxtyz	䤇
okyzximb	䤈
okyzbimb	䤉
okyzmcjs	䤎
okyzfwuz	䤏
okyzjiri	䤐
okvhjlyz	䤗
okyzcsjq	䤘
okjbppqi	䤜
okjbujjb	䤱
okjbklnv	䤷
okjbzdyz	䤹
okjbzoyt	䤻
okjbsiba	䤽
okjbsikl	䥁
okjbbcui	䥂
okjbihxi	䥄
okuiwhjb	䥅
okwffwjb	䥆
okjbbctu	䥉
okbcrijb	䥌
okjbifyt	䥎
okjbcsri	䥘
okjimujb	䥚
okjblubi	䥝
okjbccxm	䥠
okjbzovi	䥦
okjbmflv	䥨
okjbriho	䥪
okjbccvr	䥬
okqqqqjb	䥭
okjbxier	䥮
okjbsing	䥯
okjbwhis	䥰
okjbujjy	䥴
okjbsrdc	䥷
okjbfgii	䥹
okjbihwj	䥿
okjbieyi	䦄
okihbave	䦇
okihuhxn	䦊
okmfuidm	䦠
okmfmuwf	䦩
okmfgvri	䦰
okmfsixk	䦴
okerjm	䧖
okerujxn	䧙
okeryefu	䧤
okerglnv	䧪
okerppxb	䧭
okerdctu	䧯
okeryuxi	䧰
okglrfvv	䧹
okrumivv	䨀
okmcwfvv	䨁
okjbyzvv	䨄
okvvpmpj	䨊
okyuuvyu	䨕
okyuuvrf	䨙
okyulilk	䨧
okyuuvge	䨰
okyujmjm	䨳
okyusidk	䨶
okyulbpu	䨷
okyurfhw	䨹
okyyyyyy	䨺
oklwlwlw	䨻
okgehgyc	䩘
okgekzer	䩰
okgezdyz	䩳
okgegrxb	䪀
okgeyefu	䪁
okgequdz	䪆
okgeccfu	䪇
okgeirve	䪉
okgedctu	䪌
okgecvjs	䪎
okwwbcmi	䪕
okwwriyu	䪚
okfuyzjq	䪟
okziqmjq	䪠
okzicijq	䪡
okzicijq	䪢
okfucijq	䪣
okuubwjq	䪥
okujerye	䫇
okhvmuye	䫙
okujfzye	䫠
okjiriye	䫬
okererye	䫱
okzifhye	䫵
okfglili	䬅
okfgxtyz	䬒
okuibcjq	䬨
okddyzui	䬸
okuigeer	䬻
okuibcji	䭇
okuizoyt	䭉
okuifgmb	䭍
okuijiri	䭙
okuisixk	䭞
okuivxxb	䭡
okuicvjs	䭨
okviirzi	䭬
okmabuui	䮆
okmarfna	䮉
okmavxcy	䮑
okmazdyz	䮟
okmaqmjq	䮢
okvorfma	䮧
okycbcma	䮸
okmayjir	䮼
okmaglho	䮽
okmamamu	䯂
okguuijq	䯌
okgurfgj	䯎
okgubitu	䯗
okguycyt	䯚
okguzoyt	䯝
okguriho	䯥
okwfkzkz	䯧
okwfuidj	䯬
okbnjb	䯹
okbnuikz	䯺
okbnmuuv	䰍
okbnzifh	䰓
okbnbjmb	䰔
okdzdcmm	䰗
okdzyuvf	䰘
okgsgegs	䰜
okvegsge	䰞
okgvmcjs	䰬
okerergv	䰭
okyurfye	䰿
okyuqikl	䱖
okpuyzyu	䱗
okyujm	䱠
okyubcmi	䱡
okyudcjq	䱤
okmcwfyu	䱯
okhuyuwf	䱷
okvzjryu	䲍
okyuhunj	䲐
okyuxkjb	䲗
okyuyuyu	䲜
okytjryu	䲢
okhuyuwf	䲣
oksiytnn	䳌
oknnve	䳖
oknnerve	䳖
okyzqnnn	䳙
okrinvnn	䳛
okzdbcnn	䳣
okiuuinn	䳳
oksibann	䳴
okldlinn	䳵
okjbyznn	䳺
okyefunn	䴆
oksiyinn	䴉
oknnsiyi	䴋
okbwbwnn	䴍
oklwnn	䴎
oktmqpnn	䴑
okmuqrnn	䴗
okyjklbi	䴡
okhebcmd	䴻
okmdjm	䴼
okmdbcui	䴿
okmdxnbw	䵀
okmdqudz	䵄
okhlyuvf	䵏
okifyzuu	䵖
okhwuvyu	䵦
okhwrfyh	䵰
okvumuhw	䵵
okviyumm	䵹
okbiuizz	䶑
okiidcjq	䶟
okiihuqp	䶥
okgjgjls	䶬
okytgsxb	䶼
okytxswf	䶽
okhguuve	𠀀
okveuuhg	𠀄
okhgvepp	𠀅
okppuuhg	𠀈
okppuuer	𠀉
okuiuudm	𠀊
okvehghg	𠀌
okhgkler	𠀑
okhgverf	𠀔
okhgklkl	𠀙
okhgsixn	𠀚
okmuveve	𠀟
okhgjihg	𠀣
okdadahg	𠀤
okhgjqhg	𠀥
okhgqndk	𠀩
okbkrfhg	𠀬
okhgbakl	𠀮
okhgkluv	𠀯
okdkklwu	𠀵
okhggeui	𠀶
okhgkzcc	𠀷
okhgwfqi	𠀸
okhgbats	𠀹
okhgjiba	𠀺
okhgziia	𠀼
okfuppba	𠀽
okhgercs	𠁅
okdkjikz	𠁈
okfucscs	𠁊
okhgkzya	𠁏
okhgklya	𠁐
okbkyzqn	𠁔
okhgbcya	𠁕
okliihir	𠁖
okuibdda	𠁗
okhgjihw	𠁘
okqpqpqp	𠁠
okrurfuu	𠁥
okvskluu	𠁧
okervser	𠁩
okccuuuu	𠁬
okgegege	𠁭
okcsrfuu	𠁮
okhgxtxt	𠁰
okhgklna	𠁱
okkzkljk	𠁲
okujfgfg	𠁳
okvsycyc	𠁴
okvsuuba	𠁵
okvsbiwf	𠁶
okdmdmdm	𠁼
okvevedm	𠁾
okklhgdm	𠁿
okpperuu	𠂁
okdmklcc	𠂂
okpphguu	𠂌
okppppve	𠂍
okppvepp	𠂎
okndhgve	𠂏
oknddmdm	𠂐
okppjqdm	𠂑
okppvepp	𠂔
okiheedm	𠂘
okpperpp	𠂙
okppuuuu	𠂜
okppbaqn	𠂞
okppbaui	𠂟
okppqmve	𠂠
okppxtve	𠂣
okppklcc	𠂥
okppuiuu	𠂦
okppersi	𠂧
okiadmdm	𠂭
okppccer	𠂯
okihhgjb	𠂰
okxsycuu	𠂳
okfgklqm	𠂴
okppuuuu	𠂵
okwuhgpp	𠂶
okycbagj	𠂷
okpptucc	𠂸
okrfcscs	𠂹
okqmklyi	𠂻
okklppkl	𠂼
okppcsuu	𠂿
okrfcsve	𠃀
okpptmyi	𠃁
okhzeefu	𠃃
okqmbdbd	𠃇
okdrccwu	𠃈
okvevepp	𠃓
okhgirve	𠃞
okxtdmdm	𠃠
okyijlve	𠃡
okklppuu	𠃢
okxtuuer	𠃤
okvecckl	𠃨
okhgufve	𠃫
okjiklkl	𠃬
okvxkzve	𠃭
okverfys	𠃰
okvxguve	𠃹
okcieryi	𠃻
okxbnmve	𠃼
okklveyc	𠃾
okvxuzve	𠃿
okvxhove	𠄂
okiaveqi	𠄃
okuvqnqi	𠄄
okjquijb	𠄆
oklbyiyi	𠄈
okuiqnqi	𠄊
okgsqnqi	𠄋
okveveuu	𠄑
okppveuu	𠄓
oksiveuu	𠄔
oklnlnln	𠄕
okkltuln	𠄗
okhgklxt	𠄙
okbmqndk	𠄚
okyuppjb	𠄛
okyufuho	𠄝
okhgiahg	𠄡
okhgsihg	𠄢
okhgwdhg	𠄨
okgsppuu	𠄫
okhgvzhg	𠄭
okhgychg	𠄮
okerklho	𠄰
okeruuif	𠄱
okhgrihg	𠄵
okkzklhg	𠄷
oklnkzhg	𠄸
okhgwfhg	𠄹
okwfuuhg	𠅁
okwfvepp	𠅂
okwfdcbu	𠅄
okwfverf	𠅆
okwfklqm	𠅉
okwfvshg	𠅊
okwfkzda	𠅌
okwfkzpp	𠅏
okwfdcda	𠅑
okwfklrf	𠅓
okjnuuna	𠅕
okwflvui	𠅖
okwfbcdk	𠅘
okwfbcrs	𠅙
okwfxsuu	𠅛
okwfkzzi	𠅝
okwfirji	𠅞
okwfnmji	𠅟
okwflvuu	𠅠
okwfkzui	𠅡
okwfbcto	𠅢
okwfkzda	𠅧
okwfxmwf	𠅨
okwfriwj	𠅩
okwfjiwh	𠅪
okwfycji	𠅫
okwfxmpu	𠅬
okwfkzji	𠅭
okwfuibi	𠅰
okwfjqda	𠅲
okwfxytu	𠅴
okwfdkwj	𠅶
okwflvui	𠅷
okwfkzlc	𠅸
oktkhgyc	𠅹
okwfklmu	𠅺
okwhjijk	𠅽
oklqdcdm	𠅾
okwfkzmu	𠅿
okwfkzui	𠆀
okmugxgx	𠆁
okwfkzge	𠆂
okjkbcxs	𠆃
oklqmwba	𠆄
okwfbcmu	𠆅
okwflvgj	𠆆
okwfyanv	𠆈
okwfsiui	𠆉
okwfkzya	𠆊
okwfyahe	𠆋
okwfkzbd	𠆌
okwfytvf	𠆍
okwfwwyz	𠆎
okwfkzge	𠆏
okwfmuho	𠆐
okwfjxba	𠆑
okwfkzyb	𠆒
okwfuihe	𠆖
okwfyahe	𠆗
okwfbcyi	𠆘
okwfmusi	𠆚
okwfridj	𠆛
okwfyaqi	𠆜
okwfriwu	𠆝
okwfycui	𠆟
okwftsho	𠆠
okwftsho	𠆡
okrfhgve	𠆦
okrfuubi	𠆪
okrferve	𠆭
okrfhgli	𠆮
okrfjiuu	𠆰
okrfdmui	𠆱
okrfycuu	𠆺
okrfwfln	𠆼
okrfkldm	𠇂
okrfhgkl	𠇅
okrfhgjb	𠇆
okrferdm	𠇇
okrfuujq	𠇉
okrfruru	𠇒
okrfppyc	𠇓
okrferkz	𠇙
okrfvejb	𠇛
okrfsiye	𠇜
okrfkzer	𠇝
okrfvidm	𠇞
okrfvexn	𠇡
okrfhgia	𠇢
okrfuuwf	𠇥
okrfrfgj	𠇨
okrfrfuu	𠇪
okrfrfuu	𠇫
okhgxkrf	𠇬
okrfhgvs	𠇭
okrfdaji	𠇳
okrfxnji	𠇵
okrflqhg	𠇸
okrfvegs	𠇹
okrfmuhg	𠇾
okrfveff	𠈀
okrfhzbi	𠈁
okrfsimu	𠈃
okrfbkhg	𠈇
okrfkzir	𠈉
okrfihba	𠈊
okrfwfnv	𠈍
okrfuhxn	𠈒
okrfhgkl	𠈓
okrfuhqm	𠈔
okrfrfkl	𠈕
okrfbafu	𠈖
okrfgeer	𠈙
okrfytdc	𠈛
okrfbahu	𠈝
okrfjijb	𠈡
okrfhgwj	𠈢
okrfxnnv	𠈤
okrfklkl	𠈥
okrfujwf	𠈦
okrfklyz	𠈧
okrfvahg	𠈨
okrfhzjb	𠈩
okrfwftu	𠈬
okrfgjyz	𠈯
okrfuikz	𠈲
okrftmui	𠈷
okrfuvwf	𠈹
okrfbitu	𠈺
okrfrfkz	𠈻
okrfqmyz	𠈼
okdcjirf	𠈽
okrfccgj	𠈾
okrfaoyz	𠈿
okrfvetm	𠉀
okklrfqq	𠉁
okrfbadc	𠉅
okrfhokz	𠉇
okrfdayt	𠉈
okrfuimu	𠉊
okrfdcuv	𠉎
okrfqmqm	𠉓
okrfgjui	𠉔
okrfhgyz	𠉕
okrfkzwu	𠉖
okrfjibi	𠉘
okrfercc	𠉙
okrfbauj	𠉚
okrfuzve	𠉝
okrfkluv	𠉢
okrfytve	𠉥
okrfhgrf	𠉦
okrfqurf	𠉨
okrfwfmu	𠉪
okrfkzih	𠉬
okcscsrf	𠉭
okrfvxrf	𠉰
okrffzdc	𠉳
okrftmcc	𠉶
okrfglpi	𠉷
okrfwfyt	𠉸
okrfyzer	𠉺
okrflcho	𠉻
okrfytir	𠉽
okrfccjb	𠉾
okrfujwf	𠊂
okrfccjb	𠊃
okrfwfho	𠊅
okrfrfxi	𠊆
okrfxicc	𠊇
okrfbdbi	𠊊
okrfqmdm	𠊋
okrfbahg	𠊍
okrfihgv	𠊎
okrfxmdc	𠊏
okrfbcfz	𠊐
okrfdmfz	𠊑
okrfglwf	𠊒
okrffhfh	𠊓
okrfxtmp	𠊕
okrfxidc	𠊖
okrfklyz	𠊗
okrfnvui	𠊜
okrfkzdm	𠊟
okrfxtnv	𠊢
okrfiziz	𠊣
okrfhurf	𠊤
okrfuvuv	𠊥
okrfirvi	𠊦
okrfgsba	𠊨
okrfzima	𠊩
okrfxyzi	𠊫
okrfmcwf	𠊮
okrfxtyz	𠊯
okrfdcui	𠊱
okrfbkpu	𠊳
okrfglni	𠊴
okrfujdo	𠊵
okrfjrnv	𠊶
okrfxtho	𠊸
okrfmuwf	𠊹
okrfliuv	𠊺
okrfvxmu	𠊻
okrfxicc	𠊼
okrfmbri	𠊽
okrfvxcc	𠋁
okrfmmdm	𠋂
okrfyuve	𠋃
okrfmier	𠋇
okrfwuda	𠋋
okrfriwf	𠋍
okrfppqn	𠋐
okrfmukz	𠋑
okrfkzqn	𠋒
okrfxnkl	𠋓
okrfgsmu	𠋕
okrfgsyc	𠋗
okrfdayt	𠋚
okrfpuyt	𠋛
okrfxnkz	𠋜
okrfisye	𠋞
okrfzdyz	𠋢
okrflikz	𠋣
okrfkzwu	𠋨
okrfwfwf	𠋩
okrfbcif	𠋪
okrfmuqr	𠋬
okrflqkz	𠋭
okrfzdnw	𠋮
okrfiige	𠋰
okrfdgui	𠋳
okrfgsmu	𠋸
okrfxyxi	𠋹
okrftmwf	𠋻
okrfklwu	𠋼
okrfdatk	𠋽
okrfwhba	𠋾
okrfqitu	𠋿
okrfvxba	𠌀
okrfyzwj	𠌁
okrfuiyc	𠌂
okrfccdo	𠌅
okrfcscc	𠌈
okrftufu	𠌉
okrfxtxi	𠌌
okrfjrwf	𠌍
okrfmiho	𠌎
okrfxkir	𠌏
okrfxiwu	𠌐
okrfkzbc	𠌑
okrfiswf	𠌒
okrfbdee	𠌔
okjpjpjp	𠌕
okrfgsmu	𠌖
okrfyibw	𠌗
okrfuuge	𠌙
okrfrfdj	𠌚
okrfklzi	𠌛
okrfkzyj	𠌜
okrfjiwf	𠌝
okrfppyz	𠌞
okrfbdpi	𠌟
okrfvxvi	𠌠
okrfbcjy	𠌣
okrfkdxb	𠌤
okrfbkji	𠌩
okrfuumu	𠌪
okrfdavv	𠌱
okrfjxrz	𠌳
okrfcskv	𠌶
okrfuigj	𠌸
okrfviuc	𠌹
okrfgege	𠌺
okrfhoxy	𠌻
okrffufh	𠌽
okrfccwo	𠌾
okrfgljp	𠌿
okrfuvds	𠍀
okrfvxdd	𠍂
okrfvehg	𠍄
okrfddmu	𠍇
okrfdcer	𠍈
okrfdmis	𠍋
okrfbcxb	𠍌
okrfxisi	𠍍
okrfhgbw	𠍎
okrfccxi	𠍑
okrfccir	𠍔
okrfcsuu	𠍘
okrfwhdd	𠍙
okrfbdkl	𠍚
okrfbdnv	𠍛
okrfuutu	𠍝
okrfpusi	𠍞
okrfyiyz	𠍡
okrfmcli	𠍢
okrfccbo	𠍤
okrfqrtu	𠍧
okrfhgjp	𠍩
okrfuiho	𠍪
okrfxiqm	𠍫
okrfvijx	𠍬
okrfppzo	𠍮
okrfzusi	𠍰
okgsrfge	𠍳
okrftmxb	𠍴
okrfhgho	𠍶
okrfxtrf	𠍸
okrfsirf	𠍺
okrfgskz	𠍻
okrfklyj	𠍾
okrfddmu	𠎀
okrfhgyz	𠎂
okrfcsuu	𠎃
okrffgda	𠎇
okrfyuho	𠎌
okrfwfnq	𠎕
okrfximi	𠎖
okrfwfyz	𠎗
okrfkzsi	𠎘
okrfvucc	𠎚
okrfycwu	𠎛
okuuhglk	𠎜
okrffuxb	𠎝
okrfklye	𠎡
okrffaxb	𠎢
okrfxiuj	𠎣
okrfkzcc	𠎤
okrfcsri	𠎥
okrfgexb	𠎰
okrfjixb	𠎱
okrfccri	𠎲
okrfwwbu	𠎴
okrfliui	𠎵
okwwigrf	𠎶
okrfycjq	𠎷
okrfnqwf	𠎹
okrfykxy	𠎽
okrfbcsi	𠎾
okrfhgtu	𠏂
okrfyctm	𠏇
okrfccfz	𠏈
okrfhgba	𠏊
okrfyhjm	𠏌
okrfzovi	𠏍
okhekznm	𠏎
okjbhgrf	𠏏
okrfdjwu	𠏑
okrfccwf	𠏒
okrfgepi	𠏔
okrfdagc	𠏖
okrfdajs	𠏗
okrfkjyj	𠏘
okrfglfh	𠏛
okrfyhyj	𠏜
okrffumu	𠏝
okrfgsge	𠏞
okrfwfhe	𠏟
okrfyuer	𠏣
okrfjlbw	𠏤
okrfdzda	𠏥
okrfwutk	𠏦
okrfxtxb	𠏨
okrfyjqm	𠏩
okrfdgjq	𠏪
okrfifmb	𠏫
okxbyzqn	𠏬
okrfglho	𠏰
okrfuibw	𠏱
okrfuipi	𠏴
okhehuhu	𠏸
okrfxigo	𠏹
okrfjbho	𠏽
okrfyugf	𠏾
okrfsiqm	𠐀
okrfjbkz	𠐂
okrfwfxb	𠐃
okrfiryz	𠐄
okrferyi	𠐅
okrfpncy	𠐆
okrfzifh	𠐈
okrfytvf	𠐋
okrfsing	𠐌
okrfbcdg	𠐏
okrfuizz	𠐑
okrfyjbi	𠐚
okrfsiyr	𠐛
okrfwfyj	𠐜
okrfxiyr	𠐢
okrfyigv	𠐤
okrflixb	𠐥
okrfyisi	𠐦
okrfpbyj	𠐨
okrfmfjq	𠐩
okrfccer	𠐪
okrfvucy	𠐫
okrfxqye	𠐬
okrfuiug	𠐭
okrfzzxy	𠐯
okqiqiqi	𠐰
okuizcrf	𠐱
okrfhoho	𠐲
okrfxmxi	𠐴
okrfdccy	𠐵
okrfxmxb	𠐷
okrfmimb	𠐹
okrfqiye	𠐾
okrfjinn	𠑃
okrfyjyz	𠑄
okrfxtdg	𠑅
okrfmfjq	𠑆
okrfytbw	𠑇
okrfxkgj	𠑊
okrfhgwf	𠑍
okrfxbho	𠑎
okrfccyj	𠑏
okrfmfyc	𠑑
okrferxb	𠑓
okrfrimi	𠑔
okrfxbsi	𠑗
okrfyeyi	𠑚
okrfgzwf	𠑛
okchmimb	𠑜
okrfyuvi	𠑞
okrfwfjq	𠑠
okrfmfui	𠑡
okrfxksi	𠑣
okrfdsri	𠑤
okrfccgj	𠑫
okrfuiyc	𠑬
okrflvui	𠑮
okrfjqye	𠑯
okueueue	𠑰
okrfvgui	𠑳
okheisqk	𠑴
okrfxive	𠑵
okhgveer	𠑶
okerklkl	𠑹
okhgbcer	𠑺
okklwfer	𠑻
okklkler	𠑼
okdcuier	𠑾
okppsjer	𠑿
okuiqmer	𠒀
okbauier	𠒁
okklkler	𠒂
okcsuuwu	𠒃
okklkler	𠒅
okppbaer	𠒇
okuibcyr	𠒈
okuusiwu	𠒊
okwfxser	𠒋
okcctuer	𠒌
okjqppyi	𠒍
okhgccve	𠒔
okkedcdm	𠒘
okyrbder	𠒜
okyrjqve	𠒞
okjutuer	𠒟
okglrfdz	𠒡
okkejm	𠒲
okbdycyr	𠒴
oktutuer	𠒶
okuuuuer	𠒹
okglbcds	𠒽
okxmtmge	𠓀
okglyuvf	𠓂
okglccss	𠓅
okfgxsxs	𠓆
okglglgl	𠓉
okglsixk	𠓋
okmmqudz	𠓍
okglfubw	𠓒
okgljbmk	𠓓
oktututu	𠓗
okxmxmxm	𠓙
okglcclj	𠓚
okruhgri	𠓤
okruhgpu	𠓥
okruuuuu	𠓪
okruwhul	𠓰
okruycda	𠓱
okqrqikl	𠓴
okrudacs	𠓵
okrujimu	𠓸
okrumusy	𠓼
okqrqrqr	𠓾
okrufwfw	𠓿
okuuuuba	𠔂
okbaveih	𠔆
okbappna	𠔇
okbaklia	𠔋
okbabakz	𠔌
okbarfuu	𠔎
oknmhgba	𠔏
okhghgba	𠔐
okklhgba	𠔓
okffklcc	𠔕
okcchgba	𠔖
okpphgba	𠔙
okwfsigs	𠔚
okkzklba	𠔛
okjqhgba	𠔜
oknmhgba	𠔝
okujhgba	𠔞
okqmxtho	𠔥
oktujqba	𠔧
okverfjm	𠔨
oksidmhg	𠔩
okbamitm	𠔪
okbayefu	𠔯
oksisidm	𠔰
okjxhgba	𠔱
okbagsfu	𠔲
okbcfuqi	𠔸
okycbcgs	𠔹
okxkxkxk	𠔻
okppklhg	𠔾
okhgkler	𠕂
okkluuve	𠕄
okhgkler	𠕅
okklrfve	𠕈
okdmklba	𠕉
okklhgdk	𠕊
okppkler	𠕍
okklrfrf	𠕎
okklqmve	𠕏
okklwfkz	𠕑
okccklhg	𠕓
okklhgyt	𠕔
okklkzdc	𠕕
okdcklkl	𠕗
okkldmxn	𠕘
okklerri	𠕙
okklqmxn	𠕚
okklfgkz	𠕛
okdmkllq	𠕜
okcsklkl	𠕞
okklxnkl	𠕢
okkldcjq	𠕣
okklklbw	𠕩
okppklrv	𠕫
okklqmjs	𠕬
okrimuvo	𠕭
okklrfyu	𠕮
oknmjbba	𠕯
okklhguu	𠕲
okbccyvi	𠖁
okbcjqyc	𠖂
okbcribi	𠖆
okbcrida	𠖇
okbcyrxx	𠖈
okbcnmda	𠖉
okbcbatm	𠖋
okbchgrs	𠖍
okbckztm	𠖐
okbchgsv	𠖔
okbcvzyz	𠖗
okdkeryb	𠖙
okbcjqgf	𠖚
okbcgstu	𠖜
okbcujlk	𠖝
okbcyryi	𠖞
okbcirgu	𠖠
okbdergr	𠖡
okbctuho	𠖣
okbcyrbw	𠖤
okbcgsui	𠖦
okbchgis	𠖧
okbcyrmg	𠖨
okbcmmis	𠖪
okbcvhgs	𠖫
okbkklna	𠖱
okbkjier	𠖵
okbkrfbi	𠖸
okyhdmdm	𠖼
okklrfdm	𠗀
okxtrfdm	𠗁
okrfuuds	𠗆
okbkhgzi	𠗍
okbkppqr	𠗎
okbkfuxn	𠗑
okbkdddc	𠗗
okbkwfmu	𠗛
okbkerdc	𠗜
okbkvxrf	𠗝
okbkhgdc	𠗢
okbkmacc	𠗦
okbkufdm	𠗩
okbkhuys	𠗬
okbkrfsi	𠗭
okbkwukz	𠗱
okytjrdm	𠗲
okbksikl	𠗴
okbkyuvf	𠗽
okrikzdm	𠘀
okbkuuqm	𠘂
okbkrfwf	𠘄
okbkufvz	𠘇
okbkuumu	𠘍
okbksilb	𠘏
okbkifho	𠘑
okbkqkvz	𠘒
okuvmauc	𠘔
okbkwfda	𠘘
okbknnwf	𠘜
okbkuili	𠘞
okbkyisi	𠘠
okbkwfhe	𠘡
okbkluvz	𠘢
oknkbk	𠘤
okbkismb	𠘦
okhgjiji	𠘲
okjibaqn	𠘵
okucjiyi	𠘷
okuujisj	𠘹
okwfsiji	𠘺
okxnklji	𠘽
okliccji	𠘿
oksihgji	𠙃
okjiqmkl	𠙄
okiagsji	𠙆
okjihgpp	𠙊
okiayzji	𠙏
okxtuurs	𠙐
okvixiji	𠙑
okjihgbw	𠙒
oktubdji	𠙓
okjibdgs	𠙔
okjiiukz	𠙕
okjitmir	𠙗
okjijbcc	𠙘
okgxnwji	𠙙
okhgwfji	𠙚
okxtgsji	𠙛
okjqcyji	𠙝
okrfcsji	𠙠
okbdycji	𠙡
okccyzji	𠙢
okbkhgji	𠙥
okbdklji	𠙧
oknmxiji	𠙨
okbdbwfj	𠙩
okqudzji	𠙫
okjiycis	𠙬
okirxsrs	𠙭
oknmbdji	𠙯
okpippfj	𠙱
okjilwtd	𠙲
okyjsiji	𠙳
okhguukl	𠙹
okvehgkl	𠙿
okhgkzkl	𠚃
okrfrfkl	𠚄
okirerkl	𠚋
okiadmkl	𠚍
okkzjkkl	𠚎
okqmcskl	𠚏
okhgzikl	𠚑
okklerer	𠚒
okjiyzkl	𠚓
oksihekl	𠚔
okcscskl	𠚕
okrflnkl	𠚗
okkzkljb	𠚙
oklnigkl	𠚚
oktutukl	𠚛
okvjbikl	𠚝
okklvxbw	𠚞
okqmbckl	𠚟
okrivikl	𠚠
okuuyidc	𠚱
okrfdndc	𠚻
okyzyzdc	𠚿
okdcbadc	𠛂
oksiirdc	𠛏
okujdcdc	𠛕
okdasidc	𠛗
okdanddc	𠛘
okyzjbdc	𠛚
okrfbidc	𠛛
okdabadc	𠛞
okppyzdc	𠛦
okklrfdc	𠛧
okgjgjdc	𠛬
okuhjbdc	𠛯
okklkldc	𠛰
okirxidc	𠛱
okrfhgdc	𠛲
okwfxndc	𠛴
okbawfdc	𠛶
okrfbkdc	𠛷
okcehgdc	𠛹
okppbudc	𠛻
okhggudc	𠛽
okqimudc	𠜀
okwfrfdc	𠜇
okirhgdc	𠜊
okrfizdc	𠜋
okdcklkl	𠜌
okbcyrdc	𠜍
okuucedc	𠜐
okuhjbdc	𠜔
okqmridc	𠜕
okvxcydc	𠜖
okjbdc	𠜘
okjktudc	𠜚
okuikzdc	𠜜
okgsjbdc	𠜝
okerdcqp	𠜞
okkluvdc	𠜟
okwhvedc	𠜡
okglqrdc	𠜢
okdcklgu	𠜦
okdcerdc	𠜧
oktutudc	𠜩
okdctmdc	𠜪
okqmbadc	𠜫
okdcuzyb	𠜭
okdcuudc	𠜰
okfgdcgk	𠜵
okvividc	𠜶
okvjbidc	𠜷
oklwerdc	𠜸
okmudadc	𠜹
okdcjqdc	𠜼
okiauadc	𠜽
okujvadc	𠜿
okujbidc	𠝀
okwwujdc	𠝁
okuvuvdc	𠝃
okvxwudc	𠝄
okvjhgdc	𠝅
okjkwhdc	𠝆
okujujdc	𠝉
okuiuidc	𠝋
oksiuvdc	𠝌
okrfrfdc	𠝏
okuiuidc	𠝑
okdmfzdc	𠝒
okdcxbdj	𠝗
okvgjqdc	𠝙
okgsmudc	𠝚
okqukzdc	𠝛
okqmjqdc	𠝞
okxtyzdc	𠝠
okglvcdc	𠝡
okheccdc	𠝢
okvivzdc	𠝣
okujrfdc	𠝦
okxthgdc	𠝧
okwfkzdc	𠝪
okzdyzdc	𠝬
okdamudc	𠝱
okklujdc	𠝴
okmcwfdc	𠝸
okdcwjri	𠝽
okwhujdc	𠝾
okxnbwdc	𠝿
okxtiudc	𠞀
okcccidc	𠞁
okuixbdc	𠞂
oktmwfdc	𠞅
okxbbidc	𠞇
okriyudc	𠞈
okmuccdc	𠞋
oklqkzdc	𠞌
okkzwudc	𠞍
okdohodc	𠞎
okugugdc	𠞏
okqitudc	𠞐
okwfqmdc	𠞑
okdadmdc	𠞒
okppugdc	𠞔
okququdc	𠞗
okmuuvdc	𠞘
okhexndc	𠞙
okirhedc	𠞜
okccxidc	𠞝
okiruvdc	𠞤
okyuxndc	𠞨
okkzccdc	𠞫
oklqyidc	𠞬
okwwpudc	𠞲
okqmpgdc	𠞳
oksifadc	𠞵
okyutmdc	𠞷
okrfvzdc	𠞼
okqmdcdc	𠞽
okrfjbdc	𠞾
oksibwdc	𠞿
okujjbdc	𠟁
okihhedc	𠟄
okvuvidc	𠟅
okwfjpdc	𠟇
okheyudc	𠟊
okkznidc	𠟎
okcsridc	𠟏
okchdcba	𠟐
okklyjdc	𠟑
okcibwdc	𠟓
okbwccdc	𠟔
okqumudc	𠟕
okheytdc	𠟖
okcckzdc	𠟗
okrimudc	𠟘
okjbhodc	𠟛
oktujqdc	𠟜
okccvodc	𠟝
okvividc	𠟞
oksiyjdc	𠟟
okvjmudc	𠟫
okvubwdc	𠟬
okdchodc	𠟮
okdamudc	𠟰
okyuhgdc	𠟱
okppkvdc	𠟲
okyzdcgj	𠟳
okuiuvdc	𠟴
okhguidc	𠟵
oklitmdc	𠟷
okyjjidc	𠟸
okbwbwdc	𠟻
okyisidc	𠟼
okcchddc	𠟽
okrihodc	𠠁
oktrmbdc	𠠂
okcsjqdc	𠠃
okuuuudc	𠠅
okrfhodc	𠠆
okmcyadc	𠠇
okpiyedc	𠠉
okddyzze	𠠋
okiruvdc	𠠌
okhouvdc	𠠓
okccpndc	𠠕
okksbwdc	𠠖
okirvedc	𠠗
okdabddc	𠠘
okykfzdc	𠠜
oktrisdc	𠠞
okriuudc	𠠡
okyukzdc	𠠢
okdcmmdc	𠠤
okdctudc	𠠥
okxbhodc	𠠧
oktmgeqm	𠠩
okyjsidc	𠠪
okvuqmdc	𠠬
okiurfri	𠠭
oktmqpdc	𠠯
okyuvvdc	𠠰
okveerli	𠠷
okhgwfli	𠡀
okyahgli	𠡅
okdabali	𠡊
okwferli	𠡌
okuvucli	𠡑
okirwjli	𠡔
okhgtuli	𠡕
okirxili	𠡝
okbderli	𠡞
okddyzli	𠡡
okirddli	𠡢
okqmlili	𠡦
okxndjli	𠡱
okihvcli	𠡲
okhebcli	𠡴
oklilimu	𠡷
okuhyzli	𠡹
okquerli	𠡺
okcsxbli	𠡻
okwfxnli	𠡽
okfguvli	𠡾
okuigsli	𠡿
oknmhgli	𠢀
okjrsili	𠢁
oktulili	𠢂
okbaerli	𠢄
okhuwfli	𠢅
okvorfli	𠢇
okhgbali	𠢊
okyawfli	𠢐
okdcbili	𠢒
oklqmmli	𠢖
okhgdali	𠢘
okgsuzli	𠢛
okyuxnli	𠢜
okuulivg	𠢦
okhgrfli	𠢨
okldlivg	𠢫
okyzbcnj	𠢮
okyuxnli	𠢯
okdcyuli	𠢰
okdcholi	𠢴
okldliky	𠢷
okyjbcli	𠢸
oktdmuqr	𠢺
okwfdjli	𠢻
oksidkli	𠢼
okhgjqli	𠢾
oklwli	𠢿
okgsjlli	𠣀
okykmili	𠣁
okgsjlli	𠣃
okdctuli	𠣄
okxbholi	𠣆
oklpfuie	𠣇
okyjjili	𠣈
okfwlvli	𠣊
okfwlkli	𠣋
okbcwfpp	𠣐
okbcerri	𠣚
okbcuucc	𠣠
okbcbadj	𠣡
okyybcuj	𠣢
okgdbcve	𠣣
okbcrixi	𠣤
okbcuidm	𠣥
okbcnmho	𠣦
okbcbcxn	𠣧
okbcbcxi	𠣨
okbcdayh	𠣮
okbcuuhv	𠣱
okbccckl	𠣲
okbcwfwf	𠣸
okbkmubc	𠣺
okdakvbc	𠣻
okbcvjuu	𠣿
okdcwfwu	𠤀
okkzkvbc	𠤁
okbcufgs	𠤂
okdauibc	𠤃
okbcvuxk	𠤄
okbccche	𠤅
okbcrfwf	𠤇
okbcgege	𠤈
okycveuc	𠤉
okbcccvv	𠤍
okrfuhbi	𠤒
okbweruu	𠤖
okbiuibi	𠤗
okjqbdbi	𠤙
okbiuuhg	𠤛
okeruibi	𠤜
oktherbi	𠤝
okbiriuu	𠤞
okvibcdk	𠤟
okbimukd	𠤡
okppbcbw	𠤣
okbwbcyy	𠤥
okbwxtyy	𠤦
okbitmgj	𠤨
oksingbi	𠤩
okbiugkl	𠤪
oktsbcbw	𠤫
okkldmve	𠤶
okklrfye	𠤷
okklppyi	𠤺
okklklrf	𠤽
okklbdba	𠥁
okklmujq	𠥂
okklhzjb	𠥃
okklkzvs	𠥅
okklujwh	𠥆
okklrfvv	𠥔
okkluirf	𠥗
okklsibw	𠥘
okkluiuu	𠥚
okklbarf	𠥛
okklpbuu	𠥝
okklmuqr	𠥞
okklgujb	𠥟
okkllvlv	𠥡
okklzifh	𠥣
okklroyz	𠥤
okklvvvv	𠥥
okklfz	𠥧
okklqi	𠥩
okklyc	𠥪
okklzifh	𠥫
okkljq	𠥬
okklkzuu	𠥲
okkluvjb	𠥴
okwoklsi	𠥸
okkluuui	𠦁
okbkbkui	𠦂
okuiuiui	𠦃
okuiuiui	𠦄
okhgppui	𠦇
okrfrfui	𠦍
okbabaui	𠦎
okuijiji	𠦐
okccdmdm	𠦑
okuiuiui	𠦔
okgsjiui	𠦕
okxkihui	𠦖
okuixtxn	𠦙
okqmlihg	𠦚
okjbuiui	𠦛
okhgufkl	𠦟
okuibdhg	𠦠
okhvhgui	𠦡
okuidcdc	𠦢
okkzytui	𠦣
okkljxhg	𠦤
okbkdvui	𠦥
okdcbcui	𠦨
okkzerui	𠦫
okqmcscs	𠦬
okuvdvui	𠦭
okuierqm	𠦰
okhgufli	𠦱
okeruiui	𠦴
okdarfui	𠦵
oknmjqui	𠦶
okyjbkui	𠦸
okuubabj	𠦺
okycvvui	𠦼
okuivivi	𠦾
okqrmaui	𠧀
okqmgszu	𠧆
okvojqcc	𠧇
okppuiyh	𠧊
okuijixy	𠧋
okvxlvui	𠧎
okvxycui	𠧏
okvvuwui	𠧐
okgubasy	𠧑
okuuhgyi	𠧒
okuuklrf	𠧖
okuuveyz	𠧘
okuuklnv	𠧜
okuuvelq	𠧝
okvjklve	𠧠
okvjerve	𠧡
okvjhgbi	𠧢
okuuihjb	𠧣
okhgxxxx	𠧥
okqmycbu	𠧦
okvjrfrf	𠧪
okvjhgwf	𠧫
okuurfba	𠧯
okuuklkz	𠧰
okvjiave	𠧱
okuuklgj	𠧲
okvjuupp	𠧳
okvjrfve	𠧴
okvjrfda	𠧵
okuubauv	𠧶
okvjrfve	𠧷
okvjuuna	𠧹
okvjerwf	𠧺
okvjriuu	𠧻
okuuyzgx	𠧼
okuuxiho	𠧽
okvjiawf	𠧾
okuuklui	𠧿
okvjerir	𠨀
okuurfyi	𠨁
okuuwuwu	𠨂
okvjiave	𠨅
okuugsbk	𠨆
okuuromu	𠨇
okuuribk	𠨈
okrfwfbu	𠨉
okvjvjvj	𠨋
okuupnpn	𠨌
okgsgsuu	𠨓
okhgjqxt	𠨔
okeeeeee	𠨕
okhzeedm	𠨗
okdmveqt	𠨙
okxtxber	𠨝
okbmdaee	𠨟
okujujch	𠨤
okklppln	𠨥
okhgrsqt	𠨦
okxbdaee	𠨧
okjqbafj	𠨨
oktsdaee	𠨩
okyjsilr	𠨫
okiheruu	𠨭
okihveda	𠨮
okihklve	𠨰
okihhgve	𠨷
okihcckl	𠩀
okihdcge	𠩄
okihjquj	𠩇
okihklia	𠩌
okihuuyz	𠩍
okihvahg	𠩎
okihuhxn	𠩏
okihybbi	𠩑
okihriyz	𠩒
okihhobi	𠩔
okbaihyu	𠩖
okihuvqm	𠩗
okihklrf	𠩛
okihhuzi	𠩞
okihtucs	𠩟
okihrixn	𠩤
okihxbqm	𠩦
okihjbvi	𠩧
okihrida	𠩩
okihuizi	𠩮
okihsijx	𠩯
okihlvui	𠩰
okihmuqm	𠩱
okihuusi	𠩳
okihbdwf	𠩴
okihtmui	𠩶
okihzdyz	𠩹
okwwwfih	𠩺
okihwwqm	𠩼
okihbihg	𠩽
okihjxgs	𠩿
okihriui	𠪀
okihheqm	𠪁
okihhevi	𠪈
okihriuu	𠪋
okihyiho	𠪌
okihbiee	𠪍
okihyjba	𠪎
okihfggf	𠪏
okihluwj	𠪑
okihkzjb	𠪒
okihnusi	𠪓
okihguyz	𠪔
okyjklba	𠪕
okihlbtu	𠪖
okihyjqm	𠪗
okihytuu	𠪘
okihtmgs	𠪙
okihnmyj	𠪛
okihccjb	𠪜
okihcsri	𠪞
okihgffz	𠪟
okihlbyt	𠪠
okihgsgv	𠪤
okihhefz	𠪦
okihbago	𠪧
oklibatu	𠪨
okihppzo	𠪪
okihviwf	𠪫
okiherpu	𠪬
okihfhwf	𠪭
okihsixk	𠪯
okihqrxb	𠪰
okihhedm	𠪱
okihklyz	𠪳
okihgsvs	𠪵
okihsidz	𠪶
okihccwa	𠪹
okihheff	𠪺
okihbavr	𠪻
okihxkgf	𠪼
okihkzyz	𠪽
okihhexb	𠪾
okihmnis	𠪿
okihwhyc	𠫁
okihxkmu	𠫃
okihkzlk	𠫄
okiherxb	𠫇
okihyjmc	𠫈
okliccuu	𠫌
okihbwbw	𠫍
okihmujb	𠫎
okyrqrqr	𠫐
okihmama	𠫑
okihihqr	𠫒
oksirfve	𠫙
oksieruu	𠫚
oksihgsi	𠫛
oksiveli	𠫜
oksisiji	𠫞
okppgssi	𠫟
oksijiji	𠫠
okbarfsi	𠫥
oksibcjb	𠫦
oksisifj	𠫨
oksivsrf	𠫩
oksikzda	𠫪
oksisisi	𠫬
oksidaxn	𠫭
oksiriji	𠫮
okiagsxy	𠫲
oksidaxn	𠫵
okiagswj	𠫷
oklwuuuu	𠫸
oksijxhg	𠫹
oksiirhg	𠫺
oksidakl	𠫻
oklweruu	𠫼
oksidagg	𠫿
oksitmsi	𠬀
oklwdatu	𠬁
oksibcir	𠬂
oklwwfsj	𠬄
oklwdasj	𠬅
oksixnsi	𠬆
oksixncj	𠬊
oksisixk	𠬋
oklweryt	𠬐
okquququ	𠬑
oklwxnxs	𠬓
okquyifu	𠬕
okquyifu	𠬖
oklwerjq	𠬘
okyzveve	𠬜
okveuuyz	𠬝
okihhgyz	𠬡
okhgveyz	𠬣
okyzeruu	𠬤
okppklyz	𠬦
okuiuuyz	𠬩
okmpklyz	𠬫
okuiuuyz	𠬮
okyzycuu	𠬯
okdabayz	𠬲
okjqycyz	𠬳
okyzbasj	𠬴
okbappyz	𠬵
okxtbcyz	𠬶
okwuppyz	𠬷
okklsiyz	𠬸
okfgjqyz	𠬻
okerqmyz	𠬼
okyzycyc	𠬾
okqqjqyz	𠬿
okcckzyz	𠭆
oksibcyz	𠭈
okuuysyz	𠭉
okdrxtyz	𠭊
okyzuljk	𠭌
okulkzkz	𠭎
okujhgyz	𠭏
okuiyzvi	𠭐
okviqmyz	𠭓
okgjrfyz	𠭕
okvxguyz	𠭖
okuujkyz	𠭗
okddyzjk	𠭘
okhgxtyz	𠭙
okrokzee	𠭚
okcsjqyz	𠭛
okhgxtyz	𠭜
okpmklfj	𠭝
okxibcyz	𠭟
okdcbayz	𠭠
okpprfyz	𠭡
okbiyzjk	𠭢
okiuuiyz	𠭥
okvxihyz	𠭧
okwfriyz	𠭩
okerytyz	𠭪
okhgjqyz	𠭭
okuhyzjk	𠭮
okhuqpyz	𠭯
okwwwfyz	𠭰
okxituyz	𠭱
okyhrfyz	𠭲
okqmujer	𠭳
okjikltj	𠭵
okbaihyz	𠭶
okvibwyz	𠭸
okvfyzyz	𠭹
okyzyzbi	𠭺
okqmyzyt	𠭻
okbwbcyz	𠭼
okyzuvjb	𠭽
okuldcjb	𠭾
okhgjbyz	𠭿
okulyzge	𠮀
okuaklyz	𠮁
okgsnwyz	𠮂
okhsccyz	𠮅
okulwfjb	𠮇
okdmmuyz	𠮈
okuumuyz	𠮉
okycviqu	𠮋
okvodcjq	𠮌
okujfuyz	𠮍
okgsjqyz	𠮎
okhumuyz	𠮏
okyjsiyz	𠮓
okhgisyz	𠮕
okyjyzve	𠮖
okvxsiyz	𠮗
oksibuyz	𠮘
okkzveve	𠮤
okkzveve	𠮪
okvewfkz	𠮸
okkzuuna	𠮺
okkzhgna	𠮼
okkzdmna	𠯁
okkzkluu	𠯃
okkzkler	𠯍
okkzhgjb	𠯗
okkzxnna	𠯙
okkzhgir	𠯚
okkzhgyc	𠯝
okkzuhyi	𠯡
okkzjqui	𠯥
okkzklhg	𠯧
okkzkluu	𠯮
okkzruru	𠯱
okkzveba	𠯵
okjivekz	𠯶
okkzndsi	𠯷
okbkbikz	𠯺
okkzgsuu	𠰀
okkzxtyi	𠰆
okkzbcve	𠰇
okkzuiyz	𠰎
okkzihgj	𠰑
okkzrfxn	𠰒
okkzccln	𠰖
okkzppxi	𠰗
okkzrfxn	𠰚
okxthgkz	𠰟
okkzbcve	𠰡
okkzfhuu	𠰤
okkzihbi	𠰨
okkzdaba	𠰵
okkzrfye	𠰹
okkzbcji	𠰽
okkzuiji	𠰾
okkzdh	𠱁
okkzer	𠱌
okkzwuhg	𠱎
okkzhger	𠱏
okkzdakz	𠱑
okkzgser	𠱕
okwfkzer	𠱗
okkzuhxn	𠱙
okkzuhxx	𠱚
okkzsiyt	𠱝
okkzbimu	𠱟
okkzkzkz	𠱠
okkzgstu	𠱣
okrfcskz	𠱦
okrfppkz	𠱧
okkzvekl	𠱨
okkzdmpk	𠱪
oklippkl	𠱫
okklfgkz	𠱬
okcccckz	𠱭
okkzsiyt	𠱮
okkzkzgs	𠱯
okjifgkz	𠱰
okkzcshg	𠱱
okkzxtxt	𠱲
okkzgsgs	𠱳
okkldmyh	𠱵
okkzlili	𠱿
oklviadm	𠲁
okkzkzda	𠲂
okkzxier	𠲄
okhehgkz	𠲆
okkzrfbu	𠲇
okkzrfuv	𠲈
okkztuwf	𠲊
okkzihui	𠲐
okbjkzve	𠲑
okrfxnkz	𠲒
okkzliuu	𠲗
okkzuiwj	𠲙
okkzwfcy	𠲝
okkzhuee	𠲪
okkzveiu	𠲫
okkzwfuj	𠲲
okkzve	𠲷
okkzerve	𠲷
okkzbcmu	𠲾
okkzuikz	𠳂
okfggekz	𠳆
okkziayz	𠳈
okkzxyhg	𠳉
okvshgkz	𠳋
okkzerhg	𠳍
okkzuzmc	𠳑
okkztmuh	𠳒
okkzuzji	𠳖
okuvwfkz	𠳛
okkzfgbk	𠳜
okkzwhwu	𠳟
okkzhgwu	𠳠
okkzsiui	𠳣
okkzujts	𠳥
okkzsiyz	𠳦
okkzhgsj	𠳧
okkzrfpi	𠳩
okkzwukz	𠳪
okkzviwf	𠳰
okkzriyu	𠳲
okkzvsnv	𠳴
okkzkzwf	𠳵
okkzrfqu	𠳷
okkzppmu	𠳸
okkzwfxi	𠳻
okkzxtdk	𠳽
okkzgshg	𠴀
okkzsikz	𠴁
okkzdasi	𠴃
okkzsive	𠴄
okeruugu	𠴅
okkzccnv	𠴑
okkzrfbk	𠴠
okkzbder	𠴡
okkzbaju	𠴣
okkzuiyz	𠴪
okkzwfmu	𠴬
okkzqmcs	𠴯
okkzzzjb	𠴴
okkzxser	𠴶
okkziaer	𠴷
okkzxber	𠴺
okkzerye	𠴻
okkzwfdo	𠴽
okkziziz	𠴾
okkzkljk	𠴿
okkzdagj	𠵃
okkzsiyu	𠵄
okkzbdgs	𠵋
okkzklhe	𠵏
okkzuisi	𠵑
okkzyiui	𠵒
okpplvuu	𠵓
okkzjm	𠵖
okkznqmu	𠵟
okkzuikz	𠵠
okkzjkjk	𠵡
okkzgsdm	𠵢
okhgyztd	𠵤
okihgskz	𠵧
okkzgsia	𠵪
okkzkzyt	𠵭
okkznqnq	𠵮
okkzrfgl	𠵰
okhzuiyz	𠵳
okkzxsyz	𠵶
okkzlqyy	𠵷
okkzvxba	𠵺
okkzbcmu	𠶀
okkzuuba	𠶁
okkzycwf	𠶂
okkzzike	𠶄
okkzufvi	𠶆
okkzmikl	𠶑
okkzxbdj	𠶒
okkzccbu	𠶙
okkznvke	𠶚
okkzuicc	𠶡
okkzuiui	𠶩
okkzhudc	𠶪
okkzdaig	𠶫
okkzkzgs	𠶬
okkzklnv	𠶭
okppsivz	𠶰
okkzihfz	𠶲
okhuuukz	𠶳
okkzerui	𠶴
okkzbcba	𠶵
oklivskz	𠶷
okkzsiqi	𠶹
okkzbkpu	𠶺
okkzkzer	𠶻
okkzmuir	𠶼
okkzyccc	𠶽
okkzdayh	𠶿
okkzerda	𠷀
okkzxtyz	𠷃
okkzglfz	𠷄
okkzccva	𠷆
okkzluve	𠷍
okgsgskz	𠷎
okkzdguu	𠷑
okkzvxmu	𠷒
okyzqnvi	𠷓
okdarfve	𠷔
okkzxtfa	𠷖
okkzhohe	𠷘
okkzmuwf	𠷙
okkzhgyz	𠷛
okkzklia	𠷝
okuigekz	𠷠
okkzfziu	𠷢
okkzgemp	𠷧
okkzbckz	𠷪
okuikzyi	𠷫
okkzlnkl	𠷭
okhggjkz	𠷱
okkzxtcy	𠷲
okribukz	𠷳
okkzwfug	𠷶
okycyukz	𠷷
okkzxuxn	𠷼
okkzkzci	𠷽
okkzmupu	𠷾
okkzxijn	𠸀
okkzgsba	𠸃
okkzddyz	𠸅
okkzgsda	𠸇
okkzhgvu	𠸈
okkzujge	𠸉
okkznuuz	𠸎
okkzccui	𠸔
okkzuuzz	𠸝
okkzhovj	𠸞
okkzyikz	𠸠
okkzuvxt	𠸡
okyzqnhc	𠸮
okkzklnv	𠸯
okkzyzqm	𠸰
okkzkzui	𠸱
okhgsijs	𠸲
okkzgeba	𠸴
okkzmuir	𠸵
okkzmdui	𠸼
okkznivi	𠸽
okkzytfj	𠸾
okvjbivc	𠸿
okkzxtgx	𠹁
okkzsigj	𠹄
okkzxbbi	𠹇
okkzkzli	𠹈
okuhveri	𠹉
okkzxqho	𠹎
okkzzowf	𠹐
okkzhufz	𠹓
okkzuuwf	𠹘
oklbjqkz	𠹝
okkzhjcc	𠹞
okbcjkkz	𠹟
okkzjqmu	𠹠
okkzziwh	𠹡
okjiuukz	𠹢
okkzkzgs	𠹣
okkzgvxb	𠹤
okkzriyu	𠹥
okkzbisi	𠹦
okliklkz	𠹧
okdckzva	𠹨
okuihghv	𠹫
okkzbiys	𠹮
okkzcchd	𠹽
okkzhgtu	𠹿
okkzzdkz	𠺀
okkzdayi	𠺂
okkzdadm	𠺄
okjinmkz	𠺇
okkzccnm	𠺈
okkzmfdk	𠺉
okkzihju	𠺍
okkzkzjm	𠺐
okkzvuqr	𠺑
okkzysys	𠺔
okkzmujq	𠺖
oklcwfkz	𠺛
okkzcclc	𠺜
okhgrfkz	𠺞
okkzlidm	𠺠
okkzhdqm	𠺡
okccjbkz	𠺤
okkzyzvi	𠺳
okkzccge	𠺴
okkzerge	𠺵
okkzujyj	𠻂
okkzgsys	𠻋
oklvvelv	𠻌
okkzdcyz	𠻍
okkzwfer	𠻎
okkziige	𠻏
okkzxier	𠻑
okkzihyj	𠻒
okkzhgcs	𠻔
okkzbcqu	𠻕
okkzsihe	𠻙
okkzmuuv	𠻟
oklljbkz	𠻡
okkzxbwf	𠻦
okkzmugc	𠻧
okkzxtvc	𠻩
okkzyjxb	𠻫
okujvsjs	𠻭
okkzvexb	𠻯
okhckzsj	𠻰
okkzcccc	𠻶
okhgccsi	𠻸
okkzuzya	𠻺
okkzccdz	𠻼
okkzdmyi	𠼁
okkzdacs	𠼄
okkzkzyj	𠼅
okbcvokz	𠼆
okkzuiyu	𠼇
okkzuzww	𠼈
okkzifyt	𠼉
okkztmyi	𠼊
okkzwhwf	𠼌
okkzbcwf	𠼍
okkzbdmi	𠼎
okkzgvri	𠼓
okkzwuwu	𠼘
okkzihsj	𠼛
okkzujkl	𠼜
okkzbamm	𠼟
okkzuibw	𠼠
okgsgstj	𠼡
okkzulyz	𠼣
okkzhucs	𠼥
okpbhgkl	𠼧
okkzklkz	𠼨
okkzjbiu	𠼫
okkzfzbf	𠼭
okkziiyz	𠼶
okkzbwjb	𠼹
okkzccfu	𠼼
okkzlbxb	𠼿
okkzuvgs	𠽇
okkzlqyi	𠽓
okkzdikz	𠽜
okkzkzdm	𠽝
okkzdgis	𠽟
okkzuiia	𠽣
okkzxigv	𠽥
okkzuvxm	𠽦
okkzvivi	𠽧
okkzbcyb	𠽨
okkzuvyb	𠽪
okkzmfya	𠽫
okkzujui	𠽭
okkzbcui	𠽰
okkzbcee	𠽱
okkzbmmb	𠽲
okkzldri	𠽳
okkzerer	𠽴
okkzwjdz	𠽵
okkzcibw	𠽷
okkzkzye	𠽸
okkzdgyj	𠽹
okifkztu	𠽺
okkzrfvi	𠽼
okkzbiyc	𠽽
okkzyuwf	𠾀
okkzluji	𠾁
okldhghv	𠾂
okwfklkz	𠾃
okvxvxgu	𠾄
okkzkzpb	𠾅
okkzhenq	𠾆
okkzxipz	𠾈
okgsgscy	𠾉
okkzppzo	𠾊
okkzciuu	𠾋
okkznijq	𠾌
okkzxkfz	𠾑
okkzdakz	𠾖
okkzhjqm	𠾗
okkzxtyj	𠾘
okkzvivi	𠾜
okrikdwf	𠾝
okkzbake	𠾟
okkzviju	𠾠
okkzqmcy	𠾢
okkzkzyu	𠾧
okkzujhe	𠾩
okkzsiui	𠾪
okkzxtuf	𠾮
okkzxtdd	𠾯
okkzbcvi	𠾰
okkekeke	𠾳
okkzuzia	𠾵
okkzccvv	𠿅
okkzsiwf	𠿆
okieuukz	𠿉
okkzkluu	𠿊
okkzxiyb	𠿌
okkzhguu	𠿎
okkzrifh	𠿐
okkztmjq	𠿓
okkztrxb	𠿔
okkzjbqm	𠿖
okkzhunj	𠿛
okkzgowa	𠿜
okycbckz	𠿟
okxtvokz	𠿡
okkzxiqm	𠿣
okkzklyt	𠿥
okifkzrf	𠿦
okuiklkz	𠿧
okkzvuxn	𠿫
okkzuili	𠿰
okkzuide	𠿴
okkzvigf	𠿵
okkzhkui	𠿶
okkzrfbw	𠿹
okkzjkfu	𠿽
okkzglyj	𠿾
okkzwfui	𡀀
okkzuibw	𡀅
okkzkztk	𡀈
okpbbcqp	𡀉
okkzmfyu	𡀊
okkzdadm	𡀋
okkzccuc	𡀌
okkzgswf	𡀏
okkzmurz	𡀐
okkzievz	𡀑
okhcyuvf	𡀒
okkzkzzo	𡀓
okkzujyj	𡀕
okkzhonv	𡀘
okkzyuhu	𡀛
okkzvuns	𡀜
okkzhenm	𡀝
okvukzuz	𡀤
okkzdzww	𡀧
okkzyifu	𡀨
okkzwfhe	𡀫
okkzuzwu	𡀴
okkzvubw	𡀹
okkzlibw	𡀺
okkzhonv	𡀼
okkzcche	𡀽
okkzriho	𡀾
okkzklqm	𡁀
okkzuivi	𡁂
okkzwjui	𡁄
okkzmmmm	𡁅
okkzyknq	𡁆
okkzxbxb	𡁈
okkzhoan	𡁊
okkzvxxb	𡁋
okkzguqm	𡁌
okkzccge	𡁐
okkzhggj	𡁑
okkzkzuu	𡁒
okkzdawa	𡁓
okkzyuqp	𡁕
okkzyeww	𡁖
okqnwfer	𡁗
okkzytba	𡁝
okkzmfue	𡁡
okkzermb	𡁢
okkzccma	𡁣
okkzvedm	𡁥
okkzuiyt	𡁦
okkzsize	𡁪
okkzvvjq	𡁫
okkzsiyt	𡁰
okkzuizz	𡁲
okkzuicy	𡁷
okkzerxn	𡁸
okkzmuia	𡁽
okkzcciu	𡁿
okkzpiye	𡂄
okkzujwf	𡂅
okkzxbwf	𡂇
okkzrfmn	𡂊
okkzykho	𡂋
okkzddah	𡂍
okkzirve	𡂏
okkzfubw	𡂐
okkzbjmb	𡂑
okkzqixb	𡂔
okkzvvjs	𡂗
okkzluho	𡂘
okkzykmu	𡂚
okkzmfdz	𡂛
okkzvoyz	𡂜
okkzlutu	𡂞
okkzmakl	𡂣
okgjrfve	𡂤
okkzvitu	𡂥
okyaklkz	𡂦
okhgkzwh	𡂧
oklviflv	𡂨
okkzdaer	𡂩
okkzvics	𡂭
okkztmli	𡂲
okklkzri	𡂶
okkzdmer	𡂸
okkzbcfj	𡂹
okkzkztj	𡂽
okkzbcho	𡃂
okkzldbw	𡃄
okkzuizg	𡃆
okkzsige	𡃈
okkzihnn	𡃌
okkzjbdj	𡃐
okkzgltu	𡃚
okkzyjyz	𡃛
okkzuihe	𡃜
okuihgai	𡃟
okdzqmpz	𡃠
okkzwfgj	𡃥
okkzmfvv	𡃦
okkzxuqm	𡃧
okkzxixb	𡃨
okkzyisi	𡃩
okkzyubw	𡃪
okkzihuu	𡃫
okwfklkz	𡃬
okkzqmgs	𡃮
okkzxuge	𡃰
okkzsivi	𡃱
okkzuito	𡃲
okkzkzlw	𡃷
okkzycvi	𡃺
okkzccdg	𡃻
okkzmufu	𡃾
okkzuzvi	𡃿
oklvcccc	𡄀
okkzglhe	𡄁
okxibutu	𡄂
okvshvkz	𡄅
okkzugui	𡄇
okugbikz	𡄈
okkzjiyc	𡄉
okkzjimb	𡄊
okkzxmri	𡄋
okdvkzri	𡄌
okkzystu	𡄐
okkzcsjq	𡄑
okuglckz	𡄒
okkzyjyz	𡄕
okkzriyj	𡄗
okkzjbkz	𡄘
okkzuibw	𡄙
okwfrijs	𡄚
okkztdtd	𡄛
okuibcyi	𡄜
okgskzgu	𡄝
okkztmee	𡄞
okkzqixn	𡄡
okkzmfve	𡄢
okkzujnf	𡄨
okkzvixb	𡄩
okkzjbjm	𡄮
okkzcvjs	𡄴
okkzyiyz	𡄵
okkzgeui	𡄷
okkzyivv	𡄸
oklvyzlv	𡄹
okkzxbho	𡄺
okkzxnhu	𡄼
okkzyzyi	𡄿
okissikz	𡅀
okkzwfgo	𡅁
okkzbonn	𡅂
okkzihls	𡅃
okkzyequ	𡅇
okkzjbuz	𡅈
okkzbfmi	𡅊
okkzmujm	𡅋
okkzvuxm	𡅌
okkzvuri	𡅎
okkzyuye	𡅑
okkzwfgo	𡅓
okkzihyz	𡅔
okkzxnhu	𡅗
okkzifrf	𡅚
okkzdctu	𡅛
okkzriyj	𡅜
okpbglyz	𡅝
okkzifmb	𡅞
okwfrijs	𡅟
okjikzjq	𡅦
okkzvuvj	𡅨
okkzihyz	𡅮
okkzdsri	𡅰
okkznmkz	𡅱
okkzxtzi	𡅲
okkzihpu	𡅴
okkzjkdj	𡅹
okkzyuji	𡅺
okkzcckz	𡅻
oklvjmlv	𡅽
okpbihpu	𡅾
okkzluuu	𡅿
okkzuiyc	𡆁
okkzuznp	𡆄
okkzvuwf	𡆅
okkzzunn	𡆈
okkzihpu	𡆉
okkzyccy	𡆋
okkzzuyu	𡆍
okkzmfjb	𡆏
oknmtuxi	𡆐
okkzujyj	𡆑
oknmtuxi	𡆒
okkzxnri	𡆓
okkzzzlo	𡆗
okkzxivv	𡆛
okkzccuu	𡆜
okkzyjrz	𡆝
okkzdzjb	𡆞
okkzviii	𡆟
okklerer	𡆨
okklhgqi	𡆰
okklui	𡆵
okklkzhg	𡆷
okklhgyc	𡆻
okklwfsi	𡇁
okklsihg	𡇆
okklkzer	𡇉
okklbawj	𡇏
okklnvnv	𡇔
okklbadd	𡇕
okklhgyy	𡇗
okkluugs	𡇛
okklycyc	𡇟
okklbdbi	𡇠
okklrfmu	𡇡
okklhgzi	𡇢
okklbagu	𡇣
okklfgnv	𡇦
okklujji	𡇩
okklwfho	𡇫
okklqmvi	𡇬
okklnvnv	𡇭
okkllqyy	𡇰
okkluikz	𡇱
okklviyi	𡇴
oksiklhe	𡇶
okbaklge	𡇷
okklyyho	𡇺
okklxitu	𡇽
okklgskz	𡇾
okklkzyi	𡈃
okklsitm	𡈄
okklkzkv	𡈆
okklsikl	𡈇
okuiklui	𡈋
okklccjs	𡈌
oktmcscs	𡈍
okklcche	𡈐
okklifge	𡈑
okklsixb	𡈒
okkluiui	𡈔
okklviuj	𡈖
okklqmkl	𡈘
okklqmfw	𡈚
okklbouj	𡈝
okkldagv	𡈞
okkljrsi	𡈢
okklvxcy	𡈣
okhgkzkl	𡈧
okkllvlv	𡈨
okklbduj	𡈪
okklsisi	𡈫
okklcche	𡈮
okklsixi	𡈱
okybybyb	𡈲
okklluhe	𡈳
okklxmxi	𡈴
okqqqqqq	𡈶
okkllusi	𡈷
okklxixi	𡈸
oktmlblb	𡈹
oktuklhg	𡉉
okhgbatu	𡉊
oktubcpp	𡉍
oktuppqi	𡉒
okcchgtu	𡉚
oktuklui	𡉜
oksirftu	𡉡
okdcyztu	𡉢
oktuhgyc	𡉬
okklyztu	𡉮
oktukler	𡉱
oktubcyz	𡉳
oktuvetu	𡉵
oktugshg	𡉶
oksikltu	𡉸
oktujqui	𡉻
oksidatu	𡊄
okturfye	𡊇
oktusiui	𡊈
oktudaer	𡊌
oksiujtu	𡊏
okturfxn	𡊒
oktujiui	𡊓
oktuhgzz	𡊕
oktuihda	𡊘
okpptutu	𡊥
oktuqmer	𡊪
oktubcji	𡊫
okturshg	𡊬
oktuveyi	𡊮
okfgdctu	𡊷
okujuitu	𡊽
oktuglto	𡊾
oktuqmjb	𡋁
okbkfftu	𡋇
okbkjbtu	𡋈
oktuxtyi	𡋉
okuvfjtu	𡋋
oktutuyu	𡋌
okkzbktu	𡋏
okkzkztu	𡋐
oktukzkz	𡋑
oktuxier	𡋓
okbcyttu	𡋜
oktuucuc	𡋝
oktuxiee	𡋞
oktusimu	𡋠
okycyctu	𡋢
okvxbctu	𡋧
oktuppvi	𡋨
okrfuitu	𡋩
okuuyztu	𡋪
oktuhgmc	𡋫
okbwbctu	𡋭
oktuhgvc	𡋮
oktuerer	𡋰
okqikltu	𡋲
oktumubi	𡋳
okridatu	𡋵
oktuyudm	𡋶
oktutocs	𡋸
okddyztu	𡋹
okjkdctu	𡌁
oktuuidc	𡌇
okerjbtu	𡌌
oktuihvj	𡌐
okjkujtu	𡌒
okvjrftu	𡌓
okturiuj	𡌕
okturfer	𡌖
oktubder	𡌗
oktubakz	𡌙
oktmyztu	𡌛
okturuiu	𡌜
oktubcyz	𡌝
oktuuitu	𡌞
oktusiqi	𡌣
okhgyctu	𡌥
oktutmui	𡌨
okjibctu	𡌬
oktudmfz	𡌮
oktuwuve	𡌱
oktuuiji	𡌷
oktutmcc	𡌹
oktusv	𡌺
oktudmgs	𡌾
oktuignq	𡍅
oktubdqm	𡍇
okqucctu	𡍊
oktujm	𡍌
oktuvivi	𡍍
okvjiatu	𡍏
oktuklwd	𡍐
okkluvtu	𡍑
oktubcfz	𡍒
oktuglgj	𡍔
oktuwfmu	𡍕
oktuirkl	𡍗
oktuccer	𡍙
oktuvxrf	𡍛
oktuuicc	𡍟
oktumuhg	𡍠
oktutuwj	𡍡
oktujqtu	𡍤
oktuglni	𡍩
oktuqmjq	𡍪
oktubajs	𡍬
okppcszo	𡍮
okgskltu	𡍯
oktudguu	𡍰
okklvltu	𡍱
okyujitu	𡍳
okqmbatu	𡍴
okppdstu	𡍺
oktuuiyu	𡍾
oktuihnv	𡍿
okyuhotu	𡎀
okuiugtu	𡎂
oktucytu	𡎃
okhgsitu	𡎄
oktudcui	𡎇
oktutdmb	𡎌
oktuhujb	𡎍
oktukzer	𡎎
oktutuxn	𡎓
oktulnkl	𡎕
oktudddc	𡎗
okviyztu	𡎙
oktubcmw	𡎧
okujujtu	𡎨
oktubkpu	𡎩
oktuhutu	𡎪
oktuqmkl	𡎫
oksibatu	𡎯
oktuuixb	𡎰
okvjbatu	𡎱
oktuciui	𡎵
okuiuutu	𡎷
oknmkltu	𡎸
oktuvzyz	𡎹
okldlitu	𡎼
oktuvxmu	𡎽
oktubcpg	𡎾
oklinitu	𡎿
oktuhgtu	𡏀
oktuglli	𡏂
okifputu	𡏃
okeruitu	𡏇
okhgbctu	𡏍
okdatusi	𡏎
oktugsuv	𡏏
okifjbtu	𡏐
oktuxsbi	𡏓
okkzuitu	𡏔
okgkrftu	𡏕
oktuccdo	𡏗
okcsdatu	𡏙
oktulidm	𡏡
oktucibd	𡏨
oktuvxmu	𡏪
oktulpmu	𡏫
oktumibm	𡏰
oknmkltu	𡏳
okerwatu	𡏵
oktuxnbw	𡏶
oktuxtcy	𡏷
okzixstu	𡏸
oktuuiyu	𡏺
oktuzibf	𡏻
okuvyitu	𡐀
oktuwfqp	𡐁
oksvdctu	𡐂
oktuthty	𡐃
oktulnyz	𡐄
okturfpb	𡐈
oktuuiis	𡐉
okieuutu	𡐊
okuuyztu	𡐍
okuisitu	𡐎
okrfzotu	𡐏
oktupguj	𡐐
oktubakl	𡐑
oktuirbw	𡐕
oktuuvgs	𡐘
okhgtudm	𡐜
oktuglho	𡐝
okturfqn	𡐟
oktutmgs	𡐢
oktutmfw	𡐥
oktuxihg	𡐧
okyulbtu	𡐨
okxiyjtu	𡐩
okklkdtu	𡐪
oktuirgo	𡐫
oktuuiis	𡐬
okihhetu	𡐰
okgsklgv	𡐲
oktuwfyt	𡐴
oktuuvpk	𡐵
oktuhuvc	𡐸
okvxyjtu	𡐼
oktuccmu	𡐽
oktuzzxk	𡐿
okyclbtu	𡑀
oktuerer	𡑂
okldwftu	𡑃
okriqrtu	𡑅
oktukzni	𡑇
oktuppzo	𡑊
oktuybge	𡑌
oktugskz	𡑏
oktulwxn	𡑐
okfhfhtu	𡑔
oktukllb	𡑕
okturfhe	𡑗
okuilytu	𡑘
oktuddmu	𡑙
okuiuiug	𡑚
oktueryc	𡑜
okybgetu	𡑠
oktusiyi	𡑡
okmhtufj	𡑤
oktuuiiu	𡑥
okturifh	𡑦
okuubwug	𡑧
okjxtutu	𡑫
oktuihir	𡑬
oktujyyh	𡑳
oktuccfg	𡑵
okjlrftu	𡑶
oktuccmb	𡑷
okdvuitu	𡑸
oktugsho	𡑹
okihjltu	𡑺
okmusvtu	𡑻
okhgputu	𡑼
oktufuyc	𡑽
okqqtmtu	𡒀
oktuycjq	𡒁
oktuwfui	𡒄
oktuglhv	𡒅
oktubcvf	𡒆
oktuiawf	𡒇
oktuuiiu	𡒈
okgcwftu	𡒋
okcctutu	𡒎
oktuiruv	𡒏
oksyxstu	𡒐
okujjigv	𡒑
okmktuvs	𡒒
okifrftu	𡒓
oktuxiyb	𡒕
oktutctu	𡒘
oksofhtu	𡒙
oktuhgnn	𡒚
oktuuinm	𡒛
oktujxhv	𡒜
oktuvuhu	𡒞
okyulitu	𡒟
oktuppfu	𡒠
oktuvupi	𡒡
okvupitu	𡒢
oktunmtu	𡒣
okriyztu	𡒦
oktuvijb	𡒧
oktubcdd	𡒩
okdvtrtu	𡒰
oktulutu	𡒲
oktuzifh	𡒳
okdvuitu	𡒴
oktuglfj	𡒷
oktuuizg	𡒸
oktuccis	𡒹
okjiuutu	𡒼
oktukltu	𡒽
oktuqqge	𡒾
okdvuitu	𡒿
oktucddk	𡓀
oktusing	𡓁
okuiyztu	𡓉
oktumiwf	𡓌
oktuirve	𡓍
oktuwfgj	𡓑
okjqrftu	𡓓
oktuglhe	𡓔
oktuxyli	𡓕
oktuyeyz	𡓙
okujgftu	𡓚
okgubctu	𡓛
oktuglse	𡓜
okrvyztu	𡓝
oktuwfui	𡓣
oktuyubw	𡓤
oktudctu	𡓦
okhowjtu	𡓧
oktuzozo	𡓨
okwfyctu	𡓩
okdvtrtu	𡓬
oktuvvkv	𡓰
okirvvtu	𡓱
oktumfta	𡓲
okyuyutu	𡓵
okiflvtu	𡓶
okihhelw	𡓸
oktuuixb	𡓹
oktuihls	𡓺
oktuycwf	𡓻
okvigutu	𡓼
okkzkztu	𡓿
okyzwftu	𡔀
oktutmtu	𡔁
okbcmptu	𡔂
oktuvuxk	𡔄
okvxkltu	𡔅
okhgjitu	𡔈
okwfgjtu	𡔊
oktuyhpu	𡔋
okklkltu	𡔌
oktuxtmd	𡔍
okglvvtu	𡔏
oktufgii	𡔐
okturixl	𡔒
oktuhglu	𡔓
oktucclj	𡔔
okvhgstu	𡔕
okqmqmtu	𡔗
okujujkl	𡔘
oktululu	𡔙
oklululu	𡔚
okuiuikz	𡔝
okrfjirf	𡔟
okuirfcs	𡔡
okjiveda	𡔢
okuinmkl	𡔥
okuibcdm	𡔩
okuibctu	𡔪
okuibchg	𡔫
okuiveli	𡔬
okuikzyz	𡔮
okuisipi	𡔰
okuibcda	𡔱
okuiyakl	𡔲
okuibcya	𡔳
okuibcyt	𡔴
okuibcru	𡔵
okuiklya	𡔶
okuibctu	𡔸
okuibcqm	𡔹
okuibccy	𡔺
okuibcri	𡔻
okjibctu	𡔼
okuivecy	𡔽
okuibcya	𡔾
okuiieho	𡕀
okuixshg	𡕂
okuisiqm	𡕃
okuibcqm	𡕄
okuibcyi	𡕅
okjijiji	𡕇
okuiklhg	𡕈
okjibckl	𡕉
okjibcyr	𡕊
okuivebd	𡕋
okuimfdz	𡕌
okuijihg	𡕍
okuibclw	𡕎
okhgveuu	𡕒
okwfppuu	𡕓
okwferuu	𡕖
okwfujuu	𡕗
okwfnmho	𡕛
okwfujiu	𡕜
okwfhomi	𡕝
okvebawf	𡕡
oksjhgwf	𡕣
okyzbawf	𡕦
okwflvwf	𡕨
okxbbawf	𡕩
okjiklwf	𡕪
okdcbawf	𡕫
okkllvwf	𡕭
okycjqwf	𡕯
okklbawf	𡕰
okdcbawf	𡕱
okuicswf	𡕲
okdcriwf	𡕳
okrflvwf	𡕴
okbwbcqy	𡕶
okdcsiwf	𡕷
okqmbdwf	𡕸
okbcmuwf	𡕹
okrijbwf	𡕺
okhgziwf	𡕻
okvxjiwf	𡕼
okvxuuwf	𡕽
okhgriwf	𡕾
okhgjiwf	𡕿
okvxjiwf	𡖀
okccbwwf	𡖂
okxxxxxx	𡖃
okxiuuve	𡖄
okklkluu	𡖈
okwfrfxi	𡖍
okdokler	𡖔
okxiveiu	𡖕
okxirfer	𡖗
okuihgxi	𡖘
okdobcji	𡖢
okxigfer	𡖥
okxtxtdo	𡖩
okujvido	𡖰
okxibcwu	𡖴
okxibclq	𡖷
okdciuba	𡖸
okuhxixi	𡖹
okdorfve	𡖽
okxiwuxt	𡗃
okirvexi	𡗇
okdokztm	𡗈
okwfhedo	𡗋
okuhdoxl	𡗑
okvehgia	𡗒
okppklda	𡗠
oktmppuu	𡗤
okdabasi	𡗪
okiydmdm	𡗫
okdakldm	𡗭
okdahgyc	𡗰
okklerda	𡗽
okdabibk	𡘁
okdauhba	𡘂
okbcveda	𡘅
okdabakv	𡘆
okkzrfda	𡘈
okdadahg	𡘋
okdappve	𡘎
okdawfri	𡘐
okdcihui	𡘓
okbarfda	𡘔
okuicsda	𡘖
okdanvnv	𡘘
okdadada	𡘙
okdanvnv	𡘛
okdakzkz	𡘜
oksidayz	𡘞
okdasihg	𡘟
okppnqda	𡘠
okfgligk	𡘢
okdaqikl	𡘣
okdabadm	𡘤
okyhklcc	𡘦
okdajqyz	𡘨
okxyveda	𡘬
okfgbcgk	𡘱
okdanmnm	𡘲
okdasihg	𡘵
okccdabf	𡘶
okdajqve	𡘹
okdagjwj	𡘺
okppycda	𡘻
okdaxtxt	𡘼
okbiveda	𡙀
okdacscs	𡙁
okdairtm	𡙂
okdadavu	𡙃
okdasjmu	𡙄
okdapmpj	𡙆
okdagjyz	𡙈
okvjrfda	𡙉
okbijqda	𡙊
okdamuwf	𡙋
okdaveuv	𡙌
oktmtmtm	𡙎
okvjiada	𡙏
okdamuwf	𡙐
okwfrijm	𡙑
oktdtdtd	𡙒
okdagjji	𡙕
okdayccc	𡙘
okmujijm	𡙚
okdcuiyc	𡙝
okdaklya	𡙞
okdcbida	𡙟
okccycda	𡙠
okdahuyi	𡙤
okdauzuv	𡙥
okdaqmdc	𡙨
okbibajt	𡙪
okrfcsda	𡙫
okdageig	𡙮
okdauvjb	𡙯
okdakztm	𡙲
okdagjuz	𡙳
okyclidm	𡙶
oksiihda	𡙷
okiycsui	𡙹
okdasiji	𡙺
okdauilb	𡙻
okdcdaba	𡙼
okihheda	𡙽
okheuida	𡙾
okdavvyy	𡙿
okhguvda	𡚀
okbcdaba	𡚂
okdavoge	𡚄
okcscsda	𡚅
okppzogk	𡚆
oksisida	𡚇
okdawhbi	𡚉
okdakzvv	𡚊
okuhffda	𡚋
oktmtmtm	𡚌
okdapbvi	𡚍
oksiccqi	𡚎
okdadawh	𡚏
okdazizi	𡚐
okdavvjq	𡚒
okdaviui	𡚓
okdamuho	𡚔
okhevxda	𡚕
okdvdavz	𡚖
okfflw	𡚗
okvxdafj	𡚘
okhgrida	𡚙
okdaiftu	𡚛
okdaccvv	𡚜
okyclbda	𡚣
oksisida	𡚤
okrfvenv	𡚶
oknvujve	𡛆
oknvsjve	𡛋
okhgujnv	𡛎
oknvrfbc	𡛐
oknvujih	𡛢
oknveedm	𡛣
oknvjquj	𡛪
oknvkzkl	𡛱
oknvfupp	𡛷
okxinanv	𡛹
oksidanv	𡜀
oknvklrf	𡜃
oknvrfna	𡜅
oknvdcba	𡜆
okthhgnv	𡜈
okuiernv	𡜌
okgsernv	𡜎
oknvirve	𡜏
okriwfnv	𡜑
okkzkznv	𡜓
oknvuhxn	𡜔
oknvuuyt	𡜕
oknvsiri	𡜗
oknvqmnv	𡜘
oknvxier	𡜙
okxnkznv	𡜛
oknvppbi	𡜞
okuvyunv	𡜡
oknvuiui	𡜢
oknvirgs	𡜣
oknviruj	𡜪
oknvsidj	𡜫
oknvhzba	𡜮
oknvve	𡜯
oknverve	𡜯
okklrfnv	𡜰
oknvnwkz	𡜴
oknvuikz	𡜶
oknvbcgd	𡜷
oknvccia	𡝄
oknvccxi	𡝅
oknvvxtu	𡝇
oknvfunv	𡝈
okfunvnv	𡝉
oknvmunv	𡝋
oknvbcmm	𡝏
okytjinv	𡝑
oknvxbwf	𡝒
oknvyznv	𡝓
oknvbasj	𡝕
oknvxtuv	𡝘
oknvrfui	𡝙
oknvyzkl	𡝛
oknvihgu	𡝜
oknvheqm	𡝟
okgsrfnv	𡝡
okvsklnv	𡝤
oknvwfmu	𡝥
okjquunv	𡝨
oknvccyc	𡝩
oknveryt	𡝭
oknvdakv	𡝻
okuiuvnv	𡝼
okhgirnv	𡝽
oknvyzfg	𡝾
oknvbiyt	𡞂
oknvbdda	𡞃
oknvjqqn	𡞄
okycxrnv	𡞅
oknvjqnv	𡞉
oknvheho	𡞊
oknvbdcc	𡞌
oknvhgsi	𡞍
oknvklkz	𡞐
oknvyzqi	𡞑
okpjmunv	𡞓
okgrvsnv	𡞔
oknvxtgj	𡞛
oknvkljx	𡞡
oknvhgsi	𡞤
oknvdcui	𡞥
oknvxyzi	𡞦
oknvxswf	𡞧
oknvgejx	𡞨
oknvhuba	𡞬
oknvjqjb	𡞭
oknvjumu	𡞮
oknvjqqn	𡞲
oknvxtfh	𡞶
okerkznv	𡞺
oknvxitu	𡞻
oknvihxn	𡞼
oknviiyz	𡞽
oknvlnkl	𡞿
oknvrfkv	𡟂
oknvpper	𡟉
okwwwfnv	𡟋
oknvjinv	𡟌
oknvklis	𡟏
oknvrfzu	𡟐
oknvjrnv	𡟒
okuvannv	𡟖
oknvsinv	𡟘
oknvcsxb	𡟟
oknvmuir	𡟠
oknvycgj	𡟡
oknvqmkl	𡟢
oknvhujb	𡟣
oknvkzmu	𡟤
oknvvzer	𡟦
oknvbier	𡟧
oknvwump	𡟬
oknvuixb	𡟭
okifsinv	𡟮
oknvujwo	𡟶
oknvtrdm	𡟼
oknvqitu	𡟽
okwwytnv	𡠃
okuiuinv	𡠅
okuiuunv	𡠆
oknvxixb	𡠇
okbkbknv	𡠈
okyawfnv	𡠉
oknvxbbi	𡠌
oknvqlsi	𡠎
oknvsihg	𡠐
oknvuirf	𡠑
oknvyccc	𡠒
okrfvvnv	𡠓
oknvvidc	𡠔
oknvrizz	𡠕
oknvziui	𡠖
oknvccys	𡠘
oknvvidc	𡠡
okyuvfnv	𡠢
okluwjnv	𡠦
okqifjnv	𡠧
oknvlnho	𡠮
oknvnvwf	𡠯
oknvtmgs	𡠲
oknvcsxb	𡠴
oknvgser	𡠸
okhohoan	𡠺
oknvkzwf	𡠾
oknvxtvc	𡡃
oknvccir	𡡄
okjqklnv	𡡋
oknvjxxb	𡡌
oknvvsnv	𡡎
oknvyefu	𡡐
okujnvye	𡡓
oknvjiri	𡡖
oknvvxyz	𡡗
okxkjinv	𡡘
okrfmunv	𡡚
okhgmunv	𡡜
oknvrfvi	𡡟
oknvyuwf	𡡠
oknvxtba	𡡨
oknvxtif	𡡪
oknvwfjm	𡡫
oknvbcmw	𡡮
oknvdajq	𡡰
okyclbnv	𡡴
oknvmuwf	𡡵
oknvvidc	𡡸
oknvujmw	𡡻
okjqbanv	𡡼
oknvheuu	𡡽
oknvrfmu	𡡾
oknvdikz	𡡿
okqijinv	𡢁
oklujinv	𡢂
oknvirxb	𡢆
oknverer	𡢉
oknvsida	𡢊
oknvvivi	𡢋
oknvxtba	𡢌
oknvcibw	𡢍
okmmugnv	𡢎
oklzbcwf	𡢏
oksivonv	𡢑
oknvvudz	𡢒
oknvhguu	𡢓
okrfkznv	𡢔
okieuunv	𡢖
okxbjqnv	𡢗
oknvhucy	𡢙
oknvrifh	𡢚
okppujnv	𡢛
okglminv	𡢜
oknvtuwf	𡢝
oknvmunv	𡢞
oknvxtkz	𡢠
oknvjyyh	𡢡
okhenvfj	𡢣
oknvqmlb	𡢥
okglvvnv	𡢦
oknvwfdm	𡢧
oknvihwf	𡢩
oknvfwhg	𡢪
oknvcczi	𡢫
oknvtmjq	𡢭
okyjycnv	𡢮
oknvccnv	𡢯
oknvifnv	𡢰
oknvcibw	𡢲
oknvdajs	𡢴
oknvyuyz	𡢵
oknvxtvo	𡢷
oknvmfbm	𡢸
oklzglrf	𡢺
okerglnv	𡣀
oknvziri	𡣁
okuubknv	𡣂
oknvklyt	𡣃
okiijmnv	𡣅
oknvglxb	𡣇
oknvlkgj	𡣊
oknvccyj	𡣌
okmhnvji	𡣍
oklijbnv	𡣎
oknvpbvf	𡣏
okgepinv	𡣐
oknvwjbw	𡣑
oknvuuuu	𡣒
oknvjbkl	𡣔
oknvbcba	𡣕
oknvbaui	𡣘
oknvihgj	𡣜
oknjnjnv	𡣠
oknvnjnj	𡣡
oknvbamu	𡣣
oknvmanv	𡣥
oknvycve	𡣦
oknvihmd	𡣧
oknvcche	𡣨
oknvsida	𡣬
oknvqtge	𡣯
oknvldhv	𡣰
oknvsiyr	𡣱
oknvuijq	𡣳
oknvgenn	𡣴
oknvifsi	𡣵
oknvfubw	𡣶
oknvujjy	𡣸
okyjhonv	𡣹
okwfvenv	𡣼
oknvmfjq	𡣽
okgubanv	𡣿
oknvkzdk	𡤀
oknvwjho	𡤁
oknvxyli	𡤂
oknvccyt	𡤃
oknvccxm	𡤄
oknvieyc	𡤆
oknvujww	𡤇
oknvddjq	𡤋
oknvdcmm	𡤎
oknvyiyu	𡤖
oknvuuho	𡤗
oknverxb	𡤘
oknvxbho	𡤚
oknvyjsi	𡤣
oknvccle	𡤤
oknvrfhw	𡤥
oksiyjnv	𡤨
oknvvujq	𡤪
okiikenv	𡤫
oknvccgj	𡤮
oknvluuu	𡤲
okmmmmmm	𡤳
oknvmmtu	𡤹
oktunvtu	𡤺
okuiziba	𡥇
okiauizi	𡥉
okuuvezi	𡥋
okyzyzzi	𡥍
okujrfzi	𡥏
okujrfzi	𡥐
okkzndzi	𡥕
okndxizi	𡥗
okbcirzi	𡥜
okycyczi	𡥝
okvxbczi	𡥞
okzibukl	𡥢
okvjhgzi	𡥣
okxbjuzi	𡥯
okzibdgs	𡥴
okuizizi	𡥷
okxscczi	𡥺
okwwwfzi	𡥽
okziriyt	𡦇
okxnzizi	𡦊
okifrfzi	𡦋
okziwfer	𡦍
okzimari	𡦏
okhoxyzi	𡦐
okzihgho	𡦗
okzierer	𡦘
okujujzi	𡦙
okujerzi	𡦣
okwwzima	𡦥
okxlwjho	𡦦
okrigczi	𡦩
okzizima	𡦪
okriwfzi	𡦬
okiaziho	𡦭
okziccdg	𡦮
okujxbzi	𡦯
okglhoxn	𡦱
okxnglho	𡦲
okxnglho	𡦳
okycziho	𡦴
okglhoxn	𡦵
okzirima	𡦷
okdmjive	𡦹
okbcuuba	𡦾
okbchgbc	𡧂
okbchgba	𡧆
okbcjqyz	𡧌
okbcbibi	𡧏
okbcveba	𡧐
okbciada	𡧑
okbcyzyz	𡧕
okbcvemu	𡧖
okbcujli	𡧚
okbcrfto	𡧜
okbcvegh	𡧝
okbcyzpp	𡧞
okbcbida	𡧠
okbcgsba	𡧢
okbchgwu	𡧤
okbcvsve	𡧥
okbctuto	𡧪
okbcjqxb	𡧫
okbcrfer	𡧬
okbcribi	𡧮
okbcuhxn	𡧯
okbcgskz	𡧱
okbchgcs	𡧴
okbcwfui	𡧵
okbcdakz	𡧶
okbcwfuj	𡧸
okbcvemb	𡧾
okbcndge	𡧿
okbcjkba	𡨄
okbcdohg	𡨆
okbcbdbi	𡨇
okbchghg	𡨈
okbciito	𡨉
okbctuyz	𡨊
okbcerwa	𡨍
okbcgsda	𡨏
okbcwhda	𡨒
okbcwuer	𡨓
okbceruu	𡨔
okbcdjba	𡨕
okbcppdm	𡨘
okxtrfcy	𡨙
okbcccdm	𡨜
okbcjb	𡨞
okbcnqpu	𡨣
okbcyrwf	𡨥
okbcdaxi	𡨨
okbcxbyt	𡨪
okbcyzuu	𡨬
okbcuida	𡨮
okbcjqui	𡨯
okbclcrf	𡨳
okbcerdk	𡨴
okbcdadj	𡨵
okbcxmrf	𡨷
okbcxitu	𡨾
okbciaho	𡨿
okbcerba	𡩂
okbcerjb	𡩅
okbcmuer	𡩇
okbcmumu	𡩈
okbcxbdj	𡩉
okbcxbrj	𡩋
okbcndig	𡩍
okbcfgtm	𡩐
okbcsiyi	𡩑
okbcwfis	𡩓
okbcjqda	𡩔
okbcdmmu	𡩕
okbcuijm	𡩖
okbcxtui	𡩚
okbcfgsi	𡩜
okbcsixt	𡩝
okbcgsvg	𡩞
okbchgyu	𡩟
okbcvzyz	𡩠
okbchgdj	𡩦
okbcwhfz	𡩧
okbcbmkz	𡩨
okbcpjmh	𡩩
okbchglv	𡩪
okbcxbhg	𡩬
okbcbmkv	𡩭
okbctujm	𡩮
okbcdadm	𡩯
okbcjkkv	𡩱
okbcsiyi	𡩲
okbcritu	𡩳
okbchgsv	𡩵
okbchehc	𡩸
okbcuvvz	𡩻
okbcuimu	𡩼
okbcpjls	𡩽
okbcvotu	𡩿
okbcbchg	𡪀
okbcpjhj	𡪁
okbcwfli	𡪂
okbcbmcc	𡪃
okbcquer	𡪅
okmibdbi	𡪆
okbcquyi	𡪊
okbcycnv	𡪋
okbciipu	𡪌
okbcuiho	𡪍
okbcgjwj	𡪐
okbcpbqn	𡪑
okbcjbtm	𡪒
okbcppbw	𡪓
okbcxbhg	𡪕
okbcpjhe	𡪗
okbcpjbm	𡪘
okbcvonv	𡪚
okbcmmbw	𡪛
okbcuugo	𡪝
okkeyzkz	𡪞
okbcxbyb	𡪟
okbcrfyz	𡪢
okbcxbbi	𡪥
okbcvomu	𡪧
okbcccsi	𡪨
okbcerda	𡪪
okbcgsdm	𡪫
okbcxier	𡪬
okbckzai	𡪭
okbcjicc	𡪮
okbclclc	𡪰
okbchejm	𡪳
okbcjbpu	𡪵
okbcpjyj	𡪶
okbcpjvz	𡪷
okbcyuxn	𡪹
okbcglmi	𡪼
okbcuijm	𡪽
okbcxnjm	𡫁
okbcsiyt	𡫂
okbcxbtm	𡫃
okbcjqbd	𡫄
okwjmuho	𡫅
okbcxbxb	𡫇
okbctuqr	𡫈
okbceryz	𡫉
okbcxixb	𡫊
okbcqudz	𡫋
okbcxbmm	𡫍
okbcmuwf	𡫎
okbcuvyz	𡫏
okbcwjtu	𡫑
okbcpjyz	𡫒
okbcpjmu	𡫔
okbcybnn	𡫕
okbcsiyi	𡫖
okbcfwmu	𡫗
okbcfjli	𡫘
okbcgsrf	𡫙
okbctuui	𡫚
okbczikl	𡫛
okbcccrf	𡫜
okbcmudj	𡫝
okbczuyu	𡫞
okbcgsda	𡫟
okbcklnv	𡫤
okbcpjmu	𡫧
okbcxtda	𡫩
okbcjkpu	𡫪
okbcvurf	𡫬
okbcxkmi	𡫭
okbcgsrf	𡫮
okbcuinn	𡫰
okbcuivf	𡫱
okbcgscc	𡫳
okbcyihe	𡫵
okbcerjb	𡫷
okmiccxm	𡫹
okbcpjyz	𡫺
okbctuui	𡫻
okbcgstu	𡫼
okbcpjnv	𡫽
okbclirf	𡫾
okbcfzjb	𡫿
okbcwhwh	𡬀
okbclclc	𡬁
okbcxmxm	𡬃
okbcpjuv	𡬄
okbcpjbu	𡬇
okbcpjyc	𡬊
okbcpjkz	𡬋
okbcpjmu	𡬌
okbcpjmi	𡬍
okbcqlql	𡬎
okbcbcbc	𡬏
okyiyiyi	𡬐
okbcpjwu	𡬑
okbcpjnp	𡬒
okbcpjyz	𡬓
okbcbwjb	𡬔
okbcxblc	𡬕
okbcpjyj	𡬖
okyuvfkr	𡬘
okbcpjze	𡬙
okkekeke	𡬚
okbcxbis	𡬛
okhjhjhj	𡬜
okvevecy	𡬞
okbagscy	𡬦
okuhxncy	𡬧
okfgdccy	𡬨
okriercy	𡬩
okhgqucy	𡬭
okjquucy	𡬯
okirmucy	𡬲
okvxsicy	𡬳
okrfifcy	𡬴
okxitucy	𡬵
okxtgscy	𡬶
okirjqcy	𡬸
okirzicy	𡬹
okrziicy	𡬻
okmudzcy	𡬾
oksigvcy	𡭀
okyuvfcy	𡭁
okxlffcy	𡭅
okccjkcy	𡭆
okkzgvcy	𡭈
okyegucy	𡭊
okbkhgru	𡭋
okmumwcy	𡭌
okihbavr	𡭍
okirvicy	𡭎
okuiuecy	𡭏
okhzbavr	𡭐
okirzicy	𡭑
okvxcysi	𡭒
okxbhocy	𡭓
okxnklhg	𡭙
okuijqxn	𡭡
okxnxtba	𡭩
okxnrier	𡭪
okxixncy	𡭫
okxnxnxn	𡭯
okxnrixn	𡭴
okxnqiqp	𡭶
okxnriui	𡭼
okucrixn	𡭽
okxntmcc	𡮁
okxnbdxn	𡮂
okhvkzxn	𡮃
okxnjp	𡮊
okucucuc	𡮏
okxnxnxn	𡮐
okjixnve	𡮒
okxnyzji	𡮖
okviucbu	𡮗
okxnsivz	𡮚
okthkltu	𡮝
oksisixn	𡮟
okxnytwu	𡮡
okuhwfri	𡮢
okjsbaxn	𡮧
okglhexn	𡮰
okiagsxn	𡮱
okucwhqi	𡮴
okjmdmuc	𡮼
okycvixn	𡮾
okdctuuc	𡮿
okfzujxn	𡯀
okyzkluu	𡯍
okbaeruv	𡯑
okbaerri	𡯒
okyzbabc	𡯔
okbaerjp	𡯗
okbaerbc	𡯚
okbaerzo	𡯛
okbaerxt	𡯠
okiagsyz	𡯤
okbaribi	𡯧
okyzcctu	𡯪
okbabdba	𡯫
okyzbdba	𡯬
okyzccwh	𡯭
okiagsyz	𡯮
okbabdbi	𡯱
okbaerwh	𡯲
okwfdnyz	𡯶
okbaerpz	𡯷
okbaeryj	𡯸
okyzppww	𡯹
okyznuuz	𡰀
okbaerww	𡰂
okiuuier	𡰇
okbaerjm	𡰉
okbaergu	𡰊
okwuuvjk	𡰏
okwfxnyz	𡰔
okbaerts	𡰕
okyzvxui	𡰖
okwfjkyz	𡰗
okbaerjm	𡰛
okwfjkyz	𡰜
okyzccvv	𡰝
okwuccvv	𡰞
okbaerlw	𡰟
okbavxjs	𡰡
okyzvxjs	𡰢
okxtppve	𡰴
okuippuc	𡰹
okuikldc	𡰺
okuiklyz	𡰻
okuibawf	𡰿
okwfkzui	𡱀
okuiwuji	𡱂
okuidcjb	𡱃
okuisjve	𡱄
okuiveuv	𡱊
okuisiyt	𡱑
okuiyyji	𡱓
okuierri	𡱔
okuiuvqi	𡱕
okuigssi	𡱗
okuirfug	𡱚
okuiirzi	𡱟
okuirfyu	𡱣
okuiuvmc	𡱤
okuivivi	𡱦
okuiuvjq	𡱧
okbauigu	𡱨
okuixbvi	𡱪
okiitmhg	𡱮
okuirfyc	𡱱
okuicsji	𡱲
okuiiruv	𡱴
okuive	𡱷
okuierve	𡱷
okuirfee	𡱹
okuirfju	𡱺
okuirfba	𡲁
okkluiqp	𡲂
okuiihvi	𡲃
okuiuzuu	𡲄
okuipjvi	𡲆
okuikzdm	𡲇
okwwsiyz	𡲋
okuigsqq	𡲌
okuikzyz	𡲍
okuirfsi	𡲏
okuiirui	𡲑
okuiiriu	𡲒
okuifgfg	𡲓
okuiuimc	𡲔
okuirfyi	𡲕
okuiklia	𡲖
okuiqriu	𡲗
okuiuvuv	𡲘
okuixitu	𡲙
okuirfjl	𡲛
okuicscc	𡲜
okuigsyi	𡲝
okbajigu	𡲞
okuirfvz	𡲟
okuihuyz	𡲠
okkldcve	𡲡
okuihgvs	𡲦
okuiuvbi	𡲩
okuiuviu	𡲬
okuixbbi	𡲮
okuicsyz	𡲯
okuicscc	𡲱
okuirfqy	𡲲
okuihomi	𡲴
okuicsji	𡲵
okuiveiu	𡲶
okuihvhe	𡲷
okuibmnv	𡲹
okuihgdn	𡲻
okuiziji	𡲽
okuirfto	𡲾
okuipjyi	𡲿
okuikzhv	𡳄
okuihuqp	𡳆
okuiyuvf	𡳇
okuiyjtu	𡳈
okuiyjwf	𡳉
okuifull	𡳋
okuirfwf	𡳌
okuisiju	𡳍
okuivcju	𡳏
okuirfwf	𡳐
okuippzo	𡳑
okwwbaui	𡳗
okuihguj	𡳘
okuijlmu	𡳙
okjuveri	𡳟
okuicscc	𡳡
okwwbaug	𡳦
okuimush	𡳨
oknimush	𡳭
okwwvxyu	𡳲
okmhuifj	𡳴
oklvccjq	𡳵
okccjqlv	𡳶
okuirfli	𡳸
okwwsing	𡳹
okuiuimu	𡳻
oknmjqiu	𡳼
okveuuhg	𡳿
okccklve	𡴂
okccbcyi	𡴄
okhgiuve	𡴈
okccklhg	𡴊
okrfbacc	𡴌
okcchgrf	𡴍
okccrfri	𡴏
okccrfvs	𡴑
okcchglk	𡴒
okppiacc	𡴓
okcctdsi	𡴔
okccrfgj	𡴖
okccbdui	𡴙
okccccff	𡴚
okcctumu	𡴛
okccbari	𡴜
okccyzbf	𡴝
okccbfyy	𡴞
okccbagj	𡴟
okcccctu	𡴠
okcckzkz	𡴡
okrfcscc	𡴤
okccrfwh	𡴧
okccccui	𡴨
okccuikz	𡴩
okccbaba	𡴪
okcclqlq	𡴫
okrfcccc	𡴬
okujveve	𡴰
okujhguu	𡴶
okppsiuj	𡵁
okujhgji	𡵂
okujeruu	𡵄
okujuuyi	𡵊
okujuuyi	𡵋
okujhgjq	𡵐
okujveda	𡵗
okklrfuj	𡵠
okujhguj	𡵤
okxihguj	𡵪
okujhgyc	𡵮
okujjiui	𡵵
okujjiji	𡵷
okjijiuj	𡵹
okvehguj	𡵽
okujiher	𡶂
okujhuyi	𡶃
okujrfye	𡶊
okujuijq	𡶋
okujrfwh	𡶍
okrfqmuj	𡶠
okujbawf	𡶣
okujihqm	𡶨
okujbcmc	𡶮
okujiags	𡶱
okujndmu	𡶲
okdchguj	𡶳
okujyckv	𡶹
okujjijb	𡶺
okujxnxn	𡶿
okujrfwf	𡷁
okujbcyy	𡷃
okujbcwh	𡷄
okkzkzuj	𡷇
okujujuj	𡷈
okujrfya	𡷉
okujgser	𡷋
okbwhguj	𡷒
okujdacc	𡷓
okujuumu	𡷚
okujihvu	𡷜
okujve	𡷝
okujerve	𡷝
okqmcsuj	𡷩
okujujtm	𡷪
okujujxi	𡷬
okujwfyz	𡷮
okujihrf	𡷳
okujujui	𡷶
okccxnuj	𡷺
okujmuuj	𡷻
okujmuuj	𡷼
okujgswf	𡸅
okujizuj	𡸆
okujriqm	𡸈
okujklrf	𡸋
okujklyz	𡸍
okujccff	𡸐
okcccscs	𡸓
okujjigv	𡸔
okujklhe	𡸙
okujjm	𡸚
okujjbqm	𡸛
okujyiui	𡸝
okujdcjq	𡸞
okujirtm	𡸟
okihkzuj	𡸡
okujrida	𡸦
okmbujuj	𡸧
okujdvkl	𡸬
okuihguj	𡸭
okujhori	𡸱
okujhvwu	𡸳
okujrfrf	𡸴
okiedmuj	𡸸
okujmujp	𡸻
okujkzuj	𡸿
okujgswf	𡹀
okujvxdk	𡹂
okujtumu	𡹆
okujmuda	𡹊
okujklmu	𡹎
okujkliu	𡹏
okujvxwh	𡹑
okujbari	𡹒
okujwfer	𡹕
okujhoho	𡹖
okhuwfuj	𡹘
okujklhe	𡹤
okujmctu	𡹥
okujriyz	𡹨
okifyzuj	𡹩
okujhukz	𡹫
okujhecc	𡹮
okujhvvi	𡹯
okujsikv	𡹱
okujhegs	𡹴
okujklnv	𡹶
okujcsxb	𡹸
okujihkv	𡹻
okujihyj	𡹼
okujcscs	𡹽
okujribk	𡹾
okujbfyy	𡹿
okeryzuj	𡺆
okujerdv	𡺇
okujbamu	𡺊
okujmmdm	𡺎
okujuiqm	𡺏
okujihna	𡺒
okujbwli	𡺕
okujcscs	𡺛
okujffwa	𡺜
okujdcui	𡺝
okujndmb	𡺦
okiuwfuj	𡺧
okujbcui	𡺪
okujihfw	𡺮
okujerxb	𡺰
okujhguj	𡺳
okujxtiu	𡺴
okbcjkuj	𡺶
okyjyztu	𡺻
okujziui	𡻆
okujzifg	𡻇
okujujif	𡻌
okujujwo	𡻍
okujuiyy	𡻏
okujwuui	𡻕
okujhgsy	𡻛
okujjbyz	𡻡
okujklxk	𡻢
okujujui	𡻦
okujlqyi	𡻨
okujyuvf	𡻪
okujwfpb	𡻫
okujdajs	𡻲
okujrfpb	𡻵
okujuvmw	𡻶
okujccfg	𡻹
okujhuhu	𡻻
okujxnbi	𡻼
okujklna	𡻽
okujkljb	𡻾
okujjbuj	𡻿
okujcsuu	𡼀
okujxbwf	𡼇
okujlwsi	𡼊
okujqipu	𡼋
okujbcee	𡼌
okhywfuj	𡼐
okujpbkv	𡼑
okujxihg	𡼒
okujziui	𡼗
okujujjb	𡼘
okujcskv	𡼙
okkzujkz	𡼚
okujwhpg	𡼜
okujxisi	𡼟
okujzswf	𡼦
okujlbmu	𡼨
okujqiqm	𡼭
okujkzkv	𡼰
okujrfmu	𡼴
okujlwxn	𡼶
okujhojs	𡼷
okujwfui	𡼺
okqmkldv	𡼻
okujklwf	𡽀
okujzixb	𡽁
okerzouj	𡽃
okujbcvf	𡽆
okujuiiu	𡽈
okujqudz	𡽍
okujihvf	𡽐
okujbfbf	𡽒
okujujia	𡽓
okujklcs	𡽔
okujzixb	𡽕
okyuujuj	𡽚
okujliyj	𡽜
okujzuxi	𡽞
okujpiye	𡽠
okujmmmm	𡽡
okujyjir	𡽤
okujzowo	𡽥
okujihyc	𡽧
okujxiwf	𡽪
okujlwsi	𡽭
okujfuwu	𡽷
okujvxxb	𡽸
okujxbmu	𡽼
okujklyj	𡽽
okujujzs	𡽿
okujcskv	𡾀
okujuvts	𡾁
okujhgpu	𡾂
okujqtge	𡾃
okujlw	𡾊
okujlw	𡾋
okujluho	𡾌
okujcsri	𡾍
okhvyhuj	𡾎
okujrfgs	𡾑
okujuizg	𡾓
oklwuj	𡾔
okujujth	𡾕
okujuigv	𡾖
okujujyk	𡾗
okujwfui	𡾘
okujrvmu	𡾚
okujgvbk	𡾛
okujyisi	𡾝
okujxuge	𡾟
okujxuge	𡾠
okujglri	𡾡
okujpizi	𡾤
okujxmxi	𡾥
okujccxb	𡾦
okujyisi	𡾨
okujgsjl	𡾪
okujxqye	𡾫
okujglhe	𡾭
okujihlw	𡾷
okujxbmu	𡾹
okujcsjq	𡾺
okujsizg	𡾽
okujjbgv	𡾾
okujcvjs	𡿀
okisirli	𡿂
okujyuye	𡿅
okujgvww	𡿆
okujlwmu	𡿈
okcctmuj	𡿉
okujwjis	𡿋
okujfwma	𡿌
okujgewa	𡿕
okujfgii	𡿖
okujxtmu	𡿗
okujsizg	𡿘
okujccuu	𡿚
okujihmu	𡿛
okujccwf	𡿟
okccbakz	𡿤
okujfzuj	𡿥
okppppdm	𡿦
okirklhg	𡿩
okrfveir	𡿬
okwfsiir	𡿮
okhgirtu	𡿱
okirys	𡿳
oksjhgir	𡿴
okirhgqq	𡿸
okirkzkl	𡿹
okppsiir	𡿻
okirsiui	𡿼
okujviir	𡿽
okirjqve	𢀀
okirfjba	𢀁
okirrfuv	𢀂
okuiieir	𢀃
okfgiryi	𢀄
okirrfpj	𢀅
okirjuyj	𢀆
okirklji	𢀇
okirklrs	𢀈
okirklxl	𢀉
okichurf	𢀊
okichujb	𢀋
okjkiryi	𢀍
okbdirir	𢀎
okirxbdm	𢀏
okirbwji	𢀐
okhguuhg	𢀑
okvedmgs	𢀖
okgsuuve	𢀗
okgsppuu	𢀘
okhgsjhg	𢀚
okgsbapp	𢀝
okgsuihg	𢀞
okycdcgs	𢀟
okwujqyz	𢀣
okrfcsgs	𢀩
okgsjbcs	𢀪
okwfheju	𢀮
okhgmugs	𢀯
okhgmugs	𢀰
okfuklsi	𢀺
okujviji	𢀽
okuidmsi	𢁁
okujrfsi	𢁃
okeruisi	𢁄
oksisikd	𢁅
okjijigs	𢁉
oksikdba	𢁌
oksiirqi	𢁎
okgcppji	𢁏
oklwsi	𢁐
okhgppjb	𢁓
okjbbcpp	𢁞
okjbeedm	𢁡
okjbppna	𢁤
okrferjb	𢁭
okrfbajb	𢁰
okhgycjb	𢁴
okjbklyz	𢁶
okpperjb	𢁹
okihhgjb	𢁺
okjbycdc	𢂅
okhgbcjb	𢂇
okjbjbhg	𢂉
okjblili	𢂐
okbwhgjb	𢂖
okwfrijb	𢂚
okfuppyz	𢂛
okjqyzjb	𢂟
okvjhgjb	𢂦
okppjijb	𢂨
okjbwhir	𢂩
okwhirjb	𢂪
okybdcjb	𢂫
okjqsijb	𢂭
okjbrfer	𢂮
okuicsjb	𢂯
okhghgjb	𢂸
okjbbder	𢂹
okddyzjb	𢂺
okppklbi	𢃁
oknuppbi	𢃂
okuibcjb	𢃄
okkzkzjb	𢃋
okhuwfjb	𢃘
okifyzjb	𢃥
okjbgsxb	𢃧
okjbglui	𢃨
okjbkljx	𢃫
okjbcsxb	𢃭
okjqdcjb	𢃵
okujjbjb	𢃷
okklkljb	𢃹
okhgfjjb	𢃻
okjberda	𢃾
okhgjbjb	𢄀
okyeqmfu	𢄁
okccjbqp	𢄄
okjbgemp	𢄅
okccbcjb	𢄆
okhgjbyz	𢄉
okbcjkjb	𢄏
okjbbcui	𢄐
okjbjrjb	𢄑
okrfxsjb	𢄕
okyzbajb	𢄖
okjqxijb	𢄚
okjbgskz	𢄛
okjbsikl	𢄜
okwwwfjb	𢄡
okluwjjb	𢄢
okxtjbkl	𢄥
okjbyuvf	𢄪
okuijbjb	𢄬
okyurfjb	𢄮
okjbwfkz	𢄰
okjbyido	𢄴
okdjjbjb	𢄾
okhguijb	𢄿
okjbgskz	𢅂
okjbdgji	𢅃
okujjbmc	𢅇
okuiuiui	𢅈
okbobder	𢅉
okuibcjb	𢅍
okccsijb	𢅓
okjbccrs	𢅘
okjbcibw	𢅙
okujjbyz	𢅢
okjbcche	𢅤
okjbihcy	𢅥
okjbsing	𢅩
okjbqixb	𢅪
okluyjjb	𢅮
okjbmfer	𢅰
okjbgsho	𢅱
okxkyjjb	𢅲
okjbijjm	𢅳
okjbvuwu	𢅵
okjbvuyt	𢅶
okccwfjb	𢅷
okjbhgwf	𢅼
okjbxbho	𢅽
okjbdalb	𢅿
okjbyrqr	𢆀
okjbvulm	𢆁
okjblidc	𢆂
okjbqmwf	𢆃
okjbcclj	𢆄
okjbccwf	𢆆
okbdjbmu	𢆇
okwwhgjb	𢆈
okuuihgj	𢆌
okdabagj	𢆎
okwuwfui	𢆏
okuiuugj	𢆐
okrfcsgj	𢆑
okkzkzgj	𢆔
okdcdckd	𢆙
okgjgjuu	𢆞
okxijubk	𢆢
oksigjds	𢆦
okjqjubk	𢆩
okuuuukd	𢆬
okirvenm	𢆭
okycycve	𢆸
okhgveyc	𢆺
okycycji	𢆻
okycycyz	𢆼
okycuuuc	𢆽
okppycyc	𢆾
okycuigs	𢇀
okycycho	𢇁
okycyccc	𢇂
okycycba	𢇃
okycyccc	𢇅
okxbycuu	𢇆
okycjqcc	𢇇
okycdaba	𢇈
okhrwfcy	𢇉
okucycuu	𢇊
okycuuhe	𢇋
okycychg	𢇍
okycuzqi	𢇎
okvxycyc	𢇏
okyzycyc	𢇑
okjiuuyi	𢇒
okycxsyc	𢇖
okglppqi	𢇠
okgljqui	𢇥
okglhgyc	𢇨
okglxkna	𢇭
okglklyz	𢇵
okgluive	𢇼
okgluiyz	𢇽
okglujbi	𢈃
okglrfqi	𢈄
okglsiyt	𢈋
okglxtba	𢈏
okglgsji	𢈐
okgljqff	𢈑
okglriia	𢈔
okgluive	𢈗
okglklba	𢈘
okglvjkl	𢈞
okglqijx	𢈤
okgljlvi	𢈧
okgluimu	𢈬
okglvsba	𢈮
okglrizi	𢈲
okglgsxb	𢈳
okglwfhv	𢈺
okgljm	𢈽
okgljbqm	𢉄
okglyczz	𢉇
okgluikl	𢉈
okgldatu	𢉉
okgllivi	𢉊
okglfgyt	𢉋
okglviho	𢉍
okglpjvi	𢉎
okglvxyz	𢉏
okglmcho	𢉐
okglfzve	𢉓
okglrfmu	𢉔
okglsisi	𢉖
okglnmho	𢉙
okglcsxb	𢉛
okglkluu	𢉫
okglxitu	𢉬
okglqibw	𢉯
okglkztu	𢉰
okglgstm	𢉱
okglbayj	𢉲
okglujuj	𢉵
okglbcmu	𢉹
okglveqp	𢉺
okglvejx	𢉻
okglybyt	𢉼
okglbcho	𢊁
okglfghv	𢊂
okgljxtu	𢊃
okglhehe	𢊆
okglveyi	𢊇
okglxtxi	𢊈
okglpphv	𢊉
okgldadm	𢊊
okgljkwf	𢊋
okgldzcy	𢊍
okglfwrf	𢊎
okglihrf	𢊐
okglgsys	𢊑
okglxqho	𢊒
okglxnri	𢊓
okgldcna	𢊔
okglcsxb	𢊕
okglyiuu	𢊘
okglvcju	𢊙
okglccyj	𢊝
okglyuuj	𢊞
okglmwba	𢊟
okgllbkz	𢊠
okglbujm	𢊡
okglsiba	𢊤
okglnusi	𢊨
okglsibi	𢊩
okglhvui	𢊬
okgljryi	𢊭
okglciuu	𢊳
okglhekz	𢊴
okglbdhg	𢊵
okgliybw	𢊷
okglhvhe	𢊸
okglsibw	𢊹
okglqitm	𢊺
okglyuxn	𢊻
okglcswf	𢊿
okglciyj	𢋀
okglvjuu	𢋁
okglyuqm	𢋅
okglsixk	𢋇
okglignv	𢋉
okglcswf	𢋌
okglgsbw	𢋍
okglmmmu	𢋏
okglnmtu	𢋓
okgldaqu	𢋔
okglqmui	𢋕
okgljyxb	𢋖
okglvvho	𢋗
okmabcyt	𢋚
okglbwis	𢋜
okglgvmu	𢋝
okglldhv	𢋢
okmaxbwf	𢋤
okglhxnn	𢋥
okgltukl	𢋦
okglvvwa	𢋩
okgliaxt	𢋪
okglyubw	𢋫
okglmucv	𢋬
okglwjsi	𢋭
okgllbwf	𢋮
okglbkbk	𢋯
okglrflb	𢋰
okiuglho	𢋱
okmabcba	𢋲
okglpizi	𢋶
okglbwyi	𢋸
okglvilb	𢋹
okglbiyz	𢋺
okgldzge	𢋼
okglxier	𢋽
okgltuhv	𢋾
okglqixn	𢋿
okglviyi	𢌀
okglbdwf	𢌂
okglmoer	𢌅
okgljxis	𢌆
okglhgfa	𢌇
okglhgwf	𢌉
okgldalb	𢌋
okgljmjm	𢌍
okglxtzi	𢌎
okgluhvv	𢌏
okgliijq	𢌐
okglbklu	𢌒
okglgjyi	𢌓
okglyjcc	𢌕
okglgsxb	𢌖
okviklsi	𢌞
okviklkz	𢌡
okviyudm	𢌤
okvirfwf	𢌦
okviviri	𢌧
okvivimu	𢌨
okvixitu	𢌩
okvivgmu	𢌫
okcciahg	𢌰
okxidmcc	𢌳
oksisicc	𢌴
oksisicc	𢌹
okklrfcc	𢌺
oktubacc	𢌻
okdabacc	𢌾
okfgdccc	𢍆
oktusicc	𢍇
okpptmcc	𢍉
okbaricc	𢍋
oknmiacc	𢍌
okrfppcc	𢍒
okwfmucc	𢍓
okbcbacc	𢍔
okhgyzcc	𢍖
okddwfcc	𢍗
okppjkcc	𢍘
okppiacc	𢍙
okuitmcc	𢍚
okwwwfcc	𢍛
okyytmcc	𢍞
okxtkzcc	𢍟
okgvwjcc	𢍠
okppbmcc	𢍢
okdadmcc	𢍤
okhgcscc	𢍦
oksiyicc	𢍧
okmiqucc	𢍨
okcsklcc	𢍩
okxidzcc	𢍪
okmuuikd	𢍫
okkzkzcc	𢍬
okaobmbm	𢍭
okgscscc	𢍮
oktsjqcc	𢍯
oksixkcc	𢍰
okxbjqcc	𢍱
okyzjqcc	𢍲
okhghgcc	𢍳
okififcc	𢍴
oksusicc	𢍵
okyjsicc	𢍶
okvilicc	𢍷
okyujkcc	𢍸
okxbxbcc	𢍹
okyihgbi	𢍾
okhgyive	𢎁
okyirfrf	𢎂
okuiyiuz	𢎇
okyihgmu	𢎈
okyzmuyi	𢎊
oksiytui	𢎎
okyierll	𢎏
okwuerbw	𢎐
okyitmgs	𢎑
okveveve	𢎙
okppgsuu	𢎣
okklveve	𢎧
okgsbadm	𢎬
okgsrfhg	𢎮
okhggsia	𢎯
okgsuupp	𢎱
okgsbahg	𢎲
okgsrfhg	𢎶
okgsycuu	𢎺
okgsrfsi	𢏀
okgshgyc	𢏁
okdcbcgs	𢏃
okgskljq	𢏉
okgsuusi	𢏍
okgsrfxn	𢏏
okgsbcme	𢏐
oktogsbk	𢏒
okgssida	𢏓
okgjgsgj	𢏘
okgsgsgs	𢏚
okgsgsgs	𢏝
okgssinw	𢏟
okgsklve	𢏩
okgsujvi	𢏫
okgspmpj	𢏮
okgswfmu	𢏲
okgswfsi	𢏸
okgsbkgs	𢏺
okdcgsbk	𢏻
okgsnmmu	𢏼
okgsgsbk	𢏽
okgsviyi	𢏾
okgsgshg	𢐀
okgssigs	𢐁
okgsgsuj	𢐅
okgslvgs	𢐆
okgshvmu	𢐇
okgsgsbd	𢐈
okgsturi	𢐉
okgsuugs	𢐌
okgsujwf	𢐍
okgsihrf	𢐏
okgsxigs	𢐐
okgsgskl	𢐑
okgscccc	𢐖
okgsgsih	𢐘
okuguugs	𢐙
okgsbcjp	𢐛
okgsgshg	𢐜
okgsbdsi	𢐝
okgshghg	𢐡
okgsbkwg	𢐢
okgsbdbd	𢐤
okgsycgs	𢐥
okgsiugs	𢐨
okgsyjgs	𢐬
okppklgs	𢐭
okgsmigs	𢐮
okccgsgs	𢐯
okcctugs	𢐱
okgsfjgs	𢐲
okgscckl	𢐳
okgsgege	𢐴
okgsyjis	𢐵
okgsgsjb	𢐶
okgszggs	𢐷
okgsdjgs	𢐹
okgsgzgs	𢐺
okgswfgj	𢐻
okgsvegs	𢐼
okccgjtu	𢐽
okgssigs	𢐾
okgsertu	𢑃
oktsgsgs	𢑅
okgsccvv	𢑆
okgsyjgs	𢑈
okxixigs	𢑉
okjigegs	𢑋
okgsgcgs	𢑌
okmwfugs	𢑍
okmwfugs	𢑎
okklppxt	𢑏
okxthgkz	𢑔
okxthgli	𢑕
okhuppuv	𢑗
okxtkluv	𢑘
okxtdcuv	𢑙
okxtvext	𢑚
okhuppba	𢑛
okxtxtyb	𢑝
okhubajb	𢑞
okxtbcfa	𢑟
okxtxtye	𢑠
okhuuipp	𢑡
okrixtjb	𢑢
okxtbcuu	𢑤
okvebcgo	𢑥
okhujbvc	𢑦
okxtxtuu	𢑧
okxtuvuv	𢑨
okhujbkl	𢑩
okxtuiju	𢑪
okxtxtlu	𢑫
okxtxtld	𢑬
okvebcjb	𢑭
okxtxtfw	𢑮
okxtklmu	𢑯
okklklxt	𢑰
okhuffda	𢑱
okxtrfsi	𢑲
okxtuive	𢑳
okxtsida	𢑴
okxtxtfj	𢑵
okxtxtwu	𢑶
okhubcjb	𢑷
okwfkzjb	𢑸
okybkljb	𢑺
okxtxtig	𢑻
okwuuijb	𢑼
okxtbubu	𢑽
okxtbcmu	𢑿
okrfuuuj	𢒃
okeruuuj	𢒅
okdaihuj	𢒊
okbcyruj	𢒎
okcsgjuj	𢒑
okxtwuuj	𢒓
okuidmuj	𢒔
okviyiuj	𢒕
okhurfuj	𢒜
okjiifuj	𢒝
okrijbuj	𢒠
okkztuuj	𢒡
oknqbcvf	𢒢
okbddauj	𢒣
okujklui	𢒤
okyuvfjq	𢒥
okvjbauj	𢒦
okriuiuj	𢒧
okuuuiuj	𢒪
okvjbauj	𢒭
okucbduj	𢒮
okkzjbuj	𢒯
okwfujxi	𢒲
okriheyz	𢒳
okuijbuj	𢒴
okychouj	𢒵
okbiviuj	𢒸
okmalbuj	𢒹
okycbcuj	𢒻
okrfhgyc	𢓎
okrfkler	𢓏
okrfgsrf	𢓙
okrffger	𢓦
okrfqmvi	𢓩
okrfyzqn	𢓳
okrfriwf	𢓴
okrfwuer	𢓷
okrfcctu	𢓸
okrfjbwf	𢓹
okrfuhzz	𢓺
okrfmubi	𢓼
okrfppda	𢓽
okrfwfxb	𢓿
okrfjb	𢔀
okrfvzwf	𢔃
okrfbcfz	𢔇
okrfhgtu	𢔉
okrfbayt	𢔍
okrfujvu	𢔎
okrfriyz	𢔕
okrfycvi	𢔗
okrfiaer	𢔘
okrffhfh	𢔚
okrfuuuj	𢔜
okrffzjq	𢔞
okrfmuvi	𢔠
okrfqmjq	𢔣
okrfuiyh	𢔦
okrfercy	𢔨
okrfuuzz	𢔩
okrffzfj	𢔫
okrfihxb	𢔭
okxksiyt	𢔮
okrfqitm	𢔲
okrfwuer	𢔴
okrfjmcy	𢔶
okrfqrtu	𢔷
okrfgeuj	𢔹
okrfqrwh	𢔺
okrfiswf	𢔼
okrfrisi	𢔽
okrfppuu	𢔾
okrfihvi	𢕀
okrfgetu	𢕂
okrfkzer	𢕃
okrfjqwf	𢕄
okxkujfh	𢕅
okrfkdxb	𢕆
okrfrfzz	𢕇
okrfyiis	𢕉
okrfuixb	𢕌
okrflihg	𢕎
okrfwfwf	𢕒
okrfxisi	𢕖
okrfuvde	𢕚
okrfbcwf	𢕛
okrfvier	𢕜
okrfuixb	𢕞
okrfsikl	𢕠
okrfiewf	𢕣
okrfzzyt	𢕤
okxkuiui	𢕥
okrfuull	𢕦
okrfjiwf	𢕧
okrfbdfh	𢕨
okrfvivi	𢕬
okrfdikz	𢕮
okrfviuc	𢕱
okrfluwf	𢕲
okrfvowf	𢕴
okrfhgwf	𢕶
okrftmwf	𢕹
okrfsiyi	𢕼
okrfbdge	𢕽
okrfriwf	𢕿
okrffger	𢖁
okrfuufu	𢖃
okrfujwf	𢖄
okxkujyj	𢖅
okrfglho	𢖇
okrfgewf	𢖉
okrfyjqn	𢖊
okxktucc	𢖋
okrfujqi	𢖌
okrfxikz	𢖎
okrfluho	𢖐
okrfrixn	𢖚
okrfuuhw	𢖛
okrftswf	𢖜
okrfcsjq	𢖝
okrfdctu	𢖞
okrfcciu	𢖡
okrfnswf	𢖢
okrfxbho	𢖣
okwwhguu	𢖨
okxbppji	𢖾
okrfhgxb	𢗁
okveqnxb	𢗂
okxbrfve	𢗅
okcchgxb	𢗍
okxbiaui	𢗛
okxbuiji	𢗟
okyihgxb	𢗥
okxbhghg	𢗶
okklccxb	𢘁
okrfnvxb	𢘂
okxbhgri	𢘆
okrfxber	𢘈
okxbuiyz	𢘎
okxbujnd	𢘏
okrfxbee	𢘔
okklxber	𢘖
okxbdnpp	𢘘
okxbybdm	𢘚
okrfkvxb	𢘢
okxbvevi	𢘦
okxbuirf	𢘧
okxbccrf	𢘨
okxbuitu	𢘪
okxbrfye	𢘬
oktudcxb	𢘰
okmcdmxb	𢘴
okxierxb	𢘵
okkljkxb	𢘼
okccccxb	𢘿
okhgmbxb	𢙂
okxbribi	𢙃
okxbkzkz	𢙈
okxbiruj	𢙉
okxbbaui	𢙋
okujtuxb	𢙌
oklnulxb	𢙎
okxbbkhg	𢙖
okxbujwu	𢙙
okxbjijb	𢙜
okkzrfxb	𢙟
okgskzxb	𢙢
okuhxnxb	𢙤
okppqqxb	𢙥
okppiaxb	𢙦
okxbuuer	𢙧
okxbwfcy	𢙪
okgsycxb	𢙰
okjixbwf	𢙴
okxbiayz	𢙵
okgsjixb	𢙷
okkzjixb	𢙸
okyuxbli	𢙻
okxbvxcy	𢚃
okxbcctu	𢚇
oknmdaxn	𢚈
okxbmubi	𢚉
okxbbder	𢚋
okxbxtfu	𢚌
okxbuzhg	𢚍
okrfwfxb	𢚐
okuvytxb	𢚑
oksiwfxb	𢚓
okxbgswf	𢚔
okxbyidm	𢚕
okxbwfzi	𢚙
okxbsitm	𢚜
okbcmuxb	𢚞
oklntjxb	𢚣
okmukzxb	𢚤
okyzyuxb	𢚥
okvxxtxb	𢚩
okuihoxb	𢚪
okdnyzxb	𢚫
okxbbutu	𢚬
okxbujuv	𢚭
okxbrfsj	𢚮
okxbirxs	𢚰
okqmgsxb	𢚱
okxbriyu	𢚹
okxbkzjp	𢚻
okxierxb	𢚿
okxbihgv	𢛄
okxbvjxb	𢛈
oksidcxb	𢛋
okxbgsxb	𢛌
okxbwfmu	𢛐
okxbklhe	𢛕
okxbiaer	𢛠
okxberyt	𢛡
okxbhghg	𢛢
okwuwuxb	𢛤
okwuqmxb	𢛦
okrfhgyr	𢛪
okwfxixb	𢛫
okxlhgxb	𢛭
okcilixb	𢛱
okuihgxb	𢛳
okxbbaer	𢛹
okxbgsyt	𢛻
okxbxiyi	𢜁
okgryzxb	𢜂
okhuuuxb	𢜄
okbcmuxb	𢜇
okwhwhxb	𢜈
okgsmuxb	𢜊
okwhwuxb	𢜍
okfgfgxb	𢜎
okytwfxb	𢜑
oknqiaxb	𢜓
okwuwfxb	𢜕
okwfkzxb	𢜖
okxbyiui	𢜙
okxbwfyc	𢜚
okmupmxb	𢜣
oknqbcwf	𢜤
okhojbxb	𢜦
okkltuxb	𢜧
okxbhecc	𢜰
okxbkzer	𢜱
okxbnuuz	𢜲
okxbdcui	𢜴
okxbzdyz	𢜶
okxtrfxb	𢜷
okklyzxb	𢜹
okxbvxrj	𢜻
okxbhegs	𢜼
okxbgeba	𢜾
okxbfgui	𢝇
okxbkltu	𢝎
okppbaxb	𢝏
okrfkdxb	𢝐
okqmhoxb	𢝑
okxbvgyt	𢝒
okjsbaxb	𢝕
oklddcxb	𢝗
okxbjqgs	𢝘
okmuhgxb	𢝝
okxbjxuz	𢝟
okxbmcpu	𢝠
okxbfhzi	𢝡
okxbyzbw	𢝢
okxbgkhg	𢝤
okxbheuv	𢝥
okrfcixb	𢝩
okgsvexb	𢝭
oksirixb	𢝮
okklyjxb	𢝯
oknqcsxb	𢝰
okrfmixb	𢝱
okhohexb	𢝲
okxbxixb	𢝴
okxbvuda	𢝹
okxbwumu	𢝻
okxbndzi	𢝼
okxbmcwf	𢝽
okxbvxkl	𢝾
okxbiuxs	𢝿
okiuwfxb	𢞀
okyrdcxb	𢞈
okxblnkl	𢞊
okrftyxb	𢞋
okxbjqer	𢞌
okklsixb	𢞍
okxbgsys	𢞎
okxbzozo	𢞑
okxbxbbi	𢞗
okxbruuz	𢞙
okxbxyxi	𢞛
okbcjkxn	𢞝
okxbriyu	𢞠
okglxtxb	𢞢
okrfwfxb	𢞣
okxtdcxb	𢞤
okrulbxb	𢞥
okxbjqri	𢞦
okxbgsxy	𢞧
okqrccxb	𢞪
okrfyixb	𢞫
okxbuvhv	𢞮
okxblnuj	𢞳
okxbdadm	𢞷
okxbciuu	𢞸
okxbhgda	𢞹
okbubkxb	𢞾
okrftnxb	𢟂
okgsxbcc	𢟃
okerxbiz	𢟄
oknvyixb	𢟇
okxbcche	𢟉
okihlbxb	𢟍
okxberge	𢟘
okxbwhyr	𢟚
okerxbdn	𢟛
okxbdavv	𢟠
okxbccys	𢟡
okwwwfxb	𢟤
okbouuxb	𢟥
okxbyigs	𢟦
okxbdmmk	𢟫
okuiyzxb	𢟬
okxbbcwf	𢟭
okluwjxb	𢟯
okxbliui	𢟰
okxbjruv	𢟱
okxbglvv	𢟴
okxbfwtu	𢟵
okxbhucs	𢟶
okxbmitm	𢟷
okxbyuhg	𢟸
okxbyuxn	𢟺
okxblcmc	𢟾
okxbsipd	𢟿
okuhvexb	𢠀
okqrjkxb	𢠃
okxbbcxb	𢠋
okxbcccy	𢠍
okxbrfpb	𢠑
okmivcxb	𢠒
okxbgsxb	𢠕
oknvlbxb	𢠖
okxilbxb	𢠘
okbowfxb	𢠜
okccccsi	𢠞
okxbvgui	𢠟
okxbbcyj	𢠡
okxbnmfu	𢠦
okxbxbwf	𢠧
okxbsigv	𢠪
okuikzxb	𢠬
okxblvuv	𢠮
okiipixb	𢠱
okziuexb	𢠾
okxbheyu	𢡁
okxbycri	𢡄
okxbfwmu	𢡅
okuigfxb	𢡆
okiuyzxb	𢡈
okxbvivi	𢡉
okxbtmxb	𢡊
okxbziui	𢡋
okxbmunv	𢡌
okxbyido	𢡏
okxbyier	𢡐
okgowfxb	𢡑
okxbggvi	𢡒
okxbfuho	𢡓
okxbxbxb	𢡔
okpmyixb	𢡕
okxblwxn	𢡖
okhvtmxb	𢡘
okxblibw	𢡝
okyclbxb	𢡟
okxbybge	𢡠
okxbgsxb	𢡡
okiurfxn	𢡣
okxbhggj	𢡤
okxbujke	𢡦
okxberdz	𢡨
okihuixb	𢡪
okvivixb	𢡬
okthgoxb	𢡭
okycuuxb	𢡯
oktmmkxb	𢡰
okuiuuxb	𢡱
okcctyxb	𢡳
okieyuxb	𢡴
okererxb	𢡵
okdajixb	𢡶
okwwwfxb	𢡷
okmuuaxb	𢡸
okrfvsxb	𢡹
okxberer	𢡼
okxbcsri	𢡽
okxbuamu	𢡾
okmirfxn	𢢃
okxbujyu	𢢄
okxbujyj	𢢋
okwfrfxb	𢢍
okyuhgxb	𢢎
okqrddxb	𢢐
okxbxtzu	𢢒
okxbrifh	𢢔
okxbqqqr	𢢕
okxbglho	𢢘
okxbvjmu	𢢙
okxbhunj	𢢛
okieuuxb	𢢞
okxbcckl	𢢟
okerzoxb	𢢠
okiuwfxb	𢢡
okuiuuxb	𢢢
okmkguxb	𢢤
okxbzexb	𢢥
okwftmxb	𢢦
okgskzxb	𢢧
oklijlxb	𢢨
okxbqudz	𢢪
okxbccih	𢢮
okxbdamu	𢢰
okrfyuxb	𢢱
okxbrili	𢢳
okuiqmxb	𢢶
okgojixb	𢢸
oknqxlxb	𢢹
okxbccmu	𢢺
okxbcibw	𢢻
okxbvigf	𢢽
okuiuuxb	𢢿
okxbuide	𢣀
okxbgsxb	𢣁
okxbxbwf	𢣈
okhcgrxb	𢣉
okxbyimu	𢣊
okxbklwf	𢣌
okxbycve	𢣎
okxbcche	𢣏
okxbxbxb	𢣑
okxbyygv	𢣒
okerwaxb	𢣓
okxbzifh	𢣔
okxbzoxb	𢣖
okxbhowh	𢣙
okxbzzie	𢣜
okxblsls	𢣝
okuixbwj	𢣞
okytlqxb	𢣠
okldldxb	𢣡
oksilili	𢣢
okxbxukv	𢣧
okxbujul	𢣨
okdnlbxb	𢣬
okyjwfxb	𢣮
okuuuuxb	𢣱
oknjxbnj	𢣲
okxbvoho	𢣴
okxbihcy	𢣵
okxbyjir	𢣶
okxbytba	𢣹
okxbmflv	𢣻
okglqrxb	𢣽
okrfzcxb	𢤁
okxbccxb	𢤄
okddddxb	𢤅
okxbwfgj	𢤈
okvugsxb	𢤉
okxbtuba	𢤋
okjbuixb	𢤌
okgjqrxb	𢤍
okbcgsxb	𢤑
okjqjqxb	𢤒
okxbyuwu	𢤓
okddddxb	𢤔
okddyzbw	𢤕
okccwfxb	𢤘
okiekzxb	𢤙
okxbhgge	𢤚
okxbsing	𢤛
okxbdmer	𢤜
okxbccts	𢤦
okviyexb	𢤧
okxbglhe	𢤭
okxbujjy	𢤮
okxbddjq	𢤯
okddjqxb	𢤰
okxbyubw	𢤳
oklixbuu	𢤴
okqiqixb	𢤵
okuiguxb	𢤶
okxbcchv	𢤺
okcctmxb	𢥁
okxbjrma	𢥂
okxbluhe	𢥄
okxbvudm	𢥆
okxbdcmm	𢥋
okqidcxb	𢥍
okxbuibw	𢥎
okxblumi	𢥐
okxbriyj	𢥑
okxbkzcy	𢥓
okxbdsis	𢥕
okxbqixn	𢥖
okxbcvjs	𢥘
okbcgsxb	𢥛
okbcgsxn	𢥜
okxbhgwf	𢥝
okxbrimi	𢥟
okxbxbho	𢥡
okxbvuxm	𢥣
okiyyexb	𢥤
okxbyjho	𢥥
okwfyhxb	𢥦
okwfyexb	𢥨
okiesixb	𢥩
okligsxb	𢥮
okxbxbif	𢥯
okxbdsri	𢥱
okwfwfxb	𢥲
okxbgege	𢥳
okxbvivi	𢥵
okxbyunn	𢥶
okvhyexb	𢥹
okybvhxb	𢥺
okxbxtmm	𢥼
okhwvsxb	𢥽
okvhyrxb	𢥿
okvewfxb	𢦀
okyiyexb	𢦁
okxbmulj	𢦂
okxbvvuw	𢦄
okyiqbxb	𢦆
okxbuuxb	𢦇
okufufxb	𢦊
okgeppji	𢦕
okgeklhg	𢦘
okuigeui	𢦛
okdcdcge	𢦝
okxnvege	𢦢
okbkwuyz	𢦬
okhggevi	𢦰
okhggeri	𢦱
okrfxtge	𢦳
okgegsba	𢦶
okuigefh	𢦷
okkzkzge	𢦸
okcserge	𢦺
okgevekl	𢦻
okuigevx	𢦼
okgeyctu	𢦾
okwfgekz	𢧂
okuigewf	𢧇
okuidmge	𢧈
okhumuge	𢧊
okviuige	𢧍
okveerge	𢧎
okuigetu	𢧑
okvjjm	𢧗
okvjnvge	𢧛
okuigeig	𢧜
okuukzge	𢧝
okbkwuvz	𢧞
okgednpp	𢧟
okrigeyt	𢧠
okuhuiwu	𢧡
okvorfge	𢧢
okuimuge	𢧣
okvigeig	𢧤
okuigeiy	𢧨
okriyage	𢧫
okfggeri	𢧬
okuigeri	𢧭
okmumuge	𢧮
okwusaxb	𢧯
okjyvege	𢧰
okhuhuge	𢧶
okfggeri	𢧸
okuihege	𢧺
okdkhgge	𢧻
okvigezs	𢧼
okujjsge	𢧾
okwuifnw	𢧿
okybgetu	𢨀
okgesijq	𢨁
okycgevg	𢨂
okligeig	𢨅
okuigeve	𢨆
okgetmgs	𢨇
okcsrige	𢨈
okmcjsge	𢨌
okheuige	𢨍
okuigety	𢨎
okuijkge	𢨏
okkzytge	𢨐
okccfage	𢨖
okdamage	𢨗
okhuvvge	𢨘
okjbhoge	𢨙
okfggegs	𢨚
okihhuge	𢨛
okgegsis	𢨜
okligegs	𢨞
okvjgexm	𢨟
okheisge	𢨡
okfggeri	𢨢
okuigekz	𢨣
okhurfye	𢨹
okhuppqr	𢨾
okhudjdm	𢩀
okhuveho	𢩂
okhusigu	𢩍
okhujbuj	𢩐
okhuhuhu	𢩕
okhuqmjq	𢩖
okuihuhu	𢩗
okqihuhu	𢩝
okhuxbvx	𢩞
okhusiyi	𢩠
okhulqba	𢩡
okhudctu	𢩢
okuzlnhg	𢩯
okuzjiuu	𢩰
okuzveui	𢩲
okuzbcpp	𢩶
okuzppqi	𢩺
okuzuuve	𢪀
okuzhgji	𢪁
okuzjqui	𢪄
okuzrfdc	𢪅
okuzkler	𢪈
okuzxnna	𢪍
okuzgshg	𢪕
okuzsjuu	𢪙
okuzihve	𢪜
okuzgsyi	𢪞
okuzbiui	𢪟
okuzklui	𢪡
okuzerbk	𢪢
okuzbcia	𢪣
okuzbcia	𢪤
okuzihbi	𢪦
okuzdcyz	𢪩
okuzbibi	𢪲
okuzdmkd	𢪴
okuzccba	𢪹
okuzppqr	𢪺
okuzppyz	𢪼
okrfuuuz	𢪽
okuzyiuv	𢫁
okuzujna	𢫂
okuztoqi	𢫅
okuzuzyz	𢫇
okuzdcsi	𢫎
okuzkluj	𢫏
okuzxnrf	𢫐
okuzbauh	𢫜
okuzppuv	𢫢
okytyzuz	𢫪
okuzihjb	𢫲
okuzihwu	𢫳
okuzuzuu	𢫶
okuzihba	𢫷
okuzcsyz	𢫹
okuzyzvx	𢫺
okuzihyb	𢫽
okuzwfri	𢫾
okuziags	𢫿
okuzgser	𢬁
okuzdciz	𢬆
okuzhubi	𢬉
okuzwjtu	𢬋
okuzhgba	𢬌
okuzribi	𢬒
okuzcser	𢬕
okuzrfuz	𢬛
okuzrfna	𢬜
okuzrutu	𢬝
okuzxtxt	𢬞
okuzsiiz	𢬟
okuzdmig	𢬠
okuzdmpk	𢬪
okuzwfcy	𢬭
okuzhzba	𢬯
okuzucnv	𢬰
okuzve	𢬴
okuzerve	𢬴
okuzjb	𢬶
okuznwkz	𢬷
okuzuikz	𢬸
okuztutu	𢬹
okuzqrmu	𢬺
okuzkliz	𢬻
okuzklty	𢬼
okuzjxhg	𢬽
okuzrfpi	𢭀
okuzgjho	𢭅
okuzxtuj	𢭈
okuzvxgs	𢭊
okqudcuz	𢭋
okuzwfvi	𢭌
okuzujjb	𢭍
okuzxkli	𢭐
okuzyimu	𢭒
okuziryt	𢭓
okuzxtqi	𢭔
okuzhuqi	𢭖
okuzihvu	𢭘
okuzdcmb	𢭚
okuzdadj	𢭛
okuzbiui	𢭠
okuzppjx	𢭡
okuzppkl	𢭣
okgsjiuz	𢭤
okuzjiuz	𢭥
okuzrfiu	𢭧
okuzbcwa	𢭨
okuzuvgk	𢭯
okhebcuz	𢮃
okuzhumu	𢮄
okuztmcc	𢮅
okuztmui	𢮆
okuzuimu	𢮇
okuzihvc	𢮉
okuzjili	𢮌
okuzfhfh	𢮔
okuzwfmu	𢮕
okuzklhe	𢮖
okytiauz	𢮗
okuziedm	𢮛
okuziavx	𢮞
okwuiruz	𢮟
okyuyuuz	𢮠
okuzrfyh	𢮡
okuziziz	𢮢
okvxliuz	𢮣
okuzvxba	𢮤
okuzsixn	𢮥
okuzrfrf	𢮦
okuzhgsi	𢮨
okuzbags	𢮪
okuzhgxt	𢮮
okuzwfyi	𢮯
okuzyhji	𢮲
okuzhgjq	𢮴
okuzujui	𢮶
okuzvjda	𢮸
okuzkzwu	𢮺
okuzccjb	𢮻
okuzhgpu	𢮽
okuzrfbi	𢮾
okuztobw	𢯀
okuzgk	𢯀
okuzmcho	𢯁
okuzdqer	𢯃
okhuwfuz	𢯄
okuzjm	𢯆
okuzkzyt	𢯇
okuzujmu	𢯈
okuzvxtm	𢯉
okuzffuz	𢯌
okuzccbu	𢯒
okuzsibu	𢯜
okuzuvbj	𢯝
okuzuvuv	𢯣
okuzycwf	𢯧
okuzglni	𢯪
okuzbkpu	𢯬
okuzjrjb	𢯭
okuzhujb	𢯯
okuzzdyz	𢯱
okmuiauz	𢯲
okuzvxyz	𢯳
okuzbcjn	𢯴
okuzmugk	𢯵
okuzdguu	𢯸
okuzlqxs	𢯻
okuzccqp	𢯽
okuzccxn	𢰀
okuzhgsi	𢰁
okuzjbui	𢰂
okuzxtyc	𢰃
okuzbcie	𢰄
okuzgsba	𢰅
okuzrflv	𢰈
okuzxtyy	𢰉
okuzkzcy	𢰊
okuzkler	𢰋
okuzsixb	𢰌
okuzwfho	𢰍
okuzsajk	𢰎
okuzvxzi	𢰏
okuzricy	𢰐
okuzrfpi	𢰑
okuzdayt	𢰒
okuzvzer	𢰓
okuzqmkl	𢰔
okuzgskl	𢰕
okuzrfjq	𢰖
okuzppcc	𢰘
okuzvicy	𢰙
okuzxter	𢰚
okuzwfna	𢰜
okmbwfuz	𢰞
okuzfgcc	𢰟
okhouuuz	𢰣
okuzlikz	𢰤
okuzfhzi	𢰧
okuzjrkz	𢰪
okuzgsvc	𢰫
okuzlihg	𢰬
okuzdadm	𢰯
okuzdgfg	𢰰
okuzdguz	𢰱
okuzhuyu	𢰵
okuzdcju	𢰺
okuzjqqn	𢰻
okuzdcqr	𢰼
okuzmuuz	𢰿
okhoheuz	𢱀
okuzdauu	𢱂
okuzvxyz	𢱄
okuzggve	𢱅
okuzxtyc	𢱇
okuzwfxn	𢱊
okuzxtvx	𢱑
okuzmulv	𢱠
okuzxnbw	𢱡
okuzvzyz	𢱥
okuzxbbi	𢱧
okuztmwf	𢱩
okuzyzkz	𢱪
okxkbcuz	𢱬
okuzhvbf	𢱭
okuzbimb	𢱮
okifrfuz	𢱯
okuzcscc	𢱰
okuzbchg	𢱱
okuzjqcc	𢱲
okuzbcho	𢱳
okuzhvmu	𢱴
okuhdduz	𢱵
okuzvuxb	𢱶
okuztuyz	𢱷
okuzvicy	𢱹
okuzpipi	𢱺
okuzppyz	𢱻
okuzxiug	𢱼
okuzhgyr	𢱽
okuzxiho	𢱾
okuzfurf	𢱿
okuzsixb	𢲀
okuzxtwa	𢲁
okuzuijb	𢲄
okuzdadm	𢲅
okuzdghe	𢲇
okuzdgui	𢲉
okuzdcyt	𢲍
okuzvzqr	𢲎
okuzppmu	𢲏
okjqdauz	𢲓
okuzdgui	𢲕
okuzqitu	𢲖
okuzsiui	𢲗
okuzxtba	𢲘
okuzhuyi	𢲙
okuzsitd	𢲚
okuzlidm	𢲣
okuzerge	𢲦
okuzcchd	𢲧
okuzytxy	𢲰
okuzvuqp	𢲶
okuzxtjn	𢲷
okuzvuxn	𢲺
okuzbcqu	𢲻
okuzihjb	𢲽
okvujiuz	𢲿
okglfwuz	𢳁
oksijuuz	𢳉
okuzluwj	𢳊
okuzglbi	𢳋
okuzccys	𢳌
okuzxisi	𢳍
okuzhvbf	𢳎
okuzsiyz	𢳏
okuztrdc	𢳐
okuzwunv	𢳒
okuzvuyz	𢳓
okuzujyt	𢳕
okuzxbhg	𢳖
okuzhgmu	𢳗
okuzxtvc	𢳙
okuzhudj	𢳛
okuzdj	𢳞
okuzerrj	𢳞
okuzdmmk	𢳡
okuzuujm	𢳢
okuzxtyi	𢳤
okuzxtpd	𢳦
okuziyis	𢳨
okuzlchg	𢳩
okuzhvui	𢳭
okuzuujb	𢳮
okuzdgis	𢳰
okuzuibo	𢳲
okuzbuge	𢳴
okuzhuzz	𢳵
okuzfumb	𢳷
okuzvxfz	𢳸
okuzhufu	𢳹
okuzvxyz	𢳻
okuzbijn	𢳼
okuzliul	𢳽
okuzgljp	𢳿
okuzbchg	𢴀
okuznmfu	𢴁
okuzhgcs	𢴃
okuzsiyu	𢴄
okuzvudj	𢴈
okuzbujm	𢴓
okuzbcdk	𢴕
okuzbdji	𢴜
okuzccrr	𢴝
okuzmbcs	𢴞
okuzybge	𢴠
okuzifuz	𢴡
okuzdikz	𢴨
okuzirys	𢴫
okuzcckz	𢴯
okuzlwsi	𢴱
okuzddyi	𢴴
okuzyima	𢴶
okdajiuz	𢴷
oklujiuz	𢴸
okuzppzo	𢴹
okuzlbpu	𢴻
okuzdcwf	𢴼
okuzytmi	𢵁
okuzrfvi	𢵂
okuzrixb	𢵃
okuzcsri	𢵄
okuzuijm	𢵅
okuzccys	𢵇
okuzppdz	𢵊
okuzddmu	𢵍
okuzccys	𢵎
okuzvidc	𢵏
okuzjmqr	𢵐
okuzvonq	𢵕
okuzccbc	𢵖
okuzffmu	𢵙
okuzyhbw	𢵟
okklqruz	𢵤
okuzmcjs	𢵮
okuzmfkd	𢵱
okuzkzyj	𢵲
okuzvivz	𢵴
okuzbkmw	𢵹
okuzvxpz	𢵾
okbdpuuz	𢵿
okuztjdm	𢶁
okuzvuwu	𢶅
okuzykxy	𢶇
okuzgskz	𢶈
okuzbcsi	𢶊
okuzuiig	𢶋
okuzvuua	𢶌
okuztmjq	𢶍
okuzjbgx	𢶎
okuzhudz	𢶐
okuzzixb	𢶓
okuzrifh	𢶔
okuzyuqm	𢶖
okiuwfuz	𢶗
okuzhgjb	𢶘
okuzmacc	𢶚
okuzsycc	𢶛
okuzyuzu	𢶝
okuzvuxn	𢶠
okuzppui	𢶢
okuzhkui	𢶥
okuzwfgs	𢶦
okuzqmho	𢶨
okuziyge	𢶩
okuzccfg	𢶬
okuzccbc	𢶭
okuzujma	𢶮
okuzbdmu	𢶱
okuzyymu	𢶳
okuzuiiu	𢶵
okuzwfhe	𢶸
okuzxtjq	𢶺
okuzccfg	𢶻
okuzerxm	𢶽
okuzuiba	𢷇
okuzlimc	𢷉
okuzpncy	𢷋
okuzuimu	𢷌
okuzvxxb	𢷍
okuzccbf	𢷎
okuzuizz	𢷐
okuzriho	𢷑
okuzycve	𢷖
okuzdgdc	𢷚
okuzyuwf	𢷛
okuzuuuu	𢷜
okuzysxb	𢷝
okuzcche	𢷞
okuzuipi	𢷟
okuzbkmu	𢷡
okuzvher	𢷢
okuzbcba	𢷤
okuzmifu	𢷥
okuzieie	𢷦
okuzpiye	𢷧
okuzheuz	𢷨
okuzmayi	𢷭
okuzquda	𢷯
okuzgllz	𢷱
okuzytba	𢷲
okuzfufw	𢷳
okuzgltu	𢷹
okuzrfgs	𢷼
okuzjimu	𢷽
okuzqixb	𢷾
okuzqtge	𢷿
okuzuili	𢸀
okuzycho	𢸂
okuzsiyr	𢸃
oksinguz	𢸇
okuzhuhg	𢸉
okuzihyi	𢸊
okuzuzbo	𢸌
okuzjrjy	𢸏
okuzhunn	𢸐
okuzbjmb	𢸔
okuzvufg	𢸕
okuzgxgx	𢸖
okuzbcfj	𢸙
okuzlber	𢸜
okuzyima	𢸣
okuzvugs	𢸥
okluyjuz	𢸧
okuzhgmu	𢸨
okuziais	𢸪
okuzyisi	𢸬
okuzrflb	𢸮
okuzxbba	𢸯
okuzviri	𢸰
okuzluyj	𢸱
okuzyuri	𢸲
okuzmfjq	𢸴
okuzriro	𢸶
okuzzzxy	𢸷
okuzhgtn	𢸹
okuzyeyz	𢸻
okuzvufg	𢸽
okuzvufw	𢸿
okuzheqm	𢹀
okjbhuuz	𢹁
okuzujjy	𢹂
okuzccgj	𢹄
okuzliho	𢹇
okuzvudm	𢹈
okuzbjxt	𢹋
okuzdzge	𢹍
okuzhgwf	𢹎
okiebauz	𢹏
okuzpimu	𢹐
okuzxtdg	𢹑
okuzyjyz	𢹒
okuzqixn	𢹓
okuzccui	𢹕
okuzuzho	𢹖
okuztuvi	𢹗
okuzyjmm	𢹙
okuzbnyz	𢹚
okuzccjb	𢹜
okuzyukz	𢹝
okuzhuyi	𢹞
okuzuvye	𢹟
okuzihye	𢹠
okuzvugs	𢹢
okuzyjtu	𢹥
okuzsicj	𢹨
okuzirvv	𢹬
okirvvuz	𢹭
okuztmtu	𢹮
okuzrimi	𢹯
okuzxbho	𢹰
okuzlujy	𢹲
okuzyumb	𢹳
okuzyzyz	𢹴
okuzmfsi	𢹶
okuzyequ	𢹸
okuzvudj	𢹺
okuzhlye	𢹻
okuzvuri	𢹽
okuzyjmo	𢺀
okuzhuda	𢺂
okuzwhli	𢺆
okuzccle	𢺇
okuzyjsi	𢺈
okuzwjis	𢺉
okuzccjb	𢺊
okuzdalb	𢺌
okuzccve	𢺍
okuzyufg	𢺒
okuzhgwf	𢺕
okuzdjyi	𢺖
okuzvfvf	𢺗
okuzvuvv	𢺜
okuzglvv	𢺠
okuzvujb	𢺣
okuzcclj	𢺤
okuzyjyz	𢺥
okuzbccc	𢺦
okuzwhyh	𢺧
okuzifif	𢺪
okuzridk	𢺫
okuzluuu	𢺬
okuzvulj	𢺮
okuzmuho	𢺱
okuzyjui	𢺲
okuzfzuj	𢺴
okklervi	𢻀
okdcbavi	𢻁
okuhxnvi	𢻃
okhuervi	𢻄
okyzyzvi	𢻍
okgsytvi	𢻎
okqmjqvi	𢻗
okglgvvi	𢻘
oktdmuvi	𢻙
okvjbivi	𢻛
okluwjvi	𢻝
okbdtuvi	𢻞
okbcyjvi	𢻟
oksiigvi	𢻡
okriuivi	𢻣
oklbwfvi	𢻦
oktmjqvi	𢻨
okbdivvi	𢻩
okrfvepu	𢻲
okrfrfwf	𢻺
okhgycpu	𢻽
okuhyiwf	𢼁
okyzyzwf	𢼅
okfuppwf	𢼋
okrfyewf	𢼏
okbcfjpu	𢼐
okklerpu	𢼖
okgsuuwf	𢼘
okhuyiwf	𢼚
okuijbpu	𢼞
okcctupu	𢼟
okbaerwf	𢼠
okppwwwf	𢼡
okqrqrwf	𢼥
okxtziwf	𢼪
okyciawf	𢼫
okyciapu	𢼬
okklrfpu	𢼱
okjiccwf	𢼷
okujjiwf	𢼸
okuucepu	𢼾
okxtytpu	𢼿
okdahopu	𢽀
okccgjpu	𢽁
okujwhpu	𢽃
okiulipu	𢽅
okxnjiwf	𢽆
okkldawf	𢽇
okuucewf	𢽋
okxsziwf	𢽌
okbaziwf	𢽑
okwfyzwf	𢽒
okuimuwf	𢽓
okjbpu	𢽖
okujviwf	𢽗
okiujiwf	𢽘
okuidmpu	𢽚
oktmuiwf	𢽛
okujwhwf	𢽠
okriytpu	𢽢
okdcjqpu	𢽣
okxtguwf	𢽤
okrfqnpu	𢽥
okwfmupu	𢽫
okvjbipu	𢽭
okwfxnwf	𢽮
okwfxiwf	𢽯
okuidmwf	𢽴
okriytwf	𢽵
okdcjqwf	𢽶
okujyswf	𢽸
okwfsiwf	𢽺
okbaycwf	𢽼
okvxgupu	𢽿
oknimupu	𢾂
okvjrfpu	𢾃
okiuwupu	𢾈
okjqgspu	𢾌
okiufhpu	𢾍
okzdyzpu	𢾐
okbckzpu	𢾒
okbddmpu	𢾓
okmupugk	𢾔
okiufhwf	𢾕
okmbriwf	𢾞
okbdmuwf	𢾟
okcckzpu	𢾠
okvxziwf	𢾢
okwfmuwf	𢾣
okhumupu	𢾥
okhegspu	𢾦
okheihpu	𢾨
okijhopu	𢾬
okujsiwf	𢾰
okxbbipu	𢾱
okdagjpu	𢾴
okhgkzpu	𢾵
okuicswf	𢾶
okujgewf	𢾷
okeryipu	𢾸
okhuyuwf	𢾹
okhgfhwf	𢾾
okgetspu	𢿀
okujgupu	𢿁
okwwwfgj	𢿂
okwwwfvg	𢿄
okrfpuzu	𢿅
okiuuipu	𢿆
okbdujpu	𢿉
okhutmpu	𢿊
okdcmupu	𢿌
okwwwfpu	𢿍
okbduipu	𢿎
okycxkwf	𢿐
oklusipu	𢿑
okuubwwf	𢿓
okppxnwf	𢿔
okjxnvpu	𢿘
okvsnvwf	𢿙
okyzujpu	𢿚
okuusipu	𢿝
okgskzpu	𢿟
okuubwpu	𢿡
okvxyzpu	𢿢
okuhyapu	𢿦
oklbytpu	𢿨
okccjupu	𢿩
okdikzpu	𢿪
okuupuvg	𢿫
okqrujwf	𢿬
okhuwfvo	𢿭
okvxuipu	𢿮
okccbiwf	𢿯
okuimiwf	𢿰
oklbytwf	𢿱
okvxyzwf	𢿳
okheyuwf	𢿴
okuuguwf	𢿶
okqqqqpu	𢿷
okppujpu	𢿹
okvoytpu	𢿺
okuhyawf	𢿽
okqudzpu	𣀂
okjygjpu	𣀄
okyebiwf	𣀅
okjyyhwf	𣀆
oksixkpu	𣀇
okvejiwf	𣀋
okkzerwf	𣀌
okuiuvpu	𣀍
okvxvepu	𣀎
okuhgjpu	𣀏
okzixkwf	𣀐
okbwbwpu	𣀕
okvujupu	𣀖
okyaihld	𣀗
oklbrzpu	𣀙
okqmrivg	𣀚
oklwpu	𣀜
oklwwf	𣀡
okyjhowf	𣀢
okxmjnpu	𣀣
okyisipu	𣀤
okwfgjpu	𣀦
oklbvvpu	𣀧
okhohopu	𣀨
okyisiwf	𣀩
okhoxbpu	𣀪
okmagjpu	𣀫
okjqnvwf	𣀭
okmaerpu	𣀯
okmibapu	𣀰
okmirfwf	𣀱
okihbcdm	𣀴
okyjsipu	𣀵
okccklpu	𣀺
okbiqitm	𣀽
okhojnpu	𣀾
okxihowf	𣀿
okxmjnpu	𣁀
okwflnba	𣁃
okujwuwf	𣁋
okvxbcwf	𣁍
oknmuuwf	𣁒
okwfwfwf	𣁕
okccuiwf	𣁙
okwwwfwf	𣁛
okcdwfuj	𣁝
okluwjwf	𣁞
okwwwfwf	𣁟
okiywfwf	𣁤
okyjhowf	𣁧
okhgpdwf	𣁨
okwfbcsi	𣁩
okwfmuqp	𣁪
okwfycxt	𣁫
okveerdz	𣁭
okvxcydz	𣁷
okffgsdz	𣁺
okdzxicy	𣁻
okfhfhdz	𣁼
okbderdz	𣁽
okdzdzdz	𣁾
okdzihvc	𣁿
okihvcdz	𣂀
okglvcdz	𣂁
okwfisdz	𣂂
okliytdz	𣂅
okdzihfw	𣂇
okuijndz	𣂍
okdabddz	𣂏
okfubddz	𣂐
okcckljb	𣂚
okujccjb	𣂟
okujvijb	𣂠
okuidmjb	𣂡
okvjbijb	𣂢
okihvcjb	𣂥
okjmjb	𣂧
okujuijb	𣂫
okbcjbkl	𣂬
okvxkvii	𣂭
okviiujb	𣂯
okhgvejb	𣂱
okujccjb	𣂲
okvifzjb	𣂶
okvjvijb	𣂸
okujccjb	𣂹
okliwwjb	𣂺
okcctujb	𣂼
okycvgjb	𣂾
oksifajb	𣂿
okcsrijb	𣃀
okmcdzjb	𣃃
okjbbctu	𣃅
okvubwjb	𣃇
okmujbjb	𣃊
okmcjbjb	𣃋
okyjirjb	𣃌
okxbyjjb	𣃎
okjbgsli	𣃐
okmuhgjb	𣃒
okkzdjjb	𣃓
okycycjb	𣃔
okcctjjb	𣃕
okhgbafh	𣃙
okihjlfh	𣃞
okxxbcfh	𣃟
okfhrfwh	𣃢
okfhrfxn	𣃥
okfhrfwu	𣃦
okfhrfri	𣃧
okfhrfcs	𣃨
okfhrfzi	𣃩
okhgjifh	𣃪
okfhrfug	𣃬
okfhrfjp	𣃭
okfhrfui	𣃮
okfhrfdj	𣃯
okfhrfnw	𣃰
okfhrfdm	𣃲
okfhrfkl	𣃳
okfhrfqq	𣃴
okfhrfuf	𣃵
okfhvjrf	𣃷
okribcfh	𣃸
okfhrfmb	𣃹
okfhrfjx	𣃻
okfhrfvz	𣃼
okfhrfdo	𣃽
okfhrfbw	𣃿
okfhrfqr	𣄀
okfhrfkz	𣄅
okfhrfyi	𣄆
okfhrfyz	𣄉
okfhrfho	𣄊
okfhbibw	𣄌
okfhsiff	𣄏
okfhbf	𣄏
okfhrflm	𣄐
okfhrfyj	𣄑
okfhrfyb	𣄕
okfhrffg	𣄖
okfhtmgs	𣄗
okfhrfgu	𣄘
okfhrfhl	𣄙
okfhybge	𣄞
okfhhgya	𣄟
okfhrfbn	𣄠
okfhrfyj	𣄡
okfhrfts	𣄢
okfhrfho	𣄦
okfhrfyi	𣄧
okfhdjjb	𣄨
okfhmuye	𣄩
okfhrfmp	𣄪
okfhbwye	𣄫
okjipppp	𣄭
okppjiji	𣄯
okwfxnji	𣄶
okjiwfxn	𣄷
okhgbari	𣅆
okiahgri	𣅎
okriveer	𣅏
okrihgia	𣅐
okriveda	𣅔
okihrfri	𣅛
okribayz	𣅝
okbcppri	𣅞
okrijqui	𣅢
okrikler	𣅣
okihrfri	𣅦
okrikler	𣅧
okuiuuri	𣅩
okrippbi	𣅬
okribadm	𣅭
okgfuuuu	𣅯
okxnhgri	𣅱
okkluiri	𣅲
okriveda	𣅳
okridmkd	𣅹
okrihgyy	𣆃
okrivewu	𣆄
okrikzui	𣆉
okvshgri	𣆊
okrirfxn	𣆋
okrifhve	𣆍
okriuigs	𣆓
okliliri	𣆕
okriveve	𣆜
okriujyz	𣆠
okriwuwu	𣆧
okrikzuu	𣆪
okriwhir	𣆬
okrijb	𣆲
okritutu	𣆷
okxtriyz	𣆸
okribcqp	𣆹
okriklcc	𣆼
okdjnqdk	𣆽
okklqmri	𣆾
okribder	𣆿
okrigewu	𣇈
okrijigs	𣇎
okjqfguu	𣇑
okripjpm	𣇓
okrigsri	𣇖
okriihyz	𣇗
okbderri	𣇙
okrisiyz	𣇚
okrihghg	𣇥
okrinmho	𣇪
okrirfug	𣇭
okmupmri	𣇮
okrihuhu	𣇯
okklklri	𣇱
okxtbcri	𣇶
okhvrfri	𣇸
okuiwfri	𣇻
okririmu	𣈁
okhgkzri	𣈆
okripjjb	𣈈
okdamuri	𣈌
okribcmu	𣈎
okribktu	𣈐
okriwffg	𣈝
okrisicc	𣈠
okccccri	𣈤
okrirftu	𣈧
okridgrf	𣈩
okrixihg	𣈺
okritmnq	𣈾
okriklnv	𣈿
okriujyz	𣉀
okrivxrj	𣉁
okrihecc	𣉂
okrijqqn	𣉃
okrituwu	𣉊
okjqirih	𣉑
okrihgtu	𣉓
okrihogf	𣉖
okvorfri	𣉙
okripjyh	𣉚
okrierjb	𣉛
okysriri	𣉣
okripmpj	𣉦
okyabari	𣉩
okririzi	𣉬
okppmiri	𣉭
okribcgo	𣉰
okriiubf	𣉱
okvigjri	𣉻
okricclq	𣊀
okyubarf	𣊂
okfgxtri	𣊄
okzixiri	𣊅
okziffri	𣊆
okrizibf	𣊊
okriyudj	𣊏
okhujiri	𣊑
okccsiri	𣊔
okricshg	𣊚
okhgquri	𣊛
okrimcrf	𣊜
okritumu	𣊝
okrixiho	𣊠
okrisisi	𣊡
okrixihg	𣊢
okriihho	𣊥
okcscsih	𣊦
okcchgri	𣊨
okriyefu	𣊪
okririri	𣊭
okxkjiri	𣊮
okrimfff	𣊱
okriqmho	𣊳
okrigsui	𣊴
okrierer	𣊵
okwurijb	𣊸
okriiumu	𣊻
okmbriuj	𣊽
oknmkzri	𣋅
okyiwfcy	𣋇
okuhccri	𣋈
okrirfkv	𣋌
okrisifw	𣋍
okujujih	𣋎
okrirfkv	𣋓
okriyeri	𣋗
okricche	𣋞
okribaui	𣋡
okiaiari	𣋤
okrididi	𣋥
okriiuui	𣋦
oksisiri	𣋧
okriccjy	𣋭
okxkhukv	𣋮
okhyccer	𣋯
okriytba	𣋱
okriirve	𣋲
okriluho	𣋳
oklurfri	𣋴
okrinmqm	𣋸
okwfvvri	𣋿
okriyhnd	𣌀
okwubfwf	𣌃
okrivxli	𣌄
okxswhri	𣌇
okririyj	𣌈
okrivvkv	𣌉
okriuihg	𣌐
okririmi	𣌑
okriccvv	𣌓
okrigjpu	𣌘
okdjyjjk	𣌚
okdjshye	𣌛
okririxl	𣌝
okiyiyiy	𣌠
okuurisi	𣌡
okbdrfve	𣌣
okklccri	𣌧
okklrive	𣌩
okriwfyi	𣌪
okrierhg	𣌬
okribiuu	𣌲
okycycri	𣌳
okrifhtu	𣌷
okrimiuu	𣌻
okhgyzri	𣌼
okhgyzya	𣌽
okbarifu	𣍄
okuguuri	𣍆
okfgriqm	𣍈
okddddri	𣍌
okriboyi	𣍑
okuvritu	𣍒
okdrkzri	𣍔
okdsdsri	𣍘
okggyuie	𣍛
okuuychl	𣍜
okbchgyt	𣍟
okhgbayt	𣍡
okrfveyt	𣍢
okytbcer	𣍥
okytqili	𣍫
okytbakz	𣍬
okytwunv	𣍲
okythgwj	𣍴
okytxswf	𣍶
okklmiyt	𣍸
okythocc	𣍹
okytxnug	𣍺
okytvjwf	𣍽
okklkzyt	𣎁
okytirys	𣎂
okmhytfj	𣎆
okytrimu	𣎇
okyttmbu	𣎈
okbdmuyt	𣎋
okytmicc	𣎌
okvorfyt	𣎍
okytjrrf	𣎎
okytujrf	𣎐
okytjrtm	𣎒
okdcytuv	𣎕
okytcsxb	𣎗
okwfytri	𣎘
okytccfh	𣎙
okytmcjs	𣎛
okytmisi	𣎝
okbaytlk	𣎞
okytbcge	𣎤
okytriyi	𣎦
okytveho	𣎧
okycpgqu	𣎭
okytxmri	𣎯
okytriui	𣎱
okmuveve	𣎹
okmuveve	𣎺
okklhgmu	𣏁
oktuhgge	𣏄
okmuppji	𣏆
okmuhgsi	𣏇
okmuklhg	𣏊
okwfsimu	𣏋
okhgsimu	𣏏
okmujqhg	𣏒
okmuklna	𣏛
okmujqli	𣏫
okmubcia	𣏯
okmurfqi	𣏱
okhgxtmu	𣏲
okmuhgyc	𣏳
okmukler	𣏵
okklyzmu	𣏷
okmuihui	𣏸
okndrfmu	𣏻
okuibcmu	𣐁
okmufupp	𣐈
okmuuijq	𣐊
okmurutu	𣐍
okmuklyz	𣐏
okmurfxn	𣐐
okmuuier	𣐓
okmuxtyz	𣐔
okmuvegs	𣐕
okmuhuyi	𣐖
okrfbcmu	𣐗
okmubk	𣐚
okmuhudm	𣐛
oktundmu	𣐟
okmudjdm	𣐠
okmuyzgs	𣐢
okmuhguc	𣐣
okxinamu	𣐦
okmuihna	𣐧
okmuppyz	𣐪
okhguvmu	𣐫
okmuppqi	𣐰
oksivemu	𣐱
okmurfkl	𣐶
okklbcmu	𣐷
okmubkhg	𣐸
okmuuhxn	𣐹
okmuuiui	𣐺
okmuglgj	𣐼
okmuvxqn	𣑂
okuvfjmu	𣑃
okbcermu	𣑄
okuuvexk	𣑅
okmuiags	𣑆
okmubcfh	𣑈
okklbcmu	𣑍
okmuxtyi	𣑒
okmudatu	𣑖
okmurfcy	𣑗
okmukljb	𣑙
okmuuiyt	𣑛
okuubdmu	𣑞
okmuklqm	𣑟
okmuxicy	𣑣
okmulcdk	𣑥
okturfmu	𣑧
okhgcemu	𣑨
okmubcui	𣑪
okmurfxn	𣑰
okuvwjmu	𣑱
okmujijb	𣑲
okmuujjb	𣑹
okccccba	𣑼
okmuvxsi	𣑿
okmurfpi	𣒀
okmuhocc	𣒁
okmulier	𣒂
okmuiayz	𣒅
okmucctu	𣒈
okmuviyz	𣒉
okuiyzmu	𣒊
okmurigs	𣒋
okmuyzuj	𣒎
okmuccdm	𣒏
okmuwfer	𣒒
okhosimu	𣒓
okuvlqmu	𣒕
okmuhger	𣒘
okhgkluu	𣒚
okmulnhg	𣒝
okmuihui	𣒟
okmuccnv	𣒢
okmunqji	𣒤
okmuwfyt	𣒥
okmurfmu	𣒦
okmumubi	𣒨
okmuuvkz	𣒩
okmuklhg	𣒪
okmubibf	𣒬
okfggemu	𣒭
okppmutu	𣒮
okmuhghg	𣒯
okmurfrj	𣒰
okmuwuwh	𣒸
okmuucnv	𣒹
okmuuimu	𣒺
okmuqitu	𣒻
okmuihci	𣒽
okuvqmmu	𣒿
oktmtmmu	𣓁
okmuglci	𣓄
okmuhumu	𣓅
okmuvxrf	𣓆
okgvdcmu	𣓇
okmueryt	𣓍
okmuccyc	𣓎
okuibcgo	𣓑
okmuccuu	𣓒
okmuxyqn	𣓓
oklbjqsi	𣓕
okmuwuri	𣓗
okmuuiji	𣓘
okmuccdm	𣓙
okmuzibi	𣓛
oklbvevi	𣓜
okccbcmu	𣓝
okuzytmu	𣓞
okuiklmu	𣓟
okmuhuhu	𣓠
okmupplv	𣓡
okwuwumu	𣓢
okmuihni	𣓣
okmuhvwu	𣓤
okuvmcmu	𣓥
okhgsimu	𣓧
okvjwfmu	𣓨
okmuirtm	𣓩
okwfsiye	𣓪
okuvhemu	𣓮
okwfwfmu	𣓰
okmulier	𣓱
okmuwfli	𣓲
okhohomu	𣓳
okfgfgmu	𣓵
okuibcdd	𣓷
okmuquer	𣓹
okmutobw	𣓽
okmugk	𣓽
okmulbjb	𣔁
okmuuunv	𣔃
okmujqui	𣔈
okmusikz	𣔊
okmuuijk	𣔎
okmudagj	𣔏
okmuriqr	𣔑
okmuuzyt	𣔒
okmuvxqi	𣔔
okmuiziz	𣔖
oktdmuxy	𣔗
okgvdcmu	𣔘
okmuxtwu	𣔛
okmuxidc	𣔜
okmutyvi	𣔝
okmuccbu	𣔟
okmuihgv	𣔦
okmunvui	𣔧
okmurfgv	𣔫
okmuiacc	𣔬
okmuuiqn	𣔮
okmuzdyz	𣔱
okmuzzjs	𣔲
okmuglni	𣔳
okdcbimu	𣔵
okmuytuu	𣔷
okmuhgkl	𣔸
okmudcui	𣔹
okifrfmu	𣔿
okmulwuu	𣕀
okmujrjb	𣕂
okmuhukz	𣕄
okmurfbc	𣕅
okmuximb	𣕆
okmuccqp	𣕈
okmuycuv	𣕊
okmuuiyt	𣕋
okmuxyda	𣕍
okwftmmu	𣕏
okccccmu	𣕐
oklbvetu	𣕑
okmudzyz	𣕒
okysyumu	𣕓
okmujqgs	𣕕
okmuqmlc	𣕗
okmutdmu	𣕘
okqmsiss	𣕙
okmuwfrj	𣕛
okmuuvtu	𣕝
okxtkzmu	𣕠
okxtgsmu	𣕡
okmubfhx	𣕢
okuigumu	𣕣
okdakluu	𣕤
okuigemu	𣕥
okmubutm	𣕨
okmuklnv	𣕩
okuiuimu	𣕫
okwhhemu	𣕰
okmumumu	𣕱
okmuklmi	𣕳
okmutmfh	𣕶
okbimudd	𣕷
okmuccza	𣕸
okmuuuzz	𣕹
okufndmu	𣕼
okuiiumu	𣕿
okmubkpu	𣖀
okmutdmb	𣖁
okmudayh	𣖂
okqmjqmu	𣖄
okmuihxb	𣖅
okmuxyzi	𣖆
okwfjsmu	𣖇
okwfklmu	𣖈
okmuxtmu	𣖉
okmudddc	𣖊
okmuvivi	𣖌
okmumcbc	𣖏
okmubcfz	𣖑
okmubcba	𣖒
okmufgwf	𣖓
okmunivi	𣖗
okmuccui	𣖝
okmuyikz	𣖞
okmubckl	𣖣
okmuguuz	𣖥
okmuccci	𣖨
okmuvxuv	𣖩
okmuhumu	𣖪
okuiuumu	𣖫
okmuniqm	𣖬
okmuhgtu	𣖭
okmuvuxb	𣖯
okmuvubi	𣖰
okmuujqy	𣖱
okmuhuwf	𣖳
okvjvemu	𣖴
okmuglxb	𣖸
okmuruuz	𣖹
okmuyzmb	𣖻
okmuxyxi	𣖼
okmuvzyz	𣖽
okmugsys	𣖾
okmuyibw	𣖿
okmuviyz	𣗀
okuimuui	𣗁
oklbhghg	𣗂
oknmiald	𣗅
okvzqrmu	𣗆
okmuxiho	𣗇
okmuhuxl	𣗉
okmuccll	𣗊
okmurfqi	𣗍
okmuccqr	𣗎
okmuiger	𣗐
okmujitu	𣗕
oklbuiji	𣗗
oklbdaqm	𣗚
okwhrfmu	𣗜
okhgbcuu	𣗞
okmudaui	𣗟
okmuqidm	𣗠
oklbihba	𣗡
oklbjitu	𣗢
oklbdcwf	𣗣
okmuccfh	𣗦
okmuricc	𣗨
okmucclc	𣗩
okmuvihg	𣗫
okmusier	𣗭
okmuvcho	𣗮
okffgfmu	𣗰
okqqgjmu	𣗲
okmudzcy	𣗳
okvjbimu	𣗴
okmusiba	𣗶
okbmdamu	𣗷
okfubimu	𣗸
oktdmugu	𣗺
oktdmuui	𣗻
okmufubi	𣗽
okmucchd	𣘃
okmuyjto	𣘄
okmuhgwf	𣘅
okmuccgf	𣘇
okmuqrhj	𣘉
okmuglys	𣘋
okmuqlsi	𣘎
okjqjqlb	𣘑
okuiqnmu	𣘒
okmubcda	𣘔
okmubcvz	𣘕
okmuxisi	𣘝
okmujbyz	𣘞
okmuvuke	𣘠
okmuifyt	𣘣
okyiuumu	𣘦
okmuyike	𣘨
okwwwfmu	𣘬
okmuhujx	𣘭
okhggsmu	𣘯
okmuxbhg	𣘰
okmuzibf	𣘶
okmuliho	𣘸
okmurfkz	𣘺
okqiwfmu	𣘼
okmuucmm	𣘽
okxthedd	𣘿
okmuhudj	𣙁
okjrsidd	𣙂
okmuglho	𣙃
okmumujb	𣙄
okqigemu	𣙅
okmujxuv	𣙉
okmuccky	𣙊
okmuujjb	𣙌
okmuuumu	𣙏
okmukzza	𣙐
okmulbda	𣙑
okycpjpm	𣙒
okmuvuza	𣙖
okmuccui	𣙘
okmugsli	𣙚
okmulbyt	𣙛
okmubcvv	𣙜
okmudzdz	𣙞
okmusihv	𣙠
okmuklyc	𣙡
okmudmmk	𣙣
okmuvupi	𣙨
okmuqiui	𣙮
okmuvuju	𣙱
okuifzmu	𣙲
okmuzumu	𣙳
oklbzu	𣙳
okmuyzgu	𣙴
okmuuvde	𣙵
okmufuhg	𣙶
okmuxbwf	𣙺
okmuccqu	𣙻
oktdxbmu	𣙼
okmuihhe	𣙽
okmuppqn	𣙾
okmucijn	𣚀
okmucibw	𣚁
okmuvixb	𣚅
okmutyty	𣚆
okuibcmu	𣚇
okmulwxn	𣚈
okmuxtxn	𣚉
okmuerer	𣚊
okmuccye	𣚋
okmudikz	𣚌
okmulikz	𣚍
okmulwsi	𣚎
okwfmumu	𣚏
okmuhgho	𣚐
okmugskz	𣚑
okmusiyt	𣚓
okmujqho	𣚔
okmuytqr	𣚕
okmuccdm	𣚖
okvzjrmu	𣚗
okuvxmmu	𣚘
okmupmge	𣚙
okmuccxb	𣚜
okmumayi	𣚝
okmuqmyj	𣚞
okmurfvi	𣚟
okmuyebi	𣚠
okmufwmu	𣚡
okmuhgvi	𣚢
okmutmgs	𣚣
okriddyz	𣚤
okmuccyu	𣚥
okhcihmu	𣚧
oknmnmlb	𣚨
okqigumu	𣚩
okmuyivi	𣚪
okmuuzyb	𣚮
okuiuuuu	𣚯
okbatdmu	𣚱
okmuglyu	𣚲
okmuwfvv	𣚳
okmugubu	𣚷
okmuigjs	𣚹
okwwigmu	𣚺
okmuklyj	𣚼
okmucczs	𣛂
okmuirhe	𣛇
okmuvuui	𣛈
okmurfuu	𣛉
okffihmu	𣛊
okmuirhe	𣛋
okyclbpi	𣛍
okmumwwa	𣛏
okmuvexi	𣛐
okmuvvho	𣛑
okndyzmu	𣛒
okmubuih	𣛓
okmuvoge	𣛔
okmuvukc	𣛖
okmuvuge	𣛗
okmuufui	𣛘
okmujbuv	𣛞
okmuwwqp	𣛢
okmumfkd	𣛣
okmuvuqr	𣛩
okmulvho	𣛫
okmuuvmb	𣛯
okmuxtjq	𣛱
okmuyuhu	𣛲
okccdcmu	𣛳
okmuxipi	𣛵
okmumuer	𣛺
okmuhudz	𣛼
okmuheya	𣛽
oklbyusi	𣛾
okmuzzyt	𣜀
okmucivv	𣜁
okmutmjq	𣜂
okmuqqho	𣜃
okmhmufj	𣜄
okmuyhyj	𣜆
okmucibw	𣜇
okrfullb	𣜈
okmuqivi	𣜉
okmuccxt	𣜎
okmubcrj	𣜏
okmuytyz	𣜐
okmuziho	𣜑
okmuqmqu	𣜒
oklbmcjb	𣜓
okmuybyu	𣜔
okmuroxq	𣜗
okmujyyh	𣜘
okmuiyxb	𣜚
okmumfyu	𣜝
okxilbmk	𣜞
okmuuiis	𣜡
okmuvuua	𣜤
okmuykxy	𣜧
oktdmujr	𣜨
okndyzmi	𣜩
okmuuilq	𣜪
okmuuvuc	𣜮
okmuccfg	𣜳
oklbuiba	𣜺
okmuvubw	𣝁
okmuyygv	𣝂
okmuhgya	𣝄
okmumumu	𣝇
okmuccjm	𣝈
okmummmm	𣝊
okmuzzuv	𣝋
okmuccvr	𣝍
okmuvuyj	𣝎
okhhjqmu	𣝐
okmuuimu	𣝔
okdcrfmo	𣝖
okmuytgu	𣝗
okmuccvi	𣝘
okmuujhw	𣝙
okerwamu	𣝚
okmuhuye	𣝛
oktdmubm	𣝜
okkeuuuu	𣝝
okmuyemw	𣝢
okmusicy	𣝣
okmuujjb	𣝤
oklbmcdm	𣝥
okuvnnmu	𣝨
okmugcmu	𣝩
oklbbccy	𣝪
okmuuuuu	𣝬
okmufzyu	𣝰
okmuccwu	𣝱
okmuvubi	𣝳
okycdauu	𣝴
okmuccxi	𣝸
okmusiyh	𣝻
okmuzikl	𣝼
okmuklgj	𣝽
okmuldsi	𣝿
okmummqp	𣞀
okmuvuvz	𣞂
okccmulb	𣞆
okyjmuyj	𣞇
okhgklmu	𣞈
okhgfzhe	𣞉
okmuldhv	𣞋
okmubdfh	𣞌
okujuimu	𣞏
okmuccwa	𣞑
okmucclu	𣞓
okmunmqm	𣞔
okmuccwj	𣞕
oklbklyj	𣞖
okmuklqm	𣞘
okmurfgs	𣞚
okmuppwf	𣞛
okmuiyui	𣞜
okmuisxb	𣞝
okmuyeyh	𣞞
oktdmuvf	𣞟
okmuvzwf	𣞡
okrfwhlb	𣞣
okdanmlb	𣞤
okmuwwyr	𣞥
okmucctm	𣞦
okmuyeuv	𣞧
okmuvumu	𣞫
okmuvuvi	𣞬
okmudcwf	𣞭
okmuvuvi	𣞮
okmuvujq	𣞯
okmuldhv	𣞱
okmusiyr	𣞲
okmufuie	𣞶
okmuccxb	𣞷
okmutuhv	𣞸
okmujuie	𣞹
okmusing	𣞻
okmuyhll	𣞼
okmucclz	𣞾
okmufzsi	𣞿
okmuccfg	𣟀
okmuccdd	𣟃
okmuhgmu	𣟄
okmuwhnv	𣟅
okmuyumb	𣟇
oklbihuj	𣟈
okmuyima	𣟊
okmubcyi	𣟋
okmuuili	𣟌
okmuuimi	𣟍
okmuyimu	𣟎
okhgkzmu	𣟏
okmuwfvd	𣟐
oksfnmnm	𣟒
okmuuiye	𣟓
okmuvuvr	𣟔
okmuyjmu	𣟕
okmuhucc	𣟗
okuibcmu	𣟘
okmuzzxy	𣟙
oklbglcy	𣟜
okmuccwo	𣟝
okmuccri	𣟞
okmumomu	𣟟
okmuxmxi	𣟠
okmuvufw	𣟢
okmuvufg	𣟣
okmulihr	𣟥
okhxwfmu	𣟦
okmuyubw	𣟨
okmulwru	𣟪
okmuccyt	𣟫
okmumfds	𣟬
okmcmuwf	𣟮
okiebamu	𣟰
okmuyufg	𣟱
okmuhuyi	𣟴
okmudzge	𣟵
okmucswf	𣟷
okmulumi	𣟸
okmuvucj	𣟹
okmuwfhr	𣟻
oktdmujn	𣟼
oktdmulc	𣟽
okhgrimu	𣠀
okmuqmyj	𣠃
okmuyupb	𣠄
okmuccmb	𣠅
okuuuuuu	𣠆
okmuccjm	𣠇
okycbcui	𣠈
okmuvunm	𣠊
oksibdmu	𣠋
okmuyuuu	𣠌
okmuujxy	𣠍
oktdmuyc	𣠎
oktdmuzv	𣠏
okmuwfuu	𣠐
okbcfjvu	𣠒
okmuvupn	𣠓
okhgklmu	𣠔
okmuvuui	𣠘
okmuxbho	𣠙
okmuyulq	𣠚
okmuvdho	𣠜
okmuccer	𣠝
okmujige	𣠟
okmutmtu	𣠠
okmuyjxi	𣠡
okmubcxb	𣠣
okmurfjm	𣠤
okmubcbw	𣠦
okmuycuz	𣠧
okmurigj	𣠨
okmutsho	𣠪
okycbcer	𣠫
okmuuvuv	𣠬
okmuyzyz	𣠭
okdawhlb	𣠮
okmuglyi	𣠯
okmuvuri	𣠱
okmuuvwf	𣠴
okxibccy	𣠵
okvuvejm	𣠶
okmuhgmu	𣠻
okmumfvf	𣠼
okmuxiyt	𣠽
okifrfmu	𣠿
okmuccvi	𣡀
okmuiiwf	𣡁
okmuuiyi	𣡃
okmuycuz	𣡄
okmurfyh	𣡅
okyclbww	𣡇
oktsbcgo	𣡈
okmugser	𣡋
okmubiqb	𣡎
okhgklmu	𣡏
okmuxtjs	𣡐
okmuxiji	𣡑
okmuvugv	𣡔
oklblblb	𣡕
okhguimu	𣡖
okgogogo	𣡗
okmudsri	𣡘
okmukljq	𣡛
okycbcjk	𣡜
okmumfvj	𣡞
okmutmhg	𣡟
okmumumj	𣡠
okfzbccy	𣡡
okmuluuu	𣡣
okmurixl	𣡤
okwftslb	𣡥
okhgklmu	𣡦
okmutmfz	𣡧
okujsier	𣡨
okhgkzmu	𣡪
okmuklcy	𣡫
okmuhuyi	𣡬
okmutmqp	𣡭
okuzxicy	𣡮
okrfgogo	𣡰
okxibccy	𣡱
okledoji	𣡳
okmubchs	𣡴
okxivjmu	𣡷
okfzsicy	𣡸
oktmmutm	𣡺
okmuvvvv	𣡻
okvjvjmu	𣡼
oklblblb	𣡽
okgogogo	𣡾
okmutsho	𣡿
okcchgqm	𣢑
okhuyiqm	𣢛
okliliqm	𣢩
okcctuqm	𣢫
okihjbqm	𣢬
okihuvqm	𣢭
okuhxnqm	𣢰
okkzirqm	𣢱
okbajbqm	𣢲
oknqliqm	𣢳
okrfkdqm	𣢴
okhusiqm	𣢵
okbitmqm	𣢸
okuhuvqm	𣢻
okbdbiqm	𣢼
okbiuiqm	𣢾
okhgkzqm	𣣂
okihiuqm	𣣃
okbiheqm	𣣅
okuhfuqm	𣣇
okcikzqm	𣣊
okbituqm	𣣑
okjbriqm	𣣒
okqmqmqm	𣣓
okbakzqm	𣣔
okhurfqm	𣣕
okujuiqm	𣣗
okuimuqm	𣣙
okqmqmho	𣣛
oksiliqm	𣣜
okdcuiqm	𣣡
okuigsqm	𣣣
okmbriqm	𣣤
oktdmbqm	𣣥
okkzirqm	𣣦
okvjrfqm	𣣧
okqmklqm	𣣨
okdariqm	𣣩
okjbbdqm	𣣪
okerbwqm	𣣬
okihieqm	𣣭
okqmklqm	𣣮
okbciuqm	𣣯
okciddji	𣣰
oklikeqm	𣣱
okliytqm	𣣲
oksibaqm	𣣴
okvjveqm	𣣸
oksiklqm	𣣻
okrfhgqm	𣣽
okihyaqm	𣣾
okuitdqm	𣣿
oksjerqm	𣤀
okhvmuqm	𣤂
okbiqmnd	𣤃
okvokzqm	𣤌
okxiyjqm	𣤍
okvixnqm	𣤎
okrfvzqm	𣤏
okjqkeqm	𣤑
okjqjuqm	𣤒
okihyuqm	𣤔
okulyzqm	𣤕
okieuuqm	𣤖
okrfybqm	𣤗
okvomuqm	𣤜
okuuriqm	𣤝
okribkqm	𣤞
okuidmqm	𣤟
okieuuqm	𣤢
okxiybqm	𣤣
oklibwqm	𣤥
okvjyuqm	𣤦
okuumuqm	𣤧
okyujbqm	𣤪
okgsgeqm	𣤬
okxmsiqm	𣤭
okdctuqm	𣤱
okvibiqm	𣤳
okhugeqm	𣤴
oktummqm	𣤶
okuimuqm	𣤷
okmijnqm	𣤹
okuimuqm	𣤺
okklviqm	𣤻
okuiyaqm	𣤼
okyikzqm	𣤽
okccviqm	𣤾
oknmnnqm	𣥁
okuupppp	𣥂
okppppvi	𣥆
okppvihg	𣥋
okvikluu	𣥑
okhgkzvi	𣥔
okklrfvi	𣥙
okvikzkz	𣥧
okvieruc	𣥩
okvijijb	𣥪
okviuukl	𣥫
okvidcsi	𣥬
okvigjgj	𣥭
okvirfpu	𣥰
okujuivi	𣥲
okvikzdc	𣥴
okviriuc	𣥶
okviwfvs	𣥷
okviyzmu	𣥸
okvikzkl	𣥼
okvihguc	𣥿
okvivics	𣦁
okhgtmvi	𣦂
okvivzdc	𣦃
okvibaye	𣦄
okihvili	𣦆
okvicscs	𣦊
okvierkl	𣦋
okwusahg	𣦏
okiewfvi	𣦔
okviuhvi	𣦕
okviklcs	𣦗
okvituvi	𣦙
okbuviuu	𣦚
okhgvipu	𣦞
okujvivi	𣦣
okdvvild	𣦨
okvivupi	𣦩
okifvovi	𣦪
okviuiiu	𣦬
okihhevi	𣦯
okyjsivi	𣦱
okvijili	𣦲
okvivili	𣦳
okycycvi	𣦴
okuuklhg	𣦵
okhgveve	𣦶
okuuhgyz	𣦻
okddveve	𣦾
okdddmer	𣧇
okddhguu	𣧒
okddlnln	𣧓
okddxnna	𣧖
okddrfxn	𣧠
okddfupp	𣧨
okddklcc	𣧱
okddvxyz	𣧶
okddkljk	𣧺
okddiruj	𣧽
okddufdm	𣨃
okddvxcy	𣨅
okddbder	𣨆
okddqikl	𣨇
okdduzpm	𣨊
okddsiyz	𣨏
okuibcsi	𣨑
okddrfqp	𣨖
okddccyc	𣨘
okddwfmu	𣨚
okuuhgge	𣨦
okddhvyz	𣨨
okddvxrf	𣨮
okddgser	𣨳
okdddddc	𣨸
okwfkzsi	𣨻
okuibcqm	𣩉
okdduiva	𣩋
okdduhuz	𣩌
okddyuvf	𣩍
okvxrjsi	𣩖
okddervj	𣩚
okddccmu	𣩣
okddcibw	𣩬
okddriho	𣩯
okddcche	𣩱
okddnmtu	𣩲
okddjiri	𣩳
okddbcba	𣩵
okdddgjq	𣩶
okddccyu	𣩷
okddyisi	𣩹
oktsbcsi	𣩺
okddyisi	𣩻
okcchesi	𣩾
okklppuu	𣪃
okkzuiuu	𣪉
okuihguu	𣪊
okuijiuu	𣪍
okuiytuu	𣪎
okxtytuu	𣪏
okjikluu	𣪐
okbiuiuu	𣪑
okuiqnuu	𣪒
okhukvuu	𣪔
okbdsiuu	𣪕
okuidjuu	𣪗
okbdbiuu	𣪘
okuihguu	𣪛
okuituuu	𣪝
okbdccuu	𣪞
okiekluu	𣪠
okxtuiuu	𣪣
okuguuli	𣪤
okuiuukz	𣪥
okbdfhuu	𣪧
okuitmuu	𣪨
okycmuuu	𣪩
okbkkzuu	𣪪
okuibauu	𣪫
okuinquu	𣪬
okfgmuuu	𣪭
okyegjuu	𣪲
okuiqmuu	𣪳
okvenauu	𣪴
okjqrfuu	𣪷
okuiueuu	𣪸
okuiiuuu	𣪹
okuisiuu	𣪺
okyefuuu	𣪻
okuhyauu	𣪼
okgskzuu	𣪾
okuigcuu	𣫀
okuiieuu	𣫂
okuifuuu	𣫃
oklbytuu	𣫄
okuijnuu	𣫅
okuguuvg	𣫆
okuiuiuu	𣫇
okuiyzuu	𣫈
okuguugu	𣫊
okuucduu	𣫋
okuifuuu	𣫌
okuiuuuu	𣫎
okjqyjuu	𣫏
okuguujk	𣫒
okuilbuu	𣫓
okuiuiuu	𣫔
okxbuiuu	𣫖
okuimiuu	𣫗
okuguulr	𣫘
okugrimu	𣫙
okliuiuu	𣫚
okwfuiuu	𣫛
okuguuvo	𣫜
okuguuks	𣫝
okyejquu	𣫞
okgsyuuu	𣫟
okuinnuu	𣫠
okvhjluu	𣫡
okuggsis	𣫣
okuguudg	𣫤
okyiuukh	𣫥
okieuuiu	𣫦
okugrfmb	𣫨
okyemuuu	𣫩
okyijbjb	𣫫
okvevecc	𣫬
okgrklcc	𣫳
okklvsnv	𣫻
okheigwu	𣫽
okmiigmu	𣫿
okldigmu	𣬀
okbiklve	𣬃
okbikldc	𣬇
okdcsibi	𣬋
okppbcbi	𣬌
okdcbigk	𣬎
okbwsibi	𣬏
okdcbiui	𣬐
okdcbili	𣬒
okbicscc	𣬓
okdcbili	𣬔
okdcbiwu	𣬕
okppbipi	𣬖
okbibicc	𣬗
okbibicc	𣬘
okpzbijk	𣬙
okdcbitu	𣬚
okpphgqi	𣬛
okklermc	𣬭
okmcjkhg	𣭌
okmckzyz	𣭗
okppklmc	𣭣
okwfujmc	𣭫
okmcwfxn	𣭬
okfgdcmc	𣭭
okycgjmc	𣭹
okhuyimc	𣭺
okhebcmc	𣮋
okmcjm	𣮏
okmcbcmu	𣮓
okbcmimc	𣮕
okyawfmc	𣮖
okmcuzuu	𣮚
okfgfgmc	𣮝
okgsytmc	𣮠
okbcmumc	𣮥
okmczdyz	𣮬
okxtyzmc	𣮯
okmumumc	𣮰
okmczoyt	𣮲
okjblcmc	𣮳
okzdyzmc	𣮸
okmcujsi	𣮽
okuimimc	𣮾
okmcklnv	𣯄
okihyjmc	𣯅
okcchemc	𣯈
oksibamc	𣯉
okmcirzi	𣯐
oklilimc	𣯓
okqqvimc	𣯕
okmcihxi	𣯗
okmccche	𣯚
okyawfmc	𣯛
okzimcmc	𣯝
oklilimc	𣯞
okbamcmc	𣯠
oklidmmc	𣯡
okmcccll	𣯣
okmcluwj	𣯭
okyuqmmc	𣯰
okmcminv	𣯲
okwwpumc	𣯷
oklwxnmc	𣯺
okmcheyu	𣯾
okmccczs	𣰁
okmcerer	𣰃
okerermc	𣰄
okheyumc	𣰅
okmcmcjs	𣰇
okdamumc	𣰋
okmuyjmc	𣰍
okmcrfih	𣰎
okmcjiwf	𣰓
okmcmmmc	𣰔
okvuccmc	𣰖
okvfujmc	𣰘
okcchemc	𣰛
okmcfgji	𣰜
okuinvmc	𣰝
oklzwfmc	𣰟
okfumumc	𣰠
okjsjsmc	𣰡
okhvhvmc	𣰣
okmuxlmc	𣰧
okirvemc	𣰫
oklwmc	𣰭
okvjmimc	𣰮
okdabdmc	𣰰
okkltmbd	𣰱
okmcjsmc	𣰲
okmcvudm	𣰳
okvudmmc	𣰴
okmccsjq	𣰷
oktmbcmc	𣰸
okmcluia	𣰹
okyipimc	𣰺
okccvvmc	𣰻
okmcjkqp	𣱁
okmctmqp	𣱃
okdidayc	𣱋
oksijqui	𣱍
okdipper	𣱎
okmcwuui	𣱏
okdixitu	𣱐
okdibatu	𣱑
okdijitu	𣱒
okycbcdi	𣱓
okbiihui	𣱔
okqihgli	𣱗
okqiklia	𣱜
okqimikl	𣱥
okqimiri	𣱩
okqimitm	𣱫
okqiwfhe	𣱭
okqicsjq	𣱰
okuuppna	𣱱
okuvuuyi	𣲁
okuvppqi	𣲃
okuvverf	𣲄
okuuveuv	𣲊
okuvveui	𣲌
okuvklna	𣲐
okuvhgyc	𣲑
okuvrfli	𣲒
okuvdahg	𣲔
okuvkler	𣲕
okppqmuv	𣲛
okrfrfuv	𣲝
okuvxnna	𣲡
okuvbcia	𣲢
okuvkljq	𣲶
okuvklyz	𣲷
okuvujnd	𣲸
okuvvevi	𣲺
okuvuiji	𣲻
okuvbcjq	𣲼
okuvbcji	𣲽
okuvppyz	𣲿
okuvkzui	𣳀
okuvrfwh	𣳁
okuvqiui	𣳃
okuvkzhg	𣳄
okuvrfxn	𣳅
okuvbitu	𣳊
okuvwfer	𣳌
okuvwfve	𣳍
okuveryz	𣳏
okuvklnv	𣳐
okuvujyz	𣳒
okuvsahg	𣳘
okuvihgj	𣳙
okuvkzyz	𣳚
okuvppuv	𣳛
okuvglui	𣳝
okuvrshg	𣳞
okuvuijq	𣳣
okuvkztu	𣳤
okuvglto	𣳥
okuvkzir	𣳧
okuvklfg	𣳫
okuvvxyz	𣳭
okuvycyc	𣳯
okuvmuui	𣳰
okuvfgdc	𣳱
okfgdc	𣳱
okuvqmvi	𣳴
okuvbuui	𣳶
okuvxser	𣳸
okuvdayu	𣳹
okuviruj	𣳺
okuvjijb	𣳽
okuvdcdc	𣴀
okuvppcc	𣴁
okuvkluu	𣴂
okuvbcji	𣴄
okuvuiuu	𣴅
okuvuidc	𣴈
okuvriyz	𣴉
okuvihve	𣴋
okuvycda	𣴌
okuvhgyy	𣴑
okuvglgj	𣴔
okuvhoer	𣴕
okuvirxi	𣴖
okuvwfjb	𣴗
okuvuvda	𣴘
okuvlili	𣴚
okuvfftu	𣴞
okuvbder	𣴟
okuvuikz	𣴠
okuvbdbi	𣴡
okuvbdui	𣴢
okuvgeyc	𣴤
okuvbchs	𣴦
okuvtutu	𣴧
okuvhgzi	𣴨
okuvbcmm	𣴩
okuvjxhg	𣴪
okuvklyz	𣴫
okuvsiyz	𣴬
okuvccve	𣴭
okuvfgge	𣴮
okuvvijb	𣴯
okuvdanq	𣴰
okuvccuu	𣴱
okuvklhg	𣴵
okuvuuba	𣴸
okuvxrer	𣴹
okuvkluv	𣴺
okuvuivi	𣴻
okuvbdba	𣴼
okuvujho	𣴽
okuvrfye	𣴾
okuvglnq	𣴿
okuvrigs	𣵀
okuvjbuv	𣵂
okuvqmdc	𣵃
okuvwhxn	𣵅
okuvxtji	𣵆
okuvbcgd	𣵈
okuvwfda	𣵉
okuvlnkl	𣵊
okuverys	𣵋
okuvxtuv	𣵌
okuvhgxt	𣵍
okuvyurf	𣵏
okuvwjwf	𣵑
okuvtuxi	𣵒
okuvuutm	𣵔
okuvuupi	𣵕
okuvrida	𣵖
okuvkzyc	𣵗
okuvujyr	𣵘
okuvujjb	𣵙
okuvycxn	𣵚
okuvycuj	𣵜
okuvdauv	𣵟
okuvkzer	𣵢
okuvdcjq	𣵥
okuvhghg	𣵨
okuvdaho	𣵩
okuvbcda	𣵫
okuvjikl	𣵬
okuvcctu	𣵭
okuvuzwh	𣵱
okuvvuji	𣵸
okuvjutu	𣵹
okuverye	𣵺
okuvccyc	𣵽
okuveryt	𣶀
okuvhgdc	𣶄
okuvuili	𣶅
okuvuiwf	𣶌
okuvujbd	𣶎
okuvdamc	𣶐
okuvwfer	𣶑
okuvvjia	𣶓
okuvgeuu	𣶔
okuvkltu	𣶕
okuvhgwh	𣶖
okuvjbuv	𣶗
okuvjido	𣶘
okuvuvqm	𣶙
okrfkzuv	𣶚
okuvuvqm	𣶛
okuvrfir	𣶜
okuvtuqp	𣶝
okuvkzrj	𣶞
okuvujwh	𣶟
okuvqixn	𣶠
okuvkldd	𣶡
okuvfhfh	𣶢
okuvhgsi	𣶣
okuvyhkz	𣶤
okuvtuui	𣶥
okuvklui	𣶦
okuvxswf	𣶧
okuvuiis	𣶨
okuvihni	𣶮
okuvmuuc	𣶲
okuvwfyu	𣶳
okuvvizz	𣶵
okuvhoho	𣶷
okuvxkbk	𣶹
okuvviyz	𣶻
okuvbixn	𣶾
okuvxtir	𣷁
okuvgrli	𣷃
okuvbckz	𣷅
okuvxttu	𣷆
okuvhoho	𣷇
okuvyuyt	𣷈
okuvdddz	𣷊
okuvveis	𣷋
okuvuimu	𣷍
okuvccyt	𣷎
okuvccjb	𣷏
okuvrizz	𣷐
okuvuunv	𣷑
okuvveqr	𣷒
okuvsiyz	𣷕
okyirfuv	𣷖
okuvmuuv	𣷘
okhuwfuv	𣷙
okyzxiuv	𣷛
okuvuvwf	𣷜
okuvhvwu	𣷝
okuvnmmu	𣷞
okuvdagj	𣷟
okuvkzyt	𣷢
okuvklri	𣷤
okuvuzyt	𣷥
okuvrfmi	𣷦
okuvdmfz	𣷧
okuvqmdc	𣷨
okuvhoyt	𣷩
okuvujvu	𣷪
okuvqmdc	𣷬
okuvuicc	𣷮
okuvhguu	𣷵
okuvvjyc	𣷶
okuvycuv	𣷹
okuvyuyz	𣷺
okuvhghg	𣷻
okuvhgsi	𣷼
okuvzoyt	𣷿
okuvwuis	𣸀
okuvyuuj	𣸁
okuvuiba	𣸂
okuvccuu	𣸃
okuviuri	𣸄
okuvccci	𣸆
okuvzdyz	𣸈
okuvtuyh	𣸉
okuvjbyy	𣸊
okuvtmqr	𣸋
okuvucke	𣸌
okuvdguu	𣸍
okuvccyz	𣸎
okuvnuuz	𣸏
okuvuiuv	𣸐
okuvmumu	𣸑
okuvihxb	𣸒
okuvlwqm	𣸓
okuvhuui	𣸔
okuvycgj	𣸖
okwwwfuv	𣸗
okuvtavi	𣸘
okuvkzjk	𣸙
okuvgsyu	𣸝
okpkuvuv	𣸞
okuvdddc	𣸟
okuvyclp	𣸠
okuvtumi	𣸡
okuvsifh	𣸤
okuvbcnv	𣸦
okuvbcba	𣸧
okuvlkyy	𣸮
okuvmuzi	𣸯
okuvihve	𣸰
okuvtdyi	𣸳
okuvmujq	𣸴
okuvdauv	𣸷
okuvtmuv	𣸸
okuvuimu	𣸺
okuvihdm	𣸼
okuvccbf	𣸽
okuvccxs	𣸿
okuvccyt	𣹀
okuvmcmb	𣹃
okuvvxys	𣹄
okuvtdmb	𣹆
okuvribd	𣹈
okuvuvmb	𣹉
okuvvzuj	𣹊
okuvhohe	𣹌
okuvgskz	𣹍
okuvgsba	𣹎
okuvzima	𣹏
okuvklnv	𣹐
okuvwutm	𣹒
okuvzzjs	𣹔
okuvddqp	𣹖
okuvxlcc	𣹚
okuverxn	𣹝
okuvsikl	𣹢
okuvdcvi	𣹣
okuvruuz	𣹤
okuvbcyz	𣹦
okuvccdc	𣹨
okuvliyt	𣹩
okuvfhmc	𣹪
okuiuvuu	𣹬
okuvxbbi	𣹮
okuvxyxi	𣹯
okuvvzyz	𣹰
okuvheqm	𣹱
okuvuixb	𣹲
okuvlquv	𣹳
okuvugmu	𣹴
okuvujve	𣹵
okuvzowf	𣹶
okuvfujb	𣹷
okuvytjr	𣹸
okwumphg	𣹹
okuvkzuv	𣹺
okerkler	𣹼
okuvkzwh	𣹽
okuvwfui	𣹾
okuvwffh	𣹿
okuvklxi	𣺀
okuvxuyt	𣺁
okuvlwyt	𣺃
okuvlili	𣺄
okuvjqwu	𣺅
okuvdccc	𣺆
okuvwwgj	𣺇
okuvdgui	𣺍
okuvvzyz	𣺎
okuvccjb	𣺏
okuvbcuj	𣺑
okuvwfyi	𣺒
okuvwfyi	𣺓
okuvdadz	𣺔
okuvxiho	𣺗
okuvuifu	𣺘
okuvgskl	𣺙
okuvdaif	𣺚
okuvccjl	𣺛
okuvccig	𣺜
okuvriyc	𣺝
okuvucyu	𣺟
okuvgker	𣺡
okuvrftn	𣺢
okuvhzyi	𣺣
okuvirdc	𣺤
okuvvxuj	𣺧
okuvwfqm	𣺨
okuvwubk	𣺭
okuvriya	𣺯
okuvmiuu	𣺲
okuvuvdc	𣺳
okuvlwer	𣺴
okuvtrdm	𣺵
okyawfuv	𣺶
okuvxsyt	𣺷
okuvuijb	𣻉
okyarfuv	𣻊
okuvvjyz	𣻋
okuvyhuv	𣻌
okuvdcho	𣻍
okuvbcwf	𣻎
okuvhuqp	𣻐
okuvfhlk	𣻒
okuvximp	𣻔
okuvucmm	𣻖
okuvrfpb	𣻙
okuvxisi	𣻝
okuvtmsi	𣻞
okuvwuif	𣻟
okuvbuuv	𣻣
okuvlqmu	𣻤
okuvjqri	𣻥
okuvjbyz	𣻦
okuvwwuv	𣻨
okuvvier	𣻩
okuvdgmi	𣻬
okuvdcmb	𣻭
okuvvshv	𣻲
okuvmayi	𣻴
okuvpbqn	𣻵
okuvvjtu	𣻶
okuvgluj	𣼀
okuvbcmu	𣼂
okuvjrhe	𣼃
okuvglgs	𣼄
okuvwfmu	𣼅
okuvwfmu	𣼆
okuvuihj	𣼇
okuvwudc	𣼉
okuvheqm	𣼋
okuvfgyt	𣼌
okuvcchj	𣼏
okuvccdd	𣼑
okuvccxi	𣼒
okuvxnxn	𣼓
okuvhecc	𣼕
okuvmk	𣼗
okuvbclq	𣼗
okugjiuv	𣼘
okbdxiuv	𣼙
okuvdj	𣼚
okuverrj	𣼚
okuvnmjb	𣼛
okuvdave	𣼜
okuvrfmu	𣼝
okuvrfpb	𣼞
okuvgluv	𣼟
okuvwfji	𣼠
okuvbcvz	𣼡
okuvyulk	𣼢
okuvuill	𣼣
okuvgvui	𣼤
okuvrier	𣼦
okuvjucc	𣼨
okbauvxm	𣼪
okuvrive	𣼬
okuvnsxb	𣼰
okuvxbwf	𣼺
okuvyuyu	𣼻
okwfuvmw	𣼿
okuvbdjp	𣽀
okuvsiui	𣽁
okuvdapj	𣽂
okuvdckz	𣽃
okuvihuj	𣽄
okuvccqu	𣽇
okuverer	𣽈
okuvhgho	𣽉
okuvuugu	𣽊
okuvjqqm	𣽌
okuvzirf	𣽍
okuvziui	𣽎
okuvhggj	𣽐
okuvzzbf	𣽑
okuvuibw	𣽒
okuvyuxn	𣽓
okuvgstu	𣽔
okuvlbsi	𣽕
okuvpmge	𣽖
okuvwfjp	𣽘
okuvkyho	𣽙
okuvybge	𣽚
okuvufui	𣽜
okuvrijq	𣽞
okuvbipu	𣽠
okuvlikz	𣽢
okuvxkgs	𣽣
okuvgjye	𣽥
okuvxmnv	𣽦
okvzjruv	𣽨
okuvfhlq	𣽩
okuvirmw	𣽪
okuvccxb	𣽫
okuvjsmb	𣽭
okuvufrj	𣽯
okuvvzue	𣽰
okuvwfyt	𣽱
okuvjmji	𣽳
okuvujbf	𣽵
okuvwwiu	𣽶
okuvbcrj	𣽹
okuvpbkv	𣽺
okuverww	𣽻
okuvlbyt	𣽽
okuvlijm	𣽾
okuvklvv	𣾀
okuverjp	𣾂
okuvxmwu	𣾃
okuvzics	𣾄
okuvvidc	𣾅
okuvglro	𣾆
okuvbcmb	𣾈
okuvbcmw	𣾉
okuvxtyr	𣾊
okuvxtif	𣾋
okuvwfyh	𣾌
okuvjiho	𣾎
okuvnmjb	𣾑
okuvwuwu	𣾒
okuvlbuv	𣾕
okuvsuli	𣾗
okuvccbf	𣾘
okuvuvyu	𣾙
okuvqiji	𣾚
okuvccji	𣾛
okuvfwri	𣾝
okuvsiui	𣾞
okuvccgu	𣾟
okuvhuyu	𣾡
okuhuvye	𣾢
okuvdavi	𣾣
okuvjiho	𣾤
okuvvidc	𣾥
okuvyzzi	𣾧
okuvrfmu	𣾨
okuvglmi	𣾩
okuvdikz	𣾪
okuvmfyr	𣾬
okuvgskz	𣾭
okuvuiuu	𣾮
okuvlwtu	𣾯
okuvjxuv	𣾰
okuvyutd	𣾱
okuvyugs	𣾲
okuvyuhx	𣾳
okuvyefu	𣾴
okuvmfkd	𣾺
okpurfuv	𣿀
okuvbiqm	𣿁
okuveryu	𣿃
okuvhenm	𣿇
okuvxtzu	𣿈
okuvjmwf	𣿊
okuvyuhu	𣿋
okuvlumb	𣿍
okuvccxm	𣿎
okuvlbkz	𣿏
okuvgsyi	𣿑
okuvzixb	𣿒
okuvdavi	𣿔
okuvglho	𣿕
okuvfhwf	𣿗
okuvcibw	𣿙
okuvvjmu	𣿚
okuverkz	𣿛
okuvhoxb	𣿜
okuvbcyz	𣿟
okuvrfhv	𣿠
okuvyuyz	𣿡
okuvgsie	𣿢
okuvgvmb	𣿣
okuvvjjq	𣿤
okuvmcri	𣿥
okuvmcmu	𣿧
okuvjnyh	𣿨
okuvccvi	𣿯
okuvuumu	𣿰
okuvwfho	𣿱
okuvuiiu	𣿲
okuvdajs	𣿳
okuvccyh	𣿴
okuvxtbn	𣿵
okuvbcho	𣿶
okuvwutu	𣿷
okuvccxn	𣿻
okuvuumu	𣿼
okuvrfji	𣿾
okuvjbvx	𣿿
okqruvuv	𤀁
okuvhuyj	𤀃
okuvkzkz	𤀅
okuvujli	𤀆
okuvppda	𤀈
okuvhegj	𤀉
okuvvigf	𤀊
okuvbcyu	𤀋
okuvyuvf	𤀍
okuvsigj	𤀎
okuvbcrj	𤀑
okuvccfg	𤀘
okuvccua	𤀚
okuvsuer	𤀝
okuvzitu	𤀟
okuvyhqu	𤀡
okuvciui	𤀦
okuvmmmm	𤀧
okuvxtyu	𤀨
okifrfuv	𤀩
okuvpiye	𤀪
okuvxbxb	𤀫
okuvmida	𤀬
okuvkzbw	𤀭
okuvwflb	𤀮
okuvyucy	𤀯
okuvrigc	𤀰
okuvdavi	𤀱
okxbuvxb	𤀲
okuvnnui	𤀴
okuvmfxk	𤀵
okuvhuvv	𤀶
okuvdayu	𤀸
okuvuumu	𤀹
okuvccmu	𤀻
okuvyegj	𤀾
okuvbcul	𤀿
okuvlnnq	𤁁
okuvlitu	𤁄
okuvsiai	𤁆
okuvvujb	𤁈
okuvnmtu	𤁉
okuvccba	𤁊
okuvbmcc	𤁌
okuvuivi	𤁍
okuvxiui	𤁎
okuvlwxi	𤁏
okuvujig	𤁑
okuvdmvs	𤁘
okpauvxm	𤁙
okuvrfwf	𤁚
okuvwfnq	𤁜
okuvuikz	𤁟
okuvuztj	𤁡
okuvqtge	𤁢
okuvsing	𤁣
okuvnmqm	𤁤
okuvfuie	𤁥
okuvjmwa	𤁦
okuvmusz	𤁨
okuverye	𤁫
okuvccxb	𤁬
okuvhojn	𤁭
okuvccqu	𤁮
okuvirve	𤁯
okuvviiu	𤁰
okuvyuyj	𤁳
okuvmflv	𤁵
okuvrfjb	𤁶
okuvmfii	𤁹
okuvrfgs	𤁺
okuvzifh	𤁻
okuvuimi	𤁼
okuvykmu	𤁽
okuvmiye	𤁾
okuvyuww	𤁿
okuvsinq	𤂁
okuvrfkl	𤂃
okuvdkdc	𤂄
okqkvxcy	𤂅
okuvzima	𤂇
okuvlumu	𤂈
okuvmumj	𤂉
okuvyajb	𤂊
okuvccic	𤂋
okuvjiye	𤂌
okuvuill	𤂎
okuvuiho	𤂏
okuvlbif	𤂑
okuvuvjb	𤂒
okuvuubw	𤂓
okuvuhye	𤂔
okuvmfrr	𤂕
okuvdzfu	𤂗
okuvccif	𤂘
okuvccmj	𤂙
okuvrffu	𤂛
okuvgxgx	𤂜
okuvhguv	𤂝
okuiyiuv	𤂞
okifrfuv	𤂟
okuvhequ	𤂠
okuvfusi	𤂡
okuvyjbi	𤂢
okuvdabf	𤂤
okuvvikv	𤂥
okwuvi	𤂥
okuvqmvv	𤂦
okxive	𤂩
okuvihnn	𤂮
okuvjibw	𤂯
okuvheli	𤂰
okuvqrhl	𤂲
okuvvugs	𤂳
okuvxuge	𤂴
okuvmfvv	𤂶
okuvmfyu	𤂷
okuvwfgj	𤂸
okuvcctj	𤂹
okzijxuv	𤂼
okuvrisi	𤂽
okuvdasv	𤂾
okuvzzxy	𤂿
okuvuili	𤃀
okuvhgtu	𤃁
okuvfhfj	𤃃
okdcyiuv	𤃄
okuvhgyi	𤃈
okuvihxb	𤃉
okuvyeui	𤃊
okuvycbw	𤃋
okuviiui	𤃏
okuvmjtm	𤃐
okuvziye	𤃑
okuvhumu	𤃒
okuvccvi	𤃓
okuvhumu	𤃔
okuvuitj	𤃕
okuvdayu	𤃖
okuvyubw	𤃘
okuvrfui	𤃙
okuvxiyu	𤃚
okuvihri	𤃝
okuvrimj	𤃞
okuvystu	𤃟
okuvuito	𤃠
okuvglhe	𤃢
okuvuiye	𤃣
okuvycvi	𤃤
okuvccdg	𤃥
okuvccjm	𤃦
okuvyjmm	𤃨
okuvyukz	𤃩
okuvdzge	𤃪
okuvvoii	𤃬
okuvsijn	𤃭
okuvmcjb	𤃮
okuvluvz	𤃯
okuvlumi	𤃱
okuvvisi	𤃲
okuvfhtm	𤃳
okuvviuc	𤃴
okuvriyj	𤃵
okuvuidg	𤃶
okuvmfyb	𤃷
okuvyuge	𤃸
okuvihui	𤃹
okuvlbfu	𤃺
okdctmuv	𤃻
okuvwurz	𤃼
okuvyuyz	𤃽
okuvvumb	𤃾
okuvccfa	𤃿
okuvyjyc	𤄅
okuvmfdi	𤄇
okuvjbdc	𤄉
okuvihmo	𤄊
okuvdzer	𤄎
okuvyuxi	𤄏
okuvyulq	𤄐
okuvqipu	𤄑
okuvvuxm	𤄒
okuvccju	𤄓
okuvqtge	𤄔
okuvfhyu	𤄕
okuvrimi	𤄗
okuvxtwf	𤄘
okuvxbho	𤄚
okuvgvvv	𤄛
okuvmifj	𤄜
okuvdzqu	𤄝
okuvwhnv	𤄞
okuvlugu	𤄟
okuvmfdm	𤄡
okuvsida	𤄢
okdariho	𤄥
okuvhusi	𤄦
okuvbwyj	𤄧
okuvwhuj	𤄨
okuvwhjn	𤄩
okuvbmyz	𤄪
okuvfhfj	𤄫
okuvycdo	𤄮
oklidmqk	𤄯
okxmxmuv	𤄳
okuvfubw	𤄴
okuvfuge	𤄵
okuvccle	𤄶
okuvjbho	𤄸
okuvxbsi	𤄻
okuvyuho	𤄼
okuvgcmw	𤄾
okuvbdif	𤅁
okuvvulm	𤅃
okuvvulm	𤅄
okuvdalb	𤅅
okuvgcye	𤅆
okuvyjsi	𤅇
okuvwfjq	𤅈
okuvyulh	𤅉
okuvxtmd	𤅋
okuvxbvi	𤅌
okuvdsri	𤅍
okuvmjye	𤅎
okuvugli	𤅏
okuvqiqi	𤅐
okuvyuxn	𤅒
okuvucye	𤅓
okuvmhyj	𤅗
okuvmhyh	𤅘
okuvtsqp	𤅚
okuvxbif	𤅛
okuvwfer	𤅝
okuvccvi	𤅞
okuvuiye	𤅡
okuvccly	𤅢
okuvwfqp	𤅣
okuviher	𤅤
okuvvxyz	𤅥
okuvluuu	𤅦
okuvmuyz	𤅨
okuvvxcy	𤅪
okuvyulk	𤅫
okuvxmge	𤅬
okuvyikz	𤅭
okuvmuyz	𤅯
okuvvuly	𤅰
okuvvuma	𤅲
okuvhojn	𤅳
okuvsida	𤅹
okuvwfyi	𤅻
okuvnmnn	𤅼
okuvnmnn	𤅽
okuvmfgj	𤅾
okfgtdmb	𤅿
okuvmama	𤆀
okqrqrqr	𤆁
okpplnho	𤆒
okhguiho	𤆖
okklveho	𤆙
okhoppqi	𤆚
okuuhgho	𤆛
okhotudm	𤆧
okvekzho	𤆨
okbcbiho	𤆫
okhgjbho	𤆱
okhoklia	𤆳
okwfsiho	𤆴
okhouier	𤆾
okhovevi	𤆿
okqmuiho	𤇇
okhoyzli	𤇉
okholirf	𤇎
okuuyiho	𤇐
okhodcxi	𤇔
okhosihg	𤇖
okdcsiho	𤇗
okhorshg	𤇛
okhgrfho	𤇟
okhoiruj	𤇱
okbcxiho	𤇵
okhohobc	𤇾
okbkmuho	𤈀
okhgvsho	𤈂
okhohgkl	𤈃
okwhwfho	𤈅
okhohgui	𤈆
okhoriji	𤈋
okridcho	𤈌
okhoribi	𤈑
okhokliz	𤈓
oktugsho	𤈔
okxtxtho	𤈗
okvxbcho	𤈚
okhoujwu	𤈡
okhobdbi	𤈥
okveho	𤈨
okerveho	𤈨
okuihoyz	𤈫
okhosiyz	𤈬
okuuxiho	𤈭
okfggeho	𤈮
okhotocs	𤈯
okhorfqn	𤈰
okvjerho	𤈱
okihnmmp	𤈲
okmuyzho	𤈳
okvjklho	𤈴
okhokzri	𤈵
okhoguli	𤈸
okhohofj	𤈺
okuvqmho	𤈾
okhoriuj	𤉆
okholvve	𤉈
okhorigs	𤉊
okmuliho	𤉏
okiuhgho	𤉐
okhohghg	𤉑
okhogskz	𤉝
okfgrfho	𤉟
okaobcho	𤉡
okdcklho	𤉢
okhoirtm	𤉣
okdodcho	𤉥
okychowf	𤉧
okirdcho	𤉩
okhogetm	𤉫
okhowfmu	𤉬
okhodmfz	𤉮
okdcrfho	𤉯
okhuwfho	𤉰
okppsiho	𤉱
okhowfri	𤉴
okkzjuho	𤉵
okxiqrho	𤉷
okyzhowf	𤉺
okhonmcc	𤉻
okhobcmu	𤉾
okhoyuvi	𤊂
okxiwfho	𤊆
okwhhoho	𤊇
okhorilq	𤊋
okirhgho	𤊌
okhodaiy	𤊖
okhovxji	𤊚
okhoiziz	𤊛
oktddaho	𤊜
okbcbcho	𤊝
okhouicc	𤊠
okhouuba	𤊪
okhoglui	𤊭
okyzhvwf	𤊮
okfubcho	𤊱
okhoirxb	𤊲
okhokluu	𤊳
okhofgui	𤊴
okdabajs	𤊽
okccmuho	𤊾
okhoqmjq	𤊿
okhomuqr	𤋀
okccsiho	𤋂
okmcwfho	𤋄
okkzsiho	𤋅
okmuuiho	𤋇
okkawfho	𤋈
okhorixr	𤋉
okhowfda	𤋋
okhohoyh	𤋍
okmuvcho	𤋐
okfgvjho	𤋒
okhodayz	𤋓
okjiccho	𤋔
okerdaho	𤋕
okiibcho	𤋚
okhouuui	𤋛
okytjuho	𤋝
okbdmcho	𤋞
okhovxsi	𤋠
okhobdtm	𤋡
okiuqrho	𤋣
okjumcho	𤋤
okjuwfho	𤋥
okytvjho	𤋧
okhozoiz	𤋨
okhothwf	𤋩
okhoriiu	𤋪
okhoujuj	𤋫
okhoujwf	𤋬
okifsiho	𤋮
okdariho	𤋯
okliliho	𤋰
okhoccbk	𤋲
okdcklho	𤋳
okirdcho	𤋴
okhovxrj	𤌁
okhoyudc	𤌂
okhozoyt	𤌃
okklsiho	𤌇
okhgmfho	𤌎
okhosikl	𤌐
okycjqho	𤌑
okhosigv	𤌒
okhogfmu	𤌓
okrzqrho	𤌔
okhoyzyz	𤌕
okhotmmu	𤌖
okhoriyu	𤌙
okhoyudc	𤌛
okyjbkhg	𤌜
okbcjbho	𤌝
okhohomi	𤌟
okhohoir	𤌠
okhoerho	𤌢
okhodadm	𤌥
okwwziho	𤌨
okhoxiho	𤌪
okhouiui	𤌫
okriveho	𤌮
okhorihg	𤌰
okhorigs	𤌱
okyutmho	𤌲
okhovxrf	𤌵
okhogvxb	𤌷
okvorfho	𤌹
okvivzho	𤌺
okhovslv	𤌻
okhoziwh	𤌼
okhohoxl	𤍀
okldliho	𤍂
okhoiewu	𤍆
okhoujyj	𤍉
okwfnmho	𤍍
okmuyzho	𤍕
okhobowf	𤍗
okvigjho	𤍙
okhosicc	𤍚
okbagjyz	𤍛
okhodgmi	𤍝
okhogshg	𤍞
okhotocs	𤍡
okhofhtu	𤍣
okifjuho	𤍥
okhohuyt	𤍦
okhouiye	𤍬
okhoxiig	𤍭
okxigjho	𤍰
okhozuri	𤍷
okhorfpb	𤍸
okiuxmho	𤍹
okhocsqn	𤍺
oknvqmho	𤍻
okhohecc	𤍼
okluwjho	𤍽
oklbdaho	𤍾
okyeyhho	𤎀
okirdcho	𤎁
okmmliho	𤎂
okhogvui	𤎃
okhovjtu	𤎆
okgvrfho	𤎇
okhofuba	𤎈
okijxtho	𤎉
okhohouu	𤎊
okhoyubf	𤎋
okhombcs	𤎏
okhoxbwf	𤎑
okccihho	𤎗
okdcyhho	𤎘
okhovijx	𤎙
okujhojs	𤎚
okhoirys	𤎞
okbctuho	𤎟
okhovivi	𤎠
okvidcjq	𤎡
okhoccdm	𤎣
okycwfho	𤎦
okgskzho	𤎧
oktufuho	𤎪
okyjgsho	𤎫
oknihoyz	𤎬
okyjwfhv	𤎭
oklujiho	𤎮
okhocsri	𤎳
okvidcho	𤎴
okvidcho	𤎵
okybgeho	𤎷
okujhoho	𤎸
okifjlho	𤎹
okhofubw	𤎺
okirdcho	𤎾
okjijiho	𤎿
okrfihho	𤏀
okifuvho	𤏁
okhoxlho	𤏂
okhohoqi	𤏃
okuvqmho	𤏄
okhofgmu	𤏆
okhozzsi	𤏉
okhoquho	𤏌
oktuvsho	𤏍
okhogvgv	𤏎
okhotmif	𤏏
okhoccyu	𤏑
okhobmqn	𤏓
okirkzyj	𤏕
okhoerer	𤏙
okyjirve	𤏞
okholwxn	𤏟
okhorfhe	𤏥
okyjdcjq	𤏭
okhogstu	𤏯
okhoccqu	𤏱
okhosigj	𤏵
okholubi	𤏶
oklbdaho	𤏷
okiuwfho	𤏺
okxbhoyz	𤏻
okhoyhxb	𤏽
okhoxkyz	𤏾
okifmuho	𤏿
oksisiho	𤐁
okbkluho	𤐅
okhoyudm	𤐇
okturfho	𤐈
okhosimi	𤐋
oksigsho	𤐍
okhovuri	𤐎
okbdheho	𤐏
okhohoui	𤐔
okhodajs	𤐗
okhomuuu	𤐘
okhoybqm	𤐚
okhoyzjs	𤐟
okhoveuu	𤐢
okjbgeho	𤐦
okhefuho	𤐧
okhocche	𤐩
okhoyjir	𤐪
okxbjqho	𤐫
okvimulv	𤐬
oktdrfho	𤐮
okhorfcc	𤐯
okerwaho	𤐱
okhoriuz	𤐲
okycwfho	𤐳
okhoriho	𤐴
okholutu	𤐷
okhefuho	𤐸
okhoyivi	𤐹
okykrfhg	𤐻
okykdaui	𤐼
okhogsxb	𤐾
okvxxiyj	𤑀
okhonqan	𤑁
okihyjge	𤑂
okbwbwho	𤑄
okrfklho	𤑅
okhonmtu	𤑆
okkllbho	𤑇
okhorfwf	𤑈
okujfgho	𤑊
okdapgho	𤑌
okhoytba	𤑍
okhommmm	𤑑
okcchvho	𤑒
okyjhvqi	𤑓
okccluho	𤑔
okhoqmho	𤑕
okbclbyj	𤑖
okhoglho	𤑙
okhodsho	𤑛
okvegsho	𤑜
okhoyktm	𤑝
okjqvgyj	𤑠
okhoccxb	𤑢
okhobkbk	𤑣
okihnnho	𤑤
okhorifg	𤑥
okhobczv	𤑧
okvegsho	𤑨
okvijyho	𤑩
okxijqho	𤑪
okyuvjho	𤑰
okhoyujy	𤑱
okhowfgj	𤑴
okiugsho	𤑵
okhomfdm	𤑷
okirhoxk	𤑹
okhobcdk	𤑺
okhorihg	𤑻
okhorikv	𤑼
okkzhoho	𤑽
okyjhvkh	𤒀
okhorixn	𤒁
okvijsvv	𤒂
okhorihx	𤒃
okwfgjho	𤒆
okhoyjmu	𤒇
okhohoho	𤒉
okhogvho	𤒋
okquhoho	𤒍
okvvvvho	𤒏
okpplbho	𤒐
okhocclb	𤒑
okgugjho	𤒒
okhohoho	𤒓
okdsdsho	𤒖
okvicici	𤒗
okholwru	𤒛
okhohoho	𤒜
okzijxho	𤒝
oktdxbyj	𤒞
okhoxqye	𤒟
okhovejm	𤒠
okhoglhe	𤒢
okvilubi	𤒣
okvidajs	𤒧
okhovume	𤒪
okhorikv	𤒫
okhoccjl	𤒬
oklibcho	𤒭
okdvsvho	𤒮
okhocsjq	𤒯
okhodctu	𤒰
okhoqixn	𤒱
okhogltu	𤒲
okyjbutm	𤒳
okhoccmu	𤒶
okhoccjm	𤒷
okhotmhx	𤒹
okhorimi	𤒺
okhomfta	𤒻
okhoccvd	𤒽
okhoxbho	𤒾
oknmvvho	𤒿
okhorfjk	𤓀
okhomfyc	𤓁
okhomuyz	𤓄
okxnyjji	𤓅
okhowhwf	𤓇
okhoccle	𤓈
okhoriyj	𤓊
okholujb	𤓍
okviglho	𤓏
okuiggho	𤓐
okklyiho	𤓑
okhoyida	𤓔
oktsbcyj	𤓕
okyjsiho	𤓖
okhodsri	𤓗
okhoyhho	𤓚
okuufuho	𤓜
okhoccly	𤓝
okuufuho	𤓞
okycbcyj	𤓟
okholuuu	𤓠
okhovxyz	𤓡
okhorixl	𤓢
okholbcy	𤓣
okhuhuho	𤓤
okwfmuho	𤓥
okhomohw	𤓦
okvvvvho	𤓪
oksvdvho	𤓫
okvvvvho	𤓬
okhoyccy	𤓭
okfzbcho	𤓮
okhguuba	𤓯
okihvena	𤓰
okvxyiyz	𤓴
okvxdcyz	𤓶
okvxkldm	𤓷
okvxvesj	𤓸
okvxhgba	𤓹
okvxvemu	𤓽
okvxbcvh	𤓾
okvxjiyz	𤓿
okvxjiyz	𤔂
okvxhguu	𤔇
okvxdcui	𤔊
okvxgsxt	𤔌
okvxyuba	𤔍
okvxycyz	𤔐
okvxsifg	𤔒
okvxbcxs	𤔓
okvxsiyz	𤔔
okxlvxvu	𤔕
okkltuvx	𤔗
okvxjqhg	𤔘
okvxvxvx	𤔙
okhuuvvx	𤔚
okvxklsi	𤔞
okwfbuvx	𤔟
okvxccwf	𤔠
okvxbcmu	𤔤
okvxkzjs	𤔦
okvxyzkv	𤔧
okvxycyz	𤔪
okvxkzyz	𤔬
okvxycui	𤔭
okvxwwpu	𤔮
okvxuiyh	𤔰
okvxyzsi	𤔲
okvxmisi	𤔳
okvxrier	𤔴
okvxsiyj	𤔵
okvxbacy	𤔸
okvxbuge	𤔹
okvxcysi	𤔺
okvxbwkl	𤔼
okvxuuwf	𤔿
okvxycan	𤕀
okycvxkz	𤕁
okvxffqr	𤕃
okycjiri	𤕄
okvxyzfz	𤕅
okyciryi	𤕆
oktototo	𤕇
okvxlvlv	𤕈
okvxtsho	𤕉
okvxtsqp	𤕊
okxnvxbd	𤕋
okvxyztm	𤕌
okvxlvui	𤕍
okuibcfu	𤕐
okfujqyz	𤕗
okfuujwf	𤕘
okwfvvfu	𤕚
okfuyhuz	𤕛
okiahgia	𤕜
okdaxiyc	𤕡
okycwfnv	𤕢
okklycve	𤕣
oktuycba	𤕤
okycbijm	𤕥
okkzjiyc	𤕦
okkziayc	𤕧
okrfbajb	𤕨
okycyzve	𤕩
okkluukl	𤕪
okpjklyz	𤕱
okpjrfye	𤕴
okpjxiba	𤕶
okhgpjui	𤕺
okpjrfui	𤕼
okpjtutu	𤕿
okpjccgj	𤖁
okpjuuqi	𤖄
okpjxiuv	𤖅
okpjjm	𤖆
okpjddba	𤖈
okpjuuyr	𤖊
okpjklif	𤖋
okpjwuwh	𤖍
okpjmupm	𤖎
okpjgsys	𤖐
okpjglfu	𤖑
okpjwuif	𤖔
okpjxiyz	𤖕
okpjvivi	𤖗
okpjyzmb	𤖙
okpjwfsj	𤖚
okpjldhv	𤖠
okpjhehv	𤖣
okpjhgda	𤖤
okpjyuya	𤖥
okpjldhv	𤖧
okpmklyz	𤖰
okpmrfui	𤖿
okpmytve	𤗅
okpmgsxb	𤗉
okpmwfmu	𤗊
okpmfhfh	𤗒
okxbhgpm	𤗔
okpmhgji	𤗕
okpmglni	𤗙
okpmqmuj	𤗠
okpmuimu	𤗣
okpmhvmu	𤗥
okpmccys	𤗩
okpmhuhu	𤗭
okpmrifu	𤗱
okpmyefu	𤗵
okpmuibw	𤘄
okyasihg	𤘉
okyaffer	𤘊
okyauukl	𤘍
okyawukz	𤘎
oknqppqi	𤘛
oknqdcdm	𤘞
oknqkler	𤘟
okbcbanq	𤘰
oknqhgyc	𤘳
oknqjiji	𤘷
oknqccyz	𤘸
oknqbcji	𤘺
oknqpprf	𤘻
oknqhgqn	𤙀
oknqfupp	𤙂
oknqyyhg	𤙊
okmebcnq	𤙋
oknqccji	𤙍
oknqlili	𤙒
oknqgsgs	𤙗
oknqrfmc	𤙚
oknqbitu	𤙞
oknqccgj	𤙢
oknqwfdj	𤙫
oknquier	𤙸
okwfbcnq	𤙺
okyzlinq	𤙼
oknqbcxn	𤚂
oknqiziz	𤚄
oknqerpi	𤚆
oknqyhyz	𤚇
oknqujyz	𤚈
oknqwfmu	𤚊
okuivenq	𤚌
oknqwfxn	𤚒
okmuihwf	𤚓
oknqzdyz	𤚔
oknqxitu	𤚕
oknqppuj	𤚞
oknqxswf	𤚠
oknqbcgv	𤚣
oknqgumu	𤚦
oknqifyz	𤚨
oknqxbbi	𤚪
oknqwfui	𤚮
okuinquu	𤚲
oknqlqkz	𤚵
okxiwunq	𤚶
okuzjynq	𤚹
oknqriyu	𤚺
oknqnqhe	𤚻
okuiuunq	𤚼
oknqihyz	𤚿
oknqbwcy	𤛀
oknqxnxn	𤛃
oknqwfer	𤛄
okyawfnq	𤛆
okhenqnq	𤛈
okwuirnq	𤛉
oknqhuqp	𤛏
oknqgskz	𤛒
okkeuunq	𤛓
oknqienq	𤛕
okiiuunq	𤛖
okuguunq	𤛗
okuugjmz	𤛙
oknqnqui	𤛚
oknqjldc	𤛜
oknqccys	𤛟
oknqlwsi	𤛡
oknqheyu	𤛣
oknqlwxn	𤛤
oknqlclc	𤛪
oknqccnq	𤛫
oknqnqnq	𤛭
oknqjyyh	𤛰
okycbcnq	𤛱
oknqgskz	𤛴
oknqklwf	𤛵
oknqheuv	𤛺
oknqccif	𤛻
oknqhgqi	𤛽
okuubcnq	𤛿
oknqwfyh	𤜀
oknqwfgj	𤜃
oknqyisi	𤜄
oknqdctu	𤜇
oknqriyj	𤜈
oknqgeyj	𤜊
oknqgvyj	𤜋
oknqrimi	𤜌
oknqccvv	𤜍
oknqihls	𤜎
oknqihli	𤜏
oknqsixs	𤜑
oknqwjis	𤜒
oknqirmm	𤜓
okriminq	𤜔
okuinqxl	𤜕
okqrveve	𤜛
okqrppqi	𤜨
okqrbcpp	𤜩
okqrhgjb	𤜳
okqrppvi	𤜺
okqrvecc	𤜿
okqrhgyc	𤝃
okqrwfdm	𤝇
okqrjqui	𤝊
okqrrfxn	𤝝
okqryzuu	𤝢
okqrbk	𤝣
okqrhuyi	𤝤
okqrrfcd	𤝦
okqrrfuc	𤝧
okqrbcjq	𤝨
okqrqmui	𤝪
okqrcctu	𤝵
okujtuqr	𤝶
okqruigs	𤝺
okqriruj	𤝾
okqrvekl	𤞁
okqrbaji	𤞄
okqrrfjb	𤞆
okqrhgqq	𤞈
okqryukl	𤞍
okqryzmu	𤞎
okqrvxcy	𤞙
okqrccgj	𤞢
okxtiaqr	𤞮
okqrvetu	𤞯
okqruikz	𤞳
okmutuqr	𤞷
okqrhghg	𤞸
okqrirjk	𤞹
okqrrigs	𤞾
okqrgjqr	𤞿
okqrrfkl	𤟁
okqrdcjq	𤟅
okpjxiqr	𤟌
okihdcqr	𤟐
okpjxiqr	𤟒
okccjbqr	𤟓
okqrkzyt	𤟕
okqrjqyz	𤟚
okhukzqr	𤟜
okqrhujb	𤟝
okjnkzqr	𤟞
okqrerda	𤟦
okqrmacc	𤟨
okqrzdyz	𤟫
okqrsamu	𤟬
okdcbiqr	𤟭
okhumuqr	𤟵
okkzytqr	𤟶
okqrufwf	𤟸
okqryzwf	𤟺
okqrfgcc	𤟻
okqrlnkl	𤠀
okqrvxke	𤠄
okqrjqcc	𤠈
okqrtmwf	𤠎
okqrrfvi	𤠏
okqrriyu	𤠐
okqrdvqr	𤠒
okqrccer	𤠛
okqrxbbi	𤠞
okqrcche	𤠟
okirdmqr	𤠢
okqrccjb	𤠥
okqrujwf	𤠦
okqrsvdc	𤠧
okccjbqr	𤠨
okzifhqr	𤠩
okirklqr	𤠪
okqryzkz	𤠬
okqrfguz	𤠵
okkeuuqr	𤠼
okqruuqm	𤡃
okqriewf	𤡄
okqrlwxn	𤡅
okqrnmfu	𤡉
okqrmfwj	𤡌
okwfuuqr	𤡎
okqrihwf	𤡏
okqrbcyj	𤡗
okqrytyz	𤡘
okqrbcdk	𤡛
okgjrzqr	𤡜
okqrfwtu	𤡝
okqrcczz	𤡞
okqrjqve	𤡡
okqrerer	𤡤
okqrsisi	𤡨
okqrihhe	𤡫
okqrjqyu	𤡯
okqrmfkd	𤡲
okqrdswf	𤡳
okkzisqr	𤡴
okqrhvui	𤡶
okqrmaui	𤡹
okqrbcrj	𤡺
okqrdsqm	𤡻
okqryatm	𤡼
okqrcclv	𤢁
okqryzuj	𤢃
okqrxiho	𤢅
okqryuwf	𤢉
okqrddhg	𤢋
okqrzovi	𤢍
okqrglho	𤢒
okqrhuui	𤢓
oksixkqr	𤢕
okqrwfsu	𤢘
okqrdajs	𤢙
oksiyuqr	𤢚
okiuwfqr	𤢝
okqrrifh	𤢞
okqrsixk	𤢟
okqrujvi	𤢠
okqrmuyi	𤢢
okqrwfhe	𤢤
okqrvxxb	𤢦
okqrbcyu	𤢧
okqrirve	𤢪
okqrbdbf	𤢫
okqryhqr	𤢮
okqryjir	𤢯
okqryjnj	𤢰
okqrxtve	𤢱
okqruijq	𤢷
okqrlw	𤢹
okqrjiye	𤢺
okqrddxb	𤢻
okqrdmer	𤣀
okqrqudz	𤣁
oklwqr	𤣂
okqrluho	𤣄
okqrhgxb	𤣇
okqrercs	𤣈
okhggjqr	𤣉
okqrhlqr	𤣊
okqryubk	𤣋
okqryukz	𤣍
okhuyuqr	𤣏
okqrertu	𤣐
okqrcvjs	𤣑
okqrerwh	𤣔
okqruzvg	𤣙
okqrxtgx	𤣛
okqrxbif	𤣜
okqreris	𤣝
okqryelv	𤣠
okqrmulj	𤣢
okqrkzkz	𤣣
okwfveve	𤣥
okwfvegs	𤣦
okxrujhg	𤣧
okwhveui	𤣭
okwhdcyz	𤣻
okwhuusj	𤤃
okwhhgyc	𤤈
okwhdcdc	𤤊
okwhvevi	𤤏
okwhgser	𤤑
okwhccer	𤤓
okwhbcjb	𤤚
okwhlcyi	𤤜
okwhhgyz	𤤞
okwhklqm	𤤡
okwhklnv	𤤢
okwhppyz	𤤣
okwhrfye	𤤩
okwhppyz	𤤱
okwhgsji	𤤲
okwhihfg	𤤵
okwhdcwh	𤤻
okwhiruj	𤤼
okwhrfxn	𤤽
okwhuviu	𤤾
okwhuijb	𤥈
okwhccli	𤥉
okwhxbrf	𤥊
okwhxier	𤥌
okwhjquj	𤥍
okwhhoyz	𤥎
okwhqikl	𤥗
okwhxsyz	𤥘
okwhmpyz	𤥙
okwhmubi	𤥛
okwhsiyz	𤥜
okwhyidm	𤥟
okwhwfyz	𤥥
okwhvldm	𤥦
okwhlcgs	𤥧
okwhuupi	𤥩
okwhkljk	𤥪
okwhwfuj	𤥬
okwhuckz	𤥮
okwhbder	𤥰
okwhppyz	𤥱
okwhputu	𤥷
okwhpuer	𤥸
okwhgsxb	𤥼
okwhhumu	𤥾
okifyzyu	𤦁
okwhirdm	𤦄
okwhdcjq	𤦆
okririwh	𤦉
okwhwuxb	𤦏
okwhihgv	𤦐
okwhxbyz	𤦑
okwhbcuj	𤦓
okwhwhmc	𤦖
okwhwhuv	𤦗
okwhriyt	𤦛
okwhwhjp	𤦠
okhgklba	𤦡
okwhhurf	𤦣
okwhjqia	𤦥
okxtjkyu	𤦨
okwhyuuj	𤦯
okwhwfsi	𤦰
okwhsikl	𤦱
okwhjumu	𤦲
okwhbcie	𤦳
okwhcsve	𤦴
okwhklnv	𤦵
okwhwfug	𤦶
okwhlikz	𤦺
okmuiayu	𤦼
okwhfhzi	𤦽
okwhwhlk	𤧂
okwhwhbf	𤧆
okwhfgxn	𤧉
okwhyuuj	𤧎
okwhvxvg	𤧏
okwhdcnj	𤧓
okwhxitu	𤧕
okwhcsxb	𤧚
okwhirbi	𤧜
okyutuis	𤧠
okwhtuer	𤧡
okwhuher	𤧢
okuiisyu	𤧤
okqmuuyu	𤧧
okwhgfer	𤧨
okmuiayu	𤧩
okwhxtba	𤧪
okeriayu	𤧬
okwhlpmu	𤧮
okwhppwf	𤧯
okrfwhbi	𤧰
okwhsige	𤧱
okrfwhba	𤧲
okwhcclc	𤧳
okwhbchg	𤧺
okwhbcui	𤧽
okwhfhse	𤧾
okwhdadk	𤨀
okwhzzyz	𤨂
okwhcckz	𤨃
okwhhuuz	𤨇
okwhujkl	𤨈
okwhjiwf	𤨉
okwhvujb	𤨋
okwhxbxb	𤨌
okwhbcli	𤨍
okwhirbw	𤨏
okwhcche	𤨑
okwhsina	𤨔
okvjmuyu	𤨗
okwhbiis	𤨚
okwhccuh	𤨛
okwhcsve	𤨜
okrfwhbi	𤨝
okwhnmfu	𤨢
okwhvuvf	𤨤
okwhddmu	𤨪
okwhglxb	𤨫
okwhdake	𤨯
okwhnmwj	𤨰
okwhkytu	𤨱
okwhccfu	𤨳
okwhccdd	𤨷
okwhnmjb	𤨸
okwhyuyu	𤨹
okwhbcbm	𤨺
okuibcwh	𤨻
okwhhucs	𤩁
okwhrfyj	𤩃
okwhuugu	𤩅
okwhdcba	𤩆
okwhjikz	𤩇
okwhgskz	𤩈
okwhifju	𤩉
okwhuhgu	𤩋
okwhqiji	𤩑
okwhqimu	𤩒
okwhwhds	𤩘
okwhwhxb	𤩙
okwhkluu	𤩚
okwhdcwf	𤩞
okwhwhmf	𤩟
okwhuugu	𤩡
okwhziui	𤩢
okwhrfmu	𤩣
okvjqmyu	𤩤
okwhlwxn	𤩨
okwhhchg	𤩩
okwhieuu	𤩮
okhguuyu	𤩯
okwhvjmu	𤩰
okwhdamu	𤩵
okwhbcmu	𤩷
okwhglvi	𤩻
okwhzovi	𤩼
okwhyatm	𤩾
okwhklwf	𤪀
okwhsijk	𤪁
okwhdajs	𤪃
okwhsiyj	𤪄
okwhxiyb	𤪅
okwhyumz	𤪆
okvjmuyu	𤪇
okihfzwh	𤪈
okysvuwh	𤪉
okifrfyu	𤪋
okwhhumz	𤪍
okvjqmyu	𤪎
okwhyjir	𤪏
okwhppmu	𤪒
okwhbcmu	𤪓
okwhsiwf	𤪖
okwhkzzu	𤪛
okwhvxwf	𤪞
okjyjyyu	𤪡
okwhieuu	𤪢
okwhnmtu	𤪣
okwhbdwf	𤪨
okwhrfgs	𤪩
okwhycmu	𤪫
okwhhgba	𤪬
okfzbcyu	𤪭
okwhgltu	𤪮
okluqmyu	𤪰
okwhvuxq	𤪱
okwhrfbi	𤪴
okwhbdqm	𤪵
okwhsiyr	𤪹
okwhbcfj	𤪺
okwhuumu	𤪻
okwhlblm	𤪼
okwhhumu	𤪽
okwhihyu	𤪾
okwhyigv	𤪿
okrvyzyu	𤫀
okwhcchv	𤫃
okwhjqgv	𤫅
okwhqkxb	𤫈
okwhyjyz	𤫉
okyukzwh	𤫊
okwhvebw	𤫋
okwhieba	𤫌
okdarfhg	𤫍
okqreryu	𤫏
okdasivg	𤫒
okwhwfda	𤫓
okirvvyu	𤫔
okwhhgwf	𤫕
okwhhuff	𤫗
okwhhgwf	𤫘
okwhyjho	𤫙
okwhzvyi	𤫛
okyjsiyu	𤫜
okwhuivi	𤫝
okwhbwfz	𤫡
okwhgewa	𤫣
okwhtmfz	𤫥
okwhccjq	𤫧
okwhxmge	𤫨
oklqrfgx	𤫹
okdakvgx	𤬄
okvxsigx	𤬇
okgxgxgx	𤬑
okgxuixs	𤬕
okxigxxi	𤬖
okhudzgx	𤬘
okgxmugo	𤬙
okhugegx	𤬝
okxbhogx	𤬟
okgxccvv	𤬠
okxbhogx	𤬡
okxbkxgx	𤬢
okxbkxgx	𤬣
oktrisis	𤬤
okwfbdyi	𤬥
okhgycwa	𤬮
okgsjiwa	𤬳
okbcjiwa	𤬽
okdcbcwa	𤭀
okklwhwa	𤭄
okwhirwa	𤭉
okklgjwa	𤭋
okwabdba	𤭍
okvewa	𤭗
okervewa	𤭗
okppifwa	𤭘
okhebcwa	𤭜
okifyzwa	𤭠
okzoytwa	𤭨
okugsiwa	𤭩
okhohewa	𤭰
okmuiawa	𤭲
okklycwa	𤭳
okxsytwa	𤭶
okriyuwa	𤭼
okiuuiwa	𤭽
okxiwhwa	𤭾
okeriawa	𤭿
okerhowa	𤮁
okluwjwa	𤮅
okieuuwa	𤮈
oklwsiwa	𤮎
okgstuwa	𤮔
okkljkwa	𤮖
okxidzwa	𤮘
okhudzwa	𤮙
okieuuwa	𤮛
okhujnwa	𤮝
okccwayh	𤮡
okglwuwa	𤮢
okbwwayh	𤮤
okwfgjwa	𤮩
okbwwacc	𤮪
okfzycwa	𤮫
okfzfzwa	𤮬
okdctuwa	𤮭
okyukzwa	𤮮
okcvjqwa	𤮯
okcvjswa	𤮰
okirvvwa	𤮲
okwaccvv	𤮳
okccvvwa	𤮴
okerwadz	𤮵
okyjhowa	𤮶
okyutmwa	𤮷
okyutmwa	𤮸
okuusjuu	𤮺
okihhegj	𤯍
okglhegj	𤯎
okgjxnmz	𤯏
okgjmfjq	𤯐
okufwfhe	𤯑
okuguugj	𤯒
okverfug	𤯖
okuglili	𤯜
okccerjs	𤯧
okbkpuug	𤯳
okvibkug	𤯴
okuuuuug	𤯶
okyhuiug	𤯹
okbauiug	𤯼
okfupuug	𤯽
okklirer	𤰀
okuhuiuu	𤰃
okuhuuuu	𤰆
okgsppys	𤰇
okccbcys	𤰈
okysysys	𤰌
okgsbafu	𤰍
okysyshx	𤰏
okyeerfu	𤰐
okwftdys	𤰑
okrfhgcc	𤰒
oktmveve	𤰕
oktmuiuu	𤰞
okcchgtm	𤰫
oktmbayz	𤰯
okhgtmhg	𤰱
okpptmvx	𤰲
okyzhgxt	𤰴
oktmhgve	𤰵
okwfsitm	𤰸
oktmklyz	𤱆
oksisitm	𤱊
okjxkler	𤱋
oktmrfxn	𤱏
okuitmrf	𤱑
oktubatm	𤱒
okpptmve	𤱖
okklxttm	𤱚
oktmrugs	𤱝
oksitmye	𤱡
oktmhoer	𤱦
okyzxtrf	𤱫
okrfwftm	𤱭
okpptmna	𤱮
okuigetm	𤱱
oktmvahg	𤱴
oktmlili	𤱷
oksiuvtm	𤱸
okirtmdk	𤱹
okirtmfu	𤱽
okirtmgk	𤱾
okuibcbi	𤱿
okyzyzqn	𤲀
oktmsiuj	𤲁
okjxnmhg	𤲃
okpptmrf	𤲄
okhglvtm	𤲇
oktmdari	𤲉
oktmgswf	𤲋
oktmycxn	𤲎
oktmgsyi	𤲐
okirtmnk	𤲑
okifyztm	𤲗
oksidatm	𤲙
oklwrftm	𤲛
okrfmitm	𤲞
oktmhgyi	𤲡
okufbcyt	𤲥
oktmyzqi	𤲦
oktmerda	𤲬
oktmmutm	𤲭
oktmgsgs	𤲮
okyutmhg	𤲯
okccrftm	𤲱
oktmgstu	𤲲
oktmuvtm	𤲴
okuicstm	𤲷
okyztmjq	𤲽
okyuhghg	𤲿
okycgetm	𤳀
oktmhehe	𤳂
okjxjxjx	𤳅
oktmrfyh	𤳈
oktmnmfu	𤳉
okirtmbk	𤳊
okgecstm	𤳋
oktmtmdm	𤳍
oklwhg	𤳏
oktmlwxn	𤳑
oktmlwxn	𤳒
oklptmgs	𤳓
okvzjrtm	𤳔
oktmxtcy	𤳚
oktmerer	𤳜
oktmheli	𤳝
okvxyztm	𤳞
oktmvjxy	𤳠
okwwigtm	𤳡
okirtmxi	𤳤
oktmtmlb	𤳥
oklwda	𤳦
oklvtmgs	𤳧
oktmyjir	𤳩
okirtmpk	𤳫
oktmvvjs	𤳬
oktmtmwj	𤳭
okvzhotm	𤳮
okirtmuu	𤳯
okwwiihx	𤳰
okirtmjp	𤳲
oktmtmtm	𤳳
oktmkeke	𤳴
okjxjxjx	𤳵
oktmrfgs	𤳶
oksingyz	𤳷
okyzsing	𤳸
oktmhgtm	𤳹
oktmtmlw	𤳻
oksituuu	𤳼
okveerjl	𤳾
okvxmitm	𤳿
oktmtmyc	𤴀
oktmbchg	𤴁
oktmgeis	𤴂
oktmdatm	𤴄
okirtmlu	𤴅
oktmhetm	𤴇
oktmqpdk	𤴉
oktmfztm	𤴊
okvxdstm	𤴋
oktmiftm	𤴌
oktmqpnk	𤴍
okvxddtm	𤴎
oktmgslo	𤴏
oktmhvtm	𤴐
oktmtmlw	𤴑
oktmnntm	𤴒
okhgsipi	𤴖
okccxtzz	𤴗
okruxtzz	𤴘
okhgyzzz	𤴛
okiedmpi	𤴝
okuisizz	𤴞
okuitmzz	𤴡
okyukzpi	𤴤
okbkppuu	𤴮
okbkveer	𤴴
okbkkler	𤴿
okbkhgyc	𤵋
okbkrfji	𤵎
okbkbabc	𤵏
okbkveyz	𤵓
okbkrfye	𤵚
okbkrftu	𤵞
okbkccyz	𤵟
okbkklyz	𤵧
okbkxtrf	𤵨
okbkppho	𤵮
okbkbier	𤵯
okbkrfxn	𤵲
okbkxtia	𤵵
okbkuugs	𤵶
okbkuiyz	𤵷
okbkxser	𤵻
okbkbkve	𤵿
okbkzikz	𤶂
okbkuuui	𤶅
okbkiruj	𤶆
okbkufdm	𤶉
okbkhoyz	𤶌
okbkxtxt	𤶍
okbkwfri	𤶓
okbkwfxn	𤶔
okbkritu	𤶚
okbkdayz	𤶟
okbkbcqp	𤶢
okbkeryz	𤶤
okbkihui	𤶥
okbkmubi	𤶨
okbkccuu	𤶪
okbkhgxt	𤶰
okbkwuuj	𤶵
okbkrizi	𤶿
okbkyzwh	𤷀
okbkbutu	𤷁
okbkjm	𤷃
okbkytyz	𤷊
okbkddmc	𤷋
okbkifyz	𤷌
okbkvxrf	𤷏
okbktmui	𤷒
okbkjbyy	𤷜
okbkxtxb	𤷞
okbkgsyt	𤷥
okbkiziz	𤷨
okbkwfug	𤷬
okbkpjmu	𤷲
okbkkvmb	𤷷
okbkgxer	𤷸
okbkxbji	𤷹
okbkfzyz	𤷺
okbkirxb	𤷻
okbkkljx	𤷾
okbkerda	𤸂
okbkzdyz	𤸃
okbksiuv	𤸄
okbkmbri	𤸅
okbkwfug	𤸇
okbkrfih	𤸌
okbkwfsi	𤸍
okbkrfsi	𤸐
okbkqmvi	𤸕
okbkfuqr	𤸗
okbktdmb	𤸙
okbkdccc	𤸞
okbkujuj	𤸢
okbkqmkl	𤸣
okbkzima	𤸦
okbkvcxn	𤸨
okbkrfvv	𤸰
okbkgsys	𤸶
okbkyjdc	𤸹
okbkhdqm	𤸺
okbknuuz	𤸻
okbkmixb	𤸽
okbklwyt	𤸾
okbkiuve	𤸿
okbkriyu	𤹀
okbkklui	𤹁
okbkdadm	𤹃
okbkhvmu	𤹄
okbkycmu	𤹅
okbkhetd	𤹇
okbklbji	𤹈
okbkucis	𤹊
okbkhemb	𤹋
okbkycho	𤹎
okbkycxb	𤹏
okbkrfnm	𤹑
okbkerge	𤹚
okbkqixb	𤹛
okbkhuqp	𤹡
okbkbwer	𤹢
okbkhuhu	𤹣
okbkjruv	𤹤
okbkuguu	𤹥
okbkkzhv	𤹦
okbkxbdk	𤹧
okbkdavv	𤹩
okbkrfwf	𤹫
okbkyuxn	𤹭
okbklwxn	𤹮
okbkihyz	𤹱
okbkgstm	𤹲
okbkyuda	𤹶
okbkdcsi	𤹸
okbkdcvi	𤹹
okbkirvi	𤹻
okbkrimw	𤹾
okbkliyi	𤺀
okbkriig	𤺁
okbkdaba	𤺂
okbkziui	𤺃
okbkuiyz	𤺅
okbktmgs	𤺆
okbkrfbm	𤺇
okbkjqho	𤺎
okbkqrhe	𤺐
okbklwxn	𤺑
okbkciyj	𤺒
okbkuibw	𤺔
okbkihdc	𤺗
okbkyaqm	𤺘
okbkvivi	𤺙
okbkgskz	𤺜
okbkhuji	𤺝
okbkyuxn	𤺟
okbkrfuj	𤺠
okbkhgui	𤺡
okbklbho	𤺣
okbkjrkz	𤺦
okbkytqr	𤺩
okbkkzyb	𤺵
okbkmayz	𤺶
okbkhunj	𤺿
okbkzixb	𤻁
okbksixk	𤻂
okbkriyh	𤻈
okbkrfnn	𤻉
okbkmuly	𤻋
okbkyuqm	𤻍
okbkriho	𤻗
okbkvxxb	𤻘
okbklbrz	𤻚
okbkcche	𤻜
okbknmis	𤻠
okbkyiyz	𤻢
okbkcsri	𤻣
okbkhevi	𤻤
okbkxige	𤻦
okbkvvxb	𤻮
okbkjqig	𤻯
okbkfusi	𤻰
okbkqtge	𤻵
okbkbjmb	𤻷
okbkrfgs	𤻸
okbkmnis	𤻹
okbkjimu	𤻿
okbkbkwf	𤼄
okbklyqr	𤼇
okbkyubw	𤼊
okbkcsjq	𤼋
okbklbxl	𤼍
okbkhwmb	𤼎
okbkccvv	𤼐
okbklbgu	𤼑
okbkcvjs	𤼒
okbkmanm	𤼔
okbkluzu	𤼗
okbkyjsi	𤼙
okbkwjis	𤼚
okbkngui	𤼛
okbkbiis	𤼜
okbkxbif	𤼝
okuzcchd	𤼞
okbkbwbw	𤼟
okbkvvnn	𤼡
okbksida	𤼤
okdgsiwu	𤼫
okdgviyz	𤼬
okdgvxqn	𤼮
okdggsri	𤼰
okccdgwf	𤼱
okdggswf	𤼲
okdgtuuu	𤼳
okdgqucc	𤼴
okdggsui	𤼵
okdgbwuu	𤼺
okdgdzyz	𤼼
okbduuhg	𤼿
okbduuba	𤽄
okbduuve	𤽆
okbdirhg	𤽋
okbduhhg	𤽓
okbdxnhg	𤽔
okbddmwu	𤽕
okbduipp	𤽖
okbduhve	𤽗
okbdkluu	𤽚
okbdcehg	𤽛
okbdbagj	𤽝
okbddauu	𤽟
okiaiabd	𤽠
okbdxihg	𤽧
okwjvhbd	𤽩
okbdpper	𤽪
okbddasj	𤽫
okbddarf	𤽬
okbdmuxy	𤽰
okbdirri	𤽳
okbddayz	𤽻
oktmribd	𤾄
okgsgsbd	𤾊
okbdjqqm	𤾋
okbdbddz	𤾍
okbdbdnq	𤾎
okbdbdmu	𤾏
okbdfgbi	𤾐
okbdqmgj	𤾑
okbdtmrs	𤾒
oklilibd	𤾕
okbdyzkz	𤾘
okbdbcfh	𤾜
okkzfubd	𤾞
okbdyefu	𤾣
okbddivi	𤾤
okbdgskz	𤾦
okbdbdbd	𤾩
okbdbdda	𤾪
okbdccuu	𤾴
okbdjibw	𤾶
okbdccww	𤾸
okbdyukz	𤾻
okbdcckv	𤾼
okbdvxji	𤾽
okxijqvc	𤾿
okbdxnxn	𤿁
okbdvxcy	𤿃
okbdirir	𤿄
okbaerpi	𤿑
okujgjpi	𤿣
okdcizpi	𤿥
okqmripi	𤿪
okkzizpi	𤿮
okifyzpi	𤿳
okdcjqpi	𤿷
okizizpi	𤿿
oktuyhpi	𥀀
okdcuipi	𥀄
okbwbcpi	𥀅
okqmjqpi	𥀈
okqmklpi	𥀉
okpicctm	𥀋
okuipiuu	𥀎
okwfmupi	𥀏
okvorfpi	𥀐
okpicchv	𥀑
okpivstm	𥀒
okpivshv	𥀖
okyupipi	𥀘
okrzpipi	𥀙
okkzhvpi	𥀚
okpikzhv	𥀜
okcsripi	𥀟
oksivepi	𥀡
okycbcpi	𥀣
okpirifh	𥀤
okriytpi	𥀦
oksilqpi	𥀧
okirvepi	𥀰
okvupibw	𥀷
okyjsipi	𥀺
okvupiqi	𥀻
okvupils	𥀼
okvupixb	𥀽
okjixlkz	𥀾
okdahgmb	𥁋
okklppmb	𥁖
okgeppmb	𥁘
okvegemb	𥁝
okbkffmb	𥁣
okuvrfmb	𥁤
okjijimb	𥁥
okuvtomb	𥁩
oksigemb	𥁪
okgeermb	𥁫
okbdsimb	𥁬
oksipimb	𥁱
okuvvsmb	𥁵
okqiklmb	𥁶
okytybmb	𥁺
okriybmb	𥁻
okuvdimb	𥁼
okytqrmb	𥁾
oktukzmb	𥂁
okmcbcmb	𥂂
okrfjlmb	𥂃
okmupmmb	𥂄
okququmb	𥂊
okxkyzmb	𥂎
okvzyzmb	𥂏
okvzqrmb	𥂐
oksijqmb	𥂒
okyuvfmb	𥂔
okuvlumb	𥂖
okjsytmb	𥂗
okyzybmb	𥂘
okdavvmb	𥂙
okxbwfmb	𥂚
okyutmmb	𥂛
okrffumb	𥂜
okrfqqmb	𥂝
okycjqmb	𥂞
okifyzmb	𥂠
okwfgomb	𥂡
okgujqmb	𥂤
okddgemb	𥂥
okyzyzmb	𥂧
okgubcmb	𥂩
okwfrfmb	𥂬
okifkzmb	𥂭
okcctjmb	𥂯
okyzgumb	𥂰
okdapumb	𥂱
okjbpumb	𥂲
okuvyumb	𥂵
okwfiamb	𥂶
okgcjumb	𥂷
okyzyzmb	𥂹
okgxtrmb	𥂻
okvxtrmb	𥂼
okccxbmb	𥂿
okwfrzmb	𥃀
okxksimb	𥃁
okwfklmb	𥃂
okqrvfmb	𥃃
okyzximb	𥃄
okjbrimb	𥃅
okifrfmb	𥃆
oklwmb	𥃇
okhuklmb	𥃈
okifbimb	𥃉
okycwfmb	𥃊
okhehuyu	𥃋
okxbldmb	𥃌
okxkxlmb	𥃍
okycpumb	𥃎
okwfpumb	𥃏
okwfuumb	𥃐
okpjxswf	𥃑
okhunkmb	𥃓
okuvjqmb	𥃔
okkvjqmb	𥃖
oktshomb	𥃘
okybbjmb	𥃚
okbjmbyb	𥃛
okuvjqmb	𥃜
okvcyzmb	𥃝
okugrfmb	𥃟
okifjmmb	𥃡
okdcmmjm	𥃢
okgdgdgd	𥃣
okmuppji	𥃶
okmuuuve	𥄀
okmuveia	𥄁
okuimuhg	𥄂
okmuhgyc	𥄆
okmuveir	𥄉
okmuhgir	𥄊
okmujqui	𥄌
okmubaui	𥄖
okmudmia	𥄗
okbadcmu	𥄘
okmuhger	𥄙
okmuhgba	𥄚
okmusiui	𥄜
okmuhguj	𥄝
okmuklyz	𥄞
okmuycve	𥄩
okmurfgj	𥄺
okqiermu	𥄽
okcchgmu	𥄾
okmuuier	𥄿
okmuuuna	𥅀
okmurfli	𥅇
okvshgmu	𥅌
okmubakv	𥅎
okmuhgri	𥅏
okwjyzmu	𥅐
okmuqmkl	𥅒
okmurfye	𥅓
okppytmu	𥅕
okmuxsyz	𥅢
okmuuigs	𥅣
okuigekl	𥅤
oksidcdc	𥅫
okmubcyy	𥅬
okmuerri	𥅭
okuigemu	𥅰
okccvemu	𥅱
okvibamu	𥅵
okvjerjk	𥅶
okucwfmu	𥅷
okmuqmvi	𥅸
okmuwfjb	𥅹
okmuhgyy	𥆆
okmugsbi	𥆈
okmurfuu	𥆉
okmuvivi	𥆊
okmuve	𥆍
okmuerve	𥆍
okmusive	𥆎
okmubder	𥆒
okwfkzmu	𥆕
okdamupu	𥆗
oksivesi	𥆞
okmuuikz	𥆠
okmumubi	𥆢
okmumuyz	𥆣
okmuwuwh	𥆦
okmujqer	𥆩
okmutuuh	𥆮
okmubitu	𥆯
okmukzer	𥆰
okmuwuuj	𥆲
okccdmmu	𥆳
okdacymu	𥆴
okmuhocc	𥆵
okmuyiuz	𥆶
okmujb	𥆷
okmunvgk	𥆸
okmuyzmu	𥇄
okmumive	𥇆
okmuklty	𥇈
okmudcjq	𥇌
okmuklhe	𥇘
okdamumu	𥇛
okmudagj	𥇝
okmuvjtu	𥇞
okmujnli	𥇟
okwfmumu	𥇠
oksidagj	𥇡
okmuuikl	𥇤
okmurfrf	𥇥
okuuhomu	𥇨
okmujqqn	𥇩
okmuxnuv	𥇫
okrfihmu	𥇮
okmuwuwu	𥇯
okmuwfmu	𥇱
okmupjjb	𥇴
okmuuikl	𥇵
okmuuicc	𥇼
okmumcmc	𥇾
okmumuda	𥈀
okmuxtyz	𥈃
okmuerda	𥈇
okmujuho	𥈈
okmuqmjq	𥈊
okmumufj	𥈍
okmumuyc	𥈏
okmudcui	𥈑
okmuyccc	𥈒
okmuklnv	𥈔
okmuximb	𥈕
okmudayh	𥈖
okmuwfxn	𥈘
okmuglvi	𥈚
okmulqmu	𥈛
okfumumu	𥈜
okmucsxb	𥈝
okmugskl	𥈞
okmuzdyz	𥈟
okuumpmu	𥈠
okmuuuzz	𥈤
okmuvxrj	𥈦
okmumukd	𥈪
okmumuyz	𥈫
okmukzkv	𥈭
okmusifh	𥈮
okuiuimu	𥈷
okmumumu	𥈸
okmuvxjq	𥈺
okmugstu	𥈻
okbcjkmu	𥈽
okmuxtmu	𥈾
okmusiba	𥉀
okmudauu	𥉁
okuhuimu	𥉆
okmujruv	𥉋
okmucche	𥉌
okmurfjm	𥉎
okvorfmu	𥉏
okmubimb	𥉓
okmubcui	𥉕
okmugvxb	𥉖
okmuyumc	𥉗
okmurfcs	𥉚
okmuvehg	𥉝
okmusimu	𥉞
okmuxtxi	𥉡
okmuyatu	𥉢
okmuhogf	𥉤
okmuujjm	𥉨
oklidmmu	𥉩
okmulidm	𥉫
okmulpho	𥉬
okmudave	𥉱
okmuyuvf	𥉾
okmubujm	𥉿
okmubcqu	𥊁
okcssimu	𥊃
okccsimu	𥊄
okmugljp	𥊆
okifrfmu	𥊇
okmuxthe	𥊉
okmuhvui	𥊊
okmulcmu	𥊏
okmumuzi	𥊐
okmurfyt	𥊕
okmuxbwf	𥊙
okuguumu	𥊧
okndyzmu	𥊨
okmuthzu	𥊰
okklqrmu	𥊷
okmuuixb	𥊸
okglvvmu	𥊹
okmulwsi	𥊻
okmuuhya	𥊼
oksibadi	𥊽
okgsmuye	𥊾
okmusiyz	𥊿
okmuhgyz	𥋀
okmubcdm	𥋁
okmudcwf	𥋂
okmuerer	𥋃
okmuxiho	𥋄
okisismu	𥋅
okmuyuer	𥋉
okmuppzo	𥋍
okmurfmu	𥋎
okmuybge	𥋏
okmuuamu	𥋐
okmuvcxb	𥋑
okmuwhwf	𥋔
okmuuvmb	𥋕
okmuvuxn	𥋘
okccsimu	𥋚
okmwzdyz	𥋜
okmubcgs	𥋡
okmudamu	𥋢
okuhgjmu	𥋤
okmumutu	𥋥
okmulubi	𥋦
okmulubi	𥋨
okbcyzmu	𥋩
okmumudk	𥋫
okmubckl	𥋬
okmusigj	𥋭
okmuxiyj	𥋮
okmujiyj	𥋯
okmubcyu	𥋰
okmubcmb	𥋱
okmuwfhe	𥋶
okmubcyc	𥋺
okmuwhbw	𥋻
okmuriho	𥌁
okmuxtfh	𥌂
okuubwmu	𥌄
okmurfcc	𥌉
okxbmuxb	𥌊
okmuyjir	𥌌
okmulqvi	𥌍
okmumcsi	𥌐
okvupimu	𥌒
okmudcbw	𥌔
okgepimu	𥌕
okmumuyh	𥌖
okmuzikl	𥌗
okmusvmu	𥌘
okmuluho	𥌜
okmuycho	𥌝
okuhyumu	𥌟
okmusiyr	𥌡
okmuboxi	𥌣
okmuuili	𥌤
okmufuie	𥌦
okmumiye	𥌨
okmufumu	𥌪
okmugltu	𥌬
okmuxmxi	𥌭
okmuccwa	𥌯
okccsimm	𥌱
okmuwfgj	𥌲
okmuxmri	𥌳
oknmtubi	𥌵
okmuyubw	𥌶
okmubcxb	𥌷
okmumfjq	𥌸
okmuyukz	𥌼
okmundli	𥌿
okmucsjq	𥍀
okmuglmu	𥍄
okrurfgj	𥍅
okmuyjyz	𥍆
okmumuwj	𥍈
okcckzmu	𥍊
okmucvjs	𥍋
okmuxbho	𥍌
okmuyuye	𥍎
okmuyjho	𥍏
okmuccle	𥍐
okmuvugj	𥍒
okmuglxn	𥍕
okmuluuu	𥍗
okmuuiyc	𥍘
okxmxmxm	𥍙
okmuujyj	𥍛
okmuccvi	𥍜
okmcrfye	𥍢
okmcrfjb	𥍦
okmcirxi	𥍧
okmcjb	𥍯
okmcdcui	𥍶
okmccsxb	𥍷
okmcxswf	𥍺
okmcklnv	𥍻
okmcsiba	𥎅
okmcrive	𥎇
okmcwfyz	𥎈
okmcwfbw	𥎉
okmccsxb	𥎋
okmccsri	𥎏
okmcjsiu	𥎐
okmcjiri	𥎑
okmcmkxb	𥎒
okmcqudz	𥎓
okmcuiis	𥎔
okmcjsuu	𥎕
okmcsimu	𥎙
okmcnmtu	𥎚
okmcjstm	𥎜
okmcfubw	𥎞
okmcwfvh	𥎟
okmcdcuu	𥎠
okmcmuho	𥎢
okmcxtuu	𥎣
okmctsho	𥎤
okmcwfho	𥎥
okeruuui	𥎨
okdcdcui	𥎫
okveuive	𥎲
okviihui	𥎼
okuiujda	𥎽
okrfcsui	𥏀
okuivive	𥏁
okrfihui	𥏂
okuikzyu	𥏃
okjiycui	𥏈
okwfbiui	𥏉
okyikzyz	𥏏
okbiuijq	𥏑
okuiricc	𥏓
okbiuikl	𥏚
okligeui	𥏛
okuidagj	𥏢
okuidagj	𥏣
okuidakv	𥏤
okuimukv	𥏦
okuikztu	𥏧
okybuibi	𥏰
okuinmkv	𥏴
okbiuiww	𥏶
okbdtuui	𥏷
okuirfyh	𥏻
okuibdkv	𥏼
okuihuhu	𥏽
okuiqqkv	𥏾
okuiyefu	𥐁
okuhuiyu	𥐂
okuivikv	𥐃
okdrlqyi	𥐐
okuiccvv	𥐓
okihhgkz	𥐖
okiherkz	𥐘
okuibave	𥐤
okuippji	𥐥
okuippfj	𥐲
okuibcia	𥐷
okuihgyc	𥐺
okuiklyz	𥐼
okuiuiyi	𥑄
okuirfjq	𥑅
okuigldk	𥑈
okuiihsi	𥑉
okuiuiyz	𥑊
okuirfxn	𥑒
okuiccuu	𥑓
okuihudm	𥑗
okuipprf	𥑚
okuibcui	𥑟
okuieedm	𥑣
okuippgh	𥑨
okuippyz	𥑩
okuibcve	𥑪
okuibcve	𥑯
okgsdcui	𥑱
okuiihba	𥑽
okuiuvyu	𥒀
okuiuiye	𥒃
okuigeer	𥒎
okuiriia	𥒏
okuihgug	𥒑
okuivivi	𥒔
okuivxsi	𥒗
okuiqruc	𥒙
okuippsi	𥒛
okuidcdc	𥒢
okuiyzgs	𥒣
okuiiruj	𥒤
okuiyzzz	𥒧
okuirfxn	𥒨
okuibkbk	𥒩
okmuuitu	𥒯
okuiccve	𥒴
okuivldm	𥒹
okgsjiui	𥒽
okuiviwj	𥒿
okuimubi	𥓀
okuiyzui	𥓆
okxiviui	𥓇
okuihvui	𥓈
okuidcjq	𥓒
okuitmui	𥓓
okuivxrf	𥓕
okuirimu	𥓖
okuilwer	𥓗
okuihgyc	𥓛
okuikldn	𥓟
okuihgrf	𥓠
okuivizz	𥓢
okuirirs	𥓣
okuiujbc	𥓤
okuijqve	𥓦
oknqnqui	𥓧
okuikduz	𥓨
okuituui	𥓩
okuibcfz	𥓮
okuifhfh	𥓯
okuiirvg	𥓱
okuiirtm	𥓲
okuiccui	𥓹
okmcwfui	𥓺
okuixswf	𥓻
okuijumu	𥓼
okuiqmjq	𥓾
okuizoyt	𥓿
okuijqtu	𥔄
okuiklrf	𥔆
okuidamk	𥔇
okuiihxb	𥔈
okuixtyz	𥔉
okuijivi	𥔊
okuiklnv	𥔌
okuilikz	𥔎
okfgtmui	𥔏
okuitdmb	𥔐
okuizdyz	𥔑
okuiguyu	𥔓
okuiuiho	𥔕
okuirfie	𥔚
okuippds	𥔝
okuibdmu	𥔟
okuipdkz	𥔠
okuiuigs	𥔤
okuiirkl	𥔥
okuiuvui	𥔨
okuilwir	𥔪
okuiwwcc	𥔫
okuixnbw	𥔭
okuikzkv	𥔲
okuiuiuu	𥔳
okuiugui	𥔴
okuiccyc	𥔵
okuiqlsi	𥔶
okuivxvi	𥔺
okuiuuui	𥔼
okuicche	𥔽
okuiwfer	𥕁
okuilwho	𥕃
okuixtqp	𥕅
okuihehe	𥕆
okuiklkl	𥕇
okuiihvi	𥕈
okuiihxi	𥕉
okuihuqp	𥕑
okuiglxi	𥕒
okuihuhu	𥕕
okccsiui	𥕗
okuiugui	𥕙
okuihoxy	𥕚
okuimiui	𥕝
okuiuiyu	𥕟
okuiihdm	𥕠
okuilqyi	𥕦
okuigsis	𥕨
okuicczz	𥕩
okuifuzi	𥕪
okuiihvf	𥕫
okuivxfz	𥕬
okycjqui	𥕭
okuierer	𥕷
okuilwxn	𥕺
okuijbyz	𥕼
okuigsbi	𥕾
okuiglwf	𥖂
okuizinv	𥖃
okuimfkd	𥖆
okuiccji	𥖈
okuikzmm	𥖊
okuivivi	𥖋
okuippzo	𥖌
okuvciui	𥖍
okyclbui	𥖎
okuixbzi	𥖒
okvuuuui	𥖗
okuiufge	𥖘
okvigfui	𥖞
okxibcui	𥖥
okuibinn	𥖧
okvupiui	𥖫
okuifgji	𥖬
okycbcui	𥖯
okuiujgc	𥖱
okieuuui	𥖳
okuicsfz	𥖴
okuivxxb	𥖵
okuibcba	𥖶
okuidcji	𥖷
okuiihli	𥗃
okuivodz	𥗅
okuifuie	𥗇
okuilbzu	𥗈
okuiuiui	𥗉
oktsbcui	𥗑
okuimayi	𥗗
okuisfuz	𥗘
okugbiui	𥗚
okuiriyj	𥗟
okuiyexm	𥗢
okyipiui	𥗣
okhgbclw	𥗤
okwfkzlw	𥗧
okuiccyi	𥗨
okuiccjl	𥗪
okuitmtu	𥗬
okuiyswa	𥗯
okuiyzif	𥗰
okuipiui	𥗲
okuiyuui	𥗵
okxlgvui	𥗶
okuiuiyi	𥗷
okuiiaif	𥗸
okuicclj	𥗺
okuiyuyj	𥗻
okuiujlo	𥗿
okuiriyi	𥘀
okuifzuj	𥘄
okhguuer	𥘅
okppcchg	𥘠
okpphgyc	𥘢
okppjqui	𥘧
okdabaui	𥘾
okpprfye	𥙁
okpprfxn	𥙄
okppsiyz	𥙈
okppujge	𥙏
okppdakz	𥙗
okpprfjb	𥙚
okpphgqq	𥙠
okpprfdj	𥙡
okppdmqi	𥙤
okppjihg	𥙥
okppmutu	𥙭
okppndgu	𥙯
okppqitu	𥙰
okppuikz	𥙱
okppuvtu	𥙲
okppjikl	𥙸
okppbckz	𥙻
okppercs	𥙽
okppndgu	𥚁
okppirtm	𥚉
okiuuiwu	𥚋
okppuiju	𥚍
okppbitu	𥚐
okppdakv	𥚓
oknidcui	𥚘
okppdjgs	𥚜
okppkzyt	𥚝
okppjquu	𥚞
okppppgu	𥚟
okhohoui	𥚡
okppndkz	𥚣
okppdcui	𥚦
okppzoyt	𥚨
oklwuiuu	𥚪
okpphecc	𥚫
okppbcfz	𥚬
okppburj	𥚳
okppkzer	𥚶
okpprfyu	𥚼
okppppgu	𥚽
okppxswf	𥚾
okppjrnv	𥚿
okppxtyz	𥛀
okiuuiba	𥛁
okppyzyt	𥛂
okppxtxt	𥛃
okppvipp	𥛄
okppvzyz	𥛆
okppgsgs	𥛇
okppjigs	𥛈
okpprfqi	𥛏
okppyzkz	𥛒
okuhuiui	𥛓
okppihrf	𥛕
okppvxri	𥛗
okpprfyh	𥛙
okbcxiui	𥛛
okpphuqp	𥛜
okppxydj	𥛠
okppvjtu	𥛡
okbiuifu	𥛤
okppglyu	𥛩
okppglsi	𥛪
okuhuimi	𥛬
okppmcjs	𥛯
okpptmgs	𥛴
okppbivf	𥛺
okppccih	𥛼
okppqitm	𥛽
okppcsri	𥛾
okppgstu	𥛿
okbiuixx	𥜂
okppsixk	𥜃
okgssiui	𥜄
okpphuui	𥜅
okppjyyh	𥜉
okppriho	𥜏
okpptutm	𥜑
okppuuuu	𥜕
okuuyiui	𥜖
okwfkzui	𥜘
okmiuiye	𥜛
okppjiye	𥜝
okpnjqqn	𥜞
okpperli	𥜡
okppgljy	𥜢
okpplcgs	𥜣
okppbwyi	𥜥
okppertu	𥜦
okppyukz	𥜧
okppkldz	𥜨
okppihvi	𥜩
okpprfnj	𥜫
okpperwh	𥜬
okppwfuu	𥜭
okpplujy	𥜮
okppluzi	𥜯
okiuuiwf	𥜱
okppqmwf	𥜶
oklwuiwf	𥜷
okppluuu	𥜸
okjiuiwf	𥜹
okiuzsvv	𥜺
okppklsi	𥜻
okrfbasi	𥜼
okuuiasi	𥜽
okuhxssi	𥜾
okirklsi	𥝁
okcciasi	𥝄
okjqklsi	𥝅
okjxjqkl	𥝆
okxbjqsi	𥝈
okycbcyu	𥝊
okxbjqsi	𥝋
okhebcpp	𥝢
okherfdm	𥝨
okhehgyc	𥝮
okherfui	𥝺
okheihto	𥝾
okherfye	𥞀
okhejquj	𥞇
okheppdk	𥞉
okheuier	𥞓
okheccer	𥞕
okhedakl	𥞗
okherfer	𥞙
okhexser	𥞝
okhewfri	𥞞
okheuviu	𥞟
okgskzhe	𥞣
okuibche	𥞤
okheuigs	𥞭
okhedcdc	𥞮
okhedmpk	𥞯
okhetmer	𥞷
okheuikz	𥞸
okuvdche	𥞹
okhewfyt	𥞼
okhextuv	𥞾
okuukzhe	𥟃
okhetmnd	𥟄
okhewfzi	𥟆
okhetmui	𥟑
okherida	𥟔
okhebcxn	𥟖
okheyzqi	𥟗
okriujhe	𥟙
okhebitu	𥟚
okhexsyz	𥟛
okirdche	𥟜
okhevxqi	𥟝
okhevxqi	𥟞
okdjujhe	𥟟
okhebiri	𥟠
okhejm	𥟥
oklirfxn	𥟦
okheccmc	𥟪
okvjiahe	𥟫
okhexnys	𥟬
okhekzyt	𥟮
okhevetu	𥟯
okheqmhg	𥟰
okrfuuhe	𥟲
okhevxcy	𥟳
okhejqri	𥟵
okheiziz	𥟷
okirdche	𥟸
okhejier	𥟺
okheccbu	𥟼
okhebdpp	𥠇
okhekzer	𥠋
okrfxihe	𥠌
okhebuug	𥠍
okhetmsi	𥠎
okheppdj	𥠐
okhebcxn	𥠖
okheppds	𥠗
okheccqp	𥠙
okhebkwf	𥠛
okheriui	𥠝
okheqmuj	𥠞
okbaquhe	𥠠
okhecsxb	𥠡
okhewfwh	𥠢
okwfklhe	𥠤
okheuiyh	𥠧
okhesixn	𥠩
okmcwfhe	𥠪
okhejisi	𥠫
okheccvj	𥠯
okhetmji	𥠰
okhexsbi	𥠴
okheccer	𥠸
okheyzvi	𥠻
okiyhehe	𥠼
okfuhehe	𥡀
okmirfxn	𥡁
okhedcdm	𥡄
okhebduj	𥡆
okhebdsi	𥡊
okhezigs	𥡋
okhedcdm	𥡌
okhemhir	𥡍
okhebajb	𥡎
okhetmmu	𥡏
okhezifh	𥡐
okhewfhg	𥡑
okhewfer	𥡒
okhemiwu	𥡓
okhebita	𥡔
okheuiui	𥡖
okhegsys	𥡘
okhemigz	𥡚
okuiuuhe	𥡛
okheyzvi	𥡞
okheyzho	𥡤
okhecsxb	𥡥
okhehuqp	𥡧
okhefufh	𥡨
okheluwj	𥡩
okuihejx	𥡮
oksiklhe	𥡰
okheyzho	𥡱
okheyzri	𥡳
okheyzri	𥡴
okhevgxb	𥡷
okherfkz	𥡺
okbdujhe	𥡻
okhepper	𥡼
okhedcwf	𥡽
okhefuys	𥡾
okhemiju	𥢀
okhebcdk	𥢃
okheyzwf	𥢄
okheccuu	𥢇
okhehgge	𥢈
okuihekl	𥢉
okheqitm	𥢋
okheziui	𥢐
okheyzjq	𥢑
okhewffg	𥢓
okheyzvo	𥢔
okhekyhe	𥢖
okheuiyy	𥢘
okuiheye	𥢙
okxihepd	𥢝
okccmuhe	𥢞
okheguqm	𥢟
okheerer	𥢠
okheulhg	𥢡
okhebduj	𥢣
okheppzo	𥢤
okhebwho	𥢦
okheybge	𥢧
okheyuxn	𥢩
okuiulhe	𥢮
okheqmhg	𥢰
okheheig	𥢲
okmhhefj	𥢵
okhewfhv	𥢺
okhecibw	𥢼
okhevsho	𥢾
okhekztk	𥢿
okheucuj	𥣀
okrfcehe	𥣃
okhefuhe	𥣆
okhefuho	𥣇
okxlugnw	𥣉
okhetmvi	𥣊
okheujys	𥣌
okhegsfg	𥣍
okhexidz	𥣎
okheziho	𥣏
okheuivi	𥣔
okhebayi	𥣕
okvumuhe	𥣚
okhebmhe	𥣝
okhedcyu	𥣟
okrfgjhe	𥣠
okheuiir	𥣡
okheuigs	𥣢
okheriba	𥣣
okheheqr	𥣤
okhemuuv	𥣥
okheuivi	𥣦
okhextyz	𥣨
okheqtge	𥣩
okhefubw	𥣪
okhelw	𥣬
okhezifh	𥣰
okheldhv	𥣱
okhetmhe	𥣲
okhebcfj	𥣳
okhejibw	𥣶
okrituhe	𥣷
okhehedz	𥣸
okheijho	𥣹
okheqmtu	𥣺
okykhehe	𥣻
okheiugv	𥣼
okheppyz	𥣾
okheuulb	𥣿
okhewfgj	𥤁
okheyima	𥤂
okhemiiy	𥤄
okhemiyz	𥤅
okhevucj	𥤇
okhebmyz	𥤈
okheccvv	𥤊
okhezivi	𥤍
okhetsho	𥤎
okhemucy	𥤏
okhetmtu	𥤐
okhebmui	𥤑
oktuyubw	𥤒
okuaheuu	𥤔
okheheuu	𥤕
okvulyhe	𥤖
okheccvi	𥤙
okhegvho	𥤚
okhedcho	𥤛
okhecckz	𥤜
okhehomm	𥤠
okmamahe	𥤡
okppkler	𥤢
okdmklcc	𥤬
okxtppqi	𥤭
okxtverf	𥤳
okxtdaba	𥥍
okxtkzdc	𥥎
okxtcckl	𥥏
okxthgpp	𥥒
okxtklcc	𥥚
okxtppyz	𥥜
okxtwuyz	𥥞
okxtgjdm	𥥢
okxtyzho	𥥦
okxtxtxt	𥥨
okxtwuui	𥥫
okxtdcxb	𥥬
okxttukz	𥥭
okxtqmvi	𥥲
okxtqikl	𥥹
okxtjbjk	𥥼
okxtxiho	𥥿
okxtuimu	𥦃
okxtizer	𥦅
okxtdcjq	𥦇
okxtxbff	𥦋
okxtricc	𥦍
okxtrida	𥦏
okxterkl	𥦐
okxtercs	𥦑
okxtbdbi	𥦒
okxttmba	𥦕
okxtkzdz	𥦖
okxtkzxb	𥦗
okxtifyz	𥦞
okxtjqve	𥦣
okxtuzww	𥦤
okxtxmrf	𥦥
okxtriyz	𥦦
okxtvzdc	𥦧
okxtklve	𥦪
okxtbaxi	𥦬
okxtkzkz	𥦮
okxtxivg	𥦰
okxtyrwf	𥦲
okxtytba	𥦴
okxtytwf	𥦵
okdcjqxt	𥦶
okxtwfdc	𥦹
okxtrfjb	𥦻
okxtuimu	𥦼
okxtgrxb	𥦾
okxtxbkz	𥦿
okxtjbuu	𥧀
okxtgsdc	𥧂
okxtpjbk	𥧃
okxtridm	𥧄
okxtbibw	𥧅
okxtnnbk	𥧈
okxtpjww	𥧌
okxtpjdj	𥧍
okbwxtxs	𥧐
okxtbcxk	𥧗
okxtmmhg	𥧘
okxtwwww	𥧙
okxtnvzo	𥧚
okxtsixb	𥧛
okxtviyz	𥧞
okxtgvxb	𥧟
okxtbiyz	𥧠
okxtermc	𥧢
okxtrijm	𥧤
okxtxbgc	𥧦
okxtbimb	𥧧
okxtuibw	𥧨
okxtyuvf	𥧯
okxtkxgx	𥧰
okxtuvvz	𥧲
okxtccho	𥧳
okxtxblu	𥧴
okxtxbgo	𥧵
okxtnqdd	𥧷
okxthowu	𥧸
okxtertd	𥧺
okxthgcs	𥧻
okxtxbyu	𥧼
okxtrfmu	𥧽
okxtuiqm	𥧾
okxtufwf	𥨂
okxtufuu	𥨃
okxtgswf	𥨄
okxtkzuu	𥨈
okxtpjyj	𥨉
okxtpjvz	𥨊
okxtqitm	𥨌
okbwxtqy	𥨏
okxtgsdc	𥨐
okxtbimu	𥨑
okxtiuyz	𥨒
okxtjbvi	𥨓
okxtlclc	𥨔
okxtuijm	𥨖
okxtjqjk	𥨗
okxtnqgo	𥨘
okxtuvgo	𥨙
okxtufmc	𥨚
okqucctu	𥨜
okxtrfyz	𥨝
okxtyuxn	𥨞
okxttumb	𥨠
okxtrfvf	𥨡
okxtisyz	𥨢
okxtdajs	𥨤
okxtjqji	𥨥
okxtqrvi	𥨦
okxtufyi	𥨪
okxterer	𥨬
okxtyhxb	𥨭
okxtlcuh	𥨮
okxtxbdg	𥨰
okxtpjnv	𥨲
okxterge	𥨳
okxtxkho	𥨴
okxtufgo	𥨵
okxtpjkz	𥨷
okxtlwgo	𥨸
okxtiumi	𥨺
okxtvuji	𥨼
okxtheho	𥨽
okxthgmu	𥩀
okxtvurf	𥩁
okxtximi	𥩂
okxtgvue	𥩄
okxtvuxk	𥩅
okxtbmgo	𥩈
okxtlclc	𥩊
okxttumm	𥩋
okksksks	𥩌
okxtyuve	𥩎
okxtvvnn	𥩏
okxttubw	𥩐
okxtyudj	𥩑
okxtpjyj	𥩒
okxtgskz	𥩓
okliwfve	𥩚
oklibchg	𥩟
okliriuu	𥩬
okliqikz	𥩭
oklirfna	𥩷
oklitucy	𥩸
okwhytli	𥩿
okliyzqn	𥪁
oklibciu	𥪃
oklikljb	𥪄
okliujuc	𥪈
oklitmui	𥪎
oklierrf	𥪐
okliernq	𥪑
okliuicc	𥪒
oklijqve	𥪖
oklidmvs	𥪝
oklidmnw	𥪞
okifrfli	𥪡
oklisimd	𥪣
okifjbli	𥪨
okliccdo	𥪫
oklihuuv	𥪬
oklilier	𥪰
okqmjqqp	𥪵
oklicsri	𥪶
okliccwo	𥪺
okeryzli	𥪻
oklikeke	𥪼
oklinmli	𥪽
oklihguu	𥫀
okliytyi	𥫄
oksiihli	𥫅
oklimigs	𥫆
oklixiuu	𥫇
oklirigs	𥫈
okliwfgj	𥫉
okiulili	𥫋
oklinmtu	𥫍
okliuukz	𥫐
okvhcsxb	𥫑
okvhgsxb	𥫒
okvhvoul	𥫓
okvhjlbw	𥫔
okvhkzvo	𥫕
okvhkzyc	𥫖
okrfuuvu	𥫧
okvuuuna	𥫪
okvuppqi	𥫬
okgegege	𥫮
okvubcjq	𥫷
okvuklna	𥫻
okvuxtuu	𥬁
okvuhgir	𥬂
okvugsji	𥬑
okvuuiyz	𥬖
okvuppfu	𥬘
okvurfuh	𥬚
okvuppvi	𥬛
okvubcbi	𥬜
okvugsdc	𥬣
okvubauh	𥬧
okvuyukl	𥬬
okvuwhji	𥬶
okvuuhxx	𥬷
okvundmu	𥬸
okvuklba	𥬺
okvuveqi	𥬻
okvuriia	𥬽
okvubcuh	𥬿
okvutuuc	𥭀
okvuxbfj	𥭂
okvulijb	𥭄
okvutukz	𥭅
okvujxhg	𥭆
okvuqmuj	𥭇
okvuuvwh	𥭎
okvuvxcy	𥭐
okvuklty	𥭒
okvuvjdc	𥭔
okvuytuc	𥭖
okvuerve	𥭙
okvuve	𥭙
okvuyzqn	𥭢
okvurive	𥭣
okvuklfg	𥭤
okvuqrjb	𥭦
okvuritu	𥭧
okvubder	𥭨
okvuuujs	𥭩
okvurfpi	𥭪
okvuerer	𥭫
okvuytto	𥭬
okvufgbi	𥭯
okvufjmu	𥭰
okvukzve	𥭱
okvurive	𥭷
okvurfvi	𥭸
okvubcxi	𥭹
okvulckz	𥭻
okvuxtuv	𥭼
okvuhgyi	𥭿
okvuriuc	𥮀
okvuuzji	𥮁
okvurfyz	𥮂
okvurfza	𥮃
okvuytyi	𥮄
okvuwhda	𥮅
okvurfhv	𥮈
okgsvugj	𥮌
okvuvxrf	𥮍
okvuqrcc	𥮎
okvuuvbm	𥮓
okvuhgsi	𥮔
okvubcmi	𥮗
okvuvzdc	𥮙
okvucedc	𥮚
okvudcjq	𥮛
okvurive	𥮞
okvukltu	𥮟
okvuiziz	𥮢
okvuiamu	𥮣
okvuklbi	𥮦
okvuwfmu	𥮧
okvugsxb	𥮨
okvukzyt	𥮪
okvuklmi	𥮫
okvukztu	𥮭
okvuuimu	𥮮
okvuuiqu	𥮱
okvurfds	𥮴
okvubctu	𥮶
okvuqmyz	𥮷
okvumurf	𥮹
okvuvier	𥮺
okvusidc	𥮻
okvubcfz	𥮽
okvurfug	𥯁
okvuihgv	𥯅
okvunvui	𥯉
okvuxtuv	𥯐
okvuxitu	𥯑
oksyhgba	𥯗
okvufhzi	𥯞
okvurfuu	𥯣
okvuqmjq	𥯥
okvuzzva	𥯧
okvuerda	𥯬
okvuglia	𥯯
okvusixb	𥯱
okvuwfdd	𥯲
okvukzkv	𥯳
okvuzdyz	𥯴
okvuytju	𥯷
okvuuirf	𥯺
okvumupm	𥯻
okvubcji	𥯼
okvulikz	𥯽
okvubcue	𥯾
okvuyyrj	𥯿
okvukzmu	𥰀
okvufhug	𥰁
okvuhohe	𥰂
okvuuvbk	𥰅
okvurfig	𥰈
okvurftm	𥰉
okvugemb	𥰎
okvuuzjl	𥰏
okvugfjb	𥰐
okvubkbi	𥰑
okvurfdd	𥰒
okvunwwu	𥰓
okvusibi	𥰕
okvurfjm	𥰖
okvubdba	𥰗
okvujiwf	𥰙
okvueruc	𥰚
okvuyjdc	𥰨
okvujqcc	𥰩
okvuruuz	𥰪
okvujxkz	𥰫
okvubcxk	𥰬
okvujxke	𥰮
okvuwucc	𥰰
okvuiewj	𥰳
okvuwjtm	𥰷
okvurikz	𥰻
okvuihrf	𥰽
okvuuvkx	𥱀
okvujsda	𥱁
okvuyuuv	𥱂
okvummvi	𥱃
okvuklcc	𥱅
oklisitu	𥱆
okvuerho	𥱇
okvudcmu	𥱋
okvuiefj	𥱍
okvuuirj	𥱎
okvujkrj	𥱏
okvukzli	𥱐
okvuqlsi	𥱑
okvuuvwu	𥱒
okvumuhg	𥱓
okvuqisi	𥱕
okvubkwu	𥱗
okvugsmu	𥱘
okvuerwf	𥱙
okvumbmb	𥱚
okvumujl	𥱝
okvumifj	𥱞
okvukzkz	𥱟
okvukzgc	𥱠
okvusiwu	𥱡
okvusidd	𥱢
okvuertn	𥱥
okvusidz	𥱦
okvuxkrf	𥱩
okvurfih	𥱭
okvuuzto	𥱮
okvuxisi	𥱺
okvuuvbw	𥱼
okvuerwa	𥲁
okvuuvgj	𥲂
okvubcwf	𥲃
okvujixb	𥲅
okvuufyb	𥲇
okvuhuhu	𥲉
okvuxkxr	𥲋
okvuccuu	𥲏
okvujimu	𥲒
okvuhgwh	𥲓
okvuhgli	𥲔
okvuccwf	𥲖
okvuerdk	𥲗
okvunuyi	𥲘
okvujkjk	𥲙
okvusifu	𥲛
okvuhumb	𥲜
okvuxtpi	𥲝
okvuvshv	𥲞
okvuxtxb	𥲡
okvukllb	𥲢
okvubwjb	𥲣
okvuxiba	𥲦
okvubwmc	𥲨
okvuqrrf	𥲩
okvuwfih	𥲪
okvufhui	𥲬
okvuridc	𥲮
okvuliui	𥲰
okvuqiuj	𥲲
okvuuzvz	𥲳
okvumuzi	𥲴
okvuuzbk	𥲵
okvuuzuu	𥲷
okvurixn	𥲸
okvuyzri	𥲹
okvutmzc	𥲺
okvumusi	𥲻
okvurfpu	𥲼
okvuzovi	𥲽
okvubcww	𥲾
okvuyuvf	𥲿
okvuqiye	𥳁
okvutmge	𥳂
okvuqiwf	𥳃
okvulwxn	𥳋
okvumfkd	𥳐
okvuuvxm	𥳒
okvuhuvi	𥳠
okvuvudm	𥳤
okvuuhuc	𥳦
okvuwhzz	𥳧
okvuhuuu	𥳨
okvulqdc	𥳩
okvudmyt	𥳫
okvuvidc	𥳭
okvulwsi	𥳮
okvumuxi	𥳯
okvuxmxm	𥳱
okvueryu	𥳲
okvuycuu	𥳴
okvuuvqm	𥳷
okvutsbw	𥳸
okvutsbw	𥳹
okvuuzxb	𥳺
okvuuvdu	𥳻
okvuhehj	𥳼
okvuwftu	𥴀
okvuwfli	𥴁
okvujxhg	𥴂
okvucizc	𥴃
okvubcvo	𥴄
okvujiri	𥴉
okvuerqm	𥴋
okvumumu	𥴌
okvumuuu	𥴍
okvurfui	𥴎
okvujbho	𥴏
okvugsgs	𥴐
okvuyzug	𥴑
okvuvuvu	𥴒
okvuppzo	𥴓
okvurfmu	𥴔
okvuqrqq	𥴕
okvumuvo	𥴙
okvuziui	𥴚
okvuuier	𥴝
okvumuww	𥴟
okvumuuv	𥴠
okvuqudz	𥴡
okvuvzfg	𥴣
okvumfbm	𥴥
okvuhuui	𥴧
okvumuhe	𥴭
okvuglgv	𥴯
okvuglho	𥴱
okvumbxb	𥴲
okvujixb	𥴳
okvujbju	𥴴
okvuriis	𥴵
okvujlbw	𥴶
okvusiuu	𥴸
okvutucy	𥴾
okvuglkz	𥴿
okvurifh	𥵀
okvulumb	𥵁
okvumuxb	𥵅
okvurfce	𥵋
okvurfnn	𥵌
okvurfbw	𥵎
okvuyzqr	𥵏
okvudajs	𥵐
okvumukl	𥵑
okvurijm	𥵒
okvudjli	𥵘
okvuihxn	𥵦
okvuzifh	𥵨
okvulipk	𥵪
okvuwfwh	𥵭
okvusinm	𥵮
okvuujjp	𥵯
okvumuge	𥵰
okvugjuz	𥵱
okvubcdc	𥵲
okvuyuqp	𥵳
okvumbxb	𥵴
okvudmue	𥵶
okvuzikl	𥵸
okvumuxn	𥵺
okvuwuui	𥵼
okvuuigs	𥵽
okvusimm	𥶀
okvumflv	𥶆
okvumull	𥶉
okvumumb	𥶊
okvuuvmb	𥶎
okvuergv	𥶐
okvuyjir	𥶒
okvusing	𥶓
okvuluho	𥶔
okvuhuue	𥶕
okvusidc	𥶖
okvubimi	𥶗
okvudmgc	𥶚
okvuzuui	𥶛
okvunvgu	𥶜
okvujlcc	𥶝
okvulhmb	𥶞
okvupbxn	𥶟
okvumucj	𥶠
okvuiruv	𥶢
okvulwgo	𥶤
okvumuts	𥶥
okvuxtgc	𥶧
okvuuzri	𥶪
okvunvmu	𥶫
okvuhvho	𥶬
okvuvoyu	𥶭
okvumucv	𥶮
okvuuizg	𥶰
okvumiuu	𥶵
okvuxkmi	𥶶
okvuzzxy	𥶷
okvuvrwa	𥶸
okvuqimu	𥶺
okvuuili	𥶾
okvumfjq	𥶿
okvulixb	𥷁
okvugscc	𥷂
okvujlmu	𥷃
okvurfer	𥷄
okvuihho	𥷅
okvusiuu	𥷆
okvumuts	𥷈
okvuyuer	𥷉
okvudjjb	𥷋
okvurijb	𥷍
okvuuzgj	𥷐
okvuxmjn	𥷑
okvuuito	𥷓
okvuieba	𥷔
okvuqimu	𥷕
okvulbwa	𥷖
okvuuzvd	𥷘
okvusiuj	𥷙
okvuxkhs	𥷚
okvujqdj	𥷛
okvuvvfg	𥷜
okvuklba	𥷞
okvuuvmb	𥷟
okvuluia	𥷠
okvuhojm	𥷡
okvujbdc	𥷢
okvugsyz	𥷣
okvugjhs	𥷤
okvuluzc	𥷦
okvuuvvd	𥷧
okvuuzjq	𥷪
okvuccvv	𥷬
okvurzwf	𥷭
okvunmxu	𥷯
okvuuvjq	𥷰
okvuyuwf	𥷲
okvuiiqi	𥷳
okvuyhhs	𥷴
okvuwhbi	𥷵
okvuwhnv	𥷶
okvuifpb	𥷷
okvulwri	𥷸
okvuvuvu	𥷹
okvuyjmo	𥷺
okvuyumi	𥷻
okvujqzu	𥷼
okvudmrz	𥷽
okvusixs	𥷾
okvutmuu	𥷿
okvukzuu	𥸂
okvumiuu	𥸃
okvuyjri	𥸄
okvuzivi	𥸅
okvuytve	𥸆
okvukzuu	𥸇
okvuliye	𥸊
okvuhvmi	𥸋
okvuvivi	𥸌
okvugcnv	𥸏
okvukzjs	𥸑
okvurixl	𥸒
okvuuznp	𥸓
okvuyjjp	𥸔
okvuluuu	𥸖
okvuuvjt	𥸘
okvuzils	𥸙
okvumdjm	𥸚
okvujkgr	𥸜
okvuyjti	𥸝
okvuiiqi	𥸞
okvuiidk	𥸟
okvujiis	𥸢
okvuhwvj	𥸣
okvulyye	𥸤
okppjimi	𥸫
okmippji	𥸱
okmiveda	𥸸
okmiklhg	𥸻
okmibcia	𥸼
okuubcbm	𥹄
okmiklyz	𥹉
okmiqmui	𥹎
okddyzmi	𥹏
okuuvebm	𥹐
okmierye	𥹗
okjqwfmi	𥹛
okuuyzmi	𥹟
okmiklgs	𥹣
okuvrfmi	𥹭
okglxtmi	𥹺
okmisipi	𥹼
okmivxcy	𥹽
okmihotu	𥹿
okmivldm	𥺁
okmivemi	𥺇
okiurfmi	𥺋
okmiqpba	𥺎
okmijb	𥺑
okmiyzqn	𥺒
okmitmui	𥺛
okccbcmi	𥺠
okmierye	𥺡
okmiiziz	𥺣
okmiglgu	𥺨
okmiqmbu	𥺩
okmiwfyt	𥺪
okmiklmi	𥺫
okmidakv	𥺭
okmirimu	𥺰
okmikzyt	𥺳
okmiuuyt	𥺵
okmiuiui	𥺶
okmibari	𥺸
okmiujli	𥺺
okvjrfmi	𥻆
okbiuimi	𥻊
okmivsri	𥻍
okmigstu	𥻎
okmiximi	𥻒
okminmcc	𥻔
okmihoww	𥻕
okmixitu	𥻛
okmitmqr	𥻜
okmierda	𥻟
okmiuuba	𥻪
okizizba	𥻫
okmikzer	𥻯
okuiuimi	𥻳
okmisibf	𥻸
okmiqrji	𥻽
okmimiji	𥻾
okmihemi	𥼄
okyawfmi	𥼅
okuguumi	𥼆
okmidgjb	𥼇
okmidgcc	𥼈
okmigsrj	𥼉
okmiglbi	𥼊
okwwwfmi	𥼋
okmiqmgx	𥼎
okmiienq	𥼏
okmikzui	𥼐
okmitmmi	𥼑
okufddmi	𥼒
okmiccys	𥼓
okmidclu	𥼗
okmiluho	𥼙
okmiyefu	𥼜
okmifwho	𥼞
okmifwmu	𥼠
okmidcbi	𥼡
okmiccmu	𥼢
okmihgho	𥼥
okmihgtm	𥼦
okmiirmi	𥼨
okmicsri	𥼪
okmidomi	𥼫
okmimimi	𥼬
okmisimi	𥼮
okmisixk	𥼶
okmizixb	𥼺
okifanmi	𥼿
okiumivv	𥽀
okmizisi	𥽃
okmisixs	𥽄
okmibkbi	𥽅
okmiqudz	𥽈
okmisigj	𥽉
okmibmfj	𥽊
okifrfmi	𥽏
okiflymi	𥽐
okmifwmi	𥽑
okmisamu	𥽒
okmiycve	𥽖
okmitmiz	𥽙
okccpimi	𥽚
okmiyuwu	𥽛
okycveve	𥽠
okmixtho	𥽣
okzcuumi	𥽦
okvugjmi	𥽧
okmiyugs	𥽮
okmiyumm	𥽯
okjqmiug	𥽱
okyejbmi	𥽲
okmikzer	𥽳
okmikeke	𥽴
okmixijn	𥽶
okmiyjsi	𥽸
okmiccvv	𥽼
okvjmiij	𥽽
okmidsri	𥽾
okyejqmi	𥽿
okmiycjn	𥾀
okmiluuu	𥾁
okvjvjmi	𥾄
oksiveve	𥾆
oksippqi	𥾑
oksieruu	𥾒
oksiklpp	𥾔
oksiklna	𥾙
oksidcdc	𥾞
oksidcba	𥾠
oksikler	𥾢
oksiyzyz	𥾤
oksirfdm	𥾪
oksihgve	𥾬
oksihger	𥾳
oksikzve	𥾴
oksiwfln	𥾼
oksippyz	𥿈
oksirfkv	𥿐
oksiklcc	𥿑
oksibcfj	𥿒
oksituia	𥿔
oksippfg	𥿙
oktudcsi	𥿚
oksirfxn	𥿜
okccrfsi	𥿟
oksibcme	𥿢
oksirfer	𥿪
oksiiags	𥿭
oksindmu	𥿰
oksikliz	𥿲
oksiqimu	𥿴
oksirfrf	𥿷
oksiwfjb	𥿸
okwfbcsi	𥿿
okuigesi	𦀂
oksiuijb	𦀃
oksiklwu	𦀄
oksidcri	𦀆
oksihgtu	𦀇
oksiihvi	𦀍
okklsiyu	𦀒
oksiyzqn	𦀔
oksibitu	𦀘
oksihghg	𦀞
oksirfpi	𦀢
okppycsi	𦀣
okridasi	𦀤
okjqhgsi	𦀥
oksiuijb	𦀦
oksieryz	𦀩
oksiglqr	𦀫
oksihokz	𦀭
oksiwfnq	𦀮
oksibutu	𦀰
okxtmusi	𦀱
oksiklfu	𦀶
oksibder	𦀸
oksiujnw	𦀼
oksibatm	𦁃
oksihgsi	𦁆
oksirfxb	𦁇
okligesi	𦁋
oksijbyy	𦁌
oksivxrf	𦁍
oksidagj	𦁑
okklqmve	𦁒
okgebasi	𦁓
oksitmxb	𦁔
okddwfsi	𦁘
oksiwfyy	𦁙
oksiuuve	𦁚
oksiwfmu	𦁛
oksinmmu	𦁜
okxbxbsi	𦁞
oksiihyi	𦁟
oksivizz	𦁡
oksihgjb	𦁥
oksihgdm	𦁨
oksiihgv	𦁩
oksihuyz	𦁭
oksiyyyy	𦁮
oksiiaia	𦁯
oksiklcc	𦁰
oksiuier	𦁱
oksijquu	𦁴
oksidcjq	𦁵
oksibdgs	𦁻
oksilcnk	𦂂
oksitdmu	𦂅
oksihvvi	𦂆
oksihuwf	𦂇
oksiqmjq	𦂉
oksiwfwf	𦂊
oksinimu	𦂋
oksihohe	𦂏
oksidcui	𦂐
oksixiji	𦂑
oksiccfu	𦂓
oksippcc	𦂖
oksijumu	𦂘
oksijrtu	𦂙
oksirfxn	𦂚
oksiycgj	𦂜
oksikzyt	𦂝
okxisisi	𦂞
okhudssi	𦂟
oksiwfxn	𦂠
oksidayh	𦂡
oksippqi	𦂢
oksibcbd	𦂨
oksifuli	𦂪
oksixive	𦂬
oksiklia	𦂮
oksidcdm	𦂯
oksidryz	𦂰
oksihgbi	𦂲
okifrfsi	𦂳
oksiwhuj	𦂴
oksirfna	𦂵
oksilikz	𦂶
oksiklkl	𦂷
okifrfsi	𦃂
okrfcssi	𦃃
oksiycni	𦃉
oksixbbi	𦃋
oksivzyz	𦃌
oksicscc	𦃍
oksierge	𦃎
oksiiuui	𦃒
oksilrxb	𦃕
oksiuixb	𦃘
okrigssi	𦃙
okrfcssi	𦃚
oksiguer	𦃛
oksiccsi	𦃝
oksixbxb	𦃞
okvxsisi	𦃟
oksivstm	𦃠
oksiwfsi	𦃡
oksiyzkz	𦃣
oksifzer	𦃥
okuibcsi	𦃦
oksibdui	𦃧
oksijqmu	𦃨
oksitmwf	𦃩
oksimuer	𦃫
oksicchd	𦃮
oksitmpi	𦃯
oksisidm	𦃰
oksiycyh	𦃱
oksimbtm	𦃴
oksiklvv	𦃶
oksiklug	𦃷
oksiiryi	𦃽
oksiwump	𦄅
okhukzsi	𦄊
oksiluwj	𦄌
oksibcqu	𦄎
oksifwtu	𦄕
oksihgdm	𦄖
oksimubw	𦄗
oksivxui	𦄘
oksivuvg	𦄙
oksizzcs	𦄚
oksikztm	𦄛
oksifgui	𦄜
oksiihbm	𦄟
oksiribc	𦄡
oksiyigs	𦄣
oksiwuif	𦄤
oksiulvi	𦄥
oksiuisi	𦄨
oksiccri	𦄩
oksiuier	𦄪
oksivxkz	𦄮
oksirfpu	𦄱
oksibchg	𦄲
okxtrfsi	𦄳
oksiqiui	𦄴
oksikzjp	𦄶
oksiyefu	𦄾
oksiyuwf	𦅄
oksicsri	𦅊
oksifuxb	𦅋
oksijrsi	𦅌
oksilwsi	𦅍
oksihgho	𦅎
oksierer	𦅏
okuhsiye	𦅐
oksilwxn	𦅒
oksiheyu	𦅖
okxigcxi	𦅚
oksixtcy	𦅛
oksiihmb	𦅟
oksicchu	𦅢
oksiwhwf	𦅣
oksidcdm	𦅥
oksiyebi	𦅧
okujsiye	𦅨
okrfrfsi	𦅪
okdajisi	𦅬
oksippcc	𦅳
okwwvihg	𦅴
okycuuxi	𦅸
okxipzxi	𦅹
oksilimb	𦅺
okrfbasi	𦅽
okmhsifj	𦆁
oksirifh	𦆅
oksicckz	𦆇
oksiglho	𦆉
oksijqli	𦆊
oksiuibw	𦆋
oksiwfda	𦆌
oksiglzz	𦆍
oksisigj	𦆎
oksicckz	𦆏
oksinmjb	𦆐
oksiihtu	𦆑
oksiiesi	𦆕
oksidajs	𦆖
okrfsiuc	𦆗
oksibder	𦆘
oksiklwf	𦆛
oksiihmc	𦆡
oksighuj	𦆢
oksiuivi	𦆣
oksirfjb	𦆤
oksibcis	𦆥
oksicsgs	𦆧
okvxsisi	𦆩
okdzbksi	𦆫
oksicczz	𦆬
oksisiwf	𦆮
oksibcba	𦆯
okccccsi	𦆰
oksidvdv	𦆳
oksiriho	𦆴
oksimmmm	𦆵
oksiccyj	𦆶
oksifwzd	𦆷
oksiirve	𦆻
okccsiis	𦇂
oksilw	𦇄
oksihgbw	𦇅
oksiyctu	𦇇
oksirfgs	𦇈
oksixixx	𦇉
oksivxba	𦇌
oksiuiuu	𦇍
oksiccxb	𦇎
oksisiyr	𦇏
oksiycho	𦇐
oksiychg	𦇓
oksiytwf	𦇕
oksizzxy	𦇗
oksiluhe	𦇘
okhuccsu	𦇚
oksiysys	𦇜
oksiihxy	𦇟
oksicchv	𦇠
oksiyckl	𦇡
oksiviri	𦇢
oksiyubw	𦇣
oksigsjl	𦇤
okyjsijq	𦇥
oksisiuj	𦇧
okwfxmxi	𦇨
oksiccuu	𦇪
oksibdvi	𦇭
oksiyequ	𦇱
oksirftu	𦇲
oksixbho	𦇳
okyzklsi	𦇵
oksiyuvi	𦇶
okyjsidm	𦇷
oksixijn	𦇸
oksijssi	𦇹
okrfsiyr	𦇻
oksieris	𦇼
oksimhyh	𦇽
oksimfvj	𦇾
oksimmmm	𦇿
okrfsink	𦈀
okrfsilv	𦈁
oksiuiyc	𦈂
oksijisi	𦈄
oksitmyi	𦈅
okmcjssi	𦈇
oksiyzvi	𦈍
oksixitu	𦈑
oksitdmu	𦈒
oksiriyu	𦈖
oksicche	𦈘
oksivxxb	𦈠
okfzppqi	𦈤
okgsjifz	𦈩
okfzvevi	𦈫
okkzkzfz	𦈯
okfzjm	𦈻
okfzuuuz	𦈾
okfzppqn	𦉀
okfzhuyu	𦉄
okfzkzyu	𦉅
okrfcsfz	𦉈
okfzhuuz	𦉋
okfzhuuz	𦉌
okmumufz	𦉍
okfzhuhu	𦉑
okycirba	𦉔
okfzppzo	𦉖
okfzuhya	𦉘
okfzglho	𦉙
okfzlbsi	𦉚
okfzhudk	𦉛
oktsbcfz	𦉝
okifrffz	𦉞
okfzbcsi	𦉠
okfzriyy	𦉡
okfzyukz	𦉢
okyukzfz	𦉣
okycbccy	𦉤
okirvvfz	𦉥
okwhbwfz	𦉦
okglvvfz	𦉨
oktmfztm	𦉩
okkluuuu	𦉫
okbcbaui	𦉲
okklcswh	𦉺
okklulgj	𦉻
okklbayu	𦉿
okklrfwh	𦊀
okbcbaqr	𦊅
okbcbalq	𦊇
okkluuty	𦊉
okklyzyt	𦊌
oksiklyz	𦊔
okkliagu	𦊖
okklyzwj	𦊗
okbcbagu	𦊙
oksikluj	𦊤
okklbcsi	𦊦
okklyzmu	𦊧
okklrfqp	𦊨
okklrfhe	𦊭
okklsiyt	𦊰
okklrfgv	𦊱
oksibcsi	𦊳
oksihgyi	𦊷
oksiwfri	𦊸
okklrfge	𦊹
okklvemu	𦊻
oksiqikl	𦊿
okklrfyr	𦋀
okklrfhj	𦋃
oksibcgv	𦋅
oksijm	𦋈
oksimcmc	𦋋
okklyzer	𦋌
oksijqve	𦋍
okbcbavo	𦋐
oksixijb	𦋒
okklrflu	𦋔
okwhuive	𦋘
okwhsive	𦋟
okklyzyu	𦋢
oksilnkl	𦋣
oksicciu	𦋦
okklrfyt	𦋩
oksiuiyj	𦋪
okwhyjdc	𦋬
okwhsiba	𦋭
oksigxgx	𦋯
okghmavs	𦋱
oksidouu	𦋲
oksibcyj	𦋴
oksiklhg	𦋶
oksilnwf	𦋷
oksiridm	𦋸
oksisisi	𦋹
oksihuqp	𦋾
oksijxhg	𦌂
oksiklui	𦌃
okklsiyt	𦌄
oksividm	𦌅
okkljqmu	𦌆
oksiuuqm	𦌊
oksigktu	𦌋
okklgsdm	𦌌
okklrfww	𦌍
okklrfbi	𦌎
okghyjmc	𦌓
oksibavi	𦌖
okklrfzg	𦌘
oksixkwf	𦌙
okbcbazg	𦌛
okwhihuj	𦌞
oksisidi	𦌢
oksiyjlk	𦌣
okkllipu	𦌤
oksiyudc	𦌥
oksijkgx	𦌦
oksiuvuj	𦌧
okwhxxho	𦌨
oksidayh	𦌩
oksisiyj	𦌪
oksijbxk	𦌫
oksimavs	𦌭
oksimumu	𦌮
okklvsma	𦌯
okwhmavs	𦌱
oksilw	𦌵
oksiyuqm	𦌸
oksimakl	𦌹
okjysiyi	𦌺
okvisixy	𦌻
oksirfyj	𦌽
oksipisi	𦍁
oksizuxy	𦍂
oksirisi	𦍄
okghzuxy	𦍅
oksisiyr	𦍆
oksiiffh	𦍇
oksigevs	𦍈
oklolikz	𦍉
okwhgevs	𦍊
okcceruu	𦍋
okyhppqi	𦍓
okbagjna	𦍖
okcctuho	𦍚
okyhdmve	𦍛
okyhhgyc	𦍝
okccgjiz	𦍟
okyhrfye	𦍥
okyhbcve	𦍨
okcctuiz	𦍮
okqmfucc	𦍰
okyhwfji	𦍶
okyhuicy	𦍸
okxtxtyh	𦍽
okyhbcyc	𦍿
okyhkzda	𦎀
okdayhwj	𦎃
okyhrfsi	𦎅
okyhxicy	𦎆
okyhvetu	𦎉
okyhbdba	𦎊
okyhbder	𦎔
okyhccnv	𦎕
okqmuiuu	𦎖
okyhjm	𦎗
okyhrfkz	𦎙
okruyhuz	𦎚
okyhuidm	𦎜
okmudayh	𦎝
okyhxitu	𦎣
okmcwfyh	𦎦
okwfkzgj	𦎧
okyhbckz	𦎩
okwfkzyh	𦎫
okuiyhuu	𦎯
okyhriyu	𦎲
okyhdabw	𦎳
okyhuibw	𦎶
okkeuuyh	𦎼
okyhccjm	𦎽
okyhuinq	𦎾
okyhbujm	𦏀
okyhxqge	𦏁
okyhbkkz	𦏂
okyhjqjq	𦏇
okyhihhe	𦏈
okyhccjm	𦏊
okyherer	𦏌
okyhgstu	𦏍
okdmgjuj	𦏎
okheyhyh	𦏐
okyhsiyi	𦏖
okycbcgc	𦏗
okccgjbw	𦏙
okccgjtu	𦏚
okwhytyh	𦏝
okmhyhji	𦏞
okgcyhho	𦏠
okcctuxi	𦏡
okyhkeke	𦏤
okyherda	𦏥
okyhujgj	𦏦
okwfyhkl	𦏧
okyhyisi	𦏨
okyhyukz	𦏪
okyhdjmc	𦏫
okyhyjho	𦏬
okyhdjyh	𦏭
okyhhevv	𦏮
okyhyjyj	𦏯
okqlsisi	𦏱
okveveuj	𦏲
okyurfve	𦏶
okrfhgyu	𦏾
okdceryu	𦐃
okcchgyu	𦐉
okkleryu	𦐎
okyudcsi	𦐙
okyuwjwj	𦐟
okhvhgyu	𦐫
okyufwfw	𦐭
okxtwfri	𦐮
okxtnwer	𦐯
okxtxtyu	𦐱
okyubcri	𦐲
okbibcyu	𦐳
okucrfyu	𦐶
okyuppce	𦐷
okyubder	𦑀
okriytyu	𦑉
okyuhgsi	𦑐
okxbzoyu	𦑑
okqmuiyu	𦑒
okfgfgyu	𦑓
okrfnvyu	𦑔
okyudcui	𦑚
okyuqmjq	𦑣
okxswfyu	𦑨
okqmjqyu	𦑪
okvsyuvf	𦑬
oksibayu	𦑲
okvivzyu	𦑳
okyusiba	𦑶
okyufuwj	𦑷
okuvwfyu	𦑸
okjqriyu	𦑹
okyuriyu	𦑼
okyzkzyu	𦑽
okyuhgri	𦑾
okyubcds	𦑿
okniriyu	𦒂
okccsiyu	𦒃
okyunmfu	𦒅
okjiuuyu	𦒇
okheccyu	𦒈
okyufufh	𦒊
okvorfyu	𦒋
okbdnmyu	𦒌
okmcjsyu	𦒑
okyumcjs	𦒔
okvidcyu	𦒕
okyutmgs	𦒖
okxisiyu	𦒘
okyugskz	𦒛
okyugskz	𦒞
oknijqyu	𦒟
okyusiyi	𦒠
oksixkyu	𦒡
okdvdaxi	𦒣
okyuirve	𦒦
okirveyu	𦒩
okyjiryu	𦒪
okgsuuyu	𦒫
oksiyryu	𦒬
okgcdayu	𦒭
okgskzyu	𦒯
oklckzyz	𦒺
oklcxtkz	𦓁
oklcgskz	𦓃
oklcgskz	𦓆
oklclclc	𦓈
oklclclc	𦓋
okvedjrf	𦓍
okppkluu	𦓐
okereruj	𦓘
okihbadr	𦓙
okhzeedr	𦓚
oklcerda	𦓜
okhzbadr	𦓝
okhgjber	𦓠
okererqr	𦓢
okhgsilw	𦓩
oklwuuyi	𦓪
oklwklhe	𦓾
oklwgfyz	𦔀
oklwhugz	𦔁
oklwriui	𦔈
oklwtmwf	𦔎
oklwlqkz	𦔑
oklwxbwf	𦔕
oklwglsi	𦔗
oklwxtcy	𦔘
oklwtmgs	𦔜
oklwdikz	𦔝
oklwyuwf	𦔞
oklwccbw	𦔠
oklwcsri	𦔡
oklwvori	𦔢
oklwigmu	𦔣
oklwsixk	𦔥
oklwrifh	𦔨
oklwluho	𦔩
oklwklnv	𦔪
okxtveer	𦕁
okerhgyc	𦕇
okerklve	𦕊
okerklyz	𦕋
okgsjier	𦕓
okerdcui	𦕔
okerppvi	𦕖
okerrfxn	𦕗
okerbakv	𦕞
okuuerjk	𦕡
okuuerrf	𦕢
okfglier	𦕥
okerrfcs	𦕦
okerxier	𦕬
okerirgs	𦕭
okerppqi	𦕮
okerirda	𦕯
okfglier	𦕴
okwfkzer	𦕺
okerqikl	𦕼
okeruikz	𦕾
okerve	𦕿
okererve	𦕿
okerdcqn	𦖄
okervetu	𦖅
okergejb	𦖎
okercsrf	𦖏
okerxtyu	𦖓
okerdakv	𦖔
okerjqqn	𦖙
okerjqyz	𦖚
okerppqn	𦖛
oktupier	𦖜
okuuyzer	𦖥
okerklnv	𦖧
okerdaer	𦖩
okerzdyz	𦖪
okmbrier	𦖫
okerximb	𦖬
okerjqqn	𦖳
okrfcser	𦖴
okerppxm	𦖶
okerxswf	𦖸
okerwjho	𦖹
okercche	𦖿
okererxb	𦗂
okerbimb	𦗃
okerqlsi	𦗅
okerdadm	𦗆
okerjiwf	𦗈
okerccmi	𦗉
okuivuer	𦗊
okerwjtm	𦗎
okerliui	𦗐
okeryuvf	𦗖
okluwjer	𦗙
okeruixb	𦗟
okliyter	𦗤
okjbuier	𦗦
okerxiho	𦗩
okerccyu	𦗫
okervivi	𦗮
okerdckz	𦗯
okerbcdk	𦗰
okwwiger	𦗱
okjqkzer	𦗶
okiuwfer	𦗷
okerpbvi	𦗻
okerbkde	𦗽
okjbueer	𦗾
okccdcer	𦗿
okccyzer	𦘃
okerxbui	𦘄
okjbuier	𦘉
okeryubw	𦘋
okjbhyer	𦘌
okermfgv	𦘍
okerhgkl	𦘎
okuiwhxb	𦘏
okyurfhg	𦘕
okyuklri	𦘘
okyurikl	𦘙
okyurfkl	𦘚
okyuxber	𦘛
okyuxber	𦘜
okyukler	𦘝
okhupuyu	𦘟
okyukler	𦘡
okqigeyu	𦘥
okqiwfyu	𦘦
okyuwuwu	𦘨
okytveve	𦘳
okythgjq	𦘵
okytuuyi	𦘸
okytdcyz	𦘿
okkzveyt	𦙃
okytkler	𦙇
okytjqui	𦙈
okytyzji	𦙉
okytrfbi	𦙋
okycytve	𦙌
okppycyt	𦙍
okbcuuyt	𦙎
okytujyi	𦙏
okytrfve	𦙐
okytband	𦙕
okythgyc	𦙘
okytqikl	𦙛
okytbadk	𦙝
okytgshg	𦙠
okihxtyt	𦙪
okytklcc	𦙱
okytrfxn	𦙳
okytuijq	𦙷
okytuiia	𦙹
okytvevi	𦚀
okytdasi	𦚁
okytxiyz	𦚂
okytccer	𦚃
okdabayt	𦚉
okhzklyt	𦚌
okhuhgyt	𦚑
okrfrztu	𦚙
okytbk	𦚝
okytribi	𦚢
okfgdcrz	𦚨
okytuida	𦚫
okytmuui	𦚬
okytdcdc	𦚰
okytsiiz	𦚲
okytvivi	𦚺
okytkzsi	𦚽
okwfxsyt	𦚾
okytqmjb	𦚿
okythoyz	𦛀
okytiruj	𦛁
okklxbrz	𦛂
okwfxsrz	𦛄
okytujjb	𦛎
okytdatu	𦛏
okytihba	𦛐
okytkliz	𦛑
okytrfpi	𦛔
okytve	𦛖
okyterve	𦛖
okytnwkz	𦛚
okytritu	𦛠
okytklwh	𦛢
okytbdba	𦛤
okytyifg	𦛥
okytqrwu	𦛦
okytxiho	𦛧
okytuier	𦛪
oklnhgyt	𦛫
okycjqyt	𦛬
okytrijb	𦛭
okytbder	𦛮
okuiyzyt	𦛯
okytzzqi	𦛰
okytbciu	𦛳
okytbckl	𦛴
okytdckz	𦛵
okrzvxcy	𦛷
okfggerz	𦛹
okytwfyt	𦜂
okytrida	𦜃
okytriwf	𦜄
okytwfmu	𦜈
okyttmui	𦜉
okytbcmu	𦜊
okytifyz	𦜌
okhuwfrz	𦜑
okythgwf	𦜒
okyttumi	𦜔
okytigfj	𦜕
okytrfxb	𦜙
okviyzyt	𦜚
okythujq	𦜛
okifyzrz	𦜜
okytqier	𦜝
okytiags	𦜞
okytdmfz	𦜟
okytwfyt	𦜢
okytuiyt	𦜤
okytnmmu	𦜪
okytnmmu	𦜫
okytdakv	𦜮
okyttyho	𦜯
okytbais	𦜱
okytjbyy	𦜲
okytfhfh	𦜶
okytxbri	𦜷
okytbcuj	𦜸
okhupuyt	𦜹
okytxtba	𦜺
okytiziz	𦜻
okythujb	𦜼
okrzdcjq	𦜿
okytpjmu	𦝆
okytxbdj	𦝇
okytrive	𦝈
okyttyvi	𦝊
okpjmurz	𦝍
okytiedm	𦝏
okytdamc	𦝐
okytklmi	𦝓
oksiytlv	𦝕
okytkzyt	𦝖
okmhytfj	𦝠
okythecc	𦝡
okytqmjq	𦝥
okytzoyt	𦝦
okytxitu	𦝪
okytmbri	𦝮
okytdayh	𦝯
okytcsxb	𦝰
okytmuqr	𦝳
okytrfih	𦝴
okytrukz	𦝵
okytujuj	𦝶
okuiytwu	𦝸
okytmfua	𦝹
okytjirz	𦝾
okytcche	𦞂
okytdaxn	𦞃
okujujyt	𦞄
okkliayt	𦞅
okytjqtu	𦞆
okrzjrjb	𦞊
okxthgrz	𦞋
okytdcui	𦞕
okytsigs	𦞗
okytsikl	𦞞
okytbimb	𦞟
okytiryi	𦞡
okytklui	𦞢
okythgtu	𦞥
okycjqyt	𦞩
okbcjkyt	𦞫
okythuwf	𦞬
okytxtgx	𦞭
okytdadm	𦞴
okythgwf	𦞶
okkljiwf	𦞺
okytvvnd	𦞾
okytvxuz	𦞿
okmhytji	𦟀
okwhjsyt	𦟁
okytpjyh	𦟃
okytlwmu	𦟅
okvgsiyt	𦟆
okytcchd	𦟍
okytihhy	𦟕
okytuiho	𦟙
okythudz	𦟚
okrfcsyt	𦟝
okytziui	𦟞
okytuiri	𦟢
okytxbwf	𦟣
okythgkz	𦟧
okytwfwf	𦟨
okytdave	𦟩
okytnmfu	𦟫
okytjxuj	𦟬
okleerer	𦟭
okythuqp	𦟰
okykhgrz	𦟴
okytccfu	𦟵
okytuzgx	𦟺
okytfujb	𦠀
okwfyayt	𦠃
okytmcjs	𦠈
okytvivi	𦠊
oktdxbyt	𦠋
okyterer	𦠌
okytkzni	𦠍
okihheyt	𦠓
okytuijb	𦠔
okwfyarz	𦠕
okythgbc	𦠖
okrfrfyt	𦠗
okytujmw	𦠙
okytqitm	𦠝
okytfujb	𦠟
okytccjb	𦠠
okcsriyt	𦠡
okytyuwf	𦠣
okytyuxn	𦠧
okytlwxn	𦠨
okihherz	𦠩
okcsrirz	𦠪
okiuugrz	𦠫
oktdxbrz	𦠬
okviviyt	𦠮
okytyido	𦠸
okytirys	𦠼
okyttmjq	𦠿
okytuiuv	𦡀
okytkzli	𦡃
okytxkyz	𦡅
okrzsixk	𦡇
okytqudz	𦡊
okhgbcyt	𦡌
okuiytxb	𦡍
okytxnjb	𦡎
okytccjm	𦡐
okythuji	𦡑
okytirys	𦡓
okytqmzo	𦡘
okytklwf	𦡙
okytuide	𦡡
okytwfhe	𦡣
okytvyui	𦡤
oklbytpi	𦡨
okytxidz	𦡪
okhgbcrz	𦡭
okytccvr	𦡰
okytirji	𦡳
okytklxb	𦡵
okytriho	𦡹
okbwbwyt	𦡺
okytfgji	𦡻
okytjqhl	𦡽
okytxtmb	𦡿
okytyefu	𦢂
okytccyj	𦢃
okythois	𦢅
okbwbwrz	𦢆
okytgcfu	𦢋
okytyctm	𦢍
okytlw	𦢏
okytccsi	𦢐
okytqixb	𦢑
okytuibw	𦢒
okytrfyt	𦢕
okhgvvyt	𦢖
okytyhfj	𦢗
okytccuv	𦢘
okytuijq	𦢙
okytujhw	𦢜
okwurfyt	𦢡
okrfytwu	𦢢
okytvxkl	𦢣
okytfubw	𦢤
okytujjy	𦢥
okytmfjq	𦢨
okythgmu	𦢭
okytkzgv	𦢮
okjyyhfj	𦢱
okytglhe	𦢵
okytgcda	𦢹
okytsijn	𦢺
okrfglrz	𦢻
okmhbwji	𦢼
okytujyi	𦢾
okytcvjs	𦢿
okytxbho	𦣁
okytrimi	𦣃
okmhgefj	𦣄
okmhszfj	𦣉
okytyjsi	𦣋
okytsfnm	𦣌
okytgcmw	𦣍
okyjsiyt	𦣏
okxiyjsi	𦣐
oklddzpg	𦣓
okhgsigo	𦣔
okmhjkfj	𦣖
okytuiyc	𦣗
okytriyi	𦣙
oknmvvrz	𦣚
okytmuji	𦣜
okkluuuu	𦣝
okkluuuu	𦣞
okifklkl	𦣤
okifkzmb	𦣪
okifrfnv	𦣬
okifuier	𦣲
okifsiyi	𦣴
okifriwf	𦣵
okifguju	𦣶
okifrfgu	𦣷
okdctujm	𦣸
okrferkl	𦣹
okdaerkl	𦣼
okhgzive	𦣽
okzihgwf	𦤁
okuiuuzi	𦤋
okzivena	𦤌
okzigjkl	𦤍
okziwhba	𦤐
okzidauu	𦤑
okzidauj	𦤒
okzijxve	𦤓
okzibcfh	𦤔
okwfkzzi	𦤘
okzixtkl	𦤝
okuvzily	𦤢
okzibcvv	𦤤
okhgsifg	𦤳
okxshgtu	𦤴
okuibcvi	𦤼
okfgbcvi	𦤿
okvisiyz	𦥀
oksiuivi	𦥁
okgvbcvi	𦥂
okvitdmu	𦥅
okfgdgvi	𦥆
okqmfgvi	𦥈
okddvfvi	𦥋
okvivivi	𦥏
oktdmuvi	𦥐
okklhgxt	𦥑
okerklhg	𦥒
okppiahg	𦥓
okjquuqn	𦥕
okveuujq	𦥖
okjquuln	𦥗
okjquuqn	𦥚
okjqjqyz	𦥠
okdcjqhg	𦥢
okjquuwj	𦥤
okjqfupp	𦥥
okjqhgyt	𦥩
okqmjqhg	𦥫
okklkljq	𦥮
okycjqbc	𦥯
okjqxijb	𦥱
okqmvijq	𦥲
okrfuijq	𦥴
okdcjqkz	𦥵
okythgba	𦥷
okhgjqcc	𦥸
okjqdauz	𦥹
okppxtia	𦥺
okklxtia	𦥼
okwuyzjq	𦥽
oknijqer	𦥾
okgldcjq	𦥿
okjqjquu	𦦀
okjqjqve	𦦁
okjqbajq	𦦂
okririjq	𦦄
okjqdasi	𦦆
okjqqmjq	𦦈
okxbjqda	𦦉
okjqernj	𦦊
okjqbatu	𦦋
okjqzdtu	𦦍
okycbcgs	𦦎
okwfyajq	𦦏
okycbcff	𦦑
okxbjqyz	𦦒
okrfuijq	𦦓
okjquuyu	𦦔
okqmjqjx	𦦕
okvodcjq	𦦖
okycbcmu	𦦗
okqmjqjp	𦦘
okycbcqq	𦦛
okishgvi	𦦜
okklkluu	𦦝
okklbcuu	𦦞
oktshgff	𦦟
okycbcuf	𦦠
oktsbauu	𦦡
okxbjqqu	𦦤
okxbbcgj	𦦥
okjqyuwh	𦦦
oktskluu	𦦧
okfzbcwj	𦦩
okychgba	𦦪
okkvhgba	𦦫
okguytdm	𦦬
okrfjqwh	𦦭
okycbcfz	𦦯
okisqmjq	𦦱
okhgjqba	𦦲
okklbcba	𦦴
okycbcss	𦦵
okguifdm	𦦶
okxbjqyu	𦦷
okzcuujq	𦦹
okisgskz	𦦺
oktsbcyu	𦦻
okmibcxi	𦦼
okyjsijq	𦦽
okycbcxy	𦧀
oktsxifg	𦧁
okxbxbda	𦧂
oktutukd	𦧄
okxkxkxk	𦧅
oksiuiue	𦧐
okuerfye	𦧓
okdcihue	𦧕
okuebkhg	𦧖
okueuvkz	𦧞
okuewfmu	𦧢
okuenmmu	𦧤
okwflvue	𦧨
okueriyu	𦧭
okuejxuv	𦧳
okueueue	𦧵
okueccuu	𦧹
okuedctu	𦧻
okueluis	𦧽
okyjirve	𦧿
okxihgir	𦨀
okuyujvu	𦨁
okklirfg	𦨃
okklirvu	𦨄
okdalbir	𦨅
okbwwalb	𦨆
okvzppve	𦨊
okvzveyz	𦨕
okvzhgyc	𦨠
okvzuvee	𦨲
okysvzve	𦨺
okvzvive	𦨿
okvzrfpi	𦩂
okvztutu	𦩄
okvzsiyz	𦩇
okvzhocc	𦩎
okvzqrba	𦩐
okvzuiuj	𦩔
okvziziz	𦩙
okvzyuuj	𦩦
okzimavz	𦩧
okvzjrnv	𦩩
okvzjrjb	𦩫
okvzuiqu	𦩯
okvzjrtu	𦩱
okvzgsmu	𦩺
okvorfvz	𦩻
okvzirzi	𦩽
okvzqmjq	𦩿
okvzbcxi	𦪁
okvzbcui	𦪃
okvzziwh	𦪄
okvzvidz	𦪍
okvzcsxb	𦪐
okvzheyu	𦪙
okvzlwxn	𦪜
okvzjrsi	𦪝
okvzvzfh	𦪤
okvzxtbo	𦪥
okvzzuli	𦪨
okvzvufg	𦪪
okvzcsgs	𦪮
okvzhuwf	𦪯
okiuwfvz	𦪰
okifqivz	𦪱
okvzyupj	𦪲
okvzirve	𦪴
okvztris	𦪶
okvzfubw	𦪸
okbjhext	𦪹
okvzyupj	𦪺
okvzjrma	𦫀
okvzhoyj	𦫁
okvzhobw	𦫂
okvzyukz	𦫃
okvzyubk	𦫄
okvzuiis	𦫆
okdakvll	𦫐
oknmvsgf	𦫒
okdahose	𦫜
okdaujse	𦫞
okfhfhse	𦫣
okkzyuse	𦫩
okxtgxse	𦫪
okyjsise	𦫲
okccveve	𦫷
okcccchg	𦫹
okccrfve	𦬆
okccuuve	𦬈
okccrfve	𦬉
okccvepp	𦬌
okccppyz	𦬐
okcceruu	𦬒
okccuive	𦬝
okccccqi	𦬟
okccjqui	𦬡
okccklyz	𦬣
okccklna	𦬤
okccjquu	𦬥
okccccqr	𦬦
okcccccc	𦬧
okccbcdk	𦬪
okccppkz	𦬲
okccrfee	𦬳
okccrfqi	𦬴
okccsimu	𦬽
okccuuhg	𦬿
okccuiji	𦭀
okccklyz	𦭁
okccbcer	𦭂
okccfupp	𦭄
okccbaxn	𦭅
okccrfwh	𦭆
okccuuyz	𦭇
okcckljq	𦭉
okccugdm	𦭊
okccyzli	𦭋
okccveiz	𦭍
okccgser	𦭎
okccujrf	𦭗
okccxier	𦭘
okccycer	𦭙
okccxlui	𦭚
okccppyz	𦭞
okccrfxt	𦭠
okccujdc	𦭣
okccklia	𦭤
okccrfye	𦭥
okccbcyu	𦭨
okcccchg	𦭩
okccrfxt	𦭫
okccbcjb	𦭬
okccbkhg	𦭮
okccbkve	𦭯
okccerui	𦭱
okccgsgs	𦭲
okccveuu	𦭺
okccvxyz	𦭼
okccppsi	𦭾
okccgser	𦮀
okccvecc	𦮁
okccuubw	𦮃
okccsihg	𦮄
okcchgjb	𦮅
okgsuuyz	𦮆
okccqimu	𦮇
okccihyc	𦮈
okccqikl	𦮉
okcckliz	𦮊
okccsiyt	𦮌
okccbckl	𦮍
okccklkl	𦮏
okccycda	𦮐
okccxtkz	𦮑
okccwhkl	𦮒
okccycdc	𦮓
okccrfxn	𦮕
okccgjjq	𦮖
okccndcc	𦮘
okcccccc	𦮙
okccxnsi	𦮚
okccuvjq	𦮛
okccbcdz	𦮜
okmhuurf	𦮞
okccuvrf	𦮟
okccsixn	𦮡
okcctuuc	𦮢
okccbixb	𦮤
okcckzda	𦮥
okccjqer	𦮦
okccwfuu	𦮧
okccirgs	𦮨
okccrfvi	𦮩
okccrfwf	𦮫
okccrfjb	𦮬
okccrfuv	𦮭
okccbkyc	𦮮
okccytdc	𦮯
okccbcwh	𦮱
okccyurf	𦮵
okccdaba	𦮹
okccuznw	𦮾
okccjuli	𦮿
okccklty	𦯁
okccccdm	𦯂
okccqikl	𦯄
okccwfxs	𦯇
okccjb	𦯈
okccuvgk	𦯊
okccgsji	𦯋
okccvexb	𦯌
okccve	𦯍
okccerve	𦯍
okccjqli	𦯏
okccrfvc	𦯐
okccbdui	𦯑
okccritu	𦯖
okccgjkz	𦯗
okccmpyz	𦯘
okccuzya	𦯙
okccuikz	𦯚
okccklcc	𦯛
okccbder	𦯜
okccuiys	𦯞
okccytkv	𦯟
okccgsxb	𦯡
okccddgs	𦯢
okccrfqp	𦯣
okccdasj	𦯤
okccbchu	𦯥
okccbder	𦯦
okccwfmu	𦯧
okccsihv	𦯨
okccsiwf	𦯩
okccmuuc	𦯪
okccuvyc	𦯫
okcckzve	𦯭
okccdamc	𦯮
okccklrf	𦯯
okccihui	𦯰
okccrfif	𦯱
okcclirf	𦯴
okccjicc	𦯸
okccwfnv	𦯺
okccwfkz	𦯾
okccyrcy	𦯿
okccuzho	𦰂
okccdakd	𦰃
okccuzjb	𦰄
okccuikz	𦰅
okccndmb	𦰆
okccrinv	𦰇
okykdmdm	𦰈
okcckzve	𦰉
okccbczi	𦰊
okccsier	𦰋
okccklfg	𦰌
okccwfxn	𦰍
okccycxi	𦰎
okccmcyz	𦰑
okccrfui	𦰒
okccximu	𦰔
okccnvmu	𦰕
okccuiui	𦰗
okccihdi	𦰘
okccerye	𦰜
okccyzqn	𦰝
okccrfpu	𦰞
okccgscc	𦰠
okccyter	𦰢
okccuzer	𦰥
okcchgmu	𦰧
okgsriyz	𦰨
okccklfu	𦰩
okccuvqq	𦰪
okcctyvi	𦰭
okccdabc	𦰮
okccnvju	𦰰
okccmuya	𦰳
okccdodc	𦰵
okcctuju	𦰶
okccbiuj	𦰷
okccddxb	𦰸
okccmuqm	𦰻
okccerva	𦰼
okccnvbc	𦰾
okccuvuu	𦱈
okccjqve	𦱉
okccmuer	𦱍
okccdaxi	𦱏
okcchewh	𦱐
okccheuj	𦱑
okccytbi	𦱔
okccccri	𦱗
okccfhfh	𦱘
okccytiz	𦱙
okccyyyy	𦱚
okccheuc	𦱜
okccxidc	𦱝
okccccmu	𦱞
okccqqwf	𦱟
okccvecc	𦱠
okcccckz	𦱡
okcckzee	𦱢
okccricc	𦱤
okccqmer	𦱦
okccccbf	𦱧
okccgsxn	𦱨
okccyzhg	𦱩
okcciziz	𦱪
okcckzdj	𦱫
okccdgtu	𦱬
okccbicc	𦱭
okccihhg	𦱯
okccsidc	𦱰
okcckzcc	𦱱
okccuirj	𦱲
okccyckl	𦱳
okcchgsa	𦱴
okccklui	𦱵
okccccrj	𦱶
okccbuho	𦱷
okccjquu	𦱸
okcciacc	𦱹
okccrfwh	𦱺
okccyuho	𦱻
okccihyi	𦱼
okccifrf	𦱽
okccrfwf	𦱿
okccliuc	𦲂
okcctusi	𦲃
okccgjju	𦲆
okccwucc	𦲇
okccbcir	𦲋
okcchoho	𦲌
okccuvba	𦲍
okccxtxi	𦲎
okcchgjb	𦲐
okcctmuv	𦲑
okccihgv	𦲒
okccvivi	𦲔
okccwhjb	𦲖
okccveuu	𦲗
okccihwf	𦲘
okccxtuv	𦲙
okccnvba	𦲛
okccbdsi	𦲠
okccqrtm	𦲡
okccppmu	𦲢
okccnvtm	𦲣
okccqryz	𦲥
okcchejq	𦲦
okccnvli	𦲨
okccpper	𦲩
okccjqyz	𦲪
okccmuer	𦲬
okcckzyt	𦲭
okccrfer	𦲮
okccmpwf	𦲯
okccmukv	𦲰
okccihyi	𦲳
okccrfwf	𦲴
okccvxrf	𦲻
okccnvui	𦲼
okccsicc	𦲿
okcchemc	𦳁
okccuvyi	𦳂
okccglia	𦳅
okcclqxs	𦳆
okcceryz	𦳉
okccklia	𦳊
okccuuyz	𦳋
okccytgx	𦳍
okccytqp	𦳎
okccmuqp	𦳏
okccyuho	𦳒
okviccjs	𦳖
okccmbri	𦳜
okccjbyh	𦳟
okccdguu	𦳠
okccvxyz	𦳡
okccbcho	𦳤
okccfhzi	𦳧
okccnvls	𦳨
okccklyz	𦳩
okccgsba	𦳪
okccheqm	𦳫
okccklhe	𦳬
okccbkvi	𦳭
okviccuu	𦳯
okcchuqu	𦳰
okccrijx	𦳱
okccyuuj	𦳳
okccdccc	𦳴
okccuvqq	𦳸
okccyzuc	𦳹
okccbavi	𦳺
okcctuer	𦳻
okccheyy	𦳽
okccxtyy	𦳾
okccmuui	𦳿
okccfgmu	𦴀
okccmuia	𦴁
okccqmtu	𦴂
okcchgsi	𦴃
okccklri	𦴄
okccsiwf	𦴅
okcclcju	𦴆
okccyagx	𦴉
okccsiyz	𦴋
okccbcdo	𦴌
okccisye	𦴍
okccziuu	𦴎
okccqmbk	𦴏
okcckdtm	𦴐
okccwfri	𦴒
okccihni	𦴓
okcchomu	𦴔
okccbcmi	𦴕
okcciayt	𦴗
okccdcdc	𦴘
okcchewu	𦴙
okccgskz	𦴛
okccklxb	𦴜
okccuvhg	𦴝
okccjqia	𦴞
okccdddc	𦴟
okcciayt	𦴠
okccmuba	𦴡
okccuvci	𦴢
okccnvyi	𦴣
okccrfjy	𦴨
okccfhni	𦴪
okcckzjb	𦴫
okcccccc	𦴬
okccxtyz	𦴯
okccrfyi	𦴱
okccmuwf	𦴲
okccjucc	𦴳
okccuvan	𦴴
okccuvdq	𦴵
okccuvrf	𦴷
okccuvig	𦴸
okccxuuc	𦴹
okcclnkl	𦴻
okcclikv	𦴾
okccrfxb	𦵃
okccmuho	𦵅
okccritm	𦵆
okccwfxb	𦵇
okccisuc	𦵈
okccuuzz	𦵉
okccbibw	𦵊
okccrfir	𦵋
okccrfwf	𦵌
okccdrwf	𦵍
okccnvmk	𦵎
okccsida	𦵏
okccjqtu	𦵐
okccligz	𦵑
okcchohe	𦵒
okccycqp	𦵔
okccfher	𦵖
okccuziu	𦵛
okccdscc	𦵝
okccuirf	𦵞
okccsier	𦵟
okccklui	𦵣
okccyrcy	𦵤
okccuiyz	𦵥
okccrfuu	𦵦
okccjiwf	𦵨
okcccipu	𦵪
okccuiva	𦵬
okccuzto	𦵭
okccerxb	𦵮
okccvstm	𦵰
okccvzyz	𦵲
okccbcxk	𦵳
okccvjve	𦵵
okccgsmu	𦵶
okccsiba	𦵺
okccgsyi	𦶁
okccppbi	𦶃
okcczzxi	𦶅
okccermc	𦶇
okccerkl	𦶈
okccuvpb	𦶊
okccligx	𦶍
okcccsui	𦶎
okccervv	𦶏
okccriyu	𦶑
okccuvhe	𦶒
okccmugs	𦶓
okccmuju	𦶔
okcclwmu	𦶖
okccxkrf	𦶗
okccjrjb	𦶘
okccricc	𦶛
okccuvif	𦶜
okccnvyz	𦶞
okcclqyi	𦶧
okccxtwf	𦶨
okcchvhe	𦶫
okcclicc	𦶭
okcclwyy	𦶮
okccxtcc	𦶯
okccxbbi	𦶰
okccbkui	𦶱
okccwjnv	𦶲
okccbcjm	𦶴
okccuvxn	𦶵
okccuvir	𦶶
okccglkz	𦶹
okccbcda	𦶺
okccerxi	𦶽
okccuzbm	𦷀
okccujug	𦷃
okccbiqr	𦷅
okcckzgs	𦷆
okccbkuj	𦷇
okccdvuu	𦷊
okcchexb	𦷋
okccrfmu	𦷎
okccheli	𦷏
okcccsmb	𦷐
okcchefg	𦷑
okccjiho	𦷓
okccihvi	𦷔
okccvjbi	𦷕
okcckzli	𦷗
okccviui	𦷘
okcchevj	𦷙
okccjqxb	𦷚
okccrfpg	𦷛
okccbcxn	𦷝
okccwfmu	𦷞
okccjiyc	𦷠
okccdgui	𦷡
okccxixb	𦷢
okccridk	𦷣
okccdgui	𦷦
okccuvto	𦷪
okccvxsi	𦷲
okccbcdz	𦷳
okccnvvu	𦷵
okccqrcc	𦷶
okcchdvi	𦷷
okccsiri	𦷹
okccsirf	𦷺
okccxbpu	𦷻
okccheug	𦷼
okccwuer	𦷽
okccuijb	𦷾
okcczzvj	𦷿
okccyrnv	𦸅
okccsiqi	𦸆
okccuegx	𦸈
okccjigx	𦸉
okccxisi	𦸊
okccrihj	𦸋
okcctmsi	𦸎
okccsige	𦸑
okccmuuv	𦸓
okccvzuj	𦸔
okccsikl	𦸖
okccvshv	𦸜
okccbiis	𦸞
okcceekd	𦸟
okccklyj	𦸠
okccuiyu	𦸢
okccglbi	𦸣
okccbcqu	𦸤
okccrfri	𦸥
okccbowf	𦸦
okgsvitu	𦸧
okcchgfg	𦸨
okccrihg	𦸩
okccuvfw	𦸪
okccridi	𦸫
okcctyba	𦸬
okccwuwu	𦸭
okccifcc	𦸳
okccgeig	𦸴
okcchucs	𦸵
okccsigx	𦸷
okcchemu	𦸸
okccgscc	𦸹
okcccici	𦸺
okccuiyj	𦸻
okccuvxn	𦸼
okcctmci	𦸿
okcchvmu	𦹁
okccmudd	𦹂
okccjgtu	𦹆
okcczovi	𦹇
okccuacc	𦹈
okccqicc	𦹉
okccwucc	𦹊
okccsifa	𦹋
okcciais	𦹌
okccyucc	𦹍
okccbcxb	𦹎
okccnmig	𦹒
okccyuhg	𦹓
okccbiqm	𦹔
okccgsdm	𦹕
okccyzsi	𦹖
okcckeye	𦹗
okcclcbw	𦹘
okccwhxt	𦹙
okccjbyc	𦹚
okccpbqn	𦹛
okcchexm	𦹞
okccsiji	𦹟
okccddig	𦹠
okccddfu	𦹡
okccbdvi	𦹢
okccbcmn	𦹣
okccerih	𦹥
okccbcjb	𦹦
okccgfmb	𦹧
okcchotu	𦹨
okccjsyt	𦹩
okccqrvo	𦹫
okcccsda	𦹬
okccfhgx	𦹭
okccyzwf	𦹰
okccbwjb	𦹱
okccsifj	𦹴
okccmubw	𦹶
okccwfbw	𦹺
okccccxi	𦹼
okccgsbw	𦹽
okccrfwf	𦹿
okccmufu	𦺀
okccuvmu	𦺁
okccbdho	𦺂
okccrfsi	𦺃
okccwfjq	𦺅
okccziui	𦺆
okccuvdu	𦺇
okccmuwj	𦺊
okccnvyz	𦺋
okccuvyz	𦺌
okccuvqm	𦺍
okccytpz	𦺎
okccpzmc	𦺑
okccycuu	𦺔
okccuzkv	𦺕
okccmcjs	𦺖
okccuvxm	𦺘
okccbcnq	𦺙
okccgskz	𦺚
okccqrtr	𦺛
okccbcmb	𦺝
okccyjke	𦺞
okccjngx	𦺠
okccvoge	𦺩
okccheyu	𦺪
okccuill	𦺫
okccrfyz	𦺭
okccglyu	𦺮
okccpmmu	𦺯
okccrfsi	𦺰
okcccibw	𦺱
okcclikz	𦺳
okccqumu	𦺵
okccihdc	𦺶
okccxmxm	𦺷
okcchors	𦺺
okcceryb	𦺼
okccriyj	𦺽
okccuvda	𦺾
okccybge	𦺿
okccrfui	𦻀
okccjqqm	𦻁
okccuvui	𦻂
okcccsvv	𦻃
okccuvuj	𦻄
okccycfw	𦻅
okccccsi	𦻇
okccuvyz	𦻈
okccvzyz	𦻉
okcchgdn	𦻋
okccfumb	𦻌
okccbatu	𦻍
okcccskv	𦻏
okccyjys	𦻑
okccsixy	𦻖
okccerer	𦻙
okccziye	𦻚
okccigho	𦻛
okccuvye	𦻜
okccuuda	𦻞
okccvccc	𦻟
okjbhgcc	𦻠
okccqucc	𦻡
okccdccc	𦻢
okccldcc	𦻣
okccxsri	𦻤
okccfwcc	𦻥
okccvvcc	𦻧
okcchucc	𦻨
okccbczc	𦻩
okccwwcc	𦻪
okccwfyi	𦻫
okccuvkl	𦻭
okmhnvji	𦻯
okccddfw	𦻰
okccjiri	𦻳
okccmfdz	𦻶
okccjbis	𦻷
okcckzxi	𦻸
okccfwho	𦻹
okccqiji	𦻻
okccsiif	𦻼
okccmumk	𦻽
okccyzjb	𦻾
okccvitm	𦻿
okccbmbc	𦼀
okcchetm	𦼁
okccqrqr	𦼂
okccerdz	𦼄
okccxlye	𦼅
okccmdyu	𦼆
okccquho	𦼈
okccccvv	𦼉
okccmulu	𦼋
okccvzvz	𦼎
okccxtbo	𦼑
okcclwxn	𦼒
okccbche	𦼖
okccpigs	𦼘
okccnvui	𦼙
okcczzer	𦼜
okccyutm	𦼞
okccmfkd	𦼠
okccjbjb	𦼡
okccuijb	𦼢
okccbida	𦼣
okcciave	𦼤
okccxbia	𦼧
okccjqbw	𦼨
okcctmjq	𦼩
okcclbmc	𦼪
okcchuui	𦼫
okccjumb	𦼬
okccmufu	𦼭
okccmuhe	𦼰
okcchemc	𦼵
okccytmu	𦼶
okccieuu	𦼷
okccwfhe	𦼹
okccuiig	𦼺
okccuvwf	𦼻
okccyuyz	𦼼
okccwwvi	𦼽
okccuzlq	𦼾
okccwuye	𦽀
okcchelu	𦽂
okccpmbm	𦽃
okccmfke	𦽅
okccxbzi	𦽆
okccqqqr	𦽈
okccmuyj	𦽉
okccjbju	𦽋
okccpmfu	𦽌
okcchexl	𦽑
okccykxy	𦽓
okccifqr	𦽕
okccmukl	𦽖
okccdimb	𦽘
okviccba	𦽙
okccqpnv	𦽚
okccbcuu	𦽛
okccxtjq	𦽜
okccrflw	𦽝
okccwwyr	𦽞
okccfhwf	𦽠
okccwflc	𦽡
okccuiui	𦽢
okccndqm	𦽣
okccyjpd	𦽤
okccuzqb	𦽥
okccrifh	𦽦
okcchexq	𦽧
okccmurz	𦽩
okccjbfu	𦽪
okccdgnq	𦽬
okccdojq	𦽭
okccbjnv	𦽮
okcchgcc	𦽱
okccernv	𦽵
okccjbcc	𦽷
okccxxcc	𦽸
okccmccc	𦽹
okcckvwf	𦽺
okccbccc	𦽻
okccffda	𦽽
okcckvbc	𦾀
okcciyxn	𦾁
okccvfxb	𦾂
okccuzhe	𦾃
okccuuan	𦾄
okccdcuv	𦾅
okccpbyy	𦾆
okccbcnn	𦾉
okccpbfh	𦾊
okccsiir	𦾋
okccbcxn	𦾍
okccheww	𦾎
okccrfmb	𦾐
okccsiwo	𦾒
okccrfkv	𦾓
okccvvjq	𦾔
okccytfu	𦾕
okccybmb	𦾗
okccnvxi	𦾘
okccuzbf	𦾙
okccvigf	𦾜
okcclumb	𦾞
okccnvwf	𦾡
okccuzhe	𦾣
okccuinv	𦾦
okccxbnv	𦾨
okcceryc	𦾩
okccriwf	𦾪
okccuiuu	𦾫
okccpmbh	𦾭
okccvomu	𦾮
okccglhe	𦾰
okccuzic	𦾱
okccbayi	𦾲
okccdawa	𦾳
okccmwxi	𦾴
okccuvvf	𦾷
okccvxxb	𦾻
okcczzgz	𦾼
okcczzuv	𦾽
okccheve	𦿀
okcchefu	𦿁
okccyinn	𦿂
okccihxn	𦿃
okccfgji	𦿅
okccuiyh	𦿆
okccyuer	𦿇
okccrfcc	𦿈
okcchutm	𦿊
okccquhe	𦿋
okccriho	𦿌
okccuiwf	𦿎
okccqtge	𦿐
okccricc	𦿑
okccieuu	𦿓
okcctvmu	𦿕
okcctulu	𦿖
okccgcmc	𦿗
okccrfmb	𦿘
okccfujt	𦿙
okcczzuv	𦿚
okccsibo	𦿛
okccbcba	𦿜
okccuvxb	𦿞
okcchecc	𦿠
okccrigv	𦿡
okccgccc	𦿣
okccvjcc	𦿥
okccrfuj	𦿦
okviwuui	𦿧
okcchetm	𦿨
okcccccc	𦿩
okccfgcc	𦿪
okccyjri	𦿫
okccglnn	𦿬
okccsvug	𦿮
okccyiia	𦿯
okccwujq	𦿱
okccdann	𦿲
okcclutu	𦿳
okccyhxn	𦿴
okccbdwf	𦿵
okccgsjm	𦿶
okccqrri	𦿷
okccyjis	𦿸
okmokzuv	𦿹
okcchemi	𦿺
okccjbqr	𦿻
okccbcvi	𦿼
okccheye	𦿽
oklirfuv	𦿾
okccsiww	𦿿
okcchego	𧀁
okccvxui	𧀂
okccldld	𧀃
okcctmyh	𧀄
okccsihe	𧀅
okccsidz	𧀆
okccklxi	𧀇
okccklri	𧀈
okccuvxn	𧀉
okccsicd	𧀊
okccwhkl	𧀍
okccvils	𧀔
okccervi	𧀕
okccheui	𧀖
okcclwtm	𧀗
okccxbze	𧀘
okccggho	𧀙
okccsiqq	𧀚
okcchoyc	𧀜
okcctdyk	𧀟
okccsiui	𧀠
okccsilk	𧀧
okccirve	𧀨
okccbcfj	𧀯
okccddxb	𧀱
okccihba	𧀳
okccvjmu	𧀵
okccuizz	𧀶
okccujxy	𧀷
okccjiye	𧀺
okccrfvj	𧀻
okccdvxb	𧀼
okcczumb	𧀽
okccyudi	𧀾
okccdmer	𧀿
okccvoyu	𧁀
okcckzyi	𧁁
okcchexu	𧁃
okccvzdc	𧁄
okccvgjb	𧁅
okccujjb	𧁆
okcccccc	𧁇
okcclumu	𧁈
okccfhba	𧁉
okccyjxb	𧁊
okccmbxb	𧁋
okccsihg	𧁌
okcciequ	𧁍
okccrivg	𧁎
okccuizz	𧁏
okccpumb	𧁔
okccbkcc	𧁕
okcccctm	𧁖
okcccscc	𧁗
okccnvxy	𧁘
okccrvtu	𧁚
okccuvho	𧁛
okgsfwhv	𧁝
okccuiui	𧁞
okccdcda	𧁠
okgsxnfu	𧁡
okccrinn	𧁢
okccsigo	𧁣
okccvivi	𧁤
okccjbsi	𧁥
okccklsi	𧁧
okccheda	𧁨
okcchegv	𧁩
okccvvjm	𧁪
okccrfmu	𧁫
okccsifg	𧁯
okccdcpu	𧁰
okccjbjb	𧁲
okccfufw	𧁳
okccihtu	𧁶
okcchugo	𧁸
okccvzcc	𧁻
okcclbvi	𧁽
okcclzgx	𧁾
okccviye	𧂀
okccmfjq	𧂄
okcchecj	𧂅
okccycxy	𧂇
okccbdfj	𧂉
okccyzjq	𧂊
okccfgxb	𧂋
okccklir	𧂌
okcczzxy	𧂍
okcchojn	𧂒
okrijbyi	𧂓
okccuiuu	𧂔
okccwhjb	𧂖
okccrfxy	𧂗
okccjiyc	𧂘
okccuvho	𧂙
okccqpmb	𧂚
okccccwa	𧂛
okccxtlz	𧂜
okccsige	𧂝
okccxkyj	𧂞
okccxmxb	𧂡
okccifyz	𧂢
okccvvve	𧂤
okccbobo	𧂥
okccmuer	𧂦
okccuvfh	𧂧
okccsizc	𧂩
okccxubw	𧂪
okcclwyr	𧂬
okcclwru	𧂭
okccyubw	𧂰
okccjtcc	𧂱
okccgjmi	𧂲
okccdjcc	𧂳
okccvvcc	𧂴
okccglnn	𧂶
okccgljb	𧂷
okccerxb	𧂺
okcclwwu	𧂻
okccihmi	𧂾
okccytrv	𧂿
okccisvi	𧃀
okccmfdm	𧃁
okcchlmc	𧃂
okccgevv	𧃄
okccxbhs	𧃈
okccuvjs	𧃉
okccuiyu	𧃋
okccziwf	𧃍
okccccxb	𧃎
okccuuqm	𧃏
okcczuvd	𧃐
okccgjhs	𧃓
okccuzvd	𧃔
okcccsjq	𧃖
okccyzmb	𧃗
okccfzqp	𧃘
okccytvi	𧃚
okccdcwf	𧃜
okccbwyi	𧃞
okccufqk	𧃠
okccuvmu	𧃡
okcchugs	𧃢
okccsidi	𧃣
okccyubw	𧃤
okcclqyi	𧃥
okccdavv	𧃦
okcclusi	𧃧
okccqryi	𧃩
okdoccwf	𧃪
okccqbxi	𧃫
okccmujs	𧃬
okccvimu	𧃭
okccholn	𧃮
okccziwf	𧃰
okcchgyc	𧃱
okccluyi	𧃳
okccqrmg	𧃶
okccvvkv	𧃷
okccmccc	𧃺
okccsecc	𧃻
okcckzuz	𧃼
okccmbmu	𧃾
okxtqmuu	𧄀
okccihih	𧄂
okcclwuv	𧄃
okccvixb	𧄄
okccgfxb	𧄅
okcchegj	𧄆
okccyuxk	𧄇
okccnmfu	𧄊
okccviky	𧄋
okccyjxi	𧄎
okccsigv	𧄑
okccxbho	𧄖
okcchevi	𧄗
okccuiuu	𧄘
okccuisv	𧄙
okccwfli	𧄚
okccgehs	𧄛
okccrvsi	𧄜
okccmijn	𧄝
okccbwnn	𧄞
okccluui	𧄟
okccuilb	𧄠
okccvvmu	𧄡
okccuvrf	𧄢
okcckzif	𧄤
okcclwjq	𧄥
okccwwwf	𧄧
okccmuxu	𧄨
okcciccc	𧄩
okccccri	𧄪
okccxicc	𧄫
okcceryz	𧄬
okccjbmb	𧄭
okcchehe	𧄮
okccsiwu	𧄯
okccmfta	𧄱
okccyjmo	𧄲
okccyjsi	𧄶
okccernn	𧄷
okcctsqp	𧄸
okccsidg	𧄼
okccsixs	𧄾
okccmhyh	𧄿
okccvjjb	𧅀
okccsizc	𧅂
okccholu	𧅃
okccqmwf	𧅄
okccbwww	𧅅
okcccsis	𧅇
okcchevd	𧅈
okccxtyi	𧅉
okccyjvi	𧅊
okccmhgf	𧅋
okccjiyc	𧅍
okccmdcc	𧅎
okcclicc	𧅏
okccdyho	𧅐
okcckzjb	𧅒
okccuihe	𧅔
okccqrnn	𧅖
okccyhxu	𧅘
okccliye	𧅙
okccmivd	𧅛
okccmuqb	𧅜
okccdsri	𧅝
okccququ	𧅞
okyyyylb	𧅟
okccwfmu	𧅠
okccyjji	𧅡
okccgurz	𧅢
okmuccyu	𧅦
okccpbnn	𧅧
okccbmao	𧅨
okccyjuz	𧅩
okcctyis	𧅪
okcclinn	𧅯
okccwfjq	𧅱
okcctmlb	𧅲
okccbklu	𧅳
okccwfjq	𧅴
okccpbbw	𧅵
okccmfis	𧅶
okccbdxt	𧅷
okccluuu	𧅸
okccxkyu	𧅹
okccjbnn	𧅻
okcchexl	𧅼
okccyzmb	𧅽
okcctsgo	𧅾
okccjbnn	𧅿
okccmivd	𧆀
okccyecc	𧆁
okccmhjy	𧆃
okuuccle	𧆄
okccyjgs	𧆅
okccuily	𧆆
okccyiuu	𧆇
okccuiye	𧆈
okccfjsi	𧆉
okccnjho	𧆋
okccqijq	𧆌
okccmhyr	𧆍
okccyjmu	𧆏
okccyuvv	𧆑
okccjkxb	𧆒
okcclulu	𧆓
okccuiyi	𧆔
okcctmhe	𧆕
okcctunn	𧆖
okcclumb	𧆗
okccklmu	𧆘
okccjqsi	𧆙
okccnncc	𧆚
okhutukl	𧆣
okhujbyz	𧆤
okhuxter	𧆧
okhuxtrf	𧆩
okhuhgqn	𧆪
okhujbjq	𧆮
okhudakz	𧆱
okhukzqm	𧆲
okhubwhg	𧆳
okhuwfuj	𧆵
okhuwfyu	𧆶
okhubiwu	𧇂
okhuirtm	𧇄
okhubcri	𧇅
okhumupu	𧇆
okhujbqp	𧇇
okhuwfqp	𧇈
okhuwfgu	𧇉
okhubari	𧇋
okhuirkl	𧇏
okhugevi	𧇒
okhudzji	𧇔
okhuirtm	𧇕
okhubamu	𧇖
okhufumu	𧇗
okpphuqp	𧇘
okhuvxcy	𧇛
okifyzhu	𧇜
okhuwfgu	𧇡
okhuqpqp	𧇣
okhujibd	𧇤
okfuhujb	𧇧
okhumpmu	𧇩
okhurfri	𧇪
okifrfhu	𧇬
okglhuqq	𧇲
okxkyrhu	𧇳
okhuhvui	𧇴
okrfkzuz	𧇵
okhchudz	𧇼
okhutmgs	𧇽
okhuvvxi	𧇾
okhuuiqp	𧇿
okhusiwu	𧈀
okjmhurf	𧈁
okhumukv	𧈃
okucxnhu	𧈅
okhugeyt	𧈉
okhucctu	𧈋
okhguuhu	𧈌
okhugeuj	𧈎
okkzuihu	𧈐
okhuieuu	𧈑
okhuxntu	𧈒
okhugewf	𧈓
okieuuhu	𧈖
okieuuhu	𧈗
okhudcri	𧈘
okhudzmb	𧈚
okbaeris	𧉇
okishguj	𧉋
okisxnna	𧉍
okxidmis	𧉏
okishgyc	𧉛
okisbcji	𧉡
okgsjiis	𧉨
okisklyz	𧉫
okisrfye	𧉮
okisihgj	𧉲
okisccuu	𧉳
okishuyi	𧉵
okwfjiis	𧊃
okccuiis	𧊝
okiskler	𧊨
okisujgj	𧊩
okwjwjis	𧊪
okiskler	𧊫
okccyzis	𧊬
okccwfis	𧊮
okisndmu	𧊱
okiswfnq	𧊵
okishgtu	𧊻
okisybdm	𧊼
okisuvyu	𧋂
okisihvi	𧋇
okhgbcis	𧋌
okiserve	𧋖
okisve	𧋖
okuiistu	𧋗
okrfrfis	𧋚
okveisis	𧋜
okishgmu	𧋝
okiscctm	𧋞
okiskliz	𧋡
okisuikz	𧋣
okisqudc	𧋤
okiswftu	𧋧
okiscczi	𧋫
okisvxtu	𧋭
okiswftu	𧋮
okridais	𧋯
okdvhgis	𧋰
okwfbwis	𧋲
okgsjiis	𧋳
okistmuh	𧋹
okytyzis	𧌌
okisuzzi	𧌕
okpjxiis	𧌜
okdahois	𧌝
okispper	𧌞
okifjqis	𧌟
oksirfis	𧌢
okdcisis	𧌣
okisbajq	𧌤
okisjxdc	𧌥
oksiisis	𧌦
okishudk	𧌧
okismupm	𧌨
okjijiis	𧌩
okisjquu	𧌫
okishurf	𧌭
okisuidm	𧌮
okishgdc	𧌵
okisqmbu	𧌷
okisccer	𧌺
okisisdk	𧌾
okbcisis	𧍀
okisyzyz	𧍂
okislqyy	𧍄
okisihgv	𧍊
okiswflp	𧍐
okisklve	𧍑
okishvvi	𧍚
okiskzkv	𧍞
okisccxn	𧍠
okkzdais	𧍨
okisjida	𧍩
okishecc	𧍬
okishukz	𧍮
okiswfug	𧍰
okwfisis	𧍸
okishgkl	𧍹
okisklxt	𧍺
okisdddc	𧍼
okglistu	𧍽
okgubcis	𧍾
okisddvf	𧍿
okmupmis	𧎀
okbiuiis	𧎃
okismcwf	𧎄
okuiisuu	𧎅
okcdisis	𧎆
okisjxdc	𧎈
okisqldm	𧎉
okishuzi	𧎍
okiskzer	𧎎
okiswfis	𧎓
okissiuv	𧎖
okisxier	𧎙
okisihls	𧎞
okisjuer	𧎟
okisyibw	𧎢
okisbcbo	𧎧
okisuixb	𧎨
okuiisis	𧎪
okisxnbw	𧎫
okiaisis	𧎮
okbaisis	𧎱
okisyegj	𧎲
okycgeis	𧎶
okuiuiis	𧎹
okisxnxn	𧎾
okisxbxb	𧏀
okihistu	𧏁
okisgvda	𧏂
okisdmda	𧏃
okyiwfis	𧏅
okifdzis	𧏆
okvidcis	𧏇
okisklzi	𧏈
okisjrfu	𧏉
okccisis	𧏊
okhgbcsv	𧏋
okuiuuis	𧏌
okisbcqp	𧏏
okislili	𧏑
okrigsis	𧏒
okisiutm	𧏓
okklistu	𧏔
okisihrf	𧏕
okisqlsi	𧏙
okuiisuu	𧏚
okistuwu	𧏜
oklwppis	𧏝
okccgsis	𧏤
okisccxn	𧏥
okiserho	𧏦
okistmwf	𧏧
okisxbsi	𧏩
okisjrmu	𧏪
okisvxuj	𧏭
okislidm	𧏵
okisliui	𧏹
okvuisis	𧏼
okisyixb	𧏽
okisrfyh	𧐀
okisuuqm	𧐁
okuirfis	𧐂
okisvvda	𧐃
okishuqp	𧐅
okvigjis	𧐉
okistmge	𧐋
okdiisis	𧐏
okisucxn	𧐑
oksiklis	𧐘
okisglho	𧐚
okiswfwf	𧐛
okkeuuis	𧐜
okisdzdz	𧐝
okismwxb	𧐟
okuguuis	𧐡
okisuiye	𧐦
okiyisis	𧐧
okluwjis	𧐨
okishuzz	𧐪
okiswjis	𧐫
okisxnhv	𧐬
okklyzuu	𧐰
okiswfjb	𧐲
okisglsi	𧐳
okdzdzis	𧐵
okisgltu	𧐷
okisvzuj	𧐸
okishemu	𧑇
okziisis	𧑉
okistmgs	𧑌
okiuuiis	𧑎
okismcjs	𧑐
okisccfg	𧑑
okciisis	𧑖
okuzyris	𧑝
okisjris	𧑞
okishgui	𧑠
okglistu	𧑢
okvuisis	𧑤
okvzjris	𧑥
okisvvgk	𧑦
okuiveis	𧑧
okfgisis	𧑨
okissiyi	𧑩
okislwxn	𧑫
okxtfais	𧑬
okiserer	𧑮
okxmxmis	𧑯
okisxtbo	𧑲
okisirho	𧑳
okdcisis	𧑴
okisujsi	𧑵
okisbcrj	𧑶
okisuinq	𧑷
okisuzzz	𧑺
okuhgeis	𧑼
okisuhzz	𧑽
oksisiis	𧑿
okdvisis	𧒂
okyhisis	𧒃
oklpisis	𧒈
okwoisis	𧒎
okifisis	𧒏
okisgltu	𧒐
okfgisis	𧒒
okqqisis	𧒔
okishguu	𧒘
okdvisis	𧒙
okriisis	𧒛
okuigsis	𧒝
okisklyt	𧒞
okdmisis	𧒟
okisbcys	𧒠
okbcfgis	𧒡
okccxbis	𧒣
okccisis	𧒤
okiufhis	𧒥
okfuyhis	𧒦
okbcxbis	𧒧
okjmistu	𧒨
okisuhgj	𧒩
okisbcys	𧒫
okisbcmo	𧒳
okisuiig	𧒵
okisuiyi	𧒶
okisjnyh	𧒻
okisieuu	𧒼
okrfyuis	𧓀
okwfkzis	𧓂
okfwisis	𧓊
okislitu	𧓋
okisykho	𧓌
okisbcba	𧓍
okbwisis	𧓎
okerwais	𧓐
okyuisis	𧓑
okisxiyb	𧓒
okisycve	𧓓
okdsisis	𧓕
okfwisis	𧓖
okissiqm	𧓗
okwfbcis	𧓚
okisjqhl	𧓛
okisuimu	𧓜
okiszida	𧓝
okisgefg	𧓞
okveisis	𧓟
okishgjs	𧓠
okisccxu	𧓡
okhyisis	𧓢
okglsiis	𧓣
okzdisis	𧓤
okisuiya	𧓥
okklisis	𧓨
okisddbw	𧓩
okmiisis	𧓫
okisfufw	𧓬
okismmmm	𧓰
okklisis	𧓱
okmnisis	𧓵
okqtgeis	𧓷
okisdmer	𧓸
okmbriis	𧓹
okisglwu	𧓼
okisfupu	𧓾
okmcisis	𧓿
okisbwwa	𧔀
okervsis	𧔁
okbcmzis	𧔂
okduisis	𧔄
okislzpu	𧔅
okpiisis	𧔆
okisdrer	𧔇
okyisiis	𧔈
okisgltu	𧔊
okisujjy	𧔍
okccdnis	𧔏
okcciais	𧔐
oksvisis	𧔑
okisuive	𧔒
oksuiais	𧔓
okisccma	𧔕
okisisis	𧔗
okissiyr	𧔘
okyrisis	𧔞
okisjrma	𧔟
okisccqn	𧔠
okvjisis	𧔡
okxmxiis	𧔤
okjlisis	𧔧
okccdnis	𧔩
okiswfgj	𧔫
okishgmu	𧔬
okqmisis	𧔭
okqiisis	𧔮
okbiisis	𧔯
okvvisis	𧔰
okjqklis	𧔱
okmkisis	𧔲
oklqisis	𧔳
okwwmbis	𧔵
okvzhois	𧔶
okiszxvv	𧔷
okiskzjs	𧔸
okisihtu	𧔹
okkzwjis	𧔺
okisuiuu	𧔽
okishghg	𧕁
okisirjq	𧕂
okisdctu	𧕃
okisyukz	𧕅
okisdzge	𧕆
okwwisis	𧕈
okisxigu	𧕉
okisyjyz	𧕊
okltisis	𧕌
okquisis	𧕎
okccisis	𧕐
okiscimm	𧕓
okgcisis	𧕔
okwhwhis	𧕕
okhetmis	𧕙
okisqixn	𧕚
okkztmis	𧕛
okyrriis	𧕜
okbcxbis	𧕝
okxtrfis	𧕠
oklivsis	𧕢
okvvisis	𧕣
okdjisis	𧕦
okjqklis	𧕧
okisyiyz	𧕪
okistmtu	𧕫
okhgfzis	𧕰
okwuisis	𧕱
okvvklis	𧕲
okmmisis	𧕵
okyiisis	𧕶
okmahlis	𧕸
okisvvfj	𧕺
oksvyuis	𧕼
okjijiis	𧕽
okjpisis	𧕾
okycveis	𧖀
okwfbcis	𧖁
okwjisis	𧖄
okbcdkis	𧖅
okismfda	𧖆
okglvvis	𧖇
okuigsis	𧖉
okqiisis	𧖊
okisluuu	𧖋
okisislw	𧖌
okpiisis	𧖎
okuigsis	𧖏
okgsjlis	𧖑
okhgmfis	𧖔
okxbbiis	𧖕
okisyikz	𧖗
okisyjuz	𧖘
okhgfzis	𧖚
okjiisni	𧖛
okjnjnis	𧖝
okyudjis	𧖞
okxmxmis	𧖟
oksvnnis	𧖠
okccjpis	𧖡
oksvisis	𧖢
okdsriis	𧖤
oktslbis	𧖥
okhguhxt	𧖬
okytybmb	𧖺
okyuujxt	𧗁
okujyuxt	𧗃
okifrfxt	𧗄
okccigmb	𧗆
okycgext	𧗇
okyuhoxt	𧗊
okxthuhu	𧗌
okccjuxt	𧗎
okdapumb	𧗑
okxbjqxt	𧗕
okccqpxt	𧗘
okyumuxt	𧗙
okyubkxt	𧗚
okvhjlxt	𧗛
okxkhgrf	𧗡
okxkiags	𧗫
okxkujji	𧗬
okxksjcc	𧗭
okxkwukz	𧗮
okxkujwh	𧗲
okxkxrui	𧗵
okxkjm	𧗸
okxkgsxb	𧗺
okxkdcfu	𧗻
okxkujsi	𧗼
okxkdcda	𧗽
okxkjnda	𧗾
okxkriyr	𧘁
okxkircy	𧘄
okxkmufz	𧘆
okppvena	𧘇
okppbahg	𧘒
okppdcna	𧘖
okyibahg	𧘙
okpphgyc	𧘛
okppppkv	𧘧
okyibaba	𧘳
okppppyi	𧘵
okyikluu	𧘼
okpphgyi	𧘾
okppbcji	𧙇
okpphgkd	𧙒
okppndmu	𧙤
okyiiuba	𧙦
okwfklyi	𧙬
okgsgsyi	𧙭
okppjidc	𧙮
okyigsba	𧙰
okppjijb	𧙱
okwfriyi	𧙴
okyiccba	𧙵
okppihvi	𧙼
okrfpuyi	𧙾
okppve	𧚊
okpperve	𧚊
okppqmri	𧚎
okhgbcyi	𧚐
okppgekz	𧚑
okppuijb	𧚓
okppwfds	𧚕
okppyzqn	𧚗
okuvqryi	𧚚
okccdmyi	𧚛
okppihfu	𧚜
okfggeyi	𧚝
okppwhyi	𧚡
okppwfxs	𧚢
okppwfmu	𧚦
okppdcjq	𧚧
okhebcyi	𧚩
okyiirkz	𧚱
okirdcyi	𧚲
okhoriyi	𧚵
okppuidc	𧚶
okppbdir	𧚷
okppujys	𧚸
okyikzbw	𧚹
okppvizz	𧚺
okpplkkz	𧚼
okyikzkz	𧚾
okyibcyi	𧛁
okppklhe	𧛃
okpprfyi	𧛄
okppwfna	𧛅
okyicdba	𧛌
okppdabc	𧛍
okppxitu	𧛑
okppvuda	𧛒
okpphuwf	𧛓
okyivxmu	𧛙
okpprfih	𧛛
okppxswf	𧛝
okppgeba	𧛠
okppcsxb	𧛤
okppwfrj	𧛥
okfugeyi	𧛦
okkzyido	𧛧
okppbckz	𧛪
okcckzyi	𧛬
okppgvyi	𧛲
okpprfdh	𧛳
okppgsba	𧛴
okirdcyi	𧛵
okpprfui	𧛶
okppuixb	𧛺
okuiyzyi	𧛽
okyihehe	𧛿
okppsikl	𧜄
okppccrs	𧜆
okppiryi	𧜇
okyiytjr	𧜈
okyiyiri	𧜊
okppvxcc	𧜋
okyicigr	𧜍
okppxkuz	𧜎
okwffwyi	𧜏
okppddve	𧜐
okppihjb	𧜑
okytjryi	𧜜
okppmuuv	𧜝
okppcsxb	𧜢
okyiuuyi	𧜤
okppjlvi	𧜨
okppccxi	𧜩
okyixtyu	𧜪
okppvump	𧜬
okppbcqu	𧜮
okwfddyi	𧜯
okppwfwf	𧜰
okppguyt	𧜲
okuiyzyi	𧜷
okwfgeyi	𧜸
okluwjyi	𧜼
okppuiyu	𧜾
okppccfu	𧜿
okpptmgs	𧝀
okppsiyu	𧝁
okppmcjs	𧝃
okpphgho	𧝄
okppheyu	𧝅
okppjiri	𧝆
okppyebi	𧝉
okppybge	𧝊
okppdcho	𧝌
okihheyi	𧝏
okppdikz	𧝐
okyigsgs	𧝑
okppyijq	𧝘
okgvwjyi	𧝚
okyivzjr	𧝢
okgsgsyi	𧝣
okyirfma	𧝥
okihvilp	𧝦
okppdjge	𧝧
okpptucy	𧝪
okpphgjb	𧝫
okppdabw	𧝭
okppmixb	𧝮
okpperyi	𧝯
okppppqn	𧝰
okppbcee	𧝱
okpphuui	𧝲
okmhyifj	𧝹
okyilbmc	𧝺
okyivzcc	𧝻
okyiujyc	𧝾
okpptmjq	𧞁
okyiyujq	𧞂
oklbmcyi	𧞉
okppbaho	𧞌
okppvxxb	𧞎
okvejbyi	𧞐
okppbaui	𧞑
okppcche	𧞔
okerwayi	𧞕
okwfjbyi	𧞗
okppuivi	𧞘
okwfvzyi	𧞚
okjijqyi	𧞜
okppihjb	𧞝
okppdcji	𧞟
okziuiia	𧞠
oknvnnyi	𧞡
okhguiyi	𧞢
okppdcyu	𧞦
okppluho	𧞧
okppqtge	𧞩
okppirve	𧞪
okppuijq	𧞬
okpplw	𧞭
okyjuiyi	𧞮
okluhoyi	𧞯
okppqixb	𧞰
okppluyi	𧞱
okppfubd	𧞲
okppuiho	𧞳
okppyisi	𧞷
okuiuuyi	𧞹
okuiuuyi	𧞺
okyikzyc	𧞻
okppbcyi	𧞼
okppmabk	𧟁
okppgsjl	𧟂
okppcvjs	𧟃
okppuibw	𧟅
okppxbho	𧟈
okppvuxm	𧟉
okpprimi	𧟊
okppsixs	𧟍
okppuibw	𧟎
okyjsiyi	𧟏
okpperis	𧟐
okppxbif	𧟒
okppdsri	𧟔
okpptmhu	𧟕
okppvujq	𧟖
okppyjui	𧟗
okppccis	𧟚
okliliyi	𧟛
okppldld	𧟜
okppjbjt	𧟝
okppliyi	𧟞
oklslsyi	𧟟
okdayi	𧟟
okuigexi	𧟭
okxikluu	𧟮
okxituxi	𧟯
okxiuzuu	𧟲
okxiuzyt	𧟳
okxiuzyt	𧟶
okfgfgxi	𧟷
okxiriui	𧟹
okhgkllk	𧟺
okxihogv	𧟼
okhgwhfz	𧟾
okxituwh	𧟿
okhguigj	𧠀
okxiihwf	𧠂
okxirfwf	𧠃
okxigeer	𧠄
okveyter	𧠇
okklhgjm	𧠊
okveuijm	𧠍
okklrfjm	𧠓
okhuyijm	𧠞
okrfyejm	𧠡
okfuppjm	𧠥
okuhxnjm	𧠪
okrferjm	𧠬
okjmkzkz	𧠮
okgsxijm	𧠱
okvxbcjm	𧠳
okyzmujm	𧠸
okbcycjm	𧠽
okytujjm	𧠿
okujwhjm	𧡁
oktuhojm	𧡂
okdaycjm	𧡅
okmubkjm	𧡆
okjmccdm	𧡉
okihgvjm	𧡋
okvjbijm	𧡑
okgserjm	𧡔
okvuccjm	𧡗
okuiuijm	𧡘
oknmhojm	𧡙
okklhojm	𧡠
okdvccjm	𧡦
okbcfzjm	𧡧
okvzujjm	𧡬
okytuijm	𧡯
okvxjujm	𧡳
okvehgjm	𧡸
okvjvejm	𧡹
okklzijm	𧡻
okifhojm	𧡼
oklddcjm	𧡽
okvxfzjm	𧡾
okliwwjm	𧡿
okyiuujm	𧢂
okjmjmxb	𧢅
okvxvvjm	𧢉
okyuvfjm	𧢋
okziuijm	𧢌
oklbycjm	𧢎
okvigvjm	𧢏
okcibwjm	𧢔
okuumujm	𧢕
okgsmijm	𧢖
okmcyajm	𧢗
okbcbajm	𧢘
okjmyumb	𧢙
oknmtujm	𧢚
okmujiji	𧢛
okjmjmjm	𧢞
okjmcvwf	𧢠
okycyzjm	𧢣
okyukzjm	𧢥
okcvjsjm	𧢧
okxbhojm	𧢨
okbayejm	𧢪
okycjmjm	𧢬
okbklujm	𧢮
okccyujm	𧢯
okccujjm	𧢰
okdcklrf	𧢲
okjnhgyc	𧣎
okjnfupp	𧣘
okjngsbk	𧣚
okjnrfye	𧣟
okjnribi	𧣤
okjngser	𧣥
okjnbcqp	𧣬
okjnhghg	𧣰
okjngeyc	𧣱
okjnjm	𧣴
okjnaoer	𧣶
okjnxbhg	𧣿
okjncswu	𧤄
okjnwfmu	𧤇
okjnnmmu	𧤈
okjnkzyt	𧤉
okjnyccc	𧤋
okjnkzer	𧤏
okjqdajn	𧤑
okjnzoyt	𧤓
okjndguu	𧤔
okjnwfxn	𧤚
okjnmctm	𧤝
okjnjnnd	𧤢
okjnyzkz	𧤦
okjnhuuu	𧤧
okjnsiba	𧤩
okjnvvnd	𧤪
okjnihrf	𧤫
okjnpper	𧤬
okjnyzyz	𧤮
okjndzdz	𧤰
okjnuiho	𧤲
okjnqicd	𧤳
okuguujn	𧤴
okjnuixb	𧤶
okjnvxui	𧤷
okjnppwf	𧤸
okjnmcjs	𧤾
okjnuipu	𧤿
okhohgjn	𧥀
okjnyuxn	𧥂
okjnujjy	𧥅
okuijnuu	𧥆
okjnbaqm	𧥊
okjnluho	𧥍
okjnfufw	𧥎
okjnvvjs	𧥏
okhohojn	𧥑
okjntutu	𧥒
okjndctu	𧥓
okjncimm	𧥕
okjnbklu	𧥗
okjnvvuu	𧥘
okxmjnpu	𧥙
okxmxmjn	𧥚
okwferkl	𧥛
okwferkl	𧥜
okyjuive	𧥨
okyjkluu	𧥪
okyjppqi	𧥫
okyjppji	𧥬
okyjhgjq	𧥭
okyjklna	𧥯
okyjcchg	𧥳
okbceryj	𧥻
okerbayj	𧥽
okyjyzyz	𧦀
okyjruru	𧦁
okyjveda	𧦂
okyjyzkl	𧦆
okxidmyj	𧦇
okyjppkz	𧦎
okyjqikl	𧦏
okyjgshg	𧦒
okyjppcc	𧦖
okyjklyz	𧦘
okyzklyj	𧦙
okyjhgyc	𧦚
okyjbcyz	𧦛
okyjrfxn	𧦜
okyjihgj	𧦡
okyjwfnv	𧦣
okyjrfye	𧦧
okyjklye	𧦩
okgsjiyj	𧦬
okyjgsna	𧦮
okyjhgwu	𧦯
okyjppkz	𧦶
okyjbcve	𧦷
okgjklyj	𧦸
okyjppxi	𧦻
okyjvevi	𧦾
okyjrfxn	𧧂
okyjndmu	𧧇
okyjglto	𧧉
okyjhzsi	𧧊
okyjuhxn	𧧌
okyjuhxx	𧧎
okyjxser	𧧗
okxiyjyz	𧧙
okyjklfg	𧧚
okyjkler	𧧛
okyjihya	𧧝
okvxyjyz	𧧞
okyjuige	𧧟
okyjxtxt	𧧠
okyjbags	𧧡
okyjwfxs	𧧣
okyjuigs	𧧫
okuigeyj	𧧬
okyjwhir	𧧮
okyjxtuj	𧧱
okyjrfer	𧧲
okyjdanq	𧧳
okyjrfxb	𧧴
okrfviyj	𧧹
okyjbitu	𧧺
okyjbchu	𧧼
okycziyj	𧧿
okyjcckv	𧨄
okcctuyj	𧨅
okyjuimu	𧨇
okyjwhtu	𧨉
okyjihva	𧨊
okyjklvg	𧨋
okyjdahg	𧨌
okrfviyj	𧨍
okyjbcqp	𧨏
okyjwfnv	𧨐
okyjrivi	𧨓
okyjgjho	𧨗
okyjtutu	𧨙
okyjritu	𧨚
okyjmubi	𧨛
okyjvxda	𧨞
okyjxtyz	𧨠
okyjccgj	𧨢
oknwkzyj	𧨣
okyjrigs	𧨤
okyjppri	𧨥
okyjbamb	𧨦
okerzoyj	𧨧
okyjbiuj	𧨨
okyjpuyt	𧨪
okyjdagj	𧨫
okifrfyj	𧨭
okyjwfmu	𧨯
okyjihfz	𧨵
okyjccyc	𧨶
okligeyj	𧨺
okyjvjwf	𧨼
okyjbcmu	𧨾
okyjgsbd	𧨿
okuvyjuv	𧩁
okyjfhfh	𧩂
okyjccyc	𧩃
okyjhggs	𧩄
okyjglwf	𧩅
okyjjutu	𧩆
okyjxbji	𧩇
okyjdakv	𧩊
okyjrigk	𧩍
okdcihyj	𧩏
okyjhurf	𧩐
okyjkzyt	𧩑
okyjujmu	𧩒
okyjglgj	𧩔
okyjiziz	𧩖
okyjgsyz	𧩗
okyjveuj	𧩘
okyjdjvi	𧩙
okyjdauv	𧩚
okyjxyqn	𧩛
okyjnmmu	𧩜
okyjuzyt	𧩝
okyjgsxb	𧩟
okyjjibd	𧩠
okyjcikz	𧩢
okyjirxb	𧩣
okwwwfyj	𧩥
okyjdcui	𧩩
okyjcsxb	𧩪
okyjzoyt	𧩭
okyjzdyz	𧩮
okyjglni	𧩯
okyjxtvi	𧩰
okyjccva	𧩳
okyjnimu	𧩴
okyjdcyj	𧩵
okyjhecc	𧩸
okyjwfzi	𧩽
okifrfyj	𧩾
okyjgsba	𧩿
okyjjigs	𧪀
okyjxyzi	𧪂
okyjruyj	𧪃
okyjdayi	𧪉
okyjccbi	𧪋
okyjuuzz	𧪌
oksidcyj	𧪔
okyjgeba	𧪖
okyjqmkl	𧪗
okyjujli	𧪙
okyjsiba	𧪟
okyjhuwf	𧪤
okyjihdk	𧪥
okyjriyu	𧪦
okyjvehg	𧪧
okyjxbbi	𧪫
okxiyjsi	𧪬
okyjcckx	𧪮
okyjvskz	𧪯
okyjxyxi	𧪱
okyjxbxb	𧪳
okyjqrtu	𧪴
okyjxbbo	𧪶
oknmyjjb	𧪷
okyjccrj	𧪸
okyjrfkl	𧪺
okyjlili	𧪻
okyjjkrj	𧪿
okyjyirf	𧫀
okyjiezi	𧫂
okyjhuuz	𧫅
okyjirbw	𧫇
okyjythe	𧫈
okyjgvxb	𧫉
okyjvidc	𧫌
okyjziwh	𧫍
okyjsiyt	𧫐
okyjvuji	𧫑
okyjbczu	𧫒
okyjfwtu	𧫔
okyjyjer	𧫘
okyjxbwf	𧫝
okyjuiyu	𧫞
okyjvvda	𧫟
okyiuuyj	𧫦
okyjjbyz	𧫧
okyjglmu	𧫨
okyjhurf	𧫪
okyjytuu	𧫫
okwwihyj	𧫬
okyjdari	𧫭
okyjuigj	𧫮
okbwglyj	𧫯
okyjgljp	𧫰
okyjhujk	𧫲
okyjccfg	𧫴
okyjjrhv	𧫵
okuuqmyj	𧫷
okyjvupi	𧫸
okyjglho	𧫽
okyjlwsi	𧬀
okyjziui	𧬁
okyjvivi	𧬃
okyjufui	𧬄
okyjheyu	𧬈
okriiuyj	𧬉
okyjpbuj	𧬌
okyjdikz	𧬍
okyjihhe	𧬎
okyjerer	𧬐
okrfihyj	𧬑
okyjrifh	𧬒
okdajiyj	𧬓
okyjgjmu	𧬔
okyjccwf	𧬖
okyjqimu	𧬗
okyjfher	𧬚
okyjccxi	𧬝
okyjcihg	𧬟
okyjppzo	𧬡
okyjcsri	𧬢
okgegeyj	𧬣
okyjtmjq	𧬩
okyjhguu	𧬭
okyjmuda	𧬮
okyjbcsi	𧬯
okyjmfke	𧬱
okyjuiiu	𧬲
okyjsigj	𧬳
okyjklyt	𧬴
okyjxtzu	𧬵
okyjvevf	𧬶
okyjhuui	𧬷
okyjqudz	𧬹
okyjjinn	𧬽
okyjycyj	𧬾
okyjqmkl	𧬿
okyjvubp	𧭀
okiuwfyj	𧭁
okfufuvj	𧭃
okyjifwh	𧭅
okyjrfcc	𧭆
okyjbdfh	𧭇
okyjuivi	𧭋
okyjdawa	𧭌
okyjmugx	𧭑
oktsbcyj	𧭒
okyjykho	𧭓
okvzyuyj	𧭔
okyjqnjb	𧭕
okyjccwo	𧭖
okyjliri	𧭘
okyjbaui	𧭙
okyjyjyj	𧭛
okyjirve	𧭞
okyjdcpu	𧭦
okrfihyj	𧭨
okyjnmtu	𧭩
okyjgsge	𧭪
okyjwfgj	𧭫
okyjmuuu	𧭬
okhgvvyj	𧭭
okyjzifh	𧭮
okyjrfzo	𧭯
okyjgshw	𧭲
okkekeyj	𧭳
okyjsiyr	𧭴
okyjxmsi	𧭶
okyjddjq	𧭸
okyjwfgj	𧭺
okyjxmyj	𧭻
okyjccyj	𧭽
okyjyubw	𧭾
oksidcyj	𧭿
oksirfyj	𧮀
okyjccyz	𧮁
okyjxmri	𧮂
okyjnmho	𧮃
okyjujjy	𧮄
okyjcckv	𧮉
okyjgvyj	𧮊
okyjcvuu	𧮋
okyjsibc	𧮌
okyjmfyb	𧮍
okyjbcyj	𧮎
okyjjqsi	𧮏
okyjmfta	𧮑
okyjyiyz	𧮒
okyjgvvv	𧮓
okyjrimi	𧮔
okyjxmgs	𧮖
okyjyjxb	𧮗
okyjjyjy	𧮘
okyeuuyj	𧮙
okyjwjis	𧮚
okyjkzyz	𧮜
okyhyjyj	𧮟
okyjmaxl	𧮠
okyjxtmd	𧮡
okbwyjyj	𧮣
okkzueyj	𧮥
okyjyjyj	𧮦
okyjmulj	𧮧
okyjyiyc	𧮨
oklslsyj	𧮩
okdayj	𧮩
okrfrfkz	𧮫
okuubcgu	𧮲
okguvekl	𧮷
okuuguyz	𧮸
okguyzqn	𧮹
okgujm	𧮺
okwfxsgu	𧮼
okvxfugu	𧮾
okgudcui	𧯂
okgulidm	𧯇
okguxnxn	𧯈
okguucxn	𧯊
okgumfya	𧯋
okguziui	𧯌
okihhegu	𧯏
okguriwj	𧯐
okgumfke	𧯓
okguzijx	𧯔
okguuumu	𧯖
okguyuxi	𧯗
oktubadz	𧯣
okuigedz	𧯥
oktuxtdz	𧯧
okxidzcc	𧯭
okfgfgdz	𧯮
okdzdcjq	𧯰
okccigdz	𧯷
okfgkldz	𧯽
okdzhgtu	𧰁
okdzriyu	𧰂
okqudzui	𧰅
okbmxidz	𧰌
okerdzyz	𧰍
okdzbdkz	𧰏
okerwaqm	𧰓
oklqqudz	𧰖
okqudzmb	𧰚
okerwadz	𧰛
okhudzvs	𧰜
okqudzvj	𧰞
okqudzhe	𧰟
okqudzlb	𧰢
okdzvivi	𧰤
okhgppna	𧰧
okppppna	𧰨
okuippqi	𧰭
okuidcyz	𧰱
okhgihui	𧰳
okuidmuu	𧰵
okhubcui	𧰺
okfuppna	𧰼
okkzkzui	𧱄
okhubaui	𧱈
okuiklyz	𧱊
okpptmui	𧱋
okvxbcui	𧱌
okuihzba	𧱒
okytuijb	𧱔
okuihghg	𧱖
okuimubi	𧱗
okwfsvjp	𧱘
okerzoui	𧱞
okuihgsj	𧱠
okuiuilk	𧱢
okuiaoyz	𧱣
oktrgege	𧱤
okuiirtm	𧱥
okuidmls	𧱦
okuidmww	𧱧
okuizoyt	𧱫
okuixswf	𧱭
okuixnyz	𧱮
okuijbyz	𧱯
okuimcpu	𧱰
okwfsvue	𧱳
okgsuiui	𧱶
okuirfzz	𧱷
okuippmw	𧱸
okuiifyt	𧱽
okuiuiqr	𧱾
okhusvkl	𧲁
okuiuuui	𧲇
okuizovi	𧲈
okglhgui	𧲊
okuihuui	𧲋
okuivujp	𧲌
okuiuiui	𧲏
okuiujjy	𧲑
okuigsge	𧲒
okuirfzz	𧲓
okuimulz	𧲕
okuivuyt	𧲗
okuidzge	𧲘
okuiyukz	𧲙
okuicvjs	𧲚
okxkytjb	𧲞
okuiuiis	𧲟
okvippqr	𧲶
okviiruj	𧳀
okvihghg	𧳔
okvibdba	𧳖
okvidaba	𧳗
okviirxb	𧳦
okvipper	𧳱
okvixter	𧳲
okvifgcc	𧳳
okvixbcc	𧳴
okvirfvi	𧳺
okvivxis	𧳻
okvikzdi	𧳼
okvidaba	𧳾
okvivsve	𧳿
okvifubi	𧴀
okvivxzz	𧴇
okviridi	𧴉
okviyefu	𧴌
okvivivi	𧴎
okvivzvz	𧴏
okvierer	𧴓
okvihuui	𧴘
okvirfvi	𧴙
okviring	𧴞
okvimuqp	𧴢
oksisibw	𧴵
okbwqiui	𧴶
okbwhgpp	𧴷
okppycbw	𧴺
okbwhgkz	𧵀
okbwhgyc	𧵇
okbwkzna	𧵐
okxiyzbw	𧵚
okdkirbw	𧵜
okkzjqbw	𧵞
okbwiags	𧵧
okbwgedc	𧵪
okbwuukz	𧵫
okbwxser	𧵮
okdjvebw	𧵯
okrfvibw	𧵰
okbwgjkz	𧵳
okbwgeer	𧵶
okgeerbw	𧵸
okhgybbw	𧵹
okbwwfuv	𧵾
okbwve	𧶋
okbwerve	𧶋
okuihgbw	𧶌
okbwgeyc	𧶍
okbcgdbw	𧶎
okuicsbw	𧶐
okujmwba	𧶑
okkzgebw	𧶒
okycgsbw	𧶓
okhvhgbw	𧶚
okwfbcbw	𧶜
okqiklbw	𧶝
okbwklhe	𧶞
okuisibw	𧶠
okdggsbw	𧶢
okrfuibw	𧶣
okjmbw	𧶤
okbwjkjk	𧶥
okhocsbw	𧶦
okbwriho	𧶨
okbwgsjk	𧶩
okbwqmjq	𧶵
okbwbwji	𧶹
okbcgsbw	𧶼
okturfbw	𧷀
okieyzbw	𧷄
okklyzgv	𧷅
okyumpbw	𧷇
okjqhgbw	𧷈
okbwbcba	𧷉
okbwqmkl	𧷊
okbwuiyz	𧷌
okuubwug	𧷎
oktubamd	𧷏
okisuibw	𧷑
okwfyabw	𧷔
okuuqmbw	𧷕
okldlibw	𧷖
okuijsbw	𧷗
okifuubw	𧷙
okbwgunv	𧷚
okwfbcyr	𧷞
okbwwuif	𧷢
okuuifze	𧷤
okzuuubw	𧷥
okuuyzbw	𧷧
okuibapb	𧷨
okgjgjgv	𧷩
okglqmbw	𧷫
okbabwtk	𧷭
okbwribw	𧷰
okgsvimu	𧷱
okbwuiiu	𧷲
okrfgobw	𧷴
okiuwhbw	𧷵
okbwyhgu	𧷶
okccjsbw	𧷷
okbwgsbw	𧷻
okvzjrbw	𧷽
okbwmcjs	𧷾
okbwerer	𧸀
okbwyebi	𧸅
okiuyzbw	𧸆
okuibabw	𧸇
okbwybge	𧸉
okbwuibw	𧸊
okqmyubw	𧸋
okbwxtdk	𧸎
okbwyejb	𧸕
okglvvbw	𧸛
okiufhbw	𧸞
okiuwfbw	𧸟
okwfgebw	𧸠
okbwucsi	𧸣
okbwvibw	𧸥
okbwbdfh	𧸨
okbwuumu	𧸩
okbwlitu	𧸪
okyrlqyi	𧸫
okbwgltu	𧸳
okbwbwks	𧸵
okjbgsbw	𧸶
okbwdcyj	𧸸
okbwbnfa	𧸻
okhuwubw	𧸾
okwuhubw	𧹁
okhuhubw	𧹂
okgswfgs	𧹃
okvhlybw	𧹄
okzszsbw	𧹆
okbwjqsi	𧹇
okbwbwda	𧹈
okvhrfbw	𧹉
okbwtubw	𧹎
okgsppba	𧹘
okiiuiia	𧹠
okiiuive	𧹧
okiixitu	𧹬
okuiiiuu	𧹲
okvorfii	𧹳
okuguuii	𧹷
okiierer	𧹸
okiiybge	𧹹
okiiriho	𧹽
okiirfri	𧹿
okiibcfj	𧺀
okbcfjii	𧺁
okvejmii	𧺂
okiivejm	𧺃
okhoiidg	𧺄
okuuxiii	𧺅
okzzlnhg	𧺐
okzzbcjq	𧺤
okzzhgyc	𧺦
okzzihgj	𧻀
okycviyt	𧻂
okzzjquj	𧻆
okzzbcxi	𧻌
okzzwfcy	𧻐
okzzlili	𧻒
okzzfgdc	𧻘
okzzrfvi	𧻝
okzzndmu	𧻞
okzzuitu	𧻡
okzzdcuv	𧻦
okzzglgj	𧻧
okzzxtxt	𧻫
okyczzdo	𧻬
okzzppwf	𧻮
okzzuvgk	𧻯
okzzritu	𧻼
okzzqpba	𧻾
okzzdcuv	𧼇
okzzve	𧼈
okzzerve	𧼈
okzzhghg	𧼉
okzzklhe	𧼐
okzzifyz	𧼒
okzzujfu	𧼗
okzzuidm	𧼙
okzzuixi	𧼜
okzzihni	𧼞
okzzdcuv	𧼢
okzzhurf	𧼥
okzzbkli	𧼦
okzzxswf	𧼬
okzzzdyz	𧼭
okzzqmjq	𧼰
okzzglni	𧼳
okzzdcui	𧼵
okzzqmkl	𧼶
okzzkztu	𧼻
okzzmuqr	𧽀
okzzfgcc	𧽁
okzzvxrj	𧽃
okzzjndc	𧽄
okzzjiqm	𧽓
okzzbcyz	𧽔
okzzkzri	𧽫
okzzccfu	𧽬
okzztuvv	𧽭
okzzgeig	𧽮
okzzriqn	𧽰
okzzribc	𧽱
okzzrfvv	𧽳
okzzglpz	𧽴
okzzccpg	𧽹
okzzihhe	𧽺
okzzmcjs	𧽻
okzzcsri	𧾀
okzzycfw	𧾁
okzzufzi	𧾅
okzzccmk	𧾆
okzzxisi	𧾇
okzzriwj	𧾈
okzzrizu	𧾉
okzzlwxn	𧾋
okzzsiyi	𧾎
okzzycjq	𧾓
okzzmuvv	𧾕
okzzujma	𧾖
okzzzzzz	𧾜
okzzuuyz	𧾝
okzzdaig	𧾞
okzzvuvv	𧾟
okzzxtxu	𧾠
okzzgltu	𧾡
okzzqtge	𧾢
okzzfufw	𧾣
okzzrvyz	𧾩
okzzzikz	𧾫
okzzlbpu	𧾬
okycvivi	𧾭
okzzyukz	𧾮
okzzxbho	𧾴
okzzisis	𧾶
okzuhgji	𧿊
okzuhgjq	𧿋
okzuyiui	𧿎
okzueedm	𧿏
okzuklna	𧿓
okppbkzu	𧿗
okzuhgyc	𧿠
okzujqli	𧿢
okzurfji	𧿦
okzubaqn	𧿪
okzurfye	𧿶
okzuuiyz	𧿸
okzuuijq	𧿻
okzurfxn	𨀀
okzuvevi	𨀆
okzugsrf	𨀇
okzudcsi	𨀓
okzukltu	𨀔
okzudanq	𨀗
okzuuhxn	𨀚
okzuglto	𨀟
okzuglgj	𨀠
okzufgdc	𨀦
okzuirxi	𨀨
okzuklkl	𨀩
okzurfkh	𨀫
okzuihji	𨀭
okzusiyt	𨀮
okrfuuzu	𨁀
okzurfpi	𨁁
okzuppve	𨁓
okzuccdm	𨁕
okzumubi	𨁞
okzuugtu	𨁠
okzuwfho	𨁣
okzuujnw	𨁧
okzuklfh	𨁳
okzuwfmu	𨁻
okzuvizz	𨁾
okzuuidm	𨁿
okzubcfz	𨂆
okzuhuvi	𨂇
okzuriwh	𨂈
okzuihgv	𨂉
okzuqier	𨂋
okzudakv	𨂍
okzunmmu	𨂏
okzuhurf	𨂑
okzuiziz	𨂓
okzuvxrf	𨂘
okzubags	𨂚
okzudagj	𨂛
okzurfer	𨂟
okmcwfzu	𨂣
okzutuyh	𨂧
okzudayh	𨂨
okzudguu	𨂩
okzuglni	𨂫
okuitmzu	𨂬
okrfklzu	𨂮
okzugsba	𨂳
okzucsxb	𨂴
okzuqmjq	𨂵
okzuhujb	𨂶
okzudcdc	𨂹
okzuvxjq	𨂻
okzuytgx	𨃆
okzudcdc	𨃒
okzucckx	𨃖
okytjrzu	𨃗
okzucche	𨃚
okzuerxb	𨃛
oknvuuzu	𨃢
okzuychv	𨃦
okzuyzkz	𨃧
okzulpmu	𨃮
oklilizu	𨃱
okzulidm	𨃸
okzuuiva	𨃼
okzusikd	𨃿
okzuglzz	𨄀
okzurfyh	𨄆
okzujruv	𨄇
okzuuiyu	𨄋
okzubcqu	𨄒
okzuuzww	𨄖
okzudakz	𨄘
okzuveuv	𨄛
okzuhuhu	𨄥
okluwjzu	𨄧
okzuihjb	𨄪
okzurfdc	𨄫
okzuglsi	𨄭
okzuccfu	𨄳
okzurive	𨄸
okzubujm	𨅂
okzuviji	𨅅
okzudagv	𨅆
okzugsmu	𨅈
okzuyuwf	𨅊
okzuqmcy	𨅒
okzujiri	𨅔
okzudikz	𨅙
okzutmgs	𨅜
okzuuhya	𨅝
okzuxiho	𨅟
okzugskz	𨅡
okzugsfh	𨅢
okzuyctu	𨅣
okzuqiyt	𨅤
okzucsri	𨅦
okzudckz	𨅧
okzuxmri	𨅩
okyazuya	𨅪
okzumdqu	𨅫
okzuccri	𨅱
okzuerer	𨅲
okzutycc	𨅳
okzuxtyu	𨅵
okzulwxn	𨅶
okzuycjq	𨆂
okzusixk	𨆅
okzuyctu	𨆆
okzusiyi	𨆈
okzujrzu	𨆐
okzuvuzu	𨆑
okzuhkui	𨆒
okzudayu	𨆚
okzuvubw	𨆦
okievizu	𨆧
okzugvve	𨆨
okzuuipi	𨆫
okzuzuzu	𨆬
okzubdfh	𨆭
okzulwxi	𨆮
okzuriho	𨆰
okzufgji	𨆱
okzuvxxb	𨆲
okzuccxb	𨆳
okzuyjir	𨆴
okzupiye	𨆵
okzuihcy	𨆼
okzufubw	𨇃
okzugsbw	𨇇
okzuuizz	𨇈
okzuujln	𨇉
okzurfqn	𨇊
okzurfyt	𨇋
okmuqizu	𨇌
okzufuie	𨇍
okzuliqr	𨇎
okzurfgs	𨇏
okvzyezu	𨇐
okzusing	𨇑
okzuklyc	𨇔
okzurfcc	𨇕
okzuyubw	𨇚
okzuvejm	𨇛
okvejmzu	𨇜
okzumfjq	𨇝
okzumdqu	𨇞
okzuihmo	𨇠
okzumfih	𨇡
okzucsjq	𨇦
okzumfjq	𨇧
okzudctu	𨇩
okzuvvye	𨇪
okzuxkee	𨇫
okzudjqb	𨇬
okglgfzu	𨇭
okzumfyc	𨇲
okzueryz	𨇳
okzuxbee	𨇴
okzuycdo	𨇵
okzuxtjn	𨇶
okzuvuri	𨇸
okzuyswa	𨇹
okzuyjsi	𨇼
okzuyjho	𨇾
okzuvivi	𨈂
okzuvfvf	𨈃
okzuuiii	𨈄
okzuccly	𨈅
okzucclj	𨈆
okzutmqp	𨈈
okzuccwf	𨈉
okzuvuly	𨈋
okzubwvi	𨈍
okppuuhg	𨈏
okppuupp	𨈐
okppuusj	𨈑
okufkler	𨈜
okufveyz	𨈞
okufrfrf	𨈦
okufrfji	𨈨
okufbakv	𨈲
okufbakz	𨈴
okufnvxn	𨈼
okufdanq	𨉀
okufvsqn	𨉂
okufppkl	𨉄
okufrfqi	𨉅
okufhorf	𨉇
okufbitu	𨉉
okufbida	𨉊
okufbdba	𨉍
okufirho	𨉒
okufrfbk	𨉓
okufgedd	𨉙
okufkzui	𨉛
okufwudd	𨉧
okufbclv	𨉫
okufxbbi	𨉮
okufjqqn	𨉯
okufklwh	𨉽
okufvumu	𨉾
okuferer	𨉿
okufmudk	𨊀
okuflclc	𨊁
okuflcvi	𨊆
okufanji	𨊊
okufbcdk	𨊎
okufdckz	𨊗
okufccif	𨊙
okuflcmc	𨊜
okufvjzu	𨊝
okyjsiuf	𨊟
okiehgsi	𨊪
okdchgie	𨊬
okieppqi	𨊯
okieyzyz	𨊿
okieveyz	𨋁
okiehgyc	𨋇
okierfxn	𨋏
okgsjiie	𨋑
okieuiyz	𨋚
okiejqli	𨋛
okiehzee	𨋜
okiebcji	𨋠
okieppyz	𨋦
okierfwh	𨋶
okiegsgs	𨋷
okievxyz	𨋻
okierfdz	𨋼
oksisijy	𨋿
okieujwh	𨌂
okiebchg	𨌊
okiehzba	𨌌
okfggeie	𨌏
okiebdba	𨌓
okierfbi	𨌕
okiewfyt	𨌖
okierfug	𨌝
okwfirie	𨌤
okwhiewh	𨌥
okietmui	𨌦
okiebcfz	𨌨
okiegsxb	𨌪
okiecszz	𨌰
okgligie	𨌱
okiehgwh	𨌷
okycieyc	𨌸
okierfyu	𨌺
okiehgzo	𨌻
okievsvs	𨌼
okienqnq	𨌽
oknqnqie	𨌾
okrfqmie	𨍁
okwuwuie	𨍂
okycihie	𨍃
okieccyz	𨍅
okiexswf	𨍈
okiecsxb	𨍉
okiembri	𨍌
okmcwfie	𨍎
okifrfie	𨍒
okierfie	𨍓
okuiiecc	𨍔
okgligie	𨍗
okiehgkv	𨍘
okierfie	𨍙
okierfyu	𨍚
okievsri	𨍟
okiewfxn	𨍡
okiebckz	𨍤
okrigsie	𨍯
okieklui	𨍲
okiedmmk	𨍵
okieuivi	𨍺
okrujiie	𨍻
okiejiir	𨍼
okieyigs	𨍽
okieuipu	𨍿
okieyzkz	𨎄
okiesidj	𨎅
okiefukz	𨎈
okieihjp	𨎉
okielqyi	𨎊
okiekzhv	𨎏
okluwjie	𨎐
okfuieie	𨎑
okienqie	𨎓
okienmfu	𨎔
okiewukz	𨎕
okieyiuj	𨎗
okievxbw	𨎘
okiewfwf	𨎙
okiemitm	𨎚
okiebcyz	𨎜
oktmgeie	𨎠
okiewffa	𨎡
okiextge	𨎣
okieziui	𨎦
okieerer	𨎪
okieyido	𨎭
okieccqu	𨎮
okrfihie	𨎯
okieheyu	𨎰
okiewfui	𨎱
okievufg	𨎳
okiehuui	𨎶
okiemcmu	𨎸
okiewfhe	𨎹
okiewfui	𨎺
okieyzie	𨎼
okieccwf	𨎽
okiehgbw	𨎾
okierixb	𨏀
okietmwf	𨏁
okieyibw	𨏅
okieglie	𨏆
okrfihie	𨏇
okievxxb	𨏈
okvumuie	𨏉
okifrfie	𨏊
okieirmu	𨏋
okieriho	𨏌
okieyuiu	𨏎
okieyjir	𨏏
okycbaie	𨏐
okieuijq	𨏓
okieiege	𨏖
okiegsbw	𨏘
okiesiyr	𨏙
okiehege	𨏚
okieyisi	𨏛
okrfihie	𨏜
okievxyz	𨏝
okieuizz	𨏡
okieccwf	𨏣
okierfer	𨏤
okiemfvv	𨏦
okieyubk	𨏨
okmhlmfj	𨏩
okiecsjq	𨏪
okiegeie	𨏬
okiebaie	𨏮
okwfiekz	𨏯
okiephie	𨏰
okiecvjs	𨏳
okievxwf	𨏵
okyjsiie	𨏶
okieyjsi	𨏷
okiewfui	𨏸
okieievz	𨏺
okiemulj	𨏼
okieieie	𨏿
okiehglu	𨐀
okietmqp	𨐁
okievxwf	𨐂
okvxghtm	𨐄
okieccqu	𨐉
okliuive	𨐐
okxtxtxb	𨐕
okiauuxb	𨐘
okuaxb	𨐘
okxbhvkz	𨐟
oktdmuxb	𨐠
okxbjumu	𨐣
okuituxb	𨐧
okuiyjxb	𨐫
okpitudm	𨐬
okxbnvzd	𨐭
okxbcchd	𨐮
okxbffxb	𨐰
okxbytxb	𨐱
okvxccxb	𨐲
okqiffxb	𨐳
okxbbixb	𨐵
oktdwfho	𨐹
okqbqqui	𨐻
okxbkzkz	𨐼
okligugu	𨑂
okiherna	𨑃
okiherna	𨑄
okccccif	𨑆
okbcifcy	𨑈
okifistu	𨑉
okxblbif	𨑋
oklwif	𨑌
okviuuve	𨑎
okviveve	𨑐
okujzzsi	𨑔
okviuive	𨑘
okujzzkv	𨑛
okviuubk	𨑝
okvippqi	𨑞
okvirfve	𨑟
okujzztu	𨑡
okujzzcs	𨑢
okviuhyi	𨑵
okvirfhg	𨑶
okvibaui	𨑷
okvihgyc	𨑼
okviuikl	𨑿
okvidcdc	𨒀
okvijiji	𨒁
okvippvi	𨒂
okvibakz	𨒄
okvibcji	𨒆
okviuier	𨒈
okvikler	𨒎
okvidaba	𨒏
okvizibu	𨒓
okvifupp	𨒘
okvirfxn	𨒛
okvivejb	𨒝
okujvirf	𨒠
okviveyi	𨒢
okvirfzi	𨒣
okviycwf	𨒥
okviccve	𨒯
okviirzi	𨒰
okvidmpk	𨒳
okviklkl	𨒵
okviwfcy	𨒻
okujzzgf	𨒼
okvicccc	𨒽
okviqmjb	𨒾
okviglqm	𨓀
okviycyc	𨓁
okviujyu	𨓂
okvihgho	𨓃
okviuicc	𨓄
okvibder	𨓅
okvirixi	𨓆
okviuikz	𨓈
okvive	𨓊
okvierve	𨓊
okviirho	𨓌
okvigluz	𨓍
okviuvzi	𨓎
okviujwh	𨓏
okviujrf	𨓒
okviuzfh	𨓓
okviyzyt	𨓔
okvijlbi	𨓖
okviuumu	𨓗
okviuuce	𨓘
okviricc	𨓙
okvibiys	𨓛
okvidcjb	𨓝
okvivegs	𨓟
okviuifu	𨓠
okvimucy	𨓣
okviriwf	𨓤
okvisitm	𨓥
okviwfvi	𨓧
okviglho	𨓩
okviwfmu	𨓫
okvivxrf	𨓮
okvipmpj	𨓯
okvippve	𨓱
okvirfgr	𨓵
okujzzho	𨓶
okvihgwh	𨓷
okvimuys	𨓸
okviujvu	𨓹
okvikzkz	𨓺
okujvivz	𨓼
okvivizz	𨔀
okvivjwf	𨔁
okvilvuu	𨔂
okvirfir	𨔃
okviihjb	𨔄
okvivxmc	𨔅
okviulxb	𨔇
okviwffg	𨔉
okvinmmu	𨔋
okvisicc	𨔍
okvibcve	𨔎
okviqmyz	𨔏
okvirinw	𨔒
okviwfsi	𨔔
okviihyz	𨔕
okviuuts	𨔖
okvigsmu	𨔘
okvidaui	𨔙
okviiziz	𨔚
okvikldc	𨔜
okvivjrf	𨔟
okvixtui	𨔡
okviccis	𨔢
okvildli	𨔤
okviyuuj	𨔥
okviqmjq	𨔨
okvixswf	𨔩
okvibcie	𨔪
okviriwf	𨔫
okvidauu	𨔬
okvidddc	𨔭
okvirfcc	𨔮
okviriuv	𨔯
okvixicc	𨔰
okvimuuu	𨔱
okviujfu	𨔲
okvieryz	𨔳
okvidayh	𨔶
okvijker	𨔸
okviriri	𨔹
okvikzgj	𨔺
okviwudn	𨔻
okvimuzi	𨔼
okviqiui	𨕀
okviglmi	𨕁
okvigskz	𨕃
okvixitu	𨕅
okvivgyt	𨕆
okviccvi	𨕇
okviribk	𨕈
okvidryz	𨕉
okviwfgs	𨕊
okvippkf	𨕋
okvidakz	𨕎
okvidaxi	𨕏
okvivimu	𨕐
okvihujb	𨕑
okvikzyu	𨕓
okvihvxi	𨕔
okviwfkz	𨕕
okvigsba	𨕖
okvinnli	𨕙
okviklri	𨕚
okviyuui	𨕛
okmiverf	𨕜
okvixiug	𨕞
okviyzwf	𨕟
okvikzwu	𨕣
okvicckl	𨕤
okviirzi	𨕥
okvibcwf	𨕦
okviyckd	𨕧
okviyuwu	𨕨
okvirfyz	𨕩
okujzzyj	𨕪
okvikzcc	𨕬
okviuiuu	𨕮
okviriqi	𨕲
okvivzyz	𨕳
okvippuu	𨕶
okviccjb	𨕷
okvicctu	𨕸
okvidayj	𨕺
okvirigf	𨕻
okujrfyz	𨕼
okujzzjp	𨕽
okvigswh	𨕿
okujzzzi	𨖁
okvinnkz	𨖂
okvivuwu	𨖃
okvibcgc	𨖄
okvihuqp	𨖆
okvixiyj	𨖈
okviyjcc	𨖉
okvibcjp	𨖋
okviwuwu	𨖍
okviuuuu	𨖏
okviyeyh	𨖐
okvimubw	𨖒
okviglho	𨖓
okviuinv	𨖔
okviluer	𨖖
okviccjy	𨖗
okvicchv	𨖘
okvimuxn	𨖚
okviyuyu	𨖛
okviyuir	𨖝
okvisiri	𨖞
okviufwf	𨖟
okviihbm	𨖠
okvivxui	𨖡
okvijngx	𨖣
okujzzyj	𨖤
okviglsi	𨖥
okvivxcc	𨖦
okujzzcc	𨖪
okvituvv	𨖫
okviiuho	𨖮
okvivjqm	𨖯
okviviuc	𨖸
okvivivi	𨖹
okvivuer	𨖺
okvihgtm	𨖻
okvixtrf	𨖼
okviyutu	𨖽
okvisisi	𨖾
okvicsri	𨗀
okvidikz	𨗁
okujzzjb	𨗃
okviuzsv	𨗅
okvixiuj	𨗆
okvixisi	𨗇
okvixtui	𨗉
okvivjuu	𨗋
okvirffh	𨗌
okviwfri	𨗍
okvidsri	𨗐
okyurfvi	𨗒
okvikzuz	𨗓
okvijquu	𨗔
okviqqcc	𨗕
okviyifu	𨗗
okvilwxn	𨗘
okviycbk	𨗙
okujzzjs	𨗝
okviujhv	𨗞
okvivuji	𨗡
okvixiyi	𨗢
okvituri	𨗣
okvirffh	𨗤
okviccyh	𨗪
okvisixb	𨗫
okujzzmi	𨗬
okvijqtu	𨗭
okvijqcc	𨗮
okviiuwf	𨗯
okvivjsi	𨗰
okvixidz	𨗱
okvisivv	𨗴
okviqiyh	𨗵
okvihgye	𨗶
okvimugo	𨗷
okvivuui	𨗹
okvirfdd	𨗼
okvivxyt	𨗽
okvifuyh	𨗾
okvivigf	𨗿
okviwhye	𨘀
okviycsi	𨘁
okvijydo	𨘂
okvibkgr	𨘃
okvibcho	𨘄
okvivier	𨘅
okviwunq	𨘇
okvihuxk	𨘈
okvivujp	𨘉
okvimukd	𨘊
okvibdzi	𨘋
okviyugf	𨘍
okviccxn	𨘎
okviccyr	𨘏
okvibobo	𨘐
okviklnv	𨘒
okvivxxb	𨘓
okviyjyj	𨘔
okvigxyh	𨘖
okvixrjy	𨘙
okvicccy	𨘚
okviwfjb	𨘛
okvihgri	𨘜
okvilcvv	𨘝
okviuigj	𨘞
okvivugg	𨘟
okvibwui	𨘡
okvizikl	𨘢
okvisiyr	𨘣
okviyubw	𨘤
okvivukz	𨘥
okviccli	𨘦
okvifubw	𨘧
okvimuxi	𨘩
okvifuie	𨘪
okviycji	𨘫
okviccdd	𨘬
okviyzlu	𨘭
okvihudo	𨘮
okviuubc	𨘯
okviwfqm	𨘰
okvivuui	𨘲
okvirfhh	𨘳
okvivjjm	𨘵
okviyabi	𨘶
okviviye	𨘷
okviuicc	𨘹
okvivuyr	𨘻
okviietr	𨘼
okvieryc	𨘽
okviwfvv	𨘿
okvituuu	𨙀
okujviye	𨙁
okvivjyc	𨙃
okvibwtr	𨙅
okviuity	𨙆
okviuiww	𨙈
okviccui	𨙊
okvitumd	𨙋
okviyjba	𨙎
okviccvh	𨙏
okvijigf	𨙐
okvippbw	𨙑
okviivma	𨙔
okviccvv	𨙕
okviwjtm	𨙗
okvirisi	𨙘
okvixbee	𨙙
okviwjis	𨙚
oksuxtrf	𨙛
okvitubw	𨙜
okujzzee	𨙞
okviccvv	𨙟
okvidsri	𨙠
okviqmnn	𨙡
okvivukl	𨙢
okvivxxi	𨙣
okviyuai	𨙤
okvippma	𨙦
okujmcnn	𨙧
okppqier	𨙲
okklerer	𨙻
okbajier	𨚂
okwfveer	𨚃
okbchger	𨚄
okkleryi	𨚉
okhgycer	𨚏
okrferer	𨚐
okqihger	𨚑
okbiyuer	𨚛
okqmuier	𨚜
okqikver	𨚤
okccerer	𨚦
okyzkzer	𨚨
okwhirer	𨚳
okuigeyi	𨚵
okhgxner	𨚸
okhghger	𨚾
okhoyzer	𨛂
okxtxter	𨛃
okklizer	𨛄
okbwhger	𨛆
okqrdaer	𨛊
okwhmuer	𨛌
okvjkler	𨛕
okuuceer	𨛖
okugtuer	𨛘
okpplwer	𨛙
okfggeyi	𨛚
okccfgyi	𨛝
okxtirer	𨛞
okccfger	𨛟
okyzyzer	𨛠
okwfxner	𨛧
okhebcyi	𨛫
okheqmer	𨛲
okviyiyi	𨛷
okvjwfer	𨛹
okheerer	𨛻
okvicsyi	𨜁
okhgfher	𨜃
okdakver	𨜆
okqpirer	𨜇
okizizer	𨜈
okizyber	𨜉
okklgfer	𨜊
okujguer	𨜋
okrimuer	𨜍
okwfmuer	𨜎
okmumuer	𨜑
okxlgser	𨜕
okwuiser	𨜗
okqmkler	𨜚
okzdyzer	𨜛
okkzkvyi	𨜝
okuifher	𨜤
okhgccer	𨜥
okbkpuer	𨜦
oktdmber	𨜨
okrfkzer	𨜪
okdcuier	𨜫
okxygser	𨜬
okbibwer	𨜭
okklpplh	𨜮
okmuqryi	𨜯
okbckzer	𨜱
okihzier	𨜸
okqihger	𨜹
okhudoer	𨜽
okiuuier	𨜿
okxyxier	𨝁
okxlbiyi	𨝅
okklccer	𨝇
okrfquer	𨝈
okirbwer	𨝉
okxisier	𨝍
okccxner	𨝒
okrfwher	𨝔
okiryild	𨝖
okhuhuer	𨝘
okrfpger	𨝙
okkzhvyi	𨝚
okxkervi	𨝜
okhuqiyi	𨝞
okheihyi	𨝟
okbcquer	𨝢
oksikler	𨝣
oksibwer	𨝤
okccveer	𨝥
okglsier	𨝧
okiewfyi	𨝩
oksifzer	𨝪
okheyuer	𨝫
okqumuer	𨝮
okziuier	𨝲
okcibwer	𨝳
oklbyter	𨝵
okhgrier	𨝶
okziyier	𨝺
okxtcyer	𨝻
oksidzer	𨝾
okkznjer	𨝿
okccvver	𨞂
okppzoer	𨞄
okrfmuer	𨞅
okwjbwer	𨞆
okyuuier	𨞈
okgstuer	𨞉
okyefuer	𨞊
okihjber	𨞋
okmcdzer	𨞌
okkzccer	𨞍
okkzjyer	𨞎
okiryiiz	𨞑
okhexier	𨞒
okyigsyi	𨞔
okjyyher	𨞗
okhudzer	𨞘
okhuuier	𨞙
okdamuer	𨞜
okpgmber	𨞞
okerycer	𨞟
okkzgsyi	𨞠
okuiuver	𨞢
okwfuier	𨞥
okhuuiyi	𨞦
okyjirer	𨞧
okccheer	𨞨
oklituer	𨞬
okmmmmer	𨞭
okkzbiyi	𨞰
okkzther	𨞱
okuzmaer	𨞲
okyjhver	𨞴
okqibwer	𨞵
okzigoer	𨞶
okyciser	𨞷
okyibiyi	𨞸
okhulber	𨞹
okluhoer	𨞻
oklwer	𨞽
okccfher	𨟁
okccyuer	𨟂
okujxyer	𨟈
okdabder	𨟉
okjqccer	𨟋
okujcyer	𨟌
okwfuier	𨟍
okujjyer	𨟎
okyjhver	𨟏
okwfther	𨟐
okccwjer	𨟔
okvirier	𨟕
okccwwer	𨟗
okyubker	𨟘
okuibder	𨟛
okluzcer	𨟜
okxlyuer	𨟝
okihuier	𨟟
okerxber	𨟡
okwhcyer	𨟢
okluzier	𨟣
oklwmuer	𨟥
okxbeeer	𨟦
okvxgfer	𨟧
oksugeer	𨟨
okluuuyi	𨟩
okccgjer	𨟪
okbkluer	𨟫
okluuuer	𨟬
okvuwwer	𨟭
okyuwfyi	𨟮
okyzhgyc	𨠀
okyzyzyz	𨠈
okyzrfye	𨠑
oksidayz	𨠒
okyzuiyz	𨠡
okyzwfui	𨠪
okyzwfxs	𨠯
okyzwfyu	𨠱
okhgquyz	𨠷
okyzdamu	𨠹
okfggeyz	𨠾
okyzmive	𨡅
okyzyczi	𨡆
okyzklmb	𨡇
okyzjb	𨡉
okyzbcfz	𨡒
okpjxiyz	𨡓
okyzyumb	𨡖
okbderyz	𨡛
okyzuimb	𨡝
okyztmcc	𨡟
okyzkzyt	𨡠
okqqsihg	𨡡
okjbqmyz	𨡢
okyzwfyb	𨡤
okyzdmfz	𨡥
okyzycve	𨡦
okyzdguu	𨡩
okyzuvmb	𨡬
okmcwfyz	𨡭
okyzcsxb	𨡮
okpjyzmb	𨡰
okjbyzji	𨡳
okpikdyz	𨡶
okyzccxn	𨡸
okyzzdyz	𨡻
okyzzoyt	𨡽
okyzgsmb	𨡿
okyzyczi	𨢀
okyzbcvi	𨢃
okyzrisi	𨢄
okyzbcui	𨢊
okuiuuyz	𨢋
okytxkyz	𨢏
okifrfyz	𨢒
okyzdari	𨢔
okyzycbw	𨢖
okyzyzkz	𨢗
okyzvcuz	𨢙
okwfyayz	𨢞
okyzcchd	𨢟
okyzbcmb	𨢠
okuguuyz	𨢤
okyzcsxb	𨢨
okyzrfyh	𨢩
okyzgskz	𨢫
okviyuyz	𨢮
okuvnmyz	𨢯
okviyzkv	𨢰
okviziyz	𨢱
okyzyzri	𨢳
okpixkyz	𨢹
okyzsixu	𨢺
okyzxbwf	𨢼
oktmyzqy	𨢽
okyzerer	𨢾
okyzgsis	𨣂
okyzgskz	𨣊
okyzcsri	𨣋
okyzxihg	𨣌
okyzrfmb	𨣎
okvvhoyz	𨣐
okyzwfcs	𨣑
okyzlqmb	𨣓
okyzlwxn	𨣔
okieuuyz	𨣗
okyzbcmb	𨣘
okyzuhgj	𨣛
okyzcibw	𨣜
okyzsigj	𨣠
okyzcszo	𨣣
okrfwuyz	𨣩
okyzyzqy	𨣪
okyzyuba	𨣬
okyzxtxb	𨣭
okyzvdmb	𨣮
okyzbcdk	𨣯
okyztris	𨣰
okyzuijq	𨣲
okyzwfgj	𨣳
okyzfubw	𨣵
okyzwfgj	𨣶
okdsdsyz	𨣹
oknvjmyz	𨣻
okyzilxb	𨣼
okyzmaui	𨣽
okyzlumi	𨣿
okyzyupb	𨤀
okyzccyj	𨤁
okyzhoyz	𨤂
okyzvuxm	𨤄
okujyzrf	𨤅
okyzdsri	𨤇
okdsytyz	𨤈
okyzxbif	𨤉
okyzvxyz	𨤊
okyzluuu	𨤌
okuubccd	𨤐
okbmjqyz	𨤑
okbmbcyu	𨤒
okppuimu	𨤓
okbmyzba	𨤖
okbmdamu	𨤗
okbmdasi	𨤙
okbmccui	𨤜
okbmccui	𨤝
okbmccsi	𨤞
okdchgli	𨤣
okkzhgli	𨤥
okkzklli	𨤦
okrfuuvs	𨤨
okujdali	𨤪
okwfcsli	𨤫
okyawfli	𨤲
oklihgkz	𨤷
okldlivi	𨤺
okvsrixl	𨤼
okrfxtqm	𨤾
okrfmuhg	𨥀
okjbbahg	𨥃
okrfbaqm	𨥄
okjbxidm	𨥘
okjbhgjb	𨥚
okjbrfui	𨥞
okjbsiji	𨥡
okyzkljb	𨥢
oksikljb	𨥣
okjbjiuu	𨥩
okjbdmdz	𨥪
okgsjijb	𨥲
okjbfupp	𨥳
okjbuufj	𨥵
okjbdcsi	𨥹
okjbvevi	𨥻
okjbndmu	𨦃
okjbihjb	𨦄
okjbribi	𨦆
okjbwhbi	𨦊
okjbdadc	𨦌
okjbveyz	𨦏
okjbhgyz	𨦐
okjbrftu	𨦓
okjbjkdc	𨦕
okjbbkve	𨦖
okjbdags	𨦘
okjbkzda	𨦚
okjbvxqn	𨦜
okjbvxdc	𨦝
okjbgser	𨦣
okjbwfyi	𨦤
okjbjijb	𨦨
okjbqikl	𨦰
okjbnwkz	𨦳
okjbccve	𨦵
okrfpujb	𨦷
okjbvjer	𨦸
okjbiauu	𨦾
okjbua	𨦾
okjbjkdc	𨦿
okjbccdc	𨧂
okjbklbk	𨧇
okjbcckv	𨧈
okjbrinv	𨧉
okklwfjb	𨧋
okjbihlk	𨧌
okjbwjyz	𨧍
okgsjijb	𨧎
okjbmubi	𨧏
okjbvxgs	𨧑
okhusijb	𨧒
okjbxstu	𨧓
okxipujb	𨧔
okjbfhuj	𨧗
okjbdnkz	𨧙
okjbxnyc	𨧛
okjbahvi	𨧞
okerpijb	𨧦
okjbuidm	𨧧
okheuijb	𨧭
okjberye	𨧯
okjbwfmu	𨧲
okjbihyz	𨧴
okjbyztu	𨧵
okjbqurf	𨧶
okjbvivi	𨧾
okhohojb	𨧿
okjbxttu	𨨁
okjbyuyt	𨨂
okjbziqp	𨨃
okjbdakv	𨨆
okjbuibi	𨨇
okjbccyz	𨨈
okjbccbi	𨨉
okjbrikd	𨨊
okjbriwh	𨨌
okjbhund	𨨍
okwhwhjb	𨨖
okjbifyz	𨨘
okjbklyc	𨨙
okjbucho	𨨚
okjbgsxb	𨨟
okjbbcmi	𨨠
okjbuzqu	𨨤
okjbbcmu	𨨥
okirdcjb	𨨬
okjbccul	𨨭
okjberda	𨨰
okjbwffz	𨨳
okjbmuir	𨨴
okjbwhis	𨨸
okjbdguu	𨨻
okjlqrjb	𨨼
okjbiuwf	𨨽
okuhtujb	𨨾
okjbxtyz	𨨿
okjbdcui	𨩀
okbdkljb	𨩁
okheuujb	𨩂
okjbxrnq	𨩏
okjbuicc	𨩑
okjbuiui	𨩒
okuiuijb	𨩓
okieyzjb	𨩕
okjbhuzi	𨩘
okjbhuyu	𨩜
okjbhuxt	𨩝
okjbhunq	𨩞
okjbujge	𨩟
okjbmudd	𨩡
okjbjqqn	𨩤
okjbujis	𨩪
okjbxbda	𨩬
okjbhukz	𨩮
okjbwfug	𨩰
okjbqmqr	𨩳
okjbxtfj	𨩵
okjbgsba	𨩸
okyzjijb	𨩹
okjbmcwf	𨩺
okjbyzwf	𨩻
okjbuuzz	𨩼
okjbvuyi	𨩾
oktuxljb	𨪄
okjblikz	𨪆
okjbuirj	𨪇
okjbvehg	𨪐
okjbhchc	𨪒
oknqqrjb	𨪔
okwhkljb	𨪖
okjbvunw	𨪗
okjbihyj	𨪘
okjbjlcy	𨪙
okjbglys	𨪞
okjbwfui	𨪟
okjbuifh	𨪠
okjbwfbi	𨪡
okjbqlsi	𨪢
okwfwfjb	𨪣
okialbjb	𨪧
okjbhunq	𨪨
okjbuvjq	𨪫
okjbuuui	𨪬
okjbdcfg	𨪭
okjbirxn	𨪮
okjbrfvi	𨪯
okjbgker	𨪰
okvgvgjb	𨪱
okjbtutm	𨪲
okjberho	𨪳
okjbyzri	𨪴
okjbqmkl	𨪸
okjbxmwh	𨪹
okjbqmuj	𨪺
okjbychv	𨪻
okjbrfcs	𨪼
okjbziwh	𨪽
okjbihrf	𨪾
okjbwjyz	𨪿
okjbdgyz	𨫁
okjbbcxi	𨫂
okjbhgxb	𨫍
okjbyuyu	𨫎
okjbuiyu	𨫒
okjbgeig	𨫓
okluwjjb	𨫔
okjbrfyh	𨫖
okjbdcho	𨫗
okjbkzkl	𨫘
okjbrfwf	𨫙
okjbwfgj	𨫚
okjbfgui	𨫛
okjbmuxn	𨫜
okjbrfvv	𨫝
okdawjjb	𨫦
okjbqqho	𨫨
okjbnmfu	𨫪
okjbhgbw	𨫮
okjbkzyh	𨫰
okjbccfg	𨫱
okjbccqy	𨫳
okjbhuhc	𨫴
okjbhumu	𨫶
okuirfjb	𨫹
okjbmduc	𨫺
okjbhgcs	𨬀
okjbjbug	𨬁
okjbhoxb	𨬂
okjbxtxb	𨬃
okjbbcyj	𨬄
okjblljb	𨬅
okwfgvjb	𨬇
okjbhemu	𨬏
okihhejb	𨬑
okjbguxk	𨬕
okjbccmu	𨬘
okjbdikz	𨬙
okjbyebi	𨬚
okccuvjb	𨬛
oklujijb	𨬝
okjbwhwf	𨬠
okjbxlho	𨬤
okjbijuz	𨬦
okjbwfhg	𨬧
okjbwfmz	𨬨
oknmkzjb	𨬪
okjbqiji	𨬫
okjbyekl	𨬭
okyulbjb	𨬮
okjbpbkv	𨬱
okjbhuyh	𨬲
okjbhuuz	𨬳
okjbuumu	𨬴
okjbrixk	𨬵
okjbccvv	𨬶
okjbhuzi	𨬷
okjbsiui	𨬸
okjbxtrf	𨬹
okjbvvnw	𨬺
okjbvuue	𨬼
okjbuivi	𨬿
okjbhggj	𨭀
okjbdauv	𨭁
okjbhgcs	𨭂
okjbuhya	𨭃
okjbtmba	𨭄
okjbujrj	𨭅
okjbppzo	𨭇
okjbqryz	𨭈
okjbhors	𨭊
okjbbcdk	𨭋
okjbuiji	𨭓
oksisijb	𨭔
okjbxidz	𨭕
okjbbcsi	𨭙
okjbrifh	𨭜
okmhjbfj	𨭞
okjbgeho	𨭟
okjbytqr	𨭢
okjbglir	𨭤
okbcmujb	𨭧
okjbmmvi	𨭫
okjbnmli	𨭯
okjbuili	𨭱
okjbuuxk	𨭲
okjbirts	𨭳
okjbhuuz	𨭴
okjbsiqu	𨭵
okjbdaiu	𨭶
okjbjinn	𨭷
okqqqrjb	𨭻
okjbdajs	𨭼
okjbujjy	𨭽
okjbjquv	𨭾
okjbvvui	𨮀
okjbmcya	𨮃
okjbbcjm	𨮄
okjbyujx	𨮅
oktshgjb	𨮆
okjbccfg	𨮇
okjbwfhe	𨮍
okjbvejb	𨮕
okjbhuye	𨮗
okjbbcbw	𨮘
okjblckz	𨮚
okjblutu	𨮞
okgljbmk	𨮠
okjbhucy	𨮡
okjbhuiu	𨮣
okjbhulu	𨮦
okjblcgs	𨮩
okjbmmqp	𨮮
okjbdaig	𨮯
okwfycjb	𨮲
okjbdger	𨮴
okjbvihg	𨮷
okjbhevi	𨮺
okjbgltu	𨮻
okjbmduc	𨮽
okjbuicy	𨮾
okjbmuts	𨯁
okjbluho	𨯄
okjbyhxi	𨯆
okjbmanq	𨯇
okjbfuie	𨯉
okccwfjb	𨯍
okjbugug	𨯏
okjbuetu	𨯐
okjbuijq	𨯒
oklwjb	𨯔
okjbrfjb	𨯖
oktsbcjb	𨯜
okgsjljb	𨯞
okjbrfer	𨯡
okjbwfgj	𨯢
okjbyuui	𨯣
okjbwhnv	𨯤
okjbxiho	𨯨
okjbxmri	𨯩
okjbcckv	𨯫
okjbklhr	𨯬
okjbzzxy	𨯭
okjbrihx	𨯮
okjbccge	𨯱
okzcuujb	𨯳
okjbsijb	𨯴
okjbccdg	𨯷
okjbtsho	𨯺
okjbyukz	𨯻
okjbhugs	𨯼
okjbfujy	𨰀
okjbujvv	𨰁
okjblubi	𨰅
okjbxtgx	𨰆
okjbsrjb	𨰉
okjbwhli	𨰊
okgehsjb	𨰌
okjbmfta	𨰏
okjbxbho	𨰐
okjbccvd	𨰑
okiikzjb	𨰒
okjbvuxm	𨰓
okjbbcho	𨰔
okjbuijq	𨰕
okjbuiho	𨰖
okjbsiis	𨰙
okjbyejb	𨰛
okjbsixs	𨰟
okiiuujb	𨰢
okjbccle	𨰤
okjbtsho	𨰨
okwfwfjb	𨰩
okjbgjpu	𨰮
okwfgjjb	𨰯
okuvbdjb	𨰱
okjbluuu	𨰳
okjbrixl	𨰴
okjbifjb	𨰶
okjbtsbw	𨰷
okjbjbjb	𨰻
okjbcche	𨱏
okjbuiyu	𨱐
okjbuuqm	𨱒
okerrfyi	𨱗
okerbaba	𨱘
okihyzyz	𨱣
okihppyz	𨱩
okihdjdm	𨱪
okihkzyz	𨱮
okihrfxn	𨱯
okihppba	𨱳
okihvetu	𨱶
okihrfer	𨱷
okihbavi	𨱹
okihuicc	𨱺
okihycxn	𨲁
okihsiyz	𨲄
okihwfpi	𨲐
okihdcyy	𨲑
okihxswf	𨲔
okihzoyt	𨲕
okihhewh	𨲚
okihcimc	𨲝
okihgjvu	𨲢
okihgjvu	𨲣
okihbanq	𨲥
okihcidj	𨲦
okihmcli	𨲬
okihmcpg	𨲰
okihlwxn	𨲱
okihujhe	𨲲
okihfhwf	𨲶
okihrfgs	𨲻
okihrfjb	𨲼
okihfubw	𨲽
okihzifh	𨲾
okihwfgv	𨲿
okihyima	𨳀
okihdctu	𨳂
okihxtls	𨳅
okhghgmf	𨳇
okxtxtuu	𨳈
okhghgmf	𨳌
okmfjqyz	𨳟
okmfvena	𨳥
okmfhgjb	𨳪
okmfbcji	𨳻
okmfhgkd	𨴂
okmfgsba	𨴇
okmfhgyz	𨴉
okmfsixt	𨴌
okmffgdc	𨴒
okmfcccc	𨴔
okmfppve	𨴖
okmfsiiz	𨴘
okermfho	𨴙
okmfrfrf	𨴟
okmfuvwh	𨴤
okyzfgmf	𨴦
okmfrfgx	𨴧
okmfqmxb	𨴮
okmfrfgx	𨴳
okmfqrff	𨴶
okmfkzxb	𨴽
okmfrfqu	𨴿
okmfuijb	𨵂
okmfnvqm	𨵇
okmfjm	𨵊
okmflikz	𨵎
okmfhgcc	𨵑
okmfvsvs	𨵓
okmfyzis	𨵕
okmfuikl	𨵠
okmfmuda	𨵢
okuubamf	𨵣
okmfuvxt	𨵨
okmffgmb	𨵯
okmfxxxx	𨵰
okmfqrmb	𨵲
okmftdmb	𨵵
okmfjqcc	𨵹
okmfvxjq	𨵻
okmfgege	𨵼
okmfmbri	𨵽
okmfwudn	𨵾
okmfyccc	𨵿
okmfcche	𨶀
okmfyjto	𨶃
okermfvv	𨶄
okrfvvmf	𨶊
okmfdgui	𨶋
okmfklri	𨶍
okmfyhyz	𨶔
okmfyhqm	𨶕
okmfuvkz	𨶖
okmfsikd	𨶘
okmfyccc	𨶚
okmfdzdz	𨶜
okmfxtuu	𨶞
okmfyuxt	𨶟
okmfyjxb	𨶡
okmfbiis	𨶣
okmfgsda	𨶥
okmfbiqm	𨶦
okmfdcri	𨶧
okmfyuvf	𨶪
okmfpbtu	𨶴
okmfxier	𨶵
okmfsisi	𨶹
okwfmfhe	𨶼
okmfgstu	𨶾
okmfrive	𨷄
okmflitu	𨷅
okmftmjq	𨷆
okmfuvri	𨷉
okmfroda	𨷊
okmfjnis	𨷌
okmfdcjq	𨷍
okdadory	𨷎
okmfhowf	𨷐
okmwmfkd	𨷑
okmfujuj	𨷒
okmfglho	𨷓
okmfyajb	𨷖
okmfsehg	𨷗
okmfbcba	𨷚
okmfmawf	𨷜
okwfriyr	𨷝
okmfdcmm	𨷟
okmfgltu	𨷠
okmfuijq	𨷡
okmfuiho	𨷢
okmfsiyr	𨷤
okmfuiui	𨷥
okmfbwyi	𨷨
okmfyubw	𨷪
okmfrfer	𨷬
okmfgltu	𨷭
okmfmfmf	𨷮
okmfyukz	𨷰
okmfxisi	𨷴
okmfmcjb	𨷵
okmfxixi	𨷸
okmfuiho	𨷹
okmfyjsi	𨷻
okmfuiui	𨷼
okmfmfmf	𨷾
okmfcche	𨸉
okerhgyc	𨸞
okerbcrf	𨸤
okdvkljk	𨸥
okerkler	𨸨
okertuer	𨸪
okerbakz	𨸮
okeruijq	𨸰
okerppfu	𨸴
okerbcyi	𨸵
okdvhuyi	𨸷
okerhgkl	𨸸
okerwfsi	𨸻
okeryiyz	𨸽
okdvklpi	𨸿
okerndmu	𨹃
okersiyt	𨹆
okdvkluu	𨹇
okerrfho	𨹈
okerrfuv	𨹉
okerbcwh	𨹋
okerribi	𨹎
okerbckz	𨹐
okerwfjb	𨹓
okerbcsi	𨹕
okerhubi	𨹖
okerfhtu	𨹛
okerdari	𨹞
okerklbk	𨹟
okerwfgs	𨹠
okeryztu	𨹡
okervxgs	𨹢
okeruiba	𨹣
okermubi	𨹨
okerrffu	𨹩
okerccyu	𨹯
okerugqm	𨹱
okerwfuj	𨹲
okerlwer	𨹶
okervctu	𨹸
okerbimu	𨹼
okergeer	𨹿
okdvppve	𨺀
okerbcji	𨺃
okervxrf	𨺄
okdvkldv	𨺅
okermuda	𨺆
okerdakv	𨺈
okerwfdk	𨺊
okeruiyz	𨺎
okerridk	𨺐
okerwfug	𨺓
okerdags	𨺕
okeryzyz	𨺖
okervizz	𨺗
okerqmvi	𨺘
okerwfkl	𨺚
okerwfvg	𨺛
okerjxkl	𨺞
okerxswf	𨺡
okerlqxs	𨺥
okerzdyz	𨺦
okerkzkv	𨺨
okerqmkl	𨺪
okyudvkl	𨺫
okerqmkl	𨺭
okersimd	𨺮
okerrfvi	𨺴
okdvklsv	𨺵
okeruiwf	𨺶
okerrikz	𨺷
okervxjq	𨺻
okerwfvg	𨺼
okervxvg	𨺾
okerernv	𨺿
okerxbbi	𨻀
okersiuj	𨻅
okercche	𨻇
okerxnbw	𨻈
okervehg	𨻉
okerjxtu	𨻊
okerhgtu	𨻋
okerrfcs	𨻌
okeriuui	𨻍
okerujwf	𨻎
okdvjxtu	𨻏
okeruitu	𨻐
okerwump	𨻒
okerlqkz	𨻓
okerhvyt	𨻔
okerwfer	𨻕
okerbigs	𨻘
okerdadm	𨻚
okerhgkz	𨻛
okertmkz	𨻞
okerkzif	𨻟
okermukz	𨻠
okererho	𨻢
okerjxnv	𨻤
okerriya	𨻥
okerwfis	𨻦
okerirbw	𨻨
okerirxn	𨻩
okdvujwf	𨻪
okerlidm	𨻫
okerxtdz	𨻭
okerwjwf	𨻮
okerhgdz	𨻯
okermujq	𨻰
okerhuhu	𨻲
okerucxn	𨻶
okerfwtu	𨻼
okerqmcs	𨻾
okdvklxi	𨻿
okerfhtu	𨼁
okerbigc	𨼄
okerujjb	𨼅
okerhgxb	𨼆
okerjlug	𨼇
okerxtkz	𨼈
okeryuyi	𨼉
okerziui	𨼍
okererer	𨼏
okerjiri	𨼐
okdvrfyt	𨼕
okerytpg	𨼖
okerhgji	𨼘
okerccmu	𨼙
okerwfdk	𨼛
okerccug	𨼜
okerppqn	𨼟
okervijq	𨼡
okertuyt	𨼢
okergjhj	𨼣
okerppzo	𨼦
okerdckz	𨼧
okerdiji	𨼨
okerhuui	𨼫
okerbcsi	𨼭
okervigf	𨼯
okerzotu	𨼰
okdvgkkl	𨼱
okerccih	𨼲
okervugc	𨼵
okerrfxb	𨼶
okerqudz	𨼷
okersixk	𨼸
okervuwu	𨼹
okermisj	𨼺
okerwfnv	𨼻
okdvhuui	𨼽
okeryjir	𨽃
okdvlikl	𨽄
okeryuyj	𨽅
okerxidz	𨽆
okeryuiu	𨽇
okercche	𨽈
okermmmm	𨽊
okerzoyt	𨽋
okervxmu	𨽌
okdvrfxn	𨽎
okertuer	𨽐
okervxuj	𨽑
okfuggbw	𨽔
okeryima	𨽖
okerqinv	𨽘
okeryuwu	𨽙
okerhuge	𨽚
oknmytkl	𨽝
okeryubw	𨽠
okdvsvkl	𨽡
okerccmu	𨽣
okertumd	𨽤
okerbuma	𨽥
okerccvv	𨽧
okerjige	𨽨
okdvgzkl	𨽩
okfuyifu	𨽪
okfuccba	𨽫
okerdamu	𨽬
okerrfwu	𨽭
okeriijq	𨽮
okerrfrf	𨽯
okerujer	𨽰
okfuujer	𨽱
okerjiis	𨽳
okdvgekl	𨽴
okdvhokl	𨽵
okbiuili	𨽹
okbiuili	𨽻
okhujbli	𨽽
okuhuili	𨽾
oktdmuli	𨽿
okiuuili	𨾀
okruuili	𨾁
oklitmgs	𨾂
oktduili	𨾃
okklyjli	𨾄
okveuivv	𨾐
okvvveda	𨾗
okqiuivv	𨾙
okxidmvv	𨾞
okndhgvv	𨾫
okdabavv	𨾮
oksigjvv	𨾰
okriiavv	𨾳
okkzkzvv	𨾴
okvxqnvv	𨿁
okqmxlvv	𨿄
okxtxtvv	𨿉
oksiizvv	𨿊
okvxcyvv	𨿐
okbcmivv	𨿥
okerzovv	𨿭
okhebcvv	𨿯
okihrfvv	𨿳
okirtmvv	𨿴
okvxfuvv	𨿸
okujqqvv	𨿻
oksvvv	𨿽
okklnvvv	𩀀
okheccvv	𩀂
okmbrivv	𩀃
okkzkvvv	𩀇
okerdavv	𩀋
okmuqrvv	𩀎
okkzlvvv	𩀏
okheqmvv	𩀒
okvxkevv	𩀓
okccmbvv	𩀔
okyikzvv	𩀖
okxnqmvv	𩀙
oksibavv	𩀚
okvvvvnd	𩀟
okuiuuvv	𩀠
okuvlvvv	𩀢
okjujuvv	𩀣
okvvvvwf	𩀱
okuivvvi	𩀲
okziuivv	𩀹
oklbvvwf	𩀼
okjirivv	𩀿
okkzvvkz	𩁁
okgskzvv	𩁂
okerervv	𩁃
okppzovv	𩁅
okcsrivv	𩁆
oksixkvv	𩁇
okhuuivv	𩁋
okerzovv	𩁌
okqudzvv	𩁑
okvvgevv	𩁗
okgstuvv	𩁘
okjbervv	𩁚
okwfyhvv	𩁛
oklwvv	𩁜
okjbtuvv	𩁢
oknmervv	𩁣
oknmervv	𩁤
okvcccvv	𩁧
okccysvv	𩁩
oknmtuvv	𩁪
okjrccvv	𩁫
oknmtuvv	𩁬
okdavvvd	𩁭
okcctuvv	𩁮
okcsvvjs	𩁰
okvutuvv	𩁲
okvutuvv	𩁳
okvvvvmi	𩁴
okvvvvyr	𩁵
okyuvena	𩁾
okyujipp	𩂑
okyuihsi	𩂒
okyurfxi	𩂙
okyurfba	𩂢
okyukzkz	𩂩
okyubayt	𩂪
okyuwfwf	𩂫
okyuriqi	𩂬
okyuxixi	𩂭
okyuhgrf	𩂲
okyuuisi	𩂵
okyuve	𩂻
okyuerve	𩂻
oklwtmqn	𩂾
okyuuzwf	𩃂
okyusiwf	𩃃
okyurfvj	𩃅
okyuxbhu	𩃆
okyudcba	𩃊
okyyhgqi	𩃌
okyuuvgs	𩃍
okyuuvfh	𩃎
okyuuzpm	𩃑
okyujqve	𩃓
okyucsge	𩃔
okyupjmu	𩃕
okyuiedm	𩃘
okyuuvxr	𩃚
okyurijb	𩃛
okyuhuhu	𩃞
okyurijb	𩃟
okyujquu	𩃡
okyucsge	𩃢
okyuwhjb	𩃨
okyusinv	𩃩
okyurfis	𩃪
okyuyyjb	𩃬
okyuuvho	𩃯
okyuuvye	𩃰
okyumuba	𩃲
okyuddyt	𩃴
okyuqmjq	𩃹
okyuhewu	𩃻
okyuuiff	𩃼
okglgsyu	𩃽
okyuyris	𩃾
okyuxtxt	𩃿
okyudadm	𩄀
okyuwuis	𩄁
okyumubc	𩄃
okyusiwh	𩄇
okyulkyy	𩄈
okyuxiri	𩄉
okyuuver	𩄋
okyupphu	𩄗
okyusikl	𩄙
okyuhehe	𩄞
okyutmtm	𩄣
okyuyhyt	𩄤
okyusikl	𩄥
okyurffg	𩄦
okyuqrfw	𩄩
okyuhgho	𩄪
okyufzvi	𩄫
okyuuvmm	𩄬
okyumcmu	𩄯
okyulidm	𩄱
okyulili	𩄳
okyumiqm	𩄶
okyubdvj	𩄷
okyurfpu	𩄸
okyugfyt	𩄹
okyukzns	𩄺
okyuuvfw	𩄼
okyubowf	𩄿
okyuuvbk	𩅅
okyurivi	𩅆
okyubaho	𩅊
okyuuhda	𩅌
oklwrfsi	𩅏
okyukzdm	𩅐
okyukztm	𩅑
okyuwfjq	𩅒
okyuufwf	𩅓
okyuuvvz	𩅕
okvcyuda	𩅖
okyumcge	𩅗
okyuuvnj	𩅠
okyyyyyy	𩅣
okyulbwf	𩅤
okyujiri	𩅨
okyuihhe	𩅩
okyuxbsv	𩅫
okyumckz	𩅬
okyulclc	𩅯
okyudaji	𩅱
okyujbsv	𩅲
okyuuvwu	𩅵
okyuhuhu	𩅶
okyuqitm	𩅸
okyuuvvi	𩆀
okyutmjq	𩆅
okyulive	𩆇
okyurfve	𩆈
okyudjge	𩆉
okyuuvyc	𩆍
okyuwfhe	𩆐
okyukzkl	𩆒
okyukzxi	𩆕
okyukzlk	𩆖
okyutmri	𩆗
okyuvsfz	𩆘
okyuxiwa	𩆙
okyukzcc	𩆚
okyukzyu	𩆜
okyuihxb	𩆝
okyukztm	𩆞
okyuerwa	𩆣
okyuuvyt	𩆤
okyulbwf	𩆥
okyuuijq	𩆧
okyutmmc	𩆫
okyuyeui	𩆬
okyuuvji	𩆭
okyuuvjm	𩆯
okyuhulb	𩆱
okyuuuwu	𩆲
okyunn	𩆳
okyucsjq	𩆷
okyuuvvd	𩆸
okyusipm	𩆹
okyugeqi	𩆺
okyukzhe	𩆻
okyukzlk	𩆼
okyuxbmg	𩆽
okyuhukv	𩆾
okyughif	𩇀
okyujpjp	𩇁
okyukzgs	𩇃
okyukzyb	𩇄
okyuyjmo	𩇅
oklwwfhe	𩇆
okyulclc	𩇇
okyuvivi	𩇈
okyuwfyi	𩇊
okyuuvnp	𩇋
okyuyubc	𩇌
okyukztu	𩇎
okyuwfyi	𩇑
okyuyyge	𩇒
okyutmtm	𩇓
okyyyyyy	𩇔
okbkqkse	𩇝
okqkwuho	𩇞
okqkwhnv	𩇤
okqkccvi	𩇥
okfwhghg	𩇦
okbkppbk	𩇨
okwffwrf	𩇰
okfwhgjb	𩇱
okbkbkfw	𩇽
okccrffw	𩇿
okmmuiyz	𩈑
okmmuiyz	𩈝
okmmkzia	𩈞
okmmxtxt	𩈟
okppermm	𩈠
okifrfmm	𩈵
okmmvonv	𩈽
okmmycnv	𩈾
okmmgsdm	𩈿
okriqrmm	𩉂
okvxcymm	𩉃
okmmnvmm	𩉆
okmmytqr	𩉇
okmmvvho	𩉈
okrimmjq	𩉉
okriqrmm	𩉎
okmmvjxb	𩉒
okmmyubw	𩉓
okmmcsjq	𩉔
okuzhomm	𩉕
okmmmmmm	𩉖
okgeuuyi	𩉟
okgehgjb	𩉰
okgerfji	𩉳
okgendhg	𩉶
okgerfye	𩉻
okgedcsi	𩊋
okgegser	𩊎
okgejbjb	𩊟
okgeppba	𩊤
okgeuijb	𩊧
okgebitu	𩊰
okgevetu	𩊲
okgsjige	𩊳
okgedari	𩊵
okgemubi	𩊷
okgesiji	𩊸
okgeiruj	𩊼
okgevizz	𩋀
okgebcfz	𩋃
okifyzge	𩋆
okgeirxb	𩋈
okjmge	𩋋
okgeccuu	𩋐
okgewfmu	𩋑
okgeiziz	𩋓
okgedaji	𩋕
okgelqfj	𩋛
okgeirtm	𩋝
okgenmmu	𩋞
okgeccni	𩋪
okgexswf	𩋯
okgerfie	𩋱
okgeribc	𩋲
okgebkpu	𩋸
okgebkho	𩋹
okgebcgc	𩋺
okgewfri	𩋻
okgepiri	𩌀
okgexnbw	𩌆
okgeriyu	𩌇
okuigeuu	𩌊
okgeiryi	𩌋
okgesiuv	𩌐
okgeheyt	𩌒
okgepivj	𩌓
okgesiuu	𩌔
okgexiee	𩌕
okgeyzkz	𩌚
okgeihbw	𩌛
okgeheri	𩌞
okgefubi	𩌟
okgexsyt	𩌠
okgeyhho	𩌣
okgepigu	𩌤
okuiuuge	𩌥
okgeyuvf	𩌭
okgeiuho	𩌮
okgexiwa	𩌯
okgeuuqm	𩌱
okgeujvi	𩌳
okgexiys	𩌶
okgexisi	𩌷
okgexiys	𩌸
okgerfpu	𩌻
okgerffu	𩌼
okgemiwf	𩌽
okgepivc	𩌿
okgeccys	𩍁
okgeerer	𩍄
okgejqho	𩍆
okgexiji	𩍊
okgexiji	𩍋
okgevzcy	𩍌
okgelwxn	𩍑
okgeyuwf	𩍒
okgebcmd	𩍔
okgerifh	𩍗
okgesixk	𩍜
oknmuiiu	𩍞
okgedamu	𩍟
okgedavi	𩍠
okgesiyi	𩍡
okuiuuge	𩍤
okgevxwf	𩍫
okgefumu	𩍭
okgcgegk	𩍯
okgecche	𩍰
okgevxyz	𩍱
okgerfjb	𩍲
okgemuwf	𩍳
okgefubw	𩍴
okgeluho	𩍶
okdigkge	𩍷
okvuxkge	𩍸
okgeujjy	𩍺
okgegfge	𩍻
okgeiulu	𩍽
okgeyubw	𩍾
okgecckv	𩎁
okgeriho	𩎂
okgeyjyz	𩎃
okgedjmc	𩎄
okgebczz	𩎅
okgeiuho	𩎇
okgevxwf	𩎋
okgejiji	𩎎
okgeuuyi	𩎏
okgeccma	𩎐
okgetsho	𩎑
okwwccyz	𩎢
okwwmuve	𩎩
okdawwyz	𩎮
okuibcww	𩎲
okddnqww	𩎳
okwwmugs	𩎴
okwwwfho	𩎷
okwwirxb	𩏀
okwwyymu	𩏁
okwwlqxs	𩏈
okwfwwwf	𩏉
okwudnjq	𩏍
okwwwfrj	𩏎
okwwmuui	𩏏
okvorfww	𩏑
okwwcche	𩏒
okwwiryi	𩏔
okwwccys	𩏕
okwwdauu	𩏖
okwwrfmb	𩏛
okuguuww	𩏜
okwwhotu	𩏟
okwwziui	𩏤
okwwbwho	𩏦
okwwsixk	𩏪
okwwrfkv	𩏬
okwwuimu	𩏮
okwwccvr	𩏯
okwwriho	𩏰
okfzbcww	𩏴
okmiwwho	𩏶
okmiwwjn	𩏷
okmivvho	𩏸
okyjsiww	𩏹
okuinnww	𩏻
okwwyzuu	𩏽
okwwccyz	𩏾
okvjhgjq	𩐃
oktmjqpu	𩐅
okyaqmjq	𩐆
oknwwfjq	𩐇
okziwfjq	𩐈
okkzddjq	𩐉
okfucijq	𩐊
okuuqmjq	𩐋
okwfyajq	𩐐
okiecijq	𩐑
okuucijq	𩐒
okqiyajq	𩐓
okwhccjq	𩐔
okglqmjq	𩐕
okhemojq	𩐖
okybuhxn	𩐡
okybwfho	𩐬
okybhuui	𩐮
okyberyt	𩐯
okybrfhd	𩐰
okybsiyj	𩐶
okybhvmu	𩐷
okybugmu	𩐸
okybyhjq	𩐽
okybtnvi	𩐾
okybyefu	𩑀
okybccww	𩑄
okybwfgs	𩑅
okybkzvo	𩑇
okybmanm	𩑉
okhgzier	𩑋
okyeveve	𩑍
okppuuye	𩑎
okklerye	𩑞
okveviye	𩑠
okdcyzye	𩑦
okuhyiye	𩑨
okdcerye	𩑫
okqmveye	𩑿
okrfxnye	𩒀
okkzbiye	𩒁
okdkirye	𩒆
okyerfxn	𩒈
okqmjqye	𩒋
okccklye	𩒌
okyzgsye	𩒍
okihbaye	𩒒
okxtujye	𩒔
okuhxnye	𩒛
okndmuye	𩒜
okribiye	𩒝
okgsviye	𩒞
okvxjqye	𩒟
okbitmye	𩒠
okihjbye	𩒣
okhgtuye	𩒤
okkljbye	𩒥
okujjbye	𩒧
okglxiye	𩒩
okhouiye	𩒪
okuikzye	𩒫
okgserye	𩒬
okbanvye	𩒭
okgljbye	𩒯
okuikzye	𩒲
okriirye	𩒳
okbitmye	𩒵
okwuccye	𩒶
okjbye	𩒸
okxukler	𩒹
okfgbcye	𩓁
okihguye	𩓃
okujbuye	𩓄
okuuujye	𩓆
okujhoye	𩓈
okwfccye	𩓉
oktuuvye	𩓊
okridaye	𩓌
okxnkdye	𩓍
okhgyzye	𩓏
okhgziye	𩓑
okihlkye	𩓒
okmubiye	𩓓
okklyzye	𩓔
okpplwye	𩓕
okbiuiye	𩓙
okvxccye	𩓚
okdcjqye	𩓟
okvimuye	𩓠
okrimuye	𩓢
okujliye	𩓣
okwumuye	𩓬
okujpiye	𩓭
okhomuye	𩓮
okviucye	𩓯
okijveye	𩓲
okklmkye	𩓴
okujheye	𩓵
okkzliye	𩓶
okrinwye	𩓷
okyevimu	𩓸
okujjxye	𩓻
okujysye	𩓼
okklheye	𩓽
okujrjye	𩓿
okjidaye	𩔄
okxbqiye	𩔅
okmbriye	𩔉
okvxrjye	𩔋
okffpiye	𩔌
okliytye	𩔍
okccuiye	𩔎
okriheye	𩔏
okuuceye	𩔒
okqmjqye	𩔓
okxbbiye	𩔙
okkdmuye	𩔛
oksiklye	𩔞
okihjbye	𩔟
okmuwwye	𩔠
okvehgye	𩔡
okfhdjye	𩔣
okviucye	𩔤
okviheye	𩔩
okiryiye	𩔪
okmiffye	𩔫
okmiwfye	𩔬
okjxirye	𩔯
okriyaye	𩔰
okujbwye	𩔹
okhuklye	𩔺
okujpzye	𩔻
okfhmuye	𩔽
okklvsye	𩔿
okifytye	𩕁
okyebiyz	𩕂
okcsxbye	𩕄
okgljbye	𩕅
okfhdjye	𩕇
okhozuye	𩕈
okziuiye	𩕍
okvzzuye	𩕎
okdauiye	𩕑
oklbycye	𩕒
okccpgye	𩕕
okvxcyye	𩕖
okviucye	𩕘
okhgliye	𩕙
oksisiye	𩕛
okyjirye	𩕝
oklwxnye	𩕞
okxmhoye	𩕠
okiufhye	𩕣
okxthvye	𩕤
okxtvvye	𩕥
okdamuye	𩕦
okyeyelq	𩕧
okviucye	𩕨
okmupjye	𩕩
oksiyiye	𩕪
okccmuye	𩕫
okccheye	𩕭
okbdfhye	𩕰
oklqkzye	𩕴
okiuyjye	𩕵
okyjirye	𩕶
okhuvvye	𩕷
okccyjye	𩕸
okxbuiye	𩕺
oknimuye	𩕻
okyeyjir	𩕼
okbcbwye	𩕽
oksidaye	𩕾
okklqmye	𩕿
okfumuye	𩖀
oksidaye	𩖂
okdabdye	𩖃
okihjmye	𩖄
okgljmye	𩖆
okmuvfye	𩖇
okjidaye	𩖈
okccwjye	𩖉
okyukzye	𩖊
okyjmmye	𩖋
okdctuye	𩖌
okyeyeye	𩖏
okuzuzye	𩖐
okviyebw	𩖓
okyennnn	𩖔
okujliye	𩖕
okfgbcpp	𩖝
okfgklyz	𩖩
okfguier	𩖾
okfgdcdc	𩗅
okfguigs	𩗑
okfguupi	𩗟
okfgdddc	𩗦
okfgirtm	𩗮
okfghuui	𩗸
okfguive	𩘂
okfghgdc	𩘃
oklqxsfg	𩘍
okfgfhzi	𩘓
okxitufg	𩘔
okfgxbcc	𩘙
okfgdddc	𩘛
okxixifg	𩘠
okfgccdc	𩘡
okfghgri	𩘤
okfgjqfh	𩘦
okyuvffg	𩘷
okyuxnfg	𩘸
okfgmcjs	𩘻
okfggskz	𩘿
okmcjsfg	𩙅
okfgklyt	𩙊
okjieryu	𩙌
okfgkzli	𩙎
okjiyzfg	𩙏
oklbfgis	𩙐
okfgirve	𩙑
okluhofg	𩙒
okfgccyr	𩙓
okfgjbjb	𩙗
okyjyzfg	𩙜
okxbhofg	𩙞
okyjsifg	𩙟
okfgfggv	𩙠
okfgfgfg	𩙡
okfgsvsv	𩙢
okccyulq	𩙣
okccuifg	𩙤
okfwjlfw	𩙱
okfhrffw	𩙴
okvorffw	𩙶
okfwtmgs	𩙺
oksiyifw	𩙽
oknnnnfw	𩙾
okrfbdsi	𩚀
okrfribi	𩚁
okrfuudj	𩚃
okuippqi	𩚊
okuiuuyi	𩚋
okuirfli	𩚝
okuihgyc	𩚞
okuihuyi	𩚬
okuirfxn	𩚸
okuijiuj	𩚺
okvijqui	𩚻
okuippyz	𩚿
okuiiahg	𩛀
okuirfnv	𩛅
okuirfye	𩛆
okuiiruj	𩛋
okuidanv	𩛌
okuiujkz	𩛎
okuiuinv	𩛏
okuiuigs	𩛐
okuiervi	𩛓
oknvsiui	𩛗
okuiiafh	𩛙
okuiwfcy	𩛜
okuivxcy	𩛝
okcduiji	𩛥
okuibder	𩛨
okuihuqi	𩛪
okuiihui	𩛫
okcctusi	𩛬
okmufjui	𩛳
okuiheli	𩛵
okuippgu	𩛶
okuiqitu	𩛹
okuibcmi	𩛺
okuiuvui	𩛻
okuibcfz	𩛽
okuiycji	𩜆
okuiccyc	𩜈
okuiirtm	𩜊
okuiqixb	𩜐
okuiujxn	𩜖
okuihvwu	𩜙
okuijiji	𩜚
okuilier	𩜛
okuihgnv	𩜝
okuiuiho	𩜡
okuiqmww	𩜣
okuiuiji	𩜧
okuhyzui	𩜨
okuibcgv	𩜩
okifyzui	𩜬
okuiklee	𩜮
okuizdyz	𩜯
okuigsba	𩜹
okuivxmu	𩜿
okuihvmu	𩝀
okuisicc	𩝁
okuihekd	𩝂
okuihvui	𩝃
okuitdmb	𩝉
okuidcui	𩝍
okuimmdm	𩝎
okuibcfz	𩝒
okbcfzui	𩝓
okmcwfui	𩝕
okirdcui	𩝖
okuisiwf	𩝘
okuibcmm	𩝜
okuiqmjq	𩝟
okuivskz	𩝡
okuiriyu	𩝣
okuigvxb	𩝤
okwfyaui	𩝦
okuiccbw	𩝨
okbcfzui	𩝩
okuibcui	𩝬
okuiklsi	𩝮
okuibcxi	𩝯
okuivxmu	𩝰
okuigsys	𩝳
okkzkzui	𩝵
okrfwfui	𩝶
okuiiryi	𩝹
okuiuzto	𩝺
okuiychv	𩝼
okuirfyh	𩞃
okuuqmui	𩞌
okuihvbf	𩞑
okuivshv	𩞒
okuikzhv	𩞓
okuituui	𩞔
okuiribw	𩞗
okuivxdd	𩞛
okuibcmb	𩞜
okuippwf	𩞝
okuikzji	𩞞
okpjvxui	𩞟
okxlvvui	𩞠
okuiybge	𩞡
okhcihui	𩞣
okihheui	𩞨
okuierer	𩞪
okuitmgs	𩞫
okuivshv	𩞮
okuizzxk	𩞱
okuihvui	𩞳
okuihvui	𩞴
okuiccfu	𩞶
okuiqitm	𩞷
okriqrui	𩞹
okvzqmui	𩞺
okuilwxn	𩞼
okuisiyi	𩟁
okuizovi	𩟆
okuisigv	𩟉
okuiccyc	𩟌
okuiklqi	𩟍
okuiujjp	𩟑
okuixtlk	𩟒
okuimmmm	𩟖
okvupiui	𩟚
okuiccvr	𩟛
okujuiyy	𩟜
okuizomb	𩟟
okuizowf	𩟣
okuizowf	𩟤
okuiujjy	𩟥
okuiqtge	𩟦
okvzguui	𩟨
okuifubw	𩟪
okuivoyz	𩟫
okuiyisi	𩟮
okuiuimu	𩟰
okuiyubw	𩟱
okuibfbw	𩟲
okuiyusi	𩟳
okuiytpu	𩟴
okuicsjq	𩟶
okirvvui	𩟷
okbcbcui	𩟸
okuirixl	𩟻
okuitoyh	𩟼
okuirfye	𩠂
okirhgzi	𩠐
okjqirzi	𩠒
okbairmu	𩠖
okirzivi	𩠜
okirziif	𩠝
okifirzi	𩠞
okuzsige	𩠟
okirzikl	𩠡
okklirzi	𩠢
okjxirzi	𩠣
okvjeruz	𩠥
okhewjuz	𩠨
okuzycwf	𩠩
okyjirmu	𩠪
okjyirzi	𩠫
okuzbcpu	𩠮
okuzbcvg	𩠰
okihujuz	𩠷
okxlccba	𩡀
okxljiji	𩡆
okheriqr	𩡍
okwfxixl	𩡑
okxluili	𩡒
okxlyeuv	𩡟
okxlxlho	𩡢
okxlcche	𩡤
okxlwfxn	𩡥
okxlhgmu	𩡦
okmappna	𩡬
okmahgjb	𩡸
okqmppma	𩢁
okmayzyz	𩢃
okmaklqn	𩢆
okmabiui	𩢈
okmalili	𩢊
okmaklcc	𩢏
okgserma	𩢗
okdabama	𩢙
okmappyz	𩢚
okmarfxn	𩢜
okmagser	𩢞
okmalikz	𩢟
okmabayu	𩢣
okmacchg	𩢩
okmarfer	𩢯
okmariia	𩢶
okmasiyt	𩢺
okmanwqi	𩣁
okmairuj	𩣃
okmaihbi	𩣄
okrferma	𩣈
okbifuma	𩣎
okmadcdc	𩣒
okmarfpu	𩣓
okmave	𩣘
okmaerve	𩣘
okmaqmri	𩣙
okmappbi	𩣛
okmaujrs	𩣤
okmahgtu	𩣪
okmahgyz	𩣬
okmagsxb	𩣭
okmayiui	𩣰
okmaglqu	𩣴
okccycma	𩣻
okmabcmi	𩣽
okmaerye	𩣾
okmaiziz	𩣿
okmaklhe	𩤁
okmadcjq	𩤂
okdamabc	𩤄
okmajm	𩤊
okmavimu	𩤋
okmafhfh	𩤐
okmaxbhg	𩤑
okmaxber	𩤖
okmadgmc	𩤗
okmairxb	𩤘
okmamcwf	𩤝
okmabcmu	𩤞
okmaqmkl	𩤪
okmagsgs	𩤫
okmahgkz	𩤬
okmagejx	𩤭
okquhgma	𩤰
okmaccyz	𩤱
okmabkpu	𩤳
okmaihls	𩤴
okmavxfu	𩤻
okmarfya	𩤼
okmavzyz	𩤿
okmabcui	𩥃
okmayhnq	𩥍
okmalcvi	𩥏
okmariyu	𩥑
okmaccer	𩥒
okmctmma	𩥖
okmarfcs	𩥗
okmaujyz	𩥘
okmafhpd	𩥜
okmauiui	𩥟
okmacche	𩥠
okximaji	𩥡
okmawfvv	𩥤
okmabcbo	𩥥
okmaziwh	𩥧
okmappcs	𩥨
okyiuuma	𩥯
okmafwda	𩥰
okmajruv	𩥱
okmauufu	𩥲
okmageig	𩥳
okmalwxn	𩥵
okmayumi	𩥶
okmaujzs	𩥷
okmaihyt	𩥸
okmakztm	𩥺
okmarfcs	𩥾
okmarfcs	𩦁
okmahenq	𩦄
okmahemu	𩦅
okmawfjp	𩦆
okmaxiho	𩦈
okmaujhe	𩦏
okmagskz	𩦑
okmamfkd	𩦓
okmamffu	𩦔
okmauiqm	𩦕
okmagsvv	𩦘
okmauuui	𩦙
okppzoma	𩦛
okytqrma	𩦜
okmahguu	𩦣
okmarifh	𩦧
okmalqyi	𩦪
okmajrzu	𩦬
okmasiyi	𩦮
okmasigj	𩦯
okmarfkv	𩦰
okmaklwf	𩦲
okmalive	𩦳
okmamfui	𩦴
okglvvma	𩦵
okhujrma	𩦶
okmabags	𩦸
okrfkzma	𩦻
okmagevv	𩦼
okmabcba	𩦿
okmadaig	𩧀
okmaqucs	𩧁
okmairve	𩧆
okmafufw	𩧊
okmamauu	𩧌
okmaujjy	𩧎
okmahgmu	𩧐
okmaytls	𩧑
okmahenn	𩧒
okyjyema	𩧔
okieuima	𩧕
okmaqmsi	𩧖
okmavoii	𩧗
okmaxbho	𩧙
okmagehs	𩧛
okmayigs	𩧝
okmauunq	𩧞
okmayjho	𩧟
okmauunq	𩧠
okmamama	𩧢
okmamhgj	𩧣
okmaluuu	𩧤
okmaxitu	𩧾
okmariyu	𩨌
okmatmgs	𩨎
okmairve	𩨐
okguhgyc	𩨤
okgurfbc	𩨧
okgubabc	𩨪
okujihgu	𩨮
okguppna	𩨶
okguujbi	𩨷
okgurfhg	𩨺
okguiruj	𩩀
okgudagj	𩩃
okguujxt	𩩆
okguyzqn	𩩍
okguuikz	𩩎
okgubcba	𩩏
okgubder	𩩕
okgutmui	𩩙
okerzogu	𩩜
okgunmmu	𩩥
okgupiir	𩩨
okuijigu	𩩬
okgubkpu	𩩹
okguujyt	𩩼
okgudcui	𩩽
okguhusi	𩩾
okguzozo	𩪄
okguxbbi	𩪅
okguirbw	𩪇
okguxnbw	𩪈
okguzorz	𩪏
okguccgs	𩪒
okuiuugu	𩪔
okgudikz	𩪙
okguyefu	𩪛
okguyrtu	𩪝
okgulikz	𩪟
okglvvgu	𩪠
okguerzo	𩪦
okiupugu	𩪨
okguwfkz	𩪩
okguliho	𩪪
okgugsww	𩪫
okgubcba	𩪯
okgurfgs	𩪳
okguyubw	𩪹
okguvufa	𩪻
okguccvv	𩪼
okyjsigu	𩪾
okwfhvzi	𩫃
okdcdcgc	𩫉
okgcbatu	𩫊
okgchgjb	𩫎
okwfkzui	𩫏
okgchgjb	𩫒
okgcppvi	𩫔
okwfkzuu	𩫖
okgchvuu	𩫗
okgchujb	𩫚
okgctmcc	𩫜
okgcirtu	𩫟
okwfuigk	𩫠
okgcmugf	𩫡
okwfuigf	𩫧
okwfuiig	𩫨
okwfuiyi	𩫩
okgcuibw	𩫪
okwfuibw	𩫫
okwfuive	𩫭
okwfuubw	𩫮
okwfuivr	𩫯
okwfuilz	𩫰
okwfuiys	𩫱
okyelvgc	𩫳
okbnhgjb	𩫿
okihujzz	𩬂
okbnyzui	𩬋
okbnbcjb	𩬒
okbnrfjb	𩬓
okbngsji	𩬛
okbnuijq	𩬜
okbnvegs	𩬣
okihujmb	𩬬
okbnrfxn	𩬯
okbnbuui	𩬴
okbniruj	𩬷
okbnklwf	𩬼
okbnsimu	𩬽
okbnirir	𩭁
okbnhgzi	𩭈
okbnujfh	𩭎
okbnbcyy	𩭕
okbngsxb	𩭤
okbndcjq	𩭥
okbntyri	𩭱
okbndmfz	𩭸
okbndari	𩭻
okbnmcwf	𩭾
okbncsxb	𩮀
okbnzdyz	𩮃
okbnhemc	𩮄
okbnxtfh	𩮇
okbnmuia	𩮉
okihujys	𩮊
okbnsifh	𩮒
okbnrfys	𩮓
okbnlili	𩮗
okbngjcs	𩮟
okbnbcui	𩮡
okbnqitu	𩮢
okbnvivz	𩮣
okbnmcba	𩮤
okbndauv	𩮥
okbnccxb	𩮪
okbncsxb	𩮰
okyiuubn	𩮵
okbnuuqm	𩮶
okbnrili	𩮺
okbnrfve	𩮻
okbnnmfu	𩮽
okbnyiuu	𩮾
okbnybge	𩯈
okbnccqu	𩯍
okbnyefu	𩯏
okbnccri	𩯐
okbnlwxn	𩯑
okbnfubw	𩯒
okbnirys	𩯓
okbnbcmw	𩯔
okbnsiui	𩯙
okbnhunj	𩯜
okbnbdkz	𩯠
okbnqruz	𩯢
okbnklwf	𩯣
okbniyho	𩯥
okbnpncy	𩯧
okbnsigr	𩯪
okihujbw	𩯫
okbnbcba	𩯭
okbnmmmm	𩯯
okbnqtge	𩯰
okbnisxb	𩯲
okbnfubw	𩯳
okbnsiyr	𩯴
okbnrfyi	𩯵
okbnuijq	𩯶
okbncvge	𩯷
okbnrfgs	𩯸
okbnrfer	𩯻
okbnrifz	𩯾
okbnyubw	𩯿
okbncsjq	𩰁
okbnyukz	𩰂
okbndctu	𩰃
okbnerer	𩰆
okbnuzvi	𩰇
okbnuiyc	𩰈
okdzrfxn	𩰐
okbadzer	𩰕
okdzdzjb	𩰖
okdzhgbw	𩰗
okdzgvri	𩰘
okdzheyu	𩰙
okdzyajb	𩰚
okdzhgho	𩰜
okdzuiho	𩰟
okxsbipi	𩰠
okxsbiui	𩰡
okxsbili	𩰢
okvxbcyz	𩰣
okjuxsbi	𩰤
okvxsiyz	𩰥
okmusiyz	𩰦
okmubiuj	𩰧
okvxuicy	𩰨
okwfbccy	𩰩
okfzbcuj	𩰪
okhgnquu	𩰬
okgevegs	𩰰
okgsgsge	𩰲
okgexser	𩰷
okgextxt	𩰸
okgesiyz	𩰼
okhggjqy	𩰽
okfufuge	𩰿
okcctuuu	𩱀
okqmfuge	𩱁
okgeiziz	𩱂
okgeerda	𩱄
okxswfge	𩱅
oknvgsge	𩱆
okgeerho	𩱊
okvugsge	𩱌
okgugsge	𩱍
okfugsge	𩱎
okgsgegs	𩱒
okergsge	𩱓
okihhege	𩱔
okxmxmge	𩱕
okuugsge	𩱖
okyzgsge	𩱗
okmilqge	𩱙
okbogsge	𩱚
okgeklwf	𩱛
okifgsge	𩱜
okgeyiqq	𩱝
okxngsge	𩱞
okmwgsge	𩱟
okgsgegs	𩱠
okkjgsge	𩱡
okfugsge	𩱣
okjmgsge	𩱤
oklwsjge	𩱥
okiugsge	𩱦
okgcgsge	𩱧
okrugsge	𩱨
okxmhgge	𩱩
okqpbkge	𩱪
oksugsge	𩱫
oklbbcge	𩱬
okzggsge	𩱭
okqugsge	𩱮
okmilqge	𩱯
okveuvge	𩱰
okyugsge	𩱱
okvdgsge	𩱲
okqigsge	𩱳
okyelvge	𩱴
okmimpge	𩱵
okhogsge	𩱶
okmimpge	𩱷
okmimpge	𩱸
okbderuj	𩲆
okbderzi	𩲇
okgvihui	𩲔
okbcyzgv	𩲛
okgsjigv	𩲧
okgvhgwu	𩲬
okgvyiui	𩲭
okgvuhrf	𩲹
okgvucdc	𩲿
okgvpper	𩳂
okgvrfuu	𩳇
okgvyzww	𩳗
okgviauu	𩳘
okgvua	𩳘
okuagv	𩳙
okiauugv	𩳙
okgeycgv	𩳠
okgvvxcy	𩳡
okuidmgv	𩳥
okgvvjcy	𩳨
okgvhebc	𩳩
okgvyzmi	𩳫
okfuytgv	𩳬
okgvxisi	𩳭
okgvjimc	𩳯
okgvhurf	𩳰
okgvjquu	𩳱
okgvmuqr	𩳵
okgvzzxi	𩳹
okripogv	𩳺
okycgegv	𩴆
okmuwwgv	𩴈
okgvxtxt	𩴋
okjrrigv	𩴏
okgvnmfu	𩴓
okgvwfui	𩴚
okhuqqgv	𩴛
okgvtmgs	𩴜
okmcjsgv	𩴢
okihhegv	𩴣
okyhyhgv	𩴨
okbderdj	𩴫
okgvccsi	𩴭
okgvsixk	𩴮
okgvhuui	𩴯
okgvnmtu	𩴴
oklwgv	𩴻
okgvlw	𩴼
okrugvgv	𩴿
okyukzgv	𩵀
okgvyukz	𩵁
okyukzgv	𩵂
okgvqixn	𩵃
okgvccvv	𩵄
okgvccwf	𩵉
okgvccwf	𩵊
okrfdcho	𩵑
okyuklna	𩵯
okyuhgyc	𩵷
okyurfji	𩵸
okyuuuve	𩵿
okyuvsqn	𩶍
okyuccrf	𩶚
okyuwffj	𩶞
okyuklsi	𩶠
okyurfer	𩶡
okyubuui	𩶨
okyudanq	𩶮
okyuriia	𩶳
okyurfiu	𩶷
okyundmu	𩶹
okyuihba	𩷁
okyudcdc	𩷂
okyuyzgs	𩷃
okyupjyz	𩷅
okyuxser	𩷇
okyubimu	𩷌
okyurinv	𩷑
okyuujfh	𩷜
okuzwfyu	𩷢
okyuricy	𩷥
okyuwfir	𩷮
okyubavf	𩷲
okyuhzba	𩷴
okerzoyu	𩷷
okyurffh	𩷸
okyujili	𩷻
okyuerye	𩷿
okyurfis	𩸈
okyuccuc	𩸌
okyunmmu	𩸏
okyuccmc	𩸚
okyuxntm	𩸛
okyucswu	𩸟
okyukzyt	𩸠
oknqkhyu	𩸡
okyuhebc	𩸢
okyuuicc	𩸷
okyurfli	𩸺
okerrfyu	𩸻
okyutobw	𩸼
okyugk	𩸼
okyudguu	𩸿
okyuzima	𩹆
okyufhzi	𩹊
okyuccdn	𩹋
okyusiuv	𩹌
okyubdqr	𩹏
okyubkpu	𩹐
okyurfis	𩹑
okirdcyu	𩹒
okyuerda	𩹓
okyuzdyz	𩹔
okyuuzge	𩹕
okytiyyu	𩹙
oklwnvyu	𩹚
okyututu	𩹣
okyuqldm	𩹦
okyusixn	𩹧
okyukzer	𩹫
okyuxnbw	𩹳
okwfyayu	𩹵
okyuxbbi	𩹻
okvorfyu	𩹼
okcctuyu	𩺁
okyubkbk	𩺂
okytxkyu	𩺄
okyuvstm	𩺅
okyucclc	𩺆
okyuhuwf	𩺇
okyuglgs	𩺋
okyuuijb	𩺌
okyuxtcy	𩺎
okyugfri	𩺏
okyukzfh	𩺑
okyudcdm	𩺒
okvzyzyu	𩺔
okyuuawf	𩺕
okyugker	𩺖
okyucche	𩺗
okyuyzkz	𩺙
okyudaui	𩺚
okyuwjtm	𩺜
okyumcqq	𩺠
okyuhovi	𩺧
okyujruv	𩺭
okyumuuv	𩺲
okyuuiqm	𩺶
okwwwfyu	𩺸
okyufufh	𩺹
okyuzzfu	𩺼
okyuwfwf	𩺽
okyukzhv	𩻂
okyusiui	𩻄
okyuuiye	𩻅
okyuerlk	𩻆
okluwjyu	𩻉
okerwayu	𩻊
okyuridi	𩻋
okyumcqq	𩻎
okyuppwf	𩻐
okyuyzyb	𩻕
okyukzni	𩻙
okyujiri	𩻛
okldqryu	𩻜
okyuerer	𩻞
okyurifh	𩻠
okrfihyu	𩻢
okyurfjm	𩻥
okyulwxn	𩻦
okyuvshv	𩻨
okyuvivi	𩻩
okyuirmi	𩻫
okldwfyu	𩻯
okyurffw	𩻲
okyuhemu	𩻳
okyuxtui	𩻴
okyuheyu	𩻵
okyucsri	𩻶
okytqryu	𩻷
okyuhuui	𩻼
okyuldqr	𩻿
okyuzovi	𩼂
oksiyuyj	𩼄
okmhyufj	𩼊
okyuhuui	𩼍
okerzoyu	𩼏
okdvzoyu	𩼐
okyucczi	𩼑
okyusixk	𩼓
okyuklwf	𩼕
okyuccxm	𩼘
okyuccji	𩼚
okyucibw	𩼜
okyuuhgj	𩼝
okyuliis	𩼞
okiuwfyu	𩼡
okyuwfhe	𩼤
okccgjyu	𩼥
okyuyjir	𩼩
okuvyuyu	𩼪
okyhyuxi	𩼫
okyuccvr	𩼬
okerwayu	𩼭
okgsyuyz	𩼮
okyuuubw	𩼱
okyugsxb	𩼲
okyugswf	𩼵
okccyudj	𩼻
okyugltu	𩼼
okyuycho	𩼾
okyurfyt	𩼿
okyuluho	𩽁
okyuccmi	𩽃
okyuuijq	𩽅
okyuujjy	𩽌
okyuddjq	𩽍
okmimuyu	𩽑
okyulwru	𩽔
okyuvuvi	𩽕
okyuwhjs	𩽗
okvugjyu	𩽘
okyubddj	𩽙
okyudctu	𩽝
okyusidi	𩽞
okjbyudj	𩽟
okyuzdnn	𩽠
okyuihmo	𩽦
okyucvjs	𩽨
okiayuxi	𩽫
okyutsho	𩽬
okyuxbho	𩽯
okyudjis	𩽱
okyuluuu	𩽶
okyuuiyc	𩽸
okyurfgu	𩾀
okyurfjx	𩾉
okyurfmi	𩾍
okuuyinn	𩾤
oktuyinn	𩿆
oknndcdc	𩿋
okrfvenn	𩿌
oknnhgjb	𩿐
okhgycnn	𩿒
okrfrfnn	𩿕
okihgjnn	𩿫
okujqinn	𩿭
okklxtnn	𩿮
oknngsbk	𩿴
okrfyenn	𩿽
oknngser	𪀃
okuhxnnn	𪀖
okfgdcnn	𪀡
okycycnn	𪀨
okxtxtnn	𪀫
okbcdann	𪀱
okbimunn	𪀶
oknnuhnv	𪀺
okyzmunn	𪁁
okwfkznn	𪁚
okuikznn	𪁝
okuvgknn	𪁠
okiazinn	𪁡
okbdernn	𪁤
oknnihfu	𪁦
okbiuinn	𪁬
oknnihka	𪁯
oknnbiuj	𪁷
okccycnn	𪁾
okkdkdnn	𪂍
okhggsnn	𪂐
okujqpnn	𪂓
okuiwfnn	𪂗
okrfxnmk	𪂘
okbiujnn	𪂨
okjijinn	𪂫
oknndcui	𪂷
okzdyznn	𪂸
okheccnn	𪂻
okjidann	𪃇
okerdann	𪃉
okxswfnn	𪃊
okxitunn	𪃋
okccmbnn	𪃔
okccdinn	𪃖
okviuinn	𪃚
okbckznn	𪃜
okuinnuu	𪃟
okuulinn	𪃠
okgvdann	𪃤
okmumunn	𪃥
okhztunn	𪃫
okmbrinn	𪃯
oknnvxke	𪃴
okjuuunn	𪃷
okkdmunn	𪄃
okxbbinn	𪄆
okiryinn	𪄉
okmumunn	𪄊
okbcujnn	𪄋
okkzuunn	𪄍
okxiffnn	𪄏
okhvmunn	𪄐
okxtxinn	𪄑
oknnbcnv	𪄓
okuimpnn	𪄗
okyzkznn	𪄘
okmumunn	𪄙
okriyunn	𪄚
oknnfhdj	𪄟
okuvuunn	𪄠
okfubinn	𪄢
okldlinn	𪄪
okuiuinn	𪄬
okmuuvnn	𪄭
okbiisnn	𪄰
okxisinn	𪄷
oknnbcwf	𪄺
okuimcnn	𪄽
okvvdann	𪄾
oknmfunn	𪄿
okccsinn	𪅇
okrfhgnn	𪅈
okjqrinn	𪅉
okvxuinn	𪅊
okuvldnn	𪅍
okkeuunn	𪅏
okmiwann	𪅒
okwwwfnn	𪅗
okmupdnn	𪅚
okbcdann	𪅞
oknnyuvf	𪅡
okbcdknn	𪅢
okjxytnn	𪅣
okvvwfnn	𪅥
okheyunn	𪅲
okqitmnn	𪅳
okiscinn	𪅵
okgsiann	𪅷
okvzjrnn	𪅻
okihhenn	𪅼
okjirinn	𪅽
okvvhonn	𪆅
okcctunn	𪆆
okgskznn	𪆇
okxihonn	𪆈
okuivvnn	𪆉
okjsytnn	𪆌
okbcgenn	𪆍
okuiuunn	𪆑
oksisinn	𪆓
okjnnnho	𪆔
okbctunn	𪆕
okuvuunn	𪆟
okdikznn	𪆡
okcchynn	𪆨
okuiuunn	𪆪
oknnbcmb	𪆮
okmcjbnn	𪆱
okuvldnn	𪆵
okjbqpnn	𪆷
okhuuinn	𪆺
okwfgjnn	𪆾
okijyjnn	𪆿
okuiuunn	𪇂
okpnjinn	𪇃
okuilrnn	𪇄
oknnccxm	𪇅
oknnuoda	𪇐
okvugjnn	𪇙
okppyhnn	𪇚
okglvvnn	𪇛
okcchdnn	𪇜
okyujnnn	𪇝
okvupinn	𪇞
okuggunn	𪇟
oknmtunn	𪇠
okvuminn	𪇢
okufufnn	𪇣
okxilunn	𪇤
okhuvvnn	𪇦
okbcbann	𪇧
okgltunn	𪇮
okqtgenn	𪇲
oknnkzxb	𪇷
okirvenn	𪇹
okuubcnn	𪇺
okjbtunn	𪇼
oknmqmnn	𪇽
okyjbinn	𪇾
okveyjnn	𪇿
okkzyunn	𪈀
okwfuinn	𪈃
okvijsnn	𪈄
okvuxknn	𪈅
okuuyenn	𪈈
okxmxinn	𪈉
okgeyunn	𪈊
okwfgjnn	𪈋
okrfyznn	𪈍
okyuyinn	𪈑
okvurfnn	𪈓
okrfernn	𪈕
okujxbnn	𪈖
okriminn	𪈚
okccfann	𪈛
okyukznn	𪈝
okyipinn	𪈞
okvuwjnn	𪈢
okvubcnn	𪈣
okcvjsnn	𪈥
oktmtunn	𪈦
oknnufnn	𪈨
oknnccvv	𪈩
okzitmnn	𪈪
oknnrimi	𪈫
okufnnnn	𪈬
oksiyjnn	𪈮
okmuhznn	𪈱
okglvvnn	𪈲
okbcgenn	𪈵
oknngjwf	𪈶
okwfpunn	𪈷
okbklunn	𪈹
oknnnnnn	𪈼
okyjsifg	𪈽
oktmnntm	𪉀
oknnnnnn	𪉓
okxbbinn	𪉔
oklukzhg	𪉙
oklukzui	𪉞
oklurfhg	𪉡
oklubaui	𪉢
okludcjq	𪉦
oktulumb	𪉩
oklulvui	𪉫
okluriui	𪉲
oklugumb	𪉶
okluriuu	𪉷
oktuvjmb	𪉹
oklubcqu	𪉼
oklumcjs	𪊀
okrfihlu	𪊁
oklutmri	𪊂
oklurfgs	𪊈
okluyisi	𪊉
okluccuu	𪊩
okluiags	𪊭
okluiags	𪊱
oklumbba	𪊻
oklukljb	𪊼
okirtmlu	𪋍
okluerda	𪋐
oklukzkz	𪋓
okluwfxn	𪋔
okluyzxt	𪋕
okbkbklu	𪋘
okluihjb	𪋙
oklulilk	𪋚
oklurili	𪋠
okluyefu	𪋡
okluuimu	𪋢
okluerer	𪋣
okyclblu	𪋤
oklulvlv	𪋦
okluufui	𪋧
oklujqui	𪋱
okluyjir	𪋲
okluyuya	𪋳
oklululu	𪋵
okluyukz	𪋶
oklumiir	𪋷
oklucvjs	𪋸
oklugvxu	𪋺
oklulutu	𪋻
okmdyzuj	𪌠
okmdbcji	𪌡
okmdgssi	𪌥
okujuimd	𪌨
okmdvxcy	𪌳
okmdkznq	𪌸
okmdbcfz	𪌼
okmdklhe	𪍁
okmdhebc	𪍆
okmducuc	𪍉
okmdccuc	𪍋
okmcwfmd	𪍓
okmdirgf	𪍔
okmduvug	𪍖
okmdmcwf	𪍘
okmdqmlc	𪍙
okmdxbbi	𪍜
okuiuumd	𪍠
okmdhguu	𪍢
okmdkeuu	𪍥
okmcwfmd	𪍫
okmdriui	𪍭
okmdqmcs	𪍰
okuguumd	𪍱
okmdhuui	𪍸
okmdsiyi	𪍺
okmddikz	𪍼
okiuwfmd	𪍾
okmdrfgs	𪎀
okmdldld	𪎂
okyeuumd	𪎇
okuzyzbu	𪎍
okfgnamm	𪎎
okmabibw	𪎬
okyeuuma	𪎲
okhlppqi	𪎴
okhlgjho	𪏂
okhlyuho	𪏃
okhljm	𪏊
okytbahl	𪏍
okhlhudk	𪏏
okhlsier	𪏖
okuihluu	𪏙
okvuhlvu	𪏜
okhljnuv	𪏠
okhlyjdz	𪏡
okhljuer	𪏣
okhlyuuv	𪏧
okhlqudz	𪏨
okhldrho	𪏩
okhliupn	𪏫
okggychl	𪏬
oklirfuv	𪏭
okuubcpp	𪏯
okuulinv	𪏼
okuuvenv	𪏾
okhebcuu	𪐅
okuuvjxb	𪐇
okuuyzxb	𪐊
okuuujli	𪐑
okherifu	𪐒
okuuuuuu	𪐓
okuguugj	𪐕
okklxnyj	𪐗
okhwppqi	𪐠
okhwkzhg	𪐪
okhwrfxn	𪐳
okhwujnd	𪐹
okhwklcc	𪑃
okhwrfna	𪑄
okhwmpyz	𪑉
okhwvxcy	𪑋
okhwuiji	𪑍
okhwbcqp	𪑎
okhwwfmu	𪑘
okujhwwf	𪑛
okhwnmmu	𪑞
okyawfhw	𪑢
okhwuiji	𪑣
okerlihw	𪑤
okhwqrmu	𪑥
okhwuigs	𪑩
okdakzhw	𪑵
okhwhujb	𪑷
okhwjqtu	𪑺
okldihhw	𪒁
okhwdamu	𪒂
okldlihw	𪒅
okhwdagf	𪒇
okhwdacc	𪒈
okhwyigs	𪒌
okhwsidm	𪒎
okhwxrlv	𪒓
oktmgshw	𪒕
okhwdagv	𪒖
okriqrhw	𪒞
okhwyefu	𪒢
okhwrfmm	𪒣
okhwugbw	𪒦
okhwdckz	𪒧
okjxdohw	𪒨
okhwccxm	𪒯
oktsbchw	𪒵
oknqgjhw	𪒷
okklyeyz	𪒸
okuubchw	𪒺
okhwdahw	𪒻
okhwjkda	𪒾
okhwjrma	𪒿
okhwkzcy	𪓁
okhwdctu	𪓄
okhwmuda	𪓆
okhwyccy	𪓉
okhwfzuj	𪓊
okyebimi	𪓋
okyebizu	𪓌
okmbpubi	𪓍
okyebibm	𪓎
okmbyebi	𪓏
okyebiqp	𪓐
okkzulri	𪓕
okklermm	𪓘
okklrfmm	𪓙
okppmmyz	𪓝
okdakzmm	𪓡
okgvbcri	𪓤
okxtxtmm	𪓥
okbdbimm	𪓨
okuitmmm	𪓳
oktuwfmm	𪓴
okiuwfmm	𪓶
okytqrmm	𪓺
okdctmmm	𪓻
okiuwfmm	𪓾
okbiwfmm	𪔀
okhehomm	𪔁
okmuveve	𪔂
okkzdknv	𪔈
okwfyadk	𪔉
okvupijk	𪔏
okguwfug	𪔢
okgukzyt	𪔤
okpmpjgu	𪔥
okgukzer	𪔪
okccccgu	𪔫
okguhvmu	𪔬
okuguugu	𪔰
okgurfdg	𪔶
okuupphg	𪕄
okuubcji	𪕎
okuuqikl	𪕚
okqikluu	𪕢
okuurinv	𪕤
okuuwfyz	𪕦
okuiuuuu	𪕷
okuiuuuu	𪕸
okuuihyz	𪕽
okbizirs	𪕿
okuukeuu	𪖃
okuuyefu	𪖈
okuucsjq	𪖎
okbiveve	𪖑
okbibatu	𪖜
okbibakz	𪖝
okbijb	𪖧
okbihgxt	𪖩
okbivcba	𪖱
okiryibi	𪖵
okbiyuvf	𪖷
okhuqpbi	𪖸
okbizisi	𪖻
okbijiri	𪖼
okbidctu	𪗂
okbiyswa	𪗃
okuixier	𪗄
okwfyaye	𪗎
okwfyazg	𪗐
okqiviwf	𪗑
okqiviwf	𪗒
okqiviwf	𪗓
okiiuuyi	𪗚
okiirfbc	𪗣
okviklqp	𪗱
okbakllk	𪗲
okiibcji	𪗴
okfgvikl	𪘂
okiiribi	𪘄
okiibcyc	𪘋
okrfrfii	𪘗
okviklwu	𪘚
okiive	𪘛
okiierve	𪘛
okiimubi	𪘟
okiixqhg	𪘠
okiiuikz	𪘢
okiivxcy	𪘤
okifyzii	𪘦
okiiklhe	𪘩
okiijm	𪘪
okiibchg	𪘫
okiiihgv	𪘬
okiiklhe	𪘭
okyawfii	𪘯
okiiiziz	𪘴
okhujbii	𪘷
okwwwfii	𪘻
okiiqmjq	𪘾
okiiirlp	𪙂
okbazoii	𪙄
okiigsyz	𪙅
okiiuiyt	𪙆
okuiytii	𪙇
okiixbxb	𪙋
okcclcii	𪙐
okiiqmuj	𪙒
okgvyzii	𪙓
okwfyaii	𪙔
okbmdaii	𪙖
okiiwfer	𪙘
okiijimi	𪙙
okiiuugo	𪙚
okiiyzww	𪙢
okldqrii	𪙤
okiilusi	𪙥
okihheii	𪙪
okueueii	𪙬
okiicsri	𪙮
okwfuiii	𪙯
okglheii	𪙱
okuigfii	𪙲
okyiueii	𪙶
okiiirve	𪙷
okiirfgs	𪙸
okiiqtge	𪙻
okrfihii	𪙼
okhugeii	𪙿
okiidctu	𪚃
okiiuuii	𪚆
okhuqrii	𪚊
okiiiiia	𪚍
okwfyaii	𪚎
okyawfii	𪚐
okgjlsgj	𪚟
okuguuls	𪚣
oklslsls	𪚥
okhgxtia	𪚦
okdcxtjx	𪚧
okxthgve	𪚨
okdcxtdj	𪚫
okklergv	𪚮
okytgvri	𪚲
okgvkler	𪚳
okdcxtia	𪚴
okdcxtqq	𪚺
okdcxtbw	𪚾
okdcxtie	𪚿
okjnjigv	𪛀
okhehogv	𪛁
okdcxtqu	𪛃
okkztmgv	𪛄
okyukzgv	𪛈
okdclvve	𪛉
oklyhudk	𪛍
okuvzily	𪛎
okiuqmly	𪛐
okhoujly	𪛑
okvulyuu	𪛒
okvulyhu	𪛔
oklygvho	𪛖
okhguuve	𪜀
okqiklxt	𪜃
okmudmjk	𪜅
okhgycji	𪜆
okvuqipp	𪜋
okjqbdug	𪜙
okuvmwve	𪜚
okwfgsdd	𪜣
okwfrfvv	𪜤
okwfhvkl	𪜥
okrfhgnv	𪜨
okrfbcbi	𪜪
okrferxn	𪜬
okrfndmu	𪜷
okrfnqnq	𪜼
okrfrinv	𪜿
okrfwfdj	𪝂
okrfdakv	𪝄
okrfujwf	𪝇
okrfgstm	𪝌
okrfjike	𪝏
okrftsyt	𪝓
okrfzzyz	𪝘
okrfiege	𪝠
okrfsiyi	𪝢
okrferer	𪝥
okrfrigv	𪝧
okrfirmi	𪝨
okyhkljb	𪝩
okrfyaqu	𪝫
okjbyzer	𪝶
okrfccwf	𪝸
okrfbniy	𪝾
okrikler	𪝿
okgfujgs	𪞋
okbatmhv	𪞌
okbcbazi	𪞐
okbcbavs	𪞑
okbcyrdz	𪞒
okbcbaqu	𪞔
okbchghh	𪞕
okbkyzuu	𪞝
okgurfdm	𪞟
okbkihgv	𪞢
okbkklvv	𪞩
okruhgkl	𪞶
okwfxswu	𪞸
okwfxswu	𪞻
okwfxsxm	𪞼
okwfxsns	𪞽
okdadadc	𪟃
okbdbadc	𪟇
okdakvdc	𪟉
okhgqpff	𪟊
okliytdc	𪟍
okgkerdc	𪟏
okfhjuff	𪟑
okdcziky	𪟓
okkllvdc	𪟔
okuvwjli	𪟛
okmmhgli	𪟟
okkzccli	𪟣
oknjnjnj	𪟧
okkljuuu	𪟭
okklrfge	𪟰
okklvhgs	𪟲
okguuiqi	𪟴
okvvvvui	𪟻
okuuhgln	𪟽
okuubwug	𪠀
okihlvve	𪠈
okihvige	𪠉
okihrida	𪠊
okihgsxb	𪠎
okihjxhg	𪠐
okihytni	𪠒
okihbiuu	𪠔
okihyefu	𪠖
okihytyz	𪠙
okihhetm	𪠚
okihkzgj	𪠛
okhgjijb	𪠜
okihtuyz	𪠦
okklyzyz	𪠪
okxtguyz	𪠬
okvoytdc	𪠰
okququrf	𪠱
okkzbcia	𪠴
okkzrftu	𪠶
okkzsinq	𪡂
okhgkztu	𪡅
okkzuzjb	𪡆
okuvqmkz	𪡌
okkzsicc	𪡔
okyckzji	𪡘
okkzller	𪡙
okkzxkug	𪡚
okkzmfke	𪡛
okjqkzir	𪡢
okkzbcyz	𪡣
okkzbkln	𪡦
okkzujhv	𪡩
okiferkz	𪡪
okkzbwcy	𪡮
okkzkzji	𪡰
okjqkztm	𪡲
okuguukz	𪡹
okkzldbw	𪡺
okccjqgu	𪡻
okkzmuda	𪡼
okkzuuer	𪡽
okkzcswf	𪢀
okkzwfwf	𪢃
okkzvevi	𪢆
okkzrfjx	𪢋
okkzvuhj	𪢑
okyskzhg	𪢓
okkzglho	𪢔
okkzhgge	𪢙
okxlyexl	𪢞
okkzgcyh	𪢟
okkzcclj	𪢠
okklccjm	𪢯
oktuihgj	𪣄
oktujikz	𪣈
okturind	𪣍
oktuuito	𪣓
okmuwjtu	𪣖
okturiqm	𪣙
okturinv	𪣚
oktuxtqi	𪣞
oktutmgj	𪣨
okytugtu	𪣪
oktusicc	𪣰
oktuercy	𪣳
okerugtu	𪣿
okifyttu	𪤀
oktudzcy	𪤁
oktumumb	𪤂
oktujruv	𪤉
oktugjjb	𪤐
oktuhufu	𪤔
oktuyuvf	𪤗
oksitumz	𪤘
oktuyuho	𪤙
okfhtudm	𪤜
oktuuivi	𪤞
oknjfhtu	𪤟
oktuqudz	𪤡
oktufuuv	𪤦
oktufuwf	𪤩
oktumiyz	𪤫
oktuwfyh	𪤯
oknmfuqm	𪤱
okuivecy	𪤳
okwfvskl	𪤵
okxixigd	𪤺
okxiximd	𪤿
okglhedo	𪥀
okdabayz	𪥆
okpprfda	𪥌
okdahgdm	𪥍
okdafhrf	𪥏
okdabktu	𪥓
okrijuda	𪥖
oklikeda	𪥘
okrfgstm	𪥙
okdakvxs	𪥚
oklidmda	𪥛
okdakzcc	𪥜
oktuvsda	𪥟
okbwbwda	𪥠
okyjhoda	𪥢
oknvjiji	𪥪
oknvujdk	𪥭
oknvppba	𪥲
oknvkhuj	𪥹
okligsnv	𪥺
oknvuige	𪥾
oknvppqn	𪦁
oknvppda	𪦂
oknvyzis	𪦄
oknvirkl	𪦅
oknvuivi	𪦆
oknvklnv	𪦈
oknvgljq	𪦉
oknvkzkv	𪦊
oknvvcwf	𪦐
okifjbnv	𪦑
oknvwfmu	𪦖
oknvhgnv	𪦗
oknvkche	𪦘
oknvccwo	𪦙
oknvxttm	𪦛
okmayznv	𪦠
oknvcici	𪦡
oknvvxjb	𪦢
oknvrfrj	𪦣
oknvsisi	𪦤
oksisinv	𪦥
oknvyucs	𪦦
oknvufyt	𪦧
oknvxiwf	𪦩
oknvguwu	𪦭
oknvlw	𪦮
oknvrier	𪦳
okvfvfnv	𪦵
okhugezi	𪦽
okziyeba	𪦾
okifrfzi	𪧂
okbchguj	𪧅
okbcxinv	𪧋
okbcsimu	𪧌
okbcyrxx	𪧍
okbcklho	𪧏
okbcgsdm	𪧑
okbcrfge	𪧒
okbcjkli	𪧔
okbctufz	𪧕
okbcbdho	𪧖
okxtrftm	𪧗
okbcronv	𪧙
okbcdaxn	𪧛
okbcyiho	𪧝
okbcwfmw	𪧞
okbcluwj	𪧢
okbcccuv	𪧣
okbcufwf	𪧤
okbcuifz	𪧥
okbcjkuv	𪧦
okbcvivi	𪧧
okbcjinv	𪧩
okbcybsi	𪧪
okbcdama	𪧫
okbcyzfz	𪧬
okbcwfge	𪧮
okbcljyz	𪧲
okbcldli	𪧳
okbclbnv	𪧵
okbcjmjm	𪧶
okxtihcy	𪧼
okbuqmcy	𪧽
okdmyaxn	𪨂
okxnuzzu	𪨃
okucww	𪨆
okuihguj	𪨉
okuiqmqi	𪨌
okuirfuu	𪨍
okuinmer	𪨒
okuizijm	𪨔
okuirfqn	𪨗
okuiirkz	𪨘
okuibczu	𪨡
okujdaie	𪨶
okujdamb	𪨻
okujbwtu	𪨽
okujgldm	𪨿
okujuihu	𪩀
okujujge	𪩄
okujwuhe	𪩈
okujbcvv	𪩐
okujdjge	𪩔
okujgejb	𪩗
okujtucy	𪩙
okujfgii	𪩛
okujycgv	𪩜
okujyhqu	𪩝
okujiiqi	𪩟
okdcxiju	𪩨
okqudzji	𪩰
okhgjbpp	𪩲
okxtdajb	𪩶
okyejbfu	𪩾
okycyccd	𪪋
okgldaba	𪪔
okglqurf	𪪕
okglrfvi	𪪖
okglhgba	𪪘
okglerkz	𪪚
okglbawf	𪪜
okgliryi	𪪝
okgldabw	𪪡
okglbcsi	𪪣
okgljrbw	𪪥
okglrfnn	𪪦
okglwfmi	𪪨
oknmfuku	𪪫
okvibaxi	𪪰
okviyuwh	𪪲
okyzercc	𪪴
okjqifcc	𪪸
okbcjtcc	𪪹
okgskzpu	𪪾
okgsvxrj	𪫁
okgsyuyu	𪫅
okhumiye	𪫇
okdakluj	𪫈
okrizcuj	𪫉
okrfkzwf	𪫎
okrfvswf	𪫏
okrfvita	𪫒
okrfyurf	𪫔
okrfsiwf	𪫕
okrfglva	𪫗
okrfvizu	𪫘
okrfsixk	𪫙
okrflbif	𪫛
okrfiuwf	𪫜
okxbuuln	𪫢
okxbkljq	𪫨
okxbklho	𪫯
oknvsixb	𪫴
okeruvxb	𪫽
oknvuzxb	𪫾
okxbppqn	𪬀
okqmycxb	𪬄
okfgfgbi	𪬇
okuulixb	𪬈
okxbxitu	𪬉
okmuwuxb	𪬊
okxbvjxb	𪬍
okxbuikd	𪬑
okgfwfxb	𪬒
okuviuxb	𪬓
okxbgker	𪬗
okxbyiqr	𪬜
okxbyuvi	𪬞
okxbcclv	𪬠
okxbmcli	𪬢
okxbqilb	𪬣
okrfyuxb	𪬪
okpurfxn	𪬬
okxbcijn	𪬰
okxbsimw	𪬶
okxbwfis	𪬹
okxbbcfj	𪬺
okxbvuwu	𪬻
okxbmier	𪬾
okqkqkxb	𪬿
okyierxb	𪭁
okvhyzxb	𪭂
okxbhgmb	𪭃
okgegsxb	𪭅
okxbqmwf	𪭆
okxbyhyj	𪭇
okxbbwvv	𪭈
okuigezi	𪭋
okgepptm	𪭎
okwugsnv	𪭏
okgeklmu	𪭑
okuigefu	𪭒
okmumbge	𪭓
okhgbcjm	𪭔
okyjsiwo	𪭗
okhunwkz	𪭙
okhuuuer	𪭚
okhugezc	𪭛
okuzppyc	𪭞
okuzbcrf	𪭠
okuzkzbc	𪭦
okuzdajb	𪭬
okuzihui	𪭭
okuzyzfg	𪭲
okuzkzdz	𪭸
okuzjqbc	𪭹
okuzxicy	𪭺
okuzrfvg	𪭻
okuzvldm	𪭽
okuzmfyt	𪭾
okuzuunv	𪮄
okuzbdgs	𪮆
okuzbckz	𪮇
okuzwffg	𪮉
okuzyiui	𪮊
okuzyudc	𪮌
okuzccxr	𪮎
okuzychv	𪮓
okuzwuui	𪮗
okuzccgs	𪮙
okuzgker	𪮜
okuzrfmb	𪮝
okuzuiyu	𪮪
okuzxiwf	𪮫
okuzzzer	𪮭
okuzhggs	𪮵
okuzhexb	𪮷
okuzxivi	𪮸
okuzvufg	𪮹
okuzdsho	𪮼
okuzlumu	𪮾
okuzuiwj	𪯁
okuzccyh	𪯃
okhodavi	𪯅
okviuier	𪯆
oksivivi	𪯇
okyuvfwf	𪯖
okjiriwf	𪯘
okdikzwf	𪯙
okwwmiwf	𪯚
okwfmiwf	𪯜
okkzkzwf	𪯟
okwhwhwf	𪯥
okwfihiu	𪯨
okkzhvdz	𪯮
okihvixp	𪯯
okfhrfyz	𪯳
okfhrftm	𪯶
okfhrfbd	𪯸
okfhqier	𪯼
okfhmuyz	𪯽
okfhrfbi	𪰀
okfhuicc	𪰁
okfhrihs	𪰄
okfhhyer	𪰅
okriyadc	𪰝
okriccer	𪰞
okrixbhu	𪰨
okrijugs	𪰩
okritmwf	𪰺
okririyi	𪱆
okrifuwf	𪱏
okriyttu	𪱑
okriyjyz	𪱓
okriwfjm	𪱔
okrivvgk	𪱖
okgeeryt	𪱞
okytmpyz	𪱠
okytvadc	𪱢
okytlidm	𪱨
okytjrho	𪱪
okdcbiyt	𪱫
okytyimi	𪱭
okwhlidm	𪱯
okyzgltu	𪱰
okmurfdm	𪱸
okmurfzi	𪱿
okbkximu	𪲁
okmuveri	𪲂
okmuyisj	𪲃
okmuyzer	𪲆
okmuuumu	𪲈
okmufjfj	𪲊
okmuwfdj	𪲌
okmuqmjb	𪲍
okmuycwf	𪲏
okmudder	𪲐
okwhermu	𪲑
okmuklho	𪲗
okmuugtu	𪲙
okmuuvyt	𪲚
okmumive	𪲛
okwhdcmu	𪲠
okmuuisi	𪲢
okmuujwj	𪲤
okmuucuz	𪲦
okmucszz	𪲧
okmubcdj	𪲩
okwfhvmu	𪲪
oknidcmu	𪲫
okmuyuyt	𪲯
okmuihyi	𪲲
okmukckz	𪲶
okmusimu	𪲷
okmuvxke	𪲾
okmuanji	𪳃
okwhgsmu	𪳈
okmuxixb	𪳉
okmuyzmu	𪳊
okmukzfh	𪳏
okmumumu	𪳐
okmurimi	𪳑
okmujlvi	𪳖
okmubcui	𪳘
okmubcds	𪳚
okmuyzho	𪳝
okmucibd	𪳠
okmuyzci	𪳡
okmuujhg	𪳢
okmuuugo	𪳣
okmugvri	𪳥
okdvbdmu	𪳦
okmuerzi	𪳧
okmuwfjm	𪳩
okmuuiyu	𪳬
okfufuds	𪳭
oklbthtu	𪳯
okmuvsvs	𪳱
okmuzisi	𪳳
okmusvtu	𪳸
oklbihie	𪳽
okmuqudz	𪴀
okmurifh	𪴂
okmuvuyu	𪴅
okmuglho	𪴇
oklbmcmu	𪴈
okmuyzwf	𪴉
okmuhgdz	𪴊
okhogcmu	𪴍
okmuxtvi	𪴐
okmudabd	𪴑
okmugxgx	𪴒
okmuisvv	𪴓
okmuuizg	𪴕
okmubwyi	𪴗
okmudsho	𪴚
okmundli	𪴛
okmuyuwu	𪴟
okmuxuvi	𪴠
okmudaxn	𪴡
okmuwuzu	𪴢
okwfsicy	𪴦
okmuvujm	𪴧
okihgjqm	𪴪
okuierqm	𪴫
okbiugqm	𪴬
okbdyzqm	𪴭
okyujkqm	𪴲
okccyzqm	𪴳
okgcbiqm	𪴴
okvitubi	𪴸
okviwuif	𪴼
oksiyjvi	𪴾
okddccyz	𪵁
okddwfxs	𪵂
okddirxi	𪵃
okkztuuu	𪵉
okbiuiwf	𪵊
oksieruu	𪵎
okfufhuu	𪵐
okuguuqn	𪵑
okwuhwuu	𪵓
okuvppji	𪵬
okuvihqn	𪵭
okuvpppp	𪵯
okuvrfjb	𪵴
okuvjili	𪵶
okuvyier	𪵷
okuvviia	𪵺
okuvppqq	𪵻
okuvujwh	𪶁
okuvmive	𪶈
okuvtmnq	𪶍
okuvklbi	𪶑
okuvrfda	𪶓
okuvmikl	𪶕
okuvzitm	𪶖
okuvhvgj	𪶗
okuvwwxb	𪶚
okuvjbue	𪶞
okuvrfyu	𪶡
okuvrfyu	𪶢
okuvppcc	𪶣
okuvrffu	𪶤
okuvihvv	𪶫
okuvmubd	𪶯
okuvujxb	𪶱
okuvdcdm	𪶳
okuvvxri	𪶴
okuvxtyy	𪶷
okuvyiwf	𪶺
okuvciyt	𪶻
okuvuiqm	𪶿
okuvqqjb	𪷀
okuvujwf	𪷁
okuvuujm	𪷃
okuvbcyj	𪷅
okuvdmmk	𪷆
okuvyuwu	𪷋
okuverho	𪷌
okuvgsge	𪷎
okuvhunj	𪷓
okuvlqjb	𪷙
okuvsisi	𪷜
okuvihlu	𪷝
okuvccmb	𪷞
okuvbaui	𪷟
okuvccyr	𪷠
okdvxbuv	𪷣
okuvwfui	𪷤
okuvklxb	𪷨
okuvbdlb	𪷩
okuvfuuv	𪷫
okuvglji	𪷲
okuvyupw	𪷳
oklidmhe	𪷹
okuvcchv	𪷺
okuvjbqi	𪷼
okuvuiye	𪷿
okuvyjyz	𪸂
okuvyjxi	𪸅
okuvlutu	𪸇
okuvmfpi	𪸌
okhoppji	𪸎
okhobcrf	𪸖
okhondmu	𪸨
okhorida	𪸮
okhopphv	𪸰
okhovldm	𪸱
okhoyzvc	𪸲
okhojm	𪸶
okhomuuj	𪸹
okzdyzuu	𪹀
okhobkxb	𪹄
okhozoyt	𪹆
okiuuuho	𪹉
okdcsiho	𪹌
okhoyruj	𪹎
okhojuho	𪹐
okhoihri	𪹒
okhowhxl	𪹔
okrixyho	𪹕
okhoujwf	𪹖
okyjerho	𪹝
okhoirbw	𪹟
okhokzwf	𪹢
okhoiauu	𪹤
okhouauu	𪹤
okmitmho	𪹦
okyckyho	𪹩
okkzifho	𪹬
okxlqrho	𪹱
okhoyuwf	𪹲
okhozovi	𪹴
okriveho	𪹶
okhoriyi	𪹷
okhoxtmu	𪹻
okhorigs	𪹼
okyjlbho	𪺂
okhovxji	𪺄
okhobcxb	𪺅
okhovxlh	𪺆
okhohgwf	𪺈
okhotmyi	𪺊
okhegvho	𪺋
okhodhtu	𪺌
okvxmuwf	𪺒
okvxbcjn	𪺔
okvxycyc	𪺕
okvxbcdk	𪺖
okvxwfyz	𪺙
okvxyuyu	𪺚
okpjirtm	𪺟
okpjcsxb	𪺠
okpjbatm	𪺡
okwfbcnq	𪺮
oknqsarj	𪺲
okhebcnq	𪺳
oknqccmu	𪺴
okqrihgv	𪺾
okqrcsge	𪻀
okqruike	𪻇
okqrwfvv	𪻉
okqrtmuv	𪻌
okwhrfkv	𪻖
okwhdatu	𪻗
okwhvebu	𪻟
okwhbcgf	𪻭
okwhhowh	𪻮
okwhyywf	𪻰
okwhwhvf	𪻴
okwhbdmu	𪻼
okwhliwf	𪼂
okwhuivi	𪼅
okqrwhwh	𪼈
okhewhwh	𪼉
okwhxtdj	𪼍
okwhqlsi	𪼎
okwhrfpg	𪼔
okwhbcyu	𪼖
okwhccgf	𪼘
okwhheyu	𪼜
okwhybge	𪼞
okwhsixk	𪼢
okwhbcyi	𪼨
okwhdabd	𪼩
okwhdaer	𪼫
okwhbbbw	𪼱
okdagsgx	𪼵
okkzccwa	𪼺
okrfcswa	𪼽
okguerwa	𪼾
okyzhgyi	𪽉
oktmernq	𪽑
oktmdavs	𪽓
okcsgetm	𪽚
okuigstm	𪽛
oklidmtm	𪽞
okbderyz	𪽠
okbcdmtm	𪽣
oklwqp	𪽤
okbddzpi	𪽧
okbkgsdc	𪽯
okbkbkda	𪽲
okbkuibw	𪽴
okbkjxxb	𪽷
okbkeryu	𪽹
okbkfwia	𪽺
okuuyzmb	𪾋
okxizimb	𪾎
okvjklmb	𪾏
okuvdsmb	𪾒
okytjrmb	𪾕
okjbbimb	𪾘
okxbjqmb	𪾙
okmivzmb	𪾚
okmwhomb	𪾛
oksiwfmb	𪾜
okpjklwf	𪾝
okyullmb	𪾞
okmubchg	𪾣
okmukzkv	𪾨
okmuvxrf	𪾮
okmugker	𪾶
oklidmkj	𪿁
okmuvudm	𪿄
okuiuuln	𪿒
okuigshg	𪿓
okuigser	𪿔
okuixtyi	𪿜
okuidabc	𪿤
okuibdxn	𪿧
okuidadm	𪿬
okuirfvf	𪿰
okuifuie	𪿵
okuibcmw	𪿷
okuilnyu	𪿹
okuivuxb	𪿺
okuiifli	𪿻
okuivxgj	𪿿
okhgsiui	𫀀
okuiruui	𫀂
okppyedm	𫀍
okppuimu	𫀔
okppjqqn	𫀕
okppihxs	𫀖
okppyywf	𫀙
okpplnkl	𫀛
okriklui	𫀝
okppziyz	𫀡
okppheqn	𫀫
okhedcnq	𫀭
okihybhe	𫀳
okheritu	𫀴
okhebcgd	𫀵
okhebche	𫀺
okhebduc	𫀾
okhevstm	𫁁
okhevxxt	𫁃
okheiimb	𫁆
okhebdvf	𫁇
okhevxkl	𫁉
okxtrfhe	𫁏
okxtrfer	𫁓
okxtycnv	𫁙
okxtjndz	𫁚
oktuuidc	𫁜
okxtbmkz	𫁝
oklidcli	𫁤
okliriyu	𫁩
oklilili	𫁪
oklirfyh	𫁬
okvhjlkl	𫁯
okvubkrf	𫁴
okvuiiba	𫁽
okvurida	𫂁
okvuieyi	𫂄
okvugfer	𫂉
okvumuvg	𫂊
okvuqqmc	𫂌
okvukzzc	𫂍
okvumiwj	𫂏
okvudadm	𫂑
okvutmwu	𫂔
okvumuyz	𫂘
okvuhvui	𫂛
okvuccpu	𫂜
okvufuxi	𫂝
okvuiybw	𫂢
okvuhgmd	𫂥
okvuuizs	𫂦
okvuuuuu	𫂧
okvuerzy	𫂫
okvuytjr	𫂭
okvuwhis	𫂯
okvuuiyj	𫂰
okppmiuu	𫂱
okmidcui	𫂷
okmigsxb	𫃄
okmiwfhv	𫃅
okmikzer	𫃇
okmijqqn	𫃈
okmicclc	𫃊
okmiccuf	𫃒
okmiwwjn	𫃗
oklimivd	𫃙
oksiqpyz	𫃦
oksibadm	𫃨
oksiuidm	𫃪
oksiuicc	𫃫
oksivxtm	𫃭
oksiyuyt	𫃯
oksixtuv	𫃱
oksiisuc	𫃳
oksiuzto	𫃸
oksipmpj	𫃺
oksiccfu	𫃾
oksivxqq	𫃿
oksibcxk	𫄀
oksiwfui	𫄊
oksizuto	𫄌
oksiuito	𫄑
oksilbwf	𫄒
oksiijjm	𫄔
oksitmzi	𫄕
oksiihmb	𫄖
oksivutg	𫄘
oksirfye	𫄟
oksitmwf	𫄯
oksicvjs	𫄹
okyuhofz	𫄽
okbcbazc	𫅃
oksigsba	𫅈
oksikzhv	𫅊
oksixksi	𫅌
okyhihui	𫅕
okyulidm	𫅮
okziyhyu	𫅱
okyuvudm	𫅲
okerdagd	𫆄
okhuwfer	𫆈
okernmkl	𫆊
okerrfri	𫆑
okerxthu	𫆒
okbiuiyu	𫆔
okyttudm	𫆖
okytirgs	𫆞
okytthli	𫆟
okytirvi	𫆩
okyttmwf	𫆪
okuvifyt	𫆬
okythgwf	𫆯
okytccbo	𫆲
okytwfgs	𫆷
okytcctd	𫆹
okytccph	𫆼
okytfuyj	𫆾
okvstuxi	𫇁
okifrfhu	𫇉
okizxttm	𫇍
okldqrjq	𫇒
oklbbcjq	𫇓
okgjkzji	𫇔
okgjkzjm	𫇗
okuecche	𫇙
okvzcclj	𫇡
okvzyhnd	𫇣
okccrfve	𫇧
okccbcia	𫇬
okccrfuh	𫇳
okccbirf	𫇹
okccuvfj	𫇼
okccxntu	𫇾
okcckljk	𫈁
okccklhe	𫈂
okccbdbi	𫈇
okccuvfh	𫈊
okccbcfu	𫈌
okccjqds	𫈍
okccriyy	𫈔
okcckzee	𫈕
okccbcis	𫈖
okcchekz	𫈗
okccrfwh	𫈘
okccrfyu	𫈙
okccxbxb	𫈝
okccuvxr	𫈞
okviccbk	𫈡
okccieee	𫈣
okcchgli	𫈤
okccrfwu	𫈦
okccridm	𫈧
okcclier	𫈩
okccuiqm	𫈫
okccbcdm	𫈬
okccqldm	𫈯
okccsitu	𫈲
okccxnxn	𫈳
okccdgkd	𫈴
okcchgyz	𫈶
okccdadm	𫈸
okccdaie	𫈹
okcckxgx	𫈻
okccsiwu	𫈼
okccklii	𫈽
okccrfzz	𫈾
okccdvyz	𫈿
okccbcgo	𫉂
okccuvli	𫉃
okccliyt	𫉆
okccsiba	𫉇
okccuujb	𫉈
okccwhli	𫉋
okcckxbc	𫉌
okccgeyi	𫉏
okccsifh	𫉐
okccmfgj	𫉑
okqmjbds	𫉓
okccuvyu	𫉗
okccuvmi	𫉙
okccyjhu	𫉚
okccerww	𫉛
okccwhbi	𫉝
okccpbyu	𫉞
okccjrer	𫉠
okccytzu	𫉡
okccjuwf	𫉦
okcczoho	𫉧
okwjjqyz	𫉨
okccsiwf	𫉪
okccjrmu	𫉫
okccqrvi	𫉬
okccbklb	𫉭
okcchkyz	𫉯
okccuvxi	𫉰
okccjuis	𫉴
okccquyi	𫉵
okccyzmb	𫉶
okccxibw	𫉹
okccvvuu	𫉽
okccglbu	𫉾
okccwfui	𫉿
okccbcqp	𫊀
okccyjyj	𫊂
okccsitm	𫊄
okccyulw	𫊅
okccuivi	𫊆
okcclwgo	𫊇
okccuvvi	𫊉
okccuvji	𫊋
okgstmho	𫊌
okccrfxk	𫊏
okccuifj	𫊑
okccheuu	𫊕
okccsimb	𫊗
okccccxi	𫊘
okccjbvr	𫊙
okcczuvg	𫊛
okcctmqp	𫊜
okhuqier	𫊢
okyzbais	𫊫
oksidais	𫊲
okisgscc	𫊿
okhgkzis	𫋊
okyzisis	𫋒
okiscche	𫋓
okiswfui	𫋔
okisqmcy	𫋚
okisvxcy	𫋜
okisheyu	𫋞
okisifmb	𫋟
okisqudz	𫋠
okglhgis	𫋡
okisuivi	𫋢
okisqiis	𫋣
okisykyt	𫋥
okisjmyj	𫋩
okxkklda	𫋭
okppyzuu	𫋷
okppdakv	𫋾
okppppzz	𫌃
okppuudz	𫌋
okhebdyi	𫌍
okppqudz	𫌓
okppjyyh	𫌔
okppfuie	𫌖
okppyequ	𫌘
okfufujm	𫌡
okuguujm	𫌤
oknvjmjm	𫌥
okxmxmjm	𫌦
okyjyzer	𫌹
okyjklir	𫍁
okyjrfxb	𫍆
okyjybjq	𫍈
okyjglvv	𫍑
okyjijjm	𫍓
okyjdzge	𫍔
okyjhgba	𫍝
okyjrfye	𫍟
okyjhuqp	𫍹
okyjxbwf	𫍺
okyjsiyi	𫍽
okdzbcuu	𫎄
okyebcui	𫎇
okuivxda	𫎈
okvizobc	𫎍
okuubwuu	𫎎
okbwbchg	𫎓
okuiuibw	𫎛
okwwwfbw	𫎜
okhuifbw	𫎠
okifgubw	𫎡
okhgsibw	𫎣
okriyebw	𫎥
okbwbcmu	𫎩
okiivegs	𫎭
okzzxisi	𫎾
okzuhgqm	𫏁
okzuirdd	𫏎
okzuuvmb	𫏘
okzuuzto	𫏙
okzumwli	𫏟
okzuxtui	𫏢
okzugluo	𫏤
okzuirer	𫏦
okufjiwf	𫏭
okufbduu	𫏯
okievitu	𫏷
okieuzuz	𫏹
okfufujy	𫏼
oklidmie	𫏽
okietmge	𫏾
okiewuie	𫏿
okieuuie	𫐁
okbclzie	𫐂
okvxycyz	𫐃
oksidaie	𫐊
okieyuvf	𫐖
okieyefu	𫐗
okielw	𫐙
okxbmuyi	𫐚
okxbsixb	𫐜
okvigldk	𫐤
okvituxi	𫐫
okviccrf	𫐬
okujzzyh	𫐳
okvimmsi	𫐶
okvibcif	𫐸
okvimiuc	𫐽
okviuuer	𫑀
okvifznv	𫑂
okviglmu	𫑃
okviyuwh	𫑄
okvivibm	𫑆
okvifhts	𫑉
okgobk	𫑌
okvvtmge	𫑓
okvitskz	𫑕
okvibdgs	𫑖
okklpper	𫑗
okklpper	𫑙
okgdhger	𫑚
okvxdaer	𫑞
okjmer	𫑠
okkzyzer	𫑣
okxiccer	𫑬
oklituer	𫑮
okjtyher	𫑲
okyzrfpb	𫑻
okyzwfui	𫑾
okppbmve	𫒀
okmiyzli	𫒄
okjbrfkv	𫒑
okjbtutu	𫒕
okjbwfve	𫒜
okjbrfpi	𫒡
okdmyajb	𫒣
okjbwfzi	𫒤
okjbbchs	𫒮
okjbsier	𫒯
okjblcnq	𫒰
okjbriui	𫒱
okjbdvsi	𫒵
okjblnkl	𫒶
okjbjier	𫒸
okjbtmbc	𫒹
okdvwfjb	𫒺
okjbwfnq	𫒻
okjbhoia	𫒽
okjbhecc	𫓂
okjbbcba	𫓃
okjbqmcy	𫓄
okjbuixb	𫓅
okjbcici	𫓇
okyuwhuj	𫓈
okjbviyz	𫓊
okjbvivi	𫓋
okjbqudz	𫓐
okwfbcjb	𫓓
okjbwfmb	𫓕
okvupijb	𫓖
okjbhuxk	𫓗
okjbdabd	𫓛
okjbwfyh	𫓜
okjbwhjb	𫓝
okjblbhv	𫓞
okjbxkwf	𫓡
okjbriho	𫓣
okjbvujq	𫓤
okjbrfpi	𫓷
okjbmpwf	𫓸
okjbxbbi	𫔇
okjbmcjs	𫔎
okjbcvjs	𫔔
okmfwfuu	𫔤
okwumfkd	𫔦
okmfcscs	𫔧
okmfuida	𫔫
okmfwfuu	𫔳
okhozimu	𫔶
okmfkdji	𫔷
okuuermf	𫔸
okeryuzi	𫕃
okerqier	𫕅
okerhgcc	𫕆
okeryitu	𫕇
okervxyz	𫕊
okervxrj	𫕋
okerheer	𫕏
okervokz	𫕓
okerccjs	𫕕
okfhrfsi	𫕗
okergsjl	𫕘
okbiheli	𫕙
okyuuvvo	𫕭
okyugeer	𫕮
okyuytfg	𫕰
okyugenn	𫕳
okyhnnfw	𫕿
okgegsys	𫖉
okhvyiww	𫖐
okwwgsys	𫖔
okmunvye	𫖟
okujviye	𫖠
okuijiye	𫖡
okriuiye	𫖢
okridzye	𫖥
okuiisye	𫖨
okirveye	𫖩
okjiermo	𫖼
okjierbi	𫖽
okyujier	𫖾
okjiermw	𫖿
okjierhd	𫗀
okjiertv	𫗁
okjiertv	𫗂
okjieryu	𫗃
okjieryu	𫗄
okuibcuu	𫗑
okuixida	𫗔
okuirfmb	𫗘
okuidanv	𫗤
okuierda	𫗬
okuiwfdj	𫗴
okuzmuwj	𫗹
okmakzkz	𫘍
okmatmwf	𫘓
okmafuis	𫘔
okmarfye	𫘞
okmabcfz	𫘦
okmacvjs	𫘱
okihujve	𫙀
okbnwfbc	𫙃
okfugsge	𫙆
okvygsge	𫙇
okyuklyz	𫙑
okyurfui	𫙓
okyuyzyz	𫙞
okyuuzty	𫙡
okyuwfmu	𫙢
okyudcda	𫙪
okyudabc	𫙫
okyudadm	𫙭
okyubiie	𫙰
okyuglcs	𫙴
okyubiis	𫙵
okyumfkd	𫙸
okyucijn	𫙾
okyudcyz	𫙿
okycbayu	𫚃
okyuirvc	𫚅
okyuve	𫚚
okyuerve	𫚚
okhebcyu	𫚞
oknqkhyu	𫚟
okyuklnv	𫚢
okyumcjs	𫚪
okyuirve	𫚭
okihjinn	𫚯
okxiernn	𫚹
okujrfnn	𫚽
okriuinn	𫛂
okujyunn	𫛃
okxbhgnn	𫛅
okyuytnn	𫛆
okiyuinn	𫛍
okbcvvnn	𫛏
okuzgznn	𫛒
okqrngnn	𫛖
okbdbdnn	𫛘
okxtyunn	𫛙
okuhxnnn	𫛧
okuulinn	𫛶
okjbqpnn	𫛾
oknnsiyi	𫜅
okluuhri	𫜎
okuiuumd	𫜕
okxiyevi	𫜜
okkzkzmm	𫜝
okiiujji	𫜥
okiibcdk	𫜧
okfgdcii	𫜩
oknmjbls	𫜱
okuuvehg	𫝀
okhgppuu	𫝂
okhgbajb	𫝃
okwfsirf	𫝅
okrferpp	𫝆
okrfhgvs	𫝇
okrfhgjy	𫝉
okrfhgcy	𫝊
okrfuudz	𫝋
okuumuba	𫝌
okklqmvi	𫝍
okqmridc	𫝐
okuiliba	𫝓
oktubayr	𫝔
okihklyi	𫝕
okdcihba	𫝖
okihbdzi	𫝗
okkzieyy	𫝚
okklihgj	𫝝
oktuwfli	𫝟
oktuxiqp	𫝠
okxiuidm	𫝢
okxierbu	𫝣
okyubczi	𫝯
okbcgvri	𫝰
okmisidk	𫝱
okuijqdm	𫝲
okglrftu	𫝶
okgltjtu	𫝷
okijpprf	𫝸
okrferxb	𫝹
okuzdger	𫝼
okribakz	𫞃
okhgcsri	𫞄
okytkzui	𫞆
okytxkys	𫞇
okmurfhg	𫞈
okmuqikl	𫞉
okmuihfh	𫞊
okmurfzz	𫞋
okmudvuu	𫞌
okmuxiqp	𫞍
okmuyzjs	𫞎
okmuuijs	𫞏
okmugsvv	𫞐
okmuuvmm	𫞑
okmuihri	𫞒
okviuiia	𫞓
okddgeye	𫞔
okuvgruu	𫞘
okuvgscc	𫞙
okuvyejb	𫞜
okuvccvv	𫞞
okdmppho	𫞟
okxkbcnq	𫞢
okqrtuna	𫞤
okwhccll	𫞩
okccsjve	𫞪
oknddmmb	𫞯
okndiamb	𫞰
oktutdmb	𫞱
okbimuda	𫞲
okxinaui	𫞴
okppbcqp	𫞵
okxtvehg	𫞹
okxtcdgo	𫞺
okvujkyi	𫞽
okvutmbi	𫞾
okvurfmu	𫞿
oksikluu	𫟁
okyhrfba	𫟈
okyujqba	𫟋
okccxibi	𫟍
okccxtir	𫟎
okccppdm	𫟏
okccbcfh	𫟐
okccnmmu	𫟒
okccrfkz	𫟓
okccniqm	𫟔
okccwuif	𫟖
okxkwudn	𫟘
okxkwujb	𫟙
okxijxhg	𫟛
okccvvjm	𫟜
okyjwfyi	𫟝
okvituyi	𫟨
okvijrji	𫟩
okvibdkz	𫟪
okjbuicy	𫟱
okjbwfug	𫟾
okjbihxi	𫠀
okjbcche	𫠁
okxibinn	𫠔
okglvvnn	𫠕
oklurfrf	𫠗
okxkysyz	𫠘
okviklju	𫠚
okihgvri	𫠝
okqiveba	𫠣
okhguuge	𫠦
okhgycyc	𫠩
okhgzier	𫠵
okhgklbw	𫠾
okbkqier	𫡀
okuuhguu	𫡃
okxtuuxt	𫡆
okuuxkuu	𫡈
okxkwfuu	𫡊
okerjkji	𫡋
okdvlive	𫡞
okjqjqjq	𫡤
okyeyeye	𫡩
okjquiqm	𫡰
okhgmuhg	𫡴
okhgvvhg	𫡹
okwfuikl	𫡺
okwhxbyt	𫡾
okwfhvmi	𫡿
okwfhvis	𫢀
okwfkzjk	𫢁
okjkthvi	𫢂
okmhigfj	𫢃
okmhfufj	𫢄
okrfuuuu	𫢇
okrfgshg	𫢏
okrfrfdc	𫢕
okgehgyi	𫢚
okrfrfpu	𫢛
okrfccui	𫢠
okrfuccc	𫢡
okrfvitu	𫢢
okrfpper	𫢤
okrfvxda	𫢥
okrfccww	𫢭
okrfsicc	𫢱
okrfpper	𫢳
okrfcszz	𫢴
okrfyuyt	𫢻
okrfhgwf	𫢽
okrfwjyz	𫢿
okrfkzzc	𫣁
okrfdayj	𫣄
okrfbdyz	𫣋
okrfqlsi	𫣌
okrfxsyt	𫣍
okrfbcba	𫣎
okrflidm	𫣏
okrfgvri	𫣒
okrfirtm	𫣔
okrfbcfu	𫣕
okhefgfg	𫣘
okrfuixb	𫣜
okrfuide	𫣣
okrfxlui	𫣬
okddtmgs	𫣭
okyuceyz	𫣮
okrfuibw	𫣲
okrflbif	𫣳
okhemfkd	𫣽
okmdrfxn	𫣿
okrfujbw	𫤀
okrfuusy	𫤅
okrfkzyz	𫤆
okfurffu	𫤊
okrfyjgj	𫤌
okrfujyj	𫤖
okvekler	𫤗
okppsier	𫤘
okyzqnxs	𫤝
okglrivv	𫤥
okhgxser	𫤧
okglrihx	𫤨
oknwujxi	𫤩
okerbkbk	𫤬
okppiaba	𫤭
okbauujq	𫤮
okyuhgba	𫤰
okbakzhv	𫤲
okbarfmo	𫤳
okpjziba	𫤵
okybmbba	𫤶
okbchgjm	𫤸
okbcsiyi	𫤻
okbcvhgs	𫤽
okbkbk	𫥇
okmmdmdm	𫥎
okbkuuda	𫥒
okbkuiqm	𫥗
okbkqmcy	𫥙
okjihgjb	𫥞
okjihgnv	𫥟
okppjiii	𫥠
okbdbiji	𫥡
okbdtuji	𫥢
okjmppji	𫥣
okwfxsjb	𫥥
okveyzxs	𫥦
okiusicc	𫥧
oksidaiu	𫥨
okwfxswu	𫥩
okncuuba	𫥪
oknctsba	𫥮
okiihxww	𫥯
okuudadc	𫥹
okxnbwdc	𫦁
okiedmdc	𫦂
okffuvgd	𫦇
okhgdadc	𫦍
okxtdmdc	𫦐
okccfzdc	𫦕
okyefudc	𫦖
okdododc	𫦗
okdcxidc	𫦘
okccfudc	𫦚
okvjlvdc	𫦛
oklbhvdc	𫦜
okvutmdc	𫦝
okcsjqdc	𫦟
okccqidc	𫦠
okjkrfdc	𫦡
okbimmdc	𫦣
oklitmui	𫦫
okriytli	𫦱
okkzmuli	𫦲
okhecili	𫦷
okjxjxjx	𫦹
oksijxli	𫦺
okdsdsds	𫦿
okbcmwsi	𫧅
okbcggsi	𫧆
okdcbibi	𫧉
okycxibi	𫧊
okklveda	𫧌
okdmklvl	𫧔
okklhekz	𫧗
okklsiyc	𫧘
okklnnyu	𫧙
okklhdfu	𫧚
okklerda	𫧛
okklvhgs	𫧝
okycycui	𫧠
okqmqmqm	𫧢
okhvbfyy	𫧨
oksojikz	𫧫
okvjmiij	𫧷
okhgvier	𫧽
okvxsiji	𫨀
okwhiser	𫨁
okihhoyz	𫨈
okihrijb	𫨉
okihtmjb	𫨍
okihtdho	𫨐
okihguyz	𫨒
okihlvba	𫨓
okihqmer	𫨔
okihycdc	𫨖
okihmari	𫨗
okihkzcc	𫨘
okihyzru	𫨙
okihaijb	𫨝
okihvivi	𫨞
okihziri	𫨟
okihhuvv	𫨡
okihytsj	𫨢
okihwfuu	𫨣
okihlbjb	𫨤
oksinvhg	𫨧
oktdbibi	𫨩
oksinvsi	𫨪
okyeyequ	𫨱
okkleruu	𫨻
okklgeyz	𫨼
okihgvyz	𫨾
okhujbyz	𫩁
okwfriyz	𫩂
okjqbiyz	𫩃
okiejqyz	𫩄
okvvziyz	𫩇
okuixbyz	𫩈
okybiryz	𫩊
okccbiba	𫩋
okyiyiyz	𫩌
okhgppkz	𫩑
okkzppji	𫩓
oktdvehg	𫩞
okkzklve	𫩦
okfgdckz	𫩬
okkzrfdz	𫩰
okkzndmu	𫩴
okkzwfxs	𫩷
oklilikz	𫩻
okkzdaru	𫩿
okkzyzqn	𫪆
okkzujwh	𫪇
okkzuvwu	𫪏
okkzzibw	𫪑
okkzdakv	𫪖
okfgfgkz	𫪙
okkzccjb	𫪜
okkzjxkz	𫪞
okkziakz	𫪟
okkzbcui	𫪠
okkzklcc	𫪡
okkzrfan	𫪢
okwfhvkz	𫪮
okkzyuyt	𫪯
okkzzoyt	𫪳
okkzuzmi	𫪷
okkzujis	𫪻
okkzqldm	𫪾
okkzuvbj	𫪿
okkzlikz	𫫀
okkzmavs	𫫆
okkzfzqm	𫫉
okkzxtmu	𫫍
okhoiakz	𫫎
okkzuzgx	𫫔
okkzmuvi	𫫕
okkzbujm	𫫗
okkzuiqm	𫫙
okkzcchj	𫫚
okkzccyz	𫫛
okkzvubd	𫫝
okkzqiwf	𫫤
okuiifkz	𫫪
okkzbdwf	𫫫
okkzmfkd	𫫭
okkzxiis	𫫱
okkzxtxn	𫫳
okkzuzlq	𫫶
okkzsiyj	𫫼
okuuguug	𫫽
okyudakz	𫬁
okkzlqyi	𫬄
okglhgkz	𫬅
okkzmayc	𫬇
okkzuzic	𫬈
okkzccdc	𫬉
okkzkzuu	𫬋
okkzbcbi	𫬌
okvecckz	𫬔
okkzisxx	𫬗
okkzsing	𫬘
okyrlqyi	𫬙
okkzrfuz	𫬦
okkzykfz	𫬨
okhujbkz	𫬫
okkerfui	𫬯
okkzbcxl	𫬰
okkzhukz	𫬲
okheaihe	𫬳
oklbbckz	𫬴
okkzuzve	𫬶
oklvyzlv	𫬽
okkzjbig	𫬾
oksiklbi	𫭄
okkluzsi	𫭅
okklvivi	𫭋
okklbajs	𫭒
okklvivz	𫭓
okiaiatu	𫭣
okuuhgli	𫭬
oktuerhg	𫭱
oktuuidm	𫭺
okzobibi	𫭿
oktuuics	𫮇
oktulikz	𫮍
oktuwfxn	𫮎
okturiig	𫮕
oktuvvdc	𫮘
okturfpg	𫮙
okluwjtu	𫮛
okldqrtu	𫮜
oktuccfu	𫮝
okccvjtu	𫮤
okrjjqtu	𫮩
oktujrsi	𫮫
oktutuhv	𫮰
okyiyitu	𫮳
oktuuiir	𫮵
oktutuhv	𫮶
oktuccln	𫮹
okbcgutu	𫮺
oktuccjq	𫮾
oktuujgj	𫮿
okuibckz	𫯁
okuibczi	𫯂
okuibczz	𫯃
okfhuiui	𫯄
oktsbaug	𫯆
okugzzxk	𫯇
okhuhvbf	𫯉
okwfyewf	𫯌
okqidoxi	𫯘
okdaqmuu	𫯟
okdaiyfu	𫯪
okdaqnbc	𫯯
okuumida	𫯱
okdasikl	𫯴
oknidayt	𫯷
oktmxtxb	𫯸
okddlbda	𫯹
okererda	𫯺
okdasisi	𫯼
okfumfkd	𫯿
okieycda	𫰀
okuuyznv	𫰐
oknvjqui	𫰓
okhgklnv	𫰗
oknvyzkz	𫰚
oknvvegs	𫰛
oknvdada	𫰜
okwfyznv	𫰥
oknvklmu	𫰩
oknvccui	𫰮
okrfkznv	𫰱
oktdvenv	𫰶
oknvcszz	𫰽
oknvmiuu	𫰿
oknvbcfz	𫱀
okifjinv	𫱃
oknvyzyt	𫱄
oknvbibw	𫱇
oknvccba	𫱈
oknvqldm	𫱎
oklbbcnv	𫱒
oknvvxsi	𫱘
oknvmwkz	𫱙
oknvmfnv	𫱠
oknvmfxi	𫱢
okbduunv	𫱥
oknvdcqn	𫱦
oknvdvuc	𫱧
oknvbdbd	𫱯
oknvyebi	𫱱
okyzxsnv	𫱲
okmujqnv	𫱴
okmcxnnv	𫱶
okiikenv	𫱿
okyttunv	𫲀
oknvuigo	𫲁
oknvjrbw	𫲂
oknvwfui	𫲃
oknvxtsi	𫲄
oknvujwf	𫲈
okhuyunv	𫲌
oknvvzrz	𫲑
oknvwfuu	𫲒
okwhsinv	𫲓
okujxbnv	𫲕
okujxbnv	𫲖
oknvyukz	𫲚
okuimulz	𫲜
oknvjkqp	𫲞
oknvlscc	𫲟
oknvihgj	𫲠
okycdczi	𫲣
okvvyzzi	𫲫
okzibcfu	𫲮
okwfjqzi	𫲯
okdvxbzi	𫲲
okzicclj	𫲴
okbciakz	𫲾
okbcdauj	𫳁
okbchgyz	𫳂
okbcbcsi	𫳄
okbcgsgs	𫳆
okbckzhg	𫳇
okbctuyb	𫳈
okbcgeda	𫳉
okbcvitu	𫳊
okbcxkmu	𫳍
okbcuvqm	𫳎
okbcccji	𫳏
okbcwfhv	𫳖
okbcirtm	𫳗
okbcnvyu	𫳙
okbcerkz	𫳛
okbcuiwu	𫳠
okbcmikz	𫳢
okbchgmu	𫳤
okbckzvg	𫳥
okbcyter	𫳦
okbcerer	𫳨
okbcrfgc	𫳩
okbcuigu	𫳫
okbclidm	𫳭
okbcnvyz	𫳮
okbccdwf	𫳴
okbcbiuu	𫳷
okbcuexs	𫳸
okbcpjyz	𫳼
okbcwhwh	𫳽
okbcfgho	𫳿
okbciemc	𫴀
okbcyzyr	𫴁
okbcwhfu	𫴂
okbctuwf	𫴄
okbcwhfu	𫴅
okbcyuuu	𫴈
okbcvxye	𫴉
okbcrfho	𫴊
okbcdmxx	𫴋
okbcigjm	𫴏
okbcccgv	𫴒
okhdhokz	𫴓
okbcjqxb	𫴔
okbcbibm	𫴕
okbcuitu	𫴖
okbclbho	𫴘
okhdjufu	𫴙
okbcpjis	𫴛
okbcdzuj	𫴜
okbcbwnk	𫴝
okbcernd	𫴟
okbcuiuj	𫴠
okbcbwhg	𫴡
okbcbwyz	𫴢
okbcmbyz	𫴣
okbcyuhv	𫴤
okbcyjsi	𫴥
okbcbwfu	𫴦
okbcyztu	𫴧
okbcjmxi	𫴨
okbcfubw	𫴩
okbcyjyj	𫴪
okbcfubw	𫴫
okwfcyge	𫴬
okcctucy	𫴰
okglcysi	𫴶
okxnxbiu	𫵀
okthkzuh	𫵂
okbaervo	𫵑
okbaergv	𫵒
okuiervi	𫵙
okuiqmqm	𫵚
okuijqyz	𫵜
okuisixb	𫵝
okuiuvnq	𫵠
okuiirtm	𫵤
okuirfgj	𫵩
okuiytyu	𫵬
okccccer	𫵮
okccyzxb	𫵯
okcckzgl	𫵰
okujvegs	𫵸
okujjiri	𫵽
okujrixb	𫶃
okuubcuj	𫶋
okujwhbw	𫶑
okujuily	𫶗
okujjili	𫶚
okujjpdc	𫶚
okujrfwf	𫶛
okujihgj	𫶝
okviyeuj	𫶞
okujihpu	𫶟
okujqkqk	𫶠
okujuizi	𫶤
okujcclj	𫶥
okppuuve	𫶧
okirrfsi	𫶩
okiryjjk	𫶪
okuguugs	𫶲
okhvyrww	𫶺
okcchgjb	𫷄
okgjjqyz	𫷕
okbkyzqn	𫷘
okpkqier	𫷙
okgjyeba	𫷛
okquycyc	𫷠
okychger	𫷡
okhgziyc	𫷢
okycgenv	𫷣
okglgjwf	𫷫
okggdmdm	𫷯
okglucho	𫷲
okglkzkc	𫷶
okglhuhu	𫷽
okglvvwj	𫷿
okglxtjb	𫸀
okglsiyi	𫸁
okglvzgc	𫸂
okglccgv	𫸄
okglheho	𫸅
okglwfyh	𫸇
okglzzlb	𫸈
okviccrf	𫸓
okviwhye	𫸔
okxibicc	𫸘
okiedmcc	𫸜
okbciecc	𫸞
okgsjqcc	𫸟
okglhgcc	𫸠
okwwmicc	𫸡
okhoyicc	𫸢
okzixtcc	𫸣
oksiklgs	𫸭
okgskzda	𫸯
okgsvxdc	𫸰
okgsvayz	𫸵
okgsripu	𫸸
okgsyitu	𫸹
okgsgssi	𫸺
okwugsbk	𫸼
okgsziyz	𫹀
okgsziyu	𫹂
okgsyter	𫹃
okvebcba	𫹆
okhujbxi	𫹇
okhuyccc	𫹈
okbdbcuj	𫹊
okrfuuuu	𫹋
okrfvikz	𫹔
okrfklyh	𫹖
okrffhzi	𫹛
okrfqlsi	𫹝
okrfiger	𫹟
okrfqiwf	𫹢
okrfyebi	𫹤
okrfwuyu	𫹥
okrfjiye	𫹧
okrfjnye	𫹨
okrfccvv	𫹩
okwuvexb	𫹲
oksixbhg	𫹸
oksivexb	𫹹
okxbrfyi	𫹽
okxbyzzi	𫺀
okxbkzyu	𫺃
okriqixb	𫺄
okbadzxb	𫺅
okbkjbxb	𫺇
okrinvxb	𫺍
okxbbdba	𫺏
okrfyuxb	𫺑
okuzysxb	𫺖
okyawfxb	𫺗
okxbuuba	𫺙
okvzyzxb	𫺚
okhohoxb	𫺞
okxbhujb	𫺟
okxbrfkz	𫺧
okbkysxb	𫺩
okifwfxb	𫺮
okxiuuln	𫺱
okytdoxb	𫺲
okxbvxjq	𫺼
okxbmfer	𫻁
okxbzotu	𫻃
okqrqqxb	𫻆
okjbuixb	𫻇
okyjlbxb	𫻓
oksingxb	𫻕
okxbwfbn	𫻘
okvhwfxb	𫻙
okuiqmxb	𫻚
okxbqkqk	𫻛
okyukzxb	𫻝
okxbytlh	𫻠
okxbyikz	𫻡
okyicixb	𫻢
okuigefu	𫻭
okrfgerf	𫻰
okgedavs	𫻳
okvigeyt	𫻴
okgepjkz	𫻶
okgeirtm	𫻾
okmupuge	𫼀
okcicige	𫼄
okyefuge	𫼆
okxtcyge	𫼈
okhuxbxu	𫼎
okhuziyz	𫼑
okhuuvqu	𫼒
okuzppji	𫼕
okuzrfyi	𫼟
okuzycdc	𫼡
okuzihvi	𫼢
okuzbayz	𫼦
okuzqmjb	𫼩
okuzwfxs	𫼭
okuzxnbw	𫼶
okuzrfjx	𫼸
okuzdzvi	𫼼
okuzgeho	𫽃
okuzjpdm	𫽅
okuzklhe	𫽆
okuzvizz	𫽉
okuzjqyz	𫽍
okuzvatu	𫽏
okuuuzri	𫽑
okuzhuuz	𫽓
okuzuuli	𫽘
okuufger	𫽛
okuzvxtm	𫽠
okuzirxb	𫽨
okuzdaui	𫽩
okuzhgtu	𫽪
okugdcuz	𫽬
okuzjicd	𫽱
okuzxtbc	𫽵
oklbdauz	𫽷
okuzuiqm	𫽸
okuzuuuu	𫽻
okuzucxn	𫽽
okuzziui	𫽿
okuzjnbj	𫾅
okuzbcvo	𫾇
okuzyujy	𫾉
oktuuzmi	𫾌
okuzlutu	𫾓
okuzxyli	𫾙
okuzycuz	𫾜
okuzbcgx	𫾞
okuzvuxk	𫾟
okuzyjho	𫾠
okuzccho	𫾢
okbammwf	𫾮
okglgjwf	𫾯
okgsuvwf	𫾰
okuvqmwf	𫾷
okklnvwf	𫾺
okppqnwf	𫾾
okuubwwf	𫿂
okhekzwf	𫿄
okdcbipu	𫿅
okpmpjwf	𫿆
okklhuwf	𫿈
okklsiwf	𫿉
okmumupu	𫿊
okrfhuwf	𫿋
okwukzpu	𫿎
oksiyiwf	𫿏
okhuwjwf	𫿑
oktuytwf	𫿔
okfhccer	𫿕
okjquiwf	𫿘
okycyzwf	𫿙
okugsiwf	𫿛
okgcbwwf	𫿜
okmihvwf	𫿝
okpdycwf	𫿟
okwfyhwf	𫿠
okluhowf	𫿡
okirvewf	𫿢
oklbhvwf	𫿣
oktdhogj	𫿥
okhujbwf	𫿦
okwfqrwf	𫿧
okfhbcdm	𫿨
okcebwwf	𫿪
okhuhowf	𫿫
okhuriwf	𫿬
okwfklcc	𫿯
okbalvdz	𫿵
okyuytdz	𫿷
okccjbjb	𫿹
oktdhgjb	𫿺
okmukljb	𫿻
okdcmujb	𫿼
okfhrfjq	𬀀
okfufhrf	𬀁
okfhrfbi	𬀂
okfhrfge	𬀃
okfhrfvx	𬀄
okfhrfuv	𬀅
okfhrfgr	𬀆
okfhrfgu	𬀇
okfhrfui	𬀈
okfhfhfh	𬀉
okwfbcfh	𬀊
okfhrfzi	𬀋
okfhrfke	𬀌
okfhrfyj	𬀍
okfhrfho	𬀏
okfhhuwf	𬀐
okfhrfyh	𬀑
okfhrfhs	𬀒
okfhyiho	𬀓
okfhrfue	𬀔
okfhsiyb	𬀕
okfhrfyc	𬀖
okfhrfhu	𬀘
okfhhohy	𬀙
okfhrfdj	𬀚
okfhvzyj	𬀜
okfhrftc	𬀝
okfhrfis	𬀞
okfhdjrf	𬀟
okfhhyvz	𬀠
okfhrfda	𬀡
okfhmiyc	𬀢
okfhrfba	𬀣
okfhyuyu	𬀤
okriihho	𬀯
okriwfwu	𬀸
okriccer	𬀽
oknijbri	𬁉
okhyqmwh	𬁌
okriqlsi	𬁍
okuudvyi	𬁏
okriytyu	𬁐
okrifgri	𬁓
okyeyhih	𬁝
okzifgri	𬁣
okcidcri	𬁦
okriyeba	𬁧
okfhjbri	𬁩
okzixbri	𬁪
okhujbri	𬁯
okrfgxyt	𬁾
okliytge	𬂄
okihveyt	𬂈
okytjrbw	𬂉
okycriyt	𬂋
okytuuuu	𬂍
okytbdui	𬂎
okytciis	𬂐
okytthui	𬂓
okytuuui	𬂔
okxldcyt	𬂖
okytbdbd	𬂗
okccxbyt	𬂘
oklidmwh	𬂙
okuououo	𬂚
okmubcpp	𬂟
okmuppfj	𬂢
okmuccee	𬂦
okmujqer	𬂪
okmupptm	𬂯
okmutuji	𬂴
okmuccia	𬂵
okmujbmm	𬂷
okmuuzvi	𬂹
okmumfkd	𬂻
okmudcmu	𬂾
okmueryz	𬃁
okmukzda	𬃃
okuurfmu	𬃄
okmuiamb	𬃇
okmuycwf	𬃈
okmubctd	𬃋
okmullli	𬃌
okmuwfsi	𬃎
okyhyhir	𬃑
okmudcmu	𬃒
okmupikz	𬃓
oklbbcfj	𬃕
okuiuimu	𬃖
okmufzdc	𬃙
okmubibw	𬃜
okmumujb	𬃞
okmuvzcy	𬃢
okmuvxrj	𬃣
okmujqqn	𬃤
okvawfmu	𬃥
okmupmjm	𬃦
okmubkmu	𬃩
okmulikz	𬃪
okmuwfri	𬃬
okmubcuu	𬃭
okmugvxb	𬃰
okmuccmc	𬃵
okmuccsi	𬃶
okmuuujs	𬃺
okmubwkz	𬃽
okmuccig	𬃾
okxilbda	𬄀
okmubker	𬄂
okmuuvgs	𬄅
okmujrmu	𬄆
okmuyzho	𬄇
okmuieui	𬄉
okmuvetu	𬄊
okmuccjn	𬄌
okmuxivv	𬄐
okmurfgv	𬄒
okmulqyi	𬄓
okmubcxb	𬄔
okmubcba	𬄖
okmuqiri	𬄛
oklbwfhv	𬄜
okmuccpg	𬄡
okmuvivi	𬄢
okmukzmm	𬄥
okmuzovi	𬄭
okkuxbdj	𬄮
okmuqiui	𬄯
okmuccmb	𬄱
okmupgmb	𬄳
okmudaiu	𬄴
oklbuiui	𬄷
okmuuuuu	𬄸
okmuihmd	𬄹
okmuccer	𬄻
okmuzulq	𬄼
okmudcmd	𬄽
okyjbcmu	𬄾
okmuyhqu	𬄿
okmujiye	𬅁
oklbbiyz	𬅃
okwwiglb	𬅄
okmuccww	𬅅
okmuyequ	𬅆
okmuvsbw	𬅇
okmudmer	𬅈
okmucclj	𬅉
okxlklmu	𬅌
okfzdauz	𬅍
okmuzgwa	𬅎
oknvbccy	𬅏
okmuqumb	𬅒
okfzbcji	𬅔
okxisicy	𬅕
okycsiji	𬅖
okgomumw	𬅗
oknvsicy	𬅘
okycsilh	𬅙
okyjsicy	𬅜
okjqkzqm	𬅠
okcckzqm	𬅨
okyhkzqm	𬅬
okuiuiqm	𬅭
okriyaqm	𬅮
okriuuqm	𬅯
okkzdzqm	𬅰
oktummqm	𬅲
okycuiqm	𬅴
oklidvqm	𬅵
okhgjbvi	𬅹
okhgrivi	𬅺
okbklnvi	𬅽
okvivihg	𬆀
okvituxs	𬆁
okviviyc	𬆇
okuuvita	𬆊
okviwuwu	𬆋
okuguuqi	𬆍
okvizuvi	𬆏
okklvivi	𬆐
okddndmu	𬆔
okddsicc	𬆕
okddirxb	𬆛
okpperuu	𬆣
okiekzuu	𬆦
oklippuu	𬆫
okuiuiuu	𬆭
okuinnuu	𬆮
okuidouu	𬆯
okiaveuu	𬆰
okmcdzuu	𬆱
okwfuiuu	𬆲
okfghwuu	𬆴
okldkzyb	𬆵
okmuwfui	𬆸
okbkhgbi	𬆹
okdcbibi	𬆺
okwfuubi	𬆻
okmcklia	𬇈
okuikzkz	𬇎
okuvhudm	𬇛
okuvdadm	𬇜
okuvhguu	𬇝
okuvbk	𬇟
okuvkzir	𬇡
okuvqmjb	𬇣
okuvuvkz	𬇱
okuvrfmu	𬇲
okuvuijb	𬇳
okuvvgyu	𬇵
okuvjibd	𬇺
okbdziuv	𬇻
okuvqmbu	𬇿
okuvwfyt	𬈀
okuvyzfg	𬈃
okgsvfuv	𬈄
okuvuuli	𬈆
okuvbkmu	𬈇
okuvjkvg	𬈈
okuvjike	𬈊
okheji	𬈊
okuvriju	𬈌
okuvjqqn	𬈍
okuvbcmu	𬈐
okuvbcba	𬈑
okuvbcbi	𬈒
okuvuvtm	𬈔
okuvycer	𬈖
okuvuzto	𬈗
okuvgsuv	𬈘
okuviyui	𬈙
okuvrfir	𬈝
okuvlqyi	𬈟
okuvdmfu	𬈠
okbcjkuv	𬈡
okuvccfu	𬈩
okuvsizc	𬈪
okuvvxxb	𬈬
okuvfhtu	𬈮
okuvbcgc	𬈯
okuvycjb	𬈹
okuvrfhe	𬈼
okuvlidv	𬉃
okuvbcsi	𬉄
oklidvuv	𬉅
okuvyujx	𬉇
okuvyuui	𬉈
okuvujvv	𬉍
okuvwhnv	𬉑
okuvuibw	𬉓
okdcbiqr	𬉖
okuvkljm	𬉛
okuvuvmj	𬉞
okuvcclj	𬉠
okuvuiyu	𬉣
okuvvoyu	𬉥
okuvvoyu	𬉦
okuvmhyc	𬉩
okniwfcy	𬉪
okuvwfnv	𬉫
okuvxtuu	𬉬
okmwxiqr	𬉯
okdcyzqr	𬉱
okhoujyi	𬉽
okhojijb	𬊄
okhondxn	𬊅
okhondxb	𬊆
okhohoia	𬊇
okriucho	𬊏
okvxwwho	𬊓
okririho	𬊘
okrfmiho	𬊞
okdcbcho	𬊟
okhowfhv	𬊥
okkzliho	𬊫
okhotmbw	𬊴
okhodvuu	𬊷
okhobdli	𬊸
okiuuiho	𬊹
okbdbdho	𬊻
okhoyigs	𬊼
okerjuho	𬋀
okhoddmu	𬋁
okhoyccc	𬋄
okhojmge	𬋆
okererho	𬋇
okhoyebi	𬋉
okhoyhui	𬋌
okccbcho	𬋎
okbwbwho	𬋑
okrfdsho	𬋒
okxijqyj	𬋓
okholbif	𬋔
okyzvvho	𬋕
okccviho	𬋖
okxiholn	𬋘
okhowfvv	𬋜
okhujbho	𬋝
okhoriyi	𬋟
okyjyjho	𬋠
okyclbho	𬋡
okhegvho	𬋢
okyukzho	𬋣
okvxdcyz	𬋥
okvxbckz	𬋩
okvxbcyz	𬋪
okvxklyz	𬋯
okvxyzhu	𬋴
okvxhudz	𬋵
okvxyzce	𬋶
okvxsitc	𬋷
okvxyzhj	𬋸
okvxyzju	𬋹
okglhoyc	𬋽
okyejbba	𬋾
okpjritu	𬌂
okpjklyh	𬌄
okpjtutm	𬌅
okpjviri	𬌆
okpjrfyu	𬌇
okpjvxfu	𬌈
okpjvxyz	𬌉
okpjirkz	𬌊
okpjpmqi	𬌋
okpjtuyt	𬌍
okpjkzrf	𬌎
okpjhgcc	𬌑
okyaujwo	𬌘
okuuyznq	𬌛
okwfbcnq	𬌟
oknqjnho	𬌨
okkdtuqr	𬌳
okqrdcnj	𬌼
okfubiqr	𬌾
okqryigs	𬍀
okqrzibf	𬍂
okbkqrqr	𬍈
okgzycwf	𬍉
okjqyjqr	𬍊
okwhgepp	𬍗
okwhsipi	𬍩
okwhujvf	𬍮
okwhrfrf	𬍲
okwhdcbi	𬍹
okwhievi	𬍻
okyuyuyu	𬍼
okwhqmkl	𬍿
okwhwfyi	𬎊
okwhzzxk	𬎍
okwhbcyu	𬎒
okwwwfyu	𬎕
okwhujvh	𬎗
okwhdcmd	𬎘
okwhhexn	𬎙
okwhsiyi	𬎜
okwhvxyz	𬎝
okwhcclj	𬎟
okndmuwa	𬎨
oksiccug	𬎷
okijdcuu	𬎻
okpptmui	𬏅
okfgyztm	𬏆
oktmgsyi	𬏋
okufufuf	𬏍
okvxsitm	𬏏
oktmlidm	𬏑
oktmgsns	𬏖
oktmgscc	𬏘
okhohopi	𬏙
okbkuuln	𬏝
okbkvxda	𬏰
okbkyuer	𬏵
okbkjqjb	𬏹
okbksiui	𬏺
okbkdcwu	𬏻
okdgkdui	𬐂
okvxjubd	𬐏
okbdyruj	𬐐
okrfvemb	𬐗
okrfkzmb	𬐚
okuvjimb	𬐛
okgeermb	𬐜
okgsgsmb	𬐝
okuvhemb	𬐦
okmbyeba	𬐧
okjbsimb	𬐪
okvzzimb	𬐫
okqmjqmb	𬐬
okuvjrmb	𬐮
okuvvzmb	𬐯
okifkzmb	𬐱
okuvxmmb	𬐴
okytmimb	𬐵
okyzvzmb	𬐶
okjbfzmb	𬐹
okrzmimb	𬐺
okuvlumb	𬐻
okuvmbjp	𬐼
okluwfmb	𬐽
okufuvmb	𬐾
okriyemb	𬐿
okhugemb	𬑁
okmixsmb	𬑂
okjblnmb	𬑃
okjbgvmb	𬑄
okmurfkv	𬑌
okmuvegs	𬑏
oksippna	𬑔
okmuyzzu	𬑝
okmumugv	𬑪
okmumodj	𬑫
okuiklsi	𬒅
okxkbcui	𬒈
okuiihmc	𬒉
okuiujba	𬒏
okuihgmb	𬒖
okuiuijb	𬒛
okuilnjm	𬒜
okddlbui	𬒟
okuiisis	𬒣
okuisiyi	𬒥
okpojqgs	𬒧
okuiviwj	𬒪
okpphgjb	𬒭
okppppyz	𬒲
okpprijb	𬓁
okppxinq	𬓄
okppxtuv	𬓈
okuuyzui	𬓊
okpphvbf	𬓒
okppcsxb	𬓔
okpplqyi	𬓕
okppqiui	𬓖
okhehgfg	𬓥
okhelive	𬓨
okheirxi	𬓩
okhehgtu	𬓭
okhecili	𬓯
okhevxys	𬓴
okhehegj	𬓶
okhehetm	𬓷
okluwjhe	𬓺
okheigmu	𬓻
okhebduj	𬓽
okhejkhe	𬔂
okhecchv	𬔄
okxtyzvi	𬔊
okxtyzcc	𬔍
okxthuhu	𬔑
okxthogc	𬔓
okkslidm	𬔔
okveerli	𬔙
oklidcba	𬔚
okliccsi	𬔝
oktdveli	𬔟
oktdlihg	𬔠
okliuvvi	𬔦
okliyjba	𬔨
oklilirf	𬔩
oklifubw	𬔪
okvuziji	𬔸
okvutuda	𬔺
okvurfwf	𬔻
okvurfwf	𬔼
okvuuvyu	𬔿
okvubcmu	𬕇
okvurfzz	𬕈
okvuceyz	𬕉
okvuriyy	𬕐
okvupmjb	𬕕
okvufhjb	𬕗
okvupmpj	𬕝
okvuuivi	𬕟
okvumuve	𬕢
okvumuza	𬕣
okvuyiqu	𬕦
okvumuvo	𬕩
okvukzwu	𬕪
okvuxixu	𬕭
okvumujb	𬕮
okvuxmmk	𬕰
okvugejq	𬕵
okvudmxx	𬕹
okvudmge	𬕺
okvuersi	𬕻
okvuvimh	𬕼
okvudmmu	𬕾
okvumiye	𬕿
okvulwuv	𬖁
okvuxmri	𬖂
okvudmyu	𬖅
okvudmns	𬖆
okvusivv	𬖈
okvudmwh	𬖉
okvuwfyr	𬖊
okmiyzuu	𬖘
okmivelk	𬖜
okmikzuu	𬖧
okmibaba	𬖬
okjbmiyz	𬖳
okritumi	𬖻
okcubkln	𬖼
okmipiye	𬖾
oksindyz	𬗅
okviyisi	𬗋
okkzsijq	𬗎
okwfbcsi	𬗐
oksiqmjb	𬗓
oksiuudv	𬗔
oksiugtu	𬗛
oksiqmgs	𬗜
oksisicc	𬗢
oksiwuwu	𬗣
oksixbdj	𬗥
okhujbsi	𬗧
oksibibw	𬗨
okklsisi	𬗶
oksiyumi	𬗷
oksijusi	𬗸
oksiuvgs	𬘀
oksiyasi	𬘃
oksiiesi	𬘄
oksiufyt	𬘆
oksidcmm	𬘇
oksiihmo	𬘉
oksising	𬘊
oksikzsi	𬘍
oksiyetm	𬘑
oksierda	𬘰
oksinimu	𬘸
oksiiuui	𬘼
oksiuixb	𬘽
oksifuxb	𬙃
okfzhunq	𬙓
oksiuuhg	𬙕
okbcbayu	𬙗
oksidadm	𬙛
oksibiqr	𬙠
oksihuge	𬙣
oksijuyz	𬙦
oksixkyz	𬙨
oksilqlq	𬙩
oksisiyr	𬙫
okyhbchg	𬙯
okyhgjgj	𬙲
okwfbcyh	𬙸
oktujyyh	𬙹
okmwgscc	𬙺
okervxyz	𬚏
okerrfkv	𬚔
okerqmfu	𬚛
okerpper	𬚠
okyjuiwf	𬚩
okxmyuuj	𬚬
okxijbyu	𬚮
okuiuuyt	𬚳
okytrfkv	𬚵
okytjitm	𬚷
okytndmu	𬚹
okythgjb	𬛂
okytviri	𬛄
okbwwfxs	𬛏
okuiifyt	𬛔
okytbcba	𬛜
okytccts	𬛞
okyuuito	𬛠
okififzi	𬛧
okdcbiif	𬛨
okklzizg	𬛪
okififzg	𬛫
okzidauu	𬛬
okhgzizi	𬛭
okziuupp	𬛮
okziuuuu	𬛰
okviiyui	𬛵
okvivild	𬛶
okvildld	𬛷
okuijqkz	𬛺
okdmbcig	𬛻
okycbcjx	𬛽
okmupjpm	𬛿
okuuxtxi	𬜀
okvcyzkl	𬜁
oklbjqjq	𬜂
oktsuvye	𬜃
oklbbcxs	𬜄
okvzrfyu	𬜓
okirppji	𬜕
okvzccvj	𬜗
okvzvivi	𬜙
okvzvupi	𬜛
okccuuyz	𬜤
okccrfri	𬜩
okccjqxb	𬜫
okccxtxt	𬜮
okcckzwf	𬜰
okccuidc	𬜱
okccrfyu	𬜳
okccbcwj	𬜶
okcchger	𬜻
okccbkwj	𬜼
okccuicc	𬜽
okccwuwu	𬝀
okccbcer	𬝂
okccfhjb	𬝅
okccnvpk	𬝈
okccsigx	𬝊
okccwher	𬝍
okccriwu	𬝏
okccrfih	𬝑
okccrflb	𬝓
okcchefj	𬝔
okccppcc	𬝕
okccxbyi	𬝗
okccbcbi	𬝙
okccciqm	𬝜
okccerff	𬝝
okccmuer	𬝞
okccxitm	𬝢
okccbcfu	𬝥
okcchebk	𬝦
okccrfcc	𬝧
okcccsui	𬝨
okccbchc	𬝫
okccbcju	𬝬
okccyecc	𬝭
okccrfer	𬝰
okccnvli	𬝲
okccwuri	𬝶
okccyukv	𬝷
okccvgci	𬝸
okccuiqm	𬝺
okccuiyi	𬝻
okccgejb	𬝼
okccbwvi	𬝿
okccxitm	𬞂
okccxifw	𬞃
okccvvtu	𬞄
okccglcs	𬞈
okccuvpg	𬞉
okccsiww	𬞍
okccucmm	𬞎
okcctmhg	𬞏
okcczuke	𬞐
okccvvyz	𬞓
okccyikx	𬞔
okccergv	𬞘
okccsivi	𬞙
okccuiyj	𬞛
okccmulu	𬞝
okcczulq	𬞞
okccytjb	𬞡
okcckeqm	𬞢
okcchecj	𬞣
okccffcc	𬞦
okcchojq	𬞨
okccuzyr	𬞪
okccnvrs	𬞬
okccriwf	𬞯
okccjqlz	𬞰
okccsimu	𬞱
okccxukv	𬞲
okccytxn	𬞳
okccrfhv	𬞶
okccwfmi	𬞹
oklzccjq	𬞺
okccerih	𬞾
okbkhgmo	𬞿
okccgenn	𬟁
okccyeui	𬟃
okccxnye	𬟄
okcczuve	𬟅
okcclwwf	𬟇
okccvier	𬟈
okccuvhv	𬟉
okccmaxb	𬟊
okccerzy	𬟌
okccsiyu	𬟍
okccnsyh	𬟎
okcczuye	𬟐
okccbdnn	𬟑
okccxqye	𬟒
okccdsho	𬟓
okccsivf	𬟕
okccjqlz	𬟗
okccytjr	𬟙
okccziho	𬟚
okbclzjq	𬟛
okccrixy	𬟝
okccxlhe	𬟞
okccrzgu	𬟟
okccbdwf	𬟡
okccmfww	𬟢
okccuvld	𬟣
okccuwho	𬟤
okccbnmj	𬟦
okklklhu	𬟬
okhuxnxn	𬟮
okycbfhu	𬟰
okycxkhu	𬟲
okisppji	𬟵
okistudm	𬟶
okiskljb	𬠄
okiadnis	𬠆
okislkkz	𬠑
okismiuu	𬠔
okisqmfu	𬠙
okbiuiis	𬠛
okisccst	𬠟
okuvisis	𬠤
okisnsxb	𬠥
okishuhu	𬠦
okisyumb	𬠨
okisqutu	𬠪
okisccyu	𬠬
okycbcis	𬠰
okdjisis	𬠷
okviisis	𬠸
okheisis	𬠹
okxkrfkz	𬡀
oklqveyi	𬡄
okppccfg	𬡟
okppppda	𬡢
okhohoyi	𬡤
okpphvbf	𬡪
okyikzcc	𬡫
okxidayi	𬡲
okppccwj	𬡵
okklybjm	𬡿
okjmgunv	𬢁
okrijyjm	𬢂
okfufujm	𬢃
okjmtmgs	𬢄
okhuhujm	𬢆
okfuppjm	𬢉
okjncszz	𬢘
okmhjnfj	𬢙
okhgbayj	𬢝
okyjgeer	𬢣
okyjgepp	𬢥
okkzkzyj	𬢧
okyjmucy	𬢫
okyjihdi	𬢬
okyjvizz	𬢮
okbwbwyj	𬢯
okyjyhyz	𬢱
okyjbmyz	𬢸
okyjsixb	𬢹
okvorfyj	𬢺
okyjbibw	𬢻
okyjgszc	𬢼
okyjerho	𬢽
okyjcche	𬢿
okwwxkyj	𬣀
okyjyhnq	𬣂
okfhjbyj	𬣃
okyjzzld	𬣆
okyjccyr	𬣊
okjnjqyj	𬣏
okyjjbda	𬣓
okyjmffu	𬣖
okyjbchg	𬣞
okyjccyz	𬣥
okyjihya	𬣨
okyjihva	𬣶
okyjbcfz	𬤁
okyjbcmu	𬤂
okyjxitu	𬤇
okyjcsxb	𬤋
okyjqmjq	𬤌
okyjriyu	𬤕
okyjjyvi	𬤖
okyjmuuv	𬤘
okyjhuhu	𬤙
okyjpbuj	𬤠
okyjmuda	𬤧
okyjzzuv	𬤪
okyjycve	𬤬
okyjccvv	𬤰
okyjgvvv	𬤱
okuihegu	𬤵
okdzvxvz	𬤸
okmutuui	𬤾
okmumuui	𬥅
okugsiui	𬥇
okvipper	𬥉
okviccll	𬥊
okjbbwqi	𬥔
okbwbamm	𬥕
okbwvitu	𬥖
okbcbayr	𬥙
okfudcbw	𬥚
okbwyhuj	𬥜
okbwyeba	𬥟
okddjbbw	𬥡
okbwbchg	𬥤
okwwwfbw	𬥦
okbwycuu	𬥨
okvupibw	𬥪
okbwybge	𬥭
oknmfupb	𬥮
okuibwbw	𬥰
okccwfbw	𬥱
okbwrfye	𬥵
okbwklnv	𬥺
okbwerda	𬥻
okbwlitu	𬥿
okveiive	𬦃
okiivejm	𬦄
okzzbk	𬦋
okzzdcxn	𬦍
okzzuikz	𬦐
okzztuyh	𬦔
okzzytiu	𬦕
okzzjilw	𬦗
okzzklsi	𬦘
okzzhvbf	𬦙
okzzsiui	𬦚
okzzbwto	𬦛
okzzrixb	𬦝
okzuyzuu	𬦫
okzutuqi	𬦬
okzufgji	𬦴
okzuglba	𬦺
okvezuve	𬦼
okzujrma	𬧃
okzuuvto	𬧇
okzulili	𬧈
okzufuie	𬧑
okzupbkv	𬧒
okzusito	𬧗
okzucclj	𬧛
okzutvma	𬧜
okzubwfz	𬧝
okufdcmu	𬧪
okieyiuv	𬧴
okierfpu	𬧵
okieycwf	𬧶
okiedvta	𬧼
okieuhnq	𬧿
okierfbf	𬨀
okieveyz	𬨃
okieuiyz	𬨅
okieuipi	𬨕
oksisixb	𬨚
okvihgyc	𬨧
okvivxjb	𬨪
okvifuda	𬨫
okviklyh	𬨭
okviqrbd	𬨯
okviwuri	𬨰
okvivxvg	𬨶
okvitdnq	𬨹
okvihgdc	𬨼
okvirfdm	𬨽
okvivibp	𬩁
okvihvbf	𬩂
okvinvfz	𬩈
okvilbwf	𬩊
okviglkl	𬩌
okvidomi	𬩍
okbksu	𬩏
okvivrdc	𬩒
okihvisu	𬩓
okvidryz	𬩗
okvigcyh	𬩙
okvijqif	𬩚
okwfcyvu	𬩛
okviccuu	𬩞
okviytfz	𬩡
okvicccs	𬩦
okvijimj	𬩩
okviujbw	𬩫
okviyusi	𬩬
okviuunn	𬩯
oklmgeig	𬩰
okjijber	𬩼
okvituer	𬩿
okrinver	𬪀
okvxcyer	𬪃
okrflver	𬪊
okccmcer	𬪋
okbdmuer	𬪎
okrfmier	𬪏
okqmrier	𬪐
okxbccer	𬪑
okkzxker	𬪒
okjbyzer	𬪓
okgsyter	𬪕
okccjmer	𬪖
oksiyier	𬪗
okwfheer	𬪙
okglvver	𬪚
okwwifer	𬪛
okzihoer	𬪞
okzifher	𬪟
okwurier	𬪡
okycccer	𬪢
okhuyuer	𬪣
oksirier	𬪥
okyzxitu	𬪭
okdcbiyz	𬪰
okyzismb	𬪲
okyzrfkz	𬪳
okyzueho	𬪴
okyzwuqr	𬪷
okdcbiyz	𬪹
okrferjb	𬫅
okjbhgyz	𬫆
okjbyier	𬫇
okjbhzyz	𬫋
okturfjb	𬫎
okjbuhxn	𬫐
oktuwujb	𬫔
okjberqp	𬫖
okjbccia	𬫗
okjbujqm	𬫘
okjbyzqn	𬫙
okrfkzjb	𬫜
okjbvldm	𬫝
okjbhocc	𬫞
okjbuvkz	𬫠
okjbgefg	𬫣
okjbsicc	𬫤
okppbcjb	𬫧
okjbxrjb	𬫪
okjbwfhv	𬫫
okjbjtmb	𬫬
okjbnmyt	𬫮
okjbfhzi	𬫲
okjbdaxn	𬫴
okjbvorf	𬫶
okjbsiui	𬫸
okjbdcbi	𬫹
okwfjbji	𬫼
okjbsiuv	𬫾
okieugjb	𬬆
okieiejb	𬬇
okjbccmu	𬬈
okjbkzmm	𬬉
okjbmuyi	𬬏
okjbsiyi	𬬕
okwfsijb	𬬘
okjbbjmb	𬬛
okviuujb	𬬜
okjbvxia	𬬝
okjbvutd	𬬞
okjbwfqr	𬬟
okjbkzui	𬬢
okjbbwfg	𬬣
okjbbuui	𬭃
okjbccrs	𬭒
okjbcsxb	𬭥
okjbmuju	𬭧
okjbccll	𬭮
okjbhoxb	𬭱
okjbuhya	𬭷
okjbyujx	𬭹
okjbhevi	𬭿
okjbtsbw	𬮂
okmfxidm	𬮈
okmfqrwf	𬮋
okwfuumf	𬮌
okjmmfxi	𬮔
okmfuvwh	𬮧
okmfkdwu	𬮫
okmfxitu	𬮱
okmfkdxi	𬮶
okmfuuuu	𬮷
okervedm	𬮽
okeruvqm	𬯃
okerzotu	𬯄
okerkljx	𬯅
okerbdtu	𬯇
okfubcfz	𬯈
okerxnxn	𬯍
okerxifz	𬯒
okerjbyz	𬯓
okerdstu	𬯔
okerjbyz	𬯖
okercsxb	𬯗
okervxyz	𬯙
okerhuqr	𬯛
okerivxb	𬯝
okerxiyz	𬯞
okerkzwf	𬯟
okeryzyb	𬯢
okervuuj	𬯤
okerwjtm	𬯥
okersilq	𬯦
okeryjsi	𬯨
okvvbctu	𬯫
okvvxsui	𬯭
okirbavv	𬯮
okvvxbvv	𬯴
okbwbwvv	𬯵
okxbjqvv	𬯶
okiahuvv	𬯷
okyuuvhr	𬯽
okyuqier	𬰁
okyuuvvg	𬰆
okyumcwf	𬰇
okyunvxl	𬰍
okyumidi	𬰐
okyukzui	𬰑
okyuhdfu	𬰒
okyumage	𬰕
okglhgfw	𬰟
okwwhgjb	𬰪
okuigeww	𬰫
okwwuhxx	𬰬
okwwvxmb	𬰮
okfzbcww	𬰸
okybdcri	𬰼
okbiysye	𬱄
okxiveye	𬱅
okfftuye	𬱇
okhvyzye	𬱈
okriybye	𬱉
okgjuvye	𬱊
okqrhgye	𬱋
okrijyye	𬱌
oklivvye	𬱏
okvguvye	𬱐
okkzkzye	𬱑
okyetutu	𬱒
okdcyzye	𬱕
okribiye	𬱝
okkzkzye	𬱞
okndmuye	𬱡
okuikzye	𬱤
okyevimu	𬱧
okhvyzye	𬱩
okujfzye	𬱰
okbdfhye	𬱲
okjierhr	𬱶
okjierbw	𬱹
oklijier	𬱻
okfgrfpi	𬱽
okjiernj	𬲁
okjieryu	𬲂
okjiersu	𬲃
okjierrs	𬲄
okfgmcjs	𬲆
okyujier	𬲇
okjitsba	𬲈
okbwfwfw	𬲊
okuihgjb	𬲌
okuigeui	𬲏
okuibiui	𬲒
okuiccba	𬲖
okuiyhcc	𬲙
okuiuhya	𬲜
okuimbba	𬲟
okuibixb	𬲡
okuiycdo	𬲢
okuisrjb	𬲣
okuituyz	𬲤
okuirfyi	𬲰
okuiyzuu	𬲳
okuiujkz	𬲴
okuibcuu	𬲵
okuibcji	𬳀
okuizoyt	𬳅
okuivskz	𬳈
okuiriyu	𬳉
okuiccll	𬳏
okuidmxl	𬳝
okxldadm	𬳡
okmalili	𬳫
okxkbcma	𬳸
okmafgui	𬴃
okmauufu	𬴇
okmauiig	𬴋
okmaluho	𬴍
okmahgmu	𬴎
okmaccvv	𬴐
okwfkzxs	𬴔
okgcujyi	𬴕
okwfkzuu	𬴘
okhgjsir	𬴛
okwfuubu	𬴜
okgcthzu	𬴞
okwfuugf	𬴠
okwfuuig	𬴡
okwfuuve	𬴢
okwfuuyu	𬴣
okwfqqda	𬴤
okwfisis	𬴥
okwffhig	𬴦
okihujuh	𬴬
okhgkzuu	𬴳
okgehoyz	𬴵
oktugjge	𬴸
okcdgsge	𬴹
okmisige	𬴺
okmixlge	𬴻
okllbige	𬴼
okbderuh	𬴾
okbderie	𬵀
okyurfxn	𬵊
okyubk	𬵌
okyukljb	𬵎
okyuzzdc	𬵑
okyurfvd	𬵕
okyuccji	𬵘
okbderyu	𬵙
okyutmbi	𬵝
okyupmpj	𬵞
okyuxuho	𬵢
okyuccst	𬵣
okyuccfu	𬵦
okyuyuvf	𬵩
okyutmgs	𬵫
okyulivi	𬵯
okyutmgv	𬵲
okyubwyi	𬵷
okyucckv	𬵸
okyuyisi	𬵹
okyujier	𬵺
okghlvyu	𬵼
okyuvfye	𬵽
okyuvugj	𬵾
okyucclj	𬵿
okyuhudm	𬶊
okyufhzi	𬶦
okyusiyi	𬶵
okyubaqm	𬶷
okyuuijq	𬶸
okyulwru	𬶹
okyuccvv	𬶺
okiauinn	𬷂
okrfgsnn	𬷉
okrfrfnn	𬷘
okdmyann	𬷛
oknnjm	𬷟
okximunn	𬷠
okvxkenn	𬷤
oknnfjjq	𬷥
okwfxnnn	𬷦
okfhmbnn	𬷧
oknnerjq	𬷪
okluwjnn	𬷮
oknvrinn	𬷳
okwfhenn	𬷶
oknnuito	𬷸
okjijinn	𬸓
okbwbwnn	𬸕
okklnvnn	𬸘
okbcjknn	𬸣
oknmkznn	𬸧
okuilrnn	𬸬
okluwfhe	𬸴
oklucsmu	𬸿
okhlvitu	𬹑
okbdbdhl	𬹒
okuuheuv	𬹔
okhwjrma	𬹘
okhwviis	𬹚
okyebiiu	𬹜
okbcqimm	𬹟
okhgufmm	𬹢
okuubidk	𬹩
okccycdk	𬹪
okdkyuyu	𬹫
okuuvegs	𬹭
okwflner	𬹱
okwfyatm	𬹲
oklkvikl	𬹴
okiindmu	𬹵
okiiccxy	𬹹
okiiklhe	𬺊
okldqrii	𬺒
oklidmxx	𬺗
oklidmuj	𬺘
oklidmdi	𬺙
oklidmqk	𬺚
okuguuls	𬺝
okdckzdm	𬺞
okuiuupp	𬺱
okhguuve	𬺶
okhgpppp	𬺷
okhgpppp	𬺻
okhgkzve	𬺾
okhgvsdm	𬺿
okhgjiuu	𬻃
okdkdkdk	𬻄
okveeryu	𬻆
okvevehg	𬻈
okhguiui	𬻉
okccccdm	𬻋
okhgufdm	𬻌
okhgufpp	𬻍
okhgridk	𬻐
okdcklia	𬻑
okqibcve	𬻒
okhgridm	𬻔
okhgbakl	𬻕
okklklia	𬻘
okerxihg	𬻜
okrfxihg	𬻝
oksjirdm	𬻟
okhgkzda	𬻠
okfgfghg	𬻥
okhgbcqp	𬻧
okerviwo	𬻪
okhgbchg	𬻫
okuhklhg	𬻬
oktmujhg	𬻱
okuuxtlk	𬻴
okdcxtba	𬻵
okklklna	𬻷
okklklyi	𬻼
okqmhgve	𬼉
okrfjidm	𬼊
okdceryb	𬼋
okpphgli	𬼌
okihbcer	𬼍
oknddmcs	𬼎
okppifmd	𬼕
okppveve	𬼗
okuuuuqi	𬼘
okuiqive	𬼙
okbivebi	𬼚
okhgxtia	𬼞
okrfkzyi	𬼟
okvevedm	𬼫
oktmccye	𬼮
okxlgsiu	𬼴
okdapbve	𬼵
okbaklpp	𬼺
okyuhgve	𬼻
okyufubw	𬼼
okerjubk	𬼿
okwfuuve	𬽃
okwfxibk	𬽆
okwfqphg	𬽈
okwfriln	𬽉
okwfrizi	𬽊
okwfcsuj	𬽋
okwfccmu	𬽌
okwfccuj	𬽍
okwfkzge	𬽎
okwfkzwh	𬽐
okwflner	𬽒
okwfrida	𬽔
okwfsiyi	𬽕
okwfkljs	𬽘
okwfpgvf	𬽚
oktkyidm	𬽛
okwfmuvf	𬽝
okwfyjyz	𬽠
okvevedm	𬽡
okeruurf	𬽤
okrfuibi	𬽩
okrfhgfu	𬽮
okrfrfye	𬽲
okrfjijb	𬽳
okrfppyz	𬽴
okrfbcji	𬽶
okrfglsi	𬽷
okrfbcbu	𬽸
okrfkzyz	𬽹
okrfwfdc	𬽺
okrfihho	𬽻
okrfuuhg	𬽼
okrfrfxn	𬽿
okrfwhda	𬾃
okrfsiwf	𬾄
okrfridc	𬾊
okrfujbi	𬾌
okrfujyt	𬾎
okrfbder	𬾐
okrfjbdc	𬾑
okrfheji	𬾒
okrfbcyc	𬾔
okrfwfui	𬾗
okrffwfw	𬾘
okrfxtjb	𬾙
okrfrimu	𬾛
okrfviji	𬾜
okrfycyt	𬾝
okrfrfye	𬾡
okrflnhg	𬾤
okrfsiye	𬾥
okrfjxcy	𬾦
okrfwfys	𬾨
okrfxyqp	𬾩
okrfyylk	𬾪
okrfycge	𬾫
okrflcju	𬾭
oktsridc	𬾮
okrfhzmu	𬾱
okcscsqi	𬾵
okrfhetu	𬾶
okrfbaba	𬾹
okrfyzxb	𬾽
okrfyzkz	𬾿
okrfcche	𬿀
okrfuumu	𬿃
okrfsidm	𬿄
okrfvucc	𬿉
okrferye	𬿊
okrfklyz	𬿌
okrfhugv	𬿍
okrfiryj	𬿏
okrfxilk	𬿑
okrfuuua	𬿔
okrfhuqq	𬿖
okrfuugz	𬿗
okrfwfli	𬿙
okrfbcvo	𬿝
okrfgsvv	𬿡
okrfklyc	𬿤
okrflimu	𬿥
okrfuuli	𬿧
okrfvivi	𬿨
okrfuubw	𬿩
okrfvepi	𬿬
okrfyuwf	𬿮
okrfuijp	𬿱
okrfhgba	𬿲
okrfvixn	𬿳
okrfujui	𬿴
okrfuufu	𬿵
okrfvvwu	𬿶
okrfrfcy	𬿸
okrfbder	𬿹
okrfhgcy	𬿻
okrfbkmu	𬿼
okrfhgqp	𬿽
okrfuuye	𬿾
okrfbcba	𭀀
okrfuijq	𭀁
okccfuia	𭀃
okrfjima	𭀇
okrfwfhw	𭀉
okrfzxvv	𭀌
okrfbkqr	𭀏
okrfyhyj	𭀒
okppdmer	𭀗
okveveer	𭀘
okrfveer	𭀙
okwfveer	𭀚
okveveer	𭀜
okwudmdm	𭀝
okhgrfwu	𭀟
okrfkler	𭀠
oksjersj	𭀡
okrfkldm	𭀣
okrfklsi	𭀥
okglglsi	𭀨
okyrvxrf	𭀩
okdghger	𭀭
okbderfu	𭀯
okrfrfer	𭀱
okbderkl	𭀸
okrulimu	𭁁
okrubacy	𭁂
okrurfdd	𭁃
okqmveuu	𭁄
okuuhgba	𭁇
okuuhgba	𭁈
okuuyuba	𭁉
okbatmui	𭁏
okrfxtba	𭁐
oknmtmlq	𭁔
okrfyuba	𭁕
okbasitm	𭁗
okklhguu	𭁟
okkleruu	𭁠
okhgkler	𭁡
okfuhghg	𭁢
okhgbajb	𭁣
okwfsier	𭁩
okuikler	𭁫
okxnkluv	𭁭
okkltutu	𭁱
okfufucs	𭁲
okbcyrwf	𭁵
okbcgfer	𭁶
okbcbagv	𭁹
okbcuicy	𭁺
okbcuitm	𭁻
okbcvsho	𭁽
okbcyiuu	𭁿
okbcsiyi	𭂀
okbcjqho	𭂁
okbcbabi	𭂂
okbcfgxb	𭂅
okbkwukz	𭂐
okbkjibd	𭂒
okbkfhzi	𭂗
okbkmuuv	𭂜
okbkmfyu	𭂣
okbkbcxb	𭂦
okbkisgj	𭂨
okjidmdm	𭂬
okrfjiui	𭂯
okujjiji	𭂲
okjijiuj	𭂵
oksijikz	𭂶
okmumuji	𭂷
okhuujji	𭂸
okjiiruj	𭂹
okqmklkl	𭂻
okirirkl	𭂼
okhgrikl	𭂾
okdndndn	𭃊
okhguidc	𭃍
okdchgjk	𭃎
okkzyzdc	𭃒
okhgccrf	𭃔
okppbcpp	𭃡
okuikldc	𭃥
oksixidc	𭃧
okppbcpp	𭃨
okkzcedc	𭃬
oknqdmdc	𭃭
okbcxidc	𭃰
okyhpprf	𭃱
okulbadc	𭃲
oksvdc	𭃳
okhgccdc	𭃴
okrfvivi	𭃷
okccfudc	𭃾
okyukvdc	𭄆
okyeyhdc	𭄈
okglcsdc	𭄉
okdiwfdc	𭄍
okhgcsdc	𭄏
okheihdc	𭄐
okmcvvdc	𭄒
okuiyhdc	𭄓
okhexndc	𭄔
okbcbwdc	𭄗
okqijbdc	𭄘
okccdjdc	𭄚
okklppli	𭄠
okuierli	𭄡
okqrwjli	𭄣
okfgbcli	𭄦
okqibcli	𭄧
oktduili	𭄪
okyayzli	𭄮
okyawfli	𭄯
okccqpli	𭄳
okwflili	𭄴
okmcwfli	𭄶
okdiwfli	𭄽
okhucsli	𭄾
okgsvvli	𭄿
oktmgsli	𭅂
oklqvvli	𭅃
okbcyzve	𭅅
okbcqmvi	𭅊
okhguics	𭅍
okbaihbi	𭅐
okyhppbi	𭅒
okklgjqm	𭅜
okklrinv	𭅝
okqmiair	𭅟
okpptmqm	𭅡
okwuwuwu	𭅦
okyjycui	𭅩
okvodakv	𭅪
okwjkzkz	𭅫
okvoerer	𭅭
okyipibw	𭅮
okuuuihg	𭅯
okuuuiui	𭅰
okdmvebu	𭅳
okhgvebu	𭅴
okihkzyi	𭆁
okihriyi	𭆂
okihxtji	𭆄
okihbder	𭆅
okyawfih	𭆆
okihfgqm	𭆇
okihrfsi	𭆈
okldliih	𭆉
okihrfda	𭆌
okihbwcy	𭆎
okihyhqm	𭆏
okiheryz	𭆐
okyawfli	𭆑
okquihna	𭆒
okwwwfli	𭆓
okihrikz	𭆔
okihytwf	𭆕
okihnnvf	𭆘
oksixisi	𭆝
oksidauv	𭆞
okiagsgs	𭆠
oksidchg	𭆡
okrfxtsi	𭆢
oksiqmuu	𭆣
oklwrfuv	𭆤
okuuufyz	𭆪
okyzklyz	𭆫
okkzklyz	𭆬
okyzyidm	𭆭
okjbye	𭆰
okvgveji	𭆱
okvxsiyz	𭆲
okifyzyy	𭆳
okbdguyz	𭆴
okivklyz	𭆵
okrfsiyz	𭆶
okbcmuyz	𭆷
okkzdahg	𭇃
okujuukz	𭇈
okkzklcc	𭇒
okkzrfuj	𭇔
okkzbcgj	𭇖
okkzglsi	𭇗
okkzglln	𭇘
okkzbk	𭇛
okhguikz	𭇢
okrfvxkz	𭇥
okkzrfxn	𭇧
okkzppbu	𭇨
okkzppyu	𭇩
okhuyzkz	𭇪
okkzuihg	𭇰
okkztujb	𭇵
okkzccsi	𭇼
okkzrijb	𭇽
okkzkzjb	𭇾
okrfkzyi	𭈆
okkzwfjb	𭈇
okkzirba	𭈊
okkzdcbd	𭈋
okkzifrf	𭈌
okkzccyc	𭈎
okkzkzke	𭈑
okkzrfgf	𭈚
okkzuvww	𭈣
okkzkhqm	𭈤
okkzuiba	𭈩
oktukzyi	𭈬
okkzriyt	𭈭
okccbchg	𭈰
okkzuzxi	𭈵
okkztugf	𭈷
okyzbcqp	𭈸
okhcihfu	𭈹
okkzccbi	𭈺
okkzkzzc	𭈼
okkzisye	𭈽
okkzycuv	𭈿
okkzximb	𭉃
okkzvzsi	𭉄
okkzbcui	𭉇
okkzqmlc	𭉈
okkzqmba	𭉋
okkzuiui	𭉌
okkzggve	𭉍
okkznvvi	𭉐
oknahgkz	𭉔
okkzsiis	𭉕
okrfpbve	𭉘
okkzqmhe	𭉙
okkzuzgs	𭉛
okkzuzli	𭉜
okfgqmcy	𭉠
okkzuutu	𭉣
okkzviis	𭉤
okkzheww	𭉬
okkzxbbo	𭉱
okkzuvgs	𭉴
okbabikz	𭉵
okkzglgg	𭉶
okkzuidi	𭉸
okkzgsis	𭉹
okrflbgs	𭉽
okkzhgxi	𭉿
okkzmuli	𭊂
okkzuuqr	𭊄
okkzyatm	𭊇
okkztmgs	𭊈
okkzccfg	𭊊
okkzccgs	𭊋
okkzhuqq	𭊌
okkzkzaa	𭊎
okkzrfpg	𭊏
okkzliuz	𭊓
okkzvuba	𭊔
okkzglyu	𭊙
okkzgljp	𭊚
okkzmcli	𭊞
okkzsiye	𭊠
okkzwhdd	𭊧
okkzdayu	𭊨
okkzmmtu	𭊩
okccsiii	𭊬
okkzccdm	𭊭
okkzcczo	𭊮
okkzpbyu	𭊯
okkzhuho	𭊰
okkzjqjq	𭊲
okkzzisi	𭊴
okkzlixn	𭊵
okkzdodo	𭊶
okkzvigg	𭊹
okkzgljm	𭊺
okkzsivi	𭊾
okkzsigf	𭊿
okkzsiyt	𭋀
okkzlwxn	𭋁
okkzuize	𭋂
okkzyexb	𭋃
okkzuijp	𭋄
okkzuimu	𭋅
okkzccwf	𭋇
okkzsitm	𭋊
okkzuhgj	𭋌
okkzkvjb	𭋍
okkzhelk	𭋓
okkzbdxk	𭋔
okkzrfvv	𭋕
okkzjbtm	𭋖
okqmjuju	𭋘
okgubcyi	𭋛
okkzmmqp	𭋢
okkzuiyu	𭋤
okkzccri	𭋦
okkzerba	𭋧
okkzrfyz	𭋨
okkzxbvr	𭋪
okkzuiyu	𭋱
okkzuijq	𭋲
okkzjiye	𭋴
okkzerer	𭋷
okkzuimi	𭋸
okkzbimi	𭋹
okkzbili	𭋺
okkzuhyu	𭋻
okkzerkz	𭋾
okkzrfgs	𭋿
okrfmuui	𭌀
okkzyuyu	𭌁
okkzglxb	𭌃
okkzyhhe	𭌅
okkzerlb	𭌇
okyberde	𭌉
okuibcyi	𭌌
okkziiye	𭌍
okkzugvg	𭌏
okkzbiye	𭌑
okkzihgj	𭌔
okkzccts	𭌕
okkzccmu	𭌖
okkzuhli	𭌚
okrfcckz	𭌛
okkzrfyi	𭌜
okkzgsjl	𭌡
okkzgebw	𭌢
okkzyiyu	𭌣
okkzriai	𭌥
okkzcinn	𭌦
oklvwunq	𭌨
okkzmfyb	𭌩
okkzgskz	𭌪
okkzytge	𭌫
okkzvugc	𭌬
okkzrfvi	𭌭
okkznver	𭌮
okkzfgkl	𭌰
okkzyiyj	𭌱
okgcgcgc	𭌳
okkzmusi	𭌴
okkzccyy	𭌵
okkzheho	𭌶
okrfmukz	𭌷
okkzpper	𭌹
okkzfuri	𭌺
okkzjqnn	𭌻
okkzvoyz	𭌼
okkznvld	𭌽
okkzccvv	𭌾
okkzxldj	𭍄
okkzpiyj	𭍅
okkzrixl	𭍈
okkzycnn	𭍉
okkzjbwf	𭍊
okkzjpye	𭍋
okkzrfyj	𭍍
okkziild	𭍐
okkzrilo	𭍒
okkzmucy	𭍓
okkzpbbw	𭍔
okkzbwnn	𭍕
okkzgscy	𭍖
okkzholj	𭍗
okkzercy	𭍙
okklersi	𭍛
okklrfri	𭍞
okklxifh	𭍣
okklkzer	𭍪
okkluiui	𭍫
okkltmgs	𭍭
okklwhwh	𭍱
okbiughv	𭍶
okyrhemu	𭍹
okppvetu	𭍻
okjqtudm	𭍼
oktubcbi	𭎀
okhgsitu	𭎆
okuctudm	𭎇
okkltuzi	𭎈
oktujbhg	𭎋
oktubagj	𭎎
oktusitu	𭎐
oktuihho	𭎑
okturfna	𭎕
oktujijb	𭎖
okqmkztu	𭎙
oktubutu	𭎠
oktuuhri	𭎡
oktmsitu	𭎢
okturfdj	𭎤
oktuihbk	𭎪
okturiyt	𭎯
oktuwfyi	𭎳
okuznitu	𭎵
oktufgmb	𭎷
oktukljx	𭎻
okjbyztu	𭎽
oktuvzuj	𭎿
oktuvxys	𭏁
oktubcvc	𭏆
okuvzitu	𭏈
oktuuvtm	𭏉
oktuuiyh	𭏊
oktuiyui	𭏌
oktuccwu	𭏍
okrihztu	𭏏
oktuujwj	𭏐
oktubcyu	𭏕
oktubcmb	𭏛
okxilbtu	𭏝
oktuhuqq	𭏟
oktuihjb	𭏣
oktubccd	𭏧
oktubcfu	𭏨
okturfmu	𭏩
oktuccbf	𭏫
oktutmhg	𭏬
okgkeryh	𭏮
okrsyztu	𭏳
oktuyuxl	𭏵
okturftu	𭏹
okwfwjtu	𭏼
oktuwfyz	𭏽
oktummdj	𭐀
okuvgltu	𭐉
oktmbctu	𭐍
oktuqmwf	𭐎
oktuxiyt	𭐏
oktujkye	𭐐
okuiziwj	𭐓
okuibcli	𭐔
okjihgcy	𭐖
okjiguxn	𭐗
okuiuiyu	𭐘
okjivecy	𭐙
okyiuimu	𭐛
okuisikz	𭐜
okwfpppp	𭐝
okccsjwf	𭐢
okrfsjwf	𭐣
okrfsjwf	𭐥
okyihgwf	𭐦
okvxbiwf	𭐫
okdcjqwf	𭐬
okqmriwf	𭐮
okbwbwwf	𭐯
okqmziwf	𭐱
okdcuidm	𭐳
okdcdmxi	𭐴
okxijqjq	𭐸
okdoujds	𭑀
okdaklkl	𭑅
okbakzda	𭑉
okjrdmdm	𭑊
okbkuida	𭑋
okdcsida	𭑏
okvxsida	𭑑
okrfsida	𭑒
okugrfda	𭑕
okdaxitu	𭑗
okhgziuu	𭑜
okuvdcda	𭑞
okrfklda	𭑟
okqmcsgk	𭑡
okdavvjq	𭑣
okihgjda	𭑤
oknvbcia	𭑯
okvshgnv	𭑲
okwubanv	𭑿
okyawfnv	𭒀
okwhwhnv	𭒁
okkzpinv	𭒂
oknvdcjq	𭒃
oknvifsi	𭒆
oknvtmbi	𭒇
oknvnuuz	𭒌
oknviydm	𭒎
oknvyhho	𭒏
oknvwfjb	𭒑
okqunvnv	𭒒
okxilbnv	𭒓
oknvgskz	𭒔
oknvtmqm	𭒖
oknvgvri	𭒗
oknvjbgj	𭒙
oknvhecc	𭒚
okuvxmnv	𭒞
oknvsivi	𭒟
oknvmcjs	𭒠
oknvqmho	𭒡
oknvyuhu	𭒢
oknvccui	𭒣
oknvycuu	𭒤
oknvrfwf	𭒧
oknvwubw	𭒪
oknvhenj	𭒬
oknvyjbi	𭒭
oknvccjm	𭒮
okccpinv	𭒯
okbwbwan	𭒱
oknvglyi	𭒳
oknvrixl	𭒴
okuubczi	𭓇
okzimfds	𭓎
okwfziwj	𭓔
okyubczi	𭓕
okddbczi	𭓗
okycbczi	𭓘
okzidcmm	𭓛
okyjsima	𭓝
okbcppyz	𭓧
okbcxibi	𭓩
okbcuiys	𭓰
okbcufdm	𭓱
okbclidk	𭓳
okbcnmmu	𭓵
okbcviuc	𭓷
okbcvxvx	𭓹
okbcxbww	𭓺
okbcdguj	𭓽
okbcyrwf	𭓾
okbcjqba	𭓿
okbciauj	𭔀
okbcrfda	𭔁
okbclikz	𭔃
okbcuidk	𭔄
okbcnvbd	𭔅
okxtrisi	𭔊
okbcxbgc	𭔋
okbcxtri	𭔌
okbcpjgc	𭔏
okbcbwmm	𭔑
okbcyiyi	𭔔
okbcnvli	𭔖
okbcccxb	𭔗
okbcpjxk	𭔘
okbcjiyj	𭔙
okbcnqnp	𭔜
okbcxbgz	𭔝
okbcwhbw	𭔟
okbcppfw	𭔡
okbcndjm	𭔢
oknkhgho	𭔥
okgsjicy	𭔫
okjqxicy	𭔬
okuhxxcy	𭔮
okihvecy	𭔱
okhvtucy	𭔵
okdcercy	𭔷
okqmtucy	𭔸
okccvicy	𭔹
okrfmucy	𭔺
okerllcy	𭔼
okermucy	𭔽
okyetucy	𭔾
okbasjcy	𭔿
okvrihgv	𭕃
okdmdmpp	𭕄
okpprfxn	𭕋
okbaergj	𭕍
okwuyzuc	𭕏
okwfdjyz	𭕐
okwutmyi	𭕑
okwfxnyz	𭕒
okdmfuyz	𭕓
okuiuzer	𭕙
okuibkui	𭕝
okuirfpu	𭕞
okuirfnq	𭕡
okuiwfyh	𭕬
okuierdm	𭕭
okuierbj	𭕯
okuiccgj	𭕰
okyawfww	𭕲
okwwdcjq	𭕳
okuiyjlk	𭕴
okuirivr	𭕶
okuiuzqn	𭕷
okuilblv	𭕸
okjuuzkz	𭕹
okwwhori	𭕺
okuimugv	𭕼
okppcchg	𭕾
okppccdm	𭕿
okujvedm	𭖀
okujihsi	𭖅
okujuuuu	𭖈
okbcbauj	𭖊
okujrftu	𭖏
okujbagj	𭖓
okujvili	𭖗
okujuvkl	𭖛
okuvrfuj	𭖜
okujycyc	𭖞
okujihfu	𭖤
okujwfer	𭖥
okujkzke	𭖫
okuurfuj	𭖲
okujgjqm	𭖳
okujsifh	𭖴
okujtmbi	𭖵
okujbdwf	𭖸
okujrfyu	𭖺
okujqmer	𭖼
okujqldm	𭖾
okujvxwf	𭗄
okujuicy	𭗇
okujlcmu	𭗈
okujwuif	𭗉
okujuhqm	𭗊
okujuiyu	𭗑
okujddwf	𭗒
okujrfmw	𭗓
okujihyz	𭗕
okujyefu	𭗘
okujrfmw	𭗙
okujglww	𭗞
okujggjn	𭗟
okujcche	𭗡
okujpiye	𭗣
okujuzqi	𭗦
okujuijq	𭗨
okujqqxi	𭗩
okujhegv	𭗪
okujkzwf	𭗭
okujhuge	𭗲
okujccpi	𭗳
okujccgj	𭗷
okujvfvf	𭗸
okujmmmm	𭗹
okhgirhg	𭗻
okjljljl	𭘀
okbaihsi	𭘊
okliytgs	𭘐
okjbklyz	𭘗
okjbihho	𭘛
okjbkzrf	𭘡
okjbyhji	𭘤
okjbirkl	𭘥
okjbirtm	𭘦
okhgbcjb	𭘧
okjbbdwu	𭘫
okjbwudn	𭘮
okdihgyi	𭘳
okjbhuui	𭘶
okjbbcdg	𭘻
okjbrfdg	𭘼
okycycqi	𭙌
okgldmdm	𭙑
okglgshg	𭙗
okglxtia	𭙙
okglcsda	𭙟
okglhgcy	𭙥
okglxtcs	𭙧
okglhgvi	𭙨
okgluina	𭙫
okglqlsi	𭙬
okglbiyj	𭙮
okglgsbw	𭙯
okgljiye	𭙰
okglxnwf	𭙱
okglvvtu	𭙳
okglytqr	𭙵
okglvvyt	𭙶
okglhgjb	𭙺
okgluiyi	𭙾
okglbwyz	𭚀
okglvsyi	𭚁
okglytbi	𭚂
okgluiri	𭚃
okglhexb	𭚄
okglycnv	𭚅
okglhwer	𭚆
okglheui	𭚇
okgldabd	𭚈
okmarfyt	𭚉
okglbwnn	𭚊
okglqruz	𭚋
okglertu	𭚌
okglaobw	𭚍
okglieis	𭚏
okglytli	𭚐
okglvvgc	𭚑
okvihgdm	𭚒
okwhdcdm	𭚗
okugdccc	𭚘
okzuzicc	𭚝
okhgyihg	𭚟
okyippdm	𭚠
okyuxnui	𭚤
okqigsli	𭚨
okgsujwf	𭚱
okgsrfrj	𭚳
okgshgyt	𭚶
okgsrfis	𭚸
okgsrfkl	𭚹
okgskzkl	𭚼
okyegswf	𭛁
okgsbogs	𭛂
okgsuuyt	𭛄
okgshgjb	𭛅
okbwbwgs	𭛋
okgsbkjl	𭛌
okuuujuu	𭛕
okuuujuu	𭛖
okujujlb	𭛗
okyjrfri	𭛛
okrfvehg	𭛝
okrfkzyz	𭛠
okrfqmia	𭛣
okrfwhba	𭛩
okrfihmu	𭛪
okrfbcvi	𭛮
okrfriyz	𭛲
okrfvxfu	𭛳
okrfuutn	𭛹
okrfhujb	𭛺
okrfxiwf	𭜁
okrffzmk	𭜇
okrfliwf	𭜈
okrfgcye	𭜊
okervexb	𭜎
okxbuibi	𭜏
okhgkzxb	𭜓
okwfsixb	𭜘
oktubaxn	𭜙
okxbyibk	𭜚
okxbppyz	𭜞
okxbrfda	𭜠
okxbglsi	𭜡
okrfxtxb	𭜣
okrfklxb	𭜤
okxibixb	𭜥
okbkkzxb	𭜦
okbatuxb	𭜧
okklwfxb	𭜪
okxbbcwf	𭜭
okbcwfxb	𭜰
okxbuive	𭜱
okxbuili	𭜲
okvgxtxb	𭜳
okxbdcdc	𭜴
okxtxtxb	𭜵
oktukzxb	𭜶
okmusixb	𭜷
okgswuxb	𭜹
okxbbdqi	𭜿
okxbuijb	𭝀
oknvqmxb	𭝆
okxbklvz	𭝐
okxbrimu	𭝑
okriwuxb	𭝓
okxbqpye	𭝔
okxbqier	𭝚
okbcbjxb	𭝜
okppfgxb	𭝢
okifsixb	𭝨
okxbppbi	𭝰
okrfmixb	𭝲
okxbndmb	𭝳
okrfwfxb	𭝶
okxbdaxn	𭝷
okbduuxb	𭝸
okxbyzcy	𭝹
okxbiyui	𭝺
okxberxb	𭝼
okrfqmxb	𭞁
oknvmuxb	𭞉
okuiyzxb	𭞊
okxbxixb	𭞋
okbcuixb	𭞌
okgjuexb	𭞍
okxbhgbw	𭞎
okiftdxb	𭞏
okhguisi	𭞐
okfuwfxb	𭞑
okxbihbm	𭞒
okervuxb	𭞕
okxbccji	𭞖
okuhqmxb	𭞗
okridaxb	𭞘
okxbwfli	𭞙
okxbrivu	𭞛
okxbucxn	𭞜
okxbrfvv	𭞞
okmwuuxb	𭞠
okturfxn	𭞢
okxbhgcs	𭞥
okhgjixb	𭞦
okihuoxb	𭞨
okxbccyt	𭞩
okxkwfxb	𭞫
okxbhgtm	𭞬
okxbccmh	𭞰
okuhuuxb	𭞲
okxbyefu	𭞴
okuvdixb	𭞸
okxbgsvv	𭞹
okxbifho	𭞺
okxbzovi	𭞻
okxbrixb	𭞽
okxbbaui	𭞾
okvjrfxn	𭟀
okxbwfjm	𭟁
okqqqrxb	𭟂
okxbxtvv	𭟃
okyjycxb	𭟄
okxbpncy	𭟅
okxbhgmu	𭟆
okxbccuu	𭟈
okxbhuyi	𭟊
okxbqixb	𭟍
okxbfubw	𭟎
okifyexb	𭟏
okxbximu	𭟑
okhuqmxb	𭟔
okxbyuyt	𭟘
okuhklxb	𭟚
okliybxb	𭟛
okxblixb	𭟞
oksiwfxb	𭟟
okbkqrxb	𭟢
okxbccmu	𭟤
okxbmfqi	𭟥
okxbxiyt	𭟧
okxbquiu	𭟨
okxbvvdg	𭟩
okvhvfxb	𭟪
okxbvrnn	𭟫
okxbccdg	𭟭
okbaihge	𭟱
okgeuhri	𭟴
okkzytia	𭟶
okdguige	𭟷
okyuxnrf	𭟸
okbawukz	𭟹
okhggeri	𭟺
okhuqqge	𭟼
okhgdzge	𭟾
okhuvekz	𭠂
okhuppyz	𭠅
okhukztm	𭠇
okhulkuj	𭠉
okuzveer	𭠐
okuzdahg	𭠑
okuzkzyz	𭠘
okuzrfgj	𭠛
okuzrftu	𭠜
okuzbcve	𭠝
okuzwhbu	𭠠
okuzbakz	𭠡
okuzdagj	𭠦
okuzdatu	𭠨
okuzrfdj	𭠭
okuziayz	𭠮
okuzercy	𭠯
okuzdcdc	𭠱
okuzgeyc	𭠵
okuzbitu	𭠷
okuzhgvi	𭠹
okuzujba	𭠼
okuzdcjb	𭡁
okuzpmxi	𭡂
okuzxtzz	𭡈
okuztuyi	𭡉
okuzquer	𭡊
okuzhgqn	𭡌
okuzkzri	𭡑
okuzjbwf	𭡓
okuzdcba	𭡔
okuzrfyi	𭡖
okuzwfer	𭡛
okuzquyi	𭡟
okuzdacc	𭡢
okrimuuz	𭡣
okuzsifh	𭡥
okuztmbi	𭡨
okuzpjds	𭡯
okuzuiyh	𭡱
okuzccuu	𭡷
okuzuuzz	𭡸
okuzueyi	𭡿
okuzdcyt	𭢄
okuubauz	𭢅
okuzrfyi	𭢆
okuzlcqp	𭢈
okuzhuqq	𭢉
okuzjrui	𭢏
okuzyike	𭢔
okuzyjwf	𭢖
okuzuixb	𭢙
okuzerer	𭢛
okuzyido	𭢟
okuzwfmu	𭢠
okuzyuxn	𭢢
okuzdddy	𭢣
okuzccli	𭢧
okvigfuz	𭢩
okuzvuyj	𭢪
okuzmasi	𭢮
okuzlqyi	𭢯
okuzlnis	𭢰
oknuuzyj	𭢱
okuzyami	𭢳
okuzmfjq	𭢶
okuzlutu	𭢻
okuzhgvi	𭢾
okuzuili	𭢿
okuzuizg	𭣃
okxkyjuz	𭣆
okiekluz	𭣈
okuzmfvv	𭣉
okuzvumu	𭣊
okuzmosi	𭣎
okuzfjui	𭣏
okseuzni	𭣑
okuztsyj	𭣓
okuidmyz	𭣔
okhgyzpp	𭣕
okxiuiyz	𭣚
okuhyavi	𭣝
okuiyivi	𭣞
okrfuupu	𭣢
okyzuuwf	𭣧
okihklwf	𭣪
okuuhgwf	𭣫
okuhxnwf	𭣬
okgserpu	𭣭
oknqklwf	𭣮
okiuhgwf	𭣰
okxiziwf	𭣲
okgsgswf	𭣵
okycytpu	𭣷
okgsytpu	𭣹
okyawfvg	𭣼
okwfziwf	𭣾
oklikepu	𭣿
okbdfhpu	𭤁
okbdddwf	𭤂
okuihewf	𭤄
okhgcypu	𭤅
okvimiwf	𭤆
okmcihnv	𭤇
okhgcywf	𭤈
okhypuuj	𭤉
okvsnvyz	𭤋
oksiyiwf	𭤌
okbdbcvg	𭤍
okwwwfld	𭤎
okirihgj	𭤏
okhuyupu	𭤐
okbkluwf	𭤓
okyjycwf	𭤛
okhuiudz	𭤜
okkzdzkz	𭤝
okgsjijb	𭤡
okmuxnjb	𭤣
okrikzjb	𭤤
okjqbijb	𭤥
okwfvefh	𭤪
okfhppye	𭤮
okfhrfyu	𭤰
okfhuiqi	𭤴
okfhrfba	𭤸
okfhdcbu	𭤺
okfhrfvi	𭤻
okfhsv	𭤽
okieuufh	𭥂
okfhrfkz	𭥃
okdjppyz	𭥒
okbciari	𭥘
okklveri	𭥝
oksirive	𭥟
okriujji	𭥥
okrixier	𭥦
okrixiui	𭥧
okribawf	𭥨
okribcve	𭥭
okkzxnri	𭥴
okrirfri	𭥷
okrixicy	𭥸
okrisinq	𭥿
okrilili	𭦀
okriveji	𭦁
okrfbkri	𭦃
okribitu	𭦅
okriqpba	𭦈
okdctmri	𭦌
okrirfmu	𭦍
okrilqwf	𭦑
oksiwfri	𭦖
okhgycri	𭦙
okbdbari	𭦚
okhjrfgj	𭦜
okrisiwj	𭦟
okrippjb	𭦢
okriyuyt	𭦦
okyrrivc	𭦨
okrituyr	𭦩
okxiuhri	𭦪
okrifghg	𭦮
okrikzer	𭦱
okissiri	𭦳
okrihztu	𭦵
okribdwf	𭦸
okribiii	𭦹
okrixtyz	𭦿
okklsiri	𭧀
okufdcjq	𭧁
okxiwfri	𭧆
okrigsys	𭧉
okrijiwf	𭧊
okriwfjm	𭧐
okrirfuv	𭧔
okriccwj	𭧕
okrigvri	𭧛
okbdycri	𭧡
okhgbcui	𭧢
oktmhori	𭧣
okridckz	𭧬
okrippkv	𭧮
okrixlyi	𭧯
oklujiri	𭧳
okriuiyi	𭧵
okrihuli	𭧷
okzuiuri	𭧹
okrilqyi	𭧽
okriifho	𭧾
okririgs	𭨃
okrivxxb	𭨄
okririhx	𭨋
okridsho	𭨌
okriycbw	𭨍
oksiwuri	𭨐
okrijkye	𭨖
okjkklhv	𭨗
okrivedm	𭨘
okriwujb	𭨝
okqiwfri	𭨠
okriiuxn	𭨢
okytbakv	𭨯
okytqmia	𭨰
okytgsdc	𭨱
okytriln	𭨲
okytgegs	𭨴
okytgegs	𭨵
okytjbkz	𭨷
okytgekz	𭨺
okppuumu	𭨾
okytujis	𭩂
okytjrwf	𭩃
okytdcbi	𭩄
okytjrui	𭩅
okytdcna	𭩈
okytigyi	𭩉
okytbcyu	𭩋
okytuzyt	𭩍
okytyuuv	𭩎
okytvxxb	𭩑
okytsing	𭩓
okytbwnv	𭩖
okytyuwu	𭩗
okmuuibi	𭩝
okmuverf	𭩟
oksahgmu	𭩠
okmuycuu	𭩡
oktujimu	𭩥
okmurfgj	𭩧
okmuppcd	𭩩
okmuxier	𭩪
okbkrfmu	𭩮
okgsppmu	𭩲
okmuqiqi	𭩳
okmudkri	𭩵
okmuribi	𭩷
okkzkzmu	𭩸
okmubaer	𭩺
okmuuvvh	𭩻
okmusiba	𭩾
oksisimu	𭩿
oktubami	𭪀
okmudcdc	𭪁
okmuuviu	𭪂
okmudakz	𭪅
okmurfvg	𭪉
okmuwfuj	𭪊
okmundgu	𭪏
okmuqmzz	𭪒
okddermu	𭪕
okxiermu	𭪖
okbagsmu	𭪗
okgsqmww	𭪙
okmuhgba	𭪚
okfgdcmu	𭪛
okmuklvc	𭪜
okuurfmu	𭪢
okmunwbi	𭪣
okmubcbi	𭪮
okmubaxi	𭪯
okmuwfmu	𭪱
okmuyhji	𭪲
okddddmu	𭪴
okmukzui	𭪵
okmugjwf	𭪶
okmuhvmu	𭪷
okmuvier	𭪸
okmuccdn	𭪺
okujppmu	𭪼
okmukzmu	𭪽
okmuwfis	𭫂
okmuhecc	𭫃
okwwcscs	𭫈
okmuwfwf	𭫉
okwfyimu	𭫋
okmuklfj	𭫍
okmuhvvi	𭫎
okmuuimu	𭫏
okmusarj	𭫐
okuijumu	𭫑
okbkbkmu	𭫒
okmubdhg	𭫓
okmuuuba	𭫕
okmuxnbw	𭫖
okmuqmli	𭫗
oklwcscs	𭫘
okmurfzu	𭫚
okmufher	𭫛
okmumckz	𭫜
okmuifqr	𭫞
okmubdmu	𭫟
okmukeyi	𭫡
okwhcsmu	𭫢
okmuuikz	𭫥
okmuiysi	𭫦
okmuccys	𭫩
okxilbho	𭫬
okwfmuba	𭫭
okmujrui	𭫯
okmujrhe	𭫰
okmuxryi	𭫱
okmuyijk	𭫲
okmuwfmu	𭫳
okmudimu	𭫴
okmuuvis	𭫵
okmudgis	𭫷
okmulnho	𭫸
okmuvvwf	𭫺
okmuerbd	𭫻
okmucici	𭫼
okyclbmu	𭫽
okmulimu	𭫾
okmuccgj	𭫿
okririlb	𭬀
okmuwuxb	𭬁
okmuduxx	𭬃
okmuyuxl	𭬆
okmuccvv	𭬈
okmuuijm	𭬉
oklbersi	𭬊
okmuuuyj	𭬍
oksifumu	𭬏
okxidaer	𭬑
okmubkmu	𭬓
okmuqujq	𭬔
okmuvomu	𭬕
okmuccxu	𭬗
okmuvvho	𭬘
okmujiis	𭬛
okmuxivi	𭬜
okmuxibw	𭬞
okhgbcmu	𭬟
okmuuili	𭬠
okmujbwf	𭬡
okyeuumu	𭬢
okmuvuuv	𭬤
okmuvvjs	𭬥
okmuwwho	𭬦
okmutris	𭬧
okmuccdj	𭬩
okkzbamu	𭬫
okmuvumu	𭬬
okmubaxx	𭬭
okmuyhnd	𭬮
okmuliho	𭬯
okmugsjl	𭬰
okmuwfvv	𭬳
okmuyugs	𭬵
okuiccmu	𭬷
okmuwfjq	𭬹
okhggofu	𭬺
okmuccuu	𭬼
okccsimu	𭬽
okmuyjho	𭬿
okmuluhe	𭭀
okmuxmge	𭭁
okmuxima	𭭂
okmuuivf	𭭃
okujuiqm	𭭍
okuhuiqm	𭭎
okklmiqm	𭭏
okhgwfqm	𭭓
okhuqqqm	𭭔
okgsvvqm	𭭕
okglyuqm	𭭖
okvidmdm	𭭚
okccsjvi	𭭡
okhgvifa	𭭣
okviqmfu	𭭥
okvitmyz	𭭧
okwuvivi	𭭩
okwduuxt	𭭪
okviuiug	𭭬
okvisilk	𭭭
okwuhujb	𭭮
okviuawf	𭭰
okviuigu	𭭲
okviuiyu	𭭳
okvivivi	𭭴
okdvvize	𭭻
okvitutu	𭭼
okddsisi	𭮄
okddkzyz	𭮈
okddhghg	𭮉
okddihsi	𭮊
okddppba	𭮍
okddwfsi	𭮐
okddfwfw	𭮖
okddrfhg	𭮘
okxbdduu	𭮙
okddxtrf	𭮚
okddyzjq	𭮞
okddhgho	𭮟
okddwfri	𭮢
okddccho	𭮦
okxbddxb	𭮧
okuieryz	𭮭
okhgziuu	𭮮
okyzqnuu	𭮯
okuihgyz	𭮰
okybkzyz	𭮱
okjqtuuu	𭮳
okihwjuu	𭮴
okbdtuuu	𭮵
okugkzyz	𭮶
okvjkzyz	𭮺
okhgsiyz	𭮻
okiekzyz	𭮼
okuiiruu	𭮽
okuguujx	𭮾
okviytuu	𭮿
okvxyzuu	𭯁
okuguugo	𭯃
okuguuhv	𭯅
okmwrflq	𭯉
okdcklbi	𭯍
okmcdcwf	𭯟
okyapumc	𭯠
okmuihmc	𭯡
okyuyumc	𭯥
okmcwfui	𭯨
okyujnmc	𭯩
okwfbwmc	𭯬
okmctmtu	𭯭
okyjsimc	𭯮
okmcwfqp	𭯯
okrfvemb	𭯰
okqiybmb	𭯳
okuvxtuu	𭯸
okuvbcbi	𭯻
okuvklsi	𭰁
okuvhzuu	𭰂
okuvrfsi	𭰅
okuvjigs	𭰆
okuvyyir	𭰈
okuvdkdk	𭰌
okuvrfdc	𭰐
okuvqiia	𭰑
okuvwfxs	𭰔
okuvuigs	𭰖
okuvuili	𭰛
okuvppif	𭰝
okuvwukz	𭰞
okuvtuge	𭰦
okuvwfyt	𭰧
okuvjusi	𭰨
okuvuzni	𭰬
okuvccsi	𭰯
okuvvibi	𭰱
okuvklbk	𭰲
okuvwuyt	𭰴
okuvrfug	𭰵
okuvwfvg	𭰸
okuvbcmi	𭰹
okuvyiui	𭰺
okuvwhmb	𭰻
okuvgrli	𭰼
okuvuvxb	𭰽
okuvvemb	𭰾
okuvgsnq	𭱂
okuvmacc	𭱃
okuvgscc	𭱄
okuvkeli	𭱅
okuviedc	𭱆
okuvyyrj	𭱋
okuvergj	𭱌
okuvyeuj	𭱎
okuvtmtm	𭱏
okuvccdc	𭱐
okuvwuri	𭱓
okuvhecy	𭱔
okuvzzva	𭱕
okuvxixb	𭱖
okuvxili	𭱗
okuvxkmu	𭱚
okuvjrtu	𭱜
okuvrfrf	𭱟
okuvtdmu	𭱠
okuvfhli	𭱢
okuvieiu	𭱤
okuvuiui	𭱥
okuvgumb	𭱦
okuvyejb	𭱩
okuvyeuv	𭱪
okuvyzwf	𭱬
okuvjmcy	𭱭
okwurfuv	𭱮
okuvwfzi	𭱰
okuvjryc	𭱱
okuvbkxn	𭱲
okuvuida	𭱳
okwuuvnj	𭱷
okuvvoiu	𭱸
okuvlcke	𭱹
okuvccie	𭱺
okuvhumu	𭱼
okuvyecs	𭱽
okuvddwf	𭱾
okuvklqk	𭱿
okuvccwu	𭲁
okuvbdgl	𭲄
okuvrfqi	𭲆
okuvbduj	𭲇
okuvjrhe	𭲈
okuvqmgz	𭲉
okuvjrui	𭲊
okuvwhwf	𭲋
okuvjrui	𭲌
okuvqiui	𭲍
okuvgsba	𭲑
okuvhgbd	𭲒
okuvuixb	𭲓
okuvhgtm	𭲔
okuvuixb	𭲖
okuvwhzs	𭲙
okuvvixb	𭲚
okuvjxri	𭲛
okuvdabw	𭲜
okuvccji	𭲝
okuvyejb	𭲞
okuvytlb	𭲡
okuvrfnv	𭲣
okuvrfve	𭲤
okuvyutm	𭲥
okuvvxwf	𭲦
okuvbcwu	𭲧
okuvxtui	𭲩
okuverih	𭲪
okuvyuqm	𭲬
okuvzuyy	𭲭
okuvrivg	𭲮
okuvbaji	𭲯
okuvvuuu	𭲱
okvjrfuv	𭲲
okuvwfmb	𭲳
okuvwfjq	𭲴
okuvziho	𭲵
okuvxtvv	𭲶
okuvjrbw	𭲷
okuvjbiu	𭲸
okuvbikv	𭲹
okuvvuss	𭲺
okuvmfli	𭲻
okuvyzho	𭲼
okuvviri	𭲾
okuvhumu	𭳁
okuvriba	𭳃
okfuihfu	𭳄
okuvzida	𭳅
okuvhusi	𭳆
okuvgrvv	𭳊
okuvhgcy	𭳍
okuvccvj	𭳎
okuvuoxb	𭳏
okuvdaji	𭳑
okuvgsjb	𭳓
okuvuili	𭳔
okuvyequ	𭳖
okuvsiho	𭳗
okuvwhve	𭳘
okuvuikz	𭳙
okuvccvr	𭳚
okuvveyu	𭳛
okuvbmuu	𭳜
okuverho	𭳝
okuvfubd	𭳞
okuvdaui	𭳟
okuvccwa	𭳡
okuvvumu	𭳣
okuvyhho	𭳦
okuvwfqp	𭳧
okuvqmwf	𭳨
okuvwfsi	𭳩
okuvbcye	𭳪
okuvgcir	𭳫
okuvpucy	𭳭
okuvqmuu	𭳮
okuvqixn	𭳯
okuvgjis	𭳰
okuvccbc	𭳲
okuvxnhu	𭳳
okuvbwwu	𭳴
okuvccjq	𭳷
okuvtmqr	𭳸
okuvbklu	𭳺
okuvernn	𭳻
okjlccvv	𭳼
okuvmfda	𭳽
okvvvvqr	𭳾
okhobaba	𭴑
okxierho	𭴕
okveeryu	𭴚
okbcirho	𭴠
okhosihg	𭴥
okrisiho	𭴫
okhovjkl	𭴭
okhojb	𭴵
okhositm	𭴶
okjqbcho	𭴷
okifyzho	𭴸
okhogsho	𭴹
okhgkzho	𭴺
okdcxiho	𭴾
okrfxiho	𭴿
okhovxrf	𭵂
okhoytqr	𭵃
okrfklho	𭵄
okuvjuho	𭵆
okbcccho	𭵇
okdcklho	𭵈
okhoccli	𭵋
okhoxntu	𭵏
okhoriyu	𭵑
okhoriba	𭵒
okhokzer	𭵓
okhoycuv	𭵔
okhobcfz	𭵖
okhohukz	𭵚
okxbzdho	𭵛
okwfliho	𭵜
okyhuvho	𭵠
okhogsba	𭵡
okhogsys	𭵥
oklbbcho	𭵦
okifrfho	𭵧
okhoccyu	𭵨
okxihouu	𭵫
okhojiho	𭵯
okhoiryi	𭵰
okhojlcy	𭵲
okifvcho	𭵳
okhoyzho	𭵷
okhorivu	𭵹
okifuvho	𭵺
okmundho	𭵾
okhovixb	𭶁
okhogsuu	𭶂
okkzgfho	𭶃
okhoccbf	𭶄
okhoyefu	𭶅
okhohumu	𭶇
okklhjho	𭶉
oktuqmho	𭶊
okrigfho	𭶐
oklijiho	𭶑
okhojqwf	𭶔
okieqrho	𭶕
okuivvho	𭶗
okhowfbw	𭶘
okuuuuho	𭶚
okhofuwf	𭶛
okrfyjho	𭶜
okjnuiho	𭶝
okbcmwho	𭶞
okrfjbho	𭶠
okbcgsho	𭶡
okccviho	𭶢
okhozzvv	𭶤
okwfyhho	𭶥
okhoyisi	𭶦
okhoyhyj	𭶩
okvxkler	𭶪
okvxwhbu	𭶬
okvxppna	𭶮
okvxycyc	𭶯
okvxmuqp	𭶴
okvxvglq	𭶷
okihhevx	𭶸
okpjjb	𭷆
okpmrfyz	𭷌
okjqyznq	𭷘
okqudcnq	𭷠
okqubcnq	𭷣
okuiirnq	𭷤
okyawfnq	𭷥
oknqgsxb	𭷨
oknqxtju	𭷫
okjiuunq	𭷮
okmuihnq	𭷯
okmcihnq	𭷳
okheuvnq	𭷵
oklwnq	𭷶
okqruhve	𭷺
okqrxikl	𭸂
okqrkzkz	𭸅
okqrsifu	𭸉
okqrjqer	𭸍
okqrbdbi	𭸎
okqrbcyt	𭸏
okqrzimb	𭸒
okqrihls	𭸔
okqrirtm	𭸖
okqrvina	𭸜
okqrlikz	𭸟
okqrdaxn	𭸡
okhgysqr	𭸣
okqrucxn	𭸥
okqrjrmb	𭸦
okqrdimu	𭸧
okyebiqr	𭸪
okhgysqr	𭸮
okqrujnn	𭸯
okqrsing	𭸰
okqrbwvi	𭸴
okxkbcyu	𭸼
okhgfutu	𭸽
okwhrfxn	𭹀
okwhuuhg	𭹅
okwhvxcy	𭹑
okwhqmkz	𭹒
okwhjb	𭹔
okwhriri	𭹕
okwhxktm	𭹗
okwhbcmi	𭹘
okwhddwh	𭹚
okwhwfwh	𭹞
okwhbcfz	𭹟
okwhvxrf	𭹠
okwhwfho	𭹡
okwhbcui	𭹣
okwhgsji	𭹥
okwhujge	𭹧
okwhhztu	𭹩
okwhzzva	𭹪
okwhtmwf	𭹭
okwhuiyz	𭹮
okwwjiwh	𭹯
okwhyumi	𭹲
okwhdgmi	𭹵
okwhddmi	𭹷
okwhwhks	𭹸
okwhuiyi	𭹹
okwhppxn	𭹻
okwhxtxn	𭹽
okwhlqvv	𭹾
okwhtmho	𭹿
okwhccqi	𭺃
okwhrifh	𭺄
okwhjnyh	𭺅
okwhvxwf	𭺆
okwhlixn	𭺇
okwhrfho	𭺈
okwhrfwf	𭺉
okwhhoqr	𭺍
okwfytyu	𭺏
okwhwfbw	𭺐
okwhbcmu	𭺒
okriujuj	𭺔
okwhjmjm	𭺕
okwhccwf	𭺖
okhgppdm	𭺛
okhgjqer	𭺜
okwahuui	𭺥
okhgeruu	𭺪
okhguhuu	𭺫
okgjbcyh	𭺭
okccwwug	𭺶
okccsjys	𭺺
okriuupp	𭺽
okjxcchg	𭺾
oktmppdm	𭻊
okberipp	𭻋
oktmndmu	𭻐
okeruvtm	𭻑
oktmsiyz	𭻒
okjxriyt	𭻝
okjxuzrf	𭻡
okkztmbi	𭻦
okhgtmho	𭻨
okhgtmhg	𭻩
oktmlcke	𭻪
okrftmho	𭻯
oktmcsyi	𭻰
okhgtmho	𭻴
oktmkzyi	𭻵
oktmbchg	𭻸
okuitmtm	𭻹
oktmtmdo	𭻼
okpiccle	𭻽
okhgrizz	𭻿
okvevipi	𭼀
okgskzpi	𭼁
okrfsipi	𭼂
okvitmpi	𭼃
okuhuizz	𭼅
okbknqba	𭼋
okbkirda	𭼍
okbkxkli	𭼎
okbkxitu	𭼗
okbkrfer	𭼘
okbkcsxb	𭼙
okbkbcxb	𭼚
okbkhegs	𭼜
okbklikz	𭼝
okbkyhxb	𭼞
okbkyuxt	𭼠
okbkdgis	𭼦
okbkycge	𭼧
okbkytqr	𭼩
okbkytge	𭼪
okbkvxwf	𭼬
okbkerih	𭼭
okbkmuyj	𭼮
okbkpncy	𭼱
okbkhuvv	𭼲
okbkqrtu	𭼶
okbkuvvi	𭼷
okbkqmsi	𭼸
okbkbwwa	𭼹
okbkyiye	𭼺
okbkbwvv	𭼻
okbkrfwf	𭼼
okppiaba	𭼽
okppiatm	𭼾
okppiadz	𭽁
okwffhwf	𭽂
okdghggl	𭽄
okbdhgve	𭽇
okbduuhg	𭽈
okbdriuu	𭽒
okbdugdm	𭽓
okbdrfba	𭽖
okbdhgyi	𭽘
okbdhvwu	𭽙
okmbwfbd	𭽞
okpirfye	𭽤
okbayypi	𭽦
okxtxtpi	𭽪
okgsytpi	𭽬
okuierpi	𭽯
okbaihpi	𭽶
okhudzpi	𭽷
okvupids	𭽸
okerispi	𭽻
okppyzmb	𭽽
okqmfumb	𭾂
okkzrfmb	𭾆
okquqmmb	𭾈
okyzbamb	𭾉
okuiyzmb	𭾊
okkzrfmb	𭾋
oktugumb	𭾌
okqimimb	𭾍
okkzgumb	𭾏
okhgtmmb	𭾐
okifuemb	𭾑
okvigfmb	𭾒
okuvkhmb	𭾔
okdkyumb	𭾕
okhequdz	𭾖
okvjerpp	𭾛
okmuhgir	𭾡
okmugshg	𭾤
okmuglsi	𭾦
okpplcmu	𭾩
oksiveyi	𭾪
okmuiydm	𭾳
okmubcvi	𭾷
okyawfmu	𭾹
okmurimu	𭾻
okxiwfmu	𭾽
okbkyimu	𭿀
okmusv	𭿂
okccbcmu	𭿃
okmuccer	𭿆
okmuujis	𭿇
okbiuimu	𭿌
okifuumu	𭿐
okpptuyh	𭿓
okmudacc	𭿗
okmuziuj	𭿙
okmuhufu	𭿛
okmubcju	𭿜
okmuziui	𭿟
okmuccqp	𭿣
okmuuiuv	𭿤
okmumufg	𭿥
okuguumu	𭿩
okmurfyz	𭿪
okmucche	𭿫
okmubcba	𭿬
okmubwyi	𭿮
okmuyisi	𭿯
okyipimu	𭿲
okmumusi	𭿴
okklvepp	𭿵
okxivepp	𭿶
okmcxnbw	𭿻
okuigehg	𮀆
okmuirui	𮀇
okviuiyu	𮀉
okuiverf	𮀌
okwftuui	𮀒
okuiyikz	𮀕
okuidmvg	𮀗
okwfxsui	𮀘
okddyzui	𮀜
okbdwfui	𮀯
okbdwhui	𮀱
okuibckl	𮀳
okuisimu	𮀵
okuigjuz	𮀶
okuihuwf	𮀸
okuizida	𮀹
okuiyuuu	𮀽
okuijxyt	𮀾
okuiirbw	𮁁
okuijqbw	𮁃
okuilimu	𮁄
okuigsfu	𮁅
okuiccyu	𮁆
okuiheyu	𮁈
okuiwhmu	𮁊
okuiccmb	𮁌
okuihkui	𮁍
okuixtvv	𮁎
okuibdui	𮁏
okuibkmu	𮁐
okuitmqp	𮁓
okuiccif	𮁔
okuimavo	𮁘
okuiccle	𮁚
okuixtmu	𮁛
okppiaui	𮁨
okppihkz	𮁩
okppndmu	𮁳
oklquiuu	𮁶
okhgbcui	𮁸
okddyzui	𮁹
okpprfdm	𮁼
okppkzvi	𮂂
okbiuihe	𮂄
okppjqgs	𮂈
okppppfu	𮂊
okpptmyh	𮂍
okuguuui	𮂐
okppwftm	𮂔
okppxisi	𮂗
okppytqr	𮂘
okpplqyi	𮂜
okpptucy	𮂞
okppmmqp	𮂟
okppfubw	𮂠
okppvxkl	𮂢
okppqixn	𮂧
okppvufa	𮂫
okujxssi	𮂬
okycbcyu	𮂮
okhebcbi	𮂵
okhejibk	𮂷
okheppyz	𮂺
okheihho	𮃃
okhendmu	𮃄
okhejb	𮃆
okhedakv	𮃈
okheujys	𮃋
okhebcmi	𮃌
okherfyh	𮃍
okhevxer	𮃎
okhewfys	𮃏
okhegsxb	𮃐
okheyuyt	𮃒
okhexitu	𮃓
okhesifh	𮃕
okhexiwh	𮃖
okhejquj	𮃗
okheqmkl	𮃘
okheqmkl	𮃙
okheyzri	𮃛
okhewfve	𮃞
okqqwfri	𮃢
okheuugo	𮃥
okhemitm	𮃪
okhejixn	𮃮
okrfcche	𮃰
okhebcli	𮃱
okhevjli	𮃵
okheluhe	𮃶
okxthger	𮃺
okxtjb	𮄀
okxttuve	𮄁
okxtxbww	𮄆
okxtgjqm	𮄈
okxtzudc	𮄉
okxtvxtm	𮄋
okxtrfyz	𮄎
okxtuugo	𮄑
okxtsiys	𮄒
okxtpjgc	𮄔
okxtpjuf	𮄕
okxtvixb	𮄖
okxtvjjm	𮄗
okxtrfyu	𮄘
okxtjllz	𮄙
okxtuijm	𮄚
okxtdcho	𮄛
okxtvzyz	𮄝
okxtzujm	𮄟
okxtpjvo	𮄡
okxtzuho	𮄢
okxtsier	𮄣
okxtgekz	𮄤
okxtpjmg	𮄥
okxtjlmg	𮄦
oklibcjm	𮄼
oklilidm	𮄿
okvudmwu	𮅂
okvuuinm	𮅉
okvurfxn	𮅌
okvuklpp	𮅏
okvuiyee	𮅒
okvuuvyy	𮅔
okvumuda	𮅕
okvuuzvi	𮅚
okvurfyy	𮅛
okvumulk	𮅦
okvumuuf	𮅧
okvubfvi	𮅨
okvubcif	𮅬
okvulnkl	𮅮
okvuieqi	𮅯
okvuuili	𮅲
okvurfys	𮅴
okvuhgyi	𮅶
okvubder	𮅷
okvumuyz	𮅺
okvuhuqq	𮅽
okvuriri	𮅾
okvuueui	𮆃
okvufhlq	𮆅
okvuuzfh	𮆇
okvuyzmb	𮆊
okvusidd	𮆋
okvuhugs	𮆌
okvuqqdi	𮆍
okvuhgbk	𮆔
okvuhgdj	𮆕
okvummwf	𮆖
okvusifa	𮆘
okvusiyi	𮆙
okvufzxi	𮆚
okvuhebw	𮆛
okvuyhyz	𮆜
okvuwhnv	𮆝
okvudvxb	𮆞
okvuqmpi	𮆟
okvuuziy	𮆢
okvuriyj	𮆣
okvumfhe	𮆤
okvugcmu	𮆥
okvugsvv	𮆦
okvuuixi	𮆧
okvujibw	𮆪
okvufubw	𮆫
okvubjmb	𮆮
okvuxbzg	𮆱
okvudils	𮆲
okvubcfj	𮆳
okvuijho	𮆴
okvuvgnn	𮆶
okvurisi	𮆷
okvuhetm	𮆹
okvurfmu	𮆺
okvuxbhs	𮆽
okvuuuhs	𮆾
okvugllu	𮆿
okvucjcj	𮇀
okvusijq	𮇂
okmivexx	𮇊
okmiglsi	𮇋
okwfdmmi	𮇓
okmippba	𮇚
okmixibu	𮇣
okvixsmi	𮇦
okmixsuu	𮇩
okvitmmi	𮇬
okmiqmhe	𮇰
okmidgxn	𮇲
okhebcmi	𮇵
okmibdgj	𮇸
okmiuvmu	𮇹
okmijrjq	𮇺
okccrfmi	𮇽
okmipbxn	𮇿
okiiuumi	𮈀
oksibcia	𮈅
oksivhvh	𮈌
okxinasi	𮈏
oksisiyz	𮈐
okfgrfsi	𮈑
okyzbcsi	𮈓
oksiqmzz	𮈕
okuibcsi	𮈖
oksisiwh	𮈘
oksiccdk	𮈙
okugrfsi	𮈛
oksibcmi	𮈜
oksiglvg	𮈞
oksimikl	𮈟
oksixtxi	𮈠
oksigsxn	𮈢
oksisivi	𮈣
oksihvwf	𮈦
oksiklnv	𮈧
oksivsyt	𮈨
oksisifh	𮈫
oksiujer	𮈭
oksimcxb	𮈯
oksixkmu	𮈰
oksiuudk	𮈱
oksixnbw	𮈲
oksibcyj	𮈶
oksiwfkz	𮈷
oksiirbw	𮈸
oksihghu	𮈺
oksikzhv	𮈻
oksixtxb	𮈾
oksibccd	𮉁
oksiyccc	𮉃
oksivxwf	𮉆
oksixklv	𮉇
oksiqmcs	𮉈
oksiccri	𮉊
oksidcyb	𮉍
oksirfsi	𮉎
oksiihhw	𮉐
oksigoyi	𮉑
okrosisi	𮉔
oksivvjs	𮉖
oksihgmb	𮉗
oksibklu	𮉟
okrfccuj	𮉰
okfzdmfz	𮉵
okfzccys	𮉷
okfzrfvv	𮉸
okhgbcfz	𮉺
okqtfwqu	𮉻
okppkluu	𮉼
okbcerui	𮉾
okklrfgu	𮊁
okrfsiba	𮊆
okklrfda	𮊇
oksiuiyt	𮊉
okklrfdi	𮊊
okwhsiwh	𮊌
okghrijb	𮊎
okbcbagx	𮊏
oksiyhmc	𮊐
oksisisi	𮊒
oksiyuri	𮊕
okwhyzho	𮊖
okklbaic	𮊗
oksihgtm	𮊚
oksiyjmc	𮊛
okklvfli	𮊜
oksiihmc	𮊝
okklrfqi	𮊞
oksisiyr	𮊟
oksigenn	𮊡
okyhwusi	𮊦
okyhbchu	𮊧
okyhheia	𮊫
okyhziui	𮊳
okyhmmmc	𮊴
okwhsiyh	𮊵
okersiyh	𮊷
okxtxtri	𮊸
okxtrfxn	𮊿
okxtrfxn	𮋀
okifyzyu	𮋅
okjmyu	𮋇
okbdfgyu	𮋉
okdcuiyu	𮋊
oksiuvyu	𮋏
okbcjkyu	𮋐
okycpiyu	𮋑
okmitmyu	𮋒
okyuyccc	𮋓
okvoheyu	𮋖
okzulqyu	𮋗
okfubwyu	𮋘
okvodayu	𮋙
okiuglvd	𮋚
oklcuhri	𮋝
okdrppyz	𮋟
okwfyaer	𮋡
okererxs	𮋢
oklwbakz	𮋧
okerwukz	𮋱
okermugs	𮋴
okerxrdz	𮋸
okrfqmer	𮋹
okyiuuer	𮋺
okugkzer	𮋻
okkzvjer	𮋽
okjiujer	𮋾
okvehgdm	𮌁
okyukluu	𮌄
okyukluu	𮌆
okkluudm	𮌇
okytbcve	𮌍
okbcveyt	𮌎
okytbags	𮌏
okytqimu	𮌒
okytwwuu	𮌓
okwfkzyt	𮌔
okytuhri	𮌖
okytujbi	𮌗
okytbcfz	𮌚
oksiytuj	𮌛
okytxixb	𮌢
okytglkl	𮌣
okytsixn	𮌤
okythgjb	𮌦
okytjlvi	𮌨
okrfkzji	𮌩
okyuhgyy	𮌫
okytyhuv	𮌮
okytliyt	𮌯
okytdgui	𮌰
okytccyu	𮌵
okytrfwu	𮌷
okythufu	𮌸
okytxiwf	𮌼
okytdcyb	𮍀
okytwfyi	𮍁
okyttuwa	𮍃
okytccuu	𮍆
okytyjbi	𮍇
okjbifyt	𮍈
okrzvuli	𮍉
okkzklyz	𮍍
okhgpjif	𮍎
okgepjkz	𮍐
okdmwuif	𮍒
okifriyu	𮍓
okziihuj	𮍖
okzirfyi	𮍙
okziyidm	𮍚
okzibckz	𮍛
oknpjqwh	𮍝
okziziui	𮍞
oktsbcvi	𮍤
okjqbawh	𮍪
okxihgba	𮍫
okdmhgba	𮍬
okddhgba	𮍭
okuvhgba	𮍮
okjqzier	𮍯
okjqhgba	𮍰
okmihgba	𮍱
oktsbcff	𮍲
okycnvan	𮍳
okbaihue	𮍹
okueuvtm	𮍾
okyjsiir	𮎂
okvzyzsi	𮎅
okvzkzyz	𮎆
okvzkzrf	𮎏
okvzbcvi	𮎑
okvzyhmb	𮎔
okvzfubd	𮎖
okvzhgmb	𮎗
okjigugf	𮎚
okdabdse	𮎞
okccbcbi	𮎠
okccjqyz	𮎢
okccxtve	𮎣
okccklsi	𮎤
okccbada	𮎦
okqmklba	𮎧
okccdasi	𮎨
okccytyz	𮎭
okccbcrf	𮎯
okccrfer	𮎰
okccrfna	𮎱
okccbdve	𮎲
okhgklve	𮎳
okccvuve	𮎵
okccglqm	𮎶
okccuvve	𮎷
okccbcqm	𮎸
okgskztu	𮎹
okccquir	𮎻
okccklif	𮎼
okccifve	𮎽
okgssitm	𮎾
okcctmve	𮎿
okccihmb	𮏁
okccxsir	𮏇
okccgswf	𮏉
okccxtyz	𮏋
okccsida	𮏌
okccuvba	𮏍
okccbcge	𮏎
okccbatu	𮏏
okccbcgs	𮏐
okccbcbi	𮏑
okccyuyt	𮏒
okccwuwu	𮏓
okcchvwu	𮏔
okcckldn	𮏕
okgsqmfu	𮏖
okccklbi	𮏗
okccdcba	𮏘
okccrfvi	𮏙
okccwhir	𮏞
okccuvyz	𮏟
okccuvdd	𮏠
okccbiye	𮏡
okccziqp	𮏢
okccjkyi	𮏣
okccbdmu	𮏦
okccpoyt	𮏨
okccnmww	𮏩
okcckzri	𮏪
okccyayz	𮏬
okccddqp	𮏭
okccjxdc	𮏯
okccmubi	𮏰
okccvscs	𮏳
okccjnli	𮏴
okccrfyj	𮏵
okccqrjx	𮏶
okccheuu	𮏷
okccrfdm	𮏸
okccrfiy	𮏻
okccrfyz	𮏼
okccfhxn	𮏾
okccdcmu	𮏿
okcclqyi	𮐀
okccuiqm	𮐁
okgstmkz	𮐇
okccuifh	𮐈
okccrime	𮐋
okccvsmu	𮐎
okccgxui	𮐏
okccytgf	𮐐
okccqrxi	𮐑
okccrfqy	𮐒
okcccctu	𮐓
okccxbyc	𮐔
okccyiba	𮐖
okcczduj	𮐗
okccxtmu	𮐙
okccwhyt	𮐛
okccbibi	𮐜
okcciryi	𮐞
okcchebc	𮐠
okccmufu	𮐡
okccwhfu	𮐢
okcchgiu	𮐣
okccwhdk	𮐥
okcclucy	𮐦
okccbwbi	𮐧
okccklvv	𮐩
okcckzmu	𮐪
okccgecc	𮐬
okccklwf	𮐭
okccyupu	𮐮
okcchecc	𮐯
okccbder	𮐰
okccheuu	𮐱
okccrfyh	𮐲
okccnqfu	𮐳
okccqrvv	𮐴
okccbctu	𮐵
okccernm	𮐶
okcceryi	𮐷
okccsink	𮐸
okcclnho	𮐹
okccwumb	𮐺
okccwukz	𮐻
okccwukz	𮐼
okccsiqm	𮐾
okcccici	𮐿
okccwhmu	𮑃
okccyzju	𮑄
okccklro	𮑆
okccrfyz	𮑈
okcchehj	𮑉
okccdadc	𮑊
okccfwvi	𮑋
okccbclq	𮑐
okccuifu	𮑑
okccuvuv	𮑓
okccuvjm	𮑔
okccuijm	𮑖
okcclwsi	𮑙
okccytxn	𮑚
okccllyi	𮑛
okccwfho	𮑜
okccsixb	𮑝
okccifxb	𮑠
okccqivi	𮑢
okccqipi	𮑣
okccrijb	𮑤
okccmubi	𮑥
okccsimi	𮑦
okccbmww	𮑧
okccheyt	𮑨
okccerer	𮑩
okccklwf	𮑪
okccdzuu	𮑬
okcchexi	𮑭
okccuvvi	𮑮
okccglkz	𮑯
okccuvba	𮑰
okccyifu	𮑱
okccuvuv	𮑲
okccvzyz	𮑵
okccyhho	𮑶
okccglue	𮑷
okccfhjq	𮑸
okccyuuv	𮑹
okccpjfu	𮑻
okcchecy	𮑼
okgscsyi	𮑽
okccuuuu	𮑾
okgsytis	𮑿
okccwfug	𮒂
okccklvg	𮒆
okcciawf	𮒈
okccmmmm	𮒉
okccrfjb	𮒊
okcchecy	𮒋
okccwhwf	𮒎
okccuvjm	𮒐
okccuvnn	𮒒
okccuigo	𮒓
okccsiqp	𮒕
okccsixi	𮒖
okcchevi	𮒗
okccwfyj	𮒘
okccldhv	𮒙
okccfuxi	𮒚
okccviyy	𮒛
okccuzjn	𮒝
okccyzho	𮒞
okccfubw	𮒟
okmnhgho	𮒡
okcclzvx	𮒢
okccvvjs	𮒣
okcchexb	𮒤
okccbida	𮒥
okccerlb	𮒧
okccsiyb	𮒨
okccmdug	𮒩
okccdzbw	𮒪
okccjiho	𮒫
okccbkbw	𮒮
okccgftu	𮒰
okccvive	𮒱
okccyjyh	𮒲
okccfhfj	𮒳
okccxbyi	𮒵
okccpizi	𮒶
okccxbmi	𮒷
okccviyi	𮒸
okccyjyj	𮒹
okccgeqi	𮒺
okccmdvi	𮒻
okccmfve	𮒼
okccsiwu	𮒽
okccyzyu	𮒿
okcctugv	𮓀
okccpiuz	𮓂
okmphgsi	𮓅
okccjbvi	𮓈
okcchohe	𮓊
okccddxb	𮓋
okccuilz	𮓍
okccsixk	𮓏
okcchwgc	𮓐
okccpimi	𮓒
okccerba	𮓓
okccerfu	𮓕
okccyuqp	𮓖
okuuhgtu	𮓗
okhguibi	𮓘
okhguiji	𮓙
okuuuiyz	𮓚
okhguijb	𮓜
okhguiyt	𮓞
okhguihg	𮓠
okhguiye	𮓡
okuubayt	𮓢
okhuvxqn	𮓣
okhguiwu	𮓥
okhukzji	𮓨
okhgyeqn	𮓩
okxnzchu	𮓫
okhudzxi	𮓬
okxnxnkl	𮓭
okhuucxn	𮓮
okvsdmhg	𮓰
okppvshg	𮓱
okdcnais	𮓵
okisihqn	𮓺
okisbaba	𮓼
okisybdm	𮔃
okwfdmis	𮔇
okisrfve	𮔈
okbcyzis	𮔉
okisuzpm	𮔋
okisujba	𮔌
okisuhri	𮔍
okisbcqp	𮔎
okisriyt	𮔙
okisppvi	𮔜
okisliuu	𮔝
okdderis	𮔞
okisjumu	𮔟
okistdmb	𮔡
okistmbi	𮔢
okiswfxn	𮔥
okmbwfis	𮔧
okisdzcy	𮔨
okisjlcy	𮔬
okisuvtm	𮔭
okiswfyt	𮔮
okwfyais	𮔰
okisccfu	𮔴
okispbqn	𮔵
okisbkxb	𮕄
okisuiqi	𮕇
okishgyz	𮕈
okquisis	𮕉
okissier	𮕋
okisfubw	𮕌
okvxklis	𮕎
okisvvjs	𮕐
oksitmis	𮕑
okppisis	𮕕
okiswhnv	𮕗
okisccjs	𮕘
okishgmm	𮕚
okuiuiis	𮕛
okycpumb	𮕡
okyiercc	𮕩
okyikler	𮕫
okyijkhg	𮕱
okppvsyi	𮕵
okpprfjb	𮕶
okrfkzyi	𮕷
okyirfri	𮕻
okpprfdj	𮕾
okbcyayi	𮖊
oklqtuyi	𮖋
okppmfkd	𮖌
okppirtm	𮖓
okuzuzyi	𮖖
okpptmbi	𮖘
okppheuu	𮖙
okyicsjk	𮖚
okwfkzyi	𮖟
okyisijk	𮖠
okppxsyt	𮖣
okyiujmu	𮖥
okyiytgu	𮖬
okppyuvf	𮖮
okppwukz	𮖰
okppjiye	𮖱
okpperer	𮖲
okppihcy	𮖳
okppigcy	𮖸
okppklhv	𮖾
okxidasi	𮗁
okxijxve	𮗂
okxixidm	𮗃
okxillll	𮗇
okycanan	𮗉
okxigeyb	𮗋
okximake	𮗌
okdcbcjm	𮗏
okuubcjm	𮗓
okuubcjm	𮗖
okkzrfjm	𮗘
okgsvvjm	𮗚
okccytjm	𮗛
okyubcjm	𮗜
okrfhgys	𮗟
okdcdmys	𮗠
okjneeui	𮗨
okjnriyz	𮗭
okrfyswu	𮗮
okjnwfbm	𮗱
okjncvyu	𮗴
okjnkzdz	𮗶
okyjbcbi	𮗽
okgsdcyj	𮗿
okyjkzyz	𮘂
okyjrfgj	𮘅
okyjwfrf	𮘈
okyjdayu	𮘊
okyjqrsi	𮘋
okyjrfdj	𮘍
okycyjyc	𮘎
okxnihyj	𮘐
okyjzzqi	𮘔
okyjbcgf	𮘙
okyjxtkv	𮘛
okwfwfyj	𮘝
okhohoyj	𮘠
okuubayj	𮘤
okyjujcy	𮘥
okyjvxjq	𮘦
okyjlikz	𮘩
okyjvedn	𮘪
okyjsiqp	𮘬
okyjbdqu	𮘮
okyjwffg	𮘯
okyjpbqn	𮘲
okbwqmyj	𮘳
okyjufwf	𮘴
okyjxtxn	𮘸
okyjqmcs	𮘹
okyjhopu	𮘽
okyjwfmu	𮙂
okyjucma	𮙃
okyjyuvi	𮙄
okyjxuge	𮙅
okyjwfyj	𮙆
okyjccww	𮙈
okwuuhgu	𮙏
okheyugu	𮙑
okqudzuj	𮙕
okdoqudz	𮙗
okvuvudz	𮙘
okyivizc	𮙙
okhgxnui	𮙛
okrfklui	𮙝
okbaklui	𮙞
okhguiui	𮙟
okrfsiui	𮙠
okfguidm	𮙢
okuibujm	𮙤
okvippna	𮙥
okvibcer	𮙩
okvibdbi	𮙪
okbwpprf	𮙯
okxnhgbw	𮙲
oktubabw	𮙹
okdababw	𮙺
okbwrfxn	𮙾
okuigebw	𮚂
okrfvxbw	𮚃
okglklbw	𮚊
okjijibw	𮚋
oktmtmbw	𮚌
okgshobw	𮚏
okbwriyt	𮚐
okthuibw	𮚑
okbwrfmi	𮚒
okizulbw	𮚔
okifrfbw	𮚕
okbwtmri	𮚖
okbwmuxb	𮚗
okwfjsbw	𮚘
okifwfbw	𮚚
okbwccvl	𮚛
okbwbwfj	𮚝
okbwhgbw	𮚞
okfufubw	𮚡
okglyubw	𮚥
okwhsibw	𮚨
okmdmfkd	𮚬
okmuvvia	𮚭
okbwbcia	𮚮
okmwvfvf	𮚯
okfufufu	𮚰
okzzrfxn	𮚶
okzzihgj	𮚺
okzzvskz	𮚾
okzubaba	𮛎
okzuqmzz	𮛙
okzubitu	𮛚
okzujb	𮛟
okzuhvwu	𮛡
okzuriyt	𮛥
okzuklkz	𮛩
okzuvxfu	𮛪
okzudcjq	𮛫
okzujxcy	𮛮
okzutmtd	𮛳
okzuxidk	𮛷
okzuqmkl	𮛸
okzuivhg	𮛺
okzuiuri	𮛼
okzurfzz	𮜀
okzucszz	𮜉
okzuffcy	𮜊
okieuuzu	𮜋
okzusiyu	𮜍
okzutmcy	𮜔
okzurfpi	𮜕
okzurfcy	𮜚
okzurfbw	𮜛
okzucche	𮜝
okgllwzu	𮜟
okzuuizg	𮜠
okzuticy	𮜢
okzuglui	𮜥
okzuqiqp	𮜦
okzudvxb	𮜧
okzuyjwf	𮜬
okyjsizu	𮜭
okufhgyy	𮜱
okufyzqn	𮜷
okufyidm	𮜸
okufccvv	𮜾
okierfui	𮝂
okiekzyz	𮝇
okierfxn	𮝑
okhuwfie	𮝕
okieddqm	𮝗
okuiirie	𮝘
okieklhe	𮝜
okieklwh	𮝝
okiekzyu	𮝞
okieirxs	𮝟
okieiytm	𮝠
okieerxb	𮝡
okieisyt	𮝢
okiehgjs	𮝣
okieuuxn	𮝥
okyriequ	𮝦
okieccvf	𮝮
okielitu	𮝯
okiefubw	𮝰
okiesiwh	𮝲
okiesiyi	𮝹
okihgsyi	𮝾
okviuuyi	𮞂
okvidmrf	𮞃
okvihgkz	𮞄
okvihgjb	𮞆
okviklsi	𮞉
okvirftu	𮞋
okvibawj	𮞍
okviihjb	𮞏
okvikzyu	𮞐
okviglrf	𮞔
okviveyi	𮞕
okviqucc	𮞗
okvihgyt	𮞘
okvihgrj	𮞙
okvihvwu	𮞚
okvidakz	𮞜
okviccuz	𮞞
okviccyi	𮞠
okviriyz	𮞡
okvirfis	𮞣
okviwuwu	𮞥
okviwfww	𮞦
okvibajb	𮞧
okvirikz	𮞪
okvixnkz	𮞭
okvikznq	𮞮
okviyzri	𮞯
okviglyu	𮞳
okvijqtu	𮞴
okviyzyj	𮞵
okvihgpb	𮞷
okvihgri	𮞸
okviujyz	𮞹
okvivuuz	𮞺
okvinnfh	𮞽
okvibdfh	𮞾
okvixilk	𮟀
okvidavv	𮟁
okvisiyi	𮟃
okviviwf	𮟅
okvivuvg	𮟆
okvixtif	𮟇
okviuivv	𮟈
okvirivv	𮟌
okvibcsv	𮟏
okvivugc	𮟐
okviuftu	𮟑
okvimucc	𮟒
okvizuzi	𮟓
okviuzye	𮟖
okvizifh	𮟗
okvilbyu	𮟘
okvihhfh	𮟚
okviglgo	𮟜
okvilbie	𮟝
okvirfjb	𮟞
okvierlb	𮟠
okvibczy	𮟡
okvizirs	𮟣
okvimfyh	𮟥
okvibwsv	𮟦
okyrqier	𮟧
okkluuer	𮟯
okklccer	𮟰
okbakzer	𮟲
okkzkzyi	𮟹
okrigser	𮟻
oknqcsyi	𮟾
okuimuer	𮟿
okppccer	𮠁
okdcbwer	𮠂
okdmfuer	𮠄
okiryiyi	𮠅
okgslier	𮠆
okquuier	𮠇
okdgbwer	𮠉
okklyjer	𮠊
okmcyaer	𮠋
okdcluer	𮠌
oklqyier	𮠍
okycdayi	𮠏
okjuhuer	𮠐
okyjbier	𮠑
okglhwer	𮠒
okuiujer	𮠓
okgltuer	𮠔
okhgklsj	𮠕
okhgveyz	𮠙
okrfccsj	𮠚
okdabayz	𮠡
okyzxier	𮠣
okyzbcve	𮠤
okyzhgzo	𮠮
okuhyzyz	𮠯
okyzhgji	𮠽
okyzyhbw	𮡁
okyzxtxn	𮡄
okyzcche	𮡈
okrfbwyz	𮡉
okyzyics	𮡌
okbmvjho	𮡐
okuguubm	𮡑
oklikzkv	𮡔
okyabcli	𮡘
okheyzli	𮡚
okuguuvs	𮡞
okyiwfli	𮡟
okyiuuli	𮡠
okjbcchg	𮡩
okjbvepp	𮡪
okjbrfsi	𮡫
okjbklyz	𮡭
okjbxier	𮡯
okjbrfgj	𮡰
okjbrfyz	𮡴
okjblili	𮡷
okjbklia	𮡹
okjbppdm	𮡺
okjbuzvi	𮡻
okjberdc	𮡼
okjbrfui	𮡽
okjbsipi	𮡿
okjbdgyz	𮢀
okjbhgyz	𮢂
okjbyugu	𮢃
okjberer	𮢄
okjbklvu	𮢉
okjbyzcc	𮢋
okjbrfue	𮢍
okjbuzvi	𮢐
okjbppju	𮢑
okjbglvu	𮢔
okjbqier	𮢕
okjbbciy	𮢖
okuvbajb	𮢗
okjbxkmu	𮢚
okjbgjqm	𮢞
okjbsivi	𮢟
okjbtmbi	𮢠
okjbbdri	𮢡
okjbwfyu	𮢢
okjbwfwf	𮢥
okjbyzbw	𮢧
okjbuiwh	𮢨
okjbccys	𮢫
okjbyhyt	𮢮
okjbxtba	𮢰
okjbzzyu	𮢱
okjbsiff	𮢲
okjbbf	𮢲
okerlljb	𮢳
okjbccgu	𮢴
okjbiiqm	𮢵
okyiuujb	𮢶
okjblcke	𮢷
okbuwfjb	𮢸
okjbqrqi	𮢺
okjbbapf	𮢼
okjbuigs	𮢾
okjbybge	𮢿
okjbhuyu	𮣀
okjbvikl	𮣁
okjbvoge	𮣃
okxmxmjb	𮣄
okjbxibw	𮣅
okjbvxwf	𮣈
okjbbcvf	𮣉
okjblibw	𮣊
okjbirye	𮣍
okjbyuxn	𮣎
okjblqyi	𮣐
okjbjicy	𮣑
okjbghcy	𮣒
okjbsicy	𮣓
okjbmodc	𮣔
okjbheri	𮣕
okjbjlda	𮣗
okjbglho	𮣘
okjbrfwf	𮣚
okjbvvxl	𮣛
okjbbaho	𮣝
okjbuihe	𮣞
okjbvgvg	𮣟
okjbjxbw	𮣠
okccuujb	𮣡
okjbcccc	𮣢
okjbciho	𮣤
okjbzuro	𮣥
okjbuiyu	𮣧
okjbxtve	𮣨
okmusijb	𮣩
okjbbwyi	𮣪
okjbbcyj	𮣫
okjbvusi	𮣬
okjbwhnv	𮣭
okjblzye	𮣯
okjbbwvi	𮣰
okjblulu	𮣱
okjbhuui	𮣷
okihgser	𮣽
okihrfrj	𮣿
okihklwf	𮤆
okmffgji	𮤐
okmffgyz	𮤑
okmfriba	𮤔
okmfycda	𮤚
okmfxivi	𮤛
okmferyz	𮤜
okmfgvyz	𮤝
okmfuiva	𮤞
okmfdzjb	𮤟
okmfgvgf	𮤢
okmfziui	𮤤
okmfuvjq	𮤥
okmfdavi	𮤨
okmfkdgv	𮤩
okmfihmo	𮤪
okmfkdwu	𮤴
okerglsi	𮤾
okerdkri	𮥀
okerwfxs	𮥅
okermucy	𮥎
okervasi	𮥏
okerhoxn	𮥑
okerdgug	𮥓
okermmpp	𮥖
okerujqy	𮥘
okerppyi	𮥙
okerxtxb	𮥚
okerrfxn	𮥠
okersiyi	𮥥
okerrifh	𮥧
okerlidc	𮥨
okerrfcy	𮥩
okerbkmu	𮥫
okerrfmu	𮥬
okerfuwf	𮥮
okerkeke	𮥯
okerqixn	𮥱
okerbwcy	𮥳
okviuili	𮥵
okrfhgvv	𮥶
okrfvvnd	𮥸
okwfkzvv	𮥿
okhgvvkv	𮦁
okccvvvv	𮦃
okhgjbba	𮦄
okhgjbcs	𮦆
okyuerkz	𮦊
okyuxier	𮦍
okyuuvwh	𮦏
okyutumu	𮦐
okyurfmu	𮦓
okyuyyyy	𮦖
okyuriww	𮦠
okyuliwf	𮦢
okyuwhuv	𮦤
okyuuvtk	𮦧
okyuuvif	𮦩
okyuuvpb	𮦪
okyuuvmb	𮦬
oklwujba	𮦯
okhobaqn	𮦱
okyudzcy	𮦵
okyuuvhl	𮦶
okyuuvbb	𮦺
okuikzho	𮦻
okyuuvjm	𮦼
okyuuvtu	𮦿
okyuuvls	𮧁
okyuuvxn	𮧂
okuigefw	𮧇
okuicsmm	𮧌
okbihgmm	𮧒
okcckzui	𮧓
okbkfjge	𮧗
okgesili	𮧚
okgemfkd	𮧛
okgewfys	𮧟
okvcgevi	𮧤
okgejigu	𮧦
okgeccfg	𮧧
okgepbyu	𮧪
okgeccwu	𮧬
okgerfho	𮧭
okvekzjb	𮧮
okvehgdn	𮧯
okklkznq	𮧰
okwwvxjq	𮧲
okybyzsj	𮧻
okuhveye	𮨁
okkzyzye	𮨄
okjixiye	𮨅
okihklye	𮨇
okppkzye	𮨈
okwhtuye	𮨉
okwuxiye	𮨊
okujwhye	𮨋
okdcjqye	𮨌
okbilwye	𮨍
okdaxiye	𮨎
okkzpiye	𮨐
okqpirye	𮨑
okrumiye	𮨓
okmijiye	𮨔
okhgfhye	𮨗
okkzyekz	𮨘
okujxiye	𮨙
okyikzye	𮨛
okvidzye	𮨜
okyzjqye	𮨝
okdcxbye	𮨞
okjrsiye	𮨟
okuvmmye	𮨡
okfgdgis	𮨱
okfgyuvf	𮨵
okuiklsi	𮨺
okuixser	𮨼
okyefull	𮨽
okuihvyz	𮨾
okuivxjq	𮩁
okuidzba	𮩂
okuijuho	𮩃
okgjxkui	𮩄
okuimfgr	𮩆
okuiccig	𮩈
okuiyhia	𮩊
okuibcwf	𮩋
okuihgcs	𮩎
okuibcyj	𮩏
okuibdda	𮩔
okglvvui	𮩕
okuiccho	𮩙
okifyzuz	𮩤
okxltmwf	𮩬
okxlrivu	𮩭
okxlvsho	𮩯
okmaverf	𮩶
okmayzul	𮩾
okmajikl	𮪇
okmahvwu	𮪈
okmairtm	𮪌
okmalikz	𮪍
okmatdtm	𮪎
okmadauz	𮪐
okmahecc	𮪓
okmalnkl	𮪔
okmadadm	𮪖
okmarfpb	𮪗
okmcgema	𮪘
okmayuvf	𮪙
okmawhji	𮪛
okmayjbi	𮪜
okmaihcy	𮪝
okmayzmu	𮪞
okmaxtuu	𮪠
okmaxswf	𮪣
okguuhri	𮪫
okgudmsi	𮪬
okguirxb	𮪱
okmouvgu	𮪷
okgcriir	𮪻
okihujgu	𮫀
okbnndmu	𮫄
okihujmu	𮫆
okbnyrcy	𮫇
okbnveve	𮫈
okbnsiwj	𮫉
okbnxkys	𮫋
okbnyrba	𮫎
okbnsiyi	𮫏
okyzklxt	𮫖
okmubiyz	𮫗
okjqbcuj	𮫘
okgjklgj	𮫙
okgsyuge	𮫚
okgsccgs	𮫛
okbderyc	𮫜
oktmerww	𮫢
okdctmho	𮫬
okbatmda	𮫭
okrftmda	𮫮
okrftmho	𮫯
okbatmri	𮫲
okyuugdm	𮫳
okyuhudm	𮫵
okyuiags	𮫶
okyubitu	𮫺
okyuujba	𮫻
okyugldm	𮬁
okyuwfis	𮬃
okyuxuuc	𮬇
okglwfyu	𮬈
okyuccge	𮬉
okpbqnyu	𮬋
okyuqrqq	𮬎
okyuuvwf	𮬓
okyufubw	𮬖
okyuhgmb	𮬗
okyujkcc	𮬘
okyuyudr	𮬙
okddyzyu	𮬞
okppqinn	𮬧
okbigjnn	𮬰
okujuinn	𮬵
okkzytnn	𮬹
okrfujnn	𮬿
oknnbcmi	𮭀
okrimcnn	𮭅
okvxgunn	𮭆
okjqtunn	𮭇
okdmzinn	𮭋
okjrrinn	𮭎
okermdnn	𮭏
okwfyunn	𮭐
okuguunn	𮭑
okmmqpnn	𮭙
okhonnpi	𮭛
okqtgenn	𮭜
okvuxknn	𮭝
okgsgenn	𮭟
okbwvvnn	𮭠
oktulumb	𮭭
oklukzkv	𮭯
okglklho	𮭱
okglbiyi	𮭴
okliglsi	𮭶
okliihho	𮭷
okbkbkba	𮭹
okhgcsmd	𮭻
okmdbcbi	𮭼
okmdvxjq	𮭾
okmdccys	𮮀
okmalibw	𮮌
okmalusi	𮮍
okmeccle	𮮎
okherfxn	𮮐
okherfxn	𮮑
okfuliho	𮮕
oklixlho	𮮗
oklimiho	𮮘
okybliho	𮮜
okqiwfhw	𮮝
okuflihw	𮮞
okmdliho	𮮟
okyhdcmm	𮮤
okbwqmpi	𮮨
okvupith	𮮫
okbdtmda	𮮰
okzitmda	𮮱
okzijxhg	𮮲
okbdjxhg	𮮳
okzitmuu	𮮴
okbdtmuu	𮮵
okbiuipi	𮮹
okwfrfhg	𮮺
okwfgser	𮮻
okwfyari	𮮼
okvicsve	𮮽
okviklbi	𮮾
okviklvc	𮯃
okviklgf	𮯅
okiiyurf	𮯆
okviklzu	𮯇
okviklrf	𮯈
okiirfmi	𮯉
okviklkv	𮯋
okviklyu	𮯌
okviklwu	𮯎
okiihumu	𮯑
okiihuqq	𮯓
okiierer	𮯔
okiidaww	𮯕
okdcxtve	𮯛
okbaxtia	𮯜
okrfxtrf	𮯝
okdcxtmu	𮯞
okdcmumu	𮯟
okvixtxb	𰻝
okvixtxb	𰻞
okyylsls	𱁬
okdmba	𱁠
okyuyu	𱁟
okyufh	𱁚
okyuds	𱁛
okyuerji	𱁜
okyuqu	𱁝
okyudj	𱁞
okyujl	𱁡
okyunj	𱁘
okyuwo	𱁙
okmffg	𰿣
okmfsr	𱀀
okjbuu	𰾽
okyubi	𱁑
okyudv	𱁒
okyujm	𱁖
okkdhd	𰿿
okmfuf	𰿰
okmfpg	𰿱
okmfzi	𰿮
okmfdz	𰿯
okmfky	𰿲
okuauj	𰿳
okmfyu	𰿵
okmftm	𰿭
okjbgu	𰾆
okjbyh	𰽽
okjbzu	𰾃
okjbbk	𰽼
oksibu	𱺔
oksibu	𱺏
oksils	𱺕
oksijb	𱺓
oksimb	𱺘
oksikz	𱺚
oksilw	𱺛
oksild	𱺜
oksiii	𱺝
oksigc	𱺞
oksizo	𱺠
oksiru	𱺐
oksiln	𱺑
oksill	𱺡
oksina	𱺢
oksilc	𱺣
oksixp	𱺤
oksimm	𱺨
oksivv	𱺥
oksimw	𱺩
oksimi	𱺫
oksidg	𱺬
oksihc	𱺮
oksicd	𱺯
okqlsi	𱻎
okquya	𱑣
okquke	𱑫
okquhg	𱍑
okdkyh	𱍒
okxxls	𱍔
okyaxx	𰠠
okbudo	𱍚
okbugl	𱏤
okbuui	𱍤
okbuhe	𱍛
okbuli	𱷣
oklblb	𱤏
okmusv	𱣷
