字,辅码
一,aa
丁,al
丂,av
七,av
万,ap
丈,an
三,ae
上,la
下,ab
丌,al
不,ad
与,aa
丏,av
丐,av
丑,va
专,ad
且,la
丕,ba
世,av
丘,pa
丙,an
业,la
丛,ra
东,ad
丝,va
丞,la
丢,ps
两,ad
严,yp
並,by
丧,un
丨,ll
丩,vl
个,rl
丫,bl
中,ll
丮,vl
丯,lp
丰,al
丱,vl
串,ll
丳,ll
临,la
丵,yg
丶,dd
丸,pd
丹,pa
为,dd
主,dw
丼,jd
丽,ad
举,xl
丿,pp
乀,dd
乁,vv
乂,pn
乃,vp
久,pn
乇,pq
么,ps
义,dx
之,dn
乌,pa
乍,pa
乎,pl
乏,pv
乐,pd
乑,pn
乒,qp
乓,qd
乔,yl
乖,qb
乘,qn
乙,vv
乚,vv
乜,vv
九,pv
乞,pv
也,vv
习,vd
乡,vp
乢,ev
乣,yv
书,vd
乩,lv
乪,vt
买,vd
乱,qv
乳,pv
乴,fv
乵,lv
乸,ym
乾,uq
乿,pv
亁,uq
亂,pv
亃,mv
亄,uv
亅,ll
了,vl
予,sl
争,dl
事,al
二,aa
亍,el
于,al
亏,ev
云,es
互,aa
亓,el
五,aa
井,al
亘,aa
亙,aa
亚,ay
些,ve
亝,se
亞,aa
亟,la
亠,da
亡,wv
亢,wj
交,wx
亥,wr
亦,wd
产,"wi,lp"
亨,wl
亩,wt
享,wz
京,wx
亭,wd
亮,wj
亲,lm
亳,wq
亴,wj
亵,wy
亶,wa
亸,wl
亹,wq
人,pn
亿,rv
什,ru
仁,re
仂,rl
仃,rd
仄,ir
仅,ry
仆,rb
仇,rj
仈,rb
仉,rj
今,rv
介,rl
仍,rn
从,rr
仑,rb
仓,rv
仔,rz
仕,ru
他,ry
仗,rv
付,rc
仙,re
仚,re
仛,rq
仜,rg
仝,rg
仞,rr
仟,rq
仠,rg
仡,rq
仢,ru
代,ry
令,rs
以,vr
仨,rs
仪,ry
仫,rm
们,rm
仯,ru
仰,re
仱,rv
仲,rv
仳,rb
仴,ro
仵,rw
件,rn
价,rl
仸,ry
仹,rf
任,rr
仼,rw
份,rd
仿,rf
伀,rs
企,rv
伃,rl
伄,rl
伅,rt
伆,rw
伈,rx
伉,rj
伊,ry
伋,rj
伌,rv
伍,rw
伎,ry
伏,rq
伐,rg
休,rm
伒,rj
伓,rb
伕,rf
众,rr
优,ry
伙,rh
会,rs
伛,rx
伝,rs
伞,ru
伟,rw
传,rv
伢,ry
伣,re
伤,rl
伥,ri
伦,rb
伧,rv
伪,rw
伫,ra
伭,ry
伮,ry
伯,rb
估,rk
伲,rb
伳,ru
伴,rb
伶,rs
伸,ru
伹,rq
伺,rk
伻,rp
似,rr
伽,rk
伾,rp
伿,rb
佁,rk
佂,rv
佃,rt
佄,rg
佅,rw
但,ra
佇,rd
佈,rj
佉,rs
佊,ry
佋,rk
佌,rb
位,rl
低,rd
住,rv
佐,rg
佑,rk
佒,ry
体,rb
佔,rk
何,rk
佖,rb
佗,rb
佘,rx
余,rh
佚,ru
佛,rf
作,rv
佝,rk
佞,rn
佟,rd
你,rx
佡,re
佢,rj
佣,ry
佤,rw
佥,ra
佧,rb
佩,rj
佪,rk
佫,rk
佬,rb
佭,rl
佮,rk
佯,ry
佰,rb
佲,rk
佳,rt
佴,re
併,rk
佶,rk
佷,rg
佸,rk
佹,rv
佺,rw
佻,rd
佼,rx
佽,rr
佾,ro
使,rl
侀,rd
侁,re
侂,rq
侃,rv
侄,rt
侅,rr
來,mr
侇,ry
侈,rx
侉,rk
侊,rw
例,rd
侍,rc
侏,rv
侐,rx
侑,ro
侒,rn
侓,ry
侔,rn
侕,re
侖,rc
侗,rk
侘,rq
侙,rg
侚,ro
供,rb
侜,rv
依,ry
侞,rk
侟,rz
侠,rj
価,ra
侣,rk
侥,rw
侦,rr
侧,rd
侨,rl
侩,rs
侪,rl
侬,rn
侮,rm
侯,ru
侱,rw
侲,rn
侳,rt
侴,rd
侵,ry
侷,rk
侸,ra
侹,rz
侺,rv
侻,re
侼,rz
侾,rz
便,rg
俀,rn
係,rx
促,rr
俄,rw
俅,rq
俆,rh
俇,rw
俈,rk
俉,rk
俊,rw
俋,rb
俌,rf
俍,rl
俎,rq
俏,ro
俐,rd
俑,ry
俒,re
俓,rg
俔,re
俕,rm
俖,rk
俗,rk
俘,rz
俙,rj
俚,rl
俛,rv
俜,rv
保,rm
俞,rd
俟,ru
俠,rj
信,rk
俣,rt
俤,rp
俥,ri
俦,rc
俨,ry
俩,rl
俪,rl
俫,rl
俭,ra
修,rp
俯,rc
俰,rk
俱,rb
俳,rf
俴,rg
俵,ry
俶,ry
俷,rb
俸,rl
俹,ry
俺,rd
俽,rr
俾,ru
俿,rj
倀,ri
倁,rk
倃,rk
倄,ro
倅,ru
倆,rr
倇,rv
倈,rl
倉,rk
倊,rx
個,rk
倌,rk
倍,rk
倎,rb
倏,rq
們,rm
倒,rd
倓,rh
倔,ri
倕,ri
倖,rg
倗,ro
倘,rk
候,ru
倚,rk
倛,rb
倜,rk
倝,ur
倞,rx
借,ro
倠,rf
倡,ro
倢,rr
倥,rg
倦,rv
倧,rx
倨,rk
倩,ro
倪,re
倫,rc
倬,ru
倭,rn
倮,rg
倯,rs
倰,rw
倱,rb
倲,rd
倳,ru
倴,rc
倵,rv
倷,rx
债,rr
倻,re
值,rq
倽,rk
倾,rr
偁,rr
偃,rn
偄,rd
偅,rv
偆,ro
假,ry
偈,rv
偉,rl
偊,ry
偋,rk
偌,rk
偍,rr
偎,rn
偏,rc
偑,ri
偒,rw
偓,rt
偔,rk
偕,rb
偖,ro
偗,ro
偙,rj
做,rw
偛,rj
停,rd
偝,ro
偞,rm
偟,rw
偠,rn
偡,rv
偢,rh
偣,ro
偤,ry
健,rz
偦,ro
偧,rx
偨,rm
偩,rb
偪,rt
偫,rc
偬,rx
偭,rm
偮,re
偯,ry
偰,rd
偱,ro
偲,rx
偳,re
側,rd
偵,rb
偶,ry
偷,rd
偻,rn
偽,rh
偾,rr
偿,rs
傀,rg
傂,rj
傃,rx
傄,ro
傅,rc
傆,rx
傇,re
傈,rm
傉,rc
傊,rb
傋,"rr,rz"
傌,rm
傍,rf
傏,rk
傐,rk
傑,rm
傒,rd
傓,rx
傔,rn
傕,rf
傖,rk
傗,rt
傘,ru
備,ry
傛,rk
傜,rf
傝,rx
傞,rg
傢,ru
傣,ru
傥,re
傧,rb
储,ro
傩,rf
傪,rp
傫,rx
催,rf
傭,rl
傮,ro
傰,ro
傱,rr
傲,rw
傳,rc
傴,rk
債,rb
傶,rx
傷,rw
傸,rx
傹,re
傺,rx
傻,rw
傼,rn
傽,ru
傾,rb
傿,rh
僀,rj
僁,rx
僂,rn
僄,rx
僅,ra
僆,rz
僇,rp
僈,ry
僉,rr
僊,rs
僋,rb
僌,rw
僎,rb
像,rn
僐,rk
僑,rk
僒,rk
僓,rb
僔,rc
僕,rn
僖,rk
僗,rl
僘,rw
僙,rb
僚,rx
僛,rr
僜,ra
僝,rz
僞,rh
僟,rd
僠,rt
僢,rl
僣,ro
僤,rl
僥,rw
僦,ry
僧,ro
僨,rb
僩,ro
僪,rk
僬,rh
僭,ro
僮,rl
僯,rl
僰,ar
僳,rm
僵,ra
僶,re
僷,rm
僸,rx
價,rb
僺,rm
僻,ru
僽,rx
僾,rw
僿,rt
儀,rw
儂,rn
儃,ra
億,rx
儅,rt
儆,rw
儇,ry
儈,ro
儉,rr
儊,rr
儋,rk
儌,rw
儎,ri
儐,rb
儑,rh
儒,re
儓,rt
儔,rc
儕,ra
儖,rm
儗,rr
儘,rm
儙,rz
儚,rx
儜,rd
儝,rm
償,rb
儠,rv
儡,rt
儢,rx
儣,rb
儤,ru
儥,rb
儦,rh
儩,rw
優,rw
儭,re
儯,rm
儰,rh
儱,rs
儲,ro
儳,rd
儴,ry
儵,rh
儶,rk
儷,rb
儸,rf
儹,rb
儺,rf
儻,rh
儼,rw
儽,rx
儾,ry
儿,pv
兀,ae
允,se
元,ee
兄,ke
充,we
兆,ed
兇,xe
先,ne
光,xw
克,ue
免,dv
兑,be
兒,je
兓,av
兔,dd
兕,ae
兖,we
兗,we
党,xe
兜,pe
兟,ne
兢,ue
入,pn
全,rw
兩,ar
八,pn
公,bs
六,wb
兮,bv
兰,bs
共,cb
关,bt
兴,xb
兵,qb
其,qb
具,qb
典,lb
兹,by
养,yl
兼,bn
兽,bk
冀,lb
冁,bn
冂,lv
冃,ke
内,ld
円,ka
冇,un
冈,kx
冉,la
冋,kk
册,pa
再,ar
冎,lk
冏,kk
冒,ko
冓,"ar,az"
冔,ky
冕,kv
冖,dv
冗,bj
冘,dv
写,by
冚,be
军,bi
农,dn
冞,bm
冟,bb
冠,bc
冡,bu
冢,bn
冣,by
冤,bd
冥,bb
冧,bm
冪,bj
冫,da
冬,wd
冮,dg
冯,dm
冰,du
冱,dh
冲,dv
决,dg
况,de
冶,dk
冷,ds
冹,dd
冺,dm
冻,dd
冼,de
冽,dd
冾,dk
冿,dy
净,dl
凃,dh
凄,dn
凅,dk
准,df
凇,ds
凉,dx
凊,do
凋,dk
凌,dw
凍,dd
凎,dj
减,dk
凐,dt
凑,dt
凓,dm
凔,dk
凕,db
凗,df
凘,dj
凙,dg
凚,dx
凛,dx
凜,dh
凝,dr
凞,dh
几,pv
凡,jd
凤,jy
凫,pj
凭,rj
凯,ej
凰,jw
凱,ej
凳,vj
凵,vl
凶,xk
凸,la
凹,la
出,vk
击,ak
凼,uk
函,lk
凿,yk
刀,vp
刁,va
刃,dd
刅,"rd,dd"
分,bd
切,qd
刈,xd
刊,gd
刋,pd
刌,cd
刍,de
刎,wd
刏,qd
刐,dd
刑,kd
划,gd
刓,ed
刔,gd
刕,dd
刖,od
列,dd
刘,wd
则,kd
刚,kd
创,rd
刜,fd
初,pd
刞,qd
删,cd
刡,md
刢,rd
判,bd
刨,bd
利,hd
别,kd
刬,jd
刭,vd
刮,qd
刯,ad
到,ad
刲,td
刳,dd
刵,ed
制,pd
刷,ud
券,jd
刹,xd
刺,ad
刻,wd
刽,rd
刿,ed
剀,ed
剁,jd
剂,wd
剃,bd
剄,ad
剅,ad
剆,dd
則,od
剈,kd
剉,rd
削,xd
剋,ud
剌,ud
前,bd
剐,kd
剑,rd
剒,cd
剔,od
剕,fd
剖,ld
剗,gd
剘,qd
剚,ud
剛,kd
剜,bd
剞,dd
剟,yd
剠,wd
剡,hd
剢,ad
剥,ed
剧,ud
剨,fd
剩,qd
剪,bd
剫,gd
剬,ed
剭,ud
剮,ld
副,ad
割,bd
剳,cd
剴,ed
創,rd
剶,vd
剸,ad
剹,xd
剺,wd
剻,ed
剼,sd
剽,xd
剾,kd
剿,vd
劀,sd
劁,rd
劂,id
劃,vd
劄,vd
劆,gd
劇,hd
劈,ud
劉,pd
劊,rd
劋,kd
劌,vd
劍,rd
劏,xd
劐,cd
劑,wd
劓,zd
劕,jd
劖,dd
劗,nd
劘,gd
劙,vd
力,vp
劜,lv
劝,yl
办,ld
功,gl
加,lk
务,wl
劢,wl
劣,ul
劥,wl
劦,ll
劧,ul
动,el
助,ql
努,nl
劫,tl
劬,bl
劭,dl
劮,ul
劯,ul
劰,bl
励,il
劲,vl
劳,cl
劵,jl
劶,pl
劷,yl
劸,tl
劺,sl
劻,kl
劼,ul
劽,dl
劾,wl
势,fl
勁,al
勂,nl
勃,ul
勆,dl
勇,sl
勉,dl
勋,kl
勌,jl
勍,wl
勏,ll
勐,zl
勑,ll
勒,gl
勓,bl
勔,ml
動,vl
勖,kl
勘,ql
務,sl
勚,ul
勛,kl
勜,bl
勝,ol
勞,hl
募,cl
勠,xl
勡,xl
勢,tl
勣,fl
勤,nl
勥,gl
勦,vl
勨,dl
勩,ul
勫,pl
勬,jl
勭,ll
勮,hl
勯,wl
勰,lx
勱,cl
勳,pl
勴,hl
勵,il
勶,il
勷,wl
勸,cl
勹,pv
勺,bd
勼,bj
勽,br
勾,bs
勿,bp
匀,bd
匄,bw
包,bs
匆,bd
匈,bk
匉,bp
匊,bm
匋,bf
匌,bk
匍,bf
匎,bd
匏,ds
匐,bt
匑,bg
匒,bk
匕,pv
化,rb
北,lb
匙,ob
匚,av
匜,ky
匝,kj
匟,kj
匠,kj
匡,kw
匣,kj
匤,ky
匦,kj
匧,kj
匨,ku
匪,kf
匫,ko
匬,kd
匭,kj
匮,kr
匯,kf
匰,kl
匱,kb
匴,kc
匵,kb
匷,kf
匸,av
匹,ke
区,kx
医,ku
匼,kk
匽,kn
匾,kc
匿,kk
區,kk
十,al
卂,vu
千,pu
卅,al
升,pc
午,pg
卉,uc
半,dl
卌,al
华,ru
协,ub
卐,vv
卑,pu
卒,wu
卓,lu
協,ul
单,bl
卖,ud
南,ug
卙,qu
博,uc
卜,ld
卝,la
卞,dx
卟,kb
占,lk
卡,ub
卢,lu
卣,la
卤,lx
卦,tb
卧,ib
卪,vd
卫,"ea,va"
卬,pe
卮,pv
卯,pe
印,pe
危,dv
卲,de
即,ge
却,te
卵,pd
卶,xe
卷,jv
卸,"we,pe"
卹,xe
卺,lv
卻,be
卼,wv
卾,ke
卿,pe
厀,me
厂,ap
厃,di
厄,iv
厅,id
历,il
厇,iq
厈,ig
厉,iw
厊,iy
压,id
厌,iq
厍,ii
厎,id
厏,iv
厓,it
厔,it
厕,id
厖,id
厗,iu
厘,il
厙,ii
厚,iz
厜,ii
厝,io
厞,if
原,ix
厠,id
厢,io
厣,ij
厤,ih
厥,ir
厦,iw
厧,ib
厨,ic
厩,iv
厬,ik
厭,iq
厮,ij
厱,ir
厲,iy
厴,ij
厶,vd
厷,us
厸,ss
厹,js
去,ts
厽,ss
厾,vs
县,qs
叀,as
叁,ss
参,sp
參,sp
叆,ey
叇,ez
又,vn
叉,yd
及,pn
友,uy
双,yy
反,py
叐,py
发,vd
叒,yy
叓,ay
叔,uy
叕,yy
取,ey
受,py
变,wy
叙,ry
叚,vy
叛,by
叟,py
叠,yq
叢,yy
口,la
古,uk
句,bk
另,kl
叨,kd
叩,ke
只,kb
叫,kl
召,dk
叭,kb
叮,kd
可,dk
台,sk
叱,kb
史,ln
右,uk
叴,jk
叵,kk
叶,ku
号,kv
司,vk
叹,ky
叺,kr
叻,kl
叼,kd
叽,jj
叿,kg
吁,ky
吂,wk
吃,kq
各,wk
吅,kk
吆,ky
吇,kz
合,rk
吉,uk
吊,kj
吋,kc
同,kk
名,xk
后,pk
吏,an
吐,kt
向,pk
吒,kq
吓,kx
吔,ky
吕,kk
吖,ky
吗,kk
吘,kw
吙,kh
吚,ky
君,yk
吜,ki
吝,wk
吞,tk
吟,kv
吠,kq
吡,kb
吢,xk
吣,kx
吤,kl
吥,kb
否,bk
吧,kb
吨,kt
吩,kd
吪,kb
含,rk
听,kj
吭,kj
吮,ke
启,hk
吰,ks
吱,ky
吲,kl
吴,kt
吵,ku
吷,kg
吸,kj
吹,kr
吺,ky
吻,kw
吼,kv
吽,kn
吾,wk
呀,ky
呁,kd
呃,kv
呄,nk
呅,kw
呆,km
呇,uk
呈,kw
告,nk
呋,kf
呎,ki
呏,ku
呐,kn
呒,kw
呓,kv
呔,kt
呕,kx
呖,kl
呗,kr
员,kr
呙,kn
呛,kv
呜,kw
呞,kk
呟,ky
呠,kb
呡,km
呢,kb
呣,km
呤,ks
呥,kr
呦,kl
呧,kd
周,kk
呪,ke
呫,kk
呬,ke
呭,ku
呮,kb
呯,kp
呰,vk
呱,kg
呲,kb
味,kw
呴,kk
呵,kk
呶,ky
呷,kj
呸,kp
呹,ku
呺,kv
呻,ku
呼,kh
命,re
呾,ka
呿,ks
咀,kq
咁,kg
咂,kj
咃,ky
咄,ki
咅,lk
咆,ks
咇,kb
咈,kf
咉,ky
咋,kv
和,hk
咍,kk
咎,wk
咏,ky
咐,kc
咒,kj
咓,kw
咔,kb
咕,kk
咖,kk
咗,kg
咘,kj
咙,kl
咚,kd
咛,kd
咝,"ks,ka"
咞,kk
咠,ke
咡,ke
咢,kk
咣,kw
咤,kq
咥,kt
咦,ky
咧,kd
咨,dk
咩,ky
咪,km
咫,ib
咬,kx
咭,kk
咮,kv
咯,kk
咰,ko
咱,kz
咳,kr
咴,kh
咵,kk
咶,kk
咷,kd
咸,xk
咹,kn
咺,ka
咻,km
咼,lk
咽,kd
咾,kb
咿,ky
哀,wy
品,kk
哂,kx
哃,kk
哄,kb
哅,kk
哆,kx
哇,kt
哈,kk
哉,uk
哊,ko
哋,ky
哌,kn
响,kk
哎,kx
哏,kg
哐,kw
哑,ky
哒,kz
哓,kw
哔,ku
哕,kx
哗,ku
哙,ks
哚,km
哝,kn
哞,kn
哟,ku
哠,kk
員,kb
哢,kc
哤,kd
哥,dk
哦,kw
哧,kd
哨,ko
哩,kl
哪,ke
哫,kr
哬,kk
哭,kq
哮,kz
哯,ke
哰,kn
哱,kz
哲,fk
哳,kj
哴,kl
哵,kd
哶,kg
哷,kc
哸,kn
哹,kz
哺,kf
哼,kl
哽,kg
哾,ke
哿,lk
唀,kn
唁,kk
唂,kk
唃,ky
唄,kb
唅,kk
唆,kw
唇,ik
唈,kb
唉,ku
唊,kj
唋,kh
唌,kz
唍,ke
唎,kd
唏,kj
唐,gk
唑,kt
唒,ky
唓,ki
唔,kk
唕,ku
唗,kr
唚,ky
唛,kw
唝,kr
唠,kl
唡,kl
唢,kr
唣,kq
唤,kd
唦,ku
唧,ke
唩,kn
唪,kl
唫,kj
唬,kj
唭,kb
售,rk
唯,kf
唰,kd
唱,ko
唲,ke
唳,kq
唴,kq
唵,kd
唶,ko
唷,ko
唸,kx
唹,kd
唺,kb
唻,kl
唼,kn
唽,kj
唾,ki
唿,kx
啀,kt
啁,kk
啂,kv
啃,ko
啄,kn
啅,ku
商,wk
啇,wk
啈,kg
啉,km
啊,kk
啋,km
啌,kg
啍,kz
啎,wk
問,mk
啐,ku
啑,kr
啒,ki
啓,hk
啕,kf
啖,kh
啗,kj
啘,kv
啙,vk
啚,kk
啛,kn
啜,ky
啝,kk
啞,ky
啡,kf
啢,kr
啣,ke
啤,ku
啥,kk
啦,kl
啧,kr
啨,ko
啪,kb
啫,ko
啬,uk
啭,kv
啮,kk
啰,kx
啳,kv
啴,kl
啵,ky
啶,kr
啷,ke
啸,ks
啻,wk
啼,kj
啽,kc
啾,kh
啿,kv
喀,kk
喁,ky
喂,kn
喃,kg
善,yk
喅,kl
喆,uk
喇,kd
喈,kb
喉,ku
喊,kk
喋,km
喌,kv
喍,km
喎,kk
喏,kk
喐,ke
喑,ko
喒,ko
喓,kn
喔,kt
喕,km
喖,kk
喗,ki
喘,ke
喙,ku
喛,ky
喜,uk
喝,kv
喟,ko
喠,kv
喡,kl
喢,kj
喣,kh
喤,kw
喥,ky
喦,ke
喧,ka
喨,kj
喪,un
喫,kd
喬,yk
單,kl
喯,kc
喰,kl
喱,kl
喲,ku
喳,ka
喴,kn
喵,kt
喷,kr
喹,kt
喻,kd
喽,kn
喾,xk
喿,km
嗀,uy
嗂,kf
嗃,kk
嗄,kw
嗅,kq
嗆,kk
嗇,uk
嗈,kb
嗉,kx
嗊,kb
嗋,ko
嗌,km
嗍,ko
嗎,km
嗏,km
嗐,kk
嗑,km
嗒,kk
嗓,km
嗔,kb
嗕,kc
嗖,ky
嗗,kg
嗘,kd
嗙,kf
嗚,kw
嗛,kn
嗜,ko
嗝,kl
嗞,ky
嗟,kg
嗡,kx
嗢,km
嗣,kk
嗤,ki
嗥,ku
嗦,kx
嗨,km
嗩,kb
嗪,kh
嗫,ky
嗬,kk
嗯,kx
嗲,kx
嗳,ky
嗵,kz
嗶,kl
嗷,kw
嗹,kz
嗺,kf
嗻,kh
嗼,kd
嗽,kr
嗾,ku
嗿,kb
嘀,kk
嘁,kx
嘂,kk
嘃,kl
嘄,km
嘅,kv
嘆,kn
嘇,kp
嘈,ko
嘉,uk
嘌,kx
嘍,kn
嘎,kg
嘏,uy
嘐,kp
嘑,kh
嘓,ka
嘔,kk
嘕,kh
嘖,kb
嘗,xo
嘘,ky
嘙,kn
嘚,kc
嘛,km
嘜,kw
嘝,ku
嘞,kl
嘟,ke
嘡,kt
嘢,kl
嘣,ko
嘤,kn
嘦,kn
嘧,ke
嘩,kl
嘪,kb
嘫,kh
嘬,ky
嘭,kp
嘮,kl
嘯,kl
嘰,kd
嘱,ky
嘲,ko
嘳,kb
嘴,ky
嘵,kw
嘶,kj
嘸,kh
嘹,kx
嘺,kk
嘻,kk
嘼,kk
嘽,kl
嘾,ku
嘿,kh
噀,kb
噁,kx
噂,kc
噃,kt
噅,kh
噆,ko
噇,kl
噈,ky
噉,kw
噊,kk
噋,kw
噌,ko
噍,kh
噎,ka
噏,kx
噒,kl
噔,ka
噗,kn
噘,kr
噙,kd
噚,kc
噜,ko
噝,kx
噞,kr
噠,kz
噡,kk
噢,kd
噣,ki
噤,kx
噥,kn
噦,kp
噧,ky
器,kk
噩,wk
噪,km
噫,kx
噬,kr
噭,kw
噮,ky
噯,kw
噰,kf
噱,ku
噲,ko
噳,kt
噴,kb
噵,zk
噶,kv
噷,kr
噸,kb
噹,kt
噻,kt
噼,ku
噿,ku
嚀,kd
嚁,kf
嚂,km
嚃,kz
嚄,ky
嚅,ke
嚆,kk
嚇,kd
嚈,kq
嚊,kl
嚋,kc
嚌,ka
嚍,km
嚎,ku
嚏,kr
嚐,ko
嚓,kx
嚔,kr
嚕,ko
嚖,kx
嚗,ku
嚘,kw
嚙,kk
嚚,kk
嚛,km
嚜,kt
嚝,kb
嚟,ku
嚣,kk
嚥,kh
嚦,kv
嚧,km
嚨,ks
嚩,kc
嚫,ke
嚬,kb
嚭,uk
嚮,xk
嚯,kf
嚱,kg
嚲,wl
嚳,pk
嚴,kw
嚵,kd
嚶,kn
嚷,ky
嚹,kh
嚼,kc
嚽,kb
嚾,kf
嚿,kj
囀,kc
囁,ke
囂,kk
囃,kf
囅,kn
囆,ki
囈,ks
囉,kf
囊,ay
囋,kb
囌,kh
囐,kq
囑,ki
囓,kk
囔,ky
囗,la
囚,kr
四,ke
囜,ks
囝,kz
回,kk
囟,px
因,kd
囡,kn
团,kc
囤,kt
囥,kj
囧,kv
囨,kb
囩,ks
囫,kw
园,ke
囮,kb
困,km
囱,pw
囲,kj
围,kw
囵,kb
囷,kh
囹,ks
固,kk
国,ky
图,kd
囿,ko
圁,kk
圂,ku
圃,kf
圄,kk
圆,kr
圇,kc
圈,kv
圉,kg
圊,ko
國,ka
圌,ke
圍,kl
圐,kf
園,ky
圓,kb
圔,km
圖,kk
團,kc
圙,km
圚,kb
圛,kg
圜,ky
圝,kd
土,ua
圠,tv
圢,td
圣,yt
圥,"uw,te"
在,ut
圩,ty
圪,tq
圫,tq
圬,tk
圭,tt
圮,tj
圯,ts
地,ty
圱,"pt,qt"
圲,tq
圳,ti
圴,tu
圵,tu
圶,dt
圹,tg
场,tp
圻,tj
圾,tj
圿,tl
址,tv
坁,tu
坂,ty
坄,ty
坅,tv
坆,tw
均,td
坈,tj
坉,tt
坊,tf
坋,td
坌,bt
坍,td
坎,tr
坏,tb
坐,rt
坑,tj
坒,bt
坓,jt
坔,ut
块,tg
坚,lt
坛,ts
坜,tl
坝,tr
坞,tw
坟,tw
坠,et
坡,ty
坢,tb
坤,tu
坥,tq
坦,ta
坨,tb
坩,tg
坪,tp
坫,tk
坬,tg
坭,tb
坯,tp
坰,tk
坱,ty
坲,tf
坳,tl
坴,tt
坶,tm
坷,tk
坹,tb
坺,td
坻,td
坼,ti
坽,ts
坾,td
坿,tc
垀,th
垁,tu
垂,pa
垃,tl
垄,lt
垆,tu
垈,rt
垉,ts
型,kt
垌,tk
垍,tz
垎,tk
垏,ty
垐,dt
垑,tx
垒,st
垓,tr
垔,xt
垕,pt
垗,td
垘,tq
垙,tw
垚,tt
垛,tm
垝,tv
垞,tq
垟,ty
垠,tg
垡,rt
垢,tk
垣,ta
垤,tt
垥,tk
垦,gt
垧,tk
垩,yt
垫,ft
垬,tb
垭,ty
垮,tk
垯,tz
垱,te
垲,tj
垴,tk
垵,tn
垶,tu
垷,te
垸,te
垹,te
垺,tz
垻,tb
垽,dt
垾,tg
垿,tl
埁,tv
埂,tg
埃,tu
埄,tf
埅,et
埆,ty
埇,ty
埈,tw
埉,tj
埋,tl
埌,tl
埍,to
城,ti
埏,tz
埐,ty
埒,tc
埔,tf
埕,tw
埗,tp
埘,tc
埙,tr
埚,tn
埜,mt
埝,tx
域,ta
埠,tu
埡,ty
埢,tv
埣,tu
埤,tu
埥,to
埦,tv
埧,tb
埨,tc
埩,tl
埪,tg
埫,tk
埬,td
埭,tn
埮,th
埯,td
埰,tm
埱,ty
埲,tl
埳,tj
埴,tq
埵,ti
埶,tw
埸,tw
培,tk
基,qt
埻,tz
埼,tk
埽,tj
埾,et
埿,dt
堀,ti
堁,tg
堂,xt
堃,ft
堄,te
堅,it
堆,tf
堇,na
堈,te
堉,to
堊,yt
堋,to
堌,tk
堍,td
堎,tw
堐,tt
堑,it
堓,tg
堕,et
堖,tx
堗,tq
堙,tt
堛,tt
堜,tj
堝,tk
堞,tm
堟,tu
堠,tu
堡,rt
堢,tm
堣,ty
堤,tr
堥,st
堧,td
堨,tv
堩,ta
堪,tv
堫,tw
堬,td
堭,tw
堮,tk
堯,tw
堰,tn
報,ty
堲,gt
堳,to
場,tw
堵,to
堶,to
堷,to
堸,ti
堹,tv
堺,tl
堻,dt
堼,tt
堽,tv
堾,to
堿,tk
塀,tk
塂,ts
塃,tv
塄,tf
塅,ty
塆,tg
塇,ta
塈,gt
塉,to
塊,tg
塋,ht
塌,tx
塍,ot
塎,tk
塏,ta
塑,bt
塒,tc
塓,tb
塔,tk
塕,tx
塗,dt
塘,tk
塙,tk
塚,tn
塜,"tn,tu"
塝,tf
塞,bt
塠,tz
塢,tw
塣,dt
塤,tb
塥,tl
塧,tm
塨,tx
填,tb
塬,tx
塮,tc
塯,tt
塱,dt
塲,tw
塳,tz
塴,to
塵,gt
塶,tb
塸,tk
塹,it
塺,gt
塻,td
塼,tc
塽,tx
塾,wt
塿,tn
墀,tn
墁,ty
墂,tx
境,te
墄,tx
墅,lt
墆,tj
墈,tl
墉,tl
墊,tt
墋,tp
墌,th
墎,te
墏,pt
墐,ta
墑,tk
墒,tk
墓,ct
墔,tf
墕,th
墘,tq
墙,tk
墚,tm
墜,et
墝,tw
增,to
墟,ty
墠,tl
墡,tk
墢,ty
墣,tn
墤,tb
墥,tl
墦,tt
墧,tk
墨,ht
墩,tw
墫,tc
墭,tm
墮,et
墯,xt
墱,ta
墲,th
墳,tb
墶,tz
墷,tl
墺,td
墻,tk
墼,it
墽,tw
墾,vt
墿,tg
壁,ut
壂,ut
壅,wt
壆,pt
壇,ta
壈,th
壉,tu
壋,tt
壍,dt
壎,th
壏,tm
壑,lt
壒,tm
壓,it
壔,tc
壕,tu
壘,tt
壙,tb
壚,tm
壛,tj
壜,ts
壝,tz
壞,ty
壟,lt
壢,tv
壣,tl
壤,ty
壨,tt
壩,to
壪,tg
士,ua
壬,pu
壮,du
壯,pu
声,up
壳,uj
壴,ua
壶,uy
壸,uy
壹,ua
壺,ua
壻,to
壼,uy
壽,uc
壾,uj
夂,py
夃,ny
处,wb
夆,wf
备,wt
夊,pn
夋,sw
夌,tw
复,pw
夎,rw
夏,aw
夐,dw
夒,aw
夔,bw
夕,pd
外,xb
夗,xv
夘,xe
夙,jd
多,xx
夜,wn
夝,xu
够,bx
夠,xk
夡,xk
夢,cx
夤,xb
夥,gx
夦,qx
大,un
夨,an
天,ad
太,dd
夫,an
夬,vn
夭,pd
央,lg
夯,dl
夰,dl
失,pf
夲,du
头,dd
夵,dx
夷,an
夸,dk
夹,an
夺,dc
夼,di
夽,ds
夾,dr
夿,db
奀,bd
奁,dx
奂,dd
奃,dd
奄,dd
奅,de
奆,dj
奇,dk
奈,dx
奉,fl
奊,tn
奋,dt
奎,dt
奏,ft
契,fd
奒,dr
奓,dx
奔,dc
奕,wd
奖,dd
套,ds
奘,pd
奚,pd
奛,do
奜,fd
奞,df
奟,do
奠,bd
奡,al
奢,do
奣,to
奤,dm
奥,pd
奦,sd
奩,dk
奪,dc
奫,dl
奬,pd
奭,db
奮,dt
奯,dp
奰,sd
奱,yd
奲,dl
女,va
奴,ny
奵,nd
奶,nn
奷,nq
奸,ng
她,ny
奻,nn
好,nz
奾,ne
奿,wn
妀,jn
妁,nu
如,nk
妃,nj
妄,wn
妆,dn
妇,ne
妈,nm
妊,nr
妋,nf
妌,nj
妍,nk
妎,nl
妏,nw
妐,ns
妑,nb
妒,nh
妓,ny
妔,nj
妕,nv
妖,ny
妗,nv
妘,ns
妙,nu
妚,nb
妜,ng
妝,pn
妞,ni
妟,on
妠,nn
妡,nj
妢,nd
妣,nb
妤,nl
妥,pn
妦,nf
妧,ne
妨,nf
妩,nw
妪,nx
妫,nw
妬,nu
妭,nd
妮,nb
妯,ny
妰,nv
妱,nk
妲,na
妳,nx
妴,xn
妵,nv
妶,ny
妷,nu
妸,nk
妹,nw
妺,nm
妻,an
妼,nb
妽,nu
妾,ln
妿,ln
姀,nh
姁,nk
姂,nf
姃,nv
姄,nm
姅,nb
姆,nm
姇,rn
姈,ns
姊,np
始,nk
姍,na
姎,ny
姏,ng
姐,nq
姑,nk
姒,nr
姓,nu
委,hn
姕,vn
姖,nj
姗,nc
姘,nk
姚,nd
姛,nk
姜,yn
姝,nv
姞,nk
姟,nr
姠,nk
姡,nk
姣,nx
姤,nk
姥,nb
姦,nn
姨,ny
姩,nn
姪,nt
姫,ni
姬,nl
姭,ln
姮,na
姯,nw
姰,no
姱,nk
姲,nn
姳,nk
姴,dn
姵,nj
姶,nk
姷,no
姹,nq
姺,ne
姻,nd
姼,nx
姽,nv
姾,nw
姿,dn
娀,nu
威,xn
娂,nb
娃,nt
娄,mn
娅,ny
娆,nw
娇,nl
娈,wn
娉,nv
娊,ne
娋,no
娌,nl
娍,ni
娎,fn
娏,nd
娐,nz
娑,dn
娒,nm
娓,nm
娕,nu
娖,nr
娗,nz
娘,nl
娙,ng
娚,nl
娜,ne
娝,nk
娞,nn
娟,no
娠,nn
娡,nx
娢,nk
娣,np
娥,nw
娧,ne
娨,ng
娩,nv
娪,nk
娫,nz
娭,nu
娮,nk
娱,nt
娲,nn
娴,nm
娵,ny
娶,en
娷,ni
娸,nb
娹,ny
娺,ny
娻,nd
娼,no
娽,nu
娾,nt
娿,en
婀,nk
婁,ln
婃,nx
婄,nk
婅,nm
婆,dn
婇,nm
婈,nw
婉,nv
婊,ny
婋,nj
婌,ny
婍,nk
婎,nf
婏,nd
婐,ng
婑,nn
婒,nh
婓,fn
婕,nr
婖,nx
婗,ne
婘,nv
婚,no
婛,nx
婜,in
婝,nr
婞,ng
婟,nk
婠,nk
婡,nl
婢,nu
婤,nk
婥,nu
婦,nj
婧,no
婨,nc
婩,ng
婪,mn
婫,nb
婬,nr
婭,ny
婮,nk
婰,nb
婳,nk
婴,kn
婵,nl
婶,nu
婷,nd
婸,nw
婹,nn
婺,sn
婻,ng
婼,nk
婽,ny
婿,no
媀,ny
媁,nl
媂,nj
媃,nm
媄,nd
媅,nv
媆,nd
媈,ni
媉,nt
媊,nd
媋,no
媌,nt
媎,no
媏,ne
媐,kn
媑,nv
媒,nm
媓,nw
媔,nm
媕,nc
媖,ny
媗,na
媘,nb
媙,nn
媚,no
媛,ny
媜,nb
媝,hn
媞,nr
媟,nm
媠,no
媡,nj
媢,no
媣,nm
媤,nx
媥,nc
媦,no
媧,nk
媩,no
媪,nm
媬,nm
媭,pn
媮,nd
媰,np
媱,nf
媲,nb
媳,nx
媴,ny
媵,on
媶,ne
媷,nc
媸,ni
媹,nt
媻,vn
媽,nm
媾,"nr,nz"
媿,ng
嫀,nh
嫁,nu
嫂,ny
嫃,nb
嫄,nx
嫅,ng
嫆,nk
嫇,nb
嫈,hn
嫉,nu
嫊,nx
嫋,nd
嫌,nn
嫎,nf
嫏,ne
嫐,nn
嫑,bn
嫒,ny
嫓,nb
嫔,nb
嫕,nx
嫖,nx
嫗,nk
嫘,nx
嫙,nr
嫚,ny
嫛,kn
嫜,nu
嫝,nn
嫞,nl
嫟,nk
嫠,wn
嫡,nk
嫢,fn
嫣,nh
嫤,na
嫥,nc
嫦,nj
嫧,nb
嫨,nn
嫩,nw
嫪,np
嫫,nd
嫬,nh
嫭,nh
嫯,fn
嫱,nk
嫳,dn
嫴,nu
嫵,nh
嫶,nh
嫸,nk
嫺,no
嫻,nm
嫼,nh
嫽,nx
嫾,nl
嫿,na
嬀,nh
嬁,na
嬂,no
嬃,pn
嬄,na
嬅,nl
嬆,nx
嬇,nb
嬈,nw
嬉,nk
嬋,nl
嬌,nk
嬎,nu
嬏,nt
嬐,nr
嬑,nx
嬒,no
嬓,nw
嬕,ng
嬖,un
嬗,na
嬘,nz
嬙,nk
嬚,nn
嬛,ny
嬜,ln
嬞,nv
嬟,nw
嬠,nm
嬡,nw
嬣,nd
嬤,ny
嬥,nf
嬦,nc
嬧,nm
嬨,nx
嬩,nb
嬪,nb
嬫,nm
嬬,ne
嬭,nx
嬮,in
嬯,nt
嬰,on
嬲,tl
嬳,ny
嬴,wf
嬵,nj
嬷,nm
嬸,nt
嬹,nb
嬻,nb
嬼,nd
嬿,nh
孀,no
孂,nm
孃,ny
孅,nj
孇,ny
孈,nk
孉,nf
孊,nf
孋,nb
孌,yn
孍,nw
孎,ni
子,va
孑,va
孓,vn
孔,zv
孕,nz
孖,zz
字,bz
存,uz
孙,zx
孚,pz
孛,uz
孜,zw
孝,lz
孟,zm
孢,zs
季,hz
孤,zg
孥,nz
学,xz
孨,zz
孩,zr
孪,wz
孫,zx
孬,bz
孭,zb
孮,zx
孰,ww
孱,uz
孲,zy
孳,bz
孴,zo
孵,lz
孷,wz
學,pz
孺,ze
孻,zm
孽,cz
孿,yz
宀,db
宁,bd
宂,"bj,be"
它,bb
宄,bj
宅,bq
宇,by
守,bc
安,bn
宊,bq
宋,bm
完,be
宎,by
宏,bs
宑,bj
宒,bm
宓,bb
宔,bv
宕,bu
宖,bs
宗,bx
官,bk
宙,by
定,br
宛,bv
宜,bq
宝,by
实,bd
宠,bl
审,bu
客,bk
宣,ba
室,bt
宥,bo
宦,bi
宧,bl
宨,bd
宪,be
宫,bk
宬,bi
宭,bk
宯,bz
宰,bu
宱,bv
宲,bm
害,bk
宴,bn
宵,bo
家,bu
宸,bn
容,bk
宺,bv
宽,be
宾,bb
宿,bb
寀,bm
寁,br
寂,by
寄,bk
寅,bb
密,be
寇,by
寊,bb
寋,bv
富,bt
寎,bb
寐,bw
寒,bd
寓,by
寔,br
寖,by
寘,bb
寙,bg
寝,by
寞,bd
察,bx
寠,bn
寡,bd
寢,by
寣,bk
寤,bk
寥,bp
實,bb
寧,bd
寨,bm
審,bt
寪,bh
寫,bh
寬,bd
寭,bx
寮,bx
寯,bv
寰,by
寱,bm
寲,br
寴,be
寵,bs
寶,bb
寷,ba
寸,ad
对,yc
寺,tc
寻,ec
导,sc
寽,pc
寿,fc
封,tc
尃,fc
射,uc
将,dc
將,pc
專,ac
尉,uc
尊,bc
尋,ec
尌,uc
對,yc
導,zc
小,ld
尐,xd
少,xp
尔,dx
尕,nx
尖,xd
尗,ux
尘,xt
尚,xk
尜,xx
尝,xs
尞,dx
尟,ou
尠,qu
尢,uv
尤,"yd,ud"
尥,"yu,uu"
尧,aw
尨,ud
尪,"yw,uw"
尬,"yl,ul"
尮,"ym,um"
尯,"yv,uv"
尰,"yv,uv"
就,wy
尲,"yn,un"
尳,"yg,ug"
尴,"ym,um"
尵,"yb,ub"
尷,"ym,um"
尸,vp
尹,vp
尺,un
尻,uj
尼,ub
尽,id
尾,um
尿,uu
局,uk
屁,ub
层,us
屃,ur
屄,ub
居,uk
屇,ut
屈,ui
屉,uu
届,uy
屋,ut
屌,uj
屍,ub
屎,um
屏,uk
屐,uy
屑,uo
屒,un
屓,ub
屔,qb
展,un
屖,uu
屘,uz
屙,uk
屝,uf
属,uy
屟,um
屠,uo
屡,un
屢,un
屣,ur
層,uo
履,uw
屦,un
屧,um
屨,un
屩,uk
屪,ux
屬,ui
屮,vl
屯,av
屰,bp
山,lk
屴,el
屵,ei
屸,eg
屹,eq
屺,ej
屻,er
屼,ew
屽,eg
屾,ee
屿,ey
岁,ex
岂,ej
岄,eo
岆,ey
岇,ee
岈,ey
岉,ew
岊,be
岋,ej
岌,ej
岍,ek
岎,ed
岏,ee
岐,ey
岑,ev
岒,ev
岓,ej
岔,be
岖,ex
岗,ex
岘,ee
岙,ye
岚,ex
岛,pe
岜,eb
岝,ev
岞,ev
岟,ey
岠,ej
岡,ke
岢,ek
岣,ek
岤,eb
岥,ey
岦,el
岧,ek
岨,eq
岩,eu
岪,ef
岫,ey
岬,ej
岭,es
岮,eb
岯,ep
岰,el
岱,re
岲,ee
岳,qe
岴,eq
岵,ek
岶,eb
岷,em
岸,eg
岻,ed
岽,ed
岿,ee
峁,ee
峂,ed
峃,xe
峄,el
峆,ek
峇,ek
峈,ek
峉,ek
峊,pe
峋,eo
峌,et
峍,ey
峎,eg
峏,ee
峐,er
峑,ew
峒,ek
峓,ey
峔,eb
峖,en
峗,ev
峘,ea
峙,ec
峚,et
峛,ed
峜,ev
峞,ev
峟,eo
峡,ej
峣,ew
峤,el
峥,el
峦,we
峧,ex
峨,ew
峪,ek
峫,ee
峬,ef
峭,eo
峮,ek
峯,ef
峰,ef
峱,qe
峲,ed
峳,ew
峴,ee
島,pe
峷,eu
峸,ei
峺,eg
峻,ew
峽,ej
峾,de
峿,ek
崀,el
崁,er
崂,el
崃,el
崄,ea
崅,ey
崆,eg
崇,ex
崉,eo
崊,em
崌,ek
崍,el
崎,ek
崐,eb
崑,eb
崒,eu
崓,ek
崔,ef
崖,et
崗,ee
崙,ec
崚,ew
崛,ei
崜,ei
崝,eo
崞,ez
崟,ej
崠,ed
崡,ek
崣,en
崤,eo
崥,eu
崦,ed
崧,es
崨,er
崩,eo
崫,ei
崬,ed
崭,ej
崮,ek
崱,ed
崲,ew
崳,ed
崴,en
崵,ew
崶,ec
崷,ey
崸,eb
崹,ej
崺,ey
崼,er
崽,ex
崾,en
崿,ek
嵀,ev
嵁,ev
嵂,ey
嵃,ep
嵄,ed
嵅,ek
嵇,he
嵈,ey
嵉,ed
嵊,en
嵋,eo
嵌,er
嵍,se
嵎,ey
嵏,ew
嵐,ei
嵑,ev
嵒,ke
嵓,ek
嵖,ea
嵘,em
嵚,er
嵛,ed
嵝,en
嵞,re
嵟,ef
嵡,ex
嵢,ek
嵣,ek
嵤,he
嵥,em
嵦,ea
嵧,et
嵨,ew
嵩,ek
嵪,ek
嵫,ey
嵬,eg
嵭,ef
嵯,eg
嵰,en
嵱,ek
嵲,em
嵴,eo
嵷,er
嵸,er
嵹,ei
嵺,ep
嵻,en
嵼,eu
嵽,ej
嵾,ep
嵿,eb
嶀,ek
嶁,en
嶂,eu
嶄,ej
嶅,fe
嶆,eo
嶇,ek
嶈,ec
嶉,ef
嶊,ef
嶍,eb
嶎,ec
嶏,ej
嶐,eu
嶑,en
嶒,eo
嶓,et
嶔,er
嶕,eh
嶗,el
嶘,eg
嶙,el
嶚,ex
嶜,eo
嶝,ea
嶞,ee
嶟,ec
嶠,ek
嶡,er
嶢,ew
嶣,eh
嶤,ew
嶦,ek
嶧,eg
嶨,pe
嶪,en
嶬,ew
嶭,eu
嶮,er
嶰,en
嶱,ev
嶲,ev
嶴,pe
嶵,ef
嶷,er
嶸,em
嶺,eb
嶼,eb
嶽,eq
嶾,ex
巀,eg
巁,ey
巂,ek
巃,es
巅,er
巆,ek
巇,eg
巈,em
巉,ed
巊,en
巋,ej
巍,eg
巏,ef
巐,eu
巑,eb
巒,ye
巔,eb
巖,ew
巘,eq
巙,ew
巛,vv
巜,vv
川,pl
州,dl
巟,wv
巠,ag
巡,zv
巢,vg
巤,vv
工,aa
左,ug
巧,gv
巨,ka
巩,gf
巫,gr
差,yg
巯,vv
巰,av
己,vv
已,vv
巳,vv
巴,"vv,sl"
巵,pb
巷,cs
巸,ks
巹,lj
巽,sb
巾,ll
巿,al
帀,aj
币,pj
市,wj
布,uj
帄,jd
帅,lj
帆,jf
师,lj
帉,jd
帊,jb
希,xj
帍,hj
帎,jv
帏,jw
帐,ji
帑,nj
帓,jm
帔,jy
帕,jb
帖,jk
帗,jd
帘,bj
帙,ju
帚,ej
帛,bj
帜,jb
帝,wj
帞,jb
帟,wj
帠,jj
帡,jk
帢,jk
帣,jj
帤,nj
帥,pj
带,fj
帧,jr
帨,je
帩,jo
帪,jn
師,pj
席,gj
帮,fj
帱,jc
帳,ji
帴,jg
帵,jv
帶,aj
帷,jf
常,xj
帹,jn
帺,jb
帻,jr
帼,jy
帽,jo
帾,jo
帿,ju
幀,jb
幁,jb
幂,bj
幃,jl
幄,jt
幅,jt
幆,jv
幊,jb
幋,vj
幌,jw
幍,jj
幎,jb
幏,ju
幐,oj
幑,iw
幓,jp
幔,jy
幕,cj
幖,jx
幗,ja
幘,jb
幙,jd
幛,ju
幜,jx
幝,jl
幞,jn
幟,jo
幠,jh
幡,jt
幢,jl
幣,dj
幦,uj
幧,jm
幨,jk
幩,jb
幪,"jn,ju"
幫,tj
幬,jc
幭,ju
幮,jc
幯,je
幰,jx
干,au
平,au
年,pl
幵,gg
并,bk
幸,tg
幹,ug
幺,vs
幻,yv
幼,yl
幽,ey
幾,yd
广,di
庀,gb
庁,gd
庄,gt
庆,gd
庇,gb
庈,gv
庉,gt
床,gm
庋,gy
庌,gy
庍,gj
庎,gl
序,gl
庐,gh
庑,gw
库,gi
应,ga
底,gd
庖,gs
店,gk
庘,gj
庙,gy
庚,gn
庛,gb
府,gc
庝,gd
庞,gl
废,gd
庠,gy
庡,gy
庢,gt
庣,gd
庤,gc
庥,gm
度,gy
座,gt
庨,gz
庩,gh
庪,gy
庫,gi
庬,gd
庭,gz
庮,gy
庯,gf
庰,gk
庱,gw
庲,gl
庳,gu
庴,go
庵,gd
庶,gh
康,gn
庸,gl
庹,gi
庼,gr
庾,gy
廁,gd
廂,go
廅,gm
廆,gg
廇,gt
廈,gw
廉,gn
廊,ge
廋,gy
廎,gb
廏,gy
廑,ga
廒,gw
廓,ge
廔,gn
廕,gs
廖,gp
廗,gj
廘,gb
廙,gb
廚,gc
廛,gt
廜,go
廝,gj
廞,gr
廟,go
廠,gw
廡,gh
廢,gy
廣,gb
廥,go
廦,gu
廧,gk
廨,gn
廩,gh
廪,gx
廫,gp
廬,gm
廮,gn
廯,gy
廱,gf
廲,gb
廳,gx
廴,vd
延,zv
廷,zr
建,zy
廼,zx
廾,al
廿,ca
开,ac
弁,sc
异,sc
弃,wc
弄,wc
弅,bc
弆,tc
弇,rc
弈,wc
弊,dc
弋,ad
式,yg
弑,xg
弓,vv
弔,vl
引,gl
弗,vl
弘,gs
弙,gy
弛,gy
弜,gg
弝,gb
弞,gr
弟,bp
张,gi
弡,gj
弢,gy
弣,gc
弤,gd
弥,gx
弦,gy
弧,gg
弨,gk
弩,ng
弫,gi
弬,gl
弭,ge
弮,jg
弯,wg
弰,go
弱,gd
弲,go
弳,gg
弴,gz
張,gi
弶,gx
弸,go
弹,gl
强,gi
弼,gg
弿,bg
彀,uy
彃,gl
彄,gk
彆,dg
彇,gl
彈,gl
彊,ga
彋,gy
彌,gx
彍,gb
彎,yg
彏,gy
彐,va
归,le
当,xe
录,eu
彖,vu
彗,fe
彘,vb
彙,vg
彝,vc
彟,ey
彠,ey
彡,pp
形,kp
彣,wp
彤,dp
彦,ip
彧,ad
彩,pp
彪,hp
彫,kp
彬,mp
彭,up
彮,bp
彯,xp
彰,lp
影,op
彳,pr
彴,iu
彵,iy
彶,ij
彷,if
彸,is
役,iy
彺,iw
彻,id
彼,iy
彽,id
彾,is
彿,if
往,iv
征,iv
徂,iq
径,ig
待,ic
徆,ix
徇,io
很,ig
徉,iy
徊,ik
律,iy
後,iw
徍,it
徎,iw
徐,ih
徑,ig
徒,ir
徕,il
徖,ix
得,ic
徘,if
徙,ir
徛,ik
徜,ik
徝,iq
從,ir
徟,ik
徠,il
御,ie
徢,ir
徥,ir
徦,iy
徧,ic
徨,iw
復,iw
循,io
徫,il
徬,if
徭,if
微,iw
徯,id
徲,in
徵,iw
徶,iw
德,ix
徸,il
徹,iw
徻,io
徼,iw
徽,iw
徾,iw
徿,is
忀,iy
忂,if
心,dd
必,dd
忆,xv
忇,xl
忈,ex
忉,xd
忊,xd
忋,xj
忌,jx
忍,rx
忏,xq
忐,ux
忑,xx
忒,yx
忓,xg
忔,xq
忕,xd
忖,xc
志,ux
忘,wx
忙,xw
忚,xy
忝,tx
忞,wx
忟,xw
忠,vx
忡,xv
忤,xw
忥,qx
忦,xl
忧,xy
忨,xe
忪,xs
快,xg
忬,xl
忭,xb
忮,xy
忯,xu
忱,xv
忲,xt
忳,xt
忴,xv
念,rx
忶,xs
忸,xi
忹,xw
忺,xr
忻,xj
忼,xj
忽,wx
忾,xq
忿,bx
怀,xb
态,tx
怂,rx
怃,xw
怄,xx
怅,xi
怆,xv
怇,xj
怉,xs
怊,xk
怋,xm
怌,xp
怍,xv
怎,vx
怏,xy
怐,xk
怑,xb
怒,nx
怓,xy
怔,xv
怕,xb
怖,xj
怗,xk
怘,ux
怙,xk
怚,xq
怛,xa
怜,xs
思,tx
怞,xy
怟,xd
怠,sx
怡,xk
怢,xu
怤,rx
急,dx
怦,xp
性,xu
怨,xx
怩,xb
怪,xt
怫,xf
怬,xe
怭,xb
怮,xl
怯,xs
怰,xy
怱,cx
怲,xb
怳,xe
怴,xv
怵,xu
怶,xy
怷,ux
怸,ux
怹,rx
总,bx
怼,yx
怿,xl
恀,xx
恁,rx
恂,xo
恃,xc
恄,xk
恅,xb
恆,xa
恇,xw
恈,xn
恉,xo
恊,xl
恋,wx
恌,xd
恍,xw
恎,xt
恏,nx
恐,gx
恑,xv
恒,xa
恓,xx
恔,xx
恕,nx
恗,xk
恘,xm
恙,yx
恚,tx
恛,xk
恜,xg
恝,fx
恞,xy
恟,xk
恢,xh
恣,dx
恤,xx
恥,ex
恦,xk
恧,ex
恨,xg
恩,kx
恪,xk
恫,xk
恬,xk
恭,cx
恮,xw
息,zx
恰,xk
恲,xk
恳,gx
恶,yx
恸,xl
恹,xq
恺,xj
恻,xd
恼,xk
恽,xi
恾,xw
恿,sx
悀,xy
悁,xo
悂,xt
悃,xm
悄,xo
悆,rx
悇,xh
悈,xc
悉,px
悊,fx
悌,xp
悍,xg
悎,xk
悐,qx
悒,xb
悓,xe
悔,xm
悕,xj
悖,xz
悗,xv
悘,kx
悙,xl
悚,xu
悛,xw
悜,xw
悝,xl
悟,xk
悠,rx
悢,xl
患,ix
悤,px
悦,xe
悧,xd
您,rx
悫,ux
悬,qx
悭,xt
悮,xt
悯,xw
悰,xx
悱,xf
悲,fx
悴,xu
悵,xi
悶,mx
悷,xq
悸,xz
悹,bx
悻,xg
悼,xu
悽,xn
悾,xg
悿,xx
惀,xc
惁,mx
惂,xj
惃,xb
惄,ux
情,xo
惆,xk
惇,xz
惈,xg
惉,dx
惊,xx
惋,xv
惌,bx
惍,xj
惎,qx
惏,xm
惐,xa
惑,gx
惓,xv
惔,xh
惕,xw
惗,xx
惘,xw
惙,xy
惚,xx
惛,xo
惜,xo
惝,xk
惞,xr
惟,xf
惠,ax
惡,yx
惢,xx
惤,xy
惦,xk
惧,xb
惨,xp
惩,ix
惫,wx
惬,xj
惭,xj
惮,xl
惯,xr
惰,xo
惱,xx
惲,xi
想,mx
惴,xe
惵,xm
惶,xw
惷,fx
惸,xz
惹,cx
惺,xu
惻,xd
惼,xc
惽,xo
惾,xw
惿,xr
愀,xh
愁,hx
愃,xa
愄,xn
愅,xg
愆,ix
愇,xl
愈,rx
愉,xd
愊,xt
愋,xy
愍,mx
愎,xw
意,lx
愐,xm
愒,xv
愓,xw
愔,xo
愕,xk
愖,xv
愗,sx
愘,xk
愚,yx
愛,pw
愜,xj
愝,xn
感,xx
愠,xm
愢,xx
愣,xf
愤,xr
愦,xr
愧,xg
愨,ux
愩,xb
愪,xb
愫,xx
愬,bx
愭,xo
愮,xf
愯,xy
愰,xw
愲,xg
愴,xk
愶,xo
愷,xa
愺,xu
愻,zx
愾,xm
愿,ix
慀,xd
慁,kx
慂,dx
慃,xx
慄,xm
慅,xi
慆,xj
慇,px
慈,bx
慉,xt
慊,xn
態,sx
慌,xv
慎,xb
慏,xb
慑,xy
慒,xo
慓,xx
慔,xd
慕,cx
慖,xa
慗,ux
慘,xp
慙,ix
慚,xj
慛,xf
慜,px
慝,kx
慞,xu
慟,xl
慠,xw
慡,xx
慢,xy
慣,xb
慤,ux
慥,xz
慦,qx
慧,fx
慨,xv
慪,xk
慫,ix
慬,xa
慭,lx
慮,hx
慯,xw
慰,ux
慱,xc
慲,xr
慳,xt
慴,xb
慵,xl
慶,gw
慷,xn
慸,ax
慹,tx
慺,xn
慻,xo
慼,wx
慾,bx
憀,xp
憁,xx
憂,aw
憃,fx
憄,ix
憈,xy
憉,xp
憊,rx
憋,dx
憌,jx
憍,xk
憎,xo
憏,xx
憐,xl
憑,dx
憒,xb
憔,xh
憕,xa
憖,lx
憘,xk
憙,ux
憚,xl
憛,xu
憝,wx
憞,xw
憟,xm
憡,xn
憢,xw
憣,xt
憤,xb
憥,hx
憦,xl
憧,xl
憨,vx
憩,qx
憪,xo
憫,xw
憬,xx
憭,xx
憮,xh
憯,xo
憰,xk
憱,xy
憲,bx
憳,xc
憴,xe
憵,ux
憶,xx
憷,xr
憸,xr
憹,xn
憺,xk
憼,cx
憽,xx
憾,xx
憿,xw
懀,xo
懁,xy
懂,xv
懃,nx
懄,xl
懅,xu
懆,xm
懇,vx
懈,xn
應,gx
懊,xd
懋,mx
懌,xg
懎,xk
懏,xv
懑,dx
懒,xr
懔,xx
懕,ix
懖,jx
懗,xd
懘,dx
懚,xx
懛,xt
懜,xx
懝,xr
懞,"xn,xu"
懟,yx
懠,xa
懢,xm
懣,dx
懤,xc
懥,xr
懦,xe
懨,xq
懩,xl
懪,xu
懫,xb
懬,gx
懭,xb
懮,xw
懯,fx
懰,xd
懱,xu
懲,ix
懵,xo
懶,xb
懷,xy
懸,qx
懹,xy
懺,xj
懻,xb
懼,xf
懽,xf
懾,xe
懿,ux
戀,yx
戁,nx
戂,xf
戃,xh
戄,xy
戆,lx
戈,ad
戉,gv
戊,gp
戋,ad
戌,wa
戍,wd
戎,gu
戏,yg
成,wv
我,pd
戒,gc
戓,gk
戔,gg
戕,pg
或,ga
戗,rg
战,lg
戙,kg
戚,wx
戛,ag
戜,gw
戟,ug
戠,"wo,lg"
戡,qg
戢,ka
戣,vg
戤,ng
戥,og
戧,rg
戨,dg
截,uf
戫,ua
戬,yg
戭,bg
戮,xg
戰,kg
戲,hg
戳,xg
戴,ub
戵,og
户,du
戹,hv
戺,hs
戻,hd
戽,hu
戾,hq
房,hf
所,pj
扁,hc
扂,hk
扃,hk
扄,hk
扅,hx
扆,hy
扇,hx
扈,hb
扉,hf
扊,hh
手,pl
才,ap
扎,fv
扏,fj
扐,fl
扑,fb
扒,fb
打,fd
扔,fn
払,fs
托,fq
扙,fv
扚,fu
扛,fg
扜,fy
扝,fk
扞,fg
扟,fu
扠,fi
扡,fy
扢,fq
扣,fk
扤,fw
扦,fq
执,fw
扨,fr
扩,fg
扪,fm
扫,fe
扬,fp
扭,fi
扮,fd
扯,fv
扰,fy
扱,fj
扲,fv
扳,fy
扴,fl
扶,ff
扷,fy
扸,fp
批,fb
扺,fu
扻,fr
扼,fv
扽,ft
找,fg
承,vn
技,fy
抁,fe
抂,fw
抃,fb
抄,fu
抆,fw
抈,fo
抉,fg
把,fb
抋,fx
抌,fv
抍,fu
抎,fs
抏,fe
抐,fn
抑,fe
抒,fl
抓,fv
抔,fb
投,fy
抖,fu
抗,fj
折,fj
抚,fw
抛,fl
抟,fv
抠,fx
抡,fb
抢,fv
护,fh
报,fy
抦,fb
抧,fb
抨,fp
抪,fj
披,fy
抬,fk
抭,"fj,fe"
抮,fp
抯,fq
抰,fy
抱,fs
抲,fk
抳,fb
抴,fu
抵,fd
抶,fu
抷,fp
抸,ff
抹,fm
抺,fw
抻,fu
押,fj
抽,fy
抾,fs
抿,fm
拀,fe
拁,fk
拂,ff
拃,fv
拄,fv
担,fa
拆,fi
拇,fm
拈,fk
拉,fl
拊,fc
拌,fb
拍,fb
拎,fs
拏,nu
拐,fl
拑,fg
拒,fj
拓,fu
拔,fd
拖,fy
拗,fl
拘,fk
拙,fi
拚,fc
招,fk
拜,uf
拟,fr
拢,fl
拣,fd
拤,fb
拥,fy
拦,fs
拧,fd
拨,fd
择,fl
拫,fg
括,fk
拭,fg
拮,fk
拯,fa
拰,fr
拱,fb
拲,cu
拳,ju
拴,fw
拵,fz
拶,fx
拷,fv
拸,fx
拹,fl
拺,fn
拻,fh
拼,fk
拽,fy
拾,fk
拿,ru
挀,fn
持,fc
挂,ft
挃,ft
挄,fw
挅,fm
指,fo
挈,fu
按,fn
挋,fi
挌,fk
挍,fx
挎,fk
挏,fk
挐,nu
挑,fd
挒,fd
挓,fq
挕,fe
挖,fv
挚,fu
挛,wu
挜,fy
挝,fz
挞,fz
挟,fj
挠,fw
挡,fe
挢,fl
挣,fl
挤,fl
挥,fi
挦,fc
挨,fu
挪,fe
挫,ft
挬,fz
挭,fg
挮,fp
振,fn
挰,fw
挲,du
挴,fm
挶,fk
挸,fe
挹,fb
挺,fz
挻,fz
挼,fn
挽,fv
挾,fj
捀,ff
捁,fk
捂,fk
捃,fk
捄,fq
捅,fy
捆,fm
捇,fd
捈,fh
捉,fr
捊,fz
捋,fc
捌,fd
捍,fg
捎,fo
捏,ft
捐,fo
捑,fn
捒,fu
捓,fe
捔,fy
捕,ff
捖,fe
捗,fp
捘,fw
捚,fl
捝,fe
捞,fl
损,fr
捡,fa
换,fd
捣,fe
捥,fv
捦,fj
捧,fl
捨,fk
捩,fq
捪,fo
捫,fm
捬,fc
捭,fu
据,fk
捯,fd
捰,fg
捱,ft
捲,fv
捳,fe
捵,fb
捶,fi
捷,fr
捸,fn
捹,fc
捺,fx
捻,fx
捼,fn
捽,fu
捾,fk
掀,fr
掁,fi
掂,fk
掃,fj
掄,fc
掅,fo
掆,fe
掇,fy
授,fy
掉,fu
掊,fk
掋,fd
掌,xu
掍,fb
掎,fk
掏,ff
掐,fj
掑,fb
排,ff
掓,fy
掔,iu
掕,fw
掖,fn
掗,fy
掘,fi
掚,fr
掜,fe
掝,fa
掞,fh
掟,fr
掠,fx
採,fm
探,fm
掣,pu
掤,fo
接,fn
掦,fw
控,fg
推,ff
掩,fd
措,fo
掫,fy
掬,fm
掭,fx
掮,fo
掯,fo
掰,uu
掱,uu
掳,fl
掴,fy
掷,fe
掸,fl
掺,fp
掼,fr
掽,fy
掾,fu
掿,fk
揀,fj
揁,fb
揂,fy
揃,fd
揄,fd
揅,uu
揆,ft
揇,fg
揈,fk
揉,fm
揊,ft
揋,fn
揌,fx
揍,ft
揎,fa
描,ft
提,fr
插,fj
揓,fy
揔,fx
揕,fv
揖,fe
揗,fo
揘,fw
揙,fc
揚,fw
揜,fc
揝,fo
揞,fo
揟,fo
揠,fn
握,ft
揢,fk
揣,fe
揤,fe
揥,fj
揦,fd
揧,uu
揨,fd
揩,fb
揪,fh
揫,hu
揬,fq
揭,fv
揮,fi
揯,fa
揰,fv
揱,xu
揲,fm
揳,fd
援,fy
揵,fz
揶,fe
揸,fa
揹,fo
揻,fn
揽,fe
揾,fm
揿,fr
搀,fd
搁,fk
搂,fn
搅,fe
搆,"fr,fz"
搇,fy
搈,fk
搉,ff
搊,fp
搋,fj
搌,fn
損,fb
搎,fx
搏,fc
搐,ft
搑,fe
搒,ff
搓,fg
搔,fi
搕,fm
搗,fe
搘,fo
搙,fc
搚,fo
搛,fn
搜,fy
搝,fq
搞,fk
搟,fg
搠,fo
搡,fm
搢,fo
搣,"fh,fm"
搤,fm
搥,fz
搦,fd
搧,fx
搨,fx
搩,fm
搪,fk
搫,vu
搬,fy
搭,fk
搮,fm
搯,fj
搰,fg
搱,fu
搲,fg
搳,fk
搴,bu
搶,fk
搷,fb
搸,fh
携,fn
搽,fm
搿,uu
摀,fw
摁,fx
摄,fy
摅,fx
摆,fs
摇,ff
摈,fb
摊,ff
摋,fy
摌,fu
摍,fb
摎,fp
摏,fj
摐,fr
摑,fa
摒,fk
摓,fz
摔,fu
摕,fj
摖,fx
摗,fr
摘,fk
摙,fz
摚,ft
摛,fd
摜,fb
摝,fb
摞,fx
摟,fn
摡,fv
摢,fh
摣,fq
摥,fw
摦,fg
摧,ff
摨,fn
摩,gu
摪,fc
摫,fe
摬,fe
摭,fh
摮,fu
摯,tu
摰,tu
摱,fy
摲,fj
摳,fk
摴,fk
摵,fx
摶,fc
摷,fg
摸,fd
摹,cu
摺,fb
摻,fp
摼,ft
摽,fx
撁,fn
撂,fk
撄,fn
撅,fr
撇,fw
撈,fl
撉,wu
撊,fo
撋,fw
撌,fb
撍,fo
撎,fa
撏,fc
撑,fu
撒,fw
撓,fw
撔,fx
撕,fj
撖,fw
撗,fb
撙,fc
撚,fh
撛,fl
撜,fa
撝,fh
撞,fl
撟,fk
撠,fg
撢,fu
撣,fl
撤,fw
撥,fy
撧,fb
撨,fh
撩,fx
撪,fi
撫,fh
撬,fm
播,ft
撮,fy
撰,fb
撱,fo
撲,fn
撳,fr
撴,fw
撵,fi
撶,fl
撷,fr
撸,fo
撺,fi
撻,fz
撼,fx
撽,fw
撾,fz
撿,fr
擀,fg
擁,ff
擂,ft
擃,fn
擄,fl
擅,fa
擆,fo
擇,fg
擉,fi
擊,iu
擋,ft
擌,fj
操,fm
擎,cu
擏,fw
擐,fy
擒,fd
擓,ff
擔,fk
擖,fv
擗,fu
擘,uu
擙,fd
據,fu
擛,fm
擞,fw
擟,fx
擠,fa
擡,ft
擢,ff
擣,fc
擤,fl
擦,fx
擨,fr
擩,fe
擪,iu
擬,fr
擭,fy
擯,fb
擰,fd
擱,fk
擲,fe
擳,fe
擴,fb
擶,fd
擷,fb
擸,fv
擹,fr
擺,fb
擻,fw
擼,fo
擽,fm
擾,fw
擿,fz
攀,mu
攁,fl
攃,fx
攄,fx
攆,fi
攇,fx
攈,fh
攉,ff
攋,fb
攌,fy
攍,ff
攎,fm
攏,fs
攐,fy
攑,fl
攒,fr
攓,fr
攔,fj
攕,fj
攖,fn
攗,fm
攘,fy
攙,fd
攛,fv
攜,fk
攝,fe
攞,ff
攠,ff
攢,fb
攣,yu
攤,ff
攥,fx
攦,fb
攧,fb
攩,fh
攪,fe
攫,fy
攬,fe
攭,fi
攮,fy
支,uy
攰,ul
攱,ly
攲,dy
攳,uc
攴,ly
收,vw
攷,aw
攸,rw
改,jw
攺,sw
攻,gw
攼,gw
攽,bw
放,fw
政,vw
敀,bw
敁,ly
敂,bw
敃,mw
敄,sw
故,uw
敇,aw
效,ww
敉,mw
敊,uy
敌,qw
敍,ry
敏,pw
敐,iw
救,qw
敒,rw
敔,ww
敕,uw
敖,fw
敗,ow
教,lw
敚,bw
敛,rw
敜,rw
敝,dw
敞,xw
敠,yy
敡,oy
敢,vw
散,cw
敤,gy
敥,hy
敦,ww
敧,dy
敨,lw
敩,xw
敫,bw
敬,cw
数,mw
敱,ey
敲,wy
整,uv
敵,ww
敷,fw
數,lw
敹,lw
敺,ky
敼,uy
敽,yy
斀,sy
斁,sw
斂,rw
斃,db
斄,wl
斅,py
斆,pw
文,wx
斋,we
斌,wv
斐,fw
斑,ww
斒,wc
斓,wj
斔,wy
斕,wj
斗,du
斘,xu
料,mu
斛,du
斜,ru
斝,ku
斞,yu
斟,qu
斠,au
斡,uu
斢,"cu,nu"
斣,su
斤,pl
斥,pd
斦,jj
斧,bj
斨,pj
斩,ij
斪,bj
斫,uj
斬,ij
断,mj
斮,cj
斯,qj
新,lj
斱,lj
斲,vj
斳,nj
斶,ji
斷,yj
斸,uj
方,dw
斺,fl
斻,fj
於,fd
施,fy
斿,fz
旁,wf
旂,fj
旃,fd
旄,fm
旅,fn
旆,fl
旇,fy
旊,fw
旋,fr
旌,fu
旎,fb
族,fu
旐,fd
旒,fv
旓,fo
旔,fz
旖,fk
旗,fb
旚,fx
旛,ft
旝,fo
旞,fz
旟,fb
无,ay
旡,av
既,gv
日,ka
旦,oa
旧,lo
旨,bo
早,ou
旫,od
旬,bo
旭,jo
旮,jo
旯,oj
旰,og
旱,og
旲,od
旳,ou
旴,oy
旵,oe
时,oc
旷,og
旸,op
旺,ow
旻,ow
旼,ow
旽,ot
旿,ow
昀,od
昁,ol
昂,oe
昃,or
昄,oy
昆,ob
昇,ou
昈,oh
昉,of
昊,ot
昋,to
昌,oo
昍,oo
明,oo
昏,uo
昐,od
昑,ov
昒,ow
易,ow
昔,co
昕,oj
昘,of
昙,os
昛,oj
昝,wo
昞,ob
星,ou
映,oy
昡,oy
昢,oi
昣,op
昤,os
春,fo
昧,ow
昨,ov
昩,om
昪,oc
昫,ok
昭,ok
昮,ol
是,or
昰,ov
昱,ol
昲,of
昳,ou
昴,oe
昵,ob
昶,yo
昹,oy
昺,ob
昼,ia
昽,ol
显,oy
晀,od
晁,od
時,oc
晃,ow
晄,ow
晅,oa
晆,ot
晇,ok
晊,ot
晋,yo
晌,ok
晎,ob
晏,on
晐,or
晑,ok
晒,ox
晓,ow
晔,ou
晕,oi
晖,oi
晗,ok
晘,og
晙,ow
晚,ov
晛,oe
晜,op
晝,va
晞,oj
晟,oi
晠,oi
晡,of
晢,fo
晤,ok
晦,om
晨,on
晪,ob
晫,ou
晬,ou
普,bo
景,ox
晰,oj
晱,oh
晲,oe
晳,mo
晴,oo
晵,ho
晶,oo
晷,ok
晸,ow
晹,ow
智,uo
晻,od
晼,ov
晽,om
晾,ox
晿,oo
暀,ov
暂,io
暄,oa
暅,oa
暆,oy
暇,oy
暈,oi
暉,oi
暊,ob
暋,mo
暌,ot
暍,ov
暏,oo
暐,ol
暑,oo
暔,og
暕,oj
暖,oy
暗,oo
暘,ow
暙,oo
暚,of
暛,og
暝,ob
暟,oa
暠,ok
暡,ox
暢,uw
暤,ou
暥,on
暧,oy
暨,ga
暩,ox
暪,or
暫,io
暬,to
暮,co
暯,od
暰,or
暱,ok
暲,ou
暳,oe
暴,ou
暵,on
暶,or
暷,oc
暸,ox
暹,zf
暻,ox
暼,do
暽,ol
暾,ow
暿,ok
曀,oa
曂,ob
曃,oz
曄,ol
曆,io
曇,os
曈,ol
曉,ow
曊,ob
曋,ou
曌,og
曎,og
曏,oe
曑,op
曒,ow
曔,ow
曕,ok
曖,ow
曘,oe
曙,oo
曚,"on,ou"
曛,oh
曜,of
曝,ou
曞,oy
曟,on
曠,ob
曣,oh
曤,of
曥,om
曦,od
曧,oi
曨,os
曩,oy
曪,of
曫,yo
曬,ob
曭,oh
曮,ow
曯,oi
曰,ka
曲,la
曳,lp
更,an
曷,ov
書,vo
曹,ao
曼,oy
曾,bo
替,fo
最,oy
朁,ao
會,ro
朄,uj
朅,tv
朆,bw
朇,ru
月,ka
有,uo
朊,oe
朋,oo
朌,od
服,oy
朎,os
朏,oi
朐,ok
朒,or
朓,od
朔,bo
朕,ot
朗,do
朘,ow
朚,wo
望,ww
朝,uo
朞,qo
期,qo
朠,oy
朡,ow
朣,ol
朦,"on,ou"
朧,os
木,"un,an"
未,an
末,an
本,aa
札,mv
朮,ud
术,md
朱,"pw,pn"
朲,mr
朳,mb
朴,mb
朵,jm
朷,md
朸,ml
朹,mj
机,mj
朻,ml
朼,mb
朽,mv
朾,md
朿,an
杀,xm
杂,jm
权,my
杄,mq
杅,my
杆,mg
杇,mk
杈,mi
杉,mp
杋,mf
杌,mw
杍,mz
李,mz
杏,mk
材,mc
村,mc
杒,mr
杓,mu
杔,mq
杕,md
杖,mv
杗,wm
杘,um
杙,my
杚,mq
杛,mg
杜,mt
杝,my
杞,mj
束,an
杠,mg
条,wm
来,an
杧,mw
杨,mp
杩,mm
杪,mu
杫,mv
杬,me
杭,mj
杮,ml
杯,mb
杰,mh
東,an
杲,om
杳,mo
杴,mr
杵,mw
杶,mt
杷,mb
杸,my
杹,mb
杺,mx
杻,mi
杼,ml
杽,mu
松,ms
板,my
极,mj
枂,mo
枃,md
构,ms
枅,mk
枇,mb
枈,bm
枉,mw
枊,me
枋,mf
枌,md
枍,mv
枎,mf
析,mj
枑,mh
枒,my
枓,mu
枔,mv
枕,mv
枖,my
林,mm
枘,mn
枙,mv
枚,mw
枛,mv
果,ln
枝,my
枞,mr
枟,ms
枢,mx
枣,ad
枥,ml
枧,me
枨,mi
枪,mv
枫,mx
枭,pm
枮,mk
枯,mk
枰,mp
枱,mk
枲,sm
枳,mb
枵,mv
架,lm
枷,mk
枸,mk
枹,ms
枺,mm
枻,mu
枼,um
枾,ml
枿,mc
柀,my
柁,mb
柂,my
柃,ms
柄,mb
柅,mb
柆,ml
柈,mb
柉,mf
柊,md
柋,rm
柌,mk
柍,my
柎,mc
柏,mb
某,gm
柑,mg
柒,dm
染,dm
柔,sm
柖,mk
柘,mu
柙,mj
柚,my
柛,mu
柜,mj
柝,mi
柞,mv
柟,mr
柠,md
柢,md
柣,mu
柤,mq
查,ma
柦,ma
柧,mg
柨,mj
柩,mj
柪,ml
柫,mf
柬,an
柭,md
柮,mi
柯,mk
柰,mx
柱,mv
柲,mb
柳,me
柴,vm
柵,ma
柶,me
柷,me
柸,mp
柹,mp
柺,ml
柼,mb
柽,mt
柿,mj
栀,mv
栅,mc
标,mx
栈,mj
栉,me
栊,ml
栋,md
栌,mu
栎,ml
栏,ms
栐,my
树,mc
栒,mo
栓,mw
栔,fm
栖,mx
栗,xm
栘,mx
栙,ml
栚,mt
栛,ml
栜,mn
栝,mk
栞,"gm,km"
栟,mk
栠,rm
校,mx
栣,mr
栤,mu
栥,dm
栦,mv
栧,my
栨,mr
栩,mx
株,mv
栫,mz
栬,mb
栭,me
栮,me
栯,mo
栰,mg
栱,mb
栲,mv
栳,mb
栴,md
栵,md
栶,md
样,my
核,mr
根,mg
栺,mo
栻,mg
格,mk
栽,um
栾,wm
栿,mq
桀,xm
桁,mi
桂,mt
桃,md
桄,mw
桅,mv
框,mw
桇,nm
案,bm
桉,mn
桊,jm
桋,my
桌,lm
桍,mk
桎,mt
桏,me
桐,mk
桑,ym
桓,ma
桔,mk
桕,mj
桖,mx
桗,mm
桙,mn
桠,my
桡,mw
桢,mr
档,me
桤,mj
桥,ml
桦,mu
桧,ms
桨,dm
桩,mt
桫,mu
桬,dm
桭,mn
桮,mk
桯,mw
桰,mk
桱,mg
桲,mz
桳,mu
桴,mz
桵,mn
桶,my
桷,my
桸,mj
桹,ml
桻,mf
桼,mu
桽,mt
桾,mk
桿,mg
梀,mu
梁,dm
梂,mq
梃,mz
梄,my
梅,mm
梆,me
梇,mc
梈,ml
梉,mu
梊,fm
梋,mo
梌,mh
梍,mq
梎,mb
梏,mk
梐,mt
梑,mh
梒,mk
梓,mu
梔,mb
梖,mb
梗,mg
梘,me
梚,mv
梛,me
梜,mj
條,rm
梞,mx
梟,pm
梠,mk
梡,me
梢,mo
梣,mv
梤,md
梦,mx
梧,mk
梨,hm
梩,ml
梪,ma
梫,my
梬,mv
梭,mw
梮,mk
梯,mp
械,mc
梱,mm
梳,mv
梴,mz
梵,mf
梶,mm
梷,lm
梹,mb
梼,mc
梽,mx
梾,ml
梿,mz
检,ma
棁,me
棂,mh
棃,hm
棄,"wm,wn"
棆,mc
棇,mx
棈,mo
棉,mj
棋,mb
棌,mm
棍,mb
棎,mm
棏,mc
棐,fm
棑,mf
棒,ml
棓,mk
棔,mo
棕,mx
棖,mi
棗,an
棘,an
棙,mq
棚,mo
棛,mo
棜,md
棝,mk
棞,mh
棟,md
棠,xm
棡,me
棣,mn
棤,mo
棥,mm
棦,ml
棧,mg
棨,hm
棩,ml
棪,mh
棫,ma
棬,mv
棭,mn
森,mm
棯,mx
棰,mi
棱,mw
棲,mn
棳,my
棴,my
棵,mg
棶,ml
棷,my
棸,em
棹,mu
棺,mk
棻,cm
棼,md
棽,mv
棾,mj
棿,me
椀,mv
椁,mz
椂,mu
椄,mn
椅,mk
椆,mk
椇,mb
椈,mm
椊,mu
椋,mx
椌,mg
植,mq
椎,mf
椏,my
椐,mk
椑,mu
椒,my
椓,mn
椔,mt
椕,mm
椖,mf
椗,mr
椞,mm
椟,md
椠,im
椤,mx
椥,mk
椪,my
椬,mq
椭,mo
椮,mp
椯,me
椰,me
椱,mw
椲,ml
椳,mn
椴,my
椵,my
椶,mw
椷,mk
椸,my
椹,mv
椺,mm
椻,mn
椼,mi
椽,mu
椾,md
椿,mo
楀,my
楁,mk
楂,ma
楃,mt
楄,mc
楅,mt
楆,mn
楇,mk
楈,mo
楉,mk
楊,mw
楋,md
楌,mp
楎,mi
楏,mt
楐,ml
楑,mt
楒,mx
楓,mi
楔,md
楖,me
楗,mz
楘,sm
楙,mm
楚,mr
楛,mk
楜,mo
楝,mj
楞,mf
楟,md
楠,mg
楢,my
楣,mo
楤,mx
楥,my
楦,ma
楧,my
楨,mb
楩,mg
楪,mm
楫,me
楬,mv
業,yn
楮,mo
楯,mo
楰,my
楱,mt
楲,mn
楴,mj
極,ma
楶,dm
楷,mb
楸,mh
楹,mm
楺,mm
楻,mw
楼,mn
榀,mk
概,mv
榃,mt
榄,me
榅,mm
榆,md
榇,mm
榈,mk
榉,ml
榍,mo
榎,mw
榐,mn
榑,mc
榒,md
榓,mm
榔,me
榕,mk
榖,uy
榗,mo
榙,mk
榚,mh
榛,mh
榜,mf
榝,my
榞,mx
榠,mb
榡,mx
榣,mf
榤,mm
榥,mw
榦,um
榧,mf
榨,mv
榪,mm
榫,mu
榬,my
榭,mc
榮,hm
榯,mc
榰,mo
榱,my
榳,mz
榴,mt
榵,me
榶,mk
榷,mf
榸,ml
榹,mj
榺,om
榻,mx
榼,mm
榽,md
榾,mg
榿,ma
槀,wm
槁,mk
槂,mx
槃,vm
槄,mj
槅,ml
槉,mu
槊,bm
構,"mr,mz"
槌,mz
槍,mk
槎,mg
槏,mn
槐,mg
槔,mu
槙,mb
槚,mr
槛,mm
槜,mn
槟,mb
槠,mo
槢,mb
槣,mk
槤,mz
槥,me
槦,ml
槧,im
槫,mc
槬,mg
槭,mx
槯,mf
槰,mz
槱,mh
槲,mu
槳,pm
槴,mb
槵,mx
槶,ma
槷,tm
槸,mw
槺,mn
槻,me
槼,fm
槽,mo
槾,my
槿,ma
樀,mk
樁,mj
樂,ym
樃,mo
樄,md
樅,mr
樆,md
樇,mo
樈,me
樉,mx
樊,md
樋,mz
樌,mb
樍,mb
樎,mb
樏,mx
樑,mm
樓,mn
樔,mg
樕,mr
樖,rk
樗,mk
樘,mt
標,mx
樚,mb
樛,mp
樜,mh
樝,mq
樞,mk
樟,mu
樠,mr
模,md
樢,mn
樣,my
樤,mm
樥,mf
樨,mn
横,mb
樫,mt
樯,mk
樱,mn
樲,mb
樳,mc
樴,mo
樵,mh
樶,my
樷,my
樸,mn
樹,mc
樺,ml
樻,mb
樽,mc
樾,mv
樿,ml
橀,mm
橁,mo
橂,md
橃,my
橄,mw
橅,mh
橆,pm
橇,mm
橈,mw
橉,ml
橋,mk
橌,mo
橍,mw
橎,mt
橏,mk
橐,am
橑,mx
橒,ms
橔,mw
橕,my
橖,mm
橗,mo
橘,mk
橙,ma
橚,ml
橛,mr
橝,mu
橞,mx
機,md
橠,my
橡,mn
橢,mo
橣,my
橤,xm
橥,qm
橦,ml
橧,mo
橨,mb
橩,mj
橪,mh
橬,mo
橭,mu
橱,mc
橹,mo
橼,mu
橽,mz
橾,mm
橿,ma
檀,ma
檂,mn
檃,em
檄,mw
檇,mv
檈,my
檉,mw
檊,mg
檋,mi
檍,mx
檎,md
檐,mk
檑,mt
檒,mi
檓,my
檔,mt
檕,im
檖,mz
檗,um
檘,mu
檙,mv
檛,mz
檜,mo
檝,ma
檞,mn
檟,mb
檠,cm
檡,mg
檢,mr
檣,mk
檤,mz
檥,mw
檦,md
檧,mx
檨,mr
檩,mx
檫,mx
檬,"mn,mu"
檭,mg
檮,mc
檯,mt
檰,mj
檲,mc
檳,mb
檴,my
檵,mv
檶,mk
檷,mx
檸,md
檹,mk
檺,mu
檻,mm
檼,mx
檽,me
檾,hm
檿,im
櫂,mf
櫃,mb
櫅,ma
櫆,mu
櫇,mb
櫋,mf
櫍,mb
櫎,mb
櫏,mz
櫐,tm
櫑,mt
櫒,mx
櫓,mo
櫔,my
櫖,mx
櫗,mu
櫙,mk
櫚,mk
櫛,me
櫜,am
櫝,mb
櫞,mu
櫟,mm
櫠,my
櫡,mo
櫢,mw
櫧,mo
櫨,mm
櫩,mj
櫪,mv
櫫,um
櫬,me
櫭,ma
櫮,mk
櫯,mh
櫰,my
櫱,vm
櫲,mn
櫳,ms
櫶,mx
櫸,ml
櫹,ml
櫺,mk
櫻,mn
櫼,mj
櫽,em
櫾,mx
櫿,mk
欀,my
欁,mm
欂,mc
欃,md
欄,mj
欆,my
欇,me
欈,mk
欉,my
權,mf
欋,mf
欏,mf
欐,mb
欑,mb
欒,ym
欓,mh
欔,my
欖,me
欗,mj
欘,mi
欙,mx
欚,mi
欛,mo
欜,my
欞,mr
欠,dr
次,dr
欢,yr
欣,jr
欤,yr
欥,or
欦,rr
欧,kr
欨,br
欩,dr
欪,ir
欫,wr
欬,wr
欭,kr
欮,br
欯,ur
欰,xr
欱,rr
欲,br
欳,lr
欴,dr
欶,ur
欷,xr
欸,sr
欹,dr
欺,qr
欻,hr
欼,yr
欽,jr
款,ur
欿,dr
歁,qr
歂,er
歃,qr
歄,lr
歅,xr
歆,lr
歇,or
歈,rr
歉,br
歊,wr
歋,pr
歌,dr
歍,wr
歎,nr
歏,nr
歐,kr
歑,hr
歒,wr
歔,hr
歖,ur
歙,rr
歛,rr
歜,sr
歝,sr
歞,or
歟,pr
歠,yr
歡,cr
止,la
正,av
此,vb
步,vp
武,av
歧,vy
歪,bv
歫,vj
歭,vc
歰,rv
歱,vv
歲,vp
歶,vy
歷,iv
歸,pj
歹,ax
歺,lx
死,db
歼,dq
歽,dj
歾,dw
殀,dy
殁,dy
殂,dq
殃,dy
殄,dp
殅,du
殆,dk
殇,dp
殈,dx
殉,do
殊,dv
残,dj
殌,dg
殍,dz
殎,dj
殏,dq
殐,du
殑,de
殒,dr
殓,da
殔,dn
殕,dk
殖,dq
殗,dd
殘,dg
殙,do
殚,dl
殛,da
殜,dm
殝,dh
殞,db
殟,dm
殠,dq
殡,db
殢,dj
殣,da
殤,dw
殥,db
殦,dn
殧,dy
殨,db
殩,dm
殪,da
殫,dl
殬,dg
殭,da
殮,dr
殯,db
殰,db
殲,dj
殳,jy
殴,ky
段,py
殶,vy
殷,py
殸,uy
殹,ky
殺,xy
殻,uy
殼,uy
殽,xy
殾,ly
殿,uy
毁,jy
毂,uy
毃,wy
毅,ly
毆,ky
毇,jy
毈,ly
毉,kr
毊,uk
毋,va
毌,va
母,vd
每,pm
毐,uw
毑,my
毒,fm
毓,pv
比,bb
毕,bu
毖,bb
毗,tb
毙,bb
毚,dd
毛,pv
毞,bm
毠,lm
毡,mk
毢,mx
毣,xm
毥,mo
毦,em
毧,mu
毨,me
毪,mn
毫,wm
毬,mq
毭,am
毯,mh
毰,mk
毱,mm
毲,ym
毳,mm
毵,sm
毷,km
毸,mx
毹,rm
毻,um
毼,om
毽,mz
毾,om
毿,sm
氀,lm
氁,md
氂,wm
氃,lm
氄,sm
氅,xm
氆,mo
氇,mo
氈,wm
氉,km
氋,cm
氌,mo
氍,om
氏,pv
氐,ud
民,vv
氒,uu
氓,wm
气,pv
氕,qp
氖,qn
氘,ql
氙,qe
氚,qi
氛,qd
氜,qo
氝,qn
氟,qf
氠,qu
氡,qd
氢,qg
氣,qm
氤,qd
氥,qx
氦,qr
氧,qy
氨,qn
氩,qy
氪,qe
氫,qg
氬,qy
氮,qh
氯,qu
氰,qo
氲,qm
水,ln
氶,ln
永,dn
氹,vu
氻,dl
氼,ur
氽,ru
氾,dv
氿,dj
汀,dd
汁,du
求,ad
汃,db
汆,ru
汇,dk
汈,dd
汉,dy
汊,di
汋,du
汌,di
汍,dw
汎,df
汏,dd
汐,dx
汑,dq
汒,dw
汓,dz
汔,dq
汕,de
汖,eu
汗,dg
汘,dq
汙,dy
汛,du
汜,ds
汝,dn
汞,gu
江,dg
池,dy
污,dk
汤,dp
汥,dy
汦,du
汧,dk
汨,do
汩,do
汪,dw
汫,dj
汭,dn
汮,dd
汯,ds
汰,dt
汱,dq
汲,dj
汳,dy
汴,db
汵,dv
汶,dw
汷,dw
汸,df
汹,dk
決,dg
汻,dw
汼,dn
汽,dq
汾,dd
汿,dl
沁,dx
沂,dj
沃,dy
沄,ds
沅,de
沆,dj
沇,de
沈,dv
沉,dj
沊,du
沋,dy
沌,dt
沍,dh
沎,db
沏,dd
沐,dm
沑,di
沓,uo
沔,dm
沕,dw
沖,dv
沗,tu
沘,db
沙,du
沚,dv
沛,dl
沜,dp
沝,uu
沞,dj
沟,ds
没,dy
沣,df
沤,dx
沥,dl
沦,db
沧,dv
沨,dx
沩,dw
沪,dh
沫,dm
沬,dw
沭,du
沮,dq
沰,du
沱,db
河,dk
沴,dp
沶,dx
沷,dd
沸,df
油,dy
沺,dt
治,dk
沼,dk
沽,dk
沾,dk
沿,dk
泀,dk
況,de
泂,dk
泃,dk
泄,du
泅,dr
泆,du
泇,dk
泉,bu
泊,db
泋,dc
泌,db
泍,db
泎,dv
泏,di
泐,dl
泑,dl
泒,dg
泓,ds
泔,dg
法,ds
泖,de
泗,de
泘,dh
泙,dp
泚,db
泛,df
泜,dd
泝,di
泞,dd
泠,ds
泡,ds
波,dy
泣,dl
泥,db
泦,dj
泧,dv
注,dv
泩,du
泪,do
泫,dy
泬,db
泭,dc
泮,db
泯,dm
泰,fu
泱,dy
泲,dp
泳,dy
泵,uu
泷,dl
泸,du
泺,dl
泻,dy
泼,dd
泽,dl
泾,dg
泿,dg
洀,dv
洁,dk
洃,dh
洄,dk
洅,dz
洆,da
洇,dd
洈,dv
洉,dk
洊,dz
洋,dy
洌,dd
洍,dl
洎,dz
洏,de
洐,di
洑,dq
洒,dx
洓,dn
洔,dc
洕,do
洖,dt
洗,de
洘,dv
洙,dv
洚,dl
洛,dk
洝,dn
洞,dk
洟,dy
洠,dn
洡,dl
洢,dy
洣,dm
津,dy
洦,db
洧,do
洨,dx
洩,dy
洪,db
洫,dx
洬,dd
洭,dw
洮,dd
洯,fu
洰,dj
洱,de
洲,dv
洳,dk
洴,dk
洵,do
洶,dk
洷,dt
洸,dw
洹,da
洺,dk
活,dk
洼,dt
洽,dk
派,dn
洿,dk
浀,dq
流,dv
浂,dt
浃,dj
浄,dl
浅,dj
浆,du
浇,dw
浈,dr
浉,dj
浊,di
测,dd
浍,ds
济,dl
浏,dd
浐,di
浑,di
浒,dw
浓,dn
浔,dc
浕,dd
浖,dc
浗,dq
浘,dm
浙,dj
浚,dw
浛,dk
浜,db
浝,dd
浞,dr
浟,dw
浠,dj
浡,dz
浢,da
浣,de
浤,ds
浥,db
浦,df
浧,dw
浨,dm
浩,dk
浪,dl
浫,dg
浬,dl
浭,dg
浮,dz
浯,dk
浰,dd
浲,df
浳,do
浴,dk
浵,dp
浶,dn
海,dm
浸,dy
浹,dj
浺,dv
浻,dk
浼,dv
浽,dn
浾,dd
浿,db
涀,de
涂,dh
涃,dm
涄,dv
涅,dt
涆,dg
涇,dg
消,do
涉,dp
涊,dx
涋,dq
涌,dy
涍,dz
涎,dz
涏,dz
涐,dw
涑,du
涒,dk
涓,do
涔,dv
涕,dp
涖,dl
涘,du
涚,de
涛,dc
涝,dl
涞,dl
涟,dz
涠,dw
涡,dn
涢,dr
涣,dd
涤,dm
润,dw
涧,do
涨,di
涩,dv
涪,dk
涫,dk
涬,dg
涭,dy
涮,dd
涯,dt
涰,dy
液,dn
涳,dg
涴,dv
涵,dk
涶,di
涷,dd
涸,dk
涹,dn
涺,dk
涻,dk
涼,dx
涽,do
涾,do
涿,dn
淀,dr
淁,dn
淂,dc
淃,dv
淄,dt
淅,dj
淆,do
淇,db
淈,di
淉,dg
淊,dj
淋,dm
淌,dk
淍,dk
淎,dl
淏,dt
淐,do
淑,dy
淒,dn
淓,df
淔,dq
淕,dt
淖,du
淘,df
淙,dx
淚,dq
淜,do
淝,db
淞,ds
淟,db
淠,dl
淡,dh
淢,da
淣,de
淤,dd
淦,dj
淩,dw
淪,dc
淫,dr
淬,du
淭,dm
淮,df
淯,do
淰,dx
深,dm
淲,dj
淳,dz
淴,dx
淵,dl
淶,dl
混,db
淹,dd
淺,dg
添,dx
淼,uu
淽,dv
渀,dc
渂,dw
渃,dk
渄,df
清,do
渊,dl
渌,du
渍,dr
渎,dd
渐,dj
渑,dd
渔,da
渗,dp
渘,dm
渚,do
減,dk
渜,dd
渝,dd
渞,dz
渟,dd
渠,dm
渡,dy
渢,di
渣,da
渤,dl
渥,dt
渦,dk
渧,dj
渨,dn
温,dm
渫,dm
測,dd
渭,do
渮,dk
港,ds
渰,dc
渱,dg
渲,da
渳,de
渴,dv
渵,dt
渶,dy
渷,de
游,dz
渹,dk
渺,du
渻,do
渼,dd
渽,dk
渾,di
渿,dx
湀,dt
湁,dk
湂,dk
湃,df
湄,do
湅,dj
湆,do
湇,do
湈,dm
湉,dk
湊,dt
湋,dl
湍,de
湎,dm
湏,db
湑,do
湒,de
湓,dm
湔,dd
湕,dz
湖,do
湗,dc
湘,do
湚,dv
湛,dv
湜,dr
湝,db
湞,db
湟,dw
湠,dh
湡,dy
湢,dt
湣,do
湤,dy
湥,dq
湦,du
湧,dl
湨,dq
湩,dv
湪,du
湫,dh
湭,dy
湮,dt
湯,dw
湰,du
湱,du
湲,dy
湳,dg
湴,dy
湵,dj
湶,du
湷,do
湸,dj
湾,dg
湿,dy
溁,dm
溃,dr
溅,dj
溆,dy
溇,dn
溉,dv
溋,dm
溍,do
溎,dt
溏,dk
源,dx
溑,db
溒,dy
溓,dn
溔,dh
準,du
溗,dn
溘,dm
溙,du
溚,dk
溛,dg
溜,dt
溝,"dr,dz"
溞,di
溟,db
溠,dg
溡,dc
溢,dm
溤,dm
溥,dc
溦,dw
溧,dm
溩,dw
溪,dd
溭,dw
溮,dj
溯,do
溰,da
溱,dh
溲,dy
溳,db
溴,dq
溵,dy
溶,dk
溷,du
溸,dx
溹,dx
溺,dd
溻,dx
溼,dt
溽,dc
溾,dg
滀,dt
滁,dh
滂,df
滃,dx
滄,dk
滅,"dh,dm"
滆,dl
滇,db
滈,dk
滉,dw
滊,dm
滋,dy
滌,dm
滍,di
滎,hu
滏,da
滐,dm
滑,dg
滒,dk
滓,du
滔,dj
滕,ou
滖,dy
滗,dm
滘,dk
滚,dy
滞,dj
滟,db
滠,dy
满,dl
滢,dy
滤,dx
滥,dm
滦,dm
滧,dw
滨,db
滩,df
滪,dr
滫,do
滬,db
滭,dl
滮,dp
滯,dj
滰,de
滲,dp
滳,dk
滴,dk
滵,de
滶,dw
滷,dd
滸,dw
滹,dh
滺,dx
滻,du
滼,df
滽,dl
滿,dr
漀,uu
漁,da
漂,dx
漃,dy
漅,dg
漆,du
漇,dr
漈,dx
漉,db
漊,dn
漋,du
漌,da
漍,da
漎,dr
漏,dy
漐,tu
漒,di
漓,dd
演,db
漕,do
漖,dw
漗,dx
漘,do
漙,dc
漚,dk
漛,du
漜,dt
漝,db
漞,de
漟,dt
漠,dd
漡,dw
漢,dn
漣,dz
漤,dn
漦,wu
漧,dq
漨,dz
漩,dr
漪,dk
漫,dy
漬,db
漭,dc
漮,dn
漯,dx
漰,do
漱,dr
漲,di
漳,du
漴,dx
漵,dw
漶,dx
漷,de
漸,dj
漹,dh
漺,dx
漻,dp
漼,df
漾,dy
漿,pu
潁,bb
潆,dx
潇,ds
潋,dw
潍,df
潎,dw
潏,dk
潐,dh
潑,dy
潒,dn
潓,dx
潔,dx
潕,dh
潖,db
潗,dm
潘,dt
潙,dh
潚,dl
潛,do
潜,do
潝,dx
潞,dk
潟,dh
潠,db
潡,dw
潢,db
潣,dw
潤,dw
潥,dm
潦,dx
潧,do
潨,dn
潩,db
潪,do
潫,dx
潬,dl
潭,du
潮,do
潯,dc
潰,db
潱,da
潲,do
潳,do
潴,do
潵,dw
潶,dh
潷,dy
潸,do
潺,dz
潻,du
潼,dl
潽,jf
潾,dl
潿,dl
澀,dv
澂,dw
澃,pu
澄,da
澅,da
澆,dw
澇,dl
澈,dw
澉,dw
澊,dc
澋,dx
澌,dj
澍,dc
澎,dp
澏,de
澐,ds
澒,db
澓,dw
澕,dl
澖,dm
澗,do
澛,do
澜,dj
澞,dt
澠,de
澡,dm
澢,dt
澣,dg
澤,dg
澥,dn
澦,db
澧,da
澨,dr
澩,pu
澪,ds
澫,dy
澬,db
澭,df
澮,do
澯,dm
澰,dr
澱,dy
澲,dn
澳,dd
澴,dy
澵,dj
澶,da
澸,dx
澹,dk
澺,dx
澻,dz
澼,du
澽,du
澾,dz
激,dw
濁,di
濂,dn
濃,dn
濄,dz
濆,db
濇,dk
濈,da
濉,df
濊,dp
濋,dr
濌,vo
濍,dx
濎,dv
濑,dr
濒,dr
濔,dx
濕,dh
濖,do
濗,dj
濘,dd
濙,dh
濚,dm
濛,"dn,du"
濜,dm
濝,dx
濞,dl
濟,da
濠,du
濡,de
濢,du
濣,du
濤,dc
濥,db
濦,dx
濧,dc
濨,dx
濩,dy
濫,dm
濬,do
濭,dm
濮,dn
濯,df
濰,df
濱,db
濴,du
濷,ur
濺,dg
濼,dm
濾,dx
瀀,dw
瀁,dl
瀂,do
瀃,dw
瀄,de
瀅,dy
瀆,db
瀇,db
瀈,di
瀉,dh
瀊,dm
瀋,dt
瀌,dh
瀍,dt
瀎,du
瀏,dd
瀑,du
瀓,dw
瀔,dy
瀕,db
瀖,df
瀗,dx
瀘,dm
瀙,de
瀚,dx
瀛,df
瀜,di
瀝,dv
瀟,dl
瀠,dx
瀡,dz
瀢,dz
瀣,dj
瀤,dy
瀥,dk
瀦,do
瀧,ds
瀨,db
瀩,db
瀫,dy
瀯,dk
瀰,dx
瀱,dd
瀲,dw
瀳,dh
瀴,dn
瀵,db
瀶,dk
瀷,db
瀸,dj
瀹,dc
瀺,dd
瀻,db
瀼,dy
瀽,dr
瀾,dj
瀿,dx
灂,dc
灃,da
灄,de
灅,dt
灆,dm
灇,dy
灈,df
灉,df
灊,dl
灌,df
灏,dr
灑,db
灒,db
灓,yu
灕,df
灖,df
灗,da
灘,df
灙,dh
灚,de
灛,dl
灝,db
灞,do
灟,di
灠,de
灡,dj
灢,dy
灣,dg
灤,dm
灥,bu
灦,db
灧,db
灨,db
灩,dm
灪,dp
火,dr
灬,dd
灭,ah
灯,hd
灰,uh
灱,hd
灴,hg
灵,eh
灶,ht
灷,hc
灸,jh
灹,hq
灺,hy
灼,hu
災,vh
灾,bh
灿,he
炀,hp
炁,ah
炂,hs
炃,bh
炄,hi
炅,oh
炆,hw
炉,hh
炊,hr
炋,hb
炌,hl
炍,hy
炎,hh
炏,hh
炐,hf
炑,hm
炒,hu
炓,hu
炔,hg
炕,hj
炖,ht
炘,hj
炙,ph
炜,hw
炝,hv
炟,ha
炠,hj
炡,hv
炢,hu
炣,hk
炤,hk
炥,hf
炦,hd
炩,hs
炪,hi
炫,hy
炬,hj
炭,eh
炮,hs
炯,hk
炰,bh
炱,sh
炳,hb
炴,hy
炵,hd
炷,hv
炸,hv
点,lh
炻,hu
炼,hd
炽,hb
炾,he
烀,hh
烁,hl
烂,hs
烃,hg
烄,hx
烅,hx
烆,hi
烇,hw
烈,dh
烊,hy
烋,rh
烌,hm
烍,he
烎,kh
烏,ph
烐,hv
烑,hd
烒,hg
烓,ht
烔,hk
烕,"wm,xh"
烗,hr
烘,hb
烙,hk
烚,hk
烛,hi
烜,ha
烝,lh
烞,hb
烟,hd
烠,ho
烢,hq
烤,hv
烦,hr
烧,hw
烨,hu
烩,hs
烫,dh
烬,hd
热,fh
烯,hj
烰,hz
烲,fh
烳,hf
烴,hg
烵,hu
烶,hz
烷,he
烸,hm
烹,wh
烺,hl
烻,hz
烼,hu
烽,hf
烿,hp
焀,hk
焁,kh
焂,rh
焃,hd
焄,yh
焅,hk
焆,ho
焇,ho
焉,vh
焊,hg
焋,ph
焌,hw
焍,hp
焏,lh
焐,hk
焓,hk
焕,hd
焖,hx
焗,hk
焘,fh
焙,hk
焚,mh
焛,mh
焜,hb
焝,ho
焞,hz
焟,ho
焠,hu
無,ph
焢,hg
焣,eh
焥,hv
焦,rh
焧,hx
焨,ho
焩,ho
焪,hg
焫,hn
焬,hw
焭,hj
焮,hr
焯,hu
焰,hj
焱,hh
焲,hn
焵,he
然,ph
焷,hu
焸,oh
焻,ho
煁,hv
煂,hg
煃,ht
煄,hv
煅,hy
煆,hy
煇,hi
煈,hi
煉,hj
煊,ha
煋,hu
煌,hw
煍,hh
煎,bh
煏,ht
煐,hy
煒,hl
煓,he
煔,hk
煖,hy
煗,hd
煘,hk
煙,ht
煚,oh
煛,oh
煜,hl
煝,ho
煞,dh
煟,ho
煠,hm
煢,hu
煣,hm
煤,hm
煦,oh
照,oh
煨,hn
煩,hb
煪,hy
煬,hw
煮,lh
煯,hb
煱,hk
煲,rh
煳,ho
煴,hm
煸,hc
煹,"hr,hz"
煺,hz
煻,hk
煼,hp
煽,hx
煾,hx
煿,hc
熀,hw
熁,ho
熂,hm
熃,sh
熄,hx
熆,hm
熇,hk
熉,hb
熊,sh
熋,sh
熌,hr
熎,hf
熏,ph
熐,hb
熑,hn
熒,hh
熓,hw
熔,hk
熕,hb
熗,hk
熘,ht
熙,kh
熚,hl
熛,hx
熜,hx
熝,hb
熞,ht
熟,wh
熠,hb
熡,hn
熢,hz
熣,hf
熤,hl
熥,hz
熧,ih
熨,uh
熩,hb
熪,hx
熬,fh
熭,fh
熮,hp
熯,hn
熰,hk
熱,th
熲,bb
熳,hy
熵,hk
熸,ho
熹,uh
熺,hk
熻,hx
熼,hb
熽,hl
熾,ho
熿,hb
燀,hl
燁,hl
燂,hu
燃,hh
燆,hk
燇,hc
燈,ha
燉,hw
燊,hm
燋,hh
燌,hb
燍,hj
燎,hx
燏,hk
燐,hl
燒,hw
燔,ht
燕,nh
燖,hc
燘,hw
燙,dh
燚,hh
燜,hx
營,hk
燠,hd
燡,hg
燢,ph
燣,hh
燤,hy
燥,hm
燦,hm
燧,hz
燩,hw
燬,hy
燭,hi
燮,hy
燱,hx
燲,hb
燴,ho
燸,he
燹,uh
燼,hm
燽,hc
燾,uh
燿,hf
爀,hd
爁,hm
爂,ph
爃,hm
爄,hy
爅,ht
爆,hu
爇,ch
爈,hx
爉,hv
爊,hh
爌,hb
爍,hm
爏,hv
爐,hm
爒,px
爓,hj
爔,hd
爖,hs
爗,hl
爘,hl
爙,hy
爚,hc
爛,hj
爜,hy
爝,hc
爞,hi
爟,hf
爡,hi
爢,gh
爣,hh
爧,hr
爨,ph
爩,hp
爪,pn
爬,vb
爭,pl
爮,vs
爯,pr
爰,py
爱,py
爲,ph
爵,pc
父,bx
爷,be
爸,bb
爹,bx
爺,be
爻,xx
爽,dx
爾,ax
爿,vp
牀,pm
牁,pk
牂,py
牃,pm
牄,pk
牆,pk
片,pv
版,py
牉,pb
牊,pk
牌,pu
牍,pd
牎,px
牏,pd
牐,pj
牑,pc
牒,pm
牓,pf
牔,pc
牕,px
牖,pf
牘,pb
牙,ap
牚,xy
牛,pl
牝,nb
牞,nl
牟,sn
牠,ny
牡,nt
牢,bn
牣,nr
牤,nw
牥,nf
牦,nm
牧,nw
牨,nj
物,nw
牪,nn
牫,ng
牭,ne
牮,rn
牯,nk
牰,ny
牲,nu
牳,nm
牴,nd
牵,dn
牶,jn
牷,nw
牸,nz
特,nc
牺,nx
牻,nd
牼,ng
牽,wn
牾,nk
牿,nk
犀,un
犁,hn
犂,hn
犃,nk
犄,nk
犅,ne
犆,nq
犇,nn
犈,nv
犉,nz
犊,nd
犋,nb
犌,ny
犍,nz
犎,tn
犏,nc
犐,nu
犑,nq
犒,nk
犓,np
犔,nm
犕,ny
犖,hn
犗,nk
犘,gn
犙,np
犚,un
犛,wn
犜,nw
犝,nl
犟,gn
犡,ny
犢,nb
犣,nv
犤,nb
犥,nh
犦,nu
犧,nd
犨,rn
犩,hn
犪,nw
犬,dd
犮,ud
犯,qv
犰,qj
犳,qu
犴,qg
犵,qq
状,dq
犷,qg
犸,qm
犹,qy
犺,qj
犻,ql
犼,qv
犽,qy
犿,qb
狀,pq
狁,qe
狂,qw
狃,qi
狄,qh
狆,qv
狇,qm
狈,qr
狉,qp
狊,oq
狋,qx
狌,qu
狍,qs
狎,qj
狏,qy
狐,qg
狑,qs
狒,qf
狓,qy
狔,qb
狕,ql
狖,qb
狗,qk
狘,qv
狙,qq
狚,qa
狛,qb
狜,qk
狝,qx
狞,qd
狟,qa
狠,qg
狡,qx
狢,qk
狣,qd
狤,qk
狦,qa
狧,qk
狨,qu
狩,qc
狪,qk
狫,qb
独,qi
狭,qj
狮,qj
狯,qs
狰,ql
狱,qq
狲,qx
狳,qh
狴,qt
狵,qd
狶,qj
狷,qo
狸,ql
狹,qj
狺,qk
狻,qw
狼,ql
狽,qb
狾,qj
狿,qz
猀,qu
猁,qd
猃,qa
猄,qx
猅,qf
猆,fq
猇,qj
猈,qu
猉,qb
猊,qe
猋,qq
猌,lq
猍,ql
猎,qo
猑,qb
猓,qg
猕,qx
猖,qo
猗,qk
猘,qd
猚,qf
猛,qm
猜,qo
猝,qu
猞,qk
猡,qx
猢,qo
猣,qw
猤,qt
猥,qn
猦,qi
猧,qk
猩,qu
猪,qo
猫,qt
猬,qo
猭,qu
献,uq
猯,qe
猰,qd
猱,qm
猲,qv
猳,qy
猴,qu
猵,qc
猶,qy
猷,bq
猸,qo
猹,qa
猺,qf
猻,qx
猼,qc
猾,qg
猿,qy
獀,qy
獁,qm
獃,eq
獄,qq
獅,qj
獈,qm
獉,qh
獊,qk
獋,qu
獌,qy
獍,qe
獐,qu
獑,qj
獒,fq
獓,qw
獕,qf
獖,qb
獗,qr
獘,dq
獙,qw
獚,qb
獛,qn
獜,ql
獝,qk
獞,ql
獟,qw
獠,qx
獢,qk
獥,qw
獦,qv
獧,qy
獨,qi
獩,qp
獪,qo
獫,qr
獬,qn
獭,qr
獮,qx
獯,qh
獰,qd
獲,qy
獳,qe
獴,"qn,qu"
獵,qv
獶,qw
獷,qb
獸,kq
獹,qm
獺,qb
獻,hq
獼,qx
獽,qy
獾,qf
獿,qw
玀,qf
玁,qw
玂,qj
玃,qy
玄,wy
玅,wu
玆,wy
率,wu
玈,wn
玉,wd
玊,wd
王,at
玌,wv
玍,pw
玎,wd
玐,wb
玑,wj
玒,wg
玓,wu
玔,wi
玕,wg
玖,wj
玗,wy
玘,wj
玙,wy
玚,wp
玛,wm
玝,ww
玞,wf
玟,ww
玠,wl
玡,wy
玢,wd
玤,wf
玥,wo
玦,wg
玧,we
玨,ww
玩,we
玪,wv
玫,ww
玬,wd
玭,wb
玮,ww
环,wb
现,we
玱,wv
玲,ws
玳,wy
玵,wg
玶,wp
玷,wk
玸,ws
玹,wy
玺,dy
玻,wy
玼,wb
玽,wk
玾,wj
玿,wk
珀,wb
珂,wk
珃,wr
珄,wu
珅,wu
珆,wk
珇,wq
珈,wk
珉,wm
珊,wc
珋,we
珌,wb
珍,wp
珏,wy
珐,ws
珑,wl
珒,wy
珓,wx
珔,wz
珕,wl
珖,ww
珘,wv
珙,wb
珚,wd
珛,wo
珜,wy
珝,wx
珞,wk
珠,wv
珢,wg
珣,wo
珥,we
珦,wk
珧,wd
珨,wk
珩,wi
珪,wt
珫,we
珬,wx
班,ww
珮,wj
珰,we
珲,wi
珳,wp
珴,ww
珵,ww
珶,wp
珷,wv
珸,wk
珹,wi
珺,wk
珻,wm
珼,wb
珽,wz
現,we
珿,wr
琀,wk
琁,wr
琂,wk
球,wq
琄,wo
琅,wl
理,wl
琇,wn
琈,wz
琉,wv
琊,we
琋,wj
琎,wz
琏,wz
琐,wr
琔,wr
琕,wu
琖,wg
琗,wu
琙,wa
琚,wk
琛,wm
琞,oy
琟,wf
琠,wb
琡,wy
琢,wn
琣,wk
琤,wl
琥,wj
琦,wk
琧,yy
琨,wb
琩,wo
琪,wb
琫,wl
琬,wv
琭,wu
琮,wx
琯,wk
琰,wh
琱,wk
琲,wf
琳,wm
琴,wv
琵,wb
琶,wb
琸,wu
琺,ws
琼,wx
琽,wo
琿,wi
瑀,wy
瑁,wo
瑂,wo
瑃,wo
瑄,wa
瑅,wr
瑆,wu
瑈,wm
瑊,wk
瑋,wl
瑎,wb
瑏,wy
瑐,wd
瑑,wu
瑒,ww
瑓,wj
瑔,wu
瑕,wy
瑖,wy
瑗,wy
瑘,we
瑙,wx
瑚,wo
瑛,wy
瑜,wd
瑝,ww
瑞,we
瑟,wb
瑠,wt
瑡,wj
瑢,wk
瑣,wb
瑥,wm
瑦,ww
瑧,wh
瑨,wo
瑩,hy
瑪,wm
瑫,wj
瑬,dy
瑭,wk
瑮,wm
瑯,we
瑰,wg
瑱,wb
瑲,wk
瑳,wg
瑴,uy
瑵,wi
瑶,wf
瑷,wy
瑹,wh
瑺,wj
瑼,wc
瑽,wr
瑾,wa
瑿,ky
璀,wf
璁,wx
璃,wd
璅,wg
璆,wp
璇,wr
璈,ww
璉,wz
璊,wr
璋,wu
璌,wb
璎,wn
璏,wb
璐,wk
璑,wh
璒,wa
璓,wn
璔,wo
璕,wc
璖,wm
璗,dy
璘,wl
璙,wx
璚,wk
璛,wl
璜,wb
璞,wn
璟,wx
璠,wt
璡,wz
璣,wd
璥,ww
璦,ww
璧,uy
璨,wm
璩,wu
璪,wm
璫,wt
璬,ww
璮,wa
璯,wo
環,wy
璱,wb
璲,wz
璳,wb
璵,wb
璶,wm
璷,ww
璸,wb
璹,wc
璺,py
璻,wu
璼,wm
璽,ay
璾,wa
璿,wo
瓀,we
瓁,wy
瓂,wm
瓃,wt
瓄,wb
瓅,wm
瓆,wb
瓈,wu
瓊,ww
瓋,wz
瓍,wz
瓏,ws
瓐,wm
瓑,wv
瓒,wr
瓓,wj
瓔,wn
瓕,gy
瓖,wy
瓗,wk
瓘,wf
瓙,wh
瓚,wb
瓛,wq
瓜,pn
瓝,gu
瓞,gu
瓟,gs
瓠,dg
瓡,tg
瓢,xg
瓣,lu
瓤,wg
瓦,ad
瓨,gw
瓪,wy
瓫,bw
瓬,fw
瓭,dw
瓮,bw
瓯,kw
瓳,uw
瓴,rw
瓵,sw
瓶,bw
瓷,dw
瓹,kw
瓺,aw
瓻,xw
瓽,xw
瓿,lw
甀,iw
甂,hw
甃,hw
甄,xw
甈,zw
甉,bw
甊,lw
甋,ww
甌,kw
甍,cw
甎,aw
甏,uw
甐,mw
甑,bw
甒,pw
甓,uw
甔,dw
甕,ww
甗,hw
甘,na
甚,qv
甜,qg
甝,hg
生,pf
甡,uu
産,iu
甤,uu
甥,ul
甦,gu
甧,uo
用,kl
甩,kv
甪,py
甫,ad
甬,sy
甭,by
甮,wy
甯,by
田,ku
由,la
甲,ll
申,ll
甴,la
电,lv
甶,pt
男,tl
甸,bt
甹,yv
町,td
画,ak
甽,ti
甾,vt
甿,tw
畀,tl
畃,uu
畅,up
畇,td
畈,ty
畉,tf
畋,tw
界,tl
畎,tq
畏,tn
畐,at
畑,ht
畔,tb
畖,tg
畗,wt
畘,tr
留,pt
畚,st
畛,tp
畜,wt
畝,wj
畟,tw
畢,ll
畤,tc
略,tk
畦,tt
畨,mt
番,pt
畫,va
畬,rt
畯,tw
異,tb
畲,rt
畴,tc
當,xt
畷,ty
畸,tk
畹,tv
畺,aa
畻,tt
畼,tw
畽,tv
畾,tt
畿,yt
疀,vr
疁,tp
疃,tl
疄,tl
疆,ga
疇,tc
疈,at
疊,tq
疋,vr
疌,ar
疍,va
疏,vv
疐,ur
疑,br
疒,gd
疓,bn
疔,bd
疕,bb
疖,be
疗,bl
疘,bg
疙,bq
疚,bj
疛,bc
疜,bx
疝,be
疟,ba
疠,bw
疡,bp
疢,bh
疣,by
疤,bb
疥,bl
疦,bg
疧,bu
疨,by
疪,bb
疫,by
疬,bl
疭,br
疮,bv
疯,bx
疰,bv
疱,bs
疲,by
疳,bg
疴,bk
疵,bb
疶,bu
疷,bd
疸,ba
疹,bp
疺,bf
疻,bb
疼,bd
疽,bq
疾,bu
疿,bf
痀,bk
痁,bk
痂,bk
痃,by
痄,bv
病,bb
痆,bb
症,bv
痈,by
痉,bg
痊,bw
痋,bi
痌,bk
痍,by
痎,br
痏,bo
痐,bk
痑,bx
痒,by
痓,bt
痔,bc
痕,bg
痗,bm
痘,ba
痙,bg
痚,bz
痛,by
痜,bj
痝,bd
痞,bk
痟,bo
痠,bw
痡,bf
痢,bd
痣,bx
痤,bt
痥,be
痦,bk
痧,bu
痨,bl
痪,bd
痫,bm
痬,bw
痭,bo
痮,bi
痯,bk
痰,bh
痱,bf
痲,bv
痳,bm
痴,bk
痵,bz
痶,bb
痷,bd
痸,bd
痹,bl
痼,bk
痽,bf
痾,bk
痿,bn
瘀,bd
瘁,bu
瘃,bn
瘄,bo
瘅,bl
瘆,bp
瘇,bv
瘈,bd
瘉,bd
瘊,bu
瘋,bi
瘌,bd
瘍,bw
瘎,bv
瘏,bo
瘐,by
瘑,bk
瘒,bi
瘔,bk
瘕,by
瘖,bo
瘗,bt
瘘,bn
瘙,bi
瘚,br
瘛,bx
瘜,bx
瘝,bd
瘞,bt
瘟,bm
瘠,bo
瘡,bk
瘢,by
瘣,bg
瘤,bt
瘥,bg
瘦,by
瘧,ba
瘨,bb
瘩,bk
瘪,bb
瘫,bf
瘭,bx
瘮,bp
瘯,bu
瘰,bx
瘱,bx
瘲,br
瘳,bp
瘴,bu
瘵,bx
瘶,br
瘷,bw
瘸,br
瘹,"bu,ba"
瘻,bn
瘼,bd
瘽,ba
瘾,bx
瘿,bn
癀,bb
癁,bw
療,bx
癃,bu
癄,bh
癆,bl
癇,bo
癈,by
癉,bl
癊,bs
癋,bx
癌,be
癍,bw
癐,bo
癑,bn
癓,bw
癔,bx
癖,bu
癗,bt
癘,by
癙,bv
癚,bk
癛,bh
癜,by
癞,br
癟,bc
癠,ba
癡,br
癢,bl
癣,by
癤,be
癥,bw
癧,bv
癨,bf
癩,bb
癫,br
癬,by
癭,bn
癮,bx
癯,bf
癰,bf
癱,bf
癲,bb
癳,bx
癴,bu
癶,vn
癸,vt
癹,vy
登,va
發,vy
白,po
百,ab
癿,bv
皀,bb
皁,bu
皂,bq
的,bu
皅,bb
皆,bb
皇,bw
皈,by
皉,bb
皋,bu
皌,bm
皎,bx
皏,bk
皑,bj
皒,bw
皓,bk
皔,bg
皕,bb
皖,be
皗,bk
皘,bo
皙,mb
皚,ba
皛,bb
皝,bw
皞,bu
皟,bb
皠,bf
皣,bl
皤,bt
皦,bw
皧,bw
皪,bm
皫,bh
皬,bf
皭,bc
皮,vy
皯,vg
皰,vs
皱,dy
皲,by
皳,qy
皴,sy
皵,cy
皸,by
皺,by
皻,hy
皽,wy
皾,uy
皿,la
盀,bm
盂,ym
盄,vm
盅,vm
盆,bm
盈,nm
盉,hm
益,bm
盌,xm
盍,tm
盎,ym
盏,jm
盐,tm
监,lm
盒,rm
盓,dm
盔,um
盖,ym
盗,dm
盘,vm
盚,qm
盛,im
盜,dm
盝,em
盞,gm
盟,om
盠,vm
盡,vm
盢,tm
監,im
盤,vm
盥,pm
盦,rm
盧,hm
盨,pm
盩,tm
盪,dm
盬,im
盭,ym
目,ka
盯,od
盰,og
盱,oy
盲,wo
盳,ow
直,uq
盵,oq
盶,oe
盷,od
相,mo
盹,ot
盺,oj
盻,ov
盼,od
盾,po
盿,ow
眀,oo
省,uo
眂,ou
眃,os
眄,om
眅,oy
眆,of
眇,ou
眈,ov
眉,vo
眊,om
看,uo
眍,ox
眎,ox
眏,oy
眐,ov
眑,ol
眒,ou
眓,ov
眔,sd
眕,op
眖,oe
眗,ok
眙,ok
眚,uo
眛,ow
眜,om
眝,od
真,ub
眠,om
眡,od
眢,xo
眣,ou
眤,ob
眥,vo
眦,ob
眧,ok
眨,of
眩,oy
眪,ob
眫,ob
眬,ol
眭,ot
眮,ok
眯,om
眰,ot
眱,oy
眲,oe
眳,ok
眴,oo
眵,ox
眶,ow
眷,jo
眸,on
眹,ot
眺,od
眻,oy
眼,og
眽,on
眾,sr
眿,oy
着,yo
睁,ol
睃,ow
睄,oo
睅,og
睆,oe
睇,op
睈,ow
睉,ot
睋,ow
睌,ov
睍,oe
睎,oj
睏,om
睐,ol
睑,oa
睒,oh
睔,oc
睕,ov
睖,ow
睗,ow
睙,oq
睚,ot
睛,oo
睝,ho
睞,ol
睟,ou
睡,oi
睢,of
督,uo
睥,ou
睦,ot
睧,oo
睨,oe
睩,ou
睪,sg
睫,or
睬,om
睭,ok
睮,od
睯,mo
睰,ok
睱,oy
睲,ou
睳,ot
睴,oi
睵,ok
睶,oo
睷,oz
睸,oo
睹,oo
睺,ou
睻,oa
睼,or
睽,ot
睾,pg
睿,lo
瞀,so
瞁,oq
瞂,pd
瞃,oo
瞄,ot
瞅,oh
瞇,oz
瞈,ox
瞉,uy
瞊,ok
瞋,ob
瞌,om
瞍,oy
瞎,ok
瞏,sy
瞐,oo
瞑,ob
瞒,ol
瞔,ob
瞕,ou
瞖,ko
瞗,on
瞘,ok
瞙,od
瞚,ob
瞛,or
瞜,on
瞝,od
瞞,or
瞟,ox
瞠,ot
瞡,oe
瞢,co
瞤,ow
瞥,do
瞦,ok
瞧,oh
瞨,on
瞩,oy
瞪,oa
瞫,ou
瞬,ol
瞭,ox
瞮,ow
瞯,oo
瞰,ow
瞱,ol
瞲,ok
瞳,ol
瞴,oh
瞵,ol
瞶,ob
瞸,om
瞹,ow
瞺,oo
瞻,ok
瞼,or
瞽,uo
瞾,og
瞿,of
矀,ow
矂,om
矃,od
矄,oh
矆,oy
矇,"on,ou"
矈,of
矉,ob
矊,oj
矌,ob
矍,oy
矎,ow
矐,of
矑,om
矓,os
矔,of
矕,yo
矖,ob
矗,uq
矘,oh
矚,oi
矛,sp
矜,sv
矞,sk
矟,so
矠,so
矡,sy
矢,pt
矣,su
知,uk
矧,ul
矨,uy
矩,uj
矪,uv
矫,ul
矬,ut
短,ua
矮,un
矯,uk
矰,uo
矱,uy
矲,ub
石,ak
矴,ud
矶,uj
矷,uz
矸,ug
矹,uw
矺,uq
矻,uq
矼,ug
矽,ux
矾,uf
矿,ug
砀,up
码,um
砂,uu
砃,ud
砄,ug
砅,uu
砆,uf
砈,uv
砉,fu
砊,uj
砋,uv
砌,ud
砍,ur
砎,ul
砏,ud
砐,uj
砑,uy
砒,ub
砓,uy
研,uk
砖,uv
砗,ui
砘,ut
砚,ue
砜,ux
砝,us
砞,um
砟,uv
砠,uq
砡,uy
砢,uk
砣,ub
砥,ud
砦,vu
砧,uk
砨,uv
砩,uf
砪,um
砫,uv
砬,ul
砭,uf
砮,nu
砯,uu
砰,up
砱,us
砲,us
砳,uu
破,uy
砵,ub
砷,uu
砸,uj
砹,ux
砺,uw
砻,lu
砼,ug
砾,ul
础,ui
硁,ug
硃,uv
硄,uw
硅,ut
硆,uk
硇,ux
硈,uk
硉,uy
硊,uv
硌,uk
硍,ug
硎,ud
硐,uk
硑,uk
硒,ux
硔,ub
硕,ur
硖,uj
硗,uw
硙,uj
硚,ul
硜,ug
硝,uo
硞,uk
硟,uz
硠,ul
硡,us
硢,uh
硣,uz
硤,uj
硥,ud
硦,uc
硧,uy
硨,ui
硩,fu
硪,uw
硫,uv
硬,ug
硭,uw
确,uy
硯,ue
硰,du
硱,um
硶,uv
硸,ug
硹,us
硺,un
硻,iu
硼,uo
硽,ud
硾,ui
硿,ug
碀,ul
碂,ux
碃,uo
碄,um
碅,uh
碇,ur
碈,uo
碉,uk
碊,ug
碋,uk
碌,uu
碍,uc
碎,uu
碏,uo
碐,uw
碑,uu
碒,uj
碓,uf
碔,uv
碕,uk
碖,uc
碗,uv
碘,ub
碙,ue
碚,uk
碛,ur
碜,up
碝,ud
碞,ku
碟,um
碠,ud
碡,um
碣,uv
碤,uy
碥,uc
碦,uk
碧,wu
碨,un
碩,ub
碪,uv
碫,uy
碬,uy
碭,uw
碮,ur
碰,uy
碱,uk
碲,uj
碳,uh
碴,ua
碶,ud
碸,ui
碹,ua
確,uf
碻,uk
碼,um
碽,ub
碾,un
碿,uo
磀,uz
磁,uy
磂,ut
磃,uj
磄,uk
磅,uf
磆,ug
磈,ug
磉,um
磊,uu
磋,ug
磌,ub
磍,uk
磎,ud
磏,un
磐,vu
磑,ua
磒,ub
磓,uz
磔,um
磕,um
磖,ub
磘,uf
磙,uy
磚,uc
磛,iu
磜,ux
磝,uw
磞,uo
磟,up
磠,ud
磡,ul
磢,ux
磣,up
磤,uy
磥,ux
磦,ux
磧,ub
磨,gu
磩,ux
磪,uf
磫,ur
磬,uu
磭,uo
磯,ud
磲,um
磳,uo
磴,ua
磶,uh
磷,ul
磹,uu
磺,ub
磻,ut
磼,um
磽,uw
磾,ul
磿,iu
礁,uh
礃,uu
礄,uk
礅,uw
礆,ur
礇,ud
礉,uw
礊,iu
礋,ug
礌,ut
礎,ur
礏,un
礐,pu
礑,ut
礒,uw
礓,ua
礔,uu
礕,uu
礘,uh
礙,ur
礚,um
礛,um
礜,pu
礞,"un,uu"
礣,uu
礤,ux
礥,ub
礦,ub
礧,ut
礨,tu
礩,ub
礪,uy
礫,um
礬,mu
礭,uf
礮,ux
礯,ux
礰,uv
礱,lu
礲,us
礳,uu
礴,uc
礵,uo
礷,um
礹,uw
示,ex
礼,pv
礽,pn
社,pt
礿,pu
祀,ps
祁,pe
祃,pm
祆,pt
祇,pu
祈,pj
祉,pv
祊,pf
祋,py
祌,pv
祎,pw
祏,pu
祐,pk
祑,pu
祒,pk
祓,pd
祔,pc
祕,pb
祖,pq
祗,pd
祚,pv
祛,ps
祜,pk
祝,pe
神,pu
祟,ix
祠,pk
祡,vx
祢,px
祣,pn
祤,px
祥,py
祦,pt
祧,pd
票,xx
祩,pv
祪,pv
祫,pk
祭,px
祯,pr
祰,pk
祱,pe
祲,py
祳,pn
祴,pc
祷,pc
祸,pn
祹,pf
祺,pb
祻,pk
祼,pg
祽,pu
祾,pw
禀,wx
禁,mx
禂,pk
禃,pq
禄,pu
禅,pl
禈,pi
禊,pd
禋,pt
禌,py
禍,pk
禎,pb
福,pt
禐,py
禒,pu
禓,pw
禔,pr
禕,pl
禖,pm
禗,px
禘,pj
禚,ph
禛,pb
禜,hx
禟,pk
禠,pj
禡,pm
禢,px
禤,px
禦,ix
禧,pk
禨,pd
禪,pl
禫,pu
禬,po
禭,pz
禮,pa
禯,pn
禰,px
禱,pc
禲,py
禳,py
禶,pb
禷,pb
禸,ld
禹,pd
禺,ld
离,wd
禼,ld
禽,rd
禾,pm
秀,hn
私,hs
秂,hr
秃,hj
秄,hz
秅,hq
秆,hg
秇,hw
秈,he
秉,pn
秋,hh
种,hv
秎,hd
秏,hm
科,hu
秒,hu
秓,hy
秔,hj
秕,hb
秖,hu
秘,hb
秙,hk
秚,hb
秛,hy
秜,hb
秝,hh
秞,hy
租,hq
秠,hp
秡,hd
秢,hs
秣,hm
秤,hp
秥,hk
秦,fh
秧,hy
秨,hv
秩,hu
秪,hd
秫,hu
秬,hj
秭,hp
积,hb
称,hx
秱,hk
秲,hc
秳,hk
秴,hk
秵,hd
秷,ht
秸,hk
秹,hr
秺,hq
移,hx
秽,hx
秾,hn
秿,hf
稀,hj
稂,hl
稃,hz
稄,hw
稆,hk
稈,hg
稊,hp
程,hw
稌,hh
稍,ho
税,he
稏,hy
稐,hc
稑,ht
稒,hk
稓,ho
稔,hx
稕,hz
稗,hu
稘,hb
稙,hq
稚,hf
稛,hh
稜,hw
稝,ho
稞,hg
稟,wh
稠,hk
稡,hu
稢,ha
稣,ah
稦,hl
稧,hd
稨,hc
稩,ho
稪,hw
稫,ht
稭,hb
種,hv
稯,hw
稰,ho
稱,hr
稳,hx
稴,hn
稵,hy
稶,ha
稷,hw
稹,hb
稻,hj
稼,hu
稽,ho
稾,wh
稿,hk
穀,uy
穁,he
穄,hx
穅,hn
穆,hp
穇,hp
穈,gh
穉,hn
穊,hv
穋,hp
穌,ah
積,hb
穎,bb
穑,hk
穓,hb
穔,hb
穕,hm
穖,hd
穗,hx
穘,hw
穙,hn
穚,hk
穛,hh
穜,hl
穟,hz
穠,hn
穡,hk
穢,hp
穥,hb
穦,hb
穧,ha
穨,hb
穩,hx
穪,hx
穫,hy
穬,hb
穭,ho
穮,hh
穰,hy
穱,hc
穲,hb
穳,hb
穴,bb
穵,bv
究,bj
穷,bl
穸,bx
穹,bg
空,bg
穻,by
穼,bm
穽,bj
穾,by
穿,by
窀,bt
突,bq
窃,bd
窄,bv
窅,bo
窆,bf
窇,bs
窈,bl
窉,bb
窊,bg
窋,bi
窌,be
窍,bv
窎,bn
窏,by
窐,bt
窑,bf
窒,bt
窔,bx
窕,bd
窖,bk
窗,bw
窘,bk
窙,bz
窜,bi
窝,bn
窞,bj
窟,bi
窠,bg
窡,by
窢,ba
窣,bu
窤,bb
窥,be
窦,bd
窨,bo
窩,bk
窪,bt
窫,bd
窬,bd
窭,bn
窮,bg
窯,bh
窰,bf
窱,bm
窲,bu
窳,bg
窴,bb
窵,bn
窶,bn
窷,be
窸,bx
窹,bk
窺,be
窼,bg
窾,br
窿,bu
竀,be
竁,bm
竄,bv
竅,bw
竇,bb
竈,be
竉,bs
竊,bs
立,wa
竌,lj
竎,lc
竑,ls
竖,ll
竘,lk
站,lk
竛,ls
竜,lv
竞,le
竟,le
章,lu
竢,lu
竣,lw
童,ll
竦,lu
竧,lu
竨,lu
竪,il
竫,ll
竬,ly
竭,lv
竮,lk
端,le
竱,lc
竲,lo
竳,la
竴,lc
竵,ll
競,le
竷,lw
竹,pl
竺,ve
竻,vl
竽,vy
竿,vg
笀,vw
笃,vm
笄,vk
笆,vb
笇,vb
笈,vj
笉,vd
笊,vv
笋,vy
笌,vy
笍,vn
笎,ve
笏,vw
笐,vj
笑,vy
笒,vv
笓,vb
笔,vm
笕,ve
笖,vr
笗,vd
笘,vk
笙,vu
笚,vj
笛,vy
笜,vi
笝,vy
笞,vk
笠,vl
笡,vq
笢,vm
笣,vs
笤,vk
笥,vk
符,vc
笧,"vc,va"
笨,vb
笪,va
笫,vp
第,vp
笭,vs
笮,vv
笯,vy
笰,vf
笱,vk
笲,vc
笳,vk
笴,vk
笵,vv
笷,ve
笸,vk
笺,vj
笼,vl
笾,vz
笿,vk
筀,vt
筁,vq
筃,vd
筄,vd
筅,ve
筆,vy
筇,ve
筈,vk
等,vc
筊,vx
筋,vl
筌,vw
筍,vo
筎,vk
筏,vg
筐,vw
筑,vf
筒,vk
答,vk
筕,vi
策,vn
筗,vv
筘,vk
筚,vu
筛,vj
筜,ve
筝,vl
筟,vz
筠,vd
筡,vh
筢,vb
筣,vd
筤,vl
筥,vk
筦,ve
筧,ve
筩,vy
筪,vj
筬,vi
筭,vc
筮,vr
筯,vl
筰,vv
筱,vw
筲,vo
筳,vz
筴,vj
筵,vz
筶,vk
筷,vg
筸,vg
筹,vc
筻,vg
筼,vr
签,va
简,vo
箁,vk
箂,vl
箃,vy
箄,vu
箅,vl
箇,vk
箈,vk
箉,vl
箊,vd
箋,vg
箌,vd
箍,vj
箎,vj
箐,vo
箑,vr
箓,vu
箔,vb
箕,vb
箖,vm
算,vc
箘,vh
箙,vy
箛,vg
箜,vg
箝,vg
箞,vv
箟,vb
箠,vi
管,vk
箢,vv
箣,vd
箤,vu
箥,vy
箦,vr
箧,vj
箨,vl
箩,vx
箪,vl
箫,vs
箬,vk
箭,vd
箮,va
箯,vg
箰,vz
箱,vo
箲,ve
箳,vk
箴,vk
箵,vo
箶,vo
箷,vy
箸,vo
箹,vu
箺,vo
箼,vt
箽,vv
箾,vd
箿,ve
節,ve
篁,vw
篂,vu
篃,vo
範,vv
篅,ve
篆,vu
篇,vc
篈,vc
築,vm
篊,vb
篋,vj
篌,vu
篍,vh
篎,vu
篏,vr
篑,vr
篓,vn
篔,vb
篕,vm
篖,vk
篘,vp
篙,vk
篚,vf
篜,vh
篝,"vr,vz"
篞,vt
篟,vo
篠,vm
篡,vs
篢,vb
篣,vf
篤,vm
篥,vm
篦,vb
篧,vf
篨,vh
篩,vj
篪,vj
篫,vu
篬,vk
篮,vm
篯,vj
篰,ve
篱,vd
篲,ve
篳,vl
篴,vz
篵,vr
篶,vh
篷,vz
篸,vp
篹,"vv,vs"
篺,vu
篻,vx
篼,ve
篽,ve
篾,vu
篿,vc
簀,vb
簁,vr
簂,va
簃,vx
簄,vb
簅,vu
簆,vy
簇,vu
簉,vz
簊,vt
簋,vm
簌,vr
簍,vn
簎,vo
簏,vb
簐,vr
簕,vl
簖,vj
簙,vc
簚,vj
簛,vj
簜,vw
簝,vx
簞,vl
簟,vu
簠,vm
簡,vo
簢,vw
簣,vb
簥,vk
簦,va
簧,vb
簨,vb
簩,vl
簪,vo
簫,vl
簬,vk
簭,vk
簰,vu
簳,vg
簴,vb
簶,vu
簸,vy
簹,vt
簺,vt
簻,vz
簽,vr
簾,vn
簿,vc
籀,vt
籁,vr
籃,vm
籄,vb
籅,vb
籆,vy
籇,vu
籈,vw
籉,vt
籊,vf
籋,vx
籌,vc
籍,vo
籐,vu
籑,vl
籓,vt
籔,vw
籙,vu
籚,vm
籛,vg
籜,vg
籞,vx
籟,vb
籠,vs
籣,vj
籤,vj
籥,vc
籦,vv
籧,vz
籩,vz
籪,vj
籫,vb
籬,vf
籮,vf
籯,vf
籰,vy
籱,vf
籲,vb
米,dm
籴,rm
籷,mq
籸,mu
籹,mn
籺,mq
类,md
籼,me
籽,mz
籾,mr
粃,mb
粄,my
粅,mw
粆,mu
粇,mj
粉,md
粍,mm
粑,mb
粒,ml
粓,mg
粔,mj
粕,mb
粗,mq
粘,mk
粙,my
粜,im
粝,mw
粞,mx
粟,xm
粡,mk
粢,dm
粣,mc
粤,pv
粥,gg
粦,ml
粧,mt
粪,mb
粮,ml
粯,me
粰,mz
粱,dm
粲,lm
粳,mg
粶,mu
粷,mm
粸,mb
粹,mu
粺,mu
粻,mi
粼,mv
粽,mx
精,mo
粿,mg
糁,mp
糃,mw
糄,mc
糅,mm
糇,mu
糈,mo
糊,mo
糋,md
糌,mo
糍,my
糏,mo
糑,md
糒,my
糔,mi
糕,mh
糖,mk
糗,mq
糙,mz
糜,gm
糝,mp
糞,mb
糟,mo
糠,mn
糢,md
糧,ml
糨,mi
糪,um
糫,my
糯,me
糰,mc
糱,vm
糲,my
糴,rf
糵,cm
糶,if
糷,mj
糸,yx
糺,yv
系,px
糽,yd
糾,yl
紀,yj
紁,"yi,yy"
紂,yc
紃,yi
約,yu
紅,yg
紆,yy
紇,yq
紈,yw
紉,yr
紊,wx
紋,yw
紌,yy
納,yn
紏,yu
紐,yi
紑,yb
紒,yl
紓,yl
純,yt
紕,yb
紖,yl
紗,yu
紘,ys
紙,yu
級,yj
紛,yd
紜,ys
紝,yr
紞,yv
紟,yv
素,fx
紡,yf
索,ux
紤,yj
紧,lx
紨,yc
紩,yu
紫,vx
紬,yy
紮,mx
累,tx
細,yt
紱,yd
紲,yu
紳,yu
紴,yy
紵,yd
紶,ys
紷,ys
紸,yv
紹,yk
紺,yg
紻,yy
紼,yf
紽,yb
紾,yp
紿,yk
絀,yi
絁,yy
終,yd
絃,yy
組,yq
絅,yk
絆,yb
絇,yk
絈,yb
絉,yu
絊,yb
絎,yi
絏,yy
結,yk
絑,yv
絒,yv
絓,yt
絔,yb
絖,yw
絗,yk
絘,yr
絙,ya
絜,fx
絝,yk
絞,yx
絟,yw
絠,yo
絡,yk
絢,yo
絣,yk
絥,yq
給,yk
絧,yk
絨,yu
絩,yd
絪,yd
絫,sx
絬,yk
絭,jx
絮,nx
絯,yr
絰,yt
統,ye
絲,yx
絳,yl
絴,yy
絶,yb
絷,fx
絹,yo
絺,yj
絻,yv
絽,yk
絾,yi
絿,yq
綀,yu
綁,ye
綃,yo
綄,ye
綅,yy
綆,yg
綇,yy
綈,yp
綉,yn
綊,yj
綌,yk
綍,yz
綎,yz
綏,yn
綐,ye
綑,ym
綒,yz
經,yg
綔,dx
綖,yz
綜,yx
綝,ym
綞,yi
綟,yq
綡,yx
綢,yk
綣,yv
綥,yl
綦,qx
綧,yz
綨,yb
綩,yv
綪,yo
綫,yg
綬,yy
維,yf
綮,hx
綯,yf
綰,yk
綱,ye
網,yw
綳,yo
綴,yy
綵,ym
綶,yg
綷,yu
綸,yc
綹,yk
綺,yk
綻,yr
綼,yu
綽,yu
綾,yw
綿,yj
緀,yn
緁,yr
緂,yh
緃,yr
緄,yb
緅,yy
緆,yw
緇,yt
緈,yg
緉,yr
緊,ix
緋,yf
緌,yn
緎,ya
総,yx
緑,yu
緒,yo
緔,yk
緗,yo
緘,yk
緙,yg
線,yu
緛,yd
緜,bx
緝,ye
緞,yy
緟,yv
締,yj
緡,yo
緢,yt
緣,yu
緤,ym
緥,ym
緦,yx
緧,yy
編,yc
緩,yy
緪,ya
緬,ym
緭,yo
緯,yl
緰,yd
緱,yu
緲,yu
緳,gx
練,yj
緵,yw
緶,yg
緷,yi
緸,yt
緹,yr
緺,yk
緻,yw
緼,ym
縈,hx
縉,yo
縊,ym
縋,yz
縌,yz
縍,yf
縎,yg
縏,vx
縐,yp
縑,yn
縒,yg
縓,yx
縔,ym
縖,yk
縗,yy
縙,ye
縚,yj
縛,yc
縜,yb
縝,yb
縞,yk
縟,yc
縠,uy
縡,yu
縢,ox
縣,qx
縤,yx
縥,yh
縧,ym
縩,yx
縪,yl
縫,yz
縬,yx
縭,yd
縮,yb
縯,yb
縰,yr
縱,yr
縲,yx
縳,yc
縴,yn
縵,yy
縶,tx
縷,yn
縸,yd
縹,yx
縺,yz
縻,gx
縼,yr
總,yx
績,yb
縿,yp
繀,yf
繁,px
繂,yu
繃,yo
繄,kx
繅,yg
繆,yp
繇,px
繉,yd
繎,yh
繏,yb
繐,yx
繑,yk
繒,yo
繓,yy
織,yo
繕,yk
繖,yw
繗,yl
繘,yk
繙,yt
繚,yx
繜,yc
繝,yo
繞,yw
繟,yl
繠,xx
繡,yl
繢,yb
繣,ya
繦,yi
繨,yz
繩,ye
繪,yo
繫,ix
繬,yk
繭,ci
繮,ya
繯,yy
繰,ym
繲,yn
繳,yw
繴,ux
繵,ya
繶,yx
繷,yn
繸,yz
繹,yg
繻,ye
繼,yv
繽,yb
繾,yz
纀,yn
纁,yh
纂,vx
纃,ya
纅,ym
纆,yt
纇,mb
纈,yb
纊,yb
纋,yw
續,yb
纍,tx
纏,yt
纑,ym
纓,yn
纔,yd
纕,yy
纖,yj
纗,yk
纘,yb
纙,yf
纚,yb
纛,fx
纜,ye
纝,yx
纞,yx
纠,sl
纡,sy
红,sg
纣,sc
纤,sq
纥,sq
约,su
级,sj
纨,sw
纩,sg
纪,sj
纫,sr
纬,sw
纭,ss
纮,ss
纯,st
纰,sb
纱,su
纲,sx
纳,sn
纴,sr
纵,sr
纶,sb
纷,sd
纸,su
纹,sw
纺,sf
纻,sa
纼,sl
纽,si
纾,sl
线,sj
绀,sg
绁,su
绂,sd
练,sd
组,sq
绅,su
细,st
织,sb
终,sd
绉,se
绊,sb
绋,sf
绌,si
绍,sk
绎,sl
经,sg
绐,sk
绑,se
绒,su
结,sk
绔,sk
绕,sw
绖,st
绗,si
绘,ss
给,sk
绚,so
绛,sl
络,sk
绝,sb
绞,sx
统,se
绠,sg
绡,so
绢,so
绣,sn
绤,sk
绥,sn
绦,sm
继,sv
绨,sp
绩,sr
绪,so
绫,sw
续,sd
绮,sk
绯,sf
绰,su
绱,sk
绲,sb
绳,sd
维,sf
绵,sj
绶,sy
绷,so
绸,sk
绹,sf
绺,sk
绻,sv
综,sx
绽,sr
绾,sk
绿,su
缀,sy
缁,st
缂,sg
缃,so
缄,sk
缅,sm
缆,se
缇,sr
缈,su
缉,se
缊,sm
缌,sx
缎,sy
缐,su
缑,su
缒,sz
缓,sy
缔,sj
缕,sn
编,sc
缗,so
缘,su
缙,so
缚,sc
缛,sc
缜,sb
缝,sz
缞,sy
缟,sk
缠,sl
缡,sd
缢,sm
缣,sn
缤,sb
缥,sx
缦,sy
缧,sx
缨,sn
缩,sb
缪,sp
缫,sg
缬,sr
缭,sx
缮,sk
缯,so
缰,sa
缱,sz
缲,sm
缳,sy
缴,sw
缵,sr
缶,"pk,wk"
缸,fg
缹,fh
缺,fg
缻,fw
缿,fk
罁,fe
罂,kf
罃,hf
罄,uf
罅,fh
罇,fc
罊,if
罌,of
罍,tf
罎,fs
罏,fm
罐,ff
网,kx
罔,kw
罕,bg
罗,sx
罘,sb
罚,sd
罛,sg
罜,sv
罝,sq
罞,sp
罟,sk
罠,sm
罡,sv
罢,ss
罣,st
罤,sp
罥,so
罦,sz
罧,sm
罨,sd
罩,su
罪,sf
罫,sb
罬,sy
罭,sa
置,sq
罯,so
罰,sd
罱,sg
署,so
罳,sx
罴,sh
罶,st
罷,sb
罹,sf
罺,sg
罻,sc
罼,sl
罽,sd
罾,so
罿,sl
羁,sm
羂,so
羄,su
羅,sf
羆,sh
羈,sm
羉,sx
羊,bl
羌,yv
羍,dy
美,yd
羏,yp
羑,yj
羒,yd
羓,yb
羔,yh
羕,yy
羖,yy
羗,qs
羘,oy
羙,yh
羚,ys
羛,yf
羜,yd
羝,yd
羞,yi
羟,yg
羠,yy
羡,yr
羢,yu
羣,yy
群,yy
羥,yg
羦,ye
羧,yw
義,yw
羫,yg
羬,yk
羭,yd
羯,yv
羰,yh
羱,yx
羲,yd
羳,yt
羴,yy
羵,yb
羶,ya
羷,yr
羸,wf
羹,yd
羺,ye
羻,yw
羼,uy
羽,xx
羿,xc
翀,xv
翁,bx
翂,xd
翃,ux
翄,xy
翅,ux
翇,xd
翈,jx
翉,bx
翊,lx
翋,xl
翌,xl
翍,xy
翎,rx
翏,xp
翐,xu
習,xb
翓,ux
翔,yx
翕,rx
翗,xx
翘,ax
翙,ex
翚,xi
翛,rx
翜,xj
翞,xx
翟,xf
翠,xu
翡,fx
翢,kx
翣,xn
翥,lx
翦,bx
翧,bx
翨,xr
翩,hx
翪,xw
翫,xe
翬,xi
翮,ax
翯,xk
翰,ux
翱,bx
翲,xx
翳,kx
翴,xz
翵,xn
翷,mx
翸,ux
翹,tx
翺,zx
翻,px
翼,xb
翽,vx
翾,sx
翿,ux
耀,xf
老,lb
考,lv
耄,lm
者,lo
耆,lo
耇,lk
耋,lt
而,al
耍,en
耎,ed
耏,ep
耐,ec
耑,ee
耒,"fn,an"
耓,ld
耔,lz
耕,lj
耖,lu
耗,lm
耘,ls
耙,lb
耚,ly
耛,lk
耜,lk
耝,lq
耞,lk
耠,lk
耡,ll
耢,ll
耣,lc
耤,lo
耥,lk
耦,ly
耧,ln
耨,lc
耩,"lr,lz"
耪,lf
耫,lb
耬,ln
耮,ll
耯,ly
耰,lw
耱,lu
耲,ly
耳,aa
耴,ev
耵,ed
耶,ee
耷,de
耸,re
耹,ev
耺,es
耻,ev
耽,ev
耾,es
耿,eh
聂,ey
聃,er
聄,ep
聅,eu
聆,es
聇,ev
聈,el
聉,ei
聊,ee
聋,le
职,eb
聍,ed
聎,ed
聏,ee
聐,ek
聑,ee
聒,ek
联,et
聕,ek
聖,ew
聗,ej
聘,ev
聙,eo
聚,en
聛,eu
聝,ea
聞,me
聠,ek
聤,ed
聥,ey
聧,et
聩,er
聪,ex
聬,ex
聭,eg
聯,ea
聰,ex
聱,fe
聲,ue
聳,ie
聵,eb
聶,ee
職,eo
聸,ek
聹,ed
聺,ex
聻,de
聽,ex
聾,le
聿,vl
肁,hy
肂,dy
肃,vd
肄,by
肅,vl
肆,ay
肇,hy
肈,hy
肉,nr
肋,ol
肌,oj
肍,oj
肎,bo
肏,rr
肐,oq
肑,ou
肒,ow
肓,wo
肕,or
肖,xo
肗,on
肘,oc
肙,ko
肚,ot
肛,og
肜,op
肝,og
肞,"oi,oy"
肟,ok
肠,op
股,oy
肢,oy
肣,ov
肤,of
肥,ob
肨,of
肩,ho
肪,of
肫,ot
肬,oy
肭,on
肮,oj
肯,vo
肰,oq
肱,os
育,wo
肳,ow
肴,xo
肵,oj
肶,ob
肷,or
肸,ou
肹,ov
肺,ol
肼,oj
肽,ot
肾,lo
肿,ov
胀,oi
胁,ob
胂,ou
胃,to
胄,yo
胅,ou
胆,oa
胇,of
胈,od
胉,ob
胋,ok
背,lo
胍,og
胎,ok
胏,op
胒,ob
胓,op
胔,vr
胕,oc
胖,ob
胗,op
胘,oy
胙,ov
胚,op
胛,oj
胜,ou
胝,od
胞,os
胠,os
胡,uo
胣,oy
胤,pv
胥,vo
胦,oy
胧,ol
胨,od
胩,ob
胪,ou
胫,og
胬,nr
胭,od
胮,ol
胯,ok
胰,oy
胱,ow
胲,or
胳,ok
胴,ok
胵,ot
胶,ox
胸,ok
胹,oe
胺,on
胻,oi
胼,ok
能,sb
胾,ur
胿,ot
脀,lo
脂,oo
脅,lo
脆,ov
脉,oy
脊,do
脍,os
脎,om
脏,ot
脐,ol
脑,ok
脒,om
脓,on
脔,wr
脕,ov
脖,oz
脘,oe
脙,oq
脚,oe
脛,og
脜,oz
脝,ol
脞,ot
脟,oc
脠,oz
脡,oz
脢,om
脣,io
脤,on
脥,oj
脦,ox
脨,ou
脩,ro
脪,oj
脬,oz
脭,ow
脮,on
脯,of
脰,oa
脱,oe
脲,ou
脴,ok
脶,on
脷,od
脸,oa
脹,oi
脺,ou
脻,or
脼,or
脽,of
脾,ou
脿,oy
腀,oc
腂,og
腃,ov
腄,oi
腅,oh
腆,ob
腇,on
腈,oo
腉,oe
腊,oo
腋,on
腌,od
腍,ox
腎,io
腏,oy
腐,gr
腑,oc
腒,ok
腓,of
腔,og
腕,ov
腖,od
腘,oy
腙,ox
腚,or
腛,ot
腜,om
腝,od
腞,ou
腟,ot
腠,ot
腡,ok
腢,oy
腣,oj
腤,oo
腥,ou
腦,ox
腧,od
腨,oe
腩,og
腪,oi
腫,ov
腬,om
腭,ok
腮,ox
腯,oo
腰,on
腱,oz
腲,on
腴,oy
腵,oy
腶,oy
腷,ot
腸,ow
腹,ow
腺,ou
腻,or
腼,om
腽,om
腾,om
腿,oz
膀,of
膁,on
膂,fo
膅,ok
膆,ox
膇,oz
膈,ol
膉,om
膊,oc
膋,ho
膌,oo
膍,ob
膎,od
膏,wo
膑,ob
膒,ok
膔,ob
膕,oa
膗,of
膘,ox
膙,oi
膚,ho
膛,ot
膜,od
膝,ou
膞,oc
膟,ou
膠,op
膡,oo
膢,on
膣,ot
膦,ol
膨,op
膩,ob
膪,ok
膫,ox
膭,ob
膮,ow
膯,oa
膰,ot
膱,oo
膲,oh
膳,ok
膴,oh
膵,ou
膷,oe
膸,oz
膹,ob
膺,go
膻,oa
膼,oz
膽,ok
膾,oo
膿,on
臀,uo
臁,on
臂,uo
臃,of
臄,ou
臅,oi
臆,ox
臇,ov
臈,ov
臉,or
臊,om
臌,oy
臍,oa
臎,ou
臏,ob
臐,oh
臑,oe
臒,oy
臔,ob
臕,oh
臖,po
臗,od
臘,ov
臚,om
臛,of
臜,or
臝,wf
臞,of
臟,oi
臠,yr
臡,nr
臢,ob
臣,kl
臤,iy
臥,ir
臦,ii
臧,wi
臨,ik
臩,il
自,po
臬,zm
臭,zq
臮,zr
臱,zf
臲,zv
至,at
致,aw
臵,ak
臶,az
臷,ut
臸,at
臹,ai
臺,ut
臻,ah
臼,pa
臽,dj
臾,pn
臿,qj
舀,pj
舁,jc
舂,fj
舄,jh
舅,jl
舆,pb
與,pb
興,pb
舉,pl
舊,cj
舋,pq
舌,qk
舍,rk
舏,ql
舐,qu
舒,rl
舓,qw
舔,qx
舕,qh
舙,qk
舚,qk
舛,xl
舜,pl
舝,vl
舞,pl
舟,pd
舠,vd
舡,vg
舢,ve
舣,vy
舥,vb
舦,vt
舨,vy
舩,vs
航,vj
舫,vf
般,vy
舭,vb
舯,vv
舰,ve
舱,vv
舲,vs
舳,vy
舴,vv
舵,vb
舶,vb
舷,vy
舸,vk
船,vk
舺,vj
舻,vu
舼,vb
舽,vl
舾,vx
艀,vz
艂,vf
艃,vl
艄,vo
艅,vh
艆,vl
艇,vz
艉,vm
艋,vm
艌,vx
艍,vk
艎,vw
艏,vz
艐,vw
艑,vc
艒,vo
艓,vm
艕,vf
艖,vg
艗,vm
艘,vy
艙,vk
艚,vo
艛,vn
艜,vj
艞,vd
艟,vl
艡,vt
艢,vk
艣,vl
艤,vw
艥,va
艦,vm
艧,vy
艨,"vn,vu"
艩,va
艫,vm
艬,vd
艭,vy
艮,"vn,en"
良,dg
艰,yg
艱,ng
色,db
艳,fb
艴,fb
艵,bb
艷,eb
艸,vl
艺,cv
艻,cl
艼,cd
艽,cj
艾,cx
艿,cn
芀,cd
节,ce
芃,cf
芄,cw
芅,cy
芆,ci
芇,cj
芈,ll
芉,cg
芊,cq
芋,cy
芍,cu
芎,cg
芏,ct
芐,cx
芑,cj
芒,cw
芓,cz
芔,vl
芗,cx
芘,cb
芙,cf
芚,ct
芛,cy
芜,cw
芝,cv
芞,cq
芟,cy
芠,cw
芡,cr
芢,ce
芣,cb
芤,cv
芥,cl
芦,ch
芧,cl
芨,cj
芩,cv
芪,cu
芫,ce
芬,cd
芭,cb
芮,cn
芯,cx
芰,cy
花,cb
芳,cf
芴,cw
芵,cg
芷,cv
芸,cs
芹,cj
芺,cy
芻,bp
芼,cm
芽,cy
芾,cl
芿,cn
苀,cj
苁,cr
苃,cy
苄,cb
苇,cw
苈,cl
苉,ce
苊,cv
苋,ce
苌,ci
苍,cv
苎,ca
苏,cb
苐,cp
苑,cv
苒,cr
苓,cs
苔,ck
苕,ck
苖,cy
苗,ct
苘,ck
苙,cl
苚,cy
苛,ck
苜,co
苝,cb
苞,cs
苟,ck
苠,cm
苡,cr
苢,ck
苣,cj
苤,cp
若,ck
苦,ck
苧,cd
苨,cb
苩,cb
苪,cb
苫,ck
苬,cr
苭,cl
苮,ce
苯,cb
苰,cs
英,cy
苲,cv
苳,cd
苴,cq
苵,cu
苶,cx
苷,cg
苸,ch
苹,cp
苺,cm
苻,cc
苼,cu
苽,cg
苾,cb
茀,cf
茁,ci
茂,cw
范,cv
茄,ck
茅,cp
茆,ce
茇,cd
茈,cb
茉,cm
茋,cd
茌,cu
茍,lk
茎,cg
茏,cl
茑,cn
茓,cb
茔,ct
茕,cu
茖,ck
茗,ck
茙,cu
茚,ce
茛,cg
茜,cx
茝,cl
茞,ci
茟,cy
茠,cm
茡,cz
茢,cd
茤,cx
茥,ct
茦,cn
茧,ci
茨,cr
茩,ck
茪,cw
茫,cw
茬,ct
茭,cx
茮,cx
茯,cq
茱,cv
茲,cy
茳,cg
茴,ck
茵,cd
茶,cm
茷,cg
茸,ce
茹,ck
茺,ce
茻,vl
茼,ck
茽,cv
茾,ck
茿,cf
荀,co
荁,ca
荂,ck
荃,cw
荄,cr
荅,ck
荆,cd
荇,ci
荈,cl
草,cu
荋,ce
荌,cn
荍,cw
荎,ct
荏,cr
荐,cz
荑,cy
荒,cv
荓,ck
荔,cl
荖,cb
荗,cu
荙,cz
荚,cj
荛,cw
荜,cu
荞,cl
荟,cs
荠,cl
荡,cp
荣,cm
荤,ci
荥,cu
荦,cn
荧,ch
荨,cc
荩,cd
荪,cx
荫,co
荬,cd
荭,cg
荮,cc
药,cu
荰,ct
荱,cm
荲,cl
荳,ca
荴,cf
荵,cx
荶,cv
荷,ck
荸,cz
荹,cp
荺,cd
荻,ch
荼,ch
荽,cn
荾,cw
荿,ci
莀,cn
莁,cr
莂,cd
莃,cj
莄,cg
莅,cl
莆,cf
莇,cl
莈,cy
莉,cd
莊,cu
莋,cv
莌,ce
莍,cq
莎,cu
莏,cu
莐,cv
莑,cf
莒,ck
莓,cm
莔,cv
莖,cg
莗,ci
莘,cu
莙,ck
莚,cz
莛,cz
莜,cw
莝,ct
莞,ce
莟,ck
莠,cn
莡,cr
莢,cj
莤,cy
莥,ci
莦,co
莧,ce
莨,cl
莩,cz
莪,cw
莫,cd
莬,cv
莭,ce
莮,cl
莯,cm
莰,cr
莱,cl
莲,cz
莳,cc
莴,cn
莶,ca
获,cq
莸,cy
莹,cy
莺,cn
莼,ct
莽,cc
莿,cd
菀,cv
菁,co
菂,cu
菃,cj
菄,cd
菅,ck
菆,cy
菇,ck
菈,cl
菉,cu
菊,cm
菋,cw
菌,ch
菍,cx
菎,cb
菏,ck
菐,yn
菑,ct
菒,cm
菓,cg
菔,cy
菕,cc
菖,co
菗,cy
菘,cs
菙,ci
菚,cg
菛,cm
菜,cm
菝,cd
菞,cp
菟,cd
菠,cy
菡,ck
菢,cs
菣,cy
菤,cv
菥,cj
菧,cd
菨,cn
菩,ck
菪,cu
菬,ck
菭,ck
菮,cn
華,cl
菰,cg
菱,cw
菲,cf
菳,cj
菴,cd
菵,cw
菶,cl
菸,cd
菹,cq
菺,co
菻,cm
菼,ch
菽,cy
菾,cx
菿,cd
萀,cj
萁,cb
萃,cu
萄,cf
萆,cu
萇,ci
萈,"cd,ld"
萉,cb
萊,cl
萋,cn
萌,co
萍,cp
萎,cn
萏,cj
萐,cr
萑,cf
萒,ce
萓,cq
萘,cx
萚,cl
萜,ck
萝,cx
萣,cr
萤,ci
营,ck
萦,cx
萧,cs
萨,ci
萩,ch
萪,cu
萫,co
萬,cy
萭,cy
萮,cd
萯,cb
萰,cj
萱,ca
萲,cy
萳,cg
萴,cd
萵,ck
萶,co
萷,cd
萸,cy
萹,cc
萺,co
萻,co
萼,ck
落,ck
葀,ck
葁,cn
葂,cl
葃,cv
葄,cv
葆,cm
葇,cm
葈,cm
葉,cm
葋,ck
葌,cn
葍,ct
葎,cy
葏,cy
葐,cm
葑,cc
葒,cg
葓,cb
葔,cu
葕,ci
葖,cq
著,co
葙,co
葚,cv
葛,cv
葜,cd
葝,cl
葞,ce
葟,cw
葠,cy
葡,cf
董,cv
葤,cc
葥,cd
葦,cl
葧,cl
葨,cn
葩,cb
葪,cd
葫,co
葬,cc
葭,cy
葮,cy
葯,cu
葰,cw
葱,cx
葲,cu
葳,cn
葴,ck
葵,ct
葶,cd
葷,ci
葸,cx
葹,cy
葺,ce
葻,ci
葼,cw
葽,cn
葾,cx
葿,co
蒀,cm
蒂,cj
蒄,cc
蒇,cr
蒈,cb
蒉,cr
蒋,cc
蒌,cn
蒍,ch
蒎,cn
蒐,cg
蒑,cy
蒒,cj
蒓,ct
蒔,cc
蒖,cb
蒗,cl
蒘,cu
蒙,"cn,cu"
蒚,cl
蒛,cg
蒜,cx
蒝,cx
蒟,ck
蒠,cx
蒡,cf
蒢,ch
蒣,ch
蒤,ch
蒥,ct
蒦,cy
蒧,ck
蒨,co
蒩,cq
蒪,cc
蒫,cg
蒬,cd
蒮,cf
蒯,cd
蒰,cy
蒱,cf
蒲,cf
蒳,cn
蒴,co
蒵,cd
蒶,cd
蒷,cb
蒸,ch
蒹,cn
蒺,cu
蒻,cd
蒼,ck
蒽,cx
蒾,cz
蒿,ck
蓀,cx
蓁,ch
蓂,cb
蓃,cy
蓄,ct
蓅,cv
蓆,cj
蓇,cg
蓈,ce
蓉,ck
蓊,cx
蓋,cm
蓌,cw
蓍,co
蓎,ck
蓏,cg
蓐,cc
蓑,cy
蓒,cg
蓓,ck
蓔,ch
蓕,ct
蓖,cb
蓘,cy
蓝,cm
蓟,cd
蓠,cd
蓡,cy
蓢,co
蓣,cr
蓥,cj
蓦,cm
蓧,cm
蓨,co
蓩,cl
蓪,cz
蓫,cz
蓬,cz
蓮,cz
蓯,cr
蓰,cr
蓱,ck
蓲,ck
蓳,ca
蓴,cc
蓵,cr
蓶,cf
蓷,cf
蓸,co
蓹,ce
蓺,cw
蓻,cw
蓼,cp
蓽,cl
蓿,cb
蔀,ce
蔁,cu
蔂,cx
蔃,ci
蔄,ck
蔇,cv
蔈,cx
蔊,cg
蔌,cr
蔍,cb
蔎,cy
蔏,ck
蔑,cu
蔓,cy
蔔,ct
蔕,cj
蔖,cq
蔗,ch
蔘,cp
蔙,cr
蔚,cc
蔛,cu
蔜,cw
蔝,cm
蔞,cn
蔟,cu
蔠,cd
蔡,cx
蔢,cn
蔣,cc
蔤,ce
蔦,cn
蔧,ce
蔨,cv
蔩,cb
蔪,cj
蔫,ch
蔬,cv
蔭,cs
蔮,ca
蔯,cd
蔰,cb
蔱,cy
蔴,cm
蔵,ci
蔷,ck
蔸,ce
蔹,cw
蔺,cf
蔻,cy
蔼,cv
蔽,cw
蔾,cm
蔿,ch
蕀,cn
蕁,cc
蕂,cl
蕃,ct
蕄,cx
蕆,cb
蕇,cl
蕈,cu
蕉,ch
蕊,cx
蕍,cd
蕎,ck
蕑,co
蕒,cb
蕓,cs
蕔,cy
蕕,cy
蕖,cm
蕗,ck
蕘,cw
蕙,cx
蕛,cp
蕜,cx
蕝,cb
蕞,cy
蕟,cy
蕠,cx
蕡,cb
蕢,cb
蕣,cl
蕤,cu
蕥,cf
蕦,cb
蕧,cw
蕨,cr
蕩,cw
蕪,ch
蕫,cl
蕬,cx
蕭,cl
蕮,ch
蕰,cm
蕲,cj
蕴,cm
蕶,cs
蕷,cb
蕸,cz
蕹,cf
蕺,ca
蕻,cb
蕼,cy
蕽,cn
蕾,ct
薁,cd
薂,cw
薃,ck
薄,cc
薅,cc
薆,cw
薇,cw
薈,co
薉,cp
薊,cd
薋,cb
薌,ce
薍,cv
薏,cx
薐,cw
薑,ca
薒,cm
薓,cy
薔,ck
薕,cn
薖,cz
薘,cz
薙,cf
薚,cw
薛,cu
薜,cu
薝,ck
薞,cl
薟,cr
薠,cb
薡,cv
薢,cn
薣,cy
薤,cj
薥,ci
薦,ch
薧,cb
薨,cb
薩,cu
薪,cj
薮,cw
薯,co
薰,ch
薱,cc
薲,cb
薳,cz
薴,cd
薵,cc
薶,cl
薷,ce
薸,cx
薹,ct
薺,ca
薼,ct
薽,cw
薾,cx
薿,cr
藀,ch
藁,cm
藂,cn
藃,cr
藄,cx
藅,cd
藆,cu
藇,cb
藈,ct
藉,co
藊,cc
藋,cf
藍,cm
藎,cm
藏,ci
藐,ce
藑,cw
藒,cv
藓,cy
藔,cx
藕,cy
藖,cb
藗,cz
藘,cx
藙,cy
藚,cb
藛,ch
藜,cu
藝,cs
藞,cu
藟,ct
藠,cb
藢,cw
藣,cb
藤,cu
藥,cm
藦,cu
藧,cy
藨,ch
藩,ct
藪,cw
藫,cu
藬,cb
藭,cg
藯,cx
藰,cd
藱,cg
藴,cm
藶,cv
藷,co
藸,co
藹,cv
藺,cf
藻,cm
藽,ce
藾,cb
藿,cf
蘀,cg
蘁,ck
蘂,cm
蘄,cj
蘅,ci
蘆,cm
蘇,ch
蘈,cb
蘉,cy
蘋,cb
蘌,cx
蘑,cu
蘖,cm
蘗,cm
蘘,cy
蘙,cx
蘚,cy
蘛,co
蘜,cm
蘞,cw
蘟,cx
蘠,ck
蘡,cn
蘢,cs
蘣,cv
蘥,cc
蘦,ck
蘧,cz
蘩,cx
蘪,cm
蘫,cm
蘬,cj
蘭,cj
蘮,cd
蘱,cb
蘲,ct
蘳,ct
蘴,ca
蘵,co
蘶,cg
蘸,ch
蘹,cy
蘺,cf
蘻,cx
蘼,cf
蘽,cm
蘾,cy
蘿,cf
虁,cw
虂,ck
虃,cj
虆,cx
虇,cf
虈,ck
虉,cn
虋,cd
虍,lq
虎,hj
虏,hl
虐,ha
虑,hx
虒,pj
虓,jj
虔,hw
處,hj
虖,hh
虘,hq
虙,hb
虚,hy
虛,hy
虜,hl
虞,ht
號,kj
虠,wj
虡,hb
虢,pj
虣,aj
虤,hj
虥,hg
虦,gj
虧,hk
虨,hp
虩,xj
虪,hh
虫,vd
虬,iv
虭,id
虮,ij
虯,il
虰,id
虱,vi
虳,iu
虴,iq
虵,iy
虶,iy
虷,ig
虸,iz
虹,ig
虺,wi
虻,iw
虼,iq
虽,ki
虾,ix
虿,wi
蚀,ui
蚁,iy
蚂,im
蚄,if
蚅,iv
蚆,ib
蚇,ii
蚈,ik
蚊,iw
蚋,in
蚌,if
蚍,ib
蚎,io
蚏,io
蚐,id
蚑,iy
蚒,id
蚓,il
蚔,iu
蚕,ti
蚖,ie
蚗,ig
蚘,iy
蚙,iv
蚚,ij
蚛,iv
蚜,iy
蚝,im
蚞,im
蚟,iw
蚠,bi
蚢,ij
蚣,is
蚤,ii
蚥,ix
蚧,il
蚨,if
蚩,vi
蚪,iu
蚫,is
蚬,ie
蚭,ib
蚯,iq
蚰,iy
蚱,iv
蚲,ip
蚳,id
蚴,il
蚵,ik
蚶,ig
蚷,ij
蚸,ii
蚹,ic
蚺,ir
蚻,mi
蚼,ik
蚽,ip
蚾,iy
蚿,iy
蛀,iv
蛁,ik
蛂,id
蛃,ib
蛄,ik
蛅,ik
蛆,iq
蛇,ib
蛈,iu
蛉,is
蛊,im
蛋,vi
蛌,ig
蛎,iw
蛏,it
蛐,iq
蛑,in
蛒,ik
蛓,ui
蛔,ik
蛕,io
蛖,id
蛗,pi
蛘,iy
蛙,it
蛚,id
蛛,iv
蛜,iy
蛝,ig
蛞,ik
蛟,ix
蛡,ix
蛢,ik
蛣,ik
蛤,ik
蛥,ix
蛦,iy
蛧,ix
蛨,ib
蛩,gi
蛪,fi
蛫,iv
蛬,ci
蛭,it
蛮,wi
蛰,fi
蛱,ij
蛲,iw
蛳,ij
蛴,il
蛵,ig
蛶,ic
蛷,iq
蛸,io
蛹,iy
蛺,ij
蛼,ii
蛾,iw
蜀,si
蜁,ir
蜂,if
蜃,ii
蜄,in
蜅,if
蜆,ie
蜇,fi
蜈,it
蜉,iz
蜊,id
蜋,il
蜌,it
蜍,ih
蜎,io
蜏,in
蜐,il
蜑,zi
蜒,iz
蜓,iz
蜔,it
蜕,ie
蜗,in
蜘,ik
蜙,is
蜚,fi
蜛,ik
蜜,bi
蜞,ib
蜟,io
蜠,ih
蜡,io
蜢,im
蜣,iq
蜤,mi
蜥,ij
蜦,ic
蜧,iq
蜨,ir
蜩,ik
蜪,if
蜬,ik
蜭,ij
蜮,ia
蜯,il
蜰,oi
蜱,iu
蜲,in
蜳,iz
蜴,iw
蜵,il
蜶,iu
蜷,iv
蜸,ii
蜹,in
蜺,ie
蜻,io
蜼,if
蜽,ir
蜾,ig
蜿,iv
蝀,id
蝁,yi
蝂,iy
蝃,iy
蝄,iw
蝇,id
蝈,iy
蝉,il
蝌,iu
蝍,ie
蝎,iv
蝏,id
蝐,io
蝑,io
蝒,im
蝓,id
蝔,ib
蝕,ri
蝖,ia
蝗,iw
蝘,in
蝙,ic
蝚,im
蝛,in
蝜,ib
蝝,iu
蝞,io
蝠,it
蝡,id
蝢,ib
蝣,iz
蝤,iy
蝥,si
蝦,iy
蝧,iy
蝨,vi
蝩,iv
蝪,iw
蝫,io
蝬,iw
蝭,ir
蝮,iw
蝯,iy
蝰,it
蝱,wi
蝲,id
蝳,im
蝴,io
蝶,im
蝷,ip
蝸,ik
蝹,im
蝺,iy
蝻,ig
蝼,in
蝽,io
蝾,im
螂,ie
螃,if
螄,ij
螅,ix
螆,iy
螇,id
螈,ix
螉,ix
螊,in
螋,iy
螌,vi
融,ai
螏,iu
螐,iw
螑,iq
螒,ui
螓,ih
螔,ij
螕,ib
螖,ig
螗,ik
螘,ia
螚,si
螛,ik
螜,ui
螝,ig
螞,im
螟,ib
螠,im
螢,hi
螣,oi
螤,wn
螨,il
螪,ik
螫,ti
螬,io
螭,id
螮,ij
螯,fi
螰,ib
螱,ui
螲,it
螳,it
螴,ei
螵,ix
螶,ji
螷,gi
螸,bi
螹,ij
螺,ix
螻,in
螼,ia
螽,wi
螾,ib
螿,pi
蟀,iu
蟂,im
蟃,iy
蟄,ti
蟅,ih
蟆,id
蟇,ci
蟈,ia
蟉,ip
蟊,si
蟋,ix
蟍,im
蟎,ir
蟏,is
蟑,iu
蟒,ic
蟓,in
蟔,ih
蟕,iy
蟖,ij
蟗,ai
蟘,ib
蟙,io
蟚,ui
蟛,ip
蟜,ik
蟝,im
蟞,di
蟟,ix
蟠,it
蟡,ih
蟢,ik
蟣,id
蟤,ib
蟥,ib
蟦,ib
蟧,il
蟨,ii
蟪,ix
蟫,iu
蟬,il
蟭,ih
蟮,ik
蟯,iw
蟱,ih
蟲,ii
蟳,ic
蟴,qi
蟶,iw
蟷,it
蟹,di
蟺,ia
蟻,iw
蟼,ci
蟽,iz
蟾,ik
蟿,ii
蠀,ib
蠁,xi
蠂,im
蠃,wf
蠄,id
蠅,ie
蠆,ci
蠇,iy
蠈,oi
蠉,iy
蠊,in
蠋,ii
蠌,ig
蠐,ia
蠑,im
蠓,"in,iu"
蠔,iu
蠕,ie
蠖,iy
蠗,if
蠘,if
蠚,ci
蠛,iu
蠜,mi
蠞,vi
蠟,iv
蠠,mi
蠡,vi
蠢,fi
蠣,iy
蠥,vi
蠦,im
蠨,il
蠩,io
蠬,is
蠭,zi
蠮,ix
蠰,iy
蠱,im
蠲,bi
蠳,in
蠵,ik
蠶,ai
蠷,if
蠸,if
蠹,ai
蠻,yi
蠼,iy
蠽,ui
蠾,ii
蠿,yi
血,pm
衁,wx
衃,xb
衄,xi
衅,xb
衆,xn
衈,xe
衉,xk
衊,xu
衋,yx
行,ii
衍,ii
衎,ii
衏,ii
衑,ii
衒,ii
術,ii
衔,ii
衕,ii
衖,ii
街,ii
衘,ii
衙,ii
衚,ii
衝,ii
衞,ii
衠,ii
衡,ii
衢,ii
衣,wy
补,pb
衦,pg
衧,py
表,fy
衩,pi
衪,py
衫,pp
衬,pc
衭,pf
衮,wy
衯,pd
衰,wy
衱,pj
衲,pn
衳,ps
衴,pv
衵,po
衶,pv
衷,wy
衸,pl
衹,pu
衺,wy
衻,pa
衼,py
衽,pr
衾,ry
衿,pv
袀,pd
袁,ty
袂,pg
袃,qy
袄,py
袅,py
袆,pw
袈,ly
袉,pb
袊,ps
袋,ry
袌,wy
袍,ps
袎,pl
袏,pg
袐,pb
袑,pk
袒,pa
袓,pq
袔,pk
袕,pb
袖,py
袗,pp
袘,py
袙,pb
袚,pd
袛,pd
袜,pm
袝,pc
袟,pu
袠,wy
袢,pb
袣,pu
袤,wy
袥,pu
袦,pi
袧,pk
袨,py
袩,pk
袪,ps
被,py
袭,ly
袯,pd
袱,pq
袲,wy
袳,px
袴,pk
袶,pl
袷,pk
袸,pz
袹,pb
袺,pk
袻,pe
袼,pk
袽,pk
袾,pv
袿,pt
裀,pd
裁,uy
裂,dy
装,dy
裆,pe
裈,pi
裉,pg
裊,py
裋,pa
裌,pj
裍,pm
裎,pw
裏,wy
裐,po
裑,pu
裒,wy
裓,pc
裔,wk
裕,pk
裖,pn
裗,pv
裘,qy
裙,pk
裚,fy
裛,wy
補,pf
裝,py
裞,pe
裟,dy
裢,pz
裣,pa
裤,pi
裥,po
裧,ph
裨,pu
裪,pf
裫,pl
裬,pw
裮,po
裯,pk
裰,py
裱,py
裲,pr
裳,xy
裴,fy
裶,pf
裷,pv
裸,pg
裹,wy
裺,pd
裻,uy
裼,pw
製,py
裾,pk
裿,pk
褂,pb
褃,po
褆,pr
複,pw
褈,pv
褉,pd
褊,pc
褋,pm
褌,pi
褍,pe
褎,wy
褐,pv
褑,py
褒,wy
褓,pm
褔,pt
褕,pd
褖,pu
褗,pn
褘,pl
褙,po
褚,po
褛,pn
褞,pm
褟,px
褠,"pr,pz"
褡,pk
褢,wy
褣,pk
褥,pc
褦,pb
褧,ey
褨,pg
褩,vy
褪,pz
褫,pj
褬,pm
褭,wy
褮,hy
褯,pj
褰,by
褱,wy
褲,pi
褳,pz
褴,pm
褶,pb
褷,pr
褸,pn
褹,pw
褺,ty
褻,wy
褼,"pv,ps"
褽,uy
褾,px
褿,po
襀,pb
襁,pi
襂,pp
襃,wy
襄,wy
襆,pn
襇,po
襈,pb
襉,po
襊,py
襋,pn
襌,pl
襎,pt
襏,py
襐,pn
襑,pc
襒,pw
襓,pw
襕,pj
襖,pd
襗,pg
襘,po
襙,pm
襚,pz
襛,pn
襜,pk
襝,pr
襞,uy
襟,px
襠,pt
襡,pi
襢,pa
襣,pl
襤,pm
襦,pe
襧,px
襪,pu
襫,pb
襬,pb
襭,pb
襮,pu
襯,pe
襰,pb
襱,ps
襲,ly
襳,pj
襴,pj
襵,pe
襶,pb
襸,pb
襹,pb
襺,pi
襻,pu
襼,ps
襾,aa
西,aa
要,xn
覂,xf
覃,xu
覅,xw
覆,xw
覈,xw
見,oe
覎,oz
規,fe
覑,pe
覒,me
覓,pe
覕,be
視,pe
覗,ve
覘,le
覛,pe
覜,ee
覝,ge
覞,oe
覟,ue
覠,ye
覡,ge
覢,he
覣,he
覤,he
覥,le
覦,re
覨,ke
覩,le
親,le
覫,we
覬,ee
覭,be
覮,he
覯,ae
覰,he
覱,ie
覲,ne
覴,ve
覵,me
覶,pe
覷,he
覸,me
覹,ow
覺,pe
覼,ae
覽,ie
覾,be
覿,ue
觀,ce
见,ke
观,ye
觃,kz
规,fe
觅,pe
视,pe
觇,le
览,le
觉,xe
觊,ee
觋,ge
觌,ue
觎,re
觏,ae
觐,ne
觑,he
角,dy
觓,dl
觔,dl
觕,ny
觖,dg
觗,du
觘,du
觚,dg
觛,da
觜,vy
觝,dd
觞,dp
觟,dt
觠,jy
觡,dk
觢,fy
解,dn
觤,dv
觥,dw
触,di
觨,du
觩,dq
觫,du
觬,de
觭,dk
觮,du
觯,dl
觰,do
觱,xy
觲,dn
觳,uy
觴,dw
觶,dl
觷,py
觸,di
觺,by
觻,dm
觾,dh
觿,dk
言,wk
訂,wd
訃,wb
訄,jk
訅,wj
訆,wl
訇,bk
計,wu
訉,wf
訊,wu
訋,wu
訌,wg
訍,wi
討,wc
訏,wy
訐,wg
訑,wy
訒,wr
訓,wi
訔,ek
訕,we
訖,wq
託,wq
記,wj
訚,mk
訛,wb
訜,wd
訝,wy
訞,wy
訟,ws
訠,wl
訢,wj
訣,wg
訤,wx
訥,wn
訦,wv
訧,wy
訨,wv
訩,wk
訪,wf
訬,wu
設,wy
訮,wk
訯,wj
訰,wt
許,ww
訴,wi
訵,we
訶,wk
訷,wu
訹,wu
診,wp
註,wv
証,wv
訾,vk
詀,wk
詁,wk
詂,wc
詃,wy
詄,wu
詅,ws
詆,wd
詇,wy
詈,sk
詉,wy
詊,wb
詌,wg
詍,wu
詎,wj
詏,wl
詐,wv
詑,wb
詒,wk
詓,ws
詔,wk
評,wp
詖,wy
詗,wk
詘,wi
詙,wd
詚,wa
詛,wq
詜,wy
詝,wd
詞,wk
詟,lk
詠,wy
詡,wx
詢,wo
詣,wo
詤,wv
詥,wk
試,wg
詧,pk
詨,wx
詩,wc
詪,wg
詫,wq
詬,wk
詭,wv
詮,ww
詯,wz
詰,wk
話,wk
該,wr
詳,wy
詴,wo
詵,we
詶,wv
詷,wk
詹,dk
詺,wk
詻,wk
詼,wh
詾,wk
詿,wt
誀,we
誁,wk
誂,wd
誃,wx
誄,wl
誅,wv
誆,ww
誇,wk
誉,xk
誊,jk
誋,wx
誌,wx
認,wx
誎,wu
誏,wl
誐,ww
誑,ww
誒,wu
誓,fk
誔,wz
誕,wz
誖,wz
誗,wd
誘,wn
誙,wg
誚,wo
誛,wy
語,wk
誠,wi
誡,wc
誢,we
誣,wr
誤,wt
誥,wk
誦,wy
誧,wf
誨,wm
誩,wk
説,we
誰,wf
誱,wr
課,wg
誳,wi
誴,wx
誵,wo
誶,wu
誷,ww
誸,wy
誹,wf
誺,wl
誻,wo
誼,wq
誽,we
誾,mk
調,wk
諀,wu
諁,wy
諂,wj
諃,wm
諄,wz
諅,qk
諆,wb
談,wh
諈,wi
諉,wn
請,wo
諌,wd
諍,wl
諎,wo
諏,wy
諑,wn
諒,wx
諓,wg
諔,wy
諕,wj
論,wc
諗,wx
諘,wy
諙,wo
諚,wr
諛,wy
諜,wm
諝,wo
諞,wc
諟,wr
諠,wa
諢,wi
諣,wk
諤,wk
諥,wv
諦,wj
諧,wb
諨,wt
諪,wd
諫,wj
諭,wd
諮,wk
諯,we
諰,wx
諱,wl
諲,wt
諳,wo
諴,wk
諵,wg
諶,wv
諷,wi
諸,wo
諹,ww
諺,wp
諻,ww
諼,wy
諽,wg
諾,wk
諿,we
謀,wm
謁,wv
謂,wo
謄,ok
謅,wp
謆,wx
謇,bk
謈,ok
謉,wg
謊,wv
謋,wm
謍,hk
謎,wz
謏,wy
謐,wm
謑,wd
謒,wk
謓,wb
謔,wa
謕,wj
謖,ww
謗,wf
謘,wu
謙,wn
謚,wm
講,"wr,wz"
謜,wx
謝,wc
謞,wk
謟,wj
謡,wf
謣,wk
謤,wx
謦,uk
謧,wd
謨,wd
謪,wk
謫,wk
謬,wp
謭,wd
謮,wb
謯,wq
謰,wz
謱,wn
謲,wp
謳,wk
謴,wb
謵,wb
謶,wh
謷,fk
謹,wa
謺,tk
謻,wx
謼,wh
謽,gk
謾,wy
譀,ww
譁,wl
譂,wl
譃,wy
譄,wo
譅,wv
譆,wk
譇,wo
譈,ww
證,wa
譊,ww
譌,wh
譎,wk
譏,wd
譑,wk
譒,wt
譓,wx
譔,wb
譕,wh
譖,wo
譗,wk
識,wo
譙,wh
譚,wu
譜,wo
譝,we
譞,wy
譟,wm
譠,wa
譣,wr
譤,ww
譥,bk
警,ck
譧,wn
譨,wn
譩,wx
譫,wk
譬,uk
譮,wo
譯,wg
議,ww
譳,we
譴,wz
譶,wk
護,wy
譸,wc
譹,wu
譺,wr
譽,pk
譾,wx
讀,wb
讄,wt
讅,wt
讆,ik
讇,wj
讈,wv
讉,wz
變,yw
讋,lk
讌,wh
讎,rf
讏,ik
讑,wc
讒,wd
讓,wy
讔,wx
讕,wj
讖,wj
讗,wk
讘,we
讙,wf
讚,wb
讛,ws
讜,wh
讝,ww
讞,wq
讟,wk
计,yu
订,yd
讣,yb
认,yr
讥,yj
讦,yg
讧,yg
讨,yc
让,yu
讪,ye
讫,yq
训,yi
议,yy
讯,yu
记,yj
讱,yr
讲,yj
讳,yw
讴,yx
讵,yj
讶,yy
讷,yn
许,yw
讹,yb
论,yb
讻,yk
讼,ys
讽,yx
设,yy
访,yf
诀,yg
证,yv
诂,yk
诃,yk
评,yp
诅,yq
识,yb
诇,yk
诈,yv
诉,yi
诊,yp
诋,yd
诌,ye
词,yk
诎,yi
诏,yk
诐,yy
译,yl
诒,yk
诓,yw
诔,yl
试,yg
诖,yt
诗,yc
诘,yk
诙,yh
诚,yi
诛,yv
诜,ye
话,yk
诞,yz
诟,yk
诠,yw
诡,yv
询,yo
诣,yo
诤,yl
该,yr
详,yy
诧,yq
诨,yi
诩,yx
诫,yc
诬,yr
语,yk
诮,yo
误,yt
诰,yk
诱,yn
诲,ym
诳,yw
说,ye
诵,yy
诶,yu
请,yo
诸,yo
诹,yy
诺,yk
读,yd
诼,yn
诽,yf
课,yg
诿,yn
谀,yy
谁,yf
谂,yx
调,yk
谄,yj
谅,yx
谆,yz
谇,yu
谈,yh
谉,yu
谊,yq
谋,ym
谌,yv
谍,ym
谎,yv
谏,yj
谐,yb
谑,ya
谒,yv
谓,yo
谔,yk
谕,yd
谖,yy
谗,yd
谘,yk
谙,yo
谚,yp
谛,yj
谜,yz
谝,yc
谞,yo
谟,yd
谠,ye
谡,yw
谢,yc
谣,yf
谤,yf
谥,ym
谦,yn
谧,ym
谨,ya
谩,yy
谪,yk
谫,yd
谬,yp
谭,yu
谮,yo
谯,yh
谰,yj
谱,yo
谲,yk
谳,yq
谴,yz
谵,yk
谶,yj
谷,bk
谸,qk
谹,bs
谺,by
谻,bp
谼,bb
谽,bk
谾,bg
谿,pk
豀,bd
豁,bk
豂,bp
豃,bw
豄,bb
豅,bs
豆,aa
豇,ag
豈,ea
豉,ay
豊,qa
豋,pa
豌,av
豍,au
豎,ia
豏,an
豐,ea
豑,qp
豔,em
豕,an
豖,an
豗,wu
豘,ut
豚,ou
豛,uy
豜,uk
豝,ub
豞,uk
豠,uq
象,dn
豢,ju
豤,ug
豥,ur
豦,hu
豧,uf
豨,uj
豩,uu
豪,wu
豫,sn
豬,uo
豭,uy
豮,ur
豯,ud
豰,uy
豱,um
豲,ux
豳,eu
豴,uk
豵,ur
豶,ub
豷,ua
豸,pp
豹,vu
豺,vc
豻,vg
豽,vn
豾,vp
豿,vk
貀,vi
貁,vb
貂,vk
貅,vm
貆,va
貇,vg
貈,vv
貉,vk
貊,vb
貌,ve
貍,vl
貏,vu
貐,vd
貑,vy
貒,ve
貓,vt
貔,vb
貕,vd
貗,vn
貘,vd
貙,vk
貚,vl
貛,vf
貜,vy
貝,ob
貞,lb
負,db
財,oc
貢,gb
貣,yb
貤,oy
貥,oj
貧,bb
貨,rb
販,oy
貪,rb
貫,gb
責,fb
貯,od
貰,ub
貱,oy
貲,vb
貳,yb
貴,vb
貵,sb
貶,of
買,sb
貸,rb
貹,ou
貺,oe
費,fb
貼,ok
貽,ok
貾,od
貿,pb
賀,lb
賁,ub
賂,ok
賃,rb
賄,oo
賅,or
賆,ok
資,db
賈,xb
賊,ou
賏,ob
賑,on
賒,ox
賓,bb
賕,oq
賗,oi
賙,ok
賚,lb
賜,ow
賝,om
賞,xb
賟,ob
賠,ok
賡,gb
賢,ib
賣,ub
賤,og
賥,ou
賦,ov
賧,oh
賨,bb
質,jb
賫,ub
賬,oi
賭,oo
賮,vb
賰,oo
賱,oi
賲,rb
賳,ok
賴,ub
賵,oo
賶,ok
賸,ob
賹,om
賺,on
賻,oc
購,"or,oz"
賽,bb
賾,kb
賿,op
贀,kb
贂,op
贃,ox
贄,tb
贅,fb
贆,oq
贇,wb
贈,oo
贉,ou
贊,nb
贋,ib
贍,ok
贎,oy
贏,wf
贐,om
贓,oi
贔,ob
贖,ob
贗,ib
贙,hb
贚,os
贛,lb
贜,oi
贝,kr
贞,lr
负,dr
贡,gr
财,kc
责,fr
贤,lr
败,kw
账,ki
货,rr
质,pr
贩,ky
贪,rr
贫,br
贬,kf
购,ks
贮,ka
贯,gr
贰,yr
贱,kj
贲,ur
贳,ur
贴,kk
贵,vr
贶,ke
贷,rr
贸,pr
费,fr
贺,lr
贻,kk
贼,ku
贽,fr
贾,xr
贿,ko
赀,vr
赁,rr
赂,kk
赃,kt
资,dr
赅,kr
赆,kd
赇,kq
赈,kn
赉,lr
赊,kx
赋,kv
赌,ko
赍,ur
赎,kd
赏,xr
赐,kw
赑,kr
赒,kk
赓,gr
赔,kk
赕,kh
赖,ur
赗,ko
赘,fr
赙,kc
赚,kn
赛,br
赜,kr
赝,ir
赞,nr
赟,wr
赠,ko
赡,kk
赢,wf
赣,lr
赤,td
赥,tr
赦,tw
赧,ty
赨,ti
赩,tb
赪,tr
赫,td
赬,tb
赭,to
赮,ty
赯,tk
走,tr
赲,tl
赳,tl
赴,tb
赵,tx
赶,tg
起,tj
赸,te
赹,td
赺,tv
赻,tu
赽,tg
赾,tj
赿,tu
趀,tp
趁,tp
趃,tu
趄,tq
超,tk
趆,td
趇,tl
趈,tk
趉,ti
越,tv
趋,te
趌,tk
趍,tx
趎,tv
趏,tk
趐,tx
趑,tr
趒,td
趓,tm
趔,td
趕,tg
趖,tt
趗,tr
趘,tm
趙,to
趚,tu
趛,tj
趜,tm
趝,tx
趞,to
趟,tk
趠,tu
趡,tf
趢,tu
趣,ty
趤,tu
趥,ty
趦,tk
趧,tr
趨,tp
趩,tb
趪,tb
趫,tk
趬,tw
趭,th
趮,tm
趯,tf
趱,tr
趲,tb
足,kr
趴,zb
趵,zu
趶,zy
趷,zq
趸,wr
趹,zg
趺,zf
趻,zv
趼,zk
趽,zf
趾,zv
趿,zj
跀,zo
跁,zb
跂,zy
跃,zy
跄,zv
跅,zi
跆,zk
跇,zu
跈,zp
跉,zs
跊,zw
跋,zd
跌,zu
跍,zk
跎,zb
跏,zk
跐,zb
跑,zs
跒,zk
跓,zv
跔,zk
跕,zk
跖,zu
跗,zc
跘,zb
跙,zq
跚,zc
跛,zy
跜,zb
距,zj
跞,zl
跟,zg
跠,zy
跢,zx
跣,ze
跤,zx
跥,zm
跦,zv
跧,zw
跨,zk
跩,zy
跪,zv
跫,gr
跬,zt
跭,zl
跮,zt
路,zk
跰,zk
跱,zc
跲,zk
跳,zd
跴,zx
践,zj
跶,zz
跷,zw
跸,zu
跹,zz
跺,zm
跻,zl
跼,zk
跽,zx
跾,rr
跿,zr
踀,zr
踁,zg
踂,zv
踃,zo
踄,zp
踅,fr
踆,zw
踇,zm
踉,zl
踊,zy
踌,zc
踍,zz
踏,zo
踐,zg
踑,zb
踒,zn
踓,zf
踔,zu
踕,zr
踖,zo
踗,zx
踘,zm
踚,zc
踛,zt
踜,zw
踝,zg
踞,zk
踟,zk
踠,zv
踡,zv
踢,zw
踣,zk
踤,zu
踥,zn
踦,zk
踧,zy
踩,zm
踪,zx
踫,zy
踬,zr
踭,zl
踮,zk
踯,ze
踰,zd
踱,zy
踲,zo
踳,zo
踴,zl
踵,zv
踶,zr
踷,zo
踸,zv
踹,ze
踺,zz
踻,zk
踼,zw
踽,zy
踾,zt
踿,zh
蹀,zm
蹁,zc
蹂,zm
蹃,zk
蹄,zj
蹅,za
蹇,br
蹈,zj
蹉,zg
蹊,zd
蹋,zx
蹌,zk
蹍,zn
蹎,zb
蹐,zo
蹑,zy
蹒,zl
蹓,zt
蹔,ir
蹕,zl
蹖,zj
蹗,zb
蹘,zp
蹙,wr
蹚,zt
蹛,zj
蹜,zb
蹝,zr
蹠,zh
蹡,zc
蹢,zk
蹣,zr
蹤,zr
蹥,zz
蹦,zo
蹧,zo
蹨,zh
蹩,dr
蹪,zb
蹫,zk
蹬,za
蹭,zo
蹮,zs
蹯,zt
蹰,zc
蹱,zl
蹲,zc
蹳,zy
蹴,zy
蹶,zr
蹸,zl
蹹,zx
蹺,zw
蹻,zk
蹼,zn
蹽,zx
蹾,zw
蹿,zi
躁,zm
躂,zz
躃,zu
躄,ur
躅,zi
躆,zu
躇,zo
躈,zw
躉,cr
躊,zc
躋,za
躍,zf
躏,zf
躐,zv
躑,ze
躒,zm
躓,zb
躔,zt
躕,zc
躘,zs
躚,zz
躛,ir
躜,zr
躝,zj
躞,zy
躟,zy
躠,cr
躡,ze
躣,zf
躥,zv
躦,zb
躧,zb
躨,zw
躩,zy
躪,zf
身,pp
躬,ug
躭,uv
躯,ux
躱,um
躲,um
躴,ul
躶,ug
躸,uk
躹,um
躺,uk
躽,un
躿,un
軀,uk
軁,un
軂,ul
軃,ul
軇,uc
軉,ub
車,al
軋,iv
軌,ij
軍,bi
軎,ik
軏,iw
軐,iu
軑,id
軒,ig
軓,if
軔,ir
軕,ie
軖,iw
軗,iy
軘,it
軙,iy
軛,iv
軜,in
軝,iu
軞,im
軟,ir
軡,iv
軤,ih
軥,ik
軦,ie
軧,id
軨,is
軩,ik
軪,il
軫,ip
軬,si
軭,iw
軮,iy
軯,ip
軱,ig
軲,ik
軳,is
軴,iv
軵,ic
軷,id
軸,iy
軹,ib
軺,ik
軻,ik
軼,iu
軽,it
軾,ig
軿,ik
輀,ie
輁,ib
輂,ci
較,ix
輄,iw
輅,ik
輆,ir
輇,iw
輈,iv
載,ui
輊,it
輋,ei
輍,ik
輎,io
輐,ie
輑,ik
輒,iv
輓,iv
輔,if
輕,ig
輖,ik
輗,ie
輘,iw
輚,ig
輛,ir
輜,it
輝,xi
輞,iw
輟,iy
輠,ig
輡,ij
輢,ik
輣,io
輤,io
輥,ib
輦,fi
輨,ik
輩,fi
輪,ic
輫,if
輬,ix
輭,id
輮,im
輯,ie
輰,iw
輱,ik
輲,ie
輳,it
輴,io
輵,iv
輶,iy
輷,ik
輸,id
輹,iw
輻,it
輼,im
輽,it
輾,in
輿,pb
轁,ij
轂,uy
轃,ih
轄,ik
轅,iy
轆,ib
轇,ip
轈,ig
轉,ic
轊,ie
轍,iw
轎,ik
轏,iz
轐,in
轑,ix
轒,ib
轓,it
轔,il
轕,iv
轖,ik
轗,ix
轘,iy
轙,iw
轚,ii
轛,ic
轝,pi
轞,im
轟,ii
轠,it
轡,yk
轢,im
轣,iv
轤,im
轥,if
车,al
轧,iv
轨,ij
轩,ig
轪,id
轫,ir
转,iv
轭,iv
轮,ib
软,ir
轰,iy
轱,ik
轲,ik
轳,iu
轴,iy
轵,ib
轶,iu
轷,ih
轸,ip
轹,il
轺,ik
轻,ig
轼,ig
载,ui
轾,it
轿,il
辀,iv
辁,iw
辂,ik
较,ix
辄,iv
辅,if
辆,il
辇,fi
辈,fi
辉,xi
辊,ib
辋,iw
辌,ix
辍,iy
辎,it
辏,it
辐,it
辑,ie
辒,im
输,id
辔,sk
辕,iy
辖,ik
辗,in
辘,ib
辙,iw
辚,il
辛,lu
辜,uu
辞,qu
辟,uu
辠,zu
辡,lu
辣,lu
辥,vu
辦,lu
辨,lu
辩,lu
辫,lu
辬,lu
辭,pu
辮,lu
辯,lu
辰,in
辱,ic
農,qn
辴,kn
辵,pr
辸,zn
边,zl
辽,zl
达,zd
辿,ze
迀,zg
迁,zq
迂,zy
迄,zq
迅,zu
迆,zy
过,zc
迈,zw
迉,zu
迋,zw
迌,zo
迍,zt
迎,ze
运,zs
近,zj
迒,zj
迓,zy
返,zy
迕,zw
迗,zt
还,zb
这,zw
进,zj
远,ze
违,zw
连,zi
迟,zi
迠,zk
迡,zb
迢,zk
迣,zu
迤,zy
迥,zk
迦,zk
迨,zk
迩,zx
迪,zy
迫,zb
迬,zv
迭,zu
迮,zv
述,zu
迱,zb
迳,zg
迴,zk
迵,zk
迶,zo
迷,zm
迸,zk
迹,zd
迺,zx
迻,zx
迼,zk
追,zk
迾,zd
迿,zo
退,zg
送,zt
适,zk
逃,zd
逄,zl
逅,zk
逆,zp
逇,zy
选,ze
逊,zx
逋,zf
逌,za
逍,zo
透,zn
逐,zu
逑,zq
递,zp
途,zh
逕,zg
逖,zh
逗,za
逘,zu
這,zk
通,zy
逛,zw
逜,zk
逝,zj
逞,zw
速,zu
造,zk
逡,zw
逢,zf
連,zi
逤,zu
逦,zl
逨,zl
逩,zc
逪,zo
逫,zy
逭,zk
逮,zn
逯,zu
週,zk
進,zf
逳,zo
逴,zu
逵,zt
逶,zn
逸,zd
逻,zx
逼,zt
逽,zk
逾,zd
逿,zw
遁,zo
遂,zu
遃,zp
遄,ze
遆,zj
遇,zy
遈,zr
遊,zz
運,zi
遌,zk
遍,zc
過,zk
遏,zv
遐,zy
遑,zw
遒,zy
道,zz
達,zy
違,zl
遗,zr
遘,"zr,zz"
遚,zy
遛,zt
遜,zx
遝,zd
遞,zj
遟,zu
遠,zy
遡,zo
遢,zx
遣,zk
遥,zf
遦,zb
遧,zu
遨,zw
適,zk
遪,zp
遫,zw
遬,zr
遭,zo
遮,zh
遯,zu
遰,zj
遱,zn
遲,zn
遳,zt
遴,zl
遵,zc
遷,zs
選,zb
遹,zk
遺,zb
遼,zx
遽,zu
遾,zr
避,zu
邀,zw
邁,zy
邂,zn
邃,zu
還,zy
邅,za
邆,za
邇,zx
邈,ze
邊,zf
邋,zv
邌,zu
邍,zu
邏,zf
邐,zb
邑,kb
邒,de
邓,ye
邔,je
邕,vb
邖,ee
邗,ge
邘,ye
邙,we
邚,ne
邛,ge
邝,ge
邞,fe
邟,we
邠,be
邡,fe
邢,ke
那,ve
邤,je
邥,de
邦,fe
邧,ee
邨,te
邩,he
邪,ye
邬,we
邭,be
邮,ye
邯,ge
邰,se
邱,qe
邲,be
邳,pe
邴,be
邵,de
邶,le
邷,we
邸,de
邹,de
邺,ye
邻,re
邼,ke
邽,te
邾,ve
邿,te
郀,de
郁,ue
郂,we
郃,re
郄,xe
郅,ae
郆,ue
郇,be
郈,pe
郊,we
郋,ze
郍,ve
郎,de
郏,je
郐,re
郑,be
郓,be
郔,ze
郕,ie
郖,ae
郗,xe
郘,ke
郙,fe
郚,we
郛,pe
郜,ne
郝,te
郟,je
郠,ge
郡,ye
郢,ke
郣,ue
郤,be
郦,le
郧,ke
部,le
郩,xe
郪,ae
郫,pe
郬,fe
郭,we
郮,ke
郯,he
郰,ee
郱,be
郲,le
郳,je
郴,me
郵,ie
郸,be
郹,oe
郺,xb
郻,oe
郼,ve
都,le
郾,ke
郿,ve
鄀,ce
鄂,ke
鄃,re
鄄,xe
鄅,ye
鄆,be
鄇,re
鄈,ve
鄉,xe
鄋,pe
鄌,ge
鄍,be
鄎,ze
鄏,ie
鄐,we
鄑,ye
鄒,be
鄓,ze
鄔,we
鄖,ke
鄗,we
鄘,ge
鄙,ke
鄚,ce
鄛,ve
鄜,ge
鄝,xe
鄞,ne
鄟,ae
鄠,ye
鄡,pe
鄢,ve
鄣,le
鄤,oe
鄦,pe
鄧,ve
鄨,db
鄩,ee
鄪,fe
鄫,be
鄬,"pe,de"
鄭,be
鄮,pe
鄯,ye
鄰,me
鄱,pe
鄲,ke
鄳,le
鄴,ye
鄵,ke
鄶,re
鄸,ce
鄹,ee
鄺,ge
鄻,fe
鄾,ae
鄿,ce
酀,ne
酁,de
酂,ne
酃,ye
酄,ce
酅,ee
酆,ee
酇,ne
酈,ae
酉,xa
酊,yd
酋,by
酌,yu
配,yj
酎,yc
酏,yy
酐,yg
酑,yy
酒,dy
酓,ry
酕,ym
酖,yv
酗,yk
酘,yy
酚,yd
酝,ys
酞,yt
酟,yk
酠,yk
酡,yb
酢,yv
酣,yg
酤,yk
酥,yh
酦,yd
酨,uy
酩,yk
酪,yk
酫,yw
酬,yv
酭,yo
酮,yk
酯,yo
酰,ye
酱,dy
酲,yw
酳,yo
酴,yh
酵,yz
酶,ym
酷,yk
酸,yw
酹,yc
酺,yf
酻,yz
酼,yv
酽,yy
酾,yl
酿,yl
醀,yf
醁,yu
醂,ym
醃,yd
醄,yf
醅,yk
醆,yg
醇,yz
醈,yh
醉,yu
醊,yy
醋,yo
醌,yb
醍,yr
醎,yk
醏,yo
醐,yo
醑,yo
醒,yu
醓,ym
醔,hy
醖,ym
醘,ym
醙,yy
醚,yz
醛,yw
醜,yg
醝,yg
醟,hy
醠,ym
醡,yv
醢,ym
醣,yk
醥,yx
醦,yp
醧,yk
醨,yd
醩,yo
醪,yp
醫,ky
醬,py
醭,yn
醮,yh
醯,ym
醰,yu
醱,yy
醲,yn
醳,yg
醴,ya
醵,yu
醶,yr
醷,yx
醹,ye
醺,yh
醻,yc
醼,yh
醽,yk
醾,ym
釀,yy
釁,pd
釂,yc
釃,yb
釅,yw
釆,pm
采,pm
釉,py
释,pl
釋,pg
里,la
重,pa
野,ll
量,ol
釐,wl
金,ra
釓,jv
釔,jv
釕,jl
釖,jd
釗,jd
釘,jd
釙,jb
釚,jj
釛,jl
釜,ba
針,ju
釞,jr
釟,jb
釢,jn
釣,ju
釤,jp
釥,jx
釦,jk
釧,ji
釨,jz
釩,jf
釪,jy
釫,jk
釬,jg
釭,jg
釰,jr
釱,jd
釲,js
釳,jq
釴,jy
釵,ji
釶,jy
釷,jt
釸,jx
釹,jn
釺,jq
釽,jv
釾,jy
釿,jj
鈀,jb
鈁,jf
鈂,jv
鈃,jk
鈄,ju
鈅,jo
鈆,js
鈇,jf
鈈,jb
鈉,jn
鈊,jx
鈋,jb
鈌,jg
鈍,jt
鈎,js
鈏,jl
鈐,jv
鈑,jy
鈒,jj
鈔,ju
鈕,ji
鈖,jd
鈗,je
鈙,jy
鈚,jb
鈛,jg
鈜,js
鈞,jd
鈠,jy
鈡,jv
鈢,jm
鈣,jg
鈤,jo
鈥,jh
鈦,jt
鈧,jj
鈭,vj
鈮,jb
鈯,ji
鈰,jj
鈱,jm
鈲,jg
鈳,jk
鈴,js
鈵,jb
鈶,jk
鈷,jk
鈸,jd
鈹,jy
鈺,jy
鈻,jk
鈼,jv
鈽,jj
鈾,jy
鈿,jt
鉀,jj
鉁,jp
鉂,ju
鉃,ju
鉄,ju
鉅,jj
鉆,jk
鉇,jy
鉈,jb
鉉,jy
鉊,jk
鉋,js
鉌,jh
鉍,jb
鉎,ju
鉏,jq
鉐,ju
鉑,jb
鉒,jv
鉓,jj
鉔,jj
鉕,jk
鉖,jd
鉗,jg
鉘,jf
鉙,jb
鉚,je
鉛,jk
鉜,jc
鉝,jl
鉞,jv
鉟,jp
鉠,jy
鉡,jb
鉢,jb
鉣,js
鉤,jk
鉥,ju
鉦,jv
鉧,jm
鉨,jx
鉩,jx
鉫,jk
鉬,jo
鉭,ja
鉮,ju
鉯,jr
鉰,jk
鉲,jb
鉳,jb
鉴,lj
鉵,ji
鉶,jd
鉷,jb
鉸,jx
鉹,jx
鉺,je
鉻,jk
鉼,jk
鉽,jg
鉾,jn
鉿,jk
銀,jg
銂,jv
銃,je
銄,jk
銅,jk
銆,jb
銇,jl
銈,jt
銉,jy
銊,jx
銋,jr
銌,jz
銍,jt
銎,gj
銏,jc
銐,dj
銑,je
銓,jw
銔,ju
銕,jy
銖,jv
銗,jk
銘,jk
銙,jk
銚,jd
銛,jk
銜,ii
銝,jm
銟,jj
銠,jb
銡,jk
銢,ju
銣,jk
銤,jm
銥,jy
銦,jd
銧,jw
銨,jn
銩,js
銪,jo
銫,jb
銬,jv
銮,wj
銱,jj
銴,fj
銵,ju
銶,jq
銷,jo
銸,jv
銹,jn
銺,pj
銻,jp
銼,jt
銽,jk
銾,ju
銿,jy
鋀,ja
鋁,jk
鋂,jm
鋃,jl
鋅,ju
鋆,tj
鋇,jb
鋈,dj
鋉,ju
鋊,jk
鋋,jz
鋌,jz
鋍,jz
鋎,je
鋏,jj
鋐,js
鋑,jw
鋒,jf
鋓,jd
鋔,jv
鋕,jx
鋖,jn
鋗,jo
鋘,jt
鋙,jk
鋚,rj
鋜,jr
鋝,jc
鋞,jg
鋟,jy
鋠,jn
鋡,jk
鋣,je
鋤,jl
鋥,jw
鋦,jk
鋧,je
鋨,jw
鋩,jw
鋪,jf
鋫,hj
鋬,fj
鋭,je
鋮,ji
鋯,jk
鋰,jl
鋱,jx
鋵,jj
鋶,jv
鋷,jy
鋸,jk
鋹,ji
鋺,jv
鋻,ij
鋼,je
鋽,ju
鋾,jf
鋿,jk
錀,jc
錁,jg
錂,jw
錆,jo
錇,jk
錈,jv
錉,jo
錊,ju
錋,jo
錌,jg
錍,ju
錎,jj
錏,jy
錐,jf
錑,jq
錒,jk
錓,jq
錔,jo
錕,jb
錖,uj
錗,jn
錘,ji
錙,jt
錚,jl
錛,jc
錜,jx
錝,jx
錞,jz
錟,jh
錠,jr
錡,jk
錢,jg
錣,jy
錤,jb
錥,jo
錦,jj
錧,jk
錨,jt
錩,jo
錪,jb
錫,jw
錭,jk
錮,jk
錯,jo
錰,jh
録,ju
錳,jm
錴,jt
錵,jb
錶,jy
錷,jv
錸,jl
錹,jo
錼,jx
錽,jw
錾,ij
鍀,jc
鍁,jr
鍃,jx
鍄,jx
鍆,jm
鍇,jb
鍈,jy
鍉,jr
鍊,jj
鍋,jk
鍌,dj
鍍,jy
鍎,jo
鍏,jl
鍐,jw
鍑,jw
鍒,jm
鍔,jk
鍕,ji
鍖,jv
鍗,jj
鍘,jd
鍙,dj
鍚,jw
鍛,jy
鍜,jy
鍝,jy
鍞,jb
鍠,jw
鍡,jn
鍣,jk
鍤,jj
鍥,jd
鍦,jy
鍧,jk
鍩,jk
鍪,sj
鍬,jh
鍭,ju
鍮,jd
鍰,jy
鍱,jm
鍲,jo
鍴,je
鍵,jz
鍶,jx
鍷,jt
鍸,jo
鍹,ja
鍺,jo
鍻,jv
鍼,jk
鍽,jc
鍾,jv
鎀,jp
鎁,je
鎂,jd
鎃,jn
鎄,jy
鎇,jo
鎈,jg
鎉,jx
鎊,jf
鎋,jk
鎍,jx
鎎,jm
鎏,dj
鎐,jf
鎑,jm
鎒,jc
鎓,jx
鎔,jk
鎕,jk
鎖,jb
鎗,jk
鎘,jl
鎙,jo
鎚,jz
鎛,jc
鎜,vj
鎝,jk
鎞,jb
鎟,jm
鎡,jy
鎢,jw
鎣,hj
鎤,jw
鎥,rj
鎦,jt
鎧,ja
鎨,ju
鎩,jy
鎪,jy
鎬,jk
鎮,jb
鎯,je
鎰,jm
鎱,jy
鎳,jm
鎴,jx
鎵,ju
鎶,jk
鎷,jm
鎸,jn
鎿,ju
鏁,jg
鏂,jk
鏃,ju
鏄,jc
鏅,jo
鏆,jb
鏇,jr
鏈,jz
鏉,jr
鏊,fj
鏋,jr
鏌,jd
鏎,jl
鏏,je
鏐,jp
鏑,jk
鏒,jp
鏓,jx
鏔,jb
鏕,jb
鏖,gj
鏗,jt
鏘,jc
鏙,jf
鏚,jx
鏜,jt
鏝,jy
鏞,jl
鏟,ju
鏡,je
鏢,jx
鏣,jh
鏤,jn
鏦,jr
鏧,uj
鏨,ij
鏩,jj
鏪,jo
鏫,jm
鏭,jx
鏮,jn
鏰,jo
鏳,jo
鏴,jk
鏵,jl
鏶,jm
鏷,jn
鏸,jx
鏹,ji
鏺,jy
鏻,jl
鏼,jn
鏽,jl
鏾,jw
鏿,jm
鐀,jb
鐁,jj
鐃,jw
鐄,jb
鐅,dj
鐇,jt
鐈,jk
鐉,jb
鐋,jw
鐌,jn
鐍,jk
鐎,jh
鐏,jc
鐐,jx
鐑,jk
鐒,jl
鐓,jw
鐔,ju
鐕,jo
鐖,jd
鐘,jl
鐙,ja
鐚,jx
鐜,wj
鐝,jr
鐟,jo
鐠,jo
鐥,jk
鐦,jk
鐧,jo
鐨,jb
鐩,jz
鐪,jl
鐫,jv
鐬,jp
鐭,jd
鐮,jn
鐯,jo
鐰,jm
鐱,jr
鐲,ji
鐳,jt
鐴,ju
鐵,jw
鐶,jy
鐸,jg
鐹,jz
鐺,jt
鐻,ju
鐼,jb
鐽,jz
鐾,uj
鐿,jx
鑀,jw
鑂,jh
鑃,jf
鑄,jc
鑅,jm
鑆,jc
鑇,ja
鑈,jx
鑉,jm
鑊,jy
鑋,ij
鑌,jb
鑍,oj
鑏,jd
鑐,je
鑑,jm
鑒,ij
鑔,jx
鑕,jb
鑖,ju
鑗,ju
鑘,jt
鑙,jo
鑛,jb
鑜,jb
鑝,jz
鑞,jv
鑟,jb
鑠,jm
鑡,jk
鑢,jx
鑣,jh
鑤,ju
鑥,jo
鑨,js
鑩,jk
鑪,jm
鑫,jj
鑭,jj
鑮,jc
鑯,jj
鑰,jc
鑱,jd
鑲,jy
鑴,jk
鑵,jf
鑶,ji
鑷,je
鑸,jt
鑹,jv
鑺,jf
鑼,jf
鑽,jb
鑾,yj
鑿,yj
钀,jq
钁,jy
钂,jh
钃,ji
钆,jv
钇,jv
针,ju
钉,jd
钊,jd
钋,jb
钌,jl
钍,jt
钎,jq
钏,ji
钐,jp
钒,jf
钓,ju
钔,jm
钕,jn
钖,jp
钗,ji
钘,jk
钙,jg
钚,jb
钛,jt
钜,jj
钝,jt
钞,ju
钟,jv
钠,jn
钡,jr
钢,jx
钣,jy
钤,jv
钥,jo
钦,jr
钧,jd
钨,jw
钩,js
钪,jj
钫,jf
钬,jh
钭,ju
钮,ji
钯,jb
钰,jy
钱,jj
钲,jv
钳,jg
钴,jk
钵,jb
钷,jk
钹,jd
钺,jv
钻,jk
钼,jo
钽,ja
钾,jj
钿,jt
铀,jy
铁,ju
铂,jb
铃,js
铄,jl
铅,jk
铆,je
铈,jj
铉,jy
铊,jb
铋,jb
铌,jb
铍,jy
铎,jl
铏,jd
铐,jv
铑,jb
铒,je
铓,jw
铕,jo
铖,ji
铗,jj
铘,je
铙,jw
铚,jt
铛,je
铜,jk
铝,jk
铞,jj
铟,jd
铠,jj
铡,jd
铢,jv
铣,je
铤,jz
铥,js
铦,jk
铧,ju
铨,jw
铩,jm
铪,jk
铫,jd
铬,jk
铭,jk
铮,jl
铯,jb
铰,jx
铱,jy
铲,ji
铳,je
铴,jp
铵,jn
银,jg
铷,jk
铸,jc
铹,jl
铺,jf
铻,jk
铼,jl
铽,jx
链,jz
铿,jt
销,jo
锁,jr
锂,jl
锃,jw
锄,jl
锅,jn
锆,jk
锇,jw
锈,jn
锉,jt
锊,jc
锋,jf
锌,ju
锍,jv
锎,jk
锏,jo
锐,je
锑,jp
锒,jl
锓,jy
锔,jk
锕,jk
锖,jo
锗,jo
锘,jk
错,jo
锚,jt
锛,jc
锜,jk
锝,jc
锞,jg
锟,jb
锡,jw
锢,jk
锣,jx
锤,ji
锥,jf
锦,jj
锧,jr
锨,jr
锩,jv
锪,jx
锫,jk
锬,jh
锭,jr
键,jz
锯,jk
锰,jm
锱,jt
锲,jd
锳,jy
锴,jb
锵,jc
锶,jx
锷,jk
锸,jj
锹,jh
锺,jv
锻,jy
锼,jy
锽,jw
锾,jy
锿,jy
镀,jy
镁,jd
镂,jn
镃,jy
镄,jr
镅,jo
镆,jd
镇,jb
镈,jc
镉,jl
镊,jy
镋,je
镌,jn
镍,jm
镎,ju
镏,jt
镐,jk
镑,jf
镒,jm
镓,ju
镔,jb
镕,jk
镖,jx
镗,jt
镘,jy
镚,jo
镛,jl
镜,je
镝,jk
镞,ju
镠,jp
镡,ju
镢,jr
镣,jx
镤,jn
镥,jo
镦,jw
镧,jj
镨,jo
镩,ji
镪,ji
镫,ja
镬,jy
镭,jt
镮,jy
镯,ji
镰,jn
镱,jx
镲,jx
镳,jh
镴,jv
镵,jd
镶,jy
長,an
镺,ay
镻,au
镽,ax
长,pn
門,la
閁,mp
閂,ma
閃,mr
閄,mr
閆,ms
閈,mg
閉,mc
開,mk
閌,mj
閍,mf
閎,ms
閏,mw
閐,mm
閑,mm
閒,mo
間,mo
閔,mw
閕,my
閘,mj
閚,ml
閛,mp
閜,mk
閝,ms
閞,mc
閟,mb
閡,mr
閣,mk
閤,mk
閥,mg
閦,mr
閧,mb
閨,mt
閩,mi
閫,mm
閬,ml
閭,mk
閮,mz
閯,mu
閰,mj
閲,me
閵,mf
閶,mo
閷,xr
閸,my
閹,md
閻,mj
閼,md
閽,mo
閾,ma
閿,my
闁,mm
闂,mv
闃,mq
闄,mn
闆,mk
闇,mo
闈,ml
闉,mt
闊,mk
闋,mt
闌,mj
闍,mo
闐,mb
闑,mm
闒,mx
闓,ma
闔,mm
闕,mr
闖,mm
闙,"mk,mw"
闚,me
闛,mt
關,ma
闝,mw
闞,mw
闟,mx
闠,mb
闡,ml
闢,mu
闣,mt
闤,my
闥,mz
闦,ma
门,dv
闩,ma
闪,mr
闫,ms
闬,mg
闭,mc
问,mk
闯,mm
闰,mw
闱,mw
闲,mm
闳,ms
间,mo
闵,mw
闶,mj
闷,mx
闸,mj
闹,mj
闺,mt
闻,me
闼,mz
闽,mi
闾,mk
闿,mj
阀,mg
阁,mk
阂,mr
阃,mm
阄,mv
阅,me
阆,ml
阇,mo
阈,ma
阉,md
阊,mo
阋,me
阌,my
阍,mo
阎,mj
阏,md
阐,ml
阑,mj
阒,mq
阔,mk
阕,mt
阖,mm
阗,mb
阘,mx
阙,mr
阚,mw
阛,my
阜,pu
阞,el
队,er
阠,eu
阡,eq
阢,ew
阣,eq
阤,ey
阧,eu
阨,ev
阩,eu
阪,ey
阫,eb
阬,ej
阭,ee
阮,ee
阯,ev
阰,eb
阱,ej
防,ef
阳,eo
阴,eo
阵,ei
阶,el
阷,ev
阸,ev
阹,es
阺,ed
阻,eq
阼,ev
阽,ek
阾,es
阿,ek
陀,eb
陁,ey
陂,ey
陃,eb
附,ec
际,ex
陆,ej
陇,el
陈,ed
陉,eg
陊,ex
陋,ev
陌,eb
降,el
陎,ev
陏,eo
限,eg
陑,ee
陒,ev
陓,ek
陔,er
陕,ej
陖,ew
陗,eo
陘,eg
陙,en
陚,ev
陛,et
陜,ej
陝,er
陞,et
陟,ep
陠,ef
陡,er
院,ee
陣,ei
除,eh
陧,et
陨,er
险,ea
陪,ek
陫,ef
陬,ey
陭,ek
陮,ef
陯,ec
陰,es
陱,em
陲,ei
陳,ed
陴,eu
陵,ew
陶,ef
陷,ej
陸,et
陹,eo
陻,et
陼,eo
陽,ew
陾,ed
陿,ej
隀,ev
隁,en
隃,ed
隄,er
隅,ey
隆,eu
隇,en
隈,en
隉,eg
隊,eu
隋,eo
隌,eo
隍,ew
階,eb
随,ez
隐,ex
隑,ea
隒,en
隓,eg
隔,el
隕,eb
隖,ew
隗,eg
隘,em
隙,ex
隚,et
際,ex
障,eu
隞,ew
隢,ew
隣,el
隤,eb
隥,ea
隦,eu
隧,ez
隨,ez
隩,ed
險,er
隫,eb
隬,ex
隮,ea
隰,eh
隱,ex
隳,ex
隴,es
隵,eg
隶,vn
隸,mn
隹,rf
隺,df
隻,ry
隼,ru
隽,rn
难,yf
隿,yf
雀,uf
雁,if
雂,rf
雃,kf
雄,uf
雅,yf
集,rm
雇,hf
雉,uf
雊,bf
雋,rv
雌,vf
雍,wf
雎,qf
雏,df
雐,hf
雒,wf
雓,rf
雔,rf
雕,kf
雖,kf
雗,uf
雘,dy
雙,ry
雚,cf
雛,bf
雜,wf
雠,rf
雡,xf
離,wf
難,nf
雥,rf
雨,ad
雩,yk
雪,ye
雫,yx
雬,ym
雭,yj
雮,ym
雯,yw
雰,yd
雱,yf
雲,es
雳,yl
雴,yl
雵,yy
零,ys
雷,yt
雸,yg
雹,ys
雺,yp
電,"yd,yv"
雼,yu
雽,yh
雾,yl
雿,yd
需,ye
霁,yl
霂,ym
霃,yv
霄,yo
霅,yk
霆,yz
震,yn
霈,yl
霉,ym
霋,yn
霌,yk
霍,yf
霎,yn
霏,yf
霐,ys
霑,yk
霓,ye
霔,yv
霕,yt
霖,ym
霘,yk
霙,yy
霜,yo
霝,yk
霞,yy
霟,yb
霡,yy
霢,yn
霣,eb
霤,yt
霥,"yn,yu"
霦,yp
霧,yl
霨,yc
霩,ye
霪,yr
霫,yb
霬,yb
霭,yv
霮,yv
霯,ya
霰,yw
霱,yk
露,yk
霳,yu
霵,ya
霶,yf
霷,yw
霸,yo
霹,yu
霺,yw
霼,ym
霽,ya
霾,yl
霿,yo
靀,"yn,yu"
靂,yv
靃,yf
靄,yv
靅,yb
靆,yz
靇,ys
靈,yr
靉,yw
靊,ya
靋,yv
靐,yt
青,fo
靓,fe
靕,vo
靖,lo
靗,fw
靘,fb
静,fl
靚,fe
靛,fr
非,la
靠,nf
靡,gf
面,aa
靤,ms
靥,im
靦,me
靧,mb
靨,im
革,nl
靪,gd
靫,gi
靬,gg
靮,gu
靯,gt
靰,gw
靲,gv
靳,gj
靴,gb
靶,gb
靷,gl
靸,gj
靹,gn
靺,gm
靻,gq
靼,ga
靽,gb
靾,gu
靿,gl
鞁,gy
鞃,gs
鞄,gs
鞅,gy
鞇,gd
鞈,gk
鞊,gk
鞋,gt
鞍,gn
鞎,gg
鞏,gg
鞑,gz
鞒,gl
鞓,"gw,gt,gr"
鞔,gv
鞕,gg
鞖,gn
鞘,go
鞙,go
鞚,gg
鞜,go
鞝,gk
鞞,gu
鞟,gz
鞠,gm
鞡,gl
鞢,gm
鞣,gm
鞤,tg
鞥,gc
鞦,gh
鞧,gy
鞨,gv
鞪,sg
鞫,gk
鞬,gz
鞭,gg
鞮,gr
鞯,gz
鞲,"gr,gz"
鞳,gk
鞴,gy
鞵,gd
鞶,vg
鞷,ag
鞸,gl
鞺,gt
鞻,gn
鞼,gb
鞽,gk
鞿,gd
韂,gk
韃,gz
韄,gy
韅,gh
韆,gz
韇,gb
韉,gh
韊,gj
韋,vl
韌,vr
韍,vd
韎,vm
韏,jl
韐,vk
韒,vo
韓,ul
韔,vi
韕,vz
韖,vm
韗,vi
韘,vm
韙,ol
韚,vg
韛,vy
韜,vj
韝,"vr,vz"
韞,vm
韠,vl
韡,vl
韢,vx
韣,vi
韤,vu
韥,vb
韦,al
韧,wr
韨,wd
韩,uw
韪,ow
韫,wm
韬,wj
韭,fa
韰,lj
韱,rj
音,lo
韴,lj
韵,ld
韶,lk
韷,li
韸,lf
韹,lw
韺,ly
韻,lb
韽,ro
韾,uo
響,xo
頀,ly
頁,ab
頂,db
頃,bb
頄,jb
項,gb
順,ib
頇,gb
須,pb
頊,wb
頋,ib
頌,bb
頍,ub
頎,jb
頏,wb
預,sb
頑,eb
頒,bb
頓,tb
頔,yb
頕,lb
頖,bb
頗,vb
領,rb
頙,vb
頛,lb
頜,rb
頝,wb
頞,bb
頟,wb
頠,db
頡,ub
頢,qb
頣,ib
頤,kb
頦,wb
頧,pb
頨,xb
頩,bb
頪,mb
頫,eb
頭,ab
頮,ub
頯,pb
頰,jb
頱,pb
頲,"zb,rb"
頴,bb
頵,yb
頶,nb
頷,rb
頸,ab
頻,vb
頽,hb
頿,pb
顀,rb
顁,bb
顂,lb
顃,hb
顄,lb
顅,hb
顆,gb
顇,wb
顈,bb
題,ob
額,bb
顎,kb
顐,bb
顑,xb
顒,yb
顓,eb
顔,ib
顗,eb
願,ib
顙,yb
顛,ub
顜,ab
顝,gb
類,mb
顟,xb
顠,xb
顡,"wb,lb"
顢,nb
顣,wb
顤,tb
顥,ob
顦,rb
顧,hb
顨,al
顩,rb
顪,vb
顫,wb
顬,yb
顭,cb
顮,bb
顯,ob
顰,vu
顱,hb
顲,hb
顳,eb
顴,cb
页,ar
顶,dr
顷,br
顸,gr
项,gr
顺,ir
须,pr
顼,wr
顽,er
顾,ir
顿,tr
颀,jr
颁,br
颂,br
颃,wr
预,sr
颅,lr
领,rr
颇,vr
颈,vr
颉,ur
颊,jr
颋,"rr,zr"
颌,rr
颍,br
颎,br
颏,wr
颐,kr
频,vr
颓,hr
颔,rr
颖,br
颗,gr
题,or
颙,yr
颚,kr
颛,er
颜,ir
额,br
颞,er
颟,cr
颠,ur
颡,yr
颢,or
颣,mr
颤,wr
颥,yr
颦,vu
颧,cr
風,ji
颩,jp
颬,jy
颭,jk
颮,js
颯,li
颰,jd
颱,jk
颲,jd
颳,jk
颴,jr
颵,jo
颶,jb
颷,jh
颸,jx
颹,jl
颺,jw
颻,pi
颼,jy
颽,ei
颾,ji
颿,mi
飀,jt
飁,xi
飂,jp
飃,jx
飄,xi
飆,qi
飉,jx
飋,jb
飍,ji
风,jx
飏,jp
飐,jk
飑,js
飒,lx
飓,jb
飔,jx
飕,jy
飖,px
飗,jt
飘,xx
飙,qx
飛,vl
飝,vl
飞,vd
食,rl
飡,dl
飢,rj
飣,rd
飥,rq
飦,rg
飧,xl
飨,xl
飩,rt
飪,rr
飫,ry
飬,jl
飭,rl
飯,ry
飱,dl
飲,rr
飳,rv
飴,rk
飵,rv
飶,rb
飷,rq
飹,re
飺,vl
飼,rk
飽,rs
飾,rj
飿,ri
餀,rx
餂,rk
餃,rx
餄,rk
餅,rk
餆,rd
餇,rk
餈,dl
餉,rk
養,yl
餋,jl
餌,re
餍,il
餎,rk
餏,ry
餐,ll
餑,rz
餒,rn
餓,rw
餔,rf
餕,rw
餖,ra
餗,ru
餘,rh
餙,rj
餚,ro
餛,rb
餜,rg
餞,rg
餟,ry
餡,rj
餢,rk
餣,rd
餤,rh
餥,fl
餦,ri
餧,rn
館,rk
餩,rr
餪,rd
餫,ri
餬,ro
餭,rw
餮,dl
餯,ru
餰,ri
餱,ru
餲,rv
餳,rw
餵,rn
餶,rg
餷,ra
餸,rz
餹,rk
餺,rc
餻,rh
餼,rm
餽,rg
餾,rt
餿,ry
饀,rj
饁,rm
饃,rd
饅,ry
饆,rl
饇,rk
饈,ri
饉,ra
饊,rw
饋,rb
饌,rb
饎,rk
饏,vl
饐,ra
饑,rd
饒,rw
饔,wl
饕,kl
饖,rp
饗,xl
饘,ra
饙,rb
饛,"rn,ru"
饜,il
饞,rd
饠,rf
饡,rb
饢,ry
饤,ud
饥,uj
饦,uq
饧,up
饨,ut
饩,uq
饪,ur
饫,uy
饬,ul
饭,uy
饮,ur
饯,uj
饰,uj
饱,us
饲,uk
饳,ui
饴,uk
饵,ue
饶,uw
饷,uk
饸,uk
饹,uk
饺,ux
饻,uy
饼,uk
饽,uz
饾,ua
饿,uw
馀,uh
馁,un
馂,uw
馃,ug
馄,ub
馅,uj
馆,uk
馇,ua
馈,ur
馉,ug
馊,uy
馋,ud
馌,um
馍,ud
馎,uc
馏,ut
馐,ui
馑,ua
馒,uy
馓,uw
馔,ub
馕,uy
首,bz
馗,jz
馘,ba
香,ho
馚,hd
馛,hd
馜,hb
馝,hb
馞,hz
馟,hz
馠,hk
馡,hf
馢,hg
馣,hd
馤,hv
馥,hw
馦,hn
馧,hm
馨,uo
馩,hb
馪,hb
馫,ho
馬,am
馭,my
馮,dm
馯,mg
馰,mu
馱,md
馲,mq
馳,my
馴,mi
馵,mc
馶,my
馷,ml
馸,mj
馹,mo
馺,mj
馻,me
馼,mw
馽,mv
馾,mv
駀,my
駁,mx
駂,bm
駃,mg
駉,mk
駊,my
駋,mk
駌,xm
駍,mp
駎,my
駏,mj
駐,mv
駑,nm
駒,mk
駓,mp
駔,mq
駕,lm
駖,ms
駗,mp
駘,mk
駙,mc
駚,my
駛,mu
駜,mb
駝,mb
駞,my
駟,me
駡,km
駢,mk
駣,md
駤,mt
駥,mu
駧,mk
駨,mo
駩,mw
駪,me
駫,mw
駬,me
駭,mr
駮,mx
駯,mv
駰,md
駱,mk
駳,mz
駶,mk
駷,mu
駸,my
駹,md
駺,ml
駻,mg
駼,mh
駽,mo
駾,me
駿,mw
騀,mw
騁,mv
騂,mu
騃,mu
騄,mu
騅,mf
騆,mk
騇,mk
騉,mb
騊,mf
騋,ml
騍,mg
騎,mk
騏,mb
騑,mf
騔,mv
騕,mn
騖,sm
騙,mc
騚,md
騛,ml
騜,mw
騝,mz
騞,mu
騟,md
騠,mr
騢,my
騣,mw
騤,mt
騥,mm
騦,mx
騧,mk
騩,mg
騪,my
騫,bm
騬,mn
騭,em
騮,mt
騯,mf
騰,om
騱,md
騲,mu
騳,mm
騴,mn
騵,mx
騶,mp
騷,mi
騸,mx
騺,tm
騼,mb
騽,mb
騾,mx
騿,mu
驀,cm
驁,fm
驂,mp
驃,mx
驄,mx
驅,mk
驆,ml
驈,mk
驉,my
驊,ml
驋,my
驌,ml
驍,mw
驎,ml
驏,mz
驐,mw
驒,ml
驓,mo
驔,mu
驕,mk
驖,mw
驗,mr
驙,ma
驚,cm
驛,mg
驜,mn
驞,mb
驟,"mn,mr"
驠,mh
驡,lm
驢,mm
驤,my
驥,mb
驦,mo
驧,mm
驨,mk
驩,mf
驪,mb
驫,mm
马,va
驭,my
驮,md
驯,mi
驰,my
驱,mx
驲,mo
驳,mx
驴,mh
驵,mq
驶,mu
驷,me
驸,mc
驹,mk
驺,me
驻,mv
驼,mb
驽,nm
驾,lm
驿,ml
骀,mk
骁,mw
骂,km
骃,md
骄,ml
骅,mu
骆,mk
骇,mr
骈,mk
骉,mm
骊,ml
骋,mv
验,ma
骍,mu
骎,my
骏,mw
骐,mb
骑,mk
骒,mg
骓,mf
骕,ms
骖,mp
骗,mc
骘,em
骙,mt
骚,mi
骛,sm
骜,fm
骝,mt
骞,bm
骟,mx
骠,mx
骡,mx
骢,mx
骣,mz
骤,mn
骥,mb
骦,mo
骧,my
骨,lo
骫,gw
骭,gg
骮,gy
骯,gj
骰,gy
骱,gl
骲,gs
骳,gy
骴,gb
骶,gd
骷,gk
骸,gr
骹,gx
骺,gk
骻,gk
骼,gk
骽,gn
骾,gg
骿,gk
髀,gu
髁,gg
髂,gk
髃,gy
髅,gn
髆,gc
髇,gk
髈,gf
髉,gf
髊,gg
髋,ge
髌,gb
髍,gm
髎,gp
髏,gn
髐,gw
髑,gi
髒,gc
髓,gz
體,ga
髕,gb
髖,gd
高,wk
髚,wj
髛,wj
髜,wu
髝,wl
髞,wm
髟,ap
髡,aw
髢,ay
髣,af
髤,am
髦,am
髧,av
髫,ak
髬,ap
髭,ab
髮,ad
髯,ar
髰,au
髱,as
髲,ay
髳,ap
髴,af
髵,ae
髶,ae
髷,aq
髸,ab
髹,am
髺,ak
髻,ak
髼,af
髽,at
髾,ao
髿,au
鬀,ap
鬁,ad
鬃,ax
鬄,aw
鬅,ao
鬆,as
鬇,al
鬈,av
鬉,aw
鬊,ao
鬋,ad
鬌,ao
鬍,ao
鬎,ad
鬏,ah
鬐,ao
鬑,an
鬒,ab
鬓,ab
鬔,az
鬕,ad
鬖,ap
鬗,ar
鬘,ay
鬙,ao
鬚,ab
鬜,ao
鬞,an
鬟,ay
鬠,ao
鬡,ad
鬢,ab
鬣,av
鬤,ay
鬥,ll
鬧,lj
鬨,lb
鬩,le
鬫,lw
鬭,lj
鬮,lx
鬯,xb
鬱,mp
鬲,al
鬳,hl
鬴,af
鬵,al
鬶,fl
鬷,aw
鬸,at
鬹,fl
鬺,aw
鬻,gl
鬼,ps
鬾,gy
鬿,gj
魀,gl
魁,gu
魂,eg
魃,gd
魄,bg
魅,gw
魆,gv
魇,ig
魈,go
魉,gl
魋,gf
魍,gw
魎,gr
魏,hg
魐,gn
魑,gd
魒,gx
魓,gl
魔,gg
魖,gy
魗,ug
魘,ig
魙,dg
魚,dh
魛,ad
魜,ar
魝,ad
魟,ag
魠,aq
魡,au
魢,aj
魣,al
魤,ab
魥,aj
魦,au
魧,aj
魨,at
魩,aw
魪,al
魫,av
魬,ay
魭,ae
魮,ab
魯,ao
魰,aw
魱,ah
魳,aj
魴,af
魵,ad
魶,an
魷,ay
魺,ak
魻,aj
魼,as
魽,ag
魾,ap
魿,as
鮀,ab
鮁,ad
鮂,ar
鮃,ap
鮄,af
鮅,ab
鮆,va
鮇,aw
鮈,ak
鮊,ab
鮋,ay
鮍,ay
鮎,ak
鮏,au
鮐,ak
鮑,as
鮒,ac
鮓,av
鮔,aj
鮕,ak
鮗,ad
鮚,ak
鮛,ax
鮜,ak
鮝,ja
鮞,ae
鮟,an
鮠,av
鮡,ad
鮢,av
鮣,ae
鮤,da
鮥,ak
鮦,ak
鮧,ay
鮨,ao
鮩,ak
鮪,ao
鮫,ax
鮬,ak
鮭,at
鮮,ay
鮯,ak
鮰,ak
鮳,av
鮵,ae
鮶,ak
鮷,ap
鮸,av
鮹,ao
鮺,ya
鮻,aw
鮼,ay
鮽,ah
鮾,an
鮿,av
鯀,ax
鯁,ag
鯄,aq
鯅,az
鯆,af
鯇,ae
鯈,ra
鯉,al
鯊,da
鯌,ak
鯒,ay
鯔,at
鯕,ab
鯖,ao
鯗,ya
鯙,az
鯚,az
鯛,ak
鯜,an
鯝,ak
鯞,aj
鯟,ad
鯠,al
鯡,af
鯢,ae
鯣,aw
鯤,ab
鯥,at
鯦,ak
鯧,ao
鯨,ax
鯩,ac
鯪,aw
鯫,ay
鯬,ha
鯭,am
鯮,ax
鯰,ax
鯴,ai
鯷,ar
鯸,au
鯻,ad
鯼,aw
鯽,ae
鯾,ag
鯿,ac
鰁,au
鰂,ad
鰃,an
鰄,an
鰅,ay
鰆,ao
鰇,am
鰈,am
鰉,aw
鰊,aj
鰋,an
鰌,ay
鰍,ah
鰎,az
鰏,at
鰐,ak
鰑,aw
鰒,aw
鰓,ax
鰔,ak
鰕,ay
鰖,ao
鰗,ao
鰙,ak
鰛,am
鰜,an
鰝,ak
鰞,aw
鰟,af
鰠,ai
鰡,at
鰢,am
鰣,ac
鰤,aj
鰥,ad
鰦,ay
鰧,oa
鰨,ax
鰩,af
鰪,am
鰫,ak
鰬,aw
鰭,ao
鰯,ad
鰱,az
鰲,fa
鰳,al
鰴,iw
鰵,pa
鰶,ax
鰷,am
鰸,ak
鰹,at
鰺,ap
鰻,ay
鰼,ab
鰽,ao
鰾,ax
鰿,ab
鱀,ga
鱁,az
鱂,ac
鱃,ai
鱄,ac
鱅,al
鱆,au
鱇,an
鱈,ae
鱉,da
鱊,ak
鱋,ay
鱌,an
鱍,ay
鱎,ak
鱏,au
鱐,al
鱒,ac
鱓,al
鱔,ak
鱕,at
鱖,ar
鱗,al
鱘,ac
鱙,aw
鱚,ak
鱝,ab
鱞,ay
鱟,pa
鱠,ao
鱢,am
鱣,aa
鱤,ax
鱥,ap
鱦,ae
鱧,aa
鱨,ao
鱬,ae
鱭,aa
鱮,ab
鱯,ay
鱱,ay
鱲,av
鱳,am
鱴,au
鱵,ak
鱸,am
鱹,af
鱺,ab
鱻,aa
鱼,da
鱽,ad
鱾,aj
鱿,ay
鲀,at
鲁,ao
鲂,af
鲃,ab
鲅,ad
鲆,ap
鲇,ak
鲈,au
鲉,ay
鲊,av
鲋,ac
鲌,ab
鲍,as
鲎,xa
鲏,ay
鲐,ak
鲑,at
鲒,ak
鲔,ao
鲕,ae
鲖,ak
鲗,ad
鲘,ak
鲙,as
鲚,al
鲛,ax
鲜,ay
鲝,ya
鲞,ja
鲟,ac
鲠,ag
鲡,al
鲢,az
鲣,at
鲤,al
鲥,ac
鲦,am
鲧,ax
鲨,da
鲩,ae
鲪,ak
鲫,ae
鲬,ay
鲭,ao
鲮,aw
鲯,ab
鲰,ay
鲱,af
鲲,ab
鲳,ao
鲴,ak
鲵,ae
鲶,ax
鲷,ak
鲸,ax
鲹,ap
鲺,ai
鲻,at
鲼,ar
鲽,am
鲾,at
鲿,as
鳀,ar
鳁,am
鳂,an
鳃,ax
鳄,ak
鳅,ah
鳆,aw
鳇,aw
鳈,au
鳉,ac
鳊,ac
鳌,fa
鳍,ao
鳎,ax
鳏,ad
鳐,af
鳑,af
鳒,an
鳓,al
鳔,ax
鳕,ae
鳖,da
鳗,ay
鳘,pa
鳙,al
鳚,ac
鳛,ab
鳜,ar
鳝,ak
鳞,al
鳟,ac
鳠,ay
鳡,ax
鳢,aa
鳣,aa
鳤,ak
鳥,ph
鳦,nv
鳨,nl
鳩,jn
鳪,bn
鳫,in
鳬,pj
鳭,dn
鳱,gn
鳲,un
鳳,jn
鳴,kn
鳶,yn
鳷,un
鳸,hn
鳹,rn
鳺,fn
鳻,bn
鳼,wn
鳽,kn
鳾,an
鳿,wn
鴀,bn
鴁,yn
鴂,gn
鴄,kn
鴅,dn
鴆,dn
鴇,bn
鴈,in
鴉,yn
鴊,vn
鴋,fn
鴏,ny
鴐,ln
鴑,nn
鴒,rn
鴓,bn
鴔,fn
鴕,nb
鴖,mn
鴗,ln
鴘,sn
鴙,un
鴚,nk
鴛,xn
鴜,vn
鴝,bn
鴞,kn
鴟,dn
鴠,on
鴡,qn
鴢,yn
鴣,un
鴤,nd
鴥,nb
鴦,yn
鴨,jn
鴩,un
鴭,pn
鴮,dn
鴯,en
鴰,qn
鴱,cn
鴲,bn
鴳,bn
鴴,in
鴵,en
鴶,un
鴷,dn
鴸,vn
鴹,yn
鴺,yn
鴻,dn
鴽,nn
鴾,sn
鴿,rn
鵀,rn
鵁,wn
鵂,rn
鵃,vn
鵅,wn
鵊,jn
鵋,jn
鵌,nh
鵍,bn
鵎,pn
鵏,fn
鵐,gn
鵑,kn
鵒,bn
鵓,un
鵔,nw
鵖,"gn,bn"
鵗,xn
鵘,yn
鵙,on
鵚,hn
鵛,an
鵜,bn
鵝,wn
鵟,qn
鵠,nn
鵡,an
鵢,un
鵣,un
鵦,nu
鵧,bn
鵩,on
鵪,dn
鵫,ln
鵬,on
鵭,jn
鵮,dn
鵯,pn
鵰,kn
鵱,tn
鵲,cn
鵳,hn
鵴,bn
鵵,dn
鵶,yn
鵷,bn
鵸,dn
鵹,hn
鵺,wn
鵻,nf
鵼,bn
鵽,yn
鵾,on
鵿,nu
鶁,wn
鶂,jn
鶄,fn
鶅,vn
鶆,ln
鶇,dn
鶈,an
鶉,wn
鶊,gn
鶋,un
鶌,un
鶐,"zn,un"
鶒,un
鶓,cn
鶔,sn
鶖,hn
鶗,on
鶘,un
鶚,kn
鶛,bn
鶜,cn
鶝,an
鶞,pn
鶟,bn
鶠,kn
鶡,on
鶢,pn
鶣,hn
鶤,bn
鶥,vn
鶦,un
鶧,cn
鶨,vn
鶩,sn
鶪,on
鶬,rn
鶭,yn
鶮,wn
鶯,hn
鶰,kn
鶱,bn
鶲,bn
鶳,nj
鶴,dn
鶶,gn
鶷,bn
鶸,gn
鶹,pn
鶺,dn
鶻,gn
鶼,bn
鶽,rn
鶾,un
鶿,bn
鷀,bn
鷁,bn
鷂,pn
鷃,on
鷄,pn
鷅,xn
鷇,uy
鷈,nj
鷉,pn
鷊,an
鷋,cn
鷌,nm
鷏,un
鷐,on
鷑,vn
鷒,an
鷓,gn
鷔,fn
鷕,kn
鷖,kn
鷗,kn
鷘,un
鷙,tn
鷚,xn
鷛,gn
鷜,ln
鷝,ln
鷞,dn
鷟,fn
鷠,an
鷡,pn
鷢,in
鷣,xn
鷤,kn
鷥,yn
鷦,rn
鷧,un
鷨,cn
鷩,dn
鷫,vn
鷬,"cn,nn"
鷭,pn
鷮,yn
鷯,dn
鷱,zn
鷲,wn
鷳,mn
鷴,mn
鷵,un
鷶,sn
鷷,bn
鷸,sn
鷹,gn
鷺,zn
鷻,nw
鷽,pn
鷾,ln
鷿,un
鸀,sn
鸁,wf
鸂,dn
鸃,nw
鸄,bn
鸅,sn
鸆,hn
鸇,wn
鸈,yn
鸉,mn
鸊,un
鸋,bn
鸌,ny
鸍,an
鸏,cn
鸐,xn
鸑,qn
鸒,pn
鸓,tn
鸕,hn
鸗,ln
鸘,yn
鸙,rn
鸚,on
鸛,cn
鸝,an
鸞,yn
鸟,"pa,wd"
鸠,jn
鸡,yn
鸢,yn
鸣,kn
鸤,un
鸥,kn
鸦,yn
鸧,rn
鸨,bn
鸩,dn
鸪,un
鸫,dn
鸬,ln
鸭,jn
鸮,kn
鸯,yn
鸰,rn
鸱,dn
鸲,bn
鸳,xn
鸵,nb
鸶,sn
鸷,fn
鸸,en
鸹,qn
鸺,rn
鸻,in
鸼,vn
鸽,rn
鸾,wn
鸿,dn
鹀,gn
鹁,un
鹂,ln
鹃,kn
鹄,nn
鹅,wn
鹆,bn
鹇,mn
鹈,bn
鹉,an
鹊,cn
鹋,cn
鹌,dn
鹍,on
鹎,pn
鹏,on
鹐,dn
鹑,wn
鹒,gn
鹓,bn
鹔,sn
鹕,un
鹖,on
鹗,kn
鹘,gn
鹙,hn
鹚,bn
鹛,vn
鹜,sn
鹝,an
鹞,pn
鹟,bn
鹠,pn
鹡,dn
鹢,bn
鹣,bn
鹤,dn
鹥,kn
鹦,kn
鹧,gn
鹨,xn
鹩,dn
鹪,rn
鹫,wn
鹬,sn
鹭,zn
鹮,sn
鹯,wn
鹰,gn
鹱,ny
鹲,cn
鹳,cn
鹴,yn
鹵,ld
鹶,lv
鹷,ls
鹹,lk
鹺,lg
鹼,lr
鹽,im
鹾,lg
鹿,gb
麀,gb
麂,gj
麃,gh
麄,bb
麅,gs
麆,gq
麇,gh
麈,gv
麉,"gb,kb"
麋,gm
麌,gt
麍,gv
麎,gn
麏,gk
麑,ge
麒,gb
麓,mb
麔,gk
麖,gx
麗,ab
麙,gk
麚,gy
麛,ge
麜,gm
麝,gc
麟,gl
麡,ga
麣,gw
麤,gb
麥,lw
麦,fw
麧,lq
麨,lu
麩,lf
麭,ls
麮,ls
麯,lq
麰,ln
麲,le
麳,ll
麴,lm
麵,lm
麷,la
麸,ff
麹,fm
麻,gm
麽,gm
麾,gm
黀,gy
黁,go
黂,gb
黃,nb
黄,cb
黅,"cv,nv"
黆,"cv,nv"
黇,"ck,nk"
黈,"cv,nv"
黉,xb
黊,"ct,nt"
黋,xb
黌,pb
黍,hu
黎,hu
黏,hk
黐,hd
黑,lh
黓,hy
黔,hv
黕,hv
黖,hv
黗,ht
默,hq
黚,hg
黛,rh
黜,hi
黝,hl
點,hk
黟,hx
黠,hk
黡,ih
黢,hw
黣,hm
黤,hd
黥,hx
黦,hv
黧,hh
黨,xh
黩,hd
黪,hp
黫,ht
黬,hk
黭,hc
黮,hv
黯,ho
黰,hb
黱,oh
黲,hp
黳,kh
黴,iw
黵,hk
黶,ih
黷,hb
黸,hm
黹,yd
黺,yd
黻,yd
黼,yf
黽,le
黾,kd
黿,ee
鼀,te
鼁,te
鼂,oe
鼃,te
鼄,ve
鼅,ue
鼆,be
鼇,fe
鼉,ke
鼊,ue
鼋,ed
鼍,kd
鼎,ov
鼏,bv
鼐,nv
鼒,cv
鼓,uy
鼔,uy
鼕,ud
鼖,uy
鼗,ey
鼘,ul
鼙,uu
鼚,ui
鼛,uk
鼜,ui
鼞,ut
鼟,ua
鼠,jv
鼢,jd
鼣,jq
鼤,jw
鼥,jd
鼧,jb
鼨,jd
鼩,jk
鼪,ju
鼫,ju
鼬,jy
鼭,jc
鼮,jz
鼯,jk
鼱,jo
鼲,ji
鼳,jq
鼴,jn
鼵,jq
鼶,jj
鼷,jd
鼸,jn
鼹,jn
鼺,jt
鼻,zl
鼽,zj
鼾,zg
鼿,zw
齁,zk
齂,zn
齃,zv
齆,zb
齇,zq
齈,zn
齉,zy
齊,wa
齋,wx
齌,"wh,wm"
齍,wm
齎,wb
齏,wj
齐,wl
齑,"wl,wj"
齒,vk
齔,vb
齕,vq
齖,vy
齗,vj
齘,vl
齙,vs
齚,vv
齛,vu
齜,vb
齝,vk
齞,vb
齟,vq
齠,vk
齡,vs
齣,vk
齤,jk
齦,vg
齧,fk
齨,vj
齩,vx
齪,vr
齬,vk
齮,vk
齯,ve
齰,vo
齱,vy
齲,vy
齳,vi
齴,vp
齵,vy
齶,vk
齷,vt
齸,vm
齹,yk
齺,vp
齻,vb
齼,vr
齽,vx
齾,hk
齿,vk
龀,vb
龁,vq
龂,vj
龃,vq
龄,vs
龅,vs
龆,vk
龇,vb
龈,vg
龉,vk
龊,vr
龋,vy
龌,vt
龍,ls
龏,lc
龐,gs
龑,lt
龓,us
龔,lb
龕,rs
龖,ls
龗,ys
龘,ls
龙,ul
龚,lb
龛,rl
龜,"px,dx"
龟,dv
龠,rc
龢,rh
龣,ru
龤,rb
龰,lr
鿃,or
鿍,tl
鿎,uz
鿏,jw
鿔,jk
鿫,qd
鿬,ut
鿭,jx
㐁,aa
㐆,pv
㐌,py
㐖,uv
㐤,jb
㐨,sl
㐩,jj
㐲,rd
㐳,rw
㐸,rr
㐺,rr
㐻,rn
㑇,re
㑉,rd
㑊,rd
㑋,rq
㑌,rw
㑍,rl
㑎,re
㑐,rx
㑗,ru
㑙,rv
㑚,re
㑛,ru
㑜,rj
㑞,rc
㑟,rb
㑣,rm
㑥,rw
㑦,rq
㑮,ri
㑯,rb
㑳,rp
㑶,rm
㑸,rk
㑻,re
㑼,rk
㑾,rk
㑿,rg
㒀,rk
㒁,rg
㒂,ro
㒄,rh
㒅,ry
㒇,rh
㒈,rw
㒊,rv
㒍,rx
㒎,rf
㒑,rf
㒓,rz
㒔,ri
㒕,rf
㒙,rj
㒚,rx
㒛,rf
㒜,rb
㒝,ru
㒟,ry
㒠,rj
㒡,rx
㒤,re
㒥,ra
㒦,rt
㒲,ro
㒴,ri
㒸,bu
㒼,nr
㒽,kv
㒾,ky
㒿,kf
㓃,bq
㓄,sv
㓅,dd
㓈,du
㓉,dk
㓊,dk
㓋,db
㓌,dw
㓎,dy
㓏,dk
㓐,dt
㓑,dg
㓓,dg
㓔,dc
㓖,dl
㓘,jy
㓚,gd
㓞,fd
㓟,vd
㓠,ld
㓡,fd
㓢,wd
㓣,rd
㓤,ud
㓦,bd
㓧,rd
㓩,dd
㓭,od
㓱,rd
㓲,hd
㓳,od
㓴,ed
㓶,fd
㓸,vd
㓹,id
㓺,hd
㓼,md
㓽,ed
㓾,ud
㔁,vd
㔂,md
㔃,yd
㔄,xd
㔅,vd
㔆,ad
㔊,wd
㔋,id
㔌,ed
㔍,vd
㔎,"vd,ed"
㔏,ud
㔒,ed
㔓,ql
㔕,ql
㔗,fl
㔙,bl
㔝,al
㔞,ql
㔠,ol
㔡,pl
㔢,yl
㔣,tl
㔤,bl
㔥,sl
㔦,yl
㔨,bo
㔩,bm
㔪,bd
㔮,nb
㔯,kk
㔴,kb
㔵,kb
㔶,kb
㔷,kb
㔸,kj
㔹,ul
㔾,vv
㔿,al
㕂,iv
㕃,ik
㕄,iy
㕅,ij
㕆,ik
㕇,il
㕈,iy
㕉,ik
㕊,if
㕋,ij
㕌,ic
㕎,im
㕐,ih
㕒,iw
㕘,sx
㕙,sd
㕚,di
㕞,uy
㕟,ly
㕢,ly
㕣,bk
㕦,kd
㕧,ku
㕨,kf
㕩,kf
㕪,kv
㕫,kf
㕬,ks
㕭,ky
㕮,kx
㕯,nk
㕰,km
㕱,ky
㕲,km
㕵,kw
㕶,kw
㕷,kb
㕸,kl
㕺,kv
㕽,kr
㖀,ky
㖂,ky
㖃,kk
㖅,kx
㖆,kq
㖇,ke
㖏,kt
㖐,ky
㖑,kc
㖒,kp
㖔,kk
㖕,ku
㖘,kn
㖞,kn
㖟,ky
㖠,kx
㖡,kn
㖢,kb
㖤,kk
㖥,kh
㖦,kd
㖧,ko
㖨,ku
㖩,ky
㖪,ka
㖫,kw
㖭,kx
㖮,kc
㖵,kb
㖶,kt
㖷,kr
㖸,ka
㖹,km
㖺,ko
㖻,km
㖿,ke
㗀,ky
㗂,ko
㗃,ko
㗄,kf
㗅,ko
㗆,kg
㗇,ky
㗉,fk
㗊,kk
㗏,kv
㗑,kf
㗒,ky
㗓,kz
㗔,kw
㗕,"kr,kz"
㗗,ku
㗘,kc
㗙,kp
㗚,km
㗢,kl
㗤,wk
㗥,ke
㗦,ke
㗧,kt
㗨,kk
㗩,kb
㗫,kx
㗬,xx
㗭,kx
㗰,kr
㗱,km
㗲,ka
㗳,kk
㗴,ko
㗵,kr
㗶,ky
㗻,kz
㗼,kn
㗽,xk
㗾,kb
㗿,kk
㘀,km
㘁,kg
㘂,kx
㘄,kf
㘆,kt
㘇,km
㘈,kr
㘉,ke
㘊,kk
㘋,kb
㘌,kd
㘍,kg
㘎,kw
㘐,kx
㘑,kn
㘓,kj
㘔,kb
㘕,km
㘖,kb
㘗,kf
㘙,kw
㘚,kw
㘛,ks
㘝,ky
㘞,kl
㘠,kb
㘢,kw
㘣,ko
㘤,kl
㘦,tl
㘧,tl
㘨,tn
㘩,tb
㘪,tm
㘫,tj
㘰,tu
㘵,tj
㘸,dt
㘿,tt
㙀,tj
㙁,tm
㙂,te
㙃,tb
㙄,tt
㙇,tn
㙈,tj
㙊,ti
㙍,ty
㙎,tn
㙐,te
㙓,tt
㙔,tl
㙗,tn
㙘,tn
㙙,dt
㙚,tn
㙛,tc
㙝,to
㙞,tm
㙟,to
㙠,kt
㙡,tr
㙢,tr
㙣,ti
㙤,th
㙥,ty
㙦,rt
㙩,tx
㙪,ta
㙫,tm
㙮,tk
㙰,dt
㙳,tx
㙴,tk
㙷,th
㙹,tx
㙺,tb
㚀,tg
㚁,tw
㚂,ty
㚃,ua
㚅,wu
㚇,xw
㚊,xr
㚋,xk
㚍,xb
㚒,dr
㚓,dm
㚔,dg
㚕,df
㚖,bd
㚗,dq
㚘,ff
㚙,ld
㚚,dk
㚛,do
㚜,da
㚞,dm
㚠,dh
㚡,dk
㚢,rn
㚤,ny
㚥,ny
㚧,ng
㚨,nu
㚩,na
㚫,nj
㚬,nd
㚭,ny
㚰,np
㚱,nq
㚲,nk
㚴,nj
㚵,nd
㚶,nk
㚹,ne
㚻,tn
㚽,gn
㚾,ne
㚿,ns
㛁,np
㛂,nb
㛃,fn
㛄,ny
㛅,ne
㛆,nm
㛍,nj
㛎,nk
㛏,nq
㛒,na
㛓,nj
㛔,nf
㛕,nb
㛖,nw
㛗,nt
㛘,nz
㛙,nu
㛚,ny
㛜,rn
㛝,nb
㛞,nc
㛥,no
㛦,nm
㛧,nu
㛨,nq
㛩,no
㛪,nd
㛫,nw
㛬,nt
㛭,no
㛯,nl
㛱,nn
㛳,wn
㛵,nr
㛶,nh
㛷,hn
㛹,ng
㛺,no
㛻,nt
㛼,nj
㛾,nk
㜂,tn
㜃,nk
㜄,ni
㜅,nt
㜆,nz
㜇,nx
㜈,sn
㜉,nb
㜊,nn
㜋,nm
㜌,uy
㜍,nk
㜎,nd
㜐,na
㜒,nc
㜓,nk
㜕,nz
㜖,no
㜗,np
㜘,nq
㜙,nb
㜚,nb
㜝,ny
㜞,in
㜠,nf
㜡,nr
㜣,nh
㜤,nu
㜥,nb
㜦,nc
㜨,nn
㜩,nd
㜪,ln
㜮,nm
㜯,nh
㜰,nm
㜱,nb
㜳,ny
㜴,no
㜷,gn
㜹,nf
㜺,nb
㜿,zl
㝀,mz
㝁,bz
㝂,zj
㝃,zv
㝅,uy
㝋,bl
㝌,bj
㝏,bl
㝓,bk
㝔,bx
㝗,bl
㝚,bz
㝝,bm
㝞,by
㝣,bd
㝤,"br,bz"
㝩,bn
㝪,bw
㝫,bu
㝭,bu
㝮,by
㝰,bf
㝵,oc
㝸,xe
㝺,bu
㝼,"yy,uy"
㝾,"yg,ug"
㞀,"yh,uh"
㞁,"yb,ub"
㞂,"yn,un"
㞃,by
㞄,"yd,ud"
㞅,"yg,ug"
㞆,"yk,uk"
㞇,"yn,un"
㞈,"yc,uc"
㞉,"yg,ug"
㞊,iy
㞋,uy
㞎,ub
㞏,uf
㞒,uz
㞓,uo
㞔,ux
㞖,un
㞗,uq
㞘,un
㞚,uj
㞛,uo
㞜,un
㞞,ur
㞟,ud
㞤,er
㞥,er
㞦,ej
㞨,ez
㞪,ee
㞬,eg
㞭,de
㞰,ew
㞱,eo
㞲,ev
㞳,eu
㞴,eu
㞷,vw
㞻,ev
㞽,ev
㟀,he
㟂,em
㟃,ek
㟄,ey
㟅,ee
㟇,et
㟈,eq
㟉,en
㟊,ez
㟋,ee
㟌,ed
㟍,el
㟎,en
㟏,ek
㟐,ew
㟑,ez
㟒,ek
㟖,ec
㟘,ek
㟙,eo
㟛,eg
㟢,ek
㟤,eu
㟨,ee
㟪,en
㟬,ey
㟮,eq
㟰,eb
㟱,eh
㟳,em
㟶,ex
㟷,ek
㟹,ee
㟻,ie
㟽,ex
㟾,el
㟿,ec
㠂,ew
㠄,eb
㠆,el
㠇,ey
㠈,ew
㠉,el
㠊,ey
㠌,er
㠍,em
㠎,em
㠏,el
㠑,ef
㠓,"en,eu"
㠔,eu
㠕,eg
㠖,ew
㠙,eu
㠚,ec
㠛,ey
㠟,eu
㠠,em
㠡,ey
㠢,ey
㠣,ev
㠥,et
㠦,ea
㠧,ef
㠮,bg
㠱,jb
㠲,jb
㠴,jr
㠵,wj
㠷,jj
㠹,jl
㠺,ju
㠼,jj
㠽,jd
㠾,xj
㠿,vj
㡀,dd
㡁,jk
㡂,dj
㡃,jv
㡄,jo
㡅,jx
㡇,jv
㡈,jv
㡉,jy
㡋,jd
㡏,jd
㡑,hj
㡒,jo
㡓,ji
㡔,sj
㡕,jy
㡖,jv
㡗,jj
㡘,jn
㡙,jb
㡚,"jr,jz"
㡜,jx
㡝,jz
㡞,jn
㡟,jo
㡥,jx
㡦,jb
㡨,jj
㡩,yj
㡫,yv
㡮,"yq,yv"
㡯,gq
㡲,gg
㡳,gu
㡴,gl
㡵,gs
㡶,gb
㡷,gb
㡸,gv
㡹,gq
㡺,ga
㡼,gy
㡽,gy
㡾,gg
㢀,gn
㢁,gx
㢂,gk
㢃,gl
㢄,ga
㢅,gc
㢈,gf
㢉,gq
㢊,gk
㢋,gx
㢍,gy
㢎,gj
㢏,gd
㢒,gq
㢔,gr
㢖,gt
㢗,gk
㢚,gl
㢛,gr
㢝,gh
㢞,gb
㢟,zv
㢥,ky
㢧,ga
㢨,gg
㢩,gu
㢬,gs
㢯,gm
㢰,gy
㢵,gk
㢸,gw
㢻,gn
㢾,gt
㣀,gb
㣁,gy
㣂,gl
㣄,gm
㣅,go
㣆,gw
㣇,vj
㣈,vj
㣌,lp
㣎,bp
㣑,gp
㣒,bp
㣓,lp
㣔,id
㣙,iy
㣚,ik
㣛,ik
㣜,id
㣝,iu
㣞,ie
㣟,ik
㣠,id
㣢,ip
㣣,ir
㣦,in
㣪,iy
㣫,iv
㣬,ie
㣭,iw
㣯,io
㣰,ix
㣱,ib
㣶,ia
㣷,id
㣻,xx
㣽,nx
㣾,xi
㣿,xu
㤃,xf
㤄,xl
㤅,ax
㤆,xy
㤇,xy
㤈,xx
㤉,xy
㤊,xx
㤋,xd
㤌,xg
㤍,gx
㤎,lx
㤏,xd
㤐,lx
㤑,xk
㤒,xu
㤓,xb
㤔,xc
㤕,xi
㤖,xd
㤘,xe
㤚,xi
㤝,xe
㤞,xq
㤠,dx
㤡,xd
㤢,xo
㤥,xr
㤦,xl
㤧,xk
㤨,xb
㤮,qx
㤯,xk
㤰,rx
㤱,xa
㤲,jx
㤳,xk
㤴,xv
㤶,xd
㤷,xk
㤸,xd
㤹,xq
㤺,xv
㤻,lx
㤾,xm
㤿,xd
㥀,xq
㥂,xc
㥄,xw
㥅,xy
㥆,xn
㥇,xg
㥈,jx
㥊,xo
㥋,rx
㥌,xm
㥏,xb
㥒,xm
㥓,xk
㥔,xo
㥖,dx
㥚,xy
㥛,xa
㥜,xo
㥝,xe
㥞,xu
㥟,xu
㥠,xo
㥡,xm
㥢,xy
㥥,xy
㥨,nx
㥩,xo
㥬,xf
㥮,xp
㥯,px
㥰,xy
㥲,ux
㥳,xx
㥴,xj
㥶,bx
㥼,xh
㥽,xb
㥾,xk
㦀,xz
㦁,zx
㦃,xu
㦄,gx
㦅,xj
㦆,xh
㦇,xb
㦊,xl
㦋,xo
㦌,mx
㦎,xa
㦏,xb
㦐,xb
㦑,xw
㦒,xk
㦓,xh
㦕,xu
㦗,xx
㦘,bx
㦚,lu
㦛,px
㦜,xy
㦟,vx
㦢,xe
㦣,ix
㦥,xx
㦦,xe
㦩,xx
㦪,xy
㦫,xb
㦬,xf
㦭,xr
㦰,rg
㦴,gk
㦵,vg
㦶,gt
㦹,og
㦺,ig
㦼,fg
㦽,uv
㦿,hm
㧀,hj
㧁,hs
㧃,fl
㧄,fk
㧅,fd
㧆,fj
㧇,fa
㧉,"fq,fv"
㧊,fl
㧋,fq
㧌,fm
㧍,ff
㧎,fy
㧏,fx
㧐,fy
㧑,fw
㧒,fb
㧓,fg
㧔,fw
㧕,fe
㧗,fb
㧘,vu
㧙,fb
㧚,fw
㧝,lu
㧟,fk
㧡,fr
㧢,fd
㧣,fv
㧤,fe
㧥,fe
㧦,fo
㧩,fj
㧪,fv
㧫,fe
㧬,gu
㧭,gu
㧮,fj
㧯,fb
㧲,fm
㧳,fu
㧴,fw
㧶,fu
㧷,fk
㧸,fl
㧹,fc
㧺,fo
㧻,fn
㧽,fk
㧾,fx
㨁,fq
㨂,fd
㨃,fz
㨄,fk
㨅,fn
㨆,fm
㨇,du
㨉,fo
㨊,fo
㨋,fo
㨌,uy
㨍,tu
㨏,fh
㨐,fm
㨑,fw
㨒,ft
㨔,fk
㨖,fw
㨙,fd
㨚,fo
㨛,fr
㨜,fw
㨝,fo
㨞,fx
㨟,fa
㨡,fu
㨢,fb
㨥,fn
㨧,ft
㨨,ft
㨪,fw
㨭,fb
㨮,fe
㨰,fy
㨳,fk
㨴,fq
㨶,fn
㨷,fa
㨸,fe
㨹,fe
㨺,fr
㨻,iu
㨽,fd
㨾,fy
㩃,fd
㩄,fx
㩆,fy
㩇,fa
㩈,fk
㩉,fx
㩊,fc
㩋,fl
㩌,fb
㩍,fn
㩒,fx
㩓,ju
㩖,fa
㩘,fw
㩙,ft
㩚,"fn,fu"
㩝,fu
㩟,fm
㩠,fh
㩢,fu
㩤,fw
㩦,fk
㩧,fu
㩨,fx
㩩,fb
㩯,fx
㩰,fm
㩱,fc
㩳,fy
㩴,ff
㩵,fq
㩶,fx
㩷,fm
㩸,fa
㩻,dy
㩼,xy
㩽,uy
㩾,iy
㩿,qw
㪀,yw
㪁,ry
㪂,"qy,py"
㪃,dy
㪄,fw
㪆,dy
㪇,nw
㪈,ty
㪋,oy
㪍,uw
㪎,jy
㪏,py
㪐,hy
㪑,dy
㪒,jy
㪓,qy
㪕,ly
㪖,ey
㪛,qy
㪜,ey
㪝,jy
㪠,by
㪡,by
㪣,ww
㪤,lw
㪥,hy
㪦,bw
㪧,ry
㪩,vy
㪬,xy
㪭,hy
㪮,yy
㪱,wd
㪴,eu
㪵,bu
㪶,bu
㪷,au
㪹,lu
㪺,du
㪻,yu
㪼,dj
㪾,wj
㫂,gj
㫃,fr
㫊,fk
㫍,fw
㫎,fi
㫏,fn
㫐,ob
㫒,oc
㫔,ou
㫘,bo
㫙,of
㫚,wo
㫛,oe
㫜,oa
㫝,od
㫟,ok
㫢,os
㫥,ok
㫦,ro
㫨,on
㫰,ol
㫱,od
㫲,oz
㫵,of
㫶,oj
㫷,qo
㫸,or
㫹,oj
㫻,oc
㫽,ou
㬂,oy
㬃,oh
㬄,od
㬆,oo
㬇,od
㬈,om
㬊,oy
㬋,ou
㬌,ox
㬍,oc
㬎,oh
㬏,ol
㬐,oo
㬒,oc
㬓,ox
㬔,op
㬕,oy
㬗,oh
㬘,ol
㬙,oh
㬚,ow
㬛,ox
㬝,oo
㬠,oh
㬣,oc
㬤,oh
㬥,om
㬦,oy
㬬,of
㬭,oc
㬮,of
㬯,of
㬴,ob
㬸,ob
㬹,ol
㬻,ov
㬼,uw
㬿,ow
㭁,mn
㭂,mx
㭄,mu
㭇,me
㭈,mg
㭉,cm
㭎,mx
㭑,mw
㭒,mk
㭓,mc
㭔,mh
㭕,ms
㭘,mk
㭙,mc
㭚,mn
㭛,mn
㭜,mu
㭝,mj
㭞,ml
㭠,me
㭡,mx
㭢,md
㭩,mc
㭪,mf
㭫,mt
㭭,md
㭮,md
㭯,mv
㭰,vn
㭸,md
㭺,md
㭼,mo
㭽,md
㭾,mi
㭿,me
㮀,mk
㮁,mo
㮂,"qm,om"
㮃,mn
㮅,mf
㮇,mx
㮏,mx
㮐,mo
㮑,mj
㮒,mt
㮔,mv
㮕,md
㮖,mg
㮗,sm
㮘,mw
㮙,mk
㮚,lm
㮛,mr
㮜,mu
㮝,me
㮟,mm
㮣,gm
㮥,mt
㮦,mx
㮧,mw
㮨,mw
㮩,mx
㮪,mm
㮫,mk
㮬,mx
㮭,mg
㮮,mu
㮯,mu
㮰,mb
㮱,me
㮲,mp
㮳,mt
㮵,md
㮶,mo
㮷,mo
㮹,mw
㮾,dm
㮿,ml
㯀,mr
㯁,mk
㯂,mj
㯄,mb
㯅,mu
㯆,mu
㯊,mh
㯋,bb
㯌,mz
㯎,mm
㯓,mx
㯔,mm
㯕,mj
㯗,mm
㯘,mr
㯙,mw
㯚,mk
㯛,ma
㯜,mu
㯝,mk
㯠,mn
㯡,ms
㯢,mb
㯤,ll
㯥,dd
㯩,yy
㯫,mu
㯬,mz
㯮,mi
㯯,mb
㯱,am
㯲,mx
㯷,mn
㯸,mm
㯺,im
㯻,am
㯾,mz
㯿,mv
㰀,mu
㰁,mu
㰂,mt
㰃,mx
㰅,mz
㰆,am
㰈,mz
㰊,mh
㰋,mb
㰍,lm
㰑,mm
㰒,mz
㰔,my
㰗,mr
㰘,mc
㰙,mf
㰚,mf
㰛,mm
㰝,sr
㰞,er
㰟,"qr,pr"
㰠,wr
㰢,kr
㰣,vr
㰤,dr
㰥,ur
㰦,tr
㰧,sr
㰨,kr
㰪,tr
㰫,nr
㰬,br
㰭,dr
㰮,ir
㰯,ar
㰰,jr
㰲,gr
㰳,yr
㰴,lr
㰵,wr
㰶,wr
㰹,xr
㰺,vr
㰻,ur
㰼,kr
㰽,kr
㰾,br
㰿,pr
㱁,ir
㱂,gr
㱄,hr
㱆,hr
㱇,ur
㱈,mr
㱊,ar
㱋,yr
㱌,er
㱍,yr
㱎,sr
㱔,vx
㱖,vu
㱗,vq
㱙,dv
㱛,dd
㱞,dl
㱟,dy
㱠,dk
㱡,de
㱢,dl
㱣,dn
㱤,dj
㱥,dw
㱦,dk
㱧,dv
㱫,dj
㱬,dn
㱮,dr
㱯,da
㱰,du
㱱,dg
㱲,dm
㱳,cd
㱴,db
㱵,db
㱶,dp
㱸,du
㱹,dv
㱺,dm
㱻,df
㱼,sy
㱽,dy
㱾,wy
㱿,uy
㲀,iy
㲁,by
㲂,xy
㲃,ly
㲄,uy
㲅,by
㲆,us
㲈,uk
㲉,uy
㲋,db
㲌,mn
㲍,um
㲏,pm
㲒,bm
㲓,mu
㲔,lm
㲕,pm
㲖,xm
㲗,pm
㲚,dm
㲛,um
㲞,wm
㲟,cm
㲡,mm
㲢,hm
㲤,wm
㲥,gm
㲦,um
㲧,mi
㲨,cm
㲪,vm
㲫,ym
㲬,rm
㲯,im
㲰,bm
㲲,tm
㲳,du
㲴,qv
㲸,dv
㲺,dq
㲻,ru
㲼,dx
㲽,dr
㳀,dg
㳁,dr
㳆,du
㳇,dx
㳊,dw
㳋,dq
㳍,dj
㳎,dc
㳏,du
㳐,dv
㳖,dy
㳗,dt
㳘,de
㳚,du
㳜,dm
㳠,dz
㳥,dc
㳦,dc
㳧,dv
㳩,dd
㳪,dk
㳫,uj
㳬,dr
㳴,dt
㳵,dz
㳶,dv
㳷,do
㳸,db
㳹,dw
㳻,do
㳼,gu
㳾,dq
㴀,df
㴁,dj
㴂,dr
㴄,"dk,dv"
㴇,uu
㴎,dx
㴏,dw
㴐,dm
㴒,dc
㴓,dx
㴔,dx
㴗,dn
㴘,do
㴙,dj
㴛,dw
㴧,dx
㴨,dt
㴩,db
㴪,dm
㴫,de
㴬,dc
㴭,do
㴯,do
㴲,dj
㴵,dm
㴶,df
㴷,dv
㴸,dr
㴼,db
㴽,dx
㴿,db
㵀,du
㵂,dh
㵃,db
㵄,dt
㵅,db
㵆,dk
㵊,dy
㵌,do
㵍,dx
㵎,do
㵏,du
㵐,dr
㵑,db
㵒,db
㵔,do
㵖,dx
㵗,du
㵘,uu
㵙,dk
㵝,dk
㵞,dx
㵠,di
㵡,ds
㵢,dt
㵣,dr
㵤,dj
㵧,dv
㵨,uu
㵩,dm
㵪,dr
㵫,do
㵬,dm
㵮,"dg,dl"
㵯,dn
㵰,db
㵱,dc
㵳,dp
㵴,di
㵵,dn
㵶,df
㵷,lu
㵹,dd
㵺,du
㵻,dy
㵽,dt
㵾,de
㵿,db
㶀,dp
㶁,dj
㶄,dj
㶆,do
㶇,db
㶉,dn
㶌,da
㶍,dy
㶏,dx
㶒,dm
㶓,di
㶔,dd
㶖,dh
㶗,pu
㶘,du
㶛,db
㶞,dy
㶟,dx
㶠,dg
㶡,jh
㶣,gh
㶥,hg
㶧,hn
㶬,hm
㶭,hl
㶯,he
㶲,hy
㶴,hx
㶷,ho
㶹,hu
㶼,hu
㶾,xm
㶿,hz
㷂,ih
㷃,hi
㷄,hg
㷆,hu
㷇,xh
㷈,hd
㷋,hh
㷍,hc
㷏,hh
㷒,hy
㷕,bh
㷘,hm
㷠,hl
㷡,oh
㷣,hn
㷤,uy
㷫,uh
㷬,hd
㷮,ho
㷯,hl
㷰,hd
㷳,ih
㷹,hu
㷾,hu
㷿,hr
㸅,he
㸆,hf
㸇,hb
㸊,hb
㸋,pt
㸌,hf
㸍,hg
㸎,he
㸒,pr
㸖,bq
㸗,bk
㸙,bo
㸚,xx
㸛,pk
㸜,pg
㸝,pr
㸞,pp
㸟,po
㸡,pv
㸢,py
㸣,pn
㸤,lu
㸥,pd
㸦,"ad,an"
㸧,yg
㸨,nl
㸩,ng
㸪,ni
㸬,nl
㸭,nb
㸮,nd
㸯,nu
㸲,nv
㸵,nk
㸶,nd
㸸,nk
㸹,nc
㸺,dn
㸻,nu
㹀,nz
㹁,nx
㹂,in
㹃,fn
㹄,nw
㹆,ni
㹇,nv
㹉,nx
㹊,nf
㹋,np
㹌,nu
㹍,nk
㹎,nx
㹏,na
㹐,in
㹑,nb
㹒,nn
㹓,nw
㹔,na
㹕,en
㹗,nc
㹘,ne
㹙,nk
㹛,nw
㹜,qq
㹞,qj
㹟,qg
㹡,qy
㹢,qk
㹣,qd
㹥,qv
㹦,qk
㹫,qy
㹬,ql
㹭,qy
㹮,qb
㹱,qr
㹲,qz
㹳,qk
㹴,qg
㹵,qg
㹶,qz
㹹,qn
㹻,qn
㹼,qm
㹽,qg
㹾,qk
㹿,qu
㺀,qx
㺁,qx
㺂,qk
㺄,qd
㺇,qq
㺈,qi
㺉,uy
㺊,qx
㺋,qx
㺌,qn
㺐,qg
㺑,qp
㺒,qp
㺓,qb
㺔,qh
㺕,qt
㺖,qw
㺗,ql
㺘,qh
㺛,qc
㺜,qn
㺝,qm
㺞,qb
㺟,qf
㺢,qf
㺣,qg
㺤,qj
㺥,qd
㺨,ws
㺩,wl
㺭,wz
㺱,ry
㺲,wi
㺴,wq
㺸,"rw,ry"
㺹,wc
㺿,wl
㻀,wn
㻂,wk
㻃,qy
㻉,wp
㻌,wh
㻍,wt
㻑,wz
㻒,wh
㻓,wy
㻔,wi
㻕,wi
㻖,wn
㻝,wd
㻞,wc
㻟,wo
㻠,wq
㻡,wm
㻬,wk
㻱,wz
㻲,wn
㻵,wz
㻶,wy
㻷,wn
㻸,wo
㻹,uy
㻺,iy
㻽,wv
㻾,wy
㻿,wi
㼈,wf
㼉,gv
㼊,tg
㼋,ug
㼌,gg
㼍,lg
㼎,gx
㼏,pg
㼐,hg
㼑,jg
㼒,gw
㼔,og
㼕,xg
㼖,gi
㼗,dw
㼘,ew
㼚,ww
㼛,kw
㼞,pw
㼟,bw
㼠,bw
㼡,vw
㼢,kw
㼣,bw
㼤,fw
㼥,lw
㼦,gw
㼧,sw
㼩,iw
㼪,jw
㼫,gw
㼬,tw
㼭,tw
㼮,aw
㼯,dw
㼰,pw
㼱,lw
㼲,ew
㼳,uw
㼴,yw
㼵,ow
㼶,rw
㼷,ew
㼸,bw
㼹,cw
㼺,gw
㼻,iw
㼽,dw
㼾,gw
㼿,lw
㽀,bw
㽂,rw
㽃,pw
㽄,qw
㽆,xw
㽇,pw
㽈,bw
㽉,iw
㽊,hw
㽋,yw
㽎,qv
㽏,dg
㽑,gu
㽕,yv
㽘,tj
㽚,tn
㽛,tk
㽝,dt
㽟,tc
㽠,tj
㽡,tu
㽢,td
㽤,tm
㽥,tm
㽦,ht
㽧,ty
㽨,tg
㽩,tp
㽪,to
㽫,wt
㽬,at
㽱,bl
㽲,bv
㽳,by
㽴,bv
㽷,bu
㽹,by
㽺,bj
㽻,by
㽽,bk
㽾,bi
㾀,bs
㾁,bu
㾂,bk
㾃,bb
㾄,by
㾅,bp
㾇,bo
㾈,bc
㾉,bs
㾊,bn
㾋,bm
㾌,be
㾍,be
㾎,ba
㾏,bt
㾑,bk
㾒,bk
㾓,bo
㾔,bk
㾕,bu
㾖,bl
㾗,bl
㾘,bg
㾙,bj
㾚,be
㾛,by
㾜,bj
㾝,bi
㾞,by
㾟,bp
㾠,bw
㾢,bl
㾣,bj
㾤,bg
㾥,by
㾦,bk
㾧,bg
㾨,bk
㾩,bb
㾪,bo
㾫,bc
㾭,bh
㾮,bw
㾯,bn
㾰,bo
㾴,ba
㾵,bu
㾶,bg
㾷,bj
㾸,bk
㾹,bm
㾺,bm
㾻,bh
㾼,bz
㾽,bz
㾾,bn
㾿,be
㿃,bj
㿄,by
㿆,by
㿇,bb
㿉,bb
㿊,bo
㿌,br
㿎,bb
㿑,bf
㿒,bc
㿓,br
㿔,bt
㿕,bj
㿖,bm
㿘,bk
㿙,bd
㿚,bf
㿛,bb
㿟,bb
㿠,bw
㿣,bv
㿤,bo
㿥,bf
㿦,ub
㿧,bc
㿩,bh
㿪,vw
㿫,by
㿬,vb
㿭,iy
㿮,yy
㿯,ry
㿰,wy
㿱,fy
㿳,vt
㿴,dy
㿶,wy
㿷,yy
㿸,vy
㿹,vz
㿺,oy
㿻,gm
㿼,km
㿽,bm
㿿,vm
䀀,dm
䀁,um
䀂,bm
䀃,um
䀅,pm
䀇,um
䀈,gm
䀉,ym
䀊,dm
䀍,lm
䀏,bo
䀐,op
䀑,oi
䀒,oq
䀓,ow
䀔,or
䀕,ol
䀖,ot
䀗,og
䀘,ok
䀙,od
䀚,oe
䀛,ow
䀞,ou
䀠,oo
䀡,ok
䀢,ou
䀣,ob
䀤,xo
䀦,ok
䀧,ob
䀨,ok
䀩,ok
䀪,oi
䀫,ok
䀬,ow
䀭,or
䀮,ov
䀰,ok
䀱,of
䀲,om
䀴,og
䀵,ou
䀶,ol
䀷,ol
䀸,fo
䀹,oj
䀺,ro
䀻,ov
䀼,on
䀽,oz
䁁,ox
䁂,io
䁃,oy
䁄,og
䁅,om
䁆,od
䁇,bo
䁈,ho
䁊,oo
䁋,om
䁌,oo
䁍,ok
䁎,od
䁏,on
䁐,oy
䁒,oe
䁓,ow
䁔,oy
䁕,oo
䁖,on
䁗,oa
䁘,of
䁙,on
䁚,ob
䁛,og
䁜,ow
䁝,ho
䁟,og
䁠,on
䁡,or
䁢,or
䁣,oc
䁤,ok
䁥,ok
䁧,on
䁨,oe
䁩,oa
䁪,oj
䁫,oh
䁬,oo
䁭,oq
䁮,oo
䁯,ox
䁱,ow
䁲,ob
䁳,oc
䁴,oa
䁵,oy
䁶,ow
䁷,po
䁸,on
䁺,og
䁻,om
䁼,ot
䁽,ov
䁾,ou
䁿,ho
䂀,od
䂁,od
䂂,of
䂃,oc
䂄,oy
䂅,oi
䂆,su
䂇,si
䂈,si
䂉,su
䂊,sn
䂌,sl
䂍,su
䂎,sb
䂏,uk
䂐,ui
䂑,ub
䂒,uk
䂔,ug
䂕,uu
䂗,ub
䂙,ue
䂚,ux
䂛,ul
䂜,uf
䂟,lu
䂠,uu
䂢,ud
䂣,ub
䂤,uc
䂦,up
䂧,ux
䂩,ud
䂪,ud
䂫,ul
䂬,gu
䂭,ux
䂮,fu
䂰,ud
䂱,ue
䂳,ut
䂴,uk
䂶,ul
䂷,ub
䂸,ua
䂹,uh
䂺,ug
䂻,ui
䂼,ux
䂽,uu
䂾,ul
䂿,uo
䃀,un
䃁,uy
䃂,ub
䃅,ul
䃇,uj
䃈,ub
䃊,uq
䃌,ut
䃎,ux
䃏,uu
䃑,uy
䃒,ul
䃓,"ur,uz"
䃔,uk
䃕,hu
䃖,uw
䃗,ud
䃘,ut
䃙,ub
䃚,uu
䃛,uz
䃜,ku
䃝,uw
䃞,wu
䃠,ur
䃡,uo
䃢,ur
䃣,uh
䃤,ul
䃥,ul
䃦,wu
䃧,eu
䃫,uk
䃬,ug
䃭,ux
䃮,uz
䃰,ux
䃳,uv
䃴,uo
䃵,uy
䃶,uy
䃷,uf
䃸,uj
䃽,py
䃾,pb
䃿,pf
䄄,pd
䄆,pk
䄇,pw
䄈,pa
䄉,pw
䄋,pd
䄌,py
䄍,po
䄐,is
䄓,pw
䄘,pf
䄙,pb
䄚,po
䄜,pd
䄝,pj
䄟,mx
䄡,pk
䄤,pb
䄥,pr
䄦,hl
䄧,hn
䄨,hy
䄩,hy
䄪,hu
䄫,hj
䄮,hf
䄯,hk
䄰,hy
䄱,hf
䄲,hn
䄳,hv
䄶,hf
䄷,hu
䄸,hb
䄺,hy
䄻,hd
䄼,ha
䄾,hu
䄿,hy
䅀,hd
䅁,bh
䅂,hk
䅃,gh
䅄,hl
䅅,ht
䅆,hr
䅈,jh
䅊,hq
䅋,hv
䅌,ho
䅍,hz
䅎,hn
䅑,hn
䅓,hy
䅔,ht
䅕,hk
䅖,hd
䅗,hn
䅘,hl
䅙,hb
䅚,hv
䅛,ho
䅜,hi
䅝,hg
䅞,hc
䅟,hp
䅡,hb
䅢,ho
䅣,hw
䅤,hj
䅥,hv
䅦,ht
䅧,ho
䅩,hb
䅬,hm
䅭,hf
䅮,hk
䅯,hk
䅰,hx
䅲,ho
䅳,hp
䅴,hx
䅵,hh
䅷,hh
䅸,hu
䅹,hn
䅺,hx
䅻,hd
䅼,hy
䅽,uh
䅾,ho
䅿,hl
䆀,hh
䆁,hg
䆂,hn
䆃,zh
䆄,ha
䆅,hb
䆉,hb
䆊,hb
䆍,hs
䆎,hj
䆏,hb
䆑,bd
䆓,be
䆔,bv
䆕,bg
䆖,bs
䆗,bl
䆘,bj
䆚,bk
䆛,bq
䆝,bx
䆞,bb
䆟,bk
䆡,bl
䆢,bg
䆨,bt
䆪,xg
䆬,bb
䆭,bg
䆯,bn
䆰,bk
䆱,bh
䆲,bn
䆵,bo
䆶,bh
䆷,bk
䆸,ba
䆹,bl
䆺,bt
䆽,bu
䆾,bm
䇁,by
䇂,ll
䇅,lg
䇈,lt
䇋,lx
䇌,lo
䇍,lr
䇎,lo
䇏,lz
䇐,ln
䇑,lu
䇓,pl
䇔,wf
䇖,vp
䇗,vs
䇘,vh
䇙,vl
䇛,vv
䇜,vr
䇞,vg
䇠,vv
䇡,vd
䇢,vk
䇣,vx
䇤,vb
䇦,vy
䇧,va
䇨,vl
䇩,vy
䇪,vt
䇫,vl
䇬,vv
䇭,vb
䇮,vr
䇯,ve
䇰,va
䇶,vy
䇷,vd
䇸,vw
䇺,va
䇻,vm
䇼,vb
䇽,vj
䇾,vk
䈀,vd
䈁,vc
䈂,vk
䈃,vk
䈄,vk
䈆,vq
䈈,vb
䈉,vn
䈊,vw
䈋,vo
䈌,vq
䈍,vo
䈎,vm
䈏,vt
䈐,vh
䈑,vk
䈒,vg
䈓,vv
䈕,vr
䈖,vu
䈗,vw
䈘,vy
䈙,vc
䈚,vx
䈛,vy
䈜,vy
䈝,vo
䈞,vo
䈟,vd
䈠,vy
䈡,vx
䈢,vm
䈣,vw
䈥,vl
䈦,vw
䈧,vh
䈪,vl
䈫,vn
䈬,vf
䈭,vg
䈮,vk
䈯,vb
䈰,vo
䈱,vj
䈲,vy
䈳,vx
䈴,vn
䈵,vx
䈶,vk
䈷,vk
䈸,vu
䈺,vd
䈻,vf
䈼,ve
䈽,va
䈾,vo
䈿,vb
䉀,vh
䉁,vs
䉂,vx
䉃,vc
䉄,vw
䉅,vw
䉆,vn
䉈,vw
䉉,vg
䉊,vi
䉋,vo
䉌,vu
䉍,vx
䉎,vm
䉏,vn
䉐,vk
䉑,vh
䉓,vg
䉔,vg
䉕,vo
䉗,ve
䉙,vs
䉚,vw
䉛,vd
䉜,vf
䉝,vw
䉞,vx
䉟,vy
䉠,vw
䉡,va
䉢,vk
䉣,vh
䉦,vz
䉧,vd
䉨,vy
䉪,vt
䉫,vu
䉬,vy
䉭,vv
䉮,vf
䉯,vb
䉰,vx
䉱,vk
䉳,vy
䉴,vy
䉵,vl
䉶,vy
䉷,vw
䉸,vu
䉺,mg
䉻,mu
䉾,lm
䊂,mn
䊃,mj
䊄,gm
䊅,mk
䊆,jm
䊇,mf
䊈,mm
䊉,mm
䊊,mm
䊍,hm
䊎,mv
䊐,mb
䊓,mr
䊔,my
䊖,mg
䊗,mw
䊘,mo
䊙,um
䊛,my
䊜,mc
䊝,mx
䊞,mk
䊟,mr
䊠,gm
䊡,my
䊣,mb
䊤,mu
䊥,ml
䊦,ma
䊨,wj
䊩,mt
䊪,my
䊫,mf
䊬,hm
䊭,mc
䊮,mf
䊰,mo
䊱,mj
䊲,xu
䊳,mf
䊴,mr
䊵,yj
䊺,yh
䊻,yr
䊼,yv
䊽,yg
䊾,ym
䋀,hx
䋁,yj
䋂,yx
䋃,ym
䋈,nx
䋉,yb
䋊,yv
䋎,ya
䋏,yv
䋐,yv
䋑,yb
䋔,yp
䋖,yy
䋙,ye
䋛,ym
䋟,yx
䋢,fx
䋣,px
䋤,fu
䋥,yl
䋦,ym
䋨,yk
䋩,ye
䋪,yk
䋫,yl
䋭,yo
䋰,"qx,ox"
䋱,yl
䋳,yo
䋵,yv
䋶,yb
䋷,sx
䋸,yo
䋹,yt
䋻,yg
䋼,ym
䋽,yc
䋾,yx
䋿,yn
䌀,yu
䌁,yn
䌂,yt
䌃,yd
䌅,yk
䌆,yg
䌈,yx
䌋,yk
䌍,ya
䌎,tx
䌐,ye
䌑,yt
䌒,yb
䌔,yk
䌖,ym
䌗,yh
䌘,dx
䌙,yb
䌚,ym
䌜,yn
䌝,yx
䌞,yr
䌟,yu
䌠,xx
䌡,ya
䌢,ys
䌣,yk
䌤,yx
䌥,yx
䌦,yf
䌨,yx
䌩,yu
䌪,yj
䌬,ys
䌭,yh
䌮,yo
䌯,yf
䌰,ye
䌳,yy
䌴,yf
䌵,yi
䌷,sy
䌹,sk
䍃,pf
䍄,fk
䍇,ff
䍉,fb
䍊,fx
䍍,uy
䍎,fh
䍔,ss
䍕,sd
䍖,ss
䍗,sy
䍘,sm
䍙,sm
䍚,sl
䍛,sk
䍜,sf
䍝,so
䍟,sw
䍡,sb
䍣,st
䍤,sa
䍥,sv
䍦,sf
䍨,yl
䍩,yw
䍪,ym
䍫,yb
䍬,yp
䍮,yd
䍯,yv
䍱,yh
䍲,ye
䍳,yy
䍴,yn
䍵,yl
䍶,yd
䍷,yl
䍸,yc
䍺,yx
䍻,yb
䍼,yo
䍽,yv
䍾,kx
䍿,xw
䎀,xv
䎁,ux
䎂,xs
䎃,rx
䎄,dx
䎅,bx
䎆,xs
䎇,vx
䎈,xy
䎉,"xu,xx"
䎊,wx
䎋,nx
䎌,xr
䎎,xv
䎏,rx
䎐,ux
䎑,xu
䎒,xg
䎓,xo
䎔,xc
䎕,hx
䎖,bx
䎗,yx
䎘,vx
䎙,bx
䎜,lb
䎟,ne
䎠,we
䎡,eh
䎢,lq
䎤,lk
䎦,lh
䎧,lk
䎨,ld
䎩,lt
䎪,lc
䎫,lw
䎬,ls
䎭,lz
䎮,lk
䎰,lj
䎱,lb
䎳,eo
䎴,ej
䎶,eu
䎷,ev
䎺,ed
䎻,ek
䎼,eu
䎿,eh
䏀,ed
䏁,eu
䏂,ey
䏃,eb
䏄,et
䏅,ex
䏆,eo
䏇,ex
䏈,ex
䏉,eh
䏌,bo
䏍,so
䏎,of
䏏,oy
䏐,og
䏒,op
䏔,oi
䏕,or
䏖,ol
䏘,oe
䏙,ov
䏚,ou
䏜,oj
䏝,ov
䏞,om
䏟,ob
䏠,ol
䏡,ox
䏢,oy
䏦,ok
䏨,ok
䏩,ok
䏪,oe
䏫,om
䏬,on
䏰,ox
䏱,ok
䏲,op
䏳,oj
䏴,oo
䏵,od
䏶,ot
䏷,og
䏹,oe
䏺,of
䏼,og
䏽,ok
䏿,ho
䐀,ok
䐁,on
䐂,ou
䐃,oh
䐄,oj
䐅,ou
䐆,om
䐇,oo
䐈,oq
䐉,ot
䐊,ob
䐋,ox
䐍,oa
䐎,or
䐏,oo
䐐,oh
䐑,om
䐒,ox
䐓,ob
䐔,oc
䐕,oe
䐖,om
䐗,oo
䐘,oy
䐚,oe
䐜,ob
䐝,ob
䐞,od
䐟,"or,oz"
䐠,ov
䐢,op
䐣,ob
䐤,og
䐥,ox
䐦,om
䐧,ok
䐨,uy
䐩,oa
䐫,or
䐬,oo
䐭,oj
䐮,ou
䐯,ox
䐰,oo
䐱,ok
䐲,ob
䐴,go
䐵,ob
䐶,oo
䐷,ol
䐸,oa
䐹,ol
䐺,ou
䐻,ou
䐼,ox
䐽,or
䐾,og
䐿,od
䑀,ou
䑁,po
䑂,ob
䑄,ol
䑆,ol
䑇,ob
䑈,om
䑉,of
䑊,oz
䑋,oy
䑌,oj
䑍,on
䑎,oj
䑏,of
䑔,jl
䑗,jw
䑘,jg
䑙,qa
䑜,qm
䑠,vl
䑣,vp
䑤,vv
䑥,vj
䑦,vk
䑪,vk
䑫,vk
䑬,vd
䑯,vp
䑱,vv
䑲,vu
䑳,vc
䑴,vb
䑶,vo
䑸,vx
䑹,vy
䑻,vz
䑼,vp
䑽,vx
䑿,vb
䒀,vc
䒁,vb
䒄,vt
䒅,vo
䒆,vw
䒇,vt
䒈,vb
䒉,vl
䒊,bb
䒋,yb
䒌,bb
䒍,wb
䒎,cb
䒏,bb
䒐,cb
䒓,cv
䒔,cb
䒕,cx
䒖,cu
䒚,cu
䒛,cv
䒜,cn
䒞,cv
䒟,cd
䒠,cf
䒡,cl
䒢,ce
䒤,co
䒥,cj
䒦,cf
䒧,cs
䒨,cu
䒩,ch
䒪,cc
䒫,cy
䒰,cw
䒲,cq
䒴,co
䒵,cz
䒷,ck
䒸,cx
䒹,cl
䒻,"cj,cs"
䒼,cq
䒽,cx
䒾,cy
䓂,ck
䓃,cb
䓄,cj
䓅,cj
䓆,cj
䓇,cd
䓈,cy
䓉,ce
䓊,ck
䓋,cu
䓌,cx
䓎,cu
䓏,ck
䓐,ct
䓑,ck
䓖,cl
䓗,cx
䓘,ck
䓙,cb
䓚,cq
䓛,ci
䓜,cd
䓝,cm
䓞,cq
䓟,ck
䓠,co
䓡,ck
䓢,ck
䓣,cr
䓤,cx
䓥,ru
䓨,cf
䓫,ck
䓬,cu
䓭,cd
䓮,cw
䓰,ct
䓱,cm
䓲,ce
䓳,cg
䓴,cd
䓵,ck
䓺,cd
䓼,cd
䓽,cj
䓾,cn
䓿,cg
䔁,cm
䔂,cu
䔃,cq
䔄,cf
䔅,ck
䔆,cl
䔇,ca
䔈,cb
䔉,ch
䔊,ck
䔋,cu
䔎,cz
䔏,cz
䔐,cg
䔑,cu
䔒,ck
䔓,cw
䔔,ce
䔕,cf
䔗,cy
䔙,cu
䔚,co
䔝,cx
䔞,cu
䔟,cx
䔠,co
䔡,ca
䔣,cn
䔤,cb
䔪,cx
䔬,cb
䔭,cy
䔮,cj
䔯,ck
䔰,ct
䔱,ce
䔲,ca
䔳,ch
䔴,cy
䔶,cr
䔷,cv
䔸,cq
䔹,cu
䔺,co
䔻,cw
䔼,cv
䔽,cv
䔾,cv
䔿,cc
䕀,cr
䕁,cm
䕄,cm
䕆,cd
䕇,cg
䕈,cm
䕉,cg
䕊,ca
䕋,ck
䕌,cf
䕍,ck
䕒,ck
䕓,cx
䕔,ci
䕕,cy
䕗,cl
䕘,cb
䕛,cj
䕝,cr
䕞,cl
䕟,cb
䕡,ck
䕢,cg
䕣,cv
䕤,ce
䕦,cf
䕧,cx
䕩,cx
䕪,cg
䕭,ch
䕮,cm
䕰,ct
䕱,cb
䕲,cx
䕳,cx
䕵,cn
䕷,cx
䕸,ck
䕺,cy
䕻,cb
䕼,cf
䕽,ci
䕾,cw
䕿,cn
䖁,cx
䖂,cu
䖃,ck
䖅,cr
䖆,cy
䖊,xj
䖌,hd
䖎,ej
䖐,jj
䖑,ho
䖒,ha
䖓,ij
䖔,tj
䖕,hq
䖖,hj
䖘,hd
䖙,ij
䖚,hw
䖛,hx
䖜,ho
䖞,ic
䖡,ii
䖢,iu
䖣,iv
䖦,ii
䖧,ia
䖨,iu
䖩,ib
䖪,vi
䖫,ig
䖭,ji
䖯,ti
䖰,in
䖱,iw
䖲,io
䖳,iq
䖴,id
䖵,ii
䖶,iu
䖷,ij
䖹,ig
䖺,ri
䖻,iv
䗀,iw
䗁,ik
䗂,ij
䗃,ig
䗄,ij
䗅,ii
䗆,ik
䗇,im
䗉,io
䗊,ih
䗋,im
䗌,iu
䗍,vi
䗎,it
䗏,iy
䗐,fi
䗑,il
䗒,iy
䗓,ix
䗔,iu
䗖,ij
䗗,ik
䗘,im
䗙,bi
䗚,ic
䗛,io
䗜,it
䗟,ki
䗡,ih
䗢,iz
䗣,gi
䗤,il
䗥,ir
䗧,in
䗨,ia
䗩,ix
䗪,gi
䗫,im
䗮,ix
䗯,iz
䗰,ib
䗱,in
䗲,il
䗴,iz
䗵,ia
䗷,ix
䗸,wi
䗺,zi
䗼,ih
䗽,yi
䗿,id
䘀,pi
䘃,it
䘄,li
䘆,ix
䘊,iu
䘋,ij
䘎,ig
䘒,xw
䘓,xj
䘔,xk
䘕,ii
䘘,ii
䘝,py
䘟,pl
䘡,by
䘢,pd
䘣,pb
䘤,pu
䘥,pj
䘦,pb
䘨,px
䘩,po
䘪,pe
䘬,pu
䘭,pt
䘯,po
䘰,pz
䘳,pj
䘵,pu
䘶,pk
䘷,pd
䘸,pn
䘹,pu
䘺,pr
䘻,po
䘼,pv
䘽,pe
䘾,pk
䘿,pi
䙁,pg
䙃,po
䙄,pj
䙅,pn
䙆,pt
䙇,pd
䙈,pu
䙉,po
䙌,pr
䙎,pd
䙏,pc
䙐,pl
䙑,py
䙒,pt
䙔,pk
䙕,pr
䙘,px
䙞,pa
䙟,pl
䙠,pr
䙡,pb
䙢,po
䙣,pf
䙤,pz
䙦,px
䙩,"pn,pu"
䙬,pn
䙮,pf
䙯,pr
䙰,pf
䙳,xh
䙵,xt
䙼,de
䙽,de
䙾,be
䙿,we
䚂,te
䚃,le
䚄,ee
䚅,le
䚆,ce
䚇,ue
䚈,xe
䚉,fe
䚊,be
䚋,ke
䚍,fe
䚏,me
䚐,ue
䚒,le
䚔,be
䚕,ae
䚖,ye
䚗,ds
䚘,ii
䚙,da
䚚,de
䚛,dk
䚜,du
䚝,du
䚞,dl
䚟,dc
䚠,db
䚡,dx
䚢,dm
䚣,dr
䚥,dd
䚦,dj
䚧,dp
䚨,dy
䚩,dk
䚪,dy
䚫,by
䚬,dl
䚭,df
䚮,wn
䚯,wd
䚰,wb
䚳,wy
䚴,wo
䚵,wu
䚶,wt
䚷,wv
䚸,wl
䚹,wb
䚻,pk
䚽,wm
䚾,wr
䚿,wr
䛀,wy
䛁,wa
䛃,we
䛄,wv
䛅,wj
䛆,wy
䛇,wk
䛈,wu
䛉,wm
䛊,wb
䛋,ww
䛌,ws
䛍,wf
䛎,wb
䛏,wb
䛔,we
䛗,ik
䛘,wr
䛙,wm
䛚,fk
䛝,we
䛞,wg
䛟,wj
䛠,wa
䛢,wj
䛣,wv
䛤,wr
䛥,wj
䛨,wu
䛩,wy
䛪,wg
䛫,wi
䛬,wf
䛭,wg
䛮,wk
䛯,wk
䛰,wb
䛱,wx
䛲,wj
䛳,wd
䛴,wk
䛵,wy
䛷,wv
䛹,wu
䛼,wg
䛽,wj
䛾,wx
䛿,wl
䜁,wn
䜃,wt
䜅,wf
䜆,gk
䜇,wy
䜈,wg
䜉,wu
䜊,wo
䜋,wb
䜌,yd
䜍,wx
䜎,wl
䜏,wo
䜐,ek
䜑,wx
䜒,wd
䜓,wm
䜔,wz
䜕,wy
䜗,wx
䜙,wh
䜚,wz
䜜,wo
䜝,wv
䜡,ww
䜢,wx
䜣,yj
䜩,yh
䜪,bj
䜫,bg
䜭,lk
䜮,bn
䜯,bm
䜱,by
䜲,bv
䜴,ay
䜶,al
䜷,ay
䜸,am
䜹,au
䜺,ao
䜼,sa
䜽,ad
䜾,ao
䝀,at
䝁,ha
䝃,ah
䝄,ay
䝅,ut
䝈,uv
䝋,ux
䝍,ui
䝎,ue
䝏,un
䝐,uo
䝑,ul
䝒,un
䝓,uv
䝕,ue
䝖,vv
䝘,vy
䝙,vx
䝚,vb
䝛,vy
䝜,vw
䝞,vj
䝟,vd
䝢,vy
䝣,vm
䝤,vx
䝥,vu
䝦,vn
䝧,od
䝪,or
䝫,ov
䝬,ov
䝭,ok
䝰,oc
䝱,lb
䝳,lb
䝵,of
䝶,ox
䝷,ub
䝸,oy
䝹,ov
䝻,ok
䝼,oo
䝽,ot
䞀,ou
䞁,on
䞂,od
䞃,ow
䞄,fb
䞈,oh
䞋,oe
䞍,ko
䞑,tg
䞒,tk
䞔,tm
䞕,te
䞖,ty
䞗,tc
䞘,tq
䞙,tj
䞚,ty
䞛,tm
䞝,ty
䞞,tf
䞟,tb
䞠,tu
䞡,ta
䞢,tv
䞣,ti
䞤,tk
䞥,to
䞦,tk
䞧,tk
䞩,tk
䞪,tj
䞫,tk
䞭,tw
䞮,th
䞯,tz
䞰,td
䞱,tk
䞳,tk
䞴,tk
䞵,ty
䞶,tw
䞷,ti
䞹,tw
䞺,to
䞻,tl
䞽,tx
䞾,tj
䞿,br
䟀,tg
䟁,tg
䟂,ty
䟃,tp
䟄,tb
䟅,ir
䟆,tl
䟇,td
䟈,tw
䟉,ti
䟊,tu
䟋,tk
䟍,tf
䟏,tm
䟐,tv
䟑,tc
䟒,tf
䟓,zd
䟔,zb
䟕,zi
䟗,zu
䟘,zj
䟙,zd
䟛,zl
䟜,zn
䟝,zy
䟟,ir
䟠,zv
䟡,zd
䟣,zu
䟤,zb
䟥,zp
䟧,zt
䟨,zm
䟩,zs
䟪,zf
䟫,xr
䟬,zq
䟭,zv
䟮,zq
䟯,zk
䟰,zi
䟴,zn
䟵,zq
䟶,zt
䟷,zj
䟸,zc
䟹,zc
䟺,zb
䟻,zh
䟼,zv
䟾,zy
䟿,zu
䠀,zk
䠃,zr
䠄,zb
䠅,zh
䠆,zi
䠇,zi
䠈,zn
䠉,zk
䠊,zf
䠋,zu
䠍,zy
䠎,zt
䠏,zt
䠐,zq
䠑,zt
䠒,zo
䠓,zy
䠔,zu
䠕,zm
䠗,zq
䠘,zb
䠙,zf
䠚,zg
䠛,zf
䠜,ze
䠝,zb
䠟,tr
䠠,ar
䠡,zq
䠢,cr
䠤,zl
䠧,zo
䠨,zk
䠩,zp
䠪,zv
䠫,zn
䠬,ze
䠯,zc
䠰,zf
䠱,zi
䠳,ui
䠴,ul
䠵,uc
䠷,ud
䠸,uk
䠻,ug
䠼,ud
䠽,ua
䠾,ur
䠿,ub
䡀,ua
䡁,us
䡂,il
䡃,il
䡅,ii
䡆,is
䡈,ix
䡉,ij
䡊,iy
䡋,iy
䡍,if
䡐,ib
䡑,im
䡓,ii
䡔,ix
䡖,it
䡗,gi
䡘,it
䡙,il
䡚,ie
䡜,it
䡝,iv
䡞,"qi,oi"
䡟,iu
䡡,ib
䡢,ic
䡣,ii
䡤,li
䡦,im
䡧,iw
䡩,ib
䡪,ix
䡫,iz
䡬,iy
䡭,ii
䡯,ix
䡰,ui
䡲,il
䡳,ij
䡴,il
䡵,iz
䡷,im
䡽,ib
䡾,iq
䢃,ux
䢅,jn
䢇,bc
䢈,io
䢋,zl
䢌,zl
䢍,zf
䢏,zu
䢐,zq
䢑,zd
䢒,zx
䢓,zy
䢔,zk
䢕,"zx,zu"
䢖,zy
䢗,zq
䢙,zb
䢚,zg
䢝,zy
䢞,zm
䢡,zm
䢢,zk
䢦,zu
䢧,zp
䢨,zr
䢩,zw
䢭,zr
䢮,zt
䢰,zf
䢱,zb
䢲,zy
䢳,je
䢵,ee
䢸,qe
䢹,je
䢺,ie
䢻,ie
䢼,ce
䢾,ne
䢿,be
䣀,de
䣁,xe
䣂,le
䣄,re
䣅,ie
䣆,ae
䣇,qe
䣊,xe
䣋,pe
䣍,de
䣎,ve
䣐,ce
䣓,ae
䣔,xe
䣕,me
䣘,xe
䣙,ee
䣚,le
䣛,me
䣜,he
䣝,ue
䣟,ae
䣡,ye
䣢,le
䣤,oe
䣦,yl
䣧,yy
䣩,yt
䣪,yl
䣫,yy
䣬,yg
䣯,yq
䣵,ye
䣶,yk
䣷,yv
䣸,ry
䣹,yg
䣺,yo
䣻,yk
䣼,yx
䣽,uy
䣿,ym
䤁,yv
䤂,ym
䤃,yo
䤄,ym
䤅,yd
䤆,yt
䤉,ym
䤊,ye
䤋,ba
䤌,yk
䤍,yr
䤎,yk
䤏,yu
䤐,yo
䤑,yb
䤒,yd
䤔,dy
䤕,ym
䤖,yu
䤗,ly
䤘,yj
䤙,yi
䤚,ol
䤝,je
䤞,jy
䤠,jv
䤡,jr
䤤,jr
䤥,jv
䤧,jk
䤨,jn
䤩,jq
䤬,ju
䤭,jj
䤮,jp
䤰,tj
䤲,jd
䤳,jn
䤴,jk
䤵,jf
䤶,jd
䤷,jn
䤸,ju
䤹,jy
䤺,jj
䤻,jo
䤼,ju
䤽,jd
䤾,jj
䥂,"jn,ju"
䥃,jf
䥄,jo
䥇,jx
䥈,jc
䥉,jd
䥋,jh
䥎,jo
䥏,je
䥑,jw
䥒,gj
䥓,jt
䥔,jm
䥕,jw
䥗,jr
䥙,ju
䥛,jx
䥝,jb
䥞,jw
䥟,jv
䥢,uj
䥤,js
䥨,jk
䥩,jw
䥮,je
䥯,jb
䥰,ji
䥱,jh
䥲,jr
䥳,jw
䥵,jw
䥶,jv
䥷,jd
䥸,gj
䥽,jd
䦃,jo
䦆,jy
䦈,ag
䦊,ax
䦋,aw
䦌,mt
䦍,mq
䦏,ml
䦐,mu
䦑,mg
䦒,mu
䦓,mk
䦔,ma
䦕,mk
䦖,mk
䦗,mx
䦘,mg
䦙,mc
䦚,mk
䦛,ml
䦜,mk
䦝,md
䦟,mt
䦠,mn
䦡,mk
䦤,my
䦥,mm
䦪,mv
䦫,my
䦭,mo
䦮,mo
䦯,mw
䦱,mh
䦲,mk
䦳,me
䦴,mg
䦶,ml
䦷,mt
䦹,eu
䦺,ed
䦻,ez
䦼,eg
䦽,el
䦾,pe
䧁,ek
䧃,et
䧄,ek
䧅,ey
䧆,eb
䧇,ey
䧉,el
䧊,ek
䧋,ee
䧌,en
䧑,er
䧒,el
䧓,ek
䧔,ex
䧖,eg
䧗,ew
䧘,eu
䧚,ek
䧛,ef
䧜,ek
䧝,ei
䧞,em
䧠,ec
䧢,ek
䧤,en
䧥,ex
䧦,eh
䧧,ew
䧨,en
䧪,en
䧬,eb
䧮,ex
䧯,ed
䧰,ex
䧲,gf
䧳,vf
䧴,uf
䧷,wf
䧹,gf
䧿,cf
䨁,sf
䨂,hf
䨈,bf
䨊,rl
䨐,yk
䨑,yy
䨒,yx
䨗,yz
䨚,yx
䨛,yj
䨜,yo
䨝,yo
䨞,yy
䨟,yt
䨠,yv
䨢,yv
䨣,yg
䨤,yz
䨥,yy
䨨,yz
䨫,yw
䨭,yo
䨰,yg
䨱,yw
䨲,yd
䨳,ye
䨴,yc
䨵,yu
䨸,yx
䨹,yh
䨺,ys
䨻,yt
䨼,fy
䨽,fj
䨾,gf
䨿,tf
䩀,fb
䩁,fm
䩂,mv
䩃,mb
䩄,me
䩅,my
䩆,mv
䩇,mk
䩈,mm
䩉,mf
䩊,mv
䩋,mm
䩌,mh
䩍,mx
䩏,mu
䩐,gq
䩒,gy
䩓,gs
䩔,gy
䩕,ge
䩗,go
䩙,gy
䩚,gd
䩛,gb
䩜,gy
䩝,gg
䩞,gk
䩟,gy
䩡,gj
䩢,gj
䩣,gh
䩤,ge
䩥,gz
䩦,rg
䩧,gk
䩨,gi
䩩,gv
䩪,gk
䩫,gr
䩬,gl
䩮,gu
䩯,ga
䩱,gd
䩲,gy
䩳,gy
䩴,go
䩶,gi
䩷,gf
䩸,ge
䩹,gl
䩺,gx
䩼,gz
䩽,gk
䩾,gh
䪁,gn
䪃,gw
䪆,ga
䪈,gz
䪉,gv
䪊,gs
䪋,gz
䪌,gd
䪎,gk
䪏,vn
䪐,vb
䪒,vv
䪓,vk
䪔,vf
䪕,vm
䪗,vy
䪘,vr
䪙,vc
䪚,vx
䪛,vt
䪜,vk
䪝,vy
䪞,tj
䪤,jt
䪥,lj
䪦,lg
䪧,ly
䪨,lu
䪫,lg
䪬,lz
䪭,lo
䪮,lp
䪯,ho
䪰,lx
䪱,jb
䪳,yb
䪴,db
䪵,yb
䪶,qb
䪷,bb
䪸,mb
䪹,pb
䪻,sb
䪼,ib
䪽,kb
䪾,ap
䫀,gb
䫁,zb
䫂,xb
䫃,ib
䫄,bb
䫅,bb
䫆,ib
䫈,eb
䫉,vb
䫊,bb
䫋,hb
䫌,pb
䫎,yb
䫏,qb
䫐,mb
䫑,db
䫒,ub
䫔,fb
䫕,wb
䫖,qb
䫗,vb
䫘,ob
䫚,lb
䫛,rb
䫜,eb
䫞,yb
䫟,kb
䫠,pb
䫡,bb
䫢,pb
䫣,pb
䫤,bb
䫥,gb
䫦,tb
䫩,sb
䫪,db
䫫,lb
䫬,ab
䫭,vb
䫮,eb
䫰,al
䫲,xb
䫴,mb
䫵,zb
䫶,mb
䫸,jd
䫺,ui
䫻,jo
䫼,jg
䫽,jm
䫾,jb
䫿,jk
䬀,jl
䬁,jb
䬂,jv
䬄,jx
䬅,jl
䬆,jd
䬈,je
䬉,jd
䬊,jj
䬋,jw
䬌,hi
䬍,jx
䬎,ja
䬏,jk
䬐,jn
䬑,jo
䬒,jy
䬓,jo
䬔,jd
䬕,ji
䬘,jk
䬛,jl
䬝,jb
䬞,jc
䬟,jd
䬣,rq
䬤,ul
䬦,ry
䬧,re
䬨,rj
䬪,rb
䬫,rd
䬬,ry
䬯,rk
䬰,rk
䬱,rb
䬲,rk
䬳,rb
䬴,rm
䬵,rr
䬶,rg
䬷,rx
䬹,rt
䬼,ro
䬽,re
䬾,rp
䬿,rm
䭀,rz
䭁,fl
䭂,rb
䭃,rx
䭅,rk
䭆,il
䭇,rk
䭉,ro
䭎,rm
䭐,rx
䭑,rn
䭒,rx
䭓,ra
䭔,rz
䭕,il
䭖,rh
䭘,rx
䭙,ro
䭝,ro
䭞,rg
䭠,rn
䭡,rx
䭢,rd
䭤,rz
䭦,rc
䭨,rk
䭩,rf
䭫,bz
䭬,bz
䭭,bb
䭮,az
䭰,hl
䭱,hd
䭲,hk
䭳,ho
䭵,mf
䭷,mm
䭸,mx
䭹,me
䭺,mj
䭻,md
䭿,mu
䮂,md
䮄,my
䮊,my
䮎,mj
䮏,mk
䮑,mc
䮒,mf
䮓,mu
䮔,mi
䮕,my
䮖,mo
䮗,mg
䮘,me
䮙,ma
䮚,mw
䮜,mm
䮝,mi
䮞,mo
䮟,my
䮠,mt
䮡,mw
䮢,mj
䮤,mf
䮥,ml
䮧,um
䮨,mu
䮩,mg
䮫,mn
䮭,me
䮮,mw
䮰,mk
䮱,mz
䮳,mt
䮴,ma
䮵,ml
䮷,mi
䮸,pm
䮹,mp
䮺,ma
䮽,mh
䮾,ms
䮿,mr
䯂,mm
䯄,mn
䯆,gv
䯇,gl
䯈,ge
䯉,gr
䯊,gk
䯋,gd
䯌,gj
䯍,gs
䯏,gk
䯑,gw
䯒,gi
䯓,gt
䯔,gq
䯕,gz
䯖,gl
䯘,ge
䯙,gf
䯚,go
䯛,gv
䯜,gw
䯞,gk
䯟,gu
䯠,gm
䯡,gn
䯢,gg
䯣,gb
䯤,go
䯥,gh
䯦,gu
䯧,wk
䯨,wd
䯪,wb
䯫,ok
䯮,an
䯯,au
䯰,al
䯱,ab
䯲,ab
䯳,as
䯴,ay
䯵,ac
䯶,aq
䯷,au
䯸,ar
䯹,ay
䯼,ah
䯽,ak
䯾,ak
䯿,au
䰀,an
䰁,au
䰂,am
䰃,ay
䰄,ax
䰆,am
䰈,ag
䰉,ay
䰊,ac
䰌,ar
䰎,ab
䰐,am
䰒,"an,au"
䰓,af
䰕,am
䰘,lp
䰙,ay
䰚,aw
䰛,aw
䰜,gg
䰠,gu
䰡,gu
䰢,gi
䰤,dg
䰥,gg
䰦,gu
䰧,gj
䰩,lg
䰫,gw
䰬,gk
䰯,gr
䰰,yg
䰱,yg
䰲,av
䰴,aq
䰵,az
䰷,af
䰸,as
䰼,av
䰽,al
䰾,ab
䱀,ay
䱁,"ab,au"
䱂,al
䱃,au
䱅,am
䱊,am
䱋,ab
䱌,al
䱍,aa
䱏,aa
䱐,az
䱑,aj
䱒,ab
䱓,az
䱔,aw
䱕,am
䱗,la
䱙,ay
䱚,au
䱛,aa
䱜,ao
䱝,au
䱟,ak
䱠,ag
䱡,am
䱢,al
䱣,au
䱤,aj
䱥,pa
䱬,ao
䱭,aa
䱮,ad
䱯,sa
䱰,av
䱱,aj
䱲,au
䱳,al
䱵,ax
䱸,ay
䱺,aa
䱻,ag
䱼,an
䱾,an
䱿,aj
䲀,ta
䲁,ac
䲂,ar
䲃,ag
䲅,ae
䲆,aa
䲉,aj
䲊,ao
䲌,ar
䲏,al
䲐,al
䲑,aw
䲓,ar
䲕,ao
䲖,ac
䲗,ai
䲘,ak
䲙,ae
䲚,ab
䲛,ao
䲜,aa
䲟,ae
䲠,ao
䲢,oa
䲦,nd
䲧,tn
䲨,gn
䲪,dn
䲬,nu
䲮,en
䲯,jn
䲰,en
䲲,bn
䲳,wn
䲵,un
䲸,rn
䲹,pn
䲺,gn
䲻,wn
䲼,un
䲽,un
䲾,gn
䳀,nu
䳁,nd
䳂,dn
䳅,nb
䳆,bn
䳇,mn
䳉,wn
䳋,in
䳍,cn
䳎,jn
䳏,tn
䳐,dn
䳑,un
䳓,ln
䳔,jn
䳕,pn
䳖,nv
䳙,yn
䳚,on
䳜,rn
䳝,ln
䳞,fn
䳟,on
䳠,in
䳡,rn
䳢,qn
䳤,dn
䳦,bn
䳩,xn
䳭,gn
䳮,on
䳯,vn
䳲,fn
䳳,in
䳴,sn
䳵,ln
䳶,nd
䳷,in
䳸,gn
䳻,in
䳾,vn
䳿,pn
䴀,ln
䴁,bn
䴂,dn
䴃,tn
䴄,pn
䴅,un
䴆,yn
䴇,yn
䴉,sn
䴋,ny
䴍,on
䴐,bn
䴑,tn
䴓,an
䴔,wn
䴕,dn
䴖,fn
䴗,on
䴘,pn
䴙,un
䴚,lj
䴛,lo
䴜,lg
䴝,ly
䴞,lf
䴟,"gf,gw"
䴠,gy
䴣,gh
䴤,gu
䴦,gk
䴧,gn
䴩,gx
䴪,gu
䴬,ly
䴭,lc
䴮,le
䴯,lw
䴰,lg
䴱,lb
䴲,lm
䴳,lb
䴴,lk
䴵,lk
䴶,lf
䴷,le
䴹,lg
䴺,lk
䴻,hw
䴼,lg
䴽,lu
䴾,lg
䴿,"ln,lu"
䵀,lb
䵁,lc
䵂,lk
䵃,lb
䵇,gw
䵈,im
䵊,db
䵋,"co,no"
䵌,"cj,nj"
䵎,"ce,ne"
䵏,"cp,np"
䵐,"cl,nl"
䵒,ho
䵓,hn
䵔,hd
䵕,hk
䵖,iu
䵗,ht
䵘,hw
䵙,hx
䵚,hj
䵛,ht
䵜,hn
䵝,hv
䵟,hg
䵠,hu
䵢,hw
䵣,ha
䵤,kh
䵥,hb
䵦,hy
䵧,uh
䵨,hd
䵪,hb
䵫,bh
䵬,ho
䵭,ho
䵮,hw
䵰,hw
䵱,hk
䵲,hm
䵳,ho
䵴,he
䵵,vh
䵶,be
䵷,te
䵹,ue
䵺,tv
䵻,oe
䵼,pv
䵽,us
䵾,ry
䵿,uk
䶀,uk
䶁,uo
䶂,ju
䶃,jv
䶄,jp
䶅,jk
䶆,jf
䶇,jo
䶈,jc
䶉,jt
䶋,zj
䶎,zk
䶏,bl
䶐,zo
䶒,wn
䶓,ja
䶔,vy
䶕,vb
䶗,vk
䶘,vl
䶙,vj
䶛,dk
䶜,vk
䶞,vb
䶟,vj
䶡,vd
䶢,vk
䶣,va
䶤,vg
䶥,vq
䶦,vb
䶨,vr
䶩,va
䶪,vf
䶫,vw
䶬,"gs,ks"
䶮,lt
䶯,nx
䶰,"pm,dm"
䶱,wx
䶳,rj
䶵,rj
䶷,ke
𠀀,av
𠀃,la
𠀊,ud
𠀓,ga
𠀔,ar
𠀝,xu
𠀢,ab
𠀦,av
𠀱,bx
𠀷,ac
𠀸,aq
𠀼,ax
𠀽,ad
𠁗,ud
𠁞,bo
𠁠,qq
𠁭,gg
𠁷,ii
𠂄,dv
𠂆,pp
𠂇,ap
𠂈,vp
𠂑,pp
𠂔,pp
𠂟,pp
𠂢,pn
𠂤,pk
𠂥,pc
𠂧,ps
𠂸,pc
𠃊,vv
𠃌,vv
𠃖,gv
𠃫,av
𠃺,vz
𠄅,yv
𠄉,pv
𠄌,vv
𠄍,vl
𠄏,vv
𠄒,pc
𠄖,rd
𠄚,pd
𠄞,aa
𠄣,aa
𠄮,aa
𠄱,ei
𠄿,el
𠅂,wl
𠅌,wd
𠅗,dn
𠅚,wl
𠅤,wx
𠅬,wy
𠅱,bn
𠅹,wy
𠆐,wh
𠆙,wn
𠆛,wl
𠆣,ar
𠆧,rr
𠆩,rf
𠆮,rl
𠆱,ru
𠆲,rg
𠆵,rv
𠆶,rv
𠇋,rk
𠇏,rv
𠇗,rg
𠇘,rv
𠇱,rm
𠇵,rj
𠇷,ru
𠈅,rw
𠈊,rb
𠈥,rk
𠈬,rt
𠈭,rn
𠈰,rz
𠈱,ru
𠈵,rd
𠈶,rj
𠈸,rx
𠈺,rt
𠉢,ru
𠉣,ro
𠉤,ro
𠉧,ry
𠉩,rm
𠉬,ri
𠊉,rw
𠊌,rh
𠊎,rt
𠊏,rd
𠊒,rw
𠊔,rl
𠊣,ri
𠊤,rr
𠊥,ru
𠊦,rv
𠊧,ry
𠊩,rz
𠊪,ra
𠊫,rz
𠊬,re
𠊭,rk
𠊰,rk
𠊲,rq
𠊶,rn
𠊷,rw
𠊾,rt
𠋖,rj
𠋗,ry
𠋜,rk
𠋝,ru
𠋞,ry
𠋟,ry
𠋡,rl
𠋢,ry
𠋤,rt
𠋧,ra
𠋩,rw
𠋬,rq
𠋭,rk
𠋯,rj
𠋲,rx
𠋵,rw
𠋶,rb
𠋷,ri
𠋺,ri
𠋻,rw
𠌕,rl
𠌖,rm
𠌚,rl
𠌞,ry
𠌟,ry
𠌠,rt
𠌪,ro
𠌭,ru
𠌮,rh
𠌯,rd
𠌰,rv
𠌱,rf
𠌲,rj
𠌴,rj
𠌽,rf
𠍃,rj
𠍄,ra
𠍗,"rj,ra"
𠍚,rx
𠍜,rq
𠍨,"rv,rm"
𠍩,rl
𠍪,rh
𠍫,rr
𠍯,rw
𠍲,rm
𠍳,cg
𠍵,ry
𠍹,rk
𠍽,ro
𠎙,lk
𠎮,rr
𠎰,rx
𠎳,rh
𠎶,wr
𠎷,rj
𠎸,rk
𠎻,rz
𠎿,rn
𠏀,rz
𠏃,rw
𠏇,rt
𠏈,rf
𠏓,rk
𠏕,rn
𠏖,rh
𠏚,rx
𠏛,rf
𠏡,rs
𠏢,rv
𠏤,rb
𠏧,rs
𠏨,rx
𠏩,rr
𠏫,rm
𠏭,"rn,rr"
𠏮,rc
𠏰,rh
𠏿,rl
𠐀,rr
𠐁,"rn,ru"
𠐈,rf
𠐉,re
𠐊,ra
𠐋,rp
𠐌,rb
𠐍,rw
𠐑,rr
𠐡,ri
𠐢,re
𠐧,ro
𠐩,rj
𠐺,rb
𠐻,rr
𠐼,rk
𠐽,rj
𠐾,rb
𠐿,rb
𠑃,rn
𠑄,ry
𠑅,ra
𠑆,rj
𠑑,rj
𠑘,rb
𠑙,rs
𠑚,ry
𠑛,rw
𠑞,rz
𠑟,rz
𠑡,ru
𠑪,rk
𠑯,rb
𠑰,rk
𠑲,rr
𠑴,ro
𠑹,ea
𠒄,iw
𠒜,ee
𠒝,xb
𠒢,ed
𠒰,jl
𠒵,xj
𠒸,zw
𠒾,dm
𠒿,xk
𠓊,xl
𠓋,xg
𠓌,xn
𠓖,xj
𠓗,dd
𠓙,ne
𠓜,rr
𠓝,ru
𠓞,re
𠓢,ru
𠓣,rx
𠓤,ro
𠓪,gg
𠓫,rb
𠓭,rm
𠓮,rk
𠓵,rr
𠓶,ar
𠓷,rx
𠓸,rm
𠓽,ri
𠓿,rf
𠔀,pa
𠔂,lb
𠔋,bx
𠔍,by
𠔎,bl
𠔑,bd
𠔕,bc
𠔠,ba
𠔨,vn
𠔯,"bd,bn"
𠔲,bf
𠔶,qb
𠔺,bk
𠔻,pb
𠔼,ka
𠕁,kc
𠕄,lv
𠕆,ua
𠕊,kd
𠕌,ko
𠕕,kd
𠕖,km
𠕟,rk
𠕠,ki
𠕣,kj
𠕦,kd
𠕭,ku
𠕳,br
𠕴,bj
𠕻,be
𠖂,by
𠖄,bk
𠖆,bb
𠖋,bt
𠖓,bx
𠖛,be
𠖟,bd
𠖫,bb
𠖬,dv
𠖶,dx
𠖷,dk
𠖹,dj
𠗂,dk
𠗆,rd
𠗈,dq
𠗉,dj
𠗊,dg
𠗋,dx
𠗌,de
𠗘,db
𠗚,du
𠗛,dm
𠗝,"dt,dr"
𠗥,do
𠗨,dm
𠗩,dl
𠗳,dn
𠗴,dg
𠗵,df
𠗶,dk
𠗺,dx
𠗻,dt
𠗼,dx
𠗽,dp
𠗾,dx
𠗿,dp
𠘁,de
𠘂,dr
𠘅,dd
𠘆,dm
𠘊,dn
𠘋,dv
𠘌,da
𠘕,dh
𠘖,db
𠘝,db
𠘞,dn
𠘟,dv
𠘢,dv
𠘣,dc
𠘥,dw
𠘧,pv
𠘪,jj
𠘱,jp
𠘳,je
𠘺,wj
𠙆,xj
𠙔,jg
𠙕,jk
𠙞,xj
𠙤,jn
𠙶,lk
𠙼,kk
𠚃,ak
𠚄,rk
𠚅,bk
𠚆,ll
𠚉,hk
𠚓,uk
𠚔,sk
𠚜,"pk,pa"
𠚠,ok
𠚡,pk
𠚥,dd
𠚧,ed
𠚨,vd
𠚭,"ud,bd"
𠚮,dq
𠚯,wd
𠚱,ld
𠚴,vd
𠚵,jd
𠚹,jd
𠚺,ud
𠚻,pd
𠚼,bd
𠚽,ud
𠛀,bd
𠛋,bd
𠛎,bd
𠛑,wd
𠛒,gd
𠛓,pd
𠛔,pd
𠛕,ed
𠛖,ad
𠛘,dd
𠛙,ld
𠛚,yd
𠛡,bd
𠛥,bd
𠛦,pd
𠛩,yd
𠛪,ed
𠛫,xd
𠛭,kd
𠛮,rd
𠛱,vd
𠛳,wd
𠛵,gd
𠛶,bd
𠛸,vd
𠜁,yd
𠜃,jd
𠜄,xd
𠜅,wd
𠜈,yd
𠜉,ld
𠜋,rd
𠜐,ld
𠜑,bd
𠜖,pd
𠜗,xd
𠜘,ed
𠜙,fd
𠜤,tr
𠜱,pd
𠜲,yd
𠜳,od
𠜴,gd
𠜵,fg
𠜹,od
𠜾,ud
𠝐,cd
𠝑,ud
𠝘,wd
𠝚,cd
𠝝,ud
𠝞,qd
𠝟,cd
𠝢,rd
𠝤,vd
𠝪,wd
𠝬,bd
𠝲,hd
𠝽,do
𠝿,xd
𠞀,bd
𠞃,bd
𠞄,pd
𠞆,wd
𠞈,"kd,od"
𠞉,xd
𠞊,yd
𠞕,vr
𠞖,gd
𠞗,td
𠞙,hd
𠞞,pd
𠞤,vd
𠞧,gd
𠞩,wd
𠞬,wd
𠞭,ld
𠞮,dd
𠞯,yd
𠞱,nd
𠞵,sd
𠞶,wd
𠞾,id
𠞿,sd
𠟂,bd
𠟃,bd
𠟅,vd
𠟈,dd
𠟉,ud
𠟊,rd
𠟋,td
𠟌,cd
𠟍,ld
𠟓,vd
𠟗,cd
𠟢,ed
𠟣,yd
𠟦,wd
𠟧,dd
𠟨,yd
𠟩,ud
𠟪,yd
𠟰,dd
𠟺,yd
𠟻,od
𠟼,wd
𠠁,od
𠠃,rj
𠠄,td
𠠋,ld
𠠎,gd
𠠐,ur
𠠔,ud
𠠗,vd
𠠜,hd
𠠝,id
𠠠,ur
𠠢,yd
𠠪,yd
𠠯,td
𠠳,vl
𠠵,jl
𠠶,ql
𠠷,vl
𠠹,dl
𠠻,"il,pl"
𠡂,fl
𠡄,vl
𠡊,dl
𠡑,dl
𠡒,pl
𠡔,vl
𠡝,vl
𠡞,bl
𠡡,ll
𠡤,wl
𠡥,lb
𠡭,tl
𠡮,ol
𠡱,xl
𠡷,lm
𠡸,ul
𠡻,cl
𠢃,ol
𠢆,bl
𠢇,ul
𠢌,fl
𠢍,hl
𠢓,cl
𠢔,kl
𠢕,"ul,fl"
𠢙,vl
𠢚,jl
𠢠,al
𠢡,vl
𠢢,sl
𠢣,ub
𠢤,il
𠢥,fl
𠢩,tl
𠢪,dl
𠢱,ml
𠢲,dl
𠢳,ul
𠢴,dl
𠢵,ml
𠢹,gl
𠣄,dl
𠣇,ui
𠣉,yl
𠣊,fl
𠣐,bp
𠣑,be
𠣒,be
𠣕,bv
𠣖,by
𠣘,bv
𠣠,bc
𠣪,bk
𠣫,dk
𠣬,bv
𠣰,bo
𠣲,bk
𠣳,lu
𠣺,ds
𠣾,bw
𠣿,by
𠤀,dw
𠤄,bg
𠤊,bg
𠤍,bf
𠤎,pv
𠤏,bu
𠤕,bu
𠤗,bb
𠤘,bu
𠤜,ab
𠤝,xb
𠤦,le
𠤫,pb
𠤮,kv
𠤰,ks
𠤴,kb
𠤹,kw
𠤺,ky
𠤼,kw
𠤾,kv
𠥇,kk
𠥍,kk
𠥎,kl
𠥐,kk
𠥑,km
𠥕,km
𠥖,kj
𠥘,kb
𠥙,kc
𠥜,kr
𠥝,ky
𠥞,kw
𠥢,kl
𠥦,kb
𠥨,ki
𠥰,ke
𠥴,kv
𠥿,vu
𠦃,uu
𠦈,ju
𠦊,eu
𠦋,uq
𠦎,bu
𠦏,ru
𠦐,uj
𠦒,al
𠦗,uk
𠦜,"nn,aa"
𠦧,tu
𠦪,uu
𠦫,ku
𠦬,pu
𠦲,lu
𠧀,qu
𠧅,lu
𠧇,lc
𠧉,ul
𠧒,lv
𠧕,uu
𠧖,lr
𠧙,db
𠧚,lr
𠧟,lv
𠧠,lv
𠧤,lv
𠧩,pb
𠧪,lr
𠧫,lw
𠧴,lv
𠧵,ld
𠨃,tb
𠨆,lb
𠨊,ab
𠨌,lx
𠨍,ve
𠨎,vv
𠨕,vv
𠨘,be
𠨚,xe
𠨠,gj
𠨢,dw
𠨥,pe
𠨭,il
𠨲,vi
𠨵,if
𠨸,in
𠨻,iy
𠨾,iu
𠨿,iu
𠩂,is
𠩆,ib
𠩈,iv
𠩉,ii
𠩔,"ib,iq"
𠩗,ir
𠩘,ij
𠩠,ib
𠩥,iw
𠩧,iv
𠩪,id
𠩫,ie
𠩵,im
𠩷,ib
𠩺,wi
𠩿,il
𠪂,ic
𠪃,io
𠪄,it
𠪇,iy
𠪐,it
𠪑,iw
𠪒,ij
𠪗,ir
𠪙,ib
𠪚,iw
𠪟,if
𠪣,iw
𠪧,ig
𠪮,iu
𠪶,ia
𠪷,ii
𠪻,pc
𠫃,im
𠫄,is
𠫉,ib
𠫌,iy
𠫐,iu
𠫓,"ad,ws"
𠫘,su
𠫛,ss
𠫝,sv
𠫣,sn
𠫷,xw
𠫸,sl
𠫹,sl
𠫺,sl
𠬆,sx
𠬈,tu
𠬋,su
𠬓,se
𠬙,sr
𠬝,vy
𠬢,vy
𠬣,"ay,ly"
𠬪,py
𠬬,bj
𠬮,vy
𠭈,vy
𠭉,ly
𠭋,yv
𠭗,ly
𠭥,iy
𠭯,hy
𠭰,wy
𠭴,yi
𠭿,ay
𠮃,uy
𠮆,yw
𠮊,oy
𠮌,yj
𠮑,gy
𠮙,kv
𠮜,kv
𠮠,"kb,kp"
𠮡,ke
𠮨,kn
𠮫,wk
𠮭,ku
𠮯,jk
𠮰,kv
𠮳,uk
𠮴,xk
𠮵,ku
𠮿,ke
𠯀,ki
𠯂,kz
𠯃,kl
𠯈,kd
𠯋,kv
𠯍,ka
𠯐,ko
𠯑,uk
𠯓,jk
𠯔,ke
𠯗,kj
𠯘,ky
𠯙,kd
𠯜,ks
𠯩,kv
𠯪,kd
𠯫,kg
𠯭,ko
𠯯,kp
𠯰,ku
𠯱,kr
𠯲,ko
𠯳,wk
𠯴,kb
𠯷,ks
𠯹,kn
𠰄,kl
𠰅,ku
𠰇,kv
𠰈,ks
𠰉,kk
𠰋,kq
𠰍,kv
𠰏,kf
𠰐,kk
𠰑,kg
𠰓,kh
𠰕,ik
𠰖,kl
𠰚,kx
𠰛,ek
𠰜,kl
𠰴,ku
𠰹,ky
𠰺,ky
𠰻,kb
𠰼,kl
𠰽,"kj,ke"
𠰾,kj
𠱀,ky
𠱐,"kn,kd,kt"
𠱑,kk
𠱓,kv
𠱔,kc
𠱗,wa
𠱘,kp
𠱙,kx
𠱚,kx
𠱛,dk
𠱜,kz
𠱝,ko
𠱞,km
𠱠,kk
𠱡,ka
𠱤,kl
𠱥,kc
𠱧,rk
𠱨,kl
𠱫,lk
𠱯,kg
𠱲,ke
𠱳,kg
𠲋,kn
𠲌,ku
𠲍,ks
𠲎,kg
𠲏,kr
𠲑,bv
𠲒,rk
𠲓,kl
𠲔,kd
𠲖,ky
𠲙,kd
𠲚,kz
𠲛,kk
𠲜,kl
𠲮,kg
𠲱,fk
𠲴,ky
𠲵,kl
𠲷,kv
𠲹,kx
𠲺,kj
𠲻,dk
𠲽,kf
𠲾,ko
𠲿,ku
𠳀,ky
𠳁,km
𠳂,kk
𠳃,ku
𠳇,kk
𠳊,ds
𠳋,vk
𠳌,tk
𠳎,kr
𠳐,ke
𠳭,ke
𠳳,km
𠳴,kn
𠳶,kj
𠳹,km
𠳼,km
𠳽,kd
𠳿,km
𠴂,kl
𠴄,kv
𠴇,kb
𠴡,ke
𠴣,kk
𠴦,bv
𠴨,kk
𠴩,kb
𠴫,ky
𠴭,kw
𠴯,ka
𠴰,kk
𠴱,kk
𠴲,ko
𠴳,ko
𠴵,kj
𠴸,dk
𠴹,kl
𠴺,ke
𠴻,ky
𠴼,kd
𠴾,ki
𠵖,kg
𠵠,kk
𠵣,kv
𠵦,ww
𠵧,ik
𠵨,kc
𠵩,kg
𠵫,ke
𠵬,ky
𠵭,ko
𠵮,kn
𠵯,kd
𠵳,py
𠵷,ke
𠵸,kx
𠵹,ke
𠵺,kb
𠵻,kx
𠵼,km
𠶧,kk
𠶨,kh
𠶫,kn
𠶬,ka
𠶰,"pk,dk"
𠶱,dk
𠶲,kf
𠶷,lk
𠶸,ke
𠶹,kq
𠶻,ke
𠶾,kk
𠶿,ky
𠷀,kd
𠷁,kd
𠷂,kx
𠷃,ky
𠷄,kf
𠷅,ki
𠷇,ky
𠷈,ky
𠷉,kz
𠷊,kg
𠷋,kz
𠷌,kd
𠷍,kv
𠷎,gk
𠷏,wk
𠷐,ka
𠷑,ky
𠷒,ko
𠷓,yb
𠷖,kf
𠷙,kw
𠷞,lk
𠷟,kl
𠷢,ki
𠷸,ka
𠷺,kl
𠷻,kc
𠷿,kx
𠸁,kn
𠸂,kq
𠸄,ky
𠸮,yv
𠸱,kx
𠸲,ak
𠸳,kv
𠸴,kb
𠸸,kk
𠸹,ka
𠸺,kz
𠹀,kx
𠹁,kg
𠹃,km
𠹄,kg
𠹅,kx
𠹆,kv
𠹈,kl
𠹊,ku
𠹋,ku
𠹌,kb
𠹍,kk
𠹎,kh
𠹐,kw
𠹑,km
𠹓,kf
𠹔,kk
𠹕,ku
𠹖,kn
𠹘,kw
𠹛,ka
𠹟,bk
𠹠,km
𠹤,kx
𠹥,kx
𠹦,kx
𠺒,kx
𠺔,ky
𠺕,kt
𠺖,kj
𠺗,kz
𠺘,kl
𠺙,kz
𠺚,kw
𠺝,kk
𠺟,ki
𠺢,ku
𠺣,kd
𠻍,ky
𠻏,kd
𠻐,kk
𠻗,kd
𠻙,kk
𠻚,ck
𠻜,ku
𠻝,kp
𠻞,kn
𠻠,ks
𠻡,"lk,dk"
𠻤,kb
𠻥,kg
𠻦,kw
𠻧,kk
𠻨,ka
𠻪,kh
𠻫,kx
𠻬,kh
𠻱,kw
𠻴,ko
𠼖,kn
𠼗,kj
𠼘,kk
𠼝,km
𠼞,ry
𠼟,km
𠼠,kb
𠼡,gy
𠼢,ki
𠼤,kt
𠼩,kc
𠼪,kx
𠼬,kk
𠽜,kk
𠽝,kb
𠽡,kx
𠽣,kj
𠽦,kk
𠽨,ko
𠽩,ky
𠽪,ko
𠽫,ky
𠽬,kb
𠽰,kr
𠽱,kv
𠽲,km
𠽵,ka
𠽶,km
𠽷,kb
𠽹,kk
𠽻,kk
𠽼,kv
𠽾,ko
𠽿,ku
𠾀,kw
𠾆,kn
𠾇,kc
𠾉,gc
𠾋,ku
𠾌,kj
𠾏,ko
𠾐,ku
𠾢,kc
𠾤,mk
𠾥,ds
𠾨,kr
𠾩,kv
𠾬,kr
𠾮,ku
𠾲,kv
𠿆,kw
𠿇,kn
𠿈,kx
𠿉,ik
𠿋,"kk,kv"
𠿏,kh
𠿑,kx
𠿓,kj
𠿔,kx
𠿕,yj
𠿗,kb
𠿘,kv
𠿛,kl
𠿜,kw
𠿝,kr
𠿞,ka
𠿟,pk
𠿠,"kg,ka"
𠿡,bk
𠿢,kr
𠿣,kr
𠿤,ky
𠿥,ko
𡀆,ub
𡀑,kv
𡀔,kk
𡀖,kb
𡀗,kc
𡀘,kn
𡀙,ki
𡀹,kb
𡀺,kb
𡀽,km
𡀾,kh
𡀿,kn
𡁀,kr
𡁁,ky
𡁆,kn
𡁇,ku
𡁈,ku
𡁉,kv
𡁊,kn
𡁋,kx
𡁌,kr
𡁍,kr
𡁎,kb
𡁑,kg
𡁓,kw
𡁔,ko
𡁕,kn
𡁧,ki
𡁨,yk
𡁪,kd
𡁮,kk
𡁱,kh
𡁳,kd
𡁴,kc
𡂊,ku
𡂏,kv
𡂒,kb
𡂓,kz
𡂕,kp
𡂖,ky
𡂗,kk
𡂘,kh
𡂙,kz
𡂚,ko
𡂛,ka
𡂝,kb
𡂟,ks
𡂡,kw
𡂣,kl
𡂩,ke
𡂫,kz
𡂭,kz
𡂿,kr
𡃂,kh
𡃃,ke
𡃄,kb
𡃅,ky
𡃆,ko
𡃝,kc
𡃞,ko
𡃡,lk
𡃢,ka
𡃦,kf
𡃩,ky
𡃳,kb
𡃷,kt
𡃸,kn
𡄇,ku
𡄑,kj
𡄒,uk
𡄓,kr
𡄔,ke
𡄕,ky
𡄖,kx
𡄟,ky
𡄡,kl
𡄢,ko
𡄣,kx
𡄤,kz
𡄱,kr
𡄲,nk
𡄳,ku
𡄴,kk
𡄵,ky
𡄷,kr
𡄹,kk
𡄻,uk
𡅂,kn
𡅃,ks
𡅄,wl
𡅅,kb
𡅆,ki
𡅇,ky
𡅓,kg
𡅕,uk
𡅖,xl
𡅗,kj
𡅘,kv
𡅙,kb
𡅡,wk
𡅥,kb
𡅭,kl
𡅱,kk
𡅶,km
𡅹,ka
𡅺,ka
𡅻,kk
𡆅,kw
𡆆,kf
𡆏,kj
𡆕,kx
𡆣,kr
𡆤,ke
𡆦,kb
𡆩,ky
𡆮,ku
𡆯,ke
𡆱,kp
𡆲,kw
𡆸,kg
𡆽,kv
𡇀,ky
𡇂,kh
𡇄,ky
𡇈,ku
𡇑,kk
𡇒,km
𡇓,kt
𡇖,ki
𡇚,kb
𡇝,kz
𡇟,ky
𡇠,kb
𡇤,bk
𡇦,kn
𡇧,ka
𡇨,kl
𡇩,kj
𡇬,kv
𡇭,kn
𡇮,ky
𡇯,ku
𡇰,ke
𡇱,kk
𡇳,ke
𡇵,ku
𡇶,sk
𡇷,bk
𡇸,kb
𡇺,kh
𡇼,kv
𡇿,kd
𡈀,ky
𡈅,kl
𡈆,kk
𡈉,kk
𡈊,km
𡈍,kr
𡈎,kw
𡈏,km
𡈐,kk
𡈒,kx
𡈓,kb
𡈗,kd
𡈠,ku
𡈣,kc
𡈧,ay
𡈨,kk
𡈮,km
𡈯,bb
𡈰,kk
𡈲,kd
𡈴,kx
𡈵,ky
𡈶,kr
𡈼,pt
𡈿,tu
𡉄,ut
𡉅,tk
𡉆,tk
𡉉,ta
𡉎,tg
𡉐,gt
𡉑,td
𡉒,tv
𡉓,tn
𡉗,tz
𡉚,vt
𡉛,"tv,tq"
𡉩,tq
𡉪,ty
𡉭,to
𡉴,"ta,th"
𡉷,bt
𡉸,st
𡉺,tu
𡊁,te
𡊄,st
𡊅,st
𡊉,tm
𡊍,tu
𡊛,ts
𡊝,wt
𡊞,pt
𡊟,to
𡊠,tj
𡊡,ty
𡊣,qt
𡊧,te
𡊨,ty
𡊫,tj
𡊭,bt
𡊶,te
𡊸,tu
𡊻,td
𡊼,gt
𡋙,tk
𡋚,rt
𡋟,tx
𡋧,pt
𡋨,ta
𡋩,it
𡋪,lt
𡋬,at
𡋭,lt
𡋯,tz
𡌔,to
𡌜,ti
𡌞,tt
𡌤,tq
𡌦,ft
𡌩,to
𡌪,xt
𡌭,yt
𡌲,tk
𡍌,tg
𡍍,tv
𡍐,tb
𡍒,tf
𡍛,tr
𡍡,tv
𡍤,tt
𡍥,tm
𡍦,ti
𡍨,ty
𡍪,tj
𡍫,td
𡍮,pt
𡍲,te
𡍶,at
𡍷,ta
𡍻,tw
𡎉,lt
𡎍,tj
𡎑,tp
𡎒,dt
𡎔,tt
𡎘,ty
𡎚,tc
𡎫,tk
𡎬,rq
𡎮,to
𡎳,gt
𡎺,pt
𡎻,tt
𡎾,to
𡎿,lt
𡏀,tt
𡏁,tz
𡏘,tw
𡏚,tj
𡏛,td
𡏞,"tr,tz"
𡏩,pt
𡏪,tm
𡏭,tm
𡏮,tg
𡏯,tw
𡏵,et
𡏼,tw
𡐋,to
𡐌,tz
𡐏,rt
𡐒,tm
𡐓,tn
𡐔,tb
𡐖,tt
𡐝,th
𡐞,dt
𡐠,pt
𡐤,tx
𡐥,tf
𡑀,mt
𡑄,tu
𡑈,ik
𡑍,tl
𡑎,tc
𡑘,ut
𡑚,ut
𡑞,tz
𡑟,tz
𡑣,ti
𡑯,tr
𡑶,pt
𡑻,mt
𡑽,td
𡑾,tt
𡒁,tj
𡒃,pt
𡒄,tx
𡒊,pt
𡒌,tz
𡒍,et
𡒏,tu
𡒒,xv
𡒓,it
𡒖,dt
𡒯,"tn,tu"
𡒱,wt
𡒳,tf
𡒾,tg
𡓉,rt
𡓍,tv
𡓒,tb
𡓓,jt
𡓔,th
𡓖,ti
𡓘,tf
𡓣,tu
𡓦,td
𡓭,gt
𡓰,tk
𡓷,rt
𡓸,it
𡓿,kt
𡔇,mt
𡔕,lt
𡔛,du
𡔜,uu
𡔣,ud
𡔪,ut
𡔱,ud
𡔴,uo
𡕁,ue
𡕉,uk
𡕏,um
𡕐,uk
𡕒,al
𡕖,wl
𡕗,wl
𡕢,mw
𡕧,ww
𡕪,vw
𡕮,tw
𡕰,xw
𡖉,xd
𡖎,xl
𡖐,xy
𡖑,xu
𡖒,"xe,xd"
𡖓,xv
𡖔,xa
𡖛,xk
𡖝,xr
𡖞,xk
𡖢,xj
𡖣,xa
𡖤,xk
𡖧,xt
𡖪,xt
𡖫,xv
𡖬,xe
𡖯,xu
𡖲,xn
𡖳,jx
𡖺,xn
𡖻,xq
𡖾,xb
𡗁,xu
𡗆,lx
𡗈,xt
𡗍,yx
𡗏,kx
𡗑,xy
𡗞,yd
𡗢,dl
𡗤,tl
𡗥,dt
𡗦,dl
𡗲,dj
𡗵,dl
𡗷,dg
𡗸,dv
𡗹,dc
𡗼,db
𡘍,da
𡘏,dz
𡘐,do
𡘛,dn
𡘝,du
𡘡,kd
𡘧,dp
𡘪,du
𡘭,fd
𡘰,da
𡘴,dd
𡙀,dn
𡙋,dw
𡙎,tt
𡙐,dw
𡙑,wd
𡙒,tt
𡙓,dp
𡙘,dc
𡙛,bd
𡙣,dw
𡙪,dg
𡙬,dk
𡙭,fd
𡙮,dw
𡙶,"yd,yv"
𡚅,rd
𡚇,sd
𡚈,bt
𡚊,df
𡚌,tt
𡚑,tz
𡚔,dh
𡚗,dt
𡚛,dt
𡚜,df
𡚟,df
𡚠,dy
𡚨,nb
𡚭,nb
𡚮,jn
𡚷,un
𡚹,nv
𡚻,nd
𡚼,nu
𡚽,in
𡛌,tn
𡛗,bn
𡛘,ne
𡛙,nl
𡛜,nd
𡛝,ln
𡛞,nc
𡛟,nv
𡛠,ns
𡛡,ny
𡛽,yn
𡜀,sn
𡜁,ng
𡜂,dn
𡜃,nr
𡜉,nm
𡜊,nf
𡜋,nv
𡜚,ne
𡜥,nk
𡜦,un
𡜧,nx
𡜨,nm
𡜫,nd
𡜬,ny
𡜯,nv
𡜱,nx
𡜲,nk
𡜳,ny
𡜵,nf
𡝉,fn
𡝊,nj
𡝋,nn
𡝍,nu
𡝐,nh
𡝒,nw
𡝓,nn
𡝙,nx
𡝚,nw
𡝛,nk
𡝜,nk
𡝝,dn
𡝟,nq
𡝦,nv
𡝧,pn
𡝩,ny
𡝫,dn
𡞘,nn
𡞙,no
𡞚,no
𡞜,bn
𡞞,no
𡞟,bn
𡞢,nd
𡞣,xn
𡞥,nu
𡞦,nz
𡞧,nw
𡞪,nw
𡞫,nx
𡞭,nj
𡞯,nk
𡟍,ng
𡟑,nu
𡟓,ny
𡟕,fn
𡟞,np
𡟟,nx
𡟠,nv
𡟢,nk
𡟣,nj
𡟤,no
𡟥,ny
𡟨,en
𡟩,no
𡟫,nb
𡟬,"nh,nm"
𡟭,nu
𡟯,nx
𡟳,na
𡠆,un
𡠊,nm
𡠋,pn
𡠏,nm
𡠒,na
𡠖,nu
𡠗,tn
𡠘,ny
𡠙,nz
𡠚,nl
𡠜,cn
𡠞,nc
𡠥,gn
𡠹,nj
𡠿,nm
𡡀,no
𡡂,ny
𡡄,nv
𡡈,no
𡡉,gn
𡡎,nn
𡡏,hn
𡡐,nn
𡡑,no
𡡒,nj
𡡔,ny
𡡕,in
𡡖,no
𡡗,ny
𡡥,nm
𡡺,nu
𡢀,nb
𡢈,dn
𡢊,nd
𡢒,na
𡢕,jn
𡢖,in
𡢘,ne
𡢚,nf
𡢜,gn
𡢱,nd
𡢳,nx
𡢹,nl
𡣀,en
𡣁,no
𡣂,dn
𡣈,no
𡣋,nc
𡣔,ng
𡣢,vn
𡣪,nz
𡣬,nd
𡣮,nx
𡣯,ng
𡣹,wn
𡣽,nj
𡣾,nl
𡤋,nj
𡤎,nv
𡤗,nh
𡤙,ne
𡤛,nc
𡤢,nf
𡤫,vn
𡤶,ng
𡤽,za
𡤿,zr
𡥁,zd
𡥆,iz
𡥈,xz
𡥋,lz
𡥍,yz
𡥎,vz
𡥞,pz
𡥦,zz
𡥨,zo
𡥩,zp
𡥶,zy
𡥽,wz
𡥿,zv
𡦁,vz
𡦃,hz
𡦄,xz
𡦆,pz
𡦊,lz
𡦍,ze
𡦎,zm
𡦔,wz
𡦕,zc
𡦛,wz
𡦜,zl
𡦝,kz
𡦟,wu
𡦨,wj
𡦪,zz
𡦳,lh
𡦷,zz
𡦻,bv
𡦼,br
𡧍,bm
𡧒,bd
𡧕,by
𡧖,"bm,bd"
𡧗,bw
𡧙,be
𡧥,bv
𡧩,bt
𡧭,bv
𡧹,ba
𡧽,bv
𡨀,bh
𡨄,bb
𡨅,bk
𡨇,bb
𡨖,bd
𡨗,bq
𡨛,bf
𡨡,bd
𡨢,bk
𡨣,by
𡨩,bo
𡨲,by
𡨳,br
𡨵,ba
𡨻,bv
𡨽,bo
𡨿,bh
𡩂,bb
𡩃,ba
𡩄,bl
𡩆,ub
𡩇,bv
𡩘,bo
𡩚,bu
𡩡,bx
𡩣,bm
𡩤,bo
𡩥,bx
𡩩,bk
𡩶,by
𡩸,bv
𡩽,bd
𡩾,bk
𡪁,bk
𡪅,be
𡪑,bv
𡪒,bt
𡪗,bk
𡪙,bo
𡪞,bk
𡪠,bo
𡪱,bq
𡪳,be
𡪵,by
𡪺,ba
𡫀,bw
𡫁,be
𡫃,bt
𡫟,bd
𡫥,bk
𡫦,bc
𡫧,bo
𡫬,br
𡫯,bv
𡫸,bk
𡫹,bk
𡫽,bn
𡬂,bd
𡬄,bu
𡬆,bo
𡬇,bb
𡬉,pt
𡬊,by
𡬋,bk
𡬌,bo
𡬍,bm
𡬕,bb
𡬖,bh
𡬗,ba
𡬘,xd
𡬙,bd
𡬜,bd
𡬥,lc
𡬫,vc
𡬯,pc
𡬲,vc
𡬳,pc
𡬵,xc
𡬸,vc
𡭂,"ac,uc"
𡭇,an
𡭋,ac
𡭐,pc
𡭘,nx
𡭛,xc
𡭞,xh
𡭢,xm
𡭣,xu
𡭥,wu
𡭭,xl
𡭮,xo
𡭳,ax
𡭷,xu
𡭸,uk
𡭾,xv
𡭿,xv
𡮎,wx
𡮙,sx
𡮚,xk
𡮞,bu
𡮦,au
𡮰,gx
𡮻,iu
𡮿,du
𡯁,uv
𡯄,"yl,ul"
𡯇,"yd,ud"
𡯈,"yr,ur"
𡯉,"yy,uy"
𡯋,"yg,ug"
𡯏,"yu,uu"
𡯐,"ym,um"
𡯑,bu
𡯒,bo
𡯘,"yy,uy"
𡯙,"yo,uo"
𡯢,"yk,uk"
𡯥,"yi,ui"
𡯨,"yt,ut"
𡯩,"yo,uo"
𡯫,bb
𡯰,"yc,uc"
𡯱,bb
𡯳,"yk,uk"
𡯴,"yu,uu"
𡯵,"yn,un"
𡯷,bk
𡯽,"yk,uk"
𡯿,"yb,ub"
𡰀,"yu,uu"
𡰅,wg
𡰆,"ym,um"
𡰋,"yf,uf"
𡰌,"yn,un"
𡰎,"yn,un"
𡰐,hy
𡰑,"yk,uk"
𡰒,"yl,ul"
𡰕,bl
𡰖,"yr,ur"
𡰚,my
𡰝,"yf,uf"
𡰞,wf
𡰠,"yf,uf"
𡰢,"yk,uk"
𡰥,ue
𡰨,ud
𡰫,ui
𡰯,uj
𡰲,uu
𡰹,up
𡰽,uy
𡰾,up
𡰿,uw
𡱁,uu
𡱅,us
𡱇,uk
𡱉,yy
𡱊,uu
𡱌,ua
𡱐,uy
𡱑,uo
𡱔,uo
𡱜,ud
𡱣,ul
𡱯,uc
𡱱,uy
𡱳,uu
𡱷,uv
𡱺,uk
𡱼,ug
𡱽,ux
𡱾,uy
𡲀,ug
𡲕,uy
𡲗,ui
𡲚,uy
𡲣,ul
𡲪,uz
𡲭,uy
𡲮,ub
𡲰,uh
𡲼,ur
𡲿,uy
𡳂,ua
𡳄,uk
𡳆,uq
𡳑,ut
𡳘,ur
𡳚,ua
𡳞,ul
𡳭,um
𡳮,ub
𡳴,wf
𡳸,uv
𡳾,vv
𡴅,vj
𡴆,vb
𡴎,vk
𡴔,vs
𡴭,ev
𡴯,ev
𡴱,ev
𡵀,ew
𡵉,ew
𡵌,"ei,ey"
𡵑,re
𡵒,se
𡵓,es
𡵕,de
𡵖,eh
𡵗,ed
𡵘,"ea,eh"
𡵙,ee
𡵚,el
𡵛,ex
𡵜,en
𡵞,ef
𡵟,eb
𡵬,em
𡵻,ej
𡶂,ee
𡶃,ev
𡶄,es
𡶆,ek
𡶈,eu
𡶉,ef
𡶋,ej
𡶌,eu
𡶎,ew
𡶏,ei
𡶐,ek
𡶑,eg
𡶢,ee
𡶤,ey
𡶥,ek
𡶦,eq
𡶪,ue
𡶫,ek
𡶭,ed
𡶯,ex
𡶱,es
𡶲,em
𡷋,ee
𡷍,eg
𡷎,ey
𡷏,ey
𡷐,eg
𡷓,ec
𡷕,em
𡷖,ei
𡷗,ee
𡷘,ed
𡷛,eg
𡷜,ev
𡷝,ev
𡷞,ex
𡷠,ey
𡷡,eo
𡷢,ex
𡷤,"ed,et"
𡷥,ne
𡷨,eg
𡷪,et
𡷸,ez
𡷺,ce
𡷻,ee
𡷼,ee
𡷽,eu
𡷿,er
𡸂,eh
𡸃,ea
𡸈,ea
𡸉,ed
𡸌,ev
𡸎,ee
𡸑,ew
𡸔,et
𡸕,eg
𡸗,ev
𡸘,ey
𡸛,er
𡸜,eq
𡸞,ej
𡸟,et
𡸡,ie
𡸣,ee
𡸤,eg
𡸥,ev
𡸨,ey
𡸪,eu
𡹄,ey
𡹇,em
𡹉,ey
𡹎,eo
𡹓,ex
𡹕,ee
𡹘,he
𡹙,ej
𡹢,ez
𡹣,ek
𡹥,et
𡹨,ey
𡹩,ie
𡹪,ea
𡹬,ek
𡹭,et
𡹯,ez
𡹰,ep
𡹲,eo
𡹵,eu
𡹶,en
𡹷,el
𡹸,ex
𡹹,ue
𡹼,ek
𡹾,eb
𡺇,ek
𡺑,em
𡺒,en
𡺓,eb
𡺔,oe
𡺕,el
𡺖,ey
𡺗,eo
𡺘,eh
𡺛,er
𡺜,ew
𡺟,ea
𡺡,em
𡺫,ej
𡺭,eb
𡺮,eb
𡺯,ef
𡺴,ei
𡺵,ec
𡺷,ew
𡺸,eo
𡺺,eg
𡺽,eo
𡻈,eh
𡻌,en
𡻎,en
𡻐,ex
𡻑,en
𡻘,em
𡻙,ee
𡻚,en
𡻝,eg
𡻞,el
𡻟,ed
𡻠,eh
𡻡,ey
𡻢,eg
𡻣,ex
𡻤,ge
𡻧,ae
𡻨,ey
𡻩,ey
𡻪,ep
𡻫,ek
𡻬,eu
𡻭,ex
𡻮,eb
𡻰,ex
𡻱,ex
𡼁,ed
𡼃,en
𡼄,et
𡼊,ex
𡼎,ek
𡼓,ed
𡼖,we
𡼗,eu
𡼘,ev
𡼚,kk
𡼛,eg
𡼜,eo
𡼬,"el,eu"
𡼱,el
𡼻,pk
𡼼,eo
𡼽,er
𡼾,eo
𡼿,ei
𡽁,eu
𡽂,ey
𡽅,ez
𡽆,eb
𡽉,ea
𡽊,et
𡽖,en
𡽛,ef
𡽜,ek
𡽝,ek
𡽠,eb
𡽢,ef
𡽣,eq
𡽧,ew
𡽱,ef
𡽲,ef
𡽳,em
𡽴,ei
𡽶,el
𡽻,ej
𡽼,en
𡾂,ey
𡾅,ex
𡾇,eb
𡾉,eu
𡾋,et
𡾌,eh
𡾒,em
𡾓,eo
𡾕,ew
𡾖,eg
𡾙,ek
𡾛,ek
𡾜,ef
𡾥,ex
𡾦,eu
𡾨,ey
𡾮,ey
𡾰,er
𡾱,ex
𡾲,eu
𡾻,ei
𡾼,ey
𡾽,eo
𡾾,eg
𡿂,el
𡿄,ei
𡿉,ce
𡿊,ne
𡿋,ei
𡿎,ef
𡿏,ef
𡿓,eh
𡿖,ek
𡿗,em
𡿙,en
𡿛,em
𡿝,ey
𡿠,el
𡿡,er
𡿤,ck
𡿥,ep
𡿧,va
𡿨,vv
𡿩,va
𡿯,ov
𡿰,av
𡿾,vf
𡿿,gv
𢀁,vd
𢀊,vr
𢀋,vj
𢀌,vg
𢀍,ob
𢀕,gv
𢀖,vg
𢀗,gv
𢀘,gl
𢀜,gp
𢀡,ug
𢀪,gr
𢀴,ps
𢀵,jj
𢀼,cb
𢁀,cs
𢁁,as
𢁂,qs
𢁒,jj
𢁓,aj
𢁕,ju
𢁖,jd
𢁗,jg
𢁘,jp
𢁝,jj
𢁞,jp
𢁠,jg
𢁢,"jv,jk"
𢁤,jn
𢁧,jr
𢁩,jn
𢁪,jg
𢁬,jv
𢁮,jv
𢁱,jy
𢁶,jy
𢁷,js
𢁹,pj
𢁻,jj
𢁼,jd
𢁽,jb
𢁾,jk
𢁿,jv
𢂀,jf
𢂁,jk
𢂃,jv
𢂄,jy
𢂆,jc
𢂊,jl
𢂍,jp
𢂏,al
𢂐,jl
𢂒,jy
𢂔,jb
𢂕,jv
𢂗,pj
𢂘,jw
𢂝,jy
𢂤,ad
𢂨,pj
𢂱,jo
𢂶,jk
𢂹,je
𢂺,lj
𢂼,fj
𢃀,jr
𢃍,ju
𢃎,ja
𢃏,jx
𢃐,jg
𢃕,jo
𢃗,jk
𢃘,"pj,hj"
𢃜,jq
𢃢,jo
𢃥,ij
𢃦,jg
𢃩,jv
𢃬,bj
𢃭,jx
𢃮,jm
𢃯,jt
𢃰,jr
𢃱,jm
𢃲,jg
𢃳,eb
𢃴,uj
𢃸,jh
𢃺,bj
𢄀,al
𢄄,"eq,vq"
𢄅,jm
𢄇,bs
𢄊,jg
𢄋,hj
𢄌,jy
𢄍,jm
𢄎,jf
𢄏,bj
𢄐,"jn,ju"
𢄓,jw
𢄗,bk
𢄜,jg
𢄟,jz
𢄠,jk
𢄡,wj
𢄢,tj
𢄣,je
𢄤,ij
𢄦,jn
𢄧,fj
𢄱,jz
𢄳,jo
𢄵,jn
𢄶,ja
𢄷,jx
𢄸,jy
𢄹,jk
𢄺,jh
𢄼,pj
𢄽,jb
𢄿,aj
𢅀,ju
𢅁,pj
𢅈,wj
𢅉,be
𢅊,pj
𢅋,jo
𢅎,jw
𢅑,jh
𢅒,ja
𢅕,jz
𢅗,jz
𢅚,jd
𢅜,ej
𢅝,uj
𢅞,bu
𢅟,jr
𢅠,ij
𢅡,jm
𢅤,jm
𢅥,jc
𢅩,jb
𢅪,jx
𢅫,jx
𢅭,jb
𢅮,tj
𢅯,jt
𢅰,je
𢅹,jc
𢅺,"yj,vj"
𢅼,jw
𢅾,jf
𢆀,jw
𢆂,jd
𢆉,bg
𢆚,ku
𢆜,og
𢆟,"ag,yk"
𢆣,bn
𢆦,sd
𢆩,"jk,jg"
𢆯,yl
𢆴,yl
𢆶,yy
𢆷,yu
𢆸,yv
𢆻,yj
𢆽,yu
𢇇,ya
𢇗,gx
𢇘,gn
𢇙,gy
𢇚,gy
𢇞,gk
𢇟,gw
𢇤,gu
𢇥,gu
𢇦,gr
𢇧,gv
𢇨,gy
𢇪,gy
𢇫,gf
𢇰,ge
𢇲,gh
𢇳,gy
𢇴,gj
𢇵,gy
𢇶,gt
𢇷,gd
𢇸,gu
𢈂,gk
𢈄,gv
𢈆,gk
𢈇,ge
𢈈,gk
𢈉,gk
𢈋,go
𢈓,go
𢈕,gn
𢈙,gj
𢈚,gk
𢈛,gm
𢈜,gu
𢈝,gq
𢈠,gu
𢈡,gw
𢈢,gi
𢈤,gj
𢈩,gr
𢈯,gu
𢈲,gz
𢈴,gx
𢈵,gg
𢈶,gj
𢈸,gx
𢈹,gu
𢈻,gr
𢈼,gu
𢈽,gg
𢈾,gy
𢉁,go
𢉂,gk
𢉃,gk
𢉅,gj
𢉆,gz
𢉑,go
𢉕,gd
𢉗,ga
𢉘,gh
𢉚,gv
𢉜,go
𢉝,gn
𢉞,gc
𢉢,go
𢉤,gm
𢉥,gv
𢉦,gi
𢉧,go
𢉨,gd
𢉩,go
𢉭,gu
𢉵,ge
𢉺,gq
𢉿,gm
𢊀,gj
𢊁,gh
𢊄,gy
𢊅,gz
𢊇,gy
𢊍,gc
𢊏,gu
𢊒,gh
𢊓,go
𢊕,gx
𢊖,gm
𢊗,gd
𢊘,gy
𢊙,gk
𢊚,gr
𢊛,gf
𢊜,gi
𢊧,ga
𢊩,gb
𢊮,gb
𢊯,gh
𢊱,gb
𢊲,gm
𢊻,gx
𢋂,go
𢋃,ga
𢋄,gv
𢋅,gr
𢋆,gr
𢋇,gg
𢋒,gy
𢋔,gk
𢋚,go
𢋛,gl
𢋝,gm
𢋡,go
𢋣,gw
𢋮,gw
𢋸,gb
𢋻,gw
𢋼,gg
𢋿,gx
𢌀,gy
𢌄,gf
𢌈,gf
𢌍,gn
𢌔,gr
𢌕,ga
𢌚,ze
𢌦,zw
𢌨,zo
𢌲,ec
𢌳,pc
𢌷,nc
𢌹,sc
𢌻,tc
𢍁,yc
𢍆,fc
𢍇,tc
𢍈,dc
𢍎,nc
𢍏,pc
𢍑,rc
𢍓,wc
𢍕,jc
𢍚,uc
𢍧,sc
𢍭,ac
𢍰,sc
𢍱,pc
𢍼,ay
𢍿,py
𢎀,yo
𢎂,yr
𢎃,yo
𢎄,dy
𢎈,yo
𢎌,gy
𢎎,sg
𢎔,av
𢎕,vy
𢎘,vv
𢎙,vv
𢎠,"gl,vv"
𢎥,ge
𢎪,gj
𢎭,gj
𢎴,gd
𢎵,vl
𢎹,gg
𢎻,gl
𢏃,dg
𢏅,gh
𢏆,gk
𢏈,gk
𢏎,gs
𢏒,"pd,pp"
𢏕,gk
𢏗,"gg,kg"
𢏙,gy
𢏜,gx
𢏞,ga
𢏤,gw
𢏦,gu
𢏧,"gt,gy"
𢏭,gv
𢏮,gl
𢏯,gj
𢏰,gl
𢏳,"gg,gk"
𢏷,gi
𢐂,gr
𢐃,gc
𢐄,gu
𢐆,gg
𢐊,gf
𢐎,gn
𢐒,go
𢐔,gr
𢐞,go
𢐟,gk
𢐦,ug
𢐩,gi
𢐲,gg
𢐳,gx
𢐾,gg
𢐿,gy
𢑆,gf
𢑇,gj
𢑈,gx
𢑓,vx
𢑖,ej
𢑝,ev
𢑟,eg
𢑠,ey
𢑢,oj
𢑬,el
𢑹,fy
𢒆,xp
𢒉,pq
𢒍,fp
𢒐,rp
𢒒,pp
𢒔,ap
𢒝,jp
𢒞,jp
𢒩,pr
𢒯,kp
𢒰,ua
𢒱,vp
𢒲,wr
𢒷,pk
𢒾,il
𢓀,iy
𢓃,iw
𢓄,ik
𢓆,ie
𢓇,in
𢓋,ie
𢓍,it
𢓒,ir
𢓔,il
𢓕,ik
𢓖,ip
𢓗,ib
𢓘,id
𢓙,ir
𢓜,ik
𢓝,id
𢓞,ia
𢓟,iv
𢓡,iy
𢓢,ik
𢓣,in
𢓧,iy
𢓨,id
𢓬,ij
𢓮,io
𢓯,iw
𢓰,in
𢓱,if
𢓲,ik
𢓵,in
𢔁,iw
𢔂,id
𢔅,id
𢔆,il
𢔇,if
𢔈,ik
𢔊,ik
𢔋,is
𢔑,iv
𢔔,ia
𢔙,iu
𢔟,im
𢔠,iy
𢔡,ib
𢔢,id
𢔣,ij
𢔤,ib
𢔥,io
𢔧,ik
𢔩,ir
𢔪,io
𢔱,ie
𢔲,it
𢔳,ii
𢔴,ie
𢕅,ii
𢕋,ii
𢕎,il
𢕑,iu
𢕓,ik
𢕔,iu
𢕕,ip
𢕖,"iv,is"
𢕘,if
𢕙,im
𢕚,ic
𢕞,ix
𢕟,iw
𢕦,il
𢕪,ik
𢕫,ir
𢕬,iv
𢕭,iw
𢕮,ik
𢕯,iu
𢕷,ih
𢕺,ip
𢕻,ik
𢖄,iw
𢖅,ii
𢖆,in
𢖇,ih
𢖈,if
𢖊,iv
𢖋,ii
𢖏,ib
𢖑,ib
𢖛,ih
𢖝,ij
𢖟,ix
𢖤,ib
𢖦,iy
𢖧,iy
𢖩,dd
𢖫,dx
𢖬,xb
𢖳,xy
𢖴,qx
𢖵,xn
𢖷,xg
𢖺,xy
𢗄,xx
𢗈,bd
𢗉,xn
𢗊,rx
𢗎,xy
𢗒,xf
𢗫,bx
𢗭,ox
𢗯,ox
𢗰,xx
𢗲,xf
𢗳,xm
𢗴,xv
𢗵,xv
𢗹,jx
𢗺,bw
𢗿,xm
𢘀,xd
𢘃,xm
𢘄,xr
𢘅,sx
𢘇,ox
𢘉,xj
𢘊,xu
𢘋,rx
𢘌,xs
𢘍,fx
𢘟,xk
𢘧,xr
𢘬,xy
𢘸,xl
𢘹,xm
𢘺,xm
𢘽,xy
𢘿,vx
𢙁,dx
𢙂,ax
𢙅,rx
𢙇,xy
𢙮,ux
𢙱,xc
𢙲,xk
𢙳,xu
𢙺,xx
𢙼,xg
𢙾,xg
𢙿,xv
𢚀,xz
𢚁,xx
𢚂,xt
𢚅,fx
𢚆,xl
𢚋,xe
𢚌,xx
𢚑,dx
𢚩,px
𢚪,ux
𢚫,vx
𢚭,xu
𢚮,xs
𢚺,xk
𢚻,xl
𢚾,xd
𢛁,px
𢛃,wx
𢛄,xt
𢛆,gx
𢛉,xi
𢛍,xk
𢛎,xd
𢛒,xs
𢛓,mx
𢛔,xd
𢛖,cx
𢛘,xo
𢛚,ix
𢛛,xv
𢛜,dx
𢛞,xu
𢛟,xy
𢛥,ux
𢛦,wx
𢛮,nx
𢜗,xl
𢜘,xc
𢜣,mx
𢜥,xk
𢜨,ux
𢜩,xk
𢜪,xk
𢜫,xo
𢜬,xy
𢜭,xe
𢜮,xm
𢜯,gx
𢜰,xc
𢜱,xe
𢜲,xu
𢜳,xa
𢜴,xu
𢜶,xy
𢜸,xm
𢜻,xr
𢜼,xn
𢜽,xt
𢜿,xu
𢝀,xq
𢝁,xk
𢝂,xm
𢝅,vx
𢝆,xv
𢝇,xu
𢝈,xm
𢝉,xe
𢝌,xo
𢝍,xx
𢝓,xu
𢝬,lx
𢝯,kx
𢝳,dx
𢝴,xx
𢝸,xk
𢝹,xd
𢞇,xk
𢞉,dx
𢞋,"xx,rx"
𢞏,xk
𢞐,xk
𢞒,xx
𢞕,xf
𢞖,xy
𢞗,xb
𢞚,ex
𢞜,xo
𢞞,xz
𢞟,xk
𢞠,xx
𢞡,"xr,xz"
𢞣,rx
𢞦,xo
𢞭,px
𢟊,xn
𢟋,xz
𢟢,xd
𢟣,xy
𢟤,wx
𢟧,xd
𢟨,xc
𢟩,xe
𢟪,gx
𢟭,xw
𢟯,tx
𢟰,"xn,xu"
𢟱,xu
𢟳,xu
𢟴,xf
𢟵,xt
𢟾,xm
𢟿,xn
𢠝,kx
𢠡,xh
𢠫,xh
𢠬,ux
𢠭,xy
𢠮,xn
𢠲,xt
𢠷,xb
𢠹,xj
𢠺,xy
𢠼,xb
𢠽,xn
𢠿,xh
𢡀,xh
𢡁,xx
𢡂,dx
𢡃,lx
𢡅,xm
𢡇,xu
𢡈,ix
𢡉,xv
𢡍,xl
𢡎,xz
𢡏,xy
𢡑,gx
𢡒,xv
𢡰,tx
𢡴,ax
𢡵,ex
𢡹,ix
𢢁,xz
𢢂,xk
𢢌,xx
𢢍,wx
𢢒,xu
𢢓,xf
𢢖,xv
𢢗,xi
𢢚,xr
𢢜,xn
𢢞,ix
𢢹,nx
𢣉,kx
𢣊,xo
𢣎,xv
𢣏,xm
𢣐,xb
𢣓,ex
𢣔,xf
𢣕,bx
𢣗,xy
𢣘,yx
𢣙,xw
𢣚,xx
𢣞,uw
𢣠,ox
𢣦,xl
𢣵,xc
𢣻,xk
𢣼,xx
𢣿,xx
𢤁,rx
𢤂,hx
𢤄,xx
𢤆,xy
𢤋,xb
𢤍,gx
𢤎,fx
𢤐,px
𢤘,cx
𢤚,xg
𢤤,xx
𢤧,vx
𢤩,xv
𢤫,xl
𢤯,xj
𢤰,lx
𢤱,xs
𢤲,lx
𢥂,xm
𢥃,xo
𢥋,xv
𢥌,xy
𢥏,xk
𢥐,xm
𢥘,xk
𢥚,xc
𢥳,xk
𢥽,hx
𢦅,xb
𢦈,xi
𢦊,qx
𢦌,ag
𢦍,ad
𢦎,jg
𢦑,ad
𢦒,ag
𢦕,gj
𢦚,gp
𢦟,gv
𢦰,av
𢦱,ao
𢦲,wj
𢦸,kg
𢦺,rg
𢦼,uv
𢦽,wk
𢦿,ig
𢧀,og
𢧈,ag
𢧏,tg
𢧑,ut
𢧖,dg
𢧗,lg
𢧝,lg
𢧥,bg
𢧦,wn
𢧧,uc
𢧩,gg
𢧮,og
𢧱,yg
𢧳,gg
𢧴,fg
𢧻,dg
𢧽,lg
𢨁,gj
𢨐,kg
𢨒,lg
𢨔,rg
𢨜,gi
𢨟,lk
𢨦,"pu,hu"
𢨨,hr
𢨮,hq
𢨯,"pa,hh"
𢨰,hx
𢨱,hs
𢨳,hh
𢨺,"pe,he"
𢩀,hd
𢩁,"pk,hk"
𢩄,"pu,hu"
𢩈,"pt,ht"
𢩏,ha
𢩐,he
𢩑,"pw,hw"
𢩒,hb
𢩓,"pg,hg"
𢩔,hy
𢩕,"pa,hh"
𢩖,"pj,hj"
𢩗,uh
𢩘,"pm,hm"
𢩞,hv
𢩟,jc
𢩠,"py,hy"
𢩡,hb
𢩢,"pd,hd"
𢩦,vu
𢩨,fv
𢩮,fy
𢩯,fa
𢩰,fl
𢩲,fu
𢩸,wu
𢩹,fx
𢩻,fm
𢩼,fy
𢪃,fd
𢪇,pu
𢪈,fa
𢪋,ff
𢪍,fd
𢪎,fb
𢪏,fo
𢪥,uw
𢪧,fn
𢪨,fj
𢪪,fg
𢪬,fv
𢪶,fv
𢪷,fo
𢪼,fy
𢪾,fs
𢫐,fr
𢫓,fy
𢫔,fy
𢫢,fu
𢫧,fv
𢫨,fu
𢫫,fy
𢫬,fm
𢫭,fr
𢫯,fq
𢫰,xu
𢫲,fv
𢫴,du
𢫵,fu
𢫷,fb
𢫸,"fn,fd,ft"
𢫻,fs
𢫿,fs
𢬀,fg
𢬫,vd
𢬬,vv
𢬱,fl
𢬲,fk
𢬳,fj
𢬴,fv
𢬵,fc
𢬶,fy
𢬷,fk
𢬼,ft
𢬾,fj
𢬿,fc
𢭁,fx
𢭂,fn
𢭃,fa
𢭅,fh
𢭎,fl
𢭥,ul
𢭦,fz
𢭧,fi
𢮁,fd
𢮂,fy
𢮃,hu
𢮄,fm
𢮇,fm
𢮉,fd
𢮊,fv
𢮌,fl
𢮍,fg
𢮏,uk
𢮐,fk
𢮚,ft
𢮛,fd
𢮞,fv
𢯅,ft
𢯊,fu
𢯋,fj
𢯌,fu
𢯩,fd
𢯫,fy
𢯭,fj
𢯮,fo
𢯰,fy
𢯲,ou
𢯳,fy
𢯴,fx
𢯵,fg
𢯶,ft
𢯷,fl
𢯸,fy
𢯹,fg
𢯺,fy
𢯼,fi
𢯽,fq
𢯾,fo
𢰆,fc
𢰇,fu
𢰊,fc
𢰌,fx
𢰍,fh
𢰒,fo
𢰘,fc
𢰙,fc
𢰜,fy
𢰿,uu
𢱁,fo
𢱄,fy
𢱆,fk
𢱈,fy
𢱉,fv
𢱌,fm
𢱟,fi
𢱡,fb
𢱢,fx
𢱣,fo
𢱤,fz
𢱦,fd
𢱧,fb
𢱨,fx
𢱮,fm
𢱴,fm
𢱶,fx
𢱷,fy
𢱺,fy
𢱽,fx
𢱾,fh
𢲔,fw
𢲴,uu
𢲵,fo
𢲶,fq
𢲸,fd
𢲼,ft
𢲽,fj
𢲾,fc
𢲿,vu
𢳀,fm
𢳁,gu
𢳂,fl
𢳃,fh
𢳄,fr
𢳆,fw
𢳇,fu
𢳈,fu
𢳋,fu
𢳑,fl
𢳓,fy
𢳙,fd
𢳚,fm
𢳝,fl
𢳟,fz
𢳽,fy
𢳾,fl
𢴂,fc
𢴆,fo
𢴠,fo
𢴢,fb
𢴦,fb
𢴧,fb
𢴨,fk
𢴩,fy
𢴪,fr
𢴬,fw
𢴭,yu
𢴰,fd
𢴱,fx
𢴲,fx
𢴳,du
𢴾,fx
𢵇,fy
𢵈,fk
𢵞,ff
𢵥,hu
𢶀,ff
𢶃,fb
𢶅,fr
𢶇,fu
𢶉,fs
𢶋,fw
𢶌,fu
𢶍,fj
𢶒,fo
𢶓,fu
𢶡,bu
𢶳,fm
𢶴,fx
𢶶,fx
𢷍,fx
𢷑,fh
𢷔,fk
𢷕,fe
𢷖,fv
𢷗,"fr,fn"
𢷙,fg
𢷞,fm
𢷢,fe
𢷶,fd
𢷸,fw
𢷹,ft
𢷺,fb
𢷻,fu
𢷾,fx
𢷿,fg
𢸀,fn
𢸁,pu
𢸆,fu
𢸌,fj
𢸗,fj
𢸘,fx
𢸙,ft
𢸣,fy
𢸥,fs
𢸦,fz
𢸨,fm
𢸫,fh
𢸬,fy
𢸭,lu
𢸴,fj
𢹃,fb
𢹍,fg
𢹏,pu
𢹑,fa
𢹒,fy
𢹓,fx
𢹔,fb
𢹖,fa
𢹘,fu
𢹙,fm
𢹚,fy
𢹝,fk
𢹮,ft
𢹳,fm
𢹼,ff
𢺄,fa
𢺅,fr
𢺇,fm
𢺈,fx
𢺑,ff
𢺞,fo
𢺟,fy
𢺡,fi
𢺣,fx
𢺫,fr
𢺯,fg
𢺰,fr
𢺴,fp
𢺵,by
𢺷,ay
𢺼,jy
𢺽,xy
𢺿,uy
𢻀,vy
𢻂,fy
𢻅,qy
𢻇,xy
𢻉,wy
𢻋,uk
𢻓,wy
𢻔,gy
𢻗,"gy,qy"
𢻘,gy
𢻙,sy
𢻚,yy
𢻜,by
𢻟,by
𢻠,"py,hy"
𢻢,dy
𢻤,yy
𢻨,"yy,ty"
𢻪,ky
𢻫,yy
𢻮,ew
𢻵,ay
𢻷,by
𢻸,by
𢻹,bw
𢻼,dy
𢻿,lo
𢼀,by
𢼁,uw
𢼇,bw
𢼉,sw
𢼊,bw
𢼋,aw
𢼌,by
𢼐,by
𢼑,jw
𢼙,kw
𢼚,hw
𢼛,wy
𢼟,vy
𢼠,bw
𢼣,uy
𢼤,qy
𢼦,cy
𢼩,by
𢼫,xw
𢼰,qy
𢼱,ky
𢼲,vy
𢼳,kw
𢼸,ew
𢼹,fy
𢼺,fy
𢼼,xy
𢽂,ll
𢽃,ey
𢽄,zy
𢽇,kw
𢽕,oy
𢽖,ey
𢽗,ew
𢽚,ay
𢽜,uy
𢽝,ry
𢽢,ky
𢽦,by
𢽧,ky
𢽨,wy
𢽩,oy
𢽭,ly
𢽸,ew
𢽹,uw
𢾀,ly
𢾁,vy
𢾃,ly
𢾄,rw
𢾅,gw
𢾆,by
𢾇,ay
𢾊,wy
𢾎,fy
𢾐,by
𢾑,ly
𢾒,by
𢾔,og
𢾦,py
𢾧,ly
𢾩,ty
𢾪,yy
𢾫,vy
𢾬,wy
𢾱,py
𢾲,gy
𢾳,cw
𢾺,kw
𢾿,ay
𢿂,wg
𢿈,sy
𢿌,dy
𢿎,by
𢿏,xy
𢿜,ow
𢿞,dy
𢿡,ly
𢿢,py
𢿣,ty
𢿤,vy
𢿦,xy
𢿧,xy
𢿭,hu
𢿸,vy
𣀀,yy
𣀁,dy
𣀂,qy
𣀃,gy
𣀄,yy
𣀏,xy
𣀐,zw
𣀒,ey
𣀓,uy
𣀔,vy
𣀜,ty
𣀝,yy
𣀞,hy
𣀣,xy
𣀥,iy
𣀧,my
𣀫,gy
𣀯,gy
𣀳,ew
𣀶,ny
𣀷,ay
𣀻,uy
𣀾,gy
𣁉,bw
𣁍,pw
𣁒,nw
𣁗,ew
𣁜,"ow,kw"
𣁟,ww
𣁢,dw
𣁦,ww
𣁨,aw
𣁭,vu
𣁯,de
𣁰,dj
𣁳,"gu,qu"
𣁴,ru
𣁵,yu
𣁷,pu
𣁻,dc
𣂁,gu
𣂄,lu
𣂆,wu
𣂇,df
𣂉,wu
𣂊,uu
𣂒,lj
𣂗,jj
𣂜,ij
𣂝,jk
𣂞,"lj,dj"
𣂤,oj
𣂥,"pj,ij"
𣂬,bk
𣂮,rj
𣂳,wj
𣂴,jd
𣂵,vj
𣂻,kj
𣂽,kj
𣃄,cj
𣃅,jd
𣃈,cj
𣃉,jt
𣃍,vj
𣃑,vj
𣃗,fd
𣃘,fg
𣃝,fy
𣃧,fo
𣃳,fy
𣃵,fu
𣃽,fx
𣃾,fd
𣄅,fk
𣄉,fy
𣄍,fr
𣄎,fc
𣄏,ft
𣄑,fd
𣄓,fm
𣄕,fo
𣄙,fw
𣄜,fb
𣄝,fr
𣄟,fa
𣄠,fq
𣄧,fz
𣄮,ak
𣄰,ak
𣄱,at
𣄲,av
𣄴,ax
𣄸,ak
𣄺,ah
𣄻,ov
𣅃,ob
𣅄,zo
𣅉,or
𣅍,ko
𣅚,on
𣅝,oy
𣅟,ov
𣅡,og
𣅤,oq
𣅥,oh
𣅰,go
𣅷,oe
𣅺,ol
𣅻,ok
𣅾,ro
𣆈,ow
𣆍,ov
𣆔,ov
𣆕,lo
𣆖,ov
𣆗,ok
𣆘,ol
𣆙,og
𣆚,ox
𣆛,xo
𣆟,va
𣆧,ow
𣆫,jo
𣆲,oy
𣆳,og
𣆴,oz
𣆵,oa
𣆽,od
𣇖,oo
𣇗,oy
𣇙,bo
𣇢,od
𣇦,oi
𣇧,oh
𣇨,on
𣇫,og
𣇬,og
𣇰,om
𣇳,ob
𣈊,no
𣈍,oq
𣈎,om
𣈠,oc
𣈡,ov
𣈥,od
𣈶,oa
𣈿,on
𣉄,fr
𣉅,ot
𣉒,of
𣉓,ot
𣉔,oi
𣉕,om
𣉖,oa
𣉗,om
𣉘,so
𣉚,oy
𣉛,oj
𣉜,oy
𣉡,oz
𣉩,yo
𣉪,ov
𣉮,ob
𣉾,ok
𣉿,oo
𣊁,fo
𣊃,so
𣊔,co
𣊝,om
𣊞,or
𣊟,ow
𣊧,oo
𣊶,ow
𣊺,oo
𣋄,cz
𣋉,od
𣋊,oa
𣋋,oe
𣋍,ob
𣋏,on
𣋘,oo
𣋞,om
𣋟,"oy,om"
𣋢,oe
𣋣,om
𣋲,ov
𣋳,oh
𣋵,om
𣋶,og
𣋹,oc
𣋿,wo
𣌅,"kv,ov"
𣌍,oe
𣌏,oy
𣌓,of
𣌗,oy
𣌚,ox
𣌜,ov
𣌞,bl
𣌟,or
𣌠,fo
𣌧,lo
𣌨,"ue,ud"
𣌬,oa
𣌭,ro
𣌾,ud
𣍆,uo
𣍇,gy
𣍏,gg
𣍐,wo
𣍛,gi
𣍟,bo
𣍦,oe
𣍧,io
𣍴,"ov,os"
𣎅,ov
𣎓,or
𣎔,oe
𣎗,ox
𣎚,oh
𣎛,ok
𣎟,oc
𣎩,io
𣎮,od
𣎱,ou
𣎲,oh
𣎳,uv
𣎴,an
𣎵,vn
𣏀,md
𣏎,my
𣏑,jj
𣏔,vm
𣏖,ml
𣏗,sm
𣏚,mu
𣏞,my
𣏟,uv
𣏠,mx
𣏡,mr
𣏶,mu
𣏷,km
𣏺,mv
𣐂,em
𣐃,im
𣐊,mj
𣐋,mv
𣐎,mw
𣐏,my
𣐑,mb
𣐓,me
𣐫,am
𣐮,km
𣐯,im
𣐵,ml
𣐺,an
𣐿,my
𣑁,me
𣑂,mv
𣑃,dm
𣑦,gm
𣑧,tm
𣑸,km
𣑹,mj
𣑿,ms
𣒂,me
𣒃,my
𣒄,me
𣒅,mk
𣒆,mj
𣒇,mj
𣒷,gm
𣒸,mw
𣒹,mn
𣒼,rm
𣓀,lm
𣓃,mn
𣓅,mm
𣓆,mr
𣓈,mr
𣓉,mr
𣓊,mu
𣓋,mb
𣓌,mk
𣓏,mm
𣓐,my
𣓒,my
𣓔,gm
𣓕,ms
𣓗,mo
𣓛,mb
𣓝,am
𣓧,am
𣔐,md
𣔓,my
𣔗,"sf,su"
𣔘,tm
𣔙,mr
𣔚,om
𣔛,mw
𣔫,mt
𣔬,mc
𣔮,mv
𣔯,"md,my"
𣔱,my
𣔲,mz
𣔵,dm
𣔶,mv
𣔷,ml
𣔸,mr
𣔹,mu
𣔺,mo
𣔻,mq
𣔽,vm
𣕁,nm
𣕃,my
𣕄,mk
𣕅,ms
𣕇,xm
𣕉,mk
𣕌,mw
𣕍,md
𣕎,mm
𣕾,mb
𣖄,qm
𣖅,mu
𣖆,mz
𣖉,mm
𣖊,md
𣖌,mb
𣖐,mz
𣖣,mp
𣖤,lk
𣖨,mb
𣖪,mm
𣖫,um
𣖬,mr
𣖭,mt
𣖮,mm
𣖯,mx
𣖰,mb
𣖱,mw
𣖳,mw
𣖵,mt
𣖷,mo
𣖸,mu
𣖹,mu
𣖻,mm
𣖼,mv
𣖾,my
𣖿,mb
𣗁,uu
𣗋,me
𣗐,me
𣗲,qm
𣗵,mv
𣗶,md
𣗸,dm
𣗹,mx
𣗺,sk
𣗻,su
𣘖,mm
𣘗,mk
𣘘,mu
𣘙,me
𣘚,mu
𣘛,me
𣘝,"mv,ms"
𣘞,my
𣘟,rm
𣘠,mk
𣘣,mo
𣘤,mx
𣘥,mc
𣘦,km
𣘧,mc
𣘨,my
𣘪,me
𣘫,kj
𣘬,wm
𣘲,mu
𣘻,mh
𣙗,tm
𣙘,mu
𣙛,mo
𣙟,mj
𣙢,mv
𣙱,mk
𣙴,mk
𣙵,mc
𣙶,ma
𣙷,mc
𣙻,my
𣙼,sm
𣙿,mb
𣚀,"mt,my"
𣚁,mb
𣚃,mx
𣚄,qm
𣚆,mt
𣚇,am
𣚋,me
𣚌,mk
𣚎,mx
𣚏,wm
𣚐,mh
𣚒,mb
𣚓,mo
𣚔,mh
𣚕,mq
𣚖,md
𣚘,dm
𣚙,mg
𣚜,mx
𣚝,my
𣚟,mv
𣚠,md
𣚡,mm
𣚢,mz
𣚩,"pm,hm"
𣚪,ma
𣛓,mi
𣛔,mg
𣛕,gg
𣛗,mk
𣛚,mx
𣛫,mh
𣛱,mj
𣛴,mx
𣛵,my
𣛶,mh
𣛷,mm
𣛸,mu
𣛹,mz
𣛺,me
𣛻,mm
𣛽,my
𣛾,ms
𣜁,mf
𣜂,mj
𣜄,wf
𣜇,mb
𣜢,gy
𣜣,kv
𣜧,"md,mu"
𣜨,sv
𣜬,mw
𣜭,mh
𣜹,yp
𣜺,mb
𣜽,yi
𣝁,mu
𣝂,mg
𣝅,mr
𣝇,mm
𣝈,mn
𣝉,mc
𣝋,mz
𣝌,mx
𣝍,mc
𣝎,mh
𣝏,mk
𣝐,am
𣝑,pm
𣝒,mm
𣝕,mg
𣝗,mg
𣝚,em
𣝜,sc
𣝝,uu
𣝞,ug
𣝸,mj
𣝽,mw
𣞇,wk
𣞐,mh
𣞑,mw
𣞒,mw
𣞓,mb
𣞔,mr
𣞗,md
𣞘,mr
𣞙,um
𣞜,mu
𣞝,mx
𣞟,sb
𣞤,dm
𣞰,jm
𣞴,hk
𣟀,mz
𣟁,mt
𣟆,mz
𣟇,mm
𣟈,md
𣟉,im
𣟊,my
𣟋,my
𣟌,mn
𣟏,am
𣟐,mf
𣟑,mc
𣟤,mb
𣟦,cm
𣟰,pm
𣟲,my
𣟳,mz
𣟵,mg
𣟹,mp
𣟺,mw
𣟼,sh
𣟽,sl
𣠎,sw
𣠏,sy
𣠚,mt
𣠜,mh
𣠞,em
𣠠,mt
𣠭,my
𣠷,mi
𣠸,ma
𣠹,mx
𣠺,mr
𣠼,mp
𣡉,yd
𣡋,mx
𣡎,mh
𣡕,mm
𣡞,mk
𣡟,ma
𣡠,my
𣡧,mf
𣡩,mg
𣡭,mq
𣡰,rg
𣡶,mm
𣡺,tt
𣡽,mm
𣡾,gg
𣢁,ur
𣢂,ur
𣢄,yr
𣢅,wr
𣢇,jr
𣢉,rr
𣢊,wr
𣢋,br
𣢌,dr
𣢍,br
𣢎,ur
𣢏,br
𣢐,dr
𣢑,vr
𣢒,ur
𣢓,nr
𣢕,ar
𣢖,hr
𣢗,jr
𣢚,gr
𣢛,"pr,hr"
𣢜,yr
𣢝,rr
𣢞,ur
𣢟,gr
𣢠,br
𣢡,ur
𣢤,lr
𣢥,qr
𣢦,lr
𣢨,pr
𣢪,dr
𣢫,vr
𣢬,ir
𣢭,ir
𣢰,ur
𣢲,br
𣢳,nr
𣢴,pr
𣢶,ar
𣢷,wr
𣢺,rr
𣣈,rr
𣣉,jr
𣣊,vr
𣣋,tr
𣣌,dr
𣣎,wr
𣣏,ur
𣣑,br
𣣒,jr
𣣚,dr
𣣜,yr
𣣝,"gr,br"
𣣞,br
𣣟,br
𣣠,rr
𣣡,dr
𣣣,ur
𣣩,"tr,dr"
𣣭,ir
𣣲,lr
𣣳,pr
𣣴,sr
𣣶,br
𣣷,vr
𣣸,lr
𣣹,tr
𣣺,ar
𣣿,ur
𣤁,ar
𣤃,bn
𣤇,dr
𣤈,fr
𣤊,xr
𣤋,lr
𣤌,yr
𣤎,zr
𣤖,ir
𣤘,qr
𣤡,pr
𣤢,ir
𣤨,cr
𣤩,xr
𣤪,xr
𣤯,ur
𣤰,yr
𣤱,dr
𣤲,wr
𣤳,ur
𣤴,hr
𣤵,or
𣤶,tr
𣤷,ur
𣤺,ur
𣥂,lp
𣥃,vv
𣥇,vu
𣥊,wv
𣥋,pa
𣥐,vr
𣥞,vj
𣥣,vy
𣥤,vt
𣥥,vq
𣥨,vj
𣥯,vo
𣥰,vy
𣥳,rv
𣥷,vv
𣥹,vy
𣥺,xv
𣥻,vw
𣥼,vk
𣥾,vo
𣦇,vw
𣦉,vo
𣦌,vt
𣦐,vv
𣦖,lp
𣦜,vk
𣦠,vo
𣦡,vo
𣦢,uv
𣦦,vo
𣦩,vy
𣦪,yv
𣦫,ve
𣦬,vi
𣦭,ve
𣦯,iv
𣦵,la
𣦶,av
𣦼,ly
𣧂,dd
𣧃,dq
𣧄,vd
𣧈,de
𣧊,di
𣧌,dg
𣧍,dn
𣧎,dg
𣧏,dy
𣧒,dl
𣧖,dd
𣧗,dy
𣧙,du
𣧚,od
𣧛,dh
𣧜,db
𣧝,dr
𣧡,dv
𣧣,dm
𣧤,dk
𣧥,dl
𣧦,dj
𣧧,dd
𣧬,dk
𣧲,dm
𣧳,dk
𣧵,dx
𣧺,dl
𣧼,dv
𣧽,de
𣧾,dg
𣧿,dd
𣨀,bb
𣨂,dt
𣨄,lk
𣨅,dc
𣨇,da
𣨉,dl
𣨊,dp
𣨋,dj
𣨍,"dy,dt"
𣨎,dt
𣨓,dk
𣨔,db
𣨗,md
𣨘,dy
𣨙,dn
𣨛,du
𣨜,dn
𣨝,dd
𣨞,dl
𣨟,dw
𣨠,dx
𣨡,de
𣨢,di
𣨣,dx
𣨤,da
𣨥,do
𣨪,dg
𣨫,df
𣨲,dy
𣨳,de
𣨶,du
𣨺,dg
𣨻,wb
𣨾,du
𣨿,di
𣩀,dc
𣩄,dm
𣩅,dk
𣩈,dg
𣩏,db
𣩑,df
𣩒,do
𣩓,dg
𣩔,db
𣩙,dh
𣩚,dk
𣩜,de
𣩟,da
𣩠,dj
𣩡,dy
𣩢,dx
𣩧,dk
𣩩,ud
𣩪,dp
𣩫,dn
𣩭,bb
𣩯,dh
𣩰,df
𣩱,dm
𣩴,gb
𣩷,da
𣩹,dy
𣩺,pb
𣩽,dy
𣪀,db
𣪁,db
𣪂,dy
𣪄,dy
𣪇,uy
𣪉,ky
𣪌,ay
𣪐,vy
𣪠,iy
𣪨,uy
𣪭,fy
𣪮,by
𣪯,by
𣪶,sy
𣪸,uy
𣪹,uy
𣫀,uy
𣫈,uy
𣫉,un
𣫌,uy
𣫎,uy
𣫐,uy
𣫒,ug
𣫔,uy
𣫙,um
𣫜,uu
𣫣,ui
𣫥,kn
𣫧,cy
𣫨,um
𣫪,uo
𣫬,va
𣫱,"em,ea"
𣫳,"ma,va"
𣫴,tm
𣫹,"jw,jm,ja"
𣫻,gn
𣬂,bg
𣬆,by
𣬉,pb
𣬋,db
𣬍,cb
𣬎,dg
𣬏,lb
𣬐,du
𣬕,dk
𣬘,bc
𣬛,pv
𣬠,mj
𣬩,bm
𣬪,am
𣬫,ml
𣬬,mj
𣬮,km
𣬴,mr
𣬵,fm
𣬶,mb
𣬷,bm
𣬸,dm
𣬹,rm
𣬺,um
𣬻,lm
𣬼,my
𣬽,mw
𣬿,mv
𣭀,bm
𣭇,mm
𣭖,km
𣭘,fm
𣭙,mb
𣭝,mk
𣭠,nm
𣭮,jm
𣭳,qm
𣭷,um
𣭹,ym
𣭻,zm
𣭽,im
𣮄,mn
𣮆,bm
𣮈,um
𣮉,lm
𣮊,om
𣮌,am
𣮍,mn
𣮎,mb
𣮏,mg
𣮐,mu
𣮡,dm
𣮢,wm
𣮧,bm
𣮪,sm
𣮫,vm
𣮬,my
𣮰,om
𣮾,um
𣯀,mo
𣯅,im
𣯆,lm
𣯋,mc
𣯌,dm
𣯍,mu
𣯎,"km,om"
𣯏,me
𣯐,mz
𣯚,mk
𣯜,my
𣯤,md
𣯧,mf
𣯨,im
𣯩,mr
𣯪,mr
𣯭,mw
𣯯,em
𣯱,em
𣯴,ml
𣯸,dm
𣯹,ym
𣯻,um
𣯼,xm
𣰃,me
𣰈,md
𣰋,dm
𣰌,cm
𣰕,mm
𣰚,vm
𣰛,cm
𣰜,mj
𣰞,mf
𣰠,fm
𣰡,km
𣰥,"mn,mu"
𣰦,mm
𣰨,bm
𣰩,mn
𣰶,wm
𣰷,mj
𣰺,um
𣰻,cm
𣰼,me
𣰿,am
𣱀,mf
𣱂,ym
𣱈,mb
𣱉,em
𣱍,su
𣱐,dt
𣱓,pd
𣱜,qx
𣱦,qm
𣱧,qv
𣱫,qt
𣱱,ln
𣱶,db
𣱻,uj
𣱼,dd
𣱽,dn
𣲀,dp
𣲂,vu
𣲄,dr
𣲋,dw
𣲑,dy
𣲒,dl
𣲓,dr
𣲖,dn
𣲗,dw
𣲘,dw
𣲜,ju
𣲡,dd
𣲢,dx
𣲥,dd
𣲱,hu
𣲲,dh
𣲳,dk
𣲵,db
𣲶,dj
𣲷,dy
𣲽,"dj,de"
𣲾,dt
𣲿,dy
𣳀,du
𣳃,du
𣳅,dx
𣳜,dv
𣳠,dm
𣳤,dt
𣳦,dx
𣳩,dr
𣳬,df
𣳭,dy
𣳰,du
𣳲,dz
𣴓,dn
𣴖,dx
𣴞,dt
𣴢,du
𣴣,du
𣴨,dz
𣴪,dl
𣴽,dh
𣵞,dk
𣵟,du
𣵢,da
𣵱,"dw,du,dr"
𣵷,de
𣵸,dj
𣵺,dy
𣵻,db
𣵼,dg
𣶆,dg
𣶈,dw
𣶊,db
𣶋,dh
𣶌,dw
𣶍,dq
𣶏,dr
𣶐,de
𣶝,dq
𣶠,dx
𣶡,dx
𣶣,ds
𣶦,du
𣷓,dk
𣷠,do
𣷡,dx
𣷥,do
𣷩,do
𣷪,dv
𣷫,dw
𣷶,dy
𣷾,dj
𣷿,do
𣸀,di
𣸃,"dd,du"
𣸄,do
𣸆,db
𣸇,dg
𣸉,dy
𣸊,ds
𣸋,dq
𣸎,dy
𣸏,du
𣸐,uu
𣸒,du
𣸘,dz
𣸙,da
𣸚,dy
𣸛,dd
𣸝,dx
𣸠,dd
𣸢,db
𣸣,dr
𣹇,dk
𣹋,dj
𣹒,dt
𣹚,dc
𣹜,de
𣹝,do
𣹞,dn
𣹟,db
𣹠,dd
𣹡,do
𣹥,do
𣹧,dv
𣹩,do
𣹪,dm
𣹬,uy
𣹮,db
𣹯,dv
𣹱,dr
𣹲,du
𣹵,dv
𣹶,dw
𣺀,dx
𣺬,dv
𣺭,"db,dn"
𣺮,ds
𣺰,do
𣺹,dn
𣻍,dh
𣻎,dw
𣻐,dq
𣻑,dy
𣻒,ds
𣻕,"dv,dm"
𣻖,dv
𣻘,do
𣻚,di
𣻛,dj
𣻜,dc
𣻠,du
𣻡,dl
𣻢,dz
𣻩,de
𣻮,be
𣻱,da
𣻵,dv
𣼟,du
𣼠,dj
𣼦,dl
𣼧,du
𣽅,dk
𣽆,"dd,df"
𣽈,de
𣽉,dh
𣽌,dr
𣽍,dn
𣽎,du
𣽒,db
𣽕,ds
𣽖,dg
𣽚,do
𣽛,dk
𣽝,di
𣽟,dr
𣽡,dc
𣽤,dn
𣽥,db
𣽦,dn
𣽨,vu
𣽭,dm
𣽮,dk
𣽯,dr
𣽳,dj
𣽴,do
𣾤,dh
𣾦,du
𣿅,dv
𣿆,dj
𣿇,dx
𣿈,du
𣿉,do
𣿊,dw
𣿌,dz
𣿎,dk
𣿐,du
𣿒,du
𣿓,df
𣿝,dc
𣿞,dy
𣿟,dy
𣿣,dm
𣿤,dj
𤀃,dk
𤀉,dg
𤀊,dg
𤀝,de
𤀣,dy
𤀤,dc
𤀦,du
𤀨,dd
𤀩,iu
𤀪,db
𤀫,du
𤀰,dk
𤀲,lu
𤀷,do
𤁡,du
𤁢,dg
𤁣,db
𤁥,di
𤁦,dw
𤁧,dk
𤁪,db
𤁫,db
𤁮,dk
𤁯,dv
𤁰,di
𤁱,dx
𤁳,dk
𤁵,dk
𤁹,dd
𤁼,dm
𤁽,do
𤁿,do
𤂀,dt
𤂁,dn
𤂃,dr
𤂆,dj
𤂠,ds
𤂤,dn
𤂲,db
𤂶,df
𤂹,du
𤂺,de
𤂼,zu
𤂿,dz
𤃀,dn
𤃨,dm
𤃩,dk
𤃪,dg
𤃫,db
𤃭,dh
𤃮,dj
𤃲,dx
𤃵,dk
𤃶,da
𤃷,do
𤃺,dt
𤃻,du
𤃼,dr
𤃽,do
𤄁,di
𤄎,de
𤄏,dx
𤄑,dy
𤄒,do
𤄓,dn
𤄔,dg
𤄖,df
𤄘,dw
𤄛,df
𤄜,dt
𤄥,uh
𤄧,dk
𤄫,dt
𤄬,df
𤄶,dm
𤄷,df
𤄺,dz
𤄼,dh
𤄽,dy
𤅊,dq
𤅋,db
𤅎,db
𤅐,da
𤅑,dy
𤅒,dx
𤅣,dq
𤅱,dm
𤅲,dm
𤅸,dm
𤅹,dd
𤆀,dm
𤆁,bu
𤆂,ha
𤆄,nh
𤆏,"hk,hv"
𤆑,hi
𤆒,ph
𤆙,lh
𤆜,hs
𤆝,hy
𤆟,hy
𤆮,hf
𤆰,mh
𤆳,hy
𤆴,wh
𤆵,hb
𤆼,hd
𤆾,he
𤇜,hm
𤇞,lh
𤇠,hh
𤇯,wy
𤇰,rh
𤇳,hx
𤇴,kh
𤈔,th
𤈙,hy
𤈥,hb
𤈦,hm
𤈧,hy
𤈩,yh
𤈸,hl
𤉌,hh
𤉍,hn
𤉏,oh
𤉐,ih
𤉤,hd
𤉥,xh
𤉦,hn
𤉧,xw
𤉨,"gh,gm"
𤉪,hd
𤉫,ht
𤊟,hr
𤊲,hx
𤊴,hu
𤊵,he
𤊶,hd
𤊻,ho
𤊼,hg
𤊽,dh
𤊾,"ch,lh"
𤊿,hj
𤋂,"ch,lh"
𤋨,hi
𤋫,he
𤋭,ho
𤋰,lh
𤌂,hd
𤌃,ho
𤌇,kh
𤌊,bh
𤌋,hg
𤌌,hj
𤌍,hf
𤌎,ah
𤌏,hx
𤌐,hg
𤌔,nh
𤌷,hx
𤌹,uh
𤌾,wh
𤌿,hu
𤍀,hk
𤍒,hg
𤍓,lh
𤍕,mh
𤍖,hj
𤍜,hp
𤍤,hu
𤎄,hh
𤎋,hu
𤎗,ch
𤎘,dh
𤎣,hd
𤎤,hu
𤎥,bh
𤎧,gh
𤎭,hk
𤎯,bh
𤎱,hv
𤎲,hl
𤎶,hh
𤏗,hm
𤏘,hx
𤏜,ph
𤏱,hy
𤏶,hb
𤏸,ho
𤏽,hu
𤏿,ih
𤐀,ha
𤐔,hr
𤐙,hu
𤐣,hv
𤐩,hm
𤐫,ph
𤐰,hy
𤐱,eh
𤐲,hu
𤑃,pn
𤑓,hq
𤑗,pg
𤑦,hz
𤑪,ph
𤑳,hl
𤑷,hd
𤑸,he
𤑹,vg
𤑿,hh
𤒔,hc
𤒕,dh
𤒝,zh
𤒦,hw
𤒻,hx
𤓔,hd
𤓕,ph
𤓚,hh
𤓝,hc
𤓤,hh
𤓦,hh
𤓯,an
𤓲,vd
𤓷,vd
𤓾,pv
𤓿,py
𤔀,vy
𤔉,vt
𤔋,vj
𤔖,gv
𤔙,vv
𤔚,hv
𤔝,yv
𤔟,wv
𤔣,py
𤔨,gv
𤔫,py
𤔶,vt
𤕀,pn
𤕇,pn
𤕊,vq
𤕒,bk
𤕘,bw
𤕚,wx
𤕝,xy
𤕞,xd
𤕟,xr
𤕢,xn
𤕦,kx
𤕯,pu
𤕷,pd
𤕽,pm
𤕾,pq
𤖀,pf
𤖆,pg
𤖇,pg
𤖒,pm
𤖓,pb
𤖖,pb
𤖗,pv
𤖘,pb
𤖛,"pq,pa"
𤖞,"pg,pa"
𤖢,pv
𤖦,pr
𤖪,py
𤖬,py
𤖭,pd
𤖮,ps
𤖱,ph
𤖳,pp
𤖵,pk
𤖺,pd
𤖻,px
𤖼,pn
𤖽,pk
𤗀,pl
𤗁,pr
𤗃,pf
𤗇,pg
𤗈,pn
𤗍,pv
𤗎,pd
𤗏,pk
𤗓,pn
𤗘,pr
𤗙,pp
𤗚,pt
𤗛,pj
𤗜,py
𤗞,pd
𤗢,pj
𤗨,pb
𤗪,pu
𤗫,pd
𤗬,pn
𤗭,ph
𤗯,pf
𤗳,py
𤗴,pb
𤗵,pn
𤗷,pl
𤗸,pb
𤗺,pu
𤗻,pk
𤗾,pt
𤗿,pt
𤘀,pc
𤘃,pv
𤘅,yz
𤘇,yk
𤘊,ye
𤘌,yk
𤘔,an
𤘖,nd
𤘘,nk
𤘛,nv
𤘜,ny
𤘝,bn
𤘟,na
𤘠,nt
𤘡,nv
𤘢,nb
𤘣,nv
𤘤,bn
𤘦,nl
𤘧,nn
𤘵,on
𤘷,nj
𤘸,ny
𤘹,np
𤘺,"nj,ne"
𤘻,nr
𤘽,nk
𤘾,np
𤙅,nj
𤙇,nj
𤙋,mn
𤙌,nb
𤙎,ny
𤙏,tn
𤙒,nl
𤙔,nd
𤙕,ni
𤙖,rn
𤙘,vn
𤙙,nv
𤙛,nh
𤙝,nb
𤙞,nt
𤙟,pn
𤙡,nu
𤙣,rn
𤙤,nz
𤙩,nm
𤙭,nf
𤙰,nc
𤙱,nk
𤙴,nu
𤙵,nf
𤙼,un
𤙽,nk
𤙾,nk
𤚀,nm
𤚅,sn
𤚉,en
𤚍,ni
𤚎,nd
𤚏,nv
𤚔,ny
𤚚,nm
𤚜,"vn,un"
𤚝,nw
𤚟,nc
𤚡,ny
𤚣,nt
𤚤,no
𤚨,ny
𤚩,nh
𤚪,nb
𤚫,nk
𤚬,nk
𤚭,nf
𤚯,nq
𤚰,nf
𤚱,ng
𤚵,nk
𤚼,un
𤚽,nc
𤛊,nb
𤛍,nf
𤛎,pn
𤛏,nq
𤛐,nk
𤛑,nl
𤛖,tn
𤛙,ln
𤛚,nu
𤛛,no
𤛜,nd
𤛢,no
𤛣,nx
𤛥,nb
𤛦,nr
𤛧,nc
𤛪,nb
𤛬,nb
𤛭,nn
𤛮,nl
𤛱,pn
𤛲,ng
𤛷,nk
𤛻,ni
𤜁,sx
𤜂,in
𤜄,ny
𤜇,nd
𤜉,nn
𤜊,nk
𤜋,nk
𤜍,nf
𤜓,na
𤜔,on
𤜕,uo
𤜖,nx
𤜘,gn
𤜙,nr
𤜜,ql
𤜝,qj
𤜞,qb
𤜡,qe
𤜢,qu
𤜣,qy
𤜤,qq
𤜧,jq
𤜫,qi
𤜯,qj
𤜰,qv
𤜱,qb
𤜲,aq
𤜵,qk
𤜷,qh
𤜹,qr
𤜻,qb
𤜼,qd
𤜾,"qp,ql"
𤝄,qm
𤝅,qs
𤝇,qd
𤝍,qo
𤝎,qu
𤝐,qv
𤝒,qi
𤝓,qk
𤝔,qc
𤝕,qm
𤝖,qb
𤝘,qh
𤝚,qu
𤝛,qb
𤝞,qu
𤝟,fq
𤝣,qu
𤝬,qd
𤝭,qb
𤝮,pq
𤝯,qq
𤝰,qk
𤝱,qd
𤝳,qy
𤝷,ql
𤝸,qm
𤝹,qv
𤝻,qx
𤝿,qw
𤞂,qt
𤞇,qt
𤞈,qq
𤞉,qu
𤞊,qd
𤞋,qu
𤞍,qk
𤞗,qn
𤞚,qo
𤞛,pq
𤞞,qk
𤞟,qa
𤞠,"qu,qm,qd"
𤞡,qe
𤞢,qg
𤞥,qm
𤞮,bq
𤞰,qq
𤞲,qz
𤞳,qk
𤞶,qg
𤞿,qq
𤟀,bq
𤟃,qr
𤟅,qj
𤟆,qd
𤟇,qh
𤟉,qg
𤟍,qw
𤟎,qi
𤟑,qq
𤟓,cq
𤟖,qm
𤟘,qu
𤟚,qy
𤟝,qj
𤟞,wq
𤟟,qo
𤟠,qo
𤟢,pq
𤟣,qm
𤟤,qi
𤟥,qr
𤟦,qd
𤟧,qx
𤟪,qq
𤟷,qv
𤟸,qw
𤟹,qy
𤟼,qk
𤟾,qj
𤟿,qa
𤠀,qk
𤠇,qg
𤠍,qy
𤠎,qw
𤠐,qx
𤠓,qd
𤠖,qk
𤠘,qi
𤠙,qk
𤠚,qx
𤠛,qv
𤠝,qg
𤠟,qk
𤠠,qy
𤠢,lq
𤠫,qm
𤠯,qk
𤠶,qb
𤠺,ql
𤠼,uq
𤠽,qx
𤠿,qt
𤡂,qx
𤡃,qr
𤡆,qr
𤡇,qm
𤡏,qw
𤡓,qa
𤡔,qm
𤡕,qn
𤡖,qz
𤡝,qt
𤡟,qx
𤡡,qv
𤡢,qd
𤡣,qy
𤡤,qe
𤡥,qo
𤡧,qx
𤡨,qx
𤡪,qo
𤡬,qa
𤡭,qp
𤡮,qh
𤡯,qh
𤡰,qw
𤡱,qb
𤡲,qk
𤡳,qw
𤡶,qu
𤡾,yq
𤡿,vq
𤢀,qk
𤢁,ql
𤢂,qm
𤢄,qw
𤢊,qk
𤢋,qa
𤢌,qd
𤢎,qt
𤢏,qa
𤢐,qf
𤢒,qh
𤢓,qu
𤢖,qm
𤢗,qt
𤢘,qx
𤢟,qg
𤢡,qv
𤢣,qu
𤢦,qx
𤢨,qk
𤢭,qu
𤢮,qq
𤢴,qm
𤢵,qy
𤢶,qg
𤢹,qt
𤢺,qb
𤢼,qz
𤣃,qo
𤣅,yq
𤣆,qh
𤣌,qz
𤣎,qn
𤣑,qk
𤣖,qa
𤣘,bo
𤣙,qw
𤣞,qh
𤣟,qe
𤣠,qk
𤣨,wv
𤣬,jy
𤣮,wq
𤣯,wq
𤣰,wt
𤣲,wu
𤣴,ww
𤣵,wm
𤣶,ye
𤣸,wv
𤣹,wy
𤣼,ny
𤤄,wy
𤤊,wd
𤤋,"yy,ty"
𤤐,wi
𤤑,we
𤤒,wd
𤤦,wt
𤤧,wy
𤤩,wy
𤤫,wb
𤤬,wl
𤤮,wd
𤤱,wy
𤤲,wj
𤤶,gy
𤤷,wk
𤤸,wm
𤥒,wx
𤥓,ry
𤥔,jy
𤥗,wa
𤥙,wy
𤥭,wi
𤥮,wk
𤥰,we
𤥷,wt
𤥺,wd
𤥽,wd
𤥿,wn
𤦃,ly
𤦄,wv
𤦤,we
𤦦,ww
𤦪,wd
𤦮,wk
𤧕,wt
𤧘,wo
𤧙,wy
𤧛,wj
𤧜,wp
𤧠,yi
𤧣,wz
𤧩,oy
𤧫,wz
𤧭,wf
𤧴,wx
𤨍,wl
𤨎,wu
𤨐,py
𤨑,wk
𤨖,wb
𤨗,ly
𤨙,gy
𤨴,wx
𤨻,uw
𤩂,wl
𤩄,wb
𤩨,wx
𤩩,wa
𤩪,wn
𤩭,wj
𤩮,wy
𤩱,uy
𤩲,wv
𤩽,wq
𤪄,wd
𤪆,wn
𤪋,iy
𤪌,wx
𤪍,wn
𤪎,ly
𤪡,yy
𤪪,wu
𤪮,wt
𤫉,wy
𤫕,ww
𤫝,wv
𤫣,ww
𤫧,wj
𤫨,wl
𤫫,bg
𤫬,gf
𤫱,bg
𤫲,rg
𤫵,gk
𤫶,ug
𤫷,ag
𤫹,wg
𤫺,gx
𤫻,vg
𤬁,gg
𤬂,ug
𤬃,lg
𤬌,vg
𤬏,lg
𤬐,hg
𤬓,bg
𤬔,gf
𤬕,gv
𤬖,px
𤬘,hg
𤬛,hg
𤬝,hg
𤬠,gf
𤬦,bw
𤬧,wu
𤬨,wf
𤬩,yw
𤬪,tw
𤬫,wu
𤬭,bw
𤬯,wv
𤬱,ww
𤬵,"uw,dw"
𤬷,iw
𤬿,tw
𤭂,vw
𤭈,ew
𤭉,ww
𤭌,bw
𤭍,wb
𤭑,ww
𤭒,dw
𤭔,iw
𤭙,wk
𤭜,hw
𤭞,ww
𤭟,pw
𤭢,ww
𤭧,bw
𤭩,uw
𤭫,gw
𤭬,fw
𤭴,uw
𤭻,dw
𤭼,"kw,ow"
𤭽,iw
𤮆,hw
𤮊,gw
𤮋,kw
𤮌,wn
𤮍,wc
𤮎,sw
𤮏,"nw,cw"
𤮐,bw
𤮕,dw
𤮘,pw
𤮙,hw
𤮚,yw
𤮜,ww
𤮧,hw
𤮩,ww
𤮪,lc
𤮭,dw
𤮯,ew
𤮰,ew
𤮱,ew
𤮳,wf
𤮷,yw
𤮸,yw
𤮼,yg
𤮽,gg
𤯄,gu
𤯇,gh
𤯌,gg
𤯐,gj
𤯖,vu
𤯚,bu
𤯜,ul
𤯝,uo
𤯡,un
𤯥,nu
𤯷,pu
𤯸,ul
𤯻,"un,uu"
𤰂,uy
𤰅,wy
𤰈,"ly,cy"
𤰌,yy
𤰑,wf
𤰓,at
𤰙,jt
𤰚,jt
𤰝,tv
𤰟,tg
𤰠,tg
𤰡,wt
𤰦,tq
𤰪,td
𤰬,tu
𤰳,tt
𤱃,tm
𤱅,tn
𤱆,ty
𤱇,bt
𤱉,yg
𤱋,ja
𤱌,tq
𤱍,ty
𤱎,tl
𤱐,tr
𤱟,ti
𤱠,tk
𤱡,sy
𤱢,jy
𤱣,rj
𤱧,tm
𤱨,tb
𤱩,td
𤱴,ta
𤱷,tl
𤱸,st
𤱹,vd
𤱺,ct
𤱽,vf
𤱾,vg
𤲉,to
𤲑,vd
𤲒,"tk,tg"
𤲓,tl
𤲕,tc
𤲖,tx
𤲗,it
𤲚,td
𤲨,tv
𤲩,th
𤲬,td
𤲭,tt
𤲰,jo
𤲶,tl
𤲸,bt
𤲺,td
𤳂,th
𤳃,yd
𤳅,jj
𤳉,tn
𤳊,"vg,vk"
𤳎,tb
𤳓,db
𤳕,gt
𤳖,ps
𤳘,ua
𤳝,td
𤳠,to
𤳤,vd
𤳥,tm
𤳦,td
𤳪,it
𤳭,tv
𤳯,vh
𤳳,tt
𤳵,jj
𤴀,tw
𤴓,ar
𤴘,rr
𤴙,pr
𤴟,ar
𤴢,tr
𤴣,ur
𤴦,bj
𤴧,bx
𤴨,by
𤴪,bj
𤴯,bw
𤴱,bq
𤴳,bz
𤴻,bq
𤴼,br
𤴽,bv
𤴾,bj
𤴿,ba
𤵀,bv
𤵂,bx
𤵋,by
𤵎,bj
𤵐,bw
𤵒,bw
𤵘,bb
𤵛,bp
𤵝,bm
𤵞,bt
𤵟,by
𤵠,be
𤵥,bh
𤵦,bv
𤵬,bd
𤵭,bj
𤵮,bh
𤵯,bv
𤵸,bl
𤵹,bk
𤵻,be
𤵼,bk
𤵽,bx
𤵾,bq
𤶀,bx
𤶁,bb
𤶓,bo
𤶕,bk
𤶖,bz
𤶘,bk
𤶚,bt
𤶛,bb
𤶜,bu
𤶠,bh
𤶤,by
𤶱,bi
𤶲,bw
𤶳,bk
𤷀,bw
𤷁,bt
𤷂,bb
𤷃,bg
𤷄,bv
𤷅,be
𤷆,bd
𤷇,ba
𤷈,bx
𤷉,ba
𤷌,by
𤷍,bb
𤷎,bu
𤷏,"bt,br"
𤷑,bk
𤷒,bu
𤷓,br
𤷔,bc
𤷕,bm
𤷖,bw
𤷗,bd
𤷘,bu
𤷙,bc
𤷟,bl
𤷡,bj
𤷢,bb
𤷤,bo
𤷦,bx
𤷹,bj
𤷻,bx
𤷼,bo
𤷽,be
𤷾,bj
𤷿,bq
𤸀,bo
𤸁,bu
𤸅,bo
𤸆,bl
𤸈,by
𤸉,bu
𤸊,bx
𤸎,bv
𤸏,bx
𤸑,bw
𤸒,by
𤸓,bw
𤸕,bz
𤸖,by
𤸗,bq
𤸤,bl
𤸪,bu
𤸫,bb
𤸬,by
𤸮,bo
𤸯,bm
𤸱,bm
𤸲,bh
𤸳,ba
𤸴,bx
𤸵,bc
𤸷,bj
𤸸,bm
𤸹,bd
𤸻,bu
𤸼,bw
𤹇,bk
𤹈,bj
𤹊,bi
𤹋,bm
𤹌,bj
𤹛,bx
𤹜,bk
𤹝,bl
𤹞,bk
𤹡,bq
𤹢,be
𤹣,bh
𤹤,bu
𤹥,by
𤹦,bk
𤹧,bd
𤹨,bz
𤹩,bf
𤹪,bk
𤹲,bt
𤹴,bn
𤹵,bc
𤹸,bx
𤺀,by
𤺃,bu
𤺄,bl
𤺅,by
𤺇,bc
𤺉,bh
𤺊,bj
𤺌,ba
𤺎,bh
𤺏,bt
𤺐,bv
𤺓,bw
𤺔,bb
𤺕,bb
𤺖,bw
𤺗,bd
𤺠,be
𤺪,bk
𤺫,bx
𤺷,ba
𤺸,bn
𤺺,ba
𤺻,bv
𤺼,bl
𤺾,bd
𤻂,bg
𤻃,bo
𤻄,bz
𤻅,bw
𤻆,bb
𤻇,br
𤻌,bz
𤻖,bl
𤻘,bx
𤻙,by
𤻜,bm
𤻝,bd
𤻢,by
𤻤,bv
𤻦,bg
𤻱,bx
𤻶,bc
𤻷,bm
𤻿,bm
𤼀,bh
𤼁,bo
𤼂,bx
𤼃,bs
𤼅,bk
𤼋,bj
𤼌,bb
𤼍,bo
𤼏,br
𤼐,bf
𤼒,bk
𤼗,br
𤼘,bf
𤼙,bx
𤼚,bi
𤼜,bi
𤼢,br
𤼮,vv
𤼳,vl
𤼶,vl
𤼺,vy
𤽁,bu
𤽃,bi
𤽅,bw
𤽉,bd
𤽊,bb
𤽌,bl
𤽕,"bw,be"
𤽣,bb
𤽥,bk
𤽦,bf
𤽱,br
𤽲,bl
𤽳,bo
𤽹,bu
𤽺,bu
𤽼,bf
𤽿,bx
𤾄,tb
𤾅,bf
𤾈,bi
𤾉,bw
𤾊,gb
𤾑,bg
𤾒,bj
𤾛,bx
𤾝,bm
𤾠,bl
𤾢,ba
𤾣,bn
𤾥,bo
𤾦,bk
𤾫,bf
𤾬,"bn,bu"
𤾭,bo
𤾲,"bu,bb"
𤾵,bc
𤾺,bl
𤾿,xd
𤿀,bb
𤿄,bv
𤿅,br
𤿆,vd
𤿈,uy
𤿋,vc
𤿎,by
𤿏,ny
𤿐,ky
𤿒,vn
𤿓,xy
𤿕,my
𤿖,"wy,my"
𤿗,vm
𤿘,"by,dy"
𤿙,vy
𤿚,qy
𤿟,by
𤿠,uy
𤿡,dy
𤿣,ey
𤿧,oy
𤿨,xy
𤿩,ny
𤿫,by
𤿭,vf
𤿳,iy
𤿴,"vy,ey"
𤿵,yy
𤿶,ly
𤿷,dy
𤿼,xy
𤿾,py
𥀁,ly
𥀂,ty
𥀃,ry
𥀈,"gy,qy"
𥀉,qy
𥀎,uy
𥀏,wy
𥀐,uy
𥀔,gy
𥀖,vk
𥀘,xy
𥀛,vo
𥀝,vb
𥀠,vb
𥀣,py
𥀥,cy
𥀫,yy
𥀬,iy
𥀭,ve
𥀮,oy
𥀰,vy
𥀱,gy
𥀲,vb
𥀵,hy
𥀹,cy
𥀺,yy
𥀻,ux
𥀾,uk
𥁁,gm
𥁂,zm
𥁃,wm
𥁆,ym
𥁇,dm
𥁐,sm
𥁑,bm
𥁒,ym
𥁕,km
𥁟,dm
𥁠,jm
𥁡,dm
𥁮,rm
𥁯,km
𥁲,dm
𥁵,dm
𥁸,jm
𥁹,mm
𥂂,sm
𥂃,im
𥂋,dm
𥂒,sm
𥂓,gm
𥂙,dm
𥂢,fm
𥂣,wm
𥂤,pm
𥂥,lm
𥂦,wm
𥂧,ym
𥂰,ym
𥂵,dm
𥂸,mm
𥃀,wm
𥃌,lm
𥃔,pm
𥃕,um
𥃟,um
𥃠,am
𥃣,ym
𥃧,ol
𥃨,ob
𥃩,ob
𥃪,ou
𥃫,oy
𥃮,ro
𥃰,wo
𥃴,ou
𥃵,of
𥃸,oy
𥃹,oi
𥃺,ow
𥃽,og
𥃾,ot
𥄁,ox
𥄇,uo
𥄉,ov
𥄋,on
𥄍,ol
𥄎,oy
𥄑,of
𥄒,ob
𥄓,bo
𥄔,ol
𥄕,lo
𥄖,ou
𥄘,bo
𥄜,ou
𥄦,oj
𥄱,fo
𥄲,so
𥄴,ob
𥄵,ou
𥄶,ok
𥄷,oj
𥄸,oe
𥄹,os
𥄻,ob
𥄼,og
𥄽,"ao,yo"
𥄿,oe
𥅁,ov
𥅄,no
𥅑,ok
𥅒,ok
𥅓,oy
𥅘,ox
𥅞,og
𥅟,ox
𥅠,ok
𥅡,oe
𥅦,ol
𥅧,ox
𥅨,oa
𥅪,ow
𥅬,os
𥅸,oa
𥅺,ob
𥅻,oe
𥆅,uo
𥆆,ov
𥆉,oy
𥆌,"ot,oy"
𥆑,oz
𥆔,oz
𥆖,oa
𥆘,ob
𥆙,"op,od"
𥆚,ow
𥆛,io
𥆜,ov
𥆝,do
𥆞,ss
𥆟,oe
𥆡,ok
𥆣,oy
𥆥,or
𥆦,ow
𥆯,ot
𥆲,oe
𥆶,ou
𥆷,oy
𥆸,og
𥇄,oo
𥇆,ov
𥇇,ou
𥇉,oq
𥇋,oo
𥇌,oj
𥇍,ou
𥇎,ox
𥇑,or
𥇒,on
𥇓,or
𥇔,oi
𥇕,od
𥇖,fo
𥇗,oy
𥇘,oh
𥇙,go
𥇚,ok
𥇛,do
𥇜,oz
𥇟,ol
𥇠,wo
𥇭,ok
𥇯,ow
𥇰,ox
𥇱,om
𥇲,do
𥇿,oa
𥈂,oa
𥈄,co
𥈆,oo
𥈇,od
𥈈,oh
𥈉,od
𥈊,oj
𥈋,oy
𥈏,oy
𥈑,ou
𥈒,oc
𥈓,ok
𥈕,om
𥈖,oy
𥈗,ob
𥈘,ox
𥈙,od
𥈚,oz
𥈜,fo
𥈬,oy
𥈮,of
𥈷,uo
𥈸,mo
𥈻,ot
𥈼,vo
𥈽,bo
𥈾,oo
𥈿,ob
𥉀,od
𥉁,ol
𥉃,so
𥉄,og
𥉅,ol
𥉆,uo
𥉇,"or,oz"
𥉈,oo
𥉊,om
𥉋,ou
𥉌,ok
𥉐,od
𥉑,of
𥉒,om
𥉓,om
𥉔,eo
𥉕,"on,ou"
𥉖,ox
𥉘,oj
𥉙,oo
𥉜,oh
𥉝,oa
𥉰,oj
𥉳,ot
𥉴,oe
𥉵,go
𥉶,ob
𥉷,ox
𥉸,ot
𥉺,ot
𥉻,ox
𥉼,om
𥉽,on
𥉾,op
𥉿,oe
𥊀,op
𥊇,io
𥊈,om
𥊉,ok
𥊊,ou
𥊑,oy
𥊒,oz
𥊓,ou
𥊔,ok
𥊧,uo
𥊪,oh
𥊫,ob
𥊬,oa
𥊭,oc
𥊮,oa
𥊯,ox
𥊴,oy
𥊶,oh
𥊸,ox
𥊼,oy
𥊽,sp
𥊾,gb
𥊿,oy
𥋁,ov
𥋇,ou
𥋌,ow
𥋖,oy
𥋙,on
𥋚,co
𥋛,oi
𥋜,vy
𥋝,oe
𥋡,og
𥋣,ob
𥋤,xo
𥋥,od
𥋧,oh
𥋮,ok
𥋿,od
𥌀,ox
𥌁,oh
𥌂,of
𥌄,lo
𥌅,io
𥌆,oc
𥌈,om
𥌊,lu
𥌍,oy
𥌏,vb
𥌐,ox
𥌘,oo
𥌚,ob
𥌛,ou
𥌞,od
𥌟,uo
𥌠,ox
𥌤,on
𥌨,ob
𥌩,ox
𥌪,"ob,oo"
𥌭,ox
𥌮,ov
𥌯,ow
𥌰,oz
𥌱,cm
𥌺,oc
𥌻,oj
𥌼,ok
𥌽,on
𥌾,ox
𥌿,on
𥍀,oj
𥍁,po
𥍅,rg
𥍆,oy
𥍉,oe
𥍋,ok
𥍓,ow
𥍔,ox
𥍚,ow
𥍝,sa
𥍞,sr
𥍟,sy
𥍣,sv
𥍨,sv
𥍪,sv
𥍫,sl
𥍬,sw
𥍭,sj
𥍮,sf
𥍯,sy
𥍱,sk
𥍲,sn
𥍳,si
𥍴,sw
𥍷,sx
𥍸,sy
𥍹,sz
𥍺,sw
𥍻,sn
𥍼,sy
𥎀,sb
𥎂,se
𥎃,sm
𥎅,sd
𥎆,sk
𥎈,sy
𥎊,sa
𥎋,sx
𥎍,sb
𥎎,sn
𥎐,si
𥎑,so
𥎒,sx
𥎓,sa
𥎔,si
𥎕,su
𥎖,sx
𥎗,sb
𥎘,se
𥎛,sb
𥎜,"sf,st"
𥎟,su
𥎡,sf
𥎤,sh
𥎮,uy
𥎰,us
𥎱,ud
𥎸,uy
𥎺,ud
𥏄,ub
𥏅,uu
𥏇,ju
𥏈,ju
𥏊,ux
𥏎,uz
𥏓,uc
𥏕,us
𥏘,ui
𥏙,uv
𥏜,uk
𥏝,uy
𥏠,uu
𥏤,uk
𥏥,uu
𥏨,uk
𥏪,ub
𥏫,uw
𥏮,uo
𥏯,uu
𥏰,yb
𥏷,tu
𥏹,uk
𥐀,uj
𥐁,un
𥐂,uy
𥐊,uw
𥐑,un
𥐓,uf
𥐕,uv
𥐙,ub
𥐚,ub
𥐞,uw
𥐟,uy
𥐩,"ue,ud"
𥐬,"uv,uq"
𥐹,uj
𥐽,um
𥐿,uu
𥑅,uj
𥑇,uu
𥑈,ud
𥑋,ut
𥑎,uk
𥑏,uu
𥑐,uj
𥑑,ul
𥑒,ux
𥑓,"ul,uv"
𥑖,ub
𥑡,uu
𥑢,uj
𥑫,ub
𥑰,ug
𥑱,gu
𥑳,uu
𥑴,uy
𥑵,uk
𥑶,ul
𥑸,uv
𥑹,uk
𥑺,up
𥑻,ue
𥑼,ru
𥑽,ub
𥑾,uc
𥑿,uo
𥒀,uy
𥒁,uv
𥒓,ut
𥒕,uz
𥒘,uo
𥒚,uk
𥒞,uy
𥒡,ua
𥒢,ud
𥒧,ur
𥒫,uz
𥒬,um
𥒭,ur
𥒮,um
𥒰,uf
𥒱,up
𥒲,uu
𥒳,bj
𥒵,ub
𥒶,ux
𥒷,ue
𥒾,uk
𥓂,uk
𥓇,xu
𥓈,uu
𥓌,uq
𥓍,uu
𥓐,ur
𥓑,ud
𥓒,uj
𥓖,um
𥓬,au
𥓻,uw
𥓾,uj
𥓿,uo
𥔀,uk
𥔁,ut
𥔂,ua
𥔄,ut
𥔇,uk
𥔊,ut
𥔏,fu
𥔑,uy
𥔢,uy
𥔣,un
𥔩,uu
𥔫,un
𥔭,ub
𥔮,uw
𥔯,uz
𥔱,ux
𥔲,uk
𥔻,pu
𥔽,uk
𥕀,ux
𥕂,uo
𥕇,ux
𥕉,uo
𥕍,un
𥕎,un
𥕐,uk
𥕑,uq
𥕓,ud
𥕖,ue
𥕗,cu
𥕘,ug
𥕙,uu
𥕡,ue
𥕢,uo
𥕣,uc
𥕰,uy
𥕱,up
𥕲,ur
𥕵,uw
𥕶,uj
𥕸,uy
𥕹,um
𥕻,uh
𥕼,uy
𥕽,uu
𥕾,ud
𥕿,pu
𥖄,ur
𥖍,du
𥖘,ug
𥖙,"ug,ua"
𥖜,ux
𥖝,un
𥖞,vu
𥖠,ui
𥖨,um
𥖪,uy
𥖬,uj
𥖵,ux
𥖶,ub
𥖻,uw
𥖼,ux
𥖾,uz
𥖿,ub
𥗀,up
𥗁,uo
𥗊,uk
𥗋,uu
𥗒,ue
𥗓,ub
𥗙,uz
𥗚,uu
𥗝,uy
𥗟,uk
𥗫,uf
𥗬,ut
𥗭,uf
𥗮,ur
𥗵,uu
𥗶,hu
𥗺,uj
𥗽,ue
𥗿,uf
𥘁,uf
𥘄,up
𥘊,pl
𥘋,pl
𥘏,pg
𥘒,py
𥘠,pa
𥘡,ph
𥘤,pu
𥘥,pu
𥘦,"ew,pw"
𥘫,pk
𥘬,pf
𥘮,pk
𥙀,pg
𥙁,py
𥙆,py
𥙇,pb
𥙉,pk
𥙋,pi
𥙎,pn
𥙟,pe
𥙡,pd
𥙣,po
𥙦,nx
𥙨,pm
𥙬,po
𥙰,pt
𥙾,pn
𥙿,pk
𥚂,pw
𥚉,pt
𥚊,pt
𥚚,pj
𥚛,pb
𥚦,pu
𥚩,po
𥚻,pe
𥚾,pw
𥚿,pn
𥛂,po
𥛅,pt
𥛑,pc
𥛘,pl
𥛚,pk
𥛜,pq
𥛝,pz
𥛞,pb
𥛟,pe
𥛨,pr
𥛩,py
𥛫,pm
𥛯,pk
𥛰,px
𥜃,pg
𥜄,yx
𥜏,ph
𥜐,pe
𥜒,pq
𥜓,pm
𥜖,ux
𥜙,dx
𥜚,pw
𥜦,"et,pt"
𥜬,"ew,pw"
𥜭,pl
𥜰,pb
𥜲,pi
𥜴,pm
𥜵,py
𥜶,pw
𥝀,yy
𥝂,yv
𥝄,vd
𥝊,py
𥝋,pd
𥝌,pm
𥝍,ha
𥝑,hv
𥝒,hb
𥝔,hz
𥝕,hw
𥝖,hq
𥝘,hx
𥝟,ht
𥝠,hm
𥝥,hj
𥝦,hi
𥝧,hb
𥝨,hd
𥝮,hy
𥝾,hq
𥝿,hk
𥞁,hu
𥞃,hi
𥞄,hp
𥞅,hb
𥞊,hw
𥞍,hk
𥞎,hj
𥞏,he
𥞒,hb
𥞘,hz
𥞚,hk
𥞛,hm
𥞜,hl
𥞧,hi
𥞩,hk
𥞪,hm
𥞯,"hu,hp"
𥞲,hd
𥞴,hk
𥞵,hj
𥞺,hr
𥞼,ho
𥟃,lh
𥟅,pn
𥟍,hf
𥟎,hl
𥟒,hy
𥟓,hk
𥟔,"hd,ht"
𥟕,mr
𥟗,hl
𥟘,hw
𥟚,ht
𥟪,hm
𥟶,hv
𥟽,ht
𥟾,hk
𥟿,xn
𥠀,hu
𥠁,hk
𥠃,hy
𥠄,he
𥠅,hd
𥠈,he
𥠉,hd
𥠊,hm
𥠋,he
𥠍,hu
𥠛,hw
𥠜,hw
𥠡,hx
𥠣,hd
𥠩,hx
𥠱,hj
𥠲,hm
𥠳,hg
𥠴,hb
𥠵,hc
𥠶,hf
𥠷,ht
𥠹,hm
𥠺,hm
𥠽,hw
𥡁,hx
𥡒,he
𥡜,hx
𥡝,pn
𥡟,hj
𥡠,hx
𥡢,hu
𥡣,ha
𥡤,hh
𥡦,hk
𥡧,hq
𥡪,hl
𥡬,hr
𥡭,in
𥡮,uk
𥡽,hw
𥢇,hu
𥢊,hb
𥢌,ht
𥢍,hu
𥢎,hc
𥢏,hu
𥢐,hu
𥢑,hk
𥢒,hl
𥢔,hu
𥢦,hh
𥢧,ho
𥢶,ho
𥢷,ht
𥢹,hw
𥢽,hm
𥣆,hh
𥣈,hn
𥣋,hi
𥣌,hy
𥣗,hd
𥣘,hq
𥣙,hn
𥣛,"hn,hu"
𥣝,hh
𥣟,hh
𥣤,hu
𥣥,hu
𥣩,hg
𥣫,hu
𥣬,ht
𥣮,he
𥣯,hw
𥣰,hf
𥣸,ha
𥣺,ht
𥤂,hy
𥤊,hf
𥤋,eh
𥤐,ht
𥤗,hh
𥤘,hy
𥤜,hk
𥤞,hr
𥤟,hm
𥤤,bj
𥤥,bq
𥤦,by
𥤨,bn
𥤩,bw
𥤱,bg
𥤳,br
𥤴,bk
𥤵,bm
𥤷,bv
𥤸,be
𥤹,bx
𥤺,bu
𥤻,bb
𥤼,bu
𥥅,bv
𥥈,bs
𥥊,bm
𥥋,bs
𥥌,bu
𥥍,bp
𥥏,bl
𥥛,bd
𥥝,by
𥥟,bw
𥥠,bv
𥥡,bb
𥥥,bl
𥥩,bk
𥥱,bb
𥥳,bv
𥥴,by
𥥵,by
𥥶,bz
𥥸,bh
𥥹,ba
𥥽,bq
𥥾,bo
𥥿,bh
𥦀,be
𥦁,by
𥦃,bm
𥦅,be
𥦊,bt
𥦌,bc
𥦍,bc
𥦔,br
𥦖,bu
𥦘,bz
𥦜,bo
𥦝,bm
𥦞,by
𥦟,bb
𥦢,be
𥦣,bv
𥦥,br
𥦨,bj
𥦶,db
𥦷,bs
𥧆,by
𥧇,bu
𥧋,bk
𥧒,"br,bz"
𥧓,bm
𥧕,bv
𥧙,bw
𥧡,bb
𥧣,bm
𥧤,bd
𥧫,be
𥧬,bt
𥧭,by
𥧮,bk
𥧰,bg
𥧱,bl
𥧲,bj
𥧴,bu
𥧷,bm
𥧻,bn
𥨌,bt
𥨍,bw
𥨎,bu
𥨐,bd
𥨒,by
𥨕,bu
𥨝,by
𥨪,bb
𥨳,bg
𥨻,bv
𥨿,bw
𥩀,bm
𥩌,bg
𥩒,bh
𥩔,br
𥩖,lb
𥩗,lw
𥩙,lb
𥩝,lu
𥩡,lv
𥩢,lq
𥩣,lv
𥩤,lk
𥩱,lg
𥩲,lr
𥪀,lf
𥪁,lv
𥪂,lj
𥪊,li
𥪋,lu
𥪌,lx
𥪍,ln
𥪏,ly
𥪘,lv
𥪚,lw
𥪢,lb
𥪦,ld
𥪧,lb
𥪫,lx
𥪯,lw
𥪱,fl
𥪴,ll
𥪵,"gn,qn"
𥪻,el
𥪼,"lk,wk"
𥫂,bl
𥫃,lw
𥫅,yl
𥫎,lb
𥫖,lx
𥫙,vd
𥫛,vs
𥫜,vx
𥫝,vy
𥫞,vz
𥫟,vj
𥫢,vi
𥫬,vv
𥫯,vv
𥫰,vb
𥫱,vt
𥫳,vf
𥫵,vt
𥫶,vl
𥫷,vj
𥫸,vu
𥫹,vv
𥫼,vd
𥫽,vu
𥬄,vu
𥬆,vj
𥬈,vr
𥬍,ve
𥬎,vm
𥬐,vu
𥬒,vd
𥬓,vl
𥬔,vs
𥬕,vr
𥬙,vj
𥬜,vv
𥬝,vb
𥬪,vu
𥬫,vl
𥬬,vl
𥬭,vd
𥬮,vg
𥬯,vv
𥬰,va
𥬱,ve
𥬲,vm
𥬳,vb
𥬴,vy
𥬼,vd
𥭋,vx
𥭌,vq
𥭐,vc
𥭑,vq
𥭒,vt
𥭓,vu
𥭔,vd
𥭖,vu
𥭘,vj
𥭙,vv
𥭚,vk
𥭜,vx
𥭝,vu
𥭞,vo
𥭠,vk
𥭡,vx
𥭢,vv
𥭥,vi
𥭫,vx
𥭬,vq
𥭭,vt
𥭮,vv
𥮍,vr
𥮎,vc
𥮏,vb
𥮐,vk
𥮒,vk
𥮖,vq
𥮗,vm
𥮘,vx
𥮝,vi
𥮣,vm
𥮤,vn
𥮥,vj
𥮧,vm
𥮨,vx
𥮪,vo
𥮯,vd
𥯃,vd
𥯑,vt
𥯔,vy
𥯕,vw
𥯖,vy
𥯘,ve
𥯙,vl
𥯚,vk
𥯛,vk
𥯜,vn
𥯝,vq
𥯞,vz
𥯟,vf
𥯡,vb
𥯢,vd
𥯤,vl
𥯥,vj
𥯦,vz
𥯨,vx
𥯩,vj
𥯪,"vy,vt"
𥯬,vd
𥯮,vy
𥯳,vk
𥯶,vk
𥯸,vv
𥯾,vk
𥰅,vk
𥰛,vz
𥰜,vd
𥰝,vx
𥰞,vy
𥰟,vy
𥰠,vn
𥰡,vw
𥰢,vx
𥰣,vt
𥰥,vd
𥰦,vy
𥰧,vk
𥰨,vd
𥰪,vu
𥰭,vg
𥰮,vk
𥰰,vc
𥰱,vi
𥰲,vb
𥰳,vw
𥰶,vk
𥰻,vk
𥰼,vx
𥰾,vv
𥱀,vk
𥱁,vd
𥱂,"vn,vu"
𥱃,vz
𥱧,vh
𥱨,vx
𥱵,vb
𥱶,vx
𥱸,vk
𥱹,vd
𥱺,"vv,vs"
𥱻,vz
𥱼,vu
𥱽,vv
𥲀,vg
𥲁,vw
𥲄,vh
𥲅,vx
𥲆,vz
𥲇,vv
𥲈,vr
𥲉,vh
𥲊,ve
𥲋,vi
𥲍,vo
𥲎,vt
𥲏,vy
𥲐,vk
𥲑,vy
𥲕,vx
𥲗,vr
𥲚,vx
𥲛,vc
𥲜,vm
𥲟,vu
𥲠,vw
𥲡,vx
𥲢,vm
𥲣,vj
𥲦,vp
𥲧,vm
𥲪,vi
𥳆,vw
𥳇,vw
𥳈,vm
𥳉,ve
𥳋,vx
𥳌,vu
𥳍,vc
𥳎,vi
𥳏,vd
𥳐,vk
𥳒,vk
𥳓,vo
𥳔,vo
𥳕,vl
𥳖,vk
𥳗,vb
𥳘,vl
𥳚,vh
𥳜,vw
𥳝,vx
𥳞,vl
𥳟,vz
𥳠,vz
𥳡,vb
𥳢,vd
𥳣,vy
𥳥,vy
𥳪,zc
𥳫,vo
𥳬,vh
𥳯,vo
𥳰,vc
𥳱,ve
𥳲,vl
𥳳,vr
𥳴,vy
𥳵,vb
𥳶,vu
𥳷,vd
𥳹,vb
𥳺,vx
𥴈,vg
𥴐,vg
𥴑,vu
𥴒,pl
𥴕,vy
𥴡,va
𥴤,vz
𥴦,vz
𥴧,vu
𥴨,vw
𥴩,vl
𥴪,vz
𥴫,vy
𥴬,vu
𥴭,vv
𥴮,vc
𥴯,vg
𥴱,vh
𥴴,vk
𥴵,vi
𥴺,vx
𥴻,vk
𥴿,vk
𥵏,vw
𥵒,ve
𥵜,vn
𥵝,vb
𥵞,vf
𥵟,vo
𥵠,vy
𥵣,ve
𥵤,vu
𥵦,vo
𥵧,vm
𥵨,vf
𥵪,vk
𥵫,vn
𥵬,vp
𥵯,vr
𥵶,vk
𥶅,vt
𥶆,vk
𥶇,vo
𥶈,vy
𥶌,vx
𥶍,vy
𥶏,vk
𥶐,vb
𥶑,vl
𥶒,vl
𥶓,vb
𥶔,vh
𥶕,vk
𥶗,vm
𥶛,vr
𥶜,vu
𥶢,vu
𥶴,vt
𥶵,vy
𥶶,vm
𥶷,vz
𥶹,vl
𥶺,vm
𥶻,vz
𥶽,vi
𥶿,vj
𥷀,vh
𥷁,vu
𥷃,vm
𥷄,vx
𥷅,vh
𥷆,vy
𥷇,vk
𥷈,vl
𥷔,vb
𥷕,vm
𥷖,vw
𥷗,vn
𥷘,vf
𥷙,vd
𥷚,vk
𥷜,vi
𥷞,vb
𥷨,ve
𥷩,vf
𥷪,vj
𥷫,vk
𥷬,vf
𥷮,vc
𥷱,vw
𥷹,pl
𥷼,vr
𥸃,vy
𥸈,vh
𥸉,vm
𥸊,vb
𥸗,vb
𥸘,vy
𥸚,ve
𥸡,vb
𥸢,vi
𥸣,vk
𥸤,vb
𥸧,md
𥸨,va
𥸪,mr
𥸬,me
𥸲,mg
𥸴,mm
𥸵,mt
𥸸,md
𥹁,mv
𥹂,mp
𥹄,lm
𥹆,mb
𥹇,mc
𥹉,my
𥹊,me
𥹋,mk
𥹌,lm
𥹍,md
𥹓,ms
𥹔,md
𥹖,my
𥹚,ma
𥹛,jm
𥹜,mx
𥹠,mx
𥹩,mc
𥹬,mv
𥹱,ml
𥹲,me
𥹳,me
𥹴,mp
𥹵,mu
𥹶,mo
𥹷,mv
𥹸,mz
𥹺,gm
𥹻,mc
𥺉,ma
𥺙,mw
𥺚,mj
𥺜,dm
𥺝,mk
𥺞,mo
𥺣,mi
𥺴,mx
𥺷,mi
𥻄,mb
𥻇,mk
𥻉,mv
𥻋,mb
𥻍,mo
𥻑,my
𥻒,mm
𥻗,ma
𥻝,mv
𥻞,mk
𥻤,mp
𥻥,ml
𥻦,xm
𥻧,mn
𥻨,mx
𥻩,mb
𥻫,va
𥻬,my
𥻮,mu
𥻴,am
𥻿,md
𥼀,mx
𥼂,mf
𥼃,mb
𥼅,ym
𥼊,mu
𥼘,md
𥼚,mh
𥼛,mm
𥼜,mn
𥼟,mn
𥼤,mj
𥼩,mb
𥼪,mo
𥼬,mm
𥼭,ml
𥼮,mm
𥼴,mo
𥼶,mg
𥼺,mu
𥼼,mw
𥽁,mr
𥽈,ma
𥽏,im
𥽐,im
𥽒,"mn,mm"
𥽗,mm
𥽘,mu
𥽟,mw
𥽥,mf
𥽧,vm
𥽨,mu
𥽬,my
𥽰,mm
𥽳,pe
𥽶,mw
𥽸,mx
𥽿,ym
𥾂,mr
𥾅,yu
𥾊,yj
𥾋,yn
𥾌,yz
𥾍,yg
𥾐,yy
𥾓,yg
𥾕,yw
𥾚,yj
𥾛,yd
𥾝,ym
𥾡,"ye,yd"
𥾣,yy
𥾤,yy
𥾧,yl
𥾨,"yv,yq"
𥾮,yg
𥾯,yl
𥾹,yu
𥾼,yl
𥿃,lx
𥿄,"ya,yd"
𥿅,ux
𥿆,yk
𥿇,yr
𥿉,ym
𥿊,yi
𥿋,yc
𥿍,yk
𥿎,yv
𥿑,yc
𥿚,tx
𥿜,yx
𥿝,rx
𥿞,yy
𥿦,yv
𥿧,yk
𥿨,yk
𥿩,"ex,dx"
𥿪,yv
𥿫,yx
𥿭,ys
𥿮,yg
𥿯,yn
𥿰,ym
𥿴,ym
𥿵,"yw,yn"
𥿷,yr
𥿹,yd
𥿺,yn
𦀓,yu
𦀔,yv
𦀕,yb
𦀖,yl
𦀘,yt
𦀛,yu
𦀜,yu
𦀝,yv
𦀠,yv
𦀡,yk
𦀣,px
𦁄,yn
𦁆,ys
𦁇,yx
𦁈,yg
𦁉,yn
𦁍,yr
𦁎,yo
𦁏,yd
𦁐,yi
𦁕,yx
𦁖,yy
𦁗,"yu,yp"
𦁙,ye
𦁛,ym
𦁜,ym
𦁲,yj
𦁳,yz
𦁶,yn
𦂀,yy
𦂄,yb
𦂅,ym
𦂆,yz
𦂇,yw
𦂈,yo
𦂉,yj
𦂊,yw
𦂋,ym
𦂌,tx
𦂍,yk
𦂑,yk
𦂒,yd
𦂔,yl
𦂕,yy
𦂖,yc
𦂗,xx
𦂠,yx
𦂡,yy
𦃄,yf
𦃇,yj
𦃊,ym
𦃋,yb
𦃒,yx
𦃓,yt
𦃔,yl
𦃕,yx
𦃖,yd
𦃗,bx
𦃘,yu
𦃙,ox
𦃝,yx
𦃡,yx
𦃢,ix
𦃤,sx
𦃩,yw
𦄊,"px,hx"
𦄋,yn
𦄌,yw
𦄍,yx
𦄏,yo
𦄐,gx
𦄑,ye
𦄓,"yj,ye"
𦄔,yt
𦄜,yx
𦄯,ax
𦄵,yx
𦄼,yb
𦄽,ym
𦅀,yc
𦅃,yh
𦅄,yw
𦅆,yd
𦅇,yn
𦅈,yp
𦅊,yo
𦅋,yx
𦅏,ye
𦅑,yo
𦅔,hx
𦅵,yp
𦅶,yv
𦅷,yo
𦅸,px
𦅺,ym
𦅼,yk
𦅽,px
𦅿,yi
𦆀,yr
𦆁,wf
𦆄,yb
𦆆,yn
𦆈,yv
𦆋,yb
𦆌,yd
𦆍,yr
𦆘,ye
𦆞,yl
𦆟,"yn,yu"
𦆡,ym
𦆤,yx
𦆦,yr
𦆸,yz
𦆻,yv
𦆾,fu
𦇀,yx
𦇁,yw
𦇄,yt
𦇅,yb
𦇎,yx
𦇔,yv
𦇖,yb
𦇘,yh
𦇙,yl
𦇛,yb
𦇧,yd
𦇪,yu
𦇬,yc
𦇭,yz
𦇱,yy
𦇲,yt
𦇵,ex
𦇸,yw
𦈃,yy
𦈡,se
𦈣,"fv,fk"
𦈤,fv
𦈦,fh
𦈧,fb
𦈨,fk
𦈩,gf
𦈬,vf
𦈰,ft
𦈲,fr
𦈵,fg
𦈶,fk
𦈷,fv
𦈸,fa
𦈺,fk
𦈻,fg
𦉂,fv
𦉈,pf
𦉉,ft
𦉎,ff
𦉐,fw
𦉙,fh
𦉝,pf
𦉟,fk
𦉢,fk
𦉧,hf
𦉨,gf
𦉬,sd
𦉹,su
𦊁,sb
𦊂,sh
𦊃,sv
𦊊,st
𦊋,km
𦊌,ko
𦊎,sx
𦊐,sj
𦊓,ss
𦊗,kv
𦊘,kh
𦊦,ls
𦊧,km
𦊪,kk
𦊫,sw
𦊬,ky
𦊲,sk
𦊻,km
𦊼,sk
𦊽,su
𦊾,sk
𦊿,sa
𦋅,st
𦋆,sg
𦋈,sg
𦋉,sy
𦋋,sm
𦋔,ku
𦋞,sd
𦋡,sm
𦋣,sk
𦋥,su
𦋯,sg
𦋰,sn
𦋳,sv
𦋿,so
𦌀,sp
𦌁,sn
𦌆,kn
𦌈,sn
𦌉,sw
𦌊,sr
𦌋,st
𦌒,sx
𦌔,sb
𦌕,sk
𦌚,sd
𦌟,su
𦌡,se
𦌢,sp
𦌦,sg
𦌩,sy
𦌪,sh
𦌬,sl
𦌰,sk
𦌷,sb
𦌸,sr
𦌺,yy
𦌿,sb
𦍀,sf
𦍁,sx
𦍄,ss
𦍅,kb
𦍌,bw
𦍏,yr
𦍒,ty
𦍕,qy
𦍙,dy
𦍦,yi
𦍧,vy
𦍪,yp
𦍭,yw
𦍲,ly
𦍵,yk
𦍷,yy
𦍸,yc
𦍹,xy
𦍺,yz
𦍼,ya
𦎁,yk
𦎄,yb
𦎇,yu
𦎈,"yt,yy"
𦎊,yb
𦎎,yf
𦎏,yu
𦎐,yl
𦎑,yk
𦎓,yv
𦎘,ya
𦎚,ru
𦎜,yn
𦎝,oy
𦎠,yk
𦎣,yt
𦎦,sy
𦎧,wg
𦎨,vy
𦎭,yw
𦎮,yy
𦎯,uy
𦎰,yg
𦎱,yk
𦎷,ty
𦎸,yb
𦎹,yn
𦎼,uy
𦏀,ye
𦏅,yr
𦏆,yl
𦏇,yj
𦏔,yk
𦏕,yi
𦏗,ph
𦏛,ym
𦏜,py
𦏢,yb
𦏤,yk
𦏥,yd
𦏨,yy
𦏮,yf
𦏱,qs
𦏳,xv
𦏷,dx
𦏸,xy
𦏹,xg
𦏺,gx
𦏻,xk
𦏿,ex
𦐁,yx
𦐄,wx
𦐅,xj
𦐆,xb
𦐇,ox
𦐈,bx
𦐉,vx
𦐍,xg
𦐏,xj
𦐖,xb
𦐛,bx
𦐠,xd
𦐡,fx
𦐣,xv
𦐤,wx
𦐦,xk
𦐨,vx
𦐰,tx
𦐳,bx
𦐸,bx
𦐹,xu
𦐺,xx
𦐽,kx
𦐾,ux
𦐿,xz
𦑂,sx
𦑇,ux
𦑈,xr
𦑋,wx
𦑌,xa
𦑍,gx
𦑎,xd
𦑏,xf
𦑑,xx
𦑘,xx
𦑙,vx
𦑚,xu
𦑛,xy
𦑜,gx
𦑝,vx
𦑞,xt
𦑟,xk
𦑠,xw
𦑡,ox
𦑣,xj
𦑯,xr
𦑱,dx
𦑲,sx
𦑵,fx
𦑸,ix
𦑹,jx
𦑺,yx
𦑻,vx
𦑼,xx
𦑾,xo
𦒁,xg
𦒃,cx
𦒅,xn
𦒆,xx
𦒍,lx
𦒎,xx
𦒏,xw
𦒐,xw
𦒑,sx
𦒜,wx
𦒝,xx
𦒟,bx
𦒦,xv
𦒧,yx
𦒰,ff
𦒶,lw
𦒺,ly
𦒻,lk
𦓈,lb
𦓋,lb
𦓍,le
𦓎,ed
𦓐,pl
𦓓,we
𦓔,ee
𦓕,ey
𦓖,ex
𦓝,pe
𦓢,eq
𦓤,pw
𦓥,le
𦓧,lb
𦓬,lp
𦓯,lt
𦓰,lw
𦓱,lk
𦓳,lb
𦓴,lo
𦓹,ll
𦓺,ll
𦓻,lw
𦓼,lb
𦓽,ln
𦓾,lh
𦔂,lr
𦔃,ly
𦔄,lo
𦔅,lq
𦔆,lt
𦔈,lu
𦔉,lv
𦔋,le
𦔌,lo
𦔍,lc
𦔎,lw
𦔓,ld
𦔔,ly
𦔖,lz
𦔗,ls
𦔛,ll
𦔜,lb
𦔠,lu
𦔥,lg
𦔦,lo
𦔩,lh
𦔫,lb
𦔬,lf
𦔭,lf
𦔮,ev
𦔯,be
𦔰,"be,de"
𦔷,ey
𦔸,eg
𦔹,ei
𦔼,ey
𦔿,et
𦕆,ey
𦕉,ue
𦕏,ev
𦕒,ek
𦕓,ge
𦕙,ek
𦕠,eb
𦕡,lj
𦕢,"lr,lt"
𦕰,em
𦕵,en
𦕷,eu
𦕸,el
𦕺,we
𦕽,eu
𦖀,ez
𦖈,ed
𦖉,ew
𦖊,ek
𦖋,ei
𦖍,eg
𦖎,ev
𦖐,ee
𦖝,ae
𦖞,ue
𦖢,eo
𦖤,eu
𦖦,eb
𦖧,en
𦖩,ee
𦖬,em
𦖸,ew
𦖺,ey
𦖼,eg
𦖽,he
𦖾,en
𦖿,ek
𦗀,eb
𦗁,"be,ue"
𦗂,ex
𦗋,ek
𦗍,ef
𦗐,"en,eu"
𦗑,ek
𦗒,ee
𦗓,eb
𦗔,eg
𦗕,ge
𦗖,ep
𦗗,eb
𦗛,ek
𦗜,er
𦗟,ex
𦗡,eu
𦗢,ek
𦗣,eh
𦗥,de
𦗧,ek
𦗨,em
𦗮,ev
𦗳,en
𦗴,et
𦗵,em
𦗻,ez
𦗼,re
𦘊,ev
𦘌,je
𦘍,et
𦘒,vl
𦘔,yp
𦘤,vu
𦘩,ob
𦘪,ob
𦘲,or
𦘳,ov
𦘴,oq
𦘵,oj
𦘶,oi
𦘸,ov
𦘹,oe
𦘼,ao
𦘿,oy
𦙀,oy
𦙂,br
𦙄,xo
𦙆,ou
𦙇,oa
𦙈,ou
𦙉,oj
𦙊,ho
𦙋,ob
𦙝,od
𦙧,nu
𦙫,ov
𦙮,ob
𦙯,ro
𦙱,oa
𦙴,ov
𦙶,ok
𦙸,oy
𦙹,ox
𦙺,lo
𦚈,ou
𦚊,ov
𦚐,ob
𦚝,ou
𦚞,ow
𦚟,ol
𦚡,ox
𦚢,ob
𦚣,og
𦚥,of
𦚦,oa
𦚧,oo
𦚨,fr
𦚩,om
𦚫,od
𦚸,oa
𦚼,oq
𦛅,nn
𦛏,ot
𦛐,ob
𦛓,oj
𦛔,or
𦛕,ol
𦛖,ov
𦛗,ok
𦛘,od
𦛙,oi
𦛚,ok
𦛜,ok
𦛝,rr
𦛞,ob
𦛟,og
𦛠,ot
𦛢,ow
𦛣,or
𦛤,ob
𦛧,oh
𦛯,uo
𦛰,oz
𦛱,ok
𦛲,oy
𦜁,nf
𦜃,od
𦜄,ow
𦜆,ok
𦜇,oi
𦜊,om
𦜋,od
𦜍,ow
𦜎,on
𦜏,oq
𦜐,ok
𦜒,ow
𦜓,or
𦜖,oy
𦜛,oj
𦜜,ir
𦜭,oc
𦜯,oh
𦜰,ou
𦜱,oi
𦜲,os
𦜴,oo
𦜸,op
𦝏,od
𦝔,ok
𦝖,oo
𦝚,om
𦝛,ol
𦝝,od
𦝞,od
𦝟,ol
𦝢,ot
𦝣,ok
𦝤,oy
𦝥,oj
𦝦,oo
𦝧,ov
𦝨,ob
𦝪,ot
𦝬,oq
𦝮,oo
𦝰,ox
𦝳,oq
𦝴,os
𦝷,ok
𦝼,on
𦞁,ok
𦞂,ok
𦞆,ot
𦞇,oy
𦞈,ou
𦞌,oa
𦞕,ou
𦞖,oo
𦞗,os
𦞙,og
𦞚,oo
𦞝,om
𦞞,og
𦞟,om
𦞡,ob
𦞢,ou
𦞤,ou
𦞥,ot
𦞦,of
𦞨,ok
𦞫,bo
𦞬,ow
𦞭,og
𦞮,oz
𦞱,ng
𦞲,oi
𦞽,og
𦟂,oz
𦟃,oy
𦟄,om
𦟓,oo
𦟔,ow
𦟘,ob
𦟙,oh
𦟛,ol
𦟜,ob
𦟞,ou
𦟟,om
𦟠,ox
𦟣,ow
𦟤,oi
𦟧,ok
𦟨,ow
𦟮,oc
𦟰,oq
𦟱,ob
𦟲,mo
𦠁,pu
𦠄,od
𦠅,oc
𦠆,ob
𦠇,oo
𦠉,oa
𦠎,oq
𦠒,io
𦠓,io
𦠖,os
𦠛,oo
𦠜,ol
𦠞,do
𦠟,oj
𦠠,oj
𦠢,oy
𦠣,ow
𦠪,rr
𦠷,po
𦠸,oy
𦠹,ph
𦠺,pb
𦠻,ob
𦠾,oa
𦠿,oj
𦡂,ov
𦡃,ol
𦡄,oe
𦡅,oy
𦡆,oi
𦡉,oo
𦡕,os
𦡖,vo
𦡙,ow
𦡨,my
𦡪,oa
𦡫,ow
𦡭,pr
𦡱,of
𦡲,od
𦡴,oc
𦡵,ox
𦡹,oh
𦡺,oo
𦡻,oj
𦡼,br
𦡽,ob
𦢆,or
𦢊,ou
𦢎,ob
𦢏,ot
𦢐,os
𦢙,oj
𦢣,ox
𦢧,oo
𦢩,ol
𦢯,ob
𦢱,yf
𦢺,oh
𦢿,ok
𦣀,oe
𦣂,oa
𦣄,wf
𦣇,of
𦣋,"ox,od"
𦣍,od
𦣏,yo
𦣒,oy
𦣖,wf
𦣘,oy
𦣛,ox
𦣜,ou
𦣢,il
𦣥,ib
𦣦,ii
𦣧,ia
𦣨,"it,ir"
𦣩,ii
𦣯,iy
𦣴,iy
𦣸,dm
𦣹,rk
𦣺,zl
𦣻,az
𦣾,zw
𦤂,zy
𦤈,zr
𦤊,zi
𦤋,vz
𦤕,zg
𦤘,wz
𦤙,zi
𦤚,zd
𦤟,pq
𦤢,dc
𦤣,uq
𦤦,zv
𦤧,zx
𦤨,zm
𦤪,oq
𦤫,zl
𦤬,zk
𦤸,it
𦤻,gt
𦤽,ab
𦥁,st
𦥂,tt
𦥈,"yt,bt"
𦥉,bk
𦥊,zt
𦥍,aw
𦥎,tt
𦥏,at
𦥐,sw
𦥑,pa
𦥖,vj
𦥚,pv
𦥝,vj
𦥣,jy
𦥤,pw
𦥦,jm
𦥬,jv
𦥭,bj
𦥰,jw
𦥱,jj
𦥻,ji
𦦃,be
𦦄,oj
𦦅,jt
𦦌,pk
𦦑,pd
𦦕,"gj,qj"
𦦗,pm
𦦘,qr
𦦛,pq
𦦜,fa
𦦢,xj
𦦣,jy
𦦧,pl
𦦩,pv
𦦫,pb
𦦯,pa
𦦱,fj
𦦲,pb
𦦹,yj
𦦺,fk
𦦽,yj
𦦾,fc
𦦿,oe
𦧁,pl
𦧅,pb
𦧈,"gv,qv"
𦧉,"gy,qy"
𦧋,qn
𦧍,vk
𦧏,"gj,qj"
𦧐,sk
𦧒,qk
𦧔,"gg,qg"
𦧖,"ga,qa"
𦧘,nk
𦧙,qv
𦧚,"gk,qk"
𦧛,qk
𦧝,"gz,qz"
𦧞,qk
𦧟,"go,qo"
𦧠,bk
𦧡,hk
𦧢,"gm,qm"
𦧤,"gm,qm"
𦧥,uk
𦧮,"gk,qk"
𦧱,"gb,qb"
𦧴,"gl,ql"
𦧵,"gk,qk"
𦧸,rb
𦧹,"gl,ql"
𦧺,"qb,gb"
𦧼,"gj,qj"
𦨆,ll
𦨇,vv
𦨈,vr
𦨉,vd
𦨋,vn
𦨍,vd
𦨎,vq
𦨖,vu
𦨙,vo
𦨚,vq
𦨜,vg
𦨡,vf
𦨢,vd
𦨣,vk
𦨦,lv
𦨬,vy
𦨭,vy
𦨯,vk
𦨰,ve
𦨲,vv
𦨳,vt
𦨴,vk
𦨵,vi
𦨸,va
𦨹,vv
𦨾,vl
𦩄,vv
𦩆,vw
𦩈,vu
𦩋,vf
𦩌,vr
𦩍,vk
𦩏,vf
𦩕,vj
𦩖,vu
𦩘,vr
𦩜,vk
𦩝,vo
𦩞,vd
𦩠,vu
𦩡,vt
𦩢,vk
𦩣,vd
𦩤,vq
𦩧,zv
𦩩,vn
𦩫,vj
𦩬,vn
𦩭,vx
𦩯,vq
𦩱,vt
𦩲,vy
𦩴,va
𦩵,vn
𦩷,"vr,vz"
𦩸,vd
𦩼,vb
𦩿,"vl,vj"
𦪀,vk
𦪇,vb
𦪈,fv
𦪊,vx
𦪋,vi
𦪍,va
𦪑,vy
𦪒,vb
𦪔,vw
𦪕,vx
𦪖,vt
𦪗,vb
𦪘,vr
𦪙,vx
𦪚,vc
𦪛,vw
𦪜,vx
𦪝,vx
𦪟,vp
𦪠,vl
𦪡,vy
𦪣,kv
𦪧,vw
𦪪,vf
𦪫,vm
𦪬,vr
𦪭,vz
𦪱,iv
𦪳,vu
𦪶,vi
𦪹,vx
𦪽,vs
𦪾,vv
𦪿,lv
𦫀,vm
𦫃,vk
𦫈,vi
𦫉,vd
𦫊,vr
𦫎,lg
𦫔,vb
𦫕,"wb,mb"
𦫖,db
𦫙,bb
𦫡,qb
𦫪,bb
𦫫,bb
𦫭,"bb,ub"
𦫯,pb
𦫰,cb
𦫳,"cl,ll"
𦫶,cl
𦫻,cr
𦬁,cc
𦬂,cw
𦬃,cq
𦬄,cr
𦬅,ck
𦬔,cv
𦬕,cv
𦬖,cj
𦬘,cs
𦬙,cb
𦬚,ch
𦬛,cm
𦬞,ct
𦬣,cy
𦬸,cu
𦬹,ca
𦬺,ce
𦬻,cy
𦬾,cy
𦭁,cy
𦭉,cj
𦭜,cb
𦭟,cy
𦭡,ck
𦭥,cy
𦭭,ce
𦭮,ca
𦭯,cv
𦭰,cn
𦭲,cg
𦭳,cx
𦭴,cv
𦭵,cy
𦭶,ce
𦭷,cn
𦭸,cv
𦭹,ch
𦭺,"cp,cl"
𦭻,cj
𦭼,cy
𦮁,cc
𦮃,cb
𦮅,vl
𦮐,cd
𦮑,ck
𦮯,cd
𦮶,cw
𦮷,cb
𦮸,cu
𦮹,cb
𦮺,cs
𦮻,co
𦮼,cx
𦮾,cn
𦯀,ct
𦯅,cl
𦯈,cy
𦯉,cb
𦯌,cx
𦯍,cv
𦯏,cl
𦯐,ck
𦯑,cu
𦯒,ce
𦯕,cm
𦯖,ct
𦯛,cc
𦯣,cq
𦯤,va
𦯪,cu
𦯫,cy
𦯬,cx
𦯯,cr
𦯰,cu
𦯶,ck
𦰖,cl
𦰘,cd
𦰙,cc
𦰛,cd
𦰡,ce
𦰥,ce
𦰪,cr
𦰫,cb
𦰬,cj
𦰭,cz
𦰯,ck
𦰰,ck
𦰱,ck
𦰲,cy
𦰳,cy
𦰸,cx
𦰹,cy
𦰺,cu
𦰽,cy
𦰾,cs
𦱀,co
𦱁,cy
𦱂,ca
𦱃,cm
𦱅,ck
𦱆,cb
𦱇,cg
𦱊,cl
𦱋,co
𦱌,ce
𦱒,cw
𦱓,cc
𦱔,cb
𦱖,cc
𦱜,cu
𦱠,vl
𦱣,cm
𦱰,cd
𦱱,cc
𦱲,cr
𦱵,cu
𦲫,cf
𦲮,ce
𦲯,cw
𦲰,"cv,ck"
𦲱,cc
𦲲,cw
𦳁,cm
𦳃,ce
𦳄,cg
𦳅,cn
𦳇,ck
𦳈,cb
𦳊,cd
𦳋,cy
𦳌,cx
𦳏,cq
𦳐,cx
𦳑,cm
𦳓,cj
𦳔,cy
𦳗,co
𦳘,"ca,cq"
𦳚,cr
𦳛,cj
𦳜,co
𦳝,cw
𦳞,cf
𦳟,cy
𦳡,cy
𦳢,co
𦳣,cd
𦳥,cu
𦳦,ck
𦳧,cz
𦳩,co
𦳫,cr
𦳬,ck
𦳭,cz
𦳮,cm
𦳯,zu
𦳲,cd
𦳳,cp
𦳶,ci
𦳷,cy
𦳹,cu
𦳺,cz
𦳽,ce
𦳾,ce
𦳿,cu
𦴀,co
𦴉,cg
𦴊,cy
𦴌,cx
𦴍,cy
𦴎,cy
𦴑,cg
𦴔,co
𦴚,cz
𦵐,"ct,cg"
𦵡,ck
𦵣,cu
𦵦,cy
𦵧,cl
𦵩,cy
𦵪,cy
𦵫,cx
𦵬,cv
𦵭,cn
𦵯,ck
𦵱,co
𦵴,cm
𦵵,cv
𦵷,"cr,cz"
𦵸,ch
𦵼,ce
𦵽,cw
𦵾,co
𦵿,cd
𦶀,cw
𦶂,cb
𦶅,cz
𦶇,cm
𦶈,ca
𦶊,cv
𦶋,cx
𦶌,ck
𦶍,cg
𦶎,cu
𦶏,cf
𦶐,cx
𦶑,cx
𦶓,cb
𦶕,co
𦶙,ca
𦶚,cd
𦶩,cm
𦷙,ck
𦷦,cu
𦷲,cx
𦷳,ca
𦷴,cz
𦷵,cl
𦷷,cz
𦷸,cu
𦷹,co
𦷻,vy
𦷽,ce
𦷿,cz
𦸁,ch
𦸂,cm
𦸆,cb
𦸈,cg
𦸉,cg
𦸊,"cv,cs"
𦸏,cf
𦸐,ct
𦸓,cu
𦸔,cp
𦸗,cx
𦸘,cg
𦸙,ce
𦸚,cb
𦸛,cg
𦸡,ce
𦸢,cy
𦸣,cu
𦸪,cf
𦸮,ck
𦸯,cm
𦸰,cu
𦸱,cj
𦸶,iu
𦸷,cg
𦸺,cn
𦹫,cu
𦹽,cu
𦺆,cu
𦺇,cm
𦺉,cc
𦺊,ce
𦺋,cy
𦺌,"cw,cy"
𦺍,cd
𦺎,ck
𦺐,cg
𦺑,cm
𦺒,cn
𦺓,co
𦺔,cy
𦺖,ck
𦺗,cl
𦺘,ck
𦺙,cn
𦺛,cu
𦺜,cl
𦺞,ck
𦺟,ca
𦺠,cg
𦺡,cu
𦺢,ck
𦺣,cb
𦺥,ce
𦺦,cd
𦺧,cd
𦺨,cn
𦺩,cg
𦺪,ch
𦺫,cl
𦺬,cd
𦺭,cy
𦺰,cx
𦺱,cb
𦺲,cb
𦺴,cm
𦺵,cm
𦺶,cd
𦺷,ce
𦺸,cl
𦺹,ce
𦺻,cw
𦺽,cd
𦺾,cd
𦻀,cr
𦻁,cr
𦻃,cf
𦻅,cf
𦼆,cy
𦼇,cx
𦼈,ch
𦼉,cf
𦼊,cw
𦼋,cu
𦼎,cv
𦼏,co
𦼓,ch
𦼗,cn
𦼡,cj
𦼢,cj
𦼧,cx
𦼪,cm
𦼫,cu
𦼭,cc
𦼮,cg
𦼰,cv
𦼱,cv
𦼲,ct
𦼳,cw
𦼴,cw
𦼵,cm
𦼷,cy
𦼹,ch
𦼻,cw
𦼿,cb
𦽀,cb
𦽁,cg
𦽂,ct
𦽃,cc
𦽄,cy
𦽅,ck
𦽇,cz
𦽊,ck
𦽋,ck
𦽎,cu
𦽏,cj
𦽐,cy
𦽒,cu
𦽔,cx
𦽕,cq
𦽖,ch
𦽜,cj
𦽞,ce
𦽟,cz
𦽤,cn
𦽩,cm
𦽫,cx
𦽬,cl
𦽭,cj
𦽮,cn
𦾏,cj
𦾑,cd
𦾕,ct
𦾘,cx
𦾙,cu
𦾚,ct
𦾛,cl
𦾝,ce
𦾞,cm
𦾩,cj
𦾫,cy
𦾬,cb
𦾭,cf
𦾮,cm
𦾰,ch
𦾱,cg
𦾲,cb
𦾳,cw
𦾵,cm
𦾶,cj
𦾷,cp
𦾸,ce
𦾹,cw
𦾺,cd
𦾻,cx
𦾽,cz
𦾾,cz
𦾿,co
𦿀,co
𦿁,ct
𦿂,cn
𦿃,co
𦿅,cj
𦿆,cw
𦿇,ce
𦿊,ct
𦿋,cv
𦿌,ch
𦿍,cn
𦿏,cx
𦿐,cg
𦿓,cy
𦿖,cb
𧀄,cw
𧀅,ch
𧀆,ca
𧀇,ct
𧀊,cm
𧀌,cr
𧀔,"cp,cd"
𧀕,cz
𧀗,ct
𧀘,cb
𧀙,ch
𧀚,ch
𧀠,cr
𧀡,ch
𧀢,cm
𧀣,cf
𧀤,ck
𧀥,cw
𧀦,co
𧀧,cw
𧀨,cv
𧀩,cw
𧀬,cu
𧀭,cd
𧀮,cw
𧀯,ct
𧀰,cj
𧀱,cx
𧀲,ce
𧀴,co
𧀵,cm
𧀶,cr
𧀺,cb
𧀻,ck
𧀿,ce
𧁃,ct
𧁈,cm
𧁉,cb
𧁊,cx
𧁋,cx
𧁾,cg
𧁿,ci
𧂁,cg
𧂂,cg
𧂃,cb
𧂄,cj
𧂅,cp
𧂆,cr
𧂇,cc
𧂈,cm
𧂉,ct
𧂋,cx
𧂍,cz
𧂏,cz
𧂐,cb
𧂒,ch
𧂔,cy
𧂙,ch
𧂛,cw
𧂜,cn
𧂝,cg
𧂞,ch
𧂠,cz
𧂡,cx
𧂢,cy
𧂨,cr
𧂩,ci
𧃏,cr
𧃐,ck
𧃑,cz
𧃒,cn
𧃔,cf
𧃘,cq
𧃙,cl
𧃚,cz
𧃛,"cr,cz"
𧃝,cg
𧃞,cb
𧃟,cb
𧃠,co
𧃨,ce
𧃩,cr
𧃪,xk
𧃮,cl
𧃱,cx
𧄍,cx
𧄎,cx
𧄏,cw
𧄐,cy
𧄑,cb
𧄒,cf
𧄓,uv
𧄔,co
𧄚,cl
𧄛,ck
𧄜,cx
𧄠,cm
𧄤,ck
𧄰,cf
𧄸,cq
𧄹,co
𧄺,cb
𧄻,cv
𧄼,ca
𧄽,cb
𧄿,cf
𧅀,cj
𧅃,ch
𧅄,cw
𧅆,ci
𧅈,cf
𧅋,"cu,cf"
𧅖,cn
𧅗,ch
𧅘,ce
𧅚,cy
𧅮,ci
𧅯,cn
𧅰,cy
𧅲,cm
𧅺,cy
𧆂,cj
𧆉,cx
𧆊,ca
𧆏,co
𧆐,cb
𧆑,cf
𧆓,cb
𧆕,ch
𧆜,"hv,hk"
𧆡,jj
𧆣,hk
𧆥,hj
𧆦,qj
𧆯,hc
𧆰,hz
𧆷,hs
𧆸,hh
𧆹,hx
𧆺,rj
𧆻,hk
𧆼,hd
𧇄,ht
𧇈,hq
𧇌,hk
𧇍,fj
𧇎,hk
𧇓,he
𧇙,hl
𧇚,hb
𧇛,hc
𧇜,ij
𧇝,uj
𧇞,hq
𧇟,hk
𧇠,hj
𧇡,hk
𧇥,hm
𧇦,dj
𧇮,hk
𧇯,hz
𧇰,hx
𧇱,hk
𧇶,ho
𧇷,oj
𧇸,hh
𧇹,hu
𧇼,ka
𧇿,hq
𧈁,br
𧈄,hw
𧈅,uj
𧈈,hg
𧈌,aj
𧈍,kj
𧈑,hy
𧈔,ho
𧈖,ij
𧈗,ij
𧈙,hc
𧈚,hm
𧈜,hm
𧈝,iv
𧈞,iv
𧈢,ib
𧈦,ni
𧈧,si
𧈪,vi
𧈭,iw
𧈯,"iv,ik"
𧈻,iy
𧈼,ip
𧈽,is
𧈾,ih
𧈿,ix
𧉀,iv
𧉁,qi
𧉂,it
𧉃,ie
𧉅,iy
𧉆,ir
𧉇,bi
𧉈,ib
𧉊,bi
𧉍,id
𧉎,io
𧉑,it
𧉔,iv
𧉗,ei
𧉛,iy
𧉞,id
𧉟,ik
𧉡,"ij,ie"
𧉢,ib
𧉣,iy
𧉤,ic
𧉥,li
𧉧,is
𧉩,ij
𧉪,li
𧉫,iy
𧉭,ni
𧉮,iy
𧉲,ig
𧊄,ib
𧊅,il
𧊇,ri
𧊏,ir
𧊒,di
𧊔,ii
𧊕,iu
𧊖,ig
𧊘,ik
𧊙,io
𧊚,ik
𧊛,ik
𧊜,"il,ip"
𧊞,id
𧊟,ni
𧊠,in
𧊣,iy
𧊥,iu
𧊦,if
𧊧,ri
𧊬,ci
𧊭,id
𧊱,im
𧊶,im
𧊷,in
𧊽,ii
𧊾,mi
𧋉,ik
𧋊,di
𧋌,ai
𧋍,ij
𧋎,il
𧋏,ij
𧋐,iu
𧋑,ig
𧋒,id
𧋓,ik
𧋔,gi
𧋕,im
𧋖,iv
𧋗,ut
𧋘,ip
𧋚,ri
𧋠,ui
𧋡,"ia,ii"
𧋱,il
𧋲,wi
𧌁,ri
𧌃,in
𧌄,id
𧌅,iy
𧌆,ig
𧌇,io
𧌈,ij
𧌉,it
𧌊,in
𧌋,ie
𧌌,oi
𧌍,iu
𧌎,ib
𧌏,io
𧌐,ai
𧌑,ii
𧌔,mi
𧌖,ik
𧌗,iy
𧌘,oi
𧌙,yi
𧌚,ih
𧌝,di
𧌞,ie
𧌠,pi
𧌢,yi
𧌣,di
𧌧,id
𧌻,mi
𧌽,id
𧌾,id
𧌿,pi
𧍀,bi
𧍁,in
𧍂,io
𧍃,if
𧍒,ie
𧍓,pi
𧍔,in
𧍕,ie
𧍖,io
𧍘,iy
𧍙,ci
𧍜,it
𧍝,ij
𧍟,ci
𧍠,ix
𧍢,ii
𧍥,in
𧍨,ki
𧍪,iy
𧍫,il
𧍬,ic
𧍭,iu
𧍮,ik
𧍯,ii
𧍰,iu
𧍱,it
𧍲,ig
𧍴,ij
𧍵,ui
𧍶,iy
𧍿,ip
𧎃,bi
𧎄,iw
𧎕,li
𧎖,iu
𧎗,hi
𧎘,ii
𧎙,ie
𧎡,ik
𧎣,ie
𧎤,ix
𧎥,ix
𧎨,iu
𧎪,ui
𧎫,ib
𧎭,ui
𧎮,ii
𧎯,ig
𧎰,ui
𧎱,bi
𧎲,ig
𧎳,ix
𧎴,ik
𧎵,im
𧎷,ip
𧎸,ik
𧎹,ui
𧎺,ik
𧎻,si
𧎾,ix
𧎿,bi
𧏂,"id,in"
𧏃,id
𧏆,ii
𧏋,ai
𧏑,il
𧏓,it
𧏚,uy
𧏜,"id,in"
𧏥,ix
𧏧,iw
𧏫,iy
𧏸,ik
𧏹,"in,iu"
𧏺,ik
𧏻,il
𧏽,ix
𧏾,ki
𧏿,iz
𧐁,ir
𧐃,id
𧐄,ir
𧐅,iq
𧐈,fi
𧐉,ui
𧐊,ii
𧐋,ik
𧐌,ki
𧐍,ij
𧐎,ie
𧐐,ib
𧐒,iz
𧐓,li
𧐔,ib
𧐕,ic
𧐖,iz
𧐗,ir
𧐙,il
𧐟,ix
𧐬,is
𧐯,ti
𧐰,ki
𧐱,ii
𧐲,ij
𧐳,is
𧐴,ib
𧑀,ig
𧑆,il
𧑇,im
𧑈,ib
𧑊,ix
𧑋,ib
𧑌,ib
𧑍,il
𧑎,ii
𧑐,ik
𧑑,il
𧑒,iw
𧑓,iu
𧑔,iz
𧑕,ix
𧑖,ai
𧑗,iy
𧑘,di
𧑙,iy
𧑚,id
𧑜,ib
𧑝,fi
𧑠,iu
𧑡,ib
𧑤,vi
𧑦,ig
𧑧,ui
𧑨,fi
𧑩,in
𧑫,ix
𧒀,iw
𧒂,pi
𧒈,di
𧒎,wi
𧒐,it
𧒑,iv
𧒓,ib
𧒕,ui
𧒖,iz
𧒙,pi
𧒚,ci
𧒜,yi
𧒝,ui
𧒨,ct
𧒽,it
𧒿,iu
𧓀,ri
𧓁,iw
𧓄,iu
𧓋,it
𧓎,pi
𧓏,in
𧓐,ei
𧓓,iv
𧓔,mi
𧓕,di
𧓖,oi
𧓗,ir
𧓘,ic
𧓩,ib
𧓪,ig
𧓲,il
𧓴,iz
𧓸,ie
𧓺,ih
𧓻,ix
𧓽,ii
𧓿,ci
𧔂,bi
𧔅,iy
𧔏,ci
𧔖,ib
𧔝,iv
𧔞,ii
𧔡,ui
𧔣,ib
𧔤,qi
𧔥,iz
𧔦,ih
𧔧,zi
𧔨,vi
𧔪,vi
𧔬,im
𧔭,bi
𧔳,pi
𧔴,ci
𧔷,iz
𧕃,id
𧕄,ix
𧕅,ik
𧕇,iy
𧕉,ik
𧕋,ic
𧕌,ti
𧕍,ik
𧕎,di
𧕒,fi
𧕓,ie
𧕙,ri
𧕝,bi
𧕞,hi
𧕟,iy
𧕡,iw
𧕤,vi
𧕥,id
𧕦,ki
𧕧,ji
𧕨,ii
𧕮,if
𧕯,ib
𧕱,vi
𧕲,ri
𧕴,ni
𧕵,li
𧕸,mi
𧕺,if
𧕼,vi
𧕿,fi
𧖁,wi
𧖆,iz
𧖇,gi
𧖉,ui
𧖑,gi
𧖒,iy
𧖔,ai
𧖘,iu
𧖙,oi
𧖚,ai
𧖜,ir
𧖠,vi
𧖢,vi
𧖨,xv
𧖪,xx
𧖬,ax
𧖮,xo
𧖵,xv
𧖷,xx
𧖻,xa
𧖼,xk
𧖿,xu
𧗁,yx
𧗆,cx
𧗈,xc
𧗋,xp
𧗌,xh
𧗎,cx
𧗏,xb
𧗒,yx
𧗖,ix
𧗦,ii
𧗩,bi
𧗪,ii
𧗫,ii
𧗱,ii
𧗴,ii
𧗶,ii
𧗸,ii
𧗹,ii
𧗼,ii
𧗿,ii
𧘃,ii
𧘈,pl
𧘍,pg
𧘏,pg
𧘑,pu
𧘗,ky
𧘜,pq
𧘞,pu
𧘟,pl
𧘢,ph
𧘥,pi
𧘧,pv
𧘨,wy
𧘩,fy
𧘫,wy
𧘮,wy
𧘽,ny
𧘿,pv
𧙀,pl
𧙁,vy
𧙃,wy
𧙄,pb
𧙅,pk
𧙆,pg
𧙇,pj
𧙈,pk
𧙉,wy
𧙌,ws
𧙏,wy
𧙔,pt
𧙛,pj
𧙝,pi
𧙞,pn
𧙡,pd
𧙣,py
𧙤,pm
𧙥,pk
𧙧,"pg,pk"
𧙭,gy
𧙮,pd
𧙶,by
𧙸,pa
𧙺,pk
𧙾,ry
𧚀,pm
𧚁,pe
𧚂,pc
𧚃,px
𧚄,pw
𧚅,pl
𧚆,pz
𧚇,pv
𧚉,pw
𧚋,pf
𧚏,pu
𧚐,ay
𧚡,py
𧚥,py
𧚨,pr
𧚩,hy
𧚪,pn
𧚫,po
𧚬,pg
𧚭,pk
𧚯,py
𧚷,pv
𧛏,py
𧛒,pd
𧛓,pw
𧛔,pm
𧛗,pq
𧛚,pn
𧛞,po
𧛟,pu
𧛡,pk
𧛢,pw
𧛧,ky
𧛸,pp
𧛹,px
𧛺,pu
𧛻,px
𧛼,pc
𧛾,pm
𧜁,py
𧜂,pj
𧜃,pm
𧜅,pk
𧜉,wy
𧜊,wo
𧜔,po
𧜚,qy
𧜛,pe
𧜞,py
𧜠,pu
𧜡,pm
𧜣,pn
𧜤,ky
𧜦,pz
𧜧,pj
𧜱,pn
𧜲,po
𧜽,pr
𧝂,pb
𧝃,pk
𧝆,po
𧝇,pb
𧝉,pd
𧝊,po
𧝋,pw
𧝎,pl
𧝐,pk
𧝑,wy
𧝒,pb
𧝔,py
𧝕,wy
𧝗,wy
𧝘,py
𧝜,px
𧝤,pj
𧝪,pc
𧝫,pj
𧝬,dy
𧝮,px
𧝲,pu
𧝳,pw
𧝷,jy
𧝸,pf
𧞀,pl
𧞍,px
𧞏,pb
𧞐,vy
𧞒,uy
𧞕,ey
𧞝,pj
𧞞,ph
𧞣,pq
𧞤,py
𧞩,pg
𧞪,pv
𧞫,pa
𧞬,pj
𧞭,pt
𧞰,px
𧞲,pb
𧞸,pz
𧞹,uy
𧞺,uy
𧟃,pk
𧟄,py
𧟌,pf
𧟑,pm
𧟘,py
𧟙,pr
𧟜,pl
𧟠,aa
𧟣,"aj,xj"
𧟨,"au,xu"
𧟵,xy
𧟼,"at,xt"
𧠂,"aw,xw"
𧠆,ze
𧠈,ye
𧠊,ke
𧠋,oc
𧠎,ae
𧠒,re
𧠓,ke
𧠚,be
𧠛,ve
𧠜,se
𧠝,re
𧠞,"pe,he"
𧠟,de
𧠡,pe
𧠢,qe
𧠣,ve
𧠥,ae
𧠦,oo
𧠩,ce
𧠪,ue
𧠫,ae
𧠬,re
𧠴,oc
𧠶,ue
𧠼,ne
𧠽,be
𧠾,pe
𧡇,ol
𧡈,ke
𧡉,od
𧡋,ie
𧡍,de
𧡏,ye
𧡑,le
𧡘,ue
𧡙,ne
𧡚,ue
𧡜,oe
𧡡,be
𧡢,be
𧡣,he
𧡤,"pe,he"
𧡦,pe
𧡨,oe
𧡩,pe
𧡪,qe
𧡫,ve
𧡬,ve
𧡮,me
𧡯,oe
𧡴,je
𧡵,de
𧡶,oe
𧡸,ve
𧡹,le
𧡺,le
𧢂,ke
𧢃,le
𧢆,fe
𧢋,xe
𧢌,ze
𧢐,be
𧢒,ie
𧢖,ce
𧢛,oj
𧢜,me
𧢝,ie
𧢞,he
𧢢,re
𧢦,pe
𧢧,ee
𧢩,oe
𧢬,te
𧢭,oe
𧢵,dv
𧢹,dj
𧢼,"pt,py"
𧢽,db
𧢾,dv
𧣁,dv
𧣃,db
𧣋,dl
𧣌,hy
𧣑,dg
𧣒,dj
𧣕,dr
𧣖,db
𧣚,dd
𧣛,de
𧣟,dy
𧣡,"xy,xt"
𧣢,dg
𧣣,dx
𧣤,db
𧣩,dj
𧣪,do
𧣬,dq
𧣭,dv
𧣵,dc
𧣷,dk
𧣸,dy
𧣹,dh
𧣺,du
𧣻,dk
𧣾,dj
𧤃,dl
𧤍,dj
𧤎,da
𧤏,de
𧤐,dk
𧤑,"jy,jt"
𧤒,dg
𧤓,do
𧤕,dy
𧤖,dn
𧤗,de
𧤙,hy
𧤛,dh
𧤜,dl
𧤝,dt
𧤟,dm
𧤠,dm
𧤡,dw
𧤣,du
𧤨,dn
𧤩,"dd,du"
𧤮,dk
𧤯,da
𧤴,uy
𧤵,dt
𧤼,dr
𧤽,do
𧥄,"dg,da"
𧥆,uu
𧥈,dm
𧥋,df
𧥌,db
𧥍,dh
𧥎,dy
𧥑,"gy,gt"
𧥓,dd
𧥕,de
𧥖,db
𧥚,"xy,xt"
𧥛,wk
𧥜,wk
𧥟,wv
𧥣,wk
𧥤,wu
𧥮,wh
𧥯,wd
𧥱,wf
𧥴,we
𧥵,wo
𧥸,wn
𧥹,wf
𧥺,"we,wd"
𧥼,ws
𧥿,uk
𧦁,wr
𧦎,wk
𧦑,wj
𧦚,wy
𧦝,wh
𧦞,wj
𧦟,wf
𧦤,wk
𧦧,wy
𧦭,wy
𧦮,wn
𧦸,gk
𧦹,wb
𧧃,kk
𧧄,wn
𧧅,wl
𧧆,wk
𧧇,wm
𧧉,wq
𧧊,"ws,wv"
𧧋,wd
𧧏,nk
𧧒,wn
𧧓,wx
𧧔,wv
𧧕,wz
𧧜,wx
𧧝,wy
𧧟,wg
𧧩,wd
𧧵,wr
𧧶,wh
𧧸,wd
𧧹,rk
𧧺,wt
𧧻,wv
𧧾,wb
𧨀,wt
𧨂,wk
𧨄,"wv,wk"
𧨆,wv
𧨈,gk
𧨊,wv
𧨋,wv
𧨗,wh
𧨘,wp
𧨟,wk
𧨡,wk
𧨧,ek
𧨩,wx
𧨰,wd
𧨱,wd
𧨲,xk
𧨳,wu
𧨴,wu
𧨵,wf
𧨷,wo
𧨸,wb
𧨹,wu
𧨾,wm
𧨿,wb
𧩃,wx
𧩅,ww
𧩒,wm
𧩚,wu
𧩝,wo
𧩣,wx
𧩦,wa
𧩧,wy
𧩨,wu
𧩪,wx
𧩫,wx
𧩬,wb
𧩮,wy
𧩰,wv
𧩱,wk
𧩲,wd
𧩴,wm
𧩶,wd
𧩸,wc
𧩹,wy
𧩼,ww
𧪅,wx
𧪇,we
𧪕,wy
𧪘,wg
𧪚,wa
𧪝,wn
𧪞,wm
𧪠,wu
𧪡,wo
𧪢,wm
𧪣,wh
𧪦,wx
𧪨,wm
𧪫,wb
𧪮,wk
𧪯,wk
𧪹,wu
𧫊,ak
𧫑,wj
𧫒,wu
𧫓,wd
𧫕,wx
𧫗,wx
𧫛,wy
𧫜,gk
𧫝,ww
𧫞,wy
𧫡,wt
𧫢,ww
𧫤,wl
𧫥,wd
𧫦,kk
𧫧,wy
𧫬,ak
𧫾,wy
𧫿,wc
𧬁,wu
𧬂,wb
𧬅,wo
𧬆,wk
𧬇,wa
𧬈,wx
𧬊,qk
𧬌,we
𧬏,wc
𧬕,wu
𧬤,wl
𧬧,wt
𧬨,wp
𧬩,wj
𧬪,wz
𧬫,wh
𧬬,wn
𧬰,xk
𧬱,wk
𧭃,fk
𧭇,wf
𧭈,wd
𧭊,"wn,wu"
𧭌,ww
𧭍,"wr,wn"
𧭎,wn
𧭏,wt
𧭓,wh
𧭔,vk
𧭕,wj
𧭚,we
𧭜,wx
𧭝,wx
𧭞,wv
𧭟,wz
𧭠,wh
𧭣,wj
𧭤,wu
𧭥,wm
𧭦,wy
𧭪,wg
𧭳,dk
𧭸,wj
𧭹,vk
𧭻,wk
𧭼,we
𧭽,wk
𧭾,wb
𧮆,wn
𧮈,wr
𧮍,wo
𧮑,wx
𧮒,wy
𧮓,wf
𧮗,wx
𧮙,yk
𧮛,wf
𧮝,dk
𧮞,wy
𧮡,wb
𧮤,we
𧮫,rk
𧮬,bu
𧮭,bw
𧮮,bq
𧮰,bv
𧮱,bd
𧮳,bg
𧮴,bk
𧮵,bk
𧮶,bk
𧮺,bg
𧮻,bk
𧮼,wk
𧮽,bj
𧮿,bk
𧯀,by
𧯃,bk
𧯆,bk
𧯈,bx
𧯊,bx
𧯋,by
𧯌,bu
𧯍,bl
𧯏,ik
𧯒,bo
𧯖,bo
𧯗,bd
𧯘,bw
𧯞,aj
𧯠,ak
𧯡,xa
𧯥,ua
𧯦,ja
𧯨,ax
𧯩,ar
𧯪,ap
𧯫,vd
𧯯,ab
𧯰,aj
𧯱,aa
𧯲,al
𧯼,uk
𧯾,ud
𧰃,an
𧰄,wa
𧰆,al
𧰇,uy
𧰈,sa
𧰊,ub
𧰎,al
𧰒,ua
𧰘,uu
𧰙,ed
𧰠,uv
𧰡,uv
𧰣,uh
𧰧,an
𧰨,pn
𧰩,ud
𧰪,gu
𧰭,uv
𧰯,us
𧰰,uy
𧰱,uy
𧰲,vu
𧰴,us
𧰵,ay
𧰷,um
𧰹,ui
𧰻,us
𧰿,ux
𧱀,ue
𧱄,ku
𧱅,uy
𧱆,ua
𧱏,lu
𧱐,uz
𧱓,"up,ud"
𧱘,ll
𧱜,uc
𧱝,yu
𧱡,ug
𧱢,us
𧱩,ug
𧱪,ut
𧱫,uo
𧱰,uy
𧱲,um
𧱳,lk
𧱴,ub
𧱵,uk
𧱹,uc
𧱻,ue
𧱼,ur
𧱾,uq
𧲀,un
𧲂,ul
𧲃,uw
𧲄,uh
𧲅,uo
𧲇,uu
𧲈,uz
𧲋,uu
𧲌,ur
𧲍,ux
𧲗,uo
𧲘,ug
𧲙,uk
𧲜,un
𧲝,iu
𧲡,vl
𧲢,vq
𧲤,vn
𧲥,vo
𧲦,ve
𧲧,vb
𧲭,vg
𧲮,vv
𧲯,vd
𧲰,vq
𧲱,vy
𧲴,vd
𧲵,vt
𧲺,vp
𧲻,vb
𧲽,vj
𧲿,vk
𧳀,ve
𧳁,vx
𧳂,vq
𧳄,vx
𧳅,vl
𧳆,vk
𧳉,vk
𧳌,vj
𧳍,vo
𧳎,vk
𧳏,vk
𧳐,vj
𧳙,vn
𧳚,vu
𧳛,vn
𧳜,vk
𧳝,vu
𧳞,vf
𧳟,vl
𧳠,vl
𧳣,vd
𧳦,vx
𧳧,vb
𧳨,vm
𧳩,vu
𧳪,vo
𧳫,vy
𧳬,vo
𧳮,vv
𧳶,vy
𧳸,vg
𧳹,vp
𧳼,vp
𧴁,vd
𧴂,vz
𧴃,vj
𧴄,vl
𧴅,vx
𧴇,vr
𧴊,vx
𧴌,vn
𧴎,vv
𧴓,ve
𧴕,vx
𧴖,vp
𧴗,vf
𧴙,vv
𧴚,vo
𧴠,vv
𧴢,vq
𧴣,vw
𧴤,ob
𧴥,lb
𧴪,xb
𧴬,or
𧴭,pb
𧴲,vb
𧴸,ov
𧴺,pb
𧵃,ou
𧵈,os
𧵊,og
𧵋,ox
𧵌,oy
𧵎,ub
𧵞,kb
𧵠,ib
𧵡,oc
𧵢,os
𧵣,oo
𧵤,oc
𧵨,on
𧵬,on
𧵭,"gb,kb"
𧵱,sb
𧵻,og
𧵼,ab
𧶄,ol
𧶆,ok
𧶇,oj
𧶊,ks
𧶍,oy
𧶔,ow
𧶕,ow
𧶖,oj
𧶙,lb
𧶜,wb
𧶠,ub
𧶡,bb
𧶲,oe
𧶵,oj
𧶷,vb
𧶸,ob
𧶺,od
𧷅,kb
𧷋,xb
𧷎,lt
𧷐,bb
𧷑,ib
𧷛,og
𧷡,on
𧷥,zb
𧷦,oe
𧷧,lb
𧷶,ok
𧷾,ok
𧷿,oe
𧸂,ow
𧸅,od
𧸈,bb
𧸖,on
𧸗,op
𧸘,or
𧸙,oz
𧸦,om
𧸧,pb
𧸨,of
𧸩,oo
𧸪,ot
𧸫,ky
𧸲,ob
𧸽,oz
𧸾,hb
𧸿,oh
𧹈,od
𧹊,oc
𧹌,ub
𧹐,of
𧹛,ty
𧹞,ty
𧹣,tk
𧹨,cd
𧹬,tt
𧹭,tt
𧹲,uy
𧹳,ud
𧹴,tt
𧹶,tx
𧹺,tm
𧹾,bd
𧺅,vd
𧺎,tj
𧺏,ty
𧺐,ta
𧺒,tx
𧺝,to
𧺟,tv
𧺠,tv
𧺡,tl
𧺢,ty
𧺣,tr
𧺤,tj
𧺨,tx
𧺰,td
𧺲,tb
𧺴,tw
𧺶,tu
𧺷,ts
𧺸,tk
𧺹,tj
𧺺,td
𧺼,tb
𧺽,tk
𧺾,tb
𧺿,tu
𧻁,tq
𧻃,to
𧻍,tb
𧻒,tl
𧻓,tk
𧻔,tw
𧻕,"tn,td"
𧻖,tv
𧻗,tx
𧻘,td
𧻙,tb
𧻚,ta
𧻜,tv
𧻝,ty
𧻞,tm
𧻧,tg
𧻰,tk
𧻱,tq
𧻲,tl
𧻳,tk
𧻴,tl
𧻵,tj
𧻶,tj
𧻷,tf
𧻸,tj
𧻹,ty
𧻺,tw
𧻼,tt
𧻿,ta
𧼊,te
𧼎,td
𧼏,ty
𧼐,th
𧼑,ta
𧼒,ty
𧼓,td
𧼔,tw
𧼕,td
𧼖,mr
𧼗,tf
𧼘,tk
𧼙,"tn,td"
𧼜,tx
𧼟,tb
𧼠,tu
𧼤,td
𧼨,tv
𧼩,tv
𧼪,td
𧼫,to
𧼬,tw
𧼭,ty
𧼮,tw
𧼯,td
𧼰,tj
𧼱,tw
𧼳,tp
𧼴,te
𧼵,tu
𧼶,tk
𧽅,tm
𧽆,tl
𧽉,tn
𧽊,ta
𧽋,tw
𧽌,tg
𧽍,tb
𧽎,tf
𧽏,ty
𧽐,tw
𧽑,tu
𧽒,tq
𧽓,tr
𧽔,ty
𧽖,tt
𧽞,th
𧽟,tf
𧽠,tf
𧽢,tc
𧽣,tu
𧽤,tx
𧽥,tb
𧽦,tk
𧽧,tx
𧽨,te
𧽩,pr
𧽫,to
𧽲,tx
𧽶,th
𧽷,tl
𧽸,tr
𧽻,tk
𧽼,tu
𧽽,tx
𧽾,tw
𧽿,tl
𧾁,tf
𧾂,tg
𧾆,to
𧾊,ta
𧾍,ta
𧾎,ty
𧾏,tr
𧾐,tw
𧾑,tu
𧾔,tx
𧾚,tb
𧾛,ty
𧾝,ty
𧾡,tt
𧾢,tg
𧾣,tw
𧾤,tw
𧾥,tb
𧾧,tx
𧾨,tx
𧾩,ty
𧾮,tk
𧾯,td
𧾰,tb
𧾱,tf
𧾲,tm
𧾵,ty
𧾶,ti
𧾻,zl
𧾽,zu
𧾾,zj
𧿅,zu
𧿆,"zy,zs"
𧿇,zy
𧿉,"zv,zk"
𧿌,zq
𧿏,zv
𧿒,zv
𧿓,zd
𧿔,zi
𧿕,zb
𧿖,zk
𧿗,pr
𧿘,zu
𧿙,ze
𧿚,zd
𧿜,zd
𧿝,zv
𧿞,zr
𧿠,zy
𧿡,zq
𧿥,zb
𧿧,zj
𧿨,zy
𧿩,zl
𧿫,zu
𧿲,zp
𧿳,zf
𧿴,zm
𧿵,zj
𧿶,zy
𧿷,zy
𧿸,zy
𧿹,zm
𧿺,zi
𧿻,zj
𧿼,zg
𧿽,zk
𨀀,zx
𨀅,zr
𨀉,zd
𨀔,za
𨀕,zw
𨀖,zr
𨀘,zy
𨀙,zk
𨀛,zz
𨀜,zk
𨀝,zy
𨀟,zq
𨀠,zg
𨀤,zl
𨀥,zr
𨀧,za
𨀨,zx
𨀫,zj
𨀬,zt
𨀮,zo
𨀯,ze
𨀴,zo
𨀶,wr
𨀸,zq
𨁀,rr
𨁁,zr
𨁂,zj
𨁃,zp
𨁄,zg
𨁅,zu
𨁆,zz
𨁇,zk
𨁈,zg
𨁉,zm
𨁊,zv
𨁋,za
𨁌,ze
𨁍,ze
𨁎,"zt,zw"
𨁏,zf
𨁐,zc
𨁑,ze
𨁒,zk
𨁗,zz
𨁝,zz
𨁠,zt
𨁡,zn
𨁶,zy
𨁷,zq
𨁸,zq
𨁹,zh
𨁺,zb
𨁽,zc
𨁿,zn
𨂀,zq
𨂁,zd
𨂂,zh
𨂃,zo
𨂅,zd
𨂇,zv
𨂊,zk
𨂐,zl
𨂒,zn
𨂝,br
𨂞,ky
𨂟,"zw,ze,zv"
𨂠,zb
𨂡,zt
𨂢,gr
𨂣,sr
𨂦,zu
𨂩,zy
𨂪,zp
𨂫,zp
𨂭,zm
𨂯,zg
𨂰,zd
𨂱,zi
𨂲,zk
𨂴,zx
𨂵,zj
𨂿,zv
𨃃,zv
𨃄,zn
𨃅,zf
𨃇,zn
𨃓,zm
𨃕,zt
𨃖,zk
𨃗,or
𨃘,zp
𨃙,zm
𨃚,zk
𨃛,zu
𨃞,vr
𨃟,zy
𨃣,zi
𨃤,zk
𨃭,zm
𨃰,zn
𨃳,zb
𨄅,zk
𨄇,zu
𨄈,zm
𨄉,zu
𨄋,zy
𨄌,zb
𨄍,zf
𨄐,zx
𨄓,zg
𨄔,zc
𨄕,zu
𨄗,zn
𨄚,pr
𨄛,zu
𨄜,zn
𨄮,zu
𨄯,ur
𨄰,zi
𨄱,zx
𨅅,zy
𨅊,zw
𨅋,zl
𨅍,zo
𨅎,zy
𨅏,zi
𨅑,zb
𨅒,zc
𨅓,zo
𨅔,zo
𨅗,zy
𨅘,ur
𨅝,zy
𨅣,zt
𨅤,zo
𨅪,yy
𨆁,za
𨆂,zj
𨆃,zx
𨆄,zr
𨆅,zg
𨆇,zj
𨆉,zt
𨆊,ur
𨆌,zb
𨆍,zv
𨆎,zu
𨆏,zz
𨆙,zb
𨆨,zv
𨆪,ir
𨆬,kr
𨆰,zh
𨆱,zj
𨆲,zx
𨆵,zb
𨆽,zm
𨆾,zx
𨇁,zb
𨇃,zb
𨇄,zw
𨇅,zu
𨇆,zy
𨇍,zi
𨇎,zw
𨇕,zc
𨇖,zm
𨇗,zv
𨇘,lr
𨇙,zi
𨇝,zj
𨇢,zu
𨇤,zy
𨇦,zj
𨇩,zd
𨇯,zy
𨇻,zf
𨇼,zx
𨇽,zf
𨈀,zb
𨈈,zq
𨈊,zg
𨈋,zc
𨈌,zx
𨈎,zn
𨈓,ux
𨈕,ue
𨈖,uk
𨈗,ku
𨈘,uu
𨈙,uy
𨈚,ub
𨈥,um
𨈧,ul
𨈩,ud
𨈫,uv
𨈮,uu
𨈶,um
𨈷,ub
𨈹,uk
𨈺,ub
𨉁,uw
𨉃,ru
𨉅,ul
𨉋,ue
𨉖,mu
𨉚,ud
𨉜,uk
𨉝,uv
𨉡,ui
𨉢,uv
𨉣,uy
𨉤,uw
𨉥,um
𨉩,uo
𨉪,uv
𨉫,uk
𨉭,uo
𨉱,ud
𨉴,ue
𨉸,um
𨉹,ua
𨉽,uw
𨉾,uo
𨊅,uw
𨊈,uu
𨊉,um
𨊑,ua
𨊔,um
𨊘,ux
𨊚,uu
𨊛,uv
𨊝,ur
𨊞,ue
𨊟,yu
𨊡,id
𨊢,as
𨊧,ig
𨊰,iq
𨊱,iy
𨊳,ix
𨊸,io
𨊹,ib
𨊺,iv
𨊻,ik
𨊼,iy
𨊿,iy
𨋀,ii
𨋃,ij
𨋈,iu
𨋉,ui
𨋐,iw
𨋑,gi
𨋒,ic
𨋔,iy
𨋕,ie
𨋖,ie
𨋗,ib
𨋘,iv
𨋙,iu
𨋚,iy
𨋛,il
𨋞,ij
𨋟,hi
𨋠,ij
𨋡,ii
𨋥,if
𨋦,iy
𨋧,bi
𨋨,ig
𨋩,iq
𨋫,id
𨋬,li
𨋮,io
𨋯,iy
𨋰,ir
𨋲,iu
𨋷,ig
𨋺,ji
𨋽,iy
𨋾,ix
𨌄,pi
𨌅,yi
𨌆,is
𨌈,iu
𨌌,ib
𨌍,iu
𨌎,ih
𨌑,in
𨌔,ie
𨌘,iw
𨌝,id
𨌠,iu
𨌢,il
𨌣,in
𨌤,wi
𨌥,ww
𨌧,id
𨌨,if
𨌩,ik
𨌫,iv
𨌬,iu
𨌭,io
𨌮,id
𨌰,ir
𨌳,io
𨌴,if
𨌶,io
𨍆,io
𨍇,ik
𨍈,iw
𨍉,ix
𨍊,ih
𨍎,si
𨍏,iy
𨍐,io
𨍑,io
𨍒,ii
𨍕,im
𨍛,im
𨍜,iv
𨍞,iy
𨍢,ik
𨍧,iw
𨍩,if
𨍫,im
𨍭,ic
𨍮,il
𨍯,oi
𨍰,im
𨍲,iu
𨍴,ik
𨍶,hi
𨍷,ie
𨍸,it
𨍹,ig
𨍺,iy
𨎉,ir
𨎋,it
𨎌,ti
𨎍,in
𨎎,ie
𨎔,in
𨎖,xi
𨎛,im
𨎝,io
𨎢,ix
𨎤,ia
𨎦,iu
𨎧,ip
𨎩,ib
𨎫,io
𨎬,iw
𨎭,iy
𨎮,iy
𨎳,if
𨎴,it
𨎶,iu
𨎷,in
𨎸,im
𨎹,ih
𨎻,ik
𨎾,ib
𨏂,iz
𨏆,ii
𨏈,ix
𨏉,vi
𨏊,ii
𨏒,iu
𨏔,ib
𨏛,iy
𨏞,vi
𨏠,is
𨏤,ix
𨏥,ix
𨏩,wf
𨏪,ij
𨏫,ic
𨏬,ii
𨏳,ik
𨏴,ie
𨏵,iw
𨏶,yi
𨏹,iy
𨏺,iv
𨏼,ij
𨏿,ii
𨐁,iq
𨐃,ji
𨐈,iw
𨐋,"lu,wg"
𨐍,pu
𨐐,lv
𨐑,le
𨐔,xu
𨐕,eu
𨐖,xu
𨐛,uu
𨐡,lk
𨐣,lm
𨐥,lg
𨐦,li
𨐨,uj
𨐩,ln
𨐰,lu
𨐱,lu
𨐳,hu
𨐴,uj
𨐶,la
𨐾,vu
𨑊,xn
𨑌,tn
𨑎,zv
𨑑,zw
𨑜,zx
𨑝,"zd,zn,zv"
𨑠,zi
𨑣,zg
𨑤,zy
𨑥,zw
𨑨,zo
𨑩,zl
𨑪,zs
𨑫,zy
𨑼,zy
𨑽,zl
𨑿,zk
𨒀,zd
𨒄,zk
𨒅,zb
𨒆,zj
𨒇,zj
𨒉,zp
𨒊,zr
𨒋,zv
𨒍,zc
𨒑,zj
𨒙,zu
𨒜,zb
𨒞,zi
𨒢,"zn,zd"
𨒤,zb
𨒦,ze
𨒧,zy
𨒨,zr
𨒩,ze
𨒫,zy
𨒬,zt
𨒮,zr
𨒱,zb
𨒲,zv
𨒴,zs
𨒼,pg
𨒽,zl
𨓁,zy
𨓇,zj
𨓈,zk
𨓊,zv
𨓍,"zu,zl"
𨓚,ze
𨓦,zl
𨓨,zy
𨓩,zh
𨓬,zo
𨓭,zy
𨓮,zr
𨓯,zl
𨓰,zr
𨓲,zv
𨓳,zo
𨓴,ze
𨓷,zw
𨓿,zf
𨔗,zk
𨔙,zu
𨔛,zj
𨔡,"zn,zd,zu"
𨔢,zi
𨔣,zk
𨔤,zl
𨔥,zp
𨔦,za
𨔯,zu
𨕕,zk
𨕗,zl
𨕚,zo
𨕜,zr
𨕠,zv
𨕢,zt
𨕦,zw
𨕧,zk
𨕹,za
𨕺,zk
𨕻,zg
𨕽,pr
𨕿,zw
𨖊,zb
𨖋,zr
𨖌,zy
𨖎,zk
𨖏,zy
𨖚,zx
𨖛,zy
𨖠,zc
𨖢,zw
𨖬,zu
𨖭,zt
𨖮,zh
𨖰,zb
𨖳,zl
𨖴,zh
𨖵,zh
𨖶,zn
𨖷,zy
𨖹,zt
𨖼,zn
𨖾,zx
𨖿,zh
𨗑,zf
𨗓,zz
𨗝,pk
𨗞,zk
𨗡,zk
𨗥,zo
𨗦,zr
𨗨,zl
𨗼,zj
𨗾,zy
𨘁,zx
𨘂,zx
𨘃,zk
𨘄,zh
𨘇,zn
𨘉,zr
𨘌,zk
𨘔,zk
𨘬,zj
𨘮,zx
𨘲,zt
𨘴,zf
𨘵,ze
𨘸,zv
𨘾,zf
𨙀,zy
𨙂,zx
𨙄,zc
𨙎,"zu,zd"
𨙏,zu
𨙓,ze
𨙔,zm
𨙡,zn
𨙩,ue
𨙫,ke
𨙬,je
𨙭,te
𨙮,fe
𨙯,ce
𨙲,pe
𨙳,ie
𨙴,ce
𨙵,xe
𨙶,ae
𨙷,je
𨙸,ue
𨙹,ue
𨙺,ie
𨙽,re
𨚍,be
𨚓,fe
𨚔,be
𨚕,se
𨚖,ve
𨚘,we
𨚙,ke
𨚡,lb
𨚣,ve
𨚧,le
𨚮,be
𨚯,ke
𨚰,oe
𨚱,le
𨚲,ue
𨚳,we
𨚴,ne
𨚵,ub
𨚶,ne
𨚾,ae
𨛈,re
𨛉,de
𨛊,qe
𨛋,le
𨛌,we
𨛍,xe
𨛎,oe
𨛏,re
𨛐,se
𨛒,ve
𨛓,we
𨛔,be
𨛕,le
𨛖,le
𨛜,kb
𨛡,ke
𨛣,re
𨛤,ue
𨛥,de
𨛫,hb
𨛬,fb
𨛭,re
𨛮,ue
𨛯,be
𨛰,"pe,de"
𨛱,be
𨛳,ce
𨛵,he
𨛶,pe
𨛹,le
𨜌,be
𨜍,oe
𨜎,we
𨜏,ne
𨜐,te
𨜑,oe
𨜒,fe
𨜓,le
𨜔,be
𨜖,ye
𨜗,we
𨜜,ue
𨜡,be
𨜩,be
𨜰,ye
𨜱,be
𨜳,be
𨜴,te
𨜵,"ke,oe"
𨜶,be
𨜷,we
𨜺,be
𨜻,he
𨜼,xe
𨜽,"pe,he"
𨜾,re
𨜿,ie
𨝀,ge
𨝆,de
𨝈,re
𨝋,pe
𨝌,ue
𨝍,"ae,xe"
𨝎,ge
𨝏,we
𨝐,se
𨝑,ge
𨝓,xe
𨝖,vl
𨝘,he
𨝛,ce
𨝜,tz
𨝞,hb
𨝟,hb
𨝢,be
𨝦,xb
𨝨,fe
𨝩,ib
𨝫,re
𨝭,de
𨝮,ee
𨝯,le
𨝰,ye
𨝱,re
𨝲,ze
𨝳,ve
𨝴,"ne,ce"
𨝵,me
𨝸,xe
𨞌,pe
𨞐,ie
𨞑,vq
𨞓,pe
𨞕,se
𨞗,ye
𨞘,he
𨞙,he
𨞛,ce
𨞢,ue
𨞣,ve
𨞨,ce
𨞩,xe
𨞪,ue
𨞫,ce
𨞲,ue
𨞶,ze
𨞷,"ye,te"
𨞺,ie
𨞼,ce
𨞽,te
𨞾,pe
𨞿,ye
𨟂,ce
𨟃,ie
𨟄,mb
𨟊,je
𨟏,he
𨟑,ie
𨟖,ge
𨟙,oe
𨟚,we
𨟠,oe
𨟥,ue
𨟲,yy
𨟴,"ye,yd"
𨟵,yb
𨟶,gy
𨟸,yw
𨟹,yv
𨟺,ym
𨟼,yj
𨟽,hy
𨟾,yu
𨠋,yg
𨠌,yd
𨠎,ys
𨠏,yd
𨠐,yb
𨠑,yy
𨠒,sy
𨠓,yp
𨠔,yb
𨠖,ys
𨠚,ya
𨠟,yp
𨠡,yy
𨠤,yu
𨠥,yv
𨠦,yx
𨠬,yb
𨠭,ry
𨠷,ay
𨠸,yg
𨠹,ym
𨡁,ye
𨡂,yj
𨡃,yf
𨡄,yk
𨡌,yn
𨡍,yo
𨡎,yx
𨡏,yb
𨡐,py
𨡑,yk
𨡗,yg
𨡞,yk
𨡡,ba
𨡢,ry
𨡤,yd
𨡩,yy
𨡫,yi
𨡬,ym
𨡭,sy
𨡮,yx
𨡱,yk
𨡲,yh
𨡴,yy
𨡸,yx
𨡻,yy
𨢂,yv
𨢅,bu
𨢆,ym
𨢇,yt
𨢈,uy
𨢉,ya
𨢊,"yn,yu"
𨢋,uy
𨢎,yb
𨢐,yf
𨢑,yn
𨢘,ym
𨢜,yf
𨢠,ym
𨢢,yd
𨢣,yb
𨢤,uy
𨢦,yb
𨢩,yw
𨢪,yg
𨢬,yh
𨢮,uy
𨢯,dy
𨢴,ym
𨢵,yx
𨢸,ym
𨢹,vy
𨢿,yl
𨣀,yx
𨣁,yk
𨣂,yi
𨣃,yl
𨣄,yl
𨣅,yy
𨣇,yo
𨣈,yb
𨣍,yo
𨣔,yx
𨣕,ym
𨣗,iy
𨣘,ym
𨣙,ys
𨣚,ya
𨣛,yg
𨣝,yx
𨣞,yw
𨣠,yg
𨣢,yz
𨣦,yb
𨣧,ya
𨣨,ym
𨣬,yb
𨣯,yv
𨣱,yu
𨣵,yb
𨣸,ye
𨣻,ny
𨣾,gy
𨤂,yy
𨤃,yi
𨤇,yo
𨤎,ym
𨤑,py
𨤕,pd
𨤚,"pr,pz"
𨤡,pb
𨤢,ul
𨤤,ly
𨤩,bl
𨤫,wl
𨤱,ol
𨤴,vr
𨤷,lk
𨤹,vm
𨤽,jb
𨥂,jz
𨥇,jc
𨥍,jk
𨥑,ja
𨥙,jj
𨥛,jh
𨥞,ju
𨥣,sj
𨥦,jp
𨥧,jf
𨥨,jp
𨥪,ju
𨥴,uj
𨥶,jy
𨥸,jv
𨥺,js
𨦂,jv
𨦃,jm
𨦄,jv
𨦆,jb
𨦖,jv
𨦗,jh
𨦛,jq
𨦜,jv
𨦞,jv
𨦡,jy
𨦭,jn
𨦮,dj
𨦯,jy
𨦰,ja
𨦱,jw
𨦳,jk
𨧀,jt
𨧐,jk
𨧑,jg
𨧕,jk
𨧖,jm
𨧗,jp
𨧙,jk
𨧥,je
𨧦,ej
𨧧,jn
𨧨,jn
𨧪,jj
𨧫,ju
𨧭,hj
𨧰,jb
𨧱,ji
𨧳,pj
𨧵,jt
𨨏,jy
𨨗,mj
𨨘,jy
𨨙,jy
𨨚,jh
𨨛,jk
𨨜,jv
𨨠,jm
𨨡,jd
𨨬,vj
𨨭,jy
𨨯,jt
𨨰,jd
𨨱,jk
𨨲,jc
𨨳,jf
𨨴,jv
𨨶,je
𨨷,jq
𨨸,ji
𨨹,je
𨨺,xj
𨩁,pj
𨩦,jk
𨩧,uj
𨩨,ja
𨩩,jo
𨩪,ji
𨩫,jg
𨩬,jd
𨩯,jl
𨩰,ju
𨩲,jk
𨩵,jy
𨩶,jc
𨩸,jb
𨩻,jw
𨩽,ja
𨪄,tj
𨪅,jm
𨪈,jg
𨪉,jj
𨪊,ji
𨪌,jo
𨪍,jn
𨪎,ja
𨪏,ju
𨪐,ja
𨪑,jd
𨪒,jv
𨪗,jn
𨪳,jh
𨪶,jn
𨪷,jg
𨪹,jw
𨪺,je
𨪿,jy
𨫀,jn
𨫁,jy
𨫒,jy
𨫔,tj
𨬁,jd
𨬅,jj
𨬍,jo
𨬑,ij
𨬒,jw
𨬔,jw
𨬖,jz
𨬗,jb
𨬚,jd
𨬟,ju
𨭁,ju
𨭃,jy
𨭆,jh
𨭉,wj
𨭎,jk
𨭖,ja
𨭗,jo
𨭚,jd
𨭛,jv
𨭺,jx
𨮂,jn
𨮒,jx
𨮔,jb
𨮪,aj
𨮭,jj
𨮴,jw
𨮸,jd
𨮹,jz
𨮻,jt
𨮿,jo
𨯓,jx
𨯞,gj
𨯲,jb
𨯽,jd
𨰂,jh
𨰆,jn
𨰏,jx
𨰑,jf
𨰓,jo
𨰛,jx
𨰞,jf
𨰠,jf
𨰦,jb
𨰭,jx
𨰵,ij
𨰸,jj
𨰻,jj
𨱇,jq
𨱍,je
𨱏,jk
𨱑,jb
𨱔,jc
𨱚,ay
𨱛,as
𨱜,ay
𨱡,au
𨱣,ay
𨱦,ai
𨱧,al
𨱫,ag
𨱭,av
𨱮,ay
𨱯,ax
𨱵,ad
𨱸,al
𨱺,ac
𨱻,ak
𨱼,di
𨱿,au
𨲀,ac
𨲁,ax
𨲄,ay
𨲆,ao
𨲈,af
𨲉,ai
𨲊,ag
𨲋,au
𨲎,aw
𨲐,ap
𨲑,as
𨲒,au
𨲓,ao
𨲗,"ti,ui"
𨲛,az
𨲜,ac
𨲞,ad
𨲟,ak
𨲧,ar
𨲪,ab
𨲬,al
𨲭,ak
𨲮,al
𨲯,ao
𨲱,ax
𨲳,an
𨲵,aa
𨲾,af
𨲿,ab
𨳀,ay
𨳁,as
𨳂,ad
𨳆,ay
𨳉,mn
𨳊,mj
𨳋,mj
𨳌,am
𨳑,mw
𨳔,sm
𨳕,mz
𨳗,ms
𨳘,mt
𨳙,mn
𨳚,md
𨳛,mj
𨳝,mr
𨳞,mi
𨳠,mx
𨳡,ma
𨳣,mv
𨳲,mb
𨳷,mb
𨳺,mu
𨳻,"me,mj"
𨳼,mg
𨳿,mb
𨴀,mk
𨴃,mv
𨴆,md
𨴊,mu
𨴌,me
𨴍,mn
𨴎,me
𨴏,mk
𨴐,me
𨴑,mw
𨴒,md
𨴓,mv
𨴗,mt
𨴘,mi
𨴚,"gm,km"
𨴜,mo
𨴞,mn
𨴡,md
𨴢,mx
𨴣,mn
𨴩,mh
𨴪,mf
𨴬,mk
𨴭,my
𨴯,mu
𨴰,mv
𨴹,mz
𨴺,mc
𨴼,me
𨴾,md
𨵂,mj
𨵃,mv
𨵄,me
𨵆,mx
𨵈,mf
𨵉,mg
𨵊,mg
𨵋,mn
𨵌,mk
𨵍,mk
𨵎,mk
𨵐,my
𨵗,mb
𨵘,mj
𨵚,mg
𨵛,mo
𨵝,mo
𨵞,mb
𨵟,my
𨵠,mk
𨵡,mi
𨵥,mo
𨵦,md
𨵧,mk
𨵩,mt
𨵪,mb
𨵫,mk
𨵬,mg
𨵭,mz
𨵮,mv
𨵰,mx
𨵴,mg
𨵶,mw
𨵸,mg
𨵺,mx
𨵼,mg
𨶀,mk
𨶁,mn
𨶂,mm
𨶅,mh
𨶆,mk
𨶇,mw
𨶈,mk
𨶐,mz
𨶗,ml
𨶙,mb
𨶜,mu
𨶝,mw
𨶟,me
𨶠,mn
𨶢,ma
𨶨,md
𨶪,mp
𨶬,ma
𨶭,mh
𨶮,ma
𨶯,mh
𨶰,mb
𨶱,ml
𨶲,mh
𨶺,mu
𨶼,wk
𨶽,uw
𨶿,ma
𨷀,mk
𨷁,mw
𨷃,mz
𨷄,mo
𨷆,mj
𨷇,mm
𨷐,mm
𨷒,mp
𨷓,mh
𨷘,me
𨷙,mt
𨷠,mt
𨷥,mu
𨷦,mv
𨷩,mb
𨷮,mm
𨷱,mx
𨷲,mc
𨷻,mx
𨷽,mm
𨷾,mm
𨸐,en
𨸑,ev
𨸒,ej
𨸓,ed
𨸔,ej
𨸗,eg
𨸘,eg
𨸙,ee
𨸛,"ev,eq"
𨸜,ey
𨸝,eu
𨸭,ek
𨸮,ek
𨸯,eg
𨸰,ej
𨸱,er
𨸷,pv
𨸺,ej
𨸻,es
𨸼,eb
𨹀,eb
𨹁,ei
𨹃,em
𨹅,ek
𨹆,eo
𨹈,eh
𨹊,er
𨹋,ew
𨹌,er
𨹔,eb
𨹗,ek
𨹘,el
𨹙,ek
𨹚,ei
𨹜,ea
𨹝,eb
𨹡,et
𨹵,ev
𨹶,ee
𨹸,et
𨹹,eo
𨹻,eb
𨺀,pv
𨺅,pk
𨺖,ey
𨺘,ez
𨺙,ee
𨺚,"ek,ef"
𨺝,ey
𨺟,eb
𨺠,eo
𨺡,ew
𨺢,ei
𨺣,ey
𨺤,et
𨺥,ee
𨺦,ey
𨺧,ey
𨺨,ek
𨺩,ez
𨺫,yk
𨺭,ek
𨺮,ew
𨺵,pu
𨺸,ee
𨺹,eh
𨺿,en
𨻀,eb
𨻁,ex
𨻃,ef
𨻄,em
𨻆,ej
𨻈,eb
𨻊,et
𨻌,er
𨻍,ex
𨻏,pt
𨻒,"eh,em"
𨻕,ee
𨻖,ew
𨻗,em
𨻣,ex
𨻥,ey
𨻧,et
𨻨,eb
𨻱,eo
𨻲,eh
𨻳,eh
𨻵,ef
𨻷,en
𨻺,eb
𨻻,en
𨻼,et
𨼈,ek
𨼉,ev
𨼊,eh
𨼋,ey
𨼌,er
𨼍,eu
𨼎,eb
𨼐,eo
𨼑,eo
𨼒,el
𨼓,eo
𨼔,ec
𨼤,er
𨼥,ey
𨼪,er
𨼫,eu
𨼬,en
𨼮,ek
𨼯,eg
𨼱,pk
𨼽,pu
𨼿,"en,eu"
𨽀,eq
𨽁,en
𨽂,en
𨽄,pk
𨽉,eo
𨽊,ev
𨽍,eb
𨽏,eb
𨽐,"ee,ew"
𨽑,ep
𨽖,ey
𨽗,eb
𨽟,ez
𨽦,ee
𨽧,ef
𨽨,el
𨽯,er
𨽲,er
𨽷,wn
𨽹,bn
𨽻,bn
𨽼,vn
𨽿,sn
𨾂,vb
𨾅,qf
𨾉,jf
𨾊,gf
𨾌,yf
𨾎,rn
𨾒,wf
𨾓,gf
𨾔,ff
𨾗,rd
𨾚,ff
𨾛,uf
𨾞,pf
𨾡,uf
𨾤,uf
𨾬,uf
𨾴,kf
𨾻,rl
𨾾,ef
𨿁,pf
𨿇,rr
𨿏,gf
𨿐,pf
𨿛,rj
𨿠,if
𨿢,df
𨿭,ef
𨿿,vf
𩀋,ef
𩀖,wf
𩀜,gf
𩀞,rf
𩀠,uf
𩀣,bf
𩀧,if
𩀪,gf
𩀫,kf
𩀲,uh
𩀶,ef
𩀼,mw
𩀿,af
𩁌,ef
𩁞,cf
𩁟,hf
𩁯,of
𩁴,rm
𩁷,yd
𩁺,yp
𩂂,yw
𩂃,yg
𩂄,yt
𩂆,yb
𩂈,yx
𩂉,yt
𩂍,yu
𩂎,yx
𩂒,ys
𩂓,yd
𩂔,yd
𩂕,yf
𩂖,yv
𩂗,yi
𩂙,yx
𩂝,yu
𩂞,ye
𩂢,yn
𩂣,yk
𩂤,yv
𩂥,yd
𩂦,yk
𩂧,"yv,yk"
𩂨,ya
𩂪,yo
𩂫,yw
𩂴,yn
𩂵,ys
𩂹,yy
𩂻,yv
𩂼,yg
𩂽,yc
𩂾,yv
𩂿,yk
𩃀,yz
𩃁,yy
𩃃,yw
𩃋,yp
𩃍,ys
𩃎,yf
𩃐,yd
𩃒,yi
𩃕,ym
𩃖,yr
𩃘,yd
𩃙,yd
𩃚,yy
𩃜,yl
𩃞,"ya,yh"
𩃠,yn
𩃡,yl
𩃬,yv
𩃭,ys
𩃯,yh
𩃰,yy
𩃱,yb
𩃴,yo
𩃵,ym
𩃶,yd
𩃷,yy
𩃹,yj
𩃺,yu
𩃾,yi
𩄁,yi
𩄅,ym
𩄆,yu
𩄊,yu
𩄋,ye
𩄕,yv
𩄗,yh
𩄘,yx
𩄙,yg
𩄚,yb
𩄛,yi
𩄜,yx
𩄝,yg
𩄞,yh
𩄠,yb
𩄡,yn
𩄢,"yr,yz"
𩄦,yf
𩄪,yh
𩄬,yv
𩄮,yz
𩄯,yo
𩄷,yk
𩄸,yy
𩄺,yc
𩄻,yd
𩄼,yf
𩄽,yn
𩄾,yb
𩄿,yw
𩅀,yw
𩅁,yc
𩅃,yx
𩅄,yb
𩅅,"yg,yk"
𩅆,yz
𩅇,ye
𩅌,yd
𩅍,yy
𩅖,dd
𩅝,yd
𩅞,yv
𩅠,yg
𩅡,yo
𩅢,yw
𩅥,yu
𩅦,yl
𩅧,yn
𩅨,yo
𩅩,yh
𩅪,yo
𩅮,yo
𩅰,yj
𩅴,yi
𩅼,yr
𩅽,yn
𩅾,yv
𩅿,yc
𩆀,yy
𩆁,yo
𩆂,yb
𩆄,yf
𩆅,yj
𩆆,yv
𩆎,yt
𩆑,yw
𩆒,yx
𩆓,yy
𩆔,yt
𩆘,yf
𩆚,yc
𩆝,yx
𩆟,de
𩆣,yw
𩆤,yo
𩆦,yo
𩆫,ya
𩆮,yk
𩆯,yr
𩆱,ym
𩆲,yw
𩆵,yy
𩆶,yy
𩆷,yj
𩆸,yf
𩆻,yh
𩆼,ys
𩆽,yx
𩆿,yy
𩇄,yo
𩇇,yb
𩇎,yt
𩇏,yj
𩇐,yi
𩇔,ys
𩇕,fp
𩇖,eo
𩇜,fe
𩇝,db
𩇟,de
𩇠,fm
𩇣,fb
𩇩,df
𩇫,fz
𩇮,fu
𩇯,fb
𩇴,fd
𩇵,fk
𩇺,"yf,tf"
𩇻,fx
𩇽,bf
𩈁,ef
𩈆,mb
𩈇,mi
𩈈,mf
𩈉,mv
𩈋,ml
𩈍,ma
𩈎,mv
𩈏,ml
𩈐,mw
𩈑,my
𩈔,mk
𩈕,mg
𩈖,ms
𩈗,my
𩈚,mk
𩈜,mk
𩈞,mx
𩈡,mg
𩈢,mx
𩈣,mk
𩈤,mr
𩈥,mw
𩈦,mv
𩈬,mk
𩈭,mq
𩈮,mk
𩈯,md
𩈱,bm
𩈲,mm
𩈴,mo
𩈵,im
𩈶,mx
𩈸,mq
𩈹,mb
𩈺,mw
𩈻,im
𩈼,mp
𩉀,dm
𩉁,ml
𩉂,om
𩉄,mh
𩉆,mm
𩉍,dm
𩉐,mx
𩉔,mj
𩉕,bm
𩉙,mf
𩉝,gw
𩉡,gl
𩉢,gr
𩉥,gy
𩉧,gf
𩉫,gb
𩉬,gu
𩉰,gj
𩉱,gh
𩉴,gv
𩉵,gd
𩉸,gj
𩉹,gb
𩉺,gb
𩉼,gu
𩉽,gf
𩉾,gj
𩉿,gk
𩊀,gb
𩊁,gv
𩊂,gs
𩊃,gb
𩊄,yg
𩊅,ge
𩊆,gk
𩊇,gy
𩊌,gl
𩊍,gy
𩊏,gk
𩊑,gy
𩊓,gk
𩊔,gx
𩊖,gk
𩊚,gk
𩊛,gv
𩊜,gm
𩊝,go
𩊡,gd
𩊢,gb
𩊣,gv
𩊤,gd
𩊨,ga
𩊩,gf
𩊪,ga
𩊫,gx
𩊬,gf
𩊭,ge
𩊮,gu
𩊯,gu
𩊰,gt
𩊴,gx
𩊵,go
𩊺,gy
𩊻,gw
𩊿,go
𩋁,gy
𩋂,gf
𩋃,gf
𩋄,gy
𩋅,gx
𩋆,ig
𩋈,gx
𩋉,ga
𩋊,gd
𩋋,gg
𩋌,gw
𩋍,gd
𩋏,gx
𩋒,go
𩋗,gg
𩋙,gk
𩋜,gk
𩋞,gm
𩋟,gw
𩋠,gm
𩋡,gt
𩋢,ga
𩋣,gj
𩋤,go
𩋧,gb
𩋨,gt
𩋩,gw
𩋪,gb
𩋫,gy
𩋬,gw
𩋮,gc
𩋯,gw
𩋰,gc
𩋱,gi
𩋵,go
𩋷,gd
𩋺,gk
𩋻,go
𩋽,gk
𩋾,gl
𩋿,go
𩌃,gg
𩌄,gp
𩌆,gb
𩌇,gx
𩌈,gx
𩌉,gu
𩌊,uy
𩌌,gb
𩌍,gm
𩌏,gc
𩌐,gu
𩌑,gd
𩌘,gh
𩌝,gz
𩌠,go
𩌡,gk
𩌢,gg
𩌧,gd
𩌨,gl
𩌩,gf
𩌪,gb
𩌫,gb
𩌬,gu
𩌭,gp
𩌮,gh
𩌯,gw
𩌰,gp
𩌲,gj
𩌾,gi
𩍂,eg
𩍃,gb
𩍅,gl
𩍆,gh
𩍉,gw
𩍌,gc
𩍎,gd
𩍏,gt
𩍐,ga
𩍓,gf
𩍔,gw
𩍖,gx
𩍗,gf
𩍙,gk
𩍚,gz
𩍜,gg
𩍝,gn
𩍡,gy
𩍥,ge
𩍦,gx
𩍧,gn
𩍨,gb
𩍪,gf
𩍲,gx
𩍳,gw
𩍵,gb
𩍷,wg
𩍸,vg
𩍻,ag
𩍼,gm
𩍿,gc
𩎂,gh
𩎃,gy
𩎉,gb
𩎊,gf
𩎎,gn
𩎑,gh
𩎒,vg
𩎔,vx
𩎕,vj
𩎖,vv
𩎗,vr
𩎘,vs
𩎙,vv
𩎚,vi
𩎛,vf
𩎜,vp
𩎢,vy
𩎤,vg
𩎥,vy
𩎫,vm
𩎭,vd
𩎰,ve
𩎲,ul
𩎳,dl
𩎵,rl
𩎷,vh
𩎹,va
𩎻,vf
𩎼,vb
𩎽,vo
𩎾,vs
𩏂,vu
𩏅,vy
𩏆,va
𩏇,vy
𩏈,ve
𩏉,ww
𩏌,vv
𩏏,vn
𩏐,vg
𩏒,vk
𩏓,bl
𩏖,vu
𩏗,jl
𩏘,vf
𩏚,ve
𩏝,vn
𩏞,vx
𩏟,vt
𩏠,va
𩏡,vb
𩏣,hl
𩏤,vu
𩏥,vl
𩏩,vr
𩏪,vg
𩏫,vk
𩏭,vb
𩏮,vm
𩏯,vc
𩏲,vx
𩏴,ml
𩏵,vc
𩏶,mh
𩏷,mh
𩏹,yl
𩏺,vy
𩐁,dj
𩐄,tj
𩐅,"yy,ty"
𩐆,yj
𩐉,kj
𩐌,ej
𩐍,cj
𩐘,eo
𩐙,lj
𩐚,lf
𩐛,lw
𩐜,ls
𩐞,xo
𩐠,lb
𩐡,lx
𩐣,lw
𩐤,lk
𩐥,lk
𩐦,lc
𩐨,ll
𩐫,lu
𩐬,lh
𩐭,lx
𩐮,lu
𩐯,lo
𩐰,lr
𩐱,lm
𩐴,wo
𩐵,lb
𩐷,lm
𩐻,ld
𩐼,lb
𩐾,ly
𩑀,ln
𩑁,lh
𩑂,li
𩑃,ln
𩑇,ly
𩑈,lb
𩑉,lx
𩑊,lr
𩑍,av
𩑐,ib
𩑒,pb
𩑓,vb
𩑔,qb
𩑕,"ab,kb"
𩑖,wb
𩑗,yb
𩑘,ap
𩑙,pb
𩑚,fb
𩑝,pb
𩑟,rb
𩑡,"pb,qb"
𩑢,bb
𩑣,yb
𩑤,wb
𩑥,ub
𩑦,bb
𩑬,ab
𩑭,rb
𩑮,wb
𩑰,ob
𩑳,"pb,ab"
𩑴,yb
𩑵,wb
𩑶,ub
𩑷,mb
𩑸,db
𩑹,wb
𩑻,bb
𩑼,kb
𩑾,db
𩒀,rb
𩒂,bb
𩒃,wb
𩒄,cb
𩒇,kb
𩒈,ax
𩒊,vb
𩒏,ub
𩒐,ab
𩒓,cb
𩒔,eb
𩒕,bb
𩒖,"gb,kb"
𩒘,wb
𩒙,nb
𩒚,xb
𩒛,ub
𩒝,ob
𩒞,"gb,ab"
𩒢,ab
𩒣,ib
𩒦,jb
𩒧,pb
𩒨,bb
𩒮,qb
𩒰,wb
𩒳,ob
𩒴,gb
𩒵,bb
𩒷,ib
𩒺,fb
𩒻,kb
𩒼,sb
𩒽,xb
𩒾,wb
𩒿,ub
𩓂,bb
𩓅,db
𩓐,ub
𩓒,ib
𩓓,ob
𩓖,"pb,vb"
𩓗,wb
𩓝,"pb,db"
𩓞,"pb,db"
𩓟,db
𩓠,ub
𩓢,ob
𩓣,pb
𩓤,eb
𩓥,qb
𩓦,ub
𩓧,bb
𩓨,fb
𩓪,"vb,eb"
𩓫,jb
𩓬,wb
𩓺,ob
𩓻,eb
𩓼,eb
𩓽,kb
𩔀,bb
𩔁,mb
𩔂,vb
𩔃,pb
𩔄,ub
𩔆,vb
𩔇,bb
𩔈,gb
𩔉,mb
𩔊,ab
𩔔,yb
𩔕,bb
𩔘,sb
𩔙,pb
𩔚,bb
𩔝,rb
𩔟,ib
𩔠,ob
𩔡,vb
𩔢,"zb,mb"
𩔣,fb
𩔥,fb
𩔦,"zb,pb"
𩔮,wb
𩔱,bb
𩔲,pb
𩔳,fb
𩔴,gb
𩔵,mb
𩔶,gb
𩔷,cb
𩔸,kb
𩔹,pb
𩔻,pb
𩔼,gb
𩕀,fb
𩕆,lb
𩕉,lb
𩕊,yb
𩕌,mb
𩕍,zb
𩕏,pb
𩕐,db
𩕕,cb
𩕖,pb
𩕜,"zb,tb"
𩕟,yb
𩕠,xb
𩕡,ub
𩕤,bb
𩕪,sb
𩕬,zb
𩕯,ub
𩕱,cb
𩕲,fb
𩕳,bb
𩕹,cb
𩕾,sb
𩖀,fb
𩖁,vb
𩖄,ib
𩖇,ob
𩖉,cb
𩖊,yb
𩖌,db
𩖍,ob
𩖒,ib
𩖔,an
𩖛,jf
𩖝,jp
𩖠,jn
𩖣,wi
𩖤,jt
𩖥,ju
𩖦,jv
𩖨,jw
𩖩,jy
𩖪,jj
𩖬,fi
𩖭,jl
𩖯,jn
𩖰,jw
𩖱,ju
𩖴,je
𩖵,js
𩖶,"jd,ju"
𩖷,ji
𩖸,jv
𩖹,jb
𩖺,jg
𩖼,jf
𩖽,jy
𩖾,je
𩗀,jb
𩗄,jb
𩗅,jd
𩗉,jm
𩗊,jk
𩗎,jg
𩗏,xi
𩗐,jm
𩗑,jg
𩗒,jx
𩗓,jz
𩗔,pi
𩗕,jq
𩗘,jm
𩗙,jj
𩗚,jw
𩗜,jv
𩗝,ji
𩗞,jm
𩗢,ju
𩗣,ju
𩗤,jg
𩗥,jb
𩗧,ei
𩗩,ji
𩗪,jk
𩗫,ju
𩗭,jq
𩗰,ji
𩗱,jj
𩗲,jl
𩗴,jl
𩗵,jk
𩗶,ju
𩗷,jd
𩗼,jo
𩗽,jy
𩗾,jr
𩘀,ju
𩘁,wi
𩘅,bi
𩘇,jk
𩘈,jy
𩘊,jd
𩘋,ju
𩘍,wi
𩘎,jk
𩘏,jm
𩘑,jy
𩘒,bi
𩘓,jz
𩘘,ju
𩘜,jk
𩘝,jx
𩘟,jm
𩘠,xi
𩘡,jd
𩘤,jo
𩘧,jc
𩘭,ji
𩘮,fi
𩘯,jc
𩘰,jb
𩘱,ju
𩘳,jo
𩘵,jn
𩘹,jl
𩘺,jb
𩘻,jk
𩘼,ja
𩘽,xi
𩘿,jk
𩙄,vi
𩙆,jm
𩙇,jo
𩙈,jm
𩙑,jv
𩙒,gi
𩙖,jv
𩙘,js
𩙙,jm
𩙚,jl
𩙛,jb
𩙜,hi
𩙝,ei
𩙠,jx
𩙡,ji
𩙢,ju
𩙣,cv
𩙲,nl
𩙷,wl
𩙸,sl
𩙽,sl
𩙾,nl
𩚂,rv
𩚄,ry
𩚇,rc
𩚈,ru
𩚉,ry
𩚕,rv
𩚖,ri
𩚗,rj
𩚛,rn
𩚣,ro
𩚥,rb
𩚪,rx
𩚫,rv
𩚬,rv
𩚭,rc
𩚮,rf
𩚯,rb
𩚱,rk
𩚲,rj
𩚵,rg
𩚹,rs
𩚻,vl
𩚾,ll
𩛅,rn
𩛆,ry
𩛇,rb
𩛋,re
𩛌,rn
𩛎,rk
𩛏,rn
𩛑,ry
𩛘,rb
𩛝,rc
𩛞,rz
𩛟,rv
𩛠,rt
𩛡,rl
𩛢,rl
𩛥,"cl,cp"
𩛦,rw
𩛧,rg
𩛨,re
𩛩,rj
𩛪,rq
𩛭,ro
𩛮,rr
𩛲,rw
𩛳,ml
𩛵,rl
𩛹,rt
𩛺,rm
𩛻,ul
𩛼,ru
𩛽,rf
𩜀,ri
𩜁,rw
𩜃,rb
𩜆,rj
𩜇,rv
𩜊,rt
𩜌,rv
𩜍,rd
𩜒,nl
𩜖,rx
𩜟,re
𩜥,dl
𩜦,rr
𩜧,rj
𩜬,il
𩜭,ru
𩜰,rt
𩜱,rv
𩜲,rw
𩜳,rl
𩜵,re
𩜶,rd
𩜷,rm
𩜸,pl
𩜺,rk
𩜽,rp
𩝈,rk
𩝊,rr
𩝋,rh
𩝌,ru
𩝐,ry
𩝑,ra
𩝔,ro
𩝖,vl
𩝚,ri
𩝛,rk
𩝝,rk
𩝞,rk
𩝟,rj
𩝠,rq
𩝣,rx
𩝥,rx
𩝨,rb
𩝷,rw
𩝸,rd
𩝽,ri
𩝾,rk
𩝿,rk
𩞀,rp
𩞁,gl
𩞃,rw
𩞄,ro
𩞅,rf
𩞆,rr
𩞇,gl
𩞈,rz
𩞉,rx
𩞊,rv
𩞋,rl
𩞙,rz
𩞞,rv
𩞤,wl
𩞥,rw
𩞦,ru
𩞧,rn
𩞨,il
𩞩,rb
𩞬,ra
𩞶,rf
𩞺,kl
𩞻,rl
𩞾,ri
𩞿,rx
𩟀,rf
𩟁,ry
𩟂,rz
𩟃,rs
𩟅,rr
𩟇,rd
𩟈,rt
𩟉,rt
𩟊,rn
𩟋,rk
𩟍,rm
𩟐,rz
𩟑,rl
𩟒,rw
𩟓,ry
𩟔,rx
𩟕,rc
𩟗,dl
𩟞,rx
𩟟,rm
𩟠,ry
𩟥,rv
𩟦,rg
𩟧,rm
𩟨,kl
𩟫,ry
𩟭,rs
𩟮,ry
𩟰,rm
𩟳,rx
𩟶,rj
𩟷,vl
𩟸,bl
𩟺,rm
𩟽,rr
𩠚,br
𩠟,bg
𩠦,xz
𩠨,hz
𩠮,by
𩠯,bl
𩠷,az
𩠹,yz
𩠻,hv
𩠾,bo
𩠿,hm
𩡃,hu
𩡌,ho
𩡎,hy
𩡓,hx
𩡔,hk
𩡕,wo
𩡝,hu
𩡟,"hd,hu"
𩡣,hw
𩡦,hm
𩡧,al
𩡨,pm
𩡩,mb
𩡫,jm
𩡯,md
𩡷,qm
𩡺,ml
𩡾,mu
𩢀,mt
𩢄,me
𩢅,mg
𩢌,wm
𩢍,mg
𩢎,mi
𩢐,mv
𩢑,vm
𩢒,ml
𩢔,mb
𩢕,mb
𩢖,mm
𩢘,mk
𩢛,mv
𩢡,mr
𩢨,mg
𩢪,mk
𩢫,um
𩢮,rm
𩢯,mv
𩢰,mq
𩢱,mk
𩢳,xm
𩢴,mk
𩢵,mq
𩢶,mn
𩢷,mb
𩢸,mv
𩢹,mj
𩢻,vm
𩢼,mw
𩢽,gm
𩢾,dm
𩢿,mf
𩣊,mx
𩣏,xm
𩣖,mk
𩣘,mv
𩣚,mk
𩣜,ma
𩣝,mp
𩣞,mj
𩣡,mz
𩣣,wm
𩣫,md
𩣮,md
𩣯,mo
𩣱,mt
𩣲,mb
𩣳,md
𩣴,ms
𩣵,mv
𩣶,om
𩣷,im
𩣸,mu
𩣹,um
𩣺,mc
𩣻,cm
𩣼,mg
𩤁,mh
𩤈,mo
𩤉,mb
𩤊,mg
𩤋,mm
𩤏,mu
𩤒,mq
𩤖,me
𩤗,mm
𩤘,mx
𩤙,md
𩤚,me
𩤛,my
𩤜,mo
𩤞,mm
𩤟,mw
𩤠,mb
𩤡,bm
𩤣,my
𩤤,mm
𩤥,mk
𩤦,nm
𩤩,bm
𩤲,md
𩤸,mo
𩤹,mo
𩤺,ym
𩤽,mj
𩤿,my
𩥁,mk
𩥂,mo
𩥄,mb
𩥅,mj
𩥆,mn
𩥇,mn
𩥈,mm
𩥉,ma
𩥊,wm
𩥋,mm
𩥌,mk
𩥐,mj
𩥑,mx
𩥔,om
𩥘,mw
𩥠,mk
𩥣,mf
𩥫,mj
𩥬,md
𩥭,ma
𩥮,mu
𩥯,km
𩥲,mf
𩥴,mn
𩥽,mz
𩥿,mb
𩦂,mo
𩦇,mk
𩦉,dm
𩦊,md
𩦋,"mu,md"
𩦌,mn
𩦎,mw
𩦐,mk
𩦘,mf
𩦠,md
𩦡,pm
𩦢,"md,mt"
𩦤,"mg,ma"
𩦱,mo
𩦲,mw
𩦹,mm
𩦺,"mn,mu"
𩧃,my
𩧄,mb
𩧅,md
𩧆,mv
𩧇,mx
𩧈,mb
𩧉,mb
𩧊,mw
𩧋,mu
𩧌,mm
𩧏,mf
𩧐,mm
𩧒,mn
𩧓,ml
𩧘,mf
𩧜,mc
𩧡,om
𩨑,gd
𩨒,gj
𩨓,gb
𩨗,"gv,gk"
𩨘,gq
𩨙,gg
𩨚,gn
𩨜,gb
𩨝,gy
𩨞,gj
𩨟,gx
𩨠,gy
𩨡,gu
𩨨,gb
𩨩,gy
𩨫,gy
𩨬,gy
𩨮,eg
𩨯,gi
𩨲,gb
𩨳,ig
𩨴,gv
𩨷,gb
𩨸,gi
𩨹,gj
𩨻,gv
𩨽,gk
𩨾,gv
𩩀,ge
𩩄,"gg,gk"
𩩅,gk
𩩋,gg
𩩌,gx
𩩍,gv
𩩑,gk
𩩒,gu
𩩔,gr
𩩗,gk
𩩘,fg
𩩛,gk
𩩝,gg
𩩞,gi
𩩟,gy
𩩠,gu
𩩡,gw
𩩢,ge
𩩤,gy
𩩥,gm
𩩧,gh
𩩨,gi
𩩯,gc
𩩰,gb
𩩱,gy
𩩲,gv
𩩳,gv
𩩴,gk
𩩶,gl
𩩺,gu
𩩻,go
𩩼,go
𩩾,"gy,gs"
𩪀,gz
𩪁,gg
𩪂,ga
𩪃,gk
𩪉,gb
𩪊,gx
𩪌,gz
𩪍,gk
𩪎,gc
𩪐,ga
𩪖,gl
𩪗,gr
𩪘,gl
𩪚,gx
𩪛,gn
𩪟,gk
𩪢,gr
𩪣,gx
𩪤,gn
𩪥,gs
𩪧,gu
𩪭,gy
𩪮,gy
𩪱,gh
𩪴,gl
𩪸,gv
𩪺,gs
𩪾,yg
𩫀,wn
𩫁,wm
𩫂,wv
𩫇,bk
𩫈,wq
𩫍,wu
𩫏,wu
𩫓,wb
𩫔,"wv,wa"
𩫕,wu
𩫠,wg
𩫥,vk
𩫦,wp
𩫫,wu
𩫲,wi
𩫳,kk
𩫴,aj
𩫸,al
𩫹,aj
𩫺,ae
𩫾,ay
𩬀,an
𩬍,"am,aw,aa"
𩬏,ao
𩬑,ak
𩬔,as
𩬖,ap
𩬗,al
𩬙,ac
𩬚,ag
𩬜,aj
𩬝,ab
𩬞,ao
𩬟,av
𩬠,ak
𩬫,ab
𩬭,au
𩬰,"au,af"
𩬱,ad
𩬲,ay
𩬳,ar
𩬵,ae
𩬷,ae
𩬸,ap
𩬹,aw
𩬺,ao
𩬻,am
𩬼,aw
𩬽,"am,an"
𩭇,al
𩭊,ak
𩭋,am
𩭌,aj
𩭏,an
𩭐,au
𩭑,ad
𩭒,ad
𩭓,ay
𩭗,af
𩭘,ac
𩭙,ag
𩭛,ay
𩭝,aw
𩭟,au
𩭡,ao
𩭢,ag
𩭣,ao
𩭤,ax
𩭥,aj
𩭦,ai
𩭧,au
𩭩,ad
𩭫,ar
𩭬,af
𩭯,ay
𩭲,au
𩭳,ax
𩭷,al
𩭺,at
𩭼,am
𩭾,aw
𩭿,ao
𩮀,ax
𩮁,ad
𩮂,av
𩮃,ay
𩮄,am
𩮅,ax
𩮉,ax
𩮎,aa
𩮏,ak
𩮐,ay
𩮑,ak
𩮖,aa
𩮗,al
𩮘,ak
𩮚,ai
𩮛,ax
𩮜,ad
𩮝,ak
𩮟,aa
𩮠,ak
𩮫,ay
𩮬,ax
𩮯,aw
𩮱,aj
𩮳,ax
𩮴,af
𩮵,kp
𩮶,ar
𩮷,ae
𩮸,aw
𩮹,ax
𩯃,ab
𩯄,ac
𩯆,aw
𩯇,aa
𩯈,ao
𩯉,ay
𩯋,ag
𩯌,ay
𩯍,ay
𩯎,am
𩯏,an
𩯑,ax
𩯛,aw
𩯜,al
𩯞,am
𩯨,ax
𩯰,ag
𩯱,au
𩯲,ax
𩯳,ab
𩯺,av
𩯼,ao
𩯽,ab
𩰀,as
𩰃,ad
𩰍,lb
𩰎,lg
𩰓,"lv,ls"
𩰗,lb
𩰙,lx
𩰞,lx
𩰟,lh
𩰠,xr
𩰢,xl
𩰤,ub
𩰨,pc
𩰪,pp
𩰬,al
𩰭,ag
𩰯,ak
𩰲,gl
𩰳,at
𩰴,ae
𩰵,aa
𩰶,ar
𩰹,ag
𩰺,aw
𩰻,aq
𩰾,dl
𩱀,"cl,ll"
𩱁,yl
𩱃,az
𩱄,ad
𩱆,gl
𩱇,al
𩱈,ap
𩱊,ah
𩱋,yl
𩱌,gl
𩱍,gl
𩱎,gl
𩱏,fl
𩱓,gl
𩱘,ay
𩱙,ml
𩱚,gl
𩱝,ay
𩱞,gl
𩱦,gl
𩱧,gl
𩱨,gl
𩱪,gl
𩱬,pl
𩱱,gl
𩱲,gl
𩱳,gl
𩱴,kl
𩱷,gl
𩱼,jg
𩱾,pg
𩲁,gx
𩲂,gd
𩲃,gu
𩲄,"yg,ug"
𩲅,gc
𩲈,ge
𩲊,gm
𩲋,wg
𩲌,fg
𩲍,gn
𩲎,gu
𩲏,rg
𩲠,gf
𩲢,gy
𩲣,jg
𩲤,gk
𩲦,gk
𩲧,gg
𩲨,vg
𩲩,gs
𩲪,gx
𩲬,gw
𩲱,gk
𩲲,gq
𩲴,gy
𩲵,gu
𩲷,gh
𩲹,gr
𩲻,gx
𩲾,ug
𩳅,gv
𩳆,gl
𩳇,gy
𩳈,zg
𩳌,gk
𩳍,gg
𩳎,gz
𩳏,vg
𩳐,gf
𩳒,gu
𩳓,gl
𩳔,lg
𩳕,gn
𩳝,"yg,tg"
𩳢,gd
𩳣,gk
𩳤,gi
𩳥,ag
𩳧,yg
𩳨,gc
𩳯,gm
𩳲,gx
𩳵,gq
𩳶,ug
𩳸,gt
𩴀,go
𩴁,gk
𩴂,gv
𩴃,gx
𩴇,gy
𩴈,og
𩴉,gb
𩴍,gy
𩴐,gu
𩴑,gp
𩴒,gg
𩴓,"gn,gd"
𩴘,gj
𩴙,gm
𩴜,gb
𩴝,ga
𩴞,gh
𩴟,dg
𩴠,gl
𩴡,gf
𩴣,ig
𩴤,gx
𩴧,gh
𩴨,yg
𩴩,gh
𩴪,yg
𩴮,gg
𩴱,bg
𩴲,cg
𩴳,gx
𩴵,gm
𩴹,gf
𩴺,ug
𩴻,tg
𩵀,yg
𩵄,gf
𩵅,gf
𩵇,gf
𩵉,gw
𩵍,aj
𩵎,ay
𩵏,ab
𩵓,al
𩵕,ar
𩵖,ax
𩵗,as
𩵚,at
𩵛,"ya,ua"
𩵠,an
𩵢,ar
𩵣,ab
𩵥,aq
𩵦,am
𩵩,af
𩵭,aw
𩵮,ua
𩵰,ah
𩵱,aw
𩵹,ax
𩶁,ab
𩶂,ad
𩶄,au
𩶅,ad
𩶇,au
𩶈,ah
𩶉,aj
𩶋,am
𩶎,ar
𩶖,ao
𩶘,al
𩶙,ay
𩶛,ak
𩶜,at
𩶞,af
𩶡,av
𩶢,an
𩶣,av
𩶤,ae
𩶥,ai
𩶦,at
𩶧,aj
𩶩,ar
𩶫,ax
𩶭,"an,at,ad"
𩶯,na
𩶰,ax
𩶱,aq
𩷁,ab
𩷂,ad
𩷄,al
𩷋,av
𩷌,am
𩷍,ay
𩷎,ah
𩷏,ag
𩷐,ak
𩷓,ax
𩷕,al
𩷖,ap
𩷗,aw
𩷘,aj
𩷚,az
𩷧,ad
𩷭,af
𩷯,da
𩷰,az
𩷱,ax
𩷵,ak
𩷶,aw
𩷸,af
𩷹,au
𩷻,al
𩷽,ao
𩷾,ae
𩸀,ao
𩸁,ad
𩸂,ax
𩸃,ad
𩸄,ag
𩸇,ya
𩸋,ay
𩸍,ae
𩸎,ar
𩸐,av
𩸑,aq
𩸒,ae
𩸖,ya
𩸝,ma
𩸞,ak
𩸟,aw
𩸣,ay
𩸦,ab
𩸧,da
𩸨,aq
𩸹,ax
𩸾,ae
𩸿,ay
𩹀,at
𩹂,ao
𩹅,ay
𩹇,ad
𩹈,aw
𩹉,al
𩹊,az
𩹍,at
𩹎,ao
𩹏,aq
𩹑,ai
𩹞,ag
𩹟,ax
𩹢,ak
𩹥,ai
𩹱,at
𩹳,ab
𩹴,aj
𩹵,wa
𩹶,ak
𩹷,ag
𩹸,ab
𩹺,al
𩹼,ua
𩹾,an
𩹿,ak
𩺄,oa
𩺗,ak
𩺛,aj
𩺝,az
𩺞,am
𩺯,fa
𩺰,aa
𩺱,ak
𩺲,au
𩺵,au
𩺼,az
𩻋,ap
𩻌,am
𩻎,ar
𩻖,an
𩻗,ae
𩻘,ao
𩻚,ah
𩻛,ao
𩻜,la
𩻝,ab
𩻟,ah
𩻡,al
𩻢,"ra,pa"
𩻤,ah
𩻧,ag
𩻱,ax
𩻵,ax
𩻷,oa
𩻼,ab
𩼂,az
𩼄,sh
𩼅,an
𩼈,ad
𩼉,at
𩼊,wf
𩼋,an
𩼌,aw
𩼒,ak
𩼙,av
𩼚,ae
𩼨,ar
𩼫,yo
𩼭,ea
𩼴,ia
𩼼,at
𩽀,af
𩽁,ah
𩽆,ab
𩽇,aw
𩽍,aj
𩽎,az
𩽏,av
𩽛,ac
𩽜,ar
𩽝,ad
𩽞,ap
𩽡,au
𩽧,ay
𩽨,ak
𩽩,af
𩽰,af
𩽳,ah
𩽴,aw
𩽵,ai
𩽷,ao
𩽾,an
𩾃,av
𩾌,an
𩾒,nl
𩾓,ne
𩾔,qn
𩾕,bn
𩾗,dn
𩾘,xn
𩾚,dn
𩾝,ng
𩾞,wn
𩾠,jn
𩾡,nu
𩾢,yn
𩾧,ni
𩾬,ng
𩾶,nj
𩾷,gn
𩾸,in
𩾺,jn
𩾻,"pn,qn"
𩾼,un
𩾽,nx
𩾾,xn
𩾿,bn
𩿀,vn
𩿂,mn
𩿃,bn
𩿄,pn
𩿈,bn
𩿉,nd
𩿊,on
𩿑,an
𩿓,nn
𩿔,"in,pn"
𩿕,rn
𩿛,qn
𩿝,jn
𩿟,tn
𩿠,nv
𩿡,nk
𩿢,vn
𩿣,mn
𩿤,mn
𩿧,rn
𩿩,in
𩿪,in
𩿬,yn
𩿷,"en,pn"
𩿺,wn
𩿽,pn
𪀁,nk
𪀉,dn
𪀊,nk
𪀏,nj
𪀒,nt
𪀓,nx
𪀔,nc
𪀕,yn
𪀗,dn
𪀘,kn
𪀚,nu
𪀛,gn
𪀝,bn
𪀞,wn
𪀟,kn
𪀠,no
𪀣,xn
𪀥,bn
𪀦,yn
𪀧,ln
𪀩,xn
𪀪,rn
𪀬,un
𪀭,kn
𪀽,bn
𪀾,xn
𪀿,mn
𪁀,yn
𪁈,gn
𪁉,nx
𪁊,fn
𪁋,in
𪁍,tn
𪁎,xn
𪁏,en
𪁐,hn
𪁑,bn
𪁓,un
𪁔,bn
𪁕,dn
𪁖,qn
𪁘,dn
𪁚,wn
𪁛,in
𪁜,dn
𪁞,an
𪁟,rn
𪁠,dn
𪁡,xn
𪁥,un
𪁧,in
𪁩,np
𪁪,un
𪁱,gn
𪁲,pn
𪁸,nq
𪁹,nf
𪁺,xn
𪁼,bn
𪁽,wn
𪁾,cn
𪂀,nj
𪂄,rn
𪂅,mn
𪂆,un
𪂇,on
𪂈,hn
𪂉,gn
𪂋,nj
𪂌,un
𪂍,kn
𪂓,en
𪂕,yn
𪂛,cn
𪂜,mn
𪂟,dn
𪂠,gn
𪂤,rn
𪂦,bn
𪂧,pv
𪂬,hn
𪂴,no
𪂵,gn
𪂶,xn
𪂹,fn
𪂺,dn
𪂼,mn
𪂽,bn
𪂾,rn
𪃂,dn
𪃄,tn
𪃅,xn
𪃆,nt
𪃈,fn
𪃋,xn
𪃍,yn
𪃎,rn
𪃏,gn
𪃐,nu
𪃑,kn
𪃒,gn
𪃓,dn
𪃛,"wn,in"
𪃨,en
𪃭,bn
𪃶,rn
𪃺,an
𪃼,zn
𪃾,bn
𪄀,vn
𪄁,in
𪄂,an
𪄅,xn
𪄆,pn
𪄉,vn
𪄊,on
𪄌,gn
𪄎,mn
𪄏,xn
𪄑,bn
𪄕,wn
𪄖,ln
𪄗,un
𪄛,nx
𪄝,nw
𪄭,mn
𪄮,yn
𪄯,fn
𪄱,wn
𪄲,wn
𪄳,ln
𪄴,pn
𪄵,gn
𪄶,xn
𪄷,xn
𪄸,fn
𪄹,xn
𪄺,nw
𪄻,nj
𪅂,ln
𪅃,xn
𪅄,wn
𪅅,tn
𪅆,wn
𪅇,cn
𪅈,pn
𪅉,jn
𪅋,en
𪅍,dn
𪅖,fn
𪅙,un
𪅝,nn
𪅟,nl
𪅮,bn
𪅰,rn
𪅲,rn
𪅴,yn
𪅵,in
𪅸,fn
𪅹,nd
𪅺,kn
𪅻,vn
𪅼,in
𪅾,qn
𪆀,gn
𪆁,qn
𪆂,dn
𪆋,yn
𪆗,qn
𪆛,hn
𪆠,bn
𪆯,qn
𪆰,cn
𪆱,pn
𪆲,xn
𪆳,nv
𪆴,cn
𪆵,dn
𪆶,ln
𪆷,jn
𪆹,"zn,ln"
𪆻,dn
𪆿,in
𪇁,xn
𪇂,un
𪇄,un
𪇆,ni
𪇇,rn
𪇈,pn
𪇊,nu
𪇑,pn
𪇒,mn
𪇓,cn
𪇕,bn
𪇖,in
𪇗,un
𪇘,un
𪇛,gn
𪇜,cn
𪇝,rn
𪇞,un
𪇭,cn
𪇯,xn
𪇰,on
𪇱,yn
𪇲,un
𪇳,nk
𪇴,cn
𪇵,gn
𪇷,nu
𪇹,vn
𪈀,kn
𪈃,wn
𪈅,vn
𪈆,cn
𪈇,jn
𪈈,un
𪈊,an
𪈋,wn
𪈑,yn
𪈘,cn
𪈜,yn
𪈟,cn
𪈥,en
𪈨,nn
𪈩,nf
𪈰,sn
𪈴,on
𪈻,mn
𪈼,nn
𪈿,yn
𪉖,lt
𪉗,ld
𪉘,ly
𪉚,lm
𪉜,lk
𪉢,lu
𪉣,la
𪉦,lj
𪉧,lh
𪉨,lo
𪉪,ll
𪉭,ln
𪉮,lt
𪉯,lv
𪉱,lc
𪉸,lm
𪉻,ed
𪉿,lw
𪊂,lo
𪊄,lx
𪊆,la
𪊇,lm
𪊉,ly
𪊍,gs
𪊐,gf
𪊕,gb
𪊗,gu
𪊜,gb
𪊢,gu
𪊥,ga
𪊧,gt
𪊪,gk
𪊳,gd
𪊵,gg
𪊶,gz
𪊷,gz
𪊹,gl
𪊻,gb
𪋁,gu
𪋄,gy
𪋅,gv
𪋆,gb
𪋇,gf
𪋉,gy
𪋊,gg
𪋋,"gg,gk"
𪋌,gu
𪋍,vb
𪋏,go
𪋐,gd
𪋑,go
𪋖,gi
𪋗,gz
𪋜,gl
𪋝,gz
𪋡,gn
𪋢,go
𪋫,gn
𪋬,"gd,gt"
𪋮,gb
𪋰,go
𪋳,gy
𪋺,ge
𪌀,ll
𪌂,lq
𪌄,ls
𪌅,ln
𪌆,ly
𪌈,lb
𪌉,lu
𪌊,lg
𪌋,lt
𪌍,lj
𪌏,ly
𪌓,ly
𪌔,lo
𪌘,lv
𪌟,lv
𪌢,lk
𪌣,lk
𪌤,lk
𪌪,ld
𪌫,lx
𪌬,lm
𪌮,lu
𪌰,lz
𪌱,ld
𪌳,lc
𪌵,lq
𪌶,lu
𪌷,lp
𪌹,lj
𪌺,lk
𪌼,lf
𪌽,lb
𪌿,lx
𪍁,lh
𪍂,lg
𪍄,lu
𪍅,ln
𪍇,lf
𪍌,lk
𪍎,lu
𪍏,lb
𪍑,ly
𪍔,lg
𪍗,lh
𪍛,lo
𪍝,lm
𪍟,lx
𪍠,uw
𪍡,lc
𪍣,ln
𪍤,ld
𪍦,lz
𪍧,fw
𪍨,lg
𪍩,ly
𪍪,ll
𪍲,lo
𪍴,ll
𪍵,lu
𪍶,lk
𪍸,lu
𪍹,li
𪍺,ly
𪍻,kw
𪍿,lb
𪎃,cw
𪎆,lf
𪎇,yw
𪎊,fu
𪎒,gf
𪎔,gg
𪎗,go
𪎛,gv
𪎝,gb
𪎞,gy
𪎣,gv
𪎤,"dv,dm"
𪎦,gm
𪎨,"rv,rm"
𪎫,gr
𪎭,gu
𪎲,ym
𪎴,"cv,nv"
𪎵,"cj,nj"
𪎶,"ct,nt"
𪎺,"ci,ni"
𪎻,"ca,na"
𪎽,"ce,ne"
𪎾,"ck,nk"
𪏀,"ct,nt"
𪏁,"cx,nx"
𪏂,"ch,nh"
𪏅,"cg,ng"
𪏆,wb
𪏇,"ca,na"
𪏈,"co,no"
𪏉,"cr,nr"
𪏊,"cg,ng"
𪏋,"ch,nh"
𪏍,ob
𪏏,"cd,nd"
𪏐,"cj,nj"
𪏒,pb
𪏓,bb
𪏔,"cb,nb"
𪏖,"ce,ne"
𪏗,"cc,nc"
𪏙,uy
𪏚,"cb,nb"
𪏟,"cd,nd"
𪏠,"cu,nu"
𪏢,"cn,nn"
𪏤,"cx,nx"
𪏦,"cu,nu"
𪏨,"ca,na"
𪏩,"ch,nh"
𪏪,"cb,nb"
𪏫,"cx,nx"
𪏮,hn
𪏲,hi
𪏳,hh
𪏴,hj
𪏵,hw
𪏶,hs
𪏸,hb
𪏺,hb
𪏻,hk
𪏼,hn
𪏿,hv
𪐀,hx
𪐂,hv
𪐃,hl
𪐄,hu
𪐅,hu
𪐆,hd
𪐇,hx
𪐈,hv
𪐋,hn
𪐌,hk
𪐍,hz
𪐎,"hv,hm"
𪐏,hk
𪐓,hu
𪐔,hz
𪐖,hs
𪐘,hv
𪐝,hd
𪐞,hq
𪐣,hz
𪐥,ht
𪐦,hj
𪐧,hl
𪐬,he
𪐮,hy
𪐯,hs
𪐰,wh
𪐲,hp
𪐺,hh
𪐻,hc
𪐿,hl
𪑀,hh
𪑂,hm
𪑃,ha
𪑄,hn
𪑆,hu
𪑈,he
𪑉,hy
𪑊,ho
𪑋,hc
𪑌,hk
𪑏,hh
𪑐,uh
𪑒,hz
𪑕,ho
𪑖,hc
𪑗,hn
𪑙,hj
𪑚,hl
𪑜,hk
𪑝,ha
𪑟,ah
𪑦,hv
𪑧,hm
𪑨,hx
𪑩,hb
𪑪,bh
𪑬,hd
𪑭,ht
𪑮,hg
𪑯,hy
𪑰,hk
𪑱,ht
𪑳,hb
𪑶,hm
𪑷,hj
𪑸,hb
𪑹,hl
𪑻,hu
𪑽,hm
𪑾,hc
𪑿,hy
𪒀,vh
𪒂,ho
𪒄,hb
𪒆,hh
𪒇,ha
𪒊,hy
𪒋,hy
𪒍,bh
𪒏,hb
𪒑,hb
𪒒,hl
𪒔,hd
𪒕,th
𪒘,ha
𪒙,hy
𪒛,hu
𪒜,hx
𪒝,hs
𪒟,ho
𪒠,hw
𪒡,hz
𪒢,hn
𪒥,hv
𪒩,hp
𪒪,hy
𪒫,hr
𪒬,hn
𪒭,hd
𪒯,hk
𪒲,hn
𪒴,ht
𪒹,hk
𪒼,hx
𪒾,hd
𪒿,hm
𪓀,hv
𪓃,hy
𪓄,hd
𪓅,hi
𪓊,hp
𪓌,yu
𪓍,md
𪓐,yq
𪓘,le
𪓚,re
𪓛,ye
𪓜,ve
𪓡,de
𪓬,je
𪓮,oe
𪓰,be
𪓷,pe
𪓹,ge
𪓻,de
𪓼,we
𪓿,ae
𪔃,kv
𪔅,kv
𪔆,og
𪔋,ut
𪔍,uf
𪔏,uj
𪔑,uu
𪔔,ul
𪔕,uf
𪔗,ud
𪔘,uq
𪔟,uu
𪔣,ug
𪔦,uk
𪔩,uk
𪔪,ue
𪔬,"un,um"
𪔰,uy
𪔳,ey
𪔶,ua
𪔷,us
𪔺,jr
𪔽,jv
𪔾,jk
𪔿,jy
𪕀,je
𪕁,jj
𪕂,jy
𪕃,jf
𪕇,jj
𪕈,jo
𪕉,jh
𪕊,vv
𪕋,je
𪕌,js
𪕍,jk
𪕎,jj
𪕒,jk
𪕓,jw
𪕔,je
𪕝,jr
𪕞,jw
𪕦,jy
𪕨,je
𪕩,jw
𪕫,jw
𪕭,jv
𪕯,jb
𪕱,jo
𪕳,jx
𪕴,ji
𪕶,jm
𪕷,uv
𪕹,jk
𪖀,jf
𪖁,jr
𪖂,jd
𪖄,jw
𪖇,jt
𪖈,jn
𪖉,jj
𪖋,jf
𪖌,jm
𪖍,jv
𪖎,jj
𪖐,zv
𪖕,yl
𪖚,zk
𪖛,zq
𪖜,zt
𪖢,zt
𪖥,zj
𪖦,zp
𪖩,zx
𪖯,zc
𪖲,zy
𪖳,zn
𪖴,zm
𪖶,zu
𪖷,zp
𪖼,zo
𪗁,zv
𪗂,zd
𪗅,wy
𪗆,ga
𪗉,wh
𪗋,wy
𪗍,wn
𪗏,wa
𪗐,wo
𪗒,ww
𪗓,ww
𪗔,vb
𪗖,rk
𪗙,vg
𪗜,vj
𪗝,vn
𪗤,vd
𪗦,vk
𪗧,vu
𪗨,vi
𪗭,nk
𪗴,"vj,ve"
𪗵,vy
𪗷,vo
𪗸,vk
𪗹,vt
𪗻,vt
𪗽,vk
𪗾,vk
𪘀,vk
𪘁,vk
𪘃,vo
𪘆,vm
𪘇,vk
𪘉,vm
𪘊,vk
𪘎,vk
𪘏,zk
𪘐,vw
𪘑,vw
𪘒,vk
𪘓,rk
𪘕,rk
𪘗,rk
𪘘,jk
𪘛,vv
𪘝,vn
𪘥,pk
𪘦,ik
𪘧,vu
𪘨,vl
𪘩,vh
𪘪,vg
𪘬,vt
𪘲,vq
𪘳,vi
𪘹,vv
𪘺,vk
𪘾,vj
𪙃,vk
𪙈,qk
𪙊,vn
𪙌,uk
𪙍,vc
𪙎,vk
𪙏,vk
𪙛,vk
𪙞,vu
𪙟,va
𪙡,vo
𪙤,lk
𪙥,vd
𪙦,vy
𪙧,vd
𪙨,vo
𪙫,vy
𪙭,vo
𪙯,wk
𪙳,vq
𪙴,vw
𪙹,vk
𪙺,vy
𪙽,vv
𪚁,ek
𪚃,vd
𪚅,vc
𪚇,vb
𪚎,wk
𪚑,lj
𪚓,qs
𪚘,ds
𪚝,ts
𪚠,lr
𪚢,ll
𪚥,ls
𪚪,xx
𪚬,"pv,dv"
𪚮,lx
𪚯,hx
𪚰,"ph,dh"
𪚷,vx
𪚹,vx
𪚺,dq
𪚻,yx
𪛀,"wb,wx"
𪛂,ex
𪛃,dk
𪛈,yx
𪛊,rj
𪛎,dc
𪛒,vy
𪟝,fl
𪣝,tq
𪣻,tn
𪤗,tp
𪨗,ul
𪨰,eq
𪨶,ei
𪩖,ez
𪩘,eq
𪮟,fx
𪯀,fm
𪱛,yo
𪾢,oe
𫃑,ml
𫄥,sl
𫄧,sz
𫄨,sj
𫄫,sq
𫄷,sx
𫄸,sh
𫇭,cw
𫊣,ha
𫌀,pr
𫍣,yk
𫍯,yk
𫍲,yy
𫍽,yy
𫏁,za
𫏗,zy
𫐄,iw
𫐐,ie
𫐓,im
𫑛,ge
𫑡,ke
𫑪,ye
𫒢,jg
𫓧,jf
𫓩,jr
𫓯,jt
𫓶,jo
𫓹,jb
𫔇,jb
𫔍,jt
𫔎,jk
𫔘,ml
𫔶,mm
𫔻,ew
𫖃,mr
𫖒,wu
𫖔,wy
𫖮,er
𫖯,er
𫖳,yr
𫗠,ui
𫗦,uf
𫗧,uu
𫗩,ux
𫗮,uw
𫗰,uz
𫗴,ua
𫘜,mw
𫘝,mg
𫘤,mu
𫘦,mf
𫘧,mu
𫘨,mr
𫘪,mx
𫘬,md
𫚈,ay
𫚉,ag
𫚒,af
𫚔,ak
𫚕,aj
𫚖,va
𫚥,ay
𫚭,av
𫛣,nb
𫛭,qn
𫛳,on
𫛶,un
𫛸,on
𫜤,zq
𫜨,vb
𫜬,vo
𫜸,kb
𫞩,wl
𫟅,sx
𫟦,iz
𫟷,jl
𫟹,jb
𫟼,jz
𫠆,ur
𫠊,my
𫠜,ve
𫠭,bb
𫢈,rd
𫢸,rl
𫩙,lv
𫫇,kx
𫭟,tx
𫭢,tb
𫭪,tw
𫭼,tl
𫮃,tl
𫯦,du
𫰛,ng
𫵷,el
𫶇,ej
𫷷,gr
𫸩,gx
𫹱,vx
𫾈,fg
𫾍,fv
𬀩,ow
𬀪,oe
𬂩,mj
𬃊,mr
𬆔,dm
𬆬,vy
𬇕,dw
𬇙,dr
𬇹,dy
𬉼,hx
𬊈,hc
𬊤,hl
𬌗,yk
𬍛,wl
𬍡,dy
𬍤,wc
𬎨,nw
𬑋,or
𬑻,uq
𬒈,xu
𬒔,uo
𬒗,ue
𬒪,uy
𬕂,vr
𬘓,si
𬘘,sv
𬘡,sd
𬘩,sz
𬘫,se
𬘬,so
𬘭,sm
𬘯,sz
𬙂,sb
𬙊,st
𬙋,sy
𬚹,om
𬜬,ck
𬜯,cl
𬞟,cr
𬟁,cn
𬟽,id
𬢊,ve
𬣙,yy
𬣞,ya
𬣡,yj
𬣳,yg
𬤇,yt
𬤊,yr
𬤝,yx
𬦰,zb
𬨂,iu
𬨎,iy
𬩽,ee
𬪜,we
𬪩,yn
𬬩,jy
𬬫,jb
𬬭,jb
𬬮,ji
𬬱,jj
𬬲,jv
𬬸,ju
𬬹,ju
𬬺,jq
𬬻,ju
𬬿,jk
𬭁,jm
𬭊,jt
𬭎,js
𬭚,jz
𬭛,jy
𬭣,ju
𬭤,ju
𬭩,jx
𬭬,je
𬭯,jw
𬭲,jg
𬭳,jk
𬭶,jh
𬭸,jl
𬭼,jz
𬮐,mn
𬮱,mt
𬮿,ej
𬯀,el
𬯎,er
𬰎,yv
𬱖,yr
𬱟,dr
𬱦,qr
𬳵,mp
𬳶,mk
𬳽,me
𬳿,mh
𬴂,mf
𬴃,mu
𬴊,ml
𬶋,ak
𬶍,ab
𬶏,av
𬶐,ad
𬶟,ad
𬶠,aj
𬶧,am
𬶨,ga
𬶭,ax
𬶮,ak
𬷕,fn
𬸘,kn
𬸚,qn
𬸣,bn
𬸦,fn
𬸪,pn
𬹵,vm
𬹼,vl
𬺈,vk
𬺓,vr
𭻐,tm
𮁳,pm
𮂮,py
𮃄,hm
𮉡,su
𮐓,vr
𮐨,cn
𮟮,we
𮣲,jg
𮣳,js
𮣴,jz
𮣵,jy
𮣶,jx
𮣷,ju
𮤲,mb
𮥍,eb
𮥝,ey
𮧴,wi
𮧵,wu
𮩛,uu
𮩝,uv
𮩞,ua
𮩮,hz
𮪥,mw
𮫂,ad
𮫄,am
𮬜,ao
𮬝,ax
𮬞,la
𮬟,aa
𮬠,au
𮬡,ag
𮬢,ax
𮬣,ai
𮬤,ak
𮭕,un
𮭥,cn
𮭦,en
𮭨,on
𮭪,dn
𮭰,lj
𮮇,fn
𮯙,vk
𰀃,ak
𰀆,aa
𰀇,av
𰀋,"al,ql"
𰀎,uu
𰀓,aj
𰀔,at
𰀕,bb
𰀖,aa
𰀗,uu
𰀛,at
𰀝,qq
𰀥,kl
𰀦,kk
𰀧,vk
𰀬,nr
𰀭,ql
𰀰,vv
𰀱,vv
𰀳,vy
𰀷,ev
𰀸,yy
𰀻,dv
𰁃,qv
𰁌,vl
𰁑,pv
𰁗,ei
𰁙,er
𰁤,er
𰁵,rz
𰁺,rx
𰂀,rk
𰂈,rn
𰂖,rx
𰂽,rl
𰂿,lz
𰃈,rn
𰃗,ro
𰃘,rd
𰃧,kr
𰃫,bk
𰃭,kr
𰄔,ii
𰅜,wa
𰅬,ky
𰅯,vu
𰆂,ug
𰆃,ld
𰆅,lk
𰆆,ll
𰆈,lt
𰆟,io
𰆢,iy
𰆤,iy
𰆦,id
𰆧,ik
𰆬,ix
𰆷,yd
𰇅,yj
𰇾,vk
𰋠,ft
𰋣,uu
𰍟,bk
𰎊,qe
𰏦,pp
𰐍,jy
𰐎,yg
𰐏,yy
𰐐,yk
𰐑,yb
𰐒,yo
𰐝,ff
𰑇,by
𰑎,rx
𰑗,bu
𰕞,jb
𰖆,lo
𰖰,oy
𰗁,qq
𰘚,ml
𰙛,vd
𰙥,vy
𰚹,ym
𰚼,qs
𰛄,uv
𰛅,un
𰝔,dk
𰞆,lr
𰢑,wo
𰢯,uj
𰢻,yw
𰤙,fb
𰥫,oy
𰦀,oo
𰦌,ub
𰧖,uy
𰯻,qz
𰻠,se
𰻥,re
𰻩,eb
𰻴,we
𰻶,ee
𰼁,wb
𱀎,ew
𱀐,es
𱀛,ek
𱀢,ee
𱀦,ev
𱂨,br
𱂱,xr
𱃓,ji
𱃺,uk
𱄩,mx
𱄲,mx
𱄵,my
𱄷,mx
𱄹,mu
𱅈,mb
𱅋,me
𱅴,wd
𱅵,wj
𱅹,wu
𱅽,ck
𱆐,gl
𱆔,gl
𱆻,ad
𱇁,al
𱇣,ad
𱉵,ln
𱊃,hn
𱊈,jn
𱊹,lo
𱊻,la
𱌑,zb
𱌞,vy
𱌤,vz
𱞌,xg
𱟓,xx
𱠏,fw
𱤑,lz
𲄉,zb
𲇊,jx
𲐫,rx
𲶋,vc
𲼢,cd
𤆊,hb
𰐉,bc
⽧,gd
⼙,vl
⺞,lx
䒙,cu
䒙,cu
𥄨,oi
𰅹,uy
茐,cs
𰐔,ga
𰐔,ga
𰸁,zd
𰨛,hd
辺,zd
𡱒,ub
𰦓,ub
𧿬,"zt,zv"
弍,ye
𫲷,bf
𰭃,fy
𪧷,xc
𰽟,jj
𰽤,jg
𤘯,nr
㳕,ds
𰵟,ys
𰑐,xs
𰬊,ss
𰦫,uy
玏,wl
𰅊,ol
𰅊,ol
𠮩,kl
𠆨,rl
𰝶,hl
𰝶,hl
𰜈,dt
𰜈,dt
𰜈,dt
𭜌,xw
𫷀,jm
𭳿,hv
𫯜,dj
𰼃,yu
𰀂,aa
𫩏,kl
𰵋,yq
𰅉,jl
𰁡,rr
𡧳,bx
𰹰,ir
𰋜,dx
𰪩,mg
𰋛,di
𱅑,jm
𣳾,ju
𮂹,hw
𰥌,ox
𰽙,ju
𬂭,mk
𰆻,yt
伩,rw
㣊,wp
㝉,ba
㝉,ba
𰆳,yb
⼹,va
𰛑,da
𭀦,xy
𰐺,vx
肊,ov
𰭝,xa
𮊾,xb
迊,zj
𢒈,jp
𰆖,ie
𰫾,se
𰷣 ,fr
𰌻,bt
𰹹,id
𰋞,dv
𰰡,ca
𰰡,ca
𰰡,ca
𢍂,zc
𰯶,zg
𰌵,bi
𰌵,bi
𰌵,bi
𰓣,fi
𫹯,gx
𰓭,fx
𰑞,xx
丠,la
𱅌,ma
𰋙,kd
𰁬,rd
𰑌,xd
𰠱,nd
畄,xt
𰗶,mt
𰣲,bt
𠃜,"vp,ul"
𰋻,np
𰲽,ia
𫩑,ak
𰬄,sk
𰀉,al
𰀉,al
𰓌,fl
𰀈,as
𰁓,al
𰍎,ar
𰵕,ys
𰡂,qs
𰑊,xs
𰛓,ds
𰕺,os
𰥕,os
𰩢,ls
𰪱,ms
𰰫,cs
𰗑,ym
𰓨,fm
𰇢,km
𰍱,uv
𰍱,uv
𰇰,kv
𰥩,ov
坣,xt
坣,xt
𰳇,it
𠃓,vp
𰄝,vd
𰐿,xp
𰷟,kp
𰸄,zp
𰋷,xn
𰬕,sn
𰍰,ua
𰍰,ua
𰦪,ua
𰅴,ua
𱂪,ur
𰉰,td
𰑝,xd
𰛬,dd
𰾂,jd
𰅰,ua
𰁲,ra
𰗝,ma
𰙽,da
𰙽,da
𰭋,sa
卆,ju
卆,ju
忰,xu
𠯥,ku
𠯥,ku
砕,uu
粋,mu
酔,yu
翆,xu
疩,bu
𰃝,bd
𰓢,fd
𰜈,dt
𥘽,pb
𨑳,zr
㝑,bf
㝑,bf
㝑,bf
𨱄,ji
㑁,ri
㑁,ri
𫊥,it
𧉓,mi
𪯈,fw
㲹,dj
𬓠,hj
𬓠,hj
𬽥,rx
𬽥,rx
𫈉,co
𰽢,je
𰰬,ch
𲾙,ik
𦮴,cn
𰰟,cv
𰰤,cx
𫓱,jl
𰒼,fs
𰒼,fs
𢩳,fe
𬜨,cx
𢙝,xe
𰁼,rk
𰓊,fb
𪣈,tk
𫍚,yy
𫰆,nv
𣎷,mv
𣎷,mv
𤴥,bv
𳐊,gn
𳈛,ey
𰹷,ie
𫹵,ex
𭴈,hs
𭴈,hs
𢬂,ft
𬁟,oc
𬁟,oc
𬁟,oc
𬺤,ws
𫶬,gr
𫶬,gr
𭷔,dn
𭷔,dn
𭷔,dn
𪫆,de
㐫,wk
𫧇,bb
𫧇,bb
𰀅,wa
𰀅,wa
𮲓,yw
𮲓,yw
𮲓,yw
𬺨,da
𭻾,pr
𭻾,pr
𧉾,fi
𭙕,gu
𭙕,gu
㬰,un
𰠨,un
𠔾,pa
𲓜,uk
𲓜,uk
𫠣,ad
𦫸,cr
𦫸,cr
𲏆,vp
𲼗,cx
仦,rx
𫤭,pb
𣲪,dv
𫍝,yd
𲥲,md
𫇲,ct
𨒂,zv
䃼,pb
𥘉,pd
𥘑,pc
𥘎,pp
祅,py
𥘯,pm
𥘵,pa
䄂,py
𫀆,ps
𬒳,py
𬒽,pk
𬒾,py
䢁,io
䢁,io
𢩪,fl
𢩪,fl
𱺑,sl
𣎶,ma
𥙊,vx
𥙊,vx
𣵚,dx
𮮑,hx
𰾮,jn
𨥖,jy
㸓,po
晩,oe
仮,ry
仮,ry
亀,dv
亀,dv
亀,dv
繋,ix
繋,ix
攅,fb
攅,fb
𰗣,wm
庅,"gm,gs"
庅,"gm,gs"
𬮤,mh
𲊦,wj
𫔭,mk
𬺞,dd
𬺞,dd
𬺞,dd
𫃵,yn
𧺉,ty
𬎿,bt
𳁖,le
𮳣,hs
𬌩,qd
𬥎,yb
𬮦,mt
𢝝,ox
𪠽,ke
𬮢,mb
㐧,dp
𠮚,kd
𫟉,es
𫞂,oy
犾,qq
囪,pd
㘯,tl
㘯,tl
𤞏,qx
𭭚,vd
𡚩,yn
䋄,yx
𥿗,yb
𮗸,wj
𲁤,wy
𮗻,wj
𦬡,cu
𫄤,sz
𱘭,dx
𲚽,do
𱽚,cl
𫖸,ir
𱇢,ay
𱥸,db
𨚟,we
𨱄,ji
𬙆,st
𫈉,co
𰽢,je
𫍚,yy
𣄳,wl
𬮤,mk
𭕇,tx
𠕹,bt
𰬩,ss
𱜇,er
𬮴,mo
𬴁,mg
𬸅,dn
𱉱,bn
𨂻,zo
𰸒,zo
㴞,do
𣵥,do
𩏍,vo
𮘦,wo
𮩁,ro
𨺻,eo
𰨬,ho
𭠍,ap
𱃗,jk
𬮳,mk
𬲹,uw
𥅅,oj
𮷗,it
𬬪,jk
𬲼,ud
𫊻,ic
𱍂,ll
𮹝,ll
𫄳,sr
𫄬,sm
𫄬,sm
𪾔,pm
𲁗,le
𲁗,le
𰽨,jb
𲰼,ty
𲎿,xy
𖿳,je
𖿲,pv
𠚤,dd
𠚤,dd
𠚤,dd
の,vv
の,vv
の,vv
𱚃,bx
𠯸,kd
𭳿,hv
𭳿,hv
𰮤,oj
𣶒,pl
𡽹,eb
匁,pn
𢗼,xh
𠯮,ka
𭟰,gv
⺗,ld
朩,ud
𡇫,kh
𥫗,pd
𧟟,ly
𠃧,ff
𮢿,jo
𮢿,jo
𮢿,jo
